utc,lat,lon,sog_kn,cog_deg,quality,sats,hdop
2024-03-24T10:56:25Z,26.554573,-77.083135,0.33,227.0,0,0,99.0
2024-03-24T10:56:30Z,26.554560,-77.083125,0.29,117.4,1,4,2.2
2024-03-24T10:56:40Z,26.554587,-77.083170,0.31,126.6,1,4,2.2
2024-03-24T10:56:45Z,26.554568,-77.083158,0.47,212.3,1,4,2.2
2024-03-24T10:56:50Z,26.554553,-77.083083,0.30,128.6,1,4,2.2
2024-03-24T10:56:55Z,26.554542,-77.083077,0.49,212.5,1,4,2.2
2024-03-24T10:57:05Z,26.554535,-77.083063,0.24,77.0,1,4,2.2
2024-03-24T10:57:10Z,26.554530,-77.083040,0.12,101.2,1,4,2.2
2024-03-24T10:57:15Z,26.554532,-77.083052,0.34,219.4,1,4,2.2
2024-03-24T10:57:20Z,26.554522,-77.083072,0.49,203.2,1,4,2.2
2024-03-24T10:57:25Z,26.554510,-77.083063,0.71,226.9,1,4,2.2
2024-03-24T10:57:30Z,26.554498,-77.083067,0.25,162.4,1,4,2.2
2024-03-24T10:57:35Z,26.554485,-77.083057,0.20,150.0,1,4,2.2
2024-03-24T10:57:40Z,26.554483,-77.083073,0.25,142.6,1,4,2.2
2024-03-24T10:57:45Z,26.554475,-77.083075,0.23,146.4,1,4,2.2
2024-03-24T10:57:50Z,26.554472,-77.083057,0.28,335.2,1,4,2.2
2024-03-24T10:57:55Z,26.554472,-77.083053,0.13,103.7,1,4,2.2
2024-03-24T10:58:00Z,26.554470,-77.083053,0.25,138.6,1,4,2.2
2024-03-24T10:58:05Z,26.554463,-77.083068,0.18,82.5,1,4,2.2
2024-03-24T10:58:10Z,26.554470,-77.083080,0.43,187.6,1,4,2.2
2024-03-24T10:58:15Z,26.554463,-77.083063,0.31,178.2,1,4,2.2
2024-03-24T10:58:20Z,26.554473,-77.083062,0.27,94.9,1,4,2.2
2024-03-24T10:58:25Z,26.554478,-77.083060,0.32,91.3,1,4,2.2
2024-03-24T10:58:30Z,26.554487,-77.083060,0.14,181.8,1,4,2.2
2024-03-24T10:58:35Z,26.554490,-77.083065,0.15,144.4,1,4,2.2
2024-03-24T10:58:40Z,26.554493,-77.083067,0.17,172.0,1,4,2.2
2024-03-24T10:58:45Z,26.554497,-77.083073,0.24,154.4,1,4,2.2
2024-03-24T10:58:50Z,26.554495,-77.083075,0.30,176.0,1,4,2.2
2024-03-24T10:58:55Z,26.554498,-77.083083,0.19,189.9,1,4,2.2
2024-03-24T10:59:00Z,26.554498,-77.083090,0.38,186.4,1,4,2.2
2024-03-24T10:59:10Z,26.554505,-77.083088,0.59,86.7,1,4,2.2
2024-03-24T10:59:15Z,26.554502,-77.083070,0.25,253.0,1,4,2.2
2024-03-24T10:59:20Z,26.554500,-77.083083,0.57,202.9,1,4,2.2
2024-03-24T10:59:25Z,26.554507,-77.083067,0.19,194.1,1,4,2.2
2024-03-24T10:59:30Z,26.554492,-77.083097,0.24,132.3,1,4,2.2
2024-03-24T10:59:35Z,26.554482,-77.083128,1.23,246.6,1,4,2.2
2024-03-24T10:59:40Z,26.554482,-77.083110,1.22,101.1,1,4,2.2
2024-03-24T10:59:45Z,26.554487,-77.083112,0.32,123.0,1,4,2.2
2024-03-24T10:59:50Z,26.554493,-77.083108,0.11,167.7,1,4,2.2
2024-03-24T11:00:00Z,26.554508,-77.083130,0.04,75.2,1,4,2.2
2024-03-24T11:00:05Z,26.554503,-77.083150,0.44,239.2,1,4,2.2
2024-03-24T11:00:10Z,26.554503,-77.083145,0.32,162.2,1,4,2.2
2024-03-24T11:00:15Z,26.554507,-77.083147,0.14,22.4,1,4,2.2
2024-03-24T11:00:25Z,26.554540,-77.083125,0.82,135.5,1,4,2.2
2024-03-24T11:00:30Z,26.554545,-77.083107,0.79,51.5,1,4,2.2
2024-03-24T11:00:35Z,26.554545,-77.083097,0.47,123.2,1,4,2.2
2024-03-24T11:00:40Z,26.554558,-77.083108,1.03,24.1,1,4,2.2
2024-03-24T11:00:45Z,26.554553,-77.083143,0.45,266.5,1,4,2.2
2024-03-24T11:00:50Z,26.554527,-77.083153,0.37,137.4,1,4,2.2
2024-03-24T11:00:55Z,26.554533,-77.083163,0.37,158.4,1,4,2.2
2024-03-24T11:01:00Z,26.554530,-77.083170,0.24,194.7,1,4,2.2
2024-03-24T11:01:05Z,26.554525,-77.083193,0.31,159.9,1,4,2.2
2024-03-24T11:01:10Z,26.554525,-77.083190,0.39,173.9,1,4,2.2
2024-03-24T11:01:15Z,26.554532,-77.083177,0.41,125.4,1,4,2.2
2024-03-24T11:01:20Z,26.554527,-77.083178,0.30,163.3,1,4,2.2
2024-03-24T11:01:25Z,26.554532,-77.083188,0.27,117.6,1,4,2.2
2024-03-24T11:01:30Z,26.554542,-77.083187,0.31,110.7,1,4,2.2
2024-03-24T11:01:35Z,26.554543,-77.083198,0.16,99.0,1,4,2.2
2024-03-24T11:01:40Z,26.554542,-77.083207,0.36,289.9,1,4,2.2
2024-03-24T11:01:45Z,26.554533,-77.083200,0.27,140.2,1,4,2.2
2024-03-24T11:01:50Z,26.554530,-77.083197,0.39,133.9,1,4,2.2
2024-03-24T11:01:55Z,26.554530,-77.083187,0.34,131.3,1,4,2.2
2024-03-24T11:02:00Z,26.554522,-77.083187,0.53,122.3,1,4,2.2
2024-03-24T11:02:05Z,26.554522,-77.083182,0.33,116.0,1,4,2.2
2024-03-24T11:02:10Z,26.554513,-77.083243,1.37,248.8,1,4,2.2
2024-03-24T11:02:15Z,26.554525,-77.083243,0.38,94.0,1,4,2.2
2024-03-24T11:02:20Z,26.554537,-77.083227,0.33,74.3,1,4,2.2
2024-03-24T11:02:25Z,26.554558,-77.083187,0.73,77.6,1,4,2.2
2024-03-24T11:02:30Z,26.554567,-77.083173,0.40,204.5,1,4,2.2
2024-03-24T11:02:35Z,26.554572,-77.083210,0.30,330.3,1,4,2.2
2024-03-24T11:02:40Z,26.554583,-77.083238,0.30,63.8,1,4,2.2
2024-03-24T11:02:45Z,26.554565,-77.083245,0.11,260.2,1,4,2.2
2024-03-24T11:02:50Z,26.554573,-77.083225,0.19,173.0,1,4,2.2
2024-03-24T11:02:55Z,26.554560,-77.083207,0.23,185.2,1,4,2.2
2024-03-24T11:03:00Z,26.554562,-77.083183,0.50,75.5,1,4,2.2
2024-03-24T11:03:05Z,26.554570,-77.083145,0.70,80.1,1,4,2.2
2024-03-24T11:03:10Z,26.554570,-77.083155,0.13,287.1,1,3,2.7
2024-03-24T11:03:15Z,26.554605,-77.083170,0.54,45.5,1,4,2.2
2024-03-24T11:03:20Z,26.554577,-77.083173,0.74,193.9,1,4,2.2
2024-03-24T11:03:25Z,26.554532,-77.083177,1.54,152.1,1,4,2.2
2024-03-24T11:03:30Z,26.554513,-77.083155,0.28,146.0,1,4,2.2
2024-03-24T11:03:35Z,26.554527,-77.083148,0.02,62.1,1,4,2.2
2024-03-24T11:03:45Z,26.554533,-77.083138,0.42,84.8,1,4,2.2
2024-03-24T11:03:50Z,26.554530,-77.083153,0.07,179.3,1,4,2.2
2024-03-24T11:03:55Z,26.554530,-77.083148,0.22,149.2,1,4,2.2
2024-03-24T11:04:00Z,26.554527,-77.083152,0.37,202.8,1,4,2.2
2024-03-24T11:04:10Z,26.554532,-77.083165,0.31,151.1,1,4,2.2
2024-03-24T11:04:15Z,26.554535,-77.083178,0.42,191.9,1,4,2.2
2024-03-24T11:04:20Z,26.554537,-77.083197,0.36,198.1,1,4,2.2
2024-03-24T11:04:25Z,26.554542,-77.083130,1.94,80.6,1,4,2.2
2024-03-24T11:04:30Z,26.554533,-77.083163,0.59,206.0,1,4,2.2
2024-03-24T11:04:35Z,26.554523,-77.083178,1.10,222.3,1,4,2.2
2024-03-24T11:04:40Z,26.554522,-77.083195,0.61,136.7,1,4,2.2
2024-03-24T11:04:45Z,26.554518,-77.083185,0.54,158.5,1,4,2.2
2024-03-24T11:04:50Z,26.554517,-77.083195,0.50,110.1,1,4,2.2
2024-03-24T11:04:55Z,26.554522,-77.083222,0.33,117.8,1,4,2.2
2024-03-24T11:05:05Z,26.554533,-77.083160,0.14,177.5,1,4,2.2
2024-03-24T11:05:10Z,26.554527,-77.083203,0.35,260.4,1,4,2.2
2024-03-24T11:05:15Z,26.554525,-77.083235,0.13,176.2,1,4,2.2
2024-03-24T11:05:20Z,26.554530,-77.083225,0.28,114.5,1,4,2.2
2024-03-24T11:05:30Z,26.554492,-77.083255,0.69,192.4,2,4,2.2
2024-03-24T11:05:35Z,26.554490,-77.083222,0.38,82.3,2,4,2.2
2024-03-24T11:05:40Z,26.554470,-77.083220,0.50,156.2,2,4,2.2
2024-03-24T11:05:45Z,26.554470,-77.083237,0.26,357.4,1,4,2.2
2024-03-24T11:05:55Z,26.554462,-77.083262,0.19,159.8,1,4,2.2
2024-03-24T11:06:00Z,26.554472,-77.083238,0.32,69.4,1,4,2.2
2024-03-24T11:06:05Z,26.554485,-77.083235,0.36,161.7,1,4,2.2
2024-03-24T11:06:10Z,26.554495,-77.083200,1.08,43.0,1,4,2.2
2024-03-24T11:06:15Z,26.554497,-77.083198,0.27,99.8,1,4,2.2
2024-03-24T11:06:20Z,26.554488,-77.083192,0.48,110.7,1,4,2.2
2024-03-24T11:06:25Z,26.554472,-77.083178,0.76,128.4,2,4,2.2
2024-03-24T11:06:30Z,26.554478,-77.083167,0.08,126.4,2,4,2.2
2024-03-24T11:06:35Z,26.554465,-77.083163,0.75,118.5,2,4,2.2
2024-03-24T11:06:40Z,26.554470,-77.083158,0.84,106.8,1,4,2.2
2024-03-24T11:06:50Z,26.554503,-77.083197,0.60,168.8,1,4,2.2
2024-03-24T11:06:55Z,26.554490,-77.083247,0.38,15.4,1,4,2.2
2024-03-24T11:07:00Z,26.554482,-77.083225,0.17,126.0,1,4,2.2
2024-03-24T11:07:05Z,26.554490,-77.083230,0.16,109.1,1,4,2.2
2024-03-24T11:07:10Z,26.554502,-77.083180,0.64,87.5,2,4,2.2
2024-03-24T11:07:20Z,26.554485,-77.083228,0.43,224.7,2,4,2.2
2024-03-24T11:07:25Z,26.554473,-77.083215,0.30,198.6,2,4,2.2
2024-03-24T11:07:30Z,26.554473,-77.083230,0.32,222.8,2,4,2.2
2024-03-24T11:07:35Z,26.554475,-77.083228,0.23,183.4,2,4,2.2
2024-03-24T11:07:45Z,26.554472,-77.083187,0.25,190.1,2,4,2.2
2024-03-24T11:07:50Z,26.554473,-77.083195,0.19,166.5,2,4,2.2
2024-03-24T11:07:55Z,26.554473,-77.083233,0.38,220.9,2,4,2.2
2024-03-24T11:08:00Z,26.554483,-77.083208,1.06,76.9,2,4,2.2
2024-03-24T11:08:05Z,26.554482,-77.083218,0.31,241.1,2,4,2.2
2024-03-24T11:08:15Z,26.554492,-77.083173,0.32,244.7,2,4,2.2
2024-03-24T11:08:20Z,26.554492,-77.083188,0.44,137.0,2,4,2.2
2024-03-24T11:08:25Z,26.554490,-77.083157,0.24,264.1,1,4,2.2
2024-03-24T11:08:30Z,26.554505,-77.083197,0.92,269.0,1,4,2.2
2024-03-24T11:08:40Z,26.554503,-77.083165,0.42,91.1,1,4,2.2
2024-03-24T11:08:45Z,26.554497,-77.083163,0.35,230.3,1,4,2.2
2024-03-24T11:08:50Z,26.554487,-77.083182,0.93,250.6,1,4,2.2
2024-03-24T11:08:55Z,26.554477,-77.083200,0.50,228.1,2,4,2.2
2024-03-24T11:09:00Z,26.554473,-77.083198,0.26,201.6,2,4,2.2
2024-03-24T11:09:10Z,26.554467,-77.083193,0.90,82.6,2,4,2.2
2024-03-24T11:09:15Z,26.554457,-77.083230,0.41,226.2,1,4,2.2
2024-03-24T11:09:20Z,26.554462,-77.083232,0.30,185.7,1,3,3.1
2024-03-24T11:09:25Z,26.554452,-77.083198,1.08,236.1,1,4,2.2
2024-03-24T11:09:35Z,26.554450,-77.083133,0.39,113.1,1,4,2.2
2024-03-24T11:09:40Z,26.554447,-77.083130,0.49,225.3,1,4,2.2
2024-03-24T11:09:45Z,26.554440,-77.083137,0.70,90.4,1,4,2.2
2024-03-24T11:09:50Z,26.554428,-77.083095,0.62,123.6,1,4,2.2
2024-03-24T11:10:00Z,26.554402,-77.083087,0.97,91.7,2,4,2.2
2024-03-24T11:10:05Z,26.554378,-77.083143,0.57,93.3,2,4,2.2
2024-03-24T11:10:10Z,26.554393,-77.083145,0.95,83.5,2,4,2.2
2024-03-24T11:10:15Z,26.554402,-77.083143,0.16,68.9,1,4,2.2
2024-03-24T11:10:25Z,26.554407,-77.083117,0.36,187.8,1,4,2.2
2024-03-24T11:10:30Z,26.554425,-77.083158,0.46,304.6,2,4,2.2
2024-03-24T11:10:35Z,26.554430,-77.083155,0.59,113.3,2,4,2.2
2024-03-24T11:10:40Z,26.554432,-77.083158,0.23,136.2,2,4,2.2
2024-03-24T11:10:45Z,26.554422,-77.083122,0.69,118.2,2,4,2.2
2024-03-24T11:10:55Z,26.554378,-77.083072,1.77,105.9,2,4,2.3
2024-03-24T11:11:00Z,26.554360,-77.083047,0.27,166.8,2,4,2.3
2024-03-24T11:11:05Z,26.554372,-77.083057,0.22,70.1,2,4,2.3
2024-03-24T11:11:10Z,26.554375,-77.083040,0.71,85.5,2,4,2.3
2024-03-24T11:11:20Z,26.554365,-77.083043,0.42,171.9,2,4,2.3
2024-03-24T11:11:25Z,26.554367,-77.083065,0.51,187.9,2,4,2.3
2024-03-24T11:11:30Z,26.554385,-77.083083,1.04,237.4,2,4,2.3
2024-03-24T11:11:35Z,26.554372,-77.083115,0.52,84.9,1,4,2.3
2024-03-24T11:11:40Z,26.554378,-77.083065,0.67,212.9,1,4,2.3
2024-03-24T11:11:45Z,26.554378,-77.083108,0.56,242.4,2,4,2.3
2024-03-24T11:11:50Z,26.554370,-77.083123,0.46,124.5,2,4,2.3
2024-03-24T11:11:55Z,26.554400,-77.083073,0.72,93.3,2,4,2.3
2024-03-24T11:12:00Z,26.554390,-77.083130,0.91,242.4,2,4,2.3
2024-03-24T11:12:05Z,26.554383,-77.083098,0.70,100.0,2,4,2.3
2024-03-24T11:12:15Z,26.554380,-77.083158,0.41,105.8,1,4,2.3
2024-03-24T11:12:20Z,26.554358,-77.083128,0.17,101.5,1,5,2.8
2024-03-24T11:12:25Z,26.554383,-77.083130,0.50,61.8,1,5,2.8
2024-03-24T11:12:30Z,26.554393,-77.083143,0.29,158.2,1,5,2.8
2024-03-24T11:12:35Z,26.554393,-77.083152,0.27,128.2,1,5,2.8
2024-03-24T11:12:40Z,26.554390,-77.083152,0.46,95.5,1,5,2.8
2024-03-24T11:12:45Z,26.554377,-77.083138,0.40,118.9,1,5,2.7
2024-03-24T11:12:50Z,26.554370,-77.083127,0.29,97.3,1,5,2.7
2024-03-24T11:12:55Z,26.554352,-77.083108,0.65,142.4,1,5,2.7
2024-03-24T11:13:00Z,26.554350,-77.083112,0.25,155.7,1,5,2.7
2024-03-24T11:13:05Z,26.554365,-77.083122,0.19,128.4,1,5,2.7
2024-03-24T11:13:10Z,26.554372,-77.083125,0.49,129.2,1,5,2.7
2024-03-24T11:13:15Z,26.554378,-77.083120,0.32,352.5,1,5,2.7
2024-03-24T11:13:20Z,26.554370,-77.083118,0.36,249.8,1,5,2.7
2024-03-24T11:13:25Z,26.554390,-77.083122,0.21,319.0,1,5,2.7
2024-03-24T11:13:30Z,26.554395,-77.083115,0.32,78.2,1,5,2.7
2024-03-24T11:13:35Z,26.554413,-77.083137,0.39,207.9,1,5,2.7
2024-03-24T11:13:40Z,26.554437,-77.083115,1.76,62.1,1,5,2.7
2024-03-24T11:13:45Z,26.554442,-77.083123,0.46,222.0,1,5,2.7
2024-03-24T11:13:50Z,26.554422,-77.083135,0.54,192.5,1,5,2.7
2024-03-24T11:13:55Z,26.554417,-77.083158,0.46,186.0,1,5,2.7
2024-03-24T11:14:00Z,26.554413,-77.083158,1.06,146.5,1,5,2.7
2024-03-24T11:14:05Z,26.554392,-77.083138,0.64,237.2,1,5,2.7
2024-03-24T11:14:10Z,26.554397,-77.083153,0.90,206.1,1,5,2.7
2024-03-24T11:14:20Z,26.554400,-77.083133,0.86,149.4,1,5,2.6
2024-03-24T11:14:25Z,26.554377,-77.083135,0.67,206.2,1,5,2.6
2024-03-24T11:14:30Z,26.554385,-77.083160,0.36,236.8,1,5,2.6
2024-03-24T11:14:35Z,26.554393,-77.083178,0.15,283.3,1,5,2.6
2024-03-24T11:14:40Z,26.554408,-77.083192,0.38,41.1,1,5,2.6
2024-03-24T11:14:45Z,26.554412,-77.083182,0.16,58.1,1,5,2.6
2024-03-24T11:14:50Z,26.554418,-77.083183,0.06,59.8,1,5,2.6
2024-03-24T11:14:55Z,26.554415,-77.083165,0.19,222.8,1,5,2.6
2024-03-24T11:15:00Z,26.554408,-77.083160,0.40,87.2,1,5,2.6
2024-03-24T11:15:05Z,26.554418,-77.083148,0.26,110.3,1,5,2.6
2024-03-24T11:15:10Z,26.554413,-77.083142,0.24,122.5,1,5,2.6
2024-03-24T11:15:15Z,26.554410,-77.083137,0.17,98.6,1,5,2.6
2024-03-24T11:15:20Z,26.554402,-77.083133,0.43,130.5,1,5,2.6
2024-03-24T11:15:25Z,26.554398,-77.083137,0.87,125.3,1,4,2.7
2024-03-24T11:15:35Z,26.554395,-77.083123,0.67,158.1,1,5,2.6
2024-03-24T11:15:40Z,26.554392,-77.083128,0.58,118.5,1,5,2.6
2024-03-24T11:15:45Z,26.554402,-77.083137,0.14,116.1,1,5,2.6
2024-03-24T11:15:50Z,26.554423,-77.083150,0.45,175.2,1,5,2.6
2024-03-24T11:15:55Z,26.554427,-77.083150,0.78,141.0,1,5,2.6
2024-03-24T11:16:05Z,26.554398,-77.083175,0.36,67.7,1,5,2.6
2024-03-24T11:16:10Z,26.554390,-77.083158,0.40,173.1,1,5,2.6
2024-03-24T11:16:15Z,26.554377,-77.083163,0.44,167.6,1,5,2.5
2024-03-24T11:16:20Z,26.554377,-77.083170,0.36,132.3,1,5,2.5
2024-03-24T11:16:25Z,26.554377,-77.083168,0.36,174.3,1,4,4.7
2024-03-24T11:16:35Z,26.554380,-77.083170,0.42,185.7,1,5,2.5
2024-03-24T11:16:40Z,26.554377,-77.083152,0.68,123.4,1,5,2.5
2024-03-24T11:16:45Z,26.554378,-77.083138,0.37,132.4,1,5,2.5
2024-03-24T11:16:50Z,26.554388,-77.083137,0.13,73.5,1,5,2.5
2024-03-24T11:16:55Z,26.554393,-77.083137,0.23,42.7,1,5,2.5
2024-03-24T11:17:00Z,26.554393,-77.083143,0.13,87.7,1,5,2.5
2024-03-24T11:17:05Z,26.554405,-77.083140,0.13,121.8,1,5,2.5
2024-03-24T11:17:10Z,26.554398,-77.083140,0.24,182.8,1,5,2.5
2024-03-24T11:17:15Z,26.554405,-77.083130,0.34,89.3,1,5,2.5
2024-03-24T11:17:20Z,26.554403,-77.083133,0.24,163.6,1,5,2.5
2024-03-24T11:17:25Z,26.554407,-77.083137,0.36,185.3,1,5,2.5
2024-03-24T11:17:35Z,26.554417,-77.083157,0.37,215.0,1,5,2.5
2024-03-24T11:17:40Z,26.554425,-77.083168,0.61,173.4,1,5,2.5
2024-03-24T11:17:45Z,26.554422,-77.083167,0.55,177.9,1,5,2.5
2024-03-24T11:17:50Z,26.554420,-77.083170,0.64,193.7,1,5,2.5
2024-03-24T11:17:55Z,26.554458,-77.083148,0.30,191.3,1,5,2.5
2024-03-24T11:18:00Z,26.554428,-77.083155,0.97,192.2,1,5,2.5
2024-03-24T11:18:10Z,26.554383,-77.083182,1.17,230.4,1,5,2.5
2024-03-24T11:18:15Z,26.554388,-77.083202,1.48,122.7,1,5,2.5
2024-03-24T11:18:20Z,26.554387,-77.083162,1.23,193.2,1,5,2.5
2024-03-24T11:18:25Z,26.554408,-77.083160,0.15,118.4,1,5,2.5
2024-03-24T11:18:30Z,26.554415,-77.083157,0.56,109.5,1,4,4.3
2024-03-24T11:18:40Z,26.554395,-77.083158,0.85,170.4,1,5,2.4
2024-03-24T11:18:45Z,26.554395,-77.083168,0.20,268.4,1,5,2.4
2024-03-24T11:18:50Z,26.554388,-77.083163,0.55,330.0,1,5,2.4
2024-03-24T11:18:55Z,26.554400,-77.083160,0.18,49.0,1,5,2.4
2024-03-24T11:19:00Z,26.554387,-77.083160,0.76,159.6,1,5,2.4
2024-03-24T11:19:05Z,26.554383,-77.083153,0.60,350.7,1,5,2.4
2024-03-24T11:19:10Z,26.554377,-77.083142,0.49,144.8,1,5,2.4
2024-03-24T11:19:15Z,26.554383,-77.083140,0.58,127.1,1,5,2.4
2024-03-24T11:19:20Z,26.554367,-77.083127,0.27,165.1,1,5,2.4
2024-03-24T11:19:25Z,26.554362,-77.083122,0.27,237.5,1,5,2.4
2024-03-24T11:19:30Z,26.554370,-77.083147,0.16,237.6,1,5,2.4
2024-03-24T11:19:35Z,26.554368,-77.083152,0.31,231.1,1,5,2.4
2024-03-24T11:19:40Z,26.554355,-77.083143,0.45,104.0,1,5,2.4
2024-03-24T11:19:45Z,26.554362,-77.083133,0.62,156.9,1,5,2.4
2024-03-24T11:19:50Z,26.554367,-77.083117,0.71,122.8,1,5,2.4
2024-03-24T11:19:55Z,26.554387,-77.083147,0.28,200.3,1,5,2.4
2024-03-24T11:20:05Z,26.554362,-77.083152,0.29,140.0,1,5,2.4
2024-03-24T11:20:10Z,26.554383,-77.083160,0.65,152.3,1,5,2.4
2024-03-24T11:20:15Z,26.554395,-77.083215,0.68,295.4,1,5,2.4
2024-03-24T11:20:20Z,26.554412,-77.083232,0.49,273.2,1,5,2.4
2024-03-24T11:20:25Z,26.554410,-77.083243,0.63,355.8,1,5,2.4
2024-03-24T11:20:35Z,26.554382,-77.083182,0.25,291.6,1,5,2.4
2024-03-24T11:20:40Z,26.554368,-77.083153,0.30,127.4,1,5,2.4
2024-03-24T11:20:45Z,26.554383,-77.083163,0.28,103.7,1,5,2.4
2024-03-24T11:20:50Z,26.554360,-77.083155,0.30,144.6,1,5,2.4
2024-03-24T11:21:00Z,26.554355,-77.083143,0.40,152.4,1,5,2.4
2024-03-24T11:21:05Z,26.554368,-77.083143,0.26,97.0,1,5,2.4
2024-03-24T11:21:10Z,26.554383,-77.083150,0.60,190.8,1,5,2.4
2024-03-24T11:21:15Z,26.554390,-77.083152,0.34,35.1,1,5,2.4
2024-03-24T11:21:20Z,26.554367,-77.083142,1.29,164.0,1,5,2.4
2024-03-24T11:21:25Z,26.554353,-77.083145,1.37,167.6,1,5,2.4
2024-03-24T11:21:30Z,26.554340,-77.083153,0.89,150.3,1,5,2.4
2024-03-24T11:21:35Z,26.554350,-77.083145,0.28,113.9,1,5,2.3
2024-03-24T11:21:40Z,26.554365,-77.083147,0.51,223.3,1,5,2.3
2024-03-24T11:21:45Z,26.554362,-77.083183,0.40,210.2,1,5,2.3
2024-03-24T11:21:50Z,26.554362,-77.083192,0.23,284.9,1,5,2.3
2024-03-24T11:22:00Z,26.554365,-77.083188,0.31,158.6,1,5,2.3
2024-03-24T11:22:05Z,26.554360,-77.083180,0.93,149.7,1,5,2.3
2024-03-24T11:22:10Z,26.554352,-77.083157,0.76,152.6,1,5,2.3
2024-03-24T11:22:15Z,26.554360,-77.083172,0.36,132.8,1,5,2.3
2024-03-24T11:22:20Z,26.554362,-77.083183,0.58,159.8,1,5,2.3
2024-03-24T11:22:30Z,26.554347,-77.083198,0.34,306.6,1,5,2.3
2024-03-24T11:22:35Z,26.554400,-77.083235,0.69,211.6,1,5,2.3
2024-03-24T11:22:40Z,26.554397,-77.083238,0.19,264.8,1,5,2.3
2024-03-24T11:22:45Z,26.554380,-77.083195,0.20,36.8,1,5,2.3
2024-03-24T11:22:50Z,26.554343,-77.083163,1.62,153.3,1,5,2.3
2024-03-24T11:23:00Z,26.554358,-77.083207,0.51,168.0,1,5,2.3
2024-03-24T11:23:05Z,26.554388,-77.083203,0.18,204.3,1,5,2.3
2024-03-24T11:23:10Z,26.554390,-77.083198,0.35,68.5,1,5,2.3
2024-03-24T11:23:15Z,26.554412,-77.083197,0.57,51.8,1,5,2.3
2024-03-24T11:23:20Z,26.554402,-77.083180,0.24,165.4,1,5,2.3
2024-03-24T11:23:30Z,26.554367,-77.083147,1.79,164.6,1,5,2.3
2024-03-24T11:23:35Z,26.554357,-77.083152,0.05,9.6,1,5,2.3
2024-03-24T11:23:40Z,26.554330,-77.083137,0.33,136.5,1,5,2.3
2024-03-24T11:23:45Z,26.554337,-77.083142,0.63,111.8,1,5,2.3
2024-03-24T11:23:50Z,26.554337,-77.083143,0.85,138.1,1,5,2.3
2024-03-24T11:24:00Z,26.554328,-77.083192,0.54,168.4,1,5,2.3
2024-03-24T11:24:05Z,26.554323,-77.083183,0.25,85.8,1,5,2.3
2024-03-24T11:24:10Z,26.554317,-77.083153,0.26,183.0,1,5,2.3
2024-03-24T11:24:15Z,26.554318,-77.083147,0.29,195.3,1,5,2.3
2024-03-24T11:24:20Z,26.554333,-77.083170,0.40,227.6,1,5,2.3
2024-03-24T11:24:30Z,26.554365,-77.083183,0.27,50.2,1,5,2.3
2024-03-24T11:24:35Z,26.554377,-77.083173,1.19,84.1,1,5,2.3
2024-03-24T11:24:40Z,26.554400,-77.083188,0.03,250.0,1,5,2.3
2024-03-24T11:24:45Z,26.554407,-77.083185,0.82,37.6,1,5,2.3
2024-03-24T11:24:50Z,26.554410,-77.083173,0.74,339.9,1,5,2.3
2024-03-24T11:25:00Z,26.554432,-77.083155,0.16,301.8,1,4,2.3
2024-03-24T11:25:05Z,26.554402,-77.083145,0.21,160.7,1,5,2.3
2024-03-24T11:25:10Z,26.554400,-77.083158,0.69,353.5,1,5,2.3
2024-03-24T11:25:15Z,26.554372,-77.083153,1.05,166.5,1,5,2.3
2024-03-24T11:25:25Z,26.554362,-77.083152,0.97,129.3,1,5,2.3
2024-03-24T11:25:30Z,26.554373,-77.083148,0.57,323.2,1,5,2.3
2024-03-24T11:25:35Z,26.554378,-77.083160,0.41,165.4,1,5,2.3
2024-03-24T11:25:40Z,26.554370,-77.083170,0.40,202.7,1,5,2.3
2024-03-24T11:25:45Z,26.554357,-77.083165,0.72,328.7,1,5,2.3
2024-03-24T11:25:55Z,26.554352,-77.083168,0.85,175.8,1,5,2.3
2024-03-24T11:26:00Z,26.554328,-77.083180,1.01,180.2,1,5,2.3
2024-03-24T11:26:05Z,26.554332,-77.083185,0.18,197.3,1,5,2.3
2024-03-24T11:26:10Z,26.554318,-77.083185,0.95,154.1,1,5,2.3
2024-03-24T11:26:20Z,26.554337,-77.083185,1.18,319.6,1,5,2.3
2024-03-24T11:26:25Z,26.554342,-77.083203,0.28,192.1,1,5,2.3
2024-03-24T11:26:30Z,26.554337,-77.083200,0.13,102.1,1,6,1.3
2024-03-24T11:26:35Z,26.554313,-77.083210,1.09,125.3,1,6,1.3
2024-03-24T11:26:40Z,26.554312,-77.083185,0.87,122.8,1,6,1.3
2024-03-24T11:26:50Z,26.554328,-77.083203,0.36,237.9,1,6,1.3
2024-03-24T11:26:55Z,26.554343,-77.083193,1.17,155.4,1,5,1.7
2024-03-24T11:27:00Z,26.554358,-77.083180,1.68,4.0,1,6,1.3
2024-03-24T11:27:05Z,26.554392,-77.083172,0.64,12.1,1,6,1.3
2024-03-24T11:27:15Z,26.554380,-77.083185,0.38,305.0,1,6,1.3
2024-03-24T11:27:20Z,26.554367,-77.083185,0.42,78.5,1,6,1.3
2024-03-24T11:27:25Z,26.554373,-77.083172,0.32,152.1,1,6,1.3
2024-03-24T11:27:30Z,26.554367,-77.083183,0.24,255.1,1,6,1.3
2024-03-24T11:27:35Z,26.554363,-77.083180,0.20,162.7,1,6,1.3
2024-03-24T11:27:45Z,26.554323,-77.083187,0.27,217.4,1,6,1.3
2024-03-24T11:27:50Z,26.554312,-77.083193,0.35,234.4,1,6,1.3
2024-03-24T11:27:55Z,26.554302,-77.083197,0.38,251.4,1,6,1.3
2024-03-24T11:28:00Z,26.554303,-77.083200,0.16,108.7,1,6,1.3
2024-03-24T11:28:05Z,26.554303,-77.083212,0.26,238.5,1,6,1.3
2024-03-24T11:28:10Z,26.554303,-77.083217,0.29,225.8,1,6,1.3
2024-03-24T11:28:15Z,26.554302,-77.083227,1.10,132.5,1,6,1.3
2024-03-24T11:28:20Z,26.554290,-77.083217,0.40,140.5,1,6,1.3
2024-03-24T11:28:25Z,26.554300,-77.083235,0.77,266.8,1,6,1.3
2024-03-24T11:28:30Z,26.554283,-77.083220,0.65,142.2,1,6,1.3
2024-03-24T11:28:35Z,26.554303,-77.083222,0.78,259.8,1,6,1.3
2024-03-24T11:28:40Z,26.554298,-77.083237,0.81,155.4,1,6,1.3
2024-03-24T11:28:45Z,26.554283,-77.083220,0.77,220.8,1,6,1.3
2024-03-24T11:28:50Z,26.554308,-77.083220,0.95,129.9,1,6,1.3
2024-03-24T11:28:55Z,26.554298,-77.083212,1.49,117.1,1,6,1.3
2024-03-24T11:29:00Z,26.554302,-77.083212,0.38,7.7,1,6,1.3
2024-03-24T11:29:05Z,26.554297,-77.083207,0.67,53.9,1,6,1.3
2024-03-24T11:29:15Z,26.554318,-77.083200,0.56,127.6,1,6,1.3
2024-03-24T11:29:20Z,26.554315,-77.083180,0.42,139.7,1,6,1.3
2024-03-24T11:29:25Z,26.554342,-77.083175,0.62,97.3,1,6,1.3
2024-03-24T11:29:30Z,26.554337,-77.083190,0.49,32.7,1,6,1.3
2024-03-24T11:29:35Z,26.554347,-77.083202,0.47,346.4,1,6,1.3
2024-03-24T11:29:40Z,26.554338,-77.083205,0.12,311.8,1,7,1.2
2024-03-24T11:29:45Z,26.554345,-77.083205,0.55,308.2,1,7,1.2
2024-03-24T11:29:50Z,26.554348,-77.083202,0.26,157.4,1,7,1.2
2024-03-24T11:29:55Z,26.554337,-77.083185,0.53,109.9,1,7,1.2
2024-03-24T11:30:00Z,26.554320,-77.083175,0.48,154.9,1,7,1.2
2024-03-24T11:30:05Z,26.554297,-77.083162,0.68,202.2,1,7,1.2
2024-03-24T11:30:10Z,26.554295,-77.083162,0.26,262.5,1,7,1.2
2024-03-24T11:30:20Z,26.554287,-77.083158,0.46,154.0,1,7,1.2
2024-03-24T11:30:25Z,26.554295,-77.083187,0.42,261.7,1,7,1.2
2024-03-24T11:30:30Z,26.554302,-77.083193,0.32,126.8,1,7,1.2
2024-03-24T11:30:35Z,26.554315,-77.083193,0.09,90.8,1,7,1.2
2024-03-24T11:30:40Z,26.554323,-77.083178,0.28,23.6,1,7,1.2
2024-03-24T11:30:50Z,26.554332,-77.083183,0.85,325.4,1,7,1.2
2024-03-24T11:30:55Z,26.554337,-77.083183,0.60,168.4,1,7,1.2
2024-03-24T11:31:00Z,26.554327,-77.083190,0.19,228.6,1,7,1.2
2024-03-24T11:31:05Z,26.554333,-77.083188,0.40,26.5,1,7,1.2
2024-03-24T11:31:10Z,26.554328,-77.083200,0.12,279.0,1,7,1.2
2024-03-24T11:31:20Z,26.554297,-77.083190,0.31,34.7,1,7,1.2
2024-03-24T11:31:25Z,26.554292,-77.083192,0.19,103.4,1,7,1.2
2024-03-24T11:31:30Z,26.554288,-77.083190,0.13,327.7,1,7,1.2
2024-03-24T11:31:35Z,26.554283,-77.083187,0.11,222.0,1,7,1.2
2024-03-24T11:31:40Z,26.554287,-77.083190,0.78,237.0,1,7,1.2
2024-03-24T11:31:50Z,26.554285,-77.083178,0.29,232.4,1,7,1.2
2024-03-24T11:31:55Z,26.554288,-77.083202,0.31,344.4,1,7,1.2
2024-03-24T11:32:00Z,26.554303,-77.083188,0.43,151.9,1,7,1.2
2024-03-24T11:32:05Z,26.554295,-77.083207,0.13,271.4,1,7,1.2
2024-03-24T11:32:10Z,26.554300,-77.083218,0.62,276.5,1,7,1.2
2024-03-24T11:32:15Z,26.554315,-77.083225,0.42,340.2,1,7,1.2
2024-03-24T11:32:20Z,26.554317,-77.083208,0.12,127.4,1,7,1.2
2024-03-24T11:32:25Z,26.554317,-77.083207,0.40,24.4,1,7,1.2
2024-03-24T11:32:30Z,26.554310,-77.083212,0.97,130.5,1,7,1.2
2024-03-24T11:32:35Z,26.554305,-77.083208,0.27,89.2,1,7,1.2
2024-03-24T11:32:45Z,26.554308,-77.083185,0.27,49.9,1,7,1.2
2024-03-24T11:32:50Z,26.554307,-77.083195,0.12,101.2,1,7,1.2
2024-03-24T11:32:55Z,26.554322,-77.083183,0.23,94.5,1,7,1.2
2024-03-24T11:33:00Z,26.554328,-77.083182,0.04,146.1,1,7,1.2
2024-03-24T11:33:05Z,26.554327,-77.083187,0.22,188.7,1,7,1.2
2024-03-24T11:33:10Z,26.554325,-77.083177,0.59,79.9,1,7,1.2
2024-03-24T11:33:15Z,26.554322,-77.083183,0.11,211.5,1,7,1.2
2024-03-24T11:33:20Z,26.554318,-77.083180,0.57,249.6,1,7,1.2
2024-03-24T11:33:25Z,26.554313,-77.083183,0.37,224.7,1,7,1.2
2024-03-24T11:33:30Z,26.554308,-77.083182,0.13,273.5,1,7,1.2
2024-03-24T11:33:35Z,26.554305,-77.083178,0.42,226.5,1,7,1.2
2024-03-24T11:33:45Z,26.554288,-77.083183,0.27,228.6,1,7,1.2
2024-03-24T11:33:50Z,26.554282,-77.083177,1.33,61.7,1,7,1.2
2024-03-24T11:33:55Z,26.554285,-77.083195,0.24,47.0,1,7,1.2
2024-03-24T11:34:00Z,26.554292,-77.083203,0.25,182.0,1,7,1.2
2024-03-24T11:34:05Z,26.554298,-77.083203,0.63,17.8,1,7,1.2
2024-03-24T11:34:10Z,26.554303,-77.083213,0.43,210.4,1,7,1.2
2024-03-24T11:34:15Z,26.554310,-77.083195,0.69,79.3,1,7,1.2
2024-03-24T11:34:20Z,26.554302,-77.083210,0.34,5.6,1,7,1.2
2024-03-24T11:34:25Z,26.554297,-77.083210,0.27,46.1,1,7,1.2
2024-03-24T11:34:30Z,26.554303,-77.083202,0.74,68.2,1,7,1.2
2024-03-24T11:34:40Z,26.554307,-77.083198,0.20,40.6,1,7,1.2
2024-03-24T11:34:45Z,26.554310,-77.083202,0.27,137.8,1,7,1.2
2024-03-24T11:34:50Z,26.554320,-77.083195,0.91,21.7,1,7,1.2
2024-03-24T11:34:55Z,26.554337,-77.083188,0.38,27.8,1,7,1.2
2024-03-24T11:35:00Z,26.554330,-77.083185,0.22,182.0,1,7,1.2
2024-03-24T11:35:05Z,26.554330,-77.083190,0.24,153.6,1,7,1.2
2024-03-24T11:35:15Z,26.554307,-77.083173,0.25,217.9,1,7,1.2
2024-03-24T11:35:20Z,26.554300,-77.083173,0.19,64.2,1,7,1.2
2024-03-24T11:35:25Z,26.554307,-77.083168,0.28,285.4,1,7,1.2
2024-03-24T11:35:30Z,26.554302,-77.083175,0.55,253.0,1,7,1.2
2024-03-24T11:35:35Z,26.554295,-77.083177,0.49,33.8,1,7,1.2
2024-03-24T11:35:40Z,26.554290,-77.083178,0.30,202.6,1,7,1.2
2024-03-24T11:35:45Z,26.554290,-77.083173,0.14,127.1,1,7,1.2
2024-03-24T11:35:50Z,26.554295,-77.083172,0.25,224.4,1,7,1.2
2024-03-24T11:35:55Z,26.554303,-77.083173,0.15,309.5,1,7,1.2
2024-03-24T11:36:00Z,26.554313,-77.083177,0.35,12.7,1,7,1.2
2024-03-24T11:36:05Z,26.554310,-77.083183,0.00,223.4,1,7,1.2
2024-03-24T11:36:10Z,26.554308,-77.083190,0.24,34.6,1,7,1.2
2024-03-24T11:36:20Z,26.554330,-77.083187,0.95,233.2,1,7,1.2
2024-03-24T11:36:25Z,26.554328,-77.083197,0.41,243.0,1,7,1.2
2024-03-24T11:36:30Z,26.554332,-77.083192,0.46,174.0,1,7,1.2
2024-03-24T11:36:35Z,26.554330,-77.083183,0.44,106.5,1,7,1.2
2024-03-24T11:36:40Z,26.554320,-77.083200,0.39,77.9,1,7,1.2
2024-03-24T11:36:45Z,26.554305,-77.083203,0.20,175.9,1,7,1.2
2024-03-24T11:36:50Z,26.554298,-77.083195,1.15,171.5,1,7,1.2
2024-03-24T11:36:55Z,26.554292,-77.083208,0.39,100.9,1,7,1.2
2024-03-24T11:37:00Z,26.554303,-77.083207,0.22,343.4,1,7,1.2
2024-03-24T11:37:05Z,26.554320,-77.083195,0.35,314.5,1,7,1.1
2024-03-24T11:37:15Z,26.554318,-77.083193,0.17,206.7,1,7,1.1
2024-03-24T11:37:20Z,26.554313,-77.083188,0.58,87.9,1,7,1.1
2024-03-24T11:37:25Z,26.554310,-77.083163,0.36,137.6,1,7,1.1
2024-03-24T11:37:30Z,26.554325,-77.083167,0.66,262.4,1,7,1.1
2024-03-24T11:37:35Z,26.554325,-77.083168,0.38,246.1,1,7,1.1
2024-03-24T11:37:45Z,26.554320,-77.083165,0.20,133.1,1,7,1.1
2024-03-24T11:37:50Z,26.554312,-77.083168,0.15,77.8,1,7,1.1
2024-03-24T11:37:55Z,26.554320,-77.083157,0.46,304.0,1,7,1.1
2024-03-24T11:38:00Z,26.554317,-77.083190,0.62,283.5,1,7,1.1
2024-03-24T11:38:05Z,26.554312,-77.083195,0.29,284.2,1,7,1.1
2024-03-24T11:38:10Z,26.554308,-77.083193,0.21,208.1,1,7,1.1
2024-03-24T11:38:15Z,26.554307,-77.083203,0.16,111.4,1,7,1.1
2024-03-24T11:38:20Z,26.554310,-77.083188,0.24,121.8,1,7,1.1
2024-03-24T11:38:25Z,26.554313,-77.083190,0.20,240.2,1,7,1.1
2024-03-24T11:38:35Z,26.554307,-77.083193,0.08,212.5,1,7,1.1
2024-03-24T11:38:40Z,26.554293,-77.083190,0.17,135.9,1,7,1.1
2024-03-24T11:38:45Z,26.554310,-77.083197,0.96,4.9,1,7,1.1
2024-03-24T11:38:50Z,26.554320,-77.083195,0.16,146.0,1,7,1.1
2024-03-24T11:38:55Z,26.554323,-77.083192,0.13,23.3,1,7,1.1
2024-03-24T11:39:00Z,26.554345,-77.083203,0.96,355.2,1,7,1.1
2024-03-24T11:39:05Z,26.554332,-77.083193,0.32,253.1,1,7,1.1
2024-03-24T11:39:10Z,26.554330,-77.083217,0.47,295.9,1,7,1.1
2024-03-24T11:39:15Z,26.554340,-77.083212,0.24,57.5,1,7,1.1
2024-03-24T11:39:20Z,26.554345,-77.083205,0.24,351.8,1,7,1.1
2024-03-24T11:39:30Z,26.554328,-77.083202,0.75,12.8,1,7,1.1
2024-03-24T11:39:35Z,26.554338,-77.083188,0.31,76.2,1,7,1.1
2024-03-24T11:39:40Z,26.554327,-77.083182,0.16,264.9,1,7,1.1
2024-03-24T11:39:45Z,26.554317,-77.083168,0.16,118.6,1,7,1.1
2024-03-24T11:39:50Z,26.554327,-77.083180,0.43,64.2,1,7,1.1
2024-03-24T11:40:00Z,26.554308,-77.083162,0.28,95.9,1,7,1.1
2024-03-24T11:40:05Z,26.554302,-77.083125,0.95,91.8,1,7,1.1
2024-03-24T11:40:10Z,26.554285,-77.083162,0.24,273.1,1,7,1.1
2024-03-24T11:40:15Z,26.554278,-77.083182,0.45,282.0,1,7,1.1
2024-03-24T11:40:25Z,26.554288,-77.083173,0.68,69.2,1,7,1.1
2024-03-24T11:40:30Z,26.554292,-77.083178,0.22,168.8,1,7,1.1
2024-03-24T11:40:35Z,26.554282,-77.083182,0.45,107.2,1,7,1.1
2024-03-24T11:40:40Z,26.554292,-77.083182,0.26,37.8,1,7,1.1
2024-03-24T11:40:45Z,26.554308,-77.083187,0.25,22.8,1,7,1.1
2024-03-24T11:40:50Z,26.554308,-77.083187,0.13,7.4,1,7,1.1
2024-03-24T11:40:55Z,26.554307,-77.083182,0.94,142.9,1,7,1.1
2024-03-24T11:41:00Z,26.554312,-77.083175,0.26,87.0,1,7,1.1
2024-03-24T11:41:05Z,26.554310,-77.083167,0.09,110.5,1,7,1.1
2024-03-24T11:41:10Z,26.554313,-77.083168,0.80,48.9,1,7,1.1
2024-03-24T11:41:20Z,26.554302,-77.083148,0.18,170.5,1,7,1.1
2024-03-24T11:41:25Z,26.554298,-77.083157,0.43,138.7,1,7,1.1
2024-03-24T11:41:30Z,26.554313,-77.083183,0.26,322.9,1,7,1.1
2024-03-24T11:41:35Z,26.554320,-77.083192,0.20,268.6,1,7,1.1
2024-03-24T11:41:40Z,26.554325,-77.083190,0.34,10.4,1,7,1.1
2024-03-24T11:41:45Z,26.554325,-77.083197,0.48,256.0,1,7,1.1
2024-03-24T11:41:50Z,26.554310,-77.083193,0.08,5.1,1,7,1.1
2024-03-24T11:41:55Z,26.554300,-77.083188,0.21,192.0,1,7,1.1
2024-03-24T11:42:00Z,26.554295,-77.083185,0.33,250.6,1,7,1.1
2024-03-24T11:42:05Z,26.554303,-77.083185,0.72,145.7,1,7,1.1
2024-03-24T11:42:15Z,26.554320,-77.083207,0.34,270.6,1,7,1.1
2024-03-24T11:42:20Z,26.554312,-77.083195,0.71,159.4,1,7,1.1
2024-03-24T11:42:25Z,26.554273,-77.083185,0.41,71.9,1,7,1.1
2024-03-24T11:42:30Z,26.554273,-77.083187,0.15,117.6,1,7,1.1
2024-03-24T11:42:35Z,26.554280,-77.083183,0.14,288.9,1,7,1.1
2024-03-24T11:42:45Z,26.554303,-77.083170,0.56,334.6,1,7,1.1
2024-03-24T11:42:50Z,26.554310,-77.083183,0.45,1.9,2,7,1.1
2024-03-24T11:42:55Z,26.554318,-77.083178,0.15,237.1,2,7,1.1
2024-03-24T11:43:00Z,26.554317,-77.083175,0.63,123.9,2,7,1.1
2024-03-24T11:43:05Z,26.554315,-77.083178,0.16,4.5,2,7,1.1
2024-03-24T11:43:10Z,26.554325,-77.083178,0.12,297.6,2,7,1.1
2024-03-24T11:43:15Z,26.554323,-77.083165,0.21,80.6,2,7,1.1
2024-03-24T11:43:20Z,26.554322,-77.083157,0.18,192.6,2,7,1.1
2024-03-24T11:43:25Z,26.554342,-77.083153,0.65,336.9,2,7,1.1
2024-03-24T11:43:30Z,26.554340,-77.083167,0.87,189.4,2,7,1.1
2024-03-24T11:43:40Z,26.554343,-77.083172,0.58,325.0,1,7,1.1
2024-03-24T11:43:45Z,26.554320,-77.083177,0.66,143.4,1,7,1.1
2024-03-24T11:43:50Z,26.554327,-77.083172,0.59,163.7,1,7,1.1
2024-03-24T11:43:55Z,26.554323,-77.083183,0.19,343.0,1,7,1.1
2024-03-24T11:44:00Z,26.554317,-77.083180,0.64,272.0,1,7,1.1
2024-03-24T11:44:05Z,26.554312,-77.083185,0.44,249.9,1,7,1.1
2024-03-24T11:44:10Z,26.554270,-77.083172,0.98,176.0,1,7,1.1
2024-03-24T11:44:15Z,26.554265,-77.083158,0.21,245.2,1,7,1.1
2024-03-24T11:44:20Z,26.554270,-77.083188,0.70,281.7,1,7,1.1
2024-03-24T11:44:30Z,26.554298,-77.083202,0.55,58.5,1,7,1.1
2024-03-24T11:44:35Z,26.554302,-77.083213,0.21,211.9,1,7,1.1
2024-03-24T11:44:40Z,26.554285,-77.083217,0.06,221.1,1,7,1.1
2024-03-24T11:44:45Z,26.554280,-77.083218,0.09,356.4,1,7,1.1
2024-03-24T11:44:55Z,26.554297,-77.083218,0.27,250.8,1,7,1.1
2024-03-24T11:45:00Z,26.554310,-77.083207,0.67,46.8,1,7,1.1
2024-03-24T11:45:05Z,26.554312,-77.083200,0.11,301.2,1,7,1.1
2024-03-24T11:45:10Z,26.554307,-77.083212,0.38,18.9,1,7,1.1
2024-03-24T11:45:15Z,26.554307,-77.083218,0.63,330.1,1,7,1.1
2024-03-24T11:45:20Z,26.554320,-77.083208,0.32,10.9,1,7,1.1
2024-03-24T11:45:25Z,26.554320,-77.083212,0.18,329.0,1,7,1.1
2024-03-24T11:45:30Z,26.554315,-77.083223,0.11,338.1,1,7,1.1
2024-03-24T11:45:35Z,26.554305,-77.083213,0.24,139.3,1,7,1.1
2024-03-24T11:45:45Z,26.554325,-77.083170,0.98,47.9,1,7,1.1
2024-03-24T11:45:50Z,26.554310,-77.083183,0.13,258.3,1,8,1.0
2024-03-24T11:45:55Z,26.554303,-77.083175,0.31,51.1,1,8,1.0
2024-03-24T11:46:00Z,26.554312,-77.083185,0.62,25.6,1,8,1.0
2024-03-24T11:46:05Z,26.554307,-77.083203,0.27,225.4,1,8,1.0
2024-03-24T11:46:10Z,26.554310,-77.083187,0.93,89.3,1,8,1.0
2024-03-24T11:46:15Z,26.554295,-77.083192,0.47,166.1,1,8,1.0
2024-03-24T11:46:20Z,26.554292,-77.083168,0.43,62.7,1,8,1.0
2024-03-24T11:46:25Z,26.554292,-77.083163,0.48,244.4,1,8,1.0
2024-03-24T11:46:35Z,26.554303,-77.083143,0.02,235.9,1,8,1.0
2024-03-24T11:46:40Z,26.554298,-77.083147,0.29,138.6,1,8,1.0
2024-03-24T11:46:45Z,26.554295,-77.083172,0.46,287.9,1,8,1.0
2024-03-24T11:46:50Z,26.554293,-77.083168,0.33,75.8,1,8,1.0
2024-03-24T11:46:55Z,26.554302,-77.083173,0.20,268.4,1,8,1.0
2024-03-24T11:47:00Z,26.554303,-77.083183,0.11,234.9,1,8,1.0
2024-03-24T11:47:05Z,26.554298,-77.083195,0.19,225.3,1,8,1.0
2024-03-24T11:47:10Z,26.554288,-77.083200,0.30,148.9,1,8,1.0
2024-03-24T11:47:15Z,26.554285,-77.083208,0.42,246.1,1,8,1.0
2024-03-24T11:47:20Z,26.554292,-77.083195,0.18,170.2,1,8,1.0
2024-03-24T11:47:30Z,26.554290,-77.083190,0.17,322.7,1,8,1.0
2024-03-24T11:47:35Z,26.554287,-77.083197,0.21,59.5,1,8,1.0
2024-03-24T11:47:40Z,26.554287,-77.083197,0.41,23.8,1,8,1.0
2024-03-24T11:47:45Z,26.554287,-77.083200,0.12,92.1,1,8,1.0
2024-03-24T11:47:50Z,26.554295,-77.083197,0.75,123.7,1,8,1.0
2024-03-24T11:48:00Z,26.554300,-77.083190,0.17,182.3,1,8,1.0
2024-03-24T11:48:05Z,26.554317,-77.083192,0.46,357.5,1,8,1.0
2024-03-24T11:48:10Z,26.554320,-77.083193,0.18,287.2,1,8,1.0
2024-03-24T11:48:15Z,26.554333,-77.083193,0.54,43.6,1,8,1.0
2024-03-24T11:48:25Z,26.554327,-77.083197,0.20,102.6,1,8,1.0
2024-03-24T11:48:30Z,26.554337,-77.083190,0.67,8.6,1,8,1.0
2024-03-24T11:48:35Z,26.554330,-77.083180,0.41,108.3,1,8,1.0
2024-03-24T11:48:40Z,26.554323,-77.083175,0.21,117.7,1,8,1.0
2024-03-24T11:48:45Z,26.554315,-77.083177,0.31,26.4,1,8,1.0
2024-03-24T11:48:50Z,26.554313,-77.083173,0.06,62.9,1,8,1.0
2024-03-24T11:48:55Z,26.554312,-77.083162,0.42,127.4,1,8,1.0
2024-03-24T11:49:00Z,26.554312,-77.083143,0.26,58.1,1,8,1.0
2024-03-24T11:49:05Z,26.554310,-77.083153,0.08,132.1,1,8,1.0
2024-03-24T11:49:10Z,26.554323,-77.083165,0.19,308.7,1,8,1.0
2024-03-24T11:49:20Z,26.554322,-77.083165,0.44,201.7,1,8,1.0
2024-03-24T11:49:25Z,26.554312,-77.083165,0.31,72.9,1,8,1.0
2024-03-24T11:49:30Z,26.554303,-77.083175,0.49,182.3,1,8,1.0
2024-03-24T11:49:35Z,26.554305,-77.083187,0.64,193.6,1,8,1.0
2024-03-24T11:49:45Z,26.554303,-77.083180,0.31,192.5,1,8,1.0
2024-03-24T11:49:50Z,26.554305,-77.083188,0.28,215.7,1,8,1.0
2024-03-24T11:49:55Z,26.554298,-77.083210,0.41,203.1,1,8,1.0
2024-03-24T11:50:00Z,26.554293,-77.083198,0.15,77.4,1,8,1.0
2024-03-24T11:50:05Z,26.554283,-77.083198,0.28,89.2,1,8,1.0
2024-03-24T11:50:10Z,26.554273,-77.083203,0.48,167.1,1,8,1.0
2024-03-24T11:50:15Z,26.554263,-77.083200,0.43,151.3,1,8,1.0
2024-03-24T11:50:20Z,26.554270,-77.083195,0.60,142.9,1,8,1.0
2024-03-24T11:50:25Z,26.554285,-77.083203,0.64,301.3,1,8,1.0
2024-03-24T11:50:35Z,26.554285,-77.083208,0.36,285.0,1,8,1.0
2024-03-24T11:50:40Z,26.554277,-77.083215,0.13,129.6,1,8,1.0
2024-03-24T11:50:45Z,26.554282,-77.083213,0.19,249.9,1,7,1.1
2024-03-24T11:50:50Z,26.554278,-77.083212,0.32,337.3,1,8,1.0
2024-03-24T11:51:00Z,26.554282,-77.083205,0.13,320.8,1,8,1.0
2024-03-24T11:51:05Z,26.554285,-77.083198,0.65,127.6,1,8,1.0
2024-03-24T11:51:10Z,26.554287,-77.083202,0.74,106.1,1,8,1.0
2024-03-24T11:51:15Z,26.554297,-77.083198,0.54,38.5,1,8,1.0
2024-03-24T11:51:25Z,26.554332,-77.083205,0.57,30.5,1,8,1.0
2024-03-24T11:51:30Z,26.554323,-77.083205,0.26,131.5,1,8,1.0
2024-03-24T11:51:35Z,26.554325,-77.083202,0.26,184.2,1,8,1.0
2024-03-24T11:51:40Z,26.554327,-77.083188,0.34,59.8,1,8,1.0
2024-03-24T11:51:50Z,26.554330,-77.083185,0.17,84.9,1,8,1.0
2024-03-24T11:51:55Z,26.554328,-77.083185,0.16,199.9,1,8,1.0
2024-03-24T11:52:00Z,26.554337,-77.083175,0.23,48.1,1,8,1.0
2024-03-24T11:52:05Z,26.554320,-77.083150,0.41,191.9,1,8,1.0
2024-03-24T11:52:10Z,26.554332,-77.083170,0.28,282.4,1,8,1.0
2024-03-24T11:52:15Z,26.554325,-77.083168,0.42,266.0,1,8,1.0
2024-03-24T11:52:20Z,26.554313,-77.083160,0.71,283.8,1,8,1.0
2024-03-24T11:52:25Z,26.554310,-77.083157,0.60,202.8,1,8,1.0
2024-03-24T11:52:30Z,26.554305,-77.083167,0.16,307.5,1,8,1.0
2024-03-24T11:52:40Z,26.554300,-77.083167,0.44,195.1,1,8,1.0
2024-03-24T11:52:45Z,26.554313,-77.083180,0.70,349.0,1,8,1.0
2024-03-24T11:52:50Z,26.554305,-77.083167,0.20,144.9,1,8,1.0
2024-03-24T11:52:55Z,26.554310,-77.083180,0.31,25.7,1,8,1.0
2024-03-24T11:53:05Z,26.554302,-77.083177,0.60,104.4,1,8,1.0
2024-03-24T11:53:10Z,26.554295,-77.083173,0.31,134.5,1,8,1.0
2024-03-24T11:53:15Z,26.554305,-77.083158,0.26,67.3,1,8,1.0
2024-03-24T11:53:20Z,26.554312,-77.083170,0.18,179.3,1,8,1.0
2024-03-24T11:53:30Z,26.554320,-77.083180,0.72,52.4,1,8,1.0
2024-03-24T11:53:35Z,26.554337,-77.083182,0.79,1.6,1,8,1.0
2024-03-24T11:53:40Z,26.554347,-77.083175,0.05,43.7,1,8,1.0
2024-03-24T11:53:45Z,26.554337,-77.083178,0.25,79.6,1,8,1.0
2024-03-24T11:53:55Z,26.554332,-77.083170,0.24,20.7,1,8,1.0
2024-03-24T11:54:00Z,26.554353,-77.083160,0.18,165.8,1,8,1.0
2024-03-24T11:54:05Z,26.554333,-77.083152,0.75,102.9,1,8,1.0
2024-03-24T11:54:10Z,26.554328,-77.083157,0.04,220.4,1,8,1.0
2024-03-24T11:54:20Z,26.554325,-77.083175,0.22,324.7,1,8,1.0
2024-03-24T11:54:25Z,26.554318,-77.083183,0.26,208.6,1,8,1.0
2024-03-24T11:54:30Z,26.554310,-77.083167,0.23,94.6,1,8,1.0
2024-03-24T11:54:35Z,26.554317,-77.083168,0.08,149.1,1,8,1.0
2024-03-24T11:54:40Z,26.554310,-77.083187,0.58,250.6,1,8,1.0
2024-03-24T11:54:45Z,26.554305,-77.083197,0.27,191.5,1,8,1.0
2024-03-24T11:54:50Z,26.554305,-77.083212,0.76,250.9,1,8,1.0
2024-03-24T11:54:55Z,26.554297,-77.083205,0.44,166.0,1,8,1.0
2024-03-24T11:55:05Z,26.554293,-77.083203,0.20,62.2,1,8,1.0
2024-03-24T11:55:10Z,26.554275,-77.083188,0.48,143.9,1,8,1.0
2024-03-24T11:55:15Z,26.554273,-77.083190,0.47,69.8,1,8,1.0
2024-03-24T11:55:20Z,26.554278,-77.083200,0.31,170.4,1,8,1.0
2024-03-24T11:55:25Z,26.554278,-77.083203,0.05,99.2,1,8,1.0
2024-03-24T11:55:30Z,26.554283,-77.083198,0.40,91.6,1,8,1.0
2024-03-24T11:55:35Z,26.554288,-77.083197,0.03,329.6,1,8,1.0
2024-03-24T11:55:40Z,26.554287,-77.083190,0.55,150.0,1,8,1.0
2024-03-24T11:55:50Z,26.554300,-77.083198,0.26,22.0,1,8,1.0
2024-03-24T11:55:55Z,26.554297,-77.083197,0.33,205.9,1,8,1.0
2024-03-24T11:56:00Z,26.554292,-77.083210,0.02,151.8,1,8,1.0
2024-03-24T11:56:05Z,26.554285,-77.083227,0.24,250.7,1,8,1.0
2024-03-24T11:56:10Z,26.554295,-77.083227,0.20,62.5,1,8,1.0
2024-03-24T11:56:15Z,26.554297,-77.083225,0.49,233.2,1,8,1.0
2024-03-24T11:56:20Z,26.554297,-77.083218,0.33,111.9,1,8,1.0
2024-03-24T11:56:25Z,26.554288,-77.083218,0.51,175.6,1,8,1.0
2024-03-24T11:56:35Z,26.554287,-77.083225,0.64,22.8,1,8,1.0
2024-03-24T11:56:40Z,26.554292,-77.083208,0.12,315.3,1,8,1.0
2024-03-24T11:56:45Z,26.554302,-77.083212,0.54,247.8,1,8,1.0
2024-03-24T11:56:50Z,26.554290,-77.083203,0.24,109.1,1,8,1.0
2024-03-24T11:56:55Z,26.554292,-77.083205,0.51,21.9,1,8,1.0
2024-03-24T11:57:00Z,26.554298,-77.083210,0.58,141.3,1,8,1.0
2024-03-24T11:57:05Z,26.554298,-77.083207,0.47,134.8,1,8,1.0
2024-03-24T11:57:10Z,26.554302,-77.083200,0.17,117.8,1,8,1.0
2024-03-24T11:57:20Z,26.554303,-77.083190,0.30,188.3,1,8,1.0
2024-03-24T11:57:25Z,26.554300,-77.083193,0.23,150.2,1,8,1.0
2024-03-24T11:57:30Z,26.554295,-77.083192,0.34,151.5,1,8,1.0
2024-03-24T11:57:35Z,26.554287,-77.083193,0.22,105.4,1,8,1.0
2024-03-24T11:57:45Z,26.554290,-77.083198,0.15,22.3,1,8,1.0
2024-03-24T11:57:50Z,26.554292,-77.083203,0.49,239.3,1,8,1.0
2024-03-24T11:57:55Z,26.554292,-77.083213,0.37,61.2,1,8,1.0
2024-03-24T11:58:00Z,26.554293,-77.083215,0.59,204.8,1,8,1.0
2024-03-24T11:58:10Z,26.554282,-77.083212,0.20,211.3,1,8,1.0
2024-03-24T11:58:15Z,26.554288,-77.083212,0.13,266.4,1,8,1.0
2024-03-24T11:58:20Z,26.554292,-77.083213,0.32,342.6,1,8,1.0
2024-03-24T11:58:25Z,26.554297,-77.083205,0.08,290.3,1,8,1.0
2024-03-24T11:58:35Z,26.554292,-77.083208,0.28,1.4,1,8,1.0
2024-03-24T11:58:40Z,26.554292,-77.083212,0.92,134.5,1,8,1.0
2024-03-24T11:58:45Z,26.554292,-77.083198,0.32,17.9,1,8,1.0
2024-03-24T11:58:50Z,26.554305,-77.083202,0.61,0.4,1,8,1.0
2024-03-24T11:59:00Z,26.554312,-77.083197,0.16,323.2,1,8,1.0
2024-03-24T11:59:05Z,26.554310,-77.083192,0.43,41.0,1,8,1.0
2024-03-24T11:59:10Z,26.554308,-77.083178,0.34,88.0,1,8,1.0
2024-03-24T11:59:15Z,26.554305,-77.083172,0.28,68.7,1,8,1.0
2024-03-24T11:59:20Z,26.554313,-77.083175,0.16,297.0,1,8,1.0
2024-03-24T11:59:25Z,26.554308,-77.083175,0.36,248.7,1,8,1.0
2024-03-24T11:59:30Z,26.554300,-77.083173,0.43,76.5,1,8,1.0
2024-03-24T11:59:35Z,26.554297,-77.083172,0.27,147.8,1,8,1.0
2024-03-24T11:59:40Z,26.554288,-77.083185,0.19,330.9,1,8,1.0
2024-03-24T11:59:45Z,26.554283,-77.083183,0.53,271.5,1,8,1.0
2024-03-24T11:59:50Z,26.554288,-77.083202,0.29,213.5,1,8,1.0
2024-03-24T11:59:55Z,26.554295,-77.083210,0.47,345.6,1,8,1.0
2024-03-24T12:00:00Z,26.554297,-77.083223,0.47,304.6,1,8,1.0
2024-03-24T12:00:05Z,26.554297,-77.083212,0.37,53.9,1,8,1.0
2024-03-24T12:00:15Z,26.554303,-77.083217,0.64,236.0,1,8,1.0
2024-03-24T12:00:20Z,26.554305,-77.083222,0.75,281.2,1,8,1.0
2024-03-24T12:00:25Z,26.554303,-77.083215,0.18,201.0,1,8,1.0
2024-03-24T12:00:30Z,26.554298,-77.083220,0.44,32.8,1,8,1.0
2024-03-24T12:00:35Z,26.554302,-77.083222,0.11,351.4,1,8,1.0
2024-03-24T12:00:40Z,26.554295,-77.083215,0.17,135.4,1,8,1.0
2024-03-24T12:00:45Z,26.554295,-77.083215,0.68,244.7,1,8,1.0
2024-03-24T12:00:50Z,26.554293,-77.083218,0.76,327.7,1,8,1.0
2024-03-24T12:00:55Z,26.554292,-77.083207,0.34,50.2,1,8,1.0
2024-03-24T12:01:00Z,26.554297,-77.083205,0.16,354.0,1,8,1.0
2024-03-24T12:01:05Z,26.554298,-77.083200,0.54,87.8,1,8,1.0
2024-03-24T12:01:10Z,26.554300,-77.083197,0.23,203.9,1,8,1.0
2024-03-24T12:01:15Z,26.554298,-77.083188,0.12,38.3,1,8,1.0
2024-03-24T12:01:25Z,26.554315,-77.083175,0.76,206.9,1,8,1.0
2024-03-24T12:01:30Z,26.554327,-77.083185,0.27,332.3,1,8,1.0
2024-03-24T12:01:35Z,26.554325,-77.083195,0.14,324.0,1,8,1.0
2024-03-24T12:01:40Z,26.554328,-77.083198,0.40,336.0,1,8,1.0
2024-03-24T12:01:45Z,26.554323,-77.083195,0.38,123.6,1,8,1.0
2024-03-24T12:01:50Z,26.554322,-77.083188,0.32,214.0,1,8,1.0
2024-03-24T12:01:55Z,26.554310,-77.083195,0.24,279.9,1,8,1.0
2024-03-24T12:02:00Z,26.554300,-77.083197,0.54,177.5,1,8,1.0
2024-03-24T12:02:10Z,26.554292,-77.083185,0.12,197.5,1,8,1.0
2024-03-24T12:02:15Z,26.554293,-77.083187,0.26,288.2,1,8,1.0
2024-03-24T12:02:20Z,26.554297,-77.083195,0.24,256.5,1,8,1.0
2024-03-24T12:02:25Z,26.554302,-77.083197,0.85,33.7,1,8,1.0
2024-03-24T12:02:30Z,26.554303,-77.083203,0.14,128.1,1,8,1.0
2024-03-24T12:02:35Z,26.554302,-77.083205,0.18,318.8,1,8,1.0
2024-03-24T12:02:40Z,26.554303,-77.083203,0.13,30.1,1,8,1.0
2024-03-24T12:02:45Z,26.554305,-77.083192,0.38,145.7,1,8,1.0
2024-03-24T12:02:55Z,26.554303,-77.083173,0.22,37.3,1,8,1.0
2024-03-24T12:03:00Z,26.554307,-77.083162,0.79,67.0,1,8,1.0
2024-03-24T12:03:05Z,26.554327,-77.083147,0.51,77.2,1,8,1.0
2024-03-24T12:03:10Z,26.554325,-77.083150,0.11,124.0,1,8,1.0
2024-03-24T12:03:15Z,26.554328,-77.083153,0.19,146.1,1,8,1.0
2024-03-24T12:03:20Z,26.554322,-77.083155,0.42,49.7,1,8,1.0
2024-03-24T12:03:25Z,26.554318,-77.083158,0.27,173.7,1,8,1.0
2024-03-24T12:03:30Z,26.554308,-77.083147,0.49,86.0,1,7,1.2
2024-03-24T12:03:35Z,26.554313,-77.083153,0.21,187.7,1,8,1.0
2024-03-24T12:03:40Z,26.554310,-77.083152,0.25,52.1,1,8,1.0
2024-03-24T12:03:45Z,26.554320,-77.083158,0.11,80.8,1,8,1.0
2024-03-24T12:03:50Z,26.554325,-77.083162,0.06,273.9,1,8,1.0
2024-03-24T12:03:55Z,26.554325,-77.083177,0.51,236.5,1,8,1.0
2024-03-24T12:04:05Z,26.554330,-77.083178,0.28,95.0,1,8,1.0
2024-03-24T12:04:10Z,26.554325,-77.083182,0.22,269.1,1,8,1.0
2024-03-24T12:04:15Z,26.554335,-77.083177,0.04,142.7,1,8,1.0
2024-03-24T12:04:20Z,26.554330,-77.083170,0.35,69.0,1,8,1.0
2024-03-24T12:04:25Z,26.554325,-77.083170,0.61,233.0,1,8,1.0
2024-03-24T12:04:30Z,26.554323,-77.083180,0.18,197.6,1,8,1.0
2024-03-24T12:04:35Z,26.554325,-77.083185,0.10,241.2,1,8,1.0
2024-03-24T12:04:40Z,26.554318,-77.083185,0.17,71.9,1,8,1.0
2024-03-24T12:04:45Z,26.554307,-77.083185,0.36,115.3,1,8,1.0
2024-03-24T12:04:50Z,26.554310,-77.083185,0.21,229.0,1,8,1.0
2024-03-24T12:04:55Z,26.554313,-77.083188,0.02,189.0,1,8,1.0
2024-03-24T12:05:00Z,26.554312,-77.083187,0.65,306.3,1,8,1.0
2024-03-24T12:05:05Z,26.554315,-77.083200,0.21,122.0,1,8,1.0
2024-03-24T12:05:10Z,26.554312,-77.083208,0.34,237.6,1,8,1.0
2024-03-24T12:05:20Z,26.554305,-77.083185,0.35,130.7,1,8,1.0
2024-03-24T12:05:25Z,26.554298,-77.083183,0.45,122.6,1,8,1.0
2024-03-24T12:05:30Z,26.554305,-77.083182,0.53,352.6,1,8,1.0
2024-03-24T12:05:35Z,26.554313,-77.083183,0.52,306.2,1,8,1.0
2024-03-24T12:05:45Z,26.554308,-77.083168,0.26,134.1,1,8,1.0
2024-03-24T12:05:50Z,26.554308,-77.083162,0.28,68.5,1,8,1.0
2024-03-24T12:05:55Z,26.554302,-77.083153,0.49,123.4,1,8,1.0
2024-03-24T12:06:00Z,26.554305,-77.083157,0.25,273.5,1,8,1.0
2024-03-24T12:06:05Z,26.554310,-77.083165,0.12,228.0,1,8,1.0
2024-03-24T12:06:10Z,26.554312,-77.083173,0.13,141.9,1,8,1.0
2024-03-24T12:06:15Z,26.554317,-77.083177,0.30,130.4,1,8,1.0
2024-03-24T12:06:20Z,26.554308,-77.083187,0.23,143.2,1,8,1.0
2024-03-24T12:06:25Z,26.554298,-77.083180,0.29,84.5,1,8,1.0
2024-03-24T12:06:30Z,26.554298,-77.083192,0.27,83.6,1,8,1.0
2024-03-24T12:06:35Z,26.554298,-77.083177,0.28,187.5,1,8,1.0
2024-03-24T12:06:40Z,26.554305,-77.083178,0.41,246.9,1,8,1.0
2024-03-24T12:06:45Z,26.554307,-77.083160,0.15,93.8,1,8,1.0
2024-03-24T12:06:50Z,26.554305,-77.083180,0.50,281.8,1,8,1.0
2024-03-24T12:07:00Z,26.554315,-77.083170,0.48,291.0,1,8,1.0
2024-03-24T12:07:05Z,26.554320,-77.083175,0.16,336.9,1,8,1.0
2024-03-24T12:07:10Z,26.554325,-77.083177,0.14,161.7,1,8,1.0
2024-03-24T12:07:15Z,26.554327,-77.083160,0.49,72.7,1,8,1.0
2024-03-24T12:07:20Z,26.554332,-77.083157,0.88,119.8,1,8,1.0
2024-03-24T12:07:25Z,26.554322,-77.083147,0.42,150.1,1,8,1.0
2024-03-24T12:07:30Z,26.554323,-77.083150,0.15,227.5,1,8,1.0
2024-03-24T12:07:35Z,26.554327,-77.083147,0.23,64.9,1,8,1.0
2024-03-24T12:07:40Z,26.554338,-77.083142,0.74,319.5,1,8,1.0
2024-03-24T12:07:45Z,26.554338,-77.083137,0.15,17.9,1,8,1.0
2024-03-24T12:07:50Z,26.554343,-77.083130,0.25,244.4,1,8,1.0
2024-03-24T12:07:55Z,26.554333,-77.083133,0.31,95.0,1,8,1.0
2024-03-24T12:08:00Z,26.554332,-77.083132,0.25,162.8,1,8,1.0
2024-03-24T12:08:05Z,26.554325,-77.083125,0.29,253.9,1,8,1.0
2024-03-24T12:08:10Z,26.554327,-77.083130,0.26,58.8,1,8,1.0
2024-03-24T12:08:15Z,26.554327,-77.083138,0.07,219.3,1,8,1.0
2024-03-24T12:08:20Z,26.554322,-77.083150,0.04,223.2,1,8,1.0
2024-03-24T12:08:25Z,26.554320,-77.083158,0.27,173.0,1,8,1.0
2024-03-24T12:08:35Z,26.554318,-77.083172,0.38,275.4,1,8,1.0
2024-03-24T12:08:40Z,26.554318,-77.083178,0.04,312.3,1,8,1.0
2024-03-24T12:08:45Z,26.554325,-77.083195,0.48,260.2,1,8,1.0
2024-03-24T12:08:50Z,26.554328,-77.083178,0.18,114.0,1,8,1.0
2024-03-24T12:08:55Z,26.554322,-77.083177,0.21,252.7,1,8,1.0
2024-03-24T12:09:00Z,26.554322,-77.083183,0.35,7.1,1,8,1.0
2024-03-24T12:09:05Z,26.554328,-77.083177,0.20,166.5,1,8,1.0
2024-03-24T12:09:10Z,26.554318,-77.083177,0.29,274.0,1,8,1.0
2024-03-24T12:09:15Z,26.554318,-77.083180,0.49,53.8,1,8,1.0
2024-03-24T12:09:20Z,26.554327,-77.083183,0.21,320.1,1,8,1.0
2024-03-24T12:09:25Z,26.554317,-77.083170,0.26,203.0,1,8,1.0
2024-03-24T12:09:30Z,26.554318,-77.083177,0.17,99.5,1,8,1.0
2024-03-24T12:09:35Z,26.554318,-77.083177,0.13,237.9,1,8,1.0
2024-03-24T12:09:45Z,26.554325,-77.083175,0.42,60.4,1,8,1.0
2024-03-24T12:09:50Z,26.554323,-77.083177,0.24,31.3,1,8,1.0
2024-03-24T12:09:55Z,26.554323,-77.083193,0.47,94.3,1,8,1.0
2024-03-24T12:10:00Z,26.554310,-77.083188,0.49,243.5,1,8,1.0
2024-03-24T12:10:05Z,26.554305,-77.083177,0.08,4.5,1,8,1.0
2024-03-24T12:10:10Z,26.554310,-77.083163,0.32,175.5,1,8,1.0
2024-03-24T12:10:15Z,26.554317,-77.083182,0.39,253.5,1,8,1.0
2024-03-24T12:10:20Z,26.554322,-77.083188,0.20,317.1,1,8,1.0
2024-03-24T12:10:25Z,26.554327,-77.083193,0.11,109.2,1,8,1.0
2024-03-24T12:10:30Z,26.554322,-77.083187,0.18,161.3,1,8,1.0
2024-03-24T12:10:35Z,26.554315,-77.083188,0.47,227.7,1,8,1.0
2024-03-24T12:10:40Z,26.554313,-77.083188,0.24,101.0,1,8,1.0
2024-03-24T12:10:45Z,26.554310,-77.083180,0.29,150.0,1,8,1.0
2024-03-24T12:10:55Z,26.554303,-77.083182,0.63,273.3,1,8,1.0
2024-03-24T12:11:00Z,26.554305,-77.083187,0.20,90.0,1,8,1.0
2024-03-24T12:11:05Z,26.554308,-77.083188,0.42,0.7,1,8,1.0
2024-03-24T12:11:10Z,26.554317,-77.083200,0.17,210.4,1,8,1.0
2024-03-24T12:11:15Z,26.554328,-77.083185,0.24,54.2,1,8,1.0
2024-03-24T12:11:20Z,26.554338,-77.083175,0.95,325.9,1,8,1.0
2024-03-24T12:11:25Z,26.554348,-77.083167,0.38,82.5,1,8,1.0
2024-03-24T12:11:30Z,26.554355,-77.083163,0.14,31.9,1,8,1.0
2024-03-24T12:11:40Z,26.554365,-77.083160,0.73,349.5,1,8,1.0
2024-03-24T12:11:45Z,26.554367,-77.083157,0.13,295.4,1,8,1.0
2024-03-24T12:11:50Z,26.554367,-77.083155,0.31,63.0,1,8,1.0
2024-03-24T12:11:55Z,26.554372,-77.083157,1.30,328.8,1,8,1.0
2024-03-24T12:12:00Z,26.554367,-77.083150,0.36,22.5,1,8,1.0
2024-03-24T12:12:05Z,26.554365,-77.083135,0.61,65.5,1,8,1.0
2024-03-24T12:12:10Z,26.554360,-77.083133,0.25,123.0,1,8,1.0
2024-03-24T12:12:15Z,26.554365,-77.083137,0.57,122.2,1,8,1.0
2024-03-24T12:12:20Z,26.554360,-77.083137,0.39,254.1,1,8,1.0
2024-03-24T12:12:25Z,26.554352,-77.083150,0.44,249.9,1,8,1.0
2024-03-24T12:12:30Z,26.554345,-77.083138,0.22,201.1,1,8,1.0
2024-03-24T12:12:35Z,26.554353,-77.083142,0.10,273.4,1,8,1.0
2024-03-24T12:12:40Z,26.554368,-77.083132,0.80,30.7,1,8,1.0
2024-03-24T12:12:50Z,26.554337,-77.083163,0.14,166.5,1,8,1.0
2024-03-24T12:12:55Z,26.554332,-77.083182,0.56,204.4,1,7,1.2
2024-03-24T12:13:00Z,26.554335,-77.083203,0.34,145.0,1,8,1.0
2024-03-24T12:13:05Z,26.554335,-77.083192,0.11,282.7,1,8,1.0
2024-03-24T12:13:10Z,26.554340,-77.083195,0.51,98.2,1,8,1.0
2024-03-24T12:13:15Z,26.554353,-77.083175,0.56,62.9,1,8,1.0
2024-03-24T12:13:20Z,26.554357,-77.083192,0.25,175.8,1,8,1.0
2024-03-24T12:13:25Z,26.554333,-77.083180,0.61,193.4,1,8,1.0
2024-03-24T12:13:30Z,26.554328,-77.083162,0.16,261.7,1,8,1.0
2024-03-24T12:13:35Z,26.554323,-77.083155,0.41,109.8,1,8,1.0
2024-03-24T12:13:40Z,26.554327,-77.083153,0.27,70.4,1,8,1.0
2024-03-24T12:13:45Z,26.554328,-77.083167,0.10,326.6,1,8,1.0
2024-03-24T12:13:50Z,26.554335,-77.083168,0.14,259.5,1,8,1.0
2024-03-24T12:14:00Z,26.554327,-77.083163,0.56,128.8,1,8,1.0
2024-03-24T12:14:05Z,26.554328,-77.083172,0.55,137.0,1,8,1.0
2024-03-24T12:14:10Z,26.554312,-77.083172,0.39,190.3,1,8,1.0
2024-03-24T12:14:15Z,26.554330,-77.083155,1.09,326.1,1,8,1.0
2024-03-24T12:14:25Z,26.554348,-77.083150,0.11,333.7,1,8,1.0
2024-03-24T12:14:30Z,26.554352,-77.083147,0.42,127.6,1,8,1.0
2024-03-24T12:14:35Z,26.554350,-77.083132,0.33,232.7,1,8,1.0
2024-03-24T12:14:40Z,26.554360,-77.083128,0.43,64.5,1,8,1.0
2024-03-24T12:14:45Z,26.554358,-77.083133,0.28,157.6,1,8,1.0
2024-03-24T12:14:55Z,26.554353,-77.083148,0.28,223.3,1,8,1.0
2024-03-24T12:15:00Z,26.554348,-77.083140,0.26,223.4,1,8,1.0
2024-03-24T12:15:05Z,26.554337,-77.083138,0.68,272.5,1,8,1.0
2024-03-24T12:15:10Z,26.554338,-77.083148,1.02,270.3,1,8,1.0
2024-03-24T12:15:15Z,26.554338,-77.083135,0.30,169.9,1,8,1.0
2024-03-24T12:15:20Z,26.554333,-77.083162,0.82,252.9,1,8,1.0
2024-03-24T12:15:25Z,26.554328,-77.083165,0.63,298.2,1,8,1.0
2024-03-24T12:15:30Z,26.554327,-77.083178,0.20,323.6,1,8,1.0
2024-03-24T12:15:35Z,26.554332,-77.083187,0.28,229.6,1,8,1.0
2024-03-24T12:15:40Z,26.554327,-77.083182,0.16,141.9,1,8,1.0
2024-03-24T12:15:45Z,26.554315,-77.083175,0.35,134.0,1,8,1.0
2024-03-24T12:15:55Z,26.554322,-77.083177,0.22,317.1,1,8,1.0
2024-03-24T12:16:00Z,26.554328,-77.083168,0.67,327.3,1,8,1.0
2024-03-24T12:16:05Z,26.554327,-77.083167,0.35,226.9,1,8,1.0
2024-03-24T12:16:10Z,26.554323,-77.083180,0.49,279.9,1,8,1.0
2024-03-24T12:16:20Z,26.554328,-77.083175,0.33,318.6,1,8,1.0
2024-03-24T12:16:25Z,26.554330,-77.083177,0.19,283.4,1,8,1.0
2024-03-24T12:16:30Z,26.554323,-77.083165,0.24,35.8,1,8,1.0
2024-03-24T12:16:35Z,26.554328,-77.083168,0.06,269.8,1,8,1.0
2024-03-24T12:16:40Z,26.554328,-77.083172,0.16,272.3,1,8,1.0
2024-03-24T12:16:50Z,26.554342,-77.083190,0.07,140.6,1,8,1.0
2024-03-24T12:16:55Z,26.554347,-77.083185,0.27,326.2,1,8,1.0
2024-03-24T12:17:00Z,26.554352,-77.083192,0.07,303.9,1,8,1.0
2024-03-24T12:17:05Z,26.554348,-77.083188,0.20,352.6,1,8,1.0
2024-03-24T12:17:10Z,26.554332,-77.083165,0.61,67.2,1,8,1.0
2024-03-24T12:17:15Z,26.554328,-77.083153,0.12,96.7,1,8,1.0
2024-03-24T12:17:20Z,26.554327,-77.083157,0.40,325.2,1,8,1.0
2024-03-24T12:17:25Z,26.554340,-77.083157,0.15,342.4,1,8,1.0
2024-03-24T12:17:30Z,26.554343,-77.083167,0.20,249.0,1,8,1.0
2024-03-24T12:17:35Z,26.554342,-77.083175,0.26,359.0,1,8,1.0
2024-03-24T12:17:40Z,26.554338,-77.083162,0.49,60.1,1,8,1.0
2024-03-24T12:17:45Z,26.554343,-77.083168,0.58,313.5,1,7,1.1
2024-03-24T12:17:50Z,26.554347,-77.083165,0.10,212.0,1,8,1.0
2024-03-24T12:17:55Z,26.554367,-77.083160,0.64,305.6,1,8,1.0
2024-03-24T12:18:00Z,26.554345,-77.083148,0.48,141.1,1,8,1.0
2024-03-24T12:18:10Z,26.554337,-77.083137,0.26,134.5,1,8,1.0
2024-03-24T12:18:15Z,26.554345,-77.083145,1.00,150.5,1,8,1.0
2024-03-24T12:18:20Z,26.554343,-77.083152,0.27,203.4,1,8,1.0
2024-03-24T12:18:25Z,26.554343,-77.083142,0.21,86.7,1,8,1.0
2024-03-24T12:18:35Z,26.554338,-77.083148,0.58,82.0,1,8,1.0
2024-03-24T12:18:40Z,26.554340,-77.083143,0.33,270.5,1,8,1.0
2024-03-24T12:18:45Z,26.554345,-77.083155,0.57,234.9,1,8,1.0
2024-03-24T12:18:50Z,26.554338,-77.083158,0.59,82.2,1,8,1.0
2024-03-24T12:19:00Z,26.554335,-77.083152,0.24,160.1,1,8,1.0
2024-03-24T12:19:05Z,26.554332,-77.083165,0.55,217.1,1,8,1.0
2024-03-24T12:19:10Z,26.554335,-77.083165,0.12,56.2,1,8,1.0
2024-03-24T12:19:15Z,26.554338,-77.083172,0.32,46.1,1,8,1.0
2024-03-24T12:19:25Z,26.554353,-77.083145,0.23,341.4,1,8,1.0
2024-03-24T12:19:30Z,26.554362,-77.083157,0.30,70.9,1,8,1.0
2024-03-24T12:19:35Z,26.554348,-77.083153,0.51,159.6,1,8,1.0
2024-03-24T12:19:40Z,26.554348,-77.083162,0.40,151.3,1,8,1.0
2024-03-24T12:19:50Z,26.554345,-77.083158,0.26,320.4,1,8,1.0
2024-03-24T12:19:55Z,26.554330,-77.083140,0.40,186.7,1,8,1.0
2024-03-24T12:20:00Z,26.554310,-77.083135,0.15,301.9,1,8,1.0
2024-03-24T12:20:05Z,26.554327,-77.083127,0.48,270.4,1,8,1.0
2024-03-24T12:20:10Z,26.554328,-77.083142,0.17,50.5,1,8,1.0
2024-03-24T12:20:15Z,26.554320,-77.083137,0.54,128.4,1,8,1.0
2024-03-24T12:20:20Z,26.554323,-77.083135,0.28,267.9,1,8,1.0
2024-03-24T12:20:25Z,26.554328,-77.083140,0.76,270.4,1,8,1.0
2024-03-24T12:20:30Z,26.554338,-77.083152,0.34,85.5,1,8,1.0
2024-03-24T12:20:35Z,26.554335,-77.083153,0.57,106.4,1,8,1.0
2024-03-24T12:20:40Z,26.554330,-77.083155,0.35,132.9,1,8,1.0
2024-03-24T12:20:45Z,26.554330,-77.083152,0.15,118.3,1,8,1.0
2024-03-24T12:20:50Z,26.554327,-77.083148,0.21,288.9,1,8,1.0
2024-03-24T12:20:55Z,26.554318,-77.083140,0.13,170.0,1,8,1.0
2024-03-24T12:21:00Z,26.554317,-77.083158,0.31,266.1,1,8,1.0
2024-03-24T12:21:10Z,26.554340,-77.083148,0.27,161.2,1,8,1.0
2024-03-24T12:21:15Z,26.554337,-77.083153,0.38,304.1,1,8,1.0
2024-03-24T12:21:20Z,26.554327,-77.083148,0.46,143.7,1,8,1.0
2024-03-24T12:21:25Z,26.554320,-77.083148,0.05,154.7,1,8,1.0
2024-03-24T12:21:35Z,26.554347,-77.083147,0.08,42.4,1,8,1.0
2024-03-24T12:21:40Z,26.554335,-77.083152,0.88,107.5,1,8,1.0
2024-03-24T12:21:45Z,26.554335,-77.083167,0.17,144.3,1,8,1.0
2024-03-24T12:21:50Z,26.554342,-77.083178,0.16,352.2,1,8,1.0
2024-03-24T12:22:00Z,26.554338,-77.083165,0.18,1.1,1,8,1.0
2024-03-24T12:22:05Z,26.554337,-77.083170,0.25,256.8,1,8,1.0
2024-03-24T12:22:10Z,26.554345,-77.083145,0.44,210.8,1,8,1.0
2024-03-24T12:22:15Z,26.554337,-77.083165,0.21,262.2,1,8,1.0
2024-03-24T12:22:25Z,26.554330,-77.083158,0.08,336.7,1,8,1.0
2024-03-24T12:22:30Z,26.554323,-77.083155,0.22,269.9,1,8,1.0
2024-03-24T12:22:35Z,26.554323,-77.083157,0.10,267.8,1,8,1.0
2024-03-24T12:22:40Z,26.554328,-77.083147,0.44,92.5,1,8,1.0
2024-03-24T12:22:50Z,26.554318,-77.083158,0.14,190.0,1,8,1.0
2024-03-24T12:22:55Z,26.554318,-77.083172,0.13,257.8,1,8,1.0
2024-03-24T12:23:00Z,26.554318,-77.083173,0.33,84.8,1,8,1.0
2024-03-24T12:23:05Z,26.554318,-77.083180,0.18,305.4,1,8,1.0
2024-03-24T12:23:15Z,26.554315,-77.083168,0.48,310.8,1,8,1.0
2024-03-24T12:23:20Z,26.554323,-77.083158,0.25,30.5,1,8,1.0
2024-03-24T12:23:25Z,26.554322,-77.083167,0.34,31.8,1,7,1.0
2024-03-24T12:23:30Z,26.554318,-77.083175,0.21,227.8,1,8,1.0
2024-03-24T12:23:40Z,26.554323,-77.083170,0.21,10.4,1,8,1.0
2024-03-24T12:23:45Z,26.554330,-77.083158,0.36,16.5,1,8,1.0
2024-03-24T12:23:50Z,26.554328,-77.083160,0.36,166.2,1,8,1.0
2024-03-24T12:23:55Z,26.554320,-77.083162,0.24,178.8,1,8,1.0
2024-03-24T12:24:00Z,26.554308,-77.083168,0.56,94.0,1,8,1.0
2024-03-24T12:24:05Z,26.554315,-77.083172,0.12,341.9,1,8,1.0
2024-03-24T12:24:10Z,26.554318,-77.083173,0.60,68.4,1,8,1.0
2024-03-24T12:24:15Z,26.554318,-77.083185,0.28,304.4,1,8,1.0
2024-03-24T12:24:20Z,26.554323,-77.083178,0.14,47.1,1,8,1.0
2024-03-24T12:24:25Z,26.554327,-77.083177,0.25,102.4,1,8,1.0
2024-03-24T12:24:30Z,26.554328,-77.083173,0.10,193.3,1,8,1.0
2024-03-24T12:24:35Z,26.554325,-77.083172,0.03,296.2,1,8,1.0
2024-03-24T12:24:40Z,26.554317,-77.083182,0.37,170.9,1,8,1.0
2024-03-24T12:24:45Z,26.554310,-77.083185,0.24,68.7,1,8,1.0
2024-03-24T12:24:50Z,26.554315,-77.083185,0.39,92.0,1,8,1.0
2024-03-24T12:25:00Z,26.554322,-77.083167,0.35,309.5,1,8,1.0
2024-03-24T12:25:05Z,26.554310,-77.083148,0.90,74.9,1,8,1.0
2024-03-24T12:25:10Z,26.554325,-77.083160,0.16,314.4,1,8,1.0
2024-03-24T12:25:15Z,26.554328,-77.083158,0.26,179.0,1,8,1.0
2024-03-24T12:25:20Z,26.554323,-77.083168,0.49,40.0,1,8,1.0
2024-03-24T12:25:25Z,26.554313,-77.083152,0.13,111.9,1,8,1.0
2024-03-24T12:25:30Z,26.554308,-77.083147,0.68,193.2,1,8,1.0
2024-03-24T12:25:35Z,26.554318,-77.083147,0.31,282.3,1,8,1.0
2024-03-24T12:25:40Z,26.554323,-77.083147,0.59,58.9,1,8,1.0
2024-03-24T12:25:45Z,26.554327,-77.083167,0.36,327.9,1,8,1.0
2024-03-24T12:25:50Z,26.554340,-77.083165,0.35,181.1,1,8,1.0
2024-03-24T12:25:55Z,26.554323,-77.083163,0.46,170.5,1,8,1.0
2024-03-24T12:26:00Z,26.554330,-77.083168,0.26,285.3,1,8,1.0
2024-03-24T12:26:05Z,26.554323,-77.083172,0.04,328.3,1,8,1.0
2024-03-24T12:26:10Z,26.554322,-77.083162,0.58,79.4,1,8,1.0
2024-03-24T12:26:15Z,26.554323,-77.083153,0.09,114.2,1,8,1.0
2024-03-24T12:26:20Z,26.554337,-77.083130,0.70,110.6,1,8,1.0
2024-03-24T12:26:25Z,26.554337,-77.083115,0.30,93.5,1,8,1.0
2024-03-24T12:26:30Z,26.554342,-77.083118,0.06,353.4,1,8,1.0
2024-03-24T12:26:35Z,26.554335,-77.083128,0.12,140.7,1,8,1.0
2024-03-24T12:26:40Z,26.554338,-77.083142,0.05,260.7,1,8,1.0
2024-03-24T12:26:45Z,26.554333,-77.083158,0.29,221.2,1,8,1.0
2024-03-24T12:26:55Z,26.554328,-77.083172,0.15,295.4,1,8,1.0
2024-03-24T12:27:00Z,26.554318,-77.083178,0.18,232.4,1,8,1.0
2024-03-24T12:27:05Z,26.554320,-77.083185,0.10,270.5,1,8,1.0
2024-03-24T12:27:10Z,26.554320,-77.083178,0.27,32.1,1,8,1.0
2024-03-24T12:27:15Z,26.554313,-77.083183,0.66,53.3,1,8,1.0
2024-03-24T12:27:25Z,26.554302,-77.083203,0.16,3.4,1,8,1.0
2024-03-24T12:27:30Z,26.554297,-77.083193,0.50,105.0,1,8,1.0
2024-03-24T12:27:35Z,26.554307,-77.083188,0.32,77.9,1,8,1.0
2024-03-24T12:27:40Z,26.554320,-77.083165,0.31,102.3,1,8,1.0
2024-03-24T12:27:45Z,26.554322,-77.083160,0.21,65.0,1,8,1.0
2024-03-24T12:27:55Z,26.554328,-77.083163,0.41,246.6,1,8,1.0
2024-03-24T12:28:00Z,26.554352,-77.083202,0.18,292.8,1,8,1.0
2024-03-24T12:28:05Z,26.554343,-77.083200,0.26,192.8,1,8,1.0
2024-03-24T12:28:10Z,26.554342,-77.083192,0.72,274.4,1,8,1.0
2024-03-24T12:28:20Z,26.554352,-77.083202,0.41,180.4,1,8,1.0
2024-03-24T12:28:25Z,26.554355,-77.083190,0.83,355.8,1,8,1.0
2024-03-24T12:28:30Z,26.554353,-77.083175,0.18,63.6,1,8,1.0
2024-03-24T12:28:35Z,26.554338,-77.083168,0.09,180.1,1,8,1.0
2024-03-24T12:28:45Z,26.554320,-77.083162,0.28,72.2,1,8,1.0
2024-03-24T12:28:50Z,26.554325,-77.083177,0.53,270.2,1,8,1.0
2024-03-24T12:28:55Z,26.554318,-77.083183,0.28,304.9,1,8,1.0
2024-03-24T12:29:00Z,26.554305,-77.083163,0.29,179.8,1,8,1.0
2024-03-24T12:29:10Z,26.554313,-77.083165,0.41,1.3,1,8,1.0
2024-03-24T12:29:15Z,26.554307,-77.083188,0.30,262.8,1,8,1.0
2024-03-24T12:29:20Z,26.554305,-77.083192,0.46,90.2,1,8,1.0
2024-03-24T12:29:25Z,26.554303,-77.083190,0.14,272.5,1,8,1.0
2024-03-24T12:29:35Z,26.554303,-77.083210,0.54,139.5,1,8,1.0
2024-03-24T12:29:40Z,26.554317,-77.083222,0.18,230.2,1,7,1.1
2024-03-24T12:29:45Z,26.554350,-77.083222,0.36,323.9,1,8,1.0
2024-03-24T12:29:50Z,26.554358,-77.083218,0.31,181.6,1,8,1.0
2024-03-24T12:30:00Z,26.554330,-77.083198,0.80,128.2,1,8,1.0
2024-03-24T12:30:05Z,26.554328,-77.083192,0.27,127.3,1,8,1.0
2024-03-24T12:30:10Z,26.554327,-77.083182,0.18,113.8,1,7,1.1
2024-03-24T12:30:15Z,26.554327,-77.083167,0.51,352.8,1,8,1.0
2024-03-24T12:30:25Z,26.554323,-77.083180,0.54,289.2,1,8,1.0
2024-03-24T12:30:30Z,26.554323,-77.083180,0.22,54.7,1,8,1.0
2024-03-24T12:30:35Z,26.554327,-77.083183,0.13,218.5,1,8,1.0
2024-03-24T12:30:40Z,26.554325,-77.083192,0.39,177.2,1,8,1.0
2024-03-24T12:30:50Z,26.554308,-77.083190,0.30,107.1,1,8,1.0
2024-03-24T12:30:55Z,26.554318,-77.083170,0.13,172.9,1,8,1.0
2024-03-24T12:31:00Z,26.554318,-77.083190,0.21,253.4,1,8,1.0
2024-03-24T12:31:05Z,26.554313,-77.083185,0.40,177.1,1,8,1.0
2024-03-24T12:31:15Z,26.554303,-77.083183,0.82,145.8,1,8,1.0
2024-03-24T12:31:20Z,26.554298,-77.083173,0.22,236.6,1,8,1.0
2024-03-24T12:31:25Z,26.554290,-77.083177,0.21,127.7,1,7,1.1
2024-03-24T12:31:30Z,26.554305,-77.083182,0.06,73.2,1,8,1.0
2024-03-24T12:31:40Z,26.554320,-77.083173,0.42,194.2,1,8,1.0
2024-03-24T12:31:45Z,26.554318,-77.083193,0.34,116.0,1,8,1.0
2024-03-24T12:31:50Z,26.554322,-77.083175,0.36,114.4,1,8,1.0
2024-03-24T12:31:55Z,26.554330,-77.083158,0.28,180.0,1,8,1.0
2024-03-24T12:32:05Z,26.554347,-77.083158,0.38,5.4,1,8,1.0
2024-03-24T12:32:10Z,26.554345,-77.083147,0.13,227.5,1,8,1.0
2024-03-24T12:32:15Z,26.554327,-77.083153,0.63,187.0,1,8,1.0
2024-03-24T12:32:20Z,26.554327,-77.083170,0.79,124.9,1,8,1.0
2024-03-24T12:32:30Z,26.554310,-77.083168,0.22,243.4,1,8,1.0
2024-03-24T12:32:35Z,26.554325,-77.083163,0.22,57.6,1,8,1.0
2024-03-24T12:32:40Z,26.554333,-77.083162,0.29,298.1,1,7,1.1
2024-03-24T12:32:45Z,26.554328,-77.083172,0.40,259.1,1,8,1.0
2024-03-24T12:32:55Z,26.554327,-77.083180,0.21,109.8,1,8,1.0
2024-03-24T12:33:00Z,26.554317,-77.083180,0.50,176.3,1,8,1.0
2024-03-24T12:33:05Z,26.554318,-77.083188,0.29,128.9,1,8,1.0
2024-03-24T12:33:10Z,26.554320,-77.083188,0.19,99.8,1,8,1.0
2024-03-24T12:33:15Z,26.554312,-77.083180,0.35,94.7,1,8,1.0
2024-03-24T12:33:20Z,26.554317,-77.083178,0.45,112.4,1,8,1.0
2024-03-24T12:33:25Z,26.554317,-77.083182,0.44,128.2,1,8,1.0
2024-03-24T12:33:30Z,26.554320,-77.083193,0.51,100.0,1,8,1.0
2024-03-24T12:33:35Z,26.554320,-77.083200,0.25,343.2,1,8,1.0
2024-03-24T12:33:40Z,26.554315,-77.083185,0.67,72.0,1,8,1.0
2024-03-24T12:33:45Z,26.554317,-77.083183,0.32,84.7,1,8,1.0
2024-03-24T12:33:50Z,26.554302,-77.083173,1.20,126.5,1,8,1.0
2024-03-24T12:33:55Z,26.554300,-77.083192,0.18,228.2,1,8,1.0
2024-03-24T12:34:00Z,26.554288,-77.083185,0.70,145.5,1,8,1.0
2024-03-24T12:34:05Z,26.554308,-77.083208,0.40,88.0,1,8,1.0
2024-03-24T12:34:15Z,26.554322,-77.083182,0.24,87.5,1,8,1.0
2024-03-24T12:34:20Z,26.554315,-77.083195,0.23,120.7,1,8,1.0
2024-03-24T12:34:25Z,26.554305,-77.083198,0.32,103.8,1,8,1.0
2024-03-24T12:34:30Z,26.554313,-77.083178,0.46,107.2,1,8,1.0
2024-03-24T12:34:40Z,26.554328,-77.083188,0.25,350.5,1,8,1.0
2024-03-24T12:34:45Z,26.554337,-77.083183,0.32,137.0,1,8,1.0
2024-03-24T12:34:50Z,26.554328,-77.083178,0.18,330.6,1,8,1.0
2024-03-24T12:34:55Z,26.554320,-77.083183,0.38,341.8,1,8,1.0
2024-03-24T12:35:05Z,26.554308,-77.083177,0.13,23.1,1,8,1.0
2024-03-24T12:35:10Z,26.554298,-77.083157,0.19,160.4,1,8,1.0
2024-03-24T12:35:15Z,26.554300,-77.083145,0.56,110.0,1,8,1.0
2024-03-24T12:35:20Z,26.554297,-77.083138,0.44,279.8,1,8,1.0
2024-03-24T12:35:25Z,26.554292,-77.083150,0.68,35.5,1,8,1.0
2024-03-24T12:35:35Z,26.554310,-77.083187,0.50,138.1,1,8,1.0
2024-03-24T12:35:40Z,26.554307,-77.083178,0.09,86.7,1,8,1.0
2024-03-24T12:35:45Z,26.554317,-77.083188,0.51,142.3,1,8,1.0
2024-03-24T12:35:50Z,26.554318,-77.083202,0.70,295.4,1,8,1.0
2024-03-24T12:36:00Z,26.554320,-77.083182,0.60,33.1,1,8,1.0
2024-03-24T12:36:05Z,26.554318,-77.083190,0.38,96.3,1,8,1.0
2024-03-24T12:36:10Z,26.554315,-77.083163,0.45,23.0,1,7,1.3
2024-03-24T12:36:15Z,26.554323,-77.083170,0.17,41.9,1,8,1.0
2024-03-24T12:36:20Z,26.554322,-77.083177,0.03,302.3,1,8,1.0
2024-03-24T12:36:30Z,26.554338,-77.083185,0.73,32.4,1,8,1.0
2024-03-24T12:36:35Z,26.554348,-77.083195,0.54,74.6,1,8,1.0
2024-03-24T12:36:40Z,26.554343,-77.083173,0.64,80.2,1,8,1.0
2024-03-24T12:36:45Z,26.554343,-77.083165,0.05,345.9,1,8,1.0
2024-03-24T12:36:55Z,26.554353,-77.083148,0.22,325.7,1,8,1.0
2024-03-24T12:37:00Z,26.554352,-77.083152,0.85,126.0,1,8,1.0
2024-03-24T12:37:05Z,26.554357,-77.083180,0.36,302.3,1,8,1.0
2024-03-24T12:37:10Z,26.554343,-77.083173,0.56,146.0,1,8,1.0
2024-03-24T12:37:15Z,26.554347,-77.083182,0.14,283.5,1,8,1.0
2024-03-24T12:37:20Z,26.554338,-77.083187,0.26,169.6,1,8,1.0
2024-03-24T12:37:25Z,26.554337,-77.083173,0.44,53.4,1,8,1.0
2024-03-24T12:37:30Z,26.554337,-77.083162,0.30,148.6,1,8,1.0
2024-03-24T12:37:35Z,26.554332,-77.083165,0.43,242.6,1,7,1.2
2024-03-24T12:37:40Z,26.554342,-77.083180,0.58,76.3,1,8,1.0
2024-03-24T12:37:45Z,26.554332,-77.083148,0.24,326.6,1,8,1.0
2024-03-24T12:37:50Z,26.554318,-77.083133,0.46,121.4,1,8,1.0
2024-03-24T12:37:55Z,26.554320,-77.083113,0.43,91.7,1,8,1.0
2024-03-24T12:38:00Z,26.554315,-77.083128,0.19,3.4,1,8,1.0
2024-03-24T12:38:05Z,26.554310,-77.083142,0.28,290.7,1,7,1.2
2024-03-24T12:38:10Z,26.554307,-77.083153,0.25,253.1,1,8,1.0
2024-03-24T12:38:20Z,26.554293,-77.083173,0.37,303.6,1,8,1.0
2024-03-24T12:38:25Z,26.554290,-77.083178,0.35,217.9,1,8,1.0
2024-03-24T12:38:30Z,26.554287,-77.083170,0.22,90.4,1,8,1.0
2024-03-24T12:38:35Z,26.554297,-77.083178,0.79,117.0,1,8,1.0
2024-03-24T12:38:45Z,26.554315,-77.083190,0.38,53.4,1,8,1.0
2024-03-24T12:38:50Z,26.554323,-77.083180,0.43,282.6,1,8,1.0
2024-03-24T12:38:55Z,26.554328,-77.083173,1.02,73.7,1,9,0.9
2024-03-24T12:39:00Z,26.554308,-77.083165,0.41,117.5,1,9,0.9
2024-03-24T12:39:05Z,26.554307,-77.083165,0.57,301.2,1,9,0.9
2024-03-24T12:39:10Z,26.554317,-77.083165,0.40,102.9,1,9,0.9
2024-03-24T12:39:15Z,26.554315,-77.083167,0.40,279.6,1,9,0.9
2024-03-24T12:39:20Z,26.554317,-77.083180,0.31,310.7,1,9,0.9
2024-03-24T12:39:25Z,26.554335,-77.083197,0.53,343.9,1,9,0.9
2024-03-24T12:39:30Z,26.554342,-77.083182,0.41,73.6,1,9,0.9
2024-03-24T12:39:35Z,26.554340,-77.083177,0.46,107.0,1,9,0.9
2024-03-24T12:39:45Z,26.554330,-77.083168,0.41,114.6,1,9,0.9
2024-03-24T12:39:50Z,26.554330,-77.083162,0.11,330.8,1,8,1.0
2024-03-24T12:39:55Z,26.554332,-77.083155,0.29,121.2,1,9,0.9
2024-03-24T12:40:00Z,26.554328,-77.083160,0.42,224.0,1,9,0.9
2024-03-24T12:40:05Z,26.554322,-77.083192,0.45,242.5,1,9,0.9
2024-03-24T12:40:10Z,26.554317,-77.083212,0.26,169.0,1,9,0.9
2024-03-24T12:40:15Z,26.554307,-77.083208,0.14,109.3,1,9,0.9
2024-03-24T12:40:20Z,26.554305,-77.083212,0.57,229.7,1,9,0.9
2024-03-24T12:40:25Z,26.554303,-77.083225,0.73,273.4,1,9,0.9
2024-03-24T12:40:30Z,26.554307,-77.083212,0.33,163.9,1,9,0.9
2024-03-24T12:40:35Z,26.554298,-77.083202,0.77,93.3,1,9,0.9
2024-03-24T12:40:40Z,26.554307,-77.083203,0.13,115.0,1,9,0.9
2024-03-24T12:40:45Z,26.554307,-77.083212,0.45,113.2,1,9,0.9
2024-03-24T12:40:50Z,26.554305,-77.083213,0.12,207.9,1,9,0.9
2024-03-24T12:40:55Z,26.554297,-77.083203,0.22,239.2,1,9,0.9
2024-03-24T12:41:00Z,26.554297,-77.083207,0.33,53.2,1,9,0.9
2024-03-24T12:41:10Z,26.554298,-77.083193,0.32,58.5,1,9,0.9
2024-03-24T12:41:15Z,26.554303,-77.083200,0.52,326.4,1,9,0.9
2024-03-24T12:41:20Z,26.554302,-77.083210,0.21,41.9,1,9,0.9
2024-03-24T12:41:25Z,26.554310,-77.083207,0.40,98.1,1,9,0.9
2024-03-24T12:41:35Z,26.554317,-77.083200,0.34,15.3,1,9,0.9
2024-03-24T12:41:40Z,26.554328,-77.083193,0.24,42.7,1,9,0.9
2024-03-24T12:41:45Z,26.554325,-77.083198,0.45,86.0,1,9,0.9
2024-03-24T12:41:50Z,26.554317,-77.083193,0.87,318.2,1,9,0.9
2024-03-24T12:42:00Z,26.554323,-77.083182,0.55,212.6,1,9,0.9
2024-03-24T12:42:05Z,26.554340,-77.083180,0.10,206.0,1,9,0.9
2024-03-24T12:42:10Z,26.554343,-77.083170,0.37,37.8,1,9,0.9
2024-03-24T12:42:15Z,26.554343,-77.083165,0.18,202.5,1,9,0.9
2024-03-24T12:42:25Z,26.554335,-77.083172,0.43,229.6,1,9,0.9
2024-03-24T12:42:30Z,26.554323,-77.083168,0.38,232.8,1,9,0.9
2024-03-24T12:42:35Z,26.554318,-77.083173,0.08,298.3,1,9,0.9
2024-03-24T12:42:40Z,26.554317,-77.083158,0.25,151.7,1,9,0.9
2024-03-24T12:42:45Z,26.554308,-77.083150,0.24,175.2,1,9,0.9
2024-03-24T12:42:50Z,26.554308,-77.083170,0.39,274.7,1,9,0.9
2024-03-24T12:42:55Z,26.554307,-77.083187,0.26,153.2,1,9,0.9
2024-03-24T12:43:00Z,26.554318,-77.083173,0.68,100.2,1,9,0.9
2024-03-24T12:43:05Z,26.554313,-77.083173,0.24,224.5,1,9,0.9
2024-03-24T12:43:10Z,26.554312,-77.083178,0.18,18.4,1,9,0.9
2024-03-24T12:43:15Z,26.554318,-77.083163,0.51,153.4,1,9,0.9
2024-03-24T12:43:20Z,26.554318,-77.083167,0.21,122.1,1,9,0.9
2024-03-24T12:43:25Z,26.554308,-77.083170,0.33,45.4,1,9,0.9
2024-03-24T12:43:30Z,26.554295,-77.083177,0.17,228.0,1,9,0.9
2024-03-24T12:43:35Z,26.554312,-77.083183,0.61,283.5,1,9,0.9
2024-03-24T12:43:40Z,26.554312,-77.083185,0.10,95.4,1,9,0.9
2024-03-24T12:43:45Z,26.554313,-77.083172,0.03,121.4,1,9,0.9
2024-03-24T12:43:50Z,26.554317,-77.083170,0.17,272.5,1,9,0.9
2024-03-24T12:43:55Z,26.554313,-77.083168,0.04,102.4,1,9,0.9
2024-03-24T12:44:00Z,26.554315,-77.083170,0.58,84.6,1,9,0.9
2024-03-24T12:44:05Z,26.554315,-77.083168,0.12,33.3,1,9,0.9
2024-03-24T12:44:15Z,26.554330,-77.083140,0.45,79.5,1,8,1.0
2024-03-24T12:44:20Z,26.554327,-77.083128,0.36,128.1,1,9,0.9
2024-03-24T12:44:25Z,26.554323,-77.083123,0.18,52.8,1,9,0.9
2024-03-24T12:44:30Z,26.554330,-77.083138,0.19,350.2,1,9,0.9
2024-03-24T12:44:35Z,26.554332,-77.083140,0.07,236.2,1,9,0.9
2024-03-24T12:44:40Z,26.554327,-77.083132,0.14,288.9,1,9,0.9
2024-03-24T12:44:45Z,26.554325,-77.083132,0.60,90.3,1,9,0.9
2024-03-24T12:44:50Z,26.554327,-77.083137,0.58,101.0,1,9,0.9
2024-03-24T12:44:55Z,26.554335,-77.083128,0.32,98.1,1,9,0.9
2024-03-24T12:45:00Z,26.554328,-77.083132,0.08,95.2,1,9,0.9
2024-03-24T12:45:05Z,26.554335,-77.083132,0.16,167.4,1,9,0.9
2024-03-24T12:45:15Z,26.554335,-77.083145,0.18,68.5,1,9,0.9
2024-03-24T12:45:20Z,26.554335,-77.083140,0.36,108.2,1,9,0.9
2024-03-24T12:45:25Z,26.554340,-77.083148,0.51,50.7,1,9,0.9
2024-03-24T12:45:30Z,26.554343,-77.083145,0.18,293.4,1,8,1.0
2024-03-24T12:45:40Z,26.554320,-77.083150,0.11,220.9,1,9,0.9
2024-03-24T12:45:45Z,26.554317,-77.083153,0.54,217.4,1,9,0.9
2024-03-24T12:45:50Z,26.554332,-77.083155,0.16,327.3,1,9,0.9
2024-03-24T12:45:55Z,26.554322,-77.083157,0.12,147.3,1,9,0.9
2024-03-24T12:46:00Z,26.554318,-77.083152,0.20,123.9,1,9,0.9
2024-03-24T12:46:10Z,26.554335,-77.083172,0.15,196.9,1,9,0.9
2024-03-24T12:46:15Z,26.554328,-77.083177,0.21,82.2,1,9,0.9
2024-03-24T12:46:20Z,26.554323,-77.083165,0.06,97.3,1,9,0.9
2024-03-24T12:46:25Z,26.554317,-77.083165,0.12,293.2,1,9,0.9
2024-03-24T12:46:35Z,26.554308,-77.083157,0.14,247.8,1,9,0.9
2024-03-24T12:46:40Z,26.554307,-77.083165,0.36,83.9,1,9,0.9
2024-03-24T12:46:45Z,26.554308,-77.083160,0.27,59.1,1,9,0.9
2024-03-24T12:46:50Z,26.554313,-77.083162,0.34,248.7,1,9,0.9
2024-03-24T12:46:55Z,26.554315,-77.083152,0.26,49.8,1,9,0.9
2024-03-24T12:47:00Z,26.554315,-77.083133,0.19,176.7,1,9,0.9
2024-03-24T12:47:05Z,26.554308,-77.083135,0.50,127.7,1,9,0.9
2024-03-24T12:47:10Z,26.554312,-77.083120,0.46,93.1,1,9,0.9
2024-03-24T12:47:15Z,26.554310,-77.083125,0.19,285.1,1,9,0.9
2024-03-24T12:47:20Z,26.554312,-77.083140,0.30,79.6,1,9,0.9
2024-03-24T12:47:25Z,26.554315,-77.083140,0.32,5.3,1,9,0.9
2024-03-24T12:47:30Z,26.554320,-77.083150,0.19,343.2,1,9,0.9
2024-03-24T12:47:35Z,26.554327,-77.083152,0.31,67.2,1,9,0.9
2024-03-24T12:47:40Z,26.554328,-77.083152,0.25,145.5,1,9,0.9
2024-03-24T12:47:45Z,26.554322,-77.083143,0.50,128.4,1,9,0.9
2024-03-24T12:47:55Z,26.554312,-77.083135,0.61,106.3,1,9,0.9
2024-03-24T12:48:00Z,26.554313,-77.083135,0.23,137.4,1,9,0.9
2024-03-24T12:48:05Z,26.554320,-77.083128,0.68,67.8,1,9,0.9
2024-03-24T12:48:10Z,26.554335,-77.083135,0.26,260.2,1,9,0.9
2024-03-24T12:48:15Z,26.554328,-77.083152,0.17,26.4,1,9,0.9
2024-03-24T12:48:20Z,26.554323,-77.083143,0.23,208.8,1,9,0.9
2024-03-24T12:48:25Z,26.554322,-77.083167,0.55,202.7,1,9,0.9
2024-03-24T12:48:30Z,26.554325,-77.083168,0.64,116.0,1,9,0.9
2024-03-24T12:48:35Z,26.554318,-77.083170,0.43,248.7,1,9,0.9
2024-03-24T12:48:40Z,26.554322,-77.083177,0.44,86.6,1,9,0.9
2024-03-24T12:48:50Z,26.554307,-77.083167,0.30,288.6,1,9,0.9
2024-03-24T12:48:55Z,26.554305,-77.083173,0.51,127.6,1,9,0.9
2024-03-24T12:49:00Z,26.554303,-77.083175,0.22,187.0,1,9,0.9
2024-03-24T12:49:05Z,26.554305,-77.083178,0.50,325.2,1,9,0.9
2024-03-24T12:49:15Z,26.554302,-77.083205,0.39,217.8,1,9,0.9
2024-03-24T12:49:20Z,26.554302,-77.083210,0.80,291.7,1,9,0.9
2024-03-24T12:49:25Z,26.554302,-77.083207,0.37,315.3,1,9,0.9
2024-03-24T12:49:30Z,26.554298,-77.083192,0.08,98.7,1,9,0.9
2024-03-24T12:49:35Z,26.554298,-77.083180,0.64,72.7,1,9,0.9
2024-03-24T12:49:40Z,26.554308,-77.083182,0.21,75.7,1,9,0.9
2024-03-24T12:49:45Z,26.554308,-77.083170,0.05,27.5,1,9,0.9
2024-03-24T12:49:50Z,26.554308,-77.083167,0.16,82.8,1,9,0.9
2024-03-24T12:49:55Z,26.554308,-77.083177,0.10,342.2,1,9,0.9
2024-03-24T12:50:00Z,26.554312,-77.083170,0.40,48.9,1,9,0.9
2024-03-24T12:50:10Z,26.554318,-77.083158,0.16,43.0,1,9,0.9
2024-03-24T12:50:15Z,26.554322,-77.083155,0.24,15.4,1,9,0.9
2024-03-24T12:50:20Z,26.554327,-77.083148,0.40,74.6,1,9,0.9
2024-03-24T12:50:25Z,26.554327,-77.083157,0.26,68.8,2,9,0.9
2024-03-24T12:50:30Z,26.554320,-77.083162,0.13,21.8,2,9,0.9
2024-03-24T12:50:35Z,26.554317,-77.083167,0.21,299.4,2,9,0.9
2024-03-24T12:50:45Z,26.554312,-77.083172,0.30,122.6,2,9,0.9
2024-03-24T12:50:50Z,26.554315,-77.083183,0.20,288.6,2,9,0.9
2024-03-24T12:50:55Z,26.554322,-77.083193,0.53,353.9,2,9,0.9
2024-03-24T12:51:00Z,26.554317,-77.083188,0.69,112.3,1,9,0.9
2024-03-24T12:51:05Z,26.554312,-77.083167,0.39,190.1,1,9,0.9
2024-03-24T12:51:10Z,26.554308,-77.083162,0.27,165.3,1,9,0.9
2024-03-24T12:51:20Z,26.554320,-77.083162,0.88,71.8,1,9,0.9
2024-03-24T12:51:25Z,26.554317,-77.083160,0.09,225.7,1,9,0.9
2024-03-24T12:51:30Z,26.554315,-77.083158,0.28,61.6,1,9,0.9
2024-03-24T12:51:35Z,26.554322,-77.083188,0.71,260.3,1,9,0.9
2024-03-24T12:51:40Z,26.554315,-77.083183,0.32,261.6,1,9,0.9
2024-03-24T12:51:50Z,26.554310,-77.083188,0.53,327.8,1,9,0.9
2024-03-24T12:51:55Z,26.554303,-77.083188,0.42,131.0,1,9,0.9
2024-03-24T12:52:00Z,26.554298,-77.083183,0.95,250.2,1,9,0.9
2024-03-24T12:52:05Z,26.554287,-77.083167,0.14,78.5,1,9,0.9
2024-03-24T12:52:10Z,26.554290,-77.083163,0.25,1.3,1,9,0.9
2024-03-24T12:52:15Z,26.554298,-77.083153,0.59,94.0,1,9,0.9
2024-03-24T12:52:20Z,26.554303,-77.083148,0.11,353.7,1,9,0.9
2024-03-24T12:52:25Z,26.554303,-77.083165,0.82,74.1,1,9,0.9
2024-03-24T12:52:30Z,26.554307,-77.083180,0.09,206.9,2,9,0.9
2024-03-24T12:52:35Z,26.554302,-77.083175,0.39,112.3,2,9,0.9
2024-03-24T12:52:40Z,26.554300,-77.083167,0.09,189.4,2,9,0.9
2024-03-24T12:52:45Z,26.554305,-77.083160,0.26,137.3,2,9,0.9
2024-03-24T12:52:55Z,26.554298,-77.083162,0.58,118.5,2,9,0.9
2024-03-24T12:53:00Z,26.554302,-77.083168,0.05,8.8,2,9,0.9
2024-03-24T12:53:05Z,26.554302,-77.083163,0.54,68.2,2,9,0.9
2024-03-24T12:53:10Z,26.554303,-77.083163,0.06,76.6,2,9,0.9
2024-03-24T12:53:15Z,26.554308,-77.083160,0.26,355.2,2,9,0.9
2024-03-24T12:53:20Z,26.554317,-77.083167,0.10,32.4,2,9,0.9
2024-03-24T12:53:30Z,26.554327,-77.083145,0.51,75.9,2,9,0.9
2024-03-24T12:53:35Z,26.554328,-77.083152,0.33,80.9,2,9,0.9
2024-03-24T12:53:40Z,26.554335,-77.083153,0.20,202.6,2,9,0.9
2024-03-24T12:53:45Z,26.554320,-77.083157,0.41,145.6,2,9,0.9
2024-03-24T12:53:50Z,26.554312,-77.083158,0.73,240.7,2,9,0.9
2024-03-24T12:53:55Z,26.554305,-77.083165,0.43,240.6,2,9,0.9
2024-03-24T12:54:00Z,26.554305,-77.083167,0.07,262.3,2,9,0.9
2024-03-24T12:54:05Z,26.554305,-77.083168,0.35,331.5,1,9,0.9
2024-03-24T12:54:10Z,26.554313,-77.083173,0.52,238.7,1,9,0.9
2024-03-24T12:54:15Z,26.554305,-77.083190,0.25,195.7,1,9,0.9
2024-03-24T12:54:20Z,26.554297,-77.083188,0.35,103.9,1,9,0.9
2024-03-24T12:54:25Z,26.554293,-77.083193,0.08,94.8,1,9,0.9
2024-03-24T12:54:30Z,26.554297,-77.083185,0.76,73.2,1,9,0.9
2024-03-24T12:54:35Z,26.554298,-77.083173,0.19,297.7,1,9,0.9
2024-03-24T12:54:40Z,26.554302,-77.083172,0.25,263.9,1,8,1.1
2024-03-24T12:54:45Z,26.554302,-77.083173,0.35,94.8,1,9,0.9
2024-03-24T12:54:50Z,26.554300,-77.083175,0.15,66.7,1,9,0.9
2024-03-24T12:54:55Z,26.554303,-77.083177,0.16,244.1,1,9,0.9
2024-03-24T12:55:00Z,26.554310,-77.083175,0.22,29.1,1,9,0.9
2024-03-24T12:55:05Z,26.554325,-77.083168,0.06,331.3,1,9,0.9
2024-03-24T12:55:10Z,26.554330,-77.083173,0.07,341.3,1,9,0.9
2024-03-24T12:55:15Z,26.554332,-77.083172,0.30,59.5,1,9,0.9
2024-03-24T12:55:20Z,26.554333,-77.083175,0.36,39.9,1,9,0.9
2024-03-24T12:55:25Z,26.554325,-77.083172,0.48,47.7,1,9,0.9
2024-03-24T12:55:30Z,26.554327,-77.083168,0.14,325.4,1,9,0.9
2024-03-24T12:55:35Z,26.554332,-77.083170,0.44,91.6,1,9,0.9
2024-03-24T12:55:40Z,26.554332,-77.083167,0.27,19.5,1,9,0.9
2024-03-24T12:55:45Z,26.554330,-77.083167,0.46,272.0,1,9,0.9
2024-03-24T12:55:50Z,26.554332,-77.083165,0.08,52.6,1,9,0.9
2024-03-24T12:55:55Z,26.554327,-77.083178,0.15,237.3,1,9,0.9
2024-03-24T12:56:00Z,26.554328,-77.083182,0.27,203.1,1,9,0.9
2024-03-24T12:56:05Z,26.554330,-77.083177,0.20,126.3,1,9,0.9
2024-03-24T12:56:10Z,26.554328,-77.083173,0.23,225.1,1,9,0.9
2024-03-24T12:56:15Z,26.554323,-77.083160,0.88,173.3,1,9,0.9
2024-03-24T12:56:20Z,26.554318,-77.083157,0.57,124.1,1,9,0.9
2024-03-24T12:56:25Z,26.554312,-77.083160,0.39,235.9,1,9,0.9
2024-03-24T12:56:35Z,26.554318,-77.083150,0.63,77.2,1,9,0.9
2024-03-24T12:56:40Z,26.554318,-77.083147,0.44,59.3,1,9,0.9
2024-03-24T12:56:45Z,26.554317,-77.083158,0.58,9.8,1,9,0.9
2024-03-24T12:56:50Z,26.554323,-77.083152,0.91,76.8,1,8,0.9
2024-03-24T12:56:55Z,26.554330,-77.083147,0.66,73.6,1,9,0.9
2024-03-24T12:57:05Z,26.554338,-77.083143,0.23,71.1,1,9,0.9
2024-03-24T12:57:10Z,26.554338,-77.083143,0.24,355.0,1,8,0.9
2024-03-24T12:57:15Z,26.554342,-77.083145,0.63,63.3,1,8,0.9
2024-03-24T12:57:20Z,26.554350,-77.083150,0.22,42.9,1,8,0.9
2024-03-24T12:57:25Z,26.554340,-77.083147,0.10,64.2,1,8,0.9
2024-03-24T12:57:35Z,26.554335,-77.083158,0.31,248.1,1,9,0.9
2024-03-24T12:57:40Z,26.554332,-77.083143,0.10,160.9,1,9,0.9
2024-03-24T12:57:45Z,26.554338,-77.083137,0.38,287.7,1,9,0.9
2024-03-24T12:57:50Z,26.554348,-77.083133,0.77,244.3,1,9,0.9
2024-03-24T12:57:55Z,26.554342,-77.083133,0.41,231.0,1,9,0.9
2024-03-24T12:58:00Z,26.554337,-77.083125,0.50,143.1,1,9,0.9
2024-03-24T12:58:10Z,26.554322,-77.083152,0.19,95.1,2,8,1.0
2024-03-24T12:58:15Z,26.554322,-77.083152,0.48,258.3,2,8,1.0
2024-03-24T12:58:20Z,26.554327,-77.083160,0.78,316.3,2,9,0.9
2024-03-24T12:58:25Z,26.554340,-77.083160,0.83,353.1,1,9,0.9
2024-03-24T12:58:30Z,26.554357,-77.083180,0.95,297.2,1,9,0.9
2024-03-24T12:58:35Z,26.554368,-77.083188,0.75,14.3,1,9,0.9
2024-03-24T12:58:45Z,26.554383,-77.083195,0.50,45.4,1,9,0.9
2024-03-24T12:58:50Z,26.554390,-77.083187,0.73,20.9,1,9,0.9
2024-03-24T12:58:55Z,26.554390,-77.083178,0.71,78.2,1,9,0.9
2024-03-24T12:59:00Z,26.554402,-77.083168,0.52,37.4,1,9,0.9
2024-03-24T12:59:05Z,26.554415,-77.083155,0.25,61.0,2,9,0.9
2024-03-24T12:59:10Z,26.554430,-77.083150,0.59,59.8,2,9,0.9
2024-03-24T12:59:20Z,26.554428,-77.083132,0.44,122.8,2,9,0.9
2024-03-24T12:59:25Z,26.554422,-77.083140,0.86,241.7,1,9,0.9
2024-03-24T12:59:30Z,26.554418,-77.083145,0.74,252.8,1,9,0.9
2024-03-24T12:59:35Z,26.554408,-77.083182,1.58,253.0,1,9,0.9
2024-03-24T12:59:40Z,26.554407,-77.083203,1.18,251.8,1,9,0.9
2024-03-24T12:59:50Z,26.554398,-77.083257,0.86,278.3,1,9,0.9
2024-03-24T12:59:55Z,26.554402,-77.083278,1.40,270.0,1,9,0.9
2024-03-24T13:00:00Z,26.554408,-77.083327,1.08,278.4,1,9,0.9
2024-03-24T13:00:05Z,26.554402,-77.083352,0.67,277.4,1,9,0.9
2024-03-24T13:00:10Z,26.554402,-77.083378,0.89,297.9,1,9,0.9
2024-03-24T13:00:15Z,26.554420,-77.083383,0.76,354.2,1,9,0.9
2024-03-24T13:00:20Z,26.554438,-77.083387,0.80,324.1,1,9,0.9
2024-03-24T13:00:25Z,26.554457,-77.083390,0.95,326.3,1,9,0.9
2024-03-24T13:00:30Z,26.554477,-77.083388,0.98,14.7,1,9,0.9
2024-03-24T13:00:35Z,26.554508,-77.083378,1.08,8.9,1,9,0.9
2024-03-24T13:00:40Z,26.554540,-77.083378,1.62,355.2,1,9,0.9
2024-03-24T13:00:50Z,26.554570,-77.083392,0.51,315.5,1,9,0.9
2024-03-24T13:00:55Z,26.554572,-77.083400,0.28,295.4,1,9,0.9
2024-03-24T13:01:00Z,26.554557,-77.083412,0.32,234.1,1,9,0.9
2024-03-24T13:01:05Z,26.554547,-77.083422,0.51,201.4,1,9,0.9
2024-03-24T13:01:10Z,26.554538,-77.083415,0.63,178.0,1,9,0.9
2024-03-24T13:01:20Z,26.554500,-77.083440,1.15,161.5,1,9,0.9
2024-03-24T13:01:25Z,26.554477,-77.083448,1.14,228.1,1,9,0.9
2024-03-24T13:01:30Z,26.554455,-77.083447,1.06,180.2,1,9,0.9
2024-03-24T13:01:35Z,26.554427,-77.083465,1.76,223.6,1,9,0.9
2024-03-24T13:01:40Z,26.554398,-77.083492,1.62,233.7,1,9,0.9
2024-03-24T13:01:50Z,26.554367,-77.083543,1.04,249.5,1,9,0.9
2024-03-24T13:01:55Z,26.554343,-77.083577,2.12,231.9,1,9,0.9
2024-03-24T13:02:00Z,26.554323,-77.083595,2.01,209.2,1,9,0.9
2024-03-24T13:02:05Z,26.554292,-77.083642,1.75,228.1,1,9,0.9
2024-03-24T13:02:10Z,26.554275,-77.083670,1.23,213.2,1,9,0.9
2024-03-24T13:02:20Z,26.554230,-77.083738,1.78,248.8,1,9,0.9
2024-03-24T13:02:25Z,26.554215,-77.083775,1.33,251.3,1,9,0.9
2024-03-24T13:02:30Z,26.554202,-77.083813,1.81,243.0,1,9,0.9
2024-03-24T13:02:35Z,26.554180,-77.083867,1.52,259.8,1,8,1.0
2024-03-24T13:02:40Z,26.554168,-77.083915,1.55,248.1,1,8,1.0
2024-03-24T13:02:50Z,26.554158,-77.083997,1.36,252.3,1,9,0.9
2024-03-24T13:02:55Z,26.554153,-77.084012,1.18,268.1,1,9,0.9
2024-03-24T13:03:00Z,26.554155,-77.084040,0.94,279.0,1,9,0.9
2024-03-24T13:03:05Z,26.554155,-77.084062,0.44,229.8,1,9,0.9
2024-03-24T13:03:10Z,26.554158,-77.084043,0.32,133.6,1,9,0.9
2024-03-24T13:03:20Z,26.554167,-77.084033,0.49,140.8,1,9,0.9
2024-03-24T13:03:25Z,26.554160,-77.084025,0.98,99.7,1,9,0.9
2024-03-24T13:03:30Z,26.554160,-77.084005,0.60,102.3,1,9,0.9
2024-03-24T13:03:35Z,26.554137,-77.083980,0.99,105.0,1,9,0.9
2024-03-24T13:03:40Z,26.554148,-77.083955,1.43,58.1,1,9,0.9
2024-03-24T13:03:50Z,26.554135,-77.083888,1.26,40.3,1,9,0.9
2024-03-24T13:03:55Z,26.554143,-77.083870,0.95,86.4,1,9,0.9
2024-03-24T13:04:00Z,26.554145,-77.083853,1.11,125.1,1,9,0.9
2024-03-24T13:04:05Z,26.554145,-77.083825,1.38,86.6,1,9,0.9
2024-03-24T13:04:10Z,26.554157,-77.083792,1.61,83.0,1,9,0.9
2024-03-24T13:04:20Z,26.554175,-77.083723,1.25,71.7,1,9,0.9
2024-03-24T13:04:25Z,26.554208,-77.083700,1.76,44.2,1,9,0.9
2024-03-24T13:04:30Z,26.554240,-77.083675,1.42,44.2,1,8,1.2
2024-03-24T13:04:35Z,26.554260,-77.083652,1.52,46.4,1,8,1.2
2024-03-24T13:04:45Z,26.554322,-77.083585,2.32,54.6,1,9,0.9
2024-03-24T13:04:50Z,26.554352,-77.083530,2.39,60.9,1,9,0.9
2024-03-24T13:04:55Z,26.554402,-77.083460,3.46,47.4,1,9,0.9
2024-03-24T13:05:00Z,26.554450,-77.083388,3.58,51.2,1,8,1.2
2024-03-24T13:05:05Z,26.554513,-77.083312,3.88,48.4,1,8,1.2
2024-03-24T13:05:10Z,26.554587,-77.083248,4.41,42.5,1,8,1.2
2024-03-24T13:05:15Z,26.554665,-77.083170,4.42,40.7,1,8,1.2
2024-03-24T13:05:20Z,26.554745,-77.083093,4.44,41.0,1,8,1.2
2024-03-24T13:05:25Z,26.554832,-77.083032,4.66,34.4,1,8,1.2
2024-03-24T13:05:30Z,26.554922,-77.082972,4.63,30.1,1,7,1.5
2024-03-24T13:05:35Z,26.555027,-77.082917,4.40,26.4,1,8,1.2
2024-03-24T13:05:40Z,26.555140,-77.082870,5.32,27.5,1,9,0.9
2024-03-24T13:05:45Z,26.555225,-77.082815,4.50,29.9,1,9,0.9
2024-03-24T13:05:50Z,26.555312,-77.082755,4.63,29.4,1,9,0.9
2024-03-24T13:05:55Z,26.555415,-77.082695,4.85,28.5,1,9,0.9
2024-03-24T13:06:00Z,26.555525,-77.082635,4.74,30.4,1,9,0.9
2024-03-24T13:06:05Z,26.555625,-77.082570,4.94,28.2,1,9,0.9
2024-03-24T13:06:10Z,26.555710,-77.082515,4.07,32.1,1,9,0.9
2024-03-24T13:06:15Z,26.555800,-77.082457,4.51,38.0,1,9,0.9
2024-03-24T13:06:20Z,26.555907,-77.082392,4.95,31.0,1,9,0.9
2024-03-24T13:06:30Z,26.556122,-77.082280,4.84,28.6,1,9,0.9
2024-03-24T13:06:35Z,26.556213,-77.082227,4.96,25.7,1,9,0.9
2024-03-24T13:06:40Z,26.556305,-77.082175,4.61,26.4,1,9,0.9
2024-03-24T13:06:45Z,26.556413,-77.082117,5.14,27.6,1,9,0.9
2024-03-24T13:06:55Z,26.556618,-77.082002,4.96,23.9,1,9,0.9
2024-03-24T13:07:00Z,26.556720,-77.081948,4.77,27.9,1,9,0.9
2024-03-24T13:07:05Z,26.556827,-77.081890,4.83,30.1,1,9,0.9
2024-03-24T13:07:10Z,26.556928,-77.081838,4.85,27.7,1,9,0.9
2024-03-24T13:07:15Z,26.557028,-77.081792,4.82,25.9,1,9,0.9
2024-03-24T13:07:20Z,26.557115,-77.081742,4.60,27.3,1,9,0.9
2024-03-24T13:07:25Z,26.557218,-77.081680,4.83,25.0,1,9,0.9
2024-03-24T13:07:30Z,26.557328,-77.081635,5.00,23.5,1,9,0.9
2024-03-24T13:07:35Z,26.557430,-77.081585,5.27,24.4,1,9,0.9
2024-03-24T13:07:40Z,26.557532,-77.081533,4.88,25.5,1,9,0.9
2024-03-24T13:07:50Z,26.557742,-77.081425,5.12,27.0,1,9,0.9
2024-03-24T13:07:55Z,26.557847,-77.081367,5.29,28.2,1,9,0.9
2024-03-24T13:08:00Z,26.557952,-77.081307,4.83,29.4,1,9,0.9
2024-03-24T13:08:05Z,26.558045,-77.081255,4.56,27.1,1,9,0.9
2024-03-24T13:08:15Z,26.558250,-77.081153,4.84,26.1,1,9,0.9
2024-03-24T13:08:20Z,26.558345,-77.081102,4.62,27.6,1,9,0.9
2024-03-24T13:08:25Z,26.558452,-77.081043,4.79,29.9,1,8,1.0
2024-03-24T13:08:30Z,26.558567,-77.080985,5.23,20.8,1,9,0.9
2024-03-24T13:08:40Z,26.558780,-77.080877,5.44,25.3,1,9,0.9
2024-03-24T13:08:45Z,26.558887,-77.080822,4.86,21.9,1,8,1.2
2024-03-24T13:08:50Z,26.558988,-77.080773,4.85,25.3,1,8,1.2
2024-03-24T13:08:55Z,26.559105,-77.080727,4.73,22.6,1,8,1.2
2024-03-24T13:09:00Z,26.559178,-77.080683,4.35,25.5,1,8,1.2
2024-03-24T13:09:05Z,26.559272,-77.080633,4.45,25.3,1,8,1.2
2024-03-24T13:09:10Z,26.559368,-77.080585,4.33,24.8,1,9,0.9
2024-03-24T13:09:15Z,26.559457,-77.080533,4.83,22.1,1,9,0.9
2024-03-24T13:09:20Z,26.559552,-77.080482,4.66,29.1,1,9,0.9
2024-03-24T13:09:30Z,26.559722,-77.080357,3.82,47.0,1,9,0.9
2024-03-24T13:09:35Z,26.559803,-77.080283,4.96,40.0,1,9,0.9
2024-03-24T13:09:40Z,26.559900,-77.080190,5.84,37.1,1,8,1.2
2024-03-24T13:09:45Z,26.560010,-77.080107,5.53,40.2,1,8,1.2
2024-03-24T13:09:55Z,26.560210,-77.079927,5.71,40.9,1,8,1.2
2024-03-24T13:10:00Z,26.560295,-77.079838,5.02,39.2,1,8,1.2
2024-03-24T13:10:05Z,26.560373,-77.079755,4.96,42.5,1,8,1.2
2024-03-24T13:10:10Z,26.560465,-77.079660,5.29,43.2,1,8,1.2
2024-03-24T13:10:15Z,26.560552,-77.079570,5.34,43.5,1,8,1.2
2024-03-24T13:10:20Z,26.560642,-77.079475,5.07,43.3,1,8,1.2
2024-03-24T13:10:25Z,26.560713,-77.079392,5.05,44.9,1,8,1.2
2024-03-24T13:10:30Z,26.560797,-77.079308,5.56,37.2,1,8,1.2
2024-03-24T13:10:35Z,26.560898,-77.079218,5.27,39.9,1,8,1.2
2024-03-24T13:10:45Z,26.561095,-77.079048,4.84,40.4,1,8,1.2
2024-03-24T13:10:50Z,26.561188,-77.078967,5.59,37.7,1,8,1.2
2024-03-24T13:10:55Z,26.561273,-77.078890,4.69,36.9,1,8,1.2
2024-03-24T13:11:00Z,26.561362,-77.078808,4.91,39.2,1,8,1.2
2024-03-24T13:11:05Z,26.561442,-77.078737,4.75,38.0,1,8,1.3
2024-03-24T13:11:10Z,26.561522,-77.078663,4.49,41.5,1,8,1.3
2024-03-24T13:11:15Z,26.561610,-77.078602,4.98,38.0,1,8,1.3
2024-03-24T13:11:20Z,26.561707,-77.078513,4.63,38.9,1,8,1.3
2024-03-24T13:11:25Z,26.561800,-77.078433,4.87,40.6,1,8,1.3
2024-03-24T13:11:35Z,26.561972,-77.078268,5.04,38.7,1,8,1.3
2024-03-24T13:11:40Z,26.562067,-77.078197,4.79,35.0,1,8,1.3
2024-03-24T13:11:45Z,26.562158,-77.078118,5.15,37.1,1,8,1.3
2024-03-24T13:11:50Z,26.562258,-77.078040,4.87,36.7,1,8,1.3
2024-03-24T13:11:55Z,26.562355,-77.077975,4.42,40.0,1,8,1.3
2024-03-24T13:12:00Z,26.562435,-77.077892,4.83,39.0,1,8,1.3
2024-03-24T13:12:05Z,26.562523,-77.077818,4.70,41.2,1,8,1.3
2024-03-24T13:12:10Z,26.562603,-77.077740,4.69,39.9,1,8,1.3
2024-03-24T13:12:15Z,26.562690,-77.077660,4.54,43.8,1,8,1.3
2024-03-24T13:12:20Z,26.562777,-77.077575,4.57,40.6,1,8,1.3
2024-03-24T13:12:25Z,26.562865,-77.077493,5.03,41.2,1,8,1.3
2024-03-24T13:12:30Z,26.562955,-77.077413,4.95,40.0,1,8,1.3
2024-03-24T13:12:35Z,26.563022,-77.077337,4.13,42.7,1,8,1.3
2024-03-24T13:12:40Z,26.563112,-77.077263,4.23,42.1,1,8,1.3
2024-03-24T13:12:50Z,26.563287,-77.077100,4.56,42.1,1,8,1.3
2024-03-24T13:12:55Z,26.563370,-77.077017,4.39,41.5,1,8,1.3
2024-03-24T13:13:00Z,26.563447,-77.076952,4.41,45.3,1,8,1.3
2024-03-24T13:13:05Z,26.563542,-77.076868,4.83,39.6,1,8,1.3
2024-03-24T13:13:10Z,26.563630,-77.076785,4.36,41.9,1,8,1.3
2024-03-24T13:13:15Z,26.563713,-77.076705,4.42,42.2,1,8,1.3
2024-03-24T13:13:20Z,26.563793,-77.076623,4.72,40.4,1,8,1.3
2024-03-24T13:13:25Z,26.563883,-77.076548,4.97,42.0,1,8,1.3
2024-03-24T13:13:30Z,26.563970,-77.076478,4.74,34.4,1,8,1.3
2024-03-24T13:13:35Z,26.564067,-77.076407,5.24,36.5,1,8,1.3
2024-03-24T13:13:40Z,26.564163,-77.076323,4.64,42.2,1,8,1.3
2024-03-24T13:13:45Z,26.564255,-77.076232,5.64,34.1,1,8,1.3
2024-03-24T13:13:50Z,26.564355,-77.076143,5.69,39.1,1,8,1.3
2024-03-24T13:13:55Z,26.564457,-77.076068,5.77,33.4,1,8,1.3
2024-03-24T13:14:05Z,26.564663,-77.075902,5.70,35.8,1,8,1.3
2024-03-24T13:14:10Z,26.564755,-77.075820,4.51,40.0,1,8,1.3
2024-03-24T13:14:15Z,26.564827,-77.075742,5.10,38.7,1,8,1.3
2024-03-24T13:14:20Z,26.564922,-77.075667,5.63,34.9,1,8,1.3
2024-03-24T13:14:25Z,26.565007,-77.075602,4.44,41.4,1,8,1.3
2024-03-24T13:14:30Z,26.565093,-77.075527,4.40,41.1,1,8,1.3
2024-03-24T13:14:35Z,26.565207,-77.075442,4.82,38.6,1,8,1.3
2024-03-24T13:14:40Z,26.565298,-77.075365,4.57,39.8,1,8,1.3
2024-03-24T13:14:45Z,26.565387,-77.075293,4.80,38.6,1,8,1.3
2024-03-24T13:14:50Z,26.565460,-77.075220,4.33,39.5,1,8,1.3
2024-03-24T13:14:55Z,26.565547,-77.075148,4.50,45.2,1,8,1.3
2024-03-24T13:15:00Z,26.565632,-77.075077,4.22,44.4,1,8,1.3
2024-03-24T13:15:05Z,26.565713,-77.075005,4.87,42.6,1,8,1.3
2024-03-24T13:15:10Z,26.565795,-77.074932,4.65,44.3,1,8,1.3
2024-03-24T13:15:15Z,26.565873,-77.074842,4.68,43.4,1,8,1.3
2024-03-24T13:15:25Z,26.566040,-77.074685,4.40,40.2,1,8,1.3
2024-03-24T13:15:30Z,26.566118,-77.074610,4.34,41.6,1,8,1.3
2024-03-24T13:15:35Z,26.566227,-77.074530,5.23,37.0,1,8,1.3
2024-03-24T13:15:40Z,26.566332,-77.074458,5.36,36.1,1,8,1.3
2024-03-24T13:15:45Z,26.566405,-77.074392,3.93,40.9,1,8,1.3
2024-03-24T13:15:50Z,26.566457,-77.074317,4.95,42.3,1,8,1.3
2024-03-24T13:15:55Z,26.566552,-77.074235,4.46,40.4,1,8,1.3
2024-03-24T13:16:00Z,26.566635,-77.074163,4.18,44.7,1,8,1.3
2024-03-24T13:16:05Z,26.566703,-77.074098,4.19,40.3,1,8,1.3
2024-03-24T13:16:10Z,26.566780,-77.074030,4.67,40.8,1,8,1.3
2024-03-24T13:16:15Z,26.566862,-77.073962,4.61,39.0,1,8,1.3
2024-03-24T13:16:20Z,26.566927,-77.073898,4.24,44.4,1,8,1.3
2024-03-24T13:16:25Z,26.567018,-77.073817,4.66,43.9,1,8,1.3
2024-03-24T13:16:30Z,26.567097,-77.073740,4.27,45.6,1,8,1.3
2024-03-24T13:16:35Z,26.567185,-77.073662,5.44,40.4,1,8,1.3
2024-03-24T13:16:40Z,26.567278,-77.073582,4.68,37.9,1,8,1.3
2024-03-24T13:16:50Z,26.567463,-77.073437,4.50,38.1,1,8,1.3
2024-03-24T13:16:55Z,26.567550,-77.073355,5.14,37.2,1,8,1.3
2024-03-24T13:17:00Z,26.567638,-77.073272,4.36,40.9,1,8,1.3
2024-03-24T13:17:05Z,26.567717,-77.073197,4.56,43.2,1,8,1.3
2024-03-24T13:17:15Z,26.567893,-77.073028,4.49,42.3,1,8,1.3
2024-03-24T13:17:20Z,26.567987,-77.072957,4.04,38.3,1,8,1.3
2024-03-24T13:17:25Z,26.568058,-77.072903,4.25,37.0,1,8,1.3
2024-03-24T13:17:30Z,26.568147,-77.072845,4.02,38.6,1,8,1.3
2024-03-24T13:17:35Z,26.568225,-77.072772,4.46,41.9,1,8,1.3
2024-03-24T13:17:45Z,26.568348,-77.072630,4.94,41.6,1,8,1.3
2024-03-24T13:17:50Z,26.568425,-77.072567,4.25,38.9,1,8,1.3
2024-03-24T13:17:55Z,26.568507,-77.072502,3.92,39.3,1,8,1.3
2024-03-24T13:18:00Z,26.568580,-77.072443,3.52,41.0,1,8,1.3
2024-03-24T13:18:10Z,26.568700,-77.072315,3.57,53.6,1,8,1.3
2024-03-24T13:18:15Z,26.568742,-77.072238,3.41,71.8,1,8,1.3
2024-03-24T13:18:20Z,26.568768,-77.072138,4.01,77.3,1,8,1.3
2024-03-24T13:18:25Z,26.568773,-77.072053,3.77,82.0,1,8,1.3
2024-03-24T13:18:30Z,26.568792,-77.071970,3.66,77.3,1,8,1.3
2024-03-24T13:18:40Z,26.568825,-77.071783,3.96,86.5,1,8,1.3
2024-03-24T13:18:45Z,26.568828,-77.071682,4.03,78.6,1,9,0.9
2024-03-24T13:18:50Z,26.568838,-77.071580,3.96,74.8,1,9,0.9
2024-03-24T13:18:55Z,26.568857,-77.071477,3.94,73.0,1,9,0.9
2024-03-24T13:19:00Z,26.568898,-77.071355,4.33,79.1,1,8,1.3
2024-03-24T13:19:05Z,26.568928,-77.071260,4.15,76.5,1,8,1.3
2024-03-24T13:19:10Z,26.568962,-77.071173,4.11,76.1,1,8,1.3
2024-03-24T13:19:15Z,26.568967,-77.071053,4.70,83.4,1,8,1.3
2024-03-24T13:19:20Z,26.568970,-77.070942,4.87,82.7,1,9,0.9
2024-03-24T13:19:25Z,26.568988,-77.070817,4.84,80.5,1,8,1.3
2024-03-24T13:19:30Z,26.568995,-77.070690,5.09,83.3,1,8,1.3
2024-03-24T13:19:40Z,26.569033,-77.070408,5.66,83.8,1,8,1.3
2024-03-24T13:19:45Z,26.569052,-77.070265,5.74,78.3,1,8,1.3
2024-03-24T13:19:50Z,26.569063,-77.070133,5.37,81.1,1,9,0.9
2024-03-24T13:19:55Z,26.569087,-77.069985,5.24,80.6,1,9,0.9
2024-03-24T13:20:00Z,26.569103,-77.069853,5.37,75.2,1,8,1.3
2024-03-24T13:20:10Z,26.569172,-77.069575,5.50,80.4,1,8,1.3
2024-03-24T13:20:15Z,26.569195,-77.069442,5.27,81.7,1,9,0.9
2024-03-24T13:20:20Z,26.569215,-77.069297,5.38,85.5,1,9,0.9
2024-03-24T13:20:25Z,26.569225,-77.069162,5.24,80.0,1,9,0.9
2024-03-24T13:20:30Z,26.569242,-77.069022,5.16,80.7,1,8,1.3
2024-03-24T13:20:40Z,26.569282,-77.068752,5.70,76.9,1,9,0.9
2024-03-24T13:20:45Z,26.569307,-77.068615,5.37,84.2,1,8,1.3
2024-03-24T13:20:50Z,26.569315,-77.068480,5.40,85.4,1,8,1.3
2024-03-24T13:20:55Z,26.569330,-77.068345,5.66,80.7,1,8,1.3
2024-03-24T13:21:00Z,26.569342,-77.068220,5.64,85.9,1,8,1.3
2024-03-24T13:21:05Z,26.569342,-77.068085,5.59,87.1,1,8,1.3
2024-03-24T13:21:10Z,26.569357,-77.067937,5.73,87.2,1,8,1.3
2024-03-24T13:21:15Z,26.569363,-77.067792,5.74,83.2,1,8,1.3
2024-03-24T13:21:20Z,26.569377,-77.067643,5.15,81.3,1,8,1.3
2024-03-24T13:21:25Z,26.569395,-77.067500,5.32,81.3,1,8,1.3
2024-03-24T13:21:30Z,26.569407,-77.067363,5.65,83.6,1,8,1.3
2024-03-24T13:21:40Z,26.569430,-77.067077,5.42,85.8,1,8,1.3
2024-03-24T13:21:45Z,26.569447,-77.066928,5.85,87.4,1,8,1.3
2024-03-24T13:21:50Z,26.569458,-77.066778,5.84,83.0,1,8,1.3
2024-03-24T13:21:55Z,26.569478,-77.066623,5.91,83.8,1,8,1.3
2024-03-24T13:22:00Z,26.569497,-77.066487,5.68,82.8,1,8,1.3
2024-03-24T13:22:10Z,26.569532,-77.066195,5.87,86.4,1,8,1.3
2024-03-24T13:22:15Z,26.569538,-77.066053,5.54,88.9,1,8,1.3
2024-03-24T13:22:20Z,26.569542,-77.065902,6.01,87.2,1,8,1.3
2024-03-24T13:22:25Z,26.569553,-77.065740,5.45,83.4,1,8,1.3
2024-03-24T13:22:30Z,26.569570,-77.065603,5.48,84.0,1,8,1.3
2024-03-24T13:22:35Z,26.569593,-77.065453,5.41,86.5,1,8,1.3
2024-03-24T13:22:40Z,26.569608,-77.065323,5.18,87.8,1,8,1.3
2024-03-24T13:22:45Z,26.569613,-77.065177,5.84,92.3,1,8,1.3
2024-03-24T13:22:50Z,26.569618,-77.065035,5.27,83.3,1,8,1.3
2024-03-24T13:22:55Z,26.569633,-77.064905,5.26,85.2,1,8,1.3
2024-03-24T13:23:05Z,26.569650,-77.064625,5.47,87.3,1,8,1.3
2024-03-24T13:23:10Z,26.569657,-77.064487,5.28,87.9,1,8,1.3
2024-03-24T13:23:15Z,26.569675,-77.064350,5.61,84.6,1,8,1.3
2024-03-24T13:23:20Z,26.569692,-77.064210,5.51,85.8,1,8,1.3
2024-03-24T13:23:25Z,26.569705,-77.064055,5.87,86.3,1,8,1.3
2024-03-24T13:23:30Z,26.569712,-77.063915,5.31,85.2,1,8,1.3
2024-03-24T13:23:35Z,26.569720,-77.063777,5.90,86.0,1,8,1.3
2024-03-24T13:23:40Z,26.569732,-77.063635,5.66,84.7,1,8,1.3
2024-03-24T13:23:45Z,26.569747,-77.063478,6.00,86.0,1,8,1.3
2024-03-24T13:23:50Z,26.569762,-77.063323,6.02,80.4,1,8,1.3
2024-03-24T13:24:00Z,26.569802,-77.063017,5.89,83.4,1,8,1.3
2024-03-24T13:24:05Z,26.569822,-77.062867,5.78,84.8,1,8,1.3
2024-03-24T13:24:10Z,26.569842,-77.062717,5.99,84.7,1,8,1.3
2024-03-24T13:24:15Z,26.569855,-77.062567,5.76,81.2,1,8,1.3
2024-03-24T13:24:20Z,26.569865,-77.062418,5.80,85.4,1,8,1.2
2024-03-24T13:24:25Z,26.569875,-77.062267,5.80,85.0,1,8,1.2
2024-03-24T13:24:30Z,26.569893,-77.062120,5.85,83.0,1,8,1.2
2024-03-24T13:24:35Z,26.569913,-77.061983,5.73,85.0,1,8,1.2
2024-03-24T13:24:40Z,26.569927,-77.061823,6.29,86.2,1,8,1.2
2024-03-24T13:24:45Z,26.569935,-77.061667,6.13,84.6,1,8,1.2
2024-03-24T13:24:55Z,26.569988,-77.061360,6.02,79.2,1,9,0.9
2024-03-24T13:25:00Z,26.570015,-77.061208,6.04,78.8,1,9,0.9
2024-03-24T13:25:05Z,26.570040,-77.061062,5.86,78.7,1,9,0.9
2024-03-24T13:25:10Z,26.570057,-77.060912,5.88,81.3,1,9,0.9
2024-03-24T13:25:15Z,26.570067,-77.060758,6.70,92.1,1,9,0.9
2024-03-24T13:25:25Z,26.570092,-77.060410,6.41,83.0,1,9,0.9
2024-03-24T13:25:30Z,26.570105,-77.060262,6.08,84.1,1,9,0.9
2024-03-24T13:25:35Z,26.570122,-77.060098,6.29,81.4,1,9,0.9
2024-03-24T13:25:40Z,26.570147,-77.059942,6.35,82.1,1,9,0.9
2024-03-24T13:25:45Z,26.570167,-77.059778,6.76,83.1,1,9,0.9
2024-03-24T13:25:55Z,26.570207,-77.059457,6.34,82.2,1,9,0.9
2024-03-24T13:26:00Z,26.570228,-77.059300,6.71,82.8,1,9,0.9
2024-03-24T13:26:05Z,26.570243,-77.059117,6.59,84.0,1,9,0.9
2024-03-24T13:26:10Z,26.570268,-77.058947,6.67,80.5,1,8,1.2
2024-03-24T13:26:15Z,26.570290,-77.058778,6.62,82.7,1,9,0.9
2024-03-24T13:26:25Z,26.570340,-77.058422,7.02,83.7,1,9,0.9
2024-03-24T13:26:30Z,26.570353,-77.058245,7.45,84.6,1,9,0.9
2024-03-24T13:26:35Z,26.570370,-77.058067,7.05,82.2,1,8,1.2
2024-03-24T13:26:40Z,26.570390,-77.057887,6.87,80.4,1,9,0.9
2024-03-24T13:26:45Z,26.570410,-77.057718,6.76,80.8,1,9,0.9
2024-03-24T13:26:55Z,26.570447,-77.057392,7.04,84.5,1,9,0.9
2024-03-24T13:27:00Z,26.570460,-77.057215,7.07,83.0,1,9,0.9
2024-03-24T13:27:05Z,26.570478,-77.057023,6.84,82.0,1,9,0.9
2024-03-24T13:27:10Z,26.570498,-77.056842,7.12,82.0,1,9,0.9
2024-03-24T13:27:15Z,26.570518,-77.056657,7.38,81.7,1,9,0.9
2024-03-24T13:27:25Z,26.570555,-77.056310,6.45,82.2,1,9,0.9
2024-03-24T13:27:30Z,26.570568,-77.056145,6.44,86.0,1,9,0.9
2024-03-24T13:27:35Z,26.570578,-77.055983,6.31,85.9,1,9,0.9
2024-03-24T13:27:40Z,26.570593,-77.055815,6.49,80.0,1,9,0.9
2024-03-24T13:27:45Z,26.570618,-77.055647,6.85,81.3,1,9,0.9
2024-03-24T13:27:55Z,26.570648,-77.055332,6.29,86.7,1,9,0.9
2024-03-24T13:28:00Z,26.570665,-77.055175,5.93,82.0,1,9,0.9
2024-03-24T13:28:05Z,26.570683,-77.055020,6.34,83.7,1,9,0.9
2024-03-24T13:28:10Z,26.570705,-77.054853,5.99,83.4,1,9,0.9
2024-03-24T13:28:15Z,26.570727,-77.054698,5.85,81.8,1,9,0.9
2024-03-24T13:28:25Z,26.570762,-77.054395,5.79,81.3,1,9,0.9
2024-03-24T13:28:30Z,26.570780,-77.054250,5.66,81.7,1,9,0.9
2024-03-24T13:28:35Z,26.570797,-77.054103,5.82,84.4,1,9,0.9
2024-03-24T13:28:40Z,26.570818,-77.053953,5.69,83.3,1,9,0.9
2024-03-24T13:28:45Z,26.570833,-77.053805,5.78,82.3,1,9,0.9
2024-03-24T13:28:50Z,26.570852,-77.053653,5.75,81.9,1,9,0.9
2024-03-24T13:28:55Z,26.570868,-77.053518,5.69,85.9,1,9,0.9
2024-03-24T13:29:00Z,26.570875,-77.053387,5.61,83.1,1,9,0.9
2024-03-24T13:29:05Z,26.570888,-77.053247,5.48,83.7,1,9,0.9
2024-03-24T13:29:10Z,26.570902,-77.053103,5.76,84.7,1,8,1.2
2024-03-24T13:29:20Z,26.570933,-77.052812,5.66,84.8,1,9,0.9
2024-03-24T13:29:25Z,26.570950,-77.052650,6.25,81.0,1,9,0.9
2024-03-24T13:29:30Z,26.570970,-77.052502,5.77,82.4,1,8,0.9
2024-03-24T13:29:35Z,26.570983,-77.052357,5.55,80.9,1,9,0.9
2024-03-24T13:29:40Z,26.570992,-77.052225,5.60,86.6,1,9,0.9
2024-03-24T13:29:50Z,26.571023,-77.051927,5.84,87.6,1,9,0.9
2024-03-24T13:29:55Z,26.571040,-77.051790,5.72,84.0,1,9,0.9
2024-03-24T13:30:00Z,26.571060,-77.051645,5.04,84.5,1,9,0.9
2024-03-24T13:30:05Z,26.571078,-77.051508,5.85,83.0,1,9,0.9
2024-03-24T13:30:10Z,26.571085,-77.051360,5.46,84.4,1,9,0.9
2024-03-24T13:30:20Z,26.571122,-77.051060,6.03,84.0,1,9,0.9
2024-03-24T13:30:25Z,26.571143,-77.050910,6.45,78.9,1,9,0.9
2024-03-24T13:30:30Z,26.571172,-77.050740,6.11,82.2,1,9,0.9
2024-03-24T13:30:35Z,26.571192,-77.050565,6.09,81.8,1,9,0.9
2024-03-24T13:30:40Z,26.571218,-77.050400,6.58,79.9,1,9,0.9
2024-03-24T13:30:50Z,26.571272,-77.050067,6.19,82.8,1,9,0.9
2024-03-24T13:30:55Z,26.571295,-77.049898,6.03,82.3,1,9,0.9
2024-03-24T13:31:00Z,26.571310,-77.049733,6.88,83.9,1,9,0.9
2024-03-24T13:31:05Z,26.571342,-77.049555,6.75,80.3,1,9,0.9
2024-03-24T13:31:10Z,26.571355,-77.049387,5.97,83.2,1,9,0.9
2024-03-24T13:31:20Z,26.571397,-77.049075,6.86,80.5,1,9,0.9
2024-03-24T13:31:25Z,26.571418,-77.048912,6.48,82.9,1,9,0.9
2024-03-24T13:31:30Z,26.571445,-77.048737,6.34,74.3,1,9,0.9
2024-03-24T13:31:35Z,26.571472,-77.048553,6.71,80.6,1,9,0.9
2024-03-24T13:31:40Z,26.571485,-77.048387,6.97,88.4,1,9,0.9
2024-03-24T13:31:50Z,26.571523,-77.048043,6.24,87.3,1,9,0.9
2024-03-24T13:31:55Z,26.571545,-77.047878,6.75,82.4,1,9,0.9
2024-03-24T13:32:00Z,26.571563,-77.047712,6.36,86.8,1,9,0.9
2024-03-24T13:32:05Z,26.571577,-77.047548,6.38,82.5,1,9,0.9
2024-03-24T13:32:10Z,26.571582,-77.047395,5.85,87.5,1,9,0.9
2024-03-24T13:32:20Z,26.571623,-77.047080,6.16,81.1,1,9,0.9
2024-03-24T13:32:25Z,26.571648,-77.046922,6.16,83.3,1,9,0.9
2024-03-24T13:32:30Z,26.571670,-77.046763,6.28,81.5,1,9,0.9
2024-03-24T13:32:35Z,26.571692,-77.046605,6.69,80.0,1,9,0.9
2024-03-24T13:32:40Z,26.571715,-77.046442,5.60,83.7,1,9,0.9
2024-03-24T13:32:50Z,26.571765,-77.046128,6.18,78.0,1,9,0.9
2024-03-24T13:32:55Z,26.571783,-77.045972,6.06,83.9,1,9,0.9
2024-03-24T13:33:00Z,26.571802,-77.045807,6.15,80.9,1,9,0.9
2024-03-24T13:33:05Z,26.571822,-77.045640,6.40,84.1,1,9,0.9
2024-03-24T13:33:10Z,26.571842,-77.045468,6.30,84.5,1,9,0.9
2024-03-24T13:33:20Z,26.571897,-77.045125,6.45,82.7,1,9,0.9
2024-03-24T13:33:25Z,26.571913,-77.044958,6.77,84.5,1,9,0.9
2024-03-24T13:33:30Z,26.571933,-77.044787,6.41,83.6,1,9,0.9
2024-03-24T13:33:35Z,26.571950,-77.044632,6.10,82.1,1,8,1.0
2024-03-24T13:33:40Z,26.571973,-77.044472,6.27,85.8,1,9,0.9
2024-03-24T13:33:50Z,26.572018,-77.044145,6.42,77.7,1,9,0.9
2024-03-24T13:33:55Z,26.572043,-77.043988,6.10,85.5,1,9,0.9
2024-03-24T13:34:00Z,26.572062,-77.043828,6.57,83.0,1,9,0.9
2024-03-24T13:34:05Z,26.572075,-77.043672,5.89,87.7,1,9,0.9
2024-03-24T13:34:10Z,26.572103,-77.043508,6.18,80.2,1,9,0.9
2024-03-24T13:34:20Z,26.572148,-77.043188,6.77,88.4,1,9,0.9
2024-03-24T13:34:25Z,26.572160,-77.043032,5.98,82.2,1,9,0.9
2024-03-24T13:34:30Z,26.572183,-77.042863,6.40,83.4,1,9,0.9
2024-03-24T13:34:35Z,26.572218,-77.042707,6.56,81.2,1,9,0.9
2024-03-24T13:34:40Z,26.572253,-77.042528,6.64,80.7,1,9,0.9
2024-03-24T13:34:50Z,26.572317,-77.042195,6.32,79.6,1,9,0.9
2024-03-24T13:34:55Z,26.572335,-77.042028,6.62,79.8,1,9,0.9
2024-03-24T13:35:00Z,26.572337,-77.041863,6.49,84.5,1,9,0.9
2024-03-24T13:35:05Z,26.572347,-77.041692,6.70,87.1,1,9,0.9
2024-03-24T13:35:10Z,26.572338,-77.041540,6.74,82.4,1,9,0.9
2024-03-24T13:35:20Z,26.572377,-77.041210,6.43,88.5,1,9,0.9
2024-03-24T13:35:25Z,26.572407,-77.041053,6.54,86.8,1,9,0.9
2024-03-24T13:35:30Z,26.572420,-77.040883,6.74,83.9,1,8,1.0
2024-03-24T13:35:35Z,26.572438,-77.040695,6.98,86.9,1,9,0.9
2024-03-24T13:35:40Z,26.572455,-77.040523,7.02,77.2,1,9,0.9
2024-03-24T13:35:50Z,26.572507,-77.040177,6.46,82.7,1,9,0.9
2024-03-24T13:35:55Z,26.572520,-77.040008,6.55,82.4,1,9,0.9
2024-03-24T13:36:00Z,26.572540,-77.039832,6.73,82.3,1,9,0.9
2024-03-24T13:36:05Z,26.572560,-77.039667,6.67,83.7,1,9,0.9
2024-03-24T13:36:10Z,26.572577,-77.039493,6.86,86.1,1,9,0.9
2024-03-24T13:36:20Z,26.572607,-77.039147,6.18,87.3,1,9,0.9
2024-03-24T13:36:25Z,26.572628,-77.038965,6.68,82.6,1,9,0.9
2024-03-24T13:36:30Z,26.572643,-77.038793,7.17,83.1,1,9,0.9
2024-03-24T13:36:35Z,26.572673,-77.038623,6.32,88.3,1,9,0.9
2024-03-24T13:36:40Z,26.572712,-77.038450,7.13,73.7,1,9,0.9
2024-03-24T13:36:50Z,26.572775,-77.038102,7.01,74.8,1,9,0.9
2024-03-24T13:36:55Z,26.572797,-77.037933,7.03,79.9,1,9,0.9
2024-03-24T13:37:00Z,26.572825,-77.037758,6.62,83.8,1,9,0.9
2024-03-24T13:37:05Z,26.572842,-77.037587,6.64,81.9,1,9,0.9
2024-03-24T13:37:10Z,26.572870,-77.037408,7.02,83.2,1,9,0.9
2024-03-24T13:37:20Z,26.572910,-77.037062,6.99,81.3,1,9,0.9
2024-03-24T13:37:25Z,26.572945,-77.036890,6.44,88.0,1,9,0.9
2024-03-24T13:37:30Z,26.572962,-77.036712,6.74,83.0,1,9,0.9
2024-03-24T13:37:35Z,26.572988,-77.036540,7.07,81.3,1,9,0.9
2024-03-24T13:37:40Z,26.573015,-77.036358,6.88,78.7,1,9,0.9
2024-03-24T13:37:50Z,26.573072,-77.036017,6.82,77.7,1,9,0.9
2024-03-24T13:37:55Z,26.573097,-77.035838,6.42,79.7,1,9,0.9
2024-03-24T13:38:00Z,26.573117,-77.035658,6.57,80.6,1,9,0.9
2024-03-24T13:38:05Z,26.573133,-77.035488,6.95,80.5,1,9,0.9
2024-03-24T13:38:10Z,26.573157,-77.035312,6.76,78.7,1,9,0.9
2024-03-24T13:38:20Z,26.573200,-77.034980,6.14,81.6,1,9,0.9
2024-03-24T13:38:25Z,26.573227,-77.034817,6.30,79.1,1,9,0.9
2024-03-24T13:38:30Z,26.573255,-77.034657,6.56,79.4,1,10,0.9
2024-03-24T13:38:35Z,26.573270,-77.034502,6.25,82.7,1,10,0.9
2024-03-24T13:38:40Z,26.573277,-77.034343,6.17,83.2,1,10,0.9
2024-03-24T13:38:50Z,26.573317,-77.033988,6.70,85.0,1,9,0.9
2024-03-24T13:38:55Z,26.573333,-77.033830,6.85,82.6,1,9,0.9
2024-03-24T13:39:00Z,26.573347,-77.033643,7.19,86.9,1,10,0.9
2024-03-24T13:39:05Z,26.573368,-77.033473,6.37,82.8,1,10,0.9
2024-03-24T13:39:10Z,26.573385,-77.033303,6.39,83.6,1,10,0.9
2024-03-24T13:39:20Z,26.573408,-77.032960,6.97,84.1,1,10,0.9
2024-03-24T13:39:25Z,26.573433,-77.032798,6.96,84.0,1,10,0.9
2024-03-24T13:39:30Z,26.573458,-77.032617,7.46,83.6,1,10,0.9
2024-03-24T13:39:35Z,26.573478,-77.032435,6.81,81.4,1,10,0.9
2024-03-24T13:39:40Z,26.573503,-77.032257,7.31,83.6,1,10,0.9
2024-03-24T13:39:50Z,26.573540,-77.031900,6.89,84.3,1,10,0.9
2024-03-24T13:39:55Z,26.573552,-77.031722,7.16,82.7,1,10,0.9
2024-03-24T13:40:00Z,26.573565,-77.031535,7.16,82.8,1,10,0.9
2024-03-24T13:40:05Z,26.573582,-77.031360,6.55,82.2,1,10,0.9
2024-03-24T13:40:10Z,26.573600,-77.031187,6.60,85.2,1,10,0.9
2024-03-24T13:40:20Z,26.573638,-77.030828,7.00,81.9,1,10,0.9
2024-03-24T13:40:25Z,26.573667,-77.030650,7.14,82.9,1,10,0.9
2024-03-24T13:40:30Z,26.573695,-77.030473,6.83,83.5,1,10,0.9
2024-03-24T13:40:35Z,26.573713,-77.030290,7.22,84.0,1,10,0.9
2024-03-24T13:40:40Z,26.573737,-77.030110,7.09,81.3,1,10,0.9
2024-03-24T13:40:50Z,26.573792,-77.029768,6.87,81.1,1,10,0.9
2024-03-24T13:40:55Z,26.573803,-77.029595,6.76,83.9,1,10,0.9
2024-03-24T13:41:00Z,26.573820,-77.029415,7.12,85.0,1,10,0.9
2024-03-24T13:41:05Z,26.573842,-77.029230,7.11,83.9,1,9,1.3
2024-03-24T13:41:10Z,26.573857,-77.029047,7.18,85.6,1,10,0.9
2024-03-24T13:41:20Z,26.573895,-77.028690,6.96,87.1,1,10,0.9
2024-03-24T13:41:25Z,26.573910,-77.028513,7.11,86.7,1,10,0.9
2024-03-24T13:41:30Z,26.573928,-77.028342,7.05,83.6,1,10,0.9
2024-03-24T13:41:35Z,26.573945,-77.028163,6.64,85.6,1,10,0.9
2024-03-24T13:41:40Z,26.573965,-77.027983,6.90,82.4,1,10,0.9
2024-03-24T13:41:50Z,26.574007,-77.027623,7.09,84.8,1,10,0.9
2024-03-24T13:41:55Z,26.574027,-77.027442,7.01,83.1,1,10,0.9
2024-03-24T13:42:00Z,26.574057,-77.027273,7.30,78.5,1,10,0.9
2024-03-24T13:42:05Z,26.574082,-77.027085,7.05,84.4,1,10,0.9
2024-03-24T13:42:10Z,26.574100,-77.026917,7.18,81.2,1,10,0.9
2024-03-24T13:42:20Z,26.574155,-77.026575,6.87,82.0,1,10,0.9
2024-03-24T13:42:25Z,26.574173,-77.026410,6.42,83.0,1,10,0.9
2024-03-24T13:42:30Z,26.574197,-77.026242,6.55,81.6,1,10,0.9
2024-03-24T13:42:35Z,26.574215,-77.026083,6.63,81.5,1,10,0.9
2024-03-24T13:42:40Z,26.574230,-77.025912,6.54,81.7,1,10,0.9
2024-03-24T13:42:45Z,26.574247,-77.025745,6.43,82.2,1,10,0.9
2024-03-24T13:42:50Z,26.574268,-77.025592,5.77,79.7,1,10,0.9
2024-03-24T13:42:55Z,26.574288,-77.025440,6.07,81.3,1,10,0.9
2024-03-24T13:43:00Z,26.574318,-77.025278,6.26,80.3,1,10,0.9
2024-03-24T13:43:05Z,26.574325,-77.025137,5.91,84.3,1,10,0.9
2024-03-24T13:43:10Z,26.574343,-77.024970,6.25,80.0,1,10,0.9
2024-03-24T13:43:20Z,26.574382,-77.024647,6.30,82.1,1,10,0.9
2024-03-24T13:43:25Z,26.574408,-77.024488,5.92,87.7,1,10,0.9
2024-03-24T13:43:30Z,26.574430,-77.024335,6.21,85.3,1,10,0.9
2024-03-24T13:43:35Z,26.574450,-77.024173,6.07,83.8,1,10,0.9
2024-03-24T13:43:40Z,26.574475,-77.024010,6.02,80.3,1,9,0.9
2024-03-24T13:43:45Z,26.574497,-77.023847,6.06,80.0,1,10,0.9
2024-03-24T13:43:50Z,26.574518,-77.023695,5.98,79.3,1,10,0.9
2024-03-24T13:43:55Z,26.574533,-77.023547,6.24,80.7,1,10,0.9
2024-03-24T13:44:00Z,26.574552,-77.023388,6.31,82.1,1,10,0.9
2024-03-24T13:44:05Z,26.574575,-77.023223,6.10,83.7,1,10,0.9
2024-03-24T13:44:10Z,26.574598,-77.023080,6.11,75.8,1,10,0.9
2024-03-24T13:44:20Z,26.574645,-77.022782,5.79,84.3,1,10,0.9
2024-03-24T13:44:25Z,26.574663,-77.022620,6.00,82.1,1,10,0.9
2024-03-24T13:44:30Z,26.574680,-77.022458,5.90,82.9,1,10,0.9
2024-03-24T13:44:35Z,26.574690,-77.022305,5.99,83.5,1,10,0.9
2024-03-24T13:44:40Z,26.574700,-77.022157,6.06,82.4,1,10,0.9
2024-03-24T13:44:45Z,26.574713,-77.022002,6.01,84.4,1,10,0.9
2024-03-24T13:44:50Z,26.574728,-77.021840,6.22,81.5,1,10,0.9
2024-03-24T13:44:55Z,26.574753,-77.021685,6.43,80.5,1,10,0.9
2024-03-24T13:45:00Z,26.574773,-77.021530,6.27,85.5,1,10,0.9
2024-03-24T13:45:05Z,26.574793,-77.021377,5.97,83.7,1,10,0.9
2024-03-24T13:45:10Z,26.574812,-77.021230,6.02,79.0,1,10,0.9
2024-03-24T13:45:20Z,26.574828,-77.020923,6.19,87.6,1,10,0.9
2024-03-24T13:45:25Z,26.574855,-77.020763,6.28,85.7,1,10,0.9
2024-03-24T13:45:30Z,26.574870,-77.020593,6.25,86.2,1,10,0.9
2024-03-24T13:45:35Z,26.574888,-77.020440,6.32,82.2,1,10,0.9
2024-03-24T13:45:40Z,26.574903,-77.020290,6.36,84.0,1,10,0.9
2024-03-24T13:45:50Z,26.574943,-77.019975,6.58,80.1,1,10,0.9
2024-03-24T13:45:55Z,26.574950,-77.019803,6.57,81.5,1,10,0.9
2024-03-24T13:46:00Z,26.574972,-77.019638,6.67,78.2,1,10,0.9
2024-03-24T13:46:05Z,26.574995,-77.019483,6.07,83.2,1,10,0.9
2024-03-24T13:46:10Z,26.575015,-77.019328,6.37,84.3,1,10,0.9
2024-03-24T13:46:15Z,26.575030,-77.019167,6.58,82.1,1,10,0.9
2024-03-24T13:46:20Z,26.575055,-77.018998,6.49,82.1,1,10,0.9
2024-03-24T13:46:25Z,26.575065,-77.018835,6.14,82.2,1,10,0.9
2024-03-24T13:46:30Z,26.575082,-77.018670,5.69,82.8,1,10,0.9
2024-03-24T13:46:35Z,26.575107,-77.018515,6.44,79.6,1,9,1.0
2024-03-24T13:46:40Z,26.575122,-77.018370,6.47,81.9,1,10,0.9
2024-03-24T13:46:45Z,26.575145,-77.018200,6.58,80.3,1,10,0.9
2024-03-24T13:46:55Z,26.575177,-77.017850,6.71,83.9,1,10,0.9
2024-03-24T13:47:00Z,26.575190,-77.017672,6.94,83.5,1,10,0.9
2024-03-24T13:47:05Z,26.575200,-77.017505,6.33,82.8,1,10,0.9
2024-03-24T13:47:10Z,26.575210,-77.017327,6.98,79.8,1,10,0.9
2024-03-24T13:47:15Z,26.575218,-77.017168,6.53,82.1,1,10,0.9
2024-03-24T13:47:20Z,26.575237,-77.017015,6.62,83.4,1,10,0.9
2024-03-24T13:47:25Z,26.575247,-77.016845,6.61,84.5,1,10,0.9
2024-03-24T13:47:30Z,26.575257,-77.016680,6.52,83.9,1,10,0.9
2024-03-24T13:47:35Z,26.575293,-77.016507,6.38,86.1,1,10,0.9
2024-03-24T13:47:40Z,26.575305,-77.016335,6.26,83.6,1,10,0.9
2024-03-24T13:47:45Z,26.575310,-77.016173,6.05,86.0,1,10,0.9
2024-03-24T13:47:50Z,26.575327,-77.016002,6.46,85.2,1,10,0.9
2024-03-24T13:47:55Z,26.575332,-77.015850,6.47,86.1,1,10,0.9
2024-03-24T13:48:00Z,26.575347,-77.015678,6.11,85.5,1,10,0.9
2024-03-24T13:48:05Z,26.575347,-77.015523,6.12,87.4,1,10,0.9
2024-03-24T13:48:10Z,26.575375,-77.015375,6.46,80.9,1,10,0.9
2024-03-24T13:48:20Z,26.575412,-77.015040,6.56,80.8,1,10,0.9
2024-03-24T13:48:25Z,26.575430,-77.014880,6.27,87.6,1,10,0.9
2024-03-24T13:48:30Z,26.575442,-77.014732,6.48,82.2,1,10,0.9
2024-03-24T13:48:35Z,26.575462,-77.014558,6.30,81.0,1,10,0.9
2024-03-24T13:48:45Z,26.575508,-77.014253,6.03,81.4,1,10,0.9
2024-03-24T13:48:50Z,26.575515,-77.014080,6.35,84.8,1,10,0.9
2024-03-24T13:48:55Z,26.575527,-77.013910,6.66,86.1,1,10,0.9
2024-03-24T13:49:00Z,26.575530,-77.013747,6.45,86.3,1,10,0.9
2024-03-24T13:49:05Z,26.575547,-77.013585,6.64,81.9,1,10,0.9
2024-03-24T13:49:10Z,26.575562,-77.013427,6.76,82.1,1,10,0.9
2024-03-24T13:49:15Z,26.575577,-77.013253,6.73,82.7,1,10,0.9
2024-03-24T13:49:20Z,26.575598,-77.013083,7.05,79.9,1,10,0.9
2024-03-24T13:49:25Z,26.575607,-77.012925,6.68,83.6,1,10,0.9
2024-03-24T13:49:30Z,26.575628,-77.012755,6.82,83.5,1,10,0.9
2024-03-24T13:49:35Z,26.575652,-77.012580,6.84,82.0,1,10,0.9
2024-03-24T13:49:40Z,26.575670,-77.012393,7.13,81.6,1,10,0.9
2024-03-24T13:49:45Z,26.575683,-77.012212,6.84,85.4,1,10,0.9
2024-03-24T13:49:50Z,26.575697,-77.012042,6.69,82.5,1,10,0.9
2024-03-24T13:49:55Z,26.575703,-77.011887,6.39,83.7,1,10,0.9
2024-03-24T13:50:05Z,26.575742,-77.011542,6.10,88.0,1,10,0.9
2024-03-24T13:50:10Z,26.575757,-77.011385,6.39,83.2,1,10,0.9
2024-03-24T13:50:15Z,26.575778,-77.011228,6.33,83.4,1,10,0.9
2024-03-24T13:50:20Z,26.575787,-77.011085,5.20,77.9,1,10,0.9
2024-03-24T13:50:25Z,26.575798,-77.010950,5.07,92.1,1,10,0.9
2024-03-24T13:50:30Z,26.575810,-77.010807,5.57,84.2,1,10,0.9
2024-03-24T13:50:35Z,26.575828,-77.010668,5.56,81.4,1,10,0.9
2024-03-24T13:50:40Z,26.575840,-77.010538,5.07,82.8,1,10,0.9
2024-03-24T13:50:45Z,26.575853,-77.010410,5.32,84.5,1,10,0.9
2024-03-24T13:50:50Z,26.575860,-77.010280,5.41,87.8,1,10,0.9
2024-03-24T13:50:55Z,26.575862,-77.010135,5.27,87.7,1,10,0.9
2024-03-24T13:51:00Z,26.575862,-77.009988,5.42,89.1,1,9,1.0
2024-03-24T13:51:05Z,26.575865,-77.009845,5.67,81.3,1,10,0.9
2024-03-24T13:51:10Z,26.575872,-77.009708,5.21,83.8,1,10,0.9
2024-03-24T13:51:15Z,26.575878,-77.009558,5.59,86.5,1,10,0.9
2024-03-24T13:51:25Z,26.575900,-77.009252,5.76,81.2,1,10,0.9
2024-03-24T13:51:30Z,26.575928,-77.009088,6.18,82.1,1,10,0.9
2024-03-24T13:51:35Z,26.575953,-77.008935,5.99,84.2,1,10,0.9
2024-03-24T13:51:40Z,26.575975,-77.008783,6.30,84.0,1,10,0.9
2024-03-24T13:51:45Z,26.575995,-77.008635,6.22,82.8,1,10,0.9
2024-03-24T13:51:50Z,26.576015,-77.008468,6.17,83.2,1,10,0.9
2024-03-24T13:51:55Z,26.576037,-77.008312,6.49,82.4,1,10,0.9
2024-03-24T13:52:00Z,26.576060,-77.008147,6.20,82.7,1,10,0.9
2024-03-24T13:52:05Z,26.576080,-77.007985,6.28,83.2,1,10,0.9
2024-03-24T13:52:10Z,26.576097,-77.007817,6.90,83.8,1,10,0.9
2024-03-24T13:52:20Z,26.576160,-77.007490,6.51,77.2,1,10,0.9
2024-03-24T13:52:25Z,26.576193,-77.007335,6.36,78.8,1,10,0.9
2024-03-24T13:52:30Z,26.576217,-77.007178,6.17,77.3,1,10,0.9
2024-03-24T13:52:35Z,26.576248,-77.007025,6.29,78.3,1,10,0.9
2024-03-24T13:52:40Z,26.576273,-77.006872,6.09,80.7,1,10,0.9
2024-03-24T13:52:45Z,26.576300,-77.006723,6.08,74.3,1,10,0.9
2024-03-24T13:52:50Z,26.576333,-77.006583,5.80,75.6,1,10,0.9
2024-03-24T13:52:55Z,26.576363,-77.006438,5.86,82.5,1,10,0.9
2024-03-24T13:53:00Z,26.576390,-77.006305,5.70,78.2,1,10,0.9
2024-03-24T13:53:05Z,26.576413,-77.006160,5.72,76.7,1,10,0.9
2024-03-24T13:53:10Z,26.576440,-77.006012,5.47,75.4,1,10,0.9
2024-03-24T13:53:15Z,26.576467,-77.005858,6.02,76.1,1,10,0.9
2024-03-24T13:53:20Z,26.576497,-77.005712,5.99,77.2,1,10,0.9
2024-03-24T13:53:25Z,26.576532,-77.005555,5.89,80.1,1,10,0.9
2024-03-24T13:53:30Z,26.576570,-77.005417,5.22,70.4,1,10,0.9
2024-03-24T13:53:35Z,26.576610,-77.005280,5.57,71.5,1,10,0.9
2024-03-24T13:53:45Z,26.576688,-77.005008,5.57,69.1,1,10,0.9
2024-03-24T13:53:50Z,26.576730,-77.004865,6.18,68.6,1,10,0.9
2024-03-24T13:53:55Z,26.576770,-77.004720,5.73,74.8,1,10,0.9
2024-03-24T13:54:00Z,26.576810,-77.004565,5.97,72.8,1,10,0.9
2024-03-24T13:54:10Z,26.576897,-77.004270,5.99,73.4,1,10,0.9
2024-03-24T13:54:15Z,26.576940,-77.004127,6.01,67.4,1,10,0.9
2024-03-24T13:54:20Z,26.577000,-77.003998,6.19,66.4,1,10,0.9
2024-03-24T13:54:25Z,26.577055,-77.003850,6.16,67.1,1,10,0.9
2024-03-24T13:54:30Z,26.577110,-77.003700,6.17,64.5,1,10,0.9
2024-03-24T13:54:35Z,26.577163,-77.003563,6.14,66.1,1,10,0.9
2024-03-24T13:54:40Z,26.577227,-77.003422,6.02,67.4,1,10,0.9
2024-03-24T13:54:45Z,26.577283,-77.003285,5.95,69.3,1,10,0.9
2024-03-24T13:54:50Z,26.577330,-77.003138,6.13,64.8,1,10,0.9
2024-03-24T13:54:55Z,26.577377,-77.002983,6.16,67.5,1,10,0.9
2024-03-24T13:55:05Z,26.577472,-77.002693,5.72,71.7,1,10,0.9
2024-03-24T13:55:10Z,26.577515,-77.002553,5.75,71.4,1,10,0.9
2024-03-24T13:55:15Z,26.577563,-77.002415,6.33,75.9,1,10,0.9
2024-03-24T13:55:20Z,26.577608,-77.002282,5.51,70.1,1,10,0.9
2024-03-24T13:55:25Z,26.577660,-77.002150,5.71,71.6,1,10,0.9
2024-03-24T13:55:35Z,26.577747,-77.001865,5.90,66.6,1,10,0.9
2024-03-24T13:55:40Z,26.577793,-77.001720,6.24,71.4,1,10,0.9
2024-03-24T13:55:45Z,26.577840,-77.001570,6.05,68.3,1,10,0.9
2024-03-24T13:55:50Z,26.577907,-77.001422,6.10,69.1,1,10,0.9
2024-03-24T13:55:55Z,26.577968,-77.001283,5.85,61.7,1,10,0.9
2024-03-24T13:56:05Z,26.578080,-77.001018,5.66,64.0,1,10,0.9
2024-03-24T13:56:10Z,26.578132,-77.000870,6.25,71.3,1,10,0.9
2024-03-24T13:56:15Z,26.578182,-77.000715,6.31,70.2,1,10,0.9
2024-03-24T13:56:20Z,26.578242,-77.000562,6.32,60.5,1,10,0.9
2024-03-24T13:56:25Z,26.578298,-77.000423,5.96,68.5,1,10,0.9
2024-03-24T13:56:35Z,26.578408,-77.000135,5.72,67.1,1,10,0.9
2024-03-24T13:56:40Z,26.578462,-76.999998,5.88,68.4,1,10,0.9
2024-03-24T13:56:45Z,26.578527,-76.999863,5.86,66.6,1,10,0.9
2024-03-24T13:56:50Z,26.578577,-76.999722,5.78,69.7,1,10,0.9
2024-03-24T13:56:55Z,26.578625,-76.999588,5.66,72.6,1,10,0.9
2024-03-24T13:57:05Z,26.578730,-76.999318,5.76,64.7,1,10,0.9
2024-03-24T13:57:10Z,26.578783,-76.999192,5.49,68.1,1,10,0.9
2024-03-24T13:57:15Z,26.578833,-76.999058,5.62,69.1,1,10,0.9
2024-03-24T13:57:20Z,26.578888,-76.998920,6.15,69.2,1,10,0.9
2024-03-24T13:57:25Z,26.578927,-76.998762,6.32,71.2,1,10,0.9
2024-03-24T13:57:35Z,26.579037,-76.998473,5.92,72.7,1,10,0.9
2024-03-24T13:57:40Z,26.579085,-76.998318,5.53,73.5,1,10,0.9
2024-03-24T13:57:45Z,26.579138,-76.998182,5.81,64.2,1,10,0.9
2024-03-24T13:57:50Z,26.579185,-76.998037,5.95,73.4,1,10,0.9
2024-03-24T13:57:55Z,26.579248,-76.997903,5.98,65.4,1,10,0.9
2024-03-24T13:58:05Z,26.579357,-76.997607,6.52,62.0,1,10,0.9
2024-03-24T13:58:10Z,26.579427,-76.997457,6.32,66.0,1,10,0.9
2024-03-24T13:58:15Z,26.579487,-76.997305,6.24,67.9,1,10,0.9
2024-03-24T13:58:20Z,26.579542,-76.997162,5.92,69.2,1,10,0.9
2024-03-24T13:58:25Z,26.579597,-76.997015,6.14,66.1,1,10,0.9
2024-03-24T13:58:30Z,26.579653,-76.996860,6.23,65.7,1,10,0.9
2024-03-24T13:58:35Z,26.579703,-76.996707,6.53,71.2,1,10,0.9
2024-03-24T13:58:40Z,26.579758,-76.996553,6.32,72.2,1,10,0.9
2024-03-24T13:58:45Z,26.579822,-76.996407,6.47,61.0,1,10,0.9
2024-03-24T13:58:50Z,26.579863,-76.996253,6.27,69.4,1,10,0.9
2024-03-24T13:58:55Z,26.579923,-76.996115,6.27,67.7,1,10,0.9
2024-03-24T13:59:00Z,26.579975,-76.995963,6.47,66.4,1,10,0.9
2024-03-24T13:59:05Z,26.580025,-76.995807,6.56,69.7,1,10,1.0
2024-03-24T13:59:10Z,26.580078,-76.995655,6.14,72.4,1,10,1.0
2024-03-24T13:59:15Z,26.580127,-76.995503,6.27,67.8,1,10,1.0
2024-03-24T13:59:20Z,26.580182,-76.995350,6.50,67.3,1,10,1.0
2024-03-24T13:59:25Z,26.580230,-76.995200,5.70,73.8,1,10,1.0
2024-03-24T13:59:30Z,26.580287,-76.995068,5.89,66.6,1,10,1.0
2024-03-24T13:59:40Z,26.580410,-76.994785,6.60,62.1,1,10,1.0
2024-03-24T13:59:45Z,26.580475,-76.994633,6.72,64.7,1,10,1.0
2024-03-24T13:59:50Z,26.580558,-76.994487,6.43,64.0,1,10,1.0
2024-03-24T13:59:55Z,26.580608,-76.994327,5.82,72.9,1,10,1.0
2024-03-24T14:00:00Z,26.580667,-76.994188,6.49,67.4,1,10,1.0
2024-03-24T14:00:05Z,26.580707,-76.994045,5.62,72.5,1,10,1.0
2024-03-24T14:00:10Z,26.580748,-76.993908,5.43,76.8,1,10,1.0
2024-03-24T14:00:15Z,26.580808,-76.993790,5.59,70.3,1,10,1.0
2024-03-24T14:00:20Z,26.580863,-76.993652,5.65,69.2,1,10,1.0
2024-03-24T14:00:25Z,26.580918,-76.993517,5.84,66.6,1,10,1.0
2024-03-24T14:00:30Z,26.580957,-76.993393,5.75,72.3,1,9,1.0
2024-03-24T14:00:35Z,26.580995,-76.993260,5.37,69.5,1,9,1.0
2024-03-24T14:00:40Z,26.581042,-76.993122,5.35,68.3,1,9,1.0
2024-03-24T14:00:50Z,26.581132,-76.992848,5.86,71.0,1,9,1.0
2024-03-24T14:00:55Z,26.581195,-76.992707,5.93,67.7,1,9,1.0
2024-03-24T14:01:00Z,26.581252,-76.992573,6.10,64.8,1,9,1.0
2024-03-24T14:01:05Z,26.581315,-76.992430,5.98,60.4,1,9,1.0
2024-03-24T14:01:10Z,26.581375,-76.992290,6.14,68.5,1,9,1.0
2024-03-24T14:01:15Z,26.581428,-76.992152,5.88,67.2,1,9,1.0
2024-03-24T14:01:25Z,26.581537,-76.991882,5.64,62.8,1,9,1.0
2024-03-24T14:01:30Z,26.581598,-76.991757,5.01,63.5,1,9,1.0
2024-03-24T14:01:35Z,26.581655,-76.991637,5.22,61.4,1,9,1.0
2024-03-24T14:01:40Z,26.581702,-76.991502,5.49,61.6,1,9,1.0
2024-03-24T14:01:45Z,26.581742,-76.991363,5.28,68.0,1,9,1.0
2024-03-24T14:01:50Z,26.581812,-76.991245,5.25,60.5,1,9,1.0
2024-03-24T14:02:00Z,26.581940,-76.991042,4.79,54.9,1,9,1.0
2024-03-24T14:02:05Z,26.581967,-76.990933,3.84,75.5,1,9,1.0
2024-03-24T14:02:10Z,26.582000,-76.990838,4.09,65.3,1,9,1.0
2024-03-24T14:02:15Z,26.582038,-76.990745,3.74,63.8,1,9,1.0
2024-03-24T14:02:20Z,26.582085,-76.990655,3.42,66.2,1,9,1.0
2024-03-24T14:02:25Z,26.582138,-76.990553,5.04,60.5,1,9,1.0
2024-03-24T14:02:35Z,26.582277,-76.990337,5.68,55.0,1,9,1.0
2024-03-24T14:02:40Z,26.582360,-76.990242,5.40,49.5,1,9,1.0
2024-03-24T14:02:45Z,26.582433,-76.990127,5.36,50.0,1,9,1.0
2024-03-24T14:02:50Z,26.582520,-76.990007,5.93,48.1,1,9,1.0
2024-03-24T14:02:55Z,26.582618,-76.989883,5.33,44.7,1,9,1.0
2024-03-24T14:03:00Z,26.582717,-76.989780,5.86,39.2,1,9,1.0
2024-03-24T14:03:10Z,26.582930,-76.989580,5.48,37.6,1,9,1.0
2024-03-24T14:03:15Z,26.583053,-76.989483,6.19,40.9,1,9,1.0
2024-03-24T14:03:20Z,26.583177,-76.989415,6.21,29.5,1,9,1.0
2024-03-24T14:03:25Z,26.583297,-76.989337,5.62,33.8,1,9,1.0
2024-03-24T14:03:30Z,26.583425,-76.989260,6.04,31.9,1,9,1.0
2024-03-24T14:03:35Z,26.583540,-76.989182,5.75,29.1,1,9,1.0
2024-03-24T14:03:45Z,26.583772,-76.989072,4.68,24.4,1,9,1.0
2024-03-24T14:03:50Z,26.583875,-76.989028,4.41,20.0,1,8,1.1
2024-03-24T14:03:55Z,26.583987,-76.988982,5.39,20.9,1,8,1.1
2024-03-24T14:04:00Z,26.584097,-76.988952,4.96,17.3,1,8,1.1
2024-03-24T14:04:05Z,26.584208,-76.988917,4.14,27.9,1,8,1.1
2024-03-24T14:04:10Z,26.584300,-76.988862,5.06,24.1,1,6,1.3
2024-03-24T14:04:20Z,26.584503,-76.988733,5.04,39.2,1,8,1.1
2024-03-24T14:04:25Z,26.584615,-76.988688,4.58,27.2,1,8,1.1
2024-03-24T14:04:30Z,26.584718,-76.988625,4.62,29.5,1,9,1.0
2024-03-24T14:04:35Z,26.584820,-76.988575,5.23,18.4,1,9,1.0
2024-03-24T14:04:40Z,26.584933,-76.988530,5.08,15.4,1,9,1.0
2024-03-24T14:04:45Z,26.585047,-76.988492,5.42,16.1,1,9,1.0
2024-03-24T14:04:50Z,26.585150,-76.988473,3.86,355.2,1,9,1.0
2024-03-24T14:04:55Z,26.585265,-76.988483,5.82,347.5,1,8,1.0
2024-03-24T14:05:00Z,26.585368,-76.988483,4.35,1.6,1,8,1.0
2024-03-24T14:05:05Z,26.585477,-76.988473,4.24,7.5,1,8,1.0
2024-03-24T14:05:10Z,26.585583,-76.988467,5.15,2.0,1,9,1.0
2024-03-24T14:05:15Z,26.585692,-76.988453,4.65,5.0,1,9,1.0
2024-03-24T14:05:25Z,26.585910,-76.988443,4.95,7.3,1,9,1.0
2024-03-24T14:05:30Z,26.586022,-76.988437,4.78,5.9,1,9,1.0
2024-03-24T14:05:35Z,26.586117,-76.988443,4.48,2.4,1,7,1.2
2024-03-24T14:05:40Z,26.586222,-76.988457,5.11,354.0,1,8,1.0
2024-03-24T14:05:45Z,26.586330,-76.988438,5.02,3.5,1,9,1.0
2024-03-24T14:05:50Z,26.586427,-76.988435,3.94,2.1,1,9,1.0
2024-03-24T14:05:55Z,26.586535,-76.988428,4.50,1.1,1,9,1.0
2024-03-24T14:06:00Z,26.586638,-76.988433,5.08,359.1,1,9,1.0
2024-03-24T14:06:05Z,26.586737,-76.988428,4.84,11.6,1,9,1.0
2024-03-24T14:06:10Z,26.586847,-76.988418,4.62,3.3,1,9,1.0
2024-03-24T14:06:15Z,26.586950,-76.988412,4.03,359.0,1,9,1.0
2024-03-24T14:06:20Z,26.587078,-76.988432,5.28,350.2,1,9,1.0
2024-03-24T14:06:30Z,26.587275,-76.988442,3.52,2.1,1,9,1.0
2024-03-24T14:06:35Z,26.587373,-76.988430,5.95,0.2,1,9,1.0
2024-03-24T14:06:40Z,26.587482,-76.988427,4.60,0.4,1,9,1.0
2024-03-24T14:06:45Z,26.587583,-76.988415,4.96,6.8,1,9,1.0
2024-03-24T14:06:50Z,26.587698,-76.988417,4.34,1.6,1,9,1.0
2024-03-24T14:06:55Z,26.587820,-76.988418,4.78,4.0,1,9,1.0
2024-03-24T14:07:05Z,26.588038,-76.988413,4.35,4.5,1,9,1.0
2024-03-24T14:07:10Z,26.588135,-76.988388,4.20,360.0,1,9,1.0
2024-03-24T14:07:15Z,26.588240,-76.988385,5.15,0.9,1,9,1.0
2024-03-24T14:07:20Z,26.588348,-76.988398,4.67,357.5,1,9,1.0
2024-03-24T14:07:25Z,26.588445,-76.988387,3.61,12.3,1,9,1.0
2024-03-24T14:07:30Z,26.588537,-76.988358,4.05,27.3,1,8,1.1
2024-03-24T14:07:40Z,26.588713,-76.988227,5.05,44.9,1,9,1.0
2024-03-24T14:07:45Z,26.588792,-76.988137,5.39,49.5,1,9,1.0
2024-03-24T14:07:50Z,26.588855,-76.988040,4.96,55.1,1,9,1.0
2024-03-24T14:07:55Z,26.588918,-76.987928,4.85,58.0,1,9,1.0
2024-03-24T14:08:00Z,26.588988,-76.987813,5.48,59.1,1,9,1.0
2024-03-24T14:08:05Z,26.589063,-76.987697,5.39,56.8,1,9,1.0
2024-03-24T14:08:15Z,26.589223,-76.987475,5.59,51.4,1,9,1.0
2024-03-24T14:08:20Z,26.589310,-76.987370,4.94,47.8,1,9,1.0
2024-03-24T14:08:25Z,26.589385,-76.987270,4.83,52.2,1,9,1.0
2024-03-24T14:08:30Z,26.589475,-76.987167,5.30,45.7,1,9,1.0
2024-03-24T14:08:35Z,26.589562,-76.987080,5.46,39.9,1,9,1.0
2024-03-24T14:08:40Z,26.589662,-76.986992,5.80,34.8,1,9,1.0
2024-03-24T14:08:50Z,26.589888,-76.986832,5.03,31.7,1,9,1.0
2024-03-24T14:08:55Z,26.590000,-76.986742,5.64,31.7,1,9,1.0
2024-03-24T14:09:00Z,26.590115,-76.986678,5.70,23.9,1,9,1.0
2024-03-24T14:09:05Z,26.590220,-76.986632,5.14,20.7,1,9,1.0
2024-03-24T14:09:10Z,26.590318,-76.986583,5.33,14.7,1,9,1.0
2024-03-24T14:09:15Z,26.590463,-76.986550,6.40,4.3,1,9,1.0
2024-03-24T14:09:25Z,26.590690,-76.986510,4.27,5.8,1,9,1.0
2024-03-24T14:09:30Z,26.590838,-76.986523,5.56,357.2,1,9,1.0
2024-03-24T14:09:35Z,26.590977,-76.986532,6.06,359.6,1,9,1.0
2024-03-24T14:09:40Z,26.591115,-76.986527,5.93,359.1,1,8,1.1
2024-03-24T14:09:45Z,26.591233,-76.986522,5.28,4.9,1,9,1.0
2024-03-24T14:09:50Z,26.591332,-76.986508,4.99,13.6,1,8,1.1
2024-03-24T14:10:00Z,26.591558,-76.986442,4.92,14.3,1,9,1.0
2024-03-24T14:10:05Z,26.591683,-76.986418,4.88,17.1,1,8,1.1
2024-03-24T14:10:10Z,26.591792,-76.986378,4.99,15.6,1,9,1.0
2024-03-24T14:10:15Z,26.591900,-76.986357,5.48,12.3,1,9,1.0
2024-03-24T14:10:20Z,26.592015,-76.986337,5.45,8.2,1,9,1.0
2024-03-24T14:10:25Z,26.592142,-76.986317,5.17,11.1,1,9,1.0
2024-03-24T14:10:35Z,26.592393,-76.986273,5.64,6.0,1,9,1.0
2024-03-24T14:10:40Z,26.592520,-76.986248,5.76,10.1,1,9,1.0
2024-03-24T14:10:45Z,26.592645,-76.986223,5.57,16.4,1,8,1.1
2024-03-24T14:10:50Z,26.592758,-76.986183,5.37,6.8,1,8,1.1
2024-03-24T14:10:55Z,26.592888,-76.986170,5.46,8.4,1,8,1.1
2024-03-24T14:11:00Z,26.593015,-76.986135,6.30,16.4,1,8,1.1
2024-03-24T14:11:10Z,26.593242,-76.986035,5.00,13.0,1,8,1.1
2024-03-24T14:11:15Z,26.593357,-76.985992,5.90,14.6,1,8,1.1
2024-03-24T14:11:20Z,26.593480,-76.985958,6.23,13.7,1,8,1.1
2024-03-24T14:11:25Z,26.593628,-76.985940,5.75,17.8,1,8,1.1
2024-03-24T14:11:30Z,26.593728,-76.985870,5.65,34.2,1,8,1.1
2024-03-24T14:11:35Z,26.593815,-76.985792,6.05,34.2,1,8,1.1
2024-03-24T14:11:45Z,26.594015,-76.985658,4.50,16.6,1,8,1.1
2024-03-24T14:11:50Z,26.594140,-76.985613,5.42,23.3,1,8,1.1
2024-03-24T14:11:55Z,26.594277,-76.985560,6.43,21.9,1,8,1.1
2024-03-24T14:12:00Z,26.594397,-76.985512,5.52,18.6,1,8,1.1
2024-03-24T14:12:05Z,26.594513,-76.985460,5.92,19.4,1,8,1.1
2024-03-24T14:12:10Z,26.594637,-76.985428,5.25,21.0,1,8,1.1
2024-03-24T14:12:20Z,26.594853,-76.985317,5.08,25.4,1,8,1.1
2024-03-24T14:12:25Z,26.594962,-76.985258,5.09,22.7,1,8,1.1
2024-03-24T14:12:30Z,26.595095,-76.985208,5.94,19.6,1,8,1.1
2024-03-24T14:12:35Z,26.595210,-76.985188,4.98,25.9,1,8,1.1
2024-03-24T14:12:40Z,26.595312,-76.985140,5.72,24.8,1,8,1.1
2024-03-24T14:12:45Z,26.595432,-76.985098,5.71,16.7,1,7,1.1
2024-03-24T14:12:55Z,26.595642,-76.985002,5.61,12.8,1,9,0.9
2024-03-24T14:13:00Z,26.595765,-76.984960,5.35,9.2,1,9,0.9
2024-03-24T14:13:05Z,26.595902,-76.984940,5.52,7.3,1,9,0.9
2024-03-24T14:13:10Z,26.596032,-76.984925,4.74,2.3,1,9,0.9
2024-03-24T14:13:15Z,26.596147,-76.984923,5.46,356.3,1,9,0.9
2024-03-24T14:13:20Z,26.596277,-76.984933,5.24,357.9,1,9,0.9
2024-03-24T14:13:25Z,26.596405,-76.984955,5.05,346.0,1,9,0.9
2024-03-24T14:13:30Z,26.596503,-76.985008,4.35,338.5,1,9,0.9
2024-03-24T14:13:35Z,26.596597,-76.985075,5.30,320.9,1,9,0.9
2024-03-24T14:13:40Z,26.596697,-76.985155,5.16,339.6,1,9,0.9
2024-03-24T14:13:45Z,26.596800,-76.985232,5.08,326.4,1,9,0.9
2024-03-24T14:13:50Z,26.596898,-76.985317,5.57,318.7,1,9,0.9
2024-03-24T14:14:00Z,26.597095,-76.985513,5.32,303.5,1,9,0.9
2024-03-24T14:14:05Z,26.597175,-76.985620,5.15,313.9,1,9,0.9
2024-03-24T14:14:10Z,26.597248,-76.985728,5.43,309.8,1,9,0.9
2024-03-24T14:14:15Z,26.597332,-76.985820,5.60,307.6,1,9,0.9
2024-03-24T14:14:20Z,26.597413,-76.985930,5.40,306.2,1,9,0.9
2024-03-24T14:14:25Z,26.597485,-76.986038,4.98,320.1,1,9,0.9
2024-03-24T14:14:35Z,26.597660,-76.986248,5.10,319.3,1,9,0.9
2024-03-24T14:14:40Z,26.597732,-76.986330,5.17,297.2,1,9,0.9
2024-03-24T14:14:45Z,26.597793,-76.986443,4.92,321.4,1,9,0.9
2024-03-24T14:14:50Z,26.597868,-76.986532,4.84,304.5,1,9,0.9
2024-03-24T14:14:55Z,26.597980,-76.986633,6.62,320.0,1,9,0.9
2024-03-24T14:15:00Z,26.598052,-76.986730,4.97,316.3,1,9,0.9
2024-03-24T14:15:10Z,26.598207,-76.986883,4.87,320.1,1,9,0.9
2024-03-24T14:15:15Z,26.598303,-76.986973,5.38,320.4,1,9,0.9
2024-03-24T14:15:20Z,26.598400,-76.987048,4.79,325.3,1,9,0.9
2024-03-24T14:15:25Z,26.598500,-76.987145,5.05,321.4,1,9,0.9
2024-03-24T14:15:30Z,26.598578,-76.987233,5.02,316.7,1,9,0.9
2024-03-24T14:15:35Z,26.598670,-76.987317,4.72,317.9,1,9,0.9
2024-03-24T14:15:45Z,26.598860,-76.987502,6.15,319.8,1,9,0.9
2024-03-24T14:15:50Z,26.598957,-76.987587,5.04,325.6,1,9,0.9
2024-03-24T14:15:55Z,26.599038,-76.987687,4.85,331.3,1,9,0.9
2024-03-24T14:16:00Z,26.599138,-76.987738,5.14,345.6,1,9,0.9
2024-03-24T14:16:05Z,26.599250,-76.987747,4.96,352.9,1,9,0.9
2024-03-24T14:16:10Z,26.599358,-76.987745,4.90,11.6,1,9,0.9
2024-03-24T14:16:20Z,26.599578,-76.987695,4.40,28.8,1,9,0.9
2024-03-24T14:16:25Z,26.599663,-76.987637,4.29,27.4,1,9,0.9
2024-03-24T14:16:30Z,26.599748,-76.987587,3.56,21.7,1,9,0.9
2024-03-24T14:16:35Z,26.599823,-76.987545,4.17,33.1,1,9,0.9
2024-03-24T14:16:40Z,26.599883,-76.987515,3.62,23.8,1,9,0.9
2024-03-24T14:16:45Z,26.599980,-76.987465,4.56,18.9,1,9,0.9
2024-03-24T14:16:55Z,26.600127,-76.987415,3.57,353.1,1,9,0.9
2024-03-24T14:17:00Z,26.600220,-76.987407,3.20,12.6,1,9,0.9
2024-03-24T14:17:05Z,26.600315,-76.987367,4.27,26.9,1,9,0.9
2024-03-24T14:17:10Z,26.600398,-76.987332,3.16,26.1,1,9,0.9
2024-03-24T14:17:15Z,26.600465,-76.987272,3.04,38.8,1,9,0.9
2024-03-24T14:17:20Z,26.600513,-76.987227,3.43,36.6,1,9,0.9
2024-03-24T14:17:30Z,26.600613,-76.987142,2.09,56.4,1,9,0.9
2024-03-24T14:17:35Z,26.600618,-76.987100,2.40,69.0,1,8,1.1
2024-03-24T14:17:40Z,26.600635,-76.987072,0.91,89.4,1,9,0.9
2024-03-24T14:17:45Z,26.600622,-76.987045,0.87,86.4,1,9,0.9
2024-03-24T14:17:50Z,26.600622,-76.987033,0.19,64.1,1,9,0.9
2024-03-24T14:17:55Z,26.600613,-76.987012,1.80,101.3,1,9,0.9
2024-03-24T14:18:05Z,26.600585,-76.986990,0.81,181.6,1,9,0.9
2024-03-24T14:18:10Z,26.600573,-76.987003,0.69,212.6,1,9,0.9
2024-03-24T14:18:15Z,26.600555,-76.986992,1.46,167.1,1,9,0.9
2024-03-24T14:18:20Z,26.600525,-76.986980,0.75,160.9,1,9,0.9
2024-03-24T14:18:25Z,26.600518,-76.986968,0.74,103.1,1,9,0.9
2024-03-24T14:18:30Z,26.600512,-76.986957,0.81,134.9,1,9,0.9
2024-03-24T14:18:40Z,26.600500,-76.986962,0.26,99.4,1,8,1.1
2024-03-24T14:18:45Z,26.600497,-76.986937,0.61,152.6,1,8,1.1
2024-03-24T14:18:50Z,26.600495,-76.986992,0.62,275.8,1,8,1.1
2024-03-24T14:18:55Z,26.600487,-76.986978,0.62,158.9,1,8,1.1
2024-03-24T14:19:00Z,26.600483,-76.986975,0.58,149.4,1,8,1.1
2024-03-24T14:19:05Z,26.600467,-76.986972,0.32,85.6,1,8,1.1
2024-03-24T14:19:10Z,26.600453,-76.986997,0.43,105.1,1,9,0.9
2024-03-24T14:19:15Z,26.600445,-76.986973,0.14,300.9,1,9,0.9
2024-03-24T14:19:20Z,26.600443,-76.986975,0.36,287.4,1,9,0.9
2024-03-24T14:19:25Z,26.600432,-76.986978,0.34,193.3,1,9,0.9
2024-03-24T14:19:30Z,26.600420,-76.986982,0.62,111.2,1,9,0.9
2024-03-24T14:19:35Z,26.600410,-76.986965,0.49,180.2,1,9,0.9
2024-03-24T14:19:45Z,26.600418,-76.987012,0.81,252.1,1,9,0.9
2024-03-24T14:19:50Z,26.600413,-76.987035,0.36,250.9,1,9,0.9
2024-03-24T14:19:55Z,26.600402,-76.987023,0.32,228.6,1,9,0.9
2024-03-24T14:20:00Z,26.600388,-76.987030,0.56,188.2,1,9,0.9
2024-03-24T14:20:05Z,26.600400,-76.987043,0.63,261.0,1,9,0.9
2024-03-24T14:20:10Z,26.600383,-76.987062,0.55,248.7,1,9,0.9
2024-03-24T14:20:20Z,26.600370,-76.987085,0.73,312.6,1,8,0.9
2024-03-24T14:20:25Z,26.600360,-76.987100,1.63,224.6,1,9,0.9
2024-03-24T14:20:30Z,26.600363,-76.987117,0.11,221.5,1,9,0.9
2024-03-24T14:20:35Z,26.600367,-76.987113,1.18,240.5,1,9,0.9
2024-03-24T14:20:40Z,26.600362,-76.987125,0.19,73.3,1,9,0.9
2024-03-24T14:20:45Z,26.600355,-76.987147,0.70,244.2,1,9,0.9
2024-03-24T14:20:55Z,26.600350,-76.987157,0.45,162.3,1,9,0.9
2024-03-24T14:21:00Z,26.600345,-76.987163,0.35,157.0,1,9,0.9
2024-03-24T14:21:05Z,26.600348,-76.987162,0.54,300.8,1,9,0.9
2024-03-24T14:21:10Z,26.600347,-76.987158,0.38,262.9,1,9,0.9
2024-03-24T14:21:15Z,26.600343,-76.987167,0.23,82.5,1,9,0.9
2024-03-24T14:21:20Z,26.600338,-76.987168,0.13,273.4,1,9,0.9
2024-03-24T14:21:30Z,26.600355,-76.987158,0.50,173.9,1,9,0.9
2024-03-24T14:21:35Z,26.600358,-76.987157,0.23,298.0,1,9,0.9
2024-03-24T14:21:40Z,26.600357,-76.987158,0.11,342.5,1,9,0.9
2024-03-24T14:21:45Z,26.600353,-76.987157,0.33,321.4,1,9,0.9
2024-03-24T14:21:50Z,26.600343,-76.987170,0.50,176.9,1,9,0.9
2024-03-24T14:21:55Z,26.600332,-76.987175,0.35,316.8,1,9,0.9
2024-03-24T14:22:05Z,26.600340,-76.987173,0.67,298.2,1,9,0.9
2024-03-24T14:22:10Z,26.600352,-76.987170,0.11,166.5,1,9,0.9
2024-03-24T14:22:15Z,26.600345,-76.987185,0.85,181.5,1,9,0.9
2024-03-24T14:22:20Z,26.600338,-76.987188,0.80,232.6,1,9,0.9
2024-03-24T14:22:25Z,26.600342,-76.987202,0.96,33.0,1,9,0.9
2024-03-24T14:22:30Z,26.600345,-76.987178,0.54,132.2,1,9,0.9
2024-03-24T14:22:35Z,26.600342,-76.987173,0.46,41.5,1,9,0.9
2024-03-24T14:22:40Z,26.600353,-76.987170,0.67,295.0,1,9,0.9
2024-03-24T14:22:45Z,26.600363,-76.987173,0.62,23.4,1,9,0.9
2024-03-24T14:22:50Z,26.600373,-76.987165,0.15,298.4,1,9,0.9
2024-03-24T14:22:55Z,26.600378,-76.987162,1.09,24.3,1,9,0.9
2024-03-24T14:23:00Z,26.600365,-76.987173,0.26,18.2,1,9,0.9
2024-03-24T14:23:05Z,26.600370,-76.987167,1.02,166.0,1,9,0.9
2024-03-24T14:23:10Z,26.600377,-76.987165,0.22,207.0,1,9,0.9
2024-03-24T14:23:15Z,26.600377,-76.987168,0.81,81.8,1,9,0.9
2024-03-24T14:23:20Z,26.600383,-76.987162,0.46,335.5,1,9,0.9
2024-03-24T14:23:25Z,26.600372,-76.987183,0.17,66.7,1,9,0.9
2024-03-24T14:23:30Z,26.600372,-76.987182,0.39,132.0,1,9,0.9
2024-03-24T14:23:35Z,26.600368,-76.987170,1.24,139.3,1,9,0.9
2024-03-24T14:23:40Z,26.600378,-76.987147,0.78,32.5,1,9,0.9
2024-03-24T14:23:45Z,26.600365,-76.987145,0.64,58.6,1,9,0.9
2024-03-24T14:23:50Z,26.600363,-76.987147,0.68,17.6,1,9,0.9
2024-03-24T14:23:55Z,26.600365,-76.987132,0.45,111.1,1,9,0.9
2024-03-24T14:24:05Z,26.600373,-76.987132,0.20,5.7,1,9,0.9
2024-03-24T14:24:10Z,26.600383,-76.987113,0.51,134.5,1,9,0.9
2024-03-24T14:24:15Z,26.600388,-76.987113,0.69,14.8,1,9,0.9
2024-03-24T14:24:20Z,26.600382,-76.987102,0.63,227.7,1,9,0.9
2024-03-24T14:24:25Z,26.600363,-76.987108,0.29,75.4,1,9,0.9
2024-03-24T14:24:35Z,26.600353,-76.987122,0.11,350.0,1,9,0.9
2024-03-24T14:24:40Z,26.600350,-76.987133,0.46,319.9,1,9,0.9
2024-03-24T14:24:45Z,26.600363,-76.987137,0.61,23.4,1,9,0.9
2024-03-24T14:24:50Z,26.600363,-76.987122,0.38,298.7,1,9,0.9
2024-03-24T14:24:55Z,26.600355,-76.987117,0.60,299.7,1,9,0.9
2024-03-24T14:25:05Z,26.600368,-76.987097,0.43,46.0,1,9,0.9
2024-03-24T14:25:10Z,26.600377,-76.987110,0.52,33.0,1,9,0.9
2024-03-24T14:25:15Z,26.600365,-76.987120,0.50,359.1,1,9,0.9
2024-03-24T14:25:20Z,26.600355,-76.987123,0.55,152.0,1,9,0.9
2024-03-24T14:25:25Z,26.600350,-76.987123,0.27,131.3,1,9,0.9
2024-03-24T14:25:35Z,26.600357,-76.987122,1.05,25.5,1,9,0.9
2024-03-24T14:25:40Z,26.600352,-76.987137,0.62,249.3,1,9,0.9
2024-03-24T14:25:45Z,26.600353,-76.987133,0.26,74.8,1,9,0.9
2024-03-24T14:25:50Z,26.600353,-76.987142,0.65,326.0,1,9,0.9
2024-03-24T14:25:55Z,26.600353,-76.987152,0.31,300.4,1,9,0.9
2024-03-24T14:26:05Z,26.600330,-76.987167,0.38,172.5,1,9,0.9
2024-03-24T14:26:10Z,26.600337,-76.987177,0.81,323.2,1,9,0.9
2024-03-24T14:26:15Z,26.600332,-76.987178,0.80,53.3,1,9,0.9
2024-03-24T14:26:20Z,26.600340,-76.987177,0.24,284.1,1,9,0.9
2024-03-24T14:26:25Z,26.600338,-76.987170,0.76,27.2,1,9,0.9
2024-03-24T14:26:30Z,26.600337,-76.987163,0.42,210.4,1,9,0.9
2024-03-24T14:26:35Z,26.600337,-76.987150,0.23,77.3,1,9,0.9
2024-03-24T14:26:40Z,26.600333,-76.987153,0.74,153.3,1,9,0.9
2024-03-24T14:26:45Z,26.600327,-76.987153,0.34,34.9,1,9,0.9
2024-03-24T14:26:50Z,26.600327,-76.987162,0.33,85.2,1,9,0.9
2024-03-24T14:26:55Z,26.600333,-76.987168,0.20,310.2,1,9,0.9
2024-03-24T14:27:00Z,26.600337,-76.987160,0.48,343.2,1,9,0.9
2024-03-24T14:27:05Z,26.600358,-76.987168,0.73,45.6,1,9,0.9
2024-03-24T14:27:10Z,26.600360,-76.987168,0.21,359.2,1,9,0.9
2024-03-24T14:27:15Z,26.600343,-76.987157,0.89,159.5,1,9,0.9
2024-03-24T14:27:20Z,26.600333,-76.987153,0.53,241.4,1,9,0.9
2024-03-24T14:27:25Z,26.600328,-76.987155,0.25,175.7,1,9,0.9
2024-03-24T14:27:30Z,26.600315,-76.987168,0.50,78.2,1,9,0.9
2024-03-24T14:27:35Z,26.600323,-76.987185,1.16,272.4,1,9,0.9
2024-03-24T14:27:40Z,26.600330,-76.987190,0.90,348.7,1,9,0.9
2024-03-24T14:27:45Z,26.600335,-76.987187,0.68,98.0,1,9,0.9
2024-03-24T14:27:50Z,26.600338,-76.987175,0.19,336.0,1,9,0.9
2024-03-24T14:28:00Z,26.600355,-76.987172,0.05,108.8,1,9,0.9
2024-03-24T14:28:05Z,26.600363,-76.987187,0.51,272.3,1,9,0.9
2024-03-24T14:28:10Z,26.600362,-76.987190,0.35,68.3,1,9,0.9
2024-03-24T14:28:15Z,26.600350,-76.987182,0.53,347.8,1,9,0.9
2024-03-24T14:28:20Z,26.600375,-76.987185,1.04,53.3,1,9,0.9
2024-03-24T14:28:25Z,26.600370,-76.987190,0.20,51.2,1,9,0.9
2024-03-24T14:28:30Z,26.600362,-76.987177,0.14,143.3,1,9,0.9
2024-03-24T14:28:35Z,26.600347,-76.987168,0.05,121.9,1,9,0.9
2024-03-24T14:28:40Z,26.600357,-76.987152,0.40,173.7,1,9,0.9
2024-03-24T14:28:45Z,26.600342,-76.987177,0.38,70.7,1,9,0.9
2024-03-24T14:28:55Z,26.600350,-76.987188,0.67,97.7,1,9,0.9
2024-03-24T14:29:00Z,26.600348,-76.987192,0.41,33.5,1,9,0.9
2024-03-24T14:29:05Z,26.600357,-76.987175,0.53,147.7,1,9,0.9
2024-03-24T14:29:10Z,26.600345,-76.987187,0.70,264.1,1,9,0.9
2024-03-24T14:29:20Z,26.600322,-76.987192,0.19,285.4,1,9,0.9
2024-03-24T14:29:25Z,26.600340,-76.987177,0.43,174.7,1,9,0.9
2024-03-24T14:29:30Z,26.600328,-76.987182,0.60,125.6,1,9,0.9
2024-03-24T14:29:35Z,26.600348,-76.987180,0.60,115.7,1,9,0.9
2024-03-24T14:29:45Z,26.600360,-76.987188,0.55,350.7,1,9,0.9
2024-03-24T14:29:50Z,26.600333,-76.987185,0.12,98.5,1,9,0.9
2024-03-24T14:29:55Z,26.600332,-76.987182,0.25,111.2,1,9,0.9
2024-03-24T14:30:00Z,26.600317,-76.987178,0.08,316.3,1,9,0.9
2024-03-24T14:30:05Z,26.600333,-76.987153,0.87,52.3,1,9,0.9
2024-03-24T14:30:10Z,26.600350,-76.987128,1.06,44.8,1,9,0.9
2024-03-24T14:30:15Z,26.600347,-76.987132,0.39,116.7,1,9,0.9
2024-03-24T14:30:20Z,26.600340,-76.987133,0.25,103.7,1,9,0.9
2024-03-24T14:30:25Z,26.600343,-76.987123,0.23,91.3,1,9,0.9
2024-03-24T14:30:30Z,26.600337,-76.987128,0.37,51.2,1,9,0.9
2024-03-24T14:30:40Z,26.600332,-76.987147,0.30,195.9,1,9,0.9
2024-03-24T14:30:45Z,26.600322,-76.987158,0.72,220.2,1,9,0.9
2024-03-24T14:30:50Z,26.600312,-76.987172,0.21,349.0,1,8,0.9
2024-03-24T14:30:55Z,26.600315,-76.987177,1.10,7.0,1,9,0.9
2024-03-24T14:31:05Z,26.600313,-76.987158,0.32,3.6,1,9,0.9
2024-03-24T14:31:10Z,26.600317,-76.987153,0.76,21.4,1,9,0.9
2024-03-24T14:31:15Z,26.600307,-76.987145,0.66,93.6,1,9,0.9
2024-03-24T14:31:20Z,26.600303,-76.987145,0.33,170.0,1,8,0.9
2024-03-24T14:31:30Z,26.600300,-76.987145,0.42,227.3,1,9,0.9
2024-03-24T14:31:35Z,26.600305,-76.987133,0.49,160.1,1,9,0.9
2024-03-24T14:31:40Z,26.600305,-76.987120,1.01,69.3,1,9,0.9
2024-03-24T14:31:45Z,26.600312,-76.987113,1.41,178.1,1,9,0.9
2024-03-24T14:31:50Z,26.600310,-76.987112,0.08,124.3,1,9,0.9
2024-03-24T14:31:55Z,26.600297,-76.987107,0.70,103.9,1,9,0.9
2024-03-24T14:32:00Z,26.600290,-76.987103,0.48,181.4,1,9,0.9
2024-03-24T14:32:05Z,26.600292,-76.987105,0.23,23.2,1,8,0.9
2024-03-24T14:32:10Z,26.600283,-76.987112,0.47,279.4,1,9,0.9
2024-03-24T14:32:15Z,26.600287,-76.987115,0.11,101.7,1,9,0.9
2024-03-24T14:32:20Z,26.600290,-76.987113,0.36,218.9,1,8,0.9
2024-03-24T14:32:25Z,26.600302,-76.987110,0.48,40.8,1,9,0.9
2024-03-24T14:32:30Z,26.600318,-76.987118,0.42,247.8,1,9,0.9
2024-03-24T14:32:35Z,26.600325,-76.987122,0.70,187.5,1,9,0.9
2024-03-24T14:32:40Z,26.600318,-76.987123,0.57,304.5,1,9,0.9
2024-03-24T14:32:45Z,26.600332,-76.987132,0.30,158.5,1,9,0.9
2024-03-24T14:32:50Z,26.600313,-76.987140,0.29,260.1,1,9,0.9
2024-03-24T14:32:55Z,26.600330,-76.987153,0.56,241.2,1,9,0.9
2024-03-24T14:33:00Z,26.600328,-76.987160,0.74,190.3,1,9,0.9
2024-03-24T14:33:05Z,26.600323,-76.987160,0.15,225.0,1,9,0.9
2024-03-24T14:33:10Z,26.600318,-76.987157,0.54,127.1,1,9,0.9
2024-03-24T14:33:20Z,26.600315,-76.987160,0.41,75.6,1,9,0.9
2024-03-24T14:33:25Z,26.600320,-76.987168,0.63,134.8,1,9,0.9
2024-03-24T14:33:30Z,26.600322,-76.987173,0.72,116.2,1,9,0.9
2024-03-24T14:33:35Z,26.600335,-76.987168,0.19,187.1,1,9,0.9
2024-03-24T14:33:45Z,26.600348,-76.987167,0.49,304.9,1,9,0.9
2024-03-24T14:33:50Z,26.600352,-76.987172,0.65,225.0,1,9,0.9
2024-03-24T14:33:55Z,26.600347,-76.987175,0.45,288.3,1,9,0.9
2024-03-24T14:34:00Z,26.600350,-76.987177,0.43,154.6,1,9,0.9
2024-03-24T14:34:05Z,26.600342,-76.987172,0.14,112.8,1,9,0.9
2024-03-24T14:34:10Z,26.600338,-76.987165,0.62,208.6,1,9,0.9
2024-03-24T14:34:15Z,26.600332,-76.987177,0.60,56.4,1,9,0.9
2024-03-24T14:34:20Z,26.600348,-76.987168,0.36,39.1,1,9,0.9
2024-03-24T14:34:25Z,26.600337,-76.987182,0.56,131.9,1,9,0.9
2024-03-24T14:34:30Z,26.600352,-76.987183,0.61,57.3,1,9,0.9
2024-03-24T14:34:40Z,26.600365,-76.987155,0.71,52.7,1,9,0.9
2024-03-24T14:34:45Z,26.600357,-76.987168,0.37,228.7,1,9,0.9
2024-03-24T14:34:50Z,26.600347,-76.987168,0.58,256.0,1,9,0.9
2024-03-24T14:34:55Z,26.600360,-76.987168,0.29,124.2,1,9,0.9
2024-03-24T14:35:05Z,26.600348,-76.987152,0.29,294.4,1,9,0.9
2024-03-24T14:35:10Z,26.600345,-76.987150,0.54,173.9,1,8,0.9
2024-03-24T14:35:15Z,26.600333,-76.987142,0.82,90.2,1,9,0.9
2024-03-24T14:35:20Z,26.600337,-76.987132,0.32,328.3,1,9,0.9
2024-03-24T14:35:30Z,26.600322,-76.987145,0.35,267.1,1,9,0.9
2024-03-24T14:35:35Z,26.600313,-76.987155,0.33,98.9,1,9,0.9
2024-03-24T14:35:40Z,26.600313,-76.987167,0.93,7.8,1,9,0.9
2024-03-24T14:35:45Z,26.600318,-76.987150,0.39,40.8,1,9,0.9
2024-03-24T14:35:55Z,26.600332,-76.987138,0.13,46.1,1,9,0.9
2024-03-24T14:36:00Z,26.600342,-76.987137,0.49,48.6,1,9,0.9
2024-03-24T14:36:05Z,26.600342,-76.987122,0.81,221.5,1,9,0.9
2024-03-24T14:36:10Z,26.600338,-76.987130,0.78,204.0,1,9,0.9
2024-03-24T14:36:15Z,26.600330,-76.987125,0.22,168.5,1,9,0.9
2024-03-24T14:36:20Z,26.600340,-76.987113,0.57,61.1,1,9,0.9
2024-03-24T14:36:25Z,26.600330,-76.987117,0.25,148.6,1,9,0.9
2024-03-24T14:36:30Z,26.600347,-76.987110,0.51,82.7,1,9,0.9
2024-03-24T14:36:35Z,26.600338,-76.987112,0.22,96.5,1,9,0.9
2024-03-24T14:36:40Z,26.600337,-76.987120,0.84,165.8,1,9,0.9
2024-03-24T14:36:50Z,26.600342,-76.987123,0.66,78.5,1,9,0.9
2024-03-24T14:36:55Z,26.600332,-76.987133,0.25,159.5,1,9,0.9
2024-03-24T14:37:00Z,26.600320,-76.987135,0.21,172.7,1,9,0.9
2024-03-24T14:37:05Z,26.600317,-76.987145,0.97,41.9,1,9,0.9
2024-03-24T14:37:15Z,26.600303,-76.987150,0.05,281.4,1,9,0.9
2024-03-24T14:37:20Z,26.600307,-76.987157,0.40,315.1,1,9,0.9
2024-03-24T14:37:25Z,26.600308,-76.987150,0.40,30.0,1,9,0.9
2024-03-24T14:37:30Z,26.600310,-76.987152,0.50,232.2,1,9,0.9
2024-03-24T14:37:40Z,26.600312,-76.987138,1.08,212.4,1,9,0.9
2024-03-24T14:37:45Z,26.600302,-76.987137,0.15,48.7,1,9,0.9
2024-03-24T14:37:50Z,26.600310,-76.987143,0.51,171.3,1,9,0.9
2024-03-24T14:37:55Z,26.600315,-76.987130,0.28,69.3,1,9,0.9
2024-03-24T14:38:00Z,26.600307,-76.987142,0.37,37.4,1,9,0.9
2024-03-24T14:38:05Z,26.600317,-76.987153,0.50,201.9,1,9,0.9
2024-03-24T14:38:10Z,26.600320,-76.987148,0.31,80.5,1,9,0.9
2024-03-24T14:38:15Z,26.600322,-76.987152,0.29,159.5,1,9,0.9
2024-03-24T14:38:20Z,26.600320,-76.987153,0.38,218.3,1,9,0.9
2024-03-24T14:38:25Z,26.600323,-76.987147,0.87,225.3,1,9,0.9
2024-03-24T14:38:30Z,26.600323,-76.987142,0.67,227.7,1,9,0.9
2024-03-24T14:38:35Z,26.600333,-76.987142,0.38,215.4,1,9,0.9
2024-03-24T14:38:40Z,26.600328,-76.987138,0.29,189.9,1,9,0.9
2024-03-24T14:38:45Z,26.600330,-76.987150,0.24,20.6,1,9,0.9
2024-03-24T14:38:50Z,26.600332,-76.987160,0.56,21.4,1,9,0.9
2024-03-24T14:39:00Z,26.600345,-76.987160,0.14,330.2,1,9,0.9
2024-03-24T14:39:05Z,26.600348,-76.987157,0.28,65.7,1,9,0.9
2024-03-24T14:39:10Z,26.600343,-76.987167,0.25,233.2,1,9,0.9
2024-03-24T14:39:15Z,26.600343,-76.987165,0.54,94.5,1,9,0.9
2024-03-24T14:39:20Z,26.600353,-76.987155,0.16,32.9,1,9,0.9
2024-03-24T14:39:25Z,26.600348,-76.987160,0.41,3.5,1,9,0.9
2024-03-24T14:39:30Z,26.600343,-76.987168,0.31,137.8,1,8,0.9
2024-03-24T14:39:35Z,26.600335,-76.987162,0.32,81.1,1,9,0.9
2024-03-24T14:39:40Z,26.600327,-76.987170,0.75,206.1,1,9,0.9
2024-03-24T14:39:45Z,26.600323,-76.987170,0.97,257.0,1,9,0.9
2024-03-24T14:39:50Z,26.600305,-76.987185,0.62,227.7,1,9,0.9
2024-03-24T14:39:55Z,26.600315,-76.987175,0.29,240.7,1,9,0.9
2024-03-24T14:40:00Z,26.600312,-76.987168,0.64,122.6,1,9,0.9
2024-03-24T14:40:05Z,26.600325,-76.987158,0.74,17.1,1,9,0.9
2024-03-24T14:40:10Z,26.600335,-76.987155,0.48,30.6,1,9,0.9
2024-03-24T14:40:15Z,26.600340,-76.987152,0.93,68.0,1,9,0.9
2024-03-24T14:40:20Z,26.600343,-76.987150,0.32,211.1,1,9,0.9
2024-03-24T14:40:25Z,26.600342,-76.987155,0.26,271.2,1,9,0.9
2024-03-24T14:40:30Z,26.600330,-76.987155,0.32,164.2,1,9,0.9
2024-03-24T14:40:35Z,26.600338,-76.987160,0.19,111.4,1,9,0.9
2024-03-24T14:40:40Z,26.600343,-76.987173,0.24,333.9,1,9,0.9
2024-03-24T14:40:50Z,26.600332,-76.987158,0.21,69.7,1,9,0.9
2024-03-24T14:40:55Z,26.600335,-76.987155,0.12,66.5,1,9,0.9
2024-03-24T14:41:00Z,26.600322,-76.987148,0.58,66.7,1,8,0.9
2024-03-24T14:41:05Z,26.600335,-76.987147,0.44,69.0,1,9,0.9
2024-03-24T14:41:10Z,26.600335,-76.987142,0.67,53.8,1,9,0.9
2024-03-24T14:41:20Z,26.600350,-76.987128,0.96,25.6,1,8,1.0
2024-03-24T14:41:25Z,26.600355,-76.987112,0.38,159.9,1,9,0.9
2024-03-24T14:41:30Z,26.600350,-76.987112,0.72,227.3,1,9,0.9
2024-03-24T14:41:35Z,26.600353,-76.987113,0.26,349.7,1,9,0.9
2024-03-24T14:41:40Z,26.600350,-76.987127,0.57,34.6,1,9,0.9
2024-03-24T14:41:50Z,26.600338,-76.987135,0.69,21.0,1,9,0.9
2024-03-24T14:41:55Z,26.600333,-76.987148,1.03,306.2,1,9,0.9
2024-03-24T14:42:00Z,26.600318,-76.987163,1.16,187.8,1,9,0.9
2024-03-24T14:42:05Z,26.600320,-76.987158,1.00,162.0,1,8,0.9
2024-03-24T14:42:10Z,26.600325,-76.987160,0.52,15.7,1,9,0.9
2024-03-24T14:42:15Z,26.600338,-76.987158,0.57,232.0,1,9,0.9
2024-03-24T14:42:20Z,26.600332,-76.987162,0.44,96.6,1,9,0.9
2024-03-24T14:42:25Z,26.600328,-76.987165,0.26,310.7,1,9,0.9
2024-03-24T14:42:30Z,26.600323,-76.987167,0.38,157.8,1,9,0.9
2024-03-24T14:42:35Z,26.600332,-76.987167,0.17,305.9,1,9,0.9
2024-03-24T14:42:45Z,26.600332,-76.987155,0.27,271.0,1,9,0.9
2024-03-24T14:42:50Z,26.600337,-76.987157,0.47,83.0,1,9,0.9
2024-03-24T14:42:55Z,26.600333,-76.987143,0.33,43.1,1,9,0.9
2024-03-24T14:43:00Z,26.600348,-76.987142,0.19,189.4,1,9,0.9
2024-03-24T14:43:05Z,26.600347,-76.987135,0.58,123.5,1,9,0.9
2024-03-24T14:43:15Z,26.600333,-76.987128,0.11,158.2,1,9,0.9
2024-03-24T14:43:20Z,26.600328,-76.987117,0.58,131.7,1,9,0.9
2024-03-24T14:43:25Z,26.600325,-76.987115,0.77,79.1,1,9,0.9
2024-03-24T14:43:30Z,26.600323,-76.987122,0.40,227.9,1,9,0.9
2024-03-24T14:43:35Z,26.600328,-76.987135,0.14,321.8,1,9,0.9
2024-03-24T14:43:45Z,26.600320,-76.987135,0.72,264.5,1,9,0.9
2024-03-24T14:43:50Z,26.600310,-76.987148,0.79,249.0,1,9,0.9
2024-03-24T14:43:55Z,26.600310,-76.987158,0.80,152.7,1,9,0.9
2024-03-24T14:44:00Z,26.600312,-76.987157,0.49,255.1,1,8,1.0
2024-03-24T14:44:05Z,26.600327,-76.987162,0.70,291.5,1,9,0.9
2024-03-24T14:44:15Z,26.600340,-76.987193,0.61,12.3,1,9,0.9
2024-03-24T14:44:20Z,26.600338,-76.987165,0.39,102.2,1,9,0.9
2024-03-24T14:44:25Z,26.600338,-76.987162,0.68,233.8,1,9,0.9
2024-03-24T14:44:30Z,26.600348,-76.987185,0.71,268.2,1,9,0.9
2024-03-24T14:44:35Z,26.600353,-76.987190,0.60,277.3,1,9,0.9
2024-03-24T14:44:40Z,26.600348,-76.987183,0.53,56.7,1,9,0.9
2024-03-24T14:44:50Z,26.600365,-76.987178,0.51,134.4,1,9,0.9
2024-03-24T14:44:55Z,26.600387,-76.987188,0.19,276.9,1,9,0.9
2024-03-24T14:45:00Z,26.600365,-76.987202,0.98,231.7,1,9,0.9
2024-03-24T14:45:05Z,26.600360,-76.987230,0.83,254.3,1,9,0.9
2024-03-24T14:45:10Z,26.600360,-76.987230,0.06,344.3,1,9,0.9
2024-03-24T14:45:20Z,26.600368,-76.987228,0.84,43.1,1,9,0.9
2024-03-24T14:45:25Z,26.600365,-76.987222,0.47,50.1,1,9,0.9
2024-03-24T14:45:30Z,26.600365,-76.987213,0.49,257.5,1,9,0.9
2024-03-24T14:45:35Z,26.600360,-76.987220,0.06,236.7,1,9,0.9
2024-03-24T14:45:40Z,26.600362,-76.987213,0.23,165.3,1,9,0.9
2024-03-24T14:45:50Z,26.600383,-76.987208,0.16,148.4,1,9,0.9
2024-03-24T14:45:55Z,26.600388,-76.987210,0.80,7.9,1,9,0.9
2024-03-24T14:46:00Z,26.600397,-76.987200,0.28,65.1,1,9,0.9
2024-03-24T14:46:05Z,26.600405,-76.987205,0.39,7.4,1,9,0.9
2024-03-24T14:46:10Z,26.600405,-76.987213,0.24,150.4,1,9,0.9
2024-03-24T14:46:20Z,26.600367,-76.987225,0.62,38.6,1,9,0.9
2024-03-24T14:46:25Z,26.600375,-76.987222,0.37,61.2,1,8,1.0
2024-03-24T14:46:30Z,26.600378,-76.987218,0.55,154.7,1,9,0.9
2024-03-24T14:46:35Z,26.600378,-76.987210,0.19,136.3,1,9,0.9
2024-03-24T14:46:40Z,26.600375,-76.987210,0.62,111.2,1,9,0.9
2024-03-24T14:46:50Z,26.600378,-76.987197,0.66,143.5,1,9,0.9
2024-03-24T14:46:55Z,26.600363,-76.987200,0.88,174.6,1,9,0.9
2024-03-24T14:47:00Z,26.600363,-76.987205,0.07,233.3,1,9,0.9
2024-03-24T14:47:05Z,26.600370,-76.987202,0.47,35.7,1,9,0.9
2024-03-24T14:47:10Z,26.600362,-76.987198,0.64,154.9,1,9,0.9
2024-03-24T14:47:20Z,26.600367,-76.987197,0.15,278.6,1,9,0.9
2024-03-24T14:47:25Z,26.600362,-76.987197,0.33,209.1,1,9,0.9
2024-03-24T14:47:30Z,26.600350,-76.987195,0.30,144.7,1,9,0.9
2024-03-24T14:47:35Z,26.600368,-76.987182,0.85,28.6,1,9,0.9
2024-03-24T14:47:40Z,26.600370,-76.987185,0.33,25.4,1,9,0.9
2024-03-24T14:47:50Z,26.600375,-76.987185,0.59,112.8,1,9,0.9
2024-03-24T14:47:55Z,26.600372,-76.987185,0.28,35.9,1,9,0.9
2024-03-24T14:48:00Z,26.600365,-76.987182,0.94,165.2,1,9,0.9
2024-03-24T14:48:05Z,26.600360,-76.987190,0.21,127.7,1,9,0.9
2024-03-24T14:48:10Z,26.600367,-76.987190,0.17,227.5,1,9,0.9
2024-03-24T14:48:20Z,26.600343,-76.987222,0.40,79.7,1,9,0.9
2024-03-24T14:48:25Z,26.600338,-76.987235,0.32,330.6,1,9,0.9
2024-03-24T14:48:30Z,26.600345,-76.987237,0.42,61.4,1,9,0.9
2024-03-24T14:48:35Z,26.600350,-76.987232,0.62,31.1,1,9,0.9
2024-03-24T14:48:40Z,26.600360,-76.987213,0.77,46.6,1,9,0.9
2024-03-24T14:48:50Z,26.600360,-76.987213,0.27,163.9,1,9,0.9
2024-03-24T14:48:55Z,26.600367,-76.987218,0.22,321.3,1,9,0.9
2024-03-24T14:49:00Z,26.600373,-76.987207,0.42,117.2,1,9,0.9
2024-03-24T14:49:05Z,26.600372,-76.987203,0.38,164.3,1,9,0.9
2024-03-24T14:49:10Z,26.600363,-76.987195,0.18,303.4,1,9,0.9
2024-03-24T14:49:20Z,26.600375,-76.987195,0.49,322.8,1,9,0.9
2024-03-24T14:49:25Z,26.600385,-76.987193,0.50,75.5,1,9,0.9
2024-03-24T14:49:30Z,26.600390,-76.987185,0.97,211.5,1,9,0.9
2024-03-24T14:49:35Z,26.600388,-76.987198,0.71,100.9,1,9,0.9
2024-03-24T14:49:40Z,26.600390,-76.987210,0.49,304.9,1,9,0.9
2024-03-24T14:49:50Z,26.600368,-76.987232,0.59,221.3,1,9,0.9
2024-03-24T14:49:55Z,26.600360,-76.987227,0.60,48.2,1,9,0.9
2024-03-24T14:50:00Z,26.600358,-76.987232,0.18,116.1,1,9,0.9
2024-03-24T14:50:05Z,26.600367,-76.987225,0.40,328.1,1,9,0.9
2024-03-24T14:50:10Z,26.600365,-76.987225,0.41,180.2,1,9,0.9
2024-03-24T14:50:20Z,26.600353,-76.987225,0.62,51.3,1,9,0.9
2024-03-24T14:50:25Z,26.600360,-76.987208,0.30,72.0,1,9,0.9
2024-03-24T14:50:30Z,26.600355,-76.987193,0.72,70.6,1,9,0.9
2024-03-24T14:50:35Z,26.600363,-76.987187,0.47,227.3,1,9,0.9
2024-03-24T14:50:40Z,26.600363,-76.987198,0.34,189.8,1,9,0.9
2024-03-24T14:50:50Z,26.600352,-76.987202,0.90,187.0,1,9,0.9
2024-03-24T14:50:55Z,26.600345,-76.987215,0.70,155.6,1,9,0.9
2024-03-24T14:51:00Z,26.600348,-76.987207,0.40,67.7,1,9,0.9
2024-03-24T14:51:05Z,26.600358,-76.987200,0.47,73.2,1,9,0.9
2024-03-24T14:51:10Z,26.600363,-76.987200,0.49,338.7,1,9,0.9
2024-03-24T14:51:20Z,26.600378,-76.987185,0.16,240.2,1,9,0.9
2024-03-24T14:51:25Z,26.600378,-76.987180,0.71,96.9,1,9,0.9
2024-03-24T14:51:30Z,26.600375,-76.987180,0.56,56.3,1,9,0.9
2024-03-24T14:51:35Z,26.600375,-76.987168,1.13,135.1,1,9,0.9
2024-03-24T14:51:40Z,26.600370,-76.987168,0.57,16.2,1,9,0.9
2024-03-24T14:51:50Z,26.600363,-76.987165,0.18,42.0,1,9,0.9
2024-03-24T14:51:55Z,26.600363,-76.987167,0.57,120.3,1,8,1.0
2024-03-24T14:52:00Z,26.600348,-76.987177,0.73,253.4,1,9,0.9
2024-03-24T14:52:05Z,26.600347,-76.987178,1.18,168.2,1,9,0.9
2024-03-24T14:52:10Z,26.600338,-76.987178,0.27,160.5,1,9,0.9
2024-03-24T14:52:20Z,26.600347,-76.987183,0.99,204.5,1,9,0.9
2024-03-24T14:52:25Z,26.600343,-76.987178,0.40,0.6,1,9,0.9
2024-03-24T14:52:30Z,26.600345,-76.987175,0.37,90.9,1,9,0.9
2024-03-24T14:52:35Z,26.600342,-76.987168,1.04,220.1,1,9,0.9
2024-03-24T14:52:40Z,26.600340,-76.987168,0.64,58.4,1,9,0.9
2024-03-24T14:52:45Z,26.600330,-76.987165,0.43,12.3,1,9,0.9
2024-03-24T14:52:50Z,26.600328,-76.987157,0.36,105.3,1,9,0.9
2024-03-24T14:52:55Z,26.600335,-76.987157,0.71,184.5,1,9,0.9
2024-03-24T14:53:00Z,26.600330,-76.987152,0.31,225.1,1,9,0.9
2024-03-24T14:53:05Z,26.600328,-76.987162,0.03,281.9,1,9,0.9
2024-03-24T14:53:15Z,26.600340,-76.987158,0.24,51.7,1,9,0.9
2024-03-24T14:53:20Z,26.600353,-76.987150,0.86,27.5,1,9,0.9
2024-03-24T14:53:25Z,26.600343,-76.987167,0.06,109.4,1,9,0.9
2024-03-24T14:53:30Z,26.600332,-76.987170,0.65,171.1,1,9,0.9
2024-03-24T14:53:35Z,26.600325,-76.987175,0.92,8.7,1,9,0.9
2024-03-24T14:53:45Z,26.600363,-76.987175,0.30,75.3,1,9,0.9
2024-03-24T14:53:50Z,26.600375,-76.987177,0.18,205.3,1,9,0.9
2024-03-24T14:53:55Z,26.600360,-76.987180,0.31,171.5,1,9,0.9
2024-03-24T14:54:00Z,26.600348,-76.987178,0.52,272.2,1,9,0.9
2024-03-24T14:54:05Z,26.600352,-76.987178,0.26,29.7,1,9,0.9
2024-03-24T14:54:15Z,26.600353,-76.987175,0.50,145.5,1,9,0.9
2024-03-24T14:54:20Z,26.600342,-76.987172,0.43,181.5,1,9,0.9
2024-03-24T14:54:25Z,26.600340,-76.987167,1.04,188.4,1,9,0.9
2024-03-24T14:54:30Z,26.600342,-76.987165,0.61,30.3,1,9,0.9
2024-03-24T14:54:35Z,26.600340,-76.987163,0.72,216.3,1,9,0.9
2024-03-24T14:54:45Z,26.600348,-76.987153,0.32,190.0,1,9,0.9
2024-03-24T14:54:50Z,26.600322,-76.987153,0.55,143.3,1,9,0.9
2024-03-24T14:54:55Z,26.600320,-76.987152,0.42,350.2,1,9,0.9
2024-03-24T14:55:00Z,26.600320,-76.987145,0.33,64.8,1,9,0.9
2024-03-24T14:55:05Z,26.600340,-76.987150,0.22,175.0,1,9,0.9
2024-03-24T14:55:15Z,26.600328,-76.987148,0.36,164.8,1,9,0.9
2024-03-24T14:55:20Z,26.600323,-76.987132,0.72,212.5,1,9,0.9
2024-03-24T14:55:25Z,26.600320,-76.987128,0.38,209.8,1,9,0.9
2024-03-24T14:55:30Z,26.600330,-76.987123,0.45,39.8,1,9,0.9
2024-03-24T14:55:35Z,26.600338,-76.987115,0.69,127.0,1,9,0.9
2024-03-24T14:55:45Z,26.600335,-76.987115,0.99,180.8,1,9,0.9
2024-03-24T14:55:50Z,26.600328,-76.987123,0.40,155.7,1,9,0.9
2024-03-24T14:55:55Z,26.600303,-76.987137,0.49,220.1,1,9,0.9
2024-03-24T14:56:00Z,26.600300,-76.987122,1.08,81.8,1,9,0.9
2024-03-24T14:56:05Z,26.600295,-76.987107,0.41,134.4,1,9,0.9
2024-03-24T14:56:15Z,26.600322,-76.987098,0.50,159.5,1,9,0.9
2024-03-24T14:56:20Z,26.600317,-76.987105,0.31,233.2,1,9,0.9
2024-03-24T14:56:25Z,26.600320,-76.987117,0.46,328.1,1,9,0.9
2024-03-24T14:56:30Z,26.600318,-76.987107,0.66,158.9,1,9,0.9
2024-03-24T14:56:35Z,26.600325,-76.987108,0.68,43.7,1,9,0.9
2024-03-24T14:56:45Z,26.600358,-76.987107,0.43,48.1,1,9,0.9
2024-03-24T14:56:50Z,26.600373,-76.987108,0.43,237.8,1,9,0.9
2024-03-24T14:56:55Z,26.600348,-76.987125,0.75,202.8,1,9,0.9
2024-03-24T14:57:00Z,26.600320,-76.987135,0.19,101.2,1,9,0.9
2024-03-24T14:57:05Z,26.600322,-76.987127,0.50,145.8,1,9,0.9
2024-03-24T14:57:10Z,26.600308,-76.987130,0.17,330.0,1,9,0.9
2024-03-24T14:57:15Z,26.600305,-76.987128,0.25,208.0,1,9,0.9
2024-03-24T14:57:20Z,26.600320,-76.987117,0.52,113.8,1,9,0.9
2024-03-24T14:57:25Z,26.600325,-76.987115,0.67,7.1,1,9,0.9
2024-03-24T14:57:30Z,26.600323,-76.987112,0.21,128.5,1,9,0.9
2024-03-24T14:57:35Z,26.600325,-76.987118,0.15,103.1,1,9,0.9
2024-03-24T14:57:45Z,26.600355,-76.987120,0.13,330.4,1,9,0.9
2024-03-24T14:57:50Z,26.600340,-76.987115,0.39,67.0,1,9,0.9
2024-03-24T14:57:55Z,26.600327,-76.987117,0.39,179.0,1,9,0.9
2024-03-24T14:58:00Z,26.600312,-76.987108,0.68,170.9,1,9,0.9
2024-03-24T14:58:05Z,26.600313,-76.987123,0.80,156.2,1,8,1.0
2024-03-24T14:58:15Z,26.600297,-76.987098,0.45,255.6,1,8,1.0
2024-03-24T14:58:20Z,26.600307,-76.987107,0.25,318.3,1,8,1.0
2024-03-24T14:58:25Z,26.600307,-76.987118,0.49,299.7,1,8,1.0
2024-03-24T14:58:30Z,26.600312,-76.987113,0.72,167.6,1,9,0.9
2024-03-24T14:58:35Z,26.600320,-76.987140,0.70,282.1,1,9,0.9
2024-03-24T14:58:45Z,26.600313,-76.987100,1.13,115.0,1,8,1.0
2024-03-24T14:58:50Z,26.600295,-76.987108,0.67,230.0,1,8,1.0
2024-03-24T14:58:55Z,26.600282,-76.987120,0.09,135.2,1,8,1.0
2024-03-24T14:59:00Z,26.600285,-76.987115,0.26,284.5,1,8,1.0
2024-03-24T14:59:05Z,26.600272,-76.987142,0.39,327.8,1,8,1.0
2024-03-24T14:59:10Z,26.600292,-76.987165,1.18,356.7,1,9,0.9
2024-03-24T14:59:20Z,26.600338,-76.987155,0.81,327.9,1,9,0.9
2024-03-24T14:59:25Z,26.600332,-76.987165,0.34,332.8,1,9,0.9
2024-03-24T14:59:30Z,26.600332,-76.987163,0.52,172.7,1,9,0.9
2024-03-24T14:59:35Z,26.600323,-76.987158,0.36,246.4,1,9,0.9
2024-03-24T14:59:40Z,26.600320,-76.987158,0.79,132.6,1,8,1.0
2024-03-24T14:59:50Z,26.600307,-76.987140,0.34,147.9,1,9,0.9
2024-03-24T14:59:55Z,26.600315,-76.987157,0.54,23.9,1,9,0.9
2024-03-24T15:00:00Z,26.600322,-76.987140,0.76,62.1,1,9,0.9
2024-03-24T15:00:05Z,26.600318,-76.987140,0.22,129.5,1,9,0.9
2024-03-24T15:00:10Z,26.600325,-76.987133,0.47,72.7,1,9,0.9
2024-03-24T15:00:20Z,26.600332,-76.987128,0.19,98.8,1,9,0.9
2024-03-24T15:00:25Z,26.600325,-76.987132,0.26,195.1,1,9,0.9
2024-03-24T15:00:30Z,26.600338,-76.987115,1.05,17.5,1,9,0.9
2024-03-24T15:00:35Z,26.600337,-76.987117,0.28,302.6,1,9,0.9
2024-03-24T15:00:40Z,26.600337,-76.987120,0.55,218.7,1,9,0.9
2024-03-24T15:00:50Z,26.600333,-76.987143,0.59,313.8,1,9,0.9
2024-03-24T15:00:55Z,26.600333,-76.987138,0.07,257.6,1,9,0.9
2024-03-24T15:01:00Z,26.600328,-76.987152,0.27,160.8,1,9,0.9
2024-03-24T15:01:05Z,26.600325,-76.987155,0.19,78.4,1,9,0.9
2024-03-24T15:01:10Z,26.600325,-76.987160,0.56,3.6,1,9,0.9
2024-03-24T15:01:20Z,26.600335,-76.987153,0.19,354.0,1,9,0.9
2024-03-24T15:01:25Z,26.600327,-76.987163,0.78,167.4,1,9,0.9
2024-03-24T15:01:30Z,26.600330,-76.987172,0.05,326.3,1,9,0.9
2024-03-24T15:01:35Z,26.600327,-76.987172,0.78,18.1,1,8,1.0
2024-03-24T15:01:40Z,26.600320,-76.987180,1.24,216.5,1,9,0.9
2024-03-24T15:01:50Z,26.600332,-76.987177,0.33,126.9,1,9,0.9
2024-03-24T15:01:55Z,26.600327,-76.987180,0.61,94.7,1,10,0.8
2024-03-24T15:02:00Z,26.600330,-76.987182,0.35,328.9,1,10,0.8
2024-03-24T15:02:05Z,26.600335,-76.987185,0.37,82.7,1,10,0.8
2024-03-24T15:02:10Z,26.600353,-76.987190,0.62,271.4,1,10,0.8
2024-03-24T15:02:20Z,26.600360,-76.987200,0.07,122.3,1,10,0.8
2024-03-24T15:02:25Z,26.600365,-76.987203,0.34,42.3,1,10,0.8
2024-03-24T15:02:30Z,26.600347,-76.987192,0.33,350.3,1,10,0.8
2024-03-24T15:02:35Z,26.600345,-76.987198,0.19,106.4,1,10,0.8
2024-03-24T15:02:40Z,26.600360,-76.987195,0.29,135.4,1,10,0.8
2024-03-24T15:02:50Z,26.600357,-76.987187,0.28,350.1,1,10,0.8
2024-03-24T15:02:55Z,26.600363,-76.987188,0.18,354.1,1,10,0.8
2024-03-24T15:03:00Z,26.600345,-76.987190,0.85,216.6,1,10,0.8
2024-03-24T15:03:05Z,26.600333,-76.987193,0.21,297.1,1,10,0.8
2024-03-24T15:03:10Z,26.600338,-76.987195,0.61,60.9,1,9,0.8
2024-03-24T15:03:15Z,26.600333,-76.987193,0.58,47.9,1,10,0.8
2024-03-24T15:03:20Z,26.600350,-76.987192,0.33,31.4,1,10,0.8
2024-03-24T15:03:25Z,26.600352,-76.987192,0.38,169.7,1,10,0.8
2024-03-24T15:03:30Z,26.600352,-76.987197,0.31,305.8,1,10,0.8
2024-03-24T15:03:35Z,26.600363,-76.987197,0.20,331.8,1,9,0.8
2024-03-24T15:03:40Z,26.600355,-76.987210,1.62,196.0,1,10,0.8
2024-03-24T15:03:45Z,26.600338,-76.987217,0.47,256.2,1,10,0.8
2024-03-24T15:03:50Z,26.600342,-76.987228,0.64,53.3,1,10,0.8
2024-03-24T15:03:55Z,26.600333,-76.987233,0.41,179.4,1,10,0.8
2024-03-24T15:04:00Z,26.600338,-76.987237,0.14,93.1,1,10,0.8
2024-03-24T15:04:05Z,26.600348,-76.987232,0.63,27.8,1,10,0.8
2024-03-24T15:04:10Z,26.600347,-76.987225,0.33,162.6,1,10,0.8
2024-03-24T15:04:20Z,26.600360,-76.987223,0.39,190.9,1,10,0.8
2024-03-24T15:04:25Z,26.600382,-76.987212,0.48,55.3,1,10,0.8
2024-03-24T15:04:30Z,26.600377,-76.987205,0.46,93.5,1,10,0.8
2024-03-24T15:04:35Z,26.600370,-76.987202,0.25,328.2,1,10,0.8
2024-03-24T15:04:40Z,26.600375,-76.987193,0.63,33.8,1,10,0.8
2024-03-24T15:04:50Z,26.600365,-76.987203,0.12,204.1,1,10,0.8
2024-03-24T15:04:55Z,26.600377,-76.987203,0.54,48.4,1,10,0.8
2024-03-24T15:05:00Z,26.600373,-76.987197,0.91,218.1,1,10,0.8
2024-03-24T15:05:05Z,26.600368,-76.987202,0.78,156.6,1,10,0.8
2024-03-24T15:05:10Z,26.600363,-76.987200,0.52,305.6,1,10,0.8
2024-03-24T15:05:15Z,26.600365,-76.987203,0.21,106.5,1,10,0.8
2024-03-24T15:05:20Z,26.600357,-76.987215,0.29,177.5,1,10,0.8
2024-03-24T15:05:25Z,26.600353,-76.987210,0.87,181.2,1,10,0.8
2024-03-24T15:05:30Z,26.600352,-76.987215,0.38,302.1,1,10,0.8
2024-03-24T15:05:35Z,26.600360,-76.987207,0.33,94.3,1,10,0.8
2024-03-24T15:05:40Z,26.600365,-76.987205,0.37,82.0,1,10,0.8
2024-03-24T15:05:50Z,26.600358,-76.987202,1.03,163.1,1,10,0.8
2024-03-24T15:05:55Z,26.600352,-76.987200,0.48,244.2,1,10,0.8
2024-03-24T15:06:00Z,26.600350,-76.987203,0.31,66.9,1,10,0.8
2024-03-24T15:06:05Z,26.600358,-76.987188,0.52,43.1,1,10,0.8
2024-03-24T15:06:10Z,26.600367,-76.987185,0.64,205.7,1,10,0.8
2024-03-24T15:06:15Z,26.600362,-76.987195,0.10,177.9,1,10,0.8
2024-03-24T15:06:20Z,26.600343,-76.987192,0.47,106.8,1,10,0.8
2024-03-24T15:06:25Z,26.600332,-76.987200,0.43,116.6,1,10,0.8
2024-03-24T15:06:30Z,26.600348,-76.987188,0.32,82.9,1,10,0.8
2024-03-24T15:06:35Z,26.600343,-76.987180,1.46,226.2,1,10,0.8
2024-03-24T15:06:40Z,26.600340,-76.987175,0.25,44.3,1,10,0.8
2024-03-24T15:06:50Z,26.600345,-76.987167,0.44,164.2,1,10,0.8
2024-03-24T15:06:55Z,26.600350,-76.987153,0.72,105.9,1,10,0.8
2024-03-24T15:07:00Z,26.600353,-76.987157,0.47,57.4,1,10,0.8
2024-03-24T15:07:05Z,26.600363,-76.987153,0.57,318.2,1,10,0.8
2024-03-24T15:07:10Z,26.600358,-76.987150,0.69,98.2,1,10,0.8
2024-03-24T15:07:15Z,26.600357,-76.987157,0.19,295.5,1,10,0.8
2024-03-24T15:07:20Z,26.600363,-76.987155,0.62,17.5,1,10,0.8
2024-03-24T15:07:25Z,26.600372,-76.987147,0.59,82.2,1,10,0.8
2024-03-24T15:07:30Z,26.600385,-76.987135,0.91,331.9,1,10,0.8
2024-03-24T15:07:35Z,26.600370,-76.987132,0.68,192.8,1,9,0.9
2024-03-24T15:07:40Z,26.600355,-76.987140,0.24,312.2,1,9,0.9
2024-03-24T15:07:50Z,26.600360,-76.987160,0.59,279.2,1,9,0.9
2024-03-24T15:07:55Z,26.600342,-76.987162,0.98,207.5,1,10,0.8
2024-03-24T15:08:00Z,26.600337,-76.987163,0.52,161.1,1,10,0.8
2024-03-24T15:08:05Z,26.600333,-76.987172,0.71,314.1,1,10,0.8
2024-03-24T15:08:10Z,26.600330,-76.987177,0.50,91.1,1,10,0.8
2024-03-24T15:08:15Z,26.600337,-76.987170,1.00,114.2,1,10,0.8
2024-03-24T15:08:25Z,26.600343,-76.987158,0.78,26.5,1,10,0.8
2024-03-24T15:08:30Z,26.600343,-76.987152,0.57,145.4,1,10,0.8
2024-03-24T15:08:35Z,26.600328,-76.987147,0.33,174.9,1,10,0.8
2024-03-24T15:08:40Z,26.600337,-76.987147,0.86,188.9,1,9,0.9
2024-03-24T15:08:45Z,26.600353,-76.987143,0.88,356.2,1,9,0.9
2024-03-24T15:08:50Z,26.600357,-76.987143,0.51,226.3,1,10,0.8
2024-03-24T15:09:00Z,26.600353,-76.987147,0.69,256.0,1,10,0.8
2024-03-24T15:09:05Z,26.600337,-76.987155,0.11,141.6,1,10,0.8
2024-03-24T15:09:10Z,26.600347,-76.987162,0.18,314.9,1,10,0.8
2024-03-24T15:09:15Z,26.600337,-76.987160,0.25,88.2,1,10,0.8
2024-03-24T15:09:20Z,26.600352,-76.987158,0.31,110.4,1,10,0.8
2024-03-24T15:09:25Z,26.600335,-76.987163,0.31,270.1,1,10,0.8
2024-03-24T15:09:35Z,26.600337,-76.987170,0.59,296.8,1,10,0.8
2024-03-24T15:09:40Z,26.600350,-76.987180,0.46,9.3,1,10,0.8
2024-03-24T15:09:45Z,26.600363,-76.987173,0.41,12.0,1,10,0.8
2024-03-24T15:09:50Z,26.600368,-76.987165,0.55,139.7,1,10,0.8
2024-03-24T15:09:55Z,26.600368,-76.987158,0.46,178.6,1,10,0.8
2024-03-24T15:10:00Z,26.600348,-76.987155,0.42,177.5,1,10,0.8
2024-03-24T15:10:05Z,26.600340,-76.987163,0.57,195.5,1,10,0.8
2024-03-24T15:10:10Z,26.600328,-76.987162,0.52,133.8,1,10,0.8
2024-03-24T15:10:15Z,26.600337,-76.987163,0.44,105.7,1,10,0.8
2024-03-24T15:10:20Z,26.600323,-76.987167,0.55,245.6,1,10,0.8
2024-03-24T15:10:25Z,26.600320,-76.987168,0.47,42.8,1,10,0.8
2024-03-24T15:10:30Z,26.600332,-76.987157,0.16,9.7,1,10,0.8
2024-03-24T15:10:35Z,26.600350,-76.987162,0.33,176.8,1,9,0.9
2024-03-24T15:10:45Z,26.600348,-76.987162,0.31,145.0,1,10,0.8
2024-03-24T15:10:50Z,26.600343,-76.987168,0.71,319.0,1,10,0.8
2024-03-24T15:10:55Z,26.600347,-76.987177,0.28,216.1,1,10,0.8
2024-03-24T15:11:00Z,26.600357,-76.987188,0.11,256.1,1,10,0.8
2024-03-24T15:11:05Z,26.600355,-76.987185,0.73,48.4,1,10,0.8
2024-03-24T15:11:10Z,26.600353,-76.987187,0.44,111.7,1,10,0.8
2024-03-24T15:11:15Z,26.600338,-76.987180,0.51,149.5,1,10,0.8
2024-03-24T15:11:20Z,26.600337,-76.987165,0.63,169.0,1,10,0.8
2024-03-24T15:11:25Z,26.600348,-76.987165,0.32,323.7,1,10,0.8
2024-03-24T15:11:30Z,26.600343,-76.987162,0.56,135.0,1,10,0.8
2024-03-24T15:11:35Z,26.600345,-76.987153,0.26,186.2,1,9,0.9
2024-03-24T15:11:40Z,26.600333,-76.987152,1.04,175.3,1,10,0.8
2024-03-24T15:11:45Z,26.600337,-76.987163,0.79,328.5,1,10,0.8
2024-03-24T15:11:55Z,26.600368,-76.987177,0.39,318.6,1,10,0.8
2024-03-24T15:12:00Z,26.600363,-76.987187,0.28,216.7,1,10,0.8
2024-03-24T15:12:05Z,26.600348,-76.987185,0.57,149.8,1,10,0.8
2024-03-24T15:12:10Z,26.600335,-76.987188,0.36,73.2,1,10,0.8
2024-03-24T15:12:15Z,26.600345,-76.987175,0.65,43.4,1,10,0.8
2024-03-24T15:12:20Z,26.600348,-76.987172,0.36,216.0,1,10,0.8
2024-03-24T15:12:30Z,26.600348,-76.987183,0.42,112.6,1,10,0.8
2024-03-24T15:12:35Z,26.600345,-76.987190,0.35,144.9,1,10,0.8
2024-03-24T15:12:40Z,26.600348,-76.987192,0.53,174.6,1,10,0.8
2024-03-24T15:12:45Z,26.600367,-76.987190,0.85,45.5,1,10,0.8
2024-03-24T15:12:50Z,26.600360,-76.987185,1.10,174.6,1,10,0.8
2024-03-24T15:12:55Z,26.600363,-76.987168,0.57,50.2,1,10,0.8
2024-03-24T15:13:00Z,26.600357,-76.987158,0.17,101.9,1,10,0.8
2024-03-24T15:13:05Z,26.600360,-76.987157,0.16,92.4,1,10,0.8
2024-03-24T15:13:10Z,26.600358,-76.987153,0.62,165.5,1,9,0.9
2024-03-24T15:13:15Z,26.600338,-76.987153,0.17,6.6,1,10,0.8
2024-03-24T15:13:20Z,26.600337,-76.987143,0.49,90.6,1,10,0.8
2024-03-24T15:13:25Z,26.600352,-76.987142,0.10,217.2,1,9,0.9
2024-03-24T15:13:30Z,26.600348,-76.987137,0.77,146.2,1,9,0.9
2024-03-24T15:13:40Z,26.600358,-76.987147,0.49,239.7,1,9,0.9
2024-03-24T15:13:45Z,26.600343,-76.987140,0.45,52.3,1,9,0.9
2024-03-24T15:13:50Z,26.600340,-76.987138,0.48,247.7,1,9,0.9
2024-03-24T15:13:55Z,26.600350,-76.987132,0.77,13.2,1,10,0.8
2024-03-24T15:14:00Z,26.600355,-76.987128,0.58,212.9,1,10,0.8
2024-03-24T15:14:05Z,26.600345,-76.987130,0.43,341.4,1,10,0.8
2024-03-24T15:14:10Z,26.600355,-76.987132,0.43,238.5,1,10,0.8
2024-03-24T15:14:15Z,26.600357,-76.987140,1.10,356.5,1,10,0.8
2024-03-24T15:14:20Z,26.600348,-76.987148,0.13,216.7,1,10,0.8
2024-03-24T15:14:25Z,26.600347,-76.987140,1.29,12.7,1,10,0.8
2024-03-24T15:14:30Z,26.600353,-76.987138,0.69,94.4,1,10,0.8
2024-03-24T15:14:35Z,26.600345,-76.987128,0.41,193.2,1,10,0.8
2024-03-24T15:14:40Z,26.600340,-76.987133,0.29,157.5,1,10,0.8
2024-03-24T15:14:50Z,26.600328,-76.987138,0.08,41.9,1,9,0.9
2024-03-24T15:14:55Z,26.600323,-76.987143,0.89,173.8,1,9,0.9
2024-03-24T15:15:00Z,26.600302,-76.987148,0.52,191.2,1,10,0.8
2024-03-24T15:15:05Z,26.600290,-76.987133,0.69,109.1,1,9,0.9
2024-03-24T15:15:10Z,26.600290,-76.987128,0.15,286.3,1,9,0.9
2024-03-24T15:15:15Z,26.600308,-76.987132,0.61,39.2,1,10,0.8
2024-03-24T15:15:20Z,26.600313,-76.987135,0.48,31.8,1,9,0.9
2024-03-24T15:15:25Z,26.600318,-76.987135,0.37,344.7,1,9,0.9
2024-03-24T15:15:30Z,26.600318,-76.987147,0.14,139.0,1,9,0.9
2024-03-24T15:15:35Z,26.600315,-76.987140,0.53,229.5,1,10,0.8
2024-03-24T15:15:40Z,26.600310,-76.987142,0.86,143.9,1,10,0.8
2024-03-24T15:15:45Z,26.600315,-76.987138,0.38,35.9,1,9,0.9
2024-03-24T15:15:50Z,26.600322,-76.987130,0.30,74.8,1,9,0.9
2024-03-24T15:16:00Z,26.600335,-76.987138,0.22,205.7,1,9,0.9
2024-03-24T15:16:05Z,26.600327,-76.987138,0.27,334.9,1,10,0.8
2024-03-24T15:16:10Z,26.600328,-76.987145,0.52,56.8,1,10,0.8
2024-03-24T15:16:15Z,26.600328,-76.987145,0.22,204.5,1,10,0.8
2024-03-24T15:16:20Z,26.600325,-76.987143,0.38,36.4,1,10,0.8
2024-03-24T15:16:25Z,26.600320,-76.987145,0.46,190.0,1,10,0.8
2024-03-24T15:16:30Z,26.600317,-76.987142,0.91,23.3,1,10,0.8
2024-03-24T15:16:35Z,26.600328,-76.987138,0.33,326.4,1,10,0.8
2024-03-24T15:16:40Z,26.600342,-76.987143,1.17,177.0,1,10,0.8
2024-03-24T15:16:45Z,26.600337,-76.987133,0.27,185.8,1,10,0.8
2024-03-24T15:16:50Z,26.600347,-76.987138,0.40,357.1,1,10,0.8
2024-03-24T15:16:55Z,26.600343,-76.987145,0.58,227.6,1,10,0.8
2024-03-24T15:17:00Z,26.600345,-76.987150,0.14,29.1,1,9,0.9
2024-03-24T15:17:10Z,26.600343,-76.987152,0.59,105.8,1,9,0.9
2024-03-24T15:17:15Z,26.600342,-76.987150,0.88,220.9,1,10,0.8
2024-03-24T15:17:20Z,26.600342,-76.987153,0.41,320.9,1,10,0.8
2024-03-24T15:17:25Z,26.600327,-76.987165,0.25,219.1,1,9,0.9
2024-03-24T15:17:30Z,26.600330,-76.987163,0.35,66.1,1,9,0.9
2024-03-24T15:17:35Z,26.600330,-76.987167,0.21,245.4,1,9,0.9
2024-03-24T15:17:40Z,26.600333,-76.987180,0.08,345.9,1,9,0.9
2024-03-24T15:17:45Z,26.600342,-76.987185,0.83,21.8,1,10,0.8
2024-03-24T15:17:50Z,26.600347,-76.987178,0.53,69.1,1,10,0.8
2024-03-24T15:17:55Z,26.600352,-76.987172,0.45,59.1,1,10,0.8
2024-03-24T15:18:00Z,26.600365,-76.987168,0.09,19.7,1,10,0.8
2024-03-24T15:18:05Z,26.600372,-76.987172,0.72,157.4,1,10,0.8
2024-03-24T15:18:10Z,26.600370,-76.987170,0.26,202.8,1,9,0.9
2024-03-24T15:18:20Z,26.600375,-76.987163,0.56,109.3,1,9,0.9
2024-03-24T15:18:25Z,26.600373,-76.987152,0.45,147.2,1,9,0.8
2024-03-24T15:18:30Z,26.600383,-76.987148,0.40,118.9,1,10,0.8
2024-03-24T15:18:35Z,26.600382,-76.987132,0.63,32.9,1,10,0.8
2024-03-24T15:18:40Z,26.600393,-76.987130,0.27,293.1,1,10,0.8
2024-03-24T15:18:45Z,26.600392,-76.987152,0.80,183.1,1,10,0.8
2024-03-24T15:18:50Z,26.600382,-76.987163,0.40,227.6,1,10,0.8
2024-03-24T15:18:55Z,26.600375,-76.987167,0.48,5.1,1,10,0.8
2024-03-24T15:19:00Z,26.600370,-76.987160,0.62,344.4,1,10,0.8
2024-03-24T15:19:05Z,26.600358,-76.987160,0.24,86.2,1,10,0.8
2024-03-24T15:19:10Z,26.600365,-76.987157,0.73,354.1,1,9,0.9
2024-03-24T15:19:15Z,26.600368,-76.987162,0.20,304.4,1,9,0.9
2024-03-24T15:19:20Z,26.600378,-76.987170,0.41,301.1,1,10,0.8
2024-03-24T15:19:30Z,26.600377,-76.987183,0.30,282.7,1,9,0.9
2024-03-24T15:19:35Z,26.600362,-76.987183,0.45,138.5,1,8,1.0
2024-03-24T15:19:40Z,26.600363,-76.987178,0.39,20.8,1,9,0.9
2024-03-24T15:19:45Z,26.600355,-76.987178,0.18,174.5,1,8,1.0
2024-03-24T15:19:50Z,26.600353,-76.987170,0.54,61.7,1,10,0.8
2024-03-24T15:19:55Z,26.600357,-76.987150,0.83,92.0,1,10,0.8
2024-03-24T15:20:05Z,26.600372,-76.987138,0.71,60.3,1,10,0.8
2024-03-24T15:20:10Z,26.600372,-76.987138,0.95,236.8,1,10,0.8
2024-03-24T15:20:15Z,26.600362,-76.987128,0.67,219.5,1,10,0.8
2024-03-24T15:20:20Z,26.600350,-76.987128,0.86,143.6,1,10,0.8
2024-03-24T15:20:25Z,26.600352,-76.987128,0.54,174.3,1,10,0.8
2024-03-24T15:20:30Z,26.600345,-76.987138,0.42,150.3,1,10,0.8
2024-03-24T15:20:40Z,26.600335,-76.987152,0.43,262.6,1,10,0.8
2024-03-24T15:20:45Z,26.600338,-76.987170,0.48,302.0,1,10,0.8
2024-03-24T15:20:50Z,26.600345,-76.987183,0.27,96.7,1,10,0.8
2024-03-24T15:20:55Z,26.600338,-76.987178,0.58,160.0,1,10,0.8
2024-03-24T15:21:00Z,26.600338,-76.987188,0.40,197.7,1,10,0.8
2024-03-24T15:21:05Z,26.600345,-76.987182,0.14,342.2,1,10,0.8
2024-03-24T15:21:15Z,26.600367,-76.987168,0.28,138.3,1,9,0.9
2024-03-24T15:21:20Z,26.600367,-76.987170,0.34,88.6,1,9,0.8
2024-03-24T15:21:25Z,26.600370,-76.987167,0.72,60.1,1,9,0.8
2024-03-24T15:21:30Z,26.600367,-76.987162,0.43,80.8,1,10,0.8
2024-03-24T15:21:35Z,26.600362,-76.987162,0.25,201.8,1,10,0.8
2024-03-24T15:21:40Z,26.600350,-76.987165,0.19,272.3,1,10,0.8
2024-03-24T15:21:50Z,26.600362,-76.987155,0.44,42.0,1,10,0.8
2024-03-24T15:21:55Z,26.600370,-76.987148,0.74,101.5,1,10,0.8
2024-03-24T15:22:00Z,26.600352,-76.987142,0.53,209.6,1,10,0.8
2024-03-24T15:22:05Z,26.600357,-76.987133,0.23,355.2,1,10,0.8
2024-03-24T15:22:10Z,26.600363,-76.987133,0.31,167.5,1,10,0.8
2024-03-24T15:22:15Z,26.600372,-76.987133,0.39,40.3,1,10,0.8
2024-03-24T15:22:25Z,26.600345,-76.987153,0.36,226.1,1,10,0.8
2024-03-24T15:22:30Z,26.600343,-76.987155,0.61,193.9,1,10,0.8
2024-03-24T15:22:35Z,26.600338,-76.987163,0.61,143.8,1,10,0.8
2024-03-24T15:22:40Z,26.600347,-76.987157,0.35,334.1,1,10,0.8
2024-03-24T15:22:45Z,26.600353,-76.987148,0.84,104.1,1,10,0.8
2024-03-24T15:22:50Z,26.600353,-76.987145,0.38,23.6,1,10,0.8
2024-03-24T15:22:55Z,26.600360,-76.987145,0.86,133.3,1,10,0.8
2024-03-24T15:23:00Z,26.600353,-76.987140,0.32,234.2,1,10,0.8
2024-03-24T15:23:05Z,26.600345,-76.987140,0.24,197.9,1,10,0.8
2024-03-24T15:23:10Z,26.600347,-76.987143,0.29,89.9,1,9,0.9
2024-03-24T15:23:15Z,26.600347,-76.987138,0.48,117.5,1,9,0.9
2024-03-24T15:23:20Z,26.600335,-76.987142,0.59,213.4,1,9,0.9
2024-03-24T15:23:25Z,26.600345,-76.987145,0.47,247.0,1,9,0.9
2024-03-24T15:23:35Z,26.600353,-76.987138,0.40,344.8,1,9,0.9
2024-03-24T15:23:40Z,26.600342,-76.987140,0.93,176.7,1,9,0.9
2024-03-24T15:23:45Z,26.600343,-76.987147,0.38,138.2,1,9,0.9
2024-03-24T15:23:50Z,26.600355,-76.987140,0.24,159.7,1,9,0.9
2024-03-24T15:23:55Z,26.600348,-76.987147,0.32,256.3,1,9,0.9
2024-03-24T15:24:00Z,26.600347,-76.987148,0.30,356.6,1,10,0.8
2024-03-24T15:24:05Z,26.600350,-76.987142,0.87,119.0,1,10,0.8
2024-03-24T15:24:10Z,26.600343,-76.987133,0.42,217.8,1,10,0.8
2024-03-24T15:24:15Z,26.600347,-76.987130,0.78,84.0,1,10,0.8
2024-03-24T15:24:20Z,26.600347,-76.987132,0.13,348.5,1,10,0.8
2024-03-24T15:24:25Z,26.600355,-76.987128,0.60,53.5,1,10,0.8
2024-03-24T15:24:30Z,26.600348,-76.987138,0.55,203.5,1,10,0.8
2024-03-24T15:24:35Z,26.600333,-76.987137,0.50,78.9,1,10,0.8
2024-03-24T15:24:45Z,26.600348,-76.987133,0.66,28.6,1,10,0.8
2024-03-24T15:24:50Z,26.600347,-76.987128,0.06,311.0,1,10,0.8
2024-03-24T15:24:55Z,26.600365,-76.987122,0.81,54.7,1,10,0.8
2024-03-24T15:25:00Z,26.600367,-76.987123,0.30,171.8,1,10,0.8
2024-03-24T15:25:05Z,26.600357,-76.987123,0.58,176.8,1,10,0.8
2024-03-24T15:25:10Z,26.600358,-76.987125,1.01,39.8,1,10,0.8
2024-03-24T15:25:20Z,26.600353,-76.987122,0.24,73.2,1,10,0.8
2024-03-24T15:25:25Z,26.600350,-76.987123,0.25,307.2,1,9,0.9
2024-03-24T15:25:30Z,26.600348,-76.987125,0.49,164.0,1,9,0.9
2024-03-24T15:25:35Z,26.600340,-76.987127,0.70,190.9,1,9,0.9
2024-03-24T15:25:40Z,26.600328,-76.987133,0.55,19.1,1,10,0.8
2024-03-24T15:25:45Z,26.600325,-76.987135,0.44,181.4,1,9,0.9
2024-03-24T15:25:55Z,26.600315,-76.987142,0.13,220.0,1,10,0.8
2024-03-24T15:26:00Z,26.600322,-76.987148,0.97,175.2,1,10,0.8
2024-03-24T15:26:05Z,26.600313,-76.987148,0.70,224.9,1,9,0.9
2024-03-24T15:26:10Z,26.600313,-76.987152,0.43,311.9,1,9,0.9
2024-03-24T15:26:15Z,26.600308,-76.987153,0.44,162.3,1,9,0.9
2024-03-24T15:26:20Z,26.600320,-76.987158,0.20,110.1,1,10,0.8
2024-03-24T15:26:25Z,26.600315,-76.987175,0.06,198.5,1,10,0.8
2024-03-24T15:26:30Z,26.600327,-76.987183,0.47,328.8,1,10,0.8
2024-03-24T15:26:35Z,26.600333,-76.987185,0.74,37.0,1,10,0.8
2024-03-24T15:26:40Z,26.600338,-76.987182,0.52,90.5,1,9,0.9
2024-03-24T15:26:45Z,26.600342,-76.987187,0.32,323.7,1,9,0.9
2024-03-24T15:26:50Z,26.600342,-76.987188,0.39,122.3,1,9,0.9
2024-03-24T15:26:55Z,26.600343,-76.987185,1.07,185.0,1,10,0.8
2024-03-24T15:27:05Z,26.600357,-76.987188,0.79,343.8,1,10,0.8
2024-03-24T15:27:10Z,26.600350,-76.987188,0.58,191.7,1,9,0.9
2024-03-24T15:27:15Z,26.600342,-76.987192,0.26,73.5,1,9,0.9
2024-03-24T15:27:20Z,26.600347,-76.987190,0.55,350.8,1,9,0.9
2024-03-24T15:27:25Z,26.600342,-76.987197,0.29,253.3,1,9,0.9
2024-03-24T15:27:30Z,26.600368,-76.987192,0.75,44.6,1,10,0.8
2024-03-24T15:27:40Z,26.600357,-76.987192,0.60,137.6,1,10,0.8
2024-03-24T15:27:45Z,26.600358,-76.987182,0.41,201.8,1,10,0.8
2024-03-24T15:27:50Z,26.600343,-76.987170,0.50,117.4,1,9,0.9
2024-03-24T15:27:55Z,26.600347,-76.987173,0.03,338.5,1,9,0.9
2024-03-24T15:28:00Z,26.600345,-76.987167,0.80,32.3,1,8,1.2
2024-03-24T15:28:05Z,26.600353,-76.987167,0.47,143.8,1,9,0.9
2024-03-24T15:28:15Z,26.600367,-76.987155,0.32,74.4,1,10,0.8
2024-03-24T15:28:20Z,26.600370,-76.987148,0.89,207.4,1,10,0.8
2024-03-24T15:28:25Z,26.600362,-76.987160,0.32,207.4,1,10,0.8
2024-03-24T15:28:30Z,26.600362,-76.987158,0.65,345.1,1,10,0.8
2024-03-24T15:28:35Z,26.600355,-76.987165,0.24,215.0,1,10,0.8
2024-03-24T15:28:40Z,26.600357,-76.987172,0.15,173.3,1,10,0.8
2024-03-24T15:28:50Z,26.600353,-76.987173,0.44,48.1,1,9,0.9
2024-03-24T15:28:55Z,26.600362,-76.987165,0.09,258.4,1,9,0.9
2024-03-24T15:29:00Z,26.600368,-76.987168,0.16,270.7,1,9,0.9
2024-03-24T15:29:05Z,26.600367,-76.987175,0.51,226.0,1,9,0.9
2024-03-24T15:29:10Z,26.600360,-76.987182,0.44,115.7,1,9,0.9
2024-03-24T15:29:15Z,26.600368,-76.987187,0.44,153.8,1,9,0.9
2024-03-24T15:29:25Z,26.600360,-76.987190,0.46,157.0,1,9,0.9
2024-03-24T15:29:30Z,26.600355,-76.987178,0.54,45.6,1,10,0.8
2024-03-24T15:29:35Z,26.600353,-76.987182,0.12,208.0,1,10,0.8
2024-03-24T15:29:40Z,26.600353,-76.987173,0.77,140.5,1,10,0.8
2024-03-24T15:29:45Z,26.600355,-76.987173,0.17,241.5,1,10,0.8
2024-03-24T15:29:50Z,26.600363,-76.987158,0.21,94.6,1,10,0.8
2024-03-24T15:29:55Z,26.600367,-76.987155,0.43,57.5,1,10,0.8
2024-03-24T15:30:00Z,26.600362,-76.987157,0.52,212.3,1,10,0.8
2024-03-24T15:30:05Z,26.600362,-76.987165,0.65,247.6,1,10,0.8
2024-03-24T15:30:10Z,26.600353,-76.987170,0.34,234.6,1,10,0.8
2024-03-24T15:30:15Z,26.600342,-76.987175,1.11,211.3,1,10,0.8
2024-03-24T15:30:20Z,26.600348,-76.987185,0.36,164.9,1,10,0.8
2024-03-24T15:30:25Z,26.600338,-76.987187,0.59,164.2,1,10,0.8
2024-03-24T15:30:30Z,26.600345,-76.987187,0.23,57.8,1,10,0.8
2024-03-24T15:30:35Z,26.600353,-76.987185,0.60,73.5,1,10,0.8
2024-03-24T15:30:40Z,26.600355,-76.987177,0.69,38.3,1,10,0.8
2024-03-24T15:30:45Z,26.600348,-76.987170,0.12,242.3,1,10,0.8
2024-03-24T15:30:50Z,26.600350,-76.987160,0.88,39.0,1,10,0.8
2024-03-24T15:30:55Z,26.600363,-76.987147,0.91,22.7,1,10,0.8
2024-03-24T15:31:00Z,26.600362,-76.987143,0.52,129.5,1,10,0.8
2024-03-24T15:31:10Z,26.600352,-76.987145,0.55,8.2,1,8,1.0
2024-03-24T15:31:15Z,26.600350,-76.987153,0.20,135.2,1,8,1.0
2024-03-24T15:31:20Z,26.600352,-76.987148,0.43,67.3,1,8,1.0
2024-03-24T15:31:25Z,26.600350,-76.987148,0.36,75.6,1,8,1.0
2024-03-24T15:31:30Z,26.600352,-76.987150,0.30,71.9,1,8,1.0
2024-03-24T15:31:35Z,26.600348,-76.987147,0.35,175.8,1,8,1.0
2024-03-24T15:31:40Z,26.600343,-76.987143,0.39,38.3,1,8,1.0
2024-03-24T15:31:45Z,26.600332,-76.987145,1.32,189.1,1,8,1.0
2024-03-24T15:31:50Z,26.600340,-76.987157,0.54,62.5,1,8,1.0
2024-03-24T15:31:55Z,26.600347,-76.987158,0.68,144.9,1,9,0.9
2024-03-24T15:32:00Z,26.600367,-76.987158,0.11,235.9,1,9,0.9
2024-03-24T15:32:05Z,26.600368,-76.987155,0.13,18.2,1,9,0.9
2024-03-24T15:32:15Z,26.600357,-76.987163,0.29,9.8,1,9,0.9
2024-03-24T15:32:20Z,26.600353,-76.987168,0.41,137.2,1,9,0.9
2024-03-24T15:32:25Z,26.600355,-76.987168,0.06,220.3,1,9,0.9
2024-03-24T15:32:30Z,26.600358,-76.987178,0.21,109.8,1,9,0.9
2024-03-24T15:32:35Z,26.600345,-76.987177,0.29,132.2,1,9,0.9
2024-03-24T15:32:40Z,26.600340,-76.987173,0.57,38.9,1,8,1.0
2024-03-24T15:32:50Z,26.600355,-76.987180,0.14,8.4,1,8,1.0
2024-03-24T15:32:55Z,26.600358,-76.987172,0.33,235.6,1,7,1.4
2024-03-24T15:33:00Z,26.600355,-76.987168,0.40,97.6,1,8,0.9
2024-03-24T15:33:05Z,26.600355,-76.987170,0.85,199.9,1,9,0.9
2024-03-24T15:33:10Z,26.600342,-76.987163,0.67,108.7,1,9,0.9
2024-03-24T15:33:15Z,26.600335,-76.987168,0.72,198.8,1,9,0.9
2024-03-24T15:33:25Z,26.600323,-76.987170,0.35,274.7,1,8,1.0
2024-03-24T15:33:30Z,26.600328,-76.987163,0.46,138.6,1,8,1.0
2024-03-24T15:33:35Z,26.600330,-76.987175,0.69,164.9,1,8,1.0
2024-03-24T15:33:40Z,26.600333,-76.987178,0.32,33.5,1,8,1.0
2024-03-24T15:33:45Z,26.600332,-76.987168,0.38,315.5,1,8,1.0
2024-03-24T15:33:50Z,26.600353,-76.987172,0.27,128.1,1,8,1.0
2024-03-24T15:34:00Z,26.600367,-76.987153,0.48,69.9,1,8,1.0
2024-03-24T15:34:05Z,26.600368,-76.987147,0.21,135.1,1,8,1.0
2024-03-24T15:34:10Z,26.600372,-76.987148,0.80,146.9,1,9,0.9
2024-03-24T15:34:15Z,26.600360,-76.987147,0.73,60.7,1,9,0.9
2024-03-24T15:34:20Z,26.600373,-76.987157,0.59,198.7,1,9,0.9
2024-03-24T15:34:25Z,26.600373,-76.987157,0.58,358.4,1,9,0.9
2024-03-24T15:34:30Z,26.600372,-76.987153,0.27,143.7,1,9,0.9
2024-03-24T15:34:35Z,26.600378,-76.987145,0.44,86.1,1,9,0.9
2024-03-24T15:34:40Z,26.600377,-76.987148,0.36,160.3,1,9,0.9
2024-03-24T15:34:45Z,26.600383,-76.987135,0.96,34.1,1,9,0.9
2024-03-24T15:34:50Z,26.600387,-76.987145,0.08,182.8,1,9,0.9
2024-03-24T15:34:55Z,26.600398,-76.987150,0.18,83.6,1,9,0.9
2024-03-24T15:35:05Z,26.600380,-76.987160,0.57,48.2,1,9,0.9
2024-03-24T15:35:10Z,26.600388,-76.987150,0.33,348.4,1,9,0.9
2024-03-24T15:35:15Z,26.600370,-76.987142,0.48,209.7,1,8,1.0
2024-03-24T15:35:20Z,26.600368,-76.987133,0.55,113.1,1,7,1.4
2024-03-24T15:35:25Z,26.600378,-76.987137,0.71,49.1,1,7,1.4
2024-03-24T15:35:30Z,26.600358,-76.987140,0.27,140.1,1,7,1.4
2024-03-24T15:35:40Z,26.600353,-76.987157,0.47,264.8,1,8,1.0
2024-03-24T15:35:45Z,26.600355,-76.987158,0.63,52.3,1,8,1.0
2024-03-24T15:35:50Z,26.600360,-76.987167,0.20,118.3,1,8,1.0
2024-03-24T15:35:55Z,26.600363,-76.987163,0.56,53.5,1,8,1.0
2024-03-24T15:36:00Z,26.600362,-76.987163,0.59,187.4,1,8,1.0
2024-03-24T15:36:05Z,26.600372,-76.987152,0.67,63.2,1,8,1.0
2024-03-24T15:36:15Z,26.600372,-76.987145,0.91,0.5,1,7,1.4
2024-03-24T15:36:20Z,26.600375,-76.987138,0.50,167.3,1,8,1.0
2024-03-24T15:36:25Z,26.600363,-76.987137,0.37,132.7,1,8,1.0
2024-03-24T15:36:30Z,26.600372,-76.987135,1.44,26.6,1,8,1.0
2024-03-24T15:36:35Z,26.600378,-76.987147,0.20,237.2,1,8,1.0
2024-03-24T15:36:45Z,26.600375,-76.987133,0.43,228.9,1,8,1.0
2024-03-24T15:36:50Z,26.600368,-76.987135,0.52,333.2,1,8,1.0
2024-03-24T15:36:55Z,26.600368,-76.987132,0.57,353.7,1,8,1.0
2024-03-24T15:37:00Z,26.600353,-76.987145,1.06,223.8,1,8,1.0
2024-03-24T15:37:05Z,26.600342,-76.987163,0.88,216.7,1,8,1.0
2024-03-24T15:37:10Z,26.600358,-76.987170,0.25,358.9,1,9,0.9
2024-03-24T15:37:20Z,26.600367,-76.987185,0.29,182.9,1,9,0.9
2024-03-24T15:37:25Z,26.600367,-76.987195,0.06,136.4,1,9,0.9
2024-03-24T15:37:30Z,26.600372,-76.987202,0.47,318.5,1,9,0.9
2024-03-24T15:37:35Z,26.600377,-76.987220,0.02,216.7,1,8,1.0
2024-03-24T15:37:40Z,26.600360,-76.987227,0.86,352.2,1,8,1.0
2024-03-24T15:37:45Z,26.600355,-76.987232,0.31,1.4,1,9,0.9
2024-03-24T15:37:55Z,26.600383,-76.987223,0.62,350.5,1,9,0.9
2024-03-24T15:38:00Z,26.600390,-76.987227,0.57,210.9,1,8,1.0
2024-03-24T15:38:05Z,26.600375,-76.987240,0.10,176.0,1,8,1.0
2024-03-24T15:38:10Z,26.600358,-76.987257,0.54,195.0,1,8,1.0
2024-03-24T15:38:15Z,26.600372,-76.987265,0.31,67.8,1,8,1.0
2024-03-24T15:38:20Z,26.600385,-76.987267,0.70,146.1,1,8,1.0
2024-03-24T15:38:30Z,26.600390,-76.987262,0.64,4.7,1,8,1.0
2024-03-24T15:38:35Z,26.600415,-76.987245,0.39,10.1,1,8,1.0
2024-03-24T15:38:40Z,26.600405,-76.987240,0.49,110.5,1,8,1.0
2024-03-24T15:38:45Z,26.600413,-76.987230,0.53,137.1,1,8,1.0
2024-03-24T15:38:50Z,26.600405,-76.987227,0.30,186.5,1,8,1.0
2024-03-24T15:39:00Z,26.600385,-76.987245,0.94,189.3,1,8,1.0
2024-03-24T15:39:05Z,26.600375,-76.987240,0.39,158.9,1,8,1.0
2024-03-24T15:39:10Z,26.600372,-76.987245,0.40,324.8,1,8,1.0
2024-03-24T15:39:15Z,26.600377,-76.987220,0.45,80.0,1,8,1.0
2024-03-24T15:39:20Z,26.600382,-76.987223,0.73,268.7,1,9,0.9
2024-03-24T15:39:25Z,26.600373,-76.987228,0.04,341.3,1,8,1.0
2024-03-24T15:39:35Z,26.600393,-76.987253,1.43,237.0,1,8,1.0
2024-03-24T15:39:40Z,26.600378,-76.987275,0.28,261.8,1,9,0.9
2024-03-24T15:39:45Z,26.600407,-76.987267,1.36,13.9,1,9,0.9
2024-03-24T15:39:50Z,26.600423,-76.987255,0.67,96.3,1,9,0.9
2024-03-24T15:39:55Z,26.600412,-76.987247,0.48,209.9,1,9,0.9
2024-03-24T15:40:00Z,26.600408,-76.987248,1.35,30.0,1,8,1.0
2024-03-24T15:40:10Z,26.600417,-76.987243,0.22,28.7,1,8,1.0
2024-03-24T15:40:15Z,26.600407,-76.987238,1.23,146.2,1,7,1.1
2024-03-24T15:40:20Z,26.600402,-76.987227,0.14,15.8,1,9,0.9
2024-03-24T15:40:25Z,26.600407,-76.987230,0.25,66.2,1,9,0.9
2024-03-24T15:40:30Z,26.600390,-76.987243,0.23,296.8,1,9,0.9
2024-03-24T15:40:35Z,26.600407,-76.987240,0.62,201.5,1,9,0.9
2024-03-24T15:40:45Z,26.600388,-76.987232,0.56,178.1,1,8,1.0
2024-03-24T15:40:50Z,26.600383,-76.987230,0.22,329.7,1,8,1.0
2024-03-24T15:40:55Z,26.600408,-76.987227,0.69,335.1,1,8,1.0
2024-03-24T15:41:00Z,26.600407,-76.987240,0.30,83.6,1,9,0.9
2024-03-24T15:41:05Z,26.600410,-76.987238,0.61,205.3,1,9,0.9
2024-03-24T15:41:10Z,26.600403,-76.987250,0.34,148.2,1,8,1.0
2024-03-24T15:41:20Z,26.600372,-76.987262,0.43,4.2,1,8,1.0
2024-03-24T15:41:25Z,26.600377,-76.987263,0.24,133.1,1,8,1.0
2024-03-24T15:41:30Z,26.600385,-76.987268,0.31,232.1,1,8,1.0
2024-03-24T15:41:35Z,26.600387,-76.987263,0.25,14.6,1,8,1.0
2024-03-24T15:41:40Z,26.600377,-76.987263,0.74,199.0,1,8,1.0
2024-03-24T15:41:50Z,26.600395,-76.987248,0.41,34.2,1,8,1.0
2024-03-24T15:41:55Z,26.600407,-76.987247,0.61,6.8,1,9,0.9
2024-03-24T15:42:00Z,26.600427,-76.987247,0.45,53.7,1,9,0.9
2024-03-24T15:42:05Z,26.600422,-76.987230,0.39,355.4,1,9,0.9
2024-03-24T15:42:10Z,26.600407,-76.987240,0.25,85.8,1,9,0.9
2024-03-24T15:42:15Z,26.600398,-76.987240,0.62,129.4,1,9,0.9
2024-03-24T15:42:25Z,26.600410,-76.987233,0.69,204.8,1,9,0.9
2024-03-24T15:42:30Z,26.600410,-76.987240,0.18,327.2,1,9,0.9
2024-03-24T15:42:35Z,26.600407,-76.987240,0.61,185.4,1,9,0.9
2024-03-24T15:42:40Z,26.600393,-76.987240,0.24,205.4,1,9,0.9
2024-03-24T15:42:45Z,26.600385,-76.987235,0.77,202.0,1,9,0.9
2024-03-24T15:42:50Z,26.600397,-76.987245,0.46,259.7,1,9,0.9
2024-03-24T15:43:00Z,26.600382,-76.987262,0.14,232.6,1,8,1.0
2024-03-24T15:43:05Z,26.600385,-76.987272,0.49,180.9,1,8,1.0
2024-03-24T15:43:10Z,26.600395,-76.987273,0.31,48.8,1,9,0.9
2024-03-24T15:43:15Z,26.600405,-76.987282,0.47,59.6,1,9,0.9
2024-03-24T15:43:20Z,26.600423,-76.987273,0.72,24.2,1,9,0.9
2024-03-24T15:43:25Z,26.600418,-76.987272,0.19,335.6,1,9,0.9
2024-03-24T15:43:35Z,26.600440,-76.987270,0.63,27.5,1,8,1.0
2024-03-24T15:43:40Z,26.600450,-76.987277,0.95,13.1,1,8,1.0
2024-03-24T15:43:45Z,26.600462,-76.987273,0.46,48.1,1,8,1.0
2024-03-24T15:43:50Z,26.600452,-76.987278,0.08,47.3,1,9,0.9
2024-03-24T15:43:55Z,26.600447,-76.987272,0.71,202.2,1,9,0.9
2024-03-24T15:44:00Z,26.600442,-76.987275,0.33,334.9,1,8,1.0
2024-03-24T15:44:10Z,26.600397,-76.987283,0.49,154.7,1,8,1.0
2024-03-24T15:44:15Z,26.600390,-76.987277,1.07,183.4,1,8,1.0
2024-03-24T15:44:20Z,26.600400,-76.987297,0.45,237.4,1,8,1.0
2024-03-24T15:44:25Z,26.600400,-76.987303,0.36,171.3,1,8,1.0
2024-03-24T15:44:30Z,26.600400,-76.987305,0.35,269.7,1,9,0.9
2024-03-24T15:44:35Z,26.600400,-76.987312,0.20,314.6,1,8,1.0
2024-03-24T15:44:45Z,26.600422,-76.987292,0.90,11.1,1,8,1.0
2024-03-24T15:44:50Z,26.600442,-76.987280,0.53,28.7,1,8,1.2
2024-03-24T15:44:55Z,26.600457,-76.987280,0.47,19.5,1,9,0.9
2024-03-24T15:45:00Z,26.600443,-76.987275,0.53,47.6,1,9,0.9
2024-03-24T15:45:05Z,26.600452,-76.987287,0.41,152.5,1,8,1.0
2024-03-24T15:45:10Z,26.600447,-76.987275,0.93,24.7,1,8,1.0
2024-03-24T15:45:15Z,26.600437,-76.987278,0.59,124.3,1,8,1.0
2024-03-24T15:45:20Z,26.600422,-76.987285,0.55,211.4,1,9,0.9
2024-03-24T15:45:25Z,26.600403,-76.987282,0.57,128.2,1,9,0.9
2024-03-24T15:45:30Z,26.600402,-76.987278,0.49,83.0,1,9,0.9
2024-03-24T15:45:35Z,26.600403,-76.987277,0.49,121.2,1,8,1.0
2024-03-24T15:45:40Z,26.600397,-76.987273,0.23,68.1,1,8,1.0
2024-03-24T15:45:50Z,26.600397,-76.987283,0.83,45.0,1,8,1.0
2024-03-24T15:45:55Z,26.600407,-76.987263,0.13,61.7,1,8,1.0
2024-03-24T15:46:00Z,26.600418,-76.987260,0.71,29.5,1,8,1.0
2024-03-24T15:46:05Z,26.600435,-76.987253,0.85,33.1,1,8,1.0
2024-03-24T15:46:10Z,26.600442,-76.987257,0.36,41.5,1,8,1.0
2024-03-24T15:46:15Z,26.600430,-76.987255,0.59,298.3,1,8,1.0
2024-03-24T15:46:20Z,26.600440,-76.987245,0.97,84.2,1,8,1.0
2024-03-24T15:46:25Z,26.600413,-76.987258,0.35,352.1,1,8,1.0
2024-03-24T15:46:30Z,26.600418,-76.987255,0.44,152.4,1,8,1.0
2024-03-24T15:46:35Z,26.600410,-76.987265,0.84,311.6,1,8,1.0
2024-03-24T15:46:40Z,26.600398,-76.987255,0.43,169.7,1,8,1.0
2024-03-24T15:46:45Z,26.600398,-76.987265,1.05,235.8,1,7,1.7
2024-03-24T15:46:55Z,26.600400,-76.987253,0.34,193.3,1,7,1.7
2024-03-24T15:47:00Z,26.600402,-76.987268,0.10,267.0,1,7,1.7
2024-03-24T15:47:05Z,26.600390,-76.987272,0.54,204.7,1,7,1.7
2024-03-24T15:47:10Z,26.600400,-76.987277,0.41,354.0,1,7,1.7
2024-03-24T15:47:15Z,26.600415,-76.987268,0.25,161.5,1,7,1.7
2024-03-24T15:47:25Z,26.600445,-76.987270,0.45,54.9,1,7,1.7
2024-03-24T15:47:30Z,26.600442,-76.987277,0.30,194.7,1,7,1.7
2024-03-24T15:47:35Z,26.600447,-76.987267,0.53,68.4,1,7,1.7
2024-03-24T15:47:40Z,26.600443,-76.987272,0.75,42.7,1,7,1.7
2024-03-24T15:47:45Z,26.600435,-76.987272,0.40,323.2,1,7,1.7
2024-03-24T15:47:55Z,26.600418,-76.987287,0.14,88.3,1,8,1.0
2024-03-24T15:48:00Z,26.600430,-76.987288,1.28,80.5,1,8,1.0
2024-03-24T15:48:05Z,26.600425,-76.987282,0.55,225.4,1,8,1.0
2024-03-24T15:48:10Z,26.600417,-76.987300,0.99,173.9,1,8,1.0
2024-03-24T15:48:15Z,26.600412,-76.987297,0.21,121.2,1,8,1.0
2024-03-24T15:48:20Z,26.600427,-76.987292,1.09,50.9,1,9,0.9
2024-03-24T15:48:30Z,26.600417,-76.987305,0.51,341.0,1,8,1.0
2024-03-24T15:48:35Z,26.600423,-76.987310,0.97,16.9,1,7,1.8
2024-03-24T15:48:40Z,26.600433,-76.987305,0.41,120.9,1,8,1.0
2024-03-24T15:48:45Z,26.600430,-76.987297,0.87,40.7,1,8,1.0
2024-03-24T15:48:50Z,26.600453,-76.987303,0.27,335.8,1,7,1.8
2024-03-24T15:48:55Z,26.600435,-76.987307,1.04,66.5,1,7,1.8
2024-03-24T15:49:00Z,26.600447,-76.987297,0.78,13.8,1,7,1.2
2024-03-24T15:49:05Z,26.600432,-76.987282,0.60,49.4,1,8,1.0
2024-03-24T15:49:10Z,26.600440,-76.987288,0.44,57.5,1,8,1.0
2024-03-24T15:49:15Z,26.600465,-76.987307,0.73,17.7,1,8,1.0
2024-03-24T15:49:20Z,26.600480,-76.987307,0.91,49.2,1,8,1.0
2024-03-24T15:49:25Z,26.600465,-76.987308,0.33,93.8,1,8,1.0
2024-03-24T15:49:30Z,26.600467,-76.987303,0.81,345.5,1,8,1.0
2024-03-24T15:49:35Z,26.600472,-76.987308,0.87,88.1,1,8,1.0
2024-03-24T15:49:40Z,26.600470,-76.987290,0.45,45.6,1,8,1.0
2024-03-24T15:49:45Z,26.600467,-76.987267,0.31,320.1,1,8,1.0
2024-03-24T15:49:50Z,26.600480,-76.987300,0.60,16.0,1,8,1.0
2024-03-24T15:49:55Z,26.600478,-76.987295,0.59,32.1,1,8,1.0
2024-03-24T15:50:05Z,26.600487,-76.987308,0.72,61.8,1,7,1.8
2024-03-24T15:50:10Z,26.600472,-76.987310,0.43,143.2,1,8,1.0
2024-03-24T15:50:15Z,26.600472,-76.987288,0.61,12.6,1,8,1.0
2024-03-24T15:50:20Z,26.600480,-76.987293,0.37,318.4,1,8,1.0
2024-03-24T15:50:25Z,26.600470,-76.987295,1.94,43.0,1,8,1.0
2024-03-24T15:50:30Z,26.600490,-76.987292,2.12,4.2,1,8,1.0
2024-03-24T15:50:40Z,26.600497,-76.987283,0.75,38.7,1,8,1.0
2024-03-24T15:50:45Z,26.600522,-76.987267,0.69,12.8,1,8,1.0
2024-03-24T15:50:50Z,26.600535,-76.987235,1.91,61.3,1,8,1.0
2024-03-24T15:50:55Z,26.600552,-76.987225,1.37,57.6,1,6,1.9
2024-03-24T15:51:00Z,26.600565,-76.987207,1.52,44.1,1,7,1.8
2024-03-24T15:51:10Z,26.600600,-76.987183,1.35,5.2,1,8,1.0
2024-03-24T15:51:15Z,26.600618,-76.987160,1.49,62.3,1,8,1.0
2024-03-24T15:51:20Z,26.600627,-76.987132,1.31,60.8,1,8,1.0
2024-03-24T15:51:25Z,26.600617,-76.987113,1.37,84.5,1,8,1.0
2024-03-24T15:51:30Z,26.600622,-76.987110,1.38,0.2,1,8,1.0
2024-03-24T15:51:35Z,26.600622,-76.987088,1.72,65.3,1,7,1.9
2024-03-24T15:51:45Z,26.600635,-76.987038,1.17,93.7,1,8,1.0
2024-03-24T15:51:50Z,26.600618,-76.987035,0.84,81.0,1,8,1.0
2024-03-24T15:51:55Z,26.600617,-76.987020,0.80,66.8,1,8,1.0
2024-03-24T15:52:00Z,26.600610,-76.987007,0.87,145.1,1,8,1.0
2024-03-24T15:52:05Z,26.600602,-76.987010,1.85,64.0,1,8,1.0
2024-03-24T15:52:15Z,26.600595,-76.986953,2.29,112.2,1,7,1.9
2024-03-24T15:52:20Z,26.600548,-76.986930,1.72,126.8,1,7,1.9
2024-03-24T15:52:25Z,26.600533,-76.986885,1.76,118.5,1,8,1.0
2024-03-24T15:52:30Z,26.600497,-76.986878,1.41,189.4,1,8,1.0
2024-03-24T15:52:35Z,26.600480,-76.986887,0.94,254.6,1,8,1.0
2024-03-24T15:52:40Z,26.600462,-76.986900,0.54,244.9,1,8,1.0
2024-03-24T15:52:50Z,26.600427,-76.986913,0.95,159.0,1,8,1.0
2024-03-24T15:52:55Z,26.600417,-76.986912,0.88,137.6,1,8,1.0
2024-03-24T15:53:00Z,26.600375,-76.986905,2.88,139.4,1,8,1.0
2024-03-24T15:53:05Z,26.600310,-76.986862,2.53,161.3,1,8,1.0
2024-03-24T15:53:10Z,26.600240,-76.986840,4.14,170.3,1,8,1.0
2024-03-24T15:53:15Z,26.600167,-76.986822,3.82,175.6,1,8,1.0
2024-03-24T15:53:25Z,26.599957,-76.986892,5.85,194.6,1,8,1.0
2024-03-24T15:53:30Z,26.599858,-76.986972,5.62,218.7,1,8,1.0
2024-03-24T15:53:35Z,26.599800,-76.987063,4.64,231.8,1,7,1.2
2024-03-24T15:53:40Z,26.599715,-76.987158,3.66,212.6,1,7,1.2
2024-03-24T15:53:45Z,26.599612,-76.987255,4.88,218.3,1,7,1.2
2024-03-24T15:53:50Z,26.599493,-76.987332,6.07,219.6,1,7,1.2
2024-03-24T15:53:55Z,26.599417,-76.987400,6.92,216.5,1,7,1.2
2024-03-24T15:54:00Z,26.599325,-76.987503,4.46,221.4,1,7,1.2
2024-03-24T15:54:05Z,26.599215,-76.987573,5.55,198.6,1,7,1.2
2024-03-24T15:54:10Z,26.599092,-76.987623,5.39,180.7,1,7,1.2
2024-03-24T15:54:15Z,26.599017,-76.987592,4.42,167.3,1,7,1.2
2024-03-24T15:54:20Z,26.598922,-76.987552,5.13,148.4,1,7,1.2
2024-03-24T15:54:30Z,26.598800,-76.987357,5.09,124.3,1,7,1.2
2024-03-24T15:54:35Z,26.598728,-76.987255,6.55,129.6,1,6,1.3
2024-03-24T15:54:40Z,26.598633,-76.987160,4.90,132.3,1,7,1.2
2024-03-24T15:54:45Z,26.598550,-76.987062,5.54,135.5,1,7,1.2
2024-03-24T15:54:50Z,26.598473,-76.986963,5.42,133.3,1,7,1.2
2024-03-24T15:54:55Z,26.598372,-76.986877,5.74,131.2,1,7,1.2
2024-03-24T15:55:00Z,26.598308,-76.986775,5.14,115.7,1,6,1.3
2024-03-24T15:55:05Z,26.598212,-76.986695,6.43,135.4,1,7,1.2
2024-03-24T15:55:10Z,26.598155,-76.986618,5.52,133.6,1,7,1.2
2024-03-24T15:55:15Z,26.598060,-76.986532,6.41,127.2,1,7,1.2
2024-03-24T15:55:20Z,26.597978,-76.986413,6.20,137.8,1,7,1.2
2024-03-24T15:55:25Z,26.597888,-76.986333,4.51,143.4,1,6,1.3
2024-03-24T15:55:35Z,26.597733,-76.986155,3.77,127.2,1,7,1.2
2024-03-24T15:55:40Z,26.597650,-76.986063,5.45,127.5,1,7,1.2
2024-03-24T15:55:45Z,26.597565,-76.985977,5.72,130.0,1,7,1.2
2024-03-24T15:55:50Z,26.597487,-76.985903,4.05,134.8,1,6,1.3
2024-03-24T15:55:55Z,26.597392,-76.985777,5.83,119.5,1,6,1.3
2024-03-24T15:56:05Z,26.597237,-76.985567,5.35,151.9,1,6,1.3
2024-03-24T15:56:10Z,26.597133,-76.985490,4.65,142.0,1,7,1.2
2024-03-24T15:56:15Z,26.597012,-76.985412,5.07,150.8,1,6,1.3
2024-03-24T15:56:20Z,26.596932,-76.985333,3.68,142.5,1,6,1.3
2024-03-24T15:56:25Z,26.596842,-76.985265,4.13,145.9,1,6,1.3
2024-03-24T15:56:30Z,26.596752,-76.985202,5.70,143.1,1,7,1.2
2024-03-24T15:56:40Z,26.596527,-76.985055,5.51,145.4,1,6,1.3
2024-03-24T15:56:45Z,26.596437,-76.984982,5.34,155.0,1,6,1.3
2024-03-24T15:56:50Z,26.596323,-76.984907,5.43,145.9,1,7,1.2
2024-03-24T15:56:55Z,26.596230,-76.984830,6.11,156.1,1,7,1.2
2024-03-24T15:57:00Z,26.596137,-76.984790,4.97,164.9,1,7,1.2
2024-03-24T15:57:10Z,26.595893,-76.984755,5.37,192.8,1,6,1.3
2024-03-24T15:57:15Z,26.595815,-76.984798,4.84,205.3,1,7,1.2
2024-03-24T15:57:20Z,26.595717,-76.984813,5.00,188.0,1,7,1.2
2024-03-24T15:57:25Z,26.595610,-76.984850,4.38,208.2,1,7,1.2
2024-03-24T15:57:30Z,26.595452,-76.984927,6.95,204.3,1,7,1.2
2024-03-24T15:57:35Z,26.595360,-76.984978,4.07,203.6,1,7,1.2
2024-03-24T15:57:45Z,26.595118,-76.985105,4.45,209.1,1,6,1.3
2024-03-24T15:57:50Z,26.595027,-76.985177,5.20,198.9,1,7,1.2
2024-03-24T15:57:55Z,26.594887,-76.985250,6.65,204.3,1,7,1.2
2024-03-24T15:58:00Z,26.594777,-76.985317,5.66,201.1,1,7,1.2
2024-03-24T15:58:05Z,26.594645,-76.985368,4.57,189.7,1,6,1.3
2024-03-24T15:58:10Z,26.594537,-76.985427,5.49,213.4,1,7,1.2
2024-03-24T15:58:15Z,26.594403,-76.985470,5.80,200.2,1,6,1.3
2024-03-24T15:58:20Z,26.594298,-76.985507,4.86,199.6,1,7,1.2
2024-03-24T15:58:25Z,26.594172,-76.985543,4.75,208.0,1,7,1.2
2024-03-24T15:58:30Z,26.594058,-76.985597,6.56,201.6,1,7,1.2
2024-03-24T15:58:35Z,26.593923,-76.985640,5.75,195.4,1,7,1.2
2024-03-24T15:58:40Z,26.593808,-76.985680,6.01,203.4,1,7,1.2
2024-03-24T15:58:45Z,26.593687,-76.985768,6.30,205.9,1,7,1.2
2024-03-24T15:58:50Z,26.593552,-76.985835,6.49,205.5,1,7,1.2
2024-03-24T15:58:55Z,26.593418,-76.985895,5.68,199.5,1,7,1.2
2024-03-24T15:59:00Z,26.593273,-76.985970,6.50,204.9,1,7,1.2
2024-03-24T15:59:05Z,26.593175,-76.986033,6.37,203.2,1,7,1.2
2024-03-24T15:59:10Z,26.593053,-76.986053,5.50,190.4,1,7,1.2
2024-03-24T15:59:15Z,26.592918,-76.986080,6.42,190.9,1,6,1.3
2024-03-24T15:59:20Z,26.592782,-76.986123,5.78,197.6,1,6,1.3
2024-03-24T15:59:25Z,26.592630,-76.986168,5.87,198.4,1,7,1.2
2024-03-24T15:59:30Z,26.592512,-76.986210,6.47,196.3,1,6,2.3
2024-03-24T15:59:35Z,26.592385,-76.986253,5.68,191.7,1,7,1.2
2024-03-24T15:59:40Z,26.592288,-76.986313,5.14,209.0,1,7,1.2
2024-03-24T15:59:45Z,26.592145,-76.986373,5.65,195.3,1,6,1.3
2024-03-24T15:59:50Z,26.592002,-76.986417,6.06,185.0,1,6,1.3
2024-03-24T15:59:55Z,26.591860,-76.986447,5.57,199.2,1,6,1.3
2024-03-24T16:00:00Z,26.591720,-76.986493,5.60,198.0,1,6,1.3
2024-03-24T16:00:05Z,26.591595,-76.986523,5.94,190.9,1,7,1.2
2024-03-24T16:00:10Z,26.591502,-76.986553,5.10,192.8,1,7,1.2
2024-03-24T16:00:15Z,26.591395,-76.986603,5.43,196.5,1,7,1.2
2024-03-24T16:00:20Z,26.591245,-76.986660,5.97,191.1,1,6,1.3
2024-03-24T16:00:25Z,26.591115,-76.986690,6.52,186.9,1,6,1.3
2024-03-24T16:00:30Z,26.590988,-76.986730,5.10,202.4,1,6,1.3
2024-03-24T16:00:35Z,26.590877,-76.986770,4.57,193.8,1,7,1.2
2024-03-24T16:00:40Z,26.590760,-76.986787,5.69,190.3,1,7,1.2
2024-03-24T16:00:45Z,26.590607,-76.986820,5.53,193.7,1,6,1.3
2024-03-24T16:00:50Z,26.590467,-76.986857,6.10,203.9,1,7,1.2
2024-03-24T16:00:55Z,26.590340,-76.986882,5.31,192.8,1,7,1.2
2024-03-24T16:01:00Z,26.590195,-76.986920,6.82,192.4,1,7,1.2
2024-03-24T16:01:05Z,26.590083,-76.986955,5.47,200.6,1,7,1.2
2024-03-24T16:01:10Z,26.589963,-76.986993,5.36,202.5,1,7,1.2
2024-03-24T16:01:20Z,26.589708,-76.987063,5.43,194.0,1,6,1.3
2024-03-24T16:01:25Z,26.589600,-76.987100,4.69,194.5,1,7,1.2
2024-03-24T16:01:30Z,26.589458,-76.987137,5.23,191.4,1,7,1.2
2024-03-24T16:01:35Z,26.589312,-76.987158,5.63,179.7,1,7,1.2
2024-03-24T16:01:40Z,26.589177,-76.987202,5.70,197.5,1,7,1.2
2024-03-24T16:01:50Z,26.588920,-76.987262,5.88,191.2,1,7,1.2
2024-03-24T16:01:55Z,26.588810,-76.987287,4.96,185.8,1,6,1.3
2024-03-24T16:02:00Z,26.588667,-76.987340,5.89,193.9,1,7,1.2
2024-03-24T16:02:05Z,26.588540,-76.987388,5.67,193.4,2,6,1.3
2024-03-24T16:02:10Z,26.588413,-76.987425,6.08,195.7,2,7,1.2
2024-03-24T16:02:15Z,26.588287,-76.987475,5.57,197.0,2,7,1.2
2024-03-24T16:02:25Z,26.588017,-76.987545,6.09,193.1,2,7,1.2
2024-03-24T16:02:30Z,26.587893,-76.987562,4.71,191.6,2,8,1.1
2024-03-24T16:02:35Z,26.587793,-76.987608,5.88,194.4,2,8,1.1
2024-03-24T16:02:40Z,26.587660,-76.987633,5.52,188.2,2,7,1.5
2024-03-24T16:02:45Z,26.587558,-76.987662,5.38,189.2,2,7,1.5
2024-03-24T16:02:50Z,26.587418,-76.987690,5.46,190.0,2,7,1.3
2024-03-24T16:03:00Z,26.587168,-76.987757,4.85,200.4,2,8,1.1
2024-03-24T16:03:05Z,26.587022,-76.987782,6.28,190.1,2,8,1.1
2024-03-24T16:03:10Z,26.586895,-76.987818,5.69,194.8,2,8,1.1
2024-03-24T16:03:15Z,26.586742,-76.987848,5.57,193.3,2,8,1.1
2024-03-24T16:03:20Z,26.586618,-76.987887,5.19,200.4,2,8,1.1
2024-03-24T16:03:25Z,26.586478,-76.987915,5.55,190.4,2,8,1.1
2024-03-24T16:03:35Z,26.586165,-76.987960,5.90,190.9,2,8,1.1
2024-03-24T16:03:40Z,26.586057,-76.987972,5.21,189.5,2,8,1.1
2024-03-24T16:03:45Z,26.585922,-76.988007,6.09,194.3,2,8,1.1
2024-03-24T16:03:50Z,26.585770,-76.988035,5.44,194.9,2,7,1.5
2024-03-24T16:03:55Z,26.585633,-76.988075,6.05,187.2,2,7,1.3
2024-03-24T16:04:00Z,26.585475,-76.988097,6.29,187.5,2,8,1.1
2024-03-24T16:04:10Z,26.585202,-76.988175,6.91,190.4,2,8,1.1
2024-03-24T16:04:15Z,26.585028,-76.988202,7.09,185.3,2,8,1.1
2024-03-24T16:04:20Z,26.584920,-76.988218,5.17,193.2,2,7,1.3
2024-03-24T16:04:25Z,26.584782,-76.988250,5.38,190.6,2,8,1.1
2024-03-24T16:04:30Z,26.584645,-76.988267,6.42,189.4,2,8,1.1
2024-03-24T16:04:35Z,26.584497,-76.988288,6.03,187.0,2,8,1.1
2024-03-24T16:04:45Z,26.584230,-76.988317,5.08,189.5,2,8,1.1
2024-03-24T16:04:50Z,26.584045,-76.988345,7.12,191.1,2,8,1.1
2024-03-24T16:04:55Z,26.583903,-76.988360,4.87,185.7,2,8,1.1
2024-03-24T16:05:00Z,26.583788,-76.988390,5.88,186.2,2,7,1.4
2024-03-24T16:05:05Z,26.583645,-76.988423,5.68,193.5,2,8,1.1
2024-03-24T16:05:10Z,26.583508,-76.988462,5.59,199.8,2,8,1.1
2024-03-24T16:05:20Z,26.583228,-76.988547,7.11,204.6,2,8,1.1
2024-03-24T16:05:25Z,26.583103,-76.988607,5.65,201.0,2,8,1.1
2024-03-24T16:05:30Z,26.582967,-76.988663,5.87,204.8,2,8,1.1
2024-03-24T16:05:35Z,26.582863,-76.988742,5.95,205.7,2,7,1.5
2024-03-24T16:05:40Z,26.582728,-76.988810,5.80,206.3,2,8,1.1
2024-03-24T16:05:45Z,26.582597,-76.988860,6.27,201.8,2,8,1.1
2024-03-24T16:05:50Z,26.582467,-76.988928,5.88,203.8,2,8,1.1
2024-03-24T16:05:55Z,26.582318,-76.988975,5.77,200.9,2,8,1.1
2024-03-24T16:06:00Z,26.582193,-76.989032,5.37,201.2,2,8,1.1
2024-03-24T16:06:05Z,26.582070,-76.989080,6.43,199.6,2,8,1.1
2024-03-24T16:06:10Z,26.581943,-76.989115,5.33,193.1,2,8,1.1
2024-03-24T16:06:15Z,26.581795,-76.989125,6.01,181.1,2,8,1.1
2024-03-24T16:06:20Z,26.581652,-76.989133,6.52,183.6,2,8,1.1
2024-03-24T16:06:25Z,26.581502,-76.989163,5.49,203.8,2,9,1.1
2024-03-24T16:06:30Z,26.581375,-76.989225,6.20,201.3,2,9,1.1
2024-03-24T16:06:35Z,26.581237,-76.989292,6.34,202.2,2,8,1.3
2024-03-24T16:06:40Z,26.581102,-76.989368,5.81,208.4,2,9,1.1
2024-03-24T16:06:45Z,26.580977,-76.989435,5.54,206.8,2,9,1.1
2024-03-24T16:06:50Z,26.580855,-76.989502,5.69,209.6,2,9,1.1
2024-03-24T16:06:55Z,26.580717,-76.989592,7.02,209.3,2,9,1.1
2024-03-24T16:07:05Z,26.580468,-76.989735,6.16,206.3,2,9,1.1
2024-03-24T16:07:10Z,26.580318,-76.989798,6.49,202.3,2,9,1.1
2024-03-24T16:07:15Z,26.580188,-76.989863,5.47,208.5,2,9,1.1
2024-03-24T16:07:20Z,26.580077,-76.989940,5.76,204.1,2,9,1.1
2024-03-24T16:07:25Z,26.579940,-76.990003,6.48,203.6,2,9,1.1
2024-03-24T16:07:30Z,26.579803,-76.990078,6.36,208.4,2,9,1.1
2024-03-24T16:07:35Z,26.579677,-76.990158,5.99,209.9,2,9,1.1
2024-03-24T16:07:40Z,26.579552,-76.990238,6.23,208.0,2,9,1.1
2024-03-24T16:07:45Z,26.579423,-76.990317,6.09,210.2,2,9,1.1
2024-03-24T16:07:50Z,26.579293,-76.990402,6.39,212.4,2,9,1.1
2024-03-24T16:07:55Z,26.579178,-76.990480,5.53,209.3,2,9,1.1
2024-03-24T16:08:00Z,26.579058,-76.990550,5.82,207.8,2,9,1.1
2024-03-24T16:08:05Z,26.578925,-76.990620,5.76,205.5,2,9,1.1
2024-03-24T16:08:10Z,26.578788,-76.990702,6.97,208.0,2,9,1.1
2024-03-24T16:08:15Z,26.578643,-76.990785,6.25,209.7,2,9,1.1
2024-03-24T16:08:20Z,26.578515,-76.990867,6.22,206.6,2,9,1.1
2024-03-24T16:08:25Z,26.578372,-76.990940,6.33,206.4,2,9,1.1
2024-03-24T16:08:30Z,26.578232,-76.991022,6.42,208.6,2,9,1.1
2024-03-24T16:08:35Z,26.578107,-76.991107,7.03,210.8,2,9,1.1
2024-03-24T16:08:40Z,26.577988,-76.991190,6.05,212.9,2,9,1.1
2024-03-24T16:08:50Z,26.577730,-76.991357,6.66,212.9,2,9,1.1
2024-03-24T16:08:55Z,26.577620,-76.991445,6.07,209.9,2,9,1.1
2024-03-24T16:09:00Z,26.577492,-76.991523,6.48,205.5,2,9,1.1
2024-03-24T16:09:05Z,26.577360,-76.991602,6.48,210.0,2,9,1.1
2024-03-24T16:09:10Z,26.577223,-76.991683,6.33,209.2,2,9,1.1
2024-03-24T16:09:15Z,26.577097,-76.991763,6.20,211.9,2,8,1.2
2024-03-24T16:09:20Z,26.576978,-76.991855,6.52,210.1,2,9,1.1
2024-03-24T16:09:30Z,26.576725,-76.992022,6.54,210.3,2,9,1.1
2024-03-24T16:09:35Z,26.576610,-76.992118,6.30,211.4,1,9,1.1
2024-03-24T16:09:40Z,26.576473,-76.992198,6.61,208.0,1,9,1.1
2024-03-24T16:09:45Z,26.576340,-76.992282,6.78,209.0,1,9,1.1
2024-03-24T16:09:50Z,26.576218,-76.992373,6.91,206.4,2,9,1.1
2024-03-24T16:09:55Z,26.576088,-76.992452,6.27,205.2,2,9,1.1
2024-03-24T16:10:05Z,26.575815,-76.992597,6.62,209.4,2,9,1.1
2024-03-24T16:10:10Z,26.575687,-76.992687,6.53,213.9,1,9,1.1
2024-03-24T16:10:15Z,26.575537,-76.992763,6.83,207.9,1,9,1.1
2024-03-24T16:10:20Z,26.575398,-76.992838,6.33,207.8,2,9,1.1
2024-03-24T16:10:25Z,26.575265,-76.992917,6.23,208.7,2,9,1.1
2024-03-24T16:10:30Z,26.575143,-76.993000,6.14,212.9,2,9,1.1
2024-03-24T16:10:40Z,26.574888,-76.993177,6.61,211.7,2,9,1.1
2024-03-24T16:10:45Z,26.574742,-76.993263,6.57,206.2,2,9,1.1
2024-03-24T16:10:50Z,26.574588,-76.993330,6.66,201.4,2,9,1.1
2024-03-24T16:10:55Z,26.574447,-76.993413,6.30,210.0,2,9,1.1
2024-03-24T16:11:00Z,26.574328,-76.993495,5.97,210.3,2,9,1.1
2024-03-24T16:11:05Z,26.574198,-76.993582,6.91,208.3,2,9,1.1
2024-03-24T16:11:15Z,26.573955,-76.993743,6.51,206.4,2,9,1.1
2024-03-24T16:11:20Z,26.573828,-76.993825,6.31,211.1,2,9,1.1
2024-03-24T16:11:25Z,26.573707,-76.993917,6.70,206.8,2,7,1.5
2024-03-24T16:11:30Z,26.573573,-76.994010,6.86,210.9,2,9,1.1
2024-03-24T16:11:35Z,26.573448,-76.994097,6.44,208.3,2,9,1.1
2024-03-24T16:11:40Z,26.573318,-76.994185,6.33,210.6,2,9,1.1
2024-03-24T16:11:50Z,26.573072,-76.994343,5.92,212.7,2,9,1.1
2024-03-24T16:11:55Z,26.572942,-76.994433,6.32,211.1,2,9,1.1
2024-03-24T16:12:00Z,26.572822,-76.994518,6.28,210.1,2,8,1.4
2024-03-24T16:12:05Z,26.572678,-76.994598,6.64,208.8,2,8,1.4
2024-03-24T16:12:10Z,26.572542,-76.994682,6.72,210.4,2,8,1.4
2024-03-24T16:12:15Z,26.572378,-76.994760,6.31,208.9,2,8,1.4
2024-03-24T16:12:20Z,26.572270,-76.994850,6.20,213.0,2,9,1.1
2024-03-24T16:12:25Z,26.572147,-76.994932,6.48,207.2,2,9,1.1
2024-03-24T16:12:30Z,26.572025,-76.995018,6.76,209.7,2,9,1.1
2024-03-24T16:12:35Z,26.571877,-76.995113,6.78,214.3,2,9,1.1
2024-03-24T16:12:40Z,26.571755,-76.995203,6.32,213.0,2,9,1.1
2024-03-24T16:12:45Z,26.571630,-76.995292,6.35,209.8,2,8,1.4
2024-03-24T16:12:50Z,26.571503,-76.995360,6.25,207.9,2,8,1.4
2024-03-24T16:13:00Z,26.571257,-76.995530,6.43,209.9,2,8,1.4
2024-03-24T16:13:05Z,26.571112,-76.995603,6.51,208.5,2,8,1.4
2024-03-24T16:13:10Z,26.571015,-76.995700,6.07,215.0,2,8,1.4
2024-03-24T16:13:15Z,26.570902,-76.995793,6.25,206.2,2,8,1.4
2024-03-24T16:13:20Z,26.570748,-76.995865,6.65,205.5,2,8,1.4
2024-03-24T16:13:25Z,26.570612,-76.995947,6.71,207.6,2,8,1.4
2024-03-24T16:13:35Z,26.570328,-76.996098,6.19,210.9,2,9,1.1
2024-03-24T16:13:40Z,26.570198,-76.996183,6.57,208.7,2,8,1.4
2024-03-24T16:13:45Z,26.570083,-76.996273,6.46,204.0,2,8,1.4
2024-03-24T16:13:50Z,26.569967,-76.996345,6.48,207.3,2,8,1.4
2024-03-24T16:13:55Z,26.569840,-76.996423,6.59,209.3,2,8,1.4
2024-03-24T16:14:00Z,26.569712,-76.996498,6.59,207.0,2,8,1.4
2024-03-24T16:14:10Z,26.569433,-76.996663,6.42,208.3,2,8,1.4
2024-03-24T16:14:15Z,26.569313,-76.996758,6.46,211.4,2,8,1.4
2024-03-24T16:14:20Z,26.569182,-76.996855,6.73,209.3,2,8,1.4
2024-03-24T16:14:25Z,26.569053,-76.996942,6.89,205.6,2,8,1.4
2024-03-24T16:14:30Z,26.568903,-76.997015,6.76,203.6,2,8,1.4
2024-03-24T16:14:35Z,26.568773,-76.997085,6.17,206.4,2,8,1.4
2024-03-24T16:14:45Z,26.568497,-76.997218,6.68,197.2,2,9,1.1
2024-03-24T16:14:50Z,26.568365,-76.997270,6.38,192.4,2,8,1.4
2024-03-24T16:14:55Z,26.568227,-76.997297,5.81,191.2,2,8,1.4
2024-03-24T16:15:00Z,26.568085,-76.997318,6.62,183.9,1,8,1.4
2024-03-24T16:15:05Z,26.567933,-76.997337,6.52,186.9,1,8,1.4
2024-03-24T16:15:10Z,26.567778,-76.997363,6.93,189.1,1,9,1.1
2024-03-24T16:15:20Z,26.567477,-76.997418,7.13,178.4,1,9,1.1
2024-03-24T16:15:25Z,26.567303,-76.997420,7.57,181.9,1,9,1.1
2024-03-24T16:15:30Z,26.567133,-76.997430,7.26,184.0,1,8,1.4
2024-03-24T16:15:35Z,26.566988,-76.997453,6.83,185.4,1,9,1.1
2024-03-24T16:15:40Z,26.566835,-76.997473,6.27,188.2,1,9,1.1
2024-03-24T16:15:45Z,26.566675,-76.997488,6.92,184.2,1,9,1.1
2024-03-24T16:15:55Z,26.566352,-76.997510,6.65,185.4,1,8,1.4
2024-03-24T16:16:00Z,26.566193,-76.997533,6.31,190.2,1,9,1.1
2024-03-24T16:16:05Z,26.566023,-76.997548,7.69,181.6,1,8,1.4
2024-03-24T16:16:10Z,26.565863,-76.997565,6.98,186.0,1,9,1.1
2024-03-24T16:16:15Z,26.565702,-76.997578,7.42,181.7,1,9,1.1
2024-03-24T16:16:20Z,26.565547,-76.997600,6.85,186.4,1,9,1.1
2024-03-24T16:16:30Z,26.565230,-76.997633,7.13,184.3,1,8,1.4
2024-03-24T16:16:35Z,26.565080,-76.997650,6.74,185.7,1,8,1.4
2024-03-24T16:16:40Z,26.564938,-76.997672,6.83,185.6,1,8,1.4
2024-03-24T16:16:45Z,26.564785,-76.997682,7.05,182.9,1,8,1.4
2024-03-24T16:16:50Z,26.564632,-76.997690,6.81,183.5,1,8,1.4
2024-03-24T16:16:55Z,26.564465,-76.997695,7.02,181.6,1,8,1.4
2024-03-24T16:17:05Z,26.564148,-76.997717,6.36,183.8,1,9,1.1
2024-03-24T16:17:10Z,26.563983,-76.997732,6.99,184.8,1,8,1.4
2024-03-24T16:17:15Z,26.563823,-76.997747,7.22,184.6,1,8,1.4
2024-03-24T16:17:20Z,26.563665,-76.997778,6.91,187.3,1,8,1.4
2024-03-24T16:17:25Z,26.563517,-76.997805,6.90,185.2,1,9,1.1
2024-03-24T16:17:30Z,26.563373,-76.997830,6.19,189.7,1,9,1.1
2024-03-24T16:17:35Z,26.563207,-76.997857,6.48,188.1,1,8,1.4
2024-03-24T16:17:40Z,26.563052,-76.997873,7.24,185.8,1,8,1.4
2024-03-24T16:17:45Z,26.562885,-76.997895,7.08,182.5,1,8,1.4
2024-03-24T16:17:50Z,26.562718,-76.997898,7.18,181.9,1,8,1.4
2024-03-24T16:17:55Z,26.562557,-76.997908,5.79,186.3,1,8,1.4
2024-03-24T16:18:00Z,26.562405,-76.997917,6.80,182.4,1,8,1.4
2024-03-24T16:18:10Z,26.562098,-76.997957,6.42,186.8,1,8,1.4
2024-03-24T16:18:15Z,26.561938,-76.997978,6.76,186.4,1,8,1.4
2024-03-24T16:18:20Z,26.561778,-76.998008,6.55,191.2,1,9,1.1
2024-03-24T16:18:25Z,26.561597,-76.998040,6.88,192.0,1,8,1.4
2024-03-24T16:18:30Z,26.561452,-76.998052,6.61,186.7,1,8,1.4
2024-03-24T16:18:35Z,26.561308,-76.998068,6.08,188.9,1,9,1.1
2024-03-24T16:18:45Z,26.560985,-76.998095,6.56,187.0,1,8,1.4
2024-03-24T16:18:50Z,26.560835,-76.998115,6.82,186.7,1,8,1.4
2024-03-24T16:18:55Z,26.560685,-76.998127,6.77,185.8,1,9,1.1
2024-03-24T16:19:00Z,26.560515,-76.998145,6.86,185.8,1,9,1.1
2024-03-24T16:19:05Z,26.560357,-76.998153,6.97,184.8,1,8,1.4
2024-03-24T16:19:10Z,26.560200,-76.998173,6.56,188.1,1,8,1.4
2024-03-24T16:19:20Z,26.559888,-76.998222,6.88,184.9,1,8,1.4
2024-03-24T16:19:25Z,26.559743,-76.998243,7.17,179.6,1,9,1.1
2024-03-24T16:19:30Z,26.559595,-76.998263,7.10,183.5,1,8,1.4
2024-03-24T16:19:35Z,26.559443,-76.998270,6.69,184.1,1,8,1.4
2024-03-24T16:19:40Z,26.559297,-76.998288,7.05,183.2,1,8,1.4
2024-03-24T16:19:45Z,26.559162,-76.998300,6.50,185.6,1,8,1.4
2024-03-24T16:19:50Z,26.559013,-76.998317,6.73,183.3,1,8,1.4
2024-03-24T16:19:55Z,26.558858,-76.998337,6.45,184.7,1,8,1.4
2024-03-24T16:20:00Z,26.558702,-76.998362,6.46,185.2,1,9,1.1
2024-03-24T16:20:05Z,26.558543,-76.998387,6.22,193.5,1,8,1.4
2024-03-24T16:20:10Z,26.558385,-76.998405,7.32,181.9,1,7,1.4
2024-03-24T16:20:15Z,26.558217,-76.998418,6.85,184.8,1,8,1.4
2024-03-24T16:20:25Z,26.557888,-76.998448,6.95,183.7,1,8,1.4
2024-03-24T16:20:30Z,26.557703,-76.998450,6.84,183.3,1,8,1.4
2024-03-24T16:20:35Z,26.557540,-76.998448,6.94,179.4,1,9,1.1
2024-03-24T16:20:40Z,26.557352,-76.998443,6.85,181.8,1,8,1.4
2024-03-24T16:20:45Z,26.557185,-76.998455,6.73,183.6,1,8,1.4
2024-03-24T16:20:50Z,26.557030,-76.998472,6.74,183.8,1,8,1.4
2024-03-24T16:21:00Z,26.556720,-76.998488,6.50,183.0,1,9,1.1
2024-03-24T16:21:05Z,26.556565,-76.998503,6.71,183.8,1,9,1.1
2024-03-24T16:21:10Z,26.556417,-76.998530,6.53,186.3,1,8,1.3
2024-03-24T16:21:15Z,26.556267,-76.998543,6.74,183.4,1,8,1.3
2024-03-24T16:21:20Z,26.556117,-76.998562,6.63,182.1,1,9,1.1
2024-03-24T16:21:25Z,26.555968,-76.998565,6.99,181.0,1,8,1.3
2024-03-24T16:21:30Z,26.555812,-76.998573,6.93,183.5,1,9,1.1
2024-03-24T16:21:35Z,26.555655,-76.998587,6.88,183.2,1,9,1.1
2024-03-24T16:21:40Z,26.555500,-76.998613,6.57,186.3,1,9,1.1
2024-03-24T16:21:45Z,26.555348,-76.998637,6.50,185.9,1,9,1.1
2024-03-24T16:21:50Z,26.555183,-76.998637,6.57,183.7,1,9,1.1
2024-03-24T16:21:55Z,26.554998,-76.998638,6.73,183.8,1,9,1.1
2024-03-24T16:22:05Z,26.554692,-76.998695,6.74,185.0,1,9,1.1
2024-03-24T16:22:10Z,26.554547,-76.998707,6.66,183.3,1,9,1.1
2024-03-24T16:22:15Z,26.554397,-76.998715,6.80,182.1,1,9,1.1
2024-03-24T16:22:20Z,26.554243,-76.998723,6.04,182.3,1,9,1.1
2024-03-24T16:22:25Z,26.554098,-76.998735,6.55,181.4,1,9,1.1
2024-03-24T16:22:30Z,26.553917,-76.998735,6.73,183.4,1,9,1.1
2024-03-24T16:22:40Z,26.553585,-76.998752,7.04,181.3,1,9,1.1
2024-03-24T16:22:45Z,26.553440,-76.998773,7.23,182.2,1,9,1.1
2024-03-24T16:22:50Z,26.553267,-76.998788,7.22,180.6,1,9,1.1
2024-03-24T16:22:55Z,26.553110,-76.998798,6.88,183.2,1,9,1.1
2024-03-24T16:23:00Z,26.552962,-76.998815,6.03,185.2,1,9,1.1
2024-03-24T16:23:05Z,26.552812,-76.998828,6.85,184.8,1,9,1.1
2024-03-24T16:23:15Z,26.552488,-76.998863,5.54,190.6,1,9,1.1
2024-03-24T16:23:20Z,26.552345,-76.998888,6.34,188.2,1,9,1.1
2024-03-24T16:23:25Z,26.552188,-76.998877,7.15,178.9,1,9,1.1
2024-03-24T16:23:30Z,26.552038,-76.998895,6.61,184.5,1,9,1.1
2024-03-24T16:23:35Z,26.551892,-76.998910,6.01,186.6,1,9,1.1
2024-03-24T16:23:40Z,26.551742,-76.998923,6.45,182.0,1,8,1.3
2024-03-24T16:23:50Z,26.551418,-76.998955,6.83,182.7,1,9,1.1
2024-03-24T16:23:55Z,26.551245,-76.998963,6.64,184.4,1,9,1.1
2024-03-24T16:24:00Z,26.551093,-76.998980,6.36,186.2,1,9,1.1
2024-03-24T16:24:05Z,26.550937,-76.998977,6.74,180.9,1,9,1.1
2024-03-24T16:24:10Z,26.550772,-76.998975,6.43,182.6,1,9,1.1
2024-03-24T16:24:15Z,26.550613,-76.998982,6.16,186.3,1,9,1.1
2024-03-24T16:24:25Z,26.550295,-76.999012,6.41,185.8,1,9,1.1
2024-03-24T16:24:30Z,26.550122,-76.999017,6.70,185.5,1,9,1.1
2024-03-24T16:24:35Z,26.549965,-76.999028,6.81,183.9,1,9,1.1
2024-03-24T16:24:40Z,26.549807,-76.999048,6.51,182.6,1,9,1.1
2024-03-24T16:24:45Z,26.549643,-76.999062,6.96,182.8,1,9,1.1
2024-03-24T16:24:50Z,26.549490,-76.999085,6.43,186.3,1,9,1.1
2024-03-24T16:25:00Z,26.549185,-76.999103,6.67,181.4,1,9,1.1
2024-03-24T16:25:05Z,26.549022,-76.999127,7.06,180.8,1,9,1.1
2024-03-24T16:25:10Z,26.548865,-76.999147,7.13,181.0,1,9,1.1
2024-03-24T16:25:15Z,26.548702,-76.999163,7.14,182.3,1,9,1.1
2024-03-24T16:25:20Z,26.548522,-76.999175,7.04,185.6,1,8,1.3
2024-03-24T16:25:25Z,26.548370,-76.999203,7.18,185.3,1,9,1.1
2024-03-24T16:25:35Z,26.548048,-76.999172,6.95,170.2,1,9,1.1
2024-03-24T16:25:40Z,26.547895,-76.999140,5.80,166.8,1,8,1.1
2024-03-24T16:25:45Z,26.547738,-76.999072,7.21,156.0,1,9,1.1
2024-03-24T16:25:50Z,26.547597,-76.998983,6.46,146.4,1,9,1.1
2024-03-24T16:25:55Z,26.547487,-76.998880,6.69,130.8,1,9,1.1
2024-03-24T16:26:00Z,26.547390,-76.998735,6.94,124.5,1,9,1.1
2024-03-24T16:26:05Z,26.547310,-76.998572,6.76,121.4,1,9,1.1
2024-03-24T16:26:10Z,26.547237,-76.998423,6.65,117.3,1,9,1.1
2024-03-24T16:26:15Z,26.547153,-76.998258,7.40,118.2,1,9,1.1
2024-03-24T16:26:20Z,26.547077,-76.998102,7.55,115.8,1,9,1.1
2024-03-24T16:26:25Z,26.547005,-76.997943,7.16,116.2,1,9,1.1
2024-03-24T16:26:30Z,26.546950,-76.997788,6.64,111.5,1,9,1.1
2024-03-24T16:26:35Z,26.546905,-76.997643,6.51,109.9,1,8,1.1
2024-03-24T16:26:45Z,26.546800,-76.997322,6.98,108.2,1,9,1.1
2024-03-24T16:26:50Z,26.546718,-76.997163,6.54,123.4,1,9,1.1
2024-03-24T16:26:55Z,26.546617,-76.997030,6.70,132.9,1,9,1.1
2024-03-24T16:27:00Z,26.546503,-76.996915,6.53,138.9,1,9,1.1
2024-03-24T16:27:05Z,26.546392,-76.996825,6.49,143.6,1,9,1.1
2024-03-24T16:27:10Z,26.546240,-76.996727,6.39,151.2,1,9,1.1
2024-03-24T16:27:20Z,26.545948,-76.996560,7.10,148.4,1,9,1.1
2024-03-24T16:27:25Z,26.545798,-76.996445,7.44,143.5,1,9,1.1
2024-03-24T16:27:30Z,26.545658,-76.996340,6.68,141.2,1,9,1.1
2024-03-24T16:27:35Z,26.545550,-76.996247,6.84,137.4,1,9,1.1
2024-03-24T16:27:40Z,26.545445,-76.996138,7.16,134.0,1,9,1.1
2024-03-24T16:27:45Z,26.545353,-76.996008,6.92,134.6,1,9,1.1
2024-03-24T16:27:55Z,26.545137,-76.995722,7.09,131.2,1,9,1.1
2024-03-24T16:28:00Z,26.545027,-76.995588,5.48,130.4,1,9,1.1
2024-03-24T16:28:05Z,26.544913,-76.995452,7.62,130.6,1,9,1.1
2024-03-24T16:28:10Z,26.544817,-76.995338,6.93,133.6,1,9,1.1
2024-03-24T16:28:15Z,26.544713,-76.995202,7.76,127.8,1,8,1.1
2024-03-24T16:28:20Z,26.544617,-76.995060,6.61,132.2,1,8,1.1
2024-03-24T16:28:30Z,26.544400,-76.994812,6.37,131.8,1,9,1.1
2024-03-24T16:28:35Z,26.544295,-76.994670,7.16,133.0,1,9,1.1
2024-03-24T16:28:40Z,26.544182,-76.994522,7.09,127.0,1,9,1.1
2024-03-24T16:28:45Z,26.544080,-76.994395,7.46,134.9,1,9,1.1
2024-03-24T16:28:50Z,26.543960,-76.994285,6.37,131.1,1,9,1.1
2024-03-24T16:28:55Z,26.543860,-76.994165,6.19,133.6,1,9,1.1
2024-03-24T16:29:05Z,26.543605,-76.993878,7.09,142.4,1,9,1.1
2024-03-24T16:29:10Z,26.543490,-76.993775,7.58,137.1,1,9,1.1
2024-03-24T16:29:15Z,26.543403,-76.993667,6.02,137.6,1,9,1.1
2024-03-24T16:29:20Z,26.543308,-76.993540,6.96,134.2,1,9,1.1
2024-03-24T16:29:25Z,26.543197,-76.993410,6.96,130.3,1,9,1.1
2024-03-24T16:29:30Z,26.543082,-76.993292,6.76,137.5,1,9,1.1
2024-03-24T16:29:40Z,26.542840,-76.993045,7.51,134.3,1,9,1.1
2024-03-24T16:29:45Z,26.542723,-76.992938,6.75,133.1,1,9,1.1
2024-03-24T16:29:50Z,26.542613,-76.992815,6.55,133.2,1,9,1.1
2024-03-24T16:29:55Z,26.542497,-76.992675,7.00,135.8,1,9,1.1
2024-03-24T16:30:00Z,26.542392,-76.992553,6.79,136.3,1,8,1.1
2024-03-24T16:30:05Z,26.542270,-76.992427,7.50,137.6,1,9,1.1
2024-03-24T16:30:15Z,26.542075,-76.992185,6.77,132.8,1,9,1.1
2024-03-24T16:30:20Z,26.541968,-76.992062,6.93,138.1,1,8,1.1
2024-03-24T16:30:25Z,26.541843,-76.991913,7.64,132.5,1,9,1.1
2024-03-24T16:30:30Z,26.541735,-76.991780,6.91,128.3,1,9,1.1
2024-03-24T16:30:35Z,26.541622,-76.991645,7.13,132.1,1,9,1.1
2024-03-24T16:30:40Z,26.541515,-76.991535,6.64,134.1,1,9,1.1
2024-03-24T16:30:50Z,26.541287,-76.991287,7.64,137.2,1,9,1.1
2024-03-24T16:30:55Z,26.541163,-76.991167,7.49,135.4,1,9,1.1
2024-03-24T16:31:00Z,26.541052,-76.991035,6.85,133.2,1,9,1.1
2024-03-24T16:31:05Z,26.540952,-76.990920,6.29,136.4,1,9,1.1
2024-03-24T16:31:10Z,26.540835,-76.990792,7.35,133.9,1,9,1.1
2024-03-24T16:31:15Z,26.540712,-76.990657,7.48,136.1,1,9,1.1
2024-03-24T16:31:25Z,26.540483,-76.990417,7.01,136.0,1,9,1.1
2024-03-24T16:31:30Z,26.540372,-76.990295,7.09,137.4,1,9,1.1
2024-03-24T16:31:35Z,26.540272,-76.990175,6.53,133.9,1,9,1.1
2024-03-24T16:31:40Z,26.540163,-76.990060,6.73,139.6,1,9,1.1
2024-03-24T16:31:45Z,26.540045,-76.989963,7.59,140.1,1,9,1.1
2024-03-24T16:31:50Z,26.539913,-76.989865,6.25,143.6,1,9,1.1
2024-03-24T16:32:00Z,26.539663,-76.989655,7.01,143.3,1,8,1.1
2024-03-24T16:32:05Z,26.539517,-76.989545,6.19,145.4,1,9,1.1
2024-03-24T16:32:10Z,26.539402,-76.989460,6.55,145.0,1,9,1.1
2024-03-24T16:32:15Z,26.539267,-76.989360,6.07,142.5,1,9,1.1
2024-03-24T16:32:20Z,26.539167,-76.989262,6.54,144.3,1,9,1.1
2024-03-24T16:32:25Z,26.539023,-76.989157,7.38,144.1,1,9,1.1
2024-03-24T16:32:35Z,26.538745,-76.988928,6.53,141.5,1,9,1.1
2024-03-24T16:32:40Z,26.538628,-76.988828,7.03,141.2,1,9,1.1
2024-03-24T16:32:45Z,26.538493,-76.988722,7.26,143.9,1,9,1.1
2024-03-24T16:32:50Z,26.538362,-76.988620,7.42,141.5,1,9,1.1
2024-03-24T16:32:55Z,26.538228,-76.988523,6.52,140.4,1,9,1.1
2024-03-24T16:33:00Z,26.538113,-76.988423,6.93,141.4,1,9,1.1
2024-03-24T16:33:10Z,26.537872,-76.988242,5.65,149.9,1,9,1.1
2024-03-24T16:33:15Z,26.537740,-76.988142,8.11,143.9,1,9,1.1
2024-03-24T16:33:20Z,26.537592,-76.988008,7.43,144.4,1,9,1.1
2024-03-24T16:33:25Z,26.537445,-76.987888,7.05,144.1,1,9,1.1
2024-03-24T16:33:30Z,26.537290,-76.987785,7.41,147.6,1,9,1.1
2024-03-24T16:33:35Z,26.537163,-76.987693,6.27,151.9,1,9,1.1
2024-03-24T16:33:45Z,26.536905,-76.987567,6.59,152.8,1,9,1.1
2024-03-24T16:33:50Z,26.536762,-76.987488,6.81,152.4,1,9,1.1
2024-03-24T16:33:55Z,26.536627,-76.987427,6.86,157.3,1,9,1.1
2024-03-24T16:34:00Z,26.536488,-76.987362,6.75,155.8,1,8,1.1
2024-03-24T16:34:05Z,26.536345,-76.987322,7.53,159.5,1,9,1.1
2024-03-24T16:34:10Z,26.536197,-76.987258,6.98,157.8,1,9,1.1
2024-03-24T16:34:20Z,26.535907,-76.987117,7.12,157.1,1,9,1.1
2024-03-24T16:34:25Z,26.535760,-76.987038,7.10,154.8,1,9,1.1
2024-03-24T16:34:30Z,26.535628,-76.986975,6.69,161.1,1,9,1.1
2024-03-24T16:34:35Z,26.535475,-76.986910,7.02,156.2,1,9,1.1
2024-03-24T16:34:40Z,26.535340,-76.986835,6.54,157.4,1,9,1.1
2024-03-24T16:34:45Z,26.535195,-76.986780,7.43,157.4,1,9,1.1
2024-03-24T16:34:55Z,26.534938,-76.986655,6.10,158.1,1,9,1.1
2024-03-24T16:35:00Z,26.534780,-76.986548,6.28,151.5,1,9,1.1
2024-03-24T16:35:05Z,26.534638,-76.986483,6.87,159.6,1,7,1.4
2024-03-24T16:35:10Z,26.534462,-76.986403,7.70,154.2,1,9,1.1
2024-03-24T16:35:15Z,26.534333,-76.986340,6.05,155.2,1,9,1.1
2024-03-24T16:35:20Z,26.534208,-76.986273,7.04,157.1,1,9,1.1
2024-03-24T16:35:30Z,26.533908,-76.986132,6.64,154.6,1,9,1.1
2024-03-24T16:35:35Z,26.533768,-76.986057,6.91,150.6,1,9,1.1
2024-03-24T16:35:40Z,26.533637,-76.985990,5.97,157.6,1,9,1.1
2024-03-24T16:35:45Z,26.533510,-76.985927,6.53,153.3,1,9,1.1
2024-03-24T16:35:50Z,26.533365,-76.985848,6.19,155.0,1,9,1.1
2024-03-24T16:35:55Z,26.533238,-76.985782,6.05,152.3,1,9,1.1
2024-03-24T16:36:05Z,26.532955,-76.985613,6.72,153.7,1,9,1.1
2024-03-24T16:36:10Z,26.532822,-76.985573,6.00,165.6,1,9,1.1
2024-03-24T16:36:15Z,26.532667,-76.985527,7.90,162.0,1,9,1.1
2024-03-24T16:36:20Z,26.532508,-76.985453,6.65,153.3,1,9,1.1
2024-03-24T16:36:25Z,26.532355,-76.985388,6.82,153.8,1,9,1.1
2024-03-24T16:36:30Z,26.532217,-76.985318,6.67,157.2,1,9,1.1
2024-03-24T16:36:40Z,26.531937,-76.985215,7.04,163.2,1,8,1.3
2024-03-24T16:36:45Z,26.531785,-76.985153,6.11,162.2,1,9,1.1
2024-03-24T16:36:50Z,26.531612,-76.985085,6.80,163.7,1,9,1.1
2024-03-24T16:36:55Z,26.531455,-76.985017,6.33,160.1,1,9,1.1
2024-03-24T16:37:00Z,26.531308,-76.984962,7.41,157.8,1,9,1.1
2024-03-24T16:37:05Z,26.531145,-76.984895,7.23,157.6,1,9,1.1
2024-03-24T16:37:15Z,26.530853,-76.984807,6.35,164.1,1,9,1.1
2024-03-24T16:37:20Z,26.530697,-76.984743,6.88,161.9,1,9,1.1
2024-03-24T16:37:25Z,26.530545,-76.984690,7.41,162.1,1,9,1.1
2024-03-24T16:37:30Z,26.530403,-76.984662,6.31,161.4,1,9,1.1
2024-03-24T16:37:35Z,26.530243,-76.984612,6.42,162.9,1,9,1.1
2024-03-24T16:37:40Z,26.530108,-76.984568,6.71,161.1,1,9,1.1
2024-03-24T16:37:50Z,26.529808,-76.984467,6.64,160.7,1,9,1.1
2024-03-24T16:37:55Z,26.529658,-76.984418,6.92,165.0,1,9,1.1
2024-03-24T16:38:00Z,26.529535,-76.984390,6.57,166.4,1,9,1.1
2024-03-24T16:38:05Z,26.529405,-76.984347,6.50,163.6,1,9,1.1
2024-03-24T16:38:10Z,26.529240,-76.984307,6.65,167.4,1,9,1.1
2024-03-24T16:38:15Z,26.529073,-76.984277,7.30,168.6,1,9,1.1
2024-03-24T16:38:20Z,26.528920,-76.984235,6.35,166.6,1,9,1.1
2024-03-24T16:38:25Z,26.528752,-76.984195,7.38,167.8,1,9,1.1
2024-03-24T16:38:30Z,26.528602,-76.984168,5.91,165.8,1,9,1.1
2024-03-24T16:38:35Z,26.528448,-76.984128,6.19,165.1,1,9,1.1
2024-03-24T16:38:40Z,26.528297,-76.984115,6.43,173.0,1,9,1.1
2024-03-24T16:38:45Z,26.528132,-76.984083,6.12,172.6,1,9,1.1
2024-03-24T16:38:50Z,26.527970,-76.984035,7.31,166.4,1,9,1.1
2024-03-24T16:39:00Z,26.527667,-76.983993,6.97,166.0,1,9,1.1
2024-03-24T16:39:05Z,26.527493,-76.983945,6.65,164.2,1,9,1.1
2024-03-24T16:39:10Z,26.527337,-76.983893,6.30,168.2,1,9,1.1
2024-03-24T16:39:15Z,26.527195,-76.983870,6.20,172.3,1,9,1.1
2024-03-24T16:39:20Z,26.527052,-76.983848,6.83,168.8,1,8,1.3
2024-03-24T16:39:25Z,26.526910,-76.983820,6.19,167.5,1,9,1.1
2024-03-24T16:39:35Z,26.526585,-76.983740,7.07,166.5,1,9,1.1
2024-03-24T16:39:40Z,26.526430,-76.983695,6.66,166.9,1,9,1.1
2024-03-24T16:39:45Z,26.526283,-76.983670,6.73,171.4,1,9,1.1
2024-03-24T16:39:50Z,26.526138,-76.983650,6.15,173.9,1,9,1.1
2024-03-24T16:39:55Z,26.525980,-76.983622,7.33,166.5,1,9,1.1
2024-03-24T16:40:00Z,26.525827,-76.983583,6.62,170.2,1,9,1.1
2024-03-24T16:40:05Z,26.525675,-76.983560,6.76,168.6,1,9,1.1
2024-03-24T16:40:10Z,26.525525,-76.983527,6.91,168.2,1,9,1.1
2024-03-24T16:40:15Z,26.525370,-76.983497,6.93,168.7,1,9,1.1
2024-03-24T16:40:20Z,26.525208,-76.983457,6.46,168.5,1,9,1.1
2024-03-24T16:40:25Z,26.525047,-76.983420,6.86,169.9,1,9,1.1
2024-03-24T16:40:30Z,26.524892,-76.983395,6.23,174.2,1,9,1.1
2024-03-24T16:40:35Z,26.524738,-76.983373,6.80,170.5,1,9,1.1
2024-03-24T16:40:45Z,26.524430,-76.983308,6.36,167.2,1,9,1.1
2024-03-24T16:40:50Z,26.524290,-76.983277,5.99,166.0,1,9,1.1
2024-03-24T16:40:55Z,26.524128,-76.983233,7.30,166.3,1,9,1.1
2024-03-24T16:41:00Z,26.523980,-76.983208,6.61,168.4,1,9,1.1
2024-03-24T16:41:05Z,26.523810,-76.983170,7.43,166.7,1,9,1.1
2024-03-24T16:41:10Z,26.523648,-76.983137,6.79,167.4,1,9,1.1
2024-03-24T16:41:20Z,26.523357,-76.983087,6.53,170.6,1,9,1.1
2024-03-24T16:41:25Z,26.523228,-76.983050,6.73,165.9,1,8,1.1
2024-03-24T16:41:30Z,26.523090,-76.983007,6.68,163.2,1,9,1.1
2024-03-24T16:41:35Z,26.522932,-76.982958,6.66,163.3,1,9,1.1
2024-03-24T16:41:40Z,26.522788,-76.982932,6.77,170.3,1,9,1.1
2024-03-24T16:41:45Z,26.522625,-76.982913,6.43,169.8,1,9,1.1
2024-03-24T16:41:55Z,26.522300,-76.982862,6.80,172.9,1,9,1.1
2024-03-24T16:42:00Z,26.522142,-76.982840,7.37,172.5,1,9,1.1
2024-03-24T16:42:05Z,26.521977,-76.982823,7.20,172.0,1,9,1.1
2024-03-24T16:42:10Z,26.521817,-76.982798,6.91,169.2,1,9,1.1
2024-03-24T16:42:15Z,26.521677,-76.982770,6.87,169.9,1,9,1.1
2024-03-24T16:42:20Z,26.521520,-76.982740,6.52,171.3,1,9,1.1
2024-03-24T16:42:30Z,26.521217,-76.982687,6.62,172.1,1,9,1.1
2024-03-24T16:42:35Z,26.521052,-76.982660,6.40,173.7,1,9,1.1
2024-03-24T16:42:40Z,26.520887,-76.982648,6.73,173.6,1,9,1.1
2024-03-24T16:42:45Z,26.520723,-76.982620,6.71,170.0,1,9,1.1
2024-03-24T16:42:50Z,26.520577,-76.982602,6.83,171.2,1,9,1.1
2024-03-24T16:42:55Z,26.520427,-76.982568,7.02,167.1,1,9,1.1
2024-03-24T16:43:00Z,26.520270,-76.982533,7.03,173.0,1,9,1.1
2024-03-24T16:43:05Z,26.520127,-76.982512,6.76,170.9,1,9,1.1
2024-03-24T16:43:10Z,26.519978,-76.982493,6.57,171.9,1,9,1.1
2024-03-24T16:43:15Z,26.519818,-76.982465,7.07,168.8,1,9,1.1
2024-03-24T16:43:20Z,26.519673,-76.982450,6.57,178.1,1,9,1.1
2024-03-24T16:43:25Z,26.519522,-76.982455,6.88,182.7,1,9,1.1
2024-03-24T16:43:30Z,26.519360,-76.982475,6.82,185.5,1,8,1.3
2024-03-24T16:43:40Z,26.519015,-76.982505,7.22,189.1,1,9,1.1
2024-03-24T16:43:45Z,26.518860,-76.982538,6.80,191.3,1,9,1.1
2024-03-24T16:43:50Z,26.518702,-76.982568,6.75,187.3,1,9,1.1
2024-03-24T16:43:55Z,26.518558,-76.982597,7.42,185.8,1,9,1.1
2024-03-24T16:44:00Z,26.518393,-76.982625,6.66,189.4,1,9,1.1
2024-03-24T16:44:05Z,26.518235,-76.982650,6.71,189.4,1,9,1.1
2024-03-24T16:44:10Z,26.518082,-76.982685,6.65,187.2,1,9,1.1
2024-03-24T16:44:15Z,26.517917,-76.982698,7.22,187.7,1,9,1.1
2024-03-24T16:44:20Z,26.517757,-76.982727,6.71,189.1,1,9,1.1
2024-03-24T16:44:25Z,26.517625,-76.982768,6.76,184.9,1,9,1.1
2024-03-24T16:44:30Z,26.517458,-76.982785,6.60,186.8,1,9,1.1
2024-03-24T16:44:35Z,26.517303,-76.982803,6.99,186.3,1,9,1.1
2024-03-24T16:44:40Z,26.517135,-76.982823,6.97,186.2,1,9,1.1
2024-03-24T16:44:50Z,26.516848,-76.982883,6.87,186.7,1,9,1.1
2024-03-24T16:44:55Z,26.516700,-76.982910,6.52,189.4,1,9,1.1
2024-03-24T16:45:00Z,26.516543,-76.982928,5.78,191.0,1,9,1.1
2024-03-24T16:45:05Z,26.516360,-76.982922,6.68,183.2,1,9,1.1
2024-03-24T16:45:10Z,26.516197,-76.982937,6.63,185.6,1,9,1.1
2024-03-24T16:45:15Z,26.516047,-76.982967,6.87,186.8,1,9,1.1
2024-03-24T16:45:25Z,26.515730,-76.983002,6.71,186.2,1,9,1.1
2024-03-24T16:45:30Z,26.515575,-76.983035,6.84,184.8,1,9,1.1
2024-03-24T16:45:35Z,26.515430,-76.983058,6.49,190.2,1,9,1.1
2024-03-24T16:45:40Z,26.515252,-76.983068,7.11,186.5,1,9,1.1
2024-03-24T16:45:45Z,26.515095,-76.983092,7.39,184.8,1,9,1.1
2024-03-24T16:45:50Z,26.514932,-76.983105,7.65,182.2,1,9,1.1
2024-03-24T16:46:00Z,26.514588,-76.983122,6.81,188.0,1,9,1.1
2024-03-24T16:46:05Z,26.514427,-76.983137,7.11,186.6,1,9,1.1
2024-03-24T16:46:10Z,26.514277,-76.983168,6.53,190.0,1,9,1.1
2024-03-24T16:46:15Z,26.514110,-76.983202,7.37,187.5,1,9,1.1
2024-03-24T16:46:20Z,26.513968,-76.983228,6.32,192.3,1,8,1.4
2024-03-24T16:46:25Z,26.513797,-76.983237,7.66,185.3,1,8,1.4
2024-03-24T16:46:35Z,26.513480,-76.983290,6.69,189.6,1,8,1.4
2024-03-24T16:46:40Z,26.513323,-76.983315,6.49,188.3,1,8,1.4
2024-03-24T16:46:45Z,26.513167,-76.983338,7.20,187.9,1,8,1.4
2024-03-24T16:46:50Z,26.513013,-76.983365,6.52,189.9,1,8,1.4
2024-03-24T16:46:55Z,26.512873,-76.983408,6.85,188.0,1,8,1.4
2024-03-24T16:47:00Z,26.512720,-76.983430,7.02,184.4,1,8,1.4
2024-03-24T16:47:10Z,26.512385,-76.983507,7.06,195.0,1,8,1.4
2024-03-24T16:47:15Z,26.512228,-76.983565,6.52,197.8,1,7,1.5
2024-03-24T16:47:20Z,26.512092,-76.983613,7.21,189.6,1,7,1.5
2024-03-24T16:47:25Z,26.511930,-76.983657,6.64,197.8,1,7,1.5
2024-03-24T16:47:30Z,26.511798,-76.983710,6.41,203.0,1,7,1.5
2024-03-24T16:47:35Z,26.511657,-76.983763,6.75,196.1,1,8,1.4
2024-03-24T16:47:45Z,26.511375,-76.983865,7.39,189.8,1,8,1.4
2024-03-24T16:47:50Z,26.511195,-76.983895,6.99,194.2,1,8,1.4
2024-03-24T16:47:55Z,26.511063,-76.983950,6.91,193.3,1,8,1.4
2024-03-24T16:48:00Z,26.510897,-76.983977,6.64,193.4,1,8,1.4
2024-03-24T16:48:05Z,26.510717,-76.984007,7.59,190.1,1,8,1.4
2024-03-24T16:48:10Z,26.510587,-76.984065,7.36,193.7,1,8,1.4
2024-03-24T16:48:20Z,26.510285,-76.984167,6.52,200.1,1,8,1.4
2024-03-24T16:48:25Z,26.510145,-76.984233,6.72,197.1,1,8,1.4
2024-03-24T16:48:30Z,26.509998,-76.984282,6.40,195.6,1,8,1.4
2024-03-24T16:48:35Z,26.509843,-76.984327,6.72,195.7,1,8,1.4
2024-03-24T16:48:40Z,26.509677,-76.984355,6.66,192.1,1,8,1.4
2024-03-24T16:48:45Z,26.509525,-76.984392,6.20,195.6,1,8,1.4
2024-03-24T16:48:55Z,26.509257,-76.984500,7.05,190.2,1,8,1.4
2024-03-24T16:49:00Z,26.509137,-76.984550,6.54,193.9,1,8,1.4
2024-03-24T16:49:05Z,26.508972,-76.984577,6.47,193.3,1,8,1.4
2024-03-24T16:49:10Z,26.508805,-76.984618,6.95,192.4,1,8,1.4
2024-03-24T16:49:15Z,26.508630,-76.984643,6.43,193.9,1,8,1.4
2024-03-24T16:49:20Z,26.508487,-76.984682,6.23,197.9,1,8,1.4
2024-03-24T16:49:30Z,26.508197,-76.984765,7.01,193.8,1,8,1.4
2024-03-24T16:49:35Z,26.508048,-76.984803,6.75,189.2,1,8,1.4
2024-03-24T16:49:40Z,26.507875,-76.984833,6.81,195.8,1,8,1.4
2024-03-24T16:49:45Z,26.507710,-76.984868,6.78,190.9,1,8,1.4
2024-03-24T16:49:50Z,26.507565,-76.984917,6.67,195.5,1,8,1.4
2024-03-24T16:49:55Z,26.507418,-76.984978,6.87,193.6,1,8,1.4
2024-03-24T16:50:05Z,26.507108,-76.985072,6.36,197.6,1,8,1.4
2024-03-24T16:50:10Z,26.506958,-76.985120,6.56,194.6,1,8,1.4
2024-03-24T16:50:15Z,26.506803,-76.985163,6.84,196.0,1,8,1.4
2024-03-24T16:50:20Z,26.506637,-76.985205,6.66,195.4,1,8,1.4
2024-03-24T16:50:25Z,26.506505,-76.985262,6.65,195.6,1,8,1.4
2024-03-24T16:50:30Z,26.506363,-76.985315,6.60,198.6,1,8,1.4
2024-03-24T16:50:40Z,26.506070,-76.985445,5.80,216.0,1,8,1.4
2024-03-24T16:50:45Z,26.505948,-76.985552,6.26,211.9,1,8,1.4
2024-03-24T16:50:50Z,26.505828,-76.985635,6.84,211.5,1,8,1.4
2024-03-24T16:50:55Z,26.505717,-76.985743,6.29,217.7,1,7,1.4
2024-03-24T16:51:00Z,26.505613,-76.985830,6.18,210.7,1,8,1.4
2024-03-24T16:51:05Z,26.505485,-76.985905,6.10,214.0,1,8,1.4
2024-03-24T16:51:15Z,26.505218,-76.986060,6.23,208.2,1,8,1.4
2024-03-24T16:51:20Z,26.505093,-76.986152,5.62,212.9,1,8,1.4
2024-03-24T16:51:25Z,26.504990,-76.986245,6.01,209.6,1,8,1.4
2024-03-24T16:51:30Z,26.504857,-76.986332,6.49,211.8,1,8,1.4
2024-03-24T16:51:35Z,26.504760,-76.986420,6.29,207.9,1,8,1.4
2024-03-24T16:51:40Z,26.504618,-76.986500,6.76,207.5,1,8,1.4
2024-03-24T16:51:50Z,26.504353,-76.986637,6.82,198.3,1,8,1.4
2024-03-24T16:51:55Z,26.504235,-76.986732,5.88,211.6,1,8,1.4
2024-03-24T16:52:00Z,26.504135,-76.986852,6.25,215.6,1,8,1.4
2024-03-24T16:52:05Z,26.503978,-76.986928,6.67,205.9,1,8,1.4
2024-03-24T16:52:10Z,26.503873,-76.987015,5.91,221.3,1,8,1.4
2024-03-24T16:52:15Z,26.503762,-76.987090,6.38,211.1,1,8,1.4
2024-03-24T16:52:25Z,26.503513,-76.987252,6.30,207.3,1,8,1.4
2024-03-24T16:52:30Z,26.503375,-76.987317,5.82,216.9,1,7,1.4
2024-03-24T16:52:35Z,26.503262,-76.987397,6.39,200.2,1,8,1.4
2024-03-24T16:52:40Z,26.503147,-76.987470,5.17,210.2,1,7,1.5
2024-03-24T16:52:45Z,26.503038,-76.987532,5.77,203.1,1,7,1.5
2024-03-24T16:52:50Z,26.502893,-76.987578,5.77,202.5,1,7,1.5
2024-03-24T16:53:00Z,26.502662,-76.987652,4.49,183.5,1,7,1.5
2024-03-24T16:53:05Z,26.502547,-76.987645,4.28,179.6,1,8,1.4
2024-03-24T16:53:10Z,26.502443,-76.987642,4.52,173.3,1,8,1.4
2024-03-24T16:53:15Z,26.502338,-76.987615,3.80,176.6,1,8,1.4
2024-03-24T16:53:20Z,26.502270,-76.987590,2.94,165.1,1,8,1.4
2024-03-24T16:53:25Z,26.502238,-76.987558,2.42,151.6,1,8,1.4
2024-03-24T16:53:35Z,26.502133,-76.987493,2.95,147.9,1,7,2.1
2024-03-24T16:53:40Z,26.502092,-76.987458,1.88,159.6,1,8,1.4
2024-03-24T16:53:45Z,26.502032,-76.987427,3.12,153.7,1,8,1.4
2024-03-24T16:53:50Z,26.502010,-76.987397,1.46,123.3,1,8,1.4
2024-03-24T16:53:55Z,26.501975,-76.987373,2.01,135.7,1,8,1.4
2024-03-24T16:54:00Z,26.501963,-76.987350,1.09,100.8,1,8,1.4
2024-03-24T16:54:10Z,26.501912,-76.987295,1.59,143.7,1,8,1.4
2024-03-24T16:54:15Z,26.501888,-76.987273,0.66,161.4,1,8,1.4
2024-03-24T16:54:20Z,26.501880,-76.987255,0.57,175.6,1,8,1.4
2024-03-24T16:54:25Z,26.501832,-76.987257,0.38,187.5,1,8,1.4
2024-03-24T16:54:30Z,26.501815,-76.987267,1.34,321.4,1,8,1.4
2024-03-24T16:54:35Z,26.501850,-76.987298,0.82,331.3,1,8,1.4
2024-03-24T16:54:45Z,26.501830,-76.987293,0.56,129.3,1,8,1.4
2024-03-24T16:54:50Z,26.501837,-76.987317,1.17,313.3,1,8,1.4
2024-03-24T16:54:55Z,26.501837,-76.987327,1.01,181.9,1,8,1.4
2024-03-24T16:55:00Z,26.501803,-76.987312,1.05,161.4,1,8,1.4
2024-03-24T16:55:05Z,26.501802,-76.987322,0.80,205.8,1,8,1.4
2024-03-24T16:55:10Z,26.501817,-76.987335,0.57,244.3,1,8,1.4
2024-03-24T16:55:20Z,26.501812,-76.987307,0.69,117.4,1,8,1.4
2024-03-24T16:55:25Z,26.501852,-76.987312,1.81,3.7,1,8,1.4
2024-03-24T16:55:30Z,26.501847,-76.987285,0.92,2.0,1,8,1.4
2024-03-24T16:55:35Z,26.501888,-76.987312,1.69,334.0,1,8,1.4
2024-03-24T16:55:40Z,26.501922,-76.987322,0.77,324.2,1,8,1.4
2024-03-24T16:55:45Z,26.501962,-76.987362,1.70,308.3,1,8,1.4
2024-03-24T16:55:55Z,26.502003,-76.987432,0.72,205.4,1,8,1.4
2024-03-24T16:56:00Z,26.501988,-76.987463,0.76,247.0,1,8,1.4
2024-03-24T16:56:05Z,26.501957,-76.987480,0.53,280.2,1,8,1.4
2024-03-24T16:56:10Z,26.501972,-76.987495,0.26,296.0,1,8,1.4
2024-03-24T16:56:15Z,26.501983,-76.987505,1.04,336.4,1,8,1.4
2024-03-24T16:56:20Z,26.501978,-76.987512,0.44,182.6,1,8,1.4
2024-03-24T16:56:30Z,26.501990,-76.987502,0.38,160.9,1,8,1.4
2024-03-24T16:56:35Z,26.501967,-76.987492,0.56,171.4,1,8,1.4
2024-03-24T16:56:40Z,26.501957,-76.987493,0.61,199.6,1,8,1.4
2024-03-24T16:56:45Z,26.501965,-76.987522,0.39,236.4,1,8,1.4
2024-03-24T16:56:50Z,26.501945,-76.987513,0.76,169.5,1,7,1.7
2024-03-24T16:56:55Z,26.501923,-76.987503,0.66,167.6,1,7,1.7
2024-03-24T16:57:00Z,26.501900,-76.987495,0.72,168.8,1,7,1.7
2024-03-24T16:57:05Z,26.501878,-76.987488,0.70,174.1,1,8,1.4
2024-03-24T16:57:10Z,26.501878,-76.987495,0.75,219.6,1,8,1.4
2024-03-24T16:57:15Z,26.501878,-76.987483,0.64,71.9,1,8,1.4
2024-03-24T16:57:20Z,26.501892,-76.987490,0.21,115.6,1,9,1.0
2024-03-24T16:57:25Z,26.501868,-76.987473,1.40,158.4,1,8,1.0
2024-03-24T16:57:35Z,26.501858,-76.987475,0.45,190.3,1,8,1.0
2024-03-24T16:57:40Z,26.501862,-76.987480,0.52,131.3,1,9,1.0
2024-03-24T16:57:45Z,26.501828,-76.987485,0.69,143.0,1,9,1.0
2024-03-24T16:57:50Z,26.501820,-76.987497,0.40,229.0,1,9,1.0
2024-03-24T16:57:55Z,26.501812,-76.987490,0.23,113.0,1,9,1.0
2024-03-24T16:58:00Z,26.501818,-76.987498,0.10,173.4,1,9,1.0
2024-03-24T16:58:10Z,26.501790,-76.987512,1.16,251.7,1,9,1.0
2024-03-24T16:58:15Z,26.501770,-76.987532,0.27,286.6,1,8,1.2
2024-03-24T16:58:20Z,26.501757,-76.987532,0.37,179.3,1,8,1.2
2024-03-24T16:58:25Z,26.501750,-76.987535,0.49,178.7,1,8,1.2
2024-03-24T16:58:30Z,26.501732,-76.987533,0.53,274.0,1,8,1.2
2024-03-24T16:58:35Z,26.501737,-76.987522,0.36,203.3,1,8,1.2
2024-03-24T16:58:45Z,26.501712,-76.987522,0.52,327.4,1,9,1.0
2024-03-24T16:58:50Z,26.501710,-76.987540,0.52,336.3,1,9,1.0
2024-03-24T16:58:55Z,26.501707,-76.987532,0.85,161.6,1,8,1.4
2024-03-24T16:59:00Z,26.501697,-76.987525,0.30,132.6,1,8,1.4
2024-03-24T16:59:05Z,26.501710,-76.987530,0.47,3.6,1,9,1.0
2024-03-24T16:59:10Z,26.501722,-76.987535,0.15,158.1,1,9,1.0
2024-03-24T16:59:20Z,26.501715,-76.987528,0.11,171.8,1,9,1.0
2024-03-24T16:59:25Z,26.501718,-76.987523,0.05,107.5,1,9,1.0
2024-03-24T16:59:30Z,26.501728,-76.987525,0.24,40.9,1,9,1.0
2024-03-24T16:59:35Z,26.501727,-76.987522,0.32,143.7,1,9,1.0
2024-03-24T16:59:40Z,26.501717,-76.987512,0.23,46.3,1,9,1.0
2024-03-24T16:59:45Z,26.501715,-76.987503,0.64,181.4,1,9,1.0
2024-03-24T16:59:55Z,26.501705,-76.987482,0.84,151.2,1,8,1.2
2024-03-24T17:00:00Z,26.501720,-76.987493,0.45,340.6,1,9,1.0
2024-03-24T17:00:05Z,26.501705,-76.987488,0.74,136.7,1,9,1.0
2024-03-24T17:00:10Z,26.501692,-76.987495,0.44,39.3,1,9,1.0
2024-03-24T17:00:15Z,26.501688,-76.987485,0.51,120.6,1,9,1.0
2024-03-24T17:00:20Z,26.501708,-76.987502,0.40,332.1,1,9,1.0
2024-03-24T17:00:30Z,26.501720,-76.987508,0.51,29.2,1,9,1.0
2024-03-24T17:00:35Z,26.501705,-76.987500,0.18,183.3,1,9,1.0
2024-03-24T17:00:40Z,26.501702,-76.987497,0.38,330.9,1,9,1.0
2024-03-24T17:00:45Z,26.501733,-76.987513,0.25,27.0,1,9,1.0
2024-03-24T17:00:50Z,26.501722,-76.987512,1.04,161.0,1,9,1.0
2024-03-24T17:00:55Z,26.501725,-76.987507,0.30,25.0,1,9,1.0
2024-03-24T17:01:00Z,26.501723,-76.987500,0.36,10.1,1,9,1.0
2024-03-24T17:01:05Z,26.501723,-76.987503,0.52,336.2,1,9,1.0
2024-03-24T17:01:10Z,26.501740,-76.987503,0.67,360.0,1,9,1.0
2024-03-24T17:01:15Z,26.501735,-76.987497,1.85,0.2,1,9,1.0
2024-03-24T17:01:20Z,26.501752,-76.987500,0.18,357.6,1,9,1.0
2024-03-24T17:01:25Z,26.501738,-76.987495,0.21,312.8,1,9,1.0
2024-03-24T17:01:30Z,26.501730,-76.987487,0.35,69.9,1,8,1.4
2024-03-24T17:01:40Z,26.501717,-76.987495,0.61,141.5,1,9,1.0
2024-03-24T17:01:45Z,26.501730,-76.987498,0.97,333.2,1,9,1.0
2024-03-24T17:01:50Z,26.501732,-76.987503,0.72,149.5,1,9,1.0
2024-03-24T17:01:55Z,26.501730,-76.987508,0.94,341.9,1,9,1.0
2024-03-24T17:02:00Z,26.501717,-76.987523,0.23,87.9,1,8,1.4
2024-03-24T17:02:05Z,26.501697,-76.987517,0.52,344.3,1,8,1.4
2024-03-24T17:02:15Z,26.501700,-76.987507,0.64,344.1,1,9,1.0
2024-03-24T17:02:20Z,26.501725,-76.987507,0.48,138.2,1,9,1.0
2024-03-24T17:02:25Z,26.501732,-76.987518,0.32,147.8,1,9,1.0
2024-03-24T17:02:30Z,26.501735,-76.987515,0.61,16.8,1,9,1.0
2024-03-24T17:02:35Z,26.501738,-76.987522,0.07,174.8,1,8,1.4
2024-03-24T17:02:40Z,26.501722,-76.987513,0.50,130.1,1,9,1.0
2024-03-24T17:02:50Z,26.501738,-76.987533,0.56,354.3,1,9,1.0
2024-03-24T17:02:55Z,26.501745,-76.987527,0.48,45.3,1,9,1.0
2024-03-24T17:03:00Z,26.501745,-76.987527,0.14,324.7,1,9,1.0
2024-03-24T17:03:05Z,26.501742,-76.987522,0.30,147.6,1,9,1.0
2024-03-24T17:03:10Z,26.501733,-76.987520,0.12,337.6,1,9,1.0
2024-03-24T17:03:15Z,26.501728,-76.987515,0.24,279.2,1,9,1.0
2024-03-24T17:03:20Z,26.501703,-76.987512,0.27,213.7,1,9,1.0
2024-03-24T17:03:25Z,26.501718,-76.987523,0.29,51.3,1,9,1.0
2024-03-24T17:03:30Z,26.501728,-76.987520,0.53,5.4,1,9,1.0
2024-03-24T17:03:35Z,26.501730,-76.987510,0.32,176.9,1,8,1.4
2024-03-24T17:03:40Z,26.501700,-76.987488,0.19,123.7,1,9,1.0
2024-03-24T17:03:45Z,26.501697,-76.987493,0.08,144.2,1,9,1.0
2024-03-24T17:03:50Z,26.501695,-76.987497,0.23,79.9,1,9,1.0
2024-03-24T17:04:00Z,26.501698,-76.987478,0.58,15.1,1,9,1.0
2024-03-24T17:04:05Z,26.501692,-76.987475,0.24,126.0,1,9,1.0
2024-03-24T17:04:10Z,26.501678,-76.987460,1.23,155.4,1,9,1.0
2024-03-24T17:04:15Z,26.501692,-76.987462,0.22,180.2,1,8,1.2
2024-03-24T17:04:20Z,26.501707,-76.987465,0.39,352.1,1,9,1.0
2024-03-24T17:04:25Z,26.501710,-76.987463,0.62,169.4,1,9,1.0
2024-03-24T17:04:35Z,26.501712,-76.987465,0.31,184.4,1,9,1.0
2024-03-24T17:04:40Z,26.501707,-76.987467,0.20,326.4,1,9,1.0
2024-03-24T17:04:45Z,26.501703,-76.987463,0.17,126.2,1,9,1.0
2024-03-24T17:04:50Z,26.501698,-76.987472,0.08,145.3,1,9,1.0
2024-03-24T17:04:55Z,26.501693,-76.987465,0.22,63.6,1,9,1.0
2024-03-24T17:05:00Z,26.501695,-76.987467,0.60,153.3,1,9,1.0
2024-03-24T17:05:05Z,26.501697,-76.987470,0.48,335.9,1,9,1.0
2024-03-24T17:05:10Z,26.501685,-76.987470,1.36,154.7,1,9,1.0
2024-03-24T17:05:15Z,26.501673,-76.987470,0.38,121.6,1,9,1.0
2024-03-24T17:05:20Z,26.501672,-76.987455,0.35,27.9,1,9,1.0
2024-03-24T17:05:25Z,26.501677,-76.987463,0.21,161.4,1,8,1.4
2024-03-24T17:05:30Z,26.501670,-76.987468,0.37,171.1,1,8,1.4
2024-03-24T17:05:35Z,26.501705,-76.987473,0.23,72.0,1,8,1.4
2024-03-24T17:05:45Z,26.501720,-76.987470,0.20,62.8,1,9,1.0
2024-03-24T17:05:50Z,26.501710,-76.987463,0.29,140.6,1,9,1.0
2024-03-24T17:05:55Z,26.501712,-76.987463,0.63,358.6,1,9,1.0
2024-03-24T17:06:00Z,26.501712,-76.987465,0.14,339.0,1,9,1.0
2024-03-24T17:06:05Z,26.501698,-76.987462,0.32,146.5,1,8,1.4
2024-03-24T17:06:10Z,26.501692,-76.987462,0.08,252.1,1,8,1.4
2024-03-24T17:06:20Z,26.501697,-76.987475,0.57,130.9,1,9,1.0
2024-03-24T17:06:25Z,26.501692,-76.987460,0.74,132.3,1,9,1.0
2024-03-24T17:06:30Z,26.501682,-76.987458,0.15,335.4,1,9,1.0
2024-03-24T17:06:35Z,26.501683,-76.987467,0.27,127.7,1,9,1.0
2024-03-24T17:06:40Z,26.501685,-76.987452,0.36,68.7,1,9,1.0
2024-03-24T17:06:45Z,26.501677,-76.987450,0.10,215.3,1,8,1.4
2024-03-24T17:06:55Z,26.501678,-76.987483,0.91,158.1,1,9,1.0
2024-03-24T17:07:00Z,26.501687,-76.987498,0.26,174.6,1,9,1.0
2024-03-24T17:07:05Z,26.501688,-76.987497,0.53,287.8,1,9,1.0
2024-03-24T17:07:10Z,26.501692,-76.987498,0.35,163.4,1,9,1.0
2024-03-24T17:07:15Z,26.501687,-76.987478,0.57,140.4,1,9,1.0
2024-03-24T17:07:20Z,26.501688,-76.987467,0.64,144.2,1,9,1.0
2024-03-24T17:07:30Z,26.501717,-76.987473,0.72,144.1,1,9,1.0
2024-03-24T17:07:35Z,26.501723,-76.987478,0.68,168.2,1,9,1.0
2024-03-24T17:07:40Z,26.501723,-76.987487,0.50,151.3,1,9,1.0
2024-03-24T17:07:45Z,26.501705,-76.987478,0.67,155.4,1,9,1.0
2024-03-24T17:07:50Z,26.501695,-76.987475,0.43,158.1,1,9,1.0
2024-03-24T17:07:55Z,26.501688,-76.987475,0.58,159.1,1,9,1.0
2024-03-24T17:08:05Z,26.501693,-76.987483,0.35,325.3,1,8,1.4
2024-03-24T17:08:10Z,26.501683,-76.987468,0.75,138.7,1,8,1.4
2024-03-24T17:08:15Z,26.501712,-76.987487,0.19,4.0,1,8,1.4
2024-03-24T17:08:20Z,26.501715,-76.987490,0.21,208.1,1,8,1.4
2024-03-24T17:08:25Z,26.501722,-76.987493,0.21,29.1,1,8,1.0
2024-03-24T17:08:30Z,26.501723,-76.987493,0.41,16.8,1,9,1.0
2024-03-24T17:08:40Z,26.501700,-76.987487,1.16,160.0,1,9,1.0
2024-03-24T17:08:45Z,26.501697,-76.987477,0.12,86.7,1,9,1.0
2024-03-24T17:08:50Z,26.501687,-76.987475,1.24,151.5,1,9,1.0
2024-03-24T17:08:55Z,26.501678,-76.987467,0.16,275.9,1,9,1.0
2024-03-24T17:09:00Z,26.501687,-76.987473,0.35,122.7,1,8,1.4
2024-03-24T17:09:05Z,26.501683,-76.987478,0.30,197.3,1,8,1.4
2024-03-24T17:09:15Z,26.501697,-76.987475,0.78,114.9,1,9,1.0
2024-03-24T17:09:20Z,26.501685,-76.987457,0.40,117.4,1,9,1.0
2024-03-24T17:09:25Z,26.501672,-76.987462,0.81,162.0,1,8,1.4
2024-03-24T17:09:30Z,26.501682,-76.987472,0.14,27.2,1,8,1.4
2024-03-24T17:09:35Z,26.501678,-76.987472,0.54,157.8,1,9,1.0
2024-03-24T17:09:40Z,26.501663,-76.987470,1.23,152.1,1,9,1.0
2024-03-24T17:09:50Z,26.501662,-76.987457,0.61,179.9,1,8,1.3
2024-03-24T17:09:55Z,26.501675,-76.987458,0.28,150.6,1,8,1.3
2024-03-24T17:10:00Z,26.501698,-76.987458,0.22,140.8,1,8,1.3
2024-03-24T17:10:05Z,26.501690,-76.987455,0.53,177.0,1,8,1.3
2024-03-24T17:10:10Z,26.501700,-76.987468,0.49,154.6,1,8,1.3
2024-03-24T17:10:15Z,26.501698,-76.987478,0.34,206.7,1,8,1.3
2024-03-24T17:10:25Z,26.501693,-76.987483,0.89,154.7,1,8,1.3
2024-03-24T17:10:30Z,26.501693,-76.987485,0.36,323.5,1,8,1.3
2024-03-24T17:10:35Z,26.501698,-76.987487,0.63,111.7,1,8,1.3
2024-03-24T17:10:40Z,26.501705,-76.987488,0.13,190.4,1,9,1.0
2024-03-24T17:10:45Z,26.501702,-76.987482,0.23,127.8,1,9,1.0
2024-03-24T17:10:50Z,26.501695,-76.987483,0.36,209.2,1,9,1.0
2024-03-24T17:11:00Z,26.501698,-76.987480,0.29,72.6,1,9,1.0
2024-03-24T17:11:05Z,26.501690,-76.987472,0.28,160.9,1,9,1.0
2024-03-24T17:11:10Z,26.501693,-76.987468,0.29,22.4,1,9,1.0
2024-03-24T17:11:15Z,26.501693,-76.987473,0.31,332.0,1,9,1.0
2024-03-24T17:11:20Z,26.501692,-76.987478,0.37,136.2,1,9,1.0
2024-03-24T17:11:25Z,26.501693,-76.987478,0.14,127.2,1,8,1.3
2024-03-24T17:11:35Z,26.501703,-76.987490,0.42,79.0,1,9,1.0
2024-03-24T17:11:40Z,26.501698,-76.987480,0.17,333.6,1,9,1.0
2024-03-24T17:11:45Z,26.501690,-76.987485,0.39,150.9,1,9,1.0
2024-03-24T17:11:50Z,26.501687,-76.987470,0.66,113.0,1,9,1.0
2024-03-24T17:11:55Z,26.501678,-76.987462,0.46,103.9,1,9,1.0
2024-03-24T17:12:00Z,26.501687,-76.987472,0.43,345.6,1,9,1.0
2024-03-24T17:12:05Z,26.501697,-76.987468,0.42,155.8,1,9,1.0
2024-03-24T17:12:10Z,26.501687,-76.987462,0.27,158.7,1,9,1.0
2024-03-24T17:12:15Z,26.501693,-76.987463,0.13,155.8,1,9,1.0
2024-03-24T17:12:20Z,26.501708,-76.987470,0.24,175.8,1,9,1.0
2024-03-24T17:12:25Z,26.501708,-76.987472,0.01,128.8,1,9,1.0
2024-03-24T17:12:30Z,26.501707,-76.987467,0.44,126.9,1,9,1.0
2024-03-24T17:12:35Z,26.501707,-76.987465,0.83,308.3,1,9,1.0
2024-03-24T17:12:45Z,26.501687,-76.987453,0.83,144.8,1,9,1.0
2024-03-24T17:12:50Z,26.501675,-76.987448,0.73,157.3,1,9,1.0
2024-03-24T17:12:55Z,26.501675,-76.987452,0.38,193.3,1,9,1.0
2024-03-24T17:13:00Z,26.501668,-76.987445,0.70,123.6,1,9,1.0
2024-03-24T17:13:05Z,26.501677,-76.987442,0.05,293.6,1,9,1.0
2024-03-24T17:13:10Z,26.501675,-76.987447,0.07,240.3,1,9,1.0
2024-03-24T17:13:15Z,26.501677,-76.987445,0.15,284.1,1,9,1.0
2024-03-24T17:13:20Z,26.501682,-76.987448,0.21,258.8,1,9,1.0
2024-03-24T17:13:25Z,26.501697,-76.987458,0.27,289.6,1,7,1.4
2024-03-24T17:13:30Z,26.501703,-76.987462,0.36,115.6,1,8,1.3
2024-03-24T17:13:35Z,26.501695,-76.987458,0.15,13.4,1,8,1.0
2024-03-24T17:13:40Z,26.501695,-76.987450,0.48,105.4,1,8,1.3
2024-03-24T17:13:45Z,26.501703,-76.987452,0.07,250.7,1,7,1.4
2024-03-24T17:13:55Z,26.501713,-76.987475,0.13,22.8,1,7,1.4
2024-03-24T17:14:00Z,26.501707,-76.987475,0.84,146.1,1,8,1.0
2024-03-24T17:14:05Z,26.501700,-76.987483,0.25,262.8,1,9,1.0
2024-03-24T17:14:10Z,26.501703,-76.987477,0.62,120.1,1,9,1.0
2024-03-24T17:14:15Z,26.501687,-76.987482,0.49,270.3,1,8,1.0
2024-03-24T17:14:20Z,26.501695,-76.987497,0.32,304.3,1,9,1.0
2024-03-24T17:14:30Z,26.501703,-76.987490,0.12,286.6,1,8,1.3
2024-03-24T17:14:35Z,26.501697,-76.987477,0.66,127.3,1,8,1.3
2024-03-24T17:14:40Z,26.501703,-76.987468,0.85,147.8,1,7,1.4
2024-03-24T17:14:45Z,26.501692,-76.987460,0.61,155.6,1,8,1.0
2024-03-24T17:14:50Z,26.501705,-76.987468,0.41,144.1,1,8,1.0
2024-03-24T17:14:55Z,26.501707,-76.987475,0.09,131.0,1,8,1.0
2024-03-24T17:15:00Z,26.501708,-76.987478,0.26,114.4,1,9,1.0
2024-03-24T17:15:05Z,26.501708,-76.987480,0.12,130.8,1,8,1.0
2024-03-24T17:15:10Z,26.501705,-76.987478,0.51,143.7,1,8,1.0
2024-03-24T17:15:15Z,26.501710,-76.987475,0.06,21.1,1,8,1.3
2024-03-24T17:15:20Z,26.501700,-76.987475,0.60,163.5,1,7,1.4
2024-03-24T17:15:25Z,26.501738,-76.987500,0.37,261.8,1,8,1.3
2024-03-24T17:15:35Z,26.501720,-76.987502,0.84,319.1,1,9,1.0
2024-03-24T17:15:40Z,26.501718,-76.987492,0.24,305.7,1,9,1.0
2024-03-24T17:15:45Z,26.501705,-76.987490,0.15,304.6,1,8,1.0
2024-03-24T17:15:50Z,26.501700,-76.987493,0.60,145.2,1,7,1.4
2024-03-24T17:15:55Z,26.501710,-76.987475,0.40,349.0,1,8,1.3
2024-03-24T17:16:00Z,26.501717,-76.987475,0.14,119.8,1,7,1.4
2024-03-24T17:16:10Z,26.501710,-76.987470,0.24,200.6,1,8,1.3
2024-03-24T17:16:15Z,26.501725,-76.987485,0.23,0.7,1,8,1.0
2024-03-24T17:16:20Z,26.501727,-76.987487,0.17,154.2,1,8,1.0
2024-03-24T17:16:25Z,26.501710,-76.987488,0.30,302.4,1,9,1.0
2024-03-24T17:16:30Z,26.501697,-76.987475,0.32,69.4,1,8,1.0
2024-03-24T17:16:40Z,26.501685,-76.987477,0.88,160.0,1,9,1.0
2024-03-24T17:16:45Z,26.501673,-76.987467,0.47,175.3,1,9,1.0
2024-03-24T17:16:50Z,26.501672,-76.987470,0.13,185.0,1,9,1.0
2024-03-24T17:16:55Z,26.501678,-76.987468,0.32,175.1,1,8,1.0
2024-03-24T17:17:00Z,26.501690,-76.987465,0.19,17.4,1,8,1.0
2024-03-24T17:17:05Z,26.501697,-76.987473,0.19,261.4,1,9,1.0
2024-03-24T17:17:15Z,26.501700,-76.987468,0.42,152.3,1,8,1.0
2024-03-24T17:17:20Z,26.501703,-76.987453,0.38,344.8,1,9,1.0
2024-03-24T17:17:25Z,26.501698,-76.987462,0.58,327.3,1,9,1.0
2024-03-24T17:17:30Z,26.501708,-76.987470,0.24,310.7,1,9,1.0
2024-03-24T17:17:35Z,26.501712,-76.987477,0.21,352.3,1,9,1.0
2024-03-24T17:17:40Z,26.501702,-76.987472,0.22,160.0,1,9,1.0
2024-03-24T17:17:50Z,26.501698,-76.987472,0.36,240.5,1,9,1.0
2024-03-24T17:17:55Z,26.501698,-76.987473,0.30,220.9,1,9,1.0
2024-03-24T17:18:00Z,26.501700,-76.987468,0.69,143.8,1,9,1.0
2024-03-24T17:18:05Z,26.501702,-76.987465,0.47,336.0,1,9,1.0
2024-03-24T17:18:10Z,26.501707,-76.987468,0.05,224.3,1,9,1.0
2024-03-24T17:18:15Z,26.501708,-76.987472,0.34,165.2,1,9,1.0
2024-03-24T17:18:25Z,26.501693,-76.987460,0.12,49.5,1,9,1.0
2024-03-24T17:18:30Z,26.501697,-76.987460,0.14,354.6,1,9,1.0
2024-03-24T17:18:35Z,26.501695,-76.987457,0.50,319.7,1,9,1.0
2024-03-24T17:18:40Z,26.501708,-76.987465,0.05,325.5,1,8,1.3
2024-03-24T17:18:45Z,26.501707,-76.987465,0.22,328.6,1,8,1.3
2024-03-24T17:18:50Z,26.501707,-76.987462,0.47,170.1,1,8,1.3
2024-03-24T17:19:00Z,26.501703,-76.987450,0.61,169.8,1,9,1.0
2024-03-24T17:19:05Z,26.501693,-76.987437,0.48,164.1,1,9,1.0
2024-03-24T17:19:10Z,26.501702,-76.987445,0.09,83.0,1,8,1.3
2024-03-24T17:19:15Z,26.501693,-76.987442,0.04,302.1,1,8,1.3
2024-03-24T17:19:20Z,26.501683,-76.987443,0.19,338.9,1,8,1.3
2024-03-24T17:19:25Z,26.501677,-76.987452,0.14,279.1,1,8,1.3
2024-03-24T17:19:35Z,26.501673,-76.987445,0.22,131.3,1,8,1.3
2024-03-24T17:19:40Z,26.501670,-76.987447,0.21,348.9,1,8,1.3
2024-03-24T17:19:45Z,26.501687,-76.987458,0.07,312.2,1,9,1.0
2024-03-24T17:19:50Z,26.501707,-76.987468,0.71,152.1,1,8,1.3
2024-03-24T17:19:55Z,26.501715,-76.987465,0.49,320.1,1,8,1.3
2024-03-24T17:20:00Z,26.501708,-76.987470,0.03,284.2,1,8,1.3
2024-03-24T17:20:10Z,26.501705,-76.987460,0.29,328.1,1,8,1.3
2024-03-24T17:20:15Z,26.501708,-76.987470,0.22,300.8,1,9,1.0
2024-03-24T17:20:20Z,26.501708,-76.987468,0.38,315.7,1,9,1.0
2024-03-24T17:20:25Z,26.501708,-76.987462,0.50,207.1,1,9,1.0
2024-03-24T17:20:30Z,26.501705,-76.987467,0.17,208.4,1,9,1.0
2024-03-24T17:20:35Z,26.501697,-76.987467,0.81,153.5,1,9,1.0
2024-03-24T17:20:45Z,26.501700,-76.987470,0.63,149.5,1,9,1.0
2024-03-24T17:20:50Z,26.501703,-76.987463,0.37,150.2,1,9,1.0
2024-03-24T17:20:55Z,26.501700,-76.987463,0.18,100.3,1,9,1.0
2024-03-24T17:21:00Z,26.501698,-76.987447,0.36,125.3,1,9,1.0
2024-03-24T17:21:05Z,26.501698,-76.987460,0.08,16.0,1,9,1.0
2024-03-24T17:21:10Z,26.501710,-76.987467,0.19,298.2,1,9,1.0
2024-03-24T17:21:20Z,26.501705,-76.987458,0.33,346.1,1,9,1.0
2024-03-24T17:21:25Z,26.501710,-76.987453,0.05,86.0,1,9,1.0
2024-03-24T17:21:30Z,26.501713,-76.987452,0.48,335.2,1,9,1.0
2024-03-24T17:21:35Z,26.501697,-76.987437,0.45,121.0,1,9,1.0
2024-03-24T17:21:40Z,26.501680,-76.987437,0.97,137.9,1,9,1.0
2024-03-24T17:21:45Z,26.501670,-76.987433,0.74,115.1,1,9,1.0
2024-03-24T17:21:55Z,26.501682,-76.987430,0.11,212.6,1,9,1.0
2024-03-24T17:22:00Z,26.501683,-76.987435,0.39,138.1,1,9,1.0
2024-03-24T17:22:05Z,26.501687,-76.987447,0.18,94.8,1,9,1.0
2024-03-24T17:22:10Z,26.501692,-76.987452,0.03,354.3,1,9,1.0
2024-03-24T17:22:15Z,26.501697,-76.987457,0.50,144.9,1,9,1.0
2024-03-24T17:22:20Z,26.501700,-76.987455,0.28,90.0,1,9,1.0
2024-03-24T17:22:30Z,26.501697,-76.987450,0.65,143.2,1,9,1.0
2024-03-24T17:22:35Z,26.501698,-76.987462,0.43,217.4,1,9,1.0
2024-03-24T17:22:40Z,26.501702,-76.987458,0.19,164.9,1,9,1.0
2024-03-24T17:22:45Z,26.501697,-76.987463,0.10,119.3,1,9,1.0
2024-03-24T17:22:50Z,26.501688,-76.987458,0.18,175.2,1,9,1.0
2024-03-24T17:22:55Z,26.501698,-76.987455,0.13,285.0,1,9,1.0
2024-03-24T17:23:05Z,26.501697,-76.987443,0.15,248.7,1,8,1.3
2024-03-24T17:23:10Z,26.501707,-76.987448,0.08,81.7,1,9,1.0
2024-03-24T17:23:15Z,26.501705,-76.987448,0.11,130.3,1,9,1.0
2024-03-24T17:23:20Z,26.501703,-76.987452,0.26,143.2,1,9,1.0
2024-03-24T17:23:25Z,26.501707,-76.987460,0.21,151.4,1,9,1.0
2024-03-24T17:23:30Z,26.501713,-76.987462,0.09,63.0,1,9,1.0
2024-03-24T17:23:40Z,26.501702,-76.987462,0.27,171.8,1,9,1.0
2024-03-24T17:23:45Z,26.501702,-76.987457,0.44,337.9,1,9,1.0
2024-03-24T17:23:50Z,26.501703,-76.987460,0.61,159.7,1,9,1.0
2024-03-24T17:23:55Z,26.501707,-76.987463,0.18,286.1,1,8,1.1
2024-03-24T17:24:00Z,26.501727,-76.987472,0.58,357.2,1,8,1.1
2024-03-24T17:24:05Z,26.501730,-76.987473,0.49,335.5,1,8,1.1
2024-03-24T17:24:15Z,26.501737,-76.987462,0.38,166.0,1,8,1.1
2024-03-24T17:24:20Z,26.501715,-76.987457,0.62,135.6,1,8,1.1
2024-03-24T17:24:25Z,26.501708,-76.987460,0.37,231.7,1,8,1.1
2024-03-24T17:24:30Z,26.501707,-76.987470,0.16,85.3,1,8,1.1
2024-03-24T17:24:35Z,26.501700,-76.987473,0.47,189.1,1,8,1.1
2024-03-24T17:24:40Z,26.501702,-76.987472,0.38,171.4,1,8,1.1
2024-03-24T17:24:50Z,26.501700,-76.987470,0.52,178.6,1,8,1.0
2024-03-24T17:24:55Z,26.501707,-76.987482,0.18,244.2,1,9,1.0
2024-03-24T17:25:00Z,26.501712,-76.987490,0.25,12.7,1,9,1.0
2024-03-24T17:25:05Z,26.501715,-76.987497,0.41,139.7,1,9,1.0
2024-03-24T17:25:10Z,26.501713,-76.987482,0.17,116.4,1,9,1.0
2024-03-24T17:25:15Z,26.501697,-76.987475,0.20,163.3,1,8,1.2
2024-03-24T17:25:25Z,26.501700,-76.987473,0.16,18.4,1,8,1.2
2024-03-24T17:25:30Z,26.501703,-76.987478,0.32,339.8,1,8,1.2
2024-03-24T17:25:35Z,26.501702,-76.987480,0.44,122.8,1,9,1.0
2024-03-24T17:25:40Z,26.501708,-76.987477,0.23,73.1,1,9,1.0
2024-03-24T17:25:45Z,26.501697,-76.987475,0.40,146.8,1,9,1.0
2024-03-24T17:25:50Z,26.501702,-76.987478,0.59,175.5,1,9,1.0
2024-03-24T17:26:00Z,26.501693,-76.987477,0.57,335.6,1,9,1.0
2024-03-24T17:26:05Z,26.501680,-76.987478,0.63,155.4,1,9,1.0
2024-03-24T17:26:10Z,26.501695,-76.987480,0.32,51.9,1,9,1.0
2024-03-24T17:26:15Z,26.501693,-76.987462,0.10,194.1,1,9,1.0
2024-03-24T17:26:20Z,26.501702,-76.987475,0.15,27.4,1,9,1.0
2024-03-24T17:26:25Z,26.501703,-76.987467,0.18,324.6,1,9,1.0
2024-03-24T17:26:35Z,26.501705,-76.987468,0.39,148.4,1,9,1.0
2024-03-24T17:26:40Z,26.501710,-76.987483,0.39,145.0,1,9,1.0
2024-03-24T17:26:45Z,26.501703,-76.987477,0.29,329.2,1,8,1.0
2024-03-24T17:26:50Z,26.501692,-76.987468,0.97,139.5,1,9,1.0
2024-03-24T17:26:55Z,26.501683,-76.987465,0.82,164.8,1,9,1.0
2024-03-24T17:27:00Z,26.501682,-76.987463,0.25,13.0,1,9,1.0
2024-03-24T17:27:10Z,26.501703,-76.987473,0.07,292.9,1,9,1.0
2024-03-24T17:27:15Z,26.501713,-76.987468,0.38,345.2,1,9,1.0
2024-03-24T17:27:20Z,26.501698,-76.987470,0.49,167.6,1,9,1.0
2024-03-24T17:27:25Z,26.501692,-76.987480,0.57,4.8,1,9,1.0
2024-03-24T17:27:30Z,26.501700,-76.987475,0.45,148.9,1,9,1.0
2024-03-24T17:27:35Z,26.501695,-76.987472,0.38,97.9,1,9,1.0
2024-03-24T17:27:45Z,26.501678,-76.987457,0.50,115.6,1,9,1.0
2024-03-24T17:27:50Z,26.501685,-76.987452,0.23,1.9,1,9,1.0
2024-03-24T17:27:55Z,26.501698,-76.987452,0.05,65.4,1,9,1.0
2024-03-24T17:28:00Z,26.501700,-76.987448,0.24,143.2,1,9,1.0
2024-03-24T17:28:05Z,26.501695,-76.987448,0.72,144.6,1,9,1.0
2024-03-24T17:28:10Z,26.501690,-76.987450,0.10,105.7,1,9,1.0
2024-03-24T17:28:20Z,26.501682,-76.987447,0.71,155.5,1,8,1.2
2024-03-24T17:28:25Z,26.501682,-76.987438,0.90,183.9,1,8,1.2
2024-03-24T17:28:30Z,26.501687,-76.987435,0.20,72.7,1,9,1.0
2024-03-24T17:28:35Z,26.501693,-76.987440,0.13,52.4,1,8,1.2
2024-03-24T17:28:40Z,26.501693,-76.987443,0.15,113.0,1,9,1.0
2024-03-24T17:28:45Z,26.501695,-76.987440,0.21,107.1,1,8,1.2
2024-03-24T17:28:50Z,26.501695,-76.987445,0.31,15.9,1,8,1.2
2024-03-24T17:28:55Z,26.501693,-76.987443,0.17,307.6,1,8,1.2
2024-03-24T17:29:00Z,26.501688,-76.987443,0.63,144.6,1,8,1.2
2024-03-24T17:29:05Z,26.501685,-76.987440,0.29,27.8,1,8,1.2
2024-03-24T17:29:10Z,26.501680,-76.987435,0.39,165.5,1,8,1.2
2024-03-24T17:29:15Z,26.501678,-76.987432,0.22,82.3,1,8,1.2
2024-03-24T17:29:20Z,26.501680,-76.987430,0.46,156.2,1,8,1.2
2024-03-24T17:29:25Z,26.501678,-76.987427,0.29,132.7,1,8,1.2
2024-03-24T17:29:30Z,26.501685,-76.987423,0.34,345.5,1,9,1.0
2024-03-24T17:29:35Z,26.501683,-76.987418,0.67,145.8,1,9,1.0
2024-03-24T17:29:40Z,26.501688,-76.987422,0.65,346.6,1,9,1.0
2024-03-24T17:29:45Z,26.501690,-76.987430,0.28,10.3,1,9,1.0
2024-03-24T17:29:55Z,26.501670,-76.987425,0.35,111.0,1,9,1.0
2024-03-24T17:30:00Z,26.501663,-76.987425,0.63,153.3,1,9,1.0
2024-03-24T17:30:05Z,26.501668,-76.987423,0.51,177.5,1,9,1.0
2024-03-24T17:30:10Z,26.501672,-76.987425,0.37,327.4,1,9,1.0
2024-03-24T17:30:15Z,26.501673,-76.987427,0.53,345.9,1,9,1.0
2024-03-24T17:30:20Z,26.501665,-76.987423,0.26,194.8,1,9,1.0
2024-03-24T17:30:30Z,26.501677,-76.987415,0.15,330.3,1,9,1.0
2024-03-24T17:30:35Z,26.501688,-76.987418,0.65,135.1,1,9,1.0
2024-03-24T17:30:40Z,26.501692,-76.987428,0.10,243.3,1,9,1.0
2024-03-24T17:30:45Z,26.501683,-76.987428,0.16,193.6,1,9,1.0
2024-03-24T17:30:50Z,26.501695,-76.987438,0.49,346.2,1,9,1.0
2024-03-24T17:30:55Z,26.501700,-76.987423,0.30,85.8,1,9,1.0
2024-03-24T17:31:05Z,26.501702,-76.987413,0.34,149.9,1,9,1.0
2024-03-24T17:31:10Z,26.501698,-76.987423,0.11,161.5,1,9,1.0
2024-03-24T17:31:15Z,26.501698,-76.987423,0.42,138.7,1,9,1.0
2024-03-24T17:31:20Z,26.501698,-76.987423,0.42,140.1,1,9,1.0
2024-03-24T17:31:25Z,26.501698,-76.987425,0.21,158.8,1,10,0.9
2024-03-24T17:31:30Z,26.501695,-76.987427,0.18,179.0,1,10,0.9
2024-03-24T17:31:40Z,26.501693,-76.987425,0.09,357.9,1,10,0.9
2024-03-24T17:31:45Z,26.501698,-76.987428,0.15,148.5,1,10,0.9
2024-03-24T17:31:50Z,26.501702,-76.987430,0.15,84.0,1,10,0.9
2024-03-24T17:31:55Z,26.501702,-76.987432,0.18,312.8,1,10,0.9
2024-03-24T17:32:00Z,26.501703,-76.987432,0.41,141.7,1,10,0.9
2024-03-24T17:32:05Z,26.501702,-76.987435,0.21,233.7,1,10,0.9
2024-03-24T17:32:10Z,26.501693,-76.987432,0.48,122.0,1,10,0.9
2024-03-24T17:32:15Z,26.501693,-76.987425,0.51,142.8,1,10,0.9
2024-03-24T17:32:20Z,26.501693,-76.987422,0.70,141.5,1,10,0.9
2024-03-24T17:32:25Z,26.501692,-76.987422,0.15,179.2,1,10,0.9
2024-03-24T17:32:30Z,26.501688,-76.987418,0.36,158.8,1,10,0.9
2024-03-24T17:32:35Z,26.501697,-76.987425,0.20,40.6,1,10,0.9
2024-03-24T17:32:40Z,26.501698,-76.987423,0.18,151.1,1,10,0.9
2024-03-24T17:32:45Z,26.501697,-76.987425,0.27,273.7,1,10,0.9
2024-03-24T17:32:50Z,26.501698,-76.987430,0.25,334.6,1,10,0.9
2024-03-24T17:32:55Z,26.501698,-76.987435,0.14,224.1,1,10,0.9
2024-03-24T17:33:00Z,26.501695,-76.987438,0.29,159.3,1,10,0.9
2024-03-24T17:33:05Z,26.501690,-76.987438,0.32,110.1,1,10,0.9
2024-03-24T17:33:10Z,26.501688,-76.987442,0.09,322.8,1,10,0.9
2024-03-24T17:33:15Z,26.501688,-76.987443,0.05,255.4,1,10,0.9
2024-03-24T17:33:25Z,26.501675,-76.987442,0.23,158.5,1,10,0.9
2024-03-24T17:33:30Z,26.501670,-76.987437,0.42,124.9,1,10,0.9
2024-03-24T17:33:35Z,26.501668,-76.987433,0.13,231.0,1,10,0.9
2024-03-24T17:33:40Z,26.501667,-76.987437,0.42,148.3,1,10,0.9
2024-03-24T17:33:45Z,26.501665,-76.987435,0.16,158.6,1,9,1.1
2024-03-24T17:33:50Z,26.501667,-76.987440,0.21,120.4,1,9,1.1
2024-03-24T17:34:00Z,26.501663,-76.987438,0.21,308.8,1,10,0.9
2024-03-24T17:34:05Z,26.501667,-76.987440,0.35,154.6,1,10,0.9
2024-03-24T17:34:10Z,26.501668,-76.987443,0.16,180.4,1,10,0.9
2024-03-24T17:34:15Z,26.501670,-76.987445,0.08,188.0,1,10,0.9
2024-03-24T17:34:20Z,26.501663,-76.987440,0.03,148.9,1,10,0.9
2024-03-24T17:34:25Z,26.501655,-76.987433,0.59,148.6,1,10,0.9
2024-03-24T17:34:30Z,26.501647,-76.987425,0.05,147.2,1,10,0.9
2024-03-24T17:34:35Z,26.501643,-76.987427,0.21,265.4,1,10,0.9
2024-03-24T17:34:40Z,26.501648,-76.987428,0.14,107.7,1,10,0.9
2024-03-24T17:34:45Z,26.501647,-76.987428,0.39,142.4,1,9,1.1
2024-03-24T17:34:50Z,26.501642,-76.987428,0.21,177.6,1,10,0.9
2024-03-24T17:34:55Z,26.501653,-76.987433,0.20,308.8,1,10,0.9
2024-03-24T17:35:00Z,26.501653,-76.987433,0.18,225.6,1,9,0.9
2024-03-24T17:35:10Z,26.501643,-76.987428,0.54,152.9,1,10,0.9
2024-03-24T17:35:15Z,26.501650,-76.987428,0.50,181.0,1,10,0.9
2024-03-24T17:35:20Z,26.501657,-76.987428,0.68,141.2,1,10,0.9
2024-03-24T17:35:25Z,26.501658,-76.987427,0.60,156.0,1,10,0.9
2024-03-24T17:35:30Z,26.501655,-76.987422,0.28,124.1,1,10,0.9
2024-03-24T17:35:35Z,26.501660,-76.987422,0.14,134.8,1,10,0.9
2024-03-24T17:35:45Z,26.501658,-76.987427,0.20,84.9,1,10,0.9
2024-03-24T17:35:50Z,26.501665,-76.987428,0.25,315.7,1,10,0.9
2024-03-24T17:35:55Z,26.501667,-76.987428,0.24,144.0,1,10,0.9
2024-03-24T17:36:00Z,26.501670,-76.987430,0.16,274.6,1,10,0.9
2024-03-24T17:36:05Z,26.501670,-76.987428,0.41,102.4,1,10,0.9
2024-03-24T17:36:10Z,26.501668,-76.987428,0.47,138.8,1,9,1.0
2024-03-24T17:36:15Z,26.501667,-76.987430,0.48,144.4,1,9,1.0
2024-03-24T17:36:20Z,26.501653,-76.987428,1.12,168.9,1,9,1.0
2024-03-24T17:36:25Z,26.501655,-76.987430,0.17,64.3,1,9,1.0
2024-03-24T17:36:30Z,26.501667,-76.987437,0.36,121.6,1,10,0.9
2024-03-24T17:36:35Z,26.501672,-76.987437,0.10,45.6,1,10,0.9
2024-03-24T17:36:40Z,26.501678,-76.987437,0.26,123.2,1,10,0.9
2024-03-24T17:36:45Z,26.501680,-76.987437,0.35,353.7,1,10,0.9
2024-03-24T17:36:55Z,26.501672,-76.987428,0.54,154.0,1,10,0.9
2024-03-24T17:37:00Z,26.501678,-76.987430,0.09,116.8,1,10,0.9
2024-03-24T17:37:05Z,26.501687,-76.987423,0.34,26.5,1,10,0.9
2024-03-24T17:37:10Z,26.501687,-76.987418,0.05,46.4,1,10,0.9
2024-03-24T17:37:15Z,26.501690,-76.987423,0.65,150.1,1,10,0.9
2024-03-24T17:37:20Z,26.501690,-76.987430,0.52,169.1,1,10,0.9
2024-03-24T17:37:25Z,26.501670,-76.987420,0.37,111.9,1,10,0.9
2024-03-24T17:37:30Z,26.501665,-76.987420,0.23,130.1,1,9,1.0
2024-03-24T17:37:35Z,26.501682,-76.987422,0.35,359.0,1,10,0.9
2024-03-24T17:37:40Z,26.501678,-76.987420,0.22,35.9,1,10,0.9
2024-03-24T17:37:45Z,26.501678,-76.987417,0.12,43.6,1,10,0.9
2024-03-24T17:37:50Z,26.501677,-76.987413,0.20,104.3,1,10,0.9
2024-03-24T17:37:55Z,26.501675,-76.987413,0.27,99.9,1,10,0.9
2024-03-24T17:38:05Z,26.501687,-76.987422,0.22,139.4,1,10,0.9
2024-03-24T17:38:10Z,26.501692,-76.987420,0.55,353.6,1,10,0.9
2024-03-24T17:38:15Z,26.501693,-76.987418,0.14,316.8,1,10,0.9
2024-03-24T17:38:20Z,26.501692,-76.987418,0.68,130.4,1,10,0.9
2024-03-24T17:38:25Z,26.501693,-76.987420,0.12,48.7,1,10,0.9
2024-03-24T17:38:30Z,26.501698,-76.987428,0.12,107.8,1,10,0.9
2024-03-24T17:38:40Z,26.501698,-76.987422,0.23,15.4,1,10,0.9
2024-03-24T17:38:45Z,26.501692,-76.987420,0.18,326.8,1,10,0.9
2024-03-24T17:38:50Z,26.501693,-76.987420,0.13,358.4,1,10,0.9
2024-03-24T17:38:55Z,26.501692,-76.987417,0.43,126.8,1,10,0.9
2024-03-24T17:39:00Z,26.501695,-76.987415,0.33,318.2,1,10,0.9
2024-03-24T17:39:05Z,26.501703,-76.987423,0.22,183.1,1,10,0.9
2024-03-24T17:39:15Z,26.501692,-76.987423,0.18,338.3,1,10,0.9
2024-03-24T17:39:20Z,26.501698,-76.987425,0.42,169.6,1,10,0.9
2024-03-24T17:39:25Z,26.501698,-76.987423,0.10,353.9,1,10,0.9
2024-03-24T17:39:30Z,26.501703,-76.987423,0.22,339.6,1,10,0.9
2024-03-24T17:39:35Z,26.501705,-76.987425,0.70,327.0,1,10,0.9
2024-03-24T17:39:40Z,26.501717,-76.987423,0.39,1.3,1,10,0.9
2024-03-24T17:39:50Z,26.501722,-76.987417,0.35,145.0,1,10,0.9
2024-03-24T17:39:55Z,26.501713,-76.987417,0.28,353.2,1,10,0.9
2024-03-24T17:40:00Z,26.501710,-76.987418,0.12,293.8,1,10,0.9
2024-03-24T17:40:05Z,26.501710,-76.987418,0.23,178.9,1,9,1.1
2024-03-24T17:40:10Z,26.501703,-76.987418,0.58,334.0,1,9,1.1
2024-03-24T17:40:15Z,26.501700,-76.987425,0.26,177.6,1,10,0.9
2024-03-24T17:40:25Z,26.501688,-76.987428,0.31,153.3,1,10,0.9
2024-03-24T17:40:30Z,26.501687,-76.987428,0.04,346.9,1,10,0.9
2024-03-24T17:40:35Z,26.501687,-76.987427,0.16,286.3,1,10,0.9
2024-03-24T17:40:40Z,26.501683,-76.987427,0.16,321.8,1,10,0.9
2024-03-24T17:40:45Z,26.501685,-76.987430,0.07,254.9,1,10,0.9
2024-03-24T17:40:50Z,26.501678,-76.987427,0.22,166.1,1,10,0.9
2024-03-24T17:41:00Z,26.501668,-76.987432,0.28,174.6,1,10,0.9
2024-03-24T17:41:05Z,26.501668,-76.987435,0.22,233.5,1,10,0.9
2024-03-24T17:41:10Z,26.501673,-76.987437,0.47,34.6,1,10,0.9
2024-03-24T17:41:15Z,26.501682,-76.987440,0.21,196.3,1,10,0.9
2024-03-24T17:41:20Z,26.501690,-76.987445,0.15,98.0,1,10,0.9
2024-03-24T17:41:25Z,26.501677,-76.987443,0.43,355.6,1,10,0.9
2024-03-24T17:41:35Z,26.501687,-76.987445,0.14,259.9,1,10,0.9
2024-03-24T17:41:40Z,26.501715,-76.987458,0.14,274.7,1,10,0.9
2024-03-24T17:41:45Z,26.501713,-76.987462,0.32,193.1,1,10,0.9
2024-03-24T17:41:50Z,26.501720,-76.987457,0.39,355.1,1,10,0.9
2024-03-24T17:41:55Z,26.501715,-76.987458,0.10,284.2,1,10,0.9
2024-03-24T17:42:00Z,26.501710,-76.987457,0.12,325.0,1,10,0.9
2024-03-24T17:42:05Z,26.501710,-76.987457,0.18,312.6,1,10,0.9
2024-03-24T17:42:10Z,26.501710,-76.987450,0.18,335.6,1,10,0.9
2024-03-24T17:42:15Z,26.501708,-76.987442,0.72,143.8,1,10,0.9
2024-03-24T17:42:20Z,26.501705,-76.987443,0.51,184.6,1,10,0.9
2024-03-24T17:42:25Z,26.501690,-76.987453,0.40,239.1,1,9,1.0
2024-03-24T17:42:30Z,26.501672,-76.987448,0.42,147.7,1,10,0.9
2024-03-24T17:42:35Z,26.501662,-76.987448,0.49,166.7,1,10,0.9
2024-03-24T17:42:45Z,26.501650,-76.987438,0.41,132.2,1,9,1.0
2024-03-24T17:42:50Z,26.501647,-76.987435,0.37,148.7,1,10,0.9
2024-03-24T17:42:55Z,26.501647,-76.987432,0.22,172.1,1,10,0.9
2024-03-24T17:43:00Z,26.501645,-76.987432,0.05,298.7,1,10,0.9
2024-03-24T17:43:05Z,26.501650,-76.987428,0.34,181.5,1,10,0.9
2024-03-24T17:43:10Z,26.501663,-76.987437,0.21,274.1,1,10,0.9
2024-03-24T17:43:20Z,26.501677,-76.987447,0.79,169.1,1,9,1.0
2024-03-24T17:43:25Z,26.501675,-76.987450,0.38,193.5,1,10,0.9
2024-03-24T17:43:30Z,26.501673,-76.987448,0.22,343.8,1,10,0.9
2024-03-24T17:43:35Z,26.501682,-76.987452,0.31,327.9,1,10,0.9
2024-03-24T17:43:40Z,26.501693,-76.987458,0.39,354.8,1,10,0.9
2024-03-24T17:43:45Z,26.501700,-76.987462,0.20,157.4,1,10,0.9
2024-03-24T17:43:50Z,26.501712,-76.987463,0.34,349.7,1,10,0.9
2024-03-24T17:44:00Z,26.501707,-76.987462,0.46,338.6,1,9,0.9
2024-03-24T17:44:05Z,26.501687,-76.987450,0.41,150.0,1,10,0.9
2024-03-24T17:44:10Z,26.501693,-76.987447,0.15,289.2,1,10,0.9
2024-03-24T17:44:15Z,26.501687,-76.987443,0.24,118.7,1,10,0.9
2024-03-24T17:44:20Z,26.501685,-76.987442,0.23,73.5,1,9,1.0
2024-03-24T17:44:25Z,26.501683,-76.987435,0.07,90.7,1,9,1.0
2024-03-24T17:44:35Z,26.501688,-76.987425,0.49,100.2,1,10,0.9
2024-03-24T17:44:40Z,26.501685,-76.987425,0.42,341.3,1,9,1.0
2024-03-24T17:44:45Z,26.501683,-76.987423,0.50,179.7,1,9,1.0
2024-03-24T17:44:50Z,26.501682,-76.987422,0.14,19.0,1,9,1.0
2024-03-24T17:44:55Z,26.501678,-76.987430,0.48,187.5,1,9,1.0
2024-03-24T17:45:00Z,26.501682,-76.987438,0.08,144.7,1,9,1.0
2024-03-24T17:45:10Z,26.501672,-76.987448,0.17,266.4,1,10,0.9
2024-03-24T17:45:15Z,26.501672,-76.987448,0.35,327.2,1,10,0.9
2024-03-24T17:45:20Z,26.501677,-76.987452,0.10,66.9,1,10,0.9
2024-03-24T17:45:25Z,26.501673,-76.987452,0.19,353.4,1,9,0.9
2024-03-24T17:45:30Z,26.501675,-76.987455,0.55,177.2,1,10,0.9
2024-03-24T17:45:35Z,26.501672,-76.987463,0.26,257.1,1,10,0.9
2024-03-24T17:45:40Z,26.501663,-76.987467,0.15,295.5,1,10,0.9
2024-03-24T17:45:45Z,26.501663,-76.987457,0.13,305.4,1,10,0.9
2024-03-24T17:45:50Z,26.501670,-76.987455,0.12,233.0,1,10,0.9
2024-03-24T17:45:55Z,26.501667,-76.987448,0.42,122.6,1,10,0.9
2024-03-24T17:46:00Z,26.501663,-76.987442,0.24,143.7,1,10,0.9
2024-03-24T17:46:05Z,26.501657,-76.987437,0.84,134.7,1,10,0.9
2024-03-24T17:46:10Z,26.501662,-76.987438,0.38,320.0,1,10,0.9
2024-03-24T17:46:15Z,26.501662,-76.987440,0.22,141.2,1,10,0.9
2024-03-24T17:46:20Z,26.501657,-76.987437,0.27,355.9,1,10,0.9
2024-03-24T17:46:25Z,26.501660,-76.987438,0.50,126.3,1,10,0.9
2024-03-24T17:46:30Z,26.501660,-76.987433,0.05,38.2,1,10,0.9
2024-03-24T17:46:35Z,26.501660,-76.987435,0.25,139.4,1,10,0.9
2024-03-24T17:46:40Z,26.501653,-76.987430,0.15,226.7,1,10,0.9
2024-03-24T17:46:45Z,26.501650,-76.987427,0.48,131.5,1,10,0.9
2024-03-24T17:46:55Z,26.501652,-76.987422,0.22,153.7,1,9,1.0
2024-03-24T17:47:00Z,26.501652,-76.987420,0.18,112.3,1,10,0.9
2024-03-24T17:47:05Z,26.501653,-76.987422,0.09,154.9,1,9,1.0
2024-03-24T17:47:10Z,26.501653,-76.987422,0.42,133.6,1,9,1.0
2024-03-24T17:47:15Z,26.501657,-76.987422,0.14,268.8,1,10,0.9
2024-03-24T17:47:20Z,26.501660,-76.987425,0.07,50.2,1,10,0.9
2024-03-24T17:47:25Z,26.501655,-76.987422,0.24,111.8,1,10,0.9
2024-03-24T17:47:30Z,26.501657,-76.987422,0.20,75.8,1,10,0.9
2024-03-24T17:47:35Z,26.501667,-76.987428,0.30,114.6,1,10,0.9
2024-03-24T17:47:40Z,26.501662,-76.987425,0.70,151.4,1,10,0.9
2024-03-24T17:47:45Z,26.501658,-76.987425,0.13,48.9,1,10,0.9
2024-03-24T17:47:50Z,26.501662,-76.987430,0.07,45.0,1,10,0.9
2024-03-24T17:47:55Z,26.501672,-76.987437,0.14,134.1,1,10,0.9
2024-03-24T17:48:05Z,26.501667,-76.987445,0.43,141.3,1,9,1.0
2024-03-24T17:48:10Z,26.501653,-76.987437,0.42,129.1,1,10,0.9
2024-03-24T17:48:15Z,26.501652,-76.987438,0.35,145.8,1,10,0.9
2024-03-24T17:48:20Z,26.501650,-76.987438,0.13,157.1,1,10,0.9
2024-03-24T17:48:25Z,26.501653,-76.987438,0.22,110.4,1,10,0.9
2024-03-24T17:48:30Z,26.501655,-76.987433,0.17,152.8,1,10,0.9
2024-03-24T17:48:40Z,26.501660,-76.987435,0.10,118.0,1,9,1.0
2024-03-24T17:48:45Z,26.501662,-76.987430,1.00,139.7,1,10,0.9
2024-03-24T17:48:50Z,26.501658,-76.987425,0.49,152.0,1,10,0.9
2024-03-24T17:48:55Z,26.501658,-76.987427,0.22,297.4,1,10,0.9
2024-03-24T17:49:00Z,26.501660,-76.987425,0.33,134.7,1,10,0.9
2024-03-24T17:49:05Z,26.501662,-76.987425,0.16,119.6,1,9,1.0
2024-03-24T17:49:15Z,26.501675,-76.987432,0.28,95.0,1,10,0.9
2024-03-24T17:49:20Z,26.501677,-76.987432,0.57,133.9,1,10,0.9
2024-03-24T17:49:25Z,26.501675,-76.987418,0.34,117.2,1,10,0.9
2024-03-24T17:49:30Z,26.501675,-76.987410,0.38,116.9,1,10,0.9
2024-03-24T17:49:35Z,26.501673,-76.987405,0.26,355.4,1,10,0.9
2024-03-24T17:49:40Z,26.501672,-76.987398,0.86,146.2,1,10,0.9
2024-03-24T17:49:45Z,26.501670,-76.987393,0.19,38.8,1,10,0.9
2024-03-24T17:49:50Z,26.501675,-76.987392,0.30,86.0,1,10,0.9
2024-03-24T17:49:55Z,26.501672,-76.987390,0.20,86.1,1,10,0.8
2024-03-24T17:50:00Z,26.501670,-76.987387,0.13,310.0,1,9,1.0
2024-03-24T17:50:05Z,26.501670,-76.987390,0.10,170.8,1,10,0.8
2024-03-24T17:50:10Z,26.501672,-76.987388,0.24,145.6,1,10,0.8
2024-03-24T17:50:15Z,26.501675,-76.987392,0.26,277.9,1,10,0.8
2024-03-24T17:50:20Z,26.501680,-76.987390,0.24,46.0,1,10,0.8
2024-03-24T17:50:25Z,26.501685,-76.987393,0.35,311.1,1,10,0.8
2024-03-24T17:50:30Z,26.501697,-76.987402,0.08,189.1,1,10,0.8
2024-03-24T17:50:35Z,26.501700,-76.987405,0.16,329.1,1,10,0.8
2024-03-24T17:50:40Z,26.501702,-76.987412,0.12,212.5,1,10,0.8
2024-03-24T17:50:45Z,26.501697,-76.987417,0.14,224.7,1,10,0.8
2024-03-24T17:50:50Z,26.501687,-76.987410,0.21,299.0,1,10,0.8
2024-03-24T17:51:00Z,26.501690,-76.987412,0.22,171.4,1,10,0.8
2024-03-24T17:51:05Z,26.501697,-76.987412,0.12,125.4,1,10,0.8
2024-03-24T17:51:10Z,26.501697,-76.987415,0.17,188.3,1,10,0.8
2024-03-24T17:51:15Z,26.501708,-76.987425,0.38,349.8,1,10,0.8
2024-03-24T17:51:20Z,26.501703,-76.987413,0.52,25.2,1,10,0.8
2024-03-24T17:51:25Z,26.501707,-76.987417,0.43,330.0,1,10,0.8
2024-03-24T17:51:35Z,26.501712,-76.987422,0.37,102.3,1,10,0.8
2024-03-24T17:51:40Z,26.501707,-76.987417,0.27,75.9,1,10,0.8
2024-03-24T17:51:45Z,26.501698,-76.987418,0.29,151.5,1,10,0.8
2024-03-24T17:51:50Z,26.501698,-76.987415,0.51,359.2,1,10,0.8
2024-03-24T17:51:55Z,26.501685,-76.987412,1.19,164.9,1,10,0.8
2024-03-24T17:52:00Z,26.501665,-76.987410,0.75,145.0,1,10,0.8
2024-03-24T17:52:05Z,26.501652,-76.987407,0.27,190.6,1,10,0.8
2024-03-24T17:52:10Z,26.501652,-76.987402,0.33,103.1,1,10,0.8
2024-03-24T17:52:15Z,26.501667,-76.987408,0.63,339.7,1,10,0.8
2024-03-24T17:52:20Z,26.501677,-76.987413,0.56,124.3,1,10,0.8
2024-03-24T17:52:25Z,26.501678,-76.987418,0.43,192.9,1,10,0.8
2024-03-24T17:52:30Z,26.501682,-76.987418,0.35,124.9,1,10,0.8
2024-03-24T17:52:35Z,26.501672,-76.987417,0.38,150.1,1,10,0.8
2024-03-24T17:52:40Z,26.501678,-76.987422,0.25,32.8,1,9,1.0
2024-03-24T17:52:45Z,26.501677,-76.987418,0.78,345.1,1,10,0.8
2024-03-24T17:52:50Z,26.501690,-76.987418,1.02,343.9,1,10,0.8
2024-03-24T17:52:55Z,26.501698,-76.987428,0.44,321.9,1,10,0.8
2024-03-24T17:53:00Z,26.501685,-76.987430,0.46,8.8,1,10,0.8
2024-03-24T17:53:05Z,26.501683,-76.987437,0.12,182.5,1,10,0.8
2024-03-24T17:53:10Z,26.501677,-76.987428,0.18,345.3,1,10,0.8
2024-03-24T17:53:20Z,26.501703,-76.987432,0.97,350.7,1,10,0.8
2024-03-24T17:53:25Z,26.501718,-76.987440,0.66,327.6,1,10,0.8
2024-03-24T17:53:30Z,26.501718,-76.987442,0.96,153.8,1,10,0.8
2024-03-24T17:53:35Z,26.501693,-76.987433,0.98,170.1,1,10,0.8
2024-03-24T17:53:40Z,26.501690,-76.987432,1.07,349.0,1,10,0.8
2024-03-24T17:53:45Z,26.501703,-76.987433,0.31,7.2,1,10,0.8
2024-03-24T17:53:50Z,26.501687,-76.987430,0.32,32.5,1,10,0.8
2024-03-24T17:53:55Z,26.501687,-76.987422,0.34,143.7,1,10,0.8
2024-03-24T17:54:00Z,26.501692,-76.987422,0.32,82.2,1,10,0.8
2024-03-24T17:54:05Z,26.501695,-76.987428,0.30,25.4,1,10,0.8
2024-03-24T17:54:10Z,26.501700,-76.987427,0.14,6.3,1,10,0.8
2024-03-24T17:54:15Z,26.501693,-76.987422,0.30,14.1,1,9,1.0
2024-03-24T17:54:20Z,26.501687,-76.987422,0.09,83.5,1,10,0.8
2024-03-24T17:54:30Z,26.501687,-76.987425,0.26,195.7,1,10,0.8
2024-03-24T17:54:35Z,26.501687,-76.987423,0.26,48.8,1,10,0.8
2024-03-24T17:54:40Z,26.501688,-76.987428,0.17,3.2,1,10,0.8
2024-03-24T17:54:45Z,26.501690,-76.987430,0.20,149.6,1,10,0.8
2024-03-24T17:54:50Z,26.501677,-76.987423,0.27,310.8,1,10,0.8
2024-03-24T17:54:55Z,26.501673,-76.987433,0.40,130.1,1,9,1.0
2024-03-24T17:55:00Z,26.501677,-76.987432,0.16,306.1,1,9,1.0
2024-03-24T17:55:05Z,26.501677,-76.987430,0.13,212.1,1,10,0.8
2024-03-24T17:55:10Z,26.501678,-76.987427,0.23,95.8,1,10,0.8
2024-03-24T17:55:15Z,26.501677,-76.987420,0.49,146.3,1,10,0.8
2024-03-24T17:55:20Z,26.501690,-76.987422,0.49,338.6,1,10,0.8
2024-03-24T17:55:25Z,26.501692,-76.987418,0.79,144.5,1,10,0.8
2024-03-24T17:55:30Z,26.501693,-76.987420,0.01,338.0,1,10,0.8
2024-03-24T17:55:40Z,26.501677,-76.987420,0.24,187.8,1,9,1.0
2024-03-24T17:55:45Z,26.501675,-76.987422,0.20,231.1,1,10,0.8
2024-03-24T17:55:50Z,26.501667,-76.987422,1.00,139.8,1,10,0.8
2024-03-24T17:55:55Z,26.501662,-76.987418,0.21,127.4,1,10,0.8
2024-03-24T17:56:00Z,26.501667,-76.987415,0.17,353.3,1,10,0.8
2024-03-24T17:56:05Z,26.501668,-76.987418,0.44,275.1,1,10,0.8
2024-03-24T17:56:15Z,26.501668,-76.987415,0.10,318.8,1,10,0.8
2024-03-24T17:56:20Z,26.501670,-76.987420,0.48,148.7,1,10,0.8
2024-03-24T17:56:25Z,26.501663,-76.987413,0.33,212.0,1,10,0.8
2024-03-24T17:56:30Z,26.501672,-76.987413,0.29,180.2,1,10,0.8
2024-03-24T17:56:35Z,26.501665,-76.987418,0.52,148.2,1,10,0.8
2024-03-24T17:56:40Z,26.501663,-76.987412,0.23,134.5,1,10,0.8
2024-03-24T17:56:45Z,26.501657,-76.987407,0.29,265.4,1,10,0.8
2024-03-24T17:56:50Z,26.501650,-76.987407,0.48,149.2,1,10,0.8
2024-03-24T17:56:55Z,26.501650,-76.987410,0.50,209.2,1,10,0.8
2024-03-24T17:57:00Z,26.501665,-76.987420,0.33,332.2,1,10,0.8
2024-03-24T17:57:05Z,26.501678,-76.987418,0.13,29.9,1,10,0.8
2024-03-24T17:57:10Z,26.501683,-76.987425,0.30,204.1,1,8,1.2
2024-03-24T17:57:15Z,26.501692,-76.987428,0.08,306.1,1,9,1.0
2024-03-24T17:57:25Z,26.501683,-76.987432,0.13,318.2,1,10,0.8
2024-03-24T17:57:30Z,26.501675,-76.987433,1.32,106.7,1,10,0.8
2024-03-24T17:57:35Z,26.501677,-76.987425,0.44,92.9,1,10,0.8
2024-03-24T17:57:40Z,26.501683,-76.987417,0.39,94.8,1,10,0.8
2024-03-24T17:57:45Z,26.501688,-76.987417,0.06,70.8,1,10,0.8
2024-03-24T17:57:50Z,26.501688,-76.987413,0.09,113.7,1,10,0.8
2024-03-24T17:58:00Z,26.501692,-76.987412,0.49,93.5,1,10,0.8
2024-03-24T17:58:05Z,26.501697,-76.987420,0.28,146.4,1,10,0.8
2024-03-24T17:58:10Z,26.501697,-76.987423,0.12,81.8,1,10,0.8
2024-03-24T17:58:15Z,26.501697,-76.987427,0.33,149.7,1,10,0.8
2024-03-24T17:58:20Z,26.501693,-76.987430,0.51,132.8,1,10,0.8
2024-03-24T17:58:25Z,26.501690,-76.987437,0.26,151.5,1,9,1.0
2024-03-24T17:58:35Z,26.501680,-76.987452,0.26,134.8,1,9,1.0
2024-03-24T17:58:40Z,26.501673,-76.987455,0.21,258.1,1,9,1.0
2024-03-24T17:58:45Z,26.501673,-76.987448,0.02,271.9,1,9,1.0
2024-03-24T17:58:50Z,26.501670,-76.987435,0.20,121.9,1,10,0.8
2024-03-24T17:58:55Z,26.501667,-76.987433,0.18,70.9,1,10,0.8
2024-03-24T17:59:05Z,26.501658,-76.987440,0.28,348.3,1,10,0.8
2024-03-24T17:59:10Z,26.501665,-76.987437,0.33,147.1,1,10,0.8
2024-03-24T17:59:15Z,26.501678,-76.987427,0.37,127.0,1,10,0.8
2024-03-24T17:59:20Z,26.501677,-76.987427,0.18,288.6,1,9,1.0
2024-03-24T17:59:25Z,26.501675,-76.987428,0.47,137.3,1,9,1.0
2024-03-24T17:59:30Z,26.501680,-76.987427,0.58,337.4,1,10,0.8
2024-03-24T17:59:35Z,26.501682,-76.987427,0.01,53.4,1,10,0.8
2024-03-24T17:59:40Z,26.501683,-76.987427,0.16,332.4,1,10,0.8
2024-03-24T17:59:45Z,26.501682,-76.987428,0.07,214.7,1,10,0.8
2024-03-24T17:59:50Z,26.501682,-76.987433,0.15,203.9,1,10,0.8
2024-03-24T17:59:55Z,26.501692,-76.987438,0.45,194.8,1,10,0.8
2024-03-24T18:00:00Z,26.501683,-76.987442,0.40,139.2,1,10,0.8
2024-03-24T18:00:10Z,26.501672,-76.987442,0.06,83.4,1,10,0.8
2024-03-24T18:00:15Z,26.501670,-76.987433,0.39,357.5,1,10,0.8
2024-03-24T18:00:20Z,26.501665,-76.987435,0.04,329.9,1,10,0.8
2024-03-24T18:00:25Z,26.501667,-76.987432,0.43,30.5,1,10,0.8
2024-03-24T18:00:30Z,26.501672,-76.987422,0.30,30.9,1,10,0.8
2024-03-24T18:00:40Z,26.501670,-76.987422,0.44,123.6,1,10,0.8
2024-03-24T18:00:45Z,26.501668,-76.987430,0.22,109.1,1,10,0.8
2024-03-24T18:00:50Z,26.501672,-76.987435,0.44,154.5,1,10,0.8
2024-03-24T18:00:55Z,26.501667,-76.987430,0.45,125.3,1,10,0.8
2024-03-24T18:01:00Z,26.501670,-76.987430,0.25,355.6,1,10,0.8
2024-03-24T18:01:10Z,26.501680,-76.987440,0.31,203.7,1,10,0.8
2024-03-24T18:01:15Z,26.501688,-76.987445,0.44,337.0,1,10,0.8
2024-03-24T18:01:20Z,26.501693,-76.987432,0.14,130.5,1,10,0.8
2024-03-24T18:01:25Z,26.501690,-76.987420,0.02,4.8,1,10,0.8
2024-03-24T18:01:30Z,26.501687,-76.987420,0.25,172.5,1,10,0.8
2024-03-24T18:01:35Z,26.501688,-76.987422,0.33,145.7,1,10,0.8
2024-03-24T18:01:40Z,26.501685,-76.987418,0.26,132.0,1,10,0.8
2024-03-24T18:01:45Z,26.501680,-76.987417,0.47,321.1,1,10,0.8
2024-03-24T18:01:50Z,26.501677,-76.987418,0.60,318.3,1,10,0.8
2024-03-24T18:01:55Z,26.501687,-76.987425,0.61,341.6,1,10,0.8
2024-03-24T18:02:00Z,26.501685,-76.987435,0.24,288.2,1,10,0.8
2024-03-24T18:02:05Z,26.501682,-76.987435,0.30,112.2,1,10,0.8
2024-03-24T18:02:10Z,26.501678,-76.987433,0.09,187.9,1,10,0.8
2024-03-24T18:02:15Z,26.501678,-76.987433,0.82,153.7,1,10,0.8
2024-03-24T18:02:20Z,26.501678,-76.987430,0.44,168.5,1,10,0.8
2024-03-24T18:02:25Z,26.501675,-76.987430,0.20,230.3,1,10,0.8
2024-03-24T18:02:30Z,26.501678,-76.987433,0.51,324.2,1,10,0.8
2024-03-24T18:02:35Z,26.501693,-76.987437,0.21,112.4,1,10,0.8
2024-03-24T18:02:40Z,26.501688,-76.987435,0.10,26.1,1,10,0.8
2024-03-24T18:02:50Z,26.501673,-76.987435,0.13,158.6,1,10,0.8
2024-03-24T18:02:55Z,26.501653,-76.987432,0.85,168.8,1,10,0.8
2024-03-24T18:03:00Z,26.501642,-76.987425,0.56,97.3,1,10,0.8
2024-03-24T18:03:05Z,26.501638,-76.987410,0.67,123.9,1,10,0.8
2024-03-24T18:03:10Z,26.501642,-76.987422,0.23,1.1,1,10,0.8
2024-03-24T18:03:20Z,26.501650,-76.987430,0.09,152.3,1,10,0.8
2024-03-24T18:03:25Z,26.501650,-76.987418,0.59,107.1,1,10,0.8
2024-03-24T18:03:30Z,26.501648,-76.987438,0.23,50.6,1,9,1.0
2024-03-24T18:03:35Z,26.501663,-76.987452,0.45,51.7,1,9,1.0
2024-03-24T18:03:40Z,26.501682,-76.987460,0.07,95.4,1,9,0.9
2024-03-24T18:03:50Z,26.501688,-76.987478,0.01,305.8,1,9,0.9
2024-03-24T18:03:55Z,26.501683,-76.987453,0.27,132.6,1,10,0.8
2024-03-24T18:04:00Z,26.501677,-76.987435,0.55,140.5,1,10,0.8
2024-03-24T18:04:05Z,26.501670,-76.987437,0.58,161.2,1,10,0.8
2024-03-24T18:04:10Z,26.501665,-76.987447,1.07,164.4,1,10,0.8
2024-03-24T18:04:20Z,26.501673,-76.987440,0.35,88.6,1,9,0.9
2024-03-24T18:04:25Z,26.501663,-76.987425,0.58,110.3,1,10,0.8
2024-03-24T18:04:30Z,26.501660,-76.987417,0.45,114.0,1,10,0.8
2024-03-24T18:04:35Z,26.501658,-76.987412,0.17,81.5,1,10,0.8
2024-03-24T18:04:40Z,26.501658,-76.987407,0.21,9.4,1,10,0.8
2024-03-24T18:04:50Z,26.501665,-76.987417,0.22,74.4,1,9,1.0
2024-03-24T18:04:55Z,26.501668,-76.987428,0.29,233.8,1,9,1.0
2024-03-24T18:05:00Z,26.501665,-76.987432,0.25,166.1,1,9,0.9
2024-03-24T18:05:05Z,26.501663,-76.987438,0.27,125.2,1,9,0.9
2024-03-24T18:05:10Z,26.501657,-76.987440,0.21,12.3,1,9,0.9
2024-03-24T18:05:20Z,26.501673,-76.987460,0.21,102.9,1,8,1.0
2024-03-24T18:05:25Z,26.501667,-76.987433,0.54,102.7,1,9,0.9
2024-03-24T18:05:30Z,26.501680,-76.987437,0.28,0.3,1,9,0.9
2024-03-24T18:05:35Z,26.501685,-76.987435,0.37,119.7,1,9,0.9
2024-03-24T18:05:40Z,26.501683,-76.987443,0.14,330.1,1,8,1.0
2024-03-24T18:05:50Z,26.501683,-76.987440,0.68,129.6,1,8,1.0
2024-03-24T18:05:55Z,26.501680,-76.987430,0.28,194.9,1,9,0.9
2024-03-24T18:06:00Z,26.501680,-76.987440,0.47,302.4,1,10,0.8
2024-03-24T18:06:05Z,26.501682,-76.987442,0.63,92.5,1,8,1.0
2024-03-24T18:06:10Z,26.501673,-76.987432,1.00,124.1,1,9,0.9
2024-03-24T18:06:20Z,26.501680,-76.987435,0.41,123.6,1,9,0.9
2024-03-24T18:06:25Z,26.501680,-76.987435,0.30,145.4,1,8,1.0
2024-03-24T18:06:30Z,26.501685,-76.987428,0.18,342.2,1,10,0.8
2024-03-24T18:06:35Z,26.501688,-76.987437,0.20,264.5,1,10,0.8
2024-03-24T18:06:40Z,26.501692,-76.987452,0.07,193.9,1,9,1.0
2024-03-24T18:06:50Z,26.501690,-76.987452,0.56,141.8,1,8,1.0
2024-03-24T18:06:55Z,26.501687,-76.987452,0.01,270.7,1,7,2.0
2024-03-24T18:07:00Z,26.501690,-76.987452,0.22,331.3,1,9,0.9
2024-03-24T18:07:05Z,26.501687,-76.987448,0.26,126.1,1,9,0.9
2024-03-24T18:07:10Z,26.501683,-76.987452,0.53,300.7,1,9,1.0
2024-03-24T18:07:20Z,26.501668,-76.987437,0.38,10.1,1,9,0.9
2024-03-24T18:07:25Z,26.501678,-76.987435,0.21,164.3,1,8,1.0
2024-03-24T18:07:30Z,26.501675,-76.987437,0.17,341.4,1,8,1.0
2024-03-24T18:07:35Z,26.501675,-76.987447,0.26,145.5,1,8,1.0
2024-03-24T18:07:40Z,26.501667,-76.987448,0.42,169.8,1,8,1.0
2024-03-24T18:07:45Z,26.501675,-76.987453,0.19,169.7,1,9,0.9
2024-03-24T18:07:50Z,26.501683,-76.987470,0.34,147.8,1,9,0.9
2024-03-24T18:07:55Z,26.501682,-76.987460,0.21,319.6,1,8,1.0
2024-03-24T18:08:00Z,26.501673,-76.987452,0.14,158.6,1,8,1.0
2024-03-24T18:08:05Z,26.501665,-76.987445,0.59,153.7,1,8,1.0
2024-03-24T18:08:15Z,26.501675,-76.987442,0.27,114.0,1,9,0.9
2024-03-24T18:08:20Z,26.501663,-76.987432,0.50,87.7,1,9,0.9
2024-03-24T18:08:25Z,26.501667,-76.987442,0.22,237.7,1,9,0.9
2024-03-24T18:08:30Z,26.501672,-76.987462,0.15,122.8,1,10,0.8
2024-03-24T18:08:35Z,26.501670,-76.987458,0.24,120.8,1,9,0.9
2024-03-24T18:08:40Z,26.501675,-76.987457,0.16,110.3,1,9,0.9
2024-03-24T18:08:45Z,26.501685,-76.987462,0.24,130.4,1,9,0.9
2024-03-24T18:08:50Z,26.501682,-76.987470,0.55,203.6,1,9,0.9
2024-03-24T18:08:55Z,26.501682,-76.987465,0.44,134.7,1,9,0.9
2024-03-24T18:09:00Z,26.501678,-76.987457,0.45,319.8,1,9,0.9
2024-03-24T18:09:05Z,26.501673,-76.987450,0.34,113.7,1,9,0.9
2024-03-24T18:09:15Z,26.501690,-76.987442,0.06,310.0,1,10,0.8
2024-03-24T18:09:20Z,26.501685,-76.987437,0.32,184.3,1,9,0.9
2024-03-24T18:09:25Z,26.501680,-76.987442,0.51,331.7,1,9,0.9
2024-03-24T18:09:30Z,26.501697,-76.987448,0.23,311.2,1,9,0.9
2024-03-24T18:09:35Z,26.501695,-76.987447,0.39,136.0,1,9,0.9
2024-03-24T18:09:45Z,26.501702,-76.987443,0.63,151.7,1,9,0.9
2024-03-24T18:09:50Z,26.501695,-76.987443,0.16,9.3,1,9,0.9
2024-03-24T18:09:55Z,26.501698,-76.987442,0.02,302.7,1,10,0.8
2024-03-24T18:10:00Z,26.501688,-76.987432,0.05,83.0,1,10,0.8
2024-03-24T18:10:05Z,26.501675,-76.987430,0.29,266.4,1,10,0.8
2024-03-24T18:10:10Z,26.501683,-76.987432,0.48,265.1,1,10,0.8
2024-03-24T18:10:15Z,26.501695,-76.987452,0.30,267.4,1,10,0.8
2024-03-24T18:10:20Z,26.501702,-76.987448,0.81,151.6,1,10,0.8
2024-03-24T18:10:25Z,26.501670,-76.987433,0.55,187.2,1,9,1.0
2024-03-24T18:10:30Z,26.501670,-76.987448,0.89,166.3,1,9,1.0
2024-03-24T18:10:35Z,26.501668,-76.987442,0.46,143.2,1,8,1.4
2024-03-24T18:10:45Z,26.501672,-76.987402,0.13,146.7,1,9,1.0
2024-03-24T18:10:50Z,26.501672,-76.987415,0.45,343.3,1,8,1.4
2024-03-24T18:10:55Z,26.501673,-76.987395,0.44,175.9,1,8,1.4
2024-03-24T18:11:00Z,26.501673,-76.987392,0.19,334.1,1,9,1.0
2024-03-24T18:11:05Z,26.501687,-76.987392,0.72,130.1,1,9,1.0
2024-03-24T18:11:15Z,26.501690,-76.987422,0.37,149.2,1,9,1.0
2024-03-24T18:11:20Z,26.501690,-76.987430,0.34,165.5,1,8,1.2
2024-03-24T18:11:25Z,26.501677,-76.987430,0.31,154.2,1,9,1.0
2024-03-24T18:11:30Z,26.501680,-76.987433,0.25,196.3,1,9,1.0
2024-03-24T18:11:35Z,26.501678,-76.987442,0.34,184.6,1,9,1.0
2024-03-24T18:11:45Z,26.501677,-76.987447,0.38,258.4,1,9,1.0
2024-03-24T18:11:50Z,26.501673,-76.987465,0.27,162.9,1,9,1.0
2024-03-24T18:11:55Z,26.501680,-76.987467,0.57,28.4,1,8,1.4
2024-03-24T18:12:00Z,26.501675,-76.987465,0.35,213.2,1,9,1.0
2024-03-24T18:12:05Z,26.501665,-76.987468,0.36,211.3,1,8,1.2
2024-03-24T18:12:15Z,26.501655,-76.987422,0.19,359.9,1,9,1.0
2024-03-24T18:12:20Z,26.501653,-76.987408,0.50,14.3,1,9,1.0
2024-03-24T18:12:25Z,26.501660,-76.987412,0.19,10.8,1,8,1.4
2024-03-24T18:12:30Z,26.501672,-76.987427,0.24,357.7,1,9,1.0
2024-03-24T18:12:35Z,26.501667,-76.987422,0.73,145.7,1,9,1.0
2024-03-24T18:12:45Z,26.501683,-76.987430,0.05,240.2,1,9,1.0
2024-03-24T18:12:50Z,26.501700,-76.987442,0.55,167.3,1,9,1.0
2024-03-24T18:12:55Z,26.501698,-76.987437,0.34,79.0,1,9,1.0
2024-03-24T18:13:00Z,26.501708,-76.987438,0.20,297.7,1,9,1.0
2024-03-24T18:13:05Z,26.501703,-76.987442,0.40,9.4,1,9,1.0
2024-03-24T18:13:15Z,26.501690,-76.987427,0.56,144.7,1,9,1.0
2024-03-24T18:13:20Z,26.501688,-76.987432,0.15,321.0,1,9,1.0
2024-03-24T18:13:25Z,26.501683,-76.987428,0.09,183.4,1,9,1.0
2024-03-24T18:13:30Z,26.501693,-76.987433,0.43,353.2,1,9,1.0
2024-03-24T18:13:35Z,26.501698,-76.987433,0.12,222.3,1,9,1.0
2024-03-24T18:13:40Z,26.501695,-76.987440,0.30,278.1,1,9,1.0
2024-03-24T18:13:50Z,26.501700,-76.987462,0.27,173.7,1,8,1.2
2024-03-24T18:13:55Z,26.501697,-76.987463,0.42,286.4,1,8,1.2
2024-03-24T18:14:00Z,26.501683,-76.987448,0.33,149.5,1,9,1.0
2024-03-24T18:14:05Z,26.501683,-76.987442,0.40,344.6,1,9,1.0
2024-03-24T18:14:10Z,26.501682,-76.987438,0.36,344.6,1,9,1.0
2024-03-24T18:14:20Z,26.501680,-76.987425,0.59,21.1,1,9,1.0
2024-03-24T18:14:25Z,26.501670,-76.987410,0.74,140.6,1,9,1.0
2024-03-24T18:14:30Z,26.501680,-76.987408,0.31,133.5,1,9,1.0
2024-03-24T18:14:35Z,26.501675,-76.987415,0.43,349.1,1,9,1.0
2024-03-24T18:14:40Z,26.501665,-76.987415,0.04,193.8,1,9,1.0
2024-03-24T18:14:45Z,26.501670,-76.987427,0.27,260.7,1,9,1.0
2024-03-24T18:14:50Z,26.501663,-76.987435,0.98,181.8,1,9,1.0
2024-03-24T18:14:55Z,26.501670,-76.987450,0.27,255.2,1,9,1.0
2024-03-24T18:15:00Z,26.501675,-76.987450,0.22,151.9,1,9,1.0
2024-03-24T18:15:05Z,26.501685,-76.987452,0.21,72.6,1,9,1.0
2024-03-24T18:15:10Z,26.501690,-76.987450,0.32,110.9,1,9,1.0
2024-03-24T18:15:20Z,26.501678,-76.987442,0.62,144.4,1,9,1.0
2024-03-24T18:15:25Z,26.501677,-76.987442,0.14,338.2,1,9,1.0
2024-03-24T18:15:30Z,26.501687,-76.987452,0.97,332.9,1,9,1.0
2024-03-24T18:15:35Z,26.501690,-76.987457,0.45,127.8,1,9,1.0
2024-03-24T18:15:40Z,26.501683,-76.987450,0.82,136.6,1,9,1.0
2024-03-24T18:15:50Z,26.501697,-76.987453,0.25,147.7,1,9,1.0
2024-03-24T18:15:55Z,26.501700,-76.987453,0.25,45.5,1,9,1.0
2024-03-24T18:16:00Z,26.501705,-76.987458,0.21,140.8,1,9,1.0
2024-03-24T18:16:05Z,26.501702,-76.987452,0.45,27.3,1,9,1.0
2024-03-24T18:16:10Z,26.501688,-76.987450,0.20,42.3,1,9,1.0
2024-03-24T18:16:20Z,26.501687,-76.987460,0.09,350.8,1,9,1.0
2024-03-24T18:16:25Z,26.501688,-76.987447,0.13,55.2,1,9,1.0
2024-03-24T18:16:30Z,26.501688,-76.987447,0.47,336.9,1,9,1.0
2024-03-24T18:16:35Z,26.501683,-76.987437,0.05,129.3,1,9,1.0
2024-03-24T18:16:40Z,26.501677,-76.987443,0.32,2.4,1,9,1.0
2024-03-24T18:16:50Z,26.501698,-76.987447,0.96,338.2,1,9,1.0
2024-03-24T18:16:55Z,26.501700,-76.987443,0.18,170.9,1,9,1.0
2024-03-24T18:17:00Z,26.501708,-76.987452,0.19,342.5,1,9,1.0
2024-03-24T18:17:05Z,26.501715,-76.987458,0.05,312.9,1,9,1.0
2024-03-24T18:17:10Z,26.501715,-76.987470,0.12,33.1,1,9,1.0
2024-03-24T18:17:20Z,26.501690,-76.987455,0.09,105.6,1,9,1.0
2024-03-24T18:17:25Z,26.501693,-76.987452,0.28,49.4,1,9,1.0
2024-03-24T18:17:30Z,26.501695,-76.987420,0.54,90.0,1,9,1.0
2024-03-24T18:17:35Z,26.501692,-76.987413,0.15,174.7,1,8,1.1
2024-03-24T18:17:40Z,26.501688,-76.987412,0.43,143.8,1,9,1.0
2024-03-24T18:17:50Z,26.501687,-76.987412,0.25,121.9,1,9,1.0
2024-03-24T18:17:55Z,26.501690,-76.987417,0.17,33.6,1,9,1.0
2024-03-24T18:18:00Z,26.501683,-76.987420,0.13,206.1,1,9,1.0
2024-03-24T18:18:05Z,26.501675,-76.987438,0.41,204.8,1,9,1.0
2024-03-24T18:18:10Z,26.501672,-76.987443,0.34,297.4,1,9,1.0
2024-03-24T18:18:20Z,26.501670,-76.987442,0.77,155.3,1,8,1.2
2024-03-24T18:18:25Z,26.501670,-76.987435,0.30,54.6,1,9,1.0
2024-03-24T18:18:30Z,26.501665,-76.987435,0.26,23.1,1,9,1.0
2024-03-24T18:18:35Z,26.501657,-76.987430,1.00,139.4,1,9,1.0
2024-03-24T18:18:40Z,26.501645,-76.987440,0.31,253.1,1,9,1.0
2024-03-24T18:18:45Z,26.501643,-76.987440,0.39,284.4,1,9,1.0
2024-03-24T18:18:50Z,26.501645,-76.987447,0.19,144.9,1,9,1.0
2024-03-24T18:18:55Z,26.501647,-76.987440,0.50,165.4,1,9,1.0
2024-03-24T18:19:00Z,26.501650,-76.987438,0.55,173.1,1,9,1.0
2024-03-24T18:19:05Z,26.501643,-76.987427,0.56,179.8,1,9,1.0
2024-03-24T18:19:10Z,26.501647,-76.987405,0.66,99.7,1,9,1.0
2024-03-24T18:19:20Z,26.501673,-76.987433,0.12,182.7,1,9,1.0
2024-03-24T18:19:25Z,26.501678,-76.987445,0.12,272.5,1,9,1.0
2024-03-24T18:19:30Z,26.501672,-76.987443,1.02,175.4,1,9,1.0
2024-03-24T18:19:35Z,26.501663,-76.987445,0.60,122.4,1,8,1.2
2024-03-24T18:19:40Z,26.501663,-76.987443,0.38,158.6,1,9,1.0
2024-03-24T18:19:50Z,26.501663,-76.987438,0.41,332.3,1,8,1.2
2024-03-24T18:19:55Z,26.501660,-76.987443,0.68,8.6,1,9,1.0
2024-03-24T18:20:00Z,26.501662,-76.987447,0.30,165.2,1,9,1.0
2024-03-24T18:20:05Z,26.501657,-76.987442,0.15,133.3,1,9,1.0
2024-03-24T18:20:10Z,26.501647,-76.987432,0.72,158.3,1,9,1.0
2024-03-24T18:20:20Z,26.501653,-76.987413,0.44,140.2,1,9,1.0
2024-03-24T18:20:25Z,26.501663,-76.987422,0.12,149.7,1,9,1.0
2024-03-24T18:20:30Z,26.501662,-76.987427,0.19,100.8,1,9,1.0
2024-03-24T18:20:35Z,26.501660,-76.987428,0.33,172.7,1,9,1.0
2024-03-24T18:20:40Z,26.501657,-76.987435,0.62,184.8,1,9,1.0
2024-03-24T18:20:45Z,26.501652,-76.987435,0.92,162.3,1,9,1.0
2024-03-24T18:20:50Z,26.501668,-76.987430,0.21,60.4,1,9,1.0
2024-03-24T18:20:55Z,26.501660,-76.987432,1.25,183.4,1,9,1.0
2024-03-24T18:21:00Z,26.501665,-76.987425,0.36,163.9,1,9,1.0
2024-03-24T18:21:05Z,26.501658,-76.987403,0.15,187.3,1,9,1.0
2024-03-24T18:21:10Z,26.501663,-76.987408,0.39,152.7,1,8,1.2
2024-03-24T18:21:20Z,26.501665,-76.987440,0.86,177.4,1,8,1.2
2024-03-24T18:21:25Z,26.501667,-76.987447,0.48,297.9,1,9,1.0
2024-03-24T18:21:30Z,26.501673,-76.987442,0.32,172.8,1,9,1.0
2024-03-24T18:21:35Z,26.501655,-76.987432,0.74,149.8,1,9,1.0
2024-03-24T18:21:40Z,26.501652,-76.987415,0.33,102.1,1,9,1.0
2024-03-24T18:21:50Z,26.501655,-76.987408,0.24,47.5,1,9,1.0
2024-03-24T18:21:55Z,26.501657,-76.987403,0.25,122.0,1,9,1.0
2024-03-24T18:22:00Z,26.501662,-76.987408,0.35,190.5,1,9,1.0
2024-03-24T18:22:05Z,26.501663,-76.987402,0.56,156.3,1,8,1.3
2024-03-24T18:22:10Z,26.501655,-76.987397,0.39,171.2,1,9,1.0
2024-03-24T18:22:20Z,26.501650,-76.987425,0.37,125.7,1,9,1.0
2024-03-24T18:22:25Z,26.501665,-76.987432,0.72,315.8,1,9,1.0
2024-03-24T18:22:30Z,26.501662,-76.987438,0.53,182.4,1,9,1.0
2024-03-24T18:22:35Z,26.501675,-76.987448,0.47,326.9,1,9,1.0
2024-03-24T18:22:40Z,26.501672,-76.987452,0.32,188.3,1,9,1.0
2024-03-24T18:22:50Z,26.501657,-76.987455,0.15,188.0,1,9,1.0
2024-03-24T18:22:55Z,26.501648,-76.987453,0.34,229.2,1,9,1.0
2024-03-24T18:23:00Z,26.501635,-76.987457,0.49,187.8,1,9,1.0
2024-03-24T18:23:05Z,26.501673,-76.987445,0.10,106.2,1,8,1.2
2024-03-24T18:23:10Z,26.501673,-76.987443,0.13,130.1,1,8,1.2
2024-03-24T18:23:20Z,26.501673,-76.987435,0.27,310.2,1,9,1.0
2024-03-24T18:23:25Z,26.501673,-76.987425,0.51,126.6,1,9,1.0
2024-03-24T18:23:30Z,26.501675,-76.987420,0.54,114.1,1,9,1.0
2024-03-24T18:23:35Z,26.501678,-76.987415,0.26,17.4,1,9,1.0
2024-03-24T18:23:40Z,26.501688,-76.987413,0.45,109.0,1,8,1.1
2024-03-24T18:23:50Z,26.501693,-76.987425,0.37,168.3,1,9,1.0
2024-03-24T18:23:55Z,26.501680,-76.987425,0.55,161.2,1,9,1.0
2024-03-24T18:24:00Z,26.501680,-76.987427,0.45,33.6,1,9,1.0
2024-03-24T18:24:05Z,26.501673,-76.987433,0.25,272.5,1,9,1.0
2024-03-24T18:24:10Z,26.501692,-76.987427,0.16,237.4,1,9,1.0
2024-03-24T18:24:15Z,26.501703,-76.987423,0.12,125.2,1,9,1.0
2024-03-24T18:24:20Z,26.501688,-76.987418,0.31,175.9,1,8,1.2
2024-03-24T18:24:25Z,26.501680,-76.987413,0.25,187.3,1,9,1.0
2024-03-24T18:24:30Z,26.501673,-76.987418,0.46,133.6,1,8,1.2
2024-03-24T18:24:35Z,26.501672,-76.987417,0.13,148.4,1,8,1.2
2024-03-24T18:24:40Z,26.501680,-76.987415,0.07,210.3,1,8,1.2
2024-03-24T18:24:50Z,26.501673,-76.987417,0.27,173.5,1,9,1.0
2024-03-24T18:24:55Z,26.501678,-76.987425,0.50,169.0,1,9,1.0
2024-03-24T18:25:00Z,26.501682,-76.987428,0.23,171.2,1,9,1.0
2024-03-24T18:25:05Z,26.501677,-76.987432,0.09,53.5,1,9,1.0
2024-03-24T18:25:10Z,26.501688,-76.987437,0.48,336.4,1,9,1.0
2024-03-24T18:25:15Z,26.501687,-76.987437,0.29,162.1,1,9,1.0
2024-03-24T18:25:25Z,26.501690,-76.987422,0.82,359.0,1,9,1.0
2024-03-24T18:25:30Z,26.501690,-76.987435,0.52,22.1,1,9,1.0
2024-03-24T18:25:35Z,26.501672,-76.987443,0.37,154.8,1,9,1.0
2024-03-24T18:25:40Z,26.501685,-76.987437,0.27,153.1,1,9,1.0
2024-03-24T18:25:45Z,26.501682,-76.987432,0.46,118.2,1,8,1.2
2024-03-24T18:25:50Z,26.501672,-76.987437,0.38,255.0,1,9,1.0
2024-03-24T18:26:00Z,26.501657,-76.987420,0.12,315.2,1,9,1.0
2024-03-24T18:26:05Z,26.501655,-76.987413,0.61,141.4,1,9,1.0
2024-03-24T18:26:10Z,26.501642,-76.987428,1.10,167.4,1,9,1.0
2024-03-24T18:26:15Z,26.501637,-76.987430,0.29,202.9,1,9,1.0
2024-03-24T18:26:20Z,26.501638,-76.987408,0.43,129.5,1,9,1.0
2024-03-24T18:26:25Z,26.501655,-76.987405,0.16,60.5,1,9,1.0
2024-03-24T18:26:35Z,26.501657,-76.987400,0.13,122.0,1,8,1.2
2024-03-24T18:26:40Z,26.501662,-76.987418,0.32,213.7,1,8,1.2
2024-03-24T18:26:45Z,26.501672,-76.987433,0.31,319.9,1,8,1.2
2024-03-24T18:26:50Z,26.501697,-76.987425,0.60,358.6,1,9,1.0
2024-03-24T18:26:55Z,26.501723,-76.987440,0.97,328.1,1,9,1.0
2024-03-24T18:27:00Z,26.501732,-76.987443,0.16,301.7,1,9,1.0
2024-03-24T18:27:10Z,26.501728,-76.987468,0.57,316.4,1,9,1.0
2024-03-24T18:27:15Z,26.501737,-76.987468,0.90,346.6,1,9,1.0
2024-03-24T18:27:20Z,26.501783,-76.987470,1.51,354.4,1,9,1.0
2024-03-24T18:27:25Z,26.501825,-76.987467,1.22,8.4,1,8,1.2
2024-03-24T18:27:30Z,26.501845,-76.987467,1.11,357.3,1,8,1.2
2024-03-24T18:27:35Z,26.501857,-76.987453,0.51,65.9,1,8,1.1
2024-03-24T18:27:45Z,26.501873,-76.987428,0.64,70.9,1,9,1.0
2024-03-24T18:27:50Z,26.501885,-76.987413,0.54,73.0,1,9,1.0
2024-03-24T18:27:55Z,26.501905,-76.987422,0.57,73.2,1,9,1.0
2024-03-24T18:28:00Z,26.501898,-76.987413,0.81,140.1,1,9,1.0
2024-03-24T18:28:05Z,26.501903,-76.987395,0.49,105.2,1,9,1.0
2024-03-24T18:28:10Z,26.501898,-76.987383,0.82,141.5,1,9,1.0
2024-03-24T18:28:20Z,26.501907,-76.987358,0.33,71.5,1,9,1.0
2024-03-24T18:28:25Z,26.501907,-76.987355,0.36,69.7,1,9,1.0
2024-03-24T18:28:30Z,26.501928,-76.987353,1.00,320.1,1,9,1.0
2024-03-24T18:28:35Z,26.501963,-76.987365,1.90,340.6,1,9,1.0
2024-03-24T18:28:40Z,26.502015,-76.987398,2.65,320.8,1,9,1.0
2024-03-24T18:28:45Z,26.502068,-76.987443,2.21,305.0,1,9,1.0
2024-03-24T18:28:55Z,26.502132,-76.987615,3.94,282.9,1,9,1.0
2024-03-24T18:29:00Z,26.502153,-76.987707,3.39,269.5,1,8,1.1
2024-03-24T18:29:05Z,26.502145,-76.987808,4.18,260.6,1,8,1.1
2024-03-24T18:29:10Z,26.502123,-76.987932,3.83,263.2,1,8,1.1
2024-03-24T18:29:15Z,26.502092,-76.988003,4.23,246.7,1,7,1.3
2024-03-24T18:29:20Z,26.502048,-76.988113,4.95,248.6,1,8,1.1
2024-03-24T18:29:30Z,26.501965,-76.988325,4.35,243.1,1,9,1.0
2024-03-24T18:29:35Z,26.501908,-76.988450,5.81,242.2,1,9,1.0
2024-03-24T18:29:40Z,26.501838,-76.988572,4.67,239.2,1,9,1.0
2024-03-24T18:29:45Z,26.501787,-76.988687,5.05,237.5,1,9,1.0
2024-03-24T18:29:50Z,26.501718,-76.988795,5.01,233.4,1,9,1.0
2024-03-24T18:29:55Z,26.501652,-76.988910,4.67,236.1,1,9,1.0
2024-03-24T18:30:05Z,26.501565,-76.989118,4.80,238.3,1,9,1.0
2024-03-24T18:30:10Z,26.501512,-76.989222,4.60,239.4,1,9,1.0
2024-03-24T18:30:15Z,26.501450,-76.989327,4.44,227.1,1,9,1.0
2024-03-24T18:30:20Z,26.501378,-76.989367,3.77,211.0,1,8,1.1
2024-03-24T18:30:25Z,26.501282,-76.989403,4.70,198.0,1,8,1.1
2024-03-24T18:30:30Z,26.501175,-76.989432,5.07,203.6,1,8,1.1
2024-03-24T18:30:40Z,26.500965,-76.989520,5.25,200.4,1,8,1.1
2024-03-24T18:30:45Z,26.500843,-76.989583,4.94,192.1,1,9,1.0
2024-03-24T18:30:50Z,26.500730,-76.989630,5.41,194.7,1,9,1.0
2024-03-24T18:30:55Z,26.500615,-76.989692,5.58,206.4,1,10,1.0
2024-03-24T18:31:00Z,26.500502,-76.989748,5.15,195.4,1,10,1.0
2024-03-24T18:31:05Z,26.500378,-76.989738,5.58,201.1,1,10,1.0
2024-03-24T18:31:15Z,26.500133,-76.989805,5.02,193.7,1,8,1.2
2024-03-24T18:31:20Z,26.500020,-76.989860,5.55,204.0,1,10,1.0
2024-03-24T18:31:25Z,26.499893,-76.989935,5.73,212.7,1,8,1.2
2024-03-24T18:31:30Z,26.499778,-76.990023,5.86,218.9,1,9,1.1
2024-03-24T18:31:35Z,26.499687,-76.990133,6.00,226.0,1,9,1.1
2024-03-24T18:31:40Z,26.499600,-76.990263,5.71,225.1,1,9,1.1
2024-03-24T18:31:50Z,26.499413,-76.990478,5.74,225.3,1,8,1.1
2024-03-24T18:31:55Z,26.499305,-76.990612,6.78,226.6,1,8,1.2
2024-03-24T18:32:00Z,26.499208,-76.990678,5.47,219.8,1,8,1.2
2024-03-24T18:32:05Z,26.499107,-76.990748,5.63,219.7,1,8,1.2
2024-03-24T18:32:10Z,26.499018,-76.990832,5.46,220.1,1,8,1.2
2024-03-24T18:32:15Z,26.498923,-76.990923,5.90,222.5,1,9,1.1
2024-03-24T18:32:25Z,26.498725,-76.991112,5.80,218.4,1,8,1.2
2024-03-24T18:32:30Z,26.498618,-76.991192,5.71,214.4,1,8,1.2
2024-03-24T18:32:35Z,26.498487,-76.991268,5.90,213.9,1,8,1.2
2024-03-24T18:32:40Z,26.498373,-76.991350,5.70,206.2,1,9,1.1
2024-03-24T18:32:45Z,26.498255,-76.991397,5.79,201.1,1,9,1.1
2024-03-24T18:32:50Z,26.498135,-76.991447,5.47,194.3,1,8,1.2
2024-03-24T18:33:00Z,26.497892,-76.991517,5.73,190.0,1,9,1.1
2024-03-24T18:33:05Z,26.497762,-76.991543,6.42,191.8,1,8,1.2
2024-03-24T18:33:10Z,26.497620,-76.991577,6.43,190.7,1,8,1.2
2024-03-24T18:33:15Z,26.497485,-76.991593,5.31,187.8,1,9,1.1
2024-03-24T18:33:20Z,26.497352,-76.991643,5.92,202.0,1,9,1.1
2024-03-24T18:33:25Z,26.497232,-76.991705,5.90,194.7,1,9,1.1
2024-03-24T18:33:35Z,26.496973,-76.991807,5.87,200.3,1,9,1.1
2024-03-24T18:33:40Z,26.496843,-76.991848,5.43,183.7,1,8,1.2
2024-03-24T18:33:45Z,26.496710,-76.991868,6.36,190.4,1,8,1.1
2024-03-24T18:33:50Z,26.496572,-76.991897,5.92,192.6,1,9,1.1
2024-03-24T18:33:55Z,26.496447,-76.991930,5.93,196.3,1,9,1.1
2024-03-24T18:34:00Z,26.496305,-76.991958,5.86,192.1,1,9,1.1
2024-03-24T18:34:10Z,26.496050,-76.992042,5.85,195.3,1,9,1.1
2024-03-24T18:34:15Z,26.495915,-76.992078,5.85,194.8,1,9,1.1
2024-03-24T18:34:20Z,26.495800,-76.992128,6.18,191.6,1,9,1.1
2024-03-24T18:34:25Z,26.495643,-76.992143,6.68,189.2,1,9,1.1
2024-03-24T18:34:30Z,26.495502,-76.992142,6.27,184.1,1,9,1.1
2024-03-24T18:34:35Z,26.495340,-76.992152,6.55,188.4,1,9,1.1
2024-03-24T18:34:45Z,26.495038,-76.992223,6.72,189.7,1,9,1.1
2024-03-24T18:34:50Z,26.494875,-76.992253,6.43,185.9,1,9,1.1
2024-03-24T18:34:55Z,26.494745,-76.992288,5.72,194.1,1,9,1.1
2024-03-24T18:35:00Z,26.494618,-76.992328,6.28,188.0,1,9,1.1
2024-03-24T18:35:05Z,26.494472,-76.992350,6.67,190.2,1,9,1.1
2024-03-24T18:35:10Z,26.494322,-76.992375,6.56,190.0,1,8,1.1
2024-03-24T18:35:20Z,26.494055,-76.992455,6.27,195.7,1,9,1.1
2024-03-24T18:35:25Z,26.493900,-76.992488,6.57,194.6,1,9,1.1
2024-03-24T18:35:30Z,26.493747,-76.992503,6.77,192.5,1,8,1.3
2024-03-24T18:35:35Z,26.493615,-76.992525,5.49,175.2,1,6,1.5
2024-03-24T18:35:40Z,26.493478,-76.992567,6.64,190.3,1,8,1.3
2024-03-24T18:35:45Z,26.493338,-76.992600,5.66,189.6,1,9,1.1
2024-03-24T18:35:55Z,26.493025,-76.992658,6.14,198.0,1,9,1.1
2024-03-24T18:36:00Z,26.492880,-76.992702,6.39,188.3,1,9,1.1
2024-03-24T18:36:05Z,26.492733,-76.992735,6.54,184.5,1,9,1.1
2024-03-24T18:36:10Z,26.492610,-76.992778,5.74,192.9,1,9,1.1
2024-03-24T18:36:15Z,26.492488,-76.992800,5.78,190.1,1,9,1.1
2024-03-24T18:36:20Z,26.492360,-76.992845,6.18,198.3,1,9,1.1
2024-03-24T18:36:25Z,26.492240,-76.992885,5.46,188.8,1,9,1.1
2024-03-24T18:36:30Z,26.492117,-76.992943,5.57,193.4,1,8,1.1
2024-03-24T18:36:35Z,26.491988,-76.992975,6.56,193.7,1,9,1.1
2024-03-24T18:36:40Z,26.491853,-76.993027,5.64,196.8,1,9,1.1
2024-03-24T18:36:45Z,26.491728,-76.993055,5.65,198.6,1,9,1.1
2024-03-24T18:36:50Z,26.491597,-76.993097,6.42,187.9,1,9,1.1
2024-03-24T18:36:55Z,26.491472,-76.993140,6.20,199.1,1,9,1.1
2024-03-24T18:37:05Z,26.491217,-76.993240,5.75,197.7,1,10,1.0
2024-03-24T18:37:10Z,26.491077,-76.993293,6.52,201.2,1,10,1.0
2024-03-24T18:37:15Z,26.490942,-76.993335,6.02,205.1,1,10,1.0
2024-03-24T18:37:20Z,26.490807,-76.993388,6.41,202.7,1,10,1.0
2024-03-24T18:37:25Z,26.490672,-76.993450,6.34,205.4,1,10,1.0
2024-03-24T18:37:30Z,26.490533,-76.993515,6.44,204.9,1,9,1.2
2024-03-24T18:37:40Z,26.490263,-76.993642,6.42,205.6,1,9,1.2
2024-03-24T18:37:45Z,26.490127,-76.993712,6.22,205.5,1,10,1.0
2024-03-24T18:37:50Z,26.490007,-76.993782,5.69,204.2,1,10,1.0
2024-03-24T18:37:55Z,26.489872,-76.993840,6.69,197.8,1,10,1.0
2024-03-24T18:38:00Z,26.489750,-76.993910,5.80,213.1,1,10,1.0
2024-03-24T18:38:05Z,26.489655,-76.993997,5.98,209.9,1,10,1.0
2024-03-24T18:38:10Z,26.489530,-76.994073,6.31,213.2,1,9,1.2
2024-03-24T18:38:15Z,26.489432,-76.994160,5.75,208.1,1,10,1.0
2024-03-24T18:38:20Z,26.489320,-76.994270,6.05,210.9,1,10,1.0
2024-03-24T18:38:25Z,26.489200,-76.994380,6.53,214.6,1,10,1.0
2024-03-24T18:38:30Z,26.489068,-76.994500,6.76,215.9,1,10,1.0
2024-03-24T18:38:35Z,26.488930,-76.994582,6.54,210.6,2,10,1.0
2024-03-24T18:38:40Z,26.488797,-76.994660,6.87,208.9,2,10,1.0
2024-03-24T18:38:45Z,26.488662,-76.994755,6.86,215.9,2,10,1.0
2024-03-24T18:38:50Z,26.488525,-76.994848,6.94,210.3,2,10,1.0
2024-03-24T18:38:55Z,26.488390,-76.994947,6.70,212.7,2,10,1.0
2024-03-24T18:39:00Z,26.488280,-76.995052,6.34,217.8,2,9,1.0
2024-03-24T18:39:05Z,26.488178,-76.995177,5.82,218.5,2,10,1.0
2024-03-24T18:39:10Z,26.488040,-76.995255,6.28,220.2,2,9,1.2
2024-03-24T18:39:15Z,26.487928,-76.995382,7.15,231.1,2,8,1.2
2024-03-24T18:39:20Z,26.487812,-76.995508,6.98,218.6,2,8,1.2
2024-03-24T18:39:25Z,26.487678,-76.995630,7.06,226.1,2,9,1.2
2024-03-24T18:39:30Z,26.487575,-76.995787,6.79,225.6,2,9,1.2
2024-03-24T18:39:35Z,26.487437,-76.995893,7.07,216.9,2,10,1.0
2024-03-24T18:39:40Z,26.487323,-76.996015,7.28,225.1,2,10,1.0
2024-03-24T18:39:45Z,26.487163,-76.996122,6.49,217.6,2,10,1.0
2024-03-24T18:39:50Z,26.487073,-76.996237,6.11,225.0,2,10,1.0
2024-03-24T18:39:55Z,26.486982,-76.996335,6.49,225.9,2,10,1.0
2024-03-24T18:40:00Z,26.486882,-76.996478,7.61,233.6,2,10,1.0
2024-03-24T18:40:05Z,26.486772,-76.996592,5.99,226.5,2,9,1.2
2024-03-24T18:40:10Z,26.486673,-76.996720,7.35,234.7,2,10,1.0
2024-03-24T18:40:15Z,26.486595,-76.996867,6.41,233.6,1,10,1.0
2024-03-24T18:40:20Z,26.486487,-76.996992,6.50,230.8,1,10,1.0
2024-03-24T18:40:25Z,26.486393,-76.997113,6.01,230.3,1,10,1.0
2024-03-24T18:40:30Z,26.486290,-76.997248,6.47,228.2,1,10,1.0
2024-03-24T18:40:35Z,26.486187,-76.997383,6.43,228.8,1,9,1.2
2024-03-24T18:40:40Z,26.486080,-76.997518,6.75,229.3,1,9,1.2
2024-03-24T18:40:45Z,26.485988,-76.997647,6.73,231.8,1,10,1.0
2024-03-24T18:40:50Z,26.485887,-76.997775,6.41,230.4,1,10,1.0
2024-03-24T18:40:55Z,26.485787,-76.997893,5.99,233.1,1,10,1.0
2024-03-24T18:41:00Z,26.485693,-76.998033,6.33,228.2,1,10,1.0
2024-03-24T18:41:10Z,26.485495,-76.998285,6.68,229.0,1,9,1.2
2024-03-24T18:41:15Z,26.485387,-76.998395,6.18,226.7,2,9,1.2
2024-03-24T18:41:20Z,26.485303,-76.998525,6.50,230.2,2,9,1.2
2024-03-24T18:41:25Z,26.485208,-76.998678,6.88,232.1,2,10,1.0
2024-03-24T18:41:30Z,26.485110,-76.998818,6.57,230.8,2,10,1.0
2024-03-24T18:41:35Z,26.485017,-76.998972,6.48,232.9,2,9,1.2
2024-03-24T18:41:45Z,26.484825,-76.999235,6.55,231.4,2,9,1.2
2024-03-24T18:41:50Z,26.484730,-76.999388,7.01,239.7,2,9,1.2
2024-03-24T18:41:55Z,26.484648,-76.999557,6.37,243.2,2,8,1.2
2024-03-24T18:42:00Z,26.484587,-76.999707,6.41,241.5,2,10,1.0
2024-03-24T18:42:05Z,26.484517,-76.999855,6.42,239.9,2,10,1.0
2024-03-24T18:42:10Z,26.484448,-77.000012,6.42,243.1,2,10,1.0
2024-03-24T18:42:20Z,26.484322,-77.000332,6.60,245.1,1,10,1.0
2024-03-24T18:42:25Z,26.484260,-77.000483,7.04,243.3,1,10,1.0
2024-03-24T18:42:30Z,26.484195,-77.000640,6.13,244.5,1,10,1.0
2024-03-24T18:42:35Z,26.484125,-77.000802,6.56,246.8,1,10,1.0
2024-03-24T18:42:40Z,26.484070,-77.000955,6.14,248.9,1,10,1.0
2024-03-24T18:42:45Z,26.484018,-77.001117,6.72,255.0,1,10,1.0
2024-03-24T18:42:55Z,26.483958,-77.001480,6.91,258.5,1,9,1.2
2024-03-24T18:43:00Z,26.483917,-77.001645,6.82,260.0,1,9,1.2
2024-03-24T18:43:05Z,26.483878,-77.001808,5.89,259.7,1,9,1.2
2024-03-24T18:43:10Z,26.483872,-77.001978,6.36,266.7,1,10,1.0
2024-03-24T18:43:15Z,26.483865,-77.002155,6.73,265.8,1,10,1.0
2024-03-24T18:43:20Z,26.483865,-77.002333,6.28,266.8,1,9,1.2
2024-03-24T18:43:30Z,26.483840,-77.002677,5.88,265.6,1,9,1.2
2024-03-24T18:43:35Z,26.483822,-77.002853,6.37,271.0,1,10,1.0
2024-03-24T18:43:40Z,26.483823,-77.003020,6.25,269.3,1,10,1.0
2024-03-24T18:43:45Z,26.483823,-77.003188,6.67,270.1,1,10,1.0
2024-03-24T18:43:50Z,26.483828,-77.003355,6.68,272.2,1,10,1.0
2024-03-24T18:43:55Z,26.483832,-77.003542,6.63,272.0,1,9,1.2
2024-03-24T18:44:00Z,26.483830,-77.003705,6.72,269.2,1,9,1.2
2024-03-24T18:44:05Z,26.483837,-77.003858,5.98,270.7,1,10,1.0
2024-03-24T18:44:10Z,26.483838,-77.004023,6.69,272.6,1,9,1.2
2024-03-24T18:44:15Z,26.483843,-77.004213,6.69,265.1,1,9,1.2
2024-03-24T18:44:20Z,26.483840,-77.004392,6.29,269.2,1,9,1.2
2024-03-24T18:44:25Z,26.483842,-77.004557,6.40,272.3,1,10,1.0
2024-03-24T18:44:30Z,26.483842,-77.004727,6.33,266.6,1,10,1.0
2024-03-24T18:44:35Z,26.483853,-77.004902,6.32,271.6,1,9,1.1
2024-03-24T18:44:40Z,26.483862,-77.005085,7.63,272.9,1,8,1.3
2024-03-24T18:44:45Z,26.483858,-77.005253,5.84,272.3,1,9,1.2
2024-03-24T18:44:50Z,26.483873,-77.005418,6.66,275.9,1,10,1.0
2024-03-24T18:44:55Z,26.483915,-77.005590,6.55,279.8,1,10,1.0
2024-03-24T18:45:00Z,26.483937,-77.005760,6.30,278.1,1,10,1.0
2024-03-24T18:45:05Z,26.483952,-77.005923,6.89,276.5,1,10,1.0
2024-03-24T18:45:15Z,26.483948,-77.006243,5.65,282.3,1,10,1.0
2024-03-24T18:45:20Z,26.483960,-77.006388,6.16,273.8,1,10,1.0
2024-03-24T18:45:25Z,26.483977,-77.006568,6.52,277.7,1,10,1.0
2024-03-24T18:45:30Z,26.483985,-77.006745,6.21,271.0,1,10,1.0
2024-03-24T18:45:35Z,26.483995,-77.006885,5.40,278.6,1,10,1.0
2024-03-24T18:45:40Z,26.484025,-77.007038,5.94,283.4,1,10,1.0
2024-03-24T18:45:50Z,26.484090,-77.007342,5.76,288.8,2,10,1.0
2024-03-24T18:45:55Z,26.484152,-77.007490,5.36,292.2,2,10,1.0
2024-03-24T18:46:00Z,26.484205,-77.007655,5.78,288.8,2,10,1.0
2024-03-24T18:46:05Z,26.484228,-77.007815,5.78,287.0,2,10,1.0
2024-03-24T18:46:10Z,26.484270,-77.007977,5.95,290.0,2,10,1.0
2024-03-24T18:46:15Z,26.484313,-77.008143,6.66,291.9,2,9,1.0
2024-03-24T18:46:20Z,26.484382,-77.008292,6.27,298.8,2,10,1.0
2024-03-24T18:46:25Z,26.484455,-77.008440,5.86,304.4,2,9,1.1
2024-03-24T18:46:30Z,26.484538,-77.008573,6.35,307.9,1,9,1.0
2024-03-24T18:46:35Z,26.484638,-77.008670,6.03,315.6,1,10,1.0
2024-03-24T18:46:40Z,26.484748,-77.008773,5.92,320.8,1,10,1.0
2024-03-24T18:46:45Z,26.484862,-77.008872,5.73,322.5,1,10,1.0
2024-03-24T18:46:50Z,26.484972,-77.008942,5.97,327.2,1,9,1.1
2024-03-24T18:46:55Z,26.485067,-77.008998,5.96,324.7,1,9,1.1
2024-03-24T18:47:00Z,26.485162,-77.009060,5.42,325.5,1,9,1.1
2024-03-24T18:47:05Z,26.485262,-77.009135,4.94,324.2,1,10,1.0
2024-03-24T18:47:10Z,26.485365,-77.009205,4.65,319.5,1,9,1.1
2024-03-24T18:47:15Z,26.485467,-77.009297,5.35,333.3,1,8,1.2
2024-03-24T18:47:20Z,26.485582,-77.009367,4.48,325.8,1,8,1.2
2024-03-24T18:47:25Z,26.485710,-77.009450,4.80,326.4,1,9,1.1
2024-03-24T18:47:35Z,26.485933,-77.009593,5.36,330.9,1,8,1.2
2024-03-24T18:47:40Z,26.486000,-77.009650,3.38,324.8,1,10,1.0
2024-03-24T18:47:45Z,26.486078,-77.009693,3.98,338.2,1,10,1.0
2024-03-24T18:47:50Z,26.486138,-77.009707,1.79,0.6,1,9,1.0
2024-03-24T18:47:55Z,26.486190,-77.009708,2.16,341.3,1,10,1.0
2024-03-24T18:48:00Z,26.486225,-77.009745,1.64,322.4,1,10,1.0
2024-03-24T18:48:10Z,26.486360,-77.009802,2.75,349.0,1,10,1.0
2024-03-24T18:48:15Z,26.486442,-77.009833,3.34,339.8,1,10,1.0
2024-03-24T18:48:20Z,26.486508,-77.009848,2.59,351.0,1,9,1.1
2024-03-24T18:48:25Z,26.486555,-77.009842,1.85,355.9,1,9,1.1
2024-03-24T18:48:30Z,26.486583,-77.009833,1.61,352.9,1,9,1.1
2024-03-24T18:48:35Z,26.486625,-77.009843,0.51,3.5,1,9,1.1
2024-03-24T18:48:45Z,26.486638,-77.009842,1.06,193.5,1,10,1.0
2024-03-24T18:48:50Z,26.486613,-77.009855,1.54,195.3,1,10,1.0
2024-03-24T18:48:55Z,26.486573,-77.009868,1.98,203.0,1,10,1.0
2024-03-24T18:49:00Z,26.486537,-77.009888,2.05,212.4,1,10,1.0
2024-03-24T18:49:05Z,26.486505,-77.009900,1.67,210.1,1,10,1.0
2024-03-24T18:49:10Z,26.486483,-77.009923,1.79,222.1,1,10,1.0
2024-03-24T18:49:15Z,26.486470,-77.009950,1.23,221.1,1,10,1.0
2024-03-24T18:49:20Z,26.486443,-77.009963,1.05,218.2,1,10,1.0
2024-03-24T18:49:25Z,26.486422,-77.009965,0.59,187.1,1,10,1.0
2024-03-24T18:49:30Z,26.486415,-77.009978,0.60,209.4,1,10,1.0
2024-03-24T18:49:35Z,26.486405,-77.009975,0.68,158.0,1,8,1.2
2024-03-24T18:49:40Z,26.486400,-77.009965,0.54,97.7,1,9,1.1
2024-03-24T18:49:45Z,26.486388,-77.009953,0.77,80.7,1,9,1.1
2024-03-24T18:49:50Z,26.486395,-77.009932,0.68,109.4,1,9,1.1
2024-03-24T18:49:55Z,26.486398,-77.009917,1.17,118.0,1,9,1.1
2024-03-24T18:50:00Z,26.486385,-77.009890,0.92,111.3,1,10,1.0
2024-03-24T18:50:05Z,26.486402,-77.009882,0.25,67.4,1,10,1.0
2024-03-24T18:50:10Z,26.486400,-77.009882,0.34,307.2,1,10,1.0
2024-03-24T18:50:20Z,26.486383,-77.009873,0.89,165.4,1,10,1.0
2024-03-24T18:50:25Z,26.486378,-77.009870,0.09,37.6,1,9,1.1
2024-03-24T18:50:30Z,26.486357,-77.009867,1.12,172.8,1,9,1.1
2024-03-24T18:50:35Z,26.486347,-77.009870,0.34,353.6,1,9,1.1
2024-03-24T18:50:40Z,26.486342,-77.009875,0.44,182.1,1,9,1.1
2024-03-24T18:50:50Z,26.486332,-77.009865,0.07,156.2,1,10,1.0
2024-03-24T18:50:55Z,26.486325,-77.009857,0.48,8.9,1,10,1.0
2024-03-24T18:51:00Z,26.486337,-77.009858,0.29,253.9,1,10,1.0
2024-03-24T18:51:05Z,26.486335,-77.009875,0.18,121.3,1,10,1.0
2024-03-24T18:51:10Z,26.486332,-77.009865,0.34,128.6,1,10,1.0
2024-03-24T18:51:20Z,26.486328,-77.009868,0.47,144.7,1,10,1.0
2024-03-24T18:51:25Z,26.486328,-77.009870,0.19,24.2,1,10,1.0
2024-03-24T18:51:30Z,26.486325,-77.009857,0.58,186.1,1,9,1.1
2024-03-24T18:51:35Z,26.486327,-77.009853,0.12,19.3,1,9,1.1
2024-03-24T18:51:40Z,26.486328,-77.009855,0.65,196.7,1,9,1.1
2024-03-24T18:51:50Z,26.486327,-77.009873,0.24,133.2,1,10,1.0
2024-03-24T18:51:55Z,26.486325,-77.009887,0.73,234.5,1,8,1.2
2024-03-24T18:52:00Z,26.486328,-77.009897,0.15,16.9,1,9,1.1
2024-03-24T18:52:05Z,26.486372,-77.009920,0.59,304.4,1,9,1.1
2024-03-24T18:52:10Z,26.486392,-77.009947,0.53,334.8,1,8,1.2
2024-03-24T18:52:20Z,26.486390,-77.009948,0.75,170.1,1,10,1.0
2024-03-24T18:52:25Z,26.486378,-77.009925,0.47,9.8,1,9,1.1
2024-03-24T18:52:30Z,26.486373,-77.009900,0.81,47.0,1,9,1.1
2024-03-24T18:52:35Z,26.486380,-77.009892,0.62,51.8,1,9,1.1
2024-03-24T18:52:40Z,26.486382,-77.009892,0.20,71.4,1,9,1.1
2024-03-24T18:52:50Z,26.486365,-77.009892,0.30,110.1,1,10,1.0
2024-03-24T18:52:55Z,26.486360,-77.009883,0.57,29.9,1,10,1.0
2024-03-24T18:53:00Z,26.486355,-77.009878,0.03,316.6,1,10,1.0
2024-03-24T18:53:05Z,26.486350,-77.009883,0.36,126.9,1,9,1.1
2024-03-24T18:53:10Z,26.486350,-77.009877,0.22,206.9,1,9,1.1
2024-03-24T18:53:20Z,26.486365,-77.009867,0.32,96.9,1,9,1.0
2024-03-24T18:53:25Z,26.486368,-77.009865,0.07,102.8,1,9,1.1
2024-03-24T18:53:30Z,26.486388,-77.009878,0.32,29.7,1,9,1.1
2024-03-24T18:53:35Z,26.486398,-77.009885,0.52,114.7,1,9,1.1
2024-03-24T18:53:40Z,26.486375,-77.009872,0.45,174.7,1,9,1.1
2024-03-24T18:53:50Z,26.486377,-77.009865,0.13,57.9,1,10,1.0
2024-03-24T18:53:55Z,26.486378,-77.009877,0.36,341.2,1,10,1.0
2024-03-24T18:54:00Z,26.486373,-77.009883,0.07,314.7,1,9,1.1
2024-03-24T18:54:05Z,26.486358,-77.009883,0.61,167.5,1,8,1.2
2024-03-24T18:54:10Z,26.486357,-77.009880,0.39,30.7,1,8,1.2
2024-03-24T18:54:20Z,26.486347,-77.009888,0.19,355.0,1,9,1.1
2024-03-24T18:54:25Z,26.486348,-77.009887,0.36,129.8,1,9,1.0
2024-03-24T18:54:30Z,26.486352,-77.009893,0.17,264.2,1,10,1.0
2024-03-24T18:54:35Z,26.486343,-77.009900,0.07,261.7,1,9,1.0
2024-03-24T18:54:40Z,26.486335,-77.009903,0.47,158.9,1,9,1.0
2024-03-24T18:54:50Z,26.486353,-77.009900,0.80,352.1,1,10,1.0
2024-03-24T18:54:55Z,26.486355,-77.009900,0.52,205.3,1,10,1.0
2024-03-24T18:55:00Z,26.486350,-77.009893,0.40,24.8,1,10,1.0
2024-03-24T18:55:05Z,26.486353,-77.009890,0.37,53.7,1,10,1.0
2024-03-24T18:55:10Z,26.486377,-77.009872,0.59,59.5,1,9,1.1
2024-03-24T18:55:20Z,26.486340,-77.009858,0.40,109.3,1,9,1.1
2024-03-24T18:55:25Z,26.486352,-77.009855,0.61,59.7,1,9,1.1
2024-03-24T18:55:30Z,26.486363,-77.009863,0.72,359.9,1,9,1.1
2024-03-24T18:55:35Z,26.486368,-77.009868,0.73,145.5,1,9,1.1
2024-03-24T18:55:40Z,26.486363,-77.009857,0.11,92.9,1,9,1.1
2024-03-24T18:55:50Z,26.486347,-77.009835,0.56,128.1,1,9,1.1
2024-03-24T18:55:55Z,26.486332,-77.009820,1.64,129.3,1,10,1.0
2024-03-24T18:56:00Z,26.486325,-77.009830,0.25,226.2,1,10,1.0
2024-03-24T18:56:05Z,26.486323,-77.009830,0.37,218.1,1,10,1.0
2024-03-24T18:56:10Z,26.486333,-77.009830,0.27,113.2,1,10,1.0
2024-03-24T18:56:20Z,26.486340,-77.009855,0.18,4.8,1,10,1.0
2024-03-24T18:56:25Z,26.486338,-77.009867,0.64,197.7,1,9,1.1
2024-03-24T18:56:30Z,26.486340,-77.009862,0.24,310.1,1,8,1.2
2024-03-24T18:56:35Z,26.486352,-77.009865,0.69,48.7,1,8,1.2
2024-03-24T18:56:40Z,26.486355,-77.009890,0.24,276.9,1,8,1.2
2024-03-24T18:56:50Z,26.486352,-77.009905,0.29,281.3,1,9,1.1
2024-03-24T18:56:55Z,26.486358,-77.009907,0.01,50.3,1,9,1.1
2024-03-24T18:57:00Z,26.486355,-77.009892,0.12,219.9,1,9,1.1
2024-03-24T18:57:05Z,26.486340,-77.009887,0.37,58.1,1,10,1.0
2024-03-24T18:57:10Z,26.486328,-77.009895,0.11,105.1,1,9,1.1
2024-03-24T18:57:20Z,26.486345,-77.009902,0.33,38.0,1,9,1.1
2024-03-24T18:57:25Z,26.486350,-77.009900,0.19,105.7,1,9,1.1
2024-03-24T18:57:30Z,26.486345,-77.009898,0.15,114.0,1,9,1.1
2024-03-24T18:57:35Z,26.486352,-77.009895,0.30,103.3,1,9,1.1
2024-03-24T18:57:40Z,26.486360,-77.009900,0.45,148.7,1,9,1.1
2024-03-24T18:57:50Z,26.486362,-77.009902,0.03,12.4,1,9,1.1
2024-03-24T18:57:55Z,26.486372,-77.009898,0.33,18.9,1,9,1.1
2024-03-24T18:58:00Z,26.486388,-77.009880,0.50,90.5,1,9,1.1
2024-03-24T18:58:05Z,26.486390,-77.009870,0.59,32.4,1,8,1.2
2024-03-24T18:58:10Z,26.486390,-77.009872,0.52,185.4,1,7,1.3
2024-03-24T18:58:15Z,26.486372,-77.009863,1.02,88.8,1,8,1.2
2024-03-24T18:58:20Z,26.486368,-77.009852,0.39,47.1,1,8,1.2
2024-03-24T18:58:25Z,26.486372,-77.009860,0.34,46.8,1,9,1.1
2024-03-24T18:58:30Z,26.486368,-77.009855,0.48,161.8,1,9,1.1
2024-03-24T18:58:35Z,26.486353,-77.009860,0.94,201.7,1,9,1.1
2024-03-24T18:58:40Z,26.486342,-77.009878,0.23,27.7,1,9,1.1
2024-03-24T18:58:50Z,26.486342,-77.009867,0.34,89.0,1,10,1.0
2024-03-24T18:58:55Z,26.486342,-77.009868,0.68,114.5,1,9,1.1
2024-03-24T18:59:00Z,26.486325,-77.009847,0.45,96.3,1,9,1.1
2024-03-24T18:59:05Z,26.486320,-77.009832,0.37,108.7,1,8,1.4
2024-03-24T18:59:10Z,26.486335,-77.009838,0.29,135.4,1,10,1.0
2024-03-24T18:59:20Z,26.486342,-77.009877,1.34,231.5,1,10,1.0
2024-03-24T18:59:25Z,26.486337,-77.009902,0.31,224.1,1,9,1.1
2024-03-24T18:59:30Z,26.486348,-77.009908,0.59,334.6,1,9,1.1
2024-03-24T18:59:35Z,26.486353,-77.009910,0.07,281.2,1,9,1.1
2024-03-24T18:59:40Z,26.486358,-77.009912,0.20,192.4,1,9,1.1
2024-03-24T18:59:50Z,26.486350,-77.009925,0.12,167.0,1,9,1.1
2024-03-24T18:59:55Z,26.486358,-77.009930,0.45,52.6,1,10,1.0
2024-03-24T19:00:00Z,26.486363,-77.009920,1.18,57.4,1,10,1.0
2024-03-24T19:00:05Z,26.486363,-77.009908,0.23,173.6,1,10,1.0
2024-03-24T19:00:10Z,26.486355,-77.009910,0.58,146.5,1,9,1.1
2024-03-24T19:00:15Z,26.486347,-77.009912,0.29,178.2,1,8,1.2
2024-03-24T19:00:20Z,26.486343,-77.009925,0.18,261.4,1,9,1.1
2024-03-24T19:00:25Z,26.486340,-77.009923,0.36,78.5,1,8,1.2
2024-03-24T19:00:30Z,26.486332,-77.009922,0.81,182.0,1,9,1.1
2024-03-24T19:00:35Z,26.486325,-77.009918,0.72,181.9,1,10,1.0
2024-03-24T19:00:40Z,26.486335,-77.009923,0.20,164.1,1,10,1.0
2024-03-24T19:00:45Z,26.486340,-77.009927,0.17,43.5,1,9,1.1
2024-03-24T19:00:55Z,26.486342,-77.009935,0.82,150.9,1,8,1.2
2024-03-24T19:01:00Z,26.486335,-77.009928,0.71,149.9,1,9,1.1
2024-03-24T19:01:05Z,26.486335,-77.009918,0.41,79.4,1,10,1.0
2024-03-24T19:01:10Z,26.486345,-77.009900,0.67,108.8,1,9,1.1
2024-03-24T19:01:15Z,26.486337,-77.009883,0.61,117.2,1,8,1.2
2024-03-24T19:01:25Z,26.486322,-77.009863,0.23,54.1,1,8,1.2
2024-03-24T19:01:30Z,26.486323,-77.009858,0.59,150.0,1,9,1.1
2024-03-24T19:01:35Z,26.486320,-77.009860,0.18,330.4,1,9,1.1
2024-03-24T19:01:40Z,26.486323,-77.009877,0.13,170.6,1,9,1.1
2024-03-24T19:01:45Z,26.486330,-77.009880,0.16,329.4,1,10,1.0
2024-03-24T19:01:55Z,26.486345,-77.009902,0.19,214.4,1,10,1.0
2024-03-24T19:02:00Z,26.486350,-77.009910,0.07,138.1,1,10,1.0
2024-03-24T19:02:05Z,26.486357,-77.009917,0.35,328.8,1,10,1.0
2024-03-24T19:02:10Z,26.486358,-77.009922,0.22,191.7,1,10,1.0
2024-03-24T19:02:15Z,26.486358,-77.009918,0.29,183.8,1,10,1.0
2024-03-24T19:02:25Z,26.486343,-77.009897,0.38,81.6,1,9,1.1
2024-03-24T19:02:30Z,26.486342,-77.009888,0.31,44.6,1,9,1.1
2024-03-24T19:02:35Z,26.486335,-77.009878,0.12,102.8,1,10,1.0
2024-03-24T19:02:40Z,26.486330,-77.009873,0.92,145.8,1,10,1.0
2024-03-24T19:02:45Z,26.486332,-77.009902,0.33,258.1,1,10,1.0
2024-03-24T19:02:50Z,26.486338,-77.009908,0.27,336.1,1,10,1.0
2024-03-24T19:02:55Z,26.486352,-77.009918,0.22,285.7,1,10,1.0
2024-03-24T19:03:00Z,26.486363,-77.009933,0.36,330.8,1,10,1.0
2024-03-24T19:03:05Z,26.486368,-77.009943,0.08,273.9,1,10,1.0
2024-03-24T19:03:10Z,26.486357,-77.009940,0.53,168.7,1,9,1.1
2024-03-24T19:03:15Z,26.486350,-77.009935,0.52,23.9,1,9,1.1
2024-03-24T19:03:25Z,26.486353,-77.009922,0.14,40.1,1,9,1.1
2024-03-24T19:03:30Z,26.486353,-77.009922,0.37,133.9,1,9,1.1
2024-03-24T19:03:35Z,26.486357,-77.009920,0.14,62.0,1,9,1.1
2024-03-24T19:03:40Z,26.486355,-77.009922,0.21,130.6,1,9,1.1
2024-03-24T19:03:45Z,26.486353,-77.009922,0.30,47.9,1,8,1.3
2024-03-24T19:03:55Z,26.486347,-77.009907,0.42,121.5,1,10,1.0
2024-03-24T19:04:00Z,26.486347,-77.009900,0.48,59.2,1,9,1.1
2024-03-24T19:04:05Z,26.486343,-77.009892,0.50,116.7,1,9,1.1
2024-03-24T19:04:10Z,26.486338,-77.009888,0.43,134.9,1,9,1.1
2024-03-24T19:04:15Z,26.486338,-77.009888,0.36,142.4,1,9,1.1
2024-03-24T19:04:25Z,26.486345,-77.009917,1.29,167.2,1,10,1.0
2024-03-24T19:04:30Z,26.486340,-77.009923,0.49,194.5,1,10,1.0
2024-03-24T19:04:35Z,26.486348,-77.009937,0.27,1.4,1,9,1.1
2024-03-24T19:04:40Z,26.486347,-77.009928,0.66,152.6,1,8,1.2
2024-03-24T19:04:45Z,26.486338,-77.009922,0.36,150.6,1,8,1.2
2024-03-24T19:04:55Z,26.486337,-77.009912,0.54,146.8,1,10,1.0
2024-03-24T19:05:00Z,26.486335,-77.009910,0.23,165.8,1,10,1.0
2024-03-24T19:05:05Z,26.486335,-77.009907,0.51,161.7,1,10,1.0
2024-03-24T19:05:10Z,26.486328,-77.009900,0.77,157.0,1,10,1.0
2024-03-24T19:05:15Z,26.486325,-77.009900,0.31,110.9,1,10,1.0
2024-03-24T19:05:20Z,26.486330,-77.009903,0.08,300.4,1,9,1.1
2024-03-24T19:05:25Z,26.486340,-77.009922,0.26,198.6,1,10,1.0
2024-03-24T19:05:30Z,26.486340,-77.009923,0.18,175.4,1,10,1.0
2024-03-24T19:05:35Z,26.486342,-77.009925,0.18,311.6,1,10,1.0
2024-03-24T19:05:40Z,26.486347,-77.009928,0.22,261.6,1,10,1.0
2024-03-24T19:05:45Z,26.486353,-77.009930,0.70,329.8,1,10,1.0
2024-03-24T19:05:50Z,26.486363,-77.009942,0.06,345.4,1,10,1.0
2024-03-24T19:05:55Z,26.486362,-77.009947,0.38,96.4,1,10,1.0
2024-03-24T19:06:00Z,26.486362,-77.009945,0.49,33.2,1,10,1.0
2024-03-24T19:06:05Z,26.486360,-77.009938,0.37,119.9,1,10,1.0
2024-03-24T19:06:10Z,26.486353,-77.009923,0.77,48.0,1,10,1.0
2024-03-24T19:06:15Z,26.486352,-77.009912,0.48,115.6,1,10,1.0
2024-03-24T19:06:20Z,26.486347,-77.009903,0.42,152.9,1,9,1.1
2024-03-24T19:06:25Z,26.486340,-77.009902,0.37,133.8,1,9,1.1
2024-03-24T19:06:30Z,26.486342,-77.009907,0.20,340.6,1,9,1.1
2024-03-24T19:06:35Z,26.486343,-77.009917,0.11,287.1,1,8,1.2
2024-03-24T19:06:40Z,26.486347,-77.009925,0.68,326.2,1,8,1.2
2024-03-24T19:06:45Z,26.486345,-77.009930,0.28,287.7,1,9,1.1
2024-03-24T19:06:50Z,26.486348,-77.009938,0.43,299.5,1,11,0.8
2024-03-24T19:07:00Z,26.486360,-77.009943,0.42,330.6,1,10,0.9
2024-03-24T19:07:05Z,26.486358,-77.009948,0.49,193.4,1,10,0.9
2024-03-24T19:07:10Z,26.486370,-77.009963,0.31,359.1,1,10,0.9
2024-03-24T19:07:15Z,26.486368,-77.009967,0.35,348.2,1,10,0.9
2024-03-24T19:07:20Z,26.486372,-77.009967,0.31,294.7,1,10,0.9
2024-03-24T19:07:30Z,26.486370,-77.009973,0.20,38.5,1,10,0.9
2024-03-24T19:07:35Z,26.486375,-77.009970,0.10,113.8,1,10,0.9
2024-03-24T19:07:40Z,26.486375,-77.009967,0.48,11.2,1,10,0.9
2024-03-24T19:07:45Z,26.486375,-77.009965,0.10,135.0,1,10,0.9
2024-03-24T19:07:50Z,26.486377,-77.009960,0.37,63.2,1,10,0.9
2024-03-24T19:07:55Z,26.486375,-77.009958,0.17,168.5,1,10,0.9
2024-03-24T19:08:00Z,26.486370,-77.009958,0.23,95.5,1,10,0.9
2024-03-24T19:08:05Z,26.486372,-77.009957,0.28,10.5,1,10,0.9
2024-03-24T19:08:10Z,26.486373,-77.009955,0.23,24.2,1,9,1.0
2024-03-24T19:08:15Z,26.486372,-77.009953,0.38,186.6,1,10,0.9
2024-03-24T19:08:20Z,26.486367,-77.009953,0.13,211.8,1,10,0.9
2024-03-24T19:08:25Z,26.486370,-77.009957,0.57,335.2,1,10,0.9
2024-03-24T19:08:35Z,26.486368,-77.009973,0.33,306.6,1,9,1.0
2024-03-24T19:08:40Z,26.486370,-77.009978,0.36,244.2,1,9,1.0
2024-03-24T19:08:45Z,26.486375,-77.009988,0.65,176.3,1,10,0.9
2024-03-24T19:08:50Z,26.486368,-77.009988,0.18,162.1,1,10,0.9
2024-03-24T19:08:55Z,26.486365,-77.009980,0.21,65.5,1,10,0.9
2024-03-24T19:09:05Z,26.486365,-77.009957,0.27,77.0,1,10,0.9
2024-03-24T19:09:10Z,26.486367,-77.009952,0.08,29.2,1,10,0.9
2024-03-24T19:09:15Z,26.486367,-77.009955,0.37,5.7,1,10,0.9
2024-03-24T19:09:20Z,26.486363,-77.009953,0.18,43.0,1,10,0.9
2024-03-24T19:09:25Z,26.486363,-77.009952,0.15,40.4,1,10,0.9
2024-03-24T19:09:35Z,26.486363,-77.009948,0.17,22.1,1,10,0.9
2024-03-24T19:09:40Z,26.486363,-77.009950,0.24,72.6,1,10,0.9
2024-03-24T19:09:45Z,26.486368,-77.009950,0.50,22.6,1,10,0.9
2024-03-24T19:09:50Z,26.486370,-77.009952,0.11,21.4,1,10,0.9
2024-03-24T19:09:55Z,26.486368,-77.009953,0.62,173.1,1,10,0.9
2024-03-24T19:10:05Z,26.486375,-77.009970,0.33,179.9,1,10,0.9
2024-03-24T19:10:10Z,26.486377,-77.009973,0.15,260.1,1,10,0.9
2024-03-24T19:10:15Z,26.486383,-77.009982,0.35,6.8,1,10,0.9
2024-03-24T19:10:20Z,26.486383,-77.009980,0.33,23.2,1,10,0.9
2024-03-24T19:10:25Z,26.486378,-77.009985,0.55,204.6,1,10,0.9
2024-03-24T19:10:35Z,26.486397,-77.009987,0.24,156.1,1,10,0.9
2024-03-24T19:10:40Z,26.486392,-77.009992,0.53,185.7,1,10,0.9
2024-03-24T19:10:45Z,26.486385,-77.009993,0.09,102.6,1,10,0.9
2024-03-24T19:10:50Z,26.486390,-77.009997,0.10,175.1,1,10,0.9
2024-03-24T19:10:55Z,26.486403,-77.010000,0.23,183.2,1,10,0.9
2024-03-24T19:11:00Z,26.486405,-77.009998,0.23,163.0,1,10,0.9
2024-03-24T19:11:05Z,26.486402,-77.009997,0.14,223.8,1,9,1.0
2024-03-24T19:11:10Z,26.486398,-77.009997,0.42,157.9,1,9,1.1
2024-03-24T19:11:15Z,26.486400,-77.009992,0.33,31.0,1,9,1.1
2024-03-24T19:11:20Z,26.486403,-77.009992,0.22,64.6,1,9,1.1
2024-03-24T19:11:25Z,26.486405,-77.009985,0.32,115.5,1,9,1.1
2024-03-24T19:11:35Z,26.486387,-77.009980,0.20,135.1,1,9,1.0
2024-03-24T19:11:40Z,26.486393,-77.009978,0.44,7.9,1,9,1.0
2024-03-24T19:11:45Z,26.486397,-77.009977,0.02,343.8,1,9,1.0
2024-03-24T19:11:50Z,26.486392,-77.009983,0.10,207.3,1,10,0.9
2024-03-24T19:11:55Z,26.486388,-77.009982,0.15,291.3,1,10,0.9
2024-03-24T19:12:05Z,26.486402,-77.009997,0.09,197.7,1,9,1.0
2024-03-24T19:12:10Z,26.486390,-77.010003,0.10,305.3,1,9,1.1
2024-03-24T19:12:15Z,26.486382,-77.010005,0.34,199.6,1,9,1.1
2024-03-24T19:12:20Z,26.486378,-77.010008,0.23,315.8,1,10,0.9
2024-03-24T19:12:25Z,26.486383,-77.010010,0.27,11.1,1,10,0.9
2024-03-24T19:12:35Z,26.486395,-77.010005,0.39,171.0,1,10,0.9
2024-03-24T19:12:40Z,26.486395,-77.009998,0.09,152.7,1,10,0.9
2024-03-24T19:12:45Z,26.486392,-77.009992,0.34,45.9,1,9,1.1
2024-03-24T19:12:50Z,26.486398,-77.009990,0.27,197.2,1,10,0.9
2024-03-24T19:12:55Z,26.486393,-77.009992,0.12,156.7,1,10,0.9
2024-03-24T19:13:05Z,26.486400,-77.009988,0.30,11.9,1,9,1.1
2024-03-24T19:13:10Z,26.486415,-77.009990,0.47,3.7,1,10,0.9
2024-03-24T19:13:15Z,26.486422,-77.009995,0.24,105.2,1,10,0.9
2024-03-24T19:13:20Z,26.486420,-77.010000,0.44,178.2,1,10,0.9
2024-03-24T19:13:25Z,26.486417,-77.010003,0.36,359.7,1,9,1.0
2024-03-24T19:13:35Z,26.486418,-77.010013,0.11,46.1,1,9,1.0
2024-03-24T19:13:40Z,26.486415,-77.010013,0.47,187.8,1,10,0.9
2024-03-24T19:13:45Z,26.486407,-77.010010,0.51,185.3,1,10,0.9
2024-03-24T19:13:50Z,26.486400,-77.010008,0.10,215.8,1,10,0.9
2024-03-24T19:13:55Z,26.486402,-77.010008,0.36,339.7,1,10,0.9
2024-03-24T19:14:05Z,26.486408,-77.010007,0.34,148.7,1,10,0.9
2024-03-24T19:14:10Z,26.486403,-77.010005,0.13,114.0,1,9,1.0
2024-03-24T19:14:15Z,26.486400,-77.010005,0.22,297.3,1,9,1.0
2024-03-24T19:14:20Z,26.486397,-77.010007,0.04,136.2,1,9,1.0
2024-03-24T19:14:25Z,26.486397,-77.010003,0.13,36.8,1,10,0.9
2024-03-24T19:14:30Z,26.486395,-77.009995,0.31,71.5,1,10,0.9
2024-03-24T19:14:35Z,26.486388,-77.009985,0.05,143.8,1,9,1.0
2024-03-24T19:14:40Z,26.486390,-77.009985,0.13,160.9,1,8,1.5
2024-03-24T19:14:45Z,26.486395,-77.009988,0.27,1.4,1,9,1.1
2024-03-24T19:14:50Z,26.486400,-77.009992,0.09,262.4,1,10,0.9
2024-03-24T19:14:55Z,26.486403,-77.009997,0.10,294.3,1,10,0.9
2024-03-24T19:15:00Z,26.486403,-77.009998,0.09,292.6,1,10,0.9
2024-03-24T19:15:05Z,26.486407,-77.009998,0.56,158.0,1,9,1.1
2024-03-24T19:15:10Z,26.486403,-77.009997,0.30,214.7,1,10,0.9
2024-03-24T19:15:15Z,26.486407,-77.009998,0.17,350.7,1,10,0.9
2024-03-24T19:15:20Z,26.486407,-77.010000,0.11,216.7,1,10,0.9
2024-03-24T19:15:25Z,26.486403,-77.009997,0.30,164.3,1,10,0.9
2024-03-24T19:15:30Z,26.486412,-77.009998,0.78,2.4,1,10,0.9
2024-03-24T19:15:35Z,26.486422,-77.009998,0.24,46.3,1,10,0.9
2024-03-24T19:15:40Z,26.486408,-77.009990,0.66,154.4,1,10,0.9
2024-03-24T19:15:45Z,26.486410,-77.009998,0.47,201.0,1,10,0.9
2024-03-24T19:15:50Z,26.486407,-77.010003,0.90,175.1,1,9,1.0
2024-03-24T19:15:55Z,26.486403,-77.010008,0.33,186.4,1,9,1.0
2024-03-24T19:16:05Z,26.486415,-77.010008,0.22,25.4,1,9,1.0
2024-03-24T19:16:10Z,26.486422,-77.010007,0.34,122.3,1,9,1.0
2024-03-24T19:16:15Z,26.486418,-77.010008,0.34,25.4,1,9,1.0
2024-03-24T19:16:20Z,26.486418,-77.010007,0.19,171.8,1,9,1.0
2024-03-24T19:16:25Z,26.486422,-77.010007,0.77,92.8,1,9,1.0
2024-03-24T19:16:35Z,26.486427,-77.009992,0.36,30.2,1,9,1.0
2024-03-24T19:16:40Z,26.486422,-77.009992,0.56,168.7,1,9,1.0
2024-03-24T19:16:45Z,26.486425,-77.009993,0.51,35.3,1,9,1.0
2024-03-24T19:16:50Z,26.486422,-77.009990,0.17,184.1,1,9,1.0
2024-03-24T19:16:55Z,26.486417,-77.009990,0.16,7.9,1,9,1.0
2024-03-24T19:17:05Z,26.486397,-77.009995,0.86,180.8,1,8,1.2
2024-03-24T19:17:10Z,26.486398,-77.009993,0.62,61.0,1,9,1.0
2024-03-24T19:17:15Z,26.486400,-77.010000,0.30,171.3,1,9,1.0
2024-03-24T19:17:20Z,26.486397,-77.010002,0.20,139.0,1,8,1.2
2024-03-24T19:17:25Z,26.486402,-77.010000,0.40,343.8,1,8,1.2
2024-03-24T19:17:30Z,26.486407,-77.010000,0.35,67.2,1,8,1.2
2024-03-24T19:17:40Z,26.486392,-77.009975,0.41,154.8,1,8,1.1
2024-03-24T19:17:45Z,26.486388,-77.009970,0.51,167.4,1,9,1.0
2024-03-24T19:17:50Z,26.486388,-77.009968,0.13,44.7,1,9,1.0
2024-03-24T19:17:55Z,26.486390,-77.009970,0.33,170.5,1,9,1.0
2024-03-24T19:18:00Z,26.486385,-77.009970,0.13,11.4,1,9,1.0
2024-03-24T19:18:10Z,26.486392,-77.009982,0.20,51.1,1,9,1.0
2024-03-24T19:18:15Z,26.486398,-77.009980,0.13,150.1,1,9,1.0
2024-03-24T19:18:20Z,26.486412,-77.010002,0.28,337.8,1,9,1.0
2024-03-24T19:18:25Z,26.486415,-77.010002,0.35,1.5,1,9,1.0
2024-03-24T19:18:30Z,26.486422,-77.010003,0.28,341.9,1,9,1.0
2024-03-24T19:18:40Z,26.486415,-77.010002,0.50,191.9,1,9,1.0
2024-03-24T19:18:45Z,26.486408,-77.010000,0.74,9.8,1,9,1.0
2024-03-24T19:18:50Z,26.486400,-77.009992,1.04,174.2,1,9,1.0
2024-03-24T19:18:55Z,26.486395,-77.009993,0.18,39.9,1,9,1.0
2024-03-24T19:19:00Z,26.486398,-77.009997,0.07,349.7,1,9,1.0
2024-03-24T19:19:10Z,26.486392,-77.009995,0.35,61.9,1,9,1.0
2024-03-24T19:19:15Z,26.486388,-77.009990,0.22,127.5,1,8,1.1
2024-03-24T19:19:20Z,26.486397,-77.009985,0.14,144.0,1,9,1.0
2024-03-24T19:19:25Z,26.486393,-77.009985,0.05,56.3,1,9,1.0
2024-03-24T19:19:30Z,26.486398,-77.009990,0.27,179.3,1,9,1.0
2024-03-24T19:19:40Z,26.486400,-77.009997,0.40,177.5,1,9,1.0
2024-03-24T19:19:45Z,26.486390,-77.010000,0.54,188.2,1,9,1.0
2024-03-24T19:19:50Z,26.486392,-77.010008,0.25,198.6,1,9,1.0
2024-03-24T19:19:55Z,26.486390,-77.010005,0.22,9.2,1,8,1.2
2024-03-24T19:20:00Z,26.486382,-77.010005,0.18,97.5,1,8,1.2
2024-03-24T19:20:10Z,26.486373,-77.010002,0.07,155.1,1,9,1.0
2024-03-24T19:20:15Z,26.486368,-77.009997,0.28,68.1,1,9,1.0
2024-03-24T19:20:20Z,26.486362,-77.009990,0.68,156.8,1,9,1.0
2024-03-24T19:20:25Z,26.486357,-77.009987,0.31,117.3,1,9,1.0
2024-03-24T19:20:30Z,26.486365,-77.009982,0.15,123.5,1,9,1.0
2024-03-24T19:20:40Z,26.486360,-77.009972,0.29,119.3,1,9,1.0
2024-03-24T19:20:45Z,26.486367,-77.009970,0.42,149.8,1,9,1.0
2024-03-24T19:20:50Z,26.486362,-77.009967,0.49,170.9,1,9,1.0
2024-03-24T19:20:55Z,26.486353,-77.009965,0.37,186.3,1,9,1.0
2024-03-24T19:21:00Z,26.486360,-77.009955,0.08,157.4,1,9,1.0
2024-03-24T19:21:05Z,26.486367,-77.009963,0.44,348.3,1,9,1.0
2024-03-24T19:21:10Z,26.486362,-77.009972,0.09,221.3,1,9,1.0
2024-03-24T19:21:15Z,26.486367,-77.009978,0.33,287.2,1,9,1.0
2024-03-24T19:21:20Z,26.486357,-77.009977,0.34,173.2,1,9,1.0
2024-03-24T19:21:25Z,26.486345,-77.009975,0.21,151.7,1,9,1.0
2024-03-24T19:21:30Z,26.486355,-77.009973,0.33,150.9,1,8,1.2
2024-03-24T19:21:35Z,26.486358,-77.009970,0.25,197.0,1,9,1.0
2024-03-24T19:21:40Z,26.486332,-77.009980,0.49,198.2,1,9,1.0
2024-03-24T19:21:45Z,26.486348,-77.009970,0.38,25.3,1,9,1.0
2024-03-24T19:21:50Z,26.486362,-77.009967,0.02,132.3,1,9,1.0
2024-03-24T19:21:55Z,26.486373,-77.009970,0.20,154.0,1,9,1.0
2024-03-24T19:22:00Z,26.486378,-77.009967,0.12,210.9,1,9,1.0
2024-03-24T19:22:05Z,26.486377,-77.009963,0.28,182.8,1,9,1.0
2024-03-24T19:22:10Z,26.486382,-77.009968,0.43,164.5,1,8,1.2
2024-03-24T19:22:15Z,26.486385,-77.009972,0.21,286.4,1,8,1.2
2024-03-24T19:22:20Z,26.486398,-77.009972,0.44,43.8,1,9,1.0
2024-03-24T19:22:30Z,26.486390,-77.009973,0.23,132.7,1,9,1.0
2024-03-24T19:22:35Z,26.486383,-77.009973,0.15,19.9,1,9,1.0
2024-03-24T19:22:40Z,26.486370,-77.009970,0.68,161.9,1,9,1.0
2024-03-24T19:22:45Z,26.486358,-77.009970,0.43,171.8,1,9,1.0
2024-03-24T19:22:50Z,26.486370,-77.009968,0.15,86.2,1,9,1.0
2024-03-24T19:22:55Z,26.486383,-77.009963,0.52,129.6,1,9,1.0
2024-03-24T19:23:00Z,26.486375,-77.009952,0.39,97.3,1,9,1.0
2024-03-24T19:23:05Z,26.486387,-77.009962,0.32,173.5,1,8,1.2
2024-03-24T19:23:10Z,26.486382,-77.009955,0.54,167.8,1,8,1.2
2024-03-24T19:23:15Z,26.486378,-77.009953,0.40,350.4,1,8,1.2
2024-03-24T19:23:20Z,26.486377,-77.009962,0.41,15.1,1,8,1.2
2024-03-24T19:23:25Z,26.486375,-77.009965,0.40,203.1,1,8,1.0
2024-03-24T19:23:30Z,26.486370,-77.009972,0.27,347.1,1,9,1.0
2024-03-24T19:23:35Z,26.486383,-77.009977,0.10,4.7,1,9,1.0
2024-03-24T19:23:40Z,26.486410,-77.009982,0.31,234.5,1,9,1.0
2024-03-24T19:23:50Z,26.486387,-77.009967,0.13,105.9,1,9,1.0
2024-03-24T19:23:55Z,26.486397,-77.009950,0.37,41.0,1,9,1.0
2024-03-24T19:24:00Z,26.486410,-77.009938,0.37,11.5,1,8,1.0
2024-03-24T19:24:05Z,26.486428,-77.009943,0.08,181.0,1,9,1.0
2024-03-24T19:24:15Z,26.486412,-77.009957,0.05,88.1,1,9,1.0
2024-03-24T19:24:20Z,26.486405,-77.009963,0.56,327.1,1,9,1.0
2024-03-24T19:24:25Z,26.486402,-77.009968,0.30,207.5,1,9,1.0
2024-03-24T19:24:30Z,26.486400,-77.009982,0.32,350.0,1,9,1.0
2024-03-24T19:24:35Z,26.486408,-77.009990,0.34,316.7,1,9,1.0
2024-03-24T19:24:40Z,26.486410,-77.009982,0.15,102.4,1,9,1.0
2024-03-24T19:24:45Z,26.486413,-77.009977,0.53,174.7,1,9,1.0
2024-03-24T19:24:50Z,26.486408,-77.009977,0.29,44.2,1,9,1.0
2024-03-24T19:24:55Z,26.486408,-77.009977,0.30,14.2,1,9,1.0
2024-03-24T19:25:00Z,26.486403,-77.009975,0.43,12.4,1,9,1.0
2024-03-24T19:25:10Z,26.486392,-77.009985,0.21,187.8,1,8,1.2
2024-03-24T19:25:15Z,26.486387,-77.009988,0.04,90.4,1,8,1.2
2024-03-24T19:25:20Z,26.486393,-77.009990,0.32,303.2,1,8,1.2
2024-03-24T19:25:25Z,26.486398,-77.009992,0.98,181.6,1,8,1.2
2024-03-24T19:25:30Z,26.486407,-77.009990,0.32,171.2,1,8,1.2
2024-03-24T19:25:35Z,26.486413,-77.009990,0.50,81.6,1,9,1.0
2024-03-24T19:25:40Z,26.486415,-77.009983,0.54,26.5,1,9,1.0
2024-03-24T19:25:45Z,26.486412,-77.009987,0.29,52.9,1,9,1.0
2024-03-24T19:25:50Z,26.486417,-77.009992,0.43,350.5,1,9,1.0
2024-03-24T19:25:55Z,26.486432,-77.009997,0.18,151.5,1,9,1.0
2024-03-24T19:26:05Z,26.486422,-77.009995,0.26,129.5,1,8,1.2
2024-03-24T19:26:10Z,26.486417,-77.009992,0.30,99.6,1,8,1.2
2024-03-24T19:26:15Z,26.486402,-77.009993,0.68,157.0,1,8,1.2
2024-03-24T19:26:20Z,26.486392,-77.009990,0.21,163.1,1,7,1.6
2024-03-24T19:26:25Z,26.486392,-77.009990,0.38,88.8,1,8,1.1
2024-03-24T19:26:30Z,26.486387,-77.009978,0.76,130.0,1,8,1.1
2024-03-24T19:26:35Z,26.486373,-77.009967,0.55,149.5,1,8,1.1
2024-03-24T19:26:40Z,26.486375,-77.009958,0.26,132.1,1,8,1.1
2024-03-24T19:26:45Z,26.486377,-77.009943,1.33,125.1,1,8,1.1
2024-03-24T19:26:50Z,26.486372,-77.009938,0.61,340.3,1,8,1.1
2024-03-24T19:26:55Z,26.486368,-77.009950,0.15,68.1,1,8,1.1
2024-03-24T19:27:00Z,26.486362,-77.009942,0.11,158.4,1,8,1.1
2024-03-24T19:27:05Z,26.486362,-77.009945,0.42,146.2,1,7,1.6
2024-03-24T19:27:10Z,26.486353,-77.009940,0.42,158.1,1,7,1.6
2024-03-24T19:27:15Z,26.486343,-77.009940,0.66,189.7,1,8,1.1
2024-03-24T19:27:25Z,26.486342,-77.009943,0.18,97.7,1,9,1.0
2024-03-24T19:27:30Z,26.486357,-77.009940,0.27,48.1,1,9,1.0
2024-03-24T19:27:35Z,26.486358,-77.009942,0.20,20.0,1,9,1.0
2024-03-24T19:27:40Z,26.486368,-77.009935,0.51,33.1,1,9,1.0
2024-03-24T19:27:50Z,26.486375,-77.009922,0.36,341.3,1,9,1.0
2024-03-24T19:27:55Z,26.486387,-77.009922,0.51,2.0,1,9,1.0
2024-03-24T19:28:00Z,26.486382,-77.009920,0.40,173.1,1,9,1.0
2024-03-24T19:28:05Z,26.486370,-77.009917,1.05,152.6,1,9,1.0
2024-03-24T19:28:10Z,26.486352,-77.009912,0.46,139.2,1,8,1.2
2024-03-24T19:28:15Z,26.486353,-77.009912,0.26,162.6,1,8,1.2
2024-03-24T19:28:20Z,26.486355,-77.009922,0.46,162.5,1,8,1.2
2024-03-24T19:28:25Z,26.486357,-77.009905,0.50,144.2,1,9,1.0
2024-03-24T19:28:30Z,26.486370,-77.009900,0.74,155.8,1,9,1.0
2024-03-24T19:28:35Z,26.486360,-77.009892,0.17,155.2,1,9,1.0
2024-03-24T19:28:45Z,26.486357,-77.009880,0.12,95.8,1,9,1.0
2024-03-24T19:28:50Z,26.486355,-77.009887,0.16,103.5,1,8,1.2
2024-03-24T19:28:55Z,26.486365,-77.009895,0.08,112.3,1,8,1.2
2024-03-24T19:29:00Z,26.486367,-77.009905,0.03,358.1,1,8,1.2
2024-03-24T19:29:10Z,26.486347,-77.009907,0.70,189.2,1,9,1.0
2024-03-24T19:29:15Z,26.486352,-77.009912,0.23,65.8,1,9,1.0
2024-03-24T19:29:20Z,26.486352,-77.009910,0.21,328.3,1,9,1.0
2024-03-24T19:29:25Z,26.486357,-77.009917,0.26,270.6,1,9,1.0
2024-03-24T19:29:30Z,26.486367,-77.009928,0.55,330.2,1,8,1.2
2024-03-24T19:29:35Z,26.486368,-77.009942,0.30,325.6,1,8,1.2
2024-03-24T19:29:40Z,26.486373,-77.009945,0.60,299.5,1,9,1.0
2024-03-24T19:29:45Z,26.486367,-77.009943,0.38,30.0,1,9,1.0
2024-03-24T19:29:50Z,26.486360,-77.009947,0.06,140.6,1,9,1.0
2024-03-24T19:29:55Z,26.486352,-77.009933,0.39,57.6,1,9,1.0
2024-03-24T19:30:05Z,26.486372,-77.009918,0.59,347.6,1,9,1.0
2024-03-24T19:30:10Z,26.486393,-77.009917,0.89,2.0,1,9,1.0
2024-03-24T19:30:15Z,26.486385,-77.009917,0.17,36.8,1,9,1.0
2024-03-24T19:30:20Z,26.486375,-77.009925,0.55,194.9,1,9,1.0
2024-03-24T19:30:30Z,26.486378,-77.009913,0.39,20.0,1,9,1.0
2024-03-24T19:30:35Z,26.486378,-77.009912,0.50,31.6,1,9,1.0
2024-03-24T19:30:40Z,26.486373,-77.009908,0.57,154.0,1,9,1.0
2024-03-24T19:30:45Z,26.486362,-77.009902,0.17,99.0,1,9,1.0
2024-03-24T19:30:55Z,26.486362,-77.009888,0.49,28.8,1,8,1.2
2024-03-24T19:31:00Z,26.486357,-77.009877,0.33,69.8,1,8,1.2
2024-03-24T19:31:05Z,26.486355,-77.009877,0.32,143.8,1,8,1.2
2024-03-24T19:31:10Z,26.486358,-77.009877,0.36,8.6,1,9,1.0
2024-03-24T19:31:20Z,26.486342,-77.009885,1.24,175.8,1,9,1.0
2024-03-24T19:31:25Z,26.486330,-77.009887,0.18,200.7,1,8,1.2
2024-03-24T19:31:30Z,26.486338,-77.009897,0.24,279.6,1,8,1.2
2024-03-24T19:31:35Z,26.486342,-77.009902,0.18,315.8,1,9,1.0
2024-03-24T19:31:45Z,26.486347,-77.009912,0.42,196.9,1,9,1.0
2024-03-24T19:31:50Z,26.486338,-77.009920,0.42,174.2,1,9,1.0
2024-03-24T19:31:55Z,26.486343,-77.009927,0.34,6.2,1,9,1.0
2024-03-24T19:32:00Z,26.486355,-77.009933,0.09,50.0,1,9,1.0
2024-03-24T19:32:10Z,26.486343,-77.009927,0.15,119.1,1,8,1.2
2024-03-24T19:32:15Z,26.486335,-77.009918,0.65,172.6,1,9,1.0
2024-03-24T19:32:20Z,26.486323,-77.009923,0.37,194.1,1,9,1.0
2024-03-24T19:32:25Z,26.486330,-77.009928,0.19,129.4,1,9,1.0
2024-03-24T19:32:30Z,26.486337,-77.009925,0.17,57.3,1,9,1.0
2024-03-24T19:32:40Z,26.486343,-77.009927,0.27,103.4,1,9,1.0
2024-03-24T19:32:45Z,26.486340,-77.009927,0.30,13.2,1,9,1.0
2024-03-24T19:32:50Z,26.486353,-77.009933,0.58,339.8,1,9,1.0
2024-03-24T19:32:55Z,26.486363,-77.009935,0.50,352.2,1,9,1.0
2024-03-24T19:33:05Z,26.486367,-77.009942,0.24,218.9,1,7,1.6
2024-03-24T19:33:10Z,26.486360,-77.009940,0.35,339.6,1,9,1.0
2024-03-24T19:33:15Z,26.486330,-77.009922,0.77,151.2,1,8,1.1
2024-03-24T19:33:20Z,26.486327,-77.009927,0.27,166.4,1,8,1.1
2024-03-24T19:33:30Z,26.486345,-77.009928,0.61,13.3,1,9,1.0
2024-03-24T19:33:35Z,26.486353,-77.009923,0.33,106.8,1,9,1.0
2024-03-24T19:33:40Z,26.486350,-77.009918,0.45,28.5,1,9,1.0
2024-03-24T19:33:45Z,26.486350,-77.009915,0.68,29.2,1,9,1.0
2024-03-24T19:33:55Z,26.486362,-77.009902,0.65,66.8,1,8,1.2
2024-03-24T19:34:00Z,26.486358,-77.009890,0.43,128.3,1,8,1.2
2024-03-24T19:34:05Z,26.486360,-77.009878,0.56,145.7,1,8,1.2
2024-03-24T19:34:10Z,26.486353,-77.009877,0.95,166.3,1,8,1.1
2024-03-24T19:34:20Z,26.486338,-77.009872,0.30,95.9,1,9,1.0
2024-03-24T19:34:25Z,26.486333,-77.009872,0.25,189.9,1,8,1.2
2024-03-24T19:34:30Z,26.486330,-77.009875,0.51,170.5,1,8,1.2
2024-03-24T19:34:35Z,26.486335,-77.009877,0.15,11.2,1,8,1.2
2024-03-24T19:34:45Z,26.486343,-77.009888,0.13,297.8,1,9,1.0
2024-03-24T19:34:50Z,26.486335,-77.009897,0.55,194.4,1,9,1.0
2024-03-24T19:34:55Z,26.486328,-77.009897,0.31,234.2,1,8,1.2
2024-03-24T19:35:00Z,26.486335,-77.009903,0.66,5.0,1,8,1.2
2024-03-24T19:35:10Z,26.486337,-77.009918,0.34,238.2,1,8,1.2
2024-03-24T19:35:15Z,26.486333,-77.009915,0.20,292.3,1,8,1.2
2024-03-24T19:35:20Z,26.486340,-77.009908,1.10,353.8,1,9,1.0
2024-03-24T19:35:25Z,26.486348,-77.009900,0.37,22.5,1,9,1.0
2024-03-24T19:35:35Z,26.486345,-77.009893,0.10,291.4,1,9,1.0
2024-03-24T19:35:40Z,26.486342,-77.009890,0.18,298.9,1,9,1.0
2024-03-24T19:35:45Z,26.486337,-77.009890,0.21,182.2,1,9,1.0
2024-03-24T19:35:50Z,26.486337,-77.009895,0.73,181.6,1,9,1.0
2024-03-24T19:36:00Z,26.486327,-77.009888,0.93,132.8,1,8,1.2
2024-03-24T19:36:05Z,26.486322,-77.009882,0.58,143.4,1,8,1.2
2024-03-24T19:36:10Z,26.486335,-77.009890,0.19,4.7,1,8,1.2
2024-03-24T19:36:15Z,26.486340,-77.009893,0.28,291.2,1,9,1.0
2024-03-24T19:36:25Z,26.486358,-77.009912,0.11,149.2,1,9,1.0
2024-03-24T19:36:30Z,26.486367,-77.009917,0.50,349.7,1,9,1.0
2024-03-24T19:36:35Z,26.486363,-77.009915,0.63,297.3,1,9,1.0
2024-03-24T19:36:40Z,26.486352,-77.009908,0.59,148.3,1,9,1.0
2024-03-24T19:36:50Z,26.486342,-77.009898,0.22,50.6,1,9,1.0
2024-03-24T19:36:55Z,26.486333,-77.009895,0.08,357.5,1,8,1.2
2024-03-24T19:37:00Z,26.486328,-77.009893,0.39,18.3,1,8,1.2
2024-03-24T19:37:05Z,26.486322,-77.009883,0.84,127.7,1,8,1.2
2024-03-24T19:37:15Z,26.486323,-77.009885,0.36,135.7,1,9,1.0
2024-03-24T19:37:20Z,26.486327,-77.009885,0.38,351.4,1,9,1.0
2024-03-24T19:37:25Z,26.486348,-77.009887,0.58,13.8,1,9,1.0
2024-03-24T19:37:30Z,26.486343,-77.009875,0.39,87.6,1,9,1.0
2024-03-24T19:37:40Z,26.486337,-77.009853,0.79,125.4,1,9,1.0
2024-03-24T19:37:45Z,26.486342,-77.009850,0.24,39.6,1,9,1.0
2024-03-24T19:37:50Z,26.486345,-77.009845,0.26,51.7,1,9,1.0
2024-03-24T19:37:55Z,26.486342,-77.009840,0.43,159.1,1,9,1.0
2024-03-24T19:38:05Z,26.486328,-77.009830,0.64,358.2,1,8,1.2
2024-03-24T19:38:10Z,26.486325,-77.009833,0.32,298.3,1,9,1.0
2024-03-24T19:38:15Z,26.486345,-77.009852,0.36,313.8,1,8,1.2
2024-03-24T19:38:20Z,26.486357,-77.009865,0.15,222.9,1,8,1.2
2024-03-24T19:38:30Z,26.486362,-77.009887,0.22,324.0,1,8,1.2
2024-03-24T19:38:35Z,26.486365,-77.009890,0.35,352.7,1,9,1.0
2024-03-24T19:38:40Z,26.486368,-77.009892,0.19,203.0,1,9,1.0
2024-03-24T19:38:45Z,26.486362,-77.009900,0.10,313.0,1,9,1.0
2024-03-24T19:38:50Z,26.486353,-77.009895,0.63,9.9,1,9,1.0
2024-03-24T19:38:55Z,26.486355,-77.009892,0.61,169.3,1,9,1.0
2024-03-24T19:39:00Z,26.486323,-77.009888,0.46,161.0,1,9,1.0
2024-03-24T19:39:05Z,26.486330,-77.009892,0.63,344.0,1,8,1.2
2024-03-24T19:39:10Z,26.486327,-77.009893,0.30,149.4,1,8,1.2
2024-03-24T19:39:15Z,26.486338,-77.009895,0.12,85.6,1,8,1.2
2024-03-24T19:39:20Z,26.486350,-77.009892,0.28,48.5,1,9,1.0
2024-03-24T19:39:25Z,26.486370,-77.009905,0.25,43.8,1,9,1.0
2024-03-24T19:39:30Z,26.486365,-77.009897,0.78,172.9,1,9,1.0
2024-03-24T19:39:35Z,26.486358,-77.009897,0.62,143.0,1,9,1.0
2024-03-24T19:39:40Z,26.486347,-77.009892,0.38,161.3,1,9,1.0
2024-03-24T19:39:45Z,26.486333,-77.009885,0.19,113.4,1,9,1.0
2024-03-24T19:39:50Z,26.486338,-77.009882,0.54,66.4,1,9,1.0
2024-03-24T19:39:55Z,26.486338,-77.009870,0.09,62.7,1,9,1.0
2024-03-24T19:40:00Z,26.486338,-77.009867,0.32,30.9,1,9,1.0
2024-03-24T19:40:05Z,26.486342,-77.009868,0.17,120.2,1,9,1.0
2024-03-24T19:40:15Z,26.486350,-77.009868,0.21,106.6,1,8,1.2
2024-03-24T19:40:20Z,26.486328,-77.009863,0.20,1.5,1,8,1.2
2024-03-24T19:40:25Z,26.486313,-77.009863,0.53,164.9,1,9,1.0
2024-03-24T19:40:30Z,26.486315,-77.009872,0.32,155.4,1,8,1.2
2024-03-24T19:40:40Z,26.486305,-77.009885,0.14,355.8,1,8,1.2
2024-03-24T19:40:45Z,26.486312,-77.009888,0.20,207.3,1,8,1.2
2024-03-24T19:40:50Z,26.486320,-77.009898,0.11,292.3,1,8,1.2
2024-03-24T19:40:55Z,26.486325,-77.009905,0.18,10.2,1,8,1.2
2024-03-24T19:41:00Z,26.486320,-77.009907,0.73,153.3,1,9,1.0
2024-03-24T19:41:10Z,26.486292,-77.009898,0.71,169.2,1,8,1.2
2024-03-24T19:41:15Z,26.486282,-77.009895,0.69,135.8,1,8,1.2
2024-03-24T19:41:20Z,26.486300,-77.009902,0.50,342.7,1,8,1.2
2024-03-24T19:41:25Z,26.486310,-77.009902,0.12,72.7,1,8,1.2
2024-03-24T19:41:30Z,26.486327,-77.009912,0.11,155.2,1,8,1.2
2024-03-24T19:41:35Z,26.486335,-77.009922,0.14,203.6,1,8,1.2
2024-03-24T19:41:40Z,26.486340,-77.009925,0.17,173.9,1,8,1.2
2024-03-24T19:41:45Z,26.486342,-77.009928,0.12,184.4,1,8,1.2
2024-03-24T19:41:50Z,26.486347,-77.009928,0.23,11.4,1,8,1.2
2024-03-24T19:42:00Z,26.486358,-77.009932,0.02,142.2,1,8,1.2
2024-03-24T19:42:05Z,26.486357,-77.009935,0.11,141.4,1,8,1.2
2024-03-24T19:42:10Z,26.486350,-77.009930,0.22,152.6,1,8,1.2
2024-03-24T19:42:15Z,26.486337,-77.009917,0.95,149.8,1,8,1.2
2024-03-24T19:42:25Z,26.486340,-77.009902,1.40,151.4,1,9,1.0
2024-03-24T19:42:30Z,26.486333,-77.009892,0.54,144.1,1,9,1.0
2024-03-24T19:42:35Z,26.486332,-77.009885,0.18,205.8,1,9,1.0
2024-03-24T19:42:40Z,26.486342,-77.009883,0.44,7.1,1,9,1.0
2024-03-24T19:42:50Z,26.486350,-77.009878,0.45,304.3,1,9,1.0
2024-03-24T19:42:55Z,26.486355,-77.009892,0.25,238.5,1,8,1.2
2024-03-24T19:43:00Z,26.486343,-77.009895,0.51,178.5,1,8,1.2
2024-03-24T19:43:05Z,26.486338,-77.009895,0.14,77.0,1,8,1.2
2024-03-24T19:43:15Z,26.486360,-77.009913,0.85,318.5,1,8,1.2
2024-03-24T19:43:20Z,26.486342,-77.009913,0.37,247.9,1,8,1.2
2024-03-24T19:43:25Z,26.486365,-77.009932,0.56,7.3,1,8,1.2
2024-03-24T19:43:30Z,26.486365,-77.009933,0.11,269.5,1,8,1.2
2024-03-24T19:43:35Z,26.486362,-77.009930,0.39,352.6,1,8,1.2
2024-03-24T19:43:40Z,26.486355,-77.009932,0.23,41.7,1,8,1.2
2024-03-24T19:43:45Z,26.486363,-77.009930,0.50,96.4,1,8,1.2
2024-03-24T19:43:50Z,26.486367,-77.009915,0.93,73.9,1,9,1.0
2024-03-24T19:43:55Z,26.486377,-77.009910,0.57,66.8,1,9,1.0
2024-03-24T19:44:05Z,26.486365,-77.009895,0.66,96.3,1,9,1.0
2024-03-24T19:44:10Z,26.486372,-77.009888,0.66,355.3,1,9,1.0
2024-03-24T19:44:15Z,26.486385,-77.009893,0.28,101.1,1,8,1.2
2024-03-24T19:44:20Z,26.486372,-77.009892,0.37,183.2,1,8,1.2
2024-03-24T19:44:30Z,26.486362,-77.009887,0.24,127.5,1,9,1.0
2024-03-24T19:44:35Z,26.486352,-77.009887,0.16,244.7,1,8,1.2
2024-03-24T19:44:40Z,26.486338,-77.009892,0.20,118.6,1,8,1.2
2024-03-24T19:44:45Z,26.486342,-77.009903,0.22,226.4,1,8,1.2
2024-03-24T19:44:50Z,26.486342,-77.009907,1.10,234.3,1,8,1.2
2024-03-24T19:44:55Z,26.486358,-77.009908,0.27,160.4,1,8,1.2
2024-03-24T19:45:00Z,26.486360,-77.009913,0.22,257.3,1,8,1.2
2024-03-24T19:45:05Z,26.486382,-77.009927,0.31,328.0,1,9,1.0
2024-03-24T19:45:10Z,26.486382,-77.009928,0.46,210.7,1,9,1.0
2024-03-24T19:45:20Z,26.486347,-77.009932,0.63,170.8,1,8,1.2
2024-03-24T19:45:25Z,26.486338,-77.009928,0.30,89.9,1,8,1.2
2024-03-24T19:45:30Z,26.486358,-77.009928,0.38,42.3,1,8,1.2
2024-03-24T19:45:35Z,26.486365,-77.009912,0.87,136.3,1,8,1.2
2024-03-24T19:45:45Z,26.486365,-77.009903,0.77,122.3,1,9,1.0
2024-03-24T19:45:50Z,26.486355,-77.009888,0.38,86.8,1,8,1.2
2024-03-24T19:45:55Z,26.486353,-77.009878,0.50,136.8,1,8,1.2
2024-03-24T19:46:00Z,26.486357,-77.009882,0.31,133.2,1,8,1.2
2024-03-24T19:46:10Z,26.486358,-77.009892,0.45,232.5,1,8,1.2
2024-03-24T19:46:15Z,26.486348,-77.009897,0.10,140.9,1,8,1.2
2024-03-24T19:46:20Z,26.486355,-77.009903,0.23,296.5,1,8,1.2
2024-03-24T19:46:25Z,26.486362,-77.009908,0.66,339.4,1,8,1.2
2024-03-24T19:46:35Z,26.486342,-77.009918,0.03,221.0,1,8,1.2
2024-03-24T19:46:40Z,26.486343,-77.009917,0.31,354.0,1,9,1.0
2024-03-24T19:46:45Z,26.486318,-77.009913,0.22,201.5,1,9,1.0
2024-03-24T19:46:50Z,26.486307,-77.009915,0.33,167.7,1,9,1.0
2024-03-24T19:47:00Z,26.486328,-77.009923,0.51,45.3,1,8,1.0
2024-03-24T19:47:05Z,26.486367,-77.009942,0.77,343.8,1,8,1.0
2024-03-24T19:47:10Z,26.486368,-77.009930,0.55,16.8,1,8,1.0
2024-03-24T19:47:15Z,26.486377,-77.009935,0.13,357.8,1,9,1.0
2024-03-24T19:47:25Z,26.486388,-77.009928,0.45,36.4,1,9,1.0
2024-03-24T19:47:30Z,26.486385,-77.009928,0.48,100.1,1,9,1.0
2024-03-24T19:47:35Z,26.486392,-77.009932,0.17,125.5,1,9,1.0
2024-03-24T19:47:40Z,26.486378,-77.009925,0.03,57.3,1,9,1.0
2024-03-24T19:47:50Z,26.486357,-77.009923,0.24,164.9,1,9,1.0
2024-03-24T19:47:55Z,26.486345,-77.009915,0.62,76.5,1,9,1.0
2024-03-24T19:48:00Z,26.486348,-77.009925,0.23,108.1,1,9,1.0
2024-03-24T19:48:05Z,26.486365,-77.009933,0.33,32.5,1,8,1.0
2024-03-24T19:48:15Z,26.486357,-77.009930,0.17,209.6,1,8,1.2
2024-03-24T19:48:20Z,26.486357,-77.009930,0.14,228.9,1,8,1.2
2024-03-24T19:48:25Z,26.486350,-77.009932,0.34,32.5,1,8,1.2
2024-03-24T19:48:30Z,26.486348,-77.009932,0.45,212.2,1,8,1.2
2024-03-24T19:48:40Z,26.486333,-77.009930,0.07,86.0,1,7,1.5
2024-03-24T19:48:45Z,26.486338,-77.009933,0.63,333.6,1,7,1.5
2024-03-24T19:48:50Z,26.486332,-77.009927,0.13,100.4,1,9,1.0
2024-03-24T19:48:55Z,26.486342,-77.009928,0.19,348.9,1,9,1.0
2024-03-24T19:49:05Z,26.486333,-77.009915,0.96,168.4,1,9,1.0
2024-03-24T19:49:10Z,26.486337,-77.009920,0.20,271.3,1,9,1.0
2024-03-24T19:49:15Z,26.486340,-77.009927,0.31,46.8,1,8,1.2
2024-03-24T19:49:20Z,26.486345,-77.009928,0.25,332.1,1,7,1.5
2024-03-24T19:49:30Z,26.486327,-77.009917,0.68,175.1,1,8,1.2
2024-03-24T19:49:35Z,26.486327,-77.009913,0.32,304.3,1,8,1.2
2024-03-24T19:49:40Z,26.486318,-77.009915,0.56,170.4,1,8,1.2
2024-03-24T19:49:45Z,26.486315,-77.009913,0.36,143.2,1,8,1.2
2024-03-24T19:49:50Z,26.486303,-77.009903,0.12,11.9,1,8,1.2
2024-03-24T19:49:55Z,26.486305,-77.009893,0.13,78.9,1,9,1.0
2024-03-24T19:50:00Z,26.486322,-77.009895,0.61,82.1,1,9,1.0
2024-03-24T19:50:05Z,26.486327,-77.009900,0.88,322.7,1,9,1.0
2024-03-24T19:50:10Z,26.486323,-77.009890,0.24,13.5,1,8,1.2
2024-03-24T19:50:20Z,26.486292,-77.009885,0.04,47.9,1,8,1.2
2024-03-24T19:50:25Z,26.486302,-77.009893,0.26,259.9,1,8,1.2
2024-03-24T19:50:30Z,26.486312,-77.009898,0.19,274.9,1,8,1.2
2024-03-24T19:50:35Z,26.486313,-77.009898,0.23,184.9,1,8,1.2
2024-03-24T19:50:45Z,26.486337,-77.009897,0.55,335.6,1,8,1.2
2024-03-24T19:50:50Z,26.486337,-77.009900,0.56,166.1,1,8,1.2
2024-03-24T19:50:55Z,26.486343,-77.009905,0.50,344.0,1,8,1.2
2024-03-24T19:51:00Z,26.486325,-77.009903,0.14,122.1,1,8,1.2
2024-03-24T19:51:05Z,26.486343,-77.009905,0.29,34.0,1,8,1.2
2024-03-24T19:51:10Z,26.486335,-77.009908,0.13,286.7,1,8,1.2
2024-03-24T19:51:15Z,26.486322,-77.009908,0.63,29.0,1,8,1.2
2024-03-24T19:51:20Z,26.486330,-77.009907,0.15,70.8,1,9,1.0
2024-03-24T19:51:25Z,26.486335,-77.009907,0.18,7.7,1,8,1.2
2024-03-24T19:51:30Z,26.486342,-77.009912,0.41,93.6,1,8,1.2
2024-03-24T19:51:35Z,26.486330,-77.009898,0.25,349.2,1,9,1.0
2024-03-24T19:51:40Z,26.486330,-77.009893,0.67,143.6,1,9,1.0
2024-03-24T19:51:45Z,26.486323,-77.009895,0.34,171.3,1,9,1.0
2024-03-24T19:51:50Z,26.486325,-77.009893,0.72,151.0,1,9,1.0
2024-03-24T19:51:55Z,26.486322,-77.009882,0.11,225.0,1,9,1.0
2024-03-24T19:52:00Z,26.486335,-77.009882,0.36,1.4,1,9,1.0
2024-03-24T19:52:05Z,26.486325,-77.009880,0.80,146.8,1,9,1.0
2024-03-24T19:52:15Z,26.486327,-77.009890,0.64,166.6,1,9,1.0
2024-03-24T19:52:20Z,26.486325,-77.009888,0.45,157.0,1,9,1.0
2024-03-24T19:52:25Z,26.486320,-77.009880,0.91,178.9,1,9,0.9
2024-03-24T19:52:30Z,26.486305,-77.009882,0.75,167.6,1,9,0.9
2024-03-24T19:52:35Z,26.486305,-77.009872,0.34,152.6,1,9,0.9
2024-03-24T19:52:45Z,26.486357,-77.009907,0.43,18.7,1,8,1.2
2024-03-24T19:52:50Z,26.486362,-77.009908,0.12,219.2,1,8,1.2
2024-03-24T19:52:55Z,26.486367,-77.009910,0.02,101.3,1,8,1.2
2024-03-24T19:53:00Z,26.486368,-77.009920,0.57,187.9,1,8,1.2
2024-03-24T19:53:10Z,26.486353,-77.009922,0.66,179.1,1,8,1.2
2024-03-24T19:53:15Z,26.486350,-77.009923,0.38,3.2,1,8,1.2
2024-03-24T19:53:20Z,26.486362,-77.009932,0.16,118.6,1,8,1.2
2024-03-24T19:53:25Z,26.486352,-77.009930,0.50,173.7,1,9,0.9
2024-03-24T19:53:30Z,26.486350,-77.009925,1.37,149.0,1,9,0.9
2024-03-24T19:53:40Z,26.486367,-77.009927,2.16,356.3,1,9,0.9
2024-03-24T19:53:45Z,26.486410,-77.009937,0.88,356.9,1,9,0.9
2024-03-24T19:53:50Z,26.486403,-77.009937,0.42,18.5,1,9,0.9
2024-03-24T19:53:55Z,26.486387,-77.009927,0.91,158.6,1,9,0.9
2024-03-24T19:54:00Z,26.486375,-77.009923,1.11,151.9,1,9,0.9
2024-03-24T19:54:10Z,26.486360,-77.009928,1.48,165.7,1,9,0.9
2024-03-24T19:54:15Z,26.486362,-77.009912,0.44,39.2,1,9,0.9
2024-03-24T19:54:20Z,26.486360,-77.009913,0.10,218.8,1,9,0.9
2024-03-24T19:54:25Z,26.486355,-77.009913,0.72,158.8,1,9,0.9
2024-03-24T19:54:30Z,26.486338,-77.009900,0.90,146.0,1,9,0.9
2024-03-24T19:54:35Z,26.486323,-77.009892,0.49,127.3,1,9,0.9
2024-03-24T19:54:40Z,26.486320,-77.009892,0.28,350.0,1,9,0.9
2024-03-24T19:54:45Z,26.486303,-77.009877,0.11,168.1,1,8,1.2
2024-03-24T19:54:50Z,26.486308,-77.009873,0.43,162.9,1,8,1.2
2024-03-24T19:54:55Z,26.486328,-77.009860,0.29,118.8,1,8,1.2
2024-03-24T19:55:00Z,26.486332,-77.009867,0.57,327.2,1,8,1.2
2024-03-24T19:55:10Z,26.486343,-77.009883,0.10,317.3,1,8,1.2
2024-03-24T19:55:15Z,26.486370,-77.009892,0.52,156.3,1,8,1.2
2024-03-24T19:55:20Z,26.486385,-77.009900,0.39,318.0,1,8,1.2
2024-03-24T19:55:25Z,26.486380,-77.009913,0.29,202.9,1,8,1.2
2024-03-24T19:55:30Z,26.486365,-77.009897,0.18,314.0,1,8,1.2
2024-03-24T19:55:35Z,26.486367,-77.009900,0.32,151.2,1,8,1.2
2024-03-24T19:55:40Z,26.486328,-77.009908,0.47,157.4,1,8,1.2
2024-03-24T19:55:45Z,26.486310,-77.009905,0.34,234.9,1,8,1.2
2024-03-24T19:55:50Z,26.486337,-77.009903,0.66,34.0,1,9,0.9
2024-03-24T19:55:55Z,26.486353,-77.009895,0.96,163.7,1,9,0.9
2024-03-24T19:56:05Z,26.486363,-77.009893,0.32,179.1,1,9,0.9
2024-03-24T19:56:10Z,26.486360,-77.009892,0.35,163.3,1,8,1.2
2024-03-24T19:56:15Z,26.486358,-77.009897,0.43,203.7,1,9,0.9
2024-03-24T19:56:20Z,26.486358,-77.009910,0.22,118.0,1,9,0.9
2024-03-24T19:56:25Z,26.486357,-77.009888,0.85,128.5,1,9,0.9
2024-03-24T19:56:35Z,26.486327,-77.009888,0.02,45.5,1,8,1.2
2024-03-24T19:56:40Z,26.486327,-77.009882,0.32,250.4,1,8,1.2
2024-03-24T19:56:45Z,26.486330,-77.009893,0.43,294.3,1,8,1.2
2024-03-24T19:56:50Z,26.486337,-77.009897,0.46,342.6,1,8,1.2
2024-03-24T19:56:55Z,26.486343,-77.009890,0.20,249.5,1,8,1.2
2024-03-24T19:57:05Z,26.486337,-77.009890,0.10,35.1,1,8,1.2
2024-03-24T19:57:10Z,26.486342,-77.009895,0.53,133.4,1,8,1.2
2024-03-24T19:57:15Z,26.486372,-77.009898,0.82,1.1,1,8,1.2
2024-03-24T19:57:20Z,26.486373,-77.009892,0.45,23.2,1,9,0.9
2024-03-24T19:57:30Z,26.486380,-77.009912,0.33,325.7,1,9,0.9
2024-03-24T19:57:35Z,26.486358,-77.009902,0.81,138.1,1,8,1.2
2024-03-24T19:57:40Z,26.486363,-77.009890,0.34,146.5,1,9,0.9
2024-03-24T19:57:45Z,26.486365,-77.009897,0.53,355.0,1,8,1.2
2024-03-24T19:57:50Z,26.486365,-77.009895,0.38,255.4,1,9,0.9
2024-03-24T19:58:00Z,26.486338,-77.009902,0.11,9.3,1,8,1.2
2024-03-24T19:58:05Z,26.486352,-77.009917,0.85,322.3,1,8,1.2
2024-03-24T19:58:10Z,26.486373,-77.009925,0.19,207.6,1,8,1.2
2024-03-24T19:58:15Z,26.486382,-77.009935,0.51,37.2,1,8,1.2
2024-03-24T19:58:20Z,26.486388,-77.009938,0.58,343.4,1,7,1.2
2024-03-24T19:58:30Z,26.486345,-77.009928,0.35,356.9,1,8,1.2
2024-03-24T19:58:35Z,26.486333,-77.009928,0.72,317.8,1,8,1.2
2024-03-24T19:58:40Z,26.486333,-77.009923,0.61,105.9,1,9,0.9
2024-03-24T19:58:45Z,26.486352,-77.009917,0.95,7.1,1,9,0.9
2024-03-24T19:58:50Z,26.486372,-77.009922,0.49,339.1,1,8,1.0
2024-03-24T19:58:55Z,26.486368,-77.009922,0.73,202.1,1,8,1.0
2024-03-24T19:59:00Z,26.486352,-77.009913,0.84,138.5,1,9,0.9
2024-03-24T19:59:05Z,26.486347,-77.009910,0.43,122.6,1,8,1.0
2024-03-24T19:59:10Z,26.486335,-77.009900,1.18,156.4,1,9,0.9
2024-03-24T19:59:15Z,26.486322,-77.009885,0.56,167.4,1,9,0.9
2024-03-24T19:59:20Z,26.486338,-77.009887,0.66,345.2,1,8,1.2
2024-03-24T19:59:25Z,26.486357,-77.009897,0.54,326.8,1,8,1.2
2024-03-24T19:59:30Z,26.486372,-77.009910,0.59,281.6,1,8,1.2
2024-03-24T19:59:35Z,26.486372,-77.009917,0.13,256.7,1,7,1.2
2024-03-24T19:59:40Z,26.486363,-77.009918,0.23,341.0,1,8,1.2
2024-03-24T19:59:45Z,26.486363,-77.009920,0.36,138.8,1,8,1.2
2024-03-24T19:59:55Z,26.486360,-77.009903,0.46,234.9,1,9,0.9
2024-03-24T20:00:00Z,26.486360,-77.009897,0.82,96.9,1,9,0.9
2024-03-24T20:00:05Z,26.486365,-77.009912,0.34,70.7,1,8,1.0
2024-03-24T20:00:10Z,26.486353,-77.009908,0.47,146.8,1,9,0.9
2024-03-24T20:00:15Z,26.486372,-77.009897,0.93,352.3,1,9,0.9
2024-03-24T20:00:20Z,26.486380,-77.009890,0.46,89.6,1,9,0.9
2024-03-24T20:00:25Z,26.486368,-77.009877,1.14,160.0,1,8,1.2
2024-03-24T20:00:30Z,26.486362,-77.009887,0.48,200.8,1,8,1.2
2024-03-24T20:00:35Z,26.486365,-77.009897,0.43,311.7,1,8,1.2
2024-03-24T20:00:40Z,26.486378,-77.009902,0.61,189.7,1,8,1.2
2024-03-24T20:00:50Z,26.486418,-77.009947,0.36,340.4,1,8,1.2
2024-03-24T20:00:55Z,26.486425,-77.009950,0.48,28.6,1,8,1.2
2024-03-24T20:01:00Z,26.486437,-77.009942,0.31,22.3,1,9,0.9
2024-03-24T20:01:05Z,26.486452,-77.009930,0.86,101.5,1,9,0.9
2024-03-24T20:01:10Z,26.486473,-77.009908,1.23,57.3,1,9,0.9
2024-03-24T20:01:15Z,26.486472,-77.009882,0.90,20.6,1,8,1.2
2024-03-24T20:01:20Z,26.486485,-77.009872,0.42,39.6,1,9,0.9
2024-03-24T20:01:25Z,26.486495,-77.009868,0.21,111.5,1,8,1.0
2024-03-24T20:01:30Z,26.486500,-77.009852,0.54,329.2,1,8,1.2
2024-03-24T20:01:35Z,26.486540,-77.009877,0.99,324.3,1,8,1.2
2024-03-24T20:01:40Z,26.486562,-77.009883,0.58,332.6,1,8,1.2
2024-03-24T20:01:45Z,26.486573,-77.009892,1.23,339.8,1,8,1.2
2024-03-24T20:01:50Z,26.486593,-77.009900,0.63,325.2,1,8,1.2
2024-03-24T20:01:55Z,26.486598,-77.009922,0.45,202.1,1,8,1.2
2024-03-24T20:02:00Z,26.486613,-77.009948,1.42,294.4,1,8,1.2
2024-03-24T20:02:05Z,26.486608,-77.009948,0.62,285.0,1,8,1.2
2024-03-24T20:02:15Z,26.486582,-77.009968,0.89,208.5,1,9,0.9
2024-03-24T20:02:20Z,26.486563,-77.009983,1.00,219.2,1,8,1.2
2024-03-24T20:02:25Z,26.486548,-77.010012,0.96,228.9,1,9,0.9
2024-03-24T20:02:30Z,26.486540,-77.010030,1.13,210.1,1,8,1.2
2024-03-24T20:02:35Z,26.486543,-77.010068,1.58,243.2,1,7,1.7
2024-03-24T20:02:40Z,26.486528,-77.010115,2.50,275.0,1,8,1.2
2024-03-24T20:02:45Z,26.486503,-77.010175,2.73,264.2,1,9,0.9
2024-03-24T20:02:50Z,26.486502,-77.010255,2.95,262.3,1,9,0.9
2024-03-24T20:02:55Z,26.486485,-77.010332,3.04,264.3,1,8,1.2
2024-03-24T20:03:00Z,26.486473,-77.010403,3.17,262.8,1,9,0.9
2024-03-24T20:03:05Z,26.486468,-77.010462,2.07,261.6,1,9,0.9
2024-03-24T20:03:10Z,26.486447,-77.010535,2.43,254.8,1,9,0.9
2024-03-24T20:03:20Z,26.486370,-77.010697,3.08,242.5,1,9,0.9
2024-03-24T20:03:25Z,26.486330,-77.010772,3.13,239.2,1,9,0.9
2024-03-24T20:03:30Z,26.486287,-77.010843,3.24,236.4,1,9,0.9
2024-03-24T20:03:35Z,26.486245,-77.010922,4.13,230.4,1,9,0.9
2024-03-24T20:03:40Z,26.486193,-77.010993,3.27,236.7,1,9,0.9
2024-03-24T20:03:45Z,26.486127,-77.011090,3.50,222.3,1,8,1.0
2024-03-24T20:03:55Z,26.486043,-77.011215,4.21,229.7,1,8,1.0
2024-03-24T20:04:00Z,26.485973,-77.011280,4.43,218.4,1,9,0.9
2024-03-24T20:04:05Z,26.485913,-77.011357,4.18,231.1,1,9,0.9
2024-03-24T20:04:10Z,26.485848,-77.011452,4.66,229.3,1,8,1.2
2024-03-24T20:04:15Z,26.485775,-77.011552,4.34,230.2,1,9,0.9
2024-03-24T20:04:25Z,26.485652,-77.011705,3.49,224.0,1,9,0.9
2024-03-24T20:04:30Z,26.485580,-77.011792,4.18,222.0,1,9,0.9
2024-03-24T20:04:35Z,26.485517,-77.011855,3.85,214.3,1,8,0.9
2024-03-24T20:04:40Z,26.485457,-77.011920,2.96,218.4,1,9,0.9
2024-03-24T20:04:45Z,26.485383,-77.012002,4.06,221.0,1,8,1.2
2024-03-24T20:04:50Z,26.485295,-77.012088,4.76,214.2,1,8,1.2
2024-03-24T20:04:55Z,26.485217,-77.012168,4.38,216.1,1,9,0.9
2024-03-24T20:05:00Z,26.485145,-77.012228,3.93,210.7,1,9,0.9
2024-03-24T20:05:05Z,26.485038,-77.012295,4.36,213.8,1,9,0.9
2024-03-24T20:05:10Z,26.484952,-77.012367,4.33,215.2,1,9,0.9
2024-03-24T20:05:15Z,26.484883,-77.012432,3.80,209.3,1,9,0.9
2024-03-24T20:05:20Z,26.484818,-77.012493,3.84,215.5,1,9,0.9
2024-03-24T20:05:25Z,26.484733,-77.012568,4.03,217.1,1,8,1.2
2024-03-24T20:05:35Z,26.484557,-77.012705,4.05,217.5,1,8,1.2
2024-03-24T20:05:40Z,26.484488,-77.012772,4.42,215.8,1,8,1.2
2024-03-24T20:05:45Z,26.484412,-77.012863,3.87,211.5,1,8,1.2
2024-03-24T20:05:50Z,26.484338,-77.012938,4.35,220.2,1,7,1.4
2024-03-24T20:05:55Z,26.484257,-77.013013,4.16,222.1,1,8,1.0
2024-03-24T20:06:00Z,26.484168,-77.013097,5.02,219.4,1,9,0.9
2024-03-24T20:06:05Z,26.484080,-77.013183,4.68,219.2,1,9,0.9
2024-03-24T20:06:10Z,26.484023,-77.013253,4.49,225.2,1,9,0.9
2024-03-24T20:06:15Z,26.483947,-77.013335,4.91,228.5,1,9,0.9
2024-03-24T20:06:20Z,26.483845,-77.013427,4.22,231.4,1,9,0.9
2024-03-24T20:06:25Z,26.483782,-77.013522,4.09,231.0,1,9,0.9
2024-03-24T20:06:30Z,26.483698,-77.013617,4.89,225.7,1,9,0.9
2024-03-24T20:06:40Z,26.483518,-77.013815,4.75,218.6,1,8,1.2
2024-03-24T20:06:45Z,26.483447,-77.013908,4.56,226.4,1,9,0.9
2024-03-24T20:06:50Z,26.483360,-77.013987,4.41,217.9,1,8,1.0
2024-03-24T20:06:55Z,26.483283,-77.014068,4.68,225.2,1,8,1.0
2024-03-24T20:07:00Z,26.483190,-77.014152,4.45,216.3,1,7,1.2
2024-03-24T20:07:05Z,26.483108,-77.014233,5.19,224.9,1,9,0.9
2024-03-24T20:07:15Z,26.482925,-77.014428,4.36,225.4,1,9,0.9
2024-03-24T20:07:20Z,26.482848,-77.014508,4.95,221.4,1,8,1.2
2024-03-24T20:07:25Z,26.482760,-77.014605,4.18,219.0,1,9,0.9
2024-03-24T20:07:30Z,26.482680,-77.014665,4.72,224.1,1,9,0.9
2024-03-24T20:07:35Z,26.482597,-77.014735,5.31,223.2,1,9,0.9
2024-03-24T20:07:40Z,26.482533,-77.014823,4.32,229.2,1,8,1.0
2024-03-24T20:07:50Z,26.482342,-77.015015,6.20,222.5,1,9,0.9
2024-03-24T20:07:55Z,26.482252,-77.015110,4.33,220.2,1,9,0.9
2024-03-24T20:08:00Z,26.482180,-77.015187,5.29,222.9,1,9,0.9
2024-03-24T20:08:05Z,26.482092,-77.015278,5.47,225.7,1,9,0.9
2024-03-24T20:08:10Z,26.481997,-77.015360,4.95,225.5,1,8,1.0
2024-03-24T20:08:15Z,26.481905,-77.015443,5.50,219.6,1,7,1.6
2024-03-24T20:08:25Z,26.481693,-77.015650,6.05,220.1,1,8,1.2
2024-03-24T20:08:30Z,26.481592,-77.015762,4.96,222.6,1,7,1.6
2024-03-24T20:08:35Z,26.481497,-77.015862,5.69,219.6,1,8,1.2
2024-03-24T20:08:40Z,26.481407,-77.015960,5.63,229.5,1,8,1.2
2024-03-24T20:08:45Z,26.481308,-77.016063,5.80,220.7,1,7,1.6
2024-03-24T20:08:50Z,26.481218,-77.016157,6.64,230.3,1,7,1.4
2024-03-24T20:09:00Z,26.481055,-77.016332,5.10,225.3,1,6,1.7
2024-03-24T20:09:05Z,26.480978,-77.016398,5.67,215.8,1,7,1.4
2024-03-24T20:09:10Z,26.480892,-77.016478,4.78,219.5,1,7,1.4
2024-03-24T20:09:15Z,26.480810,-77.016565,5.18,219.2,1,7,1.4
2024-03-24T20:09:20Z,26.480730,-77.016660,5.24,222.7,1,7,1.4
2024-03-24T20:09:25Z,26.480650,-77.016743,5.08,225.7,1,7,1.4
2024-03-24T20:09:35Z,26.480483,-77.016872,5.19,221.2,2,6,1.7
2024-03-24T20:09:40Z,26.480410,-77.016962,5.09,218.4,2,6,1.7
2024-03-24T20:09:45Z,26.480338,-77.017050,5.50,232.1,2,6,1.7
2024-03-24T20:09:50Z,26.480242,-77.017167,6.12,229.0,2,7,1.4
2024-03-24T20:09:55Z,26.480132,-77.017247,5.79,226.7,2,7,1.4
2024-03-24T20:10:00Z,26.480055,-77.017355,5.62,228.4,2,7,1.4
2024-03-24T20:10:10Z,26.479877,-77.017533,5.40,222.8,2,7,1.4
2024-03-24T20:10:15Z,26.479778,-77.017627,5.27,217.6,2,8,1.2
2024-03-24T20:10:20Z,26.479665,-77.017707,5.14,218.1,2,7,1.3
2024-03-24T20:10:25Z,26.479570,-77.017778,4.61,217.2,2,8,1.2
2024-03-24T20:10:30Z,26.479483,-77.017877,5.39,222.5,2,8,1.2
2024-03-24T20:10:35Z,26.479402,-77.017978,5.51,222.2,2,8,1.2
2024-03-24T20:10:45Z,26.479228,-77.018137,4.59,217.5,2,8,1.2
2024-03-24T20:10:50Z,26.479152,-77.018210,5.21,223.8,2,6,1.7
2024-03-24T20:10:55Z,26.479068,-77.018307,5.25,226.7,2,5,1.9
2024-03-24T20:11:00Z,26.479000,-77.018413,5.96,224.6,2,7,1.4
2024-03-24T20:11:05Z,26.478918,-77.018533,5.43,219.1,2,6,1.7
2024-03-24T20:11:10Z,26.478855,-77.018598,4.91,224.6,2,8,1.2
2024-03-24T20:11:20Z,26.478677,-77.018768,5.09,223.9,2,8,1.2
2024-03-24T20:11:25Z,26.478568,-77.018858,5.05,222.2,2,7,1.4
2024-03-24T20:11:30Z,26.478470,-77.018937,5.35,213.6,2,6,1.7
2024-03-24T20:11:35Z,26.478422,-77.019005,3.65,226.2,2,8,1.2
2024-03-24T20:11:40Z,26.478360,-77.019085,4.75,220.1,2,7,1.4
2024-03-24T20:11:45Z,26.478240,-77.019167,4.92,222.0,2,7,1.4
2024-03-24T20:11:55Z,26.478043,-77.019352,5.20,220.6,2,7,1.4
2024-03-24T20:12:00Z,26.477973,-77.019438,4.78,228.0,2,7,1.4
2024-03-24T20:12:05Z,26.477898,-77.019528,5.57,216.1,2,8,1.2
2024-03-24T20:12:10Z,26.477815,-77.019610,4.86,220.5,2,8,1.1
2024-03-24T20:12:15Z,26.477732,-77.019690,5.07,226.9,2,8,1.1
2024-03-24T20:12:20Z,26.477670,-77.019770,4.40,229.5,2,8,1.1
2024-03-24T20:12:30Z,26.477527,-77.019925,5.04,223.8,2,6,1.7
2024-03-24T20:12:35Z,26.477462,-77.019998,4.86,221.0,2,7,1.4
2024-03-24T20:12:40Z,26.477372,-77.020087,4.86,218.8,2,7,1.4
2024-03-24T20:12:45Z,26.477297,-77.020175,3.61,214.5,2,7,1.4
2024-03-24T20:12:50Z,26.477218,-77.020273,5.05,221.5,2,7,1.4
2024-03-24T20:12:55Z,26.477127,-77.020350,4.69,220.3,2,8,1.1
2024-03-24T20:13:05Z,26.476975,-77.020467,3.89,213.0,2,8,1.1
2024-03-24T20:13:10Z,26.476917,-77.020525,3.37,221.2,2,8,1.1
2024-03-24T20:13:15Z,26.476850,-77.020582,4.29,219.4,2,7,1.4
2024-03-24T20:13:20Z,26.476777,-77.020657,3.99,223.4,2,8,1.1
2024-03-24T20:13:25Z,26.476693,-77.020738,4.75,217.2,2,8,1.1
2024-03-24T20:13:30Z,26.476630,-77.020797,4.29,214.7,2,8,1.1
2024-03-24T20:13:40Z,26.476465,-77.021008,4.33,230.6,2,8,1.1
2024-03-24T20:13:45Z,26.476378,-77.021077,5.10,217.6,2,7,1.3
2024-03-24T20:13:50Z,26.476333,-77.021147,4.32,228.6,2,7,1.3
2024-03-24T20:13:55Z,26.476245,-77.021222,4.46,221.3,2,7,1.3
2024-03-24T20:14:00Z,26.476207,-77.021308,3.78,224.8,2,7,1.3
2024-03-24T20:14:05Z,26.476135,-77.021360,3.55,213.7,2,7,1.3
2024-03-24T20:14:15Z,26.476003,-77.021483,3.96,219.8,2,8,1.1
2024-03-24T20:14:20Z,26.475928,-77.021543,3.42,219.2,2,8,1.1
2024-03-24T20:14:25Z,26.475855,-77.021595,3.49,225.2,2,8,1.1
2024-03-24T20:14:30Z,26.475797,-77.021670,3.46,220.2,2,8,1.1
2024-03-24T20:14:35Z,26.475705,-77.021783,4.87,218.9,2,7,1.3
2024-03-24T20:14:40Z,26.475608,-77.021888,4.90,225.0,2,7,1.3
2024-03-24T20:14:50Z,26.475505,-77.022042,3.95,232.0,2,7,1.3
2024-03-24T20:14:55Z,26.475418,-77.022122,4.70,223.3,2,6,1.7
2024-03-24T20:15:00Z,26.475340,-77.022198,4.25,224.5,2,7,1.3
2024-03-24T20:15:05Z,26.475232,-77.022313,5.67,220.6,2,6,1.7
2024-03-24T20:15:10Z,26.475125,-77.022413,4.93,225.9,2,7,1.3
2024-03-24T20:15:15Z,26.475043,-77.022487,4.34,226.4,2,7,1.3
2024-03-24T20:15:25Z,26.474892,-77.022645,4.30,222.7,2,7,1.3
2024-03-24T20:15:30Z,26.474812,-77.022725,4.60,223.9,2,7,1.3
2024-03-24T20:15:35Z,26.474727,-77.022823,4.46,220.7,2,8,1.1
2024-03-24T20:15:40Z,26.474652,-77.022893,4.76,223.1,2,8,1.1
2024-03-24T20:15:45Z,26.474585,-77.022958,4.48,217.9,2,8,1.1
2024-03-24T20:15:50Z,26.474505,-77.023048,4.81,221.6,2,8,1.1
2024-03-24T20:16:00Z,26.474312,-77.023215,5.40,218.7,2,8,1.1
2024-03-24T20:16:05Z,26.474237,-77.023305,4.89,229.6,2,8,1.1
2024-03-24T20:16:10Z,26.474175,-77.023385,4.96,222.8,1,8,1.1
2024-03-24T20:16:15Z,26.474088,-77.023472,5.18,224.9,1,7,1.3
2024-03-24T20:16:20Z,26.473993,-77.023557,5.19,221.3,1,7,1.3
2024-03-24T20:16:25Z,26.473907,-77.023633,4.94,223.0,1,7,1.3
2024-03-24T20:16:35Z,26.473747,-77.023802,4.86,220.5,1,7,1.3
2024-03-24T20:16:40Z,26.473675,-77.023872,4.76,220.6,1,7,1.3
2024-03-24T20:16:45Z,26.473607,-77.023947,4.23,222.3,1,8,1.1
2024-03-24T20:16:50Z,26.473535,-77.024023,4.92,219.2,1,8,1.1
2024-03-24T20:16:55Z,26.473452,-77.024095,4.21,213.5,1,8,1.1
2024-03-24T20:17:00Z,26.473377,-77.024175,4.74,223.4,1,8,1.1
2024-03-24T20:17:10Z,26.473218,-77.024337,4.79,220.4,1,8,1.1
2024-03-24T20:17:15Z,26.473132,-77.024407,4.42,218.8,1,8,1.1
2024-03-24T20:17:20Z,26.473050,-77.024497,5.32,220.1,1,8,1.1
2024-03-24T20:17:25Z,26.472982,-77.024575,4.25,225.7,1,8,1.1
2024-03-24T20:17:30Z,26.472917,-77.024645,3.92,223.3,1,8,1.1
2024-03-24T20:17:35Z,26.472842,-77.024723,4.20,216.5,1,7,1.3
2024-03-24T20:17:45Z,26.472678,-77.024855,4.39,222.4,1,7,1.3
2024-03-24T20:17:50Z,26.472598,-77.024940,4.57,226.2,1,7,1.3
2024-03-24T20:17:55Z,26.472520,-77.025013,4.74,221.0,1,7,1.3
2024-03-24T20:18:00Z,26.472453,-77.025107,5.22,227.8,1,7,1.3
2024-03-24T20:18:05Z,26.472375,-77.025187,4.35,222.3,1,6,1.7
2024-03-24T20:18:15Z,26.472233,-77.025305,4.43,213.8,1,7,1.3
2024-03-24T20:18:20Z,26.472165,-77.025370,4.60,219.7,1,8,1.1
2024-03-24T20:18:25Z,26.472105,-77.025437,4.92,218.5,1,8,1.1
2024-03-24T20:18:30Z,26.472040,-77.025520,4.53,221.1,1,8,1.1
2024-03-24T20:18:35Z,26.471958,-77.025593,4.83,218.2,1,8,1.1
2024-03-24T20:18:40Z,26.471872,-77.025677,4.21,224.8,1,7,1.3
2024-03-24T20:18:50Z,26.471725,-77.025843,4.36,219.8,1,7,1.3
2024-03-24T20:18:55Z,26.471657,-77.025902,4.44,224.0,1,7,1.3
2024-03-24T20:19:00Z,26.471572,-77.026000,4.94,218.7,1,7,1.3
2024-03-24T20:19:05Z,26.471482,-77.026085,5.32,221.6,1,7,1.3
2024-03-24T20:19:10Z,26.471385,-77.026173,5.11,218.0,1,7,1.3
2024-03-24T20:19:15Z,26.471303,-77.026263,4.52,224.0,1,7,1.3
2024-03-24T20:19:25Z,26.471135,-77.026442,5.04,216.1,1,7,1.3
2024-03-24T20:19:30Z,26.471052,-77.026528,4.79,220.7,1,7,1.3
2024-03-24T20:19:35Z,26.470960,-77.026608,4.98,219.1,1,7,1.3
2024-03-24T20:19:40Z,26.470882,-77.026680,4.44,222.0,1,7,1.3
2024-03-24T20:19:45Z,26.470805,-77.026753,4.92,210.8,1,7,1.3
2024-03-24T20:19:50Z,26.470723,-77.026832,4.34,220.6,1,7,1.3
2024-03-24T20:19:55Z,26.470627,-77.026933,5.47,223.1,1,7,1.3
2024-03-24T20:20:00Z,26.470540,-77.027025,4.49,225.2,1,7,1.3
2024-03-24T20:20:05Z,26.470472,-77.027060,4.00,218.8,1,8,1.1
2024-03-24T20:20:10Z,26.470422,-77.027127,3.36,223.9,1,8,1.1
2024-03-24T20:20:15Z,26.470330,-77.027213,4.12,221.8,1,8,1.1
2024-03-24T20:20:20Z,26.470225,-77.027292,4.73,218.4,1,8,1.1
2024-03-24T20:20:30Z,26.470067,-77.027455,4.47,223.6,1,7,1.3
2024-03-24T20:20:35Z,26.469982,-77.027532,4.53,224.6,1,7,1.3
2024-03-24T20:20:40Z,26.469897,-77.027600,4.39,220.0,1,7,1.3
2024-03-24T20:20:45Z,26.469823,-77.027677,4.46,220.4,1,7,1.3
2024-03-24T20:20:50Z,26.469735,-77.027752,4.44,223.8,1,7,1.3
2024-03-24T20:20:55Z,26.469648,-77.027840,4.87,220.0,1,7,1.3
2024-03-24T20:21:00Z,26.469575,-77.027937,5.03,228.3,1,7,1.3
2024-03-24T20:21:05Z,26.469513,-77.028033,4.14,227.0,1,7,1.3
2024-03-24T20:21:10Z,26.469403,-77.028115,5.50,214.9,1,7,1.3
2024-03-24T20:21:15Z,26.469320,-77.028197,5.40,225.2,1,7,1.3
2024-03-24T20:21:20Z,26.469245,-77.028283,5.05,225.1,1,7,1.3
2024-03-24T20:21:25Z,26.469147,-77.028372,4.80,218.8,1,7,1.3
2024-03-24T20:21:35Z,26.468963,-77.028557,5.24,221.8,1,7,1.3
2024-03-24T20:21:40Z,26.468875,-77.028643,5.46,216.0,1,6,1.7
2024-03-24T20:21:45Z,26.468782,-77.028722,4.77,215.6,1,7,1.3
2024-03-24T20:21:50Z,26.468682,-77.028793,4.82,224.4,1,7,1.3
2024-03-24T20:21:55Z,26.468588,-77.028875,4.70,218.0,1,7,1.3
2024-03-24T20:22:05Z,26.468387,-77.029025,5.08,213.8,1,6,1.7
2024-03-24T20:22:10Z,26.468313,-77.029122,5.53,216.8,1,7,1.3
2024-03-24T20:22:15Z,26.468202,-77.029233,5.09,220.7,1,6,1.7
2024-03-24T20:22:20Z,26.468127,-77.029308,4.15,221.2,1,6,1.7
2024-03-24T20:22:25Z,26.468018,-77.029378,4.99,218.0,1,5,1.7
2024-03-24T20:22:30Z,26.467947,-77.029448,5.22,216.0,1,7,1.3
2024-03-24T20:22:35Z,26.467862,-77.029542,4.55,222.1,1,6,1.7
2024-03-24T20:22:40Z,26.467787,-77.029623,4.36,221.7,1,8,1.1
2024-03-24T20:22:45Z,26.467708,-77.029698,4.38,216.2,1,7,1.1
2024-03-24T20:22:50Z,26.467632,-77.029778,3.84,226.2,1,8,1.1
2024-03-24T20:22:55Z,26.467537,-77.029845,4.60,213.8,1,8,1.1
2024-03-24T20:23:00Z,26.467435,-77.029912,4.27,211.5,1,8,1.1
2024-03-24T20:23:10Z,26.467265,-77.030060,4.67,219.4,1,8,1.1
2024-03-24T20:23:15Z,26.467193,-77.030125,4.11,209.2,1,8,1.1
2024-03-24T20:23:20Z,26.467117,-77.030193,4.76,219.9,1,7,1.3
2024-03-24T20:23:25Z,26.467030,-77.030272,3.88,224.7,1,7,1.3
2024-03-24T20:23:30Z,26.466945,-77.030342,4.37,218.3,1,7,1.3
2024-03-24T20:23:35Z,26.466882,-77.030393,4.73,220.9,1,7,1.3
2024-03-24T20:23:40Z,26.466782,-77.030472,4.68,217.3,1,7,1.3
2024-03-24T20:23:45Z,26.466705,-77.030563,4.90,219.0,1,7,1.3
2024-03-24T20:23:50Z,26.466608,-77.030638,4.35,219.4,1,6,1.8
2024-03-24T20:23:55Z,26.466540,-77.030683,3.96,217.7,1,7,1.3
2024-03-24T20:24:00Z,26.466463,-77.030773,4.89,215.2,1,7,1.3
2024-03-24T20:24:05Z,26.466387,-77.030847,5.00,215.9,1,7,1.3
2024-03-24T20:24:10Z,26.466298,-77.030900,4.97,210.2,1,7,1.3
2024-03-24T20:24:15Z,26.466213,-77.030983,4.64,219.2,1,7,1.3
2024-03-24T20:24:20Z,26.466163,-77.031045,3.44,238.5,1,7,1.3
2024-03-24T20:24:25Z,26.466085,-77.031125,4.23,222.1,1,7,1.3
2024-03-24T20:24:30Z,26.466018,-77.031207,4.17,225.6,1,7,1.3
2024-03-24T20:24:35Z,26.465945,-77.031292,5.38,221.7,1,7,1.3
2024-03-24T20:24:40Z,26.465875,-77.031362,5.00,220.2,1,7,1.3
2024-03-24T20:24:45Z,26.465767,-77.031450,4.73,220.7,1,7,1.3
2024-03-24T20:24:50Z,26.465693,-77.031520,4.20,218.7,1,7,1.3
2024-03-24T20:24:55Z,26.465622,-77.031592,4.47,220.0,1,7,1.3
2024-03-24T20:25:00Z,26.465535,-77.031655,4.81,211.6,1,7,1.3
2024-03-24T20:25:05Z,26.465445,-77.031765,3.64,231.2,1,6,1.6
2024-03-24T20:25:15Z,26.465295,-77.031932,5.18,221.8,1,7,1.3
2024-03-24T20:25:20Z,26.465192,-77.032042,4.78,219.3,1,7,1.3
2024-03-24T20:25:25Z,26.465107,-77.032118,4.72,214.7,1,7,1.3
2024-03-24T20:25:30Z,26.465010,-77.032202,6.27,215.9,1,6,1.6
2024-03-24T20:25:35Z,26.464922,-77.032268,5.53,218.6,1,7,1.3
2024-03-24T20:25:45Z,26.464777,-77.032435,4.92,219.0,1,7,1.3
2024-03-24T20:25:50Z,26.464702,-77.032512,5.56,222.3,1,7,1.3
2024-03-24T20:25:55Z,26.464618,-77.032582,4.65,223.2,1,7,1.3
2024-03-24T20:26:00Z,26.464557,-77.032665,4.66,226.2,1,7,1.3
2024-03-24T20:26:05Z,26.464478,-77.032747,4.92,225.6,1,7,1.3
2024-03-24T20:26:10Z,26.464383,-77.032840,4.57,221.6,1,7,1.3
2024-03-24T20:26:20Z,26.464233,-77.033005,4.96,224.6,1,7,1.3
2024-03-24T20:26:25Z,26.464150,-77.033085,5.66,222.6,1,7,1.3
2024-03-24T20:26:30Z,26.464098,-77.033143,3.98,216.7,1,7,1.3
2024-03-24T20:26:35Z,26.464010,-77.033243,4.98,221.2,1,7,1.3
2024-03-24T20:26:40Z,26.463933,-77.033320,4.70,222.3,1,6,1.4
2024-03-24T20:26:50Z,26.463787,-77.033450,6.22,219.4,1,7,1.3
2024-03-24T20:26:55Z,26.463668,-77.033572,4.43,217.3,1,7,1.3
2024-03-24T20:27:00Z,26.463587,-77.033637,5.07,220.9,1,7,1.3
2024-03-24T20:27:05Z,26.463532,-77.033707,3.86,224.7,1,7,1.3
2024-03-24T20:27:10Z,26.463467,-77.033787,4.92,224.6,1,7,1.3
2024-03-24T20:27:15Z,26.463408,-77.033865,4.50,231.3,1,7,1.3
2024-03-24T20:27:25Z,26.463247,-77.034038,4.72,221.6,1,7,1.3
2024-03-24T20:27:30Z,26.463170,-77.034115,5.42,224.8,1,7,1.3
2024-03-24T20:27:35Z,26.463118,-77.034172,3.56,228.7,1,7,1.3
2024-03-24T20:27:40Z,26.463037,-77.034260,4.68,220.5,1,7,1.3
2024-03-24T20:27:45Z,26.462967,-77.034322,4.43,218.2,1,7,1.3
2024-03-24T20:27:50Z,26.462898,-77.034397,4.61,219.4,1,7,1.3
2024-03-24T20:27:55Z,26.462782,-77.034483,6.17,218.0,1,7,1.3
2024-03-24T20:28:00Z,26.462717,-77.034548,4.24,229.8,1,7,1.3
2024-03-24T20:28:05Z,26.462682,-77.034598,4.35,222.3,1,7,1.3
2024-03-24T20:28:10Z,26.462607,-77.034675,4.20,227.6,1,7,1.3
2024-03-24T20:28:15Z,26.462525,-77.034757,4.35,224.8,1,7,1.3
2024-03-24T20:28:20Z,26.462467,-77.034830,4.70,222.7,1,7,1.3
2024-03-24T20:28:25Z,26.462402,-77.034900,4.65,221.8,1,7,1.3
2024-03-24T20:28:30Z,26.462342,-77.034958,3.33,222.9,1,7,1.3
2024-03-24T20:28:35Z,26.462268,-77.035025,4.24,222.5,1,7,1.3
2024-03-24T20:28:40Z,26.462208,-77.035075,4.03,214.4,1,7,1.3
2024-03-24T20:28:45Z,26.462125,-77.035140,3.45,223.4,1,7,1.3
2024-03-24T20:28:50Z,26.462057,-77.035212,4.93,219.2,1,7,1.3
2024-03-24T20:28:55Z,26.461965,-77.035303,4.65,217.9,1,7,1.3
2024-03-24T20:29:00Z,26.461893,-77.035378,4.57,221.2,1,7,1.3
2024-03-24T20:29:05Z,26.461825,-77.035447,3.94,225.3,1,7,1.3
2024-03-24T20:29:10Z,26.461770,-77.035512,3.73,219.6,1,7,1.3
2024-03-24T20:29:15Z,26.461730,-77.035575,2.87,223.0,1,7,1.3
2024-03-24T20:29:25Z,26.461582,-77.035722,3.91,225.5,1,7,1.3
2024-03-24T20:29:30Z,26.461495,-77.035783,4.43,222.9,1,7,1.3
2024-03-24T20:29:35Z,26.461428,-77.035853,4.59,219.2,1,7,1.3
2024-03-24T20:29:40Z,26.461370,-77.035912,3.74,222.2,1,7,1.3
2024-03-24T20:29:50Z,26.461210,-77.036068,5.07,225.5,1,7,1.3
2024-03-24T20:29:55Z,26.461140,-77.036153,4.83,219.8,1,7,1.3
2024-03-24T20:30:00Z,26.461068,-77.036228,4.50,222.4,1,7,1.3
2024-03-24T20:30:05Z,26.460995,-77.036308,4.42,226.8,1,7,1.3
2024-03-24T20:30:10Z,26.460912,-77.036393,4.43,221.7,1,7,1.3
2024-03-24T20:30:20Z,26.460737,-77.036562,4.77,226.4,1,7,1.3
2024-03-24T20:30:25Z,26.460663,-77.036630,4.45,222.5,1,7,1.3
2024-03-24T20:30:30Z,26.460575,-77.036710,4.34,220.5,1,7,1.3
2024-03-24T20:30:35Z,26.460545,-77.036740,3.94,226.4,1,7,1.3
2024-03-24T20:30:40Z,26.460472,-77.036807,4.40,220.4,1,7,1.3
2024-03-24T20:30:45Z,26.460420,-77.036873,4.21,224.9,1,7,1.3
2024-03-24T20:30:50Z,26.460350,-77.036943,3.74,232.8,1,7,1.3
2024-03-24T20:30:55Z,26.460293,-77.037010,3.55,228.3,1,6,1.4
2024-03-24T20:31:00Z,26.460228,-77.037077,3.60,226.0,1,7,1.3
2024-03-24T20:31:05Z,26.460158,-77.037128,3.78,218.2,1,7,1.3
2024-03-24T20:31:10Z,26.460082,-77.037203,4.57,220.6,1,7,1.3
2024-03-24T20:31:20Z,26.459938,-77.037343,4.06,221.8,1,8,1.0
2024-03-24T20:31:25Z,26.459882,-77.037408,3.99,228.0,1,7,1.3
2024-03-24T20:31:30Z,26.459805,-77.037470,4.14,215.9,1,6,1.4
2024-03-24T20:31:35Z,26.459748,-77.037548,3.73,236.0,1,7,1.3
2024-03-24T20:31:40Z,26.459722,-77.037600,3.97,227.4,1,7,1.3
2024-03-24T20:31:50Z,26.459568,-77.037737,3.81,225.1,1,7,1.3
2024-03-24T20:31:55Z,26.459510,-77.037790,4.05,227.9,1,7,1.3
2024-03-24T20:32:00Z,26.459472,-77.037857,4.29,222.0,1,7,1.3
2024-03-24T20:32:05Z,26.459400,-77.037948,4.09,225.3,1,7,1.3
2024-03-24T20:32:10Z,26.459328,-77.038027,4.30,236.0,1,7,1.3
2024-03-24T20:32:20Z,26.459172,-77.038183,5.55,225.7,1,7,1.3
2024-03-24T20:32:25Z,26.459122,-77.038250,3.68,220.8,1,7,1.3
2024-03-24T20:32:30Z,26.459053,-77.038308,4.02,215.3,1,7,1.3
2024-03-24T20:32:35Z,26.458968,-77.038377,3.84,215.9,1,7,1.3
2024-03-24T20:32:40Z,26.458893,-77.038450,4.06,227.2,1,7,1.3
2024-03-24T20:32:50Z,26.458758,-77.038615,4.64,227.7,1,7,1.3
2024-03-24T20:32:55Z,26.458677,-77.038720,4.83,223.8,1,8,1.0
2024-03-24T20:33:00Z,26.458593,-77.038810,4.30,225.7,1,8,1.0
2024-03-24T20:33:05Z,26.458510,-77.038867,4.12,216.0,1,8,1.0
2024-03-24T20:33:10Z,26.458457,-77.038930,4.04,221.6,1,8,1.0
2024-03-24T20:33:15Z,26.458388,-77.038995,4.04,220.6,1,7,1.3
2024-03-24T20:33:25Z,26.458212,-77.039145,4.92,210.5,1,8,1.0
2024-03-24T20:33:30Z,26.458138,-77.039215,5.46,209.4,1,8,1.0
2024-03-24T20:33:35Z,26.458065,-77.039282,2.95,227.3,1,8,1.0
2024-03-24T20:33:40Z,26.457998,-77.039353,3.77,218.7,1,7,1.2
2024-03-24T20:33:45Z,26.457963,-77.039412,3.22,225.2,1,7,1.2
2024-03-24T20:33:50Z,26.457893,-77.039467,3.85,208.8,1,8,1.0
2024-03-24T20:34:00Z,26.457755,-77.039505,1.93,163.9,1,8,1.0
2024-03-24T20:34:05Z,26.457673,-77.039472,3.62,171.5,1,8,1.0
2024-03-24T20:34:10Z,26.457610,-77.039470,3.17,139.3,1,8,1.0
2024-03-24T20:34:15Z,26.457495,-77.039430,3.96,161.1,1,7,1.2
2024-03-24T20:34:20Z,26.457408,-77.039380,3.63,166.7,1,8,1.0
2024-03-24T20:34:25Z,26.457327,-77.039387,4.83,156.4,1,8,1.0
2024-03-24T20:34:30Z,26.457230,-77.039340,3.22,148.9,1,8,1.0
2024-03-24T20:34:35Z,26.457147,-77.039285,4.28,150.1,1,8,1.0
2024-03-24T20:34:40Z,26.457058,-77.039232,3.73,148.3,1,8,1.0
2024-03-24T20:34:45Z,26.456983,-77.039135,4.44,142.5,1,8,1.0
2024-03-24T20:34:50Z,26.456900,-77.039070,4.61,141.7,1,8,1.0
2024-03-24T20:34:55Z,26.456825,-77.038987,4.88,135.8,1,8,1.0
2024-03-24T20:35:05Z,26.456683,-77.038827,4.61,129.0,1,7,1.2
2024-03-24T20:35:10Z,26.456610,-77.038715,4.65,135.3,1,7,1.2
2024-03-24T20:35:15Z,26.456535,-77.038630,4.85,136.7,1,7,1.2
2024-03-24T20:35:20Z,26.456462,-77.038548,5.20,133.2,1,7,1.2
2024-03-24T20:35:25Z,26.456388,-77.038448,5.45,129.6,1,7,1.2
2024-03-24T20:35:35Z,26.456230,-77.038247,5.29,132.1,1,7,1.2
2024-03-24T20:35:40Z,26.456147,-77.038157,5.07,136.2,1,8,1.0
2024-03-24T20:35:45Z,26.456065,-77.038065,5.28,132.9,1,8,1.0
2024-03-24T20:35:50Z,26.455968,-77.037960,5.62,132.6,1,8,1.0
2024-03-24T20:35:55Z,26.455877,-77.037860,5.83,135.9,1,8,1.0
2024-03-24T20:36:00Z,26.455797,-77.037757,5.33,132.8,1,7,1.2
2024-03-24T20:36:10Z,26.455628,-77.037550,5.69,132.1,1,7,1.2
2024-03-24T20:36:15Z,26.455538,-77.037442,5.94,133.7,1,7,1.2
2024-03-24T20:36:20Z,26.455453,-77.037322,6.15,131.8,1,7,1.2
2024-03-24T20:36:25Z,26.455370,-77.037205,5.32,132.0,1,7,1.2
2024-03-24T20:36:30Z,26.455280,-77.037105,5.97,130.4,1,7,1.2
2024-03-24T20:36:35Z,26.455180,-77.037002,5.81,132.1,1,7,1.2
2024-03-24T20:36:45Z,26.454997,-77.036773,6.01,132.1,1,7,1.2
2024-03-24T20:36:50Z,26.454912,-77.036668,5.29,131.2,1,7,1.2
2024-03-24T20:36:55Z,26.454828,-77.036560,5.59,133.7,1,7,1.2
2024-03-24T20:37:00Z,26.454743,-77.036462,5.43,137.5,1,7,1.2
2024-03-24T20:37:05Z,26.454638,-77.036385,5.67,138.0,1,7,1.2
2024-03-24T20:37:10Z,26.454547,-77.036300,5.90,136.9,1,7,1.2
2024-03-24T20:37:20Z,26.454367,-77.036095,5.26,141.8,1,7,1.2
2024-03-24T20:37:25Z,26.454272,-77.035990,5.43,133.8,1,7,1.2
2024-03-24T20:37:30Z,26.454177,-77.035925,4.92,138.1,1,7,1.2
2024-03-24T20:37:35Z,26.454092,-77.035815,5.52,129.1,1,7,1.2
2024-03-24T20:37:40Z,26.454008,-77.035690,5.50,132.1,1,7,1.2
2024-03-24T20:37:50Z,26.453842,-77.035463,5.04,131.9,1,7,1.2
2024-03-24T20:37:55Z,26.453765,-77.035402,5.10,139.0,1,7,1.2
2024-03-24T20:38:00Z,26.453682,-77.035317,5.92,128.6,1,7,1.2
2024-03-24T20:38:05Z,26.453585,-77.035193,4.97,138.4,1,7,1.2
2024-03-24T20:38:10Z,26.453503,-77.035112,4.89,131.0,1,7,1.2
2024-03-24T20:38:15Z,26.453430,-77.035023,4.94,135.0,1,7,1.2
2024-03-24T20:38:25Z,26.453275,-77.034845,4.77,132.2,1,7,1.2
2024-03-24T20:38:30Z,26.453197,-77.034748,5.06,132.0,1,7,1.2
2024-03-24T20:38:35Z,26.453112,-77.034653,4.89,140.5,1,7,1.2
2024-03-24T20:38:40Z,26.453025,-77.034582,4.77,137.2,1,7,1.2
2024-03-24T20:38:45Z,26.452943,-77.034502,4.80,139.3,1,7,1.2
2024-03-24T20:38:50Z,26.452872,-77.034422,5.05,135.1,1,7,1.2
2024-03-24T20:39:00Z,26.452693,-77.034262,4.39,144.9,1,7,1.2
2024-03-24T20:39:05Z,26.452615,-77.034175,4.90,137.4,1,7,1.2
2024-03-24T20:39:10Z,26.452528,-77.034092,4.98,131.1,1,7,1.2
2024-03-24T20:39:15Z,26.452455,-77.034015,4.87,138.7,1,7,1.2
2024-03-24T20:39:20Z,26.452370,-77.033945,4.61,136.8,1,7,1.2
2024-03-24T20:39:30Z,26.452212,-77.033793,5.16,147.9,1,7,1.2
2024-03-24T20:39:35Z,26.452130,-77.033722,4.63,138.8,1,7,1.2
2024-03-24T20:39:40Z,26.452050,-77.033648,4.54,147.2,1,7,1.2
2024-03-24T20:39:45Z,26.451962,-77.033557,5.10,138.2,1,7,1.2
2024-03-24T20:39:50Z,26.451865,-77.033475,4.83,140.2,1,7,1.2
2024-03-24T20:39:55Z,26.451777,-77.033398,5.41,136.9,1,7,1.2
2024-03-24T20:40:05Z,26.451582,-77.033167,5.91,132.4,1,7,1.2
2024-03-24T20:40:10Z,26.451492,-77.033072,5.66,135.4,1,7,1.2
2024-03-24T20:40:15Z,26.451408,-77.032995,5.00,139.6,1,7,1.2
2024-03-24T20:40:20Z,26.451312,-77.032897,5.51,129.4,1,7,1.2
2024-03-24T20:40:25Z,26.451215,-77.032793,5.14,133.6,1,6,1.3
2024-03-24T20:40:35Z,26.451035,-77.032623,4.83,143.3,1,8,1.0
2024-03-24T20:40:40Z,26.450947,-77.032533,5.39,132.7,1,7,1.2
2024-03-24T20:40:45Z,26.450860,-77.032452,5.89,128.6,1,7,1.2
2024-03-24T20:40:50Z,26.450772,-77.032350,5.44,137.2,1,7,1.2
2024-03-24T20:40:55Z,26.450682,-77.032257,5.47,138.9,1,7,1.2
2024-03-24T20:41:00Z,26.450588,-77.032168,4.94,138.3,1,7,1.2
2024-03-24T20:41:10Z,26.450395,-77.031980,5.33,134.1,1,7,1.2
2024-03-24T20:41:15Z,26.450305,-77.031895,4.80,137.9,1,7,1.2
2024-03-24T20:41:20Z,26.450208,-77.031802,4.82,135.1,1,7,1.2
2024-03-24T20:41:25Z,26.450118,-77.031710,5.27,135.6,1,7,1.2
2024-03-24T20:41:30Z,26.450028,-77.031640,4.86,141.1,1,8,1.0
2024-03-24T20:41:35Z,26.449938,-77.031548,4.92,140.1,1,8,1.0
2024-03-24T20:41:40Z,26.449833,-77.031478,4.65,139.5,1,8,1.0
2024-03-24T20:41:45Z,26.449750,-77.031403,5.14,143.3,1,7,1.2
2024-03-24T20:41:50Z,26.449660,-77.031317,4.93,142.1,1,7,1.2
2024-03-24T20:41:55Z,26.449568,-77.031198,5.02,137.2,1,7,1.2
2024-03-24T20:42:00Z,26.449480,-77.031078,5.33,132.8,1,7,1.2
2024-03-24T20:42:05Z,26.449398,-77.030972,4.89,133.2,1,7,1.2
2024-03-24T20:42:15Z,26.449222,-77.030817,4.65,144.5,1,7,1.2
2024-03-24T20:42:20Z,26.449127,-77.030745,4.66,133.7,1,7,1.2
2024-03-24T20:42:25Z,26.449037,-77.030662,5.15,135.1,1,7,1.2
2024-03-24T20:42:30Z,26.448945,-77.030590,4.94,138.2,1,7,1.2
2024-03-24T20:42:35Z,26.448863,-77.030522,4.61,143.7,1,7,1.2
2024-03-24T20:42:45Z,26.448712,-77.030355,5.29,132.5,1,7,1.2
2024-03-24T20:42:50Z,26.448628,-77.030263,5.07,137.3,1,7,1.2
2024-03-24T20:42:55Z,26.448547,-77.030190,5.00,131.8,1,8,1.0
2024-03-24T20:43:00Z,26.448458,-77.030108,5.21,136.8,1,8,1.0
2024-03-24T20:43:05Z,26.448375,-77.030040,4.82,135.2,1,7,1.2
2024-03-24T20:43:10Z,26.448292,-77.029948,5.24,144.2,1,7,1.2
2024-03-24T20:43:20Z,26.448107,-77.029758,5.84,142.4,1,7,1.2
2024-03-24T20:43:25Z,26.448017,-77.029663,5.25,135.7,1,7,1.2
2024-03-24T20:43:30Z,26.447940,-77.029572,5.11,135.2,1,7,1.2
2024-03-24T20:43:35Z,26.447857,-77.029503,4.75,144.1,1,7,1.2
2024-03-24T20:43:40Z,26.447753,-77.029425,5.17,142.3,1,8,1.0
2024-03-24T20:43:45Z,26.447683,-77.029343,3.88,141.4,1,8,1.0
2024-03-24T20:43:50Z,26.447602,-77.029267,5.16,139.2,1,7,1.2
2024-03-24T20:43:55Z,26.447515,-77.029177,4.43,137.5,1,7,1.2
2024-03-24T20:44:00Z,26.447413,-77.029065,5.52,137.8,1,7,1.2
2024-03-24T20:44:05Z,26.447328,-77.028990,4.57,136.7,1,7,1.2
2024-03-24T20:44:10Z,26.447238,-77.028915,5.08,140.0,1,7,1.2
2024-03-24T20:44:15Z,26.447158,-77.028823,4.75,137.9,1,7,1.2
2024-03-24T20:44:25Z,26.446990,-77.028670,4.56,140.7,1,6,2.1
2024-03-24T20:44:30Z,26.446915,-77.028612,4.19,135.4,1,7,1.2
2024-03-24T20:44:35Z,26.446837,-77.028540,4.42,132.3,1,8,1.0
2024-03-24T20:44:40Z,26.446748,-77.028460,4.94,141.7,1,8,1.0
2024-03-24T20:44:45Z,26.446663,-77.028397,4.38,143.6,1,7,1.2
2024-03-24T20:44:55Z,26.446503,-77.028262,4.77,142.0,1,7,1.2
2024-03-24T20:45:00Z,26.446423,-77.028168,5.22,139.9,1,7,1.2
2024-03-24T20:45:05Z,26.446342,-77.028078,5.06,140.8,1,7,1.2
2024-03-24T20:45:10Z,26.446245,-77.027992,4.95,143.8,1,7,1.2
2024-03-24T20:45:15Z,26.446145,-77.027880,5.46,136.4,1,7,1.2
2024-03-24T20:45:20Z,26.446057,-77.027788,4.97,141.6,1,8,1.0
2024-03-24T20:45:30Z,26.445873,-77.027623,5.14,144.2,1,8,1.0
2024-03-24T20:45:35Z,26.445777,-77.027542,5.59,137.7,1,6,1.4
2024-03-24T20:45:40Z,26.445677,-77.027452,5.00,147.7,1,8,1.0
2024-03-24T20:45:45Z,26.445602,-77.027390,4.50,146.6,1,7,1.2
2024-03-24T20:45:50Z,26.445512,-77.027305,5.05,141.1,1,7,1.2
2024-03-24T20:45:55Z,26.445412,-77.027225,4.48,141.8,1,7,1.2
2024-03-24T20:46:05Z,26.445233,-77.027073,4.72,154.0,1,7,1.2
2024-03-24T20:46:10Z,26.445148,-77.026962,5.36,136.2,1,7,1.2
2024-03-24T20:46:15Z,26.445073,-77.026847,5.21,133.8,1,7,1.2
2024-03-24T20:46:20Z,26.444982,-77.026757,5.06,144.3,1,8,1.0
2024-03-24T20:46:25Z,26.444887,-77.026672,4.57,148.9,1,8,1.0
2024-03-24T20:46:35Z,26.444693,-77.026527,5.06,143.9,1,6,1.5
2024-03-24T20:46:40Z,26.444612,-77.026452,5.03,136.2,1,7,1.2
2024-03-24T20:46:45Z,26.444512,-77.026357,5.18,135.1,1,7,1.2
2024-03-24T20:46:50Z,26.444443,-77.026262,4.32,132.9,1,7,1.2
2024-03-24T20:46:55Z,26.444348,-77.026163,5.33,131.7,1,7,1.2
2024-03-24T20:47:00Z,26.444270,-77.026065,5.25,140.1,1,7,1.2
2024-03-24T20:47:10Z,26.444083,-77.025898,5.55,143.8,1,8,1.0
2024-03-24T20:47:15Z,26.443978,-77.025790,6.09,135.2,1,6,1.5
2024-03-24T20:47:20Z,26.443890,-77.025670,5.56,135.0,1,7,1.2
2024-03-24T20:47:25Z,26.443797,-77.025570,5.96,137.6,1,7,1.2
2024-03-24T20:47:30Z,26.443705,-77.025473,5.34,131.1,1,7,1.2
2024-03-24T20:47:35Z,26.443608,-77.025363,5.48,137.4,1,7,1.2
2024-03-24T20:47:45Z,26.443398,-77.025157,5.89,139.8,1,7,1.2
2024-03-24T20:47:50Z,26.443295,-77.025058,5.61,138.8,1,7,1.2
2024-03-24T20:47:55Z,26.443202,-77.024978,5.00,139.3,1,7,1.2
2024-03-24T20:48:00Z,26.443105,-77.024898,5.24,149.8,1,8,1.0
2024-03-24T20:48:05Z,26.443007,-77.024813,5.03,142.3,1,7,1.2
2024-03-24T20:48:10Z,26.442908,-77.024750,5.44,139.9,1,8,1.0
2024-03-24T20:48:15Z,26.442807,-77.024663,5.71,146.9,1,8,1.0
2024-03-24T20:48:20Z,26.442710,-77.024580,5.93,148.1,1,7,1.2
2024-03-24T20:48:25Z,26.442615,-77.024493,5.13,141.7,1,7,1.2
2024-03-24T20:48:30Z,26.442517,-77.024390,5.19,142.8,1,7,1.2
2024-03-24T20:48:35Z,26.442432,-77.024302,5.24,142.9,1,7,1.2
2024-03-24T20:48:40Z,26.442343,-77.024213,5.13,142.7,1,7,1.2
2024-03-24T20:48:50Z,26.442162,-77.024017,5.34,137.1,1,6,1.5
2024-03-24T20:48:55Z,26.442083,-77.023928,5.12,134.6,1,7,1.2
2024-03-24T20:49:00Z,26.441987,-77.023840,5.16,134.4,1,7,1.2
2024-03-24T20:49:05Z,26.441917,-77.023753,4.92,137.9,1,7,1.2
2024-03-24T20:49:10Z,26.441820,-77.023657,5.30,141.5,1,7,1.2
2024-03-24T20:49:20Z,26.441642,-77.023482,4.58,137.0,1,7,1.2
2024-03-24T20:49:25Z,26.441542,-77.023412,5.21,136.9,1,7,1.2
2024-03-24T20:49:30Z,26.441443,-77.023345,5.29,142.0,1,7,1.2
2024-03-24T20:49:35Z,26.441342,-77.023287,5.10,147.3,1,7,1.2
2024-03-24T20:49:40Z,26.441255,-77.023203,5.31,148.8,1,7,1.2
2024-03-24T20:49:45Z,26.441162,-77.023093,5.32,141.3,1,8,1.0
2024-03-24T20:49:55Z,26.440973,-77.022915,5.22,143.0,1,8,1.0
2024-03-24T20:50:00Z,26.440888,-77.022825,5.16,132.0,1,8,1.0
2024-03-24T20:50:05Z,26.440797,-77.022745,5.19,136.8,1,8,1.0
2024-03-24T20:50:10Z,26.440708,-77.022660,5.30,139.9,1,7,1.2
2024-03-24T20:50:15Z,26.440615,-77.022577,4.78,137.1,1,7,1.2
2024-03-24T20:50:20Z,26.440537,-77.022490,4.57,150.0,1,7,1.2
2024-03-24T20:50:30Z,26.440358,-77.022292,5.26,140.6,1,6,1.5
2024-03-24T20:50:35Z,26.440277,-77.022207,5.01,140.8,1,6,1.5
2024-03-24T20:50:40Z,26.440198,-77.022138,4.76,146.8,1,6,1.5
2024-03-24T20:50:45Z,26.440102,-77.022072,5.23,144.6,1,6,1.5
2024-03-24T20:50:50Z,26.440007,-77.021992,5.24,141.2,1,6,1.5
2024-03-24T20:51:00Z,26.439835,-77.021825,5.21,141.5,1,6,1.5
2024-03-24T20:51:05Z,26.439725,-77.021713,5.38,139.2,1,6,1.5
2024-03-24T20:51:10Z,26.439628,-77.021630,5.46,141.3,1,6,1.5
2024-03-24T20:51:15Z,26.439520,-77.021548,5.47,142.9,1,6,1.5
2024-03-24T20:51:20Z,26.439430,-77.021483,4.87,148.2,1,7,1.2
2024-03-24T20:51:30Z,26.439242,-77.021293,5.04,138.4,1,6,1.5
2024-03-24T20:51:35Z,26.439155,-77.021212,5.16,137.0,1,6,1.5
2024-03-24T20:51:40Z,26.439060,-77.021127,5.23,141.8,1,6,1.5
2024-03-24T20:51:45Z,26.438963,-77.021037,5.26,146.3,1,6,1.5
2024-03-24T20:51:50Z,26.438842,-77.020928,5.90,139.7,1,6,1.5
2024-03-24T20:51:55Z,26.438742,-77.020837,5.75,142.7,1,6,1.5
2024-03-24T20:52:05Z,26.438558,-77.020675,5.44,139.2,1,6,1.5
2024-03-24T20:52:10Z,26.438465,-77.020590,5.12,144.3,1,6,1.5
2024-03-24T20:52:15Z,26.438380,-77.020510,5.27,145.1,1,6,1.5
2024-03-24T20:52:20Z,26.438282,-77.020438,5.27,144.7,1,6,1.5
2024-03-24T20:52:25Z,26.438200,-77.020360,5.28,141.4,1,6,1.5
2024-03-24T20:52:35Z,26.438013,-77.020192,5.23,143.5,1,7,1.5
2024-03-24T20:52:40Z,26.437908,-77.020113,5.26,145.1,1,7,1.5
2024-03-24T20:52:45Z,26.437810,-77.020023,5.26,142.5,1,7,1.5
2024-03-24T20:52:50Z,26.437703,-77.019932,5.12,142.9,1,7,1.5
2024-03-24T20:52:55Z,26.437602,-77.019843,5.37,142.3,1,7,1.5
2024-03-24T20:53:00Z,26.437505,-77.019765,5.17,141.1,1,7,1.5
2024-03-24T20:53:10Z,26.437320,-77.019612,5.11,144.6,1,7,1.5
2024-03-24T20:53:15Z,26.437235,-77.019528,5.23,139.6,1,7,1.5
2024-03-24T20:53:20Z,26.437143,-77.019437,5.34,140.3,1,7,1.5
2024-03-24T20:53:25Z,26.437042,-77.019352,5.55,139.9,1,7,1.5
2024-03-24T20:53:30Z,26.436950,-77.019268,5.52,138.2,1,7,1.5
2024-03-24T20:53:40Z,26.436725,-77.019062,6.08,137.3,1,7,1.5
2024-03-24T20:53:45Z,26.436625,-77.018968,5.93,140.1,1,7,1.5
2024-03-24T20:53:50Z,26.436517,-77.018870,6.29,138.1,1,7,1.5
2024-03-24T20:53:55Z,26.436415,-77.018788,5.56,142.6,1,7,1.5
2024-03-24T20:54:00Z,26.436323,-77.018703,5.42,144.8,1,7,1.5
2024-03-24T20:54:05Z,26.436232,-77.018618,5.16,141.2,1,7,1.5
2024-03-24T20:54:15Z,26.436042,-77.018465,5.03,145.5,1,7,1.5
2024-03-24T20:54:20Z,26.435945,-77.018397,4.80,147.6,1,8,1.1
2024-03-24T20:54:25Z,26.435840,-77.018317,5.24,144.6,1,8,1.1
2024-03-24T20:54:30Z,26.435745,-77.018238,5.14,145.2,1,8,1.1
2024-03-24T20:54:35Z,26.435645,-77.018157,5.02,145.4,1,7,1.5
2024-03-24T20:54:45Z,26.435450,-77.018003,5.00,142.0,1,7,1.5
2024-03-24T20:54:50Z,26.435362,-77.017930,5.17,143.1,1,7,1.5
2024-03-24T20:54:55Z,26.435272,-77.017853,4.97,142.6,1,7,1.5
2024-03-24T20:55:00Z,26.435200,-77.017787,4.82,142.2,1,7,1.5
2024-03-24T20:55:05Z,26.435115,-77.017713,4.82,140.6,1,7,1.5
2024-03-24T20:55:10Z,26.435015,-77.017630,5.28,138.3,1,7,1.5
2024-03-24T20:55:20Z,26.434832,-77.017475,5.09,142.2,1,7,1.5
2024-03-24T20:55:25Z,26.434735,-77.017395,5.45,144.8,1,7,1.5
2024-03-24T20:55:30Z,26.434647,-77.017320,5.32,143.0,1,7,1.5
2024-03-24T20:55:35Z,26.434562,-77.017242,5.07,141.5,1,7,1.5
2024-03-24T20:55:40Z,26.434472,-77.017163,5.04,142.2,1,7,1.5
2024-03-24T20:55:50Z,26.434278,-77.017003,4.99,145.1,1,7,1.5
2024-03-24T20:55:55Z,26.434180,-77.016927,5.08,142.9,1,7,1.5
2024-03-24T20:56:00Z,26.434087,-77.016850,5.08,144.1,1,7,1.5
2024-03-24T20:56:05Z,26.433985,-77.016772,5.47,144.3,1,7,1.5
2024-03-24T20:56:10Z,26.433892,-77.016697,5.30,144.1,1,7,1.5
2024-03-24T20:56:15Z,26.433795,-77.016617,5.70,145.5,1,7,1.5
2024-03-24T20:56:25Z,26.433588,-77.016468,5.31,151.1,1,7,1.5
2024-03-24T20:56:30Z,26.433465,-77.016403,5.80,154.5,1,8,1.1
2024-03-24T20:56:35Z,26.433340,-77.016350,5.87,160.6,1,8,1.1
2024-03-24T20:56:40Z,26.433208,-77.016305,5.32,167.9,1,8,1.1
2024-03-24T20:56:45Z,26.433092,-77.016277,4.82,170.1,1,8,1.1
2024-03-24T20:56:50Z,26.432973,-77.016233,5.12,162.4,1,8,1.1
2024-03-24T20:56:55Z,26.432858,-77.016198,4.96,165.6,1,8,1.1
2024-03-24T20:57:00Z,26.432745,-77.016167,4.94,169.9,1,8,1.1
2024-03-24T20:57:05Z,26.432638,-77.016138,4.89,163.6,1,7,1.2
2024-03-24T20:57:10Z,26.432527,-77.016105,4.69,164.5,1,8,1.1
2024-03-24T20:57:15Z,26.432417,-77.016068,4.97,161.8,1,8,1.1
2024-03-24T20:57:20Z,26.432308,-77.016028,5.29,158.9,1,8,1.1
2024-03-24T20:57:30Z,26.432098,-77.015920,5.88,148.8,1,8,1.1
2024-03-24T20:57:35Z,26.431988,-77.015838,5.72,147.4,1,8,1.1
2024-03-24T20:57:40Z,26.431878,-77.015747,5.44,147.6,1,8,1.1
2024-03-24T20:57:45Z,26.431768,-77.015670,5.51,148.2,1,7,1.5
2024-03-24T20:57:50Z,26.431672,-77.015600,5.48,147.1,1,7,1.5
2024-03-24T20:57:55Z,26.431573,-77.015532,5.31,145.0,1,7,1.5
2024-03-24T20:58:05Z,26.431357,-77.015398,5.36,147.9,1,8,1.1
2024-03-24T20:58:10Z,26.431253,-77.015323,5.28,144.8,1,8,1.1
2024-03-24T20:58:15Z,26.431167,-77.015248,4.67,146.5,1,8,1.1
2024-03-24T20:58:20Z,26.431083,-77.015172,5.24,142.6,1,7,1.5
2024-03-24T20:58:25Z,26.430993,-77.015100,5.23,144.6,1,7,1.5
2024-03-24T20:58:30Z,26.430888,-77.015018,5.27,145.1,1,7,1.5
2024-03-24T20:58:40Z,26.430678,-77.014857,5.34,143.9,1,7,1.5
2024-03-24T20:58:45Z,26.430580,-77.014777,5.40,144.4,1,7,1.5
2024-03-24T20:58:50Z,26.430482,-77.014698,5.20,145.0,1,7,1.5
2024-03-24T20:58:55Z,26.430372,-77.014615,5.33,144.9,1,7,1.5
2024-03-24T20:59:00Z,26.430262,-77.014537,5.22,149.4,1,7,1.5
2024-03-24T20:59:10Z,26.430037,-77.014395,5.72,154.0,1,8,1.1
2024-03-24T20:59:15Z,26.429927,-77.014357,5.18,163.2,1,8,1.1
2024-03-24T20:59:20Z,26.429822,-77.014342,5.24,162.4,1,7,1.2
2024-03-24T20:59:25Z,26.429712,-77.014300,4.79,158.9,1,8,1.1
2024-03-24T20:59:30Z,26.429615,-77.014257,4.54,153.0,1,8,1.1
2024-03-24T20:59:35Z,26.429520,-77.014195,4.63,146.6,1,8,1.1
2024-03-24T20:59:45Z,26.429347,-77.014032,5.78,127.9,1,8,1.1
2024-03-24T20:59:50Z,26.429267,-77.013918,5.24,128.1,1,7,1.5
2024-03-24T20:59:55Z,26.429205,-77.013817,4.33,124.7,1,7,1.5
2024-03-24T21:00:00Z,26.429145,-77.013692,5.42,118.1,1,7,1.5
2024-03-24T21:00:05Z,26.429093,-77.013565,5.05,120.6,1,7,1.5
2024-03-24T21:00:10Z,26.429038,-77.013440,5.46,117.3,1,7,1.5
2024-03-24T21:00:20Z,26.428922,-77.013192,5.67,114.0,1,7,1.5
2024-03-24T21:00:25Z,26.428868,-77.013062,5.59,116.9,1,7,1.5
2024-03-24T21:00:30Z,26.428812,-77.012932,5.95,115.7,1,7,1.5
2024-03-24T21:00:35Z,26.428753,-77.012797,6.28,113.7,1,7,1.5
2024-03-24T21:00:40Z,26.428690,-77.012652,5.94,117.3,1,7,1.5
2024-03-24T21:00:45Z,26.428625,-77.012530,6.19,117.6,1,7,1.5
2024-03-24T21:00:50Z,26.428563,-77.012395,5.81,119.0,1,7,1.5
2024-03-24T21:00:55Z,26.428498,-77.012263,5.53,123.8,1,7,1.5
2024-03-24T21:01:00Z,26.428427,-77.012147,5.94,119.5,1,7,1.5
2024-03-24T21:01:05Z,26.428355,-77.012007,5.64,122.4,1,7,1.5
2024-03-24T21:01:10Z,26.428285,-77.011878,6.24,117.9,1,7,1.5
2024-03-24T21:01:15Z,26.428225,-77.011738,6.38,118.9,1,7,1.5
2024-03-24T21:01:25Z,26.428092,-77.011470,5.66,122.0,1,7,1.5
2024-03-24T21:01:30Z,26.428025,-77.011350,6.08,120.8,1,7,1.5
2024-03-24T21:01:35Z,26.427945,-77.011207,6.59,119.8,1,7,1.5
2024-03-24T21:01:40Z,26.427867,-77.011097,6.33,120.1,1,7,1.5
2024-03-24T21:01:45Z,26.427795,-77.010970,6.29,117.6,1,7,1.5
2024-03-24T21:01:50Z,26.427728,-77.010833,6.53,118.9,1,7,1.5
2024-03-24T21:01:55Z,26.427657,-77.010690,6.36,120.7,1,7,1.5
2024-03-24T21:02:00Z,26.427587,-77.010560,5.68,122.8,1,7,1.5
2024-03-24T21:02:05Z,26.427510,-77.010447,6.45,118.3,1,7,1.5
2024-03-24T21:02:10Z,26.427443,-77.010308,6.11,121.8,1,7,1.5
2024-03-24T21:02:15Z,26.427375,-77.010177,5.56,123.2,1,7,1.5
2024-03-24T21:02:20Z,26.427308,-77.010047,6.07,121.8,1,7,1.5
2024-03-24T21:02:30Z,26.427177,-77.009792,5.95,117.5,1,7,1.5
2024-03-24T21:02:35Z,26.427110,-77.009673,6.16,118.4,1,7,1.5
2024-03-24T21:02:40Z,26.427045,-77.009552,6.19,119.5,1,7,1.5
2024-03-24T21:02:45Z,26.426980,-77.009425,6.59,115.8,1,7,1.5
2024-03-24T21:02:50Z,26.426905,-77.009312,5.85,121.9,1,7,1.5
2024-03-24T21:02:55Z,26.426840,-77.009188,5.57,119.9,1,7,1.5
2024-03-24T21:03:00Z,26.426778,-77.009070,5.48,121.8,1,7,1.5
2024-03-24T21:03:05Z,26.426710,-77.008952,5.82,122.4,1,7,1.5
2024-03-24T21:03:10Z,26.426638,-77.008812,6.83,117.7,1,7,1.5
2024-03-24T21:03:15Z,26.426575,-77.008695,5.94,116.7,1,7,1.5
2024-03-24T21:03:20Z,26.426520,-77.008552,6.45,108.2,1,7,1.5
2024-03-24T21:03:25Z,26.426485,-77.008410,5.96,99.9,1,6,1.9
2024-03-24T21:03:35Z,26.426425,-77.008130,5.66,100.0,1,7,1.5
2024-03-24T21:03:40Z,26.426392,-77.007962,6.62,104.7,1,7,1.5
2024-03-24T21:03:45Z,26.426350,-77.007825,6.20,112.2,1,6,1.9
2024-03-24T21:03:50Z,26.426298,-77.007695,5.70,117.2,1,6,1.6
2024-03-24T21:03:55Z,26.426245,-77.007558,5.75,111.8,1,7,1.5
2024-03-24T21:04:00Z,26.426190,-77.007425,5.68,116.9,1,7,1.5
2024-03-24T21:04:05Z,26.426128,-77.007285,5.98,115.7,1,6,1.9
2024-03-24T21:04:10Z,26.426072,-77.007155,5.85,113.4,1,7,1.5
2024-03-24T21:04:15Z,26.426007,-77.007012,5.78,117.4,1,7,1.5
2024-03-24T21:04:20Z,26.425947,-77.006878,5.46,118.1,1,7,1.5
2024-03-24T21:04:25Z,26.425888,-77.006747,5.95,113.6,1,7,1.5
2024-03-24T21:04:30Z,26.425830,-77.006613,5.81,115.0,1,7,1.5
2024-03-24T21:04:40Z,26.425712,-77.006347,6.22,113.9,1,6,2.0
2024-03-24T21:04:45Z,26.425650,-77.006210,5.52,119.2,1,7,1.5
2024-03-24T21:04:50Z,26.425590,-77.006073,5.99,115.2,1,7,1.5
2024-03-24T21:04:55Z,26.425532,-77.005935,5.94,114.3,1,7,1.5
2024-03-24T21:05:00Z,26.425482,-77.005798,5.88,113.5,1,7,1.5
2024-03-24T21:05:05Z,26.425430,-77.005655,5.63,115.3,1,7,1.5
2024-03-24T21:05:10Z,26.425375,-77.005513,5.46,114.0,1,7,1.5
2024-03-24T21:05:15Z,26.425315,-77.005392,5.39,113.9,1,7,1.5
2024-03-24T21:05:20Z,26.425258,-77.005263,5.47,114.7,1,7,1.5
2024-03-24T21:05:25Z,26.425203,-77.005120,5.58,114.8,1,7,1.5
2024-03-24T21:05:30Z,26.425148,-77.004975,5.32,114.3,1,6,1.7
2024-03-24T21:05:35Z,26.425087,-77.004822,5.71,113.1,1,8,1.1
2024-03-24T21:05:45Z,26.424992,-77.004568,5.21,111.9,1,8,1.1
2024-03-24T21:05:50Z,26.424942,-77.004447,5.33,115.6,1,8,1.1
2024-03-24T21:05:55Z,26.424892,-77.004330,4.99,116.7,1,8,1.1
2024-03-24T21:06:00Z,26.424842,-77.004202,5.43,112.4,1,7,1.3
2024-03-24T21:06:05Z,26.424795,-77.004070,4.97,108.8,1,7,1.5
2024-03-24T21:06:10Z,26.424763,-77.003953,4.83,107.1,1,6,1.7
2024-03-24T21:06:20Z,26.424693,-77.003692,5.13,99.2,1,7,1.3
2024-03-24T21:06:25Z,26.424685,-77.003612,4.34,99.1,1,7,1.5
2024-03-24T21:06:30Z,26.424693,-77.003498,4.66,87.5,1,7,1.5
2024-03-24T21:06:35Z,26.424695,-77.003377,4.73,84.2,1,7,1.5
2024-03-24T21:06:40Z,26.424738,-77.003253,4.92,74.5,1,7,1.5
2024-03-24T21:06:50Z,26.424802,-77.003043,4.06,66.4,1,8,1.1
2024-03-24T21:06:55Z,26.424843,-77.002938,5.03,63.8,1,7,1.5
2024-03-24T21:07:00Z,26.424895,-77.002823,5.40,74.9,1,7,1.5
2024-03-24T21:07:05Z,26.424933,-77.002713,4.57,63.6,1,7,1.5
2024-03-24T21:07:10Z,26.424972,-77.002590,4.57,79.1,1,7,1.5
2024-03-24T21:07:15Z,26.425012,-77.002477,4.35,67.7,1,7,1.5
2024-03-24T21:07:25Z,26.425123,-77.002248,4.89,62.3,1,7,1.5
2024-03-24T21:07:30Z,26.425173,-77.002117,5.28,66.2,1,7,1.5
2024-03-24T21:07:35Z,26.425223,-77.001998,4.59,66.1,1,7,1.5
2024-03-24T21:07:40Z,26.425270,-77.001887,4.55,62.2,1,7,1.5
2024-03-24T21:07:45Z,26.425313,-77.001772,5.10,66.5,1,7,1.5
2024-03-24T21:07:55Z,26.425415,-77.001528,4.93,63.6,1,8,1.1
2024-03-24T21:08:00Z,26.425445,-77.001412,5.14,67.3,1,8,1.1
2024-03-24T21:08:05Z,26.425498,-77.001293,4.62,64.2,1,8,1.1
2024-03-24T21:08:10Z,26.425555,-77.001172,5.46,68.5,1,8,1.1
2024-03-24T21:08:15Z,26.425622,-77.001060,5.12,65.6,1,8,1.1
2024-03-24T21:08:20Z,26.425665,-77.000930,4.82,64.4,1,8,1.1
2024-03-24T21:08:30Z,26.425803,-77.000693,5.26,54.5,1,8,1.4
2024-03-24T21:08:35Z,26.425863,-77.000585,4.78,60.2,1,8,1.4
2024-03-24T21:08:40Z,26.425920,-77.000470,4.83,54.1,1,8,1.4
2024-03-24T21:08:45Z,26.425987,-77.000365,4.76,49.8,1,8,1.4
2024-03-24T21:08:50Z,26.426073,-77.000265,5.09,51.6,1,8,1.4
2024-03-24T21:08:55Z,26.426158,-77.000172,4.65,44.0,1,8,1.4
2024-03-24T21:09:05Z,26.426348,-77.000088,4.63,12.7,1,9,1.0
2024-03-24T21:09:10Z,26.426430,-77.000073,3.41,6.7,1,9,1.0
2024-03-24T21:09:15Z,26.426498,-77.000072,3.23,5.1,1,9,1.0
2024-03-24T21:09:20Z,26.426580,-77.000075,3.31,359.4,1,8,1.1
2024-03-24T21:09:25Z,26.426655,-77.000082,4.37,347.2,1,9,1.0
2024-03-24T21:09:30Z,26.426738,-77.000087,3.48,359.9,1,8,1.1
2024-03-24T21:09:35Z,26.426825,-77.000078,3.40,6.7,1,8,1.1
2024-03-24T21:09:40Z,26.426905,-77.000070,3.49,1.4,1,8,1.1
2024-03-24T21:09:45Z,26.426973,-77.000068,3.52,1.9,1,8,1.1
2024-03-24T21:09:50Z,26.427047,-77.000068,3.30,0.4,1,8,1.1
2024-03-24T21:09:55Z,26.427117,-77.000072,3.25,356.0,1,8,1.1
2024-03-24T21:10:00Z,26.427190,-77.000075,3.44,358.6,1,8,1.1
2024-03-24T21:10:05Z,26.427278,-77.000068,3.69,2.1,1,8,1.1
2024-03-24T21:10:10Z,26.427370,-77.000070,3.63,358.5,1,9,1.0
2024-03-24T21:10:15Z,26.427435,-77.000060,3.17,3.5,1,9,1.0
2024-03-24T21:10:20Z,26.427512,-77.000060,3.32,356.3,1,9,1.0
2024-03-24T21:10:25Z,26.427580,-77.000060,2.43,356.1,1,9,1.0
2024-03-24T21:10:30Z,26.427658,-77.000060,3.44,356.3,1,9,1.0
2024-03-24T21:10:40Z,26.427840,-77.000073,3.45,5.6,1,9,1.0
2024-03-24T21:10:45Z,26.427932,-77.000077,4.11,347.2,1,9,1.0
2024-03-24T21:10:50Z,26.428007,-77.000077,3.18,10.3,1,9,1.0
2024-03-24T21:10:55Z,26.428090,-77.000087,3.56,352.0,1,9,1.0
2024-03-24T21:11:00Z,26.428178,-77.000103,3.30,350.4,1,9,1.0
2024-03-24T21:11:05Z,26.428237,-77.000115,3.02,8.6,1,9,1.0
2024-03-24T21:11:15Z,26.428393,-77.000107,2.91,2.8,1,8,1.1
2024-03-24T21:11:20Z,26.428470,-77.000122,3.35,355.1,1,9,1.0
2024-03-24T21:11:25Z,26.428543,-77.000117,3.75,357.9,1,9,1.0
2024-03-24T21:11:30Z,26.428627,-77.000095,4.45,1.7,1,9,1.0
2024-03-24T21:11:35Z,26.428720,-77.000100,3.55,9.1,1,9,1.0
2024-03-24T21:11:40Z,26.428785,-77.000110,3.54,5.9,1,9,1.0
2024-03-24T21:11:45Z,26.428867,-77.000108,3.16,1.6,1,9,1.0
2024-03-24T21:11:50Z,26.428943,-77.000102,3.35,357.5,1,9,1.0
2024-03-24T21:11:55Z,26.429028,-77.000103,3.72,357.3,1,9,1.0
2024-03-24T21:12:00Z,26.429107,-77.000110,3.29,356.0,1,9,1.0
2024-03-24T21:12:05Z,26.429185,-77.000112,3.21,359.1,1,8,1.1
2024-03-24T21:12:10Z,26.429268,-77.000123,3.47,352.0,1,8,1.1
2024-03-24T21:12:20Z,26.429432,-77.000135,3.91,358.8,1,8,1.1
2024-03-24T21:12:25Z,26.429517,-77.000148,3.42,345.5,1,8,1.1
2024-03-24T21:12:30Z,26.429590,-77.000145,3.47,356.1,1,8,1.1
2024-03-24T21:12:35Z,26.429665,-77.000150,3.08,358.9,1,8,1.1
2024-03-24T21:12:40Z,26.429747,-77.000153,3.44,355.0,1,9,1.0
2024-03-24T21:12:45Z,26.429827,-77.000160,3.34,353.2,1,9,1.0
2024-03-24T21:12:50Z,26.429895,-77.000162,3.36,354.3,1,9,1.0
2024-03-24T21:12:55Z,26.429968,-77.000167,3.59,0.3,1,9,1.0
2024-03-24T21:13:00Z,26.430040,-77.000173,2.90,3.9,1,9,1.0
2024-03-24T21:13:05Z,26.430137,-77.000170,3.60,2.3,1,9,1.0
2024-03-24T21:13:10Z,26.430217,-77.000170,3.60,2.4,1,9,1.0
2024-03-24T21:13:15Z,26.430293,-77.000167,3.64,358.0,1,9,1.0
2024-03-24T21:13:25Z,26.430460,-77.000173,3.21,5.6,1,9,1.0
2024-03-24T21:13:30Z,26.430517,-77.000177,3.36,9.3,1,9,1.0
2024-03-24T21:13:35Z,26.430595,-77.000177,3.33,2.7,1,9,1.0
2024-03-24T21:13:40Z,26.430683,-77.000165,3.30,355.8,1,9,1.0
2024-03-24T21:13:45Z,26.430763,-77.000162,3.36,9.1,1,9,1.0
2024-03-24T21:13:50Z,26.430840,-77.000157,3.63,4.2,1,9,1.0
2024-03-24T21:13:55Z,26.430935,-77.000147,3.54,11.6,1,9,1.0
2024-03-24T21:14:00Z,26.431022,-77.000145,3.91,357.5,1,9,1.0
2024-03-24T21:14:05Z,26.431090,-77.000147,3.13,6.5,1,8,1.1
2024-03-24T21:14:10Z,26.431190,-77.000145,3.46,5.0,1,8,1.1
2024-03-24T21:14:15Z,26.431270,-77.000132,3.18,0.4,1,9,1.0
2024-03-24T21:14:20Z,26.431343,-77.000120,3.51,7.6,1,8,1.1
2024-03-24T21:14:30Z,26.431510,-77.000145,3.83,353.0,1,9,1.0
2024-03-24T21:14:35Z,26.431592,-77.000153,3.92,0.4,1,9,1.0
2024-03-24T21:14:40Z,26.431665,-77.000152,3.19,7.4,1,8,1.1
2024-03-24T21:14:45Z,26.431750,-77.000162,3.24,351.8,1,9,1.0
2024-03-24T21:14:50Z,26.431835,-77.000153,3.07,15.8,1,9,1.0
2024-03-24T21:14:55Z,26.431918,-77.000140,4.44,1.4,1,9,1.0
2024-03-24T21:15:00Z,26.432002,-77.000147,3.08,5.7,1,8,1.4
2024-03-24T21:15:05Z,26.432082,-77.000147,3.45,359.0,1,9,1.0
2024-03-24T21:15:10Z,26.432170,-77.000155,3.86,1.2,1,9,1.0
2024-03-24T21:15:15Z,26.432242,-77.000152,3.09,2.3,1,9,1.0
2024-03-24T21:15:20Z,26.432333,-77.000143,3.47,4.1,1,9,1.0
2024-03-24T21:15:25Z,26.432418,-77.000138,2.96,3.4,1,8,1.4
2024-03-24T21:15:30Z,26.432507,-77.000138,4.13,1.8,1,7,1.5
2024-03-24T21:15:35Z,26.432598,-77.000130,3.66,9.2,1,9,1.0
2024-03-24T21:15:40Z,26.432678,-77.000125,4.47,5.0,1,9,1.0
2024-03-24T21:15:45Z,26.432755,-77.000117,3.38,6.7,1,8,1.1
2024-03-24T21:15:50Z,26.432833,-77.000107,3.47,5.4,1,8,1.1
2024-03-24T21:15:55Z,26.432917,-77.000107,3.70,358.0,1,8,1.1
2024-03-24T21:16:00Z,26.433000,-77.000108,3.52,7.2,1,7,1.4
2024-03-24T21:16:05Z,26.433095,-77.000112,3.53,2.4,1,7,1.4
2024-03-24T21:16:10Z,26.433182,-77.000112,3.56,3.5,1,8,1.1
2024-03-24T21:16:15Z,26.433262,-77.000112,3.24,4.5,1,8,1.1
2024-03-24T21:16:20Z,26.433333,-77.000123,3.48,0.6,1,9,1.0
2024-03-24T21:16:25Z,26.433413,-77.000127,3.08,6.2,1,9,1.0
2024-03-24T21:16:30Z,26.433495,-77.000130,3.66,358.4,1,9,1.0
2024-03-24T21:16:35Z,26.433567,-77.000125,3.08,8.7,1,9,1.0
2024-03-24T21:16:40Z,26.433645,-77.000132,3.45,6.2,1,9,1.0
2024-03-24T21:16:45Z,26.433725,-77.000133,3.58,357.8,1,9,1.0
2024-03-24T21:16:50Z,26.433812,-77.000128,3.58,2.8,1,8,1.4
2024-03-24T21:16:55Z,26.433893,-77.000130,3.24,7.5,1,7,1.4
2024-03-24T21:17:05Z,26.434063,-77.000117,3.92,2.3,1,7,1.4
2024-03-24T21:17:10Z,26.434140,-77.000113,3.67,2.2,1,7,1.4
2024-03-24T21:17:15Z,26.434218,-77.000117,3.60,7.3,1,8,1.1
2024-03-24T21:17:20Z,26.434292,-77.000100,3.42,6.4,1,8,1.1
2024-03-24T21:17:25Z,26.434383,-77.000098,3.83,357.7,1,8,1.1
2024-03-24T21:17:35Z,26.434567,-77.000147,3.29,351.9,1,8,1.0
2024-03-24T21:17:40Z,26.434650,-77.000175,3.62,343.1,1,8,1.1
2024-03-24T21:17:45Z,26.434732,-77.000213,3.52,342.9,1,9,1.0
2024-03-24T21:17:50Z,26.434808,-77.000237,3.83,343.4,1,9,1.0
2024-03-24T21:17:55Z,26.434892,-77.000280,3.94,342.4,1,9,1.0
2024-03-24T21:18:00Z,26.434968,-77.000312,3.63,343.1,1,8,1.1
2024-03-24T21:18:10Z,26.435123,-77.000393,3.55,341.2,1,8,1.1
2024-03-24T21:18:15Z,26.435195,-77.000430,3.56,334.9,1,8,1.1
2024-03-24T21:18:20Z,26.435262,-77.000473,4.25,339.8,1,9,1.0
2024-03-24T21:18:25Z,26.435342,-77.000513,4.09,335.7,1,9,1.0
2024-03-24T21:18:30Z,26.435420,-77.000563,3.75,333.7,1,9,1.0
2024-03-24T21:18:35Z,26.435495,-77.000592,3.63,338.3,1,9,1.0
2024-03-24T21:18:45Z,26.435660,-77.000665,3.66,340.0,1,9,1.0
2024-03-24T21:18:50Z,26.435735,-77.000697,3.09,342.3,1,8,1.1
2024-03-24T21:18:55Z,26.435810,-77.000735,3.72,337.1,1,8,1.1
2024-03-24T21:19:00Z,26.435892,-77.000773,4.33,342.7,1,8,1.1
2024-03-24T21:19:05Z,26.435968,-77.000813,3.50,340.1,1,8,1.1
2024-03-24T21:19:10Z,26.436043,-77.000837,3.47,334.2,1,8,1.1
2024-03-24T21:19:20Z,26.436163,-77.000927,3.00,324.3,1,9,1.0
2024-03-24T21:19:25Z,26.436227,-77.000962,2.92,335.0,1,9,1.0
2024-03-24T21:19:30Z,26.436287,-77.001007,3.96,320.8,1,9,1.0
2024-03-24T21:19:35Z,26.436345,-77.001055,2.26,348.1,1,8,1.1
2024-03-24T21:19:40Z,26.436398,-77.001087,2.34,318.7,1,8,1.1
2024-03-24T21:19:45Z,26.436452,-77.001147,2.65,324.1,1,9,1.0
2024-03-24T21:19:55Z,26.436543,-77.001250,2.78,308.2,1,9,1.0
2024-03-24T21:20:00Z,26.436577,-77.001275,1.84,313.2,1,9,1.0
2024-03-24T21:20:05Z,26.436627,-77.001328,2.54,321.4,1,9,1.0
2024-03-24T21:20:10Z,26.436678,-77.001377,2.26,319.0,1,9,1.0
2024-03-24T21:20:15Z,26.436713,-77.001402,2.63,331.5,1,9,1.0
2024-03-24T21:20:20Z,26.436730,-77.001435,2.15,323.9,1,9,1.0
2024-03-24T21:20:30Z,26.436802,-77.001520,3.09,331.0,1,8,1.1
2024-03-24T21:20:35Z,26.436848,-77.001548,2.01,319.9,1,8,1.1
2024-03-24T21:20:40Z,26.436917,-77.001598,3.07,331.1,1,8,1.1
2024-03-24T21:20:45Z,26.436982,-77.001633,3.30,335.8,1,8,1.1
2024-03-24T21:20:50Z,26.437050,-77.001665,3.60,334.3,1,9,1.0
2024-03-24T21:20:55Z,26.437120,-77.001690,2.79,341.0,1,9,1.0
2024-03-24T21:21:05Z,26.437262,-77.001767,3.51,345.3,1,9,1.0
2024-03-24T21:21:10Z,26.437328,-77.001780,3.00,343.3,1,9,1.0
2024-03-24T21:21:15Z,26.437392,-77.001808,3.78,330.5,1,9,1.0
2024-03-24T21:21:20Z,26.437450,-77.001825,3.00,346.0,1,9,1.0
2024-03-24T21:21:25Z,26.437513,-77.001857,2.64,340.0,1,7,1.3
2024-03-24T21:21:30Z,26.437560,-77.001870,2.92,340.0,1,8,1.1
2024-03-24T21:21:40Z,26.437663,-77.001923,2.40,331.2,1,9,1.0
2024-03-24T21:21:45Z,26.437682,-77.001952,1.16,328.1,1,8,1.1
2024-03-24T21:21:50Z,26.437707,-77.001988,1.66,303.0,1,8,1.1
2024-03-24T21:21:55Z,26.437715,-77.002000,1.04,308.5,1,9,1.0
2024-03-24T21:22:00Z,26.437730,-77.002040,2.38,297.9,1,9,1.0
2024-03-24T21:22:05Z,26.437750,-77.002077,1.80,296.8,1,9,1.0
2024-03-24T21:22:15Z,26.437817,-77.002173,1.51,319.4,1,9,1.0
2024-03-24T21:22:20Z,26.437862,-77.002198,2.28,332.8,1,9,1.0
2024-03-24T21:22:25Z,26.437915,-77.002205,2.13,329.0,1,8,1.1
2024-03-24T21:22:30Z,26.437945,-77.002217,1.48,345.9,1,8,1.1
2024-03-24T21:22:35Z,26.437997,-77.002223,1.44,352.6,1,8,1.1
2024-03-24T21:22:40Z,26.438027,-77.002228,1.63,2.7,1,8,1.4
2024-03-24T21:22:50Z,26.438135,-77.002247,2.57,350.3,1,9,1.0
2024-03-24T21:22:55Z,26.438178,-77.002252,1.92,358.7,1,9,1.0
2024-03-24T21:23:00Z,26.438223,-77.002255,2.61,347.3,1,8,1.4
2024-03-24T21:23:05Z,26.438253,-77.002262,1.36,351.9,1,7,1.5
2024-03-24T21:23:10Z,26.438297,-77.002257,1.63,8.8,1,8,1.4
2024-03-24T21:23:15Z,26.438340,-77.002258,1.74,10.6,1,9,1.0
2024-03-24T21:23:25Z,26.438442,-77.002220,2.29,22.6,1,9,1.0
2024-03-24T21:23:30Z,26.438483,-77.002188,1.63,45.4,1,9,1.0
2024-03-24T21:23:35Z,26.438512,-77.002155,2.12,39.3,1,8,1.4
2024-03-24T21:23:40Z,26.438547,-77.002135,1.93,45.4,1,8,1.4
2024-03-24T21:23:45Z,26.438563,-77.002092,1.43,56.4,1,8,1.4
2024-03-24T21:23:50Z,26.438585,-77.002053,1.63,59.0,1,8,1.4
2024-03-24T21:24:00Z,26.438667,-77.001987,1.92,35.9,1,8,1.4
2024-03-24T21:24:05Z,26.438682,-77.001962,2.32,32.4,1,8,1.4
2024-03-24T21:24:10Z,26.438712,-77.001942,1.57,27.1,1,8,1.4
2024-03-24T21:24:15Z,26.438747,-77.001930,2.13,5.7,1,8,1.4
2024-03-24T21:24:20Z,26.438800,-77.001922,1.76,20.2,1,8,1.4
2024-03-24T21:24:25Z,26.438850,-77.001902,2.08,20.5,1,8,1.4
2024-03-24T21:24:30Z,26.438890,-77.001887,1.84,19.7,1,8,1.4
2024-03-24T21:24:35Z,26.438910,-77.001868,0.91,52.7,1,8,1.4
2024-03-24T21:24:40Z,26.438940,-77.001852,1.34,30.0,1,8,1.4
2024-03-24T21:24:45Z,26.438982,-77.001835,1.60,28.5,1,8,1.4
2024-03-24T21:24:50Z,26.439030,-77.001817,1.48,30.4,1,8,1.4
2024-03-24T21:24:55Z,26.439062,-77.001797,2.48,19.6,1,8,1.4
2024-03-24T21:25:05Z,26.439147,-77.001743,1.19,28.0,1,8,1.4
2024-03-24T21:25:10Z,26.439187,-77.001722,1.97,24.5,1,8,1.4
2024-03-24T21:25:15Z,26.439230,-77.001712,1.49,22.9,1,8,1.4
2024-03-24T21:25:20Z,26.439247,-77.001707,1.73,16.4,1,8,1.4
2024-03-24T21:25:25Z,26.439272,-77.001698,1.07,8.7,1,7,1.5
2024-03-24T21:25:35Z,26.439320,-77.001685,1.45,26.5,1,7,1.5
2024-03-24T21:25:40Z,26.439353,-77.001658,1.78,34.1,1,7,1.5
2024-03-24T21:25:45Z,26.439395,-77.001637,1.16,25.3,1,8,1.4
2024-03-24T21:25:50Z,26.439408,-77.001630,0.84,29.4,1,8,1.4
2024-03-24T21:25:55Z,26.439445,-77.001622,1.85,17.4,1,8,1.4
2024-03-24T21:26:00Z,26.439483,-77.001607,1.34,27.8,1,8,1.4
2024-03-24T21:26:10Z,26.439590,-77.001590,1.37,15.6,1,8,1.4
2024-03-24T21:26:15Z,26.439632,-77.001580,1.81,14.8,1,8,1.4
2024-03-24T21:26:20Z,26.439662,-77.001568,1.65,18.8,1,8,1.4
2024-03-24T21:26:25Z,26.439700,-77.001550,1.65,32.7,1,8,1.4
2024-03-24T21:26:30Z,26.439733,-77.001527,2.42,17.0,1,8,1.4
2024-03-24T21:26:35Z,26.439777,-77.001508,1.99,24.7,1,8,1.4
2024-03-24T21:26:45Z,26.439852,-77.001483,1.25,25.8,1,8,1.4
2024-03-24T21:26:50Z,26.439880,-77.001477,1.77,7.4,1,8,1.4
2024-03-24T21:26:55Z,26.439925,-77.001463,2.27,6.4,1,8,1.4
2024-03-24T21:27:00Z,26.439975,-77.001448,2.17,5.5,1,8,1.4
2024-03-24T21:27:05Z,26.440032,-77.001427,2.10,12.4,1,7,1.6
2024-03-24T21:27:10Z,26.440095,-77.001410,3.32,24.5,1,8,1.4
2024-03-24T21:27:20Z,26.440260,-77.001340,3.85,22.3,1,8,1.4
2024-03-24T21:27:25Z,26.440345,-77.001297,4.18,19.5,1,8,1.4
2024-03-24T21:27:30Z,26.440435,-77.001253,4.25,24.0,1,8,1.4
2024-03-24T21:27:35Z,26.440518,-77.001208,4.35,24.8,1,7,1.5
2024-03-24T21:27:40Z,26.440607,-77.001173,4.32,19.9,1,7,1.5
2024-03-24T21:27:45Z,26.440712,-77.001137,4.75,17.4,1,8,1.4
2024-03-24T21:27:50Z,26.440812,-77.001108,4.67,19.4,1,7,1.6
2024-03-24T21:27:55Z,26.440920,-77.001075,5.10,13.7,1,8,1.4
2024-03-24T21:28:00Z,26.441022,-77.001043,4.46,13.9,1,8,1.4
2024-03-24T21:28:05Z,26.441108,-77.001020,4.86,14.3,1,7,1.6
2024-03-24T21:28:10Z,26.441215,-77.000995,4.96,11.5,1,6,1.7
2024-03-24T21:28:15Z,26.441345,-77.000973,5.08,5.6,1,6,1.7
2024-03-24T21:28:25Z,26.441577,-77.000927,4.67,16.3,1,7,1.5
2024-03-24T21:28:30Z,26.441685,-77.000893,4.69,22.0,1,7,1.5
2024-03-24T21:28:35Z,26.441792,-77.000843,4.43,25.6,1,8,1.4
2024-03-24T21:28:40Z,26.441882,-77.000782,4.89,31.2,1,8,1.4
2024-03-24T21:28:45Z,26.441957,-77.000713,4.27,38.9,1,8,1.4
2024-03-24T21:28:55Z,26.442098,-77.000565,2.72,48.0,1,9,1.0
2024-03-24T21:29:00Z,26.442140,-77.000518,2.54,37.9,1,9,1.0
2024-03-24T21:29:05Z,26.442203,-77.000485,3.74,35.8,1,8,1.1
2024-03-24T21:29:10Z,26.442233,-77.000452,1.29,83.7,1,9,1.0
2024-03-24T21:29:15Z,26.442278,-77.000418,1.30,59.8,1,9,1.0
2024-03-24T21:29:20Z,26.442298,-77.000393,0.68,87.8,1,9,1.0
2024-03-24T21:29:30Z,26.442255,-77.000397,1.66,194.8,1,9,1.0
2024-03-24T21:29:35Z,26.442222,-77.000402,1.00,179.0,1,9,1.0
2024-03-24T21:29:40Z,26.442225,-77.000403,1.00,212.5,1,9,1.0
2024-03-24T21:29:45Z,26.442212,-77.000413,0.61,231.5,1,9,1.0
2024-03-24T21:29:50Z,26.442198,-77.000418,1.27,221.9,1,9,1.0
2024-03-24T21:29:55Z,26.442185,-77.000418,0.80,205.1,1,9,1.0
2024-03-24T21:30:05Z,26.442180,-77.000428,0.46,190.8,1,9,1.0
2024-03-24T21:30:10Z,26.442170,-77.000425,0.23,128.6,1,9,1.0
2024-03-24T21:30:15Z,26.442173,-77.000417,0.59,147.2,1,9,1.0
2024-03-24T21:30:20Z,26.442167,-77.000423,0.73,224.7,1,8,1.1
2024-03-24T21:30:25Z,26.442155,-77.000423,0.94,183.7,1,9,1.0
2024-03-24T21:30:30Z,26.442135,-77.000428,1.13,192.1,1,9,1.0
2024-03-24T21:30:40Z,26.442113,-77.000453,1.42,192.8,1,8,1.1
2024-03-24T21:30:45Z,26.442092,-77.000473,1.06,208.7,1,9,1.0
2024-03-24T21:30:50Z,26.442082,-77.000473,0.49,211.5,1,9,1.0
2024-03-24T21:30:55Z,26.442078,-77.000482,0.83,241.0,1,9,1.0
2024-03-24T21:31:00Z,26.442075,-77.000490,0.75,199.8,1,9,1.0
2024-03-24T21:31:05Z,26.442062,-77.000497,0.46,222.6,1,9,1.0
2024-03-24T21:31:15Z,26.442033,-77.000492,0.65,54.8,1,9,1.0
2024-03-24T21:31:20Z,26.442003,-77.000483,1.07,177.6,1,9,1.0
2024-03-24T21:31:25Z,26.442008,-77.000465,0.93,124.2,1,9,1.0
2024-03-24T21:31:30Z,26.442008,-77.000455,0.60,81.2,1,9,1.0
2024-03-24T21:31:35Z,26.442005,-77.000448,0.45,112.9,1,9,1.0
2024-03-24T21:31:40Z,26.442000,-77.000443,0.62,179.1,1,9,1.0
2024-03-24T21:31:50Z,26.442005,-77.000423,0.40,129.1,1,9,1.0
2024-03-24T21:31:55Z,26.442015,-77.000413,0.63,156.5,1,9,1.0
2024-03-24T21:32:00Z,26.442018,-77.000413,0.47,357.6,1,9,1.0
2024-03-24T21:32:05Z,26.442022,-77.000415,0.05,50.5,1,9,1.0
2024-03-24T21:32:10Z,26.442015,-77.000420,0.62,190.6,1,8,1.0
2024-03-24T21:32:15Z,26.442008,-77.000425,0.47,36.4,1,9,1.0
2024-03-24T21:32:25Z,26.442005,-77.000417,0.40,54.4,1,9,1.0
2024-03-24T21:32:30Z,26.442010,-77.000432,0.49,47.3,1,9,1.0
2024-03-24T21:32:35Z,26.442008,-77.000435,0.85,92.1,1,9,1.0
2024-03-24T21:32:40Z,26.442017,-77.000427,0.39,44.6,1,9,1.0
2024-03-24T21:32:45Z,26.442018,-77.000450,0.79,353.6,1,9,1.0
2024-03-24T21:32:50Z,26.442018,-77.000453,0.10,61.1,1,9,1.0
2024-03-24T21:33:00Z,26.442015,-77.000443,0.18,3.3,1,9,1.0
2024-03-24T21:33:05Z,26.442007,-77.000448,0.26,178.5,1,9,1.0
2024-03-24T21:33:10Z,26.442007,-77.000445,0.78,117.8,1,9,1.0
2024-03-24T21:33:15Z,26.442007,-77.000443,0.85,311.4,1,8,1.1
2024-03-24T21:33:20Z,26.442005,-77.000438,0.42,187.4,1,8,1.1
2024-03-24T21:33:25Z,26.442005,-77.000428,0.10,40.4,1,9,1.0
2024-03-24T21:33:35Z,26.442002,-77.000435,0.57,317.5,1,9,1.0
2024-03-24T21:33:40Z,26.442005,-77.000440,0.23,341.5,1,9,1.0
2024-03-24T21:33:45Z,26.442008,-77.000442,0.19,345.2,1,9,1.0
2024-03-24T21:33:50Z,26.442010,-77.000440,0.37,328.5,1,9,1.0
2024-03-24T21:33:55Z,26.442018,-77.000443,0.12,126.2,1,9,1.0
2024-03-24T21:34:00Z,26.442022,-77.000442,0.25,64.6,1,9,1.0
2024-03-24T21:34:10Z,26.442022,-77.000440,0.33,350.6,1,9,1.0
2024-03-24T21:34:15Z,26.442025,-77.000435,0.05,103.0,1,9,1.0
2024-03-24T21:34:20Z,26.442010,-77.000432,0.27,195.3,1,9,1.0
2024-03-24T21:34:25Z,26.442005,-77.000427,0.54,339.0,1,9,1.0
2024-03-24T21:34:30Z,26.442012,-77.000412,0.36,133.9,1,9,1.0
2024-03-24T21:34:35Z,26.442012,-77.000412,0.35,18.7,1,9,1.0
2024-03-24T21:34:45Z,26.442020,-77.000418,0.49,5.5,1,9,1.0
2024-03-24T21:34:50Z,26.442018,-77.000418,0.11,165.2,1,9,1.0
2024-03-24T21:34:55Z,26.442008,-77.000422,0.58,183.7,1,9,1.0
2024-03-24T21:35:00Z,26.442005,-77.000422,0.05,166.8,1,9,1.0
2024-03-24T21:35:05Z,26.442015,-77.000423,0.78,359.6,1,9,1.0
2024-03-24T21:35:10Z,26.442013,-77.000423,0.39,185.7,1,9,1.0
2024-03-24T21:35:20Z,26.442010,-77.000440,0.24,334.9,1,9,1.0
2024-03-24T21:35:25Z,26.442013,-77.000440,0.01,337.9,1,9,1.0
2024-03-24T21:35:30Z,26.442025,-77.000430,0.57,90.7,1,9,1.0
2024-03-24T21:35:35Z,26.442022,-77.000435,0.28,183.4,1,9,1.0
2024-03-24T21:35:40Z,26.442023,-77.000430,0.44,170.4,1,8,1.1
2024-03-24T21:35:45Z,26.442022,-77.000427,0.27,92.1,1,8,1.1
2024-03-24T21:35:55Z,26.442017,-77.000417,0.23,19.2,1,8,1.1
2024-03-24T21:36:00Z,26.442018,-77.000408,0.21,213.4,1,8,1.1
2024-03-24T21:36:05Z,26.442010,-77.000420,0.58,153.9,1,8,1.1
2024-03-24T21:36:10Z,26.442005,-77.000427,0.34,201.1,1,8,1.1
2024-03-24T21:36:15Z,26.442005,-77.000432,0.14,338.3,1,8,1.1
2024-03-24T21:36:20Z,26.442013,-77.000430,0.37,89.4,1,9,1.0
2024-03-24T21:36:30Z,26.442015,-77.000458,0.39,262.4,1,8,1.1
2024-03-24T21:36:35Z,26.442020,-77.000457,0.23,174.6,1,8,1.1
2024-03-24T21:36:40Z,26.442025,-77.000462,0.16,136.4,1,9,1.0
2024-03-24T21:36:45Z,26.442022,-77.000475,0.21,132.6,1,9,1.0
2024-03-24T21:36:50Z,26.442032,-77.000470,0.11,33.6,1,9,1.0
2024-03-24T21:36:55Z,26.442018,-77.000475,0.11,323.4,1,9,1.0
2024-03-24T21:37:05Z,26.442015,-77.000463,0.15,352.0,1,8,1.1
2024-03-24T21:37:10Z,26.442018,-77.000462,0.28,22.0,1,8,1.1
2024-03-24T21:37:15Z,26.442017,-77.000463,0.39,181.8,1,9,1.0
2024-03-24T21:37:20Z,26.442012,-77.000455,0.53,170.2,1,9,1.0
2024-03-24T21:37:25Z,26.442005,-77.000450,0.81,193.1,1,9,1.0
2024-03-24T21:37:30Z,26.442013,-77.000452,0.18,70.8,1,9,1.0
2024-03-24T21:37:40Z,26.442027,-77.000445,0.36,179.4,1,8,1.1
2024-03-24T21:37:45Z,26.442023,-77.000442,0.10,146.6,1,8,1.1
2024-03-24T21:37:50Z,26.442023,-77.000432,0.48,107.0,1,8,1.1
2024-03-24T21:37:55Z,26.442030,-77.000430,0.29,175.9,1,8,1.1
2024-03-24T21:38:00Z,26.442013,-77.000438,0.75,190.1,1,8,1.1
2024-03-24T21:38:05Z,26.442010,-77.000438,0.13,198.0,1,8,1.1
2024-03-24T21:38:15Z,26.442008,-77.000432,0.63,331.0,1,8,1.1
2024-03-24T21:38:20Z,26.442018,-77.000437,0.39,280.1,1,8,1.1
2024-03-24T21:38:25Z,26.442025,-77.000447,0.46,344.9,1,8,1.1
2024-03-24T21:38:30Z,26.442033,-77.000478,0.70,254.6,1,8,1.1
2024-03-24T21:38:35Z,26.442027,-77.000488,0.37,274.5,1,8,1.1
2024-03-24T21:38:40Z,26.442027,-77.000467,0.46,78.9,1,8,1.1
2024-03-24T21:38:50Z,26.442032,-77.000450,0.52,81.0,1,8,1.1
2024-03-24T21:38:55Z,26.442035,-77.000445,0.50,93.3,1,8,1.1
2024-03-24T21:39:00Z,26.442037,-77.000440,0.45,24.6,1,8,1.1
2024-03-24T21:39:05Z,26.442040,-77.000440,0.93,186.8,1,8,1.1
2024-03-24T21:39:10Z,26.442030,-77.000435,0.41,131.3,1,8,1.1
2024-03-24T21:39:15Z,26.442028,-77.000427,0.18,72.8,1,8,1.1
2024-03-24T21:39:20Z,26.442023,-77.000423,0.23,147.1,1,8,1.1
2024-03-24T21:39:25Z,26.442015,-77.000420,0.33,133.9,1,8,1.1
2024-03-24T21:39:30Z,26.442017,-77.000420,0.41,266.1,1,8,1.1
2024-03-24T21:39:35Z,26.442032,-77.000425,0.19,11.6,1,8,1.1
2024-03-24T21:39:40Z,26.442013,-77.000435,0.51,192.7,1,8,1.1
2024-03-24T21:39:45Z,26.442003,-77.000435,0.36,298.0,1,8,1.1
2024-03-24T21:39:55Z,26.442003,-77.000435,0.58,105.6,1,9,1.0
2024-03-24T21:40:00Z,26.442007,-77.000428,0.09,163.7,1,9,1.0
2024-03-24T21:40:05Z,26.441998,-77.000435,0.22,263.0,1,9,1.0
2024-03-24T21:40:10Z,26.442003,-77.000430,0.24,2.5,1,8,1.1
2024-03-24T21:40:15Z,26.441992,-77.000432,0.30,265.4,1,8,1.1
2024-03-24T21:40:20Z,26.442002,-77.000438,0.19,212.5,1,8,1.1
2024-03-24T21:40:30Z,26.442008,-77.000462,0.62,312.7,1,8,1.1
2024-03-24T21:40:35Z,26.442028,-77.000460,0.21,285.3,1,9,1.0
2024-03-24T21:40:40Z,26.442033,-77.000463,0.04,73.1,1,9,1.0
2024-03-24T21:40:45Z,26.442020,-77.000465,0.31,184.1,1,9,1.0
2024-03-24T21:40:50Z,26.442010,-77.000452,0.40,96.8,1,9,1.0
2024-03-24T21:40:55Z,26.442003,-77.000435,0.41,125.7,1,8,1.1
2024-03-24T21:41:05Z,26.442005,-77.000425,0.45,88.7,1,8,1.1
2024-03-24T21:41:10Z,26.442015,-77.000425,0.12,172.2,1,8,1.1
2024-03-24T21:41:15Z,26.442018,-77.000427,0.42,344.9,1,8,1.1
2024-03-24T21:41:20Z,26.442020,-77.000418,0.26,163.2,1,8,1.1
2024-03-24T21:41:25Z,26.442010,-77.000417,0.40,233.6,1,8,1.1
2024-03-24T21:41:30Z,26.442035,-77.000395,0.42,20.3,1,8,1.1
2024-03-24T21:41:35Z,26.442027,-77.000408,0.39,348.8,1,8,1.1
2024-03-24T21:41:40Z,26.442013,-77.000425,0.20,234.7,1,8,1.1
2024-03-24T21:41:45Z,26.442020,-77.000437,0.61,315.7,1,9,1.0
2024-03-24T21:41:50Z,26.442018,-77.000438,0.72,332.8,1,8,1.1
2024-03-24T21:41:55Z,26.442043,-77.000438,0.60,1.5,1,9,1.0
2024-03-24T21:42:00Z,26.442040,-77.000438,0.34,23.0,1,9,1.0
2024-03-24T21:42:10Z,26.442017,-77.000472,0.16,9.9,1,9,1.0
2024-03-24T21:42:15Z,26.442027,-77.000458,0.39,71.0,1,9,1.0
2024-03-24T21:42:20Z,26.442022,-77.000452,0.22,48.6,1,9,1.0
2024-03-24T21:42:25Z,26.442012,-77.000458,0.05,145.9,1,9,1.0
2024-03-24T21:42:30Z,26.442008,-77.000458,0.31,222.6,1,9,1.0
2024-03-24T21:42:35Z,26.442015,-77.000458,0.44,336.0,1,9,1.0
2024-03-24T21:42:45Z,26.442018,-77.000442,0.18,38.2,1,8,1.1
2024-03-24T21:42:50Z,26.442022,-77.000433,0.50,149.5,1,8,1.1
2024-03-24T21:42:55Z,26.442017,-77.000428,0.16,333.4,1,8,1.1
2024-03-24T21:43:00Z,26.442018,-77.000438,0.24,202.8,1,8,1.1
2024-03-24T21:43:05Z,26.442017,-77.000438,0.21,119.9,1,8,1.1
2024-03-24T21:43:10Z,26.442015,-77.000435,0.35,222.6,1,8,1.1
2024-03-24T21:43:20Z,26.442018,-77.000452,0.41,345.8,1,8,1.1
2024-03-24T21:43:25Z,26.442017,-77.000467,0.19,282.6,1,8,1.1
2024-03-24T21:43:30Z,26.442030,-77.000465,1.10,8.7,1,9,1.0
2024-03-24T21:43:35Z,26.442023,-77.000465,0.51,111.3,1,9,1.0
2024-03-24T21:43:40Z,26.442020,-77.000465,0.23,252.1,1,9,1.0
2024-03-24T21:43:45Z,26.442030,-77.000473,0.97,28.9,1,9,1.0
2024-03-24T21:43:55Z,26.442025,-77.000478,0.01,141.7,1,9,1.0
2024-03-24T21:44:00Z,26.442030,-77.000477,0.29,97.5,1,9,1.0
2024-03-24T21:44:05Z,26.442027,-77.000468,0.38,118.3,1,8,1.1
2024-03-24T21:44:10Z,26.442040,-77.000465,0.11,170.7,1,8,1.1
2024-03-24T21:44:15Z,26.442027,-77.000468,0.28,164.4,1,8,1.1
2024-03-24T21:44:20Z,26.442035,-77.000465,0.56,19.1,1,8,1.1
2024-03-24T21:44:30Z,26.442050,-77.000447,0.40,141.6,1,8,1.1
2024-03-24T21:44:35Z,26.442048,-77.000438,0.38,78.4,1,9,1.0
2024-03-24T21:44:40Z,26.442062,-77.000425,0.67,56.2,1,9,1.0
2024-03-24T21:44:45Z,26.442068,-77.000415,0.22,95.4,1,9,1.0
2024-03-24T21:44:50Z,26.442045,-77.000423,0.36,142.0,1,9,1.0
2024-03-24T21:44:55Z,26.442032,-77.000423,0.15,59.5,1,9,1.0
2024-03-24T21:45:05Z,26.442028,-77.000413,0.46,111.3,1,9,1.0
2024-03-24T21:45:10Z,26.442017,-77.000413,0.09,154.0,1,9,1.0
2024-03-24T21:45:15Z,26.442020,-77.000403,0.10,60.5,1,9,1.0
2024-03-24T21:45:20Z,26.442010,-77.000403,0.32,200.7,1,8,1.1
2024-03-24T21:45:25Z,26.442008,-77.000417,0.47,319.4,1,9,1.0
2024-03-24T21:45:30Z,26.442015,-77.000438,0.55,329.3,1,9,1.0
2024-03-24T21:45:40Z,26.442033,-77.000452,0.36,243.2,1,9,1.0
2024-03-24T21:45:45Z,26.442032,-77.000440,0.17,223.1,1,9,1.0
2024-03-24T21:45:50Z,26.442030,-77.000438,0.20,224.0,1,8,1.1
2024-03-24T21:45:55Z,26.442027,-77.000443,0.30,206.1,1,9,1.0
2024-03-24T21:46:00Z,26.442000,-77.000455,0.16,60.0,1,9,1.0
2024-03-24T21:46:05Z,26.441990,-77.000443,0.62,36.1,1,8,1.1
2024-03-24T21:46:15Z,26.442018,-77.000438,0.33,69.2,1,8,1.1
2024-03-24T21:46:20Z,26.442028,-77.000428,0.45,27.1,1,8,1.1
2024-03-24T21:46:25Z,26.442033,-77.000422,0.82,141.3,1,9,1.0
2024-03-24T21:46:30Z,26.442028,-77.000417,0.36,106.0,1,9,1.0
2024-03-24T21:46:35Z,26.442033,-77.000422,0.09,90.0,1,9,1.0
2024-03-24T21:46:40Z,26.442028,-77.000407,0.90,169.7,1,8,1.1
2024-03-24T21:46:50Z,26.442015,-77.000418,0.04,235.1,1,9,1.0
2024-03-24T21:46:55Z,26.442007,-77.000425,0.53,152.1,1,9,1.0
2024-03-24T21:47:00Z,26.442015,-77.000428,0.15,340.2,1,9,1.0
2024-03-24T21:47:05Z,26.442020,-77.000425,1.05,296.1,1,9,1.0
2024-03-24T21:47:10Z,26.442027,-77.000443,0.51,246.8,1,9,1.0
2024-03-24T21:47:15Z,26.442033,-77.000450,0.69,359.8,1,9,1.0
2024-03-24T21:47:20Z,26.442033,-77.000443,0.19,329.6,1,9,1.0
2024-03-24T21:47:25Z,26.442025,-77.000442,0.19,50.2,1,9,1.0
2024-03-24T21:47:30Z,26.442010,-77.000452,0.62,193.9,1,9,1.0
2024-03-24T21:47:35Z,26.441998,-77.000457,0.21,179.6,1,9,1.0
2024-03-24T21:47:40Z,26.442002,-77.000460,0.30,299.7,1,9,1.0
2024-03-24T21:47:45Z,26.442008,-77.000460,0.45,335.1,1,9,1.0
2024-03-24T21:47:50Z,26.442010,-77.000468,0.36,274.3,1,8,1.1
2024-03-24T21:48:00Z,26.442022,-77.000475,0.41,202.0,1,8,1.1
2024-03-24T21:48:05Z,26.442018,-77.000475,0.38,155.9,1,8,1.1
2024-03-24T21:48:10Z,26.442023,-77.000472,0.50,57.2,1,8,1.1
2024-03-24T21:48:15Z,26.442028,-77.000462,0.33,29.9,1,8,1.1
2024-03-24T21:48:20Z,26.442030,-77.000457,0.26,143.6,1,8,1.1
2024-03-24T21:48:25Z,26.442027,-77.000448,0.30,53.3,1,8,1.1
2024-03-24T21:48:35Z,26.442023,-77.000437,0.18,197.3,1,8,1.1
2024-03-24T21:48:40Z,26.442025,-77.000438,0.19,338.7,1,8,1.1
2024-03-24T21:48:45Z,26.442020,-77.000423,0.75,135.3,1,8,1.1
2024-03-24T21:48:50Z,26.442007,-77.000422,0.41,174.0,1,8,1.1
2024-03-24T21:48:55Z,26.442008,-77.000420,0.35,355.1,1,8,1.1
2024-03-24T21:49:00Z,26.442010,-77.000417,0.32,161.9,1,8,1.1
2024-03-24T21:49:10Z,26.441983,-77.000417,1.13,205.6,1,8,1.1
2024-03-24T21:49:15Z,26.441977,-77.000417,0.30,31.8,1,8,1.1
2024-03-24T21:49:20Z,26.441980,-77.000407,0.36,151.9,1,8,1.1
2024-03-24T21:49:25Z,26.441982,-77.000403,0.53,308.6,1,8,1.1
2024-03-24T21:49:30Z,26.441983,-77.000412,0.31,182.2,1,8,1.1
2024-03-24T21:49:35Z,26.441998,-77.000420,0.24,275.3,1,8,1.1
2024-03-24T21:49:45Z,26.441992,-77.000438,0.43,263.4,1,8,1.1
2024-03-24T21:49:50Z,26.441985,-77.000412,0.14,216.6,1,8,1.1
2024-03-24T21:49:55Z,26.441987,-77.000395,0.40,176.3,1,8,1.1
2024-03-24T21:50:00Z,26.441988,-77.000400,0.47,166.3,1,8,1.1
2024-03-24T21:50:05Z,26.441987,-77.000423,0.13,216.7,1,8,1.1
2024-03-24T21:50:10Z,26.441987,-77.000440,0.57,181.8,1,8,1.1
2024-03-24T21:50:20Z,26.441992,-77.000455,0.46,318.5,1,8,1.1
2024-03-24T21:50:25Z,26.441992,-77.000458,1.22,179.5,1,8,1.1
2024-03-24T21:50:30Z,26.441990,-77.000450,0.53,19.0,1,8,1.1
2024-03-24T21:50:35Z,26.441988,-77.000452,0.38,184.5,1,8,1.1
2024-03-24T21:50:40Z,26.441975,-77.000457,0.39,108.5,1,8,1.1
2024-03-24T21:50:45Z,26.441982,-77.000467,0.59,215.1,1,8,1.1
2024-03-24T21:50:55Z,26.442005,-77.000462,0.47,296.8,1,8,1.1
2024-03-24T21:51:00Z,26.442013,-77.000465,0.64,167.8,1,8,1.1
2024-03-24T21:51:05Z,26.442012,-77.000460,0.56,149.4,1,8,1.1
2024-03-24T21:51:10Z,26.442010,-77.000462,0.12,190.4,1,8,1.1
2024-03-24T21:51:15Z,26.442012,-77.000467,0.32,188.8,1,8,1.1
2024-03-24T21:51:20Z,26.442012,-77.000470,0.56,197.2,1,8,1.1
2024-03-24T21:51:30Z,26.441995,-77.000468,0.29,182.1,1,8,1.1
2024-03-24T21:51:35Z,26.442002,-77.000467,0.30,27.6,1,8,1.1
2024-03-24T21:51:40Z,26.441993,-77.000472,0.28,191.4,1,8,1.1
2024-03-24T21:51:45Z,26.441987,-77.000480,0.22,337.0,1,8,1.1
2024-03-24T21:51:50Z,26.441987,-77.000475,0.50,236.6,1,8,1.1
2024-03-24T21:51:55Z,26.441988,-77.000478,0.22,101.0,1,7,1.5
2024-03-24T21:52:05Z,26.442017,-77.000468,0.73,85.8,1,8,1.1
2024-03-24T21:52:10Z,26.442025,-77.000457,0.48,60.2,1,8,1.1
2024-03-24T21:52:15Z,26.442022,-77.000445,0.23,139.2,1,8,1.1
2024-03-24T21:52:20Z,26.442025,-77.000437,0.40,76.2,1,8,1.1
2024-03-24T21:52:25Z,26.442027,-77.000442,0.08,106.5,1,8,1.1
2024-03-24T21:52:30Z,26.442023,-77.000440,0.65,171.5,1,8,1.1
2024-03-24T21:52:40Z,26.442010,-77.000438,1.02,200.4,1,8,1.1
2024-03-24T21:52:45Z,26.442012,-77.000433,0.51,85.4,1,8,1.1
2024-03-24T21:52:50Z,26.442005,-77.000427,0.40,4.6,1,8,1.1
2024-03-24T21:52:55Z,26.442003,-77.000438,0.43,259.4,1,8,1.1
2024-03-24T21:53:00Z,26.442007,-77.000447,0.42,159.5,1,8,1.1
2024-03-24T21:53:05Z,26.442008,-77.000442,0.40,24.0,1,8,1.1
2024-03-24T21:53:15Z,26.442013,-77.000440,0.47,331.6,1,8,1.1
2024-03-24T21:53:20Z,26.442013,-77.000452,0.35,223.7,1,8,1.1
2024-03-24T21:53:25Z,26.442015,-77.000460,0.34,282.0,1,8,1.1
2024-03-24T21:53:30Z,26.442017,-77.000453,0.39,93.3,1,8,1.1
2024-03-24T21:53:35Z,26.442013,-77.000458,0.73,330.1,1,8,1.1
2024-03-24T21:53:40Z,26.442008,-77.000467,0.14,86.2,1,8,1.1
2024-03-24T21:53:50Z,26.442003,-77.000475,0.04,19.9,1,8,1.1
2024-03-24T21:53:55Z,26.442007,-77.000477,0.63,60.5,1,8,1.1
2024-03-24T21:54:00Z,26.442020,-77.000463,0.48,109.0,1,8,1.1
2024-03-24T21:54:05Z,26.442020,-77.000440,0.49,122.6,1,8,1.1
2024-03-24T21:54:10Z,26.442020,-77.000432,0.33,37.9,1,8,1.1
2024-03-24T21:54:15Z,26.442020,-77.000422,0.24,125.1,1,8,1.1
2024-03-24T21:54:25Z,26.442027,-77.000412,0.14,175.7,1,8,1.1
2024-03-24T21:54:30Z,26.442027,-77.000423,0.41,160.9,1,8,1.1
2024-03-24T21:54:35Z,26.442015,-77.000428,0.18,207.4,1,8,1.1
2024-03-24T21:54:40Z,26.442020,-77.000412,0.22,158.9,1,8,1.1
2024-03-24T21:54:45Z,26.442003,-77.000418,0.58,217.2,1,8,1.1
2024-03-24T21:54:50Z,26.442007,-77.000425,0.27,214.3,1,8,1.1
2024-03-24T21:55:00Z,26.442018,-77.000423,0.37,213.8,1,8,1.1
2024-03-24T21:55:05Z,26.442022,-77.000427,0.75,323.6,1,8,1.1
2024-03-24T21:55:10Z,26.442037,-77.000433,1.51,329.0,1,8,1.1
2024-03-24T21:55:15Z,26.442035,-77.000433,0.30,91.0,1,8,1.1
2024-03-24T21:55:20Z,26.442030,-77.000432,0.59,178.8,1,8,1.1
2024-03-24T21:55:25Z,26.442027,-77.000432,0.25,31.5,1,8,1.1
2024-03-24T21:55:35Z,26.442018,-77.000430,0.42,131.4,1,8,1.1
2024-03-24T21:55:40Z,26.442015,-77.000433,0.27,26.9,1,8,1.1
2024-03-24T21:55:45Z,26.442017,-77.000443,0.17,22.8,1,8,1.1
2024-03-24T21:55:50Z,26.442020,-77.000443,0.32,175.7,1,8,1.1
2024-03-24T21:55:55Z,26.442020,-77.000442,0.27,177.7,1,8,1.1
2024-03-24T21:56:00Z,26.442015,-77.000435,0.26,108.5,1,8,1.1
2024-03-24T21:56:05Z,26.442010,-77.000425,0.36,129.1,1,8,1.1
2024-03-24T21:56:10Z,26.442002,-77.000432,0.80,168.6,1,8,1.1
2024-03-24T21:56:15Z,26.441990,-77.000433,0.21,81.1,1,8,1.1
2024-03-24T21:56:20Z,26.441992,-77.000438,0.23,84.5,1,8,1.1
2024-03-24T21:56:25Z,26.442002,-77.000425,0.74,23.2,1,9,0.9
2024-03-24T21:56:30Z,26.442017,-77.000417,0.42,149.1,1,9,0.9
2024-03-24T21:56:40Z,26.442002,-77.000413,0.19,222.2,1,9,0.9
2024-03-24T21:56:45Z,26.441998,-77.000420,0.42,198.1,1,9,0.9
2024-03-24T21:56:50Z,26.441997,-77.000427,0.43,172.3,1,9,0.9
2024-03-24T21:56:55Z,26.441997,-77.000430,0.24,292.9,1,9,0.9
2024-03-24T21:57:00Z,26.442005,-77.000432,0.35,312.1,1,9,0.9
2024-03-24T21:57:05Z,26.442015,-77.000438,0.22,34.5,1,9,0.9
2024-03-24T21:57:15Z,26.442015,-77.000458,0.29,226.6,1,9,0.9
2024-03-24T21:57:20Z,26.442013,-77.000463,0.38,199.6,1,8,1.1
2024-03-24T21:57:25Z,26.442010,-77.000472,0.49,169.9,1,9,0.9
2024-03-24T21:57:30Z,26.442013,-77.000472,0.39,133.3,1,9,0.9
2024-03-24T21:57:35Z,26.442012,-77.000473,0.62,12.1,1,9,0.9
2024-03-24T21:57:40Z,26.442005,-77.000475,0.41,172.4,1,9,0.9
2024-03-24T21:57:50Z,26.442007,-77.000462,0.39,31.3,1,9,0.9
2024-03-24T21:57:55Z,26.442012,-77.000458,0.32,149.2,1,9,0.9
2024-03-24T21:58:00Z,26.442017,-77.000448,0.36,156.1,1,9,0.9
2024-03-24T21:58:05Z,26.442022,-77.000437,0.36,84.4,1,9,0.9
2024-03-24T21:58:10Z,26.442017,-77.000437,0.48,30.1,1,9,0.9
2024-03-24T21:58:15Z,26.442020,-77.000435,0.71,50.2,1,9,0.9
2024-03-24T21:58:25Z,26.442010,-77.000442,0.68,95.1,1,9,0.9
2024-03-24T21:58:30Z,26.442010,-77.000437,0.33,74.2,1,9,0.9
2024-03-24T21:58:35Z,26.442007,-77.000432,0.16,194.0,1,9,0.9
2024-03-24T21:58:40Z,26.442002,-77.000432,0.56,182.9,1,9,0.9
2024-03-24T21:58:45Z,26.441998,-77.000433,0.68,209.9,1,9,0.9
2024-03-24T21:58:50Z,26.441997,-77.000440,0.23,117.1,1,9,0.9
2024-03-24T21:59:00Z,26.442005,-77.000427,0.60,142.1,1,9,0.9
2024-03-24T21:59:05Z,26.442000,-77.000425,0.28,29.0,1,9,0.9
2024-03-24T21:59:10Z,26.442007,-77.000418,0.15,190.9,1,9,0.9
2024-03-24T21:59:15Z,26.442012,-77.000422,0.49,346.6,1,9,0.9
2024-03-24T21:59:20Z,26.442002,-77.000422,0.36,186.4,1,9,0.9
2024-03-24T21:59:25Z,26.442000,-77.000423,0.23,284.3,1,10,0.8
2024-03-24T21:59:35Z,26.442017,-77.000438,0.38,12.9,1,10,0.8
2024-03-24T21:59:40Z,26.442023,-77.000448,0.44,326.7,1,10,0.8
2024-03-24T21:59:45Z,26.442022,-77.000453,0.16,205.7,1,10,0.8
2024-03-24T21:59:50Z,26.442015,-77.000460,0.35,301.3,1,10,0.8
2024-03-24T21:59:55Z,26.442020,-77.000460,0.25,11.2,1,10,0.8
2024-03-24T22:00:00Z,26.442023,-77.000462,0.11,335.2,1,10,0.8
2024-03-24T22:00:10Z,26.442018,-77.000473,0.55,9.8,1,10,0.8
2024-03-24T22:00:15Z,26.442003,-77.000485,0.70,188.2,1,10,0.8
2024-03-24T22:00:20Z,26.442002,-77.000490,0.44,205.6,1,10,0.8
2024-03-24T22:00:25Z,26.442012,-77.000492,0.52,296.3,1,10,0.8
2024-03-24T22:00:30Z,26.442008,-77.000495,0.33,68.2,1,10,0.8
2024-03-24T22:00:35Z,26.442000,-77.000498,0.58,232.7,1,10,0.8
2024-03-24T22:00:45Z,26.442000,-77.000507,0.36,15.2,1,9,0.9
2024-03-24T22:00:50Z,26.442000,-77.000517,0.32,282.6,1,10,0.8
2024-03-24T22:00:55Z,26.441997,-77.000508,0.75,163.5,1,10,0.8
2024-03-24T22:01:00Z,26.441997,-77.000500,0.10,63.0,1,10,0.8
2024-03-24T22:01:05Z,26.442003,-77.000490,0.21,87.6,1,10,0.8
2024-03-24T22:01:15Z,26.442018,-77.000475,0.28,132.6,1,10,0.8
2024-03-24T22:01:20Z,26.442020,-77.000468,0.22,82.4,1,10,0.8
2024-03-24T22:01:25Z,26.442020,-77.000472,0.49,167.8,1,10,0.8
2024-03-24T22:01:30Z,26.442017,-77.000470,0.13,131.3,1,10,0.8
2024-03-24T22:01:35Z,26.442008,-77.000468,0.22,164.5,1,10,0.8
2024-03-24T22:01:45Z,26.442013,-77.000462,0.26,347.9,1,10,0.8
2024-03-24T22:01:50Z,26.442023,-77.000470,0.62,349.9,1,10,0.8
2024-03-24T22:01:55Z,26.442030,-77.000477,0.82,7.3,1,10,0.8
2024-03-24T22:02:00Z,26.442033,-77.000480,0.52,149.6,1,10,0.8
2024-03-24T22:02:10Z,26.442037,-77.000487,0.72,323.8,1,10,0.8
2024-03-24T22:02:15Z,26.442043,-77.000493,0.09,62.3,1,10,0.8
2024-03-24T22:02:20Z,26.442033,-77.000485,0.29,99.6,1,10,0.8
2024-03-24T22:02:25Z,26.442028,-77.000488,0.59,189.6,1,10,0.8
2024-03-24T22:02:30Z,26.442028,-77.000480,0.28,148.1,1,10,0.8
2024-03-24T22:02:35Z,26.442032,-77.000478,0.38,83.8,1,10,0.8
2024-03-24T22:02:40Z,26.442035,-77.000468,0.26,72.7,1,10,0.8
2024-03-24T22:02:45Z,26.442037,-77.000463,0.43,33.1,1,10,0.8
2024-03-24T22:02:50Z,26.442037,-77.000457,0.77,178.8,1,10,0.8
2024-03-24T22:02:55Z,26.442032,-77.000455,0.21,99.0,1,10,0.8
2024-03-24T22:03:00Z,26.442025,-77.000450,0.15,109.5,1,10,0.8
2024-03-24T22:03:05Z,26.442022,-77.000450,0.31,56.9,1,10,0.8
2024-03-24T22:03:10Z,26.442022,-77.000452,0.22,179.4,1,10,0.8
2024-03-24T22:03:15Z,26.442015,-77.000460,0.45,135.2,1,10,0.8
2024-03-24T22:03:20Z,26.442010,-77.000458,0.40,243.0,1,9,0.9
2024-03-24T22:03:25Z,26.442005,-77.000465,0.39,316.3,1,10,0.8
2024-03-24T22:03:30Z,26.442007,-77.000468,0.35,273.3,1,9,1.0
2024-03-24T22:03:35Z,26.442018,-77.000460,0.27,171.8,1,10,0.8
2024-03-24T22:03:40Z,26.442017,-77.000467,0.75,291.4,1,10,0.8
2024-03-24T22:03:45Z,26.442020,-77.000472,0.56,177.1,1,10,0.8
2024-03-24T22:03:50Z,26.442017,-77.000477,0.20,115.3,1,10,0.8
2024-03-24T22:04:00Z,26.442010,-77.000472,0.51,116.8,1,10,0.8
2024-03-24T22:04:05Z,26.442010,-77.000468,0.41,49.6,1,10,0.8
2024-03-24T22:04:10Z,26.442015,-77.000462,0.44,105.1,1,10,0.8
2024-03-24T22:04:15Z,26.442015,-77.000448,0.51,138.8,1,10,0.8
2024-03-24T22:04:20Z,26.442018,-77.000437,0.51,147.7,1,10,0.8
2024-03-24T22:04:25Z,26.442018,-77.000427,0.30,109.7,1,10,0.8
2024-03-24T22:04:30Z,26.442018,-77.000417,0.50,156.5,1,10,0.8
2024-03-24T22:04:35Z,26.442013,-77.000408,0.25,111.8,1,10,0.8
2024-03-24T22:04:40Z,26.442008,-77.000417,0.17,129.5,1,10,0.8
2024-03-24T22:04:45Z,26.442010,-77.000412,0.46,158.8,1,10,0.8
2024-03-24T22:04:55Z,26.442007,-77.000422,0.35,178.5,1,10,0.8
2024-03-24T22:05:00Z,26.442015,-77.000425,0.08,115.9,1,10,0.8
2024-03-24T22:05:05Z,26.442013,-77.000423,0.38,319.1,1,10,0.8
2024-03-24T22:05:10Z,26.442015,-77.000430,0.26,254.4,1,10,0.8
2024-03-24T22:05:15Z,26.442017,-77.000428,0.39,268.4,1,10,0.8
2024-03-24T22:05:20Z,26.442010,-77.000435,0.29,229.5,1,10,0.8
2024-03-24T22:05:25Z,26.442010,-77.000442,0.10,286.1,1,10,0.8
2024-03-24T22:05:30Z,26.442007,-77.000440,0.09,134.1,1,10,0.8
2024-03-24T22:05:35Z,26.442005,-77.000440,0.16,93.1,1,10,0.8
2024-03-24T22:05:40Z,26.442005,-77.000438,0.49,137.7,1,10,0.8
2024-03-24T22:05:45Z,26.442013,-77.000443,0.26,12.6,1,10,0.8
2024-03-24T22:05:50Z,26.442020,-77.000440,0.83,9.8,1,10,0.8
2024-03-24T22:05:55Z,26.442012,-77.000442,0.39,62.2,1,10,0.8
2024-03-24T22:06:00Z,26.442018,-77.000448,0.44,115.7,1,10,0.8
2024-03-24T22:06:05Z,26.442012,-77.000447,0.47,132.3,1,10,0.8
2024-03-24T22:06:10Z,26.442010,-77.000442,0.11,98.4,1,10,0.8
2024-03-24T22:06:15Z,26.442010,-77.000440,0.14,11.8,1,10,0.8
2024-03-24T22:06:20Z,26.442005,-77.000458,0.12,168.1,1,10,0.8
2024-03-24T22:06:25Z,26.442007,-77.000453,0.35,285.0,1,10,0.8
2024-03-24T22:06:30Z,26.442010,-77.000453,0.24,202.5,1,10,0.8
2024-03-24T22:06:35Z,26.442013,-77.000463,0.15,356.1,1,10,0.8
2024-03-24T22:06:40Z,26.442030,-77.000462,0.58,34.7,1,10,0.8
2024-03-24T22:06:45Z,26.442037,-77.000457,0.19,28.6,1,10,0.8
2024-03-24T22:06:55Z,26.442030,-77.000458,1.02,191.1,1,10,0.8
2024-03-24T22:07:00Z,26.442027,-77.000468,0.21,162.1,1,10,0.8
2024-03-24T22:07:05Z,26.442033,-77.000465,0.40,355.4,1,10,0.8
2024-03-24T22:07:10Z,26.442025,-77.000470,0.19,98.6,1,10,0.8
2024-03-24T22:07:15Z,26.442017,-77.000462,0.17,140.4,1,10,0.8
2024-03-24T22:07:20Z,26.442018,-77.000458,0.63,40.6,1,10,0.8
2024-03-24T22:07:25Z,26.442017,-77.000458,0.40,105.1,1,10,0.8
2024-03-24T22:07:30Z,26.442017,-77.000458,0.16,218.1,1,10,0.8
2024-03-24T22:07:35Z,26.442018,-77.000452,0.51,93.9,1,10,0.8
2024-03-24T22:07:40Z,26.442018,-77.000445,0.24,159.8,1,10,0.8
2024-03-24T22:07:45Z,26.442018,-77.000445,0.40,39.6,1,10,0.8
2024-03-24T22:07:55Z,26.442010,-77.000448,0.67,178.5,1,10,0.8
2024-03-24T22:08:00Z,26.442003,-77.000452,0.30,193.7,1,10,0.8
2024-03-24T22:08:05Z,26.442007,-77.000455,0.55,192.8,1,10,0.8
2024-03-24T22:08:10Z,26.442003,-77.000458,0.47,299.1,1,10,0.8
2024-03-24T22:08:15Z,26.442013,-77.000460,0.46,342.2,1,10,0.8
2024-03-24T22:08:25Z,26.442018,-77.000465,0.45,295.7,1,10,0.8
2024-03-24T22:08:30Z,26.442018,-77.000470,0.16,201.6,1,10,0.8
2024-03-24T22:08:35Z,26.442018,-77.000470,0.14,199.9,1,10,0.8
2024-03-24T22:08:40Z,26.442022,-77.000478,0.64,320.6,1,10,0.8
2024-03-24T22:08:45Z,26.442030,-77.000477,0.52,8.8,1,10,0.8
2024-03-24T22:08:55Z,26.442035,-77.000480,0.35,131.6,1,10,0.8
2024-03-24T22:09:00Z,26.442032,-77.000473,0.12,125.6,1,10,0.8
2024-03-24T22:09:05Z,26.442032,-77.000475,0.27,96.2,1,10,0.8
2024-03-24T22:09:10Z,26.442027,-77.000473,0.67,153.2,1,10,0.8
2024-03-24T22:09:15Z,26.442023,-77.000468,0.49,172.9,1,10,0.8
2024-03-24T22:09:25Z,26.442015,-77.000462,0.22,159.6,1,10,0.8
2024-03-24T22:09:30Z,26.442012,-77.000455,0.50,6.2,1,10,0.8
2024-03-24T22:09:35Z,26.442015,-77.000455,0.14,81.6,1,10,0.8
2024-03-24T22:09:40Z,26.442008,-77.000457,0.54,20.0,1,10,0.8
2024-03-24T22:09:45Z,26.442005,-77.000450,0.40,135.7,1,10,0.8
2024-03-24T22:09:50Z,26.442005,-77.000443,0.62,151.2,1,10,0.8
2024-03-24T22:09:55Z,26.441998,-77.000440,0.10,104.9,1,10,0.8
2024-03-24T22:10:00Z,26.441998,-77.000442,0.45,142.2,1,10,0.8
2024-03-24T22:10:05Z,26.442000,-77.000438,0.35,177.5,1,10,0.8
2024-03-24T22:10:10Z,26.442000,-77.000433,0.46,245.4,1,10,0.8
2024-03-24T22:10:20Z,26.442013,-77.000447,0.20,301.5,1,10,0.8
2024-03-24T22:10:25Z,26.442017,-77.000448,0.18,274.8,1,10,0.8
2024-03-24T22:10:30Z,26.442020,-77.000450,0.13,311.3,1,10,0.8
2024-03-24T22:10:35Z,26.442025,-77.000452,0.34,334.2,1,10,0.8
2024-03-24T22:10:40Z,26.442028,-77.000457,0.46,306.4,1,10,0.8
2024-03-24T22:10:45Z,26.442038,-77.000468,0.36,330.0,1,10,0.8
2024-03-24T22:10:50Z,26.442037,-77.000463,0.29,194.9,1,10,0.8
2024-03-24T22:10:55Z,26.442035,-77.000462,0.42,182.3,1,10,0.8
2024-03-24T22:11:00Z,26.442030,-77.000462,0.35,160.2,1,10,0.8
2024-03-24T22:11:05Z,26.442018,-77.000460,0.62,132.7,1,10,0.8
2024-03-24T22:11:10Z,26.442020,-77.000473,0.29,43.8,1,10,0.8
2024-03-24T22:11:15Z,26.442020,-77.000475,0.28,64.3,1,10,0.8
2024-03-24T22:11:20Z,26.442018,-77.000472,0.48,357.2,1,10,0.8
2024-03-24T22:11:25Z,26.442025,-77.000470,0.38,5.7,1,10,0.8
2024-03-24T22:11:30Z,26.442017,-77.000468,0.54,175.7,1,10,0.8
2024-03-24T22:11:35Z,26.442017,-77.000462,0.40,134.0,1,10,0.8
2024-03-24T22:11:40Z,26.442013,-77.000447,0.40,69.5,1,9,0.9
2024-03-24T22:11:45Z,26.442022,-77.000437,0.56,18.7,1,10,0.8
2024-03-24T22:11:50Z,26.442025,-77.000428,0.45,132.9,1,10,0.8
2024-03-24T22:11:55Z,26.442012,-77.000422,0.52,153.2,1,10,0.8
2024-03-24T22:12:00Z,26.442013,-77.000413,0.34,348.4,1,10,0.8
2024-03-24T22:12:10Z,26.442017,-77.000407,0.26,160.9,1,10,0.8
2024-03-24T22:12:15Z,26.442018,-77.000418,0.31,108.3,1,10,0.8
2024-03-24T22:12:20Z,26.442013,-77.000420,0.07,135.5,1,10,0.8
2024-03-24T22:12:25Z,26.442013,-77.000420,0.42,348.8,1,10,0.8
2024-03-24T22:12:30Z,26.442013,-77.000413,0.22,321.0,1,10,0.8
2024-03-24T22:12:35Z,26.442008,-77.000408,0.28,170.2,1,10,0.8
2024-03-24T22:12:40Z,26.442010,-77.000418,0.14,293.8,1,10,0.8
2024-03-24T22:12:45Z,26.442005,-77.000422,0.11,213.6,1,10,0.8
2024-03-24T22:12:50Z,26.442002,-77.000417,0.02,322.2,1,9,0.9
2024-03-24T22:12:55Z,26.442007,-77.000418,0.38,333.6,1,10,0.8
2024-03-24T22:13:00Z,26.442010,-77.000418,0.17,285.4,1,10,0.8
2024-03-24T22:13:10Z,26.442008,-77.000422,0.22,87.0,1,10,0.8
2024-03-24T22:13:15Z,26.442003,-77.000415,0.55,135.2,1,10,0.8
2024-03-24T22:13:20Z,26.442012,-77.000417,0.64,12.3,1,10,0.8
2024-03-24T22:13:25Z,26.442018,-77.000417,0.22,127.5,1,10,0.8
2024-03-24T22:13:30Z,26.442020,-77.000423,0.12,5.7,1,10,0.8
2024-03-24T22:13:35Z,26.442025,-77.000420,0.24,26.6,1,9,0.9
2024-03-24T22:13:45Z,26.442018,-77.000423,0.23,51.0,1,10,0.8
2024-03-24T22:13:50Z,26.442015,-77.000425,0.16,54.7,1,10,0.8
2024-03-24T22:13:55Z,26.442007,-77.000427,0.17,214.8,1,10,0.8
2024-03-24T22:14:00Z,26.442012,-77.000418,0.00,89.0,1,10,0.8
2024-03-24T22:14:05Z,26.442015,-77.000417,0.32,329.0,1,10,0.8
2024-03-24T22:14:10Z,26.442015,-77.000415,0.33,166.9,1,10,0.8
2024-03-24T22:14:15Z,26.442010,-77.000418,0.56,190.3,1,10,0.8
2024-03-24T22:14:20Z,26.442003,-77.000423,0.27,225.2,1,10,0.8
2024-03-24T22:14:25Z,26.442010,-77.000427,0.29,342.7,1,10,0.8
2024-03-24T22:14:30Z,26.442015,-77.000433,0.49,324.2,1,10,0.8
2024-03-24T22:14:35Z,26.442027,-77.000443,0.74,1.4,1,10,0.8
2024-03-24T22:14:40Z,26.442035,-77.000445,0.03,19.4,1,10,0.8
2024-03-24T22:14:45Z,26.442032,-77.000447,0.53,300.1,1,10,0.8
2024-03-24T22:14:50Z,26.442035,-77.000443,0.34,266.1,1,10,0.8
2024-03-24T22:14:55Z,26.442033,-77.000435,0.13,8.4,1,10,0.8
2024-03-24T22:15:00Z,26.442022,-77.000423,0.27,25.1,1,10,0.8
2024-03-24T22:15:05Z,26.442013,-77.000420,0.42,253.1,1,10,0.8
2024-03-24T22:15:10Z,26.442017,-77.000423,0.76,327.1,1,10,0.8
2024-03-24T22:15:15Z,26.442018,-77.000428,0.18,128.6,2,10,0.8
2024-03-24T22:15:20Z,26.442017,-77.000423,0.21,57.5,2,10,0.8
2024-03-24T22:15:25Z,26.442013,-77.000418,0.26,134.2,2,10,0.8
2024-03-24T22:15:30Z,26.442008,-77.000408,0.36,3.7,2,10,0.8
2024-03-24T22:15:35Z,26.442003,-77.000405,0.45,146.4,2,10,0.8
2024-03-24T22:15:40Z,26.442005,-77.000408,0.07,54.4,2,10,0.8
2024-03-24T22:15:45Z,26.442003,-77.000417,0.07,163.6,2,10,0.8
2024-03-24T22:15:50Z,26.442002,-77.000422,0.39,166.6,2,10,0.8
2024-03-24T22:15:55Z,26.441992,-77.000427,0.52,204.0,2,10,0.8
2024-03-24T22:16:00Z,26.441993,-77.000432,0.80,334.4,2,10,0.8
2024-03-24T22:16:05Z,26.441992,-77.000433,0.40,278.0,2,9,1.0
2024-03-24T22:16:10Z,26.441983,-77.000432,0.60,152.8,2,9,1.0
2024-03-24T22:16:15Z,26.441983,-77.000447,0.30,279.8,2,9,1.0
2024-03-24T22:16:20Z,26.441985,-77.000457,0.47,310.1,2,10,0.8
2024-03-24T22:16:25Z,26.441987,-77.000462,0.37,303.7,2,10,0.8
2024-03-24T22:16:30Z,26.441983,-77.000467,0.52,286.0,2,10,0.8
2024-03-24T22:16:35Z,26.441983,-77.000460,0.48,20.4,2,10,0.8
2024-03-24T22:16:45Z,26.441980,-77.000472,0.19,175.2,2,10,0.8
2024-03-24T22:16:50Z,26.441977,-77.000477,0.20,112.8,2,10,0.8
2024-03-24T22:16:55Z,26.441978,-77.000470,0.35,109.1,2,10,0.8
2024-03-24T22:17:00Z,26.441978,-77.000468,0.19,113.6,2,10,0.8
2024-03-24T22:17:05Z,26.441978,-77.000467,0.59,0.2,2,10,0.8
2024-03-24T22:17:10Z,26.441978,-77.000473,0.71,56.7,2,10,0.8
2024-03-24T22:17:20Z,26.441972,-77.000458,0.50,169.0,1,10,0.8
2024-03-24T22:17:25Z,26.441972,-77.000458,0.59,142.3,1,10,0.8
2024-03-24T22:17:30Z,26.441987,-77.000450,0.21,330.3,1,10,0.8
2024-03-24T22:17:35Z,26.442007,-77.000443,0.60,0.4,1,10,0.8
2024-03-24T22:17:40Z,26.442010,-77.000438,0.50,115.2,1,10,0.8
2024-03-24T22:17:45Z,26.442005,-77.000445,0.33,229.2,1,10,0.8
2024-03-24T22:17:55Z,26.442003,-77.000438,0.05,178.6,1,10,0.8
2024-03-24T22:18:00Z,26.442000,-77.000447,0.37,147.8,1,10,0.8
2024-03-24T22:18:05Z,26.441995,-77.000440,0.10,110.7,1,10,0.8
2024-03-24T22:18:10Z,26.441997,-77.000442,0.27,25.8,1,10,0.8
2024-03-24T22:18:15Z,26.442003,-77.000442,0.06,85.3,1,10,0.8
2024-03-24T22:18:20Z,26.442010,-77.000443,0.31,355.0,1,10,0.8
2024-03-24T22:18:30Z,26.442018,-77.000435,0.26,53.9,1,10,0.8
2024-03-24T22:18:35Z,26.442023,-77.000433,0.10,74.3,1,10,0.8
2024-03-24T22:18:40Z,26.442025,-77.000430,0.20,3.2,1,10,0.8
2024-03-24T22:18:45Z,26.442017,-77.000418,0.27,143.9,1,10,0.8
2024-03-24T22:18:50Z,26.442018,-77.000417,0.27,348.4,1,10,0.8
2024-03-24T22:18:55Z,26.442015,-77.000420,0.74,232.6,1,10,0.8
2024-03-24T22:19:05Z,26.442023,-77.000433,0.75,308.1,1,10,0.8
2024-03-24T22:19:10Z,26.442035,-77.000448,0.82,333.6,1,10,0.8
2024-03-24T22:19:15Z,26.442045,-77.000453,0.42,350.2,1,10,0.8
2024-03-24T22:19:20Z,26.442060,-77.000470,0.45,305.0,1,10,0.8
2024-03-24T22:19:25Z,26.442067,-77.000487,0.62,297.6,1,10,0.8
2024-03-24T22:19:30Z,26.442062,-77.000497,0.43,241.5,1,10,0.8
2024-03-24T22:19:35Z,26.442062,-77.000497,0.21,135.5,1,9,1.0
2024-03-24T22:19:40Z,26.442062,-77.000500,0.15,251.7,1,9,1.0
2024-03-24T22:19:45Z,26.442048,-77.000483,0.11,6.3,1,9,1.0
2024-03-24T22:19:50Z,26.442060,-77.000477,0.27,33.0,1,10,0.8
2024-03-24T22:19:55Z,26.442073,-77.000463,1.05,33.2,1,10,0.8
2024-03-24T22:20:00Z,26.442100,-77.000448,0.97,42.6,1,10,0.8
2024-03-24T22:20:05Z,26.442120,-77.000427,1.04,65.8,1,10,0.8
2024-03-24T22:20:10Z,26.442128,-77.000428,0.64,72.7,1,10,0.8
2024-03-24T22:20:15Z,26.442145,-77.000412,0.82,68.2,1,10,0.8
2024-03-24T22:20:20Z,26.442160,-77.000395,0.70,39.1,1,10,0.8
2024-03-24T22:20:25Z,26.442170,-77.000377,0.79,42.8,1,10,0.8
2024-03-24T22:20:35Z,26.442158,-77.000355,0.55,139.1,1,10,0.8
2024-03-24T22:20:40Z,26.442150,-77.000347,0.94,140.1,1,10,0.8
2024-03-24T22:20:45Z,26.442145,-77.000335,0.94,165.8,1,10,0.8
2024-03-24T22:20:50Z,26.442127,-77.000328,0.62,140.0,1,10,0.8
2024-03-24T22:20:55Z,26.442113,-77.000310,1.45,127.8,1,10,0.8
2024-03-24T22:21:00Z,26.442122,-77.000267,1.68,81.3,1,10,0.8
2024-03-24T22:21:05Z,26.442145,-77.000217,2.79,53.0,1,10,0.8
2024-03-24T22:21:10Z,26.442193,-77.000153,3.73,49.8,1,10,0.8
2024-03-24T22:21:15Z,26.442242,-77.000077,3.42,66.5,1,10,0.8
2024-03-24T22:21:20Z,26.442283,-76.999982,4.18,67.4,1,10,0.8
2024-03-24T22:21:25Z,26.442310,-76.999872,4.44,80.0,1,10,0.8
2024-03-24T22:21:35Z,26.442353,-76.999632,4.77,80.2,1,10,0.8
2024-03-24T22:21:40Z,26.442383,-76.999503,5.02,77.9,1,10,0.8
2024-03-24T22:21:45Z,26.442400,-76.999377,5.53,73.2,1,10,0.8
2024-03-24T22:21:50Z,26.442440,-76.999243,5.43,72.9,1,10,0.8
2024-03-24T22:21:55Z,26.442470,-76.999112,4.92,78.4,1,10,0.8
2024-03-24T22:22:05Z,26.442527,-76.998858,5.47,71.2,1,10,0.8
2024-03-24T22:22:10Z,26.442568,-76.998732,5.09,71.9,1,10,0.8
2024-03-24T22:22:15Z,26.442605,-76.998607,5.01,72.4,1,10,0.8
2024-03-24T22:22:20Z,26.442643,-76.998478,5.71,66.9,1,10,0.8
2024-03-24T22:22:25Z,26.442688,-76.998352,5.07,72.9,1,10,0.8
2024-03-24T22:22:30Z,26.442723,-76.998230,4.84,75.1,1,10,0.8
2024-03-24T22:22:35Z,26.442763,-76.998105,5.62,70.0,1,10,0.8
2024-03-24T22:22:40Z,26.442810,-76.997972,5.29,71.0,1,10,0.8
2024-03-24T22:22:45Z,26.442852,-76.997845,5.14,71.4,1,10,0.8
2024-03-24T22:22:50Z,26.442898,-76.997718,5.51,68.5,1,10,0.8
2024-03-24T22:22:55Z,26.442952,-76.997593,4.76,67.9,1,10,0.8
2024-03-24T22:23:00Z,26.443002,-76.997472,5.07,69.6,1,10,0.8
2024-03-24T22:23:10Z,26.443108,-76.997227,5.52,63.8,1,10,0.8
2024-03-24T22:23:15Z,26.443165,-76.997102,5.57,61.3,1,10,0.8
2024-03-24T22:23:20Z,26.443222,-76.996980,5.40,65.2,1,10,0.8
2024-03-24T22:23:25Z,26.443283,-76.996858,5.56,62.4,1,10,0.8
2024-03-24T22:23:30Z,26.443335,-76.996738,5.67,61.0,1,10,0.8
2024-03-24T22:23:35Z,26.443387,-76.996623,5.13,62.1,1,10,0.8
2024-03-24T22:23:45Z,26.443507,-76.996387,5.23,61.7,1,10,0.8
2024-03-24T22:23:50Z,26.443568,-76.996267,5.52,59.8,1,10,0.8
2024-03-24T22:23:55Z,26.443632,-76.996152,4.87,59.4,1,10,0.8
2024-03-24T22:24:00Z,26.443692,-76.996040,5.45,60.5,1,10,0.8
2024-03-24T22:24:05Z,26.443753,-76.995925,5.29,57.3,1,10,0.8
2024-03-24T22:24:15Z,26.443868,-76.995702,5.08,61.9,1,10,0.8
2024-03-24T22:24:20Z,26.443932,-76.995588,4.90,65.3,1,10,0.8
2024-03-24T22:24:25Z,26.443995,-76.995475,5.15,57.0,1,10,0.8
2024-03-24T22:24:30Z,26.444058,-76.995363,5.25,62.7,1,10,0.8
2024-03-24T22:24:35Z,26.444122,-76.995247,5.57,54.4,1,10,0.8
2024-03-24T22:24:45Z,26.444238,-76.995023,4.96,59.1,1,10,0.8
2024-03-24T22:24:50Z,26.444308,-76.994910,5.30,54.8,1,10,0.8
2024-03-24T22:24:55Z,26.444372,-76.994802,4.84,63.7,1,10,0.8
2024-03-24T22:25:00Z,26.444425,-76.994690,5.10,60.4,1,10,0.8
2024-03-24T22:25:05Z,26.444488,-76.994575,4.83,60.3,1,10,0.8
2024-03-24T22:25:15Z,26.444602,-76.994352,5.01,60.7,1,10,0.8
2024-03-24T22:25:20Z,26.444655,-76.994237,4.80,65.5,1,10,0.8
2024-03-24T22:25:25Z,26.444723,-76.994113,5.58,57.8,1,10,0.8
2024-03-24T22:25:30Z,26.444792,-76.993995,5.13,57.3,1,10,0.8
2024-03-24T22:25:35Z,26.444850,-76.993883,4.31,70.4,1,10,0.8
2024-03-24T22:25:45Z,26.444963,-76.993655,5.12,61.6,1,10,0.8
2024-03-24T22:25:50Z,26.445023,-76.993540,5.19,60.4,1,10,0.8
2024-03-24T22:25:55Z,26.445083,-76.993428,5.33,57.4,1,10,0.8
2024-03-24T22:26:00Z,26.445143,-76.993317,5.19,57.3,1,10,0.8
2024-03-24T22:26:05Z,26.445208,-76.993205,5.59,53.6,1,10,0.8
2024-03-24T22:26:15Z,26.445337,-76.992977,5.51,55.7,1,10,0.9
2024-03-24T22:26:20Z,26.445398,-76.992860,4.88,64.8,1,10,0.9
2024-03-24T22:26:25Z,26.445450,-76.992750,5.11,59.3,1,10,0.9
2024-03-24T22:26:30Z,26.445530,-76.992627,5.05,60.4,1,10,0.9
2024-03-24T22:26:35Z,26.445592,-76.992510,5.59,58.0,1,10,0.9
2024-03-24T22:26:45Z,26.445725,-76.992270,5.60,57.0,1,10,0.9
2024-03-24T22:26:50Z,26.445793,-76.992152,5.19,57.7,1,10,0.9
2024-03-24T22:26:55Z,26.445865,-76.992028,5.69,57.5,1,10,0.9
2024-03-24T22:27:00Z,26.445932,-76.991905,5.75,56.8,1,10,0.9
2024-03-24T22:27:05Z,26.445980,-76.991788,5.52,63.2,1,10,0.9
2024-03-24T22:27:15Z,26.446122,-76.991572,5.41,54.5,1,10,0.9
2024-03-24T22:27:20Z,26.446195,-76.991460,5.43,51.9,1,10,0.9
2024-03-24T22:27:25Z,26.446268,-76.991353,4.90,63.8,1,10,0.9
2024-03-24T22:27:30Z,26.446347,-76.991258,5.07,46.4,1,10,0.9
2024-03-24T22:27:35Z,26.446425,-76.991163,5.07,49.4,1,10,0.9
2024-03-24T22:27:45Z,26.446605,-76.990990,4.77,35.3,1,10,0.9
2024-03-24T22:27:50Z,26.446700,-76.990928,4.86,26.4,1,10,0.9
2024-03-24T22:27:55Z,26.446815,-76.990893,5.11,9.4,1,10,0.9
2024-03-24T22:28:00Z,26.446928,-76.990872,5.09,15.0,1,10,0.9
2024-03-24T22:28:05Z,26.447035,-76.990840,5.10,8.3,1,10,0.9
2024-03-24T22:28:15Z,26.447270,-76.990812,5.26,15.8,1,10,0.9
2024-03-24T22:28:20Z,26.447373,-76.990775,4.88,23.9,1,10,0.9
2024-03-24T22:28:25Z,26.447490,-76.990725,4.88,27.1,1,10,0.9
2024-03-24T22:28:30Z,26.447602,-76.990683,4.60,20.4,1,10,0.9
2024-03-24T22:28:35Z,26.447715,-76.990650,5.15,12.5,1,10,0.9
2024-03-24T22:28:45Z,26.447938,-76.990582,5.02,8.8,1,9,1.0
2024-03-24T22:28:50Z,26.448048,-76.990567,4.99,1.2,1,10,0.9
2024-03-24T22:28:55Z,26.448153,-76.990563,4.80,9.9,1,10,0.9
2024-03-24T22:29:00Z,26.448265,-76.990552,4.98,9.4,1,10,0.9
2024-03-24T22:29:05Z,26.448378,-76.990528,5.08,12.1,1,10,0.9
2024-03-24T22:29:10Z,26.448488,-76.990508,4.69,14.2,1,10,0.9
2024-03-24T22:29:20Z,26.448712,-76.990485,4.55,0.7,1,10,0.9
2024-03-24T22:29:25Z,26.448813,-76.990482,3.87,357.2,1,10,0.9
2024-03-24T22:29:30Z,26.448903,-76.990488,3.49,351.3,1,10,0.9
2024-03-24T22:29:35Z,26.448967,-76.990497,2.48,358.9,1,10,0.9
2024-03-24T22:29:40Z,26.449018,-76.990505,1.85,347.5,1,9,1.0
2024-03-24T22:29:45Z,26.449057,-76.990513,1.48,354.0,1,9,1.0
2024-03-24T22:29:55Z,26.449112,-76.990533,0.92,349.0,1,9,1.0
2024-03-24T22:30:00Z,26.449125,-76.990548,0.61,331.8,1,9,1.0
2024-03-24T22:30:05Z,26.449133,-76.990575,0.41,280.6,1,9,1.0
2024-03-24T22:30:10Z,26.449128,-76.990600,1.18,299.8,1,9,1.0
2024-03-24T22:30:15Z,26.449132,-76.990620,0.42,247.8,1,10,0.9
2024-03-24T22:30:20Z,26.449118,-76.990625,1.09,179.2,1,10,0.9
2024-03-24T22:30:25Z,26.449102,-76.990627,1.17,222.0,1,10,0.9
2024-03-24T22:30:30Z,26.449080,-76.990618,1.16,145.0,1,10,0.9
2024-03-24T22:30:35Z,26.449058,-76.990613,1.11,173.4,1,10,0.9
2024-03-24T22:30:40Z,26.449030,-76.990597,0.67,139.8,1,10,0.9
2024-03-24T22:30:45Z,26.449015,-76.990580,1.19,152.6,1,10,0.9
2024-03-24T22:30:50Z,26.448987,-76.990575,1.09,174.3,1,10,0.9
2024-03-24T22:31:00Z,26.448968,-76.990547,0.51,121.4,1,10,0.9
2024-03-24T22:31:05Z,26.448955,-76.990532,0.97,126.6,1,9,0.9
2024-03-24T22:31:10Z,26.448937,-76.990520,0.48,115.1,1,9,0.9
2024-03-24T22:31:15Z,26.448925,-76.990510,0.57,161.1,1,10,0.9
2024-03-24T22:31:20Z,26.448912,-76.990508,0.33,118.2,1,10,0.9
2024-03-24T22:31:25Z,26.448902,-76.990505,0.50,142.3,1,10,0.9
2024-03-24T22:31:35Z,26.448878,-76.990505,0.58,179.7,1,9,0.9
2024-03-24T22:31:40Z,26.448873,-76.990510,0.37,218.1,1,9,1.0
2024-03-24T22:31:45Z,26.448872,-76.990512,0.75,217.5,1,10,0.9
2024-03-24T22:31:50Z,26.448868,-76.990513,0.68,258.5,1,10,0.9
2024-03-24T22:31:55Z,26.448862,-76.990523,0.40,287.4,1,10,0.9
2024-03-24T22:32:00Z,26.448855,-76.990543,0.53,173.8,1,10,0.9
2024-03-24T22:32:05Z,26.448847,-76.990532,0.38,144.0,1,10,0.9
2024-03-24T22:32:10Z,26.448838,-76.990518,0.16,247.4,1,10,0.9
2024-03-24T22:32:15Z,26.448838,-76.990520,0.09,315.8,1,10,0.9
2024-03-24T22:32:20Z,26.448853,-76.990510,1.23,142.8,1,10,0.9
2024-03-24T22:32:25Z,26.448850,-76.990523,0.47,226.2,1,10,0.9
2024-03-24T22:32:30Z,26.448832,-76.990522,1.14,161.5,1,10,0.9
2024-03-24T22:32:35Z,26.448830,-76.990530,0.47,186.4,1,10,0.9
2024-03-24T22:32:40Z,26.448827,-76.990542,0.72,285.9,1,10,0.9
2024-03-24T22:32:50Z,26.448833,-76.990562,0.58,237.3,1,9,1.0
2024-03-24T22:32:55Z,26.448830,-76.990570,0.34,276.8,1,9,1.0
2024-03-24T22:33:00Z,26.448830,-76.990577,0.32,207.0,1,9,1.0
2024-03-24T22:33:05Z,26.448830,-76.990585,0.09,227.5,1,9,1.0
2024-03-24T22:33:10Z,26.448835,-76.990587,0.74,284.8,1,9,1.0
2024-03-24T22:33:20Z,26.448820,-76.990598,0.32,196.8,1,9,1.0
2024-03-24T22:33:25Z,26.448813,-76.990602,0.33,261.3,1,9,1.0
2024-03-24T22:33:30Z,26.448815,-76.990603,0.39,327.1,1,9,1.0
2024-03-24T22:33:35Z,26.448813,-76.990602,0.22,189.9,1,9,1.0
2024-03-24T22:33:40Z,26.448818,-76.990610,0.54,310.0,1,9,1.0
2024-03-24T22:33:50Z,26.448828,-76.990622,0.73,204.4,1,10,0.9
2024-03-24T22:33:55Z,26.448822,-76.990627,0.31,159.2,1,10,0.9
2024-03-24T22:34:00Z,26.448823,-76.990627,0.30,244.1,1,10,0.9
2024-03-24T22:34:05Z,26.448822,-76.990628,0.48,204.1,1,10,0.9
2024-03-24T22:34:10Z,26.448823,-76.990635,0.50,282.9,1,10,0.9
2024-03-24T22:34:20Z,26.448827,-76.990635,0.68,319.4,1,10,0.9
2024-03-24T22:34:25Z,26.448823,-76.990627,0.31,97.8,1,9,0.9
2024-03-24T22:34:30Z,26.448832,-76.990628,0.07,332.1,1,10,0.9
2024-03-24T22:34:35Z,26.448833,-76.990627,0.16,82.5,1,10,0.9
2024-03-24T22:34:40Z,26.448833,-76.990637,1.15,2.2,1,10,0.9
2024-03-24T22:34:50Z,26.448828,-76.990650,0.43,128.2,1,10,0.9
2024-03-24T22:34:55Z,26.448820,-76.990643,0.32,181.7,1,10,0.9
2024-03-24T22:35:00Z,26.448825,-76.990645,1.10,350.1,1,10,0.9
2024-03-24T22:35:05Z,26.448832,-76.990648,0.33,166.7,1,10,0.9
2024-03-24T22:35:10Z,26.448832,-76.990645,0.32,58.4,1,10,0.9
2024-03-24T22:35:20Z,26.448832,-76.990635,0.46,157.0,1,10,0.9
2024-03-24T22:35:25Z,26.448828,-76.990628,0.39,76.6,1,10,0.9
2024-03-24T22:35:30Z,26.448823,-76.990617,0.34,92.3,1,10,0.9
2024-03-24T22:35:35Z,26.448827,-76.990617,0.16,198.8,1,10,0.9
2024-03-24T22:35:40Z,26.448828,-76.990618,0.88,343.7,1,10,0.9
2024-03-24T22:35:45Z,26.448830,-76.990615,0.17,123.7,1,10,0.9
2024-03-24T22:35:50Z,26.448827,-76.990607,0.44,136.5,1,10,0.9
2024-03-24T22:35:55Z,26.448827,-76.990607,0.13,304.6,1,10,0.9
2024-03-24T22:36:00Z,26.448825,-76.990612,0.73,139.1,1,10,0.9
2024-03-24T22:36:05Z,26.448817,-76.990600,0.20,82.7,1,10,0.9
2024-03-24T22:36:10Z,26.448812,-76.990592,0.19,169.6,1,10,0.9
2024-03-24T22:36:15Z,26.448807,-76.990593,0.50,148.5,1,10,0.9
2024-03-24T22:36:20Z,26.448812,-76.990598,0.63,285.2,1,10,0.9
2024-03-24T22:36:25Z,26.448813,-76.990607,0.35,155.2,1,9,1.0
2024-03-24T22:36:30Z,26.448815,-76.990612,0.33,248.9,1,9,1.0
2024-03-24T22:36:35Z,26.448813,-76.990622,0.48,310.6,1,9,1.0
2024-03-24T22:36:40Z,26.448815,-76.990627,0.49,216.1,1,8,1.1
2024-03-24T22:36:50Z,26.448803,-76.990625,0.53,300.6,1,9,1.0
2024-03-24T22:36:55Z,26.448808,-76.990635,0.37,227.1,1,9,1.0
2024-03-24T22:37:00Z,26.448818,-76.990642,0.33,312.1,1,9,1.0
2024-03-24T22:37:05Z,26.448823,-76.990645,0.23,262.0,1,9,1.0
2024-03-24T22:37:10Z,26.448825,-76.990653,0.18,205.2,1,9,1.0
2024-03-24T22:37:15Z,26.448825,-76.990657,0.24,143.4,1,9,1.0
2024-03-24T22:37:25Z,26.448828,-76.990658,0.64,333.8,1,10,0.9
2024-03-24T22:37:30Z,26.448832,-76.990658,0.19,276.5,1,10,0.9
2024-03-24T22:37:35Z,26.448823,-76.990652,0.24,47.3,1,10,0.9
2024-03-24T22:37:40Z,26.448832,-76.990653,0.22,81.5,1,10,0.9
2024-03-24T22:37:45Z,26.448832,-76.990655,0.20,136.4,1,10,0.9
2024-03-24T22:37:50Z,26.448837,-76.990653,0.16,312.1,1,10,0.9
2024-03-24T22:38:00Z,26.448833,-76.990638,0.72,131.5,1,10,0.9
2024-03-24T22:38:05Z,26.448830,-76.990627,0.66,124.8,1,9,1.0
2024-03-24T22:38:10Z,26.448823,-76.990615,0.52,132.6,1,9,1.0
2024-03-24T22:38:15Z,26.448822,-76.990610,0.34,103.7,1,9,1.0
2024-03-24T22:38:20Z,26.448818,-76.990603,0.40,108.9,1,10,0.9
2024-03-24T22:38:25Z,26.448820,-76.990598,0.44,307.4,1,9,1.0
2024-03-24T22:38:35Z,26.448823,-76.990598,0.24,83.7,1,9,1.0
2024-03-24T22:38:40Z,26.448818,-76.990593,0.61,86.6,1,10,0.9
2024-03-24T22:38:45Z,26.448817,-76.990600,0.48,299.6,1,10,0.9
2024-03-24T22:38:50Z,26.448807,-76.990595,0.50,187.7,1,10,0.9
2024-03-24T22:38:55Z,26.448805,-76.990587,0.24,39.6,1,8,1.1
2024-03-24T22:39:00Z,26.448803,-76.990585,0.56,180.5,1,9,1.0
2024-03-24T22:39:05Z,26.448803,-76.990598,0.29,199.4,1,9,1.0
2024-03-24T22:39:10Z,26.448800,-76.990602,0.32,304.7,1,9,1.0
2024-03-24T22:39:15Z,26.448802,-76.990613,0.43,336.5,1,9,1.0
2024-03-24T22:39:20Z,26.448815,-76.990613,0.15,293.2,1,9,1.0
2024-03-24T22:39:25Z,26.448827,-76.990617,0.42,216.0,1,9,1.0
2024-03-24T22:39:30Z,26.448842,-76.990628,0.24,272.8,1,9,1.0
2024-03-24T22:39:40Z,26.448825,-76.990633,0.28,232.6,1,9,1.0
2024-03-24T22:39:45Z,26.448828,-76.990647,0.67,301.8,1,9,1.0
2024-03-24T22:39:50Z,26.448822,-76.990658,0.47,313.2,1,9,1.0
2024-03-24T22:39:55Z,26.448815,-76.990658,0.24,8.5,1,9,1.0
2024-03-24T22:40:00Z,26.448822,-76.990655,0.21,101.1,1,9,1.0
2024-03-24T22:40:10Z,26.448827,-76.990650,0.97,340.9,1,9,1.0
2024-03-24T22:40:15Z,26.448830,-76.990665,0.78,297.2,1,9,1.0
2024-03-24T22:40:20Z,26.448832,-76.990673,0.41,133.6,1,9,1.0
2024-03-24T22:40:25Z,26.448833,-76.990668,0.39,315.3,1,9,1.0
2024-03-24T22:40:30Z,26.448832,-76.990673,0.06,238.5,1,9,1.0
2024-03-24T22:40:40Z,26.448840,-76.990677,0.11,0.9,1,9,1.0
2024-03-24T22:40:45Z,26.448838,-76.990680,0.12,203.8,1,9,1.0
2024-03-24T22:40:50Z,26.448845,-76.990682,0.51,359.8,1,9,1.0
2024-03-24T22:40:55Z,26.448853,-76.990673,0.72,50.9,1,9,1.0
2024-03-24T22:41:00Z,26.448848,-76.990668,0.17,316.7,1,9,1.0
2024-03-24T22:41:10Z,26.448847,-76.990648,0.40,217.3,1,9,1.0
2024-03-24T22:41:15Z,26.448848,-76.990640,0.21,56.5,1,9,1.0
2024-03-24T22:41:20Z,26.448843,-76.990630,0.27,39.1,1,9,1.0
2024-03-24T22:41:25Z,26.448840,-76.990620,0.06,51.2,1,9,1.0
2024-03-24T22:41:30Z,26.448840,-76.990617,0.18,115.3,1,9,1.0
2024-03-24T22:41:40Z,26.448843,-76.990610,0.23,319.6,1,9,1.0
2024-03-24T22:41:45Z,26.448828,-76.990597,0.34,136.6,1,9,1.0
2024-03-24T22:41:50Z,26.448815,-76.990593,0.15,145.5,1,9,1.0
2024-03-24T22:41:55Z,26.448808,-76.990590,0.37,187.4,1,9,1.0
2024-03-24T22:42:00Z,26.448813,-76.990595,0.76,319.4,1,9,1.0
2024-03-24T22:42:10Z,26.448822,-76.990602,0.20,185.2,1,9,1.0
2024-03-24T22:42:15Z,26.448817,-76.990602,0.23,199.6,1,9,1.0
2024-03-24T22:42:20Z,26.448812,-76.990608,0.11,317.8,1,9,1.0
2024-03-24T22:42:25Z,26.448818,-76.990628,0.45,306.4,1,9,1.0
2024-03-24T22:42:30Z,26.448817,-76.990630,0.29,300.7,1,9,1.0
2024-03-24T22:42:40Z,26.448805,-76.990627,0.24,222.2,1,9,1.0
2024-03-24T22:42:45Z,26.448807,-76.990632,1.04,306.9,1,9,1.0
2024-03-24T22:42:50Z,26.448823,-76.990637,0.27,317.6,1,9,1.0
2024-03-24T22:42:55Z,26.448832,-76.990628,0.37,115.2,1,9,1.0
2024-03-24T22:43:00Z,26.448832,-76.990635,0.30,300.9,1,9,1.0
2024-03-24T22:43:10Z,26.448827,-76.990640,0.70,326.9,1,9,1.0
2024-03-24T22:43:15Z,26.448830,-76.990638,0.65,333.8,1,9,1.0
2024-03-24T22:43:20Z,26.448815,-76.990643,0.21,219.5,1,9,1.0
2024-03-24T22:43:25Z,26.448807,-76.990642,0.60,180.3,1,9,1.0
2024-03-24T22:43:30Z,26.448802,-76.990642,0.61,198.5,1,9,1.0
2024-03-24T22:43:40Z,26.448825,-76.990672,0.25,328.1,1,9,1.0
2024-03-24T22:43:45Z,26.448828,-76.990668,0.31,148.4,1,9,1.0
2024-03-24T22:43:50Z,26.448835,-76.990658,0.18,19.6,1,9,1.0
2024-03-24T22:43:55Z,26.448833,-76.990653,0.26,48.8,1,9,1.0
2024-03-24T22:44:00Z,26.448842,-76.990650,0.21,356.7,1,9,1.0
2024-03-24T22:44:10Z,26.448832,-76.990653,0.15,70.6,1,9,1.0
2024-03-24T22:44:15Z,26.448832,-76.990653,0.06,134.4,1,9,1.0
2024-03-24T22:44:20Z,26.448833,-76.990655,0.02,11.2,1,9,1.0
2024-03-24T22:44:25Z,26.448828,-76.990645,0.49,150.7,1,9,1.0
2024-03-24T22:44:30Z,26.448827,-76.990640,0.19,349.6,1,9,1.0
2024-03-24T22:44:40Z,26.448820,-76.990635,0.06,101.7,1,9,1.0
2024-03-24T22:44:45Z,26.448823,-76.990640,0.07,287.2,1,9,1.0
2024-03-24T22:44:50Z,26.448823,-76.990642,0.17,226.8,1,9,1.0
2024-03-24T22:44:55Z,26.448822,-76.990643,0.37,309.7,1,9,1.0
2024-03-24T22:45:00Z,26.448822,-76.990650,0.32,276.3,1,9,1.0
2024-03-24T22:45:10Z,26.448823,-76.990667,0.31,297.8,1,9,1.0
2024-03-24T22:45:15Z,26.448832,-76.990672,0.06,264.0,1,9,1.0
2024-03-24T22:45:20Z,26.448828,-76.990678,0.53,311.6,1,9,1.0
2024-03-24T22:45:25Z,26.448828,-76.990680,0.18,242.7,1,9,1.0
2024-03-24T22:45:30Z,26.448830,-76.990680,0.29,261.6,1,9,1.0
2024-03-24T22:45:40Z,26.448820,-76.990683,0.15,194.9,1,9,1.0
2024-03-24T22:45:45Z,26.448818,-76.990683,0.29,160.8,1,9,1.0
2024-03-24T22:45:50Z,26.448822,-76.990682,0.40,357.2,1,9,1.0
2024-03-24T22:45:55Z,26.448827,-76.990687,0.10,145.8,1,9,1.0
2024-03-24T22:46:00Z,26.448830,-76.990688,0.15,94.6,1,9,1.0
2024-03-24T22:46:10Z,26.448828,-76.990693,0.43,304.6,1,9,1.0
2024-03-24T22:46:15Z,26.448838,-76.990688,0.11,354.5,1,9,1.0
2024-03-24T22:46:20Z,26.448835,-76.990690,0.79,153.7,1,9,1.0
2024-03-24T22:46:25Z,26.448833,-76.990692,0.02,261.9,1,9,1.0
2024-03-24T22:46:30Z,26.448832,-76.990692,0.15,189.6,1,9,1.0
2024-03-24T22:46:40Z,26.448833,-76.990697,0.08,253.5,1,9,1.0
2024-03-24T22:46:45Z,26.448832,-76.990703,0.31,297.8,1,9,1.0
2024-03-24T22:46:50Z,26.448827,-76.990705,0.47,155.4,1,9,1.0
2024-03-24T22:46:55Z,26.448828,-76.990710,0.02,337.6,1,9,1.0
2024-03-24T22:47:00Z,26.448832,-76.990708,0.15,292.2,1,9,1.0
2024-03-24T22:47:05Z,26.448837,-76.990712,0.01,277.8,1,9,1.0
2024-03-24T22:47:15Z,26.448830,-76.990703,0.06,52.1,1,9,1.0
2024-03-24T22:47:20Z,26.448830,-76.990705,0.26,166.2,1,9,1.0
2024-03-24T22:47:25Z,26.448833,-76.990705,0.61,141.9,1,9,1.0
2024-03-24T22:47:30Z,26.448832,-76.990698,0.33,122.8,1,9,1.0
2024-03-24T22:47:35Z,26.448838,-76.990693,0.70,130.8,1,9,1.0
2024-03-24T22:47:40Z,26.448840,-76.990690,0.36,141.1,1,9,1.0
2024-03-24T22:47:50Z,26.448842,-76.990690,0.20,135.0,1,9,1.0
2024-03-24T22:47:55Z,26.448843,-76.990690,0.26,348.6,1,9,1.0
2024-03-24T22:48:00Z,26.448847,-76.990687,0.17,3.8,1,9,1.0
2024-03-24T22:48:05Z,26.448847,-76.990682,0.57,125.5,1,9,1.0
2024-03-24T22:48:10Z,26.448847,-76.990678,0.11,313.9,1,9,1.0
2024-03-24T22:48:15Z,26.448847,-76.990675,0.34,118.9,2,9,1.0
2024-03-24T22:48:25Z,26.448835,-76.990673,0.30,104.0,2,9,1.0
2024-03-24T22:48:30Z,26.448822,-76.990672,0.48,151.3,2,9,1.0
2024-03-24T22:48:35Z,26.448807,-76.990662,0.52,158.1,2,9,1.0
2024-03-24T22:48:40Z,26.448795,-76.990660,0.18,215.2,2,9,1.0
2024-03-24T22:48:45Z,26.448805,-76.990675,0.24,192.6,2,9,1.0
2024-03-24T22:48:50Z,26.448818,-76.990693,0.43,268.1,2,9,1.0
2024-03-24T22:48:55Z,26.448805,-76.990677,0.72,166.1,1,9,1.0
2024-03-24T22:49:00Z,26.448800,-76.990668,0.14,245.2,1,9,1.0
2024-03-24T22:49:05Z,26.448795,-76.990672,0.33,215.7,1,9,1.0
2024-03-24T22:49:10Z,26.448800,-76.990683,0.43,201.2,1,9,1.0
2024-03-24T22:49:15Z,26.448808,-76.990690,0.17,179.7,1,9,1.0
2024-03-24T22:49:20Z,26.448818,-76.990698,0.28,305.9,1,9,1.0
2024-03-24T22:49:25Z,26.448823,-76.990703,0.31,175.6,1,9,1.0
2024-03-24T22:49:35Z,26.448810,-76.990718,0.35,286.5,2,9,1.0
2024-03-24T22:49:40Z,26.448810,-76.990722,0.55,177.0,2,9,1.0
2024-03-24T22:49:45Z,26.448795,-76.990717,0.77,159.1,2,9,1.0
2024-03-24T22:49:50Z,26.448790,-76.990713,0.35,114.0,2,9,1.0
2024-03-24T22:49:55Z,26.448795,-76.990705,0.36,121.7,1,9,1.0
2024-03-24T22:50:00Z,26.448795,-76.990690,0.05,46.0,1,9,1.0
2024-03-24T22:50:05Z,26.448805,-76.990688,0.05,70.6,1,9,1.0
2024-03-24T22:50:15Z,26.448825,-76.990688,0.16,41.5,1,9,1.0
2024-03-24T22:50:20Z,26.448828,-76.990678,0.43,83.0,1,9,1.0
2024-03-24T22:50:25Z,26.448833,-76.990670,0.63,134.2,1,9,1.0
2024-03-24T22:50:30Z,26.448833,-76.990662,0.38,143.2,1,9,1.0
2024-03-24T22:50:35Z,26.448833,-76.990657,0.25,354.8,1,9,1.0
2024-03-24T22:50:40Z,26.448830,-76.990653,0.12,295.4,1,9,1.0
2024-03-24T22:50:50Z,26.448822,-76.990657,0.24,318.3,1,9,1.0
2024-03-24T22:50:55Z,26.448820,-76.990665,0.47,218.2,1,9,1.0
2024-03-24T22:51:00Z,26.448817,-76.990665,0.04,250.3,1,9,1.0
2024-03-24T22:51:05Z,26.448815,-76.990667,0.18,349.0,1,9,1.0
2024-03-24T22:51:10Z,26.448815,-76.990670,0.30,3.1,1,9,1.0
2024-03-24T22:51:15Z,26.448818,-76.990682,0.36,198.2,1,9,1.0
2024-03-24T22:51:25Z,26.448827,-76.990703,0.30,265.6,1,9,1.0
2024-03-24T22:51:30Z,26.448828,-76.990708,0.41,119.5,1,9,1.0
2024-03-24T22:51:35Z,26.448833,-76.990710,0.20,22.1,1,9,1.0
2024-03-24T22:51:40Z,26.448833,-76.990708,0.52,158.0,1,9,1.0
2024-03-24T22:51:45Z,26.448823,-76.990707,0.31,241.3,1,9,1.0
2024-03-24T22:51:50Z,26.448830,-76.990722,0.38,227.4,1,9,1.0
2024-03-24T22:52:00Z,26.448840,-76.990750,0.16,63.0,1,9,1.0
2024-03-24T22:52:05Z,26.448837,-76.990745,0.36,130.0,1,9,1.0
2024-03-24T22:52:10Z,26.448840,-76.990737,0.24,75.1,1,9,1.0
2024-03-24T22:52:15Z,26.448838,-76.990722,0.76,125.6,1,9,1.0
2024-03-24T22:52:20Z,26.448840,-76.990710,0.24,67.3,1,9,1.0
2024-03-24T22:52:25Z,26.448840,-76.990702,0.55,102.5,1,9,1.0
2024-03-24T22:52:35Z,26.448843,-76.990680,0.51,106.6,1,9,1.0
2024-03-24T22:52:40Z,26.448837,-76.990675,0.55,119.9,1,9,1.0
2024-03-24T22:52:45Z,26.448832,-76.990672,0.02,252.1,1,9,1.0
2024-03-24T22:52:50Z,26.448828,-76.990667,0.39,108.5,1,9,1.0
2024-03-24T22:52:55Z,26.448833,-76.990673,0.42,157.6,1,9,1.0
2024-03-24T22:53:00Z,26.448830,-76.990670,0.16,166.5,1,9,1.0
2024-03-24T22:53:05Z,26.448825,-76.990667,0.36,326.0,1,9,1.0
2024-03-24T22:53:10Z,26.448817,-76.990660,0.13,168.0,1,9,1.0
2024-03-24T22:53:15Z,26.448810,-76.990658,0.13,339.6,1,9,1.0
2024-03-24T22:53:20Z,26.448818,-76.990663,0.12,353.0,1,9,1.0
2024-03-24T22:53:25Z,26.448818,-76.990662,0.13,152.2,1,9,1.0
2024-03-24T22:53:35Z,26.448818,-76.990662,0.26,307.1,1,9,1.0
2024-03-24T22:53:40Z,26.448815,-76.990657,0.31,139.1,1,9,1.0
2024-03-24T22:53:45Z,26.448810,-76.990653,0.77,342.6,1,9,1.0
2024-03-24T22:53:50Z,26.448800,-76.990657,1.10,149.9,1,9,1.0
2024-03-24T22:53:55Z,26.448792,-76.990652,0.26,281.8,1,9,1.0
2024-03-24T22:54:00Z,26.448800,-76.990658,0.55,338.4,1,9,1.0
2024-03-24T22:54:05Z,26.448803,-76.990662,0.21,349.9,1,9,1.0
2024-03-24T22:54:10Z,26.448803,-76.990663,0.30,166.8,1,9,1.0
2024-03-24T22:54:15Z,26.448803,-76.990668,0.31,141.4,1,9,1.0
2024-03-24T22:54:20Z,26.448802,-76.990670,0.35,167.7,1,9,1.0
2024-03-24T22:54:25Z,26.448788,-76.990665,0.51,187.5,1,9,1.0
2024-03-24T22:54:30Z,26.448790,-76.990672,0.31,266.3,1,9,1.0
2024-03-24T22:54:40Z,26.448803,-76.990685,0.37,148.3,1,9,1.0
2024-03-24T22:54:45Z,26.448812,-76.990690,0.39,313.3,1,9,1.0
2024-03-24T22:54:50Z,26.448817,-76.990693,0.36,168.7,1,9,1.0
2024-03-24T22:54:55Z,26.448820,-76.990698,0.18,184.2,1,9,1.0
2024-03-24T22:55:00Z,26.448822,-76.990705,0.50,143.1,1,9,1.0
2024-03-24T22:55:05Z,26.448830,-76.990708,0.98,335.8,1,9,1.0
2024-03-24T22:55:15Z,26.448837,-76.990708,0.09,163.5,1,9,1.0
2024-03-24T22:55:20Z,26.448828,-76.990705,0.44,161.2,1,9,1.0
2024-03-24T22:55:25Z,26.448827,-76.990705,0.17,298.4,1,9,1.0
2024-03-24T22:55:30Z,26.448832,-76.990708,0.31,333.8,1,9,1.0
2024-03-24T22:55:35Z,26.448828,-76.990705,0.36,145.7,1,9,1.0
2024-03-24T22:55:45Z,26.448825,-76.990702,0.57,333.7,1,9,1.0
2024-03-24T22:55:50Z,26.448822,-76.990702,0.57,170.1,1,9,1.0
2024-03-24T22:55:55Z,26.448820,-76.990703,0.15,212.2,1,9,1.0
2024-03-24T22:56:00Z,26.448817,-76.990705,0.26,251.4,1,9,1.0
2024-03-24T22:56:05Z,26.448822,-76.990708,0.45,312.7,1,9,1.0
2024-03-24T22:56:10Z,26.448827,-76.990712,0.19,136.5,1,9,1.0
2024-03-24T22:56:20Z,26.448833,-76.990712,0.55,352.6,1,9,1.0
2024-03-24T22:56:25Z,26.448828,-76.990710,0.15,232.1,1,9,1.0
2024-03-24T22:56:30Z,26.448825,-76.990717,0.27,255.2,1,9,1.0
2024-03-24T22:56:35Z,26.448827,-76.990725,0.21,252.7,1,9,1.0
2024-03-24T22:56:40Z,26.448830,-76.990728,0.49,329.2,1,8,1.2
2024-03-24T22:56:45Z,26.448833,-76.990730,0.15,34.0,1,9,1.0
2024-03-24T22:56:55Z,26.448845,-76.990733,0.14,70.1,1,9,1.0
2024-03-24T22:57:00Z,26.448853,-76.990737,0.21,127.9,1,9,1.0
2024-03-24T22:57:05Z,26.448845,-76.990732,0.26,157.3,1,9,1.0
2024-03-24T22:57:10Z,26.448840,-76.990728,0.11,53.0,1,9,1.0
2024-03-24T22:57:15Z,26.448828,-76.990713,0.38,109.4,1,9,1.0
2024-03-24T22:57:20Z,26.448832,-76.990720,0.57,138.9,1,9,1.0
2024-03-24T22:57:25Z,26.448842,-76.990715,0.63,350.4,1,9,1.0
2024-03-24T22:57:30Z,26.448838,-76.990705,0.37,80.5,1,9,1.0
2024-03-24T22:57:35Z,26.448828,-76.990690,0.17,181.9,1,9,1.0
2024-03-24T22:57:40Z,26.448852,-76.990698,0.56,143.7,1,9,1.0
2024-03-24T22:57:45Z,26.448848,-76.990692,0.10,233.6,1,9,1.0
2024-03-24T22:57:50Z,26.448850,-76.990695,0.40,284.4,1,9,1.0
2024-03-24T22:57:55Z,26.448847,-76.990695,0.26,171.8,1,9,1.0
2024-03-24T22:58:05Z,26.448837,-76.990682,0.14,291.8,1,9,1.0
2024-03-24T22:58:10Z,26.448835,-76.990683,0.08,224.6,1,9,1.0
2024-03-24T22:58:15Z,26.448830,-76.990685,0.29,159.4,1,9,1.0
2024-03-24T22:58:20Z,26.448827,-76.990688,0.11,260.4,1,9,1.0
2024-03-24T22:58:25Z,26.448818,-76.990683,0.00,170.6,1,9,1.0
2024-03-24T22:58:30Z,26.448812,-76.990685,0.54,182.9,1,9,1.0
2024-03-24T22:58:35Z,26.448817,-76.990690,0.38,341.8,1,9,1.0
2024-03-24T22:58:40Z,26.448817,-76.990698,0.27,257.8,1,9,1.0
2024-03-24T22:58:45Z,26.448822,-76.990710,0.89,163.8,1,9,1.0
2024-03-24T22:58:50Z,26.448807,-76.990703,0.22,310.6,1,9,1.0
2024-03-24T22:58:55Z,26.448808,-76.990698,0.37,313.6,1,9,1.0
2024-03-24T22:59:00Z,26.448820,-76.990707,1.40,322.3,1,9,1.0
2024-03-24T22:59:05Z,26.448820,-76.990705,0.25,63.7,1,9,1.0
2024-03-24T22:59:15Z,26.448830,-76.990710,0.25,305.4,1,9,1.0
2024-03-24T22:59:20Z,26.448837,-76.990713,0.49,316.0,1,9,1.0
2024-03-24T22:59:25Z,26.448838,-76.990715,0.15,10.6,1,9,1.0
2024-03-24T22:59:30Z,26.448847,-76.990717,0.22,335.3,1,9,1.0
2024-03-24T22:59:35Z,26.448847,-76.990718,0.56,336.5,1,9,1.0
2024-03-24T22:59:40Z,26.448842,-76.990715,0.83,154.6,1,9,1.0
2024-03-24T22:59:45Z,26.448840,-76.990712,0.10,64.7,1,9,1.0
2024-03-24T22:59:50Z,26.448843,-76.990710,0.29,353.6,1,9,1.0
2024-03-24T22:59:55Z,26.448840,-76.990707,0.60,140.1,1,9,1.0
2024-03-24T23:00:00Z,26.448838,-76.990697,0.50,314.2,1,9,1.0
2024-03-24T23:00:05Z,26.448833,-76.990697,0.18,242.1,1,9,1.0
2024-03-24T23:00:10Z,26.448828,-76.990697,0.21,326.6,1,9,1.0
2024-03-24T23:00:15Z,26.448825,-76.990697,0.09,68.5,1,9,1.0
2024-03-24T23:00:25Z,26.448832,-76.990697,0.13,133.0,1,9,1.0
2024-03-24T23:00:30Z,26.448833,-76.990700,0.09,8.1,2,9,1.0
2024-03-24T23:00:35Z,26.448828,-76.990700,0.29,172.6,2,9,1.0
2024-03-24T23:00:40Z,26.448827,-76.990698,0.06,78.0,2,9,1.0
2024-03-24T23:00:45Z,26.448823,-76.990693,0.50,151.0,1,9,1.0
2024-03-24T23:00:50Z,26.448822,-76.990685,0.09,83.0,1,9,1.0
2024-03-24T23:00:55Z,26.448835,-76.990683,0.92,137.4,1,9,1.0
2024-03-24T23:01:00Z,26.448838,-76.990680,0.21,124.6,1,9,1.0
2024-03-24T23:01:05Z,26.448845,-76.990685,0.82,324.8,1,9,1.0
2024-03-24T23:01:10Z,26.448840,-76.990683,0.49,152.9,1,9,1.0
2024-03-24T23:01:15Z,26.448840,-76.990685,0.17,203.1,1,9,1.0
2024-03-24T23:01:20Z,26.448843,-76.990688,0.51,335.1,1,9,1.0
2024-03-24T23:01:25Z,26.448850,-76.990687,0.47,332.5,1,9,1.0
2024-03-24T23:01:35Z,26.448855,-76.990695,0.22,282.0,1,9,1.0
2024-03-24T23:01:40Z,26.448850,-76.990702,0.38,197.1,1,8,1.1
2024-03-24T23:01:45Z,26.448843,-76.990707,0.21,189.5,1,8,1.1
2024-03-24T23:01:50Z,26.448830,-76.990700,0.26,314.3,1,9,1.0
2024-03-24T23:01:55Z,26.448828,-76.990698,0.43,291.0,2,9,1.0
2024-03-24T23:02:00Z,26.448838,-76.990708,0.46,309.0,2,9,1.0
2024-03-24T23:02:05Z,26.448837,-76.990717,0.48,301.5,2,8,1.1
2024-03-24T23:02:10Z,26.448842,-76.990722,0.37,320.8,2,8,1.1
2024-03-24T23:02:15Z,26.448843,-76.990718,0.15,124.2,1,9,1.0
2024-03-24T23:02:20Z,26.448833,-76.990707,0.18,120.2,1,9,1.0
2024-03-24T23:02:25Z,26.448835,-76.990702,0.09,357.0,1,9,1.0
2024-03-24T23:02:30Z,26.448835,-76.990693,0.58,123.2,1,9,1.0
2024-03-24T23:02:35Z,26.448828,-76.990687,0.16,141.9,1,9,1.0
2024-03-24T23:02:45Z,26.448830,-76.990677,0.37,159.7,1,9,1.0
2024-03-24T23:02:50Z,26.448830,-76.990672,0.76,351.0,1,9,1.0
2024-03-24T23:02:55Z,26.448828,-76.990667,0.30,131.0,1,9,1.0
2024-03-24T23:03:00Z,26.448817,-76.990660,0.38,139.6,1,9,1.0
2024-03-24T23:03:05Z,26.448813,-76.990657,0.21,342.7,1,9,1.0
2024-03-24T23:03:10Z,26.448818,-76.990660,0.67,332.8,1,8,1.1
2024-03-24T23:03:20Z,26.448815,-76.990657,0.25,171.1,1,9,1.0
2024-03-24T23:03:25Z,26.448805,-76.990652,0.46,129.6,1,9,1.0
2024-03-24T23:03:30Z,26.448797,-76.990660,0.60,322.2,1,9,1.0
2024-03-24T23:03:35Z,26.448803,-76.990663,0.34,271.8,1,9,1.0
2024-03-24T23:03:40Z,26.448798,-76.990657,0.65,306.6,1,9,1.0
2024-03-24T23:03:45Z,26.448800,-76.990665,0.53,274.9,1,9,1.0
2024-03-24T23:03:55Z,26.448808,-76.990667,0.50,295.1,1,9,1.0
2024-03-24T23:04:00Z,26.448812,-76.990673,0.68,136.7,1,9,1.0
2024-03-24T23:04:05Z,26.448822,-76.990678,0.69,189.8,1,9,1.0
2024-03-24T23:04:10Z,26.448815,-76.990675,0.55,151.9,1,9,1.0
2024-03-24T23:04:15Z,26.448832,-76.990682,0.59,312.6,1,9,1.0
2024-03-24T23:04:20Z,26.448827,-76.990682,0.46,147.5,1,9,1.0
2024-03-24T23:04:30Z,26.448802,-76.990708,0.44,298.8,1,9,1.0
2024-03-24T23:04:35Z,26.448808,-76.990710,0.51,161.6,1,9,1.0
2024-03-24T23:04:40Z,26.448810,-76.990707,0.03,323.2,1,9,1.0
2024-03-24T23:04:45Z,26.448810,-76.990703,0.66,142.2,1,9,1.0
2024-03-24T23:04:50Z,26.448803,-76.990698,0.06,94.8,1,9,1.0
2024-03-24T23:04:55Z,26.448812,-76.990700,0.25,46.5,1,9,1.0
2024-03-24T23:05:05Z,26.448813,-76.990692,0.29,6.4,1,9,1.1
2024-03-24T23:05:10Z,26.448818,-76.990687,0.55,108.5,1,10,0.9
2024-03-24T23:05:15Z,26.448820,-76.990678,0.03,65.8,1,10,0.9
2024-03-24T23:05:20Z,26.448822,-76.990667,0.30,90.3,1,10,0.9
2024-03-24T23:05:25Z,26.448815,-76.990655,0.33,329.4,1,10,0.9
2024-03-24T23:05:30Z,26.448813,-76.990645,0.22,27.1,1,10,0.9
2024-03-24T23:05:40Z,26.448822,-76.990642,0.29,130.7,1,10,0.9
2024-03-24T23:05:45Z,26.448822,-76.990642,0.18,113.7,1,10,0.9
2024-03-24T23:05:50Z,26.448818,-76.990643,0.18,170.2,1,10,0.9
2024-03-24T23:05:55Z,26.448817,-76.990642,0.29,122.6,1,10,0.9
2024-03-24T23:06:00Z,26.448823,-76.990647,0.22,312.6,1,10,0.9
2024-03-24T23:06:05Z,26.448818,-76.990648,0.41,164.7,1,10,0.9
2024-03-24T23:06:15Z,26.448803,-76.990638,0.12,326.9,1,10,0.9
2024-03-24T23:06:20Z,26.448800,-76.990640,0.28,301.8,1,10,0.9
2024-03-24T23:06:25Z,26.448800,-76.990642,0.81,308.8,1,9,1.0
2024-03-24T23:06:30Z,26.448807,-76.990648,0.03,214.8,1,9,1.0
2024-03-24T23:06:35Z,26.448807,-76.990657,0.16,303.4,1,10,0.9
2024-03-24T23:06:40Z,26.448810,-76.990667,0.78,329.1,1,9,1.0
2024-03-24T23:06:50Z,26.448822,-76.990678,0.10,158.8,1,10,0.9
2024-03-24T23:06:55Z,26.448817,-76.990678,0.12,339.5,1,10,0.9
2024-03-24T23:07:00Z,26.448818,-76.990685,0.36,307.2,1,9,1.0
2024-03-24T23:07:05Z,26.448820,-76.990690,0.51,168.6,1,9,1.0
2024-03-24T23:07:10Z,26.448813,-76.990683,0.77,308.6,1,10,0.9
2024-03-24T23:07:15Z,26.448818,-76.990692,0.20,173.4,1,10,0.9
2024-03-24T23:07:25Z,26.448803,-76.990693,0.21,216.4,1,10,0.9
2024-03-24T23:07:30Z,26.448810,-76.990698,0.14,10.8,1,10,0.9
2024-03-24T23:07:35Z,26.448800,-76.990690,0.25,174.1,1,10,0.9
2024-03-24T23:07:40Z,26.448802,-76.990688,0.29,351.5,1,10,0.9
2024-03-24T23:07:45Z,26.448803,-76.990685,0.25,66.0,1,10,0.9
2024-03-24T23:07:50Z,26.448803,-76.990678,0.54,137.7,1,10,0.9
2024-03-24T23:07:55Z,26.448808,-76.990675,0.13,17.2,1,10,0.9
2024-03-24T23:08:05Z,26.448815,-76.990663,0.53,115.4,1,10,0.9
2024-03-24T23:08:10Z,26.448815,-76.990660,0.24,76.4,1,10,0.9
2024-03-24T23:08:15Z,26.448818,-76.990653,0.23,27.3,1,10,0.9
2024-03-24T23:08:20Z,26.448820,-76.990648,0.37,91.1,1,10,0.9
2024-03-24T23:08:25Z,26.448823,-76.990640,0.26,110.1,1,10,0.9
2024-03-24T23:08:30Z,26.448820,-76.990633,0.29,133.5,1,10,0.9
2024-03-24T23:08:40Z,26.448812,-76.990627,0.42,142.6,1,8,1.1
2024-03-24T23:08:45Z,26.448800,-76.990633,0.14,281.8,1,10,0.9
2024-03-24T23:08:50Z,26.448797,-76.990637,0.17,159.4,1,10,0.9
2024-03-24T23:08:55Z,26.448793,-76.990633,0.16,321.6,1,10,0.9
2024-03-24T23:09:00Z,26.448797,-76.990623,0.37,122.1,1,9,1.0
2024-03-24T23:09:05Z,26.448798,-76.990623,0.15,135.9,1,9,1.0
2024-03-24T23:09:10Z,26.448793,-76.990627,0.25,303.6,1,10,0.9
2024-03-24T23:09:15Z,26.448783,-76.990630,0.39,164.7,1,10,0.9
2024-03-24T23:09:20Z,26.448795,-76.990630,0.14,98.7,1,10,0.9
2024-03-24T23:09:25Z,26.448795,-76.990638,0.43,297.0,1,10,0.9
2024-03-24T23:09:30Z,26.448787,-76.990648,0.24,140.6,1,9,1.0
2024-03-24T23:09:35Z,26.448778,-76.990640,0.91,150.7,1,9,1.0
2024-03-24T23:09:40Z,26.448787,-76.990638,1.06,339.0,1,9,1.0
2024-03-24T23:09:50Z,26.448787,-76.990635,0.09,259.3,1,9,1.0
2024-03-24T23:09:55Z,26.448790,-76.990643,0.35,333.9,1,10,0.9
2024-03-24T23:10:00Z,26.448800,-76.990653,0.35,329.5,1,10,0.9
2024-03-24T23:10:05Z,26.448812,-76.990662,0.20,353.1,1,10,0.9
2024-03-24T23:10:10Z,26.448808,-76.990662,0.21,332.6,1,10,0.9
2024-03-24T23:10:15Z,26.448808,-76.990658,0.31,5.8,1,10,0.9
2024-03-24T23:10:20Z,26.448813,-76.990652,0.44,118.6,1,10,0.9
2024-03-24T23:10:25Z,26.448810,-76.990642,0.22,45.2,1,10,0.9
2024-03-24T23:10:30Z,26.448807,-76.990637,0.68,142.1,1,10,0.9
2024-03-24T23:10:35Z,26.448812,-76.990633,0.60,115.0,1,10,0.9
2024-03-24T23:10:40Z,26.448808,-76.990630,0.54,126.7,1,10,0.9
2024-03-24T23:10:45Z,26.448805,-76.990623,0.46,122.6,1,10,0.9
2024-03-24T23:10:50Z,26.448810,-76.990625,0.15,4.0,1,10,0.9
2024-03-24T23:10:55Z,26.448813,-76.990628,0.16,49.2,1,10,0.9
2024-03-24T23:11:00Z,26.448817,-76.990632,0.28,351.2,1,10,0.9
2024-03-24T23:11:05Z,26.448807,-76.990633,0.48,324.4,1,10,0.9
2024-03-24T23:11:10Z,26.448812,-76.990632,0.49,197.4,1,10,0.9
2024-03-24T23:11:15Z,26.448815,-76.990625,0.84,156.2,1,10,0.9
2024-03-24T23:11:20Z,26.448807,-76.990630,0.34,319.3,1,10,0.9
2024-03-24T23:11:25Z,26.448800,-76.990640,0.56,339.8,1,10,0.9
2024-03-24T23:11:30Z,26.448810,-76.990645,0.18,258.0,1,10,0.9
2024-03-24T23:11:35Z,26.448818,-76.990653,0.21,325.0,1,10,0.9
2024-03-24T23:11:40Z,26.448827,-76.990655,0.32,182.8,1,10,0.9
2024-03-24T23:11:45Z,26.448820,-76.990662,0.25,222.0,1,10,0.9
2024-03-24T23:11:50Z,26.448812,-76.990663,0.21,286.2,1,9,1.0
2024-03-24T23:11:55Z,26.448802,-76.990668,0.21,249.0,1,9,1.0
2024-03-24T23:12:00Z,26.448792,-76.990672,0.68,159.1,1,9,1.0
2024-03-24T23:12:05Z,26.448795,-76.990675,0.45,338.0,1,9,1.0
2024-03-24T23:12:10Z,26.448798,-76.990678,0.39,162.2,1,9,1.0
2024-03-24T23:12:15Z,26.448805,-76.990678,0.30,336.4,1,9,1.0
2024-03-24T23:12:20Z,26.448808,-76.990680,0.30,167.2,1,9,1.0
2024-03-24T23:12:25Z,26.448808,-76.990675,0.13,126.4,1,9,1.0
2024-03-24T23:12:30Z,26.448808,-76.990672,0.28,145.2,1,9,1.0
2024-03-24T23:12:35Z,26.448800,-76.990672,0.87,152.4,1,9,1.0
2024-03-24T23:12:45Z,26.448808,-76.990673,0.38,326.8,1,9,1.0
2024-03-24T23:12:50Z,26.448813,-76.990675,0.34,96.8,1,9,1.0
2024-03-24T23:12:55Z,26.448813,-76.990672,0.26,132.8,1,9,1.0
2024-03-24T23:13:00Z,26.448812,-76.990665,0.46,142.2,1,9,1.0
2024-03-24T23:13:05Z,26.448807,-76.990658,0.65,137.4,1,9,1.0
2024-03-24T23:13:10Z,26.448803,-76.990653,0.08,55.8,1,9,1.0
2024-03-24T23:13:20Z,26.448797,-76.990642,0.39,134.6,1,9,1.0
2024-03-24T23:13:25Z,26.448792,-76.990638,0.50,136.4,1,9,1.0
2024-03-24T23:13:30Z,26.448793,-76.990637,0.28,129.5,1,9,1.0
2024-03-24T23:13:35Z,26.448798,-76.990635,0.10,97.3,1,9,1.0
2024-03-24T23:13:40Z,26.448800,-76.990633,0.06,58.6,1,9,1.0
2024-03-24T23:13:45Z,26.448798,-76.990635,0.30,160.4,1,9,1.0
2024-03-24T23:13:55Z,26.448807,-76.990625,0.67,163.7,1,9,1.0
2024-03-24T23:14:00Z,26.448802,-76.990623,0.20,194.8,1,9,1.0
2024-03-24T23:14:05Z,26.448805,-76.990625,0.12,80.3,1,9,1.0
2024-03-24T23:14:10Z,26.448798,-76.990622,0.29,40.6,1,9,1.0
2024-03-24T23:14:15Z,26.448798,-76.990620,0.19,113.7,1,9,1.0
2024-03-24T23:14:20Z,26.448798,-76.990617,0.20,121.6,1,9,1.0
2024-03-24T23:14:30Z,26.448785,-76.990612,0.60,155.8,1,9,1.0
2024-03-24T23:14:35Z,26.448777,-76.990610,0.16,250.1,1,9,1.0
2024-03-24T23:14:40Z,26.448787,-76.990613,0.73,312.7,1,9,1.0
2024-03-24T23:14:45Z,26.448788,-76.990617,0.36,179.6,1,9,1.0
2024-03-24T23:14:50Z,26.448790,-76.990622,0.16,241.3,1,9,1.0
2024-03-24T23:14:55Z,26.448800,-76.990638,0.24,282.5,1,8,1.7
2024-03-24T23:15:00Z,26.448807,-76.990638,0.04,342.1,1,9,1.0
2024-03-24T23:15:05Z,26.448808,-76.990643,0.61,165.3,1,9,1.0
2024-03-24T23:15:10Z,26.448812,-76.990650,0.42,195.8,1,9,1.0
2024-03-24T23:15:15Z,26.448803,-76.990650,0.37,189.7,1,9,1.0
2024-03-24T23:15:20Z,26.448812,-76.990650,0.30,95.6,1,9,1.0
2024-03-24T23:15:25Z,26.448808,-76.990652,0.44,230.3,1,9,1.0
2024-03-24T23:15:30Z,26.448803,-76.990658,0.24,183.9,1,9,1.0
2024-03-24T23:15:40Z,26.448790,-76.990662,0.32,150.9,1,9,1.0
2024-03-24T23:15:45Z,26.448797,-76.990662,0.10,195.9,1,8,1.1
2024-03-24T23:15:50Z,26.448793,-76.990657,0.44,133.9,1,9,1.0
2024-03-24T23:15:55Z,26.448795,-76.990653,0.29,176.1,1,9,1.0
2024-03-24T23:16:00Z,26.448800,-76.990655,0.28,147.4,1,9,1.0
2024-03-24T23:16:05Z,26.448803,-76.990655,0.05,111.7,1,9,1.0
2024-03-24T23:16:15Z,26.448802,-76.990658,0.32,162.3,1,9,1.0
2024-03-24T23:16:20Z,26.448803,-76.990665,0.22,251.8,1,9,1.0
2024-03-24T23:16:25Z,26.448798,-76.990668,0.42,198.5,1,9,1.0
2024-03-24T23:16:30Z,26.448802,-76.990678,0.12,269.2,1,9,1.0
2024-03-24T23:16:35Z,26.448818,-76.990687,0.19,183.7,1,9,1.0
2024-03-24T23:16:40Z,26.448820,-76.990683,0.31,356.6,1,9,1.0
2024-03-24T23:16:50Z,26.448825,-76.990690,0.11,332.9,1,9,1.0
2024-03-24T23:16:55Z,26.448827,-76.990690,0.60,349.1,1,9,1.0
2024-03-24T23:17:00Z,26.448822,-76.990687,0.29,106.6,1,9,1.0
2024-03-24T23:17:05Z,26.448825,-76.990692,0.61,349.5,1,9,1.0
2024-03-24T23:17:10Z,26.448825,-76.990685,0.25,282.2,1,9,1.0
2024-03-24T23:17:15Z,26.448838,-76.990685,0.70,331.4,1,9,1.0
2024-03-24T23:17:25Z,26.448847,-76.990675,0.21,89.6,1,9,1.0
2024-03-24T23:17:30Z,26.448843,-76.990663,0.18,108.3,1,9,1.0
2024-03-24T23:17:35Z,26.448840,-76.990660,0.27,331.0,1,9,1.0
2024-03-24T23:17:40Z,26.448827,-76.990648,0.35,155.2,1,9,1.0
2024-03-24T23:17:45Z,26.448828,-76.990648,0.47,166.2,1,9,1.0
2024-03-24T23:17:50Z,26.448822,-76.990645,0.13,91.8,1,9,1.0
2024-03-24T23:18:00Z,26.448822,-76.990643,0.02,57.0,1,9,1.0
2024-03-24T23:18:05Z,26.448795,-76.990658,0.73,176.7,1,9,1.0
2024-03-24T23:18:10Z,26.448780,-76.990655,0.36,292.5,1,9,1.0
2024-03-24T23:18:15Z,26.448797,-76.990653,0.24,166.9,1,9,1.0
2024-03-24T23:18:20Z,26.448817,-76.990663,0.83,338.6,1,9,1.0
2024-03-24T23:18:25Z,26.448815,-76.990667,0.66,20.2,1,9,1.0
2024-03-24T23:18:35Z,26.448805,-76.990663,0.44,251.9,1,9,1.0
2024-03-24T23:18:40Z,26.448813,-76.990668,0.09,182.2,1,9,1.0
2024-03-24T23:18:45Z,26.448793,-76.990668,0.19,109.5,1,9,1.0
2024-03-24T23:18:50Z,26.448797,-76.990663,0.09,115.8,1,9,1.0
2024-03-24T23:18:55Z,26.448795,-76.990650,0.50,67.3,1,9,1.0
2024-03-24T23:19:00Z,26.448802,-76.990650,0.40,113.9,1,9,1.0
2024-03-24T23:19:10Z,26.448818,-76.990628,0.58,13.3,1,9,1.0
2024-03-24T23:19:15Z,26.448822,-76.990618,0.39,64.5,1,9,1.0
2024-03-24T23:19:20Z,26.448837,-76.990613,0.29,9.6,1,9,1.0
2024-03-24T23:19:25Z,26.448835,-76.990607,0.69,138.5,1,9,1.0
2024-03-24T23:19:30Z,26.448833,-76.990610,0.31,136.3,1,9,1.0
2024-03-24T23:19:35Z,26.448830,-76.990615,0.18,229.3,1,9,1.0
2024-03-24T23:19:45Z,26.448793,-76.990618,0.37,268.3,1,9,1.0
2024-03-24T23:19:50Z,26.448807,-76.990633,0.43,264.0,1,9,1.0
2024-03-24T23:19:55Z,26.448805,-76.990650,0.46,271.0,1,9,1.0
2024-03-24T23:20:00Z,26.448792,-76.990635,0.89,144.8,1,9,1.0
2024-03-24T23:20:05Z,26.448795,-76.990643,0.78,324.4,1,9,1.0
2024-03-24T23:20:10Z,26.448807,-76.990652,0.43,278.7,1,9,1.0
2024-03-24T23:20:20Z,26.448833,-76.990685,0.54,319.4,1,9,1.0
2024-03-24T23:20:25Z,26.448835,-76.990687,0.23,220.6,1,9,1.0
2024-03-24T23:20:30Z,26.448825,-76.990677,0.44,130.0,1,9,1.0
2024-03-24T23:20:35Z,26.448830,-76.990682,0.75,341.6,1,9,1.0
2024-03-24T23:20:40Z,26.448830,-76.990685,0.19,91.1,1,9,1.0
2024-03-24T23:20:45Z,26.448828,-76.990678,0.42,358.9,1,9,1.0
2024-03-24T23:20:55Z,26.448817,-76.990658,0.15,132.3,1,9,1.0
2024-03-24T23:21:00Z,26.448815,-76.990648,0.19,174.5,1,9,1.0
2024-03-24T23:21:05Z,26.448812,-76.990645,0.49,151.2,1,9,1.0
2024-03-24T23:21:10Z,26.448810,-76.990637,0.31,125.2,1,9,1.0
2024-03-24T23:21:15Z,26.448802,-76.990635,0.96,154.7,1,9,1.0
2024-03-24T23:21:20Z,26.448800,-76.990633,0.55,129.9,1,9,1.0
2024-03-24T23:21:30Z,26.448788,-76.990628,0.66,157.4,1,9,1.0
2024-03-24T23:21:35Z,26.448785,-76.990628,0.26,352.2,1,9,1.0
2024-03-24T23:21:40Z,26.448788,-76.990623,0.51,174.4,1,9,1.0
2024-03-24T23:21:45Z,26.448793,-76.990623,0.19,216.4,1,8,1.6
2024-03-24T23:21:50Z,26.448787,-76.990613,0.04,30.9,1,9,1.0
2024-03-24T23:21:55Z,26.448783,-76.990610,0.31,146.3,1,9,1.0
2024-03-24T23:22:05Z,26.448803,-76.990625,0.06,29.0,1,9,1.0
2024-03-24T23:22:10Z,26.448802,-76.990632,0.34,327.3,1,9,1.0
2024-03-24T23:22:15Z,26.448792,-76.990635,0.71,163.3,1,9,1.0
2024-03-24T23:22:20Z,26.448793,-76.990627,0.36,150.0,1,9,1.0
2024-03-24T23:22:25Z,26.448793,-76.990622,0.65,146.1,1,9,1.0
2024-03-24T23:22:30Z,26.448777,-76.990622,0.27,283.2,1,9,1.0
2024-03-24T23:22:40Z,26.448815,-76.990650,0.35,296.1,1,9,1.0
2024-03-24T23:22:45Z,26.448817,-76.990655,0.64,321.6,1,9,1.0
2024-03-24T23:22:50Z,26.448820,-76.990653,1.07,340.4,1,9,1.0
2024-03-24T23:22:55Z,26.448832,-76.990668,0.89,308.1,1,9,1.0
2024-03-24T23:23:00Z,26.448825,-76.990668,0.04,246.4,1,9,1.0
2024-03-24T23:23:05Z,26.448817,-76.990668,0.18,313.4,1,9,1.0
2024-03-24T23:23:15Z,26.448807,-76.990665,0.70,159.5,1,9,1.0
2024-03-24T23:23:20Z,26.448797,-76.990658,0.23,353.0,1,9,1.0
2024-03-24T23:23:25Z,26.448792,-76.990652,0.44,147.8,1,9,1.0
2024-03-24T23:23:30Z,26.448790,-76.990647,0.14,83.5,1,9,1.0
2024-03-24T23:23:35Z,26.448790,-76.990643,0.61,112.3,1,9,1.0
2024-03-24T23:23:40Z,26.448800,-76.990637,0.35,67.2,1,9,1.0
2024-03-24T23:23:50Z,26.448797,-76.990632,0.05,355.5,1,9,1.0
2024-03-24T23:23:55Z,26.448783,-76.990615,1.11,140.1,1,9,1.0
2024-03-24T23:24:00Z,26.448785,-76.990607,0.19,7.4,1,9,1.0
2024-03-24T23:24:05Z,26.448790,-76.990602,0.75,141.3,1,9,1.0
2024-03-24T23:24:10Z,26.448795,-76.990600,0.20,293.7,1,9,1.0
2024-03-24T23:24:15Z,26.448793,-76.990597,0.32,129.2,1,9,1.0
2024-03-24T23:24:25Z,26.448788,-76.990590,0.42,173.9,1,8,1.0
2024-03-24T23:24:30Z,26.448795,-76.990603,0.16,211.1,1,9,1.0
2024-03-24T23:24:35Z,26.448793,-76.990613,0.19,239.8,1,9,1.0
2024-03-24T23:24:40Z,26.448782,-76.990617,0.39,203.8,1,9,1.0
2024-03-24T23:24:45Z,26.448780,-76.990617,1.07,166.7,1,9,1.0
2024-03-24T23:24:50Z,26.448790,-76.990622,0.11,255.8,1,9,1.0
2024-03-24T23:25:00Z,26.448777,-76.990630,0.51,178.8,1,9,1.0
2024-03-24T23:25:05Z,26.448778,-76.990630,0.34,146.8,1,9,1.0
2024-03-24T23:25:10Z,26.448782,-76.990623,0.79,137.8,1,9,1.0
2024-03-24T23:25:15Z,26.448777,-76.990618,0.56,190.3,1,9,1.0
2024-03-24T23:25:20Z,26.448783,-76.990638,0.24,258.7,1,9,1.0
2024-03-24T23:25:25Z,26.448783,-76.990653,0.45,202.3,1,9,1.0
2024-03-24T23:25:35Z,26.448772,-76.990672,0.79,160.7,1,9,1.0
2024-03-24T23:25:40Z,26.448793,-76.990668,0.46,340.2,1,9,1.0
2024-03-24T23:25:45Z,26.448803,-76.990663,0.34,125.8,1,9,1.0
2024-03-24T23:25:50Z,26.448815,-76.990663,0.53,130.4,1,9,1.0
2024-03-24T23:25:55Z,26.448798,-76.990653,0.47,164.2,1,9,1.0
2024-03-24T23:26:00Z,26.448797,-76.990645,0.61,157.5,1,9,1.0
2024-03-24T23:26:10Z,26.448780,-76.990640,0.57,170.5,1,9,1.0
2024-03-24T23:26:15Z,26.448775,-76.990633,0.34,166.6,1,9,1.0
2024-03-24T23:26:20Z,26.448777,-76.990633,0.37,324.9,1,9,1.0
2024-03-24T23:26:25Z,26.448787,-76.990642,0.56,323.6,1,9,1.0
2024-03-24T23:26:30Z,26.448797,-76.990648,0.68,340.0,1,9,0.9
2024-03-24T23:26:35Z,26.448803,-76.990663,0.46,296.4,1,9,0.9
2024-03-24T23:26:45Z,26.448802,-76.990677,0.58,163.8,1,9,0.9
2024-03-24T23:26:50Z,26.448797,-76.990680,0.60,173.9,1,9,0.9
2024-03-24T23:26:55Z,26.448793,-76.990678,0.40,171.1,1,9,0.9
2024-03-24T23:27:00Z,26.448805,-76.990677,0.03,200.6,1,9,0.9
2024-03-24T23:27:05Z,26.448805,-76.990672,0.11,63.4,1,9,0.9
2024-03-24T23:27:10Z,26.448817,-76.990665,0.28,121.7,1,9,0.9
2024-03-24T23:27:20Z,26.448790,-76.990650,0.30,145.1,1,9,0.9
2024-03-24T23:27:25Z,26.448787,-76.990642,0.33,134.0,1,9,0.9
2024-03-24T23:27:30Z,26.448788,-76.990637,0.42,146.3,1,9,0.9
2024-03-24T23:27:35Z,26.448788,-76.990633,0.13,326.7,1,9,0.9
2024-03-24T23:27:40Z,26.448785,-76.990628,0.15,138.6,1,9,0.9
2024-03-24T23:27:45Z,26.448780,-76.990622,0.20,121.0,1,9,0.9
2024-03-24T23:27:55Z,26.448778,-76.990615,0.15,15.3,1,9,0.9
2024-03-24T23:28:00Z,26.448783,-76.990603,0.26,291.3,1,9,0.9
2024-03-24T23:28:05Z,26.448788,-76.990613,0.22,211.1,1,9,0.9
2024-03-24T23:28:10Z,26.448777,-76.990610,0.29,229.6,1,9,0.9
2024-03-24T23:28:15Z,26.448773,-76.990623,0.37,291.4,1,9,0.9
2024-03-24T23:28:20Z,26.448777,-76.990638,0.68,170.5,1,9,0.9
2024-03-24T23:28:30Z,26.448790,-76.990643,0.53,160.3,1,9,0.9
2024-03-24T23:28:35Z,26.448797,-76.990657,0.39,243.3,1,9,0.9
2024-03-24T23:28:40Z,26.448800,-76.990662,0.36,343.2,1,9,0.9
2024-03-24T23:28:45Z,26.448818,-76.990687,0.31,202.9,1,9,0.9
2024-03-24T23:28:50Z,26.448822,-76.990692,0.52,154.4,1,9,0.9
2024-03-24T23:28:55Z,26.448818,-76.990707,0.30,273.6,1,9,0.9
2024-03-24T23:29:05Z,26.448815,-76.990698,0.65,158.1,1,9,0.9
2024-03-24T23:29:10Z,26.448812,-76.990690,0.47,117.0,1,9,0.9
2024-03-24T23:29:15Z,26.448810,-76.990680,0.27,82.0,1,9,0.9
2024-03-24T23:29:20Z,26.448807,-76.990673,0.60,121.8,1,9,0.9
2024-03-24T23:29:25Z,26.448805,-76.990665,0.44,9.3,1,9,0.9
2024-03-24T23:29:30Z,26.448810,-76.990657,0.38,86.9,1,9,0.9
2024-03-24T23:29:40Z,26.448810,-76.990640,0.25,80.2,1,9,0.9
2024-03-24T23:29:45Z,26.448815,-76.990635,0.33,6.2,1,9,0.9
2024-03-24T23:29:50Z,26.448813,-76.990628,0.23,316.2,1,9,0.9
2024-03-24T23:29:55Z,26.448810,-76.990622,0.82,152.3,1,9,0.9
2024-03-24T23:30:00Z,26.448792,-76.990615,0.21,155.8,1,9,0.9
2024-03-24T23:30:05Z,26.448782,-76.990617,0.27,125.4,1,9,0.9
2024-03-24T23:30:15Z,26.448790,-76.990628,0.52,306.9,1,9,0.9
2024-03-24T23:30:20Z,26.448798,-76.990632,0.05,189.6,1,9,0.9
2024-03-24T23:30:25Z,26.448805,-76.990640,0.43,170.4,1,9,0.9
2024-03-24T23:30:30Z,26.448812,-76.990645,0.25,170.1,1,9,0.9
2024-03-24T23:30:35Z,26.448817,-76.990653,0.48,309.0,1,9,0.9
2024-03-24T23:30:40Z,26.448812,-76.990655,0.48,302.6,1,9,0.9
2024-03-24T23:30:50Z,26.448817,-76.990668,0.69,168.8,1,9,0.9
2024-03-24T23:30:55Z,26.448808,-76.990675,0.25,172.4,1,9,0.9
2024-03-24T23:31:00Z,26.448795,-76.990677,0.71,167.2,1,9,0.9
2024-03-24T23:31:05Z,26.448805,-76.990673,0.17,160.8,1,9,0.9
2024-03-24T23:31:10Z,26.448803,-76.990672,0.38,137.9,1,9,0.9
2024-03-24T23:31:15Z,26.448812,-76.990667,0.22,211.4,1,9,0.9
2024-03-24T23:31:25Z,26.448800,-76.990652,0.33,130.7,1,9,0.9
2024-03-24T23:31:30Z,26.448790,-76.990635,0.46,136.8,1,9,0.9
2024-03-24T23:31:35Z,26.448795,-76.990630,0.71,349.1,1,9,0.9
2024-03-24T23:31:40Z,26.448807,-76.990630,0.30,103.3,1,9,0.9
2024-03-24T23:31:45Z,26.448808,-76.990625,1.05,136.2,1,9,0.9
2024-03-24T23:31:50Z,26.448807,-76.990618,0.22,315.5,1,9,0.9
2024-03-24T23:31:55Z,26.448798,-76.990612,0.20,114.1,1,9,0.9
2024-03-24T23:32:00Z,26.448797,-76.990608,0.44,137.5,1,9,0.9
2024-03-24T23:32:05Z,26.448800,-76.990607,0.39,333.5,1,9,0.9
2024-03-24T23:32:10Z,26.448805,-76.990605,0.37,322.6,1,9,0.9
2024-03-24T23:32:15Z,26.448793,-76.990603,0.31,156.1,1,9,0.9
2024-03-24T23:32:20Z,26.448788,-76.990607,0.03,264.7,1,9,0.9
2024-03-24T23:32:25Z,26.448793,-76.990610,0.21,188.5,1,9,0.9
2024-03-24T23:32:30Z,26.448807,-76.990612,0.43,146.9,1,9,0.9
2024-03-24T23:32:35Z,26.448795,-76.990607,0.26,157.9,1,9,0.9
2024-03-24T23:32:40Z,26.448790,-76.990610,0.21,158.0,1,9,0.9
2024-03-24T23:32:45Z,26.448795,-76.990620,0.66,315.1,1,9,0.9
2024-03-24T23:32:50Z,26.448808,-76.990633,0.75,307.9,1,9,0.9
2024-03-24T23:33:00Z,26.448795,-76.990647,0.37,192.0,1,9,0.9
2024-03-24T23:33:05Z,26.448790,-76.990647,1.24,321.2,1,9,0.9
2024-03-24T23:33:10Z,26.448780,-76.990655,0.43,273.0,1,9,0.9
2024-03-24T23:33:15Z,26.448797,-76.990668,0.30,227.5,1,9,0.9
2024-03-24T23:33:20Z,26.448807,-76.990675,0.57,166.4,1,9,0.9
2024-03-24T23:33:30Z,26.448800,-76.990670,0.66,157.5,1,9,0.9
2024-03-24T23:33:35Z,26.448798,-76.990675,0.29,324.7,1,9,0.9
2024-03-24T23:33:40Z,26.448785,-76.990668,0.43,150.4,1,9,0.9
2024-03-24T23:33:45Z,26.448778,-76.990663,0.27,0.7,1,9,0.9
2024-03-24T23:33:50Z,26.448772,-76.990657,0.23,65.0,1,9,0.9
2024-03-24T23:33:55Z,26.448782,-76.990645,0.78,143.0,1,9,0.9
2024-03-24T23:34:00Z,26.448777,-76.990633,0.20,145.3,1,9,0.9
2024-03-24T23:34:05Z,26.448772,-76.990630,0.30,81.2,1,9,0.9
2024-03-24T23:34:10Z,26.448765,-76.990618,0.36,121.0,1,9,0.9
2024-03-24T23:34:15Z,26.448772,-76.990613,0.29,86.2,1,9,0.9
2024-03-24T23:34:20Z,26.448783,-76.990610,0.39,93.0,1,9,0.9
2024-03-24T23:34:30Z,26.448785,-76.990595,0.43,343.6,1,9,0.9
2024-03-24T23:34:35Z,26.448777,-76.990590,0.17,247.0,1,9,0.9
2024-03-24T23:34:40Z,26.448780,-76.990585,0.32,195.7,1,9,0.9
2024-03-24T23:34:45Z,26.448782,-76.990580,0.36,151.7,1,9,0.9
2024-03-24T23:34:50Z,26.448783,-76.990583,0.32,335.8,1,9,0.9
2024-03-24T23:35:00Z,26.448782,-76.990602,0.21,259.9,1,9,0.9
2024-03-24T23:35:05Z,26.448798,-76.990605,0.71,160.1,1,9,0.9
2024-03-24T23:35:10Z,26.448792,-76.990612,0.95,300.4,1,9,0.9
2024-03-24T23:35:15Z,26.448792,-76.990617,0.34,314.3,1,9,0.9
2024-03-24T23:35:20Z,26.448798,-76.990625,1.24,318.1,1,9,0.9
2024-03-24T23:35:25Z,26.448797,-76.990627,0.96,159.2,1,9,0.9
2024-03-24T23:35:30Z,26.448780,-76.990610,1.25,146.4,1,9,0.9
2024-03-24T23:35:35Z,26.448772,-76.990608,0.23,158.5,1,9,0.9
2024-03-24T23:35:40Z,26.448787,-76.990617,0.35,188.3,1,9,0.9
2024-03-24T23:35:45Z,26.448798,-76.990632,0.73,345.1,1,9,0.9
2024-03-24T23:35:50Z,26.448787,-76.990637,0.77,152.5,1,9,0.9
2024-03-24T23:36:00Z,26.448793,-76.990633,0.19,103.0,1,9,0.9
2024-03-24T23:36:05Z,26.448813,-76.990628,0.43,71.0,1,9,0.9
2024-03-24T23:36:10Z,26.448827,-76.990623,0.41,101.9,1,9,0.9
2024-03-24T23:36:15Z,26.448822,-76.990613,0.39,115.3,1,9,0.9
2024-03-24T23:36:20Z,26.448812,-76.990607,0.61,145.9,1,9,0.9
2024-03-24T23:36:25Z,26.448802,-76.990600,0.47,161.6,1,9,0.9
2024-03-24T23:36:30Z,26.448797,-76.990598,0.23,148.7,1,9,0.9
2024-03-24T23:36:35Z,26.448790,-76.990590,0.45,136.7,1,9,0.9
2024-03-24T23:36:40Z,26.448797,-76.990588,0.37,161.4,1,9,0.9
2024-03-24T23:36:45Z,26.448793,-76.990588,0.34,336.5,1,9,0.9
2024-03-24T23:36:50Z,26.448782,-76.990588,0.49,172.4,1,9,0.9
2024-03-24T23:36:55Z,26.448778,-76.990598,0.66,287.6,1,9,0.9
2024-03-24T23:37:00Z,26.448788,-76.990607,0.17,336.3,1,9,0.9
2024-03-24T23:37:05Z,26.448797,-76.990617,0.48,306.9,1,9,0.9
2024-03-24T23:37:10Z,26.448803,-76.990627,0.60,329.9,1,9,0.9
2024-03-24T23:37:15Z,26.448810,-76.990635,0.17,251.6,1,9,0.9
2024-03-24T23:37:20Z,26.448807,-76.990652,0.63,326.5,1,9,0.9
2024-03-24T23:37:25Z,26.448817,-76.990667,0.79,317.9,1,9,0.9
2024-03-24T23:37:30Z,26.448803,-76.990667,0.66,177.5,1,9,0.9
2024-03-24T23:37:40Z,26.448808,-76.990673,0.24,165.4,1,9,0.9
2024-03-24T23:37:45Z,26.448810,-76.990670,0.51,317.8,1,9,0.9
2024-03-24T23:37:50Z,26.448803,-76.990665,0.05,11.1,1,9,0.9
2024-03-24T23:37:55Z,26.448795,-76.990657,0.25,155.1,1,9,0.9
2024-03-24T23:38:00Z,26.448800,-76.990660,0.36,140.1,1,9,0.9
2024-03-24T23:38:05Z,26.448788,-76.990650,0.53,162.9,1,9,0.9
2024-03-24T23:38:15Z,26.448808,-76.990650,0.16,93.6,1,9,0.9
2024-03-24T23:38:20Z,26.448797,-76.990645,0.41,147.5,1,9,0.9
2024-03-24T23:38:25Z,26.448793,-76.990637,0.28,73.5,1,9,0.9
2024-03-24T23:38:30Z,26.448795,-76.990632,0.37,130.3,1,9,0.9
2024-03-24T23:38:35Z,26.448795,-76.990622,0.41,3.5,1,9,0.9
2024-03-24T23:38:45Z,26.448808,-76.990617,0.24,231.2,1,9,0.9
2024-03-24T23:38:50Z,26.448808,-76.990628,0.79,325.6,1,9,0.9
2024-03-24T23:38:55Z,26.448802,-76.990632,1.25,163.8,1,9,0.9
2024-03-24T23:39:00Z,26.448802,-76.990640,0.44,317.5,1,9,0.9
2024-03-24T23:39:05Z,26.448805,-76.990642,0.75,331.9,1,9,0.9
2024-03-24T23:39:10Z,26.448805,-76.990645,0.21,272.5,1,9,0.9
2024-03-24T23:39:20Z,26.448785,-76.990650,0.42,180.4,1,9,0.9
2024-03-24T23:39:25Z,26.448785,-76.990652,0.43,331.5,1,9,0.9
2024-03-24T23:39:30Z,26.448783,-76.990655,0.56,143.0,1,9,0.9
2024-03-24T23:39:35Z,26.448785,-76.990652,0.30,91.6,1,9,0.9
2024-03-24T23:39:40Z,26.448788,-76.990648,0.31,15.9,1,9,0.9
2024-03-24T23:39:45Z,26.448792,-76.990645,0.81,124.4,1,8,1.0
2024-03-24T23:39:55Z,26.448797,-76.990628,0.16,131.2,1,9,0.9
2024-03-24T23:40:00Z,26.448790,-76.990625,0.27,138.5,1,8,1.3
2024-03-24T23:40:05Z,26.448798,-76.990622,0.12,12.8,1,9,0.9
2024-03-24T23:40:10Z,26.448792,-76.990622,0.42,174.6,1,9,0.9
2024-03-24T23:40:15Z,26.448788,-76.990613,0.39,104.7,1,9,0.9
2024-03-24T23:40:25Z,26.448797,-76.990603,0.16,193.3,1,8,1.0
2024-03-24T23:40:30Z,26.448803,-76.990607,0.08,233.4,1,8,1.0
2024-03-24T23:40:35Z,26.448798,-76.990608,0.48,172.2,1,8,1.0
2024-03-24T23:40:40Z,26.448788,-76.990608,0.57,164.0,1,8,1.0
2024-03-24T23:40:45Z,26.448782,-76.990610,0.69,169.3,1,8,1.0
2024-03-24T23:40:55Z,26.448803,-76.990630,0.54,177.8,1,8,1.0
2024-03-24T23:41:00Z,26.448810,-76.990640,0.34,313.0,1,8,1.0
2024-03-24T23:41:05Z,26.448820,-76.990655,0.17,215.4,1,8,1.0
2024-03-24T23:41:10Z,26.448818,-76.990657,0.37,283.0,1,8,1.0
2024-03-24T23:41:15Z,26.448813,-76.990662,0.05,301.7,1,8,1.0
2024-03-24T23:41:25Z,26.448813,-76.990670,0.70,167.5,1,8,1.0
2024-03-24T23:41:30Z,26.448822,-76.990665,0.68,143.0,1,8,1.0
2024-03-24T23:41:35Z,26.448830,-76.990670,0.21,271.4,1,8,1.0
2024-03-24T23:41:40Z,26.448822,-76.990663,0.28,168.8,1,8,1.0
2024-03-24T23:41:45Z,26.448820,-76.990660,0.36,326.0,1,8,1.0
2024-03-24T23:41:55Z,26.448818,-76.990658,0.27,339.5,1,8,1.0
2024-03-24T23:42:00Z,26.448810,-76.990658,0.41,143.8,1,8,1.0
2024-03-24T23:42:05Z,26.448808,-76.990653,0.25,144.8,1,8,1.0
2024-03-24T23:42:10Z,26.448815,-76.990647,0.26,28.4,1,8,1.0
2024-03-24T23:42:15Z,26.448815,-76.990643,0.14,190.2,1,7,1.3
2024-03-24T23:42:25Z,26.448807,-76.990650,0.36,152.6,1,8,1.0
2024-03-24T23:42:30Z,26.448802,-76.990650,0.12,72.6,1,8,1.0
2024-03-24T23:42:35Z,26.448810,-76.990655,0.16,240.1,1,8,1.0
2024-03-24T23:42:40Z,26.448818,-76.990658,0.07,284.8,1,8,1.0
2024-03-24T23:42:45Z,26.448808,-76.990667,0.62,307.1,1,8,1.0
2024-03-24T23:42:50Z,26.448820,-76.990683,0.20,305.8,1,8,1.0
2024-03-24T23:42:55Z,26.448815,-76.990690,0.32,308.3,1,8,1.0
2024-03-24T23:43:00Z,26.448798,-76.990690,0.36,259.1,1,8,1.0
2024-03-24T23:43:05Z,26.448803,-76.990692,1.09,322.1,1,8,1.0
2024-03-24T23:43:10Z,26.448797,-76.990693,0.65,324.8,1,8,1.0
2024-03-24T23:43:15Z,26.448802,-76.990695,0.10,172.9,1,8,1.0
2024-03-24T23:43:20Z,26.448807,-76.990697,0.21,159.0,1,8,1.0
2024-03-24T23:43:25Z,26.448817,-76.990698,0.23,313.3,1,8,1.0
2024-03-24T23:43:30Z,26.448817,-76.990693,0.27,85.7,1,8,1.0
2024-03-24T23:43:35Z,26.448813,-76.990682,0.14,29.6,1,8,1.0
2024-03-24T23:43:40Z,26.448810,-76.990675,0.44,115.8,1,8,1.0
2024-03-24T23:43:45Z,26.448810,-76.990668,0.29,163.5,1,8,1.0
2024-03-24T23:43:50Z,26.448813,-76.990662,1.31,161.7,1,8,1.0
2024-03-24T23:44:00Z,26.448808,-76.990648,0.14,37.7,1,8,1.0
2024-03-24T23:44:05Z,26.448805,-76.990635,0.49,121.9,1,8,1.0
2024-03-24T23:44:10Z,26.448802,-76.990618,0.52,151.2,1,8,1.0
2024-03-24T23:44:15Z,26.448778,-76.990618,0.51,165.3,1,8,1.0
2024-03-24T23:44:20Z,26.448770,-76.990620,0.11,117.7,1,8,1.0
2024-03-24T23:44:25Z,26.448780,-76.990623,0.34,316.2,1,8,1.0
2024-03-24T23:44:30Z,26.448782,-76.990613,0.14,194.5,1,8,1.0
2024-03-24T23:44:35Z,26.448787,-76.990610,0.50,309.6,1,7,1.3
2024-03-24T23:44:40Z,26.448782,-76.990613,0.17,295.7,1,8,1.0
2024-03-24T23:44:45Z,26.448783,-76.990623,0.52,306.3,1,8,1.0
2024-03-24T23:44:50Z,26.448777,-76.990620,0.42,273.5,1,8,1.0
2024-03-24T23:44:55Z,26.448773,-76.990620,0.51,211.6,1,8,1.0
2024-03-24T23:45:05Z,26.448773,-76.990640,0.26,196.1,1,8,1.0
2024-03-24T23:45:10Z,26.448778,-76.990652,0.12,271.8,1,7,1.3
2024-03-24T23:45:15Z,26.448783,-76.990653,0.25,150.5,1,8,1.0
2024-03-24T23:45:20Z,26.448793,-76.990668,0.10,196.0,1,7,1.1
2024-03-24T23:45:25Z,26.448793,-76.990677,0.32,255.2,1,8,1.0
2024-03-24T23:45:30Z,26.448795,-76.990685,0.51,319.0,1,8,1.0
2024-03-24T23:45:35Z,26.448787,-76.990687,0.34,198.5,1,8,1.0
2024-03-24T23:45:40Z,26.448802,-76.990690,0.24,318.8,1,7,1.3
2024-03-24T23:45:45Z,26.448808,-76.990692,0.47,207.2,1,8,1.0
2024-03-24T23:45:50Z,26.448808,-76.990692,0.40,224.7,1,8,1.0
2024-03-24T23:45:55Z,26.448805,-76.990693,0.36,10.6,1,8,1.0
2024-03-24T23:46:05Z,26.448792,-76.990702,0.46,157.4,1,8,1.0
2024-03-24T23:46:10Z,26.448803,-76.990703,0.16,191.9,1,8,1.0
2024-03-24T23:46:15Z,26.448800,-76.990700,0.20,334.5,1,8,1.0
2024-03-24T23:46:20Z,26.448793,-76.990695,0.14,176.1,1,8,1.0
2024-03-24T23:46:25Z,26.448792,-76.990692,0.27,22.0,1,8,1.0
2024-03-24T23:46:35Z,26.448828,-76.990683,0.10,126.7,1,8,1.0
2024-03-24T23:46:40Z,26.448812,-76.990680,0.38,27.5,1,8,1.0
2024-03-24T23:46:45Z,26.448815,-76.990665,0.33,120.5,1,8,1.0
2024-03-24T23:46:50Z,26.448823,-76.990660,0.58,117.4,1,8,1.0
2024-03-24T23:46:55Z,26.448818,-76.990658,0.32,140.8,1,7,1.3
2024-03-24T23:47:05Z,26.448808,-76.990645,0.12,212.7,1,8,1.0
2024-03-24T23:47:10Z,26.448805,-76.990640,0.12,4.5,1,8,1.0
2024-03-24T23:47:15Z,26.448810,-76.990638,0.27,124.8,1,8,1.0
2024-03-24T23:47:20Z,26.448805,-76.990635,0.47,185.5,1,7,1.5
2024-03-24T23:47:25Z,26.448802,-76.990630,0.82,141.7,1,8,1.0
2024-03-24T23:47:35Z,26.448792,-76.990627,0.46,169.7,1,8,1.0
2024-03-24T23:47:40Z,26.448787,-76.990632,0.30,35.4,1,8,1.0
2024-03-24T23:47:45Z,26.448795,-76.990643,0.89,322.9,1,8,1.0
2024-03-24T23:47:50Z,26.448810,-76.990662,0.46,298.1,1,8,1.0
2024-03-24T23:47:55Z,26.448808,-76.990668,0.27,245.6,1,8,1.0
2024-03-24T23:48:05Z,26.448800,-76.990668,0.37,189.0,1,8,1.0
2024-03-24T23:48:10Z,26.448808,-76.990665,0.22,95.1,1,8,1.0
2024-03-24T23:48:15Z,26.448818,-76.990658,0.16,64.3,1,8,1.0
2024-03-24T23:48:20Z,26.448798,-76.990653,0.26,158.4,1,7,1.1
2024-03-24T23:48:25Z,26.448773,-76.990657,0.85,171.3,1,8,1.0
2024-03-24T23:48:35Z,26.448780,-76.990642,0.32,115.2,1,8,1.0
2024-03-24T23:48:40Z,26.448785,-76.990637,0.17,183.7,1,8,1.0
2024-03-24T23:48:45Z,26.448792,-76.990633,0.92,111.8,1,8,1.0
2024-03-24T23:48:50Z,26.448787,-76.990628,0.12,41.5,1,8,1.0
2024-03-24T23:48:55Z,26.448787,-76.990627,0.14,190.5,1,8,1.0
2024-03-24T23:49:00Z,26.448787,-76.990618,0.88,135.1,1,8,1.0
2024-03-24T23:49:10Z,26.448797,-76.990617,0.37,346.5,1,8,1.0
2024-03-24T23:49:15Z,26.448805,-76.990622,0.34,229.9,1,8,1.0
2024-03-24T23:49:20Z,26.448790,-76.990618,0.34,176.4,1,8,1.0
2024-03-24T23:49:25Z,26.448808,-76.990628,0.62,5.3,1,8,1.0
2024-03-24T23:49:30Z,26.448817,-76.990617,0.56,113.8,1,8,1.0
2024-03-24T23:49:35Z,26.448822,-76.990620,0.13,269.6,1,8,1.0
2024-03-24T23:49:45Z,26.448813,-76.990645,0.30,287.3,1,8,1.0
2024-03-24T23:49:50Z,26.448807,-76.990645,0.89,131.4,1,8,1.0
2024-03-24T23:49:55Z,26.448812,-76.990653,0.06,25.8,1,8,1.0
2024-03-24T23:50:00Z,26.448813,-76.990663,0.26,173.4,1,8,1.0
2024-03-24T23:50:05Z,26.448782,-76.990643,0.91,152.7,1,8,1.0
2024-03-24T23:50:10Z,26.448783,-76.990637,0.84,166.5,1,8,1.0
2024-03-24T23:50:15Z,26.448793,-76.990645,0.30,300.9,1,8,1.0
2024-03-24T23:50:20Z,26.448797,-76.990650,0.82,144.2,1,8,1.0
2024-03-24T23:50:25Z,26.448815,-76.990648,1.05,348.6,1,8,1.0
2024-03-24T23:50:30Z,26.448813,-76.990648,0.73,127.2,1,8,1.0
2024-03-24T23:50:35Z,26.448812,-76.990643,0.36,136.2,1,8,1.0
2024-03-24T23:50:45Z,26.448797,-76.990633,0.32,133.0,1,8,1.0
2024-03-24T23:50:50Z,26.448788,-76.990625,0.55,146.8,1,8,1.0
2024-03-24T23:50:55Z,26.448777,-76.990615,1.04,138.1,1,8,1.0
2024-03-24T23:51:00Z,26.448778,-76.990605,0.09,57.1,1,8,1.0
2024-03-24T23:51:05Z,26.448780,-76.990605,0.38,172.3,1,8,1.0
2024-03-24T23:51:15Z,26.448775,-76.990602,1.04,312.9,1,8,1.0
2024-03-24T23:51:20Z,26.448778,-76.990612,0.35,204.7,1,8,1.0
2024-03-24T23:51:25Z,26.448778,-76.990620,0.38,184.4,1,8,1.0
2024-03-24T23:51:30Z,26.448787,-76.990635,0.27,303.2,1,8,1.0
2024-03-24T23:51:35Z,26.448795,-76.990642,0.43,279.3,1,8,1.0
2024-03-24T23:51:40Z,26.448802,-76.990653,0.08,259.6,1,8,1.0
2024-03-24T23:51:50Z,26.448808,-76.990665,0.56,172.1,1,8,1.0
2024-03-24T23:51:55Z,26.448825,-76.990677,0.59,338.3,1,8,1.0
2024-03-24T23:52:00Z,26.448823,-76.990682,0.49,277.0,1,8,1.0
2024-03-24T23:52:05Z,26.448797,-76.990680,0.34,189.2,1,7,1.3
2024-03-24T23:52:10Z,26.448785,-76.990667,0.47,323.4,1,7,1.3
2024-03-24T23:52:20Z,26.448785,-76.990665,0.30,336.1,1,8,1.0
2024-03-24T23:52:25Z,26.448812,-76.990658,0.39,84.3,1,8,1.0
2024-03-24T23:52:30Z,26.448832,-76.990660,0.07,230.1,1,8,1.0
2024-03-24T23:52:35Z,26.448823,-76.990660,1.08,176.4,1,8,1.0
2024-03-24T23:52:40Z,26.448838,-76.990665,0.23,315.9,1,8,1.0
2024-03-24T23:52:50Z,26.448828,-76.990660,0.18,15.8,1,8,1.0
2024-03-24T23:52:55Z,26.448818,-76.990655,0.28,347.5,1,8,1.0
2024-03-24T23:53:00Z,26.448818,-76.990653,0.50,164.9,1,8,1.0
2024-03-24T23:53:05Z,26.448813,-76.990653,0.75,249.4,1,8,1.0
2024-03-24T23:53:10Z,26.448800,-76.990663,0.47,177.3,1,7,1.1
2024-03-24T23:53:20Z,26.448802,-76.990648,0.36,318.2,1,8,1.0
2024-03-24T23:53:25Z,26.448795,-76.990653,0.05,238.9,1,8,1.0
2024-03-24T23:53:30Z,26.448795,-76.990650,0.29,123.4,1,8,1.0
2024-03-24T23:53:35Z,26.448785,-76.990643,0.64,217.4,1,8,1.0
2024-03-24T23:53:40Z,26.448795,-76.990645,0.40,328.1,1,8,1.0
2024-03-24T23:53:50Z,26.448792,-76.990642,0.37,157.3,1,8,1.0
2024-03-24T23:53:55Z,26.448793,-76.990637,0.59,143.3,1,8,1.0
2024-03-24T23:54:00Z,26.448797,-76.990625,0.77,359.2,1,8,1.0
2024-03-24T23:54:05Z,26.448802,-76.990627,0.17,289.8,1,8,1.0
2024-03-24T23:54:10Z,26.448823,-76.990630,0.40,13.8,1,8,1.0
2024-03-24T23:54:15Z,26.448823,-76.990632,0.57,135.7,1,8,1.0
2024-03-24T23:54:20Z,26.448823,-76.990627,0.15,93.2,1,8,1.0
2024-03-24T23:54:25Z,26.448817,-76.990608,1.00,109.1,1,8,1.0
2024-03-24T23:54:30Z,26.448808,-76.990600,0.50,178.3,1,8,1.0
2024-03-24T23:54:35Z,26.448805,-76.990600,0.22,343.1,1,8,1.0
2024-03-24T23:54:40Z,26.448790,-76.990595,0.16,175.2,1,8,1.0
2024-03-24T23:54:50Z,26.448772,-76.990582,0.82,132.1,1,8,1.0
2024-03-24T23:54:55Z,26.448770,-76.990565,0.22,108.1,1,8,1.0
2024-03-24T23:55:00Z,26.448775,-76.990565,0.74,152.2,1,8,1.0
2024-03-24T23:55:05Z,26.448783,-76.990577,0.50,340.7,1,8,1.0
2024-03-24T23:55:10Z,26.448792,-76.990588,0.35,208.2,1,8,1.0
2024-03-24T23:55:20Z,26.448792,-76.990602,0.47,167.5,1,8,1.0
2024-03-24T23:55:25Z,26.448798,-76.990612,0.33,295.6,1,8,1.0
2024-03-24T23:55:30Z,26.448798,-76.990628,0.26,263.6,1,8,1.0
2024-03-24T23:55:35Z,26.448808,-76.990638,1.16,326.4,1,8,1.0
2024-03-24T23:55:40Z,26.448822,-76.990655,0.34,253.7,1,8,1.0
2024-03-24T23:55:45Z,26.448808,-76.990652,0.41,155.6,1,8,1.0
2024-03-24T23:55:50Z,26.448808,-76.990650,0.92,323.8,1,8,1.0
2024-03-24T23:55:55Z,26.448822,-76.990665,0.67,177.6,1,8,1.0
2024-03-24T23:56:00Z,26.448805,-76.990663,0.46,262.9,1,8,1.0
2024-03-24T23:56:05Z,26.448805,-76.990658,0.31,334.4,1,8,1.0
2024-03-24T23:56:10Z,26.448805,-76.990655,0.24,237.7,1,8,1.0
2024-03-24T23:56:15Z,26.448795,-76.990640,0.31,105.9,1,8,1.0
2024-03-24T23:56:25Z,26.448805,-76.990637,0.40,60.1,1,8,1.0
2024-03-24T23:56:30Z,26.448815,-76.990632,0.22,197.5,1,8,1.0
2024-03-24T23:56:35Z,26.448817,-76.990630,0.32,17.4,1,8,1.0
2024-03-24T23:56:40Z,26.448818,-76.990627,0.35,350.9,1,8,1.0
2024-03-24T23:56:45Z,26.448833,-76.990607,0.43,149.5,1,8,1.0
2024-03-24T23:56:50Z,26.448828,-76.990605,0.89,154.7,1,8,1.0
2024-03-24T23:57:00Z,26.448818,-76.990592,0.55,331.9,1,8,1.0
2024-03-24T23:57:05Z,26.448792,-76.990593,0.42,165.4,1,8,1.0
2024-03-24T23:57:10Z,26.448783,-76.990593,0.50,306.7,1,8,1.0
2024-03-24T23:57:15Z,26.448795,-76.990598,0.37,268.7,1,8,1.0
2024-03-24T23:57:20Z,26.448782,-76.990603,0.20,165.8,1,8,1.0
2024-03-24T23:57:25Z,26.448783,-76.990607,0.42,16.8,1,8,1.0
2024-03-24T23:57:30Z,26.448797,-76.990613,0.33,314.7,1,8,1.0
2024-03-24T23:57:35Z,26.448803,-76.990623,0.55,307.1,1,8,1.0
2024-03-24T23:57:40Z,26.448800,-76.990628,0.11,159.6,1,8,1.0
2024-03-24T23:57:45Z,26.448803,-76.990643,0.86,301.0,1,8,1.0
2024-03-24T23:57:50Z,26.448798,-76.990648,0.97,169.4,1,8,1.0
2024-03-24T23:57:55Z,26.448790,-76.990648,0.70,169.2,1,8,1.0
2024-03-24T23:58:00Z,26.448782,-76.990650,0.53,324.3,1,8,1.0
2024-03-24T23:58:05Z,26.448798,-76.990663,0.11,89.0,1,8,1.0
2024-03-24T23:58:10Z,26.448795,-76.990650,0.38,173.3,1,8,1.0
2024-03-24T23:58:15Z,26.448795,-76.990645,0.78,156.0,1,8,1.0
2024-03-24T23:58:20Z,26.448797,-76.990643,0.28,279.1,1,8,1.0
2024-03-24T23:58:25Z,26.448810,-76.990653,0.27,318.4,1,8,1.0
2024-03-24T23:58:30Z,26.448807,-76.990653,0.27,47.1,1,8,1.0
2024-03-24T23:58:35Z,26.448805,-76.990648,0.37,157.7,1,8,1.0
2024-03-24T23:58:40Z,26.448810,-76.990650,0.31,320.4,1,8,1.0
2024-03-24T23:58:45Z,26.448798,-76.990645,0.31,104.6,1,7,1.2
2024-03-24T23:58:50Z,26.448777,-76.990640,1.07,186.9,1,8,1.0
2024-03-24T23:58:55Z,26.448765,-76.990637,0.30,8.3,1,8,1.0
2024-03-24T23:59:00Z,26.448748,-76.990642,0.42,177.7,1,8,1.0
2024-03-24T23:59:05Z,26.448755,-76.990647,0.40,197.7,1,8,1.0
2024-03-24T23:59:15Z,26.448787,-76.990647,0.04,289.4,1,8,1.0
2024-03-24T23:59:20Z,26.448773,-76.990632,0.29,172.0,1,7,1.1
2024-03-24T23:59:25Z,26.448790,-76.990638,0.35,322.4,1,8,1.0
2024-03-24T23:59:30Z,26.448803,-76.990638,0.29,290.7,1,8,1.0
2024-03-24T23:59:40Z,26.448790,-76.990638,0.80,159.4,1,8,1.0
2024-03-24T23:59:45Z,26.448783,-76.990653,0.30,308.1,1,8,1.0
2024-03-24T23:59:50Z,26.448788,-76.990660,0.54,215.0,1,8,1.0
2024-03-24T23:59:55Z,26.448787,-76.990657,0.97,169.5,1,7,1.2
2024-03-25T00:00:05Z,26.448810,-76.990665,0.18,104.5,1,8,1.0
2024-03-25T00:00:10Z,26.448815,-76.990670,0.05,226.6,1,7,1.2
2024-03-25T00:00:15Z,26.448808,-76.990672,0.15,144.7,1,8,1.0
2024-03-25T00:00:20Z,26.448793,-76.990668,1.16,185.9,1,8,1.0
2024-03-25T00:00:30Z,26.448818,-76.990652,0.39,140.1,1,8,1.0
2024-03-25T00:00:35Z,26.448810,-76.990642,0.84,120.7,1,8,1.1
2024-03-25T00:00:40Z,26.448812,-76.990640,0.31,150.9,1,8,1.1
2024-03-25T00:00:45Z,26.448798,-76.990637,0.82,174.9,1,8,1.1
2024-03-25T00:00:50Z,26.448793,-76.990637,0.81,150.1,1,8,1.1
2024-03-25T00:00:55Z,26.448783,-76.990637,0.42,349.1,1,8,1.1
2024-03-25T00:01:00Z,26.448798,-76.990633,0.75,133.9,1,8,1.1
2024-03-25T00:01:05Z,26.448795,-76.990632,0.37,160.0,1,8,1.1
2024-03-25T00:01:10Z,26.448792,-76.990632,0.55,145.6,1,8,1.1
2024-03-25T00:01:15Z,26.448798,-76.990633,0.53,351.1,1,8,1.1
2024-03-25T00:01:25Z,26.448788,-76.990628,0.38,146.3,1,7,1.1
2024-03-25T00:01:30Z,26.448778,-76.990615,0.23,141.5,1,8,1.1
2024-03-25T00:01:35Z,26.448780,-76.990620,0.20,148.2,1,8,1.1
2024-03-25T00:01:40Z,26.448778,-76.990613,0.29,335.0,1,8,1.1
2024-03-25T00:01:50Z,26.448780,-76.990605,0.84,357.8,1,8,1.1
2024-03-25T00:01:55Z,26.448765,-76.990600,0.09,154.8,1,8,1.1
2024-03-25T00:02:00Z,26.448762,-76.990597,0.92,131.3,1,8,1.1
2024-03-25T00:02:05Z,26.448772,-76.990603,0.26,214.2,1,8,1.1
2024-03-25T00:02:15Z,26.448797,-76.990617,0.25,272.5,1,8,1.1
2024-03-25T00:02:20Z,26.448790,-76.990633,0.96,192.9,1,8,1.1
2024-03-25T00:02:25Z,26.448783,-76.990648,0.62,291.1,1,8,1.1
2024-03-25T00:02:30Z,26.448803,-76.990662,1.35,296.9,1,8,1.1
2024-03-25T00:02:35Z,26.448802,-76.990682,0.42,299.1,1,8,1.1
2024-03-25T00:02:45Z,26.448783,-76.990680,0.37,323.3,1,8,1.1
2024-03-25T00:02:50Z,26.448793,-76.990682,0.34,275.1,1,8,1.1
2024-03-25T00:02:55Z,26.448788,-76.990692,0.28,254.9,1,7,1.3
2024-03-25T00:03:00Z,26.448798,-76.990700,0.70,332.4,1,8,1.1
2024-03-25T00:03:05Z,26.448797,-76.990692,0.66,168.1,1,8,1.1
2024-03-25T00:03:10Z,26.448795,-76.990692,0.41,134.9,1,8,1.1
2024-03-25T00:03:15Z,26.448795,-76.990690,0.20,108.6,1,8,1.1
2024-03-25T00:03:20Z,26.448795,-76.990690,0.10,125.9,1,8,1.1
2024-03-25T00:03:25Z,26.448797,-76.990675,0.25,55.9,1,8,1.1
2024-03-25T00:03:30Z,26.448793,-76.990667,0.47,32.3,1,8,1.1
2024-03-25T00:03:35Z,26.448792,-76.990655,0.83,147.0,1,8,1.1
2024-03-25T00:03:45Z,26.448792,-76.990638,0.44,95.7,1,8,1.1
2024-03-25T00:03:50Z,26.448785,-76.990635,0.19,161.3,1,8,1.1
2024-03-25T00:03:55Z,26.448788,-76.990647,0.54,141.3,1,8,1.1
2024-03-25T00:04:00Z,26.448803,-76.990653,0.41,307.3,1,8,1.1
2024-03-25T00:04:05Z,26.448790,-76.990660,0.32,192.4,1,8,1.1
2024-03-25T00:04:10Z,26.448778,-76.990658,0.12,253.7,1,8,1.1
2024-03-25T00:04:15Z,26.448785,-76.990663,0.63,319.9,1,8,1.1
2024-03-25T00:04:20Z,26.448783,-76.990665,0.66,171.0,1,8,1.1
2024-03-25T00:04:25Z,26.448788,-76.990665,0.66,162.5,1,8,1.1
2024-03-25T00:04:30Z,26.448800,-76.990678,0.21,340.7,1,8,1.1
2024-03-25T00:04:40Z,26.448782,-76.990680,0.25,141.6,1,8,1.1
2024-03-25T00:04:45Z,26.448790,-76.990678,0.41,147.6,1,8,1.1
2024-03-25T00:04:50Z,26.448785,-76.990677,0.61,152.5,1,8,1.1
2024-03-25T00:04:55Z,26.448802,-76.990665,0.38,38.5,1,8,1.1
2024-03-25T00:05:05Z,26.448783,-76.990658,0.51,146.5,1,8,1.1
2024-03-25T00:05:10Z,26.448810,-76.990648,0.35,23.9,1,8,1.1
2024-03-25T00:05:15Z,26.448807,-76.990642,0.55,148.9,1,8,1.1
2024-03-25T00:05:20Z,26.448832,-76.990643,0.35,125.1,1,8,1.1
2024-03-25T00:05:30Z,26.448813,-76.990640,0.20,174.4,1,8,1.1
2024-03-25T00:05:35Z,26.448792,-76.990640,0.91,179.3,1,8,1.1
2024-03-25T00:05:40Z,26.448788,-76.990650,0.56,316.6,1,8,1.1
2024-03-25T00:05:45Z,26.448785,-76.990657,0.43,210.3,1,8,1.1
2024-03-25T00:05:55Z,26.448800,-76.990682,0.92,309.9,1,8,1.1
2024-03-25T00:06:00Z,26.448795,-76.990693,0.38,335.6,1,8,1.1
2024-03-25T00:06:05Z,26.448807,-76.990695,0.21,259.6,1,8,1.1
2024-03-25T00:06:10Z,26.448798,-76.990697,0.30,211.9,1,8,1.1
2024-03-25T00:06:15Z,26.448808,-76.990693,0.17,280.6,1,8,1.1
2024-03-25T00:06:20Z,26.448812,-76.990692,0.32,22.0,1,8,1.1
2024-03-25T00:06:25Z,26.448812,-76.990692,0.21,312.5,1,8,1.1
2024-03-25T00:06:30Z,26.448818,-76.990682,0.28,120.8,1,8,1.1
2024-03-25T00:06:35Z,26.448812,-76.990682,0.62,30.0,1,8,1.1
2024-03-25T00:06:40Z,26.448823,-76.990677,0.32,129.5,1,8,1.1
2024-03-25T00:06:45Z,26.448813,-76.990665,0.40,102.5,1,8,1.1
2024-03-25T00:06:50Z,26.448790,-76.990660,1.16,155.7,1,8,1.1
2024-03-25T00:06:55Z,26.448802,-76.990648,0.23,251.9,1,8,1.1
2024-03-25T00:07:00Z,26.448810,-76.990650,0.33,189.6,1,8,1.1
2024-03-25T00:07:05Z,26.448810,-76.990662,0.26,220.4,1,7,1.3
2024-03-25T00:07:15Z,26.448790,-76.990662,0.34,183.8,1,7,1.3
2024-03-25T00:07:20Z,26.448800,-76.990672,0.37,177.4,1,7,1.1
2024-03-25T00:07:25Z,26.448792,-76.990672,0.56,135.1,1,8,1.1
2024-03-25T00:07:30Z,26.448780,-76.990665,0.09,346.5,1,8,1.1
2024-03-25T00:07:40Z,26.448787,-76.990662,0.34,144.3,1,8,1.1
2024-03-25T00:07:45Z,26.448788,-76.990662,0.73,161.0,1,8,1.1
2024-03-25T00:07:50Z,26.448787,-76.990662,0.14,167.9,1,8,1.1
2024-03-25T00:07:55Z,26.448783,-76.990660,0.53,171.5,1,8,1.1
2024-03-25T00:08:00Z,26.448778,-76.990660,0.16,126.6,1,8,1.1
2024-03-25T00:08:05Z,26.448795,-76.990653,0.90,34.0,1,8,1.1
2024-03-25T00:08:10Z,26.448798,-76.990650,0.03,19.3,1,8,1.1
2024-03-25T00:08:15Z,26.448787,-76.990645,0.54,147.6,1,8,1.1
2024-03-25T00:08:20Z,26.448775,-76.990645,0.15,175.5,1,8,1.1
2024-03-25T00:08:25Z,26.448777,-76.990645,0.18,145.4,1,8,1.1
2024-03-25T00:08:30Z,26.448768,-76.990642,0.24,165.2,1,8,1.1
2024-03-25T00:08:40Z,26.448750,-76.990633,0.34,165.7,1,8,1.1
2024-03-25T00:08:45Z,26.448745,-76.990633,0.64,347.9,1,8,1.1
2024-03-25T00:08:50Z,26.448763,-76.990637,0.23,170.1,1,8,1.1
2024-03-25T00:08:55Z,26.448773,-76.990635,0.01,177.9,1,7,1.3
2024-03-25T00:09:00Z,26.448773,-76.990640,0.39,333.7,1,6,1.7
2024-03-25T00:09:05Z,26.448757,-76.990635,1.42,167.9,1,8,1.1
2024-03-25T00:09:10Z,26.448750,-76.990630,0.82,179.6,1,8,1.1
2024-03-25T00:09:15Z,26.448748,-76.990627,0.24,153.5,1,8,1.1
2024-03-25T00:09:20Z,26.448777,-76.990640,0.20,218.7,1,7,1.3
2024-03-25T00:09:25Z,26.448768,-76.990642,0.39,178.4,1,8,1.1
2024-03-25T00:09:30Z,26.448760,-76.990635,0.26,108.8,1,8,1.1
2024-03-25T00:09:35Z,26.448768,-76.990642,0.07,287.9,1,8,1.1
2024-03-25T00:09:45Z,26.448785,-76.990663,0.45,203.3,1,8,1.1
2024-03-25T00:09:50Z,26.448783,-76.990668,0.65,350.7,1,8,1.1
2024-03-25T00:09:55Z,26.448785,-76.990668,0.21,261.5,1,8,1.1
2024-03-25T00:10:00Z,26.448788,-76.990663,0.32,118.7,1,8,1.1
2024-03-25T00:10:05Z,26.448782,-76.990652,0.40,100.2,1,8,1.1
2024-03-25T00:10:15Z,26.448795,-76.990655,0.48,139.2,1,8,1.1
2024-03-25T00:10:20Z,26.448797,-76.990655,0.56,1.2,1,8,1.1
2024-03-25T00:10:25Z,26.448815,-76.990658,0.33,353.1,1,8,1.1
2024-03-25T00:10:30Z,26.448817,-76.990657,0.48,147.0,1,8,1.1
2024-03-25T00:10:35Z,26.448815,-76.990648,0.36,140.0,1,8,1.1
2024-03-25T00:10:45Z,26.448803,-76.990645,0.25,93.1,1,8,1.1
2024-03-25T00:10:50Z,26.448818,-76.990638,0.79,359.1,1,8,1.1
2024-03-25T00:10:55Z,26.448808,-76.990635,1.08,159.0,1,8,1.2
2024-03-25T00:11:00Z,26.448785,-76.990630,1.20,157.3,1,8,1.2
2024-03-25T00:11:05Z,26.448795,-76.990632,0.07,83.3,1,8,1.2
2024-03-25T00:11:15Z,26.448803,-76.990645,0.28,221.0,1,8,1.2
2024-03-25T00:11:20Z,26.448813,-76.990655,0.89,310.8,1,7,1.3
2024-03-25T00:11:25Z,26.448795,-76.990647,0.71,190.0,1,7,1.3
2024-03-25T00:11:30Z,26.448763,-76.990647,0.44,276.0,1,7,1.3
2024-03-25T00:11:35Z,26.448770,-76.990663,0.31,177.7,1,7,1.3
2024-03-25T00:11:40Z,26.448773,-76.990670,0.28,321.7,1,8,1.2
2024-03-25T00:11:45Z,26.448780,-76.990677,0.30,182.6,1,8,1.2
2024-03-25T00:11:50Z,26.448777,-76.990668,0.44,15.0,1,8,1.2
2024-03-25T00:11:55Z,26.448770,-76.990665,1.29,185.6,1,8,1.2
2024-03-25T00:12:00Z,26.448777,-76.990675,0.77,326.0,1,8,1.2
2024-03-25T00:12:05Z,26.448817,-76.990677,0.17,87.5,1,8,1.2
2024-03-25T00:12:15Z,26.448842,-76.990673,0.21,197.5,1,8,1.2
2024-03-25T00:12:20Z,26.448838,-76.990685,0.46,337.4,1,8,1.2
2024-03-25T00:12:25Z,26.448810,-76.990678,0.94,198.7,1,5,5.5
2024-03-25T00:12:30Z,26.448775,-76.990667,0.18,230.9,1,8,1.2
2024-03-25T00:12:35Z,26.448773,-76.990670,0.45,306.2,1,7,1.3
2024-03-25T00:12:40Z,26.448763,-76.990677,0.32,154.5,1,7,1.3
2024-03-25T00:12:45Z,26.448767,-76.990675,0.69,337.1,1,7,1.3
2024-03-25T00:12:50Z,26.448783,-76.990688,0.35,216.0,1,7,1.3
2024-03-25T00:12:55Z,26.448775,-76.990688,0.57,306.0,1,7,1.3
2024-03-25T00:13:00Z,26.448785,-76.990692,0.13,331.4,1,7,1.3
2024-03-25T00:13:10Z,26.448812,-76.990683,0.25,27.5,1,7,1.3
2024-03-25T00:13:15Z,26.448795,-76.990673,0.27,221.4,1,7,1.3
2024-03-25T00:13:20Z,26.448793,-76.990660,0.53,36.6,1,7,1.3
2024-03-25T00:13:25Z,26.448802,-76.990657,0.28,207.8,1,7,1.3
2024-03-25T00:13:30Z,26.448805,-76.990653,0.11,226.8,1,7,1.3
2024-03-25T00:13:40Z,26.448797,-76.990643,0.33,111.3,1,7,1.3
2024-03-25T00:13:45Z,26.448802,-76.990637,0.44,40.1,1,7,1.3
2024-03-25T00:13:50Z,26.448793,-76.990628,0.35,115.2,1,7,1.3
2024-03-25T00:13:55Z,26.448800,-76.990635,0.13,224.0,1,7,1.3
2024-03-25T00:14:00Z,26.448802,-76.990642,0.74,181.8,1,7,1.3
2024-03-25T00:14:05Z,26.448790,-76.990645,0.11,208.2,1,7,1.3
2024-03-25T00:14:10Z,26.448798,-76.990653,0.05,88.9,1,7,1.3
2024-03-25T00:14:15Z,26.448795,-76.990657,0.61,298.4,1,7,1.3
2024-03-25T00:14:20Z,26.448797,-76.990663,0.36,272.9,1,8,1.0
2024-03-25T00:14:25Z,26.448823,-76.990672,0.44,251.0,1,8,1.0
2024-03-25T00:14:30Z,26.448815,-76.990673,0.36,211.9,1,8,1.0
2024-03-25T00:14:35Z,26.448820,-76.990673,0.28,344.0,1,8,1.0
2024-03-25T00:14:40Z,26.448817,-76.990687,0.22,213.2,1,8,1.0
2024-03-25T00:14:45Z,26.448828,-76.990697,0.34,316.2,1,8,1.0
2024-03-25T00:14:50Z,26.448815,-76.990697,0.33,219.8,1,8,1.0
2024-03-25T00:14:55Z,26.448808,-76.990687,0.25,176.3,1,8,1.0
2024-03-25T00:15:00Z,26.448818,-76.990688,0.16,133.0,1,8,1.0
2024-03-25T00:15:10Z,26.448827,-76.990693,0.23,209.1,1,8,1.0
2024-03-25T00:15:15Z,26.448825,-76.990685,0.18,108.7,1,8,1.0
2024-03-25T00:15:20Z,26.448818,-76.990678,0.14,167.1,1,8,1.0
2024-03-25T00:15:25Z,26.448827,-76.990687,0.61,185.2,1,8,1.0
2024-03-25T00:15:30Z,26.448813,-76.990675,0.18,127.9,1,8,1.0
2024-03-25T00:15:35Z,26.448805,-76.990672,0.21,203.3,1,8,1.0
2024-03-25T00:15:40Z,26.448803,-76.990670,0.50,132.2,1,8,1.0
2024-03-25T00:15:45Z,26.448810,-76.990672,0.13,19.1,1,8,1.0
2024-03-25T00:15:50Z,26.448818,-76.990667,0.54,137.2,1,8,1.0
2024-03-25T00:15:55Z,26.448817,-76.990665,0.05,139.7,1,8,1.0
2024-03-25T00:16:00Z,26.448815,-76.990660,0.19,229.0,1,8,1.0
2024-03-25T00:16:05Z,26.448813,-76.990668,0.07,309.2,1,8,1.0
2024-03-25T00:16:10Z,26.448792,-76.990662,0.40,186.8,1,8,1.0
2024-03-25T00:16:15Z,26.448798,-76.990672,0.47,224.7,1,8,1.0
2024-03-25T00:16:20Z,26.448823,-76.990682,0.11,289.8,1,8,1.0
2024-03-25T00:16:25Z,26.448833,-76.990688,0.21,26.2,1,8,1.0
2024-03-25T00:16:30Z,26.448838,-76.990693,0.35,313.2,1,8,1.0
2024-03-25T00:16:40Z,26.448840,-76.990697,0.44,179.5,1,8,1.0
2024-03-25T00:16:45Z,26.448840,-76.990693,0.27,101.3,1,8,1.0
2024-03-25T00:16:50Z,26.448832,-76.990687,0.21,95.8,1,8,1.0
2024-03-25T00:16:55Z,26.448827,-76.990690,0.72,205.2,1,8,1.0
2024-03-25T00:17:00Z,26.448820,-76.990688,0.33,182.4,1,8,1.0
2024-03-25T00:17:10Z,26.448832,-76.990690,0.26,98.3,1,8,1.0
2024-03-25T00:17:15Z,26.448838,-76.990693,0.22,250.2,1,8,1.0
2024-03-25T00:17:20Z,26.448828,-76.990678,0.62,38.8,1,8,1.0
2024-03-25T00:17:25Z,26.448830,-76.990663,0.74,41.2,1,8,1.0
2024-03-25T00:17:30Z,26.448827,-76.990665,0.06,167.7,1,8,1.0
2024-03-25T00:17:40Z,26.448822,-76.990658,0.39,150.6,1,8,1.0
2024-03-25T00:17:45Z,26.448825,-76.990658,0.10,177.5,1,8,1.0
2024-03-25T00:17:50Z,26.448830,-76.990660,0.06,250.6,1,8,1.0
2024-03-25T00:17:55Z,26.448827,-76.990658,0.16,241.2,1,8,1.0
2024-03-25T00:18:00Z,26.448823,-76.990657,0.11,134.1,1,8,1.0
2024-03-25T00:18:10Z,26.448837,-76.990658,0.20,342.3,1,8,1.0
2024-03-25T00:18:15Z,26.448823,-76.990658,0.42,220.5,1,8,1.0
2024-03-25T00:18:20Z,26.448827,-76.990658,0.20,290.9,1,8,1.0
2024-03-25T00:18:25Z,26.448820,-76.990660,0.20,298.7,1,8,1.0
2024-03-25T00:18:30Z,26.448822,-76.990668,1.11,323.3,1,8,1.0
2024-03-25T00:18:40Z,26.448835,-76.990672,0.59,329.7,1,8,1.0
2024-03-25T00:18:45Z,26.448840,-76.990672,0.46,296.4,1,8,1.0
2024-03-25T00:18:50Z,26.448845,-76.990678,0.45,208.4,1,8,1.0
2024-03-25T00:18:55Z,26.448835,-76.990677,0.34,107.6,1,8,1.0
2024-03-25T00:19:00Z,26.448823,-76.990683,0.25,195.5,1,8,1.0
2024-03-25T00:19:10Z,26.448815,-76.990683,0.33,127.6,1,8,1.0
2024-03-25T00:19:15Z,26.448820,-76.990682,1.12,30.8,1,8,1.0
2024-03-25T00:19:20Z,26.448822,-76.990673,0.48,115.7,1,8,1.0
2024-03-25T00:19:25Z,26.448825,-76.990640,0.55,81.5,1,8,1.0
2024-03-25T00:19:30Z,26.448830,-76.990620,0.77,68.7,1,8,1.0
2024-03-25T00:19:40Z,26.448842,-76.990623,0.39,315.4,1,8,1.0
2024-03-25T00:19:45Z,26.448832,-76.990618,0.24,185.4,1,8,1.0
2024-03-25T00:19:50Z,26.448815,-76.990630,0.09,180.7,1,8,1.0
2024-03-25T00:19:55Z,26.448825,-76.990638,0.26,282.7,1,8,1.0
2024-03-25T00:20:00Z,26.448815,-76.990650,0.14,116.3,1,8,1.0
2024-03-25T00:20:10Z,26.448803,-76.990672,0.97,206.1,1,8,1.0
2024-03-25T00:20:15Z,26.448810,-76.990682,0.39,27.1,1,8,1.0
2024-03-25T00:20:20Z,26.448815,-76.990670,0.32,319.2,1,8,1.0
2024-03-25T00:20:25Z,26.448807,-76.990668,0.30,137.2,1,8,1.0
2024-03-25T00:20:30Z,26.448797,-76.990670,0.21,251.3,1,8,1.0
2024-03-25T00:20:35Z,26.448790,-76.990672,0.32,104.2,1,8,1.0
2024-03-25T00:20:40Z,26.448802,-76.990683,0.31,288.4,1,8,1.0
2024-03-25T00:20:45Z,26.448798,-76.990682,0.50,5.4,1,8,1.0
2024-03-25T00:20:50Z,26.448798,-76.990685,0.45,184.3,1,7,1.2
2024-03-25T00:20:55Z,26.448800,-76.990685,0.09,278.5,1,8,1.0
2024-03-25T00:21:00Z,26.448808,-76.990677,0.73,86.5,1,8,1.0
2024-03-25T00:21:10Z,26.448825,-76.990670,0.82,51.9,1,8,1.0
2024-03-25T00:21:15Z,26.448817,-76.990657,0.35,206.0,1,8,1.0
2024-03-25T00:21:20Z,26.448797,-76.990655,0.44,176.7,1,8,1.0
2024-03-25T00:21:25Z,26.448787,-76.990650,0.38,185.4,1,8,1.0
2024-03-25T00:21:30Z,26.448798,-76.990657,0.20,163.7,1,8,1.0
2024-03-25T00:21:35Z,26.448813,-76.990660,0.26,225.7,1,8,1.0
2024-03-25T00:21:40Z,26.448823,-76.990662,0.38,92.6,1,8,1.0
2024-03-25T00:21:45Z,26.448835,-76.990660,0.37,341.9,1,8,1.0
2024-03-25T00:21:50Z,26.448838,-76.990670,0.29,185.2,1,7,1.2
2024-03-25T00:21:55Z,26.448837,-76.990677,0.28,204.5,1,8,1.0
2024-03-25T00:22:00Z,26.448832,-76.990692,0.59,223.0,1,8,1.0
2024-03-25T00:22:05Z,26.448822,-76.990695,0.44,214.1,1,7,1.2
2024-03-25T00:22:10Z,26.448833,-76.990712,0.19,132.1,1,7,1.2
2024-03-25T00:22:15Z,26.448848,-76.990717,0.31,278.2,1,8,1.0
2024-03-25T00:22:20Z,26.448852,-76.990725,0.59,220.3,1,8,1.0
2024-03-25T00:22:25Z,26.448850,-76.990732,0.37,278.9,1,7,1.2
2024-03-25T00:22:30Z,26.448830,-76.990717,0.10,118.9,1,8,1.0
2024-03-25T00:22:40Z,26.448835,-76.990723,0.83,34.2,1,8,1.0
2024-03-25T00:22:45Z,26.448827,-76.990707,0.26,338.5,1,8,1.0
2024-03-25T00:22:50Z,26.448820,-76.990705,0.60,352.7,1,7,1.2
2024-03-25T00:22:55Z,26.448860,-76.990718,0.21,68.1,1,8,1.0
2024-03-25T00:23:00Z,26.448857,-76.990723,0.51,73.6,1,8,1.0
2024-03-25T00:23:05Z,26.448857,-76.990723,0.40,73.3,1,8,1.0
2024-03-25T00:23:15Z,26.448850,-76.990707,0.55,186.8,1,8,1.0
2024-03-25T00:23:20Z,26.448843,-76.990698,0.12,165.8,1,8,1.0
2024-03-25T00:23:25Z,26.448838,-76.990680,0.37,181.7,1,8,1.0
2024-03-25T00:23:30Z,26.448828,-76.990668,0.14,234.5,1,8,1.0
2024-03-25T00:23:35Z,26.448832,-76.990660,0.54,83.1,1,7,1.2
2024-03-25T00:23:45Z,26.448825,-76.990670,0.29,139.2,1,7,1.2
2024-03-25T00:23:50Z,26.448818,-76.990670,0.15,263.1,1,8,1.0
2024-03-25T00:23:55Z,26.448820,-76.990670,0.20,185.7,1,7,1.2
2024-03-25T00:24:00Z,26.448830,-76.990688,0.98,335.2,1,8,1.0
2024-03-25T00:24:05Z,26.448828,-76.990697,0.59,297.2,1,8,1.0
2024-03-25T00:24:15Z,26.448830,-76.990715,0.28,254.4,1,8,1.0
2024-03-25T00:24:20Z,26.448835,-76.990728,0.61,325.9,1,8,1.0
2024-03-25T00:24:25Z,26.448837,-76.990733,0.25,257.9,1,8,1.0
2024-03-25T00:24:30Z,26.448838,-76.990735,0.18,289.5,1,7,1.2
2024-03-25T00:24:35Z,26.448845,-76.990732,0.23,271.2,1,8,1.0
2024-03-25T00:24:40Z,26.448840,-76.990730,0.20,152.0,1,7,1.2
2024-03-25T00:24:50Z,26.448830,-76.990705,0.85,89.2,1,8,1.0
2024-03-25T00:24:55Z,26.448835,-76.990700,0.54,130.9,1,8,1.0
2024-03-25T00:25:00Z,26.448852,-76.990695,0.57,136.1,1,8,1.0
2024-03-25T00:25:05Z,26.448858,-76.990688,0.49,149.2,1,8,1.0
2024-03-25T00:25:10Z,26.448867,-76.990673,0.69,75.0,1,8,1.0
2024-03-25T00:25:15Z,26.448870,-76.990662,0.49,70.3,1,8,1.0
2024-03-25T00:25:20Z,26.448868,-76.990650,0.94,176.5,1,8,1.0
2024-03-25T00:25:25Z,26.448857,-76.990640,0.95,175.5,1,8,1.0
2024-03-25T00:25:30Z,26.448848,-76.990637,0.08,57.1,1,8,1.0
2024-03-25T00:25:35Z,26.448828,-76.990622,0.58,141.8,1,8,1.0
2024-03-25T00:25:40Z,26.448822,-76.990617,0.32,122.5,1,8,1.0
2024-03-25T00:25:50Z,26.448812,-76.990632,0.24,90.3,1,8,1.0
2024-03-25T00:25:55Z,26.448815,-76.990645,0.59,194.6,1,8,1.0
2024-03-25T00:26:00Z,26.448810,-76.990650,0.71,162.5,1,8,1.0
2024-03-25T00:26:05Z,26.448805,-76.990665,0.41,200.5,1,7,1.2
2024-03-25T00:26:10Z,26.448817,-76.990667,0.29,167.1,1,7,1.2
2024-03-25T00:26:20Z,26.448853,-76.990678,0.32,299.1,1,7,1.2
2024-03-25T00:26:25Z,26.448840,-76.990673,0.12,46.6,1,7,1.2
2024-03-25T00:26:30Z,26.448853,-76.990677,0.40,174.8,1,8,1.0
2024-03-25T00:26:35Z,26.448857,-76.990680,0.88,203.2,1,8,1.0
2024-03-25T00:26:40Z,26.448842,-76.990682,0.75,212.1,1,8,1.0
2024-03-25T00:26:45Z,26.448845,-76.990687,0.67,223.8,1,8,1.0
2024-03-25T00:26:55Z,26.448848,-76.990680,0.29,170.4,1,8,1.0
2024-03-25T00:27:00Z,26.448840,-76.990680,0.27,82.1,1,8,1.0
2024-03-25T00:27:05Z,26.448845,-76.990672,0.75,199.1,1,8,1.0
2024-03-25T00:27:10Z,26.448845,-76.990668,0.65,219.2,1,8,1.0
2024-03-25T00:27:15Z,26.448843,-76.990675,0.20,199.4,1,8,1.0
2024-03-25T00:27:25Z,26.448817,-76.990673,0.62,204.7,1,8,1.0
2024-03-25T00:27:30Z,26.448798,-76.990670,0.27,186.8,1,8,1.0
2024-03-25T00:27:35Z,26.448815,-76.990665,0.18,138.0,1,7,1.2
2024-03-25T00:27:40Z,26.448817,-76.990665,0.40,353.6,1,8,1.0
2024-03-25T00:27:45Z,26.448823,-76.990665,0.41,269.0,1,8,1.0
2024-03-25T00:27:50Z,26.448833,-76.990670,0.32,293.1,1,8,1.0
2024-03-25T00:27:55Z,26.448837,-76.990667,0.01,9.2,1,7,1.2
2024-03-25T00:28:00Z,26.448838,-76.990670,0.24,247.6,1,8,1.0
2024-03-25T00:28:05Z,26.448827,-76.990680,0.35,118.9,1,8,1.0
2024-03-25T00:28:10Z,26.448822,-76.990682,0.58,201.6,1,8,1.0
2024-03-25T00:28:15Z,26.448828,-76.990683,0.01,31.6,1,8,1.0
2024-03-25T00:28:25Z,26.448845,-76.990690,0.93,29.3,1,8,1.0
2024-03-25T00:28:30Z,26.448838,-76.990688,0.13,244.8,1,8,1.0
2024-03-25T00:28:35Z,26.448838,-76.990683,0.12,180.4,1,8,1.0
2024-03-25T00:28:40Z,26.448860,-76.990680,0.52,356.1,1,8,1.0
2024-03-25T00:28:45Z,26.448833,-76.990672,0.52,49.2,1,8,1.0
2024-03-25T00:28:55Z,26.448845,-76.990677,0.24,71.6,1,8,1.0
2024-03-25T00:29:00Z,26.448812,-76.990665,0.59,178.2,1,8,1.0
2024-03-25T00:29:05Z,26.448805,-76.990667,0.14,165.0,1,8,1.0
2024-03-25T00:29:10Z,26.448807,-76.990662,0.14,180.7,1,8,1.0
2024-03-25T00:29:15Z,26.448802,-76.990658,0.11,326.0,1,8,1.0
2024-03-25T00:29:25Z,26.448808,-76.990648,0.16,19.7,1,8,1.0
2024-03-25T00:29:30Z,26.448812,-76.990652,0.12,229.6,1,8,1.0
2024-03-25T00:29:35Z,26.448817,-76.990662,0.23,283.1,1,8,1.0
2024-03-25T00:29:40Z,26.448817,-76.990665,0.24,45.3,1,8,1.0
2024-03-25T00:29:45Z,26.448818,-76.990663,0.49,208.6,1,8,1.0
2024-03-25T00:29:50Z,26.448825,-76.990663,0.48,2.3,1,8,1.0
2024-03-25T00:29:55Z,26.448825,-76.990677,0.67,347.7,1,8,1.0
2024-03-25T00:30:00Z,26.448832,-76.990672,0.35,195.5,1,8,1.0
2024-03-25T00:30:05Z,26.448833,-76.990685,0.34,308.1,1,8,1.0
2024-03-25T00:30:10Z,26.448832,-76.990695,0.48,173.5,1,8,1.0
2024-03-25T00:30:15Z,26.448832,-76.990708,0.25,30.8,1,8,1.0
2024-03-25T00:30:25Z,26.448837,-76.990700,0.69,30.9,1,8,1.0
2024-03-25T00:30:30Z,26.448850,-76.990695,0.98,43.5,1,8,1.0
2024-03-25T00:30:35Z,26.448848,-76.990687,0.31,128.6,1,8,1.0
2024-03-25T00:30:40Z,26.448837,-76.990675,0.36,137.5,1,8,1.0
2024-03-25T00:30:45Z,26.448823,-76.990680,0.32,79.8,1,8,1.0
2024-03-25T00:30:55Z,26.448835,-76.990667,0.25,100.1,1,8,1.0
2024-03-25T00:31:00Z,26.448842,-76.990663,0.91,31.9,1,8,1.0
2024-03-25T00:31:05Z,26.448823,-76.990660,1.73,194.1,1,8,1.0
2024-03-25T00:31:10Z,26.448807,-76.990652,0.80,151.2,1,8,1.0
2024-03-25T00:31:15Z,26.448805,-76.990645,0.30,160.8,1,8,1.0
2024-03-25T00:31:20Z,26.448810,-76.990642,0.37,304.5,1,8,1.0
2024-03-25T00:31:25Z,26.448822,-76.990645,0.10,32.5,1,8,1.0
2024-03-25T00:31:30Z,26.448822,-76.990653,0.36,268.7,1,8,1.0
2024-03-25T00:31:35Z,26.448817,-76.990650,0.44,151.7,1,8,1.0
2024-03-25T00:31:40Z,26.448805,-76.990647,0.13,180.9,1,8,1.0
2024-03-25T00:31:45Z,26.448802,-76.990653,0.47,226.2,1,8,1.0
2024-03-25T00:31:50Z,26.448808,-76.990670,0.33,252.5,1,8,1.0
2024-03-25T00:32:00Z,26.448810,-76.990682,0.43,156.0,1,8,1.0
2024-03-25T00:32:05Z,26.448812,-76.990687,0.53,180.9,1,7,1.1
2024-03-25T00:32:10Z,26.448822,-76.990677,0.36,96.3,1,8,1.0
2024-03-25T00:32:15Z,26.448827,-76.990670,0.24,46.6,1,8,1.0
2024-03-25T00:32:20Z,26.448832,-76.990657,1.01,54.9,1,8,1.0
2024-03-25T00:32:25Z,26.448828,-76.990643,0.83,194.2,1,8,1.0
2024-03-25T00:32:35Z,26.448820,-76.990622,0.35,142.0,1,8,1.0
2024-03-25T00:32:40Z,26.448823,-76.990618,0.56,196.5,1,8,1.0
2024-03-25T00:32:45Z,26.448812,-76.990613,0.52,148.8,1,8,1.0
2024-03-25T00:32:50Z,26.448815,-76.990613,0.48,211.6,1,8,1.0
2024-03-25T00:32:55Z,26.448798,-76.990632,0.34,238.6,1,8,1.0
2024-03-25T00:33:00Z,26.448795,-76.990638,1.44,331.9,1,8,1.0
2024-03-25T00:33:10Z,26.448800,-76.990665,0.63,288.2,1,8,1.0
2024-03-25T00:33:15Z,26.448822,-76.990682,0.69,284.8,1,8,1.0
2024-03-25T00:33:20Z,26.448818,-76.990680,0.51,267.8,1,8,1.0
2024-03-25T00:33:25Z,26.448815,-76.990675,0.71,311.7,1,7,1.2
2024-03-25T00:33:30Z,26.448810,-76.990678,0.56,255.5,1,8,1.0
2024-03-25T00:33:40Z,26.448833,-76.990678,0.26,256.0,1,8,1.0
2024-03-25T00:33:45Z,26.448828,-76.990680,0.33,147.8,1,8,1.0
2024-03-25T00:33:50Z,26.448837,-76.990680,0.17,155.4,1,8,1.0
2024-03-25T00:33:55Z,26.448840,-76.990670,0.46,139.7,1,8,1.0
2024-03-25T00:34:00Z,26.448840,-76.990660,0.75,57.3,1,8,1.0
2024-03-25T00:34:05Z,26.448843,-76.990653,0.22,90.6,1,8,1.0
2024-03-25T00:34:15Z,26.448833,-76.990645,0.15,134.2,1,8,1.0
2024-03-25T00:34:20Z,26.448830,-76.990647,0.09,253.9,1,8,1.0
2024-03-25T00:34:25Z,26.448840,-76.990650,0.96,336.1,1,8,1.0
2024-03-25T00:34:30Z,26.448838,-76.990658,0.55,263.1,1,8,1.0
2024-03-25T00:34:35Z,26.448835,-76.990672,0.54,280.9,1,7,1.2
2024-03-25T00:34:45Z,26.448848,-76.990697,0.46,219.7,1,8,1.0
2024-03-25T00:34:50Z,26.448845,-76.990688,0.48,306.4,1,8,1.0
2024-03-25T00:34:55Z,26.448843,-76.990692,0.23,64.5,1,8,1.0
2024-03-25T00:35:00Z,26.448845,-76.990682,0.22,23.9,1,8,1.0
2024-03-25T00:35:05Z,26.448840,-76.990695,0.33,157.5,1,8,1.1
2024-03-25T00:35:10Z,26.448850,-76.990695,0.54,47.2,1,8,1.1
2024-03-25T00:35:20Z,26.448848,-76.990685,0.52,194.7,1,8,1.1
2024-03-25T00:35:25Z,26.448848,-76.990680,0.43,169.2,1,7,1.2
2024-03-25T00:35:30Z,26.448855,-76.990667,0.83,53.3,1,8,1.1
2024-03-25T00:35:35Z,26.448855,-76.990662,0.56,181.6,1,8,1.1
2024-03-25T00:35:40Z,26.448835,-76.990655,0.26,116.8,1,8,1.1
2024-03-25T00:35:50Z,26.448832,-76.990658,0.50,28.8,1,8,1.1
2024-03-25T00:35:55Z,26.448845,-76.990658,0.26,192.1,1,8,1.1
2024-03-25T00:36:00Z,26.448837,-76.990657,0.07,180.9,1,8,1.1
2024-03-25T00:36:05Z,26.448847,-76.990658,0.66,196.6,1,8,1.1
2024-03-25T00:36:10Z,26.448837,-76.990655,0.52,185.6,1,8,1.1
2024-03-25T00:36:20Z,26.448828,-76.990653,0.15,345.4,1,8,1.1
2024-03-25T00:36:25Z,26.448827,-76.990653,0.26,340.6,1,8,1.1
2024-03-25T00:36:30Z,26.448827,-76.990657,0.19,27.4,1,8,1.1
2024-03-25T00:36:35Z,26.448820,-76.990653,0.39,205.1,1,8,1.1
2024-03-25T00:36:40Z,26.448815,-76.990655,0.05,71.8,1,8,1.1
2024-03-25T00:36:50Z,26.448813,-76.990662,1.03,128.4,1,7,1.2
2024-03-25T00:36:55Z,26.448823,-76.990658,1.49,33.4,1,8,1.1
2024-03-25T00:37:00Z,26.448817,-76.990648,0.57,177.7,1,8,1.1
2024-03-25T00:37:05Z,26.448812,-76.990652,0.35,181.4,1,8,1.1
2024-03-25T00:37:10Z,26.448810,-76.990647,0.37,26.1,1,8,1.1
2024-03-25T00:37:20Z,26.448807,-76.990658,1.00,201.1,1,8,1.1
2024-03-25T00:37:25Z,26.448803,-76.990665,0.57,262.1,1,8,1.1
2024-03-25T00:37:30Z,26.448818,-76.990667,0.46,325.3,1,8,1.1
2024-03-25T00:37:35Z,26.448837,-76.990668,0.34,337.9,1,8,1.1
2024-03-25T00:37:40Z,26.448840,-76.990675,0.23,261.4,1,8,1.1
2024-03-25T00:37:50Z,26.448833,-76.990690,0.43,222.9,1,8,1.1
2024-03-25T00:37:55Z,26.448827,-76.990690,0.37,261.7,1,8,1.1
2024-03-25T00:38:00Z,26.448825,-76.990697,0.22,258.9,1,8,1.1
2024-03-25T00:38:05Z,26.448843,-76.990702,0.35,213.5,1,8,1.1
2024-03-25T00:38:10Z,26.448848,-76.990707,0.04,293.5,1,8,1.1
2024-03-25T00:38:20Z,26.448840,-76.990713,0.38,231.9,1,8,1.1
2024-03-25T00:38:25Z,26.448848,-76.990718,0.42,4.0,1,8,1.1
2024-03-25T00:38:30Z,26.448852,-76.990723,0.23,244.5,1,8,1.1
2024-03-25T00:38:35Z,26.448855,-76.990725,1.12,8.1,1,8,1.1
2024-03-25T00:38:40Z,26.448842,-76.990738,0.85,212.4,1,8,1.1
2024-03-25T00:38:50Z,26.448842,-76.990758,0.37,339.5,1,8,1.1
2024-03-25T00:38:55Z,26.448852,-76.990755,0.26,266.8,1,8,1.1
2024-03-25T00:39:00Z,26.448833,-76.990758,0.83,205.3,1,8,1.1
2024-03-25T00:39:05Z,26.448820,-76.990757,0.41,77.2,1,8,1.1
2024-03-25T00:39:10Z,26.448853,-76.990740,0.69,33.7,1,8,1.1
2024-03-25T00:39:20Z,26.448873,-76.990725,0.47,24.0,1,7,1.2
2024-03-25T00:39:25Z,26.448870,-76.990720,1.33,25.3,1,8,1.1
2024-03-25T00:39:30Z,26.448883,-76.990712,0.41,171.3,1,8,1.1
2024-03-25T00:39:35Z,26.448857,-76.990713,0.94,188.3,1,8,1.1
2024-03-25T00:39:40Z,26.448865,-76.990710,0.75,35.7,1,8,1.1
2024-03-25T00:39:45Z,26.448857,-76.990713,1.51,196.2,1,7,1.2
2024-03-25T00:39:55Z,26.448823,-76.990720,0.30,121.7,1,8,1.1
2024-03-25T00:40:00Z,26.448817,-76.990715,0.46,46.3,1,8,1.1
2024-03-25T00:40:05Z,26.448815,-76.990710,0.41,192.5,1,8,1.1
2024-03-25T00:40:10Z,26.448815,-76.990715,0.42,209.0,1,8,1.1
2024-03-25T00:40:15Z,26.448822,-76.990712,0.31,4.4,1,8,1.1
2024-03-25T00:40:20Z,26.448828,-76.990705,0.39,16.2,1,8,1.1
2024-03-25T00:40:30Z,26.448842,-76.990713,0.20,220.6,1,8,1.1
2024-03-25T00:40:35Z,26.448852,-76.990722,0.26,218.1,1,8,1.1
2024-03-25T00:40:40Z,26.448848,-76.990737,0.50,217.5,1,8,1.1
2024-03-25T00:40:45Z,26.448852,-76.990743,0.38,331.1,1,8,1.1
2024-03-25T00:40:50Z,26.448852,-76.990727,0.42,13.1,1,8,1.1
2024-03-25T00:40:55Z,26.448843,-76.990727,0.19,4.0,1,8,1.1
2024-03-25T00:41:00Z,26.448835,-76.990727,0.29,349.7,1,8,1.1
2024-03-25T00:41:05Z,26.448830,-76.990728,0.34,197.7,1,8,1.1
2024-03-25T00:41:10Z,26.448832,-76.990723,0.10,238.9,1,8,1.1
2024-03-25T00:41:15Z,26.448832,-76.990718,0.09,281.5,1,8,1.1
2024-03-25T00:41:20Z,26.448847,-76.990727,0.09,320.2,1,8,1.1
2024-03-25T00:41:30Z,26.448840,-76.990732,0.23,141.8,1,8,1.1
2024-03-25T00:41:35Z,26.448833,-76.990728,0.21,53.2,1,8,1.1
2024-03-25T00:41:40Z,26.448822,-76.990732,0.74,206.6,1,8,1.1
2024-03-25T00:41:45Z,26.448822,-76.990732,0.21,347.6,1,8,1.1
2024-03-25T00:41:50Z,26.448832,-76.990723,0.22,92.6,1,8,1.1
2024-03-25T00:42:00Z,26.448827,-76.990722,0.07,113.3,1,8,1.1
2024-03-25T00:42:05Z,26.448835,-76.990723,0.19,252.1,1,8,1.1
2024-03-25T00:42:10Z,26.448840,-76.990717,0.25,100.0,1,8,1.1
2024-03-25T00:42:15Z,26.448833,-76.990710,0.38,160.2,1,8,1.1
2024-03-25T00:42:20Z,26.448850,-76.990718,0.34,334.3,1,8,1.1
2024-03-25T00:42:30Z,26.448867,-76.990718,0.11,279.6,1,8,1.1
2024-03-25T00:42:35Z,26.448847,-76.990718,0.12,75.7,1,8,1.1
2024-03-25T00:42:40Z,26.448828,-76.990715,0.72,149.8,1,8,1.1
2024-03-25T00:42:45Z,26.448842,-76.990705,0.72,195.7,1,8,1.1
2024-03-25T00:42:50Z,26.448837,-76.990710,1.36,201.8,1,8,1.1
2024-03-25T00:43:00Z,26.448797,-76.990715,0.33,194.6,1,7,1.2
2024-03-25T00:43:05Z,26.448835,-76.990712,0.27,193.1,1,8,1.1
2024-03-25T00:43:10Z,26.448845,-76.990702,0.37,165.7,1,8,1.1
2024-03-25T00:43:15Z,26.448853,-76.990690,0.92,26.0,1,8,1.1
2024-03-25T00:43:20Z,26.448825,-76.990683,0.35,219.0,1,8,1.1
2024-03-25T00:43:30Z,26.448843,-76.990680,0.22,352.2,1,8,1.1
2024-03-25T00:43:35Z,26.448855,-76.990682,0.41,344.2,1,8,1.1
2024-03-25T00:43:40Z,26.448833,-76.990677,0.65,207.2,1,8,1.1
2024-03-25T00:43:45Z,26.448825,-76.990685,0.31,212.8,1,7,1.2
2024-03-25T00:43:50Z,26.448838,-76.990688,0.31,55.6,1,8,1.1
2024-03-25T00:44:00Z,26.448835,-76.990695,0.60,300.3,1,8,1.1
2024-03-25T00:44:05Z,26.448850,-76.990698,0.37,311.6,1,8,1.1
2024-03-25T00:44:10Z,26.448850,-76.990707,0.36,328.5,1,8,1.1
2024-03-25T00:44:15Z,26.448828,-76.990710,0.30,236.9,1,8,1.1
2024-03-25T00:44:20Z,26.448838,-76.990705,0.17,118.2,1,8,1.1
2024-03-25T00:44:30Z,26.448830,-76.990692,0.23,130.2,1,8,1.1
2024-03-25T00:44:35Z,26.448835,-76.990690,0.38,101.8,1,8,1.1
2024-03-25T00:44:40Z,26.448837,-76.990690,0.72,181.7,1,8,1.1
2024-03-25T00:44:45Z,26.448827,-76.990693,0.22,123.1,1,8,1.1
2024-03-25T00:44:50Z,26.448842,-76.990680,1.21,32.1,1,8,1.1
2024-03-25T00:44:55Z,26.448832,-76.990673,0.34,70.8,1,8,1.1
2024-03-25T00:45:00Z,26.448858,-76.990690,0.51,324.4,1,8,1.1
2024-03-25T00:45:05Z,26.448858,-76.990687,0.18,302.1,1,8,1.1
2024-03-25T00:45:10Z,26.448858,-76.990692,0.31,199.7,1,8,1.1
2024-03-25T00:45:15Z,26.448840,-76.990690,0.69,354.5,1,7,1.2
2024-03-25T00:45:20Z,26.448828,-76.990695,0.21,228.9,1,7,1.2
2024-03-25T00:45:25Z,26.448853,-76.990700,1.02,358.7,1,8,1.1
2024-03-25T00:45:35Z,26.448840,-76.990718,1.25,222.6,1,8,1.1
2024-03-25T00:45:40Z,26.448840,-76.990718,0.21,102.7,1,8,1.1
2024-03-25T00:45:45Z,26.448835,-76.990710,0.30,38.3,1,8,1.1
2024-03-25T00:45:50Z,26.448832,-76.990717,0.26,110.0,1,8,1.1
2024-03-25T00:45:55Z,26.448820,-76.990710,1.49,197.3,1,8,1.1
2024-03-25T00:46:00Z,26.448815,-76.990715,0.95,30.7,1,8,1.1
2024-03-25T00:46:10Z,26.448825,-76.990705,0.13,97.5,1,8,1.1
2024-03-25T00:46:15Z,26.448813,-76.990695,0.32,172.1,1,8,1.1
2024-03-25T00:46:20Z,26.448815,-76.990700,0.15,142.1,1,8,1.1
2024-03-25T00:46:25Z,26.448818,-76.990700,1.12,192.3,1,8,1.1
2024-03-25T00:46:30Z,26.448795,-76.990702,1.05,205.8,1,8,1.1
2024-03-25T00:46:35Z,26.448793,-76.990688,0.26,109.8,1,8,1.1
2024-03-25T00:46:45Z,26.448798,-76.990683,0.19,135.9,1,8,1.1
2024-03-25T00:46:50Z,26.448810,-76.990682,0.26,237.2,1,9,0.9
2024-03-25T00:46:55Z,26.448807,-76.990693,0.38,236.9,1,9,0.9
2024-03-25T00:47:00Z,26.448817,-76.990700,0.13,175.0,1,9,0.9
2024-03-25T00:47:05Z,26.448822,-76.990700,1.05,221.2,1,9,0.9
2024-03-25T00:47:10Z,26.448822,-76.990707,0.31,352.9,1,9,0.9
2024-03-25T00:47:20Z,26.448815,-76.990720,0.97,337.0,1,9,0.9
2024-03-25T00:47:25Z,26.448833,-76.990722,0.03,342.3,1,9,0.9
2024-03-25T00:47:30Z,26.448838,-76.990720,0.26,179.0,1,9,0.9
2024-03-25T00:47:35Z,26.448840,-76.990718,0.36,207.1,1,9,0.9
2024-03-25T00:47:40Z,26.448837,-76.990718,0.10,26.4,1,9,0.9
2024-03-25T00:47:45Z,26.448832,-76.990712,0.19,44.8,1,9,0.9
2024-03-25T00:47:55Z,26.448805,-76.990723,1.49,192.4,1,9,0.9
2024-03-25T00:48:00Z,26.448805,-76.990715,0.41,140.7,1,9,0.9
2024-03-25T00:48:05Z,26.448787,-76.990720,0.69,184.7,1,9,0.9
2024-03-25T00:48:10Z,26.448783,-76.990718,0.44,160.9,1,9,0.9
2024-03-25T00:48:15Z,26.448797,-76.990710,0.72,188.8,1,9,0.9
2024-03-25T00:48:20Z,26.448788,-76.990710,0.47,186.7,1,9,0.9
2024-03-25T00:48:30Z,26.448805,-76.990700,0.45,225.9,1,9,0.9
2024-03-25T00:48:35Z,26.448818,-76.990697,0.55,148.1,1,9,0.9
2024-03-25T00:48:40Z,26.448818,-76.990698,0.33,56.5,1,9,0.9
2024-03-25T00:48:45Z,26.448805,-76.990710,1.17,188.5,1,9,0.9
2024-03-25T00:48:50Z,26.448793,-76.990720,1.11,224.1,1,8,1.0
2024-03-25T00:48:55Z,26.448788,-76.990732,1.48,206.9,1,8,1.0
2024-03-25T00:49:05Z,26.448780,-76.990737,0.17,122.1,1,9,0.9
2024-03-25T00:49:10Z,26.448787,-76.990738,0.46,330.9,1,9,0.9
2024-03-25T00:49:15Z,26.448785,-76.990742,0.66,173.9,1,9,0.9
2024-03-25T00:49:20Z,26.448777,-76.990743,0.48,196.6,1,9,0.9
2024-03-25T00:49:25Z,26.448795,-76.990742,0.40,35.2,1,9,0.9
2024-03-25T00:49:30Z,26.448803,-76.990737,0.45,176.9,1,9,0.9
2024-03-25T00:49:40Z,26.448803,-76.990730,0.38,191.1,1,9,0.9
2024-03-25T00:49:45Z,26.448825,-76.990732,0.30,34.1,1,9,0.9
2024-03-25T00:49:50Z,26.448825,-76.990728,0.35,119.6,1,10,0.8
2024-03-25T00:49:55Z,26.448815,-76.990735,0.81,191.2,1,10,0.8
2024-03-25T00:50:00Z,26.448818,-76.990730,0.08,288.9,1,10,0.8
2024-03-25T00:50:05Z,26.448827,-76.990728,0.49,236.8,1,10,0.8
2024-03-25T00:50:10Z,26.448837,-76.990728,0.50,335.6,1,10,0.8
2024-03-25T00:50:15Z,26.448857,-76.990728,0.71,334.3,1,10,0.8
2024-03-25T00:50:20Z,26.448868,-76.990742,0.43,333.0,1,9,0.9
2024-03-25T00:50:25Z,26.448872,-76.990748,0.22,298.8,1,10,0.8
2024-03-25T00:50:30Z,26.448857,-76.990748,0.34,323.9,1,10,0.8
2024-03-25T00:50:35Z,26.448843,-76.990757,1.32,202.8,1,10,0.8
2024-03-25T00:50:40Z,26.448830,-76.990762,0.00,120.4,1,10,0.8
2024-03-25T00:50:45Z,26.448828,-76.990762,0.56,7.6,1,10,0.8
2024-03-25T00:50:50Z,26.448830,-76.990765,0.58,210.8,1,9,0.9
2024-03-25T00:50:55Z,26.448833,-76.990767,0.30,249.6,1,10,0.8
2024-03-25T00:51:00Z,26.448832,-76.990770,0.89,218.3,1,10,0.8
2024-03-25T00:51:05Z,26.448815,-76.990775,0.67,10.0,1,10,0.8
2024-03-25T00:51:10Z,26.448835,-76.990768,0.51,219.4,1,10,0.8
2024-03-25T00:51:15Z,26.448832,-76.990768,0.20,253.4,1,10,0.8
2024-03-25T00:51:20Z,26.448833,-76.990772,0.05,104.0,1,10,0.8
2024-03-25T00:51:25Z,26.448837,-76.990772,0.52,354.5,1,10,0.8
2024-03-25T00:51:30Z,26.448832,-76.990777,0.49,202.8,1,10,0.8
2024-03-25T00:51:35Z,26.448830,-76.990780,0.25,37.8,1,10,0.8
2024-03-25T00:51:40Z,26.448843,-76.990780,0.58,349.6,1,10,0.8
2024-03-25T00:51:45Z,26.448840,-76.990782,0.40,194.8,1,10,0.8
2024-03-25T00:51:50Z,26.448853,-76.990777,0.16,224.2,1,10,0.8
2024-03-25T00:51:55Z,26.448855,-76.990772,0.25,6.3,1,10,0.8
2024-03-25T00:52:00Z,26.448855,-76.990775,0.05,296.6,1,10,0.8
2024-03-25T00:52:05Z,26.448867,-76.990772,0.64,46.3,1,10,0.8
2024-03-25T00:52:10Z,26.448877,-76.990760,0.52,23.3,1,10,0.8
2024-03-25T00:52:15Z,26.448868,-76.990755,0.67,178.5,1,10,0.8
2024-03-25T00:52:20Z,26.448868,-76.990755,0.30,144.7,1,9,1.0
2024-03-25T00:52:25Z,26.448870,-76.990752,0.21,261.6,1,8,1.5
2024-03-25T00:52:35Z,26.448858,-76.990742,0.50,190.9,1,9,0.9
2024-03-25T00:52:40Z,26.448847,-76.990743,0.30,54.8,1,9,0.9
2024-03-25T00:52:45Z,26.448852,-76.990740,0.31,101.0,1,9,1.0
2024-03-25T00:52:50Z,26.448832,-76.990732,0.90,86.9,1,9,0.9
2024-03-25T00:52:55Z,26.448842,-76.990723,0.18,11.1,1,9,0.9
2024-03-25T00:53:00Z,26.448833,-76.990728,0.83,204.4,1,10,0.8
2024-03-25T00:53:10Z,26.448818,-76.990760,0.21,221.7,1,10,0.8
2024-03-25T00:53:15Z,26.448832,-76.990767,0.46,280.6,1,10,0.8
2024-03-25T00:53:20Z,26.448840,-76.990775,0.06,312.4,1,10,0.8
2024-03-25T00:53:25Z,26.448843,-76.990780,0.32,299.7,1,10,0.8
2024-03-25T00:53:30Z,26.448850,-76.990788,0.76,4.7,1,9,1.0
2024-03-25T00:53:35Z,26.448867,-76.990788,0.93,6.8,1,10,0.8
2024-03-25T00:53:40Z,26.448865,-76.990792,0.26,67.8,1,10,0.8
2024-03-25T00:53:45Z,26.448858,-76.990788,0.44,122.1,1,10,0.8
2024-03-25T00:53:50Z,26.448848,-76.990787,0.27,133.1,1,10,0.8
2024-03-25T00:53:55Z,26.448850,-76.990780,0.47,63.2,1,10,0.8
2024-03-25T00:54:00Z,26.448843,-76.990772,0.29,181.9,1,10,0.8
2024-03-25T00:54:05Z,26.448845,-76.990767,0.87,215.7,1,8,1.2
2024-03-25T00:54:10Z,26.448850,-76.990757,0.15,191.0,1,8,1.5
2024-03-25T00:54:20Z,26.448842,-76.990747,0.14,339.4,1,8,1.5
2024-03-25T00:54:25Z,26.448833,-76.990755,0.64,216.2,1,9,0.9
2024-03-25T00:54:30Z,26.448835,-76.990753,0.55,34.0,1,10,0.8
2024-03-25T00:54:35Z,26.448840,-76.990745,0.19,71.2,1,10,0.8
2024-03-25T00:54:40Z,26.448833,-76.990747,0.24,108.6,1,10,0.8
2024-03-25T00:54:45Z,26.448828,-76.990750,0.52,242.8,1,10,0.8
2024-03-25T00:54:50Z,26.448818,-76.990758,0.23,226.1,1,10,0.8
2024-03-25T00:54:55Z,26.448810,-76.990762,0.40,208.9,1,10,0.8
2024-03-25T00:55:00Z,26.448832,-76.990763,0.47,223.5,1,10,0.8
2024-03-25T00:55:05Z,26.448833,-76.990767,0.07,301.6,1,10,0.8
2024-03-25T00:55:10Z,26.448825,-76.990770,0.80,206.6,1,10,0.8
2024-03-25T00:55:15Z,26.448828,-76.990772,0.35,341.1,1,10,0.8
2024-03-25T00:55:20Z,26.448842,-76.990772,0.13,149.3,1,10,0.8
2024-03-25T00:55:25Z,26.448845,-76.990780,0.67,211.8,1,10,0.8
2024-03-25T00:55:30Z,26.448848,-76.990782,0.44,67.6,1,9,1.0
2024-03-25T00:55:35Z,26.448852,-76.990782,0.33,120.5,1,9,1.0
2024-03-25T00:55:40Z,26.448852,-76.990778,0.18,72.5,1,8,1.5
2024-03-25T00:55:45Z,26.448848,-76.990775,0.05,108.5,1,8,1.5
2024-03-25T00:55:50Z,26.448847,-76.990775,0.19,139.2,1,8,1.5
2024-03-25T00:55:55Z,26.448842,-76.990768,0.22,120.7,1,10,0.8
2024-03-25T00:56:05Z,26.448837,-76.990753,0.45,192.1,1,10,0.8
2024-03-25T00:56:10Z,26.448837,-76.990752,0.80,90.0,1,10,0.8
2024-03-25T00:56:15Z,26.448838,-76.990737,0.82,110.0,1,9,1.0
2024-03-25T00:56:20Z,26.448832,-76.990742,0.43,203.0,1,9,1.0
2024-03-25T00:56:25Z,26.448833,-76.990753,0.09,64.4,1,9,0.9
2024-03-25T00:56:30Z,26.448832,-76.990763,0.36,280.0,1,10,0.8
2024-03-25T00:56:40Z,26.448842,-76.990770,0.40,330.6,1,10,0.8
2024-03-25T00:56:45Z,26.448852,-76.990763,1.57,13.3,1,10,0.8
2024-03-25T00:56:50Z,26.448855,-76.990768,0.54,358.4,1,10,0.8
2024-03-25T00:56:55Z,26.448858,-76.990780,0.53,353.7,1,10,0.8
2024-03-25T00:57:00Z,26.448882,-76.990783,0.15,235.8,1,10,0.8
2024-03-25T00:57:05Z,26.448885,-76.990780,0.25,187.1,1,10,0.8
2024-03-25T00:57:10Z,26.448872,-76.990780,0.92,193.1,1,10,0.8
2024-03-25T00:57:15Z,26.448862,-76.990787,0.08,192.0,1,10,0.8
2024-03-25T00:57:20Z,26.448863,-76.990782,0.59,35.6,1,10,0.8
2024-03-25T00:57:25Z,26.448862,-76.990782,0.49,152.1,1,10,0.8
2024-03-25T00:57:30Z,26.448852,-76.990772,0.70,113.1,1,10,0.8
2024-03-25T00:57:35Z,26.448838,-76.990765,0.63,184.3,1,10,0.8
2024-03-25T00:57:40Z,26.448838,-76.990757,0.43,151.7,1,9,0.9
2024-03-25T00:57:45Z,26.448817,-76.990763,0.58,160.9,1,10,0.8
2024-03-25T00:57:50Z,26.448818,-76.990753,0.54,179.1,1,10,0.8
2024-03-25T00:57:55Z,26.448828,-76.990743,1.10,40.7,1,9,1.0
2024-03-25T00:58:00Z,26.448835,-76.990735,0.42,175.1,1,9,1.0
2024-03-25T00:58:05Z,26.448832,-76.990737,0.36,201.0,1,9,1.0
2024-03-25T00:58:10Z,26.448837,-76.990732,1.04,22.8,1,10,0.8
2024-03-25T00:58:15Z,26.448827,-76.990737,0.50,244.6,1,10,0.8
2024-03-25T00:58:25Z,26.448842,-76.990760,0.29,325.6,1,11,0.8
2024-03-25T00:58:30Z,26.448848,-76.990762,0.54,285.2,1,11,0.8
2024-03-25T00:58:35Z,26.448845,-76.990763,0.30,245.9,1,11,0.8
2024-03-25T00:58:40Z,26.448850,-76.990767,0.44,236.2,1,11,0.8
2024-03-25T00:58:45Z,26.448853,-76.990770,0.32,319.7,1,11,0.8
2024-03-25T00:58:50Z,26.448843,-76.990777,0.53,356.5,1,11,0.8
2024-03-25T00:58:55Z,26.448853,-76.990777,0.32,12.1,1,11,0.8
2024-03-25T00:59:00Z,26.448853,-76.990777,0.47,24.9,1,11,0.8
2024-03-25T00:59:05Z,26.448862,-76.990772,0.81,202.4,1,11,0.8
2024-03-25T00:59:10Z,26.448852,-76.990770,0.25,83.5,1,11,0.8
2024-03-25T00:59:15Z,26.448850,-76.990767,0.38,40.6,1,11,0.8
2024-03-25T00:59:20Z,26.448857,-76.990760,0.35,89.2,1,9,1.1
2024-03-25T00:59:25Z,26.448867,-76.990748,0.31,107.0,1,9,1.1
2024-03-25T00:59:35Z,26.448853,-76.990752,0.04,303.8,1,9,1.1
2024-03-25T00:59:40Z,26.448845,-76.990745,0.08,194.7,1,10,0.9
2024-03-25T00:59:45Z,26.448847,-76.990732,0.31,109.8,1,10,0.9
2024-03-25T00:59:50Z,26.448840,-76.990720,0.35,75.0,1,9,1.1
2024-03-25T00:59:55Z,26.448843,-76.990705,0.24,141.1,1,10,0.8
2024-03-25T01:00:00Z,26.448847,-76.990710,0.21,135.4,1,11,0.8
2024-03-25T01:00:05Z,26.448850,-76.990715,0.56,216.2,1,10,0.9
2024-03-25T01:00:10Z,26.448843,-76.990723,0.08,345.3,1,11,0.8
2024-03-25T01:00:15Z,26.448858,-76.990720,0.16,290.0,1,11,0.8
2024-03-25T01:00:20Z,26.448857,-76.990737,0.37,309.4,1,11,0.8
2024-03-25T01:00:25Z,26.448852,-76.990743,0.37,270.8,1,11,0.8
2024-03-25T01:00:30Z,26.448855,-76.990743,0.47,327.3,1,11,0.8
2024-03-25T01:00:35Z,26.448857,-76.990750,0.39,176.0,1,11,0.8
2024-03-25T01:00:40Z,26.448853,-76.990760,0.39,285.9,1,11,0.8
2024-03-25T01:00:45Z,26.448857,-76.990770,0.23,7.5,1,11,0.8
2024-03-25T01:00:50Z,26.448860,-76.990770,0.49,202.1,1,10,0.8
2024-03-25T01:00:55Z,26.448863,-76.990772,0.58,23.6,1,11,0.8
2024-03-25T01:01:00Z,26.448852,-76.990777,0.18,210.1,1,11,0.8
2024-03-25T01:01:05Z,26.448855,-76.990773,0.18,121.9,1,10,0.9
2024-03-25T01:01:10Z,26.448857,-76.990772,0.17,183.8,1,10,0.9
2024-03-25T01:01:15Z,26.448848,-76.990768,0.48,75.0,1,10,0.9
2024-03-25T01:01:20Z,26.448845,-76.990765,0.28,101.5,1,10,0.9
2024-03-25T01:01:25Z,26.448845,-76.990760,0.17,96.5,1,10,0.9
2024-03-25T01:01:30Z,26.448835,-76.990757,0.38,124.8,1,10,0.9
2024-03-25T01:01:35Z,26.448830,-76.990753,0.56,140.9,1,10,0.9
2024-03-25T01:01:40Z,26.448830,-76.990747,0.40,55.4,1,11,0.8
2024-03-25T01:01:45Z,26.448827,-76.990742,0.29,44.3,1,10,0.9
2024-03-25T01:01:55Z,26.448837,-76.990732,0.53,210.7,1,10,0.9
2024-03-25T01:02:00Z,26.448843,-76.990750,0.71,325.8,1,11,0.8
2024-03-25T01:02:05Z,26.448853,-76.990762,0.77,5.3,1,10,0.8
2024-03-25T01:02:10Z,26.448862,-76.990778,0.61,299.3,1,11,0.8
2024-03-25T01:02:15Z,26.448850,-76.990792,0.90,232.9,1,10,0.8
2024-03-25T01:02:20Z,26.448862,-76.990802,1.37,216.2,1,10,0.8
2024-03-25T01:02:30Z,26.448855,-76.990815,0.26,318.8,1,10,0.8
2024-03-25T01:02:35Z,26.448852,-76.990820,0.10,169.4,1,10,0.8
