utc,lat,lon,sog_kn,cog_deg,quality,sats,hdop
2024-03-27T12:20:52Z,26.543200,-76.969240,5.06,340.3,0,0,99.0
2024-03-27T12:20:58Z,26.543432,-76.969218,4.99,337.1,1,4,2.5
2024-03-27T12:21:03Z,26.543538,-76.969272,4.96,336.3,1,4,2.5
2024-03-27T12:21:08Z,26.543643,-76.969327,5.01,332.6,1,4,2.5
2024-03-27T12:21:13Z,26.543765,-76.969383,5.29,330.5,1,4,2.5
2024-03-27T12:21:18Z,26.543858,-76.969455,5.01,326.8,1,5,2.1
2024-03-27T12:21:23Z,26.543950,-76.969528,4.90,326.8,1,5,2.1
2024-03-27T12:21:28Z,26.544040,-76.969600,4.97,327.4,1,6,2.0
2024-03-27T12:21:38Z,26.544228,-76.969742,4.97,325.6,1,6,2.0
2024-03-27T12:21:43Z,26.544322,-76.969813,4.94,325.6,1,6,2.0
2024-03-27T12:21:48Z,26.544417,-76.969885,4.92,326.6,1,6,2.0
2024-03-27T12:21:53Z,26.544512,-76.969955,4.94,324.4,1,6,2.0
2024-03-27T12:21:58Z,26.544605,-76.970032,5.19,322.4,1,6,2.0
2024-03-27T12:22:08Z,26.544808,-76.970198,5.60,323.7,1,6,2.0
2024-03-27T12:22:13Z,26.544910,-76.970288,5.63,320.0,2,6,2.0
2024-03-27T12:22:18Z,26.545010,-76.970385,5.71,316.8,2,6,2.0
2024-03-27T12:22:23Z,26.545110,-76.970487,5.86,316.5,2,6,2.0
2024-03-27T12:22:28Z,26.545210,-76.970588,5.83,316.9,2,6,2.0
2024-03-27T12:22:38Z,26.545408,-76.970800,5.85,314.3,2,7,1.2
2024-03-27T12:22:43Z,26.545500,-76.970913,5.94,312.4,2,7,1.2
2024-03-27T12:22:48Z,26.545597,-76.971025,5.94,312.3,2,7,1.2
2024-03-27T12:22:53Z,26.545688,-76.971140,5.76,311.9,2,7,1.2
2024-03-27T12:22:58Z,26.545773,-76.971255,5.83,309.1,2,7,1.2
2024-03-27T12:23:08Z,26.545953,-76.971490,5.85,312.8,2,7,1.2
2024-03-27T12:23:13Z,26.546048,-76.971600,5.96,314.1,2,7,1.2
2024-03-27T12:23:18Z,26.546145,-76.971712,5.87,312.8,2,7,1.2
2024-03-27T12:23:23Z,26.546237,-76.971820,5.77,311.3,2,7,1.2
2024-03-27T12:23:28Z,26.546328,-76.971930,5.74,312.1,2,8,1.1
2024-03-27T12:23:38Z,26.546512,-76.972152,5.85,312.7,2,8,1.1
2024-03-27T12:23:43Z,26.546605,-76.972263,5.74,313.6,2,8,1.1
2024-03-27T12:23:48Z,26.546698,-76.972373,5.72,313.9,2,8,1.1
2024-03-27T12:23:53Z,26.546790,-76.972490,5.90,309.2,2,8,1.1
2024-03-27T12:23:58Z,26.546875,-76.972608,5.86,308.6,2,8,1.1
2024-03-27T12:24:08Z,26.547050,-76.972847,5.82,310.2,2,8,1.1
2024-03-27T12:24:13Z,26.547137,-76.972965,5.92,309.0,2,8,1.1
2024-03-27T12:24:18Z,26.547220,-76.973085,5.87,307.6,2,8,1.1
2024-03-27T12:24:23Z,26.547303,-76.973205,5.96,307.9,2,8,1.1
2024-03-27T12:24:28Z,26.547383,-76.973328,5.89,305.6,2,8,1.1
2024-03-27T12:24:38Z,26.547548,-76.973572,5.98,306.4,2,8,1.1
2024-03-27T12:24:43Z,26.547630,-76.973695,5.88,307.5,2,8,1.1
2024-03-27T12:24:48Z,26.547717,-76.973812,5.95,310.4,2,8,1.1
2024-03-27T12:24:53Z,26.547803,-76.973930,5.66,308.9,2,8,1.1
2024-03-27T12:24:58Z,26.547883,-76.974047,5.68,306.8,2,8,1.1
2024-03-27T12:25:03Z,26.547967,-76.974167,5.81,308.1,2,8,1.1
2024-03-27T12:25:08Z,26.548053,-76.974285,5.75,312.7,2,8,1.1
2024-03-27T12:25:13Z,26.548148,-76.974395,5.87,312.6,2,8,1.1
2024-03-27T12:25:18Z,26.548243,-76.974510,6.17,310.8,2,8,1.1
2024-03-27T12:25:23Z,26.548335,-76.974627,5.98,311.0,2,8,1.1
2024-03-27T12:25:28Z,26.548427,-76.974738,5.86,314.9,2,8,1.1
2024-03-27T12:25:33Z,26.548530,-76.974845,5.87,317.5,2,8,1.1
2024-03-27T12:25:38Z,26.548625,-76.974953,5.94,309.1,2,8,1.1
2024-03-27T12:25:43Z,26.548715,-76.975068,5.79,313.9,2,8,1.1
2024-03-27T12:25:48Z,26.548812,-76.975175,6.01,316.5,2,8,1.1
2024-03-27T12:25:53Z,26.548910,-76.975287,5.94,314.8,2,8,1.1
2024-03-27T12:25:58Z,26.549008,-76.975393,5.66,312.9,2,8,1.1
2024-03-27T12:26:08Z,26.549202,-76.975612,6.08,316.2,2,8,1.1
2024-03-27T12:26:13Z,26.549300,-76.975717,5.88,315.3,2,8,1.1
2024-03-27T12:26:18Z,26.549397,-76.975825,5.98,313.9,2,8,1.1
2024-03-27T12:26:23Z,26.549495,-76.975932,5.88,314.8,2,8,1.1
2024-03-27T12:26:28Z,26.549588,-76.976042,5.93,312.6,2,8,1.1
2024-03-27T12:26:33Z,26.549682,-76.976152,5.98,312.8,2,8,1.1
2024-03-27T12:26:38Z,26.549773,-76.976267,6.11,310.6,2,8,1.1
2024-03-27T12:26:43Z,26.549862,-76.976388,6.09,310.9,2,8,1.1
2024-03-27T12:26:48Z,26.549952,-76.976505,5.95,310.5,2,8,1.1
2024-03-27T12:26:53Z,26.550043,-76.976620,5.97,311.2,2,8,1.1
2024-03-27T12:26:58Z,26.550137,-76.976738,6.17,312.6,2,8,1.1
2024-03-27T12:27:03Z,26.550232,-76.976852,5.86,313.0,2,8,1.1
2024-03-27T12:27:08Z,26.550322,-76.976972,5.97,310.4,2,8,1.1
2024-03-27T12:27:13Z,26.550413,-76.977088,5.98,312.2,2,8,1.1
2024-03-27T12:27:18Z,26.550507,-76.977203,6.06,310.4,2,8,1.1
2024-03-27T12:27:23Z,26.550600,-76.977323,6.12,311.8,2,8,1.1
2024-03-27T12:27:28Z,26.550692,-76.977438,6.01,311.2,2,8,1.1
2024-03-27T12:27:33Z,26.550780,-76.977557,5.93,309.1,2,8,1.1
2024-03-27T12:27:38Z,26.550868,-76.977675,5.79,307.9,2,8,1.1
2024-03-27T12:27:43Z,26.550950,-76.977795,5.86,306.9,2,8,1.1
2024-03-27T12:27:48Z,26.551030,-76.977918,6.00,307.7,2,8,1.1
2024-03-27T12:27:53Z,26.551115,-76.978042,5.99,307.8,2,8,1.1
2024-03-27T12:27:58Z,26.551197,-76.978167,5.95,305.2,2,8,1.1
2024-03-27T12:28:03Z,26.551278,-76.978295,6.17,304.3,2,8,1.1
2024-03-27T12:28:08Z,26.551360,-76.978427,6.19,305.2,2,8,1.1
2024-03-27T12:28:13Z,26.551442,-76.978557,6.15,304.9,2,8,1.1
2024-03-27T12:28:18Z,26.551520,-76.978688,6.03,303.1,2,8,1.1
2024-03-27T12:28:23Z,26.551598,-76.978818,6.13,305.0,2,8,1.1
2024-03-27T12:28:28Z,26.551682,-76.978953,6.31,305.4,2,8,1.1
2024-03-27T12:28:38Z,26.551847,-76.979215,6.25,306.2,2,8,1.1
2024-03-27T12:28:43Z,26.551930,-76.979345,6.03,306.6,2,8,1.1
2024-03-27T12:28:48Z,26.552013,-76.979472,6.16,306.5,2,8,1.1
2024-03-27T12:28:53Z,26.552098,-76.979603,6.26,305.4,2,8,1.1
2024-03-27T12:28:58Z,26.552183,-76.979732,6.17,306.3,2,8,1.1
2024-03-27T12:29:03Z,26.552268,-76.979862,6.21,305.7,2,8,1.1
2024-03-27T12:29:08Z,26.552352,-76.979993,6.26,305.8,2,8,1.1
2024-03-27T12:29:13Z,26.552435,-76.980123,6.09,304.1,2,8,1.1
2024-03-27T12:29:18Z,26.552512,-76.980257,6.08,302.6,2,8,1.1
2024-03-27T12:29:23Z,26.552593,-76.980388,6.08,304.4,2,8,1.1
2024-03-27T12:29:28Z,26.552672,-76.980525,6.24,302.1,2,8,1.1
2024-03-27T12:29:38Z,26.552830,-76.980787,6.03,303.5,2,8,1.1
2024-03-27T12:29:43Z,26.552910,-76.980920,6.26,306.4,2,8,1.1
2024-03-27T12:29:48Z,26.552995,-76.981050,6.15,305.6,2,8,1.1
2024-03-27T12:29:53Z,26.553077,-76.981182,6.09,304.6,2,8,1.1
2024-03-27T12:29:58Z,26.553163,-76.981308,6.18,308.0,2,8,1.1
2024-03-27T12:30:03Z,26.553255,-76.981433,6.16,309.3,2,8,1.1
2024-03-27T12:30:08Z,26.553345,-76.981555,5.99,309.3,2,8,1.1
2024-03-27T12:30:13Z,26.553435,-76.981673,6.12,310.1,2,8,1.1
2024-03-27T12:30:18Z,26.553528,-76.981792,5.98,312.9,2,8,1.1
2024-03-27T12:30:23Z,26.553622,-76.981907,6.08,311.4,2,8,1.1
2024-03-27T12:30:28Z,26.553712,-76.982027,6.10,308.9,2,8,1.1
2024-03-27T12:30:33Z,26.553808,-76.982145,6.21,313.7,2,8,1.1
2024-03-27T12:30:38Z,26.553902,-76.982260,6.19,312.9,2,8,1.1
2024-03-27T12:30:43Z,26.553997,-76.982377,5.88,311.9,2,8,1.1
2024-03-27T12:30:48Z,26.554088,-76.982490,6.18,311.6,2,8,1.1
2024-03-27T12:30:53Z,26.554182,-76.982610,5.99,311.7,2,8,1.1
2024-03-27T12:30:58Z,26.554272,-76.982727,6.02,309.4,2,8,1.1
2024-03-27T12:31:03Z,26.554362,-76.982848,6.07,308.9,2,8,1.1
2024-03-27T12:31:08Z,26.554447,-76.982972,6.08,309.4,2,8,1.1
2024-03-27T12:31:13Z,26.554533,-76.983095,5.96,304.6,2,8,1.1
2024-03-27T12:31:18Z,26.554615,-76.983220,5.87,307.0,2,8,1.1
2024-03-27T12:31:23Z,26.554703,-76.983342,6.12,307.4,2,8,1.1
2024-03-27T12:31:28Z,26.554790,-76.983467,6.26,308.8,2,8,1.1
2024-03-27T12:31:38Z,26.554967,-76.983717,6.28,306.1,2,8,1.1
2024-03-27T12:31:43Z,26.555050,-76.983848,6.20,306.1,2,8,1.1
2024-03-27T12:31:48Z,26.555137,-76.983975,6.29,308.3,2,8,1.1
2024-03-27T12:31:53Z,26.555225,-76.984103,6.31,307.8,2,8,1.1
2024-03-27T12:31:58Z,26.555315,-76.984230,6.19,308.2,2,8,1.1
2024-03-27T12:32:03Z,26.555400,-76.984357,6.11,307.3,2,8,1.1
2024-03-27T12:32:13Z,26.555577,-76.984612,6.12,307.6,2,8,1.1
2024-03-27T12:32:18Z,26.555658,-76.984740,6.03,304.4,2,8,1.1
2024-03-27T12:32:23Z,26.555742,-76.984863,6.01,306.4,2,8,1.1
2024-03-27T12:32:28Z,26.555823,-76.984990,6.15,306.7,2,8,1.1
2024-03-27T12:32:33Z,26.555905,-76.985122,6.30,305.9,2,8,1.1
2024-03-27T12:32:43Z,26.556078,-76.985377,6.04,305.8,2,8,1.1
2024-03-27T12:32:48Z,26.556163,-76.985502,6.12,308.2,2,8,1.1
2024-03-27T12:32:53Z,26.556250,-76.985625,6.06,308.0,2,8,1.1
2024-03-27T12:32:58Z,26.556337,-76.985748,6.20,306.8,2,8,1.1
2024-03-27T12:33:03Z,26.556423,-76.985870,5.96,310.1,2,8,1.1
2024-03-27T12:33:13Z,26.556607,-76.986108,5.95,310.5,2,8,1.1
2024-03-27T12:33:18Z,26.556700,-76.986228,6.07,309.6,2,8,1.1
2024-03-27T12:33:23Z,26.556790,-76.986350,5.98,308.6,2,8,1.1
2024-03-27T12:33:28Z,26.556878,-76.986475,6.13,309.1,2,8,1.1
2024-03-27T12:33:33Z,26.556968,-76.986597,6.09,310.1,2,8,1.1
2024-03-27T12:33:38Z,26.557060,-76.986715,6.11,310.0,2,8,1.1
2024-03-27T12:33:43Z,26.557155,-76.986837,6.19,312.1,2,8,1.1
2024-03-27T12:33:48Z,26.557252,-76.986955,6.08,312.1,2,8,1.1
2024-03-27T12:33:53Z,26.557340,-76.987072,5.84,308.9,2,8,1.1
2024-03-27T12:33:58Z,26.557423,-76.987197,6.12,307.9,2,8,1.1
2024-03-27T12:34:03Z,26.557512,-76.987317,5.90,309.1,2,8,1.1
2024-03-27T12:34:08Z,26.557593,-76.987442,6.12,305.4,2,8,1.1
2024-03-27T12:34:13Z,26.557680,-76.987563,5.85,308.9,2,8,1.1
2024-03-27T12:34:18Z,26.557767,-76.987687,5.96,307.1,2,8,1.1
2024-03-27T12:34:23Z,26.557857,-76.987807,6.03,311.1,2,8,1.1
2024-03-27T12:34:28Z,26.557947,-76.987922,5.86,310.7,2,8,1.1
2024-03-27T12:34:33Z,26.558035,-76.988038,5.95,311.7,2,8,1.1
2024-03-27T12:34:43Z,26.558210,-76.988280,5.91,310.4,2,8,1.1
2024-03-27T12:34:48Z,26.558302,-76.988397,6.07,313.6,2,8,1.1
2024-03-27T12:34:53Z,26.558390,-76.988513,5.69,309.3,2,8,1.1
2024-03-27T12:34:58Z,26.558478,-76.988630,6.05,310.9,2,8,1.1
2024-03-27T12:35:03Z,26.558570,-76.988750,6.06,310.5,2,8,1.1
2024-03-27T12:35:08Z,26.558655,-76.988877,6.07,305.7,2,8,1.1
2024-03-27T12:35:13Z,26.558742,-76.989003,6.15,310.6,2,8,1.1
2024-03-27T12:35:18Z,26.558833,-76.989128,6.18,308.8,2,8,1.1
2024-03-27T12:35:23Z,26.558920,-76.989255,6.25,306.9,2,8,1.1
2024-03-27T12:35:28Z,26.559013,-76.989383,6.27,310.9,2,8,1.1
2024-03-27T12:35:33Z,26.559105,-76.989507,6.26,311.4,2,8,1.1
2024-03-27T12:35:38Z,26.559197,-76.989633,6.14,308.4,2,8,1.1
2024-03-27T12:35:43Z,26.559285,-76.989758,6.11,308.5,2,8,1.1
2024-03-27T12:35:48Z,26.559365,-76.989882,5.93,309.6,2,8,1.1
2024-03-27T12:35:53Z,26.559452,-76.990002,6.07,310.1,2,8,1.1
2024-03-27T12:35:58Z,26.559540,-76.990125,5.96,306.7,2,8,1.1
2024-03-27T12:36:03Z,26.559623,-76.990253,6.23,310.1,2,8,1.1
2024-03-27T12:36:13Z,26.559805,-76.990497,6.31,311.8,2,8,1.1
2024-03-27T12:36:18Z,26.559900,-76.990618,5.96,312.8,2,8,1.1
2024-03-27T12:36:23Z,26.559992,-76.990738,6.26,311.0,2,8,1.1
2024-03-27T12:36:28Z,26.560085,-76.990855,6.03,311.3,2,8,1.1
2024-03-27T12:36:33Z,26.560173,-76.990975,5.86,309.3,2,8,1.1
2024-03-27T12:36:38Z,26.560258,-76.991098,6.18,309.5,2,8,1.1
2024-03-27T12:36:43Z,26.560347,-76.991218,6.00,310.6,2,8,1.1
2024-03-27T12:36:48Z,26.560438,-76.991337,6.08,311.8,2,8,1.1
2024-03-27T12:36:53Z,26.560530,-76.991462,6.06,306.9,2,8,1.1
2024-03-27T12:36:58Z,26.560617,-76.991590,6.09,308.6,2,8,1.1
2024-03-27T12:37:03Z,26.560710,-76.991713,6.31,311.0,2,8,1.1
2024-03-27T12:37:08Z,26.560800,-76.991837,6.05,308.5,2,8,1.1
2024-03-27T12:37:13Z,26.560888,-76.991963,6.24,307.8,2,8,1.1
2024-03-27T12:37:18Z,26.560978,-76.992092,6.12,309.8,2,8,1.1
2024-03-27T12:37:23Z,26.561063,-76.992217,5.91,306.5,2,8,1.1
2024-03-27T12:37:28Z,26.561150,-76.992338,6.26,308.6,2,8,1.1
2024-03-27T12:37:33Z,26.561228,-76.992465,5.93,306.8,2,8,1.1
2024-03-27T12:37:38Z,26.561308,-76.992593,6.15,306.8,2,8,1.1
2024-03-27T12:37:48Z,26.561478,-76.992840,5.98,310.9,2,8,1.1
2024-03-27T12:37:53Z,26.561570,-76.992958,6.01,310.9,2,8,1.1
2024-03-27T12:37:58Z,26.561658,-76.993077,5.96,309.5,2,8,1.1
2024-03-27T12:38:03Z,26.561745,-76.993200,6.12,307.3,2,8,1.1
2024-03-27T12:38:08Z,26.561833,-76.993325,6.06,310.7,2,8,1.1
2024-03-27T12:38:13Z,26.561922,-76.993448,6.00,308.2,2,8,1.1
2024-03-27T12:38:23Z,26.562090,-76.993697,5.95,309.8,2,8,1.1
2024-03-27T12:38:28Z,26.562180,-76.993817,6.09,311.6,2,8,1.1
2024-03-27T12:38:33Z,26.562275,-76.993933,5.94,313.0,2,8,1.1
2024-03-27T12:38:38Z,26.562362,-76.994055,6.03,305.2,2,8,1.1
2024-03-27T12:38:43Z,26.562450,-76.994180,5.70,304.1,2,8,1.1
2024-03-27T12:38:48Z,26.562527,-76.994312,6.21,306.9,2,8,1.1
2024-03-27T12:38:53Z,26.562615,-76.994435,6.08,310.8,2,8,1.1
2024-03-27T12:39:03Z,26.562790,-76.994677,6.12,308.6,2,8,1.1
2024-03-27T12:39:08Z,26.562882,-76.994792,6.18,311.5,2,8,1.1
2024-03-27T12:39:13Z,26.562973,-76.994910,5.92,310.1,2,8,1.1
2024-03-27T12:39:18Z,26.563053,-76.995033,5.94,310.7,2,8,1.1
2024-03-27T12:39:23Z,26.563138,-76.995155,5.92,307.1,2,8,1.1
2024-03-27T12:39:28Z,26.563217,-76.995285,6.07,303.3,2,8,1.1
2024-03-27T12:39:38Z,26.563390,-76.995533,5.92,308.9,2,8,1.1
2024-03-27T12:39:43Z,26.563482,-76.995657,6.05,309.5,2,8,1.1
2024-03-27T12:39:48Z,26.563563,-76.995782,6.09,303.7,2,8,1.1
2024-03-27T12:39:53Z,26.563652,-76.995905,6.19,306.9,2,8,1.1
2024-03-27T12:39:58Z,26.563743,-76.996032,6.31,309.6,2,8,1.1
2024-03-27T12:40:03Z,26.563828,-76.996158,6.23,310.0,2,8,1.1
2024-03-27T12:40:13Z,26.564005,-76.996407,5.99,309.2,2,8,1.1
2024-03-27T12:40:18Z,26.564093,-76.996533,6.32,307.8,2,8,1.1
2024-03-27T12:40:23Z,26.564183,-76.996665,6.32,307.4,2,8,1.1
2024-03-27T12:40:28Z,26.564270,-76.996792,6.23,305.1,2,8,1.1
2024-03-27T12:40:33Z,26.564357,-76.996918,6.16,308.9,2,8,1.1
2024-03-27T12:40:38Z,26.564447,-76.997045,6.21,307.3,2,8,1.1
2024-03-27T12:40:48Z,26.564632,-76.997285,6.16,309.0,2,8,1.1
2024-03-27T12:40:53Z,26.564720,-76.997405,5.89,306.9,2,8,1.1
2024-03-27T12:40:58Z,26.564802,-76.997528,5.75,307.8,2,8,1.1
2024-03-27T12:41:03Z,26.564883,-76.997657,6.28,305.3,2,8,1.1
2024-03-27T12:41:08Z,26.564970,-76.997783,6.12,305.9,2,8,1.1
2024-03-27T12:41:13Z,26.565053,-76.997910,6.00,305.9,2,8,1.1
2024-03-27T12:41:23Z,26.565220,-76.998167,6.09,304.8,2,8,1.1
2024-03-27T12:41:28Z,26.565303,-76.998290,5.90,307.1,2,8,1.1
2024-03-27T12:41:33Z,26.565392,-76.998413,6.04,307.9,2,8,1.1
2024-03-27T12:41:38Z,26.565482,-76.998537,6.02,309.0,2,8,1.1
2024-03-27T12:41:43Z,26.565567,-76.998663,6.32,306.4,2,8,1.1
2024-03-27T12:41:48Z,26.565657,-76.998787,6.04,308.1,2,8,1.1
2024-03-27T12:41:58Z,26.565825,-76.999042,6.08,305.9,2,9,0.9
2024-03-27T12:42:03Z,26.565915,-76.999167,6.12,312.9,2,9,0.9
2024-03-27T12:42:08Z,26.566007,-76.999287,6.05,309.2,2,9,0.9
2024-03-27T12:42:13Z,26.566095,-76.999412,6.26,307.8,2,9,0.9
2024-03-27T12:42:18Z,26.566183,-76.999543,6.10,306.9,2,9,0.9
2024-03-27T12:42:23Z,26.566270,-76.999672,6.20,308.1,2,9,0.9
2024-03-27T12:42:28Z,26.566355,-76.999800,6.17,309.8,2,9,0.9
2024-03-27T12:42:33Z,26.566448,-76.999922,5.90,309.8,2,9,0.9
2024-03-27T12:42:38Z,26.566533,-77.000043,6.15,307.2,2,9,0.9
2024-03-27T12:42:43Z,26.566625,-77.000167,6.10,312.4,2,9,0.9
2024-03-27T12:42:48Z,26.566718,-77.000287,5.87,307.4,2,9,0.9
2024-03-27T12:42:53Z,26.566803,-77.000412,6.04,305.9,2,9,0.9
2024-03-27T12:42:58Z,26.566890,-77.000540,6.07,309.2,2,9,0.9
2024-03-27T12:43:03Z,26.566973,-77.000665,6.01,305.3,2,9,0.9
2024-03-27T12:43:13Z,26.567153,-77.000925,6.28,307.7,2,9,0.9
2024-03-27T12:43:18Z,26.567245,-77.001050,6.24,311.2,2,9,0.9
2024-03-27T12:43:23Z,26.567335,-77.001175,6.26,309.7,2,9,0.9
2024-03-27T12:43:28Z,26.567427,-77.001298,6.07,309.6,2,9,0.9
2024-03-27T12:43:33Z,26.567518,-77.001423,6.24,307.8,2,9,0.9
2024-03-27T12:43:38Z,26.567607,-77.001552,6.18,309.2,2,9,0.9
2024-03-27T12:43:43Z,26.567698,-77.001673,6.37,312.4,2,9,0.9
2024-03-27T12:43:48Z,26.567792,-77.001798,6.14,309.9,2,9,0.9
2024-03-27T12:43:53Z,26.567885,-77.001932,6.61,309.3,2,9,0.9
2024-03-27T12:43:58Z,26.567983,-77.002058,6.36,309.6,2,9,0.9
2024-03-27T12:44:03Z,26.568077,-77.002183,6.25,309.3,2,9,0.9
2024-03-27T12:44:08Z,26.568173,-77.002312,6.34,309.7,2,9,0.9
2024-03-27T12:44:13Z,26.568265,-77.002440,6.28,308.5,2,9,0.9
2024-03-27T12:44:18Z,26.568352,-77.002572,6.21,309.4,2,9,0.9
2024-03-27T12:44:28Z,26.568530,-77.002843,6.36,307.1,2,9,0.9
2024-03-27T12:44:33Z,26.568615,-77.002973,6.25,307.6,2,9,0.9
2024-03-27T12:44:38Z,26.568705,-77.003098,6.24,307.6,2,9,0.9
2024-03-27T12:44:43Z,26.568797,-77.003227,6.58,307.8,2,9,0.9
2024-03-27T12:44:48Z,26.568893,-77.003352,6.45,310.6,2,9,0.9
2024-03-27T12:44:53Z,26.568983,-77.003477,6.25,311.1,2,9,0.9
2024-03-27T12:44:58Z,26.569077,-77.003597,6.05,311.7,2,9,0.9
2024-03-27T12:45:08Z,26.569260,-77.003855,6.53,311.1,2,9,0.9
2024-03-27T12:45:13Z,26.569350,-77.003980,6.18,308.7,2,9,0.9
2024-03-27T12:45:18Z,26.569442,-77.004100,6.18,311.7,2,9,0.9
2024-03-27T12:45:23Z,26.569538,-77.004225,6.16,310.2,2,9,0.9
2024-03-27T12:45:28Z,26.569628,-77.004350,6.25,310.1,2,9,0.9
2024-03-27T12:45:33Z,26.569720,-77.004477,6.17,309.2,2,9,0.9
2024-03-27T12:45:38Z,26.569813,-77.004600,6.26,310.4,2,9,0.9
2024-03-27T12:45:48Z,26.570005,-77.004847,6.21,312.0,2,9,0.9
2024-03-27T12:45:53Z,26.570098,-77.004968,6.22,310.0,2,9,0.9
2024-03-27T12:45:58Z,26.570193,-77.005092,6.24,310.2,2,9,0.9
2024-03-27T12:46:03Z,26.570283,-77.005220,6.43,308.2,2,9,0.9
2024-03-27T12:46:08Z,26.570377,-77.005348,6.45,309.5,2,9,0.9
2024-03-27T12:46:13Z,26.570470,-77.005480,6.30,308.4,2,9,0.9
2024-03-27T12:46:18Z,26.570563,-77.005610,6.10,310.2,2,9,0.9
2024-03-27T12:46:28Z,26.570757,-77.005857,6.30,310.8,2,9,0.9
2024-03-27T12:46:33Z,26.570852,-77.005987,6.58,309.6,2,9,0.9
2024-03-27T12:46:38Z,26.570945,-77.006113,6.27,311.2,2,9,0.9
2024-03-27T12:46:43Z,26.571040,-77.006240,6.39,308.7,2,9,0.9
2024-03-27T12:46:48Z,26.571135,-77.006368,6.43,309.6,2,9,0.9
2024-03-27T12:46:53Z,26.571228,-77.006502,6.46,306.8,2,9,0.9
2024-03-27T12:46:58Z,26.571320,-77.006635,6.37,307.4,2,9,0.9
2024-03-27T12:47:03Z,26.571410,-77.006763,6.26,309.8,2,9,0.9
2024-03-27T12:47:08Z,26.571503,-77.006885,6.05,311.0,2,9,0.9
2024-03-27T12:47:13Z,26.571597,-77.007010,6.17,312.1,2,9,0.9
2024-03-27T12:47:18Z,26.571695,-77.007135,6.42,311.7,2,9,0.9
2024-03-27T12:47:23Z,26.571793,-77.007260,6.45,311.9,2,9,0.9
2024-03-27T12:47:28Z,26.571888,-77.007385,6.44,309.4,2,9,0.9
2024-03-27T12:47:33Z,26.571982,-77.007515,6.37,309.0,2,9,0.9
2024-03-27T12:47:43Z,26.572172,-77.007773,6.42,312.1,2,9,0.9
2024-03-27T12:47:48Z,26.572268,-77.007898,6.24,311.2,2,9,0.9
2024-03-27T12:47:53Z,26.572363,-77.008022,6.23,310.3,2,9,0.9
2024-03-27T12:47:58Z,26.572463,-77.008147,6.29,312.6,2,9,0.9
2024-03-27T12:48:03Z,26.572565,-77.008265,6.15,315.9,2,9,0.9
2024-03-27T12:48:08Z,26.572668,-77.008388,6.39,311.9,2,9,0.9
2024-03-27T12:48:13Z,26.572772,-77.008512,6.42,313.9,2,9,0.9
2024-03-27T12:48:18Z,26.572873,-77.008628,6.10,314.1,2,9,0.9
2024-03-27T12:48:23Z,26.572977,-77.008750,6.22,311.5,2,9,0.9
2024-03-27T12:48:28Z,26.573077,-77.008872,6.39,313.3,2,9,0.9
2024-03-27T12:48:33Z,26.573178,-77.008993,6.29,312.3,2,9,0.9
2024-03-27T12:48:38Z,26.573278,-77.009112,6.14,314.6,2,9,0.9
2024-03-27T12:48:43Z,26.573382,-77.009235,6.13,315.6,2,9,0.9
2024-03-27T12:48:48Z,26.573497,-77.009357,6.39,318.6,2,9,0.9
2024-03-27T12:48:58Z,26.573707,-77.009578,6.05,313.3,2,9,0.9
2024-03-27T12:49:03Z,26.573803,-77.009697,6.21,311.9,2,9,0.9
2024-03-27T12:49:08Z,26.573902,-77.009818,6.54,312.9,2,9,0.9
2024-03-27T12:49:13Z,26.574000,-77.009938,6.28,313.4,2,9,0.9
2024-03-27T12:49:18Z,26.574102,-77.010055,6.25,312.7,2,9,0.9
2024-03-27T12:49:23Z,26.574200,-77.010182,6.64,310.2,2,9,0.9
2024-03-27T12:49:28Z,26.574293,-77.010303,6.12,312.1,2,9,0.9
2024-03-27T12:49:33Z,26.574392,-77.010423,6.17,314.2,2,9,0.9
2024-03-27T12:49:38Z,26.574488,-77.010548,6.46,311.8,2,9,0.9
2024-03-27T12:49:43Z,26.574585,-77.010672,6.31,312.2,2,9,0.9
2024-03-27T12:49:48Z,26.574685,-77.010798,6.37,312.2,2,9,0.9
2024-03-27T12:49:53Z,26.574782,-77.010925,6.38,311.7,2,9,0.9
2024-03-27T12:49:58Z,26.574883,-77.011050,6.49,313.1,2,9,0.9
2024-03-27T12:50:03Z,26.574987,-77.011178,6.49,311.7,2,9,0.9
2024-03-27T12:50:13Z,26.575182,-77.011432,6.14,311.6,2,9,0.9
2024-03-27T12:50:18Z,26.575285,-77.011558,6.79,314.3,2,9,0.9
2024-03-27T12:50:23Z,26.575402,-77.011678,6.42,320.6,2,9,0.9
2024-03-27T12:50:28Z,26.575522,-77.011785,6.33,319.6,2,9,0.9
2024-03-27T12:50:33Z,26.575642,-77.011887,6.37,322.9,2,8,1.0
2024-03-27T12:50:38Z,26.575763,-77.011988,6.36,323.2,2,9,0.9
2024-03-27T12:50:43Z,26.575882,-77.012088,6.19,324.5,2,9,0.9
2024-03-27T12:50:48Z,26.576000,-77.012192,6.58,321.4,2,9,0.9
2024-03-27T12:50:53Z,26.576118,-77.012298,6.54,321.5,2,9,0.9
2024-03-27T12:50:58Z,26.576237,-77.012405,6.50,319.4,2,9,0.9
2024-03-27T12:51:03Z,26.576352,-77.012513,6.55,318.4,2,9,0.9
2024-03-27T12:51:08Z,26.576468,-77.012620,6.46,321.1,2,9,0.9
2024-03-27T12:51:13Z,26.576587,-77.012722,6.51,322.5,2,9,0.9
2024-03-27T12:51:18Z,26.576708,-77.012825,6.44,322.4,2,9,0.9
2024-03-27T12:51:23Z,26.576828,-77.012922,6.43,323.1,2,9,0.9
2024-03-27T12:51:28Z,26.576950,-77.013023,6.37,323.6,2,9,0.9
2024-03-27T12:51:33Z,26.577072,-77.013123,6.46,324.1,2,9,0.9
2024-03-27T12:51:38Z,26.577193,-77.013223,6.35,323.5,2,9,0.9
2024-03-27T12:51:43Z,26.577313,-77.013328,6.68,322.9,2,8,1.0
2024-03-27T12:51:48Z,26.577435,-77.013432,6.49,324.0,2,9,0.9
2024-03-27T12:51:53Z,26.577558,-77.013530,6.47,323.9,2,9,0.9
2024-03-27T12:52:03Z,26.577798,-77.013735,6.55,323.9,2,9,0.9
2024-03-27T12:52:08Z,26.577918,-77.013838,6.52,321.5,2,9,0.9
2024-03-27T12:52:13Z,26.578038,-77.013940,6.27,324.7,2,9,0.9
2024-03-27T12:52:18Z,26.578160,-77.014040,6.50,321.4,2,8,1.0
2024-03-27T12:52:23Z,26.578278,-77.014143,6.49,323.3,2,7,1.4
2024-03-27T12:52:28Z,26.578402,-77.014242,6.61,323.4,2,9,0.9
2024-03-27T12:52:33Z,26.578525,-77.014340,6.22,324.7,2,9,0.9
2024-03-27T12:52:38Z,26.578645,-77.014437,6.22,325.1,2,9,0.9
2024-03-27T12:52:43Z,26.578767,-77.014533,6.47,323.4,2,8,1.0
2024-03-27T12:52:48Z,26.578885,-77.014633,6.44,322.1,2,8,1.0
2024-03-27T12:52:53Z,26.579003,-77.014737,6.26,322.6,2,9,0.9
2024-03-27T12:52:58Z,26.579120,-77.014843,6.19,321.1,2,9,0.9
2024-03-27T12:53:08Z,26.579363,-77.015047,6.53,325.3,2,9,0.9
2024-03-27T12:53:13Z,26.579487,-77.015140,6.19,325.1,2,9,0.9
2024-03-27T12:53:18Z,26.579607,-77.015232,6.38,325.4,2,9,0.9
2024-03-27T12:53:23Z,26.579728,-77.015330,6.31,324.8,2,9,0.9
2024-03-27T12:53:28Z,26.579848,-77.015427,6.42,324.8,2,9,0.9
2024-03-27T12:53:38Z,26.580092,-77.015623,6.27,324.8,2,8,1.0
2024-03-27T12:53:43Z,26.580212,-77.015723,6.41,323.2,2,8,1.0
2024-03-27T12:53:48Z,26.580335,-77.015820,6.51,325.6,2,9,0.9
2024-03-27T12:53:53Z,26.580460,-77.015917,6.47,326.2,2,9,0.9
2024-03-27T12:53:58Z,26.580583,-77.016013,6.24,324.8,2,9,0.9
2024-03-27T12:54:03Z,26.580703,-77.016108,6.32,324.2,2,9,0.9
2024-03-27T12:54:13Z,26.580943,-77.016305,6.52,326.1,2,9,0.9
2024-03-27T12:54:18Z,26.581070,-77.016397,6.42,328.2,2,9,0.9
2024-03-27T12:54:23Z,26.581193,-77.016488,6.35,327.6,2,9,0.9
2024-03-27T12:54:28Z,26.581318,-77.016577,6.34,329.1,2,9,0.9
2024-03-27T12:54:33Z,26.581443,-77.016662,6.22,328.1,2,9,0.9
2024-03-27T12:54:43Z,26.581683,-77.016850,6.41,323.9,2,8,1.0
2024-03-27T12:54:48Z,26.581803,-77.016947,6.32,324.5,2,9,0.9
2024-03-27T12:54:53Z,26.581923,-77.017043,6.30,325.0,2,9,0.9
2024-03-27T12:54:58Z,26.582043,-77.017135,6.33,325.5,2,9,0.9
2024-03-27T12:55:03Z,26.582165,-77.017222,6.28,326.3,2,9,0.9
2024-03-27T12:55:08Z,26.582285,-77.017318,6.51,323.4,2,9,0.9
2024-03-27T12:55:13Z,26.582408,-77.017410,6.28,326.2,2,9,0.9
2024-03-27T12:55:18Z,26.582528,-77.017505,6.21,323.2,2,8,1.0
2024-03-27T12:55:23Z,26.582650,-77.017598,6.25,325.4,2,9,0.9
2024-03-27T12:55:28Z,26.582768,-77.017690,6.26,324.1,2,9,0.9
2024-03-27T12:55:33Z,26.582887,-77.017788,6.47,326.0,2,9,0.9
2024-03-27T12:55:38Z,26.583007,-77.017882,6.18,323.3,2,9,0.9
2024-03-27T12:55:48Z,26.583242,-77.018075,6.24,322.9,2,9,0.9
2024-03-27T12:55:53Z,26.583362,-77.018170,6.45,324.9,2,9,0.9
2024-03-27T12:55:58Z,26.583487,-77.018265,6.54,324.2,2,9,0.9
2024-03-27T12:56:03Z,26.583608,-77.018360,6.38,326.9,2,9,0.9
2024-03-27T12:56:08Z,26.583728,-77.018448,6.30,326.6,2,9,0.9
2024-03-27T12:56:18Z,26.583972,-77.018640,6.12,325.9,2,9,0.9
2024-03-27T12:56:23Z,26.584093,-77.018735,6.40,325.0,2,9,0.9
2024-03-27T12:56:28Z,26.584215,-77.018825,6.28,326.5,2,9,0.9
2024-03-27T12:56:33Z,26.584333,-77.018922,6.18,322.7,2,9,0.9
2024-03-27T12:56:38Z,26.584448,-77.019018,6.25,324.8,2,9,0.9
2024-03-27T12:56:43Z,26.584565,-77.019113,6.33,324.0,2,9,0.9
2024-03-27T12:56:48Z,26.584683,-77.019208,5.98,326.2,2,9,0.9
2024-03-27T12:56:53Z,26.584800,-77.019297,6.17,326.5,2,9,0.9
2024-03-27T12:56:58Z,26.584918,-77.019385,6.32,326.5,2,9,0.9
2024-03-27T12:57:03Z,26.585038,-77.019477,6.03,326.6,2,9,0.9
2024-03-27T12:57:08Z,26.585157,-77.019567,6.07,326.0,2,9,0.9
2024-03-27T12:57:13Z,26.585275,-77.019658,6.28,326.3,2,9,0.9
2024-03-27T12:57:23Z,26.585518,-77.019842,6.32,324.6,2,8,1.0
2024-03-27T12:57:28Z,26.585637,-77.019938,6.42,323.1,2,9,0.9
2024-03-27T12:57:33Z,26.585755,-77.020033,6.23,324.1,2,9,0.9
2024-03-27T12:57:38Z,26.585873,-77.020128,6.04,324.4,2,9,0.9
2024-03-27T12:57:43Z,26.585993,-77.020220,6.24,325.9,2,9,0.9
2024-03-27T12:57:53Z,26.586227,-77.020403,6.35,324.2,2,9,0.9
2024-03-27T12:57:58Z,26.586338,-77.020495,6.14,324.6,2,9,0.9
2024-03-27T12:58:03Z,26.586453,-77.020587,6.14,323.8,2,9,0.9
2024-03-27T12:58:08Z,26.586577,-77.020678,6.04,325.9,2,9,0.9
2024-03-27T12:58:13Z,26.586693,-77.020770,5.99,323.3,2,9,0.9
2024-03-27T12:58:18Z,26.586805,-77.020862,6.19,325.6,2,9,0.9
2024-03-27T12:58:23Z,26.586917,-77.020957,6.14,319.1,2,8,1.0
2024-03-27T12:58:28Z,26.587032,-77.021053,5.91,323.6,2,9,0.9
2024-03-27T12:58:33Z,26.587148,-77.021150,6.30,325.4,2,9,0.9
2024-03-27T12:58:38Z,26.587270,-77.021243,6.26,325.5,2,9,0.9
2024-03-27T12:58:43Z,26.587387,-77.021338,6.32,325.3,2,9,0.9
2024-03-27T12:58:48Z,26.587508,-77.021425,6.11,323.6,2,9,0.9
2024-03-27T12:58:53Z,26.587625,-77.021515,6.10,327.1,2,9,0.9
2024-03-27T12:58:58Z,26.587737,-77.021605,6.11,325.1,2,9,0.9
2024-03-27T12:59:03Z,26.587852,-77.021695,5.67,325.0,2,9,0.9
2024-03-27T12:59:08Z,26.587968,-77.021788,6.34,323.4,2,9,0.9
2024-03-27T12:59:13Z,26.588087,-77.021887,6.20,325.6,2,9,0.9
2024-03-27T12:59:18Z,26.588203,-77.021980,5.89,324.9,2,9,0.9
2024-03-27T12:59:28Z,26.588442,-77.022170,6.43,325.8,2,9,0.9
2024-03-27T12:59:33Z,26.588563,-77.022263,6.36,326.5,2,9,0.9
2024-03-27T12:59:38Z,26.588685,-77.022357,6.05,326.0,2,9,0.9
2024-03-27T12:59:43Z,26.588803,-77.022453,6.19,322.9,2,9,0.9
2024-03-27T12:59:48Z,26.588917,-77.022552,6.17,323.0,2,9,0.9
2024-03-27T12:59:53Z,26.589030,-77.022657,6.46,323.5,2,9,0.9
2024-03-27T12:59:58Z,26.589145,-77.022753,6.31,323.5,2,9,0.9
2024-03-27T13:00:03Z,26.589267,-77.022850,6.29,325.7,2,9,0.9
2024-03-27T13:00:08Z,26.589383,-77.022943,6.07,323.9,2,9,0.9
2024-03-27T13:00:13Z,26.589497,-77.023045,6.35,321.2,2,9,0.9
2024-03-27T13:00:18Z,26.589617,-77.023145,6.24,323.8,2,9,0.9
2024-03-27T13:00:23Z,26.589732,-77.023238,5.86,321.8,2,9,0.9
2024-03-27T13:00:28Z,26.589848,-77.023330,6.28,326.4,2,9,0.9
2024-03-27T13:00:33Z,26.589972,-77.023422,6.16,324.3,2,9,0.9
2024-03-27T13:00:38Z,26.590087,-77.023517,6.17,325.2,2,9,0.9
2024-03-27T13:00:43Z,26.590205,-77.023612,6.35,328.2,2,9,0.9
2024-03-27T13:00:48Z,26.590327,-77.023702,6.15,324.8,2,9,0.9
2024-03-27T13:00:53Z,26.590440,-77.023793,6.21,323.2,2,9,0.9
2024-03-27T13:01:03Z,26.590673,-77.023982,5.95,324.7,2,9,0.9
2024-03-27T13:01:08Z,26.590788,-77.024070,6.01,323.3,2,9,0.9
2024-03-27T13:01:13Z,26.590905,-77.024167,6.07,324.0,2,9,0.9
2024-03-27T13:01:18Z,26.591020,-77.024263,6.21,324.3,2,9,0.9
2024-03-27T13:01:23Z,26.591135,-77.024358,6.51,322.5,2,9,0.9
2024-03-27T13:01:28Z,26.591248,-77.024452,5.97,327.4,2,9,0.9
2024-03-27T13:01:38Z,26.591478,-77.024643,5.99,322.1,2,9,0.9
2024-03-27T13:01:43Z,26.591592,-77.024737,6.17,325.3,2,9,0.9
2024-03-27T13:01:48Z,26.591710,-77.024832,5.75,324.5,2,9,0.9
2024-03-27T13:01:53Z,26.591823,-77.024923,6.34,322.8,2,9,0.9
2024-03-27T13:01:58Z,26.591933,-77.025018,6.08,325.1,2,9,0.9
2024-03-27T13:02:03Z,26.592047,-77.025112,5.79,324.9,2,9,0.9
2024-03-27T13:02:08Z,26.592160,-77.025205,6.25,324.9,2,9,0.9
2024-03-27T13:02:18Z,26.592388,-77.025395,6.08,324.3,2,9,0.9
2024-03-27T13:02:23Z,26.592507,-77.025490,6.40,324.0,2,9,0.9
2024-03-27T13:02:28Z,26.592617,-77.025583,5.99,325.6,2,9,0.9
2024-03-27T13:02:33Z,26.592737,-77.025675,6.23,323.8,2,9,0.9
2024-03-27T13:02:38Z,26.592848,-77.025768,5.94,325.0,2,9,0.9
2024-03-27T13:02:43Z,26.592960,-77.025855,6.05,326.0,2,9,0.9
2024-03-27T13:02:48Z,26.593062,-77.025950,5.86,322.6,2,9,0.9
2024-03-27T13:02:58Z,26.593293,-77.026143,6.16,325.7,2,9,0.9
2024-03-27T13:03:03Z,26.593410,-77.026232,6.17,326.7,2,9,0.9
2024-03-27T13:03:08Z,26.593522,-77.026322,6.19,326.0,2,9,0.9
2024-03-27T13:03:13Z,26.593638,-77.026412,6.17,328.2,2,9,0.9
2024-03-27T13:03:18Z,26.593757,-77.026502,5.99,325.5,2,9,0.9
2024-03-27T13:03:23Z,26.593868,-77.026600,5.71,325.7,2,9,0.9
2024-03-27T13:03:28Z,26.593985,-77.026698,6.13,325.1,2,9,0.9
2024-03-27T13:03:33Z,26.594103,-77.026790,6.08,324.1,2,9,0.9
2024-03-27T13:03:38Z,26.594218,-77.026880,6.01,326.6,2,9,0.9
2024-03-27T13:03:43Z,26.594333,-77.026972,6.11,324.8,2,8,0.9
2024-03-27T13:03:48Z,26.594448,-77.027068,6.04,325.5,2,9,0.9
2024-03-27T13:03:53Z,26.594557,-77.027160,6.14,323.0,2,9,0.9
2024-03-27T13:03:58Z,26.594667,-77.027252,6.25,327.1,2,9,0.9
2024-03-27T13:04:03Z,26.594782,-77.027348,6.39,326.0,2,9,0.9
2024-03-27T13:04:13Z,26.595020,-77.027537,5.86,320.2,2,9,0.9
2024-03-27T13:04:18Z,26.595138,-77.027638,6.00,322.8,2,9,0.9
2024-03-27T13:04:23Z,26.595255,-77.027730,5.97,326.5,2,9,0.9
2024-03-27T13:04:28Z,26.595367,-77.027823,5.83,327.2,2,9,0.9
2024-03-27T13:04:33Z,26.595488,-77.027910,6.30,325.9,2,9,0.9
2024-03-27T13:04:38Z,26.595598,-77.028002,5.81,320.8,2,9,0.9
2024-03-27T13:04:43Z,26.595720,-77.028097,6.30,323.1,2,9,0.9
2024-03-27T13:04:53Z,26.595950,-77.028293,6.47,324.9,2,9,0.9
2024-03-27T13:04:58Z,26.596053,-77.028383,5.77,324.1,2,9,0.9
2024-03-27T13:05:03Z,26.596163,-77.028473,6.06,327.0,2,9,0.9
2024-03-27T13:05:08Z,26.596273,-77.028560,5.48,319.3,2,9,0.9
2024-03-27T13:05:13Z,26.596388,-77.028655,6.19,327.5,2,9,0.9
2024-03-27T13:05:18Z,26.596500,-77.028747,5.81,323.3,2,9,0.9
2024-03-27T13:05:23Z,26.596615,-77.028848,6.15,322.9,2,9,0.9
2024-03-27T13:05:33Z,26.596838,-77.029037,5.88,322.1,2,9,0.9
2024-03-27T13:05:38Z,26.596950,-77.029118,6.01,325.5,2,9,0.9
2024-03-27T13:05:43Z,26.597057,-77.029200,5.82,324.9,2,9,0.9
2024-03-27T13:05:48Z,26.597168,-77.029288,6.15,326.6,2,9,0.9
2024-03-27T13:05:53Z,26.597280,-77.029373,5.84,324.5,2,9,0.9
2024-03-27T13:05:58Z,26.597392,-77.029460,6.31,326.2,2,9,0.9
2024-03-27T13:06:03Z,26.597513,-77.029550,6.39,328.4,2,9,0.9
2024-03-27T13:06:13Z,26.597747,-77.029732,6.26,326.0,2,9,0.9
2024-03-27T13:06:18Z,26.597867,-77.029817,6.86,326.0,2,9,0.9
2024-03-27T13:06:23Z,26.597983,-77.029908,6.48,325.9,2,9,0.9
2024-03-27T13:06:28Z,26.598107,-77.030003,5.92,324.1,2,9,0.9
2024-03-27T13:06:33Z,26.598218,-77.030102,5.93,320.7,2,9,0.9
2024-03-27T13:06:38Z,26.598332,-77.030197,6.34,326.9,2,9,0.9
2024-03-27T13:06:43Z,26.598443,-77.030287,5.71,324.1,2,9,0.9
2024-03-27T13:06:53Z,26.598668,-77.030467,5.97,325.1,2,9,0.9
2024-03-27T13:06:58Z,26.598778,-77.030555,5.83,324.1,2,9,0.9
2024-03-27T13:07:03Z,26.598895,-77.030645,6.11,327.6,2,9,0.9
2024-03-27T13:07:08Z,26.599005,-77.030735,5.80,322.3,2,9,0.9
2024-03-27T13:07:13Z,26.599113,-77.030823,6.01,327.6,2,9,0.9
2024-03-27T13:07:18Z,26.599230,-77.030905,5.92,327.7,2,9,0.9
2024-03-27T13:07:23Z,26.599340,-77.030993,6.20,323.3,2,9,0.9
2024-03-27T13:07:33Z,26.599575,-77.031183,6.15,320.8,2,9,0.9
2024-03-27T13:07:38Z,26.599695,-77.031277,6.28,329.1,2,9,0.9
2024-03-27T13:07:43Z,26.599812,-77.031368,5.97,324.2,2,9,0.9
2024-03-27T13:07:48Z,26.599925,-77.031460,5.87,322.9,2,9,0.9
2024-03-27T13:07:53Z,26.600038,-77.031552,6.03,324.7,2,9,0.9
2024-03-27T13:07:58Z,26.600158,-77.031640,6.10,325.6,2,9,0.9
2024-03-27T13:08:03Z,26.600273,-77.031728,6.36,326.2,2,9,0.9
2024-03-27T13:08:08Z,26.600387,-77.031823,5.88,322.2,2,9,0.9
2024-03-27T13:08:13Z,26.600493,-77.031920,5.79,321.9,2,9,0.9
2024-03-27T13:08:18Z,26.600612,-77.032015,6.01,320.9,2,9,0.9
2024-03-27T13:08:23Z,26.600727,-77.032115,6.10,324.5,2,9,0.9
2024-03-27T13:08:28Z,26.600842,-77.032207,5.91,322.4,2,8,1.0
2024-03-27T13:08:33Z,26.600952,-77.032297,6.25,326.9,2,8,1.0
2024-03-27T13:08:38Z,26.601062,-77.032383,5.38,320.1,2,9,0.9
2024-03-27T13:08:48Z,26.601295,-77.032568,6.25,322.0,2,8,1.0
2024-03-27T13:08:53Z,26.601402,-77.032667,6.33,327.8,2,8,1.0
2024-03-27T13:08:58Z,26.601520,-77.032762,6.34,328.1,2,7,1.7
2024-03-27T13:09:03Z,26.601628,-77.032855,6.09,323.9,1,7,1.7
2024-03-27T13:09:08Z,26.601743,-77.032947,6.10,328.2,1,7,1.7
2024-03-27T13:09:13Z,26.601857,-77.033035,5.94,325.7,1,7,1.7
2024-03-27T13:09:18Z,26.601970,-77.033125,6.00,323.2,1,7,1.7
2024-03-27T13:09:23Z,26.602083,-77.033212,5.52,321.7,1,7,1.7
2024-03-27T13:09:28Z,26.602198,-77.033305,6.01,325.0,1,8,1.0
2024-03-27T13:09:33Z,26.602298,-77.033397,6.08,323.7,1,8,1.0
2024-03-27T13:09:38Z,26.602418,-77.033487,5.96,325.6,1,8,1.0
2024-03-27T13:09:43Z,26.602532,-77.033578,6.04,326.3,1,8,1.0
2024-03-27T13:09:48Z,26.602640,-77.033675,6.11,322.4,1,8,1.0
2024-03-27T13:09:53Z,26.602745,-77.033772,5.54,318.4,1,8,1.0
2024-03-27T13:09:58Z,26.602852,-77.033865,6.31,330.8,1,8,1.0
2024-03-27T13:10:03Z,26.602970,-77.033947,5.60,323.0,1,9,0.9
2024-03-27T13:10:08Z,26.603080,-77.034037,5.84,324.2,1,9,0.9
2024-03-27T13:10:13Z,26.603195,-77.034127,6.03,327.0,1,9,0.9
2024-03-27T13:10:18Z,26.603308,-77.034217,5.94,324.4,2,8,1.0
2024-03-27T13:10:23Z,26.603423,-77.034308,5.71,324.2,2,8,1.0
2024-03-27T13:10:28Z,26.603532,-77.034407,6.01,322.2,2,8,1.0
2024-03-27T13:10:33Z,26.603647,-77.034498,6.29,327.0,2,9,0.9
2024-03-27T13:10:38Z,26.603768,-77.034588,6.29,325.6,2,9,0.9
2024-03-27T13:10:43Z,26.603878,-77.034687,6.52,324.6,2,9,0.9
2024-03-27T13:10:48Z,26.603997,-77.034782,5.98,321.5,2,9,0.9
2024-03-27T13:10:53Z,26.604112,-77.034873,5.99,326.0,2,8,1.0
2024-03-27T13:10:58Z,26.604213,-77.034967,6.09,320.5,2,8,1.0
2024-03-27T13:11:03Z,26.604335,-77.035055,6.29,328.0,2,8,1.0
2024-03-27T13:11:08Z,26.604440,-77.035150,5.64,317.5,2,9,0.9
2024-03-27T13:11:13Z,26.604555,-77.035243,6.39,329.7,2,9,0.9
2024-03-27T13:11:18Z,26.604665,-77.035333,5.66,316.7,1,8,1.1
2024-03-27T13:11:23Z,26.604768,-77.035430,6.06,324.2,1,9,0.9
2024-03-27T13:11:33Z,26.604987,-77.035602,5.83,320.4,1,9,0.9
2024-03-27T13:11:38Z,26.605095,-77.035692,6.12,326.4,1,9,0.9
2024-03-27T13:11:43Z,26.605218,-77.035775,5.94,327.0,1,9,0.9
2024-03-27T13:11:48Z,26.605318,-77.035872,5.92,324.6,2,9,0.9
2024-03-27T13:11:53Z,26.605432,-77.035960,5.89,325.3,2,8,1.3
2024-03-27T13:11:58Z,26.605540,-77.036050,5.93,320.6,2,8,1.3
2024-03-27T13:12:08Z,26.605755,-77.036228,5.87,320.0,1,8,1.3
2024-03-27T13:12:13Z,26.605862,-77.036328,5.99,322.1,1,8,1.3
2024-03-27T13:12:18Z,26.605977,-77.036423,6.36,324.5,1,8,1.3
2024-03-27T13:12:23Z,26.606088,-77.036512,6.11,326.8,1,8,1.3
2024-03-27T13:12:28Z,26.606203,-77.036607,6.12,327.8,1,8,1.2
2024-03-27T13:12:33Z,26.606313,-77.036700,5.45,314.6,1,8,1.2
2024-03-27T13:12:38Z,26.606408,-77.036807,6.19,318.9,1,8,1.2
2024-03-27T13:12:43Z,26.606528,-77.036897,6.10,324.9,1,8,1.2
2024-03-27T13:12:48Z,26.606638,-77.036988,5.84,322.4,1,8,1.2
2024-03-27T13:12:53Z,26.606738,-77.037088,5.99,321.2,2,8,1.2
2024-03-27T13:12:58Z,26.606847,-77.037180,6.28,324.9,2,8,1.2
2024-03-27T13:13:03Z,26.606958,-77.037270,5.71,323.5,2,8,1.2
2024-03-27T13:13:08Z,26.607062,-77.037367,5.67,316.1,2,8,1.2
2024-03-27T13:13:18Z,26.607268,-77.037560,5.76,317.9,1,8,1.2
2024-03-27T13:13:23Z,26.607378,-77.037660,5.69,311.8,1,8,1.2
2024-03-27T13:13:28Z,26.607487,-77.037760,5.95,319.9,1,8,1.2
2024-03-27T13:13:33Z,26.607597,-77.037858,5.98,319.6,1,8,1.2
2024-03-27T13:13:38Z,26.607702,-77.037952,5.71,325.2,1,8,1.2
2024-03-27T13:13:43Z,26.607807,-77.038045,6.13,323.7,1,8,1.2
2024-03-27T13:13:53Z,26.608027,-77.038228,5.88,315.7,1,9,0.9
2024-03-27T13:13:58Z,26.608140,-77.038322,5.83,328.7,1,9,0.9
2024-03-27T13:14:03Z,26.608253,-77.038412,5.59,318.4,1,9,0.9
2024-03-27T13:14:08Z,26.608353,-77.038517,5.94,322.2,2,9,0.9
2024-03-27T13:14:13Z,26.608462,-77.038615,5.88,322.3,2,8,1.0
2024-03-27T13:14:18Z,26.608577,-77.038705,5.85,325.0,2,8,1.0
2024-03-27T13:14:23Z,26.608688,-77.038800,6.21,321.6,2,9,0.9
2024-03-27T13:14:28Z,26.608797,-77.038897,5.94,321.2,2,9,0.9
2024-03-27T13:14:33Z,26.608905,-77.038993,6.10,322.8,2,9,0.9
2024-03-27T13:14:38Z,26.609012,-77.039090,5.98,319.0,2,9,0.9
2024-03-27T13:14:43Z,26.609122,-77.039188,5.96,324.1,2,9,0.9
2024-03-27T13:14:48Z,26.609233,-77.039277,5.94,321.5,2,9,0.9
2024-03-27T13:14:53Z,26.609338,-77.039372,5.99,324.6,2,9,0.9
2024-03-27T13:14:58Z,26.609453,-77.039458,5.66,321.1,2,8,1.2
2024-03-27T13:15:08Z,26.609665,-77.039655,6.07,320.0,2,9,0.9
2024-03-27T13:15:13Z,26.609780,-77.039748,5.78,323.0,2,9,0.9
2024-03-27T13:15:18Z,26.609892,-77.039843,5.90,317.7,2,9,0.9
2024-03-27T13:15:23Z,26.609998,-77.039945,5.95,322.2,2,9,0.9
2024-03-27T13:15:28Z,26.610108,-77.040043,6.07,320.7,2,9,0.9
2024-03-27T13:15:33Z,26.610225,-77.040142,6.34,323.3,2,9,0.9
2024-03-27T13:15:38Z,26.610337,-77.040245,6.16,318.2,2,9,0.9
2024-03-27T13:15:48Z,26.610555,-77.040440,5.93,320.6,2,9,0.9
2024-03-27T13:15:53Z,26.610655,-77.040553,5.95,314.9,2,9,0.9
2024-03-27T13:15:58Z,26.610758,-77.040660,6.17,320.0,2,8,1.0
2024-03-27T13:16:03Z,26.610873,-77.040757,5.96,319.2,2,8,1.0
2024-03-27T13:16:08Z,26.610985,-77.040858,6.33,321.3,2,9,0.9
2024-03-27T13:16:13Z,26.611098,-77.040958,6.17,321.8,2,9,0.9
2024-03-27T13:16:18Z,26.611213,-77.041053,6.06,321.8,2,9,0.9
2024-03-27T13:16:28Z,26.611438,-77.041248,6.05,324.9,2,9,0.9
2024-03-27T13:16:33Z,26.611558,-77.041342,6.30,326.1,2,9,0.9
2024-03-27T13:16:38Z,26.611678,-77.041432,6.26,325.4,1,9,0.9
2024-03-27T13:16:43Z,26.611795,-77.041527,6.05,322.1,1,9,0.9
2024-03-27T13:16:48Z,26.611912,-77.041630,6.28,318.8,2,9,0.9
2024-03-27T13:16:53Z,26.612030,-77.041735,6.11,322.0,2,8,1.0
2024-03-27T13:16:58Z,26.612147,-77.041828,6.21,324.8,2,8,1.0
2024-03-27T13:17:03Z,26.612263,-77.041925,6.17,326.6,2,8,1.0
2024-03-27T13:17:08Z,26.612377,-77.042022,5.97,320.9,2,9,0.9
2024-03-27T13:17:13Z,26.612490,-77.042123,6.37,320.5,2,8,1.0
2024-03-27T13:17:18Z,26.612607,-77.042225,6.45,323.0,2,9,0.9
2024-03-27T13:17:23Z,26.612730,-77.042317,6.30,327.8,2,9,0.9
2024-03-27T13:17:28Z,26.612853,-77.042405,6.21,326.2,2,8,1.0
2024-03-27T13:17:33Z,26.612972,-77.042503,6.22,327.8,2,9,0.9
2024-03-27T13:17:43Z,26.613203,-77.042713,6.51,322.8,1,9,0.9
2024-03-27T13:17:48Z,26.613318,-77.042822,6.10,330.2,1,9,0.9
2024-03-27T13:17:53Z,26.613435,-77.042913,6.46,321.1,1,9,0.9
2024-03-27T13:17:58Z,26.613557,-77.043005,6.13,327.4,1,9,0.9
2024-03-27T13:18:03Z,26.613672,-77.043098,6.20,321.3,1,9,0.9
2024-03-27T13:18:13Z,26.613907,-77.043288,6.32,329.2,1,9,0.9
2024-03-27T13:18:18Z,26.614015,-77.043385,6.18,319.1,1,8,1.2
2024-03-27T13:18:23Z,26.614128,-77.043477,5.61,322.1,1,9,0.9
2024-03-27T13:18:28Z,26.614240,-77.043575,5.85,326.7,1,9,0.9
2024-03-27T13:18:33Z,26.614348,-77.043675,6.46,321.6,1,9,0.9
2024-03-27T13:18:43Z,26.614582,-77.043867,6.26,325.4,1,9,0.9
2024-03-27T13:18:48Z,26.614700,-77.043970,6.57,316.3,1,9,0.9
2024-03-27T13:18:53Z,26.614817,-77.044068,6.17,325.7,1,9,0.9
2024-03-27T13:18:58Z,26.614933,-77.044163,6.44,322.1,1,9,0.9
2024-03-27T13:19:03Z,26.615047,-77.044258,6.09,324.8,1,9,0.9
2024-03-27T13:19:08Z,26.615165,-77.044355,6.19,323.5,1,9,0.9
2024-03-27T13:19:13Z,26.615277,-77.044455,6.21,323.6,1,9,0.9
2024-03-27T13:19:18Z,26.615390,-77.044550,6.46,321.9,1,9,0.9
2024-03-27T13:19:23Z,26.615512,-77.044650,6.59,320.9,1,9,0.9
2024-03-27T13:19:28Z,26.615622,-77.044752,6.21,327.0,1,9,0.9
2024-03-27T13:19:33Z,26.615733,-77.044838,5.99,319.1,1,9,0.9
2024-03-27T13:19:38Z,26.615842,-77.044932,6.15,332.7,1,9,0.9
2024-03-27T13:19:43Z,26.615948,-77.045013,6.02,327.8,1,9,0.9
2024-03-27T13:19:48Z,26.616063,-77.045105,6.25,325.7,1,9,0.9
2024-03-27T13:19:53Z,26.616182,-77.045203,5.73,325.6,1,9,0.9
2024-03-27T13:19:58Z,26.616298,-77.045303,6.64,322.3,1,9,0.9
2024-03-27T13:20:03Z,26.616422,-77.045397,6.31,323.0,1,10,0.9
2024-03-27T13:20:13Z,26.616653,-77.045582,6.17,324.3,1,9,0.9
2024-03-27T13:20:18Z,26.616770,-77.045672,6.12,322.3,1,9,0.9
2024-03-27T13:20:23Z,26.616895,-77.045758,6.14,326.4,1,9,0.9
2024-03-27T13:20:28Z,26.617013,-77.045858,6.33,320.2,1,10,0.9
2024-03-27T13:20:33Z,26.617125,-77.045960,6.19,324.7,1,9,0.9
2024-03-27T13:20:38Z,26.617243,-77.046058,6.40,321.2,1,10,0.9
2024-03-27T13:20:43Z,26.617357,-77.046147,6.16,323.5,1,10,0.9
2024-03-27T13:20:48Z,26.617477,-77.046253,6.22,326.6,1,10,0.9
2024-03-27T13:20:53Z,26.617597,-77.046343,6.48,325.2,1,10,0.9
2024-03-27T13:20:58Z,26.617713,-77.046453,6.01,322.4,1,9,0.9
2024-03-27T13:21:03Z,26.617823,-77.046558,6.39,318.7,1,9,1.0
2024-03-27T13:21:08Z,26.617943,-77.046658,6.07,323.4,1,10,0.9
2024-03-27T13:21:13Z,26.618057,-77.046742,6.06,324.4,1,10,0.9
2024-03-27T13:21:18Z,26.618163,-77.046830,5.68,324.5,1,10,0.9
2024-03-27T13:21:23Z,26.618270,-77.046920,6.13,322.0,1,10,0.9
2024-03-27T13:21:28Z,26.618382,-77.047027,6.38,323.3,1,10,0.9
2024-03-27T13:21:33Z,26.618502,-77.047118,6.36,325.8,1,10,0.9
2024-03-27T13:21:38Z,26.618617,-77.047220,6.31,318.8,1,10,0.9
2024-03-27T13:21:43Z,26.618727,-77.047315,6.17,320.9,1,10,0.9
2024-03-27T13:21:48Z,26.618848,-77.047422,6.28,324.5,1,10,0.9
2024-03-27T13:21:53Z,26.618963,-77.047507,6.04,324.4,1,10,0.9
2024-03-27T13:21:58Z,26.619072,-77.047607,5.95,325.7,1,10,0.9
2024-03-27T13:22:03Z,26.619183,-77.047703,6.26,322.6,1,10,0.9
2024-03-27T13:22:08Z,26.619302,-77.047790,6.46,324.0,1,10,0.9
2024-03-27T13:22:13Z,26.619418,-77.047883,6.10,326.9,1,10,0.9
2024-03-27T13:22:18Z,26.619527,-77.047980,5.86,320.8,1,10,0.9
2024-03-27T13:22:23Z,26.619645,-77.048070,5.71,322.5,1,10,0.9
2024-03-27T13:22:33Z,26.619883,-77.048268,6.53,320.6,1,10,0.9
2024-03-27T13:22:38Z,26.620007,-77.048353,6.17,327.7,1,10,0.9
2024-03-27T13:22:43Z,26.620120,-77.048455,6.78,320.4,1,10,0.9
2024-03-27T13:22:48Z,26.620242,-77.048533,6.22,326.4,1,10,0.9
2024-03-27T13:22:53Z,26.620362,-77.048633,6.74,322.3,1,10,0.9
2024-03-27T13:22:58Z,26.620483,-77.048728,5.94,325.5,1,10,0.9
2024-03-27T13:23:03Z,26.620578,-77.048825,5.45,320.1,1,9,0.9
2024-03-27T13:23:08Z,26.620705,-77.048910,6.78,325.5,1,10,0.9
2024-03-27T13:23:13Z,26.620840,-77.049002,6.44,325.8,1,10,0.9
2024-03-27T13:23:18Z,26.620963,-77.049090,6.50,327.1,1,10,0.9
2024-03-27T13:23:23Z,26.621078,-77.049183,6.05,322.0,1,10,0.9
2024-03-27T13:23:28Z,26.621192,-77.049292,6.56,324.5,1,10,0.9
2024-03-27T13:23:33Z,26.621302,-77.049393,6.03,321.9,1,10,0.9
2024-03-27T13:23:38Z,26.621410,-77.049497,6.00,314.0,1,9,0.9
2024-03-27T13:23:43Z,26.621505,-77.049600,6.20,326.0,1,10,0.9
2024-03-27T13:23:48Z,26.621632,-77.049693,6.30,323.3,1,10,0.9
2024-03-27T13:23:53Z,26.621753,-77.049785,6.45,320.4,1,10,0.9
2024-03-27T13:23:58Z,26.621860,-77.049887,5.87,320.8,1,10,0.9
2024-03-27T13:24:03Z,26.621973,-77.049955,5.90,325.4,1,10,0.9
2024-03-27T13:24:08Z,26.622080,-77.050055,5.76,325.4,1,10,0.9
2024-03-27T13:24:13Z,26.622203,-77.050130,6.44,329.5,1,10,0.9
2024-03-27T13:24:18Z,26.622325,-77.050210,5.91,330.0,1,10,0.9
2024-03-27T13:24:23Z,26.622457,-77.050280,6.35,330.4,1,10,0.9
2024-03-27T13:24:28Z,26.622587,-77.050362,6.29,328.8,1,10,0.9
2024-03-27T13:24:33Z,26.622700,-77.050440,5.72,331.4,1,10,0.9
2024-03-27T13:24:38Z,26.622815,-77.050513,5.85,327.6,1,9,0.9
2024-03-27T13:24:43Z,26.622932,-77.050610,6.19,332.8,1,10,0.9
2024-03-27T13:24:48Z,26.623057,-77.050697,6.24,325.8,1,10,0.9
2024-03-27T13:24:53Z,26.623175,-77.050770,5.89,334.1,1,9,0.9
2024-03-27T13:24:58Z,26.623290,-77.050847,5.84,325.6,1,10,0.9
2024-03-27T13:25:03Z,26.623407,-77.050925,5.79,333.1,1,10,0.9
2024-03-27T13:25:08Z,26.623527,-77.051003,6.11,332.2,1,9,0.9
2024-03-27T13:25:13Z,26.623650,-77.051085,6.18,330.4,2,10,0.9
2024-03-27T13:25:18Z,26.623780,-77.051157,6.17,337.2,2,10,0.9
2024-03-27T13:25:23Z,26.623912,-77.051232,6.12,334.5,1,10,0.9
2024-03-27T13:25:28Z,26.624037,-77.051310,6.17,327.6,1,9,0.9
2024-03-27T13:25:33Z,26.624162,-77.051378,6.24,337.5,1,9,0.9
2024-03-27T13:25:38Z,26.624287,-77.051447,6.01,336.7,1,9,0.9
2024-03-27T13:25:43Z,26.624417,-77.051518,6.42,336.3,1,9,0.9
2024-03-27T13:25:48Z,26.624552,-77.051587,6.24,334.9,1,10,0.9
2024-03-27T13:25:58Z,26.624817,-77.051732,6.89,334.2,1,10,0.9
2024-03-27T13:26:03Z,26.624953,-77.051788,5.77,342.3,1,10,0.9
2024-03-27T13:26:08Z,26.625078,-77.051848,6.18,343.0,1,10,0.9
2024-03-27T13:26:13Z,26.625197,-77.051918,5.70,332.9,1,10,0.9
2024-03-27T13:26:18Z,26.625313,-77.051985,5.86,338.4,1,10,0.9
2024-03-27T13:26:23Z,26.625442,-77.052043,6.06,336.9,1,10,0.9
2024-03-27T13:26:28Z,26.625562,-77.052108,6.28,332.2,1,10,0.9
2024-03-27T13:26:33Z,26.625702,-77.052167,5.96,336.1,1,10,0.9
2024-03-27T13:26:38Z,26.625835,-77.052237,6.19,333.8,1,10,0.9
2024-03-27T13:26:43Z,26.625963,-77.052307,5.99,335.3,1,10,0.9
2024-03-27T13:26:48Z,26.626082,-77.052373,5.71,333.0,1,10,0.9
2024-03-27T13:26:53Z,26.626212,-77.052435,6.15,337.1,1,10,0.9
2024-03-27T13:26:58Z,26.626337,-77.052502,6.23,340.5,1,10,0.9
2024-03-27T13:27:03Z,26.626460,-77.052560,5.51,339.6,1,9,1.0
2024-03-27T13:27:08Z,26.626578,-77.052608,6.08,339.1,1,8,1.2
2024-03-27T13:27:13Z,26.626720,-77.052660,6.15,339.4,1,10,0.9
2024-03-27T13:27:18Z,26.626867,-77.052712,6.49,339.1,1,10,0.9
2024-03-27T13:27:23Z,26.627002,-77.052778,5.83,340.8,1,10,0.9
2024-03-27T13:27:28Z,26.627128,-77.052837,5.66,344.4,1,10,0.9
2024-03-27T13:27:33Z,26.627243,-77.052893,5.16,337.4,1,10,0.9
2024-03-27T13:27:38Z,26.627365,-77.052948,5.57,339.3,1,9,0.9
2024-03-27T13:27:43Z,26.627503,-77.052992,5.75,336.6,1,9,0.9
2024-03-27T13:27:48Z,26.627638,-77.053047,6.19,335.9,1,10,0.9
2024-03-27T13:27:53Z,26.627767,-77.053103,6.23,342.6,1,9,1.0
2024-03-27T13:27:58Z,26.627883,-77.053152,4.39,335.2,1,9,1.0
2024-03-27T13:28:03Z,26.628002,-77.053205,5.45,335.3,1,10,0.9
2024-03-27T13:28:08Z,26.628120,-77.053282,6.09,336.1,1,9,0.9
2024-03-27T13:28:13Z,26.628243,-77.053335,5.74,337.7,1,9,0.9
2024-03-27T13:28:18Z,26.628372,-77.053397,6.45,340.2,1,8,1.2
2024-03-27T13:28:28Z,26.628647,-77.053515,6.56,338.9,1,8,1.2
2024-03-27T13:28:33Z,26.628777,-77.053572,5.86,336.8,1,8,1.2
2024-03-27T13:28:38Z,26.628903,-77.053637,6.07,336.8,1,9,0.9
2024-03-27T13:28:43Z,26.629038,-77.053695,5.33,330.2,1,9,0.9
2024-03-27T13:28:48Z,26.629162,-77.053762,6.38,329.6,1,9,0.9
2024-03-27T13:28:53Z,26.629302,-77.053822,6.02,339.2,1,9,0.9
2024-03-27T13:29:03Z,26.629562,-77.053942,5.15,334.1,1,9,0.9
2024-03-27T13:29:08Z,26.629682,-77.054000,6.01,333.4,1,10,0.9
2024-03-27T13:29:13Z,26.629813,-77.054072,6.31,334.1,1,10,0.9
2024-03-27T13:29:18Z,26.629938,-77.054133,5.71,334.5,1,10,0.9
2024-03-27T13:29:23Z,26.630037,-77.054227,5.76,328.0,1,9,0.9
2024-03-27T13:29:28Z,26.630145,-77.054328,6.33,317.9,1,9,1.0
2024-03-27T13:29:33Z,26.630227,-77.054455,5.54,308.0,1,10,0.9
2024-03-27T13:29:38Z,26.630318,-77.054575,6.69,302.9,1,9,1.0
2024-03-27T13:29:43Z,26.630390,-77.054718,5.82,304.9,1,9,1.0
2024-03-27T13:29:48Z,26.630467,-77.054857,5.98,305.9,1,9,1.0
2024-03-27T13:29:53Z,26.630523,-77.054980,5.69,295.3,1,10,0.9
2024-03-27T13:29:58Z,26.630590,-77.055117,6.31,298.3,1,10,0.9
2024-03-27T13:30:03Z,26.630667,-77.055242,5.71,305.1,1,10,0.9
2024-03-27T13:30:13Z,26.630833,-77.055503,6.15,299.4,1,10,0.9
2024-03-27T13:30:18Z,26.630903,-77.055645,5.80,295.9,1,10,0.9
2024-03-27T13:30:23Z,26.630952,-77.055782,5.99,299.5,1,10,0.9
2024-03-27T13:30:28Z,26.631007,-77.055925,5.77,288.5,1,10,0.9
2024-03-27T13:30:33Z,26.631053,-77.056068,6.30,295.4,1,9,1.0
2024-03-27T13:30:38Z,26.631122,-77.056215,6.26,299.3,1,10,0.9
2024-03-27T13:30:48Z,26.631247,-77.056492,5.99,300.2,1,9,1.0
2024-03-27T13:30:53Z,26.631310,-77.056643,5.97,294.7,1,9,1.0
2024-03-27T13:30:58Z,26.631385,-77.056790,5.82,300.3,1,9,1.0
2024-03-27T13:31:03Z,26.631453,-77.056918,6.08,302.2,1,9,1.0
2024-03-27T13:31:08Z,26.631528,-77.057058,6.05,305.2,1,9,1.0
2024-03-27T13:31:13Z,26.631588,-77.057183,5.90,300.6,1,9,1.0
2024-03-27T13:31:18Z,26.631663,-77.057315,5.47,299.2,1,9,1.0
2024-03-27T13:31:23Z,26.631723,-77.057455,6.13,297.5,1,9,1.0
2024-03-27T13:31:28Z,26.631810,-77.057602,6.08,305.1,1,10,0.9
2024-03-27T13:31:33Z,26.631880,-77.057753,6.45,293.1,1,9,1.0
2024-03-27T13:31:38Z,26.631938,-77.057888,6.58,304.4,1,8,1.0
2024-03-27T13:31:48Z,26.632060,-77.058163,6.37,299.6,1,9,1.0
2024-03-27T13:31:53Z,26.632133,-77.058298,6.30,306.5,1,9,1.0
2024-03-27T13:31:58Z,26.632217,-77.058437,5.89,292.3,1,10,0.9
2024-03-27T13:32:03Z,26.632288,-77.058575,7.03,305.9,1,9,1.0
2024-03-27T13:32:08Z,26.632373,-77.058718,6.51,305.7,1,9,1.0
2024-03-27T13:32:18Z,26.632505,-77.059033,6.65,297.1,1,9,1.0
2024-03-27T13:32:23Z,26.632577,-77.059175,6.37,302.9,1,9,1.0
2024-03-27T13:32:28Z,26.632655,-77.059310,6.33,303.3,1,9,1.0
2024-03-27T13:32:33Z,26.632725,-77.059450,6.24,294.8,1,9,1.0
2024-03-27T13:32:38Z,26.632802,-77.059595,7.15,306.3,1,10,0.9
2024-03-27T13:32:48Z,26.632927,-77.059902,6.60,295.5,1,10,0.9
2024-03-27T13:32:53Z,26.633002,-77.060040,5.99,297.1,1,10,0.9
2024-03-27T13:32:58Z,26.633058,-77.060195,6.28,302.2,1,10,0.9
2024-03-27T13:33:03Z,26.633132,-77.060337,5.77,297.1,1,10,0.9
2024-03-27T13:33:08Z,26.633213,-77.060465,5.73,314.8,1,10,0.9
2024-03-27T13:33:13Z,26.633292,-77.060595,6.25,305.9,1,10,0.9
2024-03-27T13:33:23Z,26.633432,-77.060875,6.45,301.6,1,10,0.9
2024-03-27T13:33:28Z,26.633493,-77.061030,6.53,292.8,1,10,0.9
2024-03-27T13:33:33Z,26.633548,-77.061192,6.91,290.8,1,9,1.0
2024-03-27T13:33:38Z,26.633593,-77.061350,6.37,289.6,1,9,1.0
2024-03-27T13:33:43Z,26.633640,-77.061497,6.13,288.3,1,8,1.1
2024-03-27T13:33:53Z,26.633723,-77.061832,6.55,285.0,1,10,0.9
2024-03-27T13:33:58Z,26.633768,-77.061998,6.81,288.8,1,9,1.0
2024-03-27T13:34:03Z,26.633818,-77.062158,6.68,286.5,1,8,1.0
2024-03-27T13:34:08Z,26.633857,-77.062325,6.57,283.1,1,9,1.0
2024-03-27T13:34:13Z,26.633897,-77.062495,6.76,281.7,1,9,1.0
2024-03-27T13:34:23Z,26.633950,-77.062835,7.12,286.1,1,8,1.0
2024-03-27T13:34:28Z,26.633970,-77.063002,6.70,281.9,1,9,1.0
2024-03-27T13:34:33Z,26.634005,-77.063197,7.29,277.3,1,8,1.0
2024-03-27T13:34:38Z,26.634032,-77.063365,6.81,283.5,1,9,1.0
2024-03-27T13:34:43Z,26.634048,-77.063535,6.06,283.2,1,9,1.0
2024-03-27T13:34:48Z,26.634085,-77.063695,6.35,287.2,1,9,1.0
2024-03-27T13:34:58Z,26.634192,-77.064033,6.07,290.6,1,9,1.0
2024-03-27T13:35:03Z,26.634255,-77.064185,6.93,295.1,1,8,1.1
2024-03-27T13:35:08Z,26.634308,-77.064338,5.76,296.4,1,9,1.0
2024-03-27T13:35:13Z,26.634373,-77.064505,7.50,297.7,1,9,1.0
2024-03-27T13:35:18Z,26.634458,-77.064667,7.56,297.0,2,9,1.0
2024-03-27T13:35:28Z,26.634603,-77.064960,5.89,302.9,2,9,1.0
2024-03-27T13:35:33Z,26.634672,-77.065110,7.07,298.0,2,9,1.0
2024-03-27T13:35:38Z,26.634752,-77.065267,6.68,293.9,2,9,1.0
2024-03-27T13:35:43Z,26.634840,-77.065420,6.92,305.1,2,9,1.0
2024-03-27T13:35:48Z,26.634917,-77.065567,6.52,297.1,2,8,1.1
2024-03-27T13:35:58Z,26.635058,-77.065872,7.22,295.1,2,9,1.0
2024-03-27T13:36:03Z,26.635142,-77.066038,7.50,297.1,2,9,1.0
2024-03-27T13:36:08Z,26.635225,-77.066183,6.72,299.9,2,9,1.0
2024-03-27T13:36:13Z,26.635298,-77.066335,6.64,298.2,2,9,1.0
2024-03-27T13:36:18Z,26.635370,-77.066490,6.48,300.4,2,9,1.0
2024-03-27T13:36:28Z,26.635533,-77.066792,6.69,299.5,2,9,1.0
2024-03-27T13:36:33Z,26.635617,-77.066952,7.73,302.3,2,9,1.0
2024-03-27T13:36:38Z,26.635705,-77.067118,6.74,298.3,2,9,1.0
2024-03-27T13:36:43Z,26.635762,-77.067258,5.76,290.6,2,10,0.9
2024-03-27T13:36:48Z,26.635827,-77.067398,6.09,303.4,2,8,1.0
2024-03-27T13:36:58Z,26.635965,-77.067698,7.11,298.8,2,9,1.0
2024-03-27T13:37:03Z,26.636065,-77.067857,7.37,303.8,2,9,1.0
2024-03-27T13:37:08Z,26.636155,-77.068013,6.76,298.4,2,9,1.0
2024-03-27T13:37:13Z,26.636225,-77.068167,6.35,300.5,2,9,1.0
2024-03-27T13:37:18Z,26.636295,-77.068307,6.20,295.6,2,8,1.0
2024-03-27T13:37:23Z,26.636358,-77.068468,6.97,298.7,2,8,1.0
2024-03-27T13:37:28Z,26.636448,-77.068612,6.96,296.9,2,7,1.1
2024-03-27T13:37:33Z,26.636538,-77.068777,7.62,306.7,2,8,1.0
2024-03-27T13:37:38Z,26.636637,-77.068932,7.02,301.6,2,9,0.9
2024-03-27T13:37:43Z,26.636722,-77.069080,6.60,304.7,2,8,1.0
2024-03-27T13:37:48Z,26.636808,-77.069228,6.73,298.5,2,8,1.0
2024-03-27T13:37:58Z,26.636980,-77.069538,7.33,298.7,2,7,1.1
2024-03-27T13:38:03Z,26.637073,-77.069685,6.69,304.1,2,9,1.0
2024-03-27T13:38:08Z,26.637152,-77.069828,6.85,303.2,2,9,0.9
2024-03-27T13:38:13Z,26.637232,-77.069985,6.91,302.3,2,8,1.0
2024-03-27T13:38:18Z,26.637313,-77.070133,6.69,303.8,2,8,1.0
2024-03-27T13:38:23Z,26.637390,-77.070285,6.70,299.7,2,8,1.0
2024-03-27T13:38:28Z,26.637475,-77.070440,6.92,305.7,2,9,1.0
2024-03-27T13:38:33Z,26.637575,-77.070580,6.97,303.6,2,9,1.0
2024-03-27T13:38:38Z,26.637652,-77.070733,6.76,302.7,2,8,1.0
2024-03-27T13:38:43Z,26.637732,-77.070882,7.02,299.8,2,8,1.0
2024-03-27T13:38:48Z,26.637825,-77.071037,6.90,303.2,2,8,1.0
2024-03-27T13:38:58Z,26.637978,-77.071335,6.48,301.2,2,8,1.0
2024-03-27T13:39:03Z,26.638063,-77.071480,6.60,300.9,2,7,1.3
2024-03-27T13:39:08Z,26.638137,-77.071637,6.80,300.7,2,8,1.0
2024-03-27T13:39:13Z,26.638217,-77.071787,6.76,305.4,2,9,1.0
2024-03-27T13:39:18Z,26.638300,-77.071938,6.93,297.4,2,8,1.1
2024-03-27T13:39:28Z,26.638480,-77.072202,6.35,302.6,2,7,1.3
2024-03-27T13:39:33Z,26.638547,-77.072358,6.69,297.9,2,8,1.0
2024-03-27T13:39:38Z,26.638630,-77.072510,6.80,301.4,2,8,1.0
2024-03-27T13:39:43Z,26.638705,-77.072662,6.80,300.1,2,8,1.1
2024-03-27T13:39:48Z,26.638768,-77.072823,6.82,294.9,2,8,1.1
2024-03-27T13:39:58Z,26.638940,-77.073122,7.00,298.6,2,8,1.1
2024-03-27T13:40:03Z,26.639017,-77.073278,7.05,295.5,2,8,1.1
2024-03-27T13:40:08Z,26.639083,-77.073457,6.88,302.5,2,8,1.1
2024-03-27T13:40:13Z,26.639167,-77.073603,6.80,298.2,2,8,1.1
2024-03-27T13:40:18Z,26.639258,-77.073737,6.74,307.1,2,8,1.1
2024-03-27T13:40:28Z,26.639422,-77.074043,7.15,301.9,2,8,1.1
2024-03-27T13:40:33Z,26.639512,-77.074193,6.64,296.2,2,8,1.1
2024-03-27T13:40:38Z,26.639592,-77.074343,6.70,299.6,2,8,1.1
2024-03-27T13:40:43Z,26.639660,-77.074502,6.57,302.4,2,9,1.0
2024-03-27T13:40:48Z,26.639758,-77.074625,6.61,302.8,2,8,1.1
2024-03-27T13:40:58Z,26.639938,-77.074915,6.70,301.1,2,7,1.1
2024-03-27T13:41:03Z,26.640017,-77.075072,6.96,298.0,2,9,1.0
2024-03-27T13:41:08Z,26.640100,-77.075212,6.63,302.7,2,9,1.0
2024-03-27T13:41:13Z,26.640167,-77.075370,6.71,300.3,2,8,1.1
2024-03-27T13:41:18Z,26.640225,-77.075535,6.68,293.9,2,9,1.0
2024-03-27T13:41:23Z,26.640312,-77.075672,6.67,302.0,2,9,1.0
2024-03-27T13:41:28Z,26.640392,-77.075828,6.57,297.9,2,9,1.0
2024-03-27T13:41:33Z,26.640475,-77.075975,6.86,299.4,2,9,1.0
2024-03-27T13:41:38Z,26.640568,-77.076112,6.95,301.1,2,10,0.9
2024-03-27T13:41:43Z,26.640640,-77.076258,6.47,301.1,2,9,1.0
2024-03-27T13:41:48Z,26.640712,-77.076398,6.55,302.3,2,9,1.0
2024-03-27T13:41:53Z,26.640793,-77.076538,6.49,301.7,2,10,0.9
2024-03-27T13:41:58Z,26.640880,-77.076693,7.32,306.0,2,8,1.0
2024-03-27T13:42:08Z,26.641048,-77.077005,6.92,304.5,2,8,1.0
2024-03-27T13:42:13Z,26.641123,-77.077160,6.78,300.0,2,9,1.0
2024-03-27T13:42:18Z,26.641200,-77.077305,6.59,298.0,2,9,1.0
2024-03-27T13:42:23Z,26.641278,-77.077458,7.05,301.3,2,9,1.0
2024-03-27T13:42:28Z,26.641360,-77.077607,6.75,300.7,2,9,1.0
2024-03-27T13:42:33Z,26.641440,-77.077762,6.57,301.0,2,9,1.0
2024-03-27T13:42:38Z,26.641515,-77.077912,6.79,298.9,2,10,0.9
2024-03-27T13:42:43Z,26.641590,-77.078058,6.89,300.3,2,9,1.0
2024-03-27T13:42:48Z,26.641670,-77.078208,6.48,300.9,2,10,0.9
2024-03-27T13:42:53Z,26.641747,-77.078360,6.73,300.1,2,9,1.0
2024-03-27T13:42:58Z,26.641825,-77.078508,6.48,301.4,2,9,1.0
2024-03-27T13:43:03Z,26.641902,-77.078653,6.76,302.4,2,10,0.9
2024-03-27T13:43:08Z,26.641985,-77.078800,6.50,300.9,2,9,1.0
2024-03-27T13:43:13Z,26.642063,-77.078955,6.83,300.2,2,8,1.0
2024-03-27T13:43:23Z,26.642230,-77.079258,7.11,298.5,2,10,0.9
2024-03-27T13:43:28Z,26.642312,-77.079407,6.59,300.0,2,9,1.0
2024-03-27T13:43:33Z,26.642393,-77.079555,6.94,299.2,2,9,1.0
2024-03-27T13:43:38Z,26.642475,-77.079703,6.64,302.1,2,10,0.9
2024-03-27T13:43:43Z,26.642560,-77.079857,6.78,304.6,2,9,1.0
2024-03-27T13:43:48Z,26.642645,-77.080010,6.63,303.6,2,8,1.0
2024-03-27T13:43:53Z,26.642730,-77.080158,6.77,300.0,2,9,1.0
2024-03-27T13:43:58Z,26.642808,-77.080312,6.80,303.2,2,9,1.0
2024-03-27T13:44:03Z,26.642885,-77.080468,6.70,303.0,2,9,1.0
2024-03-27T13:44:08Z,26.642968,-77.080615,6.93,302.5,2,8,1.0
2024-03-27T13:44:13Z,26.643055,-77.080767,6.58,298.4,2,8,1.0
2024-03-27T13:44:18Z,26.643140,-77.080918,7.05,299.7,2,8,1.0
2024-03-27T13:44:23Z,26.643218,-77.081065,6.93,300.5,2,8,1.0
2024-03-27T13:44:28Z,26.643298,-77.081220,6.91,298.2,2,8,1.0
2024-03-27T13:44:33Z,26.643378,-77.081372,6.84,298.0,2,9,1.0
2024-03-27T13:44:38Z,26.643460,-77.081522,7.16,300.0,2,9,1.0
2024-03-27T13:44:43Z,26.643542,-77.081673,7.09,297.3,2,9,1.0
2024-03-27T13:44:48Z,26.643623,-77.081828,6.75,299.4,2,9,1.0
2024-03-27T13:44:53Z,26.643702,-77.081985,6.43,303.3,2,9,1.0
2024-03-27T13:44:58Z,26.643790,-77.082127,6.69,300.8,2,9,1.0
2024-03-27T13:45:03Z,26.643867,-77.082278,6.60,300.0,2,9,1.0
2024-03-27T13:45:08Z,26.643942,-77.082433,6.84,298.7,2,9,1.0
2024-03-27T13:45:13Z,26.644012,-77.082595,7.09,296.8,2,9,1.0
2024-03-27T13:45:18Z,26.644092,-77.082750,7.52,297.3,2,9,1.0
2024-03-27T13:45:23Z,26.644173,-77.082897,6.54,299.3,2,10,0.9
2024-03-27T13:45:28Z,26.644253,-77.083043,7.04,296.8,2,10,0.9
2024-03-27T13:45:33Z,26.644328,-77.083192,6.88,298.1,2,10,0.9
2024-03-27T13:45:38Z,26.644410,-77.083347,6.79,300.7,2,10,0.9
2024-03-27T13:45:48Z,26.644563,-77.083652,7.28,294.2,2,10,0.9
2024-03-27T13:45:53Z,26.644645,-77.083787,6.73,298.4,2,10,0.9
2024-03-27T13:45:58Z,26.644722,-77.083940,6.79,299.3,2,10,0.9
2024-03-27T13:46:03Z,26.644813,-77.084073,6.62,301.2,2,10,0.9
2024-03-27T13:46:08Z,26.644888,-77.084228,7.04,296.8,2,9,1.0
2024-03-27T13:46:13Z,26.644978,-77.084367,6.88,300.0,2,9,1.0
2024-03-27T13:46:18Z,26.645055,-77.084527,6.95,301.1,2,10,0.9
2024-03-27T13:46:28Z,26.645220,-77.084815,6.84,300.2,2,9,1.0
2024-03-27T13:46:33Z,26.645302,-77.084965,6.43,304.1,2,9,1.0
2024-03-27T13:46:38Z,26.645382,-77.085115,6.26,305.0,2,9,1.0
2024-03-27T13:46:43Z,26.645455,-77.085277,6.86,296.5,2,10,1.0
2024-03-27T13:46:48Z,26.645528,-77.085432,7.01,297.6,2,10,1.0
2024-03-27T13:46:53Z,26.645608,-77.085587,6.97,298.6,2,10,1.0
2024-03-27T13:46:58Z,26.645697,-77.085737,6.83,306.9,2,9,1.0
2024-03-27T13:47:08Z,26.645883,-77.086020,6.76,301.2,2,8,1.0
2024-03-27T13:47:13Z,26.645970,-77.086157,6.78,300.9,2,8,1.0
2024-03-27T13:47:18Z,26.646052,-77.086300,6.90,301.4,2,8,1.0
2024-03-27T13:47:23Z,26.646132,-77.086452,6.93,300.9,2,8,1.0
2024-03-27T13:47:28Z,26.646213,-77.086602,6.68,301.1,2,8,1.0
2024-03-27T13:47:33Z,26.646295,-77.086755,6.86,302.8,2,9,1.0
2024-03-27T13:47:43Z,26.646453,-77.087063,6.83,298.6,2,9,1.0
2024-03-27T13:47:48Z,26.646530,-77.087215,6.63,300.9,2,9,1.0
2024-03-27T13:47:53Z,26.646613,-77.087362,6.48,301.6,2,9,1.0
2024-03-27T13:47:58Z,26.646693,-77.087518,6.68,302.4,2,9,1.0
2024-03-27T13:48:03Z,26.646773,-77.087678,7.02,299.2,2,9,1.0
2024-03-27T13:48:08Z,26.646855,-77.087838,6.85,299.1,2,9,1.0
2024-03-27T13:48:13Z,26.646935,-77.087992,6.75,300.4,2,9,1.0
2024-03-27T13:48:18Z,26.647013,-77.088147,7.00,297.6,2,9,1.0
2024-03-27T13:48:23Z,26.647093,-77.088302,7.18,300.8,2,9,1.0
2024-03-27T13:48:28Z,26.647177,-77.088447,6.70,301.9,2,9,1.0
2024-03-27T13:48:33Z,26.647263,-77.088597,6.99,300.7,2,9,1.0
2024-03-27T13:48:38Z,26.647348,-77.088748,7.05,300.8,2,9,1.0
2024-03-27T13:48:43Z,26.647430,-77.088903,6.90,299.4,2,9,1.0
2024-03-27T13:48:48Z,26.647508,-77.089060,6.97,299.4,2,9,1.0
2024-03-27T13:48:53Z,26.647588,-77.089218,6.75,300.7,2,9,1.0
2024-03-27T13:48:58Z,26.647677,-77.089367,6.98,303.0,2,9,1.0
2024-03-27T13:49:03Z,26.647763,-77.089517,6.97,302.9,2,9,1.0
2024-03-27T13:49:08Z,26.647847,-77.089670,7.03,299.8,2,9,1.0
2024-03-27T13:49:13Z,26.647925,-77.089825,6.86,300.1,2,9,1.0
2024-03-27T13:49:18Z,26.648005,-77.089983,6.70,299.0,2,9,1.0
2024-03-27T13:49:23Z,26.648087,-77.090135,6.67,298.9,2,9,1.0
2024-03-27T13:49:28Z,26.648165,-77.090287,6.81,301.1,2,9,1.0
2024-03-27T13:49:33Z,26.648245,-77.090448,6.97,300.7,2,9,1.0
2024-03-27T13:49:38Z,26.648333,-77.090602,7.00,307.0,2,9,1.0
2024-03-27T13:49:43Z,26.648428,-77.090745,6.92,304.3,2,9,1.0
2024-03-27T13:49:48Z,26.648515,-77.090903,7.09,300.0,2,9,1.0
2024-03-27T13:49:53Z,26.648595,-77.091063,6.95,301.7,2,9,1.0
2024-03-27T13:49:58Z,26.648678,-77.091217,6.89,299.5,2,9,1.0
2024-03-27T13:50:03Z,26.648757,-77.091373,7.13,299.5,2,9,1.0
2024-03-27T13:50:08Z,26.648838,-77.091528,7.12,300.4,2,9,1.0
2024-03-27T13:50:13Z,26.648922,-77.091687,7.24,296.5,2,9,1.0
2024-03-27T13:50:18Z,26.649002,-77.091840,6.80,300.5,2,9,1.0
2024-03-27T13:50:23Z,26.649082,-77.091988,6.83,299.0,2,9,1.0
2024-03-27T13:50:28Z,26.649160,-77.092142,6.94,299.8,2,9,1.0
2024-03-27T13:50:38Z,26.649317,-77.092448,6.85,297.1,2,9,1.0
2024-03-27T13:50:43Z,26.649402,-77.092592,7.01,300.5,2,9,1.0
2024-03-27T13:50:48Z,26.649487,-77.092747,7.06,301.4,2,8,1.0
2024-03-27T13:50:53Z,26.649573,-77.092897,7.15,302.4,2,9,1.0
2024-03-27T13:50:58Z,26.649655,-77.093050,6.76,298.1,2,9,1.0
2024-03-27T13:51:03Z,26.649735,-77.093208,6.82,296.9,2,9,1.0
2024-03-27T13:51:13Z,26.649905,-77.093507,6.91,299.9,2,9,1.0
2024-03-27T13:51:18Z,26.649992,-77.093662,7.13,301.1,2,9,1.0
2024-03-27T13:51:23Z,26.650073,-77.093817,6.70,300.9,2,9,1.0
2024-03-27T13:51:28Z,26.650157,-77.093967,7.25,300.9,2,9,1.0
2024-03-27T13:51:33Z,26.650243,-77.094123,7.00,303.3,2,9,1.0
2024-03-27T13:51:38Z,26.650322,-77.094283,6.60,301.1,2,8,1.0
2024-03-27T13:51:43Z,26.650412,-77.094435,7.00,303.4,2,9,1.0
2024-03-27T13:51:48Z,26.650498,-77.094585,7.00,301.7,2,9,1.0
2024-03-27T13:51:53Z,26.650587,-77.094735,6.93,300.5,2,9,1.0
2024-03-27T13:51:58Z,26.650663,-77.094900,7.12,299.2,2,8,1.0
2024-03-27T13:52:03Z,26.650750,-77.095052,6.72,303.4,2,9,1.0
2024-03-27T13:52:08Z,26.650832,-77.095195,6.55,301.7,2,9,1.0
2024-03-27T13:52:13Z,26.650905,-77.095360,6.99,297.8,2,9,1.0
2024-03-27T13:52:18Z,26.650987,-77.095512,6.92,301.5,2,9,1.0
2024-03-27T13:52:23Z,26.651075,-77.095655,6.73,301.3,2,9,1.0
2024-03-27T13:52:28Z,26.651160,-77.095803,6.93,302.1,2,9,1.0
2024-03-27T13:52:33Z,26.651243,-77.095953,6.96,300.0,2,9,1.0
2024-03-27T13:52:38Z,26.651320,-77.096107,6.52,301.2,2,8,1.0
2024-03-27T13:52:43Z,26.651402,-77.096258,6.57,303.1,2,9,1.0
2024-03-27T13:52:48Z,26.651482,-77.096415,7.12,299.5,2,9,1.0
2024-03-27T13:52:58Z,26.651643,-77.096722,6.98,300.4,2,9,1.0
2024-03-27T13:53:03Z,26.651722,-77.096878,6.89,301.3,2,9,1.0
2024-03-27T13:53:08Z,26.651803,-77.097033,6.93,304.2,2,9,1.0
2024-03-27T13:53:13Z,26.651892,-77.097183,7.01,301.8,2,9,1.0
2024-03-27T13:53:18Z,26.651982,-77.097330,7.37,302.2,2,9,1.0
2024-03-27T13:53:23Z,26.652070,-77.097480,7.13,302.5,2,9,1.0
2024-03-27T13:53:33Z,26.652238,-77.097782,6.74,303.0,2,9,1.0
2024-03-27T13:53:38Z,26.652320,-77.097932,6.80,301.3,2,8,1.0
2024-03-27T13:53:43Z,26.652402,-77.098080,6.90,299.4,2,9,1.0
2024-03-27T13:53:48Z,26.652485,-77.098228,7.02,301.2,2,9,1.0
2024-03-27T13:53:53Z,26.652568,-77.098378,6.75,302.6,2,8,1.0
2024-03-27T13:53:58Z,26.652655,-77.098515,6.27,304.7,2,8,1.0
2024-03-27T13:54:08Z,26.652825,-77.098822,6.95,302.5,2,7,1.1
2024-03-27T13:54:13Z,26.652910,-77.098975,6.61,303.2,2,7,1.1
2024-03-27T13:54:18Z,26.652992,-77.099123,6.90,299.9,2,8,1.0
2024-03-27T13:54:23Z,26.653072,-77.099275,7.08,299.9,2,8,1.0
2024-03-27T13:54:28Z,26.653150,-77.099430,7.04,299.5,2,9,1.0
2024-03-27T13:54:33Z,26.653230,-77.099585,6.68,298.9,2,9,1.0
2024-03-27T13:54:43Z,26.653387,-77.099892,6.88,298.9,2,9,1.0
2024-03-27T13:54:48Z,26.653463,-77.100047,6.74,299.9,2,9,1.0
2024-03-27T13:54:53Z,26.653542,-77.100200,6.85,300.1,2,8,1.0
2024-03-27T13:54:58Z,26.653620,-77.100352,6.74,299.4,2,9,1.0
2024-03-27T13:55:03Z,26.653700,-77.100507,7.08,298.0,2,9,1.0
2024-03-27T13:55:08Z,26.653783,-77.100668,6.59,301.8,2,9,1.0
2024-03-27T13:55:13Z,26.653873,-77.100817,6.84,304.3,2,9,1.0
2024-03-27T13:55:18Z,26.653958,-77.100962,6.93,302.8,2,9,1.0
2024-03-27T13:55:23Z,26.654042,-77.101112,6.79,301.9,2,9,1.0
2024-03-27T13:55:28Z,26.654127,-77.101253,6.39,302.4,2,9,1.0
2024-03-27T13:55:33Z,26.654212,-77.101400,6.69,301.3,2,8,1.1
2024-03-27T13:55:38Z,26.654295,-77.101550,6.77,303.1,2,9,1.0
2024-03-27T13:55:43Z,26.654378,-77.101697,6.72,303.2,2,9,1.0
2024-03-27T13:55:48Z,26.654463,-77.101847,6.94,303.5,2,8,1.1
2024-03-27T13:55:53Z,26.654543,-77.101997,6.90,299.8,2,8,1.1
2024-03-27T13:55:58Z,26.654622,-77.102153,6.98,300.2,2,8,1.1
2024-03-27T13:56:03Z,26.654702,-77.102305,6.75,303.4,2,9,1.0
2024-03-27T13:56:08Z,26.654783,-77.102457,6.67,301.7,2,9,1.0
2024-03-27T13:56:13Z,26.654862,-77.102612,7.01,300.5,2,9,1.0
2024-03-27T13:56:18Z,26.654947,-77.102767,7.02,302.5,2,8,1.1
2024-03-27T13:56:23Z,26.655033,-77.102920,7.09,301.4,2,8,1.1
2024-03-27T13:56:28Z,26.655115,-77.103073,6.80,299.2,2,8,1.1
2024-03-27T13:56:33Z,26.655202,-77.103220,6.73,301.5,2,8,1.1
2024-03-27T13:56:38Z,26.655280,-77.103373,6.84,299.4,2,8,1.1
2024-03-27T13:56:43Z,26.655360,-77.103528,6.74,299.6,2,9,1.0
2024-03-27T13:56:48Z,26.655438,-77.103683,6.72,300.3,2,9,1.0
2024-03-27T13:56:53Z,26.655523,-77.103830,6.49,304.0,2,9,1.0
2024-03-27T13:57:03Z,26.655688,-77.104132,6.84,298.4,1,8,1.1
2024-03-27T13:57:08Z,26.655767,-77.104283,6.57,299.9,1,9,1.0
2024-03-27T13:57:13Z,26.655845,-77.104437,6.82,300.1,1,9,1.0
2024-03-27T13:57:18Z,26.655927,-77.104590,6.79,299.5,1,9,1.0
2024-03-27T13:57:23Z,26.656007,-77.104745,6.91,301.6,1,9,1.0
2024-03-27T13:57:28Z,26.656088,-77.104902,6.67,300.5,1,9,1.0
2024-03-27T13:57:33Z,26.656172,-77.105055,6.54,301.8,2,9,1.0
2024-03-27T13:57:38Z,26.656257,-77.105207,6.85,301.4,2,8,1.1
2024-03-27T13:57:43Z,26.656338,-77.105360,6.76,301.7,2,8,1.1
2024-03-27T13:57:48Z,26.656422,-77.105510,7.00,302.5,2,9,1.0
2024-03-27T13:57:53Z,26.656505,-77.105665,6.78,301.6,2,9,1.0
2024-03-27T13:57:58Z,26.656588,-77.105815,6.98,301.4,2,9,1.0
2024-03-27T13:58:03Z,26.656670,-77.105968,6.57,300.3,2,9,1.0
2024-03-27T13:58:08Z,26.656750,-77.106122,6.91,299.8,2,9,1.0
2024-03-27T13:58:13Z,26.656830,-77.106277,6.84,300.3,2,8,1.1
2024-03-27T13:58:18Z,26.656912,-77.106430,6.82,301.8,2,8,1.1
2024-03-27T13:58:23Z,26.656997,-77.106578,6.77,300.1,2,8,1.1
2024-03-27T13:58:28Z,26.657075,-77.106733,6.93,297.9,2,9,0.9
2024-03-27T13:58:33Z,26.657155,-77.106887,6.89,300.0,2,9,0.9
2024-03-27T13:58:38Z,26.657240,-77.107038,6.74,303.5,2,9,0.9
2024-03-27T13:58:43Z,26.657325,-77.107190,6.79,302.7,2,9,0.9
2024-03-27T13:58:48Z,26.657410,-77.107338,6.71,302.7,2,9,0.9
2024-03-27T13:58:53Z,26.657493,-77.107493,6.86,301.3,2,9,0.9
2024-03-27T13:58:58Z,26.657575,-77.107648,7.10,301.2,2,9,0.9
2024-03-27T13:59:03Z,26.657658,-77.107802,6.90,301.0,2,9,0.9
2024-03-27T13:59:08Z,26.657745,-77.107953,6.74,303.3,2,9,0.9
2024-03-27T13:59:13Z,26.657827,-77.108102,6.85,299.5,2,9,0.9
2024-03-27T13:59:18Z,26.657907,-77.108257,6.91,299.9,2,9,0.9
2024-03-27T13:59:23Z,26.657987,-77.108412,6.93,300.2,2,9,0.9
2024-03-27T13:59:28Z,26.658068,-77.108567,6.91,300.4,2,9,0.9
2024-03-27T13:59:33Z,26.658150,-77.108720,6.73,301.4,2,9,0.9
2024-03-27T13:59:38Z,26.658235,-77.108875,7.09,299.5,2,9,0.9
2024-03-27T13:59:43Z,26.658318,-77.109030,7.03,300.0,2,9,0.9
2024-03-27T13:59:48Z,26.658400,-77.109182,6.71,300.6,2,9,0.9
2024-03-27T13:59:53Z,26.658480,-77.109335,7.02,300.3,2,9,0.9
2024-03-27T14:00:03Z,26.658647,-77.109638,6.75,301.1,1,9,0.9
2024-03-27T14:00:08Z,26.658730,-77.109788,6.99,301.0,1,9,0.9
2024-03-27T14:00:13Z,26.658813,-77.109940,6.73,300.9,1,9,0.9
2024-03-27T14:00:18Z,26.658897,-77.110092,7.01,300.7,1,9,0.9
2024-03-27T14:00:23Z,26.658978,-77.110245,6.71,299.7,1,9,0.9
2024-03-27T14:00:28Z,26.659058,-77.110398,6.82,299.5,1,9,0.9
2024-03-27T14:00:38Z,26.659217,-77.110710,6.59,300.9,1,9,0.9
2024-03-27T14:00:43Z,26.659297,-77.110862,7.00,300.8,1,9,0.9
2024-03-27T14:00:48Z,26.659378,-77.111015,6.78,300.2,2,9,0.9
2024-03-27T14:00:53Z,26.659457,-77.111170,6.94,299.2,2,9,0.9
2024-03-27T14:00:58Z,26.659530,-77.111320,6.74,298.6,2,9,0.9
2024-03-27T14:01:03Z,26.659607,-77.111475,6.89,299.5,2,9,0.9
2024-03-27T14:01:08Z,26.659687,-77.111628,6.80,302.9,2,9,0.9
2024-03-27T14:01:13Z,26.659775,-77.111773,6.69,305.0,2,9,0.9
2024-03-27T14:01:18Z,26.659863,-77.111912,6.51,307.0,2,9,0.9
2024-03-27T14:01:23Z,26.659958,-77.112040,6.40,309.5,2,8,1.1
2024-03-27T14:01:28Z,26.660058,-77.112163,6.45,309.7,2,9,0.9
2024-03-27T14:01:33Z,26.660158,-77.112285,6.36,312.4,2,9,0.9
2024-03-27T14:01:38Z,26.660262,-77.112407,6.40,314.3,2,9,0.9
2024-03-27T14:01:43Z,26.660372,-77.112523,6.42,318.1,2,9,0.9
2024-03-27T14:01:53Z,26.660613,-77.112715,6.24,331.0,2,8,1.1
2024-03-27T14:01:58Z,26.660730,-77.112803,6.46,328.4,2,9,0.9
2024-03-27T14:02:03Z,26.660857,-77.112880,6.22,336.4,2,9,0.9
2024-03-27T14:02:08Z,26.660993,-77.112943,6.27,340.2,2,9,0.9
2024-03-27T14:02:13Z,26.661130,-77.112993,6.18,343.0,2,9,0.9
2024-03-27T14:02:18Z,26.661275,-77.113043,6.48,344.0,2,9,0.9
2024-03-27T14:02:28Z,26.661557,-77.113110,6.12,355.4,2,9,0.9
2024-03-27T14:02:33Z,26.661698,-77.113137,5.98,348.9,2,8,0.9
2024-03-27T14:02:38Z,26.661842,-77.113167,6.21,350.8,2,8,0.9
2024-03-27T14:02:43Z,26.661985,-77.113193,6.14,349.5,2,9,0.9
2024-03-27T14:02:48Z,26.662120,-77.113212,5.90,353.0,2,9,0.9
2024-03-27T14:02:53Z,26.662260,-77.113225,5.82,357.3,2,9,0.9
2024-03-27T14:03:03Z,26.662548,-77.113240,6.14,356.9,2,9,0.9
2024-03-27T14:03:08Z,26.662688,-77.113247,6.15,2.6,1,9,0.9
2024-03-27T14:03:13Z,26.662823,-77.113235,5.88,5.8,1,9,0.9
2024-03-27T14:03:18Z,26.662963,-77.113208,5.90,10.1,1,9,0.9
2024-03-27T14:03:23Z,26.663103,-77.113185,5.77,12.7,1,9,0.9
2024-03-27T14:03:28Z,26.663242,-77.113158,6.02,12.2,1,9,0.9
2024-03-27T14:03:38Z,26.663518,-77.113092,5.54,14.9,1,9,0.9
2024-03-27T14:03:43Z,26.663638,-77.113062,4.96,13.5,1,9,0.9
2024-03-27T14:03:48Z,26.663743,-77.113033,4.62,16.2,1,9,0.9
2024-03-27T14:03:53Z,26.663837,-77.113002,3.99,17.4,1,8,0.9
2024-03-27T14:03:58Z,26.663923,-77.112967,3.25,18.6,1,9,0.9
2024-03-27T14:04:03Z,26.663995,-77.112933,3.07,26.1,1,9,0.9
2024-03-27T14:04:13Z,26.664152,-77.112873,2.99,22.9,1,8,0.9
2024-03-27T14:04:18Z,26.664220,-77.112835,3.08,25.5,1,9,0.9
2024-03-27T14:04:23Z,26.664285,-77.112810,2.89,21.0,1,9,0.9
2024-03-27T14:04:28Z,26.664337,-77.112795,2.15,24.6,1,9,0.9
2024-03-27T14:04:33Z,26.664387,-77.112785,2.56,14.6,1,9,0.9
2024-03-27T14:04:38Z,26.664442,-77.112768,2.36,21.8,1,9,0.9
2024-03-27T14:04:48Z,26.664527,-77.112703,1.89,57.8,1,9,0.9
2024-03-27T14:04:53Z,26.664538,-77.112670,1.41,68.5,1,9,0.9
2024-03-27T14:04:58Z,26.664533,-77.112643,0.70,106.8,1,9,0.9
2024-03-27T14:05:03Z,26.664530,-77.112638,0.65,138.9,1,9,0.9
2024-03-27T14:05:08Z,26.664517,-77.112637,0.28,184.8,1,9,0.9
2024-03-27T14:05:13Z,26.664512,-77.112638,0.16,307.8,1,9,0.9
2024-03-27T14:05:23Z,26.664530,-77.112648,1.12,324.9,1,8,1.1
2024-03-27T14:05:28Z,26.664553,-77.112668,1.71,322.4,1,8,1.1
2024-03-27T14:05:33Z,26.664583,-77.112693,1.65,319.3,1,8,1.1
2024-03-27T14:05:38Z,26.664608,-77.112710,1.27,325.3,1,8,1.1
2024-03-27T14:05:43Z,26.664623,-77.112715,1.20,321.9,1,8,1.1
2024-03-27T14:05:48Z,26.664648,-77.112732,0.71,323.2,1,8,1.1
2024-03-27T14:05:53Z,26.664670,-77.112755,0.96,319.1,1,9,0.9
2024-03-27T14:05:58Z,26.664687,-77.112778,1.06,315.5,1,9,0.9
2024-03-27T14:06:03Z,26.664708,-77.112798,1.13,321.4,1,9,0.9
2024-03-27T14:06:08Z,26.664727,-77.112823,0.57,316.0,1,9,0.9
2024-03-27T14:06:13Z,26.664732,-77.112838,0.22,159.6,1,9,0.9
2024-03-27T14:06:18Z,26.664725,-77.112842,0.25,175.8,1,8,1.1
2024-03-27T14:06:28Z,26.664723,-77.112835,0.04,197.4,1,8,1.1
2024-03-27T14:06:33Z,26.664723,-77.112832,0.39,138.3,1,8,1.1
2024-03-27T14:06:38Z,26.664722,-77.112827,0.18,12.1,1,8,1.1
2024-03-27T14:06:43Z,26.664730,-77.112825,0.65,343.7,1,8,1.1
2024-03-27T14:06:48Z,26.664745,-77.112833,0.74,320.8,1,8,1.1
2024-03-27T14:06:53Z,26.664757,-77.112840,0.37,25.4,1,9,0.9
2024-03-27T14:06:58Z,26.664767,-77.112833,0.44,67.1,1,9,0.9
2024-03-27T14:07:03Z,26.664767,-77.112823,0.48,121.5,1,8,1.1
2024-03-27T14:07:08Z,26.664763,-77.112817,0.66,98.4,1,8,1.1
2024-03-27T14:07:13Z,26.664758,-77.112807,0.47,105.0,1,8,1.1
2024-03-27T14:07:18Z,26.664750,-77.112800,0.56,110.8,1,8,1.1
2024-03-27T14:07:23Z,26.664745,-77.112782,0.58,116.0,1,9,0.9
2024-03-27T14:07:33Z,26.664738,-77.112760,0.09,59.8,1,9,0.9
2024-03-27T14:07:38Z,26.664742,-77.112758,0.13,44.0,1,9,0.9
2024-03-27T14:07:43Z,26.664738,-77.112765,0.28,49.5,1,9,0.9
2024-03-27T14:07:48Z,26.664742,-77.112775,0.43,306.0,1,8,1.1
2024-03-27T14:07:53Z,26.664745,-77.112785,0.51,305.5,1,9,0.9
2024-03-27T14:07:58Z,26.664748,-77.112797,0.39,316.2,1,9,0.9
2024-03-27T14:08:08Z,26.664755,-77.112787,0.31,1.3,1,8,1.1
2024-03-27T14:08:13Z,26.664758,-77.112787,0.19,354.2,1,8,1.1
2024-03-27T14:08:18Z,26.664760,-77.112783,0.20,77.3,1,9,0.9
2024-03-27T14:08:23Z,26.664760,-77.112790,0.03,82.8,1,9,0.9
2024-03-27T14:08:28Z,26.664760,-77.112790,0.10,307.1,1,9,0.9
2024-03-27T14:08:33Z,26.664755,-77.112793,0.09,157.2,1,9,0.9
2024-03-27T14:08:38Z,26.664752,-77.112792,0.40,276.4,1,9,0.9
2024-03-27T14:08:43Z,26.664748,-77.112790,0.17,169.5,1,8,1.1
2024-03-27T14:08:48Z,26.664747,-77.112787,0.35,269.3,1,8,1.1
2024-03-27T14:08:53Z,26.664745,-77.112788,0.28,260.1,1,9,0.9
2024-03-27T14:08:58Z,26.664742,-77.112798,0.30,275.9,1,9,0.9
2024-03-27T14:09:03Z,26.664743,-77.112808,0.61,271.9,1,9,0.9
2024-03-27T14:09:13Z,26.664742,-77.112797,0.22,80.6,2,9,0.9
2024-03-27T14:09:18Z,26.664743,-77.112797,0.16,312.7,2,9,0.9
2024-03-27T14:09:23Z,26.664745,-77.112797,0.14,277.4,2,8,1.1
2024-03-27T14:09:28Z,26.664747,-77.112798,0.16,24.1,2,8,1.1
2024-03-27T14:09:33Z,26.664748,-77.112802,0.33,262.9,2,8,1.1
2024-03-27T14:09:38Z,26.664750,-77.112802,0.34,62.8,2,9,0.8
2024-03-27T14:09:48Z,26.664753,-77.112807,0.18,22.9,2,9,0.9
2024-03-27T14:09:53Z,26.664753,-77.112810,0.40,282.3,2,10,0.8
2024-03-27T14:09:58Z,26.664752,-77.112813,0.35,231.8,2,10,0.8
2024-03-27T14:10:03Z,26.664747,-77.112813,0.31,101.0,2,10,0.8
2024-03-27T14:10:08Z,26.664743,-77.112808,0.13,279.1,2,10,0.8
2024-03-27T14:10:13Z,26.664742,-77.112805,0.29,94.0,2,10,0.8
2024-03-27T14:10:23Z,26.664745,-77.112813,0.13,255.7,1,9,0.8
2024-03-27T14:10:28Z,26.664745,-77.112817,0.12,328.5,1,9,0.8
2024-03-27T14:10:33Z,26.664748,-77.112815,0.13,40.4,1,10,0.8
2024-03-27T14:10:38Z,26.664750,-77.112817,0.17,1.4,1,10,0.8
2024-03-27T14:10:43Z,26.664750,-77.112815,0.25,255.6,1,10,0.8
2024-03-27T14:10:48Z,26.664750,-77.112823,0.42,251.7,1,10,0.8
2024-03-27T14:10:58Z,26.664740,-77.112830,0.16,211.0,2,9,0.9
2024-03-27T14:11:03Z,26.664737,-77.112830,0.25,229.7,2,8,1.1
2024-03-27T14:11:08Z,26.664733,-77.112833,0.09,282.4,2,10,0.8
2024-03-27T14:11:13Z,26.664733,-77.112828,0.21,54.6,2,10,0.8
2024-03-27T14:11:18Z,26.664730,-77.112835,0.14,77.4,2,10,0.8
2024-03-27T14:11:23Z,26.664732,-77.112840,0.25,71.4,1,10,0.8
2024-03-27T14:11:33Z,26.664737,-77.112855,0.70,283.4,1,10,0.8
2024-03-27T14:11:38Z,26.664740,-77.112862,0.33,288.7,1,10,0.8
2024-03-27T14:11:43Z,26.664742,-77.112870,0.19,306.1,1,8,1.1
2024-03-27T14:11:48Z,26.664745,-77.112868,0.22,311.8,1,9,0.8
2024-03-27T14:11:53Z,26.664742,-77.112853,0.52,80.4,1,9,0.8
2024-03-27T14:11:58Z,26.664738,-77.112840,0.21,240.0,1,8,1.1
2024-03-27T14:12:03Z,26.664742,-77.112835,0.16,37.0,1,8,1.1
2024-03-27T14:12:08Z,26.664742,-77.112832,0.11,92.8,1,8,1.1
2024-03-27T14:12:13Z,26.664743,-77.112830,0.14,162.6,1,8,1.1
2024-03-27T14:12:18Z,26.664743,-77.112830,0.21,353.3,1,8,1.1
2024-03-27T14:12:23Z,26.664743,-77.112827,0.17,71.8,1,9,0.9
2024-03-27T14:12:28Z,26.664742,-77.112827,0.07,323.6,1,9,0.9
2024-03-27T14:12:38Z,26.664740,-77.112825,0.20,317.4,1,9,0.9
2024-03-27T14:12:43Z,26.664742,-77.112827,0.10,45.1,1,9,0.8
2024-03-27T14:12:48Z,26.664742,-77.112825,0.05,45.6,1,9,0.8
2024-03-27T14:12:53Z,26.664743,-77.112827,0.14,1.1,1,8,1.1
2024-03-27T14:12:58Z,26.664743,-77.112828,0.02,39.5,1,8,1.1
2024-03-27T14:13:08Z,26.664747,-77.112825,0.14,53.0,1,8,1.1
2024-03-27T14:13:13Z,26.664748,-77.112820,0.27,80.7,1,8,1.1
2024-03-27T14:13:18Z,26.664752,-77.112817,0.28,60.1,1,8,1.1
2024-03-27T14:13:23Z,26.664753,-77.112812,0.19,73.9,1,8,1.1
2024-03-27T14:13:33Z,26.664753,-77.112815,0.19,76.9,1,8,1.1
2024-03-27T14:13:38Z,26.664753,-77.112815,0.12,20.9,1,8,1.1
2024-03-27T14:13:43Z,26.664755,-77.112812,0.06,37.6,1,8,1.1
2024-03-27T14:13:48Z,26.664757,-77.112813,0.06,58.0,1,8,1.1
2024-03-27T14:13:53Z,26.664753,-77.112805,0.10,131.8,1,10,0.8
2024-03-27T14:14:03Z,26.664747,-77.112818,0.04,161.7,1,9,0.9
2024-03-27T14:14:08Z,26.664747,-77.112818,0.26,94.2,1,9,0.9
2024-03-27T14:14:13Z,26.664750,-77.112822,0.28,309.6,1,10,0.8
2024-03-27T14:14:18Z,26.664753,-77.112815,0.52,80.8,1,10,0.8
2024-03-27T14:14:23Z,26.664752,-77.112812,0.16,8.2,1,9,0.8
2024-03-27T14:14:33Z,26.664752,-77.112810,0.26,101.1,1,9,0.8
2024-03-27T14:14:38Z,26.664753,-77.112807,0.42,92.5,1,9,0.8
2024-03-27T14:14:43Z,26.664753,-77.112803,0.10,7.5,1,9,0.8
2024-03-27T14:14:48Z,26.664753,-77.112805,0.18,283.7,1,9,0.8
2024-03-27T14:14:53Z,26.664752,-77.112807,0.28,285.8,1,8,0.9
2024-03-27T14:15:03Z,26.664748,-77.112810,0.17,72.7,1,9,0.8
2024-03-27T14:15:08Z,26.664747,-77.112808,0.10,121.7,1,9,0.8
2024-03-27T14:15:13Z,26.664750,-77.112812,0.23,77.5,1,9,0.8
2024-03-27T14:15:18Z,26.664748,-77.112815,0.11,225.5,1,9,0.8
2024-03-27T14:15:28Z,26.664747,-77.112820,0.24,249.0,1,9,0.8
2024-03-27T14:15:33Z,26.664745,-77.112823,0.22,253.4,1,9,0.8
2024-03-27T14:15:38Z,26.664743,-77.112825,0.13,261.6,1,8,1.1
2024-03-27T14:15:43Z,26.664742,-77.112823,0.17,279.8,1,9,0.8
2024-03-27T14:15:53Z,26.664743,-77.112825,0.10,287.8,1,10,0.8
2024-03-27T14:15:58Z,26.664748,-77.112828,0.23,71.3,1,10,0.8
2024-03-27T14:16:03Z,26.664748,-77.112823,0.04,103.3,1,9,0.9
2024-03-27T14:16:08Z,26.664748,-77.112822,0.01,220.7,1,9,0.9
2024-03-27T14:16:13Z,26.664748,-77.112822,0.11,330.4,1,9,0.9
2024-03-27T14:16:18Z,26.664748,-77.112817,0.07,21.9,1,9,0.9
2024-03-27T14:16:23Z,26.664747,-77.112822,0.26,91.8,1,9,0.9
2024-03-27T14:16:28Z,26.664747,-77.112825,0.20,89.6,1,9,0.9
2024-03-27T14:16:33Z,26.664747,-77.112825,0.36,88.7,1,10,0.8
2024-03-27T14:16:38Z,26.664747,-77.112828,0.12,326.4,1,10,0.8
2024-03-27T14:16:48Z,26.664748,-77.112832,0.08,66.1,1,9,0.8
2024-03-27T14:16:53Z,26.664745,-77.112820,0.17,122.5,1,9,0.9
2024-03-27T14:16:58Z,26.664743,-77.112810,0.25,72.4,1,9,0.9
2024-03-27T14:17:03Z,26.664745,-77.112802,0.03,201.8,1,9,0.9
2024-03-27T14:17:13Z,26.664748,-77.112805,0.08,34.8,1,10,0.8
2024-03-27T14:17:18Z,26.664752,-77.112807,0.03,24.4,1,9,0.9
2024-03-27T14:17:23Z,26.664747,-77.112802,0.04,345.9,1,8,1.1
2024-03-27T14:17:28Z,26.664748,-77.112797,0.05,135.2,1,8,1.1
2024-03-27T14:17:33Z,26.664743,-77.112792,0.18,54.7,1,8,1.1
2024-03-27T14:17:38Z,26.664743,-77.112788,0.09,81.0,1,8,1.1
2024-03-27T14:17:43Z,26.664747,-77.112793,0.22,17.5,1,8,1.1
2024-03-27T14:17:48Z,26.664753,-77.112802,0.26,329.4,1,10,0.8
2024-03-27T14:17:53Z,26.664757,-77.112803,0.17,48.0,1,9,0.9
2024-03-27T14:17:58Z,26.664760,-77.112808,0.36,316.6,1,9,0.9
2024-03-27T14:18:03Z,26.664763,-77.112812,0.06,333.2,1,9,0.9
2024-03-27T14:18:08Z,26.664763,-77.112808,0.21,354.8,1,9,0.9
2024-03-27T14:18:13Z,26.664763,-77.112808,0.28,337.4,1,9,0.9
2024-03-27T14:18:18Z,26.664767,-77.112810,0.36,303.7,1,9,0.9
2024-03-27T14:18:23Z,26.664770,-77.112807,0.24,80.2,1,9,0.9
2024-03-27T14:18:33Z,26.664775,-77.112803,0.16,74.3,1,9,0.9
2024-03-27T14:18:38Z,26.664775,-77.112795,0.10,300.8,1,9,0.9
2024-03-27T14:18:43Z,26.664772,-77.112787,0.27,102.2,1,9,0.9
2024-03-27T14:18:48Z,26.664763,-77.112780,0.36,228.9,1,9,0.9
2024-03-27T14:18:58Z,26.664757,-77.112775,0.09,64.0,1,9,0.9
2024-03-27T14:19:03Z,26.664760,-77.112783,0.30,286.9,1,10,0.8
2024-03-27T14:19:08Z,26.664758,-77.112790,0.19,44.4,1,9,0.9
2024-03-27T14:19:13Z,26.664760,-77.112780,0.51,104.3,1,10,0.8
2024-03-27T14:19:18Z,26.664760,-77.112792,0.41,278.7,1,9,0.9
2024-03-27T14:19:23Z,26.664760,-77.112797,0.10,238.9,1,10,0.8
2024-03-27T14:19:28Z,26.664757,-77.112802,0.15,241.9,1,10,0.8
2024-03-27T14:19:33Z,26.664752,-77.112808,0.35,272.8,1,10,0.8
2024-03-27T14:19:38Z,26.664755,-77.112813,0.23,350.2,1,10,0.8
2024-03-27T14:19:43Z,26.664755,-77.112813,0.13,20.5,1,10,0.8
2024-03-27T14:19:53Z,26.664750,-77.112820,0.46,265.0,1,9,0.9
2024-03-27T14:19:58Z,26.664745,-77.112820,0.11,162.1,1,10,0.8
2024-03-27T14:20:03Z,26.664743,-77.112822,0.11,246.2,1,10,0.8
2024-03-27T14:20:08Z,26.664740,-77.112818,0.16,278.4,1,10,0.8
2024-03-27T14:20:13Z,26.664738,-77.112815,0.03,250.1,1,10,0.8
2024-03-27T14:20:23Z,26.664740,-77.112813,0.12,280.3,1,10,0.8
2024-03-27T14:20:28Z,26.664740,-77.112812,0.15,49.1,1,10,0.8
2024-03-27T14:20:33Z,26.664742,-77.112815,0.09,15.2,1,10,0.8
2024-03-27T14:20:38Z,26.664743,-77.112813,0.12,291.9,1,10,0.8
2024-03-27T14:20:48Z,26.664745,-77.112813,0.12,179.2,1,9,0.9
2024-03-27T14:20:53Z,26.664747,-77.112810,0.05,216.5,1,9,0.9
2024-03-27T14:20:58Z,26.664748,-77.112803,0.19,275.6,1,9,0.9
2024-03-27T14:21:03Z,26.664750,-77.112808,0.29,259.1,1,9,0.9
2024-03-27T14:21:08Z,26.664752,-77.112818,0.23,292.6,1,9,0.9
2024-03-27T14:21:13Z,26.664753,-77.112827,0.19,317.6,1,10,0.8
2024-03-27T14:21:18Z,26.664755,-77.112833,0.17,95.1,1,10,0.8
2024-03-27T14:21:23Z,26.664757,-77.112833,0.28,308.3,1,10,0.8
2024-03-27T14:21:28Z,26.664758,-77.112833,0.06,3.4,1,9,0.9
2024-03-27T14:21:33Z,26.664758,-77.112835,0.20,73.0,1,9,0.9
2024-03-27T14:21:43Z,26.664760,-77.112832,0.34,33.2,1,9,0.9
2024-03-27T14:21:48Z,26.664763,-77.112828,0.09,333.0,1,9,0.9
2024-03-27T14:21:53Z,26.664763,-77.112817,0.60,115.4,1,10,0.8
2024-03-27T14:21:58Z,26.664765,-77.112805,0.42,88.1,1,10,0.8
2024-03-27T14:22:08Z,26.664768,-77.112797,0.32,48.6,1,9,0.9
2024-03-27T14:22:13Z,26.664772,-77.112792,0.15,54.1,1,9,0.9
2024-03-27T14:22:18Z,26.664772,-77.112785,0.21,84.4,1,9,0.9
2024-03-27T14:22:23Z,26.664773,-77.112788,0.17,332.3,1,10,0.8
2024-03-27T14:22:33Z,26.664768,-77.112800,0.15,200.6,1,9,0.9
2024-03-27T14:22:38Z,26.664762,-77.112803,0.06,243.6,1,9,0.9
2024-03-27T14:22:43Z,26.664763,-77.112800,0.05,228.1,1,10,0.8
2024-03-27T14:22:48Z,26.664760,-77.112803,0.03,254.2,1,10,0.8
2024-03-27T14:22:53Z,26.664758,-77.112805,0.09,91.7,1,10,0.8
2024-03-27T14:22:58Z,26.664760,-77.112805,0.16,290.0,1,10,0.8
2024-03-27T14:23:03Z,26.664758,-77.112808,0.13,100.7,1,10,0.8
2024-03-27T14:23:08Z,26.664757,-77.112810,0.06,203.2,1,10,0.8
2024-03-27T14:23:13Z,26.664753,-77.112808,0.07,64.8,1,10,0.8
2024-03-27T14:23:18Z,26.664752,-77.112807,0.16,151.4,1,10,0.8
2024-03-27T14:23:28Z,26.664750,-77.112812,0.21,239.6,1,10,0.8
2024-03-27T14:23:33Z,26.664747,-77.112818,0.34,261.8,1,10,0.8
2024-03-27T14:23:38Z,26.664750,-77.112817,0.03,50.0,1,10,0.8
2024-03-27T14:23:43Z,26.664752,-77.112818,0.05,231.9,1,10,0.8
2024-03-27T14:23:48Z,26.664750,-77.112820,0.11,276.3,1,10,0.8
2024-03-27T14:23:58Z,26.664752,-77.112825,0.14,122.5,1,10,0.8
2024-03-27T14:24:03Z,26.664753,-77.112828,0.26,300.2,1,10,0.8
2024-03-27T14:24:08Z,26.664757,-77.112837,0.26,300.3,1,10,0.8
2024-03-27T14:24:13Z,26.664753,-77.112838,0.12,96.2,1,10,0.8
2024-03-27T14:24:18Z,26.664748,-77.112840,0.19,253.0,1,9,0.8
2024-03-27T14:24:28Z,26.664743,-77.112838,0.11,175.7,1,10,0.8
2024-03-27T14:24:33Z,26.664743,-77.112837,0.19,310.6,1,10,0.8
2024-03-27T14:24:38Z,26.664742,-77.112835,0.01,324.1,1,10,0.8
2024-03-27T14:24:43Z,26.664737,-77.112838,0.02,272.7,1,10,0.8
2024-03-27T14:24:48Z,26.664738,-77.112838,0.06,358.9,1,10,0.8
2024-03-27T14:24:58Z,26.664742,-77.112845,0.02,96.3,1,10,0.8
2024-03-27T14:25:03Z,26.664742,-77.112853,0.15,277.9,1,10,0.8
2024-03-27T14:25:08Z,26.664742,-77.112858,0.17,252.7,1,10,0.8
2024-03-27T14:25:13Z,26.664740,-77.112862,0.10,306.1,1,9,0.9
2024-03-27T14:25:18Z,26.664738,-77.112862,0.03,258.2,1,10,0.8
2024-03-27T14:25:28Z,26.664737,-77.112853,0.31,115.4,1,10,0.8
2024-03-27T14:25:33Z,26.664733,-77.112845,0.20,131.6,1,10,0.8
2024-03-27T14:25:38Z,26.664735,-77.112842,0.23,223.0,1,10,0.8
2024-03-27T14:25:43Z,26.664737,-77.112843,0.19,101.1,1,10,0.8
2024-03-27T14:25:48Z,26.664740,-77.112845,0.26,274.7,1,10,0.8
2024-03-27T14:25:58Z,26.664745,-77.112845,0.12,40.3,1,9,0.9
2024-03-27T14:26:03Z,26.664747,-77.112843,0.06,168.6,1,10,0.8
2024-03-27T14:26:08Z,26.664747,-77.112843,0.12,316.1,1,10,0.8
2024-03-27T14:26:13Z,26.664748,-77.112847,0.25,290.2,1,10,0.8
2024-03-27T14:26:18Z,26.664748,-77.112850,0.04,244.8,1,10,0.8
2024-03-27T14:26:28Z,26.664755,-77.112850,0.07,9.2,1,10,0.8
2024-03-27T14:26:33Z,26.664758,-77.112850,0.07,320.6,1,9,0.8
2024-03-27T14:26:38Z,26.664758,-77.112848,0.16,313.9,1,9,0.8
2024-03-27T14:26:43Z,26.664758,-77.112848,0.04,35.4,1,10,0.8
2024-03-27T14:26:48Z,26.664757,-77.112845,0.22,69.2,1,10,0.8
2024-03-27T14:26:58Z,26.664757,-77.112845,0.19,285.1,1,10,0.8
2024-03-27T14:27:03Z,26.664757,-77.112850,0.20,279.0,1,9,0.8
2024-03-27T14:27:08Z,26.664755,-77.112847,0.11,107.2,1,9,0.8
2024-03-27T14:27:13Z,26.664755,-77.112847,0.09,33.8,1,10,0.8
2024-03-27T14:27:18Z,26.664755,-77.112845,0.31,266.6,1,10,0.8
2024-03-27T14:27:28Z,26.664753,-77.112843,0.11,71.7,1,10,0.8
2024-03-27T14:27:33Z,26.664750,-77.112842,0.16,131.5,1,10,0.8
2024-03-27T14:27:38Z,26.664747,-77.112840,0.15,202.3,1,10,0.8
2024-03-27T14:27:43Z,26.664747,-77.112843,0.16,277.9,1,9,0.9
2024-03-27T14:27:48Z,26.664745,-77.112845,0.11,120.3,1,10,0.8
2024-03-27T14:27:53Z,26.664743,-77.112842,0.13,113.2,1,10,0.8
2024-03-27T14:27:58Z,26.664742,-77.112840,0.02,189.5,1,10,0.8
2024-03-27T14:28:03Z,26.664742,-77.112840,0.04,222.1,1,10,0.8
2024-03-27T14:28:08Z,26.664743,-77.112840,0.18,106.0,1,10,0.8
2024-03-27T14:28:13Z,26.664740,-77.112847,0.16,144.7,1,10,0.8
2024-03-27T14:28:18Z,26.664737,-77.112845,0.12,113.1,1,9,0.8
2024-03-27T14:28:23Z,26.664735,-77.112848,0.05,249.3,1,10,0.8
2024-03-27T14:28:33Z,26.664733,-77.112850,0.14,268.3,1,10,0.8
2024-03-27T14:28:38Z,26.664733,-77.112847,0.03,213.5,1,9,0.9
2024-03-27T14:28:43Z,26.664733,-77.112845,0.09,108.5,1,10,0.8
2024-03-27T14:28:48Z,26.664732,-77.112845,0.12,250.5,1,10,0.8
2024-03-27T14:28:53Z,26.664730,-77.112848,0.18,274.9,1,10,0.8
2024-03-27T14:29:03Z,26.664727,-77.112853,0.08,255.1,1,10,0.8
2024-03-27T14:29:08Z,26.664725,-77.112852,0.12,63.8,1,10,0.8
2024-03-27T14:29:13Z,26.664723,-77.112850,0.11,53.1,1,10,0.8
2024-03-27T14:29:18Z,26.664727,-77.112853,0.11,104.3,1,10,0.8
2024-03-27T14:29:23Z,26.664727,-77.112853,0.03,189.7,1,10,0.8
2024-03-27T14:29:28Z,26.664725,-77.112852,0.05,248.4,1,10,0.8
2024-03-27T14:29:38Z,26.664722,-77.112855,0.11,245.3,1,10,0.8
2024-03-27T14:29:43Z,26.664720,-77.112855,0.22,274.4,1,10,0.8
2024-03-27T14:29:48Z,26.664720,-77.112850,0.18,56.7,1,10,0.8
2024-03-27T14:29:53Z,26.664722,-77.112845,0.19,51.2,1,9,0.9
2024-03-27T14:29:58Z,26.664725,-77.112842,0.16,35.4,1,10,0.8
2024-03-27T14:30:03Z,26.664727,-77.112840,0.19,59.0,1,9,0.8
2024-03-27T14:30:13Z,26.664732,-77.112840,0.11,347.8,1,9,0.8
2024-03-27T14:30:18Z,26.664733,-77.112838,0.19,74.2,1,9,0.8
2024-03-27T14:30:23Z,26.664735,-77.112837,0.13,355.7,1,10,0.8
2024-03-27T14:30:28Z,26.664735,-77.112837,0.17,320.2,1,10,0.8
2024-03-27T14:30:33Z,26.664735,-77.112838,0.05,216.1,1,10,0.8
2024-03-27T14:30:43Z,26.664735,-77.112837,0.22,86.0,1,10,0.8
2024-03-27T14:30:48Z,26.664735,-77.112837,0.15,107.5,1,10,0.8
2024-03-27T14:30:53Z,26.664735,-77.112833,0.06,16.9,1,10,0.8
2024-03-27T14:30:58Z,26.664735,-77.112835,0.11,30.3,1,10,0.8
2024-03-27T14:31:03Z,26.664737,-77.112837,0.24,34.4,1,10,0.8
2024-03-27T14:31:08Z,26.664742,-77.112833,0.21,88.6,1,10,0.8
2024-03-27T14:31:13Z,26.664747,-77.112832,0.16,14.2,1,10,0.8
2024-03-27T14:31:18Z,26.664748,-77.112825,0.14,149.5,1,10,0.8
2024-03-27T14:31:23Z,26.664748,-77.112825,0.11,146.5,1,9,0.9
2024-03-27T14:31:28Z,26.664743,-77.112823,0.22,137.7,1,10,0.8
2024-03-27T14:31:33Z,26.664738,-77.112817,0.48,102.5,1,10,0.8
2024-03-27T14:31:43Z,26.664732,-77.112817,0.20,283.3,1,9,0.8
2024-03-27T14:31:48Z,26.664732,-77.112822,0.20,107.8,1,9,0.9
2024-03-27T14:31:53Z,26.664730,-77.112828,0.22,79.9,1,9,0.8
2024-03-27T14:31:58Z,26.664728,-77.112830,0.07,348.7,1,9,0.8
2024-03-27T14:32:03Z,26.664725,-77.112827,0.36,120.6,1,9,0.8
2024-03-27T14:32:13Z,26.664723,-77.112822,0.12,109.8,1,10,0.8
2024-03-27T14:32:18Z,26.664722,-77.112817,0.18,263.7,1,10,0.8
2024-03-27T14:32:23Z,26.664723,-77.112820,0.10,134.2,1,10,0.8
2024-03-27T14:32:28Z,26.664720,-77.112822,0.08,116.4,1,10,0.8
2024-03-27T14:32:33Z,26.664718,-77.112822,0.04,19.5,1,10,0.8
2024-03-27T14:32:38Z,26.664722,-77.112820,0.29,290.5,1,9,0.8
2024-03-27T14:32:43Z,26.664723,-77.112828,0.23,324.6,1,8,0.9
2024-03-27T14:32:48Z,26.664725,-77.112832,0.32,70.5,1,9,0.8
2024-03-27T14:32:53Z,26.664725,-77.112837,0.42,290.4,1,9,0.8
2024-03-27T14:32:58Z,26.664727,-77.112848,0.17,349.5,1,10,0.8
2024-03-27T14:33:03Z,26.664728,-77.112860,0.17,51.7,1,10,0.8
2024-03-27T14:33:13Z,26.664727,-77.112853,0.10,287.9,1,9,0.9
2024-03-27T14:33:18Z,26.664728,-77.112855,0.12,70.2,1,10,0.8
2024-03-27T14:33:23Z,26.664730,-77.112855,0.07,58.5,1,10,0.8
2024-03-27T14:33:28Z,26.664730,-77.112850,0.17,73.1,1,10,0.8
2024-03-27T14:33:33Z,26.664730,-77.112847,0.18,53.9,1,10,0.8
2024-03-27T14:33:38Z,26.664728,-77.112840,0.22,70.8,1,10,0.8
2024-03-27T14:33:43Z,26.664728,-77.112837,0.15,84.5,1,9,0.9
2024-03-27T14:33:48Z,26.664730,-77.112837,0.08,264.9,1,9,0.9
2024-03-27T14:33:53Z,26.664732,-77.112835,0.12,287.2,1,10,0.8
2024-03-27T14:33:58Z,26.664733,-77.112838,0.13,147.3,1,10,0.8
2024-03-27T14:34:03Z,26.664732,-77.112837,0.12,277.4,1,10,0.8
2024-03-27T14:34:13Z,26.664730,-77.112838,0.18,124.5,1,10,0.8
2024-03-27T14:34:18Z,26.664733,-77.112838,0.15,47.0,1,10,0.8
2024-03-27T14:34:23Z,26.664733,-77.112837,0.29,95.0,1,10,0.8
2024-03-27T14:34:28Z,26.664735,-77.112833,0.15,93.3,1,10,0.8
2024-03-27T14:34:33Z,26.664738,-77.112832,0.12,336.8,1,10,0.8
2024-03-27T14:34:38Z,26.664742,-77.112832,0.03,312.9,1,9,0.9
2024-03-27T14:34:43Z,26.664742,-77.112832,0.18,105.2,1,10,0.8
2024-03-27T14:34:48Z,26.664742,-77.112828,0.04,93.0,1,10,0.8
2024-03-27T14:34:53Z,26.664740,-77.112832,0.11,78.0,1,10,0.8
2024-03-27T14:34:58Z,26.664738,-77.112832,0.10,116.1,1,10,0.8
2024-03-27T14:35:03Z,26.664737,-77.112837,0.14,280.9,1,10,0.8
2024-03-27T14:35:08Z,26.664737,-77.112835,0.33,102.5,1,10,0.8
2024-03-27T14:35:18Z,26.664735,-77.112840,0.29,283.0,1,10,0.8
2024-03-27T14:35:23Z,26.664737,-77.112840,0.17,349.1,1,10,0.8
2024-03-27T14:35:28Z,26.664738,-77.112840,0.28,63.3,1,10,0.8
2024-03-27T14:35:33Z,26.664738,-77.112838,0.16,57.0,1,10,0.8
2024-03-27T14:35:38Z,26.664737,-77.112837,0.05,127.1,1,10,0.8
2024-03-27T14:35:43Z,26.664737,-77.112838,0.11,91.5,1,10,0.8
2024-03-27T14:35:53Z,26.664733,-77.112837,0.07,80.3,1,10,0.8
2024-03-27T14:35:58Z,26.664733,-77.112835,0.10,175.2,1,10,0.8
2024-03-27T14:36:03Z,26.664732,-77.112835,0.18,243.8,1,10,0.8
2024-03-27T14:36:08Z,26.664730,-77.112837,0.03,292.9,1,10,0.8
2024-03-27T14:36:13Z,26.664728,-77.112837,0.17,133.9,1,10,0.8
2024-03-27T14:36:23Z,26.664727,-77.112838,0.07,303.8,1,10,0.8
2024-03-27T14:36:28Z,26.664727,-77.112835,0.16,129.8,1,9,0.9
2024-03-27T14:36:33Z,26.664728,-77.112833,0.13,60.3,1,9,0.9
2024-03-27T14:36:38Z,26.664730,-77.112833,0.03,251.0,1,9,0.9
2024-03-27T14:36:43Z,26.664732,-77.112832,0.11,19.5,1,9,0.9
2024-03-27T14:36:53Z,26.664737,-77.112830,0.14,30.1,1,9,0.9
2024-03-27T14:36:58Z,26.664738,-77.112832,0.18,303.2,1,10,0.8
2024-03-27T14:37:03Z,26.664740,-77.112833,0.18,305.1,1,10,0.8
2024-03-27T14:37:08Z,26.664743,-77.112833,0.07,37.4,1,9,0.9
2024-03-27T14:37:13Z,26.664745,-77.112832,0.09,347.8,1,9,0.9
2024-03-27T14:37:23Z,26.664747,-77.112827,0.08,31.7,1,10,0.8
2024-03-27T14:37:28Z,26.664747,-77.112827,0.13,61.5,1,10,0.8
2024-03-27T14:37:33Z,26.664748,-77.112823,0.09,132.3,1,9,0.9
2024-03-27T14:37:38Z,26.664748,-77.112820,0.15,93.3,1,9,0.9
2024-03-27T14:37:43Z,26.664750,-77.112820,0.11,58.5,1,9,0.9
2024-03-27T14:37:53Z,26.664748,-77.112823,0.20,55.5,1,10,0.8
2024-03-27T14:37:58Z,26.664750,-77.112815,0.09,139.1,1,10,0.8
2024-03-27T14:38:03Z,26.664753,-77.112812,0.29,255.1,1,10,0.8
2024-03-27T14:38:08Z,26.664752,-77.112817,0.04,206.2,1,9,0.9
2024-03-27T14:38:13Z,26.664748,-77.112818,0.16,172.6,1,10,0.8
2024-03-27T14:38:23Z,26.664737,-77.112805,0.21,78.6,1,10,0.8
2024-03-27T14:38:28Z,26.664735,-77.112807,0.02,151.9,1,10,0.8
2024-03-27T14:38:33Z,26.664737,-77.112812,0.15,84.8,1,10,0.8
2024-03-27T14:38:38Z,26.664737,-77.112817,0.12,279.9,1,9,0.9
2024-03-27T14:38:43Z,26.664740,-77.112818,0.12,79.7,1,10,0.8
2024-03-27T14:38:53Z,26.664745,-77.112817,0.20,121.9,1,10,0.8
2024-03-27T14:38:58Z,26.664750,-77.112817,0.13,37.4,1,9,0.9
2024-03-27T14:39:03Z,26.664753,-77.112815,0.11,302.0,1,9,0.9
2024-03-27T14:39:08Z,26.664755,-77.112808,0.29,35.5,1,10,0.8
2024-03-27T14:39:13Z,26.664758,-77.112808,0.38,280.4,1,10,0.8
2024-03-27T14:39:18Z,26.664762,-77.112807,0.21,70.9,1,10,0.8
2024-03-27T14:39:23Z,26.664763,-77.112805,0.12,312.9,1,10,0.8
2024-03-27T14:39:28Z,26.664763,-77.112800,0.13,178.5,1,10,0.8
2024-03-27T14:39:33Z,26.664763,-77.112797,0.15,290.6,1,10,0.8
2024-03-27T14:39:38Z,26.664765,-77.112793,0.17,62.3,1,10,0.8
2024-03-27T14:39:43Z,26.664763,-77.112790,0.15,129.6,1,10,0.8
2024-03-27T14:39:53Z,26.664757,-77.112787,0.40,151.3,1,10,0.8
2024-03-27T14:39:58Z,26.664753,-77.112785,0.05,149.9,1,10,0.8
2024-03-27T14:40:03Z,26.664750,-77.112793,0.21,252.1,1,9,0.8
2024-03-27T14:40:08Z,26.664748,-77.112800,0.14,266.7,1,10,0.8
2024-03-27T14:40:13Z,26.664748,-77.112798,0.10,34.4,1,10,0.8
2024-03-27T14:40:18Z,26.664750,-77.112795,0.13,277.3,1,10,0.8
2024-03-27T14:40:23Z,26.664745,-77.112805,0.19,239.8,1,10,0.8
2024-03-27T14:40:28Z,26.664742,-77.112813,0.09,218.4,1,10,0.8
2024-03-27T14:40:33Z,26.664740,-77.112822,0.01,44.6,1,10,0.8
2024-03-27T14:40:38Z,26.664745,-77.112825,0.07,105.8,1,10,0.8
2024-03-27T14:40:43Z,26.664747,-77.112828,0.09,94.5,1,9,0.9
2024-03-27T14:40:48Z,26.664748,-77.112830,0.25,1.1,1,10,0.8
2024-03-27T14:40:53Z,26.664752,-77.112828,0.13,337.6,1,9,0.9
2024-03-27T14:40:58Z,26.664753,-77.112830,0.21,290.9,1,10,0.8
2024-03-27T14:41:03Z,26.664753,-77.112828,0.14,198.8,1,10,0.8
2024-03-27T14:41:08Z,26.664753,-77.112830,0.22,275.7,1,10,0.8
2024-03-27T14:41:13Z,26.664752,-77.112832,0.08,82.6,1,10,0.8
2024-03-27T14:41:23Z,26.664748,-77.112840,0.42,267.7,1,10,0.8
2024-03-27T14:41:28Z,26.664743,-77.112840,0.17,187.4,1,10,0.8
2024-03-27T14:41:33Z,26.664740,-77.112842,0.06,191.4,1,10,0.8
2024-03-27T14:41:38Z,26.664740,-77.112843,0.05,267.4,1,10,0.8
2024-03-27T14:41:43Z,26.664737,-77.112842,0.09,262.8,1,10,0.8
2024-03-27T14:41:48Z,26.664737,-77.112840,0.06,132.0,1,10,0.8
2024-03-27T14:41:58Z,26.664730,-77.112838,0.10,96.2,1,9,0.9
2024-03-27T14:42:03Z,26.664727,-77.112843,0.17,225.8,1,10,0.8
2024-03-27T14:42:08Z,26.664725,-77.112845,0.34,69.8,1,10,0.8
2024-03-27T14:42:13Z,26.664728,-77.112845,0.18,11.2,1,10,0.8
2024-03-27T14:42:18Z,26.664728,-77.112840,0.10,32.5,1,10,0.8
2024-03-27T14:42:23Z,26.664732,-77.112843,0.17,328.2,1,10,0.8
2024-03-27T14:42:33Z,26.664733,-77.112838,0.10,30.5,1,10,0.8
2024-03-27T14:42:38Z,26.664735,-77.112833,0.20,95.1,1,10,0.8
2024-03-27T14:42:43Z,26.664737,-77.112830,0.10,276.0,1,10,0.8
2024-03-27T14:42:48Z,26.664735,-77.112833,0.10,340.3,1,11,0.7
2024-03-27T14:42:53Z,26.664733,-77.112837,0.06,354.2,1,11,0.7
2024-03-27T14:42:58Z,26.664732,-77.112837,0.04,234.9,1,11,0.7
2024-03-27T14:43:03Z,26.664730,-77.112838,0.11,243.6,1,11,0.7
2024-03-27T14:43:13Z,26.664732,-77.112845,0.21,300.7,1,11,0.7
2024-03-27T14:43:18Z,26.664730,-77.112843,0.09,100.4,1,11,0.7
2024-03-27T14:43:23Z,26.664733,-77.112848,0.05,36.7,1,10,0.8
2024-03-27T14:43:28Z,26.664733,-77.112847,0.13,318.7,1,10,0.8
2024-03-27T14:43:33Z,26.664735,-77.112847,0.10,33.9,1,9,0.9
2024-03-27T14:43:38Z,26.664737,-77.112845,0.11,36.2,1,11,0.7
2024-03-27T14:43:48Z,26.664745,-77.112840,0.10,11.1,1,10,0.8
2024-03-27T14:43:53Z,26.664745,-77.112838,0.15,319.1,1,11,0.7
2024-03-27T14:43:58Z,26.664745,-77.112835,0.10,82.9,1,11,0.7
2024-03-27T14:44:03Z,26.664745,-77.112833,0.14,76.5,1,11,0.7
2024-03-27T14:44:08Z,26.664747,-77.112832,0.17,56.1,1,10,0.8
2024-03-27T14:44:13Z,26.664747,-77.112828,0.19,75.5,1,11,0.7
2024-03-27T14:44:23Z,26.664745,-77.112822,0.28,115.8,1,11,0.7
2024-03-27T14:44:28Z,26.664743,-77.112818,0.12,115.5,1,11,0.7
2024-03-27T14:44:33Z,26.664742,-77.112815,0.02,21.0,1,11,0.7
2024-03-27T14:44:38Z,26.664743,-77.112815,0.11,70.9,1,10,0.8
2024-03-27T14:44:43Z,26.664743,-77.112812,0.22,91.6,1,11,0.7
2024-03-27T14:44:48Z,26.664743,-77.112812,0.15,77.0,1,11,0.7
2024-03-27T14:44:58Z,26.664748,-77.112813,0.06,99.8,1,11,0.7
2024-03-27T14:45:03Z,26.664747,-77.112815,0.04,168.1,1,11,0.7
2024-03-27T14:45:08Z,26.664747,-77.112817,0.16,241.0,1,11,0.7
2024-03-27T14:45:13Z,26.664747,-77.112820,0.13,249.1,1,10,0.8
2024-03-27T14:45:18Z,26.664747,-77.112820,0.16,123.0,1,11,0.7
2024-03-27T14:45:23Z,26.664747,-77.112822,0.29,300.9,1,10,0.8
2024-03-27T14:45:28Z,26.664753,-77.112827,0.20,93.9,1,11,0.7
2024-03-27T14:45:33Z,26.664755,-77.112825,0.16,131.3,1,11,0.7
2024-03-27T14:45:38Z,26.664755,-77.112827,0.12,61.0,1,11,0.7
2024-03-27T14:45:43Z,26.664753,-77.112823,0.11,127.8,2,11,0.7
2024-03-27T14:45:48Z,26.664753,-77.112818,0.09,52.0,2,11,0.7
2024-03-27T14:45:53Z,26.664755,-77.112817,0.18,84.0,2,11,0.7
2024-03-27T14:45:58Z,26.664757,-77.112817,0.37,316.7,2,11,0.7
2024-03-27T14:46:08Z,26.664763,-77.112813,0.25,98.6,1,11,0.7
2024-03-27T14:46:13Z,26.664763,-77.112810,0.03,73.0,1,11,0.7
2024-03-27T14:46:18Z,26.664765,-77.112812,0.06,83.7,1,10,0.8
2024-03-27T14:46:23Z,26.664762,-77.112815,0.27,293.7,2,11,0.7
2024-03-27T14:46:28Z,26.664758,-77.112813,0.06,12.0,2,11,0.7
2024-03-27T14:46:33Z,26.664755,-77.112812,0.12,68.1,2,11,0.7
2024-03-27T14:46:38Z,26.664757,-77.112810,0.08,31.6,2,11,0.7
2024-03-27T14:46:43Z,26.664758,-77.112813,0.17,89.8,1,11,0.7
2024-03-27T14:46:48Z,26.664758,-77.112812,0.17,315.8,1,11,0.7
2024-03-27T14:46:53Z,26.664753,-77.112805,0.30,75.4,1,11,0.7
2024-03-27T14:46:58Z,26.664748,-77.112802,0.16,198.0,1,11,0.7
2024-03-27T14:47:03Z,26.664747,-77.112803,0.21,248.2,1,11,0.7
2024-03-27T14:47:08Z,26.664743,-77.112803,0.09,225.8,1,11,0.7
2024-03-27T14:47:18Z,26.664745,-77.112808,0.11,128.8,2,11,0.7
2024-03-27T14:47:23Z,26.664740,-77.112807,0.18,128.4,2,11,0.7
2024-03-27T14:47:28Z,26.664735,-77.112810,0.23,307.8,2,11,0.7
2024-03-27T14:47:33Z,26.664728,-77.112805,0.24,268.6,2,11,0.7
2024-03-27T14:47:38Z,26.664728,-77.112807,0.17,75.8,2,10,0.8
2024-03-27T14:47:43Z,26.664737,-77.112805,0.13,135.8,2,10,0.8
2024-03-27T14:47:48Z,26.664737,-77.112808,0.07,133.2,2,11,0.7
2024-03-27T14:47:58Z,26.664735,-77.112808,0.25,75.2,2,10,0.8
2024-03-27T14:48:03Z,26.664735,-77.112810,0.05,28.0,1,10,0.8
2024-03-27T14:48:08Z,26.664737,-77.112815,0.07,221.2,1,11,0.7
2024-03-27T14:48:13Z,26.664735,-77.112818,0.06,236.1,1,11,0.7
2024-03-27T14:48:18Z,26.664735,-77.112822,0.05,144.9,1,11,0.7
2024-03-27T14:48:23Z,26.664740,-77.112825,0.16,326.9,1,11,0.7
2024-03-27T14:48:33Z,26.664743,-77.112828,0.22,77.8,1,10,0.8
2024-03-27T14:48:38Z,26.664747,-77.112828,0.16,94.4,1,11,0.7
2024-03-27T14:48:43Z,26.664748,-77.112825,0.17,13.6,1,11,0.7
2024-03-27T14:48:48Z,26.664750,-77.112827,0.03,37.4,1,11,0.7
2024-03-27T14:48:53Z,26.664750,-77.112827,0.06,216.9,1,11,0.7
2024-03-27T14:48:58Z,26.664752,-77.112828,0.12,356.7,1,11,0.7
2024-03-27T14:49:08Z,26.664753,-77.112830,0.10,311.9,1,10,0.8
2024-03-27T14:49:13Z,26.664753,-77.112832,0.05,272.0,1,10,0.8
2024-03-27T14:49:18Z,26.664750,-77.112828,0.20,276.3,1,10,0.8
2024-03-27T14:49:23Z,26.664748,-77.112828,0.08,223.3,1,11,0.7
2024-03-27T14:49:28Z,26.664747,-77.112832,0.11,254.6,1,11,0.7
2024-03-27T14:49:38Z,26.664738,-77.112837,0.20,168.9,1,11,0.7
2024-03-27T14:49:43Z,26.664738,-77.112840,0.12,85.2,1,11,0.7
2024-03-27T14:49:48Z,26.664733,-77.112838,0.13,207.6,1,11,0.7
2024-03-27T14:49:53Z,26.664730,-77.112840,0.24,249.9,1,11,0.7
2024-03-27T14:49:58Z,26.664725,-77.112843,0.15,269.1,1,11,0.7
2024-03-27T14:50:03Z,26.664722,-77.112847,0.14,262.0,1,11,0.7
2024-03-27T14:50:13Z,26.664717,-77.112852,0.17,295.8,1,11,0.7
2024-03-27T14:50:18Z,26.664717,-77.112852,0.06,181.9,1,11,0.7
2024-03-27T14:50:23Z,26.664720,-77.112852,0.22,32.1,1,11,0.7
2024-03-27T14:50:28Z,26.664720,-77.112852,0.09,73.0,1,11,0.7
2024-03-27T14:50:33Z,26.664727,-77.112848,0.18,308.4,1,11,0.7
2024-03-27T14:50:43Z,26.664732,-77.112843,0.14,6.9,1,11,0.7
2024-03-27T14:50:48Z,26.664735,-77.112847,0.25,296.9,1,11,0.7
2024-03-27T14:50:53Z,26.664737,-77.112850,0.29,308.5,1,11,0.7
2024-03-27T14:50:58Z,26.664738,-77.112850,0.03,169.5,1,11,0.7
2024-03-27T14:51:03Z,26.664737,-77.112852,0.03,187.5,1,11,0.7
2024-03-27T14:51:08Z,26.664733,-77.112852,0.38,136.1,1,11,0.7
2024-03-27T14:51:18Z,26.664728,-77.112862,0.09,136.4,1,11,0.7
2024-03-27T14:51:23Z,26.664727,-77.112865,0.09,81.5,1,11,0.7
2024-03-27T14:51:28Z,26.664728,-77.112865,0.18,89.7,1,11,0.7
2024-03-27T14:51:33Z,26.664730,-77.112862,0.14,349.8,1,11,0.7
2024-03-27T14:51:38Z,26.664730,-77.112855,0.13,102.2,1,11,0.7
2024-03-27T14:51:48Z,26.664728,-77.112847,0.07,338.7,1,11,0.7
2024-03-27T14:51:53Z,26.664728,-77.112848,0.13,351.6,1,11,0.7
2024-03-27T14:51:58Z,26.664727,-77.112848,0.14,87.1,1,11,0.7
2024-03-27T14:52:03Z,26.664730,-77.112848,0.29,29.1,1,11,0.7
2024-03-27T14:52:08Z,26.664733,-77.112847,0.23,26.6,1,11,0.7
2024-03-27T14:52:13Z,26.664738,-77.112845,0.18,10.8,1,11,0.7
2024-03-27T14:52:23Z,26.664743,-77.112835,0.17,88.5,1,11,0.7
2024-03-27T14:52:28Z,26.664745,-77.112832,0.27,42.4,1,11,0.7
2024-03-27T14:52:33Z,26.664748,-77.112828,0.08,205.1,1,11,0.7
2024-03-27T14:52:38Z,26.664750,-77.112830,0.23,331.7,1,11,0.7
2024-03-27T14:52:43Z,26.664752,-77.112830,0.09,131.5,1,10,0.8
2024-03-27T14:52:53Z,26.664752,-77.112827,0.10,236.5,1,11,0.7
2024-03-27T14:52:58Z,26.664748,-77.112828,0.10,163.6,1,10,0.8
2024-03-27T14:53:03Z,26.664747,-77.112825,0.12,291.3,1,11,0.7
2024-03-27T14:53:08Z,26.664742,-77.112827,0.04,259.5,1,10,0.8
2024-03-27T14:53:13Z,26.664740,-77.112830,0.06,148.8,1,10,0.8
2024-03-27T14:53:18Z,26.664742,-77.112833,0.24,325.0,1,11,0.7
2024-03-27T14:53:28Z,26.664748,-77.112840,0.24,12.8,1,11,0.7
2024-03-27T14:53:33Z,26.664748,-77.112843,0.11,272.3,1,11,0.7
2024-03-27T14:53:38Z,26.664753,-77.112848,0.22,292.3,1,10,0.8
2024-03-27T14:53:43Z,26.664758,-77.112852,0.07,63.9,1,11,0.7
2024-03-27T14:53:48Z,26.664762,-77.112853,0.19,304.5,1,11,0.7
2024-03-27T14:53:53Z,26.664765,-77.112855,0.22,335.3,1,11,0.7
2024-03-27T14:54:03Z,26.664768,-77.112845,0.07,110.5,1,11,0.7
2024-03-27T14:54:08Z,26.664767,-77.112842,0.17,313.5,1,11,0.7
2024-03-27T14:54:13Z,26.664765,-77.112842,0.22,166.6,1,10,0.8
2024-03-27T14:54:18Z,26.664763,-77.112845,0.13,266.1,1,11,0.7
2024-03-27T14:54:23Z,26.664763,-77.112847,0.23,257.9,1,11,0.7
2024-03-27T14:54:28Z,26.664763,-77.112850,0.08,62.4,1,11,0.7
2024-03-27T14:54:33Z,26.664762,-77.112850,0.12,295.7,1,11,0.7
2024-03-27T14:54:38Z,26.664762,-77.112847,0.13,85.1,1,11,0.7
2024-03-27T14:54:43Z,26.664762,-77.112847,0.12,25.5,1,11,0.7
2024-03-27T14:54:48Z,26.664762,-77.112847,0.09,117.2,1,11,0.7
2024-03-27T14:54:53Z,26.664762,-77.112845,0.14,18.6,1,11,0.7
2024-03-27T14:54:58Z,26.664760,-77.112840,0.18,152.9,1,11,0.7
2024-03-27T14:55:03Z,26.664757,-77.112838,0.22,101.0,1,11,0.7
2024-03-27T14:55:08Z,26.664755,-77.112832,0.16,137.8,1,11,0.7
2024-03-27T14:55:13Z,26.664757,-77.112830,0.10,306.5,1,10,0.8
2024-03-27T14:55:18Z,26.664757,-77.112827,0.09,31.5,1,11,0.7
2024-03-27T14:55:23Z,26.664758,-77.112825,0.07,16.6,1,10,0.8
2024-03-27T14:55:28Z,26.664758,-77.112825,0.05,77.7,1,11,0.7
2024-03-27T14:55:33Z,26.664758,-77.112823,0.07,23.1,1,11,0.7
2024-03-27T14:55:38Z,26.664758,-77.112822,0.10,60.9,1,11,0.7
2024-03-27T14:55:43Z,26.664760,-77.112822,0.09,353.1,1,11,0.7
2024-03-27T14:55:48Z,26.664758,-77.112822,0.10,336.2,1,11,0.7
2024-03-27T14:55:53Z,26.664757,-77.112820,0.12,148.4,1,11,0.7
2024-03-27T14:55:58Z,26.664752,-77.112825,0.21,327.1,1,11,0.7
2024-03-27T14:56:03Z,26.664752,-77.112828,0.02,20.8,1,11,0.7
2024-03-27T14:56:08Z,26.664750,-77.112828,0.13,147.3,1,11,0.7
2024-03-27T14:56:13Z,26.664745,-77.112828,0.14,200.4,1,11,0.7
2024-03-27T14:56:18Z,26.664742,-77.112827,0.06,343.9,1,11,0.7
2024-03-27T14:56:23Z,26.664740,-77.112823,0.02,318.0,1,11,0.7
2024-03-27T14:56:28Z,26.664740,-77.112827,0.05,0.6,1,11,0.7
2024-03-27T14:56:33Z,26.664740,-77.112825,0.22,285.1,1,11,0.7
2024-03-27T14:56:38Z,26.664742,-77.112823,0.03,359.9,1,11,0.7
2024-03-27T14:56:43Z,26.664742,-77.112827,0.25,47.1,1,11,0.7
2024-03-27T14:56:48Z,26.664743,-77.112828,0.20,93.4,1,11,0.7
2024-03-27T14:56:53Z,26.664745,-77.112823,0.19,18.7,1,11,0.7
2024-03-27T14:56:58Z,26.664748,-77.112820,0.19,268.1,1,11,0.7
2024-03-27T14:57:03Z,26.664743,-77.112818,0.30,174.4,1,11,0.7
2024-03-27T14:57:08Z,26.664742,-77.112818,0.19,332.8,1,11,0.7
2024-03-27T14:57:13Z,26.664740,-77.112818,0.15,256.2,1,11,0.7
2024-03-27T14:57:18Z,26.664738,-77.112820,0.06,332.2,1,11,0.7
2024-03-27T14:57:23Z,26.664737,-77.112825,0.08,58.9,1,11,0.7
2024-03-27T14:57:28Z,26.664738,-77.112825,0.42,297.2,1,11,0.7
2024-03-27T14:57:38Z,26.664738,-77.112825,0.11,25.4,1,11,0.7
2024-03-27T14:57:43Z,26.664738,-77.112822,0.31,105.0,1,11,0.7
2024-03-27T14:57:48Z,26.664738,-77.112820,0.08,33.4,1,11,0.7
2024-03-27T14:57:53Z,26.664740,-77.112820,0.15,0.1,1,11,0.7
2024-03-27T14:57:58Z,26.664742,-77.112820,0.15,60.8,1,11,0.7
2024-03-27T14:58:03Z,26.664743,-77.112820,0.18,28.4,1,11,0.7
2024-03-27T14:58:13Z,26.664745,-77.112807,0.43,114.5,1,11,0.7
2024-03-27T14:58:18Z,26.664742,-77.112797,0.11,114.5,1,11,0.7
2024-03-27T14:58:23Z,26.664743,-77.112795,0.36,125.6,1,11,0.7
2024-03-27T14:58:28Z,26.664743,-77.112790,0.04,116.3,1,11,0.7
2024-03-27T14:58:33Z,26.664743,-77.112790,0.10,288.3,1,11,0.7
2024-03-27T14:58:38Z,26.664745,-77.112792,0.07,49.4,1,11,0.7
2024-03-27T14:58:48Z,26.664752,-77.112798,0.18,295.1,1,11,0.7
2024-03-27T14:58:53Z,26.664753,-77.112800,0.25,283.7,1,10,0.8
2024-03-27T14:58:58Z,26.664753,-77.112798,0.04,254.5,1,10,0.8
2024-03-27T14:59:03Z,26.664753,-77.112800,0.04,135.2,1,10,0.8
2024-03-27T14:59:08Z,26.664753,-77.112798,0.17,283.7,1,11,0.7
2024-03-27T14:59:13Z,26.664753,-77.112803,0.28,296.1,1,11,0.7
2024-03-27T14:59:23Z,26.664753,-77.112807,0.09,31.4,1,11,0.7
2024-03-27T14:59:28Z,26.664753,-77.112803,0.15,74.8,1,11,0.7
2024-03-27T14:59:33Z,26.664753,-77.112803,0.13,118.4,1,11,0.7
2024-03-27T14:59:38Z,26.664755,-77.112812,0.08,301.4,1,11,0.7
2024-03-27T14:59:43Z,26.664755,-77.112812,0.29,114.9,1,11,0.7
2024-03-27T14:59:48Z,26.664755,-77.112813,0.16,345.2,1,11,0.7
2024-03-27T14:59:53Z,26.664757,-77.112813,0.05,285.1,1,11,0.7
2024-03-27T14:59:58Z,26.664757,-77.112817,0.14,318.1,1,11,0.7
2024-03-27T15:00:03Z,26.664757,-77.112817,0.09,75.2,1,11,0.7
2024-03-27T15:00:08Z,26.664755,-77.112818,0.16,232.6,1,11,0.7
2024-03-27T15:00:13Z,26.664753,-77.112818,0.14,236.4,1,11,0.7
2024-03-27T15:00:18Z,26.664752,-77.112818,0.13,146.7,1,11,0.7
2024-03-27T15:00:23Z,26.664750,-77.112820,0.17,117.4,1,11,0.7
2024-03-27T15:00:28Z,26.664750,-77.112823,0.14,239.9,1,11,0.7
2024-03-27T15:00:33Z,26.664748,-77.112827,0.13,241.6,1,11,0.7
2024-03-27T15:00:38Z,26.664748,-77.112828,0.04,83.6,1,11,0.7
2024-03-27T15:00:43Z,26.664747,-77.112828,0.07,154.6,1,11,0.7
2024-03-27T15:00:48Z,26.664745,-77.112828,0.14,134.9,1,11,0.7
2024-03-27T15:00:53Z,26.664745,-77.112828,0.22,258.7,1,10,0.8
2024-03-27T15:00:58Z,26.664743,-77.112828,0.28,36.6,1,11,0.7
2024-03-27T15:01:03Z,26.664743,-77.112832,0.18,286.5,1,11,0.7
2024-03-27T15:01:08Z,26.664743,-77.112837,0.04,65.7,1,11,0.7
2024-03-27T15:01:13Z,26.664747,-77.112837,0.26,354.0,1,11,0.7
2024-03-27T15:01:18Z,26.664753,-77.112837,0.37,326.4,1,11,0.7
2024-03-27T15:01:23Z,26.664757,-77.112832,0.12,25.0,1,11,0.7
2024-03-27T15:01:28Z,26.664763,-77.112832,0.29,50.4,1,11,0.7
2024-03-27T15:01:33Z,26.664768,-77.112832,0.21,72.2,1,11,0.7
2024-03-27T15:01:38Z,26.664770,-77.112828,0.08,90.6,1,11,0.7
2024-03-27T15:01:48Z,26.664767,-77.112813,0.16,124.9,1,11,0.7
2024-03-27T15:01:53Z,26.664762,-77.112810,0.26,102.6,1,11,0.7
2024-03-27T15:01:58Z,26.664763,-77.112805,0.08,27.5,1,11,0.7
2024-03-27T15:02:03Z,26.664762,-77.112802,0.10,125.5,1,11,0.7
2024-03-27T15:02:08Z,26.664763,-77.112800,0.23,50.8,1,11,0.7
2024-03-27T15:02:13Z,26.664767,-77.112797,0.19,38.0,1,11,0.7
2024-03-27T15:02:18Z,26.664770,-77.112797,0.26,33.6,1,11,0.7
2024-03-27T15:02:23Z,26.664772,-77.112792,0.12,77.2,1,11,0.7
2024-03-27T15:02:28Z,26.664772,-77.112790,0.12,257.4,1,11,0.7
2024-03-27T15:02:33Z,26.664770,-77.112790,0.21,229.4,1,11,0.7
2024-03-27T15:02:38Z,26.664765,-77.112790,0.01,21.0,1,11,0.7
2024-03-27T15:02:43Z,26.664762,-77.112792,0.07,227.1,1,11,0.7
2024-03-27T15:02:48Z,26.664762,-77.112793,0.19,308.5,1,11,0.7
2024-03-27T15:02:53Z,26.664760,-77.112797,0.15,284.3,1,10,0.8
2024-03-27T15:02:58Z,26.664757,-77.112797,0.08,243.8,1,11,0.7
2024-03-27T15:03:03Z,26.664757,-77.112797,0.07,308.3,1,11,0.7
2024-03-27T15:03:08Z,26.664757,-77.112798,0.07,346.6,1,11,0.7
2024-03-27T15:03:13Z,26.664758,-77.112798,0.07,347.7,1,11,0.7
2024-03-27T15:03:18Z,26.664757,-77.112798,0.06,128.5,1,11,0.7
2024-03-27T15:03:23Z,26.664755,-77.112798,0.11,164.1,1,11,0.7
2024-03-27T15:03:28Z,26.664755,-77.112797,0.08,53.9,1,11,0.7
2024-03-27T15:03:38Z,26.664752,-77.112797,0.14,258.2,1,11,0.7
2024-03-27T15:03:43Z,26.664752,-77.112797,0.07,277.4,1,11,0.7
2024-03-27T15:03:48Z,26.664753,-77.112800,0.11,304.6,1,11,0.7
2024-03-27T15:03:53Z,26.664753,-77.112800,0.04,352.2,1,11,0.7
2024-03-27T15:03:58Z,26.664753,-77.112800,0.09,271.4,1,10,0.8
2024-03-27T15:04:03Z,26.664753,-77.112800,0.03,197.1,1,11,0.7
2024-03-27T15:04:08Z,26.664753,-77.112798,0.07,110.9,1,11,0.7
2024-03-27T15:04:13Z,26.664753,-77.112797,0.14,290.8,1,11,0.7
2024-03-27T15:04:18Z,26.664752,-77.112795,0.13,95.4,1,11,0.7
2024-03-27T15:04:23Z,26.664750,-77.112795,0.08,247.3,1,11,0.7
2024-03-27T15:04:28Z,26.664750,-77.112797,0.10,334.1,1,11,0.7
2024-03-27T15:04:33Z,26.664750,-77.112797,0.16,302.6,1,11,0.7
2024-03-27T15:04:38Z,26.664750,-77.112797,0.05,272.3,1,10,0.8
2024-03-27T15:04:43Z,26.664752,-77.112800,0.04,293.3,1,11,0.7
2024-03-27T15:04:53Z,26.664758,-77.112800,0.05,156.6,1,11,0.7
2024-03-27T15:04:58Z,26.664760,-77.112797,0.25,88.8,1,11,0.7
2024-03-27T15:05:03Z,26.664758,-77.112793,0.19,81.3,1,11,0.7
2024-03-27T15:05:08Z,26.664758,-77.112790,0.20,96.9,1,11,0.7
2024-03-27T15:05:13Z,26.664757,-77.112788,0.07,251.0,1,11,0.7
2024-03-27T15:05:18Z,26.664755,-77.112788,0.04,115.1,1,10,0.8
2024-03-27T15:05:23Z,26.664753,-77.112790,0.08,181.2,1,10,0.8
2024-03-27T15:05:28Z,26.664750,-77.112792,0.07,220.3,1,10,0.8
2024-03-27T15:05:33Z,26.664748,-77.112795,0.09,191.1,1,10,0.8
2024-03-27T15:05:38Z,26.664745,-77.112797,0.25,213.4,1,10,0.8
2024-03-27T15:05:43Z,26.664743,-77.112798,0.07,234.4,1,10,0.8
2024-03-27T15:05:48Z,26.664742,-77.112802,0.06,232.4,1,10,0.8
2024-03-27T15:05:53Z,26.664740,-77.112803,0.11,222.4,1,10,0.8
2024-03-27T15:06:03Z,26.664738,-77.112803,0.14,327.7,1,10,0.8
2024-03-27T15:06:08Z,26.664738,-77.112807,0.18,201.7,1,10,0.8
2024-03-27T15:06:13Z,26.664737,-77.112805,0.05,308.9,1,11,0.7
2024-03-27T15:06:18Z,26.664738,-77.112808,0.11,258.4,1,10,0.8
2024-03-27T15:06:23Z,26.664737,-77.112810,0.15,255.9,1,11,0.7
2024-03-27T15:06:28Z,26.664737,-77.112813,0.11,218.4,1,10,0.8
2024-03-27T15:06:38Z,26.664738,-77.112823,0.06,184.9,1,10,0.8
2024-03-27T15:06:43Z,26.664738,-77.112825,0.17,310.1,1,11,0.7
2024-03-27T15:06:48Z,26.664740,-77.112827,0.06,122.8,1,11,0.7
2024-03-27T15:06:53Z,26.664738,-77.112823,0.27,146.3,1,11,0.7
2024-03-27T15:06:58Z,26.664738,-77.112823,0.09,178.1,1,11,0.7
2024-03-27T15:07:03Z,26.664740,-77.112825,0.12,91.1,1,11,0.7
2024-03-27T15:07:13Z,26.664742,-77.112830,0.36,327.6,1,11,0.7
2024-03-27T15:07:18Z,26.664742,-77.112832,0.16,307.2,1,11,0.7
2024-03-27T15:07:23Z,26.664740,-77.112833,0.03,73.0,1,10,0.8
2024-03-27T15:07:28Z,26.664743,-77.112833,0.24,115.5,1,11,0.7
2024-03-27T15:07:33Z,26.664743,-77.112830,0.13,109.0,1,10,0.8
2024-03-27T15:07:38Z,26.664742,-77.112828,0.17,113.3,1,10,0.8
2024-03-27T15:07:48Z,26.664740,-77.112825,0.23,54.5,1,10,0.8
2024-03-27T15:07:53Z,26.664740,-77.112825,0.26,132.3,1,10,0.8
2024-03-27T15:07:58Z,26.664742,-77.112822,0.07,101.7,1,10,0.8
2024-03-27T15:08:03Z,26.664740,-77.112820,0.09,139.8,1,11,0.7
2024-03-27T15:08:08Z,26.664742,-77.112818,0.21,85.7,1,10,0.8
2024-03-27T15:08:13Z,26.664742,-77.112818,0.01,270.9,1,11,0.7
2024-03-27T15:08:18Z,26.664742,-77.112818,0.02,77.3,1,11,0.7
2024-03-27T15:08:23Z,26.664743,-77.112817,0.16,61.0,1,10,0.8
2024-03-27T15:08:28Z,26.664742,-77.112813,0.12,136.2,1,10,0.8
2024-03-27T15:08:33Z,26.664742,-77.112815,0.13,176.8,1,10,0.8
2024-03-27T15:08:38Z,26.664743,-77.112817,0.02,91.2,1,10,0.8
2024-03-27T15:08:43Z,26.664747,-77.112818,0.02,135.8,1,11,0.7
2024-03-27T15:08:48Z,26.664748,-77.112818,0.02,209.8,1,11,0.7
2024-03-27T15:08:53Z,26.664748,-77.112817,0.18,76.7,1,10,0.8
2024-03-27T15:08:58Z,26.664750,-77.112817,0.07,336.1,1,11,0.7
2024-03-27T15:09:03Z,26.664752,-77.112817,0.04,63.9,1,11,0.7
2024-03-27T15:09:08Z,26.664752,-77.112818,0.01,58.0,1,11,0.7
2024-03-27T15:09:13Z,26.664752,-77.112818,0.26,313.7,1,11,0.7
2024-03-27T15:09:18Z,26.664753,-77.112822,0.05,173.1,1,11,0.7
2024-03-27T15:09:23Z,26.664753,-77.112823,0.04,68.8,1,11,0.7
2024-03-27T15:09:28Z,26.664753,-77.112823,0.04,287.1,1,11,0.7
2024-03-27T15:09:33Z,26.664753,-77.112825,0.12,79.5,1,11,0.7
2024-03-27T15:09:38Z,26.664753,-77.112823,0.08,41.2,1,11,0.7
2024-03-27T15:09:43Z,26.664753,-77.112822,0.08,138.7,1,11,0.7
2024-03-27T15:09:48Z,26.664755,-77.112822,0.03,102.1,1,11,0.7
2024-03-27T15:09:53Z,26.664755,-77.112823,0.03,39.2,1,11,0.7
2024-03-27T15:09:58Z,26.664755,-77.112823,0.13,310.2,1,11,0.7
2024-03-27T15:10:03Z,26.664755,-77.112827,0.07,4.5,1,11,0.7
2024-03-27T15:10:13Z,26.664753,-77.112827,0.16,107.9,1,11,0.7
2024-03-27T15:10:18Z,26.664752,-77.112823,0.26,138.4,1,11,0.7
2024-03-27T15:10:23Z,26.664748,-77.112820,0.09,124.1,1,11,0.7
2024-03-27T15:10:28Z,26.664747,-77.112820,0.09,194.1,1,11,0.7
2024-03-27T15:10:33Z,26.664747,-77.112820,0.15,260.0,1,11,0.7
2024-03-27T15:10:38Z,26.664745,-77.112820,0.12,112.3,1,11,0.7
2024-03-27T15:10:43Z,26.664745,-77.112820,0.03,14.6,1,11,0.7
2024-03-27T15:10:48Z,26.664747,-77.112820,0.07,110.8,1,11,0.7
2024-03-27T15:10:53Z,26.664748,-77.112822,0.28,316.5,1,11,0.7
2024-03-27T15:10:58Z,26.664752,-77.112820,0.18,84.6,1,11,0.7
2024-03-27T15:11:03Z,26.664752,-77.112820,0.05,161.8,1,11,0.7
2024-03-27T15:11:08Z,26.664753,-77.112820,0.01,232.4,1,11,0.7
2024-03-27T15:11:13Z,26.664755,-77.112823,0.27,287.9,1,11,0.7
2024-03-27T15:11:18Z,26.664753,-77.112827,0.18,100.0,1,11,0.7
2024-03-27T15:11:28Z,26.664750,-77.112828,0.09,220.5,1,11,0.7
2024-03-27T15:11:33Z,26.664748,-77.112830,0.11,170.1,1,11,0.7
2024-03-27T15:11:38Z,26.664747,-77.112828,0.11,101.1,1,11,0.7
2024-03-27T15:11:43Z,26.664747,-77.112832,0.14,273.1,1,11,0.7
2024-03-27T15:11:48Z,26.664743,-77.112833,0.02,30.1,1,11,0.7
2024-03-27T15:11:53Z,26.664743,-77.112838,0.14,161.9,1,11,0.7
2024-03-27T15:11:58Z,26.664742,-77.112840,0.07,190.4,1,11,0.7
2024-03-27T15:12:03Z,26.664742,-77.112842,0.17,344.4,1,11,0.7
2024-03-27T15:12:08Z,26.664742,-77.112845,0.11,350.1,1,11,0.7
2024-03-27T15:12:13Z,26.664743,-77.112847,0.07,166.5,1,11,0.7
2024-03-27T15:12:18Z,26.664742,-77.112845,0.08,61.9,1,11,0.7
2024-03-27T15:12:23Z,26.664740,-77.112845,0.12,129.9,1,11,0.7
2024-03-27T15:12:28Z,26.664740,-77.112843,0.06,74.8,1,11,0.7
2024-03-27T15:12:33Z,26.664740,-77.112840,0.09,16.9,1,11,0.7
2024-03-27T15:12:43Z,26.664743,-77.112837,0.19,357.3,1,11,0.7
2024-03-27T15:12:48Z,26.664747,-77.112837,0.28,342.0,1,11,0.7
2024-03-27T15:12:53Z,26.664750,-77.112835,0.20,307.0,1,11,0.7
2024-03-27T15:12:58Z,26.664752,-77.112833,0.27,54.3,1,11,0.7
2024-03-27T15:13:03Z,26.664753,-77.112832,0.14,72.8,1,11,0.7
2024-03-27T15:13:08Z,26.664753,-77.112828,0.07,41.2,1,11,0.7
2024-03-27T15:13:13Z,26.664753,-77.112825,0.27,105.6,1,11,0.7
2024-03-27T15:13:18Z,26.664753,-77.112822,0.11,76.9,1,11,0.7
2024-03-27T15:13:23Z,26.664755,-77.112818,0.07,87.9,1,11,0.7
2024-03-27T15:13:28Z,26.664755,-77.112818,0.32,135.4,1,11,0.7
2024-03-27T15:13:33Z,26.664757,-77.112815,0.15,74.9,1,11,0.7
2024-03-27T15:13:38Z,26.664760,-77.112815,0.10,60.7,1,11,0.7
2024-03-27T15:13:43Z,26.664760,-77.112813,0.04,149.1,1,11,0.7
2024-03-27T15:13:48Z,26.664760,-77.112815,0.13,193.7,1,11,0.7
2024-03-27T15:13:53Z,26.664760,-77.112813,0.15,128.5,1,11,0.7
2024-03-27T15:13:58Z,26.664757,-77.112812,0.21,163.8,1,11,0.7
2024-03-27T15:14:03Z,26.664753,-77.112808,0.26,145.6,1,11,0.7
2024-03-27T15:14:08Z,26.664752,-77.112810,0.05,43.6,1,11,0.7
2024-03-27T15:14:13Z,26.664750,-77.112808,0.34,100.1,1,11,0.7
2024-03-27T15:14:18Z,26.664747,-77.112805,0.07,261.2,1,11,0.7
2024-03-27T15:14:23Z,26.664747,-77.112808,0.07,74.9,1,11,0.7
2024-03-27T15:14:33Z,26.664750,-77.112813,0.27,27.7,1,11,0.7
2024-03-27T15:14:38Z,26.664753,-77.112812,0.09,42.9,1,11,0.7
2024-03-27T15:14:43Z,26.664755,-77.112817,0.18,83.0,1,11,0.7
2024-03-27T15:14:48Z,26.664757,-77.112825,0.03,159.8,1,11,0.7
2024-03-27T15:14:53Z,26.664758,-77.112830,0.18,115.1,1,11,0.7
2024-03-27T15:14:58Z,26.664762,-77.112832,0.09,307.3,1,11,0.7
2024-03-27T15:15:03Z,26.664763,-77.112838,0.14,329.5,1,11,0.7
2024-03-27T15:15:08Z,26.664763,-77.112838,0.15,56.1,1,11,0.7
2024-03-27T15:15:13Z,26.664762,-77.112840,0.06,325.3,1,11,0.7
2024-03-27T15:15:18Z,26.664762,-77.112842,0.14,332.1,1,11,0.7
2024-03-27T15:15:23Z,26.664763,-77.112840,0.27,60.1,1,11,0.7
2024-03-27T15:15:28Z,26.664763,-77.112837,0.28,102.8,1,11,0.7
2024-03-27T15:15:33Z,26.664765,-77.112833,0.30,65.5,1,11,0.7
2024-03-27T15:15:38Z,26.664767,-77.112833,0.09,201.5,1,11,0.7
2024-03-27T15:15:43Z,26.664765,-77.112832,0.09,74.1,1,11,0.7
2024-03-27T15:15:48Z,26.664765,-77.112827,0.15,118.9,1,11,0.7
2024-03-27T15:15:53Z,26.664765,-77.112828,0.10,160.6,1,11,0.7
2024-03-27T15:15:58Z,26.664760,-77.112830,0.25,229.7,1,11,0.7
2024-03-27T15:16:03Z,26.664758,-77.112827,0.04,232.4,1,11,0.7
2024-03-27T15:16:08Z,26.664757,-77.112825,0.13,137.4,1,11,0.7
2024-03-27T15:16:13Z,26.664755,-77.112823,0.27,103.2,1,11,0.7
2024-03-27T15:16:18Z,26.664752,-77.112823,0.18,144.2,1,11,0.7
2024-03-27T15:16:23Z,26.664748,-77.112827,0.21,154.0,1,11,0.7
2024-03-27T15:16:28Z,26.664745,-77.112828,0.08,151.2,1,11,0.7
2024-03-27T15:16:33Z,26.664743,-77.112830,0.07,290.8,1,10,0.8
2024-03-27T15:16:38Z,26.664742,-77.112830,0.26,108.6,1,11,0.7
2024-03-27T15:16:43Z,26.664738,-77.112830,0.23,189.1,1,11,0.7
2024-03-27T15:16:48Z,26.664737,-77.112833,0.14,244.2,1,10,0.8
2024-03-27T15:16:53Z,26.664737,-77.112837,0.14,206.4,1,11,0.7
2024-03-27T15:16:58Z,26.664738,-77.112838,0.20,114.2,1,11,0.7
2024-03-27T15:17:03Z,26.664738,-77.112840,0.08,193.8,1,11,0.7
2024-03-27T15:17:08Z,26.664738,-77.112842,0.12,67.2,1,11,0.7
2024-03-27T15:17:13Z,26.664740,-77.112842,0.04,139.5,1,11,0.7
2024-03-27T15:17:18Z,26.664742,-77.112840,0.18,347.2,1,11,0.7
2024-03-27T15:17:23Z,26.664743,-77.112843,0.32,277.4,1,11,0.7
2024-03-27T15:17:28Z,26.664742,-77.112842,0.17,109.0,1,11,0.7
2024-03-27T15:17:33Z,26.664743,-77.112842,0.09,173.0,1,11,0.7
2024-03-27T15:17:38Z,26.664743,-77.112842,0.21,157.2,1,11,0.7
2024-03-27T15:17:43Z,26.664743,-77.112840,0.20,234.9,1,10,0.8
2024-03-27T15:17:48Z,26.664743,-77.112838,0.16,98.3,1,10,0.8
2024-03-27T15:17:53Z,26.664745,-77.112837,0.17,70.9,1,10,0.8
2024-03-27T15:17:58Z,26.664747,-77.112837,0.09,229.3,2,10,0.8
2024-03-27T15:18:03Z,26.664747,-77.112835,0.16,76.9,2,10,0.8
2024-03-27T15:18:08Z,26.664747,-77.112835,0.25,212.5,2,10,0.8
2024-03-27T15:18:13Z,26.664753,-77.112847,0.03,19.4,2,10,0.8
2024-03-27T15:18:18Z,26.664753,-77.112858,0.11,295.6,2,10,0.8
2024-03-27T15:18:23Z,26.664752,-77.112863,0.13,313.2,2,10,0.8
2024-03-27T15:18:28Z,26.664748,-77.112863,0.06,36.3,1,10,0.8
2024-03-27T15:18:33Z,26.664745,-77.112858,0.08,353.3,1,10,0.8
2024-03-27T15:18:38Z,26.664743,-77.112857,0.10,214.5,1,10,0.8
2024-03-27T15:18:43Z,26.664743,-77.112855,0.05,126.9,1,10,0.8
2024-03-27T15:18:48Z,26.664743,-77.112852,0.08,275.1,1,10,0.8
2024-03-27T15:18:53Z,26.664743,-77.112853,0.06,271.5,1,10,0.8
2024-03-27T15:18:58Z,26.664747,-77.112855,0.20,73.7,1,10,0.8
2024-03-27T15:19:03Z,26.664747,-77.112855,0.04,29.9,1,10,0.8
2024-03-27T15:19:13Z,26.664748,-77.112848,0.14,67.2,1,10,0.8
2024-03-27T15:19:18Z,26.664748,-77.112847,0.16,80.7,1,10,0.8
2024-03-27T15:19:23Z,26.664748,-77.112843,0.09,62.3,1,10,0.8
2024-03-27T15:19:28Z,26.664750,-77.112840,0.17,94.5,1,10,0.8
2024-03-27T15:19:33Z,26.664750,-77.112840,0.03,72.2,1,10,0.8
2024-03-27T15:19:38Z,26.664748,-77.112838,0.04,42.0,1,10,0.8
2024-03-27T15:19:48Z,26.664750,-77.112835,0.19,95.8,1,10,0.8
2024-03-27T15:19:53Z,26.664750,-77.112833,0.08,187.2,1,10,0.8
2024-03-27T15:19:58Z,26.664750,-77.112833,0.08,135.8,1,9,0.9
2024-03-27T15:20:03Z,26.664748,-77.112835,0.02,287.6,1,10,0.8
2024-03-27T15:20:08Z,26.664747,-77.112835,0.16,162.2,1,10,0.8
2024-03-27T15:20:13Z,26.664745,-77.112840,0.19,267.8,1,10,0.8
2024-03-27T15:20:23Z,26.664738,-77.112848,0.25,123.6,1,10,0.8
2024-03-27T15:20:28Z,26.664733,-77.112848,0.29,148.5,1,10,0.8
2024-03-27T15:20:33Z,26.664728,-77.112852,0.19,286.2,1,10,0.8
2024-03-27T15:20:38Z,26.664725,-77.112855,0.04,249.5,1,10,0.8
2024-03-27T15:20:43Z,26.664725,-77.112858,0.03,216.8,1,10,0.8
2024-03-27T15:20:48Z,26.664725,-77.112858,0.11,194.8,1,10,0.8
2024-03-27T15:20:58Z,26.664725,-77.112853,0.22,65.1,1,10,0.8
2024-03-27T15:21:03Z,26.664727,-77.112850,0.12,141.8,1,10,0.8
2024-03-27T15:21:08Z,26.664727,-77.112848,0.10,209.1,1,10,0.8
2024-03-27T15:21:13Z,26.664728,-77.112847,0.08,126.7,1,10,0.8
2024-03-27T15:21:18Z,26.664730,-77.112848,0.16,295.9,1,10,0.8
2024-03-27T15:21:23Z,26.664732,-77.112848,0.08,318.1,1,10,0.8
2024-03-27T15:21:33Z,26.664735,-77.112847,0.03,308.2,1,10,0.8
2024-03-27T15:21:38Z,26.664740,-77.112847,0.20,30.7,1,10,0.8
2024-03-27T15:21:43Z,26.664742,-77.112847,0.25,68.7,1,10,0.8
2024-03-27T15:21:48Z,26.664745,-77.112845,0.18,17.8,1,10,0.8
2024-03-27T15:21:53Z,26.664748,-77.112842,0.12,45.7,1,10,0.8
2024-03-27T15:21:58Z,26.664753,-77.112838,0.17,36.3,1,10,0.8
2024-03-27T15:22:03Z,26.664757,-77.112837,0.22,66.7,1,10,0.8
2024-03-27T15:22:08Z,26.664760,-77.112833,0.19,55.0,1,10,0.8
2024-03-27T15:22:13Z,26.664763,-77.112827,0.22,63.8,1,10,0.8
2024-03-27T15:22:18Z,26.664767,-77.112825,0.19,56.3,1,10,0.8
2024-03-27T15:22:23Z,26.664767,-77.112820,0.17,71.9,1,10,0.8
2024-03-27T15:22:28Z,26.664768,-77.112817,0.19,66.7,1,10,0.8
2024-03-27T15:22:33Z,26.664770,-77.112813,0.11,26.3,1,10,0.8
2024-03-27T15:22:43Z,26.664775,-77.112805,0.14,98.1,1,10,0.8
2024-03-27T15:22:48Z,26.664775,-77.112803,0.10,107.5,1,10,0.8
2024-03-27T15:22:53Z,26.664773,-77.112803,0.39,101.3,1,10,0.8
2024-03-27T15:22:58Z,26.664770,-77.112798,0.13,124.6,1,10,0.8
2024-03-27T15:23:03Z,26.664770,-77.112797,0.08,65.9,1,10,0.8
2024-03-27T15:23:08Z,26.664770,-77.112803,0.04,148.5,1,10,0.8
2024-03-27T15:23:18Z,26.664770,-77.112812,0.06,175.9,1,10,0.8
2024-03-27T15:23:23Z,26.664768,-77.112815,0.35,148.9,1,10,0.8
2024-03-27T15:23:28Z,26.664767,-77.112818,0.29,291.9,1,10,0.8
2024-03-27T15:23:33Z,26.664763,-77.112822,0.32,217.1,1,10,0.8
2024-03-27T15:23:38Z,26.664760,-77.112822,0.30,157.2,1,10,0.8
2024-03-27T15:23:43Z,26.664755,-77.112822,0.20,124.8,1,10,0.8
2024-03-27T15:23:48Z,26.664752,-77.112825,0.12,220.6,1,10,0.8
2024-03-27T15:23:53Z,26.664747,-77.112825,0.16,162.9,1,10,0.8
2024-03-27T15:23:58Z,26.664743,-77.112825,0.07,191.6,1,10,0.8
2024-03-27T15:24:03Z,26.664742,-77.112830,0.07,231.1,1,10,0.8
2024-03-27T15:24:08Z,26.664740,-77.112833,0.08,286.6,1,10,0.8
2024-03-27T15:24:13Z,26.664740,-77.112838,0.03,252.4,1,10,0.8
2024-03-27T15:24:18Z,26.664740,-77.112842,0.27,314.5,1,10,0.8
2024-03-27T15:24:28Z,26.664743,-77.112842,0.26,57.1,1,10,0.8
2024-03-27T15:24:33Z,26.664747,-77.112838,0.12,24.9,1,10,0.8
2024-03-27T15:24:38Z,26.664748,-77.112837,0.20,29.5,1,10,0.8
2024-03-27T15:24:43Z,26.664755,-77.112835,0.21,18.7,1,10,0.8
2024-03-27T15:24:48Z,26.664760,-77.112830,0.41,69.4,1,10,0.8
2024-03-27T15:24:53Z,26.664763,-77.112825,0.30,99.1,1,10,0.8
2024-03-27T15:25:03Z,26.664765,-77.112813,0.28,107.8,1,10,0.8
2024-03-27T15:25:08Z,26.664765,-77.112808,0.22,97.4,1,10,0.8
2024-03-27T15:25:13Z,26.664767,-77.112803,0.24,82.6,1,10,0.8
2024-03-27T15:25:18Z,26.664767,-77.112800,0.25,64.2,1,10,0.8
2024-03-27T15:25:23Z,26.664767,-77.112795,0.37,98.5,1,10,0.8
2024-03-27T15:25:28Z,26.664767,-77.112793,0.32,68.2,1,10,0.8
2024-03-27T15:25:38Z,26.664777,-77.112797,0.08,123.3,1,10,0.8
2024-03-27T15:25:43Z,26.664777,-77.112797,0.14,293.4,1,9,0.9
2024-03-27T15:25:48Z,26.664778,-77.112800,0.51,305.1,1,10,0.8
2024-03-27T15:25:53Z,26.664778,-77.112802,0.13,108.7,1,10,0.8
2024-03-27T15:25:58Z,26.664775,-77.112800,0.07,295.2,1,10,0.8
2024-03-27T15:26:03Z,26.664773,-77.112798,0.30,99.4,1,10,0.8
2024-03-27T15:26:13Z,26.664765,-77.112800,0.19,156.6,1,10,0.8
2024-03-27T15:26:18Z,26.664757,-77.112805,0.17,181.9,1,10,0.8
2024-03-27T15:26:23Z,26.664750,-77.112812,0.25,255.8,1,10,0.8
2024-03-27T15:26:28Z,26.664748,-77.112813,0.27,126.6,1,10,0.8
2024-03-27T15:26:33Z,26.664745,-77.112813,0.07,211.6,1,10,0.8
2024-03-27T15:26:38Z,26.664743,-77.112813,0.11,120.4,1,10,0.8
2024-03-27T15:26:48Z,26.664748,-77.112822,0.06,113.8,1,10,0.8
2024-03-27T15:26:53Z,26.664750,-77.112825,0.02,166.0,1,10,0.8
2024-03-27T15:26:58Z,26.664755,-77.112827,0.21,123.0,1,10,0.8
2024-03-27T15:27:03Z,26.664750,-77.112823,0.24,124.0,1,10,0.8
2024-03-27T15:27:08Z,26.664748,-77.112828,0.13,150.0,1,10,0.8
2024-03-27T15:27:13Z,26.664745,-77.112830,0.19,239.7,1,10,0.8
2024-03-27T15:27:18Z,26.664743,-77.112830,0.08,11.5,1,10,0.8
2024-03-27T15:27:23Z,26.664747,-77.112828,0.08,168.8,1,10,0.8
2024-03-27T15:27:28Z,26.664750,-77.112828,0.11,55.4,1,10,0.8
2024-03-27T15:27:33Z,26.664752,-77.112827,0.09,45.5,1,10,0.8
2024-03-27T15:27:38Z,26.664752,-77.112827,0.12,108.9,1,10,0.8
2024-03-27T15:27:43Z,26.664752,-77.112828,0.22,235.8,1,10,0.8
2024-03-27T15:27:48Z,26.664752,-77.112830,0.08,37.5,1,10,0.8
2024-03-27T15:27:58Z,26.664750,-77.112830,0.16,147.3,1,10,0.8
2024-03-27T15:28:03Z,26.664748,-77.112828,0.17,151.6,1,10,0.8
2024-03-27T15:28:08Z,26.664747,-77.112828,0.10,187.3,1,10,0.8
2024-03-27T15:28:13Z,26.664745,-77.112828,0.16,127.2,1,10,0.8
2024-03-27T15:28:18Z,26.664743,-77.112827,0.08,177.1,1,10,0.8
2024-03-27T15:28:23Z,26.664740,-77.112828,0.16,228.7,1,10,0.8
2024-03-27T15:28:28Z,26.664738,-77.112830,0.11,212.7,1,10,0.8
2024-03-27T15:28:33Z,26.664735,-77.112835,0.07,203.6,1,10,0.8
2024-03-27T15:28:38Z,26.664735,-77.112835,0.11,275.5,1,10,0.8
2024-03-27T15:28:43Z,26.664738,-77.112837,0.11,345.9,1,10,0.8
2024-03-27T15:28:48Z,26.664742,-77.112837,0.12,348.4,1,10,0.8
2024-03-27T15:28:53Z,26.664743,-77.112842,0.03,40.2,1,10,0.8
2024-03-27T15:28:58Z,26.664748,-77.112843,0.23,313.2,1,10,0.8
2024-03-27T15:29:08Z,26.664757,-77.112852,0.15,314.9,1,9,0.9
2024-03-27T15:29:13Z,26.664755,-77.112853,0.13,96.4,1,10,0.8
2024-03-27T15:29:18Z,26.664755,-77.112853,0.27,72.5,1,9,0.9
2024-03-27T15:29:23Z,26.664755,-77.112852,0.21,280.8,1,10,0.8
2024-03-27T15:29:28Z,26.664753,-77.112850,0.08,133.8,1,10,0.8
2024-03-27T15:29:33Z,26.664752,-77.112853,0.16,155.4,1,10,0.8
2024-03-27T15:29:43Z,26.664747,-77.112847,0.15,203.3,1,10,0.8
2024-03-27T15:29:48Z,26.664743,-77.112848,0.07,203.0,1,10,0.8
2024-03-27T15:29:53Z,26.664742,-77.112847,0.19,124.3,1,10,0.8
2024-03-27T15:29:58Z,26.664740,-77.112850,0.29,255.6,1,10,0.8
2024-03-27T15:30:03Z,26.664740,-77.112855,0.04,61.8,1,10,0.8
2024-03-27T15:30:08Z,26.664738,-77.112857,0.09,59.5,1,10,0.8
2024-03-27T15:30:13Z,26.664738,-77.112857,0.11,104.2,1,10,0.8
2024-03-27T15:30:18Z,26.664738,-77.112858,0.07,75.5,1,10,0.8
2024-03-27T15:30:23Z,26.664740,-77.112858,0.10,33.1,1,10,0.8
2024-03-27T15:30:28Z,26.664742,-77.112853,0.15,51.3,1,10,0.8
2024-03-27T15:30:33Z,26.664740,-77.112853,0.23,88.1,1,10,0.8
2024-03-27T15:30:38Z,26.664740,-77.112848,0.14,55.5,1,10,0.8
2024-03-27T15:30:43Z,26.664743,-77.112845,0.17,55.2,1,10,0.8
2024-03-27T15:30:53Z,26.664742,-77.112838,0.14,135.7,1,10,0.8
2024-03-27T15:30:58Z,26.664742,-77.112833,0.11,162.3,1,9,0.9
2024-03-27T15:31:03Z,26.664740,-77.112833,0.20,71.0,1,9,0.9
2024-03-27T15:31:08Z,26.664742,-77.112835,0.14,260.2,1,10,0.8
2024-03-27T15:31:13Z,26.664742,-77.112835,0.08,42.9,1,10,0.8
2024-03-27T15:31:18Z,26.664743,-77.112833,0.06,62.5,1,10,0.8
2024-03-27T15:31:28Z,26.664747,-77.112832,0.13,81.3,1,10,0.8
2024-03-27T15:31:33Z,26.664747,-77.112832,0.04,83.5,1,10,0.8
2024-03-27T15:31:38Z,26.664748,-77.112837,0.18,293.3,1,10,0.8
2024-03-27T15:31:43Z,26.664748,-77.112837,0.36,87.9,1,10,0.8
2024-03-27T15:31:48Z,26.664747,-77.112838,0.17,181.5,1,10,0.8
2024-03-27T15:31:53Z,26.664742,-77.112838,0.25,174.2,1,10,0.8
2024-03-27T15:32:03Z,26.664735,-77.112843,0.12,162.8,1,10,0.8
2024-03-27T15:32:08Z,26.664732,-77.112842,0.10,221.3,1,10,0.8
2024-03-27T15:32:13Z,26.664730,-77.112845,0.03,201.6,1,10,0.8
2024-03-27T15:32:18Z,26.664728,-77.112847,0.11,158.9,1,10,0.8
2024-03-27T15:32:23Z,26.664727,-77.112850,0.02,195.5,1,10,0.8
2024-03-27T15:32:28Z,26.664727,-77.112850,0.12,157.1,1,10,0.8
2024-03-27T15:32:33Z,26.664727,-77.112850,0.08,315.4,1,10,0.8
2024-03-27T15:32:38Z,26.664728,-77.112855,0.12,304.0,1,10,0.8
2024-03-27T15:32:43Z,26.664732,-77.112855,0.34,45.6,1,10,0.8
2024-03-27T15:32:48Z,26.664735,-77.112858,0.16,339.5,1,10,0.8
2024-03-27T15:32:53Z,26.664738,-77.112855,0.18,52.6,1,10,0.8
2024-03-27T15:32:58Z,26.664740,-77.112852,0.10,323.6,1,10,0.8
2024-03-27T15:33:03Z,26.664742,-77.112852,0.12,115.0,1,10,0.8
2024-03-27T15:33:13Z,26.664740,-77.112853,0.15,102.6,1,10,0.8
2024-03-27T15:33:18Z,26.664738,-77.112855,0.16,280.8,1,10,0.8
2024-03-27T15:33:23Z,26.664737,-77.112857,0.16,130.6,1,10,0.8
2024-03-27T15:33:28Z,26.664735,-77.112858,0.04,217.9,1,10,0.8
2024-03-27T15:33:33Z,26.664735,-77.112862,0.09,277.9,1,10,0.8
2024-03-27T15:33:38Z,26.664733,-77.112860,0.02,123.1,1,10,0.8
2024-03-27T15:33:48Z,26.664730,-77.112855,0.15,67.9,1,10,0.8
2024-03-27T15:33:53Z,26.664728,-77.112853,0.12,125.6,1,10,0.8
2024-03-27T15:33:58Z,26.664727,-77.112855,0.18,272.8,1,10,0.8
2024-03-27T15:34:03Z,26.664727,-77.112862,0.09,145.2,1,10,0.8
2024-03-27T15:34:08Z,26.664728,-77.112862,0.23,287.2,1,10,0.8
2024-03-27T15:34:13Z,26.664728,-77.112867,0.09,188.0,1,10,0.8
2024-03-27T15:34:18Z,26.664728,-77.112868,0.16,228.8,1,10,0.8
2024-03-27T15:34:23Z,26.664728,-77.112872,0.04,183.1,1,10,0.8
2024-03-27T15:34:28Z,26.664727,-77.112875,0.25,237.8,1,10,0.8
2024-03-27T15:34:33Z,26.664725,-77.112883,0.09,232.2,1,10,0.8
2024-03-27T15:34:38Z,26.664725,-77.112887,0.05,176.0,1,10,0.8
2024-03-27T15:34:43Z,26.664727,-77.112888,0.08,29.3,1,10,0.8
2024-03-27T15:34:48Z,26.664727,-77.112883,0.09,301.6,1,10,0.8
2024-03-27T15:34:53Z,26.664728,-77.112885,0.10,258.7,1,10,0.8
2024-03-27T15:34:58Z,26.664728,-77.112892,0.05,230.0,1,10,0.8
2024-03-27T15:35:03Z,26.664728,-77.112895,0.14,89.1,1,10,0.8
2024-03-27T15:35:08Z,26.664732,-77.112892,0.15,89.2,1,10,0.8
2024-03-27T15:35:13Z,26.664732,-77.112890,0.23,69.7,1,10,0.8
2024-03-27T15:35:18Z,26.664732,-77.112888,0.09,351.0,1,10,0.8
2024-03-27T15:35:23Z,26.664732,-77.112888,0.11,93.2,1,10,0.8
2024-03-27T15:35:28Z,26.664732,-77.112888,0.14,263.2,1,10,0.8
2024-03-27T15:35:33Z,26.664730,-77.112888,0.07,87.5,1,10,0.8
2024-03-27T15:35:38Z,26.664730,-77.112890,0.13,82.7,1,10,0.8
2024-03-27T15:35:43Z,26.664733,-77.112890,0.16,67.3,1,10,0.8
2024-03-27T15:35:48Z,26.664735,-77.112888,0.19,309.2,1,10,0.8
2024-03-27T15:35:53Z,26.664732,-77.112887,0.08,144.4,1,10,0.8
2024-03-27T15:35:58Z,26.664732,-77.112887,0.10,240.5,1,10,0.8
2024-03-27T15:36:08Z,26.664733,-77.112883,0.13,71.9,1,9,0.9
2024-03-27T15:36:13Z,26.664733,-77.112880,0.13,124.1,1,9,0.9
2024-03-27T15:36:18Z,26.664733,-77.112878,0.14,125.9,1,9,0.9
2024-03-27T15:36:23Z,26.664733,-77.112877,0.20,70.9,1,8,1.1
2024-03-27T15:36:28Z,26.664733,-77.112873,0.24,129.3,1,9,0.9
2024-03-27T15:36:33Z,26.664732,-77.112870,0.13,92.2,1,9,0.9
2024-03-27T15:36:43Z,26.664735,-77.112868,0.45,76.1,1,9,0.9
2024-03-27T15:36:48Z,26.664737,-77.112865,0.14,65.7,1,9,0.9
2024-03-27T15:36:53Z,26.664738,-77.112865,0.20,78.5,1,9,0.9
2024-03-27T15:36:58Z,26.664737,-77.112865,0.06,120.4,1,9,0.9
2024-03-27T15:37:03Z,26.664738,-77.112863,0.11,72.2,1,9,0.9
2024-03-27T15:37:08Z,26.664740,-77.112860,0.17,338.1,1,9,0.9
2024-03-27T15:37:18Z,26.664742,-77.112852,0.08,82.2,1,9,0.9
2024-03-27T15:37:23Z,26.664738,-77.112855,0.10,206.6,1,9,0.9
2024-03-27T15:37:28Z,26.664740,-77.112853,0.08,61.6,1,9,0.9
2024-03-27T15:37:33Z,26.664742,-77.112855,0.31,50.1,1,9,0.9
2024-03-27T15:37:38Z,26.664742,-77.112857,0.27,182.1,1,9,0.9
2024-03-27T15:37:43Z,26.664738,-77.112862,0.28,140.5,1,9,0.9
2024-03-27T15:37:53Z,26.664732,-77.112862,0.11,61.8,1,9,0.9
2024-03-27T15:37:58Z,26.664732,-77.112860,0.16,141.3,1,9,0.9
2024-03-27T15:38:03Z,26.664730,-77.112858,0.13,111.5,1,9,0.9
2024-03-27T15:38:08Z,26.664727,-77.112857,0.20,118.0,1,9,0.9
2024-03-27T15:38:13Z,26.664725,-77.112857,0.11,144.2,1,9,0.9
2024-03-27T15:38:18Z,26.664723,-77.112858,0.15,187.9,1,9,0.9
2024-03-27T15:38:23Z,26.664722,-77.112860,0.04,149.6,1,9,0.9
2024-03-27T15:38:28Z,26.664718,-77.112865,0.01,302.8,1,9,0.9
2024-03-27T15:38:33Z,26.664718,-77.112868,0.08,348.5,1,9,0.9
2024-03-27T15:38:38Z,26.664720,-77.112870,0.10,147.4,1,9,0.9
2024-03-27T15:38:43Z,26.664720,-77.112867,0.19,296.4,1,9,0.9
2024-03-27T15:38:48Z,26.664718,-77.112873,0.11,43.6,1,9,0.9
2024-03-27T15:38:53Z,26.664717,-77.112875,0.14,215.0,1,9,0.9
2024-03-27T15:39:03Z,26.664717,-77.112873,0.11,238.4,1,9,0.9
2024-03-27T15:39:08Z,26.664717,-77.112872,0.22,126.4,1,9,0.9
2024-03-27T15:39:13Z,26.664715,-77.112875,0.20,210.8,1,9,0.9
2024-03-27T15:39:18Z,26.664715,-77.112875,0.21,210.7,1,8,1.1
2024-03-27T15:39:23Z,26.664713,-77.112875,0.14,125.1,1,8,1.1
2024-03-27T15:39:28Z,26.664710,-77.112878,0.18,215.2,1,9,0.9
2024-03-27T15:39:33Z,26.664708,-77.112880,0.17,277.7,1,9,0.9
2024-03-27T15:39:38Z,26.664708,-77.112882,0.08,347.1,1,9,0.9
2024-03-27T15:39:43Z,26.664712,-77.112882,0.10,15.5,1,9,0.9
2024-03-27T15:39:48Z,26.664715,-77.112880,0.16,325.2,1,9,0.9
2024-03-27T15:39:53Z,26.664722,-77.112883,0.22,308.5,1,9,0.9
2024-03-27T15:39:58Z,26.664728,-77.112885,0.45,17.9,1,9,0.9
2024-03-27T15:40:03Z,26.664728,-77.112885,0.16,77.0,1,9,0.9
2024-03-27T15:40:13Z,26.664737,-77.112877,0.22,84.9,1,9,0.9
2024-03-27T15:40:18Z,26.664737,-77.112872,0.52,43.2,1,9,0.9
2024-03-27T15:40:23Z,26.664738,-77.112867,0.22,127.0,1,9,0.9
2024-03-27T15:40:28Z,26.664737,-77.112863,0.15,36.6,1,9,0.9
2024-03-27T15:40:33Z,26.664738,-77.112858,0.14,54.1,1,9,0.9
2024-03-27T15:40:38Z,26.664740,-77.112855,0.16,123.2,1,9,0.9
2024-03-27T15:40:48Z,26.664743,-77.112853,0.07,14.5,1,9,0.9
2024-03-27T15:40:53Z,26.664747,-77.112852,0.26,47.4,1,8,1.1
2024-03-27T15:40:58Z,26.664748,-77.112852,0.18,267.2,1,9,0.9
2024-03-27T15:41:03Z,26.664750,-77.112852,0.05,244.7,1,9,0.9
2024-03-27T15:41:08Z,26.664750,-77.112852,0.12,18.2,1,9,0.9
2024-03-27T15:41:13Z,26.664752,-77.112855,0.15,32.7,1,9,0.9
2024-03-27T15:41:23Z,26.664742,-77.112860,0.35,106.3,1,9,0.9
2024-03-27T15:41:28Z,26.664737,-77.112860,0.18,202.9,1,9,0.9
2024-03-27T15:41:33Z,26.664735,-77.112862,0.04,135.5,1,9,0.9
2024-03-27T15:41:38Z,26.664735,-77.112858,0.21,40.6,1,8,1.1
2024-03-27T15:41:43Z,26.664740,-77.112852,0.40,75.5,1,8,1.1
2024-03-27T15:41:48Z,26.664737,-77.112848,0.19,238.4,1,8,1.1
2024-03-27T15:41:58Z,26.664732,-77.112848,0.12,210.5,1,8,1.1
2024-03-27T15:42:03Z,26.664725,-77.112853,0.52,216.5,1,8,1.1
2024-03-27T15:42:08Z,26.664728,-77.112853,0.10,69.0,1,8,1.1
2024-03-27T15:42:13Z,26.664728,-77.112853,0.28,78.2,1,8,1.1
2024-03-27T15:42:18Z,26.664732,-77.112850,0.40,214.6,1,8,1.1
2024-03-27T15:42:23Z,26.664728,-77.112852,0.09,96.7,1,8,1.1
2024-03-27T15:42:33Z,26.664727,-77.112855,0.09,324.7,1,8,1.1
2024-03-27T15:42:38Z,26.664728,-77.112857,0.08,225.3,1,8,1.1
2024-03-27T15:42:43Z,26.664728,-77.112858,0.07,216.0,1,8,1.1
2024-03-27T15:42:48Z,26.664728,-77.112858,0.08,131.8,1,8,1.1
2024-03-27T15:42:53Z,26.664728,-77.112858,0.18,212.9,1,8,1.1
2024-03-27T15:42:58Z,26.664728,-77.112860,0.18,125.9,1,8,1.1
2024-03-27T15:43:08Z,26.664728,-77.112860,0.06,5.3,1,8,1.1
2024-03-27T15:43:13Z,26.664730,-77.112860,0.05,83.3,1,7,1.3
2024-03-27T15:43:18Z,26.664725,-77.112865,0.24,236.2,1,8,1.1
2024-03-27T15:43:23Z,26.664718,-77.112870,0.32,85.4,1,8,1.1
2024-03-27T15:43:28Z,26.664718,-77.112867,0.23,188.0,1,8,1.1
2024-03-27T15:43:33Z,26.664718,-77.112868,0.04,84.0,1,7,1.3
2024-03-27T15:43:43Z,26.664723,-77.112868,0.06,189.3,1,7,1.3
2024-03-27T15:43:48Z,26.664720,-77.112868,0.22,223.4,1,8,1.1
2024-03-27T15:43:53Z,26.664722,-77.112870,0.14,114.6,1,8,1.1
2024-03-27T15:43:58Z,26.664723,-77.112868,0.03,209.8,1,8,1.1
2024-03-27T15:44:03Z,26.664723,-77.112868,0.03,132.6,1,8,1.1
2024-03-27T15:44:08Z,26.664727,-77.112870,0.05,105.8,1,8,1.1
2024-03-27T15:44:18Z,26.664723,-77.112875,0.11,152.0,1,8,1.1
2024-03-27T15:44:23Z,26.664718,-77.112877,0.10,148.1,1,8,1.1
2024-03-27T15:44:28Z,26.664708,-77.112885,0.11,75.6,1,8,1.1
2024-03-27T15:44:33Z,26.664707,-77.112888,0.10,212.4,1,8,1.1
2024-03-27T15:44:38Z,26.664707,-77.112890,0.07,159.0,1,8,1.1
2024-03-27T15:44:43Z,26.664708,-77.112892,0.09,231.4,1,8,1.1
2024-03-27T15:44:53Z,26.664713,-77.112888,0.23,90.2,1,8,1.1
2024-03-27T15:44:58Z,26.664718,-77.112885,0.19,66.0,1,8,1.1
2024-03-27T15:45:03Z,26.664717,-77.112882,0.28,134.5,1,8,1.1
2024-03-27T15:45:08Z,26.664718,-77.112880,0.20,80.0,1,8,1.1
2024-03-27T15:45:13Z,26.664715,-77.112878,0.20,119.5,1,8,1.1
2024-03-27T15:45:18Z,26.664713,-77.112877,0.25,129.7,1,8,1.1
2024-03-27T15:45:23Z,26.664713,-77.112875,0.13,35.1,1,8,1.1
2024-03-27T15:45:28Z,26.664717,-77.112873,0.16,129.8,1,8,1.1
2024-03-27T15:45:33Z,26.664718,-77.112872,0.07,143.5,1,8,1.1
2024-03-27T15:45:38Z,26.664723,-77.112870,0.57,28.3,1,8,1.1
2024-03-27T15:45:43Z,26.664727,-77.112868,0.15,146.5,1,8,1.1
2024-03-27T15:45:48Z,26.664727,-77.112868,0.34,10.7,1,8,1.1
2024-03-27T15:45:58Z,26.664728,-77.112868,0.20,52.5,1,8,1.1
2024-03-27T15:46:03Z,26.664732,-77.112865,0.26,54.7,1,8,1.1
2024-03-27T15:46:08Z,26.664737,-77.112865,0.31,46.1,1,8,1.1
2024-03-27T15:46:13Z,26.664737,-77.112862,0.13,128.1,1,8,1.1
2024-03-27T15:46:18Z,26.664737,-77.112857,0.22,131.6,1,8,1.1
2024-03-27T15:46:23Z,26.664733,-77.112855,0.14,133.3,1,8,1.1
2024-03-27T15:46:28Z,26.664735,-77.112850,0.24,73.5,1,8,1.1
2024-03-27T15:46:33Z,26.664738,-77.112843,0.28,53.3,1,8,1.1
2024-03-27T15:46:38Z,26.664735,-77.112847,0.26,70.4,1,8,1.1
2024-03-27T15:46:43Z,26.664740,-77.112843,0.19,46.8,1,8,1.1
2024-03-27T15:46:48Z,26.664745,-77.112840,0.25,45.5,1,8,1.1
2024-03-27T15:46:53Z,26.664748,-77.112837,0.12,356.5,1,8,1.1
2024-03-27T15:47:03Z,26.664748,-77.112835,0.18,97.1,1,8,1.1
2024-03-27T15:47:08Z,26.664750,-77.112830,0.23,85.2,1,8,1.1
2024-03-27T15:47:13Z,26.664747,-77.112827,0.20,87.9,1,8,1.1
2024-03-27T15:47:18Z,26.664747,-77.112823,0.12,182.4,1,8,1.1
2024-03-27T15:47:23Z,26.664745,-77.112822,0.31,155.4,1,8,1.1
2024-03-27T15:47:28Z,26.664737,-77.112820,0.44,146.0,1,8,1.1
2024-03-27T15:47:33Z,26.664737,-77.112823,0.54,146.4,1,8,1.1
2024-03-27T15:47:38Z,26.664733,-77.112825,0.08,183.5,1,8,1.1
2024-03-27T15:47:43Z,26.664727,-77.112828,0.38,165.5,1,8,1.1
2024-03-27T15:47:48Z,26.664725,-77.112833,0.63,308.6,1,8,1.1
2024-03-27T15:47:53Z,26.664725,-77.112838,0.03,93.8,1,8,1.1
2024-03-27T15:47:58Z,26.664735,-77.112845,0.20,300.4,1,8,1.1
2024-03-27T15:48:08Z,26.664745,-77.112867,0.26,249.2,1,8,1.1
2024-03-27T15:48:13Z,26.664747,-77.112875,0.09,92.1,1,8,1.1
2024-03-27T15:48:18Z,26.664745,-77.112877,0.09,224.5,1,8,1.1
2024-03-27T15:48:23Z,26.664738,-77.112878,0.18,241.4,1,8,1.1
2024-03-27T15:48:28Z,26.664738,-77.112877,0.07,59.4,1,8,1.1
2024-03-27T15:48:33Z,26.664737,-77.112875,0.08,328.6,1,8,1.1
2024-03-27T15:48:38Z,26.664735,-77.112873,0.13,223.5,1,8,1.1
2024-03-27T15:48:43Z,26.664732,-77.112877,0.13,270.1,1,8,1.1
2024-03-27T15:48:48Z,26.664728,-77.112885,0.10,205.8,1,7,1.3
2024-03-27T15:48:53Z,26.664728,-77.112887,0.07,154.2,1,8,1.1
2024-03-27T15:48:58Z,26.664733,-77.112887,0.11,41.0,1,8,1.1
2024-03-27T15:49:03Z,26.664737,-77.112883,0.18,60.4,1,8,1.1
2024-03-27T15:49:13Z,26.664733,-77.112882,0.07,124.5,1,8,1.1
2024-03-27T15:49:18Z,26.664733,-77.112877,0.28,77.6,1,8,1.1
2024-03-27T15:49:23Z,26.664742,-77.112873,0.45,45.6,1,8,1.1
2024-03-27T15:49:28Z,26.664747,-77.112870,0.08,80.4,1,8,1.1
2024-03-27T15:49:33Z,26.664747,-77.112868,0.30,40.8,1,8,1.1
2024-03-27T15:49:43Z,26.664757,-77.112862,0.22,59.9,1,8,1.1
2024-03-27T15:49:48Z,26.664755,-77.112862,0.18,85.9,1,8,1.1
2024-03-27T15:49:53Z,26.664752,-77.112860,0.10,54.2,1,8,1.1
2024-03-27T15:49:58Z,26.664750,-77.112858,0.13,73.3,1,8,1.1
2024-03-27T15:50:03Z,26.664750,-77.112857,0.16,89.3,1,8,1.1
2024-03-27T15:50:08Z,26.664752,-77.112855,0.12,164.3,1,8,1.1
2024-03-27T15:50:18Z,26.664755,-77.112848,0.31,72.4,1,8,1.1
2024-03-27T15:50:23Z,26.664750,-77.112850,0.11,333.9,1,8,1.1
2024-03-27T15:50:28Z,26.664737,-77.112847,0.37,139.4,1,8,1.1
2024-03-27T15:50:33Z,26.664735,-77.112845,0.02,92.9,1,8,1.1
2024-03-27T15:50:38Z,26.664742,-77.112838,0.27,56.7,1,8,1.1
2024-03-27T15:50:43Z,26.664745,-77.112838,0.09,99.6,1,8,1.1
2024-03-27T15:50:48Z,26.664747,-77.112840,0.16,111.0,1,8,1.1
2024-03-27T15:50:53Z,26.664752,-77.112835,0.19,170.8,1,8,1.1
2024-03-27T15:50:58Z,26.664747,-77.112837,0.14,109.7,1,8,1.1
2024-03-27T15:51:03Z,26.664745,-77.112838,0.11,187.5,1,8,1.1
2024-03-27T15:51:08Z,26.664743,-77.112838,0.08,39.3,1,8,1.1
2024-03-27T15:51:13Z,26.664752,-77.112843,0.01,177.4,1,8,1.1
2024-03-27T15:51:23Z,26.664760,-77.112852,0.16,105.3,1,8,1.1
2024-03-27T15:51:28Z,26.664755,-77.112850,0.12,112.9,1,8,1.1
2024-03-27T15:51:33Z,26.664752,-77.112848,0.12,176.5,1,8,1.1
2024-03-27T15:51:38Z,26.664747,-77.112848,0.16,204.7,1,8,1.1
2024-03-27T15:51:43Z,26.664738,-77.112850,0.10,138.6,1,8,1.1
2024-03-27T15:51:48Z,26.664735,-77.112850,0.05,103.0,1,8,1.1
2024-03-27T15:51:53Z,26.664738,-77.112845,0.11,107.3,1,8,1.1
2024-03-27T15:51:58Z,26.664742,-77.112843,0.02,134.9,1,8,1.1
2024-03-27T15:52:03Z,26.664742,-77.112843,0.24,191.2,1,8,1.1
2024-03-27T15:52:08Z,26.664738,-77.112845,0.12,100.1,1,8,1.1
2024-03-27T15:52:13Z,26.664740,-77.112848,0.24,7.0,1,8,1.1
2024-03-27T15:52:18Z,26.664740,-77.112853,0.13,271.0,1,8,1.1
2024-03-27T15:52:28Z,26.664742,-77.112860,0.01,15.0,1,8,1.1
2024-03-27T15:52:33Z,26.664743,-77.112860,0.27,199.0,1,8,1.1
2024-03-27T15:52:38Z,26.664740,-77.112862,0.27,222.5,1,8,1.1
2024-03-27T15:52:43Z,26.664738,-77.112863,0.29,33.9,1,8,1.1
2024-03-27T15:52:48Z,26.664738,-77.112865,0.07,193.2,1,8,1.1
2024-03-27T15:52:53Z,26.664742,-77.112870,0.19,289.9,1,8,1.1
2024-03-27T15:53:03Z,26.664740,-77.112873,0.16,8.1,1,8,1.1
2024-03-27T15:53:08Z,26.664738,-77.112868,0.22,67.4,1,8,1.1
2024-03-27T15:53:13Z,26.664740,-77.112862,0.40,49.8,1,8,1.1
2024-03-27T15:53:18Z,26.664740,-77.112858,0.15,73.2,1,8,1.1
2024-03-27T15:53:23Z,26.664745,-77.112852,0.12,91.5,1,8,1.1
2024-03-27T15:53:33Z,26.664755,-77.112843,0.27,40.5,1,8,1.1
2024-03-27T15:53:38Z,26.664752,-77.112843,0.05,86.5,1,8,1.1
2024-03-27T15:53:43Z,26.664742,-77.112850,0.20,197.4,1,8,1.1
2024-03-27T15:53:48Z,26.664738,-77.112850,0.14,148.3,1,8,1.1
2024-03-27T15:53:53Z,26.664735,-77.112857,0.13,201.8,1,9,1.1
2024-03-27T15:53:58Z,26.664732,-77.112858,0.10,125.3,1,9,1.1
2024-03-27T15:54:08Z,26.664732,-77.112858,0.42,162.9,1,9,1.1
2024-03-27T15:54:13Z,26.664732,-77.112855,0.22,101.1,1,9,1.1
2024-03-27T15:54:18Z,26.664730,-77.112855,0.17,135.4,1,9,1.1
2024-03-27T15:54:23Z,26.664722,-77.112850,0.33,180.8,1,9,1.1
2024-03-27T15:54:28Z,26.664722,-77.112850,0.30,150.5,1,9,1.1
2024-03-27T15:54:33Z,26.664727,-77.112852,0.27,310.1,1,9,1.1
2024-03-27T15:54:43Z,26.664728,-77.112850,0.02,92.8,1,9,1.1
2024-03-27T15:54:48Z,26.664732,-77.112850,0.08,14.8,1,9,1.1
2024-03-27T15:54:53Z,26.664730,-77.112850,0.13,38.2,1,9,1.1
2024-03-27T15:54:58Z,26.664732,-77.112850,0.08,49.6,1,9,1.1
2024-03-27T15:55:03Z,26.664732,-77.112850,0.16,178.4,1,9,1.1
2024-03-27T15:55:08Z,26.664725,-77.112857,0.23,199.2,1,9,1.1
2024-03-27T15:55:18Z,26.664727,-77.112858,0.11,220.9,1,9,1.1
2024-03-27T15:55:23Z,26.664725,-77.112860,0.07,65.7,1,9,1.1
2024-03-27T15:55:28Z,26.664720,-77.112860,0.06,185.8,1,8,1.2
2024-03-27T15:55:33Z,26.664720,-77.112863,0.24,110.3,1,9,1.1
2024-03-27T15:55:38Z,26.664722,-77.112862,0.26,41.5,1,9,1.1
2024-03-27T15:55:43Z,26.664715,-77.112865,0.12,176.6,1,9,1.1
2024-03-27T15:55:53Z,26.664715,-77.112867,0.13,95.7,1,9,1.1
2024-03-27T15:55:58Z,26.664715,-77.112867,0.14,86.9,1,9,1.1
2024-03-27T15:56:03Z,26.664718,-77.112865,0.02,150.6,1,9,1.1
2024-03-27T15:56:08Z,26.664723,-77.112863,0.30,29.1,1,9,1.1
2024-03-27T15:56:13Z,26.664727,-77.112863,0.12,308.1,1,8,1.1
2024-03-27T15:56:18Z,26.664728,-77.112867,0.09,69.1,1,8,1.1
2024-03-27T15:56:28Z,26.664728,-77.112870,0.15,15.2,1,8,1.1
2024-03-27T15:56:33Z,26.664732,-77.112870,0.06,172.7,1,9,1.1
2024-03-27T15:56:38Z,26.664733,-77.112870,0.08,43.9,1,8,1.1
2024-03-27T15:56:43Z,26.664733,-77.112870,0.13,58.5,1,9,1.1
2024-03-27T15:56:48Z,26.664738,-77.112868,0.23,30.2,1,9,1.1
2024-03-27T15:56:53Z,26.664742,-77.112868,0.15,27.1,1,9,1.1
2024-03-27T15:57:03Z,26.664745,-77.112868,0.23,64.8,1,9,1.1
2024-03-27T15:57:08Z,26.664748,-77.112865,0.29,61.8,1,9,1.1
2024-03-27T15:57:13Z,26.664752,-77.112863,0.26,71.8,1,9,1.1
2024-03-27T15:57:18Z,26.664753,-77.112860,0.22,74.4,1,9,1.1
2024-03-27T15:57:23Z,26.664752,-77.112860,0.14,120.6,1,9,1.1
2024-03-27T15:57:33Z,26.664753,-77.112857,0.14,75.5,1,9,1.1
2024-03-27T15:57:38Z,26.664757,-77.112855,0.18,78.6,1,9,1.1
2024-03-27T15:57:43Z,26.664757,-77.112853,0.23,71.2,1,9,1.1
2024-03-27T15:57:48Z,26.664760,-77.112850,0.18,94.4,1,9,1.1
2024-03-27T15:57:53Z,26.664762,-77.112848,0.06,126.9,1,9,1.1
2024-03-27T15:58:03Z,26.664773,-77.112842,0.49,33.8,1,9,1.1
2024-03-27T15:58:08Z,26.664775,-77.112842,0.27,52.8,1,9,1.1
2024-03-27T15:58:13Z,26.664773,-77.112842,0.17,66.7,1,8,1.1
2024-03-27T15:58:18Z,26.664775,-77.112840,0.08,161.4,1,9,1.1
2024-03-27T15:58:23Z,26.664773,-77.112838,0.09,106.0,1,9,1.1
2024-03-27T15:58:33Z,26.664753,-77.112833,0.13,59.7,1,9,1.1
2024-03-27T15:58:38Z,26.664750,-77.112830,0.23,103.9,1,9,1.1
2024-03-27T15:58:43Z,26.664753,-77.112830,0.12,143.4,1,9,1.1
2024-03-27T15:58:48Z,26.664752,-77.112827,0.20,98.4,1,9,1.1
2024-03-27T15:58:53Z,26.664752,-77.112825,0.22,76.4,1,9,1.1
2024-03-27T15:59:03Z,26.664758,-77.112823,0.24,131.7,1,9,1.1
2024-03-27T15:59:08Z,26.664762,-77.112823,0.20,62.0,1,9,1.1
2024-03-27T15:59:13Z,26.664758,-77.112817,0.14,213.8,1,9,1.1
2024-03-27T15:59:18Z,26.664755,-77.112822,0.49,343.1,1,9,1.1
2024-03-27T15:59:23Z,26.664755,-77.112822,0.19,321.4,1,9,1.1
2024-03-27T15:59:33Z,26.664747,-77.112810,0.22,90.0,1,9,1.1
2024-03-27T15:59:38Z,26.664743,-77.112803,0.54,157.5,1,9,1.1
2024-03-27T15:59:43Z,26.664735,-77.112793,0.45,123.5,1,9,1.1
2024-03-27T15:59:48Z,26.664732,-77.112790,0.02,196.9,1,9,1.1
2024-03-27T15:59:53Z,26.664735,-77.112795,0.10,171.7,1,9,1.1
2024-03-27T16:00:03Z,26.664742,-77.112795,0.13,29.7,1,9,1.1
2024-03-27T16:00:08Z,26.664740,-77.112787,0.18,84.1,1,9,1.1
2024-03-27T16:00:13Z,26.664735,-77.112783,0.42,148.3,1,9,1.1
2024-03-27T16:00:18Z,26.664728,-77.112780,0.09,67.5,1,9,1.1
2024-03-27T16:00:23Z,26.664727,-77.112783,0.33,310.1,1,9,1.1
2024-03-27T16:00:33Z,26.664732,-77.112800,0.21,132.3,1,9,1.1
2024-03-27T16:00:38Z,26.664732,-77.112800,0.29,142.9,1,9,1.1
2024-03-27T16:00:43Z,26.664727,-77.112793,0.21,345.2,1,9,1.1
2024-03-27T16:00:48Z,26.664728,-77.112795,0.08,106.7,1,9,1.1
2024-03-27T16:00:53Z,26.664733,-77.112800,0.32,132.1,1,9,1.1
2024-03-27T16:00:58Z,26.664738,-77.112805,0.09,250.4,1,9,1.1
2024-03-27T16:01:08Z,26.664738,-77.112825,0.38,150.6,1,9,1.1
2024-03-27T16:01:13Z,26.664732,-77.112827,0.11,178.2,1,9,1.1
2024-03-27T16:01:18Z,26.664732,-77.112830,0.08,175.8,1,9,1.1
2024-03-27T16:01:23Z,26.664735,-77.112832,0.03,143.7,1,9,1.1
2024-03-27T16:01:28Z,26.664738,-77.112835,0.31,51.3,1,9,1.1
2024-03-27T16:01:33Z,26.664750,-77.112828,0.18,74.8,1,9,1.1
2024-03-27T16:01:43Z,26.664760,-77.112823,0.20,44.3,1,9,1.1
2024-03-27T16:01:48Z,26.664762,-77.112818,0.25,1.8,1,9,1.1
2024-03-27T16:01:53Z,26.664760,-77.112812,0.15,50.1,1,9,1.1
2024-03-27T16:01:58Z,26.664757,-77.112805,0.24,31.9,1,9,1.1
2024-03-27T16:02:03Z,26.664757,-77.112803,0.17,92.1,1,9,1.1
2024-03-27T16:02:08Z,26.664765,-77.112797,0.39,96.2,1,9,1.1
2024-03-27T16:02:13Z,26.664760,-77.112792,0.07,15.1,2,9,1.1
2024-03-27T16:02:18Z,26.664758,-77.112790,0.19,107.1,2,9,1.1
2024-03-27T16:02:23Z,26.664760,-77.112800,0.17,125.5,2,9,1.1
2024-03-27T16:02:28Z,26.664755,-77.112803,0.15,156.0,2,9,1.1
2024-03-27T16:02:33Z,26.664747,-77.112800,0.22,140.8,2,9,1.1
2024-03-27T16:02:38Z,26.664745,-77.112797,0.15,324.6,2,9,1.1
2024-03-27T16:02:43Z,26.664748,-77.112798,0.19,110.1,1,9,1.1
2024-03-27T16:02:53Z,26.664745,-77.112797,0.15,124.9,1,9,1.1
2024-03-27T16:02:58Z,26.664742,-77.112795,0.18,151.7,1,9,1.1
2024-03-27T16:03:03Z,26.664745,-77.112800,0.46,145.2,1,9,1.1
2024-03-27T16:03:08Z,26.664742,-77.112800,0.37,133.7,1,9,1.1
2024-03-27T16:03:13Z,26.664743,-77.112805,0.12,294.0,1,9,1.1
2024-03-27T16:03:18Z,26.664740,-77.112805,0.16,291.6,1,9,1.1
2024-03-27T16:03:28Z,26.664742,-77.112815,0.08,195.1,1,9,1.1
2024-03-27T16:03:33Z,26.664742,-77.112817,0.05,124.8,1,9,1.1
2024-03-27T16:03:38Z,26.664740,-77.112815,0.18,290.3,1,9,1.1
2024-03-27T16:03:43Z,26.664745,-77.112820,0.12,193.5,1,9,1.1
2024-03-27T16:03:48Z,26.664748,-77.112823,0.06,189.8,1,9,1.1
2024-03-27T16:03:53Z,26.664755,-77.112835,0.19,331.6,1,9,1.1
2024-03-27T16:04:03Z,26.664757,-77.112840,0.09,289.5,1,9,1.1
2024-03-27T16:04:08Z,26.664760,-77.112840,0.21,176.8,1,9,1.1
2024-03-27T16:04:13Z,26.664757,-77.112840,0.29,89.7,1,9,1.1
2024-03-27T16:04:18Z,26.664758,-77.112835,0.16,117.4,1,9,1.1
2024-03-27T16:04:23Z,26.664752,-77.112825,0.45,117.0,1,9,1.1
2024-03-27T16:04:28Z,26.664755,-77.112820,0.40,123.7,1,9,1.1
2024-03-27T16:04:38Z,26.664762,-77.112815,0.12,354.7,1,9,1.1
2024-03-27T16:04:43Z,26.664755,-77.112818,0.45,167.5,1,9,1.1
2024-03-27T16:04:48Z,26.664753,-77.112822,0.08,131.9,1,9,1.1
2024-03-27T16:04:53Z,26.664757,-77.112822,0.13,181.2,1,9,1.1
2024-03-27T16:04:58Z,26.664757,-77.112825,0.30,205.2,1,9,1.1
2024-03-27T16:05:03Z,26.664752,-77.112828,0.01,305.4,1,9,1.1
2024-03-27T16:05:13Z,26.664748,-77.112832,0.13,235.3,1,9,1.1
2024-03-27T16:05:18Z,26.664742,-77.112837,0.38,162.7,1,9,1.1
2024-03-27T16:05:23Z,26.664738,-77.112830,0.31,174.8,1,9,1.1
2024-03-27T16:05:28Z,26.664730,-77.112823,0.16,109.8,1,9,1.1
2024-03-27T16:05:33Z,26.664725,-77.112818,0.47,172.8,1,9,1.1
2024-03-27T16:05:38Z,26.664720,-77.112815,0.12,150.8,1,9,1.1
2024-03-27T16:05:48Z,26.664725,-77.112825,0.09,80.3,1,9,1.1
2024-03-27T16:05:53Z,26.664728,-77.112828,0.07,347.7,1,9,1.1
2024-03-27T16:05:58Z,26.664732,-77.112832,0.04,20.4,1,9,1.1
2024-03-27T16:06:03Z,26.664738,-77.112823,0.15,55.0,1,9,1.1
2024-03-27T16:06:08Z,26.664747,-77.112825,0.52,6.8,1,9,1.1
2024-03-27T16:06:13Z,26.664753,-77.112827,0.16,12.1,1,9,1.1
2024-03-27T16:06:23Z,26.664757,-77.112832,0.04,198.3,1,9,1.1
2024-03-27T16:06:28Z,26.664755,-77.112835,0.16,129.2,1,9,1.1
2024-03-27T16:06:33Z,26.664755,-77.112833,0.21,164.6,1,9,1.1
2024-03-27T16:06:38Z,26.664748,-77.112833,0.21,119.3,1,9,1.1
2024-03-27T16:06:43Z,26.664745,-77.112840,0.08,333.3,1,9,1.1
2024-03-27T16:06:48Z,26.664748,-77.112838,0.17,147.6,1,9,1.1
2024-03-27T16:06:53Z,26.664742,-77.112837,0.08,120.4,1,9,1.1
2024-03-27T16:06:58Z,26.664738,-77.112830,0.15,10.0,1,9,1.1
2024-03-27T16:07:03Z,26.664738,-77.112827,0.10,136.4,1,9,1.1
2024-03-27T16:07:08Z,26.664735,-77.112828,0.03,86.6,1,9,1.1
2024-03-27T16:07:13Z,26.664732,-77.112830,0.17,163.3,1,9,1.1
2024-03-27T16:07:18Z,26.664733,-77.112833,0.07,122.2,1,9,1.1
2024-03-27T16:07:23Z,26.664735,-77.112838,0.16,157.8,1,9,1.1
2024-03-27T16:07:33Z,26.664735,-77.112842,0.34,150.7,1,9,1.1
2024-03-27T16:07:38Z,26.664735,-77.112835,0.15,89.1,1,9,1.1
2024-03-27T16:07:43Z,26.664733,-77.112828,0.24,113.2,1,9,1.1
2024-03-27T16:07:48Z,26.664733,-77.112825,0.13,50.4,1,9,1.1
2024-03-27T16:07:53Z,26.664735,-77.112827,0.11,119.2,1,9,1.1
2024-03-27T16:07:58Z,26.664738,-77.112833,0.05,66.4,1,9,1.1
2024-03-27T16:08:08Z,26.664740,-77.112835,0.17,74.5,1,9,1.1
2024-03-27T16:08:13Z,26.664737,-77.112833,0.27,17.3,1,9,1.1
2024-03-27T16:08:18Z,26.664738,-77.112833,0.19,138.0,1,9,1.1
2024-03-27T16:08:23Z,26.664733,-77.112830,0.31,153.2,1,9,1.1
2024-03-27T16:08:28Z,26.664732,-77.112828,0.17,150.3,1,9,1.1
2024-03-27T16:08:33Z,26.664730,-77.112828,0.14,7.2,1,9,1.1
2024-03-27T16:08:43Z,26.664737,-77.112827,0.18,30.8,1,9,1.1
2024-03-27T16:08:48Z,26.664738,-77.112825,0.18,53.5,1,9,1.1
2024-03-27T16:08:53Z,26.664747,-77.112828,0.65,330.7,1,9,1.1
2024-03-27T16:08:58Z,26.664745,-77.112832,0.32,134.7,1,9,1.1
2024-03-27T16:09:03Z,26.664742,-77.112828,0.14,155.1,1,9,1.1
2024-03-27T16:09:08Z,26.664737,-77.112828,0.06,210.5,1,9,1.1
2024-03-27T16:09:18Z,26.664735,-77.112818,0.22,60.1,1,9,1.1
2024-03-27T16:09:23Z,26.664737,-77.112815,0.42,9.8,1,9,1.1
2024-03-27T16:09:28Z,26.664743,-77.112817,0.09,136.0,1,9,1.1
2024-03-27T16:09:33Z,26.664745,-77.112815,0.27,358.2,1,9,1.1
2024-03-27T16:09:38Z,26.664750,-77.112820,0.07,226.9,1,9,1.1
2024-03-27T16:09:43Z,26.664750,-77.112823,0.09,151.0,1,9,1.1
2024-03-27T16:09:53Z,26.664747,-77.112820,0.25,184.4,1,9,1.1
2024-03-27T16:09:58Z,26.664743,-77.112818,0.19,170.8,1,9,1.1
2024-03-27T16:10:03Z,26.664740,-77.112820,0.21,182.6,1,9,1.1
2024-03-27T16:10:08Z,26.664738,-77.112823,0.11,161.9,1,9,1.1
2024-03-27T16:10:13Z,26.664737,-77.112825,0.19,197.7,1,9,1.1
2024-03-27T16:10:18Z,26.664737,-77.112828,0.10,239.7,1,9,1.1
2024-03-27T16:10:28Z,26.664733,-77.112835,0.06,217.6,1,9,1.1
2024-03-27T16:10:33Z,26.664732,-77.112835,0.30,177.4,2,9,1.1
2024-03-27T16:10:38Z,26.664725,-77.112833,0.07,98.3,2,9,1.1
2024-03-27T16:10:43Z,26.664728,-77.112837,0.11,214.0,2,9,1.1
2024-03-27T16:10:48Z,26.664728,-77.112838,0.44,200.7,1,9,1.1
2024-03-27T16:10:53Z,26.664732,-77.112845,0.20,12.2,1,9,1.1
2024-03-27T16:11:03Z,26.664722,-77.112845,0.04,169.0,1,9,1.1
2024-03-27T16:11:08Z,26.664722,-77.112847,0.11,201.6,1,9,1.1
2024-03-27T16:11:13Z,26.664722,-77.112850,0.04,217.4,1,8,1.1
2024-03-27T16:11:18Z,26.664722,-77.112850,0.15,132.1,1,8,1.1
2024-03-27T16:11:23Z,26.664725,-77.112857,0.08,202.9,1,9,1.1
2024-03-27T16:11:28Z,26.664725,-77.112858,0.17,110.7,1,9,1.1
2024-03-27T16:11:38Z,26.664733,-77.112860,0.13,48.5,1,9,1.1
2024-03-27T16:11:43Z,26.664733,-77.112860,0.18,173.1,1,9,1.1
2024-03-27T16:11:48Z,26.664728,-77.112860,0.19,177.6,1,9,1.1
2024-03-27T16:11:53Z,26.664728,-77.112858,0.14,115.1,1,9,1.1
2024-03-27T16:11:58Z,26.664727,-77.112857,0.24,142.2,1,9,1.1
2024-03-27T16:12:03Z,26.664732,-77.112855,0.22,109.5,1,9,1.1
2024-03-27T16:12:13Z,26.664723,-77.112855,0.30,121.8,1,9,1.1
2024-03-27T16:12:18Z,26.664720,-77.112853,0.38,147.7,1,9,1.1
2024-03-27T16:12:23Z,26.664722,-77.112852,0.17,342.3,1,9,1.1
2024-03-27T16:12:28Z,26.664725,-77.112853,0.08,34.0,1,9,1.1
2024-03-27T16:12:33Z,26.664728,-77.112853,0.20,92.8,1,9,1.1
2024-03-27T16:12:38Z,26.664728,-77.112850,0.18,98.6,1,9,1.1
2024-03-27T16:12:48Z,26.664727,-77.112850,0.09,70.5,1,9,1.1
2024-03-27T16:12:53Z,26.664725,-77.112850,0.15,119.0,1,9,1.1
2024-03-27T16:12:58Z,26.664722,-77.112848,0.19,96.0,1,9,1.1
2024-03-27T16:13:03Z,26.664720,-77.112847,0.18,24.1,1,9,1.1
2024-03-27T16:13:08Z,26.664728,-77.112842,0.23,123.8,1,9,1.1
2024-03-27T16:13:13Z,26.664732,-77.112838,0.13,158.2,1,9,1.1
2024-03-27T16:13:23Z,26.664740,-77.112842,0.11,100.1,1,9,1.1
2024-03-27T16:13:28Z,26.664743,-77.112845,0.26,205.4,1,9,1.1
2024-03-27T16:13:33Z,26.664747,-77.112848,0.26,20.5,1,9,1.1
2024-03-27T16:13:38Z,26.664750,-77.112850,0.18,80.1,1,9,1.1
2024-03-27T16:13:43Z,26.664753,-77.112850,0.24,12.0,1,9,1.1
2024-03-27T16:13:48Z,26.664758,-77.112852,0.03,161.1,1,9,1.1
2024-03-27T16:13:58Z,26.664755,-77.112845,0.39,136.5,1,9,1.1
2024-03-27T16:14:03Z,26.664755,-77.112840,0.12,106.6,1,9,1.1
2024-03-27T16:14:08Z,26.664757,-77.112833,0.23,92.7,1,9,1.1
2024-03-27T16:14:13Z,26.664762,-77.112827,0.33,88.7,1,9,1.1
2024-03-27T16:14:18Z,26.664767,-77.112823,0.14,147.4,1,9,1.1
2024-03-27T16:14:23Z,26.664770,-77.112822,0.21,85.0,1,9,1.1
2024-03-27T16:14:33Z,26.664757,-77.112815,0.15,141.8,1,9,1.1
2024-03-27T16:14:38Z,26.664753,-77.112818,0.17,203.3,1,9,1.1
2024-03-27T16:14:43Z,26.664747,-77.112815,0.16,7.5,1,9,1.1
2024-03-27T16:14:48Z,26.664740,-77.112810,0.13,119.4,1,9,1.1
2024-03-27T16:14:53Z,26.664735,-77.112803,0.28,79.7,1,9,1.1
2024-03-27T16:14:58Z,26.664732,-77.112798,0.15,141.0,1,9,1.1
2024-03-27T16:15:08Z,26.664725,-77.112790,0.25,110.7,1,9,1.1
2024-03-27T16:15:13Z,26.664720,-77.112785,0.10,40.5,1,9,1.1
2024-03-27T16:15:18Z,26.664718,-77.112785,0.14,115.8,1,9,1.1
2024-03-27T16:15:23Z,26.664727,-77.112795,0.16,88.8,1,9,1.1
2024-03-27T16:15:28Z,26.664730,-77.112803,0.13,25.0,1,9,1.1
2024-03-27T16:15:33Z,26.664725,-77.112805,0.29,326.2,1,9,1.1
2024-03-27T16:15:43Z,26.664718,-77.112805,0.13,23.9,2,9,1.1
2024-03-27T16:15:48Z,26.664712,-77.112803,0.15,92.4,2,9,1.1
2024-03-27T16:15:53Z,26.664715,-77.112803,0.33,286.2,2,9,1.1
2024-03-27T16:15:58Z,26.664727,-77.112818,0.39,313.2,2,9,1.1
2024-03-27T16:16:03Z,26.664728,-77.112823,0.05,319.9,2,9,1.1
2024-03-27T16:16:08Z,26.664723,-77.112818,0.17,6.8,2,9,1.1
2024-03-27T16:16:18Z,26.664715,-77.112817,0.13,110.6,2,9,1.1
2024-03-27T16:16:23Z,26.664720,-77.112823,0.22,277.8,2,9,1.1
2024-03-27T16:16:28Z,26.664730,-77.112830,0.15,167.3,2,9,1.1
2024-03-27T16:16:33Z,26.664737,-77.112835,0.08,106.6,2,9,1.1
2024-03-27T16:16:38Z,26.664738,-77.112838,0.22,356.6,2,9,1.1
2024-03-27T16:16:43Z,26.664742,-77.112840,0.01,193.8,2,9,1.1
2024-03-27T16:16:53Z,26.664740,-77.112838,0.07,15.7,1,9,1.1
2024-03-27T16:16:58Z,26.664737,-77.112835,0.07,93.6,1,9,1.1
2024-03-27T16:17:03Z,26.664733,-77.112833,0.05,234.2,1,9,1.1
2024-03-27T16:17:08Z,26.664730,-77.112830,0.06,124.4,1,9,1.1
2024-03-27T16:17:13Z,26.664727,-77.112827,0.06,175.0,1,9,1.1
2024-03-27T16:17:18Z,26.664725,-77.112828,0.28,289.4,1,9,1.1
2024-03-27T16:17:23Z,26.664718,-77.112825,0.08,265.9,1,9,1.1
2024-03-27T16:17:28Z,26.664722,-77.112825,0.51,136.5,1,9,1.1
2024-03-27T16:17:33Z,26.664722,-77.112822,0.02,172.4,1,9,1.1
2024-03-27T16:17:38Z,26.664728,-77.112823,0.05,186.3,1,9,1.1
2024-03-27T16:17:43Z,26.664738,-77.112833,0.18,56.8,1,9,1.1
2024-03-27T16:17:48Z,26.664743,-77.112838,0.09,47.2,2,9,1.1
2024-03-27T16:17:53Z,26.664740,-77.112838,0.18,185.7,2,9,1.1
2024-03-27T16:18:03Z,26.664727,-77.112828,0.26,186.3,1,9,1.1
2024-03-27T16:18:08Z,26.664725,-77.112835,0.13,110.8,1,9,1.1
2024-03-27T16:18:13Z,26.664725,-77.112838,0.10,79.3,1,9,1.1
2024-03-27T16:18:18Z,26.664727,-77.112838,0.13,166.0,1,9,1.1
2024-03-27T16:18:23Z,26.664723,-77.112842,0.12,124.0,1,9,1.1
2024-03-27T16:18:28Z,26.664723,-77.112843,0.22,178.0,1,9,1.1
2024-03-27T16:18:38Z,26.664723,-77.112842,0.10,128.5,1,9,1.1
2024-03-27T16:18:43Z,26.664727,-77.112843,0.11,139.4,1,9,1.1
2024-03-27T16:18:48Z,26.664728,-77.112843,0.30,356.5,1,9,1.1
2024-03-27T16:18:53Z,26.664733,-77.112845,0.16,59.2,1,9,1.1
2024-03-27T16:18:58Z,26.664735,-77.112845,0.04,101.9,1,9,1.1
2024-03-27T16:19:03Z,26.664737,-77.112847,0.24,13.1,1,9,1.1
2024-03-27T16:19:13Z,26.664733,-77.112843,0.20,143.4,1,9,1.1
2024-03-27T16:19:18Z,26.664733,-77.112838,0.21,133.5,1,9,1.1
2024-03-27T16:19:23Z,26.664733,-77.112840,0.14,129.0,1,9,1.1
2024-03-27T16:19:28Z,26.664730,-77.112842,0.08,192.5,1,9,1.1
2024-03-27T16:19:33Z,26.664728,-77.112840,0.17,108.9,1,9,1.1
2024-03-27T16:19:38Z,26.664727,-77.112843,0.18,114.0,1,9,1.1
2024-03-27T16:19:48Z,26.664733,-77.112842,0.17,118.6,1,9,1.1
2024-03-27T16:19:53Z,26.664732,-77.112840,0.18,116.7,1,9,1.1
2024-03-27T16:19:58Z,26.664733,-77.112838,0.19,87.3,1,9,1.1
2024-03-27T16:20:03Z,26.664735,-77.112838,0.03,198.1,1,9,1.1
2024-03-27T16:20:08Z,26.664737,-77.112837,0.21,94.3,1,9,1.1
2024-03-27T16:20:13Z,26.664737,-77.112835,0.08,143.7,1,9,1.1
2024-03-27T16:20:23Z,26.664735,-77.112837,0.18,118.3,1,9,1.1
2024-03-27T16:20:28Z,26.664730,-77.112828,0.08,210.6,1,9,1.1
2024-03-27T16:20:33Z,26.664733,-77.112828,0.32,333.0,1,9,1.1
2024-03-27T16:20:38Z,26.664735,-77.112828,0.09,217.3,1,9,1.1
2024-03-27T16:20:43Z,26.664732,-77.112827,0.23,123.8,1,9,1.1
2024-03-27T16:20:48Z,26.664728,-77.112825,0.09,163.1,1,9,1.1
2024-03-27T16:20:58Z,26.664718,-77.112822,0.16,138.6,1,9,1.1
2024-03-27T16:21:03Z,26.664720,-77.112825,0.09,113.9,1,9,1.1
2024-03-27T16:21:08Z,26.664718,-77.112823,0.58,132.7,1,9,1.1
2024-03-27T16:21:13Z,26.664720,-77.112825,0.21,78.9,1,9,1.1
2024-03-27T16:21:18Z,26.664723,-77.112828,0.12,97.6,1,9,1.1
2024-03-27T16:21:23Z,26.664725,-77.112828,0.14,77.7,1,9,1.1
2024-03-27T16:21:33Z,26.664728,-77.112828,0.09,60.2,1,9,1.1
2024-03-27T16:21:38Z,26.664732,-77.112830,0.24,64.5,1,9,1.1
2024-03-27T16:21:43Z,26.664733,-77.112828,0.15,27.0,1,9,1.1
2024-03-27T16:21:48Z,26.664738,-77.112830,0.04,313.9,1,9,1.1
2024-03-27T16:21:53Z,26.664740,-77.112827,0.27,78.2,1,9,1.1
2024-03-27T16:21:58Z,26.664742,-77.112825,0.24,45.8,1,9,1.1
2024-03-27T16:22:08Z,26.664745,-77.112820,0.18,79.7,1,9,1.1
2024-03-27T16:22:13Z,26.664745,-77.112820,0.19,319.8,1,9,1.1
2024-03-27T16:22:18Z,26.664745,-77.112820,0.11,109.3,1,9,1.1
2024-03-27T16:22:23Z,26.664750,-77.112820,0.32,100.5,1,9,1.1
2024-03-27T16:22:28Z,26.664750,-77.112820,0.10,139.1,1,9,1.1
2024-03-27T16:22:33Z,26.664750,-77.112820,0.03,129.3,1,9,1.1
2024-03-27T16:22:43Z,26.664750,-77.112822,0.27,119.1,1,9,1.1
2024-03-27T16:22:48Z,26.664748,-77.112817,0.13,97.0,1,9,1.1
2024-03-27T16:22:53Z,26.664748,-77.112815,0.21,337.7,1,9,1.1
2024-03-27T16:22:58Z,26.664752,-77.112815,0.17,140.5,1,9,1.1
2024-03-27T16:23:03Z,26.664745,-77.112812,0.12,64.1,1,9,1.1
2024-03-27T16:23:08Z,26.664740,-77.112803,0.29,104.0,1,9,1.1
2024-03-27T16:23:18Z,26.664733,-77.112792,0.22,140.1,1,9,1.1
2024-03-27T16:23:23Z,26.664735,-77.112793,0.14,333.9,1,8,1.1
2024-03-27T16:23:28Z,26.664735,-77.112795,0.14,183.7,1,9,1.1
2024-03-27T16:23:33Z,26.664735,-77.112797,0.04,189.0,1,9,1.1
2024-03-27T16:23:38Z,26.664742,-77.112807,0.24,233.4,1,9,1.1
2024-03-27T16:23:43Z,26.664752,-77.112820,0.22,278.5,1,9,1.1
2024-03-27T16:23:48Z,26.664755,-77.112830,0.18,311.3,1,9,1.1
2024-03-27T16:23:53Z,26.664750,-77.112827,0.19,310.7,1,9,1.1
2024-03-27T16:23:58Z,26.664750,-77.112828,0.24,267.6,1,9,1.1
2024-03-27T16:24:03Z,26.664747,-77.112830,0.26,314.0,1,9,1.1
2024-03-27T16:24:08Z,26.664745,-77.112827,0.35,141.6,1,9,1.1
2024-03-27T16:24:13Z,26.664742,-77.112823,0.16,138.2,1,9,1.1
2024-03-27T16:24:18Z,26.664738,-77.112822,0.11,88.6,1,9,1.1
2024-03-27T16:24:28Z,26.664737,-77.112825,0.09,192.3,1,9,1.1
2024-03-27T16:24:33Z,26.664735,-77.112825,0.12,214.5,1,9,1.1
2024-03-27T16:24:38Z,26.664735,-77.112827,0.07,226.9,1,9,1.1
2024-03-27T16:24:43Z,26.664737,-77.112830,0.14,147.5,1,9,1.1
2024-03-27T16:24:48Z,26.664737,-77.112833,0.11,227.4,1,9,1.1
2024-03-27T16:24:53Z,26.664738,-77.112837,0.15,314.8,1,9,1.1
2024-03-27T16:25:03Z,26.664748,-77.112842,0.10,103.2,1,9,1.1
2024-03-27T16:25:08Z,26.664752,-77.112842,0.20,81.4,1,9,1.1
2024-03-27T16:25:13Z,26.664758,-77.112847,0.14,66.4,1,9,1.1
2024-03-27T16:25:18Z,26.664760,-77.112847,0.21,68.5,1,9,1.1
2024-03-27T16:25:23Z,26.664758,-77.112845,0.25,103.6,1,9,1.1
2024-03-27T16:25:28Z,26.664763,-77.112850,0.14,140.8,1,9,1.1
2024-03-27T16:25:38Z,26.664753,-77.112840,0.18,115.0,1,8,1.1
2024-03-27T16:25:43Z,26.664747,-77.112833,0.15,148.8,1,9,1.1
2024-03-27T16:25:48Z,26.664742,-77.112830,0.21,120.4,1,8,1.4
2024-03-27T16:25:53Z,26.664742,-77.112825,0.27,85.0,1,9,1.1
2024-03-27T16:25:58Z,26.664742,-77.112823,0.06,90.6,1,8,1.1
2024-03-27T16:26:03Z,26.664743,-77.112825,0.09,134.9,1,9,1.1
2024-03-27T16:26:13Z,26.664737,-77.112820,0.15,118.1,1,9,1.1
2024-03-27T16:26:18Z,26.664737,-77.112820,0.14,323.9,1,9,1.1
2024-03-27T16:26:23Z,26.664738,-77.112823,0.12,299.2,1,9,1.1
2024-03-27T16:26:28Z,26.664740,-77.112825,0.03,294.2,1,9,1.1
2024-03-27T16:26:33Z,26.664740,-77.112828,0.10,231.3,1,9,1.1
2024-03-27T16:26:38Z,26.664738,-77.112830,0.16,282.7,1,9,1.1
2024-03-27T16:26:48Z,26.664738,-77.112830,0.18,129.5,1,9,1.1
2024-03-27T16:26:53Z,26.664737,-77.112827,0.16,143.5,1,9,1.1
2024-03-27T16:26:58Z,26.664735,-77.112823,0.20,124.2,1,9,1.1
2024-03-27T16:27:03Z,26.664732,-77.112822,0.17,136.6,1,9,1.1
2024-03-27T16:27:08Z,26.664732,-77.112822,0.07,133.2,1,9,1.1
2024-03-27T16:27:13Z,26.664727,-77.112820,0.15,159.2,1,9,1.1
2024-03-27T16:27:18Z,26.664718,-77.112817,0.20,139.5,1,9,1.1
2024-03-27T16:27:23Z,26.664713,-77.112815,0.06,154.9,1,9,1.1
2024-03-27T16:27:28Z,26.664725,-77.112827,0.09,321.0,1,9,1.1
2024-03-27T16:27:33Z,26.664730,-77.112828,0.11,45.6,1,9,1.1
2024-03-27T16:27:38Z,26.664732,-77.112828,0.21,73.6,1,9,1.1
2024-03-27T16:27:43Z,26.664743,-77.112833,0.34,62.6,1,9,1.1
2024-03-27T16:27:48Z,26.664750,-77.112837,0.29,74.4,1,9,1.1
2024-03-27T16:27:58Z,26.664758,-77.112835,0.14,39.3,1,9,1.1
2024-03-27T16:28:03Z,26.664757,-77.112833,0.22,123.7,1,9,1.1
2024-03-27T16:28:08Z,26.664753,-77.112828,0.20,116.9,1,9,1.1
2024-03-27T16:28:13Z,26.664750,-77.112827,0.54,124.2,1,9,1.1
2024-03-27T16:28:18Z,26.664748,-77.112825,0.10,350.8,1,9,1.1
2024-03-27T16:28:23Z,26.664750,-77.112825,0.07,119.7,1,9,1.1
2024-03-27T16:28:33Z,26.664765,-77.112837,0.17,349.6,1,9,1.1
2024-03-27T16:28:38Z,26.664763,-77.112837,0.09,109.8,1,9,1.1
2024-03-27T16:28:43Z,26.664760,-77.112828,0.25,96.5,1,9,1.1
2024-03-27T16:28:48Z,26.664758,-77.112818,0.25,89.3,1,9,1.1
2024-03-27T16:28:53Z,26.664745,-77.112810,0.17,86.9,1,9,1.1
2024-03-27T16:28:58Z,26.664740,-77.112803,0.12,80.4,1,9,1.1
2024-03-27T16:29:08Z,26.664733,-77.112797,0.12,108.0,1,9,1.1
2024-03-27T16:29:13Z,26.664733,-77.112797,0.05,93.2,1,9,1.1
2024-03-27T16:29:18Z,26.664738,-77.112798,0.12,62.1,1,9,1.1
2024-03-27T16:29:23Z,26.664743,-77.112800,0.18,88.6,1,9,1.1
2024-03-27T16:29:28Z,26.664743,-77.112798,0.21,93.7,1,9,1.1
2024-03-27T16:29:33Z,26.664745,-77.112798,0.11,88.8,1,9,1.1
2024-03-27T16:29:43Z,26.664752,-77.112803,0.11,118.3,1,9,1.1
2024-03-27T16:29:48Z,26.664750,-77.112802,0.19,107.8,1,9,1.1
2024-03-27T16:29:53Z,26.664748,-77.112800,0.10,161.3,1,9,1.1
2024-03-27T16:29:58Z,26.664747,-77.112798,0.11,115.1,1,9,1.1
2024-03-27T16:30:03Z,26.664747,-77.112798,0.14,115.0,1,9,1.1
2024-03-27T16:30:08Z,26.664743,-77.112798,0.17,119.6,1,9,1.1
2024-03-27T16:30:18Z,26.664738,-77.112800,0.04,199.3,1,9,1.1
2024-03-27T16:30:23Z,26.664737,-77.112800,0.15,123.4,1,9,1.1
2024-03-27T16:30:28Z,26.664735,-77.112802,0.10,136.6,1,9,1.1
2024-03-27T16:30:33Z,26.664735,-77.112803,0.03,245.7,1,9,1.1
2024-03-27T16:30:38Z,26.664735,-77.112803,0.10,142.4,1,9,1.1
2024-03-27T16:30:43Z,26.664735,-77.112807,0.16,100.5,1,9,1.1
2024-03-27T16:30:53Z,26.664740,-77.112812,0.16,133.7,1,9,1.1
2024-03-27T16:30:58Z,26.664742,-77.112815,0.30,326.6,1,9,1.1
2024-03-27T16:31:03Z,26.664743,-77.112818,0.09,275.8,1,9,1.1
2024-03-27T16:31:08Z,26.664745,-77.112820,0.06,87.5,1,9,1.1
2024-03-27T16:31:13Z,26.664745,-77.112823,0.07,170.9,1,9,1.1
2024-03-27T16:31:18Z,26.664743,-77.112823,0.17,124.6,1,9,1.1
2024-03-27T16:31:28Z,26.664742,-77.112825,0.29,130.5,1,9,1.1
2024-03-27T16:31:33Z,26.664743,-77.112827,0.18,306.0,1,9,1.1
2024-03-27T16:31:38Z,26.664742,-77.112828,0.02,337.6,1,9,1.1
2024-03-27T16:31:43Z,26.664743,-77.112830,0.20,324.7,1,9,1.1
2024-03-27T16:31:48Z,26.664748,-77.112833,0.08,44.6,1,9,1.1
2024-03-27T16:31:53Z,26.664752,-77.112835,0.18,304.2,1,9,1.1
2024-03-27T16:32:03Z,26.664748,-77.112835,0.14,138.0,1,9,1.1
2024-03-27T16:32:08Z,26.664747,-77.112838,0.11,183.4,1,9,1.1
2024-03-27T16:32:13Z,26.664745,-77.112842,0.17,210.3,1,9,1.1
2024-03-27T16:32:18Z,26.664743,-77.112842,0.12,205.4,1,9,1.1
2024-03-27T16:32:23Z,26.664743,-77.112845,0.03,152.6,1,9,1.1
2024-03-27T16:32:28Z,26.664745,-77.112845,0.05,189.2,1,9,1.1
2024-03-27T16:32:38Z,26.664752,-77.112840,0.17,87.6,1,8,1.4
2024-03-27T16:32:43Z,26.664755,-77.112843,0.31,178.2,1,8,1.4
2024-03-27T16:32:48Z,26.664748,-77.112842,0.16,141.0,1,8,1.4
2024-03-27T16:32:53Z,26.664742,-77.112840,0.25,134.4,1,8,1.4
2024-03-27T16:32:58Z,26.664738,-77.112835,0.15,121.9,1,8,1.4
2024-03-27T16:33:03Z,26.664737,-77.112833,0.21,143.8,1,8,1.4
2024-03-27T16:33:13Z,26.664737,-77.112832,0.18,135.3,1,8,1.4
2024-03-27T16:33:18Z,26.664735,-77.112832,0.17,154.5,1,8,1.4
2024-03-27T16:33:23Z,26.664733,-77.112832,0.15,149.2,1,8,1.4
2024-03-27T16:33:28Z,26.664755,-77.112843,0.17,323.5,1,8,1.4
2024-03-27T16:33:33Z,26.664755,-77.112848,0.26,138.8,1,8,1.4
2024-03-27T16:33:38Z,26.664752,-77.112850,0.32,161.0,1,8,1.4
2024-03-27T16:33:48Z,26.664747,-77.112847,0.35,166.3,1,8,1.4
2024-03-27T16:33:53Z,26.664737,-77.112843,0.24,130.8,1,8,1.4
2024-03-27T16:33:58Z,26.664730,-77.112838,0.35,156.7,1,8,1.4
2024-03-27T16:34:03Z,26.664735,-77.112838,0.11,180.5,1,9,1.0
2024-03-27T16:34:08Z,26.664730,-77.112837,0.20,185.7,1,9,1.0
2024-03-27T16:34:13Z,26.664735,-77.112837,0.13,122.9,1,9,1.0
2024-03-27T16:34:23Z,26.664750,-77.112838,0.32,8.4,1,9,1.0
2024-03-27T16:34:28Z,26.664753,-77.112838,0.10,68.2,1,9,1.0
2024-03-27T16:34:33Z,26.664748,-77.112833,0.26,63.3,1,9,1.0
2024-03-27T16:34:38Z,26.664747,-77.112833,0.21,73.8,1,9,1.0
2024-03-27T16:34:43Z,26.664748,-77.112832,0.03,150.2,1,9,1.0
2024-03-27T16:34:48Z,26.664752,-77.112833,0.12,48.7,1,9,1.0
2024-03-27T16:34:58Z,26.664745,-77.112830,0.29,47.2,1,9,1.0
2024-03-27T16:35:03Z,26.664745,-77.112832,0.19,47.5,1,9,1.0
2024-03-27T16:35:08Z,26.664745,-77.112830,0.11,309.5,1,9,1.0
2024-03-27T16:35:13Z,26.664742,-77.112830,0.17,255.4,1,9,1.0
2024-03-27T16:35:18Z,26.664742,-77.112828,0.23,172.1,1,9,1.0
2024-03-27T16:35:23Z,26.664740,-77.112823,0.29,87.8,1,9,1.0
2024-03-27T16:35:33Z,26.664737,-77.112823,0.09,275.8,1,9,1.0
2024-03-27T16:35:38Z,26.664737,-77.112828,0.05,235.3,1,9,1.0
2024-03-27T16:35:43Z,26.664728,-77.112840,0.34,167.0,1,9,1.0
2024-03-27T16:35:48Z,26.664725,-77.112845,0.29,168.5,1,9,1.0
2024-03-27T16:35:53Z,26.664722,-77.112843,0.10,100.5,1,9,1.0
2024-03-27T16:35:58Z,26.664725,-77.112842,0.25,38.5,1,9,1.0
2024-03-27T16:36:08Z,26.664722,-77.112843,0.10,126.4,1,9,1.0
2024-03-27T16:36:13Z,26.664718,-77.112847,0.31,270.1,1,9,1.0
2024-03-27T16:36:18Z,26.664713,-77.112847,0.24,226.2,1,9,1.0
2024-03-27T16:36:23Z,26.664718,-77.112852,0.11,82.0,1,9,1.0
2024-03-27T16:36:28Z,26.664718,-77.112855,0.04,333.3,1,9,1.0
2024-03-27T16:36:33Z,26.664720,-77.112862,0.15,258.1,1,9,1.0
2024-03-27T16:36:43Z,26.664725,-77.112870,0.19,302.0,1,8,1.1
2024-03-27T16:36:48Z,26.664727,-77.112870,0.12,283.8,1,9,1.0
2024-03-27T16:36:53Z,26.664727,-77.112872,0.16,159.0,1,9,1.0
2024-03-27T16:36:58Z,26.664732,-77.112872,0.22,20.3,1,9,1.0
2024-03-27T16:37:03Z,26.664732,-77.112872,0.14,252.2,1,9,1.0
2024-03-27T16:37:08Z,26.664735,-77.112870,0.18,23.3,1,9,1.0
2024-03-27T16:37:18Z,26.664743,-77.112870,0.15,41.0,1,9,1.0
2024-03-27T16:37:23Z,26.664745,-77.112870,0.12,76.2,1,8,1.1
2024-03-27T16:37:28Z,26.664745,-77.112867,0.13,110.3,1,9,1.0
2024-03-27T16:37:33Z,26.664745,-77.112863,0.25,83.0,1,9,1.0
2024-03-27T16:37:38Z,26.664747,-77.112860,0.16,74.5,1,8,1.1
2024-03-27T16:37:43Z,26.664747,-77.112858,0.19,78.3,1,9,1.0
2024-03-27T16:37:53Z,26.664748,-77.112855,0.14,83.9,1,9,1.0
2024-03-27T16:37:58Z,26.664748,-77.112855,0.08,125.5,1,8,1.1
2024-03-27T16:38:03Z,26.664747,-77.112855,0.15,89.9,1,9,1.0
2024-03-27T16:38:08Z,26.664742,-77.112850,0.20,82.2,1,9,1.0
2024-03-27T16:38:13Z,26.664737,-77.112850,0.14,182.2,1,9,1.0
2024-03-27T16:38:18Z,26.664730,-77.112858,0.16,180.8,1,9,1.0
2024-03-27T16:38:28Z,26.664732,-77.112863,0.36,142.9,1,10,0.9
2024-03-27T16:38:33Z,26.664742,-77.112868,0.16,141.1,1,10,0.9
2024-03-27T16:38:38Z,26.664747,-77.112870,0.23,28.6,1,9,1.0
2024-03-27T16:38:43Z,26.664748,-77.112870,0.09,259.6,1,10,0.9
2024-03-27T16:38:48Z,26.664747,-77.112867,0.10,172.3,1,9,1.0
2024-03-27T16:38:53Z,26.664747,-77.112865,0.12,68.4,1,10,0.9
2024-03-27T16:38:58Z,26.664747,-77.112863,0.13,130.2,1,10,0.9
2024-03-27T16:39:03Z,26.664745,-77.112862,0.09,89.2,1,10,0.9
2024-03-27T16:39:08Z,26.664743,-77.112863,0.08,194.2,1,10,0.9
2024-03-27T16:39:13Z,26.664740,-77.112865,0.03,44.5,1,9,1.0
2024-03-27T16:39:18Z,26.664740,-77.112865,0.08,37.8,1,10,0.9
2024-03-27T16:39:23Z,26.664742,-77.112863,0.14,47.7,1,10,0.9
2024-03-27T16:39:28Z,26.664743,-77.112863,0.07,39.7,1,10,0.9
2024-03-27T16:39:38Z,26.664745,-77.112867,0.05,269.0,1,10,0.9
2024-03-27T16:39:43Z,26.664747,-77.112865,0.20,37.4,1,10,0.9
2024-03-27T16:39:48Z,26.664747,-77.112865,0.09,64.6,1,9,1.0
2024-03-27T16:39:53Z,26.664750,-77.112867,0.18,26.2,1,9,1.0
2024-03-27T16:39:58Z,26.664752,-77.112868,0.15,31.4,1,10,0.9
2024-03-27T16:40:03Z,26.664752,-77.112868,0.22,32.6,1,10,0.9
2024-03-27T16:40:13Z,26.664755,-77.112868,0.14,58.7,1,10,0.9
2024-03-27T16:40:18Z,26.664757,-77.112867,0.26,76.9,1,10,0.9
2024-03-27T16:40:23Z,26.664757,-77.112863,0.48,73.3,1,10,0.9
2024-03-27T16:40:28Z,26.664757,-77.112858,0.28,72.1,1,10,0.9
2024-03-27T16:40:33Z,26.664757,-77.112853,0.22,75.5,1,10,0.9
2024-03-27T16:40:38Z,26.664758,-77.112853,0.24,55.8,1,10,0.9
2024-03-27T16:40:48Z,26.664760,-77.112852,0.06,75.4,1,10,0.9
2024-03-27T16:40:53Z,26.664758,-77.112850,0.05,152.6,1,10,0.9
2024-03-27T16:40:58Z,26.664758,-77.112848,0.21,54.7,1,10,0.9
2024-03-27T16:41:03Z,26.664760,-77.112847,0.16,67.9,1,10,0.9
2024-03-27T16:41:08Z,26.664760,-77.112845,0.03,132.7,1,10,0.9
2024-03-27T16:41:13Z,26.664762,-77.112843,0.11,66.3,1,10,0.9
2024-03-27T16:41:18Z,26.664765,-77.112842,0.09,55.0,1,10,0.9
2024-03-27T16:41:23Z,26.664767,-77.112842,0.28,40.4,1,10,0.9
2024-03-27T16:41:28Z,26.664770,-77.112838,0.16,34.4,1,10,0.9
2024-03-27T16:41:33Z,26.664772,-77.112835,0.10,143.2,1,10,0.9
2024-03-27T16:41:38Z,26.664770,-77.112832,0.31,56.6,1,10,0.9
2024-03-27T16:41:43Z,26.664767,-77.112832,0.24,99.1,1,10,0.9
2024-03-27T16:41:48Z,26.664767,-77.112832,0.25,95.1,1,10,0.9
2024-03-27T16:41:58Z,26.664765,-77.112823,0.23,74.2,1,10,0.9
2024-03-27T16:42:03Z,26.664755,-77.112822,0.11,307.1,1,10,0.9
2024-03-27T16:42:08Z,26.664753,-77.112820,0.08,184.9,1,10,0.9
2024-03-27T16:42:13Z,26.664752,-77.112818,0.06,125.6,1,10,0.9
2024-03-27T16:42:18Z,26.664753,-77.112818,0.15,103.3,1,10,0.9
2024-03-27T16:42:23Z,26.664753,-77.112820,0.20,160.2,1,10,0.9
2024-03-27T16:42:28Z,26.664752,-77.112820,0.13,126.2,1,10,0.9
2024-03-27T16:42:33Z,26.664747,-77.112820,0.14,179.8,1,10,0.9
2024-03-27T16:42:38Z,26.664745,-77.112818,0.11,61.8,1,10,0.9
2024-03-27T16:42:43Z,26.664743,-77.112815,0.11,113.0,1,10,0.9
2024-03-27T16:42:48Z,26.664742,-77.112813,0.05,119.2,1,10,0.9
2024-03-27T16:42:53Z,26.664742,-77.112810,0.06,73.6,1,10,0.9
2024-03-27T16:42:58Z,26.664743,-77.112810,0.08,50.3,1,10,0.9
2024-03-27T16:43:08Z,26.664745,-77.112813,0.06,72.1,1,10,0.9
2024-03-27T16:43:13Z,26.664748,-77.112812,0.13,86.4,1,10,0.9
2024-03-27T16:43:18Z,26.664748,-77.112813,0.08,357.1,1,10,0.9
2024-03-27T16:43:23Z,26.664750,-77.112813,0.17,72.7,1,10,0.9
2024-03-27T16:43:28Z,26.664750,-77.112812,0.17,86.7,1,10,0.9
2024-03-27T16:43:33Z,26.664748,-77.112812,0.04,124.0,1,10,0.9
2024-03-27T16:43:43Z,26.664745,-77.112815,0.19,149.9,1,10,0.9
2024-03-27T16:43:48Z,26.664747,-77.112822,0.25,120.1,1,10,0.9
2024-03-27T16:43:53Z,26.664745,-77.112825,0.15,114.9,1,10,0.9
2024-03-27T16:43:58Z,26.664745,-77.112825,0.27,96.7,1,10,0.9
2024-03-27T16:44:03Z,26.664747,-77.112823,0.29,69.0,1,10,0.9
2024-03-27T16:44:08Z,26.664743,-77.112822,0.10,241.3,1,10,0.9
2024-03-27T16:44:18Z,26.664740,-77.112813,0.11,32.5,1,10,0.9
2024-03-27T16:44:23Z,26.664738,-77.112812,0.14,79.9,2,10,0.9
2024-03-27T16:44:28Z,26.664740,-77.112815,0.15,287.9,2,10,0.9
2024-03-27T16:44:33Z,26.664745,-77.112823,0.11,271.8,2,10,0.9
2024-03-27T16:44:38Z,26.664750,-77.112830,0.03,300.4,2,10,0.9
2024-03-27T16:44:43Z,26.664753,-77.112833,0.07,276.7,2,10,0.9
2024-03-27T16:44:48Z,26.664752,-77.112833,0.19,82.4,2,10,0.9
2024-03-27T16:44:58Z,26.664745,-77.112837,0.23,165.7,1,10,0.9
2024-03-27T16:45:03Z,26.664743,-77.112838,0.15,181.8,1,10,0.9
2024-03-27T16:45:08Z,26.664742,-77.112840,0.13,283.4,1,10,0.9
2024-03-27T16:45:13Z,26.664740,-77.112838,0.01,347.8,1,10,0.9
2024-03-27T16:45:18Z,26.664738,-77.112842,0.00,299.6,2,10,0.9
2024-03-27T16:45:23Z,26.664748,-77.112853,0.21,338.6,2,10,0.9
2024-03-27T16:45:28Z,26.664742,-77.112860,0.03,52.5,2,10,0.9
2024-03-27T16:45:33Z,26.664742,-77.112865,0.04,86.8,2,10,0.9
2024-03-27T16:45:38Z,26.664745,-77.112872,0.15,284.8,2,10,0.9
2024-03-27T16:45:43Z,26.664743,-77.112880,0.25,183.7,2,10,0.9
2024-03-27T16:45:48Z,26.664738,-77.112882,0.31,218.4,2,10,0.9
2024-03-27T16:45:53Z,26.664737,-77.112878,0.27,329.2,1,10,0.9
2024-03-27T16:45:58Z,26.664738,-77.112878,0.16,289.9,1,10,0.9
2024-03-27T16:46:03Z,26.664735,-77.112877,0.10,329.7,1,10,0.9
2024-03-27T16:46:08Z,26.664727,-77.112875,0.15,296.3,1,10,0.9
2024-03-27T16:46:13Z,26.664737,-77.112877,0.11,291.8,1,10,0.9
2024-03-27T16:46:18Z,26.664742,-77.112875,0.20,72.9,1,10,0.9
2024-03-27T16:46:23Z,26.664743,-77.112870,0.30,90.9,1,10,0.9
2024-03-27T16:46:28Z,26.664745,-77.112865,0.25,135.5,1,10,0.9
2024-03-27T16:46:33Z,26.664745,-77.112858,0.35,90.5,1,10,0.9
2024-03-27T16:46:43Z,26.664747,-77.112855,0.09,132.1,1,10,0.9
2024-03-27T16:46:48Z,26.664747,-77.112853,0.03,200.0,1,10,0.9
2024-03-27T16:46:53Z,26.664750,-77.112850,0.14,81.8,1,9,1.0
2024-03-27T16:46:58Z,26.664753,-77.112850,0.13,27.5,1,9,1.0
2024-03-27T16:47:03Z,26.664755,-77.112852,0.09,31.7,1,9,1.0
2024-03-27T16:47:08Z,26.664757,-77.112853,0.05,58.0,1,9,1.0
2024-03-27T16:47:18Z,26.664758,-77.112853,0.06,256.3,1,10,0.9
2024-03-27T16:47:23Z,26.664760,-77.112853,0.03,200.8,1,10,0.9
2024-03-27T16:47:28Z,26.664760,-77.112857,0.20,234.3,1,10,0.9
2024-03-27T16:47:33Z,26.664760,-77.112857,0.10,169.0,1,10,0.9
2024-03-27T16:47:38Z,26.664760,-77.112860,0.17,209.0,1,10,0.9
2024-03-27T16:47:43Z,26.664755,-77.112862,0.17,83.6,1,10,0.9
2024-03-27T16:47:53Z,26.664747,-77.112863,0.13,131.3,1,10,0.9
2024-03-27T16:47:58Z,26.664743,-77.112865,0.26,242.3,1,10,0.9
2024-03-27T16:48:03Z,26.664742,-77.112863,0.08,107.0,1,10,0.9
2024-03-27T16:48:08Z,26.664745,-77.112857,0.21,62.5,1,10,0.9
2024-03-27T16:48:13Z,26.664745,-77.112858,0.10,207.1,1,10,0.9
2024-03-27T16:48:18Z,26.664747,-77.112858,0.10,21.7,1,10,0.9
2024-03-27T16:48:23Z,26.664743,-77.112858,0.11,50.9,1,10,0.9
2024-03-27T16:48:28Z,26.664747,-77.112857,0.18,56.0,1,10,0.9
2024-03-27T16:48:33Z,26.664747,-77.112858,0.04,319.3,1,9,1.0
2024-03-27T16:48:38Z,26.664747,-77.112860,0.04,345.7,1,9,1.0
2024-03-27T16:48:43Z,26.664743,-77.112865,0.11,249.4,1,10,0.9
2024-03-27T16:48:48Z,26.664745,-77.112868,0.07,298.5,1,10,0.9
2024-03-27T16:48:53Z,26.664747,-77.112870,0.23,37.7,1,10,0.9
2024-03-27T16:49:03Z,26.664748,-77.112865,0.19,93.3,1,10,0.9
2024-03-27T16:49:08Z,26.664748,-77.112863,0.15,134.3,1,10,0.9
2024-03-27T16:49:13Z,26.664747,-77.112862,0.23,124.1,1,9,1.0
2024-03-27T16:49:18Z,26.664745,-77.112858,0.16,109.2,1,9,1.0
2024-03-27T16:49:23Z,26.664745,-77.112858,0.14,98.1,1,9,0.9
2024-03-27T16:49:28Z,26.664745,-77.112858,0.18,105.0,1,10,0.9
2024-03-27T16:49:38Z,26.664738,-77.112855,0.24,85.1,1,10,0.9
2024-03-27T16:49:43Z,26.664740,-77.112853,0.28,21.1,1,9,1.0
2024-03-27T16:49:48Z,26.664743,-77.112855,0.24,164.3,1,10,0.9
2024-03-27T16:49:53Z,26.664745,-77.112858,0.25,353.9,1,10,0.9
2024-03-27T16:49:58Z,26.664745,-77.112862,0.11,158.6,1,10,0.9
2024-03-27T16:50:03Z,26.664735,-77.112862,0.12,32.6,1,9,1.0
2024-03-27T16:50:13Z,26.664738,-77.112860,0.35,74.5,1,9,1.0
2024-03-27T16:50:18Z,26.664740,-77.112860,0.26,299.2,1,10,0.9
2024-03-27T16:50:23Z,26.664743,-77.112865,0.12,66.8,1,10,0.9
2024-03-27T16:50:28Z,26.664745,-77.112862,0.16,74.4,1,10,0.9
2024-03-27T16:50:33Z,26.664742,-77.112857,0.18,158.2,1,10,0.9
2024-03-27T16:50:38Z,26.664738,-77.112852,0.26,56.5,1,10,0.9
2024-03-27T16:50:43Z,26.664740,-77.112853,0.13,22.1,1,10,0.9
2024-03-27T16:50:48Z,26.664742,-77.112855,0.08,159.0,1,10,0.9
2024-03-27T16:50:53Z,26.664738,-77.112853,0.12,338.4,1,10,0.9
2024-03-27T16:50:58Z,26.664732,-77.112853,0.21,76.1,1,10,0.9
2024-03-27T16:51:03Z,26.664725,-77.112853,0.19,136.9,1,10,0.9
2024-03-27T16:51:08Z,26.664720,-77.112852,0.08,187.0,1,10,0.9
2024-03-27T16:51:13Z,26.664718,-77.112850,0.10,177.2,1,10,0.9
2024-03-27T16:51:18Z,26.664717,-77.112852,0.13,152.1,1,10,0.9
2024-03-27T16:51:23Z,26.664715,-77.112853,0.08,238.3,1,10,0.9
2024-03-27T16:51:28Z,26.664713,-77.112855,0.10,152.3,1,10,0.9
2024-03-27T16:51:33Z,26.664713,-77.112857,0.08,90.8,1,10,0.9
2024-03-27T16:51:38Z,26.664713,-77.112862,0.16,246.1,1,10,0.9
2024-03-27T16:51:43Z,26.664715,-77.112865,0.11,42.0,1,10,0.9
2024-03-27T16:51:48Z,26.664715,-77.112862,0.17,181.8,1,10,0.9
2024-03-27T16:51:58Z,26.664723,-77.112857,0.17,52.2,1,10,0.9
2024-03-27T16:52:03Z,26.664727,-77.112855,0.28,62.9,1,10,0.9
2024-03-27T16:52:08Z,26.664730,-77.112855,0.13,205.2,1,10,0.9
2024-03-27T16:52:13Z,26.664728,-77.112852,0.08,167.1,1,10,0.9
2024-03-27T16:52:18Z,26.664733,-77.112847,0.10,117.0,1,10,0.9
2024-03-27T16:52:23Z,26.664738,-77.112843,0.04,154.6,1,10,0.9
2024-03-27T16:52:28Z,26.664738,-77.112843,0.05,197.3,1,10,0.9
2024-03-27T16:52:33Z,26.664740,-77.112837,0.48,117.2,1,10,0.9
2024-03-27T16:52:38Z,26.664737,-77.112837,0.36,84.2,1,10,0.9
2024-03-27T16:52:43Z,26.664737,-77.112835,0.13,107.7,1,10,0.9
2024-03-27T16:52:48Z,26.664735,-77.112832,0.46,128.1,1,10,0.9
2024-03-27T16:52:53Z,26.664732,-77.112833,0.20,161.5,1,10,0.9
2024-03-27T16:52:58Z,26.664730,-77.112840,0.10,188.6,1,10,0.9
2024-03-27T16:53:08Z,26.664730,-77.112840,0.06,142.1,1,10,0.9
2024-03-27T16:53:13Z,26.664730,-77.112840,0.16,88.7,1,10,0.9
2024-03-27T16:53:18Z,26.664732,-77.112837,0.12,172.3,1,10,0.9
2024-03-27T16:53:23Z,26.664730,-77.112837,0.20,108.9,1,10,0.9
2024-03-27T16:53:28Z,26.664728,-77.112833,0.07,149.6,1,10,0.9
2024-03-27T16:53:33Z,26.664727,-77.112833,0.15,149.2,1,10,0.9
2024-03-27T16:53:38Z,26.664727,-77.112830,0.11,167.9,1,10,0.9
2024-03-27T16:53:43Z,26.664725,-77.112832,0.19,135.9,1,10,0.9
2024-03-27T16:53:48Z,26.664723,-77.112833,0.18,142.8,1,10,0.9
2024-03-27T16:53:53Z,26.664723,-77.112835,0.07,241.4,1,10,0.9
2024-03-27T16:53:58Z,26.664723,-77.112835,0.08,226.5,1,10,0.9
2024-03-27T16:54:03Z,26.664723,-77.112835,0.26,79.6,1,10,0.9
2024-03-27T16:54:08Z,26.664725,-77.112835,0.11,302.8,1,10,0.9
2024-03-27T16:54:13Z,26.664727,-77.112833,0.08,220.3,1,10,0.9
2024-03-27T16:54:18Z,26.664725,-77.112837,0.15,226.0,1,10,0.9
2024-03-27T16:54:23Z,26.664723,-77.112842,0.25,247.3,1,10,0.9
2024-03-27T16:54:28Z,26.664723,-77.112847,0.11,354.3,1,10,0.9
2024-03-27T16:54:33Z,26.664723,-77.112848,0.21,248.3,1,10,0.9
2024-03-27T16:54:38Z,26.664722,-77.112848,0.19,216.2,1,10,0.9
2024-03-27T16:54:43Z,26.664712,-77.112847,0.06,117.5,1,10,0.9
2024-03-27T16:54:53Z,26.664717,-77.112842,0.24,83.0,1,10,0.9
2024-03-27T16:54:58Z,26.664720,-77.112848,0.14,184.1,1,10,0.9
2024-03-27T16:55:03Z,26.664718,-77.112850,0.15,75.0,1,10,0.9
2024-03-27T16:55:08Z,26.664720,-77.112852,0.07,27.4,1,10,0.9
2024-03-27T16:55:13Z,26.664723,-77.112857,0.05,264.4,1,10,0.9
2024-03-27T16:55:18Z,26.664722,-77.112860,0.03,178.2,1,10,0.9
2024-03-27T16:55:23Z,26.664723,-77.112860,0.01,150.7,1,10,0.9
2024-03-27T16:55:28Z,26.664727,-77.112857,0.24,55.9,1,10,0.9
2024-03-27T16:55:33Z,26.664725,-77.112858,0.48,62.7,1,10,0.9
2024-03-27T16:55:38Z,26.664725,-77.112857,0.08,181.5,1,10,0.9
2024-03-27T16:55:43Z,26.664725,-77.112853,0.38,55.1,1,10,0.9
2024-03-27T16:55:48Z,26.664725,-77.112855,0.13,177.6,1,10,0.9
2024-03-27T16:55:53Z,26.664722,-77.112853,0.45,82.5,1,10,0.9
2024-03-27T16:56:03Z,26.664717,-77.112850,0.21,54.5,1,10,0.9
2024-03-27T16:56:08Z,26.664717,-77.112847,0.14,111.7,1,10,0.9
2024-03-27T16:56:13Z,26.664720,-77.112847,0.16,348.4,1,10,0.9
2024-03-27T16:56:18Z,26.664722,-77.112847,0.12,166.8,1,10,0.9
2024-03-27T16:56:23Z,26.664725,-77.112847,0.26,59.6,1,10,0.9
2024-03-27T16:56:28Z,26.664727,-77.112843,0.30,149.0,1,10,0.9
2024-03-27T16:56:33Z,26.664727,-77.112842,0.12,320.6,1,10,0.9
2024-03-27T16:56:38Z,26.664723,-77.112840,0.27,130.1,1,10,0.9
2024-03-27T16:56:43Z,26.664722,-77.112840,0.12,176.9,1,10,0.9
2024-03-27T16:56:48Z,26.664722,-77.112840,0.20,137.8,1,10,0.9
2024-03-27T16:56:53Z,26.664720,-77.112840,0.36,139.3,1,10,0.9
2024-03-27T16:56:58Z,26.664718,-77.112843,0.14,118.5,1,10,0.9
2024-03-27T16:57:03Z,26.664715,-77.112843,0.03,203.8,1,10,0.9
2024-03-27T16:57:13Z,26.664720,-77.112850,0.11,148.5,1,10,0.9
2024-03-27T16:57:18Z,26.664717,-77.112850,0.14,169.2,1,10,0.9
2024-03-27T16:57:23Z,26.664718,-77.112853,0.34,175.7,1,10,0.9
2024-03-27T16:57:28Z,26.664717,-77.112855,0.49,146.7,1,10,0.9
2024-03-27T16:57:33Z,26.664717,-77.112853,0.30,139.9,1,10,0.9
2024-03-27T16:57:38Z,26.664717,-77.112852,0.25,137.6,1,10,0.9
2024-03-27T16:57:43Z,26.664717,-77.112850,0.17,146.8,1,10,0.9
2024-03-27T16:57:48Z,26.664712,-77.112848,0.51,152.4,1,10,0.9
2024-03-27T16:57:53Z,26.664710,-77.112850,0.17,151.3,1,10,0.9
2024-03-27T16:57:58Z,26.664710,-77.112852,0.27,128.2,1,10,0.9
2024-03-27T16:58:03Z,26.664712,-77.112853,0.16,31.1,1,10,0.9
2024-03-27T16:58:08Z,26.664712,-77.112855,0.09,262.7,1,10,0.9
2024-03-27T16:58:13Z,26.664713,-77.112858,0.31,41.7,1,10,0.9
2024-03-27T16:58:23Z,26.664717,-77.112860,0.09,65.2,1,10,0.9
2024-03-27T16:58:28Z,26.664720,-77.112862,0.06,159.6,1,9,1.1
2024-03-27T16:58:33Z,26.664723,-77.112865,0.39,55.9,1,10,0.9
2024-03-27T16:58:38Z,26.664722,-77.112865,0.31,28.9,1,9,1.1
2024-03-27T16:58:43Z,26.664718,-77.112867,0.15,160.4,1,10,0.9
2024-03-27T16:58:48Z,26.664722,-77.112865,0.10,153.1,1,10,0.9
2024-03-27T16:58:58Z,26.664722,-77.112862,0.35,156.0,1,10,0.9
2024-03-27T16:59:03Z,26.664723,-77.112860,0.35,157.2,1,10,0.9
2024-03-27T16:59:08Z,26.664722,-77.112860,0.10,291.7,1,10,0.9
2024-03-27T16:59:13Z,26.664722,-77.112857,0.20,160.2,1,10,0.9
2024-03-27T16:59:18Z,26.664725,-77.112855,0.18,70.5,1,10,0.9
2024-03-27T16:59:23Z,26.664730,-77.112858,0.35,88.9,1,10,0.9
2024-03-27T16:59:33Z,26.664738,-77.112872,0.11,246.1,1,10,0.9
2024-03-27T16:59:38Z,26.664742,-77.112873,0.06,165.1,1,10,0.9
2024-03-27T16:59:43Z,26.664743,-77.112870,0.39,201.5,1,10,0.9
2024-03-27T16:59:48Z,26.664738,-77.112867,0.20,147.6,1,10,0.9
2024-03-27T16:59:53Z,26.664735,-77.112868,0.17,141.3,1,10,0.9
2024-03-27T16:59:58Z,26.664725,-77.112862,0.31,79.0,1,10,0.9
2024-03-27T17:00:08Z,26.664712,-77.112862,0.11,56.3,1,10,0.9
2024-03-27T17:00:13Z,26.664710,-77.112863,0.08,56.8,1,10,0.9
2024-03-27T17:00:18Z,26.664712,-77.112865,0.10,55.9,1,10,0.9
2024-03-27T17:00:23Z,26.664708,-77.112865,0.05,180.1,1,10,0.9
2024-03-27T17:00:28Z,26.664710,-77.112863,0.21,76.3,1,10,0.9
2024-03-27T17:00:33Z,26.664708,-77.112860,0.42,121.9,1,10,0.9
2024-03-27T17:00:43Z,26.664710,-77.112863,0.02,312.5,1,10,0.9
2024-03-27T17:00:48Z,26.664715,-77.112857,0.42,101.4,1,10,0.9
2024-03-27T17:00:53Z,26.664718,-77.112852,0.06,82.1,1,10,0.9
2024-03-27T17:00:58Z,26.664718,-77.112850,0.14,110.0,1,9,1.0
2024-03-27T17:01:03Z,26.664720,-77.112843,0.23,93.9,1,9,1.0
2024-03-27T17:01:08Z,26.664720,-77.112842,0.05,257.2,1,9,1.0
2024-03-27T17:01:18Z,26.664722,-77.112833,0.28,62.9,1,9,1.0
2024-03-27T17:01:23Z,26.664717,-77.112832,0.09,109.3,1,9,1.0
2024-03-27T17:01:28Z,26.664715,-77.112833,0.19,241.9,1,10,0.9
2024-03-27T17:01:33Z,26.664713,-77.112838,0.08,208.8,1,10,0.9
2024-03-27T17:01:38Z,26.664712,-77.112840,0.05,344.4,1,10,0.9
2024-03-27T17:01:43Z,26.664713,-77.112840,0.33,154.1,1,10,0.9
2024-03-27T17:01:53Z,26.664707,-77.112840,0.41,129.7,1,10,0.9
2024-03-27T17:01:58Z,26.664703,-77.112838,0.17,87.9,1,10,0.9
2024-03-27T17:02:03Z,26.664702,-77.112840,0.04,94.7,1,10,0.9
2024-03-27T17:02:08Z,26.664702,-77.112842,0.20,145.6,1,10,0.9
2024-03-27T17:02:13Z,26.664702,-77.112843,0.08,292.7,1,10,0.9
2024-03-27T17:02:18Z,26.664703,-77.112843,0.43,141.9,1,10,0.9
2024-03-27T17:02:23Z,26.664702,-77.112840,0.20,157.9,1,10,0.9
2024-03-27T17:02:28Z,26.664708,-77.112848,0.17,217.7,1,10,0.9
2024-03-27T17:02:33Z,26.664710,-77.112848,0.12,276.4,1,10,0.9
2024-03-27T17:02:38Z,26.664705,-77.112847,0.17,260.5,1,10,0.9
2024-03-27T17:02:43Z,26.664710,-77.112852,0.15,245.2,1,10,0.9
2024-03-27T17:02:48Z,26.664710,-77.112852,0.30,56.1,1,10,0.9
2024-03-27T17:02:53Z,26.664713,-77.112850,0.23,319.8,1,10,0.9
2024-03-27T17:03:03Z,26.664715,-77.112848,0.32,60.5,1,10,0.9
2024-03-27T17:03:08Z,26.664717,-77.112845,0.11,70.7,1,10,0.9
2024-03-27T17:03:13Z,26.664715,-77.112843,0.11,158.0,1,10,0.9
2024-03-27T17:03:18Z,26.664705,-77.112847,0.24,182.0,1,10,0.9
2024-03-27T17:03:23Z,26.664707,-77.112857,0.02,227.7,1,10,0.9
2024-03-27T17:03:28Z,26.664707,-77.112855,0.34,178.8,1,10,0.9
2024-03-27T17:03:38Z,26.664712,-77.112855,0.25,55.0,1,10,0.9
2024-03-27T17:03:43Z,26.664712,-77.112855,0.11,15.9,1,10,0.9
2024-03-27T17:03:48Z,26.664718,-77.112865,0.21,62.8,1,10,0.9
2024-03-27T17:03:53Z,26.664722,-77.112865,0.18,49.8,1,10,0.9
2024-03-27T17:03:58Z,26.664718,-77.112877,0.07,36.5,1,10,0.9
2024-03-27T17:04:03Z,26.664715,-77.112872,0.02,335.2,1,10,0.9
2024-03-27T17:04:13Z,26.664712,-77.112868,0.32,174.6,1,10,0.9
2024-03-27T17:04:18Z,26.664710,-77.112863,0.24,59.5,1,10,0.9
2024-03-27T17:04:23Z,26.664712,-77.112862,0.19,71.8,1,10,0.9
2024-03-27T17:04:28Z,26.664713,-77.112862,0.31,41.4,1,10,0.9
2024-03-27T17:04:33Z,26.664717,-77.112857,0.22,97.7,1,10,0.9
2024-03-27T17:04:38Z,26.664718,-77.112858,0.34,217.5,1,10,0.9
2024-03-27T17:04:43Z,26.664718,-77.112858,0.05,212.3,1,10,0.9
2024-03-27T17:04:48Z,26.664720,-77.112855,0.19,135.8,1,10,0.9
2024-03-27T17:04:53Z,26.664723,-77.112857,0.06,163.0,1,10,0.9
2024-03-27T17:04:58Z,26.664723,-77.112857,0.16,73.1,1,10,0.9
2024-03-27T17:05:03Z,26.664725,-77.112857,0.18,96.5,1,10,0.9
2024-03-27T17:05:08Z,26.664730,-77.112853,0.28,226.2,1,10,0.9
2024-03-27T17:05:13Z,26.664727,-77.112850,0.26,155.6,1,10,0.9
2024-03-27T17:05:23Z,26.664723,-77.112840,0.42,102.4,1,10,0.9
2024-03-27T17:05:28Z,26.664727,-77.112835,0.11,91.7,1,10,0.9
2024-03-27T17:05:33Z,26.664723,-77.112832,0.16,218.2,1,10,0.9
2024-03-27T17:05:38Z,26.664720,-77.112835,0.06,206.8,1,10,0.9
2024-03-27T17:05:43Z,26.664717,-77.112838,0.04,239.4,1,10,0.9
2024-03-27T17:05:48Z,26.664715,-77.112842,0.13,15.5,1,10,0.9
2024-03-27T17:05:53Z,26.664717,-77.112845,0.09,341.7,1,10,0.9
2024-03-27T17:05:58Z,26.664717,-77.112848,0.29,254.1,1,10,0.9
2024-03-27T17:06:03Z,26.664718,-77.112848,0.15,15.8,1,10,0.9
2024-03-27T17:06:08Z,26.664723,-77.112847,0.28,30.9,1,10,0.9
2024-03-27T17:06:13Z,26.664727,-77.112845,0.15,88.5,1,10,0.9
2024-03-27T17:06:18Z,26.664728,-77.112843,0.30,128.3,1,10,0.9
2024-03-27T17:06:23Z,26.664733,-77.112840,0.21,117.0,1,10,0.9
2024-03-27T17:06:33Z,26.664735,-77.112840,0.18,145.4,1,10,0.9
2024-03-27T17:06:38Z,26.664733,-77.112838,0.12,68.0,1,10,0.9
2024-03-27T17:06:43Z,26.664725,-77.112840,0.17,87.1,1,10,0.9
2024-03-27T17:06:48Z,26.664730,-77.112835,0.18,82.3,1,10,0.9
2024-03-27T17:06:53Z,26.664738,-77.112837,0.17,82.6,1,10,0.9
2024-03-27T17:06:58Z,26.664732,-77.112837,0.10,135.4,1,10,0.9
2024-03-27T17:07:08Z,26.664722,-77.112840,0.18,102.6,1,10,0.9
2024-03-27T17:07:13Z,26.664720,-77.112840,0.19,80.9,1,10,0.9
2024-03-27T17:07:18Z,26.664718,-77.112838,0.14,200.6,1,10,0.9
2024-03-27T17:07:23Z,26.664720,-77.112838,0.15,81.0,1,10,0.9
2024-03-27T17:07:28Z,26.664722,-77.112835,0.16,65.9,1,10,0.9
2024-03-27T17:07:33Z,26.664725,-77.112840,0.09,81.3,1,10,0.9
2024-03-27T17:07:43Z,26.664730,-77.112847,0.22,212.9,1,10,0.9
2024-03-27T17:07:48Z,26.664730,-77.112845,0.27,40.5,1,10,0.9
2024-03-27T17:07:53Z,26.664735,-77.112855,0.30,64.2,1,9,0.9
2024-03-27T17:07:58Z,26.664737,-77.112857,0.16,28.8,1,10,0.9
2024-03-27T17:08:03Z,26.664733,-77.112857,0.19,150.3,1,10,0.9
2024-03-27T17:08:08Z,26.664732,-77.112857,0.22,86.2,1,10,0.9
2024-03-27T17:08:18Z,26.664728,-77.112850,0.26,86.2,1,10,0.9
2024-03-27T17:08:23Z,26.664733,-77.112845,0.20,65.2,1,10,0.9
2024-03-27T17:08:28Z,26.664733,-77.112843,0.35,195.5,1,10,0.9
2024-03-27T17:08:33Z,26.664738,-77.112843,0.13,344.3,1,10,0.9
2024-03-27T17:08:38Z,26.664737,-77.112845,0.14,22.0,1,9,1.1
2024-03-27T17:08:43Z,26.664740,-77.112843,0.13,64.0,1,10,0.9
2024-03-27T17:08:48Z,26.664738,-77.112842,0.24,97.8,1,10,0.9
2024-03-27T17:08:53Z,26.664737,-77.112842,0.14,91.4,1,10,0.9
2024-03-27T17:08:58Z,26.664737,-77.112838,0.10,100.5,1,10,0.9
2024-03-27T17:09:03Z,26.664747,-77.112837,0.18,31.0,1,10,0.9
2024-03-27T17:09:08Z,26.664750,-77.112835,0.36,81.0,1,10,0.9
2024-03-27T17:09:13Z,26.664753,-77.112833,0.12,199.6,1,10,0.9
2024-03-27T17:09:18Z,26.664753,-77.112833,0.09,57.3,1,10,0.9
2024-03-27T17:09:28Z,26.664752,-77.112832,0.26,108.9,1,10,0.9
2024-03-27T17:09:33Z,26.664752,-77.112823,0.08,116.0,1,10,0.9
2024-03-27T17:09:38Z,26.664750,-77.112820,0.28,93.3,1,10,0.9
2024-03-27T17:09:43Z,26.664742,-77.112817,0.26,113.9,1,9,0.9
2024-03-27T17:09:48Z,26.664740,-77.112823,0.20,68.7,1,10,0.9
2024-03-27T17:09:53Z,26.664740,-77.112830,0.15,121.0,1,10,0.9
2024-03-27T17:09:58Z,26.664738,-77.112830,0.33,61.3,1,10,0.9
2024-03-27T17:10:03Z,26.664738,-77.112828,0.20,91.6,1,10,0.9
2024-03-27T17:10:08Z,26.664738,-77.112825,0.22,76.1,1,10,0.9
2024-03-27T17:10:13Z,26.664737,-77.112823,0.12,94.2,1,10,0.9
2024-03-27T17:10:18Z,26.664737,-77.112823,0.02,259.7,1,10,0.9
2024-03-27T17:10:23Z,26.664737,-77.112823,0.09,96.6,1,10,0.9
2024-03-27T17:10:28Z,26.664742,-77.112820,0.20,30.6,1,10,0.9
2024-03-27T17:10:38Z,26.664745,-77.112822,0.09,175.9,1,10,0.9
2024-03-27T17:10:43Z,26.664738,-77.112820,0.27,86.7,1,9,1.0
2024-03-27T17:10:48Z,26.664738,-77.112820,0.18,49.5,1,10,0.9
2024-03-27T17:10:53Z,26.664733,-77.112817,0.16,147.6,1,10,0.9
2024-03-27T17:10:58Z,26.664732,-77.112810,0.13,104.9,1,10,0.9
2024-03-27T17:11:03Z,26.664735,-77.112805,0.20,60.4,1,10,0.9
2024-03-27T17:11:08Z,26.664735,-77.112807,0.11,23.2,1,10,0.9
2024-03-27T17:11:13Z,26.664733,-77.112810,0.04,159.9,1,10,0.9
2024-03-27T17:11:18Z,26.664733,-77.112808,0.11,106.2,1,10,0.9
2024-03-27T17:11:23Z,26.664735,-77.112810,0.21,47.2,1,9,1.0
2024-03-27T17:11:28Z,26.664735,-77.112812,0.11,41.8,1,9,1.0
2024-03-27T17:11:33Z,26.664733,-77.112815,0.03,41.3,1,9,1.0
2024-03-27T17:11:38Z,26.664728,-77.112818,0.10,186.2,1,9,1.0
2024-03-27T17:11:48Z,26.664727,-77.112823,0.05,135.8,1,9,1.0
2024-03-27T17:11:53Z,26.664725,-77.112828,0.10,157.6,1,9,1.0
2024-03-27T17:11:58Z,26.664730,-77.112828,0.20,90.2,1,9,1.0
2024-03-27T17:12:03Z,26.664730,-77.112825,0.16,164.7,1,9,1.0
2024-03-27T17:12:08Z,26.664727,-77.112827,0.07,156.1,1,9,1.0
2024-03-27T17:12:13Z,26.664723,-77.112833,0.30,194.7,1,9,1.0
2024-03-27T17:12:23Z,26.664725,-77.112840,0.12,27.9,1,9,1.0
2024-03-27T17:12:28Z,26.664722,-77.112838,0.19,128.8,1,9,1.0
2024-03-27T17:12:33Z,26.664722,-77.112842,0.08,80.0,1,10,0.9
2024-03-27T17:12:38Z,26.664722,-77.112843,0.13,147.0,1,10,0.9
2024-03-27T17:12:43Z,26.664718,-77.112843,0.25,188.7,1,10,0.9
2024-03-27T17:12:48Z,26.664717,-77.112842,0.15,144.1,1,10,0.9
2024-03-27T17:12:53Z,26.664717,-77.112840,0.14,158.3,1,10,0.9
2024-03-27T17:12:58Z,26.664713,-77.112842,0.17,255.2,1,10,0.9
2024-03-27T17:13:03Z,26.664710,-77.112845,0.06,197.5,1,10,0.9
2024-03-27T17:13:08Z,26.664707,-77.112843,0.01,167.0,1,10,0.9
2024-03-27T17:13:13Z,26.664707,-77.112845,0.28,211.6,1,10,0.9
2024-03-27T17:13:18Z,26.664708,-77.112845,0.25,36.7,1,10,0.9
2024-03-27T17:13:23Z,26.664715,-77.112848,0.10,349.3,1,10,0.9
2024-03-27T17:13:33Z,26.664730,-77.112858,0.05,315.9,1,10,0.9
2024-03-27T17:13:38Z,26.664735,-77.112858,0.05,38.3,1,10,0.9
2024-03-27T17:13:43Z,26.664733,-77.112853,0.44,103.3,1,10,0.9
2024-03-27T17:13:48Z,26.664735,-77.112853,0.34,106.0,1,10,0.9
2024-03-27T17:13:53Z,26.664735,-77.112852,0.31,140.2,1,10,0.9
2024-03-27T17:13:58Z,26.664735,-77.112852,0.32,69.6,1,10,0.9
2024-03-27T17:14:08Z,26.664738,-77.112848,0.20,115.5,1,10,0.9
2024-03-27T17:14:13Z,26.664742,-77.112848,0.12,25.6,1,10,0.9
2024-03-27T17:14:18Z,26.664742,-77.112848,0.21,76.1,1,10,0.9
2024-03-27T17:14:23Z,26.664738,-77.112848,0.21,211.9,1,10,0.9
2024-03-27T17:14:28Z,26.664738,-77.112850,0.09,277.2,1,10,0.9
2024-03-27T17:14:33Z,26.664742,-77.112853,0.12,318.7,1,10,0.9
2024-03-27T17:14:43Z,26.664740,-77.112855,0.14,154.5,1,10,0.9
2024-03-27T17:14:48Z,26.664737,-77.112853,0.20,146.8,1,10,0.9
2024-03-27T17:14:53Z,26.664733,-77.112852,0.21,132.5,1,10,0.9
2024-03-27T17:14:58Z,26.664728,-77.112850,0.21,181.8,1,10,0.9
2024-03-27T17:15:03Z,26.664728,-77.112847,0.20,157.3,1,10,0.9
2024-03-27T17:15:08Z,26.664733,-77.112843,0.16,180.1,1,10,0.9
2024-03-27T17:15:13Z,26.664733,-77.112845,0.03,116.6,1,10,0.9
2024-03-27T17:15:18Z,26.664733,-77.112847,0.06,94.1,1,10,0.9
2024-03-27T17:15:23Z,26.664730,-77.112845,0.08,177.6,1,10,0.9
2024-03-27T17:15:28Z,26.664728,-77.112847,0.20,73.6,1,10,0.9
2024-03-27T17:15:33Z,26.664727,-77.112847,0.11,57.6,1,10,0.9
2024-03-27T17:15:38Z,26.664727,-77.112845,0.14,69.4,1,10,0.9
2024-03-27T17:15:43Z,26.664728,-77.112843,0.12,44.2,1,10,0.9
2024-03-27T17:15:53Z,26.664735,-77.112845,0.17,38.1,1,10,0.9
2024-03-27T17:15:58Z,26.664738,-77.112843,0.31,30.0,1,10,0.9
2024-03-27T17:16:03Z,26.664742,-77.112840,0.18,76.9,1,10,0.9
2024-03-27T17:16:08Z,26.664742,-77.112837,0.16,110.9,1,10,0.9
2024-03-27T17:16:13Z,26.664740,-77.112835,0.10,111.4,1,10,0.9
2024-03-27T17:16:18Z,26.664733,-77.112832,0.27,138.5,1,10,0.9
2024-03-27T17:16:28Z,26.664728,-77.112828,0.24,131.4,1,10,0.9
2024-03-27T17:16:33Z,26.664732,-77.112827,0.05,76.5,1,10,0.9
2024-03-27T17:16:38Z,26.664735,-77.112825,0.05,124.0,1,10,0.9
2024-03-27T17:16:43Z,26.664733,-77.112823,0.16,69.0,1,10,0.9
2024-03-27T17:16:48Z,26.664733,-77.112825,0.17,210.3,1,10,0.9
2024-03-27T17:16:53Z,26.664737,-77.112832,0.06,344.9,1,10,0.9
2024-03-27T17:17:03Z,26.664742,-77.112828,0.13,131.7,1,10,0.9
2024-03-27T17:17:08Z,26.664743,-77.112830,0.05,200.9,1,10,0.9
2024-03-27T17:17:13Z,26.664742,-77.112830,0.15,18.5,1,10,0.9
2024-03-27T17:17:18Z,26.664745,-77.112835,0.10,47.6,1,10,0.9
2024-03-27T17:17:23Z,26.664748,-77.112838,0.14,77.4,1,10,0.9
2024-03-27T17:17:28Z,26.664750,-77.112840,0.14,75.4,1,10,0.9
2024-03-27T17:17:38Z,26.664748,-77.112842,0.11,150.5,1,10,0.9
2024-03-27T17:17:43Z,26.664747,-77.112840,0.14,151.3,1,10,0.9
2024-03-27T17:17:48Z,26.664745,-77.112842,0.11,141.1,1,10,0.9
2024-03-27T17:17:53Z,26.664745,-77.112842,0.12,141.9,1,10,0.9
2024-03-27T17:17:58Z,26.664745,-77.112843,0.07,161.3,1,10,0.9
2024-03-27T17:18:03Z,26.664743,-77.112843,0.23,224.4,1,10,0.9
2024-03-27T17:18:13Z,26.664738,-77.112847,0.15,163.8,1,10,0.9
2024-03-27T17:18:18Z,26.664738,-77.112852,0.10,222.1,1,10,0.9
2024-03-27T17:18:23Z,26.664738,-77.112857,0.16,185.5,1,10,0.9
2024-03-27T17:18:28Z,26.664735,-77.112858,0.12,145.8,1,10,0.9
2024-03-27T17:18:33Z,26.664735,-77.112858,0.25,220.2,1,10,0.9
2024-03-27T17:18:38Z,26.664735,-77.112858,0.04,95.0,1,10,0.9
2024-03-27T17:18:43Z,26.664735,-77.112858,0.12,220.3,1,10,0.9
2024-03-27T17:18:48Z,26.664732,-77.112862,0.09,156.8,1,10,0.9
2024-03-27T17:18:53Z,26.664728,-77.112860,0.19,99.5,1,10,0.9
2024-03-27T17:18:58Z,26.664728,-77.112858,0.12,115.4,1,10,0.9
2024-03-27T17:19:03Z,26.664728,-77.112855,0.11,179.5,1,10,0.9
2024-03-27T17:19:08Z,26.664723,-77.112853,0.41,85.5,1,10,0.9
2024-03-27T17:19:13Z,26.664720,-77.112852,0.08,231.1,1,10,0.9
2024-03-27T17:19:23Z,26.664725,-77.112850,0.50,103.2,1,10,0.9
2024-03-27T17:19:28Z,26.664727,-77.112845,0.20,33.9,1,9,1.0
2024-03-27T17:19:33Z,26.664730,-77.112842,0.39,106.7,1,10,0.9
2024-03-27T17:19:38Z,26.664730,-77.112833,0.40,131.2,1,10,0.9
2024-03-27T17:19:43Z,26.664732,-77.112835,0.46,138.7,1,10,0.9
2024-03-27T17:19:48Z,26.664728,-77.112828,0.24,89.6,1,10,0.9
2024-03-27T17:19:58Z,26.664730,-77.112827,0.29,353.5,1,10,0.9
2024-03-27T17:20:03Z,26.664737,-77.112827,0.23,33.3,1,10,0.9
2024-03-27T17:20:08Z,26.664745,-77.112830,0.13,27.9,1,10,0.9
2024-03-27T17:20:13Z,26.664750,-77.112840,0.45,338.9,1,10,0.9
2024-03-27T17:20:18Z,26.664740,-77.112853,0.27,123.8,1,10,0.9
2024-03-27T17:20:23Z,26.664733,-77.112853,0.10,164.2,1,10,0.9
2024-03-27T17:20:33Z,26.664728,-77.112858,0.29,161.3,1,10,0.9
2024-03-27T17:20:38Z,26.664723,-77.112860,0.21,146.6,1,10,0.9
2024-03-27T17:20:43Z,26.664720,-77.112858,0.22,135.8,1,10,0.9
2024-03-27T17:20:48Z,26.664715,-77.112857,0.20,140.7,1,10,0.9
2024-03-27T17:20:53Z,26.664710,-77.112855,0.18,122.1,1,10,0.9
2024-03-27T17:20:58Z,26.664712,-77.112855,0.15,166.3,1,10,0.9
2024-03-27T17:21:03Z,26.664713,-77.112858,0.10,153.6,1,10,0.9
2024-03-27T17:21:08Z,26.664713,-77.112862,0.10,217.2,1,10,0.9
2024-03-27T17:21:13Z,26.664710,-77.112863,0.10,213.6,1,10,0.9
2024-03-27T17:21:18Z,26.664707,-77.112865,0.16,225.3,1,10,0.9
2024-03-27T17:21:23Z,26.664707,-77.112867,0.08,183.5,1,10,0.9
2024-03-27T17:21:28Z,26.664707,-77.112867,0.01,28.0,1,10,0.9
2024-03-27T17:21:33Z,26.664710,-77.112865,0.28,130.5,1,10,0.9
2024-03-27T17:21:38Z,26.664713,-77.112862,0.31,112.1,1,10,0.9
2024-03-27T17:21:43Z,26.664717,-77.112862,0.35,105.0,1,10,0.9
2024-03-27T17:21:48Z,26.664718,-77.112858,0.15,82.4,1,10,0.9
2024-03-27T17:21:53Z,26.664717,-77.112857,0.12,162.4,1,10,0.9
2024-03-27T17:21:58Z,26.664718,-77.112855,0.17,98.5,1,10,0.9
2024-03-27T17:22:03Z,26.664718,-77.112853,0.20,80.6,1,10,0.9
2024-03-27T17:22:08Z,26.664718,-77.112852,0.03,148.9,1,10,0.9
2024-03-27T17:22:18Z,26.664717,-77.112847,0.14,103.7,1,10,0.9
2024-03-27T17:22:23Z,26.664717,-77.112848,0.02,282.8,1,10,0.9
2024-03-27T17:22:28Z,26.664717,-77.112850,0.09,43.7,1,10,0.9
2024-03-27T17:22:33Z,26.664718,-77.112850,0.13,2.5,1,10,0.9
2024-03-27T17:22:38Z,26.664723,-77.112855,0.14,98.3,1,10,0.9
2024-03-27T17:22:43Z,26.664723,-77.112857,0.22,95.0,1,10,0.9
2024-03-27T17:22:53Z,26.664728,-77.112858,0.20,107.1,1,10,0.9
2024-03-27T17:22:58Z,26.664733,-77.112862,0.17,42.3,1,10,0.9
2024-03-27T17:23:03Z,26.664727,-77.112857,0.26,113.6,1,10,0.9
2024-03-27T17:23:08Z,26.664722,-77.112852,0.24,85.6,1,10,0.9
2024-03-27T17:23:13Z,26.664720,-77.112848,0.16,111.7,1,10,0.9
2024-03-27T17:23:18Z,26.664715,-77.112847,0.30,148.2,1,10,0.9
2024-03-27T17:23:28Z,26.664710,-77.112847,0.12,107.5,1,10,0.9
2024-03-27T17:23:33Z,26.664710,-77.112848,0.14,162.8,1,10,0.9
2024-03-27T17:23:38Z,26.664710,-77.112847,0.16,88.2,1,10,0.9
2024-03-27T17:23:43Z,26.664710,-77.112847,0.09,15.5,1,10,0.9
2024-03-27T17:23:48Z,26.664713,-77.112847,0.11,76.8,1,10,0.9
2024-03-27T17:23:53Z,26.664717,-77.112847,0.04,5.0,1,10,0.9
2024-03-27T17:24:03Z,26.664715,-77.112847,0.25,138.9,1,10,0.9
2024-03-27T17:24:08Z,26.664717,-77.112848,0.29,136.8,1,10,0.9
2024-03-27T17:24:13Z,26.664718,-77.112850,0.09,330.4,1,10,0.9
2024-03-27T17:24:18Z,26.664715,-77.112848,0.33,124.0,1,10,0.9
2024-03-27T17:24:23Z,26.664713,-77.112847,0.04,39.4,1,10,0.9
2024-03-27T17:24:28Z,26.664713,-77.112847,0.11,151.7,1,10,0.9
2024-03-27T17:24:38Z,26.664712,-77.112843,0.04,61.3,1,10,0.9
2024-03-27T17:24:43Z,26.664713,-77.112842,0.06,125.2,1,10,0.9
2024-03-27T17:24:48Z,26.664713,-77.112842,0.15,96.5,1,10,0.9
2024-03-27T17:24:53Z,26.664715,-77.112838,0.08,95.8,1,10,0.9
2024-03-27T17:24:58Z,26.664717,-77.112840,0.18,121.3,1,10,0.9
2024-03-27T17:25:03Z,26.664712,-77.112838,0.11,162.7,1,10,0.9
2024-03-27T17:25:08Z,26.664708,-77.112838,0.22,124.1,1,10,0.9
2024-03-27T17:25:13Z,26.664707,-77.112840,0.18,134.1,1,10,0.9
2024-03-27T17:25:18Z,26.664707,-77.112840,0.16,129.4,1,10,0.9
2024-03-27T17:25:23Z,26.664712,-77.112843,0.24,85.5,1,10,0.9
2024-03-27T17:25:28Z,26.664718,-77.112845,0.10,73.1,1,10,0.9
2024-03-27T17:25:33Z,26.664717,-77.112843,0.20,80.7,1,10,0.9
2024-03-27T17:25:38Z,26.664718,-77.112843,0.21,101.5,1,10,0.9
2024-03-27T17:25:48Z,26.664725,-77.112845,0.10,123.9,1,10,0.9
2024-03-27T17:25:53Z,26.664725,-77.112845,0.15,20.2,1,10,0.9
2024-03-27T17:25:58Z,26.664725,-77.112845,0.12,134.9,1,10,0.9
2024-03-27T17:26:03Z,26.664727,-77.112845,0.10,108.1,1,10,0.9
2024-03-27T17:26:08Z,26.664728,-77.112843,0.17,142.5,1,10,0.9
2024-03-27T17:26:13Z,26.664727,-77.112843,0.02,127.4,1,10,0.9
2024-03-27T17:26:18Z,26.664725,-77.112845,0.17,96.1,1,10,0.9
2024-03-27T17:26:23Z,26.664722,-77.112842,0.12,100.9,1,10,0.9
2024-03-27T17:26:28Z,26.664722,-77.112840,0.05,155.5,1,10,0.9
2024-03-27T17:26:33Z,26.664723,-77.112837,0.11,120.5,1,10,0.9
2024-03-27T17:26:38Z,26.664725,-77.112835,0.25,90.6,1,10,0.9
2024-03-27T17:26:43Z,26.664727,-77.112835,0.22,74.5,1,10,0.9
2024-03-27T17:26:48Z,26.664727,-77.112833,0.12,240.6,1,10,0.9
2024-03-27T17:26:58Z,26.664728,-77.112833,0.14,197.3,1,10,0.9
2024-03-27T17:27:03Z,26.664728,-77.112835,0.12,107.2,1,10,0.9
2024-03-27T17:27:08Z,26.664727,-77.112830,0.12,116.1,1,10,0.9
2024-03-27T17:27:13Z,26.664722,-77.112827,0.06,174.4,1,10,0.9
2024-03-27T17:27:18Z,26.664722,-77.112837,0.05,121.0,1,10,0.9
2024-03-27T17:27:23Z,26.664720,-77.112833,0.12,56.1,1,10,0.9
2024-03-27T17:27:28Z,26.664727,-77.112835,0.14,63.8,1,10,0.9
2024-03-27T17:27:33Z,26.664728,-77.112832,0.11,202.0,1,10,0.9
2024-03-27T17:27:38Z,26.664725,-77.112832,0.13,225.2,1,10,0.9
2024-03-27T17:27:43Z,26.664725,-77.112838,0.29,250.6,1,10,0.9
2024-03-27T17:27:48Z,26.664722,-77.112827,0.15,65.7,1,10,0.9
2024-03-27T17:27:53Z,26.664722,-77.112823,0.21,311.2,1,10,0.9
2024-03-27T17:27:58Z,26.664718,-77.112823,0.13,114.1,1,10,0.9
2024-03-27T17:28:08Z,26.664717,-77.112827,0.07,176.0,1,10,0.9
2024-03-27T17:28:13Z,26.664715,-77.112825,0.18,170.5,1,10,0.9
2024-03-27T17:28:18Z,26.664713,-77.112825,0.14,257.9,1,10,0.9
2024-03-27T17:28:23Z,26.664715,-77.112832,0.07,296.1,1,10,0.9
2024-03-27T17:28:28Z,26.664715,-77.112833,0.12,144.7,1,10,0.9
2024-03-27T17:28:33Z,26.664713,-77.112835,0.13,185.8,1,10,0.9
2024-03-27T17:28:43Z,26.664718,-77.112848,0.07,28.6,1,10,0.9
2024-03-27T17:28:48Z,26.664722,-77.112852,0.19,18.5,1,10,0.9
2024-03-27T17:28:53Z,26.664725,-77.112853,0.21,345.0,1,10,0.9
2024-03-27T17:28:58Z,26.664723,-77.112852,0.09,130.9,1,10,0.9
2024-03-27T17:29:03Z,26.664723,-77.112850,0.05,239.7,1,10,0.9
2024-03-27T17:29:08Z,26.664727,-77.112850,0.23,137.7,1,10,0.9
2024-03-27T17:29:18Z,26.664737,-77.112852,0.20,91.4,1,10,0.9
2024-03-27T17:29:23Z,26.664740,-77.112850,0.31,97.6,1,10,0.9
2024-03-27T17:29:28Z,26.664740,-77.112848,0.19,91.1,1,10,0.9
2024-03-27T17:29:33Z,26.664742,-77.112847,0.14,87.5,1,10,0.9
2024-03-27T17:29:38Z,26.664745,-77.112843,0.14,29.6,1,10,0.9
2024-03-27T17:29:43Z,26.664740,-77.112840,0.31,132.3,1,10,0.9
2024-03-27T17:29:53Z,26.664738,-77.112833,0.08,78.5,1,10,0.9
2024-03-27T17:29:58Z,26.664735,-77.112835,0.16,190.0,1,10,0.9
2024-03-27T17:30:03Z,26.664742,-77.112840,0.18,119.3,1,10,0.9
2024-03-27T17:30:08Z,26.664738,-77.112837,0.05,65.8,1,10,0.9
2024-03-27T17:30:13Z,26.664738,-77.112838,0.19,240.7,1,10,0.9
2024-03-27T17:30:18Z,26.664740,-77.112838,0.11,164.5,1,10,0.9
2024-03-27T17:30:28Z,26.664738,-77.112830,0.25,118.8,1,10,0.9
2024-03-27T17:30:33Z,26.664735,-77.112825,0.19,171.3,1,10,0.9
2024-03-27T17:30:38Z,26.664733,-77.112825,0.16,174.9,1,10,0.9
2024-03-27T17:30:43Z,26.664735,-77.112837,0.36,226.1,1,10,0.9
2024-03-27T17:30:48Z,26.664735,-77.112843,0.20,249.7,1,10,0.9
2024-03-27T17:30:53Z,26.664740,-77.112847,0.35,313.6,1,10,0.9
2024-03-27T17:30:58Z,26.664732,-77.112837,0.02,86.8,1,10,0.9
2024-03-27T17:31:03Z,26.664728,-77.112835,0.26,111.9,1,10,0.9
2024-03-27T17:31:08Z,26.664727,-77.112835,0.37,231.6,1,10,0.9
2024-03-27T17:31:13Z,26.664728,-77.112835,0.22,345.4,1,10,0.9
2024-03-27T17:31:18Z,26.664728,-77.112835,0.07,56.2,1,10,0.9
2024-03-27T17:31:23Z,26.664732,-77.112840,0.19,0.2,1,10,0.9
2024-03-27T17:31:28Z,26.664733,-77.112843,0.24,333.8,1,9,0.9
2024-03-27T17:31:38Z,26.664735,-77.112843,0.13,2.8,1,10,0.9
2024-03-27T17:31:43Z,26.664735,-77.112845,0.15,57.3,1,10,0.9
2024-03-27T17:31:48Z,26.664732,-77.112845,0.11,180.6,1,10,0.9
2024-03-27T17:31:53Z,26.664732,-77.112847,0.19,155.1,1,10,0.9
2024-03-27T17:31:58Z,26.664730,-77.112847,0.07,139.4,1,10,0.9
2024-03-27T17:32:03Z,26.664727,-77.112847,0.18,155.5,1,10,0.9
2024-03-27T17:32:13Z,26.664722,-77.112847,0.05,39.3,1,10,0.9
2024-03-27T17:32:18Z,26.664722,-77.112847,0.16,119.2,1,10,0.9
2024-03-27T17:32:23Z,26.664722,-77.112847,0.08,131.5,1,10,0.9
2024-03-27T17:32:28Z,26.664725,-77.112850,0.32,352.1,1,10,0.9
2024-03-27T17:32:33Z,26.664728,-77.112852,0.10,46.0,1,10,0.9
2024-03-27T17:32:38Z,26.664725,-77.112848,0.20,101.5,1,10,0.9
2024-03-27T17:32:43Z,26.664728,-77.112850,0.10,34.0,1,10,0.9
2024-03-27T17:32:48Z,26.664725,-77.112848,0.18,120.6,1,10,0.9
2024-03-27T17:32:53Z,26.664723,-77.112845,0.14,105.3,1,10,0.9
2024-03-27T17:32:58Z,26.664722,-77.112847,0.23,134.6,1,9,0.9
2024-03-27T17:33:03Z,26.664723,-77.112847,0.14,78.6,1,10,0.9
2024-03-27T17:33:08Z,26.664722,-77.112847,0.09,118.1,1,10,0.9
2024-03-27T17:33:13Z,26.664722,-77.112845,0.11,92.1,1,10,0.9
2024-03-27T17:33:23Z,26.664725,-77.112852,0.07,304.2,1,10,0.9
2024-03-27T17:33:28Z,26.664718,-77.112843,0.73,138.8,1,10,0.9
2024-03-27T17:33:33Z,26.664707,-77.112828,0.93,133.8,1,10,0.9
2024-03-27T17:33:38Z,26.664692,-77.112812,0.93,144.4,1,10,0.9
2024-03-27T17:33:43Z,26.664675,-77.112798,0.93,136.5,1,10,0.9
2024-03-27T17:33:48Z,26.664658,-77.112783,0.99,147.0,1,10,0.9
2024-03-27T17:33:53Z,26.664642,-77.112768,0.89,145.0,1,10,0.9
2024-03-27T17:33:58Z,26.664627,-77.112767,0.57,175.8,1,10,0.9
2024-03-27T17:34:03Z,26.664608,-77.112762,0.97,164.3,1,10,0.9
2024-03-27T17:34:08Z,26.664578,-77.112745,1.81,151.1,1,10,0.9
2024-03-27T17:34:13Z,26.664535,-77.112720,2.06,153.2,1,10,0.9
2024-03-27T17:34:18Z,26.664500,-77.112700,1.60,140.0,1,10,0.9
2024-03-27T17:34:23Z,26.664477,-77.112668,1.50,120.1,1,10,0.9
2024-03-27T17:34:28Z,26.664472,-77.112648,0.98,111.4,1,10,0.9
2024-03-27T17:34:33Z,26.664467,-77.112627,0.78,101.3,1,9,1.0
2024-03-27T17:34:38Z,26.664467,-77.112607,0.95,97.6,1,10,0.9
2024-03-27T17:34:43Z,26.664460,-77.112585,1.18,102.1,1,10,0.9
2024-03-27T17:34:48Z,26.664450,-77.112550,1.86,104.6,1,10,0.9
2024-03-27T17:34:53Z,26.664437,-77.112500,2.22,109.3,1,10,0.9
2024-03-27T17:34:58Z,26.664415,-77.112443,2.52,117.9,1,10,0.9
2024-03-27T17:35:08Z,26.664347,-77.112323,3.01,131.9,1,10,0.9
2024-03-27T17:35:13Z,26.664288,-77.112273,3.31,145.0,1,10,0.9
2024-03-27T17:35:18Z,26.664222,-77.112230,3.28,159.1,1,10,0.9
2024-03-27T17:35:23Z,26.664143,-77.112210,3.72,170.7,1,10,0.9
2024-03-27T17:35:28Z,26.664052,-77.112208,3.91,181.3,1,10,0.9
2024-03-27T17:35:33Z,26.663952,-77.112230,4.31,197.8,1,10,0.9
2024-03-27T17:35:43Z,26.663790,-77.112357,4.21,220.3,1,10,0.9
2024-03-27T17:35:48Z,26.663715,-77.112435,4.10,224.9,1,9,1.0
2024-03-27T17:35:53Z,26.663647,-77.112522,4.26,228.4,1,10,0.9
2024-03-27T17:35:58Z,26.663583,-77.112615,4.60,230.2,1,10,0.9
2024-03-27T17:36:03Z,26.663513,-77.112712,4.95,229.6,1,10,0.9
2024-03-27T17:36:08Z,26.663440,-77.112808,4.71,232.6,1,10,0.9
2024-03-27T17:36:13Z,26.663375,-77.112912,4.97,235.4,1,10,0.9
2024-03-27T17:36:18Z,26.663308,-77.113027,5.20,237.8,1,10,0.9
2024-03-27T17:36:23Z,26.663242,-77.113138,5.29,233.2,1,10,0.9
2024-03-27T17:36:28Z,26.663172,-77.113260,6.08,237.2,1,10,0.9
2024-03-27T17:36:33Z,26.663098,-77.113385,5.69,237.1,1,11,0.8
2024-03-27T17:36:38Z,26.663030,-77.113500,5.46,235.8,1,11,0.8
2024-03-27T17:36:43Z,26.662953,-77.113622,5.72,233.5,1,11,0.8
2024-03-27T17:36:48Z,26.662875,-77.113740,5.55,232.7,1,11,0.8
2024-03-27T17:36:58Z,26.662717,-77.113983,6.15,236.5,1,11,0.8
2024-03-27T17:37:03Z,26.662638,-77.114112,5.49,235.8,1,11,0.8
2024-03-27T17:37:08Z,26.662558,-77.114238,5.85,236.6,1,11,0.8
2024-03-27T17:37:13Z,26.662483,-77.114368,6.01,237.4,1,11,0.8
2024-03-27T17:37:18Z,26.662413,-77.114498,5.42,236.7,1,11,0.8
2024-03-27T17:37:23Z,26.662343,-77.114628,5.51,236.6,1,11,0.8
2024-03-27T17:37:28Z,26.662268,-77.114762,5.93,235.6,1,11,0.8
2024-03-27T17:37:38Z,26.662113,-77.115025,6.05,239.2,1,11,0.8
2024-03-27T17:37:43Z,26.662040,-77.115152,5.72,235.5,1,11,0.8
2024-03-27T17:37:48Z,26.661962,-77.115283,5.50,236.1,1,11,0.8
2024-03-27T17:37:53Z,26.661890,-77.115408,5.96,236.1,1,11,0.8
2024-03-27T17:37:58Z,26.661813,-77.115538,5.79,236.4,1,11,0.8
2024-03-27T17:38:03Z,26.661740,-77.115667,6.12,236.8,1,11,0.8
2024-03-27T17:38:08Z,26.661668,-77.115803,5.67,240.7,1,11,0.8
2024-03-27T17:38:13Z,26.661603,-77.115933,5.82,240.3,1,11,0.8
2024-03-27T17:38:18Z,26.661535,-77.116072,6.25,240.3,1,11,0.8
2024-03-27T17:38:23Z,26.661472,-77.116212,5.89,242.8,1,11,0.8
2024-03-27T17:38:28Z,26.661413,-77.116345,5.88,246.0,1,11,0.8
2024-03-27T17:38:33Z,26.661365,-77.116488,5.96,249.7,1,10,0.8
2024-03-27T17:38:38Z,26.661317,-77.116642,6.15,252.2,1,10,0.9
2024-03-27T17:38:43Z,26.661275,-77.116783,5.89,253.6,1,11,0.8
2024-03-27T17:38:53Z,26.661208,-77.117075,5.91,255.5,1,11,0.8
2024-03-27T17:38:58Z,26.661158,-77.117222,5.98,251.8,1,11,0.8
2024-03-27T17:39:03Z,26.661120,-77.117370,5.99,253.7,1,11,0.8
2024-03-27T17:39:08Z,26.661080,-77.117503,5.52,254.8,1,11,0.8
2024-03-27T17:39:13Z,26.661048,-77.117628,4.85,253.2,1,11,0.8
2024-03-27T17:39:18Z,26.661030,-77.117747,4.27,260.9,1,11,0.8
2024-03-27T17:39:23Z,26.661005,-77.117857,3.87,256.4,1,11,0.8
2024-03-27T17:39:28Z,26.660977,-77.117938,2.80,236.0,1,11,0.8
2024-03-27T17:39:33Z,26.660937,-77.117992,2.60,221.6,1,11,0.8
2024-03-27T17:39:38Z,26.660898,-77.118027,2.04,213.6,1,11,0.8
2024-03-27T17:39:43Z,26.660863,-77.118048,1.98,202.9,1,11,0.8
2024-03-27T17:39:48Z,26.660827,-77.118058,1.64,199.0,1,11,0.8
2024-03-27T17:39:53Z,26.660797,-77.118058,1.27,191.8,1,11,0.8
2024-03-27T17:39:58Z,26.660768,-77.118057,1.36,167.5,1,11,0.8
2024-03-27T17:40:08Z,26.660737,-77.118052,0.73,181.6,1,10,0.9
2024-03-27T17:40:13Z,26.660723,-77.118050,0.70,134.7,1,10,0.9
2024-03-27T17:40:18Z,26.660715,-77.118037,0.76,128.2,1,11,0.8
2024-03-27T17:40:23Z,26.660710,-77.118023,0.72,113.1,1,11,0.8
2024-03-27T17:40:28Z,26.660702,-77.118010,0.57,112.6,1,11,0.8
2024-03-27T17:40:33Z,26.660695,-77.118000,0.39,104.0,1,11,0.8
2024-03-27T17:40:38Z,26.660692,-77.117993,0.27,79.1,1,11,0.8
2024-03-27T17:40:43Z,26.660688,-77.117992,0.08,114.9,1,11,0.8
2024-03-27T17:40:48Z,26.660688,-77.117997,0.20,295.5,1,11,0.8
2024-03-27T17:40:53Z,26.660688,-77.118007,0.45,270.9,1,11,0.8
2024-03-27T17:40:58Z,26.660690,-77.118033,0.97,259.1,1,11,0.8
2024-03-27T17:41:03Z,26.660697,-77.118052,0.68,280.5,1,11,0.8
2024-03-27T17:41:08Z,26.660703,-77.118062,0.90,277.3,1,11,0.8
2024-03-27T17:41:13Z,26.660712,-77.118083,0.70,291.3,1,11,0.8
2024-03-27T17:41:18Z,26.660717,-77.118100,0.77,299.7,1,11,0.8
2024-03-27T17:41:23Z,26.660728,-77.118120,0.75,289.1,1,11,0.8
2024-03-27T17:41:28Z,26.660740,-77.118143,0.86,300.0,1,11,0.8
2024-03-27T17:41:33Z,26.660755,-77.118162,0.69,327.4,1,11,0.8
2024-03-27T17:41:38Z,26.660765,-77.118172,0.48,344.6,1,11,0.8
2024-03-27T17:41:43Z,26.660773,-77.118177,0.29,9.4,1,11,0.8
2024-03-27T17:41:48Z,26.660775,-77.118168,0.43,121.0,1,11,0.8
2024-03-27T17:41:58Z,26.660758,-77.118138,0.61,114.9,1,11,0.8
2024-03-27T17:42:03Z,26.660753,-77.118128,0.56,114.2,1,11,0.8
2024-03-27T17:42:08Z,26.660750,-77.118118,0.32,122.9,1,11,0.8
2024-03-27T17:42:13Z,26.660743,-77.118115,0.39,167.6,1,11,0.8
2024-03-27T17:42:18Z,26.660732,-77.118118,0.46,211.0,1,11,0.8
2024-03-27T17:42:23Z,26.660725,-77.118127,0.86,244.3,1,10,0.8
2024-03-27T17:42:28Z,26.660718,-77.118137,0.40,241.7,1,11,0.8
2024-03-27T17:42:33Z,26.660715,-77.118152,0.72,247.7,1,11,0.8
2024-03-27T17:42:38Z,26.660710,-77.118167,0.36,256.2,1,11,0.8
2024-03-27T17:42:43Z,26.660708,-77.118173,0.15,313.9,1,11,0.8
2024-03-27T17:42:48Z,26.660715,-77.118182,0.25,8.2,1,11,0.8
2024-03-27T17:42:53Z,26.660727,-77.118185,0.26,356.4,1,11,0.8
2024-03-27T17:42:58Z,26.660733,-77.118195,0.38,308.5,1,11,0.8
2024-03-27T17:43:03Z,26.660737,-77.118200,0.13,314.8,1,11,0.8
2024-03-27T17:43:13Z,26.660750,-77.118213,0.27,267.0,1,11,0.8
2024-03-27T17:43:18Z,26.660752,-77.118220,0.19,82.2,1,11,0.8
2024-03-27T17:43:23Z,26.660753,-77.118212,0.31,113.2,1,11,0.8
2024-03-27T17:43:28Z,26.660750,-77.118205,0.38,128.8,1,11,0.8
2024-03-27T17:43:33Z,26.660752,-77.118203,0.17,1.4,1,8,1.1
2024-03-27T17:43:38Z,26.660743,-77.118205,0.20,122.7,1,11,0.8
2024-03-27T17:43:48Z,26.660732,-77.118203,0.18,193.9,1,11,0.8
2024-03-27T17:43:53Z,26.660725,-77.118207,0.15,180.7,1,10,0.8
2024-03-27T17:43:58Z,26.660720,-77.118208,0.28,222.3,1,11,0.8
2024-03-27T17:44:03Z,26.660718,-77.118212,0.31,224.2,1,11,0.8
2024-03-27T17:44:08Z,26.660718,-77.118217,0.15,274.9,1,11,0.8
2024-03-27T17:44:13Z,26.660718,-77.118220,0.09,275.5,1,11,0.8
2024-03-27T17:44:23Z,26.660713,-77.118223,0.06,73.1,1,11,0.8
2024-03-27T17:44:28Z,26.660710,-77.118227,0.75,183.2,1,11,0.8
2024-03-27T17:44:33Z,26.660722,-77.118237,0.08,346.2,1,11,0.8
2024-03-27T17:44:38Z,26.660720,-77.118235,0.36,13.2,1,11,0.8
2024-03-27T17:44:43Z,26.660720,-77.118228,0.36,173.0,1,11,0.8
2024-03-27T17:44:48Z,26.660717,-77.118223,0.17,170.7,1,11,0.8
2024-03-27T17:44:53Z,26.660718,-77.118218,0.06,98.4,1,11,0.8
2024-03-27T17:44:58Z,26.660715,-77.118215,0.08,349.0,1,11,0.8
2024-03-27T17:45:03Z,26.660707,-77.118212,0.49,112.3,1,11,0.8
2024-03-27T17:45:08Z,26.660717,-77.118207,0.13,73.7,1,10,0.9
2024-03-27T17:45:13Z,26.660727,-77.118210,0.25,83.2,1,10,0.9
2024-03-27T17:45:18Z,26.660733,-77.118208,0.22,49.5,1,10,0.9
2024-03-27T17:45:23Z,26.660737,-77.118205,0.26,114.7,1,10,0.9
2024-03-27T17:45:33Z,26.660728,-77.118220,0.44,8.3,1,10,0.9
2024-03-27T17:45:38Z,26.660732,-77.118220,0.17,53.8,1,11,0.8
2024-03-27T17:45:43Z,26.660732,-77.118218,0.26,337.6,1,11,0.8
2024-03-27T17:45:48Z,26.660733,-77.118222,0.27,37.5,1,11,0.8
2024-03-27T17:45:53Z,26.660738,-77.118222,0.31,18.5,1,11,0.8
2024-03-27T17:45:58Z,26.660743,-77.118222,0.30,9.0,1,11,0.8
2024-03-27T17:46:03Z,26.660748,-77.118218,0.37,356.1,1,10,0.8
2024-03-27T17:46:08Z,26.660753,-77.118215,0.22,68.8,1,11,0.8
2024-03-27T17:46:13Z,26.660752,-77.118212,0.21,159.8,1,11,0.8
2024-03-27T17:46:18Z,26.660753,-77.118205,0.13,63.8,1,11,0.8
2024-03-27T17:46:23Z,26.660752,-77.118200,0.34,112.2,1,11,0.8
2024-03-27T17:46:28Z,26.660762,-77.118200,0.25,42.7,1,11,0.8
2024-03-27T17:46:38Z,26.660762,-77.118195,0.16,128.8,1,11,0.8
2024-03-27T17:46:43Z,26.660765,-77.118197,0.22,18.1,1,11,0.8
2024-03-27T17:46:48Z,26.660765,-77.118193,0.22,45.8,1,11,0.8
2024-03-27T17:46:53Z,26.660765,-77.118192,0.16,17.3,1,11,0.8
2024-03-27T17:46:58Z,26.660770,-77.118193,0.31,95.9,1,11,0.8
2024-03-27T17:47:08Z,26.660773,-77.118193,0.35,154.5,1,11,0.8
2024-03-27T17:47:13Z,26.660770,-77.118188,0.25,151.7,1,11,0.8
2024-03-27T17:47:18Z,26.660768,-77.118187,0.27,95.8,1,11,0.8
2024-03-27T17:47:23Z,26.660778,-77.118193,0.23,282.1,1,11,0.8
2024-03-27T17:47:28Z,26.660785,-77.118202,0.11,343.0,1,11,0.8
2024-03-27T17:47:33Z,26.660783,-77.118202,0.24,44.8,1,11,0.8
2024-03-27T17:47:43Z,26.660775,-77.118200,0.10,108.0,1,9,1.0
2024-03-27T17:47:48Z,26.660768,-77.118203,0.33,234.1,1,11,0.8
2024-03-27T17:47:53Z,26.660760,-77.118205,0.28,201.4,1,10,0.9
2024-03-27T17:47:58Z,26.660755,-77.118208,0.19,123.3,1,10,0.9
2024-03-27T17:48:03Z,26.660750,-77.118203,0.27,171.1,1,10,0.9
2024-03-27T17:48:13Z,26.660737,-77.118207,0.09,148.6,1,10,0.9
2024-03-27T17:48:18Z,26.660732,-77.118208,0.11,191.0,1,10,0.9
2024-03-27T17:48:23Z,26.660725,-77.118210,0.40,202.1,1,10,0.9
2024-03-27T17:48:28Z,26.660720,-77.118213,0.19,220.2,1,9,1.0
2024-03-27T17:48:33Z,26.660718,-77.118218,0.19,239.7,1,10,0.9
2024-03-27T17:48:38Z,26.660722,-77.118217,0.03,229.8,1,11,0.8
2024-03-27T17:48:48Z,26.660715,-77.118217,0.04,242.8,1,11,0.8
2024-03-27T17:48:53Z,26.660713,-77.118217,0.25,128.6,1,11,0.8
2024-03-27T17:48:58Z,26.660715,-77.118208,0.08,164.2,1,11,0.8
2024-03-27T17:49:03Z,26.660715,-77.118207,0.18,163.0,1,11,0.8
2024-03-27T17:49:08Z,26.660717,-77.118208,0.11,192.2,1,11,0.8
2024-03-27T17:49:13Z,26.660718,-77.118210,0.36,6.6,1,10,0.8
2024-03-27T17:49:23Z,26.660717,-77.118212,0.19,114.5,1,11,0.8
2024-03-27T17:49:28Z,26.660713,-77.118213,0.16,75.3,1,11,0.8
2024-03-27T17:49:33Z,26.660717,-77.118212,0.20,78.7,1,11,0.8
2024-03-27T17:49:38Z,26.660718,-77.118207,0.25,148.9,1,11,0.8
2024-03-27T17:49:43Z,26.660722,-77.118207,0.16,49.1,1,11,0.8
2024-03-27T17:49:48Z,26.660725,-77.118208,0.16,113.5,1,11,0.8
2024-03-27T17:49:58Z,26.660743,-77.118205,0.18,322.2,1,11,0.8
2024-03-27T17:50:03Z,26.660747,-77.118195,0.43,36.5,1,11,0.8
2024-03-27T17:50:08Z,26.660745,-77.118190,0.15,355.7,1,11,0.8
2024-03-27T17:50:13Z,26.660753,-77.118190,0.11,220.4,1,10,0.9
2024-03-27T17:50:18Z,26.660757,-77.118188,0.16,96.7,1,11,0.8
2024-03-27T17:50:23Z,26.660755,-77.118190,0.15,358.5,1,11,0.8
2024-03-27T17:50:28Z,26.660758,-77.118195,0.29,161.4,1,11,0.8
2024-03-27T17:50:33Z,26.660758,-77.118193,0.28,136.9,1,11,0.8
2024-03-27T17:50:38Z,26.660760,-77.118195,0.14,228.1,1,11,0.8
2024-03-27T17:50:43Z,26.660762,-77.118195,0.26,151.7,1,11,0.8
2024-03-27T17:50:48Z,26.660758,-77.118193,0.04,136.9,1,11,0.8
2024-03-27T17:50:53Z,26.660760,-77.118192,0.23,202.3,1,11,0.8
2024-03-27T17:50:58Z,26.660757,-77.118193,0.22,244.1,1,11,0.8
2024-03-27T17:51:03Z,26.660753,-77.118202,0.29,256.7,1,11,0.8
2024-03-27T17:51:08Z,26.660753,-77.118207,0.08,282.7,1,11,0.8
2024-03-27T17:51:13Z,26.660750,-77.118210,0.24,191.9,1,11,0.8
2024-03-27T17:51:18Z,26.660748,-77.118207,0.14,131.4,1,11,0.8
2024-03-27T17:51:23Z,26.660748,-77.118202,0.34,138.5,1,11,0.8
2024-03-27T17:51:28Z,26.660743,-77.118200,0.11,2.2,1,11,0.8
2024-03-27T17:51:38Z,26.660745,-77.118195,0.25,70.3,1,11,0.8
2024-03-27T17:51:43Z,26.660748,-77.118192,0.21,113.8,1,11,0.8
2024-03-27T17:51:48Z,26.660750,-77.118198,0.39,236.1,1,11,0.8
2024-03-27T17:51:53Z,26.660752,-77.118205,0.24,223.2,1,11,0.8
2024-03-27T17:51:58Z,26.660753,-77.118202,0.12,89.9,1,11,0.8
2024-03-27T17:52:08Z,26.660755,-77.118203,0.22,207.8,1,11,0.8
2024-03-27T17:52:13Z,26.660755,-77.118203,0.06,25.0,1,11,0.8
2024-03-27T17:52:18Z,26.660765,-77.118198,0.09,27.4,1,11,0.8
2024-03-27T17:52:23Z,26.660768,-77.118193,0.34,208.1,1,11,0.8
2024-03-27T17:52:28Z,26.660765,-77.118193,0.12,219.3,1,11,0.8
2024-03-27T17:52:33Z,26.660762,-77.118197,0.20,273.6,1,11,0.8
2024-03-27T17:52:43Z,26.660755,-77.118205,0.37,266.2,1,11,0.8
2024-03-27T17:52:48Z,26.660752,-77.118210,0.25,241.2,1,11,0.8
2024-03-27T17:52:53Z,26.660748,-77.118210,0.13,146.3,1,10,0.9
2024-03-27T17:52:58Z,26.660745,-77.118213,0.19,265.4,1,10,0.9
2024-03-27T17:53:03Z,26.660745,-77.118213,0.07,232.5,1,10,0.9
2024-03-27T17:53:13Z,26.660742,-77.118217,0.21,261.6,1,11,0.8
2024-03-27T17:53:18Z,26.660740,-77.118220,0.15,244.7,1,11,0.8
2024-03-27T17:53:23Z,26.660745,-77.118217,0.26,327.6,1,11,0.8
2024-03-27T17:53:28Z,26.660747,-77.118213,0.22,76.1,1,11,0.8
2024-03-27T17:53:33Z,26.660748,-77.118213,0.04,285.8,1,11,0.8
2024-03-27T17:53:38Z,26.660750,-77.118212,0.04,166.7,1,11,0.8
2024-03-27T17:53:43Z,26.660757,-77.118210,0.12,76.3,1,11,0.8
2024-03-27T17:53:48Z,26.660763,-77.118207,0.28,51.0,1,11,0.8
2024-03-27T17:53:53Z,26.660767,-77.118205,0.27,75.3,1,11,0.8
2024-03-27T17:53:58Z,26.660772,-77.118200,0.27,46.9,1,10,0.8
2024-03-27T17:54:03Z,26.660772,-77.118197,0.17,161.9,1,11,0.8
2024-03-27T17:54:08Z,26.660777,-77.118193,0.23,30.0,1,11,0.8
2024-03-27T17:54:18Z,26.660777,-77.118192,0.19,98.9,1,11,0.8
2024-03-27T17:54:23Z,26.660777,-77.118190,0.25,217.8,1,11,0.8
2024-03-27T17:54:28Z,26.660777,-77.118188,0.24,94.2,1,11,0.8
2024-03-27T17:54:33Z,26.660777,-77.118187,0.19,200.4,1,11,0.8
2024-03-27T17:54:38Z,26.660777,-77.118188,0.18,177.1,1,11,0.8
2024-03-27T17:54:48Z,26.660775,-77.118185,0.14,147.3,1,10,0.9
2024-03-27T17:54:53Z,26.660775,-77.118183,0.29,159.1,1,10,0.9
2024-03-27T17:54:58Z,26.660772,-77.118185,0.16,207.8,1,10,0.9
2024-03-27T17:55:03Z,26.660768,-77.118190,0.16,207.7,1,11,0.8
2024-03-27T17:55:08Z,26.660768,-77.118190,0.13,137.0,1,10,1.0
2024-03-27T17:55:13Z,26.660772,-77.118187,0.22,142.9,1,10,1.0
2024-03-27T17:55:18Z,26.660773,-77.118185,0.10,79.9,1,10,1.0
2024-03-27T17:55:23Z,26.660772,-77.118187,0.06,291.4,1,10,1.0
2024-03-27T17:55:28Z,26.660770,-77.118185,0.05,115.1,1,11,0.8
2024-03-27T17:55:33Z,26.660768,-77.118185,0.19,346.5,1,11,0.8
2024-03-27T17:55:38Z,26.660768,-77.118190,0.10,215.3,1,10,1.0
2024-03-27T17:55:43Z,26.660767,-77.118192,0.15,210.2,1,10,1.0
2024-03-27T17:55:48Z,26.660767,-77.118195,0.39,191.4,1,10,1.0
2024-03-27T17:55:53Z,26.660765,-77.118197,0.05,39.5,1,10,1.0
2024-03-27T17:55:58Z,26.660768,-77.118193,0.33,70.0,1,11,0.8
2024-03-27T17:56:03Z,26.660768,-77.118193,0.09,83.3,1,11,0.8
2024-03-27T17:56:08Z,26.660770,-77.118195,0.26,194.5,1,11,0.8
2024-03-27T17:56:13Z,26.660770,-77.118198,0.03,161.8,1,11,0.8
2024-03-27T17:56:18Z,26.660770,-77.118197,0.46,195.4,1,11,0.8
2024-03-27T17:56:23Z,26.660772,-77.118195,0.19,102.0,1,11,0.8
2024-03-27T17:56:28Z,26.660770,-77.118192,0.24,240.0,1,11,0.8
2024-03-27T17:56:33Z,26.660765,-77.118190,0.26,163.1,1,11,0.8
2024-03-27T17:56:38Z,26.660763,-77.118188,0.42,44.6,1,11,0.8
2024-03-27T17:56:43Z,26.660763,-77.118183,0.34,155.7,1,11,0.8
2024-03-27T17:56:48Z,26.660762,-77.118180,0.17,139.9,1,11,0.8
2024-03-27T17:56:53Z,26.660762,-77.118180,0.41,56.7,1,11,0.8
2024-03-27T17:56:58Z,26.660762,-77.118180,0.15,224.2,1,11,0.8
2024-03-27T17:57:03Z,26.660765,-77.118187,0.10,271.8,1,11,0.8
2024-03-27T17:57:08Z,26.660770,-77.118185,0.18,77.0,1,11,0.8
2024-03-27T17:57:13Z,26.660773,-77.118183,0.28,289.8,1,11,0.8
2024-03-27T17:57:23Z,26.660775,-77.118183,0.23,111.5,1,11,0.8
2024-03-27T17:57:28Z,26.660777,-77.118183,0.28,87.6,1,11,0.8
2024-03-27T17:57:33Z,26.660773,-77.118180,0.29,131.6,1,11,0.8
2024-03-27T17:57:38Z,26.660773,-77.118180,0.41,48.3,1,11,0.8
2024-03-27T17:57:43Z,26.660770,-77.118183,0.40,191.2,1,11,0.8
2024-03-27T17:57:53Z,26.660767,-77.118193,0.37,220.4,1,10,1.0
2024-03-27T17:57:58Z,26.660763,-77.118198,0.18,241.4,1,10,1.0
2024-03-27T17:58:03Z,26.660760,-77.118203,0.07,282.4,1,10,1.0
2024-03-27T17:58:08Z,26.660757,-77.118207,0.27,243.7,1,10,1.0
2024-03-27T17:58:13Z,26.660755,-77.118208,0.12,109.5,1,11,0.8
2024-03-27T17:58:18Z,26.660757,-77.118205,0.24,300.9,1,11,0.8
2024-03-27T17:58:23Z,26.660755,-77.118217,0.34,275.6,1,11,0.8
2024-03-27T17:58:28Z,26.660760,-77.118215,0.34,45.7,1,11,0.8
2024-03-27T17:58:33Z,26.660767,-77.118218,0.26,183.8,1,11,0.8
2024-03-27T17:58:38Z,26.660763,-77.118218,0.10,146.4,1,11,0.8
2024-03-27T17:58:43Z,26.660765,-77.118215,0.19,27.1,1,11,0.8
2024-03-27T17:58:48Z,26.660767,-77.118210,0.28,85.0,1,11,0.8
2024-03-27T17:58:58Z,26.660767,-77.118203,0.18,91.4,1,10,1.0
2024-03-27T17:59:03Z,26.660767,-77.118200,0.17,72.2,1,10,1.0
2024-03-27T17:59:08Z,26.660767,-77.118195,0.19,137.5,1,10,1.0
2024-03-27T17:59:13Z,26.660768,-77.118193,0.17,75.3,1,10,1.0
2024-03-27T17:59:18Z,26.660777,-77.118188,0.10,190.8,1,10,1.0
2024-03-27T17:59:23Z,26.660780,-77.118185,0.10,153.1,1,10,1.0
2024-03-27T17:59:33Z,26.660772,-77.118190,0.32,186.1,1,10,1.0
2024-03-27T17:59:38Z,26.660768,-77.118188,0.15,120.1,1,10,1.0
2024-03-27T17:59:43Z,26.660767,-77.118188,0.20,179.0,1,10,1.0
2024-03-27T17:59:48Z,26.660765,-77.118190,0.23,193.3,1,10,1.0
2024-03-27T17:59:53Z,26.660763,-77.118192,0.30,27.1,1,9,1.2
2024-03-27T17:59:58Z,26.660763,-77.118190,0.23,71.6,1,10,1.0
2024-03-27T18:00:08Z,26.660758,-77.118195,0.08,220.4,1,10,1.0
2024-03-27T18:00:13Z,26.660760,-77.118193,0.17,343.4,1,10,1.0
2024-03-27T18:00:18Z,26.660757,-77.118197,0.17,168.5,1,10,1.0
2024-03-27T18:00:23Z,26.660760,-77.118197,0.05,325.6,1,10,1.0
2024-03-27T18:00:28Z,26.660767,-77.118193,0.07,78.7,1,10,1.0
2024-03-27T18:00:33Z,26.660768,-77.118193,0.11,102.3,1,10,1.0
2024-03-27T18:00:43Z,26.660767,-77.118192,0.32,76.5,1,10,1.0
2024-03-27T18:00:48Z,26.660765,-77.118187,0.11,135.9,1,10,1.0
2024-03-27T18:00:53Z,26.660763,-77.118187,0.08,122.6,1,10,1.0
2024-03-27T18:00:58Z,26.660762,-77.118187,0.32,209.0,1,10,1.0
2024-03-27T18:01:03Z,26.660757,-77.118188,0.11,171.4,1,10,1.0
2024-03-27T18:01:08Z,26.660752,-77.118190,0.19,168.9,1,10,1.0
2024-03-27T18:01:13Z,26.660745,-77.118192,0.22,171.3,1,10,1.0
2024-03-27T18:01:18Z,26.660743,-77.118190,0.10,150.4,1,10,1.0
2024-03-27T18:01:23Z,26.660743,-77.118192,0.17,226.3,2,10,1.0
2024-03-27T18:01:28Z,26.660743,-77.118190,0.15,113.8,2,10,1.0
2024-03-27T18:01:33Z,26.660748,-77.118187,0.05,105.7,2,10,1.0
2024-03-27T18:01:38Z,26.660753,-77.118187,0.08,310.4,2,10,1.0
2024-03-27T18:01:43Z,26.660757,-77.118190,0.07,359.0,2,10,1.0
2024-03-27T18:01:48Z,26.660762,-77.118190,0.22,335.6,2,10,1.0
2024-03-27T18:01:53Z,26.660765,-77.118187,0.22,22.4,2,10,1.0
2024-03-27T18:01:58Z,26.660768,-77.118187,0.18,39.0,1,10,1.0
2024-03-27T18:02:03Z,26.660770,-77.118185,0.25,87.0,1,10,1.0
2024-03-27T18:02:08Z,26.660770,-77.118182,0.28,106.5,1,10,1.0
2024-03-27T18:02:13Z,26.660770,-77.118178,0.33,106.5,1,10,1.0
2024-03-27T18:02:18Z,26.660768,-77.118177,0.12,137.4,1,10,1.0
2024-03-27T18:02:23Z,26.660770,-77.118180,0.12,345.1,1,10,1.0
2024-03-27T18:02:28Z,26.660773,-77.118178,0.15,158.7,1,10,1.0
2024-03-27T18:02:33Z,26.660775,-77.118178,0.06,121.2,1,10,1.0
2024-03-27T18:02:38Z,26.660777,-77.118178,0.04,15.1,1,10,1.0
2024-03-27T18:02:43Z,26.660782,-77.118178,0.02,80.2,1,10,1.0
2024-03-27T18:02:48Z,26.660787,-77.118177,0.10,2.4,1,10,1.0
2024-03-27T18:02:58Z,26.660790,-77.118175,0.12,68.7,1,10,1.0
2024-03-27T18:03:03Z,26.660790,-77.118172,0.20,140.5,1,10,1.0
2024-03-27T18:03:08Z,26.660790,-77.118168,0.22,153.0,1,10,1.0
2024-03-27T18:03:13Z,26.660788,-77.118165,0.28,147.9,1,9,1.0
2024-03-27T18:03:18Z,26.660787,-77.118162,0.19,158.2,1,10,1.0
2024-03-27T18:03:23Z,26.660783,-77.118163,0.30,158.9,1,10,1.0
2024-03-27T18:03:28Z,26.660780,-77.118167,0.18,169.4,1,10,1.0
2024-03-27T18:03:33Z,26.660778,-77.118168,0.17,185.5,1,10,1.0
2024-03-27T18:03:38Z,26.660777,-77.118173,0.15,186.1,1,10,1.0
2024-03-27T18:03:43Z,26.660773,-77.118177,0.10,195.8,1,10,1.0
2024-03-27T18:03:48Z,26.660773,-77.118180,0.06,202.3,1,10,1.0
2024-03-27T18:03:53Z,26.660770,-77.118180,0.04,108.2,1,10,1.0
2024-03-27T18:03:58Z,26.660773,-77.118182,0.17,81.3,1,10,1.0
2024-03-27T18:04:03Z,26.660777,-77.118183,0.07,20.6,1,10,1.0
2024-03-27T18:04:08Z,26.660783,-77.118188,0.09,145.4,1,10,1.0
2024-03-27T18:04:13Z,26.660782,-77.118188,0.12,176.6,1,10,1.0
2024-03-27T18:04:18Z,26.660783,-77.118188,0.26,357.8,1,10,1.0
2024-03-27T18:04:23Z,26.660783,-77.118190,0.32,132.1,1,10,1.0
2024-03-27T18:04:28Z,26.660780,-77.118187,0.20,16.2,1,10,1.0
2024-03-27T18:04:33Z,26.660785,-77.118187,0.09,84.2,1,9,1.0
2024-03-27T18:04:38Z,26.660788,-77.118183,0.12,96.7,1,10,1.0
2024-03-27T18:04:43Z,26.660793,-77.118182,0.25,331.7,1,10,1.0
2024-03-27T18:04:48Z,26.660798,-77.118183,0.08,257.4,1,10,1.0
2024-03-27T18:04:58Z,26.660805,-77.118177,0.06,5.0,1,10,1.0
2024-03-27T18:05:03Z,26.660800,-77.118168,0.23,136.8,1,10,1.0
2024-03-27T18:05:08Z,26.660798,-77.118162,0.22,211.7,1,10,1.0
2024-03-27T18:05:13Z,26.660795,-77.118163,0.20,168.8,1,10,1.0
2024-03-27T18:05:18Z,26.660795,-77.118170,0.25,223.4,1,10,1.0
2024-03-27T18:05:23Z,26.660793,-77.118175,0.18,204.0,1,10,1.0
2024-03-27T18:05:28Z,26.660790,-77.118180,0.36,209.4,1,9,1.2
2024-03-27T18:05:33Z,26.660787,-77.118183,0.09,173.7,1,10,1.0
2024-03-27T18:05:38Z,26.660783,-77.118185,0.10,171.3,1,10,1.0
2024-03-27T18:05:43Z,26.660780,-77.118185,0.15,157.4,1,10,1.0
2024-03-27T18:05:48Z,26.660777,-77.118183,0.13,130.0,1,10,1.0
2024-03-27T18:05:53Z,26.660775,-77.118183,0.07,122.2,1,10,1.0
2024-03-27T18:05:58Z,26.660775,-77.118185,0.08,190.6,1,10,1.0
2024-03-27T18:06:03Z,26.660775,-77.118185,0.13,28.8,1,10,1.0
2024-03-27T18:06:08Z,26.660775,-77.118185,0.16,48.1,1,10,1.0
2024-03-27T18:06:13Z,26.660772,-77.118192,0.06,327.8,1,10,1.0
2024-03-27T18:06:18Z,26.660773,-77.118195,0.13,303.5,1,10,1.0
2024-03-27T18:06:28Z,26.660775,-77.118195,0.11,359.6,1,10,1.0
2024-03-27T18:06:33Z,26.660773,-77.118195,0.31,115.8,1,10,1.0
2024-03-27T18:06:38Z,26.660772,-77.118190,0.03,90.4,1,10,1.0
2024-03-27T18:06:43Z,26.660770,-77.118185,0.31,129.4,1,10,1.0
2024-03-27T18:06:48Z,26.660767,-77.118182,0.16,119.3,1,10,1.0
2024-03-27T18:06:53Z,26.660768,-77.118183,0.17,199.5,1,10,1.0
2024-03-27T18:06:58Z,26.660767,-77.118183,0.20,216.2,1,10,1.0
2024-03-27T18:07:03Z,26.660763,-77.118190,0.18,208.7,1,10,1.0
2024-03-27T18:07:08Z,26.660767,-77.118193,0.27,237.3,1,10,1.0
2024-03-27T18:07:13Z,26.660770,-77.118198,0.23,285.2,1,10,1.0
2024-03-27T18:07:18Z,26.660775,-77.118198,0.08,91.0,1,10,1.0
2024-03-27T18:07:23Z,26.660772,-77.118197,0.20,56.2,1,10,1.0
2024-03-27T18:07:28Z,26.660772,-77.118193,0.15,100.8,1,10,1.0
2024-03-27T18:07:33Z,26.660770,-77.118188,0.29,151.1,1,10,1.0
2024-03-27T18:07:38Z,26.660775,-77.118180,0.29,18.4,1,10,1.0
2024-03-27T18:07:43Z,26.660775,-77.118175,0.30,129.1,1,10,1.0
2024-03-27T18:07:48Z,26.660773,-77.118170,0.13,166.4,1,10,1.0
2024-03-27T18:07:53Z,26.660772,-77.118172,0.12,33.6,1,10,1.0
2024-03-27T18:07:58Z,26.660773,-77.118172,0.02,330.5,1,10,1.0
2024-03-27T18:08:03Z,26.660773,-77.118172,0.30,40.3,1,10,1.0
2024-03-27T18:08:08Z,26.660780,-77.118172,0.28,25.6,1,10,1.0
2024-03-27T18:08:13Z,26.660783,-77.118173,0.07,109.8,1,10,1.0
2024-03-27T18:08:18Z,26.660783,-77.118172,0.15,172.4,1,10,1.0
2024-03-27T18:08:23Z,26.660785,-77.118172,0.09,78.8,1,10,1.0
2024-03-27T18:08:33Z,26.660783,-77.118163,0.17,150.7,1,10,1.0
2024-03-27T18:08:38Z,26.660780,-77.118165,0.23,198.3,1,10,1.0
2024-03-27T18:08:43Z,26.660780,-77.118163,0.17,162.8,1,10,1.0
2024-03-27T18:08:48Z,26.660780,-77.118163,0.07,196.5,1,10,1.0
2024-03-27T18:08:53Z,26.660780,-77.118167,0.11,183.1,1,10,1.0
2024-03-27T18:08:58Z,26.660780,-77.118168,0.11,111.8,1,10,1.0
2024-03-27T18:09:08Z,26.660783,-77.118175,0.29,287.1,1,10,1.0
2024-03-27T18:09:13Z,26.660783,-77.118177,0.07,81.4,1,10,1.0
2024-03-27T18:09:18Z,26.660783,-77.118178,0.12,128.7,1,10,1.0
2024-03-27T18:09:23Z,26.660783,-77.118182,0.11,153.4,1,10,1.0
2024-03-27T18:09:28Z,26.660783,-77.118180,0.12,113.4,1,10,1.0
2024-03-27T18:09:38Z,26.660780,-77.118175,0.13,144.7,1,10,1.0
2024-03-27T18:09:43Z,26.660780,-77.118173,0.12,124.5,1,10,1.0
2024-03-27T18:09:48Z,26.660778,-77.118172,0.13,75.3,1,10,1.0
2024-03-27T18:09:53Z,26.660777,-77.118170,0.19,184.8,1,10,1.0
2024-03-27T18:09:58Z,26.660778,-77.118165,0.13,101.9,1,10,1.0
2024-03-27T18:10:03Z,26.660783,-77.118162,0.14,114.2,1,10,1.0
2024-03-27T18:10:08Z,26.660787,-77.118163,0.02,151.5,1,10,1.0
2024-03-27T18:10:13Z,26.660788,-77.118167,0.14,200.5,1,10,1.0
2024-03-27T18:10:18Z,26.660787,-77.118172,0.14,246.2,1,10,1.0
2024-03-27T18:10:23Z,26.660785,-77.118177,0.15,211.4,1,10,1.0
2024-03-27T18:10:28Z,26.660785,-77.118175,0.04,82.5,1,10,1.0
2024-03-27T18:10:38Z,26.660787,-77.118170,0.19,189.9,1,10,1.0
2024-03-27T18:10:43Z,26.660787,-77.118167,0.23,179.1,1,10,1.0
2024-03-27T18:10:48Z,26.660785,-77.118165,0.20,134.4,1,10,1.0
2024-03-27T18:10:53Z,26.660785,-77.118165,0.10,126.4,1,10,1.0
2024-03-27T18:10:58Z,26.660785,-77.118163,0.17,118.1,1,10,1.0
2024-03-27T18:11:03Z,26.660785,-77.118165,0.16,133.9,1,10,1.0
2024-03-27T18:11:08Z,26.660785,-77.118165,0.12,86.9,1,10,1.0
2024-03-27T18:11:13Z,26.660785,-77.118167,0.05,118.0,1,10,1.0
2024-03-27T18:11:18Z,26.660787,-77.118172,0.04,197.9,1,10,1.0
2024-03-27T18:11:23Z,26.660788,-77.118173,0.03,303.4,1,10,1.0
2024-03-27T18:11:28Z,26.660788,-77.118173,0.07,2.8,1,10,1.0
2024-03-27T18:11:33Z,26.660788,-77.118175,0.21,207.7,1,10,1.0
2024-03-27T18:11:38Z,26.660785,-77.118177,0.23,240.5,1,10,1.0
2024-03-27T18:11:43Z,26.660783,-77.118180,0.17,226.0,1,10,1.0
2024-03-27T18:11:48Z,26.660783,-77.118183,0.16,138.4,1,10,1.0
2024-03-27T18:11:53Z,26.660778,-77.118185,0.42,194.6,1,10,1.0
2024-03-27T18:11:58Z,26.660773,-77.118192,0.23,191.6,1,10,1.0
2024-03-27T18:12:03Z,26.660772,-77.118195,0.21,178.6,1,10,1.0
2024-03-27T18:12:08Z,26.660770,-77.118200,0.01,170.2,1,10,1.0
2024-03-27T18:12:13Z,26.660772,-77.118203,0.12,201.5,1,10,1.0
2024-03-27T18:12:18Z,26.660775,-77.118203,0.08,160.1,1,10,1.0
2024-03-27T18:12:23Z,26.660778,-77.118200,0.08,117.1,1,10,1.0
2024-03-27T18:12:28Z,26.660778,-77.118195,0.09,327.4,1,10,1.0
2024-03-27T18:12:33Z,26.660783,-77.118187,0.16,85.1,1,10,1.0
2024-03-27T18:12:38Z,26.660787,-77.118185,0.16,75.9,1,10,1.0
2024-03-27T18:12:43Z,26.660790,-77.118182,0.16,304.7,1,10,1.0
2024-03-27T18:12:53Z,26.660790,-77.118180,0.13,168.5,1,10,1.0
2024-03-27T18:12:58Z,26.660793,-77.118177,0.35,60.3,1,10,1.0
2024-03-27T18:13:03Z,26.660793,-77.118177,0.17,90.6,1,10,1.0
2024-03-27T18:13:08Z,26.660793,-77.118175,0.15,134.9,1,10,1.0
2024-03-27T18:13:13Z,26.660793,-77.118173,0.19,67.3,1,10,1.0
2024-03-27T18:13:18Z,26.660793,-77.118170,0.05,141.4,1,10,1.0
2024-03-27T18:13:28Z,26.660793,-77.118172,0.14,175.0,1,10,1.0
2024-03-27T18:13:33Z,26.660797,-77.118170,0.19,170.9,1,10,1.0
2024-03-27T18:13:38Z,26.660798,-77.118173,0.18,28.0,1,10,1.0
2024-03-27T18:13:43Z,26.660797,-77.118167,0.24,141.8,1,10,1.0
2024-03-27T18:13:48Z,26.660793,-77.118170,0.14,133.1,1,10,1.0
2024-03-27T18:13:53Z,26.660790,-77.118173,0.27,143.2,1,10,1.0
2024-03-27T18:13:58Z,26.660788,-77.118177,0.21,225.6,1,10,1.0
2024-03-27T18:14:03Z,26.660787,-77.118178,0.16,4.0,1,10,1.0
2024-03-27T18:14:08Z,26.660780,-77.118178,0.44,177.8,1,10,1.0
2024-03-27T18:14:13Z,26.660777,-77.118178,0.23,186.1,1,10,1.0
2024-03-27T18:14:18Z,26.660772,-77.118180,0.27,208.8,1,10,1.0
2024-03-27T18:14:23Z,26.660770,-77.118185,0.10,170.8,1,10,1.0
2024-03-27T18:14:28Z,26.660770,-77.118187,0.19,56.1,1,10,1.0
2024-03-27T18:14:38Z,26.660768,-77.118192,0.12,276.6,1,10,1.0
2024-03-27T18:14:43Z,26.660767,-77.118190,0.13,25.0,1,10,1.0
2024-03-27T18:14:48Z,26.660767,-77.118192,0.09,234.9,1,10,1.0
2024-03-27T18:14:53Z,26.660770,-77.118192,0.29,46.0,1,10,1.0
2024-03-27T18:14:58Z,26.660777,-77.118188,0.11,72.4,1,10,1.0
2024-03-27T18:15:03Z,26.660782,-77.118180,0.19,36.4,1,10,1.0
2024-03-27T18:15:13Z,26.660787,-77.118170,0.33,99.8,1,10,1.0
2024-03-27T18:15:18Z,26.660788,-77.118165,0.34,105.7,1,10,1.0
2024-03-27T18:15:23Z,26.660787,-77.118163,0.17,68.5,1,10,1.0
2024-03-27T18:15:28Z,26.660788,-77.118162,0.21,120.5,1,10,1.0
2024-03-27T18:15:33Z,26.660788,-77.118160,0.10,110.9,1,10,1.0
2024-03-27T18:15:38Z,26.660790,-77.118160,0.13,47.6,1,10,1.0
2024-03-27T18:15:43Z,26.660793,-77.118160,0.08,19.4,1,10,1.0
2024-03-27T18:15:48Z,26.660795,-77.118162,0.09,25.6,1,10,1.0
2024-03-27T18:15:53Z,26.660798,-77.118167,0.14,16.1,1,10,1.0
2024-03-27T18:15:58Z,26.660803,-77.118168,0.06,87.6,1,10,1.0
2024-03-27T18:16:03Z,26.660805,-77.118170,0.13,326.3,1,10,1.0
2024-03-27T18:16:08Z,26.660807,-77.118168,0.23,95.7,1,10,1.0
2024-03-27T18:16:13Z,26.660807,-77.118168,0.18,147.1,1,10,1.0
2024-03-27T18:16:23Z,26.660800,-77.118155,0.13,122.0,1,10,1.0
2024-03-27T18:16:28Z,26.660797,-77.118155,0.17,140.1,1,10,1.0
2024-03-27T18:16:33Z,26.660795,-77.118157,0.10,171.4,1,10,1.0
2024-03-27T18:16:38Z,26.660792,-77.118157,0.14,214.5,1,10,1.0
2024-03-27T18:16:43Z,26.660788,-77.118158,0.14,256.6,1,10,1.0
2024-03-27T18:16:48Z,26.660788,-77.118162,0.13,195.0,1,10,1.0
2024-03-27T18:16:58Z,26.660787,-77.118167,0.02,129.3,1,10,1.0
2024-03-27T18:17:03Z,26.660787,-77.118168,0.06,134.6,1,10,1.0
2024-03-27T18:17:08Z,26.660785,-77.118168,0.26,60.2,1,10,1.0
2024-03-27T18:17:13Z,26.660788,-77.118170,0.09,162.7,1,9,1.0
2024-03-27T18:17:18Z,26.660792,-77.118170,0.20,45.0,1,10,1.0
2024-03-27T18:17:23Z,26.660793,-77.118173,0.28,0.2,1,10,1.0
2024-03-27T18:17:33Z,26.660795,-77.118173,0.16,103.7,1,10,1.0
2024-03-27T18:17:38Z,26.660793,-77.118173,0.14,63.2,1,10,1.0
2024-03-27T18:17:43Z,26.660793,-77.118172,0.21,142.0,1,10,1.0
2024-03-27T18:17:48Z,26.660792,-77.118168,0.28,124.4,1,10,1.0
2024-03-27T18:17:53Z,26.660790,-77.118167,0.15,48.5,1,10,1.0
2024-03-27T18:17:58Z,26.660795,-77.118172,0.26,164.7,1,10,1.0
2024-03-27T18:18:03Z,26.660797,-77.118175,0.05,96.3,1,10,1.0
2024-03-27T18:18:08Z,26.660800,-77.118177,0.05,176.4,1,10,1.0
2024-03-27T18:18:13Z,26.660803,-77.118178,0.05,61.6,1,10,1.0
2024-03-27T18:18:18Z,26.660807,-77.118180,0.04,19.9,1,10,1.0
2024-03-27T18:18:23Z,26.660808,-77.118180,0.10,123.3,1,10,1.0
2024-03-27T18:18:28Z,26.660808,-77.118178,0.15,102.2,1,10,1.0
2024-03-27T18:18:33Z,26.660807,-77.118177,0.21,114.9,1,10,1.0
2024-03-27T18:18:43Z,26.660807,-77.118172,0.26,148.0,1,10,1.0
2024-03-27T18:18:48Z,26.660808,-77.118170,0.05,252.9,1,10,1.0
2024-03-27T18:18:53Z,26.660810,-77.118168,0.16,60.6,1,10,1.0
2024-03-27T18:18:58Z,26.660810,-77.118170,0.14,211.2,1,10,1.0
2024-03-27T18:19:03Z,26.660810,-77.118170,0.11,47.2,1,10,1.0
2024-03-27T18:19:08Z,26.660810,-77.118172,0.23,209.1,1,10,1.0
2024-03-27T18:19:18Z,26.660805,-77.118167,0.16,150.9,1,10,1.0
2024-03-27T18:19:23Z,26.660803,-77.118168,0.13,152.2,1,10,1.0
2024-03-27T18:19:28Z,26.660800,-77.118168,0.22,145.1,1,10,1.0
2024-03-27T18:19:33Z,26.660797,-77.118170,0.25,171.8,1,10,1.0
2024-03-27T18:19:38Z,26.660795,-77.118172,0.16,148.7,1,10,1.0
2024-03-27T18:19:43Z,26.660795,-77.118173,0.17,159.7,1,10,1.0
2024-03-27T18:19:48Z,26.660797,-77.118173,0.10,228.2,1,10,1.0
2024-03-27T18:19:53Z,26.660797,-77.118175,0.01,153.8,1,10,1.0
2024-03-27T18:19:58Z,26.660797,-77.118178,0.09,42.6,1,10,1.0
2024-03-27T18:20:03Z,26.660798,-77.118180,0.11,181.7,1,10,1.0
2024-03-27T18:20:08Z,26.660797,-77.118183,0.16,200.9,1,10,1.0
2024-03-27T18:20:13Z,26.660795,-77.118185,0.08,88.8,1,10,1.0
2024-03-27T18:20:18Z,26.660795,-77.118183,0.27,151.7,1,10,1.0
2024-03-27T18:20:28Z,26.660800,-77.118173,0.15,85.7,1,10,1.0
2024-03-27T18:20:33Z,26.660800,-77.118172,0.13,120.9,1,10,1.0
2024-03-27T18:20:38Z,26.660800,-77.118165,0.12,6.7,1,10,1.0
2024-03-27T18:20:43Z,26.660807,-77.118177,0.08,7.6,1,9,1.1
2024-03-27T18:20:48Z,26.660815,-77.118180,0.12,40.4,1,9,1.1
2024-03-27T18:20:53Z,26.660815,-77.118173,0.27,108.2,1,9,1.1
2024-03-27T18:21:03Z,26.660813,-77.118170,0.05,160.5,1,9,1.1
2024-03-27T18:21:08Z,26.660817,-77.118167,0.07,13.6,1,9,1.1
2024-03-27T18:21:13Z,26.660818,-77.118167,0.15,118.7,1,9,1.1
2024-03-27T18:21:18Z,26.660820,-77.118163,0.14,88.9,1,9,1.1
2024-03-27T18:21:23Z,26.660818,-77.118162,0.13,89.2,1,9,1.1
2024-03-27T18:21:28Z,26.660817,-77.118160,0.20,108.0,1,9,1.1
2024-03-27T18:21:38Z,26.660815,-77.118157,0.21,135.9,1,9,1.1
2024-03-27T18:21:43Z,26.660810,-77.118155,0.16,147.7,1,9,1.1
2024-03-27T18:21:48Z,26.660807,-77.118157,0.17,201.2,1,9,1.1
2024-03-27T18:21:53Z,26.660803,-77.118157,0.11,177.1,1,9,1.1
2024-03-27T18:21:58Z,26.660800,-77.118157,0.14,158.1,1,9,1.1
2024-03-27T18:22:03Z,26.660797,-77.118157,0.25,131.4,1,9,1.1
2024-03-27T18:22:08Z,26.660793,-77.118157,0.13,230.1,1,9,1.1
2024-03-27T18:22:13Z,26.660792,-77.118157,0.27,64.5,1,9,1.1
2024-03-27T18:22:18Z,26.660792,-77.118155,0.12,139.7,1,9,1.1
2024-03-27T18:22:23Z,26.660793,-77.118160,0.09,31.1,1,9,1.1
2024-03-27T18:22:28Z,26.660797,-77.118168,0.14,59.7,1,9,1.1
2024-03-27T18:22:33Z,26.660800,-77.118172,0.12,60.5,1,9,1.1
2024-03-27T18:22:38Z,26.660802,-77.118173,0.08,101.4,1,9,1.1
2024-03-27T18:22:48Z,26.660805,-77.118175,0.02,183.6,1,9,1.1
2024-03-27T18:22:53Z,26.660807,-77.118172,0.12,32.2,1,9,1.1
2024-03-27T18:22:58Z,26.660808,-77.118168,0.08,182.4,1,9,1.1
2024-03-27T18:23:03Z,26.660808,-77.118168,0.13,190.6,1,9,1.1
2024-03-27T18:23:08Z,26.660812,-77.118175,0.08,141.6,1,9,1.1
2024-03-27T18:23:13Z,26.660812,-77.118182,0.11,157.5,1,9,1.1
2024-03-27T18:23:23Z,26.660808,-77.118180,0.24,143.2,1,9,1.1
2024-03-27T18:23:28Z,26.660807,-77.118175,0.15,100.2,1,9,1.1
2024-03-27T18:23:33Z,26.660805,-77.118170,0.04,99.7,1,9,1.1
2024-03-27T18:23:38Z,26.660803,-77.118165,0.04,206.8,1,9,1.1
2024-03-27T18:23:43Z,26.660805,-77.118163,0.06,269.6,1,9,1.1
2024-03-27T18:23:48Z,26.660807,-77.118163,0.09,129.3,1,9,1.1
2024-03-27T18:23:58Z,26.660803,-77.118163,0.15,127.4,1,9,1.1
2024-03-27T18:24:03Z,26.660800,-77.118163,0.06,94.3,1,9,1.1
2024-03-27T18:24:08Z,26.660797,-77.118163,0.22,168.4,1,9,1.1
2024-03-27T18:24:13Z,26.660795,-77.118163,0.21,131.6,1,9,1.1
2024-03-27T18:24:18Z,26.660793,-77.118162,0.13,189.5,1,9,1.1
2024-03-27T18:24:23Z,26.660792,-77.118165,0.07,107.9,1,9,1.1
2024-03-27T18:24:33Z,26.660792,-77.118167,0.17,78.8,1,8,1.1
2024-03-27T18:24:38Z,26.660793,-77.118170,0.06,85.3,1,9,1.1
2024-03-27T18:24:43Z,26.660795,-77.118172,0.13,102.1,1,9,1.1
2024-03-27T18:24:48Z,26.660797,-77.118173,0.08,95.6,1,9,1.1
2024-03-27T18:24:53Z,26.660800,-77.118170,0.08,115.3,1,9,1.1
2024-03-27T18:24:58Z,26.660803,-77.118165,0.08,77.6,1,9,1.1
2024-03-27T18:25:08Z,26.660805,-77.118177,0.33,123.6,1,10,1.0
2024-03-27T18:25:13Z,26.660803,-77.118173,0.15,79.4,1,10,1.0
2024-03-27T18:25:18Z,26.660802,-77.118168,0.14,69.7,1,10,1.0
2024-03-27T18:25:23Z,26.660800,-77.118165,0.14,97.2,1,10,1.0
2024-03-27T18:25:28Z,26.660802,-77.118165,0.22,163.6,1,10,1.0
2024-03-27T18:25:33Z,26.660805,-77.118165,0.17,184.9,1,10,1.0
2024-03-27T18:25:43Z,26.660800,-77.118167,0.10,147.9,1,10,1.0
2024-03-27T18:25:48Z,26.660797,-77.118163,0.18,218.0,1,10,1.0
2024-03-27T18:25:53Z,26.660797,-77.118162,0.10,167.3,1,10,1.0
2024-03-27T18:25:58Z,26.660795,-77.118162,0.15,108.3,1,10,1.0
2024-03-27T18:26:03Z,26.660792,-77.118158,0.16,142.4,1,10,1.0
2024-03-27T18:26:08Z,26.660788,-77.118155,0.37,119.9,1,10,1.0
2024-03-27T18:26:18Z,26.660782,-77.118152,0.27,162.0,1,10,1.0
2024-03-27T18:26:23Z,26.660780,-77.118150,0.18,129.4,1,10,1.0
2024-03-27T18:26:28Z,26.660783,-77.118150,0.17,147.4,1,10,1.0
2024-03-27T18:26:33Z,26.660785,-77.118152,0.12,201.8,1,10,1.0
2024-03-27T18:26:38Z,26.660778,-77.118157,0.24,185.8,1,10,1.0
2024-03-27T18:26:43Z,26.660775,-77.118160,0.14,312.4,1,10,1.0
2024-03-27T18:26:48Z,26.660772,-77.118163,0.29,146.8,1,10,1.0
2024-03-27T18:26:53Z,26.660775,-77.118180,0.10,174.7,1,9,1.1
2024-03-27T18:26:58Z,26.660778,-77.118183,0.27,146.0,1,10,1.0
2024-03-27T18:27:03Z,26.660782,-77.118187,0.39,58.6,1,10,1.0
2024-03-27T18:27:08Z,26.660785,-77.118183,0.31,91.1,1,10,1.0
2024-03-27T18:27:13Z,26.660785,-77.118182,0.31,77.9,1,10,1.0
2024-03-27T18:27:18Z,26.660782,-77.118180,0.36,80.1,1,10,1.0
2024-03-27T18:27:28Z,26.660787,-77.118188,0.18,63.1,1,10,1.0
2024-03-27T18:27:33Z,26.660787,-77.118190,0.19,138.9,1,10,1.0
2024-03-27T18:27:38Z,26.660785,-77.118188,0.32,106.7,1,10,1.0
2024-03-27T18:27:43Z,26.660785,-77.118190,0.13,80.4,1,10,1.0
2024-03-27T18:27:48Z,26.660787,-77.118192,0.29,171.5,1,10,1.0
2024-03-27T18:27:53Z,26.660785,-77.118188,0.39,184.6,1,10,1.0
2024-03-27T18:28:03Z,26.660783,-77.118192,0.28,118.3,1,10,1.0
2024-03-27T18:28:08Z,26.660785,-77.118190,0.25,78.7,1,10,1.0
2024-03-27T18:28:13Z,26.660790,-77.118180,0.10,125.6,1,10,1.0
2024-03-27T18:28:18Z,26.660792,-77.118177,0.11,97.0,1,10,1.0
2024-03-27T18:28:23Z,26.660792,-77.118178,0.17,47.5,1,10,1.0
2024-03-27T18:28:28Z,26.660800,-77.118177,0.45,23.4,1,10,1.0
2024-03-27T18:28:38Z,26.660808,-77.118177,0.06,108.8,1,10,1.0
2024-03-27T18:28:43Z,26.660808,-77.118177,0.16,57.7,1,10,1.0
2024-03-27T18:28:48Z,26.660808,-77.118178,0.23,51.8,1,10,1.0
2024-03-27T18:28:53Z,26.660810,-77.118177,0.25,78.9,1,10,1.0
2024-03-27T18:28:58Z,26.660812,-77.118175,0.17,80.9,1,10,1.0
2024-03-27T18:29:03Z,26.660812,-77.118173,0.18,33.1,1,9,1.1
2024-03-27T18:29:13Z,26.660815,-77.118168,0.22,49.0,1,10,1.0
2024-03-27T18:29:18Z,26.660822,-77.118167,0.32,195.0,1,10,1.0
2024-03-27T18:29:23Z,26.660822,-77.118167,0.27,110.5,1,10,1.0
2024-03-27T18:29:28Z,26.660820,-77.118165,0.07,120.4,1,10,1.0
2024-03-27T18:29:33Z,26.660817,-77.118163,0.17,142.6,1,10,1.0
2024-03-27T18:29:38Z,26.660812,-77.118157,0.30,60.8,1,10,1.0
2024-03-27T18:29:48Z,26.660805,-77.118167,0.07,108.9,1,10,1.0
2024-03-27T18:29:53Z,26.660800,-77.118163,0.19,114.4,1,10,1.0
2024-03-27T18:29:58Z,26.660797,-77.118160,0.21,105.1,1,10,1.0
2024-03-27T18:30:03Z,26.660797,-77.118160,0.15,173.0,1,10,1.0
2024-03-27T18:30:08Z,26.660795,-77.118160,0.11,66.6,1,9,1.0
2024-03-27T18:30:13Z,26.660792,-77.118160,0.19,264.0,1,10,1.0
2024-03-27T18:30:18Z,26.660797,-77.118163,0.14,48.6,1,10,1.0
2024-03-27T18:30:23Z,26.660798,-77.118167,0.27,104.5,1,10,1.0
2024-03-27T18:30:28Z,26.660798,-77.118168,0.08,92.3,1,10,1.0
2024-03-27T18:30:33Z,26.660800,-77.118168,0.01,77.0,1,10,1.0
2024-03-27T18:30:38Z,26.660802,-77.118173,0.16,255.6,1,10,1.0
2024-03-27T18:30:43Z,26.660803,-77.118170,0.20,87.6,1,10,1.0
2024-03-27T18:30:48Z,26.660808,-77.118162,0.13,116.4,1,10,1.0
2024-03-27T18:30:58Z,26.660807,-77.118162,0.09,345.8,1,9,1.0
2024-03-27T18:31:03Z,26.660807,-77.118168,0.16,74.2,1,10,1.0
2024-03-27T18:31:08Z,26.660812,-77.118168,0.11,101.3,1,9,1.1
2024-03-27T18:31:13Z,26.660815,-77.118165,0.16,99.1,1,10,1.0
2024-03-27T18:31:18Z,26.660812,-77.118168,0.47,137.4,1,10,1.0
2024-03-27T18:31:23Z,26.660815,-77.118168,0.11,225.3,1,10,1.0
2024-03-27T18:31:28Z,26.660817,-77.118172,0.10,169.9,1,10,1.0
2024-03-27T18:31:33Z,26.660813,-77.118172,0.23,173.4,1,9,1.2
2024-03-27T18:31:38Z,26.660810,-77.118173,0.17,151.7,1,10,1.0
2024-03-27T18:31:43Z,26.660807,-77.118170,0.22,155.9,1,10,1.0
2024-03-27T18:31:48Z,26.660803,-77.118167,0.21,153.0,1,10,1.0
2024-03-27T18:31:53Z,26.660798,-77.118165,0.21,171.4,1,10,1.0
2024-03-27T18:31:58Z,26.660795,-77.118163,0.14,159.9,1,10,1.0
2024-03-27T18:32:08Z,26.660788,-77.118162,0.25,149.4,1,10,1.0
2024-03-27T18:32:13Z,26.660783,-77.118160,0.33,180.6,1,9,1.0
2024-03-27T18:32:18Z,26.660785,-77.118158,0.14,49.4,1,9,1.2
2024-03-27T18:32:23Z,26.660787,-77.118158,0.28,158.1,1,10,1.0
2024-03-27T18:32:28Z,26.660790,-77.118163,0.50,143.7,1,10,1.0
2024-03-27T18:32:33Z,26.660793,-77.118175,0.09,336.6,1,10,1.0
2024-03-27T18:32:43Z,26.660800,-77.118185,0.12,94.8,1,10,1.0
2024-03-27T18:32:48Z,26.660802,-77.118187,0.07,69.8,1,10,1.0
2024-03-27T18:32:53Z,26.660803,-77.118187,0.23,20.8,1,10,1.0
2024-03-27T18:32:58Z,26.660805,-77.118187,0.15,69.7,1,10,1.0
2024-03-27T18:33:03Z,26.660807,-77.118187,0.20,108.3,1,9,1.1
2024-03-27T18:33:08Z,26.660808,-77.118182,0.21,257.4,1,9,1.1
2024-03-27T18:33:18Z,26.660815,-77.118175,0.15,93.4,1,9,1.1
2024-03-27T18:33:23Z,26.660818,-77.118172,0.28,66.6,1,10,1.0
2024-03-27T18:33:28Z,26.660822,-77.118172,0.31,74.0,1,10,1.0
2024-03-27T18:33:33Z,26.660823,-77.118172,0.30,69.9,1,9,1.1
2024-03-27T18:33:38Z,26.660822,-77.118163,0.26,129.0,1,9,1.1
2024-03-27T18:33:43Z,26.660820,-77.118163,0.04,158.3,1,10,1.0
2024-03-27T18:33:53Z,26.660805,-77.118162,0.21,187.7,1,10,1.0
2024-03-27T18:33:58Z,26.660798,-77.118163,0.27,170.7,1,10,1.0
2024-03-27T18:34:03Z,26.660795,-77.118162,0.14,135.4,1,10,1.0
2024-03-27T18:34:08Z,26.660788,-77.118165,0.30,189.0,1,10,1.0
2024-03-27T18:34:13Z,26.660783,-77.118168,0.25,170.0,1,10,1.0
2024-03-27T18:34:18Z,26.660778,-77.118168,0.17,157.9,1,10,1.0
2024-03-27T18:34:23Z,26.660775,-77.118168,0.12,137.4,1,10,1.0
2024-03-27T18:34:28Z,26.660772,-77.118172,0.13,155.3,1,10,1.0
2024-03-27T18:34:33Z,26.660775,-77.118172,0.22,170.9,1,10,1.0
2024-03-27T18:34:38Z,26.660773,-77.118178,0.13,234.9,1,9,1.1
2024-03-27T18:34:43Z,26.660773,-77.118185,0.08,203.6,1,9,1.1
2024-03-27T18:34:48Z,26.660775,-77.118190,0.08,226.3,1,9,1.1
2024-03-27T18:34:53Z,26.660773,-77.118185,0.21,39.1,1,9,1.1
2024-03-27T18:35:03Z,26.660780,-77.118188,0.20,102.2,1,10,1.0
2024-03-27T18:35:08Z,26.660780,-77.118185,0.22,122.7,1,10,1.0
2024-03-27T18:35:13Z,26.660778,-77.118187,0.31,156.8,1,9,1.1
2024-03-27T18:35:18Z,26.660775,-77.118190,0.25,184.0,1,10,1.0
2024-03-27T18:35:23Z,26.660768,-77.118183,0.34,201.9,1,10,1.0
2024-03-27T18:35:33Z,26.660757,-77.118183,0.48,185.3,1,9,1.1
2024-03-27T18:35:38Z,26.660755,-77.118183,0.26,129.9,1,9,1.1
2024-03-27T18:35:43Z,26.660753,-77.118195,0.38,184.4,1,10,1.0
2024-03-27T18:35:48Z,26.660748,-77.118200,0.22,154.5,1,9,1.1
2024-03-27T18:35:53Z,26.660743,-77.118203,0.09,62.8,1,10,1.0
2024-03-27T18:36:03Z,26.660745,-77.118202,0.06,111.9,1,10,1.0
2024-03-27T18:36:08Z,26.660747,-77.118198,0.26,13.6,1,10,1.0
2024-03-27T18:36:13Z,26.660755,-77.118200,0.22,12.7,1,9,1.1
2024-03-27T18:36:18Z,26.660763,-77.118197,0.29,28.9,1,9,1.1
2024-03-27T18:36:23Z,26.660770,-77.118192,0.21,35.4,1,9,1.1
2024-03-27T18:36:33Z,26.660778,-77.118180,0.58,116.9,1,9,1.1
2024-03-27T18:36:38Z,26.660773,-77.118162,0.80,138.5,1,10,1.0
2024-03-27T18:36:43Z,26.660755,-77.118147,0.92,134.4,1,10,1.0
2024-03-27T18:36:48Z,26.660740,-77.118138,0.95,140.1,1,10,1.0
2024-03-27T18:36:53Z,26.660727,-77.118123,0.85,133.6,1,10,1.0
2024-03-27T18:36:58Z,26.660710,-77.118102,0.98,131.1,1,10,1.0
2024-03-27T18:37:03Z,26.660697,-77.118085,0.72,148.8,1,10,1.0
2024-03-27T18:37:08Z,26.660687,-77.118073,0.54,124.2,1,10,1.0
2024-03-27T18:37:13Z,26.660680,-77.118065,0.56,119.4,1,9,1.1
2024-03-27T18:37:18Z,26.660682,-77.118055,0.48,82.6,1,9,1.1
2024-03-27T18:37:23Z,26.660688,-77.118053,0.72,53.0,1,9,1.1
2024-03-27T18:37:33Z,26.660707,-77.118030,1.15,77.7,1,10,1.0
2024-03-27T18:37:38Z,26.660713,-77.118007,1.16,69.3,1,10,1.0
2024-03-27T18:37:43Z,26.660717,-77.117983,0.87,104.8,1,10,1.0
2024-03-27T18:37:48Z,26.660718,-77.117963,0.85,97.7,1,9,1.1
2024-03-27T18:37:53Z,26.660722,-77.117953,0.69,102.8,1,10,1.0
2024-03-27T18:38:03Z,26.660717,-77.117942,0.26,164.0,1,10,1.0
2024-03-27T18:38:08Z,26.660708,-77.117937,0.44,189.7,1,10,1.0
2024-03-27T18:38:13Z,26.660702,-77.117950,0.63,242.8,1,10,1.0
2024-03-27T18:38:18Z,26.660695,-77.117963,0.70,246.2,1,10,1.0
2024-03-27T18:38:23Z,26.660687,-77.117982,0.88,240.2,1,10,1.0
2024-03-27T18:38:28Z,26.660678,-77.118007,1.20,242.4,1,10,1.0
2024-03-27T18:38:38Z,26.660647,-77.118062,1.14,229.3,1,10,1.0
2024-03-27T18:38:43Z,26.660623,-77.118087,1.24,226.8,1,10,1.0
2024-03-27T18:38:48Z,26.660603,-77.118110,1.27,229.0,1,10,1.0
2024-03-27T18:38:53Z,26.660588,-77.118133,1.21,221.2,1,10,1.0
2024-03-27T18:38:58Z,26.660567,-77.118157,1.22,203.9,1,10,1.0
2024-03-27T18:39:08Z,26.660515,-77.118202,1.32,214.9,1,10,1.0
2024-03-27T18:39:13Z,26.660488,-77.118225,1.52,212.3,1,10,1.0
2024-03-27T18:39:18Z,26.660460,-77.118247,1.44,208.9,1,10,1.0
2024-03-27T18:39:23Z,26.660428,-77.118268,1.63,206.3,1,10,1.0
2024-03-27T18:39:28Z,26.660393,-77.118288,1.72,207.7,1,10,1.0
2024-03-27T18:39:33Z,26.660355,-77.118312,1.74,204.8,1,10,1.0
2024-03-27T18:39:38Z,26.660315,-77.118332,1.82,204.3,1,10,1.0
2024-03-27T18:39:43Z,26.660277,-77.118358,2.17,203.3,1,10,1.0
2024-03-27T18:39:48Z,26.660235,-77.118385,2.09,209.1,1,10,1.0
2024-03-27T18:39:53Z,26.660190,-77.118417,2.39,209.3,1,10,1.0
2024-03-27T18:39:58Z,26.660137,-77.118457,2.84,214.2,1,10,1.0
2024-03-27T18:40:03Z,26.660082,-77.118502,2.85,212.8,1,10,1.0
2024-03-27T18:40:08Z,26.660023,-77.118553,3.24,220.0,1,10,1.0
2024-03-27T18:40:18Z,26.659892,-77.118668,3.61,218.7,1,10,1.0
2024-03-27T18:40:23Z,26.659823,-77.118733,3.83,221.6,1,10,1.0
2024-03-27T18:40:28Z,26.659753,-77.118800,3.84,222.0,1,10,1.0
2024-03-27T18:40:33Z,26.659688,-77.118872,4.10,221.4,1,10,1.0
2024-03-27T18:40:38Z,26.659613,-77.118945,4.10,220.6,1,10,1.0
2024-03-27T18:40:43Z,26.659540,-77.119017,3.99,220.7,1,10,1.0
2024-03-27T18:40:53Z,26.659393,-77.119155,4.11,215.8,1,10,1.0
2024-03-27T18:40:58Z,26.659323,-77.119228,3.99,220.0,1,10,1.0
2024-03-27T18:41:03Z,26.659253,-77.119298,3.81,222.4,1,10,1.0
2024-03-27T18:41:08Z,26.659182,-77.119357,3.92,216.3,1,10,1.0
2024-03-27T18:41:13Z,26.659110,-77.119417,4.08,219.2,1,10,1.0
2024-03-27T18:41:18Z,26.659035,-77.119478,4.10,215.7,1,10,1.0
2024-03-27T18:41:28Z,26.658887,-77.119608,4.36,212.9,1,10,1.0
2024-03-27T18:41:33Z,26.658808,-77.119672,4.36,213.0,1,10,1.0
2024-03-27T18:41:38Z,26.658727,-77.119738,4.42,210.8,1,10,1.0
2024-03-27T18:41:43Z,26.658643,-77.119807,4.32,212.6,1,10,1.0
2024-03-27T18:41:48Z,26.658563,-77.119873,4.38,213.0,1,10,1.0
2024-03-27T18:41:53Z,26.658477,-77.119940,4.53,210.1,2,10,1.0
2024-03-27T18:42:03Z,26.658290,-77.120060,4.76,206.5,2,10,1.0
2024-03-27T18:42:08Z,26.658195,-77.120113,4.83,208.4,2,10,1.0
2024-03-27T18:42:13Z,26.658097,-77.120173,5.02,208.7,2,10,1.0
2024-03-27T18:42:18Z,26.657995,-77.120243,4.84,209.1,2,10,1.0
2024-03-27T18:42:23Z,26.657895,-77.120307,4.70,206.5,2,10,1.0
2024-03-27T18:42:28Z,26.657790,-77.120363,4.60,204.0,2,10,1.0
2024-03-27T18:42:33Z,26.657690,-77.120417,4.79,203.3,2,10,1.0
2024-03-27T18:42:43Z,26.657493,-77.120522,4.50,205.1,2,10,1.0
2024-03-27T18:42:48Z,26.657393,-77.120577,4.69,205.3,2,10,1.0
2024-03-27T18:42:53Z,26.657293,-77.120633,4.82,206.3,2,10,1.0
2024-03-27T18:42:58Z,26.657187,-77.120692,4.81,205.4,2,10,1.0
2024-03-27T18:43:03Z,26.657085,-77.120745,4.90,203.6,2,10,1.0
2024-03-27T18:43:08Z,26.656980,-77.120800,5.19,203.7,2,10,1.0
2024-03-27T18:43:13Z,26.656872,-77.120858,5.28,205.9,2,10,1.0
2024-03-27T18:43:18Z,26.656767,-77.120920,5.11,205.2,2,10,1.0
2024-03-27T18:43:23Z,26.656663,-77.120972,4.96,207.3,2,10,1.0
2024-03-27T18:43:28Z,26.656568,-77.121038,4.85,211.1,2,10,1.0
2024-03-27T18:43:33Z,26.656468,-77.121107,5.04,208.9,2,10,1.0
2024-03-27T18:43:38Z,26.656365,-77.121168,5.01,208.0,2,10,1.0
2024-03-27T18:43:43Z,26.656263,-77.121228,4.94,207.9,2,10,1.0
2024-03-27T18:43:48Z,26.656167,-77.121292,4.97,210.0,2,10,1.0
2024-03-27T18:43:53Z,26.656072,-77.121362,4.86,208.4,2,10,1.0
2024-03-27T18:43:58Z,26.655972,-77.121427,5.09,208.1,2,10,1.0
2024-03-27T18:44:03Z,26.655872,-77.121487,4.93,209.2,2,10,1.0
2024-03-27T18:44:08Z,26.655772,-77.121545,4.92,209.3,2,10,1.0
2024-03-27T18:44:13Z,26.655672,-77.121610,4.99,204.0,2,10,1.0
2024-03-27T18:44:18Z,26.655580,-77.121680,4.54,205.1,2,10,1.0
2024-03-27T18:44:23Z,26.655487,-77.121742,4.78,207.4,2,10,1.0
2024-03-27T18:44:33Z,26.655292,-77.121865,4.81,208.3,2,10,1.0
2024-03-27T18:44:38Z,26.655193,-77.121927,4.76,206.2,2,10,1.0
2024-03-27T18:44:43Z,26.655092,-77.121988,4.72,205.1,2,10,1.0
2024-03-27T18:44:48Z,26.654987,-77.122045,4.87,206.4,2,10,1.0
2024-03-27T18:44:53Z,26.654882,-77.122102,5.04,205.5,2,10,1.0
2024-03-27T18:44:58Z,26.654777,-77.122162,5.04,206.9,2,10,1.0
2024-03-27T18:45:03Z,26.654673,-77.122230,5.10,208.5,2,10,1.0
2024-03-27T18:45:13Z,26.654473,-77.122353,4.84,205.6,2,10,1.0
2024-03-27T18:45:18Z,26.654372,-77.122412,4.66,205.0,2,10,1.0
2024-03-27T18:45:23Z,26.654270,-77.122463,4.85,206.5,2,10,1.0
2024-03-27T18:45:28Z,26.654175,-77.122522,4.66,207.0,2,10,1.0
2024-03-27T18:45:33Z,26.654078,-77.122583,4.73,208.5,2,10,1.0
2024-03-27T18:45:38Z,26.653987,-77.122647,4.79,209.9,2,10,1.0
2024-03-27T18:45:43Z,26.653890,-77.122712,4.97,207.1,2,10,1.0
2024-03-27T18:45:53Z,26.653677,-77.122842,5.21,206.5,2,10,1.0
2024-03-27T18:45:58Z,26.653562,-77.122907,5.46,205.6,2,10,1.0
2024-03-27T18:46:03Z,26.653450,-77.122967,5.25,204.9,2,10,1.0
2024-03-27T18:46:08Z,26.653340,-77.123025,5.26,202.0,2,10,1.0
2024-03-27T18:46:13Z,26.653233,-77.123085,5.32,207.9,2,10,1.0
2024-03-27T18:46:18Z,26.653127,-77.123148,5.34,207.6,2,10,1.0
2024-03-27T18:46:23Z,26.653022,-77.123210,5.36,206.9,2,10,1.0
2024-03-27T18:46:28Z,26.652915,-77.123267,5.22,205.2,2,10,1.0
2024-03-27T18:46:33Z,26.652805,-77.123328,5.25,205.4,2,10,1.0
2024-03-27T18:46:38Z,26.652698,-77.123390,5.31,205.8,2,10,1.0
2024-03-27T18:46:43Z,26.652593,-77.123453,5.25,205.0,2,10,1.0
2024-03-27T18:46:48Z,26.652483,-77.123515,5.33,206.1,2,10,1.0
2024-03-27T18:46:53Z,26.652372,-77.123582,5.40,205.5,2,10,1.0
2024-03-27T18:46:58Z,26.652258,-77.123642,5.44,203.9,2,10,1.0
2024-03-27T18:47:08Z,26.652030,-77.123762,5.57,205.7,1,10,1.0
2024-03-27T18:47:13Z,26.651913,-77.123822,5.63,204.2,1,10,1.0
2024-03-27T18:47:18Z,26.651797,-77.123880,5.69,203.6,1,10,1.0
2024-03-27T18:47:23Z,26.651680,-77.123938,5.68,203.3,1,10,1.0
2024-03-27T18:47:28Z,26.651563,-77.123997,5.51,203.0,1,10,1.0
2024-03-27T18:47:33Z,26.651447,-77.124058,5.51,203.0,1,10,1.0
2024-03-27T18:47:43Z,26.651215,-77.124175,5.42,203.9,1,10,1.0
2024-03-27T18:47:48Z,26.651103,-77.124232,5.25,202.8,1,10,1.0
2024-03-27T18:47:53Z,26.650995,-77.124293,5.26,207.3,1,10,1.0
2024-03-27T18:47:58Z,26.650885,-77.124355,5.19,206.1,2,10,1.0
2024-03-27T18:48:03Z,26.650778,-77.124413,5.32,207.1,2,10,1.0
2024-03-27T18:48:08Z,26.650670,-77.124475,5.07,204.8,2,10,1.0
2024-03-27T18:48:18Z,26.650458,-77.124595,4.90,205.6,2,10,1.0
2024-03-27T18:48:23Z,26.650360,-77.124662,4.81,206.7,2,10,1.0
2024-03-27T18:48:28Z,26.650262,-77.124732,5.00,208.7,2,10,1.0
2024-03-27T18:48:33Z,26.650162,-77.124800,5.32,209.9,2,10,1.0
2024-03-27T18:48:38Z,26.650057,-77.124863,5.14,206.4,2,10,1.0
2024-03-27T18:48:43Z,26.649952,-77.124923,4.94,204.9,2,10,1.0
2024-03-27T18:48:48Z,26.649848,-77.124980,4.97,206.1,2,10,1.0
2024-03-27T18:48:53Z,26.649743,-77.125032,5.06,206.4,2,10,1.0
2024-03-27T18:48:58Z,26.649637,-77.125097,5.01,206.5,2,10,1.0
2024-03-27T18:49:03Z,26.649535,-77.125152,4.92,205.8,2,10,1.0
2024-03-27T18:49:08Z,26.649433,-77.125210,5.02,206.5,2,10,1.0
2024-03-27T18:49:13Z,26.649332,-77.125273,4.99,207.5,2,10,1.0
2024-03-27T18:49:18Z,26.649228,-77.125335,5.04,206.3,2,10,1.0
2024-03-27T18:49:23Z,26.649127,-77.125392,4.83,206.2,2,10,1.0
2024-03-27T18:49:33Z,26.648933,-77.125497,4.84,206.6,2,10,1.0
2024-03-27T18:49:38Z,26.648842,-77.125560,4.71,205.8,2,10,1.0
2024-03-27T18:49:43Z,26.648745,-77.125618,4.93,207.1,1,10,1.0
2024-03-27T18:49:48Z,26.648645,-77.125668,4.80,205.2,1,10,1.0
2024-03-27T18:49:53Z,26.648543,-77.125723,5.02,207.3,1,10,1.0
2024-03-27T18:49:58Z,26.648438,-77.125783,5.06,206.9,2,10,1.0
2024-03-27T18:50:03Z,26.648333,-77.125843,5.11,206.5,2,10,1.0
2024-03-27T18:50:08Z,26.648223,-77.125903,4.93,201.1,2,10,1.0
2024-03-27T18:50:13Z,26.648112,-77.125945,5.16,194.3,2,10,1.0
2024-03-27T18:50:18Z,26.647993,-77.125988,5.12,191.9,2,10,1.0
2024-03-27T18:50:23Z,26.647877,-77.126017,5.16,189.1,2,10,1.0
2024-03-27T18:50:28Z,26.647748,-77.126032,5.19,188.9,2,10,1.0
2024-03-27T18:50:33Z,26.647635,-77.126050,5.20,185.1,1,10,1.0
2024-03-27T18:50:43Z,26.647410,-77.126078,5.31,186.1,1,10,1.0
2024-03-27T18:50:48Z,26.647295,-77.126093,5.17,186.6,1,10,1.0
2024-03-27T18:50:53Z,26.647177,-77.126105,5.33,184.0,1,10,1.0
2024-03-27T18:50:58Z,26.647052,-77.126118,5.27,187.1,1,10,1.0
2024-03-27T18:51:03Z,26.646928,-77.126137,5.21,185.5,1,10,1.0
2024-03-27T18:51:08Z,26.646812,-77.126157,5.03,188.5,1,10,1.0
2024-03-27T18:51:13Z,26.646695,-77.126173,5.09,187.1,1,10,1.0
2024-03-27T18:51:18Z,26.646578,-77.126193,5.11,186.0,1,10,1.0
2024-03-27T18:51:23Z,26.646462,-77.126213,5.18,183.8,2,10,1.0
2024-03-27T18:51:28Z,26.646345,-77.126232,4.87,185.6,2,10,1.0
2024-03-27T18:51:33Z,26.646230,-77.126252,5.12,185.7,2,10,1.0
2024-03-27T18:51:38Z,26.646115,-77.126267,5.15,183.6,2,10,1.0
2024-03-27T18:51:43Z,26.645997,-77.126283,4.88,183.9,2,10,1.0
2024-03-27T18:51:48Z,26.645885,-77.126297,4.96,181.7,2,10,1.0
2024-03-27T18:51:53Z,26.645773,-77.126312,4.83,188.1,2,10,1.0
2024-03-27T18:51:58Z,26.645663,-77.126327,4.80,187.4,2,10,1.0
2024-03-27T18:52:03Z,26.645550,-77.126345,5.17,189.0,2,10,1.0
2024-03-27T18:52:08Z,26.645433,-77.126365,5.02,187.2,2,10,1.0
2024-03-27T18:52:13Z,26.645322,-77.126382,5.00,187.1,2,10,1.0
2024-03-27T18:52:18Z,26.645203,-77.126398,5.28,187.5,2,10,1.0
2024-03-27T18:52:28Z,26.644970,-77.126427,4.91,185.2,2,10,1.0
2024-03-27T18:52:33Z,26.644862,-77.126440,4.84,181.3,2,10,1.0
2024-03-27T18:52:38Z,26.644750,-77.126453,4.79,188.1,1,9,1.2
2024-03-27T18:52:43Z,26.644642,-77.126463,4.89,189.3,1,10,1.0
2024-03-27T18:52:48Z,26.644537,-77.126470,4.60,187.2,1,10,1.0
2024-03-27T18:52:53Z,26.644433,-77.126478,4.54,184.5,1,10,1.0
2024-03-27T18:52:58Z,26.644327,-77.126487,4.80,185.3,1,10,1.0
2024-03-27T18:53:03Z,26.644222,-77.126498,4.47,188.3,1,10,1.0
2024-03-27T18:53:08Z,26.644117,-77.126507,5.00,180.4,1,10,1.0
2024-03-27T18:53:13Z,26.644008,-77.126520,4.78,188.4,1,10,1.0
2024-03-27T18:53:18Z,26.643898,-77.126533,4.98,183.2,1,10,1.0
2024-03-27T18:53:23Z,26.643788,-77.126548,4.80,186.6,1,10,1.0
2024-03-27T18:53:28Z,26.643677,-77.126558,4.80,186.4,1,10,1.0
2024-03-27T18:53:38Z,26.643453,-77.126588,4.58,187.5,2,10,1.0
2024-03-27T18:53:43Z,26.643340,-77.126602,4.90,183.8,2,10,1.0
2024-03-27T18:53:48Z,26.643225,-77.126625,4.75,187.8,2,10,1.0
2024-03-27T18:53:53Z,26.643115,-77.126643,4.78,187.7,2,10,1.0
2024-03-27T18:53:58Z,26.643007,-77.126665,4.77,186.9,2,10,1.0
2024-03-27T18:54:03Z,26.642895,-77.126677,4.79,188.7,2,10,1.0
2024-03-27T18:54:08Z,26.642788,-77.126693,4.56,184.9,2,9,1.1
2024-03-27T18:54:13Z,26.642678,-77.126712,4.89,188.6,2,9,1.1
2024-03-27T18:54:18Z,26.642568,-77.126728,4.50,185.6,2,9,1.1
2024-03-27T18:54:23Z,26.642467,-77.126747,4.57,189.1,2,9,1.1
2024-03-27T18:54:28Z,26.642363,-77.126765,4.72,186.1,2,9,1.1
2024-03-27T18:54:33Z,26.642252,-77.126783,5.21,186.0,2,9,1.1
2024-03-27T18:54:38Z,26.642133,-77.126797,5.13,185.7,2,9,1.1
2024-03-27T18:54:48Z,26.641893,-77.126813,5.24,184.8,1,9,1.1
2024-03-27T18:54:53Z,26.641778,-77.126822,4.92,185.6,1,8,1.4
2024-03-27T18:54:58Z,26.641673,-77.126833,5.10,188.7,1,9,1.1
2024-03-27T18:55:03Z,26.641560,-77.126842,5.38,183.5,1,9,1.1
2024-03-27T18:55:08Z,26.641445,-77.126853,4.96,186.9,2,9,1.1
2024-03-27T18:55:13Z,26.641323,-77.126867,5.09,186.6,2,9,1.1
2024-03-27T18:55:18Z,26.641212,-77.126878,5.04,183.0,2,9,1.1
2024-03-27T18:55:23Z,26.641102,-77.126892,4.85,188.1,2,9,1.1
2024-03-27T18:55:28Z,26.640990,-77.126913,5.11,189.2,2,9,1.1
2024-03-27T18:55:33Z,26.640875,-77.126935,5.02,189.0,2,9,1.1
2024-03-27T18:55:38Z,26.640758,-77.126955,5.05,188.0,2,9,1.1
2024-03-27T18:55:43Z,26.640642,-77.126972,4.99,189.9,2,9,1.1
2024-03-27T18:55:48Z,26.640522,-77.126995,5.07,192.1,2,9,1.1
2024-03-27T18:55:58Z,26.640287,-77.127040,4.86,188.3,1,9,1.1
2024-03-27T18:56:03Z,26.640167,-77.127060,4.85,188.6,1,9,1.1
2024-03-27T18:56:08Z,26.640052,-77.127078,5.37,186.6,1,9,1.1
2024-03-27T18:56:13Z,26.639933,-77.127095,5.35,186.9,1,9,1.1
2024-03-27T18:56:18Z,26.639813,-77.127112,5.53,184.8,1,9,1.1
2024-03-27T18:56:23Z,26.639693,-77.127133,4.98,188.1,1,9,1.1
2024-03-27T18:56:33Z,26.639452,-77.127160,5.30,185.6,1,9,1.1
2024-03-27T18:56:38Z,26.639328,-77.127168,5.29,185.3,1,9,1.1
2024-03-27T18:56:43Z,26.639202,-77.127182,5.38,182.6,1,9,1.1
2024-03-27T18:56:48Z,26.639080,-77.127195,5.12,180.7,1,9,1.1
2024-03-27T18:56:53Z,26.638963,-77.127202,5.30,184.8,1,9,1.1
2024-03-27T18:57:03Z,26.638730,-77.127228,5.08,181.4,1,9,1.1
2024-03-27T18:57:08Z,26.638613,-77.127242,5.15,183.5,1,9,1.1
2024-03-27T18:57:13Z,26.638497,-77.127255,5.10,187.0,1,9,1.1
2024-03-27T18:57:18Z,26.638383,-77.127275,5.08,187.5,1,9,1.1
2024-03-27T18:57:23Z,26.638268,-77.127290,5.27,184.0,1,9,1.1
2024-03-27T18:57:28Z,26.638148,-77.127295,5.21,183.3,1,9,1.1
2024-03-27T18:57:38Z,26.637920,-77.127343,5.20,187.6,1,9,1.1
2024-03-27T18:57:43Z,26.637800,-77.127358,5.50,185.3,1,9,1.1
2024-03-27T18:57:48Z,26.637678,-77.127373,5.30,185.9,1,9,1.1
2024-03-27T18:57:53Z,26.637557,-77.127390,5.53,183.1,1,9,1.1
2024-03-27T18:57:58Z,26.637442,-77.127407,5.35,184.5,1,8,1.4
2024-03-27T18:58:08Z,26.637207,-77.127448,5.51,185.4,1,9,1.1
2024-03-27T18:58:13Z,26.637088,-77.127460,5.58,183.0,1,9,1.1
2024-03-27T18:58:18Z,26.636962,-77.127478,5.82,185.0,1,9,1.1
2024-03-27T18:58:23Z,26.636835,-77.127490,5.33,184.1,1,9,1.1
2024-03-27T18:58:28Z,26.636713,-77.127497,5.48,182.1,1,9,1.1
2024-03-27T18:58:38Z,26.636470,-77.127537,5.36,185.3,1,9,1.1
2024-03-27T18:58:43Z,26.636350,-77.127548,5.20,181.9,1,9,1.1
2024-03-27T18:58:48Z,26.636233,-77.127562,5.04,185.5,1,9,1.1
2024-03-27T18:58:53Z,26.636115,-77.127590,5.18,187.8,1,9,1.1
2024-03-27T18:58:58Z,26.635995,-77.127607,5.22,186.5,1,9,1.1
2024-03-27T18:59:08Z,26.635767,-77.127632,4.86,186.1,1,9,1.1
2024-03-27T18:59:13Z,26.635652,-77.127647,4.98,186.7,1,9,1.1
2024-03-27T18:59:18Z,26.635537,-77.127662,4.95,186.7,1,9,1.1
2024-03-27T18:59:23Z,26.635422,-77.127677,5.13,185.7,1,9,1.1
2024-03-27T18:59:28Z,26.635303,-77.127692,5.00,187.8,1,9,1.1
2024-03-27T18:59:38Z,26.635062,-77.127722,5.57,180.8,1,9,1.1
2024-03-27T18:59:43Z,26.634937,-77.127730,5.20,180.6,1,9,1.1
2024-03-27T18:59:48Z,26.634817,-77.127743,5.07,183.0,1,9,1.1
2024-03-27T18:59:53Z,26.634698,-77.127750,5.30,181.2,1,9,1.1
2024-03-27T18:59:58Z,26.634582,-77.127757,5.09,180.3,1,9,1.1
2024-03-27T19:00:08Z,26.634368,-77.127780,4.51,185.7,1,9,1.1
2024-03-27T19:00:13Z,26.634267,-77.127795,4.36,188.2,1,9,1.1
2024-03-27T19:00:18Z,26.634167,-77.127807,4.43,187.0,1,9,1.1
2024-03-27T19:00:23Z,26.634065,-77.127828,4.54,191.1,1,9,1.1
2024-03-27T19:00:28Z,26.633962,-77.127857,4.68,186.0,1,9,1.1
2024-03-27T19:00:38Z,26.633742,-77.127900,4.80,188.1,1,9,1.1
2024-03-27T19:00:43Z,26.633628,-77.127913,5.02,184.8,1,9,1.1
2024-03-27T19:00:48Z,26.633510,-77.127932,5.12,187.4,2,9,1.1
2024-03-27T19:00:53Z,26.633393,-77.127952,4.95,186.1,2,9,1.1
2024-03-27T19:00:58Z,26.633280,-77.127970,4.88,186.9,2,9,1.1
2024-03-27T19:01:03Z,26.633175,-77.127985,4.65,181.9,2,9,1.1
2024-03-27T19:01:13Z,26.632967,-77.128018,4.46,186.3,2,9,1.1
2024-03-27T19:01:18Z,26.632865,-77.128032,4.43,183.9,1,9,1.1
2024-03-27T19:01:23Z,26.632770,-77.128060,4.38,186.8,1,9,1.1
2024-03-27T19:01:28Z,26.632672,-77.128075,4.36,186.4,1,9,1.1
2024-03-27T19:01:33Z,26.632573,-77.128093,4.35,186.8,1,9,1.1
2024-03-27T19:01:38Z,26.632472,-77.128110,4.37,188.1,1,9,1.1
2024-03-27T19:01:43Z,26.632370,-77.128130,4.62,190.1,1,9,1.1
2024-03-27T19:01:48Z,26.632270,-77.128155,4.59,191.8,1,9,1.1
2024-03-27T19:01:53Z,26.632168,-77.128177,4.72,190.6,1,9,1.1
2024-03-27T19:01:58Z,26.632063,-77.128198,4.69,186.9,1,9,1.1
2024-03-27T19:02:03Z,26.631955,-77.128218,4.77,186.4,1,9,1.1
2024-03-27T19:02:08Z,26.631850,-77.128225,4.16,175.7,1,9,1.1
2024-03-27T19:02:13Z,26.631752,-77.128225,4.36,184.9,1,9,1.1
2024-03-27T19:02:23Z,26.631555,-77.128260,4.44,187.1,1,9,1.1
2024-03-27T19:02:28Z,26.631458,-77.128277,4.44,186.3,1,9,1.1
2024-03-27T19:02:33Z,26.631360,-77.128293,4.39,187.3,1,9,1.1
2024-03-27T19:02:38Z,26.631257,-77.128323,4.59,186.5,1,9,1.1
2024-03-27T19:02:43Z,26.631155,-77.128343,4.42,184.7,1,9,1.1
2024-03-27T19:02:48Z,26.631053,-77.128355,4.45,187.9,1,9,1.1
2024-03-27T19:02:53Z,26.630953,-77.128365,4.46,183.1,1,9,1.1
2024-03-27T19:02:58Z,26.630855,-77.128378,4.44,184.0,1,9,1.1
2024-03-27T19:03:03Z,26.630757,-77.128393,4.18,185.3,1,9,1.1
2024-03-27T19:03:08Z,26.630658,-77.128412,4.34,184.4,1,9,1.1
2024-03-27T19:03:13Z,26.630563,-77.128432,3.96,185.9,1,9,1.1
2024-03-27T19:03:18Z,26.630475,-77.128452,4.28,186.0,1,9,1.1
2024-03-27T19:03:23Z,26.630382,-77.128470,4.21,185.8,1,9,1.1
2024-03-27T19:03:28Z,26.630287,-77.128492,4.36,193.5,1,9,1.1
2024-03-27T19:03:33Z,26.630187,-77.128515,4.55,187.3,1,9,1.1
2024-03-27T19:03:38Z,26.630083,-77.128532,4.55,185.4,1,9,1.1
2024-03-27T19:03:43Z,26.629982,-77.128550,4.43,186.2,1,9,1.1
2024-03-27T19:03:53Z,26.629770,-77.128583,4.57,190.6,1,9,1.1
2024-03-27T19:03:58Z,26.629660,-77.128598,4.83,185.6,1,9,1.1
2024-03-27T19:04:03Z,26.629555,-77.128610,4.58,189.5,1,9,1.1
2024-03-27T19:04:08Z,26.629450,-77.128622,4.61,187.0,1,8,1.2
2024-03-27T19:04:13Z,26.629345,-77.128643,4.99,181.8,1,8,1.2
2024-03-27T19:04:23Z,26.629125,-77.128665,4.89,181.5,1,8,1.2
2024-03-27T19:04:28Z,26.629020,-77.128665,4.66,182.1,1,8,1.2
2024-03-27T19:04:33Z,26.628915,-77.128670,4.56,181.2,1,8,1.2
2024-03-27T19:04:38Z,26.628815,-77.128678,4.44,181.9,1,8,1.2
2024-03-27T19:04:43Z,26.628713,-77.128695,4.61,187.1,1,8,1.2
2024-03-27T19:04:53Z,26.628500,-77.128735,4.73,185.7,1,8,1.2
2024-03-27T19:04:58Z,26.628397,-77.128758,4.67,190.4,1,8,1.2
2024-03-27T19:05:03Z,26.628290,-77.128777,4.74,186.7,1,8,1.2
2024-03-27T19:05:08Z,26.628185,-77.128793,4.56,182.9,1,7,1.6
2024-03-27T19:05:13Z,26.628087,-77.128805,4.19,184.5,1,8,1.2
2024-03-27T19:05:23Z,26.627898,-77.128827,4.13,185.5,1,7,1.6
2024-03-27T19:05:28Z,26.627803,-77.128847,4.33,188.8,1,7,1.6
2024-03-27T19:05:33Z,26.627708,-77.128868,4.30,188.6,1,8,1.2
2024-03-27T19:05:38Z,26.627608,-77.128892,4.56,190.3,1,8,1.2
2024-03-27T19:05:43Z,26.627503,-77.128915,4.66,189.5,1,8,1.2
2024-03-27T19:05:53Z,26.627293,-77.128955,4.64,182.6,1,8,1.2
2024-03-27T19:05:58Z,26.627190,-77.128967,4.51,183.8,1,8,1.2
2024-03-27T19:06:03Z,26.627087,-77.128983,4.42,180.1,1,8,1.2
2024-03-27T19:06:08Z,26.626987,-77.128990,4.38,186.8,1,8,1.2
2024-03-27T19:06:13Z,26.626887,-77.129007,4.33,187.3,1,8,1.2
2024-03-27T19:06:18Z,26.626787,-77.129020,4.33,186.1,1,8,1.2
2024-03-27T19:06:28Z,26.626583,-77.129045,4.33,185.1,1,8,1.2
2024-03-27T19:06:33Z,26.626483,-77.129053,4.31,186.4,1,8,1.2
2024-03-27T19:06:38Z,26.626387,-77.129065,4.05,184.4,1,8,1.2
2024-03-27T19:06:43Z,26.626290,-77.129080,4.10,188.9,1,8,1.2
2024-03-27T19:06:48Z,26.626195,-77.129095,4.18,189.5,1,8,1.2
2024-03-27T19:06:53Z,26.626098,-77.129113,4.33,189.9,1,8,1.2
2024-03-27T19:07:03Z,26.625903,-77.129150,4.27,186.5,1,8,1.2
2024-03-27T19:07:08Z,26.625807,-77.129165,4.18,190.5,1,8,1.2
2024-03-27T19:07:13Z,26.625710,-77.129185,4.44,191.0,1,8,1.2
2024-03-27T19:07:18Z,26.625608,-77.129203,4.34,190.4,1,8,1.2
2024-03-27T19:07:23Z,26.625503,-77.129222,4.48,187.4,1,8,1.2
2024-03-27T19:07:28Z,26.625398,-77.129233,4.46,181.2,1,8,1.2
2024-03-27T19:07:38Z,26.625182,-77.129263,4.91,187.0,1,8,1.2
2024-03-27T19:07:43Z,26.625070,-77.129285,4.95,187.3,1,8,1.2
2024-03-27T19:07:48Z,26.624960,-77.129298,4.92,186.4,1,8,1.2
2024-03-27T19:07:53Z,26.624850,-77.129322,4.81,184.3,1,8,1.2
2024-03-27T19:07:58Z,26.624738,-77.129328,4.86,185.7,1,8,1.2
2024-03-27T19:08:03Z,26.624622,-77.129347,5.09,186.8,1,8,1.2
2024-03-27T19:08:13Z,26.624382,-77.129375,5.31,186.7,1,8,1.2
2024-03-27T19:08:18Z,26.624260,-77.129402,5.43,189.2,1,8,1.2
2024-03-27T19:08:23Z,26.624133,-77.129420,5.56,184.6,1,8,1.2
2024-03-27T19:08:28Z,26.624008,-77.129437,5.55,186.2,1,8,1.2
2024-03-27T19:08:33Z,26.623888,-77.129438,5.32,182.0,1,8,1.2
2024-03-27T19:08:38Z,26.623765,-77.129453,5.38,181.4,1,8,1.2
2024-03-27T19:08:48Z,26.623525,-77.129462,5.24,180.7,1,8,1.2
2024-03-27T19:08:53Z,26.623400,-77.129463,5.27,181.9,1,8,1.2
2024-03-27T19:08:58Z,26.623282,-77.129470,5.11,184.1,1,8,1.2
2024-03-27T19:09:03Z,26.623165,-77.129480,5.08,183.2,1,8,1.2
2024-03-27T19:09:08Z,26.623050,-77.129495,5.28,187.8,1,8,1.2
2024-03-27T19:09:18Z,26.622810,-77.129530,5.15,185.8,1,8,1.2
2024-03-27T19:09:23Z,26.622688,-77.129552,5.39,188.8,1,8,1.2
2024-03-27T19:09:28Z,26.622568,-77.129568,5.26,184.6,1,8,1.2
2024-03-27T19:09:33Z,26.622450,-77.129585,5.45,187.1,1,8,1.2
2024-03-27T19:09:38Z,26.622328,-77.129602,5.33,186.6,1,8,1.2
2024-03-27T19:09:48Z,26.622088,-77.129633,5.47,187.2,1,8,1.2
2024-03-27T19:09:53Z,26.621970,-77.129645,5.22,184.4,1,8,1.2
2024-03-27T19:09:58Z,26.621847,-77.129658,5.54,186.0,1,8,1.2
2024-03-27T19:10:03Z,26.621722,-77.129675,5.12,185.7,1,8,1.2
2024-03-27T19:10:08Z,26.621598,-77.129688,5.41,186.0,1,8,1.2
2024-03-27T19:10:13Z,26.621475,-77.129700,5.37,183.9,1,8,1.2
2024-03-27T19:10:18Z,26.621353,-77.129712,5.37,183.9,1,8,1.2
2024-03-27T19:10:23Z,26.621232,-77.129725,5.33,184.6,1,8,1.2
2024-03-27T19:10:28Z,26.621110,-77.129737,5.18,184.4,1,8,1.2
2024-03-27T19:10:33Z,26.620988,-77.129757,5.42,183.4,1,8,1.2
2024-03-27T19:10:43Z,26.620742,-77.129777,5.44,181.5,1,8,1.2
2024-03-27T19:10:48Z,26.620618,-77.129785,5.36,184.2,1,8,1.2
2024-03-27T19:10:53Z,26.620497,-77.129795,5.39,184.2,1,8,1.2
2024-03-27T19:10:58Z,26.620377,-77.129807,5.18,183.2,1,8,1.2
2024-03-27T19:11:03Z,26.620258,-77.129815,5.12,184.5,1,8,1.2
2024-03-27T19:11:08Z,26.620143,-77.129825,4.81,182.8,1,8,1.2
2024-03-27T19:11:13Z,26.620032,-77.129838,4.97,183.5,1,8,1.2
2024-03-27T19:11:18Z,26.619920,-77.129855,4.99,186.3,1,8,1.2
2024-03-27T19:11:23Z,26.619807,-77.129868,4.98,184.7,1,8,1.2
2024-03-27T19:11:28Z,26.619692,-77.129882,4.93,183.2,1,8,1.2
2024-03-27T19:11:33Z,26.619580,-77.129895,4.86,184.8,1,8,1.2
2024-03-27T19:11:38Z,26.619470,-77.129912,4.91,186.2,1,8,1.2
2024-03-27T19:11:43Z,26.619358,-77.129930,4.89,185.8,1,8,1.2
2024-03-27T19:11:48Z,26.619243,-77.129947,5.12,185.8,1,8,1.2
2024-03-27T19:11:53Z,26.619123,-77.129962,5.20,184.9,1,8,1.2
2024-03-27T19:11:58Z,26.619005,-77.129973,5.31,185.0,1,8,1.2
2024-03-27T19:12:08Z,26.618772,-77.129993,5.05,183.0,1,8,1.2
2024-03-27T19:12:13Z,26.618655,-77.130007,4.82,184.2,1,8,1.2
2024-03-27T19:12:18Z,26.618542,-77.130018,5.04,181.3,1,8,1.2
2024-03-27T19:12:23Z,26.618430,-77.130025,4.78,181.5,1,8,1.2
2024-03-27T19:12:28Z,26.618322,-77.130038,4.63,182.4,1,8,1.2
2024-03-27T19:12:38Z,26.618105,-77.130063,4.79,182.4,1,8,1.2
2024-03-27T19:12:43Z,26.617993,-77.130080,4.87,186.3,1,8,1.2
2024-03-27T19:12:48Z,26.617887,-77.130098,4.59,186.9,1,8,1.2
2024-03-27T19:12:53Z,26.617782,-77.130115,4.52,186.0,1,8,1.2
2024-03-27T19:12:58Z,26.617677,-77.130128,4.64,178.9,1,8,1.2
2024-03-27T19:13:03Z,26.617578,-77.130133,4.56,175.8,1,8,1.2
2024-03-27T19:13:08Z,26.617478,-77.130142,4.45,181.1,1,8,1.2
2024-03-27T19:13:13Z,26.617380,-77.130155,4.37,185.5,1,8,1.2
2024-03-27T19:13:18Z,26.617282,-77.130168,4.43,184.4,1,8,1.2
2024-03-27T19:13:23Z,26.617180,-77.130180,4.30,185.0,1,8,1.2
2024-03-27T19:13:28Z,26.617078,-77.130185,4.28,181.4,1,8,1.2
2024-03-27T19:13:33Z,26.616977,-77.130188,4.56,183.3,1,8,1.2
2024-03-27T19:13:38Z,26.616878,-77.130192,4.26,179.9,1,8,1.2
2024-03-27T19:13:43Z,26.616780,-77.130188,4.36,177.3,1,8,1.2
2024-03-27T19:13:48Z,26.616685,-77.130187,4.02,178.6,1,8,1.2
2024-03-27T19:13:53Z,26.616595,-77.130183,4.08,175.6,1,8,1.2
2024-03-27T19:14:03Z,26.616410,-77.130183,4.08,181.6,1,8,1.2
2024-03-27T19:14:08Z,26.616318,-77.130185,3.97,177.6,1,8,1.2
2024-03-27T19:14:13Z,26.616228,-77.130182,3.89,177.7,1,8,1.2
2024-03-27T19:14:18Z,26.616145,-77.130180,3.50,175.9,1,8,1.2
2024-03-27T19:14:23Z,26.616065,-77.130173,3.16,175.8,1,8,1.2
2024-03-27T19:14:28Z,26.615992,-77.130170,3.39,184.3,1,8,1.2
2024-03-27T19:14:33Z,26.615917,-77.130172,2.96,176.8,1,8,1.2
2024-03-27T19:14:38Z,26.615845,-77.130172,3.20,177.9,1,8,1.2
2024-03-27T19:14:43Z,26.615777,-77.130175,3.22,180.1,1,8,1.2
2024-03-27T19:14:48Z,26.615707,-77.130182,3.04,179.6,1,8,1.2
2024-03-27T19:14:53Z,26.615640,-77.130185,2.91,176.5,1,8,1.2
2024-03-27T19:14:58Z,26.615573,-77.130188,2.98,178.6,1,8,1.2
2024-03-27T19:15:03Z,26.615505,-77.130192,3.21,182.5,1,8,1.2
2024-03-27T19:15:08Z,26.615423,-77.130198,3.77,183.4,1,8,1.2
2024-03-27T19:15:13Z,26.615335,-77.130207,4.10,181.2,1,8,1.2
2024-03-27T19:15:18Z,26.615238,-77.130212,4.30,180.4,1,8,1.2
2024-03-27T19:15:28Z,26.615043,-77.130195,4.13,173.8,1,8,1.2
2024-03-27T19:15:33Z,26.614960,-77.130180,3.68,171.3,1,8,1.2
2024-03-27T19:15:38Z,26.614872,-77.130175,3.86,176.1,1,8,1.2
2024-03-27T19:15:43Z,26.614788,-77.130165,3.71,167.6,1,8,1.2
2024-03-27T19:15:53Z,26.614628,-77.130155,3.47,172.9,1,8,1.2
2024-03-27T19:15:58Z,26.614548,-77.130158,3.52,178.8,1,8,1.2
2024-03-27T19:16:03Z,26.614465,-77.130167,3.56,179.4,1,8,1.2
2024-03-27T19:16:08Z,26.614383,-77.130172,3.60,178.1,1,8,1.2
2024-03-27T19:16:18Z,26.614212,-77.130167,3.76,177.6,1,8,1.2
2024-03-27T19:16:23Z,26.614127,-77.130163,3.58,175.5,1,8,1.2
2024-03-27T19:16:28Z,26.614043,-77.130163,3.68,178.1,1,8,1.2
2024-03-27T19:16:33Z,26.613960,-77.130158,3.90,182.3,1,8,1.2
2024-03-27T19:16:43Z,26.613782,-77.130158,3.75,177.3,1,8,1.2
2024-03-27T19:16:48Z,26.613695,-77.130160,3.75,175.8,1,8,1.2
2024-03-27T19:16:53Z,26.613607,-77.130158,3.97,177.4,1,8,1.2
2024-03-27T19:16:58Z,26.613513,-77.130157,4.10,176.4,1,8,1.2
2024-03-27T19:17:08Z,26.613325,-77.130155,4.13,174.9,1,8,1.2
2024-03-27T19:17:13Z,26.613232,-77.130148,4.03,178.2,1,8,1.2
2024-03-27T19:17:18Z,26.613143,-77.130142,3.77,176.8,1,8,1.2
2024-03-27T19:17:23Z,26.613058,-77.130138,3.82,172.3,1,8,1.2
2024-03-27T19:17:33Z,26.612875,-77.130135,3.97,173.9,1,8,1.2
2024-03-27T19:17:38Z,26.612782,-77.130140,4.19,177.4,1,8,1.2
2024-03-27T19:17:43Z,26.612683,-77.130140,4.21,177.3,1,8,1.2
2024-03-27T19:17:48Z,26.612587,-77.130143,4.11,175.6,1,8,1.2
2024-03-27T19:17:58Z,26.612400,-77.130125,4.16,174.8,1,8,1.2
2024-03-27T19:18:03Z,26.612302,-77.130125,4.34,177.9,1,8,1.2
2024-03-27T19:18:08Z,26.612202,-77.130127,4.25,179.8,1,8,1.2
2024-03-27T19:18:13Z,26.612103,-77.130123,4.43,178.9,1,8,1.2
2024-03-27T19:18:23Z,26.611900,-77.130115,4.44,174.5,1,8,1.2
2024-03-27T19:18:28Z,26.611803,-77.130105,4.27,175.8,1,8,1.2
2024-03-27T19:18:33Z,26.611710,-77.130090,4.09,171.7,1,8,1.2
2024-03-27T19:18:38Z,26.611625,-77.130068,3.73,171.6,1,8,1.2
2024-03-27T19:18:48Z,26.611463,-77.130053,3.37,175.6,1,8,1.2
2024-03-27T19:18:53Z,26.611387,-77.130050,3.71,177.1,1,8,1.2
2024-03-27T19:18:58Z,26.611307,-77.130055,3.55,180.2,1,8,1.2
2024-03-27T19:19:03Z,26.611225,-77.130065,3.68,178.0,1,8,1.2
2024-03-27T19:19:08Z,26.611142,-77.130067,3.74,181.5,1,8,1.2
2024-03-27T19:19:13Z,26.611058,-77.130075,3.76,180.1,1,8,1.2
2024-03-27T19:19:18Z,26.610973,-77.130082,3.70,181.8,1,8,1.2
2024-03-27T19:19:23Z,26.610888,-77.130090,3.70,182.3,1,8,1.2
2024-03-27T19:19:28Z,26.610802,-77.130098,3.96,183.1,1,8,1.2
2024-03-27T19:19:33Z,26.610710,-77.130105,3.99,181.2,1,8,1.2
2024-03-27T19:19:43Z,26.610532,-77.130117,4.02,189.3,1,8,1.2
2024-03-27T19:19:48Z,26.610443,-77.130118,3.76,174.8,1,8,1.2
2024-03-27T19:19:53Z,26.610367,-77.130098,3.06,161.4,1,8,1.2
2024-03-27T19:19:58Z,26.610298,-77.130082,2.97,161.1,1,8,1.2
2024-03-27T19:20:03Z,26.610243,-77.130058,2.50,157.7,1,8,1.2
2024-03-27T19:20:13Z,26.610148,-77.130032,2.09,169.2,1,8,1.2
2024-03-27T19:20:18Z,26.610098,-77.130030,2.22,178.2,1,8,1.2
2024-03-27T19:20:23Z,26.610050,-77.130028,2.38,177.2,1,8,1.2
2024-03-27T19:20:28Z,26.610000,-77.130033,2.57,178.3,1,8,1.2
2024-03-27T19:20:38Z,26.609878,-77.130045,2.69,180.5,1,8,1.2
2024-03-27T19:20:43Z,26.609817,-77.130055,2.61,185.0,1,8,1.2
2024-03-27T19:20:48Z,26.609760,-77.130053,2.39,168.4,1,8,1.2
2024-03-27T19:20:53Z,26.609710,-77.130045,2.10,167.6,1,8,1.2
2024-03-27T19:20:58Z,26.609668,-77.130038,2.12,172.0,1,8,1.2
2024-03-27T19:21:08Z,26.609588,-77.130037,1.92,177.8,1,8,1.2
2024-03-27T19:21:13Z,26.609545,-77.130042,1.97,187.7,1,8,1.2
2024-03-27T19:21:18Z,26.609488,-77.130050,2.66,181.3,1,8,1.2
2024-03-27T19:21:23Z,26.609417,-77.130067,3.18,185.9,1,8,1.2
2024-03-27T19:21:28Z,26.609343,-77.130070,3.14,176.7,1,8,1.2
2024-03-27T19:21:33Z,26.609265,-77.130075,3.24,173.4,1,8,1.2
2024-03-27T19:21:38Z,26.609197,-77.130073,3.40,179.8,1,8,1.2
2024-03-27T19:21:43Z,26.609115,-77.130060,3.16,176.1,1,8,1.2
2024-03-27T19:21:48Z,26.609037,-77.130047,3.35,173.2,1,8,1.2
2024-03-27T19:21:53Z,26.608957,-77.130028,3.46,171.3,1,8,1.2
2024-03-27T19:22:03Z,26.608803,-77.129992,3.16,168.8,1,8,1.2
2024-03-27T19:22:08Z,26.608730,-77.129982,3.29,170.3,1,8,1.2
2024-03-27T19:22:13Z,26.608655,-77.129973,3.52,173.0,1,8,1.2
2024-03-27T19:22:18Z,26.608578,-77.129965,3.47,169.7,1,8,1.2
2024-03-27T19:22:23Z,26.608503,-77.129953,3.40,173.0,1,8,1.2
2024-03-27T19:22:33Z,26.608338,-77.129933,3.54,173.0,1,8,1.2
2024-03-27T19:22:38Z,26.608255,-77.129920,3.51,170.4,1,8,1.2
2024-03-27T19:22:43Z,26.608172,-77.129910,3.63,174.8,1,8,1.2
2024-03-27T19:22:48Z,26.608088,-77.129900,3.79,171.4,1,8,1.2
2024-03-27T19:22:53Z,26.608003,-77.129893,3.78,175.2,1,8,1.2
2024-03-27T19:22:58Z,26.607912,-77.129882,3.89,172.9,1,8,1.2
2024-03-27T19:23:03Z,26.607823,-77.129877,3.81,174.3,1,8,1.2
2024-03-27T19:23:08Z,26.607735,-77.129872,3.88,175.8,1,8,1.2
2024-03-27T19:23:13Z,26.607647,-77.129867,3.89,174.6,1,8,1.2
2024-03-27T19:23:18Z,26.607560,-77.129857,3.72,170.6,1,8,1.2
2024-03-27T19:23:28Z,26.607407,-77.129847,3.07,176.2,1,8,1.2
2024-03-27T19:23:33Z,26.607337,-77.129848,2.92,168.7,1,8,1.2
2024-03-27T19:23:38Z,26.607277,-77.129842,2.56,167.5,1,8,1.2
2024-03-27T19:23:43Z,26.607220,-77.129827,2.40,165.6,1,8,1.2
2024-03-27T19:23:48Z,26.607167,-77.129817,2.37,173.9,1,8,1.2
2024-03-27T19:23:53Z,26.607110,-77.129817,2.71,179.2,1,8,1.2
2024-03-27T19:23:58Z,26.607040,-77.129838,3.46,191.1,1,8,1.2
2024-03-27T19:24:03Z,26.606962,-77.129853,3.48,179.0,1,8,1.2
2024-03-27T19:24:08Z,26.606877,-77.129855,3.78,177.9,1,8,1.2
2024-03-27T19:24:13Z,26.606798,-77.129828,3.61,170.9,1,8,1.2
2024-03-27T19:24:18Z,26.606717,-77.129808,3.52,167.3,1,8,1.2
2024-03-27T19:24:23Z,26.606643,-77.129798,3.17,168.2,1,8,1.2
2024-03-27T19:24:28Z,26.606572,-77.129780,3.04,171.1,1,8,1.2
2024-03-27T19:24:33Z,26.606507,-77.129767,2.92,168.6,1,8,1.2
2024-03-27T19:24:38Z,26.606442,-77.129755,2.98,171.3,1,8,1.2
2024-03-27T19:24:43Z,26.606375,-77.129752,2.95,174.9,1,8,1.2
2024-03-27T19:24:48Z,26.606307,-77.129748,3.17,175.9,1,8,1.2
2024-03-27T19:24:53Z,26.606232,-77.129750,3.30,176.3,1,8,1.2
2024-03-27T19:24:58Z,26.606155,-77.129752,3.42,174.1,1,8,1.2
2024-03-27T19:25:03Z,26.606073,-77.129745,3.60,175.4,1,8,1.2
2024-03-27T19:25:08Z,26.605992,-77.129740,3.53,173.6,1,8,1.2
2024-03-27T19:25:13Z,26.605915,-77.129733,3.39,173.9,1,8,1.2
2024-03-27T19:25:18Z,26.605843,-77.129728,3.07,173.2,1,8,1.2
2024-03-27T19:25:23Z,26.605777,-77.129723,2.88,169.5,1,8,1.2
2024-03-27T19:25:28Z,26.605712,-77.129718,2.99,175.8,1,8,1.2
2024-03-27T19:25:33Z,26.605642,-77.129713,3.09,178.5,1,8,1.2
2024-03-27T19:25:38Z,26.605573,-77.129715,3.00,174.5,1,8,1.2
2024-03-27T19:25:43Z,26.605495,-77.129722,3.19,179.5,1,8,1.2
2024-03-27T19:25:48Z,26.605415,-77.129730,3.36,176.1,1,8,1.2
2024-03-27T19:25:53Z,26.605333,-77.129745,3.29,178.4,1,8,1.2
2024-03-27T19:25:58Z,26.605255,-77.129752,3.41,185.3,1,8,1.2
2024-03-27T19:26:03Z,26.605175,-77.129755,3.62,178.8,1,8,1.2
2024-03-27T19:26:13Z,26.605002,-77.129760,3.88,178.8,1,8,1.2
2024-03-27T19:26:18Z,26.604915,-77.129760,3.64,175.2,1,8,1.2
2024-03-27T19:26:23Z,26.604835,-77.129757,3.46,175.3,1,8,1.2
2024-03-27T19:26:28Z,26.604757,-77.129750,3.35,176.1,1,8,1.2
2024-03-27T19:26:38Z,26.604617,-77.129740,3.08,179.1,1,8,1.2
2024-03-27T19:26:43Z,26.604552,-77.129737,2.83,176.9,1,8,1.2
2024-03-27T19:26:48Z,26.604490,-77.129738,2.69,180.2,1,8,1.2
2024-03-27T19:26:53Z,26.604430,-77.129743,2.48,179.5,1,8,1.2
2024-03-27T19:27:03Z,26.604302,-77.129772,2.82,185.4,1,8,1.2
2024-03-27T19:27:08Z,26.604238,-77.129773,3.08,181.6,1,8,1.2
2024-03-27T19:27:13Z,26.604162,-77.129793,3.50,190.6,1,8,1.2
2024-03-27T19:27:18Z,26.604082,-77.129807,3.61,181.9,1,8,1.2
2024-03-27T19:27:28Z,26.603905,-77.129835,3.98,182.0,1,8,1.2
2024-03-27T19:27:33Z,26.603813,-77.129840,4.03,177.9,1,8,1.2
2024-03-27T19:27:38Z,26.603725,-77.129835,3.86,175.0,1,8,1.2
2024-03-27T19:27:43Z,26.603637,-77.129828,3.92,177.0,1,8,1.2
2024-03-27T19:27:53Z,26.603448,-77.129827,4.12,176.3,1,8,1.2
2024-03-27T19:27:58Z,26.603350,-77.129832,4.15,177.1,1,8,1.2
2024-03-27T19:28:03Z,26.603252,-77.129835,4.28,173.1,1,8,1.2
2024-03-27T19:28:08Z,26.603153,-77.129830,4.17,172.5,1,8,1.2
2024-03-27T19:28:13Z,26.603062,-77.129823,3.80,172.6,1,8,1.2
2024-03-27T19:28:18Z,26.602977,-77.129815,3.50,173.2,1,8,1.2
2024-03-27T19:28:23Z,26.602900,-77.129798,3.36,175.0,1,8,1.2
2024-03-27T19:28:28Z,26.602822,-77.129793,3.38,177.7,1,8,1.2
2024-03-27T19:28:33Z,26.602747,-77.129792,3.16,175.4,1,8,1.2
2024-03-27T19:28:38Z,26.602673,-77.129790,3.26,178.9,1,8,1.2
2024-03-27T19:28:48Z,26.602517,-77.129802,3.74,181.7,1,8,1.2
2024-03-27T19:28:53Z,26.602428,-77.129803,3.83,177.8,1,8,1.2
2024-03-27T19:28:58Z,26.602338,-77.129805,3.98,179.3,1,8,1.2
2024-03-27T19:29:03Z,26.602248,-77.129802,3.94,176.8,1,8,1.2
2024-03-27T19:29:08Z,26.602160,-77.129793,3.96,177.1,1,8,1.2
2024-03-27T19:29:18Z,26.601980,-77.129790,3.84,175.1,1,8,1.2
2024-03-27T19:29:23Z,26.601893,-77.129788,3.71,176.6,1,8,1.2
2024-03-27T19:29:28Z,26.601808,-77.129788,3.75,177.3,1,8,1.2
2024-03-27T19:29:33Z,26.601723,-77.129787,3.82,179.9,1,8,1.2
2024-03-27T19:29:38Z,26.601632,-77.129792,3.91,180.1,1,8,1.2
2024-03-27T19:29:48Z,26.601448,-77.129797,3.94,180.1,1,8,1.2
2024-03-27T19:29:53Z,26.601355,-77.129800,4.03,180.8,1,8,1.2
2024-03-27T19:29:58Z,26.601263,-77.129803,3.80,176.5,1,8,1.2
2024-03-27T19:30:03Z,26.601175,-77.129803,3.76,175.3,1,8,1.2
2024-03-27T19:30:08Z,26.601088,-77.129803,3.64,177.5,1,8,1.2
2024-03-27T19:30:18Z,26.600910,-77.129813,3.88,181.2,1,8,1.2
2024-03-27T19:30:23Z,26.600820,-77.129812,3.97,178.8,1,8,1.2
2024-03-27T19:30:28Z,26.600722,-77.129813,4.27,178.6,1,8,1.2
2024-03-27T19:30:33Z,26.600625,-77.129802,4.41,176.4,1,8,1.2
2024-03-27T19:30:38Z,26.600530,-77.129792,4.05,176.1,1,8,1.2
2024-03-27T19:30:48Z,26.600368,-77.129745,3.24,167.5,1,8,1.2
2024-03-27T19:30:53Z,26.600302,-77.129718,2.90,165.7,1,8,1.2
2024-03-27T19:30:58Z,26.600245,-77.129695,2.49,157.2,1,8,1.2
2024-03-27T19:31:03Z,26.600198,-77.129675,2.12,153.8,1,8,1.2
2024-03-27T19:31:08Z,26.600160,-77.129657,1.67,148.5,1,8,1.2
2024-03-27T19:31:13Z,26.600122,-77.129648,1.83,170.9,1,8,1.2
2024-03-27T19:31:18Z,26.600080,-77.129635,2.15,160.9,1,8,1.2
2024-03-27T19:31:23Z,26.600028,-77.129628,2.34,168.0,1,8,1.2
2024-03-27T19:31:28Z,26.599975,-77.129617,2.59,168.8,1,8,1.2
2024-03-27T19:31:33Z,26.599918,-77.129600,2.42,160.7,1,8,1.2
2024-03-27T19:31:43Z,26.599817,-77.129552,2.50,156.2,1,8,1.2
2024-03-27T19:31:48Z,26.599765,-77.129533,2.38,160.7,1,8,1.2
2024-03-27T19:31:53Z,26.599713,-77.129520,2.33,170.8,1,8,1.2
2024-03-27T19:31:58Z,26.599657,-77.129515,2.64,175.4,1,8,1.2
2024-03-27T19:32:08Z,26.599532,-77.129530,2.80,174.2,1,8,1.2
2024-03-27T19:32:13Z,26.599463,-77.129520,3.15,174.0,1,8,1.2
2024-03-27T19:32:18Z,26.599390,-77.129512,3.29,174.6,1,8,1.2
2024-03-27T19:32:23Z,26.599318,-77.129497,3.18,166.1,1,8,1.2
2024-03-27T19:32:28Z,26.599252,-77.129468,3.05,159.4,1,9,1.2
2024-03-27T19:32:33Z,26.599192,-77.129443,2.68,160.2,1,9,1.2
2024-03-27T19:32:38Z,26.599138,-77.129415,2.41,152.1,1,9,1.2
2024-03-27T19:32:43Z,26.599097,-77.129395,2.08,149.1,1,9,1.2
2024-03-27T19:32:48Z,26.599060,-77.129378,1.65,147.1,1,9,1.2
2024-03-27T19:32:53Z,26.599030,-77.129367,1.64,156.1,1,9,1.2
2024-03-27T19:33:03Z,26.598983,-77.129360,0.95,161.8,1,9,1.2
2024-03-27T19:33:08Z,26.598965,-77.129360,1.17,173.8,1,9,1.2
2024-03-27T19:33:13Z,26.598938,-77.129358,1.41,186.2,1,9,1.2
2024-03-27T19:33:18Z,26.598902,-77.129357,1.79,171.7,1,9,1.2
2024-03-27T19:33:28Z,26.598795,-77.129387,3.15,185.1,1,9,1.2
2024-03-27T19:33:33Z,26.598717,-77.129415,3.44,185.7,1,9,1.2
2024-03-27T19:33:38Z,26.598630,-77.129428,3.86,178.2,1,9,1.2
2024-03-27T19:33:43Z,26.598537,-77.129438,4.03,183.5,1,9,1.2
2024-03-27T19:33:48Z,26.598442,-77.129448,4.10,182.3,1,9,1.2
2024-03-27T19:33:58Z,26.598243,-77.129467,4.22,182.1,1,9,1.2
2024-03-27T19:34:03Z,26.598145,-77.129470,4.24,178.3,1,9,1.2
2024-03-27T19:34:08Z,26.598052,-77.129470,4.06,176.4,1,9,1.2
2024-03-27T19:34:13Z,26.597957,-77.129460,4.11,173.3,1,8,1.3
2024-03-27T19:34:18Z,26.597865,-77.129430,3.72,167.4,1,9,1.2
2024-03-27T19:34:28Z,26.597732,-77.129367,2.59,161.1,1,9,1.2
2024-03-27T19:34:33Z,26.597680,-77.129345,2.23,168.8,1,9,1.2
2024-03-27T19:34:38Z,26.597628,-77.129335,2.37,179.5,1,9,1.2
2024-03-27T19:34:43Z,26.597570,-77.129338,2.83,182.4,1,9,1.2
2024-03-27T19:34:48Z,26.597500,-77.129340,3.33,183.0,1,9,1.2
2024-03-27T19:34:53Z,26.597422,-77.129375,3.45,182.9,1,9,1.2
2024-03-27T19:34:58Z,26.597342,-77.129372,3.44,175.0,1,9,1.2
2024-03-27T19:35:03Z,26.597260,-77.129365,3.33,167.5,1,9,1.2
2024-03-27T19:35:08Z,26.597182,-77.129353,3.37,173.0,1,9,1.2
2024-03-27T19:35:13Z,26.597108,-77.129340,3.27,165.7,1,9,1.2
2024-03-27T19:35:18Z,26.597037,-77.129328,3.17,174.2,1,9,1.2
2024-03-27T19:35:23Z,26.596965,-77.129317,3.16,172.6,1,9,1.2
2024-03-27T19:35:28Z,26.596890,-77.129315,3.19,174.4,1,9,1.2
2024-03-27T19:35:33Z,26.596818,-77.129307,3.24,176.7,1,9,1.2
2024-03-27T19:35:38Z,26.596742,-77.129300,3.54,173.5,1,9,1.2
2024-03-27T19:35:48Z,26.596578,-77.129317,3.46,180.0,1,9,1.2
2024-03-27T19:35:53Z,26.596500,-77.129317,3.37,178.0,1,9,1.2
2024-03-27T19:35:58Z,26.596427,-77.129298,3.37,161.2,1,9,1.2
2024-03-27T19:36:03Z,26.596350,-77.129287,3.42,178.2,1,9,1.2
2024-03-27T19:36:13Z,26.596200,-77.129267,3.25,170.9,1,9,1.2
2024-03-27T19:36:18Z,26.596125,-77.129263,3.25,175.7,1,9,1.2
2024-03-27T19:36:23Z,26.596047,-77.129258,3.44,178.3,1,9,1.2
2024-03-27T19:36:28Z,26.595970,-77.129253,3.39,171.0,1,9,1.2
2024-03-27T19:36:38Z,26.595828,-77.129245,2.86,173.9,1,9,1.2
2024-03-27T19:36:43Z,26.595762,-77.129238,3.01,173.8,1,9,1.2
2024-03-27T19:36:48Z,26.595688,-77.129238,3.36,173.7,1,9,1.2
2024-03-27T19:36:53Z,26.595610,-77.129232,3.64,176.1,1,9,1.2
2024-03-27T19:36:58Z,26.595523,-77.129228,3.86,177.4,1,9,1.2
2024-03-27T19:37:03Z,26.595433,-77.129223,3.85,172.9,1,9,1.2
2024-03-27T19:37:08Z,26.595348,-77.129218,3.50,180.5,1,9,1.2
2024-03-27T19:37:13Z,26.595272,-77.129218,3.20,173.4,1,9,1.2
2024-03-27T19:37:18Z,26.595200,-77.129212,3.13,168.4,1,9,1.2
2024-03-27T19:37:23Z,26.595133,-77.129200,2.76,177.3,1,9,1.2
2024-03-27T19:37:33Z,26.595003,-77.129195,2.74,185.2,1,9,1.2
2024-03-27T19:37:38Z,26.594940,-77.129190,3.00,186.5,1,9,1.2
2024-03-27T19:37:43Z,26.594873,-77.129195,2.91,180.8,1,9,1.2
2024-03-27T19:37:48Z,26.594805,-77.129190,3.23,180.4,1,9,1.2
2024-03-27T19:37:58Z,26.594633,-77.129227,3.79,178.7,1,9,1.2
2024-03-27T19:38:03Z,26.594543,-77.129215,4.11,173.8,1,9,1.2
2024-03-27T19:38:08Z,26.594450,-77.129208,3.94,174.3,1,9,1.2
2024-03-27T19:38:13Z,26.594370,-77.129188,3.37,162.1,1,9,1.2
2024-03-27T19:38:23Z,26.594258,-77.129142,2.07,167.1,1,9,1.2
2024-03-27T19:38:28Z,26.594215,-77.129135,1.95,159.6,1,9,1.2
2024-03-27T19:38:33Z,26.594175,-77.129130,1.65,173.6,1,9,1.2
2024-03-27T19:38:38Z,26.594138,-77.129135,1.53,186.9,1,9,1.2
2024-03-27T19:38:43Z,26.594105,-77.129135,1.50,181.5,1,9,1.2
2024-03-27T19:38:53Z,26.594028,-77.129142,1.96,171.6,1,9,1.2
2024-03-27T19:38:58Z,26.593982,-77.129143,2.20,181.1,1,9,1.2
2024-03-27T19:39:03Z,26.593927,-77.129152,2.66,186.6,1,9,1.2
2024-03-27T19:39:08Z,26.593865,-77.129157,2.84,180.8,1,9,1.2
2024-03-27T19:39:13Z,26.593797,-77.129153,2.90,178.2,1,9,1.2
2024-03-27T19:39:23Z,26.593662,-77.129135,2.80,168.8,1,9,1.2
2024-03-27T19:39:28Z,26.593602,-77.129122,2.57,157.5,1,9,1.2
2024-03-27T19:39:33Z,26.593547,-77.129103,2.46,157.4,1,9,1.2
2024-03-27T19:39:38Z,26.593498,-77.129087,2.24,158.4,1,9,1.2
2024-03-27T19:39:43Z,26.593453,-77.129082,1.98,168.5,1,9,1.2
2024-03-27T19:39:48Z,26.593408,-77.129083,2.07,174.4,1,9,1.2
2024-03-27T19:39:53Z,26.593358,-77.129090,2.24,179.5,1,9,1.2
2024-03-27T19:39:58Z,26.593300,-77.129105,2.76,189.2,1,9,1.2
2024-03-27T19:40:03Z,26.593232,-77.129118,3.13,183.5,1,9,1.2
2024-03-27T19:40:08Z,26.593157,-77.129125,3.31,181.6,1,9,1.2
2024-03-27T19:40:13Z,26.593078,-77.129140,3.60,185.6,1,9,1.2
2024-03-27T19:40:18Z,26.592995,-77.129148,3.59,184.4,1,9,1.2
2024-03-27T19:40:28Z,26.592828,-77.129183,4.05,190.7,1,9,1.2
2024-03-27T19:40:33Z,26.592733,-77.129210,4.36,191.9,1,9,1.2
2024-03-27T19:40:38Z,26.592637,-77.129232,4.68,191.1,1,9,1.2
2024-03-27T19:40:43Z,26.592533,-77.129253,4.69,190.8,1,9,1.2
2024-03-27T19:40:48Z,26.592428,-77.129283,4.50,181.7,1,9,1.2
2024-03-27T19:40:53Z,26.592328,-77.129273,4.10,173.4,1,9,1.2
2024-03-27T19:40:58Z,26.592240,-77.129252,3.66,164.1,1,9,1.2
2024-03-27T19:41:03Z,26.592162,-77.129223,3.22,165.6,1,9,1.2
2024-03-27T19:41:08Z,26.592088,-77.129197,3.29,171.5,1,9,1.2
2024-03-27T19:41:13Z,26.592007,-77.129177,3.59,171.7,1,9,1.2
2024-03-27T19:41:18Z,26.591927,-77.129162,3.37,169.5,1,9,1.2
2024-03-27T19:41:28Z,26.591782,-77.129132,3.17,164.8,1,9,1.2
2024-03-27T19:41:33Z,26.591713,-77.129108,3.04,165.2,1,9,1.2
2024-03-27T19:41:38Z,26.591652,-77.129083,2.85,161.7,1,9,1.2
2024-03-27T19:41:43Z,26.591595,-77.129063,2.68,161.2,1,9,1.2
2024-03-27T19:41:48Z,26.591537,-77.129053,2.76,174.1,1,9,1.2
2024-03-27T19:41:58Z,26.591403,-77.129033,3.00,171.3,1,9,1.2
2024-03-27T19:42:03Z,26.591327,-77.129020,3.34,171.1,1,9,1.2
2024-03-27T19:42:08Z,26.591248,-77.129010,3.35,168.9,1,9,1.2
2024-03-27T19:42:13Z,26.591173,-77.128998,3.24,171.6,1,9,1.2
2024-03-27T19:42:18Z,26.591100,-77.128987,3.11,173.2,1,9,1.2
2024-03-27T19:42:28Z,26.590957,-77.128968,3.16,169.5,1,9,1.2
2024-03-27T19:42:33Z,26.590885,-77.128955,3.18,170.5,1,9,1.2
2024-03-27T19:42:38Z,26.590813,-77.128945,3.12,172.3,1,9,1.2
2024-03-27T19:42:43Z,26.590742,-77.128937,3.13,171.9,1,9,1.2
2024-03-27T19:42:48Z,26.590667,-77.128925,3.32,167.5,1,9,1.2
2024-03-27T19:42:58Z,26.590528,-77.128895,2.87,163.6,1,9,1.2
2024-03-27T19:43:03Z,26.590468,-77.128883,2.62,165.2,1,9,1.2
2024-03-27T19:43:08Z,26.590413,-77.128870,2.44,163.3,1,9,1.2
2024-03-27T19:43:13Z,26.590360,-77.128858,2.31,164.5,1,9,1.2
2024-03-27T19:43:18Z,26.590310,-77.128847,2.11,165.4,1,9,1.2
2024-03-27T19:43:28Z,26.590228,-77.128827,1.66,160.9,1,9,1.2
2024-03-27T19:43:33Z,26.590192,-77.128825,1.71,172.3,1,9,1.2
2024-03-27T19:43:38Z,26.590153,-77.128827,1.69,173.5,1,9,1.2
2024-03-27T19:43:43Z,26.590113,-77.128832,1.92,179.0,1,9,1.2
2024-03-27T19:43:48Z,26.590058,-77.128838,2.60,190.1,1,9,1.2
2024-03-27T19:43:53Z,26.589993,-77.128855,2.90,187.8,1,9,1.2
2024-03-27T19:44:03Z,26.589852,-77.128877,3.35,176.1,1,9,1.2
2024-03-27T19:44:08Z,26.589773,-77.128865,3.22,166.6,1,9,1.2
2024-03-27T19:44:13Z,26.589705,-77.128850,3.10,168.0,1,9,1.2
2024-03-27T19:44:18Z,26.589642,-77.128843,2.89,170.2,1,9,1.2
2024-03-27T19:44:23Z,26.589575,-77.128835,3.05,169.2,1,9,1.2
2024-03-27T19:44:28Z,26.589507,-77.128835,3.07,173.4,1,9,1.2
2024-03-27T19:44:33Z,26.589432,-77.128835,3.42,179.6,1,9,1.2
2024-03-27T19:44:38Z,26.589345,-77.128840,4.00,189.3,1,9,1.2
2024-03-27T19:44:43Z,26.589252,-77.128867,4.27,191.3,1,9,1.2
2024-03-27T19:44:48Z,26.589152,-77.128890,4.63,189.0,1,9,1.2
2024-03-27T19:44:53Z,26.589052,-77.128907,5.02,189.3,1,9,1.2
2024-03-27T19:44:58Z,26.588932,-77.128927,5.39,189.8,1,9,1.2
2024-03-27T19:45:08Z,26.588682,-77.128962,5.01,175.4,1,9,1.2
2024-03-27T19:45:13Z,26.588572,-77.128938,4.38,165.6,1,9,1.2
2024-03-27T19:45:18Z,26.588497,-77.128897,3.17,140.1,1,9,1.2
2024-03-27T19:45:23Z,26.588465,-77.128847,2.06,113.4,1,9,1.2
2024-03-27T19:45:28Z,26.588463,-77.128808,1.36,90.8,1,9,1.2
2024-03-27T19:45:33Z,26.588483,-77.128795,1.42,30.0,1,9,1.2
2024-03-27T19:45:38Z,26.588525,-77.128790,2.31,10.1,1,9,1.2
2024-03-27T19:45:43Z,26.588568,-77.128778,2.44,13.6,1,9,1.2
2024-03-27T19:45:48Z,26.588622,-77.128775,2.85,9.4,1,9,1.2
2024-03-27T19:45:53Z,26.588678,-77.128767,2.35,14.7,1,8,1.2
2024-03-27T19:45:58Z,26.588730,-77.128763,2.39,8.4,1,8,1.2
2024-03-27T19:46:03Z,26.588800,-77.128767,3.02,1.1,1,8,1.2
2024-03-27T19:46:13Z,26.588908,-77.128723,2.42,20.2,1,9,1.2
2024-03-27T19:46:18Z,26.588977,-77.128720,2.34,8.2,1,10,0.9
2024-03-27T19:46:23Z,26.589032,-77.128713,2.60,2.0,1,10,0.9
2024-03-27T19:46:28Z,26.589085,-77.128718,2.43,1.8,1,10,0.9
2024-03-27T19:46:33Z,26.589137,-77.128717,2.04,11.6,1,10,0.9
2024-03-27T19:46:43Z,26.589240,-77.128712,2.38,2.7,1,10,0.9
2024-03-27T19:46:48Z,26.589293,-77.128712,2.27,4.3,1,10,0.9
2024-03-27T19:46:53Z,26.589343,-77.128705,2.43,7.6,1,10,0.9
2024-03-27T19:46:58Z,26.589390,-77.128692,2.30,14.8,1,9,1.0
2024-03-27T19:47:03Z,26.589442,-77.128677,2.19,5.0,1,10,0.9
2024-03-27T19:47:13Z,26.589537,-77.128650,2.18,15.7,1,9,1.0
2024-03-27T19:47:18Z,26.589578,-77.128635,2.03,17.0,1,8,1.2
2024-03-27T19:47:23Z,26.589617,-77.128620,1.81,20.2,1,10,0.9
2024-03-27T19:47:28Z,26.589660,-77.128605,2.09,12.2,1,10,0.9
2024-03-27T19:47:33Z,26.589702,-77.128593,1.80,9.9,1,10,0.9
2024-03-27T19:47:43Z,26.589775,-77.128563,1.75,20.9,1,10,0.9
2024-03-27T19:47:48Z,26.589818,-77.128548,2.25,13.1,1,10,0.9
2024-03-27T19:47:53Z,26.589860,-77.128532,1.69,30.9,1,10,0.9
2024-03-27T19:47:58Z,26.589902,-77.128515,2.09,14.6,1,10,0.9
2024-03-27T19:48:03Z,26.589940,-77.128493,1.68,35.3,1,10,0.9
2024-03-27T19:48:08Z,26.589985,-77.128470,2.36,19.7,1,10,0.9
2024-03-27T19:48:13Z,26.590032,-77.128450,1.66,39.6,1,10,0.9
2024-03-27T19:48:18Z,26.590070,-77.128428,1.88,34.6,1,10,0.9
2024-03-27T19:48:23Z,26.590120,-77.128400,2.32,24.4,1,10,0.9
2024-03-27T19:48:28Z,26.590157,-77.128372,1.84,41.3,1,9,0.9
2024-03-27T19:48:33Z,26.590197,-77.128345,2.13,25.3,1,10,0.9
2024-03-27T19:48:43Z,26.590282,-77.128280,2.21,40.5,1,10,0.9
2024-03-27T19:48:48Z,26.590333,-77.128250,2.24,41.4,1,10,0.9
2024-03-27T19:48:53Z,26.590375,-77.128212,2.23,43.4,1,10,0.9
2024-03-27T19:48:58Z,26.590407,-77.128173,2.12,43.8,1,10,0.9
2024-03-27T19:49:03Z,26.590445,-77.128137,2.29,39.2,1,10,0.9
2024-03-27T19:49:08Z,26.590482,-77.128095,2.20,47.6,1,10,0.9
2024-03-27T19:49:13Z,26.590515,-77.128057,2.07,49.0,1,10,0.9
2024-03-27T19:49:18Z,26.590548,-77.128018,1.88,51.6,1,9,1.0
2024-03-27T19:49:23Z,26.590577,-77.127982,2.00,50.3,1,8,1.2
2024-03-27T19:49:28Z,26.590610,-77.127945,2.23,46.2,1,10,0.9
2024-03-27T19:49:33Z,26.590642,-77.127910,2.00,50.4,1,10,0.9
2024-03-27T19:49:43Z,26.590700,-77.127828,2.09,54.1,1,9,0.9
2024-03-27T19:49:48Z,26.590722,-77.127783,2.02,69.8,1,10,0.9
2024-03-27T19:49:53Z,26.590743,-77.127740,2.04,64.5,1,10,0.9
2024-03-27T19:49:58Z,26.590760,-77.127697,1.79,73.2,1,10,0.9
2024-03-27T19:50:03Z,26.590765,-77.127647,1.62,83.4,1,10,0.9
2024-03-27T19:50:08Z,26.590777,-77.127608,1.94,72.6,1,10,0.9
2024-03-27T19:50:13Z,26.590812,-77.127585,2.26,41.4,1,10,0.9
2024-03-27T19:50:18Z,26.590855,-77.127542,2.73,51.5,1,10,0.9
2024-03-27T19:50:23Z,26.590913,-77.127483,3.76,45.1,1,10,0.9
2024-03-27T19:50:28Z,26.590973,-77.127407,3.96,55.2,1,10,0.9
2024-03-27T19:50:33Z,26.591030,-77.127320,4.37,55.8,1,10,0.9
2024-03-27T19:50:38Z,26.591092,-77.127230,4.53,55.7,1,10,0.9
2024-03-27T19:50:43Z,26.591142,-77.127132,4.24,61.2,1,10,0.9
2024-03-27T19:50:48Z,26.591185,-77.127037,4.01,62.9,1,10,0.9
2024-03-27T19:50:53Z,26.591230,-77.126943,4.12,66.2,1,10,0.9
2024-03-27T19:50:58Z,26.591270,-77.126848,3.90,69.8,1,10,0.9
2024-03-27T19:51:03Z,26.591305,-77.126757,3.74,64.8,1,10,0.9
2024-03-27T19:51:08Z,26.591333,-77.126672,3.54,77.2,1,9,0.9
2024-03-27T19:51:18Z,26.591377,-77.126492,3.43,74.4,1,9,1.0
2024-03-27T19:51:23Z,26.591412,-77.126422,3.10,76.3,1,8,1.0
2024-03-27T19:51:28Z,26.591425,-77.126342,3.17,77.1,1,8,1.0
2024-03-27T19:51:33Z,26.591443,-77.126263,3.30,82.6,1,8,1.0
2024-03-27T19:51:38Z,26.591453,-77.126187,2.89,78.2,1,9,0.9
2024-03-27T19:51:43Z,26.591470,-77.126120,2.68,76.1,1,9,0.9
2024-03-27T19:51:48Z,26.591487,-77.126053,2.73,80.3,1,10,0.9
2024-03-27T19:51:53Z,26.591500,-77.125982,2.75,83.1,1,10,0.9
2024-03-27T19:51:58Z,26.591513,-77.125930,2.51,78.5,1,10,0.9
2024-03-27T19:52:03Z,26.591530,-77.125875,2.69,94.0,1,9,0.9
2024-03-27T19:52:08Z,26.591555,-77.125835,2.06,72.0,1,9,0.9
2024-03-27T19:52:18Z,26.591612,-77.125747,2.45,58.1,1,10,0.9
2024-03-27T19:52:23Z,26.591647,-77.125695,2.47,59.5,1,7,1.3
2024-03-27T19:52:28Z,26.591683,-77.125635,2.99,57.5,1,9,0.9
2024-03-27T19:52:33Z,26.591723,-77.125568,3.23,57.0,1,9,0.9
2024-03-27T19:52:38Z,26.591767,-77.125500,3.50,62.1,1,9,0.9
2024-03-27T19:52:43Z,26.591807,-77.125423,3.45,61.6,1,8,1.2
2024-03-27T19:52:48Z,26.591850,-77.125347,3.69,57.7,1,9,0.9
2024-03-27T19:52:53Z,26.591893,-77.125267,3.73,57.9,1,9,0.9
2024-03-27T19:52:58Z,26.591935,-77.125183,3.66,67.0,1,10,0.9
2024-03-27T19:53:03Z,26.591963,-77.125097,3.54,68.7,1,8,1.2
2024-03-27T19:53:08Z,26.591992,-77.125012,3.34,71.5,1,8,1.0
2024-03-27T19:53:18Z,26.592050,-77.124855,3.19,65.4,1,10,0.9
2024-03-27T19:53:23Z,26.592080,-77.124785,3.13,65.0,1,10,0.9
2024-03-27T19:53:28Z,26.592107,-77.124713,2.71,76.9,1,10,0.9
2024-03-27T19:53:33Z,26.592117,-77.124650,2.29,74.4,1,10,0.9
2024-03-27T19:53:38Z,26.592133,-77.124603,1.74,66.0,1,10,0.9
2024-03-27T19:53:43Z,26.592152,-77.124575,1.55,56.6,1,9,1.0
2024-03-27T19:53:53Z,26.592220,-77.124510,2.61,38.2,1,9,0.9
2024-03-27T19:53:58Z,26.592283,-77.124470,3.75,30.7,1,9,0.9
2024-03-27T19:54:03Z,26.592358,-77.124412,4.00,37.6,1,10,0.9
2024-03-27T19:54:08Z,26.592438,-77.124345,4.55,34.9,1,10,0.9
2024-03-27T19:54:13Z,26.592523,-77.124273,4.60,42.6,1,9,0.9
2024-03-27T19:54:18Z,26.592602,-77.124198,4.50,52.3,1,9,0.9
2024-03-27T19:54:23Z,26.592663,-77.124098,4.96,50.2,1,10,0.9
2024-03-27T19:54:28Z,26.592738,-77.124002,4.80,55.2,1,10,0.9
2024-03-27T19:54:33Z,26.592805,-77.123902,4.32,61.7,1,10,0.9
2024-03-27T19:54:38Z,26.592845,-77.123812,3.61,80.0,1,10,0.9
2024-03-27T19:54:43Z,26.592850,-77.123738,2.61,89.0,1,10,0.9
2024-03-27T19:54:48Z,26.592850,-77.123672,2.17,92.5,1,10,0.9
2024-03-27T19:54:58Z,26.592847,-77.123590,1.12,62.9,1,10,0.9
2024-03-27T19:55:03Z,26.592858,-77.123565,1.19,53.4,1,10,0.9
2024-03-27T19:55:08Z,26.592863,-77.123550,0.87,81.4,1,10,0.9
2024-03-27T19:55:13Z,26.592865,-77.123538,0.47,43.6,1,9,1.0
2024-03-27T19:55:18Z,26.592860,-77.123537,0.27,42.6,1,9,0.9
2024-03-27T19:55:28Z,26.592878,-77.123537,0.48,332.6,1,10,0.9
2024-03-27T19:55:33Z,26.592892,-77.123550,0.37,301.8,1,10,0.9
2024-03-27T19:55:38Z,26.592900,-77.123563,0.12,279.0,1,10,0.9
2024-03-27T19:55:43Z,26.592900,-77.123563,0.49,148.0,1,10,0.9
2024-03-27T19:55:48Z,26.592895,-77.123558,0.74,116.8,1,10,0.9
2024-03-27T19:55:53Z,26.592892,-77.123540,1.05,106.5,1,10,0.9
2024-03-27T19:55:58Z,26.592907,-77.123513,1.50,46.3,1,10,0.9
2024-03-27T19:56:03Z,26.592947,-77.123482,2.71,38.8,1,9,1.0
2024-03-27T19:56:08Z,26.593020,-77.123445,3.45,41.4,1,8,1.2
2024-03-27T19:56:13Z,26.593087,-77.123382,4.19,39.1,1,8,1.2
2024-03-27T19:56:18Z,26.593148,-77.123298,4.02,56.3,1,8,1.2
2024-03-27T19:56:28Z,26.593255,-77.123113,4.11,60.6,1,9,1.0
2024-03-27T19:56:33Z,26.593287,-77.123027,3.48,66.6,1,9,1.0
2024-03-27T19:56:38Z,26.593312,-77.122943,3.32,71.4,1,9,1.0
2024-03-27T19:56:43Z,26.593335,-77.122870,2.94,66.2,1,8,1.2
2024-03-27T19:56:48Z,26.593365,-77.122802,3.10,62.5,1,9,1.0
2024-03-27T19:56:53Z,26.593408,-77.122733,3.19,57.7,1,9,1.0
2024-03-27T19:57:03Z,26.593497,-77.122582,3.62,59.3,1,9,1.0
2024-03-27T19:57:08Z,26.593538,-77.122503,3.64,62.5,1,9,1.0
2024-03-27T19:57:13Z,26.593573,-77.122425,3.57,64.5,1,8,1.2
2024-03-27T19:57:18Z,26.593610,-77.122350,3.34,60.0,1,9,1.0
2024-03-27T19:57:23Z,26.593647,-77.122273,3.47,62.1,1,9,1.0
2024-03-27T19:57:28Z,26.593682,-77.122192,3.62,66.4,1,9,1.0
2024-03-27T19:57:38Z,26.593745,-77.122033,3.41,66.6,1,9,1.0
2024-03-27T19:57:43Z,26.593777,-77.121957,3.20,71.9,1,8,1.0
2024-03-27T19:57:48Z,26.593797,-77.121888,2.68,70.8,1,9,1.0
2024-03-27T19:57:53Z,26.593815,-77.121822,2.68,69.8,1,9,1.0
2024-03-27T19:57:58Z,26.593833,-77.121757,2.30,75.4,1,9,1.0
2024-03-27T19:58:03Z,26.593843,-77.121707,2.00,78.4,1,9,1.0
2024-03-27T19:58:13Z,26.593867,-77.121627,1.54,61.2,1,9,1.0
2024-03-27T19:58:18Z,26.593887,-77.121588,1.61,62.3,1,8,1.2
2024-03-27T19:58:23Z,26.593910,-77.121552,1.72,50.2,1,8,1.2
2024-03-27T19:58:28Z,26.593938,-77.121518,2.27,41.0,1,9,1.0
2024-03-27T19:58:33Z,26.593980,-77.121473,2.52,50.6,1,8,1.2
2024-03-27T19:58:38Z,26.594022,-77.121417,2.54,59.4,1,7,1.2
2024-03-27T19:58:48Z,26.594108,-77.121297,2.79,57.8,1,9,1.0
2024-03-27T19:58:53Z,26.594133,-77.121243,2.85,61.5,1,9,1.0
2024-03-27T19:58:58Z,26.594173,-77.121180,3.02,54.9,1,9,1.0
2024-03-27T19:59:03Z,26.594210,-77.121117,3.03,54.1,1,9,1.0
2024-03-27T19:59:08Z,26.594240,-77.121052,3.00,61.6,1,9,1.0
2024-03-27T19:59:13Z,26.594275,-77.120983,3.12,58.5,1,9,1.0
2024-03-27T19:59:18Z,26.594298,-77.120905,3.20,61.6,1,9,1.0
2024-03-27T19:59:23Z,26.594328,-77.120837,3.34,70.3,1,9,1.0
2024-03-27T19:59:28Z,26.594345,-77.120763,2.91,73.1,1,8,1.2
2024-03-27T19:59:33Z,26.594373,-77.120698,2.89,67.4,1,8,1.2
2024-03-27T19:59:38Z,26.594400,-77.120632,2.79,65.7,1,9,1.0
2024-03-27T19:59:43Z,26.594435,-77.120558,3.08,67.4,1,9,1.0
2024-03-27T19:59:53Z,26.594503,-77.120412,3.39,63.0,1,8,1.1
2024-03-27T19:59:58Z,26.594543,-77.120340,3.22,65.3,1,9,1.0
2024-03-27T20:00:03Z,26.594577,-77.120268,3.04,73.2,1,9,1.0
2024-03-27T20:00:08Z,26.594605,-77.120198,2.84,67.9,1,7,1.2
2024-03-27T20:00:13Z,26.594628,-77.120133,2.70,71.0,1,9,1.0
2024-03-27T20:00:18Z,26.594643,-77.120075,2.59,71.1,1,9,1.0
2024-03-27T20:00:28Z,26.594678,-77.119968,2.11,64.8,1,9,1.0
2024-03-27T20:00:33Z,26.594695,-77.119923,1.45,69.1,1,9,1.0
2024-03-27T20:00:38Z,26.594718,-77.119880,1.98,65.3,1,9,1.0
2024-03-27T20:00:43Z,26.594747,-77.119835,1.73,53.1,1,8,1.0
2024-03-27T20:00:48Z,26.594763,-77.119793,1.72,57.5,1,9,1.0
2024-03-27T20:00:53Z,26.594780,-77.119752,1.90,59.5,1,9,1.0
2024-03-27T20:01:03Z,26.594825,-77.119670,1.80,49.2,1,9,1.0
2024-03-27T20:01:08Z,26.594850,-77.119645,2.14,39.0,1,9,1.0
2024-03-27T20:01:13Z,26.594892,-77.119605,2.50,59.1,1,9,1.0
2024-03-27T20:01:18Z,26.594930,-77.119547,2.84,49.0,1,9,1.0
2024-03-27T20:01:23Z,26.594972,-77.119490,3.22,46.3,1,9,1.0
2024-03-27T20:01:28Z,26.595018,-77.119427,3.25,57.3,1,9,1.0
2024-03-27T20:01:38Z,26.595083,-77.119268,3.14,68.5,1,9,1.0
2024-03-27T20:01:43Z,26.595132,-77.119188,3.57,61.6,1,9,1.0
2024-03-27T20:01:48Z,26.595157,-77.119112,3.50,74.6,1,9,1.0
2024-03-27T20:01:53Z,26.595193,-77.119040,3.34,67.0,1,9,1.0
2024-03-27T20:01:58Z,26.595227,-77.118968,3.01,74.4,1,9,1.0
2024-03-27T20:02:03Z,26.595252,-77.118900,2.84,73.1,1,9,1.0
2024-03-27T20:02:13Z,26.595273,-77.118777,2.41,82.1,1,9,1.0
2024-03-27T20:02:18Z,26.595280,-77.118730,2.00,83.1,1,9,1.0
2024-03-27T20:02:23Z,26.595285,-77.118687,1.54,80.2,1,9,1.0
2024-03-27T20:02:28Z,26.595290,-77.118657,1.29,64.5,1,9,1.0
2024-03-27T20:02:33Z,26.595293,-77.118620,1.18,75.3,1,9,1.0
2024-03-27T20:02:38Z,26.595302,-77.118593,1.07,72.7,1,9,1.0
2024-03-27T20:02:48Z,26.595318,-77.118558,0.60,88.3,1,9,1.0
2024-03-27T20:02:53Z,26.595315,-77.118552,0.46,135.5,1,9,1.0
2024-03-27T20:02:58Z,26.595308,-77.118550,0.88,196.8,1,9,1.0
2024-03-27T20:03:03Z,26.595287,-77.118562,1.38,198.9,1,9,1.0
2024-03-27T20:03:08Z,26.595260,-77.118587,1.74,220.6,1,9,1.0
2024-03-27T20:03:13Z,26.595227,-77.118615,1.66,204.2,1,9,1.0
2024-03-27T20:03:23Z,26.595162,-77.118617,1.37,164.4,1,9,1.0
2024-03-27T20:03:28Z,26.595137,-77.118605,1.08,168.6,1,8,1.2
2024-03-27T20:03:33Z,26.595115,-77.118598,1.00,120.8,1,7,1.5
2024-03-27T20:03:38Z,26.595107,-77.118567,1.48,110.5,1,9,1.0
2024-03-27T20:03:43Z,26.595100,-77.118542,1.16,97.4,1,8,1.2
2024-03-27T20:03:48Z,26.595105,-77.118520,1.42,61.0,1,9,1.0
2024-03-27T20:03:58Z,26.595168,-77.118442,2.84,37.9,1,9,1.0
2024-03-27T20:04:03Z,26.595233,-77.118390,3.16,40.0,1,8,1.1
2024-03-27T20:04:08Z,26.595303,-77.118338,3.72,40.4,1,9,1.0
2024-03-27T20:04:13Z,26.595368,-77.118282,3.70,41.0,1,9,1.0
2024-03-27T20:04:18Z,26.595437,-77.118218,4.23,42.6,1,9,1.0
2024-03-27T20:04:23Z,26.595503,-77.118148,4.16,51.0,1,9,1.0
2024-03-27T20:04:33Z,26.595640,-77.117985,4.32,47.4,1,9,1.0
2024-03-27T20:04:38Z,26.595683,-77.117893,3.86,62.4,1,8,1.1
2024-03-27T20:04:43Z,26.595727,-77.117813,3.56,52.2,1,9,1.0
2024-03-27T20:04:48Z,26.595772,-77.117742,3.49,54.0,1,9,1.0
2024-03-27T20:04:53Z,26.595818,-77.117668,3.30,55.4,1,9,1.0
2024-03-27T20:04:58Z,26.595858,-77.117598,3.30,59.6,1,9,1.0
2024-03-27T20:05:08Z,26.595955,-77.117463,3.32,52.3,1,9,0.9
2024-03-27T20:05:13Z,26.595990,-77.117388,3.48,52.8,1,9,0.9
2024-03-27T20:05:18Z,26.596038,-77.117337,3.07,52.0,1,8,1.1
2024-03-27T20:05:23Z,26.596083,-77.117257,3.17,62.5,1,9,0.9
2024-03-27T20:05:28Z,26.596132,-77.117203,2.97,56.4,1,8,1.1
2024-03-27T20:05:33Z,26.596142,-77.117133,2.66,60.3,1,9,0.9
2024-03-27T20:05:43Z,26.596215,-77.117018,2.77,41.9,1,9,0.9
2024-03-27T20:05:48Z,26.596247,-77.116947,2.98,57.7,1,8,1.1
2024-03-27T20:05:53Z,26.596302,-77.116905,2.89,51.1,1,8,1.1
2024-03-27T20:05:58Z,26.596333,-77.116843,2.95,51.0,1,8,1.1
2024-03-27T20:06:03Z,26.596375,-77.116783,2.99,64.5,1,8,1.1
2024-03-27T20:06:08Z,26.596412,-77.116720,2.79,51.6,1,9,0.9
2024-03-27T20:06:18Z,26.596503,-77.116603,3.07,54.0,1,9,0.9
2024-03-27T20:06:23Z,26.596547,-77.116545,2.97,50.0,1,9,0.9
2024-03-27T20:06:28Z,26.596602,-77.116492,2.97,49.1,1,9,0.9
2024-03-27T20:06:33Z,26.596637,-77.116430,2.91,56.7,1,9,0.9
2024-03-27T20:06:38Z,26.596680,-77.116373,3.02,47.4,1,9,0.9
2024-03-27T20:06:43Z,26.596725,-77.116315,3.21,42.5,1,9,0.9
2024-03-27T20:06:53Z,26.596812,-77.116195,3.08,63.4,2,8,1.1
2024-03-27T20:06:58Z,26.596857,-77.116128,3.50,54.6,2,8,1.1
2024-03-27T20:07:03Z,26.596898,-77.116053,3.78,52.3,2,8,1.1
2024-03-27T20:07:08Z,26.596940,-77.115972,3.73,56.2,2,9,0.9
2024-03-27T20:07:13Z,26.596990,-77.115893,3.74,56.7,2,9,0.9
2024-03-27T20:07:18Z,26.597040,-77.115812,3.67,54.9,2,9,0.9
2024-03-27T20:07:28Z,26.597155,-77.115665,3.56,55.1,2,10,0.8
2024-03-27T20:07:33Z,26.597208,-77.115587,3.67,53.2,1,9,0.9
2024-03-27T20:07:38Z,26.597260,-77.115508,3.78,52.1,1,9,0.9
2024-03-27T20:07:43Z,26.597313,-77.115432,3.59,55.2,1,9,0.9
2024-03-27T20:07:48Z,26.597358,-77.115358,3.60,55.4,1,9,0.9
2024-03-27T20:07:53Z,26.597413,-77.115282,3.92,49.9,1,9,0.9
2024-03-27T20:08:03Z,26.597522,-77.115120,4.04,51.7,1,9,0.9
2024-03-27T20:08:08Z,26.597578,-77.115037,4.10,53.4,1,9,0.9
2024-03-27T20:08:13Z,26.597637,-77.114953,4.41,55.1,1,9,0.9
2024-03-27T20:08:18Z,26.597698,-77.114853,4.75,58.9,1,9,0.9
2024-03-27T20:08:23Z,26.597750,-77.114740,5.00,62.8,1,10,0.8
2024-03-27T20:08:28Z,26.597803,-77.114635,4.46,62.9,1,10,0.8
2024-03-27T20:08:33Z,26.597857,-77.114535,4.37,66.6,1,10,0.8
2024-03-27T20:08:38Z,26.597905,-77.114432,4.62,62.5,1,10,0.8
2024-03-27T20:08:43Z,26.597947,-77.114325,4.46,67.8,1,10,0.8
2024-03-27T20:08:48Z,26.597980,-77.114213,4.47,67.2,1,10,0.8
2024-03-27T20:08:53Z,26.598007,-77.114105,4.23,82.9,1,10,0.8
2024-03-27T20:08:58Z,26.598018,-77.114000,3.53,87.4,1,10,0.8
2024-03-27T20:09:03Z,26.598023,-77.113908,3.30,83.7,1,10,0.8
2024-03-27T20:09:08Z,26.598035,-77.113825,3.09,76.0,1,10,0.8
2024-03-27T20:09:13Z,26.598048,-77.113753,2.72,78.7,1,10,0.8
2024-03-27T20:09:18Z,26.598073,-77.113693,2.64,71.8,1,10,0.8
2024-03-27T20:09:23Z,26.598110,-77.113637,2.75,56.5,1,10,0.8
2024-03-27T20:09:28Z,26.598142,-77.113575,2.68,60.9,1,10,0.8
2024-03-27T20:09:33Z,26.598177,-77.113520,2.74,49.4,1,10,0.8
2024-03-27T20:09:43Z,26.598273,-77.113403,3.34,55.9,1,10,0.8
2024-03-27T20:09:48Z,26.598317,-77.113335,3.34,53.2,1,10,0.8
2024-03-27T20:09:53Z,26.598360,-77.113263,3.52,52.8,1,10,0.8
2024-03-27T20:09:58Z,26.598407,-77.113188,3.64,53.5,1,10,0.8
2024-03-27T20:10:03Z,26.598453,-77.113113,3.24,60.4,1,10,0.8
2024-03-27T20:10:08Z,26.598500,-77.113040,3.22,60.7,1,10,0.8
2024-03-27T20:10:13Z,26.598543,-77.112967,3.18,59.6,1,10,0.8
2024-03-27T20:10:18Z,26.598588,-77.112892,3.46,59.5,1,10,0.8
2024-03-27T20:10:23Z,26.598627,-77.112808,3.58,60.1,1,10,0.8
2024-03-27T20:10:28Z,26.598665,-77.112730,3.36,60.9,1,10,0.8
2024-03-27T20:10:33Z,26.598700,-77.112653,3.31,59.7,1,10,0.8
2024-03-27T20:10:38Z,26.598738,-77.112578,3.63,60.7,1,11,0.8
2024-03-27T20:10:43Z,26.598778,-77.112502,3.41,59.5,1,11,0.8
2024-03-27T20:10:48Z,26.598817,-77.112428,3.18,60.0,1,11,0.8
2024-03-27T20:10:53Z,26.598858,-77.112348,3.52,59.5,1,10,0.9
2024-03-27T20:10:58Z,26.598902,-77.112268,3.50,61.7,1,10,0.9
2024-03-27T20:11:03Z,26.598938,-77.112192,3.23,58.6,1,11,0.8
2024-03-27T20:11:08Z,26.598980,-77.112123,3.36,57.1,1,11,0.8
2024-03-27T20:11:13Z,26.599027,-77.112052,3.42,55.3,1,11,0.8
2024-03-27T20:11:18Z,26.599073,-77.111980,3.55,53.9,2,10,0.9
2024-03-27T20:11:28Z,26.599163,-77.111830,3.48,57.7,2,10,0.8
2024-03-27T20:11:33Z,26.599210,-77.111752,3.74,60.6,2,11,0.8
2024-03-27T20:11:38Z,26.599255,-77.111677,3.57,59.3,2,10,0.9
2024-03-27T20:11:43Z,26.599295,-77.111598,3.47,61.1,2,11,0.8
2024-03-27T20:11:48Z,26.599328,-77.111518,3.31,59.7,2,11,0.8
2024-03-27T20:11:53Z,26.599368,-77.111438,3.49,63.0,1,11,0.8
2024-03-27T20:12:03Z,26.599445,-77.111277,3.70,64.6,1,10,0.9
2024-03-27T20:12:08Z,26.599482,-77.111190,3.49,67.2,1,11,0.8
2024-03-27T20:12:13Z,26.599508,-77.111100,3.23,77.3,1,10,0.8
2024-03-27T20:12:18Z,26.599517,-77.111020,2.88,88.1,1,11,0.8
2024-03-27T20:12:23Z,26.599507,-77.110962,2.03,102.8,1,11,0.8
2024-03-27T20:12:28Z,26.599487,-77.110918,1.72,138.6,1,10,0.8
2024-03-27T20:12:38Z,26.599418,-77.110898,1.73,200.6,1,11,0.8
2024-03-27T20:12:43Z,26.599387,-77.110922,1.66,212.5,1,11,0.8
2024-03-27T20:12:48Z,26.599352,-77.110953,2.06,219.0,1,11,0.8
2024-03-27T20:12:53Z,26.599318,-77.110990,1.89,228.9,1,11,0.8
2024-03-27T20:12:58Z,26.599297,-77.111035,1.97,226.0,1,11,0.8
2024-03-27T20:13:03Z,26.599272,-77.111075,2.10,230.1,1,11,0.8
2024-03-27T20:13:08Z,26.599260,-77.111117,1.70,250.5,1,11,0.8
2024-03-27T20:13:18Z,26.599263,-77.111198,1.51,285.7,1,11,0.8
2024-03-27T20:13:23Z,26.599263,-77.111242,1.92,270.4,1,11,0.8
2024-03-27T20:13:28Z,26.599257,-77.111302,2.04,266.6,2,11,0.8
2024-03-27T20:13:33Z,26.599257,-77.111353,1.65,279.9,2,11,0.8
2024-03-27T20:13:38Z,26.599277,-77.111385,0.99,312.6,2,11,0.8
2024-03-27T20:13:43Z,26.599290,-77.111408,1.10,297.4,2,11,0.8
2024-03-27T20:13:48Z,26.599297,-77.111437,1.03,297.6,2,11,0.8
2024-03-27T20:13:53Z,26.599302,-77.111473,1.32,291.2,2,11,0.8
2024-03-27T20:13:58Z,26.599313,-77.111515,2.01,286.9,2,11,0.8
2024-03-27T20:14:03Z,26.599333,-77.111568,2.76,288.7,2,11,0.8
2024-03-27T20:14:08Z,26.599363,-77.111620,2.67,295.3,2,11,0.8
2024-03-27T20:14:13Z,26.599390,-77.111675,2.48,299.4,2,11,0.8
2024-03-27T20:14:18Z,26.599412,-77.111722,1.65,289.8,2,11,0.8
2024-03-27T20:14:23Z,26.599417,-77.111752,0.36,286.1,2,11,0.8
2024-03-27T20:14:28Z,26.599418,-77.111772,0.74,277.9,2,11,0.8
2024-03-27T20:14:33Z,26.599432,-77.111797,1.29,303.6,2,11,0.8
2024-03-27T20:14:38Z,26.599448,-77.111837,1.60,295.3,2,11,0.8
2024-03-27T20:14:43Z,26.599460,-77.111878,1.51,282.2,2,11,0.8
2024-03-27T20:14:48Z,26.599465,-77.111922,1.41,284.3,2,11,0.8
2024-03-27T20:14:53Z,26.599465,-77.111967,1.68,273.2,2,11,0.8
2024-03-27T20:14:58Z,26.599465,-77.112008,1.53,271.4,2,11,0.8
2024-03-27T20:15:03Z,26.599460,-77.112052,1.78,257.7,2,11,0.8
2024-03-27T20:15:08Z,26.599448,-77.112098,1.94,251.5,2,11,0.8
2024-03-27T20:15:13Z,26.599435,-77.112143,1.76,240.9,2,11,0.8
2024-03-27T20:15:18Z,26.599418,-77.112187,1.74,235.5,1,11,0.8
2024-03-27T20:15:23Z,26.599398,-77.112225,1.47,232.2,1,11,0.8
2024-03-27T20:15:28Z,26.599380,-77.112260,1.76,223.2,2,11,0.8
2024-03-27T20:15:33Z,26.599343,-77.112283,1.97,196.6,2,11,0.8
2024-03-27T20:15:38Z,26.599300,-77.112282,2.22,159.1,2,11,0.8
2024-03-27T20:15:43Z,26.599257,-77.112248,2.27,138.6,2,10,0.8
2024-03-27T20:15:53Z,26.599172,-77.112132,3.06,120.8,1,11,0.8
2024-03-27T20:15:58Z,26.599128,-77.112060,3.56,124.5,1,11,0.8
2024-03-27T20:16:03Z,26.599077,-77.111978,4.20,127.5,1,11,0.8
2024-03-27T20:16:08Z,26.599010,-77.111893,4.55,133.7,1,10,0.8
2024-03-27T20:16:13Z,26.598935,-77.111813,4.57,137.0,1,10,0.8
2024-03-27T20:16:18Z,26.598858,-77.111738,4.62,138.1,1,11,0.8
2024-03-27T20:16:23Z,26.598780,-77.111658,4.66,138.7,1,11,0.8
2024-03-27T20:16:28Z,26.598695,-77.111580,4.78,140.7,1,9,1.0
2024-03-27T20:16:33Z,26.598600,-77.111515,5.16,149.8,1,10,0.8
2024-03-27T20:16:38Z,26.598498,-77.111453,4.80,153.2,1,11,0.8
2024-03-27T20:16:43Z,26.598393,-77.111392,5.09,153.6,1,10,0.8
2024-03-27T20:16:48Z,26.598283,-77.111340,5.00,159.7,1,10,0.8
2024-03-27T20:16:53Z,26.598170,-77.111305,5.31,162.3,1,11,0.8
2024-03-27T20:16:58Z,26.598052,-77.111265,5.10,162.3,1,11,0.8
2024-03-27T20:17:03Z,26.597937,-77.111222,5.32,161.2,1,10,0.8
2024-03-27T20:17:08Z,26.597822,-77.111173,5.27,157.8,1,10,0.8
2024-03-27T20:17:13Z,26.597712,-77.111125,5.07,156.2,1,11,0.8
2024-03-27T20:17:18Z,26.597603,-77.111070,5.27,154.2,1,11,0.8
2024-03-27T20:17:23Z,26.597492,-77.111013,5.40,153.8,1,11,0.8
2024-03-27T20:17:28Z,26.597380,-77.110958,5.63,153.6,1,11,0.8
2024-03-27T20:17:33Z,26.597272,-77.110910,5.29,153.7,1,11,0.8
2024-03-27T20:17:38Z,26.597163,-77.110863,5.03,157.7,1,11,0.8
2024-03-27T20:17:43Z,26.597057,-77.110807,5.46,150.5,1,11,0.8
2024-03-27T20:17:48Z,26.596948,-77.110743,5.21,152.2,1,11,0.8
2024-03-27T20:17:58Z,26.596735,-77.110630,5.05,153.3,1,10,0.8
2024-03-27T20:18:03Z,26.596627,-77.110578,5.31,153.9,1,11,0.8
2024-03-27T20:18:08Z,26.596518,-77.110522,5.12,153.2,1,10,0.8
2024-03-27T20:18:13Z,26.596415,-77.110457,5.22,149.8,1,11,0.8
2024-03-27T20:18:18Z,26.596310,-77.110400,5.07,156.1,1,11,0.8
2024-03-27T20:18:28Z,26.596097,-77.110298,5.11,155.8,1,11,0.8
2024-03-27T20:18:33Z,26.595990,-77.110237,5.13,150.8,1,11,0.8
2024-03-27T20:18:38Z,26.595887,-77.110177,4.98,153.6,1,11,0.8
2024-03-27T20:18:43Z,26.595783,-77.110120,4.98,153.9,1,11,0.8
2024-03-27T20:18:48Z,26.595682,-77.110058,4.98,152.5,1,11,0.8
2024-03-27T20:18:53Z,26.595577,-77.109998,5.19,152.2,1,11,0.8
2024-03-27T20:19:03Z,26.595372,-77.109887,4.80,155.7,1,11,0.8
2024-03-27T20:19:08Z,26.595268,-77.109830,4.93,150.1,1,11,0.8
2024-03-27T20:19:13Z,26.595167,-77.109770,5.02,150.7,1,11,0.8
2024-03-27T20:19:18Z,26.595063,-77.109708,4.93,152.2,1,10,0.8
2024-03-27T20:19:23Z,26.594958,-77.109650,5.08,155.2,1,10,0.8
2024-03-27T20:19:33Z,26.594750,-77.109522,5.04,150.9,1,10,0.8
2024-03-27T20:19:38Z,26.594650,-77.109460,5.22,150.9,1,10,0.8
2024-03-27T20:19:43Z,26.594547,-77.109393,5.19,149.0,1,10,0.8
2024-03-27T20:19:48Z,26.594443,-77.109335,5.12,152.5,1,10,0.8
2024-03-27T20:19:53Z,26.594338,-77.109277,5.29,153.8,1,11,0.8
2024-03-27T20:20:03Z,26.594130,-77.109158,5.06,150.9,1,11,0.8
2024-03-27T20:20:08Z,26.594028,-77.109097,5.10,152.1,1,11,0.8
2024-03-27T20:20:13Z,26.593923,-77.109035,5.07,154.1,1,10,0.8
2024-03-27T20:20:18Z,26.593817,-77.108975,5.29,153.8,1,10,0.8
2024-03-27T20:20:23Z,26.593712,-77.108915,5.15,151.8,1,10,0.8
2024-03-27T20:20:28Z,26.593608,-77.108853,5.15,148.8,1,10,0.8
2024-03-27T20:20:33Z,26.593507,-77.108787,5.07,147.9,1,10,0.8
2024-03-27T20:20:38Z,26.593405,-77.108718,5.25,151.4,1,11,0.8
2024-03-27T20:20:43Z,26.593298,-77.108655,5.20,151.2,1,10,0.8
2024-03-27T20:20:48Z,26.593193,-77.108592,5.16,151.2,1,10,0.8
2024-03-27T20:20:53Z,26.593090,-77.108537,5.02,152.8,1,10,0.8
2024-03-27T20:20:58Z,26.592988,-77.108468,5.08,149.9,1,11,0.8
2024-03-27T20:21:08Z,26.592780,-77.108333,5.23,150.8,1,10,0.8
2024-03-27T20:21:13Z,26.592673,-77.108273,5.16,152.7,1,10,0.8
2024-03-27T20:21:18Z,26.592568,-77.108208,5.20,149.8,1,10,0.8
2024-03-27T20:21:23Z,26.592462,-77.108145,5.17,156.7,1,11,0.8
2024-03-27T20:21:28Z,26.592355,-77.108080,5.29,152.4,1,11,0.8
2024-03-27T20:21:33Z,26.592250,-77.108032,5.09,158.6,1,11,0.8
2024-03-27T20:21:38Z,26.592142,-77.107972,5.06,155.4,1,10,0.8
2024-03-27T20:21:43Z,26.592035,-77.107910,5.01,153.3,1,10,0.8
2024-03-27T20:21:48Z,26.591932,-77.107855,5.06,153.6,1,11,0.8
2024-03-27T20:21:53Z,26.591825,-77.107792,5.37,149.0,1,10,0.8
2024-03-27T20:21:58Z,26.591717,-77.107730,5.27,153.4,1,11,0.8
2024-03-27T20:22:03Z,26.591610,-77.107672,5.27,151.5,1,11,0.8
2024-03-27T20:22:08Z,26.591505,-77.107610,5.20,150.9,1,11,0.8
2024-03-27T20:22:13Z,26.591398,-77.107547,5.21,149.5,1,11,0.8
2024-03-27T20:22:18Z,26.591288,-77.107480,5.27,152.8,1,11,0.8
2024-03-27T20:22:23Z,26.591178,-77.107417,5.52,152.9,1,11,0.8
2024-03-27T20:22:28Z,26.591070,-77.107358,5.25,155.1,1,11,0.8
2024-03-27T20:22:33Z,26.590968,-77.107298,5.25,150.0,1,11,0.8
2024-03-27T20:22:38Z,26.590863,-77.107240,5.00,156.0,1,11,0.8
2024-03-27T20:22:43Z,26.590755,-77.107180,5.37,152.0,1,11,0.8
2024-03-27T20:22:48Z,26.590648,-77.107120,5.36,152.8,1,10,0.8
2024-03-27T20:22:53Z,26.590538,-77.107065,5.26,156.6,1,11,0.8
2024-03-27T20:22:58Z,26.590425,-77.107003,5.39,152.7,1,11,0.8
2024-03-27T20:23:03Z,26.590320,-77.106933,5.33,149.7,1,11,0.8
2024-03-27T20:23:08Z,26.590213,-77.106862,5.42,149.0,1,11,0.8
2024-03-27T20:23:13Z,26.590107,-77.106800,5.28,151.7,1,11,0.8
2024-03-27T20:23:18Z,26.589998,-77.106743,5.33,151.7,1,11,0.8
2024-03-27T20:23:23Z,26.589890,-77.106683,5.31,152.4,1,11,0.8
2024-03-27T20:23:28Z,26.589783,-77.106627,5.19,154.8,1,10,0.8
2024-03-27T20:23:33Z,26.589675,-77.106570,5.28,153.2,1,10,0.8
2024-03-27T20:23:38Z,26.589568,-77.106505,5.28,150.6,1,10,0.8
2024-03-27T20:23:43Z,26.589462,-77.106438,5.41,149.6,1,10,0.8
2024-03-27T20:23:48Z,26.589353,-77.106375,5.42,152.1,1,11,0.8
2024-03-27T20:23:53Z,26.589245,-77.106313,5.35,152.3,1,11,0.8
2024-03-27T20:23:58Z,26.589137,-77.106248,5.34,149.3,1,11,0.8
2024-03-27T20:24:03Z,26.589033,-77.106178,5.15,150.0,1,11,0.8
2024-03-27T20:24:08Z,26.588937,-77.106102,5.30,143.3,1,11,0.8
2024-03-27T20:24:13Z,26.588843,-77.106022,4.83,145.5,1,11,0.8
2024-03-27T20:24:18Z,26.588750,-77.105943,5.47,142.8,1,11,0.8
2024-03-27T20:24:23Z,26.588658,-77.105863,5.04,142.8,1,11,0.8
2024-03-27T20:24:28Z,26.588563,-77.105782,5.13,142.7,1,11,0.8
2024-03-27T20:24:33Z,26.588468,-77.105705,5.31,142.4,1,11,0.8
2024-03-27T20:24:43Z,26.588272,-77.105552,5.28,143.6,1,11,0.8
2024-03-27T20:24:48Z,26.588170,-77.105475,5.17,147.8,1,11,0.8
2024-03-27T20:24:53Z,26.588070,-77.105400,5.45,139.3,1,11,0.8
2024-03-27T20:24:58Z,26.587982,-77.105312,5.27,130.7,1,11,0.8
2024-03-27T20:25:03Z,26.587913,-77.105213,5.01,128.8,1,11,0.8
2024-03-27T20:25:08Z,26.587840,-77.105110,4.97,129.9,1,11,0.8
2024-03-27T20:25:13Z,26.587770,-77.105010,4.94,128.4,1,11,0.8
2024-03-27T20:25:18Z,26.587702,-77.104907,5.15,131.0,1,11,0.8
2024-03-27T20:25:23Z,26.587628,-77.104802,5.18,127.9,1,11,0.8
2024-03-27T20:25:28Z,26.587558,-77.104702,4.92,129.2,1,11,0.8
2024-03-27T20:25:33Z,26.587482,-77.104602,5.06,129.9,1,11,0.8
2024-03-27T20:25:38Z,26.587408,-77.104500,5.01,130.2,1,11,0.8
2024-03-27T20:25:43Z,26.587332,-77.104398,4.96,126.6,1,10,0.8
2024-03-27T20:25:48Z,26.587262,-77.104297,5.06,130.6,1,10,0.8
2024-03-27T20:25:58Z,26.587112,-77.104102,4.89,130.4,1,11,0.8
2024-03-27T20:26:03Z,26.587040,-77.103998,5.09,126.3,1,11,0.8
2024-03-27T20:26:08Z,26.586970,-77.103893,4.98,127.7,1,11,0.8
2024-03-27T20:26:13Z,26.586903,-77.103788,5.15,124.5,1,10,0.8
2024-03-27T20:26:18Z,26.586827,-77.103682,5.18,126.4,1,10,0.8
2024-03-27T20:26:23Z,26.586748,-77.103582,5.18,134.3,1,10,0.8
2024-03-27T20:26:33Z,26.586553,-77.103435,4.91,153.7,1,10,0.8
2024-03-27T20:26:38Z,26.586450,-77.103382,5.31,150.0,1,11,0.8
2024-03-27T20:26:43Z,26.586342,-77.103328,5.08,155.4,1,11,0.8
2024-03-27T20:26:48Z,26.586230,-77.103275,5.14,158.4,1,11,0.8
2024-03-27T20:26:53Z,26.586112,-77.103227,5.12,163.4,1,11,0.8
2024-03-27T20:26:58Z,26.585997,-77.103178,4.98,160.2,1,11,0.8
2024-03-27T20:27:03Z,26.585882,-77.103138,5.08,162.0,1,11,0.8
2024-03-27T20:27:08Z,26.585768,-77.103095,5.07,161.3,1,11,0.8
2024-03-27T20:27:13Z,26.585655,-77.103050,5.23,160.2,1,11,0.8
2024-03-27T20:27:18Z,26.585540,-77.103008,5.33,162.4,1,10,0.9
2024-03-27T20:27:23Z,26.585428,-77.102968,5.07,163.7,1,10,0.8
2024-03-27T20:27:28Z,26.585313,-77.102925,5.14,162.2,1,11,0.8
2024-03-27T20:27:33Z,26.585198,-77.102887,5.19,161.7,1,11,0.8
2024-03-27T20:27:38Z,26.585083,-77.102847,5.08,160.1,1,11,0.8
2024-03-27T20:27:43Z,26.584972,-77.102802,4.97,158.8,1,11,0.8
2024-03-27T20:27:48Z,26.584862,-77.102758,4.83,160.9,1,11,0.8
2024-03-27T20:27:53Z,26.584752,-77.102712,5.16,158.0,1,11,0.8
2024-03-27T20:27:58Z,26.584640,-77.102663,4.98,159.1,1,11,0.8
2024-03-27T20:28:03Z,26.584535,-77.102620,5.02,155.6,1,11,0.8
2024-03-27T20:28:08Z,26.584425,-77.102565,5.04,156.5,1,11,0.8
2024-03-27T20:28:13Z,26.584315,-77.102498,5.40,153.1,1,11,0.8
2024-03-27T20:28:23Z,26.584098,-77.102392,5.16,154.6,1,11,0.8
2024-03-27T20:28:28Z,26.583988,-77.102347,4.99,156.4,1,11,0.8
2024-03-27T20:28:33Z,26.583880,-77.102292,5.17,154.9,1,11,0.8
2024-03-27T20:28:38Z,26.583768,-77.102238,5.07,159.4,1,11,0.8
2024-03-27T20:28:43Z,26.583657,-77.102185,5.35,158.8,1,10,0.8
2024-03-27T20:28:48Z,26.583547,-77.102135,5.00,156.7,1,10,0.8
2024-03-27T20:28:53Z,26.583433,-77.102083,5.32,157.8,1,10,0.8
2024-03-27T20:28:58Z,26.583315,-77.102032,5.37,157.4,1,11,0.8
2024-03-27T20:29:03Z,26.583202,-77.101978,5.24,159.7,1,11,0.8
2024-03-27T20:29:08Z,26.583092,-77.101928,5.17,157.3,1,11,0.8
2024-03-27T20:29:13Z,26.582982,-77.101878,5.22,154.5,1,11,0.8
2024-03-27T20:29:18Z,26.582872,-77.101817,5.26,153.0,1,11,0.8
2024-03-27T20:29:23Z,26.582763,-77.101765,5.18,153.9,1,10,0.8
2024-03-27T20:29:28Z,26.582652,-77.101712,5.24,161.2,1,10,0.8
2024-03-27T20:29:33Z,26.582542,-77.101667,5.21,156.9,1,11,0.8
2024-03-27T20:29:38Z,26.582428,-77.101620,5.08,159.6,1,11,0.8
2024-03-27T20:29:43Z,26.582320,-77.101570,5.10,158.8,1,11,0.8
2024-03-27T20:29:48Z,26.582210,-77.101518,5.12,157.1,1,11,0.8
2024-03-27T20:29:53Z,26.582100,-77.101462,5.32,154.9,1,11,0.8
2024-03-27T20:29:58Z,26.581988,-77.101408,5.49,157.6,1,11,0.8
2024-03-27T20:30:03Z,26.581875,-77.101355,5.07,158.7,1,11,0.8
2024-03-27T20:30:13Z,26.581648,-77.101250,5.36,158.0,1,11,0.8
2024-03-27T20:30:18Z,26.581537,-77.101200,5.26,159.0,1,11,0.8
2024-03-27T20:30:23Z,26.581422,-77.101152,5.18,159.3,1,11,0.8
2024-03-27T20:30:28Z,26.581307,-77.101100,5.48,156.7,1,11,0.8
2024-03-27T20:30:33Z,26.581193,-77.101048,5.16,155.8,1,11,0.8
2024-03-27T20:30:38Z,26.581080,-77.100997,5.65,155.1,1,11,0.8
2024-03-27T20:30:43Z,26.580967,-77.100943,5.38,156.2,1,11,0.8
2024-03-27T20:30:48Z,26.580853,-77.100893,5.28,159.0,1,11,0.8
2024-03-27T20:30:53Z,26.580742,-77.100845,5.20,156.1,1,10,0.8
2024-03-27T20:30:58Z,26.580633,-77.100790,5.31,155.7,1,11,0.8
2024-03-27T20:31:03Z,26.580525,-77.100738,5.25,155.8,1,11,0.8
2024-03-27T20:31:08Z,26.580412,-77.100687,5.39,156.1,1,11,0.8
2024-03-27T20:31:13Z,26.580298,-77.100637,5.35,158.5,1,11,0.8
2024-03-27T20:31:18Z,26.580185,-77.100580,5.14,156.8,1,11,0.8
2024-03-27T20:31:23Z,26.580072,-77.100525,5.42,154.0,1,11,0.8
2024-03-27T20:31:28Z,26.579960,-77.100472,5.15,157.7,1,11,0.8
2024-03-27T20:31:33Z,26.579848,-77.100420,5.38,155.7,1,11,0.8
2024-03-27T20:31:38Z,26.579735,-77.100375,5.38,157.6,1,11,0.8
2024-03-27T20:31:43Z,26.579618,-77.100328,5.25,160.1,1,10,0.8
2024-03-27T20:31:48Z,26.579505,-77.100285,5.11,162.1,1,11,0.8
2024-03-27T20:31:53Z,26.579390,-77.100240,5.40,160.4,1,11,0.8
2024-03-27T20:32:03Z,26.579157,-77.100165,5.49,157.2,1,11,0.8
2024-03-27T20:32:08Z,26.579042,-77.100123,5.30,161.0,1,11,0.8
2024-03-27T20:32:13Z,26.578927,-77.100087,5.21,161.2,1,11,0.8
2024-03-27T20:32:18Z,26.578810,-77.100045,5.38,160.7,1,11,0.8
2024-03-27T20:32:23Z,26.578692,-77.100000,5.40,160.7,1,11,0.8
2024-03-27T20:32:28Z,26.578578,-77.099957,5.25,162.0,1,11,0.8
2024-03-27T20:32:33Z,26.578460,-77.099917,5.40,163.1,1,11,0.8
2024-03-27T20:32:38Z,26.578345,-77.099877,5.30,162.1,1,11,0.8
2024-03-27T20:32:43Z,26.578225,-77.099835,5.47,165.4,1,11,0.8
2024-03-27T20:32:48Z,26.578105,-77.099802,5.32,162.0,1,11,0.8
2024-03-27T20:32:53Z,26.577990,-77.099765,5.35,165.0,1,11,0.8
2024-03-27T20:32:58Z,26.577873,-77.099728,5.12,164.8,1,11,0.8
2024-03-27T20:33:03Z,26.577758,-77.099690,5.29,162.0,1,11,0.8
2024-03-27T20:33:08Z,26.577643,-77.099653,5.26,163.5,1,11,0.8
2024-03-27T20:33:18Z,26.577413,-77.099568,5.50,160.5,1,11,0.8
2024-03-27T20:33:23Z,26.577298,-77.099530,5.24,165.1,1,11,0.8
2024-03-27T20:33:28Z,26.577180,-77.099493,5.32,167.3,1,11,0.8
2024-03-27T20:33:33Z,26.577063,-77.099457,5.10,165.2,1,11,0.8
2024-03-27T20:33:38Z,26.576948,-77.099417,5.28,162.4,1,11,0.8
2024-03-27T20:33:43Z,26.576830,-77.099372,5.12,163.1,1,11,0.8
2024-03-27T20:33:48Z,26.576713,-77.099330,5.30,162.9,1,11,0.8
2024-03-27T20:33:58Z,26.576482,-77.099255,5.06,164.6,1,11,0.8
2024-03-27T20:34:03Z,26.576370,-77.099215,5.15,162.3,1,11,0.8
2024-03-27T20:34:08Z,26.576253,-77.099170,5.42,160.2,1,11,0.8
2024-03-27T20:34:13Z,26.576137,-77.099123,5.06,162.2,1,11,0.8
2024-03-27T20:34:18Z,26.576020,-77.099080,5.23,163.2,1,11,0.8
2024-03-27T20:34:23Z,26.575908,-77.099040,4.98,165.5,1,11,0.8
2024-03-27T20:34:28Z,26.575792,-77.098997,5.38,162.2,1,11,0.8
2024-03-27T20:34:33Z,26.575673,-77.098952,5.46,160.3,1,11,0.8
2024-03-27T20:34:38Z,26.575558,-77.098910,5.22,163.8,1,11,0.8
2024-03-27T20:34:43Z,26.575442,-77.098867,5.31,164.5,1,11,0.8
2024-03-27T20:34:48Z,26.575323,-77.098827,5.41,164.9,1,11,0.8
2024-03-27T20:34:53Z,26.575207,-77.098788,5.19,159.6,1,11,0.8
2024-03-27T20:34:58Z,26.575088,-77.098748,5.35,162.8,1,11,0.8
2024-03-27T20:35:03Z,26.574972,-77.098713,5.21,166.6,1,11,0.8
2024-03-27T20:35:13Z,26.574738,-77.098630,5.33,162.8,1,11,0.8
2024-03-27T20:35:18Z,26.574620,-77.098587,5.26,162.2,1,11,0.8
2024-03-27T20:35:23Z,26.574503,-77.098548,5.14,162.8,1,11,0.8
2024-03-27T20:35:28Z,26.574388,-77.098508,5.26,160.3,1,11,0.8
2024-03-27T20:35:33Z,26.574272,-77.098465,5.39,161.6,1,11,0.8
2024-03-27T20:35:38Z,26.574155,-77.098420,5.43,162.3,1,11,0.8
2024-03-27T20:35:43Z,26.574040,-77.098377,5.25,161.4,1,11,0.8
2024-03-27T20:35:53Z,26.573805,-77.098283,5.34,160.9,1,11,0.8
2024-03-27T20:35:58Z,26.573688,-77.098242,5.30,165.1,1,11,0.8
2024-03-27T20:36:03Z,26.573568,-77.098203,5.04,165.6,1,11,0.8
2024-03-27T20:36:08Z,26.573450,-77.098167,5.12,165.2,1,11,0.8
2024-03-27T20:36:13Z,26.573330,-77.098132,5.25,164.2,1,11,0.8
2024-03-27T20:36:18Z,26.573212,-77.098095,5.45,163.7,1,11,0.8
2024-03-27T20:36:23Z,26.573093,-77.098053,5.29,160.4,1,11,0.8
2024-03-27T20:36:33Z,26.572858,-77.097975,5.24,160.9,1,11,0.8
2024-03-27T20:36:38Z,26.572742,-77.097925,5.22,160.4,1,11,0.8
2024-03-27T20:36:43Z,26.572627,-77.097885,5.14,162.3,1,11,0.8
2024-03-27T20:36:48Z,26.572508,-77.097840,5.44,158.7,1,11,0.8
2024-03-27T20:36:53Z,26.572392,-77.097797,5.08,162.5,1,11,0.8
2024-03-27T20:36:58Z,26.572280,-77.097758,5.22,161.9,1,11,0.8
2024-03-27T20:37:03Z,26.572162,-77.097715,5.33,161.5,1,11,0.8
2024-03-27T20:37:08Z,26.572045,-77.097670,5.35,160.5,1,11,0.8
2024-03-27T20:37:13Z,26.571928,-77.097628,5.44,162.4,1,11,0.8
2024-03-27T20:37:18Z,26.571812,-77.097587,5.37,164.4,1,11,0.8
2024-03-27T20:37:23Z,26.571695,-77.097550,5.34,162.9,1,11,0.8
2024-03-27T20:37:28Z,26.571580,-77.097518,5.10,166.0,1,11,0.8
2024-03-27T20:37:33Z,26.571462,-77.097475,5.50,160.3,1,11,0.8
2024-03-27T20:37:38Z,26.571342,-77.097430,5.48,163.1,1,10,0.8
2024-03-27T20:37:48Z,26.571095,-77.097368,5.28,170.3,1,11,0.8
2024-03-27T20:37:53Z,26.570970,-77.097340,5.40,168.3,1,11,0.8
2024-03-27T20:37:58Z,26.570847,-77.097315,5.47,170.8,1,11,0.8
2024-03-27T20:38:03Z,26.570723,-77.097290,5.27,169.4,1,11,0.8
2024-03-27T20:38:08Z,26.570607,-77.097263,5.19,167.9,1,11,0.8
2024-03-27T20:38:13Z,26.570487,-77.097230,5.17,165.7,1,11,0.8
2024-03-27T20:38:18Z,26.570373,-77.097200,4.83,166.0,1,11,0.8
2024-03-27T20:38:28Z,26.570155,-77.097132,4.84,163.6,1,10,0.8
2024-03-27T20:38:33Z,26.570047,-77.097098,4.84,163.9,1,10,0.8
2024-03-27T20:38:38Z,26.569948,-77.097077,3.94,171.2,1,10,0.8
2024-03-27T20:38:43Z,26.569868,-77.097057,3.25,166.3,1,9,0.9
2024-03-27T20:38:48Z,26.569807,-77.097042,2.59,164.5,1,10,0.8
2024-03-27T20:38:53Z,26.569750,-77.097017,2.39,155.4,1,10,0.8
2024-03-27T20:39:03Z,26.569668,-77.096958,2.48,136.9,1,10,0.8
2024-03-27T20:39:08Z,26.569633,-77.096912,2.37,133.9,1,10,0.8
2024-03-27T20:39:13Z,26.569598,-77.096853,2.78,133.1,1,10,0.8
2024-03-27T20:39:18Z,26.569543,-77.096800,2.95,140.5,1,10,0.8
2024-03-27T20:39:23Z,26.569497,-77.096758,2.51,143.4,1,10,0.8
2024-03-27T20:39:28Z,26.569462,-77.096728,1.85,157.2,1,10,0.8
2024-03-27T20:39:38Z,26.569412,-77.096682,1.27,148.5,1,10,0.8
2024-03-27T20:39:43Z,26.569392,-77.096667,0.91,181.3,1,10,0.8
2024-03-27T20:39:48Z,26.569387,-77.096662,0.29,198.2,1,10,0.8
2024-03-27T20:39:53Z,26.569383,-77.096670,0.49,218.2,1,10,0.8
2024-03-27T20:39:58Z,26.569380,-77.096685,0.54,240.1,1,10,0.8
2024-03-27T20:40:03Z,26.569375,-77.096690,0.54,207.5,1,10,0.8
2024-03-27T20:40:13Z,26.569363,-77.096720,0.52,260.7,1,10,0.8
2024-03-27T20:40:18Z,26.569360,-77.096733,0.51,260.6,1,10,0.8
2024-03-27T20:40:23Z,26.569360,-77.096750,0.61,266.3,1,10,0.8
2024-03-27T20:40:28Z,26.569362,-77.096768,0.85,284.3,1,10,0.8
2024-03-27T20:40:33Z,26.569363,-77.096787,0.44,266.5,1,10,0.8
2024-03-27T20:40:38Z,26.569365,-77.096797,0.58,281.9,1,10,0.8
2024-03-27T20:40:43Z,26.569370,-77.096812,0.59,282.1,1,10,0.8
2024-03-27T20:40:48Z,26.569375,-77.096822,0.57,297.7,1,10,0.8
2024-03-27T20:40:53Z,26.569382,-77.096832,0.34,309.1,1,10,0.8
2024-03-27T20:40:58Z,26.569392,-77.096837,0.34,330.1,1,10,0.8
2024-03-27T20:41:03Z,26.569400,-77.096842,0.51,326.5,1,10,0.8
2024-03-27T20:41:08Z,26.569408,-77.096847,0.75,312.9,1,10,0.8
2024-03-27T20:41:13Z,26.569420,-77.096857,0.44,325.3,1,10,0.8
2024-03-27T20:41:18Z,26.569432,-77.096860,0.70,333.9,1,10,0.8
2024-03-27T20:41:23Z,26.569443,-77.096863,0.38,7.8,1,10,0.8
2024-03-27T20:41:28Z,26.569452,-77.096862,0.39,10.6,1,9,0.9
2024-03-27T20:41:33Z,26.569465,-77.096870,0.73,321.3,1,10,0.8
2024-03-27T20:41:38Z,26.569477,-77.096872,0.31,349.2,1,10,0.8
2024-03-27T20:41:43Z,26.569488,-77.096880,0.69,315.8,1,10,0.8
2024-03-27T20:41:48Z,26.569497,-77.096888,0.48,308.6,1,10,0.8
2024-03-27T20:41:53Z,26.569502,-77.096893,0.11,10.7,1,10,0.8
2024-03-27T20:41:58Z,26.569505,-77.096895,0.18,215.2,1,10,0.8
2024-03-27T20:42:03Z,26.569507,-77.096897,0.66,202.9,1,9,0.9
2024-03-27T20:42:08Z,26.569503,-77.096895,0.47,203.5,1,10,0.8
2024-03-27T20:42:13Z,26.569492,-77.096898,0.36,156.8,1,10,0.8
2024-03-27T20:42:18Z,26.569488,-77.096907,0.37,201.7,1,10,0.8
2024-03-27T20:42:23Z,26.569488,-77.096917,0.81,242.6,1,10,0.8
2024-03-27T20:42:33Z,26.569480,-77.096930,0.10,93.5,1,10,0.8
2024-03-27T20:42:38Z,26.569480,-77.096930,0.26,199.2,1,9,0.9
2024-03-27T20:42:43Z,26.569472,-77.096938,0.35,201.2,1,9,0.9
2024-03-27T20:42:48Z,26.569468,-77.096940,0.52,210.1,1,9,0.9
2024-03-27T20:42:53Z,26.569462,-77.096947,0.15,203.9,1,8,1.1
2024-03-27T20:42:58Z,26.569467,-77.096950,0.37,226.5,1,9,0.9
2024-03-27T20:43:08Z,26.569475,-77.096953,0.22,2.5,1,10,0.8
2024-03-27T20:43:13Z,26.569475,-77.096952,0.22,88.1,1,10,0.8
2024-03-27T20:43:18Z,26.569473,-77.096948,0.22,210.7,1,10,0.8
2024-03-27T20:43:23Z,26.569473,-77.096947,0.08,82.0,1,10,0.8
2024-03-27T20:43:28Z,26.569478,-77.096937,0.14,106.1,1,10,0.8
2024-03-27T20:43:33Z,26.569480,-77.096933,0.28,110.8,1,10,0.8
2024-03-27T20:43:43Z,26.569478,-77.096945,0.07,257.6,1,10,0.8
2024-03-27T20:43:48Z,26.569480,-77.096948,0.09,36.8,1,10,0.8
2024-03-27T20:43:53Z,26.569485,-77.096948,0.09,86.4,1,10,0.8
2024-03-27T20:43:58Z,26.569490,-77.096950,0.18,338.4,1,10,0.8
2024-03-27T20:44:03Z,26.569487,-77.096952,0.26,118.5,1,10,0.8
2024-03-27T20:44:08Z,26.569477,-77.096957,0.50,233.0,1,10,0.8
2024-03-27T20:44:18Z,26.569465,-77.096957,0.40,213.2,1,10,0.8
2024-03-27T20:44:23Z,26.569457,-77.096957,0.30,144.8,1,10,0.8
2024-03-27T20:44:28Z,26.569455,-77.096950,0.14,178.9,1,10,0.8
2024-03-27T20:44:33Z,26.569452,-77.096952,0.09,291.9,1,10,0.8
2024-03-27T20:44:38Z,26.569455,-77.096952,0.30,246.5,1,9,0.9
2024-03-27T20:44:43Z,26.569457,-77.096950,0.19,192.5,1,9,0.9
2024-03-27T20:44:48Z,26.569460,-77.096953,0.33,346.5,1,9,0.9
2024-03-27T20:44:53Z,26.569467,-77.096955,0.15,335.3,1,9,0.9
2024-03-27T20:44:58Z,26.569473,-77.096957,0.17,326.9,1,9,0.9
2024-03-27T20:45:03Z,26.569478,-77.096955,0.21,352.6,1,10,0.8
2024-03-27T20:45:08Z,26.569480,-77.096955,0.23,271.3,1,10,0.8
2024-03-27T20:45:13Z,26.569485,-77.096955,0.34,89.6,1,10,0.8
2024-03-27T20:45:18Z,26.569487,-77.096950,0.02,18.8,1,10,0.8
2024-03-27T20:45:28Z,26.569485,-77.096943,0.54,72.8,1,10,0.8
2024-03-27T20:45:33Z,26.569485,-77.096942,0.17,149.6,1,10,0.8
2024-03-27T20:45:38Z,26.569485,-77.096940,0.25,81.5,1,10,0.8
2024-03-27T20:45:43Z,26.569485,-77.096937,0.20,232.1,1,10,0.8
2024-03-27T20:45:48Z,26.569485,-77.096937,0.05,296.0,1,9,0.9
2024-03-27T20:45:53Z,26.569487,-77.096940,0.05,274.5,1,9,0.9
2024-03-27T20:46:03Z,26.569482,-77.096950,0.31,191.6,1,10,0.8
2024-03-27T20:46:08Z,26.569473,-77.096955,0.44,207.0,1,10,0.8
2024-03-27T20:46:13Z,26.569467,-77.096955,0.34,145.4,1,9,0.9
2024-03-27T20:46:18Z,26.569462,-77.096953,0.37,171.2,1,9,0.9
2024-03-27T20:46:23Z,26.569457,-77.096952,0.31,179.1,1,10,0.8
2024-03-27T20:46:28Z,26.569450,-77.096950,0.28,158.3,1,10,0.8
2024-03-27T20:46:33Z,26.569443,-77.096952,0.41,200.8,1,10,0.8
2024-03-27T20:46:38Z,26.569440,-77.096960,0.70,226.6,1,10,0.8
2024-03-27T20:46:43Z,26.569440,-77.096963,0.33,237.0,1,10,0.8
2024-03-27T20:46:48Z,26.569440,-77.096965,0.31,248.4,1,10,0.8
2024-03-27T20:46:53Z,26.569438,-77.096965,0.09,216.8,1,10,0.8
2024-03-27T20:46:58Z,26.569443,-77.096965,0.15,262.2,1,9,0.9
2024-03-27T20:47:03Z,26.569445,-77.096968,0.19,230.5,1,10,0.8
2024-03-27T20:47:13Z,26.569458,-77.096963,0.03,112.2,1,10,0.8
2024-03-27T20:47:18Z,26.569462,-77.096958,0.26,59.1,1,9,0.9
2024-03-27T20:47:23Z,26.569462,-77.096953,0.37,53.9,1,10,0.8
2024-03-27T20:47:28Z,26.569467,-77.096948,0.37,60.8,1,10,0.8
2024-03-27T20:47:33Z,26.569467,-77.096947,0.13,211.1,1,10,0.8
2024-03-27T20:47:38Z,26.569470,-77.096943,0.08,237.0,1,10,0.8
2024-03-27T20:47:48Z,26.569477,-77.096942,0.20,287.6,1,10,0.8
2024-03-27T20:47:53Z,26.569478,-77.096940,0.14,105.2,1,10,0.8
2024-03-27T20:47:58Z,26.569480,-77.096943,0.29,315.1,1,10,0.8
2024-03-27T20:48:03Z,26.569480,-77.096947,0.13,211.7,1,10,0.8
2024-03-27T20:48:08Z,26.569477,-77.096947,0.22,172.4,1,9,0.9
2024-03-27T20:48:13Z,26.569473,-77.096947,0.24,141.7,1,9,0.9
2024-03-27T20:48:23Z,26.569465,-77.096948,0.29,199.2,1,10,0.8
2024-03-27T20:48:28Z,26.569457,-77.096948,0.33,126.3,1,10,0.8
2024-03-27T20:48:33Z,26.569455,-77.096947,0.36,191.8,1,10,0.8
2024-03-27T20:48:38Z,26.569453,-77.096948,0.17,181.1,1,10,0.8
2024-03-27T20:48:43Z,26.569450,-77.096950,0.27,202.5,1,10,0.8
2024-03-27T20:48:48Z,26.569443,-77.096955,0.31,194.8,1,10,0.8
2024-03-27T20:48:58Z,26.569440,-77.096958,0.21,252.3,1,10,0.8
2024-03-27T20:49:03Z,26.569440,-77.096960,0.18,143.7,1,10,0.8
2024-03-27T20:49:08Z,26.569440,-77.096962,0.14,138.5,1,10,0.8
2024-03-27T20:49:13Z,26.569442,-77.096957,0.09,93.3,1,10,0.8
2024-03-27T20:49:18Z,26.569433,-77.096958,0.56,204.0,1,9,0.9
2024-03-27T20:49:23Z,26.569428,-77.096963,0.16,217.1,1,9,0.9
2024-03-27T20:49:33Z,26.569425,-77.096967,0.06,17.2,1,10,0.8
2024-03-27T20:49:38Z,26.569423,-77.096968,0.20,47.6,1,10,0.8
2024-03-27T20:49:43Z,26.569425,-77.096965,0.22,106.9,1,9,0.9
2024-03-27T20:49:48Z,26.569427,-77.096962,0.11,69.7,1,10,0.8
2024-03-27T20:49:53Z,26.569430,-77.096958,0.06,163.1,1,10,0.8
2024-03-27T20:49:58Z,26.569437,-77.096958,0.14,40.4,1,10,0.8
2024-03-27T20:50:08Z,26.569440,-77.096955,0.05,32.2,1,10,0.8
2024-03-27T20:50:13Z,26.569445,-77.096955,0.28,32.6,1,9,0.9
2024-03-27T20:50:18Z,26.569447,-77.096957,0.07,118.6,1,9,0.9
2024-03-27T20:50:23Z,26.569450,-77.096957,0.01,329.8,1,10,0.8
2024-03-27T20:50:28Z,26.569453,-77.096957,0.05,118.6,1,10,0.8
2024-03-27T20:50:33Z,26.569457,-77.096955,0.17,70.8,1,10,0.8
2024-03-27T20:50:43Z,26.569457,-77.096953,0.11,189.9,1,10,0.8
2024-03-27T20:50:48Z,26.569460,-77.096952,0.02,316.9,1,10,0.8
2024-03-27T20:50:53Z,26.569462,-77.096952,0.09,28.1,1,10,0.8
2024-03-27T20:50:58Z,26.569463,-77.096948,0.14,163.2,1,10,0.8
2024-03-27T20:51:03Z,26.569463,-77.096952,0.09,310.6,1,10,0.8
2024-03-27T20:51:08Z,26.569460,-77.096952,0.43,184.9,1,9,0.9
2024-03-27T20:51:13Z,26.569457,-77.096948,0.31,115.1,1,10,0.8
2024-03-27T20:51:18Z,26.569455,-77.096950,0.20,198.1,1,10,0.8
2024-03-27T20:51:23Z,26.569452,-77.096950,0.15,125.7,1,10,0.8
2024-03-27T20:51:28Z,26.569450,-77.096947,0.24,227.1,1,10,0.8
2024-03-27T20:51:33Z,26.569448,-77.096950,0.37,244.2,1,10,0.8
2024-03-27T20:51:38Z,26.569455,-77.096955,0.09,285.1,1,11,0.8
2024-03-27T20:51:43Z,26.569460,-77.096955,0.03,278.3,1,10,0.8
2024-03-27T20:51:48Z,26.569467,-77.096952,0.19,194.6,1,11,0.8
2024-03-27T20:51:53Z,26.569472,-77.096947,0.16,66.1,1,11,0.8
2024-03-27T20:51:58Z,26.569477,-77.096942,0.35,55.4,1,11,0.8
2024-03-27T20:52:03Z,26.569480,-77.096937,0.30,60.2,1,11,0.8
2024-03-27T20:52:08Z,26.569483,-77.096933,0.28,65.0,1,11,0.8
2024-03-27T20:52:13Z,26.569487,-77.096928,0.32,43.9,1,11,0.8
2024-03-27T20:52:18Z,26.569490,-77.096923,0.09,65.1,1,11,0.8
2024-03-27T20:52:23Z,26.569493,-77.096925,0.30,41.4,1,11,0.8
2024-03-27T20:52:28Z,26.569498,-77.096927,0.17,33.7,1,11,0.8
2024-03-27T20:52:33Z,26.569500,-77.096928,0.06,201.4,1,11,0.8
2024-03-27T20:52:38Z,26.569502,-77.096927,0.06,188.2,1,11,0.8
2024-03-27T20:52:43Z,26.569500,-77.096927,0.20,125.0,1,11,0.8
2024-03-27T20:52:48Z,26.569497,-77.096927,0.32,136.1,1,11,0.8
2024-03-27T20:52:53Z,26.569495,-77.096930,0.34,176.2,1,11,0.8
2024-03-27T20:52:58Z,26.569490,-77.096932,0.56,162.1,1,11,0.8
2024-03-27T20:53:08Z,26.569492,-77.096928,0.10,110.9,1,11,0.8
2024-03-27T20:53:13Z,26.569490,-77.096932,0.23,231.5,1,11,0.8
2024-03-27T20:53:18Z,26.569485,-77.096935,0.33,180.8,1,11,0.8
2024-03-27T20:53:23Z,26.569488,-77.096938,0.08,39.9,1,11,0.8
2024-03-27T20:53:28Z,26.569488,-77.096940,0.42,229.1,1,11,0.8
2024-03-27T20:53:33Z,26.569488,-77.096942,0.10,66.8,1,11,0.8
2024-03-27T20:53:38Z,26.569490,-77.096942,0.14,217.1,1,11,0.8
2024-03-27T20:53:43Z,26.569492,-77.096947,0.31,140.2,1,11,0.8
2024-03-27T20:53:48Z,26.569490,-77.096947,0.08,190.7,1,11,0.8
2024-03-27T20:53:53Z,26.569487,-77.096947,0.15,172.0,1,11,0.8
2024-03-27T20:53:58Z,26.569488,-77.096945,0.10,309.0,1,11,0.8
2024-03-27T20:54:03Z,26.569490,-77.096947,0.05,160.0,1,11,0.8
2024-03-27T20:54:08Z,26.569488,-77.096950,0.08,138.6,1,11,0.8
2024-03-27T20:54:13Z,26.569488,-77.096948,0.17,204.8,1,11,0.8
2024-03-27T20:54:23Z,26.569482,-77.096948,0.12,117.9,1,11,0.8
2024-03-27T20:54:28Z,26.569480,-77.096950,0.25,246.6,1,11,0.8
2024-03-27T20:54:33Z,26.569477,-77.096950,0.22,111.0,1,11,0.8
2024-03-27T20:54:38Z,26.569480,-77.096950,0.13,41.0,1,10,0.9
2024-03-27T20:54:43Z,26.569487,-77.096948,0.03,348.5,1,11,0.8
2024-03-27T20:54:48Z,26.569492,-77.096947,0.15,184.7,1,11,0.8
2024-03-27T20:54:53Z,26.569490,-77.096952,0.22,257.2,1,11,0.8
2024-03-27T20:54:58Z,26.569490,-77.096950,0.39,216.1,1,11,0.8
2024-03-27T20:55:03Z,26.569487,-77.096950,0.17,128.9,1,11,0.8
2024-03-27T20:55:08Z,26.569485,-77.096952,0.08,279.8,1,10,0.9
2024-03-27T20:55:13Z,26.569480,-77.096953,0.10,191.7,1,10,0.9
2024-03-27T20:55:18Z,26.569477,-77.096957,0.21,238.0,1,11,0.8
2024-03-27T20:55:23Z,26.569477,-77.096957,0.15,130.0,1,10,0.9
2024-03-27T20:55:28Z,26.569478,-77.096953,0.24,209.1,1,10,0.9
2024-03-27T20:55:33Z,26.569473,-77.096953,0.08,148.8,1,11,0.8
2024-03-27T20:55:38Z,26.569478,-77.096945,0.13,68.2,1,11,0.8
2024-03-27T20:55:43Z,26.569480,-77.096942,0.13,33.9,1,11,0.8
2024-03-27T20:55:48Z,26.569482,-77.096940,0.13,181.9,1,11,0.8
2024-03-27T20:55:53Z,26.569485,-77.096940,0.10,266.8,1,11,0.8
2024-03-27T20:55:58Z,26.569487,-77.096940,0.07,93.6,1,11,0.8
2024-03-27T20:56:03Z,26.569487,-77.096935,0.10,92.1,1,11,0.8
2024-03-27T20:56:13Z,26.569487,-77.096935,0.16,129.4,1,11,0.8
2024-03-27T20:56:18Z,26.569488,-77.096938,0.09,244.9,1,11,0.8
2024-03-27T20:56:23Z,26.569493,-77.096940,0.13,226.3,1,11,0.8
2024-03-27T20:56:28Z,26.569495,-77.096940,0.11,36.8,1,11,0.8
2024-03-27T20:56:33Z,26.569497,-77.096940,0.37,55.8,1,11,0.8
2024-03-27T20:56:38Z,26.569498,-77.096937,0.07,207.8,1,11,0.8
2024-03-27T20:56:43Z,26.569502,-77.096933,0.26,42.7,1,11,0.8
2024-03-27T20:56:48Z,26.569502,-77.096927,0.14,29.9,1,11,0.8
2024-03-27T20:56:53Z,26.569500,-77.096925,0.21,33.4,1,11,0.8
2024-03-27T20:56:58Z,26.569500,-77.096930,0.13,256.6,1,11,0.8
2024-03-27T20:57:03Z,26.569500,-77.096928,0.15,107.0,1,11,0.8
2024-03-27T20:57:08Z,26.569500,-77.096930,0.07,242.3,1,11,0.8
2024-03-27T20:57:13Z,26.569507,-77.096935,0.09,353.2,1,11,0.8
2024-03-27T20:57:18Z,26.569513,-77.096937,0.11,225.0,1,11,0.8
2024-03-27T20:57:23Z,26.569515,-77.096933,0.27,107.1,1,11,0.8
2024-03-27T20:57:28Z,26.569517,-77.096930,0.16,323.7,1,11,0.8
2024-03-27T20:57:33Z,26.569520,-77.096930,0.13,11.9,1,11,0.8
2024-03-27T20:57:38Z,26.569518,-77.096932,0.20,181.6,1,11,0.8
2024-03-27T20:57:43Z,26.569515,-77.096933,0.10,56.1,1,11,0.8
2024-03-27T20:57:48Z,26.569508,-77.096937,0.28,230.5,1,11,0.8
2024-03-27T20:57:53Z,26.569503,-77.096940,0.07,102.5,1,11,0.8
2024-03-27T20:58:03Z,26.569493,-77.096937,0.10,200.1,1,11,0.8
2024-03-27T20:58:08Z,26.569492,-77.096940,0.09,179.6,1,11,0.8
2024-03-27T20:58:13Z,26.569492,-77.096938,0.20,81.8,1,10,0.9
2024-03-27T20:58:18Z,26.569493,-77.096938,0.15,144.1,1,10,0.9
2024-03-27T20:58:23Z,26.569497,-77.096938,0.02,303.1,1,10,0.9
2024-03-27T20:58:28Z,26.569502,-77.096937,0.14,238.1,1,10,0.9
2024-03-27T20:58:33Z,26.569502,-77.096937,0.07,283.2,1,11,0.8
2024-03-27T20:58:38Z,26.569498,-77.096933,0.19,150.2,1,11,0.8
2024-03-27T20:58:43Z,26.569498,-77.096930,0.15,166.0,1,11,0.8
2024-03-27T20:58:48Z,26.569498,-77.096925,0.07,108.2,1,11,0.8
2024-03-27T20:58:53Z,26.569497,-77.096922,0.20,93.3,1,10,0.9
2024-03-27T20:58:58Z,26.569498,-77.096925,0.02,138.2,1,10,0.9
2024-03-27T20:59:03Z,26.569500,-77.096927,0.12,60.3,1,10,0.9
2024-03-27T20:59:13Z,26.569503,-77.096922,0.16,65.8,1,10,0.9
2024-03-27T20:59:18Z,26.569503,-77.096922,0.26,38.1,1,10,0.9
2024-03-27T20:59:23Z,26.569507,-77.096922,0.19,83.3,1,11,0.8
2024-03-27T20:59:28Z,26.569510,-77.096923,0.14,128.1,1,11,0.8
2024-03-27T20:59:33Z,26.569512,-77.096922,0.12,36.1,1,11,0.8
2024-03-27T20:59:38Z,26.569513,-77.096925,0.16,223.7,1,11,0.8
2024-03-27T20:59:48Z,26.569513,-77.096933,0.29,214.4,1,11,0.8
2024-03-27T20:59:53Z,26.569515,-77.096935,0.57,229.2,1,11,0.8
2024-03-27T20:59:58Z,26.569508,-77.096938,0.21,139.4,1,11,0.8
2024-03-27T21:00:03Z,26.569503,-77.096942,0.18,173.3,1,11,0.8
2024-03-27T21:00:08Z,26.569495,-77.096947,0.20,156.4,1,11,0.8
2024-03-27T21:00:13Z,26.569492,-77.096948,0.08,34.1,1,11,0.8
2024-03-27T21:00:23Z,26.569488,-77.096948,0.11,258.3,1,10,0.9
2024-03-27T21:00:28Z,26.569487,-77.096950,0.07,167.8,1,11,0.8
2024-03-27T21:00:33Z,26.569488,-77.096950,0.17,285.8,1,11,0.8
2024-03-27T21:00:38Z,26.569490,-77.096947,0.12,113.1,1,11,0.8
2024-03-27T21:00:43Z,26.569490,-77.096942,0.31,96.0,1,11,0.8
2024-03-27T21:00:48Z,26.569490,-77.096938,0.18,216.6,1,11,0.8
2024-03-27T21:00:53Z,26.569487,-77.096938,0.11,130.1,1,11,0.8
2024-03-27T21:00:58Z,26.569485,-77.096935,0.03,32.2,1,11,0.8
2024-03-27T21:01:03Z,26.569487,-77.096935,0.12,218.5,1,11,0.8
2024-03-27T21:01:08Z,26.569487,-77.096935,0.18,267.2,1,11,0.8
2024-03-27T21:01:13Z,26.569488,-77.096935,0.12,274.4,1,11,0.8
2024-03-27T21:01:18Z,26.569488,-77.096932,0.07,189.5,1,10,0.9
2024-03-27T21:01:23Z,26.569487,-77.096932,0.23,73.6,1,11,0.8
2024-03-27T21:01:28Z,26.569487,-77.096932,0.33,90.7,1,11,0.8
2024-03-27T21:01:33Z,26.569488,-77.096932,0.11,219.1,1,10,0.9
2024-03-27T21:01:38Z,26.569488,-77.096930,0.04,122.8,1,10,0.9
2024-03-27T21:01:43Z,26.569492,-77.096933,0.12,334.6,1,11,0.8
2024-03-27T21:01:48Z,26.569497,-77.096932,0.22,71.8,1,11,0.8
2024-03-27T21:01:53Z,26.569498,-77.096932,0.14,226.4,1,11,0.8
2024-03-27T21:01:58Z,26.569500,-77.096933,0.06,98.5,1,10,0.9
2024-03-27T21:02:03Z,26.569502,-77.096933,0.13,259.3,1,10,0.9
2024-03-27T21:02:08Z,26.569497,-77.096937,0.10,155.6,1,10,0.9
2024-03-27T21:02:13Z,26.569492,-77.096935,0.06,69.7,1,10,0.9
2024-03-27T21:02:18Z,26.569492,-77.096937,0.18,290.1,1,10,0.9
2024-03-27T21:02:23Z,26.569488,-77.096940,0.25,191.3,1,9,0.9
2024-03-27T21:02:28Z,26.569487,-77.096942,0.10,118.6,1,9,0.9
2024-03-27T21:02:33Z,26.569485,-77.096943,0.19,240.9,1,10,0.9
2024-03-27T21:02:43Z,26.569478,-77.096943,0.29,126.0,1,11,0.8
2024-03-27T21:02:48Z,26.569478,-77.096940,0.34,135.7,1,11,0.8
2024-03-27T21:02:53Z,26.569477,-77.096935,0.23,142.2,1,11,0.8
2024-03-27T21:02:58Z,26.569473,-77.096927,0.35,121.1,1,11,0.8
2024-03-27T21:03:03Z,26.569472,-77.096920,0.31,126.7,1,11,0.8
2024-03-27T21:03:08Z,26.569473,-77.096920,0.03,121.0,1,10,0.9
2024-03-27T21:03:13Z,26.569477,-77.096918,0.13,25.2,1,11,0.8
2024-03-27T21:03:23Z,26.569488,-77.096923,0.17,40.2,1,10,0.9
2024-03-27T21:03:28Z,26.569493,-77.096923,0.22,196.7,1,10,0.9
2024-03-27T21:03:33Z,26.569495,-77.096925,0.17,67.7,1,11,0.8
2024-03-27T21:03:38Z,26.569495,-77.096923,0.13,235.4,1,10,0.9
2024-03-27T21:03:43Z,26.569497,-77.096923,0.06,262.3,1,10,0.9
2024-03-27T21:03:48Z,26.569492,-77.096922,0.27,237.9,1,11,0.8
2024-03-27T21:03:58Z,26.569493,-77.096917,0.05,121.6,1,10,0.9
2024-03-27T21:04:03Z,26.569488,-77.096922,0.19,205.6,1,10,0.9
2024-03-27T21:04:08Z,26.569495,-77.096930,0.06,146.2,1,11,0.8
2024-03-27T21:04:13Z,26.569500,-77.096928,0.13,75.7,1,11,0.8
2024-03-27T21:04:18Z,26.569498,-77.096928,0.18,178.5,1,10,0.9
2024-03-27T21:04:23Z,26.569495,-77.096925,0.25,115.0,1,11,0.8
2024-03-27T21:04:33Z,26.569498,-77.096918,0.03,130.9,1,11,0.8
2024-03-27T21:04:38Z,26.569500,-77.096917,0.18,242.6,1,11,0.8
2024-03-27T21:04:43Z,26.569505,-77.096917,0.17,69.9,1,11,0.8
2024-03-27T21:04:48Z,26.569498,-77.096922,0.21,213.0,1,11,0.8
2024-03-27T21:04:53Z,26.569500,-77.096918,0.29,183.2,1,11,0.8
2024-03-27T21:04:58Z,26.569503,-77.096912,0.24,39.0,1,11,0.8
2024-03-27T21:05:08Z,26.569512,-77.096907,0.29,231.7,1,11,0.8
2024-03-27T21:05:13Z,26.569512,-77.096913,0.17,80.9,1,11,0.8
2024-03-27T21:05:18Z,26.569513,-77.096912,0.09,77.7,1,11,0.8
2024-03-27T21:05:23Z,26.569513,-77.096912,0.17,158.0,1,11,0.8
2024-03-27T21:05:28Z,26.569515,-77.096917,0.17,247.9,1,11,0.8
2024-03-27T21:05:33Z,26.569515,-77.096917,0.61,36.0,1,11,0.8
2024-03-27T21:05:43Z,26.569523,-77.096918,0.35,236.6,1,11,0.8
2024-03-27T21:05:48Z,26.569528,-77.096920,0.13,169.4,1,11,0.8
2024-03-27T21:05:53Z,26.569530,-77.096923,0.39,205.1,1,10,0.9
2024-03-27T21:05:58Z,26.569527,-77.096920,0.23,92.6,1,10,0.9
2024-03-27T21:06:03Z,26.569525,-77.096918,0.24,216.9,1,11,0.8
2024-03-27T21:06:08Z,26.569525,-77.096917,0.20,138.5,1,11,0.8
2024-03-27T21:06:18Z,26.569522,-77.096915,0.19,211.4,1,10,0.9
2024-03-27T21:06:23Z,26.569517,-77.096918,0.13,209.2,1,10,0.9
2024-03-27T21:06:28Z,26.569510,-77.096922,0.35,175.6,1,11,0.8
2024-03-27T21:06:33Z,26.569502,-77.096922,0.29,107.4,1,11,0.8
2024-03-27T21:06:38Z,26.569498,-77.096923,0.13,180.0,1,11,0.8
2024-03-27T21:06:43Z,26.569495,-77.096927,0.26,186.4,1,11,0.8
2024-03-27T21:06:48Z,26.569490,-77.096927,0.26,196.5,1,11,0.8
2024-03-27T21:06:53Z,26.569485,-77.096927,0.16,165.5,1,11,0.8
2024-03-27T21:06:58Z,26.569482,-77.096928,0.17,232.0,1,10,0.9
2024-03-27T21:07:03Z,26.569480,-77.096930,0.31,220.8,1,10,0.9
2024-03-27T21:07:08Z,26.569482,-77.096935,0.12,309.0,1,10,0.9
2024-03-27T21:07:13Z,26.569483,-77.096940,0.24,24.6,1,11,0.8
2024-03-27T21:07:18Z,26.569485,-77.096940,0.14,344.8,1,10,0.9
2024-03-27T21:07:28Z,26.569497,-77.096938,0.17,142.3,1,11,0.8
2024-03-27T21:07:33Z,26.569502,-77.096933,0.39,130.9,1,10,0.9
2024-03-27T21:07:38Z,26.569502,-77.096928,0.12,333.3,1,10,0.9
2024-03-27T21:07:43Z,26.569507,-77.096927,0.25,82.5,1,10,0.9
2024-03-27T21:07:48Z,26.569508,-77.096923,0.05,356.0,1,10,0.9
2024-03-27T21:07:53Z,26.569508,-77.096922,0.18,62.1,1,11,0.8
2024-03-27T21:08:03Z,26.569508,-77.096925,0.06,109.2,1,11,0.8
2024-03-27T21:08:08Z,26.569510,-77.096923,0.03,266.1,1,10,0.9
2024-03-27T21:08:13Z,26.569510,-77.096923,0.04,346.6,1,10,0.9
2024-03-27T21:08:18Z,26.569508,-77.096925,0.07,351.1,1,10,0.9
2024-03-27T21:08:23Z,26.569510,-77.096927,0.05,153.6,1,10,0.9
2024-03-27T21:08:28Z,26.569510,-77.096928,0.08,60.5,1,10,0.9
2024-03-27T21:08:33Z,26.569503,-77.096930,0.19,132.7,1,10,0.9
2024-03-27T21:08:38Z,26.569502,-77.096935,0.11,35.7,1,10,0.9
2024-03-27T21:08:43Z,26.569500,-77.096937,0.15,145.5,1,10,0.9
2024-03-27T21:08:48Z,26.569500,-77.096937,0.08,39.1,1,11,0.8
2024-03-27T21:08:53Z,26.569497,-77.096935,0.33,85.8,1,11,0.8
2024-03-27T21:08:58Z,26.569497,-77.096930,0.25,133.3,1,11,0.8
2024-03-27T21:09:03Z,26.569492,-77.096932,0.20,188.5,1,11,0.8
2024-03-27T21:09:08Z,26.569487,-77.096933,0.11,166.1,1,10,0.9
2024-03-27T21:09:13Z,26.569488,-77.096932,0.25,205.6,1,10,0.9
2024-03-27T21:09:18Z,26.569483,-77.096932,0.20,161.3,1,10,0.9
2024-03-27T21:09:23Z,26.569480,-77.096930,0.20,89.2,1,10,0.9
2024-03-27T21:09:28Z,26.569482,-77.096930,0.20,80.7,1,10,0.9
2024-03-27T21:09:33Z,26.569485,-77.096928,0.32,49.0,1,11,0.8
2024-03-27T21:09:38Z,26.569488,-77.096927,0.21,154.4,1,10,0.9
2024-03-27T21:09:48Z,26.569503,-77.096927,0.23,21.1,1,10,0.9
2024-03-27T21:09:53Z,26.569512,-77.096925,0.27,8.6,1,10,0.9
2024-03-27T21:09:58Z,26.569517,-77.096922,0.28,59.2,1,10,0.9
2024-03-27T21:10:03Z,26.569515,-77.096917,0.20,76.5,1,10,0.9
2024-03-27T21:10:08Z,26.569513,-77.096913,0.14,31.3,1,11,0.8
2024-03-27T21:10:13Z,26.569515,-77.096912,0.05,55.4,1,11,0.8
2024-03-27T21:10:18Z,26.569515,-77.096908,0.09,79.2,1,11,0.8
2024-03-27T21:10:23Z,26.569518,-77.096910,0.20,269.5,1,11,0.8
2024-03-27T21:10:28Z,26.569518,-77.096915,0.06,253.8,1,11,0.8
2024-03-27T21:10:33Z,26.569520,-77.096917,0.27,274.1,1,11,0.8
2024-03-27T21:10:38Z,26.569517,-77.096918,0.19,170.8,1,11,0.8
2024-03-27T21:10:43Z,26.569517,-77.096918,0.24,107.0,1,11,0.8
2024-03-27T21:10:48Z,26.569513,-77.096917,0.06,197.4,1,11,0.8
2024-03-27T21:10:53Z,26.569510,-77.096917,0.28,151.3,1,11,0.8
2024-03-27T21:10:58Z,26.569508,-77.096913,0.43,186.5,1,11,0.8
2024-03-27T21:11:03Z,26.569505,-77.096920,0.24,246.1,1,10,1.0
2024-03-27T21:11:08Z,26.569505,-77.096923,0.04,248.1,1,11,0.8
2024-03-27T21:11:13Z,26.569503,-77.096927,0.14,194.3,1,11,0.8
2024-03-27T21:11:18Z,26.569500,-77.096930,0.26,222.6,1,11,0.8
2024-03-27T21:11:23Z,26.569497,-77.096932,0.23,170.7,1,11,0.8
2024-03-27T21:11:28Z,26.569495,-77.096927,0.07,115.8,1,11,0.8
2024-03-27T21:11:38Z,26.569493,-77.096918,0.15,204.8,1,10,0.9
2024-03-27T21:11:43Z,26.569492,-77.096920,0.18,198.4,1,10,0.9
2024-03-27T21:11:48Z,26.569492,-77.096922,0.16,195.8,1,10,0.9
2024-03-27T21:11:53Z,26.569488,-77.096925,0.29,229.5,1,10,0.9
2024-03-27T21:11:58Z,26.569490,-77.096925,0.28,81.6,1,10,0.9
2024-03-27T21:12:03Z,26.569492,-77.096925,0.19,323.9,1,10,0.9
2024-03-27T21:12:08Z,26.569493,-77.096928,0.19,54.1,1,10,0.9
2024-03-27T21:12:13Z,26.569498,-77.096928,0.03,1.7,1,10,0.9
2024-03-27T21:12:18Z,26.569500,-77.096930,0.21,60.7,1,10,0.9
2024-03-27T21:12:23Z,26.569502,-77.096928,0.20,114.5,1,9,1.0
2024-03-27T21:12:28Z,26.569503,-77.096923,0.17,109.5,1,9,1.0
2024-03-27T21:12:33Z,26.569503,-77.096925,0.13,103.4,1,10,0.9
2024-03-27T21:12:38Z,26.569505,-77.096927,0.03,43.4,1,10,0.9
2024-03-27T21:12:48Z,26.569505,-77.096928,0.13,134.4,1,10,0.9
2024-03-27T21:12:53Z,26.569503,-77.096925,0.31,152.4,1,10,0.9
2024-03-27T21:12:58Z,26.569498,-77.096925,0.29,175.9,1,10,0.9
2024-03-27T21:13:03Z,26.569493,-77.096928,0.34,217.9,1,10,0.9
2024-03-27T21:13:08Z,26.569493,-77.096928,0.10,188.7,1,10,0.9
2024-03-27T21:13:13Z,26.569497,-77.096928,0.24,186.1,1,10,0.9
2024-03-27T21:13:18Z,26.569497,-77.096930,0.17,34.7,1,10,0.9
2024-03-27T21:13:23Z,26.569502,-77.096930,0.03,53.3,1,10,0.9
2024-03-27T21:13:28Z,26.569505,-77.096928,0.54,97.2,1,10,0.9
2024-03-27T21:13:33Z,26.569503,-77.096927,0.09,178.6,1,10,0.9
2024-03-27T21:13:38Z,26.569502,-77.096928,0.08,103.6,1,10,0.9
2024-03-27T21:13:43Z,26.569493,-77.096927,0.26,213.0,1,10,0.9
2024-03-27T21:13:48Z,26.569492,-77.096928,0.23,152.1,1,10,0.9
2024-03-27T21:13:53Z,26.569493,-77.096927,0.25,145.1,1,10,0.9
2024-03-27T21:13:58Z,26.569490,-77.096928,0.33,147.8,1,10,0.9
2024-03-27T21:14:03Z,26.569487,-77.096930,0.14,142.4,1,10,0.9
2024-03-27T21:14:08Z,26.569487,-77.096932,0.28,188.2,1,10,0.9
2024-03-27T21:14:13Z,26.569487,-77.096933,0.17,194.1,1,10,0.9
2024-03-27T21:14:18Z,26.569485,-77.096933,0.17,147.7,1,10,0.9
2024-03-27T21:14:23Z,26.569485,-77.096933,0.07,290.2,1,10,0.9
2024-03-27T21:14:33Z,26.569487,-77.096937,0.02,220.0,1,10,0.9
2024-03-27T21:14:38Z,26.569488,-77.096938,0.16,302.6,1,10,0.9
2024-03-27T21:14:43Z,26.569492,-77.096947,0.30,277.2,1,10,0.9
2024-03-27T21:14:48Z,26.569493,-77.096950,0.02,104.3,1,10,0.9
2024-03-27T21:14:53Z,26.569492,-77.096948,0.24,56.9,1,10,0.9
2024-03-27T21:14:58Z,26.569490,-77.096942,0.25,87.2,1,10,0.9
2024-03-27T21:15:08Z,26.569497,-77.096933,0.23,51.8,1,10,0.9
2024-03-27T21:15:13Z,26.569498,-77.096933,0.20,55.3,1,9,1.0
2024-03-27T21:15:18Z,26.569498,-77.096932,0.13,53.2,1,10,0.9
2024-03-27T21:15:23Z,26.569503,-77.096935,0.40,31.6,1,10,0.9
2024-03-27T21:15:28Z,26.569507,-77.096937,0.14,39.8,1,10,0.9
2024-03-27T21:15:33Z,26.569512,-77.096933,0.23,0.3,1,10,0.9
2024-03-27T21:15:43Z,26.569517,-77.096925,0.05,302.6,1,10,0.9
2024-03-27T21:15:48Z,26.569517,-77.096923,0.16,73.7,1,10,0.9
2024-03-27T21:15:53Z,26.569517,-77.096923,0.12,155.0,1,10,0.9
2024-03-27T21:15:58Z,26.569515,-77.096923,0.07,102.8,1,9,1.2
2024-03-27T21:16:03Z,26.569512,-77.096925,0.23,217.0,1,10,0.9
2024-03-27T21:16:08Z,26.569508,-77.096923,0.37,197.9,1,10,0.9
2024-03-27T21:16:18Z,26.569498,-77.096928,0.05,42.4,1,10,0.9
2024-03-27T21:16:23Z,26.569493,-77.096927,0.30,172.7,1,10,0.9
2024-03-27T21:16:28Z,26.569492,-77.096922,0.17,194.2,1,10,0.9
2024-03-27T21:16:33Z,26.569490,-77.096922,0.26,167.2,1,10,0.9
2024-03-27T21:16:38Z,26.569488,-77.096925,0.28,221.8,1,10,0.9
2024-03-27T21:16:43Z,26.569488,-77.096932,0.09,139.3,1,10,0.9
2024-03-27T21:16:48Z,26.569488,-77.096933,0.20,229.0,1,10,0.9
2024-03-27T21:16:53Z,26.569487,-77.096935,0.30,235.2,1,10,0.9
2024-03-27T21:16:58Z,26.569487,-77.096937,0.22,339.2,1,10,0.9
2024-03-27T21:17:03Z,26.569490,-77.096945,0.21,333.7,1,10,0.9
2024-03-27T21:17:08Z,26.569492,-77.096948,0.18,244.3,1,10,0.9
2024-03-27T21:17:13Z,26.569493,-77.096948,0.15,77.2,1,10,0.9
2024-03-27T21:17:18Z,26.569498,-77.096945,0.35,38.0,1,10,0.9
2024-03-27T21:17:23Z,26.569502,-77.096942,0.24,66.2,1,10,0.9
2024-03-27T21:17:28Z,26.569507,-77.096938,0.24,84.7,1,10,0.9
2024-03-27T21:17:33Z,26.569510,-77.096935,0.26,67.6,1,10,0.9
2024-03-27T21:17:38Z,26.569512,-77.096933,0.08,37.6,1,10,0.9
2024-03-27T21:17:43Z,26.569512,-77.096933,0.11,154.3,1,10,0.9
2024-03-27T21:17:48Z,26.569512,-77.096932,0.11,65.1,1,10,0.9
2024-03-27T21:17:53Z,26.569512,-77.096930,0.09,91.3,1,9,1.0
2024-03-27T21:18:03Z,26.569520,-77.096923,0.22,41.4,1,10,0.9
2024-03-27T21:18:08Z,26.569527,-77.096920,0.03,343.1,1,10,0.9
2024-03-27T21:18:13Z,26.569530,-77.096920,0.08,288.4,1,10,0.9
2024-03-27T21:18:18Z,26.569530,-77.096920,0.15,55.4,1,10,0.9
2024-03-27T21:18:23Z,26.569527,-77.096917,0.18,68.2,1,10,0.9
2024-03-27T21:18:28Z,26.569523,-77.096917,0.18,108.3,1,10,0.9
2024-03-27T21:18:38Z,26.569520,-77.096915,0.20,171.4,1,10,0.9
2024-03-27T21:18:43Z,26.569517,-77.096913,0.11,85.3,1,10,0.9
2024-03-27T21:18:48Z,26.569512,-77.096920,0.28,183.5,1,10,0.9
2024-03-27T21:18:53Z,26.569507,-77.096922,0.28,228.2,1,10,0.9
2024-03-27T21:18:58Z,26.569503,-77.096925,0.32,205.6,1,10,0.9
2024-03-27T21:19:03Z,26.569500,-77.096927,0.24,202.1,1,10,0.9
2024-03-27T21:19:08Z,26.569497,-77.096925,0.13,173.4,1,10,0.9
2024-03-27T21:19:13Z,26.569492,-77.096927,0.22,189.6,1,10,0.9
2024-03-27T21:19:18Z,26.569487,-77.096927,0.29,140.0,1,10,0.9
2024-03-27T21:19:23Z,26.569482,-77.096932,0.31,226.4,1,10,0.9
2024-03-27T21:19:28Z,26.569480,-77.096937,0.30,35.4,1,10,0.9
2024-03-27T21:19:33Z,26.569478,-77.096940,0.32,268.0,1,10,0.9
2024-03-27T21:19:38Z,26.569482,-77.096943,0.22,326.9,1,10,0.9
2024-03-27T21:19:43Z,26.569483,-77.096945,0.05,147.0,1,10,0.9
2024-03-27T21:19:48Z,26.569485,-77.096942,0.15,26.6,1,10,0.9
2024-03-27T21:19:53Z,26.569488,-77.096943,0.01,334.9,1,10,0.9
2024-03-27T21:19:58Z,26.569492,-77.096945,0.14,32.9,1,10,0.9
2024-03-27T21:20:03Z,26.569495,-77.096945,0.01,21.7,1,10,0.9
2024-03-27T21:20:08Z,26.569502,-77.096943,0.28,40.8,1,10,0.9
2024-03-27T21:20:13Z,26.569503,-77.096940,0.09,113.2,1,10,0.9
2024-03-27T21:20:18Z,26.569505,-77.096937,0.25,89.6,1,10,0.9
2024-03-27T21:20:23Z,26.569507,-77.096933,0.23,115.9,1,10,0.9
2024-03-27T21:20:28Z,26.569508,-77.096930,0.25,48.2,1,10,0.9
2024-03-27T21:20:33Z,26.569508,-77.096930,0.17,108.7,1,10,0.9
2024-03-27T21:20:38Z,26.569508,-77.096930,0.04,179.3,1,10,0.9
2024-03-27T21:20:43Z,26.569508,-77.096928,0.12,161.9,1,10,0.9
2024-03-27T21:20:48Z,26.569507,-77.096932,0.10,203.7,1,10,0.9
2024-03-27T21:20:53Z,26.569510,-77.096930,0.10,136.6,1,10,0.9
2024-03-27T21:20:58Z,26.569512,-77.096932,0.44,78.8,1,10,0.9
2024-03-27T21:21:03Z,26.569512,-77.096928,0.20,198.5,1,10,0.9
2024-03-27T21:21:08Z,26.569510,-77.096927,0.39,93.6,1,10,0.9
2024-03-27T21:21:13Z,26.569507,-77.096928,0.25,186.7,1,9,1.0
2024-03-27T21:21:18Z,26.569502,-77.096930,0.17,188.4,1,10,0.9
2024-03-27T21:21:23Z,26.569498,-77.096930,0.08,223.3,1,10,0.9
2024-03-27T21:21:33Z,26.569493,-77.096930,0.08,52.5,1,10,0.9
2024-03-27T21:21:38Z,26.569488,-77.096932,0.01,104.7,1,10,0.9
2024-03-27T21:21:43Z,26.569487,-77.096935,0.26,214.7,1,10,0.9
2024-03-27T21:21:48Z,26.569480,-77.096938,0.21,156.0,1,10,0.9
2024-03-27T21:21:53Z,26.569478,-77.096942,0.16,245.9,1,10,0.9
2024-03-27T21:21:58Z,26.569475,-77.096943,0.13,163.5,1,10,0.9
2024-03-27T21:22:08Z,26.569483,-77.096947,0.12,252.4,1,10,0.9
2024-03-27T21:22:13Z,26.569483,-77.096948,0.15,158.4,1,10,0.9
2024-03-27T21:22:18Z,26.569483,-77.096950,0.04,111.9,1,10,0.9
2024-03-27T21:22:23Z,26.569485,-77.096953,0.14,167.9,1,10,0.9
2024-03-27T21:22:28Z,26.569485,-77.096950,0.11,127.6,1,10,0.9
2024-03-27T21:22:33Z,26.569485,-77.096947,0.16,131.8,1,10,0.9
2024-03-27T21:22:43Z,26.569485,-77.096943,0.05,44.6,1,10,0.9
2024-03-27T21:22:48Z,26.569485,-77.096943,0.03,159.6,1,10,0.9
2024-03-27T21:22:53Z,26.569485,-77.096943,0.09,36.4,1,10,0.9
2024-03-27T21:22:58Z,26.569488,-77.096943,0.15,355.9,1,10,0.9
2024-03-27T21:23:03Z,26.569488,-77.096947,0.42,224.6,1,10,0.9
2024-03-27T21:23:08Z,26.569490,-77.096952,0.27,255.9,1,10,0.9
2024-03-27T21:23:13Z,26.569485,-77.096955,0.21,203.6,1,10,0.9
2024-03-27T21:23:23Z,26.569477,-77.096952,0.24,129.4,1,10,0.9
2024-03-27T21:23:28Z,26.569473,-77.096950,0.26,186.4,1,10,0.9
2024-03-27T21:23:33Z,26.569473,-77.096947,0.18,175.4,1,10,0.9
2024-03-27T21:23:38Z,26.569470,-77.096945,0.19,156.2,1,10,0.9
2024-03-27T21:23:43Z,26.569467,-77.096945,0.09,82.3,1,10,0.9
2024-03-27T21:23:48Z,26.569463,-77.096948,0.05,223.0,1,10,0.9
2024-03-27T21:23:58Z,26.569472,-77.096960,0.19,329.1,1,10,0.9
2024-03-27T21:24:03Z,26.569478,-77.096965,0.18,357.6,1,10,0.9
2024-03-27T21:24:08Z,26.569482,-77.096967,0.16,12.1,1,10,0.9
2024-03-27T21:24:13Z,26.569483,-77.096965,0.27,66.2,1,9,1.0
2024-03-27T21:24:18Z,26.569485,-77.096960,0.08,107.8,1,10,0.9
2024-03-27T21:24:23Z,26.569488,-77.096955,0.29,53.1,1,10,0.9
2024-03-27T21:24:33Z,26.569493,-77.096950,0.17,64.1,1,10,0.9
2024-03-27T21:24:38Z,26.569497,-77.096945,0.29,40.2,1,10,0.9
2024-03-27T21:24:43Z,26.569498,-77.096943,0.21,39.1,1,10,0.9
2024-03-27T21:24:48Z,26.569500,-77.096942,0.05,66.3,1,10,0.9
2024-03-27T21:24:53Z,26.569500,-77.096942,0.10,144.9,1,9,1.0
2024-03-27T21:24:58Z,26.569500,-77.096943,0.14,6.7,1,10,0.9
2024-03-27T21:25:08Z,26.569498,-77.096948,0.05,41.8,1,10,0.9
2024-03-27T21:25:13Z,26.569500,-77.096950,0.06,66.2,1,10,0.9
2024-03-27T21:25:18Z,26.569495,-77.096950,0.32,46.9,1,10,0.9
2024-03-27T21:25:23Z,26.569493,-77.096952,0.08,319.0,1,10,0.9
2024-03-27T21:25:28Z,26.569495,-77.096952,0.09,189.7,1,10,0.9
2024-03-27T21:25:33Z,26.569495,-77.096948,0.06,359.7,1,10,0.9
2024-03-27T21:25:43Z,26.569498,-77.096945,0.16,111.9,1,10,0.9
2024-03-27T21:25:48Z,26.569500,-77.096942,0.23,57.6,1,10,0.9
2024-03-27T21:25:53Z,26.569498,-77.096938,0.07,124.6,1,10,0.9
2024-03-27T21:25:58Z,26.569502,-77.096935,0.28,70.1,1,10,0.9
2024-03-27T21:26:03Z,26.569505,-77.096932,0.20,19.0,1,10,0.9
2024-03-27T21:26:08Z,26.569507,-77.096932,0.11,190.6,1,10,0.9
2024-03-27T21:26:13Z,26.569508,-77.096933,0.03,112.2,1,10,0.9
2024-03-27T21:26:18Z,26.569507,-77.096930,0.09,142.6,1,10,0.9
2024-03-27T21:26:23Z,26.569503,-77.096927,0.16,151.1,1,10,0.9
2024-03-27T21:26:28Z,26.569502,-77.096928,0.07,309.7,1,10,0.9
2024-03-27T21:26:33Z,26.569497,-77.096935,0.10,41.7,1,10,0.9
2024-03-27T21:26:38Z,26.569495,-77.096935,0.19,93.2,1,10,0.9
2024-03-27T21:26:43Z,26.569490,-77.096932,0.19,85.8,1,10,0.9
2024-03-27T21:26:48Z,26.569492,-77.096932,0.09,179.8,1,10,0.9
2024-03-27T21:26:53Z,26.569493,-77.096932,0.11,41.4,1,10,0.9
2024-03-27T21:26:58Z,26.569495,-77.096930,0.06,329.9,1,10,0.9
2024-03-27T21:27:03Z,26.569498,-77.096932,0.07,348.9,1,10,0.9
2024-03-27T21:27:08Z,26.569498,-77.096930,0.18,209.1,1,10,0.9
2024-03-27T21:27:13Z,26.569497,-77.096933,0.18,220.0,1,10,0.9
2024-03-27T21:27:18Z,26.569497,-77.096935,0.04,91.5,1,10,0.9
2024-03-27T21:27:23Z,26.569497,-77.096938,0.25,209.0,1,10,0.9
2024-03-27T21:27:28Z,26.569495,-77.096937,0.11,161.5,1,10,0.9
2024-03-27T21:27:33Z,26.569493,-77.096938,0.44,200.7,1,10,0.9
2024-03-27T21:27:38Z,26.569492,-77.096938,0.14,192.5,1,10,0.9
2024-03-27T21:27:43Z,26.569490,-77.096937,0.11,192.7,1,10,0.9
2024-03-27T21:27:48Z,26.569490,-77.096937,0.03,21.9,1,10,0.9
2024-03-27T21:27:53Z,26.569487,-77.096938,0.09,59.0,1,10,0.9
2024-03-27T21:27:58Z,26.569487,-77.096943,0.16,285.3,1,10,0.9
2024-03-27T21:28:03Z,26.569490,-77.096947,0.11,341.6,1,10,0.9
2024-03-27T21:28:08Z,26.569490,-77.096952,0.11,172.1,1,10,0.9
2024-03-27T21:28:13Z,26.569495,-77.096958,0.14,299.9,1,10,0.9
2024-03-27T21:28:18Z,26.569498,-77.096958,0.08,50.5,1,10,0.9
2024-03-27T21:28:23Z,26.569502,-77.096953,0.18,67.4,1,10,0.9
2024-03-27T21:28:28Z,26.569502,-77.096950,0.29,60.3,1,10,0.9
2024-03-27T21:28:38Z,26.569507,-77.096942,0.04,168.2,1,10,0.9
2024-03-27T21:28:43Z,26.569507,-77.096942,0.03,59.6,1,10,0.9
2024-03-27T21:28:48Z,26.569507,-77.096942,0.08,191.2,1,10,0.9
2024-03-27T21:28:53Z,26.569505,-77.096940,0.16,99.0,1,10,0.9
2024-03-27T21:28:58Z,26.569507,-77.096938,0.12,156.7,1,10,0.9
2024-03-27T21:29:03Z,26.569507,-77.096935,0.18,66.7,1,10,0.9
2024-03-27T21:29:13Z,26.569505,-77.096937,0.18,249.4,1,10,0.9
2024-03-27T21:29:18Z,26.569505,-77.096937,0.12,186.6,1,10,0.9
2024-03-27T21:29:23Z,26.569507,-77.096935,0.07,120.8,1,10,0.9
2024-03-27T21:29:28Z,26.569507,-77.096935,0.26,40.9,1,10,0.9
2024-03-27T21:29:33Z,26.569507,-77.096935,0.15,192.3,1,10,0.9
2024-03-27T21:29:38Z,26.569505,-77.096932,0.27,192.5,1,10,0.9
2024-03-27T21:29:43Z,26.569498,-77.096932,0.28,193.7,1,10,0.9
2024-03-27T21:29:48Z,26.569493,-77.096933,0.12,110.9,1,10,0.9
2024-03-27T21:29:53Z,26.569490,-77.096933,0.36,199.5,1,10,0.9
2024-03-27T21:29:58Z,26.569485,-77.096933,0.23,185.4,1,10,0.9
2024-03-27T21:30:03Z,26.569482,-77.096935,0.32,208.8,1,10,0.9
2024-03-27T21:30:08Z,26.569480,-77.096937,0.03,155.8,1,10,0.9
2024-03-27T21:30:13Z,26.569482,-77.096938,0.06,284.5,1,10,0.9
2024-03-27T21:30:18Z,26.569483,-77.096938,0.27,14.9,1,10,0.9
2024-03-27T21:30:23Z,26.569483,-77.096938,0.22,237.1,1,10,0.9
2024-03-27T21:30:28Z,26.569483,-77.096942,0.16,15.9,1,10,0.9
2024-03-27T21:30:33Z,26.569483,-77.096945,0.01,356.9,1,10,0.9
2024-03-27T21:30:38Z,26.569487,-77.096945,0.14,18.0,1,10,0.9
2024-03-27T21:30:43Z,26.569488,-77.096947,0.22,248.4,1,10,0.9
2024-03-27T21:30:48Z,26.569488,-77.096955,0.17,42.2,1,10,0.9
2024-03-27T21:30:53Z,26.569493,-77.096955,0.13,38.0,1,10,0.9
2024-03-27T21:30:58Z,26.569493,-77.096953,0.15,109.5,1,10,0.9
2024-03-27T21:31:03Z,26.569495,-77.096948,0.26,65.2,1,10,0.9
2024-03-27T21:31:08Z,26.569498,-77.096943,0.24,55.8,1,10,0.9
2024-03-27T21:31:13Z,26.569503,-77.096940,0.21,43.8,1,10,0.9
2024-03-27T21:31:18Z,26.569510,-77.096935,0.28,47.8,1,10,0.9
2024-03-27T21:31:23Z,26.569515,-77.096932,0.41,43.3,1,10,0.9
2024-03-27T21:31:33Z,26.569520,-77.096925,0.04,123.8,1,10,0.9
2024-03-27T21:31:38Z,26.569525,-77.096923,0.18,58.9,1,10,0.9
2024-03-27T21:31:43Z,26.569528,-77.096922,0.28,57.0,1,10,0.9
2024-03-27T21:31:48Z,26.569523,-77.096923,0.02,19.2,1,10,0.9
2024-03-27T21:31:53Z,26.569530,-77.096920,0.13,67.9,1,10,0.9
2024-03-27T21:31:58Z,26.569533,-77.096918,0.08,79.9,1,10,0.9
2024-03-27T21:32:08Z,26.569527,-77.096920,0.09,163.5,1,10,0.9
2024-03-27T21:32:13Z,26.569525,-77.096918,0.27,202.8,1,10,0.9
2024-03-27T21:32:18Z,26.569522,-77.096918,0.11,130.9,1,9,1.0
2024-03-27T21:32:23Z,26.569520,-77.096917,0.22,119.4,1,10,0.9
2024-03-27T21:32:28Z,26.569517,-77.096917,0.15,182.1,1,10,0.9
2024-03-27T21:32:33Z,26.569513,-77.096918,0.34,239.7,1,10,1.0
2024-03-27T21:32:38Z,26.569512,-77.096922,0.18,161.7,1,10,1.0
2024-03-27T21:32:43Z,26.569513,-77.096927,0.36,241.9,1,10,1.0
2024-03-27T21:32:48Z,26.569513,-77.096930,0.07,185.8,1,10,1.0
2024-03-27T21:32:53Z,26.569513,-77.096928,0.05,239.7,1,10,1.0
2024-03-27T21:32:58Z,26.569517,-77.096925,0.15,235.2,1,10,1.0
2024-03-27T21:33:03Z,26.569515,-77.096925,0.13,27.8,1,10,1.0
2024-03-27T21:33:08Z,26.569513,-77.096927,0.14,312.9,1,10,1.0
2024-03-27T21:33:13Z,26.569515,-77.096928,0.15,66.2,1,10,1.0
2024-03-27T21:33:18Z,26.569513,-77.096927,0.19,168.3,1,10,1.0
2024-03-27T21:33:23Z,26.569515,-77.096925,0.36,62.0,1,10,1.0
2024-03-27T21:33:28Z,26.569520,-77.096923,0.06,49.2,1,10,1.0
2024-03-27T21:33:33Z,26.569523,-77.096920,0.17,58.0,1,10,1.0
2024-03-27T21:33:38Z,26.569523,-77.096915,0.28,62.9,1,10,1.0
2024-03-27T21:33:43Z,26.569522,-77.096915,0.04,144.8,1,10,1.0
2024-03-27T21:33:48Z,26.569520,-77.096912,0.03,211.4,1,10,1.0
2024-03-27T21:33:53Z,26.569523,-77.096912,0.10,346.1,1,10,1.0
2024-03-27T21:33:58Z,26.569530,-77.096910,0.11,35.0,1,10,1.0
2024-03-27T21:34:03Z,26.569532,-77.096912,0.06,181.2,1,10,1.0
2024-03-27T21:34:08Z,26.569530,-77.096910,0.31,67.9,1,10,1.0
2024-03-27T21:34:13Z,26.569527,-77.096908,0.15,153.2,1,10,1.0
2024-03-27T21:34:18Z,26.569523,-77.096910,0.21,159.4,1,10,1.0
2024-03-27T21:34:23Z,26.569520,-77.096912,0.21,205.6,1,10,1.0
2024-03-27T21:34:28Z,26.569515,-77.096915,0.28,198.6,1,10,1.0
2024-03-27T21:34:33Z,26.569510,-77.096918,0.23,187.0,1,10,1.0
2024-03-27T21:34:38Z,26.569508,-77.096923,0.28,221.3,1,10,1.0
2024-03-27T21:34:43Z,26.569500,-77.096928,0.54,222.9,1,10,1.0
2024-03-27T21:34:48Z,26.569495,-77.096932,0.44,211.1,1,10,1.0
2024-03-27T21:34:53Z,26.569490,-77.096935,0.33,214.0,1,10,1.0
2024-03-27T21:34:58Z,26.569493,-77.096933,0.09,98.3,1,10,1.0
2024-03-27T21:35:03Z,26.569498,-77.096937,0.14,212.8,1,10,1.0
2024-03-27T21:35:08Z,26.569497,-77.096940,0.21,239.5,1,10,1.0
2024-03-27T21:35:13Z,26.569498,-77.096943,0.11,336.7,1,9,1.0
2024-03-27T21:35:18Z,26.569503,-77.096950,0.18,334.0,1,9,1.0
2024-03-27T21:35:23Z,26.569507,-77.096953,0.21,349.7,1,9,1.0
2024-03-27T21:35:28Z,26.569512,-77.096955,0.25,45.1,1,9,1.0
2024-03-27T21:35:38Z,26.569515,-77.096950,0.14,59.0,1,9,1.0
2024-03-27T21:35:43Z,26.569507,-77.096950,0.07,150.2,1,9,1.0
2024-03-27T21:35:48Z,26.569512,-77.096945,0.51,51.1,1,9,1.0
2024-03-27T21:35:53Z,26.569512,-77.096942,0.26,174.2,1,9,1.0
2024-03-27T21:35:58Z,26.569510,-77.096938,0.15,83.7,1,9,1.0
2024-03-27T21:36:03Z,26.569508,-77.096937,0.09,159.9,1,9,1.0
2024-03-27T21:36:08Z,26.569512,-77.096935,0.33,15.5,1,9,1.0
2024-03-27T21:36:13Z,26.569518,-77.096933,0.11,228.2,1,9,1.0
2024-03-27T21:36:18Z,26.569520,-77.096932,0.23,185.4,1,9,1.0
2024-03-27T21:36:23Z,26.569517,-77.096932,0.15,88.6,1,9,1.0
2024-03-27T21:36:28Z,26.569515,-77.096933,0.19,185.8,1,9,1.0
2024-03-27T21:36:33Z,26.569512,-77.096932,0.18,129.6,1,9,1.0
2024-03-27T21:36:38Z,26.569508,-77.096932,0.14,183.5,1,9,1.0
2024-03-27T21:36:48Z,26.569495,-77.096935,0.27,198.1,1,9,1.0
2024-03-27T21:36:53Z,26.569492,-77.096937,0.31,196.8,1,9,1.0
2024-03-27T21:36:58Z,26.569487,-77.096942,0.19,205.0,1,9,1.0
2024-03-27T21:37:03Z,26.569485,-77.096943,0.19,200.7,1,9,1.0
2024-03-27T21:37:08Z,26.569485,-77.096945,0.09,201.4,1,9,1.0
2024-03-27T21:37:13Z,26.569485,-77.096943,0.18,170.3,1,9,1.0
2024-03-27T21:37:18Z,26.569482,-77.096945,0.13,184.4,1,9,1.0
2024-03-27T21:37:23Z,26.569480,-77.096945,0.21,202.6,1,9,1.0
2024-03-27T21:37:28Z,26.569478,-77.096943,0.12,187.7,1,9,1.0
2024-03-27T21:37:33Z,26.569475,-77.096945,0.14,99.6,1,9,1.0
2024-03-27T21:37:38Z,26.569478,-77.096950,0.26,23.6,1,9,1.0
2024-03-27T21:37:43Z,26.569483,-77.096950,0.26,9.9,1,9,1.0
2024-03-27T21:37:48Z,26.569485,-77.096953,0.15,248.6,1,9,1.0
2024-03-27T21:37:58Z,26.569492,-77.096950,0.12,86.0,1,9,1.0
2024-03-27T21:38:03Z,26.569493,-77.096947,0.17,80.1,1,9,1.0
2024-03-27T21:38:08Z,26.569498,-77.096940,0.31,46.5,1,9,1.0
2024-03-27T21:38:13Z,26.569498,-77.096938,0.21,59.2,1,9,1.0
2024-03-27T21:38:18Z,26.569493,-77.096938,0.18,52.1,1,9,1.0
2024-03-27T21:38:23Z,26.569495,-77.096938,0.30,25.1,1,9,1.0
2024-03-27T21:38:33Z,26.569495,-77.096940,0.11,195.4,1,9,1.0
2024-03-27T21:38:38Z,26.569495,-77.096940,0.14,98.8,1,9,1.0
2024-03-27T21:38:43Z,26.569495,-77.096940,0.17,182.8,1,9,1.0
2024-03-27T21:38:48Z,26.569490,-77.096942,0.23,188.4,1,9,1.0
2024-03-27T21:38:53Z,26.569487,-77.096940,0.13,138.0,1,9,1.0
2024-03-27T21:38:58Z,26.569487,-77.096938,0.11,123.0,1,9,1.0
2024-03-27T21:39:03Z,26.569487,-77.096937,0.10,82.1,1,9,1.0
2024-03-27T21:39:08Z,26.569485,-77.096938,0.20,198.0,1,9,1.0
2024-03-27T21:39:13Z,26.569483,-77.096940,0.07,166.7,1,9,1.0
2024-03-27T21:39:18Z,26.569480,-77.096945,0.19,239.5,1,9,1.0
2024-03-27T21:39:23Z,26.569482,-77.096945,0.09,138.9,1,9,1.0
2024-03-27T21:39:28Z,26.569482,-77.096948,0.12,65.9,1,9,1.0
2024-03-27T21:39:33Z,26.569482,-77.096950,0.10,226.0,1,9,1.0
2024-03-27T21:39:43Z,26.569480,-77.096953,0.15,154.0,1,9,1.0
2024-03-27T21:39:48Z,26.569480,-77.096953,0.11,232.1,1,9,1.0
2024-03-27T21:39:53Z,26.569480,-77.096955,0.15,195.0,1,9,1.0
2024-03-27T21:39:58Z,26.569483,-77.096953,0.03,298.1,1,9,1.0
2024-03-27T21:40:03Z,26.569485,-77.096952,0.34,26.6,1,9,1.0
2024-03-27T21:40:08Z,26.569487,-77.096950,0.07,140.5,1,9,1.0
2024-03-27T21:40:18Z,26.569493,-77.096945,0.27,31.1,1,9,1.0
2024-03-27T21:40:23Z,26.569497,-77.096943,0.07,108.1,1,9,1.0
2024-03-27T21:40:28Z,26.569498,-77.096942,0.13,166.8,1,9,1.0
2024-03-27T21:40:33Z,26.569498,-77.096940,0.14,24.9,1,9,1.0
2024-03-27T21:40:38Z,26.569500,-77.096940,0.29,27.8,1,9,1.0
2024-03-27T21:40:43Z,26.569502,-77.096938,0.37,19.3,1,9,1.0
2024-03-27T21:40:53Z,26.569500,-77.096938,0.07,181.5,1,9,1.0
2024-03-27T21:40:58Z,26.569498,-77.096938,0.17,201.0,1,9,1.0
2024-03-27T21:41:03Z,26.569495,-77.096942,0.17,192.3,1,9,1.0
2024-03-27T21:41:08Z,26.569492,-77.096945,0.11,168.5,1,9,1.0
2024-03-27T21:41:13Z,26.569490,-77.096945,0.20,183.1,1,9,1.0
2024-03-27T21:41:18Z,26.569487,-77.096943,0.09,51.7,1,9,1.0
2024-03-27T21:41:28Z,26.569478,-77.096943,0.29,167.3,1,9,1.0
2024-03-27T21:41:33Z,26.569475,-77.096945,0.11,180.6,1,9,1.0
2024-03-27T21:41:38Z,26.569473,-77.096947,0.13,164.3,1,9,1.0
2024-03-27T21:41:43Z,26.569472,-77.096953,0.22,229.6,1,9,1.0
2024-03-27T21:41:48Z,26.569470,-77.096955,0.18,175.3,1,9,1.0
2024-03-27T21:41:53Z,26.569468,-77.096960,0.10,242.7,1,9,1.0
2024-03-27T21:41:58Z,26.569467,-77.096962,0.08,284.1,1,9,1.0
2024-03-27T21:42:03Z,26.569463,-77.096965,0.30,203.6,1,9,1.0
2024-03-27T21:42:08Z,26.569465,-77.096965,0.30,186.1,1,9,1.0
2024-03-27T21:42:13Z,26.569463,-77.096965,0.08,231.8,1,9,1.0
2024-03-27T21:42:18Z,26.569467,-77.096962,0.20,73.4,1,9,1.0
2024-03-27T21:42:23Z,26.569468,-77.096958,0.11,56.9,1,9,1.0
2024-03-27T21:42:28Z,26.569470,-77.096955,0.15,103.1,1,9,1.0
2024-03-27T21:42:38Z,26.569475,-77.096950,0.16,26.8,1,9,1.0
2024-03-27T21:42:43Z,26.569480,-77.096947,0.36,32.5,1,9,1.0
2024-03-27T21:42:48Z,26.569483,-77.096947,0.20,32.8,1,9,1.0
2024-03-27T21:42:53Z,26.569488,-77.096945,0.07,70.0,1,9,1.0
2024-03-27T21:42:58Z,26.569490,-77.096943,0.29,38.4,1,9,1.0
2024-03-27T21:43:03Z,26.569490,-77.096943,0.09,202.1,1,9,1.0
2024-03-27T21:43:08Z,26.569490,-77.096942,0.17,45.3,1,9,1.0
2024-03-27T21:43:13Z,26.569488,-77.096942,0.12,195.2,1,9,1.0
2024-03-27T21:43:18Z,26.569490,-77.096940,0.12,43.6,1,9,1.0
2024-03-27T21:43:23Z,26.569493,-77.096940,0.28,37.3,1,9,1.0
2024-03-27T21:43:28Z,26.569497,-77.096938,0.09,355.9,1,9,1.0
2024-03-27T21:43:33Z,26.569500,-77.096937,0.15,35.9,1,9,1.0
2024-03-27T21:43:38Z,26.569505,-77.096933,0.12,82.0,1,9,1.0
2024-03-27T21:43:48Z,26.569507,-77.096923,0.20,83.3,1,9,1.0
2024-03-27T21:43:53Z,26.569507,-77.096922,0.14,181.9,1,9,1.0
2024-03-27T21:43:58Z,26.569507,-77.096922,0.10,91.6,1,9,1.0
2024-03-27T21:44:03Z,26.569508,-77.096920,0.09,10.4,1,9,1.0
2024-03-27T21:44:08Z,26.569508,-77.096922,0.12,323.4,1,9,1.0
2024-03-27T21:44:13Z,26.569513,-77.096922,0.22,24.0,1,9,1.0
2024-03-27T21:44:23Z,26.569518,-77.096923,0.04,352.3,1,9,1.0
2024-03-27T21:44:28Z,26.569520,-77.096922,0.12,94.4,1,9,1.0
2024-03-27T21:44:33Z,26.569517,-77.096922,0.21,189.6,1,9,1.0
2024-03-27T21:44:38Z,26.569515,-77.096922,0.18,141.5,1,9,1.0
2024-03-27T21:44:43Z,26.569513,-77.096920,0.15,185.9,1,9,1.0
2024-03-27T21:44:48Z,26.569513,-77.096920,0.08,177.3,1,9,1.0
2024-03-27T21:44:58Z,26.569517,-77.096920,0.06,330.9,1,9,1.0
2024-03-27T21:45:03Z,26.569517,-77.096923,0.41,230.2,1,9,1.0
2024-03-27T21:45:08Z,26.569518,-77.096925,0.06,160.9,1,9,1.0
2024-03-27T21:45:13Z,26.569518,-77.096925,0.08,115.3,1,9,1.0
2024-03-27T21:45:18Z,26.569517,-77.096923,0.15,77.8,1,9,1.0
2024-03-27T21:45:23Z,26.569517,-77.096923,0.11,69.1,1,9,1.0
2024-03-27T21:45:28Z,26.569515,-77.096923,0.09,162.2,1,9,1.0
2024-03-27T21:45:33Z,26.569512,-77.096922,0.17,62.3,1,9,1.0
2024-03-27T21:45:38Z,26.569513,-77.096922,0.09,114.7,1,9,1.0
2024-03-27T21:45:43Z,26.569513,-77.096918,0.39,143.2,1,9,1.0
2024-03-27T21:45:48Z,26.569512,-77.096913,0.29,109.2,1,9,1.0
2024-03-27T21:45:53Z,26.569513,-77.096908,0.29,96.0,1,9,1.0
2024-03-27T21:45:58Z,26.569512,-77.096897,0.63,112.6,1,9,1.0
2024-03-27T21:46:08Z,26.569500,-77.096862,0.71,111.1,1,9,1.0
2024-03-27T21:46:13Z,26.569495,-77.096838,1.19,107.8,1,9,1.0
2024-03-27T21:46:18Z,26.569490,-77.096800,1.61,96.8,1,9,1.0
2024-03-27T21:46:23Z,26.569482,-77.096765,1.37,111.5,1,9,1.0
2024-03-27T21:46:28Z,26.569473,-77.096728,1.49,104.8,1,9,1.0
2024-03-27T21:46:33Z,26.569462,-77.096697,1.24,128.3,1,9,1.0
2024-03-27T21:46:43Z,26.569427,-77.096658,1.08,157.4,1,9,1.0
2024-03-27T21:46:48Z,26.569410,-77.096650,0.87,171.9,1,9,1.0
2024-03-27T21:46:53Z,26.569390,-77.096653,0.75,174.7,1,9,1.0
2024-03-27T21:46:58Z,26.569373,-77.096663,0.77,202.3,1,9,1.0
2024-03-27T21:47:03Z,26.569358,-77.096675,0.74,219.8,1,9,1.0
2024-03-27T21:47:08Z,26.569345,-77.096690,0.65,226.6,1,9,1.0
2024-03-27T21:47:18Z,26.569297,-77.096703,1.53,172.8,1,9,1.0
2024-03-27T21:47:23Z,26.569253,-77.096693,2.00,157.7,1,9,1.0
2024-03-27T21:47:28Z,26.569203,-77.096667,2.62,148.2,1,9,1.0
2024-03-27T21:47:33Z,26.569152,-77.096625,2.84,141.5,1,9,1.0
2024-03-27T21:47:38Z,26.569095,-77.096577,2.92,135.2,1,9,1.0
2024-03-27T21:47:43Z,26.569043,-77.096517,3.56,131.8,1,9,1.0
2024-03-27T21:47:53Z,26.568940,-77.096383,3.79,134.3,1,9,1.0
2024-03-27T21:47:58Z,26.568880,-77.096315,3.78,134.1,1,9,1.0
2024-03-27T21:48:03Z,26.568815,-77.096253,3.88,141.9,1,9,1.0
2024-03-27T21:48:08Z,26.568742,-77.096188,3.89,144.1,1,9,1.0
2024-03-27T21:48:13Z,26.568670,-77.096125,4.35,148.6,1,9,1.0
2024-03-27T21:48:18Z,26.568597,-77.096063,3.99,140.7,1,9,1.0
2024-03-27T21:48:28Z,26.568460,-77.095923,4.18,136.6,1,9,1.0
2024-03-27T21:48:33Z,26.568392,-77.095848,4.07,135.1,1,9,1.0
2024-03-27T21:48:38Z,26.568330,-77.095782,3.93,133.9,1,9,1.0
2024-03-27T21:48:43Z,26.568263,-77.095708,3.96,135.2,1,9,1.0
2024-03-27T21:48:48Z,26.568200,-77.095635,4.03,133.0,1,9,1.0
2024-03-27T21:48:53Z,26.568135,-77.095558,4.16,135.0,1,9,1.0
2024-03-27T21:48:58Z,26.568070,-77.095483,3.99,132.1,1,9,1.0
2024-03-27T21:49:03Z,26.568008,-77.095407,3.95,128.4,1,9,1.0
2024-03-27T21:49:08Z,26.567948,-77.095327,4.03,130.3,1,9,1.0
2024-03-27T21:49:13Z,26.567888,-77.095250,4.12,130.0,1,9,1.0
2024-03-27T21:49:18Z,26.567828,-77.095172,4.03,132.0,1,9,1.0
2024-03-27T21:49:23Z,26.567770,-77.095092,4.12,125.6,1,9,1.0
2024-03-27T21:49:28Z,26.567712,-77.095012,4.03,130.2,1,9,1.0
2024-03-27T21:49:33Z,26.567648,-77.094935,4.00,131.1,1,9,1.0
2024-03-27T21:49:38Z,26.567585,-77.094862,3.88,128.8,1,9,1.0
2024-03-27T21:49:43Z,26.567528,-77.094783,4.09,128.2,1,9,1.0
2024-03-27T21:49:48Z,26.567470,-77.094707,3.93,131.5,1,9,1.0
2024-03-27T21:49:58Z,26.567350,-77.094547,4.06,130.1,1,9,1.0
2024-03-27T21:50:03Z,26.567293,-77.094460,4.24,126.8,1,9,1.0
2024-03-27T21:50:08Z,26.567232,-77.094368,4.47,125.8,1,9,1.0
2024-03-27T21:50:13Z,26.567172,-77.094273,4.69,122.8,1,9,1.0
2024-03-27T21:50:18Z,26.567107,-77.094177,4.68,124.8,1,9,1.0
2024-03-27T21:50:23Z,26.567037,-77.094085,4.71,130.2,1,9,1.0
2024-03-27T21:50:28Z,26.566968,-77.093992,4.69,127.8,1,9,1.0
2024-03-27T21:50:33Z,26.566902,-77.093895,4.78,128.9,1,9,1.0
2024-03-27T21:50:38Z,26.566832,-77.093802,4.82,126.8,1,9,1.0
2024-03-27T21:50:43Z,26.566757,-77.093697,4.97,127.0,1,9,1.0
2024-03-27T21:50:48Z,26.566690,-77.093597,4.91,124.6,1,9,1.0
2024-03-27T21:50:53Z,26.566623,-77.093495,4.87,124.1,1,9,1.0
2024-03-27T21:50:58Z,26.566558,-77.093393,4.85,122.1,1,9,1.0
2024-03-27T21:51:08Z,26.566437,-77.093182,4.96,126.7,1,9,1.0
2024-03-27T21:51:13Z,26.566380,-77.093082,4.85,124.5,1,9,1.0
2024-03-27T21:51:18Z,26.566320,-77.092983,4.87,125.0,1,9,1.0
2024-03-27T21:51:23Z,26.566257,-77.092882,4.73,121.9,1,9,1.0
2024-03-27T21:51:28Z,26.566190,-77.092782,4.88,126.5,1,9,1.0
2024-03-27T21:51:38Z,26.566055,-77.092578,4.91,124.7,1,9,1.0
2024-03-27T21:51:43Z,26.565988,-77.092475,4.78,124.8,1,9,1.0
2024-03-27T21:51:48Z,26.565928,-77.092377,4.73,125.5,1,9,1.0
2024-03-27T21:51:53Z,26.565868,-77.092270,4.89,121.8,1,9,1.0
2024-03-27T21:52:03Z,26.565743,-77.092063,4.93,124.3,1,9,1.0
2024-03-27T21:52:08Z,26.565680,-77.091958,4.80,123.1,1,9,1.0
2024-03-27T21:52:13Z,26.565618,-77.091853,5.05,124.8,1,9,1.0
2024-03-27T21:52:18Z,26.565552,-77.091752,4.98,124.3,1,9,1.0
2024-03-27T21:52:28Z,26.565420,-77.091530,5.02,123.7,1,9,1.0
2024-03-27T21:52:33Z,26.565353,-77.091425,4.95,126.2,1,9,1.0
2024-03-27T21:52:38Z,26.565287,-77.091323,5.01,123.9,1,9,1.0
2024-03-27T21:52:43Z,26.565222,-77.091215,5.07,123.2,1,9,1.0
2024-03-27T21:52:48Z,26.565162,-77.091105,5.04,123.2,1,9,1.0
2024-03-27T21:52:53Z,26.565093,-77.090988,5.12,127.1,1,9,1.0
2024-03-27T21:52:58Z,26.565023,-77.090882,5.15,126.7,1,9,1.0
2024-03-27T21:53:03Z,26.564952,-77.090770,5.17,122.3,1,9,1.0
2024-03-27T21:53:08Z,26.564897,-77.090663,5.09,126.4,1,9,1.0
2024-03-27T21:53:13Z,26.564830,-77.090555,5.14,128.4,1,9,1.0
2024-03-27T21:53:23Z,26.564692,-77.090343,5.04,124.0,1,9,1.0
2024-03-27T21:53:28Z,26.564620,-77.090238,5.15,125.5,1,9,1.0
2024-03-27T21:53:33Z,26.564550,-77.090130,5.09,124.9,1,9,1.0
2024-03-27T21:53:38Z,26.564487,-77.090028,5.09,122.6,1,9,1.0
2024-03-27T21:53:43Z,26.564415,-77.089913,5.16,122.7,1,9,1.0
2024-03-27T21:53:48Z,26.564352,-77.089805,5.00,120.7,1,9,1.0
2024-03-27T21:53:53Z,26.564290,-77.089693,5.15,119.7,1,9,1.0
2024-03-27T21:53:58Z,26.564227,-77.089585,5.18,121.3,1,9,1.0
2024-03-27T21:54:03Z,26.564155,-77.089472,5.13,122.2,1,9,1.0
2024-03-27T21:54:08Z,26.564090,-77.089365,5.12,125.0,1,9,1.0
2024-03-27T21:54:18Z,26.563953,-77.089142,5.34,127.3,1,9,1.0
2024-03-27T21:54:23Z,26.563887,-77.089033,5.32,119.7,1,9,1.0
2024-03-27T21:54:28Z,26.563827,-77.088925,5.17,118.5,1,9,1.0
2024-03-27T21:54:33Z,26.563762,-77.088812,5.00,124.3,1,9,1.0
2024-03-27T21:54:43Z,26.563633,-77.088585,5.12,124.1,1,9,1.0
2024-03-27T21:54:48Z,26.563567,-77.088467,5.11,121.5,1,9,1.0
2024-03-27T21:54:53Z,26.563507,-77.088357,5.02,120.8,1,9,1.0
2024-03-27T21:54:58Z,26.563443,-77.088242,5.26,120.7,1,9,1.0
2024-03-27T21:55:03Z,26.563377,-77.088130,5.02,117.5,1,9,1.0
2024-03-27T21:55:08Z,26.563315,-77.088018,5.30,124.6,1,9,1.0
2024-03-27T21:55:13Z,26.563250,-77.087912,5.11,124.8,1,9,1.0
2024-03-27T21:55:18Z,26.563187,-77.087798,5.16,123.1,1,9,1.0
2024-03-27T21:55:23Z,26.563118,-77.087680,5.16,121.8,1,9,1.0
2024-03-27T21:55:28Z,26.563053,-77.087568,5.19,123.0,1,9,1.0
2024-03-27T21:55:38Z,26.562927,-77.087357,5.09,125.8,1,9,1.0
2024-03-27T21:55:43Z,26.562862,-77.087248,4.96,121.7,1,9,1.0
2024-03-27T21:55:48Z,26.562797,-77.087147,5.05,126.6,1,9,1.0
2024-03-27T21:55:53Z,26.562727,-77.087043,5.21,128.3,1,9,1.0
2024-03-27T21:56:03Z,26.562587,-77.086825,5.17,125.2,1,9,1.0
2024-03-27T21:56:08Z,26.562518,-77.086710,5.16,124.3,1,9,1.0
2024-03-27T21:56:13Z,26.562450,-77.086602,5.25,123.4,1,9,1.0
2024-03-27T21:56:18Z,26.562378,-77.086497,5.23,126.0,1,9,1.0
2024-03-27T21:56:23Z,26.562313,-77.086392,5.17,121.3,1,9,1.0
2024-03-27T21:56:28Z,26.562248,-77.086280,5.20,125.6,1,9,1.0
2024-03-27T21:56:33Z,26.562182,-77.086175,5.20,124.7,1,9,1.1
2024-03-27T21:56:38Z,26.562115,-77.086068,5.34,124.4,1,9,1.1
2024-03-27T21:56:43Z,26.562040,-77.085963,5.42,121.6,1,9,1.1
2024-03-27T21:56:48Z,26.561972,-77.085850,5.24,123.3,1,9,1.1
2024-03-27T21:56:53Z,26.561912,-77.085740,5.16,124.2,1,9,1.1
2024-03-27T21:56:58Z,26.561853,-77.085637,4.81,124.8,1,9,1.1
2024-03-27T21:57:03Z,26.561788,-77.085532,4.98,124.3,1,9,1.1
2024-03-27T21:57:08Z,26.561720,-77.085435,5.25,127.7,1,9,1.1
2024-03-27T21:57:13Z,26.561652,-77.085328,5.07,129.4,1,9,1.1
2024-03-27T21:57:18Z,26.561577,-77.085233,5.06,127.2,1,9,1.1
2024-03-27T21:57:23Z,26.561505,-77.085122,5.24,126.8,1,9,1.1
2024-03-27T21:57:28Z,26.561427,-77.085013,5.27,125.2,1,9,1.1
2024-03-27T21:57:33Z,26.561345,-77.084902,5.28,127.7,1,9,1.1
2024-03-27T21:57:38Z,26.561267,-77.084788,5.37,129.9,1,9,1.1
2024-03-27T21:57:43Z,26.561203,-77.084668,5.31,126.0,1,9,1.1
2024-03-27T21:57:53Z,26.561080,-77.084443,5.35,122.7,1,9,1.1
2024-03-27T21:57:58Z,26.561015,-77.084332,5.09,125.8,1,9,1.1
2024-03-27T21:58:03Z,26.560955,-77.084222,5.18,123.6,1,9,1.1
2024-03-27T21:58:08Z,26.560893,-77.084112,5.06,125.2,1,9,1.1
2024-03-27T21:58:18Z,26.560760,-77.083895,5.04,125.0,1,9,1.1
2024-03-27T21:58:23Z,26.560690,-77.083790,5.05,124.3,1,9,1.1
2024-03-27T21:58:28Z,26.560620,-77.083678,5.24,124.4,1,9,1.1
2024-03-27T21:58:33Z,26.560550,-77.083568,5.02,126.5,1,9,1.1
2024-03-27T21:58:38Z,26.560483,-77.083457,5.18,124.1,1,9,1.1
2024-03-27T21:58:43Z,26.560418,-77.083347,5.10,124.4,1,9,1.1
2024-03-27T21:58:48Z,26.560353,-77.083238,5.19,121.9,1,9,1.1
2024-03-27T21:58:53Z,26.560290,-77.083128,4.99,122.0,1,9,1.1
2024-03-27T21:58:58Z,26.560225,-77.083022,5.12,123.5,1,9,1.1
2024-03-27T21:59:03Z,26.560158,-77.082910,5.22,125.0,1,9,1.1
2024-03-27T21:59:08Z,26.560087,-77.082803,5.21,126.3,1,9,1.1
2024-03-27T21:59:13Z,26.560017,-77.082695,5.10,121.1,1,9,1.1
2024-03-27T21:59:18Z,26.559943,-77.082590,5.21,126.5,1,9,1.1
2024-03-27T21:59:23Z,26.559878,-77.082478,5.18,122.7,1,9,1.1
2024-03-27T21:59:28Z,26.559807,-77.082372,5.29,124.0,1,9,1.1
2024-03-27T21:59:38Z,26.559663,-77.082158,5.19,126.8,1,9,1.1
2024-03-27T21:59:43Z,26.559592,-77.082052,5.18,126.1,1,9,1.1
2024-03-27T21:59:48Z,26.559520,-77.081945,5.09,127.0,1,9,1.1
2024-03-27T21:59:53Z,26.559452,-77.081842,5.13,124.2,1,9,1.1
2024-03-27T21:59:58Z,26.559387,-77.081738,4.97,124.8,1,9,1.1
2024-03-27T22:00:03Z,26.559322,-77.081627,5.06,125.8,1,9,1.1
2024-03-27T22:00:08Z,26.559255,-77.081517,5.12,125.2,1,9,1.1
2024-03-27T22:00:13Z,26.559187,-77.081407,5.34,121.8,1,9,1.1
2024-03-27T22:00:18Z,26.559122,-77.081293,5.23,125.3,1,9,1.1
2024-03-27T22:00:23Z,26.559050,-77.081187,5.00,126.2,1,9,1.1
2024-03-27T22:00:28Z,26.558980,-77.081078,5.20,124.3,1,9,1.1
2024-03-27T22:00:33Z,26.558912,-77.080975,5.16,124.8,1,9,1.1
2024-03-27T22:00:38Z,26.558840,-77.080865,5.15,128.1,1,9,1.1
2024-03-27T22:00:43Z,26.558767,-77.080757,5.18,126.8,1,9,1.1
2024-03-27T22:00:48Z,26.558698,-77.080648,5.22,126.3,1,9,1.1
2024-03-27T22:00:53Z,26.558630,-77.080540,5.25,124.9,1,9,1.1
2024-03-27T22:01:03Z,26.558492,-77.080322,5.26,124.0,1,9,1.1
2024-03-27T22:01:08Z,26.558423,-77.080210,5.22,125.5,1,9,1.1
2024-03-27T22:01:13Z,26.558353,-77.080098,5.21,125.3,1,9,1.1
2024-03-27T22:01:18Z,26.558278,-77.079992,5.30,127.4,1,9,1.1
2024-03-27T22:01:23Z,26.558207,-77.079883,5.34,128.3,1,9,1.1
2024-03-27T22:01:33Z,26.558065,-77.079667,5.18,126.8,1,9,1.1
2024-03-27T22:01:38Z,26.557993,-77.079557,5.26,127.3,1,9,1.1
2024-03-27T22:01:43Z,26.557922,-77.079448,5.26,127.1,1,9,1.1
2024-03-27T22:01:48Z,26.557852,-77.079338,5.19,125.4,1,9,1.1
2024-03-27T22:01:53Z,26.557783,-77.079230,5.24,125.2,1,9,1.1
2024-03-27T22:01:58Z,26.557715,-77.079122,5.28,124.9,1,9,1.1
2024-03-27T22:02:03Z,26.557647,-77.079010,5.24,123.2,1,9,1.1
2024-03-27T22:02:08Z,26.557577,-77.078902,5.20,125.8,1,9,1.1
2024-03-27T22:02:13Z,26.557505,-77.078793,5.43,129.1,1,9,1.1
2024-03-27T22:02:18Z,26.557433,-77.078683,5.21,126.5,1,9,1.1
2024-03-27T22:02:23Z,26.557360,-77.078577,5.21,126.2,1,9,1.1
2024-03-27T22:02:28Z,26.557290,-77.078467,5.23,125.7,1,9,1.1
2024-03-27T22:02:33Z,26.557222,-77.078358,5.16,125.2,1,9,1.1
2024-03-27T22:02:38Z,26.557155,-77.078247,5.14,125.1,1,9,1.1
2024-03-27T22:02:43Z,26.557088,-77.078138,5.20,124.4,1,9,1.1
2024-03-27T22:02:48Z,26.557020,-77.078030,5.18,126.1,1,9,1.1
2024-03-27T22:02:53Z,26.556950,-77.077920,5.19,125.0,1,9,1.1
2024-03-27T22:03:03Z,26.556807,-77.077703,5.36,124.1,1,9,1.1
2024-03-27T22:03:08Z,26.556737,-77.077593,5.22,124.7,1,9,1.1
2024-03-27T22:03:13Z,26.556667,-77.077485,5.34,126.3,1,9,1.1
2024-03-27T22:03:18Z,26.556597,-77.077375,5.22,125.6,1,9,1.1
2024-03-27T22:03:23Z,26.556528,-77.077263,5.19,122.7,1,9,1.1
2024-03-27T22:03:28Z,26.556462,-77.077155,5.19,124.4,1,9,1.1
2024-03-27T22:03:33Z,26.556397,-77.077043,5.26,124.0,1,9,1.1
2024-03-27T22:03:38Z,26.556327,-77.076932,5.24,125.3,1,9,1.1
2024-03-27T22:03:43Z,26.556258,-77.076823,5.21,126.0,1,9,1.1
2024-03-27T22:03:48Z,26.556188,-77.076715,5.32,127.0,1,9,1.1
2024-03-27T22:03:53Z,26.556117,-77.076603,5.35,126.6,1,9,1.1
2024-03-27T22:04:03Z,26.555975,-77.076385,5.21,125.4,1,9,1.1
2024-03-27T22:04:08Z,26.555905,-77.076275,5.31,126.7,1,9,1.1
2024-03-27T22:04:13Z,26.555832,-77.076167,5.25,126.0,1,9,1.1
2024-03-27T22:04:18Z,26.555763,-77.076058,5.24,125.1,1,9,1.1
2024-03-27T22:04:23Z,26.555693,-77.075950,5.21,123.9,1,9,1.1
2024-03-27T22:04:28Z,26.555623,-77.075840,5.13,125.0,1,9,1.1
2024-03-27T22:04:33Z,26.555555,-77.075732,5.21,126.9,1,9,1.1
2024-03-27T22:04:38Z,26.555487,-77.075623,5.19,126.8,1,9,1.1
2024-03-27T22:04:43Z,26.555415,-77.075515,5.37,126.5,1,9,1.1
2024-03-27T22:04:48Z,26.555345,-77.075405,5.28,126.6,1,9,1.1
2024-03-27T22:04:53Z,26.555275,-77.075295,5.34,126.4,1,9,1.1
2024-03-27T22:04:58Z,26.555202,-77.075187,5.28,126.9,1,9,1.1
2024-03-27T22:05:03Z,26.555133,-77.075077,5.28,126.1,1,9,1.1
2024-03-27T22:05:08Z,26.555062,-77.074968,5.34,127.5,1,9,1.1
2024-03-27T22:05:13Z,26.554995,-77.074860,5.21,124.6,1,9,1.1
2024-03-27T22:05:18Z,26.554927,-77.074752,5.17,124.9,1,9,1.1
2024-03-27T22:05:23Z,26.554858,-77.074643,5.18,124.8,1,9,1.1
2024-03-27T22:05:33Z,26.554723,-77.074422,5.13,128.4,1,9,1.1
2024-03-27T22:05:38Z,26.554655,-77.074313,5.24,125.1,1,9,1.1
2024-03-27T22:05:43Z,26.554590,-77.074202,5.18,123.0,1,9,1.1
2024-03-27T22:05:48Z,26.554523,-77.074090,5.40,121.7,1,9,1.1
2024-03-27T22:05:53Z,26.554455,-77.073978,5.23,124.4,1,9,1.1
2024-03-27T22:05:58Z,26.554385,-77.073868,5.15,125.8,1,9,1.1
2024-03-27T22:06:03Z,26.554317,-77.073758,5.31,124.8,1,9,1.1
2024-03-27T22:06:08Z,26.554245,-77.073648,5.26,128.0,1,9,1.1
2024-03-27T22:06:13Z,26.554173,-77.073538,5.34,125.1,1,9,1.1
2024-03-27T22:06:18Z,26.554100,-77.073428,5.28,127.0,1,9,1.1
2024-03-27T22:06:23Z,26.554030,-77.073317,5.32,126.4,1,9,1.1
2024-03-27T22:06:28Z,26.553962,-77.073203,5.33,123.5,1,9,1.1
2024-03-27T22:06:33Z,26.553893,-77.073090,5.31,126.1,1,9,1.1
2024-03-27T22:06:38Z,26.553823,-77.072980,5.32,126.0,1,9,1.1
2024-03-27T22:06:43Z,26.553753,-77.072868,5.33,126.9,1,9,1.1
2024-03-27T22:06:48Z,26.553682,-77.072760,5.32,126.9,1,9,1.1
2024-03-27T22:06:53Z,26.553613,-77.072648,5.28,124.5,1,9,1.1
2024-03-27T22:07:03Z,26.553473,-77.072427,5.38,125.0,1,9,1.1
2024-03-27T22:07:08Z,26.553403,-77.072313,5.40,124.1,1,9,1.1
2024-03-27T22:07:13Z,26.553335,-77.072200,5.34,124.8,1,9,1.1
2024-03-27T22:07:18Z,26.553268,-77.072087,5.40,122.2,1,9,1.1
2024-03-27T22:07:23Z,26.553198,-77.071975,5.25,125.1,1,9,1.1
2024-03-27T22:07:28Z,26.553128,-77.071863,5.41,124.8,1,9,1.1
2024-03-27T22:07:33Z,26.553058,-77.071753,5.28,124.4,1,9,1.1
2024-03-27T22:07:38Z,26.552988,-77.071642,5.35,122.9,1,9,1.1
2024-03-27T22:07:43Z,26.552913,-77.071532,5.41,129.1,1,9,1.1
2024-03-27T22:07:48Z,26.552840,-77.071420,5.35,127.5,1,9,1.1
2024-03-27T22:07:53Z,26.552770,-77.071307,5.43,124.4,1,9,1.1
2024-03-27T22:07:58Z,26.552700,-77.071193,5.40,124.5,1,9,1.1
2024-03-27T22:08:03Z,26.552628,-77.071082,5.39,126.7,1,9,1.1
2024-03-27T22:08:08Z,26.552557,-77.070970,5.41,124.8,1,9,1.1
2024-03-27T22:08:13Z,26.552487,-77.070857,5.35,122.3,1,9,1.1
2024-03-27T22:08:18Z,26.552418,-77.070742,5.39,123.3,1,9,1.1
2024-03-27T22:08:23Z,26.552348,-77.070627,5.43,123.1,1,9,1.1
2024-03-27T22:08:33Z,26.552210,-77.070395,5.29,123.9,1,9,1.1
2024-03-27T22:08:38Z,26.552142,-77.070280,5.44,124.5,1,9,1.1
2024-03-27T22:08:43Z,26.552072,-77.070163,5.41,123.8,1,9,1.1
2024-03-27T22:08:48Z,26.552003,-77.070050,5.36,124.4,1,9,1.1
2024-03-27T22:08:53Z,26.551933,-77.069935,5.47,123.9,1,9,1.1
2024-03-27T22:08:58Z,26.551863,-77.069818,5.39,126.3,1,9,1.1
2024-03-27T22:09:03Z,26.551790,-77.069702,5.41,126.3,1,9,1.1
2024-03-27T22:09:08Z,26.551718,-77.069590,5.34,125.9,1,9,1.1
2024-03-27T22:09:13Z,26.551645,-77.069478,5.32,124.5,1,9,1.1
2024-03-27T22:09:18Z,26.551573,-77.069367,5.45,124.0,1,9,1.1
2024-03-27T22:09:23Z,26.551505,-77.069253,5.47,125.1,1,9,1.1
2024-03-27T22:09:28Z,26.551433,-77.069143,5.32,123.0,1,9,1.1
2024-03-27T22:09:33Z,26.551362,-77.069030,5.33,127.2,1,9,1.1
2024-03-27T22:09:38Z,26.551285,-77.068920,5.41,127.3,1,9,1.1
2024-03-27T22:09:43Z,26.551213,-77.068807,5.44,124.8,1,9,1.1
2024-03-27T22:09:48Z,26.551137,-77.068695,5.46,125.8,1,9,1.1
2024-03-27T22:09:53Z,26.551065,-77.068583,5.47,124.4,1,9,1.1
2024-03-27T22:09:58Z,26.550992,-77.068468,5.44,127.4,1,9,1.1
2024-03-27T22:10:08Z,26.550855,-77.068240,5.42,123.1,1,9,1.1
2024-03-27T22:10:13Z,26.550792,-77.068123,5.44,122.2,1,9,1.1
2024-03-27T22:10:18Z,26.550723,-77.068008,5.38,124.5,1,9,1.1
2024-03-27T22:10:23Z,26.550653,-77.067895,5.38,124.4,1,9,1.1
2024-03-27T22:10:28Z,26.550583,-77.067778,5.42,125.1,1,9,1.1
2024-03-27T22:10:33Z,26.550512,-77.067663,5.41,123.1,1,9,1.1
2024-03-27T22:10:43Z,26.550377,-77.067430,5.36,122.5,1,9,1.1
2024-03-27T22:10:48Z,26.550312,-77.067312,5.39,119.9,1,9,1.1
2024-03-27T22:10:53Z,26.550252,-77.067195,5.31,119.6,1,9,1.1
2024-03-27T22:10:58Z,26.550193,-77.067078,5.35,119.7,1,9,1.1
2024-03-27T22:11:03Z,26.550133,-77.066962,5.30,120.7,1,9,1.1
2024-03-27T22:11:13Z,26.550008,-77.066728,5.32,120.5,1,9,1.1
2024-03-27T22:11:18Z,26.549947,-77.066610,5.37,120.4,1,9,1.1
2024-03-27T22:11:23Z,26.549885,-77.066492,5.36,119.5,1,9,1.1
2024-03-27T22:11:28Z,26.549828,-77.066370,5.29,116.8,1,9,1.1
2024-03-27T22:11:33Z,26.549778,-77.066247,5.27,113.8,1,9,1.1
2024-03-27T22:11:38Z,26.549732,-77.066120,5.34,111.8,1,9,1.1
2024-03-27T22:11:43Z,26.549685,-77.065992,5.42,112.4,1,9,1.1
2024-03-27T22:11:48Z,26.549638,-77.065863,5.38,112.0,1,9,1.1
2024-03-27T22:11:53Z,26.549592,-77.065733,5.38,111.8,1,9,1.1
2024-03-27T22:11:58Z,26.549547,-77.065603,5.41,110.5,1,9,1.1
2024-03-27T22:12:03Z,26.549503,-77.065473,5.30,111.4,1,9,1.1
2024-03-27T22:12:08Z,26.549458,-77.065345,5.29,111.7,1,9,1.1
2024-03-27T22:12:13Z,26.549415,-77.065215,5.39,110.3,1,9,1.1
2024-03-27T22:12:18Z,26.549373,-77.065085,5.42,109.5,1,9,1.1
2024-03-27T22:12:23Z,26.549330,-77.064953,5.37,109.1,1,8,1.2
2024-03-27T22:12:28Z,26.549292,-77.064823,5.22,109.1,1,9,1.1
2024-03-27T22:12:33Z,26.549252,-77.064690,5.32,108.6,1,9,1.1
2024-03-27T22:12:38Z,26.549213,-77.064558,5.39,107.7,1,9,1.1
2024-03-27T22:12:43Z,26.549173,-77.064425,5.51,107.4,1,9,1.1
2024-03-27T22:12:48Z,26.549133,-77.064292,5.40,109.9,1,9,1.1
2024-03-27T22:12:53Z,26.549093,-77.064162,5.45,107.8,1,9,1.1
2024-03-27T22:12:58Z,26.549050,-77.064027,5.61,109.9,1,9,1.1
2024-03-27T22:13:03Z,26.549007,-77.063895,5.36,111.1,1,9,1.1
2024-03-27T22:13:13Z,26.548917,-77.063630,5.55,112.3,1,9,1.1
2024-03-27T22:13:18Z,26.548865,-77.063500,5.37,114.4,1,9,1.1
2024-03-27T22:13:23Z,26.548815,-77.063370,5.49,112.0,1,9,1.1
2024-03-27T22:13:28Z,26.548770,-77.063240,5.31,111.4,1,9,1.1
2024-03-27T22:13:33Z,26.548727,-77.063110,5.42,109.7,1,9,1.1
2024-03-27T22:13:38Z,26.548688,-77.062978,5.20,108.3,1,9,1.1
2024-03-27T22:13:43Z,26.548653,-77.062847,5.34,107.7,1,9,1.1
2024-03-27T22:13:48Z,26.548618,-77.062715,5.48,107.8,1,9,1.1
2024-03-27T22:13:53Z,26.548582,-77.062582,5.38,107.5,1,9,1.1
2024-03-27T22:13:58Z,26.548548,-77.062443,5.47,105.1,1,9,1.1
2024-03-27T22:14:03Z,26.548518,-77.062308,5.48,104.5,1,9,1.1
2024-03-27T22:14:08Z,26.548490,-77.062172,5.48,103.3,1,9,1.1
2024-03-27T22:14:13Z,26.548463,-77.062035,5.42,102.1,1,9,1.1
2024-03-27T22:14:18Z,26.548438,-77.061898,5.42,101.5,1,9,1.1
2024-03-27T22:14:23Z,26.548413,-77.061762,5.47,101.3,1,9,1.1
2024-03-27T22:14:28Z,26.548393,-77.061627,5.36,97.7,1,9,1.1
2024-03-27T22:14:33Z,26.548382,-77.061488,5.30,95.1,1,9,1.1
2024-03-27T22:14:43Z,26.548385,-77.061215,5.42,85.6,1,9,1.1
2024-03-27T22:14:48Z,26.548392,-77.061073,5.36,87.5,1,9,1.1
2024-03-27T22:14:53Z,26.548400,-77.060937,5.38,86.6,1,9,1.1
2024-03-27T22:14:58Z,26.548407,-77.060800,5.30,89.8,1,9,1.1
2024-03-27T22:15:03Z,26.548413,-77.060662,5.32,89.1,1,9,1.1
2024-03-27T22:15:08Z,26.548415,-77.060527,5.33,87.2,1,9,1.1
2024-03-27T22:15:13Z,26.548417,-77.060390,5.29,91.5,1,9,1.1
2024-03-27T22:15:18Z,26.548418,-77.060252,5.37,89.5,1,9,1.1
2024-03-27T22:15:23Z,26.548422,-77.060115,5.31,89.3,1,9,1.1
2024-03-27T22:15:28Z,26.548427,-77.059980,4.97,94.5,1,9,1.1
2024-03-27T22:15:33Z,26.548425,-77.059853,4.72,89.2,1,9,1.1
2024-03-27T22:15:43Z,26.548438,-77.059617,4.51,85.5,1,9,1.1
2024-03-27T22:15:48Z,26.548447,-77.059507,4.27,82.2,1,8,1.2
2024-03-27T22:15:53Z,26.548455,-77.059402,4.13,85.4,1,9,1.1
2024-03-27T22:15:58Z,26.548470,-77.059298,3.99,84.7,1,8,1.2
2024-03-27T22:16:03Z,26.548485,-77.059198,3.96,88.8,1,9,1.1
2024-03-27T22:16:13Z,26.548513,-77.058995,4.11,88.0,1,9,1.1
2024-03-27T22:16:18Z,26.548530,-77.058893,3.98,82.9,1,9,1.1
2024-03-27T22:16:23Z,26.548552,-77.058788,4.23,80.7,1,9,1.1
2024-03-27T22:16:28Z,26.548560,-77.058682,4.10,84.0,1,9,1.1
2024-03-27T22:16:33Z,26.548563,-77.058578,3.99,87.5,1,9,1.1
2024-03-27T22:16:43Z,26.548570,-77.058373,3.94,90.3,1,9,1.1
2024-03-27T22:16:48Z,26.548578,-77.058272,4.03,83.2,1,9,1.1
2024-03-27T22:16:53Z,26.548595,-77.058167,4.04,80.9,1,9,1.1
2024-03-27T22:16:58Z,26.548615,-77.058058,4.17,83.7,1,9,1.1
2024-03-27T22:17:03Z,26.548633,-77.057948,4.07,81.4,1,9,1.1
2024-03-27T22:17:13Z,26.548673,-77.057738,4.17,77.2,1,9,1.1
2024-03-27T22:17:18Z,26.548693,-77.057635,4.09,77.4,1,9,1.1
2024-03-27T22:17:23Z,26.548715,-77.057530,4.14,77.6,1,9,1.1
2024-03-27T22:17:28Z,26.548732,-77.057422,4.15,78.5,1,9,1.1
2024-03-27T22:17:33Z,26.548747,-77.057318,4.18,81.9,1,9,1.1
2024-03-27T22:17:43Z,26.548783,-77.057095,4.17,86.0,1,9,1.1
2024-03-27T22:17:48Z,26.548793,-77.056990,4.20,82.2,1,9,1.1
2024-03-27T22:17:53Z,26.548798,-77.056883,4.12,85.8,1,8,1.2
2024-03-27T22:17:58Z,26.548805,-77.056782,4.19,85.3,1,9,1.1
2024-03-27T22:18:03Z,26.548812,-77.056678,4.18,86.1,1,9,1.1
2024-03-27T22:18:13Z,26.548825,-77.056475,4.19,82.4,1,9,1.1
2024-03-27T22:18:18Z,26.548837,-77.056370,4.12,84.7,1,9,1.1
2024-03-27T22:18:23Z,26.548843,-77.056265,4.15,84.6,1,9,1.1
2024-03-27T22:18:28Z,26.548850,-77.056160,4.12,86.0,1,9,1.1
2024-03-27T22:18:33Z,26.548855,-77.056055,4.24,85.0,1,9,1.1
2024-03-27T22:18:43Z,26.548865,-77.055840,4.22,86.1,1,9,1.1
2024-03-27T22:18:48Z,26.548872,-77.055732,4.28,85.1,1,9,1.1
2024-03-27T22:18:53Z,26.548877,-77.055627,4.15,87.1,1,9,1.1
2024-03-27T22:18:58Z,26.548883,-77.055520,4.26,85.0,1,9,1.1
2024-03-27T22:19:03Z,26.548890,-77.055412,4.27,85.6,1,9,1.1
2024-03-27T22:19:13Z,26.548897,-77.055198,4.02,91.2,1,10,1.1
2024-03-27T22:19:18Z,26.548897,-77.055088,4.06,92.5,1,10,1.1
2024-03-27T22:19:23Z,26.548898,-77.054980,4.07,88.6,1,10,1.1
2024-03-27T22:19:28Z,26.548900,-77.054870,4.12,88.2,1,10,1.1
2024-03-27T22:19:33Z,26.548905,-77.054758,4.29,89.6,1,10,1.1
2024-03-27T22:19:43Z,26.548907,-77.054537,4.18,91.2,1,10,1.1
2024-03-27T22:19:48Z,26.548908,-77.054428,4.22,85.4,1,11,0.8
2024-03-27T22:19:53Z,26.548905,-77.054327,3.74,91.0,1,11,0.8
2024-03-27T22:19:58Z,26.548903,-77.054235,3.60,89.1,1,11,0.8
2024-03-27T22:20:03Z,26.548902,-77.054142,3.65,93.2,1,11,0.8
2024-03-27T22:20:08Z,26.548903,-77.054045,3.51,86.6,1,11,0.8
2024-03-27T22:20:18Z,26.548905,-77.053875,3.06,96.1,1,11,0.8
2024-03-27T22:20:23Z,26.548908,-77.053798,2.81,85.2,1,10,0.9
2024-03-27T22:20:28Z,26.548908,-77.053735,2.33,94.1,1,11,0.8
2024-03-27T22:20:33Z,26.548907,-77.053678,2.04,96.1,1,11,0.8
2024-03-27T22:20:38Z,26.548903,-77.053640,1.18,114.8,1,11,0.8
2024-03-27T22:20:43Z,26.548902,-77.053613,0.79,109.6,1,11,0.8
2024-03-27T22:20:53Z,26.548893,-77.053582,0.49,105.8,1,11,0.8
2024-03-27T22:20:58Z,26.548890,-77.053572,0.39,103.6,1,11,0.8
2024-03-27T22:21:03Z,26.548888,-77.053565,0.32,98.3,1,11,0.8
2024-03-27T22:21:08Z,26.548888,-77.053563,0.31,101.1,1,11,0.8
2024-03-27T22:21:13Z,26.548885,-77.053558,0.38,120.7,1,11,0.8
2024-03-27T22:21:18Z,26.548885,-77.053557,0.15,128.3,1,11,0.8
2024-03-27T22:21:28Z,26.548888,-77.053555,0.18,64.2,1,11,0.8
2024-03-27T22:21:33Z,26.548888,-77.053557,0.13,332.4,1,11,0.8
2024-03-27T22:21:38Z,26.548888,-77.053560,0.09,49.2,1,11,0.8
2024-03-27T22:21:43Z,26.548890,-77.053563,0.12,323.2,1,11,0.8
2024-03-27T22:21:48Z,26.548888,-77.053570,0.20,279.6,1,11,0.8
2024-03-27T22:21:58Z,26.548892,-77.053585,0.23,310.8,1,11,0.8
2024-03-27T22:22:03Z,26.548900,-77.053585,0.32,305.9,1,11,0.8
2024-03-27T22:22:08Z,26.548907,-77.053588,0.30,295.4,1,11,0.8
2024-03-27T22:22:13Z,26.548912,-77.053598,0.45,293.4,1,10,1.1
2024-03-27T22:22:18Z,26.548915,-77.053607,0.34,288.5,1,10,1.1
2024-03-27T22:22:23Z,26.548918,-77.053608,0.33,308.6,1,10,1.1
2024-03-27T22:22:33Z,26.548925,-77.053613,0.26,305.6,1,11,0.8
2024-03-27T22:22:38Z,26.548932,-77.053623,0.33,309.2,1,11,0.8
2024-03-27T22:22:43Z,26.548938,-77.053637,0.52,319.2,1,10,0.9
2024-03-27T22:22:48Z,26.548945,-77.053652,0.38,338.5,1,10,1.1
2024-03-27T22:22:53Z,26.548953,-77.053657,0.28,1.4,1,10,1.1
2024-03-27T22:23:03Z,26.548957,-77.053662,0.28,41.6,1,11,0.8
2024-03-27T22:23:08Z,26.548962,-77.053655,0.24,71.9,1,11,0.8
2024-03-27T22:23:13Z,26.548967,-77.053653,0.21,55.1,1,11,0.8
2024-03-27T22:23:18Z,26.548972,-77.053652,0.18,15.2,1,11,0.8
2024-03-27T22:23:23Z,26.548973,-77.053653,0.21,287.8,1,11,0.8
2024-03-27T22:23:28Z,26.548977,-77.053657,0.13,281.7,1,11,0.8
2024-03-27T22:23:33Z,26.548978,-77.053657,0.05,149.8,1,11,0.8
2024-03-27T22:23:38Z,26.548978,-77.053655,0.15,96.0,1,11,0.8
2024-03-27T22:23:43Z,26.548977,-77.053653,0.09,180.7,1,11,0.8
2024-03-27T22:23:48Z,26.548975,-77.053652,0.16,120.5,1,11,0.8
2024-03-27T22:23:53Z,26.548973,-77.053652,0.15,145.9,1,11,0.8
2024-03-27T22:23:58Z,26.548970,-77.053650,0.23,115.9,1,11,0.8
2024-03-27T22:24:08Z,26.548963,-77.053650,0.11,175.0,1,10,1.1
2024-03-27T22:24:13Z,26.548962,-77.053650,0.20,117.5,1,10,1.1
2024-03-27T22:24:18Z,26.548963,-77.053653,0.03,162.0,1,9,1.2
2024-03-27T22:24:23Z,26.548967,-77.053660,0.09,107.0,1,10,1.1
2024-03-27T22:24:28Z,26.548968,-77.053662,0.02,147.1,1,10,1.1
2024-03-27T22:24:38Z,26.548963,-77.053657,0.05,12.5,1,11,0.8
2024-03-27T22:24:43Z,26.548967,-77.053662,0.13,288.2,1,11,0.8
2024-03-27T22:24:48Z,26.548967,-77.053663,0.08,99.2,1,11,0.8
2024-03-27T22:24:53Z,26.548967,-77.053665,0.03,323.0,1,11,0.8
2024-03-27T22:24:58Z,26.548965,-77.053667,0.03,265.3,1,11,0.8
2024-03-27T22:25:03Z,26.548967,-77.053670,0.12,286.9,1,11,0.8
2024-03-27T22:25:08Z,26.548967,-77.053672,0.10,26.6,1,11,0.8
2024-03-27T22:25:13Z,26.548967,-77.053672,0.10,49.3,1,10,1.1
2024-03-27T22:25:18Z,26.548967,-77.053670,0.33,89.3,1,10,0.9
2024-03-27T22:25:23Z,26.548963,-77.053665,0.22,99.2,1,10,0.9
2024-03-27T22:25:28Z,26.548963,-77.053675,0.10,322.7,1,11,0.8
2024-03-27T22:25:38Z,26.548965,-77.053677,0.10,302.3,1,11,0.8
2024-03-27T22:25:43Z,26.548963,-77.053677,0.03,154.9,1,11,0.8
2024-03-27T22:25:48Z,26.548962,-77.053673,0.21,115.0,1,11,0.8
2024-03-27T22:25:53Z,26.548962,-77.053673,0.17,105.9,1,11,0.8
2024-03-27T22:25:58Z,26.548960,-77.053677,0.18,336.4,1,11,0.8
2024-03-27T22:26:03Z,26.548958,-77.053673,0.12,84.8,1,11,0.8
2024-03-27T22:26:13Z,26.548953,-77.053668,0.13,122.1,1,10,0.9
2024-03-27T22:26:18Z,26.548953,-77.053667,0.03,98.8,1,11,0.8
2024-03-27T22:26:23Z,26.548953,-77.053658,0.05,1.6,1,11,0.8
2024-03-27T22:26:28Z,26.548952,-77.053657,0.17,113.7,1,11,0.8
2024-03-27T22:26:33Z,26.548950,-77.053658,0.10,96.5,1,11,0.8
2024-03-27T22:26:43Z,26.548953,-77.053672,0.21,294.9,1,11,0.8
2024-03-27T22:26:48Z,26.548957,-77.053683,0.04,64.6,1,11,0.8
2024-03-27T22:26:53Z,26.548958,-77.053690,0.22,284.6,1,11,0.8
2024-03-27T22:26:58Z,26.548958,-77.053695,0.03,26.0,1,11,0.8
2024-03-27T22:27:03Z,26.548958,-77.053698,0.05,300.9,1,11,0.8
2024-03-27T22:27:08Z,26.548957,-77.053700,0.03,50.4,1,11,0.8
2024-03-27T22:27:18Z,26.548960,-77.053697,0.13,355.5,1,10,0.9
2024-03-27T22:27:23Z,26.548960,-77.053695,0.12,345.5,1,10,0.9
2024-03-27T22:27:28Z,26.548958,-77.053692,0.11,61.6,1,9,0.9
2024-03-27T22:27:33Z,26.548957,-77.053688,0.12,30.7,1,9,0.9
2024-03-27T22:27:38Z,26.548957,-77.053687,0.23,84.9,1,9,0.9
2024-03-27T22:27:43Z,26.548953,-77.053677,0.27,102.3,1,10,0.9
2024-03-27T22:27:53Z,26.548948,-77.053683,0.20,48.1,1,10,0.9
2024-03-27T22:27:58Z,26.548943,-77.053685,0.16,26.5,1,10,0.9
2024-03-27T22:28:03Z,26.548940,-77.053685,0.35,85.3,1,10,0.9
2024-03-27T22:28:08Z,26.548940,-77.053687,0.16,338.9,1,10,0.9
2024-03-27T22:28:13Z,26.548938,-77.053685,0.35,96.5,1,10,0.9
2024-03-27T22:28:18Z,26.548940,-77.053687,0.33,320.5,1,10,0.9
2024-03-27T22:28:28Z,26.548938,-77.053688,0.22,101.0,2,10,0.9
2024-03-27T22:28:33Z,26.548943,-77.053695,0.11,57.4,2,10,0.9
2024-03-27T22:28:38Z,26.548950,-77.053702,0.22,278.2,2,10,0.9
2024-03-27T22:28:43Z,26.548948,-77.053700,0.73,95.1,2,10,0.9
2024-03-27T22:28:48Z,26.548933,-77.053700,0.28,106.1,2,10,0.9
2024-03-27T22:28:53Z,26.548933,-77.053703,0.12,332.2,2,10,0.9
2024-03-27T22:28:58Z,26.548932,-77.053700,0.33,100.6,2,10,0.9
2024-03-27T22:29:03Z,26.548933,-77.053702,0.24,107.3,2,10,0.9
2024-03-27T22:29:08Z,26.548933,-77.053700,0.14,77.5,1,10,0.9
2024-03-27T22:29:13Z,26.548938,-77.053700,0.21,332.7,1,10,0.9
2024-03-27T22:29:18Z,26.548943,-77.053700,0.08,210.8,1,10,0.9
2024-03-27T22:29:23Z,26.548940,-77.053698,0.22,166.9,1,10,0.9
2024-03-27T22:29:28Z,26.548938,-77.053695,0.09,146.4,1,10,0.9
2024-03-27T22:29:38Z,26.548937,-77.053688,0.08,76.8,1,9,1.2
2024-03-27T22:29:43Z,26.548938,-77.053685,0.26,99.0,1,9,1.2
2024-03-27T22:29:48Z,26.548942,-77.053685,0.22,335.3,1,10,0.9
2024-03-27T22:29:53Z,26.548947,-77.053687,0.25,332.8,1,10,0.9
2024-03-27T22:29:58Z,26.548945,-77.053685,0.33,86.5,1,10,0.9
2024-03-27T22:30:08Z,26.548943,-77.053680,0.12,13.2,1,10,0.9
2024-03-27T22:30:13Z,26.548948,-77.053683,0.18,62.9,1,10,0.9
2024-03-27T22:30:18Z,26.548952,-77.053685,0.18,314.7,1,10,0.9
2024-03-27T22:30:23Z,26.548955,-77.053693,0.19,305.4,1,10,0.9
2024-03-27T22:30:28Z,26.548953,-77.053695,0.07,115.7,1,10,0.9
2024-03-27T22:30:33Z,26.548948,-77.053693,0.25,128.8,1,10,0.9
2024-03-27T22:30:38Z,26.548947,-77.053693,0.36,115.8,1,9,1.2
2024-03-27T22:30:43Z,26.548945,-77.053690,0.24,121.6,1,10,0.9
2024-03-27T22:30:48Z,26.548943,-77.053692,0.16,115.7,1,10,0.9
2024-03-27T22:30:53Z,26.548943,-77.053695,0.05,295.2,1,10,0.9
2024-03-27T22:30:58Z,26.548940,-77.053697,0.09,267.8,1,10,0.9
2024-03-27T22:31:03Z,26.548938,-77.053697,0.13,95.6,1,10,0.9
2024-03-27T22:31:08Z,26.548938,-77.053697,0.17,91.4,1,10,0.9
2024-03-27T22:31:13Z,26.548937,-77.053697,0.18,112.4,1,9,1.2
2024-03-27T22:31:18Z,26.548937,-77.053698,0.05,282.9,1,9,1.2
2024-03-27T22:31:23Z,26.548935,-77.053703,0.05,291.7,1,10,0.9
2024-03-27T22:31:28Z,26.548937,-77.053708,0.12,39.3,1,9,1.2
2024-03-27T22:31:33Z,26.548937,-77.053705,0.18,60.5,1,9,1.2
2024-03-27T22:31:43Z,26.548942,-77.053705,0.28,310.2,1,10,0.9
2024-03-27T22:31:48Z,26.548945,-77.053705,0.25,46.9,1,10,0.9
2024-03-27T22:31:53Z,26.548947,-77.053705,0.09,29.2,1,10,0.9
2024-03-27T22:31:58Z,26.548947,-77.053705,0.07,72.4,1,10,0.9
2024-03-27T22:32:03Z,26.548948,-77.053703,0.16,48.6,1,10,0.9
2024-03-27T22:32:13Z,26.548950,-77.053697,0.23,55.4,1,10,0.9
2024-03-27T22:32:18Z,26.548950,-77.053697,0.05,187.9,1,10,0.9
2024-03-27T22:32:23Z,26.548950,-77.053698,0.18,41.2,1,10,0.9
2024-03-27T22:32:28Z,26.548953,-77.053697,0.29,39.0,1,10,0.9
2024-03-27T22:32:33Z,26.548957,-77.053698,0.23,22.3,1,10,0.9
2024-03-27T22:32:38Z,26.548958,-77.053698,0.06,140.1,1,10,0.9
2024-03-27T22:32:43Z,26.548957,-77.053698,0.03,250.2,1,10,0.9
2024-03-27T22:32:48Z,26.548960,-77.053695,0.14,56.4,1,10,0.9
2024-03-27T22:32:53Z,26.548963,-77.053692,0.12,2.1,1,10,0.9
2024-03-27T22:32:58Z,26.548963,-77.053695,0.13,324.0,1,10,0.9
2024-03-27T22:33:03Z,26.548965,-77.053700,0.07,291.1,1,10,0.9
2024-03-27T22:33:13Z,26.548965,-77.053693,0.01,22.8,1,10,0.9
2024-03-27T22:33:18Z,26.548960,-77.053688,0.26,115.9,1,10,0.9
2024-03-27T22:33:23Z,26.548957,-77.053685,0.08,75.2,1,9,0.9
2024-03-27T22:33:28Z,26.548952,-77.053680,0.14,101.7,1,9,1.2
2024-03-27T22:33:33Z,26.548947,-77.053673,0.34,116.7,1,10,0.9
2024-03-27T22:33:38Z,26.548943,-77.053668,0.15,162.4,1,10,0.9
2024-03-27T22:33:43Z,26.548943,-77.053668,0.12,192.0,1,10,0.9
2024-03-27T22:33:48Z,26.548942,-77.053670,0.05,316.6,1,10,0.9
2024-03-27T22:33:53Z,26.548943,-77.053670,0.03,7.2,1,10,0.9
2024-03-27T22:33:58Z,26.548943,-77.053667,0.12,73.4,1,10,0.9
2024-03-27T22:34:03Z,26.548945,-77.053665,0.10,290.2,1,10,0.9
2024-03-27T22:34:08Z,26.548945,-77.053663,0.20,82.1,1,10,0.9
2024-03-27T22:34:13Z,26.548945,-77.053662,0.12,308.9,1,10,0.9
2024-03-27T22:34:18Z,26.548945,-77.053663,0.05,128.4,1,10,0.9
2024-03-27T22:34:23Z,26.548943,-77.053663,0.20,117.0,1,10,0.9
2024-03-27T22:34:28Z,26.548942,-77.053667,0.06,66.5,1,10,0.9
2024-03-27T22:34:33Z,26.548940,-77.053665,0.25,93.8,1,9,1.2
2024-03-27T22:34:43Z,26.548935,-77.053667,0.12,57.2,1,8,1.4
2024-03-27T22:34:48Z,26.548938,-77.053673,0.13,346.3,1,10,0.9
2024-03-27T22:34:53Z,26.548937,-77.053675,0.06,39.7,1,10,0.9
2024-03-27T22:34:58Z,26.548935,-77.053678,0.05,328.2,1,10,0.9
2024-03-27T22:35:03Z,26.548937,-77.053680,0.05,29.2,1,10,0.9
2024-03-27T22:35:08Z,26.548937,-77.053680,0.24,94.4,1,10,0.9
2024-03-27T22:35:13Z,26.548935,-77.053673,0.05,140.0,1,10,0.9
2024-03-27T22:35:18Z,26.548935,-77.053672,0.04,123.4,1,9,1.2
2024-03-27T22:35:23Z,26.548935,-77.053668,0.17,103.9,1,8,1.4
2024-03-27T22:35:28Z,26.548933,-77.053667,0.03,230.1,1,9,1.2
2024-03-27T22:35:33Z,26.548935,-77.053670,0.04,352.5,1,9,1.2
2024-03-27T22:35:43Z,26.548940,-77.053673,0.13,315.0,1,10,0.9
2024-03-27T22:35:48Z,26.548943,-77.053682,0.12,358.6,1,10,0.9
2024-03-27T22:35:53Z,26.548950,-77.053690,0.31,54.5,1,9,0.9
2024-03-27T22:35:58Z,26.548955,-77.053688,0.41,52.2,1,10,0.9
2024-03-27T22:36:03Z,26.548955,-77.053690,0.34,59.2,1,10,0.9
2024-03-27T22:36:08Z,26.548957,-77.053688,0.14,25.7,1,10,0.9
2024-03-27T22:36:18Z,26.548962,-77.053680,0.10,70.5,1,8,1.0
2024-03-27T22:36:23Z,26.548963,-77.053677,0.09,224.7,1,10,0.9
2024-03-27T22:36:28Z,26.548960,-77.053675,0.03,102.8,1,10,0.9
2024-03-27T22:36:33Z,26.548960,-77.053677,0.06,57.3,1,10,0.9
2024-03-27T22:36:38Z,26.548958,-77.053677,0.08,75.8,1,10,0.9
2024-03-27T22:36:43Z,26.548957,-77.053677,0.08,32.2,1,10,0.9
2024-03-27T22:36:53Z,26.548958,-77.053677,0.17,55.5,1,10,0.9
2024-03-27T22:36:58Z,26.548958,-77.053672,0.17,75.0,1,10,0.9
2024-03-27T22:37:03Z,26.548958,-77.053668,0.24,93.9,1,10,0.9
2024-03-27T22:37:08Z,26.548957,-77.053665,0.20,88.2,1,10,0.9
2024-03-27T22:37:13Z,26.548957,-77.053663,0.17,87.1,1,10,0.9
2024-03-27T22:37:18Z,26.548958,-77.053663,0.05,73.9,1,10,0.9
2024-03-27T22:37:23Z,26.548958,-77.053665,0.07,327.0,1,10,0.9
2024-03-27T22:37:28Z,26.548960,-77.053667,0.12,351.7,1,10,0.9
2024-03-27T22:37:33Z,26.548962,-77.053670,0.19,328.2,1,10,0.9
2024-03-27T22:37:38Z,26.548963,-77.053670,0.26,64.6,1,10,0.9
2024-03-27T22:37:43Z,26.548965,-77.053675,0.15,348.9,1,10,0.9
2024-03-27T22:37:48Z,26.548968,-77.053683,0.23,319.2,1,10,0.9
2024-03-27T22:37:53Z,26.548970,-77.053690,0.20,356.2,1,9,1.2
2024-03-27T22:38:03Z,26.548975,-77.053698,0.32,323.3,1,10,0.9
2024-03-27T22:38:08Z,26.548975,-77.053697,0.24,84.0,1,10,0.9
2024-03-27T22:38:13Z,26.548973,-77.053693,0.09,19.2,1,10,0.9
2024-03-27T22:38:18Z,26.548975,-77.053692,0.19,62.9,1,10,0.9
2024-03-27T22:38:23Z,26.548977,-77.053688,0.25,74.1,1,10,0.9
2024-03-27T22:38:28Z,26.548978,-77.053683,0.26,65.7,1,9,1.2
2024-03-27T22:38:33Z,26.548978,-77.053678,0.19,60.8,1,9,1.2
2024-03-27T22:38:38Z,26.548978,-77.053675,0.12,67.4,1,9,1.2
2024-03-27T22:38:43Z,26.548975,-77.053667,0.28,108.3,1,10,0.9
2024-03-27T22:38:48Z,26.548977,-77.053670,0.18,113.2,1,10,0.9
2024-03-27T22:38:53Z,26.548978,-77.053673,0.03,344.6,1,10,0.9
2024-03-27T22:38:58Z,26.548978,-77.053677,0.00,312.1,1,10,0.9
2024-03-27T22:39:03Z,26.548978,-77.053678,0.23,252.5,1,10,0.9
2024-03-27T22:39:13Z,26.548972,-77.053687,0.23,266.9,1,10,0.9
2024-03-27T22:39:18Z,26.548970,-77.053688,0.04,66.4,1,10,0.9
2024-03-27T22:39:23Z,26.548968,-77.053688,0.05,68.5,1,10,0.9
2024-03-27T22:39:28Z,26.548967,-77.053687,0.02,163.2,1,10,0.9
2024-03-27T22:39:33Z,26.548963,-77.053683,0.06,207.2,1,9,0.9
2024-03-27T22:39:38Z,26.548962,-77.053687,0.14,264.6,1,10,0.9
2024-03-27T22:39:43Z,26.548957,-77.053683,0.05,153.9,1,10,0.9
2024-03-27T22:39:48Z,26.548953,-77.053683,0.11,254.7,1,10,0.9
2024-03-27T22:39:53Z,26.548952,-77.053680,0.02,235.4,1,9,0.9
2024-03-27T22:39:58Z,26.548950,-77.053680,0.02,16.4,1,9,0.9
2024-03-27T22:40:03Z,26.548950,-77.053678,0.12,97.0,1,10,0.9
2024-03-27T22:40:08Z,26.548953,-77.053682,0.05,2.0,1,10,0.9
2024-03-27T22:40:13Z,26.548955,-77.053685,0.27,281.6,1,10,0.9
2024-03-27T22:40:23Z,26.548957,-77.053693,0.20,272.5,1,10,0.9
2024-03-27T22:40:28Z,26.548957,-77.053695,0.07,27.3,1,10,0.9
2024-03-27T22:40:33Z,26.548958,-77.053695,0.13,64.9,1,10,0.9
2024-03-27T22:40:38Z,26.548962,-77.053695,0.18,3.1,1,10,0.9
2024-03-27T22:40:43Z,26.548957,-77.053707,0.09,312.0,1,9,1.2
2024-03-27T22:40:48Z,26.548957,-77.053720,0.61,290.7,1,10,0.9
2024-03-27T22:40:58Z,26.548960,-77.053733,0.29,302.4,1,9,1.2
2024-03-27T22:41:03Z,26.548955,-77.053725,0.17,126.1,1,10,0.9
2024-03-27T22:41:08Z,26.548953,-77.053723,0.13,116.5,1,10,0.9
2024-03-27T22:41:13Z,26.548953,-77.053723,0.05,215.1,1,10,0.9
2024-03-27T22:41:18Z,26.548952,-77.053722,0.11,152.0,1,10,0.9
2024-03-27T22:41:23Z,26.548950,-77.053722,0.13,141.0,1,10,0.9
2024-03-27T22:41:33Z,26.548945,-77.053722,0.12,142.0,1,10,0.9
2024-03-27T22:41:38Z,26.548943,-77.053720,0.11,240.2,1,10,0.9
2024-03-27T22:41:43Z,26.548942,-77.053723,0.09,98.0,1,10,0.9
2024-03-27T22:41:48Z,26.548942,-77.053725,0.02,62.5,1,10,0.9
2024-03-27T22:41:53Z,26.548938,-77.053730,0.07,275.4,1,10,0.9
2024-03-27T22:41:58Z,26.548937,-77.053733,0.13,291.4,1,10,0.9
2024-03-27T22:42:08Z,26.548932,-77.053730,0.05,131.6,1,10,0.9
2024-03-27T22:42:13Z,26.548933,-77.053732,0.11,348.0,1,10,0.9
2024-03-27T22:42:18Z,26.548935,-77.053732,0.09,10.4,1,10,0.9
2024-03-27T22:42:23Z,26.548937,-77.053733,0.04,151.1,1,10,0.9
2024-03-27T22:42:28Z,26.548937,-77.053732,0.20,49.5,1,10,0.9
2024-03-27T22:42:33Z,26.548938,-77.053730,0.12,71.2,1,10,0.9
2024-03-27T22:42:43Z,26.548938,-77.053728,0.06,45.9,1,10,0.9
2024-03-27T22:42:48Z,26.548938,-77.053727,0.08,40.1,1,10,0.9
2024-03-27T22:42:53Z,26.548938,-77.053727,0.06,20.9,1,10,0.9
2024-03-27T22:42:58Z,26.548940,-77.053728,0.08,356.9,1,10,0.9
2024-03-27T22:43:03Z,26.548940,-77.053728,0.09,10.1,1,10,0.9
2024-03-27T22:43:08Z,26.548942,-77.053728,0.07,2.8,1,10,0.9
2024-03-27T22:43:18Z,26.548943,-77.053728,0.01,336.3,1,10,0.9
2024-03-27T22:43:23Z,26.548940,-77.053725,0.16,88.4,1,9,1.2
2024-03-27T22:43:28Z,26.548940,-77.053723,0.24,105.2,1,10,0.9
2024-03-27T22:43:33Z,26.548938,-77.053720,0.45,88.3,1,10,0.9
2024-03-27T22:43:38Z,26.548935,-77.053715,0.11,139.2,1,10,0.9
2024-03-27T22:43:43Z,26.548935,-77.053710,0.26,102.1,1,10,0.9
2024-03-27T22:43:48Z,26.548935,-77.053707,0.20,116.3,1,10,0.9
2024-03-27T22:43:53Z,26.548935,-77.053708,0.10,68.0,1,9,1.2
2024-03-27T22:43:58Z,26.548937,-77.053705,0.08,80.3,1,10,0.9
2024-03-27T22:44:03Z,26.548940,-77.053700,0.11,44.2,1,10,0.9
2024-03-27T22:44:08Z,26.548942,-77.053698,0.04,173.4,1,10,0.9
2024-03-27T22:44:13Z,26.548943,-77.053695,0.10,78.9,1,10,0.9
2024-03-27T22:44:18Z,26.548945,-77.053692,0.08,83.8,1,10,0.9
2024-03-27T22:44:28Z,26.548947,-77.053688,0.07,60.4,1,10,0.9
2024-03-27T22:44:33Z,26.548948,-77.053688,0.05,9.2,1,10,0.9
2024-03-27T22:44:38Z,26.548952,-77.053687,0.07,22.0,1,10,0.9
2024-03-27T22:44:43Z,26.548953,-77.053685,0.12,20.7,1,10,0.9
2024-03-27T22:44:48Z,26.548957,-77.053685,0.16,306.0,1,10,0.9
2024-03-27T22:44:53Z,26.548960,-77.053685,0.07,29.0,1,10,0.9
2024-03-27T22:44:58Z,26.548962,-77.053682,0.08,57.8,1,10,0.9
2024-03-27T22:45:03Z,26.548960,-77.053680,0.15,199.2,1,10,0.9
2024-03-27T22:45:08Z,26.548960,-77.053678,0.06,172.7,1,10,0.9
2024-03-27T22:45:13Z,26.548960,-77.053678,0.16,135.9,1,10,0.9
2024-03-27T22:45:18Z,26.548960,-77.053665,0.09,358.4,1,10,0.9
2024-03-27T22:45:23Z,26.548967,-77.053673,0.20,279.6,1,10,0.9
2024-03-27T22:45:28Z,26.548960,-77.053665,0.08,118.8,1,10,0.9
2024-03-27T22:45:33Z,26.548962,-77.053668,0.12,303.9,1,10,0.9
2024-03-27T22:45:38Z,26.548972,-77.053682,0.31,65.5,1,10,0.9
2024-03-27T22:45:43Z,26.548975,-77.053685,0.24,87.7,1,10,0.9
2024-03-27T22:45:48Z,26.548977,-77.053692,0.09,93.2,1,10,0.9
2024-03-27T22:45:53Z,26.548978,-77.053698,0.04,294.0,1,10,0.9
2024-03-27T22:45:58Z,26.548977,-77.053703,0.15,298.0,1,10,0.9
2024-03-27T22:46:03Z,26.548977,-77.053705,0.08,340.1,1,10,0.9
2024-03-27T22:46:13Z,26.548978,-77.053708,0.16,91.0,1,10,0.9
2024-03-27T22:46:18Z,26.548977,-77.053708,0.02,267.8,1,10,0.9
2024-03-27T22:46:23Z,26.548977,-77.053710,0.14,339.9,1,10,0.9
2024-03-27T22:46:28Z,26.548978,-77.053713,0.10,77.7,1,10,0.9
2024-03-27T22:46:33Z,26.548978,-77.053715,0.18,78.6,1,10,0.9
2024-03-27T22:46:38Z,26.548978,-77.053720,0.23,301.2,1,10,0.9
2024-03-27T22:46:43Z,26.548980,-77.053723,0.17,100.8,1,10,0.9
2024-03-27T22:46:48Z,26.548978,-77.053723,0.09,291.8,1,10,0.9
2024-03-27T22:46:53Z,26.548980,-77.053723,0.47,94.9,1,10,0.9
2024-03-27T22:46:58Z,26.548978,-77.053720,0.23,288.0,1,10,0.9
2024-03-27T22:47:03Z,26.548980,-77.053728,0.14,310.8,1,10,0.9
2024-03-27T22:47:08Z,26.548980,-77.053723,0.22,123.5,1,10,0.9
2024-03-27T22:47:13Z,26.548980,-77.053717,0.09,286.8,1,10,0.9
2024-03-27T22:47:23Z,26.548968,-77.053697,0.27,123.4,1,10,0.9
2024-03-27T22:47:28Z,26.548967,-77.053697,0.10,297.6,1,10,0.9
2024-03-27T22:47:33Z,26.548968,-77.053710,0.10,230.1,1,9,1.2
2024-03-27T22:47:38Z,26.548965,-77.053710,0.03,159.1,1,9,1.2
2024-03-27T22:47:43Z,26.548963,-77.053713,0.12,316.9,1,10,0.9
2024-03-27T22:47:48Z,26.548960,-77.053713,0.09,331.9,1,10,0.9
2024-03-27T22:47:53Z,26.548958,-77.053715,0.09,320.0,1,10,0.9
2024-03-27T22:47:58Z,26.548958,-77.053713,0.09,95.7,1,10,0.9
2024-03-27T22:48:03Z,26.548958,-77.053707,0.11,85.7,1,10,0.9
2024-03-27T22:48:08Z,26.548958,-77.053702,0.16,69.1,1,10,0.9
2024-03-27T22:48:13Z,26.548955,-77.053712,0.14,78.7,1,9,1.2
2024-03-27T22:48:18Z,26.548955,-77.053708,0.16,71.2,1,9,1.2
2024-03-27T22:48:23Z,26.548952,-77.053708,0.16,93.4,1,9,1.2
2024-03-27T22:48:33Z,26.548948,-77.053710,0.12,81.0,1,9,1.2
2024-03-27T22:48:38Z,26.548947,-77.053708,0.11,76.5,1,9,1.2
2024-03-27T22:48:43Z,26.548948,-77.053705,0.18,67.4,1,9,1.2
2024-03-27T22:48:48Z,26.548950,-77.053707,0.09,8.8,1,9,1.2
2024-03-27T22:48:53Z,26.548953,-77.053712,0.28,43.0,1,9,1.2
2024-03-27T22:48:58Z,26.548955,-77.053715,0.07,266.5,1,9,1.2
2024-03-27T22:49:08Z,26.548955,-77.053717,0.07,119.9,1,8,1.3
2024-03-27T22:49:13Z,26.548953,-77.053712,0.06,124.0,1,9,1.2
2024-03-27T22:49:18Z,26.548952,-77.053708,0.14,147.9,1,10,0.9
2024-03-27T22:49:23Z,26.548955,-77.053705,0.15,141.3,1,10,0.9
2024-03-27T22:49:28Z,26.548955,-77.053703,0.13,103.8,1,10,0.9
2024-03-27T22:49:33Z,26.548955,-77.053700,0.03,148.4,1,9,1.2
2024-03-27T22:49:43Z,26.548953,-77.053705,0.04,38.5,1,10,0.9
2024-03-27T22:49:48Z,26.548953,-77.053703,0.08,276.2,1,9,1.3
2024-03-27T22:49:53Z,26.548952,-77.053703,0.17,255.2,1,10,0.9
2024-03-27T22:49:58Z,26.548952,-77.053705,0.14,93.4,1,9,0.9
2024-03-27T22:50:03Z,26.548953,-77.053707,0.10,336.9,1,9,0.9
2024-03-27T22:50:08Z,26.548953,-77.053710,0.07,243.2,1,10,0.9
2024-03-27T22:50:18Z,26.548953,-77.053708,0.21,297.9,1,10,0.9
2024-03-27T22:50:23Z,26.548953,-77.053710,0.33,95.8,1,10,0.9
2024-03-27T22:50:28Z,26.548952,-77.053710,0.09,16.6,1,9,0.9
2024-03-27T22:50:33Z,26.548952,-77.053715,0.33,285.8,1,9,0.9
2024-03-27T22:50:38Z,26.548948,-77.053717,0.16,308.0,1,9,0.9
2024-03-27T22:50:43Z,26.548947,-77.053712,0.09,63.0,1,9,0.9
2024-03-27T22:50:53Z,26.548943,-77.053713,0.04,160.8,1,9,0.9
2024-03-27T22:50:58Z,26.548940,-77.053710,0.07,316.1,1,9,0.9
2024-03-27T22:51:03Z,26.548938,-77.053708,0.18,79.2,1,9,0.9
2024-03-27T22:51:08Z,26.548938,-77.053707,0.18,126.7,1,10,0.9
2024-03-27T22:51:13Z,26.548938,-77.053708,0.24,263.9,1,10,0.9
2024-03-27T22:51:18Z,26.548938,-77.053708,0.18,50.1,1,10,0.9
2024-03-27T22:51:28Z,26.548940,-77.053703,0.09,29.3,1,9,1.3
2024-03-27T22:51:33Z,26.548942,-77.053700,0.12,16.9,1,9,1.3
2024-03-27T22:51:38Z,26.548947,-77.053698,0.08,349.8,1,10,0.9
2024-03-27T22:51:43Z,26.548947,-77.053697,0.16,331.1,1,10,0.9
2024-03-27T22:51:48Z,26.548948,-77.053695,0.18,45.4,1,10,0.9
2024-03-27T22:51:53Z,26.548950,-77.053695,0.09,341.8,1,10,0.9
2024-03-27T22:52:03Z,26.548947,-77.053695,0.16,110.9,1,10,0.9
2024-03-27T22:52:08Z,26.548945,-77.053695,0.14,187.6,1,10,0.9
2024-03-27T22:52:13Z,26.548943,-77.053695,0.14,190.6,1,10,0.9
2024-03-27T22:52:18Z,26.548942,-77.053697,0.08,221.9,1,10,0.9
2024-03-27T22:52:23Z,26.548942,-77.053698,0.08,287.6,1,10,0.9
2024-03-27T22:52:28Z,26.548943,-77.053700,0.09,344.6,1,9,1.3
2024-03-27T22:52:38Z,26.548947,-77.053698,0.07,43.1,1,9,1.3
2024-03-27T22:52:43Z,26.548948,-77.053693,0.10,73.9,1,9,1.3
2024-03-27T22:52:48Z,26.548952,-77.053690,0.05,131.0,1,9,1.3
2024-03-27T22:52:53Z,26.548952,-77.053687,0.26,82.6,1,9,1.3
2024-03-27T22:52:58Z,26.548948,-77.053688,0.08,178.2,1,9,1.3
2024-03-27T22:53:03Z,26.548947,-77.053692,0.09,142.1,1,9,1.3
2024-03-27T22:53:13Z,26.548943,-77.053685,0.17,167.7,1,9,1.3
2024-03-27T22:53:18Z,26.548942,-77.053688,0.17,150.7,1,9,1.3
2024-03-27T22:53:23Z,26.548940,-77.053687,0.12,125.1,1,9,1.3
2024-03-27T22:53:28Z,26.548940,-77.053687,0.02,107.9,1,9,1.3
2024-03-27T22:53:33Z,26.548938,-77.053683,0.05,224.4,1,8,1.3
2024-03-27T22:53:38Z,26.548938,-77.053690,0.18,302.6,1,9,1.3
2024-03-27T22:53:48Z,26.548933,-77.053697,0.13,129.6,1,9,1.3
2024-03-27T22:53:53Z,26.548932,-77.053697,0.11,102.5,1,9,1.3
2024-03-27T22:53:58Z,26.548930,-77.053693,0.15,77.8,1,9,1.3
2024-03-27T22:54:03Z,26.548930,-77.053697,0.09,88.8,1,10,0.9
2024-03-27T22:54:08Z,26.548928,-77.053708,0.11,120.2,1,10,0.9
2024-03-27T22:54:13Z,26.548927,-77.053713,0.18,296.3,1,10,0.9
2024-03-27T22:54:23Z,26.548925,-77.053715,0.01,252.7,1,10,0.9
2024-03-27T22:54:28Z,26.548923,-77.053713,0.07,113.9,1,9,1.3
2024-03-27T22:54:33Z,26.548920,-77.053710,0.10,140.0,1,9,1.3
2024-03-27T22:54:38Z,26.548918,-77.053710,0.12,224.4,1,10,0.9
2024-03-27T22:54:43Z,26.548915,-77.053710,0.12,149.4,1,10,0.9
2024-03-27T22:54:48Z,26.548910,-77.053710,0.18,212.5,1,10,0.9
2024-03-27T22:54:53Z,26.548907,-77.053713,0.08,204.4,1,8,1.6
2024-03-27T22:54:58Z,26.548903,-77.053713,0.08,196.7,1,8,1.3
2024-03-27T22:55:03Z,26.548902,-77.053717,0.20,267.6,1,10,0.9
2024-03-27T22:55:08Z,26.548900,-77.053722,0.07,19.9,1,10,0.9
2024-03-27T22:55:13Z,26.548900,-77.053723,0.03,299.2,1,10,0.9
2024-03-27T22:55:18Z,26.548898,-77.053720,0.08,70.1,1,10,0.9
2024-03-27T22:55:23Z,26.548900,-77.053720,0.02,331.3,1,10,0.9
2024-03-27T22:55:33Z,26.548902,-77.053725,0.08,76.0,1,10,0.9
2024-03-27T22:55:38Z,26.548902,-77.053723,0.09,64.3,1,10,0.9
2024-03-27T22:55:43Z,26.548902,-77.053722,0.11,60.6,1,10,0.9
2024-03-27T22:55:48Z,26.548903,-77.053722,0.18,343.4,1,10,0.9
2024-03-27T22:55:53Z,26.548903,-77.053722,0.10,67.6,1,10,0.9
2024-03-27T22:55:58Z,26.548907,-77.053722,0.13,357.9,1,10,0.9
2024-03-27T22:56:08Z,26.548910,-77.053728,0.16,280.2,1,10,0.9
2024-03-27T22:56:13Z,26.548912,-77.053730,0.23,336.1,1,10,0.9
2024-03-27T22:56:18Z,26.548915,-77.053735,0.20,283.3,1,10,0.9
2024-03-27T22:56:23Z,26.548920,-77.053738,0.10,250.6,1,10,0.9
2024-03-27T22:56:28Z,26.548923,-77.053737,0.03,2.9,1,10,0.9
2024-03-27T22:56:33Z,26.548925,-77.053737,0.14,201.5,1,10,0.9
2024-03-27T22:56:38Z,26.548922,-77.053735,0.19,154.9,1,9,0.9
2024-03-27T22:56:43Z,26.548917,-77.053728,0.07,208.1,1,10,0.9
2024-03-27T22:56:48Z,26.548920,-77.053733,0.09,32.8,1,10,0.9
2024-03-27T22:56:53Z,26.548917,-77.053733,0.02,109.1,1,10,0.9
2024-03-27T22:56:58Z,26.548915,-77.053732,0.11,241.7,1,10,0.9
2024-03-27T22:57:03Z,26.548913,-77.053732,0.03,84.6,1,10,0.9
2024-03-27T22:57:08Z,26.548912,-77.053733,0.01,17.7,1,10,0.9
2024-03-27T22:57:13Z,26.548910,-77.053737,0.05,104.0,1,10,0.9
2024-03-27T22:57:18Z,26.548908,-77.053737,0.03,318.5,1,10,0.9
2024-03-27T22:57:23Z,26.548907,-77.053738,0.16,297.3,1,10,0.9
2024-03-27T22:57:28Z,26.548908,-77.053742,0.03,195.2,1,10,0.9
2024-03-27T22:57:33Z,26.548908,-77.053743,0.17,313.2,1,10,0.9
2024-03-27T22:57:38Z,26.548907,-77.053745,0.15,271.6,1,10,0.9
2024-03-27T22:57:43Z,26.548907,-77.053745,0.05,308.6,1,10,0.9
2024-03-27T22:57:48Z,26.548907,-77.053747,0.06,303.4,1,10,0.9
2024-03-27T22:57:53Z,26.548907,-77.053748,0.06,357.2,1,10,0.9
2024-03-27T22:57:58Z,26.548907,-77.053747,0.06,342.7,1,10,0.9
2024-03-27T22:58:03Z,26.548908,-77.053743,0.04,319.6,1,10,0.9
2024-03-27T22:58:08Z,26.548908,-77.053742,0.03,213.2,1,10,0.9
2024-03-27T22:58:13Z,26.548908,-77.053738,0.01,29.2,1,10,0.9
2024-03-27T22:58:18Z,26.548908,-77.053730,0.10,50.3,1,10,0.9
2024-03-27T22:58:23Z,26.548908,-77.053728,0.10,222.2,1,10,0.9
2024-03-27T22:58:28Z,26.548908,-77.053727,0.08,286.0,1,10,0.9
2024-03-27T22:58:33Z,26.548908,-77.053725,0.10,121.6,1,10,0.9
2024-03-27T22:58:38Z,26.548910,-77.053722,0.10,11.5,1,10,0.9
2024-03-27T22:58:43Z,26.548912,-77.053720,0.10,49.9,1,9,1.0
2024-03-27T22:58:48Z,26.548913,-77.053720,0.07,247.6,1,9,1.0
2024-03-27T22:58:53Z,26.548915,-77.053720,0.04,309.5,1,9,1.0
2024-03-27T22:59:03Z,26.548918,-77.053720,0.05,15.8,1,9,1.0
2024-03-27T22:59:08Z,26.548918,-77.053720,0.05,360.0,1,10,0.9
2024-03-27T22:59:13Z,26.548918,-77.053720,0.06,19.5,1,10,0.9
2024-03-27T22:59:18Z,26.548920,-77.053718,0.09,32.6,1,10,0.9
2024-03-27T22:59:23Z,26.548920,-77.053720,0.13,228.5,1,9,1.0
2024-03-27T22:59:28Z,26.548922,-77.053720,0.04,356.9,1,10,0.9
2024-03-27T22:59:33Z,26.548922,-77.053720,0.04,354.8,1,10,0.9
2024-03-27T22:59:38Z,26.548917,-77.053723,0.11,71.3,1,10,0.9
2024-03-27T22:59:43Z,26.548915,-77.053727,0.09,293.8,1,10,0.9
2024-03-27T22:59:48Z,26.548913,-77.053732,0.09,327.5,1,10,0.9
2024-03-27T22:59:53Z,26.548915,-77.053735,0.06,342.0,1,10,0.9
2024-03-27T22:59:58Z,26.548915,-77.053735,0.09,329.9,1,10,0.9
2024-03-27T23:00:03Z,26.548917,-77.053740,0.13,330.4,1,9,1.3
2024-03-27T23:00:13Z,26.548918,-77.053722,0.33,75.0,1,10,0.9
2024-03-27T23:00:18Z,26.548918,-77.053710,0.17,78.8,1,10,0.9
2024-03-27T23:00:23Z,26.548915,-77.053720,0.08,81.8,1,10,0.9
2024-03-27T23:00:28Z,26.548918,-77.053705,0.14,65.5,1,10,0.8
2024-03-27T23:00:33Z,26.548920,-77.053690,0.17,247.4,1,10,0.8
2024-03-27T23:00:38Z,26.548920,-77.053695,0.16,202.8,1,10,0.8
2024-03-27T23:00:48Z,26.548915,-77.053702,0.12,113.7,1,10,0.8
2024-03-27T23:00:53Z,26.548910,-77.053703,0.05,224.3,1,9,0.9
2024-03-27T23:00:58Z,26.548910,-77.053705,0.09,303.0,1,9,0.9
2024-03-27T23:01:03Z,26.548910,-77.053705,0.14,53.8,1,10,0.8
2024-03-27T23:01:08Z,26.548908,-77.053703,0.22,190.6,1,10,0.8
2024-03-27T23:01:13Z,26.548907,-77.053703,0.14,131.8,1,10,0.8
2024-03-27T23:01:18Z,26.548903,-77.053707,0.12,155.3,1,10,0.8
2024-03-27T23:01:23Z,26.548903,-77.053708,0.20,273.9,1,10,0.8
2024-03-27T23:01:28Z,26.548903,-77.053713,0.22,287.3,1,10,0.8
2024-03-27T23:01:33Z,26.548903,-77.053713,0.05,33.8,1,10,0.8
2024-03-27T23:01:38Z,26.548903,-77.053715,0.04,287.0,1,10,0.8
2024-03-27T23:01:43Z,26.548905,-77.053717,0.14,313.4,1,10,0.8
2024-03-27T23:01:48Z,26.548908,-77.053705,0.12,277.5,1,10,0.8
2024-03-27T23:01:58Z,26.548912,-77.053708,0.05,274.3,1,9,0.9
2024-03-27T23:02:03Z,26.548912,-77.053713,0.05,235.2,1,9,0.9
2024-03-27T23:02:08Z,26.548908,-77.053717,0.07,335.9,1,10,0.8
2024-03-27T23:02:13Z,26.548908,-77.053720,0.12,67.3,1,10,0.8
2024-03-27T23:02:18Z,26.548907,-77.053722,0.18,165.2,1,10,0.8
2024-03-27T23:02:23Z,26.548907,-77.053722,0.03,31.7,1,10,0.8
2024-03-27T23:02:33Z,26.548908,-77.053722,0.41,182.7,1,10,0.8
2024-03-27T23:02:38Z,26.548908,-77.053722,0.03,136.5,1,9,1.0
2024-03-27T23:02:43Z,26.548910,-77.053722,0.14,198.3,1,9,1.0
2024-03-27T23:02:48Z,26.548910,-77.053722,0.17,14.2,1,10,0.8
2024-03-27T23:02:53Z,26.548910,-77.053720,0.12,155.6,1,10,0.8
2024-03-27T23:02:58Z,26.548910,-77.053718,0.07,66.1,1,10,0.8
2024-03-27T23:03:08Z,26.548913,-77.053717,0.07,50.6,1,10,0.8
2024-03-27T23:03:13Z,26.548913,-77.053717,0.05,56.4,1,10,0.8
2024-03-27T23:03:18Z,26.548913,-77.053717,0.04,77.2,1,10,0.8
2024-03-27T23:03:23Z,26.548915,-77.053717,0.05,41.6,1,10,0.8
2024-03-27T23:03:28Z,26.548917,-77.053717,0.07,12.4,1,10,0.8
2024-03-27T23:03:33Z,26.548917,-77.053717,0.03,50.5,1,10,0.8
2024-03-27T23:03:43Z,26.548918,-77.053715,0.03,103.4,1,10,0.8
2024-03-27T23:03:48Z,26.548920,-77.053715,0.03,98.6,1,10,0.8
2024-03-27T23:03:53Z,26.548920,-77.053713,0.05,127.5,1,10,0.8
2024-03-27T23:03:58Z,26.548920,-77.053713,0.05,95.1,1,10,0.8
2024-03-27T23:04:03Z,26.548920,-77.053712,0.06,114.8,1,10,0.8
2024-03-27T23:04:08Z,26.548920,-77.053710,0.05,81.8,1,10,0.8
2024-03-27T23:04:18Z,26.548922,-77.053710,0.04,256.1,1,10,0.8
2024-03-27T23:04:23Z,26.548922,-77.053708,0.05,149.8,1,10,0.8
2024-03-27T23:04:28Z,26.548923,-77.053707,0.20,17.5,1,10,0.8
2024-03-27T23:04:33Z,26.548927,-77.053707,0.06,182.7,1,10,0.8
2024-03-27T23:04:38Z,26.548930,-77.053708,0.13,359.5,1,10,0.8
2024-03-27T23:04:43Z,26.548932,-77.053707,0.05,20.6,1,10,0.8
2024-03-27T23:04:53Z,26.548933,-77.053703,0.05,138.2,1,9,0.9
2024-03-27T23:04:58Z,26.548928,-77.053702,0.05,124.0,1,10,0.8
2024-03-27T23:05:03Z,26.548923,-77.053703,0.13,146.7,1,10,0.8
2024-03-27T23:05:08Z,26.548920,-77.053703,0.14,147.3,1,10,0.8
2024-03-27T23:05:13Z,26.548913,-77.053702,0.47,161.0,1,10,0.8
2024-03-27T23:05:18Z,26.548910,-77.053700,0.07,199.0,1,10,0.8
2024-03-27T23:05:23Z,26.548908,-77.053698,0.29,88.2,1,10,0.8
2024-03-27T23:05:28Z,26.548915,-77.053698,0.11,79.9,1,10,0.8
2024-03-27T23:05:33Z,26.548920,-77.053685,0.22,164.2,1,10,0.8
2024-03-27T23:05:38Z,26.548918,-77.053678,0.26,160.4,1,10,0.8
2024-03-27T23:05:43Z,26.548922,-77.053677,0.09,191.3,1,10,0.8
2024-03-27T23:05:48Z,26.548922,-77.053675,0.07,177.8,1,10,0.8
2024-03-27T23:05:53Z,26.548920,-77.053678,0.16,199.8,1,10,0.8
2024-03-27T23:05:58Z,26.548918,-77.053678,0.04,214.1,1,10,0.8
2024-03-27T23:06:03Z,26.548920,-77.053682,0.37,202.5,1,10,0.8
2024-03-27T23:06:08Z,26.548922,-77.053678,0.16,197.1,1,10,0.8
2024-03-27T23:06:13Z,26.548917,-77.053688,0.11,61.7,1,9,0.9
2024-03-27T23:06:18Z,26.548910,-77.053695,0.19,121.0,1,10,0.8
2024-03-27T23:06:23Z,26.548903,-77.053698,0.17,77.8,1,9,0.9
2024-03-27T23:06:28Z,26.548902,-77.053702,0.09,358.6,1,10,0.8
2024-03-27T23:06:38Z,26.548900,-77.053705,0.04,349.6,1,10,0.8
2024-03-27T23:06:43Z,26.548898,-77.053707,0.05,256.2,1,10,0.8
2024-03-27T23:06:48Z,26.548895,-77.053708,0.11,210.8,1,10,0.8
2024-03-27T23:06:53Z,26.548893,-77.053710,0.21,133.5,1,10,0.8
2024-03-27T23:06:58Z,26.548892,-77.053705,0.13,134.8,1,10,0.8
2024-03-27T23:07:03Z,26.548890,-77.053702,0.16,129.8,1,10,0.8
2024-03-27T23:07:13Z,26.548888,-77.053702,0.04,182.3,1,10,0.8
2024-03-27T23:07:18Z,26.548890,-77.053698,0.05,158.7,1,10,0.8
2024-03-27T23:07:23Z,26.548887,-77.053697,0.05,172.9,1,10,0.8
2024-03-27T23:07:28Z,26.548885,-77.053693,0.09,324.8,1,10,0.8
2024-03-27T23:07:33Z,26.548883,-77.053692,0.05,212.4,1,10,0.8
2024-03-27T23:07:38Z,26.548882,-77.053690,0.07,175.4,1,10,0.8
2024-03-27T23:07:43Z,26.548880,-77.053692,0.09,3.1,1,10,0.8
2024-03-27T23:07:53Z,26.548887,-77.053700,0.14,82.2,1,10,0.8
2024-03-27T23:07:58Z,26.548898,-77.053705,0.15,350.9,1,10,0.8
2024-03-27T23:08:03Z,26.548907,-77.053710,0.33,305.2,1,10,0.8
2024-03-27T23:08:08Z,26.548912,-77.053715,0.15,349.4,1,10,0.8
2024-03-27T23:08:13Z,26.548917,-77.053713,0.14,59.8,1,9,0.9
2024-03-27T23:08:18Z,26.548917,-77.053710,0.11,100.1,1,10,0.8
2024-03-27T23:08:28Z,26.548918,-77.053708,0.32,302.4,1,9,0.9
2024-03-27T23:08:33Z,26.548920,-77.053712,0.05,30.6,1,10,0.8
2024-03-27T23:08:38Z,26.548922,-77.053710,0.23,304.6,1,10,0.8
2024-03-27T23:08:43Z,26.548922,-77.053717,0.11,304.7,1,10,0.8
2024-03-27T23:08:48Z,26.548923,-77.053717,0.07,333.4,1,10,0.8
2024-03-27T23:08:53Z,26.548925,-77.053718,0.07,335.6,1,10,0.8
2024-03-27T23:08:58Z,26.548925,-77.053720,0.06,73.5,1,10,0.8
2024-03-27T23:09:03Z,26.548925,-77.053720,0.11,275.9,1,10,0.8
2024-03-27T23:09:08Z,26.548925,-77.053722,0.21,310.5,1,10,0.8
2024-03-27T23:09:13Z,26.548923,-77.053720,0.11,139.2,1,10,0.8
2024-03-27T23:09:18Z,26.548917,-77.053720,0.17,147.0,1,10,0.8
2024-03-27T23:09:23Z,26.548912,-77.053720,0.07,184.0,1,10,0.8
2024-03-27T23:09:28Z,26.548908,-77.053720,0.18,178.7,1,10,0.8
2024-03-27T23:09:33Z,26.548905,-77.053722,0.14,167.8,1,10,0.8
2024-03-27T23:09:38Z,26.548900,-77.053717,0.28,141.6,1,9,0.9
2024-03-27T23:09:43Z,26.548893,-77.053713,0.09,281.0,1,10,0.8
2024-03-27T23:09:48Z,26.548888,-77.053708,0.19,134.9,1,10,0.8
2024-03-27T23:09:53Z,26.548885,-77.053705,0.14,82.0,1,10,0.8
2024-03-27T23:09:58Z,26.548885,-77.053703,0.08,14.1,1,9,0.9
2024-03-27T23:10:03Z,26.548887,-77.053705,0.09,11.5,1,9,0.9
2024-03-27T23:10:13Z,26.548892,-77.053707,0.19,300.6,1,10,0.8
2024-03-27T23:10:18Z,26.548893,-77.053708,0.13,10.5,1,10,0.8
2024-03-27T23:10:23Z,26.548895,-77.053712,0.14,315.9,1,10,0.8
2024-03-27T23:10:28Z,26.548898,-77.053717,0.13,10.8,1,10,0.8
2024-03-27T23:10:33Z,26.548898,-77.053717,0.23,138.6,1,9,0.9
2024-03-27T23:10:38Z,26.548900,-77.053717,0.24,97.3,1,10,0.8
2024-03-27T23:10:43Z,26.548897,-77.053717,0.27,100.5,1,9,0.9
2024-03-27T23:10:48Z,26.548900,-77.053715,0.28,49.3,1,9,0.9
2024-03-27T23:10:53Z,26.548903,-77.053712,0.06,132.2,1,9,0.9
2024-03-27T23:10:58Z,26.548903,-77.053710,0.32,50.2,1,10,0.8
2024-03-27T23:11:03Z,26.548905,-77.053702,0.09,105.0,1,10,0.8
2024-03-27T23:11:08Z,26.548908,-77.053700,0.08,61.0,1,10,0.8
2024-03-27T23:11:13Z,26.548902,-77.053697,0.12,304.4,1,10,0.8
2024-03-27T23:11:23Z,26.548898,-77.053708,0.07,296.3,1,10,0.8
2024-03-27T23:11:28Z,26.548898,-77.053708,0.05,71.5,1,10,0.8
2024-03-27T23:11:33Z,26.548900,-77.053708,0.08,300.4,1,10,0.8
2024-03-27T23:11:38Z,26.548902,-77.053707,0.19,75.7,1,10,0.8
2024-03-27T23:11:43Z,26.548902,-77.053705,0.12,68.0,1,10,0.8
2024-03-27T23:11:48Z,26.548903,-77.053703,0.14,298.8,1,10,0.8
2024-03-27T23:11:53Z,26.548903,-77.053705,0.09,259.9,1,10,0.8
2024-03-27T23:11:58Z,26.548903,-77.053703,0.03,38.3,1,10,0.8
2024-03-27T23:12:03Z,26.548907,-77.053705,0.06,137.8,1,10,0.8
2024-03-27T23:12:08Z,26.548903,-77.053702,0.23,146.3,1,10,0.8
2024-03-27T23:12:13Z,26.548907,-77.053705,0.05,101.5,1,8,1.0
2024-03-27T23:12:18Z,26.548913,-77.053710,0.15,282.3,1,9,0.9
2024-03-27T23:12:23Z,26.548920,-77.053713,0.06,80.2,1,9,0.9
2024-03-27T23:12:33Z,26.548932,-77.053715,0.06,105.6,1,10,0.8
2024-03-27T23:12:38Z,26.548933,-77.053717,0.18,288.8,1,10,0.8
2024-03-27T23:12:43Z,26.548935,-77.053722,0.14,193.7,1,10,0.8
2024-03-27T23:12:48Z,26.548935,-77.053723,0.06,73.9,1,10,0.8
2024-03-27T23:12:53Z,26.548937,-77.053725,0.02,295.8,1,10,0.8
2024-03-27T23:12:58Z,26.548938,-77.053727,0.06,231.4,1,10,0.8
2024-03-27T23:13:08Z,26.548935,-77.053728,0.20,273.8,1,10,0.8
2024-03-27T23:13:13Z,26.548930,-77.053728,0.07,201.6,1,10,0.8
2024-03-27T23:13:18Z,26.548928,-77.053732,0.18,260.5,1,10,0.8
2024-03-27T23:13:23Z,26.548923,-77.053733,0.08,165.3,2,10,0.8
2024-03-27T23:13:28Z,26.548918,-77.053737,0.08,130.9,2,9,0.9
2024-03-27T23:13:33Z,26.548917,-77.053732,0.08,223.0,2,9,0.9
2024-03-27T23:13:43Z,26.548905,-77.053727,0.15,224.0,2,10,0.8
2024-03-27T23:13:48Z,26.548905,-77.053732,0.13,240.4,2,10,0.8
2024-03-27T23:13:53Z,26.548900,-77.053737,0.73,272.9,2,10,0.8
2024-03-27T23:13:58Z,26.548898,-77.053750,0.41,261.1,2,10,0.8
2024-03-27T23:14:03Z,26.548895,-77.053758,0.37,269.6,2,10,0.8
2024-03-27T23:14:08Z,26.548895,-77.053760,0.26,319.6,2,10,0.8
2024-03-27T23:14:13Z,26.548892,-77.053758,0.14,76.0,2,10,0.8
2024-03-27T23:14:18Z,26.548893,-77.053768,0.70,305.4,2,10,0.8
2024-03-27T23:14:23Z,26.548893,-77.053773,0.09,276.4,2,10,0.8
2024-03-27T23:14:28Z,26.548892,-77.053772,0.19,275.1,2,10,0.8
2024-03-27T23:14:33Z,26.548892,-77.053772,0.19,306.1,2,10,0.8
2024-03-27T23:14:38Z,26.548890,-77.053767,0.20,200.5,2,10,0.8
2024-03-27T23:14:43Z,26.548890,-77.053753,0.14,182.3,2,10,0.8
2024-03-27T23:14:48Z,26.548893,-77.053748,0.16,72.3,1,10,0.8
2024-03-27T23:14:58Z,26.548898,-77.053742,0.11,42.0,1,10,0.8
2024-03-27T23:15:03Z,26.548902,-77.053738,0.14,356.6,1,10,0.8
2024-03-27T23:15:08Z,26.548905,-77.053738,0.17,5.7,1,10,0.8
2024-03-27T23:15:13Z,26.548910,-77.053738,0.31,323.0,1,10,0.8
2024-03-27T23:15:18Z,26.548910,-77.053737,0.13,111.3,1,10,0.8
2024-03-27T23:15:23Z,26.548913,-77.053735,0.35,0.5,1,10,0.8
2024-03-27T23:15:33Z,26.548917,-77.053733,0.14,0.5,1,10,0.8
2024-03-27T23:15:38Z,26.548920,-77.053728,0.09,21.8,1,10,0.8
2024-03-27T23:15:43Z,26.548927,-77.053723,0.07,332.1,1,10,0.8
2024-03-27T23:15:48Z,26.548928,-77.053720,0.06,51.1,1,10,0.8
2024-03-27T23:15:53Z,26.548927,-77.053718,0.16,37.7,1,9,0.9
2024-03-27T23:15:58Z,26.548927,-77.053717,0.08,335.5,1,10,0.8
2024-03-27T23:16:08Z,26.548927,-77.053718,0.19,102.1,1,10,0.8
2024-03-27T23:16:13Z,26.548923,-77.053718,0.18,279.5,1,10,0.8
2024-03-27T23:16:18Z,26.548915,-77.053717,0.43,209.5,1,9,0.9
2024-03-27T23:16:23Z,26.548913,-77.053707,0.26,99.0,1,9,0.9
2024-03-27T23:16:28Z,26.548908,-77.053705,0.26,94.2,1,10,0.8
2024-03-27T23:16:33Z,26.548902,-77.053705,0.05,186.7,1,10,0.8
2024-03-27T23:16:38Z,26.548900,-77.053705,0.14,228.0,1,10,0.8
2024-03-27T23:16:43Z,26.548900,-77.053705,0.12,130.5,1,10,0.8
2024-03-27T23:16:48Z,26.548900,-77.053700,0.19,103.9,1,10,0.8
2024-03-27T23:16:53Z,26.548900,-77.053697,0.07,218.6,1,10,0.8
2024-03-27T23:16:58Z,26.548903,-77.053693,0.03,61.0,1,11,0.7
2024-03-27T23:17:03Z,26.548903,-77.053690,0.11,290.1,1,11,0.7
2024-03-27T23:17:13Z,26.548900,-77.053693,0.14,286.9,1,11,0.7
2024-03-27T23:17:18Z,26.548897,-77.053697,0.12,299.2,1,11,0.7
2024-03-27T23:17:23Z,26.548897,-77.053703,0.18,250.6,1,11,0.7
2024-03-27T23:17:28Z,26.548897,-77.053705,0.05,286.2,1,10,0.9
2024-03-27T23:17:33Z,26.548893,-77.053710,0.26,181.7,1,11,0.7
2024-03-27T23:17:38Z,26.548893,-77.053713,0.45,310.9,1,11,0.7
2024-03-27T23:17:48Z,26.548893,-77.053710,0.17,138.7,1,11,0.7
2024-03-27T23:17:53Z,26.548892,-77.053708,0.07,210.7,1,11,0.7
2024-03-27T23:17:58Z,26.548890,-77.053708,0.14,322.1,1,11,0.7
2024-03-27T23:18:03Z,26.548893,-77.053708,0.05,193.5,1,10,0.8
2024-03-27T23:18:08Z,26.548890,-77.053708,0.07,235.8,1,10,0.8
2024-03-27T23:18:13Z,26.548887,-77.053710,0.10,237.2,1,10,0.8
2024-03-27T23:18:18Z,26.548887,-77.053713,0.02,273.9,1,11,0.7
2024-03-27T23:18:23Z,26.548888,-77.053715,0.11,0.3,2,11,0.7
2024-03-27T23:18:28Z,26.548892,-77.053720,0.25,173.8,2,11,0.7
2024-03-27T23:18:33Z,26.548892,-77.053723,0.12,178.4,2,11,0.7
2024-03-27T23:18:38Z,26.548893,-77.053723,0.07,32.2,2,11,0.7
2024-03-27T23:18:43Z,26.548895,-77.053722,0.05,80.2,1,11,0.7
2024-03-27T23:18:53Z,26.548888,-77.053713,0.53,169.9,1,11,0.7
2024-03-27T23:18:58Z,26.548890,-77.053715,0.10,240.2,1,11,0.7
2024-03-27T23:19:03Z,26.548885,-77.053712,0.22,148.7,1,11,0.7
2024-03-27T23:19:08Z,26.548878,-77.053712,0.09,336.0,1,11,0.7
2024-03-27T23:19:13Z,26.548878,-77.053712,0.15,343.8,1,11,0.7
2024-03-27T23:19:18Z,26.548880,-77.053712,0.16,16.6,1,11,0.7
2024-03-27T23:19:28Z,26.548882,-77.053707,0.14,27.2,1,10,0.8
2024-03-27T23:19:33Z,26.548880,-77.053707,0.14,61.8,1,11,0.7
2024-03-27T23:19:38Z,26.548882,-77.053710,0.19,13.5,1,11,0.7
2024-03-27T23:19:43Z,26.548885,-77.053712,0.09,57.4,1,11,0.7
2024-03-27T23:19:48Z,26.548883,-77.053708,0.03,53.8,1,11,0.7
2024-03-27T23:19:58Z,26.548882,-77.053713,0.26,356.4,1,10,0.8
2024-03-27T23:20:03Z,26.548882,-77.053717,0.06,209.8,1,11,0.7
2024-03-27T23:20:08Z,26.548882,-77.053718,0.21,336.8,1,11,0.7
2024-03-27T23:20:13Z,26.548885,-77.053715,0.15,359.7,1,11,0.7
2024-03-27T23:20:18Z,26.548883,-77.053712,0.12,130.6,1,10,0.8
2024-03-27T23:20:23Z,26.548880,-77.053710,0.19,196.9,1,11,0.7
2024-03-27T23:20:33Z,26.548873,-77.053712,0.13,209.7,1,11,0.7
2024-03-27T23:20:38Z,26.548870,-77.053715,0.23,177.7,1,11,0.7
2024-03-27T23:20:43Z,26.548868,-77.053718,0.17,157.5,1,11,0.7
2024-03-27T23:20:48Z,26.548867,-77.053717,0.12,141.9,1,11,0.7
2024-03-27T23:20:53Z,26.548867,-77.053722,0.23,282.1,1,11,0.7
2024-03-27T23:21:03Z,26.548872,-77.053727,0.19,42.9,1,11,0.7
2024-03-27T23:21:08Z,26.548873,-77.053725,0.19,345.0,1,11,0.7
2024-03-27T23:21:13Z,26.548875,-77.053728,0.13,339.6,1,11,0.7
2024-03-27T23:21:18Z,26.548877,-77.053737,0.42,346.0,1,11,0.7
2024-03-27T23:21:23Z,26.548883,-77.053740,0.25,11.7,1,11,0.7
2024-03-27T23:21:28Z,26.548883,-77.053740,0.17,9.2,1,11,0.7
2024-03-27T23:21:38Z,26.548887,-77.053738,0.11,132.2,1,11,0.7
2024-03-27T23:21:43Z,26.548885,-77.053737,0.06,188.9,1,11,0.7
2024-03-27T23:21:48Z,26.548888,-77.053735,0.11,16.3,1,11,0.7
2024-03-27T23:21:53Z,26.548892,-77.053732,0.27,18.7,1,11,0.7
2024-03-27T23:21:58Z,26.548893,-77.053730,0.07,85.1,1,11,0.7
2024-03-27T23:22:03Z,26.548893,-77.053730,0.14,11.1,1,11,0.7
2024-03-27T23:22:13Z,26.548902,-77.053728,0.17,117.9,1,11,0.7
2024-03-27T23:22:18Z,26.548900,-77.053727,0.10,190.3,1,11,0.7
2024-03-27T23:22:23Z,26.548898,-77.053725,0.27,85.0,1,11,0.7
2024-03-27T23:22:28Z,26.548897,-77.053720,0.08,314.3,1,11,0.7
2024-03-27T23:22:33Z,26.548895,-77.053720,0.06,326.8,1,10,0.8
2024-03-27T23:22:38Z,26.548892,-77.053720,0.02,136.9,1,10,0.8
2024-03-27T23:22:48Z,26.548890,-77.053722,0.11,152.1,1,10,0.8
2024-03-27T23:22:53Z,26.548888,-77.053720,0.20,74.2,1,11,0.7
2024-03-27T23:22:58Z,26.548887,-77.053720,0.04,24.4,1,11,0.7
2024-03-27T23:23:03Z,26.548888,-77.053718,0.10,62.6,1,11,0.7
2024-03-27T23:23:08Z,26.548888,-77.053717,0.05,32.8,1,11,0.7
2024-03-27T23:23:13Z,26.548890,-77.053712,0.23,55.0,1,11,0.7
2024-03-27T23:23:23Z,26.548893,-77.053712,0.19,258.0,1,10,0.8
2024-03-27T23:23:28Z,26.548893,-77.053713,0.09,84.9,1,10,0.8
2024-03-27T23:23:33Z,26.548895,-77.053713,0.06,233.0,1,11,0.7
2024-03-27T23:23:38Z,26.548895,-77.053713,0.04,331.7,1,11,0.7
2024-03-27T23:23:43Z,26.548897,-77.053713,0.06,359.8,1,11,0.7
2024-03-27T23:23:48Z,26.548897,-77.053713,0.17,195.2,1,11,0.7
2024-03-27T23:23:58Z,26.548892,-77.053715,0.09,165.0,1,11,0.7
2024-03-27T23:24:03Z,26.548892,-77.053710,0.15,73.5,1,11,0.7
2024-03-27T23:24:08Z,26.548892,-77.053707,0.15,138.7,1,11,0.7
2024-03-27T23:24:13Z,26.548890,-77.053705,0.16,187.6,1,11,0.7
2024-03-27T23:24:18Z,26.548890,-77.053705,0.05,131.8,1,10,0.8
2024-03-27T23:24:23Z,26.548890,-77.053705,0.11,88.5,1,10,0.8
2024-03-27T23:24:33Z,26.548893,-77.053703,0.03,213.3,1,11,0.7
2024-03-27T23:24:38Z,26.548895,-77.053702,0.08,14.7,1,11,0.7
2024-03-27T23:24:43Z,26.548897,-77.053702,0.04,216.5,1,11,0.7
2024-03-27T23:24:48Z,26.548900,-77.053703,0.09,36.7,1,11,0.7
2024-03-27T23:24:53Z,26.548902,-77.053703,0.12,17.5,1,11,0.7
2024-03-27T23:25:03Z,26.548907,-77.053702,0.22,55.0,1,10,0.8
2024-03-27T23:25:08Z,26.548908,-77.053698,0.04,13.3,1,10,0.8
2024-03-27T23:25:13Z,26.548910,-77.053697,0.13,52.1,1,10,0.8
2024-03-27T23:25:18Z,26.548913,-77.053698,0.16,343.0,1,10,0.8
2024-03-27T23:25:23Z,26.548910,-77.053695,0.05,88.5,1,11,0.7
2024-03-27T23:25:28Z,26.548903,-77.053693,0.11,250.1,1,10,0.8
2024-03-27T23:25:33Z,26.548907,-77.053698,0.16,7.9,1,11,0.7
2024-03-27T23:25:38Z,26.548910,-77.053703,0.18,33.1,1,11,0.7
2024-03-27T23:25:43Z,26.548912,-77.053708,0.33,282.4,1,11,0.7
2024-03-27T23:25:48Z,26.548913,-77.053703,0.37,103.3,1,11,0.7
2024-03-27T23:25:53Z,26.548915,-77.053703,0.26,28.6,1,11,0.7
2024-03-27T23:25:58Z,26.548917,-77.053700,0.20,57.9,1,11,0.7
2024-03-27T23:26:03Z,26.548920,-77.053698,0.12,35.5,1,11,0.7
2024-03-27T23:26:08Z,26.548920,-77.053697,0.08,23.2,1,11,0.7
2024-03-27T23:26:13Z,26.548920,-77.053697,0.16,320.4,1,11,0.7
2024-03-27T23:26:18Z,26.548920,-77.053695,0.07,34.9,1,11,0.7
2024-03-27T23:26:23Z,26.548920,-77.053697,0.06,136.6,1,11,0.7
2024-03-27T23:26:28Z,26.548917,-77.053697,0.13,180.0,1,11,0.7
2024-03-27T23:26:38Z,26.548915,-77.053695,0.22,87.9,1,11,0.7
2024-03-27T23:26:43Z,26.548917,-77.053695,0.19,197.4,1,11,0.7
2024-03-27T23:26:48Z,26.548917,-77.053693,0.11,115.4,1,11,0.7
2024-03-27T23:26:53Z,26.548908,-77.053688,0.05,141.0,1,11,0.7
2024-03-27T23:26:58Z,26.548903,-77.053687,0.10,126.8,1,10,0.8
2024-03-27T23:27:08Z,26.548898,-77.053682,0.10,114.5,1,10,0.8
2024-03-27T23:27:13Z,26.548897,-77.053680,0.08,132.6,1,10,0.8
2024-03-27T23:27:18Z,26.548893,-77.053682,0.12,188.3,1,11,0.7
2024-03-27T23:27:23Z,26.548895,-77.053687,0.30,359.6,1,10,0.8
2024-03-27T23:27:28Z,26.548908,-77.053692,0.04,120.7,1,11,0.7
2024-03-27T23:27:33Z,26.548912,-77.053693,0.08,254.6,1,11,0.7
2024-03-27T23:27:38Z,26.548913,-77.053697,0.20,242.5,1,10,0.8
2024-03-27T23:27:43Z,26.548913,-77.053698,0.07,84.5,1,11,0.7
2024-03-27T23:27:48Z,26.548913,-77.053702,0.09,189.3,1,11,0.7
2024-03-27T23:27:53Z,26.548913,-77.053705,0.07,238.7,1,11,0.7
2024-03-27T23:27:58Z,26.548913,-77.053707,0.08,303.6,1,10,0.9
2024-03-27T23:28:03Z,26.548908,-77.053705,0.12,267.6,1,11,0.7
2024-03-27T23:28:08Z,26.548910,-77.053708,0.17,293.4,1,11,0.7
2024-03-27T23:28:13Z,26.548913,-77.053713,0.09,321.6,1,11,0.7
2024-03-27T23:28:18Z,26.548893,-77.053710,0.18,171.8,1,10,0.8
2024-03-27T23:28:23Z,26.548883,-77.053708,0.11,202.6,1,10,0.8
2024-03-27T23:28:28Z,26.548880,-77.053708,0.20,303.3,1,10,0.8
2024-03-27T23:28:33Z,26.548878,-77.053708,0.02,268.4,1,10,0.8
2024-03-27T23:28:38Z,26.548875,-77.053710,0.25,228.8,1,10,0.8
2024-03-27T23:28:43Z,26.548875,-77.053712,0.03,358.4,1,9,0.9
2024-03-27T23:28:48Z,26.548875,-77.053712,0.14,281.5,1,10,0.8
2024-03-27T23:28:53Z,26.548873,-77.053713,0.07,310.0,1,10,0.8
2024-03-27T23:28:58Z,26.548872,-77.053713,0.11,210.0,1,10,0.8
2024-03-27T23:29:03Z,26.548870,-77.053713,0.08,206.0,1,10,0.8
2024-03-27T23:29:08Z,26.548870,-77.053715,0.07,269.6,1,10,0.8
2024-03-27T23:29:18Z,26.548868,-77.053712,0.24,76.1,1,10,0.8
2024-03-27T23:29:23Z,26.548872,-77.053710,0.10,130.5,1,10,0.8
2024-03-27T23:29:28Z,26.548878,-77.053715,0.03,46.9,1,9,0.9
2024-03-27T23:29:33Z,26.548882,-77.053718,0.07,266.2,1,10,0.8
2024-03-27T23:29:38Z,26.548885,-77.053720,0.07,342.7,1,10,0.8
2024-03-27T23:29:43Z,26.548888,-77.053720,0.05,2.0,1,10,0.8
2024-03-27T23:29:53Z,26.548887,-77.053723,0.08,129.6,1,9,0.9
2024-03-27T23:29:58Z,26.548887,-77.053725,0.15,67.4,1,10,0.8
2024-03-27T23:30:03Z,26.548885,-77.053725,0.08,57.1,1,10,0.8
2024-03-27T23:30:08Z,26.548885,-77.053723,0.04,150.9,1,10,0.8
2024-03-27T23:30:13Z,26.548885,-77.053723,0.19,212.3,1,10,0.8
2024-03-27T23:30:18Z,26.548883,-77.053723,0.07,175.3,1,9,0.9
2024-03-27T23:30:23Z,26.548883,-77.053723,0.05,211.2,1,10,0.8
2024-03-27T23:30:28Z,26.548883,-77.053725,0.07,225.6,1,10,0.8
2024-03-27T23:30:33Z,26.548883,-77.053725,0.06,202.1,1,10,0.8
2024-03-27T23:30:38Z,26.548875,-77.053723,0.08,182.8,1,10,0.8
2024-03-27T23:30:43Z,26.548873,-77.053723,0.21,188.0,1,10,0.8
2024-03-27T23:30:48Z,26.548873,-77.053725,0.08,196.3,1,9,0.9
2024-03-27T23:30:53Z,26.548872,-77.053725,0.05,183.6,1,9,0.9
2024-03-27T23:30:58Z,26.548870,-77.053725,0.05,155.9,1,10,0.8
2024-03-27T23:31:03Z,26.548863,-77.053722,0.05,172.3,1,10,0.8
2024-03-27T23:31:08Z,26.548860,-77.053720,0.12,155.3,1,10,0.8
2024-03-27T23:31:13Z,26.548857,-77.053717,0.04,113.6,1,7,1.7
2024-03-27T23:31:18Z,26.548855,-77.053717,0.04,145.3,1,10,0.8
2024-03-27T23:31:23Z,26.548858,-77.053710,0.03,326.3,1,10,0.8
2024-03-27T23:31:28Z,26.548863,-77.053712,0.09,283.2,1,10,0.8
2024-03-27T23:31:33Z,26.548867,-77.053717,0.14,337.2,1,10,0.8
2024-03-27T23:31:38Z,26.548872,-77.053717,0.06,32.2,1,10,0.8
2024-03-27T23:31:43Z,26.548878,-77.053708,0.25,351.2,1,10,0.8
2024-03-27T23:31:53Z,26.548890,-77.053710,0.59,341.2,1,10,0.8
2024-03-27T23:31:58Z,26.548890,-77.053712,0.34,333.0,1,10,0.8
2024-03-27T23:32:03Z,26.548893,-77.053717,0.08,183.9,1,10,0.8
2024-03-27T23:32:08Z,26.548898,-77.053718,0.15,225.4,1,10,0.8
2024-03-27T23:32:13Z,26.548897,-77.053720,0.03,258.3,1,10,0.8
2024-03-27T23:32:18Z,26.548897,-77.053720,0.09,109.6,1,10,0.8
2024-03-27T23:32:23Z,26.548900,-77.053720,0.07,38.8,1,10,0.8
2024-03-27T23:32:28Z,26.548900,-77.053718,0.09,352.9,1,10,0.8
2024-03-27T23:32:33Z,26.548898,-77.053718,0.04,227.0,1,10,0.8
2024-03-27T23:32:38Z,26.548895,-77.053718,0.12,67.5,1,10,0.8
2024-03-27T23:32:43Z,26.548892,-77.053717,0.12,13.6,1,10,0.8
2024-03-27T23:32:48Z,26.548892,-77.053715,0.05,140.4,1,10,0.8
2024-03-27T23:32:53Z,26.548890,-77.053715,0.11,216.6,1,10,0.8
2024-03-27T23:32:58Z,26.548888,-77.053713,0.10,193.4,1,9,0.9
2024-03-27T23:33:03Z,26.548887,-77.053712,0.15,121.3,1,10,0.8
2024-03-27T23:33:08Z,26.548885,-77.053712,0.06,137.9,1,10,0.8
2024-03-27T23:33:13Z,26.548882,-77.053707,0.05,124.9,1,10,0.8
2024-03-27T23:33:18Z,26.548880,-77.053703,0.08,91.1,1,10,0.8
2024-03-27T23:33:23Z,26.548880,-77.053702,0.11,28.5,1,10,0.8
2024-03-27T23:33:28Z,26.548878,-77.053698,0.11,277.2,1,10,0.8
2024-03-27T23:33:33Z,26.548878,-77.053697,0.06,341.6,1,10,0.8
2024-03-27T23:33:38Z,26.548877,-77.053697,0.14,116.5,1,10,0.8
2024-03-27T23:33:43Z,26.548875,-77.053695,0.11,189.2,1,10,0.8
2024-03-27T23:33:48Z,26.548873,-77.053695,0.17,255.6,1,10,0.8
2024-03-27T23:33:58Z,26.548872,-77.053697,0.14,103.9,1,10,0.8
2024-03-27T23:34:03Z,26.548873,-77.053693,0.05,219.1,1,10,0.8
2024-03-27T23:34:08Z,26.548873,-77.053693,0.13,213.1,1,10,0.8
2024-03-27T23:34:13Z,26.548875,-77.053698,0.08,217.0,1,10,0.8
2024-03-27T23:34:18Z,26.548877,-77.053702,0.05,268.5,1,10,0.8
2024-03-27T23:34:23Z,26.548878,-77.053703,0.06,234.6,1,10,0.8
2024-03-27T23:34:28Z,26.548877,-77.053705,0.12,222.0,1,10,0.8
2024-03-27T23:34:33Z,26.548873,-77.053708,0.01,340.1,1,10,0.8
2024-03-27T23:34:38Z,26.548872,-77.053710,0.10,226.5,1,9,0.9
2024-03-27T23:34:43Z,26.548868,-77.053713,0.16,186.1,1,10,0.8
2024-03-27T23:34:48Z,26.548867,-77.053715,0.07,223.1,1,10,0.8
2024-03-27T23:34:53Z,26.548865,-77.053715,0.08,123.9,1,10,0.8
2024-03-27T23:34:58Z,26.548865,-77.053715,0.03,201.2,1,10,0.8
2024-03-27T23:35:03Z,26.548867,-77.053717,0.11,258.6,1,10,0.8
2024-03-27T23:35:08Z,26.548867,-77.053717,0.14,222.9,1,10,0.8
2024-03-27T23:35:13Z,26.548870,-77.053713,0.19,12.0,1,10,0.8
2024-03-27T23:35:18Z,26.548872,-77.053715,0.15,202.5,1,10,0.8
2024-03-27T23:35:23Z,26.548870,-77.053718,0.10,202.9,1,10,0.8
2024-03-27T23:35:28Z,26.548870,-77.053720,0.07,134.8,1,10,0.8
2024-03-27T23:35:33Z,26.548872,-77.053720,0.08,328.7,1,10,0.8
2024-03-27T23:35:38Z,26.548875,-77.053723,0.17,5.1,1,10,0.8
2024-03-27T23:35:43Z,26.548878,-77.053723,0.12,259.7,1,10,0.8
2024-03-27T23:35:48Z,26.548882,-77.053722,0.11,24.0,1,10,0.8
2024-03-27T23:35:53Z,26.548887,-77.053713,0.10,73.0,1,10,0.8
2024-03-27T23:35:58Z,26.548887,-77.053710,0.18,120.5,1,10,0.8
2024-03-27T23:36:03Z,26.548887,-77.053707,0.09,77.8,1,10,0.8
2024-03-27T23:36:08Z,26.548887,-77.053703,0.16,69.0,1,10,0.8
2024-03-27T23:36:13Z,26.548890,-77.053703,0.08,15.8,1,10,0.8
2024-03-27T23:36:18Z,26.548892,-77.053705,0.11,329.2,1,10,0.8
2024-03-27T23:36:28Z,26.548898,-77.053713,0.09,336.8,1,10,0.8
2024-03-27T23:36:33Z,26.548900,-77.053715,0.04,357.0,1,10,0.8
2024-03-27T23:36:38Z,26.548902,-77.053717,0.12,218.4,1,10,0.8
2024-03-27T23:36:43Z,26.548895,-77.053715,0.21,214.5,1,10,0.8
2024-03-27T23:36:48Z,26.548892,-77.053715,0.27,162.0,1,10,0.8
2024-03-27T23:36:53Z,26.548887,-77.053715,0.09,224.2,1,10,0.8
2024-03-27T23:36:58Z,26.548883,-77.053712,0.25,112.8,1,10,0.8
2024-03-27T23:37:03Z,26.548880,-77.053708,0.10,138.0,1,10,0.8
2024-03-27T23:37:08Z,26.548878,-77.053708,0.14,198.0,1,10,0.8
2024-03-27T23:37:13Z,26.548875,-77.053707,0.10,125.1,1,10,0.8
2024-03-27T23:37:18Z,26.548873,-77.053705,0.11,125.1,1,10,0.8
2024-03-27T23:37:23Z,26.548872,-77.053703,0.13,117.2,1,10,0.8
2024-03-27T23:37:28Z,26.548870,-77.053702,0.14,185.3,1,10,0.8
2024-03-27T23:37:33Z,26.548867,-77.053703,0.12,163.2,1,10,0.8
2024-03-27T23:37:38Z,26.548867,-77.053702,0.08,212.2,1,10,0.8
2024-03-27T23:37:43Z,26.548867,-77.053703,0.08,90.0,1,9,0.9
2024-03-27T23:37:48Z,26.548867,-77.053707,0.03,58.2,1,9,0.9
2024-03-27T23:37:58Z,26.548868,-77.053708,0.07,312.1,1,10,0.8
2024-03-27T23:38:03Z,26.548860,-77.053705,0.10,260.0,1,10,0.8
2024-03-27T23:38:08Z,26.548858,-77.053707,0.11,261.5,1,10,0.8
2024-03-27T23:38:13Z,26.548858,-77.053708,0.13,235.2,1,10,0.8
2024-03-27T23:38:18Z,26.548858,-77.053710,0.04,245.2,1,10,0.8
2024-03-27T23:38:23Z,26.548857,-77.053715,0.03,28.7,1,10,0.8
2024-03-27T23:38:28Z,26.548858,-77.053717,0.01,224.2,1,10,0.8
2024-03-27T23:38:33Z,26.548862,-77.053717,0.12,265.6,1,10,0.8
2024-03-27T23:38:38Z,26.548862,-77.053720,0.16,276.5,1,10,0.8
2024-03-27T23:38:43Z,26.548863,-77.053720,0.09,352.9,1,10,0.8
2024-03-27T23:38:48Z,26.548870,-77.053722,0.19,351.6,1,10,0.8
2024-03-27T23:38:53Z,26.548877,-77.053727,0.12,340.1,1,10,0.8
2024-03-27T23:38:58Z,26.548880,-77.053728,0.21,25.9,1,10,0.8
2024-03-27T23:39:03Z,26.548882,-77.053727,0.23,235.6,1,10,0.8
2024-03-27T23:39:08Z,26.548883,-77.053723,0.13,30.8,1,10,0.8
2024-03-27T23:39:13Z,26.548887,-77.053725,0.31,171.4,1,10,0.8
2024-03-27T23:39:18Z,26.548892,-77.053725,0.13,77.7,1,10,0.8
2024-03-27T23:39:23Z,26.548895,-77.053715,0.16,32.0,1,10,0.8
2024-03-27T23:39:28Z,26.548893,-77.053713,0.13,24.7,1,10,0.8
2024-03-27T23:39:33Z,26.548893,-77.053710,0.13,264.8,1,10,0.8
2024-03-27T23:39:38Z,26.548895,-77.053713,0.14,34.5,1,10,0.8
2024-03-27T23:39:43Z,26.548898,-77.053708,0.10,61.7,1,10,0.8
2024-03-27T23:39:48Z,26.548900,-77.053712,0.16,290.9,1,9,0.9
2024-03-27T23:39:58Z,26.548905,-77.053713,0.12,23.0,1,10,0.8
2024-03-27T23:40:03Z,26.548905,-77.053713,0.03,327.3,1,10,0.8
2024-03-27T23:40:08Z,26.548903,-77.053713,0.08,242.4,1,9,0.9
2024-03-27T23:40:13Z,26.548903,-77.053712,0.04,101.7,1,10,0.8
2024-03-27T23:40:18Z,26.548902,-77.053712,0.04,106.3,1,10,0.8
2024-03-27T23:40:23Z,26.548905,-77.053717,0.10,31.7,1,10,0.8
2024-03-27T23:40:28Z,26.548905,-77.053720,0.06,242.9,1,10,0.8
2024-03-27T23:40:33Z,26.548902,-77.053722,0.04,307.7,1,10,0.8
2024-03-27T23:40:38Z,26.548902,-77.053723,0.06,165.5,1,8,1.0
2024-03-27T23:40:43Z,26.548900,-77.053725,0.17,197.7,1,9,0.9
2024-03-27T23:40:48Z,26.548897,-77.053725,0.08,145.5,1,10,0.8
2024-03-27T23:40:58Z,26.548895,-77.053722,0.15,100.2,1,10,0.8
2024-03-27T23:41:03Z,26.548893,-77.053718,0.10,115.4,1,10,0.8
2024-03-27T23:41:08Z,26.548893,-77.053718,0.17,188.3,1,9,0.9
2024-03-27T23:41:13Z,26.548892,-77.053717,0.16,173.1,1,9,0.9
2024-03-27T23:41:18Z,26.548890,-77.053717,0.11,199.3,1,9,0.9
2024-03-27T23:41:23Z,26.548890,-77.053717,0.01,156.9,1,10,0.8
2024-03-27T23:41:33Z,26.548887,-77.053710,0.10,229.8,1,10,0.8
2024-03-27T23:41:38Z,26.548887,-77.053710,0.06,264.2,1,10,0.8
2024-03-27T23:41:43Z,26.548885,-77.053713,0.08,270.8,1,10,0.8
2024-03-27T23:41:48Z,26.548883,-77.053712,0.05,101.5,1,10,0.8
2024-03-27T23:41:53Z,26.548882,-77.053713,0.07,81.0,1,10,0.8
2024-03-27T23:41:58Z,26.548883,-77.053713,0.06,306.4,1,10,0.8
2024-03-27T23:42:08Z,26.548885,-77.053718,0.14,263.3,1,10,0.8
2024-03-27T23:42:13Z,26.548883,-77.053720,0.19,267.1,1,10,0.8
2024-03-27T23:42:18Z,26.548883,-77.053722,0.15,238.0,1,10,0.8
2024-03-27T23:42:23Z,26.548880,-77.053722,0.07,123.5,1,10,0.8
2024-03-27T23:42:28Z,26.548880,-77.053720,0.08,257.1,1,10,0.8
2024-03-27T23:42:33Z,26.548880,-77.053718,0.20,84.4,1,10,0.8
2024-03-27T23:42:38Z,26.548880,-77.053713,0.03,359.6,1,10,0.8
2024-03-27T23:42:48Z,26.548880,-77.053715,0.28,194.0,1,10,0.8
2024-03-27T23:42:53Z,26.548878,-77.053713,0.14,91.7,1,9,0.9
2024-03-27T23:42:58Z,26.548875,-77.053710,0.20,86.1,1,10,0.8
2024-03-27T23:43:03Z,26.548872,-77.053703,0.14,221.9,1,9,1.1
2024-03-27T23:43:08Z,26.548872,-77.053703,0.18,244.6,1,10,0.8
2024-03-27T23:43:18Z,26.548870,-77.053708,0.22,331.8,1,10,0.8
2024-03-27T23:43:23Z,26.548868,-77.053707,0.11,312.1,1,10,0.8
2024-03-27T23:43:28Z,26.548868,-77.053705,0.08,278.5,1,9,1.1
2024-03-27T23:43:33Z,26.548868,-77.053703,0.15,100.4,1,10,0.8
2024-03-27T23:43:38Z,26.548870,-77.053698,0.36,64.9,1,10,0.8
2024-03-27T23:43:43Z,26.548882,-77.053708,0.17,351.3,1,10,0.8
2024-03-27T23:43:48Z,26.548882,-77.053708,0.12,254.0,1,9,1.1
2024-03-27T23:43:53Z,26.548882,-77.053707,0.04,162.8,1,10,0.8
2024-03-27T23:43:58Z,26.548882,-77.053707,0.17,54.6,1,10,0.8
2024-03-27T23:44:03Z,26.548883,-77.053702,0.06,7.0,1,9,1.1
2024-03-27T23:44:08Z,26.548887,-77.053705,0.15,341.6,1,10,0.8
2024-03-27T23:44:18Z,26.548902,-77.053725,0.14,299.4,1,10,0.8
2024-03-27T23:44:23Z,26.548910,-77.053723,0.18,18.4,1,10,0.8
2024-03-27T23:44:28Z,26.548905,-77.053722,0.04,57.1,1,10,0.8
2024-03-27T23:44:33Z,26.548903,-77.053720,0.07,81.3,1,10,0.8
2024-03-27T23:44:43Z,26.548903,-77.053723,0.02,187.7,1,8,1.1
2024-03-27T23:44:48Z,26.548903,-77.053722,0.20,213.3,1,10,0.8
2024-03-27T23:44:53Z,26.548903,-77.053728,0.24,227.2,1,10,0.8
2024-03-27T23:44:58Z,26.548898,-77.053727,0.07,231.2,1,10,0.8
2024-03-27T23:45:03Z,26.548897,-77.053728,0.05,273.7,1,10,0.8
2024-03-27T23:45:08Z,26.548898,-77.053725,0.17,56.7,1,10,0.8
2024-03-27T23:45:13Z,26.548900,-77.053722,0.49,62.2,1,10,0.8
2024-03-27T23:45:18Z,26.548900,-77.053718,0.15,97.3,1,10,0.8
2024-03-27T23:45:23Z,26.548897,-77.053717,0.14,126.9,1,9,0.9
2024-03-27T23:45:28Z,26.548893,-77.053718,0.09,149.4,1,9,0.9
2024-03-27T23:45:38Z,26.548890,-77.053717,0.09,127.7,1,9,0.9
2024-03-27T23:45:43Z,26.548890,-77.053713,0.19,78.6,1,9,0.9
2024-03-27T23:45:48Z,26.548890,-77.053710,0.21,62.6,1,9,0.9
2024-03-27T23:45:53Z,26.548890,-77.053708,0.39,59.6,1,9,0.9
2024-03-27T23:46:03Z,26.548885,-77.053707,0.10,138.6,1,9,0.9
2024-03-27T23:46:08Z,26.548882,-77.053708,0.18,207.1,1,10,0.8
2024-03-27T23:46:13Z,26.548878,-77.053708,0.12,132.3,1,9,1.1
2024-03-27T23:46:18Z,26.548877,-77.053713,0.20,237.7,1,10,0.8
2024-03-27T23:46:23Z,26.548875,-77.053715,0.21,247.7,1,10,0.8
2024-03-27T23:46:28Z,26.548875,-77.053715,0.07,22.6,1,9,0.9
2024-03-27T23:46:33Z,26.548875,-77.053713,0.17,72.0,1,9,1.1
2024-03-27T23:46:38Z,26.548877,-77.053713,0.11,326.6,1,10,0.8
2024-03-27T23:46:43Z,26.548878,-77.053713,0.10,8.5,1,10,0.8
2024-03-27T23:46:48Z,26.548877,-77.053712,0.15,254.3,1,8,1.0
2024-03-27T23:46:53Z,26.548877,-77.053712,0.10,6.9,1,8,1.0
2024-03-27T23:46:58Z,26.548882,-77.053713,0.10,58.4,1,10,0.8
2024-03-27T23:47:03Z,26.548883,-77.053715,0.10,31.4,1,10,0.8
2024-03-27T23:47:08Z,26.548885,-77.053717,0.15,301.3,1,10,0.8
2024-03-27T23:47:13Z,26.548890,-77.053715,0.20,30.2,1,10,0.8
2024-03-27T23:47:23Z,26.548893,-77.053712,0.18,33.7,1,10,0.8
2024-03-27T23:47:28Z,26.548893,-77.053713,0.05,203.8,1,10,0.8
2024-03-27T23:47:33Z,26.548893,-77.053712,0.08,339.7,1,10,0.8
2024-03-27T23:47:38Z,26.548892,-77.053710,0.07,213.1,1,10,0.8
2024-03-27T23:47:48Z,26.548895,-77.053708,0.17,74.5,1,10,0.8
2024-03-27T23:47:53Z,26.548897,-77.053708,0.18,62.2,1,10,0.8
2024-03-27T23:47:58Z,26.548895,-77.053707,0.11,130.5,1,10,0.8
2024-03-27T23:48:03Z,26.548893,-77.053705,0.08,169.4,1,9,0.9
2024-03-27T23:48:08Z,26.548890,-77.053705,0.04,221.3,1,10,0.8
2024-03-27T23:48:13Z,26.548888,-77.053703,0.12,172.0,1,10,0.8
2024-03-27T23:48:18Z,26.548885,-77.053702,0.10,157.0,1,10,0.8
2024-03-27T23:48:23Z,26.548882,-77.053700,0.15,111.1,1,10,0.8
2024-03-27T23:48:28Z,26.548878,-77.053697,0.22,111.9,1,10,0.8
2024-03-27T23:48:33Z,26.548875,-77.053693,0.14,150.2,1,9,0.9
2024-03-27T23:48:43Z,26.548872,-77.053695,0.16,265.1,1,10,0.8
2024-03-27T23:48:48Z,26.548870,-77.053697,0.11,309.4,1,9,0.9
2024-03-27T23:48:53Z,26.548870,-77.053695,0.10,180.4,1,10,0.8
2024-03-27T23:48:58Z,26.548868,-77.053695,0.19,252.6,1,9,0.9
2024-03-27T23:49:03Z,26.548868,-77.053695,0.05,33.8,1,10,0.8
2024-03-27T23:49:13Z,26.548867,-77.053697,0.10,257.6,1,10,0.8
2024-03-27T23:49:18Z,26.548867,-77.053697,0.07,284.5,1,10,0.8
2024-03-27T23:49:23Z,26.548865,-77.053698,0.12,275.4,1,10,0.8
2024-03-27T23:49:28Z,26.548870,-77.053708,0.16,284.8,1,10,0.8
2024-03-27T23:49:33Z,26.548872,-77.053713,0.10,339.1,1,9,0.9
2024-03-27T23:49:43Z,26.548872,-77.053725,0.20,266.0,1,10,0.8
2024-03-27T23:49:48Z,26.548873,-77.053730,0.17,302.7,1,10,0.8
2024-03-27T23:49:53Z,26.548873,-77.053733,0.08,306.8,1,9,0.9
2024-03-27T23:49:58Z,26.548875,-77.053737,0.05,334.6,1,9,0.9
2024-03-27T23:50:03Z,26.548877,-77.053735,0.11,45.2,1,10,0.8
2024-03-27T23:50:08Z,26.548877,-77.053737,0.11,172.0,1,9,0.9
2024-03-27T23:50:13Z,26.548875,-77.053738,0.05,223.2,1,10,0.8
2024-03-27T23:50:18Z,26.548875,-77.053740,0.04,286.5,1,9,0.9
2024-03-27T23:50:23Z,26.548875,-77.053747,0.13,62.8,1,10,0.8
2024-03-27T23:50:28Z,26.548877,-77.053745,0.05,338.1,1,9,0.9
2024-03-27T23:50:33Z,26.548878,-77.053750,0.08,68.1,1,10,0.8
2024-03-27T23:50:43Z,26.548872,-77.053742,0.16,114.3,1,10,0.8
2024-03-27T23:50:48Z,26.548873,-77.053738,0.15,49.0,1,10,0.8
2024-03-27T23:50:53Z,26.548875,-77.053737,0.18,207.2,1,10,0.8
2024-03-27T23:50:58Z,26.548873,-77.053733,0.04,93.4,1,10,0.8
2024-03-27T23:51:03Z,26.548870,-77.053732,0.08,245.8,1,10,0.8
2024-03-27T23:51:13Z,26.548872,-77.053725,0.13,44.0,1,9,0.9
2024-03-27T23:51:18Z,26.548873,-77.053727,0.09,188.6,1,10,0.8
2024-03-27T23:51:23Z,26.548860,-77.053728,0.12,201.6,1,9,0.9
2024-03-27T23:51:28Z,26.548855,-77.053732,0.01,244.9,1,10,0.8
2024-03-27T23:51:33Z,26.548857,-77.053732,0.14,278.5,1,8,1.0
2024-03-27T23:51:43Z,26.548860,-77.053740,0.11,276.5,1,8,1.0
2024-03-27T23:51:48Z,26.548860,-77.053735,0.18,196.8,1,9,0.9
2024-03-27T23:51:53Z,26.548858,-77.053728,0.09,160.2,1,8,1.0
2024-03-27T23:51:58Z,26.548867,-77.053737,0.07,228.7,1,10,0.8
2024-03-27T23:52:08Z,26.548863,-77.053745,0.02,180.2,1,10,0.8
2024-03-27T23:52:13Z,26.548857,-77.053743,0.18,141.9,1,10,0.8
2024-03-27T23:52:18Z,26.548860,-77.053740,0.31,78.6,1,10,0.8
2024-03-27T23:52:23Z,26.548862,-77.053743,0.30,240.1,1,10,0.8
2024-03-27T23:52:28Z,26.548862,-77.053748,0.14,134.7,1,10,0.8
2024-03-27T23:52:33Z,26.548865,-77.053752,0.15,276.9,1,9,0.9
2024-03-27T23:52:38Z,26.548868,-77.053755,0.16,265.5,1,9,0.9
2024-03-27T23:52:43Z,26.548872,-77.053757,0.29,274.5,1,9,0.9
2024-03-27T23:52:48Z,26.548880,-77.053762,0.23,340.4,1,10,0.8
2024-03-27T23:52:53Z,26.548857,-77.053763,0.45,221.5,1,10,0.8
2024-03-27T23:52:58Z,26.548852,-77.053767,0.23,216.7,1,10,0.8
2024-03-27T23:53:03Z,26.548847,-77.053762,0.46,183.4,1,9,0.9
2024-03-27T23:53:08Z,26.548860,-77.053752,0.23,188.3,1,10,0.8
2024-03-27T23:53:13Z,26.548862,-77.053753,0.15,85.2,1,10,0.8
2024-03-27T23:53:18Z,26.548865,-77.053752,0.14,48.1,1,10,0.8
2024-03-27T23:53:23Z,26.548868,-77.053752,0.10,259.4,1,9,0.9
2024-03-27T23:53:33Z,26.548853,-77.053747,0.20,230.5,1,9,0.9
2024-03-27T23:53:38Z,26.548850,-77.053750,0.23,254.6,1,10,0.8
2024-03-27T23:53:43Z,26.548852,-77.053753,0.15,25.5,1,10,0.9
2024-03-27T23:53:48Z,26.548852,-77.053755,0.18,42.7,1,10,0.9
2024-03-27T23:53:58Z,26.548865,-77.053757,0.12,283.4,1,10,0.9
2024-03-27T23:54:03Z,26.548875,-77.053750,0.18,60.4,1,10,0.9
2024-03-27T23:54:08Z,26.548878,-77.053748,0.40,85.7,1,10,0.9
2024-03-27T23:54:13Z,26.548875,-77.053745,0.50,82.8,1,10,0.9
2024-03-27T23:54:18Z,26.548872,-77.053745,0.11,125.8,1,9,0.9
2024-03-27T23:54:23Z,26.548870,-77.053748,0.25,102.4,1,10,0.9
2024-03-27T23:54:28Z,26.548867,-77.053745,0.22,190.7,1,9,0.9
2024-03-27T23:54:33Z,26.548862,-77.053745,0.18,111.2,1,10,0.9
2024-03-27T23:54:38Z,26.548862,-77.053742,0.16,151.6,1,10,0.9
2024-03-27T23:54:43Z,26.548860,-77.053740,0.13,115.0,1,9,0.9
2024-03-27T23:54:48Z,26.548860,-77.053740,0.12,111.0,1,10,0.9
2024-03-27T23:54:53Z,26.548858,-77.053738,0.11,178.6,1,10,0.9
2024-03-27T23:54:58Z,26.548857,-77.053737,0.17,55.7,1,10,0.9
2024-03-27T23:55:03Z,26.548858,-77.053737,0.03,7.5,1,10,0.9
2024-03-27T23:55:08Z,26.548855,-77.053737,0.05,23.6,1,9,0.9
2024-03-27T23:55:18Z,26.548855,-77.053737,0.28,215.0,1,10,0.9
2024-03-27T23:55:23Z,26.548853,-77.053743,0.24,259.4,1,10,0.9
2024-03-27T23:55:28Z,26.548852,-77.053750,0.50,248.8,1,10,0.9
2024-03-27T23:55:33Z,26.548850,-77.053755,0.25,252.2,1,10,0.9
2024-03-27T23:55:38Z,26.548848,-77.053760,0.24,249.6,1,10,0.9
2024-03-27T23:55:43Z,26.548848,-77.053763,0.11,252.4,1,10,0.9
2024-03-27T23:55:48Z,26.548848,-77.053767,0.07,256.2,1,10,0.9
2024-03-27T23:55:53Z,26.548850,-77.053760,0.33,61.4,1,10,0.9
2024-03-27T23:55:58Z,26.548850,-77.053758,0.07,119.8,1,10,0.9
2024-03-27T23:56:03Z,26.548848,-77.053757,0.10,93.8,1,10,0.9
2024-03-27T23:56:08Z,26.548852,-77.053758,0.27,220.5,1,10,0.9
2024-03-27T23:56:13Z,26.548857,-77.053748,0.20,43.9,1,10,0.9
2024-03-27T23:56:18Z,26.548860,-77.053730,0.07,74.1,1,10,0.9
2024-03-27T23:56:23Z,26.548863,-77.053725,0.35,51.4,1,10,0.9
2024-03-27T23:56:28Z,26.548870,-77.053732,0.15,304.6,1,9,0.9
2024-03-27T23:56:38Z,26.548875,-77.053743,0.17,15.1,1,9,0.9
2024-03-27T23:56:43Z,26.548883,-77.053743,0.27,7.9,1,9,0.9
2024-03-27T23:56:48Z,26.548888,-77.053745,0.16,328.0,1,10,0.9
2024-03-27T23:56:53Z,26.548888,-77.053743,0.16,88.3,1,10,0.9
2024-03-27T23:56:58Z,26.548892,-77.053737,0.11,132.1,1,10,0.9
2024-03-27T23:57:03Z,26.548888,-77.053733,0.12,57.8,1,10,0.9
2024-03-27T23:57:08Z,26.548890,-77.053735,0.05,85.0,1,10,0.9
2024-03-27T23:57:13Z,26.548890,-77.053738,0.10,315.6,1,10,0.9
2024-03-27T23:57:18Z,26.548888,-77.053743,0.10,347.3,1,10,0.9
2024-03-27T23:57:23Z,26.548888,-77.053745,0.24,63.7,1,10,0.9
2024-03-27T23:57:28Z,26.548890,-77.053743,0.05,88.2,1,10,0.9
2024-03-27T23:57:33Z,26.548890,-77.053743,0.31,238.8,1,10,0.9
2024-03-27T23:57:38Z,26.548890,-77.053745,0.17,35.7,1,10,0.9
2024-03-27T23:57:43Z,26.548890,-77.053745,0.17,47.7,1,10,0.9
2024-03-27T23:57:48Z,26.548890,-77.053745,0.09,219.9,1,10,0.9
2024-03-27T23:57:53Z,26.548888,-77.053748,0.01,290.3,1,10,0.9
2024-03-27T23:58:03Z,26.548890,-77.053748,0.10,5.5,1,10,0.9
2024-03-27T23:58:08Z,26.548893,-77.053742,0.09,70.1,1,10,0.9
2024-03-27T23:58:13Z,26.548897,-77.053738,0.05,193.9,1,10,0.9
2024-03-27T23:58:18Z,26.548900,-77.053732,0.28,61.3,1,10,0.9
2024-03-27T23:58:23Z,26.548905,-77.053727,0.09,20.6,1,10,0.9
2024-03-27T23:58:28Z,26.548908,-77.053730,0.15,24.3,1,10,0.9
2024-03-27T23:58:33Z,26.548913,-77.053727,0.08,13.9,1,10,0.9
2024-03-27T23:58:38Z,26.548917,-77.053725,0.09,59.1,1,10,0.9
2024-03-27T23:58:43Z,26.548925,-77.053723,0.04,333.9,1,10,0.9
2024-03-27T23:58:48Z,26.548932,-77.053723,0.07,32.9,1,10,0.9
2024-03-27T23:58:53Z,26.548937,-77.053722,0.18,38.7,1,9,0.9
2024-03-27T23:58:58Z,26.548938,-77.053718,0.05,118.3,1,10,0.9
2024-03-27T23:59:03Z,26.548943,-77.053713,0.35,49.5,1,9,0.9
2024-03-27T23:59:08Z,26.548947,-77.053707,0.09,166.9,1,10,0.9
2024-03-27T23:59:13Z,26.548948,-77.053703,0.10,114.6,1,10,0.9
2024-03-27T23:59:18Z,26.548948,-77.053700,0.16,91.5,1,10,0.9
2024-03-27T23:59:28Z,26.548935,-77.053703,0.07,100.5,1,10,0.9
2024-03-27T23:59:33Z,26.548930,-77.053700,0.09,103.8,1,10,0.9
2024-03-27T23:59:38Z,26.548927,-77.053697,0.10,159.7,1,10,0.9
2024-03-27T23:59:43Z,26.548925,-77.053690,0.08,136.2,1,10,0.9
2024-03-27T23:59:48Z,26.548925,-77.053685,0.24,74.6,1,10,0.9
2024-03-27T23:59:53Z,26.548925,-77.053682,0.10,90.8,1,10,0.9
2024-03-27T23:59:58Z,26.548925,-77.053675,0.10,96.2,1,10,0.9
2024-03-28T00:00:03Z,26.548925,-77.053675,0.08,295.3,1,9,0.9
2024-03-28T00:00:08Z,26.548925,-77.053677,0.02,237.6,1,7,1.0
2024-03-28T00:00:13Z,26.548925,-77.053678,0.08,246.3,1,8,0.9
2024-03-28T00:00:18Z,26.548925,-77.053678,0.05,102.7,1,8,0.9
2024-03-28T00:00:28Z,26.548922,-77.053678,0.02,25.5,1,8,0.9
2024-03-28T00:00:33Z,26.548922,-77.053680,0.02,240.8,1,8,1.0
2024-03-28T00:00:38Z,26.548920,-77.053682,0.05,247.3,1,8,1.0
2024-03-28T00:00:43Z,26.548922,-77.053687,0.17,266.9,1,9,0.9
2024-03-28T00:00:48Z,26.548922,-77.053690,0.12,82.6,1,9,0.9
2024-03-28T00:00:58Z,26.548922,-77.053693,0.01,254.2,1,9,0.9
2024-03-28T00:01:03Z,26.548922,-77.053693,0.13,266.3,1,9,0.9
2024-03-28T00:01:08Z,26.548922,-77.053695,0.12,274.6,1,9,0.9
2024-03-28T00:01:13Z,26.548922,-77.053693,0.06,81.3,1,9,0.9
2024-03-28T00:01:18Z,26.548922,-77.053693,0.06,216.8,1,9,0.9
2024-03-28T00:01:28Z,26.548918,-77.053695,0.07,206.5,1,9,0.9
2024-03-28T00:01:33Z,26.548918,-77.053693,0.02,239.4,1,9,0.9
2024-03-28T00:01:38Z,26.548918,-77.053693,0.04,168.9,1,9,0.9
2024-03-28T00:01:43Z,26.548920,-77.053695,0.03,84.7,1,9,0.9
2024-03-28T00:01:48Z,26.548912,-77.053698,0.04,356.6,1,9,0.9
2024-03-28T00:01:58Z,26.548917,-77.053707,0.18,7.8,1,9,0.9
2024-03-28T00:02:03Z,26.548927,-77.053713,0.23,299.3,1,9,0.9
2024-03-28T00:02:08Z,26.548935,-77.053715,0.30,19.8,1,8,1.0
2024-03-28T00:02:13Z,26.548938,-77.053718,0.17,14.2,1,8,1.0
2024-03-28T00:02:18Z,26.548940,-77.053718,0.04,96.4,1,8,1.0
2024-03-28T00:02:28Z,26.548937,-77.053718,0.14,181.9,1,9,0.9
2024-03-28T00:02:33Z,26.548935,-77.053717,0.14,119.3,1,9,0.9
2024-03-28T00:02:38Z,26.548930,-77.053715,0.12,154.4,1,9,0.9
2024-03-28T00:02:43Z,26.548927,-77.053718,0.12,158.7,1,9,0.9
2024-03-28T00:02:48Z,26.548923,-77.053718,0.12,115.8,1,9,0.9
2024-03-28T00:02:58Z,26.548920,-77.053720,0.12,222.0,1,9,0.9
2024-03-28T00:03:03Z,26.548918,-77.053718,0.10,132.9,1,8,1.1
2024-03-28T00:03:08Z,26.548917,-77.053717,0.21,61.2,1,9,0.9
2024-03-28T00:03:13Z,26.548917,-77.053717,0.07,292.6,1,9,0.9
2024-03-28T00:03:18Z,26.548917,-77.053713,0.22,94.2,1,9,0.9
2024-03-28T00:03:28Z,26.548912,-77.053715,0.02,290.5,1,8,1.0
2024-03-28T00:03:33Z,26.548910,-77.053718,0.02,170.9,1,9,0.9
2024-03-28T00:03:38Z,26.548912,-77.053717,0.28,22.1,1,9,0.9
2024-03-28T00:03:43Z,26.548912,-77.053715,0.02,241.4,1,9,0.9
2024-03-28T00:03:48Z,26.548910,-77.053715,0.15,356.9,1,9,0.9
2024-03-28T00:03:53Z,26.548910,-77.053713,0.05,355.7,1,9,0.9
2024-03-28T00:04:03Z,26.548907,-77.053710,0.41,205.7,1,9,0.9
2024-03-28T00:04:08Z,26.548898,-77.053712,0.16,181.5,1,7,1.1
2024-03-28T00:04:13Z,26.548900,-77.053712,0.08,198.9,1,8,1.0
2024-03-28T00:04:18Z,26.548907,-77.053713,0.06,0.3,1,8,1.0
2024-03-28T00:04:23Z,26.548913,-77.053715,0.04,263.1,1,7,1.1
2024-03-28T00:04:33Z,26.548912,-77.053723,0.12,346.5,1,7,1.1
2024-03-28T00:04:38Z,26.548910,-77.053725,0.43,202.8,1,9,0.9
2024-03-28T00:04:43Z,26.548900,-77.053728,0.25,354.2,1,9,0.9
2024-03-28T00:04:48Z,26.548902,-77.053732,0.16,186.7,1,9,0.9
2024-03-28T00:04:53Z,26.548900,-77.053733,0.11,138.8,1,9,0.9
2024-03-28T00:04:58Z,26.548900,-77.053733,0.04,257.2,1,9,0.9
2024-03-28T00:05:08Z,26.548897,-77.053733,0.15,185.7,1,9,0.9
2024-03-28T00:05:13Z,26.548888,-77.053733,0.33,172.2,1,9,0.9
2024-03-28T00:05:18Z,26.548885,-77.053733,0.01,318.6,1,9,0.9
2024-03-28T00:05:23Z,26.548890,-77.053737,0.17,212.2,1,9,0.9
2024-03-28T00:05:28Z,26.548890,-77.053740,0.07,295.8,1,8,0.9
2024-03-28T00:05:33Z,26.548893,-77.053742,0.08,293.0,1,9,0.9
2024-03-28T00:05:43Z,26.548900,-77.053737,0.15,167.4,1,9,0.9
2024-03-28T00:05:48Z,26.548893,-77.053733,0.02,151.5,1,9,0.9
2024-03-28T00:05:53Z,26.548900,-77.053738,0.27,227.3,1,9,0.9
2024-03-28T00:05:58Z,26.548902,-77.053735,0.24,179.3,1,9,0.9
2024-03-28T00:06:03Z,26.548898,-77.053730,0.07,77.3,1,8,1.0
2024-03-28T00:06:08Z,26.548893,-77.053728,0.14,203.1,1,8,1.0
2024-03-28T00:06:18Z,26.548903,-77.053718,0.23,85.0,1,8,1.0
2024-03-28T00:06:23Z,26.548898,-77.053715,0.04,137.4,1,8,1.0
2024-03-28T00:06:28Z,26.548900,-77.053712,0.13,128.2,1,9,0.9
2024-03-28T00:06:33Z,26.548897,-77.053712,0.33,207.8,1,9,0.9
2024-03-28T00:06:38Z,26.548900,-77.053712,0.06,14.2,1,9,0.9
2024-03-28T00:06:48Z,26.548905,-77.053715,0.10,23.7,1,9,0.9
2024-03-28T00:06:53Z,26.548910,-77.053715,0.71,13.6,1,7,1.1
2024-03-28T00:06:58Z,26.548900,-77.053715,0.09,198.0,1,8,1.0
2024-03-28T00:07:03Z,26.548887,-77.053718,0.79,213.6,1,8,1.0
2024-03-28T00:07:08Z,26.548878,-77.053723,0.13,333.8,1,9,0.9
2024-03-28T00:07:18Z,26.548885,-77.053723,0.22,8.6,1,8,1.0
2024-03-28T00:07:23Z,26.548885,-77.053725,0.08,286.1,1,9,0.9
2024-03-28T00:07:28Z,26.548878,-77.053728,0.10,62.4,1,8,1.0
2024-03-28T00:07:33Z,26.548880,-77.053725,0.11,61.0,1,9,0.9
2024-03-28T00:07:38Z,26.548882,-77.053723,0.11,98.7,1,9,0.9
2024-03-28T00:07:48Z,26.548885,-77.053717,0.24,51.8,1,8,1.0
2024-03-28T00:07:53Z,26.548883,-77.053713,0.06,271.6,1,8,1.0
2024-03-28T00:07:58Z,26.548883,-77.053713,0.16,74.2,1,8,1.0
2024-03-28T00:08:03Z,26.548898,-77.053703,0.22,4.9,1,9,0.9
2024-03-28T00:08:08Z,26.548903,-77.053698,0.44,15.6,1,8,1.2
2024-03-28T00:08:13Z,26.548903,-77.053698,0.51,197.9,1,9,0.9
2024-03-28T00:08:18Z,26.548902,-77.053712,0.38,243.9,1,8,1.0
2024-03-28T00:08:23Z,26.548900,-77.053723,0.15,322.2,1,9,0.9
2024-03-28T00:08:28Z,26.548903,-77.053725,0.01,28.0,1,9,0.9
2024-03-28T00:08:33Z,26.548907,-77.053725,0.22,356.3,1,9,0.9
2024-03-28T00:08:43Z,26.548895,-77.053725,0.20,227.9,1,9,0.9
2024-03-28T00:08:48Z,26.548898,-77.053720,0.38,287.5,1,9,0.9
2024-03-28T00:08:53Z,26.548898,-77.053712,0.35,95.0,1,9,0.9
2024-03-28T00:08:58Z,26.548895,-77.053707,0.22,177.2,1,8,1.0
2024-03-28T00:09:03Z,26.548890,-77.053708,0.12,44.1,1,8,1.0
2024-03-28T00:09:13Z,26.548888,-77.053713,0.05,145.8,1,9,0.9
2024-03-28T00:09:18Z,26.548887,-77.053715,0.21,10.5,1,9,0.9
2024-03-28T00:09:23Z,26.548887,-77.053717,0.18,238.5,1,9,0.9
2024-03-28T00:09:28Z,26.548887,-77.053720,0.04,340.2,1,9,0.9
2024-03-28T00:09:33Z,26.548888,-77.053722,0.09,358.2,1,9,0.9
2024-03-28T00:09:38Z,26.548882,-77.053725,0.17,105.2,1,9,0.9
2024-03-28T00:09:43Z,26.548877,-77.053727,0.14,38.6,1,9,0.9
2024-03-28T00:09:48Z,26.548880,-77.053723,0.06,119.6,1,9,0.9
2024-03-28T00:09:53Z,26.548875,-77.053715,0.47,41.5,1,9,0.9
2024-03-28T00:09:58Z,26.548875,-77.053708,0.43,49.8,1,9,0.9
2024-03-28T00:10:03Z,26.548883,-77.053708,0.03,329.4,1,9,0.9
2024-03-28T00:10:13Z,26.548890,-77.053715,0.02,340.9,1,9,0.9
2024-03-28T00:10:18Z,26.548898,-77.053720,0.28,347.9,1,9,0.9
2024-03-28T00:10:23Z,26.548903,-77.053720,0.26,194.6,1,9,0.9
2024-03-28T00:10:28Z,26.548908,-77.053723,0.33,7.2,1,9,0.9
2024-03-28T00:10:33Z,26.548905,-77.053727,0.16,258.4,1,9,0.9
2024-03-28T00:10:38Z,26.548903,-77.053728,0.22,199.6,1,9,0.9
2024-03-28T00:10:43Z,26.548898,-77.053733,0.32,248.0,1,9,0.9
2024-03-28T00:10:48Z,26.548900,-77.053733,0.27,211.5,1,9,0.9
2024-03-28T00:10:53Z,26.548893,-77.053737,0.27,217.3,1,9,0.9
2024-03-28T00:10:58Z,26.548888,-77.053737,0.25,6.5,1,9,0.9
2024-03-28T00:11:03Z,26.548895,-77.053737,0.11,222.7,1,9,0.9
2024-03-28T00:11:08Z,26.548895,-77.053738,0.07,316.9,1,9,0.9
2024-03-28T00:11:18Z,26.548885,-77.053740,0.14,30.9,1,9,0.9
2024-03-28T00:11:23Z,26.548883,-77.053742,0.16,283.5,1,9,0.9
2024-03-28T00:11:28Z,26.548885,-77.053742,0.04,281.3,1,9,0.9
2024-03-28T00:11:33Z,26.548883,-77.053740,0.22,71.4,1,9,0.9
2024-03-28T00:11:38Z,26.548883,-77.053738,0.09,257.9,1,9,0.9
2024-03-28T00:11:43Z,26.548883,-77.053738,0.16,227.5,1,9,0.9
2024-03-28T00:11:48Z,26.548882,-77.053735,0.32,41.1,1,8,1.0
2024-03-28T00:11:53Z,26.548875,-77.053732,0.16,156.7,1,9,0.9
2024-03-28T00:11:58Z,26.548877,-77.053728,0.23,116.4,1,9,0.9
2024-03-28T00:12:03Z,26.548873,-77.053728,0.04,27.0,1,9,0.9
2024-03-28T00:12:08Z,26.548872,-77.053727,0.11,222.7,1,9,0.9
2024-03-28T00:12:18Z,26.548883,-77.053738,0.11,279.0,1,9,0.9
2024-03-28T00:12:23Z,26.548885,-77.053743,0.16,228.2,1,9,0.9
2024-03-28T00:12:28Z,26.548887,-77.053743,0.07,151.6,1,9,0.9
2024-03-28T00:12:33Z,26.548883,-77.053743,0.07,116.0,1,9,0.9
2024-03-28T00:12:38Z,26.548882,-77.053742,0.14,82.9,1,8,1.0
2024-03-28T00:12:43Z,26.548873,-77.053742,0.32,189.3,1,7,1.1
2024-03-28T00:12:53Z,26.548867,-77.053740,0.22,201.3,1,9,0.9
2024-03-28T00:12:58Z,26.548870,-77.053738,0.30,176.9,1,9,0.9
2024-03-28T00:13:03Z,26.548867,-77.053735,0.30,185.8,1,9,0.9
2024-03-28T00:13:08Z,26.548855,-77.053733,0.46,182.5,1,8,1.0
2024-03-28T00:13:13Z,26.548855,-77.053737,0.14,209.8,1,9,0.9
2024-03-28T00:13:23Z,26.548872,-77.053757,0.24,328.8,1,9,0.9
2024-03-28T00:13:28Z,26.548875,-77.053763,0.19,317.3,1,9,0.9
2024-03-28T00:13:33Z,26.548883,-77.053762,0.82,297.5,1,9,0.9
2024-03-28T00:13:38Z,26.548880,-77.053757,0.39,275.3,1,7,1.2
2024-03-28T00:13:43Z,26.548873,-77.053750,0.86,120.3,1,9,0.9
2024-03-28T00:13:53Z,26.548867,-77.053688,0.38,111.3,1,7,1.3
2024-03-28T00:13:58Z,26.548857,-77.053687,0.70,93.1,1,7,1.2
2024-03-28T00:14:03Z,26.548860,-77.053687,0.06,246.8,1,5,2.0
2024-03-28T00:14:08Z,26.548850,-77.053723,0.63,255.1,1,5,2.0
2024-03-28T00:14:18Z,26.548858,-77.053728,0.29,237.3,1,5,2.7
2024-03-28T00:14:23Z,26.548858,-77.053728,0.35,248.2,1,7,1.1
2024-03-28T00:14:28Z,26.548875,-77.053730,0.16,331.7,1,6,1.4
2024-03-28T00:14:33Z,26.548873,-77.053728,0.38,209.1,1,8,1.0
2024-03-28T00:14:38Z,26.548888,-77.053735,0.39,321.9,1,8,1.0
2024-03-28T00:14:43Z,26.548897,-77.053735,0.40,166.2,1,6,1.3
2024-03-28T00:14:48Z,26.548893,-77.053740,0.12,21.6,1,7,1.2
2024-03-28T00:14:53Z,26.548903,-77.053743,0.19,202.7,1,7,1.2
2024-03-28T00:14:58Z,26.548908,-77.053750,0.31,278.2,1,9,0.9
2024-03-28T00:15:03Z,26.548903,-77.053742,0.72,281.0,1,8,1.1
2024-03-28T00:15:13Z,26.548903,-77.053727,0.35,55.9,1,9,0.9
2024-03-28T00:15:18Z,26.548902,-77.053722,0.30,87.0,1,9,0.9
2024-03-28T00:15:23Z,26.548898,-77.053720,0.18,95.8,1,9,0.9
2024-03-28T00:15:28Z,26.548895,-77.053723,0.09,105.5,1,8,1.0
2024-03-28T00:15:33Z,26.548892,-77.053723,0.12,192.2,1,9,0.9
2024-03-28T00:15:43Z,26.548877,-77.053715,0.39,125.1,1,7,1.0
