utc,lat,lon,sog_kn,cog_deg,quality,sats,hdop
2024-03-26T11:47:52Z,26.363005,-76.987000,0.16,41.0,0,0,99.0
2024-03-26T11:47:57Z,26.363007,-76.987003,0.17,9.3,1,4,5.5
2024-03-26T11:48:07Z,26.363023,-76.987003,0.28,9.7,1,4,5.5
2024-03-26T11:48:12Z,26.363028,-76.987005,0.32,356.4,1,4,5.5
2024-03-26T11:48:17Z,26.363032,-76.987008,0.18,6.6,1,4,5.5
2024-03-26T11:48:22Z,26.363033,-76.987010,0.30,2.3,1,4,5.5
2024-03-26T11:48:27Z,26.363035,-76.987013,0.25,350.3,1,4,5.5
2024-03-26T11:48:32Z,26.363037,-76.987012,0.29,41.0,1,4,5.4
2024-03-26T11:48:37Z,26.363040,-76.987008,0.17,358.4,1,4,5.4
2024-03-26T11:48:42Z,26.363043,-76.987005,0.29,25.8,1,4,5.4
2024-03-26T11:48:47Z,26.363027,-76.986997,0.55,119.1,1,4,5.4
2024-03-26T11:48:52Z,26.363035,-76.986998,0.28,9.2,1,4,5.4
2024-03-26T11:48:57Z,26.363048,-76.987000,0.32,14.3,1,4,5.4
2024-03-26T11:49:02Z,26.363062,-76.986998,0.25,40.4,1,4,5.4
2024-03-26T11:49:07Z,26.363072,-76.986995,0.39,26.4,1,4,5.4
2024-03-26T11:49:12Z,26.363082,-76.986993,0.25,33.8,1,4,5.4
2024-03-26T11:49:17Z,26.363088,-76.986990,0.08,37.0,1,4,5.4
2024-03-26T11:49:22Z,26.363092,-76.986988,0.12,21.8,1,4,5.4
2024-03-26T11:49:32Z,26.363087,-76.986992,0.02,227.1,1,4,5.4
2024-03-26T11:49:37Z,26.363083,-76.986995,0.14,130.5,1,4,5.4
2024-03-26T11:49:42Z,26.363080,-76.986995,0.15,153.6,1,4,5.4
2024-03-26T11:49:47Z,26.363077,-76.986995,0.15,178.6,1,4,5.4
2024-03-26T11:49:52Z,26.363073,-76.986993,0.21,171.4,1,4,5.4
2024-03-26T11:49:57Z,26.363042,-76.987003,0.10,252.8,1,5,2.6
2024-03-26T11:50:02Z,26.363040,-76.987005,0.02,60.4,1,5,2.6
2024-03-26T11:50:07Z,26.363040,-76.987003,0.12,199.5,1,5,2.6
2024-03-26T11:50:12Z,26.363037,-76.987007,0.18,266.7,1,5,2.6
2024-03-26T11:50:17Z,26.363033,-76.987007,0.07,176.4,1,5,2.6
2024-03-26T11:50:22Z,26.363030,-76.987013,0.09,194.5,1,5,2.6
2024-03-26T11:50:27Z,26.363022,-76.987007,0.15,164.1,1,5,2.6
2024-03-26T11:50:32Z,26.363012,-76.987000,0.12,149.0,1,5,2.6
2024-03-26T11:50:37Z,26.363008,-76.986997,0.16,341.5,1,5,2.6
2024-03-26T11:50:42Z,26.363003,-76.986998,0.05,200.9,1,5,2.6
2024-03-26T11:50:47Z,26.363007,-76.987002,0.05,224.7,1,5,2.6
2024-03-26T11:50:52Z,26.363007,-76.987007,0.15,260.0,1,5,2.6
2024-03-26T11:51:02Z,26.363000,-76.987015,0.07,249.7,1,5,2.6
2024-03-26T11:51:07Z,26.362993,-76.987020,0.30,327.3,1,5,2.6
2024-03-26T11:51:12Z,26.362995,-76.987023,0.06,339.2,1,5,2.6
2024-03-26T11:51:22Z,26.363007,-76.987027,0.01,169.2,1,5,2.7
2024-03-26T11:51:27Z,26.363003,-76.987027,0.13,244.9,1,5,2.7
2024-03-26T11:51:32Z,26.362993,-76.987032,0.04,212.9,1,5,2.7
2024-03-26T11:51:37Z,26.362990,-76.987032,0.03,69.5,1,5,2.7
2024-03-26T11:51:42Z,26.362990,-76.987028,0.32,168.8,1,5,2.7
2024-03-26T11:51:47Z,26.363010,-76.987023,0.24,24.6,1,5,2.7
2024-03-26T11:51:52Z,26.362993,-76.987023,0.48,177.0,1,5,2.7
2024-03-26T11:51:57Z,26.362993,-76.987022,0.14,203.2,1,5,2.7
2024-03-26T11:52:07Z,26.362990,-76.987025,0.13,300.1,1,5,2.7
2024-03-26T11:52:12Z,26.362997,-76.987027,0.02,257.9,1,5,2.7
2024-03-26T11:52:17Z,26.362992,-76.987028,0.27,347.3,1,5,2.7
2024-03-26T11:52:27Z,26.362993,-76.987037,0.59,186.6,1,5,2.7
2024-03-26T11:52:32Z,26.362998,-76.987037,0.08,295.7,1,5,2.7
2024-03-26T11:52:37Z,26.362993,-76.987037,0.16,85.9,1,5,2.7
2024-03-26T11:52:42Z,26.363000,-76.987032,0.32,36.5,1,5,2.7
2024-03-26T11:52:47Z,26.363002,-76.987027,0.30,30.1,1,5,2.7
2024-03-26T11:52:52Z,26.363013,-76.987027,1.00,13.7,1,5,2.7
2024-03-26T11:52:57Z,26.363028,-76.987020,0.29,61.6,1,5,2.7
2024-03-26T11:53:02Z,26.363042,-76.987012,0.32,26.3,1,5,2.7
2024-03-26T11:53:07Z,26.363062,-76.987003,0.62,24.8,1,5,2.7
2024-03-26T11:53:12Z,26.363067,-76.986997,0.27,36.1,1,5,2.7
2024-03-26T11:53:17Z,26.363062,-76.986993,0.29,93.7,1,5,2.7
2024-03-26T11:53:22Z,26.363038,-76.986993,0.20,21.5,1,5,2.7
2024-03-26T11:53:27Z,26.363062,-76.986988,0.12,146.9,1,5,2.7
2024-03-26T11:53:32Z,26.363055,-76.986988,0.51,12.2,1,5,2.7
2024-03-26T11:53:37Z,26.363080,-76.986978,0.40,32.1,1,5,2.7
2024-03-26T11:53:42Z,26.363092,-76.986973,0.43,37.6,1,5,2.8
2024-03-26T11:53:47Z,26.363088,-76.986973,0.10,137.2,1,5,2.8
2024-03-26T11:53:52Z,26.363082,-76.986975,0.13,111.1,1,5,2.8
2024-03-26T11:53:57Z,26.363077,-76.986982,0.16,223.4,1,5,2.8
2024-03-26T11:54:02Z,26.363073,-76.986985,0.05,216.8,1,5,2.8
2024-03-26T11:54:07Z,26.363075,-76.986988,0.24,319.5,1,5,2.8
2024-03-26T11:54:12Z,26.363070,-76.986980,0.08,293.6,1,5,2.8
2024-03-26T11:54:17Z,26.363068,-76.986975,0.22,301.9,1,5,2.8
2024-03-26T11:54:22Z,26.363082,-76.986993,0.51,298.0,1,5,2.8
2024-03-26T11:54:27Z,26.363090,-76.987005,0.21,346.3,1,5,2.8
2024-03-26T11:54:32Z,26.363095,-76.987025,0.11,303.0,1,5,2.8
2024-03-26T11:54:37Z,26.363093,-76.987025,0.08,350.4,1,5,2.8
2024-03-26T11:54:42Z,26.363090,-76.987020,0.04,175.8,1,5,2.8
2024-03-26T11:54:47Z,26.363083,-76.987017,0.17,320.7,1,5,2.8
2024-03-26T11:54:52Z,26.363078,-76.987013,0.12,203.4,1,5,2.8
2024-03-26T11:54:57Z,26.363082,-76.987027,0.41,291.9,1,5,2.8
2024-03-26T11:55:02Z,26.363077,-76.987020,0.22,266.2,1,5,2.8
2024-03-26T11:55:07Z,26.363067,-76.987002,0.23,103.4,1,4,4.2
2024-03-26T11:55:12Z,26.363078,-76.987022,0.26,303.7,1,5,2.8
2024-03-26T11:55:17Z,26.363085,-76.987035,0.32,301.5,1,5,2.8
2024-03-26T11:55:27Z,26.363078,-76.987022,0.08,328.6,1,5,2.8
2024-03-26T11:55:32Z,26.363073,-76.987013,0.16,145.4,1,5,2.8
2024-03-26T11:55:37Z,26.363073,-76.987008,0.11,97.1,1,5,2.8
2024-03-26T11:55:42Z,26.363070,-76.987005,0.10,86.0,1,5,2.8
2024-03-26T11:55:52Z,26.363070,-76.986998,0.05,112.7,1,5,2.8
2024-03-26T11:55:57Z,26.363068,-76.987000,0.11,353.0,1,5,2.8
2024-03-26T11:56:02Z,26.363068,-76.986998,0.07,95.9,1,5,2.8
2024-03-26T11:56:07Z,26.363070,-76.987000,0.13,21.2,1,5,2.8
2024-03-26T11:56:12Z,26.363068,-76.987002,0.18,183.5,1,5,2.9
2024-03-26T11:56:17Z,26.363063,-76.987002,0.05,324.1,1,5,2.9
2024-03-26T11:56:22Z,26.363070,-76.987015,0.21,291.6,1,5,2.9
2024-03-26T11:56:27Z,26.363077,-76.987033,0.16,272.5,1,5,2.9
2024-03-26T11:56:37Z,26.363067,-76.987022,0.10,155.1,1,5,2.9
2024-03-26T11:56:42Z,26.363063,-76.987018,0.04,88.6,1,5,2.9
2024-03-26T11:56:47Z,26.363063,-76.987015,0.23,13.0,1,5,2.9
2024-03-26T11:56:52Z,26.363057,-76.987008,0.21,182.6,1,5,2.9
2024-03-26T11:57:02Z,26.363045,-76.987012,0.14,238.9,1,5,2.9
2024-03-26T11:57:07Z,26.363048,-76.987030,0.24,292.4,1,5,2.9
2024-03-26T11:57:12Z,26.363035,-76.987022,0.34,224.3,1,5,2.9
2024-03-26T11:57:17Z,26.363028,-76.987020,0.17,286.4,1,5,2.9
2024-03-26T11:57:22Z,26.363033,-76.987025,0.14,359.5,1,5,2.9
2024-03-26T11:57:27Z,26.363033,-76.987025,0.16,28.2,1,5,2.9
2024-03-26T11:57:32Z,26.363028,-76.987023,0.17,169.8,1,5,2.9
2024-03-26T11:57:37Z,26.363025,-76.987023,0.14,177.9,1,5,2.9
2024-03-26T11:57:42Z,26.363018,-76.987022,0.09,7.5,1,5,2.9
2024-03-26T11:57:47Z,26.363023,-76.987023,0.18,328.1,1,5,2.9
2024-03-26T11:57:52Z,26.363022,-76.987020,0.22,164.8,1,5,2.9
2024-03-26T11:57:57Z,26.363017,-76.987022,0.13,210.1,1,5,2.9
2024-03-26T11:58:02Z,26.363023,-76.987022,0.14,82.6,1,5,2.9
2024-03-26T11:58:07Z,26.363023,-76.987020,0.02,147.7,1,5,2.9
2024-03-26T11:58:12Z,26.363018,-76.987022,0.24,352.1,1,5,2.9
2024-03-26T11:58:17Z,26.363023,-76.987022,0.03,309.8,1,5,2.9
2024-03-26T11:58:22Z,26.363025,-76.987022,0.18,0.8,1,5,2.9
2024-03-26T11:58:27Z,26.363022,-76.987023,0.10,184.6,1,5,2.9
2024-03-26T11:58:32Z,26.363020,-76.987023,0.09,192.5,1,5,2.9
2024-03-26T11:58:37Z,26.363022,-76.987023,0.16,181.0,1,5,2.9
2024-03-26T11:58:42Z,26.363025,-76.987023,0.11,344.5,1,5,2.9
2024-03-26T11:58:47Z,26.363023,-76.987025,0.13,315.1,1,5,2.9
2024-03-26T11:58:52Z,26.363023,-76.987027,0.05,50.7,1,5,2.9
2024-03-26T11:58:57Z,26.363023,-76.987027,0.10,12.2,1,5,3.0
2024-03-26T11:59:02Z,26.363027,-76.987028,0.22,341.9,1,5,3.0
2024-03-26T11:59:07Z,26.363023,-76.987025,0.12,32.9,1,5,3.0
2024-03-26T11:59:12Z,26.363020,-76.987025,0.07,311.3,1,5,3.0
2024-03-26T11:59:17Z,26.363018,-76.987025,0.09,133.4,1,5,3.0
2024-03-26T11:59:27Z,26.363027,-76.987033,0.21,337.0,1,6,1.7
2024-03-26T11:59:32Z,26.363027,-76.987032,0.10,39.2,1,6,1.7
2024-03-26T11:59:37Z,26.363028,-76.987030,0.15,28.2,1,6,1.7
2024-03-26T11:59:47Z,26.363028,-76.987023,0.18,20.6,1,6,1.7
2024-03-26T11:59:52Z,26.363030,-76.987020,0.13,94.9,1,6,1.7
2024-03-26T11:59:57Z,26.363033,-76.987020,0.13,60.0,1,6,1.7
2024-03-26T12:00:02Z,26.363030,-76.987017,0.09,127.0,1,6,1.7
2024-03-26T12:00:07Z,26.363027,-76.987017,0.06,279.0,1,6,1.7
2024-03-26T12:00:12Z,26.363023,-76.987018,0.15,215.9,1,6,1.7
2024-03-26T12:00:17Z,26.363022,-76.987013,0.37,194.3,1,6,1.7
2024-03-26T12:00:22Z,26.363012,-76.987025,0.09,288.5,1,6,1.7
2024-03-26T12:00:32Z,26.363015,-76.987022,0.32,0.1,1,6,1.7
2024-03-26T12:00:37Z,26.363017,-76.987027,0.13,316.1,1,6,1.7
2024-03-26T12:00:42Z,26.363022,-76.987030,0.18,326.6,1,6,1.7
2024-03-26T12:00:47Z,26.363022,-76.987028,0.12,336.1,1,6,1.7
2024-03-26T12:00:52Z,26.363025,-76.987035,0.14,322.7,1,6,1.7
2024-03-26T12:00:57Z,26.363025,-76.987035,0.11,302.2,1,6,1.7
2024-03-26T12:01:02Z,26.363025,-76.987035,0.06,348.5,1,7,1.7
2024-03-26T12:01:07Z,26.363025,-76.987035,0.14,278.8,1,7,1.7
2024-03-26T12:01:17Z,26.363027,-76.987035,0.11,50.5,1,7,1.7
2024-03-26T12:01:22Z,26.363032,-76.987035,0.21,357.1,1,7,1.7
2024-03-26T12:01:27Z,26.363035,-76.987033,0.26,16.0,1,7,1.7
2024-03-26T12:01:32Z,26.363042,-76.987027,0.12,167.2,1,7,1.7
2024-03-26T12:01:37Z,26.363043,-76.987022,0.10,122.0,1,7,1.7
2024-03-26T12:01:42Z,26.363050,-76.987003,0.43,54.2,1,7,1.7
2024-03-26T12:01:47Z,26.363052,-76.987003,0.13,27.0,1,7,1.7
2024-03-26T12:01:52Z,26.363053,-76.987003,0.30,6.8,1,7,1.7
2024-03-26T12:01:57Z,26.363060,-76.987002,0.11,52.8,1,7,1.7
2024-03-26T12:02:02Z,26.363057,-76.987008,0.14,257.9,1,7,1.7
2024-03-26T12:02:07Z,26.363055,-76.987013,0.28,319.2,1,7,1.7
2024-03-26T12:02:12Z,26.363055,-76.987008,0.11,119.0,1,7,1.7
2024-03-26T12:02:17Z,26.363057,-76.987005,0.14,2.1,1,7,1.7
2024-03-26T12:02:22Z,26.363060,-76.987002,0.08,187.8,1,7,1.7
2024-03-26T12:02:27Z,26.363060,-76.986993,0.15,67.1,1,7,1.7
2024-03-26T12:02:32Z,26.363057,-76.986993,0.36,172.6,1,7,1.7
2024-03-26T12:02:37Z,26.363053,-76.987005,0.13,235.8,1,7,1.7
2024-03-26T12:02:47Z,26.363043,-76.987022,0.14,293.5,1,7,1.7
2024-03-26T12:02:52Z,26.363042,-76.987022,0.04,48.6,1,7,1.7
2024-03-26T12:02:57Z,26.363042,-76.987023,0.09,323.2,1,7,1.7
2024-03-26T12:03:02Z,26.363042,-76.987022,0.07,334.5,1,7,1.7
2024-03-26T12:03:07Z,26.363040,-76.987022,0.04,316.5,1,7,1.7
2024-03-26T12:03:12Z,26.363043,-76.987022,0.21,0.3,1,7,1.7
2024-03-26T12:03:17Z,26.363047,-76.987003,0.14,123.1,1,7,1.7
2024-03-26T12:03:22Z,26.363047,-76.986997,0.09,113.8,1,7,1.7
2024-03-26T12:03:32Z,26.363040,-76.986985,0.03,28.7,1,7,1.7
2024-03-26T12:03:37Z,26.363035,-76.986988,0.06,19.3,1,7,1.7
2024-03-26T12:03:42Z,26.363030,-76.986995,0.15,293.7,1,7,1.7
2024-03-26T12:03:47Z,26.363028,-76.987007,0.21,281.1,1,7,1.7
2024-03-26T12:03:52Z,26.363028,-76.987015,0.21,316.2,1,7,1.7
2024-03-26T12:03:57Z,26.363027,-76.987015,0.12,270.4,1,7,1.7
2024-03-26T12:04:02Z,26.363030,-76.987023,0.17,258.5,1,7,1.7
2024-03-26T12:04:07Z,26.363025,-76.987020,0.29,187.3,1,7,1.7
2024-03-26T12:04:17Z,26.363018,-76.987020,0.16,190.8,1,7,1.7
2024-03-26T12:04:22Z,26.363017,-76.987018,0.03,142.8,1,7,1.7
2024-03-26T12:04:27Z,26.363013,-76.987025,0.38,206.6,1,7,1.7
2024-03-26T12:04:32Z,26.363010,-76.987035,0.24,351.6,1,7,1.7
2024-03-26T12:04:37Z,26.363013,-76.987040,0.14,292.6,1,7,1.7
2024-03-26T12:04:42Z,26.363010,-76.987038,0.13,174.7,1,7,1.7
2024-03-26T12:04:47Z,26.363013,-76.987042,0.14,266.5,1,7,1.7
2024-03-26T12:04:52Z,26.363010,-76.987042,0.08,227.5,1,7,1.7
2024-03-26T12:04:57Z,26.363005,-76.987045,0.37,195.0,1,7,1.7
2024-03-26T12:05:02Z,26.363003,-76.987047,0.05,253.1,1,7,1.7
2024-03-26T12:05:07Z,26.363002,-76.987048,0.12,275.7,1,7,1.7
2024-03-26T12:05:12Z,26.363000,-76.987047,0.17,122.8,1,7,1.7
2024-03-26T12:05:17Z,26.362988,-76.987042,0.23,182.0,1,7,1.7
2024-03-26T12:05:27Z,26.362982,-76.987045,0.16,186.2,1,7,1.7
2024-03-26T12:05:32Z,26.362987,-76.987055,0.28,302.0,1,7,1.7
2024-03-26T12:05:37Z,26.362990,-76.987053,0.03,197.9,1,7,1.7
2024-03-26T12:05:42Z,26.362987,-76.987048,0.15,148.0,1,7,1.7
2024-03-26T12:05:47Z,26.362983,-76.987043,0.07,352.1,1,7,1.7
2024-03-26T12:05:52Z,26.362980,-76.987025,0.45,53.0,1,7,1.7
2024-03-26T12:05:57Z,26.362982,-76.987022,0.23,83.1,1,7,1.7
2024-03-26T12:06:02Z,26.362985,-76.987025,0.13,66.2,1,7,1.7
2024-03-26T12:06:07Z,26.362992,-76.987028,0.05,60.5,1,7,1.7
2024-03-26T12:06:12Z,26.362997,-76.987032,0.20,217.6,1,7,1.7
2024-03-26T12:06:17Z,26.363003,-76.987032,0.32,343.1,1,7,1.7
2024-03-26T12:06:22Z,26.363007,-76.987033,0.16,340.5,1,7,1.7
2024-03-26T12:06:27Z,26.363008,-76.987032,0.09,246.7,1,7,1.7
2024-03-26T12:06:32Z,26.363003,-76.987038,0.15,286.2,1,7,1.7
2024-03-26T12:06:42Z,26.363007,-76.987038,0.18,195.6,1,7,1.7
2024-03-26T12:06:47Z,26.362990,-76.987007,0.19,41.7,1,7,1.7
2024-03-26T12:06:52Z,26.362983,-76.987008,0.23,81.2,1,7,1.7
2024-03-26T12:06:57Z,26.362983,-76.987012,0.49,20.4,1,7,1.7
2024-03-26T12:07:02Z,26.362995,-76.987007,0.35,139.6,1,7,1.7
2024-03-26T12:07:07Z,26.362997,-76.987013,0.18,68.7,1,7,1.7
2024-03-26T12:07:12Z,26.363002,-76.987015,0.18,3.3,1,7,1.7
2024-03-26T12:07:17Z,26.363002,-76.987018,0.15,158.6,1,7,1.7
2024-03-26T12:07:22Z,26.363002,-76.987000,0.24,68.8,1,8,1.0
2024-03-26T12:07:27Z,26.363000,-76.986992,0.41,169.4,1,8,1.0
2024-03-26T12:07:32Z,26.363003,-76.986983,0.18,92.5,1,8,1.0
2024-03-26T12:07:37Z,26.362997,-76.986985,0.20,103.1,1,8,1.0
2024-03-26T12:07:42Z,26.362998,-76.986978,0.22,185.9,1,8,1.0
2024-03-26T12:07:47Z,26.362988,-76.986980,0.09,224.0,1,8,1.0
2024-03-26T12:07:57Z,26.362987,-76.986988,0.22,337.4,1,8,1.0
2024-03-26T12:08:02Z,26.362990,-76.986992,0.09,267.8,1,8,1.0
2024-03-26T12:08:07Z,26.362993,-76.986993,0.19,219.9,1,8,1.0
2024-03-26T12:08:12Z,26.362992,-76.986998,0.20,213.1,1,8,1.0
2024-03-26T12:08:22Z,26.362990,-76.987010,0.14,0.3,1,8,1.0
2024-03-26T12:08:27Z,26.362990,-76.987012,0.16,329.5,1,8,1.0
2024-03-26T12:08:32Z,26.362993,-76.987012,0.11,179.1,1,8,1.0
2024-03-26T12:08:37Z,26.362998,-76.987012,0.21,262.8,1,8,1.0
2024-03-26T12:08:47Z,26.362993,-76.987018,0.32,3.0,1,8,1.0
2024-03-26T12:08:52Z,26.362993,-76.987018,0.23,141.5,1,8,1.0
2024-03-26T12:08:57Z,26.362993,-76.987017,0.06,107.5,1,8,1.0
2024-03-26T12:09:02Z,26.362990,-76.987015,0.25,93.6,1,8,1.0
2024-03-26T12:09:12Z,26.362978,-76.987012,0.23,154.0,1,8,1.0
2024-03-26T12:09:17Z,26.362975,-76.987015,0.23,219.9,1,8,1.0
2024-03-26T12:09:22Z,26.362977,-76.987017,0.21,41.2,1,8,1.0
2024-03-26T12:09:27Z,26.362978,-76.987015,0.12,263.6,1,8,1.0
2024-03-26T12:09:32Z,26.362975,-76.987015,0.12,209.3,1,8,1.0
2024-03-26T12:09:37Z,26.362975,-76.987013,0.10,128.5,1,8,1.0
2024-03-26T12:09:42Z,26.362975,-76.987015,0.02,83.3,1,8,1.0
2024-03-26T12:09:47Z,26.362973,-76.987017,0.21,158.6,1,8,1.0
2024-03-26T12:09:52Z,26.362972,-76.987022,0.19,347.0,1,8,1.0
2024-03-26T12:10:02Z,26.362968,-76.987030,0.12,240.3,1,8,1.0
2024-03-26T12:10:07Z,26.362972,-76.987028,0.17,152.4,1,8,1.0
2024-03-26T12:10:12Z,26.362973,-76.987032,0.05,353.5,1,8,1.0
2024-03-26T12:10:17Z,26.362970,-76.987032,0.19,313.9,1,8,1.0
2024-03-26T12:10:27Z,26.362975,-76.987027,0.23,40.1,1,8,1.0
2024-03-26T12:10:32Z,26.362977,-76.987023,0.18,262.4,1,8,1.0
2024-03-26T12:10:37Z,26.362983,-76.987020,0.18,338.4,1,8,1.0
2024-03-26T12:10:42Z,26.362983,-76.987022,0.25,141.9,1,8,1.0
2024-03-26T12:10:47Z,26.362982,-76.987022,0.12,66.8,1,8,1.0
2024-03-26T12:10:52Z,26.362980,-76.987025,0.27,146.8,1,8,1.0
2024-03-26T12:10:57Z,26.362982,-76.987022,0.19,92.4,1,8,1.0
2024-03-26T12:11:02Z,26.362980,-76.987020,0.06,179.5,1,8,1.1
2024-03-26T12:11:07Z,26.362980,-76.987022,0.03,332.6,1,8,1.1
2024-03-26T12:11:12Z,26.362978,-76.987022,0.16,91.1,1,8,1.1
2024-03-26T12:11:17Z,26.362982,-76.987022,0.37,10.9,1,8,1.1
2024-03-26T12:11:22Z,26.362988,-76.987020,0.19,44.9,1,8,1.1
2024-03-26T12:11:27Z,26.362995,-76.987015,0.27,46.9,1,8,1.1
2024-03-26T12:11:32Z,26.363002,-76.987010,0.25,23.8,1,8,1.1
2024-03-26T12:11:37Z,26.362998,-76.987015,0.16,336.8,1,8,1.1
2024-03-26T12:11:47Z,26.363010,-76.987020,0.34,0.5,1,8,1.1
2024-03-26T12:11:52Z,26.363013,-76.987023,0.29,357.3,1,8,1.1
2024-03-26T12:11:57Z,26.363020,-76.987030,0.28,7.4,1,8,1.1
2024-03-26T12:12:02Z,26.363023,-76.987032,0.22,327.7,1,8,1.1
2024-03-26T12:12:07Z,26.363025,-76.987037,0.04,248.1,1,8,1.1
2024-03-26T12:12:12Z,26.363023,-76.987038,0.20,95.1,1,8,1.1
2024-03-26T12:12:17Z,26.363023,-76.987033,0.19,68.0,1,7,1.6
2024-03-26T12:12:22Z,26.363025,-76.987025,0.04,27.6,1,8,1.1
2024-03-26T12:12:27Z,26.363032,-76.987015,0.19,85.7,1,8,1.1
2024-03-26T12:12:32Z,26.363028,-76.987010,0.12,22.7,1,8,1.1
2024-03-26T12:12:42Z,26.363027,-76.987010,0.06,283.0,1,8,1.1
2024-03-26T12:12:47Z,26.363028,-76.987010,0.10,25.2,1,8,1.1
2024-03-26T12:12:52Z,26.363028,-76.987010,0.18,285.3,1,8,1.1
2024-03-26T12:12:57Z,26.363030,-76.987010,0.07,269.9,1,8,1.1
2024-03-26T12:13:07Z,26.363037,-76.987002,0.10,38.8,1,8,1.1
2024-03-26T12:13:12Z,26.363032,-76.987003,0.15,102.9,1,8,1.1
2024-03-26T12:13:17Z,26.363027,-76.987000,0.17,101.3,1,8,1.1
2024-03-26T12:13:22Z,26.363025,-76.986998,0.06,1.1,1,8,1.1
2024-03-26T12:13:32Z,26.363023,-76.986997,0.02,153.8,1,8,1.1
2024-03-26T12:13:37Z,26.363023,-76.986997,0.12,55.6,1,8,1.1
2024-03-26T12:13:42Z,26.363020,-76.986993,0.38,152.0,1,8,1.1
2024-03-26T12:13:47Z,26.363017,-76.986997,0.23,351.7,1,8,1.1
2024-03-26T12:13:57Z,26.363008,-76.986993,0.23,33.8,1,8,1.1
2024-03-26T12:14:02Z,26.363010,-76.986992,0.04,115.1,1,8,1.1
2024-03-26T12:14:07Z,26.363010,-76.986992,0.09,277.7,1,8,1.1
2024-03-26T12:14:12Z,26.363012,-76.986993,0.03,268.0,1,8,1.1
2024-03-26T12:14:17Z,26.363008,-76.986993,0.06,170.4,1,8,1.1
2024-03-26T12:14:22Z,26.363010,-76.986998,0.22,226.8,1,8,1.1
2024-03-26T12:14:27Z,26.363005,-76.986997,0.24,108.5,1,8,1.1
2024-03-26T12:14:32Z,26.363010,-76.986988,0.11,204.9,1,8,1.1
2024-03-26T12:14:37Z,26.362998,-76.986998,0.08,229.2,1,8,1.1
2024-03-26T12:14:47Z,26.363005,-76.987000,0.28,350.8,1,8,1.1
2024-03-26T12:14:52Z,26.363007,-76.987007,0.22,229.7,1,8,1.1
2024-03-26T12:14:57Z,26.363003,-76.987010,0.06,3.6,1,8,1.1
2024-03-26T12:15:02Z,26.363002,-76.987012,0.12,90.9,1,8,1.1
2024-03-26T12:15:12Z,26.363000,-76.987010,0.10,115.0,1,8,1.1
2024-03-26T12:15:17Z,26.362998,-76.987010,0.11,240.6,1,8,1.1
2024-03-26T12:15:22Z,26.362998,-76.987010,0.11,67.8,1,8,1.1
2024-03-26T12:15:27Z,26.362998,-76.987008,0.10,177.9,1,8,1.1
2024-03-26T12:15:37Z,26.362998,-76.987005,0.20,139.1,1,8,1.1
2024-03-26T12:15:42Z,26.362997,-76.987003,0.06,131.5,1,8,1.1
2024-03-26T12:15:47Z,26.362997,-76.987003,0.11,165.6,1,8,1.1
2024-03-26T12:15:52Z,26.362997,-76.986998,0.24,77.2,1,8,1.1
2024-03-26T12:16:02Z,26.362993,-76.986995,0.21,189.3,1,8,1.1
2024-03-26T12:16:07Z,26.362990,-76.986997,0.08,254.4,1,8,1.1
2024-03-26T12:16:12Z,26.362988,-76.986998,0.07,224.2,1,8,1.1
2024-03-26T12:16:17Z,26.362987,-76.987002,0.06,270.5,1,8,1.1
2024-03-26T12:16:27Z,26.362992,-76.987007,0.04,257.4,1,7,1.6
2024-03-26T12:16:32Z,26.362988,-76.987010,0.48,204.2,1,8,1.1
2024-03-26T12:16:37Z,26.362990,-76.987007,0.08,7.7,1,8,1.1
2024-03-26T12:16:42Z,26.362992,-76.987010,0.12,348.8,1,8,1.1
2024-03-26T12:16:47Z,26.362990,-76.987010,0.41,84.3,1,8,1.1
2024-03-26T12:16:52Z,26.362993,-76.987005,0.13,147.6,1,8,1.1
2024-03-26T12:16:57Z,26.362995,-76.987008,0.24,3.1,1,8,1.1
2024-03-26T12:17:02Z,26.363003,-76.987010,0.30,25.1,1,8,1.1
2024-03-26T12:17:07Z,26.363013,-76.987005,0.32,23.5,1,8,1.1
2024-03-26T12:17:12Z,26.363020,-76.987007,0.50,13.7,1,8,1.1
2024-03-26T12:17:17Z,26.363023,-76.987013,0.47,8.6,1,7,1.8
2024-03-26T12:17:22Z,26.363025,-76.987018,0.16,214.2,1,8,1.1
2024-03-26T12:17:27Z,26.363032,-76.987022,0.15,40.8,1,8,1.1
2024-03-26T12:17:32Z,26.363028,-76.987020,0.34,217.5,1,8,1.1
2024-03-26T12:17:37Z,26.363028,-76.987025,0.16,12.6,1,8,1.1
2024-03-26T12:17:47Z,26.363027,-76.987012,0.15,167.1,1,8,1.1
2024-03-26T12:17:52Z,26.363025,-76.987017,0.11,355.1,1,8,1.1
2024-03-26T12:17:57Z,26.363023,-76.987013,0.12,170.8,1,8,1.1
2024-03-26T12:18:02Z,26.363018,-76.987013,0.07,221.6,1,8,1.1
2024-03-26T12:18:12Z,26.363015,-76.987013,0.27,319.4,1,8,1.1
2024-03-26T12:18:17Z,26.363015,-76.987010,0.18,84.0,1,8,1.1
2024-03-26T12:18:22Z,26.363015,-76.987007,0.09,104.6,1,8,1.1
2024-03-26T12:18:27Z,26.363015,-76.987005,0.10,149.5,1,8,1.1
2024-03-26T12:18:37Z,26.363015,-76.986993,0.19,128.6,1,8,1.1
2024-03-26T12:18:42Z,26.363012,-76.986990,0.14,173.5,1,8,1.1
2024-03-26T12:18:47Z,26.363010,-76.986985,0.15,136.2,1,8,1.1
2024-03-26T12:18:52Z,26.363008,-76.986983,0.11,138.1,1,8,1.1
2024-03-26T12:18:57Z,26.363005,-76.986983,0.04,120.0,1,8,1.1
2024-03-26T12:19:02Z,26.363002,-76.986983,0.03,154.9,1,8,1.1
2024-03-26T12:19:07Z,26.363000,-76.986983,0.18,178.9,1,8,1.1
2024-03-26T12:19:12Z,26.362997,-76.986985,0.14,276.8,1,8,1.1
2024-03-26T12:19:17Z,26.362995,-76.986990,0.14,271.6,1,8,1.1
2024-03-26T12:19:22Z,26.362998,-76.986993,0.03,344.7,1,8,1.1
2024-03-26T12:19:27Z,26.363003,-76.986988,0.23,29.6,1,8,1.1
2024-03-26T12:19:32Z,26.363007,-76.986988,0.07,315.6,1,8,1.1
2024-03-26T12:19:37Z,26.363010,-76.986992,0.43,21.6,1,8,1.1
2024-03-26T12:19:42Z,26.363015,-76.986993,0.09,69.6,1,8,1.1
2024-03-26T12:19:47Z,26.363010,-76.986992,0.30,327.1,1,8,1.1
2024-03-26T12:19:57Z,26.363012,-76.987000,0.12,3.6,1,8,1.1
2024-03-26T12:20:02Z,26.363015,-76.987002,0.13,178.7,1,8,1.1
2024-03-26T12:20:07Z,26.363008,-76.987007,0.44,142.9,1,8,1.1
2024-03-26T12:20:12Z,26.363005,-76.987010,0.06,265.0,1,8,1.1
2024-03-26T12:20:22Z,26.362995,-76.987003,0.25,156.0,1,8,1.1
2024-03-26T12:20:27Z,26.362987,-76.987003,0.11,225.2,1,8,1.1
2024-03-26T12:20:32Z,26.362983,-76.987002,0.32,137.8,1,8,1.1
2024-03-26T12:20:37Z,26.362980,-76.986997,0.09,122.5,1,8,1.1
2024-03-26T12:20:47Z,26.362977,-76.986993,0.14,277.6,1,8,1.1
2024-03-26T12:20:52Z,26.362977,-76.986987,0.27,67.5,1,8,1.1
2024-03-26T12:20:57Z,26.362977,-76.986983,0.19,113.4,1,8,1.1
2024-03-26T12:21:02Z,26.362975,-76.986983,0.08,298.3,1,8,1.1
2024-03-26T12:21:12Z,26.362977,-76.986990,0.22,260.4,1,8,1.1
2024-03-26T12:21:17Z,26.362975,-76.986993,0.04,280.1,1,8,1.1
2024-03-26T12:21:22Z,26.362977,-76.986997,0.23,322.9,1,8,1.1
2024-03-26T12:21:27Z,26.362965,-76.987003,0.10,17.3,1,8,1.1
2024-03-26T12:21:37Z,26.362975,-76.987005,0.04,328.4,1,8,1.1
2024-03-26T12:21:42Z,26.362978,-76.987002,0.08,16.1,1,8,1.1
2024-03-26T12:21:47Z,26.362987,-76.987008,0.10,145.6,1,8,1.1
2024-03-26T12:21:52Z,26.362990,-76.987008,0.13,4.8,1,8,1.1
2024-03-26T12:22:02Z,26.363007,-76.987015,0.08,176.0,1,8,1.1
2024-03-26T12:22:07Z,26.363010,-76.987010,0.03,261.2,1,8,1.1
2024-03-26T12:22:12Z,26.363017,-76.987012,0.24,25.1,1,8,1.1
2024-03-26T12:22:17Z,26.363018,-76.987013,0.09,146.8,1,8,1.1
2024-03-26T12:22:27Z,26.363017,-76.987023,0.09,125.5,1,8,1.1
2024-03-26T12:22:32Z,26.363017,-76.987023,0.04,118.8,1,8,1.1
2024-03-26T12:22:37Z,26.363013,-76.987023,0.06,205.2,1,8,1.1
2024-03-26T12:22:42Z,26.363007,-76.987028,0.05,294.5,1,8,1.1
2024-03-26T12:22:52Z,26.362992,-76.987013,0.31,75.2,1,8,1.1
2024-03-26T12:22:57Z,26.362985,-76.987013,0.09,88.1,1,8,1.1
2024-03-26T12:23:02Z,26.362983,-76.987013,0.08,163.2,1,8,1.1
2024-03-26T12:23:07Z,26.362982,-76.987017,0.13,281.8,1,8,1.1
2024-03-26T12:23:17Z,26.362980,-76.987017,0.11,29.6,1,8,1.1
2024-03-26T12:23:22Z,26.362983,-76.987017,0.42,313.6,1,8,1.1
2024-03-26T12:23:27Z,26.362987,-76.987017,0.02,138.9,1,8,1.1
2024-03-26T12:23:32Z,26.362987,-76.987013,0.18,48.6,1,8,1.1
2024-03-26T12:23:37Z,26.362985,-76.987010,0.24,213.9,1,8,1.1
2024-03-26T12:23:42Z,26.362987,-76.987008,0.12,213.0,1,8,1.1
2024-03-26T12:23:47Z,26.362985,-76.987007,0.15,325.5,1,8,1.1
2024-03-26T12:23:52Z,26.362980,-76.987005,0.11,156.9,1,8,1.1
2024-03-26T12:23:57Z,26.362982,-76.987012,0.14,175.5,1,8,1.1
2024-03-26T12:24:02Z,26.362982,-76.987010,0.07,291.3,1,8,1.1
2024-03-26T12:24:12Z,26.362987,-76.987010,0.03,44.3,1,8,1.1
2024-03-26T12:24:17Z,26.362987,-76.987008,0.12,312.9,1,7,1.9
2024-03-26T12:24:22Z,26.362983,-76.987020,0.18,267.4,1,8,1.1
2024-03-26T12:24:27Z,26.362982,-76.987022,0.21,7.3,1,8,1.1
2024-03-26T12:24:32Z,26.362987,-76.987027,0.15,150.1,1,8,1.1
2024-03-26T12:24:37Z,26.362993,-76.987022,0.38,357.3,1,8,1.1
2024-03-26T12:24:42Z,26.363000,-76.987020,0.19,281.0,1,8,1.1
2024-03-26T12:24:47Z,26.363005,-76.987013,0.29,31.2,1,8,1.1
2024-03-26T12:24:52Z,26.363010,-76.987008,0.28,3.1,1,8,1.1
2024-03-26T12:24:57Z,26.363022,-76.987008,0.26,122.7,1,8,1.1
2024-03-26T12:25:07Z,26.363018,-76.987007,0.23,16.1,1,8,1.1
2024-03-26T12:25:12Z,26.363037,-76.987003,0.38,353.7,1,8,1.1
2024-03-26T12:25:17Z,26.363038,-76.987002,0.16,91.3,1,8,1.1
2024-03-26T12:25:22Z,26.363037,-76.987000,0.20,142.9,1,8,1.1
2024-03-26T12:25:32Z,26.363032,-76.987003,0.29,73.5,1,8,1.1
2024-03-26T12:25:37Z,26.363032,-76.987005,0.13,313.8,1,8,1.1
2024-03-26T12:25:42Z,26.363030,-76.987003,0.03,285.1,1,8,1.1
2024-03-26T12:25:47Z,26.363030,-76.987005,0.02,149.3,1,8,1.1
2024-03-26T12:25:57Z,26.363027,-76.986997,0.16,66.3,1,8,1.1
2024-03-26T12:26:02Z,26.363022,-76.986993,0.28,120.7,1,8,1.1
2024-03-26T12:26:07Z,26.363020,-76.986997,0.17,207.6,1,8,1.1
2024-03-26T12:26:12Z,26.363017,-76.986997,0.36,166.8,1,8,1.1
2024-03-26T12:26:22Z,26.363013,-76.987002,0.29,281.2,1,8,1.1
2024-03-26T12:26:27Z,26.363010,-76.986997,0.04,79.1,1,8,1.1
2024-03-26T12:26:32Z,26.363005,-76.986988,0.08,113.4,1,8,1.1
2024-03-26T12:26:37Z,26.363003,-76.986987,0.04,196.9,1,8,1.1
2024-03-26T12:26:47Z,26.363013,-76.987002,0.06,331.3,1,8,1.1
2024-03-26T12:26:52Z,26.363017,-76.987008,0.26,303.9,1,8,1.1
2024-03-26T12:26:57Z,26.363020,-76.987012,0.12,307.3,1,8,1.1
2024-03-26T12:27:02Z,26.363023,-76.987018,0.27,294.2,1,8,1.1
2024-03-26T12:27:12Z,26.363027,-76.987023,0.07,57.1,1,8,1.1
2024-03-26T12:27:17Z,26.363027,-76.987025,0.08,335.9,1,8,1.1
2024-03-26T12:27:22Z,26.363030,-76.987025,0.23,90.5,1,8,1.1
2024-03-26T12:27:27Z,26.363030,-76.987023,0.11,252.8,1,8,1.1
2024-03-26T12:27:37Z,26.363037,-76.987013,0.07,166.3,1,8,1.1
2024-03-26T12:27:42Z,26.363043,-76.987012,0.04,335.9,1,8,1.1
2024-03-26T12:27:47Z,26.363045,-76.987008,0.25,47.9,1,8,1.1
2024-03-26T12:27:52Z,26.363052,-76.987007,0.32,58.1,1,9,1.0
2024-03-26T12:28:02Z,26.363043,-76.987003,0.27,147.7,1,9,1.0
2024-03-26T12:28:07Z,26.363037,-76.987000,0.18,204.8,1,9,1.0
2024-03-26T12:28:12Z,26.363032,-76.987002,0.25,164.6,1,8,1.2
2024-03-26T12:28:17Z,26.363027,-76.986995,0.19,162.4,1,7,1.6
2024-03-26T12:28:22Z,26.363020,-76.986998,0.14,202.5,1,8,1.2
2024-03-26T12:28:27Z,26.363018,-76.987000,0.05,284.3,1,8,1.2
2024-03-26T12:28:32Z,26.363015,-76.987008,0.05,218.2,1,8,1.2
2024-03-26T12:28:37Z,26.363013,-76.987015,0.14,9.8,1,8,1.2
2024-03-26T12:28:42Z,26.363018,-76.987020,0.22,303.9,1,8,1.2
2024-03-26T12:28:47Z,26.363023,-76.987025,0.03,319.4,1,8,1.2
2024-03-26T12:28:52Z,26.363023,-76.987015,0.20,224.0,1,8,1.2
2024-03-26T12:28:57Z,26.363022,-76.987005,0.11,347.9,1,8,1.2
2024-03-26T12:29:02Z,26.363025,-76.987005,0.17,11.9,1,8,1.2
2024-03-26T12:29:07Z,26.363027,-76.987005,0.22,339.0,1,8,1.2
2024-03-26T12:29:12Z,26.363027,-76.987007,0.06,129.4,1,8,1.2
2024-03-26T12:29:22Z,26.363028,-76.987002,0.11,57.0,1,8,1.2
2024-03-26T12:29:27Z,26.363028,-76.987003,0.13,356.2,1,8,1.2
2024-03-26T12:29:32Z,26.363027,-76.987002,0.17,114.4,1,8,1.2
2024-03-26T12:29:37Z,26.363030,-76.987000,0.03,18.0,1,8,1.2
2024-03-26T12:29:47Z,26.363032,-76.986988,0.10,60.1,1,8,1.2
2024-03-26T12:29:52Z,26.363032,-76.986985,0.14,108.1,1,8,1.2
2024-03-26T12:29:57Z,26.363033,-76.986982,0.20,110.9,1,8,1.2
2024-03-26T12:30:02Z,26.363033,-76.986977,0.30,72.4,1,8,1.2
2024-03-26T12:30:12Z,26.363032,-76.986970,0.36,45.3,1,8,1.2
2024-03-26T12:30:17Z,26.363033,-76.986967,0.24,238.2,1,8,1.2
2024-03-26T12:30:22Z,26.363030,-76.986972,0.13,219.0,1,8,1.2
2024-03-26T12:30:27Z,26.363025,-76.986983,0.44,279.7,1,8,1.2
2024-03-26T12:30:32Z,26.363022,-76.986992,0.08,233.7,1,8,1.2
2024-03-26T12:30:37Z,26.363018,-76.986998,0.10,265.6,1,8,1.2
2024-03-26T12:30:42Z,26.363018,-76.987005,0.40,314.5,1,8,1.2
2024-03-26T12:30:47Z,26.363018,-76.987008,0.04,101.7,1,8,1.2
2024-03-26T12:30:52Z,26.363023,-76.987022,0.22,292.8,1,8,1.2
2024-03-26T12:31:02Z,26.363023,-76.987015,0.07,309.0,1,8,1.2
2024-03-26T12:31:07Z,26.363027,-76.987018,0.13,354.1,1,8,1.2
2024-03-26T12:31:12Z,26.363030,-76.987013,0.06,209.1,1,8,1.2
2024-03-26T12:31:17Z,26.363038,-76.987003,0.14,127.7,1,8,1.2
2024-03-26T12:31:27Z,26.363035,-76.986993,0.20,109.6,1,9,1.0
2024-03-26T12:31:32Z,26.363030,-76.986992,0.05,79.8,1,9,1.0
2024-03-26T12:31:37Z,26.363027,-76.986993,0.16,164.6,1,7,1.9
2024-03-26T12:31:42Z,26.363020,-76.986990,0.31,108.4,1,8,1.2
2024-03-26T12:31:52Z,26.363015,-76.986997,0.03,65.8,1,8,1.2
2024-03-26T12:31:57Z,26.363018,-76.987003,0.35,353.8,1,8,1.2
2024-03-26T12:32:02Z,26.363022,-76.987013,0.17,123.6,1,8,1.2
2024-03-26T12:32:07Z,26.363017,-76.987003,0.18,270.5,1,9,1.0
2024-03-26T12:32:17Z,26.363012,-76.986997,0.03,313.4,1,9,1.0
2024-03-26T12:32:22Z,26.363012,-76.987007,0.35,300.8,1,8,1.2
2024-03-26T12:32:27Z,26.363013,-76.987010,0.22,242.7,1,8,1.2
2024-03-26T12:32:32Z,26.363018,-76.987018,0.54,279.3,1,8,1.2
2024-03-26T12:32:37Z,26.363023,-76.987025,0.33,303.3,1,8,1.2
2024-03-26T12:32:42Z,26.363015,-76.987020,0.16,86.0,1,8,1.2
2024-03-26T12:32:47Z,26.363013,-76.987015,0.06,223.3,1,8,1.2
2024-03-26T12:32:52Z,26.363007,-76.987012,0.24,60.8,1,8,1.2
2024-03-26T12:32:57Z,26.363010,-76.986995,0.37,118.6,1,8,1.2
2024-03-26T12:33:02Z,26.363017,-76.986998,0.18,49.0,1,8,1.2
2024-03-26T12:33:07Z,26.363033,-76.986983,0.80,57.3,1,8,1.2
2024-03-26T12:33:12Z,26.363032,-76.986980,0.16,213.4,1,8,1.2
2024-03-26T12:33:17Z,26.363020,-76.986985,0.20,156.0,1,8,1.2
2024-03-26T12:33:22Z,26.363013,-76.986983,0.21,136.2,1,9,1.0
2024-03-26T12:33:27Z,26.363017,-76.986980,0.46,39.8,1,9,1.0
2024-03-26T12:33:37Z,26.363023,-76.986983,0.09,131.4,1,8,1.2
2024-03-26T12:33:42Z,26.363015,-76.986998,0.66,267.1,1,8,1.2
2024-03-26T12:33:47Z,26.363013,-76.986993,0.19,297.0,1,8,1.2
2024-03-26T12:33:52Z,26.363018,-76.986988,0.30,154.0,1,8,1.1
2024-03-26T12:34:02Z,26.363007,-76.986995,0.54,183.2,1,9,1.0
2024-03-26T12:34:07Z,26.362998,-76.987000,0.19,213.1,1,9,1.0
2024-03-26T12:34:12Z,26.362998,-76.987005,0.12,162.1,1,9,1.0
2024-03-26T12:34:17Z,26.362998,-76.987003,0.18,351.3,1,9,1.0
2024-03-26T12:34:22Z,26.362987,-76.987013,0.15,286.3,1,9,1.0
2024-03-26T12:34:32Z,26.362982,-76.987002,0.04,183.8,1,9,1.0
2024-03-26T12:34:37Z,26.362977,-76.987007,0.38,162.9,1,9,1.0
2024-03-26T12:34:42Z,26.362977,-76.987005,0.12,65.2,1,8,1.2
2024-03-26T12:34:47Z,26.362980,-76.987010,0.63,269.6,1,8,1.2
2024-03-26T12:34:52Z,26.362975,-76.987013,0.29,257.2,1,8,1.2
2024-03-26T12:34:57Z,26.362968,-76.987022,0.38,154.1,1,8,1.2
2024-03-26T12:35:02Z,26.362965,-76.987020,0.03,191.1,1,8,1.2
2024-03-26T12:35:07Z,26.362967,-76.987018,0.09,180.1,1,8,1.2
2024-03-26T12:35:12Z,26.362967,-76.987017,0.11,5.7,1,8,1.2
2024-03-26T12:35:17Z,26.362968,-76.987005,0.15,143.5,1,8,1.2
2024-03-26T12:35:27Z,26.362975,-76.986997,0.15,280.3,1,9,1.0
2024-03-26T12:35:32Z,26.362968,-76.986983,0.16,37.6,1,9,1.0
2024-03-26T12:35:37Z,26.362975,-76.986970,0.19,316.7,1,9,1.0
2024-03-26T12:35:42Z,26.362980,-76.986967,0.15,68.3,1,8,1.2
2024-03-26T12:35:47Z,26.362987,-76.986975,0.45,333.9,1,8,1.2
2024-03-26T12:35:52Z,26.362990,-76.986990,0.13,225.0,1,9,1.0
2024-03-26T12:35:57Z,26.362990,-76.987010,0.35,241.8,1,8,1.2
2024-03-26T12:36:02Z,26.362995,-76.987010,0.40,44.9,1,8,1.0
2024-03-26T12:36:07Z,26.362998,-76.987015,0.06,353.4,1,9,1.0
2024-03-26T12:36:12Z,26.363000,-76.987008,0.23,100.3,1,9,1.0
2024-03-26T12:36:22Z,26.363008,-76.987015,0.14,11.6,1,9,1.0
2024-03-26T12:36:27Z,26.363010,-76.987018,0.22,300.4,1,9,1.0
2024-03-26T12:36:32Z,26.363012,-76.987020,0.25,97.4,1,9,1.0
2024-03-26T12:36:37Z,26.363012,-76.987017,0.42,62.8,1,9,1.0
2024-03-26T12:36:47Z,26.363012,-76.987015,0.18,186.9,1,9,1.0
2024-03-26T12:36:52Z,26.363015,-76.987010,0.20,91.6,1,9,1.0
2024-03-26T12:36:57Z,26.363017,-76.987005,0.10,277.4,1,9,1.0
2024-03-26T12:37:02Z,26.363012,-76.987000,0.17,90.2,1,9,1.0
2024-03-26T12:37:07Z,26.363005,-76.987000,0.09,306.4,1,9,1.0
2024-03-26T12:37:12Z,26.362995,-76.987000,0.22,136.6,1,8,1.1
2024-03-26T12:37:17Z,26.362993,-76.986995,0.13,87.2,1,8,1.1
2024-03-26T12:37:22Z,26.362992,-76.986993,0.32,87.6,1,8,1.1
2024-03-26T12:37:27Z,26.362990,-76.986990,0.19,112.7,1,8,1.1
2024-03-26T12:37:32Z,26.362987,-76.986992,0.13,275.7,1,8,1.1
2024-03-26T12:37:37Z,26.362985,-76.986988,0.19,92.5,1,8,1.1
2024-03-26T12:37:42Z,26.362982,-76.986987,0.17,109.6,1,8,1.1
2024-03-26T12:37:47Z,26.362983,-76.986985,0.15,55.1,1,8,1.1
2024-03-26T12:37:52Z,26.362983,-76.986987,0.31,340.4,1,7,1.1
2024-03-26T12:37:57Z,26.362987,-76.986993,0.47,295.1,1,8,1.1
2024-03-26T12:38:07Z,26.362993,-76.987023,1.05,271.1,1,8,1.1
2024-03-26T12:38:12Z,26.362995,-76.987028,0.04,346.7,1,7,1.3
2024-03-26T12:38:17Z,26.362988,-76.987012,0.07,283.0,1,7,1.3
2024-03-26T12:38:22Z,26.362992,-76.987012,0.21,87.0,1,7,1.3
2024-03-26T12:38:32Z,26.363000,-76.987005,0.23,292.2,1,7,1.3
2024-03-26T12:38:37Z,26.363003,-76.987007,0.18,353.6,1,8,1.1
2024-03-26T12:38:42Z,26.363005,-76.987002,0.15,50.2,1,8,1.1
2024-03-26T12:38:47Z,26.363007,-76.987002,0.26,335.8,1,8,1.1
2024-03-26T12:38:57Z,26.363010,-76.987000,0.16,106.2,1,8,1.1
2024-03-26T12:39:02Z,26.363002,-76.987000,0.19,355.8,1,8,1.1
2024-03-26T12:39:07Z,26.362998,-76.986998,0.19,109.2,1,8,1.1
2024-03-26T12:39:12Z,26.363007,-76.986995,0.21,196.3,1,8,1.1
2024-03-26T12:39:17Z,26.363002,-76.986993,0.36,39.9,1,8,1.1
2024-03-26T12:39:22Z,26.363003,-76.986990,0.12,109.4,1,7,1.3
2024-03-26T12:39:27Z,26.363007,-76.986988,0.22,61.8,1,7,1.3
2024-03-26T12:39:32Z,26.363010,-76.986987,0.05,339.2,1,8,1.1
2024-03-26T12:39:37Z,26.363010,-76.986982,0.43,102.2,1,8,1.1
2024-03-26T12:39:42Z,26.363012,-76.986980,0.02,324.8,1,8,1.1
2024-03-26T12:39:47Z,26.363015,-76.986985,0.36,275.4,1,8,1.1
2024-03-26T12:39:52Z,26.363018,-76.986983,0.22,299.6,1,7,1.3
2024-03-26T12:39:57Z,26.363015,-76.986988,0.02,72.5,1,7,1.3
2024-03-26T12:40:02Z,26.363017,-76.986993,0.10,190.3,1,7,1.3
2024-03-26T12:40:07Z,26.363017,-76.986997,0.14,324.1,1,7,1.3
2024-03-26T12:40:17Z,26.363020,-76.987003,0.15,291.9,1,7,1.3
2024-03-26T12:40:22Z,26.363020,-76.987005,0.05,95.6,1,7,1.3
2024-03-26T12:40:27Z,26.363022,-76.987008,0.18,310.8,1,7,1.3
2024-03-26T12:40:32Z,26.363022,-76.987007,0.28,105.3,1,7,1.3
2024-03-26T12:40:42Z,26.363012,-76.987003,0.26,245.8,1,7,1.3
2024-03-26T12:40:47Z,26.363012,-76.987003,0.43,87.3,1,7,1.3
2024-03-26T12:40:52Z,26.363013,-76.987000,0.25,74.4,1,7,1.3
2024-03-26T12:40:57Z,26.363010,-76.986995,0.20,47.4,1,7,1.3
2024-03-26T12:41:02Z,26.363012,-76.986995,0.18,102.8,1,7,1.3
2024-03-26T12:41:07Z,26.363012,-76.987002,0.37,304.8,1,7,1.3
2024-03-26T12:41:12Z,26.363013,-76.987008,0.04,96.3,1,7,1.3
2024-03-26T12:41:17Z,26.363015,-76.987012,0.03,8.8,1,8,1.1
2024-03-26T12:41:22Z,26.363015,-76.987013,0.18,167.5,1,8,1.1
2024-03-26T12:41:27Z,26.363013,-76.987010,0.07,158.8,1,7,1.3
2024-03-26T12:41:37Z,26.363012,-76.986997,0.15,331.9,1,7,1.3
2024-03-26T12:41:42Z,26.363017,-76.987003,0.22,295.5,1,7,1.3
2024-03-26T12:41:47Z,26.363017,-76.987015,0.23,264.4,1,8,1.1
2024-03-26T12:41:52Z,26.363015,-76.987013,0.35,146.8,1,8,1.1
2024-03-26T12:41:57Z,26.363025,-76.986997,0.47,4.4,1,8,1.1
2024-03-26T12:42:07Z,26.363022,-76.987010,0.15,264.1,1,8,1.1
2024-03-26T12:42:12Z,26.363018,-76.987010,0.17,121.5,1,8,1.1
2024-03-26T12:42:17Z,26.363017,-76.987007,0.20,308.7,1,7,1.3
2024-03-26T12:42:22Z,26.363013,-76.987005,0.17,173.1,1,7,1.3
2024-03-26T12:42:27Z,26.363013,-76.987008,0.38,302.8,1,8,1.1
2024-03-26T12:42:37Z,26.363033,-76.987010,0.17,270.8,1,8,1.1
2024-03-26T12:42:42Z,26.363043,-76.987000,0.66,328.4,1,8,1.1
2024-03-26T12:42:47Z,26.363045,-76.986997,0.47,26.8,1,8,1.1
2024-03-26T12:42:52Z,26.363035,-76.986997,0.23,210.3,1,8,1.1
2024-03-26T12:42:57Z,26.363028,-76.986990,0.32,108.3,1,8,1.1
2024-03-26T12:43:07Z,26.363028,-76.986977,0.15,172.9,1,7,1.3
2024-03-26T12:43:12Z,26.363028,-76.986980,0.31,16.1,1,8,1.2
2024-03-26T12:43:17Z,26.363022,-76.986985,0.26,256.1,1,8,1.2
2024-03-26T12:43:22Z,26.363022,-76.986988,0.19,217.1,1,8,1.2
2024-03-26T12:43:27Z,26.363030,-76.986990,0.07,338.5,1,8,1.2
2024-03-26T12:43:37Z,26.363030,-76.987005,0.11,267.8,1,8,1.2
2024-03-26T12:43:42Z,26.363027,-76.987010,0.14,351.2,1,8,1.2
2024-03-26T12:43:47Z,26.363025,-76.987003,0.25,167.5,1,8,1.2
2024-03-26T12:43:52Z,26.363018,-76.986995,0.13,190.6,1,8,1.2
2024-03-26T12:43:57Z,26.363015,-76.986995,0.27,155.9,1,8,1.2
2024-03-26T12:44:07Z,26.363012,-76.986992,0.15,45.6,1,8,1.2
2024-03-26T12:44:12Z,26.363020,-76.986987,0.42,356.0,1,8,1.2
2024-03-26T12:44:17Z,26.363025,-76.986988,0.11,318.2,1,8,1.2
2024-03-26T12:44:22Z,26.363032,-76.986988,0.20,64.3,1,8,1.2
2024-03-26T12:44:27Z,26.363033,-76.986988,0.14,158.3,1,7,1.4
2024-03-26T12:44:32Z,26.363033,-76.986990,0.16,184.6,1,7,1.4
2024-03-26T12:44:42Z,26.363028,-76.986992,0.06,173.7,1,8,1.2
2024-03-26T12:44:47Z,26.363027,-76.986998,0.16,300.9,1,8,1.2
2024-03-26T12:44:52Z,26.363025,-76.987002,0.13,182.6,1,8,1.2
2024-03-26T12:44:57Z,26.363020,-76.987000,0.21,157.6,1,8,1.2
2024-03-26T12:45:02Z,26.363018,-76.987002,0.29,306.2,1,8,1.2
2024-03-26T12:45:12Z,26.363017,-76.987003,0.40,138.9,1,8,1.2
2024-03-26T12:45:17Z,26.363020,-76.987002,0.32,77.6,1,8,1.2
2024-03-26T12:45:22Z,26.363007,-76.987003,0.32,157.3,1,8,1.2
2024-03-26T12:45:27Z,26.363002,-76.987013,0.29,215.9,1,8,1.2
2024-03-26T12:45:32Z,26.362990,-76.987013,0.34,189.6,1,7,1.2
2024-03-26T12:45:42Z,26.362975,-76.987007,0.24,184.4,1,8,1.2
2024-03-26T12:45:47Z,26.362970,-76.986997,0.64,143.1,1,8,1.2
2024-03-26T12:45:52Z,26.362975,-76.986998,0.20,320.8,1,8,1.2
2024-03-26T12:45:57Z,26.362978,-76.987000,0.09,144.5,1,8,1.2
2024-03-26T12:46:02Z,26.362982,-76.987003,0.19,319.7,1,8,1.2
2024-03-26T12:46:07Z,26.362985,-76.987003,0.23,312.8,1,8,1.2
2024-03-26T12:46:12Z,26.362987,-76.987012,0.26,323.2,1,8,1.2
2024-03-26T12:46:17Z,26.362987,-76.987013,0.16,19.9,1,8,1.2
2024-03-26T12:46:22Z,26.362997,-76.987017,0.20,340.8,1,8,1.2
2024-03-26T12:46:27Z,26.363003,-76.987022,0.13,70.2,1,8,1.2
2024-03-26T12:46:32Z,26.363007,-76.987015,0.18,79.2,1,8,1.2
2024-03-26T12:46:37Z,26.363012,-76.987020,0.16,344.7,1,8,1.2
2024-03-26T12:46:42Z,26.363022,-76.987023,0.12,28.3,1,8,1.2
2024-03-26T12:46:47Z,26.363027,-76.987027,0.18,19.7,1,8,1.2
2024-03-26T12:46:52Z,26.363025,-76.987023,0.13,93.4,1,8,1.2
2024-03-26T12:46:57Z,26.363018,-76.987018,0.26,136.3,1,8,1.2
2024-03-26T12:47:02Z,26.363015,-76.987013,0.24,129.0,1,8,1.2
2024-03-26T12:47:07Z,26.363023,-76.987013,0.23,91.3,1,8,1.2
2024-03-26T12:47:12Z,26.363032,-76.987010,0.24,59.2,1,8,1.2
2024-03-26T12:47:17Z,26.363027,-76.987007,0.09,173.8,1,8,1.2
2024-03-26T12:47:22Z,26.363027,-76.987003,0.09,230.2,1,8,1.2
2024-03-26T12:47:27Z,26.363020,-76.987007,0.01,185.9,1,8,1.2
2024-03-26T12:47:32Z,26.363020,-76.987005,0.11,149.4,1,8,1.2
2024-03-26T12:47:42Z,26.363020,-76.987002,0.26,85.2,1,8,1.2
2024-03-26T12:47:47Z,26.363022,-76.987002,0.08,103.1,1,8,1.2
2024-03-26T12:47:52Z,26.363018,-76.986998,0.13,79.6,1,8,1.2
2024-03-26T12:47:57Z,26.363017,-76.987002,0.11,50.2,1,8,1.2
2024-03-26T12:48:02Z,26.363018,-76.987002,0.19,29.7,1,8,1.2
2024-03-26T12:48:12Z,26.363047,-76.987012,0.44,29.1,1,8,1.2
2024-03-26T12:48:17Z,26.363037,-76.987013,0.18,341.6,1,8,1.2
2024-03-26T12:48:22Z,26.363045,-76.987013,0.44,42.0,1,9,0.9
2024-03-26T12:48:27Z,26.363048,-76.987022,0.46,319.5,1,9,0.9
2024-03-26T12:48:32Z,26.363053,-76.987025,0.41,330.6,1,9,0.9
2024-03-26T12:48:42Z,26.363058,-76.987027,0.29,298.8,1,9,0.9
2024-03-26T12:48:47Z,26.363058,-76.987027,0.12,294.6,1,9,0.9
2024-03-26T12:48:52Z,26.363058,-76.987023,0.10,325.3,1,9,0.9
2024-03-26T12:48:57Z,26.363060,-76.987017,0.19,118.9,1,9,0.9
2024-03-26T12:49:02Z,26.363062,-76.987013,0.29,87.1,1,9,0.9
2024-03-26T12:49:12Z,26.363065,-76.987002,0.60,58.5,1,9,0.9
2024-03-26T12:49:17Z,26.363078,-76.987000,0.29,346.5,1,9,0.9
2024-03-26T12:49:22Z,26.363085,-76.987002,0.24,112.0,1,9,0.9
2024-03-26T12:49:27Z,26.363085,-76.986995,0.21,90.6,1,9,0.9
2024-03-26T12:49:32Z,26.363090,-76.986997,0.18,358.6,1,9,0.9
2024-03-26T12:49:37Z,26.363092,-76.986995,0.34,38.3,1,9,0.9
2024-03-26T12:49:42Z,26.363093,-76.986988,0.22,104.1,1,9,0.9
2024-03-26T12:49:47Z,26.363092,-76.986985,0.23,341.6,1,9,0.9
2024-03-26T12:49:52Z,26.363088,-76.986985,0.11,4.5,1,8,1.2
2024-03-26T12:49:57Z,26.363082,-76.986980,0.45,140.2,1,9,0.9
2024-03-26T12:50:02Z,26.363072,-76.986968,0.77,123.3,1,9,0.9
2024-03-26T12:50:12Z,26.363063,-76.986963,0.26,121.7,1,9,0.9
2024-03-26T12:50:17Z,26.363067,-76.986968,0.10,143.7,1,8,1.0
2024-03-26T12:50:22Z,26.363067,-76.986973,0.21,190.0,1,9,0.9
2024-03-26T12:50:27Z,26.363065,-76.986977,0.41,139.0,1,9,0.9
2024-03-26T12:50:32Z,26.363063,-76.986977,0.25,302.9,1,9,0.9
2024-03-26T12:50:37Z,26.363067,-76.986983,0.18,144.0,1,9,0.9
2024-03-26T12:50:42Z,26.363060,-76.986980,0.21,229.8,1,9,0.9
2024-03-26T12:50:47Z,26.363057,-76.986980,0.11,177.6,1,9,0.9
2024-03-26T12:50:52Z,26.363052,-76.986980,0.23,168.4,1,9,0.9
2024-03-26T12:50:57Z,26.363052,-76.986983,0.15,121.9,1,8,1.0
2024-03-26T12:51:02Z,26.363048,-76.986980,0.16,292.8,1,8,1.0
2024-03-26T12:51:12Z,26.363052,-76.986985,0.03,265.9,1,9,0.9
2024-03-26T12:51:17Z,26.363052,-76.986987,0.06,214.9,1,9,0.9
2024-03-26T12:51:22Z,26.363052,-76.986987,0.24,115.9,1,8,1.0
2024-03-26T12:51:27Z,26.363052,-76.986990,0.35,312.5,1,9,0.9
2024-03-26T12:51:32Z,26.363053,-76.986992,0.22,314.2,1,9,0.9
2024-03-26T12:51:42Z,26.363043,-76.986980,0.25,121.1,1,9,0.9
2024-03-26T12:51:47Z,26.363048,-76.986983,0.50,338.4,1,9,0.9
2024-03-26T12:51:52Z,26.363058,-76.986987,0.06,28.5,1,9,0.9
2024-03-26T12:51:57Z,26.363063,-76.986983,0.20,329.3,1,8,1.0
2024-03-26T12:52:02Z,26.363058,-76.986978,0.28,136.5,1,9,0.9
2024-03-26T12:52:07Z,26.363058,-76.986980,0.09,12.3,1,9,0.9
2024-03-26T12:52:12Z,26.363068,-76.986978,0.24,297.2,1,9,0.9
2024-03-26T12:52:17Z,26.363073,-76.986980,0.06,116.8,1,9,0.9
2024-03-26T12:52:22Z,26.363082,-76.986987,0.10,316.8,1,9,0.9
2024-03-26T12:52:27Z,26.363078,-76.986987,0.16,315.9,1,9,0.9
2024-03-26T12:52:32Z,26.363077,-76.986987,0.16,356.8,1,8,1.0
2024-03-26T12:52:42Z,26.363065,-76.986983,0.31,139.1,1,9,0.9
2024-03-26T12:52:47Z,26.363062,-76.986982,0.38,334.6,1,9,0.9
2024-03-26T12:52:52Z,26.363062,-76.986980,0.51,130.0,1,9,0.9
2024-03-26T12:52:57Z,26.363048,-76.986972,0.06,135.7,1,9,0.9
2024-03-26T12:53:02Z,26.363050,-76.986973,0.09,162.1,1,9,0.9
2024-03-26T12:53:12Z,26.363040,-76.986968,0.08,249.8,1,8,1.1
2024-03-26T12:53:17Z,26.363035,-76.986967,0.10,256.2,1,8,1.1
2024-03-26T12:53:22Z,26.363033,-76.986968,0.06,169.0,1,8,1.1
2024-03-26T12:53:27Z,26.363033,-76.986970,0.22,295.2,1,8,1.1
2024-03-26T12:53:32Z,26.363032,-76.986972,0.09,339.9,1,8,1.1
2024-03-26T12:53:42Z,26.363032,-76.986973,0.26,142.2,1,9,0.9
2024-03-26T12:53:47Z,26.363035,-76.986975,0.29,131.3,1,9,0.9
2024-03-26T12:53:52Z,26.363035,-76.986975,0.61,305.6,1,9,0.9
2024-03-26T12:53:57Z,26.363038,-76.986977,0.33,335.1,1,9,0.9
2024-03-26T12:54:02Z,26.363033,-76.986975,0.29,298.2,1,9,0.9
2024-03-26T12:54:07Z,26.363032,-76.986973,0.09,312.9,1,9,0.9
2024-03-26T12:54:17Z,26.363042,-76.986972,0.23,327.2,1,9,0.9
2024-03-26T12:54:22Z,26.363052,-76.986985,0.03,87.2,1,9,0.9
2024-03-26T12:54:27Z,26.363060,-76.986995,0.21,303.4,1,9,0.9
2024-03-26T12:54:32Z,26.363063,-76.986997,0.25,90.2,1,9,0.9
2024-03-26T12:54:37Z,26.363062,-76.986995,0.15,109.9,1,9,0.9
2024-03-26T12:54:42Z,26.363063,-76.986995,0.09,355.4,1,9,0.9
2024-03-26T12:54:52Z,26.363057,-76.986988,0.14,121.0,1,9,0.9
2024-03-26T12:54:57Z,26.363058,-76.986987,0.43,318.9,1,9,0.9
2024-03-26T12:55:02Z,26.363053,-76.986982,0.24,142.3,1,8,1.1
2024-03-26T12:55:07Z,26.363045,-76.986978,0.13,105.1,1,8,1.1
2024-03-26T12:55:12Z,26.363037,-76.986977,0.13,330.2,1,9,0.9
2024-03-26T12:55:17Z,26.363038,-76.986977,0.12,255.2,1,9,0.9
2024-03-26T12:55:22Z,26.363038,-76.986978,0.10,174.9,1,8,1.1
2024-03-26T12:55:27Z,26.363033,-76.986973,0.26,299.3,1,8,1.1
2024-03-26T12:55:32Z,26.363032,-76.986973,0.24,144.8,1,9,0.9
2024-03-26T12:55:37Z,26.363033,-76.986972,0.42,156.4,1,9,0.9
2024-03-26T12:55:42Z,26.363030,-76.986970,0.15,90.3,1,9,0.9
2024-03-26T12:55:47Z,26.363032,-76.986968,0.18,145.4,1,9,0.9
2024-03-26T12:55:57Z,26.363040,-76.986968,0.06,57.6,1,8,1.1
2024-03-26T12:56:02Z,26.363038,-76.986967,0.07,111.9,1,8,1.1
2024-03-26T12:56:07Z,26.363033,-76.986962,0.04,262.1,1,8,1.1
2024-03-26T12:56:12Z,26.363037,-76.986965,0.25,286.6,1,8,1.1
2024-03-26T12:56:17Z,26.363037,-76.986962,0.03,258.3,1,9,0.9
2024-03-26T12:56:22Z,26.363038,-76.986957,0.25,344.4,1,9,0.9
2024-03-26T12:56:27Z,26.363053,-76.986967,0.30,325.0,1,9,0.9
2024-03-26T12:56:32Z,26.363060,-76.986967,0.14,81.7,1,9,0.9
2024-03-26T12:56:37Z,26.363063,-76.986963,0.07,14.7,1,9,0.9
2024-03-26T12:56:42Z,26.363062,-76.986960,0.28,348.8,1,9,0.9
2024-03-26T12:56:47Z,26.363063,-76.986957,0.21,95.2,1,9,0.9
2024-03-26T12:56:57Z,26.363063,-76.986955,0.18,133.4,1,9,0.9
2024-03-26T12:57:02Z,26.363063,-76.986957,0.11,67.0,1,9,0.9
2024-03-26T12:57:07Z,26.363062,-76.986955,0.31,127.8,1,9,0.9
2024-03-26T12:57:12Z,26.363060,-76.986953,0.33,140.1,1,9,0.9
2024-03-26T12:57:22Z,26.363062,-76.986955,0.22,168.3,1,9,0.9
2024-03-26T12:57:27Z,26.363067,-76.986952,0.13,72.2,1,9,0.9
2024-03-26T12:57:32Z,26.363067,-76.986943,0.55,128.4,1,9,0.9
2024-03-26T12:57:37Z,26.363060,-76.986932,0.18,165.9,1,9,0.9
2024-03-26T12:57:42Z,26.363067,-76.986937,0.16,83.6,1,9,0.9
2024-03-26T12:57:47Z,26.363070,-76.986938,0.28,126.2,1,9,0.9
2024-03-26T12:57:52Z,26.363077,-76.986948,0.20,250.9,1,9,0.9
2024-03-26T12:57:57Z,26.363077,-76.986957,0.37,275.9,1,9,0.9
2024-03-26T12:58:02Z,26.363077,-76.986967,0.14,205.8,1,9,0.9
2024-03-26T12:58:07Z,26.363077,-76.986968,0.15,258.8,1,9,0.9
2024-03-26T12:58:12Z,26.363077,-76.986972,0.36,258.2,1,9,0.9
2024-03-26T12:58:17Z,26.363077,-76.986972,0.22,114.7,1,9,0.9
2024-03-26T12:58:22Z,26.363080,-76.986977,0.14,21.1,1,9,0.9
2024-03-26T12:58:27Z,26.363083,-76.986977,0.13,278.3,1,9,0.9
2024-03-26T12:58:32Z,26.363080,-76.986975,0.36,127.8,1,9,0.9
2024-03-26T12:58:37Z,26.363070,-76.986958,0.43,144.6,1,9,0.9
2024-03-26T12:58:42Z,26.363062,-76.986953,0.09,248.7,1,9,0.9
2024-03-26T12:58:47Z,26.363062,-76.986957,0.22,301.1,1,9,0.9
2024-03-26T12:58:52Z,26.363068,-76.986962,0.44,298.4,1,9,0.9
2024-03-26T12:58:57Z,26.363068,-76.986967,0.35,257.5,1,9,0.9
2024-03-26T12:59:02Z,26.363070,-76.986972,0.23,155.2,1,9,0.9
2024-03-26T12:59:12Z,26.363058,-76.986967,0.19,84.9,1,8,1.0
2024-03-26T12:59:17Z,26.363060,-76.986963,0.16,320.4,1,9,0.9
2024-03-26T12:59:22Z,26.363062,-76.986967,0.17,322.3,1,9,0.9
2024-03-26T12:59:27Z,26.363063,-76.986972,0.12,291.1,1,9,0.9
2024-03-26T12:59:32Z,26.363058,-76.986967,0.25,174.0,1,9,0.9
2024-03-26T12:59:37Z,26.363057,-76.986973,0.34,296.9,1,9,0.9
2024-03-26T12:59:42Z,26.363052,-76.986975,0.13,172.6,1,8,1.1
2024-03-26T12:59:47Z,26.363053,-76.986977,0.11,154.6,1,8,1.1
2024-03-26T12:59:52Z,26.363058,-76.986983,0.13,259.3,1,8,1.1
2024-03-26T12:59:57Z,26.363058,-76.986987,0.08,246.4,1,8,1.1
2024-03-26T13:00:07Z,26.363053,-76.986982,0.15,321.6,1,9,0.9
2024-03-26T13:00:12Z,26.363052,-76.986982,0.21,320.6,1,9,0.9
2024-03-26T13:00:17Z,26.363052,-76.986978,0.29,116.5,1,9,0.9
2024-03-26T13:00:22Z,26.363043,-76.986965,0.17,119.7,1,9,0.9
2024-03-26T13:00:32Z,26.363028,-76.986950,0.18,134.0,1,9,0.9
2024-03-26T13:00:37Z,26.363027,-76.986948,0.13,244.9,1,9,0.9
2024-03-26T13:00:42Z,26.363038,-76.986962,0.59,311.9,1,9,0.9
2024-03-26T13:00:47Z,26.363043,-76.986968,0.15,320.5,1,9,0.9
2024-03-26T13:00:57Z,26.363033,-76.986962,0.26,143.0,1,9,0.9
2024-03-26T13:01:02Z,26.363032,-76.986963,0.69,126.3,1,8,1.1
2024-03-26T13:01:07Z,26.363033,-76.986965,0.20,316.2,1,8,1.1
2024-03-26T13:01:12Z,26.363035,-76.986967,0.13,96.0,1,9,1.0
2024-03-26T13:01:17Z,26.363042,-76.986973,0.32,330.8,1,9,1.0
2024-03-26T13:01:22Z,26.363050,-76.986980,0.10,57.9,1,10,0.8
2024-03-26T13:01:27Z,26.363055,-76.986982,0.38,316.8,1,10,0.8
2024-03-26T13:01:32Z,26.363060,-76.986985,0.22,346.9,1,10,0.8
2024-03-26T13:01:37Z,26.363062,-76.986983,0.45,103.2,1,10,0.8
2024-03-26T13:01:42Z,26.363060,-76.986975,0.07,94.7,1,10,0.8
2024-03-26T13:01:47Z,26.363060,-76.986968,0.24,342.4,1,10,0.8
2024-03-26T13:01:52Z,26.363067,-76.986970,0.07,41.5,1,10,0.8
2024-03-26T13:01:57Z,26.363073,-76.986970,0.24,355.1,1,10,0.8
2024-03-26T13:02:02Z,26.363083,-76.986972,0.43,347.6,1,10,0.8
2024-03-26T13:02:07Z,26.363090,-76.986970,0.22,34.6,1,10,0.8
2024-03-26T13:02:12Z,26.363092,-76.986967,0.06,87.8,1,10,0.8
2024-03-26T13:02:22Z,26.363078,-76.986953,0.11,257.9,1,10,0.8
2024-03-26T13:02:27Z,26.363077,-76.986955,0.12,196.3,1,10,0.8
2024-03-26T13:02:32Z,26.363075,-76.986958,0.32,291.4,1,10,0.8
2024-03-26T13:02:37Z,26.363075,-76.986963,0.15,170.5,1,10,0.8
2024-03-26T13:02:42Z,26.363072,-76.986963,0.15,211.5,1,10,0.8
2024-03-26T13:02:52Z,26.363065,-76.986962,0.49,136.3,1,10,0.8
2024-03-26T13:02:57Z,26.363060,-76.986957,0.31,283.8,1,10,0.8
2024-03-26T13:03:02Z,26.363057,-76.986957,0.09,298.6,1,10,0.8
2024-03-26T13:03:07Z,26.363055,-76.986960,0.19,5.3,1,10,0.8
2024-03-26T13:03:17Z,26.363060,-76.986963,0.29,342.4,1,10,0.8
2024-03-26T13:03:22Z,26.363062,-76.986960,0.25,317.9,1,9,1.0
2024-03-26T13:03:27Z,26.363068,-76.986962,0.19,351.2,1,10,0.8
2024-03-26T13:03:32Z,26.363075,-76.986965,0.08,360.0,1,10,0.8
2024-03-26T13:03:37Z,26.363073,-76.986958,0.21,121.5,1,10,0.8
2024-03-26T13:03:47Z,26.363082,-76.986972,0.06,337.9,1,10,0.8
2024-03-26T13:03:52Z,26.363085,-76.986978,0.06,46.6,1,9,1.0
2024-03-26T13:03:57Z,26.363088,-76.986988,0.13,267.6,1,8,1.0
2024-03-26T13:04:02Z,26.363088,-76.986990,0.04,177.7,1,9,1.0
2024-03-26T13:04:12Z,26.363090,-76.986995,0.31,297.3,1,10,0.8
2024-03-26T13:04:17Z,26.363085,-76.986992,0.17,337.5,1,10,0.8
2024-03-26T13:04:22Z,26.363083,-76.986990,0.38,145.5,1,10,0.8
2024-03-26T13:04:27Z,26.363078,-76.986987,0.13,122.6,1,10,0.8
2024-03-26T13:04:32Z,26.363075,-76.986987,0.12,186.1,1,10,0.8
2024-03-26T13:04:37Z,26.363077,-76.986985,0.10,149.2,1,10,0.8
2024-03-26T13:04:42Z,26.363077,-76.986983,0.04,98.0,1,10,0.8
2024-03-26T13:04:47Z,26.363077,-76.986982,0.16,278.8,1,9,1.0
2024-03-26T13:04:52Z,26.363077,-76.986978,0.04,359.0,1,9,1.0
2024-03-26T13:04:57Z,26.363075,-76.986977,0.17,63.9,1,9,1.0
2024-03-26T13:05:07Z,26.363072,-76.986975,0.27,142.7,1,9,1.0
2024-03-26T13:05:12Z,26.363073,-76.986978,0.12,249.2,1,9,1.0
2024-03-26T13:05:17Z,26.363073,-76.986980,0.10,195.3,1,9,1.0
2024-03-26T13:05:22Z,26.363075,-76.986985,0.23,306.0,1,9,1.0
2024-03-26T13:05:27Z,26.363072,-76.986982,0.08,313.3,1,9,1.0
2024-03-26T13:05:37Z,26.363065,-76.986968,0.04,346.1,1,9,1.0
2024-03-26T13:05:42Z,26.363065,-76.986968,0.09,37.0,1,9,1.0
2024-03-26T13:05:47Z,26.363065,-76.986972,0.13,237.6,1,9,1.0
2024-03-26T13:05:52Z,26.363067,-76.986972,0.13,307.2,1,9,1.0
2024-03-26T13:05:57Z,26.363068,-76.986973,0.05,82.5,1,9,1.0
2024-03-26T13:06:07Z,26.363072,-76.986973,0.07,101.7,1,9,1.0
2024-03-26T13:06:12Z,26.363068,-76.986975,0.23,192.4,1,9,1.0
2024-03-26T13:06:17Z,26.363070,-76.986978,0.09,249.6,1,9,1.0
2024-03-26T13:06:22Z,26.363075,-76.986983,0.13,321.6,1,9,1.0
2024-03-26T13:06:27Z,26.363075,-76.986987,0.08,260.5,1,9,1.0
2024-03-26T13:06:37Z,26.363065,-76.986985,0.17,170.9,1,9,1.0
2024-03-26T13:06:42Z,26.363060,-76.986985,0.05,88.6,1,10,0.8
2024-03-26T13:06:47Z,26.363053,-76.986983,0.28,132.2,1,10,0.8
2024-03-26T13:06:52Z,26.363045,-76.986978,0.35,157.2,1,10,0.8
2024-03-26T13:06:57Z,26.363040,-76.986977,0.14,305.6,1,10,0.8
2024-03-26T13:07:02Z,26.363037,-76.986973,0.12,139.4,1,10,0.8
2024-03-26T13:07:07Z,26.363035,-76.986975,0.19,165.8,1,10,0.8
2024-03-26T13:07:12Z,26.363032,-76.986973,0.06,207.1,1,10,0.8
2024-03-26T13:07:17Z,26.363033,-76.986977,0.04,97.4,1,10,0.8
2024-03-26T13:07:22Z,26.363035,-76.986975,0.09,60.1,1,10,0.8
2024-03-26T13:07:27Z,26.363035,-76.986977,0.07,251.8,1,10,0.8
2024-03-26T13:07:37Z,26.363033,-76.986982,0.09,145.3,1,10,0.8
2024-03-26T13:07:42Z,26.363032,-76.986982,0.26,157.9,1,10,0.8
2024-03-26T13:07:47Z,26.363032,-76.986982,0.27,106.4,1,10,0.8
2024-03-26T13:07:52Z,26.363032,-76.986982,0.23,304.4,1,10,0.8
2024-03-26T13:07:57Z,26.363033,-76.986983,0.07,207.1,1,10,0.8
2024-03-26T13:08:02Z,26.363033,-76.986983,0.16,11.9,1,10,0.8
2024-03-26T13:08:12Z,26.363030,-76.986978,0.56,136.8,1,10,0.8
2024-03-26T13:08:17Z,26.363028,-76.986977,0.14,290.5,1,10,0.8
2024-03-26T13:08:22Z,26.363027,-76.986978,0.21,157.6,1,10,0.8
2024-03-26T13:08:27Z,26.363025,-76.986980,0.26,280.3,1,10,0.8
2024-03-26T13:08:32Z,26.363023,-76.986985,0.30,178.4,1,10,0.8
2024-03-26T13:08:37Z,26.363022,-76.986987,0.15,294.6,1,10,0.8
2024-03-26T13:08:47Z,26.363022,-76.986985,0.09,52.5,1,9,0.9
2024-03-26T13:08:52Z,26.363022,-76.986983,0.11,358.4,1,9,0.9
2024-03-26T13:08:57Z,26.363023,-76.986985,0.23,271.7,1,9,0.9
2024-03-26T13:09:02Z,26.363022,-76.986987,0.09,297.9,1,9,0.9
2024-03-26T13:09:07Z,26.363022,-76.986987,0.15,220.5,1,10,0.8
2024-03-26T13:09:17Z,26.363027,-76.987000,0.02,203.1,1,10,0.8
2024-03-26T13:09:22Z,26.363030,-76.987003,0.50,108.7,1,10,0.8
2024-03-26T13:09:27Z,26.363035,-76.987005,0.04,318.1,1,10,0.8
2024-03-26T13:09:32Z,26.363038,-76.987010,0.07,26.3,1,10,0.8
2024-03-26T13:09:37Z,26.363038,-76.987007,0.30,66.6,1,10,0.8
2024-03-26T13:09:42Z,26.363043,-76.987007,0.13,296.4,1,10,0.8
2024-03-26T13:09:52Z,26.363043,-76.987013,0.32,300.7,1,10,0.8
2024-03-26T13:09:57Z,26.363043,-76.987018,0.08,213.6,1,10,0.8
2024-03-26T13:10:02Z,26.363045,-76.987023,0.08,103.8,1,10,0.8
2024-03-26T13:10:07Z,26.363043,-76.987022,0.02,321.7,1,10,0.8
2024-03-26T13:10:12Z,26.363040,-76.987018,0.22,95.6,1,10,0.8
2024-03-26T13:10:22Z,26.363038,-76.987010,0.04,112.6,1,10,0.8
2024-03-26T13:10:27Z,26.363038,-76.987010,0.04,216.4,1,10,0.8
2024-03-26T13:10:32Z,26.363037,-76.987008,0.10,172.6,1,10,0.8
2024-03-26T13:10:37Z,26.363035,-76.987010,0.41,300.9,1,10,0.8
2024-03-26T13:10:42Z,26.363035,-76.987008,0.30,290.8,1,9,0.9
2024-03-26T13:10:47Z,26.363030,-76.987012,0.22,234.2,1,10,0.8
2024-03-26T13:10:57Z,26.363025,-76.987012,0.26,121.3,1,10,0.8
2024-03-26T13:11:02Z,26.363023,-76.987012,0.32,296.8,1,10,0.8
2024-03-26T13:11:07Z,26.363027,-76.987013,0.37,320.1,1,10,0.8
2024-03-26T13:11:12Z,26.363027,-76.987013,0.15,302.7,1,9,0.9
2024-03-26T13:11:17Z,26.363025,-76.987005,0.27,119.4,1,10,0.8
2024-03-26T13:11:27Z,26.363018,-76.987007,0.06,318.7,1,10,0.8
2024-03-26T13:11:32Z,26.363022,-76.987005,0.10,134.3,1,10,0.8
2024-03-26T13:11:37Z,26.363023,-76.987002,0.17,52.8,1,10,0.8
2024-03-26T13:11:42Z,26.363027,-76.987000,0.18,336.2,1,10,0.8
2024-03-26T13:11:47Z,26.363025,-76.987002,0.10,288.8,1,10,0.8
2024-03-26T13:11:52Z,26.363023,-76.987002,0.02,239.7,1,10,0.8
2024-03-26T13:11:57Z,26.363025,-76.987002,0.01,98.7,1,10,0.8
2024-03-26T13:12:02Z,26.363023,-76.987005,0.07,332.8,1,10,0.8
2024-03-26T13:12:07Z,26.363025,-76.987005,0.13,316.9,1,10,0.8
2024-03-26T13:12:12Z,26.363027,-76.987003,0.18,87.8,1,10,0.8
2024-03-26T13:12:17Z,26.363027,-76.987005,0.13,199.6,1,10,0.8
2024-03-26T13:12:22Z,26.363023,-76.987003,0.20,74.4,1,10,0.8
2024-03-26T13:12:27Z,26.363025,-76.987000,0.23,87.0,1,10,0.8
2024-03-26T13:12:32Z,26.363023,-76.987000,0.03,42.8,1,10,0.8
2024-03-26T13:12:37Z,26.363023,-76.987000,0.12,101.4,1,10,0.8
2024-03-26T13:12:42Z,26.363022,-76.987002,0.10,340.2,1,10,0.8
2024-03-26T13:12:47Z,26.363023,-76.987000,0.05,68.7,1,10,0.8
2024-03-26T13:12:52Z,26.363028,-76.987000,0.23,325.1,1,10,0.8
2024-03-26T13:12:57Z,26.363028,-76.986998,0.16,103.4,1,10,0.8
2024-03-26T13:13:02Z,26.363027,-76.986992,0.30,91.9,1,10,0.8
2024-03-26T13:13:07Z,26.363023,-76.986985,0.10,326.1,1,10,0.8
2024-03-26T13:13:12Z,26.363022,-76.986982,0.17,155.0,1,10,0.8
2024-03-26T13:13:17Z,26.363018,-76.986980,0.23,116.8,1,10,0.8
2024-03-26T13:13:22Z,26.363018,-76.986978,0.19,103.4,1,10,0.8
2024-03-26T13:13:27Z,26.363020,-76.986980,0.06,242.0,1,9,0.9
2024-03-26T13:13:32Z,26.363018,-76.986982,0.05,179.4,1,9,1.0
2024-03-26T13:13:37Z,26.363017,-76.986983,0.03,146.4,1,10,0.8
2024-03-26T13:13:42Z,26.363018,-76.986988,0.12,242.6,1,9,1.0
2024-03-26T13:13:47Z,26.363017,-76.986993,0.22,311.6,1,9,1.0
2024-03-26T13:13:52Z,26.363018,-76.986993,0.15,169.2,1,9,1.0
2024-03-26T13:14:02Z,26.363018,-76.987003,0.06,121.3,1,9,1.0
2024-03-26T13:14:07Z,26.363018,-76.987005,0.04,213.5,1,10,0.8
2024-03-26T13:14:12Z,26.363018,-76.987005,0.13,106.5,1,10,0.8
2024-03-26T13:14:17Z,26.363018,-76.987007,0.47,314.9,1,10,0.8
2024-03-26T13:14:22Z,26.363017,-76.987007,0.12,84.0,1,10,0.8
2024-03-26T13:14:27Z,26.363017,-76.987003,0.13,99.7,1,10,0.8
2024-03-26T13:14:37Z,26.363015,-76.987002,0.09,146.2,1,10,0.8
2024-03-26T13:14:42Z,26.363015,-76.987005,0.06,163.2,1,10,0.8
2024-03-26T13:14:47Z,26.363013,-76.987005,0.36,299.7,1,10,0.8
2024-03-26T13:14:52Z,26.363013,-76.987003,0.60,107.6,1,10,0.8
2024-03-26T13:14:57Z,26.363015,-76.986998,0.36,112.5,1,10,0.8
2024-03-26T13:15:07Z,26.363010,-76.986997,0.12,129.9,1,10,0.8
2024-03-26T13:15:12Z,26.363007,-76.987002,0.06,269.0,1,9,1.1
2024-03-26T13:15:17Z,26.363007,-76.987007,0.11,125.3,1,9,1.1
2024-03-26T13:15:22Z,26.363003,-76.987007,0.13,138.3,1,10,0.8
2024-03-26T13:15:27Z,26.363005,-76.987008,0.12,319.6,1,9,1.1
2024-03-26T13:15:32Z,26.363010,-76.987008,0.24,348.2,1,10,0.8
2024-03-26T13:15:37Z,26.363013,-76.987010,0.06,216.4,1,10,0.8
2024-03-26T13:15:42Z,26.363012,-76.987008,0.06,245.0,1,10,0.8
2024-03-26T13:15:47Z,26.363012,-76.987013,0.09,306.9,1,10,0.8
2024-03-26T13:15:52Z,26.363013,-76.987013,0.08,33.6,1,10,0.8
2024-03-26T13:15:57Z,26.363012,-76.987012,0.05,53.1,1,10,0.8
2024-03-26T13:16:02Z,26.363013,-76.987015,0.19,328.4,1,10,0.8
2024-03-26T13:16:07Z,26.363012,-76.987013,0.12,4.5,1,10,0.8
2024-03-26T13:16:12Z,26.363008,-76.987012,0.20,154.8,1,10,0.8
2024-03-26T13:16:17Z,26.363008,-76.987010,0.07,78.1,1,10,0.8
2024-03-26T13:16:22Z,26.363007,-76.987005,0.66,106.8,1,10,0.8
2024-03-26T13:16:27Z,26.363008,-76.987003,0.16,132.4,1,10,0.8
2024-03-26T13:16:32Z,26.363012,-76.987005,0.09,292.3,1,10,0.8
2024-03-26T13:16:37Z,26.363012,-76.987007,0.06,207.3,1,10,0.8
2024-03-26T13:16:42Z,26.363013,-76.987007,0.15,76.3,1,10,0.8
2024-03-26T13:16:47Z,26.363015,-76.987005,0.12,68.4,1,9,0.9
2024-03-26T13:16:52Z,26.363017,-76.987007,0.04,155.9,1,9,0.9
2024-03-26T13:16:57Z,26.363017,-76.987005,0.06,20.9,1,9,0.9
2024-03-26T13:17:07Z,26.363020,-76.987005,0.10,73.2,1,9,0.9
2024-03-26T13:17:12Z,26.363020,-76.987002,0.13,41.3,1,9,0.9
2024-03-26T13:17:17Z,26.363023,-76.987002,0.16,18.4,1,9,0.9
2024-03-26T13:17:22Z,26.363025,-76.987002,0.06,337.5,1,9,0.9
2024-03-26T13:17:27Z,26.363022,-76.987002,0.23,146.2,1,9,0.9
2024-03-26T13:17:32Z,26.363022,-76.986997,0.10,96.0,1,9,0.9
2024-03-26T13:17:37Z,26.363020,-76.986998,0.23,131.6,1,9,0.9
2024-03-26T13:17:42Z,26.363020,-76.986995,0.29,59.8,1,9,0.9
2024-03-26T13:17:47Z,26.363023,-76.986995,0.08,13.9,1,9,0.9
2024-03-26T13:17:52Z,26.363027,-76.986995,0.22,359.6,1,9,0.9
2024-03-26T13:17:57Z,26.363028,-76.986998,0.20,120.3,1,9,0.9
2024-03-26T13:18:07Z,26.363018,-76.987003,0.22,163.9,1,9,0.9
2024-03-26T13:18:12Z,26.363013,-76.987002,0.42,139.6,1,9,0.9
2024-03-26T13:18:17Z,26.363008,-76.986995,0.06,323.9,1,9,0.9
2024-03-26T13:18:22Z,26.363008,-76.986988,0.14,100.4,1,9,0.9
2024-03-26T13:18:27Z,26.363008,-76.986988,0.21,124.7,1,9,0.9
2024-03-26T13:18:32Z,26.363005,-76.986985,0.10,186.0,1,9,0.9
2024-03-26T13:18:37Z,26.363005,-76.986985,0.03,92.5,1,9,0.9
2024-03-26T13:18:42Z,26.363007,-76.986987,0.13,179.0,1,9,0.9
2024-03-26T13:18:47Z,26.363003,-76.986987,0.16,260.0,1,9,0.9
2024-03-26T13:18:52Z,26.363002,-76.986988,0.11,185.7,1,9,0.9
2024-03-26T13:18:57Z,26.363000,-76.986987,0.27,104.7,1,9,0.9
2024-03-26T13:19:07Z,26.362997,-76.986987,0.05,319.0,1,9,0.9
2024-03-26T13:19:12Z,26.362997,-76.986988,0.17,83.3,1,9,0.9
2024-03-26T13:19:17Z,26.362998,-76.986992,0.08,339.2,1,9,0.9
2024-03-26T13:19:22Z,26.362998,-76.986995,0.19,91.4,1,9,0.9
2024-03-26T13:19:27Z,26.362998,-76.986997,0.06,1.3,1,9,0.9
2024-03-26T13:19:37Z,26.362995,-76.986997,0.31,124.0,1,9,0.9
2024-03-26T13:19:42Z,26.362990,-76.986998,0.30,118.3,1,9,0.9
2024-03-26T13:19:47Z,26.362990,-76.987002,0.17,276.5,1,9,0.9
2024-03-26T13:19:52Z,26.362988,-76.987002,0.11,128.3,1,9,0.9
2024-03-26T13:19:57Z,26.362988,-76.987002,0.12,61.8,1,9,0.9
2024-03-26T13:20:02Z,26.362987,-76.987000,0.24,172.5,1,9,0.9
2024-03-26T13:20:07Z,26.362985,-76.987000,0.06,37.0,1,9,0.9
2024-03-26T13:20:12Z,26.362982,-76.987003,0.20,129.3,1,9,0.9
2024-03-26T13:20:17Z,26.362982,-76.987003,0.19,346.2,1,9,0.9
2024-03-26T13:20:22Z,26.362985,-76.987008,0.12,325.7,1,9,0.9
2024-03-26T13:20:27Z,26.362987,-76.987007,0.05,212.1,1,8,1.0
2024-03-26T13:20:37Z,26.362990,-76.987007,0.06,171.1,1,9,0.9
2024-03-26T13:20:42Z,26.362992,-76.987008,0.17,310.9,1,9,0.9
2024-03-26T13:20:47Z,26.362993,-76.987012,0.22,248.1,1,9,0.9
2024-03-26T13:20:52Z,26.362995,-76.987015,0.16,124.5,1,9,0.9
2024-03-26T13:20:57Z,26.362998,-76.987013,0.53,338.4,1,9,0.9
2024-03-26T13:21:02Z,26.363002,-76.987015,0.18,171.9,1,9,0.9
2024-03-26T13:21:12Z,26.362987,-76.987015,0.26,144.7,1,9,0.9
2024-03-26T13:21:17Z,26.362988,-76.987015,0.01,165.5,1,9,0.9
2024-03-26T13:21:22Z,26.362988,-76.987012,0.09,90.5,1,9,0.9
2024-03-26T13:21:27Z,26.362987,-76.987008,0.11,65.4,1,9,0.9
2024-03-26T13:21:32Z,26.362987,-76.987007,0.11,114.1,1,9,0.9
2024-03-26T13:21:42Z,26.362982,-76.987003,0.20,163.3,1,9,0.9
2024-03-26T13:21:47Z,26.362975,-76.987003,0.09,149.9,1,9,0.9
2024-03-26T13:21:52Z,26.362972,-76.987005,0.14,169.7,1,9,0.9
2024-03-26T13:21:57Z,26.362970,-76.987005,0.20,133.2,1,9,0.9
2024-03-26T13:22:02Z,26.362968,-76.987008,0.18,233.8,1,9,0.9
2024-03-26T13:22:12Z,26.362965,-76.987008,0.18,6.9,1,9,0.9
2024-03-26T13:22:17Z,26.362972,-76.987015,0.27,31.3,1,9,0.9
2024-03-26T13:22:22Z,26.362977,-76.987015,0.25,98.7,1,9,0.9
2024-03-26T13:22:27Z,26.362982,-76.987017,0.14,76.5,1,9,0.9
2024-03-26T13:22:32Z,26.362982,-76.987018,0.09,162.3,1,8,1.0
2024-03-26T13:22:42Z,26.362980,-76.987018,0.24,59.8,1,9,0.9
2024-03-26T13:22:47Z,26.362980,-76.987017,0.16,123.8,1,9,0.9
2024-03-26T13:22:52Z,26.362978,-76.987017,0.18,343.6,1,9,0.9
2024-03-26T13:22:57Z,26.362978,-76.987018,0.07,1.8,1,9,0.9
2024-03-26T13:23:02Z,26.362972,-76.987018,0.15,322.1,1,9,0.9
2024-03-26T13:23:12Z,26.362980,-76.987023,0.11,325.1,1,9,0.9
2024-03-26T13:23:17Z,26.362978,-76.987023,0.45,206.8,1,9,0.9
2024-03-26T13:23:22Z,26.362977,-76.987023,0.06,188.8,1,10,0.9
2024-03-26T13:23:27Z,26.362975,-76.987022,0.10,65.1,1,10,0.9
2024-03-26T13:23:32Z,26.362973,-76.987020,0.10,122.5,1,10,0.9
2024-03-26T13:23:37Z,26.362973,-76.987020,0.15,75.3,1,10,0.9
2024-03-26T13:23:42Z,26.362975,-76.987015,0.14,83.2,1,10,0.9
2024-03-26T13:23:47Z,26.362975,-76.987013,0.19,309.4,1,10,0.9
2024-03-26T13:23:52Z,26.362975,-76.987013,0.13,113.7,1,10,0.9
2024-03-26T13:23:57Z,26.362973,-76.987008,0.31,123.3,1,10,0.9
2024-03-26T13:24:02Z,26.362970,-76.987003,0.12,138.1,1,10,0.9
2024-03-26T13:24:07Z,26.362967,-76.987002,0.16,80.5,1,10,0.9
2024-03-26T13:24:12Z,26.362965,-76.986997,0.22,249.7,1,10,0.9
2024-03-26T13:24:17Z,26.362967,-76.987000,0.18,319.1,1,10,0.9
2024-03-26T13:24:22Z,26.362967,-76.986995,0.22,298.9,1,10,0.9
2024-03-26T13:24:27Z,26.362962,-76.986993,0.20,304.2,1,10,0.9
2024-03-26T13:24:32Z,26.362960,-76.986992,0.27,85.3,1,10,0.9
2024-03-26T13:24:37Z,26.362963,-76.986988,0.12,32.7,1,10,0.9
2024-03-26T13:24:42Z,26.362967,-76.986990,0.10,337.0,1,10,0.9
2024-03-26T13:24:47Z,26.362965,-76.986987,0.18,351.9,1,10,0.9
2024-03-26T13:24:52Z,26.362963,-76.986983,0.26,104.8,1,10,0.9
2024-03-26T13:24:57Z,26.362962,-76.986978,0.21,105.2,1,10,0.9
2024-03-26T13:25:02Z,26.362962,-76.986977,0.23,336.6,1,10,0.9
2024-03-26T13:25:07Z,26.362962,-76.986975,0.05,149.1,1,10,0.9
2024-03-26T13:25:12Z,26.362960,-76.986975,0.21,312.8,1,10,0.9
2024-03-26T13:25:17Z,26.362962,-76.986975,0.47,90.2,1,10,0.9
2024-03-26T13:25:22Z,26.362958,-76.986973,0.07,128.1,1,9,1.2
2024-03-26T13:25:27Z,26.362958,-76.986972,0.44,110.1,1,10,0.9
2024-03-26T13:25:32Z,26.362955,-76.986970,0.27,118.4,1,10,0.9
2024-03-26T13:25:37Z,26.362950,-76.986970,0.27,186.4,1,10,0.9
2024-03-26T13:25:42Z,26.362945,-76.986970,0.21,186.4,1,10,0.9
2024-03-26T13:25:47Z,26.362942,-76.986968,0.24,127.6,1,10,0.9
2024-03-26T13:25:52Z,26.362940,-76.986967,0.01,359.2,1,10,0.9
2024-03-26T13:25:57Z,26.362947,-76.986988,0.15,65.4,1,10,0.9
2024-03-26T13:26:02Z,26.362947,-76.986990,0.18,109.4,1,10,0.9
2024-03-26T13:26:07Z,26.362945,-76.986987,0.12,113.2,1,10,0.9
2024-03-26T13:26:12Z,26.362943,-76.986985,0.15,130.2,1,9,1.2
2024-03-26T13:26:17Z,26.362942,-76.986987,0.10,138.0,1,9,1.2
2024-03-26T13:26:22Z,26.362940,-76.986992,0.17,152.6,1,9,1.2
2024-03-26T13:26:27Z,26.362940,-76.986990,0.40,105.8,1,10,0.9
2024-03-26T13:26:32Z,26.362938,-76.986985,0.11,353.6,1,10,0.9
2024-03-26T13:26:42Z,26.362938,-76.986987,0.08,45.0,1,10,0.9
2024-03-26T13:26:47Z,26.362943,-76.986990,0.30,339.2,1,10,0.9
2024-03-26T13:26:52Z,26.362945,-76.986992,0.19,297.7,1,9,1.2
2024-03-26T13:26:57Z,26.362953,-76.986998,0.43,332.1,1,10,0.9
2024-03-26T13:27:02Z,26.362960,-76.987010,0.15,271.6,1,10,0.9
2024-03-26T13:27:07Z,26.362967,-76.987018,0.42,353.5,1,10,0.9
2024-03-26T13:27:12Z,26.362973,-76.987022,0.32,5.2,1,10,0.9
2024-03-26T13:27:17Z,26.362982,-76.987022,0.20,0.8,1,10,0.9
2024-03-26T13:27:22Z,26.362985,-76.987022,0.20,55.1,1,10,0.9
2024-03-26T13:27:27Z,26.362988,-76.987020,0.18,43.1,1,10,0.9
2024-03-26T13:27:32Z,26.362993,-76.987018,0.31,39.3,1,10,0.9
2024-03-26T13:27:42Z,26.363003,-76.987020,0.25,31.8,1,10,0.9
2024-03-26T13:27:47Z,26.363007,-76.987017,0.27,19.7,1,9,1.0
2024-03-26T13:27:52Z,26.363010,-76.987015,0.25,25.3,1,10,0.9
2024-03-26T13:27:57Z,26.363012,-76.987010,0.25,49.6,1,10,0.9
2024-03-26T13:28:02Z,26.363013,-76.987008,0.23,36.4,1,10,0.9
2024-03-26T13:28:12Z,26.363023,-76.987000,0.25,20.1,1,10,0.9
2024-03-26T13:28:17Z,26.363030,-76.987003,0.44,320.1,1,10,0.9
2024-03-26T13:28:22Z,26.363032,-76.987000,0.16,31.6,1,10,0.9
2024-03-26T13:28:27Z,26.363033,-76.987000,0.11,28.6,1,10,0.9
2024-03-26T13:28:32Z,26.363033,-76.987005,0.10,215.4,1,10,0.9
2024-03-26T13:28:37Z,26.363033,-76.987008,0.07,123.3,1,10,0.9
2024-03-26T13:28:42Z,26.363032,-76.987005,0.10,271.9,1,10,0.9
2024-03-26T13:28:47Z,26.363035,-76.987003,0.50,95.9,1,10,0.9
2024-03-26T13:28:52Z,26.363032,-76.986997,0.22,97.2,1,10,0.9
2024-03-26T13:28:57Z,26.363028,-76.986990,0.23,89.8,1,10,0.9
2024-03-26T13:29:02Z,26.363030,-76.986988,0.23,87.9,1,10,0.9
2024-03-26T13:29:12Z,26.363028,-76.986995,0.13,113.9,1,10,0.9
2024-03-26T13:29:17Z,26.363028,-76.986997,0.10,16.9,1,9,0.9
2024-03-26T13:29:22Z,26.363032,-76.986997,0.15,65.8,1,10,0.9
2024-03-26T13:29:27Z,26.363035,-76.986995,0.06,70.1,1,10,0.9
2024-03-26T13:29:32Z,26.363035,-76.986997,0.03,281.0,1,10,0.9
2024-03-26T13:29:37Z,26.363033,-76.986997,0.19,133.4,1,9,0.9
2024-03-26T13:29:42Z,26.363035,-76.986995,0.04,105.2,1,10,0.9
2024-03-26T13:29:47Z,26.363037,-76.986992,0.24,63.6,1,10,0.9
2024-03-26T13:29:52Z,26.363038,-76.986992,0.08,291.6,1,10,0.9
2024-03-26T13:29:57Z,26.363042,-76.986992,0.14,346.1,1,10,0.9
2024-03-26T13:30:02Z,26.363043,-76.986993,0.18,358.9,1,10,0.9
2024-03-26T13:30:07Z,26.363043,-76.986993,0.11,10.0,1,10,0.9
2024-03-26T13:30:12Z,26.363045,-76.986993,0.10,33.7,1,10,0.9
2024-03-26T13:30:17Z,26.363047,-76.986993,0.14,3.6,1,10,0.9
2024-03-26T13:30:22Z,26.363047,-76.986993,0.17,52.2,1,10,0.9
2024-03-26T13:30:27Z,26.363050,-76.986995,0.22,358.1,1,10,0.9
2024-03-26T13:30:32Z,26.363053,-76.986997,0.10,330.5,1,10,0.9
2024-03-26T13:30:37Z,26.363053,-76.986998,0.16,38.6,1,10,0.9
2024-03-26T13:30:42Z,26.363057,-76.986997,0.13,27.2,1,10,0.9
2024-03-26T13:30:47Z,26.363058,-76.986998,0.17,80.8,1,10,0.9
2024-03-26T13:30:52Z,26.363062,-76.986995,0.36,49.2,1,10,0.9
2024-03-26T13:30:57Z,26.363065,-76.986993,0.36,50.9,1,10,0.9
2024-03-26T13:31:02Z,26.363065,-76.986990,0.12,91.5,1,10,0.9
2024-03-26T13:31:12Z,26.363070,-76.986982,0.24,78.2,1,10,0.9
2024-03-26T13:31:17Z,26.363070,-76.986977,0.22,124.8,1,10,0.9
2024-03-26T13:31:22Z,26.363068,-76.986978,0.11,149.0,1,10,0.9
2024-03-26T13:31:27Z,26.363065,-76.986978,0.11,122.0,1,10,0.9
2024-03-26T13:31:32Z,26.363062,-76.986977,0.12,165.0,1,10,0.9
2024-03-26T13:31:37Z,26.363060,-76.986980,0.33,284.1,1,10,0.9
2024-03-26T13:31:42Z,26.363058,-76.986983,0.22,227.6,1,10,0.9
2024-03-26T13:31:47Z,26.363058,-76.986992,0.46,284.0,1,10,0.9
2024-03-26T13:31:52Z,26.363057,-76.986992,0.06,40.2,1,10,0.9
2024-03-26T13:31:57Z,26.363057,-76.986988,0.18,47.4,1,10,0.9
2024-03-26T13:32:02Z,26.363057,-76.986988,0.26,91.0,1,10,0.9
2024-03-26T13:32:07Z,26.363062,-76.986992,0.17,9.3,1,9,0.9
2024-03-26T13:32:17Z,26.363062,-76.986993,0.18,138.9,1,10,0.9
2024-03-26T13:32:22Z,26.363060,-76.986992,0.21,157.9,1,10,0.9
2024-03-26T13:32:27Z,26.363062,-76.986995,0.19,330.6,1,10,0.9
2024-03-26T13:32:32Z,26.363063,-76.986993,0.30,300.8,1,10,0.9
2024-03-26T13:32:37Z,26.363065,-76.986998,0.26,308.6,1,10,0.9
2024-03-26T13:32:42Z,26.363070,-76.986998,0.38,321.4,1,10,0.9
2024-03-26T13:32:47Z,26.363072,-76.987003,0.11,338.4,1,10,0.9
2024-03-26T13:32:52Z,26.363075,-76.987002,0.28,313.1,1,10,0.9
2024-03-26T13:32:57Z,26.363072,-76.987003,0.06,101.5,1,10,0.9
2024-03-26T13:33:02Z,26.363067,-76.987002,0.08,110.6,1,10,0.9
2024-03-26T13:33:07Z,26.363060,-76.986998,0.13,5.5,1,10,0.9
2024-03-26T13:33:12Z,26.363053,-76.987002,0.11,180.0,1,10,0.9
2024-03-26T13:33:22Z,26.363043,-76.987005,0.12,243.1,1,10,0.9
2024-03-26T13:33:27Z,26.363043,-76.987008,0.14,300.7,1,10,0.9
2024-03-26T13:33:32Z,26.363043,-76.987007,0.21,77.3,1,10,0.9
2024-03-26T13:33:37Z,26.363043,-76.987010,0.23,272.6,1,10,0.9
2024-03-26T13:33:42Z,26.363042,-76.987012,0.22,303.0,1,10,0.9
2024-03-26T13:33:47Z,26.363042,-76.987010,0.15,124.5,1,10,0.9
2024-03-26T13:33:52Z,26.363042,-76.987010,0.06,9.4,1,9,1.3
2024-03-26T13:33:57Z,26.363040,-76.987010,0.12,161.7,1,10,0.9
2024-03-26T13:34:02Z,26.363037,-76.987008,0.09,220.2,1,10,0.9
2024-03-26T13:34:07Z,26.363037,-76.987007,0.13,53.0,1,10,0.9
2024-03-26T13:34:12Z,26.363037,-76.987008,0.11,248.7,1,10,0.9
2024-03-26T13:34:17Z,26.363030,-76.987008,0.23,134.0,1,10,0.9
2024-03-26T13:34:22Z,26.363027,-76.987005,0.29,108.3,1,10,0.9
2024-03-26T13:34:27Z,26.363028,-76.987002,0.35,123.2,1,10,0.9
2024-03-26T13:34:32Z,26.363030,-76.987005,0.21,315.9,1,10,0.9
2024-03-26T13:34:37Z,26.363032,-76.987005,0.09,338.8,1,10,0.9
2024-03-26T13:34:42Z,26.363033,-76.987007,0.08,350.9,1,10,0.9
2024-03-26T13:34:47Z,26.363030,-76.987008,0.05,175.3,1,10,0.9
2024-03-26T13:34:52Z,26.363030,-76.987008,0.16,346.6,1,10,0.9
2024-03-26T13:34:57Z,26.363033,-76.987010,0.22,346.7,1,10,0.9
2024-03-26T13:35:02Z,26.363033,-76.987012,0.00,265.9,1,10,0.9
2024-03-26T13:35:07Z,26.363033,-76.987013,0.15,7.6,1,10,0.9
2024-03-26T13:35:12Z,26.363033,-76.987015,0.06,300.7,1,10,0.9
2024-03-26T13:35:17Z,26.363033,-76.987017,0.17,50.9,1,10,0.9
2024-03-26T13:35:22Z,26.363035,-76.987013,0.13,11.4,1,10,0.9
2024-03-26T13:35:27Z,26.363038,-76.987013,0.34,34.2,1,10,0.9
2024-03-26T13:35:32Z,26.363043,-76.987012,0.21,71.9,1,10,0.9
2024-03-26T13:35:37Z,26.363045,-76.987008,0.15,55.1,1,10,0.9
2024-03-26T13:35:42Z,26.363048,-76.987007,0.13,65.2,1,10,0.9
2024-03-26T13:35:47Z,26.363047,-76.987005,0.25,59.0,1,10,0.9
2024-03-26T13:35:52Z,26.363047,-76.987005,0.17,63.8,1,10,0.9
2024-03-26T13:35:57Z,26.363043,-76.987000,0.22,119.7,1,10,0.9
2024-03-26T13:36:02Z,26.363043,-76.986998,0.11,15.5,1,10,0.9
2024-03-26T13:36:07Z,26.363043,-76.986995,0.18,64.1,1,10,0.9
2024-03-26T13:36:12Z,26.363042,-76.986995,0.04,219.6,1,10,0.9
2024-03-26T13:36:22Z,26.363043,-76.986997,0.14,135.7,1,10,0.9
2024-03-26T13:36:27Z,26.363040,-76.986997,0.11,207.9,1,10,0.9
2024-03-26T13:36:32Z,26.363038,-76.986995,0.20,335.2,1,10,0.9
2024-03-26T13:36:37Z,26.363040,-76.986995,0.05,20.5,1,10,0.9
2024-03-26T13:36:42Z,26.363038,-76.986995,0.04,167.3,1,10,0.9
2024-03-26T13:36:47Z,26.363037,-76.986995,0.11,96.7,1,10,0.9
2024-03-26T13:36:52Z,26.363040,-76.986997,0.10,27.8,1,10,0.9
2024-03-26T13:36:57Z,26.363042,-76.986997,0.18,356.2,1,10,0.9
2024-03-26T13:37:02Z,26.363047,-76.986995,0.28,13.2,1,10,0.9
2024-03-26T13:37:07Z,26.363045,-76.986988,0.30,69.6,1,10,0.9
2024-03-26T13:37:12Z,26.363047,-76.986983,0.22,54.1,1,10,0.9
2024-03-26T13:37:17Z,26.363050,-76.986980,0.34,17.9,1,10,0.9
2024-03-26T13:37:27Z,26.363058,-76.986975,0.17,16.6,1,10,0.9
2024-03-26T13:37:32Z,26.363058,-76.986973,0.21,85.8,1,10,0.9
2024-03-26T13:37:37Z,26.363060,-76.986970,0.32,86.2,1,10,0.9
2024-03-26T13:37:42Z,26.363062,-76.986968,0.24,32.0,1,10,0.9
2024-03-26T13:37:47Z,26.363070,-76.986980,0.11,42.4,1,10,0.9
2024-03-26T13:37:52Z,26.363073,-76.986985,0.02,47.7,1,10,0.9
2024-03-26T13:37:57Z,26.363073,-76.986988,0.07,276.1,1,10,0.9
2024-03-26T13:38:02Z,26.363073,-76.986990,0.10,39.2,1,10,0.9
2024-03-26T13:38:07Z,26.363073,-76.986988,0.15,105.8,1,10,0.9
2024-03-26T13:38:12Z,26.363073,-76.986990,0.11,309.6,1,10,0.9
2024-03-26T13:38:17Z,26.363070,-76.986985,0.32,107.9,1,10,0.9
2024-03-26T13:38:22Z,26.363068,-76.986982,0.14,243.1,1,10,0.9
2024-03-26T13:38:27Z,26.363065,-76.986978,0.08,223.4,1,10,0.9
2024-03-26T13:38:32Z,26.363063,-76.986980,0.08,182.2,1,10,0.9
2024-03-26T13:38:37Z,26.363058,-76.986978,0.18,129.8,1,10,0.9
2024-03-26T13:38:42Z,26.363055,-76.986980,0.07,234.4,1,10,0.9
2024-03-26T13:38:47Z,26.363052,-76.986977,0.17,340.9,1,10,0.9
2024-03-26T13:38:52Z,26.363053,-76.986973,0.05,39.8,1,10,0.9
2024-03-26T13:38:57Z,26.363052,-76.986970,0.18,101.6,1,10,0.9
2024-03-26T13:39:02Z,26.363050,-76.986968,0.33,128.0,1,10,0.9
2024-03-26T13:39:07Z,26.363047,-76.986965,0.23,102.2,1,10,0.9
2024-03-26T13:39:12Z,26.363043,-76.986963,0.25,143.9,1,10,0.9
2024-03-26T13:39:17Z,26.363042,-76.986963,0.12,128.8,1,10,0.9
2024-03-26T13:39:22Z,26.363037,-76.986960,0.42,148.1,1,10,0.9
2024-03-26T13:39:27Z,26.363033,-76.986960,0.13,147.4,1,10,0.9
2024-03-26T13:39:32Z,26.363035,-76.986963,0.20,293.0,1,10,0.9
2024-03-26T13:39:37Z,26.363035,-76.986968,0.07,108.9,1,10,0.9
2024-03-26T13:39:42Z,26.363037,-76.986967,0.31,309.7,1,10,0.9
2024-03-26T13:39:47Z,26.363040,-76.986968,0.18,73.3,1,10,0.9
2024-03-26T13:39:52Z,26.363035,-76.986970,0.22,78.5,1,10,0.9
2024-03-26T13:39:57Z,26.363028,-76.986973,0.27,120.0,1,10,0.9
2024-03-26T13:40:02Z,26.363025,-76.986977,0.13,350.7,1,10,0.9
2024-03-26T13:40:07Z,26.363023,-76.986978,0.13,108.5,1,10,0.9
2024-03-26T13:40:12Z,26.363025,-76.986977,0.15,305.0,1,10,0.9
2024-03-26T13:40:17Z,26.363025,-76.986978,0.06,173.4,1,10,0.9
2024-03-26T13:40:27Z,26.363033,-76.986990,0.22,344.6,1,10,0.9
2024-03-26T13:40:32Z,26.363032,-76.986992,0.09,25.8,1,10,0.9
2024-03-26T13:40:37Z,26.363037,-76.986992,0.15,342.9,1,10,0.9
2024-03-26T13:40:42Z,26.363038,-76.986992,0.18,24.8,1,10,0.9
2024-03-26T13:40:47Z,26.363042,-76.986997,0.12,357.2,1,10,0.9
2024-03-26T13:40:57Z,26.363042,-76.987005,0.17,14.9,1,10,0.9
2024-03-26T13:41:02Z,26.363042,-76.987008,0.30,332.4,1,10,0.9
2024-03-26T13:41:07Z,26.363047,-76.987012,0.18,274.6,1,10,0.9
2024-03-26T13:41:12Z,26.363048,-76.987013,0.15,101.3,1,10,0.9
2024-03-26T13:41:17Z,26.363050,-76.987010,0.29,70.8,1,10,0.9
2024-03-26T13:41:27Z,26.363047,-76.987003,0.22,144.2,1,10,0.9
2024-03-26T13:41:32Z,26.363045,-76.986998,0.25,86.3,1,10,0.9
2024-03-26T13:41:37Z,26.363047,-76.986998,0.38,10.5,1,10,0.9
2024-03-26T13:41:42Z,26.363048,-76.986997,0.22,53.4,1,10,0.9
2024-03-26T13:41:47Z,26.363052,-76.986993,0.16,111.8,1,10,0.9
2024-03-26T13:41:52Z,26.363053,-76.986993,0.24,0.1,1,10,0.9
2024-03-26T13:41:57Z,26.363060,-76.986992,0.15,347.2,1,10,0.9
2024-03-26T13:42:02Z,26.363065,-76.986995,0.27,4.3,1,10,0.9
2024-03-26T13:42:07Z,26.363070,-76.986990,0.38,80.3,1,10,0.9
2024-03-26T13:42:12Z,26.363072,-76.986990,0.18,35.2,1,10,0.9
2024-03-26T13:42:22Z,26.363080,-76.986995,0.42,327.4,1,10,0.9
2024-03-26T13:42:27Z,26.363078,-76.986997,0.08,74.5,1,10,0.9
2024-03-26T13:42:32Z,26.363080,-76.986998,0.11,100.1,1,10,0.9
2024-03-26T13:42:37Z,26.363083,-76.987002,0.24,315.7,1,10,0.9
2024-03-26T13:42:42Z,26.363082,-76.987002,0.14,124.8,1,10,0.9
2024-03-26T13:42:47Z,26.363082,-76.987000,0.30,8.0,1,10,0.9
2024-03-26T13:42:52Z,26.363083,-76.986995,0.31,92.9,1,10,0.9
2024-03-26T13:42:57Z,26.363083,-76.986987,0.35,106.3,1,10,0.9
2024-03-26T13:43:02Z,26.363085,-76.986975,0.21,49.1,1,10,0.9
2024-03-26T13:43:07Z,26.363088,-76.986975,0.25,25.3,1,10,0.9
2024-03-26T13:43:17Z,26.363098,-76.986972,0.20,13.7,1,10,0.9
2024-03-26T13:43:22Z,26.363103,-76.986972,0.16,64.6,1,10,0.9
2024-03-26T13:43:27Z,26.363103,-76.986967,0.26,79.0,1,10,0.9
2024-03-26T13:43:32Z,26.363107,-76.986965,0.11,1.9,1,10,0.9
2024-03-26T13:43:42Z,26.363108,-76.986975,0.06,176.8,1,10,0.9
2024-03-26T13:43:47Z,26.363105,-76.986973,0.23,93.7,1,10,0.9
2024-03-26T13:43:52Z,26.363107,-76.986968,0.48,112.6,1,10,0.9
2024-03-26T13:43:57Z,26.363108,-76.986967,0.15,88.3,1,10,0.9
2024-03-26T13:44:02Z,26.363108,-76.986958,0.14,10.2,1,10,0.9
2024-03-26T13:44:07Z,26.363107,-76.986953,0.11,347.8,1,10,0.9
2024-03-26T13:44:12Z,26.363105,-76.986950,0.16,56.9,1,10,0.9
2024-03-26T13:44:17Z,26.363110,-76.986948,0.39,34.4,1,10,0.9
2024-03-26T13:44:22Z,26.363112,-76.986943,0.23,90.8,1,10,0.9
2024-03-26T13:44:27Z,26.363110,-76.986940,0.24,111.7,1,10,0.9
2024-03-26T13:44:32Z,26.363108,-76.986937,0.19,18.8,1,10,0.9
2024-03-26T13:44:37Z,26.363110,-76.986933,0.14,82.2,1,10,0.9
2024-03-26T13:44:42Z,26.363107,-76.986933,0.20,321.8,1,10,0.9
2024-03-26T13:44:47Z,26.363110,-76.986933,0.15,85.1,1,10,0.9
2024-03-26T13:44:52Z,26.363110,-76.986930,0.49,112.7,1,10,0.9
2024-03-26T13:45:02Z,26.363107,-76.986910,0.67,85.8,1,10,0.9
2024-03-26T13:45:07Z,26.363103,-76.986893,1.02,97.3,1,10,0.9
2024-03-26T13:45:12Z,26.363098,-76.986870,1.04,101.7,1,10,0.9
2024-03-26T13:45:17Z,26.363095,-76.986848,0.86,95.4,1,10,0.9
2024-03-26T13:45:22Z,26.363090,-76.986828,0.91,104.4,1,10,0.9
2024-03-26T13:45:27Z,26.363083,-76.986805,0.94,107.8,1,10,0.9
2024-03-26T13:45:32Z,26.363078,-76.986783,0.93,108.5,1,10,0.9
2024-03-26T13:45:37Z,26.363068,-76.986763,0.93,111.2,1,10,0.9
2024-03-26T13:45:42Z,26.363062,-76.986738,1.25,115.1,1,10,0.9
2024-03-26T13:45:47Z,26.363047,-76.986715,1.14,127.0,1,10,0.9
2024-03-26T13:45:52Z,26.363033,-76.986692,0.80,120.3,1,10,0.9
2024-03-26T13:45:57Z,26.363012,-76.986677,1.12,138.8,1,10,0.9
2024-03-26T13:46:02Z,26.362993,-76.986665,0.81,150.6,1,10,0.9
2024-03-26T13:46:07Z,26.362977,-76.986670,0.57,195.1,1,9,1.0
2024-03-26T13:46:12Z,26.362960,-76.986672,0.64,157.3,1,10,0.9
2024-03-26T13:46:17Z,26.362940,-76.986670,0.79,170.6,1,10,0.9
2024-03-26T13:46:27Z,26.362917,-76.986700,1.05,212.0,1,10,0.9
2024-03-26T13:46:32Z,26.362898,-76.986733,1.53,234.2,1,10,0.9
2024-03-26T13:46:37Z,26.362873,-76.986755,1.79,221.2,1,10,0.9
2024-03-26T13:46:42Z,26.362835,-76.986795,2.03,223.3,1,10,0.9
2024-03-26T13:46:47Z,26.362787,-76.986832,2.71,211.9,1,10,0.9
2024-03-26T13:46:52Z,26.362728,-76.986863,2.55,202.4,1,10,0.9
2024-03-26T13:46:57Z,26.362673,-76.986905,3.01,206.3,1,10,0.9
2024-03-26T13:47:02Z,26.362607,-76.986948,3.23,208.7,1,10,0.9
2024-03-26T13:47:07Z,26.362535,-76.986990,3.49,215.6,1,10,0.9
2024-03-26T13:47:12Z,26.362463,-76.987047,3.47,214.1,1,10,0.9
2024-03-26T13:47:22Z,26.362317,-76.987148,3.34,201.4,1,10,0.9
2024-03-26T13:47:27Z,26.362240,-76.987187,3.61,205.4,1,10,0.9
2024-03-26T13:47:32Z,26.362162,-76.987242,3.96,206.7,1,10,0.9
2024-03-26T13:47:37Z,26.362077,-76.987298,4.30,208.4,1,10,0.9
2024-03-26T13:47:42Z,26.361982,-76.987357,4.41,208.1,1,10,0.9
2024-03-26T13:47:47Z,26.361883,-76.987408,4.72,203.4,1,10,0.9
2024-03-26T13:47:52Z,26.361778,-76.987458,4.65,203.5,1,10,0.9
2024-03-26T13:47:57Z,26.361677,-76.987508,4.63,204.9,1,10,0.9
2024-03-26T13:48:02Z,26.361577,-76.987563,4.80,199.7,1,10,0.9
2024-03-26T13:48:07Z,26.361477,-76.987613,4.63,205.4,1,10,0.9
2024-03-26T13:48:12Z,26.361373,-76.987667,4.85,202.2,1,10,0.9
2024-03-26T13:48:17Z,26.361265,-76.987723,4.97,203.3,1,10,0.9
2024-03-26T13:48:22Z,26.361162,-76.987778,4.73,205.7,1,10,0.9
2024-03-26T13:48:27Z,26.361058,-76.987832,4.78,203.1,1,10,0.9
2024-03-26T13:48:32Z,26.360955,-76.987877,4.73,200.8,1,10,0.9
2024-03-26T13:48:37Z,26.360848,-76.987918,4.92,197.3,1,10,0.9
2024-03-26T13:48:42Z,26.360745,-76.987970,5.08,201.0,1,10,0.9
2024-03-26T13:48:47Z,26.360637,-76.988020,4.95,203.0,1,10,0.9
2024-03-26T13:48:52Z,26.360535,-76.988070,4.79,206.5,1,10,0.9
2024-03-26T13:48:57Z,26.360435,-76.988122,4.71,206.6,1,10,0.9
2024-03-26T13:49:02Z,26.360335,-76.988178,4.94,205.9,1,10,0.9
2024-03-26T13:49:12Z,26.360132,-76.988300,4.78,208.3,1,10,0.9
2024-03-26T13:49:17Z,26.360032,-76.988363,4.65,211.4,1,10,0.9
2024-03-26T13:49:22Z,26.359933,-76.988430,4.61,211.0,1,10,0.9
2024-03-26T13:49:27Z,26.359835,-76.988492,4.82,208.5,1,10,0.9
2024-03-26T13:49:32Z,26.359730,-76.988550,5.04,206.8,1,10,0.9
2024-03-26T13:49:37Z,26.359625,-76.988617,4.92,208.6,1,10,0.9
2024-03-26T13:49:42Z,26.359523,-76.988670,4.63,210.3,1,10,0.9
2024-03-26T13:49:47Z,26.359423,-76.988730,4.89,208.9,1,10,0.9
2024-03-26T13:49:52Z,26.359320,-76.988792,4.90,204.3,1,10,0.9
2024-03-26T13:49:57Z,26.359213,-76.988843,5.01,206.6,1,10,0.9
2024-03-26T13:50:02Z,26.359107,-76.988903,5.08,208.9,1,10,0.9
2024-03-26T13:50:07Z,26.359000,-76.988962,4.87,202.2,1,10,0.9
2024-03-26T13:50:12Z,26.358898,-76.989022,4.85,205.9,1,10,0.9
2024-03-26T13:50:17Z,26.358792,-76.989078,4.98,206.6,1,10,0.9
2024-03-26T13:50:22Z,26.358687,-76.989142,5.15,208.0,1,10,0.9
2024-03-26T13:50:27Z,26.358583,-76.989208,4.90,209.5,1,10,0.9
2024-03-26T13:50:32Z,26.358478,-76.989268,5.18,206.4,1,10,0.9
2024-03-26T13:50:37Z,26.358373,-76.989330,5.09,205.2,1,10,0.9
2024-03-26T13:50:42Z,26.358263,-76.989385,5.16,207.1,1,10,0.9
2024-03-26T13:50:47Z,26.358147,-76.989450,5.43,208.2,1,10,0.9
2024-03-26T13:50:52Z,26.358030,-76.989518,5.82,206.2,1,10,0.9
2024-03-26T13:50:57Z,26.357908,-76.989592,5.84,206.7,1,10,0.9
2024-03-26T13:51:02Z,26.357782,-76.989657,6.03,202.0,1,10,1.0
2024-03-26T13:51:07Z,26.357657,-76.989723,5.98,203.5,1,10,1.0
2024-03-26T13:51:17Z,26.357403,-76.989865,6.05,207.0,1,10,1.0
2024-03-26T13:51:22Z,26.357273,-76.989940,6.21,204.7,1,10,1.0
2024-03-26T13:51:27Z,26.357142,-76.990010,6.21,207.9,1,10,1.0
2024-03-26T13:51:32Z,26.357007,-76.990083,6.37,205.3,1,10,1.0
2024-03-26T13:51:37Z,26.356872,-76.990143,6.04,206.9,1,10,1.0
2024-03-26T13:51:42Z,26.356748,-76.990220,5.82,208.7,1,10,1.0
2024-03-26T13:51:52Z,26.356498,-76.990365,6.15,208.3,1,9,1.0
2024-03-26T13:51:57Z,26.356360,-76.990433,6.66,205.6,1,9,1.0
2024-03-26T13:52:02Z,26.356227,-76.990512,6.16,205.9,1,9,1.0
2024-03-26T13:52:07Z,26.356100,-76.990575,6.02,204.7,1,9,1.0
2024-03-26T13:52:12Z,26.355977,-76.990652,6.34,204.0,1,9,1.0
2024-03-26T13:52:17Z,26.355843,-76.990722,6.15,203.9,1,9,1.0
2024-03-26T13:52:27Z,26.355587,-76.990860,5.99,208.1,1,9,1.0
2024-03-26T13:52:32Z,26.355463,-76.990933,6.01,206.7,1,9,1.0
2024-03-26T13:52:37Z,26.355335,-76.991003,5.85,205.7,1,9,1.0
2024-03-26T13:52:42Z,26.355207,-76.991063,6.14,206.4,1,9,1.0
2024-03-26T13:52:47Z,26.355077,-76.991137,6.05,206.5,1,9,1.0
2024-03-26T13:52:52Z,26.354948,-76.991207,6.21,206.3,1,9,1.0
2024-03-26T13:52:57Z,26.354823,-76.991282,6.13,206.5,1,9,1.0
2024-03-26T13:53:07Z,26.354575,-76.991425,5.95,204.9,2,9,1.0
2024-03-26T13:53:12Z,26.354455,-76.991485,5.98,205.0,2,9,1.0
2024-03-26T13:53:17Z,26.354328,-76.991548,5.94,204.0,2,9,1.0
2024-03-26T13:53:22Z,26.354207,-76.991617,5.86,207.9,2,9,1.0
2024-03-26T13:53:27Z,26.354078,-76.991687,6.08,205.3,2,9,1.0
2024-03-26T13:53:32Z,26.353950,-76.991752,5.93,207.7,2,9,1.0
2024-03-26T13:53:37Z,26.353827,-76.991813,5.87,206.8,2,9,1.0
2024-03-26T13:53:42Z,26.353703,-76.991883,5.89,205.2,2,9,1.0
2024-03-26T13:53:47Z,26.353577,-76.991952,6.15,205.4,2,9,1.0
2024-03-26T13:53:52Z,26.353453,-76.992023,6.00,208.2,2,9,1.0
2024-03-26T13:53:57Z,26.353327,-76.992100,6.52,206.4,2,9,1.0
2024-03-26T13:54:02Z,26.353193,-76.992175,6.40,206.1,2,9,1.0
2024-03-26T13:54:07Z,26.353063,-76.992242,5.83,204.3,2,9,1.0
2024-03-26T13:54:12Z,26.352935,-76.992305,5.87,202.7,2,9,1.0
2024-03-26T13:54:22Z,26.352672,-76.992440,6.32,206.9,1,9,1.0
2024-03-26T13:54:27Z,26.352535,-76.992508,6.13,205.7,1,9,1.0
2024-03-26T13:54:32Z,26.352407,-76.992585,6.09,205.0,2,9,1.0
2024-03-26T13:54:37Z,26.352275,-76.992650,5.94,203.5,2,9,1.0
2024-03-26T13:54:42Z,26.352148,-76.992705,5.52,201.4,2,9,1.0
2024-03-26T13:54:47Z,26.352028,-76.992763,5.76,204.7,2,9,1.0
2024-03-26T13:54:52Z,26.351902,-76.992840,6.10,206.2,2,9,1.0
2024-03-26T13:54:57Z,26.351773,-76.992917,6.19,206.5,2,9,1.0
2024-03-26T13:55:02Z,26.351647,-76.992993,6.05,208.3,2,9,1.0
2024-03-26T13:55:07Z,26.351513,-76.993062,6.03,206.3,2,9,1.0
2024-03-26T13:55:12Z,26.351382,-76.993132,6.01,207.3,2,9,1.0
2024-03-26T13:55:17Z,26.351250,-76.993200,6.28,203.9,2,9,1.0
2024-03-26T13:55:22Z,26.351110,-76.993262,6.34,205.4,2,9,1.0
2024-03-26T13:55:27Z,26.350980,-76.993333,5.99,207.5,2,9,1.0
2024-03-26T13:55:37Z,26.350718,-76.993475,6.25,203.0,2,9,1.0
2024-03-26T13:55:42Z,26.350582,-76.993540,6.20,206.0,2,9,1.0
2024-03-26T13:55:47Z,26.350457,-76.993610,5.87,205.8,2,9,1.0
2024-03-26T13:55:52Z,26.350313,-76.993685,6.34,203.1,2,9,1.0
2024-03-26T13:55:57Z,26.350182,-76.993753,6.08,204.3,2,9,1.0
2024-03-26T13:56:02Z,26.350047,-76.993812,6.16,201.5,2,9,1.0
2024-03-26T13:56:07Z,26.349915,-76.993870,6.38,201.2,2,9,1.0
2024-03-26T13:56:12Z,26.349785,-76.993942,6.24,208.0,1,9,1.0
2024-03-26T13:56:17Z,26.349655,-76.994013,6.16,204.3,2,9,1.0
2024-03-26T13:56:22Z,26.349522,-76.994082,6.08,205.5,2,9,1.0
2024-03-26T13:56:27Z,26.349393,-76.994147,5.86,206.3,2,9,1.0
2024-03-26T13:56:32Z,26.349258,-76.994197,6.04,195.4,2,9,1.0
2024-03-26T13:56:37Z,26.349127,-76.994242,5.78,194.9,2,9,1.0
2024-03-26T13:56:42Z,26.348993,-76.994285,5.71,194.8,2,9,1.0
2024-03-26T13:56:47Z,26.348860,-76.994332,5.87,194.4,2,9,1.0
2024-03-26T13:56:52Z,26.348720,-76.994353,5.99,191.0,2,9,1.0
2024-03-26T13:56:57Z,26.348585,-76.994388,5.96,188.5,2,9,1.0
2024-03-26T13:57:02Z,26.348447,-76.994418,5.97,191.7,2,9,1.0
2024-03-26T13:57:07Z,26.348310,-76.994445,6.06,192.3,2,9,1.0
2024-03-26T13:57:12Z,26.348177,-76.994470,5.88,191.8,2,9,1.0
2024-03-26T13:57:17Z,26.348037,-76.994493,5.90,190.4,2,9,1.0
2024-03-26T13:57:27Z,26.347753,-76.994543,6.09,195.0,2,9,1.0
2024-03-26T13:57:32Z,26.347618,-76.994580,6.22,195.7,2,9,1.0
2024-03-26T13:57:37Z,26.347478,-76.994608,6.02,187.9,2,9,1.0
2024-03-26T13:57:42Z,26.347335,-76.994622,5.97,187.4,2,9,1.0
2024-03-26T13:57:47Z,26.347195,-76.994650,6.12,188.3,2,9,1.0
2024-03-26T13:57:52Z,26.347053,-76.994697,6.09,196.4,2,9,1.0
2024-03-26T13:57:57Z,26.346915,-76.994735,6.17,190.4,2,9,1.0
2024-03-26T13:58:02Z,26.346772,-76.994768,6.17,185.8,2,9,1.0
2024-03-26T13:58:07Z,26.346633,-76.994802,5.93,194.0,2,9,1.0
2024-03-26T13:58:12Z,26.346492,-76.994832,6.06,192.6,2,9,1.0
2024-03-26T13:58:17Z,26.346353,-76.994873,5.84,199.6,2,9,1.0
2024-03-26T13:58:22Z,26.346217,-76.994908,5.64,193.9,2,9,1.0
2024-03-26T13:58:27Z,26.346080,-76.994935,5.99,192.8,2,9,1.0
2024-03-26T13:58:32Z,26.345943,-76.994970,5.90,195.9,2,9,1.0
2024-03-26T13:58:37Z,26.345805,-76.995012,6.06,190.7,2,9,1.0
2024-03-26T13:58:42Z,26.345667,-76.995042,6.02,189.5,2,9,1.0
2024-03-26T13:58:47Z,26.345530,-76.995077,5.97,191.0,2,9,1.0
2024-03-26T13:58:52Z,26.345395,-76.995112,5.96,185.3,2,9,1.0
2024-03-26T13:58:57Z,26.345267,-76.995138,5.99,192.8,2,9,1.0
2024-03-26T13:59:02Z,26.345130,-76.995165,5.89,193.0,2,9,1.0
2024-03-26T13:59:07Z,26.344990,-76.995205,5.94,190.6,2,9,1.0
2024-03-26T13:59:17Z,26.344720,-76.995260,5.76,196.4,2,9,1.0
2024-03-26T13:59:22Z,26.344585,-76.995268,5.96,183.1,2,9,1.0
2024-03-26T13:59:27Z,26.344453,-76.995297,5.66,190.3,2,9,1.0
2024-03-26T13:59:32Z,26.344317,-76.995327,5.47,192.3,2,9,1.0
2024-03-26T13:59:37Z,26.344180,-76.995343,5.81,191.4,2,9,1.0
2024-03-26T13:59:42Z,26.344050,-76.995378,5.69,192.2,2,9,1.0
2024-03-26T13:59:47Z,26.343913,-76.995422,5.99,195.2,2,9,1.0
2024-03-26T13:59:52Z,26.343778,-76.995463,6.12,192.5,2,9,1.0
2024-03-26T13:59:57Z,26.343645,-76.995497,5.64,190.1,2,9,1.0
2024-03-26T14:00:02Z,26.343513,-76.995527,5.43,190.9,1,9,1.0
2024-03-26T14:00:07Z,26.343382,-76.995555,5.80,194.9,2,9,1.0
2024-03-26T14:00:12Z,26.343252,-76.995603,5.91,194.3,2,9,1.0
2024-03-26T14:00:17Z,26.343113,-76.995633,6.11,186.6,2,9,1.0
2024-03-26T14:00:22Z,26.342983,-76.995657,5.45,187.2,2,9,1.0
2024-03-26T14:00:27Z,26.342855,-76.995678,5.70,189.9,2,9,1.0
2024-03-26T14:00:32Z,26.342715,-76.995710,5.88,192.5,2,9,1.0
2024-03-26T14:00:37Z,26.342577,-76.995740,6.10,183.4,2,9,1.0
2024-03-26T14:00:42Z,26.342443,-76.995770,6.05,189.2,2,9,1.0
2024-03-26T14:00:47Z,26.342310,-76.995790,5.46,191.6,2,9,1.0
2024-03-26T14:00:52Z,26.342182,-76.995823,5.83,184.4,2,9,1.0
2024-03-26T14:00:57Z,26.342045,-76.995827,5.87,189.4,2,9,1.0
2024-03-26T14:01:02Z,26.341907,-76.995858,5.83,193.8,2,9,1.0
2024-03-26T14:01:07Z,26.341775,-76.995903,5.77,193.1,2,9,1.0
2024-03-26T14:01:12Z,26.341635,-76.995940,6.15,189.2,2,9,1.0
2024-03-26T14:01:17Z,26.341503,-76.995972,5.47,190.8,2,9,1.0
2024-03-26T14:01:22Z,26.341363,-76.995997,6.11,192.6,2,9,1.0
2024-03-26T14:01:27Z,26.341227,-76.996028,5.65,190.8,2,9,1.0
2024-03-26T14:01:32Z,26.341097,-76.996062,5.44,191.3,2,9,1.0
2024-03-26T14:01:42Z,26.340833,-76.996097,5.53,186.3,2,9,1.0
2024-03-26T14:01:47Z,26.340700,-76.996110,5.99,187.8,2,9,1.0
2024-03-26T14:01:52Z,26.340568,-76.996127,5.82,180.3,2,9,1.0
2024-03-26T14:01:57Z,26.340433,-76.996143,5.83,188.5,2,9,1.0
2024-03-26T14:02:02Z,26.340298,-76.996163,6.01,188.1,2,9,1.0
2024-03-26T14:02:07Z,26.340163,-76.996185,5.79,188.3,2,9,1.0
2024-03-26T14:02:17Z,26.339892,-76.996240,5.75,190.7,1,9,1.0
2024-03-26T14:02:22Z,26.339757,-76.996255,5.61,187.2,1,9,1.0
2024-03-26T14:02:27Z,26.339618,-76.996282,5.71,183.5,2,9,1.0
2024-03-26T14:02:32Z,26.339480,-76.996288,5.79,186.6,2,9,1.0
2024-03-26T14:02:37Z,26.339342,-76.996317,5.55,184.5,2,9,1.0
2024-03-26T14:02:42Z,26.339205,-76.996330,6.06,180.1,2,9,1.0
2024-03-26T14:02:52Z,26.338928,-76.996383,5.90,187.5,2,9,1.0
2024-03-26T14:02:57Z,26.338793,-76.996412,5.70,179.1,1,9,1.0
2024-03-26T14:03:02Z,26.338658,-76.996430,5.95,191.1,1,9,1.0
2024-03-26T14:03:07Z,26.338518,-76.996442,5.74,191.7,1,8,1.1
2024-03-26T14:03:12Z,26.338378,-76.996462,6.02,188.8,1,8,1.1
2024-03-26T14:03:17Z,26.338247,-76.996490,6.05,187.0,1,8,1.1
2024-03-26T14:03:27Z,26.337968,-76.996513,6.11,185.9,1,8,1.1
2024-03-26T14:03:32Z,26.337820,-76.996525,6.13,185.3,1,8,1.1
2024-03-26T14:03:37Z,26.337678,-76.996540,6.14,186.2,1,8,1.1
2024-03-26T14:03:42Z,26.337543,-76.996552,6.23,179.0,1,8,1.1
2024-03-26T14:03:47Z,26.337400,-76.996562,5.88,192.6,1,8,1.1
2024-03-26T14:03:52Z,26.337258,-76.996592,6.07,188.1,1,8,1.1
2024-03-26T14:04:02Z,26.336987,-76.996638,6.09,193.9,1,8,1.1
2024-03-26T14:04:07Z,26.336850,-76.996667,5.90,184.5,1,8,1.1
2024-03-26T14:04:12Z,26.336710,-76.996690,6.25,190.1,1,8,1.1
2024-03-26T14:04:17Z,26.336568,-76.996718,6.06,182.4,1,8,1.1
2024-03-26T14:04:22Z,26.336427,-76.996738,6.04,195.8,1,8,1.1
2024-03-26T14:04:27Z,26.336287,-76.996745,5.71,181.5,1,8,1.1
2024-03-26T14:04:37Z,26.336015,-76.996785,6.32,182.5,1,8,1.1
2024-03-26T14:04:42Z,26.335872,-76.996793,6.00,183.2,1,8,1.1
2024-03-26T14:04:47Z,26.335728,-76.996800,5.61,180.1,1,8,1.1
2024-03-26T14:04:52Z,26.335588,-76.996798,6.03,187.6,1,8,1.1
2024-03-26T14:04:57Z,26.335452,-76.996810,6.35,187.1,1,8,1.1
2024-03-26T14:05:02Z,26.335310,-76.996823,5.91,181.4,1,8,1.1
2024-03-26T14:05:12Z,26.335032,-76.996865,6.16,190.0,1,8,1.1
2024-03-26T14:05:17Z,26.334887,-76.996880,5.88,182.8,1,8,1.1
2024-03-26T14:05:22Z,26.334750,-76.996902,5.68,178.3,1,8,1.1
2024-03-26T14:05:27Z,26.334612,-76.996923,6.17,187.4,1,8,1.1
2024-03-26T14:05:32Z,26.334462,-76.996930,6.13,173.6,1,8,1.1
2024-03-26T14:05:37Z,26.334317,-76.996933,6.14,181.7,1,8,1.1
2024-03-26T14:05:47Z,26.334027,-76.996948,6.10,181.4,1,8,1.1
2024-03-26T14:05:52Z,26.333887,-76.996973,5.99,183.8,1,8,1.1
2024-03-26T14:05:57Z,26.333743,-76.996982,6.11,179.5,1,8,1.1
2024-03-26T14:06:02Z,26.333607,-76.996988,5.81,191.8,1,8,1.1
2024-03-26T14:06:07Z,26.333467,-76.997003,5.72,184.8,1,8,1.1
2024-03-26T14:06:12Z,26.333323,-76.997023,6.12,181.3,1,8,1.1
2024-03-26T14:06:22Z,26.333057,-76.997050,5.98,183.7,1,8,1.1
2024-03-26T14:06:27Z,26.332910,-76.997072,6.17,183.7,1,8,1.1
2024-03-26T14:06:32Z,26.332772,-76.997083,6.17,186.0,1,8,1.1
2024-03-26T14:06:37Z,26.332630,-76.997095,6.47,191.6,1,8,1.1
2024-03-26T14:06:42Z,26.332485,-76.997118,6.18,186.4,1,8,1.1
2024-03-26T14:06:47Z,26.332345,-76.997133,5.65,183.6,1,8,1.1
2024-03-26T14:06:57Z,26.332057,-76.997158,6.27,188.0,1,8,1.1
2024-03-26T14:07:02Z,26.331910,-76.997182,6.13,184.1,1,8,1.1
2024-03-26T14:07:07Z,26.331785,-76.997185,4.79,173.5,1,8,1.1
2024-03-26T14:07:12Z,26.331690,-76.997165,4.11,161.6,1,8,1.1
2024-03-26T14:07:17Z,26.331595,-76.997138,3.56,171.7,1,8,1.1
2024-03-26T14:07:22Z,26.331512,-76.997142,3.48,172.5,1,8,1.1
2024-03-26T14:07:32Z,26.331363,-76.997133,3.76,180.8,1,8,1.1
2024-03-26T14:07:37Z,26.331270,-76.997143,3.86,193.4,1,8,1.1
2024-03-26T14:07:42Z,26.331170,-76.997182,4.89,196.8,1,8,1.1
2024-03-26T14:07:47Z,26.331077,-76.997215,4.01,207.0,1,8,1.1
2024-03-26T14:07:52Z,26.331012,-76.997265,2.84,219.0,1,8,1.1
2024-03-26T14:07:57Z,26.330962,-76.997327,3.06,238.1,1,8,1.1
2024-03-26T14:08:07Z,26.330918,-76.997438,3.20,241.2,1,8,1.1
2024-03-26T14:08:12Z,26.330895,-76.997510,2.44,251.8,1,8,1.1
2024-03-26T14:08:17Z,26.330880,-76.997582,3.18,264.8,1,8,1.1
2024-03-26T14:08:22Z,26.330883,-76.997670,3.46,284.8,1,8,1.1
2024-03-26T14:08:27Z,26.330927,-76.997753,3.72,318.5,1,8,1.1
2024-03-26T14:08:32Z,26.331027,-76.997805,4.00,335.0,1,8,1.1
2024-03-26T14:08:42Z,26.331218,-76.997745,4.32,43.1,1,8,1.1
2024-03-26T14:08:47Z,26.331275,-76.997672,3.03,57.7,1,8,1.1
2024-03-26T14:08:52Z,26.331303,-76.997593,2.84,80.8,1,8,1.1
2024-03-26T14:08:57Z,26.331307,-76.997532,2.05,105.4,1,8,1.1
2024-03-26T14:09:02Z,26.331305,-76.997478,2.16,115.4,1,8,1.1
2024-03-26T14:09:07Z,26.331287,-76.997428,2.11,99.6,1,8,1.1
2024-03-26T14:09:17Z,26.331255,-76.997352,1.29,134.6,1,8,1.1
2024-03-26T14:09:22Z,26.331248,-76.997318,1.12,117.7,1,8,1.1
2024-03-26T14:09:27Z,26.331240,-76.997310,0.38,196.1,1,8,1.1
2024-03-26T14:09:32Z,26.331252,-76.997313,0.55,354.4,1,8,1.1
2024-03-26T14:09:37Z,26.331253,-76.997328,0.54,9.1,1,8,1.1
2024-03-26T14:09:42Z,26.331267,-76.997335,0.46,241.5,1,8,1.1
2024-03-26T14:09:52Z,26.331260,-76.997377,0.65,262.4,1,8,1.1
2024-03-26T14:09:57Z,26.331255,-76.997390,0.91,273.5,1,8,1.1
2024-03-26T14:10:02Z,26.331247,-76.997408,1.08,240.1,1,8,1.1
2024-03-26T14:10:07Z,26.331250,-76.997430,0.79,309.4,1,8,1.1
2024-03-26T14:10:12Z,26.331252,-76.997455,1.20,250.4,1,8,1.1
2024-03-26T14:10:17Z,26.331260,-76.997472,0.64,328.7,1,8,1.1
2024-03-26T14:10:27Z,26.331273,-76.997498,0.74,313.9,1,8,1.1
2024-03-26T14:10:32Z,26.331272,-76.997518,1.24,282.2,1,8,1.1
2024-03-26T14:10:37Z,26.331280,-76.997525,0.64,325.6,1,8,1.1
2024-03-26T14:10:42Z,26.331280,-76.997545,0.56,286.4,1,7,1.5
2024-03-26T14:10:47Z,26.331293,-76.997557,1.21,315.5,1,8,1.1
2024-03-26T14:10:52Z,26.331305,-76.997570,0.59,12.0,1,8,1.1
2024-03-26T14:11:02Z,26.331297,-76.997577,0.14,288.2,1,8,1.1
2024-03-26T14:11:07Z,26.331303,-76.997585,0.24,314.7,1,8,1.1
2024-03-26T14:11:12Z,26.331298,-76.997595,0.74,234.8,1,8,1.1
2024-03-26T14:11:17Z,26.331303,-76.997600,0.75,328.4,1,8,1.1
2024-03-26T14:11:22Z,26.331297,-76.997605,0.89,245.5,1,8,1.1
2024-03-26T14:11:27Z,26.331300,-76.997603,0.68,46.6,1,8,1.1
2024-03-26T14:11:37Z,26.331302,-76.997613,0.16,161.4,1,8,1.1
2024-03-26T14:11:42Z,26.331300,-76.997613,0.22,328.5,1,8,1.1
2024-03-26T14:11:47Z,26.331295,-76.997623,0.37,251.7,1,8,1.1
2024-03-26T14:11:52Z,26.331297,-76.997627,0.34,6.3,1,8,1.1
2024-03-26T14:11:57Z,26.331295,-76.997628,0.09,318.4,1,8,1.1
2024-03-26T14:12:02Z,26.331288,-76.997638,0.07,99.6,1,8,1.1
2024-03-26T14:12:07Z,26.331287,-76.997635,0.15,124.9,1,8,1.1
2024-03-26T14:12:12Z,26.331282,-76.997633,0.33,96.2,1,8,1.1
2024-03-26T14:12:17Z,26.331280,-76.997630,1.48,207.9,1,8,1.1
2024-03-26T14:12:22Z,26.331272,-76.997633,0.54,108.6,1,8,1.1
2024-03-26T14:12:27Z,26.331270,-76.997625,0.93,222.8,1,8,1.1
2024-03-26T14:12:32Z,26.331262,-76.997628,0.43,86.6,1,8,1.1
2024-03-26T14:12:42Z,26.331257,-76.997620,0.20,98.2,1,8,1.1
2024-03-26T14:12:47Z,26.331248,-76.997623,0.49,59.0,1,8,1.1
2024-03-26T14:12:52Z,26.331257,-76.997620,0.41,359.0,1,8,1.1
2024-03-26T14:12:57Z,26.331248,-76.997627,0.11,134.2,1,8,1.1
2024-03-26T14:13:02Z,26.331245,-76.997628,0.25,350.3,1,8,1.1
2024-03-26T14:13:07Z,26.331240,-76.997635,0.38,286.1,1,8,1.1
2024-03-26T14:13:17Z,26.331245,-76.997633,0.62,212.0,1,8,1.1
2024-03-26T14:13:22Z,26.331242,-76.997640,0.33,19.4,1,8,1.1
2024-03-26T14:13:27Z,26.331238,-76.997643,0.73,214.1,1,8,1.1
2024-03-26T14:13:32Z,26.331235,-76.997645,0.73,52.8,1,8,1.1
2024-03-26T14:13:37Z,26.331232,-76.997657,0.36,278.9,1,8,1.1
2024-03-26T14:13:42Z,26.331237,-76.997655,0.32,7.2,1,8,1.1
2024-03-26T14:13:52Z,26.331245,-76.997655,0.15,250.0,1,8,1.1
2024-03-26T14:13:57Z,26.331242,-76.997660,0.43,37.9,1,8,1.1
2024-03-26T14:14:02Z,26.331248,-76.997650,0.45,33.0,1,8,1.1
2024-03-26T14:14:07Z,26.331250,-76.997648,0.30,50.0,1,9,0.8
2024-03-26T14:14:12Z,26.331260,-76.997638,0.81,40.5,1,9,0.8
2024-03-26T14:14:22Z,26.331272,-76.997638,0.09,97.1,1,9,0.8
2024-03-26T14:14:27Z,26.331275,-76.997640,0.17,329.1,1,9,0.8
2024-03-26T14:14:32Z,26.331277,-76.997645,0.46,253.7,1,9,0.8
2024-03-26T14:14:37Z,26.331280,-76.997645,0.33,224.1,1,9,0.8
2024-03-26T14:14:42Z,26.331277,-76.997650,0.05,87.9,1,9,0.8
2024-03-26T14:14:52Z,26.331265,-76.997642,0.47,183.2,1,9,0.8
2024-03-26T14:14:57Z,26.331255,-76.997645,0.85,203.6,1,9,0.8
2024-03-26T14:15:02Z,26.331238,-76.997652,0.73,188.9,1,8,1.1
2024-03-26T14:15:07Z,26.331230,-76.997642,0.69,171.4,1,8,1.1
2024-03-26T14:15:12Z,26.331215,-76.997640,0.79,59.9,1,8,1.1
2024-03-26T14:15:22Z,26.331212,-76.997620,0.31,114.5,1,8,1.1
2024-03-26T14:15:27Z,26.331192,-76.997620,0.45,205.8,1,8,1.1
2024-03-26T14:15:32Z,26.331188,-76.997625,0.29,263.4,1,8,1.1
2024-03-26T14:15:37Z,26.331187,-76.997625,0.13,15.5,1,9,0.8
2024-03-26T14:15:42Z,26.331187,-76.997623,0.09,94.7,1,9,0.8
2024-03-26T14:15:52Z,26.331195,-76.997638,0.35,345.6,1,9,0.8
2024-03-26T14:15:57Z,26.331193,-76.997633,1.06,189.1,1,8,1.1
2024-03-26T14:16:02Z,26.331202,-76.997637,0.61,25.6,1,8,1.1
2024-03-26T14:16:07Z,26.331195,-76.997648,0.68,247.2,1,8,1.1
2024-03-26T14:16:12Z,26.331197,-76.997650,0.51,342.8,1,8,1.1
2024-03-26T14:16:22Z,26.331207,-76.997662,0.27,81.7,1,8,1.1
2024-03-26T14:16:27Z,26.331208,-76.997658,0.52,34.0,1,9,0.8
2024-03-26T14:16:32Z,26.331212,-76.997657,0.10,152.6,1,9,0.8
2024-03-26T14:16:37Z,26.331220,-76.997652,1.25,38.5,1,9,0.8
2024-03-26T14:16:42Z,26.331233,-76.997643,0.73,38.2,1,9,0.8
2024-03-26T14:16:52Z,26.331245,-76.997633,0.64,42.7,1,8,0.9
2024-03-26T14:16:57Z,26.331245,-76.997637,1.11,218.6,1,9,0.8
2024-03-26T14:17:02Z,26.331245,-76.997640,0.06,319.2,1,9,0.8
2024-03-26T14:17:07Z,26.331258,-76.997647,0.71,330.8,1,9,0.8
2024-03-26T14:17:12Z,26.331267,-76.997653,0.43,214.9,1,9,0.8
2024-03-26T14:17:17Z,26.331273,-76.997653,0.23,21.7,1,9,0.8
2024-03-26T14:17:27Z,26.331263,-76.997645,0.09,62.2,1,9,0.8
2024-03-26T14:17:32Z,26.331255,-76.997657,0.57,34.6,1,9,0.8
2024-03-26T14:17:37Z,26.331260,-76.997653,0.17,198.1,1,9,0.8
2024-03-26T14:17:42Z,26.331258,-76.997667,0.30,62.4,1,9,0.8
2024-03-26T14:17:47Z,26.331255,-76.997667,0.07,324.9,1,9,0.8
2024-03-26T14:17:57Z,26.331253,-76.997662,0.16,238.9,1,8,1.1
2024-03-26T14:18:02Z,26.331252,-76.997665,0.28,258.0,1,8,1.1
2024-03-26T14:18:07Z,26.331258,-76.997658,0.55,64.2,1,8,1.1
2024-03-26T14:18:12Z,26.331255,-76.997660,0.38,249.1,1,8,1.1
2024-03-26T14:18:17Z,26.331265,-76.997653,0.70,17.1,1,8,1.1
2024-03-26T14:18:27Z,26.331272,-76.997650,0.11,54.9,1,8,1.1
2024-03-26T14:18:32Z,26.331273,-76.997653,0.69,27.8,1,8,1.1
2024-03-26T14:18:37Z,26.331283,-76.997643,0.36,61.8,1,8,1.1
2024-03-26T14:18:42Z,26.331287,-76.997635,0.14,30.4,1,8,1.1
2024-03-26T14:18:52Z,26.331283,-76.997628,0.33,254.1,1,8,1.1
2024-03-26T14:18:57Z,26.331268,-76.997643,0.24,190.6,1,8,1.1
2024-03-26T14:19:02Z,26.331268,-76.997640,0.31,160.7,1,8,1.1
2024-03-26T14:19:07Z,26.331258,-76.997638,0.72,181.7,1,8,1.1
2024-03-26T14:19:12Z,26.331252,-76.997630,0.79,202.6,1,8,1.1
2024-03-26T14:19:22Z,26.331235,-76.997628,0.43,244.0,1,9,0.8
2024-03-26T14:19:27Z,26.331228,-76.997638,0.27,199.4,1,8,1.1
2024-03-26T14:19:32Z,26.331217,-76.997637,0.39,114.8,1,8,1.1
2024-03-26T14:19:37Z,26.331217,-76.997625,0.40,167.0,1,8,1.1
2024-03-26T14:19:42Z,26.331203,-76.997630,0.38,99.9,1,8,1.1
2024-03-26T14:19:47Z,26.331207,-76.997620,0.43,192.2,1,8,1.1
2024-03-26T14:19:52Z,26.331197,-76.997622,0.49,115.2,1,8,1.1
2024-03-26T14:19:57Z,26.331193,-76.997617,0.39,213.4,1,8,1.1
2024-03-26T14:20:02Z,26.331193,-76.997622,0.37,17.0,1,8,1.1
2024-03-26T14:20:07Z,26.331197,-76.997618,0.34,165.0,1,8,1.1
2024-03-26T14:20:12Z,26.331187,-76.997628,0.24,330.2,1,8,1.1
2024-03-26T14:20:17Z,26.331188,-76.997633,0.41,294.0,1,8,1.1
2024-03-26T14:20:22Z,26.331195,-76.997640,0.50,307.6,1,8,1.1
2024-03-26T14:20:27Z,26.331198,-76.997653,1.00,304.4,1,8,1.1
2024-03-26T14:20:32Z,26.331205,-76.997652,0.39,19.1,1,8,1.1
2024-03-26T14:20:42Z,26.331185,-76.997638,0.43,257.2,1,9,0.8
2024-03-26T14:20:47Z,26.331188,-76.997653,0.28,189.2,1,9,0.8
2024-03-26T14:20:52Z,26.331198,-76.997657,0.36,0.6,1,9,0.8
2024-03-26T14:20:57Z,26.331207,-76.997657,0.60,38.1,1,9,0.8
2024-03-26T14:21:07Z,26.331217,-76.997668,0.32,19.7,1,9,0.8
2024-03-26T14:21:12Z,26.331225,-76.997667,0.32,304.7,1,9,0.8
2024-03-26T14:21:17Z,26.331233,-76.997670,0.48,346.3,1,9,0.8
2024-03-26T14:21:22Z,26.331252,-76.997658,0.95,40.9,1,9,0.8
2024-03-26T14:21:32Z,26.331263,-76.997658,0.96,43.0,1,9,0.8
2024-03-26T14:21:37Z,26.331267,-76.997655,0.41,266.0,1,9,0.8
2024-03-26T14:21:42Z,26.331267,-76.997665,0.11,34.9,1,9,0.8
2024-03-26T14:21:47Z,26.331263,-76.997663,0.27,25.4,1,9,0.8
2024-03-26T14:21:52Z,26.331273,-76.997665,0.29,281.4,1,9,0.8
2024-03-26T14:21:57Z,26.331267,-76.997677,0.13,301.3,1,9,0.8
2024-03-26T14:22:02Z,26.331270,-76.997667,0.15,263.8,1,9,0.8
2024-03-26T14:22:07Z,26.331270,-76.997675,0.15,292.4,1,8,1.1
2024-03-26T14:22:12Z,26.331272,-76.997680,0.05,85.0,1,8,1.1
2024-03-26T14:22:17Z,26.331262,-76.997663,0.51,193.5,1,8,1.1
2024-03-26T14:22:22Z,26.331258,-76.997640,0.47,40.6,1,8,1.1
2024-03-26T14:22:27Z,26.331255,-76.997642,0.15,302.4,1,8,1.1
2024-03-26T14:22:32Z,26.331267,-76.997637,0.35,23.6,1,8,1.1
2024-03-26T14:22:37Z,26.331265,-76.997652,0.30,199.8,1,8,1.1
2024-03-26T14:22:42Z,26.331262,-76.997653,0.14,344.6,1,8,1.1
2024-03-26T14:22:47Z,26.331270,-76.997647,0.31,86.9,1,8,1.1
2024-03-26T14:22:52Z,26.331265,-76.997643,0.37,59.8,1,8,1.1
2024-03-26T14:22:57Z,26.331270,-76.997635,1.00,219.6,1,8,1.1
2024-03-26T14:23:02Z,26.331265,-76.997635,0.33,88.9,1,8,1.1
2024-03-26T14:23:07Z,26.331263,-76.997630,0.30,195.2,1,8,1.1
2024-03-26T14:23:12Z,26.331253,-76.997630,0.38,138.3,1,8,1.1
2024-03-26T14:23:22Z,26.331243,-76.997627,0.84,210.0,1,8,1.1
2024-03-26T14:23:27Z,26.331235,-76.997638,0.31,219.7,1,8,1.1
2024-03-26T14:23:32Z,26.331228,-76.997647,0.88,213.8,1,8,1.1
2024-03-26T14:23:37Z,26.331218,-76.997647,0.20,265.1,1,8,1.1
2024-03-26T14:23:42Z,26.331218,-76.997645,0.29,172.1,1,8,1.1
2024-03-26T14:23:47Z,26.331220,-76.997633,0.39,218.0,1,8,1.1
2024-03-26T14:23:52Z,26.331217,-76.997645,0.52,325.9,1,9,0.8
2024-03-26T14:23:57Z,26.331222,-76.997655,0.46,269.0,1,9,0.8
2024-03-26T14:24:02Z,26.331228,-76.997667,0.73,13.4,1,8,1.1
2024-03-26T14:24:07Z,26.331233,-76.997670,0.30,182.9,1,9,0.8
2024-03-26T14:24:17Z,26.331247,-76.997660,0.50,195.2,1,9,0.8
2024-03-26T14:24:22Z,26.331243,-76.997657,0.23,57.3,1,9,0.8
2024-03-26T14:24:27Z,26.331245,-76.997647,0.55,188.1,1,9,0.8
2024-03-26T14:24:32Z,26.331247,-76.997652,0.59,31.8,1,9,0.8
2024-03-26T14:24:42Z,26.331250,-76.997655,0.28,94.3,1,9,0.8
2024-03-26T14:24:47Z,26.331257,-76.997655,0.27,131.1,1,8,1.1
2024-03-26T14:24:52Z,26.331257,-76.997648,0.60,45.1,1,8,1.1
2024-03-26T14:24:57Z,26.331250,-76.997635,0.69,163.2,1,8,1.1
2024-03-26T14:25:07Z,26.331247,-76.997633,0.33,214.9,1,8,1.1
2024-03-26T14:25:12Z,26.331248,-76.997635,0.23,45.4,1,8,1.1
2024-03-26T14:25:17Z,26.331248,-76.997633,0.15,236.6,1,8,1.1
2024-03-26T14:25:22Z,26.331247,-76.997633,0.32,85.2,1,8,1.1
2024-03-26T14:25:32Z,26.331235,-76.997645,0.29,198.8,1,9,0.8
2024-03-26T14:25:37Z,26.331235,-76.997642,0.27,150.7,1,9,0.8
2024-03-26T14:25:42Z,26.331225,-76.997640,0.88,197.7,1,8,0.9
2024-03-26T14:25:47Z,26.331222,-76.997633,0.11,28.3,1,9,0.8
2024-03-26T14:25:52Z,26.331218,-76.997632,0.13,137.5,1,8,1.1
2024-03-26T14:25:57Z,26.331212,-76.997623,0.63,179.8,1,8,1.1
2024-03-26T14:26:02Z,26.331215,-76.997618,0.34,53.1,1,8,1.1
2024-03-26T14:26:07Z,26.331205,-76.997620,0.97,212.7,1,8,1.1
2024-03-26T14:26:12Z,26.331200,-76.997627,0.09,265.7,1,8,1.1
2024-03-26T14:26:17Z,26.331200,-76.997633,0.67,222.7,1,8,1.1
2024-03-26T14:26:22Z,26.331200,-76.997628,0.36,11.6,1,8,1.1
2024-03-26T14:26:27Z,26.331205,-76.997642,0.17,255.2,1,8,1.1
2024-03-26T14:26:32Z,26.331208,-76.997657,0.39,35.6,1,9,0.8
2024-03-26T14:26:37Z,26.331218,-76.997655,0.74,67.9,1,9,0.8
2024-03-26T14:26:42Z,26.331223,-76.997662,0.33,326.9,1,9,0.8
2024-03-26T14:26:52Z,26.331228,-76.997678,1.06,227.4,1,9,0.8
2024-03-26T14:26:57Z,26.331227,-76.997668,0.26,150.8,1,9,0.8
2024-03-26T14:27:02Z,26.331218,-76.997660,0.13,18.8,1,9,0.8
2024-03-26T14:27:07Z,26.331222,-76.997652,0.45,48.4,1,8,0.9
2024-03-26T14:27:17Z,26.331218,-76.997658,0.64,62.9,1,8,1.1
2024-03-26T14:27:22Z,26.331223,-76.997660,0.72,227.6,1,10,0.8
2024-03-26T14:27:27Z,26.331220,-76.997655,0.77,74.5,1,10,0.8
2024-03-26T14:27:32Z,26.331223,-76.997655,0.47,40.9,1,10,0.8
2024-03-26T14:27:42Z,26.331235,-76.997647,0.50,83.2,1,10,0.8
2024-03-26T14:27:47Z,26.331238,-76.997648,0.44,47.7,1,10,0.8
2024-03-26T14:27:52Z,26.331247,-76.997645,0.05,286.2,1,10,0.8
2024-03-26T14:27:57Z,26.331242,-76.997653,0.13,246.7,1,10,0.8
2024-03-26T14:28:02Z,26.331247,-76.997653,0.14,352.5,1,10,0.8
2024-03-26T14:28:07Z,26.331248,-76.997660,0.48,227.9,1,10,0.8
2024-03-26T14:28:12Z,26.331242,-76.997667,0.22,247.9,1,10,0.8
2024-03-26T14:28:17Z,26.331238,-76.997667,0.29,143.3,1,10,0.8
2024-03-26T14:28:22Z,26.331227,-76.997665,0.16,197.8,1,10,0.8
2024-03-26T14:28:27Z,26.331227,-76.997660,1.30,47.4,1,10,0.8
2024-03-26T14:28:37Z,26.331240,-76.997648,0.44,46.2,1,10,0.8
2024-03-26T14:28:42Z,26.331233,-76.997660,0.18,336.8,1,10,0.8
2024-03-26T14:28:47Z,26.331238,-76.997665,0.48,347.0,1,10,0.8
2024-03-26T14:28:52Z,26.331238,-76.997668,0.26,259.1,1,10,0.8
2024-03-26T14:28:57Z,26.331238,-76.997665,0.71,61.8,1,10,0.8
2024-03-26T14:29:02Z,26.331248,-76.997658,0.62,80.1,1,10,0.8
2024-03-26T14:29:07Z,26.331243,-76.997653,0.12,122.8,1,10,0.8
2024-03-26T14:29:12Z,26.331253,-76.997653,0.36,20.4,1,10,0.8
2024-03-26T14:29:17Z,26.331268,-76.997642,0.16,162.7,1,10,0.8
2024-03-26T14:29:22Z,26.331263,-76.997648,0.42,48.8,1,10,0.8
2024-03-26T14:29:27Z,26.331267,-76.997653,0.37,3.4,1,10,0.8
2024-03-26T14:29:32Z,26.331277,-76.997652,0.32,262.0,1,9,0.9
2024-03-26T14:29:37Z,26.331278,-76.997655,0.31,26.9,1,10,0.8
2024-03-26T14:29:42Z,26.331290,-76.997652,0.20,263.2,1,10,0.8
2024-03-26T14:29:47Z,26.331283,-76.997658,0.41,62.8,1,10,0.8
2024-03-26T14:29:52Z,26.331283,-76.997662,0.30,131.4,1,10,0.8
2024-03-26T14:29:57Z,26.331273,-76.997658,0.50,96.2,1,10,0.8
2024-03-26T14:30:02Z,26.331268,-76.997657,0.20,198.7,1,9,0.9
2024-03-26T14:30:07Z,26.331258,-76.997665,0.22,145.2,1,9,0.9
2024-03-26T14:30:12Z,26.331263,-76.997647,0.47,79.2,1,9,0.9
2024-03-26T14:30:17Z,26.331255,-76.997645,0.10,282.5,1,10,0.8
2024-03-26T14:30:22Z,26.331262,-76.997632,0.44,37.1,1,9,0.9
2024-03-26T14:30:27Z,26.331260,-76.997630,0.18,225.4,1,10,0.8
2024-03-26T14:30:32Z,26.331255,-76.997627,0.40,132.8,1,10,0.8
2024-03-26T14:30:37Z,26.331255,-76.997625,0.74,207.7,1,10,0.8
2024-03-26T14:30:42Z,26.331245,-76.997625,0.53,183.2,1,10,0.8
2024-03-26T14:30:47Z,26.331242,-76.997628,0.51,235.5,1,9,0.8
2024-03-26T14:30:52Z,26.331232,-76.997632,0.13,184.2,1,10,0.8
2024-03-26T14:30:57Z,26.331230,-76.997632,0.52,72.0,1,10,0.8
2024-03-26T14:31:02Z,26.331227,-76.997623,0.68,176.1,1,9,0.9
2024-03-26T14:31:07Z,26.331227,-76.997622,0.35,139.3,1,10,0.8
2024-03-26T14:31:12Z,26.331213,-76.997625,0.53,194.7,1,10,0.8
2024-03-26T14:31:17Z,26.331212,-76.997628,0.55,57.4,1,10,0.8
2024-03-26T14:31:27Z,26.331208,-76.997632,0.25,292.4,1,10,0.8
2024-03-26T14:31:32Z,26.331215,-76.997642,0.45,352.6,1,10,0.8
2024-03-26T14:31:37Z,26.331215,-76.997647,0.70,240.2,1,10,0.8
2024-03-26T14:31:42Z,26.331218,-76.997658,0.49,21.0,1,10,0.8
2024-03-26T14:31:52Z,26.331222,-76.997660,0.44,81.5,1,9,0.9
2024-03-26T14:31:57Z,26.331215,-76.997660,1.16,227.7,1,10,0.8
2024-03-26T14:32:02Z,26.331217,-76.997663,0.37,99.4,1,10,0.8
2024-03-26T14:32:07Z,26.331217,-76.997658,0.48,240.8,1,10,0.8
2024-03-26T14:32:12Z,26.331217,-76.997657,0.23,9.9,1,10,0.8
2024-03-26T14:32:17Z,26.331227,-76.997652,0.65,53.1,1,10,0.8
2024-03-26T14:32:22Z,26.331223,-76.997653,0.24,215.6,1,10,0.8
2024-03-26T14:32:27Z,26.331230,-76.997652,0.58,29.0,1,10,0.8
2024-03-26T14:32:32Z,26.331235,-76.997650,0.19,39.0,1,10,0.8
2024-03-26T14:32:37Z,26.331235,-76.997650,0.03,252.3,1,10,0.8
2024-03-26T14:32:42Z,26.331243,-76.997657,0.83,34.2,1,10,0.8
2024-03-26T14:32:52Z,26.331252,-76.997667,0.19,224.9,1,10,0.8
2024-03-26T14:32:57Z,26.331252,-76.997668,0.31,231.2,1,9,0.9
2024-03-26T14:33:02Z,26.331245,-76.997667,0.72,84.8,1,9,0.9
2024-03-26T14:33:07Z,26.331235,-76.997658,0.28,144.5,1,9,0.9
2024-03-26T14:33:12Z,26.331232,-76.997652,0.58,61.6,1,9,0.9
2024-03-26T14:33:22Z,26.331217,-76.997632,0.41,114.8,1,9,0.9
2024-03-26T14:33:27Z,26.331207,-76.997630,0.94,210.6,1,9,0.9
2024-03-26T14:33:32Z,26.331203,-76.997628,0.08,101.6,1,9,0.9
2024-03-26T14:33:37Z,26.331197,-76.997628,0.26,236.6,1,10,0.8
2024-03-26T14:33:42Z,26.331195,-76.997627,0.40,34.3,1,9,0.8
2024-03-26T14:33:52Z,26.331190,-76.997630,0.41,101.8,1,10,0.8
2024-03-26T14:33:57Z,26.331185,-76.997630,0.60,44.8,1,10,0.8
2024-03-26T14:34:02Z,26.331177,-76.997627,0.57,133.7,1,9,0.9
2024-03-26T14:34:07Z,26.331158,-76.997638,0.71,235.2,1,10,0.8
2024-03-26T14:34:12Z,26.331157,-76.997640,0.35,82.2,1,10,0.8
2024-03-26T14:34:22Z,26.331162,-76.997642,0.22,293.3,1,9,0.9
2024-03-26T14:34:27Z,26.331170,-76.997655,1.16,31.3,1,10,0.8
2024-03-26T14:34:32Z,26.331185,-76.997650,0.86,47.3,1,10,0.8
2024-03-26T14:34:37Z,26.331175,-76.997663,0.14,339.4,1,10,0.8
2024-03-26T14:34:42Z,26.331182,-76.997658,0.17,22.1,1,10,0.8
2024-03-26T14:34:52Z,26.331193,-76.997662,0.38,25.4,1,10,0.8
2024-03-26T14:34:57Z,26.331195,-76.997670,0.76,225.7,1,10,0.8
2024-03-26T14:35:02Z,26.331192,-76.997675,0.83,35.6,1,10,0.8
2024-03-26T14:35:07Z,26.331198,-76.997675,0.87,234.6,1,10,0.8
2024-03-26T14:35:12Z,26.331202,-76.997678,0.74,37.1,1,10,0.8
2024-03-26T14:35:22Z,26.331205,-76.997672,0.27,33.2,1,10,0.8
2024-03-26T14:35:27Z,26.331213,-76.997668,0.01,276.6,1,10,0.8
2024-03-26T14:35:32Z,26.331212,-76.997665,0.48,63.0,1,10,0.8
2024-03-26T14:35:37Z,26.331220,-76.997660,0.33,45.8,1,10,0.8
2024-03-26T14:35:42Z,26.331222,-76.997667,0.08,239.7,1,10,0.8
2024-03-26T14:35:52Z,26.331222,-76.997673,0.35,92.1,1,10,0.8
2024-03-26T14:35:57Z,26.331215,-76.997682,0.68,244.5,1,10,0.8
2024-03-26T14:36:02Z,26.331212,-76.997682,0.30,126.9,1,9,0.9
2024-03-26T14:36:07Z,26.331213,-76.997678,0.26,120.6,1,10,0.8
2024-03-26T14:36:12Z,26.331215,-76.997672,0.22,250.2,1,10,0.8
2024-03-26T14:36:22Z,26.331218,-76.997668,0.66,58.1,1,10,0.8
2024-03-26T14:36:27Z,26.331222,-76.997660,0.34,52.8,1,10,0.8
2024-03-26T14:36:32Z,26.331228,-76.997662,0.51,2.2,1,10,0.8
2024-03-26T14:36:37Z,26.331237,-76.997668,0.34,311.8,1,10,0.8
2024-03-26T14:36:42Z,26.331243,-76.997670,0.64,39.1,1,10,0.8
2024-03-26T14:36:47Z,26.331258,-76.997672,0.48,24.3,1,10,0.8
2024-03-26T14:36:52Z,26.331258,-76.997673,0.17,217.8,1,9,0.9
2024-03-26T14:36:57Z,26.331262,-76.997662,0.05,77.5,1,10,0.8
2024-03-26T14:37:02Z,26.331267,-76.997660,0.20,38.0,1,10,0.8
2024-03-26T14:37:07Z,26.331268,-76.997660,0.28,325.5,1,10,0.8
2024-03-26T14:37:12Z,26.331275,-76.997662,0.47,319.1,1,10,0.8
2024-03-26T14:37:22Z,26.331280,-76.997660,0.43,11.7,1,10,0.8
2024-03-26T14:37:27Z,26.331285,-76.997660,0.25,50.4,1,10,0.8
2024-03-26T14:37:32Z,26.331292,-76.997657,0.51,35.4,1,10,0.8
2024-03-26T14:37:37Z,26.331297,-76.997650,0.53,235.4,1,10,0.8
2024-03-26T14:37:42Z,26.331297,-76.997655,0.21,49.3,1,10,0.8
2024-03-26T14:37:52Z,26.331288,-76.997643,0.23,116.2,1,9,0.9
2024-03-26T14:37:57Z,26.331283,-76.997640,0.60,101.4,1,10,0.8
2024-03-26T14:38:02Z,26.331287,-76.997628,0.13,5.6,1,10,0.8
2024-03-26T14:38:07Z,26.331280,-76.997627,0.35,189.5,1,9,0.9
2024-03-26T14:38:12Z,26.331272,-76.997627,0.28,189.7,1,9,0.9
2024-03-26T14:38:22Z,26.331260,-76.997638,0.44,53.7,1,10,0.8
2024-03-26T14:38:27Z,26.331253,-76.997640,0.87,227.5,1,10,0.8
2024-03-26T14:38:32Z,26.331248,-76.997645,0.39,64.0,1,9,0.9
2024-03-26T14:38:37Z,26.331250,-76.997635,0.07,285.1,1,9,0.9
2024-03-26T14:38:42Z,26.331248,-76.997637,0.47,173.8,1,10,0.8
2024-03-26T14:38:47Z,26.331230,-76.997635,0.46,143.1,1,10,0.8
2024-03-26T14:38:57Z,26.331215,-76.997645,0.21,70.1,1,9,0.9
2024-03-26T14:39:02Z,26.331222,-76.997640,0.46,254.8,1,9,0.9
2024-03-26T14:39:07Z,26.331215,-76.997650,0.18,102.0,1,9,0.9
2024-03-26T14:39:12Z,26.331222,-76.997637,0.40,44.2,1,10,0.8
2024-03-26T14:39:17Z,26.331220,-76.997645,0.53,251.6,1,10,0.8
2024-03-26T14:39:27Z,26.331222,-76.997650,0.40,279.8,1,9,0.9
2024-03-26T14:39:32Z,26.331223,-76.997647,0.38,49.1,1,10,0.8
2024-03-26T14:39:37Z,26.331220,-76.997655,0.12,231.2,1,10,0.8
2024-03-26T14:39:42Z,26.331217,-76.997662,0.34,286.3,1,10,0.8
2024-03-26T14:39:47Z,26.331222,-76.997667,0.23,318.8,1,10,0.8
2024-03-26T14:39:52Z,26.331225,-76.997673,0.21,242.4,1,10,0.8
2024-03-26T14:40:02Z,26.331233,-76.997673,0.26,146.2,1,10,0.8
2024-03-26T14:40:07Z,26.331227,-76.997677,0.24,137.4,1,10,0.8
2024-03-26T14:40:12Z,26.331222,-76.997670,0.61,201.5,1,10,0.8
2024-03-26T14:40:17Z,26.331223,-76.997665,0.36,136.1,1,10,0.8
2024-03-26T14:40:22Z,26.331208,-76.997668,0.92,213.5,1,9,0.9
2024-03-26T14:40:32Z,26.331208,-76.997662,0.17,217.6,1,10,0.8
2024-03-26T14:40:37Z,26.331198,-76.997665,0.63,221.3,1,10,0.8
2024-03-26T14:40:42Z,26.331195,-76.997662,0.59,57.6,1,10,0.8
2024-03-26T14:40:47Z,26.331198,-76.997660,0.57,47.2,1,10,0.8
2024-03-26T14:40:52Z,26.331200,-76.997657,0.24,278.3,1,10,0.8
2024-03-26T14:41:02Z,26.331215,-76.997662,0.54,10.6,1,10,0.8
2024-03-26T14:41:07Z,26.331225,-76.997660,0.74,20.9,1,10,0.8
2024-03-26T14:41:12Z,26.331237,-76.997663,0.73,251.4,1,10,0.8
2024-03-26T14:41:17Z,26.331240,-76.997653,0.29,101.5,1,10,0.8
2024-03-26T14:41:22Z,26.331247,-76.997648,0.42,308.2,1,10,0.8
2024-03-26T14:41:32Z,26.331257,-76.997652,0.24,4.4,1,10,0.8
2024-03-26T14:41:37Z,26.331258,-76.997653,0.24,91.2,1,10,0.8
2024-03-26T14:41:42Z,26.331250,-76.997663,0.16,124.2,1,10,0.8
2024-03-26T14:41:47Z,26.331260,-76.997652,0.86,49.7,1,10,0.8
2024-03-26T14:41:52Z,26.331253,-76.997657,0.28,193.9,1,10,0.8
2024-03-26T14:42:02Z,26.331243,-76.997653,0.43,191.4,1,10,0.8
2024-03-26T14:42:07Z,26.331237,-76.997653,0.31,32.8,1,10,0.8
2024-03-26T14:42:12Z,26.331237,-76.997652,0.50,149.1,1,10,0.8
2024-03-26T14:42:17Z,26.331233,-76.997645,1.26,202.2,1,10,0.8
2024-03-26T14:42:22Z,26.331220,-76.997643,0.38,94.1,1,10,0.8
2024-03-26T14:42:32Z,26.331212,-76.997642,0.32,78.3,1,9,0.9
2024-03-26T14:42:37Z,26.331210,-76.997638,0.19,206.4,1,10,0.8
2024-03-26T14:42:42Z,26.331207,-76.997648,0.97,250.9,1,10,0.8
2024-03-26T14:42:47Z,26.331208,-76.997652,0.09,304.0,1,10,0.8
2024-03-26T14:42:52Z,26.331212,-76.997653,0.53,272.7,1,10,0.8
2024-03-26T14:43:02Z,26.331220,-76.997653,0.19,320.5,1,10,0.8
2024-03-26T14:43:07Z,26.331225,-76.997652,0.41,13.9,1,9,0.9
2024-03-26T14:43:12Z,26.331232,-76.997657,0.26,264.1,1,10,0.8
2024-03-26T14:43:17Z,26.331232,-76.997665,0.43,46.0,1,10,0.8
2024-03-26T14:43:22Z,26.331235,-76.997663,0.13,251.5,1,10,0.8
2024-03-26T14:43:27Z,26.331230,-76.997663,0.15,257.4,1,10,0.8
2024-03-26T14:43:32Z,26.331230,-76.997660,0.66,62.6,1,10,0.8
2024-03-26T14:43:37Z,26.331238,-76.997652,0.37,53.8,1,10,0.8
2024-03-26T14:43:42Z,26.331243,-76.997648,0.15,336.9,1,10,0.8
2024-03-26T14:43:47Z,26.331253,-76.997647,0.25,357.8,1,10,0.8
2024-03-26T14:43:52Z,26.331265,-76.997645,0.35,323.7,1,10,0.8
2024-03-26T14:44:02Z,26.331275,-76.997657,0.49,20.4,1,10,0.8
2024-03-26T14:44:07Z,26.331280,-76.997645,0.46,77.0,1,10,0.8
2024-03-26T14:44:12Z,26.331280,-76.997643,0.67,44.6,1,10,0.8
2024-03-26T14:44:17Z,26.331288,-76.997633,0.63,18.7,1,10,0.8
2024-03-26T14:44:22Z,26.331290,-76.997638,0.42,63.4,1,10,0.8
2024-03-26T14:44:27Z,26.331287,-76.997640,0.23,17.2,1,10,0.8
2024-03-26T14:44:37Z,26.331283,-76.997650,0.92,217.0,1,10,0.8
2024-03-26T14:44:42Z,26.331283,-76.997650,0.24,29.1,1,10,0.8
2024-03-26T14:44:47Z,26.331280,-76.997655,0.73,202.4,1,9,0.9
2024-03-26T14:44:52Z,26.331277,-76.997657,0.23,152.7,1,9,0.9
2024-03-26T14:44:57Z,26.331263,-76.997655,0.30,121.7,1,10,0.8
2024-03-26T14:45:02Z,26.331257,-76.997645,0.71,102.0,1,10,0.8
2024-03-26T14:45:12Z,26.331242,-76.997628,0.39,191.8,1,10,0.8
2024-03-26T14:45:17Z,26.331250,-76.997612,0.56,62.8,1,9,0.9
2024-03-26T14:45:22Z,26.331237,-76.997615,0.23,140.7,1,10,0.8
2024-03-26T14:45:27Z,26.331238,-76.997608,0.16,188.9,1,10,0.8
2024-03-26T14:45:32Z,26.331232,-76.997610,0.89,220.2,1,10,0.8
2024-03-26T14:45:37Z,26.331228,-76.997615,0.22,225.9,1,10,0.8
2024-03-26T14:45:42Z,26.331228,-76.997623,0.41,315.1,1,10,0.8
2024-03-26T14:45:47Z,26.331232,-76.997623,0.06,253.3,1,10,0.8
2024-03-26T14:45:52Z,26.331230,-76.997628,0.53,37.9,1,10,0.8
2024-03-26T14:45:57Z,26.331228,-76.997637,0.89,235.7,1,10,0.8
2024-03-26T14:46:02Z,26.331225,-76.997637,0.13,34.5,1,10,0.8
2024-03-26T14:46:12Z,26.331225,-76.997647,0.34,341.4,1,10,0.8
2024-03-26T14:46:17Z,26.331230,-76.997645,0.34,106.8,1,10,0.8
2024-03-26T14:46:22Z,26.331235,-76.997657,0.52,346.3,1,10,0.8
2024-03-26T14:46:27Z,26.331252,-76.997653,0.51,50.1,1,10,0.8
2024-03-26T14:46:32Z,26.331248,-76.997658,0.59,247.9,1,10,0.8
2024-03-26T14:46:37Z,26.331250,-76.997653,1.14,57.4,1,10,0.8
2024-03-26T14:46:47Z,26.331257,-76.997655,0.63,27.8,1,9,0.8
2024-03-26T14:46:52Z,26.331260,-76.997662,0.32,289.5,1,10,0.8
2024-03-26T14:46:57Z,26.331267,-76.997652,0.73,59.2,1,10,0.8
2024-03-26T14:47:02Z,26.331267,-76.997645,0.24,226.0,1,10,0.8
2024-03-26T14:47:07Z,26.331267,-76.997648,0.50,51.6,1,10,0.8
2024-03-26T14:47:17Z,26.331268,-76.997640,0.24,6.3,1,10,0.8
2024-03-26T14:47:22Z,26.331273,-76.997635,0.92,35.0,1,10,0.8
2024-03-26T14:47:27Z,26.331275,-76.997638,0.29,192.4,1,10,0.8
2024-03-26T14:47:32Z,26.331273,-76.997638,0.39,26.3,1,10,0.8
2024-03-26T14:47:37Z,26.331282,-76.997638,0.26,248.6,1,10,0.8
2024-03-26T14:47:47Z,26.331282,-76.997638,0.31,15.6,1,10,0.8
2024-03-26T14:47:52Z,26.331295,-76.997632,0.58,7.7,1,10,0.8
2024-03-26T14:47:57Z,26.331298,-76.997635,0.52,220.8,1,10,0.8
2024-03-26T14:48:02Z,26.331295,-76.997640,0.28,344.0,1,10,0.8
2024-03-26T14:48:07Z,26.331293,-76.997647,0.24,225.9,1,9,0.8
2024-03-26T14:48:12Z,26.331282,-76.997650,0.60,94.9,1,10,0.8
2024-03-26T14:48:17Z,26.331280,-76.997637,0.79,80.0,1,9,0.9
2024-03-26T14:48:22Z,26.331283,-76.997618,0.40,109.5,1,9,0.9
2024-03-26T14:48:27Z,26.331272,-76.997622,0.49,199.2,1,9,0.9
2024-03-26T14:48:32Z,26.331272,-76.997618,0.14,359.9,1,9,0.9
2024-03-26T14:48:37Z,26.331265,-76.997627,0.47,237.6,1,9,0.9
2024-03-26T14:48:42Z,26.331263,-76.997632,0.07,271.4,1,10,0.8
2024-03-26T14:48:47Z,26.331265,-76.997642,0.62,289.8,1,10,0.8
2024-03-26T14:48:52Z,26.331268,-76.997645,0.79,215.9,1,10,0.8
2024-03-26T14:48:57Z,26.331265,-76.997650,0.29,47.9,1,10,0.8
2024-03-26T14:49:02Z,26.331268,-76.997650,0.56,29.3,1,10,0.8
2024-03-26T14:49:07Z,26.331263,-76.997650,0.65,180.5,1,10,0.8
2024-03-26T14:49:12Z,26.331262,-76.997650,0.90,26.3,1,10,0.8
2024-03-26T14:49:17Z,26.331277,-76.997640,0.59,42.9,1,10,0.8
2024-03-26T14:49:22Z,26.331288,-76.997633,0.14,74.8,1,10,0.8
2024-03-26T14:49:27Z,26.331293,-76.997630,0.20,319.8,1,10,0.8
2024-03-26T14:49:32Z,26.331300,-76.997637,0.48,23.0,1,10,0.8
2024-03-26T14:49:37Z,26.331297,-76.997642,0.33,258.9,1,10,0.8
2024-03-26T14:49:42Z,26.331302,-76.997642,0.25,353.9,1,10,0.8
2024-03-26T14:49:52Z,26.331300,-76.997647,0.38,242.4,1,10,0.8
2024-03-26T14:49:57Z,26.331308,-76.997645,0.38,312.3,1,10,0.8
2024-03-26T14:50:02Z,26.331305,-76.997642,0.30,190.7,1,10,0.8
2024-03-26T14:50:07Z,26.331303,-76.997640,0.32,264.2,1,10,0.8
2024-03-26T14:50:12Z,26.331302,-76.997642,0.45,248.7,1,10,0.8
2024-03-26T14:50:22Z,26.331290,-76.997650,0.08,34.8,1,10,0.8
2024-03-26T14:50:27Z,26.331288,-76.997647,1.10,222.5,1,10,0.8
2024-03-26T14:50:32Z,26.331288,-76.997643,0.88,69.4,1,10,0.8
2024-03-26T14:50:37Z,26.331285,-76.997642,0.69,238.1,1,10,0.8
2024-03-26T14:50:42Z,26.331277,-76.997648,0.68,89.9,1,10,0.8
2024-03-26T14:50:47Z,26.331268,-76.997645,0.99,227.8,1,10,0.8
2024-03-26T14:50:57Z,26.331263,-76.997637,0.99,223.0,1,10,0.8
2024-03-26T14:51:02Z,26.331262,-76.997637,0.59,45.4,1,10,0.8
2024-03-26T14:51:07Z,26.331258,-76.997638,0.33,212.7,1,10,0.8
2024-03-26T14:51:12Z,26.331255,-76.997638,0.30,151.8,1,10,0.8
2024-03-26T14:51:17Z,26.331255,-76.997635,0.40,33.6,1,10,0.8
2024-03-26T14:51:22Z,26.331250,-76.997635,0.74,208.2,1,10,0.8
2024-03-26T14:51:27Z,26.331248,-76.997633,0.37,221.1,1,10,0.8
2024-03-26T14:51:32Z,26.331242,-76.997640,0.17,296.5,1,10,0.8
2024-03-26T14:51:37Z,26.331248,-76.997628,0.91,62.7,1,10,0.8
2024-03-26T14:51:42Z,26.331240,-76.997635,1.04,233.4,1,10,0.8
2024-03-26T14:51:47Z,26.331235,-76.997637,0.33,99.5,1,10,0.8
2024-03-26T14:51:52Z,26.331225,-76.997643,0.72,211.4,1,10,0.8
2024-03-26T14:51:57Z,26.331223,-76.997642,0.42,50.4,1,10,0.8
2024-03-26T14:52:02Z,26.331220,-76.997642,0.50,237.6,1,10,0.8
2024-03-26T14:52:07Z,26.331225,-76.997650,0.20,69.8,1,10,0.8
2024-03-26T14:52:12Z,26.331230,-76.997652,0.54,36.5,1,9,0.8
2024-03-26T14:52:17Z,26.331248,-76.997648,0.42,61.7,1,10,0.8
2024-03-26T14:52:27Z,26.331252,-76.997658,0.16,173.9,1,10,0.8
2024-03-26T14:52:32Z,26.331247,-76.997662,0.68,50.6,1,10,0.8
2024-03-26T14:52:37Z,26.331247,-76.997652,0.50,179.4,1,10,0.8
2024-03-26T14:52:42Z,26.331248,-76.997645,0.64,54.6,1,10,0.8
2024-03-26T14:52:47Z,26.331250,-76.997642,0.43,72.2,1,10,0.8
2024-03-26T14:52:52Z,26.331247,-76.997645,0.64,43.8,1,10,0.8
2024-03-26T14:52:57Z,26.331243,-76.997652,0.04,246.3,1,10,0.8
2024-03-26T14:53:02Z,26.331248,-76.997652,0.24,211.2,1,10,0.8
2024-03-26T14:53:07Z,26.331240,-76.997662,0.81,231.5,1,10,0.8
2024-03-26T14:53:12Z,26.331242,-76.997657,0.34,62.8,1,10,0.8
2024-03-26T14:53:17Z,26.331237,-76.997658,0.65,269.1,1,10,0.8
2024-03-26T14:53:27Z,26.331255,-76.997652,0.91,240.7,1,10,0.8
2024-03-26T14:53:32Z,26.331255,-76.997653,0.14,95.5,1,10,0.8
2024-03-26T14:53:37Z,26.331253,-76.997645,0.65,247.9,1,10,0.8
2024-03-26T14:53:42Z,26.331255,-76.997652,0.45,28.9,1,10,0.8
2024-03-26T14:53:47Z,26.331255,-76.997653,0.13,324.0,1,10,0.8
2024-03-26T14:53:52Z,26.331253,-76.997658,0.23,3.0,1,10,0.8
2024-03-26T14:53:57Z,26.331258,-76.997657,0.58,21.8,1,10,0.8
2024-03-26T14:54:02Z,26.331267,-76.997648,0.61,220.3,1,10,0.8
2024-03-26T14:54:07Z,26.331268,-76.997643,0.29,31.4,1,10,0.8
2024-03-26T14:54:12Z,26.331280,-76.997637,1.30,40.1,1,10,0.8
2024-03-26T14:54:17Z,26.331282,-76.997635,0.13,33.0,1,9,0.9
2024-03-26T14:54:27Z,26.331285,-76.997640,0.35,343.0,1,9,0.9
2024-03-26T14:54:32Z,26.331287,-76.997643,0.09,131.1,1,10,0.8
2024-03-26T14:54:37Z,26.331283,-76.997632,0.62,234.0,1,10,0.8
2024-03-26T14:54:42Z,26.331282,-76.997638,0.62,334.4,1,10,0.8
2024-03-26T14:54:47Z,26.331280,-76.997658,0.40,225.0,1,10,0.8
2024-03-26T14:54:52Z,26.331278,-76.997657,0.63,72.8,1,10,0.8
2024-03-26T14:54:57Z,26.331273,-76.997660,0.04,215.9,1,10,0.8
2024-03-26T14:55:02Z,26.331278,-76.997653,0.79,238.0,1,10,0.8
2024-03-26T14:55:07Z,26.331277,-76.997658,0.56,26.1,1,10,0.8
2024-03-26T14:55:12Z,26.331277,-76.997657,0.73,222.3,1,9,0.8
2024-03-26T14:55:17Z,26.331268,-76.997657,0.27,10.6,1,10,0.8
2024-03-26T14:55:22Z,26.331262,-76.997652,0.24,228.8,1,10,0.8
2024-03-26T14:55:27Z,26.331263,-76.997647,0.50,113.4,1,10,0.8
2024-03-26T14:55:32Z,26.331253,-76.997640,0.96,222.0,1,10,0.8
2024-03-26T14:55:37Z,26.331252,-76.997642,0.30,97.6,1,10,0.8
2024-03-26T14:55:42Z,26.331243,-76.997638,0.42,188.4,1,10,0.8
2024-03-26T14:55:47Z,26.331242,-76.997637,0.38,66.7,1,10,0.8
2024-03-26T14:55:52Z,26.331245,-76.997633,0.48,52.3,1,10,0.8
2024-03-26T14:55:57Z,26.331253,-76.997632,0.18,315.3,1,10,0.8
2024-03-26T14:56:02Z,26.331257,-76.997635,0.52,344.2,1,10,0.8
2024-03-26T14:56:07Z,26.331267,-76.997652,0.28,268.0,1,9,0.8
2024-03-26T14:56:12Z,26.331273,-76.997650,0.39,31.0,1,10,0.8
2024-03-26T14:56:17Z,26.331277,-76.997642,0.66,66.8,1,10,0.8
2024-03-26T14:56:22Z,26.331282,-76.997617,0.77,65.5,1,10,0.8
2024-03-26T14:56:27Z,26.331278,-76.997622,0.28,148.8,1,10,0.8
2024-03-26T14:56:32Z,26.331275,-76.997620,0.33,31.4,1,10,0.8
2024-03-26T14:56:37Z,26.331285,-76.997612,0.26,95.1,1,10,0.8
2024-03-26T14:56:42Z,26.331285,-76.997612,0.67,230.8,1,10,0.8
2024-03-26T14:56:47Z,26.331282,-76.997623,0.14,329.1,1,10,0.8
2024-03-26T14:56:52Z,26.331288,-76.997622,0.23,190.1,1,10,0.8
2024-03-26T14:56:57Z,26.331285,-76.997627,0.17,231.7,1,10,0.8
2024-03-26T14:57:02Z,26.331285,-76.997630,1.03,68.5,1,10,0.8
2024-03-26T14:57:07Z,26.331293,-76.997623,0.05,293.9,1,10,0.8
2024-03-26T14:57:12Z,26.331288,-76.997625,0.88,198.8,1,10,0.8
2024-03-26T14:57:17Z,26.331285,-76.997625,1.06,45.7,1,9,0.9
2024-03-26T14:57:27Z,26.331270,-76.997625,0.47,200.5,1,10,0.8
2024-03-26T14:57:32Z,26.331260,-76.997628,0.29,139.1,1,10,0.8
2024-03-26T14:57:37Z,26.331252,-76.997630,0.67,206.5,1,9,0.9
2024-03-26T14:57:42Z,26.331247,-76.997632,0.09,129.1,1,9,0.9
2024-03-26T14:57:47Z,26.331243,-76.997635,0.46,41.5,1,10,0.8
2024-03-26T14:57:52Z,26.331245,-76.997627,0.30,243.7,1,9,0.9
2024-03-26T14:57:57Z,26.331242,-76.997625,0.38,98.2,1,10,0.8
2024-03-26T14:58:02Z,26.331242,-76.997623,0.19,103.5,1,10,0.8
2024-03-26T14:58:07Z,26.331237,-76.997627,0.48,43.6,1,10,0.8
2024-03-26T14:58:12Z,26.331235,-76.997630,0.48,27.1,1,9,0.9
2024-03-26T14:58:17Z,26.331237,-76.997633,0.46,213.2,1,9,0.9
2024-03-26T14:58:22Z,26.331227,-76.997645,0.41,88.9,1,9,0.9
2024-03-26T14:58:32Z,26.331227,-76.997645,0.21,21.4,1,10,0.8
2024-03-26T14:58:37Z,26.331223,-76.997647,0.49,240.0,1,10,0.8
2024-03-26T14:58:42Z,26.331227,-76.997650,0.43,3.4,1,9,0.9
2024-03-26T14:58:47Z,26.331233,-76.997652,0.62,26.5,1,9,0.9
2024-03-26T14:58:52Z,26.331240,-76.997652,0.25,255.7,1,9,0.9
2024-03-26T14:58:57Z,26.331240,-76.997653,0.47,49.4,1,9,0.9
2024-03-26T14:59:07Z,26.331245,-76.997642,1.08,42.4,1,10,0.8
2024-03-26T14:59:12Z,26.331245,-76.997645,0.18,52.6,1,9,0.9
2024-03-26T14:59:17Z,26.331253,-76.997642,0.27,44.3,1,10,0.8
2024-03-26T14:59:22Z,26.331255,-76.997638,0.78,46.9,1,10,0.8
2024-03-26T14:59:27Z,26.331257,-76.997647,0.60,242.3,1,10,0.8
2024-03-26T14:59:32Z,26.331258,-76.997648,0.02,338.2,1,9,0.9
2024-03-26T14:59:37Z,26.331252,-76.997665,0.38,202.3,1,10,0.8
2024-03-26T14:59:42Z,26.331250,-76.997655,0.59,124.3,1,10,0.8
2024-03-26T14:59:47Z,26.331243,-76.997650,0.57,99.9,1,10,0.8
2024-03-26T14:59:52Z,26.331245,-76.997647,0.11,235.3,1,10,0.8
2024-03-26T14:59:57Z,26.331245,-76.997633,0.11,196.5,1,10,0.8
2024-03-26T15:00:02Z,26.331245,-76.997640,0.31,71.1,1,9,0.9
2024-03-26T15:00:07Z,26.331253,-76.997637,0.37,252.9,1,10,0.8
2024-03-26T15:00:17Z,26.331250,-76.997650,0.58,64.7,1,10,0.8
2024-03-26T15:00:22Z,26.331258,-76.997638,0.49,17.3,1,10,0.8
2024-03-26T15:00:27Z,26.331263,-76.997638,0.02,278.9,1,10,0.8
2024-03-26T15:00:32Z,26.331267,-76.997642,0.38,4.6,1,10,0.8
2024-03-26T15:00:37Z,26.331267,-76.997647,0.06,270.8,1,10,0.8
2024-03-26T15:00:42Z,26.331270,-76.997648,0.09,61.6,1,10,0.8
2024-03-26T15:00:52Z,26.331268,-76.997645,0.31,93.8,1,10,0.8
2024-03-26T15:00:57Z,26.331263,-76.997643,0.47,157.3,1,10,0.8
2024-03-26T15:01:02Z,26.331262,-76.997630,0.46,159.4,1,10,0.8
2024-03-26T15:01:07Z,26.331258,-76.997628,0.51,65.6,1,10,0.8
2024-03-26T15:01:12Z,26.331253,-76.997622,0.68,196.2,1,10,0.8
2024-03-26T15:01:17Z,26.331247,-76.997623,0.35,121.0,1,10,0.8
2024-03-26T15:01:22Z,26.331247,-76.997623,0.34,242.5,1,10,0.8
2024-03-26T15:01:27Z,26.331240,-76.997632,0.36,64.0,1,10,0.8
2024-03-26T15:01:32Z,26.331245,-76.997628,0.22,56.9,1,10,0.8
2024-03-26T15:01:37Z,26.331248,-76.997623,0.52,77.0,1,10,0.8
2024-03-26T15:01:42Z,26.331238,-76.997632,0.66,238.1,1,10,0.8
2024-03-26T15:01:47Z,26.331232,-76.997633,0.24,165.7,1,10,0.8
2024-03-26T15:01:52Z,26.331227,-76.997640,0.48,208.6,1,10,0.8
2024-03-26T15:02:02Z,26.331215,-76.997647,0.29,235.5,1,10,0.8
2024-03-26T15:02:07Z,26.331220,-76.997643,0.58,107.1,1,10,0.8
2024-03-26T15:02:12Z,26.331215,-76.997650,0.54,220.9,1,10,0.8
2024-03-26T15:02:17Z,26.331208,-76.997657,0.77,226.2,1,10,0.8
2024-03-26T15:02:22Z,26.331210,-76.997663,0.53,36.2,1,10,0.8
2024-03-26T15:02:27Z,26.331217,-76.997653,0.24,173.1,1,10,0.8
2024-03-26T15:02:37Z,26.331223,-76.997658,0.85,1.5,1,10,0.8
2024-03-26T15:02:42Z,26.331230,-76.997662,0.49,21.8,1,10,0.8
2024-03-26T15:02:47Z,26.331238,-76.997660,0.35,346.0,1,9,0.9
2024-03-26T15:02:52Z,26.331242,-76.997660,0.48,55.1,1,10,0.8
2024-03-26T15:02:57Z,26.331247,-76.997648,0.39,179.7,1,9,0.9
2024-03-26T15:03:02Z,26.331242,-76.997647,0.80,34.8,1,10,0.8
2024-03-26T15:03:07Z,26.331253,-76.997640,0.22,36.2,1,10,0.8
2024-03-26T15:03:12Z,26.331260,-76.997640,0.39,357.2,1,10,0.8
2024-03-26T15:03:17Z,26.331263,-76.997643,0.75,25.7,1,10,0.8
2024-03-26T15:03:22Z,26.331272,-76.997643,0.32,346.8,1,10,0.8
2024-03-26T15:03:27Z,26.331265,-76.997650,0.64,212.6,1,10,0.8
2024-03-26T15:03:32Z,26.331270,-76.997645,0.63,34.4,1,10,0.8
2024-03-26T15:03:37Z,26.331273,-76.997635,0.17,145.8,1,10,0.8
2024-03-26T15:03:47Z,26.331275,-76.997625,0.21,343.3,1,10,0.8
2024-03-26T15:03:52Z,26.331273,-76.997633,0.42,134.6,1,10,0.8
2024-03-26T15:03:57Z,26.331265,-76.997642,0.35,29.4,1,10,0.8
2024-03-26T15:04:02Z,26.331275,-76.997632,0.86,46.4,1,9,0.9
2024-03-26T15:04:07Z,26.331270,-76.997642,0.70,215.6,1,10,0.8
2024-03-26T15:04:12Z,26.331270,-76.997643,0.24,254.2,1,10,0.8
2024-03-26T15:04:22Z,26.331277,-76.997642,0.35,78.9,1,10,0.8
2024-03-26T15:04:27Z,26.331272,-76.997645,0.81,231.1,1,10,0.8
2024-03-26T15:04:32Z,26.331280,-76.997648,0.91,36.1,1,10,0.8
2024-03-26T15:04:37Z,26.331275,-76.997645,0.69,212.1,1,10,0.8
2024-03-26T15:04:42Z,26.331273,-76.997648,0.38,83.4,1,10,0.8
2024-03-26T15:04:47Z,26.331260,-76.997657,0.75,203.2,1,10,0.8
2024-03-26T15:04:52Z,26.331253,-76.997652,0.40,149.7,1,10,0.8
2024-03-26T15:04:57Z,26.331247,-76.997643,0.64,133.2,1,10,0.8
2024-03-26T15:05:02Z,26.331235,-76.997638,0.34,136.8,1,10,0.8
2024-03-26T15:05:07Z,26.331232,-76.997632,0.50,233.3,1,10,0.8
2024-03-26T15:05:12Z,26.331228,-76.997632,0.29,108.1,1,10,0.8
2024-03-26T15:05:17Z,26.331223,-76.997633,0.65,98.1,1,10,0.8
2024-03-26T15:05:22Z,26.331217,-76.997640,0.72,205.9,1,10,0.8
2024-03-26T15:05:32Z,26.331205,-76.997642,0.29,194.6,1,10,0.8
2024-03-26T15:05:37Z,26.331208,-76.997637,0.25,65.0,1,10,0.8
2024-03-26T15:05:42Z,26.331203,-76.997643,0.13,234.4,1,10,0.8
2024-03-26T15:05:47Z,26.331202,-76.997640,0.12,34.9,1,10,0.8
2024-03-26T15:05:52Z,26.331202,-76.997632,0.18,77.4,1,10,0.8
2024-03-26T15:05:57Z,26.331200,-76.997635,0.56,34.2,1,10,0.8
2024-03-26T15:06:07Z,26.331188,-76.997637,0.37,8.5,1,10,0.8
2024-03-26T15:06:12Z,26.331192,-76.997637,0.33,238.6,1,10,0.8
2024-03-26T15:06:17Z,26.331193,-76.997647,0.35,6.6,1,10,0.8
2024-03-26T15:06:22Z,26.331195,-76.997645,0.07,139.0,1,10,0.8
2024-03-26T15:06:27Z,26.331202,-76.997645,0.11,133.1,1,10,0.8
2024-03-26T15:06:32Z,26.331208,-76.997650,0.32,29.6,1,10,0.8
2024-03-26T15:06:37Z,26.331218,-76.997648,0.32,352.0,1,10,0.8
2024-03-26T15:06:42Z,26.331217,-76.997655,0.08,201.9,1,10,0.8
2024-03-26T15:06:47Z,26.331225,-76.997650,0.81,32.1,1,10,0.8
2024-03-26T15:06:52Z,26.331235,-76.997653,0.13,338.8,1,10,0.8
2024-03-26T15:06:57Z,26.331242,-76.997653,0.04,166.7,1,9,0.9
2024-03-26T15:07:02Z,26.331247,-76.997650,0.67,34.6,1,10,0.8
2024-03-26T15:07:07Z,26.331252,-76.997653,0.36,278.1,1,10,0.8
2024-03-26T15:07:17Z,26.331268,-76.997652,0.63,23.8,1,10,0.8
2024-03-26T15:07:22Z,26.331270,-76.997653,0.16,223.8,1,10,0.8
2024-03-26T15:07:27Z,26.331270,-76.997657,0.26,50.8,1,10,0.8
2024-03-26T15:07:32Z,26.331267,-76.997657,0.51,224.3,1,10,0.8
2024-03-26T15:07:37Z,26.331260,-76.997657,0.40,179.0,1,10,0.8
2024-03-26T15:07:42Z,26.331257,-76.997650,0.03,90.8,1,10,0.8
2024-03-26T15:07:52Z,26.331248,-76.997650,0.54,120.7,1,10,0.8
2024-03-26T15:07:57Z,26.331245,-76.997643,0.04,230.3,1,10,0.8
2024-03-26T15:08:02Z,26.331245,-76.997652,0.50,210.8,1,10,0.8
2024-03-26T15:08:07Z,26.331238,-76.997658,0.37,198.7,1,10,0.8
2024-03-26T15:08:12Z,26.331237,-76.997657,0.11,235.1,1,10,0.8
2024-03-26T15:08:17Z,26.331243,-76.997647,0.46,61.8,1,10,0.8
2024-03-26T15:08:22Z,26.331238,-76.997648,0.53,77.1,1,10,0.8
2024-03-26T15:08:27Z,26.331243,-76.997633,0.37,151.3,1,10,0.8
2024-03-26T15:08:32Z,26.331237,-76.997630,0.65,129.1,1,10,0.8
2024-03-26T15:08:37Z,26.331235,-76.997625,0.45,243.4,1,10,0.8
2024-03-26T15:08:42Z,26.331228,-76.997632,0.04,86.4,1,10,0.8
2024-03-26T15:08:47Z,26.331223,-76.997638,0.56,229.0,1,10,0.8
2024-03-26T15:08:52Z,26.331218,-76.997648,0.40,274.7,1,10,0.8
2024-03-26T15:08:57Z,26.331223,-76.997657,0.29,317.6,1,10,0.8
2024-03-26T15:09:02Z,26.331232,-76.997660,0.08,167.7,1,10,0.8
2024-03-26T15:09:07Z,26.331235,-76.997663,0.17,356.3,1,10,0.8
2024-03-26T15:09:12Z,26.331235,-76.997657,0.14,62.4,1,10,0.8
2024-03-26T15:09:17Z,26.331248,-76.997653,0.45,46.6,1,10,0.8
2024-03-26T15:09:22Z,26.331248,-76.997665,0.43,354.6,1,10,0.8
2024-03-26T15:09:27Z,26.331250,-76.997667,0.41,188.1,1,10,0.8
2024-03-26T15:09:32Z,26.331248,-76.997668,0.28,53.9,1,10,0.8
2024-03-26T15:09:37Z,26.331248,-76.997660,0.36,58.9,1,10,0.8
2024-03-26T15:09:42Z,26.331253,-76.997643,0.65,76.2,1,10,0.8
2024-03-26T15:09:47Z,26.331260,-76.997632,0.37,29.5,1,9,0.9
2024-03-26T15:09:52Z,26.331255,-76.997637,0.49,300.8,1,10,0.8
2024-03-26T15:09:57Z,26.331260,-76.997628,0.40,235.6,1,10,0.8
2024-03-26T15:10:02Z,26.331255,-76.997648,0.69,18.5,1,10,0.8
2024-03-26T15:10:12Z,26.331260,-76.997658,0.33,174.2,1,10,0.8
2024-03-26T15:10:17Z,26.331257,-76.997648,0.42,50.5,1,10,0.8
2024-03-26T15:10:22Z,26.331257,-76.997650,0.33,181.2,1,10,0.8
2024-03-26T15:10:27Z,26.331265,-76.997638,0.72,36.8,1,10,0.8
2024-03-26T15:10:32Z,26.331267,-76.997645,0.60,279.9,1,10,0.8
2024-03-26T15:10:37Z,26.331273,-76.997650,0.43,4.8,1,10,0.8
2024-03-26T15:10:42Z,26.331278,-76.997655,0.14,26.0,1,10,0.8
2024-03-26T15:10:47Z,26.331280,-76.997657,0.24,294.7,1,10,0.8
2024-03-26T15:10:52Z,26.331290,-76.997645,0.82,73.5,1,10,0.8
2024-03-26T15:10:57Z,26.331292,-76.997640,0.27,106.7,1,10,0.8
2024-03-26T15:11:02Z,26.331293,-76.997633,0.11,269.2,1,10,0.8
2024-03-26T15:11:07Z,26.331292,-76.997638,0.22,208.4,1,10,0.8
2024-03-26T15:11:12Z,26.331293,-76.997632,0.35,61.8,1,10,0.8
2024-03-26T15:11:17Z,26.331295,-76.997640,1.21,241.7,1,10,0.8
2024-03-26T15:11:22Z,26.331295,-76.997643,0.77,54.0,1,10,0.8
2024-03-26T15:11:27Z,26.331293,-76.997652,0.37,231.1,1,10,0.8
2024-03-26T15:11:32Z,26.331293,-76.997653,0.11,241.9,1,10,0.8
2024-03-26T15:11:37Z,26.331292,-76.997642,0.50,93.0,1,10,0.8
2024-03-26T15:11:42Z,26.331287,-76.997635,0.43,147.7,1,10,0.8
2024-03-26T15:11:47Z,26.331273,-76.997630,0.46,220.9,1,10,0.8
2024-03-26T15:11:52Z,26.331263,-76.997635,0.48,174.2,1,10,0.8
2024-03-26T15:11:57Z,26.331255,-76.997633,0.22,165.8,1,10,0.8
2024-03-26T15:12:02Z,26.331248,-76.997643,0.34,145.8,1,10,0.8
2024-03-26T15:12:07Z,26.331247,-76.997643,0.27,302.6,1,10,0.8
2024-03-26T15:12:12Z,26.331248,-76.997648,0.73,53.8,1,10,0.8
2024-03-26T15:12:17Z,26.331252,-76.997645,0.37,171.4,1,10,0.8
2024-03-26T15:12:22Z,26.331247,-76.997643,0.19,358.8,1,10,0.8
2024-03-26T15:12:32Z,26.331252,-76.997657,0.50,333.2,1,10,0.8
2024-03-26T15:12:37Z,26.331255,-76.997660,0.22,30.1,1,10,0.8
2024-03-26T15:12:42Z,26.331263,-76.997662,0.32,53.3,1,10,0.8
2024-03-26T15:12:47Z,26.331267,-76.997660,0.47,92.5,1,10,0.8
2024-03-26T15:12:52Z,26.331272,-76.997648,0.25,326.8,1,10,0.8
2024-03-26T15:12:57Z,26.331270,-76.997652,0.51,52.0,1,10,0.8
2024-03-26T15:13:07Z,26.331275,-76.997650,0.25,275.2,1,10,0.8
2024-03-26T15:13:12Z,26.331275,-76.997653,0.36,220.8,1,10,0.8
2024-03-26T15:13:17Z,26.331272,-76.997657,0.40,45.5,1,10,0.8
2024-03-26T15:13:22Z,26.331278,-76.997653,0.34,266.4,1,10,0.8
2024-03-26T15:13:27Z,26.331282,-76.997653,0.04,104.2,1,10,0.8
2024-03-26T15:13:32Z,26.331278,-76.997655,0.22,338.6,1,10,0.8
2024-03-26T15:13:37Z,26.331282,-76.997652,0.33,242.4,1,10,0.8
2024-03-26T15:13:42Z,26.331280,-76.997652,0.43,27.8,1,10,0.8
2024-03-26T15:13:47Z,26.331287,-76.997643,0.21,242.8,1,10,0.8
2024-03-26T15:13:52Z,26.331287,-76.997648,0.29,342.7,1,10,0.8
2024-03-26T15:13:57Z,26.331285,-76.997648,0.67,208.0,1,10,0.8
2024-03-26T15:14:02Z,26.331287,-76.997652,0.07,337.4,1,10,0.8
2024-03-26T15:14:07Z,26.331283,-76.997657,0.21,149.2,1,10,0.8
2024-03-26T15:14:12Z,26.331283,-76.997652,0.39,145.5,1,10,0.8
2024-03-26T15:14:17Z,26.331277,-76.997657,0.23,63.5,1,10,0.8
2024-03-26T15:14:22Z,26.331277,-76.997650,0.22,110.2,1,10,0.8
2024-03-26T15:14:27Z,26.331275,-76.997652,0.80,44.8,1,10,0.8
2024-03-26T15:14:32Z,26.331268,-76.997655,0.55,194.2,1,10,0.8
2024-03-26T15:14:37Z,26.331273,-76.997642,0.60,61.5,1,10,0.8
2024-03-26T15:14:42Z,26.331277,-76.997637,0.56,41.9,1,10,0.8
2024-03-26T15:14:52Z,26.331292,-76.997635,0.57,30.9,1,10,0.8
2024-03-26T15:14:57Z,26.331307,-76.997625,0.50,27.2,1,10,0.8
2024-03-26T15:15:02Z,26.331313,-76.997618,0.38,322.4,1,10,0.8
2024-03-26T15:15:07Z,26.331318,-76.997617,0.48,58.2,1,9,0.9
2024-03-26T15:15:12Z,26.331320,-76.997613,0.13,291.4,1,10,0.8
2024-03-26T15:15:17Z,26.331323,-76.997615,0.67,228.3,1,10,0.8
2024-03-26T15:15:22Z,26.331325,-76.997618,0.50,51.4,1,10,0.8
2024-03-26T15:15:27Z,26.331332,-76.997618,0.51,47.7,1,10,0.8
2024-03-26T15:15:32Z,26.331322,-76.997628,0.19,257.0,1,10,0.8
2024-03-26T15:15:37Z,26.331318,-76.997627,0.26,258.2,1,10,0.8
2024-03-26T15:15:42Z,26.331317,-76.997642,0.11,195.1,1,10,0.8
2024-03-26T15:15:47Z,26.331308,-76.997655,1.09,228.7,1,10,0.8
2024-03-26T15:15:52Z,26.331298,-76.997657,0.34,146.2,1,10,0.8
2024-03-26T15:15:57Z,26.331292,-76.997648,1.02,187.1,1,10,0.8
2024-03-26T15:16:02Z,26.331282,-76.997645,0.42,109.5,1,10,0.8
2024-03-26T15:16:07Z,26.331282,-76.997630,0.79,91.5,1,10,0.8
2024-03-26T15:16:12Z,26.331278,-76.997622,0.20,128.0,1,10,0.8
2024-03-26T15:16:17Z,26.331272,-76.997622,0.15,71.1,1,10,0.8
2024-03-26T15:16:22Z,26.331273,-76.997618,0.41,167.7,1,10,0.8
2024-03-26T15:16:27Z,26.331265,-76.997620,0.72,112.9,1,10,0.8
2024-03-26T15:16:32Z,26.331258,-76.997618,1.09,205.8,1,10,0.8
2024-03-26T15:16:37Z,26.331257,-76.997623,0.29,56.1,1,10,0.8
2024-03-26T15:16:42Z,26.331248,-76.997625,1.31,199.7,1,10,0.8
2024-03-26T15:16:47Z,26.331242,-76.997627,0.17,138.2,1,10,0.8
2024-03-26T15:16:52Z,26.331233,-76.997633,0.08,260.2,1,10,0.8
2024-03-26T15:16:57Z,26.331233,-76.997637,0.32,247.6,1,10,0.8
2024-03-26T15:17:02Z,26.331233,-76.997640,0.18,178.7,1,10,0.8
2024-03-26T15:17:07Z,26.331225,-76.997647,0.57,217.9,1,10,0.8
2024-03-26T15:17:12Z,26.331220,-76.997662,0.32,257.1,1,10,0.8
2024-03-26T15:17:17Z,26.331225,-76.997663,0.26,356.5,1,10,0.8
2024-03-26T15:17:22Z,26.331233,-76.997662,0.55,43.6,1,10,0.8
2024-03-26T15:17:27Z,26.331235,-76.997663,0.33,110.7,1,10,0.8
2024-03-26T15:17:32Z,26.331253,-76.997650,1.09,20.6,1,10,0.8
2024-03-26T15:17:37Z,26.331263,-76.997653,0.07,41.0,1,10,0.8
2024-03-26T15:17:47Z,26.331282,-76.997658,0.47,346.9,1,10,0.8
2024-03-26T15:17:52Z,26.331283,-76.997658,0.29,149.2,1,10,0.8
2024-03-26T15:17:57Z,26.331290,-76.997650,0.76,43.6,1,9,0.9
2024-03-26T15:18:02Z,26.331295,-76.997650,0.21,229.2,1,10,0.8
2024-03-26T15:18:07Z,26.331300,-76.997648,0.31,45.2,1,10,0.8
2024-03-26T15:18:12Z,26.331293,-76.997652,0.19,201.1,1,10,0.8
2024-03-26T15:18:22Z,26.331297,-76.997648,0.12,47.6,1,10,0.8
2024-03-26T15:18:27Z,26.331293,-76.997653,0.38,217.5,1,10,0.8
2024-03-26T15:18:32Z,26.331293,-76.997655,0.32,188.5,1,10,0.8
2024-03-26T15:18:37Z,26.331298,-76.997652,0.67,21.3,1,9,0.9
2024-03-26T15:18:42Z,26.331300,-76.997647,0.69,224.9,1,10,0.8
2024-03-26T15:18:47Z,26.331302,-76.997642,0.73,59.2,1,10,0.8
2024-03-26T15:18:52Z,26.331308,-76.997633,0.36,171.1,1,10,0.8
2024-03-26T15:18:57Z,26.331312,-76.997632,0.11,24.9,1,10,0.8
2024-03-26T15:19:02Z,26.331312,-76.997637,0.29,35.8,1,10,0.8
2024-03-26T15:19:07Z,26.331325,-76.997633,0.16,289.8,1,10,0.8
2024-03-26T15:19:12Z,26.331315,-76.997642,0.17,169.8,1,10,0.8
2024-03-26T15:19:17Z,26.331318,-76.997642,0.27,246.0,1,10,0.8
2024-03-26T15:19:22Z,26.331313,-76.997642,0.19,129.8,1,10,0.8
2024-03-26T15:19:27Z,26.331312,-76.997638,0.31,77.5,1,10,0.8
2024-03-26T15:19:32Z,26.331312,-76.997643,0.58,244.1,1,10,0.8
2024-03-26T15:19:37Z,26.331308,-76.997647,0.56,193.8,1,10,0.8
2024-03-26T15:19:42Z,26.331297,-76.997648,0.33,169.1,1,10,0.8
2024-03-26T15:19:47Z,26.331297,-76.997648,0.72,211.0,1,10,0.8
2024-03-26T15:19:52Z,26.331283,-76.997645,0.29,98.8,1,10,0.8
2024-03-26T15:19:57Z,26.331282,-76.997645,0.78,210.2,1,10,0.8
2024-03-26T15:20:07Z,26.331265,-76.997637,0.54,165.6,1,10,0.8
2024-03-26T15:20:12Z,26.331255,-76.997637,0.50,267.0,1,10,0.8
2024-03-26T15:20:17Z,26.331253,-76.997640,0.15,237.0,1,10,0.8
2024-03-26T15:20:22Z,26.331250,-76.997637,0.31,141.7,1,9,0.9
2024-03-26T15:20:27Z,26.331253,-76.997627,0.37,128.6,1,10,0.8
2024-03-26T15:20:32Z,26.331245,-76.997623,0.45,271.1,1,10,0.8
2024-03-26T15:20:42Z,26.331235,-76.997630,0.02,41.5,1,10,0.8
2024-03-26T15:20:47Z,26.331230,-76.997632,0.72,231.7,1,10,0.8
2024-03-26T15:20:52Z,26.331227,-76.997638,0.35,32.6,1,10,0.8
2024-03-26T15:20:57Z,26.331227,-76.997640,0.62,243.0,1,10,0.8
2024-03-26T15:21:02Z,26.331232,-76.997647,0.53,41.0,1,10,0.8
2024-03-26T15:21:07Z,26.331237,-76.997658,0.25,178.8,1,10,0.8
2024-03-26T15:21:17Z,26.331248,-76.997660,0.35,44.2,1,10,0.8
2024-03-26T15:21:22Z,26.331245,-76.997668,0.74,49.6,1,10,0.8
2024-03-26T15:21:27Z,26.331248,-76.997663,0.03,172.2,1,10,0.8
2024-03-26T15:21:32Z,26.331252,-76.997663,0.51,33.4,1,10,0.8
2024-03-26T15:21:37Z,26.331257,-76.997660,0.12,255.6,1,10,0.8
2024-03-26T15:21:42Z,26.331262,-76.997657,0.71,41.7,1,10,0.8
2024-03-26T15:21:47Z,26.331253,-76.997662,0.72,59.2,1,10,0.8
2024-03-26T15:21:52Z,26.331263,-76.997652,0.42,330.8,1,10,0.8
2024-03-26T15:21:57Z,26.331262,-76.997658,0.32,93.2,1,10,0.8
2024-03-26T15:22:02Z,26.331268,-76.997652,0.24,316.2,1,10,0.8
2024-03-26T15:22:07Z,26.331268,-76.997652,0.56,37.8,1,10,0.8
2024-03-26T15:22:12Z,26.331275,-76.997648,0.51,38.9,1,10,0.8
2024-03-26T15:22:17Z,26.331277,-76.997650,0.29,304.4,1,10,0.8
2024-03-26T15:22:22Z,26.331282,-76.997652,0.38,66.0,1,10,0.8
2024-03-26T15:22:27Z,26.331287,-76.997647,0.02,73.2,1,10,0.8
2024-03-26T15:22:32Z,26.331288,-76.997650,0.66,3.2,1,10,0.8
2024-03-26T15:22:37Z,26.331295,-76.997652,0.18,6.5,1,10,0.8
2024-03-26T15:22:42Z,26.331298,-76.997648,0.71,48.6,1,10,0.8
2024-03-26T15:22:47Z,26.331308,-76.997645,0.58,237.7,1,9,0.9
2024-03-26T15:22:52Z,26.331308,-76.997650,0.52,48.7,1,9,0.9
2024-03-26T15:23:02Z,26.331315,-76.997655,0.16,84.7,1,9,0.9
2024-03-26T15:23:07Z,26.331318,-76.997657,0.03,48.6,1,9,0.9
2024-03-26T15:23:12Z,26.331320,-76.997660,0.52,245.0,1,9,0.9
2024-03-26T15:23:17Z,26.331320,-76.997663,0.26,149.0,1,9,0.9
2024-03-26T15:23:22Z,26.331313,-76.997663,0.34,220.6,1,9,0.9
2024-03-26T15:23:27Z,26.331303,-76.997667,0.27,110.5,1,9,0.9
2024-03-26T15:23:37Z,26.331292,-76.997647,0.49,76.1,1,9,0.9
2024-03-26T15:23:42Z,26.331288,-76.997638,0.83,213.1,1,9,0.9
2024-03-26T15:23:47Z,26.331290,-76.997633,0.66,109.0,1,9,0.9
2024-03-26T15:23:52Z,26.331288,-76.997628,0.33,128.3,1,9,0.9
2024-03-26T15:23:57Z,26.331277,-76.997635,0.58,202.5,1,9,0.9
2024-03-26T15:24:02Z,26.331272,-76.997632,0.22,274.1,1,9,0.9
2024-03-26T15:24:12Z,26.331270,-76.997648,0.40,221.2,1,9,0.9
2024-03-26T15:24:17Z,26.331275,-76.997640,0.54,14.2,1,9,0.9
2024-03-26T15:24:22Z,26.331268,-76.997643,1.01,211.2,1,9,0.9
2024-03-26T15:24:27Z,26.331275,-76.997627,0.97,51.3,1,9,0.9
2024-03-26T15:24:32Z,26.331275,-76.997622,0.26,298.1,1,9,0.9
2024-03-26T15:24:37Z,26.331268,-76.997625,0.64,195.1,1,9,0.9
2024-03-26T15:24:47Z,26.331262,-76.997635,0.37,207.5,1,9,0.9
2024-03-26T15:24:52Z,26.331270,-76.997647,0.16,268.0,1,9,0.9
2024-03-26T15:24:57Z,26.331275,-76.997640,0.95,38.1,1,9,0.9
2024-03-26T15:25:02Z,26.331272,-76.997643,0.61,240.8,1,9,0.9
2024-03-26T15:25:07Z,26.331267,-76.997638,0.28,59.6,1,9,0.9
2024-03-26T15:25:12Z,26.331257,-76.997647,0.47,210.2,1,9,0.9
2024-03-26T15:25:22Z,26.331250,-76.997650,0.33,60.4,1,9,0.9
2024-03-26T15:25:27Z,26.331255,-76.997642,0.24,209.8,1,9,0.9
2024-03-26T15:25:32Z,26.331257,-76.997640,0.41,33.0,1,9,0.9
2024-03-26T15:25:37Z,26.331268,-76.997637,0.44,27.6,1,9,0.9
2024-03-26T15:25:42Z,26.331282,-76.997627,1.05,50.0,1,9,0.9
2024-03-26T15:25:47Z,26.331285,-76.997627,0.41,34.2,1,9,0.9
2024-03-26T15:25:57Z,26.331292,-76.997632,0.51,232.0,1,9,0.9
2024-03-26T15:26:02Z,26.331298,-76.997627,0.76,40.0,1,9,0.9
2024-03-26T15:26:07Z,26.331295,-76.997632,0.34,312.4,1,9,0.9
2024-03-26T15:26:12Z,26.331300,-76.997635,0.33,312.1,1,9,0.9
2024-03-26T15:26:17Z,26.331298,-76.997640,0.24,88.5,1,9,0.9
2024-03-26T15:26:22Z,26.331300,-76.997638,0.24,65.1,1,9,0.9
2024-03-26T15:26:32Z,26.331302,-76.997650,0.39,248.3,1,9,0.9
2024-03-26T15:26:37Z,26.331292,-76.997663,0.20,212.5,1,9,0.9
2024-03-26T15:26:42Z,26.331290,-76.997667,0.34,232.5,1,9,0.9
2024-03-26T15:26:47Z,26.331280,-76.997670,0.23,348.8,1,9,0.9
2024-03-26T15:26:52Z,26.331278,-76.997670,0.41,219.1,1,9,0.9
2024-03-26T15:26:57Z,26.331273,-76.997665,0.40,113.8,1,9,0.9
2024-03-26T15:27:02Z,26.331272,-76.997652,0.74,153.8,1,9,0.9
2024-03-26T15:27:07Z,26.331262,-76.997647,0.43,175.2,1,9,0.9
2024-03-26T15:27:12Z,26.331248,-76.997648,0.41,153.3,1,9,0.9
2024-03-26T15:27:17Z,26.331242,-76.997642,0.22,144.3,1,9,0.9
2024-03-26T15:27:22Z,26.331242,-76.997637,0.08,82.2,1,9,0.9
2024-03-26T15:27:27Z,26.331237,-76.997640,0.34,228.2,1,9,0.9
2024-03-26T15:27:32Z,26.331240,-76.997642,0.57,39.2,1,9,0.9
2024-03-26T15:27:42Z,26.331238,-76.997645,0.27,284.2,1,9,0.9
2024-03-26T15:27:47Z,26.331247,-76.997647,0.33,8.7,1,9,0.9
2024-03-26T15:27:52Z,26.331247,-76.997653,0.18,5.4,1,9,0.9
2024-03-26T15:27:57Z,26.331248,-76.997653,0.75,224.8,1,9,0.9
2024-03-26T15:28:02Z,26.331253,-76.997655,0.63,19.8,1,9,0.9
2024-03-26T15:28:07Z,26.331253,-76.997658,0.29,173.1,1,9,0.9
2024-03-26T15:28:17Z,26.331250,-76.997657,0.80,62.1,1,9,0.9
2024-03-26T15:28:22Z,26.331260,-76.997647,0.26,330.0,1,9,0.9
2024-03-26T15:28:27Z,26.331260,-76.997647,0.24,80.0,1,9,0.9
2024-03-26T15:28:32Z,26.331262,-76.997653,0.22,3.8,1,9,0.9
2024-03-26T15:28:37Z,26.331265,-76.997653,0.56,180.2,1,9,0.9
2024-03-26T15:28:42Z,26.331263,-76.997655,0.68,42.6,1,9,0.9
2024-03-26T15:28:52Z,26.331270,-76.997650,0.52,55.2,1,9,0.9
2024-03-26T15:28:57Z,26.331275,-76.997645,0.30,307.5,1,9,0.9
2024-03-26T15:29:02Z,26.331283,-76.997642,0.66,47.6,1,9,0.9
2024-03-26T15:29:07Z,26.331290,-76.997642,0.12,317.9,1,9,0.9
2024-03-26T15:29:12Z,26.331298,-76.997637,0.69,44.2,1,9,0.9
2024-03-26T15:29:17Z,26.331302,-76.997637,0.27,232.5,1,9,0.9
2024-03-26T15:29:22Z,26.331305,-76.997637,0.62,78.7,1,9,0.9
2024-03-26T15:29:27Z,26.331307,-76.997633,0.38,210.0,1,9,0.9
2024-03-26T15:29:32Z,26.331302,-76.997632,0.33,78.3,1,9,0.9
2024-03-26T15:29:37Z,26.331302,-76.997628,0.18,72.0,1,9,0.9
2024-03-26T15:29:42Z,26.331300,-76.997632,0.41,260.4,1,9,0.9
2024-03-26T15:29:47Z,26.331298,-76.997640,0.29,125.2,1,9,0.9
2024-03-26T15:29:52Z,26.331297,-76.997643,0.35,203.2,1,9,0.9
2024-03-26T15:30:02Z,26.331293,-76.997640,0.37,93.8,1,9,0.9
2024-03-26T15:30:07Z,26.331297,-76.997640,0.08,277.9,1,9,0.9
2024-03-26T15:30:12Z,26.331302,-76.997643,0.03,288.0,1,9,0.9
2024-03-26T15:30:17Z,26.331305,-76.997642,0.45,41.4,1,9,0.9
2024-03-26T15:30:22Z,26.331307,-76.997638,0.41,102.5,1,9,0.9
2024-03-26T15:30:27Z,26.331305,-76.997633,0.28,41.3,1,9,0.9
2024-03-26T15:30:37Z,26.331300,-76.997633,0.11,50.7,1,9,0.9
2024-03-26T15:30:42Z,26.331297,-76.997637,0.56,191.5,1,8,1.2
2024-03-26T15:30:47Z,26.331288,-76.997647,0.26,158.3,1,9,0.9
2024-03-26T15:30:52Z,26.331282,-76.997645,0.48,159.0,1,9,0.9
2024-03-26T15:30:57Z,26.331277,-76.997642,0.60,102.2,1,9,0.9
2024-03-26T15:31:02Z,26.331270,-76.997637,0.40,100.2,1,9,0.9
2024-03-26T15:31:12Z,26.331273,-76.997625,0.48,17.0,1,9,0.9
2024-03-26T15:31:17Z,26.331282,-76.997622,0.22,278.9,1,9,0.9
2024-03-26T15:31:22Z,26.331282,-76.997628,0.16,225.5,1,9,0.9
2024-03-26T15:31:27Z,26.331288,-76.997628,0.37,41.7,1,9,0.9
2024-03-26T15:31:32Z,26.331283,-76.997635,0.25,29.7,1,9,0.9
2024-03-26T15:31:37Z,26.331287,-76.997633,0.19,206.1,1,9,0.9
2024-03-26T15:31:47Z,26.331293,-76.997643,0.85,221.9,1,9,0.9
2024-03-26T15:31:52Z,26.331292,-76.997650,0.14,343.5,1,9,0.9
2024-03-26T15:31:57Z,26.331292,-76.997653,0.64,232.6,1,9,0.9
2024-03-26T15:32:02Z,26.331288,-76.997655,0.42,73.2,1,9,0.9
2024-03-26T15:32:07Z,26.331290,-76.997652,0.53,73.0,1,9,0.9
2024-03-26T15:32:12Z,26.331290,-76.997648,0.48,145.5,1,9,0.9
2024-03-26T15:32:22Z,26.331295,-76.997638,0.23,285.9,1,9,0.9
2024-03-26T15:32:27Z,26.331295,-76.997642,0.44,204.1,1,9,0.9
2024-03-26T15:32:32Z,26.331297,-76.997637,0.04,152.9,1,9,0.9
2024-03-26T15:32:37Z,26.331303,-76.997635,0.90,39.8,1,9,0.9
2024-03-26T15:32:42Z,26.331302,-76.997637,0.36,241.9,1,9,0.9
2024-03-26T15:32:47Z,26.331310,-76.997633,0.70,7.6,1,9,0.9
2024-03-26T15:32:57Z,26.331310,-76.997635,0.22,84.8,1,9,0.9
2024-03-26T15:33:02Z,26.331310,-76.997637,0.31,186.3,1,9,0.9
2024-03-26T15:33:07Z,26.331310,-76.997638,0.18,265.0,1,9,0.9
2024-03-26T15:33:12Z,26.331300,-76.997643,0.48,206.2,1,9,0.9
2024-03-26T15:33:17Z,26.331300,-76.997638,0.28,49.2,1,9,0.9
2024-03-26T15:33:22Z,26.331300,-76.997632,0.46,103.0,1,9,0.9
2024-03-26T15:33:32Z,26.331288,-76.997622,0.38,143.8,1,9,0.9
2024-03-26T15:33:37Z,26.331278,-76.997620,0.62,159.9,1,9,0.9
2024-03-26T15:33:42Z,26.331262,-76.997630,0.42,179.7,1,9,0.9
2024-03-26T15:33:47Z,26.331263,-76.997633,0.04,226.8,1,9,0.9
2024-03-26T15:33:52Z,26.331257,-76.997637,0.63,202.1,1,9,0.9
2024-03-26T15:33:57Z,26.331250,-76.997635,0.32,68.0,1,9,0.9
2024-03-26T15:34:07Z,26.331248,-76.997627,0.51,105.5,1,9,0.9
2024-03-26T15:34:12Z,26.331240,-76.997627,0.26,108.4,1,9,0.9
2024-03-26T15:34:17Z,26.331243,-76.997627,0.07,273.6,1,9,0.9
2024-03-26T15:34:22Z,26.331237,-76.997632,0.25,199.7,1,9,0.9
2024-03-26T15:34:27Z,26.331228,-76.997638,0.38,264.2,1,9,0.9
2024-03-26T15:34:32Z,26.331225,-76.997642,0.25,150.6,1,9,0.9
2024-03-26T15:34:42Z,26.331232,-76.997640,0.07,40.3,1,9,0.9
2024-03-26T15:34:47Z,26.331235,-76.997643,0.43,78.1,1,9,0.9
2024-03-26T15:34:52Z,26.331235,-76.997652,0.34,219.2,1,9,0.9
2024-03-26T15:34:57Z,26.331242,-76.997662,0.48,38.0,1,9,0.9
2024-03-26T15:35:02Z,26.331248,-76.997658,0.90,151.4,1,9,0.9
2024-03-26T15:35:07Z,26.331243,-76.997662,0.06,51.8,1,9,0.9
2024-03-26T15:35:17Z,26.331258,-76.997647,0.47,6.9,1,9,0.9
2024-03-26T15:35:22Z,26.331262,-76.997655,0.60,19.1,1,9,0.9
2024-03-26T15:35:27Z,26.331273,-76.997650,0.73,23.4,1,9,0.9
2024-03-26T15:35:32Z,26.331275,-76.997652,0.24,6.3,1,9,0.9
2024-03-26T15:35:37Z,26.331277,-76.997655,0.53,242.7,1,9,0.9
2024-03-26T15:35:42Z,26.331285,-76.997650,0.68,45.5,1,9,0.9
2024-03-26T15:35:52Z,26.331288,-76.997655,0.47,211.7,1,9,0.9
2024-03-26T15:35:57Z,26.331297,-76.997658,0.81,28.3,1,9,0.9
2024-03-26T15:36:02Z,26.331298,-76.997657,0.49,182.2,1,9,0.9
2024-03-26T15:36:07Z,26.331293,-76.997655,0.30,139.3,1,9,0.9
2024-03-26T15:36:12Z,26.331290,-76.997648,0.09,91.5,1,9,0.9
2024-03-26T15:36:17Z,26.331283,-76.997647,0.49,167.7,1,9,0.9
2024-03-26T15:36:27Z,26.331275,-76.997642,0.20,100.0,1,9,0.9
2024-03-26T15:36:32Z,26.331273,-76.997638,0.57,204.2,1,9,0.9
2024-03-26T15:36:37Z,26.331273,-76.997633,0.70,56.5,1,9,0.9
2024-03-26T15:36:42Z,26.331277,-76.997630,0.01,257.2,1,9,0.9
2024-03-26T15:36:47Z,26.331272,-76.997627,0.59,197.6,1,9,0.9
2024-03-26T15:36:52Z,26.331267,-76.997630,0.16,191.6,1,9,0.9
2024-03-26T15:37:02Z,26.331258,-76.997642,0.36,33.3,1,8,1.0
2024-03-26T15:37:07Z,26.331260,-76.997640,0.24,25.1,1,9,0.9
2024-03-26T15:37:12Z,26.331267,-76.997635,0.16,79.9,1,9,0.9
2024-03-26T15:37:17Z,26.331257,-76.997635,0.07,349.5,1,9,0.9
2024-03-26T15:37:22Z,26.331255,-76.997633,0.43,234.1,1,9,0.9
2024-03-26T15:37:27Z,26.331248,-76.997648,0.23,260.2,1,9,0.9
2024-03-26T15:37:37Z,26.331258,-76.997663,0.26,43.8,1,9,0.9
2024-03-26T15:37:42Z,26.331270,-76.997657,0.78,75.0,1,9,0.9
2024-03-26T15:37:47Z,26.331277,-76.997648,0.36,65.9,1,9,0.9
2024-03-26T15:37:52Z,26.331277,-76.997643,0.43,134.5,1,9,0.9
2024-03-26T15:37:57Z,26.331278,-76.997642,0.18,177.5,1,9,0.9
2024-03-26T15:38:02Z,26.331280,-76.997645,0.43,242.8,1,9,0.9
2024-03-26T15:38:07Z,26.331275,-76.997650,0.34,49.2,1,9,0.9
2024-03-26T15:38:12Z,26.331280,-76.997633,0.41,19.8,1,9,0.9
2024-03-26T15:38:17Z,26.331290,-76.997638,0.38,334.5,1,9,0.9
2024-03-26T15:38:22Z,26.331283,-76.997642,0.18,233.7,1,9,0.9
2024-03-26T15:38:27Z,26.331290,-76.997633,0.44,87.1,1,9,0.9
2024-03-26T15:38:32Z,26.331282,-76.997637,0.21,86.9,1,9,0.9
2024-03-26T15:38:37Z,26.331277,-76.997640,0.37,1.1,1,9,0.9
2024-03-26T15:38:47Z,26.331275,-76.997643,0.32,223.8,1,9,0.9
2024-03-26T15:38:52Z,26.331277,-76.997647,0.25,63.8,1,9,0.9
2024-03-26T15:38:57Z,26.331272,-76.997650,0.67,206.9,1,9,0.9
2024-03-26T15:39:02Z,26.331265,-76.997652,0.37,85.2,1,9,0.9
2024-03-26T15:39:07Z,26.331260,-76.997652,0.50,224.3,1,8,1.0
2024-03-26T15:39:12Z,26.331260,-76.997648,0.56,181.8,1,9,0.9
2024-03-26T15:39:22Z,26.331253,-76.997645,0.77,177.3,1,8,1.0
2024-03-26T15:39:27Z,26.331243,-76.997648,0.25,90.6,1,9,0.9
2024-03-26T15:39:32Z,26.331247,-76.997640,0.05,221.4,1,9,0.9
2024-03-26T15:39:37Z,26.331243,-76.997642,0.17,125.5,1,9,0.9
2024-03-26T15:39:42Z,26.331247,-76.997637,0.20,330.4,1,9,0.9
2024-03-26T15:39:47Z,26.331248,-76.997637,0.40,238.0,1,9,0.9
2024-03-26T15:39:57Z,26.331250,-76.997635,0.51,186.3,1,9,0.9
2024-03-26T15:40:02Z,26.331243,-76.997642,0.34,194.7,1,9,0.9
2024-03-26T15:40:07Z,26.331240,-76.997648,0.22,75.0,1,9,0.9
2024-03-26T15:40:12Z,26.331242,-76.997650,0.16,98.2,1,9,0.9
2024-03-26T15:40:17Z,26.331235,-76.997650,0.48,192.4,1,9,0.9
2024-03-26T15:40:22Z,26.331235,-76.997657,0.18,115.9,1,8,1.0
2024-03-26T15:40:32Z,26.331233,-76.997655,0.42,37.7,1,8,1.0
2024-03-26T15:40:37Z,26.331242,-76.997653,0.13,16.6,1,9,0.9
2024-03-26T15:40:42Z,26.331242,-76.997643,0.50,58.8,1,9,0.9
2024-03-26T15:40:47Z,26.331252,-76.997630,0.48,53.0,1,9,0.9
2024-03-26T15:40:52Z,26.331255,-76.997628,0.94,9.9,1,8,1.0
2024-03-26T15:40:57Z,26.331272,-76.997627,0.27,333.5,1,9,0.9
2024-03-26T15:41:07Z,26.331273,-76.997642,0.29,73.1,1,8,1.0
2024-03-26T15:41:12Z,26.331280,-76.997642,0.83,26.0,1,7,1.8
2024-03-26T15:41:17Z,26.331285,-76.997647,0.45,279.9,1,8,1.0
2024-03-26T15:41:22Z,26.331283,-76.997637,0.43,136.2,1,8,1.0
2024-03-26T15:41:27Z,26.331282,-76.997638,0.77,245.4,1,8,1.0
2024-03-26T15:41:32Z,26.331280,-76.997652,0.58,270.8,1,8,1.0
2024-03-26T15:41:42Z,26.331268,-76.997643,0.75,42.9,1,8,1.0
2024-03-26T15:41:47Z,26.331268,-76.997648,0.88,237.7,1,8,1.0
2024-03-26T15:41:52Z,26.331268,-76.997650,0.40,69.0,1,8,1.0
2024-03-26T15:41:57Z,26.331272,-76.997650,0.56,224.1,1,8,1.0
2024-03-26T15:42:02Z,26.331267,-76.997653,0.21,174.8,1,8,1.0
2024-03-26T15:42:07Z,26.331267,-76.997658,0.39,196.8,1,8,1.0
2024-03-26T15:42:17Z,26.331270,-76.997650,0.34,182.9,1,8,1.0
2024-03-26T15:42:22Z,26.331273,-76.997650,0.05,115.6,1,8,1.0
2024-03-26T15:42:27Z,26.331272,-76.997652,0.54,49.7,1,8,1.0
2024-03-26T15:42:32Z,26.331272,-76.997652,0.13,180.0,1,8,1.0
2024-03-26T15:42:37Z,26.331270,-76.997653,0.37,63.7,1,8,1.0
2024-03-26T15:42:42Z,26.331267,-76.997650,0.43,163.7,1,8,1.0
2024-03-26T15:42:52Z,26.331265,-76.997648,0.15,147.1,1,8,1.0
2024-03-26T15:42:57Z,26.331263,-76.997643,0.59,80.3,1,8,1.0
2024-03-26T15:43:02Z,26.331262,-76.997643,0.21,327.3,1,8,1.0
2024-03-26T15:43:07Z,26.331257,-76.997648,0.49,220.3,1,7,1.9
2024-03-26T15:43:12Z,26.331252,-76.997653,0.40,115.4,1,8,1.0
2024-03-26T15:43:17Z,26.331248,-76.997650,0.26,41.0,1,8,1.0
2024-03-26T15:43:27Z,26.331250,-76.997653,0.23,354.7,1,8,1.0
2024-03-26T15:43:32Z,26.331258,-76.997645,0.42,100.8,1,8,1.0
2024-03-26T15:43:37Z,26.331250,-76.997652,0.60,220.9,1,8,1.0
2024-03-26T15:43:42Z,26.331253,-76.997645,0.21,64.0,1,8,1.0
2024-03-26T15:43:47Z,26.331250,-76.997647,0.63,254.8,1,8,1.0
2024-03-26T15:43:52Z,26.331252,-76.997653,0.13,28.9,1,8,1.0
2024-03-26T15:44:02Z,26.331258,-76.997673,0.58,205.8,1,8,1.0
2024-03-26T15:44:07Z,26.331262,-76.997660,0.83,38.5,1,8,1.0
2024-03-26T15:44:12Z,26.331268,-76.997660,0.63,158.8,1,8,1.0
2024-03-26T15:44:17Z,26.331270,-76.997660,0.85,59.7,1,8,1.0
2024-03-26T15:44:22Z,26.331277,-76.997648,0.25,183.2,1,8,1.0
2024-03-26T15:44:27Z,26.331275,-76.997648,0.30,314.2,1,8,1.0
2024-03-26T15:44:37Z,26.331273,-76.997652,0.39,199.3,1,8,1.0
2024-03-26T15:44:42Z,26.331268,-76.997655,0.68,217.1,1,8,1.0
2024-03-26T15:44:47Z,26.331272,-76.997658,0.51,2.5,1,8,1.0
2024-03-26T15:44:52Z,26.331280,-76.997657,0.39,35.7,1,8,1.0
2024-03-26T15:44:57Z,26.331277,-76.997657,0.95,229.0,1,8,1.0
2024-03-26T15:45:02Z,26.331275,-76.997658,0.62,30.1,1,8,1.0
2024-03-26T15:45:12Z,26.331267,-76.997677,0.17,6.4,1,8,1.0
2024-03-26T15:45:17Z,26.331273,-76.997670,0.30,148.3,1,7,1.2
2024-03-26T15:45:22Z,26.331270,-76.997663,1.27,46.4,1,7,1.2
2024-03-26T15:45:27Z,26.331258,-76.997665,0.22,201.9,1,7,1.2
2024-03-26T15:45:32Z,26.331267,-76.997642,0.88,57.4,1,7,1.2
2024-03-26T15:45:37Z,26.331258,-76.997640,0.05,142.3,1,7,1.2
2024-03-26T15:45:47Z,26.331255,-76.997637,0.36,217.2,1,7,1.2
2024-03-26T15:45:52Z,26.331262,-76.997637,0.21,215.4,1,7,1.2
2024-03-26T15:45:57Z,26.331265,-76.997643,0.12,17.2,1,7,1.2
2024-03-26T15:46:02Z,26.331255,-76.997662,0.35,36.6,1,7,1.2
2024-03-26T15:46:07Z,26.331265,-76.997653,0.26,114.4,1,7,1.2
2024-03-26T15:46:12Z,26.331265,-76.997653,0.54,37.1,1,7,1.2
2024-03-26T15:46:17Z,26.331257,-76.997655,0.62,228.1,1,7,1.2
2024-03-26T15:46:22Z,26.331265,-76.997655,0.11,98.2,1,7,1.2
2024-03-26T15:46:27Z,26.331272,-76.997657,0.38,359.7,1,7,1.2
2024-03-26T15:46:32Z,26.331267,-76.997667,0.40,66.7,1,6,2.1
2024-03-26T15:46:37Z,26.331275,-76.997663,0.58,71.2,1,6,2.1
2024-03-26T15:46:42Z,26.331273,-76.997658,0.14,12.9,1,7,1.2
2024-03-26T15:46:47Z,26.331273,-76.997648,0.58,53.9,1,7,1.2
2024-03-26T15:46:52Z,26.331272,-76.997648,0.09,39.7,1,6,2.1
2024-03-26T15:46:57Z,26.331258,-76.997658,0.22,199.2,1,6,2.1
2024-03-26T15:47:02Z,26.331267,-76.997653,0.75,49.8,1,7,1.2
2024-03-26T15:47:07Z,26.331265,-76.997655,0.28,22.3,1,7,1.2
2024-03-26T15:47:12Z,26.331267,-76.997647,0.09,130.1,1,7,1.2
2024-03-26T15:47:22Z,26.331275,-76.997638,0.46,157.1,1,7,1.2
2024-03-26T15:47:27Z,26.331278,-76.997642,0.13,357.5,1,6,2.1
2024-03-26T15:47:32Z,26.331278,-76.997642,0.16,168.5,1,7,1.2
2024-03-26T15:47:37Z,26.331270,-76.997652,0.15,230.1,1,7,1.2
2024-03-26T15:47:42Z,26.331278,-76.997642,0.07,234.8,1,7,1.2
2024-03-26T15:47:52Z,26.331290,-76.997650,0.06,164.8,1,7,1.2
2024-03-26T15:47:57Z,26.331280,-76.997663,1.20,223.1,1,7,1.2
2024-03-26T15:48:02Z,26.331267,-76.997665,0.37,162.3,1,7,1.2
2024-03-26T15:48:07Z,26.331257,-76.997658,0.75,127.9,1,7,1.2
2024-03-26T15:48:12Z,26.331260,-76.997648,0.30,104.7,1,7,1.2
2024-03-26T15:48:17Z,26.331258,-76.997640,0.59,165.0,1,7,1.2
2024-03-26T15:48:27Z,26.331253,-76.997633,0.65,176.6,1,7,1.2
2024-03-26T15:48:32Z,26.331243,-76.997642,0.74,197.0,1,7,1.2
2024-03-26T15:48:37Z,26.331238,-76.997640,0.64,196.5,1,7,1.2
2024-03-26T15:48:42Z,26.331223,-76.997653,0.24,162.9,1,7,1.2
2024-03-26T15:48:47Z,26.331227,-76.997653,0.15,284.5,1,7,1.2
2024-03-26T15:48:52Z,26.331228,-76.997652,0.41,108.8,1,7,1.2
2024-03-26T15:48:57Z,26.331233,-76.997647,0.15,228.8,1,7,1.2
2024-03-26T15:49:02Z,26.331228,-76.997650,0.04,267.8,1,7,1.2
2024-03-26T15:49:07Z,26.331225,-76.997657,0.46,53.3,1,7,1.2
2024-03-26T15:49:12Z,26.331223,-76.997650,0.49,201.0,1,7,1.2
2024-03-26T15:49:17Z,26.331222,-76.997660,0.15,206.8,1,7,1.2
2024-03-26T15:49:22Z,26.331220,-76.997662,0.43,78.7,1,7,1.2
2024-03-26T15:49:32Z,26.331225,-76.997663,0.28,42.6,1,7,1.2
2024-03-26T15:49:37Z,26.331232,-76.997650,0.56,85.1,1,7,1.2
2024-03-26T15:49:42Z,26.331232,-76.997645,0.67,165.3,1,7,1.2
2024-03-26T15:49:47Z,26.331225,-76.997653,0.47,137.1,1,6,2.2
2024-03-26T15:49:52Z,26.331233,-76.997642,0.39,29.8,1,7,1.2
2024-03-26T15:50:02Z,26.331240,-76.997648,0.54,238.5,1,7,1.2
2024-03-26T15:50:07Z,26.331252,-76.997652,0.37,27.4,1,7,1.2
2024-03-26T15:50:12Z,26.331250,-76.997655,0.45,244.6,1,7,1.2
2024-03-26T15:50:17Z,26.331252,-76.997663,0.16,13.3,1,7,1.2
2024-03-26T15:50:22Z,26.331257,-76.997657,0.29,47.6,1,7,1.2
2024-03-26T15:50:27Z,26.331252,-76.997670,0.87,44.0,1,7,1.2
2024-03-26T15:50:37Z,26.331262,-76.997660,0.27,282.3,1,6,2.3
2024-03-26T15:50:42Z,26.331268,-76.997658,0.45,38.8,1,6,2.3
2024-03-26T15:50:47Z,26.331262,-76.997665,0.48,239.5,1,7,1.2
2024-03-26T15:50:52Z,26.331250,-76.997668,0.42,10.4,1,7,1.2
2024-03-26T15:50:57Z,26.331247,-76.997667,0.35,163.3,1,7,1.2
2024-03-26T15:51:07Z,26.331255,-76.997665,0.65,212.2,1,7,1.2
2024-03-26T15:51:12Z,26.331252,-76.997655,0.71,39.0,1,7,1.2
2024-03-26T15:51:17Z,26.331267,-76.997658,0.14,42.8,1,7,1.2
2024-03-26T15:51:22Z,26.331267,-76.997663,0.96,242.0,1,7,1.2
2024-03-26T15:51:27Z,26.331270,-76.997663,0.38,1.6,1,6,2.3
2024-03-26T15:51:37Z,26.331252,-76.997657,0.27,95.5,1,7,1.2
2024-03-26T15:51:42Z,26.331237,-76.997660,0.37,176.8,1,7,1.2
2024-03-26T15:51:47Z,26.331232,-76.997665,0.79,211.7,1,7,1.2
2024-03-26T15:51:52Z,26.331223,-76.997665,0.87,53.3,1,7,1.2
2024-03-26T15:51:57Z,26.331232,-76.997658,0.19,155.8,1,7,1.2
2024-03-26T15:52:02Z,26.331225,-76.997672,0.13,222.0,1,7,1.2
2024-03-26T15:52:07Z,26.331217,-76.997680,0.42,46.2,1,7,1.2
2024-03-26T15:52:12Z,26.331232,-76.997680,1.25,240.5,1,7,1.2
2024-03-26T15:52:17Z,26.331232,-76.997687,0.36,323.1,1,7,1.2
2024-03-26T15:52:22Z,26.331258,-76.997683,1.14,54.3,1,7,1.2
2024-03-26T15:52:27Z,26.331275,-76.997670,0.26,227.7,1,7,1.2
2024-03-26T15:52:32Z,26.331277,-76.997660,0.64,53.4,1,7,1.2
2024-03-26T15:52:42Z,26.331283,-76.997668,0.69,45.9,1,7,1.2
2024-03-26T15:52:47Z,26.331292,-76.997663,0.31,240.1,1,7,1.2
2024-03-26T15:52:52Z,26.331297,-76.997662,0.55,1.1,1,7,1.2
2024-03-26T15:52:57Z,26.331293,-76.997663,0.14,160.2,1,7,1.2
2024-03-26T15:53:02Z,26.331293,-76.997663,0.30,7.6,1,7,1.2
2024-03-26T15:53:07Z,26.331283,-76.997667,0.18,173.9,1,7,1.2
2024-03-26T15:53:12Z,26.331285,-76.997663,0.13,130.4,1,7,1.2
2024-03-26T15:53:17Z,26.331273,-76.997667,0.36,216.3,1,7,1.2
2024-03-26T15:53:22Z,26.331268,-76.997660,0.43,89.5,1,7,1.2
2024-03-26T15:53:27Z,26.331253,-76.997652,0.21,147.9,1,7,1.2
2024-03-26T15:53:32Z,26.331247,-76.997650,0.69,189.0,1,7,1.2
2024-03-26T15:53:37Z,26.331245,-76.997648,0.41,79.2,1,7,1.2
2024-03-26T15:53:47Z,26.331245,-76.997637,0.45,154.3,1,7,1.2
2024-03-26T15:53:52Z,26.331238,-76.997637,0.38,246.6,1,7,1.2
2024-03-26T15:53:57Z,26.331238,-76.997637,0.45,95.8,1,7,1.2
2024-03-26T15:54:02Z,26.331228,-76.997643,0.31,186.8,1,7,1.2
2024-03-26T15:54:07Z,26.331230,-76.997642,0.09,321.0,1,7,1.2
2024-03-26T15:54:12Z,26.331222,-76.997647,0.63,168.1,1,7,1.2
2024-03-26T15:54:17Z,26.331215,-76.997650,0.24,211.2,1,7,1.2
2024-03-26T15:54:22Z,26.331218,-76.997647,0.35,134.8,1,7,1.2
2024-03-26T15:54:27Z,26.331213,-76.997650,0.20,67.5,1,7,1.2
2024-03-26T15:54:32Z,26.331210,-76.997657,0.31,102.5,1,7,1.2
2024-03-26T15:54:37Z,26.331222,-76.997665,0.20,266.2,1,7,1.2
2024-03-26T15:54:42Z,26.331210,-76.997662,0.55,119.8,1,7,1.2
2024-03-26T15:54:52Z,26.331222,-76.997660,0.36,354.3,1,7,1.2
2024-03-26T15:54:57Z,26.331228,-76.997667,0.24,191.1,1,7,1.2
2024-03-26T15:55:02Z,26.331228,-76.997672,0.73,9.3,1,7,1.2
2024-03-26T15:55:07Z,26.331238,-76.997670,0.69,47.4,1,7,1.2
2024-03-26T15:55:12Z,26.331243,-76.997672,0.21,319.2,1,7,1.2
2024-03-26T15:55:17Z,26.331257,-76.997673,0.76,11.4,1,7,1.2
2024-03-26T15:55:22Z,26.331260,-76.997665,0.25,108.7,1,7,1.2
2024-03-26T15:55:27Z,26.331262,-76.997660,0.18,163.4,1,7,1.2
2024-03-26T15:55:32Z,26.331263,-76.997662,0.57,59.5,1,7,1.2
2024-03-26T15:55:37Z,26.331278,-76.997652,0.41,64.7,1,7,1.2
2024-03-26T15:55:42Z,26.331270,-76.997673,1.24,231.8,1,7,1.2
2024-03-26T15:55:47Z,26.331263,-76.997678,0.37,45.7,1,7,1.2
2024-03-26T15:55:57Z,26.331273,-76.997670,0.86,195.2,1,6,1.2
2024-03-26T15:56:02Z,26.331268,-76.997668,0.42,100.0,1,7,1.2
2024-03-26T15:56:07Z,26.331277,-76.997655,0.36,149.3,1,7,1.2
2024-03-26T15:56:12Z,26.331285,-76.997667,0.73,237.8,1,7,1.2
2024-03-26T15:56:17Z,26.331275,-76.997673,0.88,195.7,1,7,1.2
2024-03-26T15:56:22Z,26.331268,-76.997673,0.44,156.7,1,7,1.2
2024-03-26T15:56:27Z,26.331272,-76.997677,0.53,198.7,1,7,1.2
2024-03-26T15:56:32Z,26.331278,-76.997680,0.35,28.2,1,7,1.2
2024-03-26T15:56:37Z,26.331265,-76.997688,0.16,65.9,1,7,1.2
2024-03-26T15:56:42Z,26.331278,-76.997675,0.13,213.3,1,7,1.2
2024-03-26T15:56:47Z,26.331280,-76.997670,0.57,53.7,1,7,1.2
2024-03-26T15:56:52Z,26.331277,-76.997670,0.64,269.7,1,7,1.2
2024-03-26T15:57:02Z,26.331282,-76.997667,0.27,241.0,1,7,1.2
2024-03-26T15:57:07Z,26.331277,-76.997675,0.48,2.6,1,7,1.2
2024-03-26T15:57:12Z,26.331295,-76.997665,0.72,44.8,1,7,1.2
2024-03-26T15:57:17Z,26.331298,-76.997657,0.68,221.8,1,7,1.2
2024-03-26T15:57:22Z,26.331315,-76.997667,0.60,36.4,1,7,1.2
2024-03-26T15:57:32Z,26.331310,-76.997655,0.50,64.8,1,9,1.0
2024-03-26T15:57:37Z,26.331305,-76.997653,0.78,218.8,1,9,1.0
2024-03-26T15:57:42Z,26.331307,-76.997645,0.80,48.2,1,9,1.0
2024-03-26T15:57:47Z,26.331302,-76.997648,0.82,244.0,1,9,1.0
2024-03-26T15:57:52Z,26.331293,-76.997648,0.30,76.9,1,9,1.0
2024-03-26T15:57:57Z,26.331283,-76.997650,0.51,192.0,1,9,1.0
2024-03-26T15:58:07Z,26.331285,-76.997643,0.21,107.9,1,9,1.0
2024-03-26T15:58:12Z,26.331278,-76.997638,0.51,110.8,1,9,1.0
2024-03-26T15:58:17Z,26.331270,-76.997635,0.41,172.2,1,9,1.0
2024-03-26T15:58:22Z,26.331262,-76.997635,0.95,200.3,1,9,1.0
2024-03-26T15:58:27Z,26.331245,-76.997643,0.33,181.6,1,9,1.0
2024-03-26T15:58:32Z,26.331243,-76.997638,0.07,181.8,1,9,1.0
2024-03-26T15:58:42Z,26.331237,-76.997640,0.45,153.3,1,9,1.0
2024-03-26T15:58:47Z,26.331228,-76.997635,0.26,151.0,1,9,1.0
2024-03-26T15:58:52Z,26.331218,-76.997645,0.22,70.0,1,9,1.0
2024-03-26T15:58:57Z,26.331218,-76.997642,0.15,176.8,1,9,1.0
2024-03-26T15:59:02Z,26.331217,-76.997647,0.37,100.4,1,9,1.0
2024-03-26T15:59:07Z,26.331212,-76.997650,0.38,225.4,1,9,1.0
2024-03-26T15:59:17Z,26.331220,-76.997658,0.17,226.1,1,9,1.0
2024-03-26T15:59:22Z,26.331217,-76.997662,0.17,198.3,1,9,1.0
2024-03-26T15:59:27Z,26.331217,-76.997665,0.92,45.2,1,9,1.0
2024-03-26T15:59:32Z,26.331220,-76.997668,1.03,240.5,1,9,1.0
2024-03-26T15:59:37Z,26.331220,-76.997680,0.60,349.2,1,9,1.0
2024-03-26T15:59:42Z,26.331228,-76.997677,0.18,173.7,1,9,1.0
2024-03-26T15:59:47Z,26.331215,-76.997678,0.44,58.6,1,9,1.0
2024-03-26T15:59:52Z,26.331223,-76.997675,0.30,119.1,1,9,1.0
2024-03-26T15:59:57Z,26.331222,-76.997663,0.60,89.6,1,9,1.0
2024-03-26T16:00:02Z,26.331225,-76.997665,0.35,85.5,1,9,1.0
2024-03-26T16:00:07Z,26.331225,-76.997665,0.06,311.1,1,9,1.0
2024-03-26T16:00:12Z,26.331227,-76.997670,0.43,98.2,1,9,1.0
2024-03-26T16:00:17Z,26.331235,-76.997668,0.38,11.6,1,8,1.4
2024-03-26T16:00:27Z,26.331232,-76.997672,0.25,83.6,1,9,1.0
2024-03-26T16:00:32Z,26.331237,-76.997672,0.40,96.5,1,9,1.0
2024-03-26T16:00:37Z,26.331240,-76.997668,0.38,277.8,1,9,1.0
2024-03-26T16:00:42Z,26.331250,-76.997663,0.22,318.8,1,9,1.0
2024-03-26T16:00:47Z,26.331257,-76.997662,0.59,229.8,1,9,1.0
2024-03-26T16:00:52Z,26.331263,-76.997658,0.90,52.1,1,9,1.0
2024-03-26T16:00:57Z,26.331267,-76.997672,0.18,250.9,1,9,1.0
2024-03-26T16:01:02Z,26.331278,-76.997667,0.57,47.5,1,9,1.0
2024-03-26T16:01:07Z,26.331290,-76.997665,0.46,116.3,1,9,1.0
2024-03-26T16:01:12Z,26.331293,-76.997657,0.24,174.6,1,9,1.0
2024-03-26T16:01:17Z,26.331288,-76.997658,0.51,170.4,1,9,1.0
2024-03-26T16:01:22Z,26.331283,-76.997657,0.30,88.9,1,9,1.0
2024-03-26T16:01:32Z,26.331273,-76.997663,0.45,169.6,1,9,1.0
2024-03-26T16:01:37Z,26.331270,-76.997655,0.19,322.7,1,9,1.0
2024-03-26T16:01:42Z,26.331258,-76.997663,0.41,186.1,1,8,1.4
2024-03-26T16:01:47Z,26.331265,-76.997660,0.65,71.1,1,9,1.0
2024-03-26T16:01:52Z,26.331265,-76.997663,0.91,204.7,1,9,1.0
2024-03-26T16:02:02Z,26.331258,-76.997670,1.04,202.9,1,9,1.0
2024-03-26T16:02:07Z,26.331255,-76.997670,0.57,161.0,1,9,1.0
2024-03-26T16:02:12Z,26.331247,-76.997670,0.38,166.6,1,8,1.1
2024-03-26T16:02:17Z,26.331242,-76.997667,0.54,32.4,1,8,1.1
2024-03-26T16:02:22Z,26.331245,-76.997655,0.44,192.0,1,9,1.0
2024-03-26T16:02:27Z,26.331247,-76.997663,0.73,210.0,1,8,1.1
2024-03-26T16:02:37Z,26.331238,-76.997660,0.22,12.2,1,9,1.0
2024-03-26T16:02:42Z,26.331248,-76.997660,0.34,224.0,1,9,1.0
2024-03-26T16:02:47Z,26.331248,-76.997658,0.71,26.4,1,8,1.4
2024-03-26T16:02:52Z,26.331263,-76.997652,0.23,67.4,1,8,1.4
2024-03-26T16:02:57Z,26.331265,-76.997658,0.38,162.3,1,7,1.4
2024-03-26T16:03:02Z,26.331265,-76.997658,0.43,353.6,1,9,1.0
2024-03-26T16:03:12Z,26.331255,-76.997660,0.32,196.8,1,9,1.0
2024-03-26T16:03:17Z,26.331255,-76.997660,0.68,52.2,1,9,1.0
2024-03-26T16:03:22Z,26.331257,-76.997658,0.43,230.9,1,9,1.0
2024-03-26T16:03:27Z,26.331243,-76.997667,0.68,167.2,1,9,1.0
2024-03-26T16:03:32Z,26.331248,-76.997657,0.60,88.8,1,9,1.0
2024-03-26T16:03:37Z,26.331247,-76.997653,0.14,175.3,1,9,1.0
2024-03-26T16:03:47Z,26.331243,-76.997655,0.46,55.5,1,9,1.0
2024-03-26T16:03:52Z,26.331252,-76.997662,0.63,220.3,1,9,1.0
2024-03-26T16:03:57Z,26.331253,-76.997670,0.37,75.8,1,9,1.0
2024-03-26T16:04:02Z,26.331263,-76.997657,0.13,196.7,1,9,1.0
2024-03-26T16:04:07Z,26.331265,-76.997657,0.23,185.0,1,9,1.0
2024-03-26T16:04:12Z,26.331262,-76.997653,0.52,82.0,1,9,1.0
2024-03-26T16:04:22Z,26.331262,-76.997660,0.48,241.2,1,9,1.0
2024-03-26T16:04:27Z,26.331268,-76.997663,0.15,29.1,1,9,1.0
2024-03-26T16:04:32Z,26.331275,-76.997665,0.22,43.3,1,9,1.0
2024-03-26T16:04:37Z,26.331283,-76.997670,0.40,224.2,1,9,1.0
2024-03-26T16:04:42Z,26.331283,-76.997667,0.07,195.2,1,9,1.0
2024-03-26T16:04:47Z,26.331270,-76.997670,0.36,56.4,1,9,1.0
2024-03-26T16:04:57Z,26.331275,-76.997657,0.43,194.8,1,9,1.0
2024-03-26T16:05:02Z,26.331278,-76.997657,0.16,189.5,1,9,1.0
2024-03-26T16:05:07Z,26.331280,-76.997660,0.02,226.9,1,9,1.0
2024-03-26T16:05:12Z,26.331283,-76.997658,0.19,23.2,1,9,1.0
2024-03-26T16:05:17Z,26.331287,-76.997663,0.14,279.9,1,9,1.0
2024-03-26T16:05:22Z,26.331285,-76.997657,0.38,73.2,1,9,1.0
2024-03-26T16:05:32Z,26.331292,-76.997658,0.49,120.0,1,8,1.1
2024-03-26T16:05:37Z,26.331298,-76.997655,0.46,285.8,1,9,1.0
2024-03-26T16:05:42Z,26.331297,-76.997653,0.36,126.9,1,9,1.0
2024-03-26T16:05:47Z,26.331290,-76.997657,0.29,83.2,1,9,1.0
2024-03-26T16:05:52Z,26.331290,-76.997652,0.05,22.7,1,9,1.0
2024-03-26T16:05:57Z,26.331293,-76.997648,0.29,81.3,1,9,1.0
2024-03-26T16:06:07Z,26.331293,-76.997640,0.42,94.3,1,9,1.0
2024-03-26T16:06:12Z,26.331293,-76.997637,0.57,187.5,1,9,1.0
2024-03-26T16:06:17Z,26.331280,-76.997643,0.22,215.4,1,9,1.0
2024-03-26T16:06:22Z,26.331280,-76.997645,0.09,129.6,1,9,1.0
2024-03-26T16:06:27Z,26.331275,-76.997650,1.00,239.2,1,9,1.0
2024-03-26T16:06:32Z,26.331278,-76.997648,0.42,125.9,1,9,1.0
2024-03-26T16:06:37Z,26.331282,-76.997643,0.17,162.4,1,9,1.0
2024-03-26T16:06:42Z,26.331270,-76.997650,0.15,107.6,1,9,1.0
2024-03-26T16:06:47Z,26.331273,-76.997643,0.92,63.8,1,9,1.0
2024-03-26T16:06:52Z,26.331277,-76.997635,0.18,90.4,1,9,1.0
2024-03-26T16:06:57Z,26.331280,-76.997633,0.39,94.7,1,9,1.0
2024-03-26T16:07:02Z,26.331285,-76.997635,0.56,31.4,1,9,1.0
2024-03-26T16:07:07Z,26.331292,-76.997632,0.40,50.2,1,9,1.0
2024-03-26T16:07:17Z,26.331282,-76.997633,0.15,69.5,1,9,1.0
2024-03-26T16:07:22Z,26.331278,-76.997637,0.24,288.7,1,9,1.0
2024-03-26T16:07:27Z,26.331275,-76.997642,0.30,98.1,1,9,1.0
2024-03-26T16:07:32Z,26.331273,-76.997640,0.54,114.5,1,9,1.0
2024-03-26T16:07:37Z,26.331268,-76.997645,0.37,159.7,1,9,1.0
2024-03-26T16:07:42Z,26.331270,-76.997655,1.28,217.6,1,8,1.1
2024-03-26T16:07:52Z,26.331257,-76.997668,1.19,225.2,1,9,1.0
2024-03-26T16:07:57Z,26.331265,-76.997665,0.66,61.8,1,9,1.0
2024-03-26T16:08:02Z,26.331258,-76.997665,0.78,237.9,1,9,1.0
2024-03-26T16:08:07Z,26.331258,-76.997658,0.69,66.0,1,9,1.0
2024-03-26T16:08:12Z,26.331255,-76.997653,0.17,106.7,1,9,1.0
2024-03-26T16:08:17Z,26.331250,-76.997648,0.67,154.3,1,9,1.0
2024-03-26T16:08:22Z,26.331242,-76.997645,0.29,96.0,1,9,1.0
2024-03-26T16:08:27Z,26.331242,-76.997645,0.10,58.1,1,9,1.0
2024-03-26T16:08:32Z,26.331245,-76.997643,0.64,125.2,1,9,1.0
2024-03-26T16:08:37Z,26.331242,-76.997650,0.23,85.4,1,9,1.0
2024-03-26T16:08:42Z,26.331243,-76.997653,0.23,58.3,1,9,1.0
2024-03-26T16:08:47Z,26.331263,-76.997647,0.49,42.2,1,9,1.0
2024-03-26T16:08:52Z,26.331267,-76.997652,0.46,228.2,1,9,1.0
2024-03-26T16:09:02Z,26.331273,-76.997660,0.63,237.9,1,9,1.0
2024-03-26T16:09:07Z,26.331278,-76.997668,0.58,158.7,1,9,1.0
2024-03-26T16:09:12Z,26.331273,-76.997673,0.39,357.3,1,9,1.0
2024-03-26T16:09:17Z,26.331277,-76.997670,0.37,40.5,1,9,1.0
2024-03-26T16:09:22Z,26.331288,-76.997667,0.45,48.6,1,9,1.0
2024-03-26T16:09:27Z,26.331290,-76.997655,0.76,190.5,1,9,1.0
2024-03-26T16:09:37Z,26.331275,-76.997652,0.73,184.0,1,9,1.0
2024-03-26T16:09:42Z,26.331272,-76.997648,0.58,120.0,1,9,1.0
2024-03-26T16:09:47Z,26.331272,-76.997637,0.31,107.7,1,9,1.0
2024-03-26T16:09:52Z,26.331273,-76.997643,0.30,249.7,1,9,1.0
2024-03-26T16:09:57Z,26.331275,-76.997637,0.36,114.4,1,9,1.0
2024-03-26T16:10:02Z,26.331263,-76.997648,0.59,193.2,1,9,1.0
2024-03-26T16:10:12Z,26.331247,-76.997652,0.58,244.7,1,9,1.0
2024-03-26T16:10:17Z,26.331243,-76.997653,0.63,198.2,1,9,1.0
2024-03-26T16:10:22Z,26.331248,-76.997655,0.30,324.5,1,9,1.0
2024-03-26T16:10:27Z,26.331257,-76.997642,0.46,102.0,1,9,1.0
2024-03-26T16:10:32Z,26.331253,-76.997635,0.48,201.5,1,9,1.0
2024-03-26T16:10:37Z,26.331248,-76.997633,0.40,188.6,1,9,1.0
2024-03-26T16:10:47Z,26.331235,-76.997650,0.08,173.2,1,9,1.0
2024-03-26T16:10:52Z,26.331242,-76.997650,0.41,71.3,1,9,1.0
2024-03-26T16:10:57Z,26.331237,-76.997658,0.53,212.3,1,9,1.0
2024-03-26T16:11:02Z,26.331242,-76.997655,0.49,206.5,1,9,1.0
2024-03-26T16:11:07Z,26.331238,-76.997662,0.17,79.3,1,9,1.0
2024-03-26T16:11:12Z,26.331227,-76.997667,0.37,142.3,1,9,1.0
2024-03-26T16:11:22Z,26.331222,-76.997677,0.16,319.6,1,9,1.0
2024-03-26T16:11:27Z,26.331227,-76.997682,0.44,28.4,1,9,1.0
2024-03-26T16:11:32Z,26.331232,-76.997680,0.06,117.6,1,9,1.0
2024-03-26T16:11:37Z,26.331225,-76.997680,0.82,178.0,1,8,1.1
2024-03-26T16:11:42Z,26.331232,-76.997673,0.65,89.6,1,9,1.0
2024-03-26T16:11:47Z,26.331248,-76.997668,0.83,29.3,1,9,1.0
2024-03-26T16:11:57Z,26.331260,-76.997663,0.18,357.1,1,9,1.0
2024-03-26T16:12:02Z,26.331255,-76.997660,0.13,207.7,1,9,1.0
2024-03-26T16:12:07Z,26.331258,-76.997662,0.19,90.4,1,9,1.0
2024-03-26T16:12:12Z,26.331267,-76.997650,0.62,75.6,1,9,1.0
2024-03-26T16:12:17Z,26.331273,-76.997655,0.28,341.1,1,9,1.0
2024-03-26T16:12:22Z,26.331280,-76.997648,0.22,257.5,1,9,1.0
2024-03-26T16:12:32Z,26.331285,-76.997652,0.88,237.3,1,9,1.0
2024-03-26T16:12:37Z,26.331290,-76.997655,0.28,122.5,1,9,1.0
2024-03-26T16:12:42Z,26.331283,-76.997653,0.55,230.7,1,9,1.0
2024-03-26T16:12:47Z,26.331272,-76.997663,0.54,283.5,1,9,1.0
2024-03-26T16:12:52Z,26.331275,-76.997665,0.69,78.3,1,9,1.0
2024-03-26T16:12:57Z,26.331268,-76.997663,0.47,179.2,1,9,1.0
2024-03-26T16:13:07Z,26.331257,-76.997658,0.48,164.6,1,8,1.0
2024-03-26T16:13:12Z,26.331242,-76.997657,0.93,165.5,1,9,1.0
2024-03-26T16:13:17Z,26.331237,-76.997653,0.08,127.0,1,9,1.0
2024-03-26T16:13:22Z,26.331228,-76.997657,0.25,206.2,1,9,1.0
2024-03-26T16:13:27Z,26.331223,-76.997653,0.17,186.7,1,9,1.0
2024-03-26T16:13:32Z,26.331223,-76.997652,0.49,45.5,1,9,1.0
2024-03-26T16:13:37Z,26.331230,-76.997658,0.43,213.8,1,9,1.0
2024-03-26T16:13:42Z,26.331228,-76.997665,0.39,195.9,1,9,1.0
2024-03-26T16:13:47Z,26.331237,-76.997670,0.25,315.4,1,9,1.0
2024-03-26T16:13:52Z,26.331235,-76.997672,0.12,29.9,1,9,1.0
2024-03-26T16:13:57Z,26.331252,-76.997667,0.66,30.9,1,9,1.0
2024-03-26T16:14:02Z,26.331252,-76.997667,0.45,105.3,1,8,1.0
2024-03-26T16:14:07Z,26.331255,-76.997660,0.30,94.1,1,9,1.0
2024-03-26T16:14:17Z,26.331257,-76.997660,0.08,148.8,1,9,1.0
2024-03-26T16:14:22Z,26.331268,-76.997655,0.38,30.2,1,9,1.0
2024-03-26T16:14:27Z,26.331265,-76.997663,0.70,275.0,1,9,1.0
2024-03-26T16:14:32Z,26.331267,-76.997668,0.48,336.2,1,9,1.0
2024-03-26T16:14:37Z,26.331273,-76.997663,0.55,80.5,1,9,1.0
2024-03-26T16:14:42Z,26.331280,-76.997653,0.26,49.0,1,9,1.0
2024-03-26T16:14:52Z,26.331275,-76.997660,0.56,348.4,1,9,1.0
2024-03-26T16:14:57Z,26.331265,-76.997667,0.46,40.9,1,9,1.0
2024-03-26T16:15:02Z,26.331268,-76.997672,0.18,212.2,1,9,1.0
2024-03-26T16:15:07Z,26.331255,-76.997677,0.43,232.8,1,9,1.0
2024-03-26T16:15:12Z,26.331268,-76.997668,0.55,79.2,1,8,1.1
2024-03-26T16:15:17Z,26.331272,-76.997667,0.43,74.3,1,9,1.0
2024-03-26T16:15:27Z,26.331265,-76.997663,0.28,177.8,1,9,1.0
2024-03-26T16:15:32Z,26.331272,-76.997658,0.47,176.5,1,9,1.0
2024-03-26T16:15:37Z,26.331268,-76.997665,0.35,6.0,1,9,1.0
2024-03-26T16:15:42Z,26.331262,-76.997670,0.30,221.8,1,9,1.0
2024-03-26T16:15:47Z,26.331263,-76.997672,0.52,52.4,1,8,1.1
2024-03-26T16:15:52Z,26.331277,-76.997675,0.31,47.4,1,8,1.1
2024-03-26T16:16:02Z,26.331267,-76.997665,0.58,79.1,1,9,1.0
2024-03-26T16:16:07Z,26.331258,-76.997655,0.76,214.5,1,8,1.7
2024-03-26T16:16:12Z,26.331253,-76.997655,0.20,59.5,1,8,1.7
2024-03-26T16:16:17Z,26.331263,-76.997648,0.35,88.7,1,8,1.7
2024-03-26T16:16:22Z,26.331263,-76.997653,0.42,247.4,1,8,1.7
2024-03-26T16:16:27Z,26.331272,-76.997657,0.30,18.8,1,10,0.9
2024-03-26T16:16:37Z,26.331268,-76.997677,0.46,223.8,1,10,0.9
2024-03-26T16:16:42Z,26.331267,-76.997672,0.60,30.6,1,10,0.9
2024-03-26T16:16:47Z,26.331273,-76.997663,0.46,59.2,1,10,0.9
2024-03-26T16:16:52Z,26.331273,-76.997658,1.46,206.5,1,10,0.9
2024-03-26T16:16:57Z,26.331270,-76.997660,0.38,75.7,1,10,0.9
2024-03-26T16:17:02Z,26.331270,-76.997655,0.22,151.1,1,10,0.9
2024-03-26T16:17:12Z,26.331245,-76.997672,0.68,54.5,1,10,0.9
2024-03-26T16:17:17Z,26.331240,-76.997665,0.59,55.0,1,10,0.9
2024-03-26T16:17:22Z,26.331235,-76.997663,0.22,32.7,1,10,0.9
2024-03-26T16:17:27Z,26.331227,-76.997660,0.14,26.3,1,9,1.7
2024-03-26T16:17:32Z,26.331223,-76.997650,0.47,97.2,1,10,0.9
2024-03-26T16:17:37Z,26.331213,-76.997653,0.65,176.5,1,10,0.9
2024-03-26T16:17:42Z,26.331207,-76.997655,0.39,209.2,1,10,0.9
2024-03-26T16:17:47Z,26.331205,-76.997658,0.41,233.0,1,10,0.9
2024-03-26T16:17:52Z,26.331207,-76.997665,0.37,4.4,1,10,0.9
2024-03-26T16:17:57Z,26.331225,-76.997657,0.82,349.6,1,10,0.9
2024-03-26T16:18:02Z,26.331233,-76.997663,0.19,128.0,1,10,0.9
2024-03-26T16:18:07Z,26.331227,-76.997657,0.27,71.3,1,10,0.9
2024-03-26T16:18:12Z,26.331227,-76.997660,0.44,220.1,1,10,0.9
2024-03-26T16:18:22Z,26.331198,-76.997658,0.74,227.4,1,10,0.9
2024-03-26T16:18:27Z,26.331215,-76.997662,0.63,4.1,1,10,0.9
2024-03-26T16:18:32Z,26.331222,-76.997670,0.15,306.7,1,10,0.9
2024-03-26T16:18:37Z,26.331220,-76.997670,0.78,46.3,1,10,0.9
2024-03-26T16:18:42Z,26.331220,-76.997667,0.35,29.1,1,10,0.9
2024-03-26T16:18:47Z,26.331232,-76.997653,0.54,39.6,1,10,0.9
2024-03-26T16:18:52Z,26.331235,-76.997650,0.26,71.0,1,10,0.9
2024-03-26T16:18:57Z,26.331240,-76.997653,0.18,13.8,1,10,0.9
2024-03-26T16:19:02Z,26.331243,-76.997657,0.49,95.4,1,10,0.9
2024-03-26T16:19:07Z,26.331245,-76.997657,0.48,346.6,1,10,0.9
2024-03-26T16:19:12Z,26.331252,-76.997662,0.46,332.1,1,10,0.9
2024-03-26T16:19:17Z,26.331260,-76.997668,0.69,35.6,1,10,0.9
2024-03-26T16:19:22Z,26.331253,-76.997667,0.33,189.3,1,10,0.9
2024-03-26T16:19:32Z,26.331245,-76.997663,0.20,71.9,1,10,0.9
2024-03-26T16:19:37Z,26.331242,-76.997668,0.67,222.3,1,10,0.9
2024-03-26T16:19:42Z,26.331252,-76.997665,0.45,14.4,1,10,0.9
2024-03-26T16:19:47Z,26.331258,-76.997665,0.85,19.2,1,10,0.9
2024-03-26T16:19:52Z,26.331270,-76.997663,0.30,274.9,1,10,0.9
2024-03-26T16:19:57Z,26.331262,-76.997670,0.32,111.5,1,10,0.9
2024-03-26T16:20:07Z,26.331267,-76.997668,0.52,116.3,1,10,0.9
2024-03-26T16:20:12Z,26.331267,-76.997660,0.70,158.1,1,10,0.9
2024-03-26T16:20:17Z,26.331272,-76.997655,0.64,52.7,1,10,0.9
2024-03-26T16:20:22Z,26.331270,-76.997657,0.76,219.1,1,10,0.9
2024-03-26T16:20:27Z,26.331260,-76.997653,0.50,37.2,1,10,0.9
2024-03-26T16:20:32Z,26.331258,-76.997653,0.14,175.8,1,10,0.9
2024-03-26T16:20:42Z,26.331262,-76.997662,0.60,268.0,1,10,0.9
2024-03-26T16:20:47Z,26.331265,-76.997660,0.70,51.7,1,10,0.9
2024-03-26T16:20:52Z,26.331260,-76.997662,0.55,219.0,1,10,0.9
2024-03-26T16:20:57Z,26.331262,-76.997663,0.09,137.2,1,10,0.9
2024-03-26T16:21:02Z,26.331258,-76.997663,0.88,213.8,1,10,0.9
2024-03-26T16:21:07Z,26.331247,-76.997665,0.38,94.1,1,10,0.9
2024-03-26T16:21:12Z,26.331240,-76.997670,0.47,80.0,1,10,0.9
2024-03-26T16:21:17Z,26.331245,-76.997663,0.45,355.1,1,9,1.0
2024-03-26T16:21:22Z,26.331238,-76.997663,0.79,52.1,1,9,1.0
2024-03-26T16:21:27Z,26.331245,-76.997657,0.34,175.7,1,10,0.9
2024-03-26T16:21:32Z,26.331243,-76.997658,0.12,151.8,1,10,0.9
2024-03-26T16:21:37Z,26.331237,-76.997658,0.59,171.4,1,10,0.9
2024-03-26T16:21:42Z,26.331240,-76.997660,0.26,57.7,1,10,0.9
2024-03-26T16:21:52Z,26.331243,-76.997665,0.66,22.4,1,10,0.9
2024-03-26T16:21:57Z,26.331253,-76.997672,0.32,244.6,1,10,0.9
2024-03-26T16:22:02Z,26.331260,-76.997672,0.72,12.0,1,10,0.9
2024-03-26T16:22:07Z,26.331270,-76.997665,0.18,151.8,1,10,0.9
2024-03-26T16:22:12Z,26.331280,-76.997662,0.83,28.5,1,10,0.9
2024-03-26T16:22:17Z,26.331270,-76.997668,0.27,157.9,1,10,0.9
2024-03-26T16:22:22Z,26.331265,-76.997668,0.14,337.8,1,10,0.9
2024-03-26T16:22:27Z,26.331262,-76.997677,0.17,2.2,1,10,0.9
2024-03-26T16:22:32Z,26.331270,-76.997678,0.19,288.2,1,10,0.9
2024-03-26T16:22:37Z,26.331262,-76.997677,0.51,190.2,1,10,0.9
2024-03-26T16:22:42Z,26.331252,-76.997682,0.44,214.1,1,10,0.9
2024-03-26T16:22:47Z,26.331252,-76.997673,0.54,79.0,1,10,0.9
2024-03-26T16:22:52Z,26.331250,-76.997665,0.56,212.9,1,10,0.9
2024-03-26T16:22:57Z,26.331240,-76.997668,0.70,211.4,1,10,0.9
2024-03-26T16:23:02Z,26.331238,-76.997663,0.69,67.3,1,10,0.9
2024-03-26T16:23:07Z,26.331235,-76.997662,1.17,218.3,1,10,0.9
2024-03-26T16:23:12Z,26.331233,-76.997663,0.56,56.9,1,10,0.9
2024-03-26T16:23:17Z,26.331232,-76.997660,0.46,29.8,1,10,0.9
2024-03-26T16:23:22Z,26.331230,-76.997662,0.33,47.6,1,10,0.9
2024-03-26T16:23:27Z,26.331218,-76.997667,0.36,215.2,1,10,0.9
2024-03-26T16:23:37Z,26.331227,-76.997667,0.40,223.7,1,10,0.9
2024-03-26T16:23:42Z,26.331228,-76.997672,0.19,310.1,1,9,1.0
2024-03-26T16:23:47Z,26.331237,-76.997673,0.69,341.1,1,10,0.9
2024-03-26T16:23:52Z,26.331242,-76.997673,0.13,300.5,1,10,0.9
2024-03-26T16:23:57Z,26.331237,-76.997673,0.44,118.0,1,10,0.9
2024-03-26T16:24:02Z,26.331243,-76.997665,0.82,41.2,1,10,0.9
2024-03-26T16:24:12Z,26.331255,-76.997662,0.36,354.4,1,10,0.9
2024-03-26T16:24:17Z,26.331273,-76.997657,0.80,27.0,1,10,0.9
2024-03-26T16:24:22Z,26.331275,-76.997658,0.31,40.3,1,10,0.9
2024-03-26T16:24:27Z,26.331283,-76.997653,0.86,12.2,1,10,0.9
2024-03-26T16:24:32Z,26.331290,-76.997653,0.63,2.7,1,10,0.9
2024-03-26T16:24:37Z,26.331292,-76.997657,0.13,56.8,1,10,0.9
2024-03-26T16:24:42Z,26.331297,-76.997658,0.58,34.4,1,10,0.9
2024-03-26T16:24:47Z,26.331317,-76.997648,0.76,37.2,1,10,0.9
2024-03-26T16:24:52Z,26.331325,-76.997645,0.40,307.8,1,10,0.9
2024-03-26T16:24:57Z,26.331313,-76.997652,0.34,175.7,1,10,0.9
2024-03-26T16:25:02Z,26.331313,-76.997652,0.23,275.8,1,10,0.9
2024-03-26T16:25:07Z,26.331305,-76.997658,0.51,196.1,1,10,0.9
2024-03-26T16:25:12Z,26.331302,-76.997657,0.18,148.4,1,10,0.9
2024-03-26T16:25:22Z,26.331285,-76.997667,0.51,184.5,1,10,0.9
2024-03-26T16:25:27Z,26.331288,-76.997658,0.13,133.2,1,10,0.9
2024-03-26T16:25:32Z,26.331278,-76.997667,0.76,207.2,1,10,0.9
2024-03-26T16:25:37Z,26.331275,-76.997660,0.16,168.6,1,10,0.9
2024-03-26T16:25:42Z,26.331267,-76.997658,0.41,143.5,1,10,0.9
2024-03-26T16:25:47Z,26.331268,-76.997648,0.54,83.0,1,10,0.9
2024-03-26T16:25:57Z,26.331265,-76.997637,0.26,138.0,1,10,0.9
2024-03-26T16:26:02Z,26.331260,-76.997640,0.35,78.8,1,10,0.9
2024-03-26T16:26:07Z,26.331262,-76.997630,0.46,110.0,1,10,0.9
2024-03-26T16:26:12Z,26.331255,-76.997630,0.37,38.4,1,10,0.9
2024-03-26T16:26:17Z,26.331257,-76.997628,0.35,167.2,1,10,0.9
2024-03-26T16:26:22Z,26.331255,-76.997628,0.12,185.8,1,10,0.9
2024-03-26T16:26:32Z,26.331250,-76.997628,0.14,90.6,1,10,0.9
2024-03-26T16:26:37Z,26.331248,-76.997633,0.22,199.7,1,10,0.9
2024-03-26T16:26:42Z,26.331248,-76.997632,0.38,87.4,1,10,0.9
2024-03-26T16:26:47Z,26.331242,-76.997642,0.25,197.3,1,9,1.0
2024-03-26T16:26:52Z,26.331243,-76.997637,0.46,47.7,1,10,0.9
2024-03-26T16:26:57Z,26.331242,-76.997637,0.25,141.3,1,9,0.9
2024-03-26T16:27:02Z,26.331235,-76.997643,0.40,225.8,1,10,0.9
2024-03-26T16:27:07Z,26.331237,-76.997645,0.41,31.7,1,10,0.9
2024-03-26T16:27:12Z,26.331240,-76.997642,0.34,282.4,1,10,0.9
2024-03-26T16:27:17Z,26.331235,-76.997648,0.32,234.6,1,10,0.9
2024-03-26T16:27:22Z,26.331237,-76.997653,0.29,11.8,1,9,1.0
2024-03-26T16:27:27Z,26.331213,-76.997665,0.56,183.5,1,10,0.9
2024-03-26T16:27:32Z,26.331213,-76.997663,0.76,213.6,1,10,0.9
2024-03-26T16:27:42Z,26.331218,-76.997653,0.57,172.0,1,10,0.9
2024-03-26T16:27:47Z,26.331218,-76.997658,0.32,110.0,1,9,1.8
2024-03-26T16:27:52Z,26.331210,-76.997655,0.57,151.2,1,9,1.8
2024-03-26T16:27:57Z,26.331212,-76.997653,0.29,228.9,1,10,0.9
2024-03-26T16:28:02Z,26.331213,-76.997662,0.38,170.9,1,10,0.9
2024-03-26T16:28:07Z,26.331217,-76.997662,0.25,326.9,1,10,0.9
2024-03-26T16:28:17Z,26.331212,-76.997668,0.40,322.6,1,10,0.9
2024-03-26T16:28:22Z,26.331215,-76.997663,0.55,135.5,1,9,1.8
2024-03-26T16:28:27Z,26.331217,-76.997665,0.12,320.3,1,9,1.8
2024-03-26T16:28:32Z,26.331210,-76.997668,0.48,148.4,1,9,1.8
2024-03-26T16:28:37Z,26.331220,-76.997667,0.28,85.3,1,9,1.8
2024-03-26T16:28:42Z,26.331228,-76.997662,0.34,143.8,1,10,0.9
2024-03-26T16:28:52Z,26.331218,-76.997657,0.27,164.4,1,9,1.8
2024-03-26T16:28:57Z,26.331218,-76.997648,0.49,142.7,1,9,1.8
2024-03-26T16:29:02Z,26.331215,-76.997645,0.70,56.9,1,9,1.8
2024-03-26T16:29:07Z,26.331220,-76.997647,0.31,249.2,1,9,1.8
2024-03-26T16:29:12Z,26.331228,-76.997643,0.27,100.1,1,9,1.8
2024-03-26T16:29:17Z,26.331228,-76.997653,0.07,58.7,1,9,1.8
2024-03-26T16:29:27Z,26.331240,-76.997663,0.33,61.3,1,9,1.8
2024-03-26T16:29:32Z,26.331237,-76.997667,0.58,212.6,1,9,1.8
2024-03-26T16:29:37Z,26.331242,-76.997660,0.63,47.4,1,9,1.8
2024-03-26T16:29:42Z,26.331247,-76.997655,0.51,200.2,1,9,1.8
2024-03-26T16:29:47Z,26.331253,-76.997660,0.69,11.1,1,10,0.9
2024-03-26T16:29:52Z,26.331270,-76.997663,1.05,6.0,1,10,0.9
2024-03-26T16:30:02Z,26.331268,-76.997663,0.23,52.5,1,10,0.9
2024-03-26T16:30:07Z,26.331260,-76.997662,0.18,203.8,1,9,1.0
2024-03-26T16:30:12Z,26.331253,-76.997665,0.39,201.6,1,10,0.9
2024-03-26T16:30:17Z,26.331255,-76.997665,0.41,16.7,1,10,0.9
2024-03-26T16:30:22Z,26.331257,-76.997665,0.41,51.4,1,10,0.9
2024-03-26T16:30:27Z,26.331257,-76.997665,0.23,107.5,1,10,0.9
2024-03-26T16:30:37Z,26.331268,-76.997642,0.04,99.5,1,10,0.9
2024-03-26T16:30:42Z,26.331272,-76.997645,0.52,57.1,1,10,0.9
2024-03-26T16:30:47Z,26.331270,-76.997647,0.48,181.5,1,10,0.9
2024-03-26T16:30:52Z,26.331267,-76.997653,0.49,30.6,1,10,0.9
2024-03-26T16:30:57Z,26.331263,-76.997655,0.45,117.4,1,10,0.9
2024-03-26T16:31:02Z,26.331268,-76.997657,0.73,340.9,1,10,0.9
2024-03-26T16:31:12Z,26.331280,-76.997663,0.65,38.0,1,10,0.9
2024-03-26T16:31:17Z,26.331277,-76.997665,0.55,192.8,1,10,0.9
2024-03-26T16:31:22Z,26.331275,-76.997668,0.32,104.2,1,10,0.9
2024-03-26T16:31:27Z,26.331268,-76.997662,0.59,200.2,1,10,0.9
2024-03-26T16:31:32Z,26.331270,-76.997658,0.73,158.8,1,10,0.9
2024-03-26T16:31:37Z,26.331263,-76.997658,0.59,103.0,1,10,0.9
2024-03-26T16:31:42Z,26.331267,-76.997645,0.61,71.8,1,10,0.9
2024-03-26T16:31:47Z,26.331260,-76.997638,0.63,103.0,1,10,0.9
2024-03-26T16:31:52Z,26.331255,-76.997637,0.59,112.9,1,10,0.9
2024-03-26T16:31:57Z,26.331255,-76.997640,0.20,291.8,1,10,0.9
2024-03-26T16:32:02Z,26.331267,-76.997635,0.59,25.3,1,10,0.9
2024-03-26T16:32:07Z,26.331272,-76.997635,0.69,16.2,1,9,1.0
2024-03-26T16:32:12Z,26.331288,-76.997635,0.26,324.2,1,10,0.9
2024-03-26T16:32:17Z,26.331288,-76.997643,0.45,357.8,1,10,0.9
2024-03-26T16:32:22Z,26.331298,-76.997637,0.43,327.8,1,10,0.9
2024-03-26T16:32:27Z,26.331300,-76.997630,0.26,342.0,1,10,0.9
2024-03-26T16:32:32Z,26.331302,-76.997638,0.61,211.1,1,10,0.9
2024-03-26T16:32:37Z,26.331302,-76.997640,0.46,57.3,1,10,0.9
2024-03-26T16:32:42Z,26.331310,-76.997647,0.39,336.3,1,10,0.9
2024-03-26T16:32:47Z,26.331302,-76.997655,0.04,314.4,1,10,0.9
2024-03-26T16:32:52Z,26.331302,-76.997655,0.13,67.8,1,10,0.9
2024-03-26T16:32:57Z,26.331287,-76.997665,0.65,211.2,1,10,0.9
2024-03-26T16:33:02Z,26.331283,-76.997668,0.48,173.0,1,10,0.9
2024-03-26T16:33:07Z,26.331282,-76.997658,0.59,137.0,1,10,0.9
2024-03-26T16:33:12Z,26.331282,-76.997648,0.66,116.1,1,10,0.9
2024-03-26T16:33:17Z,26.331273,-76.997637,0.86,193.1,1,10,0.9
2024-03-26T16:33:22Z,26.331268,-76.997632,0.46,95.9,1,9,1.0
2024-03-26T16:33:32Z,26.331265,-76.997618,0.53,108.1,1,9,1.0
2024-03-26T16:33:37Z,26.331263,-76.997615,0.48,98.7,1,10,0.9
2024-03-26T16:33:42Z,26.331258,-76.997617,0.21,102.4,1,10,0.9
2024-03-26T16:33:47Z,26.331267,-76.997613,0.58,268.6,1,10,0.9
2024-03-26T16:33:52Z,26.331265,-76.997622,0.19,210.5,1,9,1.0
2024-03-26T16:33:57Z,26.331268,-76.997625,0.08,121.8,1,9,1.0
2024-03-26T16:34:07Z,26.331253,-76.997635,0.22,52.8,1,8,1.1
2024-03-26T16:34:12Z,26.331255,-76.997627,0.34,197.6,1,9,1.0
2024-03-26T16:34:17Z,26.331250,-76.997630,0.35,223.3,1,8,1.1
2024-03-26T16:34:22Z,26.331248,-76.997643,0.36,51.7,1,9,1.0
2024-03-26T16:34:27Z,26.331257,-76.997640,0.11,254.4,1,9,1.0
2024-03-26T16:34:32Z,26.331243,-76.997652,0.64,234.0,1,10,0.9
2024-03-26T16:34:42Z,26.331242,-76.997657,0.10,266.6,1,10,0.9
2024-03-26T16:34:47Z,26.331242,-76.997658,0.21,52.5,1,10,0.9
2024-03-26T16:34:52Z,26.331243,-76.997657,0.39,18.5,1,10,0.9
2024-03-26T16:34:57Z,26.331248,-76.997657,0.33,269.3,1,10,0.9
2024-03-26T16:35:02Z,26.331242,-76.997660,0.44,81.9,1,10,0.9
2024-03-26T16:35:07Z,26.331230,-76.997663,0.55,191.3,1,10,0.9
2024-03-26T16:35:17Z,26.331205,-76.997667,0.17,118.2,1,10,0.9
2024-03-26T16:35:22Z,26.331210,-76.997658,0.25,42.1,1,10,0.9
2024-03-26T16:35:27Z,26.331217,-76.997655,0.22,195.7,1,9,1.8
2024-03-26T16:35:32Z,26.331205,-76.997648,0.30,78.7,1,9,1.8
2024-03-26T16:35:37Z,26.331198,-76.997643,0.38,130.2,1,10,0.9
2024-03-26T16:35:42Z,26.331195,-76.997638,0.44,158.6,1,10,0.9
2024-03-26T16:35:52Z,26.331202,-76.997638,0.04,95.2,1,10,0.9
2024-03-26T16:35:57Z,26.331200,-76.997653,0.42,285.6,1,10,0.9
2024-03-26T16:36:02Z,26.331215,-76.997658,1.28,11.6,1,10,0.9
2024-03-26T16:36:07Z,26.331235,-76.997665,0.03,207.8,1,10,0.9
2024-03-26T16:36:12Z,26.331238,-76.997670,0.62,44.2,1,10,0.9
2024-03-26T16:36:17Z,26.331248,-76.997665,0.31,95.7,1,10,0.9
2024-03-26T16:36:27Z,26.331248,-76.997665,0.21,172.1,1,10,0.9
2024-03-26T16:36:32Z,26.331243,-76.997668,0.48,171.6,1,10,0.9
2024-03-26T16:36:37Z,26.331237,-76.997668,0.94,182.1,1,9,1.8
2024-03-26T16:36:42Z,26.331235,-76.997660,0.57,117.6,1,9,1.8
2024-03-26T16:36:47Z,26.331235,-76.997655,0.57,85.8,1,9,1.8
2024-03-26T16:36:52Z,26.331232,-76.997655,0.55,192.6,1,9,1.8
2024-03-26T16:36:57Z,26.331207,-76.997655,0.61,92.7,1,9,1.8
2024-03-26T16:37:02Z,26.331205,-76.997650,0.36,192.4,1,9,1.8
2024-03-26T16:37:07Z,26.331210,-76.997653,0.46,196.5,1,9,1.8
2024-03-26T16:37:12Z,26.331205,-76.997658,0.38,338.2,1,9,1.8
2024-03-26T16:37:17Z,26.331198,-76.997657,0.03,240.5,1,8,1.8
2024-03-26T16:37:22Z,26.331192,-76.997657,0.30,152.7,1,9,1.7
2024-03-26T16:37:27Z,26.331200,-76.997660,0.46,250.5,1,10,0.9
2024-03-26T16:37:37Z,26.331208,-76.997670,0.23,92.9,1,10,0.9
2024-03-26T16:37:42Z,26.331212,-76.997670,0.46,47.0,1,10,0.9
2024-03-26T16:37:47Z,26.331210,-76.997670,0.10,67.6,1,10,0.9
2024-03-26T16:37:52Z,26.331215,-76.997660,0.78,39.1,1,10,0.9
2024-03-26T16:37:57Z,26.331218,-76.997653,0.23,248.1,1,10,0.9
2024-03-26T16:38:02Z,26.331220,-76.997655,0.34,8.9,1,10,0.9
2024-03-26T16:38:07Z,26.331217,-76.997665,0.43,249.1,1,10,0.9
2024-03-26T16:38:12Z,26.331220,-76.997670,0.03,168.8,1,10,0.9
2024-03-26T16:38:17Z,26.331218,-76.997672,0.27,39.1,1,10,0.9
2024-03-26T16:38:22Z,26.331220,-76.997677,0.16,155.9,1,10,0.9
2024-03-26T16:38:27Z,26.331222,-76.997673,0.05,351.6,1,10,0.9
2024-03-26T16:38:32Z,26.331223,-76.997673,0.43,70.6,1,10,0.9
2024-03-26T16:38:37Z,26.331227,-76.997673,0.21,227.5,1,10,0.9
2024-03-26T16:38:47Z,26.331230,-76.997672,0.31,30.9,1,10,0.9
2024-03-26T16:38:52Z,26.331230,-76.997668,0.32,224.9,1,10,0.9
2024-03-26T16:38:57Z,26.331235,-76.997660,0.47,55.0,1,10,0.9
2024-03-26T16:39:02Z,26.331237,-76.997653,0.32,201.3,1,10,0.9
2024-03-26T16:39:07Z,26.331233,-76.997653,0.04,142.6,1,10,0.9
2024-03-26T16:39:12Z,26.331232,-76.997658,0.35,238.8,1,10,0.9
2024-03-26T16:39:22Z,26.331237,-76.997672,0.24,287.1,1,10,0.9
2024-03-26T16:39:27Z,26.331242,-76.997668,0.26,130.1,1,10,0.9
2024-03-26T16:39:32Z,26.331238,-76.997668,0.24,276.6,1,10,0.9
2024-03-26T16:39:37Z,26.331245,-76.997657,0.71,79.2,1,10,0.9
2024-03-26T16:39:42Z,26.331238,-76.997660,0.17,9.7,1,10,0.9
2024-03-26T16:39:47Z,26.331245,-76.997653,0.20,12.8,1,10,0.9
2024-03-26T16:39:52Z,26.331252,-76.997650,0.17,301.5,1,10,0.9
2024-03-26T16:39:57Z,26.331257,-76.997655,0.12,292.7,1,10,0.9
2024-03-26T16:40:02Z,26.331257,-76.997658,0.29,305.4,1,10,0.9
2024-03-26T16:40:07Z,26.331267,-76.997657,0.72,12.3,1,10,0.9
2024-03-26T16:40:12Z,26.331268,-76.997657,0.22,273.3,1,10,0.9
2024-03-26T16:40:17Z,26.331268,-76.997660,0.39,15.4,1,10,0.9
2024-03-26T16:40:22Z,26.331270,-76.997657,0.39,227.1,1,10,0.9
2024-03-26T16:40:32Z,26.331270,-76.997657,0.32,185.3,1,10,0.9
2024-03-26T16:40:37Z,26.331265,-76.997658,0.59,253.2,1,10,0.9
2024-03-26T16:40:42Z,26.331258,-76.997665,0.40,249.4,1,10,0.9
2024-03-26T16:40:47Z,26.331255,-76.997667,0.40,213.6,1,10,0.9
2024-03-26T16:40:52Z,26.331250,-76.997668,0.10,353.0,1,10,0.9
2024-03-26T16:40:57Z,26.331245,-76.997673,0.72,213.0,1,10,0.9
2024-03-26T16:41:07Z,26.331243,-76.997665,0.17,47.4,1,10,0.9
2024-03-26T16:41:12Z,26.331247,-76.997662,0.44,259.1,1,10,0.9
2024-03-26T16:41:17Z,26.331248,-76.997663,0.40,20.3,1,10,0.9
2024-03-26T16:41:22Z,26.331258,-76.997653,0.23,36.9,1,10,0.9
2024-03-26T16:41:27Z,26.331248,-76.997653,0.03,190.2,1,10,0.9
2024-03-26T16:41:32Z,26.331247,-76.997658,0.17,300.4,1,10,0.9
2024-03-26T16:41:37Z,26.331248,-76.997658,0.17,280.9,1,10,0.9
2024-03-26T16:41:42Z,26.331252,-76.997658,0.43,286.8,1,10,0.9
2024-03-26T16:41:47Z,26.331257,-76.997662,0.43,6.1,1,10,0.9
2024-03-26T16:41:52Z,26.331265,-76.997663,0.19,319.0,1,10,0.9
2024-03-26T16:41:57Z,26.331272,-76.997663,0.10,306.7,1,10,0.9
2024-03-26T16:42:02Z,26.331285,-76.997662,0.76,28.1,1,10,0.9
2024-03-26T16:42:07Z,26.331293,-76.997662,0.30,232.9,1,10,0.9
2024-03-26T16:42:17Z,26.331305,-76.997667,0.17,14.6,1,10,0.9
2024-03-26T16:42:22Z,26.331307,-76.997668,0.50,44.1,1,10,0.9
2024-03-26T16:42:27Z,26.331295,-76.997672,0.29,112.2,1,10,0.9
2024-03-26T16:42:32Z,26.331305,-76.997665,0.22,245.3,1,10,0.9
2024-03-26T16:42:37Z,26.331305,-76.997660,0.42,35.6,1,10,0.9
2024-03-26T16:42:42Z,26.331302,-76.997657,0.80,210.3,1,10,0.9
2024-03-26T16:42:47Z,26.331300,-76.997658,0.64,37.3,1,10,0.9
2024-03-26T16:42:52Z,26.331298,-76.997658,0.21,218.1,1,10,0.9
2024-03-26T16:42:57Z,26.331293,-76.997657,0.72,61.8,1,10,0.9
2024-03-26T16:43:02Z,26.331295,-76.997650,0.46,33.5,1,10,0.9
2024-03-26T16:43:07Z,26.331300,-76.997645,0.59,235.2,1,10,0.9
2024-03-26T16:43:12Z,26.331298,-76.997643,0.55,72.8,1,9,1.0
2024-03-26T16:43:17Z,26.331303,-76.997635,0.45,251.6,1,10,0.9
2024-03-26T16:43:22Z,26.331297,-76.997635,0.28,99.9,1,10,0.9
2024-03-26T16:43:27Z,26.331295,-76.997632,0.07,46.8,1,10,0.9
2024-03-26T16:43:32Z,26.331290,-76.997632,0.16,204.2,1,10,0.9
2024-03-26T16:43:37Z,26.331290,-76.997627,0.13,62.4,1,9,1.0
2024-03-26T16:43:42Z,26.331282,-76.997628,0.48,211.9,1,10,0.9
2024-03-26T16:43:47Z,26.331285,-76.997632,0.60,17.4,1,10,0.9
2024-03-26T16:43:52Z,26.331292,-76.997633,0.05,357.4,1,10,0.9
2024-03-26T16:44:02Z,26.331295,-76.997650,0.27,51.7,1,10,0.9
2024-03-26T16:44:07Z,26.331300,-76.997652,0.26,220.1,1,10,0.9
2024-03-26T16:44:12Z,26.331295,-76.997657,0.17,36.9,1,10,0.9
2024-03-26T16:44:17Z,26.331295,-76.997653,0.31,62.9,1,10,0.9
2024-03-26T16:44:22Z,26.331297,-76.997648,0.25,179.4,1,10,0.9
2024-03-26T16:44:27Z,26.331292,-76.997643,0.34,115.3,1,10,0.9
2024-03-26T16:44:32Z,26.331280,-76.997650,0.20,171.5,1,10,0.9
2024-03-26T16:44:37Z,26.331287,-76.997643,0.50,65.5,1,10,0.9
2024-03-26T16:44:42Z,26.331280,-76.997650,0.85,232.3,1,10,0.9
2024-03-26T16:44:47Z,26.331280,-76.997652,0.30,59.2,1,10,0.9
2024-03-26T16:44:52Z,26.331278,-76.997660,0.25,271.5,1,10,0.9
2024-03-26T16:44:57Z,26.331278,-76.997663,0.40,251.7,1,10,0.9
2024-03-26T16:45:02Z,26.331277,-76.997672,0.79,53.3,1,10,0.9
2024-03-26T16:45:07Z,26.331285,-76.997663,0.24,108.6,1,10,0.9
2024-03-26T16:45:12Z,26.331282,-76.997662,0.25,107.5,1,10,0.9
2024-03-26T16:45:17Z,26.331288,-76.997657,0.51,12.1,1,10,0.9
2024-03-26T16:45:22Z,26.331295,-76.997653,0.16,280.8,1,10,0.9
2024-03-26T16:45:27Z,26.331298,-76.997660,0.71,21.6,1,10,0.9
2024-03-26T16:45:32Z,26.331312,-76.997655,0.51,3.3,1,9,1.0
2024-03-26T16:45:37Z,26.331312,-76.997660,0.15,61.0,1,10,0.9
2024-03-26T16:45:47Z,26.331323,-76.997650,0.12,336.9,1,10,0.9
2024-03-26T16:45:52Z,26.331328,-76.997645,0.44,52.0,1,10,0.9
2024-03-26T16:45:57Z,26.331337,-76.997637,0.64,245.6,1,10,0.9
2024-03-26T16:46:02Z,26.331338,-76.997640,0.28,333.2,1,10,0.9
2024-03-26T16:46:07Z,26.331347,-76.997635,0.55,16.8,1,10,0.9
2024-03-26T16:46:12Z,26.331345,-76.997637,0.40,242.7,1,10,0.9
2024-03-26T16:46:17Z,26.331338,-76.997643,0.48,41.4,1,10,0.9
2024-03-26T16:46:22Z,26.331342,-76.997633,0.51,237.7,1,10,0.9
2024-03-26T16:46:27Z,26.331337,-76.997632,0.42,43.8,1,10,0.9
2024-03-26T16:46:32Z,26.331323,-76.997637,0.19,228.8,1,10,0.9
2024-03-26T16:46:37Z,26.331323,-76.997630,0.29,36.1,1,10,0.9
2024-03-26T16:46:42Z,26.331320,-76.997627,0.07,222.8,1,10,0.9
2024-03-26T16:46:47Z,26.331315,-76.997635,0.07,188.6,1,10,0.9
2024-03-26T16:46:52Z,26.331322,-76.997633,0.31,20.6,1,10,0.9
2024-03-26T16:46:57Z,26.331325,-76.997637,0.50,244.6,1,9,1.0
2024-03-26T16:47:02Z,26.331327,-76.997638,0.26,249.8,1,10,0.9
2024-03-26T16:47:07Z,26.331335,-76.997633,0.70,57.8,1,10,0.9
2024-03-26T16:47:12Z,26.331338,-76.997628,0.58,81.8,1,10,0.9
2024-03-26T16:47:17Z,26.331338,-76.997622,0.31,61.3,1,10,0.9
2024-03-26T16:47:22Z,26.331333,-76.997622,0.16,125.8,1,10,0.9
2024-03-26T16:47:32Z,26.331338,-76.997615,0.36,188.3,1,10,0.9
2024-03-26T16:47:37Z,26.331337,-76.997622,0.24,64.6,1,10,0.9
2024-03-26T16:47:42Z,26.331333,-76.997627,0.36,233.6,1,10,0.9
2024-03-26T16:47:47Z,26.331332,-76.997628,0.50,58.3,1,10,0.9
2024-03-26T16:47:52Z,26.331335,-76.997620,0.31,129.3,1,9,1.0
2024-03-26T16:47:57Z,26.331338,-76.997612,0.97,40.8,1,10,0.9
2024-03-26T16:48:07Z,26.331338,-76.997617,0.54,49.8,1,10,0.9
2024-03-26T16:48:12Z,26.331338,-76.997620,0.42,58.5,1,10,0.9
2024-03-26T16:48:17Z,26.331345,-76.997615,0.12,15.6,1,10,0.9
2024-03-26T16:48:22Z,26.331347,-76.997622,0.33,324.9,1,10,0.9
2024-03-26T16:48:27Z,26.331362,-76.997612,1.08,40.7,1,10,0.9
2024-03-26T16:48:32Z,26.331358,-76.997617,0.15,350.5,1,10,0.9
2024-03-26T16:48:37Z,26.331363,-76.997612,0.32,86.9,1,10,0.9
2024-03-26T16:48:42Z,26.331362,-76.997610,0.79,209.8,1,9,1.0
2024-03-26T16:48:47Z,26.331362,-76.997615,0.22,142.3,1,8,1.2
2024-03-26T16:48:52Z,26.331357,-76.997612,0.51,47.4,1,9,1.0
2024-03-26T16:48:57Z,26.331347,-76.997617,0.65,220.4,1,10,0.9
2024-03-26T16:49:02Z,26.331338,-76.997617,0.23,121.5,1,10,0.9
2024-03-26T16:49:07Z,26.331335,-76.997605,0.43,195.4,1,9,1.0
2024-03-26T16:49:17Z,26.331308,-76.997620,0.18,129.4,1,10,0.9
2024-03-26T16:49:22Z,26.331307,-76.997618,0.17,153.1,1,9,1.0
2024-03-26T16:49:27Z,26.331300,-76.997622,0.34,199.2,1,8,1.2
2024-03-26T16:49:32Z,26.331305,-76.997622,0.37,33.9,1,9,1.0
2024-03-26T16:49:37Z,26.331302,-76.997635,0.84,216.0,1,9,1.0
2024-03-26T16:49:42Z,26.331303,-76.997635,0.06,317.7,1,9,1.0
2024-03-26T16:49:52Z,26.331315,-76.997625,0.22,313.5,1,9,1.0
2024-03-26T16:49:57Z,26.331313,-76.997632,0.06,103.0,1,10,0.9
2024-03-26T16:50:02Z,26.331322,-76.997628,0.91,32.3,1,10,0.9
2024-03-26T16:50:07Z,26.331325,-76.997628,0.18,35.9,1,10,0.9
2024-03-26T16:50:12Z,26.331322,-76.997637,0.23,164.9,1,10,0.9
2024-03-26T16:50:17Z,26.331325,-76.997640,0.33,337.7,1,10,0.9
2024-03-26T16:50:27Z,26.331322,-76.997643,0.74,79.8,1,10,0.9
2024-03-26T16:50:32Z,26.331330,-76.997625,0.49,79.5,1,10,0.9
2024-03-26T16:50:37Z,26.331323,-76.997625,0.32,200.8,1,10,0.9
2024-03-26T16:50:42Z,26.331322,-76.997623,0.29,146.1,1,10,0.9
2024-03-26T16:50:47Z,26.331317,-76.997628,0.34,42.5,1,9,1.0
2024-03-26T16:50:52Z,26.331315,-76.997632,0.83,226.5,1,10,0.9
2024-03-26T16:50:57Z,26.331322,-76.997628,0.35,48.7,1,10,0.9
2024-03-26T16:51:02Z,26.331320,-76.997632,0.45,233.8,1,10,0.9
2024-03-26T16:51:07Z,26.331325,-76.997632,0.40,71.8,1,10,0.9
2024-03-26T16:51:12Z,26.331323,-76.997638,0.74,241.2,1,10,0.9
2024-03-26T16:51:17Z,26.331317,-76.997640,0.30,201.7,1,10,0.9
2024-03-26T16:51:22Z,26.331310,-76.997643,0.25,235.2,1,10,0.9
2024-03-26T16:51:27Z,26.331312,-76.997633,0.34,41.2,1,10,0.9
2024-03-26T16:51:37Z,26.331300,-76.997630,0.54,54.5,1,10,0.9
2024-03-26T16:51:42Z,26.331307,-76.997617,0.47,102.0,1,10,0.9
2024-03-26T16:51:47Z,26.331305,-76.997612,0.14,205.1,1,10,0.9
2024-03-26T16:51:52Z,26.331302,-76.997620,0.20,27.7,1,10,0.9
2024-03-26T16:51:57Z,26.331303,-76.997617,0.13,3.3,1,10,0.9
2024-03-26T16:52:02Z,26.331302,-76.997622,0.15,165.1,1,10,0.9
2024-03-26T16:52:12Z,26.331287,-76.997627,0.15,162.9,1,10,0.9
2024-03-26T16:52:17Z,26.331278,-76.997635,0.15,327.1,1,10,0.9
2024-03-26T16:52:22Z,26.331275,-76.997637,0.82,210.7,1,10,0.9
2024-03-26T16:52:27Z,26.331270,-76.997643,0.34,111.4,1,10,0.9
2024-03-26T16:52:32Z,26.331267,-76.997642,0.25,80.4,1,10,0.9
2024-03-26T16:52:37Z,26.331258,-76.997648,0.86,204.3,1,10,0.9
2024-03-26T16:52:42Z,26.331250,-76.997657,0.34,84.8,1,10,0.9
2024-03-26T16:52:47Z,26.331258,-76.997658,0.11,255.5,1,10,0.9
2024-03-26T16:52:52Z,26.331260,-76.997652,0.19,124.1,1,10,0.9
2024-03-26T16:52:57Z,26.331255,-76.997655,0.72,20.3,1,10,0.9
2024-03-26T16:53:02Z,26.331267,-76.997650,0.60,352.2,1,10,0.9
2024-03-26T16:53:07Z,26.331270,-76.997655,0.54,358.5,1,10,0.9
2024-03-26T16:53:12Z,26.331268,-76.997657,0.52,31.4,1,10,0.9
2024-03-26T16:53:22Z,26.331283,-76.997660,0.75,119.2,1,10,0.9
2024-03-26T16:53:27Z,26.331282,-76.997657,0.49,84.1,1,10,0.9
2024-03-26T16:53:32Z,26.331287,-76.997645,0.61,43.1,1,10,0.9
2024-03-26T16:53:37Z,26.331287,-76.997640,0.16,326.9,1,10,0.9
2024-03-26T16:53:42Z,26.331295,-76.997640,0.40,38.4,1,10,0.9
2024-03-26T16:53:47Z,26.331295,-76.997643,0.49,210.5,1,10,0.9
2024-03-26T16:53:57Z,26.331290,-76.997638,0.93,58.1,1,10,0.9
2024-03-26T16:54:02Z,26.331308,-76.997630,0.85,54.7,1,10,0.9
2024-03-26T16:54:07Z,26.331325,-76.997628,0.23,314.4,1,10,0.9
2024-03-26T16:54:12Z,26.331328,-76.997638,0.10,229.0,1,10,0.9
2024-03-26T16:54:17Z,26.331330,-76.997637,0.07,43.0,1,10,0.9
2024-03-26T16:54:22Z,26.331330,-76.997638,0.16,198.7,1,10,0.9
2024-03-26T16:54:27Z,26.331328,-76.997640,0.13,1.8,1,10,0.9
2024-03-26T16:54:32Z,26.331333,-76.997633,0.57,24.3,1,10,0.9
2024-03-26T16:54:37Z,26.331337,-76.997638,0.42,218.4,1,10,0.9
2024-03-26T16:54:42Z,26.331342,-76.997642,0.63,51.9,1,10,0.9
2024-03-26T16:54:47Z,26.331340,-76.997650,0.71,251.7,1,9,1.0
2024-03-26T16:54:52Z,26.331338,-76.997643,0.46,134.6,1,9,1.0
2024-03-26T16:54:57Z,26.331323,-76.997650,1.06,215.2,1,10,0.9
2024-03-26T16:55:07Z,26.331307,-76.997640,0.50,205.8,1,10,0.9
2024-03-26T16:55:12Z,26.331303,-76.997637,0.30,172.9,1,10,0.9
2024-03-26T16:55:17Z,26.331300,-76.997637,0.55,93.6,1,10,0.9
2024-03-26T16:55:22Z,26.331292,-76.997632,0.24,165.3,1,10,0.9
2024-03-26T16:55:27Z,26.331282,-76.997635,0.34,170.2,1,10,0.9
2024-03-26T16:55:32Z,26.331283,-76.997632,0.27,10.6,1,10,0.9
2024-03-26T16:55:37Z,26.331287,-76.997627,0.12,197.4,1,10,0.9
2024-03-26T16:55:42Z,26.331287,-76.997627,0.11,314.6,1,10,0.9
2024-03-26T16:55:47Z,26.331287,-76.997627,0.28,100.3,1,10,0.9
2024-03-26T16:55:52Z,26.331282,-76.997630,0.47,205.6,1,10,0.9
2024-03-26T16:55:57Z,26.331272,-76.997642,0.23,24.8,1,9,1.0
2024-03-26T16:56:02Z,26.331272,-76.997643,0.48,254.4,1,10,0.9
2024-03-26T16:56:07Z,26.331268,-76.997645,0.26,77.6,1,10,0.9
2024-03-26T16:56:12Z,26.331267,-76.997643,0.60,104.5,1,10,0.9
2024-03-26T16:56:17Z,26.331270,-76.997638,0.50,67.8,1,10,0.9
2024-03-26T16:56:22Z,26.331268,-76.997633,0.99,195.5,1,10,0.9
2024-03-26T16:56:27Z,26.331257,-76.997640,0.53,204.3,1,10,0.9
2024-03-26T16:56:32Z,26.331252,-76.997643,0.35,227.2,1,9,1.0
2024-03-26T16:56:37Z,26.331243,-76.997657,0.08,310.3,1,10,0.9
2024-03-26T16:56:42Z,26.331245,-76.997660,0.65,37.3,1,10,0.9
2024-03-26T16:56:52Z,26.331253,-76.997653,0.75,55.2,1,10,0.9
2024-03-26T16:56:57Z,26.331253,-76.997648,0.14,182.9,1,10,0.9
2024-03-26T16:57:02Z,26.331255,-76.997650,0.22,112.0,1,10,0.9
2024-03-26T16:57:07Z,26.331238,-76.997658,0.32,5.5,1,10,0.9
2024-03-26T16:57:12Z,26.331248,-76.997650,0.60,47.5,1,10,0.9
2024-03-26T16:57:17Z,26.331250,-76.997655,0.29,284.9,1,10,0.9
2024-03-26T16:57:27Z,26.331272,-76.997660,0.48,275.9,1,10,0.9
2024-03-26T16:57:32Z,26.331272,-76.997663,0.36,43.5,1,10,0.9
2024-03-26T16:57:37Z,26.331278,-76.997652,0.38,45.6,1,10,0.9
2024-03-26T16:57:42Z,26.331277,-76.997657,0.16,20.5,1,10,0.9
2024-03-26T16:57:47Z,26.331280,-76.997653,0.02,102.4,1,10,0.9
2024-03-26T16:57:52Z,26.331277,-76.997660,0.70,22.6,1,10,0.9
2024-03-26T16:57:57Z,26.331273,-76.997663,0.48,227.3,1,10,0.9
2024-03-26T16:58:02Z,26.331275,-76.997662,0.86,45.1,1,10,0.9
2024-03-26T16:58:07Z,26.331275,-76.997663,0.25,113.5,1,10,0.9
2024-03-26T16:58:12Z,26.331282,-76.997652,0.40,105.3,1,10,0.9
2024-03-26T16:58:17Z,26.331270,-76.997653,0.16,108.8,1,10,0.9
2024-03-26T16:58:22Z,26.331277,-76.997643,0.67,55.7,1,10,0.9
2024-03-26T16:58:27Z,26.331275,-76.997638,0.19,28.6,1,10,0.9
2024-03-26T16:58:32Z,26.331277,-76.997637,0.31,347.4,1,10,0.9
2024-03-26T16:58:37Z,26.331282,-76.997635,0.34,10.4,1,10,0.9
2024-03-26T16:58:42Z,26.331277,-76.997642,0.12,131.4,1,10,0.9
2024-03-26T16:58:47Z,26.331280,-76.997640,0.39,25.7,1,10,0.9
2024-03-26T16:58:52Z,26.331283,-76.997640,0.30,308.2,1,10,0.9
2024-03-26T16:58:57Z,26.331288,-76.997647,0.08,321.4,1,10,0.9
2024-03-26T16:59:02Z,26.331288,-76.997648,0.73,43.7,1,10,0.9
2024-03-26T16:59:12Z,26.331295,-76.997655,0.41,246.6,1,10,0.9
2024-03-26T16:59:17Z,26.331300,-76.997648,0.40,43.7,1,10,0.9
2024-03-26T16:59:22Z,26.331303,-76.997648,0.14,165.9,1,10,0.9
2024-03-26T16:59:27Z,26.331298,-76.997663,0.42,216.2,1,10,0.9
2024-03-26T16:59:32Z,26.331290,-76.997660,0.46,157.0,1,10,0.9
2024-03-26T16:59:37Z,26.331282,-76.997658,0.72,81.2,1,10,0.9
2024-03-26T16:59:47Z,26.331270,-76.997642,0.41,73.3,1,10,0.9
2024-03-26T16:59:52Z,26.331263,-76.997638,0.80,195.2,1,10,0.9
2024-03-26T16:59:57Z,26.331260,-76.997642,0.43,68.3,1,10,0.9
2024-03-26T17:00:02Z,26.331258,-76.997637,0.15,239.7,1,10,0.9
2024-03-26T17:00:07Z,26.331253,-76.997653,0.57,278.9,1,10,0.9
2024-03-26T17:00:12Z,26.331257,-76.997655,0.19,29.1,1,10,0.9
2024-03-26T17:00:17Z,26.331257,-76.997662,0.21,251.7,1,10,0.9
2024-03-26T17:00:22Z,26.331265,-76.997640,1.34,61.0,1,10,0.9
2024-03-26T17:00:27Z,26.331272,-76.997623,0.71,48.3,1,10,0.9
2024-03-26T17:00:32Z,26.331287,-76.997597,1.58,56.5,1,10,0.9
2024-03-26T17:00:37Z,26.331295,-76.997582,0.61,32.3,1,10,0.9
2024-03-26T17:00:42Z,26.331303,-76.997575,0.22,84.8,1,10,0.9
2024-03-26T17:00:47Z,26.331312,-76.997567,0.77,32.7,1,10,0.9
2024-03-26T17:00:52Z,26.331317,-76.997572,0.27,279.8,1,10,0.9
2024-03-26T17:00:57Z,26.331318,-76.997573,0.25,55.5,1,10,0.9
2024-03-26T17:01:02Z,26.331323,-76.997553,1.35,84.1,1,10,0.9
2024-03-26T17:01:07Z,26.331322,-76.997522,1.46,96.3,1,10,0.9
2024-03-26T17:01:12Z,26.331323,-76.997485,1.70,74.6,1,10,0.9
2024-03-26T17:01:17Z,26.331323,-76.997458,1.05,67.6,1,10,0.9
2024-03-26T17:01:22Z,26.331323,-76.997442,0.69,125.8,1,10,0.9
2024-03-26T17:01:32Z,26.331325,-76.997390,1.36,98.9,1,10,0.9
2024-03-26T17:01:37Z,26.331315,-76.997352,1.51,106.1,1,10,0.9
2024-03-26T17:01:42Z,26.331302,-76.997317,1.90,107.3,1,10,0.9
2024-03-26T17:01:47Z,26.331288,-76.997275,1.51,124.7,1,10,0.9
2024-03-26T17:01:52Z,26.331268,-76.997250,1.27,127.3,1,10,0.9
2024-03-26T17:01:57Z,26.331258,-76.997222,1.02,130.2,1,10,0.9
2024-03-26T17:02:07Z,26.331210,-76.997157,2.12,126.4,1,9,1.1
2024-03-26T17:02:12Z,26.331173,-76.997110,2.84,120.3,1,9,1.1
2024-03-26T17:02:17Z,26.331152,-76.997043,2.91,106.9,1,10,0.9
2024-03-26T17:02:22Z,26.331145,-76.996963,3.49,78.8,1,10,0.9
2024-03-26T17:02:27Z,26.331168,-76.996883,3.35,64.2,1,10,0.9
2024-03-26T17:02:32Z,26.331213,-76.996810,3.15,48.7,1,10,0.9
2024-03-26T17:02:37Z,26.331287,-76.996750,4.34,35.3,1,10,0.9
2024-03-26T17:02:42Z,26.331378,-76.996698,4.18,23.4,1,10,0.9
2024-03-26T17:02:47Z,26.331482,-76.996650,4.83,24.4,1,10,0.9
2024-03-26T17:02:52Z,26.331585,-76.996598,5.15,24.6,1,10,0.9
2024-03-26T17:02:57Z,26.331697,-76.996540,5.14,23.2,1,10,0.9
2024-03-26T17:03:02Z,26.331808,-76.996488,5.11,25.1,1,10,0.9
2024-03-26T17:03:07Z,26.331923,-76.996432,5.46,22.6,1,10,0.9
2024-03-26T17:03:17Z,26.332152,-76.996307,5.68,29.3,1,10,0.9
2024-03-26T17:03:22Z,26.332267,-76.996240,5.36,30.7,1,10,0.9
2024-03-26T17:03:27Z,26.332382,-76.996178,5.68,28.1,1,9,1.0
2024-03-26T17:03:32Z,26.332497,-76.996113,5.15,25.9,1,10,0.9
2024-03-26T17:03:37Z,26.332612,-76.996040,5.61,30.1,1,10,0.9
2024-03-26T17:03:42Z,26.332727,-76.995973,5.58,32.3,1,10,0.9
2024-03-26T17:03:52Z,26.332950,-76.995837,5.06,26.9,1,10,0.9
2024-03-26T17:03:57Z,26.333060,-76.995770,5.44,28.8,1,10,0.9
2024-03-26T17:04:02Z,26.333173,-76.995713,5.34,27.3,1,10,0.9
2024-03-26T17:04:07Z,26.333292,-76.995638,5.29,34.0,1,10,0.9
2024-03-26T17:04:12Z,26.333405,-76.995567,5.72,30.3,1,10,0.9
2024-03-26T17:04:17Z,26.333520,-76.995483,5.52,34.8,1,10,0.9
2024-03-26T17:04:22Z,26.333625,-76.995402,5.90,40.6,1,10,0.9
2024-03-26T17:04:27Z,26.333730,-76.995325,5.03,32.7,1,10,0.9
2024-03-26T17:04:32Z,26.333835,-76.995258,4.83,31.2,1,10,0.9
2024-03-26T17:04:37Z,26.333940,-76.995190,5.38,28.4,1,10,0.9
2024-03-26T17:04:42Z,26.334045,-76.995125,5.06,36.1,1,10,0.9
2024-03-26T17:04:47Z,26.334147,-76.995045,5.45,36.9,1,10,0.9
2024-03-26T17:04:52Z,26.334247,-76.994967,5.63,42.4,1,10,0.9
2024-03-26T17:05:02Z,26.334452,-76.994798,5.47,40.9,1,10,0.9
2024-03-26T17:05:07Z,26.334555,-76.994718,5.49,32.8,1,10,0.9
2024-03-26T17:05:12Z,26.334665,-76.994633,5.83,36.0,1,10,0.9
2024-03-26T17:05:17Z,26.334775,-76.994543,5.33,36.5,1,10,0.9
2024-03-26T17:05:22Z,26.334882,-76.994460,5.83,39.2,1,10,0.9
2024-03-26T17:05:27Z,26.334992,-76.994377,6.01,40.0,1,10,0.9
2024-03-26T17:05:37Z,26.335207,-76.994223,5.20,31.9,1,10,0.9
2024-03-26T17:05:42Z,26.335313,-76.994152,5.31,33.9,1,10,0.9
2024-03-26T17:05:47Z,26.335420,-76.994072,5.51,37.6,1,10,0.9
2024-03-26T17:05:52Z,26.335523,-76.993997,5.52,34.5,1,10,0.9
2024-03-26T17:05:57Z,26.335632,-76.993913,5.30,36.2,1,10,0.9
2024-03-26T17:06:02Z,26.335732,-76.993832,5.50,39.5,1,10,0.9
2024-03-26T17:06:07Z,26.335835,-76.993742,5.44,40.1,1,10,0.9
2024-03-26T17:06:12Z,26.335945,-76.993665,5.29,35.5,1,10,0.9
2024-03-26T17:06:17Z,26.336050,-76.993578,5.94,43.2,1,10,0.9
2024-03-26T17:06:22Z,26.336145,-76.993482,5.62,41.0,1,10,0.9
2024-03-26T17:06:27Z,26.336242,-76.993402,5.67,32.5,1,10,0.9
2024-03-26T17:06:32Z,26.336348,-76.993320,4.92,31.0,1,10,0.9
2024-03-26T17:06:37Z,26.336452,-76.993247,5.34,36.4,1,10,0.9
2024-03-26T17:06:47Z,26.336650,-76.993067,5.18,37.3,1,10,0.9
2024-03-26T17:06:52Z,26.336750,-76.992982,5.13,34.5,1,10,0.9
2024-03-26T17:06:57Z,26.336848,-76.992898,5.10,36.9,1,10,0.9
2024-03-26T17:07:02Z,26.336952,-76.992823,5.17,41.3,1,10,0.9
2024-03-26T17:07:07Z,26.337047,-76.992743,4.95,31.3,1,10,0.9
2024-03-26T17:07:12Z,26.337150,-76.992672,5.57,35.4,1,10,0.9
2024-03-26T17:07:22Z,26.337368,-76.992532,5.02,24.9,1,10,0.9
2024-03-26T17:07:27Z,26.337478,-76.992472,5.54,24.8,1,10,0.9
2024-03-26T17:07:32Z,26.337590,-76.992407,5.38,34.6,1,10,0.9
2024-03-26T17:07:37Z,26.337695,-76.992333,5.25,35.1,1,10,0.9
2024-03-26T17:07:42Z,26.337807,-76.992262,4.60,34.3,1,10,0.9
2024-03-26T17:07:47Z,26.337905,-76.992187,5.38,32.5,1,10,0.9
2024-03-26T17:07:52Z,26.338013,-76.992103,5.64,41.1,1,10,0.9
2024-03-26T17:07:57Z,26.338118,-76.992032,5.06,31.6,1,10,0.9
2024-03-26T17:08:02Z,26.338233,-76.991965,5.20,27.6,1,10,0.9
2024-03-26T17:08:07Z,26.338338,-76.991888,5.71,35.9,1,10,0.9
2024-03-26T17:08:12Z,26.338435,-76.991828,4.96,31.7,1,10,0.9
2024-03-26T17:08:17Z,26.338547,-76.991765,5.33,32.8,1,10,0.9
2024-03-26T17:08:22Z,26.338657,-76.991698,4.48,30.4,1,10,0.9
2024-03-26T17:08:32Z,26.338862,-76.991573,5.28,31.7,1,10,0.9
2024-03-26T17:08:37Z,26.338965,-76.991510,5.35,32.2,1,10,0.9
2024-03-26T17:08:42Z,26.339073,-76.991438,5.69,34.6,1,10,0.9
2024-03-26T17:08:47Z,26.339183,-76.991357,5.50,31.1,1,10,0.9
2024-03-26T17:08:52Z,26.339290,-76.991280,5.20,33.7,1,10,0.9
2024-03-26T17:08:57Z,26.339397,-76.991198,5.98,35.1,1,10,0.9
2024-03-26T17:09:07Z,26.339610,-76.991043,5.05,29.8,1,10,0.9
2024-03-26T17:09:12Z,26.339722,-76.990965,5.60,27.8,1,10,0.9
2024-03-26T17:09:17Z,26.339833,-76.990895,5.37,32.0,1,10,0.9
2024-03-26T17:09:22Z,26.339948,-76.990818,5.49,29.5,1,10,0.9
2024-03-26T17:09:27Z,26.340063,-76.990738,5.69,28.2,1,10,0.9
2024-03-26T17:09:32Z,26.340183,-76.990670,5.24,25.0,1,10,0.9
2024-03-26T17:09:37Z,26.340297,-76.990590,6.01,34.7,1,10,0.9
2024-03-26T17:09:42Z,26.340407,-76.990513,5.46,37.4,1,10,0.9
2024-03-26T17:09:47Z,26.340522,-76.990435,5.60,33.9,1,10,0.9
2024-03-26T17:09:52Z,26.340632,-76.990357,6.01,36.5,1,10,0.9
2024-03-26T17:09:57Z,26.340747,-76.990282,5.79,31.1,1,10,0.9
2024-03-26T17:10:02Z,26.340850,-76.990203,5.32,37.8,1,10,0.9
2024-03-26T17:10:07Z,26.340963,-76.990137,5.47,29.9,1,10,0.9
2024-03-26T17:10:12Z,26.341078,-76.990065,5.39,30.2,1,10,0.9
2024-03-26T17:10:17Z,26.341188,-76.989992,5.69,36.8,1,10,0.9
2024-03-26T17:10:22Z,26.341300,-76.989918,5.66,37.2,1,10,0.9
2024-03-26T17:10:27Z,26.341413,-76.989843,5.55,30.0,1,10,0.9
2024-03-26T17:10:32Z,26.341525,-76.989782,5.30,24.5,1,10,0.9
2024-03-26T17:10:37Z,26.341643,-76.989718,5.45,29.5,1,10,0.9
2024-03-26T17:10:42Z,26.341753,-76.989648,5.63,30.1,2,10,0.9
2024-03-26T17:10:52Z,26.341990,-76.989505,5.85,34.1,2,10,0.9
2024-03-26T17:10:57Z,26.342100,-76.989435,5.56,33.3,2,10,0.9
2024-03-26T17:11:02Z,26.342217,-76.989372,5.53,28.4,2,10,0.9
2024-03-26T17:11:07Z,26.342333,-76.989293,5.61,28.6,2,10,0.9
2024-03-26T17:11:12Z,26.342445,-76.989225,5.04,31.0,2,10,0.9
2024-03-26T17:11:17Z,26.342557,-76.989153,5.55,32.5,2,10,0.9
2024-03-26T17:11:22Z,26.342670,-76.989083,5.37,29.4,2,10,0.9
2024-03-26T17:11:27Z,26.342788,-76.989008,6.06,34.8,2,10,0.9
2024-03-26T17:11:32Z,26.342900,-76.988928,5.47,31.2,2,10,0.9
2024-03-26T17:11:37Z,26.343015,-76.988860,4.85,33.3,2,10,0.9
2024-03-26T17:11:42Z,26.343113,-76.988790,5.03,29.9,2,10,0.9
2024-03-26T17:11:47Z,26.343225,-76.988720,5.45,31.2,2,10,0.9
2024-03-26T17:11:52Z,26.343337,-76.988642,5.77,34.3,2,9,1.1
2024-03-26T17:11:57Z,26.343445,-76.988563,5.21,31.5,2,10,0.9
2024-03-26T17:12:02Z,26.343553,-76.988498,5.12,28.1,2,10,0.9
2024-03-26T17:12:07Z,26.343660,-76.988435,5.38,31.9,2,9,1.0
2024-03-26T17:12:12Z,26.343773,-76.988368,5.21,28.3,2,10,0.9
2024-03-26T17:12:17Z,26.343878,-76.988300,5.17,31.9,2,10,0.9
2024-03-26T17:12:22Z,26.343992,-76.988237,5.68,23.9,2,10,0.9
2024-03-26T17:12:27Z,26.344113,-76.988187,5.22,17.5,2,10,0.9
2024-03-26T17:12:32Z,26.344235,-76.988148,5.35,16.4,2,10,0.9
2024-03-26T17:12:42Z,26.344472,-76.988070,5.03,11.8,2,10,0.9
2024-03-26T17:12:47Z,26.344590,-76.988038,5.38,13.4,2,9,1.1
2024-03-26T17:12:52Z,26.344707,-76.988008,5.03,17.3,2,10,0.9
2024-03-26T17:12:57Z,26.344818,-76.987970,5.22,17.1,2,10,0.9
2024-03-26T17:13:02Z,26.344937,-76.987937,5.17,13.5,2,10,0.9
2024-03-26T17:13:07Z,26.345055,-76.987918,5.04,8.0,2,10,0.9
2024-03-26T17:13:12Z,26.345178,-76.987900,5.36,9.8,2,10,0.9
2024-03-26T17:13:17Z,26.345302,-76.987878,5.25,12.0,2,10,0.9
2024-03-26T17:13:22Z,26.345427,-76.987852,5.19,8.6,2,10,0.9
2024-03-26T17:13:27Z,26.345545,-76.987825,5.29,13.4,2,10,0.9
2024-03-26T17:13:32Z,26.345673,-76.987802,5.36,10.5,2,10,0.9
2024-03-26T17:13:37Z,26.345797,-76.987780,5.53,7.2,2,10,0.9
2024-03-26T17:13:42Z,26.345930,-76.987763,5.35,7.8,2,10,0.9
2024-03-26T17:13:47Z,26.346060,-76.987745,5.24,7.7,2,10,0.9
2024-03-26T17:13:52Z,26.346183,-76.987725,5.09,7.5,2,11,0.8
2024-03-26T17:13:57Z,26.346308,-76.987705,5.24,7.5,2,11,0.8
2024-03-26T17:14:02Z,26.346435,-76.987685,5.33,7.7,2,11,0.8
2024-03-26T17:14:07Z,26.346567,-76.987668,5.55,7.6,2,10,0.9
2024-03-26T17:14:12Z,26.346697,-76.987650,5.41,8.8,2,10,0.9
2024-03-26T17:14:17Z,26.346823,-76.987630,5.29,9.2,2,10,0.9
2024-03-26T17:14:22Z,26.346948,-76.987607,5.31,9.6,2,10,0.9
2024-03-26T17:14:27Z,26.347073,-76.987588,5.40,9.1,2,10,0.9
2024-03-26T17:14:32Z,26.347197,-76.987562,5.19,13.8,2,10,0.9
2024-03-26T17:14:37Z,26.347318,-76.987528,5.21,13.0,2,10,0.9
2024-03-26T17:14:42Z,26.347442,-76.987507,5.17,10.4,2,10,0.9
2024-03-26T17:14:47Z,26.347567,-76.987487,5.23,9.7,2,10,0.9
2024-03-26T17:14:52Z,26.347688,-76.987470,5.17,8.6,2,10,0.9
2024-03-26T17:14:57Z,26.347810,-76.987445,5.34,11.2,2,10,0.9
2024-03-26T17:15:02Z,26.347940,-76.987427,5.41,6.5,2,10,0.9
2024-03-26T17:15:07Z,26.348065,-76.987407,5.49,7.8,2,10,0.9
2024-03-26T17:15:12Z,26.348198,-76.987390,5.37,9.4,2,10,0.9
2024-03-26T17:15:17Z,26.348325,-76.987372,5.29,8.2,2,10,0.9
2024-03-26T17:15:22Z,26.348452,-76.987353,5.47,9.0,2,10,0.9
2024-03-26T17:15:27Z,26.348583,-76.987333,5.53,10.9,2,10,0.9
2024-03-26T17:15:37Z,26.348847,-76.987293,5.36,8.5,2,10,0.9
2024-03-26T17:15:42Z,26.348975,-76.987277,5.43,8.4,2,10,0.9
2024-03-26T17:15:47Z,26.349105,-76.987258,5.43,9.4,2,10,0.9
2024-03-26T17:15:52Z,26.349237,-76.987237,5.64,7.2,2,10,0.9
2024-03-26T17:15:57Z,26.349368,-76.987217,5.78,8.8,2,10,0.9
2024-03-26T17:16:02Z,26.349505,-76.987198,5.50,6.2,2,10,0.9
2024-03-26T17:16:12Z,26.349762,-76.987170,5.65,5.9,2,10,0.9
2024-03-26T17:16:17Z,26.349890,-76.987157,5.38,5.9,2,10,0.9
2024-03-26T17:16:22Z,26.350018,-76.987142,5.48,8.0,2,10,0.9
2024-03-26T17:16:27Z,26.350148,-76.987123,5.56,7.5,2,10,0.9
2024-03-26T17:16:32Z,26.350278,-76.987103,5.47,9.9,2,10,0.9
2024-03-26T17:16:37Z,26.350408,-76.987082,5.29,10.7,2,10,0.9
2024-03-26T17:16:42Z,26.350537,-76.987062,5.39,9.3,2,10,0.9
2024-03-26T17:16:52Z,26.350802,-76.987038,5.74,3.5,2,10,0.9
2024-03-26T17:16:57Z,26.350937,-76.987030,5.58,4.4,2,10,0.9
2024-03-26T17:17:02Z,26.351068,-76.987018,5.53,5.3,2,10,0.9
2024-03-26T17:17:07Z,26.351198,-76.987005,5.52,7.1,2,10,0.9
2024-03-26T17:17:12Z,26.351333,-76.986992,5.68,3.9,2,10,0.9
2024-03-26T17:17:17Z,26.351470,-76.986983,5.67,2.9,2,10,0.9
2024-03-26T17:17:22Z,26.351605,-76.986977,5.73,3.2,2,10,0.9
2024-03-26T17:17:27Z,26.351742,-76.986967,5.66,4.5,2,10,0.9
2024-03-26T17:17:32Z,26.351877,-76.986953,5.85,5.8,2,10,0.9
2024-03-26T17:17:37Z,26.352013,-76.986940,5.69,5.5,2,10,0.9
2024-03-26T17:17:42Z,26.352147,-76.986928,5.78,3.7,2,10,0.9
2024-03-26T17:17:47Z,26.352293,-76.986923,5.83,2.1,2,10,0.9
2024-03-26T17:17:52Z,26.352430,-76.986915,5.87,3.8,2,10,0.9
2024-03-26T17:17:57Z,26.352567,-76.986903,5.83,5.2,2,10,0.9
2024-03-26T17:18:02Z,26.352702,-76.986888,5.76,5.1,2,10,0.9
2024-03-26T17:18:07Z,26.352833,-76.986873,5.69,6.2,2,10,0.9
2024-03-26T17:18:12Z,26.352970,-76.986858,5.70,8.0,2,10,0.9
2024-03-26T17:18:17Z,26.353102,-76.986837,5.72,8.7,2,9,1.2
2024-03-26T17:18:22Z,26.353237,-76.986820,5.75,5.7,2,10,0.9
2024-03-26T17:18:27Z,26.353370,-76.986808,5.65,5.2,2,10,0.9
2024-03-26T17:18:37Z,26.353642,-76.986785,5.72,5.1,2,10,0.9
2024-03-26T17:18:42Z,26.353777,-76.986772,5.74,5.4,2,10,0.9
2024-03-26T17:18:47Z,26.353917,-76.986760,5.85,4.8,2,10,0.9
2024-03-26T17:18:52Z,26.354058,-76.986750,5.71,4.2,2,10,0.9
2024-03-26T17:18:57Z,26.354195,-76.986742,5.73,4.0,2,10,0.9
2024-03-26T17:19:02Z,26.354333,-76.986730,5.75,5.0,2,10,0.9
2024-03-26T17:19:12Z,26.354605,-76.986713,5.77,4.3,2,10,0.9
2024-03-26T17:19:17Z,26.354738,-76.986703,5.69,5.6,2,10,0.9
2024-03-26T17:19:22Z,26.354875,-76.986692,5.79,4.9,2,10,0.9
2024-03-26T17:19:27Z,26.355008,-76.986677,5.53,6.3,2,10,0.9
2024-03-26T17:19:32Z,26.355143,-76.986662,5.80,4.5,2,10,0.9
2024-03-26T17:19:37Z,26.355280,-76.986652,5.70,4.1,2,10,0.9
2024-03-26T17:19:47Z,26.355547,-76.986628,5.75,5.4,2,10,0.9
2024-03-26T17:19:52Z,26.355682,-76.986612,5.72,5.9,2,10,0.9
2024-03-26T17:19:57Z,26.355813,-76.986602,5.72,2.9,2,10,0.9
2024-03-26T17:20:02Z,26.355950,-76.986597,5.80,1.2,2,10,0.9
2024-03-26T17:20:07Z,26.356092,-76.986595,5.80,0.1,2,9,1.1
2024-03-26T17:20:12Z,26.356233,-76.986598,5.80,359.1,2,10,0.9
2024-03-26T17:20:22Z,26.356512,-76.986600,5.75,1.3,2,10,0.9
2024-03-26T17:20:27Z,26.356652,-76.986595,5.87,2.4,2,10,0.9
2024-03-26T17:20:32Z,26.356788,-76.986587,5.72,3.4,2,10,0.9
2024-03-26T17:20:37Z,26.356923,-76.986582,5.57,1.0,2,10,0.9
2024-03-26T17:20:42Z,26.357060,-76.986577,5.73,1.9,2,10,0.9
2024-03-26T17:20:47Z,26.357193,-76.986575,5.69,0.8,2,10,0.9
2024-03-26T17:20:57Z,26.357462,-76.986565,5.77,1.3,2,10,0.9
2024-03-26T17:21:02Z,26.357592,-76.986563,5.52,0.5,2,9,1.1
2024-03-26T17:21:07Z,26.357722,-76.986563,5.58,0.2,2,9,1.1
2024-03-26T17:21:12Z,26.357855,-76.986568,5.85,358.4,2,10,0.9
2024-03-26T17:21:17Z,26.357992,-76.986572,5.74,358.6,2,10,0.9
2024-03-26T17:21:22Z,26.358125,-76.986575,5.60,359.5,2,9,1.1
2024-03-26T17:21:32Z,26.358405,-76.986573,5.79,1.7,2,10,0.9
2024-03-26T17:21:37Z,26.358545,-76.986567,5.88,5.5,1,10,0.9
2024-03-26T17:21:42Z,26.358678,-76.986548,5.67,11.1,2,9,1.1
2024-03-26T17:21:47Z,26.358813,-76.986523,5.66,11.7,2,10,0.9
2024-03-26T17:21:52Z,26.358947,-76.986487,5.75,17.9,2,10,0.9
2024-03-26T17:21:57Z,26.359075,-76.986438,5.70,20.8,2,10,0.9
2024-03-26T17:22:07Z,26.359327,-76.986335,5.63,20.8,1,10,0.9
2024-03-26T17:22:12Z,26.359453,-76.986285,5.60,19.0,2,10,0.9
2024-03-26T17:22:17Z,26.359575,-76.986238,5.48,20.6,2,10,0.9
2024-03-26T17:22:22Z,26.359697,-76.986197,5.40,17.6,2,10,0.9
2024-03-26T17:22:27Z,26.359822,-76.986165,5.57,14.0,2,10,0.9
2024-03-26T17:22:32Z,26.359952,-76.986133,5.62,12.4,2,10,0.9
2024-03-26T17:22:37Z,26.360082,-76.986107,5.67,10.4,2,10,0.9
2024-03-26T17:22:47Z,26.360348,-76.986042,5.63,10.8,1,10,0.9
2024-03-26T17:22:52Z,26.360483,-76.986013,5.84,12.8,1,10,0.9
2024-03-26T17:22:57Z,26.360618,-76.985982,5.72,11.2,1,10,0.9
2024-03-26T17:23:02Z,26.360753,-76.985957,5.65,11.1,1,10,0.9
2024-03-26T17:23:07Z,26.360885,-76.985928,5.55,10.5,1,10,0.9
2024-03-26T17:23:12Z,26.361017,-76.985907,5.58,10.2,1,10,0.9
2024-03-26T17:23:22Z,26.361282,-76.985865,5.71,8.4,1,10,0.9
2024-03-26T17:23:27Z,26.361415,-76.985843,5.73,9.4,1,10,0.9
2024-03-26T17:23:32Z,26.361547,-76.985818,5.60,9.7,1,10,0.9
2024-03-26T17:23:37Z,26.361677,-76.985795,5.66,8.9,1,10,0.9
2024-03-26T17:23:42Z,26.361810,-76.985770,5.78,11.6,1,10,0.9
2024-03-26T17:23:47Z,26.361945,-76.985737,5.83,14.1,1,10,0.9
2024-03-26T17:23:57Z,26.362210,-76.985663,5.70,12.4,1,10,0.9
2024-03-26T17:24:02Z,26.362345,-76.985633,5.70,11.5,1,10,0.9
2024-03-26T17:24:07Z,26.362478,-76.985607,5.74,10.5,1,10,0.9
2024-03-26T17:24:12Z,26.362613,-76.985583,5.88,10.1,1,10,0.9
2024-03-26T17:24:17Z,26.362747,-76.985552,5.79,9.5,1,10,0.9
2024-03-26T17:24:22Z,26.362880,-76.985522,5.77,12.9,1,10,0.9
2024-03-26T17:24:32Z,26.363157,-76.985460,5.91,14.2,1,10,0.9
2024-03-26T17:24:37Z,26.363292,-76.985425,5.94,13.9,1,10,0.9
2024-03-26T17:24:42Z,26.363425,-76.985390,5.76,14.6,1,10,0.9
2024-03-26T17:24:47Z,26.363557,-76.985345,5.78,18.4,1,10,0.9
2024-03-26T17:24:52Z,26.363690,-76.985302,5.94,13.4,1,10,0.9
2024-03-26T17:24:57Z,26.363825,-76.985268,5.81,11.7,1,10,0.9
2024-03-26T17:25:07Z,26.364095,-76.985213,5.72,8.8,1,10,0.9
2024-03-26T17:25:12Z,26.364228,-76.985195,5.67,6.8,1,10,0.9
2024-03-26T17:25:17Z,26.364363,-76.985180,5.81,5.2,1,10,0.9
2024-03-26T17:25:22Z,26.364498,-76.985167,5.70,4.8,1,10,0.9
2024-03-26T17:25:27Z,26.364635,-76.985158,5.78,3.6,1,10,0.9
2024-03-26T17:25:32Z,26.364773,-76.985148,5.81,3.9,1,10,0.9
2024-03-26T17:25:42Z,26.365050,-76.985132,5.80,4.8,1,10,0.9
2024-03-26T17:25:47Z,26.365187,-76.985117,5.76,5.2,2,9,1.1
2024-03-26T17:25:52Z,26.365322,-76.985102,5.73,6.6,2,9,1.1
2024-03-26T17:25:57Z,26.365463,-76.985083,5.88,8.6,2,10,0.9
2024-03-26T17:26:02Z,26.365600,-76.985062,5.96,8.2,1,10,0.9
2024-03-26T17:26:07Z,26.365738,-76.985040,5.78,9.0,1,10,0.9
2024-03-26T17:26:17Z,26.366012,-76.984997,5.75,11.3,1,10,0.9
2024-03-26T17:26:22Z,26.366153,-76.984968,5.95,14.3,1,10,0.9
2024-03-26T17:26:27Z,26.366288,-76.984925,5.88,17.9,1,10,0.9
2024-03-26T17:26:32Z,26.366418,-76.984877,5.84,18.7,1,10,0.9
2024-03-26T17:26:37Z,26.366547,-76.984828,5.83,19.1,1,10,0.9
2024-03-26T17:26:42Z,26.366672,-76.984778,5.74,21.8,1,10,0.9
2024-03-26T17:26:47Z,26.366797,-76.984722,5.73,20.9,1,10,0.9
2024-03-26T17:26:52Z,26.366925,-76.984668,5.82,21.2,1,10,0.9
2024-03-26T17:26:57Z,26.367055,-76.984613,5.57,23.7,1,10,0.9
2024-03-26T17:27:02Z,26.367182,-76.984558,5.82,20.3,1,10,0.9
2024-03-26T17:27:07Z,26.367310,-76.984507,5.97,18.0,1,10,0.9
2024-03-26T17:27:12Z,26.367432,-76.984450,5.60,22.5,1,10,0.9
2024-03-26T17:27:17Z,26.367553,-76.984397,5.47,22.2,1,10,0.9
2024-03-26T17:27:27Z,26.367810,-76.984298,5.95,18.2,1,10,0.9
2024-03-26T17:27:32Z,26.367940,-76.984252,5.71,18.7,1,10,0.9
2024-03-26T17:27:37Z,26.368068,-76.984208,5.74,15.8,1,10,0.9
2024-03-26T17:27:42Z,26.368203,-76.984175,5.62,12.2,1,10,0.9
2024-03-26T17:27:47Z,26.368333,-76.984143,5.56,12.8,1,10,0.9
2024-03-26T17:27:52Z,26.368463,-76.984113,5.76,13.5,1,10,0.9
2024-03-26T17:28:02Z,26.368728,-76.984047,5.87,12.5,1,10,0.9
2024-03-26T17:28:07Z,26.368863,-76.984015,5.85,11.2,1,10,0.9
2024-03-26T17:28:12Z,26.368997,-76.983983,5.64,14.9,1,10,0.9
2024-03-26T17:28:17Z,26.369130,-76.983957,5.68,9.8,1,10,0.9
2024-03-26T17:28:22Z,26.369260,-76.983932,5.57,10.0,1,10,0.9
2024-03-26T17:28:27Z,26.369390,-76.983905,5.48,13.2,1,10,0.9
2024-03-26T17:28:32Z,26.369515,-76.983875,5.32,10.8,1,10,0.9
2024-03-26T17:28:37Z,26.369637,-76.983847,5.18,12.9,1,10,0.9
2024-03-26T17:28:42Z,26.369757,-76.983817,5.20,17.1,1,10,0.9
2024-03-26T17:28:47Z,26.369872,-76.983777,5.13,19.6,1,10,0.9
2024-03-26T17:28:52Z,26.369973,-76.983730,4.30,27.3,1,10,0.9
2024-03-26T17:28:57Z,26.370052,-76.983680,3.62,30.9,1,10,0.9
2024-03-26T17:29:02Z,26.370118,-76.983637,3.12,33.2,1,10,0.9
2024-03-26T17:29:12Z,26.370225,-76.983547,2.36,38.6,1,10,0.9
2024-03-26T17:29:17Z,26.370272,-76.983505,2.72,43.7,1,10,0.9
2024-03-26T17:29:22Z,26.370315,-76.983447,2.56,49.8,1,10,0.9
2024-03-26T17:29:27Z,26.370360,-76.983403,2.40,39.7,1,10,0.9
2024-03-26T17:29:32Z,26.370405,-76.983373,2.14,33.4,1,10,0.9
2024-03-26T17:29:37Z,26.370448,-76.983350,2.28,43.2,1,10,0.9
2024-03-26T17:29:42Z,26.370483,-76.983317,2.30,42.1,1,10,0.9
2024-03-26T17:29:47Z,26.370515,-76.983277,1.88,52.5,1,10,0.9
2024-03-26T17:29:52Z,26.370543,-76.983240,1.83,58.9,1,8,1.0
2024-03-26T17:29:57Z,26.370565,-76.983202,1.82,64.5,1,10,0.9
2024-03-26T17:30:02Z,26.370582,-76.983163,1.26,61.1,1,10,0.9
2024-03-26T17:30:07Z,26.370598,-76.983138,1.09,61.2,1,10,0.9
2024-03-26T17:30:12Z,26.370613,-76.983115,1.07,64.9,1,10,0.9
2024-03-26T17:30:22Z,26.370635,-76.983080,0.76,53.1,1,10,0.9
2024-03-26T17:30:27Z,26.370647,-76.983063,0.61,33.9,1,9,1.0
2024-03-26T17:30:32Z,26.370655,-76.983057,0.46,47.4,1,10,0.9
2024-03-26T17:30:37Z,26.370665,-76.983052,0.53,39.0,1,10,0.9
2024-03-26T17:30:42Z,26.370680,-76.983048,0.35,304.2,1,10,0.9
2024-03-26T17:30:47Z,26.370690,-76.983047,0.71,34.2,1,10,0.9
2024-03-26T17:30:52Z,26.370707,-76.983018,1.80,71.9,1,10,0.9
2024-03-26T17:30:57Z,26.370710,-76.982972,1.67,86.2,1,10,0.9
2024-03-26T17:31:02Z,26.370720,-76.982938,1.28,98.1,1,10,0.9
2024-03-26T17:31:07Z,26.370715,-76.982913,1.01,102.0,1,10,0.9
2024-03-26T17:31:12Z,26.370712,-76.982890,0.70,100.0,1,10,0.9
2024-03-26T17:31:17Z,26.370707,-76.982870,0.86,99.2,1,9,1.0
2024-03-26T17:31:22Z,26.370702,-76.982858,0.38,125.2,1,9,1.0
2024-03-26T17:31:32Z,26.370703,-76.982838,0.42,99.3,1,9,1.0
2024-03-26T17:31:37Z,26.370703,-76.982833,0.12,271.3,1,9,1.0
2024-03-26T17:31:42Z,26.370703,-76.982835,0.04,308.1,1,10,0.9
2024-03-26T17:31:47Z,26.370703,-76.982840,0.25,263.8,1,10,0.9
2024-03-26T17:31:52Z,26.370705,-76.982845,0.19,224.2,1,10,0.9
2024-03-26T17:31:57Z,26.370698,-76.982855,0.54,246.8,1,10,0.9
2024-03-26T17:32:02Z,26.370693,-76.982862,0.45,233.5,1,11,0.8
2024-03-26T17:32:07Z,26.370687,-76.982873,0.55,249.6,1,11,0.8
2024-03-26T17:32:12Z,26.370683,-76.982892,0.68,257.5,1,11,0.8
2024-03-26T17:32:17Z,26.370683,-76.982912,0.68,256.7,1,11,0.8
2024-03-26T17:32:22Z,26.370680,-76.982937,1.44,264.7,1,11,0.8
2024-03-26T17:32:27Z,26.370668,-76.982960,1.00,249.6,1,11,0.8
2024-03-26T17:32:32Z,26.370658,-76.982983,0.85,255.3,1,11,0.8
2024-03-26T17:32:37Z,26.370650,-76.983003,0.78,245.6,1,11,0.8
2024-03-26T17:32:47Z,26.370623,-76.983062,1.48,238.6,1,10,0.9
2024-03-26T17:32:52Z,26.370598,-76.983100,2.01,227.1,1,10,0.9
2024-03-26T17:32:57Z,26.370560,-76.983137,2.35,222.9,1,11,0.8
2024-03-26T17:33:02Z,26.370515,-76.983180,2.82,216.8,1,11,0.8
2024-03-26T17:33:07Z,26.370458,-76.983225,3.20,220.0,1,11,0.8
2024-03-26T17:33:12Z,26.370393,-76.983277,3.50,215.1,1,11,0.8
2024-03-26T17:33:17Z,26.370318,-76.983328,4.08,210.0,1,11,0.8
2024-03-26T17:33:22Z,26.370232,-76.983385,4.48,211.3,1,11,0.8
2024-03-26T17:33:27Z,26.370143,-76.983442,4.58,208.5,1,11,0.8
2024-03-26T17:33:32Z,26.370047,-76.983498,4.55,207.8,1,11,0.8
2024-03-26T17:33:37Z,26.369947,-76.983562,4.94,211.1,1,11,0.8
2024-03-26T17:33:42Z,26.369847,-76.983625,5.04,208.1,1,11,0.8
2024-03-26T17:33:47Z,26.369740,-76.983687,5.22,209.3,1,11,0.8
2024-03-26T17:33:52Z,26.369635,-76.983752,5.13,208.5,1,11,0.8
2024-03-26T17:34:02Z,26.369422,-76.983877,5.20,209.1,1,11,0.8
2024-03-26T17:34:07Z,26.369315,-76.983943,5.33,209.3,1,11,0.8
2024-03-26T17:34:12Z,26.369210,-76.984010,5.15,209.9,1,11,0.8
2024-03-26T17:34:17Z,26.369105,-76.984080,5.42,211.4,1,11,0.8
2024-03-26T17:34:22Z,26.368998,-76.984153,5.43,212.9,1,11,0.8
2024-03-26T17:34:27Z,26.368895,-76.984233,5.60,215.1,1,11,0.8
2024-03-26T17:34:32Z,26.368798,-76.984320,5.28,221.3,1,10,0.8
2024-03-26T17:34:37Z,26.368697,-76.984415,5.51,221.0,1,11,0.8
2024-03-26T17:34:42Z,26.368602,-76.984513,5.37,224.3,1,11,0.8
2024-03-26T17:34:47Z,26.368510,-76.984613,5.60,224.6,1,11,0.8
2024-03-26T17:34:52Z,26.368418,-76.984715,5.68,226.1,1,11,0.8
2024-03-26T17:34:57Z,26.368327,-76.984815,5.32,224.8,1,11,0.8
2024-03-26T17:35:02Z,26.368242,-76.984910,5.41,223.7,1,11,0.8
2024-03-26T17:35:07Z,26.368148,-76.985010,5.51,225.3,1,11,0.8
2024-03-26T17:35:17Z,26.367955,-76.985212,5.72,219.9,1,11,0.8
2024-03-26T17:35:22Z,26.367857,-76.985307,5.50,219.6,1,11,0.8
2024-03-26T17:35:27Z,26.367758,-76.985400,5.34,219.6,1,11,0.8
2024-03-26T17:35:32Z,26.367662,-76.985487,5.55,218.1,1,10,0.9
2024-03-26T17:35:37Z,26.367567,-76.985572,5.73,220.7,1,11,0.8
2024-03-26T17:35:42Z,26.367470,-76.985665,5.68,221.6,1,11,0.8
2024-03-26T17:35:47Z,26.367370,-76.985765,5.44,221.2,1,11,0.8
2024-03-26T17:35:57Z,26.367175,-76.985955,5.49,218.7,1,10,0.8
2024-03-26T17:36:02Z,26.367072,-76.986048,5.40,219.3,1,11,0.8
2024-03-26T17:36:07Z,26.366968,-76.986140,5.83,216.1,2,11,0.8
2024-03-26T17:36:12Z,26.366863,-76.986230,6.45,217.9,2,11,0.8
2024-03-26T17:36:17Z,26.366765,-76.986327,5.70,227.3,2,11,0.8
2024-03-26T17:36:22Z,26.366688,-76.986445,5.53,239.4,2,11,0.8
2024-03-26T17:36:27Z,26.366637,-76.986578,5.22,246.1,2,11,0.8
2024-03-26T17:36:37Z,26.366550,-76.986853,5.71,251.9,2,11,0.8
2024-03-26T17:36:42Z,26.366512,-76.986993,5.73,250.6,1,11,0.8
2024-03-26T17:36:47Z,26.366475,-76.987135,5.58,255.0,1,11,0.8
2024-03-26T17:36:52Z,26.366433,-76.987273,5.83,255.4,1,11,0.8
2024-03-26T17:36:57Z,26.366407,-76.987413,5.33,259.5,1,11,0.8
2024-03-26T17:37:02Z,26.366392,-76.987553,5.35,263.8,1,11,0.8
2024-03-26T17:37:07Z,26.366383,-76.987697,5.66,270.5,1,11,0.8
2024-03-26T17:37:12Z,26.366385,-76.987848,5.97,271.2,1,11,0.8
2024-03-26T17:37:17Z,26.366403,-76.988003,5.54,282.7,2,11,0.8
2024-03-26T17:37:22Z,26.366442,-76.988137,5.07,293.1,2,10,0.9
2024-03-26T17:37:27Z,26.366497,-76.988277,5.90,295.6,2,11,0.8
2024-03-26T17:37:32Z,26.366563,-76.988402,5.39,304.3,2,11,0.8
2024-03-26T17:37:37Z,26.366642,-76.988510,4.98,309.4,2,11,0.8
2024-03-26T17:37:42Z,26.366732,-76.988615,5.49,311.4,2,11,0.8
2024-03-26T17:37:52Z,26.366925,-76.988815,5.50,319.7,2,10,0.9
2024-03-26T17:37:57Z,26.367025,-76.988905,5.27,320.6,2,11,0.8
2024-03-26T17:38:02Z,26.367120,-76.988997,5.38,319.3,2,11,0.8
2024-03-26T17:38:07Z,26.367212,-76.989087,5.18,317.6,2,11,0.8
2024-03-26T17:38:12Z,26.367297,-76.989183,5.39,315.6,2,11,0.8
2024-03-26T17:38:17Z,26.367385,-76.989272,5.42,319.5,2,11,0.8
2024-03-26T17:38:22Z,26.367483,-76.989367,5.56,318.9,2,11,0.8
2024-03-26T17:38:32Z,26.367680,-76.989563,5.71,316.4,2,11,0.8
2024-03-26T17:38:37Z,26.367775,-76.989663,5.86,315.9,2,11,0.8
2024-03-26T17:38:42Z,26.367877,-76.989770,5.80,316.4,2,11,0.8
2024-03-26T17:38:47Z,26.367978,-76.989873,6.15,319.0,2,11,0.8
2024-03-26T17:38:52Z,26.368085,-76.989978,5.80,318.4,2,11,0.8
2024-03-26T17:38:57Z,26.368183,-76.990080,5.72,318.1,2,11,0.8
2024-03-26T17:39:02Z,26.368283,-76.990183,5.99,318.2,2,10,0.9
2024-03-26T17:39:12Z,26.368483,-76.990392,5.95,316.2,2,11,0.8
2024-03-26T17:39:17Z,26.368585,-76.990495,5.94,321.4,2,11,0.8
2024-03-26T17:39:22Z,26.368697,-76.990597,6.25,320.2,2,10,0.9
2024-03-26T17:39:27Z,26.368807,-76.990705,6.16,319.1,2,10,0.9
2024-03-26T17:39:32Z,26.368915,-76.990818,6.21,317.7,2,9,1.1
2024-03-26T17:39:37Z,26.369018,-76.990933,6.20,314.0,2,10,0.9
2024-03-26T17:39:42Z,26.369123,-76.991048,6.31,315.7,2,11,0.8
2024-03-26T17:39:47Z,26.369228,-76.991168,6.48,312.1,2,11,0.8
2024-03-26T17:39:52Z,26.369333,-76.991280,6.14,320.3,2,11,0.8
2024-03-26T17:39:57Z,26.369443,-76.991380,6.35,319.8,2,11,0.8
2024-03-26T17:40:02Z,26.369558,-76.991477,6.24,325.1,2,11,0.8
2024-03-26T17:40:07Z,26.369678,-76.991560,5.86,332.3,2,11,0.8
2024-03-26T17:40:12Z,26.369797,-76.991633,5.96,334.0,2,11,0.8
2024-03-26T17:40:17Z,26.369923,-76.991703,5.96,333.4,2,11,0.8
2024-03-26T17:40:27Z,26.370192,-76.991813,5.98,343.3,1,11,0.8
2024-03-26T17:40:32Z,26.370332,-76.991850,5.97,347.1,1,11,0.8
2024-03-26T17:40:37Z,26.370473,-76.991882,5.84,348.7,1,11,0.8
2024-03-26T17:40:42Z,26.370618,-76.991910,6.29,350.8,2,11,0.8
2024-03-26T17:40:47Z,26.370763,-76.991935,6.35,353.0,2,11,0.8
2024-03-26T17:40:52Z,26.370907,-76.991947,5.91,356.4,2,11,0.8
2024-03-26T17:40:57Z,26.371045,-76.991958,5.91,353.6,2,11,0.8
2024-03-26T17:41:02Z,26.371182,-76.991970,5.95,353.5,1,11,0.8
2024-03-26T17:41:07Z,26.371323,-76.991987,6.04,353.7,1,11,0.8
2024-03-26T17:41:12Z,26.371463,-76.992008,5.99,353.7,1,11,0.8
2024-03-26T17:41:17Z,26.371600,-76.992027,5.66,352.8,1,11,0.8
2024-03-26T17:41:22Z,26.371737,-76.992042,5.91,356.3,1,11,0.8
2024-03-26T17:41:27Z,26.371875,-76.992053,6.03,356.4,1,11,0.8
2024-03-26T17:41:32Z,26.372017,-76.992067,6.05,354.8,1,11,0.8
2024-03-26T17:41:42Z,26.372293,-76.992110,5.86,351.5,1,11,0.8
2024-03-26T17:41:47Z,26.372430,-76.992138,5.48,347.9,1,11,0.8
2024-03-26T17:41:52Z,26.372565,-76.992180,5.82,345.0,1,11,0.8
2024-03-26T17:41:57Z,26.372702,-76.992228,6.32,343.9,1,11,0.8
2024-03-26T17:42:02Z,26.372848,-76.992275,6.27,346.1,1,11,0.8
2024-03-26T17:42:07Z,26.372988,-76.992318,6.20,344.0,1,11,0.8
2024-03-26T17:42:12Z,26.373125,-76.992365,6.04,344.7,1,11,0.8
2024-03-26T17:42:22Z,26.373402,-76.992458,6.49,345.9,1,11,0.8
2024-03-26T17:42:27Z,26.373545,-76.992497,6.31,346.2,1,11,0.8
2024-03-26T17:42:32Z,26.373685,-76.992528,6.05,348.0,1,11,0.8
2024-03-26T17:42:37Z,26.373828,-76.992565,6.33,346.3,1,11,0.8
2024-03-26T17:42:42Z,26.373973,-76.992595,6.32,350.8,1,11,0.8
2024-03-26T17:42:47Z,26.374120,-76.992623,6.19,352.0,1,11,0.8
2024-03-26T17:42:52Z,26.374263,-76.992650,6.23,350.3,1,11,0.8
2024-03-26T17:43:02Z,26.374550,-76.992710,6.18,347.1,1,11,0.8
2024-03-26T17:43:07Z,26.374695,-76.992745,6.10,346.5,1,11,0.8
2024-03-26T17:43:12Z,26.374840,-76.992783,6.59,348.8,1,11,0.8
2024-03-26T17:43:17Z,26.374983,-76.992815,6.28,349.0,1,11,0.8
2024-03-26T17:43:22Z,26.375128,-76.992852,6.26,348.6,1,11,0.8
2024-03-26T17:43:27Z,26.375270,-76.992885,6.14,348.1,1,11,0.8
2024-03-26T17:43:32Z,26.375412,-76.992928,6.08,343.4,1,11,0.8
2024-03-26T17:43:42Z,26.375697,-76.993007,6.19,344.8,1,11,0.8
2024-03-26T17:43:47Z,26.375837,-76.993047,6.26,345.1,1,11,0.8
2024-03-26T17:43:52Z,26.375980,-76.993088,6.24,346.9,1,11,0.8
2024-03-26T17:43:57Z,26.376120,-76.993132,6.13,346.0,1,11,0.8
2024-03-26T17:44:02Z,26.376262,-76.993165,6.20,351.1,1,11,0.8
2024-03-26T17:44:07Z,26.376403,-76.993198,6.33,345.8,1,11,0.8
2024-03-26T17:44:12Z,26.376548,-76.993233,6.42,346.9,1,11,0.8
2024-03-26T17:44:22Z,26.376833,-76.993308,5.89,345.1,1,11,0.8
2024-03-26T17:44:27Z,26.376972,-76.993357,6.15,342.2,1,11,0.8
2024-03-26T17:44:32Z,26.377115,-76.993407,6.03,344.1,1,11,0.8
2024-03-26T17:44:37Z,26.377255,-76.993448,6.64,345.5,1,10,0.9
2024-03-26T17:44:42Z,26.377400,-76.993475,5.97,354.1,1,11,0.8
2024-03-26T17:44:47Z,26.377543,-76.993483,6.21,356.1,1,11,0.8
2024-03-26T17:44:52Z,26.377688,-76.993483,6.14,2.8,1,11,0.8
2024-03-26T17:45:02Z,26.377973,-76.993453,5.94,4.3,1,11,0.8
2024-03-26T17:45:07Z,26.378118,-76.993448,6.09,1.4,1,11,0.8
2024-03-26T17:45:12Z,26.378258,-76.993447,6.25,359.1,1,11,0.8
2024-03-26T17:45:17Z,26.378397,-76.993443,6.32,1.5,1,11,0.8
2024-03-26T17:45:22Z,26.378537,-76.993437,5.99,3.6,1,11,0.8
2024-03-26T17:45:27Z,26.378677,-76.993427,6.04,5.8,1,11,0.8
2024-03-26T17:45:32Z,26.378822,-76.993413,6.25,3.1,1,11,0.8
2024-03-26T17:45:37Z,26.378958,-76.993393,5.95,8.4,1,11,0.8
2024-03-26T17:45:42Z,26.379100,-76.993377,5.91,7.4,1,11,0.8
2024-03-26T17:45:47Z,26.379238,-76.993358,6.25,5.8,1,11,0.8
2024-03-26T17:45:52Z,26.379382,-76.993348,6.17,4.9,1,11,0.8
2024-03-26T17:45:57Z,26.379522,-76.993337,6.03,6.7,1,11,0.8
2024-03-26T17:46:02Z,26.379663,-76.993318,5.90,7.1,1,11,0.8
2024-03-26T17:46:07Z,26.379800,-76.993293,5.88,12.9,1,11,0.8
2024-03-26T17:46:12Z,26.379935,-76.993263,5.47,8.2,1,11,0.8
2024-03-26T17:46:17Z,26.380068,-76.993237,6.01,10.4,1,11,0.8
2024-03-26T17:46:22Z,26.380202,-76.993212,5.66,14.4,1,11,0.8
2024-03-26T17:46:27Z,26.380335,-76.993190,5.93,9.6,1,11,0.8
2024-03-26T17:46:32Z,26.380468,-76.993165,5.65,10.8,1,11,0.8
2024-03-26T17:46:37Z,26.380600,-76.993137,5.78,11.1,1,11,0.8
2024-03-26T17:46:42Z,26.380735,-76.993102,5.93,14.2,1,11,0.8
2024-03-26T17:46:47Z,26.380865,-76.993070,5.64,17.2,1,11,0.8
2024-03-26T17:46:52Z,26.380997,-76.993023,5.86,23.1,1,11,0.8
2024-03-26T17:46:57Z,26.381127,-76.992968,5.90,19.6,1,11,0.8
2024-03-26T17:47:02Z,26.381252,-76.992922,5.97,21.9,1,11,0.8
2024-03-26T17:47:07Z,26.381380,-76.992868,5.29,18.5,1,11,0.8
2024-03-26T17:47:12Z,26.381505,-76.992817,5.72,21.4,1,11,0.8
2024-03-26T17:47:17Z,26.381630,-76.992753,5.33,17.0,1,11,0.8
2024-03-26T17:47:22Z,26.381753,-76.992700,5.62,20.5,1,11,0.8
2024-03-26T17:47:27Z,26.381880,-76.992648,5.67,19.7,1,11,0.8
2024-03-26T17:47:32Z,26.382007,-76.992597,5.94,23.2,1,11,0.8
2024-03-26T17:47:37Z,26.382138,-76.992535,5.82,21.6,1,11,0.8
2024-03-26T17:47:42Z,26.382263,-76.992487,5.79,21.4,1,11,0.8
2024-03-26T17:47:47Z,26.382393,-76.992432,5.89,24.0,1,11,0.8
2024-03-26T17:47:52Z,26.382523,-76.992380,5.36,16.7,1,11,0.8
2024-03-26T17:48:02Z,26.382785,-76.992270,5.26,17.3,1,11,0.8
2024-03-26T17:48:07Z,26.382915,-76.992218,6.43,26.8,1,11,0.8
2024-03-26T17:48:12Z,26.383043,-76.992167,5.99,22.4,1,11,0.8
2024-03-26T17:48:17Z,26.383173,-76.992113,6.10,21.9,1,11,0.8
2024-03-26T17:48:22Z,26.383302,-76.992065,6.03,23.5,1,11,0.8
2024-03-26T17:48:27Z,26.383432,-76.992010,6.02,19.4,1,11,0.8
2024-03-26T17:48:32Z,26.383558,-76.991960,6.00,21.8,1,11,0.8
2024-03-26T17:48:37Z,26.383688,-76.991898,6.16,24.7,1,11,0.8
2024-03-26T17:48:42Z,26.383812,-76.991843,5.18,23.0,1,11,0.8
2024-03-26T17:48:47Z,26.383938,-76.991783,6.10,24.1,1,11,0.8
2024-03-26T17:48:52Z,26.384068,-76.991723,5.58,21.2,1,11,0.8
2024-03-26T17:48:57Z,26.384195,-76.991660,6.66,30.3,1,11,0.8
2024-03-26T17:49:02Z,26.384325,-76.991612,5.28,20.6,1,11,0.8
2024-03-26T17:49:07Z,26.384452,-76.991557,6.27,25.0,1,11,0.8
2024-03-26T17:49:12Z,26.384585,-76.991502,5.25,16.6,1,11,0.8
2024-03-26T17:49:17Z,26.384708,-76.991452,5.84,24.0,1,10,0.9
2024-03-26T17:49:22Z,26.384840,-76.991387,6.22,25.1,1,11,0.8
2024-03-26T17:49:27Z,26.384965,-76.991328,5.67,22.1,1,11,0.8
2024-03-26T17:49:32Z,26.385095,-76.991272,6.01,21.1,1,11,0.8
2024-03-26T17:49:37Z,26.385228,-76.991212,6.13,21.4,1,11,0.8
2024-03-26T17:49:42Z,26.385357,-76.991160,6.10,24.7,1,11,0.8
2024-03-26T17:49:47Z,26.385492,-76.991092,5.94,18.0,1,11,0.8
2024-03-26T17:49:52Z,26.385618,-76.991045,5.59,16.9,1,11,0.8
2024-03-26T17:49:57Z,26.385752,-76.990985,6.49,24.6,1,11,0.8
2024-03-26T17:50:02Z,26.385882,-76.990932,5.70,18.8,1,11,0.8
2024-03-26T17:50:07Z,26.386012,-76.990872,6.05,23.6,1,11,0.8
2024-03-26T17:50:12Z,26.386142,-76.990815,6.28,25.3,1,11,0.8
2024-03-26T17:50:17Z,26.386275,-76.990752,5.97,21.7,1,11,0.8
2024-03-26T17:50:22Z,26.386410,-76.990693,5.89,18.8,1,11,0.8
2024-03-26T17:50:27Z,26.386545,-76.990637,6.50,22.7,1,11,0.8
2024-03-26T17:50:32Z,26.386680,-76.990590,5.30,15.1,1,10,0.9
2024-03-26T17:50:37Z,26.386810,-76.990543,5.89,20.7,1,11,0.8
2024-03-26T17:50:42Z,26.386940,-76.990485,5.48,21.7,1,11,0.8
2024-03-26T17:50:47Z,26.387068,-76.990432,5.79,23.4,1,11,0.8
2024-03-26T17:50:57Z,26.387333,-76.990307,6.11,22.5,1,10,0.9
2024-03-26T17:51:02Z,26.387463,-76.990248,5.68,22.7,1,11,0.8
2024-03-26T17:51:07Z,26.387595,-76.990193,6.24,18.7,1,11,0.8
2024-03-26T17:51:12Z,26.387728,-76.990142,5.78,15.2,1,10,0.8
2024-03-26T17:51:17Z,26.387860,-76.990088,6.03,19.9,1,11,0.8
2024-03-26T17:51:27Z,26.388113,-76.989995,6.63,23.1,1,11,0.8
2024-03-26T17:51:32Z,26.388250,-76.989937,6.15,21.8,1,10,0.9
2024-03-26T17:51:37Z,26.388383,-76.989887,5.69,16.0,1,11,0.8
2024-03-26T17:51:42Z,26.388517,-76.989830,6.74,27.6,1,11,0.8
2024-03-26T17:51:47Z,26.388650,-76.989767,5.82,22.1,1,11,0.8
2024-03-26T17:51:52Z,26.388777,-76.989722,5.46,17.8,1,11,0.8
2024-03-26T17:51:57Z,26.388908,-76.989670,5.83,18.3,1,10,0.9
2024-03-26T17:52:02Z,26.389038,-76.989627,4.96,3.2,1,11,0.8
2024-03-26T17:52:07Z,26.389172,-76.989577,6.69,24.2,1,11,0.8
2024-03-26T17:52:12Z,26.389302,-76.989523,5.87,23.3,1,11,0.8
2024-03-26T17:52:17Z,26.389428,-76.989465,6.29,30.0,1,11,0.8
2024-03-26T17:52:22Z,26.389558,-76.989400,5.23,7.8,1,11,0.8
2024-03-26T17:52:32Z,26.389818,-76.989290,5.68,18.4,1,11,0.8
2024-03-26T17:52:37Z,26.389945,-76.989245,6.13,25.3,1,11,0.8
2024-03-26T17:52:42Z,26.390075,-76.989167,6.44,25.4,1,11,0.8
2024-03-26T17:52:47Z,26.390205,-76.989103,5.50,18.4,1,11,0.8
2024-03-26T17:52:52Z,26.390335,-76.989057,5.58,18.5,1,11,0.8
2024-03-26T17:52:57Z,26.390465,-76.988993,5.88,23.0,1,11,0.8
2024-03-26T17:53:02Z,26.390593,-76.988947,5.68,21.7,1,11,0.8
2024-03-26T17:53:12Z,26.390860,-76.988835,6.30,24.1,1,11,0.8
2024-03-26T17:53:17Z,26.390990,-76.988767,5.88,19.9,1,11,0.8
2024-03-26T17:53:22Z,26.391122,-76.988712,5.80,21.6,1,11,0.8
2024-03-26T17:53:27Z,26.391253,-76.988657,6.03,21.8,1,11,0.8
2024-03-26T17:53:32Z,26.391387,-76.988597,6.26,24.6,1,11,0.8
2024-03-26T17:53:37Z,26.391523,-76.988538,5.96,20.1,1,11,0.8
2024-03-26T17:53:47Z,26.391785,-76.988405,6.51,29.1,1,11,0.8
2024-03-26T17:53:52Z,26.391913,-76.988350,6.26,14.8,1,9,0.9
2024-03-26T17:53:57Z,26.392048,-76.988312,6.47,26.3,1,11,0.8
2024-03-26T17:54:02Z,26.392182,-76.988242,6.40,24.5,1,11,0.8
2024-03-26T17:54:07Z,26.392307,-76.988195,5.69,16.6,1,11,0.8
2024-03-26T17:54:12Z,26.392440,-76.988145,6.14,24.2,1,11,0.8
2024-03-26T17:54:17Z,26.392568,-76.988085,6.51,27.8,1,11,0.8
2024-03-26T17:54:22Z,26.392702,-76.988035,6.30,22.0,1,11,0.8
2024-03-26T17:54:27Z,26.392833,-76.987965,5.67,28.4,1,11,0.8
2024-03-26T17:54:32Z,26.392963,-76.987908,5.97,20.4,1,11,0.8
2024-03-26T17:54:37Z,26.393093,-76.987857,6.32,26.5,1,11,0.8
2024-03-26T17:54:42Z,26.393228,-76.987805,6.09,7.9,1,11,0.8
2024-03-26T17:54:47Z,26.393362,-76.987743,6.41,27.0,1,11,0.8
2024-03-26T17:54:57Z,26.393630,-76.987672,5.09,4.8,1,11,0.8
2024-03-26T17:55:02Z,26.393768,-76.987640,6.10,18.8,1,11,0.8
2024-03-26T17:55:07Z,26.393908,-76.987620,5.61,357.9,1,11,0.8
2024-03-26T17:55:12Z,26.394055,-76.987627,6.36,0.8,1,11,0.8
2024-03-26T17:55:17Z,26.394197,-76.987617,6.12,352.4,1,10,0.9
2024-03-26T17:55:22Z,26.394343,-76.987633,6.67,344.1,1,11,0.8
2024-03-26T17:55:32Z,26.394640,-76.987663,6.18,359.7,1,11,0.8
2024-03-26T17:55:37Z,26.394792,-76.987667,6.58,0.6,1,11,0.8
2024-03-26T17:55:42Z,26.394942,-76.987680,6.37,354.6,1,11,0.8
2024-03-26T17:55:47Z,26.395090,-76.987687,6.33,0.4,1,11,0.8
2024-03-26T17:55:52Z,26.395235,-76.987702,6.21,359.1,1,11,0.8
2024-03-26T17:55:57Z,26.395383,-76.987733,6.47,345.2,1,11,0.8
2024-03-26T17:56:02Z,26.395533,-76.987768,6.69,352.2,1,11,0.8
2024-03-26T17:56:07Z,26.395683,-76.987798,6.32,346.2,1,11,0.8
2024-03-26T17:56:12Z,26.395822,-76.987818,5.98,350.0,1,11,0.8
2024-03-26T17:56:17Z,26.395970,-76.987853,6.32,352.1,1,11,0.8
2024-03-26T17:56:22Z,26.396113,-76.987887,6.36,349.6,1,11,0.8
2024-03-26T17:56:27Z,26.396253,-76.987932,6.42,345.2,1,11,0.8
2024-03-26T17:56:37Z,26.396557,-76.988007,6.71,347.5,1,11,0.8
2024-03-26T17:56:42Z,26.396697,-76.988035,6.48,344.6,1,11,0.8
2024-03-26T17:56:47Z,26.396842,-76.988080,5.70,348.1,1,11,0.8
2024-03-26T17:56:52Z,26.396985,-76.988113,6.63,348.5,1,11,0.8
2024-03-26T17:56:57Z,26.397140,-76.988142,6.87,352.9,1,11,0.8
2024-03-26T17:57:02Z,26.397287,-76.988168,6.11,355.1,1,11,0.8
2024-03-26T17:57:07Z,26.397432,-76.988182,6.85,351.3,1,11,0.8
2024-03-26T17:57:12Z,26.397582,-76.988197,6.07,356.9,1,11,0.8
2024-03-26T17:57:17Z,26.397732,-76.988200,6.69,353.3,1,11,0.8
2024-03-26T17:57:22Z,26.397877,-76.988215,6.56,354.4,1,11,0.8
2024-03-26T17:57:27Z,26.398032,-76.988225,5.94,359.1,1,10,0.8
2024-03-26T17:57:32Z,26.398177,-76.988223,6.02,357.3,1,11,0.8
2024-03-26T17:57:42Z,26.398478,-76.988238,5.90,359.4,1,10,0.9
2024-03-26T17:57:47Z,26.398620,-76.988258,6.67,349.1,1,11,0.8
2024-03-26T17:57:52Z,26.398770,-76.988277,6.35,356.2,1,11,0.8
2024-03-26T17:57:57Z,26.398932,-76.988288,7.11,1.1,1,11,0.8
2024-03-26T17:58:02Z,26.399080,-76.988290,6.18,1.5,1,11,0.8
2024-03-26T17:58:12Z,26.399387,-76.988302,5.90,358.2,1,10,0.9
2024-03-26T17:58:17Z,26.399528,-76.988302,6.84,2.9,1,11,0.8
2024-03-26T17:58:22Z,26.399678,-76.988298,5.65,2.8,1,11,0.8
2024-03-26T17:58:27Z,26.399802,-76.988295,4.73,359.7,1,11,0.8
2024-03-26T17:58:32Z,26.399917,-76.988290,4.58,6.0,1,11,0.8
2024-03-26T17:58:37Z,26.400020,-76.988273,4.05,24.4,1,11,0.8
2024-03-26T17:58:42Z,26.400102,-76.988227,3.61,49.2,1,11,0.8
2024-03-26T17:58:47Z,26.400155,-76.988162,3.44,51.9,1,11,0.8
2024-03-26T17:58:52Z,26.400183,-76.988093,3.13,72.8,1,11,0.8
2024-03-26T17:58:57Z,26.400200,-76.988030,2.74,78.8,1,10,0.9
2024-03-26T17:59:02Z,26.400192,-76.987963,2.55,109.0,1,10,0.9
2024-03-26T17:59:07Z,26.400173,-76.987898,2.56,119.7,1,11,0.8
2024-03-26T17:59:12Z,26.400152,-76.987858,1.69,127.8,1,11,0.8
2024-03-26T17:59:17Z,26.400120,-76.987827,1.49,138.6,1,11,0.8
2024-03-26T17:59:22Z,26.400097,-76.987805,1.17,146.8,1,11,0.8
2024-03-26T17:59:27Z,26.400080,-76.987793,0.82,138.8,1,10,0.9
2024-03-26T17:59:32Z,26.400067,-76.987790,0.95,159.1,1,10,0.9
2024-03-26T17:59:37Z,26.400050,-76.987795,0.61,207.5,1,11,0.8
2024-03-26T17:59:47Z,26.400002,-76.987807,1.54,201.0,1,11,0.8
2024-03-26T17:59:52Z,26.399968,-76.987815,1.85,181.8,1,11,0.8
2024-03-26T17:59:57Z,26.399918,-76.987815,2.10,192.4,1,11,0.8
2024-03-26T18:00:02Z,26.399873,-76.987818,1.28,166.4,1,11,0.8
2024-03-26T18:00:07Z,26.399865,-76.987807,0.32,261.8,1,11,0.8
2024-03-26T18:00:17Z,26.399868,-76.987818,0.55,232.0,1,10,0.9
2024-03-26T18:00:22Z,26.399872,-76.987842,0.43,276.7,1,11,0.8
2024-03-26T18:00:27Z,26.399873,-76.987857,0.53,274.3,1,11,0.8
2024-03-26T18:00:32Z,26.399887,-76.987875,1.37,334.6,1,11,0.8
2024-03-26T18:00:37Z,26.399910,-76.987900,1.00,291.6,1,11,0.8
2024-03-26T18:00:42Z,26.399933,-76.987923,1.29,312.5,1,11,0.8
2024-03-26T18:00:52Z,26.399980,-76.987960,1.15,329.5,1,11,0.8
2024-03-26T18:00:57Z,26.400007,-76.987973,1.21,313.9,1,11,0.8
2024-03-26T18:01:02Z,26.400017,-76.987980,0.25,334.9,1,11,0.8
2024-03-26T18:01:07Z,26.400032,-76.987987,0.52,336.1,1,11,0.8
2024-03-26T18:01:12Z,26.400043,-76.987990,0.34,352.2,1,11,0.8
2024-03-26T18:01:22Z,26.400053,-76.987988,0.58,17.1,1,11,0.8
2024-03-26T18:01:27Z,26.400060,-76.987990,0.24,50.4,1,11,0.8
2024-03-26T18:01:32Z,26.400053,-76.987992,0.50,319.4,1,11,0.8
2024-03-26T18:01:37Z,26.400057,-76.987988,0.30,291.2,1,10,0.9
2024-03-26T18:01:42Z,26.400053,-76.987998,0.54,296.0,1,10,0.9
2024-03-26T18:01:47Z,26.400062,-76.988007,0.35,308.6,1,11,0.8
2024-03-26T18:01:57Z,26.400057,-76.988035,0.68,270.7,1,11,0.8
2024-03-26T18:02:02Z,26.400057,-76.988048,0.65,285.4,1,11,0.8
2024-03-26T18:02:07Z,26.400063,-76.988065,0.43,243.8,1,11,0.8
2024-03-26T18:02:12Z,26.400063,-76.988073,0.56,263.7,1,11,0.8
2024-03-26T18:02:17Z,26.400075,-76.988078,0.62,283.5,1,10,1.0
2024-03-26T18:02:22Z,26.400072,-76.988082,0.78,182.6,1,10,1.0
2024-03-26T18:02:27Z,26.400062,-76.988090,0.51,277.5,1,10,1.0
2024-03-26T18:02:32Z,26.400057,-76.988093,0.28,188.0,1,10,1.0
2024-03-26T18:02:37Z,26.400052,-76.988092,0.48,181.2,1,10,1.0
2024-03-26T18:02:42Z,26.400045,-76.988100,0.78,195.9,1,10,1.0
2024-03-26T18:02:47Z,26.400032,-76.988110,0.54,276.3,1,10,1.0
2024-03-26T18:02:52Z,26.400030,-76.988125,1.18,182.0,1,10,1.0
2024-03-26T18:02:57Z,26.400027,-76.988128,0.29,216.0,1,10,1.0
2024-03-26T18:03:02Z,26.400023,-76.988130,0.61,123.7,1,10,1.0
2024-03-26T18:03:07Z,26.400023,-76.988142,0.29,261.0,1,10,1.0
2024-03-26T18:03:12Z,26.400022,-76.988148,0.26,187.0,1,10,1.0
2024-03-26T18:03:17Z,26.400018,-76.988153,0.25,215.4,1,10,1.0
2024-03-26T18:03:22Z,26.400012,-76.988162,0.30,158.6,1,10,1.0
2024-03-26T18:03:27Z,26.400013,-76.988165,0.23,106.7,1,10,1.0
2024-03-26T18:03:37Z,26.400015,-76.988167,0.50,261.0,1,10,1.0
2024-03-26T18:03:42Z,26.400020,-76.988175,0.44,332.6,1,10,1.0
2024-03-26T18:03:47Z,26.400010,-76.988172,0.42,152.6,1,10,1.0
2024-03-26T18:03:52Z,26.400005,-76.988173,0.47,197.0,1,10,1.0
2024-03-26T18:03:57Z,26.400002,-76.988180,0.23,177.1,1,10,1.0
2024-03-26T18:04:02Z,26.400002,-76.988188,0.59,199.9,1,10,1.0
2024-03-26T18:04:07Z,26.399998,-76.988205,0.66,223.3,1,10,1.0
2024-03-26T18:04:12Z,26.399993,-76.988218,0.78,286.5,1,10,1.0
2024-03-26T18:04:17Z,26.399997,-76.988230,0.17,129.1,1,10,1.0
2024-03-26T18:04:22Z,26.399993,-76.988230,0.30,333.6,1,10,1.0
2024-03-26T18:04:27Z,26.399993,-76.988237,0.27,294.3,1,10,1.0
2024-03-26T18:04:32Z,26.399992,-76.988245,0.38,214.6,1,10,1.0
2024-03-26T18:04:37Z,26.399987,-76.988257,0.23,211.6,1,10,1.0
2024-03-26T18:04:42Z,26.399988,-76.988265,0.51,194.2,1,10,1.0
2024-03-26T18:04:47Z,26.399983,-76.988270,0.56,297.9,1,10,1.0
2024-03-26T18:04:52Z,26.399990,-76.988280,0.15,355.7,1,10,1.0
2024-03-26T18:04:57Z,26.399988,-76.988280,0.44,266.7,1,10,1.0
2024-03-26T18:05:02Z,26.399992,-76.988278,0.53,132.6,1,9,1.2
2024-03-26T18:05:12Z,26.399985,-76.988275,0.29,254.3,1,10,1.0
2024-03-26T18:05:17Z,26.399987,-76.988278,0.38,186.8,1,10,1.0
2024-03-26T18:05:22Z,26.399980,-76.988277,0.10,29.7,1,10,1.0
2024-03-26T18:05:27Z,26.399978,-76.988275,1.13,151.3,1,10,1.0
2024-03-26T18:05:32Z,26.399970,-76.988270,0.18,221.7,1,10,1.0
2024-03-26T18:05:42Z,26.399958,-76.988272,0.47,188.9,1,10,1.0
2024-03-26T18:05:47Z,26.399948,-76.988275,0.05,175.6,1,10,1.0
2024-03-26T18:05:52Z,26.399943,-76.988280,0.12,196.7,1,9,1.2
2024-03-26T18:05:57Z,26.399943,-76.988285,0.25,130.3,1,10,1.0
2024-03-26T18:06:02Z,26.399940,-76.988280,0.18,109.2,1,10,1.0
2024-03-26T18:06:12Z,26.399947,-76.988283,0.30,222.4,1,9,1.0
2024-03-26T18:06:17Z,26.399943,-76.988275,0.21,44.4,1,10,1.0
2024-03-26T18:06:22Z,26.399947,-76.988278,0.74,345.6,1,10,1.0
2024-03-26T18:06:27Z,26.399947,-76.988285,0.17,209.5,1,10,1.0
2024-03-26T18:06:32Z,26.399947,-76.988290,0.34,160.4,1,10,1.0
2024-03-26T18:06:37Z,26.399945,-76.988295,0.07,169.5,1,10,1.0
2024-03-26T18:06:42Z,26.399938,-76.988293,0.15,136.7,1,10,1.0
2024-03-26T18:06:47Z,26.399945,-76.988290,0.56,55.8,1,10,1.0
2024-03-26T18:06:52Z,26.399952,-76.988283,0.20,58.2,1,10,1.0
2024-03-26T18:06:57Z,26.399952,-76.988288,0.73,88.5,1,10,1.0
2024-03-26T18:07:02Z,26.399962,-76.988290,0.99,347.4,1,10,1.0
2024-03-26T18:07:12Z,26.399963,-76.988292,0.52,179.1,1,10,1.0
2024-03-26T18:07:17Z,26.399968,-76.988287,0.17,227.8,1,10,1.0
2024-03-26T18:07:22Z,26.399960,-76.988293,0.73,188.9,1,10,1.0
2024-03-26T18:07:27Z,26.399948,-76.988293,0.63,135.6,1,10,1.0
2024-03-26T18:07:32Z,26.399955,-76.988293,0.58,180.9,1,10,1.0
2024-03-26T18:07:37Z,26.399955,-76.988292,0.16,185.3,1,10,1.0
2024-03-26T18:07:42Z,26.399958,-76.988297,0.18,218.2,1,10,1.0
2024-03-26T18:07:47Z,26.399952,-76.988295,0.24,312.4,1,10,1.0
2024-03-26T18:07:52Z,26.399955,-76.988293,0.27,133.5,1,10,1.0
2024-03-26T18:07:57Z,26.399953,-76.988293,0.11,160.6,1,10,1.0
2024-03-26T18:08:02Z,26.399942,-76.988297,0.48,144.9,1,10,1.0
2024-03-26T18:08:07Z,26.399943,-76.988300,0.49,331.6,1,10,1.0
2024-03-26T18:08:12Z,26.399947,-76.988302,0.49,36.2,1,10,1.0
2024-03-26T18:08:17Z,26.399953,-76.988300,0.49,110.4,1,10,1.0
2024-03-26T18:08:22Z,26.399958,-76.988308,0.63,5.0,1,10,1.0
2024-03-26T18:08:27Z,26.399957,-76.988305,0.29,42.7,1,10,1.0
2024-03-26T18:08:32Z,26.399963,-76.988298,0.41,40.9,1,10,1.0
2024-03-26T18:08:42Z,26.399972,-76.988297,0.56,356.9,1,10,1.0
2024-03-26T18:08:47Z,26.399977,-76.988295,0.26,101.0,1,10,1.0
2024-03-26T18:08:52Z,26.399982,-76.988295,0.02,82.6,1,10,1.0
2024-03-26T18:08:57Z,26.399982,-76.988295,0.54,94.8,1,10,1.0
2024-03-26T18:09:02Z,26.399990,-76.988288,0.29,26.4,1,10,1.0
2024-03-26T18:09:07Z,26.399988,-76.988285,0.23,190.4,1,10,1.0
2024-03-26T18:09:17Z,26.400003,-76.988278,0.10,252.2,1,10,1.0
2024-03-26T18:09:22Z,26.400012,-76.988283,0.16,298.5,1,10,1.0
2024-03-26T18:09:27Z,26.400012,-76.988280,0.32,123.2,1,10,1.0
2024-03-26T18:09:32Z,26.400012,-76.988277,0.44,56.4,1,10,1.0
2024-03-26T18:09:37Z,26.400012,-76.988273,0.66,177.0,1,10,1.0
2024-03-26T18:09:47Z,26.400003,-76.988267,0.26,286.7,1,10,1.0
2024-03-26T18:09:52Z,26.400002,-76.988265,0.21,148.7,1,10,1.0
2024-03-26T18:09:57Z,26.399997,-76.988265,0.92,174.5,1,10,1.0
2024-03-26T18:10:02Z,26.399992,-76.988262,0.22,196.7,1,10,1.0
2024-03-26T18:10:07Z,26.399990,-76.988260,0.21,346.9,1,10,1.0
2024-03-26T18:10:12Z,26.399993,-76.988265,0.14,30.4,1,10,1.0
2024-03-26T18:10:17Z,26.399992,-76.988268,0.13,236.7,1,10,1.0
2024-03-26T18:10:22Z,26.399998,-76.988270,0.51,351.7,1,10,1.0
2024-03-26T18:10:27Z,26.400003,-76.988268,0.36,63.5,1,10,1.0
2024-03-26T18:10:32Z,26.400005,-76.988260,0.30,222.8,1,10,1.0
2024-03-26T18:10:37Z,26.400007,-76.988258,0.26,180.1,1,10,1.0
2024-03-26T18:10:42Z,26.400007,-76.988260,0.21,163.1,1,10,1.0
2024-03-26T18:10:47Z,26.400008,-76.988265,0.45,28.1,1,10,1.0
2024-03-26T18:10:52Z,26.400012,-76.988260,0.37,99.5,1,10,1.0
2024-03-26T18:10:57Z,26.400012,-76.988257,0.08,153.1,1,10,1.0
2024-03-26T18:11:02Z,26.400015,-76.988255,0.29,31.9,1,10,1.0
2024-03-26T18:11:07Z,26.400022,-76.988257,0.81,348.8,1,10,1.0
2024-03-26T18:11:17Z,26.400032,-76.988262,0.07,71.4,1,10,1.0
2024-03-26T18:11:22Z,26.400033,-76.988265,0.14,239.7,1,10,1.0
2024-03-26T18:11:27Z,26.400032,-76.988275,1.06,166.6,1,10,1.0
2024-03-26T18:11:32Z,26.400020,-76.988275,0.08,105.5,1,10,1.0
2024-03-26T18:11:37Z,26.400020,-76.988263,0.37,105.4,1,10,1.0
2024-03-26T18:11:42Z,26.400013,-76.988257,0.26,84.4,1,10,1.0
2024-03-26T18:11:52Z,26.400007,-76.988258,0.16,295.7,1,10,1.0
2024-03-26T18:11:57Z,26.400003,-76.988260,0.32,160.9,1,10,1.0
2024-03-26T18:12:02Z,26.400002,-76.988265,0.06,341.1,1,10,1.0
2024-03-26T18:12:07Z,26.400008,-76.988265,0.56,189.4,1,10,1.0
2024-03-26T18:12:12Z,26.400005,-76.988267,0.20,248.7,1,10,1.0
2024-03-26T18:12:22Z,26.399998,-76.988257,0.40,86.3,1,10,1.0
2024-03-26T18:12:27Z,26.399998,-76.988253,0.08,21.7,1,9,1.0
2024-03-26T18:12:32Z,26.399993,-76.988248,0.62,187.4,1,10,1.0
2024-03-26T18:12:37Z,26.399992,-76.988245,0.14,192.0,1,10,1.0
2024-03-26T18:12:42Z,26.399990,-76.988250,0.45,184.4,1,10,1.0
2024-03-26T18:12:52Z,26.399985,-76.988253,0.57,193.9,1,10,1.0
2024-03-26T18:12:57Z,26.399985,-76.988257,0.37,133.0,1,10,1.0
2024-03-26T18:13:02Z,26.399982,-76.988255,0.45,293.7,1,10,1.0
2024-03-26T18:13:07Z,26.399983,-76.988258,0.26,203.0,1,10,1.0
2024-03-26T18:13:12Z,26.399987,-76.988260,0.28,155.2,1,10,1.0
2024-03-26T18:13:17Z,26.399987,-76.988258,0.28,312.8,1,10,1.0
2024-03-26T18:13:22Z,26.399987,-76.988265,0.54,167.6,1,10,1.0
2024-03-26T18:13:27Z,26.399985,-76.988270,0.48,196.5,1,10,1.0
2024-03-26T18:13:32Z,26.399982,-76.988273,0.42,150.1,1,10,1.0
2024-03-26T18:13:37Z,26.399980,-76.988278,0.19,85.0,1,10,1.0
2024-03-26T18:13:42Z,26.399977,-76.988280,0.29,328.2,1,10,1.0
2024-03-26T18:13:47Z,26.399980,-76.988282,0.27,143.6,1,10,1.0
2024-03-26T18:13:52Z,26.399985,-76.988282,0.51,63.0,1,10,1.0
2024-03-26T18:14:02Z,26.399987,-76.988282,0.48,91.4,1,10,1.0
2024-03-26T18:14:07Z,26.399988,-76.988277,0.43,117.4,1,10,1.0
2024-03-26T18:14:12Z,26.399993,-76.988282,0.23,50.4,1,10,1.0
2024-03-26T18:14:17Z,26.399985,-76.988277,0.02,133.8,1,10,1.0
2024-03-26T18:14:22Z,26.399983,-76.988272,0.11,329.9,1,10,1.0
2024-03-26T18:14:27Z,26.399987,-76.988275,0.09,164.9,1,10,1.0
2024-03-26T18:14:32Z,26.399990,-76.988278,0.17,38.2,1,10,1.0
2024-03-26T18:14:37Z,26.399993,-76.988278,0.30,20.6,1,10,1.0
2024-03-26T18:14:42Z,26.400003,-76.988277,0.15,77.7,1,10,1.0
2024-03-26T18:14:47Z,26.400003,-76.988277,0.27,282.8,1,10,1.0
2024-03-26T18:14:52Z,26.400005,-76.988280,0.08,115.0,1,10,1.0
2024-03-26T18:14:57Z,26.400003,-76.988283,0.41,162.7,1,10,1.0
2024-03-26T18:15:07Z,26.400008,-76.988272,0.08,89.5,1,10,1.0
2024-03-26T18:15:12Z,26.400012,-76.988270,0.23,273.0,1,10,1.0
2024-03-26T18:15:17Z,26.400015,-76.988275,0.25,1.9,1,10,1.0
2024-03-26T18:15:22Z,26.400020,-76.988268,0.56,71.3,1,10,1.0
2024-03-26T18:15:27Z,26.400022,-76.988262,0.61,12.4,1,10,1.0
2024-03-26T18:15:32Z,26.400030,-76.988253,0.51,97.6,1,10,1.0
2024-03-26T18:15:42Z,26.400022,-76.988250,0.55,79.3,1,10,1.0
2024-03-26T18:15:47Z,26.400025,-76.988252,0.32,153.5,1,10,1.0
2024-03-26T18:15:52Z,26.400018,-76.988245,0.18,140.7,1,10,1.0
2024-03-26T18:15:57Z,26.400012,-76.988247,0.37,212.6,1,10,1.0
2024-03-26T18:16:02Z,26.400008,-76.988253,0.11,148.7,1,10,1.0
2024-03-26T18:16:07Z,26.400007,-76.988253,0.20,289.9,1,10,1.0
2024-03-26T18:16:17Z,26.400002,-76.988248,0.24,226.2,1,10,1.0
2024-03-26T18:16:22Z,26.399997,-76.988245,0.30,68.3,1,10,1.0
2024-03-26T18:16:27Z,26.399993,-76.988243,0.43,169.2,1,10,1.0
2024-03-26T18:16:32Z,26.399992,-76.988252,0.49,256.0,1,10,1.0
2024-03-26T18:16:37Z,26.399992,-76.988253,0.48,205.1,1,10,1.0
2024-03-26T18:16:42Z,26.399990,-76.988255,0.38,185.3,1,10,1.0
2024-03-26T18:16:47Z,26.399985,-76.988252,0.32,137.8,1,10,1.0
2024-03-26T18:16:57Z,26.399975,-76.988253,0.61,154.4,1,10,1.0
2024-03-26T18:17:02Z,26.399968,-76.988253,0.52,164.9,1,10,1.0
2024-03-26T18:17:07Z,26.399960,-76.988257,0.13,210.0,1,10,1.0
2024-03-26T18:17:12Z,26.399953,-76.988258,0.07,193.9,1,10,1.0
2024-03-26T18:17:17Z,26.399955,-76.988260,0.25,166.0,1,10,1.0
2024-03-26T18:17:22Z,26.399958,-76.988263,0.27,309.0,1,10,1.0
2024-03-26T18:17:32Z,26.399962,-76.988253,0.20,245.3,1,10,1.0
2024-03-26T18:17:37Z,26.399958,-76.988265,0.22,179.2,1,10,1.0
2024-03-26T18:17:42Z,26.399955,-76.988277,0.46,255.0,1,10,1.0
2024-03-26T18:17:47Z,26.399955,-76.988278,0.41,12.0,1,10,1.0
2024-03-26T18:17:52Z,26.399962,-76.988285,0.26,234.1,1,10,1.0
2024-03-26T18:17:57Z,26.399965,-76.988292,0.11,340.9,1,10,1.0
2024-03-26T18:18:07Z,26.399968,-76.988293,0.18,36.4,1,10,1.0
2024-03-26T18:18:12Z,26.399973,-76.988293,0.20,356.6,1,10,1.0
2024-03-26T18:18:17Z,26.399980,-76.988293,0.32,107.4,1,10,1.0
2024-03-26T18:18:22Z,26.399985,-76.988297,0.36,324.8,1,10,1.0
2024-03-26T18:18:27Z,26.399992,-76.988292,0.30,24.6,1,10,1.0
2024-03-26T18:18:32Z,26.400000,-76.988290,0.41,332.1,1,10,1.0
2024-03-26T18:18:42Z,26.400005,-76.988285,0.50,127.2,1,10,1.0
2024-03-26T18:18:47Z,26.400007,-76.988283,0.26,258.9,1,10,1.0
2024-03-26T18:18:52Z,26.400007,-76.988282,0.29,67.0,1,10,1.0
2024-03-26T18:18:57Z,26.400008,-76.988278,0.33,356.0,1,10,1.0
2024-03-26T18:19:02Z,26.400005,-76.988273,0.05,117.7,1,10,1.0
2024-03-26T18:19:07Z,26.400000,-76.988272,0.12,167.6,1,9,1.0
2024-03-26T18:19:17Z,26.400012,-76.988262,0.18,63.0,1,10,1.0
2024-03-26T18:19:22Z,26.400015,-76.988260,0.44,317.5,1,10,1.0
2024-03-26T18:19:27Z,26.400013,-76.988262,0.29,241.7,1,10,1.0
2024-03-26T18:19:32Z,26.400015,-76.988260,0.19,169.7,1,10,1.0
2024-03-26T18:19:37Z,26.400008,-76.988263,0.13,234.1,1,10,1.0
2024-03-26T18:19:42Z,26.400000,-76.988258,0.60,148.2,1,10,1.0
2024-03-26T18:19:47Z,26.399997,-76.988258,0.26,153.6,1,10,1.0
2024-03-26T18:19:52Z,26.399990,-76.988258,0.37,200.7,1,10,1.0
2024-03-26T18:19:57Z,26.399985,-76.988258,0.66,156.0,1,10,1.0
2024-03-26T18:20:02Z,26.399977,-76.988253,0.62,161.4,1,10,1.0
2024-03-26T18:20:07Z,26.399972,-76.988245,0.40,148.6,1,10,1.0
2024-03-26T18:20:12Z,26.399965,-76.988245,0.67,170.1,1,10,1.0
2024-03-26T18:20:17Z,26.399952,-76.988252,0.38,197.1,1,10,1.0
2024-03-26T18:20:22Z,26.399948,-76.988252,0.24,197.9,1,10,1.0
2024-03-26T18:20:27Z,26.399942,-76.988253,0.27,298.4,1,10,1.0
2024-03-26T18:20:32Z,26.399942,-76.988255,0.30,162.0,1,10,1.0
2024-03-26T18:20:37Z,26.399940,-76.988255,0.19,170.2,1,10,1.0
2024-03-26T18:20:42Z,26.399940,-76.988252,0.10,332.1,1,10,1.0
2024-03-26T18:20:47Z,26.399932,-76.988250,0.36,156.0,1,10,1.0
2024-03-26T18:20:52Z,26.399927,-76.988248,0.13,198.7,1,10,1.0
2024-03-26T18:20:57Z,26.399927,-76.988245,0.10,167.4,1,10,1.0
2024-03-26T18:21:02Z,26.399927,-76.988250,0.17,36.7,1,10,1.0
2024-03-26T18:21:07Z,26.399923,-76.988255,0.34,323.3,1,10,1.0
2024-03-26T18:21:12Z,26.399922,-76.988255,0.25,164.4,1,10,1.0
2024-03-26T18:21:17Z,26.399928,-76.988262,0.36,323.6,1,10,1.0
2024-03-26T18:21:22Z,26.399925,-76.988267,0.07,17.1,1,10,1.0
2024-03-26T18:21:27Z,26.399923,-76.988268,0.12,117.5,1,10,1.0
2024-03-26T18:21:37Z,26.399928,-76.988277,0.72,352.3,1,10,1.0
2024-03-26T18:21:42Z,26.399930,-76.988280,0.58,123.8,1,10,1.0
2024-03-26T18:21:47Z,26.399928,-76.988282,0.20,345.6,1,10,1.0
2024-03-26T18:21:52Z,26.399928,-76.988283,0.09,3.1,1,10,1.0
2024-03-26T18:21:57Z,26.399937,-76.988293,0.51,331.6,1,10,1.0
2024-03-26T18:22:02Z,26.399947,-76.988297,0.46,120.1,1,10,1.0
2024-03-26T18:22:12Z,26.399955,-76.988302,0.05,39.6,1,10,1.0
2024-03-26T18:22:17Z,26.399963,-76.988307,0.16,73.7,1,10,1.0
2024-03-26T18:22:22Z,26.399962,-76.988307,0.17,159.7,1,10,1.0
2024-03-26T18:22:27Z,26.399968,-76.988302,0.42,133.3,1,10,1.0
2024-03-26T18:22:32Z,26.399967,-76.988297,0.40,19.3,1,10,1.0
2024-03-26T18:22:37Z,26.399975,-76.988290,0.37,75.0,1,10,1.0
2024-03-26T18:22:42Z,26.399980,-76.988285,0.28,13.6,1,9,1.0
2024-03-26T18:22:47Z,26.399985,-76.988280,0.60,32.5,1,10,1.0
2024-03-26T18:22:52Z,26.399992,-76.988275,0.49,117.2,1,10,1.0
2024-03-26T18:22:57Z,26.399995,-76.988273,0.33,5.7,1,10,1.0
2024-03-26T18:23:02Z,26.399998,-76.988268,0.69,347.1,1,10,1.0
2024-03-26T18:23:07Z,26.400008,-76.988265,0.25,139.0,1,10,1.0
2024-03-26T18:23:12Z,26.400010,-76.988267,0.25,96.3,1,10,1.0
2024-03-26T18:23:17Z,26.400017,-76.988270,0.58,79.5,1,10,1.0
2024-03-26T18:23:22Z,26.400015,-76.988265,0.37,119.5,1,10,1.0
2024-03-26T18:23:27Z,26.400010,-76.988257,0.79,162.8,1,10,1.0
2024-03-26T18:23:32Z,26.400013,-76.988245,0.14,182.9,1,10,1.0
2024-03-26T18:23:37Z,26.400002,-76.988243,0.91,163.6,1,10,1.0
2024-03-26T18:23:42Z,26.400000,-76.988243,0.45,158.9,1,10,1.0
2024-03-26T18:23:47Z,26.400000,-76.988243,0.30,252.3,1,10,1.0
2024-03-26T18:23:52Z,26.399998,-76.988248,0.31,341.2,1,10,1.0
2024-03-26T18:23:57Z,26.399998,-76.988250,0.24,16.5,1,10,1.0
2024-03-26T18:24:02Z,26.400000,-76.988250,0.38,143.9,1,10,1.0
2024-03-26T18:24:07Z,26.400000,-76.988257,0.30,313.8,1,10,1.0
2024-03-26T18:24:12Z,26.400000,-76.988257,0.20,90.1,1,10,1.0
2024-03-26T18:24:17Z,26.400003,-76.988257,0.17,69.5,1,10,1.0
2024-03-26T18:24:22Z,26.400003,-76.988253,0.55,164.9,1,10,1.0
2024-03-26T18:24:32Z,26.399990,-76.988250,0.61,172.8,1,9,1.1
2024-03-26T18:24:37Z,26.399985,-76.988253,0.13,183.2,1,9,1.1
2024-03-26T18:24:42Z,26.399982,-76.988255,0.59,155.5,1,9,1.1
2024-03-26T18:24:47Z,26.399972,-76.988253,0.54,191.3,1,9,1.1
2024-03-26T18:24:52Z,26.399970,-76.988253,0.49,140.1,1,9,1.1
2024-03-26T18:24:57Z,26.399962,-76.988245,0.07,231.7,1,9,1.1
2024-03-26T18:25:07Z,26.399958,-76.988250,0.15,340.0,1,9,1.1
2024-03-26T18:25:12Z,26.399962,-76.988257,0.26,138.8,1,9,1.1
2024-03-26T18:25:17Z,26.399958,-76.988260,0.15,213.1,1,9,1.1
2024-03-26T18:25:22Z,26.399952,-76.988263,0.20,289.9,1,9,1.1
2024-03-26T18:25:27Z,26.399953,-76.988263,0.05,358.7,1,9,1.1
2024-03-26T18:25:32Z,26.399953,-76.988268,0.35,139.3,1,9,1.1
2024-03-26T18:25:42Z,26.399953,-76.988260,0.53,189.7,1,9,1.1
2024-03-26T18:25:47Z,26.399953,-76.988263,0.46,96.7,1,9,1.1
2024-03-26T18:25:52Z,26.399957,-76.988263,0.38,6.8,1,9,1.1
2024-03-26T18:25:57Z,26.399953,-76.988270,0.46,32.9,1,9,1.1
2024-03-26T18:26:02Z,26.399952,-76.988275,0.26,76.0,1,9,1.1
2024-03-26T18:26:07Z,26.399958,-76.988283,0.77,279.7,1,9,1.1
2024-03-26T18:26:17Z,26.399952,-76.988283,0.08,250.0,1,9,1.1
2024-03-26T18:26:22Z,26.399955,-76.988290,0.32,304.5,1,9,1.1
2024-03-26T18:26:27Z,26.399953,-76.988285,0.59,155.9,1,9,1.1
2024-03-26T18:26:32Z,26.399960,-76.988278,0.47,119.1,1,9,1.1
2024-03-26T18:26:37Z,26.399960,-76.988273,0.20,167.4,1,9,1.1
2024-03-26T18:26:42Z,26.399965,-76.988273,0.55,91.8,1,9,1.1
2024-03-26T18:26:52Z,26.399970,-76.988267,0.32,158.1,1,9,1.1
2024-03-26T18:26:57Z,26.399975,-76.988268,0.55,17.7,1,9,1.1
2024-03-26T18:27:02Z,26.399983,-76.988268,0.35,350.6,1,9,1.1
2024-03-26T18:27:07Z,26.399983,-76.988268,0.20,137.9,1,9,1.1
2024-03-26T18:27:12Z,26.399985,-76.988273,0.62,261.7,1,9,1.1
2024-03-26T18:27:17Z,26.399985,-76.988275,0.37,7.4,1,9,1.1
2024-03-26T18:27:27Z,26.399990,-76.988280,0.37,25.8,1,9,1.1
2024-03-26T18:27:32Z,26.399985,-76.988278,0.20,100.6,1,9,1.1
2024-03-26T18:27:37Z,26.399978,-76.988273,0.11,168.6,1,9,1.1
2024-03-26T18:27:42Z,26.399977,-76.988273,0.43,158.1,1,9,1.1
2024-03-26T18:27:47Z,26.399972,-76.988270,0.14,113.3,1,9,1.1
2024-03-26T18:27:52Z,26.399972,-76.988260,0.49,147.6,1,9,1.1
2024-03-26T18:28:02Z,26.399960,-76.988247,0.22,346.1,1,9,1.1
2024-03-26T18:28:07Z,26.399955,-76.988243,0.15,43.0,1,9,1.1
2024-03-26T18:28:12Z,26.399955,-76.988242,0.65,165.6,1,9,1.1
2024-03-26T18:28:17Z,26.399948,-76.988242,0.42,157.6,1,9,1.1
2024-03-26T18:28:22Z,26.399950,-76.988242,0.26,67.7,1,9,1.1
2024-03-26T18:28:27Z,26.399950,-76.988242,0.20,267.5,1,9,1.1
2024-03-26T18:28:37Z,26.399957,-76.988247,0.38,16.1,1,9,1.1
2024-03-26T18:28:42Z,26.399962,-76.988257,0.40,310.6,1,10,1.0
2024-03-26T18:28:47Z,26.399965,-76.988267,0.20,194.4,1,9,1.1
2024-03-26T18:28:52Z,26.399978,-76.988270,0.41,3.3,1,10,1.0
2024-03-26T18:28:57Z,26.399983,-76.988280,0.24,336.9,1,10,1.0
2024-03-26T18:29:02Z,26.399987,-76.988282,0.11,346.5,1,10,1.0
2024-03-26T18:29:07Z,26.399997,-76.988275,0.10,69.8,1,10,1.0
2024-03-26T18:29:12Z,26.399992,-76.988275,0.43,103.0,1,10,1.0
2024-03-26T18:29:17Z,26.399997,-76.988272,0.92,32.1,1,10,1.0
2024-03-26T18:29:22Z,26.399998,-76.988265,0.27,120.1,1,10,1.0
2024-03-26T18:29:27Z,26.400002,-76.988265,0.61,97.1,1,10,1.0
2024-03-26T18:29:32Z,26.400000,-76.988258,0.48,131.8,1,10,1.0
2024-03-26T18:29:37Z,26.400002,-76.988258,0.58,13.4,1,10,1.0
2024-03-26T18:29:47Z,26.400015,-76.988265,0.19,234.2,1,10,1.0
2024-03-26T18:29:52Z,26.400023,-76.988268,0.24,358.6,1,9,1.0
2024-03-26T18:29:57Z,26.400033,-76.988272,0.42,325.6,1,10,1.0
2024-03-26T18:30:02Z,26.400032,-76.988270,0.40,7.2,1,10,1.0
2024-03-26T18:30:07Z,26.400032,-76.988272,0.36,23.9,1,10,1.0
2024-03-26T18:30:12Z,26.400035,-76.988270,0.53,170.1,1,10,1.0
2024-03-26T18:30:22Z,26.400032,-76.988258,0.56,111.3,1,10,1.0
2024-03-26T18:30:27Z,26.400030,-76.988257,0.38,155.3,1,10,1.0
2024-03-26T18:30:32Z,26.400032,-76.988250,0.10,314.3,1,10,1.0
2024-03-26T18:30:37Z,26.400035,-76.988252,0.11,107.1,1,10,1.0
2024-03-26T18:30:42Z,26.400035,-76.988242,0.50,117.2,1,10,1.0
2024-03-26T18:30:47Z,26.400035,-76.988233,0.17,15.3,1,9,1.0
2024-03-26T18:30:52Z,26.400033,-76.988233,0.26,181.1,1,10,1.0
2024-03-26T18:30:57Z,26.400035,-76.988228,0.26,123.7,1,10,1.0
2024-03-26T18:31:02Z,26.400032,-76.988230,0.38,78.8,1,10,1.0
2024-03-26T18:31:07Z,26.400032,-76.988233,0.11,260.0,1,10,1.0
2024-03-26T18:31:12Z,26.400033,-76.988237,0.12,135.5,1,10,1.0
2024-03-26T18:31:17Z,26.400028,-76.988233,0.76,153.2,1,10,1.0
2024-03-26T18:31:22Z,26.400027,-76.988235,0.03,92.6,1,10,1.0
2024-03-26T18:31:27Z,26.400030,-76.988230,0.39,129.8,1,10,1.0
2024-03-26T18:31:32Z,26.400037,-76.988228,0.22,25.9,1,10,1.0
2024-03-26T18:31:37Z,26.400035,-76.988222,0.20,77.0,1,10,1.0
2024-03-26T18:31:42Z,26.400040,-76.988222,0.18,111.9,1,10,1.0
2024-03-26T18:31:47Z,26.400038,-76.988215,0.12,8.5,1,10,1.0
2024-03-26T18:31:52Z,26.400038,-76.988222,0.40,238.9,1,10,1.0
2024-03-26T18:31:57Z,26.400037,-76.988220,0.44,226.9,1,10,1.0
2024-03-26T18:32:02Z,26.400033,-76.988220,0.28,196.8,1,10,1.0
2024-03-26T18:32:07Z,26.400027,-76.988227,0.40,175.0,1,10,1.0
2024-03-26T18:32:12Z,26.400015,-76.988227,0.21,149.9,1,10,1.0
2024-03-26T18:32:17Z,26.400012,-76.988230,0.29,118.2,1,10,1.0
2024-03-26T18:32:22Z,26.400013,-76.988232,0.43,125.8,1,10,1.0
2024-03-26T18:32:27Z,26.400007,-76.988225,0.34,138.4,1,10,1.0
2024-03-26T18:32:32Z,26.400002,-76.988228,0.43,197.5,1,10,1.0
2024-03-26T18:32:42Z,26.399997,-76.988228,0.57,124.3,1,10,1.0
2024-03-26T18:32:47Z,26.399992,-76.988232,0.40,170.6,1,9,1.1
2024-03-26T18:32:52Z,26.399995,-76.988233,0.28,236.1,1,10,1.0
2024-03-26T18:32:57Z,26.399995,-76.988240,0.24,281.6,1,10,1.0
2024-03-26T18:33:02Z,26.399988,-76.988240,0.33,151.8,1,10,1.0
2024-03-26T18:33:07Z,26.399992,-76.988243,0.16,357.7,1,10,1.0
2024-03-26T18:33:12Z,26.399993,-76.988245,0.42,197.1,1,10,1.0
2024-03-26T18:33:17Z,26.399990,-76.988247,0.33,127.2,1,9,1.1
2024-03-26T18:33:22Z,26.399985,-76.988240,0.35,39.8,1,10,1.0
2024-03-26T18:33:27Z,26.399983,-76.988238,0.16,282.4,1,10,1.0
2024-03-26T18:33:32Z,26.399977,-76.988243,0.88,151.2,1,10,1.0
2024-03-26T18:33:37Z,26.399973,-76.988242,0.32,225.2,1,10,1.0
2024-03-26T18:33:42Z,26.399967,-76.988248,0.42,203.2,1,10,1.0
2024-03-26T18:33:52Z,26.399943,-76.988252,0.24,184.2,1,10,1.0
2024-03-26T18:33:57Z,26.399942,-76.988255,0.14,352.2,1,10,1.0
2024-03-26T18:34:02Z,26.399942,-76.988258,0.34,143.2,1,10,1.0
2024-03-26T18:34:07Z,26.399938,-76.988255,0.47,136.6,1,10,1.0
2024-03-26T18:34:12Z,26.399935,-76.988255,0.32,36.2,1,10,1.0
2024-03-26T18:34:17Z,26.399942,-76.988262,0.06,49.3,1,10,1.0
2024-03-26T18:34:22Z,26.399933,-76.988265,0.35,222.2,1,10,1.0
2024-03-26T18:34:27Z,26.399937,-76.988275,0.28,348.5,1,10,1.0
2024-03-26T18:34:32Z,26.399940,-76.988285,0.18,185.7,1,10,1.0
2024-03-26T18:34:37Z,26.399940,-76.988287,0.17,99.4,1,10,1.0
2024-03-26T18:34:42Z,26.399943,-76.988292,0.48,1.5,1,10,1.0
2024-03-26T18:34:47Z,26.399953,-76.988293,0.50,344.2,1,10,1.0
2024-03-26T18:34:52Z,26.399955,-76.988297,0.40,112.3,1,10,1.0
2024-03-26T18:35:02Z,26.399957,-76.988300,0.48,340.4,1,10,1.0
2024-03-26T18:35:07Z,26.399955,-76.988283,0.46,35.8,1,9,1.1
2024-03-26T18:35:12Z,26.399952,-76.988278,0.20,0.5,1,9,1.1
2024-03-26T18:35:17Z,26.399950,-76.988273,0.44,41.3,1,10,1.0
2024-03-26T18:35:22Z,26.399955,-76.988270,0.33,98.3,1,10,1.0
2024-03-26T18:35:27Z,26.399953,-76.988267,0.28,275.1,1,10,1.0
2024-03-26T18:35:37Z,26.399965,-76.988275,0.07,97.5,1,10,1.0
2024-03-26T18:35:42Z,26.399970,-76.988280,0.30,32.5,1,10,1.0
2024-03-26T18:35:47Z,26.399968,-76.988272,0.24,97.6,1,10,1.0
2024-03-26T18:35:52Z,26.399972,-76.988268,0.42,118.7,1,10,1.0
2024-03-26T18:35:57Z,26.399973,-76.988268,0.17,23.5,1,9,1.1
2024-03-26T18:36:02Z,26.399983,-76.988270,0.10,52.5,1,9,1.1
2024-03-26T18:36:12Z,26.399983,-76.988263,0.75,102.3,1,10,1.0
2024-03-26T18:36:17Z,26.399987,-76.988267,0.34,320.3,1,10,1.0
2024-03-26T18:36:22Z,26.399993,-76.988273,0.07,222.4,1,10,1.0
2024-03-26T18:36:27Z,26.399995,-76.988262,0.46,46.7,1,10,1.0
2024-03-26T18:36:32Z,26.399997,-76.988255,0.18,102.2,1,10,1.0
2024-03-26T18:36:37Z,26.400003,-76.988257,0.49,49.4,1,10,1.0
2024-03-26T18:36:47Z,26.400015,-76.988237,0.36,57.9,1,10,1.0
2024-03-26T18:36:52Z,26.400023,-76.988240,0.32,241.5,1,10,1.0
2024-03-26T18:36:57Z,26.400027,-76.988242,0.03,10.8,1,10,1.0
2024-03-26T18:37:02Z,26.400028,-76.988233,0.22,124.2,1,10,1.0
2024-03-26T18:37:07Z,26.400030,-76.988242,0.15,295.9,1,10,1.0
2024-03-26T18:37:12Z,26.400040,-76.988252,0.18,305.9,1,10,1.0
2024-03-26T18:37:17Z,26.400048,-76.988255,0.30,16.2,1,10,1.0
2024-03-26T18:37:22Z,26.400050,-76.988257,0.19,6.4,1,9,1.1
2024-03-26T18:37:27Z,26.400045,-76.988258,0.39,141.8,1,9,1.1
2024-03-26T18:37:32Z,26.400040,-76.988257,0.33,10.8,1,10,1.0
2024-03-26T18:37:37Z,26.400040,-76.988253,0.32,140.9,1,10,1.0
2024-03-26T18:37:42Z,26.400033,-76.988248,0.62,151.4,1,10,1.0
2024-03-26T18:37:47Z,26.400023,-76.988242,0.38,174.0,1,10,1.0
2024-03-26T18:37:57Z,26.400010,-76.988232,0.10,199.4,1,10,1.0
2024-03-26T18:38:02Z,26.400005,-76.988228,0.27,207.3,1,10,1.0
2024-03-26T18:38:07Z,26.400002,-76.988225,0.43,140.0,1,9,1.2
2024-03-26T18:38:12Z,26.400000,-76.988218,0.34,46.0,1,10,1.0
2024-03-26T18:38:17Z,26.399993,-76.988222,0.47,179.4,1,9,1.2
2024-03-26T18:38:22Z,26.399985,-76.988220,0.22,247.6,1,10,1.0
2024-03-26T18:38:32Z,26.399980,-76.988217,0.36,173.4,1,10,1.0
2024-03-26T18:38:37Z,26.399972,-76.988222,0.19,234.3,1,9,1.2
2024-03-26T18:38:42Z,26.399970,-76.988225,0.22,163.8,1,10,1.0
2024-03-26T18:38:47Z,26.399965,-76.988228,0.32,167.7,1,9,1.2
2024-03-26T18:38:52Z,26.399967,-76.988227,0.28,89.1,1,10,1.0
2024-03-26T18:38:57Z,26.399968,-76.988225,0.36,356.4,1,10,1.0
2024-03-26T18:39:02Z,26.399967,-76.988227,0.23,164.8,1,10,1.0
2024-03-26T18:39:07Z,26.399967,-76.988238,0.24,280.0,1,10,1.0
2024-03-26T18:39:12Z,26.399972,-76.988243,0.04,278.8,1,10,1.0
2024-03-26T18:39:17Z,26.399978,-76.988255,0.13,321.9,1,10,1.0
2024-03-26T18:39:22Z,26.399980,-76.988263,0.42,279.9,1,10,1.0
2024-03-26T18:39:27Z,26.399978,-76.988270,0.13,13.8,1,10,1.0
2024-03-26T18:39:32Z,26.399980,-76.988272,0.25,84.2,1,10,1.0
2024-03-26T18:39:37Z,26.399977,-76.988272,0.44,162.2,1,10,1.0
2024-03-26T18:39:42Z,26.399980,-76.988273,0.48,105.3,1,10,1.0
2024-03-26T18:39:47Z,26.399988,-76.988275,0.41,12.9,1,10,1.0
2024-03-26T18:39:52Z,26.399988,-76.988273,0.05,139.9,1,10,1.0
2024-03-26T18:40:02Z,26.399997,-76.988270,0.16,353.4,1,10,1.0
2024-03-26T18:40:07Z,26.399998,-76.988265,0.45,32.0,1,10,1.0
2024-03-26T18:40:12Z,26.400002,-76.988258,0.47,63.4,1,10,1.0
2024-03-26T18:40:17Z,26.400000,-76.988260,0.49,322.4,1,10,1.0
2024-03-26T18:40:22Z,26.400003,-76.988263,0.28,12.1,1,10,1.0
2024-03-26T18:40:27Z,26.400010,-76.988268,0.28,277.1,1,10,1.0
2024-03-26T18:40:32Z,26.400008,-76.988270,0.15,236.7,1,9,1.1
2024-03-26T18:40:37Z,26.400005,-76.988275,0.11,325.4,1,9,1.1
2024-03-26T18:40:42Z,26.400005,-76.988282,0.14,78.7,1,9,1.1
2024-03-26T18:40:47Z,26.400007,-76.988277,0.18,103.1,1,10,1.0
2024-03-26T18:40:52Z,26.400012,-76.988278,0.18,68.1,1,9,1.1
2024-03-26T18:40:57Z,26.400018,-76.988278,0.26,33.9,1,9,1.1
2024-03-26T18:41:07Z,26.400022,-76.988262,0.19,21.6,1,9,1.1
2024-03-26T18:41:12Z,26.400023,-76.988257,0.27,26.9,1,10,1.0
2024-03-26T18:41:17Z,26.400023,-76.988250,0.30,143.3,1,10,1.0
2024-03-26T18:41:22Z,26.400027,-76.988248,0.01,36.9,1,10,1.0
2024-03-26T18:41:27Z,26.400030,-76.988245,0.28,77.3,1,10,1.0
2024-03-26T18:41:37Z,26.400042,-76.988252,0.14,166.8,1,9,1.1
2024-03-26T18:41:42Z,26.400045,-76.988257,0.33,306.3,1,10,1.0
2024-03-26T18:41:47Z,26.400047,-76.988262,0.77,166.1,1,10,1.0
2024-03-26T18:41:52Z,26.400047,-76.988260,0.40,47.4,1,9,1.1
2024-03-26T18:41:57Z,26.400048,-76.988255,0.38,38.5,1,10,1.0
2024-03-26T18:42:02Z,26.400043,-76.988248,0.05,171.6,1,9,1.1
2024-03-26T18:42:07Z,26.400043,-76.988243,0.37,106.4,1,10,1.0
2024-03-26T18:42:12Z,26.400042,-76.988238,0.13,135.7,1,9,1.1
2024-03-26T18:42:17Z,26.400043,-76.988233,0.45,237.4,1,10,1.0
2024-03-26T18:42:22Z,26.400037,-76.988232,0.44,67.4,1,10,1.0
2024-03-26T18:42:27Z,26.400032,-76.988220,0.39,136.0,1,10,1.0
2024-03-26T18:42:37Z,26.400023,-76.988213,0.07,83.0,1,10,1.0
2024-03-26T18:42:42Z,26.400023,-76.988215,0.16,178.9,1,10,1.0
2024-03-26T18:42:47Z,26.400018,-76.988215,0.56,192.0,1,10,1.0
2024-03-26T18:42:52Z,26.400018,-76.988215,0.12,285.2,1,10,1.0
2024-03-26T18:42:57Z,26.400018,-76.988220,0.32,146.3,1,10,1.0
2024-03-26T18:43:02Z,26.400015,-76.988213,0.30,118.7,1,10,1.0
2024-03-26T18:43:07Z,26.400010,-76.988208,0.29,129.6,1,10,1.0
2024-03-26T18:43:12Z,26.400010,-76.988212,0.27,173.2,1,10,1.0
2024-03-26T18:43:17Z,26.400005,-76.988210,0.35,33.8,1,10,1.0
2024-03-26T18:43:22Z,26.400005,-76.988210,0.31,256.5,1,10,1.0
2024-03-26T18:43:27Z,26.400002,-76.988217,0.49,269.8,1,10,1.0
2024-03-26T18:43:32Z,26.399998,-76.988222,0.06,355.6,1,10,1.0
2024-03-26T18:43:42Z,26.399995,-76.988223,0.38,148.9,1,10,1.0
2024-03-26T18:43:47Z,26.399990,-76.988222,0.39,206.3,1,10,1.0
2024-03-26T18:43:52Z,26.399980,-76.988227,0.23,114.7,1,10,1.0
2024-03-26T18:43:57Z,26.399983,-76.988228,0.34,188.6,1,10,1.0
2024-03-26T18:44:02Z,26.399978,-76.988225,0.32,77.2,1,10,1.0
2024-03-26T18:44:07Z,26.399983,-76.988228,0.54,153.8,1,10,1.0
2024-03-26T18:44:12Z,26.399977,-76.988230,0.20,162.5,1,10,1.0
2024-03-26T18:44:17Z,26.399973,-76.988242,0.27,86.4,1,10,1.0
2024-03-26T18:44:22Z,26.399977,-76.988245,0.25,124.2,1,10,1.0
2024-03-26T18:44:27Z,26.399970,-76.988245,0.10,4.2,1,10,1.0
2024-03-26T18:44:32Z,26.399968,-76.988250,0.28,165.8,1,10,1.0
2024-03-26T18:44:42Z,26.399962,-76.988257,0.23,345.4,1,10,1.0
2024-03-26T18:44:47Z,26.399962,-76.988257,0.20,94.1,1,10,1.0
2024-03-26T18:44:52Z,26.399962,-76.988255,0.21,342.7,1,10,1.0
2024-03-26T18:44:57Z,26.399960,-76.988255,0.08,126.8,1,9,1.1
2024-03-26T18:45:02Z,26.399960,-76.988260,0.06,336.5,1,9,1.1
2024-03-26T18:45:07Z,26.399962,-76.988265,0.33,109.0,1,10,1.0
2024-03-26T18:45:12Z,26.399960,-76.988267,0.35,162.6,1,9,1.1
2024-03-26T18:45:17Z,26.399965,-76.988270,0.58,333.3,1,9,1.1
2024-03-26T18:45:22Z,26.399972,-76.988278,0.47,277.8,1,10,1.0
2024-03-26T18:45:27Z,26.399980,-76.988282,0.53,121.8,1,9,1.1
2024-03-26T18:45:32Z,26.399988,-76.988280,0.42,6.1,1,9,1.1
2024-03-26T18:45:37Z,26.399995,-76.988275,0.46,22.9,1,9,1.1
2024-03-26T18:45:42Z,26.400000,-76.988267,0.34,84.8,1,9,1.1
2024-03-26T18:45:47Z,26.400008,-76.988258,0.53,25.0,1,9,1.1
2024-03-26T18:45:52Z,26.400015,-76.988255,0.33,9.2,1,9,1.1
2024-03-26T18:45:57Z,26.400022,-76.988252,0.40,8.3,1,9,1.1
2024-03-26T18:46:02Z,26.400027,-76.988248,0.13,346.4,1,9,1.1
2024-03-26T18:46:12Z,26.400037,-76.988253,0.22,305.1,1,9,1.1
2024-03-26T18:46:17Z,26.400037,-76.988250,0.18,336.0,1,9,1.1
2024-03-26T18:46:22Z,26.400042,-76.988252,0.28,73.7,1,9,1.1
2024-03-26T18:46:27Z,26.400048,-76.988248,0.44,129.3,1,9,1.1
2024-03-26T18:46:32Z,26.400052,-76.988245,0.48,101.6,1,9,1.1
2024-03-26T18:46:42Z,26.400050,-76.988230,0.17,18.1,1,10,1.0
2024-03-26T18:46:47Z,26.400055,-76.988232,0.18,67.2,1,10,1.0
2024-03-26T18:46:52Z,26.400063,-76.988230,0.40,273.1,1,10,1.0
2024-03-26T18:46:57Z,26.400055,-76.988228,0.33,196.6,1,10,1.0
2024-03-26T18:47:02Z,26.400055,-76.988230,0.10,64.6,1,10,1.0
2024-03-26T18:47:12Z,26.400050,-76.988232,0.44,219.9,1,10,1.0
2024-03-26T18:47:17Z,26.400042,-76.988228,0.02,87.9,1,10,1.0
2024-03-26T18:47:22Z,26.400035,-76.988218,1.07,138.2,1,10,1.0
2024-03-26T18:47:27Z,26.400027,-76.988213,0.77,172.1,1,10,1.0
2024-03-26T18:47:32Z,26.400023,-76.988217,0.26,254.0,1,10,1.0
2024-03-26T18:47:37Z,26.400017,-76.988222,0.75,185.4,1,10,1.0
2024-03-26T18:47:42Z,26.400002,-76.988220,0.29,304.0,1,10,1.0
2024-03-26T18:47:47Z,26.399997,-76.988218,0.05,264.6,1,10,1.0
2024-03-26T18:47:52Z,26.399993,-76.988225,0.57,163.5,1,10,1.0
2024-03-26T18:47:57Z,26.399995,-76.988230,0.38,1.4,1,10,1.0
2024-03-26T18:48:02Z,26.400002,-76.988235,0.05,301.1,1,10,1.0
2024-03-26T18:48:12Z,26.400003,-76.988233,0.11,125.0,1,10,1.0
2024-03-26T18:48:17Z,26.400005,-76.988233,0.19,238.3,1,10,1.0
2024-03-26T18:48:22Z,26.400003,-76.988238,0.11,181.3,1,10,1.0
2024-03-26T18:48:27Z,26.400000,-76.988240,0.10,210.0,1,10,1.0
2024-03-26T18:48:32Z,26.400000,-76.988247,0.38,229.5,1,10,1.0
2024-03-26T18:48:37Z,26.399995,-76.988248,0.58,164.8,1,10,1.0
2024-03-26T18:48:42Z,26.399990,-76.988245,0.17,160.8,1,10,1.0
2024-03-26T18:48:47Z,26.399992,-76.988245,0.12,99.0,1,10,1.0
2024-03-26T18:48:52Z,26.399987,-76.988253,0.33,161.0,1,10,1.0
2024-03-26T18:48:57Z,26.399987,-76.988252,0.21,330.5,1,10,1.0
2024-03-26T18:49:02Z,26.399990,-76.988253,0.17,212.7,1,10,1.0
2024-03-26T18:49:07Z,26.399992,-76.988255,0.49,175.7,1,10,1.0
2024-03-26T18:49:12Z,26.399985,-76.988255,0.01,53.8,1,10,1.0
2024-03-26T18:49:17Z,26.399982,-76.988255,0.20,334.1,1,10,1.0
2024-03-26T18:49:22Z,26.399978,-76.988253,0.11,280.7,1,10,1.0
2024-03-26T18:49:27Z,26.399975,-76.988258,0.21,120.3,1,10,1.0
2024-03-26T18:49:32Z,26.399975,-76.988263,0.32,126.7,1,10,1.0
2024-03-26T18:49:42Z,26.399965,-76.988270,0.46,160.8,1,10,1.0
2024-03-26T18:49:47Z,26.399957,-76.988268,0.07,234.3,1,9,1.0
2024-03-26T18:49:52Z,26.399958,-76.988268,0.10,131.3,1,10,1.0
2024-03-26T18:49:57Z,26.399957,-76.988265,0.42,151.3,1,9,1.1
2024-03-26T18:50:02Z,26.399953,-76.988263,0.50,159.2,1,10,1.0
2024-03-26T18:50:07Z,26.399947,-76.988265,0.18,160.8,1,9,1.1
2024-03-26T18:50:12Z,26.399945,-76.988260,0.26,157.2,1,9,1.1
2024-03-26T18:50:17Z,26.399952,-76.988253,0.17,347.6,1,10,1.0
2024-03-26T18:50:22Z,26.399953,-76.988255,0.29,73.3,1,10,1.0
2024-03-26T18:50:27Z,26.399957,-76.988252,0.27,78.5,1,10,1.0
2024-03-26T18:50:32Z,26.399955,-76.988248,0.05,110.0,1,10,1.0
2024-03-26T18:50:37Z,26.399957,-76.988253,0.16,41.6,1,10,1.0
2024-03-26T18:50:42Z,26.399960,-76.988257,0.25,307.0,1,10,1.0
2024-03-26T18:50:47Z,26.399967,-76.988258,0.13,38.7,1,10,1.0
2024-03-26T18:50:52Z,26.399972,-76.988263,0.38,350.9,1,10,1.0
2024-03-26T18:50:57Z,26.399972,-76.988260,0.40,343.3,1,10,1.0
2024-03-26T18:51:02Z,26.399980,-76.988262,0.53,119.8,1,9,1.1
2024-03-26T18:51:12Z,26.399980,-76.988260,0.31,34.5,1,10,1.0
2024-03-26T18:51:17Z,26.399982,-76.988258,0.28,69.5,1,10,1.0
2024-03-26T18:51:22Z,26.399980,-76.988258,0.48,96.0,1,10,1.0
2024-03-26T18:51:27Z,26.399990,-76.988260,0.67,23.9,1,10,1.0
2024-03-26T18:51:32Z,26.399993,-76.988262,0.33,53.4,1,10,1.0
2024-03-26T18:51:37Z,26.399995,-76.988255,0.20,0.7,1,10,1.0
2024-03-26T18:51:42Z,26.400003,-76.988257,0.17,41.4,1,10,1.0
2024-03-26T18:51:47Z,26.400007,-76.988255,0.08,17.4,1,9,1.1
2024-03-26T18:51:52Z,26.400012,-76.988257,0.17,44.8,1,9,1.1
2024-03-26T18:51:57Z,26.400015,-76.988257,0.34,15.6,1,9,1.1
2024-03-26T18:52:02Z,26.400017,-76.988262,0.40,163.3,1,10,1.0
2024-03-26T18:52:12Z,26.400015,-76.988257,0.32,138.5,1,10,1.0
2024-03-26T18:52:17Z,26.400012,-76.988257,0.37,28.4,1,10,1.0
2024-03-26T18:52:22Z,26.400007,-76.988252,0.36,61.0,1,10,1.0
2024-03-26T18:52:27Z,26.400007,-76.988250,0.65,157.2,1,10,1.0
2024-03-26T18:52:32Z,26.400000,-76.988250,0.13,140.3,1,10,1.0
2024-03-26T18:52:37Z,26.399997,-76.988250,0.45,154.5,1,10,1.0
2024-03-26T18:52:42Z,26.399995,-76.988245,0.35,119.5,1,10,1.0
2024-03-26T18:52:47Z,26.399995,-76.988242,0.27,128.8,1,10,1.0
2024-03-26T18:52:52Z,26.399993,-76.988243,0.29,333.7,1,10,1.0
2024-03-26T18:52:57Z,26.399995,-76.988247,0.35,41.0,1,10,1.0
2024-03-26T18:53:02Z,26.399998,-76.988243,0.14,130.8,1,10,1.0
2024-03-26T18:53:07Z,26.399995,-76.988245,0.42,219.6,1,10,1.0
2024-03-26T18:53:17Z,26.399997,-76.988250,0.22,43.0,1,10,1.0
2024-03-26T18:53:22Z,26.399995,-76.988253,0.45,116.0,1,10,1.0
2024-03-26T18:53:27Z,26.399998,-76.988257,0.22,135.2,1,10,1.0
2024-03-26T18:53:32Z,26.400005,-76.988255,0.68,74.0,1,10,1.0
2024-03-26T18:53:37Z,26.400008,-76.988253,0.37,87.4,1,10,1.0
2024-03-26T18:53:42Z,26.400012,-76.988253,0.31,72.6,1,10,1.0
2024-03-26T18:53:52Z,26.400022,-76.988252,0.49,177.8,1,10,1.0
2024-03-26T18:53:57Z,26.400025,-76.988252,0.35,45.7,1,10,1.0
2024-03-26T18:54:02Z,26.400030,-76.988248,0.52,83.2,1,10,1.0
2024-03-26T18:54:07Z,26.400042,-76.988248,0.37,11.0,1,10,1.0
2024-03-26T18:54:12Z,26.400045,-76.988238,0.43,140.9,1,10,1.0
2024-03-26T18:54:17Z,26.400045,-76.988235,0.52,68.8,1,10,1.0
2024-03-26T18:54:22Z,26.400050,-76.988227,0.60,117.9,1,10,1.0
2024-03-26T18:54:27Z,26.400050,-76.988227,0.54,111.3,1,10,1.0
2024-03-26T18:54:32Z,26.400057,-76.988225,0.23,103.6,1,10,1.0
2024-03-26T18:54:37Z,26.400055,-76.988222,0.45,58.1,1,10,1.0
2024-03-26T18:54:42Z,26.400057,-76.988227,0.40,187.9,1,10,1.0
2024-03-26T18:54:47Z,26.400055,-76.988227,0.21,28.4,1,10,1.0
2024-03-26T18:54:57Z,26.400052,-76.988235,0.07,117.2,1,10,1.0
2024-03-26T18:55:02Z,26.400045,-76.988235,0.24,92.4,1,10,1.0
2024-03-26T18:55:07Z,26.400042,-76.988233,0.64,177.7,1,10,1.0
2024-03-26T18:55:12Z,26.400038,-76.988230,0.30,83.0,1,10,1.0
2024-03-26T18:55:17Z,26.400033,-76.988218,0.44,119.9,1,10,1.0
2024-03-26T18:55:22Z,26.400025,-76.988217,0.39,162.4,1,10,1.0
2024-03-26T18:55:27Z,26.400015,-76.988220,0.08,224.6,1,10,1.0
2024-03-26T18:55:32Z,26.400012,-76.988223,0.47,124.1,1,10,1.0
2024-03-26T18:55:37Z,26.400007,-76.988223,0.30,4.4,1,10,1.0
2024-03-26T18:55:42Z,26.400007,-76.988222,0.19,99.6,1,10,1.0
2024-03-26T18:55:47Z,26.400008,-76.988218,0.43,97.3,1,10,1.0
2024-03-26T18:55:52Z,26.400005,-76.988225,0.54,139.9,1,10,1.0
2024-03-26T18:55:57Z,26.400003,-76.988235,0.22,213.9,1,10,1.0
2024-03-26T18:56:02Z,26.400003,-76.988237,0.03,347.3,1,10,1.0
2024-03-26T18:56:07Z,26.399995,-76.988237,0.17,247.3,1,10,1.0
2024-03-26T18:56:12Z,26.399993,-76.988238,0.43,77.4,1,10,1.0
2024-03-26T18:56:17Z,26.399998,-76.988245,0.37,106.1,1,10,1.0
2024-03-26T18:56:22Z,26.399998,-76.988248,0.26,178.8,1,10,1.0
2024-03-26T18:56:32Z,26.399992,-76.988247,0.44,125.6,1,10,1.0
2024-03-26T18:56:37Z,26.399990,-76.988243,0.03,255.2,1,10,1.0
2024-03-26T18:56:42Z,26.399985,-76.988247,0.36,216.5,1,10,1.0
2024-03-26T18:56:47Z,26.399978,-76.988250,0.32,173.1,1,10,1.0
2024-03-26T18:56:52Z,26.399980,-76.988252,0.33,341.1,1,10,1.0
2024-03-26T18:56:57Z,26.399980,-76.988248,0.14,54.9,1,10,1.0
2024-03-26T18:57:02Z,26.399980,-76.988242,0.34,99.8,1,10,1.0
2024-03-26T18:57:07Z,26.399980,-76.988242,0.58,151.6,1,10,1.0
2024-03-26T18:57:12Z,26.399978,-76.988242,0.37,127.1,1,10,1.0
2024-03-26T18:57:17Z,26.399975,-76.988245,0.36,244.4,1,10,1.0
2024-03-26T18:57:22Z,26.399970,-76.988257,0.07,220.0,1,10,1.0
2024-03-26T18:57:27Z,26.399970,-76.988262,0.25,110.5,1,10,1.0
2024-03-26T18:57:32Z,26.399973,-76.988265,0.27,257.0,1,10,1.0
2024-03-26T18:57:37Z,26.399970,-76.988260,0.35,117.2,1,10,1.0
2024-03-26T18:57:42Z,26.399967,-76.988253,0.16,33.1,1,10,1.0
2024-03-26T18:57:47Z,26.399965,-76.988262,0.51,178.5,1,10,1.0
2024-03-26T18:57:52Z,26.399967,-76.988267,0.05,358.5,1,10,1.0
2024-03-26T18:57:57Z,26.399957,-76.988267,0.37,142.5,1,10,1.0
2024-03-26T18:58:02Z,26.399963,-76.988267,0.28,230.8,1,10,1.0
2024-03-26T18:58:07Z,26.399960,-76.988272,0.28,306.5,1,10,1.0
2024-03-26T18:58:12Z,26.399957,-76.988277,0.14,254.3,1,10,1.0
2024-03-26T18:58:17Z,26.399960,-76.988282,0.29,157.6,1,10,1.0
2024-03-26T18:58:22Z,26.399963,-76.988282,0.60,308.0,1,10,1.0
2024-03-26T18:58:27Z,26.399972,-76.988282,0.47,38.9,1,10,1.0
2024-03-26T18:58:32Z,26.399975,-76.988283,0.40,128.0,1,9,1.0
2024-03-26T18:58:37Z,26.399983,-76.988277,0.22,78.7,1,10,1.0
2024-03-26T18:58:42Z,26.399990,-76.988275,0.52,359.3,1,9,1.1
2024-03-26T18:58:47Z,26.399997,-76.988275,0.37,117.1,1,10,1.0
2024-03-26T18:58:52Z,26.399998,-76.988268,0.30,128.0,1,10,1.0
2024-03-26T18:58:57Z,26.399998,-76.988260,0.56,63.6,1,9,1.1
2024-03-26T18:59:02Z,26.400003,-76.988257,0.20,92.0,1,9,1.1
2024-03-26T18:59:07Z,26.400005,-76.988252,0.29,138.1,1,9,1.1
2024-03-26T18:59:12Z,26.400000,-76.988252,0.37,301.8,1,9,1.1
2024-03-26T18:59:17Z,26.400012,-76.988257,0.44,356.1,1,9,1.1
2024-03-26T18:59:22Z,26.400017,-76.988253,0.67,110.4,1,9,1.1
2024-03-26T18:59:27Z,26.400015,-76.988248,0.18,159.3,1,9,1.1
2024-03-26T18:59:37Z,26.400017,-76.988257,0.29,246.0,1,9,1.1
2024-03-26T18:59:42Z,26.400017,-76.988267,0.37,170.0,1,9,1.1
2024-03-26T18:59:47Z,26.400015,-76.988265,0.34,113.2,1,9,1.1
2024-03-26T18:59:52Z,26.400012,-76.988257,0.47,117.7,1,9,1.1
2024-03-26T18:59:57Z,26.400013,-76.988250,0.52,212.5,1,9,1.1
2024-03-26T19:00:07Z,26.400003,-76.988252,0.60,186.8,1,9,1.1
2024-03-26T19:00:12Z,26.400000,-76.988252,0.08,281.8,1,9,1.1
2024-03-26T19:00:17Z,26.399995,-76.988253,0.20,180.7,1,9,1.1
2024-03-26T19:00:22Z,26.399995,-76.988260,0.52,126.5,1,9,1.1
2024-03-26T19:00:27Z,26.399998,-76.988260,0.26,61.0,1,9,1.1
2024-03-26T19:00:37Z,26.400000,-76.988252,0.32,185.8,1,9,1.1
2024-03-26T19:00:42Z,26.400002,-76.988245,0.47,30.4,1,9,1.1
2024-03-26T19:00:47Z,26.400002,-76.988245,0.28,129.1,1,9,1.1
2024-03-26T19:00:52Z,26.399995,-76.988247,0.18,331.5,1,9,1.1
2024-03-26T19:00:57Z,26.399990,-76.988255,0.44,232.6,1,9,1.1
2024-03-26T19:01:07Z,26.399980,-76.988262,0.43,179.4,1,9,1.1
2024-03-26T19:01:12Z,26.399978,-76.988263,0.28,178.9,1,9,1.1
2024-03-26T19:01:17Z,26.399975,-76.988263,0.49,79.7,1,9,1.1
2024-03-26T19:01:22Z,26.399973,-76.988265,0.03,119.5,1,9,1.1
2024-03-26T19:01:27Z,26.399973,-76.988262,0.10,332.2,1,9,1.1
2024-03-26T19:01:37Z,26.399980,-76.988272,0.02,20.8,1,9,1.1
2024-03-26T19:01:42Z,26.399988,-76.988268,0.32,48.4,1,9,1.1
2024-03-26T19:01:47Z,26.399992,-76.988267,0.11,68.8,1,9,1.1
2024-03-26T19:01:52Z,26.399997,-76.988268,0.75,340.9,1,9,1.1
2024-03-26T19:01:57Z,26.400000,-76.988263,0.43,102.3,1,9,1.1
2024-03-26T19:02:07Z,26.400000,-76.988265,0.48,343.2,1,9,1.1
2024-03-26T19:02:12Z,26.399998,-76.988260,0.86,121.1,1,9,1.1
2024-03-26T19:02:17Z,26.399992,-76.988263,0.19,75.9,1,9,1.1
2024-03-26T19:02:22Z,26.399997,-76.988260,0.18,108.6,1,9,1.1
2024-03-26T19:02:27Z,26.399992,-76.988260,0.55,161.0,1,9,1.1
2024-03-26T19:02:32Z,26.400002,-76.988253,0.46,67.6,1,9,1.1
2024-03-26T19:02:37Z,26.400003,-76.988255,0.13,217.5,1,9,1.1
2024-03-26T19:02:42Z,26.400005,-76.988257,0.39,43.2,1,9,1.1
2024-03-26T19:02:47Z,26.400017,-76.988248,0.48,20.4,1,9,1.1
2024-03-26T19:02:52Z,26.400022,-76.988248,0.15,307.4,1,9,1.1
2024-03-26T19:02:57Z,26.400025,-76.988247,0.07,323.9,1,9,1.1
2024-03-26T19:03:07Z,26.400018,-76.988252,0.58,178.4,1,9,1.1
2024-03-26T19:03:12Z,26.400015,-76.988255,0.13,242.3,1,9,1.1
2024-03-26T19:03:17Z,26.400013,-76.988257,0.48,233.5,1,9,1.1
2024-03-26T19:03:22Z,26.400008,-76.988255,0.42,152.2,1,9,1.1
2024-03-26T19:03:27Z,26.400007,-76.988255,0.24,102.4,1,9,1.1
2024-03-26T19:03:32Z,26.400005,-76.988255,0.20,339.1,1,9,1.1
2024-03-26T19:03:37Z,26.400000,-76.988248,0.42,99.2,1,9,1.1
2024-03-26T19:03:42Z,26.400000,-76.988242,0.50,187.9,1,9,1.1
2024-03-26T19:03:47Z,26.399998,-76.988252,0.68,158.1,1,9,1.1
2024-03-26T19:03:52Z,26.399995,-76.988247,0.16,172.4,1,9,1.1
2024-03-26T19:03:57Z,26.399998,-76.988247,0.21,218.2,1,9,1.1
2024-03-26T19:04:02Z,26.400002,-76.988257,0.46,237.8,1,9,1.1
2024-03-26T19:04:12Z,26.399997,-76.988263,0.61,163.2,1,9,1.1
2024-03-26T19:04:17Z,26.399995,-76.988268,0.24,268.0,1,9,1.1
2024-03-26T19:04:22Z,26.399993,-76.988267,0.66,155.3,1,9,1.1
2024-03-26T19:04:27Z,26.399983,-76.988262,0.57,114.1,1,9,1.1
2024-03-26T19:04:32Z,26.399990,-76.988252,0.27,354.4,1,9,1.1
2024-03-26T19:04:37Z,26.399993,-76.988245,0.13,291.0,1,9,1.1
2024-03-26T19:04:47Z,26.399983,-76.988242,0.16,200.2,1,9,1.1
2024-03-26T19:04:52Z,26.399980,-76.988235,0.19,124.2,1,9,1.1
2024-03-26T19:04:57Z,26.399980,-76.988247,0.40,317.4,1,9,1.1
2024-03-26T19:05:02Z,26.399978,-76.988245,0.07,211.0,1,9,1.1
2024-03-26T19:05:07Z,26.399987,-76.988247,0.15,248.9,1,9,1.1
2024-03-26T19:05:17Z,26.399995,-76.988258,0.29,276.0,1,9,1.1
2024-03-26T19:05:22Z,26.399997,-76.988270,0.10,107.3,1,9,1.1
2024-03-26T19:05:27Z,26.399992,-76.988272,0.22,150.3,1,9,1.1
2024-03-26T19:05:32Z,26.399987,-76.988267,0.64,189.1,1,8,1.3
2024-03-26T19:05:37Z,26.399982,-76.988267,0.14,319.1,1,8,1.3
2024-03-26T19:05:47Z,26.399975,-76.988263,0.38,333.0,1,9,1.1
2024-03-26T19:05:52Z,26.399967,-76.988262,0.28,307.5,1,9,1.1
2024-03-26T19:05:57Z,26.399968,-76.988260,0.55,152.8,1,9,1.1
2024-03-26T19:06:02Z,26.399958,-76.988263,0.41,200.8,1,9,1.1
2024-03-26T19:06:07Z,26.399948,-76.988267,0.60,189.8,1,9,1.1
2024-03-26T19:06:12Z,26.399947,-76.988263,0.55,139.5,1,9,1.1
2024-03-26T19:06:17Z,26.399938,-76.988252,0.28,157.5,1,9,1.1
2024-03-26T19:06:22Z,26.399932,-76.988257,0.30,217.3,1,9,1.1
2024-03-26T19:06:27Z,26.399925,-76.988258,0.67,154.3,1,9,1.1
2024-03-26T19:06:32Z,26.399923,-76.988253,0.29,107.4,1,9,1.1
2024-03-26T19:06:37Z,26.399923,-76.988257,0.61,310.2,1,9,1.1
2024-03-26T19:06:47Z,26.399918,-76.988265,0.32,40.3,1,9,1.1
2024-03-26T19:06:52Z,26.399917,-76.988267,0.45,220.6,1,9,1.1
2024-03-26T19:06:57Z,26.399920,-76.988275,0.15,325.9,1,9,1.1
2024-03-26T19:07:02Z,26.399920,-76.988275,0.40,141.9,1,9,1.1
2024-03-26T19:07:07Z,26.399918,-76.988270,0.41,109.5,1,9,1.1
2024-03-26T19:07:12Z,26.399922,-76.988270,0.38,290.4,1,9,1.1
2024-03-26T19:07:17Z,26.399923,-76.988275,0.39,105.0,1,9,1.1
2024-03-26T19:07:22Z,26.399930,-76.988272,0.35,340.3,1,9,1.1
2024-03-26T19:07:27Z,26.399927,-76.988280,0.16,19.9,1,9,1.1
2024-03-26T19:07:32Z,26.399930,-76.988287,0.29,29.1,1,9,1.1
2024-03-26T19:07:37Z,26.399932,-76.988287,0.37,178.2,1,9,1.1
2024-03-26T19:07:47Z,26.399920,-76.988288,0.19,299.9,1,9,1.1
2024-03-26T19:07:52Z,26.399923,-76.988287,0.65,149.7,1,8,1.2
2024-03-26T19:07:57Z,26.399927,-76.988285,0.25,115.5,1,8,1.2
2024-03-26T19:08:02Z,26.399930,-76.988292,0.48,184.9,1,8,1.2
2024-03-26T19:08:07Z,26.399933,-76.988288,0.60,70.8,1,8,1.2
2024-03-26T19:08:17Z,26.399942,-76.988277,0.53,22.3,1,8,1.2
2024-03-26T19:08:22Z,26.399943,-76.988270,0.36,1.1,1,8,1.2
2024-03-26T19:08:27Z,26.399942,-76.988272,0.52,208.7,1,8,1.2
2024-03-26T19:08:32Z,26.399948,-76.988272,0.46,68.7,1,8,1.2
2024-03-26T19:08:37Z,26.399960,-76.988280,0.18,283.3,1,8,1.2
2024-03-26T19:08:47Z,26.399965,-76.988290,0.40,25.9,1,8,1.2
2024-03-26T19:08:52Z,26.399970,-76.988283,0.57,122.5,1,7,1.4
2024-03-26T19:08:57Z,26.399963,-76.988272,0.75,135.1,1,8,1.2
2024-03-26T19:09:02Z,26.399963,-76.988262,0.32,96.4,1,8,1.2
2024-03-26T19:09:07Z,26.399963,-76.988258,0.22,23.5,1,8,1.2
2024-03-26T19:09:17Z,26.399963,-76.988257,0.26,317.1,1,8,1.2
2024-03-26T19:09:22Z,26.399970,-76.988260,0.20,10.7,1,8,1.2
2024-03-26T19:09:27Z,26.399980,-76.988267,0.18,344.4,1,8,1.2
2024-03-26T19:09:32Z,26.399995,-76.988265,0.37,7.2,1,8,1.2
2024-03-26T19:09:37Z,26.400000,-76.988270,0.24,336.8,1,8,1.2
2024-03-26T19:09:47Z,26.399993,-76.988268,0.51,105.4,1,8,1.2
2024-03-26T19:09:52Z,26.399990,-76.988263,0.55,146.6,1,8,1.2
2024-03-26T19:09:57Z,26.399992,-76.988257,0.30,175.4,1,8,1.2
2024-03-26T19:10:02Z,26.399988,-76.988248,0.21,132.7,1,8,1.2
2024-03-26T19:10:07Z,26.399988,-76.988242,0.56,153.9,1,8,1.2
2024-03-26T19:10:17Z,26.399977,-76.988245,0.23,69.2,1,8,1.2
2024-03-26T19:10:22Z,26.399975,-76.988258,0.10,231.0,1,8,1.2
2024-03-26T19:10:27Z,26.399978,-76.988268,0.30,228.1,1,8,1.2
2024-03-26T19:10:32Z,26.399968,-76.988272,0.32,225.6,1,8,1.2
2024-03-26T19:10:37Z,26.399968,-76.988265,0.22,312.9,1,8,1.2
2024-03-26T19:10:47Z,26.399968,-76.988260,0.48,148.7,1,8,1.2
2024-03-26T19:10:52Z,26.399965,-76.988258,0.54,59.1,1,8,1.2
2024-03-26T19:10:57Z,26.399967,-76.988252,0.18,121.3,1,8,1.2
2024-03-26T19:11:02Z,26.399960,-76.988257,0.34,199.4,1,8,1.2
2024-03-26T19:11:07Z,26.399958,-76.988260,0.26,231.8,1,8,1.2
2024-03-26T19:11:17Z,26.399957,-76.988260,0.36,154.3,1,8,1.2
2024-03-26T19:11:22Z,26.399957,-76.988263,0.28,79.9,1,8,1.2
2024-03-26T19:11:27Z,26.399945,-76.988265,0.14,176.2,1,8,1.2
2024-03-26T19:11:32Z,26.399935,-76.988267,0.14,220.9,1,8,1.2
2024-03-26T19:11:37Z,26.399930,-76.988268,0.26,258.1,1,8,1.2
2024-03-26T19:11:47Z,26.399930,-76.988273,0.21,337.8,1,8,1.2
2024-03-26T19:11:52Z,26.399928,-76.988282,0.24,346.8,1,8,1.2
2024-03-26T19:11:57Z,26.399927,-76.988282,0.37,118.9,1,8,1.2
2024-03-26T19:12:02Z,26.399925,-76.988285,0.66,169.1,1,8,1.2
2024-03-26T19:12:07Z,26.399928,-76.988287,0.43,13.8,1,8,1.2
2024-03-26T19:12:17Z,26.399938,-76.988280,0.09,358.6,1,6,1.7
2024-03-26T19:12:22Z,26.399938,-76.988277,0.44,64.2,1,8,1.2
2024-03-26T19:12:27Z,26.399940,-76.988270,0.18,231.1,1,8,1.2
2024-03-26T19:12:32Z,26.399945,-76.988278,0.25,302.7,1,8,1.2
2024-03-26T19:12:37Z,26.399947,-76.988282,0.20,55.0,1,8,1.2
2024-03-26T19:12:47Z,26.399952,-76.988288,0.14,208.5,1,8,1.2
2024-03-26T19:12:52Z,26.399945,-76.988292,0.33,30.9,1,8,1.2
2024-03-26T19:12:57Z,26.399942,-76.988297,0.08,7.2,1,8,1.2
2024-03-26T19:13:02Z,26.399935,-76.988290,0.34,286.5,1,8,1.2
2024-03-26T19:13:07Z,26.399948,-76.988295,0.25,61.8,1,8,1.2
2024-03-26T19:13:17Z,26.399957,-76.988283,0.45,125.7,1,8,1.2
2024-03-26T19:13:22Z,26.399957,-76.988280,0.25,43.8,1,8,1.2
2024-03-26T19:13:27Z,26.399950,-76.988277,0.48,199.7,1,7,1.4
2024-03-26T19:13:32Z,26.399948,-76.988282,0.37,179.7,1,8,1.2
2024-03-26T19:13:37Z,26.399952,-76.988265,0.30,85.5,1,7,1.3
2024-03-26T19:13:47Z,26.399950,-76.988263,0.43,273.6,1,8,1.2
2024-03-26T19:13:52Z,26.399952,-76.988267,0.19,357.4,1,8,1.2
2024-03-26T19:13:57Z,26.399943,-76.988272,0.61,162.2,1,8,1.2
2024-03-26T19:14:02Z,26.399943,-76.988272,0.70,104.0,1,8,1.2
2024-03-26T19:14:07Z,26.399935,-76.988267,0.06,170.8,1,8,1.2
2024-03-26T19:14:12Z,26.399930,-76.988270,0.42,144.8,1,8,1.2
2024-03-26T19:14:17Z,26.399922,-76.988278,0.60,162.2,1,7,1.3
2024-03-26T19:14:22Z,26.399915,-76.988277,0.54,113.1,1,7,1.3
2024-03-26T19:14:27Z,26.399908,-76.988268,0.57,164.8,1,8,1.2
2024-03-26T19:14:32Z,26.399897,-76.988275,0.76,165.5,1,7,1.3
2024-03-26T19:14:37Z,26.399892,-76.988273,0.41,172.6,1,8,1.2
2024-03-26T19:14:42Z,26.399898,-76.988267,0.48,72.8,1,7,1.3
2024-03-26T19:14:47Z,26.399882,-76.988280,0.38,93.2,1,8,1.2
2024-03-26T19:14:52Z,26.399887,-76.988282,0.29,172.8,1,8,1.2
2024-03-26T19:14:57Z,26.399883,-76.988275,0.20,173.7,1,8,1.2
2024-03-26T19:15:02Z,26.399872,-76.988278,1.33,191.7,1,8,1.2
2024-03-26T19:15:07Z,26.399863,-76.988285,0.45,157.1,1,8,1.2
2024-03-26T19:15:12Z,26.399865,-76.988290,0.18,272.0,1,8,1.2
2024-03-26T19:15:17Z,26.399867,-76.988288,0.12,267.5,1,8,1.2
2024-03-26T19:15:22Z,26.399868,-76.988288,0.23,45.7,1,8,1.2
2024-03-26T19:15:27Z,26.399878,-76.988288,0.15,7.9,1,7,1.4
2024-03-26T19:15:32Z,26.399885,-76.988287,0.81,338.9,1,8,1.2
2024-03-26T19:15:37Z,26.399883,-76.988302,0.94,321.1,1,8,1.2
2024-03-26T19:15:42Z,26.399885,-76.988298,0.50,128.2,1,8,1.2
2024-03-26T19:15:47Z,26.399887,-76.988305,0.27,16.6,1,7,1.4
2024-03-26T19:15:52Z,26.399900,-76.988310,0.10,291.9,1,8,1.2
2024-03-26T19:15:57Z,26.399898,-76.988287,0.31,52.6,1,8,1.2
2024-03-26T19:16:02Z,26.399898,-76.988293,0.35,76.9,1,8,1.2
2024-03-26T19:16:07Z,26.399898,-76.988292,0.32,350.9,1,8,1.2
2024-03-26T19:16:12Z,26.399912,-76.988298,0.13,51.3,1,8,1.2
2024-03-26T19:16:17Z,26.399923,-76.988292,0.68,54.9,1,8,1.2
2024-03-26T19:16:27Z,26.399925,-76.988260,0.53,86.7,1,8,1.2
2024-03-26T19:16:32Z,26.399933,-76.988263,0.56,6.8,1,8,1.2
2024-03-26T19:16:37Z,26.399942,-76.988267,0.51,124.9,1,8,1.2
2024-03-26T19:16:42Z,26.399943,-76.988265,0.26,77.1,1,8,1.2
2024-03-26T19:16:52Z,26.399945,-76.988265,0.24,128.4,1,8,1.2
2024-03-26T19:16:57Z,26.399948,-76.988272,0.43,120.9,1,8,1.2
2024-03-26T19:17:02Z,26.399953,-76.988282,0.61,131.0,1,8,1.2
2024-03-26T19:17:07Z,26.399973,-76.988280,0.86,137.3,1,8,1.2
2024-03-26T19:17:12Z,26.399973,-76.988275,0.47,179.8,1,8,1.2
2024-03-26T19:17:17Z,26.399972,-76.988277,0.36,87.2,1,8,1.2
2024-03-26T19:17:22Z,26.399968,-76.988275,0.54,239.8,1,8,1.2
2024-03-26T19:17:27Z,26.399970,-76.988267,0.33,209.9,1,8,1.2
2024-03-26T19:17:32Z,26.399968,-76.988270,0.34,82.8,1,8,1.2
2024-03-26T19:17:37Z,26.399967,-76.988275,0.45,205.2,1,8,1.2
2024-03-26T19:17:42Z,26.399965,-76.988287,0.30,197.3,1,8,1.2
2024-03-26T19:17:47Z,26.399970,-76.988275,0.38,86.2,1,8,1.2
2024-03-26T19:17:52Z,26.399973,-76.988265,0.46,359.1,1,8,1.2
2024-03-26T19:17:57Z,26.399985,-76.988252,0.26,199.0,1,8,1.2
2024-03-26T19:18:02Z,26.399987,-76.988242,0.51,127.0,1,8,1.2
2024-03-26T19:18:12Z,26.399977,-76.988240,0.32,132.3,1,7,1.3
2024-03-26T19:18:17Z,26.399965,-76.988243,0.67,158.2,1,8,1.2
2024-03-26T19:18:22Z,26.399955,-76.988247,0.46,218.1,1,8,1.2
2024-03-26T19:18:27Z,26.399957,-76.988252,0.36,316.9,1,8,1.2
2024-03-26T19:18:37Z,26.399965,-76.988247,0.13,236.4,1,8,1.2
2024-03-26T19:18:42Z,26.399958,-76.988252,0.18,139.6,1,8,1.2
2024-03-26T19:18:47Z,26.399960,-76.988247,0.41,121.1,1,7,1.4
2024-03-26T19:18:52Z,26.399960,-76.988243,0.08,98.6,1,8,1.2
2024-03-26T19:19:02Z,26.399957,-76.988253,0.39,195.5,1,8,1.2
2024-03-26T19:19:07Z,26.399955,-76.988265,0.13,233.4,1,8,1.2
2024-03-26T19:19:12Z,26.399952,-76.988268,0.28,83.0,1,8,1.2
2024-03-26T19:19:17Z,26.399947,-76.988270,0.63,155.1,1,8,1.2
2024-03-26T19:19:27Z,26.399937,-76.988270,0.68,193.7,1,8,1.2
2024-03-26T19:19:32Z,26.399942,-76.988267,0.30,5.1,1,8,1.2
2024-03-26T19:19:37Z,26.399945,-76.988263,0.37,53.5,1,8,1.2
2024-03-26T19:19:42Z,26.399937,-76.988272,0.20,257.1,1,8,1.2
2024-03-26T19:19:52Z,26.399928,-76.988277,0.17,271.6,1,8,1.2
2024-03-26T19:19:57Z,26.399925,-76.988282,0.16,217.8,1,8,1.2
2024-03-26T19:20:02Z,26.399920,-76.988285,0.36,172.2,1,8,1.2
2024-03-26T19:20:07Z,26.399922,-76.988288,0.09,184.7,1,8,1.2
2024-03-26T19:20:17Z,26.399950,-76.988278,0.36,112.2,1,8,1.2
2024-03-26T19:20:22Z,26.399953,-76.988280,0.24,161.4,1,8,1.2
2024-03-26T19:20:27Z,26.399950,-76.988285,0.64,331.4,1,8,1.2
2024-03-26T19:20:32Z,26.399950,-76.988287,0.58,77.1,1,8,1.2
2024-03-26T19:20:37Z,26.399947,-76.988280,0.55,109.5,1,8,1.2
2024-03-26T19:20:42Z,26.399947,-76.988273,0.36,48.5,1,7,1.4
2024-03-26T19:20:47Z,26.399957,-76.988280,0.43,65.4,1,8,1.2
2024-03-26T19:20:52Z,26.399958,-76.988287,0.28,158.6,1,8,1.2
2024-03-26T19:20:57Z,26.399965,-76.988280,0.73,26.8,1,8,1.2
2024-03-26T19:21:02Z,26.399968,-76.988277,0.31,52.9,1,8,1.2
2024-03-26T19:21:07Z,26.399968,-76.988282,0.69,142.0,1,8,1.2
2024-03-26T19:21:12Z,26.399973,-76.988283,0.25,2.4,1,8,1.2
2024-03-26T19:21:17Z,26.399977,-76.988283,0.10,53.5,1,8,1.2
2024-03-26T19:21:22Z,26.399983,-76.988278,0.37,28.0,1,8,1.2
2024-03-26T19:21:27Z,26.399993,-76.988272,0.53,102.1,1,8,1.2
2024-03-26T19:21:37Z,26.400008,-76.988262,0.47,55.7,1,8,1.2
2024-03-26T19:21:42Z,26.400007,-76.988273,0.37,193.7,1,8,1.2
2024-03-26T19:21:47Z,26.400003,-76.988275,0.37,77.0,1,8,1.2
2024-03-26T19:21:52Z,26.400012,-76.988272,0.12,167.4,1,8,1.2
2024-03-26T19:22:02Z,26.400007,-76.988273,0.09,206.7,1,8,1.2
2024-03-26T19:22:07Z,26.400008,-76.988277,0.49,134.9,1,8,1.2
2024-03-26T19:22:12Z,26.400005,-76.988268,0.32,186.0,1,8,1.2
2024-03-26T19:22:17Z,26.400007,-76.988258,0.47,100.0,1,8,1.2
2024-03-26T19:22:27Z,26.399992,-76.988235,0.98,153.9,1,8,1.2
2024-03-26T19:22:32Z,26.399985,-76.988230,0.07,229.3,1,8,1.2
2024-03-26T19:22:37Z,26.399975,-76.988232,0.15,203.6,1,8,1.2
2024-03-26T19:22:42Z,26.399963,-76.988235,0.70,183.5,1,8,1.2
2024-03-26T19:22:47Z,26.399957,-76.988240,0.29,36.1,1,8,1.2
2024-03-26T19:22:57Z,26.399948,-76.988238,0.41,217.1,1,8,1.2
2024-03-26T19:23:02Z,26.399945,-76.988242,0.81,137.5,1,8,1.2
2024-03-26T19:23:07Z,26.399938,-76.988237,0.17,146.8,1,8,1.2
2024-03-26T19:23:12Z,26.399933,-76.988242,0.21,332.9,1,8,1.2
2024-03-26T19:23:22Z,26.399920,-76.988253,0.11,209.1,1,8,1.2
2024-03-26T19:23:27Z,26.399918,-76.988265,0.11,332.2,1,8,1.2
2024-03-26T19:23:32Z,26.399918,-76.988275,0.36,286.5,1,8,1.2
2024-03-26T19:23:37Z,26.399918,-76.988283,0.28,87.2,1,8,1.2
2024-03-26T19:23:42Z,26.399927,-76.988280,0.53,8.8,1,8,1.2
2024-03-26T19:23:47Z,26.399930,-76.988280,0.21,285.9,1,8,1.2
2024-03-26T19:23:52Z,26.399938,-76.988287,0.52,50.6,1,8,1.2
2024-03-26T19:23:57Z,26.399940,-76.988285,0.71,61.6,1,8,1.2
2024-03-26T19:24:02Z,26.399938,-76.988277,0.09,64.5,1,8,1.2
2024-03-26T19:24:07Z,26.399942,-76.988285,0.65,330.7,1,8,1.2
2024-03-26T19:24:12Z,26.399938,-76.988283,0.61,79.5,1,8,1.2
2024-03-26T19:24:17Z,26.399935,-76.988285,0.23,344.4,1,8,1.2
2024-03-26T19:24:22Z,26.399933,-76.988285,0.51,127.7,1,8,1.2
2024-03-26T19:24:27Z,26.399925,-76.988277,0.42,130.9,1,8,1.2
2024-03-26T19:24:32Z,26.399918,-76.988277,0.43,165.8,1,8,1.2
2024-03-26T19:24:37Z,26.399920,-76.988273,0.28,36.7,1,8,1.2
2024-03-26T19:24:42Z,26.399923,-76.988278,0.63,329.2,1,8,1.2
2024-03-26T19:24:47Z,26.399932,-76.988285,0.31,96.5,1,8,1.2
2024-03-26T19:24:52Z,26.399932,-76.988288,0.19,13.7,1,7,1.4
2024-03-26T19:24:57Z,26.399932,-76.988292,0.63,129.6,1,7,1.4
2024-03-26T19:25:02Z,26.399935,-76.988290,0.27,144.5,1,8,1.2
2024-03-26T19:25:07Z,26.399942,-76.988287,0.19,199.6,1,8,1.2
2024-03-26T19:25:12Z,26.399953,-76.988280,0.52,92.6,1,8,1.2
2024-03-26T19:25:17Z,26.399963,-76.988272,0.29,89.7,1,8,1.2
2024-03-26T19:25:22Z,26.399970,-76.988282,0.20,301.0,1,8,1.2
2024-03-26T19:25:27Z,26.399973,-76.988280,0.47,59.7,1,8,1.2
2024-03-26T19:25:37Z,26.399985,-76.988288,0.52,145.9,1,8,1.2
2024-03-26T19:25:42Z,26.399992,-76.988285,0.24,87.9,1,8,1.2
2024-03-26T19:25:47Z,26.399993,-76.988278,0.52,326.3,1,8,1.2
2024-03-26T19:25:52Z,26.399990,-76.988282,0.14,348.7,1,8,1.2
2024-03-26T19:25:57Z,26.399985,-76.988282,0.03,159.7,1,8,1.2
2024-03-26T19:26:02Z,26.399977,-76.988280,0.21,83.0,1,8,1.2
2024-03-26T19:26:07Z,26.399980,-76.988270,0.17,85.2,1,8,1.2
2024-03-26T19:26:12Z,26.399982,-76.988262,0.17,60.8,1,8,1.2
2024-03-26T19:26:17Z,26.399980,-76.988262,0.41,85.8,1,8,1.2
2024-03-26T19:26:22Z,26.399980,-76.988268,0.38,319.4,1,8,1.2
2024-03-26T19:26:27Z,26.399988,-76.988268,0.29,130.5,1,8,1.2
2024-03-26T19:26:32Z,26.399983,-76.988265,0.59,247.2,1,8,1.2
2024-03-26T19:26:37Z,26.399987,-76.988260,0.40,79.7,1,8,1.2
2024-03-26T19:26:42Z,26.399998,-76.988257,0.21,75.8,1,8,1.2
2024-03-26T19:26:47Z,26.399998,-76.988255,0.21,241.8,1,8,1.2
2024-03-26T19:26:57Z,26.399997,-76.988255,0.09,281.3,1,8,1.2
2024-03-26T19:27:02Z,26.399990,-76.988253,0.48,155.8,1,8,1.2
2024-03-26T19:27:07Z,26.399987,-76.988257,0.70,151.5,1,8,1.2
2024-03-26T19:27:12Z,26.399975,-76.988257,0.32,107.2,1,8,1.2
2024-03-26T19:27:22Z,26.399967,-76.988250,0.36,213.2,1,8,1.2
2024-03-26T19:27:27Z,26.399962,-76.988260,0.68,130.9,1,8,1.2
2024-03-26T19:27:32Z,26.399953,-76.988268,0.41,213.0,1,8,1.2
2024-03-26T19:27:37Z,26.399950,-76.988272,0.16,313.0,1,8,1.2
2024-03-26T19:27:42Z,26.399945,-76.988273,0.28,258.5,1,7,1.4
2024-03-26T19:27:47Z,26.399943,-76.988275,0.66,104.8,1,8,1.2
2024-03-26T19:27:52Z,26.399940,-76.988273,0.14,269.4,1,8,1.2
2024-03-26T19:27:57Z,26.399942,-76.988283,0.09,285.3,1,8,1.2
2024-03-26T19:28:02Z,26.399933,-76.988285,0.34,156.4,1,8,1.2
2024-03-26T19:28:07Z,26.399933,-76.988287,0.43,120.9,1,8,1.2
2024-03-26T19:28:12Z,26.399937,-76.988287,0.40,9.7,1,8,1.2
2024-03-26T19:28:17Z,26.399940,-76.988288,0.43,118.0,1,8,1.2
2024-03-26T19:28:22Z,26.399938,-76.988282,0.21,212.4,1,8,1.2
2024-03-26T19:28:27Z,26.399942,-76.988275,0.31,311.6,1,8,1.2
2024-03-26T19:28:32Z,26.399935,-76.988277,0.65,144.1,1,8,1.2
2024-03-26T19:28:42Z,26.399940,-76.988268,0.34,27.6,1,8,1.2
2024-03-26T19:28:47Z,26.399937,-76.988263,0.39,133.5,1,8,1.2
2024-03-26T19:28:52Z,26.399935,-76.988268,0.24,287.8,1,8,1.2
2024-03-26T19:28:57Z,26.399940,-76.988268,0.41,89.6,1,8,1.2
2024-03-26T19:29:07Z,26.399947,-76.988277,0.16,96.8,1,8,1.2
2024-03-26T19:29:12Z,26.399953,-76.988278,0.12,252.9,1,8,1.2
2024-03-26T19:29:17Z,26.399963,-76.988277,0.32,49.7,1,8,1.2
2024-03-26T19:29:22Z,26.399965,-76.988273,0.30,64.7,1,8,1.2
2024-03-26T19:29:27Z,26.399965,-76.988265,0.15,322.8,1,8,1.2
2024-03-26T19:29:32Z,26.399972,-76.988260,0.29,85.7,1,8,1.2
2024-03-26T19:29:37Z,26.399968,-76.988265,0.36,186.9,1,8,1.2
2024-03-26T19:29:42Z,26.399968,-76.988262,0.59,8.3,1,8,1.2
2024-03-26T19:29:47Z,26.399975,-76.988267,0.13,54.3,1,8,1.2
2024-03-26T19:29:52Z,26.399975,-76.988263,0.45,135.5,1,8,1.2
2024-03-26T19:29:57Z,26.399973,-76.988257,0.11,201.8,1,8,1.2
2024-03-26T19:30:02Z,26.399973,-76.988260,0.32,249.2,1,8,1.2
2024-03-26T19:30:07Z,26.399970,-76.988260,0.38,126.7,1,8,1.2
2024-03-26T19:30:12Z,26.399970,-76.988253,0.13,209.9,1,8,1.2
2024-03-26T19:30:17Z,26.399967,-76.988262,0.29,256.7,1,8,1.2
2024-03-26T19:30:27Z,26.399973,-76.988275,0.28,347.7,1,8,1.2
2024-03-26T19:30:32Z,26.399985,-76.988277,0.14,67.2,1,8,1.2
2024-03-26T19:30:37Z,26.399982,-76.988275,0.50,108.7,1,8,1.2
2024-03-26T19:30:42Z,26.399980,-76.988272,0.15,23.7,1,8,1.2
2024-03-26T19:30:52Z,26.399982,-76.988258,0.58,342.7,1,8,1.2
2024-03-26T19:30:57Z,26.399985,-76.988260,0.49,23.4,1,8,1.2
2024-03-26T19:31:02Z,26.399990,-76.988262,0.47,13.2,1,8,1.2
2024-03-26T19:31:07Z,26.399987,-76.988270,0.60,86.6,1,8,1.2
2024-03-26T19:31:12Z,26.399992,-76.988268,0.33,128.5,1,8,1.2
2024-03-26T19:31:17Z,26.399997,-76.988267,0.33,98.5,1,8,1.2
2024-03-26T19:31:22Z,26.399995,-76.988263,0.47,145.7,1,8,1.2
2024-03-26T19:31:27Z,26.399995,-76.988257,0.37,55.0,1,8,1.2
2024-03-26T19:31:32Z,26.399997,-76.988257,0.40,11.8,1,8,1.2
2024-03-26T19:31:37Z,26.400000,-76.988258,0.25,315.1,1,8,1.2
2024-03-26T19:31:42Z,26.400008,-76.988267,0.53,254.4,1,8,1.2
2024-03-26T19:31:47Z,26.400005,-76.988275,0.40,306.9,1,8,1.2
2024-03-26T19:31:52Z,26.400007,-76.988278,0.41,51.2,1,8,1.2
2024-03-26T19:31:57Z,26.400015,-76.988268,0.51,102.3,1,8,1.2
2024-03-26T19:32:02Z,26.400017,-76.988260,0.53,102.1,1,8,1.2
2024-03-26T19:32:12Z,26.400035,-76.988243,0.57,350.4,1,8,1.2
2024-03-26T19:32:17Z,26.400043,-76.988238,0.34,15.8,1,8,1.2
2024-03-26T19:32:22Z,26.400047,-76.988240,0.12,89.3,1,8,1.2
2024-03-26T19:32:27Z,26.400055,-76.988235,0.60,26.0,1,8,1.2
2024-03-26T19:32:37Z,26.400057,-76.988227,0.52,167.5,1,8,1.2
2024-03-26T19:32:42Z,26.400050,-76.988218,0.15,228.9,1,8,1.2
2024-03-26T19:32:47Z,26.400038,-76.988220,0.16,222.8,1,8,1.2
2024-03-26T19:32:52Z,26.400035,-76.988225,0.36,110.0,1,8,1.2
2024-03-26T19:32:57Z,26.400025,-76.988228,0.84,167.1,1,8,1.2
2024-03-26T19:33:02Z,26.400025,-76.988230,0.12,219.8,1,8,1.2
2024-03-26T19:33:07Z,26.400028,-76.988230,0.11,77.9,1,8,1.2
2024-03-26T19:33:12Z,26.400023,-76.988233,0.43,171.4,1,7,1.4
2024-03-26T19:33:17Z,26.400023,-76.988232,0.13,64.7,1,8,1.2
2024-03-26T19:33:22Z,26.400027,-76.988227,0.72,115.5,1,8,1.2
2024-03-26T19:33:27Z,26.400022,-76.988230,0.32,146.0,1,8,1.2
2024-03-26T19:33:32Z,26.400013,-76.988242,0.16,171.8,1,8,1.2
2024-03-26T19:33:37Z,26.400008,-76.988240,0.74,140.6,1,8,1.2
2024-03-26T19:33:42Z,26.400003,-76.988233,0.48,199.5,1,8,1.2
2024-03-26T19:33:47Z,26.400000,-76.988238,0.12,160.7,1,8,1.2
2024-03-26T19:33:57Z,26.399997,-76.988235,0.43,170.2,1,8,1.2
2024-03-26T19:34:02Z,26.399998,-76.988247,0.36,293.7,1,8,1.2
2024-03-26T19:34:07Z,26.399992,-76.988250,0.38,198.0,1,8,1.2
2024-03-26T19:34:12Z,26.399985,-76.988262,0.64,173.3,1,8,1.2
2024-03-26T19:34:17Z,26.399978,-76.988268,0.33,186.8,1,8,1.2
2024-03-26T19:34:22Z,26.399973,-76.988272,0.36,223.3,1,8,1.2
2024-03-26T19:34:27Z,26.399968,-76.988277,0.48,182.7,1,8,1.2
2024-03-26T19:34:32Z,26.399970,-76.988273,0.38,171.8,1,8,1.2
2024-03-26T19:34:37Z,26.399963,-76.988273,0.31,206.6,1,8,1.2
2024-03-26T19:34:42Z,26.399965,-76.988260,0.18,117.6,1,8,1.2
2024-03-26T19:34:52Z,26.399965,-76.988255,0.25,49.8,1,8,1.2
2024-03-26T19:34:57Z,26.399967,-76.988257,0.43,62.1,1,7,1.3
2024-03-26T19:35:02Z,26.399965,-76.988268,0.11,179.3,1,8,1.2
2024-03-26T19:35:07Z,26.399963,-76.988277,0.22,176.6,1,8,1.2
2024-03-26T19:35:17Z,26.399978,-76.988283,0.16,29.6,1,8,1.2
2024-03-26T19:35:22Z,26.399972,-76.988285,0.19,260.6,1,8,1.2
2024-03-26T19:35:27Z,26.399978,-76.988282,0.19,130.0,1,8,1.2
2024-03-26T19:35:32Z,26.399982,-76.988267,0.70,78.7,1,8,1.2
2024-03-26T19:35:37Z,26.399988,-76.988258,0.26,35.7,1,8,1.2
2024-03-26T19:35:42Z,26.399992,-76.988257,0.60,152.6,1,7,1.3
2024-03-26T19:35:47Z,26.399995,-76.988252,0.20,68.4,1,8,1.2
2024-03-26T19:35:52Z,26.400002,-76.988247,0.17,63.7,1,8,1.2
2024-03-26T19:35:57Z,26.400008,-76.988252,0.43,310.0,1,8,1.2
2024-03-26T19:36:02Z,26.400008,-76.988258,0.27,299.7,1,8,1.2
2024-03-26T19:36:12Z,26.400003,-76.988268,0.28,113.3,1,9,1.2
2024-03-26T19:36:17Z,26.400000,-76.988262,0.40,115.8,1,9,1.2
2024-03-26T19:36:22Z,26.399995,-76.988257,0.48,151.0,1,8,1.2
2024-03-26T19:36:27Z,26.399988,-76.988247,0.46,94.8,1,9,1.2
2024-03-26T19:36:37Z,26.399993,-76.988270,0.32,275.1,1,9,1.2
2024-03-26T19:36:42Z,26.399995,-76.988272,0.59,17.5,1,9,1.2
2024-03-26T19:36:47Z,26.400002,-76.988285,0.14,131.1,1,9,1.2
2024-03-26T19:36:52Z,26.400003,-76.988283,0.13,101.9,1,9,1.2
2024-03-26T19:37:02Z,26.399992,-76.988285,0.12,145.1,1,9,1.2
2024-03-26T19:37:07Z,26.399995,-76.988287,0.41,100.3,1,9,1.2
2024-03-26T19:37:12Z,26.399990,-76.988295,0.66,237.8,1,9,1.2
2024-03-26T19:37:17Z,26.399988,-76.988293,0.09,210.8,1,9,1.2
2024-03-26T19:37:22Z,26.399985,-76.988292,0.25,140.5,1,9,1.2
2024-03-26T19:37:27Z,26.399983,-76.988290,0.41,182.1,1,9,1.2
2024-03-26T19:37:32Z,26.399977,-76.988278,0.40,151.4,1,9,1.2
2024-03-26T19:37:37Z,26.399960,-76.988267,0.88,156.5,1,9,1.2
2024-03-26T19:37:42Z,26.399955,-76.988260,0.71,136.2,1,9,1.2
2024-03-26T19:37:47Z,26.399952,-76.988248,0.17,136.8,1,9,1.2
2024-03-26T19:37:57Z,26.399932,-76.988255,0.49,143.1,1,9,1.2
2024-03-26T19:38:02Z,26.399933,-76.988260,0.46,95.6,1,9,1.2
2024-03-26T19:38:07Z,26.399925,-76.988268,0.33,208.1,1,9,1.2
2024-03-26T19:38:12Z,26.399915,-76.988268,0.26,323.6,1,9,1.2
2024-03-26T19:38:22Z,26.399912,-76.988282,0.20,181.9,1,9,1.2
2024-03-26T19:38:27Z,26.399912,-76.988287,0.42,235.8,1,9,1.2
2024-03-26T19:38:32Z,26.399913,-76.988290,0.55,308.6,1,9,1.2
2024-03-26T19:38:37Z,26.399917,-76.988278,0.42,348.0,1,9,1.2
2024-03-26T19:38:47Z,26.399912,-76.988285,0.34,0.2,1,9,1.2
2024-03-26T19:38:52Z,26.399910,-76.988292,0.36,101.4,1,9,1.2
2024-03-26T19:38:57Z,26.399915,-76.988298,0.13,105.1,1,9,1.2
2024-03-26T19:39:02Z,26.399915,-76.988307,0.55,195.2,1,9,1.2
2024-03-26T19:39:12Z,26.399902,-76.988308,0.27,140.2,1,9,1.2
2024-03-26T19:39:17Z,26.399897,-76.988313,0.50,151.9,1,9,1.2
2024-03-26T19:39:22Z,26.399893,-76.988308,0.24,92.1,1,9,1.2
2024-03-26T19:39:27Z,26.399890,-76.988308,0.29,193.1,1,9,1.2
2024-03-26T19:39:37Z,26.399885,-76.988305,0.23,298.9,1,9,1.2
2024-03-26T19:39:42Z,26.399887,-76.988300,0.09,125.5,1,9,1.2
2024-03-26T19:39:47Z,26.399895,-76.988308,0.68,152.6,1,9,1.2
2024-03-26T19:39:52Z,26.399902,-76.988308,0.37,88.0,1,9,1.2
2024-03-26T19:39:57Z,26.399905,-76.988307,0.30,328.6,1,9,1.2
2024-03-26T19:40:02Z,26.399907,-76.988310,0.52,108.7,1,9,1.2
2024-03-26T19:40:07Z,26.399902,-76.988300,0.48,131.5,1,9,1.2
2024-03-26T19:40:12Z,26.399900,-76.988290,0.30,350.4,1,9,1.2
2024-03-26T19:40:17Z,26.399903,-76.988287,0.87,30.0,1,9,1.2
2024-03-26T19:40:22Z,26.399908,-76.988292,0.36,333.6,1,9,1.2
2024-03-26T19:40:27Z,26.399912,-76.988300,0.33,140.4,1,9,1.2
2024-03-26T19:40:32Z,26.399915,-76.988310,0.30,28.8,1,9,1.2
2024-03-26T19:40:37Z,26.399923,-76.988305,0.62,31.4,1,8,1.5
2024-03-26T19:40:42Z,26.399927,-76.988310,0.30,115.0,1,9,1.2
2024-03-26T19:40:47Z,26.399940,-76.988312,0.60,83.9,1,9,1.2
2024-03-26T19:40:57Z,26.399955,-76.988292,0.21,78.3,1,9,1.2
2024-03-26T19:41:02Z,26.399967,-76.988303,0.43,17.0,1,9,1.2
2024-03-26T19:41:07Z,26.399975,-76.988300,0.69,40.0,1,9,1.2
2024-03-26T19:41:12Z,26.399987,-76.988290,0.20,248.4,1,9,1.2
2024-03-26T19:41:22Z,26.399987,-76.988270,0.69,50.3,1,9,1.2
2024-03-26T19:41:27Z,26.399998,-76.988255,0.56,50.0,1,9,1.2
2024-03-26T19:41:32Z,26.399997,-76.988263,0.54,148.0,1,9,1.2
2024-03-26T19:41:37Z,26.399998,-76.988265,0.09,307.4,1,9,1.2
2024-03-26T19:41:42Z,26.399993,-76.988273,0.23,231.2,1,9,1.2
2024-03-26T19:41:47Z,26.399990,-76.988280,0.50,194.4,1,9,1.2
2024-03-26T19:41:52Z,26.399983,-76.988275,0.45,220.7,1,9,1.2
2024-03-26T19:41:57Z,26.399987,-76.988278,0.31,198.6,1,9,1.2
2024-03-26T19:42:02Z,26.399988,-76.988265,0.49,117.2,1,9,1.2
2024-03-26T19:42:07Z,26.399987,-76.988255,0.50,54.2,1,9,1.2
2024-03-26T19:42:12Z,26.399990,-76.988238,0.66,118.4,1,9,1.2
2024-03-26T19:42:17Z,26.399993,-76.988223,0.24,23.2,1,9,1.2
2024-03-26T19:42:22Z,26.399995,-76.988215,0.14,269.6,1,9,1.2
2024-03-26T19:42:27Z,26.399993,-76.988218,0.64,91.6,1,9,1.2
2024-03-26T19:42:32Z,26.399997,-76.988213,0.21,351.5,1,9,1.2
2024-03-26T19:42:42Z,26.400005,-76.988222,0.18,349.0,1,9,1.2
2024-03-26T19:42:47Z,26.400002,-76.988227,0.34,92.3,1,9,1.2
2024-03-26T19:42:52Z,26.400002,-76.988220,0.31,51.7,1,9,1.2
2024-03-26T19:42:57Z,26.400002,-76.988240,0.40,59.4,1,9,1.2
2024-03-26T19:43:07Z,26.400008,-76.988250,0.24,70.5,1,9,1.2
2024-03-26T19:43:12Z,26.400012,-76.988253,0.16,75.3,1,9,1.2
2024-03-26T19:43:17Z,26.400012,-76.988253,0.25,146.9,1,9,1.2
2024-03-26T19:43:22Z,26.400012,-76.988250,0.43,133.2,1,9,1.2
2024-03-26T19:43:27Z,26.400015,-76.988255,0.37,7.0,1,9,1.2
2024-03-26T19:43:32Z,26.400023,-76.988257,0.64,358.2,1,9,1.2
2024-03-26T19:43:37Z,26.400022,-76.988255,0.19,131.4,1,9,1.2
2024-03-26T19:43:42Z,26.400017,-76.988255,0.09,176.4,1,9,1.2
2024-03-26T19:43:47Z,26.400020,-76.988250,0.40,156.9,1,9,1.2
2024-03-26T19:43:52Z,26.400018,-76.988248,0.21,274.4,1,9,1.2
2024-03-26T19:44:02Z,26.400013,-76.988240,0.74,110.5,1,9,1.2
2024-03-26T19:44:07Z,26.400017,-76.988245,0.33,237.3,1,9,1.2
2024-03-26T19:44:12Z,26.400017,-76.988250,0.45,104.7,1,9,1.2
2024-03-26T19:44:17Z,26.400015,-76.988238,0.59,105.6,1,9,1.2
2024-03-26T19:44:22Z,26.400012,-76.988235,0.42,107.0,1,9,1.2
2024-03-26T19:44:32Z,26.400010,-76.988233,0.38,120.1,1,9,1.2
2024-03-26T19:44:37Z,26.400000,-76.988227,0.34,340.3,1,9,1.2
2024-03-26T19:44:42Z,26.399998,-76.988240,0.23,100.1,1,9,1.2
2024-03-26T19:44:47Z,26.400000,-76.988247,0.41,318.7,1,9,1.2
2024-03-26T19:44:52Z,26.400002,-76.988260,0.29,239.4,1,9,1.2
2024-03-26T19:44:57Z,26.400000,-76.988272,0.39,312.1,1,9,1.2
2024-03-26T19:45:02Z,26.400000,-76.988278,0.31,112.8,1,9,1.2
2024-03-26T19:45:07Z,26.399995,-76.988283,0.48,244.4,1,9,1.2
2024-03-26T19:45:12Z,26.399988,-76.988292,0.10,261.0,1,9,1.2
2024-03-26T19:45:17Z,26.399988,-76.988287,0.13,153.7,1,9,1.2
2024-03-26T19:45:22Z,26.399983,-76.988273,0.17,225.3,1,9,1.2
2024-03-26T19:45:32Z,26.399972,-76.988272,0.70,83.6,1,9,1.2
2024-03-26T19:45:37Z,26.399970,-76.988272,0.46,150.0,1,9,1.2
2024-03-26T19:45:42Z,26.399968,-76.988270,0.56,157.4,1,9,1.2
2024-03-26T19:45:47Z,26.399957,-76.988263,1.03,177.3,1,9,1.2
2024-03-26T19:45:52Z,26.399947,-76.988252,0.09,181.1,1,9,1.2
2024-03-26T19:45:57Z,26.399937,-76.988250,0.29,172.9,1,9,1.2
2024-03-26T19:46:02Z,26.399930,-76.988247,0.37,222.5,1,9,1.2
2024-03-26T19:46:07Z,26.399930,-76.988245,0.35,93.9,1,9,1.2
2024-03-26T19:46:12Z,26.399930,-76.988233,0.63,148.0,1,9,1.2
2024-03-26T19:46:17Z,26.399920,-76.988223,0.49,101.0,1,9,1.2
2024-03-26T19:46:22Z,26.399918,-76.988225,0.10,230.8,1,9,1.2
2024-03-26T19:46:32Z,26.399910,-76.988243,0.06,6.3,1,9,1.2
2024-03-26T19:46:37Z,26.399905,-76.988257,0.31,208.6,1,9,1.2
2024-03-26T19:46:42Z,26.399902,-76.988260,0.24,94.9,1,9,1.2
2024-03-26T19:46:47Z,26.399898,-76.988263,0.57,147.7,1,9,1.2
2024-03-26T19:46:52Z,26.399897,-76.988272,0.34,265.9,1,9,1.2
2024-03-26T19:47:02Z,26.399883,-76.988280,0.04,269.2,1,9,1.2
2024-03-26T19:47:07Z,26.399880,-76.988275,0.50,133.4,1,9,1.2
2024-03-26T19:47:12Z,26.399877,-76.988273,0.65,161.8,1,9,1.2
2024-03-26T19:47:17Z,26.399875,-76.988273,0.55,76.3,1,9,1.2
2024-03-26T19:47:22Z,26.399873,-76.988272,0.28,33.8,1,9,1.2
2024-03-26T19:47:32Z,26.399877,-76.988282,0.12,325.4,1,8,1.2
2024-03-26T19:47:37Z,26.399878,-76.988280,0.33,330.9,1,9,1.2
2024-03-26T19:47:42Z,26.399888,-76.988300,0.98,325.7,1,9,1.2
2024-03-26T19:47:47Z,26.399887,-76.988318,0.13,290.3,1,8,1.2
2024-03-26T19:47:52Z,26.399877,-76.988322,0.26,193.5,1,9,1.2
2024-03-26T19:48:02Z,26.399885,-76.988317,0.36,52.0,1,8,1.2
2024-03-26T19:48:07Z,26.399897,-76.988322,0.28,31.6,1,8,1.2
2024-03-26T19:48:12Z,26.399905,-76.988317,0.78,7.0,1,9,1.2
2024-03-26T19:48:17Z,26.399912,-76.988315,0.14,226.4,1,9,1.2
2024-03-26T19:48:22Z,26.399903,-76.988307,0.40,59.2,1,9,1.2
2024-03-26T19:48:27Z,26.399910,-76.988310,0.11,341.0,1,8,1.2
2024-03-26T19:48:37Z,26.399918,-76.988318,0.30,223.1,1,8,1.2
2024-03-26T19:48:42Z,26.399922,-76.988322,0.33,95.1,1,8,1.2
2024-03-26T19:48:47Z,26.399913,-76.988308,0.49,108.1,1,9,1.2
2024-03-26T19:48:52Z,26.399917,-76.988303,0.31,90.9,1,9,1.2
2024-03-26T19:48:57Z,26.399915,-76.988307,0.99,135.5,1,9,1.2
2024-03-26T19:49:02Z,26.399920,-76.988298,0.48,106.5,1,9,1.2
2024-03-26T19:49:07Z,26.399917,-76.988293,0.28,128.4,1,9,1.2
2024-03-26T19:49:12Z,26.399917,-76.988303,0.07,2.3,1,9,1.2
2024-03-26T19:49:17Z,26.399915,-76.988295,0.22,68.1,1,9,1.2
2024-03-26T19:49:22Z,26.399903,-76.988285,1.15,122.6,1,9,1.2
2024-03-26T19:49:27Z,26.399905,-76.988283,0.18,340.2,1,9,1.2
2024-03-26T19:49:37Z,26.399907,-76.988273,0.35,133.3,1,9,1.2
2024-03-26T19:49:42Z,26.399900,-76.988275,0.20,13.9,1,9,1.2
2024-03-26T19:49:47Z,26.399905,-76.988280,0.49,168.7,1,9,1.2
2024-03-26T19:49:52Z,26.399908,-76.988275,0.50,130.9,1,8,1.2
2024-03-26T19:49:57Z,26.399900,-76.988278,0.40,154.9,1,9,1.2
2024-03-26T19:50:07Z,26.399895,-76.988277,0.47,141.3,1,9,1.2
2024-03-26T19:50:12Z,26.399885,-76.988278,0.43,180.6,1,9,1.2
2024-03-26T19:50:17Z,26.399882,-76.988282,0.30,216.2,1,9,1.2
2024-03-26T19:50:22Z,26.399882,-76.988287,0.67,288.0,1,9,1.2
2024-03-26T19:50:27Z,26.399882,-76.988293,0.31,58.1,1,9,1.2
2024-03-26T19:50:37Z,26.399873,-76.988295,0.53,244.5,1,9,1.2
2024-03-26T19:50:42Z,26.399870,-76.988300,0.86,104.9,1,8,1.2
2024-03-26T19:50:47Z,26.399877,-76.988302,0.12,10.4,1,9,1.2
2024-03-26T19:50:52Z,26.399873,-76.988308,0.45,259.0,1,9,1.2
2024-03-26T19:50:57Z,26.399873,-76.988308,0.27,87.6,1,8,1.2
2024-03-26T19:51:07Z,26.399870,-76.988322,0.28,250.5,1,8,1.2
2024-03-26T19:51:12Z,26.399875,-76.988315,0.19,72.5,1,8,1.2
2024-03-26T19:51:17Z,26.399885,-76.988317,0.77,11.7,1,8,1.2
2024-03-26T19:51:22Z,26.399893,-76.988310,0.63,327.5,1,9,1.2
2024-03-26T19:51:27Z,26.399897,-76.988312,0.24,307.3,1,9,1.2
2024-03-26T19:51:37Z,26.399890,-76.988328,0.39,170.3,1,8,1.2
2024-03-26T19:51:42Z,26.399888,-76.988327,0.28,147.2,1,8,1.2
2024-03-26T19:51:47Z,26.399898,-76.988328,0.13,145.8,1,8,1.2
2024-03-26T19:51:52Z,26.399898,-76.988332,0.22,178.7,1,8,1.2
2024-03-26T19:51:57Z,26.399895,-76.988327,0.47,61.2,1,8,1.2
2024-03-26T19:52:07Z,26.399900,-76.988327,0.28,158.5,1,9,1.2
2024-03-26T19:52:12Z,26.399903,-76.988323,0.40,136.2,1,9,1.1
2024-03-26T19:52:17Z,26.399902,-76.988313,0.33,164.4,1,9,1.1
2024-03-26T19:52:22Z,26.399900,-76.988310,0.23,106.9,1,9,1.1
2024-03-26T19:52:27Z,26.399902,-76.988308,0.78,1.5,1,8,1.2
2024-03-26T19:52:37Z,26.399910,-76.988302,0.31,249.9,1,9,1.1
2024-03-26T19:52:42Z,26.399907,-76.988298,0.41,259.2,1,8,1.2
2024-03-26T19:52:47Z,26.399912,-76.988308,0.26,221.9,1,8,1.2
2024-03-26T19:52:52Z,26.399913,-76.988307,0.17,90.6,1,9,1.1
2024-03-26T19:52:57Z,26.399897,-76.988297,0.39,142.3,1,9,1.1
2024-03-26T19:53:07Z,26.399915,-76.988305,0.44,340.7,1,9,1.1
2024-03-26T19:53:12Z,26.399923,-76.988302,0.31,180.4,1,9,1.1
2024-03-26T19:53:17Z,26.399925,-76.988292,0.45,79.6,1,9,1.1
2024-03-26T19:53:22Z,26.399928,-76.988293,0.50,2.2,1,9,1.1
2024-03-26T19:53:27Z,26.399937,-76.988292,0.29,129.1,1,9,1.1
2024-03-26T19:53:37Z,26.399943,-76.988293,0.55,311.4,1,9,1.1
2024-03-26T19:53:42Z,26.399948,-76.988302,0.13,267.8,1,9,1.1
2024-03-26T19:53:47Z,26.399948,-76.988297,0.70,348.7,1,9,1.1
2024-03-26T19:53:52Z,26.399947,-76.988293,0.54,86.9,1,9,1.1
2024-03-26T19:53:57Z,26.399950,-76.988292,0.59,9.4,1,9,1.1
2024-03-26T19:54:07Z,26.399955,-76.988290,0.23,357.7,1,9,1.1
2024-03-26T19:54:12Z,26.399958,-76.988302,0.22,325.3,1,9,1.1
2024-03-26T19:54:17Z,26.399963,-76.988293,0.70,97.8,1,8,1.2
2024-03-26T19:54:22Z,26.399962,-76.988287,0.56,47.1,1,8,1.2
2024-03-26T19:54:27Z,26.399963,-76.988282,0.35,73.2,1,9,1.1
2024-03-26T19:54:32Z,26.399967,-76.988268,0.41,4.6,1,9,1.1
2024-03-26T19:54:42Z,26.399978,-76.988265,0.64,5.2,1,9,1.1
2024-03-26T19:54:47Z,26.399985,-76.988272,0.24,308.3,1,8,1.2
2024-03-26T19:54:52Z,26.399988,-76.988270,0.30,7.6,1,9,1.1
2024-03-26T19:54:57Z,26.400000,-76.988268,0.22,173.0,1,9,1.1
2024-03-26T19:55:02Z,26.400005,-76.988267,0.65,17.8,1,9,1.1
2024-03-26T19:55:07Z,26.400008,-76.988258,0.61,43.1,1,9,1.1
2024-03-26T19:55:12Z,26.400007,-76.988252,0.33,332.1,1,9,1.1
2024-03-26T19:55:17Z,26.400013,-76.988248,0.38,41.9,1,9,1.1
2024-03-26T19:55:22Z,26.400025,-76.988243,0.14,2.2,1,9,1.1
2024-03-26T19:55:27Z,26.400032,-76.988237,0.21,306.3,1,9,1.1
2024-03-26T19:55:37Z,26.400040,-76.988218,0.36,285.8,1,9,1.1
2024-03-26T19:55:42Z,26.400042,-76.988217,0.29,297.2,1,9,1.1
2024-03-26T19:55:47Z,26.400045,-76.988208,0.35,2.6,1,9,1.1
2024-03-26T19:55:52Z,26.400052,-76.988212,0.39,332.7,1,9,1.1
2024-03-26T19:55:57Z,26.400058,-76.988227,0.20,62.0,1,9,1.1
2024-03-26T19:56:07Z,26.400067,-76.988242,0.06,120.0,1,9,1.1
2024-03-26T19:56:12Z,26.400063,-76.988245,0.53,124.2,1,9,1.1
2024-03-26T19:56:17Z,26.400065,-76.988242,0.22,102.6,1,9,1.1
2024-03-26T19:56:22Z,26.400052,-76.988240,0.56,179.1,1,9,1.1
2024-03-26T19:56:27Z,26.400043,-76.988233,0.28,328.3,1,9,1.1
2024-03-26T19:56:37Z,26.400030,-76.988232,0.39,8.7,1,9,1.1
2024-03-26T19:56:42Z,26.400033,-76.988228,0.62,335.3,1,9,1.1
2024-03-26T19:56:47Z,26.400030,-76.988233,0.25,321.7,1,9,1.1
2024-03-26T19:56:52Z,26.400028,-76.988232,0.07,2.1,1,9,1.1
2024-03-26T19:56:57Z,26.400025,-76.988230,0.20,138.1,1,9,1.1
2024-03-26T19:57:07Z,26.400028,-76.988258,0.31,143.2,1,9,1.1
2024-03-26T19:57:12Z,26.400028,-76.988268,0.28,209.1,1,9,1.1
2024-03-26T19:57:17Z,26.400023,-76.988262,0.20,294.6,1,9,1.1
2024-03-26T19:57:22Z,26.400025,-76.988255,0.41,1.9,1,9,1.1
2024-03-26T19:57:27Z,26.400025,-76.988257,0.23,62.7,1,9,1.1
2024-03-26T19:57:37Z,26.400027,-76.988268,0.25,38.2,1,9,1.1
2024-03-26T19:57:42Z,26.400035,-76.988277,0.42,288.9,1,9,1.1
2024-03-26T19:57:47Z,26.400030,-76.988258,1.06,76.8,1,9,1.1
2024-03-26T19:57:52Z,26.400025,-76.988230,1.47,114.8,1,9,1.1
2024-03-26T19:57:57Z,26.400022,-76.988207,1.17,138.8,1,9,1.1
2024-03-26T19:58:02Z,26.400015,-76.988185,0.53,63.6,1,9,1.1
2024-03-26T19:58:07Z,26.400020,-76.988178,0.65,44.3,1,9,1.1
2024-03-26T19:58:12Z,26.400017,-76.988167,0.44,79.3,1,9,1.1
2024-03-26T19:58:17Z,26.400032,-76.988170,0.35,43.5,1,8,1.2
2024-03-26T19:58:22Z,26.400047,-76.988172,0.14,13.8,1,9,1.1
2024-03-26T19:58:32Z,26.400053,-76.988132,1.06,93.9,1,9,1.1
2024-03-26T19:58:37Z,26.400047,-76.988098,1.31,109.6,1,9,1.1
2024-03-26T19:58:42Z,26.400043,-76.988063,1.29,120.3,1,9,1.1
2024-03-26T19:58:47Z,26.400018,-76.988018,1.56,117.9,1,9,1.1
2024-03-26T19:58:52Z,26.399987,-76.987978,1.85,141.6,1,9,1.1
2024-03-26T19:59:02Z,26.399940,-76.987930,1.48,152.0,1,9,1.1
2024-03-26T19:59:07Z,26.399905,-76.987922,1.59,153.3,1,9,1.1
2024-03-26T19:59:12Z,26.399870,-76.987913,1.56,144.6,1,9,1.1
2024-03-26T19:59:17Z,26.399845,-76.987892,0.71,158.0,1,9,1.1
2024-03-26T19:59:22Z,26.399825,-76.987877,1.02,153.6,1,9,1.1
2024-03-26T19:59:32Z,26.399770,-76.987843,1.47,133.5,1,9,1.1
2024-03-26T19:59:37Z,26.399745,-76.987828,1.70,115.9,1,9,1.1
2024-03-26T19:59:42Z,26.399732,-76.987797,1.18,95.1,1,9,1.1
2024-03-26T19:59:47Z,26.399715,-76.987775,1.02,96.6,1,9,1.1
2024-03-26T19:59:52Z,26.399712,-76.987753,0.73,102.9,1,9,1.1
2024-03-26T20:00:02Z,26.399700,-76.987727,0.43,87.0,1,9,1.1
2024-03-26T20:00:07Z,26.399698,-76.987723,0.50,70.2,1,9,1.1
2024-03-26T20:00:12Z,26.399702,-76.987710,0.82,90.6,1,9,1.1
2024-03-26T20:00:17Z,26.399702,-76.987672,1.89,94.6,1,8,1.2
2024-03-26T20:00:22Z,26.399700,-76.987622,2.45,105.2,1,9,1.1
2024-03-26T20:00:32Z,26.399728,-76.987533,2.01,49.9,1,8,1.2
2024-03-26T20:00:37Z,26.399763,-76.987485,2.88,28.6,1,7,1.3
2024-03-26T20:00:42Z,26.399818,-76.987453,2.59,32.7,1,7,1.3
2024-03-26T20:00:47Z,26.399875,-76.987407,3.40,14.9,1,8,1.2
2024-03-26T20:00:52Z,26.399953,-76.987388,3.83,9.0,1,9,1.1
2024-03-26T20:01:02Z,26.400105,-76.987345,4.23,4.8,1,7,1.3
2024-03-26T20:01:07Z,26.400212,-76.987342,4.88,8.5,1,8,1.2
2024-03-26T20:01:12Z,26.400310,-76.987328,3.81,9.6,1,8,1.2
2024-03-26T20:01:17Z,26.400413,-76.987320,4.33,6.6,1,8,1.2
2024-03-26T20:01:22Z,26.400538,-76.987317,5.62,357.3,1,8,1.2
2024-03-26T20:01:32Z,26.400737,-76.987280,3.75,7.9,1,9,1.0
2024-03-26T20:01:37Z,26.400827,-76.987268,4.67,8.4,1,9,1.0
2024-03-26T20:01:42Z,26.400930,-76.987262,4.73,0.3,1,9,1.0
2024-03-26T20:01:47Z,26.401027,-76.987257,4.63,5.5,1,9,1.0
2024-03-26T20:01:52Z,26.401137,-76.987252,4.61,6.4,1,9,1.0
2024-03-26T20:01:57Z,26.401258,-76.987243,4.91,357.6,1,9,1.0
2024-03-26T20:02:07Z,26.401478,-76.987227,4.46,7.2,1,9,1.0
2024-03-26T20:02:12Z,26.401587,-76.987217,4.55,11.4,1,9,1.0
2024-03-26T20:02:17Z,26.401700,-76.987207,4.67,3.3,1,9,1.0
2024-03-26T20:02:22Z,26.401793,-76.987193,3.79,7.4,1,9,1.0
2024-03-26T20:02:27Z,26.401898,-76.987183,4.64,3.7,1,9,1.0
2024-03-26T20:02:32Z,26.402003,-76.987178,4.23,357.2,1,9,1.0
2024-03-26T20:02:37Z,26.402118,-76.987180,4.60,355.1,1,9,1.0
2024-03-26T20:02:42Z,26.402222,-76.987180,4.54,359.6,1,9,1.0
2024-03-26T20:02:47Z,26.402337,-76.987182,5.08,1.9,1,9,1.0
2024-03-26T20:02:52Z,26.402450,-76.987190,5.14,357.1,1,9,1.0
2024-03-26T20:02:57Z,26.402560,-76.987192,5.69,357.2,1,9,1.0
2024-03-26T20:03:02Z,26.402672,-76.987195,4.61,4.1,1,9,1.0
2024-03-26T20:03:12Z,26.402878,-76.987182,4.88,8.5,1,9,1.0
2024-03-26T20:03:17Z,26.402990,-76.987172,5.11,3.9,1,9,1.0
2024-03-26T20:03:22Z,26.403103,-76.987165,4.91,9.3,1,9,1.0
2024-03-26T20:03:27Z,26.403198,-76.987160,4.21,356.3,1,9,1.0
2024-03-26T20:03:32Z,26.403303,-76.987150,4.42,6.7,1,9,1.0
2024-03-26T20:03:37Z,26.403413,-76.987150,5.01,357.9,1,9,1.0
2024-03-26T20:03:47Z,26.403638,-76.987138,4.68,0.8,1,9,1.0
2024-03-26T20:03:52Z,26.403763,-76.987132,5.04,2.5,1,9,1.0
2024-03-26T20:03:57Z,26.403882,-76.987138,5.31,358.8,1,9,1.0
2024-03-26T20:04:02Z,26.404013,-76.987133,4.76,3.3,1,9,1.0
2024-03-26T20:04:07Z,26.404132,-76.987132,4.76,0.8,1,9,1.0
2024-03-26T20:04:12Z,26.404255,-76.987123,5.45,7.1,1,9,1.0
2024-03-26T20:04:22Z,26.404493,-76.987122,5.06,358.1,1,9,1.0
2024-03-26T20:04:27Z,26.404618,-76.987112,5.30,7.4,1,9,1.0
2024-03-26T20:04:32Z,26.404738,-76.987097,4.93,3.3,1,9,1.0
2024-03-26T20:04:37Z,26.404858,-76.987078,5.15,0.1,1,9,1.0
2024-03-26T20:04:42Z,26.404978,-76.987058,5.68,8.0,1,9,1.0
2024-03-26T20:04:47Z,26.405092,-76.987055,4.24,357.2,1,9,1.0
2024-03-26T20:04:52Z,26.405212,-76.987052,4.94,1.5,1,9,1.0
2024-03-26T20:04:57Z,26.405335,-76.987050,5.43,6.4,1,9,1.0
2024-03-26T20:05:02Z,26.405448,-76.987045,4.45,1.3,1,9,1.0
2024-03-26T20:05:07Z,26.405562,-76.987035,5.33,7.8,1,9,1.0
2024-03-26T20:05:12Z,26.405673,-76.987018,4.65,2.4,1,9,1.0
2024-03-26T20:05:17Z,26.405787,-76.987003,5.24,7.8,1,8,1.0
2024-03-26T20:05:22Z,26.405900,-76.986985,5.26,11.3,1,9,1.0
2024-03-26T20:05:27Z,26.406015,-76.986953,5.55,10.4,1,9,1.0
2024-03-26T20:05:32Z,26.406125,-76.986940,5.09,9.0,1,9,1.0
2024-03-26T20:05:37Z,26.406250,-76.986937,5.29,1.0,1,9,1.0
2024-03-26T20:05:42Z,26.406363,-76.986930,4.85,3.8,1,9,1.0
2024-03-26T20:05:47Z,26.406487,-76.986927,5.00,0.8,1,9,1.0
2024-03-26T20:05:57Z,26.406715,-76.986903,4.41,351.5,1,9,1.0
2024-03-26T20:06:02Z,26.406825,-76.986902,4.96,1.4,1,9,1.0
2024-03-26T20:06:07Z,26.406945,-76.986885,5.53,21.2,1,8,1.1
2024-03-26T20:06:12Z,26.407058,-76.986832,5.32,20.0,1,9,1.0
2024-03-26T20:06:17Z,26.407175,-76.986782,4.67,19.6,1,9,1.0
2024-03-26T20:06:22Z,26.407283,-76.986745,5.08,19.6,1,9,1.0
2024-03-26T20:06:27Z,26.407392,-76.986708,5.43,11.3,1,9,1.0
2024-03-26T20:06:32Z,26.407508,-76.986680,5.10,21.3,1,9,1.0
2024-03-26T20:06:37Z,26.407612,-76.986640,4.49,11.1,1,9,1.0
2024-03-26T20:06:42Z,26.407723,-76.986603,4.61,15.7,1,9,1.0
2024-03-26T20:06:47Z,26.407840,-76.986587,4.51,8.1,1,9,1.0
2024-03-26T20:06:52Z,26.407953,-76.986585,4.63,358.9,1,9,1.0
2024-03-26T20:07:02Z,26.408202,-76.986585,5.77,7.3,1,9,1.0
2024-03-26T20:07:07Z,26.408317,-76.986558,4.96,13.9,1,9,1.0
2024-03-26T20:07:12Z,26.408443,-76.986533,6.00,13.4,1,9,1.0
2024-03-26T20:07:17Z,26.408567,-76.986508,5.05,358.3,1,9,1.0
2024-03-26T20:07:22Z,26.408687,-76.986498,5.39,4.8,1,9,1.0
2024-03-26T20:07:27Z,26.408812,-76.986492,5.42,2.1,1,9,1.0
2024-03-26T20:07:32Z,26.408938,-76.986497,4.92,5.5,2,9,1.0
2024-03-26T20:07:37Z,26.409063,-76.986508,5.45,0.3,2,9,1.0
2024-03-26T20:07:42Z,26.409192,-76.986518,5.07,348.1,2,9,1.0
2024-03-26T20:07:47Z,26.409320,-76.986537,5.40,1.7,2,9,1.0
2024-03-26T20:07:52Z,26.409450,-76.986532,5.82,12.4,2,9,1.0
2024-03-26T20:07:57Z,26.409572,-76.986523,5.56,5.9,2,9,1.0
2024-03-26T20:08:07Z,26.409823,-76.986513,5.33,2.8,2,9,1.0
2024-03-26T20:08:12Z,26.409948,-76.986520,5.45,355.0,2,9,1.0
2024-03-26T20:08:17Z,26.410068,-76.986528,5.54,7.1,2,8,1.1
2024-03-26T20:08:22Z,26.410187,-76.986518,5.01,357.9,2,9,1.0
2024-03-26T20:08:27Z,26.410313,-76.986500,5.39,7.8,1,9,1.0
2024-03-26T20:08:32Z,26.410440,-76.986483,5.68,7.3,1,9,1.0
2024-03-26T20:08:42Z,26.410700,-76.986470,5.23,1.1,1,9,1.0
2024-03-26T20:08:47Z,26.410820,-76.986458,5.31,4.1,2,9,1.0
2024-03-26T20:08:52Z,26.410947,-76.986458,5.47,351.3,2,9,1.0
2024-03-26T20:08:57Z,26.411080,-76.986450,5.69,7.3,2,9,1.0
2024-03-26T20:09:02Z,26.411203,-76.986455,4.99,352.6,2,9,1.0
2024-03-26T20:09:07Z,26.411320,-76.986457,5.82,7.5,2,9,1.0
2024-03-26T20:09:17Z,26.411563,-76.986440,4.96,358.8,1,9,1.0
2024-03-26T20:09:22Z,26.411683,-76.986433,5.56,5.6,2,9,1.0
2024-03-26T20:09:27Z,26.411813,-76.986435,5.41,358.0,2,9,1.0
2024-03-26T20:09:32Z,26.411948,-76.986440,6.01,350.7,2,9,0.9
2024-03-26T20:09:37Z,26.412078,-76.986450,4.99,354.3,2,9,0.9
2024-03-26T20:09:42Z,26.412218,-76.986475,6.07,345.6,2,9,0.9
2024-03-26T20:09:47Z,26.412348,-76.986513,5.31,344.8,2,9,0.9
2024-03-26T20:09:57Z,26.412605,-76.986565,6.13,353.2,2,9,0.9
2024-03-26T20:10:02Z,26.412737,-76.986595,6.15,354.8,2,9,0.9
2024-03-26T20:10:07Z,26.412865,-76.986610,6.14,357.7,2,9,0.9
2024-03-26T20:10:12Z,26.413008,-76.986615,6.14,358.8,2,9,0.9
2024-03-26T20:10:17Z,26.413133,-76.986622,5.51,3.2,2,9,0.9
2024-03-26T20:10:22Z,26.413270,-76.986625,5.51,359.2,2,9,0.9
2024-03-26T20:10:27Z,26.413397,-76.986630,5.48,357.5,2,9,0.9
2024-03-26T20:10:32Z,26.413532,-76.986633,5.32,359.5,2,9,0.9
2024-03-26T20:10:37Z,26.413667,-76.986627,5.33,7.2,2,9,0.9
2024-03-26T20:10:42Z,26.413795,-76.986610,5.60,6.4,2,10,0.8
2024-03-26T20:10:47Z,26.413915,-76.986588,5.92,8.7,2,10,0.8
2024-03-26T20:10:52Z,26.414027,-76.986558,4.75,13.5,2,10,0.8
2024-03-26T20:10:57Z,26.414150,-76.986542,5.05,4.6,2,9,0.9
2024-03-26T20:11:07Z,26.414408,-76.986510,5.28,9.0,2,10,0.8
2024-03-26T20:11:12Z,26.414542,-76.986493,5.79,7.3,2,10,0.8
2024-03-26T20:11:17Z,26.414670,-76.986477,5.91,10.2,2,10,0.8
2024-03-26T20:11:22Z,26.414805,-76.986448,5.87,10.1,2,10,0.8
2024-03-26T20:11:27Z,26.414933,-76.986427,5.58,7.1,2,10,0.8
2024-03-26T20:11:32Z,26.415068,-76.986395,5.91,11.0,2,10,0.8
2024-03-26T20:11:37Z,26.415197,-76.986360,5.85,16.2,2,10,0.8
2024-03-26T20:11:42Z,26.415335,-76.986327,5.89,15.3,2,10,0.8
2024-03-26T20:11:47Z,26.415458,-76.986292,5.20,24.4,2,10,0.8
2024-03-26T20:11:52Z,26.415582,-76.986252,5.79,13.9,2,10,0.8
2024-03-26T20:11:57Z,26.415713,-76.986215,5.83,16.3,2,10,0.8
2024-03-26T20:12:02Z,26.415838,-76.986165,5.81,23.2,2,10,0.8
2024-03-26T20:12:07Z,26.415968,-76.986117,5.49,18.8,2,10,0.8
2024-03-26T20:12:12Z,26.416093,-76.986072,5.35,21.4,2,9,0.9
2024-03-26T20:12:17Z,26.416217,-76.986025,5.59,17.3,2,10,0.8
2024-03-26T20:12:22Z,26.416345,-76.985977,5.86,13.0,2,10,0.8
2024-03-26T20:12:27Z,26.416468,-76.985940,5.99,6.9,2,10,0.8
2024-03-26T20:12:32Z,26.416592,-76.985918,5.61,10.3,2,10,0.8
2024-03-26T20:12:37Z,26.416727,-76.985890,5.58,13.9,2,10,0.8
2024-03-26T20:12:42Z,26.416853,-76.985858,5.20,8.6,2,10,0.8
2024-03-26T20:12:47Z,26.416987,-76.985827,5.55,8.9,2,10,0.8
2024-03-26T20:12:57Z,26.417248,-76.985790,6.03,5.9,2,10,0.8
2024-03-26T20:13:02Z,26.417378,-76.985775,5.47,7.1,2,10,0.8
2024-03-26T20:13:07Z,26.417503,-76.985757,5.63,9.0,2,10,0.8
2024-03-26T20:13:12Z,26.417643,-76.985735,5.63,12.7,2,10,0.8
2024-03-26T20:13:17Z,26.417763,-76.985722,5.47,2.2,2,10,0.8
2024-03-26T20:13:22Z,26.417890,-76.985708,5.66,2.8,2,10,0.8
2024-03-26T20:13:27Z,26.418020,-76.985697,5.33,8.0,2,10,0.8
2024-03-26T20:13:32Z,26.418143,-76.985675,5.46,13.9,2,10,0.8
2024-03-26T20:13:37Z,26.418277,-76.985650,5.30,8.2,2,10,0.8
2024-03-26T20:13:42Z,26.418395,-76.985618,5.48,12.1,2,10,0.8
2024-03-26T20:13:47Z,26.418530,-76.985590,6.18,8.3,2,10,0.8
2024-03-26T20:13:52Z,26.418672,-76.985562,5.86,9.6,2,10,0.8
2024-03-26T20:13:57Z,26.418803,-76.985537,5.51,9.0,2,10,0.8
2024-03-26T20:14:02Z,26.418927,-76.985512,5.72,13.7,2,10,0.8
2024-03-26T20:14:07Z,26.419055,-76.985487,5.70,10.9,2,10,0.8
2024-03-26T20:14:12Z,26.419185,-76.985458,5.91,9.2,2,10,0.8
2024-03-26T20:14:17Z,26.419327,-76.985430,5.81,15.1,2,10,0.8
2024-03-26T20:14:22Z,26.419455,-76.985400,5.36,10.1,2,10,0.8
2024-03-26T20:14:27Z,26.419580,-76.985373,5.72,12.3,2,10,0.8
2024-03-26T20:14:32Z,26.419700,-76.985353,5.04,12.6,2,10,0.8
2024-03-26T20:14:37Z,26.419805,-76.985332,4.32,11.2,2,10,0.8
2024-03-26T20:14:42Z,26.419897,-76.985325,3.65,7.2,2,10,0.8
2024-03-26T20:14:47Z,26.419978,-76.985315,4.32,7.9,2,10,0.8
2024-03-26T20:14:52Z,26.420068,-76.985298,3.71,6.3,2,10,0.8
2024-03-26T20:14:57Z,26.420137,-76.985297,3.35,4.5,2,10,0.8
2024-03-26T20:15:02Z,26.420215,-76.985290,3.44,7.8,2,10,0.8
2024-03-26T20:15:07Z,26.420300,-76.985278,3.41,3.5,2,10,0.8
2024-03-26T20:15:12Z,26.420378,-76.985257,3.89,10.3,2,10,0.8
2024-03-26T20:15:17Z,26.420467,-76.985245,3.26,10.0,2,11,0.8
2024-03-26T20:15:22Z,26.420545,-76.985230,3.09,10.6,2,11,0.8
2024-03-26T20:15:27Z,26.420610,-76.985215,3.21,9.2,2,11,0.8
2024-03-26T20:15:32Z,26.420675,-76.985212,3.01,359.3,2,11,0.8
2024-03-26T20:15:37Z,26.420733,-76.985205,2.08,16.8,2,11,0.8
2024-03-26T20:15:42Z,26.420780,-76.985197,1.58,18.1,2,11,0.8
2024-03-26T20:15:47Z,26.420833,-76.985183,2.40,6.2,2,11,0.8
2024-03-26T20:15:57Z,26.420922,-76.985160,1.43,15.8,2,11,0.8
2024-03-26T20:16:02Z,26.420955,-76.985147,1.26,17.2,2,11,0.8
2024-03-26T20:16:07Z,26.420990,-76.985133,1.43,42.4,2,11,0.8
2024-03-26T20:16:12Z,26.421025,-76.985103,1.98,37.5,2,11,0.8
2024-03-26T20:16:17Z,26.421052,-76.985077,1.22,37.5,2,11,0.8
2024-03-26T20:16:22Z,26.421078,-76.985065,1.40,6.8,2,10,0.9
2024-03-26T20:16:27Z,26.421105,-76.985050,1.16,44.6,2,10,0.9
2024-03-26T20:16:37Z,26.421140,-76.984988,1.97,88.3,1,10,0.9
2024-03-26T20:16:42Z,26.421158,-76.984960,1.17,39.8,1,11,0.8
2024-03-26T20:16:47Z,26.421175,-76.984933,1.48,58.9,1,10,0.8
2024-03-26T20:16:52Z,26.421195,-76.984895,1.84,57.1,1,11,0.8
2024-03-26T20:16:57Z,26.421208,-76.984873,0.49,17.5,1,11,0.8
2024-03-26T20:17:02Z,26.421228,-76.984857,1.03,35.3,1,10,0.9
2024-03-26T20:17:12Z,26.421260,-76.984828,1.23,90.2,1,10,0.9
2024-03-26T20:17:17Z,26.421273,-76.984798,1.64,50.2,1,10,0.9
2024-03-26T20:17:22Z,26.421292,-76.984753,2.22,79.6,1,10,0.9
2024-03-26T20:17:27Z,26.421312,-76.984692,2.34,63.6,1,10,0.9
2024-03-26T20:17:32Z,26.421332,-76.984647,1.81,87.2,1,11,0.8
2024-03-26T20:17:37Z,26.421353,-76.984612,1.33,22.0,1,11,0.8
2024-03-26T20:17:47Z,26.421388,-76.984583,0.86,43.5,1,11,0.8
2024-03-26T20:17:52Z,26.421407,-76.984568,1.14,38.0,1,10,0.9
2024-03-26T20:17:57Z,26.421427,-76.984560,0.86,66.3,1,11,0.8
2024-03-26T20:18:02Z,26.421432,-76.984552,0.41,42.3,1,11,0.8
2024-03-26T20:18:07Z,26.421458,-76.984547,1.24,25.3,1,11,0.8
2024-03-26T20:18:12Z,26.421477,-76.984528,1.15,50.1,1,11,0.8
2024-03-26T20:18:17Z,26.421487,-76.984510,1.00,102.0,1,11,0.8
2024-03-26T20:18:22Z,26.421495,-76.984490,0.42,90.1,1,11,0.8
2024-03-26T20:18:27Z,26.421502,-76.984458,1.24,87.3,1,11,0.8
2024-03-26T20:18:32Z,26.421508,-76.984430,1.54,88.7,1,11,0.8
2024-03-26T20:18:37Z,26.421522,-76.984395,1.37,73.8,1,11,0.8
2024-03-26T20:18:42Z,26.421532,-76.984353,1.66,67.4,1,11,0.8
2024-03-26T20:18:47Z,26.421555,-76.984313,1.89,40.2,1,11,0.8
2024-03-26T20:18:52Z,26.421577,-76.984273,1.59,57.1,1,10,0.9
2024-03-26T20:18:57Z,26.421595,-76.984233,1.91,63.8,1,11,0.8
2024-03-26T20:19:02Z,26.421613,-76.984185,1.92,61.2,1,10,0.8
2024-03-26T20:19:07Z,26.421630,-76.984142,1.82,66.1,1,11,0.8
2024-03-26T20:19:12Z,26.421655,-76.984110,1.34,39.6,1,11,0.8
2024-03-26T20:19:17Z,26.421682,-76.984072,1.96,60.4,1,11,0.8
2024-03-26T20:19:22Z,26.421702,-76.984025,1.69,66.5,1,11,0.8
2024-03-26T20:19:27Z,26.421710,-76.983988,1.63,88.1,1,11,0.8
2024-03-26T20:19:32Z,26.421705,-76.983937,1.47,112.8,1,11,0.8
2024-03-26T20:19:37Z,26.421698,-76.983905,0.80,77.8,1,9,0.9
2024-03-26T20:19:42Z,26.421692,-76.983875,1.52,97.8,1,9,1.0
2024-03-26T20:19:47Z,26.421692,-76.983850,1.59,133.5,1,10,0.8
2024-03-26T20:19:52Z,26.421685,-76.983830,0.56,133.7,1,10,0.8
2024-03-26T20:19:57Z,26.421677,-76.983832,0.82,192.6,1,11,0.8
2024-03-26T20:20:02Z,26.421665,-76.983827,0.33,193.5,1,11,0.8
2024-03-26T20:20:07Z,26.421665,-76.983828,0.51,315.6,1,10,0.8
2024-03-26T20:20:12Z,26.421678,-76.983840,1.08,327.3,1,10,0.8
2024-03-26T20:20:17Z,26.421687,-76.983843,0.48,285.4,1,10,0.8
2024-03-26T20:20:22Z,26.421690,-76.983852,0.46,319.3,1,10,0.8
2024-03-26T20:20:27Z,26.421697,-76.983867,0.96,316.8,1,11,0.8
2024-03-26T20:20:37Z,26.421723,-76.983887,0.48,334.1,1,11,0.8
2024-03-26T20:20:42Z,26.421737,-76.983888,0.35,359.1,1,11,0.8
2024-03-26T20:20:47Z,26.421747,-76.983892,0.23,354.9,1,11,0.8
2024-03-26T20:20:52Z,26.421757,-76.983888,0.16,15.6,1,10,0.8
2024-03-26T20:20:57Z,26.421757,-76.983880,0.94,183.5,1,10,0.8
2024-03-26T20:21:02Z,26.421757,-76.983878,1.07,324.3,1,11,0.8
2024-03-26T20:21:12Z,26.421733,-76.983873,0.87,167.3,1,11,0.8
2024-03-26T20:21:17Z,26.421720,-76.983878,0.61,245.1,1,10,0.8
2024-03-26T20:21:22Z,26.421707,-76.983888,0.52,172.7,1,11,0.8
2024-03-26T20:21:27Z,26.421688,-76.983903,0.85,234.1,1,11,0.8
2024-03-26T20:21:32Z,26.421677,-76.983917,0.79,217.0,1,11,0.8
2024-03-26T20:21:37Z,26.421667,-76.983928,0.30,236.6,1,11,0.8
2024-03-26T20:21:42Z,26.421663,-76.983940,0.55,237.1,1,11,0.8
2024-03-26T20:21:47Z,26.421653,-76.983940,0.15,180.1,1,11,0.8
2024-03-26T20:21:52Z,26.421648,-76.983948,0.44,199.6,1,11,0.8
2024-03-26T20:21:57Z,26.421645,-76.983955,0.33,156.3,1,11,0.8
2024-03-26T20:22:02Z,26.421647,-76.983957,0.12,146.6,1,11,0.8
2024-03-26T20:22:07Z,26.421647,-76.983952,0.10,267.7,1,11,0.8
2024-03-26T20:22:12Z,26.421650,-76.983958,0.36,261.3,1,11,0.8
2024-03-26T20:22:17Z,26.421657,-76.983968,1.07,324.7,1,11,0.8
2024-03-26T20:22:22Z,26.421675,-76.983983,1.11,304.4,1,11,0.8
2024-03-26T20:22:27Z,26.421690,-76.983993,0.74,303.1,1,11,0.8
2024-03-26T20:22:32Z,26.421697,-76.983995,0.52,29.7,1,10,0.8
2024-03-26T20:22:37Z,26.421700,-76.983992,0.23,214.2,1,11,0.8
2024-03-26T20:22:47Z,26.421710,-76.984013,0.08,258.6,1,11,0.8
2024-03-26T20:22:52Z,26.421707,-76.984012,0.55,136.7,1,11,0.8
2024-03-26T20:22:57Z,26.421702,-76.984018,0.03,188.0,1,11,0.8
2024-03-26T20:23:02Z,26.421703,-76.984025,0.76,162.7,1,11,0.8
2024-03-26T20:23:07Z,26.421700,-76.984027,0.33,73.6,1,11,0.8
2024-03-26T20:23:17Z,26.421692,-76.984018,0.30,95.6,1,11,0.8
2024-03-26T20:23:22Z,26.421688,-76.984017,0.30,158.3,1,10,0.8
2024-03-26T20:23:27Z,26.421675,-76.984018,0.47,202.3,1,9,0.9
2024-03-26T20:23:32Z,26.421672,-76.984022,0.34,132.0,1,11,0.8
2024-03-26T20:23:37Z,26.421658,-76.984013,1.04,146.3,1,11,0.8
2024-03-26T20:23:42Z,26.421650,-76.984017,0.92,271.5,1,11,0.8
2024-03-26T20:23:47Z,26.421645,-76.984018,0.31,126.8,1,11,0.8
2024-03-26T20:23:52Z,26.421652,-76.984023,0.71,317.2,1,11,0.8
2024-03-26T20:23:57Z,26.421660,-76.984028,0.34,122.8,1,11,0.8
2024-03-26T20:24:02Z,26.421667,-76.984033,0.45,15.8,1,11,0.8
2024-03-26T20:24:07Z,26.421673,-76.984038,0.34,105.7,1,11,0.8
2024-03-26T20:24:12Z,26.421667,-76.984023,0.39,96.1,1,10,0.8
2024-03-26T20:24:22Z,26.421665,-76.984020,0.80,359.2,1,11,0.8
2024-03-26T20:24:27Z,26.421677,-76.984030,0.27,313.8,1,11,0.8
2024-03-26T20:24:32Z,26.421687,-76.984037,0.45,177.5,1,11,0.8
2024-03-26T20:24:37Z,26.421685,-76.984043,0.36,281.5,1,10,0.8
2024-03-26T20:24:42Z,26.421682,-76.984038,0.66,144.3,1,10,0.8
2024-03-26T20:24:47Z,26.421677,-76.984035,0.55,195.8,1,11,0.8
2024-03-26T20:24:57Z,26.421670,-76.984022,0.40,111.3,1,10,0.8
2024-03-26T20:25:02Z,26.421667,-76.984028,0.50,203.0,1,10,0.8
2024-03-26T20:25:07Z,26.421660,-76.984033,0.59,208.6,1,10,0.8
2024-03-26T20:25:12Z,26.421660,-76.984043,0.31,255.9,1,10,0.8
2024-03-26T20:25:17Z,26.421645,-76.984043,0.53,217.2,1,11,0.8
2024-03-26T20:25:27Z,26.421650,-76.984068,0.29,68.2,1,11,0.8
2024-03-26T20:25:32Z,26.421660,-76.984058,0.64,9.7,1,11,0.8
2024-03-26T20:25:37Z,26.421672,-76.984052,0.67,67.1,1,11,0.8
2024-03-26T20:25:42Z,26.421683,-76.984047,0.65,39.4,1,11,0.8
2024-03-26T20:25:47Z,26.421688,-76.984042,0.28,126.9,1,11,0.8
2024-03-26T20:25:52Z,26.421687,-76.984035,0.85,110.5,1,11,0.8
2024-03-26T20:25:57Z,26.421687,-76.984037,0.99,334.7,1,11,0.8
2024-03-26T20:26:07Z,26.421695,-76.984040,0.68,109.8,1,11,0.8
2024-03-26T20:26:12Z,26.421697,-76.984045,0.77,315.9,1,10,0.8
2024-03-26T20:26:17Z,26.421700,-76.984050,0.52,312.5,1,11,0.8
2024-03-26T20:26:22Z,26.421695,-76.984048,0.58,133.1,1,11,0.8
2024-03-26T20:26:27Z,26.421692,-76.984047,0.15,40.4,1,11,0.8
2024-03-26T20:26:32Z,26.421690,-76.984057,1.18,315.3,1,11,0.8
2024-03-26T20:26:37Z,26.421695,-76.984063,0.46,205.1,1,10,0.8
2024-03-26T20:26:42Z,26.421692,-76.984067,0.31,219.9,1,10,0.8
2024-03-26T20:26:47Z,26.421688,-76.984063,0.88,167.3,1,11,0.8
2024-03-26T20:26:52Z,26.421690,-76.984052,0.54,113.8,1,11,0.8
2024-03-26T20:26:57Z,26.421687,-76.984043,0.09,91.9,1,11,0.8
2024-03-26T20:27:02Z,26.421678,-76.984042,0.14,237.1,1,10,0.8
2024-03-26T20:27:07Z,26.421667,-76.984037,0.19,212.3,1,10,0.8
2024-03-26T20:27:12Z,26.421663,-76.984043,0.59,119.2,1,11,0.8
2024-03-26T20:27:17Z,26.421665,-76.984043,0.63,320.5,1,10,0.8
2024-03-26T20:27:22Z,26.421670,-76.984047,0.43,142.6,1,10,0.8
2024-03-26T20:27:27Z,26.421670,-76.984053,0.50,309.4,1,10,0.8
2024-03-26T20:27:32Z,26.421682,-76.984062,0.99,332.1,1,10,0.8
2024-03-26T20:27:37Z,26.421687,-76.984053,0.60,95.9,1,11,0.8
2024-03-26T20:27:42Z,26.421693,-76.984045,0.70,59.9,1,10,0.8
2024-03-26T20:27:52Z,26.421700,-76.984035,0.52,268.8,1,11,0.8
2024-03-26T20:27:57Z,26.421703,-76.984028,0.64,60.7,1,11,0.8
2024-03-26T20:28:02Z,26.421707,-76.984022,0.40,65.3,1,11,0.8
2024-03-26T20:28:07Z,26.421713,-76.984032,0.72,259.4,1,11,0.8
2024-03-26T20:28:12Z,26.421717,-76.984035,0.67,335.7,1,11,0.8
2024-03-26T20:28:17Z,26.421712,-76.984040,0.13,59.8,1,11,0.8
2024-03-26T20:28:27Z,26.421708,-76.984050,1.08,153.9,1,11,0.8
2024-03-26T20:28:32Z,26.421695,-76.984045,0.53,200.2,1,11,0.8
2024-03-26T20:28:37Z,26.421683,-76.984038,0.90,130.3,1,11,0.8
2024-03-26T20:28:42Z,26.421680,-76.984035,0.18,246.4,1,11,0.8
2024-03-26T20:28:47Z,26.421673,-76.984028,0.59,107.6,1,11,0.8
2024-03-26T20:28:52Z,26.421670,-76.984013,0.53,109.4,1,11,0.8
2024-03-26T20:28:57Z,26.421670,-76.984018,0.25,261.9,1,11,0.8
2024-03-26T20:29:02Z,26.421668,-76.984023,0.12,337.3,1,11,0.8
2024-03-26T20:29:07Z,26.421663,-76.984012,0.56,105.0,1,11,0.8
2024-03-26T20:29:12Z,26.421663,-76.984015,0.47,325.6,1,11,0.8
2024-03-26T20:29:17Z,26.421668,-76.984015,0.12,26.1,1,11,0.8
2024-03-26T20:29:22Z,26.421675,-76.984013,0.55,276.6,1,11,0.8
2024-03-26T20:29:27Z,26.421670,-76.984017,0.29,159.2,1,11,0.8
2024-03-26T20:29:32Z,26.421662,-76.984025,0.41,205.7,1,10,0.8
2024-03-26T20:29:37Z,26.421662,-76.984035,0.34,133.6,1,11,0.8
2024-03-26T20:29:42Z,26.421663,-76.984033,0.49,154.2,1,10,0.8
2024-03-26T20:29:47Z,26.421668,-76.984040,1.34,316.5,1,10,0.8
2024-03-26T20:29:52Z,26.421677,-76.984055,0.12,255.1,1,10,0.8
2024-03-26T20:29:57Z,26.421675,-76.984062,0.22,13.7,1,11,0.8
2024-03-26T20:30:02Z,26.421677,-76.984058,0.81,116.5,1,11,0.8
2024-03-26T20:30:07Z,26.421672,-76.984050,0.53,69.2,1,11,0.8
2024-03-26T20:30:12Z,26.421675,-76.984033,0.86,126.0,1,11,0.8
2024-03-26T20:30:17Z,26.421668,-76.984010,0.28,44.5,1,11,0.8
2024-03-26T20:30:22Z,26.421682,-76.984005,0.40,75.3,1,10,0.8
2024-03-26T20:30:27Z,26.421687,-76.983998,0.16,172.0,1,10,0.8
2024-03-26T20:30:32Z,26.421680,-76.983998,0.40,295.1,1,11,0.8
2024-03-26T20:30:37Z,26.421690,-76.984020,0.33,282.2,1,11,0.8
2024-03-26T20:30:42Z,26.421695,-76.984032,0.49,299.8,1,11,0.8
2024-03-26T20:30:47Z,26.421700,-76.984052,0.28,330.2,1,11,0.8
2024-03-26T20:30:52Z,26.421695,-76.984048,0.63,14.3,1,11,0.8
2024-03-26T20:30:57Z,26.421700,-76.984057,0.48,173.2,1,11,0.8
2024-03-26T20:31:02Z,26.421698,-76.984052,0.22,150.6,1,11,0.8
2024-03-26T20:31:07Z,26.421698,-76.984047,0.35,133.2,1,11,0.8
2024-03-26T20:31:12Z,26.421703,-76.984053,0.07,258.6,1,11,0.8
2024-03-26T20:31:17Z,26.421708,-76.984058,0.40,149.0,1,11,0.8
2024-03-26T20:31:27Z,26.421713,-76.984057,0.70,34.6,1,11,0.8
2024-03-26T20:31:32Z,26.421713,-76.984053,0.28,52.9,1,10,0.8
2024-03-26T20:31:37Z,26.421718,-76.984052,0.10,297.7,1,10,0.8
2024-03-26T20:31:42Z,26.421713,-76.984045,0.19,38.9,1,10,0.8
2024-03-26T20:31:47Z,26.421718,-76.984042,0.23,274.4,1,10,0.8
2024-03-26T20:31:52Z,26.421723,-76.984045,1.09,156.8,1,10,0.8
2024-03-26T20:32:02Z,26.421718,-76.984050,0.43,144.4,1,10,0.8
2024-03-26T20:32:07Z,26.421708,-76.984038,0.59,100.0,1,10,0.8
2024-03-26T20:32:12Z,26.421718,-76.984028,0.23,155.0,1,11,0.8
2024-03-26T20:32:17Z,26.421723,-76.984027,0.21,298.1,1,11,0.8
2024-03-26T20:32:22Z,26.421723,-76.984032,0.14,310.5,1,11,0.8
2024-03-26T20:32:27Z,26.421730,-76.984032,0.49,323.1,1,11,0.8
2024-03-26T20:32:32Z,26.421735,-76.984028,0.63,131.0,1,11,0.8
2024-03-26T20:32:42Z,26.421723,-76.984010,0.70,110.2,1,11,0.8
2024-03-26T20:32:47Z,26.421717,-76.984002,0.37,196.6,1,11,0.8
2024-03-26T20:32:52Z,26.421718,-76.984010,0.33,197.0,1,11,0.8
2024-03-26T20:32:57Z,26.421710,-76.984015,0.20,250.4,1,11,0.8
2024-03-26T20:33:02Z,26.421715,-76.984015,0.29,329.4,1,11,0.8
2024-03-26T20:33:07Z,26.421715,-76.984027,0.45,297.4,1,11,0.8
2024-03-26T20:33:12Z,26.421710,-76.984023,0.69,117.0,1,11,0.8
2024-03-26T20:33:22Z,26.421708,-76.984032,0.45,245.7,1,10,0.8
2024-03-26T20:33:27Z,26.421710,-76.984042,0.82,129.6,1,11,0.8
2024-03-26T20:33:32Z,26.421707,-76.984022,0.93,87.5,1,11,0.8
2024-03-26T20:33:37Z,26.421703,-76.984005,0.67,106.6,1,11,0.8
2024-03-26T20:33:42Z,26.421705,-76.984002,0.69,333.6,1,11,0.8
2024-03-26T20:33:47Z,26.421702,-76.983998,0.82,147.6,1,10,0.8
2024-03-26T20:33:52Z,26.421692,-76.983993,0.63,166.4,1,11,0.8
2024-03-26T20:33:57Z,26.421693,-76.983995,0.87,329.6,1,10,0.8
2024-03-26T20:34:02Z,26.421695,-76.984000,0.37,1.2,1,11,0.8
2024-03-26T20:34:07Z,26.421693,-76.983995,0.89,131.4,1,11,0.8
2024-03-26T20:34:12Z,26.421692,-76.983997,0.59,312.9,1,11,0.8
2024-03-26T20:34:17Z,26.421693,-76.984018,0.46,241.9,1,11,0.8
2024-03-26T20:34:22Z,26.421690,-76.984025,0.25,310.0,1,11,0.8
2024-03-26T20:34:27Z,26.421695,-76.984028,0.45,97.9,1,11,0.8
2024-03-26T20:34:32Z,26.421707,-76.984027,1.14,337.3,1,11,0.8
2024-03-26T20:34:37Z,26.421718,-76.984032,0.42,354.5,1,11,0.8
2024-03-26T20:34:42Z,26.421725,-76.984027,0.58,299.9,1,10,0.8
2024-03-26T20:34:47Z,26.421723,-76.984030,0.68,156.5,1,11,0.8
2024-03-26T20:34:52Z,26.421717,-76.984032,0.22,25.5,1,11,0.8
2024-03-26T20:34:57Z,26.421723,-76.984035,0.49,107.6,1,11,0.8
2024-03-26T20:35:02Z,26.421713,-76.984027,0.78,132.8,1,11,0.8
2024-03-26T20:35:07Z,26.421713,-76.984005,0.58,67.5,1,10,0.8
2024-03-26T20:35:12Z,26.421710,-76.983997,0.71,132.2,1,11,0.8
2024-03-26T20:35:17Z,26.421700,-76.983995,0.36,172.3,1,10,0.8
2024-03-26T20:35:22Z,26.421692,-76.983990,0.42,113.5,1,11,0.8
2024-03-26T20:35:27Z,26.421685,-76.983992,0.16,105.6,1,11,0.8
2024-03-26T20:35:32Z,26.421672,-76.983995,0.53,236.7,1,11,0.8
2024-03-26T20:35:37Z,26.421672,-76.984020,0.35,214.4,1,11,0.8
2024-03-26T20:35:47Z,26.421673,-76.984048,0.16,200.9,1,11,0.8
2024-03-26T20:35:52Z,26.421673,-76.984053,0.56,286.4,1,11,0.8
2024-03-26T20:35:57Z,26.421685,-76.984058,0.14,35.7,1,10,0.8
2024-03-26T20:36:02Z,26.421690,-76.984060,0.43,90.3,1,10,0.8
2024-03-26T20:36:07Z,26.421700,-76.984057,0.56,20.8,1,10,0.8
2024-03-26T20:36:12Z,26.421703,-76.984057,0.36,15.4,1,10,0.8
2024-03-26T20:36:22Z,26.421693,-76.984063,1.25,316.4,1,11,0.8
2024-03-26T20:36:27Z,26.421702,-76.984065,0.25,355.9,1,11,0.8
2024-03-26T20:36:32Z,26.421702,-76.984067,0.31,60.9,1,11,0.8
2024-03-26T20:36:37Z,26.421697,-76.984070,0.26,170.6,1,11,0.8
2024-03-26T20:36:42Z,26.421690,-76.984082,0.78,281.6,1,11,0.8
2024-03-26T20:36:47Z,26.421683,-76.984085,0.23,178.9,1,11,0.8
2024-03-26T20:36:52Z,26.421690,-76.984077,0.50,114.1,1,11,0.8
2024-03-26T20:36:57Z,26.421693,-76.984078,0.62,307.5,1,11,0.8
2024-03-26T20:37:02Z,26.421692,-76.984082,0.66,200.5,1,10,0.8
2024-03-26T20:37:07Z,26.421688,-76.984078,0.50,169.6,1,11,0.8
2024-03-26T20:37:12Z,26.421692,-76.984072,0.13,102.0,1,11,0.8
2024-03-26T20:37:17Z,26.421693,-76.984073,0.22,82.9,1,11,0.8
2024-03-26T20:37:22Z,26.421685,-76.984063,0.78,155.7,1,11,0.8
2024-03-26T20:37:27Z,26.421683,-76.984067,0.23,257.2,1,11,0.8
2024-03-26T20:37:32Z,26.421683,-76.984065,0.25,33.7,1,11,0.8
2024-03-26T20:37:37Z,26.421692,-76.984082,0.12,345.8,1,11,0.8
2024-03-26T20:37:42Z,26.421688,-76.984077,0.19,350.4,1,11,0.8
2024-03-26T20:37:47Z,26.421685,-76.984070,0.18,117.5,1,10,0.8
2024-03-26T20:37:52Z,26.421695,-76.984077,1.23,314.3,1,10,0.8
2024-03-26T20:37:57Z,26.421698,-76.984078,0.47,73.0,1,10,0.8
2024-03-26T20:38:02Z,26.421700,-76.984070,0.38,181.3,1,11,0.8
2024-03-26T20:38:07Z,26.421712,-76.984073,1.22,327.2,1,11,0.8
2024-03-26T20:38:12Z,26.421712,-76.984060,0.62,108.0,1,11,0.8
2024-03-26T20:38:17Z,26.421707,-76.984050,0.47,87.5,1,10,0.8
2024-03-26T20:38:22Z,26.421707,-76.984040,0.45,152.1,1,11,0.8
2024-03-26T20:38:27Z,26.421702,-76.984032,0.11,84.0,1,11,0.8
2024-03-26T20:38:32Z,26.421702,-76.984027,0.54,167.2,1,10,0.8
2024-03-26T20:38:37Z,26.421693,-76.984030,0.15,178.9,1,9,0.9
2024-03-26T20:38:42Z,26.421688,-76.984033,0.24,263.0,1,10,0.8
2024-03-26T20:38:47Z,26.421698,-76.984042,0.27,195.0,1,11,0.8
2024-03-26T20:38:52Z,26.421697,-76.984043,0.20,351.6,1,10,0.8
2024-03-26T20:38:57Z,26.421703,-76.984048,0.61,2.7,1,11,0.8
2024-03-26T20:39:02Z,26.421707,-76.984042,0.59,160.0,1,10,0.8
2024-03-26T20:39:07Z,26.421693,-76.984040,0.35,288.1,1,10,0.8
2024-03-26T20:39:12Z,26.421693,-76.984043,0.16,92.2,1,11,0.8
2024-03-26T20:39:17Z,26.421697,-76.984045,0.48,310.4,1,9,0.9
2024-03-26T20:39:22Z,26.421698,-76.984052,0.24,306.7,1,10,0.8
2024-03-26T20:39:27Z,26.421697,-76.984062,0.68,330.7,1,10,0.8
2024-03-26T20:39:32Z,26.421713,-76.984070,0.85,3.6,1,10,0.8
2024-03-26T20:39:37Z,26.421717,-76.984062,0.61,80.7,1,11,0.8
2024-03-26T20:39:42Z,26.421722,-76.984055,0.25,41.3,1,10,0.8
2024-03-26T20:39:52Z,26.421723,-76.984038,0.39,169.3,1,10,0.8
2024-03-26T20:39:57Z,26.421717,-76.984035,0.41,101.0,1,10,0.8
2024-03-26T20:40:02Z,26.421725,-76.984033,0.28,67.0,1,11,0.8
2024-03-26T20:40:07Z,26.421722,-76.984023,0.32,138.3,1,11,0.8
2024-03-26T20:40:12Z,26.421738,-76.984025,0.95,351.9,1,10,0.8
2024-03-26T20:40:17Z,26.421750,-76.984018,0.52,81.6,1,11,0.8
2024-03-26T20:40:22Z,26.421752,-76.984030,0.07,165.4,1,11,0.8
2024-03-26T20:40:27Z,26.421750,-76.984022,0.44,69.5,1,11,0.8
2024-03-26T20:40:32Z,26.421748,-76.984020,0.21,99.6,1,11,0.8
2024-03-26T20:40:37Z,26.421757,-76.984030,0.38,309.2,1,11,0.8
2024-03-26T20:40:42Z,26.421758,-76.984027,0.04,297.8,1,11,0.8
2024-03-26T20:40:47Z,26.421753,-76.984025,0.58,126.7,1,11,0.8
2024-03-26T20:40:52Z,26.421753,-76.984028,0.99,278.7,1,11,0.8
2024-03-26T20:40:57Z,26.421752,-76.984028,0.58,122.5,1,11,0.8
2024-03-26T20:41:07Z,26.421753,-76.984022,0.53,123.6,1,11,0.8
2024-03-26T20:41:12Z,26.421755,-76.984025,0.21,120.5,1,11,0.8
2024-03-26T20:41:17Z,26.421747,-76.984023,0.47,223.8,1,11,0.8
2024-03-26T20:41:22Z,26.421755,-76.984037,0.33,342.2,1,11,0.8
2024-03-26T20:41:27Z,26.421753,-76.984040,0.82,165.4,1,11,0.8
2024-03-26T20:41:32Z,26.421733,-76.984032,0.77,170.0,1,11,0.8
2024-03-26T20:41:37Z,26.421730,-76.984035,0.93,325.9,1,11,0.8
2024-03-26T20:41:42Z,26.421743,-76.984033,0.12,335.3,1,11,0.8
2024-03-26T20:41:47Z,26.421738,-76.984035,0.49,223.5,1,11,0.8
2024-03-26T20:41:52Z,26.421747,-76.984042,0.52,328.4,1,11,0.8
2024-03-26T20:41:57Z,26.421753,-76.984047,0.35,290.8,1,11,0.8
2024-03-26T20:42:02Z,26.421755,-76.984057,0.92,192.4,1,11,0.8
2024-03-26T20:42:07Z,26.421735,-76.984047,0.20,121.4,1,10,0.8
2024-03-26T20:42:12Z,26.421723,-76.984035,0.65,167.3,1,10,0.8
2024-03-26T20:42:22Z,26.421690,-76.984030,0.51,235.2,1,10,0.8
2024-03-26T20:42:27Z,26.421700,-76.984037,0.13,80.1,1,10,0.8
2024-03-26T20:42:32Z,26.421703,-76.984035,0.18,96.1,1,10,0.8
2024-03-26T20:42:37Z,26.421702,-76.984030,0.90,135.7,1,10,0.8
2024-03-26T20:42:42Z,26.421693,-76.984030,0.06,352.2,1,9,1.0
2024-03-26T20:42:47Z,26.421693,-76.984032,0.67,170.1,1,9,1.0
2024-03-26T20:42:52Z,26.421675,-76.984043,0.92,195.5,1,10,0.8
2024-03-26T20:42:57Z,26.421663,-76.984035,0.51,145.5,1,10,0.8
2024-03-26T20:43:02Z,26.421673,-76.984040,0.53,348.9,1,10,0.8
2024-03-26T20:43:07Z,26.421687,-76.984040,0.18,95.6,1,10,0.8
2024-03-26T20:43:12Z,26.421687,-76.984040,0.18,296.2,1,10,0.8
2024-03-26T20:43:17Z,26.421683,-76.984047,0.52,227.3,1,10,0.8
2024-03-26T20:43:22Z,26.421680,-76.984050,0.41,262.8,1,10,0.8
2024-03-26T20:43:27Z,26.421682,-76.984057,0.35,156.9,1,10,0.8
2024-03-26T20:43:32Z,26.421687,-76.984053,0.79,352.6,1,10,0.8
2024-03-26T20:43:37Z,26.421697,-76.984053,0.16,88.8,1,9,0.9
2024-03-26T20:43:42Z,26.421690,-76.984047,0.87,107.6,1,9,0.9
2024-03-26T20:43:47Z,26.421700,-76.984043,0.31,295.4,1,9,0.9
2024-03-26T20:43:52Z,26.421698,-76.984048,0.12,282.0,1,9,0.9
2024-03-26T20:43:57Z,26.421708,-76.984063,0.03,116.1,1,9,0.9
2024-03-26T20:44:07Z,26.421700,-76.984070,0.32,172.4,1,9,0.9
2024-03-26T20:44:12Z,26.421693,-76.984068,0.35,149.7,1,10,0.8
2024-03-26T20:44:17Z,26.421695,-76.984077,0.33,254.7,1,10,0.8
2024-03-26T20:44:22Z,26.421705,-76.984087,0.45,29.4,1,10,0.8
2024-03-26T20:44:27Z,26.421703,-76.984083,0.31,85.7,1,9,0.9
2024-03-26T20:44:32Z,26.421700,-76.984082,0.07,170.5,1,10,0.8
2024-03-26T20:44:42Z,26.421718,-76.984078,0.37,228.7,1,10,0.8
2024-03-26T20:44:47Z,26.421712,-76.984063,0.90,84.2,1,10,0.8
2024-03-26T20:44:52Z,26.421712,-76.984053,0.53,359.8,1,9,0.9
2024-03-26T20:44:57Z,26.421722,-76.984062,0.60,176.9,1,9,0.9
2024-03-26T20:45:02Z,26.421725,-76.984067,0.42,55.9,1,9,0.9
2024-03-26T20:45:07Z,26.421730,-76.984057,0.54,11.3,1,10,0.8
2024-03-26T20:45:17Z,26.421743,-76.984050,0.12,197.4,1,9,0.9
2024-03-26T20:45:22Z,26.421738,-76.984040,0.48,159.1,1,10,0.8
2024-03-26T20:45:27Z,26.421732,-76.984045,0.29,175.3,1,9,0.9
2024-03-26T20:45:32Z,26.421737,-76.984050,0.18,133.4,1,9,0.9
2024-03-26T20:45:37Z,26.421738,-76.984042,0.83,146.6,1,10,0.8
2024-03-26T20:45:42Z,26.421732,-76.984033,0.31,145.9,1,10,0.8
2024-03-26T20:45:52Z,26.421717,-76.984027,0.28,200.8,1,10,0.8
2024-03-26T20:45:57Z,26.421692,-76.984020,1.05,150.3,1,10,0.8
2024-03-26T20:46:02Z,26.421685,-76.984023,0.77,193.1,1,10,0.8
2024-03-26T20:46:07Z,26.421690,-76.984028,0.56,150.9,1,9,0.9
2024-03-26T20:46:12Z,26.421693,-76.984030,0.24,333.2,1,10,0.8
2024-03-26T20:46:17Z,26.421688,-76.984038,0.43,198.6,1,10,0.8
2024-03-26T20:46:27Z,26.421692,-76.984043,0.34,256.5,1,10,0.8
2024-03-26T20:46:32Z,26.421697,-76.984043,0.23,248.2,1,10,0.8
2024-03-26T20:46:37Z,26.421695,-76.984043,0.29,311.3,1,10,0.8
2024-03-26T20:46:42Z,26.421700,-76.984065,0.20,334.0,1,10,0.8
2024-03-26T20:46:47Z,26.421703,-76.984067,0.54,321.3,1,10,0.8
2024-03-26T20:46:52Z,26.421700,-76.984070,0.15,193.4,1,10,0.8
2024-03-26T20:46:57Z,26.421695,-76.984073,0.25,102.8,1,10,0.8
2024-03-26T20:47:07Z,26.421723,-76.984053,0.60,25.9,1,9,0.9
2024-03-26T20:47:12Z,26.421727,-76.984053,0.42,68.8,1,9,0.9
2024-03-26T20:47:17Z,26.421737,-76.984058,0.25,195.1,1,9,0.9
2024-03-26T20:47:22Z,26.421728,-76.984043,1.01,138.1,1,9,0.9
2024-03-26T20:47:27Z,26.421718,-76.984037,0.95,336.1,1,9,0.9
2024-03-26T20:47:32Z,26.421737,-76.984043,0.43,69.0,1,9,0.9
2024-03-26T20:47:42Z,26.421753,-76.984025,0.95,40.5,1,9,0.9
2024-03-26T20:47:47Z,26.421763,-76.984017,0.21,119.0,1,9,0.9
2024-03-26T20:47:52Z,26.421770,-76.984012,0.22,332.5,1,9,0.9
2024-03-26T20:47:57Z,26.421777,-76.984008,0.45,74.3,1,10,0.8
2024-03-26T20:48:02Z,26.421777,-76.983993,0.26,142.3,1,10,0.8
2024-03-26T20:48:07Z,26.421782,-76.983993,0.10,156.9,1,10,0.8
2024-03-26T20:48:17Z,26.421775,-76.983997,0.16,203.3,1,10,0.8
2024-03-26T20:48:22Z,26.421780,-76.983997,0.45,226.3,1,10,0.8
2024-03-26T20:48:27Z,26.421772,-76.983993,0.48,187.2,1,10,0.8
2024-03-26T20:48:32Z,26.421765,-76.984002,0.49,284.3,1,10,0.8
2024-03-26T20:48:37Z,26.421767,-76.984017,0.53,334.5,1,10,0.8
2024-03-26T20:48:42Z,26.421772,-76.984018,0.54,160.2,1,10,0.8
2024-03-26T20:48:47Z,26.421773,-76.984022,0.24,263.0,1,10,0.8
2024-03-26T20:48:52Z,26.421757,-76.984013,1.05,168.2,1,10,0.8
2024-03-26T20:48:57Z,26.421732,-76.984007,0.76,150.8,1,10,0.8
2024-03-26T20:49:02Z,26.421728,-76.984007,0.44,208.2,1,10,0.8
2024-03-26T20:49:07Z,26.421723,-76.984000,0.32,188.5,1,10,0.8
2024-03-26T20:49:12Z,26.421712,-76.984003,0.61,296.8,1,10,0.8
2024-03-26T20:49:17Z,26.421712,-76.984010,0.09,204.8,1,10,0.8
2024-03-26T20:49:22Z,26.421713,-76.984015,0.35,20.6,1,10,0.8
2024-03-26T20:49:32Z,26.421705,-76.984013,0.30,344.6,1,10,0.8
2024-03-26T20:49:37Z,26.421713,-76.984020,0.37,48.8,1,10,0.8
2024-03-26T20:49:42Z,26.421715,-76.984013,0.35,141.1,1,10,0.8
2024-03-26T20:49:47Z,26.421713,-76.984012,0.23,353.3,1,10,0.8
2024-03-26T20:49:52Z,26.421722,-76.984010,0.17,244.4,1,10,0.8
2024-03-26T20:49:57Z,26.421728,-76.984017,0.83,349.2,1,10,0.8
2024-03-26T20:50:07Z,26.421748,-76.984017,0.20,1.7,1,10,0.8
2024-03-26T20:50:12Z,26.421757,-76.984028,0.36,101.4,1,10,0.8
2024-03-26T20:50:17Z,26.421755,-76.984022,0.02,247.5,1,9,0.9
2024-03-26T20:50:22Z,26.421753,-76.984020,0.38,107.9,1,9,0.9
2024-03-26T20:50:27Z,26.421737,-76.984013,0.36,156.5,1,10,0.8
2024-03-26T20:50:32Z,26.421742,-76.984018,0.20,37.6,1,10,0.8
2024-03-26T20:50:42Z,26.421740,-76.984013,0.13,303.8,1,10,0.8
2024-03-26T20:50:47Z,26.421748,-76.984023,0.66,326.7,1,10,0.8
2024-03-26T20:50:52Z,26.421752,-76.984023,0.22,34.6,1,10,0.8
2024-03-26T20:50:57Z,26.421752,-76.984022,0.28,130.8,1,10,0.8
2024-03-26T20:51:02Z,26.421750,-76.984023,0.71,330.5,1,10,0.8
2024-03-26T20:51:07Z,26.421753,-76.984022,0.24,144.3,1,10,0.8
2024-03-26T20:51:12Z,26.421752,-76.984013,0.28,199.9,1,10,0.8
2024-03-26T20:51:17Z,26.421742,-76.984012,0.54,145.0,1,10,0.8
2024-03-26T20:51:22Z,26.421730,-76.984012,0.58,190.7,1,10,0.8
2024-03-26T20:51:27Z,26.421708,-76.984013,1.22,184.2,1,10,0.8
2024-03-26T20:51:32Z,26.421692,-76.984005,1.03,158.9,1,10,0.8
2024-03-26T20:51:37Z,26.421685,-76.984002,0.57,344.1,1,10,0.8
2024-03-26T20:51:42Z,26.421683,-76.984007,1.01,210.1,1,10,0.8
2024-03-26T20:51:47Z,26.421680,-76.984017,0.14,275.5,1,10,0.8
2024-03-26T20:51:52Z,26.421683,-76.984025,0.40,321.7,1,10,0.8
2024-03-26T20:51:57Z,26.421692,-76.984030,0.61,311.4,1,10,0.8
2024-03-26T20:52:02Z,26.421700,-76.984038,0.15,317.8,1,10,0.8
2024-03-26T20:52:07Z,26.421710,-76.984042,0.86,345.1,1,10,0.8
2024-03-26T20:52:12Z,26.421717,-76.984045,0.55,331.8,1,10,0.8
2024-03-26T20:52:17Z,26.421720,-76.984055,0.30,106.1,1,10,0.8
2024-03-26T20:52:22Z,26.421720,-76.984045,0.29,22.3,1,10,0.8
2024-03-26T20:52:27Z,26.421717,-76.984050,0.75,185.7,1,10,0.8
2024-03-26T20:52:32Z,26.421710,-76.984055,0.52,220.7,1,10,0.8
2024-03-26T20:52:37Z,26.421708,-76.984060,0.28,217.1,1,10,0.8
2024-03-26T20:52:42Z,26.421702,-76.984065,0.39,103.3,1,10,0.8
2024-03-26T20:52:47Z,26.421702,-76.984058,0.26,47.5,1,10,0.8
2024-03-26T20:52:52Z,26.421703,-76.984058,0.05,296.0,1,10,0.8
2024-03-26T20:52:57Z,26.421695,-76.984058,0.29,302.6,1,10,0.8
2024-03-26T20:53:07Z,26.421707,-76.984072,0.51,82.4,1,9,0.9
2024-03-26T20:53:12Z,26.421713,-76.984078,0.25,308.6,1,9,0.9
2024-03-26T20:53:17Z,26.421722,-76.984065,0.43,76.5,1,9,0.9
2024-03-26T20:53:22Z,26.421735,-76.984058,0.34,28.4,1,10,0.8
2024-03-26T20:53:27Z,26.421745,-76.984062,0.54,358.6,1,10,0.8
2024-03-26T20:53:32Z,26.421747,-76.984050,0.49,71.9,1,10,0.8
2024-03-26T20:53:42Z,26.421743,-76.984050,0.14,176.8,1,10,0.8
2024-03-26T20:53:47Z,26.421733,-76.984048,0.64,164.5,1,10,0.8
2024-03-26T20:53:52Z,26.421733,-76.984048,0.64,44.7,1,10,0.8
2024-03-26T20:53:57Z,26.421740,-76.984040,0.16,41.0,1,10,0.8
2024-03-26T20:54:02Z,26.421743,-76.984043,0.87,165.5,1,10,0.8
2024-03-26T20:54:07Z,26.421728,-76.984030,1.36,158.7,1,10,0.8
2024-03-26T20:54:12Z,26.421720,-76.984025,0.29,113.4,1,10,0.8
2024-03-26T20:54:17Z,26.421723,-76.984013,0.45,99.8,1,10,0.8
2024-03-26T20:54:22Z,26.421718,-76.984008,0.24,311.0,1,10,0.8
2024-03-26T20:54:27Z,26.421720,-76.984020,0.29,57.5,1,10,0.8
2024-03-26T20:54:32Z,26.421712,-76.984015,0.75,181.3,1,10,0.8
2024-03-26T20:54:37Z,26.421703,-76.984018,0.86,159.3,1,10,0.8
2024-03-26T20:54:42Z,26.421687,-76.984015,0.54,244.9,1,9,0.9
2024-03-26T20:54:47Z,26.421695,-76.984027,0.12,158.4,1,10,0.8
2024-03-26T20:54:52Z,26.421692,-76.984030,0.46,298.6,1,10,0.8
2024-03-26T20:54:57Z,26.421698,-76.984030,0.61,348.4,1,10,0.8
2024-03-26T20:55:02Z,26.421705,-76.984047,0.08,41.0,1,10,0.8
2024-03-26T20:55:07Z,26.421698,-76.984048,0.60,151.1,1,10,0.8
2024-03-26T20:55:12Z,26.421702,-76.984045,0.92,343.7,1,10,0.8
2024-03-26T20:55:17Z,26.421713,-76.984052,0.16,39.5,1,10,0.8
2024-03-26T20:55:22Z,26.421717,-76.984052,0.11,56.9,1,10,0.8
2024-03-26T20:55:27Z,26.421715,-76.984052,0.12,140.1,1,10,0.8
2024-03-26T20:55:32Z,26.421713,-76.984052,0.37,328.7,1,10,0.8
2024-03-26T20:55:37Z,26.421722,-76.984060,0.34,36.5,1,11,0.8
2024-03-26T20:55:42Z,26.421727,-76.984058,0.60,26.3,1,11,0.8
2024-03-26T20:55:47Z,26.421727,-76.984058,0.14,160.0,1,11,0.8
2024-03-26T20:55:52Z,26.421727,-76.984058,0.29,229.7,1,11,0.8
2024-03-26T20:55:57Z,26.421725,-76.984058,1.11,115.4,1,11,0.8
2024-03-26T20:56:02Z,26.421712,-76.984047,0.96,110.0,1,11,0.8
2024-03-26T20:56:07Z,26.421705,-76.984028,0.56,96.9,1,11,0.8
2024-03-26T20:56:12Z,26.421695,-76.984015,0.50,129.9,1,11,0.8
2024-03-26T20:56:17Z,26.421697,-76.984012,0.12,3.8,1,11,0.8
2024-03-26T20:56:22Z,26.421703,-76.984007,0.57,85.5,1,11,0.8
2024-03-26T20:56:27Z,26.421715,-76.984007,0.51,90.8,1,11,0.8
2024-03-26T20:56:32Z,26.421718,-76.984002,0.57,120.6,1,11,0.8
2024-03-26T20:56:42Z,26.421737,-76.984035,0.84,212.6,1,10,0.9
2024-03-26T20:56:47Z,26.421733,-76.984052,0.50,306.3,1,10,0.9
2024-03-26T20:56:52Z,26.421735,-76.984057,0.30,281.1,1,10,0.9
2024-03-26T20:56:57Z,26.421732,-76.984062,0.47,161.0,1,10,0.8
2024-03-26T20:57:02Z,26.421725,-76.984065,0.09,118.0,1,10,0.8
2024-03-26T20:57:07Z,26.421725,-76.984063,0.40,87.4,1,11,0.8
2024-03-26T20:57:17Z,26.421718,-76.984068,0.36,301.4,1,11,0.8
2024-03-26T20:57:22Z,26.421722,-76.984077,0.57,144.0,1,11,0.8
2024-03-26T20:57:27Z,26.421717,-76.984078,0.20,212.3,1,11,0.8
2024-03-26T20:57:32Z,26.421722,-76.984078,0.57,284.1,1,11,0.8
2024-03-26T20:57:37Z,26.421727,-76.984082,0.53,57.4,1,11,0.8
2024-03-26T20:57:42Z,26.421728,-76.984080,0.24,45.1,1,11,0.8
2024-03-26T20:57:52Z,26.421737,-76.984068,0.65,62.4,1,10,0.9
2024-03-26T20:57:57Z,26.421743,-76.984053,0.69,90.7,1,11,0.8
2024-03-26T20:58:02Z,26.421742,-76.984050,0.12,192.1,1,11,0.8
2024-03-26T20:58:07Z,26.421735,-76.984045,0.85,147.0,1,11,0.8
2024-03-26T20:58:12Z,26.421730,-76.984033,0.28,223.0,1,10,0.9
2024-03-26T20:58:17Z,26.421720,-76.984032,0.18,258.6,1,10,0.9
2024-03-26T20:58:27Z,26.421717,-76.984032,0.34,112.0,1,10,0.9
2024-03-26T20:58:32Z,26.421712,-76.984028,0.67,171.9,1,10,0.9
2024-03-26T20:58:37Z,26.421708,-76.984042,0.62,345.7,1,10,0.9
2024-03-26T20:58:42Z,26.421718,-76.984048,0.10,144.3,1,10,0.9
2024-03-26T20:58:47Z,26.421705,-76.984050,0.63,236.2,1,10,0.9
2024-03-26T20:58:52Z,26.421695,-76.984052,0.67,164.2,1,11,0.8
2024-03-26T20:59:02Z,26.421688,-76.984042,0.85,145.4,1,11,0.8
2024-03-26T20:59:07Z,26.421687,-76.984035,0.19,92.8,1,11,0.8
2024-03-26T20:59:12Z,26.421685,-76.984032,0.23,63.0,1,10,1.0
2024-03-26T20:59:17Z,26.421693,-76.984042,0.13,234.1,1,11,0.8
2024-03-26T20:59:22Z,26.421695,-76.984055,0.45,251.5,1,11,0.8
2024-03-26T20:59:27Z,26.421697,-76.984063,0.11,306.8,1,11,0.8
2024-03-26T20:59:32Z,26.421698,-76.984065,0.23,324.7,1,11,0.8
2024-03-26T20:59:42Z,26.421692,-76.984070,0.65,139.6,1,11,0.8
2024-03-26T20:59:47Z,26.421702,-76.984077,0.35,354.1,1,11,0.8
2024-03-26T20:59:52Z,26.421695,-76.984052,1.06,130.6,1,11,0.8
2024-03-26T20:59:57Z,26.421683,-76.984040,0.30,88.0,1,11,0.8
2024-03-26T21:00:02Z,26.421693,-76.984040,0.18,241.8,1,11,0.8
2024-03-26T21:00:07Z,26.421697,-76.984043,0.47,125.5,1,11,0.8
2024-03-26T21:00:12Z,26.421702,-76.984043,0.33,333.6,1,11,0.8
2024-03-26T21:00:17Z,26.421708,-76.984050,0.23,99.1,1,11,0.8
2024-03-26T21:00:22Z,26.421707,-76.984065,0.79,210.3,1,11,0.8
2024-03-26T21:00:27Z,26.421712,-76.984080,0.84,289.9,1,11,0.8
2024-03-26T21:00:32Z,26.421702,-76.984073,0.77,149.1,1,10,0.9
2024-03-26T21:00:37Z,26.421693,-76.984065,0.76,162.6,1,11,0.8
2024-03-26T21:00:42Z,26.421683,-76.984057,0.57,144.5,1,11,0.8
2024-03-26T21:00:47Z,26.421675,-76.984048,0.13,316.3,1,11,0.8
2024-03-26T21:00:57Z,26.421687,-76.984057,0.16,352.6,1,11,0.8
2024-03-26T21:01:02Z,26.421695,-76.984057,0.10,81.0,1,11,0.8
2024-03-26T21:01:07Z,26.421695,-76.984063,0.42,311.4,1,11,0.8
2024-03-26T21:01:12Z,26.421700,-76.984067,0.68,297.1,1,10,0.9
2024-03-26T21:01:17Z,26.421707,-76.984067,0.56,22.7,1,11,0.8
2024-03-26T21:01:22Z,26.421712,-76.984070,0.47,350.4,1,10,0.9
2024-03-26T21:01:27Z,26.421700,-76.984063,1.00,144.3,1,10,0.9
2024-03-26T21:01:32Z,26.421710,-76.984067,1.03,5.3,1,11,0.8
2024-03-26T21:01:37Z,26.421732,-76.984075,0.23,331.0,1,11,0.8
2024-03-26T21:01:42Z,26.421738,-76.984077,0.08,331.7,1,11,0.8
2024-03-26T21:01:47Z,26.421747,-76.984070,0.72,111.4,1,11,0.8
2024-03-26T21:01:52Z,26.421742,-76.984065,0.49,145.2,1,11,0.8
2024-03-26T21:01:57Z,26.421737,-76.984053,0.52,11.5,1,11,0.8
2024-03-26T21:02:02Z,26.421747,-76.984055,0.15,290.4,1,11,0.8
2024-03-26T21:02:12Z,26.421757,-76.984063,0.42,79.3,1,11,0.8
2024-03-26T21:02:17Z,26.421752,-76.984057,0.59,122.2,1,11,0.8
2024-03-26T21:02:22Z,26.421750,-76.984052,0.27,215.8,1,11,0.8
2024-03-26T21:02:27Z,26.421748,-76.984057,0.50,313.4,1,11,0.8
2024-03-26T21:02:32Z,26.421753,-76.984057,0.16,76.9,1,11,0.8
2024-03-26T21:02:37Z,26.421757,-76.984052,0.44,27.5,1,11,0.8
2024-03-26T21:02:42Z,26.421755,-76.984043,0.12,73.6,1,11,0.8
2024-03-26T21:02:47Z,26.421760,-76.984045,0.63,142.6,1,11,0.8
2024-03-26T21:02:52Z,26.421750,-76.984042,0.63,121.5,1,11,0.8
2024-03-26T21:02:57Z,26.421755,-76.984027,0.51,324.7,1,11,0.8
2024-03-26T21:03:02Z,26.421765,-76.984030,0.11,27.4,1,11,0.8
2024-03-26T21:03:07Z,26.421765,-76.984022,0.62,134.6,1,11,0.8
2024-03-26T21:03:12Z,26.421755,-76.984015,0.55,115.3,1,11,0.8
2024-03-26T21:03:17Z,26.421760,-76.984013,0.60,313.0,1,11,0.8
2024-03-26T21:03:27Z,26.421745,-76.984003,0.77,201.5,1,11,0.8
2024-03-26T21:03:32Z,26.421737,-76.984005,0.49,261.0,1,11,0.8
2024-03-26T21:03:37Z,26.421743,-76.984003,0.54,58.7,1,10,0.9
2024-03-26T21:03:42Z,26.421747,-76.984000,0.25,325.2,1,10,0.9
2024-03-26T21:03:47Z,26.421732,-76.983997,0.97,170.5,1,11,0.8
2024-03-26T21:03:52Z,26.421720,-76.984005,0.36,196.2,1,11,0.8
2024-03-26T21:04:02Z,26.421700,-76.984007,0.99,162.9,1,9,0.9
2024-03-26T21:04:07Z,26.421698,-76.984002,0.54,312.1,1,10,0.9
2024-03-26T21:04:12Z,26.421698,-76.984008,0.19,152.5,1,10,0.9
2024-03-26T21:04:17Z,26.421698,-76.984025,0.16,310.5,1,11,0.8
2024-03-26T21:04:22Z,26.421700,-76.984027,0.72,344.5,1,10,0.9
2024-03-26T21:04:27Z,26.421705,-76.984030,0.32,98.7,1,10,0.9
2024-03-26T21:04:37Z,26.421710,-76.984033,0.72,85.6,1,10,0.9
2024-03-26T21:04:42Z,26.421715,-76.984032,0.71,337.6,1,11,0.8
2024-03-26T21:04:47Z,26.421702,-76.984023,1.43,145.0,1,11,0.8
2024-03-26T21:04:52Z,26.421682,-76.984010,0.76,120.6,1,11,0.8
2024-03-26T21:04:57Z,26.421683,-76.983995,0.28,25.3,1,10,0.9
2024-03-26T21:05:02Z,26.421683,-76.983987,0.66,92.1,1,10,0.9
2024-03-26T21:05:12Z,26.421677,-76.983962,0.62,101.5,1,11,0.8
2024-03-26T21:05:17Z,26.421690,-76.983963,0.59,349.3,1,11,0.8
2024-03-26T21:05:22Z,26.421693,-76.983963,0.25,160.0,1,10,0.9
2024-03-26T21:05:27Z,26.421687,-76.983958,0.24,103.1,1,10,0.9
2024-03-26T21:05:32Z,26.421688,-76.983972,0.52,262.1,1,10,0.9
2024-03-26T21:05:37Z,26.421688,-76.983982,0.69,203.8,1,11,0.8
2024-03-26T21:05:47Z,26.421678,-76.984000,0.45,202.4,1,11,0.8
2024-03-26T21:05:52Z,26.421688,-76.984020,0.41,287.9,1,11,0.8
2024-03-26T21:05:57Z,26.421705,-76.984045,0.59,311.5,1,11,0.8
2024-03-26T21:06:02Z,26.421708,-76.984058,0.26,214.8,1,10,0.9
2024-03-26T21:06:07Z,26.421717,-76.984058,0.11,68.3,1,11,0.8
2024-03-26T21:06:12Z,26.421730,-76.984057,0.28,339.2,1,11,0.8
2024-03-26T21:06:22Z,26.421742,-76.984063,0.25,45.7,1,11,0.8
2024-03-26T21:06:27Z,26.421735,-76.984058,0.70,177.7,1,11,0.8
2024-03-26T21:06:32Z,26.421732,-76.984055,0.42,102.9,1,10,0.9
2024-03-26T21:06:37Z,26.421740,-76.984052,0.87,345.1,1,11,0.8
2024-03-26T21:06:42Z,26.421748,-76.984058,0.25,356.7,1,11,0.8
2024-03-26T21:06:47Z,26.421747,-76.984058,0.38,176.1,1,11,0.8
2024-03-26T21:06:57Z,26.421728,-76.984053,0.05,308.3,1,11,0.8
2024-03-26T21:07:02Z,26.421742,-76.984053,0.37,87.0,1,10,0.9
2024-03-26T21:07:07Z,26.421750,-76.984050,0.33,357.4,1,11,0.8
2024-03-26T21:07:12Z,26.421758,-76.984048,0.01,355.3,1,11,0.8
2024-03-26T21:07:17Z,26.421767,-76.984050,0.25,1.5,1,11,0.8
2024-03-26T21:07:22Z,26.421762,-76.984048,0.63,129.1,1,11,0.8
2024-03-26T21:07:32Z,26.421765,-76.984035,0.36,81.1,1,10,0.9
2024-03-26T21:07:37Z,26.421773,-76.984027,0.25,351.9,1,10,0.9
2024-03-26T21:07:42Z,26.421780,-76.984025,0.11,130.7,1,10,0.9
2024-03-26T21:07:47Z,26.421773,-76.984025,0.25,0.3,1,10,0.9
2024-03-26T21:07:52Z,26.421767,-76.984027,0.48,190.0,1,10,0.9
2024-03-26T21:07:57Z,26.421767,-76.984032,0.10,57.0,1,11,0.8
2024-03-26T21:08:02Z,26.421760,-76.984023,0.40,72.3,1,10,0.9
2024-03-26T21:08:07Z,26.421757,-76.984017,0.97,148.9,1,11,0.8
2024-03-26T21:08:12Z,26.421740,-76.984012,0.76,251.7,1,11,0.8
2024-03-26T21:08:17Z,26.421737,-76.984017,0.16,338.9,1,11,0.8
2024-03-26T21:08:22Z,26.421743,-76.984018,0.43,200.1,1,11,0.8
2024-03-26T21:08:27Z,26.421738,-76.984018,0.22,358.1,1,10,0.9
2024-03-26T21:08:32Z,26.421742,-76.984018,0.71,33.9,1,10,0.9
2024-03-26T21:08:37Z,26.421737,-76.984013,0.79,152.1,1,10,0.9
2024-03-26T21:08:42Z,26.421740,-76.984023,0.29,248.5,1,10,0.9
2024-03-26T21:08:47Z,26.421735,-76.984023,0.17,200.3,1,10,0.9
2024-03-26T21:08:52Z,26.421717,-76.984015,0.74,150.2,1,10,0.9
2024-03-26T21:08:57Z,26.421705,-76.984007,0.22,146.8,1,11,0.8
2024-03-26T21:09:02Z,26.421710,-76.984007,0.30,87.0,1,11,0.8
2024-03-26T21:09:07Z,26.421712,-76.984010,0.27,24.6,1,11,0.8
2024-03-26T21:09:17Z,26.421712,-76.984012,0.46,228.1,1,10,0.9
2024-03-26T21:09:22Z,26.421710,-76.984025,0.33,305.5,1,10,0.9
2024-03-26T21:09:27Z,26.421713,-76.984020,0.38,95.2,1,10,0.9
2024-03-26T21:09:32Z,26.421718,-76.984018,0.64,288.2,1,10,0.9
2024-03-26T21:09:37Z,26.421728,-76.984022,0.69,94.5,1,10,0.9
2024-03-26T21:09:42Z,26.421732,-76.984010,0.57,119.7,1,10,0.9
2024-03-26T21:09:52Z,26.421745,-76.984017,0.54,318.7,1,10,0.9
2024-03-26T21:09:57Z,26.421743,-76.984008,0.40,57.2,1,11,0.8
2024-03-26T21:10:02Z,26.421753,-76.984017,0.16,175.3,1,10,0.9
2024-03-26T21:10:07Z,26.421748,-76.984028,0.27,148.4,1,10,0.9
2024-03-26T21:10:12Z,26.421752,-76.984037,0.42,293.3,1,10,0.9
2024-03-26T21:10:17Z,26.421737,-76.984035,0.56,161.5,1,10,0.9
2024-03-26T21:10:27Z,26.421728,-76.984035,0.53,309.5,1,10,0.9
2024-03-26T21:10:32Z,26.421718,-76.984022,1.01,127.6,1,9,1.2
2024-03-26T21:10:37Z,26.421717,-76.984020,0.35,21.5,1,10,0.9
2024-03-26T21:10:42Z,26.421720,-76.984022,0.43,238.4,1,11,0.8
2024-03-26T21:10:47Z,26.421715,-76.984027,0.59,302.2,1,11,0.8
2024-03-26T21:10:52Z,26.421715,-76.984027,0.36,127.7,1,11,0.8
2024-03-26T21:10:57Z,26.421702,-76.984018,0.22,68.2,1,10,0.9
2024-03-26T21:11:02Z,26.421707,-76.984018,0.17,149.7,1,10,0.9
2024-03-26T21:11:07Z,26.421713,-76.984020,0.60,338.7,1,11,0.8
2024-03-26T21:11:12Z,26.421723,-76.984013,0.67,319.1,1,11,0.8
2024-03-26T21:11:17Z,26.421735,-76.984015,0.46,55.3,1,11,0.8
2024-03-26T21:11:22Z,26.421740,-76.984002,0.33,142.1,1,10,0.9
2024-03-26T21:11:27Z,26.421740,-76.984002,0.51,332.5,1,11,0.8
2024-03-26T21:11:32Z,26.421750,-76.984000,0.50,48.1,1,11,0.8
2024-03-26T21:11:37Z,26.421757,-76.984005,0.31,33.4,1,11,0.8
2024-03-26T21:11:42Z,26.421758,-76.984005,0.28,125.3,1,11,0.8
2024-03-26T21:11:47Z,26.421753,-76.984005,0.33,201.4,1,11,0.8
2024-03-26T21:11:52Z,26.421753,-76.984017,0.66,230.3,1,11,0.8
2024-03-26T21:11:57Z,26.421752,-76.984028,0.70,199.6,1,11,0.8
2024-03-26T21:12:02Z,26.421742,-76.984032,0.19,233.8,1,11,0.8
2024-03-26T21:12:07Z,26.421745,-76.984043,0.35,278.1,1,11,0.8
2024-03-26T21:12:12Z,26.421753,-76.984045,0.07,21.4,1,11,0.8
2024-03-26T21:12:17Z,26.421750,-76.984047,0.59,174.1,1,10,0.9
2024-03-26T21:12:22Z,26.421740,-76.984048,0.36,176.6,1,10,0.9
2024-03-26T21:12:27Z,26.421740,-76.984047,0.47,291.0,1,10,0.9
2024-03-26T21:12:32Z,26.421743,-76.984060,0.58,132.1,1,11,0.8
2024-03-26T21:12:37Z,26.421747,-76.984058,0.16,83.5,1,11,0.8
2024-03-26T21:12:42Z,26.421742,-76.984042,0.40,119.4,1,11,0.8
2024-03-26T21:12:47Z,26.421742,-76.984037,0.77,127.5,1,11,0.8
2024-03-26T21:12:52Z,26.421740,-76.984028,0.07,15.1,1,11,0.8
2024-03-26T21:12:57Z,26.421732,-76.984022,0.21,206.3,1,11,0.8
2024-03-26T21:13:02Z,26.421727,-76.984028,0.27,192.8,1,11,0.8
2024-03-26T21:13:07Z,26.421727,-76.984030,0.27,41.7,1,11,0.8
2024-03-26T21:13:12Z,26.421727,-76.984027,0.18,144.5,1,11,0.8
2024-03-26T21:13:17Z,26.421722,-76.984025,0.17,200.4,1,11,0.8
2024-03-26T21:13:27Z,26.421730,-76.984022,0.45,81.2,1,10,0.9
2024-03-26T21:13:32Z,26.421738,-76.984027,0.35,128.9,1,10,0.9
2024-03-26T21:13:37Z,26.421742,-76.984037,0.94,283.4,1,11,0.8
2024-03-26T21:13:42Z,26.421745,-76.984040,0.18,305.8,1,11,0.8
2024-03-26T21:13:47Z,26.421747,-76.984045,0.57,154.6,1,11,0.8
2024-03-26T21:13:52Z,26.421750,-76.984047,1.10,310.9,1,11,0.8
2024-03-26T21:13:57Z,26.421738,-76.984038,0.91,138.0,1,11,0.8
2024-03-26T21:14:02Z,26.421732,-76.984032,0.46,106.3,1,11,0.8
2024-03-26T21:14:07Z,26.421730,-76.984027,0.20,238.7,1,11,0.8
2024-03-26T21:14:12Z,26.421722,-76.984032,0.23,168.7,1,11,0.8
2024-03-26T21:14:17Z,26.421717,-76.984038,0.23,227.6,1,11,0.8
2024-03-26T21:14:22Z,26.421705,-76.984037,0.38,175.2,1,11,0.8
2024-03-26T21:14:27Z,26.421707,-76.984043,0.56,75.1,1,11,0.8
2024-03-26T21:14:32Z,26.421712,-76.984037,0.48,316.6,1,11,0.8
2024-03-26T21:14:37Z,26.421725,-76.984035,0.26,65.0,1,11,0.8
2024-03-26T21:14:42Z,26.421730,-76.984045,0.54,254.6,1,11,0.8
2024-03-26T21:14:47Z,26.421725,-76.984050,0.15,232.0,1,11,0.8
2024-03-26T21:14:52Z,26.421727,-76.984048,0.57,80.7,1,11,0.8
2024-03-26T21:14:57Z,26.421717,-76.984035,0.46,77.1,1,11,0.8
2024-03-26T21:15:02Z,26.421718,-76.984035,0.33,210.6,1,11,0.8
2024-03-26T21:15:07Z,26.421705,-76.984035,0.84,176.4,1,11,0.8
2024-03-26T21:15:17Z,26.421688,-76.984052,0.45,258.8,1,10,0.9
2024-03-26T21:15:22Z,26.421695,-76.984058,0.25,13.1,1,10,0.9
2024-03-26T21:15:27Z,26.421705,-76.984053,1.02,26.3,1,10,0.9
2024-03-26T21:15:32Z,26.421720,-76.984065,0.42,85.9,1,10,0.9
2024-03-26T21:15:37Z,26.421720,-76.984060,0.52,347.2,1,10,0.9
2024-03-26T21:15:42Z,26.421727,-76.984055,0.73,84.9,1,10,0.9
2024-03-26T21:15:52Z,26.421737,-76.984060,0.49,168.1,1,10,0.9
2024-03-26T21:15:57Z,26.421737,-76.984058,0.11,112.7,1,10,0.9
2024-03-26T21:16:02Z,26.421745,-76.984068,0.07,114.2,1,10,0.9
2024-03-26T21:16:07Z,26.421738,-76.984062,0.49,108.3,1,10,0.9
2024-03-26T21:16:12Z,26.421742,-76.984062,0.56,305.9,1,10,0.9
2024-03-26T21:16:17Z,26.421738,-76.984065,0.64,126.4,1,10,0.9
2024-03-26T21:16:27Z,26.421732,-76.984055,0.59,280.5,1,10,0.9
2024-03-26T21:16:32Z,26.421737,-76.984057,0.72,90.1,1,10,0.9
2024-03-26T21:16:37Z,26.421730,-76.984033,0.55,120.0,1,10,0.9
2024-03-26T21:16:42Z,26.421727,-76.984018,0.32,95.7,1,10,0.9
2024-03-26T21:16:47Z,26.421727,-76.984013,0.55,114.4,1,10,0.9
2024-03-26T21:16:52Z,26.421720,-76.984002,0.56,82.8,1,10,0.9
2024-03-26T21:16:57Z,26.421723,-76.983993,0.52,129.8,1,10,0.9
2024-03-26T21:17:02Z,26.421715,-76.983992,0.21,349.0,1,9,1.0
2024-03-26T21:17:07Z,26.421718,-76.983987,0.41,37.8,1,10,0.9
2024-03-26T21:17:12Z,26.421733,-76.983997,0.66,292.9,1,10,0.9
2024-03-26T21:17:17Z,26.421735,-76.983997,0.43,130.9,1,10,0.9
2024-03-26T21:17:22Z,26.421745,-76.984007,0.67,290.7,1,10,0.9
2024-03-26T21:17:27Z,26.421757,-76.984028,1.07,327.4,1,10,0.9
2024-03-26T21:17:37Z,26.421753,-76.984042,0.28,190.1,1,10,0.9
2024-03-26T21:17:42Z,26.421757,-76.984045,0.10,45.6,1,10,0.9
2024-03-26T21:17:47Z,26.421760,-76.984050,0.52,165.9,1,10,0.9
2024-03-26T21:17:52Z,26.421753,-76.984038,0.46,109.2,1,10,0.9
2024-03-26T21:17:57Z,26.421748,-76.984030,0.53,166.5,1,10,0.9
2024-03-26T21:18:02Z,26.421740,-76.984022,0.22,209.9,1,10,0.9
2024-03-26T21:18:12Z,26.421713,-76.984027,0.41,213.1,1,10,0.9
2024-03-26T21:18:17Z,26.421712,-76.984030,0.29,309.6,1,9,1.2
2024-03-26T21:18:22Z,26.421723,-76.984040,0.28,12.0,1,10,0.9
2024-03-26T21:18:27Z,26.421730,-76.984025,0.50,83.5,1,10,0.9
2024-03-26T21:18:32Z,26.421743,-76.984027,0.68,330.6,1,10,0.9
2024-03-26T21:18:37Z,26.421750,-76.984032,0.50,343.1,1,10,0.9
2024-03-26T21:18:42Z,26.421747,-76.984030,1.14,136.2,1,10,0.9
2024-03-26T21:18:47Z,26.421737,-76.984013,0.52,121.2,1,10,0.9
2024-03-26T21:18:52Z,26.421738,-76.984003,0.68,129.9,1,10,0.9
2024-03-26T21:18:57Z,26.421733,-76.983995,0.66,143.8,1,10,0.9
2024-03-26T21:19:02Z,26.421723,-76.983983,0.83,139.1,1,10,0.9
2024-03-26T21:19:07Z,26.421725,-76.983988,0.35,310.3,1,10,0.9
2024-03-26T21:19:12Z,26.421712,-76.983993,0.99,187.3,1,10,0.9
2024-03-26T21:19:17Z,26.421688,-76.983993,0.74,153.6,1,10,0.9
2024-03-26T21:19:22Z,26.421677,-76.983993,0.41,254.4,1,10,0.9
2024-03-26T21:19:27Z,26.421678,-76.983997,0.26,315.0,1,10,0.9
2024-03-26T21:19:32Z,26.421682,-76.984000,0.48,156.7,1,10,0.9
2024-03-26T21:19:37Z,26.421677,-76.984003,0.21,336.3,1,10,0.9
2024-03-26T21:19:42Z,26.421680,-76.984005,0.17,156.7,1,10,0.9
2024-03-26T21:19:47Z,26.421682,-76.984010,0.16,49.3,1,10,0.9
2024-03-26T21:19:52Z,26.421690,-76.984012,0.86,309.9,1,10,0.9
2024-03-26T21:19:57Z,26.421697,-76.984020,0.33,347.6,1,10,0.9
2024-03-26T21:20:02Z,26.421707,-76.984033,1.05,329.4,1,10,0.9
2024-03-26T21:20:07Z,26.421703,-76.984035,0.29,135.2,1,10,0.9
2024-03-26T21:20:12Z,26.421703,-76.984038,0.67,343.9,1,10,0.9
2024-03-26T21:20:17Z,26.421712,-76.984047,1.52,126.2,1,10,0.9
2024-03-26T21:20:22Z,26.421705,-76.984023,1.21,71.0,1,10,0.9
2024-03-26T21:20:27Z,26.421703,-76.984003,1.03,141.4,1,10,0.9
2024-03-26T21:20:32Z,26.421695,-76.983990,0.28,157.5,1,10,0.9
2024-03-26T21:20:37Z,26.421692,-76.983980,0.39,126.2,1,10,0.9
2024-03-26T21:20:42Z,26.421678,-76.983968,0.64,112.6,1,10,0.9
2024-03-26T21:20:47Z,26.421680,-76.983967,0.13,147.8,1,10,0.9
2024-03-26T21:20:52Z,26.421683,-76.983968,0.12,306.0,1,10,0.9
2024-03-26T21:20:57Z,26.421678,-76.983968,0.68,208.4,1,10,0.9
2024-03-26T21:21:02Z,26.421667,-76.983977,0.50,213.2,1,10,0.9
2024-03-26T21:21:07Z,26.421663,-76.983982,0.13,199.4,1,9,1.2
2024-03-26T21:21:12Z,26.421667,-76.983988,0.18,258.3,1,10,0.9
2024-03-26T21:21:17Z,26.421657,-76.983998,0.60,282.7,1,10,0.9
2024-03-26T21:21:22Z,26.421662,-76.984007,0.26,28.3,1,9,1.2
2024-03-26T21:21:27Z,26.421668,-76.984008,0.37,272.6,1,10,0.9
2024-03-26T21:21:32Z,26.421670,-76.984008,0.28,311.6,1,9,1.2
2024-03-26T21:21:42Z,26.421680,-76.984020,0.64,2.4,1,10,0.9
2024-03-26T21:21:47Z,26.421682,-76.984015,0.62,144.2,1,10,0.9
2024-03-26T21:21:52Z,26.421690,-76.984030,0.50,331.0,1,10,0.9
2024-03-26T21:21:57Z,26.421705,-76.984033,0.68,124.0,1,10,0.9
2024-03-26T21:22:02Z,26.421713,-76.984038,0.20,1.2,1,10,0.9
2024-03-26T21:22:07Z,26.421720,-76.984050,0.52,336.8,1,10,0.9
2024-03-26T21:22:12Z,26.421730,-76.984055,0.07,35.4,1,10,0.9
2024-03-26T21:22:17Z,26.421737,-76.984058,0.53,51.4,1,10,0.9
2024-03-26T21:22:22Z,26.421735,-76.984058,0.17,320.3,1,10,0.9
2024-03-26T21:22:27Z,26.421733,-76.984060,0.42,130.9,1,10,0.9
2024-03-26T21:22:32Z,26.421737,-76.984058,0.35,36.0,1,10,0.9
2024-03-26T21:22:37Z,26.421738,-76.984060,0.29,338.2,1,10,0.9
2024-03-26T21:22:42Z,26.421745,-76.984067,0.09,325.4,1,10,0.9
2024-03-26T21:22:47Z,26.421740,-76.984072,0.58,155.2,1,10,0.9
2024-03-26T21:22:52Z,26.421730,-76.984075,0.17,308.5,1,10,0.9
2024-03-26T21:22:57Z,26.421725,-76.984070,0.30,16.4,1,10,0.9
2024-03-26T21:23:02Z,26.421730,-76.984073,0.62,336.5,1,10,0.9
2024-03-26T21:23:07Z,26.421737,-76.984075,0.23,14.4,1,10,0.9
2024-03-26T21:23:12Z,26.421732,-76.984065,0.40,128.2,1,10,0.9
2024-03-26T21:23:17Z,26.421720,-76.984057,0.61,124.5,1,10,0.9
2024-03-26T21:23:27Z,26.421727,-76.984050,0.17,18.1,1,10,0.9
2024-03-26T21:23:32Z,26.421732,-76.984048,0.20,275.9,1,10,0.9
2024-03-26T21:23:37Z,26.421748,-76.984052,0.77,325.6,1,10,0.9
2024-03-26T21:23:42Z,26.421757,-76.984060,0.63,178.3,1,10,0.9
2024-03-26T21:23:47Z,26.421755,-76.984067,0.55,266.8,1,10,0.9
2024-03-26T21:23:52Z,26.421742,-76.984072,1.06,170.3,1,10,0.9
2024-03-26T21:24:02Z,26.421723,-76.984057,0.58,175.1,1,10,0.9
2024-03-26T21:24:07Z,26.421708,-76.984047,0.48,272.9,1,10,0.9
2024-03-26T21:24:12Z,26.421713,-76.984053,0.11,60.0,1,10,0.9
2024-03-26T21:24:17Z,26.421703,-76.984052,0.55,181.1,1,10,0.9
2024-03-26T21:24:22Z,26.421707,-76.984052,0.68,37.6,1,10,0.9
2024-03-26T21:24:27Z,26.421710,-76.984050,0.37,290.1,1,10,0.9
2024-03-26T21:24:32Z,26.421697,-76.984052,0.56,191.8,1,10,0.9
2024-03-26T21:24:37Z,26.421708,-76.984062,0.60,323.3,1,10,0.9
2024-03-26T21:24:42Z,26.421718,-76.984060,0.37,11.9,1,10,0.9
2024-03-26T21:24:47Z,26.421712,-76.984062,0.49,319.9,1,10,0.9
2024-03-26T21:24:52Z,26.421718,-76.984063,0.31,45.5,1,10,0.9
2024-03-26T21:24:57Z,26.421720,-76.984062,0.25,191.7,1,10,0.9
2024-03-26T21:25:02Z,26.421712,-76.984072,0.25,192.0,1,10,0.9
2024-03-26T21:25:07Z,26.421712,-76.984073,0.15,326.0,1,10,0.9
2024-03-26T21:25:12Z,26.421712,-76.984065,0.46,95.5,1,10,0.9
2024-03-26T21:25:17Z,26.421712,-76.984065,0.26,162.7,1,10,0.9
2024-03-26T21:25:22Z,26.421713,-76.984060,0.63,9.4,1,10,0.9
2024-03-26T21:25:27Z,26.421727,-76.984062,0.29,271.3,1,10,0.9
2024-03-26T21:25:32Z,26.421720,-76.984068,0.42,129.8,1,10,0.9
2024-03-26T21:25:37Z,26.421708,-76.984062,0.22,4.2,1,10,0.9
2024-03-26T21:25:47Z,26.421728,-76.984065,0.46,141.1,1,10,0.9
2024-03-26T21:25:52Z,26.421722,-76.984060,0.41,337.0,1,10,0.9
2024-03-26T21:25:57Z,26.421743,-76.984063,0.49,15.1,1,10,0.9
2024-03-26T21:26:02Z,26.421750,-76.984055,0.76,81.5,1,10,0.9
2024-03-26T21:26:07Z,26.421752,-76.984042,1.03,118.2,1,10,0.9
2024-03-26T21:26:12Z,26.421743,-76.984030,0.17,337.3,1,10,0.9
2024-03-26T21:26:22Z,26.421758,-76.984018,0.43,185.6,1,10,0.9
2024-03-26T21:26:27Z,26.421760,-76.984017,0.21,36.1,1,10,0.9
2024-03-26T21:26:32Z,26.421758,-76.984013,0.53,3.0,1,10,0.9
2024-03-26T21:26:37Z,26.421770,-76.984028,0.28,320.3,1,10,0.9
2024-03-26T21:26:42Z,26.421768,-76.984028,0.55,307.6,1,10,0.9
2024-03-26T21:26:47Z,26.421763,-76.984035,0.07,127.6,1,10,0.9
2024-03-26T21:26:52Z,26.421762,-76.984033,0.42,158.9,1,10,0.9
2024-03-26T21:26:57Z,26.421770,-76.984040,0.46,309.5,1,10,0.9
2024-03-26T21:27:02Z,26.421768,-76.984040,0.27,319.9,1,10,0.9
2024-03-26T21:27:07Z,26.421772,-76.984038,0.17,261.2,1,10,0.9
2024-03-26T21:27:12Z,26.421775,-76.984040,0.10,168.2,1,10,0.9
2024-03-26T21:27:17Z,26.421777,-76.984038,0.13,224.5,1,10,0.9
2024-03-26T21:27:22Z,26.421768,-76.984023,0.81,145.5,1,10,0.9
2024-03-26T21:27:27Z,26.421763,-76.984020,0.57,166.7,1,10,0.9
2024-03-26T21:27:32Z,26.421760,-76.984032,0.43,156.9,1,10,0.9
2024-03-26T21:27:37Z,26.421750,-76.984020,0.62,156.1,1,10,0.9
2024-03-26T21:27:42Z,26.421748,-76.984018,0.17,170.8,1,10,0.9
2024-03-26T21:27:47Z,26.421737,-76.984022,0.70,177.6,1,10,0.9
2024-03-26T21:27:52Z,26.421717,-76.984023,0.45,254.7,1,10,0.9
2024-03-26T21:27:57Z,26.421723,-76.984028,0.19,26.5,1,10,0.9
2024-03-26T21:28:02Z,26.421723,-76.984022,0.02,108.5,1,10,0.9
2024-03-26T21:28:07Z,26.421727,-76.984033,0.38,158.0,1,9,1.2
2024-03-26T21:28:12Z,26.421730,-76.984037,0.13,253.3,1,10,0.9
2024-03-26T21:28:17Z,26.421728,-76.984045,0.54,201.9,1,10,0.9
2024-03-26T21:28:22Z,26.421722,-76.984045,0.67,196.8,1,10,0.9
2024-03-26T21:28:27Z,26.421720,-76.984055,0.33,345.5,1,10,0.9
2024-03-26T21:28:32Z,26.421722,-76.984045,0.35,62.0,1,10,0.9
2024-03-26T21:28:37Z,26.421737,-76.984047,0.48,135.2,1,10,0.9
2024-03-26T21:28:42Z,26.421742,-76.984048,0.23,281.7,1,10,0.9
2024-03-26T21:28:47Z,26.421755,-76.984053,0.58,29.9,1,10,0.9
2024-03-26T21:28:52Z,26.421763,-76.984048,0.28,12.1,1,10,0.9
2024-03-26T21:28:57Z,26.421758,-76.984048,0.32,143.0,1,10,0.9
2024-03-26T21:29:02Z,26.421753,-76.984045,0.36,51.2,1,10,0.9
2024-03-26T21:29:07Z,26.421762,-76.984048,0.17,194.7,1,10,0.9
2024-03-26T21:29:17Z,26.421757,-76.984055,0.33,161.6,1,10,0.9
2024-03-26T21:29:22Z,26.421762,-76.984048,0.78,356.3,1,10,0.9
2024-03-26T21:29:27Z,26.421768,-76.984042,0.23,26.4,1,10,0.9
2024-03-26T21:29:32Z,26.421770,-76.984043,0.08,122.3,1,10,0.9
2024-03-26T21:29:37Z,26.421758,-76.984038,0.46,189.5,1,10,0.9
2024-03-26T21:29:42Z,26.421752,-76.984037,0.56,152.8,1,10,0.9
2024-03-26T21:29:52Z,26.421745,-76.984040,0.67,310.5,1,10,0.9
2024-03-26T21:29:57Z,26.421738,-76.984035,0.20,181.9,1,10,0.9
2024-03-26T21:30:02Z,26.421730,-76.984038,0.16,240.4,1,10,0.9
2024-03-26T21:30:07Z,26.421725,-76.984042,0.21,127.6,1,10,0.9
2024-03-26T21:30:12Z,26.421730,-76.984048,0.57,127.4,1,10,0.9
2024-03-26T21:30:17Z,26.421730,-76.984057,0.39,174.1,1,10,0.9
2024-03-26T21:30:22Z,26.421728,-76.984058,0.32,95.7,1,10,0.9
2024-03-26T21:30:32Z,26.421722,-76.984068,0.28,77.6,1,10,0.9
2024-03-26T21:30:37Z,26.421727,-76.984077,0.35,300.8,1,10,0.9
2024-03-26T21:30:42Z,26.421725,-76.984077,0.22,345.9,1,10,0.9
2024-03-26T21:30:47Z,26.421727,-76.984085,0.29,188.3,1,10,0.9
2024-03-26T21:30:52Z,26.421725,-76.984082,0.45,45.5,1,10,0.9
2024-03-26T21:30:57Z,26.421725,-76.984082,0.64,298.5,1,10,0.9
2024-03-26T21:31:07Z,26.421713,-76.984088,0.04,200.4,1,10,0.9
2024-03-26T21:31:12Z,26.421710,-76.984087,0.17,185.2,1,10,0.9
2024-03-26T21:31:17Z,26.421710,-76.984090,0.45,166.2,1,10,0.9
2024-03-26T21:31:22Z,26.421712,-76.984093,0.39,118.0,1,10,0.9
2024-03-26T21:31:27Z,26.421710,-76.984077,0.23,87.5,1,10,0.9
2024-03-26T21:31:32Z,26.421708,-76.984065,0.32,139.4,1,10,0.9
2024-03-26T21:31:42Z,26.421705,-76.984048,0.21,202.8,1,10,0.9
2024-03-26T21:31:47Z,26.421692,-76.984052,0.42,150.5,1,10,0.9
2024-03-26T21:31:52Z,26.421677,-76.984055,0.85,215.4,1,10,0.9
2024-03-26T21:31:57Z,26.421675,-76.984055,0.60,137.1,1,10,0.9
2024-03-26T21:32:02Z,26.421673,-76.984052,0.27,206.3,1,10,0.9
2024-03-26T21:32:07Z,26.421675,-76.984058,1.44,327.7,1,10,0.9
2024-03-26T21:32:12Z,26.421687,-76.984068,0.46,132.4,1,10,0.9
2024-03-26T21:32:17Z,26.421685,-76.984078,0.43,309.1,1,10,0.9
2024-03-26T21:32:22Z,26.421682,-76.984090,0.12,331.4,1,10,0.9
2024-03-26T21:32:27Z,26.421688,-76.984088,0.62,100.7,1,10,0.9
2024-03-26T21:32:32Z,26.421693,-76.984075,0.46,32.9,1,10,0.9
2024-03-26T21:32:37Z,26.421700,-76.984077,1.17,342.1,1,10,0.9
2024-03-26T21:32:42Z,26.421710,-76.984073,0.21,179.4,1,10,0.9
2024-03-26T21:32:47Z,26.421707,-76.984075,0.44,115.2,1,10,0.9
2024-03-26T21:32:52Z,26.421710,-76.984072,0.63,316.8,1,10,0.9
2024-03-26T21:32:57Z,26.421727,-76.984072,0.91,15.5,1,10,0.9
2024-03-26T21:33:02Z,26.421730,-76.984067,0.19,78.6,1,10,0.9
2024-03-26T21:33:07Z,26.421730,-76.984073,0.47,137.0,1,10,0.9
2024-03-26T21:33:12Z,26.421735,-76.984057,0.78,85.6,1,10,0.9
2024-03-26T21:33:17Z,26.421735,-76.984050,0.30,34.7,1,10,0.9
2024-03-26T21:33:22Z,26.421735,-76.984047,0.04,179.4,1,10,0.9
2024-03-26T21:33:27Z,26.421738,-76.984053,0.34,330.6,1,10,0.9
2024-03-26T21:33:32Z,26.421743,-76.984055,0.47,313.0,1,10,0.9
2024-03-26T21:33:37Z,26.421748,-76.984057,0.44,71.5,1,10,0.9
2024-03-26T21:33:42Z,26.421743,-76.984055,0.46,110.9,1,10,0.9
2024-03-26T21:33:47Z,26.421747,-76.984048,0.16,77.2,1,10,0.9
2024-03-26T21:33:52Z,26.421758,-76.984053,0.69,301.6,1,10,0.9
2024-03-26T21:33:57Z,26.421750,-76.984057,0.18,245.4,1,10,0.9
2024-03-26T21:34:02Z,26.421748,-76.984055,0.11,28.3,1,10,0.9
2024-03-26T21:34:07Z,26.421750,-76.984067,0.50,47.9,1,10,0.9
2024-03-26T21:34:12Z,26.421755,-76.984057,0.52,70.6,1,10,0.9
2024-03-26T21:34:17Z,26.421777,-76.984050,1.02,114.5,1,10,0.9
2024-03-26T21:34:22Z,26.421768,-76.984032,0.50,143.7,1,10,0.9
2024-03-26T21:34:27Z,26.421750,-76.984017,0.98,146.1,1,10,0.9
2024-03-26T21:34:32Z,26.421743,-76.984013,0.79,171.9,1,10,0.9
2024-03-26T21:34:37Z,26.421727,-76.984013,0.63,193.2,1,10,0.9
2024-03-26T21:34:42Z,26.421710,-76.984017,1.10,177.9,1,10,0.9
2024-03-26T21:34:47Z,26.421717,-76.984027,0.87,351.7,1,10,0.9
2024-03-26T21:34:52Z,26.421730,-76.984028,0.78,332.5,1,10,0.9
2024-03-26T21:34:57Z,26.421742,-76.984037,0.52,25.2,1,10,0.9
2024-03-26T21:35:02Z,26.421752,-76.984030,0.58,42.9,1,10,0.9
2024-03-26T21:35:12Z,26.421750,-76.984030,0.35,200.1,1,10,0.9
2024-03-26T21:35:17Z,26.421747,-76.984032,0.30,262.7,1,10,0.9
2024-03-26T21:35:22Z,26.421742,-76.984038,0.67,171.4,1,10,0.9
2024-03-26T21:35:27Z,26.421737,-76.984050,0.57,171.6,1,10,0.9
2024-03-26T21:35:32Z,26.421735,-76.984053,0.45,136.5,1,10,0.9
2024-03-26T21:35:37Z,26.421732,-76.984052,0.32,169.1,1,10,0.9
2024-03-26T21:35:42Z,26.421722,-76.984060,0.47,298.9,1,10,0.9
2024-03-26T21:35:52Z,26.421738,-76.984053,0.34,34.6,1,10,0.9
2024-03-26T21:35:57Z,26.421745,-76.984043,0.41,47.6,1,10,0.9
2024-03-26T21:36:02Z,26.421747,-76.984037,0.50,125.0,1,10,0.9
2024-03-26T21:36:07Z,26.421757,-76.984037,0.58,350.6,1,10,0.9
2024-03-26T21:36:12Z,26.421760,-76.984035,0.09,88.0,1,10,0.9
2024-03-26T21:36:17Z,26.421750,-76.984043,1.15,185.9,1,10,0.9
2024-03-26T21:36:27Z,26.421740,-76.984062,0.95,177.5,1,10,0.9
2024-03-26T21:36:32Z,26.421733,-76.984065,0.24,333.6,1,10,0.9
2024-03-26T21:36:37Z,26.421732,-76.984072,0.57,270.1,1,10,0.9
2024-03-26T21:36:42Z,26.421720,-76.984068,0.81,153.4,1,10,0.9
2024-03-26T21:36:47Z,26.421705,-76.984060,0.51,142.6,1,10,0.9
2024-03-26T21:36:52Z,26.421703,-76.984057,0.32,302.9,1,10,0.9
2024-03-26T21:36:57Z,26.421713,-76.984068,0.36,341.1,1,10,0.9
2024-03-26T21:37:07Z,26.421728,-76.984077,0.61,329.5,1,10,0.9
2024-03-26T21:37:12Z,26.421732,-76.984080,0.10,256.2,1,10,0.9
2024-03-26T21:37:17Z,26.421723,-76.984073,0.63,149.1,1,10,0.9
2024-03-26T21:37:22Z,26.421717,-76.984072,0.67,278.9,1,10,0.9
2024-03-26T21:37:27Z,26.421722,-76.984075,0.41,333.8,1,10,0.9
2024-03-26T21:37:32Z,26.421717,-76.984077,0.76,159.0,1,10,1.0
2024-03-26T21:37:42Z,26.421725,-76.984077,0.97,321.0,1,10,1.0
2024-03-26T21:37:47Z,26.421725,-76.984083,0.66,135.9,1,10,1.0
2024-03-26T21:37:52Z,26.421715,-76.984063,0.67,103.8,1,10,1.0
2024-03-26T21:37:57Z,26.421705,-76.984055,0.65,193.4,1,10,1.0
2024-03-26T21:38:02Z,26.421712,-76.984065,0.82,273.6,1,10,1.0
2024-03-26T21:38:07Z,26.421708,-76.984067,0.07,83.3,1,10,1.0
2024-03-26T21:38:17Z,26.421717,-76.984078,1.12,340.7,1,10,1.0
2024-03-26T21:38:22Z,26.421735,-76.984062,0.93,54.8,1,10,1.0
2024-03-26T21:38:27Z,26.421742,-76.984047,0.55,50.4,1,10,1.0
2024-03-26T21:38:32Z,26.421748,-76.984040,0.63,8.0,1,10,1.0
2024-03-26T21:38:37Z,26.421762,-76.984032,0.60,48.1,1,10,1.0
2024-03-26T21:38:42Z,26.421768,-76.984022,0.50,46.4,1,10,1.0
2024-03-26T21:38:52Z,26.421775,-76.984025,0.20,296.9,1,10,1.0
2024-03-26T21:38:57Z,26.421777,-76.984028,0.54,310.7,1,10,1.0
2024-03-26T21:39:02Z,26.421767,-76.984047,1.02,208.0,1,10,1.0
2024-03-26T21:39:07Z,26.421758,-76.984048,0.04,153.2,1,10,1.0
2024-03-26T21:39:12Z,26.421755,-76.984045,0.29,162.1,1,10,1.0
2024-03-26T21:39:17Z,26.421752,-76.984050,0.35,204.8,1,10,1.0
2024-03-26T21:39:22Z,26.421750,-76.984055,0.13,177.0,1,10,1.0
2024-03-26T21:39:27Z,26.421752,-76.984048,0.06,304.3,1,10,1.0
2024-03-26T21:39:32Z,26.421747,-76.984040,0.41,177.9,1,10,1.0
2024-03-26T21:39:37Z,26.421732,-76.984035,1.07,148.0,1,10,1.0
2024-03-26T21:39:42Z,26.421725,-76.984027,0.37,104.3,1,9,1.0
2024-03-26T21:39:47Z,26.421717,-76.984022,0.68,201.8,1,9,1.0
2024-03-26T21:39:52Z,26.421715,-76.984038,0.91,299.7,1,9,1.0
2024-03-26T21:39:57Z,26.421720,-76.984040,0.13,101.4,1,9,1.0
2024-03-26T21:40:02Z,26.421737,-76.984043,1.09,348.6,1,9,1.0
2024-03-26T21:40:07Z,26.421747,-76.984043,0.52,331.8,1,9,1.0
2024-03-26T21:40:12Z,26.421750,-76.984043,0.61,135.3,1,9,1.0
2024-03-26T21:40:17Z,26.421743,-76.984040,0.25,133.9,1,9,1.0
2024-03-26T21:40:22Z,26.421740,-76.984045,0.60,236.2,1,9,1.0
2024-03-26T21:40:27Z,26.421740,-76.984055,0.37,327.5,1,9,1.0
2024-03-26T21:40:37Z,26.421758,-76.984052,0.16,159.6,1,9,1.0
2024-03-26T21:40:42Z,26.421753,-76.984053,0.32,342.7,1,9,1.0
2024-03-26T21:40:47Z,26.421757,-76.984052,1.04,335.6,1,9,1.0
2024-03-26T21:40:52Z,26.421755,-76.984047,0.95,118.1,1,9,1.0
2024-03-26T21:40:57Z,26.421748,-76.984032,0.82,163.2,1,9,1.0
2024-03-26T21:41:02Z,26.421722,-76.984027,1.02,160.1,1,9,1.0
2024-03-26T21:41:12Z,26.421712,-76.984030,0.18,210.9,1,9,1.0
2024-03-26T21:41:17Z,26.421715,-76.984032,0.81,243.3,1,9,1.0
2024-03-26T21:41:22Z,26.421723,-76.984038,0.56,350.5,1,9,1.0
2024-03-26T21:41:27Z,26.421735,-76.984043,0.31,212.9,1,9,1.0
2024-03-26T21:41:32Z,26.421742,-76.984052,0.71,317.5,1,9,1.0
2024-03-26T21:41:37Z,26.421753,-76.984043,0.47,82.2,1,9,1.0
2024-03-26T21:41:47Z,26.421773,-76.984037,1.21,133.2,1,9,1.0
2024-03-26T21:41:52Z,26.421750,-76.984020,1.28,160.5,1,9,1.0
2024-03-26T21:41:57Z,26.421722,-76.984003,1.19,150.1,1,9,1.0
2024-03-26T21:42:02Z,26.421712,-76.983998,0.23,201.8,1,9,1.0
2024-03-26T21:42:07Z,26.421692,-76.983993,0.58,159.9,1,9,1.0
2024-03-26T21:42:12Z,26.421675,-76.984000,0.60,252.7,1,9,1.0
2024-03-26T21:42:22Z,26.421673,-76.984020,0.45,297.9,1,9,1.0
2024-03-26T21:42:27Z,26.421683,-76.984027,0.27,42.8,1,9,1.0
2024-03-26T21:42:32Z,26.421683,-76.984028,0.17,288.9,1,9,1.0
2024-03-26T21:42:37Z,26.421687,-76.984037,0.71,333.0,1,9,1.0
2024-03-26T21:42:42Z,26.421698,-76.984043,0.09,13.0,1,9,1.0
2024-03-26T21:42:47Z,26.421702,-76.984040,0.14,211.6,1,9,1.0
2024-03-26T21:42:57Z,26.421717,-76.984053,0.28,64.8,1,9,1.0
2024-03-26T21:43:02Z,26.421713,-76.984052,1.15,334.5,1,9,1.0
2024-03-26T21:43:07Z,26.421730,-76.984058,0.47,26.7,1,9,1.0
2024-03-26T21:43:12Z,26.421740,-76.984060,0.41,318.3,1,9,1.0
2024-03-26T21:43:17Z,26.421743,-76.984053,0.58,354.6,1,9,1.0
2024-03-26T21:43:22Z,26.421755,-76.984060,0.31,294.0,1,9,1.0
2024-03-26T21:43:32Z,26.421762,-76.984045,0.16,9.4,1,9,1.0
2024-03-26T21:43:37Z,26.421767,-76.984047,0.26,275.1,1,9,1.0
2024-03-26T21:43:42Z,26.421760,-76.984048,0.58,125.1,1,9,1.0
2024-03-26T21:43:47Z,26.421753,-76.984057,0.45,249.4,1,9,1.0
2024-03-26T21:43:52Z,26.421745,-76.984060,0.77,144.8,1,9,1.0
2024-03-26T21:43:57Z,26.421752,-76.984060,0.38,355.5,1,9,1.0
2024-03-26T21:44:07Z,26.421748,-76.984063,0.77,143.8,1,9,1.0
2024-03-26T21:44:12Z,26.421730,-76.984057,1.31,166.2,1,9,1.0
2024-03-26T21:44:17Z,26.421715,-76.984055,0.12,359.2,1,9,1.0
2024-03-26T21:44:22Z,26.421725,-76.984052,0.15,49.9,1,9,1.0
2024-03-26T21:44:27Z,26.421730,-76.984053,0.11,47.5,1,9,1.0
2024-03-26T21:44:32Z,26.421732,-76.984060,0.55,298.8,1,9,1.0
2024-03-26T21:44:42Z,26.421738,-76.984063,0.61,75.3,1,9,1.0
2024-03-26T21:44:47Z,26.421737,-76.984062,0.06,159.6,1,9,1.0
2024-03-26T21:44:52Z,26.421745,-76.984068,0.32,71.2,1,9,1.0
2024-03-26T21:44:57Z,26.421742,-76.984067,0.25,351.7,1,9,1.0
2024-03-26T21:45:02Z,26.421737,-76.984068,0.47,216.7,1,9,1.0
2024-03-26T21:45:07Z,26.421730,-76.984065,0.49,129.1,1,9,1.0
2024-03-26T21:45:17Z,26.421732,-76.984057,0.56,270.6,1,9,1.0
2024-03-26T21:45:22Z,26.421735,-76.984060,0.37,70.0,1,8,1.2
2024-03-26T21:45:27Z,26.421745,-76.984062,0.55,320.4,1,9,1.0
2024-03-26T21:45:32Z,26.421738,-76.984067,0.56,229.0,1,9,1.0
2024-03-26T21:45:37Z,26.421732,-76.984065,0.58,108.8,1,9,1.0
2024-03-26T21:45:42Z,26.421737,-76.984057,0.23,117.9,1,9,1.0
2024-03-26T21:45:52Z,26.421738,-76.984060,0.78,325.5,1,9,1.0
2024-03-26T21:45:57Z,26.421750,-76.984065,0.28,316.2,1,9,1.0
2024-03-26T21:46:02Z,26.421760,-76.984065,0.20,318.6,1,9,1.0
2024-03-26T21:46:07Z,26.421748,-76.984058,0.59,178.4,1,9,1.0
2024-03-26T21:46:12Z,26.421732,-76.984055,0.78,177.8,1,9,1.0
2024-03-26T21:46:17Z,26.421720,-76.984062,0.29,249.8,1,9,1.0
2024-03-26T21:46:22Z,26.421730,-76.984065,0.30,158.9,1,9,1.0
2024-03-26T21:46:27Z,26.421733,-76.984062,0.56,185.6,1,9,1.0
2024-03-26T21:46:32Z,26.421718,-76.984060,0.60,150.1,1,9,1.0
2024-03-26T21:46:37Z,26.421713,-76.984058,0.21,266.1,1,9,1.0
2024-03-26T21:46:42Z,26.421700,-76.984063,0.50,143.8,1,9,1.0
2024-03-26T21:46:47Z,26.421692,-76.984062,0.41,165.5,1,9,1.0
2024-03-26T21:46:52Z,26.421692,-76.984067,0.73,271.5,1,9,1.0
2024-03-26T21:47:02Z,26.421702,-76.984080,0.27,327.0,1,9,1.0
2024-03-26T21:47:07Z,26.421698,-76.984088,0.07,298.8,1,9,1.0
2024-03-26T21:47:12Z,26.421703,-76.984093,0.29,27.3,1,9,1.0
2024-03-26T21:47:17Z,26.421703,-76.984078,0.76,111.2,1,9,1.0
2024-03-26T21:47:22Z,26.421698,-76.984078,0.24,170.1,1,9,1.0
2024-03-26T21:47:27Z,26.421712,-76.984082,0.15,33.2,1,9,1.0
2024-03-26T21:47:32Z,26.421705,-76.984068,0.36,352.3,1,9,1.0
2024-03-26T21:47:37Z,26.421708,-76.984075,0.85,320.4,1,9,1.0
2024-03-26T21:47:42Z,26.421713,-76.984075,0.27,41.5,1,9,1.0
2024-03-26T21:47:47Z,26.421712,-76.984072,1.23,130.7,1,9,1.0
2024-03-26T21:47:52Z,26.421717,-76.984067,0.27,332.6,1,9,1.0
2024-03-26T21:47:57Z,26.421727,-76.984067,0.27,44.3,1,9,1.0
2024-03-26T21:48:02Z,26.421728,-76.984068,0.20,203.9,1,9,1.0
2024-03-26T21:48:12Z,26.421722,-76.984078,0.72,207.1,1,9,1.0
2024-03-26T21:48:17Z,26.421722,-76.984088,0.19,353.6,1,9,1.0
2024-03-26T21:48:22Z,26.421722,-76.984085,0.52,123.5,1,9,1.0
2024-03-26T21:48:27Z,26.421718,-76.984068,0.85,112.1,1,9,1.0
2024-03-26T21:48:32Z,26.421712,-76.984055,0.82,136.4,1,9,1.0
2024-03-26T21:48:37Z,26.421703,-76.984047,0.22,94.4,1,9,1.0
2024-03-26T21:48:42Z,26.421697,-76.984038,0.62,154.0,1,9,1.0
2024-03-26T21:48:47Z,26.421675,-76.984035,0.63,196.6,1,9,1.0
2024-03-26T21:48:52Z,26.421677,-76.984052,0.47,271.0,1,9,1.0
2024-03-26T21:48:57Z,26.421670,-76.984062,0.36,225.8,1,9,1.0
2024-03-26T21:49:02Z,26.421668,-76.984065,0.09,241.4,1,8,1.0
2024-03-26T21:49:07Z,26.421690,-76.984062,0.73,13.6,1,9,1.0
2024-03-26T21:49:12Z,26.421705,-76.984052,0.72,110.7,1,9,1.0
2024-03-26T21:49:22Z,26.421702,-76.984002,1.06,101.1,1,9,1.0
2024-03-26T21:49:27Z,26.421700,-76.983983,0.30,29.2,1,9,1.0
2024-03-26T21:49:32Z,26.421693,-76.983960,1.55,118.4,1,9,1.0
2024-03-26T21:49:37Z,26.421705,-76.983945,0.98,0.5,1,9,1.0
2024-03-26T21:49:42Z,26.421703,-76.983938,0.57,99.2,1,9,1.0
2024-03-26T21:49:47Z,26.421697,-76.983930,0.20,58.5,1,9,1.0
2024-03-26T21:49:57Z,26.421707,-76.983905,0.96,101.3,1,9,1.0
2024-03-26T21:50:02Z,26.421703,-76.983873,1.25,100.2,1,9,1.0
2024-03-26T21:50:07Z,26.421703,-76.983848,0.88,84.1,1,9,1.0
2024-03-26T21:50:12Z,26.421705,-76.983838,0.81,140.4,1,9,1.0
2024-03-26T21:50:17Z,26.421707,-76.983845,0.89,300.9,1,9,1.0
2024-03-26T21:50:22Z,26.421717,-76.983858,1.11,337.8,1,9,1.0
2024-03-26T21:50:32Z,26.421768,-76.983953,1.33,276.6,1,9,1.0
2024-03-26T21:50:37Z,26.421777,-76.983995,2.40,295.4,1,9,1.0
2024-03-26T21:50:42Z,26.421783,-76.984038,0.74,254.2,1,9,1.0
2024-03-26T21:50:47Z,26.421768,-76.984035,0.72,146.0,1,9,1.0
2024-03-26T21:50:52Z,26.421767,-76.984015,1.45,123.2,1,9,1.0
2024-03-26T21:50:57Z,26.421742,-76.983972,2.56,132.0,1,9,1.0
2024-03-26T21:51:02Z,26.421688,-76.983943,2.23,172.7,1,9,1.0
2024-03-26T21:51:07Z,26.421642,-76.983942,2.12,182.5,1,9,1.0
2024-03-26T21:51:12Z,26.421597,-76.983948,1.84,191.9,1,9,1.0
2024-03-26T21:51:17Z,26.421555,-76.983963,1.48,209.8,1,9,1.0
2024-03-26T21:51:22Z,26.421520,-76.983988,2.24,217.7,1,9,1.0
2024-03-26T21:51:27Z,26.421487,-76.984047,3.06,250.4,1,9,1.0
2024-03-26T21:51:32Z,26.421477,-76.984133,3.83,265.2,1,9,1.0
2024-03-26T21:51:42Z,26.421492,-76.984338,4.12,290.8,1,9,1.0
2024-03-26T21:51:47Z,26.421507,-76.984432,3.18,271.3,1,9,1.0
2024-03-26T21:51:52Z,26.421492,-76.984530,4.51,253.5,1,8,1.1
2024-03-26T21:51:57Z,26.421460,-76.984637,4.18,247.7,1,9,1.0
2024-03-26T21:52:02Z,26.421402,-76.984737,4.83,233.2,1,9,1.0
2024-03-26T21:52:07Z,26.421325,-76.984830,4.51,223.2,1,9,1.0
2024-03-26T21:52:17Z,26.421183,-76.984985,4.38,222.5,1,9,1.0
2024-03-26T21:52:22Z,26.421110,-76.985070,4.39,224.2,1,9,1.0
2024-03-26T21:52:27Z,26.421027,-76.985162,4.74,227.3,1,9,1.0
2024-03-26T21:52:32Z,26.420963,-76.985263,4.63,230.1,1,9,1.0
2024-03-26T21:52:37Z,26.420903,-76.985357,4.66,232.4,1,9,1.0
2024-03-26T21:52:47Z,26.420778,-76.985570,4.49,245.6,1,9,1.0
2024-03-26T21:52:52Z,26.420732,-76.985685,5.01,248.0,1,9,1.0
2024-03-26T21:52:57Z,26.420690,-76.985807,4.64,249.4,1,9,1.0
2024-03-26T21:53:02Z,26.420648,-76.985928,4.99,244.7,1,9,1.0
2024-03-26T21:53:07Z,26.420585,-76.986062,6.02,243.6,1,9,1.0
2024-03-26T21:53:17Z,26.420488,-76.986302,5.31,246.0,1,9,1.0
2024-03-26T21:53:22Z,26.420432,-76.986430,5.15,246.6,1,9,1.0
2024-03-26T21:53:27Z,26.420393,-76.986558,5.41,254.5,1,9,1.0
2024-03-26T21:53:32Z,26.420367,-76.986693,5.67,261.7,1,9,1.0
2024-03-26T21:53:37Z,26.420342,-76.986842,5.88,262.6,1,9,1.0
2024-03-26T21:53:42Z,26.420338,-76.987002,6.32,270.8,1,9,1.0
2024-03-26T21:53:47Z,26.420353,-76.987178,6.61,276.8,1,9,1.0
2024-03-26T21:53:52Z,26.420367,-76.987340,5.83,279.1,1,9,1.0
2024-03-26T21:53:57Z,26.420385,-76.987500,6.47,279.0,1,9,1.0
2024-03-26T21:54:02Z,26.420408,-76.987680,6.76,274.3,1,9,1.0
2024-03-26T21:54:07Z,26.420438,-76.987860,7.19,284.1,1,9,1.0
2024-03-26T21:54:12Z,26.420483,-76.988037,7.06,284.2,1,9,1.0
2024-03-26T21:54:17Z,26.420522,-76.988207,6.48,279.1,1,9,1.0
2024-03-26T21:54:22Z,26.420552,-76.988373,6.55,283.3,1,9,1.0
2024-03-26T21:54:27Z,26.420583,-76.988552,6.36,275.1,1,9,1.0
2024-03-26T21:54:32Z,26.420598,-76.988713,6.57,278.8,1,9,1.0
2024-03-26T21:54:37Z,26.420635,-76.988893,6.77,283.1,1,9,1.0
2024-03-26T21:54:42Z,26.420658,-76.989075,6.61,281.1,1,9,1.0
2024-03-26T21:54:47Z,26.420685,-76.989240,6.68,282.5,1,9,1.0
2024-03-26T21:54:52Z,26.420713,-76.989410,6.72,280.1,1,9,1.0
2024-03-26T21:54:57Z,26.420745,-76.989570,6.55,282.7,1,9,1.0
2024-03-26T21:55:02Z,26.420763,-76.989733,6.30,279.3,1,9,1.0
2024-03-26T21:55:07Z,26.420783,-76.989912,6.72,277.0,1,9,1.0
2024-03-26T21:55:12Z,26.420803,-76.990082,6.74,273.9,1,9,1.0
2024-03-26T21:55:17Z,26.420813,-76.990243,6.27,277.7,1,9,1.0
2024-03-26T21:55:22Z,26.420825,-76.990407,6.63,271.3,1,9,1.0
2024-03-26T21:55:27Z,26.420833,-76.990577,6.59,276.4,1,9,1.0
2024-03-26T21:55:32Z,26.420852,-76.990738,5.89,277.7,1,9,1.0
2024-03-26T21:55:37Z,26.420862,-76.990908,6.42,270.1,1,9,1.0
2024-03-26T21:55:42Z,26.420877,-76.991085,6.60,272.9,1,9,1.0
2024-03-26T21:55:47Z,26.420888,-76.991258,6.80,275.5,1,9,1.0
2024-03-26T21:55:57Z,26.420920,-76.991597,6.51,279.4,1,8,1.1
2024-03-26T21:56:02Z,26.420935,-76.991760,6.66,279.0,1,9,1.0
2024-03-26T21:56:07Z,26.420962,-76.991928,6.72,282.2,1,9,1.0
2024-03-26T21:56:12Z,26.420985,-76.992098,6.66,276.2,1,9,1.0
2024-03-26T21:56:17Z,26.421003,-76.992267,6.82,280.7,1,9,1.0
2024-03-26T21:56:22Z,26.421035,-76.992430,6.84,280.5,1,9,1.0
2024-03-26T21:56:27Z,26.421078,-76.992598,6.60,286.5,1,9,1.0
2024-03-26T21:56:32Z,26.421115,-76.992765,6.55,285.9,1,9,1.0
2024-03-26T21:56:37Z,26.421155,-76.992942,7.26,286.0,1,9,1.0
2024-03-26T21:56:42Z,26.421188,-76.993117,6.74,285.9,1,9,1.0
2024-03-26T21:56:47Z,26.421233,-76.993298,6.62,287.9,1,9,1.0
2024-03-26T21:56:52Z,26.421277,-76.993472,7.48,284.3,1,9,1.0
2024-03-26T21:56:57Z,26.421313,-76.993638,6.82,284.5,1,9,1.0
2024-03-26T21:57:02Z,26.421357,-76.993810,6.51,285.5,1,10,0.8
2024-03-26T21:57:07Z,26.421395,-76.993967,6.74,286.6,1,10,0.8
2024-03-26T21:57:12Z,26.421433,-76.994153,7.22,286.3,1,10,0.8
2024-03-26T21:57:17Z,26.421477,-76.994325,6.85,286.1,1,10,0.8
2024-03-26T21:57:22Z,26.421517,-76.994492,6.83,283.4,1,10,0.8
2024-03-26T21:57:32Z,26.421615,-76.994843,7.49,287.2,1,10,0.8
2024-03-26T21:57:37Z,26.421667,-76.995017,6.67,289.5,1,10,0.8
2024-03-26T21:57:42Z,26.421718,-76.995180,6.93,288.3,1,10,0.8
2024-03-26T21:57:47Z,26.421767,-76.995352,6.67,289.1,1,10,0.8
2024-03-26T21:57:52Z,26.421818,-76.995515,6.72,287.8,1,10,0.8
2024-03-26T21:58:02Z,26.421915,-76.995852,6.40,287.2,1,10,0.8
2024-03-26T21:58:07Z,26.421962,-76.996017,6.68,289.4,1,10,0.8
2024-03-26T21:58:12Z,26.422013,-76.996178,6.55,290.4,1,10,0.8
2024-03-26T21:58:17Z,26.422067,-76.996350,6.80,290.3,1,10,0.8
2024-03-26T21:58:22Z,26.422118,-76.996517,6.61,290.1,1,10,0.8
2024-03-26T21:58:27Z,26.422177,-76.996678,6.69,289.4,1,10,0.8
2024-03-26T21:58:37Z,26.422273,-76.997010,6.40,289.7,2,10,0.8
2024-03-26T21:58:42Z,26.422313,-76.997175,6.92,287.8,2,10,0.8
2024-03-26T21:58:47Z,26.422360,-76.997343,6.93,290.1,2,10,0.8
2024-03-26T21:58:52Z,26.422413,-76.997512,6.66,288.8,2,10,0.8
2024-03-26T21:58:57Z,26.422458,-76.997682,7.26,286.1,2,10,0.8
2024-03-26T21:59:02Z,26.422502,-76.997858,6.83,286.3,2,10,0.8
2024-03-26T21:59:07Z,26.422547,-76.998032,6.89,289.3,2,10,0.8
2024-03-26T21:59:12Z,26.422588,-76.998207,6.89,286.9,2,10,0.8
2024-03-26T21:59:17Z,26.422628,-76.998378,6.73,284.3,2,9,0.9
2024-03-26T21:59:22Z,26.422668,-76.998563,7.37,285.3,2,10,0.8
2024-03-26T21:59:27Z,26.422715,-76.998737,7.17,285.0,2,10,0.8
2024-03-26T21:59:32Z,26.422768,-76.998903,6.61,285.5,1,10,0.8
2024-03-26T21:59:37Z,26.422820,-76.999075,6.96,286.7,1,10,0.8
2024-03-26T21:59:42Z,26.422868,-76.999248,7.05,285.4,1,10,0.8
2024-03-26T21:59:47Z,26.422918,-76.999420,6.68,287.5,1,10,0.8
2024-03-26T21:59:52Z,26.422962,-76.999597,7.04,286.8,1,9,0.9
2024-03-26T21:59:57Z,26.423008,-76.999772,6.63,286.7,1,10,0.8
2024-03-26T22:00:02Z,26.423053,-76.999947,7.44,285.9,1,9,0.9
2024-03-26T22:00:12Z,26.423150,-77.000293,6.25,286.3,1,9,0.9
2024-03-26T22:00:17Z,26.423197,-77.000460,7.30,286.0,1,10,0.8
2024-03-26T22:00:22Z,26.423247,-77.000633,7.30,286.1,1,10,0.8
2024-03-26T22:00:27Z,26.423300,-77.000807,6.39,287.0,1,10,0.8
2024-03-26T22:00:32Z,26.423345,-77.000975,6.99,284.3,1,10,0.8
2024-03-26T22:00:42Z,26.423417,-77.001320,6.97,285.0,2,10,0.8
2024-03-26T22:00:47Z,26.423452,-77.001492,6.99,284.3,2,10,0.8
2024-03-26T22:00:52Z,26.423490,-77.001665,7.04,284.3,2,10,0.8
2024-03-26T22:00:57Z,26.423530,-77.001840,6.60,285.5,2,10,0.8
2024-03-26T22:01:02Z,26.423567,-77.002012,6.75,284.5,2,10,0.8
2024-03-26T22:01:07Z,26.423605,-77.002178,6.58,283.9,2,10,0.8
2024-03-26T22:01:12Z,26.423643,-77.002350,7.10,283.4,2,10,0.8
2024-03-26T22:01:17Z,26.423682,-77.002525,6.63,285.3,2,10,0.8
2024-03-26T22:01:22Z,26.423720,-77.002695,6.53,286.1,2,10,0.8
2024-03-26T22:01:27Z,26.423767,-77.002865,7.12,285.8,2,10,0.8
2024-03-26T22:01:32Z,26.423815,-77.003035,6.42,285.6,2,9,0.9
2024-03-26T22:01:37Z,26.423853,-77.003205,6.81,284.3,2,10,0.8
2024-03-26T22:01:47Z,26.423940,-77.003553,6.96,287.1,2,10,0.8
2024-03-26T22:01:52Z,26.423988,-77.003732,7.17,286.6,2,9,0.9
2024-03-26T22:01:57Z,26.424037,-77.003898,6.89,287.5,2,10,0.8
2024-03-26T22:02:02Z,26.424090,-77.004073,7.14,286.4,2,10,0.8
2024-03-26T22:02:07Z,26.424132,-77.004255,6.97,286.3,2,10,0.8
2024-03-26T22:02:12Z,26.424172,-77.004430,6.99,284.8,2,10,0.8
2024-03-26T22:02:22Z,26.424258,-77.004778,6.54,284.8,1,10,0.8
2024-03-26T22:02:27Z,26.424308,-77.004943,7.47,287.0,1,9,0.9
2024-03-26T22:02:32Z,26.424357,-77.005132,7.11,285.8,1,10,0.8
2024-03-26T22:02:37Z,26.424405,-77.005300,7.06,288.0,1,10,0.8
2024-03-26T22:02:47Z,26.424527,-77.005613,6.17,298.8,1,10,0.8
2024-03-26T22:02:52Z,26.424605,-77.005777,8.00,298.7,1,10,0.8
2024-03-26T22:02:57Z,26.424683,-77.005918,6.38,301.2,1,9,0.9
2024-03-26T22:03:02Z,26.424765,-77.006068,6.88,304.4,1,8,1.1
2024-03-26T22:03:07Z,26.424863,-77.006207,6.77,308.2,1,9,0.9
2024-03-26T22:03:12Z,26.424960,-77.006350,6.05,307.7,1,9,0.9
2024-03-26T22:03:17Z,26.425053,-77.006480,6.86,307.8,1,9,0.9
2024-03-26T22:03:22Z,26.425130,-77.006630,6.42,296.6,1,9,0.9
2024-03-26T22:03:27Z,26.425193,-77.006780,6.52,294.4,1,10,0.8
2024-03-26T22:03:32Z,26.425250,-77.006937,6.67,286.3,1,9,0.9
2024-03-26T22:03:37Z,26.425288,-77.007098,6.60,281.9,1,10,0.8
2024-03-26T22:03:42Z,26.425317,-77.007267,6.89,280.3,1,10,0.8
2024-03-26T22:03:47Z,26.425343,-77.007438,6.39,279.5,1,10,0.8
2024-03-26T22:03:52Z,26.425365,-77.007602,6.63,279.9,1,10,0.8
2024-03-26T22:03:57Z,26.425390,-77.007777,6.87,279.8,1,10,0.8
2024-03-26T22:04:02Z,26.425420,-77.007945,6.41,282.2,1,10,0.8
2024-03-26T22:04:07Z,26.425452,-77.008115,7.20,284.3,1,9,0.9
2024-03-26T22:04:12Z,26.425497,-77.008297,7.24,286.4,1,9,0.9
2024-03-26T22:04:17Z,26.425543,-77.008467,6.70,286.7,1,9,0.9
2024-03-26T22:04:22Z,26.425592,-77.008633,6.75,286.1,1,9,0.9
2024-03-26T22:04:27Z,26.425637,-77.008802,6.46,290.1,1,9,0.9
2024-03-26T22:04:32Z,26.425697,-77.008963,6.72,288.8,1,9,0.9
2024-03-26T22:04:37Z,26.425743,-77.009135,6.97,284.1,1,10,0.8
2024-03-26T22:04:42Z,26.425783,-77.009310,6.70,284.3,1,8,1.0
2024-03-26T22:04:47Z,26.425820,-77.009473,6.59,283.6,1,9,0.9
2024-03-26T22:04:52Z,26.425858,-77.009633,6.49,284.4,1,10,0.8
2024-03-26T22:05:02Z,26.425948,-77.009957,6.99,285.7,1,9,0.9
2024-03-26T22:05:07Z,26.425992,-77.010128,7.10,284.4,1,10,0.8
2024-03-26T22:05:12Z,26.426025,-77.010308,6.85,283.1,1,10,0.8
2024-03-26T22:05:17Z,26.426062,-77.010478,6.67,284.0,1,10,0.8
2024-03-26T22:05:22Z,26.426108,-77.010632,6.23,288.1,1,10,0.8
2024-03-26T22:05:32Z,26.426197,-77.010962,6.57,288.1,1,10,0.8
2024-03-26T22:05:37Z,26.426245,-77.011132,6.49,287.7,2,10,0.8
2024-03-26T22:05:42Z,26.426285,-77.011292,6.54,288.2,2,10,0.8
2024-03-26T22:05:47Z,26.426333,-77.011452,6.37,289.5,2,10,0.8
2024-03-26T22:05:52Z,26.426382,-77.011615,6.61,286.7,2,10,0.8
2024-03-26T22:05:57Z,26.426427,-77.011778,6.48,288.9,2,10,0.8
2024-03-26T22:06:02Z,26.426475,-77.011947,6.87,288.6,2,9,0.9
2024-03-26T22:06:12Z,26.426572,-77.012273,6.63,287.6,2,10,0.8
2024-03-26T22:06:17Z,26.426617,-77.012435,6.46,290.5,2,10,0.8
2024-03-26T22:06:22Z,26.426667,-77.012593,6.45,289.5,2,10,0.8
2024-03-26T22:06:27Z,26.426715,-77.012755,6.78,286.9,2,10,0.8
2024-03-26T22:06:32Z,26.426763,-77.012922,6.50,291.6,2,10,0.8
2024-03-26T22:06:37Z,26.426817,-77.013082,6.36,291.8,2,10,0.8
2024-03-26T22:06:42Z,26.426868,-77.013235,5.98,293.0,2,10,0.8
2024-03-26T22:06:52Z,26.426972,-77.013563,6.33,293.3,2,9,0.9
2024-03-26T22:06:57Z,26.427025,-77.013717,6.69,290.5,2,10,0.8
2024-03-26T22:07:02Z,26.427083,-77.013868,6.58,290.2,2,10,0.8
2024-03-26T22:07:07Z,26.427130,-77.014030,6.57,284.9,2,10,0.8
2024-03-26T22:07:12Z,26.427162,-77.014193,6.49,281.7,2,10,0.8
2024-03-26T22:07:17Z,26.427192,-77.014357,6.45,281.7,2,9,0.9
2024-03-26T22:07:22Z,26.427223,-77.014527,6.71,280.4,2,9,0.9
2024-03-26T22:07:32Z,26.427277,-77.014865,6.56,278.6,2,10,0.8
2024-03-26T22:07:37Z,26.427300,-77.015035,6.50,277.2,2,10,0.8
2024-03-26T22:07:42Z,26.427317,-77.015195,6.31,277.4,2,10,0.8
2024-03-26T22:07:47Z,26.427335,-77.015357,6.29,277.4,2,10,0.8
2024-03-26T22:07:52Z,26.427367,-77.015518,6.21,285.6,2,10,0.8
2024-03-26T22:07:57Z,26.427398,-77.015683,6.89,281.9,2,10,0.8
2024-03-26T22:08:02Z,26.427433,-77.015858,6.71,284.1,2,10,0.8
2024-03-26T22:08:12Z,26.427503,-77.016182,6.04,282.8,2,10,0.8
2024-03-26T22:08:17Z,26.427543,-77.016312,4.89,296.5,2,10,0.8
2024-03-26T22:08:22Z,26.427595,-77.016412,4.68,303.4,2,10,0.8
2024-03-26T22:08:27Z,26.427650,-77.016505,4.23,314.1,2,10,0.8
2024-03-26T22:08:32Z,26.427723,-77.016563,4.02,328.6,2,10,0.8
2024-03-26T22:08:37Z,26.427803,-77.016610,3.65,336.0,2,10,0.8
2024-03-26T22:08:42Z,26.427878,-77.016637,3.14,350.2,2,10,0.8
2024-03-26T22:08:47Z,26.427950,-77.016642,3.18,15.9,2,10,0.8
2024-03-26T22:08:52Z,26.428023,-77.016610,3.07,27.1,2,10,0.8
2024-03-26T22:08:57Z,26.428080,-77.016560,3.04,43.7,2,10,0.8
2024-03-26T22:09:02Z,26.428122,-77.016502,2.76,64.6,2,10,0.8
2024-03-26T22:09:07Z,26.428147,-77.016442,2.05,79.1,1,10,0.8
2024-03-26T22:09:12Z,26.428150,-77.016382,2.49,102.9,1,10,0.8
2024-03-26T22:09:17Z,26.428133,-77.016323,2.67,108.3,1,10,0.8
2024-03-26T22:09:27Z,26.428092,-77.016212,2.59,115.1,1,10,0.8
2024-03-26T22:09:32Z,26.428063,-77.016148,2.88,118.2,1,10,0.8
2024-03-26T22:09:37Z,26.428040,-77.016087,2.77,117.3,1,10,0.8
2024-03-26T22:09:42Z,26.428008,-77.016017,2.75,117.2,1,10,0.8
2024-03-26T22:09:47Z,26.427985,-77.015952,2.87,109.5,1,10,0.8
2024-03-26T22:09:52Z,26.427960,-77.015892,2.98,114.4,1,10,0.8
2024-03-26T22:10:02Z,26.427915,-77.015763,2.69,104.6,1,10,0.8
2024-03-26T22:10:07Z,26.427900,-77.015695,3.18,106.9,1,10,0.8
2024-03-26T22:10:12Z,26.427873,-77.015620,2.76,110.0,1,10,0.8
2024-03-26T22:10:17Z,26.427848,-77.015553,2.78,111.5,1,10,0.8
2024-03-26T22:10:22Z,26.427818,-77.015475,3.06,115.9,1,10,0.8
2024-03-26T22:10:27Z,26.427788,-77.015410,2.85,119.7,1,10,0.8
2024-03-26T22:10:37Z,26.427722,-77.015262,3.03,120.2,1,10,0.8
2024-03-26T22:10:42Z,26.427693,-77.015198,3.13,116.6,1,10,0.8
2024-03-26T22:10:47Z,26.427665,-77.015130,2.71,119.4,1,10,0.8
2024-03-26T22:10:52Z,26.427637,-77.015062,2.87,114.6,1,10,0.8
2024-03-26T22:10:57Z,26.427608,-77.014990,2.84,117.4,1,10,0.8
2024-03-26T22:11:07Z,26.427558,-77.014860,2.74,111.0,1,10,0.8
2024-03-26T22:11:12Z,26.427532,-77.014787,2.70,113.1,1,10,0.8
2024-03-26T22:11:17Z,26.427505,-77.014713,2.94,113.5,1,10,0.8
2024-03-26T22:11:22Z,26.427482,-77.014650,2.94,110.9,1,10,0.8
2024-03-26T22:11:27Z,26.427463,-77.014587,2.71,110.3,1,10,0.8
2024-03-26T22:11:32Z,26.427433,-77.014510,2.87,116.2,1,10,0.8
2024-03-26T22:11:42Z,26.427398,-77.014370,2.69,105.3,1,10,0.8
2024-03-26T22:11:47Z,26.427395,-77.014323,1.98,95.0,1,10,0.8
2024-03-26T22:11:52Z,26.427395,-77.014282,1.50,88.0,1,10,0.8
2024-03-26T22:11:57Z,26.427397,-77.014253,0.93,78.7,1,10,0.8
2024-03-26T22:12:02Z,26.427403,-77.014232,0.74,67.5,1,10,0.8
2024-03-26T22:12:07Z,26.427410,-77.014210,1.05,78.4,1,10,0.8
2024-03-26T22:12:12Z,26.427417,-77.014185,0.94,66.6,1,10,0.8
2024-03-26T22:12:17Z,26.427420,-77.014167,0.74,72.6,1,10,0.8
2024-03-26T22:12:22Z,26.427432,-77.014143,1.35,56.1,1,10,0.8
2024-03-26T22:12:27Z,26.427455,-77.014113,1.71,40.6,1,10,0.8
2024-03-26T22:12:32Z,26.427500,-77.014082,2.84,33.8,1,10,0.8
2024-03-26T22:12:37Z,26.427557,-77.014045,3.23,26.9,1,10,0.8
2024-03-26T22:12:42Z,26.427628,-77.014020,3.80,15.1,1,10,0.8
2024-03-26T22:12:47Z,26.427720,-77.014005,4.14,5.0,1,10,0.8
2024-03-26T22:12:52Z,26.427820,-77.014003,4.54,351.8,1,10,0.8
2024-03-26T22:12:57Z,26.427925,-77.014018,4.54,351.2,1,9,0.9
2024-03-26T22:13:02Z,26.428030,-77.014040,4.55,347.2,1,10,0.8
2024-03-26T22:13:12Z,26.428227,-77.014108,4.43,339.7,1,10,0.8
2024-03-26T22:13:17Z,26.428318,-77.014153,4.18,335.9,1,10,0.8
2024-03-26T22:13:22Z,26.428408,-77.014197,4.29,331.1,1,10,0.8
2024-03-26T22:13:27Z,26.428498,-77.014260,4.24,329.3,1,10,0.8
2024-03-26T22:13:32Z,26.428583,-77.014318,4.08,328.3,1,10,0.8
2024-03-26T22:13:37Z,26.428677,-77.014380,4.87,332.9,1,10,0.8
2024-03-26T22:13:42Z,26.428763,-77.014435,4.27,331.1,1,10,0.8
2024-03-26T22:13:47Z,26.428845,-77.014493,4.41,326.1,1,10,0.8
2024-03-26T22:13:52Z,26.428932,-77.014555,4.47,327.1,1,10,0.8
2024-03-26T22:13:57Z,26.429023,-77.014620,4.30,329.8,1,10,0.8
2024-03-26T22:14:02Z,26.429117,-77.014675,4.47,333.8,1,9,1.0
2024-03-26T22:14:07Z,26.429215,-77.014723,4.53,342.2,1,9,1.0
2024-03-26T22:14:12Z,26.429315,-77.014762,4.54,344.0,1,9,1.0
2024-03-26T22:14:17Z,26.429422,-77.014783,4.72,350.0,1,8,1.1
2024-03-26T22:14:22Z,26.429517,-77.014800,4.29,356.9,1,10,0.8
2024-03-26T22:14:27Z,26.429615,-77.014810,4.88,354.7,1,10,0.8
2024-03-26T22:14:32Z,26.429725,-77.014812,4.63,357.9,1,10,0.8
2024-03-26T22:14:37Z,26.429835,-77.014810,4.89,359.1,1,10,0.8
2024-03-26T22:14:42Z,26.429950,-77.014813,5.02,358.0,1,10,0.8
2024-03-26T22:14:47Z,26.430075,-77.014812,5.43,359.4,1,10,0.8
2024-03-26T22:14:52Z,26.430198,-77.014802,5.33,9.4,1,10,0.8
2024-03-26T22:14:57Z,26.430318,-77.014782,5.24,8.2,1,10,0.8
2024-03-26T22:15:02Z,26.430445,-77.014773,5.40,3.7,1,10,0.8
2024-03-26T22:15:07Z,26.430573,-77.014770,5.55,1.4,1,10,0.8
2024-03-26T22:15:17Z,26.430850,-77.014755,5.70,5.6,1,10,0.8
2024-03-26T22:15:22Z,26.430988,-77.014740,6.06,6.5,1,10,0.8
2024-03-26T22:15:27Z,26.431125,-77.014722,5.85,7.3,1,9,0.9
2024-03-26T22:15:32Z,26.431263,-77.014705,6.02,4.6,1,10,0.8
2024-03-26T22:15:37Z,26.431402,-77.014692,5.84,7.3,1,10,0.8
2024-03-26T22:15:42Z,26.431537,-77.014678,5.84,4.6,1,10,0.8
2024-03-26T22:15:52Z,26.431812,-77.014658,5.94,8.5,1,10,0.8
2024-03-26T22:15:57Z,26.431950,-77.014642,6.08,6.7,1,10,0.8
2024-03-26T22:16:02Z,26.432088,-77.014620,6.09,6.6,1,10,0.8
2024-03-26T22:16:07Z,26.432230,-77.014603,6.33,5.7,1,10,0.8
2024-03-26T22:16:12Z,26.432382,-77.014587,6.98,5.9,1,10,0.8
2024-03-26T22:16:17Z,26.432543,-77.014565,7.07,7.5,1,10,0.8
2024-03-26T22:16:22Z,26.432710,-77.014542,7.41,6.7,1,9,0.9
2024-03-26T22:16:27Z,26.432878,-77.014512,7.31,9.5,1,10,0.8
2024-03-26T22:16:32Z,26.433045,-77.014483,7.46,8.2,1,10,0.8
2024-03-26T22:16:37Z,26.433218,-77.014455,7.38,10.3,1,10,0.8
2024-03-26T22:16:42Z,26.433387,-77.014423,7.21,9.3,1,10,0.8
2024-03-26T22:16:47Z,26.433555,-77.014398,7.23,10.4,1,10,0.8
2024-03-26T22:16:52Z,26.433720,-77.014370,7.15,8.2,1,10,0.8
2024-03-26T22:17:02Z,26.434062,-77.014323,7.66,9.9,1,10,0.8
2024-03-26T22:17:07Z,26.434235,-77.014283,7.41,9.8,1,9,1.0
2024-03-26T22:17:12Z,26.434407,-77.014255,7.75,8.1,1,8,1.1
2024-03-26T22:17:17Z,26.434585,-77.014222,7.73,10.3,1,9,1.0
2024-03-26T22:17:22Z,26.434760,-77.014185,7.65,9.8,1,9,1.0
2024-03-26T22:17:27Z,26.434933,-77.014153,7.41,9.4,1,9,1.0
2024-03-26T22:17:37Z,26.435263,-77.014090,6.84,10.1,1,9,1.0
2024-03-26T22:17:42Z,26.435428,-77.014067,7.37,7.0,1,9,1.0
2024-03-26T22:17:47Z,26.435600,-77.014040,7.44,10.5,1,9,1.0
2024-03-26T22:17:52Z,26.435775,-77.014010,7.64,11.0,1,9,0.9
2024-03-26T22:17:57Z,26.435955,-77.013968,8.11,10.3,1,10,0.9
2024-03-26T22:18:02Z,26.436140,-77.013927,7.95,13.2,1,10,0.9
2024-03-26T22:18:07Z,26.436317,-77.013883,7.59,11.3,1,10,0.9
2024-03-26T22:18:12Z,26.436488,-77.013848,7.65,9.4,1,9,0.9
2024-03-26T22:18:17Z,26.436665,-77.013817,7.80,9.8,1,9,0.9
2024-03-26T22:18:22Z,26.436840,-77.013782,7.52,14.1,1,10,0.9
2024-03-26T22:18:27Z,26.437007,-77.013733,7.35,14.3,1,10,0.9
2024-03-26T22:18:32Z,26.437165,-77.013693,7.00,12.5,1,9,1.0
2024-03-26T22:18:42Z,26.437483,-77.013627,7.07,10.6,1,9,1.0
2024-03-26T22:18:47Z,26.437648,-77.013588,7.33,12.3,1,9,1.0
2024-03-26T22:18:52Z,26.437815,-77.013553,7.19,13.7,1,10,0.9
2024-03-26T22:18:57Z,26.437975,-77.013507,7.17,15.3,1,9,1.0
2024-03-26T22:19:02Z,26.438143,-77.013460,7.55,14.0,1,9,1.0
2024-03-26T22:19:07Z,26.438313,-77.013412,7.65,16.2,1,9,1.0
2024-03-26T22:19:12Z,26.438480,-77.013357,7.59,16.7,1,10,0.9
2024-03-26T22:19:17Z,26.438645,-77.013300,7.63,17.2,1,9,1.0
2024-03-26T22:19:22Z,26.438810,-77.013237,7.47,20.7,1,10,0.9
2024-03-26T22:19:27Z,26.438975,-77.013173,7.44,20.4,1,10,0.9
2024-03-26T22:19:32Z,26.439135,-77.013098,7.34,21.4,1,10,0.9
2024-03-26T22:19:37Z,26.439298,-77.013033,7.38,16.3,1,9,0.9
2024-03-26T22:19:42Z,26.439468,-77.012980,7.43,20.8,1,10,0.9
2024-03-26T22:19:47Z,26.439627,-77.012917,7.20,21.2,1,10,0.9
2024-03-26T22:19:52Z,26.439773,-77.012852,7.01,24.6,1,10,0.9
2024-03-26T22:19:57Z,26.439922,-77.012782,6.88,21.3,1,10,0.9
2024-03-26T22:20:02Z,26.440077,-77.012722,7.01,19.5,1,9,1.0
2024-03-26T22:20:12Z,26.440383,-77.012608,6.56,17.1,1,9,1.0
2024-03-26T22:20:17Z,26.440530,-77.012558,6.53,16.4,1,10,0.9
2024-03-26T22:20:22Z,26.440677,-77.012512,7.17,17.3,1,10,0.9
2024-03-26T22:20:27Z,26.440827,-77.012457,7.13,17.6,1,10,0.9
2024-03-26T22:20:32Z,26.440973,-77.012400,6.47,19.0,1,10,0.9
2024-03-26T22:20:37Z,26.441113,-77.012350,6.58,17.4,1,10,0.9
2024-03-26T22:20:42Z,26.441262,-77.012297,6.92,18.4,1,10,0.9
2024-03-26T22:20:47Z,26.441412,-77.012237,6.17,19.0,1,10,0.9
2024-03-26T22:20:52Z,26.441553,-77.012178,6.26,19.3,1,9,1.0
2024-03-26T22:20:57Z,26.441692,-77.012130,6.73,17.5,1,9,1.0
2024-03-26T22:21:02Z,26.441840,-77.012073,6.67,20.2,1,10,0.9
2024-03-26T22:21:12Z,26.442143,-77.011935,7.33,22.2,1,10,0.9
2024-03-26T22:21:17Z,26.442310,-77.011867,7.05,24.4,1,10,0.9
2024-03-26T22:21:22Z,26.442467,-77.011787,7.12,27.3,1,10,0.9
2024-03-26T22:21:27Z,26.442628,-77.011702,7.19,26.9,1,10,0.9
2024-03-26T22:21:32Z,26.442775,-77.011620,6.88,24.3,1,10,0.9
2024-03-26T22:21:37Z,26.442937,-77.011552,7.45,19.9,1,10,0.9
2024-03-26T22:21:42Z,26.443100,-77.011482,7.08,22.2,1,10,0.9
2024-03-26T22:21:47Z,26.443260,-77.011405,7.46,23.8,1,10,0.9
2024-03-26T22:21:52Z,26.443417,-77.011325,7.02,27.9,1,10,0.9
2024-03-26T22:21:57Z,26.443575,-77.011247,7.18,22.2,1,10,0.9
2024-03-26T22:22:02Z,26.443737,-77.011183,7.39,21.9,1,10,0.9
2024-03-26T22:22:07Z,26.443905,-77.011107,7.52,24.7,1,10,0.9
2024-03-26T22:22:12Z,26.444068,-77.011025,7.26,22.3,1,10,0.9
2024-03-26T22:22:17Z,26.444230,-77.010948,7.45,20.4,1,10,0.9
2024-03-26T22:22:22Z,26.444385,-77.010888,6.95,21.2,1,9,1.0
2024-03-26T22:22:27Z,26.444548,-77.010833,7.11,20.6,1,9,1.0
2024-03-26T22:22:32Z,26.444713,-77.010778,7.29,21.6,1,11,0.8
2024-03-26T22:22:37Z,26.444885,-77.010718,7.92,20.1,1,11,0.8
2024-03-26T22:22:47Z,26.445223,-77.010588,7.91,21.3,1,11,0.8
2024-03-26T22:22:52Z,26.445392,-77.010508,7.76,21.3,1,10,0.9
2024-03-26T22:22:57Z,26.445560,-77.010432,7.92,19.8,1,11,0.8
2024-03-26T22:23:02Z,26.445730,-77.010358,7.93,20.9,1,11,0.8
2024-03-26T22:23:07Z,26.445897,-77.010275,7.92,24.2,1,11,0.8
2024-03-26T22:23:12Z,26.446063,-77.010190,7.84,22.5,1,10,0.9
2024-03-26T22:23:22Z,26.446408,-77.010042,8.13,21.2,1,10,0.9
2024-03-26T22:23:27Z,26.446583,-77.009975,7.88,21.3,1,10,0.9
2024-03-26T22:23:32Z,26.446755,-77.009903,7.69,23.4,1,11,0.8
2024-03-26T22:23:37Z,26.446920,-77.009828,7.51,21.4,1,10,0.9
2024-03-26T22:23:42Z,26.447077,-77.009763,6.99,19.8,1,10,0.9
2024-03-26T22:23:47Z,26.447232,-77.009702,7.38,19.1,1,11,0.8
2024-03-26T22:23:57Z,26.447538,-77.009580,6.77,20.7,1,11,0.8
2024-03-26T22:24:02Z,26.447693,-77.009517,7.50,19.3,1,11,0.8
2024-03-26T22:24:07Z,26.447857,-77.009445,7.01,22.5,1,10,0.9
2024-03-26T22:24:12Z,26.448007,-77.009380,6.70,21.7,1,10,0.9
2024-03-26T22:24:17Z,26.448153,-77.009320,6.67,20.3,1,10,0.9
2024-03-26T22:24:22Z,26.448302,-77.009267,6.80,17.7,1,11,0.8
2024-03-26T22:24:27Z,26.448448,-77.009213,6.58,16.6,1,11,0.8
2024-03-26T22:24:32Z,26.448602,-77.009165,6.87,15.2,1,11,0.8
2024-03-26T22:24:37Z,26.448755,-77.009118,6.63,16.4,1,11,0.8
2024-03-26T22:24:42Z,26.448910,-77.009065,6.97,18.2,1,11,0.8
2024-03-26T22:24:47Z,26.449060,-77.009008,6.90,19.8,1,11,0.8
2024-03-26T22:24:52Z,26.449220,-77.008955,6.80,17.8,1,11,0.8
2024-03-26T22:25:02Z,26.449537,-77.008828,7.28,22.6,1,9,1.0
2024-03-26T22:25:07Z,26.449690,-77.008763,7.11,21.8,1,9,1.0
2024-03-26T22:25:12Z,26.449843,-77.008693,7.22,21.7,1,9,1.0
2024-03-26T22:25:17Z,26.450003,-77.008627,7.19,22.8,1,10,0.9
2024-03-26T22:25:22Z,26.450155,-77.008562,6.95,21.1,1,11,0.8
2024-03-26T22:25:32Z,26.450468,-77.008447,7.25,19.0,1,11,0.8
2024-03-26T22:25:37Z,26.450627,-77.008382,7.37,17.4,1,11,0.8
2024-03-26T22:25:42Z,26.450797,-77.008327,7.16,16.7,1,11,0.8
2024-03-26T22:25:47Z,26.450952,-77.008267,7.34,18.6,1,11,0.8
2024-03-26T22:25:52Z,26.451115,-77.008207,7.40,18.9,1,11,0.8
2024-03-26T22:26:02Z,26.451440,-77.008085,7.45,16.2,1,10,0.9
2024-03-26T22:26:07Z,26.451602,-77.008022,7.23,19.9,1,10,0.9
2024-03-26T22:26:12Z,26.451762,-77.007958,7.26,18.9,1,10,0.9
2024-03-26T22:26:17Z,26.451918,-77.007892,7.07,20.5,1,10,0.9
2024-03-26T22:26:22Z,26.452072,-77.007825,6.89,20.1,1,10,0.9
2024-03-26T22:26:27Z,26.452223,-77.007760,6.88,19.2,1,10,0.9
2024-03-26T22:26:32Z,26.452373,-77.007698,6.81,18.9,1,11,0.8
2024-03-26T22:26:37Z,26.452523,-77.007647,7.14,15.0,1,11,0.8
2024-03-26T22:26:42Z,26.452683,-77.007600,7.02,17.0,1,11,0.8
2024-03-26T22:26:47Z,26.452843,-77.007543,7.00,20.1,1,10,0.9
2024-03-26T22:26:52Z,26.452998,-77.007482,6.73,20.6,1,10,0.9
2024-03-26T22:26:57Z,26.453155,-77.007417,7.34,19.9,1,10,0.9
2024-03-26T22:27:02Z,26.453310,-77.007353,6.90,20.3,1,10,0.9
2024-03-26T22:27:07Z,26.453468,-77.007290,7.17,20.7,1,10,0.9
2024-03-26T22:27:12Z,26.453628,-77.007222,7.23,22.9,1,10,0.9
2024-03-26T22:27:17Z,26.453788,-77.007153,7.45,21.0,1,10,0.9
2024-03-26T22:27:22Z,26.453953,-77.007093,7.19,19.8,1,11,0.8
2024-03-26T22:27:32Z,26.454277,-77.006978,7.68,17.9,1,9,1.0
2024-03-26T22:27:37Z,26.454447,-77.006912,7.75,20.8,1,9,1.0
2024-03-26T22:27:42Z,26.454622,-77.006838,8.12,23.0,1,10,0.9
2024-03-26T22:27:47Z,26.454797,-77.006768,8.13,20.6,1,11,0.8
2024-03-26T22:27:52Z,26.454973,-77.006703,7.97,20.3,1,11,0.8
2024-03-26T22:27:57Z,26.455148,-77.006642,7.87,17.5,1,10,0.9
2024-03-26T22:28:02Z,26.455335,-77.006592,8.11,17.4,1,10,0.9
2024-03-26T22:28:07Z,26.455510,-77.006518,7.96,20.6,1,10,0.9
2024-03-26T22:28:12Z,26.455685,-77.006448,7.93,18.6,1,10,0.9
2024-03-26T22:28:17Z,26.455855,-77.006382,7.95,19.7,1,10,0.9
2024-03-26T22:28:22Z,26.456028,-77.006317,7.64,19.4,1,10,0.9
2024-03-26T22:28:32Z,26.456372,-77.006177,7.73,20.7,1,11,0.8
2024-03-26T22:28:37Z,26.456538,-77.006103,7.86,21.9,1,10,0.9
2024-03-26T22:28:42Z,26.456705,-77.006028,7.60,20.5,1,11,0.8
2024-03-26T22:28:47Z,26.456865,-77.005962,7.26,19.0,1,10,0.9
2024-03-26T22:28:52Z,26.457030,-77.005903,7.51,17.9,1,11,0.8
2024-03-26T22:28:57Z,26.457197,-77.005848,7.46,18.7,1,11,0.8
2024-03-26T22:29:07Z,26.457522,-77.005727,7.22,17.7,1,11,0.8
2024-03-26T22:29:12Z,26.457680,-77.005668,7.00,19.5,1,11,0.8
2024-03-26T22:29:17Z,26.457833,-77.005607,7.11,18.6,1,11,0.8
2024-03-26T22:29:22Z,26.457992,-77.005547,7.06,16.5,1,11,0.8
2024-03-26T22:29:27Z,26.458148,-77.005498,7.15,17.5,1,10,0.9
2024-03-26T22:29:32Z,26.458307,-77.005447,7.10,18.3,1,10,0.9
2024-03-26T22:29:42Z,26.458623,-77.005315,7.26,21.8,1,10,0.9
2024-03-26T22:29:47Z,26.458777,-77.005248,7.00,17.7,1,10,0.9
2024-03-26T22:29:52Z,26.458938,-77.005198,7.30,18.1,1,10,0.9
2024-03-26T22:29:57Z,26.459098,-77.005147,7.03,19.5,1,11,0.8
2024-03-26T22:30:02Z,26.459255,-77.005083,7.35,19.6,1,10,0.9
2024-03-26T22:30:07Z,26.459412,-77.005020,6.99,20.2,1,9,1.0
2024-03-26T22:30:17Z,26.459715,-77.004912,6.77,15.9,1,10,0.9
2024-03-26T22:30:22Z,26.459873,-77.004865,7.04,18.0,1,10,0.9
2024-03-26T22:30:27Z,26.460030,-77.004808,7.04,18.2,1,11,0.8
2024-03-26T22:30:32Z,26.460183,-77.004750,7.15,19.4,1,11,0.8
2024-03-26T22:30:37Z,26.460337,-77.004687,7.12,19.1,1,11,0.8
2024-03-26T22:30:42Z,26.460495,-77.004623,6.99,18.4,1,11,0.8
2024-03-26T22:30:52Z,26.460802,-77.004507,6.72,19.4,1,11,0.8
2024-03-26T22:30:57Z,26.460948,-77.004447,6.84,19.4,1,10,0.9
2024-03-26T22:31:02Z,26.461095,-77.004387,6.70,19.6,1,10,0.9
2024-03-26T22:31:07Z,26.461238,-77.004328,6.59,18.7,1,10,0.9
2024-03-26T22:31:12Z,26.461383,-77.004267,6.54,20.1,1,10,0.9
2024-03-26T22:31:22Z,26.461682,-77.004152,6.76,19.6,1,10,0.9
2024-03-26T22:31:27Z,26.461832,-77.004095,6.60,18.0,1,10,0.9
2024-03-26T22:31:32Z,26.461975,-77.004048,6.44,16.3,1,11,0.8
2024-03-26T22:31:37Z,26.462120,-77.004008,6.60,16.6,1,11,0.8
2024-03-26T22:31:42Z,26.462267,-77.003958,7.04,20.5,1,11,0.8
2024-03-26T22:31:47Z,26.462418,-77.003897,6.86,19.4,1,10,0.9
2024-03-26T22:31:52Z,26.462572,-77.003838,6.95,21.2,1,10,0.9
2024-03-26T22:31:57Z,26.462732,-77.003783,7.23,19.6,1,10,0.9
2024-03-26T22:32:02Z,26.462892,-77.003723,6.99,22.3,1,10,0.9
2024-03-26T22:32:07Z,26.463052,-77.003653,7.15,22.6,1,9,1.0
2024-03-26T22:32:12Z,26.463202,-77.003582,6.93,22.2,1,9,1.0
2024-03-26T22:32:17Z,26.463355,-77.003517,7.09,19.2,1,10,0.9
2024-03-26T22:32:22Z,26.463507,-77.003460,6.81,19.7,1,10,0.9
2024-03-26T22:32:27Z,26.463655,-77.003405,6.77,19.4,1,10,0.9
2024-03-26T22:32:32Z,26.463805,-77.003348,6.79,16.9,1,10,0.9
2024-03-26T22:32:37Z,26.463963,-77.003292,6.83,19.9,1,10,0.9
2024-03-26T22:32:42Z,26.464118,-77.003237,6.88,18.9,1,10,0.9
2024-03-26T22:32:47Z,26.464272,-77.003185,6.81,14.9,1,10,0.9
2024-03-26T22:32:52Z,26.464423,-77.003133,6.63,18.0,1,10,0.9
2024-03-26T22:32:57Z,26.464577,-77.003082,7.17,15.4,1,10,0.9
2024-03-26T22:33:02Z,26.464732,-77.003030,7.26,12.6,1,10,0.9
2024-03-26T22:33:07Z,26.464892,-77.002975,7.31,16.4,1,10,0.9
2024-03-26T22:33:12Z,26.465053,-77.002917,7.48,18.9,1,10,0.9
2024-03-26T22:33:22Z,26.465387,-77.002795,7.66,19.9,1,10,0.9
2024-03-26T22:33:27Z,26.465563,-77.002722,8.01,21.9,1,10,0.9
2024-03-26T22:33:32Z,26.465737,-77.002645,7.97,21.0,1,9,1.0
2024-03-26T22:33:37Z,26.465920,-77.002575,8.31,19.6,1,9,1.0
2024-03-26T22:33:42Z,26.466102,-77.002498,8.18,21.0,1,9,1.0
2024-03-26T22:33:47Z,26.466282,-77.002423,8.18,21.2,1,9,1.0
2024-03-26T22:33:52Z,26.466453,-77.002350,7.80,19.3,1,9,1.0
2024-03-26T22:33:57Z,26.466625,-77.002280,7.65,18.5,1,9,1.0
2024-03-26T22:34:02Z,26.466792,-77.002210,7.68,18.0,1,10,0.9
2024-03-26T22:34:07Z,26.466957,-77.002143,7.45,19.4,1,10,0.9
2024-03-26T22:34:12Z,26.467122,-77.002072,7.50,19.8,1,10,0.9
2024-03-26T22:34:22Z,26.467448,-77.001940,7.33,20.1,1,9,1.0
2024-03-26T22:34:27Z,26.467605,-77.001882,7.19,18.7,1,9,1.0
2024-03-26T22:34:32Z,26.467762,-77.001818,7.03,19.8,1,10,0.9
2024-03-26T22:34:37Z,26.467915,-77.001760,6.90,17.2,1,10,0.9
2024-03-26T22:34:42Z,26.468068,-77.001697,6.90,20.6,1,10,0.9
2024-03-26T22:34:47Z,26.468222,-77.001632,7.26,21.0,1,9,1.0
2024-03-26T22:34:52Z,26.468385,-77.001573,7.10,19.8,1,9,1.0
2024-03-26T22:34:57Z,26.468548,-77.001517,6.94,18.8,1,10,0.9
2024-03-26T22:35:02Z,26.468698,-77.001453,7.13,19.1,1,10,0.9
2024-03-26T22:35:07Z,26.468853,-77.001402,6.83,19.1,1,10,0.9
2024-03-26T22:35:12Z,26.469002,-77.001345,6.84,17.5,1,10,0.9
2024-03-26T22:35:17Z,26.469148,-77.001292,6.54,15.1,1,10,0.9
2024-03-26T22:35:27Z,26.469453,-77.001193,6.95,17.1,1,10,0.9
2024-03-26T22:35:32Z,26.469610,-77.001137,6.91,17.3,1,10,0.9
2024-03-26T22:35:37Z,26.469768,-77.001082,7.43,17.1,1,10,0.9
2024-03-26T22:35:42Z,26.469925,-77.001020,7.32,19.9,1,10,0.9
2024-03-26T22:35:47Z,26.470080,-77.000953,7.10,21.0,1,10,0.9
2024-03-26T22:35:57Z,26.470383,-77.000835,6.88,17.1,1,10,0.9
2024-03-26T22:36:02Z,26.470530,-77.000787,6.40,16.1,1,10,0.9
2024-03-26T22:36:07Z,26.470677,-77.000742,6.83,14.8,1,10,0.9
2024-03-26T22:36:12Z,26.470822,-77.000697,6.41,16.0,1,10,0.9
2024-03-26T22:36:17Z,26.470965,-77.000650,6.37,17.7,1,9,1.0
2024-03-26T22:36:27Z,26.471250,-77.000557,6.72,15.7,1,10,0.9
2024-03-26T22:36:32Z,26.471395,-77.000505,6.78,16.7,1,10,0.9
2024-03-26T22:36:37Z,26.471537,-77.000450,6.25,20.5,1,10,0.9
2024-03-26T22:36:42Z,26.471677,-77.000398,6.13,19.2,1,10,0.9
2024-03-26T22:36:47Z,26.471818,-77.000350,6.50,16.6,1,10,0.9
2024-03-26T22:36:52Z,26.471963,-77.000297,6.33,17.3,1,10,0.9
2024-03-26T22:36:57Z,26.472107,-77.000250,6.39,15.5,1,10,0.9
2024-03-26T22:37:02Z,26.472252,-77.000205,6.54,15.3,1,10,0.9
2024-03-26T22:37:07Z,26.472398,-77.000160,6.51,15.8,1,10,0.9
2024-03-26T22:37:12Z,26.472547,-77.000108,6.79,17.3,1,10,0.9
2024-03-26T22:37:17Z,26.472700,-77.000055,6.82,17.9,1,10,0.9
2024-03-26T22:37:27Z,26.472995,-76.999953,6.66,15.9,1,10,0.9
2024-03-26T22:37:32Z,26.473150,-76.999907,6.98,15.6,1,10,0.9
2024-03-26T22:37:37Z,26.473310,-76.999858,7.14,16.8,1,10,0.9
2024-03-26T22:37:42Z,26.473468,-76.999800,6.92,21.6,1,10,0.9
2024-03-26T22:37:47Z,26.473620,-76.999735,6.87,20.5,1,10,0.9
2024-03-26T22:37:52Z,26.473782,-76.999673,7.12,20.6,1,10,0.9
2024-03-26T22:37:57Z,26.473937,-76.999613,7.14,18.8,1,10,0.9
2024-03-26T22:38:02Z,26.474098,-76.999555,7.17,18.6,1,10,0.9
2024-03-26T22:38:07Z,26.474265,-76.999500,7.52,18.9,1,10,0.9
2024-03-26T22:38:12Z,26.474428,-76.999438,7.17,20.2,1,10,0.9
2024-03-26T22:38:17Z,26.474582,-76.999375,6.71,19.2,1,10,0.9
2024-03-26T22:38:22Z,26.474732,-76.999320,6.50,17.9,1,10,0.9
2024-03-26T22:38:27Z,26.474878,-76.999270,6.63,17.1,1,10,0.9
2024-03-26T22:38:32Z,26.475025,-76.999220,6.58,17.8,1,9,1.0
2024-03-26T22:38:37Z,26.475168,-76.999168,6.48,17.9,1,9,1.0
2024-03-26T22:38:42Z,26.475312,-76.999122,6.67,16.6,1,9,1.0
2024-03-26T22:38:47Z,26.475453,-76.999075,6.38,17.3,1,9,1.0
2024-03-26T22:38:52Z,26.475595,-76.999023,6.48,17.5,1,10,0.9
2024-03-26T22:39:02Z,26.475893,-76.998923,6.89,17.6,1,9,1.0
2024-03-26T22:39:07Z,26.476045,-76.998865,6.93,19.2,1,9,1.0
2024-03-26T22:39:12Z,26.476197,-76.998808,6.90,18.9,1,9,1.0
2024-03-26T22:39:17Z,26.476347,-76.998750,6.70,19.0,1,9,1.0
2024-03-26T22:39:22Z,26.476493,-76.998695,6.50,18.0,1,9,1.0
2024-03-26T22:39:32Z,26.476785,-76.998592,6.81,17.8,1,9,1.0
2024-03-26T22:39:37Z,26.476935,-76.998535,6.71,20.3,1,9,1.0
2024-03-26T22:39:42Z,26.477085,-76.998470,6.49,22.9,1,9,1.0
2024-03-26T22:39:47Z,26.477228,-76.998412,6.70,18.5,1,9,1.0
2024-03-26T22:39:52Z,26.477375,-76.998357,6.46,19.6,1,9,1.0
2024-03-26T22:39:57Z,26.477520,-76.998303,6.69,17.3,1,10,0.9
2024-03-26T22:40:07Z,26.477813,-76.998195,6.49,18.4,1,9,1.0
2024-03-26T22:40:12Z,26.477958,-76.998142,6.60,18.6,1,9,1.0
2024-03-26T22:40:17Z,26.478102,-76.998087,6.69,19.5,1,9,1.0
2024-03-26T22:40:22Z,26.478242,-76.998032,6.36,18.8,1,9,1.0
2024-03-26T22:40:27Z,26.478378,-76.997980,6.17,18.9,1,9,1.0
2024-03-26T22:40:37Z,26.478653,-76.997878,6.09,18.4,1,9,1.0
2024-03-26T22:40:42Z,26.478785,-76.997832,6.22,17.8,1,9,1.0
2024-03-26T22:40:47Z,26.478922,-76.997782,6.17,19.1,1,9,1.0
2024-03-26T22:40:52Z,26.479050,-76.997730,5.81,20.1,1,9,1.0
2024-03-26T22:40:57Z,26.479173,-76.997683,5.52,18.3,1,9,1.0
2024-03-26T22:41:07Z,26.479412,-76.997610,5.19,14.9,1,9,1.0
2024-03-26T22:41:12Z,26.479530,-76.997578,5.10,15.5,1,10,0.9
2024-03-26T22:41:17Z,26.479632,-76.997538,4.39,21.1,1,10,0.9
2024-03-26T22:41:22Z,26.479730,-76.997498,4.48,19.9,1,10,0.9
2024-03-26T22:41:27Z,26.479827,-76.997462,4.41,17.6,1,10,0.9
2024-03-26T22:41:37Z,26.480023,-76.997398,4.43,15.7,1,10,0.9
2024-03-26T22:41:42Z,26.480118,-76.997367,4.23,16.9,1,10,0.9
2024-03-26T22:41:47Z,26.480213,-76.997335,4.03,20.9,1,10,0.9
2024-03-26T22:41:52Z,26.480307,-76.997305,4.46,15.5,1,10,0.9
2024-03-26T22:41:57Z,26.480412,-76.997275,5.12,14.0,1,10,0.9
2024-03-26T22:42:02Z,26.480525,-76.997240,5.27,19.1,1,10,0.9
2024-03-26T22:42:07Z,26.480643,-76.997202,5.30,19.6,1,10,0.9
2024-03-26T22:42:12Z,26.480763,-76.997157,5.81,19.8,1,10,0.9
2024-03-26T22:42:17Z,26.480890,-76.997108,5.70,20.6,1,10,0.9
2024-03-26T22:42:22Z,26.481020,-76.997063,6.16,16.1,1,10,0.9
2024-03-26T22:42:27Z,26.481167,-76.997015,6.51,13.6,1,10,0.9
2024-03-26T22:42:37Z,26.481462,-76.996917,6.50,17.3,1,10,0.9
2024-03-26T22:42:42Z,26.481610,-76.996865,6.81,15.5,1,10,0.9
2024-03-26T22:42:47Z,26.481760,-76.996813,6.57,16.8,1,10,0.9
2024-03-26T22:42:52Z,26.481902,-76.996757,6.62,17.7,1,10,0.9
2024-03-26T22:42:57Z,26.482043,-76.996710,6.35,17.5,1,10,0.9
2024-03-26T22:43:02Z,26.482187,-76.996667,6.53,14.6,1,10,0.9
2024-03-26T22:43:07Z,26.482335,-76.996627,6.32,15.3,1,10,0.9
2024-03-26T22:43:12Z,26.482485,-76.996580,6.66,18.5,1,10,0.9
2024-03-26T22:43:17Z,26.482627,-76.996528,6.37,21.0,1,10,0.9
2024-03-26T22:43:22Z,26.482773,-76.996477,6.74,16.4,1,10,0.9
2024-03-26T22:43:27Z,26.482928,-76.996427,7.00,16.1,1,10,0.9
2024-03-26T22:43:32Z,26.483082,-76.996373,6.63,19.9,1,10,0.9
2024-03-26T22:43:42Z,26.483368,-76.996270,6.20,19.2,1,10,0.9
2024-03-26T22:43:47Z,26.483507,-76.996225,6.44,15.2,1,9,1.0
2024-03-26T22:43:52Z,26.483645,-76.996180,6.50,14.7,1,10,0.9
2024-03-26T22:43:57Z,26.483782,-76.996138,6.17,16.1,1,10,0.9
2024-03-26T22:44:02Z,26.483923,-76.996095,6.18,15.8,1,10,0.9
2024-03-26T22:44:07Z,26.484058,-76.996053,6.10,15.5,1,10,0.9
2024-03-26T22:44:17Z,26.484340,-76.995970,6.29,15.2,1,10,0.9
2024-03-26T22:44:22Z,26.484482,-76.995925,6.19,16.1,1,10,0.9
2024-03-26T22:44:27Z,26.484627,-76.995882,6.74,14.4,1,10,0.9
2024-03-26T22:44:32Z,26.484780,-76.995835,6.73,15.7,1,10,0.9
2024-03-26T22:44:37Z,26.484923,-76.995785,6.10,19.6,1,10,0.9
2024-03-26T22:44:42Z,26.485072,-76.995745,6.65,15.7,1,10,0.9
2024-03-26T22:44:47Z,26.485212,-76.995698,6.26,16.6,1,10,0.9
2024-03-26T22:44:52Z,26.485353,-76.995650,6.33,15.4,1,10,0.9
2024-03-26T22:44:57Z,26.485492,-76.995603,6.46,13.5,1,10,0.9
2024-03-26T22:45:02Z,26.485632,-76.995552,6.16,15.8,1,10,0.9
2024-03-26T22:45:07Z,26.485763,-76.995508,5.90,18.6,1,10,0.9
2024-03-26T22:45:12Z,26.485902,-76.995458,6.20,16.9,1,10,0.9
2024-03-26T22:45:17Z,26.486027,-76.995415,5.67,18.1,1,10,0.9
2024-03-26T22:45:27Z,26.486288,-76.995330,5.62,18.4,1,10,0.9
2024-03-26T22:45:32Z,26.486413,-76.995283,5.69,16.2,1,10,0.9
2024-03-26T22:45:37Z,26.486537,-76.995245,5.70,14.3,1,10,0.9
2024-03-26T22:45:42Z,26.486660,-76.995202,5.48,16.4,1,10,0.9
2024-03-26T22:45:47Z,26.486782,-76.995160,5.15,19.4,1,10,0.9
2024-03-26T22:45:52Z,26.486895,-76.995110,5.28,19.7,1,10,0.9
2024-03-26T22:45:57Z,26.487005,-76.995060,4.90,21.3,1,10,0.9
2024-03-26T22:46:02Z,26.487113,-76.995018,4.76,18.9,1,10,0.9
2024-03-26T22:46:07Z,26.487230,-76.994983,5.15,13.8,1,10,0.9
2024-03-26T22:46:12Z,26.487345,-76.994947,5.22,16.2,1,10,0.9
2024-03-26T22:46:17Z,26.487462,-76.994910,5.41,13.3,1,10,0.9
2024-03-26T22:46:22Z,26.487583,-76.994873,5.38,17.2,1,10,0.9
2024-03-26T22:46:27Z,26.487708,-76.994837,5.64,15.7,1,10,0.9
2024-03-26T22:46:32Z,26.487830,-76.994795,5.77,15.0,1,10,0.9
2024-03-26T22:46:37Z,26.487952,-76.994748,5.48,21.5,1,9,1.0
2024-03-26T22:46:42Z,26.488072,-76.994700,5.59,20.5,1,9,1.0
2024-03-26T22:46:47Z,26.488195,-76.994648,5.83,19.7,1,10,0.9
2024-03-26T22:46:52Z,26.488317,-76.994595,5.57,20.4,1,10,0.9
2024-03-26T22:47:02Z,26.488560,-76.994500,5.63,19.1,1,9,1.0
2024-03-26T22:47:07Z,26.488685,-76.994452,5.95,17.0,1,9,1.0
2024-03-26T22:47:12Z,26.488807,-76.994400,5.65,20.4,1,9,1.0
2024-03-26T22:47:17Z,26.488930,-76.994350,5.70,19.6,1,10,0.9
2024-03-26T22:47:22Z,26.489060,-76.994305,5.77,20.8,1,10,0.9
2024-03-26T22:47:27Z,26.489187,-76.994257,5.66,16.2,1,10,0.9
2024-03-26T22:47:32Z,26.489308,-76.994208,5.58,18.0,1,9,1.0
2024-03-26T22:47:37Z,26.489423,-76.994163,5.10,20.2,1,9,1.0
2024-03-26T22:47:42Z,26.489547,-76.994128,5.36,15.1,1,9,1.0
2024-03-26T22:47:47Z,26.489667,-76.994092,5.47,15.2,1,10,0.9
2024-03-26T22:47:52Z,26.489788,-76.994055,5.50,15.9,1,10,0.9
2024-03-26T22:47:57Z,26.489912,-76.994015,5.76,16.3,1,10,0.9
2024-03-26T22:48:02Z,26.490033,-76.993972,5.42,18.0,1,10,0.9
2024-03-26T22:48:07Z,26.490147,-76.993923,4.93,22.7,1,9,1.0
2024-03-26T22:48:12Z,26.490263,-76.993878,5.36,18.4,1,9,1.0
2024-03-26T22:48:17Z,26.490390,-76.993837,5.95,17.7,1,9,1.0
2024-03-26T22:48:22Z,26.490522,-76.993792,6.16,16.2,1,10,0.9
2024-03-26T22:48:27Z,26.490663,-76.993742,6.15,21.9,1,10,0.9
2024-03-26T22:48:37Z,26.490927,-76.993625,6.43,20.2,1,10,0.9
2024-03-26T22:48:42Z,26.491068,-76.993567,6.27,24.0,1,10,0.9
2024-03-26T22:48:47Z,26.491207,-76.993502,6.35,22.5,1,9,1.0
2024-03-26T22:48:52Z,26.491352,-76.993447,6.38,19.9,1,10,0.9
2024-03-26T22:48:57Z,26.491497,-76.993393,6.55,17.9,1,9,1.0
2024-03-26T22:49:02Z,26.491645,-76.993345,6.51,16.7,1,10,0.9
2024-03-26T22:49:07Z,26.491790,-76.993295,6.41,19.2,1,9,1.0
2024-03-26T22:49:12Z,26.491930,-76.993240,6.68,16.3,1,9,1.0
2024-03-26T22:49:17Z,26.492078,-76.993192,6.92,16.5,1,10,0.9
2024-03-26T22:49:22Z,26.492220,-76.993140,5.88,19.5,1,10,0.9
2024-03-26T22:49:27Z,26.492357,-76.993090,6.28,15.2,1,9,1.0
2024-03-26T22:49:32Z,26.492495,-76.993042,6.27,15.9,1,9,1.0
2024-03-26T22:49:42Z,26.492768,-76.992947,5.97,17.6,1,9,1.0
2024-03-26T22:49:47Z,26.492897,-76.992898,5.85,16.4,1,9,1.0
2024-03-26T22:49:52Z,26.493025,-76.992857,5.62,18.2,1,9,1.0
2024-03-26T22:49:57Z,26.493147,-76.992815,5.52,15.4,1,10,0.9
2024-03-26T22:50:02Z,26.493272,-76.992780,5.65,15.2,1,10,0.9
2024-03-26T22:50:07Z,26.493400,-76.992743,6.00,12.5,1,10,0.9
2024-03-26T22:50:12Z,26.493532,-76.992708,5.70,15.5,1,9,1.0
2024-03-26T22:50:17Z,26.493658,-76.992672,5.73,13.8,1,9,1.0
2024-03-26T22:50:22Z,26.493788,-76.992635,5.63,15.8,1,9,1.0
2024-03-26T22:50:27Z,26.493917,-76.992590,5.69,17.6,1,10,0.9
2024-03-26T22:50:32Z,26.494042,-76.992548,5.41,18.1,1,10,0.9
2024-03-26T22:50:37Z,26.494168,-76.992505,5.63,17.8,1,10,0.9
2024-03-26T22:50:42Z,26.494293,-76.992463,5.66,16.8,1,10,0.9
2024-03-26T22:50:52Z,26.494548,-76.992378,5.70,15.1,1,10,0.9
2024-03-26T22:50:57Z,26.494675,-76.992340,5.71,15.6,1,10,0.9
2024-03-26T22:51:02Z,26.494803,-76.992298,5.80,17.8,1,10,0.9
2024-03-26T22:51:07Z,26.494932,-76.992257,5.33,20.2,1,10,0.9
2024-03-26T22:51:12Z,26.495052,-76.992210,5.65,16.4,1,10,0.9
2024-03-26T22:51:17Z,26.495177,-76.992170,5.63,17.8,1,10,0.9
2024-03-26T22:51:27Z,26.495430,-76.992098,5.98,15.2,1,10,0.9
2024-03-26T22:51:32Z,26.495558,-76.992057,5.95,16.0,1,10,0.9
2024-03-26T22:51:37Z,26.495690,-76.992008,5.60,20.0,1,10,0.9
2024-03-26T22:51:42Z,26.495810,-76.991962,5.74,16.2,1,10,0.9
2024-03-26T22:51:47Z,26.495950,-76.991925,6.25,12.7,1,10,0.9
2024-03-26T22:51:52Z,26.496095,-76.991893,6.26,13.8,1,10,0.9
2024-03-26T22:51:57Z,26.496228,-76.991862,6.42,8.7,1,10,0.9
2024-03-26T22:52:02Z,26.496358,-76.991823,5.97,10.7,1,9,1.0
2024-03-26T22:52:07Z,26.496497,-76.991802,6.08,7.7,1,10,0.9
2024-03-26T22:52:12Z,26.496632,-76.991785,5.90,5.3,1,10,0.9
2024-03-26T22:52:17Z,26.496758,-76.991775,5.57,7.7,1,10,0.9
2024-03-26T22:52:22Z,26.496885,-76.991757,5.03,15.4,1,10,0.9
2024-03-26T22:52:27Z,26.497012,-76.991737,5.50,4.6,1,10,0.9
2024-03-26T22:52:37Z,26.497277,-76.991708,5.61,7.9,1,10,0.9
2024-03-26T22:52:42Z,26.497402,-76.991687,5.87,6.3,1,10,0.9
2024-03-26T22:52:47Z,26.497522,-76.991660,5.96,7.9,1,10,0.9
2024-03-26T22:52:52Z,26.497660,-76.991630,6.11,6.9,1,10,0.9
2024-03-26T22:52:57Z,26.497793,-76.991598,5.74,14.8,1,10,0.9
2024-03-26T22:53:02Z,26.497927,-76.991560,6.02,13.2,1,10,0.9
2024-03-26T22:53:07Z,26.498065,-76.991517,6.18,18.4,1,10,0.9
2024-03-26T22:53:12Z,26.498197,-76.991468,5.77,21.1,1,10,0.9
2024-03-26T22:53:17Z,26.498333,-76.991422,6.24,15.4,1,10,0.9
2024-03-26T22:53:22Z,26.498475,-76.991377,6.54,13.4,1,10,0.9
2024-03-26T22:53:27Z,26.498623,-76.991343,7.41,8.6,1,10,0.9
2024-03-26T22:53:32Z,26.498767,-76.991297,6.23,14.3,1,10,0.9
2024-03-26T22:53:37Z,26.498917,-76.991248,6.93,15.6,1,10,0.9
2024-03-26T22:53:47Z,26.499218,-76.991153,7.14,15.9,1,10,0.9
2024-03-26T22:53:52Z,26.499373,-76.991100,6.70,19.2,1,10,0.9
2024-03-26T22:53:57Z,26.499533,-76.991047,7.31,14.8,1,10,0.9
2024-03-26T22:54:02Z,26.499685,-76.991000,7.09,13.8,1,10,0.9
2024-03-26T22:54:07Z,26.499835,-76.990960,6.95,13.8,1,10,0.9
2024-03-26T22:54:12Z,26.500002,-76.990915,7.50,13.3,1,10,0.9
2024-03-26T22:54:22Z,26.500307,-76.990795,6.97,23.0,1,10,0.9
2024-03-26T22:54:27Z,26.500458,-76.990713,7.12,26.4,1,10,0.9
2024-03-26T22:54:32Z,26.500613,-76.990628,7.12,29.2,1,10,0.9
2024-03-26T22:54:37Z,26.500762,-76.990537,7.30,29.6,1,10,0.9
2024-03-26T22:54:42Z,26.500907,-76.990440,7.42,33.7,1,10,0.9
2024-03-26T22:54:47Z,26.501043,-76.990332,7.07,38.7,1,10,0.9
2024-03-26T22:54:52Z,26.501177,-76.990217,7.33,37.8,1,10,0.9
2024-03-26T22:54:57Z,26.501307,-76.990098,7.03,37.3,1,10,0.9
2024-03-26T22:55:02Z,26.501432,-76.989982,6.96,37.0,1,10,0.9
2024-03-26T22:55:07Z,26.501562,-76.989870,7.00,36.8,1,10,0.9
2024-03-26T22:55:12Z,26.501698,-76.989758,7.49,32.6,1,10,0.9
2024-03-26T22:55:17Z,26.501837,-76.989647,7.27,37.0,1,10,0.9
2024-03-26T22:55:22Z,26.501972,-76.989533,7.20,38.3,1,10,0.9
2024-03-26T22:55:27Z,26.502107,-76.989418,7.29,38.2,1,10,0.9
2024-03-26T22:55:32Z,26.502250,-76.989313,7.21,35.6,1,10,0.9
2024-03-26T22:55:37Z,26.502397,-76.989207,7.52,32.9,1,10,0.9
2024-03-26T22:55:42Z,26.502542,-76.989097,7.48,32.2,1,10,0.9
2024-03-26T22:55:47Z,26.502683,-76.988990,7.46,34.0,1,10,0.9
2024-03-26T22:55:52Z,26.502818,-76.988877,7.09,34.7,1,10,0.9
2024-03-26T22:55:57Z,26.502953,-76.988775,6.94,33.2,1,10,0.9
2024-03-26T22:56:02Z,26.503080,-76.988675,6.44,36.2,1,10,0.9
2024-03-26T22:56:07Z,26.503202,-76.988577,6.63,34.8,1,10,0.9
2024-03-26T22:56:12Z,26.503323,-76.988482,6.45,34.9,1,10,0.9
2024-03-26T22:56:17Z,26.503447,-76.988388,6.53,33.1,1,10,0.9
2024-03-26T22:56:22Z,26.503570,-76.988293,6.27,35.9,1,10,0.9
2024-03-26T22:56:27Z,26.503697,-76.988197,6.77,34.6,1,10,0.9
2024-03-26T22:56:32Z,26.503825,-76.988100,6.70,33.4,1,10,0.9
2024-03-26T22:56:42Z,26.504080,-76.987915,6.58,31.9,1,11,0.8
2024-03-26T22:56:47Z,26.504207,-76.987828,6.27,33.1,1,11,0.8
2024-03-26T22:56:52Z,26.504332,-76.987747,6.52,30.1,1,11,0.8
2024-03-26T22:56:57Z,26.504467,-76.987655,6.86,34.0,1,11,0.8
2024-03-26T22:57:02Z,26.504597,-76.987565,6.66,29.9,1,11,0.8
2024-03-26T22:57:07Z,26.504733,-76.987482,6.71,29.2,1,11,0.8
2024-03-26T22:57:17Z,26.505013,-76.987308,6.92,30.9,1,11,0.8
2024-03-26T22:57:22Z,26.505153,-76.987220,6.95,29.2,1,11,0.8
2024-03-26T22:57:27Z,26.505292,-76.987138,6.81,28.1,1,11,0.8
2024-03-26T22:57:32Z,26.505430,-76.987053,6.87,30.0,1,11,0.8
2024-03-26T22:57:37Z,26.505565,-76.986968,6.58,29.8,1,11,0.8
2024-03-26T22:57:42Z,26.505693,-76.986890,6.49,27.0,1,11,0.8
2024-03-26T22:57:47Z,26.505822,-76.986817,6.68,27.5,1,11,0.8
2024-03-26T22:57:52Z,26.505960,-76.986742,6.43,24.7,1,11,0.8
2024-03-26T22:57:57Z,26.506102,-76.986673,6.57,24.0,1,11,0.8
2024-03-26T22:58:02Z,26.506245,-76.986603,6.69,24.6,1,11,0.8
2024-03-26T22:58:07Z,26.506388,-76.986533,6.91,23.2,1,11,0.8
2024-03-26T22:58:12Z,26.506533,-76.986467,6.98,22.0,1,11,0.8
2024-03-26T22:58:17Z,26.506680,-76.986402,6.55,22.1,1,11,0.8
2024-03-26T22:58:22Z,26.506823,-76.986340,6.59,21.4,1,11,0.8
2024-03-26T22:58:27Z,26.506960,-76.986275,6.14,24.0,1,10,0.9
2024-03-26T22:58:32Z,26.507088,-76.986212,6.14,24.9,1,11,0.8
2024-03-26T22:58:37Z,26.507222,-76.986152,6.10,22.3,1,11,0.8
2024-03-26T22:58:42Z,26.507347,-76.986095,5.79,23.2,1,11,0.8
2024-03-26T22:58:47Z,26.507473,-76.986040,5.94,22.8,1,11,0.8
2024-03-26T22:58:52Z,26.507597,-76.985980,5.72,25.0,1,11,0.8
2024-03-26T22:58:57Z,26.507718,-76.985920,5.55,24.8,1,11,0.8
2024-03-26T22:59:02Z,26.507838,-76.985863,5.55,22.9,1,11,0.8
2024-03-26T22:59:07Z,26.507953,-76.985810,5.23,21.6,1,11,0.8
2024-03-26T22:59:12Z,26.508073,-76.985762,5.77,17.8,1,11,0.8
2024-03-26T22:59:17Z,26.508208,-76.985715,6.12,17.5,1,10,0.9
2024-03-26T22:59:22Z,26.508350,-76.985670,6.11,21.2,1,10,0.9
2024-03-26T22:59:27Z,26.508487,-76.985615,6.37,21.2,1,11,0.8
2024-03-26T22:59:32Z,26.508623,-76.985557,6.53,23.5,1,11,0.8
2024-03-26T22:59:37Z,26.508760,-76.985490,6.41,22.8,1,11,0.8
2024-03-26T22:59:42Z,26.508907,-76.985430,6.64,19.0,1,10,0.9
2024-03-26T22:59:47Z,26.509042,-76.985367,6.17,21.8,1,10,0.9
2024-03-26T22:59:52Z,26.509168,-76.985303,5.83,22.2,1,10,0.9
2024-03-26T22:59:57Z,26.509297,-76.985243,5.86,20.6,1,11,0.8
2024-03-26T23:00:02Z,26.509427,-76.985188,5.48,21.6,1,11,0.8
2024-03-26T23:00:07Z,26.509557,-76.985135,5.70,21.1,1,11,0.8
2024-03-26T23:00:12Z,26.509682,-76.985083,5.55,20.3,1,11,0.8
2024-03-26T23:00:17Z,26.509807,-76.985030,5.73,23.2,1,11,0.8
2024-03-26T23:00:22Z,26.509927,-76.984977,5.34,22.1,1,11,0.8
2024-03-26T23:00:27Z,26.510045,-76.984925,5.62,17.3,1,11,0.8
2024-03-26T23:00:32Z,26.510170,-76.984878,5.52,19.4,1,11,0.8
2024-03-26T23:00:37Z,26.510292,-76.984827,5.55,20.2,1,10,0.9
2024-03-26T23:00:42Z,26.510410,-76.984770,5.42,23.8,1,10,0.9
2024-03-26T23:00:47Z,26.510528,-76.984717,5.33,20.4,1,11,0.8
2024-03-26T23:00:52Z,26.510648,-76.984667,5.50,18.7,1,11,0.8
2024-03-26T23:00:57Z,26.510768,-76.984620,5.43,17.0,1,11,0.8
2024-03-26T23:01:02Z,26.510888,-76.984580,5.68,16.3,1,11,0.8
2024-03-26T23:01:07Z,26.511018,-76.984535,5.56,21.2,1,10,0.9
2024-03-26T23:01:12Z,26.511143,-76.984482,5.66,19.9,1,11,0.8
2024-03-26T23:01:17Z,26.511272,-76.984433,5.93,19.0,1,11,0.8
2024-03-26T23:01:22Z,26.511402,-76.984382,5.69,20.2,1,11,0.8
2024-03-26T23:01:27Z,26.511533,-76.984327,5.79,21.0,1,11,0.8
2024-03-26T23:01:32Z,26.511670,-76.984273,6.60,18.6,1,11,0.8
2024-03-26T23:01:37Z,26.511808,-76.984217,5.89,22.5,1,10,0.8
2024-03-26T23:01:42Z,26.511935,-76.984155,6.17,19.7,1,11,0.8
2024-03-26T23:01:47Z,26.512073,-76.984100,6.25,20.1,1,11,0.8
2024-03-26T23:01:52Z,26.512207,-76.984050,6.15,18.4,1,11,0.8
2024-03-26T23:01:57Z,26.512348,-76.984000,6.59,19.5,1,11,0.8
2024-03-26T23:02:02Z,26.512492,-76.983945,6.30,20.1,1,11,0.8
2024-03-26T23:02:07Z,26.512628,-76.983885,6.51,21.8,1,11,0.8
2024-03-26T23:02:12Z,26.512762,-76.983825,6.12,20.0,1,11,0.8
2024-03-26T23:02:17Z,26.512903,-76.983782,6.52,15.4,1,11,0.8
2024-03-26T23:02:22Z,26.513052,-76.983733,6.35,17.1,1,10,0.9
2024-03-26T23:02:27Z,26.513200,-76.983682,6.80,16.5,1,11,0.8
2024-03-26T23:02:32Z,26.513347,-76.983628,6.32,18.1,1,11,0.8
2024-03-26T23:02:37Z,26.513488,-76.983578,6.30,17.1,1,11,0.8
2024-03-26T23:02:42Z,26.513637,-76.983530,6.72,16.0,1,11,0.8
2024-03-26T23:02:47Z,26.513792,-76.983482,7.01,15.5,1,11,0.8
2024-03-26T23:02:52Z,26.513948,-76.983428,7.05,19.6,1,11,0.8
2024-03-26T23:02:57Z,26.514105,-76.983368,6.94,20.6,1,10,0.9
2024-03-26T23:03:02Z,26.514260,-76.983308,7.00,20.0,1,10,0.9
2024-03-26T23:03:07Z,26.514408,-76.983248,6.68,20.9,1,11,0.8
2024-03-26T23:03:12Z,26.514568,-76.983183,6.98,20.1,1,10,0.9
2024-03-26T23:03:17Z,26.514728,-76.983118,6.55,16.1,1,10,0.9
2024-03-26T23:03:22Z,26.514873,-76.983068,6.67,19.9,1,10,0.9
2024-03-26T23:03:27Z,26.515022,-76.983013,6.56,19.1,1,11,0.8
2024-03-26T23:03:32Z,26.515170,-76.982963,6.76,14.5,1,11,0.8
2024-03-26T23:03:37Z,26.515325,-76.982918,6.74,15.4,1,11,0.8
2024-03-26T23:03:42Z,26.515475,-76.982865,6.81,16.3,1,11,0.8
2024-03-26T23:03:47Z,26.515623,-76.982813,6.67,18.4,1,11,0.8
2024-03-26T23:03:52Z,26.515772,-76.982760,6.75,17.4,1,11,0.8
2024-03-26T23:03:57Z,26.515920,-76.982708,6.98,16.4,1,11,0.8
2024-03-26T23:04:02Z,26.516072,-76.982658,6.80,17.6,1,11,0.8
2024-03-26T23:04:07Z,26.516222,-76.982602,6.79,18.5,1,11,0.8
2024-03-26T23:04:12Z,26.516382,-76.982547,7.09,16.9,1,11,0.8
2024-03-26T23:04:17Z,26.516542,-76.982492,6.98,16.8,1,11,0.8
2024-03-26T23:04:22Z,26.516698,-76.982438,7.27,18.4,1,10,0.8
2024-03-26T23:04:27Z,26.516863,-76.982378,7.47,18.4,1,10,0.8
2024-03-26T23:04:32Z,26.517027,-76.982315,7.13,19.2,1,11,0.8
2024-03-26T23:04:37Z,26.517187,-76.982257,7.33,17.0,1,11,0.8
2024-03-26T23:04:42Z,26.517348,-76.982198,7.37,17.3,1,11,0.8
2024-03-26T23:04:47Z,26.517513,-76.982140,7.39,19.5,1,11,0.8
2024-03-26T23:04:52Z,26.517678,-76.982077,6.99,20.9,1,11,0.8
2024-03-26T23:04:57Z,26.517838,-76.982013,7.45,21.5,1,11,0.8
2024-03-26T23:05:02Z,26.518002,-76.981950,7.52,20.9,1,11,0.8
2024-03-26T23:05:07Z,26.518167,-76.981882,7.18,23.3,1,11,0.8
2024-03-26T23:05:12Z,26.518322,-76.981810,7.32,24.0,1,10,0.8
2024-03-26T23:05:17Z,26.518475,-76.981730,7.62,28.5,1,10,0.8
2024-03-26T23:05:22Z,26.518623,-76.981635,6.73,30.5,1,10,0.8
2024-03-26T23:05:27Z,26.518760,-76.981542,6.67,28.3,1,10,0.8
2024-03-26T23:05:32Z,26.518903,-76.981465,6.63,27.6,1,10,0.8
2024-03-26T23:05:37Z,26.519040,-76.981380,6.38,34.1,1,10,0.8
2024-03-26T23:05:42Z,26.519160,-76.981292,6.30,33.3,1,10,0.8
2024-03-26T23:05:47Z,26.519282,-76.981202,6.42,33.1,1,10,0.8
2024-03-26T23:05:52Z,26.519397,-76.981107,5.81,35.4,1,10,0.8
2024-03-26T23:05:57Z,26.519512,-76.981015,6.42,35.8,1,10,0.8
2024-03-26T23:06:02Z,26.519632,-76.980920,6.30,35.4,1,9,1.0
2024-03-26T23:06:07Z,26.519757,-76.980827,6.29,35.8,1,9,1.0
2024-03-26T23:06:12Z,26.519880,-76.980735,6.44,32.0,1,10,0.8
2024-03-26T23:06:17Z,26.520003,-76.980643,6.41,33.3,1,10,0.8
2024-03-26T23:06:22Z,26.520122,-76.980552,5.92,35.9,1,10,0.8
2024-03-26T23:06:27Z,26.520232,-76.980467,5.82,35.4,1,10,0.8
2024-03-26T23:06:37Z,26.520447,-76.980298,5.71,34.2,1,10,0.8
2024-03-26T23:06:42Z,26.520553,-76.980222,5.29,33.0,1,10,0.8
2024-03-26T23:06:47Z,26.520660,-76.980155,5.35,27.1,1,10,0.8
2024-03-26T23:06:52Z,26.520767,-76.980088,5.26,31.6,1,10,0.8
2024-03-26T23:06:57Z,26.520872,-76.980017,5.32,27.9,1,10,0.8
2024-03-26T23:07:02Z,26.520978,-76.979947,5.10,31.0,1,10,0.8
2024-03-26T23:07:07Z,26.521085,-76.979883,5.47,26.0,1,10,0.8
2024-03-26T23:07:12Z,26.521195,-76.979825,5.39,25.8,1,10,0.8
2024-03-26T23:07:17Z,26.521318,-76.979767,5.66,21.4,1,10,0.8
2024-03-26T23:07:22Z,26.521450,-76.979710,5.86,23.4,1,10,0.8
2024-03-26T23:07:27Z,26.521572,-76.979652,5.80,24.0,1,10,0.8
2024-03-26T23:07:32Z,26.521698,-76.979593,6.19,23.2,1,10,0.8
2024-03-26T23:07:37Z,26.521832,-76.979533,6.34,23.2,1,10,0.8
2024-03-26T23:07:47Z,26.522103,-76.979397,6.45,26.6,1,10,0.8
2024-03-26T23:07:52Z,26.522243,-76.979327,6.16,24.6,1,9,0.9
2024-03-26T23:07:57Z,26.522382,-76.979255,6.47,24.9,1,10,0.8
2024-03-26T23:08:02Z,26.522525,-76.979183,6.94,24.0,1,10,0.8
2024-03-26T23:08:07Z,26.522663,-76.979108,6.49,26.8,1,10,0.8
2024-03-26T23:08:12Z,26.522793,-76.979038,6.21,28.4,1,10,0.8
2024-03-26T23:08:22Z,26.523065,-76.978900,5.85,29.8,1,10,0.8
2024-03-26T23:08:27Z,26.523188,-76.978828,5.77,26.6,1,10,0.8
2024-03-26T23:08:32Z,26.523312,-76.978763,6.06,22.0,1,10,0.8
2024-03-26T23:08:37Z,26.523437,-76.978707,5.61,24.8,1,10,0.8
2024-03-26T23:08:42Z,26.523550,-76.978645,5.15,28.2,1,9,1.0
2024-03-26T23:08:47Z,26.523658,-76.978582,5.25,26.4,1,9,1.0
2024-03-26T23:08:57Z,26.523875,-76.978468,4.99,22.9,1,10,0.8
2024-03-26T23:09:02Z,26.523982,-76.978420,5.01,24.0,1,9,1.0
2024-03-26T23:09:07Z,26.524092,-76.978365,5.23,25.6,1,8,1.6
2024-03-26T23:09:12Z,26.524205,-76.978300,5.42,28.2,1,10,0.8
2024-03-26T23:09:17Z,26.524322,-76.978237,5.42,27.4,1,10,0.8
2024-03-26T23:09:22Z,26.524440,-76.978172,5.14,34.3,1,10,0.8
2024-03-26T23:09:32Z,26.524650,-76.978038,5.08,29.0,1,10,0.8
2024-03-26T23:09:37Z,26.524758,-76.977975,4.74,29.9,1,10,0.8
2024-03-26T23:09:42Z,26.524858,-76.977915,4.65,26.0,1,9,1.0
2024-03-26T23:09:47Z,26.524953,-76.977862,4.75,26.0,1,10,0.8
2024-03-26T23:09:52Z,26.525045,-76.977807,4.67,29.9,1,9,1.0
2024-03-26T23:09:57Z,26.525150,-76.977743,4.88,28.7,1,10,0.8
2024-03-26T23:10:07Z,26.525367,-76.977608,4.95,32.2,1,10,0.8
2024-03-26T23:10:12Z,26.525463,-76.977545,4.57,29.4,1,9,1.0
2024-03-26T23:10:17Z,26.525560,-76.977488,4.64,27.3,1,10,0.8
2024-03-26T23:10:22Z,26.525662,-76.977433,4.71,28.2,1,10,0.8
2024-03-26T23:10:27Z,26.525762,-76.977382,4.28,25.3,1,10,0.8
2024-03-26T23:10:32Z,26.525860,-76.977333,4.50,25.4,1,10,0.8
2024-03-26T23:10:42Z,26.526060,-76.977232,5.14,24.2,1,10,0.8
2024-03-26T23:10:47Z,26.526168,-76.977175,5.26,25.6,1,10,0.8
2024-03-26T23:10:52Z,26.526287,-76.977112,5.71,28.3,1,9,1.0
2024-03-26T23:10:57Z,26.526398,-76.977035,5.50,32.6,1,9,1.0
2024-03-26T23:11:02Z,26.526507,-76.976958,5.48,31.7,1,10,0.8
2024-03-26T23:11:07Z,26.526623,-76.976890,5.83,29.7,1,10,0.8
2024-03-26T23:11:12Z,26.526747,-76.976815,6.08,31.4,1,10,0.8
2024-03-26T23:11:17Z,26.526865,-76.976732,5.84,34.6,1,10,0.8
2024-03-26T23:11:22Z,26.526988,-76.976652,5.94,34.0,1,10,0.8
2024-03-26T23:11:27Z,26.527093,-76.976568,5.16,38.2,1,10,0.8
2024-03-26T23:11:32Z,26.527192,-76.976493,4.79,35.5,1,10,0.8
2024-03-26T23:11:37Z,26.527285,-76.976427,4.65,32.9,1,10,0.8
2024-03-26T23:11:42Z,26.527373,-76.976367,4.20,27.8,1,10,0.8
2024-03-26T23:11:52Z,26.527530,-76.976270,4.00,23.7,1,10,0.8
2024-03-26T23:11:57Z,26.527613,-76.976227,3.96,28.2,1,9,1.0
2024-03-26T23:12:02Z,26.527682,-76.976172,3.67,30.2,1,10,0.8
2024-03-26T23:12:07Z,26.527765,-76.976127,3.69,31.5,1,10,0.8
2024-03-26T23:12:12Z,26.527848,-76.976082,4.04,27.8,1,10,0.8
2024-03-26T23:12:17Z,26.527930,-76.976035,4.10,32.3,2,10,0.8
2024-03-26T23:12:27Z,26.528083,-76.975930,3.68,32.1,2,10,0.8
2024-03-26T23:12:32Z,26.528160,-76.975878,3.50,32.9,2,10,0.8
2024-03-26T23:12:37Z,26.528233,-76.975832,3.65,28.0,2,10,0.8
2024-03-26T23:12:42Z,26.528315,-76.975788,3.91,28.1,2,10,0.8
2024-03-26T23:12:47Z,26.528393,-76.975742,3.69,31.3,2,10,0.8
2024-03-26T23:12:52Z,26.528468,-76.975693,3.52,30.4,2,10,0.8
2024-03-26T23:12:57Z,26.528538,-76.975647,3.43,31.0,2,10,0.8
2024-03-26T23:13:02Z,26.528608,-76.975603,3.26,30.7,2,10,0.8
2024-03-26T23:13:07Z,26.528677,-76.975562,3.26,30.4,2,10,0.8
2024-03-26T23:13:12Z,26.528743,-76.975523,3.24,28.8,2,10,0.8
2024-03-26T23:13:17Z,26.528815,-76.975485,3.58,24.2,2,10,0.8
2024-03-26T23:13:22Z,26.528890,-76.975450,3.49,25.6,2,10,0.8
2024-03-26T23:13:27Z,26.528960,-76.975413,3.47,25.7,2,9,1.0
2024-03-26T23:13:32Z,26.529037,-76.975372,3.35,27.4,2,10,0.8
2024-03-26T23:13:37Z,26.529113,-76.975335,3.42,28.1,2,10,0.8
2024-03-26T23:13:42Z,26.529192,-76.975297,3.49,27.8,2,10,0.8
2024-03-26T23:13:47Z,26.529267,-76.975257,3.63,24.8,2,10,0.8
2024-03-26T23:13:52Z,26.529347,-76.975212,3.71,28.2,2,10,0.8
2024-03-26T23:13:57Z,26.529428,-76.975167,3.95,26.9,2,10,0.8
2024-03-26T23:14:02Z,26.529515,-76.975120,4.14,29.1,2,10,0.8
2024-03-26T23:14:07Z,26.529603,-76.975068,4.17,30.2,2,10,0.8
2024-03-26T23:14:12Z,26.529688,-76.975015,4.16,30.2,2,10,0.8
2024-03-26T23:14:17Z,26.529770,-76.974963,4.04,28.7,2,10,0.8
2024-03-26T23:14:22Z,26.529852,-76.974915,4.02,30.0,2,10,0.8
2024-03-26T23:14:27Z,26.529930,-76.974868,4.11,25.2,2,9,0.9
2024-03-26T23:14:32Z,26.530017,-76.974823,4.72,24.0,2,10,0.8
2024-03-26T23:14:37Z,26.530113,-76.974767,4.58,30.7,2,10,0.8
2024-03-26T23:14:42Z,26.530207,-76.974708,4.37,31.5,2,10,0.8
2024-03-26T23:14:47Z,26.530300,-76.974650,4.64,27.6,2,10,0.8
2024-03-26T23:14:52Z,26.530388,-76.974598,4.46,29.6,2,10,0.8
2024-03-26T23:14:57Z,26.530478,-76.974543,4.74,28.9,2,10,0.8
2024-03-26T23:15:02Z,26.530575,-76.974483,4.25,30.6,2,11,0.7
2024-03-26T23:15:07Z,26.530667,-76.974432,4.46,28.6,2,11,0.7
2024-03-26T23:15:12Z,26.530760,-76.974372,4.28,31.1,2,11,0.7
2024-03-26T23:15:17Z,26.530850,-76.974317,4.56,26.5,2,11,0.7
2024-03-26T23:15:22Z,26.530940,-76.974265,4.43,25.9,2,11,0.7
2024-03-26T23:15:27Z,26.531032,-76.974215,4.51,27.7,2,11,0.7
2024-03-26T23:15:32Z,26.531125,-76.974160,4.77,28.1,2,10,0.8
2024-03-26T23:15:37Z,26.531225,-76.974102,4.68,30.6,2,11,0.7
2024-03-26T23:15:42Z,26.531323,-76.974042,4.72,28.7,2,11,0.7
2024-03-26T23:15:47Z,26.531423,-76.973982,4.98,27.0,2,11,0.7
2024-03-26T23:15:52Z,26.531532,-76.973917,5.37,30.9,2,11,0.7
2024-03-26T23:16:02Z,26.531752,-76.973775,5.56,31.3,2,11,0.7
2024-03-26T23:16:07Z,26.531865,-76.973698,5.55,30.2,2,11,0.7
2024-03-26T23:16:12Z,26.531977,-76.973630,5.62,30.8,2,11,0.7
2024-03-26T23:16:17Z,26.532088,-76.973557,5.74,27.9,2,11,0.7
2024-03-26T23:16:22Z,26.532205,-76.973493,5.70,28.5,2,11,0.7
2024-03-26T23:16:27Z,26.532320,-76.973425,5.72,26.6,2,11,0.7
2024-03-26T23:16:32Z,26.532437,-76.973363,5.46,25.3,2,11,0.7
2024-03-26T23:16:42Z,26.532665,-76.973253,5.54,23.6,2,11,0.7
2024-03-26T23:16:47Z,26.532770,-76.973197,4.99,27.2,2,11,0.7
2024-03-26T23:16:52Z,26.532873,-76.973135,4.87,28.1,2,11,0.7
2024-03-26T23:16:57Z,26.532972,-76.973078,4.71,28.5,2,11,0.7
2024-03-26T23:17:02Z,26.533075,-76.973022,5.30,27.5,2,11,0.7
2024-03-26T23:17:07Z,26.533182,-76.972955,5.35,33.8,2,11,0.7
2024-03-26T23:17:12Z,26.533290,-76.972885,5.62,33.8,2,11,0.7
2024-03-26T23:17:22Z,26.533500,-76.972713,5.58,36.4,2,11,0.7
2024-03-26T23:17:27Z,26.533602,-76.972630,5.35,36.0,2,11,0.7
2024-03-26T23:17:32Z,26.533702,-76.972553,5.30,35.2,2,10,0.8
2024-03-26T23:17:37Z,26.533803,-76.972478,5.12,33.1,1,10,0.8
2024-03-26T23:17:42Z,26.533903,-76.972413,4.91,31.5,1,11,0.7
2024-03-26T23:17:47Z,26.534007,-76.972345,5.41,29.5,1,11,0.7
2024-03-26T23:17:52Z,26.534118,-76.972272,5.43,33.1,1,11,0.7
2024-03-26T23:17:57Z,26.534220,-76.972195,5.31,36.9,1,11,0.7
2024-03-26T23:18:02Z,26.534320,-76.972118,5.27,35.9,1,11,0.7
2024-03-26T23:18:07Z,26.534417,-76.972048,4.86,30.2,1,11,0.7
2024-03-26T23:18:12Z,26.534517,-76.971983,4.93,28.8,2,11,0.7
2024-03-26T23:18:17Z,26.534620,-76.971920,5.09,26.7,2,11,0.7
2024-03-26T23:18:22Z,26.534728,-76.971858,5.27,28.5,2,11,0.7
2024-03-26T23:18:27Z,26.534828,-76.971788,5.10,33.2,2,11,0.7
2024-03-26T23:18:32Z,26.534937,-76.971725,5.09,30.7,2,11,0.7
2024-03-26T23:18:37Z,26.535040,-76.971658,5.38,31.2,2,11,0.7
2024-03-26T23:18:42Z,26.535148,-76.971583,5.70,33.7,2,11,0.7
2024-03-26T23:18:47Z,26.535257,-76.971507,5.33,34.5,2,11,0.7
2024-03-26T23:18:52Z,26.535360,-76.971435,5.19,32.5,2,11,0.7
2024-03-26T23:18:57Z,26.535467,-76.971358,5.25,34.3,2,11,0.7
2024-03-26T23:19:02Z,26.535567,-76.971288,5.11,32.4,1,11,0.7
2024-03-26T23:19:12Z,26.535777,-76.971147,5.18,33.6,1,11,0.7
2024-03-26T23:19:17Z,26.535877,-76.971080,5.02,32.1,1,11,0.7
2024-03-26T23:19:22Z,26.535978,-76.971013,4.99,34.1,1,11,0.7
2024-03-26T23:19:27Z,26.536073,-76.970945,4.78,31.3,1,11,0.7
2024-03-26T23:19:32Z,26.536175,-76.970880,5.20,30.3,1,10,0.8
2024-03-26T23:19:37Z,26.536285,-76.970812,5.33,28.3,1,9,0.9
2024-03-26T23:19:42Z,26.536393,-76.970742,5.29,32.2,1,11,0.7
2024-03-26T23:19:47Z,26.536503,-76.970670,5.63,29.5,1,11,0.7
2024-03-26T23:19:52Z,26.536615,-76.970598,5.66,29.0,1,11,0.7
2024-03-26T23:19:57Z,26.536728,-76.970523,5.77,31.3,1,11,0.7
2024-03-26T23:20:02Z,26.536840,-76.970443,5.48,33.5,1,11,0.7
2024-03-26T23:20:07Z,26.536947,-76.970367,5.43,33.1,1,11,0.7
2024-03-26T23:20:12Z,26.537053,-76.970288,5.51,34.7,1,11,0.7
2024-03-26T23:20:17Z,26.537163,-76.970207,5.76,34.9,1,11,0.7
2024-03-26T23:20:22Z,26.537268,-76.970118,5.41,37.3,1,11,0.7
2024-03-26T23:20:27Z,26.537373,-76.970043,5.55,35.0,1,11,0.7
2024-03-26T23:20:32Z,26.537478,-76.969965,5.58,34.2,1,11,0.7
2024-03-26T23:20:37Z,26.537587,-76.969893,5.38,29.5,1,11,0.7
2024-03-26T23:20:42Z,26.537697,-76.969828,5.33,25.3,1,11,0.7
2024-03-26T23:20:47Z,26.537807,-76.969772,4.83,27.0,1,9,0.9
2024-03-26T23:20:52Z,26.537918,-76.969718,5.25,20.9,1,10,0.8
2024-03-26T23:20:57Z,26.538037,-76.969672,5.36,20.5,1,10,0.8
2024-03-26T23:21:02Z,26.538155,-76.969628,5.36,16.9,1,10,0.8
2024-03-26T23:21:07Z,26.538277,-76.969590,5.63,16.6,1,11,0.7
2024-03-26T23:21:12Z,26.538398,-76.969553,5.42,15.1,1,11,0.7
2024-03-26T23:21:17Z,26.538515,-76.969517,5.39,14.6,1,11,0.7
2024-03-26T23:21:22Z,26.538620,-76.969478,4.79,16.2,1,11,0.7
2024-03-26T23:21:32Z,26.538837,-76.969410,4.78,13.9,1,10,0.8
2024-03-26T23:21:37Z,26.538960,-76.969387,5.58,12.1,1,10,0.8
2024-03-26T23:21:42Z,26.539083,-76.969353,5.32,12.3,1,10,0.8
2024-03-26T23:21:47Z,26.539208,-76.969315,5.75,18.2,1,11,0.7
2024-03-26T23:21:52Z,26.539332,-76.969263,5.70,21.5,1,10,0.8
2024-03-26T23:22:02Z,26.539577,-76.969163,5.51,18.7,1,10,0.8
2024-03-26T23:22:07Z,26.539693,-76.969112,5.58,25.2,1,10,0.8
2024-03-26T23:22:12Z,26.539822,-76.969047,5.90,26.1,1,11,0.7
2024-03-26T23:22:17Z,26.539950,-76.968985,5.65,24.8,1,10,0.8
2024-03-26T23:22:22Z,26.540070,-76.968923,5.47,24.7,1,10,0.8
2024-03-26T23:22:32Z,26.540322,-76.968802,5.43,23.9,1,10,0.8
2024-03-26T23:22:37Z,26.540440,-76.968750,5.19,21.9,1,10,0.8
2024-03-26T23:22:42Z,26.540550,-76.968702,5.28,21.5,1,10,0.8
2024-03-26T23:22:47Z,26.540665,-76.968647,4.95,27.0,1,10,0.8
2024-03-26T23:22:52Z,26.540768,-76.968592,4.59,29.3,1,10,0.8
2024-03-26T23:23:02Z,26.540952,-76.968488,4.40,25.0,2,10,0.8
2024-03-26T23:23:07Z,26.541042,-76.968440,4.19,28.8,2,11,0.7
2024-03-26T23:23:12Z,26.541125,-76.968388,3.95,28.8,2,11,0.7
2024-03-26T23:23:17Z,26.541205,-76.968345,3.87,23.4,2,11,0.7
2024-03-26T23:23:22Z,26.541290,-76.968308,3.78,22.8,2,10,0.8
2024-03-26T23:23:27Z,26.541375,-76.968270,3.54,28.8,2,10,0.8
2024-03-26T23:23:32Z,26.541453,-76.968237,3.99,18.9,2,10,0.8
2024-03-26T23:23:37Z,26.541542,-76.968203,3.72,24.9,2,10,0.8
2024-03-26T23:23:42Z,26.541618,-76.968168,3.42,28.8,2,10,0.8
2024-03-26T23:23:47Z,26.541687,-76.968130,3.65,24.1,2,10,0.8
2024-03-26T23:23:52Z,26.541762,-76.968087,3.54,37.2,2,11,0.7
2024-03-26T23:23:57Z,26.541830,-76.968027,3.42,54.0,2,11,0.7
2024-03-26T23:24:02Z,26.541868,-76.967950,3.34,67.8,2,11,0.7
2024-03-26T23:24:07Z,26.541882,-76.967875,2.57,89.6,2,11,0.7
2024-03-26T23:24:12Z,26.541872,-76.967817,2.04,106.1,1,11,0.7
2024-03-26T23:24:17Z,26.541860,-76.967777,1.57,119.8,1,10,0.9
2024-03-26T23:24:22Z,26.541842,-76.967745,1.07,129.4,1,10,0.9
2024-03-26T23:24:27Z,26.541827,-76.967723,0.69,134.2,1,11,0.7
2024-03-26T23:24:32Z,26.541818,-76.967712,0.26,155.9,1,11,0.7
2024-03-26T23:24:37Z,26.541810,-76.967707,0.41,171.9,1,10,0.8
2024-03-26T23:24:47Z,26.541793,-76.967707,0.32,223.3,1,11,0.7
2024-03-26T23:24:52Z,26.541790,-76.967713,0.39,261.8,1,10,0.9
2024-03-26T23:24:57Z,26.541783,-76.967728,0.51,235.6,1,11,0.7
2024-03-26T23:25:02Z,26.541777,-76.967743,0.55,239.1,1,11,0.7
2024-03-26T23:25:07Z,26.541772,-76.967760,0.50,237.6,1,10,0.8
2024-03-26T23:25:17Z,26.541773,-76.967810,1.32,289.9,1,11,0.7
2024-03-26T23:25:22Z,26.541777,-76.967832,0.80,282.1,1,11,0.7
2024-03-26T23:25:27Z,26.541770,-76.967842,0.68,282.7,1,11,0.7
2024-03-26T23:25:32Z,26.541767,-76.967860,0.52,279.6,1,11,0.7
2024-03-26T23:25:37Z,26.541767,-76.967873,0.62,325.1,1,11,0.7
2024-03-26T23:25:42Z,26.541767,-76.967883,0.25,321.5,1,11,0.7
2024-03-26T23:25:47Z,26.541767,-76.967893,0.42,289.9,1,11,0.7
2024-03-26T23:25:52Z,26.541763,-76.967903,0.48,272.0,1,11,0.7
2024-03-26T23:25:57Z,26.541763,-76.967918,0.70,249.8,1,11,0.7
2024-03-26T23:26:02Z,26.541762,-76.967933,0.56,259.8,1,11,0.7
2024-03-26T23:26:07Z,26.541763,-76.967942,0.40,256.9,1,10,0.8
2024-03-26T23:26:12Z,26.541757,-76.967955,0.35,244.0,1,10,0.8
2024-03-26T23:26:17Z,26.541748,-76.967968,0.65,235.1,1,10,0.8
2024-03-26T23:26:27Z,26.541737,-76.967985,0.89,211.0,1,11,0.7
2024-03-26T23:26:32Z,26.541730,-76.967997,0.35,222.3,1,11,0.7
2024-03-26T23:26:37Z,26.541720,-76.968007,0.51,215.4,1,11,0.7
2024-03-26T23:26:42Z,26.541707,-76.968013,0.60,219.1,1,11,0.7
2024-03-26T23:26:47Z,26.541697,-76.968018,0.36,232.5,1,11,0.7
2024-03-26T23:26:52Z,26.541688,-76.968027,0.66,217.0,1,11,0.7
2024-03-26T23:26:57Z,26.541680,-76.968035,0.20,288.5,2,11,0.7
2024-03-26T23:27:07Z,26.541695,-76.968042,0.54,322.5,2,11,0.7
2024-03-26T23:27:12Z,26.541707,-76.968045,0.16,268.2,2,10,0.8
2024-03-26T23:27:17Z,26.541722,-76.968052,0.11,287.7,2,10,0.8
2024-03-26T23:27:22Z,26.541728,-76.968060,0.62,287.1,2,10,0.8
2024-03-26T23:27:27Z,26.541738,-76.968070,0.67,310.8,1,11,0.7
2024-03-26T23:27:32Z,26.541752,-76.968075,0.61,357.5,1,11,0.7
2024-03-26T23:27:42Z,26.541787,-76.968092,0.74,339.2,1,11,0.7
2024-03-26T23:27:47Z,26.541802,-76.968098,0.36,351.8,1,10,0.9
2024-03-26T23:27:52Z,26.541812,-76.968105,0.80,341.8,1,11,0.7
2024-03-26T23:27:57Z,26.541828,-76.968123,0.65,328.3,1,11,0.7
2024-03-26T23:28:02Z,26.541845,-76.968135,0.65,326.2,1,11,0.7
2024-03-26T23:28:07Z,26.541850,-76.968143,0.47,311.4,1,11,0.7
2024-03-26T23:28:12Z,26.541847,-76.968152,0.23,191.7,1,11,0.7
2024-03-26T23:28:17Z,26.541843,-76.968157,0.45,289.6,1,10,0.9
2024-03-26T23:28:22Z,26.541842,-76.968160,0.14,255.9,1,11,0.7
2024-03-26T23:28:27Z,26.541843,-76.968163,0.06,217.0,1,10,0.8
2024-03-26T23:28:32Z,26.541843,-76.968163,0.07,98.4,1,10,0.9
2024-03-26T23:28:37Z,26.541840,-76.968170,0.56,230.2,1,11,0.7
2024-03-26T23:28:42Z,26.541838,-76.968175,0.37,281.2,1,10,0.9
2024-03-26T23:28:47Z,26.541835,-76.968175,0.30,296.7,1,10,0.9
2024-03-26T23:28:52Z,26.541838,-76.968175,0.36,309.3,1,10,0.8
2024-03-26T23:28:57Z,26.541838,-76.968173,0.14,156.3,1,10,0.8
2024-03-26T23:29:02Z,26.541830,-76.968160,0.32,114.6,1,11,0.7
2024-03-26T23:29:07Z,26.541825,-76.968152,0.17,36.3,1,10,0.8
2024-03-26T23:29:12Z,26.541823,-76.968147,0.15,95.6,1,11,0.7
2024-03-26T23:29:17Z,26.541822,-76.968148,0.03,119.2,1,11,0.7
2024-03-26T23:29:22Z,26.541818,-76.968148,0.13,204.5,1,10,0.9
2024-03-26T23:29:27Z,26.541818,-76.968150,0.09,232.1,1,9,1.1
2024-03-26T23:29:32Z,26.541818,-76.968152,0.06,198.9,1,9,1.1
2024-03-26T23:29:37Z,26.541817,-76.968152,0.16,298.6,1,11,0.7
2024-03-26T23:29:42Z,26.541813,-76.968148,0.13,288.7,1,11,0.7
2024-03-26T23:29:47Z,26.541813,-76.968145,0.22,21.2,1,10,0.8
2024-03-26T23:29:52Z,26.541817,-76.968143,0.18,336.5,1,10,0.8
2024-03-26T23:29:57Z,26.541823,-76.968148,0.13,333.2,1,10,0.8
2024-03-26T23:30:02Z,26.541828,-76.968152,0.21,51.7,1,9,1.1
2024-03-26T23:30:12Z,26.541832,-76.968152,0.13,59.6,1,11,0.7
2024-03-26T23:30:17Z,26.541828,-76.968150,0.03,179.7,1,11,0.7
2024-03-26T23:30:22Z,26.541828,-76.968150,0.04,307.4,1,11,0.7
2024-03-26T23:30:27Z,26.541832,-76.968148,0.16,313.1,1,11,0.7
2024-03-26T23:30:32Z,26.541833,-76.968147,0.03,280.6,1,11,0.7
2024-03-26T23:30:37Z,26.541830,-76.968145,0.23,125.2,1,11,0.7
2024-03-26T23:30:47Z,26.541820,-76.968153,0.16,212.7,1,11,0.7
2024-03-26T23:30:52Z,26.541817,-76.968157,0.32,266.3,1,10,0.9
2024-03-26T23:30:57Z,26.541812,-76.968158,0.14,224.2,1,11,0.7
2024-03-26T23:31:02Z,26.541812,-76.968163,0.08,282.0,1,11,0.7
2024-03-26T23:31:07Z,26.541813,-76.968163,0.23,279.2,1,11,0.7
2024-03-26T23:31:17Z,26.541813,-76.968170,0.16,297.5,1,11,0.7
2024-03-26T23:31:22Z,26.541817,-76.968177,0.69,342.5,1,11,0.7
2024-03-26T23:31:27Z,26.541818,-76.968178,0.13,4.4,1,11,0.7
2024-03-26T23:31:32Z,26.541818,-76.968173,0.14,56.7,1,10,0.8
2024-03-26T23:31:37Z,26.541822,-76.968170,0.32,54.2,1,11,0.7
2024-03-26T23:31:42Z,26.541823,-76.968168,0.16,48.5,1,11,0.7
2024-03-26T23:31:52Z,26.541825,-76.968168,0.25,318.7,1,10,0.8
2024-03-26T23:31:57Z,26.541828,-76.968168,0.24,281.0,1,10,0.8
2024-03-26T23:32:02Z,26.541832,-76.968168,0.10,91.2,1,11,0.7
2024-03-26T23:32:07Z,26.541832,-76.968168,0.06,223.2,1,11,0.7
2024-03-26T23:32:12Z,26.541832,-76.968168,0.10,345.8,1,11,0.7
2024-03-26T23:32:17Z,26.541832,-76.968175,0.03,173.2,1,11,0.7
2024-03-26T23:32:22Z,26.541832,-76.968172,0.17,125.4,1,11,0.7
2024-03-26T23:32:27Z,26.541827,-76.968170,0.08,188.2,1,9,1.1
2024-03-26T23:32:32Z,26.541815,-76.968165,0.32,188.2,1,10,0.8
2024-03-26T23:32:37Z,26.541802,-76.968158,0.31,199.4,1,10,0.8
2024-03-26T23:32:42Z,26.541793,-76.968158,0.22,163.1,1,10,0.8
2024-03-26T23:32:47Z,26.541788,-76.968155,0.17,155.9,1,10,0.8
2024-03-26T23:32:52Z,26.541785,-76.968160,0.23,261.4,1,10,0.8
2024-03-26T23:32:57Z,26.541783,-76.968162,0.19,282.9,1,10,0.8
2024-03-26T23:33:02Z,26.541790,-76.968167,0.34,320.1,1,9,1.1
2024-03-26T23:33:07Z,26.541792,-76.968162,0.13,115.2,1,9,1.1
2024-03-26T23:33:12Z,26.541800,-76.968162,0.21,54.1,1,9,0.9
2024-03-26T23:33:22Z,26.541805,-76.968158,0.25,140.5,1,9,0.9
2024-03-26T23:33:27Z,26.541803,-76.968155,0.32,131.3,1,9,0.9
2024-03-26T23:33:32Z,26.541800,-76.968152,0.61,357.7,1,8,1.0
2024-03-26T23:33:37Z,26.541798,-76.968152,0.10,344.2,1,10,0.8
2024-03-26T23:33:42Z,26.541803,-76.968160,0.32,278.5,1,10,0.8
2024-03-26T23:33:47Z,26.541798,-76.968173,0.50,232.9,1,10,0.8
2024-03-26T23:33:52Z,26.541803,-76.968175,0.25,167.9,1,10,0.8
2024-03-26T23:33:57Z,26.541800,-76.968173,0.30,115.6,1,10,0.8
2024-03-26T23:34:02Z,26.541792,-76.968170,0.36,183.8,1,10,0.8
2024-03-26T23:34:07Z,26.541792,-76.968170,0.40,214.9,1,10,0.8
