utc,lat,lon,sog_kn,cog_deg,quality,sats,hdop
2024-03-23T14:45:33Z,26.545953,-77.048753,2.65,40.1,0,0,99.0
2024-03-23T14:45:38Z,26.545983,-77.048672,2.93,57.2,1,3,1.8
2024-03-23T14:45:43Z,26.546013,-77.048602,3.09,60.5,1,3,1.8
2024-03-23T14:45:48Z,26.546128,-77.048413,2.34,39.0,1,4,1.7
2024-03-23T14:45:53Z,26.546160,-77.048338,2.98,54.5,1,4,1.7
2024-03-23T14:45:58Z,26.546207,-77.048323,2.94,56.8,1,5,1.4
2024-03-23T14:46:03Z,26.546245,-77.048268,2.61,58.3,1,5,1.4
2024-03-23T14:46:08Z,26.546253,-77.048213,2.30,85.7,1,5,1.4
2024-03-23T14:46:13Z,26.546287,-77.048160,2.41,76.0,1,5,1.4
2024-03-23T14:46:23Z,26.546352,-77.048047,2.54,59.6,1,5,1.4
2024-03-23T14:46:28Z,26.546390,-77.047998,2.94,55.3,1,5,1.4
2024-03-23T14:46:33Z,26.546430,-77.047943,2.63,59.6,1,5,1.4
2024-03-23T14:46:38Z,26.546465,-77.047890,2.71,57.6,1,5,1.4
2024-03-23T14:46:43Z,26.546492,-77.047843,2.41,58.0,1,5,1.4
2024-03-23T14:46:53Z,26.546560,-77.047737,2.56,54.0,1,5,1.4
2024-03-23T14:46:58Z,26.546595,-77.047687,2.46,55.4,1,5,1.4
2024-03-23T14:47:03Z,26.546630,-77.047637,2.52,59.9,1,5,1.4
2024-03-23T14:47:08Z,26.546665,-77.047585,2.35,51.6,1,5,1.4
2024-03-23T14:47:13Z,26.546702,-77.047540,2.61,55.0,1,5,1.4
2024-03-23T14:47:18Z,26.546733,-77.047493,1.51,51.9,1,5,1.4
2024-03-23T14:47:28Z,26.546818,-77.047410,2.25,53.1,1,6,1.2
2024-03-23T14:47:33Z,26.546858,-77.047367,2.82,53.2,1,7,1.1
2024-03-23T14:47:38Z,26.546905,-77.047317,2.80,41.9,1,7,1.1
2024-03-23T14:47:43Z,26.546953,-77.047265,3.00,39.4,1,7,1.1
2024-03-23T14:47:48Z,26.547012,-77.047230,2.75,17.7,1,7,1.1
2024-03-23T14:47:58Z,26.547128,-77.047225,2.63,325.9,2,7,1.1
2024-03-23T14:48:03Z,26.547163,-77.047280,2.55,293.3,2,7,1.1
2024-03-23T14:48:08Z,26.547190,-77.047347,2.63,303.1,2,7,1.1
2024-03-23T14:48:13Z,26.547210,-77.047408,2.27,261.3,2,7,1.1
2024-03-23T14:48:18Z,26.547203,-77.047460,2.37,258.6,2,7,1.1
2024-03-23T14:48:23Z,26.547215,-77.047515,2.60,296.1,2,7,1.1
2024-03-23T14:48:33Z,26.547272,-77.047638,2.61,303.6,2,8,0.9
2024-03-23T14:48:38Z,26.547308,-77.047695,3.01,307.9,2,8,0.9
2024-03-23T14:48:43Z,26.547352,-77.047750,2.97,317.8,2,8,0.9
2024-03-23T14:48:48Z,26.547402,-77.047797,2.66,323.3,2,8,0.9
2024-03-23T14:48:53Z,26.547455,-77.047832,2.67,347.8,2,8,0.9
2024-03-23T14:48:58Z,26.547508,-77.047860,2.69,319.0,2,7,1.1
2024-03-23T14:49:03Z,26.547550,-77.047903,2.65,318.2,2,8,0.9
2024-03-23T14:49:08Z,26.547597,-77.047943,2.38,321.2,2,8,0.9
2024-03-23T14:49:13Z,26.547642,-77.047980,2.41,310.9,2,8,0.9
2024-03-23T14:49:18Z,26.547682,-77.048013,2.03,328.6,2,8,0.9
2024-03-23T14:49:23Z,26.547692,-77.048033,0.20,20.6,2,8,0.9
2024-03-23T14:49:28Z,26.547690,-77.048032,0.18,71.7,2,8,0.9
2024-03-23T14:49:33Z,26.547690,-77.048033,0.32,170.6,2,8,0.9
2024-03-23T14:49:43Z,26.547693,-77.047993,0.19,79.5,2,8,0.9
2024-03-23T14:49:48Z,26.547697,-77.047982,0.17,21.3,2,8,0.9
2024-03-23T14:49:53Z,26.547698,-77.047982,0.26,103.9,2,8,0.9
2024-03-23T14:49:58Z,26.547700,-77.047983,0.11,27.1,2,8,0.9
2024-03-23T14:50:03Z,26.547698,-77.047988,0.32,67.7,2,8,0.9
2024-03-23T14:50:08Z,26.547695,-77.047987,0.30,105.5,2,8,0.9
2024-03-23T14:50:13Z,26.547693,-77.047982,0.11,146.1,2,8,0.9
2024-03-23T14:50:18Z,26.547688,-77.047985,0.12,87.0,1,8,0.9
2024-03-23T14:50:23Z,26.547687,-77.047987,0.44,82.5,1,8,0.9
2024-03-23T14:50:28Z,26.547683,-77.047993,0.34,247.0,1,8,0.9
2024-03-23T14:50:33Z,26.547683,-77.047998,0.15,55.8,1,8,0.9
2024-03-23T14:50:38Z,26.547687,-77.048005,0.34,269.9,1,8,0.9
2024-03-23T14:50:48Z,26.547693,-77.048012,1.41,290.1,1,8,0.9
2024-03-23T14:50:53Z,26.547705,-77.048040,0.14,200.7,1,8,0.9
2024-03-23T14:50:58Z,26.547697,-77.048053,0.36,306.4,1,8,0.9
2024-03-23T14:51:03Z,26.547732,-77.048090,2.33,294.2,1,8,0.9
2024-03-23T14:51:08Z,26.547737,-77.048150,1.80,255.4,1,8,0.9
2024-03-23T14:51:18Z,26.547693,-77.048223,1.99,225.5,1,8,0.9
2024-03-23T14:51:23Z,26.547663,-77.048263,1.45,225.1,1,8,0.9
2024-03-23T14:51:28Z,26.547627,-77.048298,2.69,239.8,1,8,0.9
2024-03-23T14:51:33Z,26.547595,-77.048362,2.80,239.2,1,8,0.9
2024-03-23T14:51:38Z,26.547572,-77.048420,2.32,240.1,1,8,0.9
2024-03-23T14:51:43Z,26.547550,-77.048463,1.85,235.2,1,8,0.9
2024-03-23T14:51:48Z,26.547525,-77.048512,2.30,240.3,2,8,0.9
2024-03-23T14:51:53Z,26.547497,-77.048553,1.12,259.6,2,8,0.9
2024-03-23T14:51:58Z,26.547483,-77.048582,1.31,251.3,2,8,0.9
2024-03-23T14:52:03Z,26.547465,-77.048613,1.69,233.1,2,7,1.3
2024-03-23T14:52:08Z,26.547440,-77.048662,2.08,242.7,2,7,1.3
2024-03-23T14:52:13Z,26.547422,-77.048708,1.93,232.7,1,8,0.9
2024-03-23T14:52:23Z,26.547395,-77.048817,2.16,242.2,1,8,0.9
2024-03-23T14:52:28Z,26.547372,-77.048865,2.26,247.5,1,8,0.9
2024-03-23T14:52:33Z,26.547352,-77.048917,2.08,232.5,2,8,0.9
2024-03-23T14:52:38Z,26.547317,-77.048948,1.83,233.1,2,8,0.9
2024-03-23T14:52:43Z,26.547295,-77.048995,1.92,241.4,2,8,0.9
2024-03-23T14:52:48Z,26.547273,-77.049048,2.18,242.1,2,8,0.9
2024-03-23T14:52:53Z,26.547248,-77.049102,1.89,240.8,2,8,0.9
2024-03-23T14:52:58Z,26.547232,-77.049143,1.58,257.3,2,9,0.8
2024-03-23T14:53:03Z,26.547212,-77.049190,2.24,244.7,1,9,0.8
2024-03-23T14:53:08Z,26.547188,-77.049248,2.43,249.2,1,9,0.8
2024-03-23T14:53:13Z,26.547167,-77.049312,2.50,246.3,1,9,0.8
2024-03-23T14:53:18Z,26.547138,-77.049372,2.20,239.8,1,9,0.8
2024-03-23T14:53:28Z,26.547092,-77.049490,2.44,243.4,1,9,0.8
2024-03-23T14:53:33Z,26.547068,-77.049550,2.43,243.6,1,9,0.8
2024-03-23T14:53:38Z,26.547047,-77.049613,2.59,256.7,1,9,0.8
2024-03-23T14:53:43Z,26.547025,-77.049678,2.59,246.6,1,9,0.8
2024-03-23T14:53:48Z,26.547000,-77.049742,2.47,240.8,1,9,0.8
2024-03-23T14:53:58Z,26.546952,-77.049877,2.56,252.9,1,9,0.8
2024-03-23T14:54:03Z,26.546932,-77.049940,2.58,255.9,1,8,0.9
2024-03-23T14:54:08Z,26.546913,-77.050005,1.86,250.1,1,9,0.8
2024-03-23T14:54:13Z,26.546895,-77.050068,2.57,252.1,1,9,0.8
2024-03-23T14:54:18Z,26.546878,-77.050133,2.28,256.3,1,9,0.8
2024-03-23T14:54:28Z,26.546843,-77.050270,2.52,255.4,1,9,0.8
2024-03-23T14:54:33Z,26.546830,-77.050335,2.77,261.6,1,9,0.8
2024-03-23T14:54:38Z,26.546813,-77.050403,2.48,252.7,1,9,0.8
2024-03-23T14:54:43Z,26.546797,-77.050467,2.51,255.6,1,9,0.8
2024-03-23T14:54:48Z,26.546782,-77.050530,2.47,256.8,1,9,0.8
2024-03-23T14:54:53Z,26.546765,-77.050598,2.30,255.4,1,9,0.8
2024-03-23T14:54:58Z,26.546750,-77.050663,2.34,260.9,1,9,0.8
2024-03-23T14:55:03Z,26.546735,-77.050727,2.29,256.8,1,9,0.8
2024-03-23T14:55:08Z,26.546720,-77.050790,2.32,255.0,1,9,0.8
2024-03-23T14:55:13Z,26.546703,-77.050852,2.38,257.9,1,9,0.8
2024-03-23T14:55:18Z,26.546687,-77.050915,2.39,253.1,1,9,0.8
2024-03-23T14:55:28Z,26.546657,-77.051038,1.66,253.6,1,9,0.8
2024-03-23T14:55:33Z,26.546637,-77.051085,1.98,247.7,1,9,0.8
2024-03-23T14:55:38Z,26.546617,-77.051137,2.12,252.8,1,9,0.8
2024-03-23T14:55:43Z,26.546602,-77.051193,2.32,249.0,1,9,0.8
2024-03-23T14:55:48Z,26.546587,-77.051245,1.61,244.9,1,9,0.8
2024-03-23T14:55:58Z,26.546558,-77.051342,2.09,271.7,1,9,0.8
2024-03-23T14:56:03Z,26.546557,-77.051402,2.23,263.7,1,9,0.8
2024-03-23T14:56:08Z,26.546540,-77.051460,2.22,248.5,1,9,0.8
2024-03-23T14:56:13Z,26.546525,-77.051518,2.14,253.5,1,9,0.8
2024-03-23T14:56:18Z,26.546510,-77.051575,2.21,255.5,1,9,0.8
2024-03-23T14:56:23Z,26.546495,-77.051630,2.03,257.0,1,9,0.8
2024-03-23T14:56:33Z,26.546480,-77.051682,1.38,296.6,1,9,0.8
2024-03-23T14:56:38Z,26.546518,-77.051707,2.76,335.8,1,9,0.8
2024-03-23T14:56:43Z,26.546572,-77.051732,1.85,353.3,1,8,0.9
2024-03-23T14:56:48Z,26.546632,-77.051750,2.59,341.4,1,8,1.0
2024-03-23T14:56:53Z,26.546685,-77.051773,2.55,346.1,1,9,0.8
2024-03-23T14:56:58Z,26.546735,-77.051808,2.33,323.2,1,9,0.8
2024-03-23T14:57:08Z,26.546822,-77.051882,2.22,329.8,1,7,2.2
2024-03-23T14:57:13Z,26.546855,-77.051915,1.25,299.2,1,7,2.2
2024-03-23T14:57:18Z,26.546867,-77.051937,0.41,257.1,1,8,1.1
2024-03-23T14:57:23Z,26.546877,-77.051925,0.18,114.1,1,8,1.1
2024-03-23T14:57:28Z,26.546868,-77.051937,0.44,189.5,1,8,1.1
2024-03-23T14:57:33Z,26.546873,-77.051925,0.36,284.1,1,8,1.1
2024-03-23T14:57:38Z,26.546890,-77.051910,0.49,356.8,1,8,1.1
2024-03-23T14:57:43Z,26.546895,-77.051897,0.43,51.5,1,7,1.1
2024-03-23T14:57:48Z,26.546897,-77.051883,0.14,63.9,1,7,1.1
2024-03-23T14:57:53Z,26.546902,-77.051875,0.01,151.2,1,7,1.1
2024-03-23T14:57:58Z,26.546902,-77.051872,0.09,358.8,1,8,1.1
2024-03-23T14:58:03Z,26.546895,-77.051878,0.16,335.1,1,8,1.1
2024-03-23T14:58:08Z,26.546887,-77.051883,0.03,37.2,1,8,1.1
2024-03-23T14:58:13Z,26.546893,-77.051878,0.09,57.4,1,7,2.2
2024-03-23T14:58:18Z,26.546882,-77.051885,0.16,174.0,1,8,1.0
2024-03-23T14:58:23Z,26.546875,-77.051902,0.27,183.4,1,7,1.2
2024-03-23T14:58:28Z,26.546882,-77.051902,1.26,355.2,1,8,1.0
2024-03-23T14:58:38Z,26.546910,-77.051908,0.41,351.2,1,8,1.0
2024-03-23T14:58:43Z,26.546910,-77.051912,0.25,112.1,1,9,0.8
2024-03-23T14:58:48Z,26.546908,-77.051913,0.20,261.4,1,9,0.8
2024-03-23T14:58:53Z,26.546907,-77.051918,0.27,148.8,1,8,1.0
2024-03-23T14:58:58Z,26.546907,-77.051922,0.25,48.4,1,9,0.8
2024-03-23T14:59:08Z,26.546898,-77.051937,0.44,221.1,1,9,0.8
2024-03-23T14:59:13Z,26.546885,-77.051960,0.34,230.2,1,9,0.8
2024-03-23T14:59:18Z,26.546883,-77.051965,0.08,110.0,1,8,1.0
2024-03-23T14:59:23Z,26.546888,-77.051962,0.46,169.5,1,8,1.0
2024-03-23T14:59:28Z,26.546893,-77.051960,0.37,49.1,1,9,0.8
2024-03-23T14:59:38Z,26.546892,-77.051963,0.29,5.8,1,8,1.0
2024-03-23T14:59:43Z,26.546905,-77.051943,2.29,55.2,1,9,0.8
2024-03-23T14:59:48Z,26.546925,-77.051900,2.01,42.2,1,9,0.8
2024-03-23T14:59:53Z,26.546973,-77.051872,2.21,28.6,1,9,0.8
2024-03-23T14:59:58Z,26.547035,-77.051843,2.24,20.6,1,8,1.0
2024-03-23T15:00:08Z,26.547062,-77.051763,0.12,12.2,1,8,1.0
2024-03-23T15:00:13Z,26.547057,-77.051745,0.17,92.8,1,7,1.2
2024-03-23T15:00:18Z,26.547042,-77.051725,0.22,209.9,1,7,1.2
2024-03-23T15:00:23Z,26.547030,-77.051717,0.96,2.3,1,7,1.2
2024-03-23T15:00:33Z,26.547067,-77.051708,0.80,344.7,1,7,1.2
2024-03-23T15:00:38Z,26.547077,-77.051715,0.43,161.7,1,7,1.2
2024-03-23T15:00:43Z,26.547057,-77.051712,0.20,313.5,1,7,1.2
2024-03-23T15:00:48Z,26.547050,-77.051710,0.38,82.5,1,7,1.2
2024-03-23T15:00:53Z,26.547028,-77.051705,0.15,46.4,1,6,1.3
2024-03-23T15:00:58Z,26.546995,-77.051710,1.33,171.3,1,7,1.2
2024-03-23T15:01:03Z,26.546965,-77.051698,1.41,172.2,1,7,1.2
2024-03-23T15:01:08Z,26.546972,-77.051692,0.42,156.8,1,7,1.2
2024-03-23T15:01:13Z,26.546972,-77.051685,0.36,13.8,1,7,1.2
2024-03-23T15:01:18Z,26.546998,-77.051690,0.19,316.6,1,7,1.2
2024-03-23T15:01:28Z,26.547023,-77.051703,0.09,38.2,1,7,1.2
2024-03-23T15:01:33Z,26.547027,-77.051708,0.25,10.6,1,7,1.2
2024-03-23T15:01:38Z,26.547042,-77.051712,0.14,141.3,1,7,1.2
2024-03-23T15:01:43Z,26.547045,-77.051712,0.40,159.6,1,7,1.2
2024-03-23T15:01:53Z,26.547083,-77.051712,0.30,14.6,1,7,1.2
2024-03-23T15:01:58Z,26.547078,-77.051708,0.10,53.2,1,7,1.2
2024-03-23T15:02:03Z,26.547083,-77.051705,0.17,137.7,1,7,1.2
2024-03-23T15:02:08Z,26.547085,-77.051703,0.84,359.2,1,7,1.2
2024-03-23T15:02:13Z,26.547080,-77.051702,0.12,118.9,1,7,1.2
2024-03-23T15:02:18Z,26.547073,-77.051702,0.23,8.3,1,7,1.2
2024-03-23T15:02:23Z,26.547070,-77.051700,0.10,13.4,1,7,1.2
2024-03-23T15:02:28Z,26.547068,-77.051700,0.41,359.1,1,7,1.2
2024-03-23T15:02:33Z,26.547060,-77.051697,0.89,160.4,1,7,1.2
2024-03-23T15:02:38Z,26.547057,-77.051702,0.04,77.7,1,7,1.2
2024-03-23T15:02:48Z,26.547052,-77.051710,0.21,10.6,1,7,1.2
2024-03-23T15:02:53Z,26.547048,-77.051715,0.06,325.6,1,7,1.2
2024-03-23T15:02:58Z,26.547045,-77.051715,0.13,38.6,1,8,1.0
2024-03-23T15:03:03Z,26.547040,-77.051713,0.15,157.3,1,7,1.2
2024-03-23T15:03:13Z,26.547052,-77.051723,0.09,128.1,1,7,1.2
2024-03-23T15:03:18Z,26.547010,-77.051717,0.29,21.9,1,7,1.2
2024-03-23T15:03:23Z,26.547027,-77.051720,0.39,345.4,1,7,1.2
2024-03-23T15:03:28Z,26.547035,-77.051720,0.87,169.2,1,7,1.2
2024-03-23T15:03:38Z,26.547005,-77.051715,0.20,351.2,1,7,1.2
2024-03-23T15:03:43Z,26.547040,-77.051718,0.31,0.0,1,7,1.2
2024-03-23T15:03:48Z,26.547023,-77.051718,0.27,146.6,1,7,1.2
2024-03-23T15:03:53Z,26.547033,-77.051720,0.17,5.8,1,7,1.2
2024-03-23T15:04:03Z,26.547087,-77.051730,0.23,179.3,1,7,1.2
2024-03-23T15:04:08Z,26.547085,-77.051730,0.35,7.5,1,7,1.2
2024-03-23T15:04:13Z,26.547122,-77.051735,0.16,87.4,1,7,1.2
2024-03-23T15:04:18Z,26.547135,-77.051738,0.32,179.3,1,7,1.2
2024-03-23T15:04:23Z,26.547108,-77.051735,0.13,115.5,1,7,1.2
2024-03-23T15:04:28Z,26.547118,-77.051737,0.15,352.5,1,7,1.2
2024-03-23T15:04:33Z,26.547080,-77.051725,0.60,167.1,1,7,1.2
2024-03-23T15:04:38Z,26.547063,-77.051718,0.18,7.3,1,8,1.0
2024-03-23T15:04:43Z,26.547067,-77.051712,0.37,12.0,1,8,1.0
2024-03-23T15:04:48Z,26.547062,-77.051707,0.77,169.7,1,8,1.0
2024-03-23T15:04:58Z,26.547038,-77.051690,0.24,15.5,1,8,1.0
2024-03-23T15:05:03Z,26.547042,-77.051688,1.07,358.7,1,8,1.0
2024-03-23T15:05:08Z,26.547038,-77.051692,0.02,212.9,1,7,1.2
2024-03-23T15:05:13Z,26.547040,-77.051698,0.72,353.2,1,7,1.2
2024-03-23T15:05:18Z,26.547050,-77.051702,0.38,6.2,1,7,1.2
2024-03-23T15:05:23Z,26.547065,-77.051708,0.36,346.6,1,7,1.2
2024-03-23T15:05:28Z,26.547043,-77.051708,0.16,198.5,1,7,1.2
2024-03-23T15:05:33Z,26.547007,-77.051700,0.21,129.1,1,7,1.2
2024-03-23T15:05:38Z,26.547022,-77.051702,0.76,354.5,1,7,1.2
2024-03-23T15:05:43Z,26.546985,-77.051700,0.09,79.5,1,7,1.2
2024-03-23T15:05:53Z,26.547002,-77.051712,0.37,183.1,1,7,1.2
2024-03-23T15:05:58Z,26.546988,-77.051710,0.17,320.3,1,7,1.2
2024-03-23T15:06:03Z,26.546983,-77.051712,0.73,172.3,1,7,1.2
2024-03-23T15:06:08Z,26.546963,-77.051707,0.29,138.6,1,7,1.2
2024-03-23T15:06:13Z,26.546997,-77.051708,1.20,355.2,1,6,1.3
2024-03-23T15:06:18Z,26.547025,-77.051713,0.86,356.8,1,6,1.3
2024-03-23T15:06:23Z,26.547010,-77.051707,0.29,54.8,1,6,1.3
2024-03-23T15:06:28Z,26.546995,-77.051693,0.76,356.6,1,7,1.2
2024-03-23T15:06:33Z,26.547023,-77.051697,0.35,166.2,1,7,1.2
2024-03-23T15:06:38Z,26.547047,-77.051702,0.36,174.3,1,7,1.2
2024-03-23T15:06:43Z,26.547015,-77.051695,0.41,358.0,1,6,1.3
2024-03-23T15:06:48Z,26.547048,-77.051692,0.12,112.0,1,6,1.3
2024-03-23T15:06:53Z,26.547082,-77.051695,0.16,7.0,1,7,1.2
2024-03-23T15:06:58Z,26.547083,-77.051693,0.60,353.2,1,7,1.2
2024-03-23T15:07:03Z,26.547112,-77.051693,0.78,20.6,1,7,1.2
2024-03-23T15:07:13Z,26.547180,-77.051715,0.48,162.2,1,7,1.2
2024-03-23T15:07:18Z,26.547132,-77.051717,0.78,191.1,1,6,1.3
2024-03-23T15:07:23Z,26.547163,-77.051723,0.89,352.7,1,6,1.3
2024-03-23T15:07:28Z,26.547185,-77.051718,0.55,172.0,1,6,1.3
2024-03-23T15:07:38Z,26.547112,-77.051720,0.47,191.9,1,6,1.3
2024-03-23T15:07:43Z,26.547082,-77.051718,1.11,170.1,1,6,1.3
2024-03-23T15:07:48Z,26.547023,-77.051708,0.81,182.0,1,7,1.3
2024-03-23T15:07:53Z,26.547038,-77.051715,0.74,177.9,1,7,1.3
2024-03-23T15:07:58Z,26.547037,-77.051722,0.16,208.5,1,7,1.3
2024-03-23T15:08:03Z,26.547025,-77.051723,0.56,357.2,1,7,1.3
2024-03-23T15:08:08Z,26.547013,-77.051727,0.72,166.7,1,7,1.3
2024-03-23T15:08:13Z,26.546978,-77.051733,1.33,173.3,1,7,1.3
2024-03-23T15:08:18Z,26.546968,-77.051740,0.39,312.0,1,7,1.3
2024-03-23T15:08:23Z,26.546985,-77.051747,0.36,219.1,1,7,1.3
2024-03-23T15:08:33Z,26.546987,-77.051737,0.63,5.2,1,8,1.0
2024-03-23T15:08:38Z,26.547038,-77.051733,0.47,5.7,1,7,1.3
2024-03-23T15:08:43Z,26.547055,-77.051717,0.70,19.9,1,7,1.3
2024-03-23T15:08:48Z,26.547025,-77.051718,0.49,220.3,1,7,1.3
2024-03-23T15:08:58Z,26.547030,-77.051723,0.22,246.2,1,7,1.3
2024-03-23T15:09:03Z,26.547035,-77.051725,0.18,204.5,1,7,1.3
2024-03-23T15:09:08Z,26.547047,-77.051730,0.82,19.0,1,7,1.3
2024-03-23T15:09:13Z,26.547060,-77.051725,1.13,22.4,1,7,1.3
2024-03-23T15:09:23Z,26.547065,-77.051702,0.29,17.0,1,7,1.3
2024-03-23T15:09:28Z,26.547047,-77.051703,0.47,174.9,1,7,1.3
2024-03-23T15:09:33Z,26.547032,-77.051702,0.11,101.3,1,7,1.3
2024-03-23T15:09:38Z,26.547028,-77.051700,0.43,161.3,1,7,1.3
2024-03-23T15:09:43Z,26.547023,-77.051698,0.35,162.6,1,7,1.3
2024-03-23T15:09:48Z,26.547015,-77.051700,0.40,168.6,1,7,1.3
2024-03-23T15:09:53Z,26.547017,-77.051698,0.09,107.3,1,7,1.3
2024-03-23T15:09:58Z,26.547008,-77.051698,0.07,136.8,1,7,1.3
2024-03-23T15:10:03Z,26.547008,-77.051698,0.07,55.7,1,8,1.0
2024-03-23T15:10:08Z,26.547003,-77.051700,0.14,18.8,1,7,1.3
2024-03-23T15:10:18Z,26.547007,-77.051700,0.30,11.3,1,7,1.3
2024-03-23T15:10:23Z,26.547008,-77.051698,0.20,22.3,1,7,1.3
2024-03-23T15:10:28Z,26.547012,-77.051698,0.53,6.9,1,7,1.3
2024-03-23T15:10:33Z,26.547018,-77.051698,0.27,20.7,1,7,1.3
2024-03-23T15:10:38Z,26.547018,-77.051700,0.52,6.6,1,7,1.3
2024-03-23T15:10:48Z,26.547033,-77.051695,0.38,15.2,1,7,1.3
2024-03-23T15:10:53Z,26.547043,-77.051692,0.09,61.0,1,7,1.3
2024-03-23T15:10:58Z,26.547040,-77.051693,0.15,135.0,1,7,1.3
2024-03-23T15:11:03Z,26.547017,-77.051702,0.04,137.8,1,7,1.3
2024-03-23T15:11:08Z,26.547017,-77.051702,0.32,12.2,1,7,1.3
2024-03-23T15:11:18Z,26.547020,-77.051698,0.10,109.2,1,7,1.3
2024-03-23T15:11:23Z,26.547023,-77.051697,0.10,62.1,1,7,1.3
2024-03-23T15:11:28Z,26.547035,-77.051693,0.31,165.4,1,8,1.0
2024-03-23T15:11:33Z,26.547028,-77.051697,0.19,4.6,1,8,1.0
2024-03-23T15:11:38Z,26.547017,-77.051702,0.24,350.9,1,8,1.0
2024-03-23T15:11:48Z,26.547032,-77.051695,0.39,14.6,1,7,1.3
2024-03-23T15:11:53Z,26.547047,-77.051690,0.41,163.9,1,7,1.3
2024-03-23T15:11:58Z,26.547047,-77.051685,0.68,182.7,1,8,1.0
2024-03-23T15:12:03Z,26.547052,-77.051682,0.59,16.1,1,8,1.0
2024-03-23T15:12:08Z,26.547055,-77.051682,0.37,168.9,1,8,1.0
2024-03-23T15:12:18Z,26.547043,-77.051688,0.17,101.2,1,8,1.0
2024-03-23T15:12:23Z,26.547050,-77.051697,0.07,144.0,1,8,1.0
2024-03-23T15:12:28Z,26.547003,-77.051697,1.10,192.4,1,8,1.0
2024-03-23T15:12:33Z,26.546983,-77.051695,0.97,15.3,1,8,1.0
2024-03-23T15:12:38Z,26.546990,-77.051693,0.68,195.9,1,8,1.0
2024-03-23T15:12:48Z,26.547008,-77.051693,0.40,342.6,1,7,1.3
2024-03-23T15:12:53Z,26.547062,-77.051695,0.43,25.0,1,8,1.0
2024-03-23T15:12:58Z,26.547012,-77.051693,0.87,19.9,1,8,1.0
2024-03-23T15:13:03Z,26.547025,-77.051692,0.60,0.1,1,8,1.0
2024-03-23T15:13:08Z,26.547033,-77.051693,0.51,212.1,1,8,1.0
2024-03-23T15:13:13Z,26.547032,-77.051693,0.09,183.9,1,8,1.0
2024-03-23T15:13:18Z,26.547005,-77.051700,0.13,251.9,1,8,1.0
2024-03-23T15:13:23Z,26.547010,-77.051695,0.47,187.3,1,8,1.0
2024-03-23T15:13:28Z,26.547030,-77.051697,0.30,140.1,1,8,1.0
2024-03-23T15:13:33Z,26.547007,-77.051695,0.48,13.5,1,8,1.0
2024-03-23T15:13:38Z,26.547002,-77.051697,0.30,29.9,1,8,1.0
2024-03-23T15:13:48Z,26.547020,-77.051698,0.45,8.3,1,8,1.0
2024-03-23T15:13:53Z,26.546995,-77.051705,0.44,179.1,1,8,1.0
2024-03-23T15:13:58Z,26.547022,-77.051705,0.43,34.4,1,8,1.0
2024-03-23T15:14:03Z,26.547025,-77.051703,0.28,52.6,1,8,1.0
2024-03-23T15:14:08Z,26.547045,-77.051703,0.15,44.8,1,8,1.0
2024-03-23T15:14:13Z,26.547052,-77.051708,0.11,68.9,1,8,1.0
2024-03-23T15:14:18Z,26.547053,-77.051702,0.63,35.1,1,8,1.0
2024-03-23T15:14:23Z,26.547112,-77.051700,0.15,356.7,1,8,1.0
2024-03-23T15:14:28Z,26.547087,-77.051702,0.14,185.4,1,8,1.0
2024-03-23T15:14:33Z,26.547108,-77.051705,0.13,187.6,1,8,1.1
2024-03-23T15:14:38Z,26.547090,-77.051705,0.40,158.3,1,8,1.1
2024-03-23T15:14:43Z,26.547052,-77.051707,1.25,5.2,1,8,1.1
2024-03-23T15:14:48Z,26.547078,-77.051707,0.82,25.7,1,8,1.1
2024-03-23T15:14:53Z,26.547083,-77.051712,0.15,108.6,1,8,1.1
2024-03-23T15:14:58Z,26.547050,-77.051718,0.23,107.4,1,8,1.1
2024-03-23T15:15:03Z,26.547038,-77.051718,0.30,159.2,1,8,1.1
2024-03-23T15:15:08Z,26.547025,-77.051722,0.37,19.8,1,8,1.1
2024-03-23T15:15:18Z,26.547055,-77.051718,0.10,130.9,1,7,1.3
2024-03-23T15:15:23Z,26.547053,-77.051708,0.15,24.6,1,7,1.3
2024-03-23T15:15:28Z,26.547057,-77.051707,0.53,4.8,1,7,1.3
2024-03-23T15:15:33Z,26.547060,-77.051705,0.24,45.1,1,7,1.3
2024-03-23T15:15:38Z,26.547062,-77.051708,0.61,15.4,1,8,1.1
2024-03-23T15:15:48Z,26.547060,-77.051722,0.14,328.8,1,8,1.1
2024-03-23T15:15:53Z,26.547057,-77.051728,0.23,173.6,1,7,1.3
2024-03-23T15:15:58Z,26.547070,-77.051730,0.55,14.2,1,8,1.1
2024-03-23T15:16:03Z,26.547092,-77.051728,0.74,9.1,1,8,1.1
2024-03-23T15:16:08Z,26.547115,-77.051728,0.87,7.6,1,8,1.1
2024-03-23T15:16:18Z,26.547117,-77.051742,0.85,184.5,1,8,1.1
2024-03-23T15:16:23Z,26.547120,-77.051742,0.09,30.4,1,7,1.3
2024-03-23T15:16:28Z,26.547125,-77.051740,0.46,180.1,1,8,1.1
2024-03-23T15:16:33Z,26.547132,-77.051738,0.18,15.5,1,7,1.3
2024-03-23T15:16:38Z,26.547135,-77.051737,0.05,101.5,1,7,1.3
2024-03-23T15:16:43Z,26.547137,-77.051737,0.19,29.8,1,7,1.3
2024-03-23T15:16:48Z,26.547140,-77.051733,0.15,158.9,1,8,1.1
2024-03-23T15:16:53Z,26.547142,-77.051732,0.09,33.4,1,7,1.4
2024-03-23T15:16:58Z,26.547137,-77.051732,0.31,173.0,1,8,1.1
2024-03-23T15:17:03Z,26.547127,-77.051733,0.66,174.7,1,7,1.4
2024-03-23T15:17:08Z,26.547107,-77.051738,0.14,32.4,1,7,1.4
2024-03-23T15:17:18Z,26.547123,-77.051730,0.17,149.0,1,7,1.4
2024-03-23T15:17:23Z,26.547117,-77.051732,0.43,160.2,1,8,1.1
2024-03-23T15:17:28Z,26.547123,-77.051727,0.02,52.4,1,8,1.1
2024-03-23T15:17:33Z,26.547127,-77.051725,0.14,159.2,1,8,1.1
2024-03-23T15:17:38Z,26.547080,-77.051722,0.32,177.2,1,8,1.1
2024-03-23T15:17:48Z,26.547032,-77.051717,0.75,179.4,1,8,1.1
2024-03-23T15:17:53Z,26.547000,-77.051715,0.71,173.4,1,8,1.1
2024-03-23T15:17:58Z,26.547015,-77.051722,0.05,328.4,1,8,1.1
2024-03-23T15:18:03Z,26.547020,-77.051720,0.66,177.4,1,8,1.1
2024-03-23T15:18:08Z,26.547030,-77.051713,0.29,44.9,1,7,1.1
2024-03-23T15:18:13Z,26.547045,-77.051707,0.59,10.2,1,8,1.1
2024-03-23T15:18:23Z,26.547088,-77.051712,0.56,1.3,1,7,1.1
2024-03-23T15:18:28Z,26.547087,-77.051713,0.15,172.2,1,6,1.4
2024-03-23T15:18:33Z,26.547090,-77.051710,0.37,58.9,1,6,1.4
2024-03-23T15:18:38Z,26.547083,-77.051710,0.53,176.2,1,6,1.4
2024-03-23T15:18:43Z,26.547078,-77.051705,0.53,116.2,1,8,1.1
2024-03-23T15:18:48Z,26.547065,-77.051707,0.28,7.8,1,8,1.1
2024-03-23T15:18:53Z,26.547070,-77.051707,0.48,179.6,1,7,1.1
2024-03-23T15:18:58Z,26.547050,-77.051705,0.46,31.5,1,7,1.1
2024-03-23T15:19:03Z,26.547043,-77.051705,0.32,135.0,1,7,1.1
2024-03-23T15:19:08Z,26.547067,-77.051703,0.29,35.1,1,7,1.1
2024-03-23T15:19:18Z,26.547088,-77.051705,0.38,186.8,1,7,1.4
2024-03-23T15:19:23Z,26.547050,-77.051700,0.48,170.3,1,7,1.4
2024-03-23T15:19:28Z,26.547053,-77.051698,0.12,114.9,1,7,1.4
2024-03-23T15:19:33Z,26.547033,-77.051697,0.35,161.1,1,7,1.4
2024-03-23T15:19:38Z,26.547060,-77.051697,0.21,23.0,1,7,1.4
2024-03-23T15:19:48Z,26.547045,-77.051690,0.14,122.3,1,6,2.5
2024-03-23T15:19:53Z,26.547033,-77.051690,1.39,174.6,1,7,1.2
2024-03-23T15:19:58Z,26.547025,-77.051688,0.88,171.6,1,8,1.1
2024-03-23T15:20:03Z,26.547028,-77.051692,0.87,4.5,1,8,0.9
2024-03-23T15:20:08Z,26.547053,-77.051690,0.10,48.9,1,7,1.4
2024-03-23T15:20:18Z,26.547072,-77.051690,0.65,5.2,1,7,1.4
2024-03-23T15:20:23Z,26.547068,-77.051692,0.15,142.3,1,7,1.4
2024-03-23T15:20:28Z,26.547038,-77.051695,1.28,174.1,1,7,1.4
2024-03-23T15:20:33Z,26.547037,-77.051697,0.37,8.8,1,7,1.4
2024-03-23T15:20:38Z,26.547038,-77.051695,0.63,167.7,1,7,1.4
2024-03-23T15:20:48Z,26.547047,-77.051693,0.47,1.4,1,7,1.4
2024-03-23T15:20:53Z,26.547045,-77.051692,0.18,145.5,1,7,1.4
2024-03-23T15:20:58Z,26.547048,-77.051692,0.36,166.3,1,8,1.1
2024-03-23T15:21:03Z,26.547033,-77.051693,0.29,12.2,1,8,1.1
2024-03-23T15:21:08Z,26.547058,-77.051695,0.37,12.0,1,8,1.1
2024-03-23T15:21:18Z,26.547048,-77.051693,0.44,7.2,1,8,1.1
2024-03-23T15:21:23Z,26.547052,-77.051697,0.49,167.1,1,8,1.1
2024-03-23T15:21:28Z,26.547050,-77.051695,0.11,39.1,1,8,1.1
2024-03-23T15:21:33Z,26.547048,-77.051693,0.52,171.6,1,8,1.1
2024-03-23T15:21:38Z,26.547040,-77.051692,0.32,166.4,1,7,1.4
2024-03-23T15:21:48Z,26.547065,-77.051690,0.45,4.1,1,8,1.1
2024-03-23T15:21:53Z,26.547073,-77.051687,0.26,12.6,1,8,1.1
2024-03-23T15:21:58Z,26.547070,-77.051683,0.21,161.7,1,7,1.4
2024-03-23T15:22:03Z,26.547072,-77.051683,0.30,9.2,1,8,1.1
2024-03-23T15:22:08Z,26.547072,-77.051687,0.11,157.0,1,8,1.1
2024-03-23T15:22:18Z,26.547067,-77.051692,0.52,169.4,1,8,1.1
2024-03-23T15:22:23Z,26.547057,-77.051692,0.31,19.2,1,8,1.1
2024-03-23T15:22:28Z,26.547058,-77.051688,0.06,0.8,1,8,1.1
2024-03-23T15:22:33Z,26.547060,-77.051690,0.18,43.8,1,8,1.1
2024-03-23T15:22:38Z,26.547057,-77.051688,0.49,168.6,1,7,1.4
2024-03-23T15:22:43Z,26.547068,-77.051688,1.19,3.3,1,7,1.4
2024-03-23T15:22:53Z,26.547072,-77.051692,0.11,75.8,1,7,1.4
2024-03-23T15:22:58Z,26.547062,-77.051697,0.31,37.5,1,7,1.4
2024-03-23T15:23:03Z,26.547047,-77.051700,0.51,14.5,1,8,1.1
2024-03-23T15:23:08Z,26.547045,-77.051702,0.73,5.7,1,8,1.1
2024-03-23T15:23:13Z,26.547050,-77.051700,0.08,178.9,1,8,1.1
2024-03-23T15:23:23Z,26.547075,-77.051695,0.49,9.3,1,8,1.1
2024-03-23T15:23:28Z,26.547058,-77.051702,0.21,6.2,1,8,1.1
2024-03-23T15:23:33Z,26.547075,-77.051697,0.25,16.3,1,8,1.1
2024-03-23T15:23:38Z,26.547093,-77.051700,0.62,185.7,1,8,1.1
2024-03-23T15:23:43Z,26.547075,-77.051703,0.49,354.1,1,8,1.1
2024-03-23T15:23:53Z,26.547107,-77.051707,0.38,167.3,1,7,1.4
2024-03-23T15:23:58Z,26.547115,-77.051708,0.15,57.4,1,7,1.4
2024-03-23T15:24:03Z,26.547133,-77.051713,0.12,252.7,1,7,1.4
2024-03-23T15:24:08Z,26.547123,-77.051713,0.35,159.7,1,7,1.4
2024-03-23T15:24:13Z,26.547060,-77.051707,0.27,150.4,1,7,1.4
2024-03-23T15:24:23Z,26.547033,-77.051703,0.48,7.7,1,8,1.1
2024-03-23T15:24:28Z,26.547035,-77.051707,0.24,43.8,1,8,1.1
2024-03-23T15:24:33Z,26.547022,-77.051708,0.18,154.0,1,7,1.4
2024-03-23T15:24:38Z,26.547025,-77.051705,0.65,5.9,1,8,1.1
2024-03-23T15:24:43Z,26.547042,-77.051705,0.17,10.6,1,8,1.1
2024-03-23T15:24:53Z,26.547087,-77.051707,0.12,19.0,1,7,1.5
2024-03-23T15:24:58Z,26.547055,-77.051703,0.43,173.6,1,8,1.1
2024-03-23T15:25:03Z,26.547033,-77.051703,0.32,164.0,1,8,1.1
2024-03-23T15:25:08Z,26.547017,-77.051703,0.52,175.9,1,9,0.8
2024-03-23T15:25:13Z,26.546977,-77.051702,0.30,164.0,1,8,0.9
2024-03-23T15:25:18Z,26.546988,-77.051710,0.10,232.5,1,9,0.8
2024-03-23T15:25:23Z,26.546990,-77.051712,0.30,8.2,1,8,1.2
2024-03-23T15:25:28Z,26.547017,-77.051710,0.34,20.1,1,8,1.2
2024-03-23T15:25:33Z,26.547052,-77.051708,0.06,137.3,1,8,1.2
2024-03-23T15:25:38Z,26.547060,-77.051708,0.44,178.1,1,8,1.2
2024-03-23T15:25:43Z,26.547070,-77.051708,0.41,10.0,1,8,1.2
2024-03-23T15:25:53Z,26.547077,-77.051708,0.16,49.1,1,7,1.5
2024-03-23T15:25:58Z,26.547083,-77.051708,0.06,72.8,1,7,1.5
2024-03-23T15:26:03Z,26.547090,-77.051703,0.21,50.4,1,7,1.5
2024-03-23T15:26:08Z,26.547087,-77.051698,0.32,168.6,1,8,1.2
2024-03-23T15:26:13Z,26.547080,-77.051698,0.45,170.9,1,8,1.2
2024-03-23T15:26:18Z,26.547070,-77.051697,0.55,16.6,1,8,1.2
2024-03-23T15:26:23Z,26.547060,-77.051695,0.29,158.3,1,8,1.2
2024-03-23T15:26:28Z,26.547033,-77.051693,0.14,46.9,1,8,1.2
2024-03-23T15:26:33Z,26.547050,-77.051695,0.44,17.9,1,8,1.2
2024-03-23T15:26:38Z,26.547040,-77.051693,0.64,173.8,1,8,1.2
2024-03-23T15:26:43Z,26.547020,-77.051693,0.12,137.6,1,7,1.5
2024-03-23T15:26:53Z,26.547038,-77.051695,0.04,147.9,1,8,1.2
2024-03-23T15:26:58Z,26.547038,-77.051693,0.10,112.3,1,8,1.2
2024-03-23T15:27:03Z,26.547038,-77.051695,0.19,16.4,1,8,1.2
2024-03-23T15:27:08Z,26.547048,-77.051690,0.12,22.1,1,7,1.5
2024-03-23T15:27:13Z,26.547060,-77.051688,0.52,3.2,1,7,1.5
2024-03-23T15:27:23Z,26.547042,-77.051693,0.11,139.5,1,7,1.5
2024-03-23T15:27:28Z,26.547030,-77.051693,0.15,132.5,1,7,1.5
2024-03-23T15:27:33Z,26.547027,-77.051695,0.09,79.8,1,7,1.5
2024-03-23T15:27:38Z,26.547027,-77.051695,0.11,45.5,1,7,1.5
2024-03-23T15:27:43Z,26.547028,-77.051695,0.07,80.2,1,7,1.5
2024-03-23T15:27:53Z,26.547040,-77.051692,0.07,65.5,1,7,1.5
2024-03-23T15:27:58Z,26.547028,-77.051695,0.08,121.0,1,7,1.5
2024-03-23T15:28:03Z,26.547015,-77.051697,0.10,73.8,1,7,1.5
2024-03-23T15:28:08Z,26.547007,-77.051697,0.31,171.0,1,8,1.2
2024-03-23T15:28:13Z,26.547002,-77.051697,0.40,168.6,1,8,1.2
2024-03-23T15:28:18Z,26.546998,-77.051697,0.58,170.4,1,8,1.2
2024-03-23T15:28:23Z,26.546987,-77.051698,0.43,168.9,1,8,1.2
2024-03-23T15:28:28Z,26.546988,-77.051698,0.19,22.9,1,8,1.2
2024-03-23T15:28:33Z,26.546997,-77.051698,0.14,130.1,1,8,1.2
2024-03-23T15:28:38Z,26.546993,-77.051700,0.10,40.4,1,8,1.2
2024-03-23T15:28:43Z,26.546990,-77.051698,0.56,172.3,1,8,1.2
2024-03-23T15:28:53Z,26.546997,-77.051695,0.33,171.0,1,8,1.2
2024-03-23T15:28:58Z,26.546983,-77.051697,0.14,155.8,1,8,1.2
2024-03-23T15:29:03Z,26.546977,-77.051700,0.10,127.2,1,7,1.5
2024-03-23T15:29:08Z,26.546970,-77.051702,0.13,23.5,1,7,1.5
2024-03-23T15:29:13Z,26.546967,-77.051702,0.11,137.0,1,7,1.5
2024-03-23T15:29:23Z,26.546960,-77.051700,0.09,80.6,1,7,1.5
2024-03-23T15:29:28Z,26.546962,-77.051698,0.08,73.1,1,7,1.5
2024-03-23T15:29:33Z,26.546962,-77.051698,0.70,171.0,1,8,1.2
2024-03-23T15:29:38Z,26.546947,-77.051698,0.50,171.5,1,8,1.2
2024-03-23T15:29:43Z,26.546950,-77.051697,0.32,19.2,1,8,1.2
2024-03-23T15:29:48Z,26.546962,-77.051697,0.32,166.0,1,8,1.2
2024-03-23T15:29:53Z,26.546968,-77.051697,0.67,0.5,1,8,1.2
2024-03-23T15:29:58Z,26.546967,-77.051695,0.69,174.6,1,8,1.2
2024-03-23T15:30:03Z,26.546962,-77.051693,1.01,173.9,1,8,1.2
2024-03-23T15:30:08Z,26.546953,-77.051690,0.60,168.5,1,8,1.2
2024-03-23T15:30:13Z,26.546970,-77.051690,1.12,3.9,1,8,1.2
2024-03-23T15:30:18Z,26.546975,-77.051692,0.51,171.2,1,8,1.2
2024-03-23T15:30:23Z,26.546967,-77.051693,0.10,54.8,1,8,1.2
2024-03-23T15:30:28Z,26.546975,-77.051697,0.47,9.8,1,8,1.2
2024-03-23T15:30:33Z,26.546962,-77.051698,0.37,170.4,1,8,1.2
2024-03-23T15:30:38Z,26.546963,-77.051698,0.27,76.0,1,8,1.2
2024-03-23T15:30:43Z,26.546963,-77.051697,0.25,160.4,1,8,1.2
2024-03-23T15:30:53Z,26.546967,-77.051702,0.17,23.0,1,8,1.2
2024-03-23T15:30:58Z,26.546960,-77.051703,0.39,171.6,1,8,1.2
2024-03-23T15:31:03Z,26.546968,-77.051700,0.62,29.5,1,8,1.2
2024-03-23T15:31:08Z,26.546967,-77.051698,0.45,165.3,1,8,1.2
2024-03-23T15:31:13Z,26.546967,-77.051697,0.42,13.2,1,8,1.2
2024-03-23T15:31:18Z,26.546973,-77.051695,0.30,160.6,1,8,1.2
2024-03-23T15:31:28Z,26.546982,-77.051690,0.22,149.2,1,8,1.2
2024-03-23T15:31:33Z,26.546985,-77.051688,0.83,5.6,1,8,1.2
2024-03-23T15:31:38Z,26.546987,-77.051690,0.31,7.2,1,8,1.2
2024-03-23T15:31:43Z,26.546992,-77.051688,0.53,174.3,1,8,1.2
2024-03-23T15:31:48Z,26.546995,-77.051687,0.26,157.9,1,8,1.2
2024-03-23T15:31:58Z,26.546995,-77.051692,0.64,176.9,1,8,1.2
2024-03-23T15:32:03Z,26.546990,-77.051697,0.28,10.4,1,8,1.2
2024-03-23T15:32:08Z,26.546997,-77.051698,0.29,20.1,1,8,1.2
2024-03-23T15:32:13Z,26.547002,-77.051697,0.29,164.4,1,8,1.2
2024-03-23T15:32:18Z,26.547003,-77.051698,0.33,22.0,1,8,1.2
2024-03-23T15:32:28Z,26.547017,-77.051687,0.20,25.4,1,8,1.2
2024-03-23T15:32:33Z,26.547022,-77.051683,0.57,9.5,1,8,1.2
2024-03-23T15:32:38Z,26.547027,-77.051680,0.34,11.6,1,8,1.2
2024-03-23T15:32:43Z,26.547027,-77.051678,0.55,172.8,1,8,1.2
2024-03-23T15:32:48Z,26.547030,-77.051678,0.33,15.2,1,8,1.2
2024-03-23T15:32:53Z,26.547035,-77.051678,0.09,35.5,1,8,1.2
2024-03-23T15:33:03Z,26.547037,-77.051678,0.22,161.9,1,8,1.2
2024-03-23T15:33:08Z,26.547043,-77.051680,0.21,12.0,1,8,1.2
2024-03-23T15:33:13Z,26.547040,-77.051682,0.29,165.7,1,8,1.2
2024-03-23T15:33:18Z,26.547045,-77.051683,0.11,130.1,1,8,1.2
2024-03-23T15:33:23Z,26.547040,-77.051687,0.38,13.8,1,8,1.2
2024-03-23T15:33:33Z,26.547047,-77.051690,0.39,10.0,1,8,1.3
2024-03-23T15:33:38Z,26.547052,-77.051692,0.42,9.0,1,8,1.3
2024-03-23T15:33:43Z,26.547052,-77.051693,0.11,34.1,1,8,1.3
2024-03-23T15:33:48Z,26.547052,-77.051695,0.14,151.0,1,8,1.3
2024-03-23T15:33:53Z,26.547055,-77.051695,0.09,128.9,1,8,1.3
2024-03-23T15:34:03Z,26.547057,-77.051697,0.50,8.1,1,8,1.3
2024-03-23T15:34:08Z,26.547060,-77.051697,0.35,14.7,1,8,1.3
2024-03-23T15:34:13Z,26.547060,-77.051697,0.07,55.2,1,8,1.3
2024-03-23T15:34:18Z,26.547075,-77.051697,0.50,9.9,1,8,1.3
2024-03-23T15:34:23Z,26.547087,-77.051698,0.33,16.2,1,8,1.3
2024-03-23T15:34:28Z,26.547088,-77.051698,0.11,36.6,1,8,1.3
2024-03-23T15:34:33Z,26.547102,-77.051698,0.28,13.4,1,8,1.3
2024-03-23T15:34:38Z,26.547092,-77.051693,0.27,155.8,1,8,1.3
2024-03-23T15:34:43Z,26.547073,-77.051693,0.33,155.9,1,8,1.3
2024-03-23T15:34:48Z,26.547063,-77.051693,0.27,24.8,1,8,1.3
2024-03-23T15:34:53Z,26.547033,-77.051688,0.11,90.5,1,8,1.3
2024-03-23T15:34:58Z,26.547002,-77.051687,0.13,169.6,1,8,1.3
2024-03-23T15:35:03Z,26.546995,-77.051687,0.22,23.9,1,8,1.3
2024-03-23T15:35:08Z,26.546997,-77.051688,0.21,17.4,1,7,1.3
2024-03-23T15:35:13Z,26.546998,-77.051685,0.17,33.5,1,7,1.3
2024-03-23T15:35:18Z,26.546997,-77.051682,0.46,161.7,1,7,1.3
2024-03-23T15:35:23Z,26.547000,-77.051683,0.11,121.8,1,7,1.3
2024-03-23T15:35:33Z,26.547023,-77.051690,0.64,5.3,1,7,1.3
2024-03-23T15:35:38Z,26.547027,-77.051692,0.36,6.6,1,7,1.3
2024-03-23T15:35:43Z,26.547025,-77.051693,0.21,356.7,1,7,1.3
2024-03-23T15:35:48Z,26.547030,-77.051697,0.40,352.4,1,8,1.2
2024-03-23T15:35:53Z,26.547032,-77.051698,0.21,146.6,1,8,1.2
2024-03-23T15:36:03Z,26.547027,-77.051698,0.08,119.3,1,8,1.2
2024-03-23T15:36:08Z,26.547035,-77.051700,0.14,23.3,1,8,1.2
2024-03-23T15:36:13Z,26.547048,-77.051702,0.21,149.5,1,8,1.2
2024-03-23T15:36:18Z,26.547047,-77.051702,0.48,165.8,1,8,1.2
2024-03-23T15:36:23Z,26.547038,-77.051698,0.29,138.0,1,8,1.2
2024-03-23T15:36:28Z,26.547008,-77.051693,0.06,79.7,1,8,1.2
2024-03-23T15:36:38Z,26.546987,-77.051690,0.25,138.4,1,8,1.2
2024-03-23T15:36:43Z,26.546987,-77.051678,0.19,36.2,1,8,1.2
2024-03-23T15:36:48Z,26.547002,-77.051675,0.44,5.1,1,8,1.2
2024-03-23T15:36:53Z,26.547008,-77.051675,0.34,11.9,1,8,1.2
2024-03-23T15:36:58Z,26.547017,-77.051670,0.14,85.0,1,8,1.2
2024-03-23T15:37:08Z,26.547028,-77.051665,0.28,151.7,1,8,1.2
2024-03-23T15:37:13Z,26.547010,-77.051662,0.15,21.1,1,8,1.2
2024-03-23T15:37:18Z,26.546993,-77.051665,0.20,4.9,1,8,1.2
2024-03-23T15:37:23Z,26.546958,-77.051658,0.99,162.7,1,8,1.2
2024-03-23T15:37:28Z,26.546937,-77.051658,0.66,168.8,1,8,1.2
2024-03-23T15:37:38Z,26.546972,-77.051677,0.80,349.4,1,8,1.2
2024-03-23T15:37:43Z,26.546998,-77.051685,0.17,134.1,1,8,1.2
2024-03-23T15:37:48Z,26.547010,-77.051690,0.15,137.6,1,8,1.2
2024-03-23T15:37:53Z,26.547032,-77.051698,0.61,344.0,1,8,1.2
2024-03-23T15:37:58Z,26.547048,-77.051702,0.07,29.6,1,8,1.2
2024-03-23T15:38:03Z,26.547057,-77.051703,0.88,358.8,1,8,1.2
2024-03-23T15:38:13Z,26.547030,-77.051695,0.61,169.9,1,7,1.6
2024-03-23T15:38:18Z,26.546997,-77.051687,0.44,184.8,1,7,1.6
2024-03-23T15:38:23Z,26.546978,-77.051683,0.24,68.3,1,7,1.6
2024-03-23T15:38:28Z,26.546963,-77.051680,0.17,104.5,1,7,1.6
2024-03-23T15:38:33Z,26.546928,-77.051677,0.36,151.9,1,7,1.6
2024-03-23T15:38:43Z,26.546928,-77.051677,0.14,125.0,1,7,1.6
2024-03-23T15:38:48Z,26.546925,-77.051680,0.23,41.5,1,7,1.6
2024-03-23T15:38:53Z,26.546948,-77.051685,0.39,7.0,1,7,1.6
2024-03-23T15:38:58Z,26.546963,-77.051687,0.24,26.8,1,7,1.6
2024-03-23T15:39:03Z,26.546955,-77.051687,0.27,152.4,1,7,1.6
2024-03-23T15:39:13Z,26.546925,-77.051683,0.22,158.5,1,7,1.6
2024-03-23T15:39:18Z,26.546925,-77.051683,0.19,45.7,1,6,1.6
2024-03-23T15:39:23Z,26.546950,-77.051690,0.07,320.8,1,6,1.6
2024-03-23T15:39:28Z,26.546968,-77.051692,0.26,30.3,1,6,1.6
2024-03-23T15:39:33Z,26.546950,-77.051690,0.20,82.0,1,6,1.6
2024-03-23T15:39:38Z,26.546955,-77.051692,0.11,39.7,1,5,1.9
2024-03-23T15:39:43Z,26.546940,-77.051690,0.19,141.5,1,5,1.9
2024-03-23T15:39:48Z,26.546922,-77.051690,0.16,155.9,1,6,1.9
2024-03-23T15:39:53Z,26.546927,-77.051690,0.15,48.2,1,5,1.9
2024-03-23T15:39:58Z,26.546940,-77.051692,0.15,48.8,1,5,1.9
2024-03-23T15:40:08Z,26.546950,-77.051703,0.20,212.0,1,6,1.6
2024-03-23T15:40:13Z,26.546957,-77.051702,0.23,39.1,1,6,1.6
2024-03-23T15:40:18Z,26.546965,-77.051702,0.08,243.2,1,6,1.6
2024-03-23T15:40:23Z,26.546968,-77.051707,0.19,45.1,1,6,1.6
2024-03-23T15:40:28Z,26.546973,-77.051710,0.15,53.9,1,6,1.6
2024-03-23T15:40:38Z,26.546982,-77.051715,0.07,17.0,1,6,1.6
2024-03-23T15:40:43Z,26.546982,-77.051722,0.19,233.9,1,7,1.6
2024-03-23T15:40:48Z,26.546987,-77.051720,0.03,249.0,1,7,1.6
2024-03-23T15:40:53Z,26.546982,-77.051728,0.25,53.7,1,7,1.6
2024-03-23T15:40:58Z,26.546978,-77.051735,0.16,79.5,1,6,1.6
2024-03-23T15:41:03Z,26.546980,-77.051732,0.09,97.2,1,6,1.6
2024-03-23T15:41:08Z,26.546985,-77.051727,0.08,59.3,1,6,1.6
2024-03-23T15:41:13Z,26.546985,-77.051727,0.10,128.3,1,7,1.6
2024-03-23T15:41:18Z,26.546973,-77.051722,0.15,64.4,1,7,1.6
2024-03-23T15:41:23Z,26.546968,-77.051720,0.12,64.1,1,7,1.6
2024-03-23T15:41:33Z,26.546987,-77.051722,0.09,80.7,1,6,1.7
2024-03-23T15:41:38Z,26.546992,-77.051720,0.08,87.5,1,6,1.7
2024-03-23T15:41:43Z,26.546993,-77.051718,0.24,59.2,1,6,1.7
2024-03-23T15:41:48Z,26.546995,-77.051717,0.07,100.3,1,6,1.7
2024-03-23T15:41:53Z,26.546997,-77.051717,0.48,172.2,1,7,1.3
2024-03-23T15:42:03Z,26.547000,-77.051723,0.18,152.6,1,7,1.3
2024-03-23T15:42:08Z,26.547002,-77.051728,0.26,148.6,1,7,1.3
2024-03-23T15:42:13Z,26.546997,-77.051730,0.32,32.0,1,7,1.3
2024-03-23T15:42:18Z,26.547003,-77.051732,0.48,19.8,1,7,1.3
2024-03-23T15:42:23Z,26.547005,-77.051730,0.11,358.3,1,7,1.3
2024-03-23T15:42:33Z,26.547003,-77.051727,0.19,120.4,1,7,1.3
2024-03-23T15:42:38Z,26.546992,-77.051720,0.49,153.8,1,7,1.3
2024-03-23T15:42:43Z,26.546980,-77.051717,0.30,9.9,1,7,1.3
2024-03-23T15:42:48Z,26.546983,-77.051720,0.18,102.5,1,7,1.3
2024-03-23T15:42:53Z,26.546983,-77.051722,0.18,153.1,1,7,1.3
2024-03-23T15:43:03Z,26.546970,-77.051720,0.34,6.0,1,7,1.3
2024-03-23T15:43:08Z,26.546975,-77.051722,0.18,18.7,1,7,1.3
2024-03-23T15:43:13Z,26.546973,-77.051725,0.09,111.5,1,8,1.3
2024-03-23T15:43:18Z,26.546963,-77.051725,0.24,1.1,1,8,1.3
2024-03-23T15:43:23Z,26.546962,-77.051725,0.08,126.8,1,8,1.3
2024-03-23T15:43:33Z,26.546965,-77.051727,0.02,337.9,1,8,1.3
2024-03-23T15:43:38Z,26.546968,-77.051727,0.26,171.2,1,8,1.3
2024-03-23T15:43:43Z,26.546980,-77.051730,0.16,110.6,1,8,1.3
2024-03-23T15:43:48Z,26.546990,-77.051730,0.11,87.4,1,8,1.3
2024-03-23T15:43:53Z,26.546998,-77.051733,0.03,80.8,1,8,1.3
2024-03-23T15:44:03Z,26.547000,-77.051737,0.39,1.5,1,8,1.3
2024-03-23T15:44:08Z,26.546998,-77.051735,0.37,159.8,1,8,1.3
2024-03-23T15:44:13Z,26.547000,-77.051735,0.12,6.9,1,8,1.3
2024-03-23T15:44:18Z,26.547002,-77.051732,0.11,172.7,1,8,1.3
2024-03-23T15:44:23Z,26.547003,-77.051730,0.07,44.0,1,8,1.3
2024-03-23T15:44:28Z,26.547003,-77.051728,0.23,125.8,1,8,1.3
2024-03-23T15:44:33Z,26.547007,-77.051725,0.28,141.9,1,8,1.3
2024-03-23T15:44:38Z,26.547012,-77.051720,0.41,27.7,1,8,1.3
2024-03-23T15:44:43Z,26.547008,-77.051713,0.38,9.5,1,8,1.3
2024-03-23T15:44:48Z,26.547018,-77.051713,0.20,164.3,1,8,1.3
2024-03-23T15:44:53Z,26.547020,-77.051710,0.18,11.8,1,8,1.3
2024-03-23T15:45:03Z,26.547025,-77.051710,0.31,55.8,1,8,1.3
2024-03-23T15:45:08Z,26.547030,-77.051713,0.23,21.5,1,8,1.3
2024-03-23T15:45:13Z,26.547038,-77.051717,0.36,4.1,1,8,1.3
2024-03-23T15:45:18Z,26.547037,-77.051718,0.07,131.0,1,8,1.3
2024-03-23T15:45:23Z,26.547043,-77.051718,0.27,42.4,1,8,1.3
2024-03-23T15:45:28Z,26.547047,-77.051717,0.28,5.6,1,8,1.3
2024-03-23T15:45:33Z,26.547055,-77.051712,0.98,14.8,1,8,1.3
2024-03-23T15:45:38Z,26.547060,-77.051708,0.12,84.5,1,7,1.6
2024-03-23T15:45:43Z,26.547057,-77.051707,0.12,144.8,1,7,1.6
2024-03-23T15:45:48Z,26.547052,-77.051702,0.15,63.4,1,7,1.6
2024-03-23T15:45:53Z,26.547048,-77.051697,0.44,161.8,1,7,1.6
2024-03-23T15:45:58Z,26.547047,-77.051702,0.15,124.6,1,6,1.6
2024-03-23T15:46:03Z,26.547040,-77.051700,0.38,156.5,1,7,1.6
2024-03-23T15:46:08Z,26.547040,-77.051697,0.22,142.6,1,7,1.6
2024-03-23T15:46:13Z,26.547042,-77.051695,0.27,113.7,1,8,1.3
2024-03-23T15:46:18Z,26.547043,-77.051697,0.02,355.4,1,8,1.3
2024-03-23T15:46:23Z,26.547045,-77.051690,0.26,24.1,1,8,1.3
2024-03-23T15:46:33Z,26.547043,-77.051680,0.15,19.8,1,8,1.3
2024-03-23T15:46:38Z,26.547040,-77.051682,0.31,134.1,1,8,1.3
2024-03-23T15:46:43Z,26.547043,-77.051680,0.32,15.7,1,8,1.3
2024-03-23T15:46:48Z,26.547043,-77.051685,0.39,39.7,1,8,1.3
2024-03-23T15:46:53Z,26.547038,-77.051688,0.24,84.8,1,8,1.3
2024-03-23T15:46:58Z,26.547035,-77.051692,0.02,198.3,1,8,1.3
2024-03-23T15:47:08Z,26.547033,-77.051695,0.20,15.5,1,8,1.3
2024-03-23T15:47:13Z,26.547030,-77.051697,0.09,162.8,1,8,1.3
2024-03-23T15:47:18Z,26.547025,-77.051697,0.19,46.6,1,8,1.3
2024-03-23T15:47:23Z,26.547025,-77.051697,0.05,103.2,1,8,1.3
2024-03-23T15:47:28Z,26.547025,-77.051698,0.32,16.5,1,8,1.3
2024-03-23T15:47:33Z,26.547025,-77.051698,0.03,108.2,1,8,1.3
2024-03-23T15:47:38Z,26.547022,-77.051698,0.17,54.2,1,8,1.3
2024-03-23T15:47:43Z,26.547030,-77.051698,0.48,18.9,1,8,1.3
2024-03-23T15:47:48Z,26.547023,-77.051700,0.61,177.7,1,8,1.3
2024-03-23T15:47:53Z,26.547015,-77.051700,0.42,173.2,1,8,1.3
2024-03-23T15:47:58Z,26.547012,-77.051702,0.17,157.2,1,8,1.4
2024-03-23T15:48:08Z,26.547008,-77.051702,0.14,105.8,1,8,1.4
2024-03-23T15:48:13Z,26.547002,-77.051702,0.48,6.0,1,8,1.4
2024-03-23T15:48:18Z,26.547013,-77.051703,0.14,149.5,1,8,1.4
2024-03-23T15:48:23Z,26.547012,-77.051703,0.21,139.3,1,8,1.4
2024-03-23T15:48:28Z,26.547013,-77.051705,0.07,339.8,1,8,1.4
2024-03-23T15:48:33Z,26.547012,-77.051707,0.13,117.9,1,8,1.4
2024-03-23T15:48:43Z,26.547022,-77.051708,0.50,12.4,1,8,1.4
2024-03-23T15:48:48Z,26.547023,-77.051712,0.05,169.7,1,8,1.4
2024-03-23T15:48:53Z,26.547023,-77.051712,0.35,6.7,1,8,1.4
2024-03-23T15:48:58Z,26.547025,-77.051712,0.39,9.3,1,8,1.4
2024-03-23T15:49:03Z,26.547020,-77.051715,0.31,158.9,1,8,1.4
2024-03-23T15:49:13Z,26.547022,-77.051723,0.62,17.6,1,8,1.4
2024-03-23T15:49:18Z,26.547030,-77.051722,0.35,357.2,1,8,1.4
2024-03-23T15:49:23Z,26.547028,-77.051725,0.14,18.8,1,8,1.4
2024-03-23T15:49:28Z,26.547030,-77.051727,0.41,160.9,1,8,1.4
2024-03-23T15:49:33Z,26.547030,-77.051725,0.33,30.0,1,8,1.4
2024-03-23T15:49:43Z,26.547033,-77.051723,0.39,27.1,1,8,1.4
2024-03-23T15:49:48Z,26.547033,-77.051728,0.12,65.4,1,8,1.4
2024-03-23T15:49:53Z,26.547038,-77.051730,0.25,355.4,1,8,1.4
2024-03-23T15:49:58Z,26.547043,-77.051732,0.21,120.7,1,8,1.4
2024-03-23T15:50:03Z,26.547038,-77.051730,0.34,7.6,1,8,1.4
2024-03-23T15:50:08Z,26.547043,-77.051722,0.16,149.9,1,8,1.4
2024-03-23T15:50:18Z,26.547037,-77.051710,0.23,112.1,1,8,1.4
2024-03-23T15:50:23Z,26.547030,-77.051712,0.33,147.2,1,8,1.4
2024-03-23T15:50:28Z,26.547035,-77.051717,0.06,128.3,1,8,1.4
2024-03-23T15:50:33Z,26.547032,-77.051720,0.15,184.0,1,8,1.4
2024-03-23T15:50:38Z,26.547030,-77.051720,0.65,169.7,1,8,1.4
2024-03-23T15:50:48Z,26.547018,-77.051718,0.17,148.5,1,8,1.4
2024-03-23T15:50:53Z,26.547012,-77.051717,0.33,159.9,1,8,1.4
2024-03-23T15:50:58Z,26.547017,-77.051717,0.13,146.6,1,8,1.4
2024-03-23T15:51:03Z,26.547012,-77.051717,0.17,161.6,1,8,1.4
2024-03-23T15:51:08Z,26.547015,-77.051715,0.29,18.4,1,8,1.4
2024-03-23T15:51:13Z,26.547015,-77.051715,0.07,53.0,1,8,1.4
2024-03-23T15:51:18Z,26.547013,-77.051715,0.78,184.6,1,8,1.4
2024-03-23T15:51:23Z,26.547013,-77.051715,0.20,143.7,1,8,1.4
2024-03-23T15:51:28Z,26.547018,-77.051715,0.32,165.2,1,8,1.4
2024-03-23T15:51:33Z,26.547023,-77.051715,0.12,17.5,1,8,1.4
2024-03-23T15:51:38Z,26.547020,-77.051713,0.20,62.1,1,8,1.4
2024-03-23T15:51:48Z,26.547017,-77.051712,0.46,163.5,1,8,1.4
2024-03-23T15:51:53Z,26.547015,-77.051712,0.12,141.3,1,8,1.4
2024-03-23T15:51:58Z,26.547008,-77.051712,0.47,160.6,1,8,1.4
2024-03-23T15:52:03Z,26.547008,-77.051712,0.20,151.9,1,8,1.4
2024-03-23T15:52:08Z,26.547010,-77.051712,0.05,132.3,1,8,1.4
2024-03-23T15:52:13Z,26.547008,-77.051712,0.28,15.7,1,8,1.4
2024-03-23T15:52:23Z,26.547013,-77.051712,0.39,6.7,1,7,1.5
2024-03-23T15:52:28Z,26.547015,-77.051712,0.32,159.9,1,7,1.5
2024-03-23T15:52:33Z,26.547017,-77.051712,0.60,1.6,1,7,1.5
2024-03-23T15:52:38Z,26.547018,-77.051713,0.33,3.4,1,7,1.5
2024-03-23T15:52:43Z,26.547017,-77.051713,0.11,40.1,1,7,1.5
2024-03-23T15:52:48Z,26.547015,-77.051712,0.06,45.4,1,7,1.5
2024-03-23T15:52:53Z,26.547015,-77.051708,0.40,162.8,1,7,1.5
2024-03-23T15:52:58Z,26.547010,-77.051705,0.11,39.8,1,7,1.5
2024-03-23T15:53:03Z,26.547012,-77.051703,0.14,33.2,1,7,1.5
2024-03-23T15:53:08Z,26.547013,-77.051705,0.12,83.0,1,7,1.5
2024-03-23T15:53:13Z,26.547017,-77.051705,0.06,62.7,1,7,1.5
2024-03-23T15:53:23Z,26.547023,-77.051705,0.08,176.3,1,8,1.5
2024-03-23T15:53:28Z,26.547028,-77.051705,0.25,168.1,1,8,1.5
2024-03-23T15:53:33Z,26.547032,-77.051703,0.29,20.2,1,8,1.5
2024-03-23T15:53:38Z,26.547030,-77.051700,0.17,125.1,1,8,1.5
2024-03-23T15:53:43Z,26.547050,-77.051693,0.56,41.0,1,8,1.5
2024-03-23T15:53:53Z,26.547060,-77.051682,0.63,46.8,1,8,1.5
2024-03-23T15:53:58Z,26.547065,-77.051685,0.09,136.2,1,8,1.5
2024-03-23T15:54:03Z,26.547077,-77.051692,0.11,31.6,1,8,1.5
2024-03-23T15:54:08Z,26.547087,-77.051690,0.50,13.4,1,8,1.5
2024-03-23T15:54:13Z,26.547092,-77.051688,0.57,159.6,1,8,1.5
2024-03-23T15:54:18Z,26.547083,-77.051688,0.33,181.5,1,8,1.5
2024-03-23T15:54:28Z,26.547132,-77.051690,0.29,356.5,1,8,1.5
2024-03-23T15:54:33Z,26.547103,-77.051687,0.24,22.0,1,7,1.5
2024-03-23T15:54:38Z,26.547098,-77.051688,0.24,330.3,1,7,1.5
2024-03-23T15:54:43Z,26.547103,-77.051688,0.29,350.6,1,7,1.5
2024-03-23T15:54:48Z,26.547088,-77.051693,0.17,9.3,1,7,1.5
2024-03-23T15:54:58Z,26.547065,-77.051698,0.04,135.8,1,7,1.5
2024-03-23T15:55:03Z,26.547078,-77.051702,0.16,2.8,1,7,1.5
2024-03-23T15:55:08Z,26.547090,-77.051703,0.19,170.2,1,7,1.5
2024-03-23T15:55:13Z,26.547105,-77.051707,0.19,168.8,1,7,1.5
2024-03-23T15:55:18Z,26.547082,-77.051708,0.06,140.1,1,8,1.5
2024-03-23T15:55:28Z,26.547048,-77.051710,0.04,67.7,1,8,1.5
2024-03-23T15:55:33Z,26.547033,-77.051707,0.19,157.6,1,8,1.5
2024-03-23T15:55:38Z,26.547028,-77.051703,0.16,134.8,1,7,1.5
2024-03-23T15:55:43Z,26.547022,-77.051702,0.10,44.7,1,7,1.5
2024-03-23T15:55:48Z,26.547013,-77.051702,0.58,174.4,1,7,1.5
2024-03-23T15:55:58Z,26.547002,-77.051705,0.18,152.0,1,7,1.5
2024-03-23T15:56:03Z,26.547005,-77.051707,0.20,13.4,1,7,1.5
2024-03-23T15:56:08Z,26.547002,-77.051708,0.18,153.4,1,7,1.5
2024-03-23T15:56:13Z,26.547000,-77.051710,0.23,160.4,1,7,1.6
2024-03-23T15:56:18Z,26.546998,-77.051710,0.17,144.8,1,7,1.6
2024-03-23T15:56:28Z,26.547002,-77.051712,0.16,138.3,1,7,1.6
2024-03-23T15:56:33Z,26.546992,-77.051713,0.08,136.3,1,8,1.5
2024-03-23T15:56:38Z,26.546988,-77.051713,0.33,158.1,1,8,1.5
2024-03-23T15:56:43Z,26.546985,-77.051715,0.18,123.3,1,8,1.5
2024-03-23T15:56:48Z,26.546975,-77.051717,0.68,171.7,1,8,1.5
2024-03-23T15:56:58Z,26.546975,-77.051718,0.08,114.3,1,8,1.5
2024-03-23T15:57:03Z,26.546977,-77.051718,0.35,164.5,1,8,1.5
2024-03-23T15:57:08Z,26.546978,-77.051718,0.64,166.2,1,8,1.6
2024-03-23T15:57:13Z,26.546985,-77.051720,0.22,161.6,1,8,1.6
2024-03-23T15:57:18Z,26.546985,-77.051718,0.14,141.7,1,8,1.6
2024-03-23T15:57:23Z,26.546987,-77.051718,0.42,165.7,1,8,1.6
2024-03-23T15:57:28Z,26.546993,-77.051718,0.12,149.0,1,8,1.6
2024-03-23T15:57:33Z,26.546992,-77.051717,0.08,64.5,1,8,1.6
2024-03-23T15:57:38Z,26.546995,-77.051717,0.32,7.5,1,8,1.6
2024-03-23T15:57:43Z,26.546995,-77.051717,0.15,146.1,1,8,1.6
2024-03-23T15:57:48Z,26.547003,-77.051715,0.11,127.3,1,8,1.6
2024-03-23T15:57:58Z,26.546967,-77.051710,0.51,166.3,1,7,1.7
2024-03-23T15:58:03Z,26.546983,-77.051708,0.14,71.0,1,7,1.7
2024-03-23T15:58:08Z,26.547018,-77.051707,0.46,13.2,1,7,1.7
2024-03-23T15:58:13Z,26.547015,-77.051707,0.11,108.8,1,7,1.7
2024-03-23T15:58:18Z,26.546995,-77.051710,0.60,168.3,1,7,1.7
2024-03-23T15:58:23Z,26.547010,-77.051712,0.18,29.4,1,7,1.7
2024-03-23T15:58:28Z,26.546988,-77.051712,0.39,12.8,1,7,1.7
2024-03-23T15:58:33Z,26.546975,-77.051712,0.50,161.8,1,7,1.7
2024-03-23T15:58:38Z,26.546960,-77.051712,0.26,36.5,1,7,1.7
2024-03-23T15:58:43Z,26.547002,-77.051713,0.46,13.2,1,7,1.7
2024-03-23T15:58:48Z,26.547030,-77.051717,0.05,69.9,1,7,1.7
2024-03-23T15:58:58Z,26.547060,-77.051720,0.26,177.6,1,6,1.9
2024-03-23T15:59:03Z,26.547083,-77.051707,0.46,182.9,1,7,1.8
2024-03-23T15:59:08Z,26.547040,-77.051717,0.69,178.3,1,7,1.8
2024-03-23T15:59:13Z,26.547027,-77.051720,0.19,87.3,1,7,1.8
2024-03-23T15:59:18Z,26.547063,-77.051730,0.45,8.9,1,7,1.8
2024-03-23T15:59:28Z,26.547038,-77.051727,0.66,170.7,1,7,1.8
2024-03-23T15:59:33Z,26.547030,-77.051727,0.12,30.6,1,7,1.8
2024-03-23T15:59:38Z,26.547025,-77.051727,0.42,165.3,1,7,1.8
2024-03-23T15:59:43Z,26.547030,-77.051717,0.29,117.1,1,6,2.3
2024-03-23T15:59:48Z,26.547063,-77.051725,0.53,170.7,1,7,1.8
2024-03-23T15:59:58Z,26.547088,-77.051725,0.28,153.7,1,7,1.8
2024-03-23T16:00:03Z,26.547085,-77.051723,0.91,171.9,1,7,1.8
2024-03-23T16:00:08Z,26.547088,-77.051723,0.16,146.9,1,5,2.5
2024-03-23T16:00:13Z,26.547078,-77.051720,0.77,176.1,1,6,1.9
2024-03-23T16:00:18Z,26.547060,-77.051718,0.23,119.0,1,6,1.9
2024-03-23T16:00:28Z,26.547012,-77.051720,0.29,18.2,1,6,1.9
2024-03-23T16:00:33Z,26.547002,-77.051718,0.75,177.7,1,6,1.9
2024-03-23T16:00:38Z,26.547018,-77.051722,0.16,11.8,1,7,1.8
2024-03-23T16:00:43Z,26.547022,-77.051723,0.25,355.3,1,5,2.5
2024-03-23T16:00:48Z,26.547070,-77.051722,0.70,8.1,1,6,1.9
2024-03-23T16:00:58Z,26.547113,-77.051713,0.29,147.6,1,6,1.9
2024-03-23T16:01:03Z,26.547122,-77.051712,0.06,96.2,1,7,1.8
2024-03-23T16:01:08Z,26.547112,-77.051708,0.27,68.5,1,7,1.8
2024-03-23T16:01:13Z,26.547088,-77.051708,0.08,157.0,1,7,1.8
2024-03-23T16:01:18Z,26.547082,-77.051707,0.11,93.5,1,7,1.8
2024-03-23T16:01:28Z,26.547017,-77.051707,0.24,167.7,1,7,1.8
2024-03-23T16:01:33Z,26.547043,-77.051707,0.50,1.6,1,7,1.8
2024-03-23T16:01:38Z,26.547043,-77.051707,0.32,7.8,1,6,1.9
2024-03-23T16:01:43Z,26.547050,-77.051707,0.37,11.4,1,7,1.8
2024-03-23T16:01:48Z,26.547058,-77.051703,0.44,168.4,1,7,1.8
2024-03-23T16:01:58Z,26.547072,-77.051707,0.16,40.1,1,7,1.8
2024-03-23T16:02:03Z,26.547063,-77.051705,0.19,148.5,1,7,1.8
2024-03-23T16:02:08Z,26.547065,-77.051705,0.26,149.5,1,6,1.9
2024-03-23T16:02:13Z,26.547062,-77.051705,0.36,158.2,1,6,1.9
2024-03-23T16:02:18Z,26.547067,-77.051703,0.21,121.3,1,6,1.9
2024-03-23T16:02:28Z,26.547060,-77.051702,0.38,156.1,1,7,1.8
2024-03-23T16:02:33Z,26.547033,-77.051702,0.25,32.8,1,7,1.8
2024-03-23T16:02:38Z,26.547050,-77.051698,0.61,166.8,1,6,2.4
2024-03-23T16:02:43Z,26.547038,-77.051693,0.43,62.0,1,7,1.8
2024-03-23T16:02:48Z,26.547032,-77.051698,0.37,151.8,1,7,1.8
2024-03-23T16:02:53Z,26.547020,-77.051695,0.88,14.4,1,7,1.8
2024-03-23T16:03:03Z,26.547007,-77.051702,0.31,36.1,1,7,1.8
2024-03-23T16:03:08Z,26.547013,-77.051700,0.53,16.4,1,7,1.8
2024-03-23T16:03:13Z,26.547012,-77.051705,0.38,22.5,1,7,1.8
2024-03-23T16:03:18Z,26.547015,-77.051710,0.82,8.1,1,7,1.8
2024-03-23T16:03:23Z,26.547012,-77.051728,0.33,54.6,1,7,1.8
2024-03-23T16:03:33Z,26.547058,-77.051735,0.95,5.2,1,7,1.8
2024-03-23T16:03:38Z,26.547070,-77.051728,1.92,14.1,1,7,1.8
2024-03-23T16:03:43Z,26.547093,-77.051715,0.54,70.3,1,7,1.8
2024-03-23T16:03:48Z,26.547078,-77.051728,0.99,340.9,1,7,1.8
2024-03-23T16:03:53Z,26.547052,-77.051732,0.48,178.9,1,7,1.8
2024-03-23T16:04:03Z,26.547022,-77.051730,0.70,162.9,1,7,1.9
2024-03-23T16:04:08Z,26.547032,-77.051735,1.57,355.3,1,7,1.9
2024-03-23T16:04:13Z,26.547020,-77.051737,0.14,70.5,1,7,1.9
2024-03-23T16:04:18Z,26.546998,-77.051737,0.25,140.4,1,7,1.9
2024-03-23T16:04:23Z,26.546975,-77.051725,0.12,36.2,1,7,1.9
2024-03-23T16:04:33Z,26.546960,-77.051728,0.41,158.9,1,6,2.4
2024-03-23T16:04:38Z,26.546978,-77.051750,0.42,336.8,1,7,1.9
2024-03-23T16:04:43Z,26.547015,-77.051760,0.71,358.7,1,6,2.4
2024-03-23T16:04:48Z,26.546983,-77.051757,0.37,170.9,1,5,2.6
2024-03-23T16:04:53Z,26.546952,-77.051750,0.66,157.4,1,5,2.6
2024-03-23T16:05:03Z,26.546920,-77.051728,0.78,148.1,1,5,2.6
2024-03-23T16:05:08Z,26.546955,-77.051717,1.66,168.6,1,7,1.9
2024-03-23T16:05:13Z,26.547020,-77.051718,0.37,16.3,1,7,1.9
2024-03-23T16:05:18Z,26.547048,-77.051717,0.26,13.3,1,7,1.9
2024-03-23T16:05:23Z,26.547077,-77.051717,0.08,71.6,1,6,2.4
2024-03-23T16:05:33Z,26.547037,-77.051703,0.58,151.4,1,6,2.4
2024-03-23T16:05:38Z,26.546993,-77.051692,0.82,156.1,1,6,2.5
2024-03-23T16:05:43Z,26.546973,-77.051695,0.78,175.8,1,6,2.5
2024-03-23T16:05:48Z,26.546988,-77.051705,0.34,329.6,1,6,2.5
2024-03-23T16:05:53Z,26.547003,-77.051705,0.15,120.5,1,6,2.5
2024-03-23T16:06:03Z,26.547020,-77.051695,0.43,29.0,1,6,2.5
2024-03-23T16:06:08Z,26.547022,-77.051690,0.73,2.0,1,7,1.9
2024-03-23T16:06:13Z,26.547005,-77.051700,0.30,19.5,1,7,1.9
2024-03-23T16:06:18Z,26.546993,-77.051703,1.49,174.5,1,7,1.9
2024-03-23T16:06:23Z,26.546972,-77.051700,0.66,358.6,1,7,1.9
2024-03-23T16:06:33Z,26.546988,-77.051700,0.14,171.9,1,7,1.9
2024-03-23T16:06:38Z,26.547002,-77.051692,0.82,359.0,1,7,1.9
2024-03-23T16:06:43Z,26.547037,-77.051697,0.88,351.9,1,7,1.9
2024-03-23T16:06:48Z,26.547093,-77.051703,0.75,2.8,1,7,1.9
2024-03-23T16:06:53Z,26.547095,-77.051698,0.77,169.5,1,7,1.9
2024-03-23T16:07:03Z,26.547167,-77.051708,0.38,343.8,1,7,1.9
2024-03-23T16:07:08Z,26.547130,-77.051713,0.73,172.5,1,7,1.9
2024-03-23T16:07:13Z,26.547165,-77.051715,0.62,359.7,1,7,1.9
2024-03-23T16:07:18Z,26.547157,-77.051713,0.98,0.6,1,7,1.9
2024-03-23T16:07:23Z,26.547157,-77.051713,0.18,178.3,1,7,1.9
2024-03-23T16:07:33Z,26.547125,-77.051712,1.00,353.6,1,7,1.9
2024-03-23T16:07:38Z,26.547145,-77.051720,1.10,359.4,1,7,1.9
2024-03-23T16:07:43Z,26.547113,-77.051715,1.46,170.9,1,6,2.0
2024-03-23T16:07:48Z,26.547040,-77.051715,0.21,160.9,1,6,2.0
2024-03-23T16:07:53Z,26.547060,-77.051725,0.07,169.2,1,6,2.0
2024-03-23T16:08:03Z,26.547062,-77.051738,0.17,115.3,1,5,2.7
2024-03-23T16:08:08Z,26.547083,-77.051740,0.43,188.8,1,7,2.0
2024-03-23T16:08:13Z,26.547100,-77.051748,0.39,174.9,1,7,2.0
2024-03-23T16:08:18Z,26.547060,-77.051752,0.58,182.0,1,7,2.0
2024-03-23T16:08:23Z,26.547027,-77.051735,0.60,155.6,1,6,2.5
2024-03-23T16:08:33Z,26.547052,-77.051740,0.30,150.6,1,5,2.8
2024-03-23T16:08:38Z,26.547060,-77.051728,1.14,29.3,1,6,2.6
2024-03-23T16:08:43Z,26.547098,-77.051722,1.15,2.7,1,6,2.6
2024-03-23T16:08:48Z,26.547147,-77.051723,1.05,10.9,1,6,2.6
2024-03-23T16:08:53Z,26.547133,-77.051707,1.16,165.7,1,6,2.6
2024-03-23T16:09:03Z,26.546997,-77.051713,0.47,167.8,1,6,2.6
2024-03-23T16:09:08Z,26.547025,-77.051722,0.20,164.1,1,6,2.6
2024-03-23T16:09:13Z,26.547002,-77.051738,1.09,190.7,1,6,2.6
2024-03-23T16:09:18Z,26.546997,-77.051737,1.10,181.1,1,6,2.6
2024-03-23T16:09:28Z,26.547012,-77.051705,0.43,168.9,1,5,2.8
2024-03-23T16:09:33Z,26.547048,-77.051705,0.72,11.6,1,6,2.6
2024-03-23T16:09:38Z,26.547112,-77.051693,1.86,7.2,1,6,2.6
2024-03-23T16:09:43Z,26.547110,-77.051693,0.64,18.7,1,5,2.8
2024-03-23T16:09:48Z,26.547082,-77.051697,0.91,170.5,1,5,2.8
2024-03-23T16:09:58Z,26.547005,-77.051702,0.44,162.8,1,5,2.8
2024-03-23T16:10:03Z,26.547030,-77.051693,0.88,356.4,1,5,2.8
2024-03-23T16:10:08Z,26.547040,-77.051692,0.32,153.3,1,7,2.0
2024-03-23T16:10:13Z,26.547077,-77.051690,1.06,9.7,1,6,2.1
2024-03-23T16:10:18Z,26.547098,-77.051687,0.31,57.0,1,6,2.1
2024-03-23T16:10:23Z,26.547073,-77.051690,0.18,158.1,1,5,2.9
2024-03-23T16:10:28Z,26.547078,-77.051687,0.60,135.8,1,6,2.1
2024-03-23T16:10:33Z,26.547100,-77.051688,0.24,85.2,1,6,2.1
2024-03-23T16:10:38Z,26.547135,-77.051690,0.16,232.5,1,6,2.1
2024-03-23T16:10:43Z,26.547160,-77.051690,1.28,12.7,1,6,2.1
2024-03-23T16:10:48Z,26.547152,-77.051693,0.24,36.8,1,6,2.1
2024-03-23T16:10:53Z,26.547173,-77.051690,0.83,359.8,1,6,2.1
2024-03-23T16:10:58Z,26.547198,-77.051692,0.07,278.7,1,6,2.1
2024-03-23T16:11:03Z,26.547160,-77.051700,0.29,357.6,1,6,2.1
2024-03-23T16:11:08Z,26.547150,-77.051702,0.17,354.2,1,6,2.1
2024-03-23T16:11:13Z,26.547128,-77.051707,0.68,189.5,1,6,2.1
2024-03-23T16:11:18Z,26.547122,-77.051708,0.69,195.2,1,6,2.1
2024-03-23T16:11:28Z,26.547135,-77.051698,1.68,17.6,1,6,2.1
2024-03-23T16:11:33Z,26.547092,-77.051710,0.95,186.4,1,6,2.7
2024-03-23T16:11:38Z,26.547008,-77.051730,2.40,190.0,1,6,2.7
2024-03-23T16:11:43Z,26.546960,-77.051740,1.37,195.4,1,5,2.9
2024-03-23T16:11:48Z,26.546962,-77.051733,0.39,191.1,1,5,2.9
2024-03-23T16:11:53Z,26.547030,-77.051705,1.46,13.3,1,6,2.7
2024-03-23T16:11:58Z,26.547042,-77.051698,0.50,39.1,1,6,2.7
2024-03-23T16:12:03Z,26.546980,-77.051717,0.72,182.9,1,5,3.0
2024-03-23T16:12:08Z,26.546978,-77.051712,0.39,157.8,1,6,2.7
2024-03-23T16:12:13Z,26.546970,-77.051715,0.62,170.3,1,5,3.0
2024-03-23T16:12:18Z,26.546965,-77.051718,0.70,181.6,1,6,2.7
2024-03-23T16:12:28Z,26.547062,-77.051683,0.42,32.1,1,6,2.7
2024-03-23T16:12:33Z,26.547013,-77.051702,2.48,195.5,1,6,2.7
2024-03-23T16:12:38Z,26.547023,-77.051695,0.88,10.7,1,6,2.7
2024-03-23T16:12:43Z,26.547100,-77.051675,0.15,36.9,1,6,2.7
2024-03-23T16:12:53Z,26.547162,-77.051643,1.24,189.0,1,5,3.0
2024-03-23T16:12:58Z,26.547123,-77.051662,0.63,27.0,1,5,3.0
2024-03-23T16:13:03Z,26.547103,-77.051673,0.32,11.5,1,6,2.7
2024-03-23T16:13:08Z,26.547072,-77.051682,1.03,184.2,1,5,3.0
2024-03-23T16:13:18Z,26.547073,-77.051680,0.11,121.5,1,6,2.7
2024-03-23T16:13:23Z,26.547023,-77.051698,0.25,33.8,1,5,3.0
2024-03-23T16:13:28Z,26.547073,-77.051680,0.22,73.0,1,6,2.7
2024-03-23T16:13:33Z,26.547020,-77.051700,0.21,150.1,1,6,2.7
2024-03-23T16:13:38Z,26.546957,-77.051722,1.21,191.7,1,5,3.1
2024-03-23T16:13:43Z,26.546967,-77.051722,1.48,18.2,1,6,2.7
2024-03-23T16:13:48Z,26.546957,-77.051727,0.58,7.1,1,6,2.8
2024-03-23T16:13:53Z,26.546977,-77.051717,1.30,25.8,1,6,2.8
2024-03-23T16:13:58Z,26.547018,-77.051703,0.23,50.5,1,6,2.8
2024-03-23T16:14:03Z,26.547063,-77.051688,0.63,51.9,1,6,2.8
2024-03-23T16:14:08Z,26.547063,-77.051688,0.32,139.0,1,6,2.8
2024-03-23T16:14:13Z,26.547082,-77.051682,0.21,38.4,1,6,2.8
2024-03-23T16:14:18Z,26.547045,-77.051690,0.43,177.8,1,6,2.8
2024-03-23T16:14:23Z,26.547032,-77.051698,0.11,96.2,1,6,2.8
2024-03-23T16:14:28Z,26.546960,-77.051720,1.17,190.3,1,6,2.8
2024-03-23T16:14:38Z,26.546957,-77.051720,1.98,194.3,1,5,3.1
2024-03-23T16:14:43Z,26.546983,-77.051712,2.21,14.9,1,5,3.1
2024-03-23T16:14:48Z,26.547012,-77.051705,0.83,22.5,1,6,2.8
2024-03-23T16:14:53Z,26.547030,-77.051700,0.50,47.0,1,6,2.8
2024-03-23T16:15:03Z,26.546980,-77.051702,1.60,179.0,1,6,2.3
2024-03-23T16:15:08Z,26.547017,-77.051702,0.26,140.7,1,5,3.2
2024-03-23T16:15:13Z,26.547002,-77.051703,1.26,22.8,1,6,2.3
2024-03-23T16:15:18Z,26.547018,-77.051697,0.88,185.1,1,7,2.2
2024-03-23T16:15:23Z,26.547063,-77.051682,2.05,9.1,1,7,2.2
2024-03-23T16:15:28Z,26.547100,-77.051683,0.46,192.8,1,6,2.3
2024-03-23T16:15:33Z,26.547058,-77.051688,0.24,147.9,1,6,2.3
2024-03-23T16:15:38Z,26.547055,-77.051697,1.00,181.9,1,7,2.2
2024-03-23T16:15:43Z,26.547027,-77.051705,0.28,191.3,1,7,2.2
2024-03-23T16:15:48Z,26.547055,-77.051713,0.52,38.7,1,7,2.2
2024-03-23T16:15:53Z,26.547008,-77.051723,1.05,191.1,1,7,2.3
2024-03-23T16:16:03Z,26.546963,-77.051740,0.38,26.6,1,7,2.3
2024-03-23T16:16:08Z,26.546903,-77.051747,0.30,169.4,1,5,3.2
2024-03-23T16:16:13Z,26.546943,-77.051735,0.20,66.0,1,7,2.3
2024-03-23T16:16:18Z,26.546950,-77.051732,0.56,171.0,1,7,2.3
2024-03-23T16:16:23Z,26.546987,-77.051728,0.94,22.2,1,6,2.3
2024-03-23T16:16:33Z,26.547045,-77.051693,0.39,59.1,1,7,2.3
2024-03-23T16:16:38Z,26.547057,-77.051685,1.02,25.5,1,5,4.2
2024-03-23T16:16:43Z,26.547137,-77.051673,0.53,20.8,1,6,3.2
2024-03-23T16:16:48Z,26.547058,-77.051700,0.10,210.8,1,7,2.3
2024-03-23T16:16:53Z,26.547040,-77.051703,0.40,208.0,1,7,2.3
2024-03-23T16:17:03Z,26.547097,-77.051707,0.44,2.8,1,6,3.2
2024-03-23T16:17:08Z,26.547073,-77.051702,0.63,189.6,1,5,4.2
2024-03-23T16:17:13Z,26.547065,-77.051698,1.24,16.2,1,6,3.2
2024-03-23T16:17:18Z,26.547078,-77.051698,0.75,33.8,1,6,3.2
2024-03-23T16:17:23Z,26.547057,-77.051710,0.68,173.0,1,7,2.3
2024-03-23T16:17:33Z,26.547060,-77.051705,0.63,8.0,1,7,2.3
2024-03-23T16:17:38Z,26.547077,-77.051688,0.95,25.7,1,7,2.3
2024-03-23T16:17:43Z,26.547060,-77.051702,0.27,17.7,1,7,2.3
2024-03-23T16:17:48Z,26.547068,-77.051698,0.61,188.7,1,7,2.3
2024-03-23T16:17:53Z,26.547105,-77.051695,1.45,13.1,1,6,2.4
2024-03-23T16:18:03Z,26.547030,-77.051717,0.66,182.0,1,7,2.3
2024-03-23T16:18:08Z,26.547053,-77.051725,0.83,200.6,1,7,2.4
2024-03-23T16:18:13Z,26.546982,-77.051768,2.22,199.6,1,6,2.4
2024-03-23T16:18:18Z,26.546980,-77.051765,2.04,16.8,1,7,2.4
2024-03-23T16:18:23Z,26.547057,-77.051727,2.53,22.7,1,5,3.2
2024-03-23T16:18:33Z,26.547082,-77.051732,0.35,77.3,1,5,3.2
2024-03-23T16:18:38Z,26.547058,-77.051700,0.53,132.8,1,7,2.4
2024-03-23T16:18:43Z,26.547087,-77.051675,0.83,37.7,1,7,2.4
2024-03-23T16:18:48Z,26.547105,-77.051672,0.76,150.8,1,6,2.4
2024-03-23T16:18:53Z,26.547103,-77.051673,1.44,189.6,1,6,2.4
2024-03-23T16:19:03Z,26.547053,-77.051715,0.11,176.1,1,6,2.5
2024-03-23T16:19:08Z,26.547157,-77.051713,1.39,8.9,1,6,2.5
2024-03-23T16:19:13Z,26.547107,-77.051730,3.01,195.8,1,5,4.3
2024-03-23T16:19:18Z,26.547063,-77.051752,1.24,205.0,1,6,2.5
2024-03-23T16:19:23Z,26.547072,-77.051735,0.44,26.2,1,6,2.5
2024-03-23T16:19:28Z,26.547073,-77.051730,0.30,22.0,1,5,3.5
2024-03-23T16:19:33Z,26.547052,-77.051740,1.10,6.9,1,6,2.5
2024-03-23T16:19:38Z,26.547070,-77.051733,1.64,183.5,1,6,3.2
2024-03-23T16:19:43Z,26.547065,-77.051707,1.22,21.5,1,5,3.6
2024-03-23T16:19:48Z,26.547113,-77.051702,0.49,20.7,1,6,3.0
2024-03-23T16:19:53Z,26.547127,-77.051675,0.99,35.6,1,7,2.4
2024-03-23T16:20:03Z,26.547182,-77.051632,0.90,173.6,1,6,3.2
2024-03-23T16:20:08Z,26.547162,-77.051627,0.31,123.9,1,5,4.3
2024-03-23T16:20:13Z,26.547140,-77.051650,0.76,183.1,1,6,2.5
2024-03-23T16:20:18Z,26.547105,-77.051663,0.10,165.7,1,7,2.5
2024-03-23T16:20:23Z,26.547055,-77.051688,1.69,189.2,1,6,3.0
2024-03-23T16:20:33Z,26.546988,-77.051715,0.12,359.6,1,6,2.5
2024-03-23T16:20:38Z,26.546957,-77.051712,1.64,186.3,1,5,3.6
2024-03-23T16:20:43Z,26.546930,-77.051715,0.62,193.9,1,6,2.5
2024-03-23T16:20:48Z,26.546952,-77.051727,0.33,190.1,1,6,2.6
2024-03-23T16:20:53Z,26.546982,-77.051720,0.89,8.9,1,6,2.6
2024-03-23T16:21:03Z,26.547010,-77.051728,0.31,234.2,1,6,2.6
2024-03-23T16:21:08Z,26.547058,-77.051725,0.38,193.4,1,6,2.6
2024-03-23T16:21:13Z,26.547045,-77.051712,0.72,183.9,1,6,2.6
2024-03-23T16:21:18Z,26.547092,-77.051705,0.47,20.8,1,6,2.6
2024-03-23T16:21:23Z,26.547092,-77.051708,0.31,157.4,1,6,2.6
2024-03-23T16:21:33Z,26.547072,-77.051708,0.73,164.1,1,6,2.6
2024-03-23T16:21:38Z,26.547037,-77.051708,0.30,25.8,1,6,2.6
2024-03-23T16:21:43Z,26.547008,-77.051713,0.57,188.7,1,5,3.8
2024-03-23T16:21:48Z,26.546963,-77.051712,0.55,171.6,1,5,4.8
2024-03-23T16:21:58Z,26.546922,-77.051712,0.61,175.5,1,4,3.2
2024-03-23T16:22:03Z,26.546882,-77.051720,0.89,179.7,1,4,3.2
2024-03-23T16:22:08Z,26.546853,-77.051723,0.85,167.3,1,6,2.6
2024-03-23T16:22:13Z,26.546855,-77.051715,0.68,180.7,1,6,2.6
2024-03-23T16:22:18Z,26.546922,-77.051718,1.12,4.4,1,6,2.6
2024-03-23T16:22:28Z,26.546953,-77.051718,0.40,55.3,1,5,3.8
2024-03-23T16:22:33Z,26.546955,-77.051713,0.73,162.7,1,6,3.0
2024-03-23T16:22:38Z,26.546915,-77.051722,0.64,36.5,1,6,2.7
2024-03-23T16:22:43Z,26.546918,-77.051728,1.11,0.5,1,6,2.7
2024-03-23T16:22:48Z,26.547010,-77.051722,0.89,25.0,1,7,2.6
2024-03-23T16:22:58Z,26.546958,-77.051732,1.14,180.3,1,5,3.9
2024-03-23T16:23:03Z,26.546963,-77.051723,0.32,141.8,1,5,3.9
2024-03-23T16:23:08Z,26.546975,-77.051723,0.20,178.1,1,6,2.7
2024-03-23T16:23:13Z,26.546983,-77.051720,0.32,115.4,1,5,3.9
2024-03-23T16:23:18Z,26.546978,-77.051722,0.15,109.0,1,7,2.6
2024-03-23T16:23:28Z,26.546908,-77.051720,2.16,183.3,1,5,5.2
2024-03-23T16:23:33Z,26.546862,-77.051718,0.34,17.5,1,5,4.0
2024-03-23T16:23:38Z,26.546848,-77.051720,1.06,171.1,1,5,4.0
2024-03-23T16:23:43Z,26.546890,-77.051712,0.26,50.4,1,5,4.0
2024-03-23T16:23:48Z,26.546920,-77.051708,0.26,62.2,1,5,4.0
2024-03-23T16:23:58Z,26.546953,-77.051700,1.17,15.8,1,7,2.6
2024-03-23T16:24:03Z,26.546928,-77.051705,0.74,3.9,1,6,2.8
2024-03-23T16:24:08Z,26.546898,-77.051702,0.90,189.0,1,6,2.8
2024-03-23T16:24:13Z,26.546847,-77.051708,0.75,181.5,1,6,2.8
2024-03-23T16:24:18Z,26.546890,-77.051713,0.37,350.1,1,7,2.6
2024-03-23T16:24:28Z,26.546977,-77.051708,0.98,5.9,1,6,2.8
2024-03-23T16:24:33Z,26.546960,-77.051707,0.24,158.1,1,5,4.1
2024-03-23T16:24:38Z,26.546965,-77.051702,0.36,166.0,1,6,2.8
2024-03-23T16:24:43Z,26.546968,-77.051703,0.23,204.9,1,6,2.8
2024-03-23T16:24:48Z,26.546932,-77.051715,0.61,185.0,1,6,2.8
2024-03-23T16:24:58Z,26.546993,-77.051703,0.42,164.3,1,6,2.8
2024-03-23T16:25:03Z,26.546992,-77.051693,1.18,13.9,1,5,4.1
2024-03-23T16:25:08Z,26.547012,-77.051713,0.45,347.9,1,6,2.9
2024-03-23T16:25:13Z,26.547015,-77.051720,1.39,2.5,1,5,4.2
2024-03-23T16:25:18Z,26.547088,-77.051725,1.70,331.7,1,5,4.2
2024-03-23T16:25:23Z,26.547112,-77.051745,0.57,331.7,1,6,2.9
2024-03-23T16:25:28Z,26.547083,-77.051752,0.47,208.2,1,7,2.7
2024-03-23T16:25:33Z,26.547112,-77.051790,2.11,240.0,1,7,2.7
2024-03-23T16:25:38Z,26.547125,-77.051847,2.38,254.0,1,5,2.9
2024-03-23T16:25:43Z,26.547102,-77.051917,3.17,207.3,1,6,3.1
2024-03-23T16:25:48Z,26.546977,-77.051932,2.74,165.3,1,7,2.7
2024-03-23T16:25:58Z,26.546848,-77.051983,2.86,251.1,1,7,2.7
2024-03-23T16:26:03Z,26.546800,-77.052055,2.84,251.8,1,7,2.7
2024-03-23T16:26:08Z,26.546765,-77.052127,3.12,259.0,1,7,2.7
2024-03-23T16:26:13Z,26.546717,-77.052190,3.34,208.9,1,7,2.7
2024-03-23T16:26:18Z,26.546662,-77.052237,2.69,210.6,1,7,2.7
2024-03-23T16:26:23Z,26.546605,-77.052260,1.77,201.2,1,7,2.7
2024-03-23T16:26:33Z,26.546580,-77.052258,0.88,136.7,1,7,2.7
2024-03-23T16:26:38Z,26.546572,-77.052252,0.22,31.7,1,7,2.7
2024-03-23T16:26:43Z,26.546570,-77.052248,0.38,141.8,1,7,2.7
2024-03-23T16:26:48Z,26.546570,-77.052248,1.16,81.0,1,7,2.7
2024-03-23T16:26:53Z,26.546568,-77.052230,0.71,134.9,1,7,2.7
2024-03-23T16:26:58Z,26.546553,-77.052240,1.49,218.2,1,7,2.7
2024-03-23T16:27:03Z,26.546515,-77.052240,0.65,189.3,1,7,2.7
2024-03-23T16:27:08Z,26.546475,-77.052257,0.92,202.9,2,7,2.8
2024-03-23T16:27:13Z,26.546495,-77.052268,0.32,0.3,2,7,2.8
2024-03-23T16:27:18Z,26.546497,-77.052305,0.94,237.7,2,7,2.8
2024-03-23T16:27:23Z,26.546507,-77.052310,1.22,286.4,2,6,3.1
2024-03-23T16:27:28Z,26.546462,-77.052328,2.14,179.3,2,7,2.8
2024-03-23T16:27:33Z,26.546455,-77.052310,0.54,55.9,2,7,2.8
2024-03-23T16:27:38Z,26.546443,-77.052300,1.25,218.3,2,7,2.8
2024-03-23T16:27:43Z,26.546432,-77.052302,0.49,312.0,1,7,2.8
2024-03-23T16:27:48Z,26.546420,-77.052275,1.74,64.1,1,6,3.1
2024-03-23T16:27:53Z,26.546445,-77.052255,0.26,283.1,1,7,2.8
2024-03-23T16:27:58Z,26.546380,-77.052263,0.98,86.5,1,7,2.8
2024-03-23T16:28:03Z,26.546385,-77.052255,0.46,154.2,2,7,2.8
2024-03-23T16:28:08Z,26.546455,-77.052255,0.47,338.4,2,7,2.8
2024-03-23T16:28:13Z,26.546482,-77.052227,0.56,31.4,2,7,2.8
2024-03-23T16:28:18Z,26.546432,-77.052243,0.68,138.2,2,7,2.8
2024-03-23T16:28:23Z,26.546442,-77.052243,0.72,148.2,2,7,2.8
2024-03-23T16:28:28Z,26.546450,-77.052222,0.96,207.4,2,5,3.7
2024-03-23T16:28:33Z,26.546455,-77.052208,0.76,121.7,2,5,3.7
2024-03-23T16:28:38Z,26.546463,-77.052205,0.34,129.2,2,6,2.8
2024-03-23T16:28:43Z,26.546440,-77.052202,0.35,195.2,2,6,3.2
2024-03-23T16:28:48Z,26.546438,-77.052228,0.36,136.1,2,7,2.8
2024-03-23T16:28:53Z,26.546460,-77.052232,0.33,92.8,2,7,2.8
2024-03-23T16:28:58Z,26.546458,-77.052207,0.33,110.5,2,7,2.8
2024-03-23T16:29:03Z,26.546483,-77.052228,0.75,50.6,2,7,2.8
2024-03-23T16:29:13Z,26.546440,-77.052217,0.25,166.2,2,6,3.2
2024-03-23T16:29:18Z,26.546383,-77.052200,1.28,103.5,2,6,3.2
2024-03-23T16:29:23Z,26.546328,-77.052155,0.39,119.3,2,6,3.2
2024-03-23T16:29:28Z,26.546310,-77.052157,0.53,155.0,2,7,2.8
2024-03-23T16:29:33Z,26.546337,-77.052228,1.37,284.2,1,7,2.8
2024-03-23T16:29:38Z,26.546333,-77.052237,1.38,114.8,1,7,2.8
2024-03-23T16:29:43Z,26.546302,-77.052225,1.47,182.4,1,6,3.3
2024-03-23T16:29:48Z,26.546333,-77.052255,0.72,321.6,1,7,2.8
2024-03-23T16:29:53Z,26.546378,-77.052258,0.49,252.4,1,7,2.8
2024-03-23T16:29:58Z,26.546377,-77.052242,0.35,203.9,1,7,2.8
2024-03-23T16:30:03Z,26.546347,-77.052243,0.58,26.6,1,7,2.8
2024-03-23T16:30:08Z,26.546317,-77.052235,1.27,178.0,1,7,2.8
2024-03-23T16:30:18Z,26.546360,-77.052245,0.77,331.8,1,7,2.8
2024-03-23T16:30:23Z,26.546425,-77.052233,0.34,11.6,1,7,2.8
2024-03-23T16:30:28Z,26.546428,-77.052248,1.40,3.6,2,7,2.8
2024-03-23T16:30:33Z,26.546435,-77.052270,0.99,28.7,2,6,3.3
2024-03-23T16:30:38Z,26.546423,-77.052252,0.44,95.9,2,7,2.8
2024-03-23T16:30:43Z,26.546413,-77.052250,0.43,268.0,2,7,2.8
2024-03-23T16:30:48Z,26.546447,-77.052250,0.41,353.6,2,7,2.9
2024-03-23T16:30:53Z,26.546447,-77.052242,0.08,120.5,1,7,2.9
2024-03-23T16:30:58Z,26.546417,-77.052252,0.06,170.7,1,7,2.9
2024-03-23T16:31:03Z,26.546428,-77.052273,0.74,305.3,1,7,2.9
2024-03-23T16:31:08Z,26.546438,-77.052267,0.49,339.9,1,7,2.9
2024-03-23T16:31:13Z,26.546445,-77.052273,0.57,10.2,1,7,2.9
2024-03-23T16:31:23Z,26.546402,-77.052308,0.52,314.0,1,6,5.5
2024-03-23T16:31:28Z,26.546452,-77.052290,1.37,20.8,1,7,2.9
2024-03-23T16:31:33Z,26.546447,-77.052253,0.79,162.6,1,7,2.9
2024-03-23T16:31:38Z,26.546462,-77.052243,1.10,7.4,1,7,2.9
2024-03-23T16:31:43Z,26.546453,-77.052237,1.05,18.6,1,7,2.9
2024-03-23T16:31:53Z,26.546497,-77.052222,0.48,151.2,1,7,2.9
2024-03-23T16:31:58Z,26.546493,-77.052232,0.15,122.4,1,7,2.9
2024-03-23T16:32:03Z,26.546472,-77.052257,0.68,235.9,1,7,2.9
2024-03-23T16:32:08Z,26.546482,-77.052278,1.36,229.4,1,7,2.9
2024-03-23T16:32:13Z,26.546488,-77.052283,0.73,23.9,1,7,2.9
2024-03-23T16:32:18Z,26.546483,-77.052280,0.54,163.7,1,7,2.9
2024-03-23T16:32:23Z,26.546475,-77.052272,0.33,249.3,1,7,2.9
2024-03-23T16:32:28Z,26.546492,-77.052282,0.15,84.2,1,7,2.9
2024-03-23T16:32:33Z,26.546517,-77.052270,0.78,40.0,1,7,2.9
2024-03-23T16:32:38Z,26.546508,-77.052267,0.71,198.5,1,6,3.4
2024-03-23T16:32:43Z,26.546490,-77.052282,0.15,310.1,1,5,3.7
2024-03-23T16:32:53Z,26.546513,-77.052248,0.17,4.9,1,7,2.9
2024-03-23T16:32:58Z,26.546512,-77.052243,0.42,38.8,1,7,2.9
2024-03-23T16:33:03Z,26.546528,-77.052230,0.35,246.0,1,6,3.0
2024-03-23T16:33:08Z,26.546540,-77.052227,0.43,357.5,1,7,2.9
2024-03-23T16:33:13Z,26.546513,-77.052223,0.37,204.5,1,7,2.9
2024-03-23T16:33:18Z,26.546485,-77.052223,0.82,198.2,1,7,2.9
2024-03-23T16:33:23Z,26.546468,-77.052245,0.67,175.7,1,7,2.9
2024-03-23T16:33:28Z,26.546488,-77.052260,0.65,207.6,1,7,2.9
2024-03-23T16:33:33Z,26.546452,-77.052262,0.51,162.2,1,7,2.9
2024-03-23T16:33:38Z,26.546460,-77.052255,0.11,110.8,1,7,2.9
2024-03-23T16:33:43Z,26.546512,-77.052263,0.41,247.2,1,7,2.9
2024-03-23T16:33:48Z,26.546545,-77.052267,0.40,4.5,1,7,2.9
2024-03-23T16:33:53Z,26.546563,-77.052263,0.41,15.1,1,7,2.9
2024-03-23T16:33:58Z,26.546543,-77.052270,0.34,228.0,1,6,3.0
2024-03-23T16:34:03Z,26.546553,-77.052263,0.12,255.5,1,6,3.0
2024-03-23T16:34:08Z,26.546570,-77.052252,0.14,84.0,1,7,2.9
2024-03-23T16:34:13Z,26.546578,-77.052255,0.02,321.5,1,7,2.9
2024-03-23T16:34:18Z,26.546567,-77.052273,0.36,184.1,1,7,2.9
2024-03-23T16:34:23Z,26.546562,-77.052270,0.10,6.2,1,7,2.9
2024-03-23T16:34:28Z,26.546592,-77.052280,0.38,232.8,1,7,2.9
2024-03-23T16:34:33Z,26.546607,-77.052275,0.24,80.8,1,7,2.9
2024-03-23T16:34:38Z,26.546612,-77.052272,0.41,26.3,1,7,2.9
2024-03-23T16:34:43Z,26.546612,-77.052275,0.86,40.0,1,7,2.9
2024-03-23T16:34:48Z,26.546598,-77.052267,0.31,163.9,1,7,2.9
2024-03-23T16:34:53Z,26.546597,-77.052227,0.91,98.8,1,5,3.1
2024-03-23T16:34:58Z,26.546587,-77.052210,0.60,67.3,1,7,2.9
2024-03-23T16:35:03Z,26.546582,-77.052208,0.62,174.0,1,6,3.0
2024-03-23T16:35:08Z,26.546570,-77.052222,0.38,127.2,1,7,2.9
2024-03-23T16:35:13Z,26.546562,-77.052228,0.23,112.4,1,7,2.9
2024-03-23T16:35:23Z,26.546515,-77.052250,0.28,130.4,1,6,2.9
2024-03-23T16:35:28Z,26.546505,-77.052265,0.22,208.1,1,6,2.9
2024-03-23T16:35:33Z,26.546492,-77.052270,0.55,124.4,1,7,2.9
2024-03-23T16:35:38Z,26.546485,-77.052283,0.09,127.9,1,7,2.9
2024-03-23T16:35:43Z,26.546495,-77.052258,0.64,93.7,1,6,4.6
2024-03-23T16:35:48Z,26.546497,-77.052243,0.23,18.2,1,7,2.9
2024-03-23T16:35:58Z,26.546510,-77.052245,0.89,17.9,1,6,3.5
2024-03-23T16:36:03Z,26.546522,-77.052225,0.74,169.3,1,7,2.9
2024-03-23T16:36:08Z,26.546535,-77.052242,0.58,268.8,1,7,2.9
2024-03-23T16:36:13Z,26.546572,-77.052242,0.70,350.3,1,7,2.9
2024-03-23T16:36:18Z,26.546573,-77.052257,0.41,27.9,1,7,2.8
2024-03-23T16:36:28Z,26.546513,-77.052260,1.18,201.3,1,7,2.8
2024-03-23T16:36:33Z,26.546527,-77.052283,0.39,286.1,1,6,3.5
2024-03-23T16:36:38Z,26.546475,-77.052308,0.20,191.4,1,7,2.8
2024-03-23T16:36:43Z,26.546477,-77.052310,0.26,82.1,1,7,2.8
2024-03-23T16:36:48Z,26.546497,-77.052282,0.94,193.8,1,6,2.9
2024-03-23T16:36:58Z,26.546440,-77.052305,1.17,139.5,1,7,2.8
2024-03-23T16:37:03Z,26.546532,-77.052280,0.66,8.8,1,7,2.8
2024-03-23T16:37:08Z,26.546513,-77.052275,0.28,209.4,1,7,2.8
2024-03-23T16:37:13Z,26.546480,-77.052272,0.76,172.8,1,7,2.8
2024-03-23T16:37:18Z,26.546457,-77.052263,0.88,159.6,1,7,2.8
2024-03-23T16:37:23Z,26.546503,-77.052273,0.88,197.6,1,7,2.8
2024-03-23T16:37:28Z,26.546457,-77.052282,1.28,195.5,1,7,2.8
2024-03-23T16:37:33Z,26.546403,-77.052268,0.88,153.2,1,7,2.8
2024-03-23T16:37:38Z,26.546437,-77.052265,0.43,182.7,1,7,2.8
2024-03-23T16:37:43Z,26.546472,-77.052282,0.48,237.0,1,7,2.8
2024-03-23T16:37:48Z,26.546513,-77.052275,0.31,255.9,1,7,2.8
2024-03-23T16:37:53Z,26.546533,-77.052265,0.50,31.6,1,7,2.8
2024-03-23T16:38:03Z,26.546568,-77.052282,0.33,27.9,1,6,2.8
2024-03-23T16:38:08Z,26.546578,-77.052275,0.51,55.8,1,6,4.1
2024-03-23T16:38:13Z,26.546583,-77.052280,0.23,33.0,1,7,2.8
2024-03-23T16:38:18Z,26.546575,-77.052287,0.22,187.7,1,7,2.8
2024-03-23T16:38:23Z,26.546570,-77.052278,0.29,117.7,1,7,2.8
2024-03-23T16:38:33Z,26.546545,-77.052282,0.28,222.1,1,7,2.8
2024-03-23T16:38:38Z,26.546557,-77.052270,0.16,134.3,1,7,2.8
2024-03-23T16:38:43Z,26.546552,-77.052267,0.26,98.6,1,6,4.0
2024-03-23T16:38:48Z,26.546572,-77.052257,0.42,339.7,1,7,2.8
2024-03-23T16:38:53Z,26.546563,-77.052257,0.42,82.0,1,7,2.8
2024-03-23T16:38:58Z,26.546538,-77.052265,0.48,197.0,1,7,2.8
2024-03-23T16:39:08Z,26.546513,-77.052268,0.43,100.4,1,7,2.8
2024-03-23T16:39:13Z,26.546545,-77.052257,0.18,94.8,1,7,2.8
2024-03-23T16:39:18Z,26.546518,-77.052273,0.19,22.7,1,7,2.8
2024-03-23T16:39:23Z,26.546547,-77.052277,0.20,342.1,1,7,2.8
2024-03-23T16:39:28Z,26.546562,-77.052278,0.06,290.1,1,7,2.8
2024-03-23T16:39:33Z,26.546577,-77.052262,0.53,130.6,1,7,2.8
2024-03-23T16:39:43Z,26.546557,-77.052280,0.27,167.3,1,7,2.8
2024-03-23T16:39:48Z,26.546545,-77.052278,0.22,84.4,1,7,2.8
2024-03-23T16:39:53Z,26.546528,-77.052293,0.57,193.8,1,7,2.7
2024-03-23T16:39:58Z,26.546545,-77.052292,0.10,100.6,1,7,2.7
2024-03-23T16:40:03Z,26.546532,-77.052285,0.38,244.0,1,7,2.7
2024-03-23T16:40:08Z,26.546602,-77.052302,0.65,8.9,1,7,2.7
2024-03-23T16:40:18Z,26.546578,-77.052302,0.47,211.2,1,7,2.7
2024-03-23T16:40:23Z,26.546577,-77.052285,0.31,201.9,1,7,2.7
2024-03-23T16:40:28Z,26.546583,-77.052273,0.23,223.6,1,7,2.7
2024-03-23T16:40:33Z,26.546607,-77.052278,0.50,26.1,1,7,2.7
2024-03-23T16:40:38Z,26.546583,-77.052273,0.29,174.4,1,7,2.7
2024-03-23T16:40:43Z,26.546540,-77.052268,0.82,161.2,1,7,2.7
2024-03-23T16:40:48Z,26.546515,-77.052268,0.54,155.9,1,7,2.7
2024-03-23T16:40:53Z,26.546528,-77.052282,0.46,149.8,1,6,2.8
2024-03-23T16:40:58Z,26.546543,-77.052268,0.20,194.0,1,7,2.7
2024-03-23T16:41:03Z,26.546552,-77.052238,0.26,92.2,1,7,2.7
2024-03-23T16:41:08Z,26.546540,-77.052260,1.02,231.6,1,7,2.7
2024-03-23T16:41:13Z,26.546530,-77.052295,1.10,224.6,1,7,2.7
2024-03-23T16:41:23Z,26.546557,-77.052267,0.41,214.1,1,7,2.7
2024-03-23T16:41:28Z,26.546542,-77.052280,0.04,87.2,1,7,2.7
2024-03-23T16:41:33Z,26.546533,-77.052283,0.39,189.7,1,7,2.7
2024-03-23T16:41:38Z,26.546513,-77.052293,0.39,175.8,1,7,2.7
2024-03-23T16:41:43Z,26.546507,-77.052295,0.30,72.3,1,7,2.7
2024-03-23T16:41:53Z,26.546525,-77.052263,0.91,236.4,1,7,2.7
2024-03-23T16:41:58Z,26.546533,-77.052250,0.35,126.5,1,7,2.7
2024-03-23T16:42:03Z,26.546533,-77.052238,0.79,86.4,1,6,2.7
2024-03-23T16:42:08Z,26.546520,-77.052232,0.47,150.9,2,7,2.7
2024-03-23T16:42:13Z,26.546520,-77.052210,1.14,76.1,2,7,2.7
2024-03-23T16:42:18Z,26.546548,-77.052210,0.91,258.4,2,7,2.6
2024-03-23T16:42:28Z,26.546557,-77.052257,0.24,313.7,2,6,2.8
2024-03-23T16:42:33Z,26.546555,-77.052265,0.24,26.4,2,6,2.8
2024-03-23T16:42:38Z,26.546557,-77.052248,0.66,218.0,2,7,2.6
2024-03-23T16:42:43Z,26.546548,-77.052267,1.41,237.5,2,7,2.6
2024-03-23T16:42:48Z,26.546560,-77.052262,0.27,277.4,2,7,2.6
2024-03-23T16:42:53Z,26.546555,-77.052253,0.20,210.6,2,7,2.6
2024-03-23T16:43:03Z,26.546485,-77.052285,0.47,97.7,2,7,2.6
2024-03-23T16:43:08Z,26.546495,-77.052273,1.10,62.7,2,7,2.6
2024-03-23T16:43:13Z,26.546480,-77.052262,0.52,151.8,2,7,2.6
2024-03-23T16:43:18Z,26.546507,-77.052280,0.13,187.6,2,6,2.7
2024-03-23T16:43:23Z,26.546510,-77.052293,0.39,214.5,2,6,2.7
2024-03-23T16:43:28Z,26.546498,-77.052302,0.52,83.1,2,6,2.7
2024-03-23T16:43:38Z,26.546505,-77.052292,0.78,211.4,2,6,2.7
2024-03-23T16:43:43Z,26.546500,-77.052270,0.80,223.7,2,7,2.6
2024-03-23T16:43:48Z,26.546510,-77.052245,0.20,209.9,2,6,2.7
2024-03-23T16:43:53Z,26.546510,-77.052217,1.15,69.0,2,7,2.3
2024-03-23T16:43:58Z,26.546498,-77.052237,0.89,80.3,2,8,2.2
2024-03-23T16:44:03Z,26.546500,-77.052212,0.71,216.4,2,8,2.2
2024-03-23T16:44:08Z,26.546487,-77.052240,0.31,54.4,2,8,2.2
2024-03-23T16:44:13Z,26.546488,-77.052258,0.28,203.3,2,8,2.2
2024-03-23T16:44:18Z,26.546488,-77.052277,0.11,337.8,2,7,2.3
2024-03-23T16:44:23Z,26.546498,-77.052278,1.11,235.9,2,8,2.2
2024-03-23T16:44:28Z,26.546533,-77.052265,0.39,358.6,2,8,2.2
2024-03-23T16:44:33Z,26.546548,-77.052242,1.00,51.4,2,8,2.2
2024-03-23T16:44:43Z,26.546530,-77.052223,0.29,103.4,2,8,2.2
2024-03-23T16:44:48Z,26.546525,-77.052223,0.38,176.2,2,8,2.2
2024-03-23T16:44:53Z,26.546543,-77.052237,0.18,266.0,2,8,2.2
2024-03-23T16:44:58Z,26.546530,-77.052242,0.20,24.5,2,8,2.2
2024-03-23T16:45:03Z,26.546527,-77.052260,0.42,239.8,2,8,2.2
2024-03-23T16:45:08Z,26.546555,-77.052282,0.95,10.4,2,8,2.2
2024-03-23T16:45:18Z,26.546498,-77.052277,0.43,182.5,2,8,2.2
2024-03-23T16:45:23Z,26.546473,-77.052263,0.72,154.8,2,8,2.2
2024-03-23T16:45:28Z,26.546438,-77.052250,0.73,120.0,2,8,2.2
2024-03-23T16:45:33Z,26.546433,-77.052235,0.59,152.4,2,8,2.2
2024-03-23T16:45:38Z,26.546443,-77.052243,0.53,174.9,2,8,2.2
2024-03-23T16:45:43Z,26.546433,-77.052215,0.45,129.4,2,8,2.2
2024-03-23T16:45:53Z,26.546397,-77.052230,0.28,166.8,2,8,2.2
2024-03-23T16:45:58Z,26.546413,-77.052238,0.20,103.4,2,8,2.2
2024-03-23T16:46:03Z,26.546442,-77.052233,0.30,229.0,2,8,2.1
2024-03-23T16:46:08Z,26.546473,-77.052240,0.52,24.0,2,8,2.1
2024-03-23T16:46:13Z,26.546520,-77.052263,1.86,357.2,2,8,2.1
2024-03-23T16:46:18Z,26.546543,-77.052277,0.53,296.2,2,8,2.1
2024-03-23T16:46:28Z,26.546520,-77.052263,0.24,139.8,2,8,2.1
2024-03-23T16:46:33Z,26.546538,-77.052268,0.29,357.2,2,8,2.1
2024-03-23T16:46:38Z,26.546517,-77.052268,0.23,135.6,2,8,2.1
2024-03-23T16:46:43Z,26.546492,-77.052275,0.31,251.5,2,8,2.1
2024-03-23T16:46:48Z,26.546472,-77.052288,0.42,236.7,2,8,2.1
2024-03-23T16:46:53Z,26.546447,-77.052280,1.19,191.1,2,8,2.1
2024-03-23T16:47:03Z,26.546427,-77.052262,0.23,151.7,2,8,2.1
2024-03-23T16:47:08Z,26.546453,-77.052260,0.65,7.2,2,8,2.1
2024-03-23T16:47:13Z,26.546447,-77.052247,0.65,223.8,2,8,2.1
2024-03-23T16:47:18Z,26.546452,-77.052233,0.96,49.7,2,8,2.1
2024-03-23T16:47:23Z,26.546448,-77.052273,1.04,218.5,2,8,2.1
2024-03-23T16:47:28Z,26.546477,-77.052263,0.60,31.7,2,8,2.1
2024-03-23T16:47:38Z,26.546543,-77.052268,0.76,50.2,2,8,2.1
2024-03-23T16:47:43Z,26.546540,-77.052268,0.84,44.8,2,8,2.1
2024-03-23T16:47:48Z,26.546510,-77.052273,0.18,152.0,2,8,2.1
2024-03-23T16:47:53Z,26.546507,-77.052272,0.19,140.4,2,8,2.1
2024-03-23T16:47:58Z,26.546495,-77.052258,0.49,142.3,2,8,2.1
2024-03-23T16:48:03Z,26.546475,-77.052247,0.84,206.6,2,8,2.1
2024-03-23T16:48:13Z,26.546487,-77.052283,1.17,230.4,2,8,2.1
2024-03-23T16:48:18Z,26.546478,-77.052283,0.66,243.0,2,8,2.1
2024-03-23T16:48:23Z,26.546475,-77.052307,0.73,219.2,2,7,2.2
2024-03-23T16:48:28Z,26.546473,-77.052313,0.18,318.6,2,8,2.0
2024-03-23T16:48:33Z,26.546465,-77.052297,0.32,174.3,2,8,2.0
2024-03-23T16:48:38Z,26.546448,-77.052300,0.75,21.1,2,8,2.0
2024-03-23T16:48:48Z,26.546470,-77.052312,0.57,99.3,2,8,2.0
2024-03-23T16:48:53Z,26.546525,-77.052295,0.92,12.5,2,7,2.1
2024-03-23T16:48:58Z,26.546447,-77.052307,0.58,175.5,2,8,2.0
2024-03-23T16:49:03Z,26.546395,-77.052320,0.60,206.0,2,8,2.0
2024-03-23T16:49:08Z,26.546420,-77.052318,0.85,55.3,2,8,2.0
2024-03-23T16:49:13Z,26.546388,-77.052288,0.81,139.9,2,7,2.0
2024-03-23T16:49:18Z,26.546387,-77.052262,0.08,170.2,2,8,2.0
2024-03-23T16:49:23Z,26.546372,-77.052285,0.78,245.9,2,8,2.0
2024-03-23T16:49:28Z,26.546420,-77.052280,0.71,28.2,2,8,2.0
2024-03-23T16:49:33Z,26.546415,-77.052290,0.37,124.9,2,8,2.0
2024-03-23T16:49:38Z,26.546428,-77.052275,0.94,35.6,2,8,2.0
2024-03-23T16:49:43Z,26.546465,-77.052283,0.76,7.0,2,8,2.0
2024-03-23T16:49:53Z,26.546597,-77.052273,0.80,271.1,2,8,2.0
2024-03-23T16:49:58Z,26.546608,-77.052267,0.37,341.1,2,8,2.0
2024-03-23T16:50:03Z,26.546592,-77.052253,0.20,36.3,2,8,2.0
2024-03-23T16:50:08Z,26.546517,-77.052280,1.17,217.8,2,8,2.0
2024-03-23T16:50:13Z,26.546462,-77.052312,0.60,142.2,2,8,2.0
2024-03-23T16:50:18Z,26.546448,-77.052283,1.75,67.1,2,8,2.0
2024-03-23T16:50:23Z,26.546483,-77.052268,0.34,222.1,2,8,2.0
2024-03-23T16:50:28Z,26.546480,-77.052280,0.46,216.9,2,8,2.0
2024-03-23T16:50:33Z,26.546493,-77.052267,0.49,57.4,2,8,2.0
2024-03-23T16:50:38Z,26.546497,-77.052278,0.28,247.7,2,8,2.0
2024-03-23T16:50:43Z,26.546492,-77.052263,0.32,213.1,2,8,1.9
2024-03-23T16:50:48Z,26.546485,-77.052260,0.66,79.9,2,8,1.9
2024-03-23T16:50:53Z,26.546502,-77.052255,0.96,221.1,2,8,1.9
2024-03-23T16:51:03Z,26.546488,-77.052265,0.48,199.3,2,8,1.9
2024-03-23T16:51:08Z,26.546507,-77.052260,0.56,248.8,2,8,1.9
2024-03-23T16:51:13Z,26.546515,-77.052262,0.11,238.5,2,8,1.9
2024-03-23T16:51:18Z,26.546525,-77.052250,0.33,247.5,2,8,1.9
2024-03-23T16:51:23Z,26.546538,-77.052240,0.53,50.2,2,8,1.9
2024-03-23T16:51:28Z,26.546537,-77.052240,0.86,60.1,2,8,1.9
2024-03-23T16:51:38Z,26.546528,-77.052250,0.10,157.0,2,8,1.9
2024-03-23T16:51:43Z,26.546522,-77.052265,0.54,68.0,2,8,1.9
2024-03-23T16:51:48Z,26.546525,-77.052263,0.65,76.4,2,8,1.9
2024-03-23T16:51:53Z,26.546517,-77.052275,0.30,76.2,2,8,1.9
2024-03-23T16:51:58Z,26.546518,-77.052270,0.28,193.2,2,7,2.0
2024-03-23T16:52:03Z,26.546522,-77.052257,0.92,235.4,2,7,2.0
2024-03-23T16:52:13Z,26.546530,-77.052317,1.69,244.4,2,6,2.3
2024-03-23T16:52:18Z,26.546553,-77.052287,0.31,36.5,2,7,2.0
2024-03-23T16:52:23Z,26.546560,-77.052267,0.32,220.8,2,8,1.9
2024-03-23T16:52:28Z,26.546557,-77.052292,0.21,17.2,2,8,1.9
2024-03-23T16:52:33Z,26.546567,-77.052283,0.45,68.7,2,8,1.9
2024-03-23T16:52:38Z,26.546538,-77.052305,1.08,214.5,2,8,1.9
2024-03-23T16:52:48Z,26.546537,-77.052295,0.24,322.6,2,8,1.9
2024-03-23T16:52:53Z,26.546550,-77.052300,0.87,47.9,2,8,1.9
2024-03-23T16:52:58Z,26.546560,-77.052283,0.40,30.2,2,8,1.9
2024-03-23T16:53:03Z,26.546555,-77.052297,0.54,76.0,2,8,1.9
2024-03-23T16:53:08Z,26.546560,-77.052267,0.25,97.5,2,8,1.9
2024-03-23T16:53:13Z,26.546557,-77.052245,0.56,153.6,2,8,1.9
2024-03-23T16:53:23Z,26.546538,-77.052265,0.78,86.0,2,8,1.8
2024-03-23T16:53:28Z,26.546512,-77.052272,0.51,322.5,2,8,1.8
2024-03-23T16:53:33Z,26.546478,-77.052265,0.57,152.2,2,8,1.8
2024-03-23T16:53:38Z,26.546455,-77.052258,0.71,161.1,2,8,1.8
2024-03-23T16:53:43Z,26.546467,-77.052250,1.74,58.7,2,8,1.8
2024-03-23T16:53:48Z,26.546487,-77.052230,0.41,159.8,2,8,1.8
2024-03-23T16:53:53Z,26.546485,-77.052237,0.87,206.7,2,8,1.8
2024-03-23T16:53:58Z,26.546490,-77.052250,0.31,344.4,2,8,1.8
2024-03-23T16:54:03Z,26.546488,-77.052255,0.44,39.0,2,8,1.8
2024-03-23T16:54:08Z,26.546490,-77.052245,0.12,162.8,2,7,2.0
2024-03-23T16:54:13Z,26.546490,-77.052257,0.42,22.9,2,8,1.8
2024-03-23T16:54:18Z,26.546508,-77.052263,0.33,319.1,2,8,1.8
2024-03-23T16:54:23Z,26.546483,-77.052252,0.31,167.9,2,8,1.8
2024-03-23T16:54:33Z,26.546463,-77.052230,0.44,209.3,2,7,1.9
2024-03-23T16:54:38Z,26.546453,-77.052213,0.45,179.8,2,8,1.8
2024-03-23T16:54:43Z,26.546447,-77.052210,0.72,88.5,2,8,1.8
2024-03-23T16:54:48Z,26.546452,-77.052210,0.25,105.3,2,8,1.8
2024-03-23T16:54:53Z,26.546458,-77.052205,0.43,107.1,2,8,1.8
2024-03-23T16:54:58Z,26.546463,-77.052200,0.19,145.4,2,7,1.9
2024-03-23T16:55:08Z,26.546460,-77.052217,0.38,205.4,2,8,1.8
2024-03-23T16:55:13Z,26.546450,-77.052223,0.79,67.6,2,8,1.8
2024-03-23T16:55:18Z,26.546448,-77.052215,0.52,103.9,2,7,1.9
2024-03-23T16:55:23Z,26.546445,-77.052203,0.51,192.9,2,7,1.9
2024-03-23T16:55:28Z,26.546437,-77.052252,0.85,59.1,2,8,1.8
2024-03-23T16:55:33Z,26.546438,-77.052272,0.37,205.1,2,8,1.8
2024-03-23T16:55:43Z,26.546442,-77.052265,0.15,115.5,2,8,1.8
2024-03-23T16:55:48Z,26.546435,-77.052265,0.59,209.3,2,8,1.8
2024-03-23T16:55:53Z,26.546418,-77.052262,0.43,154.4,2,8,1.8
2024-03-23T16:55:58Z,26.546433,-77.052255,0.83,75.6,2,8,1.7
2024-03-23T16:56:03Z,26.546447,-77.052252,0.31,58.6,2,8,1.7
2024-03-23T16:56:08Z,26.546455,-77.052250,0.20,83.2,2,8,1.7
2024-03-23T16:56:13Z,26.546465,-77.052250,0.23,39.9,2,8,1.7
2024-03-23T16:56:18Z,26.546462,-77.052245,0.29,119.8,2,8,1.7
2024-03-23T16:56:23Z,26.546452,-77.052267,0.67,251.1,2,8,1.7
2024-03-23T16:56:28Z,26.546425,-77.052268,0.59,192.9,2,8,1.7
2024-03-23T16:56:33Z,26.546402,-77.052288,0.99,194.4,2,8,1.7
2024-03-23T16:56:38Z,26.546403,-77.052295,0.47,246.5,2,8,1.7
2024-03-23T16:56:43Z,26.546433,-77.052300,0.56,57.4,2,7,1.8
2024-03-23T16:56:53Z,26.546427,-77.052297,1.24,157.6,2,8,1.7
2024-03-23T16:56:58Z,26.546413,-77.052287,0.76,208.1,2,8,1.7
2024-03-23T16:57:03Z,26.546407,-77.052283,0.56,206.0,2,8,1.7
2024-03-23T16:57:08Z,26.546442,-77.052292,0.56,38.3,2,7,1.7
2024-03-23T16:57:13Z,26.546442,-77.052295,0.55,237.7,2,8,1.7
2024-03-23T16:57:18Z,26.546500,-77.052287,0.02,114.5,2,8,1.7
2024-03-23T16:57:28Z,26.546540,-77.052295,0.73,255.4,2,7,1.8
2024-03-23T16:57:33Z,26.546530,-77.052288,0.48,64.3,2,8,1.7
2024-03-23T16:57:38Z,26.546538,-77.052303,0.73,290.1,2,8,1.7
2024-03-23T16:57:43Z,26.546542,-77.052302,0.18,281.1,2,7,1.7
2024-03-23T16:57:48Z,26.546548,-77.052292,0.24,48.4,2,7,1.7
2024-03-23T16:57:53Z,26.546527,-77.052303,0.37,183.5,2,7,1.7
2024-03-23T16:58:03Z,26.546560,-77.052292,0.39,278.0,2,6,2.1
2024-03-23T16:58:08Z,26.546585,-77.052280,0.84,46.0,2,6,2.1
2024-03-23T16:58:13Z,26.546597,-77.052260,0.59,69.2,2,7,1.8
2024-03-23T16:58:18Z,26.546603,-77.052278,0.76,219.7,1,7,1.8
2024-03-23T16:58:23Z,26.546572,-77.052270,0.07,240.3,1,7,1.8
2024-03-23T16:58:28Z,26.546562,-77.052292,0.82,213.2,1,7,1.8
2024-03-23T16:58:38Z,26.546512,-77.052255,0.95,174.1,1,8,1.7
2024-03-23T16:58:43Z,26.546520,-77.052270,0.42,79.8,1,8,1.7
2024-03-23T16:58:48Z,26.546568,-77.052293,0.60,42.2,1,8,1.7
2024-03-23T16:58:53Z,26.546587,-77.052287,0.48,349.3,1,8,1.7
2024-03-23T16:58:58Z,26.546557,-77.052273,1.10,233.7,1,8,1.7
2024-03-23T16:59:03Z,26.546553,-77.052292,0.46,204.0,1,8,1.6
2024-03-23T16:59:08Z,26.546508,-77.052302,0.94,198.2,1,7,3.0
2024-03-23T16:59:13Z,26.546552,-77.052320,1.83,272.8,1,8,1.6
2024-03-23T16:59:18Z,26.546533,-77.052335,0.72,233.4,1,8,1.6
2024-03-23T16:59:23Z,26.546512,-77.052332,0.46,96.5,1,8,1.6
2024-03-23T16:59:28Z,26.546487,-77.052348,0.84,192.5,1,8,1.6
2024-03-23T16:59:33Z,26.546478,-77.052347,0.55,83.4,1,8,1.6
2024-03-23T16:59:43Z,26.546467,-77.052318,0.39,163.5,1,8,1.6
2024-03-23T16:59:48Z,26.546463,-77.052320,0.45,95.7,1,7,1.7
2024-03-23T16:59:53Z,26.546457,-77.052323,1.08,231.7,1,8,1.6
2024-03-23T16:59:58Z,26.546443,-77.052358,0.67,235.9,1,8,1.6
2024-03-23T17:00:03Z,26.546452,-77.052342,0.16,72.6,1,8,1.6
2024-03-23T17:00:08Z,26.546458,-77.052337,0.13,121.9,1,8,1.6
2024-03-23T17:00:18Z,26.546470,-77.052323,0.56,74.6,1,8,1.6
2024-03-23T17:00:23Z,26.546475,-77.052303,0.36,123.6,1,8,1.6
2024-03-23T17:00:28Z,26.546480,-77.052292,0.72,224.5,1,6,1.8
2024-03-23T17:00:33Z,26.546488,-77.052290,0.86,71.7,1,7,1.6
2024-03-23T17:00:38Z,26.546500,-77.052273,0.80,73.2,1,7,1.6
2024-03-23T17:00:48Z,26.546483,-77.052285,0.75,85.5,1,8,1.6
2024-03-23T17:00:53Z,26.546465,-77.052315,0.20,154.7,1,8,1.6
2024-03-23T17:00:58Z,26.546458,-77.052320,0.24,192.1,1,8,1.6
2024-03-23T17:01:03Z,26.546455,-77.052322,0.58,88.7,1,8,1.6
2024-03-23T17:01:08Z,26.546448,-77.052342,1.15,236.2,1,8,1.6
2024-03-23T17:01:13Z,26.546442,-77.052372,1.92,244.6,1,7,1.8
2024-03-23T17:01:23Z,26.546447,-77.052355,1.04,239.8,1,8,1.6
2024-03-23T17:01:28Z,26.546453,-77.052345,0.55,64.5,1,8,1.6
2024-03-23T17:01:33Z,26.546455,-77.052340,0.82,239.1,1,7,1.6
2024-03-23T17:01:38Z,26.546467,-77.052323,0.54,70.1,1,7,1.7
2024-03-23T17:01:43Z,26.546472,-77.052313,0.43,84.3,1,6,2.0
2024-03-23T17:01:48Z,26.546480,-77.052283,0.89,226.2,1,7,1.7
2024-03-23T17:01:58Z,26.546472,-77.052307,0.48,224.9,1,8,1.6
2024-03-23T17:02:03Z,26.546473,-77.052293,0.38,214.9,1,8,1.6
2024-03-23T17:02:08Z,26.546477,-77.052292,0.37,95.9,1,8,1.6
2024-03-23T17:02:13Z,26.546482,-77.052290,0.93,75.3,1,8,1.6
2024-03-23T17:02:18Z,26.546487,-77.052283,0.32,71.1,1,7,1.7
2024-03-23T17:02:23Z,26.546493,-77.052277,0.40,77.3,1,7,1.7
2024-03-23T17:02:28Z,26.546487,-77.052328,1.02,254.2,1,7,1.7
2024-03-23T17:02:33Z,26.546485,-77.052352,0.35,275.9,1,7,1.6
2024-03-23T17:02:38Z,26.546485,-77.052333,0.41,71.3,1,6,1.7
2024-03-23T17:02:43Z,26.546490,-77.052323,0.74,229.6,1,7,1.6
2024-03-23T17:02:48Z,26.546493,-77.052317,0.20,216.6,1,8,1.5
2024-03-23T17:02:58Z,26.546495,-77.052317,0.17,207.1,1,8,1.5
2024-03-23T17:03:03Z,26.546498,-77.052307,0.77,73.2,1,8,1.5
2024-03-23T17:03:08Z,26.546497,-77.052315,0.24,201.1,1,8,1.5
2024-03-23T17:03:13Z,26.546497,-77.052308,0.13,194.6,1,8,1.5
2024-03-23T17:03:18Z,26.546498,-77.052303,0.26,97.9,1,7,1.7
2024-03-23T17:03:23Z,26.546500,-77.052297,0.20,190.0,1,7,1.6
2024-03-23T17:03:33Z,26.546508,-77.052275,0.40,198.5,1,8,1.5
2024-03-23T17:03:38Z,26.546525,-77.052260,0.57,215.0,1,7,1.8
2024-03-23T17:03:43Z,26.546505,-77.052285,0.85,219.3,1,8,1.5
2024-03-23T17:03:48Z,26.546532,-77.052285,0.83,253.9,1,8,1.5
2024-03-23T17:03:53Z,26.546532,-77.052285,0.36,195.9,1,7,1.5
2024-03-23T17:04:03Z,26.546497,-77.052283,0.56,186.6,1,8,1.5
2024-03-23T17:04:08Z,26.546485,-77.052287,0.36,220.3,1,8,1.5
2024-03-23T17:04:13Z,26.546508,-77.052295,0.41,194.1,1,8,1.5
2024-03-23T17:04:18Z,26.546513,-77.052297,0.11,185.7,1,7,1.5
2024-03-23T17:04:23Z,26.546528,-77.052283,0.38,348.9,1,8,1.5
2024-03-23T17:04:28Z,26.546507,-77.052270,0.33,296.7,1,8,1.5
2024-03-23T17:04:33Z,26.546468,-77.052255,0.67,151.0,1,8,1.5
2024-03-23T17:04:38Z,26.546458,-77.052233,0.61,125.9,1,8,1.5
2024-03-23T17:04:43Z,26.546455,-77.052248,0.49,55.1,1,8,1.5
2024-03-23T17:04:48Z,26.546465,-77.052260,1.06,250.5,1,7,1.6
2024-03-23T17:04:53Z,26.546490,-77.052278,0.94,121.1,1,8,1.5
2024-03-23T17:04:58Z,26.546492,-77.052228,1.41,2.2,1,5,3.0
2024-03-23T17:05:08Z,26.546540,-77.052252,1.21,341.6,1,8,1.5
2024-03-23T17:05:13Z,26.546548,-77.052258,0.31,203.6,1,8,1.5
2024-03-23T17:05:18Z,26.546558,-77.052267,0.76,247.7,1,8,1.5
2024-03-23T17:05:23Z,26.546550,-77.052278,0.47,184.0,1,8,1.5
2024-03-23T17:05:28Z,26.546525,-77.052252,0.65,138.9,1,7,1.5
2024-03-23T17:05:33Z,26.546555,-77.052242,0.92,16.5,1,8,1.5
2024-03-23T17:05:38Z,26.546533,-77.052267,1.92,180.7,1,7,1.6
2024-03-23T17:05:43Z,26.546535,-77.052308,1.19,230.7,1,5,2.1
2024-03-23T17:05:48Z,26.546543,-77.052322,1.28,33.0,1,6,3.6
2024-03-23T17:05:53Z,26.546577,-77.052293,0.55,237.6,1,7,1.7
2024-03-23T17:05:58Z,26.546552,-77.052297,1.24,202.5,1,8,1.5
2024-03-23T17:06:03Z,26.546592,-77.052280,3.15,44.9,1,8,1.5
2024-03-23T17:06:08Z,26.546625,-77.052172,3.95,65.9,1,6,1.9
2024-03-23T17:06:13Z,26.546585,-77.052123,1.25,146.6,1,6,1.7
2024-03-23T17:06:18Z,26.546563,-77.052220,0.67,126.4,1,6,1.7
2024-03-23T17:06:23Z,26.546562,-77.052268,0.95,203.3,1,6,1.7
2024-03-23T17:06:28Z,26.546540,-77.052290,0.51,207.1,1,6,1.7
2024-03-23T17:06:38Z,26.546518,-77.052250,1.24,230.6,1,5,4.0
2024-03-23T17:06:43Z,26.546505,-77.052247,1.00,86.4,1,7,1.6
2024-03-23T17:06:48Z,26.546490,-77.052252,0.59,257.7,1,7,1.6
2024-03-23T17:06:53Z,26.546513,-77.052277,0.60,306.8,1,7,1.6
2024-03-23T17:06:58Z,26.546538,-77.052230,2.43,76.0,1,7,1.6
2024-03-23T17:07:08Z,26.546528,-77.052305,2.82,227.3,1,7,1.6
2024-03-23T17:07:13Z,26.546535,-77.052373,1.42,277.6,1,7,1.6
2024-03-23T17:07:18Z,26.546490,-77.052338,0.91,155.0,1,7,1.6
2024-03-23T17:07:23Z,26.546407,-77.052348,2.58,220.7,1,7,1.6
2024-03-23T17:07:28Z,26.546430,-77.052335,1.06,131.3,1,7,1.6
2024-03-23T17:07:33Z,26.546448,-77.052332,1.10,216.3,1,7,1.6
2024-03-23T17:07:43Z,26.546397,-77.052252,1.12,109.5,1,6,1.7
2024-03-23T17:07:48Z,26.546392,-77.052235,0.11,235.4,1,6,2.6
2024-03-23T17:07:53Z,26.546390,-77.052267,0.42,275.1,1,7,1.6
2024-03-23T17:07:58Z,26.546403,-77.052268,1.19,99.3,1,7,1.6
2024-03-23T17:08:03Z,26.546468,-77.052308,1.35,317.0,1,6,1.7
2024-03-23T17:08:13Z,26.546487,-77.052300,1.23,159.2,1,7,1.6
2024-03-23T17:08:18Z,26.546478,-77.052295,0.65,50.2,1,7,1.6
2024-03-23T17:08:23Z,26.546545,-77.052265,0.26,8.7,1,7,1.6
2024-03-23T17:08:28Z,26.546577,-77.052245,0.36,52.3,1,7,1.6
2024-03-23T17:08:33Z,26.546547,-77.052238,1.56,232.2,1,7,1.6
2024-03-23T17:08:43Z,26.546447,-77.052200,1.25,79.2,1,8,1.4
2024-03-23T17:08:48Z,26.546427,-77.052210,0.74,192.5,1,7,1.6
2024-03-23T17:08:53Z,26.546450,-77.052240,1.03,23.9,1,7,1.6
2024-03-23T17:08:58Z,26.546477,-77.052292,2.48,229.9,1,6,1.9
2024-03-23T17:09:03Z,26.546495,-77.052315,2.09,52.6,1,6,1.9
2024-03-23T17:09:08Z,26.546530,-77.052282,0.16,307.5,1,8,1.4
2024-03-23T17:09:18Z,26.546512,-77.052280,2.05,57.5,1,6,1.5
2024-03-23T17:09:23Z,26.546515,-77.052270,0.18,108.3,1,8,1.4
2024-03-23T17:09:28Z,26.546512,-77.052303,1.18,204.6,1,8,1.4
2024-03-23T17:09:33Z,26.546500,-77.052310,0.92,235.2,1,8,1.4
2024-03-23T17:09:38Z,26.546522,-77.052290,0.55,115.2,1,8,1.4
2024-03-23T17:09:48Z,26.546497,-77.052285,1.14,156.3,1,8,1.4
2024-03-23T17:09:53Z,26.546502,-77.052323,0.93,251.0,1,8,1.4
2024-03-23T17:09:58Z,26.546503,-77.052342,0.83,110.6,1,8,1.4
2024-03-23T17:10:03Z,26.546483,-77.052308,0.42,93.2,1,8,1.4
2024-03-23T17:10:08Z,26.546498,-77.052300,0.37,86.3,1,8,1.4
2024-03-23T17:10:13Z,26.546503,-77.052292,0.32,211.6,1,8,1.4
2024-03-23T17:10:18Z,26.546477,-77.052305,0.91,211.7,1,8,1.4
2024-03-23T17:10:23Z,26.546468,-77.052295,1.11,116.8,1,8,1.4
2024-03-23T17:10:28Z,26.546503,-77.052300,1.65,337.8,1,7,2.3
2024-03-23T17:10:33Z,26.546535,-77.052305,1.44,22.7,1,7,2.3
2024-03-23T17:10:38Z,26.546547,-77.052315,0.52,317.2,1,6,2.4
2024-03-23T17:10:43Z,26.546518,-77.052310,0.56,340.2,1,6,1.7
2024-03-23T17:10:53Z,26.546530,-77.052262,0.43,32.9,1,7,1.4
2024-03-23T17:10:58Z,26.546513,-77.052267,0.90,218.7,1,7,1.4
2024-03-23T17:11:03Z,26.546490,-77.052265,0.25,27.5,1,7,1.5
2024-03-23T17:11:08Z,26.546533,-77.052230,1.72,29.3,1,6,1.8
2024-03-23T17:11:13Z,26.546553,-77.052158,1.17,177.1,1,6,1.8
2024-03-23T17:11:23Z,26.546495,-77.052305,0.63,64.5,1,6,1.6
2024-03-23T17:11:28Z,26.546472,-77.052300,0.79,189.2,1,8,1.3
2024-03-23T17:11:33Z,26.546465,-77.052340,0.65,198.9,1,6,1.6
2024-03-23T17:11:38Z,26.546440,-77.052327,1.16,77.3,1,5,1.9
2024-03-23T17:11:43Z,26.546477,-77.052307,0.89,12.9,1,7,1.4
2024-03-23T17:11:53Z,26.546472,-77.052270,0.27,218.9,1,7,1.4
2024-03-23T17:11:58Z,26.546445,-77.052277,1.26,244.2,1,8,1.3
2024-03-23T17:12:03Z,26.546453,-77.052257,0.45,122.0,1,7,1.5
2024-03-23T17:12:08Z,26.546472,-77.052257,0.51,306.6,1,7,1.5
2024-03-23T17:12:13Z,26.546488,-77.052245,0.20,90.5,1,8,1.3
2024-03-23T17:12:18Z,26.546495,-77.052222,1.02,160.9,1,8,1.3
2024-03-23T17:12:28Z,26.546503,-77.052227,0.80,89.2,1,8,1.3
2024-03-23T17:12:33Z,26.546497,-77.052267,0.89,247.5,1,8,1.3
2024-03-23T17:12:38Z,26.546450,-77.052300,3.28,225.1,1,8,1.3
2024-03-23T17:12:43Z,26.546457,-77.052295,1.28,137.8,1,8,1.3
2024-03-23T17:12:48Z,26.546450,-77.052263,1.34,103.3,1,8,1.3
2024-03-23T17:12:53Z,26.546452,-77.052253,1.11,354.9,1,6,1.4
2024-03-23T17:13:03Z,26.546542,-77.052200,0.58,197.3,1,7,1.4
2024-03-23T17:13:08Z,26.546552,-77.052247,0.54,311.2,1,7,1.4
2024-03-23T17:13:13Z,26.546550,-77.052272,0.55,350.6,1,6,1.5
2024-03-23T17:13:18Z,26.546565,-77.052263,0.96,311.3,1,6,1.5
2024-03-23T17:13:23Z,26.546567,-77.052242,3.01,80.5,1,6,1.6
2024-03-23T17:13:28Z,26.546580,-77.052200,1.24,65.9,1,6,1.4
2024-03-23T17:13:33Z,26.546573,-77.052215,0.61,177.7,1,8,1.3
2024-03-23T17:13:38Z,26.546562,-77.052250,1.25,241.4,1,6,1.6
2024-03-23T17:13:43Z,26.546532,-77.052308,0.68,153.0,1,5,1.6
2024-03-23T17:13:48Z,26.546513,-77.052307,0.24,152.8,1,6,1.6
2024-03-23T17:13:53Z,26.546510,-77.052297,0.59,135.6,1,7,1.5
2024-03-23T17:14:03Z,26.546512,-77.052310,0.95,212.3,1,6,1.7
2024-03-23T17:14:08Z,26.546510,-77.052308,0.35,169.3,1,6,1.7
2024-03-23T17:14:13Z,26.546525,-77.052323,0.49,62.4,1,7,1.5
2024-03-23T17:14:18Z,26.546512,-77.052288,0.72,108.1,1,6,1.7
2024-03-23T17:14:23Z,26.546530,-77.052293,0.91,27.5,1,4,3.0
2024-03-23T17:14:28Z,26.546502,-77.052312,1.31,231.3,1,7,1.5
2024-03-23T17:14:38Z,26.546495,-77.052255,1.49,74.2,1,8,1.3
2024-03-23T17:14:43Z,26.546467,-77.052253,0.87,219.8,1,8,1.3
2024-03-23T17:14:48Z,26.546475,-77.052240,0.72,103.4,1,7,1.5
2024-03-23T17:14:53Z,26.546535,-77.052260,2.08,281.1,1,6,1.8
2024-03-23T17:14:58Z,26.546547,-77.052277,0.83,312.0,1,6,1.8
2024-03-23T17:15:08Z,26.546528,-77.052258,1.58,139.6,1,7,1.5
2024-03-23T17:15:13Z,26.546470,-77.052260,1.45,195.4,1,6,1.7
2024-03-23T17:15:18Z,26.546438,-77.052265,0.84,162.5,1,7,1.5
2024-03-23T17:15:23Z,26.546442,-77.052250,0.41,149.5,1,7,1.5
2024-03-23T17:15:28Z,26.546443,-77.052270,2.68,231.0,1,6,2.3
2024-03-23T17:15:33Z,26.546402,-77.052323,0.65,227.8,1,4,2.4
2024-03-23T17:15:38Z,26.546400,-77.052308,1.06,170.5,1,6,1.7
2024-03-23T17:15:43Z,26.546392,-77.052297,1.47,245.3,1,6,1.7
2024-03-23T17:15:48Z,26.546435,-77.052280,1.36,99.4,1,6,2.3
2024-03-23T17:15:53Z,26.546452,-77.052257,0.59,193.5,1,7,1.4
2024-03-23T17:15:58Z,26.546515,-77.052283,1.06,284.1,1,7,1.4
2024-03-23T17:16:08Z,26.546545,-77.052307,0.36,285.9,1,7,1.4
2024-03-23T17:16:13Z,26.546522,-77.052312,0.58,229.3,1,7,1.4
2024-03-23T17:16:18Z,26.546483,-77.052310,0.74,178.5,1,7,1.4
2024-03-23T17:16:23Z,26.546500,-77.052312,0.70,82.2,1,7,1.4
2024-03-23T17:16:28Z,26.546490,-77.052330,1.32,231.8,1,5,1.9
2024-03-23T17:16:33Z,26.546498,-77.052330,0.65,97.4,1,7,1.4
2024-03-23T17:16:43Z,26.546547,-77.052323,0.59,275.9,1,5,3.4
2024-03-23T17:16:48Z,26.546547,-77.052300,0.52,262.8,1,6,1.6
2024-03-23T17:16:53Z,26.546492,-77.052258,0.63,145.6,1,6,1.7
2024-03-23T17:16:58Z,26.546488,-77.052280,0.61,70.8,1,7,1.4
2024-03-23T17:17:03Z,26.546515,-77.052275,0.57,236.5,1,6,1.6
2024-03-23T17:17:13Z,26.546548,-77.052308,2.91,269.4,1,6,1.7
2024-03-23T17:17:18Z,26.546502,-77.052327,0.87,225.3,1,6,1.7
2024-03-23T17:17:23Z,26.546490,-77.052288,1.32,190.4,1,7,1.4
2024-03-23T17:17:28Z,26.546427,-77.052290,1.10,150.4,1,7,1.4
2024-03-23T17:17:33Z,26.546433,-77.052323,1.15,232.3,1,7,1.4
2024-03-23T17:17:43Z,26.546445,-77.052252,0.55,98.0,1,7,1.4
2024-03-23T17:17:48Z,26.546432,-77.052242,1.34,191.6,1,7,1.4
2024-03-23T17:17:53Z,26.546395,-77.052202,1.17,123.3,1,5,1.6
2024-03-23T17:17:58Z,26.546393,-77.052212,0.33,282.4,1,7,1.4
2024-03-23T17:18:03Z,26.546408,-77.052222,0.83,204.6,1,6,1.7
2024-03-23T17:18:08Z,26.546452,-77.052245,2.35,283.9,1,5,3.6
2024-03-23T17:18:18Z,26.546505,-77.052248,0.32,96.0,1,7,1.4
2024-03-23T17:18:23Z,26.546547,-77.052270,0.25,350.3,1,7,1.4
2024-03-23T17:18:28Z,26.546543,-77.052272,0.23,314.9,1,7,1.4
2024-03-23T17:18:33Z,26.546573,-77.052262,0.34,325.4,1,7,1.4
2024-03-23T17:18:38Z,26.546577,-77.052298,2.50,233.3,1,7,1.4
2024-03-23T17:18:48Z,26.546587,-77.052293,0.28,281.9,1,7,1.4
2024-03-23T17:18:53Z,26.546578,-77.052302,1.00,68.0,1,7,1.4
2024-03-23T17:18:58Z,26.546582,-77.052312,0.51,302.9,1,7,1.4
2024-03-23T17:19:03Z,26.546568,-77.052258,0.63,100.6,1,7,1.4
2024-03-23T17:19:08Z,26.546568,-77.052253,1.20,83.9,1,7,1.4
2024-03-23T17:19:13Z,26.546573,-77.052228,1.81,82.5,1,7,1.4
2024-03-23T17:19:18Z,26.546568,-77.052250,0.38,239.1,1,7,1.4
2024-03-23T17:19:23Z,26.546582,-77.052248,0.38,107.2,1,7,1.4
2024-03-23T17:19:28Z,26.546578,-77.052277,0.13,239.4,1,6,1.7
2024-03-23T17:19:33Z,26.546570,-77.052298,0.17,202.4,1,8,1.2
2024-03-23T17:19:38Z,26.546570,-77.052290,0.58,92.4,1,8,1.2
2024-03-23T17:19:43Z,26.546570,-77.052287,0.05,223.5,1,7,1.4
2024-03-23T17:19:48Z,26.546568,-77.052278,0.18,170.4,1,8,1.2
2024-03-23T17:19:53Z,26.546585,-77.052245,0.24,139.8,1,7,1.4
2024-03-23T17:19:58Z,26.546585,-77.052268,0.16,201.6,1,8,1.2
2024-03-23T17:20:03Z,26.546582,-77.052300,0.32,233.7,1,8,1.2
2024-03-23T17:20:08Z,26.546582,-77.052298,0.83,249.1,1,7,1.4
2024-03-23T17:20:13Z,26.546578,-77.052283,0.48,109.6,1,8,1.2
2024-03-23T17:20:23Z,26.546567,-77.052275,0.86,174.8,1,7,1.4
2024-03-23T17:20:28Z,26.546575,-77.052287,0.54,255.2,1,8,1.2
2024-03-23T17:20:33Z,26.546573,-77.052290,0.07,320.6,1,8,1.2
2024-03-23T17:20:38Z,26.546568,-77.052278,0.89,245.7,1,8,1.2
2024-03-23T17:20:43Z,26.546558,-77.052270,0.55,118.5,1,7,1.4
2024-03-23T17:20:48Z,26.546558,-77.052287,0.27,108.1,1,7,1.4
2024-03-23T17:20:53Z,26.546565,-77.052262,0.17,138.2,1,7,1.4
2024-03-23T17:20:58Z,26.546562,-77.052243,0.28,168.8,1,6,1.7
2024-03-23T17:21:03Z,26.546553,-77.052263,0.55,208.4,1,7,1.4
2024-03-23T17:21:08Z,26.546538,-77.052267,0.04,108.9,1,7,1.4
2024-03-23T17:21:13Z,26.546542,-77.052255,0.59,225.6,1,7,1.4
2024-03-23T17:21:18Z,26.546548,-77.052257,0.24,119.8,1,7,1.4
2024-03-23T17:21:23Z,26.546543,-77.052250,0.42,168.2,1,7,1.4
2024-03-23T17:21:28Z,26.546538,-77.052247,0.39,231.7,1,7,1.2
2024-03-23T17:21:33Z,26.546542,-77.052283,0.94,260.2,1,6,1.6
2024-03-23T17:21:38Z,26.546548,-77.052282,0.34,233.9,1,7,1.4
2024-03-23T17:21:43Z,26.546560,-77.052290,0.20,7.5,1,7,1.4
2024-03-23T17:21:48Z,26.546552,-77.052290,0.39,98.8,1,7,1.4
2024-03-23T17:21:53Z,26.546560,-77.052287,0.30,230.0,1,6,2.0
2024-03-23T17:21:58Z,26.546578,-77.052268,0.37,203.9,1,7,1.4
2024-03-23T17:22:03Z,26.546562,-77.052263,0.25,152.9,2,8,1.2
2024-03-23T17:22:08Z,26.546560,-77.052260,0.39,139.5,2,7,1.4
2024-03-23T17:22:13Z,26.546562,-77.052260,0.23,256.9,2,8,1.2
2024-03-23T17:22:18Z,26.546563,-77.052255,0.58,100.5,2,7,1.4
2024-03-23T17:22:28Z,26.546560,-77.052263,0.48,256.7,2,7,1.3
2024-03-23T17:22:33Z,26.546555,-77.052252,0.17,156.4,2,7,1.3
2024-03-23T17:22:38Z,26.546550,-77.052257,0.28,135.2,2,7,1.2
2024-03-23T17:22:43Z,26.546543,-77.052267,0.17,131.3,2,7,1.3
2024-03-23T17:22:48Z,26.546550,-77.052300,0.08,236.2,2,6,1.4
2024-03-23T17:22:53Z,26.546543,-77.052283,0.59,100.2,2,7,1.3
2024-03-23T17:22:58Z,26.546542,-77.052263,0.40,97.9,2,7,1.3
2024-03-23T17:23:03Z,26.546537,-77.052260,1.00,121.1,1,7,1.3
2024-03-23T17:23:08Z,26.546538,-77.052268,0.68,127.8,1,7,1.3
2024-03-23T17:23:13Z,26.546540,-77.052278,0.70,274.2,1,7,1.3
2024-03-23T17:23:18Z,26.546557,-77.052277,0.23,23.7,1,7,1.3
2024-03-23T17:23:23Z,26.546555,-77.052278,0.27,157.9,1,7,1.3
2024-03-23T17:23:28Z,26.546542,-77.052255,0.38,155.4,1,7,1.2
2024-03-23T17:23:33Z,26.546540,-77.052247,0.99,120.0,1,8,1.2
2024-03-23T17:23:38Z,26.546543,-77.052245,0.77,88.1,1,7,1.3
2024-03-23T17:23:43Z,26.546550,-77.052243,1.19,311.8,1,8,1.2
2024-03-23T17:23:48Z,26.546560,-77.052250,1.20,329.3,1,8,1.2
2024-03-23T17:23:53Z,26.546598,-77.052238,1.91,321.0,2,8,1.2
2024-03-23T17:24:03Z,26.546648,-77.052282,0.85,307.8,2,8,1.2
2024-03-23T17:24:08Z,26.546672,-77.052310,0.82,318.8,2,8,1.2
2024-03-23T17:24:13Z,26.546693,-77.052337,2.04,311.1,2,8,1.2
2024-03-23T17:24:18Z,26.546723,-77.052368,1.40,359.3,2,8,1.2
2024-03-23T17:24:23Z,26.546733,-77.052370,0.68,17.2,2,8,1.2
2024-03-23T17:24:28Z,26.546735,-77.052375,0.19,179.6,2,8,1.2
2024-03-23T17:24:38Z,26.546732,-77.052373,0.21,154.8,2,8,1.2
2024-03-23T17:24:43Z,26.546732,-77.052378,0.16,128.4,2,8,1.2
2024-03-23T17:24:48Z,26.546733,-77.052378,0.45,285.7,2,8,1.2
2024-03-23T17:24:53Z,26.546737,-77.052380,0.22,167.2,2,7,1.2
2024-03-23T17:24:58Z,26.546737,-77.052378,0.18,161.2,2,8,1.2
2024-03-23T17:25:03Z,26.546737,-77.052380,0.15,58.8,2,9,0.9
2024-03-23T17:25:13Z,26.546743,-77.052378,0.29,141.4,2,9,0.9
2024-03-23T17:25:18Z,26.546740,-77.052382,0.20,120.8,2,9,0.9
2024-03-23T17:25:23Z,26.546738,-77.052385,0.11,117.5,2,9,0.9
2024-03-23T17:25:28Z,26.546740,-77.052385,0.30,9.8,2,9,0.9
2024-03-23T17:25:33Z,26.546742,-77.052387,0.25,149.4,2,9,0.9
2024-03-23T17:25:38Z,26.546742,-77.052385,0.17,120.2,2,9,0.9
2024-03-23T17:25:48Z,26.546743,-77.052383,0.18,114.8,2,9,0.9
2024-03-23T17:25:53Z,26.546743,-77.052382,0.15,132.7,2,9,0.9
2024-03-23T17:25:58Z,26.546743,-77.052382,0.05,94.2,2,9,0.9
2024-03-23T17:26:03Z,26.546745,-77.052383,0.04,233.0,2,9,0.9
2024-03-23T17:26:08Z,26.546745,-77.052385,0.14,114.5,2,9,0.9
2024-03-23T17:26:13Z,26.546747,-77.052383,0.14,125.5,2,9,0.9
2024-03-23T17:26:18Z,26.546748,-77.052383,0.14,293.9,2,9,0.9
2024-03-23T17:26:23Z,26.546747,-77.052382,0.18,162.0,2,9,0.9
2024-03-23T17:26:28Z,26.546747,-77.052380,0.08,122.3,2,9,0.9
2024-03-23T17:26:33Z,26.546747,-77.052382,0.10,179.5,2,10,0.9
2024-03-23T17:26:38Z,26.546747,-77.052382,0.24,94.9,2,10,0.9
2024-03-23T17:26:43Z,26.546748,-77.052385,0.30,290.0,2,10,0.9
2024-03-23T17:26:48Z,26.546755,-77.052393,0.17,244.9,2,10,0.9
2024-03-23T17:26:53Z,26.546755,-77.052385,0.58,308.5,2,10,0.9
2024-03-23T17:26:58Z,26.546765,-77.052392,0.80,3.8,2,10,0.9
2024-03-23T17:27:03Z,26.546760,-77.052407,0.81,194.4,2,10,0.9
2024-03-23T17:27:08Z,26.546748,-77.052420,0.38,246.9,2,10,0.9
2024-03-23T17:27:13Z,26.546750,-77.052440,0.60,303.2,2,10,0.9
2024-03-23T17:27:18Z,26.546762,-77.052448,0.10,111.5,2,10,0.9
2024-03-23T17:27:23Z,26.546763,-77.052448,0.12,352.4,2,10,0.9
2024-03-23T17:27:28Z,26.546767,-77.052455,0.70,237.2,2,10,0.9
2024-03-23T17:27:38Z,26.546757,-77.052475,0.55,272.4,2,10,0.9
2024-03-23T17:27:43Z,26.546768,-77.052485,0.47,123.6,2,10,0.9
2024-03-23T17:27:48Z,26.546770,-77.052492,0.36,233.7,2,9,0.9
2024-03-23T17:27:53Z,26.546777,-77.052502,0.79,326.4,2,10,0.9
2024-03-23T17:27:58Z,26.546790,-77.052512,0.56,254.2,2,10,0.9
2024-03-23T17:28:03Z,26.546797,-77.052518,0.05,4.9,2,10,0.9
2024-03-23T17:28:08Z,26.546795,-77.052520,0.14,248.2,2,10,0.9
2024-03-23T17:28:13Z,26.546790,-77.052523,0.14,86.2,2,10,0.9
2024-03-23T17:28:18Z,26.546788,-77.052527,0.14,244.5,2,10,0.9
2024-03-23T17:28:23Z,26.546792,-77.052520,0.04,348.1,2,10,0.9
2024-03-23T17:28:28Z,26.546790,-77.052522,0.20,192.0,2,10,0.9
2024-03-23T17:28:33Z,26.546790,-77.052523,0.21,191.4,2,10,0.9
2024-03-23T17:28:38Z,26.546788,-77.052523,0.19,84.0,2,10,0.9
2024-03-23T17:28:43Z,26.546783,-77.052520,0.16,128.3,2,10,0.9
2024-03-23T17:28:53Z,26.546778,-77.052530,0.23,265.7,2,10,0.9
2024-03-23T17:28:58Z,26.546773,-77.052522,0.13,238.7,2,9,1.1
2024-03-23T17:29:03Z,26.546768,-77.052527,0.40,229.2,2,9,1.1
2024-03-23T17:29:08Z,26.546760,-77.052532,0.38,72.2,2,9,1.1
2024-03-23T17:29:13Z,26.546762,-77.052522,0.38,99.2,2,9,1.1
2024-03-23T17:29:18Z,26.546763,-77.052535,0.30,194.3,2,10,0.9
2024-03-23T17:29:23Z,26.546778,-77.052527,0.38,92.2,2,9,0.9
2024-03-23T17:29:28Z,26.546785,-77.052535,0.26,106.2,2,9,0.9
2024-03-23T17:29:33Z,26.546785,-77.052528,0.14,122.6,2,9,0.9
2024-03-23T17:29:38Z,26.546780,-77.052522,0.32,112.4,2,9,0.9
2024-03-23T17:29:43Z,26.546780,-77.052522,0.10,110.0,2,9,0.9
2024-03-23T17:29:48Z,26.546778,-77.052522,0.10,314.5,2,9,0.9
2024-03-23T17:29:53Z,26.546773,-77.052525,0.22,287.1,2,9,0.9
2024-03-23T17:29:58Z,26.546778,-77.052535,0.29,346.1,2,9,0.9
2024-03-23T17:30:03Z,26.546777,-77.052535,0.40,141.3,2,9,0.9
2024-03-23T17:30:08Z,26.546770,-77.052542,0.39,48.2,2,8,1.2
2024-03-23T17:30:13Z,26.546768,-77.052538,0.19,80.9,2,8,1.2
2024-03-23T17:30:18Z,26.546775,-77.052535,0.16,209.1,2,8,1.2
2024-03-23T17:30:23Z,26.546778,-77.052537,0.07,128.5,2,8,1.2
2024-03-23T17:30:28Z,26.546778,-77.052537,0.39,221.3,2,8,1.2
2024-03-23T17:30:38Z,26.546777,-77.052532,0.17,109.8,2,9,1.0
2024-03-23T17:30:43Z,26.546780,-77.052522,0.16,64.2,2,9,1.0
2024-03-23T17:30:48Z,26.546783,-77.052512,0.18,84.8,2,10,0.8
2024-03-23T17:30:53Z,26.546777,-77.052530,0.02,118.2,2,9,1.0
2024-03-23T17:30:58Z,26.546777,-77.052535,0.07,280.4,2,9,1.0
2024-03-23T17:31:03Z,26.546782,-77.052532,0.26,77.2,2,9,1.0
2024-03-23T17:31:13Z,26.546785,-77.052535,0.03,333.5,2,10,0.8
2024-03-23T17:31:18Z,26.546788,-77.052533,0.20,261.9,2,10,0.8
2024-03-23T17:31:23Z,26.546778,-77.052533,0.32,93.0,2,10,0.8
2024-03-23T17:31:28Z,26.546783,-77.052532,0.09,357.1,2,10,0.8
2024-03-23T17:31:33Z,26.546782,-77.052535,0.30,130.8,2,10,0.8
2024-03-23T17:31:38Z,26.546775,-77.052538,0.05,226.3,2,10,0.8
2024-03-23T17:31:43Z,26.546773,-77.052542,0.13,312.7,2,10,0.8
2024-03-23T17:31:48Z,26.546773,-77.052543,0.23,141.0,2,9,1.0
2024-03-23T17:31:53Z,26.546772,-77.052537,0.09,50.9,2,9,1.0
2024-03-23T17:31:58Z,26.546772,-77.052533,0.15,7.3,2,9,1.0
2024-03-23T17:32:03Z,26.546772,-77.052532,0.03,165.5,2,9,1.0
2024-03-23T17:32:08Z,26.546775,-77.052528,0.11,323.8,2,9,1.0
2024-03-23T17:32:13Z,26.546773,-77.052523,0.09,155.6,2,9,1.0
2024-03-23T17:32:23Z,26.546773,-77.052527,0.25,299.2,2,10,0.8
2024-03-23T17:32:28Z,26.546773,-77.052528,0.05,139.9,2,10,0.8
2024-03-23T17:32:33Z,26.546773,-77.052527,0.13,37.4,2,10,0.8
2024-03-23T17:32:38Z,26.546772,-77.052528,0.22,222.7,2,10,0.8
2024-03-23T17:32:43Z,26.546773,-77.052530,0.03,75.3,2,10,0.8
2024-03-23T17:32:48Z,26.546777,-77.052535,0.16,255.3,2,10,0.8
2024-03-23T17:32:58Z,26.546777,-77.052532,0.02,247.8,2,10,0.8
2024-03-23T17:33:03Z,26.546777,-77.052538,0.22,245.2,2,10,0.8
2024-03-23T17:33:08Z,26.546778,-77.052542,0.25,64.0,2,10,0.8
2024-03-23T17:33:13Z,26.546783,-77.052543,0.08,322.2,2,10,0.8
2024-03-23T17:33:18Z,26.546787,-77.052545,0.13,315.1,2,10,0.8
2024-03-23T17:33:23Z,26.546788,-77.052538,0.03,44.8,2,10,0.8
2024-03-23T17:33:28Z,26.546788,-77.052543,0.05,90.4,2,10,0.8
2024-03-23T17:33:33Z,26.546790,-77.052542,0.07,113.9,2,10,0.8
2024-03-23T17:33:38Z,26.546792,-77.052538,0.13,210.9,2,9,0.9
2024-03-23T17:33:43Z,26.546788,-77.052545,0.20,327.4,2,9,0.9
2024-03-23T17:33:48Z,26.546788,-77.052542,0.15,233.2,2,9,0.9
2024-03-23T17:33:53Z,26.546788,-77.052542,0.12,228.2,2,10,0.8
2024-03-23T17:33:58Z,26.546787,-77.052540,0.19,327.1,2,9,0.9
2024-03-23T17:34:08Z,26.546783,-77.052542,0.06,296.8,2,10,0.8
2024-03-23T17:34:13Z,26.546787,-77.052538,0.08,180.5,2,10,0.8
2024-03-23T17:34:18Z,26.546788,-77.052538,0.09,330.1,2,10,0.8
2024-03-23T17:34:23Z,26.546790,-77.052540,0.24,247.3,2,10,0.8
2024-03-23T17:34:28Z,26.546788,-77.052542,0.03,50.7,2,10,0.8
2024-03-23T17:34:33Z,26.546785,-77.052550,0.11,256.0,2,10,0.8
2024-03-23T17:34:38Z,26.546783,-77.052557,0.20,253.9,2,10,0.8
2024-03-23T17:34:43Z,26.546787,-77.052555,0.12,83.2,2,10,0.8
2024-03-23T17:34:48Z,26.546790,-77.052547,0.15,177.3,2,10,0.8
2024-03-23T17:34:53Z,26.546792,-77.052545,0.11,236.9,2,10,0.8
2024-03-23T17:34:58Z,26.546792,-77.052552,0.05,170.3,2,10,0.8
2024-03-23T17:35:03Z,26.546793,-77.052555,0.10,252.1,2,10,0.8
2024-03-23T17:35:08Z,26.546795,-77.052553,0.03,221.6,2,10,0.8
2024-03-23T17:35:13Z,26.546795,-77.052557,0.19,201.8,2,10,0.8
2024-03-23T17:35:23Z,26.546792,-77.052557,0.09,222.5,2,10,0.8
2024-03-23T17:35:28Z,26.546793,-77.052557,0.13,357.3,2,10,0.8
2024-03-23T17:35:33Z,26.546792,-77.052553,0.14,100.1,2,10,0.8
2024-03-23T17:35:38Z,26.546792,-77.052552,0.09,222.4,2,10,0.8
2024-03-23T17:35:43Z,26.546790,-77.052547,0.05,192.4,2,10,0.8
2024-03-23T17:35:48Z,26.546788,-77.052543,0.06,350.6,2,10,0.8
2024-03-23T17:35:53Z,26.546790,-77.052542,0.03,15.5,2,10,0.8
2024-03-23T17:35:58Z,26.546790,-77.052537,0.24,186.4,2,10,0.8
2024-03-23T17:36:03Z,26.546788,-77.052535,0.14,228.8,2,10,0.8
2024-03-23T17:36:08Z,26.546788,-77.052535,0.08,80.2,2,10,0.8
2024-03-23T17:36:13Z,26.546788,-77.052533,0.16,299.4,2,10,0.8
2024-03-23T17:36:18Z,26.546790,-77.052530,0.08,356.2,2,10,0.8
2024-03-23T17:36:23Z,26.546790,-77.052530,0.14,275.9,2,10,0.8
2024-03-23T17:36:28Z,26.546790,-77.052528,0.15,94.9,2,10,0.8
2024-03-23T17:36:38Z,26.546788,-77.052525,0.20,348.9,2,10,0.8
2024-03-23T17:36:43Z,26.546787,-77.052522,0.31,100.1,2,10,0.8
2024-03-23T17:36:48Z,26.546785,-77.052518,0.03,330.2,2,10,0.8
2024-03-23T17:36:53Z,26.546788,-77.052520,0.15,59.2,2,10,0.8
2024-03-23T17:36:58Z,26.546785,-77.052520,0.11,215.5,2,10,0.8
2024-03-23T17:37:03Z,26.546783,-77.052522,0.22,303.2,2,10,0.8
2024-03-23T17:37:08Z,26.546783,-77.052523,0.28,134.6,2,10,0.8
2024-03-23T17:37:13Z,26.546782,-77.052522,0.13,99.1,2,10,0.8
2024-03-23T17:37:18Z,26.546782,-77.052522,0.21,76.4,2,10,0.8
2024-03-23T17:37:23Z,26.546783,-77.052523,0.10,29.5,2,10,0.8
2024-03-23T17:37:28Z,26.546782,-77.052522,0.24,138.2,2,10,0.8
2024-03-23T17:37:33Z,26.546783,-77.052523,0.14,2.1,2,10,0.8
2024-03-23T17:37:38Z,26.546785,-77.052527,0.08,262.2,2,10,0.8
2024-03-23T17:37:43Z,26.546785,-77.052525,0.38,56.8,2,10,0.8
2024-03-23T17:37:48Z,26.546787,-77.052523,0.08,339.2,2,10,0.8
2024-03-23T17:37:53Z,26.546783,-77.052523,0.29,135.1,2,10,0.8
2024-03-23T17:37:58Z,26.546783,-77.052520,0.14,26.1,2,10,0.8
2024-03-23T17:38:03Z,26.546782,-77.052520,0.06,101.4,2,10,0.8
2024-03-23T17:38:08Z,26.546780,-77.052520,0.04,29.5,2,10,0.8
2024-03-23T17:38:13Z,26.546780,-77.052515,0.28,100.7,2,10,0.8
2024-03-23T17:38:18Z,26.546778,-77.052517,0.09,288.2,2,10,0.8
2024-03-23T17:38:28Z,26.546777,-77.052518,0.04,252.5,2,10,0.8
2024-03-23T17:38:33Z,26.546777,-77.052518,0.08,143.9,2,10,0.8
2024-03-23T17:38:38Z,26.546773,-77.052517,0.09,154.8,2,10,0.8
2024-03-23T17:38:43Z,26.546773,-77.052517,0.14,32.8,2,10,0.8
2024-03-23T17:38:48Z,26.546773,-77.052517,0.07,318.7,2,10,0.8
2024-03-23T17:38:53Z,26.546773,-77.052518,0.04,18.1,2,10,0.8
2024-03-23T17:38:58Z,26.546772,-77.052518,0.19,148.2,2,10,0.8
2024-03-23T17:39:03Z,26.546772,-77.052520,0.10,108.7,2,10,0.8
2024-03-23T17:39:08Z,26.546773,-77.052520,0.31,74.1,2,10,0.8
2024-03-23T17:39:13Z,26.546773,-77.052520,0.11,118.8,2,10,0.8
2024-03-23T17:39:18Z,26.546772,-77.052520,0.16,90.5,2,10,0.8
2024-03-23T17:39:23Z,26.546772,-77.052518,0.07,27.7,2,10,0.8
2024-03-23T17:39:28Z,26.546770,-77.052520,0.25,126.3,2,10,0.8
2024-03-23T17:39:33Z,26.546772,-77.052518,0.15,7.8,2,10,0.8
2024-03-23T17:39:38Z,26.546772,-77.052520,0.12,69.9,2,10,0.8
2024-03-23T17:39:43Z,26.546768,-77.052522,0.18,198.5,2,9,1.0
2024-03-23T17:39:48Z,26.546772,-77.052523,0.21,208.4,2,9,1.0
2024-03-23T17:39:53Z,26.546770,-77.052525,0.19,186.4,2,9,1.0
2024-03-23T17:39:58Z,26.546772,-77.052528,0.04,43.3,2,9,1.0
2024-03-23T17:40:03Z,26.546773,-77.052528,0.12,145.0,2,10,0.8
2024-03-23T17:40:08Z,26.546777,-77.052532,0.04,109.9,2,9,1.0
2024-03-23T17:40:13Z,26.546778,-77.052532,0.15,239.8,2,9,1.0
2024-03-23T17:40:18Z,26.546780,-77.052533,0.23,342.6,2,9,1.0
2024-03-23T17:40:23Z,26.546780,-77.052537,0.09,9.9,2,9,1.0
2024-03-23T17:40:28Z,26.546782,-77.052538,0.14,343.0,2,9,1.0
2024-03-23T17:40:33Z,26.546782,-77.052542,0.03,201.7,2,9,1.0
2024-03-23T17:40:38Z,26.546783,-77.052543,0.18,302.0,2,10,0.8
2024-03-23T17:40:43Z,26.546783,-77.052543,0.13,74.0,2,9,1.0
2024-03-23T17:40:48Z,26.546785,-77.052543,0.09,276.7,2,10,0.8
2024-03-23T17:40:53Z,26.546780,-77.052538,0.14,234.1,2,9,1.0
2024-03-23T17:40:58Z,26.546780,-77.052540,0.16,66.9,2,9,1.0
2024-03-23T17:41:03Z,26.546783,-77.052540,0.06,345.2,2,9,1.0
2024-03-23T17:41:08Z,26.546785,-77.052540,0.16,91.8,2,9,1.0
2024-03-23T17:41:13Z,26.546787,-77.052540,0.13,158.3,2,9,1.0
2024-03-23T17:41:23Z,26.546788,-77.052543,0.60,315.6,2,10,0.8
2024-03-23T17:41:28Z,26.546785,-77.052543,0.34,290.7,2,10,0.8
2024-03-23T17:41:33Z,26.546785,-77.052543,0.14,41.3,2,10,0.8
2024-03-23T17:41:38Z,26.546778,-77.052535,0.04,303.9,2,10,0.8
2024-03-23T17:41:43Z,26.546778,-77.052537,0.11,232.1,2,10,0.8
2024-03-23T17:41:48Z,26.546778,-77.052535,0.11,327.7,2,10,0.8
2024-03-23T17:41:53Z,26.546773,-77.052532,0.02,187.2,2,10,0.8
2024-03-23T17:42:03Z,26.546813,-77.052557,0.10,6.1,2,10,0.8
2024-03-23T17:42:08Z,26.546812,-77.052555,0.05,118.3,2,10,0.8
2024-03-23T17:42:13Z,26.546802,-77.052547,0.64,133.5,2,10,0.8
2024-03-23T17:42:18Z,26.546795,-77.052547,0.17,141.2,2,10,0.8
2024-03-23T17:42:23Z,26.546790,-77.052545,0.23,128.9,2,10,0.8
2024-03-23T17:42:28Z,26.546788,-77.052545,0.08,34.0,2,10,0.8
2024-03-23T17:42:33Z,26.546788,-77.052552,0.40,307.4,2,10,0.8
2024-03-23T17:42:38Z,26.546787,-77.052552,0.11,320.0,2,10,0.8
2024-03-23T17:42:43Z,26.546783,-77.052545,0.08,351.0,2,10,0.8
2024-03-23T17:42:48Z,26.546782,-77.052542,0.08,290.1,2,10,0.8
2024-03-23T17:42:53Z,26.546780,-77.052540,0.09,177.4,2,10,0.8
2024-03-23T17:42:58Z,26.546778,-77.052535,0.13,69.9,2,10,0.8
2024-03-23T17:43:03Z,26.546777,-77.052532,0.34,135.7,2,10,0.8
2024-03-23T17:43:08Z,26.546772,-77.052525,0.16,103.3,2,10,0.8
2024-03-23T17:43:18Z,26.546777,-77.052532,0.28,312.1,2,10,0.8
2024-03-23T17:43:23Z,26.546777,-77.052528,0.25,321.8,2,10,0.8
2024-03-23T17:43:28Z,26.546773,-77.052530,0.16,128.1,2,10,0.8
2024-03-23T17:43:33Z,26.546777,-77.052530,0.13,98.2,2,10,0.8
2024-03-23T17:43:38Z,26.546783,-77.052532,0.16,185.6,2,10,0.8
2024-03-23T17:43:43Z,26.546785,-77.052528,0.30,136.4,2,10,0.8
2024-03-23T17:43:48Z,26.546783,-77.052525,0.25,116.0,2,9,1.0
2024-03-23T17:43:53Z,26.546783,-77.052527,0.23,327.1,2,10,0.8
2024-03-23T17:43:58Z,26.546783,-77.052525,0.21,67.8,2,10,0.8
2024-03-23T17:44:03Z,26.546785,-77.052528,0.12,6.0,2,10,0.8
2024-03-23T17:44:08Z,26.546780,-77.052527,0.06,104.7,2,10,0.8
2024-03-23T17:44:13Z,26.546780,-77.052532,0.18,295.6,2,10,0.8
2024-03-23T17:44:18Z,26.546782,-77.052530,0.37,107.5,2,10,0.8
2024-03-23T17:44:23Z,26.546778,-77.052525,0.25,118.7,2,10,0.8
2024-03-23T17:44:33Z,26.546777,-77.052527,0.26,77.9,2,10,0.8
2024-03-23T17:44:38Z,26.546778,-77.052530,0.10,224.4,2,10,0.8
2024-03-23T17:44:43Z,26.546783,-77.052537,0.09,262.1,2,10,0.8
2024-03-23T17:44:48Z,26.546785,-77.052537,0.26,303.8,2,10,0.8
2024-03-23T17:44:53Z,26.546785,-77.052540,0.28,218.8,2,10,0.8
2024-03-23T17:44:58Z,26.546777,-77.052537,0.33,194.6,2,10,0.8
2024-03-23T17:45:03Z,26.546775,-77.052533,0.20,70.9,2,10,0.8
2024-03-23T17:45:08Z,26.546775,-77.052527,0.06,355.8,2,10,0.8
2024-03-23T17:45:13Z,26.546782,-77.052522,0.30,116.0,2,10,0.8
2024-03-23T17:45:18Z,26.546783,-77.052525,0.24,173.3,2,10,0.8
2024-03-23T17:45:23Z,26.546782,-77.052525,0.05,157.0,2,10,0.8
2024-03-23T17:45:28Z,26.546782,-77.052523,0.16,338.2,2,10,0.8
2024-03-23T17:45:33Z,26.546783,-77.052525,0.31,143.8,2,10,0.8
2024-03-23T17:45:38Z,26.546783,-77.052528,0.24,122.1,2,10,0.8
2024-03-23T17:45:48Z,26.546787,-77.052532,0.08,238.3,2,10,0.8
2024-03-23T17:45:53Z,26.546788,-77.052535,0.17,268.9,2,10,0.8
2024-03-23T17:45:58Z,26.546787,-77.052533,0.37,114.4,2,10,0.8
2024-03-23T17:46:03Z,26.546788,-77.052533,0.29,286.4,2,10,0.8
2024-03-23T17:46:08Z,26.546788,-77.052537,0.46,260.4,2,10,0.8
2024-03-23T17:46:13Z,26.546787,-77.052538,0.07,96.2,2,10,0.8
2024-03-23T17:46:18Z,26.546785,-77.052545,0.11,306.5,2,10,0.8
2024-03-23T17:46:23Z,26.546783,-77.052547,0.09,311.2,2,10,0.8
2024-03-23T17:46:28Z,26.546782,-77.052545,0.25,138.3,2,10,0.8
2024-03-23T17:46:33Z,26.546782,-77.052543,0.14,105.5,2,10,0.8
2024-03-23T17:46:38Z,26.546782,-77.052543,0.06,15.5,2,9,1.0
2024-03-23T17:46:43Z,26.546782,-77.052542,0.19,119.3,2,9,1.0
2024-03-23T17:46:48Z,26.546793,-77.052552,0.01,2.7,2,10,0.8
2024-03-23T17:46:53Z,26.546793,-77.052555,0.11,278.8,2,10,0.8
2024-03-23T17:46:58Z,26.546792,-77.052553,0.26,132.8,2,10,0.8
2024-03-23T17:47:03Z,26.546790,-77.052537,0.28,141.4,2,10,0.8
2024-03-23T17:47:08Z,26.546788,-77.052530,0.21,76.8,2,10,0.8
2024-03-23T17:47:13Z,26.546790,-77.052530,0.15,60.9,2,10,0.8
2024-03-23T17:47:18Z,26.546800,-77.052540,0.23,113.8,2,10,0.8
2024-03-23T17:47:23Z,26.546800,-77.052550,0.06,130.8,2,10,0.8
2024-03-23T17:47:28Z,26.546800,-77.052552,0.09,271.4,2,10,0.8
2024-03-23T17:47:38Z,26.546793,-77.052537,0.04,127.3,2,10,0.8
2024-03-23T17:47:43Z,26.546790,-77.052535,0.28,332.9,2,10,0.8
2024-03-23T17:47:48Z,26.546785,-77.052537,0.03,248.7,2,10,0.8
2024-03-23T17:47:53Z,26.546778,-77.052535,0.32,130.3,2,10,0.8
2024-03-23T17:47:58Z,26.546773,-77.052528,0.17,145.2,2,10,0.8
2024-03-23T17:48:03Z,26.546767,-77.052530,0.17,217.1,2,10,0.8
2024-03-23T17:48:08Z,26.546763,-77.052528,0.39,148.2,2,10,0.8
2024-03-23T17:48:13Z,26.546755,-77.052528,0.21,199.8,2,10,0.8
2024-03-23T17:48:18Z,26.546750,-77.052532,0.14,25.9,2,9,1.0
2024-03-23T17:48:23Z,26.546750,-77.052535,0.08,93.4,2,9,1.0
2024-03-23T17:48:28Z,26.546762,-77.052550,0.22,184.9,2,10,0.8
2024-03-23T17:48:33Z,26.546768,-77.052557,0.10,306.6,2,10,0.8
2024-03-23T17:48:38Z,26.546775,-77.052558,0.27,183.4,2,10,0.8
2024-03-23T17:48:43Z,26.546770,-77.052558,0.31,123.1,2,10,0.8
2024-03-23T17:48:53Z,26.546763,-77.052547,0.18,152.6,2,10,0.8
2024-03-23T17:48:58Z,26.546767,-77.052547,0.19,98.8,2,10,0.8
2024-03-23T17:49:03Z,26.546762,-77.052538,0.23,30.8,2,10,0.8
2024-03-23T17:49:08Z,26.546752,-77.052533,0.33,121.0,2,10,0.8
2024-03-23T17:49:13Z,26.546762,-77.052537,0.08,81.5,2,10,0.8
2024-03-23T17:49:18Z,26.546772,-77.052545,0.23,238.9,2,9,0.9
2024-03-23T17:49:23Z,26.546778,-77.052552,0.13,345.4,2,10,0.8
2024-03-23T17:49:28Z,26.546783,-77.052557,0.36,266.2,2,10,0.8
2024-03-23T17:49:33Z,26.546787,-77.052557,0.12,148.9,2,10,0.8
2024-03-23T17:49:38Z,26.546788,-77.052550,0.18,127.5,2,10,0.8
2024-03-23T17:49:43Z,26.546793,-77.052555,0.13,242.3,2,10,0.8
2024-03-23T17:49:48Z,26.546807,-77.052567,0.71,138.7,2,10,0.8
2024-03-23T17:49:53Z,26.546822,-77.052585,0.06,323.3,2,9,1.0
2024-03-23T17:49:58Z,26.546808,-77.052582,0.37,163.5,2,9,1.0
2024-03-23T17:50:08Z,26.546793,-77.052567,0.14,15.2,2,10,0.8
2024-03-23T17:50:13Z,26.546785,-77.052565,0.09,78.2,2,10,0.8
2024-03-23T17:50:18Z,26.546782,-77.052572,0.10,281.1,2,10,0.8
2024-03-23T17:50:23Z,26.546790,-77.052580,0.28,347.8,2,10,0.8
2024-03-23T17:50:28Z,26.546787,-77.052575,0.24,138.2,2,9,1.0
2024-03-23T17:50:33Z,26.546785,-77.052578,0.40,233.9,2,9,1.0
2024-03-23T17:50:43Z,26.546782,-77.052577,0.12,49.4,2,9,1.0
2024-03-23T17:50:48Z,26.546780,-77.052572,0.24,111.6,2,10,0.8
2024-03-23T17:50:53Z,26.546783,-77.052553,0.14,84.3,2,10,0.8
2024-03-23T17:50:58Z,26.546778,-77.052558,0.15,348.4,2,10,0.8
2024-03-23T17:51:03Z,26.546778,-77.052555,0.40,120.5,2,10,0.8
2024-03-23T17:51:08Z,26.546778,-77.052557,0.28,313.1,2,10,0.8
2024-03-23T17:51:13Z,26.546778,-77.052555,0.05,40.2,2,9,1.0
2024-03-23T17:51:23Z,26.546770,-77.052547,0.33,138.1,2,9,1.0
2024-03-23T17:51:28Z,26.546772,-77.052545,0.12,124.5,2,9,1.0
2024-03-23T17:51:33Z,26.546767,-77.052542,0.11,127.1,2,9,1.0
2024-03-23T17:51:38Z,26.546758,-77.052538,0.06,117.2,2,9,1.0
2024-03-23T17:51:43Z,26.546750,-77.052533,0.38,145.9,2,9,1.0
2024-03-23T17:51:48Z,26.546748,-77.052533,0.16,328.1,2,10,0.8
2024-03-23T17:51:58Z,26.546752,-77.052535,0.16,309.6,2,9,1.0
2024-03-23T17:52:03Z,26.546750,-77.052532,0.10,116.9,2,9,1.0
2024-03-23T17:52:08Z,26.546748,-77.052530,0.07,91.0,2,9,1.0
2024-03-23T17:52:13Z,26.546748,-77.052528,0.12,121.2,2,10,0.8
2024-03-23T17:52:18Z,26.546745,-77.052527,0.19,125.0,2,10,0.8
2024-03-23T17:52:23Z,26.546747,-77.052527,0.06,343.0,2,10,0.8
2024-03-23T17:52:33Z,26.546743,-77.052525,0.07,29.8,2,9,1.0
2024-03-23T17:52:38Z,26.546745,-77.052525,0.06,73.7,2,9,1.0
2024-03-23T17:52:43Z,26.546745,-77.052525,0.01,209.1,2,9,1.0
2024-03-23T17:52:48Z,26.546740,-77.052522,0.25,125.6,2,10,0.8
2024-03-23T17:52:53Z,26.546740,-77.052518,0.08,107.6,2,9,1.0
2024-03-23T17:52:58Z,26.546742,-77.052520,0.07,20.5,2,9,1.0
2024-03-23T17:53:08Z,26.546742,-77.052515,0.03,179.2,2,10,0.8
2024-03-23T17:53:13Z,26.546743,-77.052517,0.04,357.6,2,10,0.8
2024-03-23T17:53:18Z,26.546745,-77.052515,0.10,59.8,2,9,1.0
2024-03-23T17:53:23Z,26.546743,-77.052512,0.10,134.0,2,9,1.0
2024-03-23T17:53:28Z,26.546742,-77.052510,0.15,138.7,2,9,1.0
2024-03-23T17:53:33Z,26.546742,-77.052510,0.08,301.8,2,10,0.8
2024-03-23T17:53:38Z,26.546742,-77.052510,0.12,311.5,2,10,0.8
2024-03-23T17:53:43Z,26.546743,-77.052510,0.15,64.9,2,9,1.0
2024-03-23T17:53:48Z,26.546745,-77.052510,0.17,149.5,2,9,1.0
2024-03-23T17:53:53Z,26.546747,-77.052513,0.05,58.1,2,9,1.0
2024-03-23T17:53:58Z,26.546748,-77.052517,0.04,348.1,2,10,0.8
2024-03-23T17:54:03Z,26.546750,-77.052520,0.02,64.2,2,10,0.8
2024-03-23T17:54:08Z,26.546753,-77.052520,0.12,87.1,2,10,0.8
2024-03-23T17:54:13Z,26.546758,-77.052525,0.15,115.4,2,10,0.8
2024-03-23T17:54:23Z,26.546760,-77.052528,0.04,278.6,2,10,0.8
2024-03-23T17:54:28Z,26.546757,-77.052527,0.21,127.2,2,10,0.8
2024-03-23T17:54:33Z,26.546757,-77.052530,0.20,97.2,2,10,0.8
2024-03-23T17:54:38Z,26.546757,-77.052527,0.09,90.2,2,10,0.8
2024-03-23T17:54:43Z,26.546763,-77.052525,0.18,64.0,2,10,0.8
2024-03-23T17:54:48Z,26.546763,-77.052523,0.11,123.0,2,10,0.8
2024-03-23T17:54:53Z,26.546762,-77.052522,0.06,110.9,2,9,1.0
2024-03-23T17:54:58Z,26.546762,-77.052527,0.13,13.2,2,9,1.0
2024-03-23T17:55:03Z,26.546760,-77.052528,0.05,20.2,2,10,0.8
2024-03-23T17:55:08Z,26.546763,-77.052535,0.09,311.5,2,10,0.8
2024-03-23T17:55:13Z,26.546765,-77.052535,0.04,237.7,2,10,0.8
2024-03-23T17:55:18Z,26.546765,-77.052528,0.33,97.3,2,10,0.8
2024-03-23T17:55:23Z,26.546767,-77.052525,0.01,334.1,2,10,0.8
2024-03-23T17:55:28Z,26.546765,-77.052527,0.04,20.0,2,10,0.8
2024-03-23T17:55:33Z,26.546765,-77.052530,0.09,252.4,2,10,0.8
2024-03-23T17:55:38Z,26.546767,-77.052527,0.64,74.4,2,10,0.8
2024-03-23T17:55:43Z,26.546772,-77.052523,0.15,338.2,2,10,0.8
2024-03-23T17:55:48Z,26.546775,-77.052523,0.08,104.1,2,9,1.0
2024-03-23T17:55:53Z,26.546773,-77.052522,0.45,186.4,2,9,1.0
2024-03-23T17:55:58Z,26.546775,-77.052520,0.29,80.0,2,9,1.0
2024-03-23T17:56:03Z,26.546777,-77.052520,0.09,84.3,2,9,1.0
2024-03-23T17:56:08Z,26.546775,-77.052523,0.16,184.0,2,9,1.0
2024-03-23T17:56:13Z,26.546773,-77.052522,0.24,143.0,2,9,1.0
2024-03-23T17:56:18Z,26.546770,-77.052522,0.21,92.1,2,10,0.8
2024-03-23T17:56:23Z,26.546772,-77.052520,0.08,33.6,2,10,0.8
2024-03-23T17:56:28Z,26.546772,-77.052525,0.18,188.3,2,10,0.8
2024-03-23T17:56:33Z,26.546770,-77.052528,0.11,207.5,2,10,0.8
2024-03-23T17:56:38Z,26.546768,-77.052530,0.15,345.4,2,10,0.8
2024-03-23T17:56:43Z,26.546768,-77.052528,0.11,249.6,2,10,0.8
2024-03-23T17:56:48Z,26.546767,-77.052532,0.21,243.6,2,10,0.8
2024-03-23T17:56:53Z,26.546765,-77.052532,0.16,131.7,2,10,0.8
2024-03-23T17:56:58Z,26.546768,-77.052532,0.18,337.3,2,10,0.8
2024-03-23T17:57:03Z,26.546768,-77.052530,0.35,102.1,2,10,0.8
2024-03-23T17:57:08Z,26.546765,-77.052530,0.23,104.6,2,10,0.8
2024-03-23T17:57:13Z,26.546758,-77.052535,0.09,170.1,2,10,0.8
2024-03-23T17:57:18Z,26.546758,-77.052533,0.17,48.0,2,10,0.8
2024-03-23T17:57:23Z,26.546760,-77.052540,0.06,99.8,2,10,0.8
2024-03-23T17:57:28Z,26.546762,-77.052543,0.07,195.8,2,10,0.8
2024-03-23T17:57:33Z,26.546763,-77.052547,0.14,347.6,2,10,0.8
2024-03-23T17:57:38Z,26.546765,-77.052548,0.05,103.0,2,10,0.8
2024-03-23T17:57:43Z,26.546767,-77.052547,0.21,63.1,2,10,0.8
2024-03-23T17:57:48Z,26.546767,-77.052543,0.14,141.4,2,10,0.8
2024-03-23T17:57:58Z,26.546763,-77.052542,0.11,77.9,2,10,0.8
2024-03-23T17:58:03Z,26.546765,-77.052542,0.60,250.6,2,10,0.8
2024-03-23T17:58:08Z,26.546760,-77.052548,0.18,90.2,2,10,0.8
2024-03-23T17:58:13Z,26.546762,-77.052548,0.21,154.0,2,10,0.8
2024-03-23T17:58:18Z,26.546762,-77.052548,0.14,274.3,2,10,0.8
2024-03-23T17:58:23Z,26.546762,-77.052557,0.04,287.6,2,10,0.8
2024-03-23T17:58:28Z,26.546763,-77.052553,0.26,182.2,2,10,0.8
2024-03-23T17:58:33Z,26.546765,-77.052552,0.25,84.3,2,10,0.8
2024-03-23T17:58:38Z,26.546767,-77.052550,0.06,346.2,2,10,0.8
2024-03-23T17:58:43Z,26.546768,-77.052550,0.20,85.8,2,10,0.8
2024-03-23T17:58:48Z,26.546770,-77.052550,0.03,309.8,2,10,0.8
2024-03-23T17:58:53Z,26.546772,-77.052548,0.28,145.4,2,10,0.8
2024-03-23T17:58:58Z,26.546768,-77.052550,0.07,27.6,2,10,0.8
2024-03-23T17:59:03Z,26.546768,-77.052553,0.05,95.2,2,10,0.8
2024-03-23T17:59:13Z,26.546765,-77.052553,0.07,94.3,2,10,0.8
2024-03-23T17:59:18Z,26.546765,-77.052552,0.18,109.2,2,9,1.0
2024-03-23T17:59:23Z,26.546767,-77.052545,0.41,89.9,2,10,0.8
2024-03-23T17:59:28Z,26.546767,-77.052545,0.52,83.4,2,10,0.8
2024-03-23T17:59:33Z,26.546763,-77.052548,0.21,77.2,2,11,0.8
2024-03-23T17:59:38Z,26.546757,-77.052550,0.29,220.5,2,11,0.8
2024-03-23T17:59:43Z,26.546752,-77.052548,0.34,84.7,2,11,0.8
2024-03-23T17:59:48Z,26.546750,-77.052547,0.23,242.7,2,11,0.8
2024-03-23T17:59:53Z,26.546752,-77.052552,0.18,263.9,2,10,0.9
2024-03-23T17:59:58Z,26.546753,-77.052555,0.16,134.1,2,11,0.8
2024-03-23T18:00:03Z,26.546753,-77.052553,0.12,51.9,2,11,0.8
2024-03-23T18:00:08Z,26.546758,-77.052552,0.14,105.8,2,11,0.8
2024-03-23T18:00:13Z,26.546762,-77.052550,0.19,78.9,2,11,0.8
2024-03-23T18:00:18Z,26.546755,-77.052553,0.37,242.5,2,11,0.8
2024-03-23T18:00:28Z,26.546760,-77.052537,0.06,95.3,2,11,0.8
2024-03-23T18:00:33Z,26.546763,-77.052540,0.29,74.4,2,11,0.8
2024-03-23T18:00:38Z,26.546765,-77.052553,0.20,242.8,2,11,0.8
2024-03-23T18:00:43Z,26.546765,-77.052555,0.32,92.8,2,11,0.8
2024-03-23T18:00:48Z,26.546767,-77.052552,0.22,96.4,2,11,0.8
2024-03-23T18:00:53Z,26.546765,-77.052550,0.16,77.6,2,11,0.8
2024-03-23T18:00:58Z,26.546767,-77.052545,0.16,238.9,2,11,0.8
2024-03-23T18:01:08Z,26.546760,-77.052552,0.09,165.9,2,11,0.8
2024-03-23T18:01:13Z,26.546760,-77.052547,0.21,93.3,2,11,0.8
2024-03-23T18:01:18Z,26.546762,-77.052543,0.50,77.1,2,11,0.8
2024-03-23T18:01:23Z,26.546760,-77.052545,0.44,243.9,2,11,0.8
2024-03-23T18:01:28Z,26.546758,-77.052550,0.23,133.5,2,11,0.8
2024-03-23T18:01:33Z,26.546758,-77.052548,0.22,128.2,2,11,0.8
2024-03-23T18:01:38Z,26.546762,-77.052548,0.14,61.0,2,11,0.8
2024-03-23T18:01:48Z,26.546762,-77.052545,0.17,304.1,2,11,0.8
2024-03-23T18:01:53Z,26.546763,-77.052543,0.27,92.2,2,11,0.8
2024-03-23T18:01:58Z,26.546763,-77.052547,0.24,249.6,2,11,0.8
2024-03-23T18:02:03Z,26.546763,-77.052547,0.08,273.7,2,11,0.8
2024-03-23T18:02:08Z,26.546763,-77.052547,0.04,292.6,2,11,0.8
2024-03-23T18:02:13Z,26.546765,-77.052542,0.11,355.4,2,11,0.8
2024-03-23T18:02:18Z,26.546767,-77.052542,0.18,135.5,2,11,0.8
2024-03-23T18:02:28Z,26.546768,-77.052528,0.55,86.7,2,11,0.8
2024-03-23T18:02:33Z,26.546773,-77.052522,0.24,49.8,2,11,0.8
2024-03-23T18:02:38Z,26.546777,-77.052518,0.31,91.1,2,11,0.8
2024-03-23T18:02:43Z,26.546777,-77.052515,0.26,249.4,2,11,0.8
2024-03-23T18:02:48Z,26.546780,-77.052510,0.33,82.6,2,11,0.8
2024-03-23T18:02:53Z,26.546780,-77.052515,0.23,102.6,2,11,0.8
2024-03-23T18:02:58Z,26.546777,-77.052512,0.27,243.8,2,11,0.8
2024-03-23T18:03:08Z,26.546783,-77.052502,0.14,73.9,2,10,0.9
2024-03-23T18:03:13Z,26.546783,-77.052502,0.34,87.7,2,11,0.8
2024-03-23T18:03:18Z,26.546785,-77.052500,0.21,272.6,2,11,0.8
2024-03-23T18:03:23Z,26.546787,-77.052500,0.32,52.9,2,11,0.8
2024-03-23T18:03:28Z,26.546787,-77.052500,0.14,178.8,2,11,0.8
2024-03-23T18:03:33Z,26.546780,-77.052507,0.19,233.3,2,11,0.8
2024-03-23T18:03:38Z,26.546782,-77.052500,0.07,338.6,2,11,0.8
2024-03-23T18:03:48Z,26.546785,-77.052495,0.18,84.3,2,11,0.8
2024-03-23T18:03:53Z,26.546783,-77.052495,0.14,151.8,2,10,0.8
2024-03-23T18:03:58Z,26.546783,-77.052495,0.28,89.7,2,11,0.8
2024-03-23T18:04:03Z,26.546783,-77.052495,0.05,271.1,2,11,0.8
2024-03-23T18:04:08Z,26.546785,-77.052500,0.27,251.4,2,11,0.8
2024-03-23T18:04:13Z,26.546783,-77.052505,0.21,225.8,2,11,0.8
2024-03-23T18:04:18Z,26.546785,-77.052507,0.32,77.1,2,11,0.8
2024-03-23T18:04:23Z,26.546787,-77.052502,0.34,69.3,2,10,0.9
2024-03-23T18:04:28Z,26.546790,-77.052498,0.19,316.4,2,10,0.9
2024-03-23T18:04:33Z,26.546792,-77.052498,0.38,87.8,2,11,0.8
2024-03-23T18:04:38Z,26.546792,-77.052497,0.15,240.7,2,11,0.8
2024-03-23T18:04:43Z,26.546792,-77.052497,0.36,78.5,2,11,0.8
2024-03-23T18:04:48Z,26.546795,-77.052498,0.05,239.7,2,11,0.8
2024-03-23T18:04:53Z,26.546795,-77.052495,0.07,88.8,2,11,0.8
2024-03-23T18:04:58Z,26.546792,-77.052498,0.24,88.2,2,11,0.8
2024-03-23T18:05:03Z,26.546787,-77.052505,0.15,208.2,2,11,0.8
2024-03-23T18:05:08Z,26.546783,-77.052510,0.39,236.7,2,10,0.9
2024-03-23T18:05:13Z,26.546785,-77.052510,0.08,6.7,2,11,0.8
2024-03-23T18:05:18Z,26.546788,-77.052498,0.25,83.6,2,10,0.9
2024-03-23T18:05:23Z,26.546790,-77.052483,0.29,100.4,2,10,0.9
2024-03-23T18:05:28Z,26.546795,-77.052485,0.03,151.5,2,10,0.9
2024-03-23T18:05:33Z,26.546798,-77.052483,0.05,202.5,2,11,0.8
2024-03-23T18:05:43Z,26.546807,-77.052500,0.15,63.5,2,11,0.8
2024-03-23T18:05:48Z,26.546807,-77.052502,0.02,93.8,2,11,0.8
2024-03-23T18:05:53Z,26.546803,-77.052510,0.05,164.5,2,11,0.8
2024-03-23T18:05:58Z,26.546800,-77.052512,0.45,52.0,2,11,0.8
2024-03-23T18:06:03Z,26.546798,-77.052510,0.56,90.7,2,11,0.8
2024-03-23T18:06:08Z,26.546793,-77.052503,0.32,192.3,2,11,0.8
2024-03-23T18:06:13Z,26.546787,-77.052507,0.16,104.5,2,11,0.8
2024-03-23T18:06:23Z,26.546780,-77.052488,0.29,97.9,2,11,0.8
2024-03-23T18:06:28Z,26.546777,-77.052493,0.22,57.8,2,11,0.8
2024-03-23T18:06:33Z,26.546782,-77.052493,0.08,68.3,2,11,0.8
2024-03-23T18:06:38Z,26.546783,-77.052492,0.29,116.1,2,11,0.8
2024-03-23T18:06:43Z,26.546787,-77.052495,0.01,238.8,2,11,0.8
2024-03-23T18:06:48Z,26.546788,-77.052500,0.12,290.0,2,11,0.8
2024-03-23T18:06:53Z,26.546795,-77.052507,0.41,233.8,2,11,0.8
2024-03-23T18:07:03Z,26.546797,-77.052520,0.34,241.2,2,11,0.8
2024-03-23T18:07:08Z,26.546795,-77.052527,0.48,226.0,2,11,0.8
2024-03-23T18:07:13Z,26.546793,-77.052535,0.12,307.9,2,11,0.8
2024-03-23T18:07:18Z,26.546792,-77.052537,0.32,228.8,2,11,0.8
2024-03-23T18:07:23Z,26.546787,-77.052535,0.30,129.2,2,11,0.8
2024-03-23T18:07:28Z,26.546785,-77.052532,0.19,245.0,2,11,0.8
2024-03-23T18:07:33Z,26.546780,-77.052533,0.09,239.2,2,11,0.8
2024-03-23T18:07:38Z,26.546770,-77.052513,0.11,117.2,2,11,0.8
2024-03-23T18:07:43Z,26.546768,-77.052503,0.12,246.7,2,11,0.8
2024-03-23T18:07:48Z,26.546767,-77.052498,0.03,96.5,2,11,0.8
2024-03-23T18:07:53Z,26.546767,-77.052498,0.13,75.7,2,11,0.8
2024-03-23T18:07:58Z,26.546772,-77.052503,0.06,106.2,2,10,0.8
2024-03-23T18:08:03Z,26.546773,-77.052505,0.26,90.7,2,11,0.8
2024-03-23T18:08:08Z,26.546773,-77.052508,0.39,263.8,2,11,0.8
2024-03-23T18:08:18Z,26.546768,-77.052523,0.10,187.9,2,11,0.8
2024-03-23T18:08:23Z,26.546775,-77.052528,0.32,94.4,2,11,0.8
2024-03-23T18:08:28Z,26.546777,-77.052527,0.02,354.6,2,11,0.8
2024-03-23T18:08:33Z,26.546777,-77.052528,0.32,118.1,2,11,0.8
2024-03-23T18:08:38Z,26.546772,-77.052515,0.38,117.7,2,11,0.8
2024-03-23T18:08:43Z,26.546770,-77.052510,0.13,105.5,2,11,0.8
2024-03-23T18:08:48Z,26.546770,-77.052517,0.49,89.9,2,11,0.8
2024-03-23T18:08:58Z,26.546775,-77.052535,0.05,49.5,2,11,0.8
2024-03-23T18:09:03Z,26.546777,-77.052545,0.35,130.2,2,11,0.8
2024-03-23T18:09:08Z,26.546790,-77.052555,0.16,287.3,2,9,1.0
2024-03-23T18:09:13Z,26.546815,-77.052563,0.74,7.6,2,10,0.9
2024-03-23T18:09:18Z,26.546837,-77.052568,0.02,305.1,1,11,0.8
2024-03-23T18:09:23Z,26.546820,-77.052573,0.61,181.7,1,11,0.8
2024-03-23T18:09:28Z,26.546828,-77.052555,0.06,45.5,1,11,0.8
2024-03-23T18:09:33Z,26.546813,-77.052552,0.32,73.2,1,10,0.9
2024-03-23T18:09:38Z,26.546815,-77.052557,0.64,244.2,1,11,0.8
2024-03-23T18:09:43Z,26.546810,-77.052568,0.65,268.1,1,11,0.8
2024-03-23T18:09:48Z,26.546802,-77.052547,0.89,132.0,1,11,0.8
2024-03-23T18:09:53Z,26.546793,-77.052528,0.32,265.4,1,10,0.9
2024-03-23T18:09:58Z,26.546792,-77.052527,0.28,66.0,1,10,0.9
2024-03-23T18:10:03Z,26.546783,-77.052528,0.18,222.6,2,10,0.9
2024-03-23T18:10:08Z,26.546782,-77.052525,0.31,80.0,2,10,0.9
2024-03-23T18:10:13Z,26.546785,-77.052520,0.13,67.8,2,10,0.9
2024-03-23T18:10:18Z,26.546785,-77.052518,0.30,270.3,2,11,0.8
2024-03-23T18:10:23Z,26.546782,-77.052522,0.16,246.6,2,11,0.8
2024-03-23T18:10:28Z,26.546780,-77.052528,0.27,150.7,2,11,0.8
2024-03-23T18:10:33Z,26.546777,-77.052528,0.13,136.9,2,11,0.8
2024-03-23T18:10:38Z,26.546785,-77.052538,0.09,294.6,2,10,0.8
2024-03-23T18:10:48Z,26.546775,-77.052557,0.15,328.3,2,11,0.8
2024-03-23T18:10:53Z,26.546772,-77.052553,0.24,142.8,2,11,0.8
2024-03-23T18:10:58Z,26.546775,-77.052555,0.21,208.2,2,10,0.9
2024-03-23T18:11:03Z,26.546782,-77.052553,0.05,38.8,1,10,0.9
2024-03-23T18:11:08Z,26.546785,-77.052552,0.05,160.2,1,10,0.9
2024-03-23T18:11:13Z,26.546785,-77.052548,0.18,192.0,1,11,0.8
2024-03-23T18:11:23Z,26.546785,-77.052547,0.50,109.0,2,11,0.8
2024-03-23T18:11:28Z,26.546783,-77.052542,0.39,102.1,2,11,0.8
2024-03-23T18:11:33Z,26.546782,-77.052545,0.16,254.3,2,11,0.8
2024-03-23T18:11:38Z,26.546780,-77.052547,0.30,94.9,2,11,0.8
2024-03-23T18:11:43Z,26.546778,-77.052542,0.11,269.1,2,10,0.9
2024-03-23T18:11:48Z,26.546778,-77.052538,0.07,128.4,2,10,0.9
2024-03-23T18:11:53Z,26.546780,-77.052543,0.16,242.2,2,11,0.8
2024-03-23T18:11:58Z,26.546780,-77.052545,0.12,184.7,2,11,0.8
2024-03-23T18:12:03Z,26.546778,-77.052545,0.08,123.3,2,11,0.8
2024-03-23T18:12:08Z,26.546778,-77.052545,0.13,218.2,2,11,0.8
2024-03-23T18:12:13Z,26.546777,-77.052545,0.23,130.5,2,11,0.8
2024-03-23T18:12:18Z,26.546778,-77.052545,0.20,229.2,2,11,0.8
2024-03-23T18:12:23Z,26.546780,-77.052547,0.12,246.4,2,11,0.8
2024-03-23T18:12:28Z,26.546783,-77.052545,0.19,92.3,2,11,0.8
2024-03-23T18:12:33Z,26.546782,-77.052547,0.32,238.8,2,10,0.9
2024-03-23T18:12:38Z,26.546780,-77.052545,0.22,113.7,2,10,0.9
2024-03-23T18:12:43Z,26.546778,-77.052548,0.05,126.8,2,10,0.9
2024-03-23T18:12:48Z,26.546780,-77.052550,0.03,278.8,2,10,0.9
2024-03-23T18:12:53Z,26.546780,-77.052550,0.06,191.2,2,10,0.9
2024-03-23T18:12:58Z,26.546780,-77.052547,0.09,238.6,2,10,0.9
2024-03-23T18:13:03Z,26.546780,-77.052543,0.08,126.9,2,10,0.9
2024-03-23T18:13:08Z,26.546777,-77.052545,0.05,150.6,2,11,0.8
2024-03-23T18:13:18Z,26.546782,-77.052543,0.20,90.3,2,10,1.0
2024-03-23T18:13:23Z,26.546780,-77.052542,0.22,116.0,2,11,0.8
2024-03-23T18:13:28Z,26.546780,-77.052540,0.20,105.6,2,10,1.0
2024-03-23T18:13:33Z,26.546778,-77.052535,0.71,84.2,2,10,1.0
2024-03-23T18:13:38Z,26.546775,-77.052527,0.32,96.3,2,10,1.0
2024-03-23T18:13:43Z,26.546775,-77.052532,0.37,243.9,2,11,0.8
2024-03-23T18:13:48Z,26.546775,-77.052537,0.34,245.2,2,11,0.8
2024-03-23T18:13:58Z,26.546770,-77.052545,0.20,222.2,2,9,0.9
2024-03-23T18:14:03Z,26.546772,-77.052545,0.32,91.6,2,9,1.0
2024-03-23T18:14:08Z,26.546773,-77.052540,0.19,111.4,2,11,0.8
2024-03-23T18:14:13Z,26.546772,-77.052530,0.30,261.9,2,9,1.0
2024-03-23T18:14:18Z,26.546782,-77.052528,0.16,351.1,2,11,0.8
2024-03-23T18:14:23Z,26.546777,-77.052538,0.10,149.1,2,9,1.0
2024-03-23T18:14:28Z,26.546772,-77.052543,0.16,152.8,2,9,1.0
2024-03-23T18:14:38Z,26.546772,-77.052542,0.20,225.0,2,11,0.8
2024-03-23T18:14:43Z,26.546775,-77.052537,0.05,334.1,2,11,0.8
2024-03-23T18:14:48Z,26.546775,-77.052537,0.16,113.2,2,11,0.8
2024-03-23T18:14:53Z,26.546778,-77.052542,0.42,96.9,2,10,1.0
2024-03-23T18:14:58Z,26.546782,-77.052540,0.24,98.6,2,10,1.0
2024-03-23T18:15:03Z,26.546782,-77.052543,0.34,91.8,1,10,1.0
2024-03-23T18:15:08Z,26.546783,-77.052540,0.13,227.1,1,10,1.0
2024-03-23T18:15:18Z,26.546787,-77.052533,0.84,78.0,1,10,1.0
2024-03-23T18:15:23Z,26.546790,-77.052525,0.42,257.0,1,10,1.0
2024-03-23T18:15:28Z,26.546787,-77.052528,0.46,93.4,1,10,1.0
2024-03-23T18:15:33Z,26.546782,-77.052522,0.33,91.1,1,10,1.0
2024-03-23T18:15:38Z,26.546775,-77.052520,0.26,110.7,1,10,1.0
2024-03-23T18:15:48Z,26.546770,-77.052527,0.28,101.0,1,9,1.0
2024-03-23T18:15:53Z,26.546770,-77.052538,0.11,258.8,1,9,1.0
2024-03-23T18:15:58Z,26.546768,-77.052545,0.08,176.6,1,9,1.0
2024-03-23T18:16:03Z,26.546765,-77.052547,0.34,111.2,1,9,1.0
2024-03-23T18:16:08Z,26.546762,-77.052543,0.05,249.5,1,9,1.0
2024-03-23T18:16:18Z,26.546757,-77.052552,0.59,241.7,1,9,1.0
2024-03-23T18:16:23Z,26.546760,-77.052550,0.29,103.4,1,9,1.0
2024-03-23T18:16:28Z,26.546760,-77.052552,0.23,108.4,1,10,1.0
2024-03-23T18:16:33Z,26.546760,-77.052552,0.23,163.4,1,10,1.0
2024-03-23T18:16:38Z,26.546760,-77.052553,0.18,243.2,1,10,1.0
2024-03-23T18:16:48Z,26.546768,-77.052553,0.12,33.0,1,9,1.0
2024-03-23T18:16:53Z,26.546772,-77.052550,0.08,343.4,1,9,1.0
2024-03-23T18:16:58Z,26.546770,-77.052557,0.24,212.0,1,9,1.0
2024-03-23T18:17:03Z,26.546768,-77.052553,0.37,264.5,1,10,1.0
2024-03-23T18:17:08Z,26.546777,-77.052553,0.09,73.6,1,10,1.0
2024-03-23T18:17:18Z,26.546787,-77.052548,0.21,104.0,1,8,1.2
2024-03-23T18:17:23Z,26.546785,-77.052542,0.13,224.2,1,10,1.0
2024-03-23T18:17:28Z,26.546787,-77.052540,0.06,87.2,1,9,1.0
2024-03-23T18:17:33Z,26.546785,-77.052540,0.14,141.1,1,10,1.0
2024-03-23T18:17:38Z,26.546785,-77.052532,0.20,104.5,1,10,1.0
2024-03-23T18:17:48Z,26.546787,-77.052538,0.49,250.5,1,9,1.2
2024-03-23T18:17:53Z,26.546787,-77.052543,0.21,128.5,1,10,1.0
2024-03-23T18:17:58Z,26.546788,-77.052540,0.18,127.7,1,10,1.0
2024-03-23T18:18:03Z,26.546792,-77.052540,0.03,276.8,1,10,1.0
2024-03-23T18:18:08Z,26.546792,-77.052538,0.26,100.5,1,10,1.0
2024-03-23T18:18:13Z,26.546792,-77.052528,0.53,86.0,1,10,1.0
2024-03-23T18:18:18Z,26.546792,-77.052525,0.53,91.3,1,10,1.0
2024-03-23T18:18:23Z,26.546792,-77.052527,0.32,100.7,1,9,1.0
2024-03-23T18:18:28Z,26.546788,-77.052517,0.27,252.0,1,10,1.0
2024-03-23T18:18:33Z,26.546788,-77.052512,0.03,188.7,1,10,1.0
2024-03-23T18:18:38Z,26.546790,-77.052510,0.21,85.2,1,10,1.0
2024-03-23T18:18:43Z,26.546788,-77.052512,0.17,301.8,1,10,1.0
2024-03-23T18:18:48Z,26.546793,-77.052518,0.38,266.7,1,10,1.0
2024-03-23T18:18:53Z,26.546793,-77.052525,0.07,106.3,1,10,1.0
2024-03-23T18:18:58Z,26.546795,-77.052522,0.13,58.2,1,10,1.0
2024-03-23T18:19:03Z,26.546798,-77.052522,0.03,201.2,1,10,1.0
2024-03-23T18:19:08Z,26.546797,-77.052523,0.25,76.6,1,10,1.0
2024-03-23T18:19:13Z,26.546797,-77.052522,0.04,45.9,1,10,1.0
2024-03-23T18:19:18Z,26.546797,-77.052527,0.20,159.0,2,10,1.0
2024-03-23T18:19:23Z,26.546795,-77.052530,0.24,272.7,2,10,1.0
2024-03-23T18:19:28Z,26.546795,-77.052537,0.27,240.3,2,10,1.0
2024-03-23T18:19:33Z,26.546793,-77.052543,0.18,115.8,2,10,1.0
2024-03-23T18:19:38Z,26.546793,-77.052545,0.35,85.1,2,9,1.2
2024-03-23T18:19:43Z,26.546795,-77.052537,0.17,109.2,2,9,1.2
2024-03-23T18:19:48Z,26.546793,-77.052530,0.15,112.9,2,9,1.2
2024-03-23T18:19:53Z,26.546793,-77.052525,0.11,109.8,2,9,1.2
2024-03-23T18:19:58Z,26.546795,-77.052518,0.12,235.6,2,10,1.0
2024-03-23T18:20:08Z,26.546790,-77.052537,0.73,264.0,2,10,1.0
2024-03-23T18:20:13Z,26.546797,-77.052530,0.41,97.7,2,10,1.0
2024-03-23T18:20:18Z,26.546805,-77.052533,0.74,79.4,2,10,1.0
2024-03-23T18:20:23Z,26.546802,-77.052535,0.49,120.7,2,10,1.0
2024-03-23T18:20:28Z,26.546813,-77.052540,0.67,66.0,2,9,1.0
2024-03-23T18:20:33Z,26.546813,-77.052535,0.48,83.0,1,9,1.0
2024-03-23T18:20:43Z,26.546803,-77.052523,0.23,60.0,2,9,1.0
2024-03-23T18:20:48Z,26.546808,-77.052518,0.20,252.5,2,9,1.0
2024-03-23T18:20:53Z,26.546800,-77.052512,0.91,106.5,2,9,1.0
2024-03-23T18:20:58Z,26.546778,-77.052510,0.53,165.4,2,10,1.0
2024-03-23T18:21:03Z,26.546777,-77.052517,0.80,251.3,2,10,1.0
2024-03-23T18:21:08Z,26.546783,-77.052532,0.76,304.2,2,10,1.0
2024-03-23T18:21:13Z,26.546803,-77.052573,2.23,294.8,2,9,1.0
2024-03-23T18:21:23Z,26.546898,-77.052705,4.05,309.7,2,10,1.0
2024-03-23T18:21:28Z,26.546973,-77.052790,4.56,315.7,2,10,1.0
2024-03-23T18:21:33Z,26.547057,-77.052872,4.62,322.5,2,10,1.0
2024-03-23T18:21:38Z,26.547147,-77.052965,5.48,319.6,2,10,1.0
2024-03-23T18:21:43Z,26.547258,-77.053052,5.81,323.2,2,10,1.0
2024-03-23T18:21:48Z,26.547363,-77.053155,5.58,317.4,2,10,1.0
2024-03-23T18:21:53Z,26.547448,-77.053263,5.66,299.6,2,9,1.0
2024-03-23T18:22:03Z,26.547543,-77.053552,6.08,284.1,2,10,1.0
2024-03-23T18:22:08Z,26.547572,-77.053702,5.96,285.1,2,10,1.0
2024-03-23T18:22:13Z,26.547610,-77.053847,5.42,290.1,2,10,1.0
2024-03-23T18:22:18Z,26.547650,-77.053978,5.87,289.1,2,10,1.0
2024-03-23T18:22:23Z,26.547697,-77.054118,6.00,285.8,2,10,1.0
2024-03-23T18:22:28Z,26.547732,-77.054252,5.05,287.7,2,9,1.0
2024-03-23T18:22:33Z,26.547770,-77.054392,5.47,287.3,2,10,1.0
2024-03-23T18:22:38Z,26.547807,-77.054525,5.32,283.9,2,10,1.0
2024-03-23T18:22:43Z,26.547833,-77.054658,5.17,283.9,2,10,1.0
2024-03-23T18:22:48Z,26.547847,-77.054790,5.36,273.7,2,10,1.0
2024-03-23T18:22:53Z,26.547862,-77.054917,4.86,282.3,2,10,1.0
2024-03-23T18:22:58Z,26.547873,-77.055038,4.41,272.6,2,10,1.0
2024-03-23T18:23:03Z,26.547875,-77.055157,4.80,276.4,2,10,1.0
2024-03-23T18:23:08Z,26.547887,-77.055275,3.85,280.2,2,10,1.0
2024-03-23T18:23:18Z,26.547895,-77.055507,4.61,272.1,2,10,1.0
2024-03-23T18:23:23Z,26.547892,-77.055627,4.34,267.9,2,10,1.0
2024-03-23T18:23:28Z,26.547892,-77.055747,4.24,273.6,2,10,1.0
2024-03-23T18:23:33Z,26.547900,-77.055872,4.89,279.9,2,10,1.0
2024-03-23T18:23:38Z,26.547927,-77.056008,5.53,277.2,2,10,1.0
2024-03-23T18:23:43Z,26.547960,-77.056143,5.49,291.2,2,10,1.0
2024-03-23T18:23:48Z,26.548003,-77.056267,5.44,288.9,2,10,1.0
2024-03-23T18:23:53Z,26.548043,-77.056378,4.77,296.5,2,10,1.0
2024-03-23T18:23:58Z,26.548088,-77.056493,4.98,290.8,2,9,1.0
2024-03-23T18:24:03Z,26.548135,-77.056615,4.95,294.8,2,8,1.3
2024-03-23T18:24:08Z,26.548177,-77.056743,5.53,289.8,2,9,1.0
2024-03-23T18:24:13Z,26.548210,-77.056877,5.37,286.4,2,10,1.0
2024-03-23T18:24:18Z,26.548248,-77.056998,5.04,288.4,2,10,1.0
2024-03-23T18:24:23Z,26.548302,-77.057117,5.35,294.3,2,10,1.0
2024-03-23T18:24:33Z,26.548402,-77.057378,5.32,294.6,2,10,1.0
2024-03-23T18:24:38Z,26.548453,-77.057502,5.49,292.7,2,9,1.2
2024-03-23T18:24:43Z,26.548500,-77.057628,5.22,289.0,2,9,1.2
2024-03-23T18:24:48Z,26.548543,-77.057755,5.18,289.0,2,10,1.0
2024-03-23T18:24:53Z,26.548563,-77.057895,5.35,276.1,2,9,1.2
2024-03-23T18:24:58Z,26.548573,-77.058010,4.87,271.5,2,10,1.0
2024-03-23T18:25:03Z,26.548577,-77.058125,4.79,273.6,2,10,1.0
2024-03-23T18:25:13Z,26.548602,-77.058378,4.56,276.1,2,9,1.0
2024-03-23T18:25:18Z,26.548615,-77.058503,4.67,272.3,2,9,1.0
2024-03-23T18:25:23Z,26.548625,-77.058635,4.76,268.1,2,9,1.0
2024-03-23T18:25:28Z,26.548617,-77.058757,4.67,263.9,2,10,1.0
2024-03-23T18:25:33Z,26.548610,-77.058877,4.82,266.4,2,10,1.0
2024-03-23T18:25:38Z,26.548605,-77.059002,4.41,259.3,2,10,1.0
2024-03-23T18:25:43Z,26.548590,-77.059112,4.37,266.8,2,10,1.0
2024-03-23T18:25:48Z,26.548583,-77.059223,4.24,272.6,2,10,1.0
2024-03-23T18:25:53Z,26.548590,-77.059335,4.11,273.0,2,10,1.0
2024-03-23T18:25:58Z,26.548592,-77.059447,4.56,268.2,2,10,1.0
2024-03-23T18:26:03Z,26.548588,-77.059563,4.47,268.9,2,10,1.0
2024-03-23T18:26:08Z,26.548588,-77.059677,4.54,273.8,2,10,1.0
2024-03-23T18:26:13Z,26.548587,-77.059793,4.45,270.1,2,10,1.0
2024-03-23T18:26:18Z,26.548590,-77.059913,4.24,274.1,2,10,1.0
2024-03-23T18:26:28Z,26.548607,-77.060152,4.83,274.2,2,10,1.0
2024-03-23T18:26:33Z,26.548617,-77.060280,4.59,272.8,2,10,1.0
2024-03-23T18:26:38Z,26.548625,-77.060398,4.50,274.4,2,10,1.0
2024-03-23T18:26:43Z,26.548625,-77.060505,4.55,264.2,2,10,1.0
2024-03-23T18:26:48Z,26.548618,-77.060613,4.40,268.3,2,10,1.0
2024-03-23T18:26:53Z,26.548623,-77.060728,4.36,267.6,2,10,1.0
2024-03-23T18:26:58Z,26.548633,-77.060855,4.38,269.7,2,9,1.0
2024-03-23T18:27:08Z,26.548643,-77.061107,4.33,273.5,2,10,1.0
2024-03-23T18:27:13Z,26.548657,-77.061235,4.74,277.2,2,10,1.0
2024-03-23T18:27:18Z,26.548668,-77.061365,4.98,276.8,2,10,1.0
2024-03-23T18:27:23Z,26.548690,-77.061488,4.58,283.0,2,10,1.0
2024-03-23T18:27:28Z,26.548717,-77.061620,5.50,280.2,2,10,1.0
2024-03-23T18:27:33Z,26.548740,-77.061750,5.29,278.6,2,9,1.0
2024-03-23T18:27:38Z,26.548768,-77.061867,4.51,290.7,2,9,1.0
2024-03-23T18:27:48Z,26.548833,-77.062097,4.99,282.1,2,9,1.0
2024-03-23T18:27:53Z,26.548867,-77.062213,4.56,286.7,2,9,1.0
2024-03-23T18:27:58Z,26.548895,-77.062343,4.91,285.1,2,9,1.0
2024-03-23T18:28:03Z,26.548927,-77.062468,4.81,286.7,2,9,1.0
2024-03-23T18:28:08Z,26.548960,-77.062592,4.72,283.5,2,9,1.0
2024-03-23T18:28:13Z,26.548990,-77.062705,4.48,285.9,2,9,1.0
2024-03-23T18:28:18Z,26.549028,-77.062827,4.78,287.6,2,9,1.0
2024-03-23T18:28:23Z,26.549062,-77.062953,4.91,291.5,2,9,1.0
2024-03-23T18:28:28Z,26.549097,-77.063085,5.07,288.1,2,10,1.0
2024-03-23T18:28:33Z,26.549133,-77.063208,5.04,288.2,2,10,1.0
2024-03-23T18:28:38Z,26.549173,-77.063343,5.48,288.6,2,9,1.0
2024-03-23T18:28:43Z,26.549225,-77.063478,4.97,292.2,2,9,1.0
2024-03-23T18:28:48Z,26.549273,-77.063602,5.30,295.6,2,9,1.0
2024-03-23T18:28:53Z,26.549332,-77.063705,4.61,302.7,2,10,1.0
2024-03-23T18:28:58Z,26.549380,-77.063843,5.57,288.2,2,10,1.0
2024-03-23T18:29:03Z,26.549430,-77.063973,5.24,288.1,2,10,1.0
2024-03-23T18:29:08Z,26.549472,-77.064113,5.22,292.0,2,9,1.0
2024-03-23T18:29:13Z,26.549523,-77.064230,5.07,292.2,2,9,1.0
2024-03-23T18:29:18Z,26.549560,-77.064360,5.31,281.2,2,9,1.0
2024-03-23T18:29:23Z,26.549598,-77.064493,5.19,289.5,2,10,1.0
2024-03-23T18:29:28Z,26.549637,-77.064618,5.05,290.4,2,10,1.0
2024-03-23T18:29:38Z,26.549710,-77.064878,5.16,287.6,2,10,1.0
2024-03-23T18:29:43Z,26.549743,-77.065018,5.72,282.4,2,10,1.0
2024-03-23T18:29:48Z,26.549767,-77.065167,5.17,284.7,2,10,1.0
2024-03-23T18:29:53Z,26.549793,-77.065305,4.82,286.6,2,8,1.2
2024-03-23T18:29:58Z,26.549827,-77.065438,4.96,285.2,2,9,1.0
2024-03-23T18:30:03Z,26.549860,-77.065587,5.87,285.6,2,9,1.0
2024-03-23T18:30:08Z,26.549902,-77.065725,5.39,286.6,2,9,1.0
2024-03-23T18:30:13Z,26.549950,-77.065847,5.05,290.2,2,10,1.0
2024-03-23T18:30:18Z,26.549993,-77.065972,4.95,297.7,2,10,1.0
2024-03-23T18:30:23Z,26.550035,-77.066103,5.23,290.8,2,10,1.0
2024-03-23T18:30:28Z,26.550085,-77.066237,5.39,293.2,2,10,1.0
2024-03-23T18:30:33Z,26.550132,-77.066367,5.39,292.1,2,10,1.0
2024-03-23T18:30:38Z,26.550180,-77.066498,5.46,290.9,2,10,1.0
2024-03-23T18:30:43Z,26.550227,-77.066633,5.47,295.7,2,10,1.0
2024-03-23T18:30:48Z,26.550275,-77.066760,5.29,298.1,2,10,1.0
2024-03-23T18:30:53Z,26.550330,-77.066890,5.46,297.3,2,9,1.0
2024-03-23T18:30:58Z,26.550393,-77.067020,5.49,300.0,2,9,1.0
2024-03-23T18:31:03Z,26.550452,-77.067142,5.69,299.7,2,9,1.0
2024-03-23T18:31:08Z,26.550525,-77.067272,5.70,300.5,2,10,1.0
2024-03-23T18:31:13Z,26.550595,-77.067395,5.62,308.4,2,10,1.0
2024-03-23T18:31:18Z,26.550678,-77.067510,5.63,301.5,2,10,1.0
2024-03-23T18:31:28Z,26.550818,-77.067743,5.43,305.5,2,10,1.0
2024-03-23T18:31:33Z,26.550898,-77.067858,5.41,303.1,2,10,1.0
2024-03-23T18:31:38Z,26.550973,-77.067980,5.58,304.6,2,10,1.0
2024-03-23T18:31:43Z,26.551042,-77.068107,5.56,297.9,2,9,1.0
2024-03-23T18:31:48Z,26.551105,-77.068230,5.59,298.7,2,9,1.0
2024-03-23T18:31:53Z,26.551158,-77.068342,5.42,299.5,2,9,1.0
2024-03-23T18:31:58Z,26.551230,-77.068463,5.12,304.9,2,10,1.0
2024-03-23T18:32:08Z,26.551368,-77.068710,5.55,299.5,2,9,1.0
2024-03-23T18:32:13Z,26.551445,-77.068827,5.14,301.3,2,9,1.1
2024-03-23T18:32:18Z,26.551503,-77.068950,5.15,300.9,2,9,1.1
2024-03-23T18:32:23Z,26.551563,-77.069070,4.90,302.7,2,9,1.1
2024-03-23T18:32:28Z,26.551630,-77.069188,5.41,303.4,2,9,1.1
2024-03-23T18:32:33Z,26.551695,-77.069315,5.43,298.9,2,9,1.1
2024-03-23T18:32:43Z,26.551825,-77.069580,5.45,301.0,2,9,1.1
2024-03-23T18:32:48Z,26.551907,-77.069712,5.79,303.7,2,10,1.0
2024-03-23T18:32:53Z,26.551988,-77.069828,5.65,305.2,2,10,1.0
2024-03-23T18:32:58Z,26.552063,-77.069950,5.59,304.7,2,10,1.0
2024-03-23T18:33:03Z,26.552138,-77.070063,5.36,306.6,2,10,1.0
2024-03-23T18:33:08Z,26.552212,-77.070178,5.45,306.9,2,9,1.0
2024-03-23T18:33:13Z,26.552292,-77.070312,6.02,300.3,2,9,1.0
2024-03-23T18:33:18Z,26.552365,-77.070448,5.90,299.8,2,9,1.0
2024-03-23T18:33:23Z,26.552432,-77.070582,5.73,299.8,2,10,1.0
2024-03-23T18:33:28Z,26.552495,-77.070702,5.34,300.1,2,9,1.0
2024-03-23T18:33:33Z,26.552563,-77.070820,5.54,302.0,2,9,1.0
2024-03-23T18:33:38Z,26.552635,-77.070937,5.74,300.7,2,10,1.0
2024-03-23T18:33:43Z,26.552707,-77.071057,5.28,308.2,2,10,1.0
2024-03-23T18:33:48Z,26.552777,-77.071182,5.57,304.9,2,10,1.0
2024-03-23T18:33:58Z,26.552918,-77.071427,5.56,300.7,2,10,1.0
2024-03-23T18:34:03Z,26.552988,-77.071550,5.58,302.1,2,9,1.0
2024-03-23T18:34:08Z,26.553055,-77.071678,5.55,303.7,2,9,1.0
2024-03-23T18:34:13Z,26.553125,-77.071798,5.57,300.3,2,9,1.0
2024-03-23T18:34:18Z,26.553190,-77.071913,5.56,302.2,2,9,1.0
2024-03-23T18:34:23Z,26.553258,-77.072038,5.61,306.5,2,10,1.0
2024-03-23T18:34:28Z,26.553337,-77.072167,5.72,303.1,2,10,1.0
2024-03-23T18:34:33Z,26.553407,-77.072297,5.73,302.4,2,9,1.1
2024-03-23T18:34:38Z,26.553473,-77.072423,5.59,304.1,2,9,1.1
2024-03-23T18:34:43Z,26.553542,-77.072550,5.71,304.1,2,9,1.1
2024-03-23T18:34:48Z,26.553615,-77.072675,5.65,300.9,2,10,1.0
2024-03-23T18:34:53Z,26.553680,-77.072797,5.52,303.3,2,10,1.0
2024-03-23T18:34:58Z,26.553760,-77.072917,5.49,307.2,2,10,1.0
2024-03-23T18:35:03Z,26.553835,-77.073040,5.73,299.9,2,10,1.0
2024-03-23T18:35:13Z,26.553972,-77.073300,5.36,305.7,2,10,1.0
2024-03-23T18:35:18Z,26.554037,-77.073430,5.67,299.0,2,10,1.0
2024-03-23T18:35:23Z,26.554105,-77.073562,5.70,300.2,2,10,1.0
2024-03-23T18:35:28Z,26.554168,-77.073685,5.34,303.9,2,9,1.1
2024-03-23T18:35:33Z,26.554233,-77.073807,5.40,304.1,2,9,1.1
2024-03-23T18:35:38Z,26.554297,-77.073920,5.49,300.4,2,10,1.0
2024-03-23T18:35:43Z,26.554367,-77.074040,5.58,301.4,2,10,1.0
2024-03-23T18:35:53Z,26.554502,-77.074290,5.63,301.1,2,10,1.0
2024-03-23T18:35:58Z,26.554572,-77.074418,5.66,304.0,2,8,1.2
2024-03-23T18:36:03Z,26.554643,-77.074545,5.77,300.7,2,10,1.0
2024-03-23T18:36:08Z,26.554722,-77.074673,5.77,303.8,2,10,1.0
2024-03-23T18:36:13Z,26.554797,-77.074795,5.56,304.8,2,10,1.0
2024-03-23T18:36:18Z,26.554877,-77.074930,5.80,304.7,2,10,1.0
2024-03-23T18:36:23Z,26.554947,-77.075068,5.71,300.7,2,10,1.0
2024-03-23T18:36:33Z,26.555070,-77.075310,5.60,298.0,2,10,1.0
2024-03-23T18:36:38Z,26.555135,-77.075435,5.71,301.2,2,10,1.0
2024-03-23T18:36:43Z,26.555207,-77.075563,5.67,302.5,2,8,1.3
2024-03-23T18:36:48Z,26.555277,-77.075695,5.81,300.1,2,9,1.1
2024-03-23T18:36:53Z,26.555348,-77.075827,5.64,301.7,2,9,1.1
2024-03-23T18:36:58Z,26.555430,-77.075968,5.82,298.4,2,9,1.1
2024-03-23T18:37:03Z,26.555512,-77.076092,5.88,302.6,2,9,1.1
2024-03-23T18:37:08Z,26.555582,-77.076223,6.23,300.7,2,9,1.1
2024-03-23T18:37:13Z,26.555653,-77.076345,5.35,306.1,2,9,1.1
2024-03-23T18:37:18Z,26.555725,-77.076460,5.69,300.4,2,9,1.1
2024-03-23T18:37:23Z,26.555800,-77.076588,5.88,299.1,2,9,1.1
2024-03-23T18:37:28Z,26.555875,-77.076715,5.48,301.7,2,9,1.1
2024-03-23T18:37:33Z,26.555952,-77.076842,5.67,302.3,2,9,1.1
2024-03-23T18:37:38Z,26.556015,-77.076957,5.42,301.4,2,9,1.1
2024-03-23T18:37:48Z,26.556163,-77.077192,5.63,302.8,2,9,1.1
2024-03-23T18:37:53Z,26.556230,-77.077330,5.66,303.0,2,9,1.1
2024-03-23T18:37:58Z,26.556302,-77.077455,5.68,298.9,2,9,1.1
2024-03-23T18:38:03Z,26.556368,-77.077588,5.98,297.5,2,9,1.1
2024-03-23T18:38:08Z,26.556440,-77.077715,5.73,299.4,2,9,1.1
2024-03-23T18:38:13Z,26.556512,-77.077833,5.69,305.8,2,9,1.1
2024-03-23T18:38:18Z,26.556587,-77.077958,5.51,305.8,2,9,1.1
2024-03-23T18:38:23Z,26.556672,-77.078078,5.37,308.0,2,9,1.1
2024-03-23T18:38:28Z,26.556747,-77.078203,6.11,299.5,2,9,1.1
2024-03-23T18:38:33Z,26.556820,-77.078342,6.39,298.7,2,9,1.1
2024-03-23T18:38:38Z,26.556888,-77.078483,6.03,299.4,2,9,1.1
2024-03-23T18:38:43Z,26.556960,-77.078603,5.51,306.6,2,9,1.1
2024-03-23T18:38:48Z,26.557030,-77.078720,5.55,305.8,2,9,1.1
2024-03-23T18:38:53Z,26.557103,-77.078835,5.57,301.6,2,9,1.1
2024-03-23T18:39:03Z,26.557248,-77.079083,5.68,301.2,2,9,1.1
2024-03-23T18:39:08Z,26.557318,-77.079205,5.64,302.1,2,9,1.1
2024-03-23T18:39:13Z,26.557382,-77.079323,5.51,298.7,2,9,1.1
2024-03-23T18:39:18Z,26.557447,-77.079433,5.30,301.5,2,9,1.1
2024-03-23T18:39:23Z,26.557517,-77.079565,5.50,300.2,2,9,1.1
2024-03-23T18:39:28Z,26.557587,-77.079693,5.65,303.6,2,9,1.1
2024-03-23T18:39:33Z,26.557663,-77.079818,5.17,309.5,2,9,1.1
2024-03-23T18:39:38Z,26.557737,-77.079948,5.69,302.0,2,9,1.1
2024-03-23T18:39:43Z,26.557805,-77.080088,5.89,300.4,2,9,1.1
2024-03-23T18:39:48Z,26.557868,-77.080217,6.00,298.4,2,9,1.1
2024-03-23T18:39:53Z,26.557932,-77.080328,5.40,303.2,2,9,1.1
2024-03-23T18:39:58Z,26.558003,-77.080458,6.06,298.6,2,9,1.1
2024-03-23T18:40:03Z,26.558078,-77.080563,5.40,311.1,2,9,1.1
2024-03-23T18:40:08Z,26.558165,-77.080692,6.12,301.2,2,9,1.1
2024-03-23T18:40:18Z,26.558300,-77.080930,5.67,297.1,2,9,1.1
2024-03-23T18:40:23Z,26.558373,-77.081060,5.50,307.8,2,9,1.1
2024-03-23T18:40:28Z,26.558462,-77.081183,6.22,302.3,2,9,1.1
2024-03-23T18:40:33Z,26.558540,-77.081310,5.84,304.5,2,9,1.1
2024-03-23T18:40:38Z,26.558620,-77.081443,5.65,301.0,2,9,1.1
2024-03-23T18:40:43Z,26.558690,-77.081575,5.92,305.0,2,9,1.1
2024-03-23T18:40:48Z,26.558773,-77.081700,5.57,311.2,2,9,1.1
2024-03-23T18:40:53Z,26.558842,-77.081823,6.04,299.9,2,9,1.1
2024-03-23T18:40:58Z,26.558907,-77.081957,6.11,299.4,2,9,1.1
2024-03-23T18:41:03Z,26.558982,-77.082083,5.74,303.7,2,9,1.1
2024-03-23T18:41:08Z,26.559055,-77.082205,5.71,302.3,2,9,1.1
2024-03-23T18:41:13Z,26.559130,-77.082340,5.93,303.7,2,9,1.1
2024-03-23T18:41:18Z,26.559212,-77.082478,5.58,305.3,2,9,1.1
2024-03-23T18:41:23Z,26.559295,-77.082602,5.78,305.8,2,9,1.1
2024-03-23T18:41:28Z,26.559382,-77.082732,6.40,306.3,2,9,1.1
2024-03-23T18:41:33Z,26.559452,-77.082862,5.77,299.5,2,9,1.1
2024-03-23T18:41:38Z,26.559527,-77.083002,6.00,300.2,2,9,1.1
2024-03-23T18:41:43Z,26.559607,-77.083137,6.45,295.4,2,9,1.1
2024-03-23T18:41:48Z,26.559687,-77.083285,5.78,304.9,2,9,1.1
2024-03-23T18:41:53Z,26.559762,-77.083420,5.81,303.4,2,9,1.1
2024-03-23T18:41:58Z,26.559828,-77.083535,6.08,296.8,2,10,1.0
2024-03-23T18:42:03Z,26.559893,-77.083685,6.29,298.0,2,9,1.2
2024-03-23T18:42:08Z,26.559968,-77.083817,5.66,306.6,2,10,1.0
2024-03-23T18:42:13Z,26.560043,-77.083940,5.67,304.4,2,10,1.0
2024-03-23T18:42:18Z,26.560107,-77.084060,5.58,296.4,2,10,1.0
2024-03-23T18:42:23Z,26.560165,-77.084185,5.03,290.3,2,10,1.0
2024-03-23T18:42:28Z,26.560200,-77.084327,5.76,282.5,2,10,1.0
2024-03-23T18:42:33Z,26.560222,-77.084470,5.63,275.2,2,10,1.0
2024-03-23T18:42:43Z,26.560227,-77.084743,5.31,269.3,2,10,1.0
2024-03-23T18:42:48Z,26.560225,-77.084878,5.28,268.1,2,10,1.0
2024-03-23T18:42:53Z,26.560215,-77.085013,5.08,263.9,2,10,1.0
2024-03-23T18:42:58Z,26.560185,-77.085127,4.86,250.2,2,10,1.0
2024-03-23T18:43:03Z,26.560133,-77.085250,4.98,243.6,2,10,1.0
2024-03-23T18:43:08Z,26.560082,-77.085358,4.49,238.7,2,10,1.0
2024-03-23T18:43:13Z,26.560008,-77.085445,4.32,226.4,2,10,1.0
2024-03-23T18:43:23Z,26.559858,-77.085602,4.34,225.4,1,10,1.0
2024-03-23T18:43:28Z,26.559790,-77.085677,4.48,216.3,1,10,1.0
2024-03-23T18:43:33Z,26.559720,-77.085742,4.59,226.2,1,10,1.0
2024-03-23T18:43:38Z,26.559635,-77.085807,4.33,216.1,1,10,1.0
2024-03-23T18:43:43Z,26.559553,-77.085870,4.36,211.1,1,10,1.0
2024-03-23T18:43:48Z,26.559465,-77.085922,4.21,215.8,1,10,1.0
2024-03-23T18:43:53Z,26.559378,-77.085987,4.40,213.8,1,10,1.0
2024-03-23T18:43:58Z,26.559293,-77.086035,4.46,204.9,1,10,1.0
2024-03-23T18:44:03Z,26.559208,-77.086075,4.26,205.8,1,10,1.0
2024-03-23T18:44:08Z,26.559122,-77.086118,4.43,201.7,1,10,1.0
2024-03-23T18:44:13Z,26.559023,-77.086162,4.62,200.6,1,10,1.0
2024-03-23T18:44:18Z,26.558923,-77.086197,4.42,198.2,1,10,1.0
2024-03-23T18:44:23Z,26.558823,-77.086240,4.57,195.9,1,10,1.0
2024-03-23T18:44:33Z,26.558625,-77.086302,4.37,196.6,1,10,1.0
2024-03-23T18:44:38Z,26.558523,-77.086340,4.40,197.0,1,10,1.0
2024-03-23T18:44:43Z,26.558418,-77.086360,4.60,194.8,1,10,1.0
2024-03-23T18:44:48Z,26.558315,-77.086392,4.94,192.6,1,10,1.0
2024-03-23T18:44:53Z,26.558213,-77.086435,4.78,201.4,1,10,1.0
2024-03-23T18:44:58Z,26.558107,-77.086467,4.70,198.7,1,10,1.0
2024-03-23T18:45:08Z,26.557883,-77.086532,5.13,192.7,1,10,1.0
2024-03-23T18:45:13Z,26.557778,-77.086563,4.55,197.1,1,10,1.0
2024-03-23T18:45:18Z,26.557677,-77.086597,4.67,194.9,1,10,1.0
2024-03-23T18:45:23Z,26.557568,-77.086628,4.70,196.0,1,9,1.2
2024-03-23T18:45:28Z,26.557463,-77.086660,4.58,198.1,1,10,1.0
2024-03-23T18:45:33Z,26.557362,-77.086703,4.49,196.9,1,10,1.0
2024-03-23T18:45:38Z,26.557268,-77.086740,4.10,196.9,1,10,1.0
2024-03-23T18:45:43Z,26.557177,-77.086767,3.63,194.7,1,10,1.0
2024-03-23T18:45:48Z,26.557105,-77.086798,2.86,192.1,1,10,1.0
2024-03-23T18:45:53Z,26.557038,-77.086815,2.69,201.8,1,10,1.0
2024-03-23T18:45:58Z,26.556980,-77.086833,2.50,200.5,1,10,1.0
2024-03-23T18:46:03Z,26.556922,-77.086853,2.77,192.5,1,10,1.0
2024-03-23T18:46:08Z,26.556878,-77.086877,2.21,194.4,1,10,1.0
2024-03-23T18:46:18Z,26.556787,-77.086903,2.14,197.6,1,10,1.0
2024-03-23T18:46:23Z,26.556732,-77.086915,2.52,188.4,1,10,1.0
2024-03-23T18:46:28Z,26.556677,-77.086942,2.78,189.7,1,10,1.0
2024-03-23T18:46:33Z,26.556612,-77.086937,2.41,190.8,1,10,1.0
2024-03-23T18:46:38Z,26.556553,-77.086937,2.54,164.5,1,10,1.0
2024-03-23T18:46:43Z,26.556497,-77.086913,2.90,161.0,1,10,1.0
2024-03-23T18:46:48Z,26.556437,-77.086875,2.93,147.9,1,10,1.0
2024-03-23T18:46:53Z,26.556375,-77.086823,3.88,144.0,1,10,1.0
2024-03-23T18:46:58Z,26.556317,-77.086760,3.90,130.7,1,10,1.0
2024-03-23T18:47:03Z,26.556268,-77.086675,4.48,131.3,1,10,1.0
2024-03-23T18:47:08Z,26.556210,-77.086577,4.48,118.3,1,10,1.0
2024-03-23T18:47:13Z,26.556157,-77.086467,4.56,122.0,1,10,1.0
2024-03-23T18:47:18Z,26.556108,-77.086358,4.70,119.8,1,10,1.0
2024-03-23T18:47:28Z,26.556023,-77.086118,4.73,106.5,1,10,1.0
2024-03-23T18:47:33Z,26.555985,-77.085998,5.15,107.4,1,9,1.0
2024-03-23T18:47:38Z,26.555950,-77.085870,5.64,109.5,1,10,1.0
2024-03-23T18:47:43Z,26.555910,-77.085740,5.28,109.3,1,9,1.0
2024-03-23T18:47:48Z,26.555860,-77.085603,5.69,114.1,1,9,1.1
2024-03-23T18:47:53Z,26.555812,-77.085475,5.57,117.1,1,10,1.0
2024-03-23T18:47:58Z,26.555758,-77.085345,5.70,112.9,1,10,1.0
2024-03-23T18:48:03Z,26.555707,-77.085217,5.44,116.0,1,10,1.0
2024-03-23T18:48:08Z,26.555655,-77.085087,5.57,113.7,1,9,1.1
2024-03-23T18:48:13Z,26.555608,-77.084957,5.50,114.7,1,10,1.0
2024-03-23T18:48:18Z,26.555562,-77.084825,5.59,112.0,1,10,1.0
2024-03-23T18:48:23Z,26.555510,-77.084688,5.78,112.5,1,10,1.0
2024-03-23T18:48:28Z,26.555462,-77.084548,5.63,112.0,1,10,1.0
2024-03-23T18:48:38Z,26.555365,-77.084282,5.62,111.5,1,10,1.0
2024-03-23T18:48:43Z,26.555318,-77.084152,5.81,111.9,1,10,1.0
2024-03-23T18:48:48Z,26.555267,-77.084018,5.71,116.4,1,10,1.0
2024-03-23T18:48:53Z,26.555213,-77.083883,5.71,113.4,1,9,1.1
2024-03-23T18:48:58Z,26.555155,-77.083757,5.52,118.1,1,9,1.1
2024-03-23T18:49:03Z,26.555083,-77.083635,5.46,119.8,1,10,1.0
2024-03-23T18:49:13Z,26.554948,-77.083382,4.68,126.7,1,10,1.0
2024-03-23T18:49:18Z,26.554892,-77.083303,3.71,141.2,1,10,1.0
2024-03-23T18:49:23Z,26.554818,-77.083258,3.63,152.5,1,10,1.0
2024-03-23T18:49:28Z,26.554738,-77.083258,3.18,179.7,1,10,1.0
2024-03-23T18:49:33Z,26.554680,-77.083275,2.32,191.2,1,10,1.0
2024-03-23T18:49:38Z,26.554628,-77.083290,1.99,206.7,1,10,1.0
2024-03-23T18:49:48Z,26.554565,-77.083332,1.12,209.4,1,10,1.0
2024-03-23T18:49:53Z,26.554557,-77.083367,0.81,229.5,1,10,1.0
2024-03-23T18:49:58Z,26.554540,-77.083372,0.57,252.1,1,10,1.0
2024-03-23T18:50:03Z,26.554550,-77.083393,0.58,354.3,1,10,1.0
2024-03-23T18:50:08Z,26.554572,-77.083380,1.06,11.8,1,10,1.0
2024-03-23T18:50:13Z,26.554590,-77.083368,1.16,22.0,1,10,1.0
2024-03-23T18:50:23Z,26.554633,-77.083352,0.56,30.5,1,10,1.0
2024-03-23T18:50:28Z,26.554645,-77.083345,0.56,65.0,1,10,1.0
2024-03-23T18:50:33Z,26.554657,-77.083325,0.82,66.2,1,10,1.0
2024-03-23T18:50:38Z,26.554672,-77.083313,1.02,55.8,1,10,1.0
2024-03-23T18:50:43Z,26.554688,-77.083298,1.45,85.4,1,10,1.0
2024-03-23T18:50:48Z,26.554703,-77.083275,0.99,57.7,1,10,1.0
2024-03-23T18:50:58Z,26.554752,-77.083278,0.50,353.9,1,10,1.0
2024-03-23T18:51:03Z,26.554772,-77.083285,1.09,8.8,1,10,1.0
2024-03-23T18:51:08Z,26.554793,-77.083277,0.84,33.8,1,10,1.0
2024-03-23T18:51:13Z,26.554813,-77.083282,0.67,345.3,1,10,1.0
2024-03-23T18:51:18Z,26.554815,-77.083277,1.36,124.3,1,10,1.0
2024-03-23T18:51:23Z,26.554818,-77.083265,0.79,49.9,1,10,1.0
2024-03-23T18:51:28Z,26.554832,-77.083268,0.28,21.7,1,10,1.0
2024-03-23T18:51:33Z,26.554827,-77.083258,0.75,102.5,1,10,1.0
2024-03-23T18:51:38Z,26.554840,-77.083233,0.36,39.8,1,10,1.0
2024-03-23T18:51:43Z,26.554858,-77.083235,0.96,65.1,1,10,1.0
2024-03-23T18:51:48Z,26.554862,-77.083203,0.32,35.6,1,10,1.0
2024-03-23T18:51:53Z,26.554877,-77.083195,0.75,46.8,1,10,1.0
2024-03-23T18:51:58Z,26.554888,-77.083178,0.82,52.1,1,10,1.0
2024-03-23T18:52:08Z,26.554893,-77.083177,0.27,21.6,1,10,1.0
2024-03-23T18:52:13Z,26.554882,-77.083170,0.11,156.6,1,10,1.0
2024-03-23T18:52:18Z,26.554888,-77.083187,0.86,78.6,1,10,1.0
2024-03-23T18:52:23Z,26.554887,-77.083197,0.57,245.4,1,10,1.0
2024-03-23T18:52:28Z,26.554895,-77.083190,0.25,36.0,1,10,1.0
2024-03-23T18:52:33Z,26.554907,-77.083190,0.37,61.3,1,10,1.0
2024-03-23T18:52:38Z,26.554917,-77.083195,0.33,160.8,1,10,1.0
2024-03-23T18:52:43Z,26.554918,-77.083195,0.48,184.5,1,10,1.0
2024-03-23T18:52:48Z,26.554913,-77.083190,0.22,63.6,1,10,1.0
2024-03-23T18:52:53Z,26.554912,-77.083193,0.20,307.3,1,10,1.0
2024-03-23T18:52:58Z,26.554907,-77.083198,0.19,314.9,1,10,1.0
2024-03-23T18:53:03Z,26.554903,-77.083198,0.33,321.8,1,10,1.0
2024-03-23T18:53:08Z,26.554898,-77.083200,0.44,154.8,1,10,1.0
2024-03-23T18:53:13Z,26.554887,-77.083200,0.55,164.2,1,10,1.0
2024-03-23T18:53:18Z,26.554883,-77.083202,0.24,307.4,1,10,1.0
2024-03-23T18:53:23Z,26.554885,-77.083200,0.32,64.9,1,10,1.0
2024-03-23T18:53:28Z,26.554890,-77.083193,0.34,359.7,1,10,1.0
2024-03-23T18:53:38Z,26.554902,-77.083182,0.64,131.1,1,10,1.0
2024-03-23T18:53:43Z,26.554892,-77.083170,0.65,109.8,1,10,1.0
2024-03-23T18:53:48Z,26.554882,-77.083160,0.39,112.0,1,10,1.0
2024-03-23T18:53:53Z,26.554882,-77.083155,0.52,120.4,1,10,1.0
2024-03-23T18:53:58Z,26.554882,-77.083152,0.29,94.0,1,10,1.0
2024-03-23T18:54:03Z,26.554873,-77.083145,0.54,113.3,1,10,1.0
2024-03-23T18:54:08Z,26.554888,-77.083153,0.65,117.7,1,10,1.0
2024-03-23T18:54:13Z,26.554897,-77.083162,0.14,135.6,1,10,1.0
2024-03-23T18:54:18Z,26.554900,-77.083177,0.20,335.6,1,10,1.0
2024-03-23T18:54:23Z,26.554893,-77.083178,0.18,214.5,1,10,1.0
2024-03-23T18:54:28Z,26.554883,-77.083180,0.37,177.9,1,10,1.0
2024-03-23T18:54:38Z,26.554883,-77.083190,0.03,99.7,1,10,1.0
2024-03-23T18:54:43Z,26.554892,-77.083192,0.41,58.2,1,10,1.0
2024-03-23T18:54:48Z,26.554902,-77.083192,0.36,92.2,1,10,1.0
2024-03-23T18:54:53Z,26.554900,-77.083190,0.31,99.1,1,10,1.0
2024-03-23T18:54:58Z,26.554905,-77.083188,0.45,119.1,1,10,1.0
2024-03-23T18:55:03Z,26.554913,-77.083180,0.42,94.8,1,10,1.0
2024-03-23T18:55:08Z,26.554913,-77.083178,0.18,143.0,1,10,1.0
2024-03-23T18:55:13Z,26.554903,-77.083177,0.23,161.3,1,10,1.0
2024-03-23T18:55:18Z,26.554895,-77.083173,0.66,141.4,1,10,1.0
2024-03-23T18:55:23Z,26.554902,-77.083165,0.47,0.0,1,10,1.0
2024-03-23T18:55:28Z,26.554913,-77.083168,0.15,333.8,1,10,1.0
2024-03-23T18:55:33Z,26.554905,-77.083167,0.29,174.6,1,10,1.0
2024-03-23T18:55:43Z,26.554902,-77.083183,0.09,205.0,1,10,1.0
2024-03-23T18:55:48Z,26.554905,-77.083187,0.56,116.7,1,10,1.0
2024-03-23T18:55:53Z,26.554892,-77.083165,0.45,158.1,1,10,1.0
2024-03-23T18:55:58Z,26.554892,-77.083167,0.10,168.0,1,10,1.0
2024-03-23T18:56:03Z,26.554882,-77.083152,0.14,96.8,1,10,1.0
2024-03-23T18:56:08Z,26.554873,-77.083150,0.89,119.9,1,10,1.0
2024-03-23T18:56:18Z,26.554880,-77.083155,0.71,105.8,1,10,1.0
2024-03-23T18:56:23Z,26.554875,-77.083160,0.52,160.6,1,9,1.2
2024-03-23T18:56:28Z,26.554878,-77.083160,0.40,115.2,1,10,1.0
2024-03-23T18:56:33Z,26.554878,-77.083173,0.54,320.3,1,9,1.2
2024-03-23T18:56:38Z,26.554872,-77.083167,0.61,110.1,1,9,1.2
2024-03-23T18:56:43Z,26.554868,-77.083163,0.19,130.2,1,9,1.2
2024-03-23T18:56:48Z,26.554867,-77.083167,0.23,85.9,1,10,1.0
2024-03-23T18:56:53Z,26.554873,-77.083172,0.06,240.5,1,10,1.0
2024-03-23T18:56:58Z,26.554877,-77.083173,0.11,221.4,1,10,1.0
2024-03-23T18:57:03Z,26.554877,-77.083175,0.15,251.2,1,10,1.0
2024-03-23T18:57:08Z,26.554877,-77.083177,0.21,66.1,1,10,1.0
2024-03-23T18:57:13Z,26.554880,-77.083173,0.24,53.1,1,10,1.0
2024-03-23T18:57:18Z,26.554877,-77.083173,0.28,103.1,1,10,1.0
2024-03-23T18:57:23Z,26.554877,-77.083167,0.36,188.4,1,10,1.0
2024-03-23T18:57:28Z,26.554880,-77.083172,0.33,126.0,1,10,1.0
2024-03-23T18:57:33Z,26.554882,-77.083175,0.11,289.9,1,10,1.0
2024-03-23T18:57:38Z,26.554882,-77.083173,0.15,241.7,1,10,1.0
2024-03-23T18:57:43Z,26.554880,-77.083178,0.16,97.5,1,10,1.0
2024-03-23T18:57:48Z,26.554875,-77.083173,0.64,78.0,1,10,1.0
2024-03-23T18:57:53Z,26.554863,-77.083172,0.30,142.7,1,10,1.0
2024-03-23T18:57:58Z,26.554860,-77.083167,0.45,103.9,2,10,1.0
2024-03-23T18:58:03Z,26.554860,-77.083162,0.56,101.6,2,10,1.0
2024-03-23T18:58:08Z,26.554852,-77.083153,0.57,88.7,2,10,1.0
2024-03-23T18:58:13Z,26.554855,-77.083153,0.17,208.7,2,10,1.0
2024-03-23T18:58:18Z,26.554865,-77.083160,0.29,97.8,2,10,1.0
2024-03-23T18:58:23Z,26.554867,-77.083162,0.33,97.5,2,10,1.0
2024-03-23T18:58:28Z,26.554863,-77.083158,0.25,109.9,2,10,1.0
2024-03-23T18:58:33Z,26.554863,-77.083153,0.31,23.4,2,10,1.0
2024-03-23T18:58:43Z,26.554865,-77.083162,0.25,153.2,2,10,1.0
2024-03-23T18:58:48Z,26.554862,-77.083160,0.40,306.8,2,10,1.0
2024-03-23T18:58:53Z,26.554855,-77.083172,0.05,25.1,2,10,1.0
2024-03-23T18:58:58Z,26.554855,-77.083177,0.10,60.1,2,10,1.0
2024-03-23T18:59:03Z,26.554860,-77.083183,0.26,255.8,2,10,1.0
2024-03-23T18:59:08Z,26.554857,-77.083170,0.26,331.9,2,10,1.0
2024-03-23T18:59:13Z,26.554857,-77.083173,0.16,281.2,2,10,1.0
2024-03-23T18:59:23Z,26.554878,-77.083153,0.36,9.7,2,10,1.0
2024-03-23T18:59:28Z,26.554882,-77.083158,0.14,34.7,2,9,1.2
2024-03-23T18:59:33Z,26.554887,-77.083167,0.20,299.3,2,10,1.0
2024-03-23T18:59:38Z,26.554885,-77.083178,0.05,51.4,2,9,1.2
2024-03-23T18:59:43Z,26.554878,-77.083187,0.11,189.7,2,10,1.0
2024-03-23T18:59:48Z,26.554875,-77.083188,0.31,85.9,2,10,1.0
2024-03-23T18:59:53Z,26.554880,-77.083190,0.16,68.3,2,10,1.0
2024-03-23T18:59:58Z,26.554883,-77.083202,0.14,151.2,2,10,1.0
2024-03-23T19:00:03Z,26.554877,-77.083200,0.03,77.0,2,9,1.2
2024-03-23T19:00:08Z,26.554877,-77.083200,0.40,114.6,2,10,1.0
2024-03-23T19:00:13Z,26.554883,-77.083203,0.24,40.0,2,10,1.0
2024-03-23T19:00:18Z,26.554875,-77.083205,0.19,136.7,2,10,1.0
2024-03-23T19:00:23Z,26.554877,-77.083200,1.03,117.5,1,10,1.0
2024-03-23T19:00:28Z,26.554872,-77.083203,0.41,126.3,1,9,1.2
2024-03-23T19:00:33Z,26.554875,-77.083183,0.69,99.2,1,10,1.0
2024-03-23T19:00:38Z,26.554858,-77.083170,0.95,122.0,1,9,1.2
2024-03-23T19:00:43Z,26.554838,-77.083145,0.92,123.9,1,10,1.0
2024-03-23T19:00:48Z,26.554853,-77.083162,0.24,277.4,1,10,1.0
2024-03-23T19:00:53Z,26.554858,-77.083168,0.24,123.5,1,10,1.0
2024-03-23T19:00:58Z,26.554863,-77.083168,0.06,355.7,1,9,1.2
2024-03-23T19:01:03Z,26.554870,-77.083175,0.23,112.9,2,10,1.0
2024-03-23T19:01:08Z,26.554870,-77.083170,0.90,124.8,2,9,1.2
2024-03-23T19:01:13Z,26.554862,-77.083172,0.37,202.6,2,9,1.2
2024-03-23T19:01:18Z,26.554862,-77.083175,0.44,330.2,2,10,1.0
2024-03-23T19:01:23Z,26.554863,-77.083182,0.02,80.7,2,9,1.2
2024-03-23T19:01:28Z,26.554857,-77.083172,0.63,139.1,2,9,1.2
2024-03-23T19:01:33Z,26.554855,-77.083157,0.29,113.6,2,10,1.0
2024-03-23T19:01:38Z,26.554865,-77.083153,0.37,71.0,1,9,1.1
2024-03-23T19:01:43Z,26.554880,-77.083163,0.18,327.5,1,10,1.0
2024-03-23T19:01:48Z,26.554880,-77.083170,0.58,142.3,1,10,1.0
2024-03-23T19:01:53Z,26.554880,-77.083168,0.13,130.0,1,9,1.2
2024-03-23T19:01:58Z,26.554895,-77.083175,0.86,347.0,1,9,1.2
2024-03-23T19:02:03Z,26.554902,-77.083177,0.36,311.5,1,9,1.2
2024-03-23T19:02:08Z,26.554907,-77.083177,0.30,3.4,1,9,1.2
2024-03-23T19:02:18Z,26.554897,-77.083177,0.02,337.8,2,10,1.0
2024-03-23T19:02:23Z,26.554887,-77.083178,0.22,228.7,2,10,1.0
2024-03-23T19:02:28Z,26.554885,-77.083183,0.14,150.8,2,10,1.0
2024-03-23T19:02:33Z,26.554880,-77.083185,0.30,144.6,2,9,1.2
2024-03-23T19:02:38Z,26.554887,-77.083203,0.05,194.6,2,10,1.0
2024-03-23T19:02:43Z,26.554895,-77.083210,0.23,56.1,2,10,1.0
2024-03-23T19:02:53Z,26.554903,-77.083203,0.03,74.0,2,10,1.0
2024-03-23T19:02:58Z,26.554903,-77.083202,0.14,65.7,2,10,1.0
2024-03-23T19:03:03Z,26.554902,-77.083197,0.32,109.5,2,10,1.0
2024-03-23T19:03:08Z,26.554892,-77.083192,0.52,134.8,2,10,1.0
2024-03-23T19:03:13Z,26.554890,-77.083187,0.59,125.3,2,10,1.0
2024-03-23T19:03:18Z,26.554883,-77.083183,0.23,132.9,2,10,1.0
2024-03-23T19:03:23Z,26.554882,-77.083183,0.24,118.5,2,10,1.0
2024-03-23T19:03:28Z,26.554880,-77.083183,0.36,114.8,1,10,1.0
2024-03-23T19:03:33Z,26.554885,-77.083188,0.12,140.3,1,10,1.0
2024-03-23T19:03:38Z,26.554885,-77.083190,0.10,271.0,1,10,1.0
2024-03-23T19:03:43Z,26.554892,-77.083200,0.10,28.3,1,10,1.0
2024-03-23T19:03:48Z,26.554898,-77.083200,0.17,105.6,1,10,1.0
2024-03-23T19:03:53Z,26.554898,-77.083198,0.10,174.1,1,10,1.0
2024-03-23T19:03:58Z,26.554900,-77.083197,0.53,106.7,1,10,1.0
2024-03-23T19:04:03Z,26.554902,-77.083190,0.14,47.5,1,10,1.0
2024-03-23T19:04:08Z,26.554903,-77.083193,0.17,180.2,1,10,1.0
2024-03-23T19:04:13Z,26.554905,-77.083198,0.14,230.4,1,10,1.0
2024-03-23T19:04:18Z,26.554907,-77.083202,0.09,251.0,1,10,1.0
2024-03-23T19:04:23Z,26.554907,-77.083207,0.25,163.1,1,10,1.0
2024-03-23T19:04:28Z,26.554908,-77.083212,0.10,224.9,1,10,1.0
2024-03-23T19:04:33Z,26.554912,-77.083215,0.15,330.7,1,10,1.0
2024-03-23T19:04:38Z,26.554917,-77.083218,0.12,78.8,1,10,1.0
2024-03-23T19:04:43Z,26.554917,-77.083213,0.08,83.8,1,10,1.0
2024-03-23T19:04:48Z,26.554918,-77.083208,0.20,70.5,1,10,1.0
2024-03-23T19:04:53Z,26.554920,-77.083203,0.08,79.0,1,10,1.0
2024-03-23T19:04:58Z,26.554917,-77.083193,0.22,72.0,1,10,1.0
2024-03-23T19:05:03Z,26.554915,-77.083195,0.43,139.5,1,10,1.0
2024-03-23T19:05:08Z,26.554910,-77.083188,0.52,112.7,1,10,1.0
2024-03-23T19:05:13Z,26.554908,-77.083183,0.46,113.7,1,10,1.0
2024-03-23T19:05:18Z,26.554903,-77.083185,0.42,119.5,1,10,1.0
2024-03-23T19:05:28Z,26.554897,-77.083175,0.33,102.1,1,10,1.0
2024-03-23T19:05:33Z,26.554893,-77.083168,0.39,116.2,1,10,1.0
2024-03-23T19:05:38Z,26.554892,-77.083172,0.14,200.3,1,10,1.0
2024-03-23T19:05:43Z,26.554892,-77.083175,0.32,86.9,1,10,1.0
2024-03-23T19:05:48Z,26.554895,-77.083177,0.18,112.5,1,9,1.2
2024-03-23T19:05:53Z,26.554895,-77.083183,0.10,295.5,1,10,1.0
2024-03-23T19:05:58Z,26.554892,-77.083187,0.27,237.7,1,10,1.0
2024-03-23T19:06:03Z,26.554887,-77.083192,0.25,212.8,1,10,1.0
2024-03-23T19:06:08Z,26.554885,-77.083197,0.23,246.6,1,10,1.0
2024-03-23T19:06:13Z,26.554887,-77.083203,0.11,267.0,1,10,1.0
2024-03-23T19:06:18Z,26.554888,-77.083208,0.10,269.8,1,10,1.0
2024-03-23T19:06:28Z,26.554893,-77.083215,0.04,295.7,1,10,1.0
2024-03-23T19:06:33Z,26.554897,-77.083217,0.19,325.2,1,9,1.2
2024-03-23T19:06:38Z,26.554902,-77.083223,0.21,343.1,1,10,1.0
2024-03-23T19:06:43Z,26.554910,-77.083223,0.40,355.5,1,10,1.0
2024-03-23T19:06:48Z,26.554913,-77.083220,0.17,46.6,1,10,1.0
2024-03-23T19:06:53Z,26.554917,-77.083220,0.23,58.9,1,10,1.0
2024-03-23T19:06:58Z,26.554917,-77.083213,0.21,87.7,1,10,1.0
2024-03-23T19:07:03Z,26.554915,-77.083210,0.06,168.9,1,10,1.0
2024-03-23T19:07:08Z,26.554915,-77.083203,0.26,124.0,1,10,1.0
2024-03-23T19:07:13Z,26.554912,-77.083212,0.03,88.1,1,10,1.0
2024-03-23T19:07:18Z,26.554912,-77.083212,0.21,57.2,1,10,1.0
2024-03-23T19:07:23Z,26.554912,-77.083208,0.15,65.9,1,10,1.0
2024-03-23T19:07:28Z,26.554910,-77.083205,0.20,160.3,1,10,1.0
2024-03-23T19:07:33Z,26.554908,-77.083203,0.01,113.8,1,10,1.0
2024-03-23T19:07:38Z,26.554910,-77.083202,0.06,166.9,1,10,1.0
2024-03-23T19:07:43Z,26.554910,-77.083207,0.10,105.6,1,10,1.0
2024-03-23T19:07:48Z,26.554913,-77.083218,0.15,64.6,1,9,1.1
2024-03-23T19:07:53Z,26.554915,-77.083222,0.25,77.6,1,10,1.0
2024-03-23T19:08:03Z,26.554908,-77.083215,0.10,220.3,1,10,1.0
2024-03-23T19:08:08Z,26.554910,-77.083202,0.38,110.6,2,10,1.0
2024-03-23T19:08:13Z,26.554912,-77.083198,0.16,137.8,2,10,1.0
2024-03-23T19:08:18Z,26.554912,-77.083197,0.22,157.7,2,10,1.0
2024-03-23T19:08:23Z,26.554908,-77.083197,0.17,177.4,2,10,1.0
2024-03-23T19:08:28Z,26.554905,-77.083200,0.01,181.8,2,10,1.0
2024-03-23T19:08:33Z,26.554900,-77.083202,0.29,105.1,2,10,1.0
2024-03-23T19:08:43Z,26.554908,-77.083200,0.34,74.1,1,10,1.0
2024-03-23T19:08:48Z,26.554907,-77.083202,0.07,223.1,1,10,1.0
2024-03-23T19:08:53Z,26.554905,-77.083202,0.13,118.3,1,10,1.0
2024-03-23T19:08:58Z,26.554908,-77.083200,0.19,87.8,1,10,1.0
2024-03-23T19:09:03Z,26.554913,-77.083202,0.08,69.2,1,9,1.2
2024-03-23T19:09:08Z,26.554912,-77.083205,0.19,199.2,1,10,1.0
2024-03-23T19:09:13Z,26.554912,-77.083208,0.05,166.9,1,10,1.0
2024-03-23T19:09:18Z,26.554910,-77.083210,0.10,79.7,1,9,1.2
2024-03-23T19:09:23Z,26.554912,-77.083207,0.33,63.1,1,10,1.0
2024-03-23T19:09:28Z,26.554912,-77.083208,0.34,13.5,1,10,1.0
2024-03-23T19:09:33Z,26.554913,-77.083205,0.12,66.8,1,10,1.0
2024-03-23T19:09:38Z,26.554902,-77.083200,0.22,158.9,1,10,1.0
2024-03-23T19:09:43Z,26.554898,-77.083200,0.31,150.6,1,10,1.0
2024-03-23T19:09:48Z,26.554895,-77.083197,0.13,173.8,1,10,1.0
2024-03-23T19:09:53Z,26.554893,-77.083198,0.16,126.8,1,10,1.0
2024-03-23T19:09:58Z,26.554893,-77.083197,0.26,119.5,1,10,1.0
2024-03-23T19:10:03Z,26.554897,-77.083205,0.16,258.0,1,10,1.0
2024-03-23T19:10:08Z,26.554903,-77.083205,0.45,27.5,1,10,1.0
2024-03-23T19:10:13Z,26.554913,-77.083208,0.11,286.2,1,10,1.0
2024-03-23T19:10:18Z,26.554913,-77.083213,0.34,221.8,1,10,1.0
2024-03-23T19:10:23Z,26.554907,-77.083215,0.14,203.9,1,10,1.0
2024-03-23T19:10:28Z,26.554902,-77.083220,0.26,141.1,2,10,1.0
2024-03-23T19:10:33Z,26.554897,-77.083222,0.37,106.8,2,10,1.0
2024-03-23T19:10:38Z,26.554895,-77.083218,0.30,100.7,2,10,1.0
2024-03-23T19:10:43Z,26.554893,-77.083215,0.13,45.8,2,10,1.0
2024-03-23T19:10:48Z,26.554893,-77.083210,0.13,133.8,2,9,1.1
2024-03-23T19:10:53Z,26.554887,-77.083217,0.27,235.6,2,9,1.1
2024-03-23T19:10:58Z,26.554888,-77.083228,0.13,232.5,2,9,1.1
2024-03-23T19:11:03Z,26.554892,-77.083237,0.05,221.8,2,9,1.1
2024-03-23T19:11:08Z,26.554897,-77.083242,0.06,83.9,2,8,1.2
2024-03-23T19:11:13Z,26.554900,-77.083242,0.07,97.4,2,8,1.2
2024-03-23T19:11:18Z,26.554898,-77.083248,0.12,19.7,2,8,1.2
2024-03-23T19:11:23Z,26.554905,-77.083255,0.57,298.1,2,9,1.1
2024-03-23T19:11:28Z,26.554905,-77.083262,0.22,37.1,2,9,1.1
2024-03-23T19:11:33Z,26.554903,-77.083258,0.18,73.1,2,9,1.1
2024-03-23T19:11:38Z,26.554907,-77.083250,0.42,29.3,2,9,1.1
2024-03-23T19:11:43Z,26.554907,-77.083257,0.34,156.5,2,9,1.1
2024-03-23T19:11:48Z,26.554898,-77.083250,0.45,169.9,2,9,1.1
2024-03-23T19:11:53Z,26.554895,-77.083238,0.31,119.9,1,9,1.1
2024-03-23T19:11:58Z,26.554893,-77.083220,0.30,148.1,1,9,1.1
2024-03-23T19:12:03Z,26.554893,-77.083210,0.53,95.8,1,9,1.1
2024-03-23T19:12:08Z,26.554900,-77.083195,0.80,97.8,1,9,1.1
2024-03-23T19:12:13Z,26.554900,-77.083192,0.08,238.1,1,9,1.1
2024-03-23T19:12:18Z,26.554902,-77.083197,0.08,61.8,1,9,1.1
2024-03-23T19:12:23Z,26.554903,-77.083200,0.03,60.7,1,9,1.1
2024-03-23T19:12:28Z,26.554902,-77.083202,0.08,211.6,1,9,1.1
2024-03-23T19:12:33Z,26.554898,-77.083198,0.18,154.8,1,9,1.1
2024-03-23T19:12:38Z,26.554902,-77.083207,0.17,112.5,2,9,1.1
2024-03-23T19:12:43Z,26.554900,-77.083207,0.38,136.1,2,9,1.1
2024-03-23T19:12:48Z,26.554913,-77.083222,0.13,40.9,2,9,1.1
2024-03-23T19:12:53Z,26.554913,-77.083220,0.21,93.4,2,9,1.1
2024-03-23T19:12:58Z,26.554912,-77.083218,0.14,74.6,2,9,1.1
2024-03-23T19:13:03Z,26.554912,-77.083218,0.42,96.5,2,9,1.1
2024-03-23T19:13:08Z,26.554908,-77.083217,0.58,150.0,2,9,1.1
2024-03-23T19:13:13Z,26.554915,-77.083225,0.51,142.6,1,9,1.1
2024-03-23T19:13:18Z,26.554918,-77.083223,0.34,188.1,1,9,1.1
2024-03-23T19:13:23Z,26.554917,-77.083223,0.04,196.1,1,9,1.1
2024-03-23T19:13:28Z,26.554918,-77.083223,0.19,58.2,1,9,1.1
2024-03-23T19:13:33Z,26.554918,-77.083225,0.15,224.4,1,9,1.1
2024-03-23T19:13:38Z,26.554920,-77.083228,0.12,221.8,1,9,1.1
2024-03-23T19:13:43Z,26.554920,-77.083230,0.21,48.1,1,9,1.1
2024-03-23T19:13:48Z,26.554920,-77.083228,0.26,90.7,1,8,1.2
2024-03-23T19:13:58Z,26.554922,-77.083215,0.22,91.2,1,8,1.2
2024-03-23T19:14:03Z,26.554920,-77.083203,0.40,70.3,1,9,1.1
2024-03-23T19:14:08Z,26.554920,-77.083202,0.23,77.1,1,9,1.1
2024-03-23T19:14:13Z,26.554915,-77.083198,0.28,119.9,1,9,1.1
2024-03-23T19:14:18Z,26.554917,-77.083193,0.31,141.4,1,9,1.1
2024-03-23T19:14:28Z,26.554913,-77.083188,0.25,124.7,1,9,1.1
2024-03-23T19:14:33Z,26.554912,-77.083188,0.18,97.1,1,9,1.1
2024-03-23T19:14:38Z,26.554908,-77.083182,0.14,66.6,1,8,1.2
2024-03-23T19:14:43Z,26.554912,-77.083180,0.30,31.1,1,9,1.1
2024-03-23T19:14:48Z,26.554915,-77.083178,0.17,45.2,1,8,1.2
2024-03-23T19:14:58Z,26.554902,-77.083185,0.22,155.6,1,9,1.1
2024-03-23T19:15:03Z,26.554897,-77.083185,0.50,113.6,1,9,1.1
2024-03-23T19:15:08Z,26.554897,-77.083188,0.19,117.0,1,8,1.2
2024-03-23T19:15:13Z,26.554897,-77.083178,0.24,55.1,1,9,1.1
2024-03-23T19:15:18Z,26.554897,-77.083177,0.21,330.7,1,9,1.1
2024-03-23T19:15:28Z,26.554902,-77.083188,0.12,155.5,1,9,1.1
2024-03-23T19:15:33Z,26.554902,-77.083195,0.50,251.2,1,9,1.1
2024-03-23T19:15:38Z,26.554903,-77.083205,0.11,147.5,1,9,1.1
2024-03-23T19:15:43Z,26.554907,-77.083212,0.15,8.8,1,9,1.1
2024-03-23T19:15:48Z,26.554903,-77.083213,0.14,145.6,1,9,1.1
2024-03-23T19:15:58Z,26.554905,-77.083218,0.05,185.3,1,9,1.1
2024-03-23T19:16:03Z,26.554907,-77.083215,0.15,108.2,1,9,1.1
2024-03-23T19:16:08Z,26.554910,-77.083215,0.45,352.6,1,9,1.1
2024-03-23T19:16:13Z,26.554918,-77.083212,0.29,96.1,1,9,1.1
2024-03-23T19:16:18Z,26.554918,-77.083205,0.24,170.2,1,9,1.1
2024-03-23T19:16:28Z,26.554920,-77.083193,0.21,114.9,1,9,1.1
2024-03-23T19:16:33Z,26.554920,-77.083187,0.38,123.4,1,9,1.1
2024-03-23T19:16:38Z,26.554915,-77.083183,0.17,169.2,1,9,1.1
2024-03-23T19:16:43Z,26.554912,-77.083180,0.29,132.7,1,9,1.1
2024-03-23T19:16:48Z,26.554910,-77.083180,0.16,206.6,1,9,1.1
2024-03-23T19:16:53Z,26.554913,-77.083195,0.12,296.9,1,8,1.2
2024-03-23T19:16:58Z,26.554915,-77.083207,0.14,241.0,1,8,1.2
2024-03-23T19:17:03Z,26.554918,-77.083215,0.06,346.6,1,9,1.1
2024-03-23T19:17:08Z,26.554915,-77.083227,0.13,251.2,2,9,1.1
2024-03-23T19:17:13Z,26.554918,-77.083235,0.11,46.8,2,9,1.1
2024-03-23T19:17:18Z,26.554923,-77.083237,0.23,74.5,2,9,1.1
2024-03-23T19:17:23Z,26.554922,-77.083233,0.34,52.7,1,9,1.1
2024-03-23T19:17:33Z,26.554935,-77.083223,0.31,85.4,1,9,1.1
2024-03-23T19:17:38Z,26.554935,-77.083212,0.38,88.1,1,9,1.1
2024-03-23T19:17:43Z,26.554933,-77.083203,0.32,83.8,1,9,1.1
2024-03-23T19:17:48Z,26.554930,-77.083197,0.46,135.8,1,9,1.1
2024-03-23T19:17:53Z,26.554922,-77.083193,0.37,132.7,1,9,1.1
2024-03-23T19:17:58Z,26.554915,-77.083188,0.34,127.1,1,9,1.1
2024-03-23T19:18:08Z,26.554905,-77.083180,0.26,104.9,1,9,1.1
2024-03-23T19:18:13Z,26.554905,-77.083175,0.26,87.5,1,9,1.1
2024-03-23T19:18:18Z,26.554908,-77.083175,0.09,202.7,1,9,1.1
2024-03-23T19:18:23Z,26.554912,-77.083188,0.28,276.2,1,9,1.1
2024-03-23T19:18:28Z,26.554913,-77.083195,0.14,252.8,1,9,1.1
2024-03-23T19:18:33Z,26.554915,-77.083210,0.18,309.1,1,9,1.1
2024-03-23T19:18:38Z,26.554917,-77.083220,0.07,310.5,1,9,1.1
2024-03-23T19:18:43Z,26.554915,-77.083225,0.06,126.0,1,9,1.1
2024-03-23T19:18:48Z,26.554918,-77.083225,0.17,45.3,1,9,1.1
2024-03-23T19:18:53Z,26.554925,-77.083225,0.22,19.9,1,9,1.1
2024-03-23T19:18:58Z,26.554925,-77.083225,0.16,163.2,1,8,1.2
2024-03-23T19:19:03Z,26.554925,-77.083223,0.19,80.9,1,9,1.1
2024-03-23T19:19:13Z,26.554932,-77.083228,0.22,42.6,1,9,1.1
2024-03-23T19:19:18Z,26.554933,-77.083228,0.12,344.7,1,9,1.1
2024-03-23T19:19:23Z,26.554935,-77.083233,0.21,320.5,1,9,1.1
2024-03-23T19:19:28Z,26.554935,-77.083238,0.17,167.0,1,9,1.1
2024-03-23T19:19:33Z,26.554933,-77.083243,0.34,133.8,1,9,1.1
2024-03-23T19:19:43Z,26.554937,-77.083255,0.05,83.2,1,9,1.1
2024-03-23T19:19:48Z,26.554938,-77.083245,0.39,85.4,1,9,1.1
2024-03-23T19:19:53Z,26.554940,-77.083238,0.45,108.1,1,9,1.1
2024-03-23T19:19:58Z,26.554933,-77.083230,0.57,120.0,1,9,1.1
2024-03-23T19:20:03Z,26.554930,-77.083222,0.57,143.7,1,9,1.1
2024-03-23T19:20:13Z,26.554917,-77.083207,0.43,107.5,1,8,1.2
2024-03-23T19:20:18Z,26.554913,-77.083200,0.46,121.1,1,8,1.2
2024-03-23T19:20:23Z,26.554907,-77.083197,0.28,94.9,1,8,1.2
2024-03-23T19:20:28Z,26.554907,-77.083192,0.29,93.4,1,8,1.2
2024-03-23T19:20:33Z,26.554905,-77.083187,0.42,145.4,1,8,1.2
2024-03-23T19:20:43Z,26.554900,-77.083182,0.28,159.1,1,8,1.2
2024-03-23T19:20:48Z,26.554897,-77.083182,0.23,163.5,1,8,1.2
2024-03-23T19:20:53Z,26.554895,-77.083187,0.12,162.4,1,8,1.2
2024-03-23T19:20:58Z,26.554898,-77.083193,0.29,24.6,1,8,1.2
2024-03-23T19:21:03Z,26.554903,-77.083195,0.19,101.3,1,8,1.2
2024-03-23T19:21:13Z,26.554905,-77.083188,0.10,10.3,1,8,1.2
2024-03-23T19:21:18Z,26.554910,-77.083190,0.11,81.8,1,8,1.2
2024-03-23T19:21:23Z,26.554908,-77.083187,0.33,296.7,1,8,1.2
2024-03-23T19:21:28Z,26.554907,-77.083188,0.08,74.3,1,8,1.2
2024-03-23T19:21:33Z,26.554900,-77.083190,0.04,338.7,1,8,1.2
2024-03-23T19:21:43Z,26.554905,-77.083217,0.64,345.5,1,8,1.2
2024-03-23T19:21:48Z,26.554902,-77.083217,0.21,127.2,1,8,1.2
2024-03-23T19:21:53Z,26.554902,-77.083207,0.16,319.6,1,8,1.2
2024-03-23T19:21:58Z,26.554888,-77.083198,0.20,343.2,1,8,1.2
2024-03-23T19:22:03Z,26.554882,-77.083188,0.32,136.8,1,8,1.2
2024-03-23T19:22:08Z,26.554882,-77.083182,0.19,136.3,1,8,1.2
2024-03-23T19:22:18Z,26.554898,-77.083188,0.32,336.1,1,8,1.2
2024-03-23T19:22:23Z,26.554900,-77.083192,0.04,137.6,1,8,1.2
2024-03-23T19:22:28Z,26.554903,-77.083198,0.26,301.4,1,8,1.2
2024-03-23T19:22:33Z,26.554905,-77.083202,0.09,299.3,1,8,1.2
2024-03-23T19:22:38Z,26.554907,-77.083208,0.12,258.1,1,8,1.2
2024-03-23T19:22:43Z,26.554905,-77.083208,0.06,231.9,1,8,1.2
2024-03-23T19:22:53Z,26.554910,-77.083210,0.05,66.3,1,8,1.2
2024-03-23T19:22:58Z,26.554915,-77.083210,0.58,105.6,1,8,1.2
2024-03-23T19:23:03Z,26.554917,-77.083205,0.20,75.2,1,8,1.2
2024-03-23T19:23:08Z,26.554918,-77.083200,0.18,99.4,1,8,1.2
2024-03-23T19:23:13Z,26.554918,-77.083197,0.23,115.6,1,8,1.2
2024-03-23T19:23:18Z,26.554915,-77.083197,0.20,146.0,1,8,1.2
2024-03-23T19:23:28Z,26.554905,-77.083195,0.27,218.1,1,8,1.2
2024-03-23T19:23:33Z,26.554903,-77.083197,0.11,56.4,1,8,1.2
2024-03-23T19:23:38Z,26.554903,-77.083193,0.46,118.6,1,8,1.2
2024-03-23T19:23:43Z,26.554905,-77.083190,0.26,57.0,1,8,1.2
2024-03-23T19:23:48Z,26.554903,-77.083185,0.29,148.2,1,8,1.2
2024-03-23T19:23:53Z,26.554900,-77.083187,0.31,186.3,1,8,1.2
2024-03-23T19:24:03Z,26.554893,-77.083182,0.29,119.5,1,8,1.2
2024-03-23T19:24:08Z,26.554893,-77.083178,0.16,25.7,1,8,1.2
2024-03-23T19:24:13Z,26.554895,-77.083185,0.30,81.7,1,8,1.2
2024-03-23T19:24:18Z,26.554897,-77.083183,0.31,126.0,1,8,1.2
2024-03-23T19:24:23Z,26.554895,-77.083180,0.42,136.3,1,8,1.2
2024-03-23T19:24:33Z,26.554898,-77.083205,0.16,219.9,1,8,1.2
2024-03-23T19:24:38Z,26.554902,-77.083217,0.22,275.2,1,8,1.2
2024-03-23T19:24:43Z,26.554903,-77.083227,0.08,1.6,1,8,1.2
2024-03-23T19:24:48Z,26.554905,-77.083223,0.09,336.8,1,8,1.2
2024-03-23T19:24:53Z,26.554913,-77.083222,0.35,317.9,1,8,1.2
2024-03-23T19:25:03Z,26.554915,-77.083232,0.23,73.3,1,8,1.2
2024-03-23T19:25:08Z,26.554915,-77.083225,0.28,53.5,1,8,1.2
2024-03-23T19:25:13Z,26.554920,-77.083225,0.05,97.3,1,8,1.2
2024-03-23T19:25:18Z,26.554923,-77.083225,0.10,346.3,1,8,1.2
2024-03-23T19:25:23Z,26.554928,-77.083225,0.17,30.8,1,8,1.2
2024-03-23T19:25:28Z,26.554930,-77.083233,0.01,263.7,1,8,1.2
2024-03-23T19:25:33Z,26.554932,-77.083240,0.08,165.9,1,8,1.2
2024-03-23T19:25:38Z,26.554933,-77.083238,0.14,139.3,1,8,1.2
2024-03-23T19:25:43Z,26.554933,-77.083230,0.31,102.5,1,8,1.2
2024-03-23T19:25:48Z,26.554933,-77.083217,0.40,92.9,1,8,1.2
2024-03-23T19:25:58Z,26.554907,-77.083208,0.50,132.0,1,8,1.2
2024-03-23T19:26:03Z,26.554907,-77.083208,0.43,118.0,1,8,1.2
2024-03-23T19:26:08Z,26.554907,-77.083202,0.40,95.7,1,8,1.2
2024-03-23T19:26:13Z,26.554910,-77.083193,0.43,95.4,1,8,1.2
2024-03-23T19:26:23Z,26.554908,-77.083188,0.34,200.8,1,8,1.2
2024-03-23T19:26:28Z,26.554907,-77.083185,0.20,144.2,1,8,1.2
2024-03-23T19:26:33Z,26.554905,-77.083187,0.37,167.3,1,8,1.2
2024-03-23T19:26:38Z,26.554908,-77.083192,0.14,211.3,1,8,1.2
2024-03-23T19:26:48Z,26.554913,-77.083207,0.19,253.9,1,8,1.2
2024-03-23T19:26:53Z,26.554910,-77.083210,0.23,289.9,1,8,1.2
2024-03-23T19:26:58Z,26.554908,-77.083217,0.27,248.4,1,8,1.2
2024-03-23T19:27:03Z,26.554908,-77.083225,0.17,280.2,1,8,1.2
2024-03-23T19:27:13Z,26.554913,-77.083238,0.19,293.3,1,8,1.2
2024-03-23T19:27:18Z,26.554915,-77.083243,0.20,33.9,1,8,1.2
2024-03-23T19:27:23Z,26.554918,-77.083243,0.25,61.0,1,8,1.2
2024-03-23T19:27:28Z,26.554923,-77.083248,0.12,346.3,1,8,1.2
2024-03-23T19:27:33Z,26.554923,-77.083248,0.13,184.2,1,8,1.2
2024-03-23T19:27:38Z,26.554928,-77.083247,0.17,69.5,1,8,1.2
2024-03-23T19:27:43Z,26.554932,-77.083240,0.14,56.7,1,8,1.2
2024-03-23T19:27:48Z,26.554935,-77.083242,0.25,82.5,1,8,1.2
2024-03-23T19:27:53Z,26.554942,-77.083237,0.45,80.0,1,8,1.2
2024-03-23T19:27:58Z,26.554940,-77.083230,0.34,126.3,1,8,1.2
2024-03-23T19:28:03Z,26.554935,-77.083227,0.44,147.3,1,8,1.2
2024-03-23T19:28:08Z,26.554932,-77.083225,0.44,115.3,1,8,1.2
2024-03-23T19:28:13Z,26.554933,-77.083225,0.39,85.7,1,8,1.2
2024-03-23T19:28:18Z,26.554933,-77.083223,0.23,106.5,1,8,1.2
2024-03-23T19:28:23Z,26.554932,-77.083223,0.11,94.8,1,8,1.2
2024-03-23T19:28:28Z,26.554933,-77.083225,0.08,123.7,1,8,1.2
2024-03-23T19:28:38Z,26.554935,-77.083223,0.11,236.7,1,8,1.2
2024-03-23T19:28:43Z,26.554937,-77.083228,0.10,192.5,1,8,1.2
2024-03-23T19:28:48Z,26.554940,-77.083230,0.04,193.3,1,8,1.2
2024-03-23T19:28:53Z,26.554937,-77.083243,0.62,281.0,1,8,1.2
2024-03-23T19:28:58Z,26.554933,-77.083242,0.28,117.8,1,8,1.2
2024-03-23T19:29:08Z,26.554937,-77.083245,0.08,277.5,1,8,1.2
2024-03-23T19:29:13Z,26.554940,-77.083247,0.15,35.5,1,8,1.2
2024-03-23T19:29:18Z,26.554943,-77.083245,0.20,66.5,1,8,1.2
2024-03-23T19:29:23Z,26.554943,-77.083245,0.34,100.6,1,8,1.2
2024-03-23T19:29:28Z,26.554940,-77.083243,0.36,106.9,1,8,1.2
2024-03-23T19:29:33Z,26.554938,-77.083240,0.20,122.5,1,8,1.2
2024-03-23T19:29:38Z,26.554937,-77.083238,0.10,33.8,1,8,1.2
2024-03-23T19:29:43Z,26.554932,-77.083238,0.15,162.3,1,8,1.2
2024-03-23T19:29:48Z,26.554927,-77.083240,0.16,194.5,1,8,1.2
2024-03-23T19:29:53Z,26.554927,-77.083240,0.09,149.0,1,8,1.2
2024-03-23T19:30:03Z,26.554928,-77.083255,0.09,283.9,1,8,1.2
2024-03-23T19:30:08Z,26.554932,-77.083263,0.16,327.5,1,8,1.2
2024-03-23T19:30:13Z,26.554935,-77.083267,0.09,290.3,1,8,1.2
2024-03-23T19:30:18Z,26.554937,-77.083268,0.17,185.0,1,8,1.2
2024-03-23T19:30:28Z,26.554935,-77.083273,0.10,184.1,1,8,1.2
2024-03-23T19:30:33Z,26.554938,-77.083273,0.15,45.1,1,8,1.2
2024-03-23T19:30:38Z,26.554942,-77.083272,0.36,347.3,1,8,1.2
2024-03-23T19:30:43Z,26.554948,-77.083272,0.20,33.5,1,8,1.2
2024-03-23T19:30:53Z,26.554950,-77.083270,0.20,158.1,1,8,1.2
2024-03-23T19:30:58Z,26.554948,-77.083270,0.41,126.9,1,8,1.2
2024-03-23T19:31:03Z,26.554943,-77.083268,0.29,127.4,1,8,1.2
2024-03-23T19:31:08Z,26.554940,-77.083262,0.40,114.8,1,8,1.2
2024-03-23T19:31:18Z,26.554938,-77.083255,0.13,154.2,1,8,1.2
2024-03-23T19:31:23Z,26.554933,-77.083252,0.20,115.1,1,8,1.2
2024-03-23T19:31:28Z,26.554935,-77.083248,0.49,99.9,1,8,1.2
2024-03-23T19:31:33Z,26.554938,-77.083242,0.27,75.5,1,8,1.2
2024-03-23T19:31:43Z,26.554940,-77.083243,0.06,159.0,1,8,1.2
2024-03-23T19:31:48Z,26.554937,-77.083245,0.24,245.8,1,8,1.2
2024-03-23T19:31:53Z,26.554935,-77.083248,0.18,157.2,1,8,1.2
2024-03-23T19:31:58Z,26.554933,-77.083250,0.14,152.9,1,8,1.2
2024-03-23T19:32:03Z,26.554932,-77.083250,0.20,170.6,1,8,1.2
2024-03-23T19:32:08Z,26.554930,-77.083250,0.10,166.2,1,8,1.2
2024-03-23T19:32:13Z,26.554928,-77.083250,0.10,133.7,1,8,1.2
2024-03-23T19:32:18Z,26.554930,-77.083250,0.13,87.3,1,8,1.2
2024-03-23T19:32:23Z,26.554932,-77.083250,0.10,47.1,1,8,1.2
2024-03-23T19:32:28Z,26.554935,-77.083250,0.14,70.0,1,8,1.2
2024-03-23T19:32:33Z,26.554938,-77.083252,0.16,86.1,1,8,1.2
2024-03-23T19:32:38Z,26.554940,-77.083252,0.12,121.0,1,8,1.2
2024-03-23T19:32:43Z,26.554938,-77.083253,0.15,134.4,1,8,1.2
2024-03-23T19:32:48Z,26.554942,-77.083255,0.14,142.7,1,8,1.2
2024-03-23T19:32:53Z,26.554942,-77.083257,0.08,141.3,1,8,1.2
2024-03-23T19:33:03Z,26.554943,-77.083265,0.08,257.4,1,8,1.2
2024-03-23T19:33:08Z,26.554945,-77.083270,0.04,223.3,1,8,1.2
2024-03-23T19:33:13Z,26.554947,-77.083278,0.08,338.8,1,8,1.2
2024-03-23T19:33:18Z,26.554948,-77.083278,0.15,83.3,1,8,1.2
2024-03-23T19:33:28Z,26.554943,-77.083268,0.12,100.3,1,8,1.2
2024-03-23T19:33:33Z,26.554945,-77.083275,0.20,117.2,1,8,1.2
2024-03-23T19:33:38Z,26.554947,-77.083282,0.17,124.0,1,8,1.2
2024-03-23T19:33:43Z,26.554945,-77.083283,0.22,147.4,1,8,1.2
2024-03-23T19:33:48Z,26.554942,-77.083282,0.04,11.5,1,8,1.2
2024-03-23T19:33:53Z,26.554945,-77.083285,0.10,97.5,1,8,1.2
2024-03-23T19:33:58Z,26.554947,-77.083285,0.23,108.1,1,8,1.2
2024-03-23T19:34:03Z,26.554947,-77.083283,0.21,111.5,1,8,1.2
2024-03-23T19:34:08Z,26.554945,-77.083280,0.27,120.1,1,8,1.2
2024-03-23T19:34:13Z,26.554943,-77.083278,0.27,128.5,1,8,1.2
2024-03-23T19:34:23Z,26.554942,-77.083275,0.20,127.3,1,8,1.2
2024-03-23T19:34:28Z,26.554940,-77.083273,0.21,114.5,1,8,1.2
2024-03-23T19:34:33Z,26.554942,-77.083272,0.20,103.7,1,8,1.2
2024-03-23T19:34:38Z,26.554942,-77.083272,0.22,112.5,1,8,1.2
2024-03-23T19:34:43Z,26.554943,-77.083272,0.19,112.6,1,8,1.2
2024-03-23T19:34:53Z,26.554943,-77.083268,0.10,44.8,1,8,1.2
2024-03-23T19:34:58Z,26.554942,-77.083268,0.08,71.5,1,8,1.2
2024-03-23T19:35:03Z,26.554940,-77.083268,0.37,117.2,1,8,1.2
2024-03-23T19:35:08Z,26.554942,-77.083272,0.14,127.5,1,8,1.2
2024-03-23T19:35:13Z,26.554942,-77.083270,0.09,162.6,1,8,1.2
2024-03-23T19:35:23Z,26.554940,-77.083278,0.11,157.6,1,8,1.2
2024-03-23T19:35:28Z,26.554938,-77.083282,0.15,160.1,1,8,1.2
2024-03-23T19:35:33Z,26.554935,-77.083283,0.15,138.8,1,8,1.2
2024-03-23T19:35:38Z,26.554933,-77.083283,0.15,172.2,1,8,1.2
2024-03-23T19:35:43Z,26.554932,-77.083285,0.06,119.0,1,8,1.2
2024-03-23T19:35:53Z,26.554932,-77.083290,0.03,94.1,1,8,1.2
2024-03-23T19:35:58Z,26.554933,-77.083292,0.03,21.8,1,8,1.2
2024-03-23T19:36:03Z,26.554933,-77.083295,0.04,80.3,1,8,1.2
2024-03-23T19:36:08Z,26.554935,-77.083297,0.07,86.1,1,8,1.2
2024-03-23T19:36:13Z,26.554937,-77.083295,0.17,93.9,1,8,1.2
2024-03-23T19:36:18Z,26.554937,-77.083290,0.01,99.9,2,8,1.2
2024-03-23T19:36:23Z,26.554935,-77.083292,0.29,95.5,2,8,1.2
2024-03-23T19:36:28Z,26.554935,-77.083290,0.16,96.7,2,8,1.2
2024-03-23T19:36:33Z,26.554938,-77.083290,0.19,96.8,2,8,1.2
2024-03-23T19:36:38Z,26.554943,-77.083293,0.10,21.5,2,8,1.2
2024-03-23T19:36:48Z,26.554943,-77.083278,0.43,118.1,1,8,1.2
2024-03-23T19:36:53Z,26.554938,-77.083280,0.21,191.4,1,8,1.2
2024-03-23T19:36:58Z,26.554935,-77.083285,0.32,159.7,2,8,1.2
2024-03-23T19:37:03Z,26.554932,-77.083288,0.21,151.9,2,8,1.2
2024-03-23T19:37:08Z,26.554930,-77.083290,0.35,127.2,2,8,1.2
2024-03-23T19:37:18Z,26.554927,-77.083288,0.32,106.4,2,8,1.2
2024-03-23T19:37:23Z,26.554928,-77.083287,0.21,78.0,2,8,1.2
2024-03-23T19:37:28Z,26.554930,-77.083282,0.22,96.7,2,8,1.2
2024-03-23T19:37:33Z,26.554932,-77.083278,0.32,80.3,2,8,1.2
2024-03-23T19:37:38Z,26.554932,-77.083275,0.40,93.7,2,8,1.2
2024-03-23T19:37:48Z,26.554928,-77.083267,0.32,142.0,2,8,1.2
2024-03-23T19:37:53Z,26.554925,-77.083263,0.29,152.2,2,8,1.2
2024-03-23T19:37:58Z,26.554923,-77.083263,0.27,156.8,2,8,1.2
2024-03-23T19:38:03Z,26.554922,-77.083263,0.18,143.5,2,8,1.2
2024-03-23T19:38:08Z,26.554922,-77.083267,0.10,105.2,2,8,1.2
2024-03-23T19:38:18Z,26.554923,-77.083263,0.07,118.2,2,8,1.2
2024-03-23T19:38:23Z,26.554928,-77.083263,0.18,77.7,1,8,1.2
2024-03-23T19:38:28Z,26.554930,-77.083263,0.14,89.9,1,8,1.2
2024-03-23T19:38:33Z,26.554933,-77.083263,0.11,108.2,1,8,1.2
2024-03-23T19:38:38Z,26.554933,-77.083263,0.26,102.7,1,8,1.2
2024-03-23T19:38:48Z,26.554930,-77.083263,0.25,137.3,1,8,1.2
2024-03-23T19:38:53Z,26.554928,-77.083263,0.29,139.8,1,8,1.2
2024-03-23T19:38:58Z,26.554927,-77.083263,0.17,118.9,1,8,1.2
2024-03-23T19:39:03Z,26.554925,-77.083263,0.14,99.5,1,8,1.2
2024-03-23T19:39:13Z,26.554930,-77.083263,0.22,110.6,1,8,1.2
2024-03-23T19:39:18Z,26.554930,-77.083262,0.07,86.6,2,8,1.2
2024-03-23T19:39:23Z,26.554930,-77.083265,0.20,85.2,2,8,1.2
2024-03-23T19:39:28Z,26.554932,-77.083268,0.16,156.7,2,8,1.2
2024-03-23T19:39:33Z,26.554930,-77.083272,0.17,319.2,2,8,1.2
2024-03-23T19:39:38Z,26.554928,-77.083273,0.16,156.3,2,8,1.2
2024-03-23T19:39:43Z,26.554928,-77.083275,0.04,147.4,2,8,1.2
2024-03-23T19:39:48Z,26.554927,-77.083282,0.11,205.4,2,8,1.2
2024-03-23T19:39:53Z,26.554927,-77.083285,0.04,201.7,2,8,1.2
2024-03-23T19:39:58Z,26.554928,-77.083287,0.02,184.7,2,8,1.2
2024-03-23T19:40:03Z,26.554927,-77.083287,0.06,32.2,2,8,1.2
2024-03-23T19:40:13Z,26.554927,-77.083285,0.18,92.5,2,8,1.2
2024-03-23T19:40:18Z,26.554928,-77.083283,0.20,101.0,2,8,1.2
2024-03-23T19:40:23Z,26.554928,-77.083283,0.13,92.6,2,8,1.2
2024-03-23T19:40:28Z,26.554930,-77.083285,0.13,96.8,2,8,1.2
2024-03-23T19:40:33Z,26.554932,-77.083283,0.30,116.8,2,8,1.2
2024-03-23T19:40:38Z,26.554938,-77.083285,0.09,110.1,2,8,1.2
2024-03-23T19:40:43Z,26.554940,-77.083287,0.08,133.8,2,8,1.2
2024-03-23T19:40:48Z,26.554942,-77.083287,0.14,137.3,2,8,1.2
2024-03-23T19:40:53Z,26.554940,-77.083285,0.20,126.3,2,8,1.2
2024-03-23T19:40:58Z,26.554938,-77.083283,0.27,119.4,2,8,1.2
2024-03-23T19:41:03Z,26.554938,-77.083282,0.23,124.8,2,8,1.2
2024-03-23T19:41:08Z,26.554937,-77.083280,0.28,106.5,2,8,1.2
2024-03-23T19:41:13Z,26.554937,-77.083280,0.01,75.0,2,8,1.2
2024-03-23T19:41:18Z,26.554937,-77.083280,0.08,95.9,2,8,1.2
2024-03-23T19:41:23Z,26.554935,-77.083282,0.38,131.6,2,8,1.2
2024-03-23T19:41:28Z,26.554933,-77.083283,0.16,128.2,2,8,1.2
2024-03-23T19:41:33Z,26.554932,-77.083285,0.30,134.3,2,8,1.2
2024-03-23T19:41:43Z,26.554930,-77.083282,0.25,122.4,2,8,1.2
2024-03-23T19:41:48Z,26.554928,-77.083278,0.26,104.2,2,8,1.2
2024-03-23T19:41:53Z,26.554927,-77.083278,0.15,130.4,2,8,1.2
2024-03-23T19:41:58Z,26.554927,-77.083280,0.13,125.3,2,8,1.2
2024-03-23T19:42:03Z,26.554925,-77.083278,0.17,119.9,2,8,1.2
2024-03-23T19:42:08Z,26.554927,-77.083278,0.09,79.7,2,8,1.2
2024-03-23T19:42:13Z,26.554928,-77.083280,0.17,159.7,2,8,1.2
2024-03-23T19:42:18Z,26.554923,-77.083283,0.33,186.6,2,8,1.2
2024-03-23T19:42:23Z,26.554923,-77.083282,0.32,111.3,2,8,1.2
2024-03-23T19:42:28Z,26.554928,-77.083282,0.02,107.8,2,8,1.2
2024-03-23T19:42:33Z,26.554928,-77.083283,0.10,172.8,2,8,1.2
2024-03-23T19:42:38Z,26.554930,-77.083285,0.13,119.4,2,8,1.2
2024-03-23T19:42:43Z,26.554928,-77.083285,0.11,150.1,2,8,1.2
2024-03-23T19:42:48Z,26.554927,-77.083283,0.10,86.1,2,8,1.2
2024-03-23T19:42:53Z,26.554928,-77.083285,0.28,125.7,2,8,1.2
2024-03-23T19:42:58Z,26.554928,-77.083285,0.19,99.1,2,8,1.2
2024-03-23T19:43:03Z,26.554930,-77.083285,0.16,61.9,2,8,1.2
2024-03-23T19:43:13Z,26.554940,-77.083285,0.12,8.1,2,8,1.2
2024-03-23T19:43:18Z,26.554940,-77.083285,0.21,193.1,2,8,1.2
2024-03-23T19:43:23Z,26.554937,-77.083283,0.32,168.3,1,8,1.2
2024-03-23T19:43:28Z,26.554930,-77.083283,0.27,173.7,1,8,1.2
2024-03-23T19:43:33Z,26.554927,-77.083283,0.21,171.2,2,8,1.2
2024-03-23T19:43:43Z,26.554920,-77.083295,0.15,205.0,2,8,1.2
2024-03-23T19:43:48Z,26.554920,-77.083298,0.19,320.8,2,8,1.2
2024-03-23T19:43:53Z,26.554923,-77.083298,0.15,353.0,2,8,1.2
2024-03-23T19:43:58Z,26.554928,-77.083300,0.09,0.5,2,8,1.2
2024-03-23T19:44:03Z,26.554928,-77.083302,0.07,99.3,2,8,1.2
2024-03-23T19:44:08Z,26.554928,-77.083302,0.17,112.6,2,8,1.2
2024-03-23T19:44:13Z,26.554927,-77.083303,0.10,118.5,2,8,1.2
2024-03-23T19:44:18Z,26.554928,-77.083307,0.23,132.2,2,8,1.2
2024-03-23T19:44:23Z,26.554928,-77.083310,0.09,159.4,2,8,1.2
2024-03-23T19:44:28Z,26.554930,-77.083313,0.11,57.6,2,8,1.2
2024-03-23T19:44:33Z,26.554930,-77.083315,0.09,108.0,2,8,1.2
2024-03-23T19:44:43Z,26.554935,-77.083322,0.02,8.9,2,8,1.2
2024-03-23T19:44:48Z,26.554937,-77.083323,0.12,107.7,2,8,1.2
2024-03-23T19:44:53Z,26.554937,-77.083323,0.18,115.6,2,8,1.2
2024-03-23T19:44:58Z,26.554935,-77.083322,0.21,126.4,2,8,1.2
2024-03-23T19:45:03Z,26.554937,-77.083325,0.13,134.2,2,8,1.2
2024-03-23T19:45:08Z,26.554933,-77.083325,0.13,106.9,2,8,1.2
2024-03-23T19:45:13Z,26.554930,-77.083330,0.31,152.5,2,8,1.2
2024-03-23T19:45:18Z,26.554925,-77.083328,0.43,130.3,1,8,1.2
2024-03-23T19:45:23Z,26.554927,-77.083320,0.22,105.4,1,8,1.2
2024-03-23T19:45:28Z,26.554930,-77.083313,0.23,32.7,1,8,1.2
2024-03-23T19:45:33Z,26.554938,-77.083315,0.29,80.9,1,8,1.2
2024-03-23T19:45:38Z,26.554948,-77.083318,0.15,55.8,1,8,1.2
2024-03-23T19:45:43Z,26.554952,-77.083313,0.29,57.9,1,8,1.2
2024-03-23T19:45:48Z,26.554957,-77.083310,0.27,102.0,1,8,1.2
2024-03-23T19:45:53Z,26.554962,-77.083310,0.18,103.3,1,8,1.2
2024-03-23T19:45:58Z,26.554967,-77.083303,0.09,28.4,1,8,1.2
2024-03-23T19:46:08Z,26.554963,-77.083293,0.22,144.3,1,8,1.2
2024-03-23T19:46:13Z,26.554960,-77.083295,0.04,296.6,1,8,1.2
2024-03-23T19:46:18Z,26.554955,-77.083288,0.14,147.0,1,8,1.2
2024-03-23T19:46:23Z,26.554953,-77.083292,0.13,135.4,1,8,1.2
2024-03-23T19:46:28Z,26.554953,-77.083293,0.23,118.5,1,8,1.2
2024-03-23T19:46:33Z,26.554953,-77.083293,0.16,124.3,1,8,1.2
2024-03-23T19:46:38Z,26.554952,-77.083297,0.12,143.3,1,8,1.2
2024-03-23T19:46:43Z,26.554952,-77.083300,0.09,201.2,1,8,1.2
2024-03-23T19:46:48Z,26.554950,-77.083303,0.23,167.0,1,8,1.2
2024-03-23T19:46:53Z,26.554947,-77.083305,0.08,270.6,1,8,1.2
2024-03-23T19:46:58Z,26.554945,-77.083307,0.13,132.2,1,8,1.2
2024-03-23T19:47:03Z,26.554943,-77.083307,0.08,107.5,1,8,1.2
2024-03-23T19:47:08Z,26.554943,-77.083307,0.18,97.1,1,8,1.2
2024-03-23T19:47:13Z,26.554945,-77.083303,0.27,90.9,1,8,1.2
2024-03-23T19:47:18Z,26.554947,-77.083300,0.22,90.4,1,8,1.2
2024-03-23T19:47:28Z,26.554950,-77.083290,0.11,91.4,1,8,1.2
2024-03-23T19:47:33Z,26.554950,-77.083288,0.15,156.0,1,8,1.2
2024-03-23T19:47:38Z,26.554948,-77.083293,0.20,185.2,1,8,1.2
2024-03-23T19:47:43Z,26.554947,-77.083298,0.22,162.3,1,8,1.2
2024-03-23T19:47:53Z,26.554943,-77.083305,0.12,153.5,1,8,1.2
2024-03-23T19:47:58Z,26.554942,-77.083307,0.10,154.6,1,8,1.2
2024-03-23T19:48:03Z,26.554942,-77.083308,0.05,139.9,1,8,1.2
2024-03-23T19:48:08Z,26.554942,-77.083308,0.14,103.9,1,8,1.2
2024-03-23T19:48:13Z,26.554943,-77.083308,0.12,100.2,1,8,1.2
2024-03-23T19:48:18Z,26.554945,-77.083307,0.19,74.5,1,8,1.2
2024-03-23T19:48:23Z,26.554947,-77.083305,0.17,76.5,1,8,1.2
2024-03-23T19:48:28Z,26.554947,-77.083302,0.31,79.3,1,9,1.2
2024-03-23T19:48:33Z,26.554947,-77.083293,0.24,96.9,1,9,1.2
2024-03-23T19:48:38Z,26.554947,-77.083290,0.25,105.5,1,9,1.2
2024-03-23T19:48:48Z,26.554945,-77.083287,0.22,135.1,1,9,1.2
2024-03-23T19:48:53Z,26.554943,-77.083287,0.19,148.9,1,9,1.2
2024-03-23T19:48:58Z,26.554942,-77.083285,0.17,127.8,1,9,1.2
2024-03-23T19:49:03Z,26.554942,-77.083283,0.16,98.8,1,9,1.2
2024-03-23T19:49:13Z,26.554943,-77.083278,0.28,89.0,1,9,1.2
2024-03-23T19:49:18Z,26.554943,-77.083278,0.12,100.3,1,9,1.2
2024-03-23T19:49:23Z,26.554943,-77.083280,0.04,140.9,1,9,1.2
2024-03-23T19:49:28Z,26.554942,-77.083287,0.07,163.0,2,9,1.2
2024-03-23T19:49:33Z,26.554943,-77.083293,0.05,188.1,2,9,1.2
2024-03-23T19:49:43Z,26.554943,-77.083302,0.12,184.2,2,8,1.4
2024-03-23T19:49:48Z,26.554942,-77.083305,0.10,209.1,2,9,1.2
2024-03-23T19:49:53Z,26.554942,-77.083307,0.12,157.2,2,9,1.2
2024-03-23T19:49:58Z,26.554938,-77.083310,0.08,202.1,2,9,1.2
2024-03-23T19:50:03Z,26.554935,-77.083310,0.14,149.1,2,9,1.2
2024-03-23T19:50:13Z,26.554938,-77.083315,0.12,338.5,2,9,1.2
2024-03-23T19:50:18Z,26.554940,-77.083320,0.03,330.3,2,9,1.2
2024-03-23T19:50:23Z,26.554943,-77.083322,0.16,149.3,2,9,1.2
2024-03-23T19:50:28Z,26.554942,-77.083320,0.24,61.1,2,9,1.2
2024-03-23T19:50:33Z,26.554943,-77.083317,0.24,97.7,2,9,1.2
2024-03-23T19:50:38Z,26.554942,-77.083313,0.29,89.7,2,9,1.2
2024-03-23T19:50:43Z,26.554940,-77.083312,0.24,101.1,1,9,1.2
2024-03-23T19:50:48Z,26.554940,-77.083312,0.16,122.3,1,9,1.2
2024-03-23T19:50:53Z,26.554940,-77.083308,0.28,90.7,2,9,1.2
2024-03-23T19:50:58Z,26.554940,-77.083317,0.16,173.2,2,9,1.2
2024-03-23T19:51:03Z,26.554940,-77.083322,0.11,108.5,2,9,1.2
2024-03-23T19:51:08Z,26.554940,-77.083323,0.12,107.8,2,9,1.2
2024-03-23T19:51:13Z,26.554940,-77.083325,0.28,123.8,2,9,1.2
2024-03-23T19:51:18Z,26.554942,-77.083323,0.17,82.6,2,9,1.2
2024-03-23T19:51:23Z,26.554945,-77.083322,0.18,69.3,2,9,1.2
2024-03-23T19:51:28Z,26.554947,-77.083317,0.15,85.6,2,9,1.2
2024-03-23T19:51:33Z,26.554950,-77.083317,0.12,41.3,2,9,1.2
2024-03-23T19:51:43Z,26.554950,-77.083307,0.23,105.4,2,9,1.2
2024-03-23T19:51:48Z,26.554947,-77.083300,0.30,119.5,2,9,1.2
2024-03-23T19:51:53Z,26.554945,-77.083297,0.24,118.9,2,9,1.2
2024-03-23T19:51:58Z,26.554945,-77.083292,0.28,131.7,1,9,1.2
2024-03-23T19:52:03Z,26.554947,-77.083292,0.19,121.5,1,9,1.2
2024-03-23T19:52:13Z,26.554945,-77.083288,0.13,131.4,1,9,1.2
2024-03-23T19:52:18Z,26.554945,-77.083288,0.14,132.4,1,9,1.2
2024-03-23T19:52:23Z,26.554945,-77.083285,0.05,88.4,1,9,1.2
2024-03-23T19:52:28Z,26.554945,-77.083278,0.10,125.5,1,9,1.2
2024-03-23T19:52:33Z,26.554943,-77.083277,0.21,107.5,2,9,1.2
2024-03-23T19:52:43Z,26.554940,-77.083275,0.12,127.0,2,9,1.2
2024-03-23T19:52:48Z,26.554938,-77.083275,0.23,145.3,2,9,1.2
2024-03-23T19:52:53Z,26.554935,-77.083275,0.07,139.2,2,9,1.2
2024-03-23T19:52:58Z,26.554933,-77.083278,0.08,242.5,2,9,1.2
2024-03-23T19:53:03Z,26.554930,-77.083282,0.10,105.9,2,9,1.2
2024-03-23T19:53:08Z,26.554930,-77.083285,0.13,208.1,2,9,1.2
2024-03-23T19:53:13Z,26.554930,-77.083290,0.08,343.1,2,9,1.2
2024-03-23T19:53:18Z,26.554930,-77.083298,0.31,265.8,2,9,1.2
2024-03-23T19:53:23Z,26.554932,-77.083305,0.21,280.5,2,9,1.2
2024-03-23T19:53:28Z,26.554933,-77.083310,0.05,146.5,2,9,1.2
2024-03-23T19:53:33Z,26.554933,-77.083313,0.05,287.8,2,9,1.2
2024-03-23T19:53:38Z,26.554932,-77.083315,0.15,89.4,2,9,1.2
2024-03-23T19:53:48Z,26.554937,-77.083318,0.08,41.8,2,9,1.2
2024-03-23T19:53:53Z,26.554938,-77.083327,0.48,72.3,2,9,1.2
2024-03-23T19:53:58Z,26.554938,-77.083330,0.20,74.1,2,9,1.2
2024-03-23T19:54:03Z,26.554942,-77.083330,0.17,82.0,2,9,1.2
2024-03-23T19:54:08Z,26.554943,-77.083332,0.30,51.5,2,9,1.2
2024-03-23T19:54:18Z,26.554948,-77.083327,0.32,67.2,2,9,1.2
2024-03-23T19:54:23Z,26.554950,-77.083323,0.25,102.3,2,9,1.2
2024-03-23T19:54:28Z,26.554952,-77.083323,0.20,120.3,2,9,1.2
2024-03-23T19:54:33Z,26.554950,-77.083327,0.52,135.5,2,9,1.2
2024-03-23T19:54:38Z,26.554945,-77.083325,0.25,144.4,2,9,1.2
2024-03-23T19:54:48Z,26.554942,-77.083330,0.23,112.0,2,9,1.2
2024-03-23T19:54:53Z,26.554942,-77.083333,0.11,0.3,2,9,1.2
2024-03-23T19:54:58Z,26.554933,-77.083333,0.27,57.5,2,9,1.2
2024-03-23T19:55:03Z,26.554935,-77.083328,0.16,85.6,2,9,1.2
2024-03-23T19:55:08Z,26.554933,-77.083333,0.21,101.1,2,9,1.2
2024-03-23T19:55:13Z,26.554948,-77.083345,0.31,83.6,1,9,1.2
2024-03-23T19:55:18Z,26.554970,-77.083352,0.25,94.2,1,9,1.2
2024-03-23T19:55:23Z,26.554975,-77.083345,0.24,50.6,1,9,1.2
2024-03-23T19:55:28Z,26.554973,-77.083332,0.20,111.5,1,9,1.2
2024-03-23T19:55:33Z,26.554970,-77.083323,0.18,143.9,1,9,1.2
2024-03-23T19:55:38Z,26.554968,-77.083322,0.10,101.4,2,9,1.2
2024-03-23T19:55:48Z,26.554963,-77.083317,0.23,344.6,2,9,1.2
2024-03-23T19:55:53Z,26.554962,-77.083318,0.07,209.9,1,9,1.2
2024-03-23T19:55:58Z,26.554958,-77.083318,0.14,173.7,2,8,1.2
2024-03-23T19:56:03Z,26.554953,-77.083320,0.38,239.2,2,9,1.2
2024-03-23T19:56:08Z,26.554947,-77.083323,0.22,188.7,2,9,1.2
2024-03-23T19:56:13Z,26.554943,-77.083327,0.23,168.7,2,9,1.2
2024-03-23T19:56:23Z,26.554937,-77.083337,0.11,169.8,2,9,1.2
2024-03-23T19:56:28Z,26.554933,-77.083342,0.18,195.4,2,9,1.2
2024-03-23T19:56:33Z,26.554932,-77.083347,0.04,149.1,2,9,1.2
2024-03-23T19:56:38Z,26.554932,-77.083352,0.17,237.0,2,9,1.2
2024-03-23T19:56:43Z,26.554932,-77.083355,0.08,81.7,2,9,1.2
2024-03-23T19:56:48Z,26.554932,-77.083357,0.07,118.2,2,9,1.2
2024-03-23T19:56:53Z,26.554933,-77.083363,0.08,307.7,2,9,1.2
2024-03-23T19:57:03Z,26.554935,-77.083378,0.09,123.0,2,9,1.2
2024-03-23T19:57:08Z,26.554937,-77.083387,0.11,3.7,2,9,1.2
2024-03-23T19:57:13Z,26.554938,-77.083388,0.11,80.7,2,9,1.2
2024-03-23T19:57:18Z,26.554940,-77.083388,0.10,126.1,2,9,1.2
2024-03-23T19:57:23Z,26.554942,-77.083387,0.14,50.8,2,8,1.2
2024-03-23T19:57:28Z,26.554945,-77.083387,0.19,21.1,2,8,1.2
2024-03-23T19:57:38Z,26.554957,-77.083375,0.12,71.6,2,9,1.2
2024-03-23T19:57:43Z,26.554960,-77.083377,0.15,60.4,2,9,1.2
2024-03-23T19:57:48Z,26.554962,-77.083383,0.16,276.3,2,9,1.2
2024-03-23T19:57:53Z,26.554965,-77.083393,0.21,104.9,2,9,1.2
2024-03-23T19:57:58Z,26.554967,-77.083400,0.08,309.0,2,9,1.2
2024-03-23T19:58:03Z,26.554967,-77.083388,0.08,243.0,1,9,1.2
2024-03-23T19:58:08Z,26.554965,-77.083372,0.34,90.4,1,9,1.2
2024-03-23T19:58:13Z,26.554963,-77.083355,0.29,85.9,1,9,1.2
2024-03-23T19:58:18Z,26.554962,-77.083350,0.26,99.4,1,9,1.2
2024-03-23T19:58:23Z,26.554962,-77.083340,0.18,154.0,1,9,1.2
2024-03-23T19:58:28Z,26.554960,-77.083333,0.61,86.7,1,9,1.2
2024-03-23T19:58:38Z,26.554953,-77.083327,0.38,109.8,1,9,1.2
2024-03-23T19:58:43Z,26.554950,-77.083323,0.31,139.9,1,9,1.2
2024-03-23T19:58:48Z,26.554947,-77.083320,0.27,107.0,1,9,1.2
2024-03-23T19:58:53Z,26.554942,-77.083325,0.27,199.8,1,9,1.2
2024-03-23T19:58:58Z,26.554937,-77.083332,0.27,108.5,1,9,1.2
2024-03-23T19:59:08Z,26.554933,-77.083323,0.11,131.4,1,9,1.2
2024-03-23T19:59:13Z,26.554935,-77.083320,0.29,98.0,1,9,1.2
2024-03-23T19:59:18Z,26.554937,-77.083312,0.15,103.0,1,9,1.2
2024-03-23T19:59:23Z,26.554940,-77.083317,0.06,47.2,1,9,1.2
2024-03-23T19:59:28Z,26.554948,-77.083317,0.20,280.6,1,9,1.2
2024-03-23T19:59:38Z,26.554955,-77.083308,0.11,24.1,1,9,1.2
2024-03-23T19:59:43Z,26.554957,-77.083308,0.12,58.2,1,9,1.2
2024-03-23T19:59:48Z,26.554957,-77.083310,0.05,198.4,1,9,1.2
2024-03-23T19:59:53Z,26.554957,-77.083313,0.15,116.5,1,9,1.2
2024-03-23T19:59:58Z,26.554953,-77.083322,0.19,210.6,1,9,1.2
2024-03-23T20:00:08Z,26.554952,-77.083318,0.17,100.2,1,9,1.2
2024-03-23T20:00:13Z,26.554950,-77.083317,0.16,109.2,1,9,1.2
2024-03-23T20:00:18Z,26.554950,-77.083315,0.24,96.4,1,9,1.2
2024-03-23T20:00:23Z,26.554950,-77.083313,0.23,115.3,1,9,1.2
2024-03-23T20:00:28Z,26.554948,-77.083313,0.16,242.9,1,9,1.2
2024-03-23T20:00:38Z,26.554945,-77.083308,0.20,65.9,1,9,1.2
2024-03-23T20:00:43Z,26.554943,-77.083300,0.24,75.6,1,9,1.2
2024-03-23T20:00:48Z,26.554945,-77.083300,0.20,90.3,1,9,1.2
2024-03-23T20:00:53Z,26.554947,-77.083298,0.22,147.6,1,9,1.2
2024-03-23T20:00:58Z,26.554945,-77.083297,0.14,97.9,1,9,1.2
2024-03-23T20:01:08Z,26.554943,-77.083303,0.07,159.9,1,9,1.2
2024-03-23T20:01:13Z,26.554940,-77.083305,0.10,164.8,1,9,1.2
2024-03-23T20:01:18Z,26.554938,-77.083300,0.08,173.7,1,9,1.2
2024-03-23T20:01:23Z,26.554935,-77.083302,0.15,197.1,1,8,1.2
2024-03-23T20:01:28Z,26.554937,-77.083305,0.10,240.4,1,9,1.2
2024-03-23T20:01:38Z,26.554937,-77.083320,0.22,183.6,1,9,1.2
2024-03-23T20:01:43Z,26.554937,-77.083327,0.16,303.1,1,9,1.2
2024-03-23T20:01:48Z,26.554937,-77.083333,0.21,287.5,1,9,1.2
2024-03-23T20:01:53Z,26.554942,-77.083343,0.27,212.2,1,9,1.2
2024-03-23T20:01:58Z,26.554945,-77.083352,0.12,236.1,1,9,1.2
2024-03-23T20:02:03Z,26.554947,-77.083358,0.10,217.9,1,9,1.2
2024-03-23T20:02:08Z,26.554945,-77.083362,0.18,187.3,1,9,1.2
2024-03-23T20:02:13Z,26.554947,-77.083365,0.22,216.6,1,9,1.2
2024-03-23T20:02:18Z,26.554947,-77.083370,0.10,223.0,1,9,1.2
2024-03-23T20:02:23Z,26.554947,-77.083372,0.03,149.6,1,9,1.2
2024-03-23T20:02:28Z,26.554950,-77.083375,0.02,136.2,1,9,1.2
2024-03-23T20:02:38Z,26.554948,-77.083375,0.29,80.2,1,9,1.2
2024-03-23T20:02:43Z,26.554947,-77.083375,0.10,98.3,1,9,1.2
2024-03-23T20:02:48Z,26.554945,-77.083378,0.46,262.8,1,9,1.2
2024-03-23T20:02:53Z,26.554943,-77.083392,0.24,283.6,1,9,1.2
2024-03-23T20:02:58Z,26.554942,-77.083383,0.21,123.6,2,8,1.2
2024-03-23T20:03:03Z,26.554945,-77.083367,0.55,73.5,1,9,1.2
2024-03-23T20:03:13Z,26.554950,-77.083373,0.10,105.5,1,9,1.2
2024-03-23T20:03:18Z,26.554953,-77.083375,0.12,39.0,1,9,1.2
2024-03-23T20:03:23Z,26.554957,-77.083368,0.39,69.4,1,9,1.2
2024-03-23T20:03:28Z,26.554960,-77.083357,0.45,97.8,1,9,1.2
2024-03-23T20:03:33Z,26.554958,-77.083352,0.29,147.5,1,9,1.2
2024-03-23T20:03:43Z,26.554953,-77.083337,0.37,101.8,1,9,1.2
2024-03-23T20:03:48Z,26.554952,-77.083335,0.10,203.1,1,9,1.2
2024-03-23T20:03:53Z,26.554952,-77.083332,0.45,84.0,1,9,1.2
2024-03-23T20:03:58Z,26.554952,-77.083337,0.44,89.9,1,9,1.2
2024-03-23T20:04:03Z,26.554952,-77.083333,0.21,104.4,1,9,1.2
2024-03-23T20:04:08Z,26.554952,-77.083325,0.14,104.3,1,9,1.2
2024-03-23T20:04:13Z,26.554953,-77.083322,0.07,100.8,1,9,1.2
2024-03-23T20:04:18Z,26.554955,-77.083318,0.27,61.4,1,9,1.2
2024-03-23T20:04:23Z,26.554957,-77.083312,0.46,95.6,1,9,1.2
2024-03-23T20:04:28Z,26.554957,-77.083313,0.15,72.0,1,9,1.2
2024-03-23T20:04:33Z,26.554953,-77.083313,0.51,79.9,1,9,1.2
2024-03-23T20:04:43Z,26.554952,-77.083317,0.19,60.8,1,9,1.2
2024-03-23T20:04:48Z,26.554950,-77.083322,0.20,152.7,1,9,1.2
2024-03-23T20:04:53Z,26.554948,-77.083322,0.12,51.3,1,9,1.2
2024-03-23T20:04:58Z,26.554947,-77.083322,0.19,118.0,1,9,1.1
2024-03-23T20:05:03Z,26.554947,-77.083322,0.18,124.4,1,9,1.1
2024-03-23T20:05:13Z,26.554942,-77.083338,0.21,171.0,1,9,1.1
2024-03-23T20:05:18Z,26.554938,-77.083340,0.03,56.7,1,9,1.1
2024-03-23T20:05:23Z,26.554937,-77.083337,0.39,93.5,1,9,1.1
2024-03-23T20:05:28Z,26.554938,-77.083327,0.08,177.5,1,9,1.1
2024-03-23T20:05:33Z,26.554942,-77.083323,0.46,79.8,1,9,1.1
2024-03-23T20:05:38Z,26.554943,-77.083323,0.05,257.9,1,9,1.1
2024-03-23T20:05:48Z,26.554948,-77.083337,0.23,57.8,1,9,1.1
2024-03-23T20:05:53Z,26.554948,-77.083345,0.11,211.0,1,9,1.1
2024-03-23T20:05:58Z,26.554947,-77.083358,0.11,258.6,1,9,1.1
2024-03-23T20:06:03Z,26.554943,-77.083367,0.17,102.8,1,9,1.1
2024-03-23T20:06:08Z,26.554940,-77.083368,0.07,204.7,1,9,1.1
2024-03-23T20:06:13Z,26.554942,-77.083363,0.33,258.2,1,9,1.1
2024-03-23T20:06:23Z,26.554942,-77.083360,0.27,145.9,1,9,1.1
2024-03-23T20:06:28Z,26.554943,-77.083355,0.32,109.4,1,9,1.1
2024-03-23T20:06:33Z,26.554945,-77.083357,0.27,116.3,1,9,1.1
2024-03-23T20:06:38Z,26.554947,-77.083370,0.19,287.5,1,9,1.1
2024-03-23T20:06:43Z,26.554948,-77.083377,0.29,248.1,1,9,1.1
2024-03-23T20:06:48Z,26.554945,-77.083373,0.23,202.2,1,9,1.1
2024-03-23T20:06:53Z,26.554942,-77.083383,0.12,246.5,1,9,1.1
2024-03-23T20:06:58Z,26.554943,-77.083393,0.15,293.6,1,9,1.1
2024-03-23T20:07:03Z,26.554945,-77.083393,0.04,51.0,1,9,1.1
2024-03-23T20:07:08Z,26.554948,-77.083398,0.02,141.5,1,9,1.1
2024-03-23T20:07:13Z,26.554948,-77.083405,0.06,93.7,1,8,1.4
2024-03-23T20:07:23Z,26.554943,-77.083412,0.08,188.1,1,9,1.1
2024-03-23T20:07:28Z,26.554938,-77.083407,0.13,91.6,1,9,1.1
2024-03-23T20:07:33Z,26.554938,-77.083400,0.13,79.8,1,8,1.4
2024-03-23T20:07:38Z,26.554940,-77.083405,0.23,58.0,1,9,1.1
2024-03-23T20:07:43Z,26.554942,-77.083415,0.49,257.8,1,9,1.1
2024-03-23T20:07:53Z,26.554942,-77.083418,0.09,90.2,1,8,1.2
2024-03-23T20:07:58Z,26.554942,-77.083420,0.12,102.7,1,9,1.1
2024-03-23T20:08:03Z,26.554938,-77.083427,0.13,130.6,1,8,1.4
2024-03-23T20:08:08Z,26.554937,-77.083428,0.12,118.5,1,9,1.1
2024-03-23T20:08:13Z,26.554937,-77.083428,0.09,239.9,1,9,1.1
2024-03-23T20:08:23Z,26.554937,-77.083428,0.08,130.2,1,9,1.1
2024-03-23T20:08:28Z,26.554937,-77.083427,0.24,93.9,1,9,1.1
2024-03-23T20:08:33Z,26.554938,-77.083423,0.42,109.5,1,9,1.1
2024-03-23T20:08:38Z,26.554938,-77.083423,0.15,88.8,1,9,1.1
2024-03-23T20:08:43Z,26.554942,-77.083423,0.20,252.5,1,9,1.1
2024-03-23T20:08:53Z,26.554947,-77.083427,0.11,290.1,1,9,1.1
2024-03-23T20:08:58Z,26.554948,-77.083425,0.01,13.7,1,9,1.1
2024-03-23T20:09:03Z,26.554950,-77.083430,0.11,93.1,1,9,1.1
2024-03-23T20:09:08Z,26.554952,-77.083430,0.12,194.5,1,9,1.1
2024-03-23T20:09:13Z,26.554952,-77.083432,0.11,169.4,1,9,1.1
2024-03-23T20:09:23Z,26.554950,-77.083440,0.22,231.1,1,8,1.2
2024-03-23T20:09:28Z,26.554947,-77.083442,0.15,227.2,1,9,1.1
2024-03-23T20:09:33Z,26.554943,-77.083445,0.36,189.4,1,9,1.1
2024-03-23T20:09:38Z,26.554940,-77.083457,0.11,204.5,1,9,1.1
2024-03-23T20:09:43Z,26.554937,-77.083460,0.34,202.0,1,9,1.1
2024-03-23T20:09:53Z,26.554932,-77.083463,0.04,181.5,1,9,1.1
2024-03-23T20:09:58Z,26.554932,-77.083462,0.18,189.6,1,9,1.1
2024-03-23T20:10:03Z,26.554928,-77.083465,0.03,197.6,1,9,1.1
2024-03-23T20:10:08Z,26.554927,-77.083467,0.18,180.6,1,9,1.1
2024-03-23T20:10:13Z,26.554923,-77.083463,0.37,103.0,1,9,1.1
2024-03-23T20:10:18Z,26.554920,-77.083467,0.37,215.8,1,9,1.1
2024-03-23T20:10:28Z,26.554915,-77.083480,0.09,279.6,1,7,1.5
2024-03-23T20:10:33Z,26.554915,-77.083483,0.21,89.6,1,9,1.1
2024-03-23T20:10:38Z,26.554918,-77.083490,0.50,259.7,1,8,1.2
2024-03-23T20:10:43Z,26.554922,-77.083498,0.19,155.4,1,9,1.1
2024-03-23T20:10:48Z,26.554927,-77.083502,0.16,10.2,1,8,1.4
2024-03-23T20:10:53Z,26.554928,-77.083503,0.04,13.6,1,9,1.1
2024-03-23T20:10:58Z,26.554930,-77.083507,0.24,306.7,1,9,1.1
2024-03-23T20:11:03Z,26.554932,-77.083510,0.23,37.4,1,9,1.1
2024-03-23T20:11:08Z,26.554932,-77.083517,0.43,92.5,1,8,1.2
2024-03-23T20:11:13Z,26.554933,-77.083515,0.29,305.0,1,9,1.1
2024-03-23T20:11:23Z,26.554928,-77.083505,0.03,145.0,1,9,1.1
2024-03-23T20:11:28Z,26.554930,-77.083498,0.33,103.5,1,9,1.1
2024-03-23T20:11:33Z,26.554932,-77.083497,0.20,72.6,1,8,1.4
2024-03-23T20:11:38Z,26.554933,-77.083493,0.52,92.5,1,9,1.1
2024-03-23T20:11:43Z,26.554933,-77.083490,0.20,55.8,1,9,1.1
2024-03-23T20:11:53Z,26.554938,-77.083483,1.09,81.7,1,9,1.1
2024-03-23T20:11:58Z,26.554935,-77.083472,0.14,178.1,1,8,1.2
2024-03-23T20:12:03Z,26.554932,-77.083477,0.33,40.0,1,9,1.1
2024-03-23T20:12:08Z,26.554935,-77.083480,0.35,80.9,1,9,1.1
2024-03-23T20:12:13Z,26.554930,-77.083483,0.27,129.0,1,9,1.1
2024-03-23T20:12:18Z,26.554930,-77.083483,0.22,72.2,1,9,1.1
2024-03-23T20:12:23Z,26.554933,-77.083482,0.27,30.1,1,9,1.1
2024-03-23T20:12:28Z,26.554937,-77.083480,0.11,78.3,1,9,1.1
2024-03-23T20:12:33Z,26.554938,-77.083480,0.41,14.0,1,9,1.1
2024-03-23T20:12:38Z,26.554943,-77.083473,0.08,351.3,1,9,1.1
2024-03-23T20:12:43Z,26.554948,-77.083482,0.28,79.2,1,8,1.2
2024-03-23T20:12:53Z,26.554962,-77.083480,0.37,96.8,1,8,1.2
2024-03-23T20:12:58Z,26.554963,-77.083480,0.15,187.5,1,8,1.2
2024-03-23T20:13:03Z,26.554965,-77.083478,0.25,128.3,1,8,1.2
2024-03-23T20:13:08Z,26.554965,-77.083472,0.25,88.0,1,8,1.2
2024-03-23T20:13:13Z,26.554965,-77.083462,0.29,73.2,1,8,1.2
2024-03-23T20:13:23Z,26.554973,-77.083450,0.23,80.8,1,8,1.2
2024-03-23T20:13:28Z,26.554975,-77.083445,0.27,87.3,1,8,1.2
2024-03-23T20:13:33Z,26.554975,-77.083437,0.38,94.0,1,8,1.2
2024-03-23T20:13:38Z,26.554977,-77.083432,0.69,88.3,1,8,1.2
2024-03-23T20:13:43Z,26.554973,-77.083432,0.11,121.7,1,8,1.2
2024-03-23T20:13:53Z,26.554973,-77.083438,0.07,219.6,1,8,1.2
2024-03-23T20:13:58Z,26.554977,-77.083442,0.07,75.1,1,8,1.2
2024-03-23T20:14:03Z,26.554975,-77.083442,0.22,73.2,1,8,1.2
2024-03-23T20:14:08Z,26.554975,-77.083433,0.21,92.0,1,8,1.2
2024-03-23T20:14:13Z,26.554973,-77.083433,0.22,83.8,1,8,1.2
2024-03-23T20:14:23Z,26.554970,-77.083432,0.33,88.6,1,8,1.2
2024-03-23T20:14:28Z,26.554967,-77.083430,0.17,102.0,1,8,1.2
2024-03-23T20:14:33Z,26.554967,-77.083427,0.30,93.4,1,8,1.2
2024-03-23T20:14:38Z,26.554965,-77.083427,0.14,122.3,1,8,1.2
2024-03-23T20:14:43Z,26.554963,-77.083427,0.19,101.5,1,8,1.2
2024-03-23T20:14:48Z,26.554962,-77.083425,0.22,78.7,1,8,1.2
2024-03-23T20:14:58Z,26.554958,-77.083425,0.19,89.2,1,8,1.2
2024-03-23T20:15:03Z,26.554958,-77.083423,0.18,99.9,1,8,1.2
2024-03-23T20:15:08Z,26.554957,-77.083423,0.16,93.6,1,8,1.2
2024-03-23T20:15:13Z,26.554957,-77.083420,0.21,125.4,1,8,1.2
2024-03-23T20:15:18Z,26.554955,-77.083415,0.49,86.9,1,7,1.4
2024-03-23T20:15:23Z,26.554953,-77.083412,0.30,103.5,1,7,1.4
2024-03-23T20:15:28Z,26.554952,-77.083415,0.20,117.0,1,8,1.2
2024-03-23T20:15:33Z,26.554952,-77.083415,0.11,166.6,1,8,1.2
2024-03-23T20:15:38Z,26.554953,-77.083415,0.15,125.0,1,8,1.2
2024-03-23T20:15:43Z,26.554953,-77.083417,0.11,162.9,1,8,1.2
2024-03-23T20:15:48Z,26.554948,-77.083413,0.11,164.9,1,8,1.2
2024-03-23T20:15:53Z,26.554945,-77.083415,0.11,294.4,1,8,1.2
2024-03-23T20:16:03Z,26.554940,-77.083412,0.06,123.0,1,8,1.2
2024-03-23T20:16:08Z,26.554940,-77.083410,0.03,93.8,1,8,1.2
2024-03-23T20:16:13Z,26.554940,-77.083408,0.05,61.4,1,8,1.2
2024-03-23T20:16:18Z,26.554940,-77.083408,0.14,283.2,1,8,1.2
2024-03-23T20:16:23Z,26.554943,-77.083412,0.08,312.1,1,8,1.2
2024-03-23T20:16:28Z,26.554945,-77.083428,0.10,72.4,1,8,1.2
2024-03-23T20:16:38Z,26.554945,-77.083437,0.21,64.5,1,8,1.2
2024-03-23T20:16:43Z,26.554948,-77.083430,0.13,303.6,1,8,1.2
2024-03-23T20:16:48Z,26.554952,-77.083427,0.05,284.7,1,8,1.2
2024-03-23T20:16:53Z,26.554952,-77.083430,0.05,182.3,1,8,1.2
2024-03-23T20:16:58Z,26.554952,-77.083428,0.17,89.0,1,8,1.2
2024-03-23T20:17:03Z,26.554952,-77.083427,0.27,92.1,1,8,1.2
2024-03-23T20:17:08Z,26.554952,-77.083423,0.37,100.4,1,8,1.2
2024-03-23T20:17:13Z,26.554950,-77.083420,0.23,88.1,1,8,1.2
2024-03-23T20:17:18Z,26.554950,-77.083418,0.15,125.9,1,8,1.2
2024-03-23T20:17:23Z,26.554948,-77.083420,0.07,174.2,1,8,1.2
2024-03-23T20:17:28Z,26.554950,-77.083423,0.12,197.2,1,8,1.2
2024-03-23T20:17:33Z,26.554953,-77.083417,0.05,95.4,1,8,1.2
2024-03-23T20:17:43Z,26.554955,-77.083413,0.10,121.5,1,6,2.3
2024-03-23T20:17:48Z,26.554953,-77.083415,0.14,109.6,1,8,1.2
2024-03-23T20:17:53Z,26.554950,-77.083417,0.08,131.6,1,8,1.2
2024-03-23T20:17:58Z,26.554950,-77.083417,0.06,233.4,1,8,1.2
2024-03-23T20:18:03Z,26.554950,-77.083415,0.27,93.9,1,8,1.2
2024-03-23T20:18:08Z,26.554947,-77.083420,0.13,240.9,1,8,1.2
2024-03-23T20:18:13Z,26.554947,-77.083423,0.08,182.2,1,8,1.2
2024-03-23T20:18:18Z,26.554945,-77.083425,0.13,141.9,1,8,1.2
2024-03-23T20:18:23Z,26.554943,-77.083432,0.08,195.2,1,8,1.2
2024-03-23T20:18:28Z,26.554943,-77.083435,0.07,162.3,1,8,1.2
2024-03-23T20:18:33Z,26.554942,-77.083437,0.13,98.8,1,8,1.2
2024-03-23T20:18:38Z,26.554942,-77.083433,0.15,144.1,1,8,1.2
2024-03-23T20:18:48Z,26.554938,-77.083435,0.13,155.5,1,8,1.2
2024-03-23T20:18:53Z,26.554935,-77.083440,0.51,231.3,1,8,1.2
2024-03-23T20:18:58Z,26.554933,-77.083442,0.30,223.2,1,8,1.2
2024-03-23T20:19:03Z,26.554932,-77.083443,0.29,94.9,1,8,1.2
2024-03-23T20:19:08Z,26.554932,-77.083445,0.08,212.5,1,8,1.2
2024-03-23T20:19:13Z,26.554930,-77.083445,0.18,121.9,1,8,1.2
2024-03-23T20:19:23Z,26.554930,-77.083452,0.05,233.8,1,8,1.2
2024-03-23T20:19:28Z,26.554932,-77.083450,0.11,81.8,1,7,1.3
2024-03-23T20:19:33Z,26.554928,-77.083465,0.05,68.4,1,7,1.4
2024-03-23T20:19:38Z,26.554928,-77.083467,0.08,167.1,1,7,1.3
2024-03-23T20:19:43Z,26.554930,-77.083467,0.09,130.5,1,8,1.1
2024-03-23T20:19:48Z,26.554932,-77.083467,0.06,172.7,1,8,1.1
2024-03-23T20:19:53Z,26.554932,-77.083468,0.23,254.0,1,8,1.1
2024-03-23T20:19:58Z,26.554930,-77.083468,0.07,180.0,1,8,1.1
2024-03-23T20:20:03Z,26.554932,-77.083468,0.07,9.3,1,8,1.1
2024-03-23T20:20:08Z,26.554930,-77.083468,0.12,123.3,1,8,1.1
2024-03-23T20:20:13Z,26.554928,-77.083473,0.17,107.9,1,8,1.1
2024-03-23T20:20:18Z,26.554928,-77.083477,0.55,250.5,1,8,1.1
2024-03-23T20:20:23Z,26.554925,-77.083480,0.12,135.8,1,8,1.1
2024-03-23T20:20:28Z,26.554923,-77.083483,0.21,249.6,1,8,1.1
2024-03-23T20:20:33Z,26.554922,-77.083490,0.17,130.4,1,8,1.1
2024-03-23T20:20:38Z,26.554920,-77.083493,0.26,113.3,1,8,1.1
2024-03-23T20:20:43Z,26.554920,-77.083497,0.15,130.5,1,8,1.1
2024-03-23T20:20:48Z,26.554918,-77.083512,0.35,121.2,1,8,1.1
2024-03-23T20:20:58Z,26.554915,-77.083507,0.74,104.1,1,8,1.1
2024-03-23T20:21:03Z,26.554915,-77.083498,0.09,140.0,1,7,1.4
2024-03-23T20:21:08Z,26.554913,-77.083490,0.37,76.0,1,8,1.1
2024-03-23T20:21:13Z,26.554915,-77.083483,0.44,80.2,1,8,1.1
2024-03-23T20:21:18Z,26.554917,-77.083495,0.21,294.1,1,8,1.1
2024-03-23T20:21:23Z,26.554923,-77.083508,0.42,61.0,1,8,1.1
2024-03-23T20:21:28Z,26.554925,-77.083512,0.15,235.7,1,8,1.1
2024-03-23T20:21:33Z,26.554932,-77.083510,0.11,63.4,1,8,1.1
2024-03-23T20:21:38Z,26.554933,-77.083505,0.22,83.5,1,8,1.1
2024-03-23T20:21:43Z,26.554937,-77.083512,0.14,68.1,1,8,1.1
2024-03-23T20:21:48Z,26.554938,-77.083513,0.14,85.8,1,8,1.1
2024-03-23T20:21:53Z,26.554940,-77.083510,0.50,87.5,1,8,1.1
2024-03-23T20:21:58Z,26.554938,-77.083495,0.22,89.9,1,8,1.1
2024-03-23T20:22:03Z,26.554937,-77.083488,0.21,65.7,1,8,1.1
2024-03-23T20:22:08Z,26.554937,-77.083482,0.24,95.6,1,8,1.1
2024-03-23T20:22:13Z,26.554952,-77.083485,0.42,32.7,1,8,1.1
2024-03-23T20:22:18Z,26.554950,-77.083480,0.47,90.0,1,8,1.1
2024-03-23T20:22:23Z,26.554942,-77.083470,0.26,88.5,1,8,1.1
2024-03-23T20:22:33Z,26.554945,-77.083465,0.21,55.0,1,8,1.1
2024-03-23T20:22:38Z,26.554952,-77.083480,0.22,28.2,1,8,1.1
2024-03-23T20:22:43Z,26.554953,-77.083478,0.23,103.7,1,8,1.1
2024-03-23T20:22:48Z,26.554950,-77.083467,0.19,89.6,1,8,1.1
2024-03-23T20:22:53Z,26.554952,-77.083463,0.18,105.8,1,8,1.1
2024-03-23T20:22:58Z,26.554952,-77.083457,0.15,46.0,1,8,1.1
2024-03-23T20:23:08Z,26.554940,-77.083452,0.47,141.9,1,8,1.1
2024-03-23T20:23:13Z,26.554943,-77.083452,0.44,59.5,1,8,1.1
2024-03-23T20:23:18Z,26.554943,-77.083448,0.50,73.5,1,8,1.1
2024-03-23T20:23:23Z,26.554943,-77.083450,0.17,114.1,1,8,1.1
2024-03-23T20:23:28Z,26.554958,-77.083455,0.33,20.7,1,9,1.0
2024-03-23T20:23:38Z,26.554963,-77.083448,0.44,85.8,1,9,1.0
2024-03-23T20:23:43Z,26.554963,-77.083443,0.15,56.4,1,8,1.3
2024-03-23T20:23:48Z,26.554962,-77.083440,0.16,94.8,1,9,1.0
2024-03-23T20:23:53Z,26.554958,-77.083438,0.21,131.2,1,9,1.0
2024-03-23T20:23:58Z,26.554955,-77.083437,0.05,334.6,1,9,1.0
2024-03-23T20:24:03Z,26.554953,-77.083437,0.07,118.8,1,9,1.0
2024-03-23T20:24:13Z,26.554952,-77.083440,0.14,134.1,1,9,1.0
2024-03-23T20:24:18Z,26.554950,-77.083437,0.24,82.2,1,9,1.0
2024-03-23T20:24:23Z,26.554950,-77.083433,0.26,115.6,1,9,1.0
2024-03-23T20:24:28Z,26.554948,-77.083433,0.19,122.2,1,8,1.3
2024-03-23T20:24:33Z,26.554948,-77.083430,0.13,106.8,1,9,1.0
2024-03-23T20:24:38Z,26.554947,-77.083430,0.20,114.0,1,9,1.0
2024-03-23T20:24:43Z,26.554947,-77.083427,0.16,144.2,1,8,1.1
2024-03-23T20:24:48Z,26.554948,-77.083423,0.10,0.1,1,9,1.0
2024-03-23T20:24:53Z,26.554953,-77.083422,0.12,41.2,1,9,1.0
2024-03-23T20:24:58Z,26.554955,-77.083417,0.12,55.6,1,9,1.0
2024-03-23T20:25:03Z,26.554957,-77.083413,0.20,86.9,1,9,1.0
2024-03-23T20:25:08Z,26.554958,-77.083410,0.14,88.4,1,9,1.0
2024-03-23T20:25:18Z,26.554957,-77.083407,0.17,111.4,1,9,1.0
2024-03-23T20:25:23Z,26.554957,-77.083407,0.04,123.3,1,9,1.0
2024-03-23T20:25:28Z,26.554955,-77.083408,0.21,103.9,1,8,1.1
2024-03-23T20:25:33Z,26.554957,-77.083405,0.09,149.0,1,8,1.1
2024-03-23T20:25:38Z,26.554957,-77.083400,0.51,82.9,1,8,1.1
2024-03-23T20:25:43Z,26.554957,-77.083397,0.10,99.0,1,8,1.1
2024-03-23T20:25:48Z,26.554955,-77.083395,0.11,133.8,1,8,1.1
2024-03-23T20:25:53Z,26.554955,-77.083395,0.14,85.0,1,8,1.1
2024-03-23T20:25:58Z,26.554953,-77.083395,0.13,257.8,1,9,1.0
2024-03-23T20:26:03Z,26.554953,-77.083398,0.11,156.4,1,9,1.0
2024-03-23T20:26:08Z,26.554953,-77.083397,0.07,216.1,1,9,1.0
2024-03-23T20:26:13Z,26.554952,-77.083395,0.17,106.4,1,8,1.3
2024-03-23T20:26:23Z,26.554950,-77.083392,0.03,105.8,1,9,1.0
2024-03-23T20:26:28Z,26.554950,-77.083388,0.32,88.2,1,9,1.0
2024-03-23T20:26:33Z,26.554943,-77.083393,0.20,112.2,1,9,1.0
2024-03-23T20:26:38Z,26.554945,-77.083392,0.16,58.1,1,9,1.0
2024-03-23T20:26:43Z,26.554942,-77.083402,0.10,221.4,1,9,1.0
2024-03-23T20:26:48Z,26.554945,-77.083393,0.38,78.2,1,9,1.0
2024-03-23T20:26:58Z,26.554948,-77.083390,0.28,59.5,1,9,1.0
2024-03-23T20:27:03Z,26.554947,-77.083390,0.10,138.5,1,9,1.0
2024-03-23T20:27:08Z,26.554943,-77.083392,0.15,169.4,1,9,1.0
2024-03-23T20:27:13Z,26.554942,-77.083388,0.23,155.9,1,9,1.0
2024-03-23T20:27:18Z,26.554943,-77.083382,0.23,94.5,1,9,1.0
2024-03-23T20:27:23Z,26.554943,-77.083375,0.23,137.8,1,9,1.0
2024-03-23T20:27:33Z,26.554948,-77.083348,0.42,107.2,1,8,1.2
2024-03-23T20:27:38Z,26.554943,-77.083362,0.26,186.4,1,9,1.0
2024-03-23T20:27:43Z,26.554943,-77.083367,0.24,299.9,1,9,1.0
2024-03-23T20:27:48Z,26.554947,-77.083365,0.12,172.8,1,9,1.0
2024-03-23T20:27:53Z,26.554947,-77.083365,0.13,235.9,1,9,1.0
2024-03-23T20:27:58Z,26.554947,-77.083373,0.27,193.6,1,9,1.0
2024-03-23T20:28:08Z,26.554945,-77.083377,0.03,131.9,1,9,1.0
2024-03-23T20:28:13Z,26.554943,-77.083377,0.32,195.9,1,9,1.0
2024-03-23T20:28:18Z,26.554942,-77.083373,0.17,208.5,1,9,1.0
2024-03-23T20:28:23Z,26.554942,-77.083372,0.12,204.7,1,9,1.0
2024-03-23T20:28:28Z,26.554940,-77.083372,0.14,184.3,1,9,1.0
2024-03-23T20:28:33Z,26.554938,-77.083375,0.15,224.4,1,9,1.0
2024-03-23T20:28:43Z,26.554938,-77.083377,0.17,231.9,1,9,1.0
2024-03-23T20:28:48Z,26.554937,-77.083378,0.10,183.0,1,9,1.0
2024-03-23T20:28:53Z,26.554935,-77.083380,0.12,190.3,1,9,1.0
2024-03-23T20:28:58Z,26.554933,-77.083380,0.13,166.6,1,9,1.0
2024-03-23T20:29:03Z,26.554933,-77.083393,0.09,14.7,1,9,1.0
2024-03-23T20:29:08Z,26.554928,-77.083400,0.14,189.8,1,9,1.0
2024-03-23T20:29:18Z,26.554932,-77.083413,0.17,274.7,1,9,1.0
2024-03-23T20:29:23Z,26.554930,-77.083413,0.09,340.0,1,9,1.0
2024-03-23T20:29:28Z,26.554933,-77.083415,0.21,71.7,1,9,1.0
2024-03-23T20:29:33Z,26.554938,-77.083420,0.17,310.0,1,9,1.0
2024-03-23T20:29:38Z,26.554942,-77.083423,0.23,291.1,1,9,1.0
2024-03-23T20:29:43Z,26.554947,-77.083418,0.05,6.5,1,8,1.2
2024-03-23T20:29:53Z,26.554955,-77.083412,0.15,297.7,1,9,1.0
2024-03-23T20:29:58Z,26.554950,-77.083405,0.28,97.5,1,9,1.0
2024-03-23T20:30:03Z,26.554947,-77.083405,0.36,125.4,1,9,1.0
2024-03-23T20:30:08Z,26.554942,-77.083405,0.17,115.9,1,9,1.0
2024-03-23T20:30:13Z,26.554940,-77.083405,0.09,196.8,1,9,1.0
2024-03-23T20:30:18Z,26.554937,-77.083403,0.25,94.5,1,9,1.0
2024-03-23T20:30:28Z,26.554938,-77.083392,0.10,118.0,1,9,1.0
2024-03-23T20:30:33Z,26.554940,-77.083392,0.05,311.9,1,9,1.0
2024-03-23T20:30:38Z,26.554938,-77.083393,0.17,207.8,1,9,1.0
2024-03-23T20:30:43Z,26.554935,-77.083398,0.12,254.2,1,8,1.2
2024-03-23T20:30:48Z,26.554938,-77.083388,0.52,72.0,1,9,1.0
2024-03-23T20:30:53Z,26.554940,-77.083385,0.10,352.6,1,9,1.0
2024-03-23T20:30:58Z,26.554943,-77.083388,0.06,343.4,1,9,1.0
2024-03-23T20:31:03Z,26.554942,-77.083390,0.31,147.9,1,9,1.0
2024-03-23T20:31:08Z,26.554945,-77.083392,0.38,282.5,1,8,1.1
2024-03-23T20:31:13Z,26.554945,-77.083398,0.14,301.9,1,9,1.0
2024-03-23T20:31:18Z,26.554940,-77.083405,0.33,88.2,1,9,1.0
2024-03-23T20:31:23Z,26.554938,-77.083408,0.23,196.2,1,9,1.0
2024-03-23T20:31:33Z,26.554937,-77.083407,0.06,148.1,1,9,1.0
2024-03-23T20:31:38Z,26.554932,-77.083405,0.58,115.1,1,9,1.0
2024-03-23T20:31:43Z,26.554930,-77.083405,0.18,216.5,1,9,1.0
2024-03-23T20:31:48Z,26.554927,-77.083410,0.47,248.2,1,9,1.0
2024-03-23T20:31:53Z,26.554927,-77.083417,0.06,228.6,1,9,1.0
2024-03-23T20:32:03Z,26.554930,-77.083433,0.22,85.1,1,9,1.0
2024-03-23T20:32:08Z,26.554933,-77.083440,0.07,92.7,1,9,1.0
2024-03-23T20:32:13Z,26.554938,-77.083442,0.31,287.2,1,9,1.0
2024-03-23T20:32:18Z,26.554940,-77.083445,0.34,69.9,1,9,1.0
2024-03-23T20:32:23Z,26.554938,-77.083448,0.41,167.9,1,9,1.0
2024-03-23T20:32:28Z,26.554938,-77.083447,0.06,84.0,1,9,1.0
2024-03-23T20:32:38Z,26.554940,-77.083448,0.12,322.6,1,9,1.0
2024-03-23T20:32:43Z,26.554942,-77.083452,0.09,331.3,1,9,1.0
2024-03-23T20:32:48Z,26.554943,-77.083448,0.19,55.4,1,9,1.0
2024-03-23T20:32:53Z,26.554945,-77.083447,0.12,345.7,1,9,1.0
2024-03-23T20:32:58Z,26.554945,-77.083440,0.26,324.9,1,9,1.0
2024-03-23T20:33:03Z,26.554950,-77.083438,0.23,85.9,1,9,1.0
2024-03-23T20:33:08Z,26.554950,-77.083437,0.26,103.7,1,9,1.0
2024-03-23T20:33:13Z,26.554952,-77.083433,0.12,119.5,1,9,1.0
2024-03-23T20:33:18Z,26.554952,-77.083428,0.21,91.3,1,9,1.0
2024-03-23T20:33:23Z,26.554952,-77.083427,0.11,116.5,1,9,1.0
2024-03-23T20:33:28Z,26.554953,-77.083427,0.13,100.0,1,9,1.0
2024-03-23T20:33:33Z,26.554953,-77.083420,0.15,124.4,1,9,1.0
2024-03-23T20:33:38Z,26.554955,-77.083412,0.21,96.5,1,9,1.0
2024-03-23T20:33:43Z,26.554957,-77.083407,0.18,105.2,1,9,1.0
2024-03-23T20:33:48Z,26.554955,-77.083403,0.29,95.7,1,9,1.0
2024-03-23T20:33:53Z,26.554957,-77.083403,0.07,111.7,1,9,1.0
2024-03-23T20:34:03Z,26.554965,-77.083405,0.14,102.9,1,9,1.0
2024-03-23T20:34:08Z,26.554967,-77.083403,0.08,316.4,1,9,1.0
2024-03-23T20:34:13Z,26.554967,-77.083402,0.42,103.8,1,9,1.0
2024-03-23T20:34:18Z,26.554968,-77.083403,0.20,83.3,1,9,1.0
2024-03-23T20:34:23Z,26.554968,-77.083405,0.12,64.4,1,9,1.0
2024-03-23T20:34:33Z,26.554965,-77.083410,0.26,176.2,1,9,1.0
2024-03-23T20:34:38Z,26.554963,-77.083408,0.20,64.0,1,9,1.0
2024-03-23T20:34:43Z,26.554962,-77.083407,0.27,51.7,1,9,1.0
2024-03-23T20:34:48Z,26.554962,-77.083407,0.09,89.1,1,9,1.0
2024-03-23T20:34:53Z,26.554962,-77.083407,0.12,92.3,1,9,1.0
2024-03-23T20:35:03Z,26.554957,-77.083403,0.08,136.6,1,9,1.0
2024-03-23T20:35:08Z,26.554955,-77.083402,0.16,79.5,1,9,1.0
2024-03-23T20:35:13Z,26.554953,-77.083402,0.15,100.9,1,9,1.0
2024-03-23T20:35:18Z,26.554955,-77.083405,0.08,62.0,1,9,1.0
2024-03-23T20:35:23Z,26.554957,-77.083408,0.12,353.7,1,9,1.0
2024-03-23T20:35:33Z,26.554953,-77.083407,0.04,91.6,1,9,1.0
2024-03-23T20:35:38Z,26.554952,-77.083405,0.05,106.0,1,9,1.0
2024-03-23T20:35:43Z,26.554952,-77.083407,0.07,100.8,1,9,1.0
2024-03-23T20:35:48Z,26.554953,-77.083403,0.08,53.1,1,9,1.0
2024-03-23T20:35:53Z,26.554952,-77.083400,0.08,95.1,1,9,1.0
2024-03-23T20:36:03Z,26.554952,-77.083400,0.07,247.3,1,9,1.0
2024-03-23T20:36:08Z,26.554952,-77.083402,0.03,192.5,1,9,1.0
2024-03-23T20:36:13Z,26.554953,-77.083402,0.06,192.0,1,9,1.0
2024-03-23T20:36:18Z,26.554955,-77.083403,0.08,327.3,1,9,1.0
2024-03-23T20:36:23Z,26.554957,-77.083403,0.02,110.1,1,9,1.0
2024-03-23T20:36:28Z,26.554957,-77.083405,0.10,120.1,1,9,1.0
2024-03-23T20:36:33Z,26.554955,-77.083403,0.15,98.3,1,9,1.0
2024-03-23T20:36:38Z,26.554957,-77.083405,0.21,75.7,1,9,1.0
2024-03-23T20:36:43Z,26.554960,-77.083403,0.14,74.8,1,9,1.0
2024-03-23T20:36:48Z,26.554960,-77.083402,0.24,80.4,1,9,1.0
2024-03-23T20:36:53Z,26.554962,-77.083405,0.10,128.6,1,9,1.0
2024-03-23T20:36:58Z,26.554960,-77.083405,0.21,319.9,1,9,1.0
2024-03-23T20:37:08Z,26.554960,-77.083410,0.05,39.5,1,9,1.0
2024-03-23T20:37:13Z,26.554958,-77.083410,0.29,185.0,1,9,1.0
2024-03-23T20:37:18Z,26.554957,-77.083412,0.01,346.8,1,9,1.0
2024-03-23T20:37:23Z,26.554955,-77.083412,0.18,128.6,1,9,1.0
2024-03-23T20:37:28Z,26.554958,-77.083410,0.10,82.6,1,9,1.0
2024-03-23T20:37:33Z,26.554958,-77.083410,0.09,147.5,1,9,1.0
2024-03-23T20:37:43Z,26.554957,-77.083420,0.11,283.3,1,9,1.0
2024-03-23T20:37:48Z,26.554955,-77.083420,0.05,67.0,1,9,1.0
2024-03-23T20:37:53Z,26.554952,-77.083413,0.12,181.2,1,9,1.0
2024-03-23T20:37:58Z,26.554953,-77.083420,0.12,309.9,1,9,1.0
2024-03-23T20:38:03Z,26.554948,-77.083433,0.19,289.6,1,9,1.0
2024-03-23T20:38:08Z,26.554945,-77.083437,0.10,270.5,1,9,1.0
2024-03-23T20:38:18Z,26.554940,-77.083438,0.13,127.4,1,9,1.0
2024-03-23T20:38:23Z,26.554940,-77.083435,0.19,100.1,1,9,1.0
2024-03-23T20:38:28Z,26.554938,-77.083435,0.12,197.3,1,9,1.0
2024-03-23T20:38:33Z,26.554938,-77.083438,0.21,242.7,1,9,1.0
2024-03-23T20:38:38Z,26.554938,-77.083442,0.03,6.4,1,9,1.0
2024-03-23T20:38:43Z,26.554940,-77.083442,0.03,68.7,1,9,1.0
2024-03-23T20:38:48Z,26.554940,-77.083442,0.08,104.3,1,9,1.0
2024-03-23T20:38:53Z,26.554942,-77.083443,0.04,261.4,1,9,1.0
2024-03-23T20:38:58Z,26.554943,-77.083445,0.06,282.9,1,9,1.0
2024-03-23T20:39:03Z,26.554945,-77.083448,0.19,94.5,1,9,1.0
2024-03-23T20:39:08Z,26.554943,-77.083450,0.10,258.7,1,9,1.0
2024-03-23T20:39:13Z,26.554942,-77.083453,0.03,294.0,1,9,1.0
2024-03-23T20:39:18Z,26.554947,-77.083455,0.04,358.0,1,9,1.0
2024-03-23T20:39:28Z,26.554953,-77.083457,0.07,2.7,1,9,1.0
2024-03-23T20:39:33Z,26.554955,-77.083453,0.16,20.0,1,9,1.0
2024-03-23T20:39:38Z,26.554952,-77.083450,0.26,173.6,1,8,1.1
2024-03-23T20:39:43Z,26.554952,-77.083447,0.51,100.3,1,9,1.0
2024-03-23T20:39:48Z,26.554952,-77.083450,0.32,108.6,1,9,1.0
2024-03-23T20:39:53Z,26.554953,-77.083452,0.15,118.4,1,9,1.0
2024-03-23T20:40:03Z,26.554953,-77.083453,0.03,41.0,1,9,1.0
2024-03-23T20:40:08Z,26.554953,-77.083452,0.13,98.7,1,9,1.0
2024-03-23T20:40:13Z,26.554953,-77.083448,0.36,43.8,1,9,1.0
2024-03-23T20:40:18Z,26.554957,-77.083455,0.23,46.8,1,9,1.0
2024-03-23T20:40:23Z,26.554958,-77.083450,0.20,10.1,1,9,1.0
2024-03-23T20:40:28Z,26.554960,-77.083458,0.05,308.0,1,9,1.0
2024-03-23T20:40:38Z,26.554962,-77.083458,0.29,70.5,1,9,1.0
2024-03-23T20:40:43Z,26.554965,-77.083452,0.12,353.5,1,8,1.3
2024-03-23T20:40:48Z,26.554962,-77.083448,0.35,60.4,1,8,1.3
2024-03-23T20:40:53Z,26.554963,-77.083450,0.15,186.5,1,9,1.0
2024-03-23T20:40:58Z,26.554963,-77.083448,0.22,275.2,1,9,1.0
2024-03-23T20:41:03Z,26.554963,-77.083450,0.04,166.0,1,9,1.0
2024-03-23T20:41:13Z,26.554962,-77.083447,0.24,120.5,1,9,1.0
2024-03-23T20:41:18Z,26.554960,-77.083447,0.55,112.4,1,9,1.0
2024-03-23T20:41:23Z,26.554960,-77.083447,0.23,125.8,1,9,1.0
2024-03-23T20:41:28Z,26.554957,-77.083442,0.58,116.2,1,9,1.0
2024-03-23T20:41:33Z,26.554960,-77.083445,0.20,115.5,1,9,1.0
2024-03-23T20:41:38Z,26.554957,-77.083443,0.10,154.7,1,9,1.0
2024-03-23T20:41:43Z,26.554957,-77.083443,0.28,293.6,1,9,1.0
2024-03-23T20:41:48Z,26.554957,-77.083443,0.23,103.8,1,9,1.0
2024-03-23T20:41:53Z,26.554957,-77.083443,0.09,278.1,1,9,1.0
2024-03-23T20:41:58Z,26.554957,-77.083443,0.03,353.0,1,9,1.0
2024-03-23T20:42:03Z,26.554957,-77.083443,0.58,303.6,1,9,1.0
2024-03-23T20:42:08Z,26.554958,-77.083445,0.48,87.7,1,9,1.0
2024-03-23T20:42:13Z,26.554963,-77.083447,0.09,22.5,1,9,1.0
2024-03-23T20:42:23Z,26.554962,-77.083438,0.09,75.1,1,8,1.3
2024-03-23T20:42:28Z,26.554962,-77.083435,0.09,104.1,1,9,1.0
2024-03-23T20:42:33Z,26.554960,-77.083432,0.07,212.4,1,9,1.0
2024-03-23T20:42:38Z,26.554957,-77.083430,0.11,128.6,1,9,1.0
2024-03-23T20:42:43Z,26.554955,-77.083427,0.07,163.9,1,9,1.0
2024-03-23T20:42:48Z,26.554955,-77.083427,0.08,82.3,1,9,1.0
2024-03-23T20:42:58Z,26.554958,-77.083425,0.14,29.6,1,9,1.0
2024-03-23T20:43:03Z,26.554958,-77.083423,0.28,99.8,1,9,1.0
2024-03-23T20:43:08Z,26.554960,-77.083423,0.07,303.3,1,9,1.0
2024-03-23T20:43:13Z,26.554960,-77.083422,0.11,87.3,1,9,1.0
2024-03-23T20:43:18Z,26.554958,-77.083418,0.09,185.0,1,9,1.0
2024-03-23T20:43:23Z,26.554957,-77.083417,0.10,102.0,1,9,1.0
2024-03-23T20:43:33Z,26.554957,-77.083417,0.14,96.8,1,9,1.0
2024-03-23T20:43:38Z,26.554957,-77.083415,0.06,65.6,1,8,1.3
2024-03-23T20:43:43Z,26.554958,-77.083412,0.13,283.3,1,9,1.0
2024-03-23T20:43:48Z,26.554957,-77.083410,0.07,140.4,1,8,1.3
2024-03-23T20:43:53Z,26.554955,-77.083407,0.06,4.5,1,9,1.0
2024-03-23T20:43:58Z,26.554953,-77.083405,0.21,93.0,1,9,1.0
2024-03-23T20:44:08Z,26.554950,-77.083402,0.09,35.9,1,8,1.3
2024-03-23T20:44:13Z,26.554945,-77.083398,0.30,110.3,1,9,1.0
2024-03-23T20:44:18Z,26.554942,-77.083397,0.15,156.0,1,9,1.0
2024-03-23T20:44:23Z,26.554940,-77.083395,0.11,98.3,1,9,1.0
2024-03-23T20:44:28Z,26.554942,-77.083395,0.33,142.8,1,9,1.0
2024-03-23T20:44:33Z,26.554942,-77.083393,0.10,39.5,1,9,1.0
2024-03-23T20:44:43Z,26.554948,-77.083398,0.16,43.4,1,9,1.0
2024-03-23T20:44:48Z,26.554948,-77.083400,0.05,185.4,1,9,1.0
2024-03-23T20:44:53Z,26.554948,-77.083400,0.07,42.5,1,9,1.0
2024-03-23T20:44:58Z,26.554947,-77.083398,0.11,140.2,1,9,1.0
2024-03-23T20:45:03Z,26.554945,-77.083400,0.14,82.5,1,9,1.0
2024-03-23T20:45:08Z,26.554943,-77.083397,0.48,122.5,1,9,1.0
2024-03-23T20:45:18Z,26.554938,-77.083388,0.26,110.3,1,9,1.0
2024-03-23T20:45:23Z,26.554945,-77.083393,0.33,90.5,1,9,1.0
2024-03-23T20:45:28Z,26.554948,-77.083397,0.19,99.0,1,9,1.0
2024-03-23T20:45:33Z,26.554950,-77.083397,0.19,98.5,1,9,1.0
2024-03-23T20:45:38Z,26.554947,-77.083398,0.43,145.8,1,9,1.0
2024-03-23T20:45:43Z,26.554943,-77.083392,0.35,107.2,1,9,1.0
2024-03-23T20:45:53Z,26.554947,-77.083400,0.02,200.7,1,9,1.0
2024-03-23T20:45:58Z,26.554948,-77.083400,0.16,227.6,1,9,1.0
2024-03-23T20:46:03Z,26.554950,-77.083407,0.20,304.5,1,9,1.0
2024-03-23T20:46:08Z,26.554950,-77.083407,0.09,201.5,1,8,1.3
2024-03-23T20:46:13Z,26.554948,-77.083410,0.24,287.0,1,9,1.0
2024-03-23T20:46:18Z,26.554947,-77.083413,0.29,255.8,1,9,1.0
2024-03-23T20:46:28Z,26.554945,-77.083422,0.09,250.7,1,9,1.0
2024-03-23T20:46:33Z,26.554943,-77.083427,0.08,232.4,1,9,1.0
2024-03-23T20:46:38Z,26.554945,-77.083430,0.18,109.8,1,9,1.0
2024-03-23T20:46:43Z,26.554945,-77.083432,0.23,296.1,1,9,1.0
2024-03-23T20:46:48Z,26.554947,-77.083435,0.18,31.9,1,8,1.3
2024-03-23T20:46:53Z,26.554948,-77.083437,0.10,345.7,1,9,1.0
2024-03-23T20:47:03Z,26.554952,-77.083437,0.03,297.6,1,9,1.0
2024-03-23T20:47:08Z,26.554955,-77.083437,0.04,99.5,1,8,1.3
2024-03-23T20:47:13Z,26.554957,-77.083435,0.06,345.2,1,8,1.3
2024-03-23T20:47:18Z,26.554958,-77.083443,0.24,123.5,1,8,1.3
2024-03-23T20:47:23Z,26.554955,-77.083447,0.07,122.7,1,8,1.3
2024-03-23T20:47:28Z,26.554953,-77.083447,0.35,125.7,1,8,1.3
2024-03-23T20:47:38Z,26.554953,-77.083440,0.13,91.1,1,8,1.3
2024-03-23T20:47:43Z,26.554958,-77.083437,0.16,89.4,1,9,1.0
2024-03-23T20:47:48Z,26.554960,-77.083432,0.14,195.3,1,9,1.0
2024-03-23T20:47:53Z,26.554960,-77.083428,0.17,95.4,1,9,1.0
2024-03-23T20:47:58Z,26.554963,-77.083428,0.22,26.5,1,9,1.0
2024-03-23T20:48:03Z,26.554967,-77.083430,0.08,212.4,1,9,1.0
2024-03-23T20:48:13Z,26.554962,-77.083425,0.09,92.3,1,9,1.0
2024-03-23T20:48:18Z,26.554962,-77.083425,0.18,247.2,1,9,1.0
2024-03-23T20:48:23Z,26.554963,-77.083423,0.15,114.0,1,9,1.0
2024-03-23T20:48:28Z,26.554963,-77.083423,0.14,236.9,1,9,1.0
2024-03-23T20:48:33Z,26.554960,-77.083422,0.09,203.2,1,9,1.0
2024-03-23T20:48:38Z,26.554957,-77.083420,0.06,245.4,1,9,1.0
2024-03-23T20:48:48Z,26.554945,-77.083417,0.56,119.2,1,9,1.0
2024-03-23T20:48:53Z,26.554945,-77.083417,0.13,240.1,1,9,1.0
2024-03-23T20:48:58Z,26.554942,-77.083418,0.07,152.1,1,9,1.0
2024-03-23T20:49:03Z,26.554942,-77.083420,0.09,164.6,1,9,1.0
2024-03-23T20:49:08Z,26.554938,-77.083417,0.35,99.1,1,9,1.0
2024-03-23T20:49:13Z,26.554940,-77.083422,0.12,238.8,1,9,1.0
2024-03-23T20:49:23Z,26.554945,-77.083422,0.18,305.6,1,9,1.0
2024-03-23T20:49:28Z,26.554948,-77.083423,0.03,299.0,1,9,1.0
2024-03-23T20:49:33Z,26.554952,-77.083427,0.11,350.6,1,9,1.0
2024-03-23T20:49:38Z,26.554957,-77.083432,0.20,17.9,1,9,1.0
2024-03-23T20:49:43Z,26.554962,-77.083433,0.01,274.1,1,9,1.0
2024-03-23T20:49:48Z,26.554962,-77.083435,0.03,358.7,1,9,1.0
2024-03-23T20:49:58Z,26.554960,-77.083440,0.13,206.2,1,9,1.0
2024-03-23T20:50:03Z,26.554958,-77.083440,0.18,196.3,1,9,1.0
2024-03-23T20:50:08Z,26.554957,-77.083438,0.12,182.2,1,9,1.0
2024-03-23T20:50:13Z,26.554958,-77.083438,0.06,116.1,1,9,1.0
2024-03-23T20:50:18Z,26.554960,-77.083440,0.16,83.5,1,9,1.0
2024-03-23T20:50:23Z,26.554963,-77.083437,0.20,28.5,1,9,1.0
2024-03-23T20:50:33Z,26.554978,-77.083443,0.20,310.7,1,9,1.0
2024-03-23T20:50:38Z,26.554978,-77.083445,0.24,306.1,1,9,1.0
2024-03-23T20:50:43Z,26.554978,-77.083442,0.12,112.6,1,9,1.0
2024-03-23T20:50:48Z,26.554975,-77.083443,0.13,149.3,1,9,1.0
2024-03-23T20:50:53Z,26.554973,-77.083445,0.06,287.8,1,9,1.0
2024-03-23T20:50:58Z,26.554973,-77.083448,0.08,303.3,1,8,1.3
2024-03-23T20:51:08Z,26.554968,-77.083448,0.07,129.3,1,9,1.0
2024-03-23T20:51:13Z,26.554965,-77.083442,0.17,176.7,1,9,1.0
2024-03-23T20:51:18Z,26.554962,-77.083443,0.12,159.7,1,9,1.0
2024-03-23T20:51:23Z,26.554958,-77.083445,0.19,177.3,1,9,1.0
2024-03-23T20:51:28Z,26.554957,-77.083445,0.24,212.1,1,9,1.0
2024-03-23T20:51:33Z,26.554953,-77.083448,0.16,196.1,1,9,1.0
2024-03-23T20:51:43Z,26.554947,-77.083450,0.09,205.3,1,9,1.0
2024-03-23T20:51:48Z,26.554943,-77.083452,0.14,225.7,1,9,1.0
2024-03-23T20:51:53Z,26.554942,-77.083455,0.05,130.8,1,9,1.0
2024-03-23T20:51:58Z,26.554943,-77.083458,0.10,263.6,1,9,1.0
2024-03-23T20:52:03Z,26.554947,-77.083460,0.08,277.7,1,9,1.0
2024-03-23T20:52:08Z,26.554948,-77.083460,0.05,198.0,1,9,1.0
2024-03-23T20:52:18Z,26.554955,-77.083465,0.14,285.2,1,9,1.0
2024-03-23T20:52:23Z,26.554955,-77.083468,0.17,231.4,1,9,1.0
2024-03-23T20:52:28Z,26.554957,-77.083467,0.26,123.2,1,9,1.0
2024-03-23T20:52:33Z,26.554962,-77.083465,0.19,353.9,1,9,1.0
2024-03-23T20:52:38Z,26.554962,-77.083465,0.19,98.2,1,9,1.0
2024-03-23T20:52:43Z,26.554965,-77.083468,0.39,148.2,1,9,1.0
2024-03-23T20:52:53Z,26.554968,-77.083477,0.10,75.7,1,9,1.0
2024-03-23T20:52:58Z,26.554965,-77.083475,0.07,145.0,1,9,1.0
2024-03-23T20:53:03Z,26.554967,-77.083475,0.10,307.3,1,9,1.0
2024-03-23T20:53:08Z,26.554968,-77.083477,0.13,30.3,1,9,1.0
2024-03-23T20:53:13Z,26.554963,-77.083467,0.07,5.1,1,9,1.0
2024-03-23T20:53:18Z,26.554973,-77.083472,0.17,38.7,1,8,1.1
2024-03-23T20:53:28Z,26.554980,-77.083477,0.11,109.5,1,9,1.0
2024-03-23T20:53:33Z,26.554980,-77.083478,0.11,174.2,1,9,1.0
2024-03-23T20:53:38Z,26.554977,-77.083482,0.26,240.3,1,9,1.0
2024-03-23T20:53:43Z,26.554970,-77.083477,0.22,195.1,1,9,1.0
2024-03-23T20:53:48Z,26.554967,-77.083478,0.21,217.3,1,9,1.0
2024-03-23T20:53:53Z,26.554960,-77.083480,0.19,195.8,1,9,1.0
2024-03-23T20:54:03Z,26.554948,-77.083488,0.12,186.9,1,9,1.0
2024-03-23T20:54:08Z,26.554947,-77.083492,0.08,278.7,1,9,1.0
2024-03-23T20:54:13Z,26.554947,-77.083492,0.22,223.6,1,9,1.0
2024-03-23T20:54:18Z,26.554945,-77.083495,0.06,298.9,1,9,1.0
2024-03-23T20:54:23Z,26.554945,-77.083502,0.13,229.3,1,8,1.3
2024-03-23T20:54:28Z,26.554942,-77.083502,0.16,266.2,1,8,1.3
2024-03-23T20:54:38Z,26.554942,-77.083503,0.02,217.4,1,7,1.6
2024-03-23T20:54:43Z,26.554947,-77.083498,0.17,300.6,1,8,1.3
2024-03-23T20:54:48Z,26.554943,-77.083488,0.29,129.7,1,8,1.3
2024-03-23T20:54:53Z,26.554945,-77.083490,0.06,167.6,1,8,1.3
2024-03-23T20:54:58Z,26.554945,-77.083490,0.11,110.3,1,8,1.3
2024-03-23T20:55:03Z,26.554948,-77.083490,0.18,167.4,1,8,1.3
2024-03-23T20:55:13Z,26.554948,-77.083490,0.22,190.2,1,8,1.3
2024-03-23T20:55:18Z,26.554950,-77.083490,0.14,71.5,1,8,1.3
2024-03-23T20:55:23Z,26.554953,-77.083490,0.09,190.6,1,8,1.3
2024-03-23T20:55:28Z,26.554953,-77.083488,0.07,179.2,1,8,1.3
2024-03-23T20:55:33Z,26.554953,-77.083487,0.09,239.8,1,8,1.3
2024-03-23T20:55:38Z,26.554950,-77.083485,0.26,155.7,1,8,1.3
2024-03-23T20:55:48Z,26.554958,-77.083483,0.15,357.6,1,8,1.3
2024-03-23T20:55:53Z,26.554947,-77.083483,0.26,175.2,1,8,1.3
2024-03-23T20:55:58Z,26.554953,-77.083487,0.42,16.2,1,8,1.3
2024-03-23T20:56:03Z,26.554972,-77.083498,0.20,290.4,1,8,1.3
2024-03-23T20:56:08Z,26.554962,-77.083497,0.07,285.7,1,8,1.3
2024-03-23T20:56:13Z,26.554953,-77.083500,0.13,258.3,1,8,1.3
2024-03-23T20:56:23Z,26.554948,-77.083502,0.13,133.2,1,8,1.3
2024-03-23T20:56:28Z,26.554948,-77.083500,0.15,112.9,1,8,1.3
2024-03-23T20:56:33Z,26.554947,-77.083502,0.11,120.2,1,8,1.3
2024-03-23T20:56:38Z,26.554947,-77.083502,0.15,176.3,1,8,1.3
2024-03-23T20:56:43Z,26.554950,-77.083495,0.08,88.7,1,8,1.3
2024-03-23T20:56:48Z,26.554940,-77.083487,0.32,119.5,1,8,1.3
2024-03-23T20:56:58Z,26.554953,-77.083495,0.32,227.5,1,8,1.3
2024-03-23T20:57:03Z,26.554958,-77.083498,0.12,354.8,1,8,1.3
2024-03-23T20:57:08Z,26.554960,-77.083498,0.15,93.0,1,8,1.3
2024-03-23T20:57:13Z,26.554958,-77.083500,0.15,101.2,1,8,1.3
2024-03-23T20:57:18Z,26.554962,-77.083503,0.12,206.4,1,8,1.3
2024-03-23T20:57:23Z,26.554970,-77.083495,0.17,174.6,1,8,1.3
2024-03-23T20:57:33Z,26.554978,-77.083492,0.07,358.4,1,8,1.3
2024-03-23T20:57:38Z,26.554978,-77.083492,0.06,3.1,1,7,1.4
2024-03-23T20:57:43Z,26.554977,-77.083495,0.02,6.1,1,8,1.3
2024-03-23T20:57:48Z,26.554975,-77.083497,0.31,297.4,1,8,1.3
2024-03-23T20:57:53Z,26.554973,-77.083500,0.04,357.3,1,8,1.3
2024-03-23T20:57:58Z,26.554973,-77.083493,0.25,286.1,1,8,1.3
2024-03-23T20:58:08Z,26.554975,-77.083488,0.16,122.3,1,8,1.3
2024-03-23T20:58:13Z,26.554972,-77.083483,0.32,127.4,1,8,1.3
2024-03-23T20:58:18Z,26.554967,-77.083478,0.45,131.8,1,8,1.3
2024-03-23T20:58:23Z,26.554963,-77.083482,0.26,219.4,1,8,1.3
2024-03-23T20:58:28Z,26.554960,-77.083487,0.27,154.9,1,8,1.3
2024-03-23T20:58:33Z,26.554955,-77.083495,0.32,230.6,1,8,1.3
2024-03-23T20:58:43Z,26.554955,-77.083500,0.43,87.7,1,8,1.3
2024-03-23T20:58:48Z,26.554958,-77.083500,0.04,289.4,1,8,1.3
2024-03-23T20:58:53Z,26.554960,-77.083497,0.07,149.0,1,8,1.3
2024-03-23T20:58:58Z,26.554955,-77.083493,0.34,216.8,1,8,1.3
2024-03-23T20:59:03Z,26.554955,-77.083495,0.16,102.4,1,8,1.3
2024-03-23T20:59:08Z,26.554957,-77.083500,0.05,295.6,1,8,1.3
2024-03-23T20:59:18Z,26.554960,-77.083492,0.13,112.3,1,8,1.3
2024-03-23T20:59:23Z,26.554957,-77.083493,0.24,145.0,1,8,1.3
2024-03-23T20:59:28Z,26.554952,-77.083493,0.20,189.7,1,7,1.4
2024-03-23T20:59:33Z,26.554947,-77.083498,0.17,162.9,1,8,1.3
2024-03-23T20:59:38Z,26.554945,-77.083502,0.11,172.6,1,8,1.3
2024-03-23T20:59:43Z,26.554947,-77.083505,0.10,246.0,1,8,1.3
2024-03-23T20:59:53Z,26.554948,-77.083520,0.05,185.6,1,8,1.3
2024-03-23T20:59:58Z,26.554948,-77.083525,0.24,231.2,1,8,1.3
2024-03-23T21:00:03Z,26.554947,-77.083532,0.25,227.9,1,8,1.3
2024-03-23T21:00:08Z,26.554948,-77.083533,0.19,171.3,1,8,1.3
2024-03-23T21:00:13Z,26.554948,-77.083537,0.06,106.5,1,8,1.3
2024-03-23T21:00:18Z,26.554950,-77.083533,0.12,116.0,1,8,1.3
2024-03-23T21:00:28Z,26.554953,-77.083525,0.18,46.8,1,8,1.3
2024-03-23T21:00:33Z,26.554955,-77.083522,0.26,165.6,1,8,1.3
2024-03-23T21:00:38Z,26.554968,-77.083522,0.13,31.2,1,8,1.3
2024-03-23T21:00:43Z,26.554952,-77.083502,0.45,104.3,1,7,1.4
2024-03-23T21:00:48Z,26.554947,-77.083498,0.11,141.9,1,8,1.3
2024-03-23T21:00:53Z,26.554938,-77.083508,0.19,198.2,1,8,1.3
2024-03-23T21:01:03Z,26.554937,-77.083515,0.09,177.8,1,8,1.3
2024-03-23T21:01:08Z,26.554940,-77.083517,0.06,86.1,1,8,1.3
2024-03-23T21:01:13Z,26.554943,-77.083515,0.09,61.5,1,8,1.3
2024-03-23T21:01:18Z,26.554945,-77.083515,0.08,215.4,1,8,1.3
2024-03-23T21:01:23Z,26.554947,-77.083513,0.13,289.0,1,8,1.3
2024-03-23T21:01:28Z,26.554952,-77.083513,0.09,15.0,1,8,1.3
2024-03-23T21:01:38Z,26.554960,-77.083510,0.10,242.6,1,8,1.3
2024-03-23T21:01:43Z,26.554963,-77.083502,0.20,112.0,1,8,1.3
2024-03-23T21:01:48Z,26.554958,-77.083498,0.09,157.8,1,8,1.3
2024-03-23T21:01:53Z,26.554953,-77.083500,0.27,152.4,1,8,1.3
2024-03-23T21:01:58Z,26.554948,-77.083495,0.31,165.6,1,8,1.3
2024-03-23T21:02:03Z,26.554947,-77.083498,0.31,198.7,1,8,1.3
2024-03-23T21:02:13Z,26.554947,-77.083485,0.23,99.4,1,8,1.3
2024-03-23T21:02:18Z,26.554953,-77.083480,0.52,91.5,1,8,1.3
2024-03-23T21:02:23Z,26.554943,-77.083485,0.39,105.0,1,8,1.3
2024-03-23T21:02:28Z,26.554932,-77.083497,0.40,204.8,1,8,1.3
2024-03-23T21:02:33Z,26.554932,-77.083495,0.49,202.3,1,8,1.3
2024-03-23T21:02:38Z,26.554933,-77.083503,0.07,103.5,1,8,1.3
2024-03-23T21:02:48Z,26.554940,-77.083485,0.13,42.4,1,8,1.3
2024-03-23T21:02:53Z,26.554943,-77.083490,0.21,359.8,1,8,1.3
2024-03-23T21:02:58Z,26.554940,-77.083492,0.23,97.9,1,8,1.3
2024-03-23T21:03:03Z,26.554940,-77.083487,0.72,359.5,1,8,1.3
2024-03-23T21:03:08Z,26.554948,-77.083490,0.25,115.5,1,8,1.3
2024-03-23T21:03:13Z,26.554952,-77.083492,0.08,80.3,1,8,1.3
2024-03-23T21:03:18Z,26.554952,-77.083482,0.19,168.4,1,8,1.3
2024-03-23T21:03:23Z,26.554952,-77.083487,0.04,125.3,1,8,1.3
2024-03-23T21:03:28Z,26.554952,-77.083488,0.07,47.0,1,8,1.3
2024-03-23T21:03:33Z,26.554952,-77.083488,0.11,80.9,1,8,1.3
2024-03-23T21:03:38Z,26.554953,-77.083487,0.11,83.9,1,8,1.3
2024-03-23T21:03:43Z,26.554952,-77.083485,0.09,110.0,1,8,1.3
2024-03-23T21:03:53Z,26.554953,-77.083480,0.09,111.5,1,8,1.3
2024-03-23T21:03:58Z,26.554955,-77.083480,0.10,90.3,1,8,1.3
2024-03-23T21:04:03Z,26.554953,-77.083478,0.10,119.5,1,8,1.3
2024-03-23T21:04:08Z,26.554950,-77.083478,0.11,105.4,1,8,1.3
2024-03-23T21:04:13Z,26.554947,-77.083472,0.08,134.3,1,8,1.3
2024-03-23T21:04:18Z,26.554950,-77.083467,0.14,83.2,1,7,1.4
2024-03-23T21:04:28Z,26.554967,-77.083482,0.74,208.3,1,8,1.3
2024-03-23T21:04:33Z,26.554945,-77.083508,0.22,241.7,1,8,1.3
2024-03-23T21:04:38Z,26.554957,-77.083528,0.45,295.0,1,8,1.3
2024-03-23T21:04:43Z,26.554962,-77.083518,0.26,346.0,1,8,1.3
2024-03-23T21:04:48Z,26.554953,-77.083498,0.37,192.6,1,8,1.3
2024-03-23T21:04:53Z,26.554948,-77.083497,0.14,290.5,1,8,1.3
2024-03-23T21:05:03Z,26.554937,-77.083485,0.29,182.9,1,8,1.3
2024-03-23T21:05:08Z,26.554942,-77.083483,0.31,78.1,1,8,1.3
2024-03-23T21:05:13Z,26.554950,-77.083490,0.41,206.2,1,8,1.3
2024-03-23T21:05:18Z,26.554952,-77.083493,0.13,35.3,1,7,1.4
2024-03-23T21:05:23Z,26.554952,-77.083498,0.08,207.3,1,8,1.3
2024-03-23T21:05:28Z,26.554953,-77.083480,0.07,264.1,1,8,1.3
2024-03-23T21:05:33Z,26.554953,-77.083470,0.30,199.4,1,8,1.3
2024-03-23T21:05:38Z,26.554952,-77.083465,0.20,144.5,1,8,1.3
2024-03-23T21:05:43Z,26.554950,-77.083462,0.55,156.2,1,8,1.3
2024-03-23T21:05:48Z,26.554947,-77.083465,0.20,149.3,1,8,1.3
2024-03-23T21:05:53Z,26.554947,-77.083468,0.10,144.5,1,8,1.3
2024-03-23T21:05:58Z,26.554948,-77.083470,0.13,141.5,1,8,1.3
2024-03-23T21:06:08Z,26.554950,-77.083467,0.19,63.2,1,8,1.3
2024-03-23T21:06:13Z,26.554952,-77.083465,0.21,29.5,1,8,1.3
2024-03-23T21:06:18Z,26.554953,-77.083465,0.00,104.0,1,8,1.3
2024-03-23T21:06:23Z,26.554955,-77.083465,0.16,39.5,1,8,1.3
2024-03-23T21:06:28Z,26.554960,-77.083462,0.14,60.6,1,8,1.3
2024-03-23T21:06:33Z,26.554962,-77.083460,0.08,146.0,1,8,1.4
2024-03-23T21:06:43Z,26.554960,-77.083448,0.26,127.6,1,8,1.4
2024-03-23T21:06:48Z,26.554955,-77.083462,0.17,205.6,1,8,1.4
2024-03-23T21:06:53Z,26.554960,-77.083467,0.13,255.9,1,8,1.4
2024-03-23T21:06:58Z,26.554960,-77.083467,0.34,221.4,1,8,1.4
2024-03-23T21:07:03Z,26.554960,-77.083473,0.27,151.7,1,8,1.4
2024-03-23T21:07:08Z,26.554960,-77.083483,0.43,272.0,1,8,1.4
2024-03-23T21:07:18Z,26.554953,-77.083488,0.08,167.2,1,8,1.4
2024-03-23T21:07:23Z,26.554952,-77.083487,0.11,213.1,1,8,1.4
2024-03-23T21:07:28Z,26.554952,-77.083492,0.08,217.6,1,8,1.4
2024-03-23T21:07:33Z,26.554950,-77.083498,0.51,253.2,1,8,1.4
2024-03-23T21:07:38Z,26.554950,-77.083505,0.14,289.8,1,8,1.4
2024-03-23T21:07:43Z,26.554952,-77.083510,0.12,257.1,1,8,1.4
2024-03-23T21:07:53Z,26.554953,-77.083527,0.27,256.2,1,8,1.4
2024-03-23T21:07:58Z,26.554957,-77.083528,0.17,82.3,1,8,1.4
2024-03-23T21:08:03Z,26.554957,-77.083525,0.43,104.5,1,8,1.4
2024-03-23T21:08:08Z,26.554957,-77.083503,0.12,347.1,1,8,1.4
2024-03-23T21:08:13Z,26.554958,-77.083500,0.09,46.7,1,8,1.4
2024-03-23T21:08:18Z,26.554980,-77.083500,0.37,0.9,1,8,1.4
2024-03-23T21:08:28Z,26.554965,-77.083483,0.21,64.9,1,9,1.1
2024-03-23T21:08:33Z,26.554965,-77.083477,0.20,100.8,1,9,1.1
2024-03-23T21:08:38Z,26.554965,-77.083473,0.22,107.8,1,9,1.1
2024-03-23T21:08:43Z,26.554967,-77.083470,0.21,134.3,1,9,1.1
2024-03-23T21:08:48Z,26.554965,-77.083470,0.25,163.5,1,9,1.1
2024-03-23T21:08:53Z,26.554965,-77.083470,0.17,92.0,1,9,1.1
2024-03-23T21:08:58Z,26.554968,-77.083467,0.16,119.8,1,9,1.1
2024-03-23T21:09:03Z,26.554970,-77.083463,0.28,70.5,1,9,1.1
2024-03-23T21:09:08Z,26.554972,-77.083462,0.32,75.2,1,9,1.1
2024-03-23T21:09:13Z,26.554975,-77.083460,0.13,92.5,1,9,1.1
2024-03-23T21:09:18Z,26.554977,-77.083457,0.23,106.4,1,9,1.1
2024-03-23T21:09:23Z,26.554968,-77.083457,0.08,235.9,1,9,1.1
2024-03-23T21:09:28Z,26.554963,-77.083453,0.18,67.8,1,9,1.1
2024-03-23T21:09:38Z,26.554963,-77.083448,0.18,59.3,1,9,1.1
2024-03-23T21:09:43Z,26.554965,-77.083442,0.14,127.3,1,9,1.1
2024-03-23T21:09:48Z,26.554968,-77.083448,0.10,197.6,1,9,1.1
2024-03-23T21:09:53Z,26.554975,-77.083447,0.18,17.7,1,9,1.1
2024-03-23T21:09:58Z,26.554973,-77.083452,0.09,118.3,1,8,1.3
2024-03-23T21:10:03Z,26.554972,-77.083453,0.30,116.0,1,9,1.1
2024-03-23T21:10:13Z,26.554965,-77.083463,0.32,134.9,1,9,1.1
2024-03-23T21:10:18Z,26.554960,-77.083457,0.21,146.9,1,9,1.1
2024-03-23T21:10:23Z,26.554958,-77.083457,0.06,235.2,1,9,1.1
2024-03-23T21:10:28Z,26.554957,-77.083453,0.11,309.0,1,9,1.1
2024-03-23T21:10:33Z,26.554957,-77.083452,0.07,26.9,1,9,1.1
2024-03-23T21:10:38Z,26.554957,-77.083457,0.36,257.1,1,9,1.1
2024-03-23T21:10:43Z,26.554958,-77.083458,0.19,107.0,1,8,1.3
2024-03-23T21:10:48Z,26.554960,-77.083457,0.17,328.0,1,8,1.3
2024-03-23T21:10:53Z,26.554960,-77.083452,0.23,114.5,1,9,1.1
2024-03-23T21:10:58Z,26.554955,-77.083448,0.16,185.9,1,9,1.1
2024-03-23T21:11:03Z,26.554965,-77.083447,0.14,3.4,1,9,1.1
2024-03-23T21:11:08Z,26.554977,-77.083455,0.30,58.1,1,9,1.1
2024-03-23T21:11:13Z,26.554982,-77.083458,0.11,10.0,1,9,1.1
2024-03-23T21:11:23Z,26.554997,-77.083452,0.20,354.3,1,9,1.1
2024-03-23T21:11:28Z,26.554997,-77.083443,0.33,59.0,1,9,1.1
2024-03-23T21:11:33Z,26.555005,-77.083437,0.50,33.1,1,9,1.1
2024-03-23T21:11:38Z,26.554998,-77.083428,0.39,104.3,1,9,1.1
2024-03-23T21:11:43Z,26.554983,-77.083423,0.19,153.1,1,9,1.1
2024-03-23T21:11:48Z,26.554973,-77.083417,0.37,187.2,1,9,1.1
2024-03-23T21:11:58Z,26.554960,-77.083413,0.33,164.0,1,9,1.1
2024-03-23T21:12:03Z,26.554952,-77.083410,0.17,122.8,1,9,1.1
2024-03-23T21:12:08Z,26.554950,-77.083410,0.08,194.3,1,9,1.1
2024-03-23T21:12:13Z,26.554952,-77.083412,0.11,195.1,1,9,1.1
2024-03-23T21:12:18Z,26.554955,-77.083410,0.08,93.5,1,9,1.1
2024-03-23T21:12:23Z,26.554955,-77.083408,0.04,174.2,1,9,1.1
2024-03-23T21:12:33Z,26.554953,-77.083408,0.23,251.0,1,8,1.3
2024-03-23T21:12:38Z,26.554953,-77.083408,0.10,112.0,1,9,1.1
2024-03-23T21:12:43Z,26.554953,-77.083407,0.35,90.3,1,9,1.1
2024-03-23T21:12:48Z,26.554953,-77.083407,0.31,224.7,1,9,1.1
2024-03-23T21:12:53Z,26.554952,-77.083410,0.07,176.3,1,9,1.1
2024-03-23T21:12:58Z,26.554953,-77.083410,0.03,71.0,1,9,1.1
2024-03-23T21:13:08Z,26.554958,-77.083413,0.16,59.3,1,9,1.2
2024-03-23T21:13:13Z,26.554960,-77.083408,0.11,51.8,1,9,1.2
2024-03-23T21:13:18Z,26.554963,-77.083405,0.26,88.5,1,9,1.2
2024-03-23T21:13:23Z,26.554960,-77.083403,0.26,149.7,1,9,1.2
2024-03-23T21:13:28Z,26.554958,-77.083402,0.23,127.1,1,9,1.2
2024-03-23T21:13:33Z,26.554957,-77.083400,0.14,125.6,1,9,1.2
2024-03-23T21:13:43Z,26.554957,-77.083397,0.21,118.8,1,9,1.2
2024-03-23T21:13:48Z,26.554957,-77.083392,0.19,116.8,1,10,0.9
2024-03-23T21:13:53Z,26.554957,-77.083388,0.22,137.9,1,10,0.9
2024-03-23T21:13:58Z,26.554953,-77.083378,0.37,130.8,1,10,0.9
2024-03-23T21:14:03Z,26.554948,-77.083375,0.33,133.0,1,10,0.9
2024-03-23T21:14:08Z,26.554945,-77.083370,0.33,140.6,1,10,0.9
2024-03-23T21:14:18Z,26.554938,-77.083362,0.50,128.4,1,10,0.9
2024-03-23T21:14:23Z,26.554940,-77.083360,0.19,107.8,1,9,1.2
2024-03-23T21:14:28Z,26.554943,-77.083357,0.35,115.2,1,10,0.9
2024-03-23T21:14:33Z,26.554945,-77.083355,0.17,61.7,1,10,0.9
2024-03-23T21:14:38Z,26.554948,-77.083352,0.02,10.8,1,10,0.9
2024-03-23T21:14:43Z,26.554945,-77.083352,0.49,122.5,1,10,0.9
2024-03-23T21:14:48Z,26.554938,-77.083350,0.09,202.0,1,10,0.9
2024-03-23T21:14:53Z,26.554937,-77.083352,0.17,154.8,1,10,0.9
2024-03-23T21:14:58Z,26.554943,-77.083352,0.18,131.6,1,10,0.9
2024-03-23T21:15:03Z,26.554943,-77.083352,0.16,116.4,1,10,0.9
2024-03-23T21:15:08Z,26.554945,-77.083347,0.23,13.0,1,9,1.2
2024-03-23T21:15:13Z,26.554947,-77.083342,0.09,119.5,1,10,0.9
2024-03-23T21:15:18Z,26.554945,-77.083342,0.35,293.8,1,10,0.9
2024-03-23T21:15:28Z,26.554958,-77.083352,0.41,309.3,1,9,1.2
2024-03-23T21:15:33Z,26.554962,-77.083362,0.17,115.8,1,10,0.9
2024-03-23T21:15:38Z,26.554957,-77.083365,0.54,158.6,1,10,0.9
2024-03-23T21:15:43Z,26.554955,-77.083363,0.23,171.3,1,10,0.9
2024-03-23T21:15:48Z,26.554952,-77.083370,0.21,193.5,1,9,1.2
2024-03-23T21:15:53Z,26.554952,-77.083375,0.04,164.1,1,10,0.9
2024-03-23T21:15:58Z,26.554958,-77.083382,0.11,55.4,1,10,0.9
2024-03-23T21:16:03Z,26.554963,-77.083387,0.18,320.0,1,10,0.9
2024-03-23T21:16:08Z,26.554970,-77.083388,0.22,21.8,1,10,0.9
2024-03-23T21:16:13Z,26.554973,-77.083388,0.14,34.6,1,10,0.9
2024-03-23T21:16:18Z,26.554978,-77.083388,0.21,79.3,1,9,1.2
2024-03-23T21:16:23Z,26.554980,-77.083388,0.15,29.5,1,10,0.9
2024-03-23T21:16:28Z,26.554978,-77.083382,0.38,140.7,1,9,1.2
2024-03-23T21:16:38Z,26.554965,-77.083368,0.14,100.9,1,10,0.9
2024-03-23T21:16:43Z,26.554962,-77.083363,0.20,76.4,1,10,0.9
2024-03-23T21:16:48Z,26.554955,-77.083365,0.25,129.8,1,9,1.2
2024-03-23T21:16:53Z,26.554952,-77.083365,0.10,195.4,1,9,1.2
2024-03-23T21:16:58Z,26.554948,-77.083368,0.20,128.1,1,10,0.9
2024-03-23T21:17:03Z,26.554948,-77.083368,0.24,97.8,1,10,0.9
2024-03-23T21:17:13Z,26.554952,-77.083363,0.14,77.5,1,10,0.9
2024-03-23T21:17:18Z,26.554953,-77.083360,0.07,241.6,1,9,1.2
2024-03-23T21:17:23Z,26.554953,-77.083358,0.14,101.5,1,10,0.9
2024-03-23T21:17:28Z,26.554953,-77.083355,0.31,130.1,1,10,0.9
2024-03-23T21:17:33Z,26.554953,-77.083353,0.01,355.9,1,10,0.9
2024-03-23T21:17:38Z,26.554948,-77.083352,0.16,214.2,1,10,0.9
2024-03-23T21:17:43Z,26.554950,-77.083355,0.26,178.6,1,9,1.2
2024-03-23T21:17:48Z,26.554948,-77.083353,0.15,141.5,1,9,1.2
2024-03-23T21:17:53Z,26.554947,-77.083350,0.22,257.8,1,9,1.2
2024-03-23T21:17:58Z,26.554943,-77.083353,0.26,218.9,1,8,1.3
2024-03-23T21:18:03Z,26.554942,-77.083360,0.14,261.0,1,9,1.2
2024-03-23T21:18:08Z,26.554940,-77.083365,0.26,221.7,1,9,1.2
2024-03-23T21:18:13Z,26.554938,-77.083368,0.13,201.2,1,9,1.2
2024-03-23T21:18:23Z,26.554938,-77.083372,0.73,113.5,1,9,1.2
2024-03-23T21:18:28Z,26.554942,-77.083380,0.09,318.6,1,10,0.9
2024-03-23T21:18:33Z,26.554943,-77.083387,0.18,111.7,1,10,0.9
2024-03-23T21:18:38Z,26.554940,-77.083390,0.36,301.2,1,10,0.9
2024-03-23T21:18:43Z,26.554943,-77.083393,0.04,64.0,1,9,1.2
2024-03-23T21:18:48Z,26.554947,-77.083390,0.23,80.7,1,9,1.2
2024-03-23T21:18:58Z,26.554948,-77.083383,0.39,113.4,1,10,0.9
2024-03-23T21:19:03Z,26.554953,-77.083387,0.19,303.4,1,10,0.9
2024-03-23T21:19:08Z,26.554960,-77.083390,0.32,72.5,1,10,0.9
2024-03-23T21:19:13Z,26.554960,-77.083387,0.20,115.1,1,10,0.9
2024-03-23T21:19:18Z,26.554958,-77.083397,0.05,342.6,1,10,0.9
2024-03-23T21:19:23Z,26.554957,-77.083400,0.15,146.2,1,10,0.9
2024-03-23T21:19:28Z,26.554953,-77.083403,0.10,30.5,1,10,0.9
2024-03-23T21:19:33Z,26.554953,-77.083408,0.10,192.5,1,10,0.9
2024-03-23T21:19:38Z,26.554952,-77.083412,0.02,96.3,1,9,1.2
2024-03-23T21:19:43Z,26.554955,-77.083405,0.07,93.4,1,9,1.2
2024-03-23T21:19:48Z,26.554957,-77.083393,0.18,98.0,1,9,1.2
2024-03-23T21:19:53Z,26.554962,-77.083398,0.13,88.6,1,9,1.2
2024-03-23T21:19:58Z,26.554962,-77.083398,0.27,116.7,1,9,1.2
2024-03-23T21:20:08Z,26.554950,-77.083388,0.27,138.4,1,9,1.2
2024-03-23T21:20:13Z,26.554945,-77.083385,0.39,202.8,1,10,0.9
2024-03-23T21:20:18Z,26.554942,-77.083380,0.16,132.4,1,10,0.9
2024-03-23T21:20:23Z,26.554943,-77.083375,0.20,66.3,1,10,0.9
2024-03-23T21:20:28Z,26.554945,-77.083372,0.33,284.5,1,10,0.9
2024-03-23T21:20:33Z,26.554953,-77.083378,0.20,331.8,1,10,0.9
2024-03-23T21:20:43Z,26.554963,-77.083375,0.36,129.0,1,10,0.9
2024-03-23T21:20:48Z,26.554958,-77.083370,0.17,161.0,1,10,0.9
2024-03-23T21:20:53Z,26.554955,-77.083373,0.20,196.8,1,10,0.9
2024-03-23T21:20:58Z,26.554955,-77.083380,0.39,255.5,1,10,0.9
2024-03-23T21:21:03Z,26.554952,-77.083385,0.47,149.6,1,10,0.9
2024-03-23T21:21:08Z,26.554948,-77.083390,0.12,219.8,1,10,0.9
2024-03-23T21:21:18Z,26.554947,-77.083400,0.41,288.7,1,10,0.9
2024-03-23T21:21:23Z,26.554948,-77.083407,0.12,306.2,1,10,0.9
2024-03-23T21:21:28Z,26.554947,-77.083408,0.07,270.8,1,10,0.9
2024-03-23T21:21:33Z,26.554947,-77.083412,0.09,343.6,1,10,0.9
2024-03-23T21:21:38Z,26.554947,-77.083412,0.06,40.0,1,9,0.9
2024-03-23T21:21:43Z,26.554947,-77.083408,0.12,99.7,1,10,0.9
2024-03-23T21:21:48Z,26.554953,-77.083407,0.25,343.1,1,10,0.9
2024-03-23T21:21:53Z,26.554955,-77.083412,0.09,153.0,1,10,0.9
2024-03-23T21:21:58Z,26.554953,-77.083420,0.20,8.5,1,10,0.9
2024-03-23T21:22:03Z,26.554953,-77.083420,0.09,53.9,1,10,0.9
2024-03-23T21:22:08Z,26.554953,-77.083415,0.19,343.2,1,10,0.9
2024-03-23T21:22:13Z,26.554957,-77.083413,0.16,23.9,1,10,0.9
2024-03-23T21:22:18Z,26.554957,-77.083412,0.40,113.1,1,10,0.9
2024-03-23T21:22:23Z,26.554958,-77.083412,0.37,122.7,1,9,0.9
2024-03-23T21:22:28Z,26.554958,-77.083410,0.16,347.4,1,10,0.9
2024-03-23T21:22:33Z,26.554962,-77.083407,0.36,104.4,1,10,0.9
2024-03-23T21:22:38Z,26.554962,-77.083405,0.11,69.8,1,10,0.9
2024-03-23T21:22:43Z,26.554962,-77.083402,0.08,257.5,1,10,0.9
2024-03-23T21:22:48Z,26.554958,-77.083402,0.19,140.7,1,10,0.9
2024-03-23T21:22:53Z,26.554953,-77.083403,0.24,113.0,1,10,0.9
2024-03-23T21:23:03Z,26.554948,-77.083408,0.18,210.9,1,9,1.2
2024-03-23T21:23:08Z,26.554948,-77.083412,0.20,312.4,1,10,0.9
2024-03-23T21:23:13Z,26.554950,-77.083417,0.06,271.6,1,9,1.0
2024-03-23T21:23:18Z,26.554950,-77.083418,0.24,81.0,1,10,0.9
2024-03-23T21:23:23Z,26.554950,-77.083418,0.11,116.5,1,10,0.9
2024-03-23T21:23:28Z,26.554947,-77.083420,0.09,276.1,1,10,0.9
2024-03-23T21:23:33Z,26.554947,-77.083427,0.30,222.9,1,10,0.9
2024-03-23T21:23:38Z,26.554938,-77.083435,0.22,278.9,1,10,0.9
2024-03-23T21:23:43Z,26.554937,-77.083440,0.25,216.4,1,10,0.9
2024-03-23T21:23:48Z,26.554938,-77.083442,0.21,210.9,1,10,0.9
2024-03-23T21:23:53Z,26.554945,-77.083443,0.24,272.3,1,10,0.9
2024-03-23T21:23:58Z,26.554948,-77.083447,0.13,51.4,1,10,0.9
2024-03-23T21:24:03Z,26.554952,-77.083448,0.17,2.0,1,10,0.9
2024-03-23T21:24:08Z,26.554950,-77.083442,0.20,82.5,1,10,0.9
2024-03-23T21:24:13Z,26.554955,-77.083437,0.29,70.5,1,10,0.9
2024-03-23T21:24:18Z,26.554967,-77.083425,0.13,88.8,1,9,1.2
2024-03-23T21:24:23Z,26.554970,-77.083418,0.35,111.2,1,10,0.9
2024-03-23T21:24:28Z,26.554972,-77.083413,0.13,88.2,1,10,0.9
2024-03-23T21:24:33Z,26.554970,-77.083417,0.45,171.7,1,10,0.9
2024-03-23T21:24:38Z,26.554968,-77.083412,0.19,130.2,1,10,0.9
2024-03-23T21:24:48Z,26.554980,-77.083412,0.30,9.7,1,10,0.9
2024-03-23T21:24:53Z,26.554983,-77.083408,0.14,79.1,1,10,0.9
2024-03-23T21:24:58Z,26.554987,-77.083408,0.21,0.2,1,10,0.9
2024-03-23T21:25:03Z,26.554983,-77.083413,0.21,226.3,1,10,0.9
2024-03-23T21:25:08Z,26.554982,-77.083422,0.16,213.6,1,10,0.9
2024-03-23T21:25:13Z,26.554980,-77.083430,0.13,255.3,1,9,1.2
2024-03-23T21:25:18Z,26.554973,-77.083435,0.20,282.4,1,10,0.9
2024-03-23T21:25:23Z,26.554975,-77.083428,0.30,283.2,1,10,0.9
2024-03-23T21:25:28Z,26.554975,-77.083432,0.04,105.0,1,10,0.9
2024-03-23T21:25:33Z,26.554973,-77.083433,0.38,92.5,1,10,0.9
2024-03-23T21:25:38Z,26.554973,-77.083438,0.17,135.1,1,10,0.9
2024-03-23T21:25:43Z,26.554970,-77.083442,0.06,34.1,1,10,0.9
2024-03-23T21:25:48Z,26.554972,-77.083443,0.14,248.2,1,10,0.9
2024-03-23T21:25:53Z,26.554972,-77.083447,0.19,188.1,1,10,0.9
2024-03-23T21:25:58Z,26.554970,-77.083448,0.16,192.8,1,10,0.9
2024-03-23T21:26:03Z,26.554970,-77.083452,0.44,280.5,1,10,0.9
2024-03-23T21:26:08Z,26.554968,-77.083457,0.12,227.7,1,10,0.9
2024-03-23T21:26:13Z,26.554967,-77.083457,0.21,164.7,1,10,0.9
2024-03-23T21:26:18Z,26.554965,-77.083460,0.09,72.8,1,10,0.9
2024-03-23T21:26:23Z,26.554963,-77.083463,0.13,82.1,1,10,0.9
2024-03-23T21:26:28Z,26.554962,-77.083462,0.20,58.9,1,10,0.9
2024-03-23T21:26:33Z,26.554962,-77.083457,0.17,44.9,1,10,0.9
2024-03-23T21:26:38Z,26.554970,-77.083448,0.19,13.7,1,10,0.9
2024-03-23T21:26:43Z,26.554982,-77.083448,0.16,79.3,1,10,0.9
2024-03-23T21:26:48Z,26.554975,-77.083442,0.23,118.5,1,10,0.9
2024-03-23T21:26:53Z,26.554978,-77.083435,0.32,116.0,1,10,0.9
2024-03-23T21:26:58Z,26.554982,-77.083435,0.18,80.4,1,10,0.9
2024-03-23T21:27:08Z,26.554983,-77.083428,0.11,93.3,1,10,0.9
2024-03-23T21:27:13Z,26.554987,-77.083422,0.30,24.4,1,10,0.9
2024-03-23T21:27:18Z,26.554987,-77.083413,0.43,12.0,1,10,0.9
2024-03-23T21:27:23Z,26.554990,-77.083413,0.29,101.3,1,10,0.9
2024-03-23T21:27:28Z,26.554985,-77.083403,0.33,137.7,1,10,0.9
2024-03-23T21:27:33Z,26.554978,-77.083403,0.21,194.8,1,10,0.9
2024-03-23T21:27:38Z,26.554975,-77.083410,0.21,274.1,1,10,0.9
2024-03-23T21:27:43Z,26.554970,-77.083410,0.08,268.4,1,10,0.9
2024-03-23T21:27:48Z,26.554967,-77.083413,0.28,106.0,1,10,0.9
2024-03-23T21:27:53Z,26.554963,-77.083410,0.29,140.2,1,10,0.9
2024-03-23T21:27:58Z,26.554962,-77.083408,0.23,109.2,1,10,0.9
2024-03-23T21:28:03Z,26.554962,-77.083410,0.15,113.5,1,10,0.9
2024-03-23T21:28:08Z,26.554960,-77.083413,0.15,292.1,1,10,0.9
2024-03-23T21:28:13Z,26.554960,-77.083417,0.33,125.0,1,10,0.9
2024-03-23T21:28:18Z,26.554962,-77.083417,0.35,328.3,1,10,0.9
2024-03-23T21:28:23Z,26.554963,-77.083418,0.17,271.9,1,10,0.9
2024-03-23T21:28:28Z,26.554963,-77.083417,0.08,20.1,1,10,0.9
2024-03-23T21:28:33Z,26.554965,-77.083418,0.04,167.6,1,10,0.9
2024-03-23T21:28:38Z,26.554965,-77.083420,0.06,29.4,1,10,0.9
2024-03-23T21:28:43Z,26.554967,-77.083425,0.16,184.2,1,10,0.9
2024-03-23T21:28:48Z,26.554963,-77.083427,0.14,180.1,1,10,0.9
2024-03-23T21:28:53Z,26.554960,-77.083433,0.18,167.8,1,10,0.9
2024-03-23T21:28:58Z,26.554958,-77.083437,0.09,205.0,1,10,0.9
2024-03-23T21:29:03Z,26.554955,-77.083438,0.11,273.5,1,10,0.9
2024-03-23T21:29:08Z,26.554953,-77.083438,0.41,94.6,1,10,0.9
2024-03-23T21:29:13Z,26.554953,-77.083438,0.26,121.6,1,10,0.9
2024-03-23T21:29:18Z,26.554957,-77.083440,0.11,156.6,1,10,0.9
2024-03-23T21:29:23Z,26.554955,-77.083438,0.29,89.9,1,10,0.9
2024-03-23T21:29:28Z,26.554948,-77.083435,0.18,84.2,1,10,0.9
2024-03-23T21:29:33Z,26.554950,-77.083430,0.15,61.1,1,10,0.9
2024-03-23T21:29:38Z,26.554950,-77.083420,0.25,105.7,1,10,0.9
2024-03-23T21:29:43Z,26.554953,-77.083417,0.15,131.1,1,10,0.9
2024-03-23T21:29:48Z,26.554950,-77.083418,0.21,122.2,1,10,0.9
2024-03-23T21:29:53Z,26.554945,-77.083415,0.26,131.4,1,10,0.9
2024-03-23T21:29:58Z,26.554947,-77.083410,0.28,113.0,1,10,0.9
2024-03-23T21:30:03Z,26.554952,-77.083403,0.46,113.6,1,10,0.9
2024-03-23T21:30:08Z,26.554952,-77.083390,0.23,113.4,1,10,0.9
2024-03-23T21:30:13Z,26.554950,-77.083378,0.33,113.7,1,10,0.9
2024-03-23T21:30:18Z,26.554948,-77.083372,0.14,5.7,1,10,0.9
2024-03-23T21:30:23Z,26.554942,-77.083358,0.37,108.0,1,10,0.9
2024-03-23T21:30:28Z,26.554942,-77.083362,0.11,136.5,1,10,0.9
2024-03-23T21:30:38Z,26.554945,-77.083367,0.09,203.5,1,10,0.9
2024-03-23T21:30:43Z,26.554943,-77.083365,0.08,174.0,1,10,0.9
2024-03-23T21:30:48Z,26.554943,-77.083365,0.15,162.6,1,9,1.2
2024-03-23T21:30:53Z,26.554943,-77.083365,0.25,149.3,1,10,0.9
2024-03-23T21:30:58Z,26.554942,-77.083365,0.09,125.7,1,10,0.9
2024-03-23T21:31:03Z,26.554942,-77.083368,0.15,185.7,1,10,0.9
2024-03-23T21:31:13Z,26.554942,-77.083375,0.36,134.1,1,10,0.9
2024-03-23T21:31:18Z,26.554942,-77.083372,0.07,139.1,1,10,0.9
2024-03-23T21:31:23Z,26.554942,-77.083373,0.13,331.7,1,10,0.9
2024-03-23T21:31:28Z,26.554943,-77.083375,0.24,330.9,1,10,0.9
2024-03-23T21:31:33Z,26.554948,-77.083382,0.10,246.7,1,10,0.9
2024-03-23T21:31:38Z,26.554948,-77.083385,0.15,168.6,1,10,0.9
2024-03-23T21:31:43Z,26.554947,-77.083390,0.15,151.0,1,10,0.9
2024-03-23T21:31:48Z,26.554945,-77.083393,0.25,272.9,1,10,0.9
2024-03-23T21:31:53Z,26.554945,-77.083398,0.13,299.5,1,10,0.9
2024-03-23T21:31:58Z,26.554945,-77.083403,0.24,137.3,1,10,0.9
2024-03-23T21:32:03Z,26.554945,-77.083417,0.27,266.7,1,10,0.9
2024-03-23T21:32:08Z,26.554945,-77.083415,0.64,96.1,1,10,0.9
2024-03-23T21:32:13Z,26.554947,-77.083412,0.26,28.1,1,10,0.9
2024-03-23T21:32:18Z,26.554953,-77.083413,0.16,339.3,1,10,0.9
2024-03-23T21:32:23Z,26.554957,-77.083412,0.18,8.8,1,10,0.9
2024-03-23T21:32:28Z,26.554958,-77.083415,0.21,227.1,1,10,0.9
2024-03-23T21:32:33Z,26.554958,-77.083420,0.25,155.8,1,10,0.9
2024-03-23T21:32:38Z,26.554958,-77.083418,0.15,33.8,1,10,0.9
2024-03-23T21:32:43Z,26.554960,-77.083412,0.25,64.6,1,10,0.9
2024-03-23T21:32:48Z,26.554960,-77.083405,0.28,58.5,1,10,0.9
2024-03-23T21:32:53Z,26.554962,-77.083398,0.26,102.0,1,10,0.9
2024-03-23T21:32:58Z,26.554960,-77.083392,0.21,93.5,1,10,0.9
2024-03-23T21:33:03Z,26.554960,-77.083390,0.20,117.2,1,10,0.9
2024-03-23T21:33:08Z,26.554958,-77.083388,0.28,154.1,1,10,0.9
2024-03-23T21:33:13Z,26.554958,-77.083387,0.13,45.8,1,10,0.9
2024-03-23T21:33:18Z,26.554955,-77.083387,0.05,188.0,1,10,0.9
2024-03-23T21:33:23Z,26.554952,-77.083385,0.14,129.2,1,10,0.9
2024-03-23T21:33:33Z,26.554950,-77.083385,0.12,77.9,1,10,0.9
2024-03-23T21:33:38Z,26.554948,-77.083383,0.71,123.3,1,10,0.9
2024-03-23T21:33:43Z,26.554948,-77.083385,0.42,290.5,1,10,0.9
2024-03-23T21:33:48Z,26.554950,-77.083390,0.14,303.7,1,10,0.9
2024-03-23T21:33:53Z,26.554950,-77.083395,0.19,163.7,1,10,0.9
2024-03-23T21:33:58Z,26.554950,-77.083397,0.19,162.2,1,10,0.9
2024-03-23T21:34:08Z,26.554947,-77.083398,0.13,186.3,1,9,1.2
2024-03-23T21:34:13Z,26.554945,-77.083397,0.09,145.7,1,10,0.9
2024-03-23T21:34:18Z,26.554947,-77.083400,0.10,324.4,1,10,0.9
2024-03-23T21:34:23Z,26.554950,-77.083402,0.13,1.6,1,10,0.9
2024-03-23T21:34:28Z,26.554952,-77.083402,0.06,324.0,1,10,0.9
2024-03-23T21:34:33Z,26.554955,-77.083402,0.20,356.6,1,10,0.9
2024-03-23T21:34:38Z,26.554958,-77.083402,0.03,48.9,1,9,1.2
2024-03-23T21:34:43Z,26.554960,-77.083403,0.21,82.6,1,10,0.9
2024-03-23T21:34:48Z,26.554960,-77.083405,0.16,181.4,1,10,0.9
2024-03-23T21:34:53Z,26.554958,-77.083402,0.25,122.1,1,10,0.9
2024-03-23T21:34:58Z,26.554952,-77.083398,0.38,141.2,1,10,0.9
2024-03-23T21:35:03Z,26.554948,-77.083393,0.18,141.1,1,10,0.9
2024-03-23T21:35:08Z,26.554945,-77.083387,0.25,111.1,1,10,0.9
2024-03-23T21:35:13Z,26.554945,-77.083380,0.25,76.9,1,10,0.9
2024-03-23T21:35:18Z,26.554945,-77.083373,0.27,96.5,1,10,0.9
2024-03-23T21:35:23Z,26.554947,-77.083368,0.20,72.8,1,10,0.9
2024-03-23T21:35:28Z,26.554942,-77.083360,0.44,123.2,1,10,0.9
2024-03-23T21:35:33Z,26.554942,-77.083357,0.26,134.5,1,10,0.9
2024-03-23T21:35:38Z,26.554945,-77.083358,0.12,67.9,1,10,0.9
2024-03-23T21:35:43Z,26.554945,-77.083358,0.15,135.8,1,10,0.9
2024-03-23T21:35:53Z,26.554948,-77.083358,0.09,39.2,1,10,0.9
2024-03-23T21:35:58Z,26.554952,-77.083363,0.07,323.9,1,10,0.9
2024-03-23T21:36:03Z,26.554950,-77.083363,0.21,149.0,1,10,0.9
2024-03-23T21:36:08Z,26.554952,-77.083368,0.13,231.9,1,10,0.9
2024-03-23T21:36:13Z,26.554950,-77.083375,0.22,234.0,1,10,0.9
2024-03-23T21:36:18Z,26.554948,-77.083383,0.21,252.3,1,10,0.9
2024-03-23T21:36:23Z,26.554945,-77.083388,0.25,219.9,1,10,0.9
2024-03-23T21:36:28Z,26.554945,-77.083395,0.21,186.8,1,10,0.9
2024-03-23T21:36:33Z,26.554943,-77.083400,0.15,262.1,1,10,0.9
2024-03-23T21:36:38Z,26.554943,-77.083405,0.10,215.3,1,10,0.9
2024-03-23T21:36:43Z,26.554947,-77.083410,0.21,273.9,1,9,1.2
2024-03-23T21:36:48Z,26.554947,-77.083412,0.24,327.3,1,10,0.9
2024-03-23T21:36:53Z,26.554950,-77.083418,0.11,287.3,1,10,0.9
2024-03-23T21:36:58Z,26.554948,-77.083423,0.13,88.6,1,10,0.9
2024-03-23T21:37:03Z,26.554948,-77.083427,0.13,30.2,1,10,0.9
2024-03-23T21:37:08Z,26.554952,-77.083428,0.07,29.9,1,10,0.9
2024-03-23T21:37:13Z,26.554957,-77.083423,0.18,38.0,1,10,0.9
2024-03-23T21:37:18Z,26.554958,-77.083422,0.17,82.3,1,10,0.9
2024-03-23T21:37:23Z,26.554960,-77.083415,0.35,88.5,1,10,0.9
2024-03-23T21:37:28Z,26.554962,-77.083410,0.12,72.8,1,10,0.9
2024-03-23T21:37:38Z,26.554955,-77.083395,0.22,115.8,1,10,0.9
2024-03-23T21:37:43Z,26.554950,-77.083387,0.58,138.8,1,10,0.9
2024-03-23T21:37:48Z,26.554948,-77.083383,0.39,135.4,1,10,0.9
2024-03-23T21:37:53Z,26.554945,-77.083378,0.42,136.4,1,10,0.9
2024-03-23T21:37:58Z,26.554947,-77.083377,0.31,103.5,1,10,0.9
2024-03-23T21:38:03Z,26.554947,-77.083372,0.44,130.8,1,10,0.9
2024-03-23T21:38:13Z,26.554955,-77.083372,0.13,14.7,1,10,0.9
2024-03-23T21:38:18Z,26.554958,-77.083372,0.12,49.1,1,10,0.9
2024-03-23T21:38:23Z,26.554958,-77.083370,0.11,110.0,1,10,0.9
2024-03-23T21:38:28Z,26.554960,-77.083373,0.14,101.0,1,10,0.9
2024-03-23T21:38:33Z,26.554958,-77.083367,0.11,56.4,1,10,0.9
2024-03-23T21:38:38Z,26.554957,-77.083362,0.27,135.7,1,10,0.9
2024-03-23T21:38:48Z,26.554955,-77.083373,0.14,184.0,1,10,0.9
2024-03-23T21:38:53Z,26.554957,-77.083375,0.17,251.0,1,10,0.9
2024-03-23T21:38:58Z,26.554957,-77.083382,0.09,247.4,1,10,0.9
2024-03-23T21:39:03Z,26.554953,-77.083390,0.08,160.1,1,10,0.9
2024-03-23T21:39:08Z,26.554952,-77.083395,0.05,297.7,1,10,0.9
2024-03-23T21:39:13Z,26.554950,-77.083397,0.06,176.1,1,10,0.9
2024-03-23T21:39:23Z,26.554947,-77.083400,0.06,123.1,1,10,0.9
2024-03-23T21:39:28Z,26.554943,-77.083400,0.04,134.4,1,10,0.9
2024-03-23T21:39:33Z,26.554945,-77.083400,0.17,77.8,1,10,0.9
2024-03-23T21:39:38Z,26.554952,-77.083405,0.55,5.6,1,10,0.9
2024-03-23T21:39:43Z,26.554945,-77.083397,0.13,156.1,1,10,0.9
2024-03-23T21:39:48Z,26.554942,-77.083393,0.23,343.7,1,10,0.9
2024-03-23T21:39:58Z,26.554940,-77.083382,0.52,102.8,1,10,0.9
2024-03-23T21:40:03Z,26.554938,-77.083377,0.19,116.1,1,10,0.9
2024-03-23T21:40:08Z,26.554947,-77.083380,0.15,12.0,1,9,1.2
2024-03-23T21:40:13Z,26.554950,-77.083382,0.13,7.4,1,10,0.9
2024-03-23T21:40:18Z,26.554950,-77.083385,0.09,160.8,1,10,0.9
2024-03-23T21:40:23Z,26.554953,-77.083385,0.18,61.7,1,10,0.9
2024-03-23T21:40:33Z,26.554950,-77.083383,0.06,332.8,1,10,0.9
2024-03-23T21:40:38Z,26.554950,-77.083380,0.21,208.3,1,9,1.2
2024-03-23T21:40:43Z,26.554947,-77.083380,0.13,160.5,1,9,1.2
2024-03-23T21:40:48Z,26.554945,-77.083383,0.14,106.1,1,10,0.9
2024-03-23T21:40:53Z,26.554943,-77.083378,0.13,115.2,1,10,0.9
2024-03-23T21:40:58Z,26.554943,-77.083375,0.18,77.3,1,10,0.9
2024-03-23T21:41:03Z,26.554943,-77.083375,0.15,181.8,1,10,0.9
2024-03-23T21:41:08Z,26.554947,-77.083377,0.02,257.5,1,10,0.9
2024-03-23T21:41:13Z,26.554947,-77.083378,0.16,336.2,1,10,0.9
2024-03-23T21:41:18Z,26.554952,-77.083380,0.06,254.5,1,10,0.9
2024-03-23T21:41:23Z,26.554952,-77.083382,0.22,116.0,1,10,0.9
2024-03-23T21:41:28Z,26.554952,-77.083385,0.18,104.9,1,10,0.9
2024-03-23T21:41:33Z,26.554950,-77.083383,0.17,106.0,2,10,0.9
2024-03-23T21:41:38Z,26.554945,-77.083368,0.44,104.0,2,10,0.9
2024-03-23T21:41:43Z,26.554950,-77.083368,0.13,58.8,2,10,0.9
2024-03-23T21:41:48Z,26.554955,-77.083378,0.28,88.1,1,10,0.9
2024-03-23T21:41:53Z,26.554955,-77.083368,0.17,107.1,1,10,0.9
2024-03-23T21:41:58Z,26.554953,-77.083363,0.19,139.3,1,10,0.9
2024-03-23T21:42:03Z,26.554952,-77.083363,0.16,197.7,1,10,0.9
2024-03-23T21:42:08Z,26.554950,-77.083372,0.17,117.6,1,10,0.9
2024-03-23T21:42:13Z,26.554948,-77.083375,0.14,179.9,1,10,0.9
2024-03-23T21:42:18Z,26.554950,-77.083372,0.16,185.6,1,10,0.9
2024-03-23T21:42:23Z,26.554947,-77.083380,0.17,234.8,1,10,0.9
2024-03-23T21:42:28Z,26.554948,-77.083380,0.23,185.5,1,10,0.9
2024-03-23T21:42:33Z,26.554940,-77.083375,0.18,322.5,2,10,0.9
2024-03-23T21:42:38Z,26.554943,-77.083378,0.21,37.7,2,10,0.9
2024-03-23T21:42:43Z,26.554948,-77.083378,0.22,104.1,2,10,0.9
2024-03-23T21:42:48Z,26.554950,-77.083373,0.13,98.5,2,10,0.9
2024-03-23T21:42:53Z,26.554952,-77.083377,0.24,57.1,2,10,0.9
2024-03-23T21:42:58Z,26.554952,-77.083378,0.10,243.3,2,10,0.9
2024-03-23T21:43:03Z,26.554953,-77.083387,0.07,22.8,2,10,0.9
2024-03-23T21:43:08Z,26.554958,-77.083395,0.18,244.6,2,10,0.9
2024-03-23T21:43:13Z,26.554958,-77.083402,0.19,67.2,2,10,0.9
2024-03-23T21:43:18Z,26.554957,-77.083402,0.22,129.1,2,10,0.9
2024-03-23T21:43:23Z,26.554958,-77.083398,0.31,4.8,2,10,0.9
2024-03-23T21:43:28Z,26.554958,-77.083408,0.18,309.2,2,10,0.9
2024-03-23T21:43:33Z,26.554955,-77.083415,0.16,259.5,2,10,0.9
2024-03-23T21:43:38Z,26.554943,-77.083408,0.15,217.4,2,10,0.9
2024-03-23T21:43:43Z,26.554942,-77.083405,0.07,195.3,1,10,0.9
2024-03-23T21:43:48Z,26.554942,-77.083407,0.13,275.8,1,10,0.9
2024-03-23T21:43:53Z,26.554945,-77.083410,0.20,86.0,1,10,0.9
2024-03-23T21:43:58Z,26.554952,-77.083408,0.10,59.7,1,10,0.9
2024-03-23T21:44:03Z,26.554958,-77.083405,0.19,49.7,1,10,0.9
2024-03-23T21:44:08Z,26.554960,-77.083400,0.25,8.0,2,10,0.9
2024-03-23T21:44:13Z,26.554958,-77.083398,0.25,137.1,2,10,0.9
2024-03-23T21:44:18Z,26.554957,-77.083395,0.25,118.7,2,10,0.9
2024-03-23T21:44:23Z,26.554957,-77.083393,0.33,137.3,1,10,0.9
2024-03-23T21:44:28Z,26.554957,-77.083395,0.23,122.1,1,10,0.9
2024-03-23T21:44:33Z,26.554955,-77.083395,0.34,146.0,1,10,0.9
2024-03-23T21:44:38Z,26.554957,-77.083395,0.13,70.3,1,10,0.9
2024-03-23T21:44:43Z,26.554967,-77.083397,0.11,65.9,1,10,0.9
2024-03-23T21:44:48Z,26.554962,-77.083395,0.09,83.5,1,10,0.9
2024-03-23T21:44:53Z,26.554965,-77.083397,0.12,40.2,1,10,0.9
2024-03-23T21:44:58Z,26.554970,-77.083397,0.35,329.6,1,10,0.9
2024-03-23T21:45:03Z,26.554977,-77.083403,0.19,358.8,1,10,0.9
2024-03-23T21:45:13Z,26.554982,-77.083402,0.02,218.5,1,9,1.2
2024-03-23T21:45:18Z,26.554978,-77.083398,0.17,109.2,1,10,0.9
2024-03-23T21:45:23Z,26.554973,-77.083397,0.22,165.5,1,10,0.9
2024-03-23T21:45:28Z,26.554967,-77.083395,0.22,202.8,1,10,0.9
2024-03-23T21:45:33Z,26.554963,-77.083390,0.19,165.0,1,10,0.9
2024-03-23T21:45:38Z,26.554958,-77.083387,0.19,192.1,1,9,1.0
2024-03-23T21:45:43Z,26.554955,-77.083385,0.08,11.8,1,10,0.9
2024-03-23T21:45:48Z,26.554957,-77.083390,0.32,287.1,1,10,0.9
2024-03-23T21:45:53Z,26.554957,-77.083397,0.13,328.3,1,10,0.9
2024-03-23T21:45:58Z,26.554958,-77.083393,0.32,81.9,1,10,0.9
2024-03-23T21:46:03Z,26.554957,-77.083397,0.05,221.5,1,10,0.9
2024-03-23T21:46:08Z,26.554957,-77.083402,0.04,207.7,1,10,0.9
2024-03-23T21:46:13Z,26.554955,-77.083405,0.08,161.7,1,10,0.9
2024-03-23T21:46:23Z,26.554947,-77.083408,0.14,281.7,1,10,0.9
2024-03-23T21:46:28Z,26.554942,-77.083402,0.08,105.3,1,10,0.9
2024-03-23T21:46:33Z,26.554938,-77.083400,0.14,352.8,1,10,0.9
2024-03-23T21:46:38Z,26.554938,-77.083403,0.38,89.3,1,10,0.9
2024-03-23T21:46:43Z,26.554938,-77.083407,0.11,66.6,1,10,0.9
2024-03-23T21:46:48Z,26.554938,-77.083402,0.05,43.4,1,10,0.9
2024-03-23T21:46:58Z,26.554942,-77.083400,0.48,121.4,1,10,0.9
2024-03-23T21:47:03Z,26.554942,-77.083397,0.09,129.8,1,10,0.9
2024-03-23T21:47:08Z,26.554945,-77.083388,0.15,309.9,1,10,0.9
2024-03-23T21:47:13Z,26.554943,-77.083397,0.08,254.0,1,10,0.9
2024-03-23T21:47:18Z,26.554942,-77.083400,0.06,90.2,1,10,0.9
2024-03-23T21:47:23Z,26.554942,-77.083402,0.08,186.7,1,10,0.9
2024-03-23T21:47:33Z,26.554940,-77.083407,0.08,299.6,1,10,0.9
2024-03-23T21:47:38Z,26.554940,-77.083410,0.19,144.2,1,10,0.9
2024-03-23T21:47:43Z,26.554942,-77.083412,0.13,93.0,1,10,0.9
2024-03-23T21:47:48Z,26.554945,-77.083410,0.12,301.3,1,10,0.9
2024-03-23T21:47:53Z,26.554943,-77.083408,0.04,251.7,1,10,0.9
2024-03-23T21:47:58Z,26.554940,-77.083415,0.11,163.1,1,10,0.9
2024-03-23T21:48:08Z,26.554937,-77.083403,0.15,142.1,1,10,0.9
2024-03-23T21:48:13Z,26.554943,-77.083398,0.20,111.5,1,10,0.9
2024-03-23T21:48:18Z,26.554945,-77.083397,0.05,278.8,1,10,0.9
2024-03-23T21:48:23Z,26.554945,-77.083397,0.26,122.8,1,10,0.9
2024-03-23T21:48:28Z,26.554942,-77.083393,0.40,127.6,1,10,0.9
2024-03-23T21:48:33Z,26.554942,-77.083393,0.26,112.8,1,10,0.9
2024-03-23T21:48:38Z,26.554943,-77.083397,0.04,64.1,1,10,0.9
2024-03-23T21:48:43Z,26.554945,-77.083400,0.21,329.6,1,10,0.9
2024-03-23T21:48:48Z,26.554943,-77.083398,0.24,93.8,1,10,0.9
2024-03-23T21:48:53Z,26.554943,-77.083395,0.16,65.8,1,10,1.0
2024-03-23T21:48:58Z,26.554945,-77.083392,0.17,325.0,1,10,1.0
2024-03-23T21:49:03Z,26.554947,-77.083390,0.06,18.2,1,10,1.0
2024-03-23T21:49:08Z,26.554945,-77.083388,0.08,10.6,1,10,1.0
2024-03-23T21:49:18Z,26.554945,-77.083388,0.26,164.9,1,10,1.0
2024-03-23T21:49:23Z,26.554945,-77.083387,0.18,100.5,1,10,1.0
2024-03-23T21:49:28Z,26.554945,-77.083388,0.12,286.5,1,10,1.0
2024-03-23T21:49:33Z,26.554943,-77.083388,0.20,175.8,1,10,1.0
2024-03-23T21:49:38Z,26.554947,-77.083395,0.32,128.7,1,10,1.0
2024-03-23T21:49:43Z,26.554947,-77.083392,0.26,162.5,1,10,1.0
2024-03-23T21:49:53Z,26.554952,-77.083382,0.13,295.7,1,10,1.0
2024-03-23T21:49:58Z,26.554950,-77.083383,0.19,144.1,1,9,1.2
2024-03-23T21:50:03Z,26.554942,-77.083390,0.22,129.0,1,10,1.0
2024-03-23T21:50:08Z,26.554933,-77.083383,0.24,148.3,1,10,1.0
2024-03-23T21:50:13Z,26.554932,-77.083378,0.19,136.7,1,10,1.0
2024-03-23T21:50:18Z,26.554930,-77.083378,0.16,104.5,1,10,1.0
2024-03-23T21:50:28Z,26.554933,-77.083390,0.20,185.2,1,10,1.0
2024-03-23T21:50:33Z,26.554937,-77.083402,0.09,85.6,1,9,1.0
2024-03-23T21:50:38Z,26.554937,-77.083407,0.19,56.1,1,10,1.0
2024-03-23T21:50:43Z,26.554935,-77.083408,0.21,140.2,1,10,1.0
2024-03-23T21:50:48Z,26.554937,-77.083403,0.22,82.9,1,10,1.0
2024-03-23T21:50:53Z,26.554938,-77.083398,0.26,80.2,1,10,1.0
2024-03-23T21:51:03Z,26.554940,-77.083397,0.03,158.6,1,10,1.0
2024-03-23T21:51:08Z,26.554940,-77.083397,0.10,81.0,1,10,1.0
2024-03-23T21:51:13Z,26.554943,-77.083395,0.07,145.5,1,10,1.0
2024-03-23T21:51:18Z,26.554943,-77.083390,0.20,121.1,1,10,1.0
2024-03-23T21:51:23Z,26.554945,-77.083393,0.19,114.1,1,9,1.2
2024-03-23T21:51:28Z,26.554945,-77.083392,0.25,122.5,1,9,1.2
2024-03-23T21:51:38Z,26.554945,-77.083403,0.17,109.8,1,9,1.0
2024-03-23T21:51:43Z,26.554945,-77.083400,0.22,95.4,1,9,1.0
2024-03-23T21:51:48Z,26.554945,-77.083395,0.36,114.4,1,9,1.0
2024-03-23T21:51:53Z,26.554945,-77.083395,0.08,82.0,1,9,1.0
2024-03-23T21:51:58Z,26.554947,-77.083393,0.17,98.2,1,9,1.0
2024-03-23T21:52:03Z,26.554948,-77.083392,0.12,103.1,1,9,1.0
2024-03-23T21:52:13Z,26.554942,-77.083387,0.17,118.1,1,8,1.2
2024-03-23T21:52:18Z,26.554935,-77.083380,0.17,93.7,1,9,1.0
2024-03-23T21:52:23Z,26.554938,-77.083382,0.16,107.6,1,8,1.2
2024-03-23T21:52:28Z,26.554942,-77.083383,0.17,58.3,1,8,1.2
2024-03-23T21:52:33Z,26.554942,-77.083380,0.37,116.8,1,8,1.2
2024-03-23T21:52:38Z,26.554948,-77.083383,0.14,56.1,1,9,1.0
2024-03-23T21:52:48Z,26.554950,-77.083382,0.17,322.2,1,9,1.0
2024-03-23T21:52:53Z,26.554952,-77.083382,0.06,274.4,1,8,1.2
2024-03-23T21:52:58Z,26.554955,-77.083380,0.08,291.4,1,9,1.0
2024-03-23T21:53:03Z,26.554957,-77.083383,0.16,311.9,1,9,1.0
2024-03-23T21:53:08Z,26.554953,-77.083383,0.12,327.1,1,9,1.0
2024-03-23T21:53:13Z,26.554955,-77.083385,0.14,93.1,1,9,1.0
2024-03-23T21:53:23Z,26.554953,-77.083377,0.24,122.8,1,9,1.0
2024-03-23T21:53:28Z,26.554948,-77.083370,0.20,157.3,1,9,1.0
2024-03-23T21:53:33Z,26.554947,-77.083372,0.13,222.2,1,9,1.0
2024-03-23T21:53:38Z,26.554945,-77.083368,0.15,118.0,1,9,1.0
2024-03-23T21:53:43Z,26.554943,-77.083365,0.07,221.7,1,9,1.0
2024-03-23T21:53:48Z,26.554945,-77.083377,0.11,286.9,1,9,1.0
2024-03-23T21:53:58Z,26.554950,-77.083388,0.19,311.8,1,9,1.0
2024-03-23T21:54:03Z,26.554952,-77.083397,0.05,53.3,1,9,1.0
2024-03-23T21:54:08Z,26.554957,-77.083407,0.19,328.6,1,9,1.0
2024-03-23T21:54:13Z,26.554958,-77.083405,0.05,21.1,1,8,1.2
2024-03-23T21:54:18Z,26.554958,-77.083402,0.10,306.0,1,9,1.0
2024-03-23T21:54:23Z,26.554957,-77.083400,0.06,317.6,1,9,1.0
2024-03-23T21:54:33Z,26.554962,-77.083403,0.11,84.0,1,9,1.0
2024-03-23T21:54:38Z,26.554960,-77.083402,0.11,95.1,1,9,1.0
2024-03-23T21:54:43Z,26.554965,-77.083403,0.16,68.2,1,8,1.2
2024-03-23T21:54:48Z,26.554967,-77.083402,0.21,43.7,1,9,1.0
2024-03-23T21:54:53Z,26.554963,-77.083398,0.13,77.0,1,9,1.0
2024-03-23T21:54:58Z,26.554968,-77.083398,0.14,59.0,1,9,1.0
2024-03-23T21:55:08Z,26.554960,-77.083398,0.27,151.9,1,9,1.0
2024-03-23T21:55:13Z,26.554957,-77.083398,0.20,121.4,1,9,1.0
2024-03-23T21:55:18Z,26.554955,-77.083398,0.20,166.1,1,9,1.0
2024-03-23T21:55:23Z,26.554953,-77.083397,0.19,136.5,1,9,1.0
2024-03-23T21:55:28Z,26.554952,-77.083393,0.14,46.2,1,9,1.0
2024-03-23T21:55:33Z,26.554945,-77.083385,0.29,111.1,1,9,1.0
2024-03-23T21:55:38Z,26.554938,-77.083378,0.32,145.8,1,9,1.0
2024-03-23T21:55:43Z,26.554942,-77.083377,0.16,105.6,1,9,1.0
2024-03-23T21:55:48Z,26.554945,-77.083375,0.16,99.2,1,9,1.0
2024-03-23T21:55:53Z,26.554948,-77.083377,0.10,43.1,1,9,1.0
2024-03-23T21:55:58Z,26.554952,-77.083377,0.24,353.1,1,9,1.0
2024-03-23T21:56:03Z,26.554957,-77.083377,0.17,35.9,1,9,1.0
2024-03-23T21:56:08Z,26.554947,-77.083375,0.17,356.5,1,9,1.0
2024-03-23T21:56:18Z,26.554945,-77.083380,0.13,94.6,1,9,1.0
2024-03-23T21:56:23Z,26.554950,-77.083383,0.01,117.8,1,9,1.0
2024-03-23T21:56:28Z,26.554955,-77.083387,0.19,304.1,1,9,1.0
2024-03-23T21:56:33Z,26.554950,-77.083387,0.20,134.8,1,9,1.0
2024-03-23T21:56:38Z,26.554948,-77.083385,0.27,113.4,1,9,1.0
2024-03-23T21:56:43Z,26.554953,-77.083388,0.22,103.3,1,9,1.0
2024-03-23T21:56:48Z,26.554955,-77.083395,0.29,311.1,1,9,1.0
2024-03-23T21:56:53Z,26.554962,-77.083390,0.26,20.1,1,9,1.0
2024-03-23T21:56:58Z,26.554967,-77.083393,0.17,356.2,1,9,1.0
2024-03-23T21:57:03Z,26.554967,-77.083400,0.20,284.8,1,9,1.0
2024-03-23T21:57:08Z,26.554965,-77.083403,0.13,303.0,1,9,1.0
2024-03-23T21:57:13Z,26.554962,-77.083397,0.32,98.6,1,9,1.0
2024-03-23T21:57:18Z,26.554958,-77.083390,0.21,113.9,1,9,1.0
2024-03-23T21:57:28Z,26.554957,-77.083385,0.17,215.0,1,9,1.0
2024-03-23T21:57:33Z,26.554953,-77.083380,0.32,123.5,1,9,1.0
2024-03-23T21:57:38Z,26.554948,-77.083372,0.57,133.4,1,9,1.0
2024-03-23T21:57:43Z,26.554938,-77.083363,0.31,139.3,1,9,1.0
2024-03-23T21:57:48Z,26.554928,-77.083357,0.43,139.9,1,9,1.0
2024-03-23T21:57:53Z,26.554918,-77.083348,0.50,133.1,1,9,1.0
2024-03-23T21:58:03Z,26.554913,-77.083347,0.44,128.5,1,9,1.0
2024-03-23T21:58:08Z,26.554915,-77.083347,0.11,189.7,1,9,1.0
2024-03-23T21:58:13Z,26.554918,-77.083353,0.28,90.1,1,9,1.0
2024-03-23T21:58:18Z,26.554920,-77.083350,0.15,102.6,1,9,1.0
2024-03-23T21:58:23Z,26.554923,-77.083348,0.20,97.9,1,9,1.0
2024-03-23T21:58:28Z,26.554928,-77.083347,0.15,49.6,1,9,1.0
2024-03-23T21:58:38Z,26.554935,-77.083343,0.13,52.4,1,9,1.0
2024-03-23T21:58:43Z,26.554937,-77.083342,0.17,53.0,1,9,1.0
2024-03-23T21:58:48Z,26.554938,-77.083338,0.14,94.2,1,9,1.0
2024-03-23T21:58:53Z,26.554938,-77.083335,0.24,55.3,2,9,1.0
2024-03-23T21:58:58Z,26.554943,-77.083342,0.23,268.0,2,9,1.0
2024-03-23T21:59:03Z,26.554947,-77.083345,0.09,264.4,2,9,1.0
2024-03-23T21:59:13Z,26.554937,-77.083350,0.12,233.8,2,9,1.0
2024-03-23T21:59:18Z,26.554932,-77.083350,0.30,159.1,2,9,1.0
2024-03-23T21:59:23Z,26.554932,-77.083352,0.23,224.5,2,9,1.0
2024-03-23T21:59:28Z,26.554928,-77.083360,0.08,269.7,1,9,1.0
2024-03-23T21:59:33Z,26.554918,-77.083357,0.16,102.1,1,9,1.0
2024-03-23T21:59:38Z,26.554918,-77.083348,0.12,121.8,1,9,1.0
2024-03-23T21:59:43Z,26.554920,-77.083343,0.20,127.9,1,9,1.0
2024-03-23T21:59:48Z,26.554920,-77.083340,0.23,126.4,1,9,1.0
2024-03-23T21:59:53Z,26.554922,-77.083338,0.08,272.3,1,9,1.0
2024-03-23T21:59:58Z,26.554925,-77.083343,0.18,223.1,1,9,1.0
2024-03-23T22:00:03Z,26.554925,-77.083345,0.19,242.1,1,9,1.0
2024-03-23T22:00:08Z,26.554928,-77.083348,0.18,51.9,1,9,1.0
2024-03-23T22:00:13Z,26.554930,-77.083355,0.41,307.1,1,9,1.0
2024-03-23T22:00:23Z,26.554937,-77.083373,0.21,248.6,1,9,1.0
2024-03-23T22:00:28Z,26.554937,-77.083378,0.26,29.5,2,9,1.0
2024-03-23T22:00:33Z,26.554935,-77.083380,0.23,19.0,2,9,1.0
2024-03-23T22:00:38Z,26.554933,-77.083378,0.09,118.2,2,9,1.0
2024-03-23T22:00:43Z,26.554935,-77.083375,0.09,74.4,1,9,1.0
2024-03-23T22:00:48Z,26.554935,-77.083373,0.22,113.8,1,9,1.0
2024-03-23T22:00:53Z,26.554940,-77.083375,0.16,79.1,1,9,1.0
2024-03-23T22:00:58Z,26.554945,-77.083375,0.15,73.3,1,9,1.0
2024-03-23T22:01:03Z,26.554948,-77.083373,0.14,59.2,1,9,1.0
2024-03-23T22:01:08Z,26.554950,-77.083370,0.17,95.4,1,9,1.0
2024-03-23T22:01:13Z,26.554953,-77.083365,0.09,317.9,1,9,1.0
2024-03-23T22:01:18Z,26.554952,-77.083360,0.26,111.8,1,9,1.0
2024-03-23T22:01:23Z,26.554950,-77.083353,0.11,126.2,1,9,1.0
2024-03-23T22:01:33Z,26.554947,-77.083355,0.16,66.5,1,9,1.0
2024-03-23T22:01:38Z,26.554943,-77.083357,0.10,145.5,1,9,1.0
2024-03-23T22:01:43Z,26.554942,-77.083358,0.08,136.1,1,9,1.0
2024-03-23T22:01:48Z,26.554940,-77.083358,0.11,109.6,1,9,1.0
2024-03-23T22:01:53Z,26.554940,-77.083357,0.07,106.0,1,9,1.0
2024-03-23T22:01:58Z,26.554938,-77.083357,0.06,172.4,1,9,1.0
2024-03-23T22:02:08Z,26.554940,-77.083352,0.24,66.7,1,9,1.0
2024-03-23T22:02:13Z,26.554942,-77.083350,0.30,64.2,1,9,1.0
2024-03-23T22:02:18Z,26.554943,-77.083347,0.09,93.4,1,9,1.0
2024-03-23T22:02:23Z,26.554943,-77.083343,0.17,100.1,1,9,1.0
2024-03-23T22:02:28Z,26.554943,-77.083340,0.14,151.6,1,9,1.0
2024-03-23T22:02:33Z,26.554943,-77.083338,0.11,142.2,1,9,1.0
2024-03-23T22:02:43Z,26.554937,-77.083335,0.11,172.3,1,9,1.0
2024-03-23T22:02:48Z,26.554935,-77.083335,0.12,137.8,1,9,1.0
2024-03-23T22:02:53Z,26.554933,-77.083333,0.10,144.0,1,9,1.0
2024-03-23T22:02:58Z,26.554930,-77.083332,0.16,132.9,1,9,1.0
2024-03-23T22:03:03Z,26.554928,-77.083327,0.15,146.0,1,9,1.0
2024-03-23T22:03:08Z,26.554927,-77.083322,0.19,127.9,1,9,1.0
2024-03-23T22:03:18Z,26.554930,-77.083318,0.23,78.8,1,9,1.0
2024-03-23T22:03:23Z,26.554930,-77.083315,0.22,83.4,1,9,1.0
2024-03-23T22:03:28Z,26.554932,-77.083312,0.25,74.2,1,9,1.0
2024-03-23T22:03:33Z,26.554933,-77.083310,0.15,89.9,1,9,1.0
2024-03-23T22:03:38Z,26.554932,-77.083308,0.10,130.6,1,9,1.0
2024-03-23T22:03:43Z,26.554933,-77.083303,0.11,101.2,1,9,1.0
2024-03-23T22:03:53Z,26.554930,-77.083288,0.20,103.2,1,9,1.0
2024-03-23T22:03:58Z,26.554928,-77.083283,0.12,79.8,1,9,1.0
2024-03-23T22:04:03Z,26.554927,-77.083282,0.18,158.0,1,9,1.0
2024-03-23T22:04:08Z,26.554928,-77.083282,0.04,202.8,1,9,1.0
2024-03-23T22:04:13Z,26.554928,-77.083283,0.04,48.0,1,9,1.0
2024-03-23T22:04:18Z,26.554922,-77.083282,0.03,316.1,1,9,1.0
2024-03-23T22:04:28Z,26.554918,-77.083285,0.11,103.0,1,9,1.0
2024-03-23T22:04:33Z,26.554912,-77.083285,0.43,149.3,1,9,1.0
2024-03-23T22:04:38Z,26.554898,-77.083283,0.58,172.0,1,9,1.0
2024-03-23T22:04:43Z,26.554887,-77.083298,0.25,89.0,1,9,1.0
2024-03-23T22:04:48Z,26.554885,-77.083307,0.18,264.1,1,9,1.0
2024-03-23T22:04:53Z,26.554885,-77.083310,0.24,150.2,1,9,1.0
2024-03-23T22:05:03Z,26.554885,-77.083310,0.13,157.7,1,9,1.0
2024-03-23T22:05:08Z,26.554887,-77.083310,0.15,72.9,1,9,1.0
2024-03-23T22:05:13Z,26.554892,-77.083313,0.11,121.3,1,9,1.0
2024-03-23T22:05:18Z,26.554895,-77.083315,0.33,48.6,1,9,1.0
2024-03-23T22:05:23Z,26.554895,-77.083307,0.26,83.7,1,9,1.0
2024-03-23T22:05:28Z,26.554898,-77.083302,0.61,60.7,2,9,1.0
2024-03-23T22:05:38Z,26.554905,-77.083290,0.24,106.0,2,9,1.0
2024-03-23T22:05:43Z,26.554908,-77.083288,0.08,67.5,2,9,1.0
2024-03-23T22:05:48Z,26.554913,-77.083292,0.05,68.1,1,9,1.0
2024-03-23T22:05:53Z,26.554915,-77.083300,0.04,224.6,1,9,1.0
2024-03-23T22:05:58Z,26.554908,-77.083300,0.20,243.0,1,9,1.0
2024-03-23T22:06:03Z,26.554907,-77.083295,0.09,7.8,1,8,1.1
2024-03-23T22:06:13Z,26.554890,-77.083295,0.19,171.2,1,9,1.0
2024-03-23T22:06:18Z,26.554888,-77.083297,0.11,134.7,1,9,1.0
2024-03-23T22:06:23Z,26.554890,-77.083300,0.18,148.4,1,9,1.0
2024-03-23T22:06:28Z,26.554888,-77.083298,0.34,112.9,2,9,1.0
2024-03-23T22:06:33Z,26.554888,-77.083295,0.25,138.2,2,9,1.0
2024-03-23T22:06:43Z,26.554878,-77.083292,0.25,91.9,2,9,1.0
2024-03-23T22:06:48Z,26.554890,-77.083300,0.12,171.8,2,9,1.0
2024-03-23T22:06:53Z,26.554897,-77.083300,0.41,165.8,2,9,1.0
2024-03-23T22:06:58Z,26.554903,-77.083292,0.40,55.1,2,9,1.0
2024-03-23T22:07:03Z,26.554908,-77.083287,0.30,145.2,2,9,1.0
2024-03-23T22:07:08Z,26.554905,-77.083293,0.08,320.6,2,9,1.0
2024-03-23T22:07:13Z,26.554898,-77.083290,0.27,110.2,2,9,1.0
2024-03-23T22:07:18Z,26.554893,-77.083292,0.16,331.4,2,9,1.0
2024-03-23T22:07:23Z,26.554892,-77.083297,0.04,268.4,2,9,1.0
2024-03-23T22:07:28Z,26.554882,-77.083292,0.07,56.4,2,9,1.0
2024-03-23T22:07:33Z,26.554882,-77.083288,0.15,231.3,2,9,1.0
2024-03-23T22:07:38Z,26.554885,-77.083290,0.22,241.2,1,9,1.0
2024-03-23T22:07:43Z,26.554885,-77.083295,0.17,331.8,1,9,1.0
2024-03-23T22:07:48Z,26.554890,-77.083295,0.27,322.5,1,9,1.0
2024-03-23T22:07:53Z,26.554900,-77.083305,0.14,170.3,1,9,1.0
2024-03-23T22:07:58Z,26.554903,-77.083310,0.21,200.6,1,9,1.0
2024-03-23T22:08:03Z,26.554903,-77.083312,0.04,63.4,1,9,1.0
2024-03-23T22:08:13Z,26.554890,-77.083323,0.04,91.4,2,9,1.0
2024-03-23T22:08:18Z,26.554885,-77.083325,0.13,66.7,2,9,1.0
2024-03-23T22:08:23Z,26.554885,-77.083327,0.33,6.6,2,9,1.0
2024-03-23T22:08:28Z,26.554887,-77.083323,0.29,83.0,2,9,1.0
2024-03-23T22:08:33Z,26.554892,-77.083325,0.13,315.5,2,9,1.0
2024-03-23T22:08:38Z,26.554897,-77.083328,0.12,26.3,2,9,1.0
2024-03-23T22:08:43Z,26.554903,-77.083330,0.01,316.6,2,9,1.0
2024-03-23T22:08:48Z,26.554913,-77.083335,0.06,100.6,2,9,1.0
2024-03-23T22:08:53Z,26.554917,-77.083330,0.37,137.5,2,9,1.0
2024-03-23T22:08:58Z,26.554913,-77.083337,0.26,218.5,2,9,1.0
2024-03-23T22:09:03Z,26.554907,-77.083327,0.10,40.6,2,9,1.0
2024-03-23T22:09:08Z,26.554908,-77.083327,0.28,247.1,2,9,1.0
2024-03-23T22:09:13Z,26.554908,-77.083333,0.34,66.3,2,9,1.0
2024-03-23T22:09:18Z,26.554908,-77.083328,0.26,113.5,2,9,1.0
2024-03-23T22:09:23Z,26.554907,-77.083325,0.02,234.2,1,9,1.0
2024-03-23T22:09:28Z,26.554905,-77.083325,0.03,292.1,1,9,1.0
2024-03-23T22:09:33Z,26.554907,-77.083327,0.04,238.6,1,9,1.0
2024-03-23T22:09:43Z,26.554902,-77.083332,0.42,247.7,1,9,1.0
2024-03-23T22:09:48Z,26.554905,-77.083332,0.54,65.4,1,9,1.0
2024-03-23T22:09:53Z,26.554917,-77.083330,0.38,12.0,1,9,1.0
2024-03-23T22:09:58Z,26.554932,-77.083330,0.37,25.3,1,9,1.0
2024-03-23T22:10:08Z,26.554935,-77.083335,0.24,259.9,1,9,1.0
2024-03-23T22:10:13Z,26.554932,-77.083347,0.47,359.2,1,9,1.0
2024-03-23T22:10:18Z,26.554930,-77.083348,0.33,199.3,1,9,1.0
2024-03-23T22:10:23Z,26.554932,-77.083338,0.14,56.8,1,9,1.0
2024-03-23T22:10:33Z,26.554932,-77.083345,0.14,37.4,1,9,1.0
2024-03-23T22:10:38Z,26.554927,-77.083350,0.33,217.2,1,9,1.0
2024-03-23T22:10:43Z,26.554932,-77.083355,0.51,15.8,1,9,1.0
2024-03-23T22:10:48Z,26.554937,-77.083353,0.30,228.7,1,9,1.0
2024-03-23T22:10:53Z,26.554942,-77.083350,0.19,347.0,1,9,1.0
2024-03-23T22:10:58Z,26.554938,-77.083347,0.26,143.4,1,9,1.0
2024-03-23T22:11:03Z,26.554933,-77.083343,0.14,188.2,1,9,1.0
2024-03-23T22:11:08Z,26.554940,-77.083345,0.15,62.7,1,9,1.0
2024-03-23T22:11:13Z,26.554950,-77.083352,0.06,40.4,1,9,1.0
2024-03-23T22:11:18Z,26.554947,-77.083337,0.19,77.8,1,9,1.0
2024-03-23T22:11:28Z,26.554947,-77.083323,0.19,207.2,1,9,1.0
2024-03-23T22:11:33Z,26.554948,-77.083322,0.11,24.9,1,9,1.0
2024-03-23T22:11:38Z,26.554948,-77.083318,0.08,65.7,1,9,1.0
2024-03-23T22:11:43Z,26.554947,-77.083317,0.05,221.3,1,9,1.0
2024-03-23T22:11:53Z,26.554945,-77.083320,0.16,152.2,1,9,1.0
2024-03-23T22:11:58Z,26.554943,-77.083322,0.07,270.3,1,9,1.0
2024-03-23T22:12:03Z,26.554935,-77.083328,0.32,173.8,1,9,1.0
2024-03-23T22:12:08Z,26.554927,-77.083333,0.36,138.6,1,9,1.0
2024-03-23T22:12:18Z,26.554932,-77.083342,0.02,26.0,1,9,1.0
2024-03-23T22:12:23Z,26.554933,-77.083348,0.14,98.1,1,9,1.0
2024-03-23T22:12:28Z,26.554933,-77.083343,0.12,91.2,1,9,1.0
2024-03-23T22:12:33Z,26.554932,-77.083337,0.33,74.2,1,9,1.0
2024-03-23T22:12:38Z,26.554933,-77.083332,0.03,160.6,1,9,1.0
2024-03-23T22:12:43Z,26.554933,-77.083328,0.27,61.1,1,9,1.0
2024-03-23T22:12:48Z,26.554932,-77.083325,0.14,179.2,1,9,1.0
2024-03-23T22:12:53Z,26.554930,-77.083323,0.20,170.9,1,9,1.0
2024-03-23T22:12:58Z,26.554930,-77.083323,0.14,76.9,1,9,1.1
2024-03-23T22:13:03Z,26.554930,-77.083322,0.23,52.3,1,9,1.1
2024-03-23T22:13:13Z,26.554932,-77.083318,0.30,203.5,1,9,1.1
2024-03-23T22:13:18Z,26.554927,-77.083312,0.09,90.8,1,9,1.1
2024-03-23T22:13:23Z,26.554925,-77.083308,0.23,193.3,1,9,1.1
2024-03-23T22:13:28Z,26.554925,-77.083308,0.09,151.3,1,9,1.1
2024-03-23T22:13:33Z,26.554925,-77.083310,0.12,120.3,1,9,1.1
2024-03-23T22:13:38Z,26.554927,-77.083310,0.08,305.8,1,9,1.1
2024-03-23T22:13:43Z,26.554930,-77.083310,0.11,77.0,1,9,1.1
2024-03-23T22:13:48Z,26.554932,-77.083308,0.13,87.7,1,9,1.1
2024-03-23T22:13:53Z,26.554933,-77.083312,0.04,149.8,1,9,1.1
2024-03-23T22:13:58Z,26.554933,-77.083317,0.08,151.6,1,9,1.1
2024-03-23T22:14:03Z,26.554938,-77.083325,0.19,306.2,1,9,1.1
2024-03-23T22:14:13Z,26.554922,-77.083320,0.15,137.2,1,9,1.1
2024-03-23T22:14:18Z,26.554912,-77.083313,0.23,142.0,1,9,1.1
2024-03-23T22:14:23Z,26.554905,-77.083312,0.46,210.0,1,9,1.1
2024-03-23T22:14:28Z,26.554900,-77.083315,0.06,201.3,1,9,1.1
2024-03-23T22:14:33Z,26.554900,-77.083318,0.09,50.0,1,9,1.1
2024-03-23T22:14:43Z,26.554913,-77.083328,0.16,95.1,1,9,1.1
2024-03-23T22:14:48Z,26.554923,-77.083328,0.07,188.3,1,9,1.1
2024-03-23T22:14:53Z,26.554937,-77.083333,0.35,306.8,1,9,1.1
2024-03-23T22:14:58Z,26.554948,-77.083340,0.22,162.9,1,9,1.1
2024-03-23T22:15:03Z,26.554937,-77.083332,0.19,181.4,1,9,1.1
2024-03-23T22:15:13Z,26.554925,-77.083338,0.42,308.4,1,9,1.1
2024-03-23T22:15:18Z,26.554928,-77.083338,0.29,297.8,1,9,1.1
2024-03-23T22:15:23Z,26.554928,-77.083343,0.04,197.3,1,9,1.1
2024-03-23T22:15:28Z,26.554933,-77.083348,0.12,260.9,1,9,1.1
2024-03-23T22:15:33Z,26.554938,-77.083357,0.09,279.9,1,9,1.1
2024-03-23T22:15:43Z,26.554930,-77.083358,0.56,171.8,1,9,1.1
2024-03-23T22:15:48Z,26.554925,-77.083353,0.10,161.9,1,9,1.1
2024-03-23T22:15:53Z,26.554927,-77.083358,0.07,320.0,1,9,1.1
2024-03-23T22:15:58Z,26.554928,-77.083368,0.16,2.9,1,9,1.1
2024-03-23T22:16:03Z,26.554935,-77.083375,0.11,233.2,1,9,1.1
2024-03-23T22:16:13Z,26.554935,-77.083377,0.04,323.8,1,9,1.1
2024-03-23T22:16:18Z,26.554937,-77.083377,0.10,122.3,1,9,1.1
2024-03-23T22:16:23Z,26.554947,-77.083375,0.24,59.7,1,9,1.1
2024-03-23T22:16:28Z,26.554953,-77.083375,0.12,356.3,1,9,1.1
2024-03-23T22:16:33Z,26.554958,-77.083373,0.12,36.6,1,9,1.1
2024-03-23T22:16:38Z,26.554962,-77.083368,0.26,33.6,1,9,1.1
2024-03-23T22:16:43Z,26.554960,-77.083357,0.25,58.6,1,9,1.1
2024-03-23T22:16:48Z,26.554958,-77.083350,0.17,145.9,1,9,1.1
2024-03-23T22:16:53Z,26.554957,-77.083350,0.13,130.6,1,9,1.1
2024-03-23T22:16:58Z,26.554955,-77.083352,0.13,176.9,1,9,1.1
2024-03-23T22:17:08Z,26.554945,-77.083352,0.17,154.6,1,9,1.1
2024-03-23T22:17:13Z,26.554940,-77.083350,0.21,173.4,1,9,1.1
2024-03-23T22:17:18Z,26.554935,-77.083348,0.13,101.0,1,9,1.1
2024-03-23T22:17:23Z,26.554932,-77.083348,0.32,160.6,1,9,1.1
2024-03-23T22:17:28Z,26.554930,-77.083348,0.21,99.4,1,9,1.1
2024-03-23T22:17:33Z,26.554928,-77.083348,0.20,108.0,1,9,1.1
2024-03-23T22:17:38Z,26.554930,-77.083345,0.18,109.6,1,9,1.1
2024-03-23T22:17:43Z,26.554927,-77.083340,0.31,101.2,1,9,1.1
2024-03-23T22:17:48Z,26.554927,-77.083335,0.30,102.7,1,9,1.1
2024-03-23T22:17:53Z,26.554927,-77.083328,0.19,78.5,1,9,1.1
2024-03-23T22:17:58Z,26.554928,-77.083323,0.35,111.7,1,9,1.1
2024-03-23T22:18:03Z,26.554927,-77.083317,0.34,115.3,1,9,1.1
2024-03-23T22:18:08Z,26.554930,-77.083318,0.09,99.9,1,9,1.1
2024-03-23T22:18:13Z,26.554933,-77.083320,0.08,85.8,1,9,1.1
2024-03-23T22:18:18Z,26.554935,-77.083322,0.08,72.7,1,9,1.1
2024-03-23T22:18:23Z,26.554937,-77.083323,0.20,7.1,1,9,1.1
2024-03-23T22:18:33Z,26.554937,-77.083327,0.06,28.8,1,9,1.1
2024-03-23T22:18:38Z,26.554935,-77.083328,0.02,88.3,1,9,1.1
2024-03-23T22:18:43Z,26.554937,-77.083332,0.06,68.5,1,9,1.1
2024-03-23T22:18:48Z,26.554940,-77.083330,0.34,29.4,1,9,1.1
2024-03-23T22:18:53Z,26.554942,-77.083332,0.20,347.9,1,9,1.1
2024-03-23T22:19:03Z,26.554945,-77.083328,0.13,206.4,1,8,1.3
2024-03-23T22:19:08Z,26.554943,-77.083335,0.08,114.4,1,8,1.3
2024-03-23T22:19:13Z,26.554943,-77.083343,0.21,174.8,1,9,1.1
2024-03-23T22:19:18Z,26.554937,-77.083343,0.25,127.0,1,8,1.3
2024-03-23T22:19:23Z,26.554937,-77.083343,0.07,178.3,1,9,1.1
2024-03-23T22:19:33Z,26.554938,-77.083345,0.10,148.2,1,9,1.1
2024-03-23T22:19:38Z,26.554937,-77.083343,0.06,132.7,1,9,1.1
2024-03-23T22:19:43Z,26.554935,-77.083343,0.14,109.1,1,9,1.1
2024-03-23T22:19:48Z,26.554935,-77.083340,0.14,69.2,1,9,1.1
2024-03-23T22:19:53Z,26.554938,-77.083338,0.15,45.3,1,9,1.1
2024-03-23T22:20:03Z,26.554945,-77.083332,0.22,30.8,1,9,1.1
2024-03-23T22:20:08Z,26.554950,-77.083332,0.17,10.3,1,9,1.1
2024-03-23T22:20:13Z,26.554953,-77.083332,0.13,22.9,1,9,1.1
2024-03-23T22:20:18Z,26.554955,-77.083333,0.09,111.7,1,9,1.1
2024-03-23T22:20:23Z,26.554953,-77.083333,0.10,136.7,1,9,1.1
2024-03-23T22:20:33Z,26.554947,-77.083330,0.07,184.9,1,8,1.1
2024-03-23T22:20:38Z,26.554943,-77.083328,0.17,115.9,1,9,1.1
2024-03-23T22:20:43Z,26.554942,-77.083328,0.39,168.4,1,9,1.1
2024-03-23T22:20:48Z,26.554937,-77.083327,0.30,151.3,1,9,1.1
2024-03-23T22:20:53Z,26.554930,-77.083318,0.10,124.7,1,9,1.1
2024-03-23T22:21:03Z,26.554917,-77.083308,0.19,124.0,1,9,1.1
2024-03-23T22:21:08Z,26.554915,-77.083307,0.16,83.6,1,9,1.1
2024-03-23T22:21:13Z,26.554917,-77.083303,0.09,97.2,1,9,1.1
2024-03-23T22:21:18Z,26.554918,-77.083302,0.20,123.5,1,9,1.1
2024-03-23T22:21:23Z,26.554925,-77.083300,0.07,213.9,1,8,1.1
2024-03-23T22:21:28Z,26.554933,-77.083303,0.19,351.4,1,9,1.1
2024-03-23T22:21:33Z,26.554930,-77.083302,0.38,354.2,1,9,1.1
2024-03-23T22:21:38Z,26.554922,-77.083298,0.13,51.1,1,9,1.1
2024-03-23T22:21:43Z,26.554922,-77.083295,0.24,53.0,1,9,1.1
2024-03-23T22:21:48Z,26.554920,-77.083287,0.35,83.7,1,9,1.1
2024-03-23T22:21:53Z,26.554917,-77.083282,0.23,100.0,1,9,1.1
2024-03-23T22:22:03Z,26.554907,-77.083280,0.34,174.8,1,9,1.1
2024-03-23T22:22:08Z,26.554903,-77.083278,0.21,182.0,1,9,1.1
2024-03-23T22:22:13Z,26.554903,-77.083280,0.10,169.5,1,9,1.1
2024-03-23T22:22:18Z,26.554907,-77.083278,0.18,146.2,1,9,1.1
2024-03-23T22:22:23Z,26.554907,-77.083278,0.05,8.7,1,9,1.1
2024-03-23T22:22:33Z,26.554895,-77.083285,0.06,268.6,1,9,1.1
2024-03-23T22:22:38Z,26.554895,-77.083285,0.09,49.0,1,9,1.1
2024-03-23T22:22:43Z,26.554895,-77.083290,0.19,122.6,1,9,1.1
2024-03-23T22:22:48Z,26.554893,-77.083285,0.09,71.4,1,9,1.1
2024-03-23T22:22:53Z,26.554898,-77.083280,0.11,63.9,1,9,1.1
2024-03-23T22:23:03Z,26.554902,-77.083265,0.36,78.7,1,9,1.1
2024-03-23T22:23:08Z,26.554902,-77.083267,0.25,221.8,1,9,1.1
2024-03-23T22:23:13Z,26.554907,-77.083290,0.13,182.9,1,9,1.1
2024-03-23T22:23:18Z,26.554913,-77.083293,0.29,195.6,1,9,1.1
2024-03-23T22:23:23Z,26.554912,-77.083302,0.07,278.7,1,9,1.1
2024-03-23T22:23:28Z,26.554912,-77.083308,0.32,346.3,1,9,1.1
2024-03-23T22:23:38Z,26.554905,-77.083308,0.08,341.7,1,9,1.1
2024-03-23T22:23:43Z,26.554908,-77.083315,0.20,229.9,1,9,1.1
2024-03-23T22:23:48Z,26.554897,-77.083313,0.16,122.5,1,9,1.1
2024-03-23T22:23:53Z,26.554898,-77.083318,0.16,159.0,1,9,1.1
2024-03-23T22:23:58Z,26.554900,-77.083320,0.16,208.5,1,9,1.1
2024-03-23T22:24:03Z,26.554903,-77.083322,0.18,330.0,1,9,1.1
2024-03-23T22:24:13Z,26.554912,-77.083323,0.10,86.0,1,9,1.1
2024-03-23T22:24:18Z,26.554910,-77.083317,0.39,125.1,1,9,1.1
2024-03-23T22:24:23Z,26.554893,-77.083307,0.05,22.4,1,9,1.1
2024-03-23T22:24:28Z,26.554900,-77.083312,0.14,308.7,1,9,1.1
2024-03-23T22:24:33Z,26.554907,-77.083308,0.13,277.6,1,9,1.1
2024-03-23T22:24:38Z,26.554905,-77.083300,0.45,44.0,1,9,1.1
2024-03-23T22:24:48Z,26.554917,-77.083298,0.18,85.5,1,9,1.1
2024-03-23T22:24:53Z,26.554922,-77.083302,0.08,341.7,1,9,1.1
2024-03-23T22:24:58Z,26.554923,-77.083302,0.15,256.9,1,9,1.1
2024-03-23T22:25:03Z,26.554922,-77.083305,0.12,281.4,1,9,1.1
2024-03-23T22:25:08Z,26.554920,-77.083307,0.14,150.8,1,9,1.1
2024-03-23T22:25:13Z,26.554920,-77.083312,0.05,225.7,1,9,1.1
2024-03-23T22:25:23Z,26.554917,-77.083308,0.03,13.5,1,9,1.1
2024-03-23T22:25:28Z,26.554907,-77.083308,0.07,179.5,1,9,1.1
2024-03-23T22:25:33Z,26.554905,-77.083308,0.26,163.5,1,9,1.1
2024-03-23T22:25:38Z,26.554905,-77.083308,0.15,88.1,1,9,1.1
2024-03-23T22:25:43Z,26.554910,-77.083308,0.10,127.8,1,9,1.1
2024-03-23T22:25:48Z,26.554912,-77.083308,0.17,173.6,1,9,1.1
2024-03-23T22:25:58Z,26.554920,-77.083312,0.19,95.1,1,8,1.3
2024-03-23T22:26:03Z,26.554920,-77.083308,0.16,121.3,1,9,1.1
2024-03-23T22:26:08Z,26.554923,-77.083308,0.16,40.3,1,9,1.1
2024-03-23T22:26:13Z,26.554925,-77.083307,0.08,99.9,1,9,1.1
2024-03-23T22:26:18Z,26.554927,-77.083303,0.05,118.6,1,9,1.1
2024-03-23T22:26:23Z,26.554923,-77.083307,0.08,20.8,1,9,1.1
2024-03-23T22:26:33Z,26.554918,-77.083312,0.06,141.6,1,9,1.1
2024-03-23T22:26:38Z,26.554913,-77.083313,0.15,243.4,1,9,1.1
2024-03-23T22:26:43Z,26.554913,-77.083312,0.31,133.7,1,9,1.1
2024-03-23T22:26:48Z,26.554907,-77.083303,0.25,194.3,1,9,1.1
2024-03-23T22:26:53Z,26.554897,-77.083297,0.29,134.8,1,9,1.1
2024-03-23T22:26:58Z,26.554892,-77.083278,0.37,55.4,1,9,1.1
2024-03-23T22:27:03Z,26.554893,-77.083273,0.46,112.0,1,9,1.1
2024-03-23T22:27:08Z,26.554887,-77.083268,0.11,68.5,1,9,1.1
2024-03-23T22:27:13Z,26.554890,-77.083265,0.14,91.0,1,9,1.1
2024-03-23T22:27:18Z,26.554897,-77.083263,0.22,48.0,1,9,1.1
2024-03-23T22:27:23Z,26.554903,-77.083263,0.12,79.0,1,9,1.1
2024-03-23T22:27:28Z,26.554907,-77.083265,0.12,107.9,1,9,1.1
2024-03-23T22:27:33Z,26.554908,-77.083265,0.10,180.9,1,9,1.1
2024-03-23T22:27:38Z,26.554908,-77.083267,0.10,116.9,1,9,1.1
2024-03-23T22:27:43Z,26.554903,-77.083268,0.33,173.0,1,9,1.1
2024-03-23T22:27:48Z,26.554900,-77.083268,0.04,147.3,1,9,1.1
2024-03-23T22:27:53Z,26.554898,-77.083267,0.30,140.6,1,9,1.1
2024-03-23T22:27:58Z,26.554902,-77.083267,0.13,88.3,1,9,1.1
2024-03-23T22:28:03Z,26.554900,-77.083263,0.36,143.3,1,9,1.1
2024-03-23T22:28:08Z,26.554885,-77.083253,0.21,96.1,1,9,1.1
2024-03-23T22:28:18Z,26.554875,-77.083240,0.23,118.7,1,9,1.1
2024-03-23T22:28:23Z,26.554882,-77.083242,0.24,63.2,1,9,1.1
2024-03-23T22:28:28Z,26.554890,-77.083243,0.05,335.3,1,9,1.1
2024-03-23T22:28:33Z,26.554902,-77.083250,0.28,4.5,1,9,1.1
2024-03-23T22:28:38Z,26.554905,-77.083257,0.08,165.3,1,9,1.1
2024-03-23T22:28:43Z,26.554910,-77.083258,0.22,294.2,1,9,1.1
2024-03-23T22:28:53Z,26.554915,-77.083268,0.16,153.6,1,9,1.1
2024-03-23T22:28:58Z,26.554912,-77.083272,0.09,222.7,1,9,1.1
2024-03-23T22:29:03Z,26.554905,-77.083273,0.03,203.2,1,9,1.1
2024-03-23T22:29:08Z,26.554902,-77.083272,0.19,152.2,1,9,1.1
2024-03-23T22:29:13Z,26.554903,-77.083275,0.10,61.3,1,9,1.1
2024-03-23T22:29:18Z,26.554900,-77.083273,0.37,129.9,1,9,1.1
2024-03-23T22:29:23Z,26.554908,-77.083275,0.09,80.1,1,9,1.1
2024-03-23T22:29:28Z,26.554918,-77.083280,0.21,13.8,1,9,1.1
2024-03-23T22:29:33Z,26.554922,-77.083287,0.09,277.9,1,9,1.1
2024-03-23T22:29:38Z,26.554920,-77.083285,0.15,354.3,1,9,1.1
2024-03-23T22:29:43Z,26.554918,-77.083285,0.08,306.3,1,9,1.1
2024-03-23T22:29:48Z,26.554915,-77.083282,0.07,99.0,1,9,1.1
2024-03-23T22:29:58Z,26.554907,-77.083275,0.15,94.4,1,9,1.1
2024-03-23T22:30:03Z,26.554912,-77.083282,0.27,222.6,1,9,1.1
2024-03-23T22:30:08Z,26.554907,-77.083285,0.07,192.9,1,9,1.1
2024-03-23T22:30:13Z,26.554900,-77.083282,0.14,221.2,1,9,1.1
2024-03-23T22:30:18Z,26.554905,-77.083290,0.08,225.8,1,9,1.1
2024-03-23T22:30:23Z,26.554905,-77.083297,0.04,214.8,1,9,1.1
2024-03-23T22:30:33Z,26.554905,-77.083308,0.08,28.3,1,9,1.1
2024-03-23T22:30:38Z,26.554905,-77.083313,0.17,94.6,1,9,1.1
2024-03-23T22:30:43Z,26.554907,-77.083322,0.17,43.6,1,9,1.1
2024-03-23T22:30:48Z,26.554913,-77.083330,0.16,100.6,1,9,1.1
2024-03-23T22:30:53Z,26.554913,-77.083327,0.27,105.2,1,9,1.1
2024-03-23T22:31:03Z,26.554920,-77.083318,0.28,30.5,1,9,1.1
2024-03-23T22:31:08Z,26.554928,-77.083315,0.30,70.8,1,9,1.1
2024-03-23T22:31:13Z,26.554925,-77.083290,0.27,126.7,1,9,1.1
2024-03-23T22:31:18Z,26.554927,-77.083288,0.11,98.3,1,9,1.1
2024-03-23T22:31:23Z,26.554927,-77.083293,0.03,125.4,1,9,1.1
2024-03-23T22:31:33Z,26.554923,-77.083300,0.23,151.0,1,9,1.1
2024-03-23T22:31:38Z,26.554922,-77.083302,0.10,168.3,1,9,1.1
2024-03-23T22:31:43Z,26.554920,-77.083303,0.17,161.2,1,9,1.1
2024-03-23T22:31:48Z,26.554920,-77.083305,0.10,43.0,1,9,1.1
2024-03-23T22:31:53Z,26.554918,-77.083305,0.15,76.9,1,9,1.1
2024-03-23T22:32:03Z,26.554920,-77.083302,0.21,88.2,1,9,1.1
2024-03-23T22:32:08Z,26.554918,-77.083297,0.22,115.8,1,9,1.1
2024-03-23T22:32:13Z,26.554918,-77.083297,0.19,151.8,1,9,1.1
2024-03-23T22:32:18Z,26.554915,-77.083297,0.42,138.8,1,9,1.1
2024-03-23T22:32:23Z,26.554913,-77.083290,0.17,127.2,1,9,1.1
2024-03-23T22:32:28Z,26.554915,-77.083290,0.09,222.3,1,9,1.1
2024-03-23T22:32:33Z,26.554915,-77.083290,0.26,133.4,1,9,1.1
2024-03-23T22:32:38Z,26.554913,-77.083298,0.05,256.3,1,9,1.1
2024-03-23T22:32:43Z,26.554927,-77.083312,0.15,314.5,1,9,1.1
2024-03-23T22:32:48Z,26.554927,-77.083313,0.06,282.9,1,9,1.1
2024-03-23T22:32:53Z,26.554925,-77.083308,0.04,247.2,1,9,1.1
2024-03-23T22:32:58Z,26.554923,-77.083307,0.08,135.9,1,9,1.1
2024-03-23T22:33:03Z,26.554925,-77.083308,0.17,297.6,1,9,1.1
2024-03-23T22:33:08Z,26.554922,-77.083307,0.17,325.4,1,9,1.1
2024-03-23T22:33:13Z,26.554922,-77.083308,0.03,9.1,1,9,1.1
2024-03-23T22:33:18Z,26.554922,-77.083312,0.05,331.7,1,9,1.1
2024-03-23T22:33:23Z,26.554918,-77.083313,0.05,338.6,1,9,1.1
2024-03-23T22:33:33Z,26.554922,-77.083305,0.14,133.6,1,9,1.1
2024-03-23T22:33:38Z,26.554922,-77.083305,0.28,69.2,1,9,1.1
2024-03-23T22:33:43Z,26.554920,-77.083298,0.19,166.2,1,9,1.1
2024-03-23T22:33:48Z,26.554925,-77.083300,0.11,326.0,1,9,1.1
2024-03-23T22:33:53Z,26.554925,-77.083300,0.13,80.0,1,9,1.1
2024-03-23T22:33:58Z,26.554920,-77.083305,0.14,137.0,1,9,1.1
2024-03-23T22:34:03Z,26.554918,-77.083312,0.16,197.8,1,9,1.1
2024-03-23T22:34:08Z,26.554918,-77.083312,0.25,175.6,1,9,1.1
2024-03-23T22:34:13Z,26.554917,-77.083315,0.18,30.2,1,9,1.1
2024-03-23T22:34:18Z,26.554917,-77.083318,0.24,233.1,1,9,1.1
2024-03-23T22:34:23Z,26.554920,-77.083317,0.13,109.2,1,9,1.1
2024-03-23T22:34:28Z,26.554918,-77.083317,0.11,133.9,1,9,1.1
2024-03-23T22:34:33Z,26.554918,-77.083317,0.15,122.5,1,9,1.1
2024-03-23T22:34:43Z,26.554920,-77.083310,0.18,106.0,1,9,1.1
2024-03-23T22:34:48Z,26.554925,-77.083303,0.07,8.7,1,9,1.1
2024-03-23T22:34:53Z,26.554922,-77.083290,0.19,79.3,1,9,1.1
2024-03-23T22:34:58Z,26.554920,-77.083285,0.31,110.1,1,9,1.1
2024-03-23T22:35:03Z,26.554922,-77.083283,0.09,298.5,1,9,1.1
2024-03-23T22:35:08Z,26.554920,-77.083285,0.27,26.3,1,9,1.1
2024-03-23T22:35:18Z,26.554913,-77.083287,0.17,120.1,1,10,1.1
2024-03-23T22:35:23Z,26.554903,-77.083280,0.22,198.3,1,10,1.1
2024-03-23T22:35:28Z,26.554897,-77.083282,0.19,112.8,1,10,1.1
2024-03-23T22:35:33Z,26.554893,-77.083285,0.30,140.1,1,10,1.1
2024-03-23T22:35:38Z,26.554895,-77.083282,0.05,8.7,1,10,1.1
2024-03-23T22:35:43Z,26.554900,-77.083283,0.09,9.2,1,10,1.1
2024-03-23T22:35:48Z,26.554910,-77.083280,0.22,24.0,1,10,1.1
2024-03-23T22:35:58Z,26.554923,-77.083282,0.11,51.4,1,10,1.1
2024-03-23T22:36:03Z,26.554923,-77.083283,0.11,145.1,1,10,1.1
2024-03-23T22:36:08Z,26.554927,-77.083283,0.09,127.2,1,10,1.1
2024-03-23T22:36:13Z,26.554928,-77.083283,0.05,5.2,1,10,1.1
2024-03-23T22:36:18Z,26.554925,-77.083287,0.16,19.8,1,10,1.1
2024-03-23T22:36:23Z,26.554927,-77.083288,0.03,189.9,1,10,1.1
2024-03-23T22:36:28Z,26.554923,-77.083287,0.10,4.5,1,10,1.1
2024-03-23T22:36:33Z,26.554920,-77.083288,0.06,319.7,1,9,1.3
2024-03-23T22:36:38Z,26.554920,-77.083290,0.03,295.4,1,10,1.1
2024-03-23T22:36:43Z,26.554922,-77.083297,0.16,344.7,1,10,1.1
2024-03-23T22:36:48Z,26.554928,-77.083295,0.43,25.4,1,10,1.1
2024-03-23T22:36:53Z,26.554930,-77.083292,0.06,147.1,1,10,1.1
2024-03-23T22:36:58Z,26.554925,-77.083283,0.05,342.4,1,10,1.1
2024-03-23T22:37:08Z,26.554918,-77.083283,0.15,125.1,1,9,1.1
2024-03-23T22:37:13Z,26.554913,-77.083287,0.23,68.9,1,9,1.1
2024-03-23T22:37:18Z,26.554913,-77.083285,0.08,224.7,1,9,1.1
2024-03-23T22:37:23Z,26.554920,-77.083280,0.09,232.4,1,10,1.1
2024-03-23T22:37:28Z,26.554915,-77.083278,0.07,297.2,1,10,1.1
2024-03-23T22:37:33Z,26.554913,-77.083277,0.18,67.0,1,9,1.2
2024-03-23T22:37:38Z,26.554922,-77.083277,0.23,24.1,1,9,1.2
2024-03-23T22:37:43Z,26.554930,-77.083277,0.25,3.3,1,9,1.2
2024-03-23T22:37:48Z,26.554925,-77.083278,0.07,295.1,1,9,1.2
2024-03-23T22:37:53Z,26.554920,-77.083280,0.14,277.7,1,10,1.1
2024-03-23T22:37:58Z,26.554922,-77.083282,0.10,343.7,1,10,1.1
2024-03-23T22:38:03Z,26.554922,-77.083280,0.31,351.9,1,10,1.1
2024-03-23T22:38:08Z,26.554923,-77.083278,0.12,88.2,1,10,1.1
2024-03-23T22:38:13Z,26.554923,-77.083280,0.05,113.1,1,10,1.1
2024-03-23T22:38:18Z,26.554922,-77.083280,0.07,115.8,1,10,1.1
2024-03-23T22:38:23Z,26.554920,-77.083280,0.08,191.1,1,10,1.1
2024-03-23T22:38:28Z,26.554917,-77.083278,0.03,210.5,1,10,1.1
2024-03-23T22:38:33Z,26.554917,-77.083280,0.13,340.2,1,10,1.1
2024-03-23T22:38:38Z,26.554918,-77.083282,0.23,2.8,1,10,1.1
2024-03-23T22:38:43Z,26.554918,-77.083283,0.05,328.9,1,10,1.1
2024-03-23T22:38:48Z,26.554920,-77.083287,0.12,350.0,1,10,1.1
2024-03-23T22:38:53Z,26.554922,-77.083290,0.14,330.2,1,10,1.1
2024-03-23T22:38:58Z,26.554922,-77.083292,0.07,265.4,1,10,1.1
2024-03-23T22:39:03Z,26.554922,-77.083295,0.08,163.0,1,10,1.1
2024-03-23T22:39:08Z,26.554923,-77.083295,0.09,76.0,1,10,1.1
2024-03-23T22:39:13Z,26.554925,-77.083295,0.02,333.3,1,10,1.1
2024-03-23T22:39:18Z,26.554927,-77.083298,0.10,343.1,1,10,1.1
2024-03-23T22:39:23Z,26.554930,-77.083298,0.34,46.0,1,9,1.2
2024-03-23T22:39:28Z,26.554932,-77.083298,0.17,35.3,1,10,1.1
2024-03-23T22:39:33Z,26.554927,-77.083297,0.18,92.5,1,10,1.1
2024-03-23T22:39:38Z,26.554923,-77.083295,0.28,80.1,1,10,1.1
2024-03-23T22:39:43Z,26.554927,-77.083295,0.08,343.4,1,10,1.1
2024-03-23T22:39:48Z,26.554923,-77.083300,0.06,47.9,1,10,1.1
2024-03-23T22:39:53Z,26.554922,-77.083303,0.26,218.5,1,9,1.2
2024-03-23T22:39:58Z,26.554922,-77.083307,0.10,332.0,1,9,1.2
2024-03-23T22:40:03Z,26.554927,-77.083310,0.21,10.2,1,10,1.1
2024-03-23T22:40:08Z,26.554932,-77.083310,0.35,63.8,1,9,1.2
2024-03-23T22:40:18Z,26.554940,-77.083310,0.16,47.4,1,10,1.1
2024-03-23T22:40:23Z,26.554943,-77.083310,0.12,74.2,1,9,1.2
2024-03-23T22:40:28Z,26.554942,-77.083308,0.11,141.8,1,9,1.2
2024-03-23T22:40:33Z,26.554938,-77.083308,0.09,287.4,1,9,1.2
2024-03-23T22:40:38Z,26.554932,-77.083308,0.12,178.8,1,9,1.2
2024-03-23T22:40:48Z,26.554923,-77.083305,0.28,97.4,1,10,1.1
2024-03-23T22:40:53Z,26.554922,-77.083303,0.20,76.4,1,10,1.1
2024-03-23T22:40:58Z,26.554923,-77.083300,0.11,185.1,1,10,1.1
2024-03-23T22:41:03Z,26.554923,-77.083298,0.10,70.8,1,10,1.1
2024-03-23T22:41:08Z,26.554925,-77.083298,0.20,77.4,1,10,1.1
2024-03-23T22:41:18Z,26.554928,-77.083300,0.12,94.1,1,10,1.1
2024-03-23T22:41:23Z,26.554930,-77.083298,0.07,16.9,1,10,1.1
2024-03-23T22:41:28Z,26.554932,-77.083288,0.10,95.9,1,10,1.1
2024-03-23T22:41:33Z,26.554932,-77.083285,0.14,114.2,1,10,1.1
2024-03-23T22:41:38Z,26.554932,-77.083280,0.16,325.8,1,10,1.1
2024-03-23T22:41:43Z,26.554932,-77.083275,0.15,86.8,1,10,1.1
2024-03-23T22:41:48Z,26.554928,-77.083265,0.36,103.4,1,10,1.1
2024-03-23T22:41:53Z,26.554922,-77.083255,0.16,83.8,1,10,1.1
2024-03-23T22:41:58Z,26.554918,-77.083250,0.35,141.3,1,10,1.1
2024-03-23T22:42:03Z,26.554912,-77.083250,0.36,194.1,1,10,1.1
2024-03-23T22:42:08Z,26.554913,-77.083258,0.08,182.5,1,10,1.1
2024-03-23T22:42:13Z,26.554913,-77.083268,0.21,34.9,1,10,1.1
2024-03-23T22:42:23Z,26.554915,-77.083290,0.20,289.5,1,10,1.1
2024-03-23T22:42:28Z,26.554920,-77.083305,0.17,275.1,1,10,1.1
2024-03-23T22:42:33Z,26.554920,-77.083310,0.20,267.2,1,10,1.1
2024-03-23T22:42:38Z,26.554918,-77.083318,0.15,185.1,1,10,1.1
2024-03-23T22:42:43Z,26.554922,-77.083322,0.29,353.9,1,10,1.1
2024-03-23T22:42:48Z,26.554927,-77.083325,0.31,2.4,1,10,1.1
2024-03-23T22:42:58Z,26.554923,-77.083318,0.14,98.5,1,10,1.1
2024-03-23T22:43:03Z,26.554927,-77.083317,0.17,38.0,1,10,1.1
2024-03-23T22:43:08Z,26.554927,-77.083313,0.26,48.4,1,10,1.1
2024-03-23T22:43:13Z,26.554930,-77.083303,0.24,68.1,1,10,1.1
2024-03-23T22:43:18Z,26.554935,-77.083307,0.07,355.6,1,10,1.1
2024-03-23T22:43:23Z,26.554940,-77.083310,0.13,108.3,1,9,1.3
2024-03-23T22:43:33Z,26.554940,-77.083300,0.30,97.9,1,10,1.1
2024-03-23T22:43:38Z,26.554937,-77.083298,0.30,115.0,1,9,1.2
2024-03-23T22:43:43Z,26.554930,-77.083283,0.24,117.5,1,9,1.2
2024-03-23T22:43:48Z,26.554927,-77.083282,0.45,130.0,1,9,1.2
2024-03-23T22:43:53Z,26.554922,-77.083280,0.32,160.3,1,9,1.2
2024-03-23T22:43:58Z,26.554918,-77.083277,0.26,141.1,1,9,1.2
2024-03-23T22:44:03Z,26.554918,-77.083272,0.54,85.9,1,9,1.2
2024-03-23T22:44:08Z,26.554918,-77.083267,0.06,167.3,1,9,1.2
2024-03-23T22:44:13Z,26.554922,-77.083262,0.20,53.6,1,9,1.2
2024-03-23T22:44:18Z,26.554920,-77.083253,0.16,135.5,1,9,1.2
2024-03-23T22:44:23Z,26.554922,-77.083255,0.15,354.4,1,9,1.2
2024-03-23T22:44:33Z,26.554913,-77.083267,0.12,178.8,1,9,1.2
2024-03-23T22:44:38Z,26.554915,-77.083277,0.33,298.2,1,9,1.2
2024-03-23T22:44:43Z,26.554912,-77.083283,0.49,285.0,1,9,1.2
2024-03-23T22:44:48Z,26.554910,-77.083288,0.08,234.3,1,9,1.2
2024-03-23T22:44:53Z,26.554913,-77.083292,0.20,243.3,1,9,1.2
2024-03-23T22:45:03Z,26.554918,-77.083313,0.25,288.9,1,9,1.2
2024-03-23T22:45:08Z,26.554912,-77.083325,0.39,320.3,1,9,1.2
2024-03-23T22:45:13Z,26.554917,-77.083325,0.17,8.5,1,8,1.3
2024-03-23T22:45:18Z,26.554922,-77.083315,0.42,25.2,1,9,1.2
2024-03-23T22:45:23Z,26.554928,-77.083313,0.14,20.7,1,9,1.2
2024-03-23T22:45:28Z,26.554930,-77.083317,0.45,24.3,1,9,1.2
2024-03-23T22:45:33Z,26.554922,-77.083312,0.26,47.6,1,9,1.2
2024-03-23T22:45:38Z,26.554920,-77.083312,0.17,29.0,1,9,1.2
2024-03-23T22:45:43Z,26.554923,-77.083312,0.04,86.9,1,9,1.2
2024-03-23T22:45:48Z,26.554928,-77.083313,0.05,46.1,1,8,1.3
2024-03-23T22:45:53Z,26.554927,-77.083310,0.19,284.0,1,8,1.3
2024-03-23T22:45:58Z,26.554932,-77.083307,0.10,265.7,1,9,1.2
2024-03-23T22:46:03Z,26.554933,-77.083295,0.29,70.6,1,9,1.2
2024-03-23T22:46:08Z,26.554930,-77.083300,0.20,126.8,1,9,1.2
2024-03-23T22:46:13Z,26.554927,-77.083303,0.37,101.4,1,9,1.2
2024-03-23T22:46:18Z,26.554928,-77.083298,0.30,53.8,1,9,1.2
2024-03-23T22:46:23Z,26.554928,-77.083295,0.19,114.5,1,9,1.2
2024-03-23T22:46:28Z,26.554928,-77.083290,0.21,126.3,1,9,1.2
2024-03-23T22:46:33Z,26.554927,-77.083287,0.12,67.9,1,9,1.2
2024-03-23T22:46:38Z,26.554927,-77.083282,0.06,123.8,1,9,1.2
2024-03-23T22:46:43Z,26.554925,-77.083278,0.22,86.4,1,9,1.2
2024-03-23T22:46:48Z,26.554923,-77.083275,0.22,92.9,1,9,1.2
2024-03-23T22:46:53Z,26.554922,-77.083277,0.10,286.4,1,9,1.2
2024-03-23T22:47:03Z,26.554922,-77.083282,0.14,334.1,1,9,1.2
2024-03-23T22:47:08Z,26.554927,-77.083285,0.35,336.4,1,9,1.2
2024-03-23T22:47:13Z,26.554927,-77.083293,0.28,343.9,1,9,1.2
2024-03-23T22:47:18Z,26.554927,-77.083300,0.41,307.3,1,9,1.2
2024-03-23T22:47:23Z,26.554925,-77.083307,0.19,330.8,1,9,1.2
2024-03-23T22:47:33Z,26.554918,-77.083313,0.16,334.6,1,9,1.2
2024-03-23T22:47:38Z,26.554920,-77.083313,0.26,121.8,1,9,1.2
2024-03-23T22:47:43Z,26.554922,-77.083318,0.34,307.6,1,9,1.2
2024-03-23T22:47:48Z,26.554925,-77.083322,0.34,346.8,1,9,1.2
2024-03-23T22:47:53Z,26.554928,-77.083327,0.23,320.8,1,9,1.2
2024-03-23T22:47:58Z,26.554925,-77.083332,0.32,305.1,1,9,1.2
2024-03-23T22:48:08Z,26.554918,-77.083337,0.07,313.3,1,9,1.2
2024-03-23T22:48:13Z,26.554928,-77.083343,0.09,329.0,1,9,1.2
2024-03-23T22:48:18Z,26.554933,-77.083337,0.22,56.8,1,9,1.2
2024-03-23T22:48:23Z,26.554938,-77.083338,0.53,52.0,1,9,1.2
2024-03-23T22:48:28Z,26.554942,-77.083343,0.22,22.5,1,9,1.2
2024-03-23T22:48:33Z,26.554943,-77.083347,0.15,28.1,1,9,1.2
2024-03-23T22:48:43Z,26.554945,-77.083337,0.39,116.6,1,9,1.2
2024-03-23T22:48:48Z,26.554943,-77.083332,0.38,114.2,1,9,1.2
2024-03-23T22:48:53Z,26.554945,-77.083315,0.39,78.0,1,9,1.2
2024-03-23T22:48:58Z,26.554943,-77.083312,0.45,141.9,1,9,1.2
2024-03-23T22:49:03Z,26.554942,-77.083308,0.19,85.3,1,9,1.2
2024-03-23T22:49:08Z,26.554942,-77.083302,0.35,68.4,1,9,1.2
2024-03-23T22:49:18Z,26.554923,-77.083293,0.31,101.5,1,8,1.3
2024-03-23T22:49:23Z,26.554923,-77.083293,0.02,304.3,1,9,1.2
2024-03-23T22:49:28Z,26.554923,-77.083287,0.41,74.2,1,9,1.2
2024-03-23T22:49:33Z,26.554930,-77.083282,0.19,251.5,1,9,1.2
2024-03-23T22:49:38Z,26.554937,-77.083283,0.13,294.8,1,9,1.2
2024-03-23T22:49:43Z,26.554933,-77.083283,0.32,226.0,1,9,1.2
2024-03-23T22:49:48Z,26.554928,-77.083290,0.19,232.3,1,9,1.2
2024-03-23T22:49:53Z,26.554922,-77.083295,0.31,200.1,1,9,1.2
2024-03-23T22:49:58Z,26.554923,-77.083310,0.29,330.4,1,9,1.2
2024-03-23T22:50:03Z,26.554925,-77.083320,0.28,226.3,1,9,1.2
2024-03-23T22:50:08Z,26.554918,-77.083327,0.27,300.5,1,9,1.2
2024-03-23T22:50:13Z,26.554918,-77.083332,0.49,17.0,1,9,1.2
2024-03-23T22:50:18Z,26.554920,-77.083323,0.11,44.1,1,9,1.2
2024-03-23T22:50:23Z,26.554922,-77.083318,0.32,31.1,1,9,1.2
2024-03-23T22:50:28Z,26.554925,-77.083320,0.28,41.2,1,9,1.2
2024-03-23T22:50:33Z,26.554935,-77.083315,0.16,20.1,1,9,1.2
2024-03-23T22:50:38Z,26.554935,-77.083318,0.13,109.7,1,9,1.2
2024-03-23T22:50:43Z,26.554938,-77.083315,0.40,97.0,1,9,1.2
2024-03-23T22:50:53Z,26.554935,-77.083308,0.15,236.9,1,9,1.2
2024-03-23T22:50:58Z,26.554935,-77.083302,0.28,97.5,1,9,1.2
2024-03-23T22:51:03Z,26.554933,-77.083297,0.25,130.5,1,9,1.2
2024-03-23T22:51:08Z,26.554932,-77.083293,0.19,114.9,1,9,1.2
2024-03-23T22:51:13Z,26.554928,-77.083287,0.05,45.9,1,9,1.2
2024-03-23T22:51:23Z,26.554922,-77.083267,0.11,76.8,1,9,1.2
2024-03-23T22:51:28Z,26.554925,-77.083273,0.13,204.7,1,9,1.2
2024-03-23T22:51:33Z,26.554927,-77.083280,0.01,325.1,1,9,1.2
2024-03-23T22:51:38Z,26.554928,-77.083277,0.08,341.4,1,9,1.2
2024-03-23T22:51:43Z,26.554925,-77.083283,0.23,225.5,1,9,1.2
2024-03-23T22:51:53Z,26.554912,-77.083288,0.20,198.8,1,9,1.2
2024-03-23T22:51:58Z,26.554912,-77.083292,0.21,359.6,1,9,1.2
2024-03-23T22:52:03Z,26.554900,-77.083288,0.33,262.5,1,9,1.2
2024-03-23T22:52:08Z,26.554903,-77.083288,0.51,37.8,1,9,1.2
2024-03-23T22:52:13Z,26.554910,-77.083297,0.14,16.3,1,9,1.2
2024-03-23T22:52:23Z,26.554922,-77.083300,0.27,346.2,1,9,1.2
2024-03-23T22:52:28Z,26.554918,-77.083300,0.12,358.5,1,9,1.2
2024-03-23T22:52:33Z,26.554918,-77.083298,0.13,236.8,1,9,1.2
2024-03-23T22:52:38Z,26.554912,-77.083298,0.21,162.4,1,9,1.2
2024-03-23T22:52:43Z,26.554913,-77.083295,0.11,61.0,1,9,1.2
2024-03-23T22:52:53Z,26.554913,-77.083295,0.15,305.7,1,9,1.2
2024-03-23T22:52:58Z,26.554912,-77.083298,0.23,212.3,1,9,1.2
2024-03-23T22:53:03Z,26.554913,-77.083302,0.20,307.9,1,9,1.2
2024-03-23T22:53:08Z,26.554917,-77.083298,0.22,5.5,1,9,1.2
2024-03-23T22:53:13Z,26.554920,-77.083295,0.20,28.1,1,9,1.2
2024-03-23T22:53:23Z,26.554925,-77.083297,0.05,162.6,1,9,1.2
2024-03-23T22:53:28Z,26.554925,-77.083303,0.28,284.8,1,9,1.2
2024-03-23T22:53:33Z,26.554927,-77.083308,0.23,261.5,1,9,1.2
2024-03-23T22:53:38Z,26.554923,-77.083308,0.22,286.7,1,9,1.2
2024-03-23T22:53:43Z,26.554930,-77.083315,0.22,297.0,1,9,1.2
2024-03-23T22:53:53Z,26.554930,-77.083312,0.19,71.6,1,9,1.2
2024-03-23T22:53:58Z,26.554935,-77.083322,0.11,313.4,1,9,1.2
2024-03-23T22:54:03Z,26.554932,-77.083325,0.06,171.3,1,9,1.2
2024-03-23T22:54:08Z,26.554930,-77.083327,0.19,74.8,1,9,1.2
2024-03-23T22:54:13Z,26.554932,-77.083322,0.28,142.9,1,9,1.2
2024-03-23T22:54:18Z,26.554938,-77.083327,0.22,56.3,1,9,1.2
2024-03-23T22:54:23Z,26.554945,-77.083327,0.22,44.2,1,9,1.2
2024-03-23T22:54:28Z,26.554945,-77.083323,0.17,70.3,1,9,1.2
2024-03-23T22:54:33Z,26.554942,-77.083318,0.23,195.2,1,9,1.2
2024-03-23T22:54:38Z,26.554938,-77.083312,0.08,152.7,1,9,1.2
2024-03-23T22:54:43Z,26.554933,-77.083307,0.27,136.6,1,9,1.2
2024-03-23T22:54:48Z,26.554930,-77.083303,0.33,110.3,1,9,1.2
2024-03-23T22:54:53Z,26.554932,-77.083303,0.22,76.3,1,9,1.2
2024-03-23T22:54:58Z,26.554932,-77.083295,0.57,80.8,1,9,1.2
2024-03-23T22:55:03Z,26.554930,-77.083287,0.29,122.2,1,9,1.2
2024-03-23T22:55:08Z,26.554927,-77.083285,0.48,147.8,1,9,1.2
2024-03-23T22:55:13Z,26.554923,-77.083288,0.11,156.1,1,9,1.2
2024-03-23T22:55:18Z,26.554915,-77.083270,0.23,165.7,1,9,1.2
2024-03-23T22:55:28Z,26.554920,-77.083283,0.20,280.6,1,9,1.2
2024-03-23T22:55:33Z,26.554927,-77.083300,0.31,314.9,1,9,1.2
2024-03-23T22:55:38Z,26.554928,-77.083303,0.18,315.2,1,9,1.2
2024-03-23T22:55:43Z,26.554923,-77.083308,0.38,222.0,1,9,1.2
2024-03-23T22:55:48Z,26.554907,-77.083300,0.11,145.9,1,9,1.2
2024-03-23T22:55:53Z,26.554910,-77.083305,0.08,219.5,1,9,1.2
2024-03-23T22:56:03Z,26.554920,-77.083317,0.27,348.9,1,7,1.7
2024-03-23T22:56:08Z,26.554927,-77.083318,0.09,296.2,1,9,1.2
2024-03-23T22:56:13Z,26.554928,-77.083318,0.25,8.3,1,8,1.4
2024-03-23T22:56:18Z,26.554932,-77.083320,0.28,342.5,1,9,1.2
2024-03-23T22:56:23Z,26.554935,-77.083322,0.19,17.9,1,9,1.2
2024-03-23T22:56:28Z,26.554933,-77.083317,0.20,214.1,1,9,1.2
2024-03-23T22:56:33Z,26.554930,-77.083315,0.26,113.1,1,9,1.2
2024-03-23T22:56:38Z,26.554937,-77.083322,0.42,306.7,1,9,1.2
2024-03-23T22:56:43Z,26.554940,-77.083318,0.34,92.3,1,9,1.2
2024-03-23T22:56:48Z,26.554942,-77.083313,0.20,17.8,1,9,1.2
2024-03-23T22:56:53Z,26.554945,-77.083310,0.16,38.3,1,9,1.2
2024-03-23T22:56:58Z,26.554943,-77.083313,0.17,185.0,1,9,1.2
2024-03-23T22:57:08Z,26.554938,-77.083310,0.16,85.5,1,9,1.2
2024-03-23T22:57:13Z,26.554942,-77.083315,0.05,133.6,1,9,1.2
2024-03-23T22:57:18Z,26.554945,-77.083320,0.02,347.4,1,9,1.2
2024-03-23T22:57:23Z,26.554943,-77.083317,0.15,147.5,1,9,1.2
2024-03-23T22:57:28Z,26.554945,-77.083315,0.18,135.4,1,9,1.2
2024-03-23T22:57:33Z,26.554945,-77.083312,0.21,47.7,1,9,1.2
2024-03-23T22:57:43Z,26.554943,-77.083303,0.11,359.2,1,9,1.2
2024-03-23T22:57:48Z,26.554940,-77.083298,0.14,158.3,1,9,1.2
2024-03-23T22:57:53Z,26.554937,-77.083287,0.22,134.3,1,9,1.2
2024-03-23T22:57:58Z,26.554933,-77.083285,0.14,143.2,1,9,1.2
2024-03-23T22:58:03Z,26.554932,-77.083288,0.12,175.1,1,9,1.2
2024-03-23T22:58:08Z,26.554930,-77.083290,0.07,93.3,1,9,1.2
2024-03-23T22:58:18Z,26.554932,-77.083293,0.21,25.3,1,9,1.2
2024-03-23T22:58:23Z,26.554933,-77.083292,0.19,329.1,1,9,1.2
2024-03-23T22:58:28Z,26.554933,-77.083290,0.13,45.8,1,9,1.2
2024-03-23T22:58:33Z,26.554933,-77.083288,0.11,89.1,1,9,1.2
2024-03-23T22:58:38Z,26.554933,-77.083287,0.09,248.3,1,9,1.2
2024-03-23T22:58:43Z,26.554932,-77.083290,0.07,222.3,1,9,1.2
2024-03-23T22:58:53Z,26.554928,-77.083295,0.11,257.6,1,9,1.2
2024-03-23T22:58:58Z,26.554930,-77.083302,0.26,257.3,1,9,1.2
2024-03-23T22:59:03Z,26.554930,-77.083310,0.53,308.5,1,8,1.3
2024-03-23T22:59:08Z,26.554932,-77.083312,0.37,77.6,1,9,1.2
2024-03-23T22:59:13Z,26.554925,-77.083312,0.03,332.0,1,9,1.2
2024-03-23T22:59:18Z,26.554922,-77.083310,0.04,31.6,1,9,1.2
2024-03-23T22:59:28Z,26.554937,-77.083320,0.16,345.1,1,9,1.2
2024-03-23T22:59:33Z,26.554942,-77.083325,0.18,348.9,1,9,1.2
2024-03-23T22:59:38Z,26.554945,-77.083328,0.09,282.2,1,9,1.2
2024-03-23T22:59:43Z,26.554945,-77.083330,0.20,198.9,1,9,1.2
2024-03-23T22:59:48Z,26.554947,-77.083332,0.10,284.6,1,9,1.2
2024-03-23T22:59:53Z,26.554948,-77.083323,0.25,74.8,1,9,1.2
2024-03-23T22:59:58Z,26.554948,-77.083320,0.34,81.2,1,9,1.2
2024-03-23T23:00:03Z,26.554948,-77.083317,0.13,97.2,1,9,1.2
2024-03-23T23:00:08Z,26.554947,-77.083320,0.26,103.5,1,9,1.2
2024-03-23T23:00:13Z,26.554933,-77.083307,0.28,122.2,1,9,1.2
2024-03-23T23:00:18Z,26.554930,-77.083303,0.20,104.7,1,9,1.2
2024-03-23T23:00:28Z,26.554927,-77.083288,0.15,81.3,1,9,1.2
2024-03-23T23:00:33Z,26.554927,-77.083298,0.21,225.3,1,9,1.2
2024-03-23T23:00:38Z,26.554922,-77.083283,0.28,134.9,1,9,1.2
2024-03-23T23:00:43Z,26.554922,-77.083282,0.01,199.0,1,9,1.2
2024-03-23T23:00:48Z,26.554922,-77.083278,0.05,122.1,1,9,1.2
2024-03-23T23:00:53Z,26.554920,-77.083282,0.23,223.7,1,9,1.2
2024-03-23T23:00:58Z,26.554922,-77.083288,0.03,206.6,1,9,1.2
2024-03-23T23:01:03Z,26.554922,-77.083290,0.24,226.0,1,9,1.2
2024-03-23T23:01:08Z,26.554923,-77.083293,0.08,198.7,1,9,1.2
2024-03-23T23:01:13Z,26.554920,-77.083292,0.10,263.4,1,9,1.2
2024-03-23T23:01:18Z,26.554918,-77.083290,0.12,189.5,1,9,1.2
2024-03-23T23:01:28Z,26.554920,-77.083287,0.16,31.1,1,9,1.2
2024-03-23T23:01:33Z,26.554918,-77.083285,0.11,359.4,1,9,1.2
2024-03-23T23:01:38Z,26.554922,-77.083287,0.14,15.1,1,9,1.2
2024-03-23T23:01:43Z,26.554923,-77.083290,0.10,327.1,1,9,1.2
2024-03-23T23:01:48Z,26.554927,-77.083293,0.13,8.0,1,9,1.2
2024-03-23T23:01:53Z,26.554930,-77.083297,0.24,339.4,1,9,1.2
2024-03-23T23:02:03Z,26.554935,-77.083290,0.08,17.3,1,9,1.2
2024-03-23T23:02:08Z,26.554940,-77.083292,0.10,13.6,1,9,1.2
2024-03-23T23:02:13Z,26.554942,-77.083295,0.08,300.7,1,9,1.2
2024-03-23T23:02:18Z,26.554938,-77.083305,0.07,320.1,1,9,1.2
2024-03-23T23:02:23Z,26.554938,-77.083308,0.03,261.5,1,9,1.2
2024-03-23T23:02:28Z,26.554937,-77.083295,0.15,109.0,1,9,1.2
2024-03-23T23:02:38Z,26.554933,-77.083285,0.08,100.6,1,9,1.2
2024-03-23T23:02:43Z,26.554933,-77.083292,0.22,178.6,1,9,1.2
2024-03-23T23:02:48Z,26.554930,-77.083295,0.15,238.2,1,9,1.2
2024-03-23T23:02:53Z,26.554927,-77.083300,0.21,225.7,1,9,1.2
2024-03-23T23:02:58Z,26.554923,-77.083302,0.07,3.7,1,9,1.2
2024-03-23T23:03:03Z,26.554923,-77.083298,0.09,221.3,1,9,1.2
2024-03-23T23:03:13Z,26.554922,-77.083300,0.16,301.5,1,9,1.2
2024-03-23T23:03:18Z,26.554918,-77.083300,0.24,255.1,1,9,1.2
2024-03-23T23:03:23Z,26.554915,-77.083300,0.44,24.3,1,9,1.2
2024-03-23T23:03:28Z,26.554920,-77.083298,0.02,137.2,1,9,1.2
2024-03-23T23:03:33Z,26.554915,-77.083298,0.03,81.8,1,9,1.2
2024-03-23T23:03:38Z,26.554912,-77.083297,0.11,65.6,1,9,1.2
2024-03-23T23:03:48Z,26.554923,-77.083295,0.19,353.3,1,9,1.2
2024-03-23T23:03:53Z,26.554927,-77.083298,0.19,3.1,2,9,1.2
2024-03-23T23:03:58Z,26.554930,-77.083293,0.23,32.6,2,9,1.2
2024-03-23T23:04:03Z,26.554928,-77.083288,0.19,124.4,2,9,1.2
2024-03-23T23:04:08Z,26.554930,-77.083285,0.14,45.8,1,9,1.2
2024-03-23T23:04:13Z,26.554932,-77.083283,0.18,122.8,1,9,1.2
2024-03-23T23:04:23Z,26.554923,-77.083262,0.41,114.2,2,9,1.2
2024-03-23T23:04:28Z,26.554920,-77.083257,0.50,115.2,2,9,1.2
2024-03-23T23:04:33Z,26.554915,-77.083255,0.24,121.3,2,9,1.2
2024-03-23T23:04:38Z,26.554915,-77.083253,0.16,122.8,1,9,1.2
2024-03-23T23:04:43Z,26.554913,-77.083255,0.11,135.4,1,9,1.2
2024-03-23T23:04:48Z,26.554912,-77.083257,0.08,141.9,1,9,1.2
2024-03-23T23:04:53Z,26.554903,-77.083252,0.17,173.4,1,9,1.2
2024-03-23T23:04:58Z,26.554898,-77.083250,0.29,167.7,1,9,1.2
2024-03-23T23:05:03Z,26.554898,-77.083250,0.23,63.7,1,9,1.2
2024-03-23T23:05:08Z,26.554900,-77.083253,0.13,161.1,1,9,1.2
2024-03-23T23:05:13Z,26.554907,-77.083258,0.29,20.9,1,9,1.2
2024-03-23T23:05:18Z,26.554912,-77.083262,0.11,295.7,1,9,1.2
2024-03-23T23:05:23Z,26.554915,-77.083260,0.13,286.3,1,9,1.2
2024-03-23T23:05:33Z,26.554918,-77.083265,0.14,269.7,1,9,1.2
2024-03-23T23:05:38Z,26.554915,-77.083268,0.26,224.6,1,9,1.2
2024-03-23T23:05:43Z,26.554913,-77.083275,0.18,301.9,1,9,1.2
2024-03-23T23:05:48Z,26.554915,-77.083278,0.21,218.9,1,9,1.2
2024-03-23T23:05:53Z,26.554917,-77.083285,0.20,329.8,1,9,1.2
2024-03-23T23:05:58Z,26.554915,-77.083290,0.28,259.1,1,8,1.3
2024-03-23T23:06:08Z,26.554913,-77.083295,0.29,304.3,1,9,1.3
2024-03-23T23:06:13Z,26.554913,-77.083298,0.15,294.7,1,8,1.3
2024-03-23T23:06:18Z,26.554913,-77.083302,0.01,257.4,1,9,1.3
2024-03-23T23:06:23Z,26.554913,-77.083302,0.18,359.2,1,9,1.3
2024-03-23T23:06:28Z,26.554913,-77.083307,0.04,285.2,1,9,1.3
2024-03-23T23:06:33Z,26.554915,-77.083307,0.08,20.2,1,9,1.3
2024-03-23T23:06:43Z,26.554918,-77.083305,0.03,297.3,1,9,1.3
2024-03-23T23:06:48Z,26.554917,-77.083297,0.17,69.3,1,9,1.3
2024-03-23T23:06:53Z,26.554927,-77.083283,0.26,46.8,1,9,1.3
2024-03-23T23:06:58Z,26.554928,-77.083280,0.16,122.8,1,9,1.3
2024-03-23T23:07:03Z,26.554928,-77.083278,0.25,105.6,1,9,1.3
2024-03-23T23:07:08Z,26.554922,-77.083267,0.43,62.2,1,9,1.3
2024-03-23T23:07:18Z,26.554913,-77.083265,0.22,122.5,1,9,1.3
2024-03-23T23:07:23Z,26.554908,-77.083262,0.20,105.5,1,9,1.3
2024-03-23T23:07:28Z,26.554903,-77.083250,0.22,133.9,1,9,1.3
2024-03-23T23:07:33Z,26.554898,-77.083247,0.10,92.5,1,9,1.3
2024-03-23T23:07:38Z,26.554898,-77.083245,0.22,171.1,1,9,1.3
2024-03-23T23:07:43Z,26.554897,-77.083245,0.25,84.9,1,9,1.3
2024-03-23T23:07:53Z,26.554897,-77.083238,0.28,40.0,1,9,1.3
2024-03-23T23:07:58Z,26.554898,-77.083232,0.11,68.5,1,9,1.3
2024-03-23T23:08:03Z,26.554902,-77.083232,0.10,302.1,1,9,1.3
2024-03-23T23:08:08Z,26.554910,-77.083222,0.12,349.6,1,9,1.3
2024-03-23T23:08:13Z,26.554912,-77.083223,0.11,241.5,1,9,1.3
2024-03-23T23:08:18Z,26.554907,-77.083232,0.14,349.3,1,9,1.3
2024-03-23T23:08:28Z,26.554912,-77.083247,0.27,343.3,1,8,1.3
2024-03-23T23:08:33Z,26.554908,-77.083253,0.29,172.8,1,9,1.3
2024-03-23T23:08:38Z,26.554907,-77.083262,0.29,276.8,1,9,1.3
2024-03-23T23:08:43Z,26.554908,-77.083273,0.37,302.8,1,8,1.3
2024-03-23T23:08:48Z,26.554907,-77.083275,0.35,279.7,1,9,1.3
2024-03-23T23:08:53Z,26.554912,-77.083275,0.09,233.1,1,9,1.3
2024-03-23T23:08:58Z,26.554912,-77.083277,0.26,266.5,1,9,1.3
2024-03-23T23:09:03Z,26.554925,-77.083283,0.54,3.4,1,9,1.3
2024-03-23T23:09:08Z,26.554948,-77.083295,0.26,355.9,1,9,1.3
2024-03-23T23:09:13Z,26.554950,-77.083297,0.14,82.0,1,9,1.3
2024-03-23T23:09:18Z,26.554940,-77.083298,0.20,346.6,1,9,1.3
2024-03-23T23:09:23Z,26.554935,-77.083298,0.07,358.7,1,9,1.3
2024-03-23T23:09:28Z,26.554932,-77.083293,0.17,17.7,1,9,1.3
2024-03-23T23:09:38Z,26.554923,-77.083288,0.19,58.4,1,9,1.3
2024-03-23T23:09:43Z,26.554925,-77.083283,0.47,50.9,1,9,1.3
2024-03-23T23:09:48Z,26.554928,-77.083277,0.54,109.2,1,9,1.3
2024-03-23T23:09:53Z,26.554928,-77.083282,0.09,292.2,1,9,1.3
2024-03-23T23:09:58Z,26.554923,-77.083270,0.12,115.8,1,9,1.3
2024-03-23T23:10:03Z,26.554922,-77.083262,0.17,178.6,1,9,1.3
2024-03-23T23:10:13Z,26.554913,-77.083253,0.06,151.8,1,9,1.3
2024-03-23T23:10:18Z,26.554910,-77.083248,0.27,116.1,1,9,1.3
2024-03-23T23:10:23Z,26.554910,-77.083245,0.26,88.7,1,9,1.3
2024-03-23T23:10:28Z,26.554913,-77.083240,0.22,110.3,1,9,1.3
2024-03-23T23:10:33Z,26.554910,-77.083245,0.08,84.9,1,9,1.3
2024-03-23T23:10:38Z,26.554908,-77.083248,0.13,86.3,1,9,1.3
2024-03-23T23:10:48Z,26.554900,-77.083240,0.23,134.9,1,9,1.3
2024-03-23T23:10:53Z,26.554898,-77.083243,0.24,218.6,1,9,1.3
2024-03-23T23:10:58Z,26.554893,-77.083240,0.31,233.4,1,9,1.3
2024-03-23T23:11:03Z,26.554893,-77.083242,0.12,194.6,1,9,1.3
2024-03-23T23:11:08Z,26.554905,-77.083265,0.13,291.3,1,9,1.3
2024-03-23T23:11:13Z,26.554903,-77.083257,0.23,39.2,1,9,1.3
2024-03-23T23:11:23Z,26.554893,-77.083227,0.07,87.4,1,9,1.3
2024-03-23T23:11:28Z,26.554887,-77.083217,0.05,173.2,1,9,1.3
2024-03-23T23:11:33Z,26.554887,-77.083217,0.05,345.1,1,9,1.3
2024-03-23T23:11:38Z,26.554890,-77.083222,0.04,100.9,1,9,1.3
2024-03-23T23:11:43Z,26.554890,-77.083227,0.23,236.7,1,9,1.3
2024-03-23T23:11:48Z,26.554888,-77.083232,0.29,205.8,1,9,1.3
2024-03-23T23:11:58Z,26.554890,-77.083238,0.18,343.4,1,9,1.3
2024-03-23T23:12:03Z,26.554898,-77.083253,0.29,226.9,1,10,0.9
2024-03-23T23:12:08Z,26.554888,-77.083238,0.21,160.2,1,10,0.9
2024-03-23T23:12:13Z,26.554887,-77.083237,0.05,69.2,1,10,0.9
2024-03-23T23:12:18Z,26.554887,-77.083235,0.22,10.3,1,10,0.9
2024-03-23T23:12:23Z,26.554898,-77.083242,0.47,5.8,1,10,0.9
2024-03-23T23:12:28Z,26.554905,-77.083242,0.10,318.7,1,10,0.9
2024-03-23T23:12:33Z,26.554907,-77.083245,0.03,6.9,1,9,1.0
2024-03-23T23:12:38Z,26.554907,-77.083250,0.17,23.7,1,10,0.9
2024-03-23T23:12:43Z,26.554912,-77.083250,0.10,326.6,1,10,0.9
2024-03-23T23:12:48Z,26.554913,-77.083247,0.26,5.3,1,10,0.9
2024-03-23T23:12:53Z,26.554917,-77.083247,0.26,328.2,1,10,0.9
2024-03-23T23:12:58Z,26.554918,-77.083247,0.20,303.4,1,10,0.9
2024-03-23T23:13:03Z,26.554917,-77.083245,0.17,319.2,1,10,0.9
2024-03-23T23:13:08Z,26.554918,-77.083257,0.36,238.8,1,10,0.9
2024-03-23T23:13:13Z,26.554912,-77.083258,0.23,211.8,1,10,0.9
2024-03-23T23:13:18Z,26.554902,-77.083257,0.21,158.5,1,9,1.3
2024-03-23T23:13:23Z,26.554900,-77.083255,0.10,166.3,1,9,1.3
2024-03-23T23:13:28Z,26.554902,-77.083258,0.08,42.2,1,10,0.9
2024-03-23T23:13:33Z,26.554902,-77.083257,0.13,84.8,1,9,1.3
2024-03-23T23:13:43Z,26.554883,-77.083222,0.12,115.7,1,9,1.3
2024-03-23T23:13:48Z,26.554875,-77.083212,0.13,201.0,1,8,1.6
2024-03-23T23:13:53Z,26.554875,-77.083210,0.22,147.6,1,9,1.3
2024-03-23T23:13:58Z,26.554875,-77.083210,0.10,127.5,1,9,1.3
2024-03-23T23:14:03Z,26.554883,-77.083225,0.10,248.7,1,10,0.9
2024-03-23T23:14:08Z,26.554880,-77.083225,0.09,269.6,1,9,1.3
2024-03-23T23:14:18Z,26.554888,-77.083223,0.23,309.7,1,10,0.9
2024-03-23T23:14:23Z,26.554887,-77.083212,0.20,298.5,1,9,1.0
2024-03-23T23:14:28Z,26.554885,-77.083223,0.14,246.8,1,10,0.9
2024-03-23T23:14:33Z,26.554890,-77.083230,0.24,239.4,1,10,0.9
2024-03-23T23:14:38Z,26.554890,-77.083233,0.21,254.9,1,10,0.9
2024-03-23T23:14:43Z,26.554882,-77.083228,0.28,198.5,1,10,0.9
2024-03-23T23:14:48Z,26.554885,-77.083245,0.27,304.7,1,10,0.9
2024-03-23T23:14:53Z,26.554887,-77.083250,0.25,282.1,1,10,0.9
2024-03-23T23:14:58Z,26.554890,-77.083258,0.27,238.0,1,10,0.9
2024-03-23T23:15:03Z,26.554895,-77.083262,0.24,351.1,1,9,0.9
2024-03-23T23:15:08Z,26.554905,-77.083258,0.36,322.8,1,9,0.9
2024-03-23T23:15:13Z,26.554907,-77.083262,0.11,150.4,1,9,0.9
2024-03-23T23:15:18Z,26.554920,-77.083283,0.42,312.1,1,9,0.9
2024-03-23T23:15:28Z,26.554923,-77.083265,0.16,23.7,1,8,1.1
2024-03-23T23:15:33Z,26.554918,-77.083255,0.22,77.7,1,9,0.9
2024-03-23T23:15:38Z,26.554922,-77.083253,0.16,49.9,1,9,0.9
2024-03-23T23:15:43Z,26.554922,-77.083250,0.27,42.5,1,9,0.9
2024-03-23T23:15:48Z,26.554922,-77.083252,0.15,281.0,1,9,0.9
2024-03-23T23:15:53Z,26.554922,-77.083255,0.33,323.6,1,9,0.9
2024-03-23T23:15:58Z,26.554922,-77.083257,0.29,128.1,1,9,0.9
2024-03-23T23:16:03Z,26.554917,-77.083248,0.20,243.7,1,9,0.9
2024-03-23T23:16:08Z,26.554915,-77.083250,0.02,74.0,1,9,0.9
2024-03-23T23:16:13Z,26.554913,-77.083253,0.18,306.8,1,9,0.9
2024-03-23T23:16:18Z,26.554915,-77.083258,0.33,269.7,1,9,0.9
2024-03-23T23:16:23Z,26.554917,-77.083262,0.18,324.6,1,9,0.9
2024-03-23T23:16:28Z,26.554920,-77.083268,0.34,313.4,1,9,0.9
2024-03-23T23:16:38Z,26.554922,-77.083273,0.10,147.1,1,9,0.9
2024-03-23T23:16:43Z,26.554922,-77.083272,0.15,60.7,1,9,0.9
2024-03-23T23:16:48Z,26.554928,-77.083265,0.10,19.2,1,9,0.9
2024-03-23T23:16:53Z,26.554925,-77.083258,0.09,272.4,1,9,0.9
2024-03-23T23:16:58Z,26.554917,-77.083250,0.15,128.0,1,9,0.9
2024-03-23T23:17:03Z,26.554910,-77.083245,0.30,218.1,1,10,0.9
2024-03-23T23:17:13Z,26.554905,-77.083243,0.27,89.5,1,10,0.9
2024-03-23T23:17:18Z,26.554900,-77.083243,0.19,271.4,1,9,0.9
2024-03-23T23:17:23Z,26.554898,-77.083247,0.19,265.9,2,10,0.9
2024-03-23T23:17:28Z,26.554898,-77.083250,0.31,294.3,2,10,0.9
2024-03-23T23:17:33Z,26.554898,-77.083248,0.07,352.7,2,10,0.9
2024-03-23T23:17:38Z,26.554897,-77.083242,0.12,359.4,2,10,0.9
2024-03-23T23:17:43Z,26.554895,-77.083238,0.09,294.7,2,9,1.0
2024-03-23T23:17:48Z,26.554893,-77.083235,0.11,293.7,2,9,1.0
2024-03-23T23:17:53Z,26.554893,-77.083233,0.17,305.6,2,9,1.0
2024-03-23T23:17:58Z,26.554893,-77.083232,0.16,288.2,2,10,0.9
2024-03-23T23:18:03Z,26.554892,-77.083232,0.19,272.1,2,9,1.0
2024-03-23T23:18:08Z,26.554887,-77.083233,0.15,271.1,2,10,0.9
2024-03-23T23:18:13Z,26.554883,-77.083235,0.03,348.4,2,10,0.9
2024-03-23T23:18:18Z,26.554883,-77.083237,0.20,264.2,2,10,0.9
2024-03-23T23:18:23Z,26.554882,-77.083240,0.17,216.9,2,10,0.9
2024-03-23T23:18:28Z,26.554875,-77.083238,0.11,285.6,2,10,0.9
2024-03-23T23:18:33Z,26.554882,-77.083242,0.29,343.6,2,10,0.9
2024-03-23T23:18:38Z,26.554887,-77.083243,0.13,298.9,2,10,0.9
2024-03-23T23:18:43Z,26.554892,-77.083245,0.34,353.8,2,10,0.9
2024-03-23T23:18:48Z,26.554898,-77.083247,0.36,3.7,2,10,0.9
2024-03-23T23:18:53Z,26.554905,-77.083248,0.27,338.7,2,10,0.9
2024-03-23T23:18:58Z,26.554910,-77.083248,0.29,329.9,2,10,0.9
2024-03-23T23:19:03Z,26.554903,-77.083245,0.05,88.5,2,10,0.9
2024-03-23T23:19:08Z,26.554903,-77.083243,0.17,76.4,1,10,0.9
2024-03-23T23:19:13Z,26.554905,-77.083242,0.14,58.9,1,10,0.9
2024-03-23T23:19:18Z,26.554908,-77.083240,0.11,341.9,2,10,0.9
2024-03-23T23:19:23Z,26.554907,-77.083237,0.25,78.3,2,10,0.9
2024-03-23T23:19:28Z,26.554905,-77.083232,0.08,57.4,2,10,0.9
2024-03-23T23:19:33Z,26.554903,-77.083237,0.20,279.0,2,10,0.9
2024-03-23T23:19:38Z,26.554898,-77.083235,0.12,272.6,2,10,0.9
2024-03-23T23:19:43Z,26.554895,-77.083225,0.11,138.0,2,10,0.9
2024-03-23T23:19:48Z,26.554890,-77.083225,0.03,174.7,2,10,0.9
2024-03-23T23:19:53Z,26.554890,-77.083225,0.10,78.1,2,10,0.9
2024-03-23T23:19:58Z,26.554890,-77.083222,0.13,32.8,2,10,0.9
2024-03-23T23:20:03Z,26.554888,-77.083217,0.20,87.9,2,10,0.9
2024-03-23T23:20:08Z,26.554888,-77.083212,0.16,97.6,2,10,0.9
2024-03-23T23:20:13Z,26.554888,-77.083215,0.08,289.4,2,10,0.9
2024-03-23T23:20:18Z,26.554887,-77.083220,0.07,232.9,2,10,0.9
2024-03-23T23:20:23Z,26.554882,-77.083222,0.10,269.3,2,10,0.9
2024-03-23T23:20:28Z,26.554880,-77.083223,0.09,175.1,2,10,0.9
2024-03-23T23:20:33Z,26.554878,-77.083223,0.14,275.6,2,10,0.9
2024-03-23T23:20:38Z,26.554880,-77.083227,0.04,222.3,1,10,0.9
2024-03-23T23:20:48Z,26.554887,-77.083232,0.14,356.8,1,10,0.9
2024-03-23T23:20:53Z,26.554887,-77.083230,0.04,18.4,1,10,0.9
2024-03-23T23:20:58Z,26.554885,-77.083232,0.02,200.7,1,10,0.9
2024-03-23T23:21:03Z,26.554887,-77.083232,0.17,212.7,1,10,0.9
2024-03-23T23:21:08Z,26.554887,-77.083228,0.02,250.2,1,10,0.9
2024-03-23T23:21:13Z,26.554885,-77.083228,0.16,229.1,1,10,0.9
2024-03-23T23:21:23Z,26.554880,-77.083228,0.13,234.5,1,10,0.9
2024-03-23T23:21:28Z,26.554878,-77.083228,0.21,243.9,1,10,0.9
2024-03-23T23:21:33Z,26.554877,-77.083228,0.10,204.8,1,10,0.9
2024-03-23T23:21:38Z,26.554877,-77.083228,0.14,28.8,1,10,0.9
2024-03-23T23:21:43Z,26.554875,-77.083227,0.08,15.8,1,10,0.9
2024-03-23T23:21:48Z,26.554877,-77.083223,0.18,58.3,1,10,0.9
2024-03-23T23:21:58Z,26.554880,-77.083215,0.18,47.0,1,9,1.0
2024-03-23T23:22:03Z,26.554882,-77.083215,0.17,20.8,1,9,1.0
2024-03-23T23:22:08Z,26.554883,-77.083215,0.15,7.8,1,10,0.9
2024-03-23T23:22:13Z,26.554883,-77.083215,0.13,340.5,1,10,0.9
2024-03-23T23:22:18Z,26.554882,-77.083215,0.11,209.9,1,10,0.9
2024-03-23T23:22:23Z,26.554875,-77.083213,0.18,113.6,1,10,0.9
2024-03-23T23:22:33Z,26.554872,-77.083218,0.12,261.6,1,10,0.9
2024-03-23T23:22:38Z,26.554868,-77.083222,0.09,162.5,1,10,0.9
2024-03-23T23:22:43Z,26.554868,-77.083220,0.26,26.7,1,10,0.9
2024-03-23T23:22:48Z,26.554870,-77.083215,0.18,68.3,1,9,1.0
2024-03-23T23:22:53Z,26.554868,-77.083212,0.07,145.6,1,10,0.9
2024-03-23T23:22:58Z,26.554867,-77.083210,0.13,72.4,1,10,0.9
2024-03-23T23:23:08Z,26.554868,-77.083207,0.04,265.4,1,9,1.0
2024-03-23T23:23:13Z,26.554870,-77.083210,0.13,277.9,1,9,1.0
2024-03-23T23:23:18Z,26.554872,-77.083212,0.28,71.6,1,10,0.9
2024-03-23T23:23:23Z,26.554877,-77.083212,0.17,310.6,1,10,0.9
2024-03-23T23:23:28Z,26.554875,-77.083213,0.12,325.7,1,10,0.9
2024-03-23T23:23:33Z,26.554877,-77.083215,0.12,336.0,1,9,1.0
2024-03-23T23:23:38Z,26.554877,-77.083218,0.06,215.1,1,10,0.9
2024-03-23T23:23:43Z,26.554882,-77.083222,0.14,346.8,1,10,0.9
2024-03-23T23:23:48Z,26.554878,-77.083223,0.05,118.0,1,10,0.9
2024-03-23T23:23:53Z,26.554878,-77.083223,0.05,259.5,1,10,0.9
2024-03-23T23:23:58Z,26.554880,-77.083227,0.22,299.0,1,10,0.9
2024-03-23T23:24:03Z,26.554880,-77.083230,0.09,185.6,1,9,0.9
2024-03-23T23:24:08Z,26.554878,-77.083232,0.04,69.8,1,10,0.9
2024-03-23T23:24:18Z,26.554878,-77.083232,0.06,66.3,1,10,0.9
2024-03-23T23:24:23Z,26.554877,-77.083228,0.03,6.6,1,9,1.0
2024-03-23T23:24:28Z,26.554877,-77.083228,0.08,17.5,1,10,0.9
2024-03-23T23:24:33Z,26.554877,-77.083228,0.17,65.0,1,10,0.9
2024-03-23T23:24:38Z,26.554882,-77.083228,0.25,45.0,1,10,0.9
2024-03-23T23:24:43Z,26.554878,-77.083225,0.25,126.8,1,10,0.9
2024-03-23T23:24:53Z,26.554867,-77.083212,0.33,120.9,1,9,1.0
2024-03-23T23:24:58Z,26.554868,-77.083212,0.19,115.3,1,9,1.0
2024-03-23T23:25:03Z,26.554867,-77.083208,0.13,85.0,1,9,1.0
2024-03-23T23:25:08Z,26.554868,-77.083207,0.09,65.9,1,9,1.0
2024-03-23T23:25:13Z,26.554870,-77.083203,0.05,181.4,1,10,0.9
2024-03-23T23:25:18Z,26.554870,-77.083203,0.04,108.7,1,9,1.0
2024-03-23T23:25:28Z,26.554873,-77.083207,0.27,288.4,1,9,1.0
2024-03-23T23:25:33Z,26.554875,-77.083212,0.32,287.4,1,9,1.0
2024-03-23T23:25:38Z,26.554877,-77.083217,0.09,338.7,1,9,1.0
2024-03-23T23:25:43Z,26.554872,-77.083212,0.18,256.1,1,9,1.0
2024-03-23T23:25:48Z,26.554868,-77.083210,0.05,119.1,1,9,1.0
2024-03-23T23:25:53Z,26.554867,-77.083215,0.07,239.4,1,9,1.0
2024-03-23T23:26:03Z,26.554870,-77.083217,0.14,345.0,1,9,1.0
2024-03-23T23:26:08Z,26.554872,-77.083217,0.23,26.2,1,9,1.0
2024-03-23T23:26:13Z,26.554877,-77.083217,0.17,15.2,1,9,1.0
2024-03-23T23:26:18Z,26.554882,-77.083215,0.31,29.0,1,9,0.9
2024-03-23T23:26:23Z,26.554883,-77.083215,0.12,252.5,1,9,0.9
2024-03-23T23:26:28Z,26.554880,-77.083215,0.08,56.3,1,9,0.9
2024-03-23T23:26:38Z,26.554880,-77.083217,0.05,312.4,1,10,0.9
2024-03-23T23:26:43Z,26.554880,-77.083217,0.06,63.4,1,10,0.9
2024-03-23T23:26:48Z,26.554873,-77.083212,0.17,103.9,1,10,0.9
2024-03-23T23:26:53Z,26.554870,-77.083213,0.23,321.3,1,10,0.9
2024-03-23T23:26:58Z,26.554868,-77.083212,0.02,297.7,1,10,0.9
2024-03-23T23:27:03Z,26.554868,-77.083208,0.04,26.6,1,9,1.1
2024-03-23T23:27:13Z,26.554868,-77.083205,0.06,75.3,1,9,1.1
2024-03-23T23:27:18Z,26.554870,-77.083205,0.29,292.1,1,9,1.1
2024-03-23T23:27:23Z,26.554870,-77.083205,0.20,254.9,1,10,0.9
2024-03-23T23:27:28Z,26.554870,-77.083208,0.24,273.6,1,10,0.9
2024-03-23T23:27:33Z,26.554867,-77.083212,0.20,210.7,1,10,0.9
2024-03-23T23:27:38Z,26.554860,-77.083207,0.13,225.3,1,10,0.9
2024-03-23T23:27:48Z,26.554860,-77.083210,0.17,315.7,1,10,0.9
2024-03-23T23:27:53Z,26.554865,-77.083212,0.36,322.0,1,10,0.9
2024-03-23T23:27:58Z,26.554872,-77.083217,0.35,279.8,1,10,0.9
2024-03-23T23:28:03Z,26.554877,-77.083223,0.32,341.9,1,10,0.9
2024-03-23T23:28:08Z,26.554880,-77.083227,0.36,298.2,2,10,0.9
2024-03-23T23:28:13Z,26.554882,-77.083232,0.16,341.6,2,10,0.9
2024-03-23T23:28:23Z,26.554880,-77.083237,0.18,3.8,2,9,1.1
2024-03-23T23:28:28Z,26.554873,-77.083235,0.33,261.3,2,9,1.1
2024-03-23T23:28:33Z,26.554872,-77.083238,0.25,275.4,2,9,1.1
2024-03-23T23:28:38Z,26.554875,-77.083242,0.12,7.2,2,9,1.1
2024-03-23T23:28:43Z,26.554880,-77.083247,0.34,357.4,2,10,0.9
2024-03-23T23:28:48Z,26.554888,-77.083247,0.29,34.4,2,10,0.9
2024-03-23T23:28:58Z,26.554890,-77.083243,0.04,87.8,2,10,0.9
2024-03-23T23:29:03Z,26.554893,-77.083242,0.21,3.3,2,10,0.9
2024-03-23T23:29:08Z,26.554897,-77.083242,0.11,343.3,2,10,0.9
2024-03-23T23:29:13Z,26.554895,-77.083240,0.14,53.8,2,10,0.9
2024-03-23T23:29:18Z,26.554888,-77.083232,0.33,98.9,2,10,0.9
2024-03-23T23:29:23Z,26.554882,-77.083232,0.33,121.7,2,10,0.9
2024-03-23T23:29:28Z,26.554875,-77.083227,0.12,135.7,2,10,0.9
2024-03-23T23:29:38Z,26.554875,-77.083228,0.07,214.8,2,9,1.1
2024-03-23T23:29:43Z,26.554873,-77.083230,0.18,158.7,2,10,0.9
2024-03-23T23:29:48Z,26.554877,-77.083238,0.26,280.1,2,10,0.9
2024-03-23T23:29:53Z,26.554877,-77.083242,0.11,143.7,2,10,0.9
2024-03-23T23:29:58Z,26.554875,-77.083240,0.07,138.4,2,10,0.9
2024-03-23T23:30:03Z,26.554877,-77.083242,0.14,275.5,2,10,0.9
2024-03-23T23:30:08Z,26.554878,-77.083245,0.09,75.6,2,10,0.9
2024-03-23T23:30:13Z,26.554877,-77.083243,0.12,127.3,2,10,0.9
2024-03-23T23:30:18Z,26.554877,-77.083240,0.10,8.9,2,10,0.9
2024-03-23T23:30:23Z,26.554878,-77.083243,0.24,37.3,2,10,0.9
2024-03-23T23:30:28Z,26.554878,-77.083242,0.13,73.3,2,10,0.9
2024-03-23T23:30:33Z,26.554878,-77.083242,0.12,343.3,2,9,1.1
2024-03-23T23:30:38Z,26.554878,-77.083237,0.10,77.2,2,10,0.9
2024-03-23T23:30:43Z,26.554882,-77.083233,0.13,343.9,2,10,0.9
2024-03-23T23:30:48Z,26.554887,-77.083233,0.11,25.4,2,10,0.9
2024-03-23T23:30:53Z,26.554888,-77.083233,0.13,351.0,2,10,0.9
2024-03-23T23:30:58Z,26.554890,-77.083235,0.19,252.6,2,10,0.9
2024-03-23T23:31:03Z,26.554887,-77.083237,0.15,257.6,2,10,0.9
2024-03-23T23:31:08Z,26.554887,-77.083238,0.08,69.1,2,10,0.9
2024-03-23T23:31:13Z,26.554885,-77.083238,0.07,323.4,2,10,0.9
2024-03-23T23:31:18Z,26.554882,-77.083238,0.16,105.0,2,10,0.9
2024-03-23T23:31:23Z,26.554878,-77.083238,0.25,268.5,2,9,1.1
2024-03-23T23:31:28Z,26.554880,-77.083243,0.10,319.5,2,10,0.9
2024-03-23T23:31:33Z,26.554873,-77.083235,0.15,194.8,2,10,0.9
2024-03-23T23:31:38Z,26.554872,-77.083233,0.03,327.8,2,10,0.9
2024-03-23T23:31:43Z,26.554873,-77.083232,0.15,346.8,2,9,1.1
2024-03-23T23:31:48Z,26.554877,-77.083232,0.14,6.8,2,9,1.1
2024-03-23T23:31:53Z,26.554882,-77.083230,0.16,15.5,2,9,1.1
2024-03-23T23:31:58Z,26.554883,-77.083230,0.06,223.7,2,9,1.1
2024-03-23T23:32:03Z,26.554887,-77.083232,0.14,310.3,2,9,1.1
2024-03-23T23:32:08Z,26.554888,-77.083232,0.04,84.6,2,9,1.1
2024-03-23T23:32:13Z,26.554882,-77.083230,0.15,101.3,2,10,0.9
2024-03-23T23:32:18Z,26.554877,-77.083225,0.21,143.2,2,10,0.9
2024-03-23T23:32:23Z,26.554868,-77.083225,0.10,169.8,2,10,0.9
2024-03-23T23:32:28Z,26.554865,-77.083225,0.11,163.4,2,10,0.9
2024-03-23T23:32:33Z,26.554865,-77.083223,0.06,242.4,2,10,0.9
2024-03-23T23:32:38Z,26.554863,-77.083225,0.06,342.4,2,10,0.9
2024-03-23T23:32:43Z,26.554867,-77.083225,0.07,113.6,2,10,0.9
2024-03-23T23:32:48Z,26.554870,-77.083230,0.35,304.6,2,10,0.9
2024-03-23T23:32:53Z,26.554872,-77.083225,0.14,353.9,2,9,1.1
2024-03-23T23:32:58Z,26.554873,-77.083225,0.08,313.6,2,9,1.1
2024-03-23T23:33:03Z,26.554878,-77.083223,0.21,335.6,2,9,1.1
2024-03-23T23:33:13Z,26.554888,-77.083227,0.19,292.3,2,9,1.1
2024-03-23T23:33:18Z,26.554892,-77.083232,0.29,309.1,2,9,1.1
2024-03-23T23:33:23Z,26.554893,-77.083238,0.25,272.4,2,10,0.9
2024-03-23T23:33:28Z,26.554897,-77.083245,0.30,300.6,2,9,1.1
2024-03-23T23:33:33Z,26.554890,-77.083245,0.24,305.8,2,9,1.1
2024-03-23T23:33:38Z,26.554892,-77.083250,0.33,311.3,1,9,1.1
2024-03-23T23:33:43Z,26.554893,-77.083247,0.22,318.5,2,9,1.1
2024-03-23T23:33:48Z,26.554892,-77.083247,0.11,312.8,2,9,1.1
2024-03-23T23:33:53Z,26.554895,-77.083247,0.12,341.9,2,9,1.1
2024-03-23T23:33:58Z,26.554897,-77.083247,0.27,308.5,2,9,1.1
2024-03-23T23:34:03Z,26.554903,-77.083255,0.05,321.2,2,9,1.1
2024-03-23T23:34:08Z,26.554902,-77.083253,0.18,300.8,2,9,1.1
2024-03-23T23:34:13Z,26.554903,-77.083257,0.30,316.5,2,9,1.1
2024-03-23T23:34:18Z,26.554902,-77.083258,0.14,318.1,2,9,1.1
2024-03-23T23:34:23Z,26.554900,-77.083257,0.10,4.6,2,9,1.1
2024-03-23T23:34:28Z,26.554902,-77.083257,0.23,340.5,2,9,1.1
2024-03-23T23:34:33Z,26.554903,-77.083255,0.20,2.1,2,9,1.1
2024-03-23T23:34:38Z,26.554907,-77.083255,0.32,63.1,2,9,1.1
2024-03-23T23:34:43Z,26.554907,-77.083257,0.08,357.6,2,9,1.1
2024-03-23T23:34:48Z,26.554903,-77.083262,0.05,64.0,2,10,0.9
2024-03-23T23:34:53Z,26.554903,-77.083265,0.15,278.9,2,10,0.9
2024-03-23T23:34:58Z,26.554902,-77.083263,0.25,331.0,2,10,0.9
2024-03-23T23:35:03Z,26.554902,-77.083263,0.10,296.6,2,10,0.9
2024-03-23T23:35:08Z,26.554900,-77.083262,0.08,210.0,2,9,1.1
2024-03-23T23:35:13Z,26.554902,-77.083260,0.06,269.0,2,10,0.9
2024-03-23T23:35:18Z,26.554903,-77.083260,0.35,283.5,2,10,0.9
2024-03-23T23:35:23Z,26.554910,-77.083263,0.33,296.5,2,10,0.9
2024-03-23T23:35:28Z,26.554907,-77.083267,0.21,273.8,2,10,0.9
2024-03-23T23:35:38Z,26.554900,-77.083258,0.15,285.8,2,9,1.1
2024-03-23T23:35:43Z,26.554902,-77.083258,0.16,294.5,2,10,0.9
2024-03-23T23:35:48Z,26.554897,-77.083263,0.17,289.9,2,10,0.9
2024-03-23T23:35:53Z,26.554903,-77.083265,0.34,312.4,2,10,0.9
2024-03-23T23:35:58Z,26.554903,-77.083270,0.40,300.3,2,10,0.9
2024-03-23T23:36:03Z,26.554905,-77.083275,0.54,312.6,2,9,1.1
2024-03-23T23:36:08Z,26.554903,-77.083270,0.21,283.7,2,9,1.1
2024-03-23T23:36:18Z,26.554908,-77.083277,0.38,282.1,1,9,1.1
2024-03-23T23:36:23Z,26.554912,-77.083280,0.15,284.5,1,9,1.1
2024-03-23T23:36:28Z,26.554910,-77.083275,0.14,215.1,1,10,0.9
2024-03-23T23:36:33Z,26.554910,-77.083278,0.22,306.9,1,10,0.9
2024-03-23T23:36:38Z,26.554915,-77.083295,0.41,338.2,1,10,0.9
2024-03-23T23:36:43Z,26.554915,-77.083298,0.08,75.1,2,10,0.9
2024-03-23T23:36:53Z,26.554918,-77.083302,0.13,342.8,2,10,0.9
2024-03-23T23:36:58Z,26.554922,-77.083307,0.31,285.8,2,10,0.9
2024-03-23T23:37:03Z,26.554923,-77.083312,0.12,299.6,2,10,0.9
2024-03-23T23:37:08Z,26.554925,-77.083308,0.11,23.8,2,10,0.9
2024-03-23T23:37:13Z,26.554927,-77.083302,0.15,19.0,2,10,0.9
2024-03-23T23:37:18Z,26.554932,-77.083295,0.54,346.5,2,10,0.9
2024-03-23T23:37:23Z,26.554930,-77.083285,0.16,39.7,2,10,0.9
2024-03-23T23:37:28Z,26.554932,-77.083280,0.32,357.7,2,10,0.9
2024-03-23T23:37:33Z,26.554937,-77.083275,0.50,34.5,2,10,0.9
2024-03-23T23:37:38Z,26.554937,-77.083285,0.38,200.4,2,10,0.9
2024-03-23T23:37:43Z,26.554930,-77.083290,0.05,220.0,2,10,0.9
2024-03-23T23:37:48Z,26.554925,-77.083283,0.24,82.8,1,10,0.9
2024-03-23T23:37:53Z,26.554922,-77.083280,0.16,203.6,1,10,0.9
2024-03-23T23:37:58Z,26.554915,-77.083272,0.15,127.5,1,10,0.9
2024-03-23T23:38:03Z,26.554907,-77.083262,0.27,120.9,1,10,0.9
2024-03-23T23:38:08Z,26.554900,-77.083250,0.40,90.3,1,9,1.1
2024-03-23T23:38:13Z,26.554905,-77.083243,0.11,94.7,1,10,0.9
2024-03-23T23:38:18Z,26.554902,-77.083237,0.10,100.3,1,9,1.1
2024-03-23T23:38:23Z,26.554900,-77.083233,0.09,81.1,1,9,1.1
2024-03-23T23:38:28Z,26.554898,-77.083227,0.22,130.8,1,10,0.9
2024-03-23T23:38:38Z,26.554900,-77.083223,0.13,293.4,1,10,0.9
2024-03-23T23:38:43Z,26.554898,-77.083225,0.46,235.1,1,10,0.9
2024-03-23T23:38:48Z,26.554890,-77.083218,0.08,263.9,1,9,1.1
2024-03-23T23:38:53Z,26.554887,-77.083218,0.24,294.3,1,9,1.1
2024-03-23T23:38:58Z,26.554885,-77.083220,0.44,308.6,1,9,1.1
2024-03-23T23:39:03Z,26.554885,-77.083222,0.28,317.7,1,9,1.1
2024-03-23T23:39:13Z,26.554898,-77.083228,0.17,305.2,1,9,1.1
2024-03-23T23:39:18Z,26.554905,-77.083232,0.06,45.4,1,9,1.1
2024-03-23T23:39:23Z,26.554913,-77.083238,0.16,334.6,1,9,1.1
2024-03-23T23:39:28Z,26.554913,-77.083243,0.10,341.2,1,8,1.6
2024-03-23T23:39:33Z,26.554915,-77.083247,0.33,319.5,1,9,1.1
2024-03-23T23:39:43Z,26.554922,-77.083257,0.50,296.7,1,9,1.1
2024-03-23T23:39:48Z,26.554918,-77.083260,0.20,225.8,1,9,1.1
2024-03-23T23:39:53Z,26.554917,-77.083263,0.15,338.7,1,9,1.1
2024-03-23T23:39:58Z,26.554920,-77.083262,0.36,327.4,1,9,1.1
2024-03-23T23:40:03Z,26.554920,-77.083255,0.26,77.5,2,9,1.1
2024-03-23T23:40:08Z,26.554918,-77.083245,0.22,23.1,2,10,0.9
2024-03-23T23:40:13Z,26.554913,-77.083238,0.20,121.9,2,10,0.9
2024-03-23T23:40:18Z,26.554912,-77.083242,0.30,224.2,1,9,1.1
2024-03-23T23:40:23Z,26.554907,-77.083243,0.33,217.1,1,10,0.9
2024-03-23T23:40:28Z,26.554905,-77.083240,0.11,241.9,1,10,0.9
2024-03-23T23:40:33Z,26.554903,-77.083233,0.47,94.0,1,10,0.9
2024-03-23T23:40:38Z,26.554898,-77.083237,0.28,95.1,1,10,0.9
2024-03-23T23:40:43Z,26.554895,-77.083233,0.30,131.1,1,9,1.1
2024-03-23T23:40:53Z,26.554900,-77.083222,0.38,88.3,1,9,1.1
2024-03-23T23:40:58Z,26.554897,-77.083212,0.23,119.6,1,9,1.1
2024-03-23T23:41:03Z,26.554893,-77.083208,0.27,167.2,1,8,1.1
2024-03-23T23:41:08Z,26.554892,-77.083212,0.11,318.6,1,9,1.1
2024-03-23T23:41:13Z,26.554878,-77.083195,0.70,129.6,1,10,0.9
2024-03-23T23:41:23Z,26.554857,-77.083165,0.17,177.2,1,10,0.9
2024-03-23T23:41:28Z,26.554850,-77.083167,0.15,227.3,1,10,0.9
2024-03-23T23:41:33Z,26.554850,-77.083173,0.12,291.1,1,10,0.9
2024-03-23T23:41:38Z,26.554850,-77.083180,0.19,250.5,1,10,0.9
2024-03-23T23:41:43Z,26.554845,-77.083177,0.21,296.3,1,10,0.9
2024-03-23T23:41:48Z,26.554852,-77.083177,0.20,338.8,1,10,0.9
2024-03-23T23:41:58Z,26.554855,-77.083175,0.09,76.6,1,9,1.1
2024-03-23T23:42:03Z,26.554843,-77.083173,0.48,304.7,1,9,1.1
2024-03-23T23:42:08Z,26.554845,-77.083177,0.13,38.3,1,10,0.9
2024-03-23T23:42:13Z,26.554848,-77.083177,0.27,312.9,1,9,0.9
2024-03-23T23:42:18Z,26.554848,-77.083175,0.17,303.3,1,10,0.9
2024-03-23T23:42:28Z,26.554858,-77.083178,0.19,281.6,1,10,0.9
2024-03-23T23:42:33Z,26.554862,-77.083183,0.28,319.9,1,10,0.9
2024-03-23T23:42:38Z,26.554870,-77.083190,0.37,314.6,1,9,1.1
2024-03-23T23:42:43Z,26.554875,-77.083197,0.31,318.1,1,9,1.1
2024-03-23T23:42:48Z,26.554882,-77.083202,0.32,326.2,1,9,1.1
2024-03-23T23:42:58Z,26.554895,-77.083212,0.33,318.2,1,9,1.1
2024-03-23T23:43:03Z,26.554903,-77.083220,0.44,312.9,1,9,1.1
2024-03-23T23:43:08Z,26.554908,-77.083232,0.39,312.2,1,9,1.1
2024-03-23T23:43:13Z,26.554915,-77.083240,0.43,312.2,1,9,1.1
2024-03-23T23:43:18Z,26.554918,-77.083250,0.39,316.1,1,9,1.1
2024-03-23T23:43:28Z,26.554920,-77.083257,0.10,288.6,1,9,1.1
2024-03-23T23:43:33Z,26.554915,-77.083253,0.19,309.0,1,9,1.1
2024-03-23T23:43:38Z,26.554905,-77.083247,0.07,73.7,1,10,0.9
2024-03-23T23:43:43Z,26.554900,-77.083240,0.17,63.1,1,10,0.9
2024-03-23T23:43:48Z,26.554902,-77.083235,0.22,24.5,1,10,0.9
2024-03-23T23:43:58Z,26.554900,-77.083225,0.20,198.3,1,10,0.9
2024-03-23T23:44:03Z,26.554903,-77.083230,0.23,298.7,1,10,0.9
2024-03-23T23:44:08Z,26.554902,-77.083232,0.14,202.0,1,10,0.9
2024-03-23T23:44:13Z,26.554903,-77.083235,0.24,308.2,1,10,0.9
2024-03-23T23:44:18Z,26.554905,-77.083233,0.16,167.8,1,10,0.9
2024-03-23T23:44:23Z,26.554902,-77.083233,0.07,233.9,1,10,0.9
2024-03-23T23:44:33Z,26.554888,-77.083228,0.12,200.8,1,9,1.1
2024-03-23T23:44:38Z,26.554887,-77.083225,0.02,224.6,1,9,1.1
2024-03-23T23:44:43Z,26.554885,-77.083220,0.04,203.9,1,9,1.1
2024-03-23T23:44:48Z,26.554885,-77.083220,0.11,132.8,1,9,1.1
2024-03-23T23:44:53Z,26.554880,-77.083213,0.16,117.8,1,9,1.1
2024-03-23T23:44:58Z,26.554887,-77.083210,0.32,82.5,1,9,1.1
2024-03-23T23:45:03Z,26.554890,-77.083212,0.09,109.5,1,9,1.1
2024-03-23T23:45:08Z,26.554890,-77.083212,0.18,183.1,1,9,1.1
2024-03-23T23:45:13Z,26.554890,-77.083217,0.12,240.1,1,9,1.1
2024-03-23T23:45:18Z,26.554892,-77.083220,0.04,216.2,1,9,1.1
2024-03-23T23:45:23Z,26.554890,-77.083218,0.07,72.9,1,9,1.1
2024-03-23T23:45:28Z,26.554888,-77.083217,0.08,8.1,1,9,1.1
2024-03-23T23:45:33Z,26.554887,-77.083213,0.22,325.6,1,9,1.1
2024-03-23T23:45:43Z,26.554890,-77.083217,0.24,257.5,1,9,1.1
2024-03-23T23:45:48Z,26.554892,-77.083223,0.37,275.7,1,9,1.1
2024-03-23T23:45:53Z,26.554895,-77.083238,0.20,313.8,1,9,1.1
2024-03-23T23:45:58Z,26.554895,-77.083247,0.03,102.6,1,9,1.1
2024-03-23T23:46:03Z,26.554895,-77.083252,0.07,134.5,1,9,1.1
2024-03-23T23:46:08Z,26.554878,-77.083230,0.44,134.6,1,9,1.1
2024-03-23T23:46:18Z,26.554897,-77.083245,0.75,308.6,1,9,1.1
2024-03-23T23:46:23Z,26.554900,-77.083250,0.47,317.7,1,9,1.1
2024-03-23T23:46:28Z,26.554915,-77.083265,0.79,291.5,1,9,1.1
2024-03-23T23:46:33Z,26.554918,-77.083273,0.39,300.8,1,9,1.1
2024-03-23T23:46:38Z,26.554918,-77.083282,0.56,298.6,1,9,1.1
2024-03-23T23:46:48Z,26.554917,-77.083283,0.18,284.0,1,9,1.1
2024-03-23T23:46:53Z,26.554912,-77.083277,0.20,50.4,1,9,1.1
2024-03-23T23:46:58Z,26.554913,-77.083267,0.30,77.7,1,9,1.1
2024-03-23T23:47:03Z,26.554915,-77.083258,0.10,65.9,1,9,1.1
2024-03-23T23:47:08Z,26.554918,-77.083255,0.09,121.2,1,9,1.1
2024-03-23T23:47:13Z,26.554920,-77.083255,0.03,154.2,1,9,1.1
2024-03-23T23:47:23Z,26.554920,-77.083253,0.32,63.1,1,9,1.1
2024-03-23T23:47:28Z,26.554920,-77.083242,0.45,79.0,1,9,1.1
2024-03-23T23:47:33Z,26.554920,-77.083233,0.08,174.2,1,9,1.1
2024-03-23T23:47:38Z,26.554913,-77.083233,0.11,136.2,1,9,1.1
2024-03-23T23:47:43Z,26.554912,-77.083232,0.12,343.1,1,9,1.1
2024-03-23T23:47:48Z,26.554908,-77.083230,0.11,352.4,1,9,1.1
2024-03-23T23:47:58Z,26.554897,-77.083210,0.37,117.5,1,9,1.1
2024-03-23T23:48:03Z,26.554877,-77.083190,0.69,119.9,1,9,1.1
2024-03-23T23:48:08Z,26.554870,-77.083175,0.39,133.7,1,9,1.1
2024-03-23T23:48:13Z,26.554862,-77.083168,0.15,156.3,1,9,1.1
2024-03-23T23:48:18Z,26.554853,-77.083163,0.36,133.0,1,9,1.1
2024-03-23T23:48:23Z,26.554847,-77.083160,0.18,240.3,1,9,1.1
2024-03-23T23:48:28Z,26.554842,-77.083158,0.13,169.3,1,9,1.1
2024-03-23T23:48:33Z,26.554843,-77.083165,0.10,205.6,1,9,1.1
2024-03-23T23:48:38Z,26.554845,-77.083175,0.19,151.7,1,9,1.1
2024-03-23T23:48:43Z,26.554845,-77.083175,0.05,137.1,1,9,1.1
2024-03-23T23:48:48Z,26.554848,-77.083177,0.30,78.5,1,9,1.1
2024-03-23T23:48:53Z,26.554852,-77.083177,0.12,77.6,1,9,1.1
2024-03-23T23:48:58Z,26.554852,-77.083178,0.19,221.1,1,9,1.1
2024-03-23T23:49:03Z,26.554843,-77.083187,0.27,252.0,1,9,1.1
2024-03-23T23:49:08Z,26.554842,-77.083195,0.37,278.7,1,9,1.1
2024-03-23T23:49:13Z,26.554843,-77.083205,0.44,285.8,1,9,1.1
2024-03-23T23:49:18Z,26.554847,-77.083208,0.11,295.8,1,9,1.1
2024-03-23T23:49:28Z,26.554852,-77.083207,0.24,341.2,1,9,1.1
2024-03-23T23:49:33Z,26.554857,-77.083207,0.13,351.8,1,9,1.1
2024-03-23T23:49:38Z,26.554857,-77.083203,0.08,84.5,1,9,1.1
2024-03-23T23:49:43Z,26.554857,-77.083198,0.07,97.8,1,9,1.1
2024-03-23T23:49:48Z,26.554855,-77.083195,0.22,75.7,1,9,1.1
2024-03-23T23:49:58Z,26.554857,-77.083180,0.38,132.6,1,9,1.1
2024-03-23T23:50:03Z,26.554852,-77.083172,0.18,142.7,1,9,1.1
2024-03-23T23:50:08Z,26.554843,-77.083162,0.28,204.2,1,9,1.1
2024-03-23T23:50:13Z,26.554843,-77.083167,0.30,226.7,1,9,1.1
2024-03-23T23:50:18Z,26.554845,-77.083167,0.16,106.8,1,9,1.1
2024-03-23T23:50:28Z,26.554840,-77.083150,0.38,128.5,1,9,1.1
2024-03-23T23:50:33Z,26.554830,-77.083140,0.70,146.0,1,9,1.1
2024-03-23T23:50:38Z,26.554820,-77.083128,0.70,166.3,1,9,1.1
2024-03-23T23:50:43Z,26.554822,-77.083142,0.07,174.9,1,9,1.1
2024-03-23T23:50:48Z,26.554827,-77.083148,0.25,293.6,1,9,1.1
2024-03-23T23:50:58Z,26.554823,-77.083143,0.20,236.4,1,9,1.1
2024-03-23T23:51:03Z,26.554818,-77.083140,0.19,288.3,1,9,1.1
2024-03-23T23:51:08Z,26.554818,-77.083140,0.19,270.0,1,9,1.1
2024-03-23T23:51:13Z,26.554818,-77.083143,0.08,317.2,1,9,1.1
2024-03-23T23:51:18Z,26.554825,-77.083150,0.25,349.9,1,9,1.1
2024-03-23T23:51:23Z,26.554832,-77.083155,0.19,348.6,1,9,1.1
2024-03-23T23:51:33Z,26.554835,-77.083143,0.23,49.5,1,9,1.1
2024-03-23T23:51:38Z,26.554828,-77.083140,0.11,234.7,1,9,1.1
2024-03-23T23:51:43Z,26.554822,-77.083137,0.21,211.6,1,9,1.1
2024-03-23T23:51:48Z,26.554813,-77.083135,0.22,184.1,1,9,1.1
2024-03-23T23:51:53Z,26.554810,-77.083135,0.08,252.0,1,9,1.1
2024-03-23T23:51:58Z,26.554812,-77.083133,0.29,336.9,1,9,1.1
2024-03-23T23:52:08Z,26.554810,-77.083138,0.42,286.5,1,9,1.1
2024-03-23T23:52:13Z,26.554810,-77.083142,0.85,310.3,1,9,1.1
2024-03-23T23:52:18Z,26.554818,-77.083157,0.28,312.6,1,9,1.1
2024-03-23T23:52:23Z,26.554822,-77.083160,0.34,146.7,1,9,1.1
2024-03-23T23:52:28Z,26.554813,-77.083160,0.42,305.5,1,9,1.1
2024-03-23T23:52:33Z,26.554820,-77.083163,0.18,302.7,1,9,1.1
2024-03-23T23:52:43Z,26.554842,-77.083160,0.35,342.0,1,9,1.1
2024-03-23T23:52:48Z,26.554842,-77.083162,0.27,49.7,1,9,1.1
2024-03-23T23:52:53Z,26.554843,-77.083158,0.32,53.1,1,9,1.1
2024-03-23T23:52:58Z,26.554843,-77.083148,0.34,67.4,1,9,1.1
2024-03-23T23:53:03Z,26.554842,-77.083142,0.42,111.7,1,9,1.1
2024-03-23T23:53:08Z,26.554828,-77.083132,0.53,179.9,1,9,1.1
2024-03-23T23:53:13Z,26.554820,-77.083127,0.37,139.1,1,9,1.1
2024-03-23T23:53:18Z,26.554812,-77.083122,0.22,171.2,1,9,1.1
2024-03-23T23:53:23Z,26.554798,-77.083120,0.34,199.4,1,9,1.1
2024-03-23T23:53:28Z,26.554785,-77.083117,0.35,153.5,1,9,1.1
2024-03-23T23:53:33Z,26.554778,-77.083112,0.32,142.9,1,9,1.1
2024-03-23T23:53:38Z,26.554773,-77.083105,0.33,137.4,1,9,1.1
2024-03-23T23:53:43Z,26.554770,-77.083100,0.30,142.2,1,9,1.1
2024-03-23T23:53:53Z,26.554762,-77.083102,0.04,255.8,1,9,1.1
2024-03-23T23:53:58Z,26.554758,-77.083100,0.06,240.8,1,9,1.1
2024-03-23T23:54:03Z,26.554760,-77.083105,0.35,294.2,1,9,1.1
2024-03-23T23:54:08Z,26.554763,-77.083108,0.30,325.8,1,9,1.1
2024-03-23T23:54:13Z,26.554767,-77.083117,0.59,290.4,1,9,1.1
2024-03-23T23:54:18Z,26.554787,-77.083140,0.68,300.3,2,9,1.1
2024-03-23T23:54:23Z,26.554787,-77.083147,0.47,309.7,2,8,1.2
2024-03-23T23:54:28Z,26.554790,-77.083147,0.17,305.1,2,8,1.2
2024-03-23T23:54:33Z,26.554790,-77.083145,0.21,332.8,2,8,1.2
2024-03-23T23:54:38Z,26.554795,-77.083148,0.26,321.0,1,8,1.2
2024-03-23T23:54:43Z,26.554810,-77.083152,0.37,324.1,1,9,1.1
2024-03-23T23:54:48Z,26.554820,-77.083152,0.11,311.5,1,9,1.1
2024-03-23T23:54:53Z,26.554823,-77.083150,0.25,339.9,1,9,1.1
2024-03-23T23:55:03Z,26.554822,-77.083145,0.13,62.8,1,9,1.1
2024-03-23T23:55:08Z,26.554825,-77.083145,0.22,67.9,2,9,1.1
2024-03-23T23:55:13Z,26.554827,-77.083143,0.15,47.2,2,9,1.1
2024-03-23T23:55:18Z,26.554823,-77.083138,0.09,66.6,2,8,1.1
2024-03-23T23:55:23Z,26.554818,-77.083133,0.03,303.6,2,9,1.1
2024-03-23T23:55:28Z,26.554813,-77.083130,0.18,181.4,2,9,1.1
2024-03-23T23:55:38Z,26.554793,-77.083128,0.25,152.2,2,9,1.1
2024-03-23T23:55:43Z,26.554785,-77.083123,0.14,146.7,2,9,1.1
2024-03-23T23:55:48Z,26.554780,-77.083123,0.17,212.2,1,9,1.1
2024-03-23T23:55:53Z,26.554775,-77.083125,0.09,194.4,1,9,1.1
2024-03-23T23:55:58Z,26.554775,-77.083127,0.06,293.0,1,9,1.1
2024-03-23T23:56:03Z,26.554778,-77.083127,0.11,78.8,1,9,1.1
2024-03-23T23:56:13Z,26.554767,-77.083112,0.08,297.9,1,9,1.1
2024-03-23T23:56:18Z,26.554770,-77.083113,0.21,31.7,1,9,1.1
2024-03-23T23:56:23Z,26.554767,-77.083108,0.18,15.7,2,9,1.1
2024-03-23T23:56:28Z,26.554772,-77.083112,0.38,299.0,2,9,1.1
2024-03-23T23:56:33Z,26.554780,-77.083120,0.54,288.2,2,9,1.1
2024-03-23T23:56:38Z,26.554785,-77.083132,0.43,313.3,2,9,1.1
2024-03-23T23:56:48Z,26.554795,-77.083153,0.40,341.6,2,9,1.1
2024-03-23T23:56:53Z,26.554797,-77.083158,0.52,320.3,1,9,1.1
2024-03-23T23:56:58Z,26.554803,-77.083165,0.28,349.3,1,9,1.1
2024-03-23T23:57:03Z,26.554815,-77.083172,0.48,335.0,1,9,1.1
2024-03-23T23:57:08Z,26.554822,-77.083173,0.20,100.9,1,9,1.1
2024-03-23T23:57:13Z,26.554827,-77.083172,0.31,347.2,1,9,1.1
2024-03-23T23:57:18Z,26.554832,-77.083168,0.32,42.6,1,9,1.1
2024-03-23T23:57:23Z,26.554828,-77.083173,0.13,349.5,1,9,1.1
2024-03-23T23:57:28Z,26.554830,-77.083172,0.22,340.3,1,9,1.1
2024-03-23T23:57:33Z,26.554832,-77.083170,0.19,6.5,2,9,1.1
2024-03-23T23:57:38Z,26.554830,-77.083165,0.19,26.5,2,9,1.1
2024-03-23T23:57:43Z,26.554832,-77.083162,0.14,8.9,2,9,1.1
2024-03-23T23:57:48Z,26.554833,-77.083153,0.14,50.2,2,9,1.1
2024-03-23T23:57:58Z,26.554827,-77.083150,0.23,284.4,2,9,1.1
2024-03-23T23:58:03Z,26.554820,-77.083145,0.18,123.6,2,9,1.1
2024-03-23T23:58:08Z,26.554813,-77.083143,0.14,243.5,1,9,1.1
2024-03-23T23:58:13Z,26.554808,-77.083140,0.13,210.6,1,9,1.1
2024-03-23T23:58:18Z,26.554807,-77.083145,0.23,245.9,1,9,1.1
2024-03-23T23:58:23Z,26.554810,-77.083150,0.17,47.8,1,9,1.1
2024-03-23T23:58:28Z,26.554813,-77.083143,0.12,173.2,1,9,1.1
2024-03-23T23:58:33Z,26.554817,-77.083138,0.34,25.8,1,9,1.1
2024-03-23T23:58:38Z,26.554815,-77.083140,0.05,154.8,1,9,1.1
2024-03-23T23:58:43Z,26.554813,-77.083143,0.09,208.7,1,9,1.1
2024-03-23T23:58:48Z,26.554813,-77.083147,0.14,299.1,1,9,1.1
2024-03-23T23:58:58Z,26.554808,-77.083145,0.26,278.2,1,9,1.1
2024-03-23T23:59:03Z,26.554812,-77.083147,0.23,296.0,1,9,1.1
2024-03-23T23:59:08Z,26.554813,-77.083152,0.27,303.7,1,9,1.1
2024-03-23T23:59:13Z,26.554820,-77.083162,0.27,348.5,1,9,1.1
2024-03-23T23:59:18Z,26.554825,-77.083168,0.40,292.2,1,9,1.1
2024-03-23T23:59:28Z,26.554830,-77.083175,0.18,8.8,1,9,1.1
2024-03-23T23:59:33Z,26.554833,-77.083177,0.29,304.3,1,9,1.1
2024-03-23T23:59:38Z,26.554835,-77.083180,0.30,333.8,1,9,1.1
2024-03-23T23:59:43Z,26.554832,-77.083173,0.26,350.2,1,9,1.1
2024-03-23T23:59:48Z,26.554832,-77.083170,0.16,20.5,1,9,1.1
2024-03-23T23:59:58Z,26.554843,-77.083175,0.20,302.0,1,9,1.1
2024-03-24T00:00:03Z,26.554848,-77.083175,0.22,334.0,1,9,1.1
2024-03-24T00:00:08Z,26.554848,-77.083178,0.08,327.4,1,9,1.1
2024-03-24T00:00:13Z,26.554845,-77.083180,0.11,337.2,1,9,1.1
2024-03-24T00:00:18Z,26.554843,-77.083182,0.10,306.0,1,9,1.1
2024-03-24T00:00:28Z,26.554840,-77.083180,0.20,72.9,1,9,1.1
2024-03-24T00:00:33Z,26.554845,-77.083177,0.10,302.8,1,9,1.1
2024-03-24T00:00:38Z,26.554845,-77.083175,0.11,279.1,1,9,1.1
2024-03-24T00:00:43Z,26.554848,-77.083173,0.16,316.4,1,9,1.1
2024-03-24T00:00:48Z,26.554850,-77.083170,0.16,300.6,1,9,1.1
2024-03-24T00:00:53Z,26.554850,-77.083178,0.36,293.9,1,9,1.1
2024-03-24T00:00:58Z,26.554850,-77.083185,0.32,335.4,1,9,1.1
2024-03-24T00:01:03Z,26.554853,-77.083192,0.30,314.1,1,9,1.1
2024-03-24T00:01:08Z,26.554860,-77.083198,0.32,315.3,1,9,1.1
2024-03-24T00:01:13Z,26.554863,-77.083203,0.26,312.3,1,9,1.1
2024-03-24T00:01:23Z,26.554868,-77.083212,0.23,305.4,1,9,1.1
2024-03-24T00:01:28Z,26.554870,-77.083217,0.21,301.4,1,9,1.1
2024-03-24T00:01:33Z,26.554872,-77.083218,0.16,310.1,1,9,1.1
2024-03-24T00:01:38Z,26.554872,-77.083223,0.21,344.7,1,9,1.1
2024-03-24T00:01:43Z,26.554872,-77.083227,0.17,285.2,1,9,1.1
2024-03-24T00:01:53Z,26.554877,-77.083233,0.23,332.0,2,9,1.1
2024-03-24T00:01:58Z,26.554887,-77.083233,0.27,15.6,2,9,1.1
2024-03-24T00:02:03Z,26.554890,-77.083230,0.27,326.1,2,9,1.1
2024-03-24T00:02:08Z,26.554900,-77.083227,0.23,8.6,2,9,1.1
2024-03-24T00:02:13Z,26.554903,-77.083228,0.14,332.5,2,9,1.1
2024-03-24T00:02:23Z,26.554897,-77.083213,0.12,126.1,2,9,1.1
2024-03-24T00:02:28Z,26.554895,-77.083207,0.68,86.5,2,9,1.1
2024-03-24T00:02:33Z,26.554887,-77.083220,0.13,201.2,2,9,1.1
2024-03-24T00:02:38Z,26.554880,-77.083225,0.31,129.5,2,9,1.1
2024-03-24T00:02:43Z,26.554877,-77.083222,0.20,51.4,1,9,1.1
2024-03-24T00:02:48Z,26.554882,-77.083213,0.31,87.6,1,9,1.1
2024-03-24T00:02:53Z,26.554887,-77.083207,0.10,82.1,1,9,1.1
2024-03-24T00:02:58Z,26.554863,-77.083190,0.22,192.9,1,9,1.1
2024-03-24T00:03:03Z,26.554847,-77.083182,0.31,126.9,1,9,1.1
2024-03-24T00:03:08Z,26.554852,-77.083183,0.05,355.6,2,9,1.1
2024-03-24T00:03:13Z,26.554860,-77.083192,0.16,317.3,2,9,1.1
2024-03-24T00:03:18Z,26.554860,-77.083197,0.11,359.1,2,9,1.1
2024-03-24T00:03:23Z,26.554858,-77.083202,0.05,340.7,2,9,1.1
2024-03-24T00:03:28Z,26.554858,-77.083203,0.16,12.9,2,9,1.1
2024-03-24T00:03:33Z,26.554858,-77.083208,0.18,351.7,2,9,1.1
2024-03-24T00:03:38Z,26.554860,-77.083212,0.23,289.2,2,9,1.1
2024-03-24T00:03:43Z,26.554860,-77.083217,0.16,286.4,2,9,1.1
2024-03-24T00:03:48Z,26.554862,-77.083222,0.27,309.1,2,9,1.1
2024-03-24T00:03:53Z,26.554865,-77.083225,0.22,287.6,1,9,1.1
2024-03-24T00:03:58Z,26.554868,-77.083227,0.22,295.5,1,9,1.1
2024-03-24T00:04:03Z,26.554872,-77.083228,0.25,319.1,1,9,1.1
2024-03-24T00:04:08Z,26.554877,-77.083230,0.27,302.8,1,9,1.1
2024-03-24T00:04:13Z,26.554882,-77.083230,0.24,318.1,1,9,1.1
2024-03-24T00:04:18Z,26.554887,-77.083230,0.20,316.5,1,9,1.1
2024-03-24T00:04:23Z,26.554888,-77.083232,0.20,329.2,1,9,1.1
2024-03-24T00:04:28Z,26.554890,-77.083232,0.16,279.0,1,9,1.1
2024-03-24T00:04:33Z,26.554892,-77.083235,0.22,358.1,1,9,1.1
2024-03-24T00:04:38Z,26.554892,-77.083237,0.25,344.3,1,9,1.1
2024-03-24T00:04:43Z,26.554892,-77.083238,0.15,255.3,1,9,1.1
2024-03-24T00:04:53Z,26.554895,-77.083240,0.31,353.7,1,9,1.1
2024-03-24T00:04:58Z,26.554898,-77.083240,0.24,82.3,1,9,1.1
2024-03-24T00:05:03Z,26.554905,-77.083247,0.30,353.4,1,9,1.1
2024-03-24T00:05:08Z,26.554893,-77.083237,0.16,356.7,2,9,1.1
2024-03-24T00:05:13Z,26.554898,-77.083237,0.03,342.9,2,9,1.1
2024-03-24T00:05:23Z,26.554892,-77.083232,0.25,102.4,2,9,1.1
2024-03-24T00:05:28Z,26.554887,-77.083237,0.24,149.0,2,9,1.1
2024-03-24T00:05:33Z,26.554885,-77.083237,0.15,274.2,1,9,1.1
2024-03-24T00:05:38Z,26.554880,-77.083232,0.57,161.0,1,9,1.1
2024-03-24T00:05:43Z,26.554875,-77.083227,0.28,146.4,1,9,1.1
2024-03-24T00:05:53Z,26.554877,-77.083223,0.18,99.9,1,9,1.1
2024-03-24T00:05:58Z,26.554872,-77.083217,0.40,120.3,1,9,1.1
2024-03-24T00:06:03Z,26.554875,-77.083217,0.19,3.8,1,9,1.1
2024-03-24T00:06:08Z,26.554883,-77.083223,0.43,340.6,1,9,1.1
2024-03-24T00:06:18Z,26.554893,-77.083235,0.20,299.2,1,9,1.1
2024-03-24T00:06:23Z,26.554898,-77.083243,0.26,271.1,1,9,1.1
2024-03-24T00:06:28Z,26.554902,-77.083257,0.35,278.4,1,9,1.1
2024-03-24T00:06:33Z,26.554905,-77.083272,0.37,271.3,1,9,1.1
2024-03-24T00:06:43Z,26.554908,-77.083293,0.15,301.8,1,9,1.1
2024-03-24T00:06:48Z,26.554908,-77.083303,0.34,289.1,1,9,1.1
2024-03-24T00:06:53Z,26.554908,-77.083308,0.32,279.4,1,9,1.1
2024-03-24T00:06:58Z,26.554908,-77.083307,0.21,329.2,1,9,1.1
2024-03-24T00:07:03Z,26.554915,-77.083300,0.09,14.2,1,9,1.1
2024-03-24T00:07:08Z,26.554917,-77.083293,0.18,356.8,1,9,1.1
2024-03-24T00:07:13Z,26.554923,-77.083293,0.40,5.7,1,9,1.1
2024-03-24T00:07:18Z,26.554922,-77.083282,0.29,5.3,1,9,1.1
2024-03-24T00:07:23Z,26.554920,-77.083268,0.42,82.1,1,9,1.1
2024-03-24T00:07:28Z,26.554912,-77.083258,0.45,97.9,1,9,1.1
2024-03-24T00:07:33Z,26.554915,-77.083262,0.02,63.3,1,9,1.1
2024-03-24T00:07:38Z,26.554913,-77.083263,0.31,127.1,1,9,1.1
2024-03-24T00:07:43Z,26.554913,-77.083268,0.26,271.6,1,9,1.1
2024-03-24T00:07:48Z,26.554913,-77.083268,0.05,178.4,1,9,1.1
2024-03-24T00:07:53Z,26.554913,-77.083267,0.25,348.3,1,9,1.1
2024-03-24T00:08:03Z,26.554913,-77.083257,0.09,81.3,1,9,1.1
2024-03-24T00:08:08Z,26.554910,-77.083250,0.34,99.1,1,9,1.1
2024-03-24T00:08:13Z,26.554915,-77.083252,0.04,93.4,1,9,1.1
2024-03-24T00:08:18Z,26.554930,-77.083262,0.09,65.7,1,9,1.1
2024-03-24T00:08:28Z,26.554907,-77.083250,0.11,153.8,1,9,1.1
2024-03-24T00:08:33Z,26.554902,-77.083247,0.28,147.7,1,9,1.1
2024-03-24T00:08:38Z,26.554893,-77.083245,0.15,181.5,1,9,1.1
2024-03-24T00:08:43Z,26.554883,-77.083240,0.08,186.8,1,9,1.1
2024-03-24T00:08:53Z,26.554883,-77.083232,0.15,300.7,1,9,1.1
2024-03-24T00:08:58Z,26.554883,-77.083230,0.13,237.4,1,9,1.1
2024-03-24T00:09:03Z,26.554885,-77.083230,0.48,301.5,1,9,1.1
2024-03-24T00:09:08Z,26.554903,-77.083250,0.39,298.2,1,9,1.1
2024-03-24T00:09:13Z,26.554883,-77.083243,0.16,238.5,1,9,1.1
2024-03-24T00:09:18Z,26.554867,-77.083235,0.23,176.2,1,9,1.1
2024-03-24T00:09:23Z,26.554870,-77.083240,0.23,264.5,1,9,1.1
2024-03-24T00:09:28Z,26.554878,-77.083255,0.34,289.1,1,9,1.1
2024-03-24T00:09:33Z,26.554887,-77.083265,0.32,311.6,1,9,1.1
2024-03-24T00:09:38Z,26.554895,-77.083277,0.31,320.7,1,9,1.1
2024-03-24T00:09:48Z,26.554898,-77.083278,0.23,316.6,1,9,1.1
2024-03-24T00:09:53Z,26.554898,-77.083282,0.12,335.4,1,9,1.1
2024-03-24T00:09:58Z,26.554898,-77.083282,0.17,296.2,1,9,1.1
2024-03-24T00:10:03Z,26.554902,-77.083280,0.16,342.2,1,9,1.1
2024-03-24T00:10:13Z,26.554908,-77.083280,0.04,43.1,1,9,1.1
2024-03-24T00:10:18Z,26.554907,-77.083273,0.19,343.1,1,9,1.1
2024-03-24T00:10:23Z,26.554905,-77.083267,0.27,316.2,1,9,1.1
2024-03-24T00:10:28Z,26.554907,-77.083272,0.23,332.3,1,9,1.1
2024-03-24T00:10:33Z,26.554905,-77.083275,0.13,291.9,1,9,1.1
2024-03-24T00:10:43Z,26.554902,-77.083275,0.19,110.9,2,9,1.1
2024-03-24T00:10:48Z,26.554902,-77.083268,0.20,32.1,2,9,1.1
2024-03-24T00:10:53Z,26.554898,-77.083257,0.10,90.8,2,9,1.1
2024-03-24T00:10:58Z,26.554902,-77.083258,0.35,131.2,2,9,1.1
2024-03-24T00:11:03Z,26.554902,-77.083260,0.11,209.8,2,9,1.1
2024-03-24T00:11:08Z,26.554907,-77.083260,0.07,13.0,2,9,1.1
2024-03-24T00:11:13Z,26.554905,-77.083258,0.29,106.6,2,9,1.1
2024-03-24T00:11:18Z,26.554905,-77.083262,0.13,291.6,2,9,1.1
2024-03-24T00:11:23Z,26.554895,-77.083253,0.17,58.7,2,9,1.1
2024-03-24T00:11:28Z,26.554892,-77.083250,0.11,75.1,2,9,1.1
2024-03-24T00:11:33Z,26.554887,-77.083248,0.03,62.7,2,9,1.1
2024-03-24T00:11:38Z,26.554882,-77.083237,0.17,102.5,2,9,1.1
2024-03-24T00:11:43Z,26.554878,-77.083232,0.19,98.5,2,9,1.1
2024-03-24T00:11:48Z,26.554882,-77.083223,0.17,119.7,2,9,1.1
2024-03-24T00:11:53Z,26.554883,-77.083223,0.05,171.8,2,9,1.1
2024-03-24T00:11:58Z,26.554882,-77.083222,0.16,294.5,2,9,1.1
2024-03-24T00:12:03Z,26.554882,-77.083217,0.36,270.7,2,9,1.1
2024-03-24T00:12:08Z,26.554885,-77.083222,0.23,299.9,2,9,1.1
2024-03-24T00:12:13Z,26.554887,-77.083228,0.26,284.8,2,9,1.1
2024-03-24T00:12:18Z,26.554888,-77.083228,0.26,314.4,2,9,1.1
2024-03-24T00:12:23Z,26.554887,-77.083225,0.15,285.7,2,9,1.1
2024-03-24T00:12:28Z,26.554887,-77.083225,0.15,347.7,2,9,1.1
2024-03-24T00:12:33Z,26.554888,-77.083230,0.28,287.9,1,9,1.1
2024-03-24T00:12:38Z,26.554892,-77.083233,0.25,9.1,1,9,1.1
2024-03-24T00:12:43Z,26.554898,-77.083233,0.11,316.8,1,9,1.1
2024-03-24T00:12:48Z,26.554900,-77.083238,0.17,339.6,1,9,1.1
2024-03-24T00:12:53Z,26.554902,-77.083238,0.06,323.5,1,9,1.1
2024-03-24T00:12:58Z,26.554903,-77.083237,0.09,282.5,1,9,1.1
2024-03-24T00:13:03Z,26.554900,-77.083235,0.11,273.3,1,9,1.1
2024-03-24T00:13:13Z,26.554892,-77.083227,0.15,102.0,1,9,1.1
2024-03-24T00:13:18Z,26.554890,-77.083222,0.19,93.4,2,9,1.1
2024-03-24T00:13:23Z,26.554892,-77.083218,0.02,43.7,2,9,1.1
2024-03-24T00:13:28Z,26.554893,-77.083225,0.12,29.6,2,9,1.1
2024-03-24T00:13:33Z,26.554890,-77.083223,0.14,72.3,2,9,1.1
2024-03-24T00:13:38Z,26.554882,-77.083222,0.07,146.1,2,9,1.1
2024-03-24T00:13:48Z,26.554877,-77.083218,0.12,268.8,2,9,1.1
2024-03-24T00:13:53Z,26.554882,-77.083212,0.18,258.4,2,9,1.1
2024-03-24T00:13:58Z,26.554887,-77.083215,0.36,345.1,2,9,1.1
2024-03-24T00:14:03Z,26.554888,-77.083217,0.28,304.7,2,9,1.1
2024-03-24T00:14:08Z,26.554888,-77.083223,0.10,267.5,1,9,1.1
2024-03-24T00:14:13Z,26.554888,-77.083230,0.42,281.8,1,9,1.1
2024-03-24T00:14:23Z,26.554893,-77.083242,0.29,323.8,1,9,1.1
2024-03-24T00:14:28Z,26.554897,-77.083248,0.36,300.4,1,9,1.1
2024-03-24T00:14:33Z,26.554900,-77.083253,0.27,350.2,1,9,1.1
2024-03-24T00:14:38Z,26.554905,-77.083258,0.35,319.7,1,9,1.1
2024-03-24T00:14:43Z,26.554908,-77.083263,0.32,320.5,1,9,1.1
2024-03-24T00:14:48Z,26.554905,-77.083265,0.15,339.7,1,9,1.1
2024-03-24T00:14:53Z,26.554903,-77.083263,0.10,322.9,1,9,1.1
2024-03-24T00:14:58Z,26.554905,-77.083262,0.07,35.9,2,9,1.1
2024-03-24T00:15:03Z,26.554907,-77.083258,0.26,54.7,2,9,1.1
2024-03-24T00:15:08Z,26.554915,-77.083253,0.23,36.5,2,9,1.1
2024-03-24T00:15:13Z,26.554922,-77.083253,0.24,20.6,2,9,1.1
2024-03-24T00:15:18Z,26.554928,-77.083252,0.26,25.2,2,9,1.1
2024-03-24T00:15:28Z,26.554923,-77.083252,0.09,148.9,2,9,1.1
2024-03-24T00:15:33Z,26.554920,-77.083257,0.11,152.9,2,9,1.1
2024-03-24T00:15:38Z,26.554917,-77.083257,0.18,120.4,2,9,1.1
2024-03-24T00:15:43Z,26.554915,-77.083252,0.26,105.0,2,9,1.1
2024-03-24T00:15:48Z,26.554912,-77.083247,0.30,96.3,2,9,1.1
2024-03-24T00:15:53Z,26.554908,-77.083240,0.22,111.4,2,8,1.4
2024-03-24T00:16:03Z,26.554895,-77.083233,0.28,133.1,1,9,1.1
2024-03-24T00:16:08Z,26.554890,-77.083230,0.15,118.5,1,9,1.1
2024-03-24T00:16:13Z,26.554888,-77.083225,0.14,101.8,2,9,1.1
2024-03-24T00:16:18Z,26.554888,-77.083220,0.03,349.0,2,8,1.1
2024-03-24T00:16:23Z,26.554888,-77.083225,0.20,272.2,2,8,1.1
2024-03-24T00:16:28Z,26.554892,-77.083223,0.08,31.4,2,8,1.1
2024-03-24T00:16:33Z,26.554895,-77.083218,0.08,165.0,2,8,1.1
2024-03-24T00:16:38Z,26.554893,-77.083217,0.14,210.3,2,8,1.1
2024-03-24T00:16:43Z,26.554893,-77.083213,0.38,121.1,2,8,1.1
2024-03-24T00:16:48Z,26.554892,-77.083210,0.10,202.6,2,8,1.1
2024-03-24T00:16:53Z,26.554890,-77.083207,0.12,121.1,2,8,1.1
2024-03-24T00:16:58Z,26.554890,-77.083202,0.27,106.5,2,8,1.1
2024-03-24T00:17:03Z,26.554888,-77.083197,0.15,126.3,2,8,1.1
2024-03-24T00:17:13Z,26.554887,-77.083200,0.22,276.3,2,8,1.1
2024-03-24T00:17:18Z,26.554890,-77.083207,0.41,301.1,2,8,1.1
2024-03-24T00:17:23Z,26.554887,-77.083208,0.28,314.4,2,8,1.1
2024-03-24T00:17:28Z,26.554885,-77.083213,0.28,301.2,2,8,1.1
2024-03-24T00:17:33Z,26.554882,-77.083215,0.21,270.3,1,8,1.1
2024-03-24T00:17:38Z,26.554878,-77.083218,0.35,288.3,1,8,1.1
2024-03-24T00:17:48Z,26.554890,-77.083240,0.39,313.8,2,8,1.1
2024-03-24T00:17:53Z,26.554895,-77.083248,0.38,307.1,2,8,1.1
2024-03-24T00:17:58Z,26.554897,-77.083245,0.17,331.5,2,9,0.9
2024-03-24T00:18:03Z,26.554898,-77.083245,0.10,77.1,2,9,0.9
2024-03-24T00:18:08Z,26.554902,-77.083245,0.12,338.7,2,9,0.9
2024-03-24T00:18:13Z,26.554902,-77.083243,0.07,305.8,2,9,0.9
2024-03-24T00:18:18Z,26.554900,-77.083243,0.03,40.2,2,9,0.9
2024-03-24T00:18:23Z,26.554898,-77.083242,0.16,6.2,2,8,1.1
2024-03-24T00:18:28Z,26.554905,-77.083240,0.11,34.2,2,9,0.9
2024-03-24T00:18:33Z,26.554910,-77.083240,0.22,357.9,2,9,0.9
2024-03-24T00:18:38Z,26.554910,-77.083237,0.33,332.6,2,9,0.9
2024-03-24T00:18:43Z,26.554908,-77.083230,0.12,58.4,2,9,0.9
2024-03-24T00:18:48Z,26.554907,-77.083232,0.20,81.8,2,9,0.9
2024-03-24T00:18:58Z,26.554892,-77.083228,0.15,200.0,2,9,0.9
2024-03-24T00:19:03Z,26.554888,-77.083225,0.13,95.9,2,9,0.9
2024-03-24T00:19:08Z,26.554883,-77.083222,0.09,86.2,2,9,0.9
2024-03-24T00:19:13Z,26.554882,-77.083218,0.20,95.1,1,9,0.9
2024-03-24T00:19:18Z,26.554880,-77.083215,0.19,119.5,1,9,0.9
2024-03-24T00:19:23Z,26.554880,-77.083213,0.12,100.5,1,9,0.9
2024-03-24T00:19:33Z,26.554878,-77.083218,0.21,256.2,1,9,0.9
2024-03-24T00:19:38Z,26.554877,-77.083223,0.31,161.2,1,9,0.9
2024-03-24T00:19:43Z,26.554873,-77.083223,0.07,143.2,1,9,0.9
2024-03-24T00:19:48Z,26.554873,-77.083220,0.16,129.0,1,9,0.9
2024-03-24T00:19:53Z,26.554870,-77.083223,0.31,294.0,1,9,0.9
2024-03-24T00:20:03Z,26.554868,-77.083233,0.05,293.6,1,9,0.9
2024-03-24T00:20:08Z,26.554872,-77.083237,0.26,276.0,1,9,0.9
2024-03-24T00:20:13Z,26.554875,-77.083238,0.22,310.4,1,9,0.9
2024-03-24T00:20:18Z,26.554877,-77.083238,0.04,308.6,1,9,0.9
2024-03-24T00:20:23Z,26.554880,-77.083240,0.05,341.8,1,9,0.9
2024-03-24T00:20:33Z,26.554883,-77.083245,0.01,301.8,1,9,0.9
2024-03-24T00:20:38Z,26.554883,-77.083245,0.08,52.9,1,9,0.9
2024-03-24T00:20:43Z,26.554887,-77.083247,0.22,309.1,1,9,0.9
2024-03-24T00:20:48Z,26.554887,-77.083243,0.22,359.9,1,9,0.9
2024-03-24T00:20:53Z,26.554885,-77.083242,0.06,22.0,1,9,0.9
2024-03-24T00:21:03Z,26.554877,-77.083235,0.30,337.5,1,9,0.9
2024-03-24T00:21:08Z,26.554878,-77.083233,0.19,16.4,1,9,0.9
2024-03-24T00:21:13Z,26.554883,-77.083233,0.22,352.6,1,9,0.9
2024-03-24T00:21:18Z,26.554892,-77.083232,0.13,34.3,1,9,0.9
2024-03-24T00:21:23Z,26.554898,-77.083230,0.11,30.7,1,9,0.9
2024-03-24T00:21:33Z,26.554902,-77.083235,0.07,271.3,1,9,0.9
2024-03-24T00:21:38Z,26.554900,-77.083233,0.26,144.6,1,9,0.9
2024-03-24T00:21:43Z,26.554895,-77.083230,0.13,151.7,1,9,0.9
2024-03-24T00:21:48Z,26.554892,-77.083235,0.16,205.9,1,9,0.9
2024-03-24T00:21:53Z,26.554887,-77.083228,0.24,133.8,1,9,0.9
2024-03-24T00:22:03Z,26.554887,-77.083227,0.15,69.6,1,9,0.9
2024-03-24T00:22:08Z,26.554887,-77.083225,0.17,57.4,1,9,0.9
2024-03-24T00:22:13Z,26.554883,-77.083217,0.20,74.1,1,9,0.9
2024-03-24T00:22:18Z,26.554882,-77.083212,0.05,112.3,1,9,0.9
2024-03-24T00:22:23Z,26.554883,-77.083208,0.17,61.8,1,9,0.9
2024-03-24T00:22:28Z,26.554882,-77.083205,0.30,128.4,1,9,0.9
2024-03-24T00:22:38Z,26.554868,-77.083202,0.16,247.0,1,9,0.9
2024-03-24T00:22:43Z,26.554863,-77.083200,0.17,153.5,2,8,1.1
2024-03-24T00:22:48Z,26.554858,-77.083198,0.23,304.0,2,9,0.9
2024-03-24T00:22:53Z,26.554857,-77.083203,0.13,165.5,2,9,0.9
2024-03-24T00:22:58Z,26.554858,-77.083207,0.13,123.5,2,9,0.9
2024-03-24T00:23:03Z,26.554863,-77.083212,0.34,304.4,2,9,0.9
2024-03-24T00:23:08Z,26.554865,-77.083215,0.43,146.4,2,9,0.9
2024-03-24T00:23:13Z,26.554867,-77.083218,0.06,216.2,2,9,0.9
2024-03-24T00:23:18Z,26.554872,-77.083227,0.19,318.7,2,9,0.9
2024-03-24T00:23:23Z,26.554878,-77.083232,0.05,56.4,2,9,0.9
2024-03-24T00:23:28Z,26.554883,-77.083232,0.06,279.0,2,9,0.9
2024-03-24T00:23:33Z,26.554887,-77.083235,0.41,67.8,2,9,0.9
2024-03-24T00:23:38Z,26.554890,-77.083237,0.41,39.6,2,9,0.9
2024-03-24T00:23:48Z,26.554887,-77.083235,0.05,332.3,1,9,0.9
2024-03-24T00:23:53Z,26.554888,-77.083238,0.33,49.0,1,9,0.9
2024-03-24T00:23:58Z,26.554892,-77.083237,0.10,15.1,1,9,0.9
2024-03-24T00:24:03Z,26.554892,-77.083240,0.26,341.4,1,9,0.9
2024-03-24T00:24:08Z,26.554893,-77.083237,0.54,110.9,1,9,0.9
2024-03-24T00:24:13Z,26.554893,-77.083233,0.43,316.2,1,9,0.9
2024-03-24T00:24:23Z,26.554895,-77.083232,0.08,97.7,1,9,0.9
2024-03-24T00:24:28Z,26.554890,-77.083228,0.09,143.0,1,9,0.9
2024-03-24T00:24:33Z,26.554882,-77.083225,0.21,322.8,1,9,0.9
2024-03-24T00:24:38Z,26.554875,-77.083222,0.20,136.9,2,8,1.1
2024-03-24T00:24:43Z,26.554873,-77.083222,0.21,286.1,2,9,0.9
2024-03-24T00:24:48Z,26.554872,-77.083220,0.08,168.3,2,9,0.9
2024-03-24T00:24:58Z,26.554865,-77.083215,0.27,287.0,2,8,1.1
2024-03-24T00:25:03Z,26.554863,-77.083217,0.10,67.1,2,9,0.9
2024-03-24T00:25:08Z,26.554860,-77.083215,0.13,81.6,2,9,0.9
2024-03-24T00:25:13Z,26.554865,-77.083218,0.24,290.4,2,7,1.2
2024-03-24T00:25:18Z,26.554867,-77.083225,0.05,112.6,2,9,0.9
2024-03-24T00:25:23Z,26.554868,-77.083232,0.23,289.2,2,9,0.9
2024-03-24T00:25:28Z,26.554870,-77.083233,0.06,239.8,2,9,0.9
2024-03-24T00:25:33Z,26.554872,-77.083238,0.24,263.8,2,9,0.9
2024-03-24T00:25:38Z,26.554873,-77.083240,0.36,83.1,2,9,0.9
2024-03-24T00:25:43Z,26.554875,-77.083248,0.29,266.4,2,9,0.9
2024-03-24T00:25:48Z,26.554882,-77.083253,0.21,343.9,1,9,0.9
2024-03-24T00:25:53Z,26.554890,-77.083260,0.47,318.2,1,9,0.9
2024-03-24T00:25:58Z,26.554893,-77.083262,0.19,324.0,1,9,0.9
2024-03-24T00:26:03Z,26.554897,-77.083262,0.09,9.4,1,9,0.9
2024-03-24T00:26:08Z,26.554900,-77.083262,0.40,352.3,1,9,0.9
2024-03-24T00:26:13Z,26.554902,-77.083258,0.15,63.3,2,9,0.9
2024-03-24T00:26:18Z,26.554903,-77.083253,0.24,42.3,2,9,0.9
2024-03-24T00:26:23Z,26.554908,-77.083250,0.24,33.4,2,9,0.9
2024-03-24T00:26:28Z,26.554912,-77.083247,0.03,259.9,2,9,0.9
2024-03-24T00:26:33Z,26.554908,-77.083243,0.22,120.8,2,9,0.9
2024-03-24T00:26:38Z,26.554903,-77.083240,0.10,202.9,2,9,0.9
2024-03-24T00:26:43Z,26.554900,-77.083240,0.18,221.7,2,9,0.9
2024-03-24T00:26:48Z,26.554900,-77.083242,0.12,289.0,1,9,0.9
2024-03-24T00:26:53Z,26.554902,-77.083243,0.18,25.6,1,8,1.0
2024-03-24T00:26:58Z,26.554900,-77.083242,0.26,97.8,1,8,1.0
2024-03-24T00:27:03Z,26.554895,-77.083243,0.32,52.6,2,9,0.9
2024-03-24T00:27:08Z,26.554892,-77.083238,0.06,92.1,2,9,0.9
2024-03-24T00:27:13Z,26.554888,-77.083232,0.21,63.1,2,9,0.9
2024-03-24T00:27:18Z,26.554890,-77.083228,0.06,305.3,1,9,0.9
2024-03-24T00:27:23Z,26.554890,-77.083228,0.09,170.5,1,9,0.9
2024-03-24T00:27:28Z,26.554887,-77.083233,0.19,260.6,1,9,0.9
2024-03-24T00:27:33Z,26.554883,-77.083233,0.07,327.0,1,9,0.9
2024-03-24T00:27:38Z,26.554887,-77.083233,0.17,309.0,2,9,0.9
2024-03-24T00:27:43Z,26.554885,-77.083233,0.13,120.8,2,9,0.9
2024-03-24T00:27:48Z,26.554887,-77.083230,0.17,331.8,2,9,0.9
2024-03-24T00:27:53Z,26.554883,-77.083233,0.01,324.3,2,9,0.9
2024-03-24T00:27:58Z,26.554882,-77.083228,0.10,282.3,2,9,0.9
2024-03-24T00:28:03Z,26.554882,-77.083232,0.15,312.1,2,9,0.9
2024-03-24T00:28:08Z,26.554882,-77.083230,0.07,244.4,2,9,0.9
2024-03-24T00:28:13Z,26.554880,-77.083230,0.17,153.0,2,8,1.1
2024-03-24T00:28:18Z,26.554880,-77.083228,0.15,42.5,2,9,0.9
2024-03-24T00:28:23Z,26.554883,-77.083237,0.06,201.1,2,9,0.9
2024-03-24T00:28:28Z,26.554888,-77.083243,0.16,314.1,2,9,0.9
2024-03-24T00:28:33Z,26.554893,-77.083248,0.13,311.3,2,9,0.9
2024-03-24T00:28:38Z,26.554898,-77.083255,0.29,328.1,2,9,0.9
2024-03-24T00:28:43Z,26.554903,-77.083258,0.06,356.4,2,9,0.9
2024-03-24T00:28:48Z,26.554907,-77.083258,0.24,53.6,2,9,0.9
2024-03-24T00:28:53Z,26.554915,-77.083260,0.17,58.7,2,9,0.9
2024-03-24T00:28:58Z,26.554922,-77.083262,0.08,337.3,2,9,0.9
2024-03-24T00:29:03Z,26.554928,-77.083265,0.16,312.1,2,9,0.9
2024-03-24T00:29:08Z,26.554937,-77.083260,0.11,351.6,2,9,0.9
2024-03-24T00:29:13Z,26.554940,-77.083263,0.04,341.9,2,9,0.9
2024-03-24T00:29:18Z,26.554940,-77.083267,0.17,229.7,2,9,0.9
2024-03-24T00:29:28Z,26.554935,-77.083272,0.15,247.4,2,9,0.9
2024-03-24T00:29:33Z,26.554930,-77.083277,0.06,191.0,2,9,0.9
2024-03-24T00:29:38Z,26.554925,-77.083280,0.01,279.9,2,9,0.9
2024-03-24T00:29:43Z,26.554925,-77.083287,0.11,322.9,2,9,0.9
2024-03-24T00:29:48Z,26.554927,-77.083288,0.33,326.9,1,9,0.9
2024-03-24T00:29:53Z,26.554925,-77.083282,0.18,182.6,1,9,0.9
2024-03-24T00:30:03Z,26.554922,-77.083272,0.06,159.4,1,9,0.9
2024-03-24T00:30:08Z,26.554915,-77.083272,0.19,243.8,1,9,0.9
2024-03-24T00:30:13Z,26.554910,-77.083273,0.10,274.9,1,9,0.9
2024-03-24T00:30:18Z,26.554910,-77.083275,0.30,289.8,1,9,0.9
2024-03-24T00:30:23Z,26.554910,-77.083278,0.06,287.1,1,9,0.9
2024-03-24T00:30:33Z,26.554908,-77.083283,0.02,284.1,1,9,0.9
2024-03-24T00:30:38Z,26.554908,-77.083285,0.13,309.8,1,9,0.9
2024-03-24T00:30:43Z,26.554907,-77.083283,0.02,117.5,1,9,0.9
2024-03-24T00:30:48Z,26.554908,-77.083278,0.27,64.1,1,9,0.9
2024-03-24T00:30:53Z,26.554913,-77.083273,0.19,8.8,1,8,1.0
2024-03-24T00:31:03Z,26.554927,-77.083265,0.39,33.8,1,9,0.9
2024-03-24T00:31:08Z,26.554940,-77.083255,0.29,48.3,1,9,0.9
2024-03-24T00:31:13Z,26.554938,-77.083248,0.12,38.8,1,9,0.9
2024-03-24T00:31:18Z,26.554923,-77.083240,0.24,346.6,1,9,0.9
2024-03-24T00:31:23Z,26.554917,-77.083243,0.13,231.0,1,8,1.0
2024-03-24T00:31:33Z,26.554913,-77.083252,0.08,255.1,1,9,0.9
2024-03-24T00:31:38Z,26.554917,-77.083250,0.03,352.0,1,9,0.9
2024-03-24T00:31:43Z,26.554928,-77.083238,0.18,123.7,1,9,0.9
2024-03-24T00:31:48Z,26.554930,-77.083232,0.24,65.4,1,9,0.9
2024-03-24T00:31:53Z,26.554930,-77.083228,0.14,139.0,1,9,0.9
2024-03-24T00:32:03Z,26.554930,-77.083230,0.05,142.9,1,9,0.9
2024-03-24T00:32:08Z,26.554930,-77.083237,0.29,320.7,1,9,0.9
2024-03-24T00:32:13Z,26.554933,-77.083242,0.15,320.1,1,9,0.9
2024-03-24T00:32:18Z,26.554928,-77.083248,0.29,134.8,1,9,0.9
2024-03-24T00:32:23Z,26.554920,-77.083248,0.10,132.1,1,9,0.9
2024-03-24T00:32:33Z,26.554917,-77.083260,0.25,279.8,1,9,0.9
2024-03-24T00:32:38Z,26.554918,-77.083262,0.10,93.6,1,9,0.9
2024-03-24T00:32:43Z,26.554922,-77.083262,0.23,333.4,1,9,0.9
2024-03-24T00:32:48Z,26.554923,-77.083260,0.03,30.6,1,9,0.9
2024-03-24T00:32:53Z,26.554925,-77.083257,0.15,27.2,1,9,0.9
2024-03-24T00:33:03Z,26.554930,-77.083248,0.09,55.0,1,9,0.9
2024-03-24T00:33:08Z,26.554930,-77.083247,0.02,27.8,1,9,0.9
2024-03-24T00:33:13Z,26.554930,-77.083247,0.04,245.6,1,9,0.9
2024-03-24T00:33:18Z,26.554928,-77.083250,0.23,176.1,1,9,0.9
2024-03-24T00:33:23Z,26.554923,-77.083257,0.44,227.2,1,9,0.9
2024-03-24T00:33:28Z,26.554920,-77.083258,0.07,146.0,1,9,0.9
2024-03-24T00:33:38Z,26.554917,-77.083263,0.05,266.2,1,9,0.9
2024-03-24T00:33:43Z,26.554915,-77.083268,0.04,192.9,1,9,0.9
2024-03-24T00:33:48Z,26.554915,-77.083273,0.11,197.8,1,9,0.9
2024-03-24T00:33:53Z,26.554917,-77.083275,0.18,344.3,1,9,0.9
2024-03-24T00:33:58Z,26.554922,-77.083275,0.56,353.8,1,9,0.9
2024-03-24T00:34:03Z,26.554927,-77.083278,0.09,261.8,1,9,0.9
2024-03-24T00:34:13Z,26.554932,-77.083277,0.09,359.6,2,9,0.9
2024-03-24T00:34:18Z,26.554930,-77.083277,0.07,84.6,2,9,0.9
2024-03-24T00:34:23Z,26.554933,-77.083277,0.26,149.7,2,8,1.1
2024-03-24T00:34:28Z,26.554933,-77.083272,0.08,83.4,2,9,0.9
2024-03-24T00:34:33Z,26.554933,-77.083268,0.08,158.0,2,9,0.9
2024-03-24T00:34:38Z,26.554930,-77.083268,0.14,355.6,2,9,0.9
2024-03-24T00:34:43Z,26.554923,-77.083272,0.13,298.3,2,9,0.9
2024-03-24T00:34:48Z,26.554925,-77.083268,0.48,334.4,1,9,0.9
2024-03-24T00:34:53Z,26.554927,-77.083268,0.12,144.2,1,9,0.9
2024-03-24T00:34:58Z,26.554935,-77.083268,0.18,357.6,1,9,0.9
2024-03-24T00:35:03Z,26.554932,-77.083263,0.18,60.5,1,8,1.0
2024-03-24T00:35:08Z,26.554933,-77.083267,0.27,354.7,1,9,0.9
2024-03-24T00:35:13Z,26.554928,-77.083272,0.12,194.2,1,8,1.0
2024-03-24T00:35:23Z,26.554922,-77.083273,0.17,223.8,1,9,0.9
2024-03-24T00:35:28Z,26.554917,-77.083277,0.10,295.6,1,9,0.9
2024-03-24T00:35:33Z,26.554913,-77.083278,0.33,267.9,1,9,0.9
2024-03-24T00:35:38Z,26.554913,-77.083282,0.08,116.4,1,9,0.9
2024-03-24T00:35:43Z,26.554912,-77.083280,0.14,84.8,1,9,0.9
2024-03-24T00:35:48Z,26.554912,-77.083280,0.14,336.9,1,9,0.9
2024-03-24T00:35:53Z,26.554913,-77.083282,0.08,359.2,1,9,0.9
2024-03-24T00:35:58Z,26.554910,-77.083277,0.19,122.6,1,9,0.9
2024-03-24T00:36:03Z,26.554912,-77.083273,0.22,103.0,1,9,0.9
2024-03-24T00:36:08Z,26.554918,-77.083272,0.19,96.3,1,9,0.9
2024-03-24T00:36:13Z,26.554922,-77.083267,0.21,28.4,1,9,0.9
2024-03-24T00:36:23Z,26.554925,-77.083257,0.27,101.6,1,9,0.9
2024-03-24T00:36:28Z,26.554925,-77.083252,0.13,125.0,1,9,0.9
2024-03-24T00:36:33Z,26.554918,-77.083248,0.22,175.0,1,9,0.9
2024-03-24T00:36:38Z,26.554913,-77.083247,0.23,177.4,1,9,0.9
2024-03-24T00:36:43Z,26.554902,-77.083247,0.17,104.8,1,8,1.1
2024-03-24T00:36:53Z,26.554903,-77.083240,0.33,52.4,1,8,1.1
2024-03-24T00:36:58Z,26.554903,-77.083238,0.09,236.5,1,9,0.9
2024-03-24T00:37:03Z,26.554902,-77.083238,0.37,116.7,1,9,0.9
2024-03-24T00:37:08Z,26.554902,-77.083235,0.08,189.9,1,9,0.9
2024-03-24T00:37:13Z,26.554900,-77.083233,0.08,201.0,1,9,0.9
2024-03-24T00:37:23Z,26.554897,-77.083238,0.08,189.2,1,9,0.9
2024-03-24T00:37:28Z,26.554893,-77.083242,0.05,205.6,1,9,0.9
2024-03-24T00:37:33Z,26.554890,-77.083243,0.07,225.9,1,9,0.9
2024-03-24T00:37:38Z,26.554888,-77.083245,0.08,311.1,1,9,0.9
2024-03-24T00:37:43Z,26.554888,-77.083245,0.11,263.9,1,9,0.9
2024-03-24T00:37:53Z,26.554890,-77.083247,0.08,292.1,1,9,0.9
2024-03-24T00:37:58Z,26.554892,-77.083247,0.08,346.8,1,9,0.9
2024-03-24T00:38:03Z,26.554892,-77.083247,0.09,331.7,1,9,0.9
2024-03-24T00:38:08Z,26.554893,-77.083247,0.05,30.7,1,9,0.9
2024-03-24T00:38:13Z,26.554893,-77.083243,0.16,61.7,1,9,0.9
2024-03-24T00:38:23Z,26.554892,-77.083235,0.05,72.0,1,9,0.9
2024-03-24T00:38:28Z,26.554893,-77.083235,0.23,26.3,1,9,0.9
2024-03-24T00:38:33Z,26.554895,-77.083233,0.09,128.1,1,9,0.9
2024-03-24T00:38:38Z,26.554893,-77.083235,0.03,260.3,1,9,0.9
2024-03-24T00:38:43Z,26.554893,-77.083238,0.26,282.6,1,9,0.9
2024-03-24T00:38:48Z,26.554898,-77.083243,0.19,292.1,2,9,0.9
2024-03-24T00:38:53Z,26.554895,-77.083248,0.16,217.5,2,9,0.9
2024-03-24T00:38:58Z,26.554895,-77.083250,0.20,202.7,2,9,0.9
2024-03-24T00:39:03Z,26.554895,-77.083252,0.12,254.2,2,8,1.0
2024-03-24T00:39:08Z,26.554895,-77.083252,0.12,275.8,2,9,0.9
2024-03-24T00:39:13Z,26.554897,-77.083250,0.14,232.7,2,9,0.9
2024-03-24T00:39:18Z,26.554893,-77.083245,0.10,278.8,2,9,0.9
2024-03-24T00:39:23Z,26.554892,-77.083237,0.10,108.6,2,9,0.9
2024-03-24T00:39:28Z,26.554888,-77.083230,0.07,70.2,2,9,0.9
2024-03-24T00:39:33Z,26.554888,-77.083232,0.52,7.7,2,9,0.9
2024-03-24T00:39:38Z,26.554883,-77.083225,0.10,160.0,2,9,0.9
2024-03-24T00:39:43Z,26.554875,-77.083222,0.28,95.4,2,9,0.9
2024-03-24T00:39:48Z,26.554883,-77.083222,0.64,159.0,2,9,0.9
2024-03-24T00:39:53Z,26.554880,-77.083222,0.16,92.8,2,9,0.9
2024-03-24T00:39:58Z,26.554877,-77.083218,0.09,128.6,2,9,0.9
2024-03-24T00:40:03Z,26.554873,-77.083225,0.08,252.0,2,9,0.9
2024-03-24T00:40:08Z,26.554875,-77.083225,0.32,125.2,2,9,0.9
2024-03-24T00:40:13Z,26.554875,-77.083225,0.06,339.5,2,9,0.9
2024-03-24T00:40:18Z,26.554875,-77.083220,0.07,81.8,2,9,0.9
2024-03-24T00:40:23Z,26.554867,-77.083217,0.16,98.9,2,9,0.9
2024-03-24T00:40:28Z,26.554872,-77.083217,0.11,66.3,2,9,0.9
2024-03-24T00:40:33Z,26.554870,-77.083218,0.17,50.6,2,9,0.9
2024-03-24T00:40:38Z,26.554868,-77.083215,0.27,60.6,2,9,0.9
2024-03-24T00:40:43Z,26.554868,-77.083217,0.07,115.2,2,9,0.9
2024-03-24T00:40:48Z,26.554870,-77.083217,0.16,60.1,2,9,0.9
2024-03-24T00:40:53Z,26.554868,-77.083215,0.11,133.9,2,9,0.9
2024-03-24T00:40:58Z,26.554868,-77.083213,0.15,209.0,2,9,0.9
2024-03-24T00:41:03Z,26.554867,-77.083212,0.20,179.6,2,9,0.9
2024-03-24T00:41:08Z,26.554870,-77.083212,0.14,207.1,2,9,0.9
2024-03-24T00:41:18Z,26.554870,-77.083215,0.09,250.1,2,9,0.9
2024-03-24T00:41:23Z,26.554868,-77.083213,0.26,130.5,2,9,0.9
2024-03-24T00:41:28Z,26.554863,-77.083212,0.23,134.6,2,8,1.0
2024-03-24T00:41:33Z,26.554868,-77.083220,0.32,353.4,2,9,0.9
2024-03-24T00:41:38Z,26.554860,-77.083217,0.22,3.4,2,9,0.9
2024-03-24T00:41:43Z,26.554860,-77.083220,0.33,60.3,2,9,0.9
2024-03-24T00:41:48Z,26.554858,-77.083220,0.11,42.4,2,9,0.9
2024-03-24T00:41:53Z,26.554872,-77.083228,0.15,31.7,2,9,0.9
2024-03-24T00:41:58Z,26.554865,-77.083205,0.33,180.2,2,9,0.9
2024-03-24T00:42:03Z,26.554868,-77.083200,0.60,268.9,2,9,0.9
2024-03-24T00:42:08Z,26.554875,-77.083197,0.19,224.6,2,9,0.9
2024-03-24T00:42:13Z,26.554870,-77.083202,0.09,116.6,2,9,0.9
2024-03-24T00:42:18Z,26.554875,-77.083215,0.27,237.9,2,9,0.9
2024-03-24T00:42:23Z,26.554882,-77.083240,0.77,307.0,2,9,0.9
2024-03-24T00:42:28Z,26.554875,-77.083250,0.47,211.8,2,9,0.9
2024-03-24T00:42:33Z,26.554877,-77.083257,0.15,326.4,2,9,0.9
2024-03-24T00:42:38Z,26.554873,-77.083247,0.51,89.3,2,9,0.9
2024-03-24T00:42:43Z,26.554875,-77.083230,0.73,17.2,2,9,0.9
2024-03-24T00:42:48Z,26.554855,-77.083223,0.11,174.1,2,9,0.9
2024-03-24T00:42:53Z,26.554850,-77.083227,0.63,301.5,2,8,1.0
2024-03-24T00:42:58Z,26.554863,-77.083230,0.40,90.5,2,9,0.9
2024-03-24T00:43:03Z,26.554855,-77.083223,0.17,105.7,2,9,0.9
2024-03-24T00:43:08Z,26.554860,-77.083235,0.93,239.8,2,8,1.1
2024-03-24T00:43:13Z,26.554855,-77.083227,0.46,13.6,2,9,0.9
2024-03-24T00:43:18Z,26.554863,-77.083252,0.08,295.8,2,9,0.9
2024-03-24T00:43:23Z,26.554878,-77.083253,0.36,28.8,2,9,0.9
2024-03-24T00:43:28Z,26.554882,-77.083247,0.41,162.8,2,9,0.9
2024-03-24T00:43:33Z,26.554885,-77.083240,0.25,163.2,2,9,0.9
2024-03-24T00:43:38Z,26.554883,-77.083238,0.32,328.3,2,9,0.9
2024-03-24T00:43:43Z,26.554880,-77.083235,0.03,166.3,2,9,0.9
2024-03-24T00:43:48Z,26.554882,-77.083228,0.20,332.5,2,9,0.9
2024-03-24T00:43:53Z,26.554873,-77.083220,0.21,93.1,2,9,0.9
2024-03-24T00:43:58Z,26.554868,-77.083217,0.21,116.8,1,9,0.9
2024-03-24T00:44:03Z,26.554865,-77.083202,0.45,113.7,2,9,0.9
2024-03-24T00:44:08Z,26.554867,-77.083195,0.22,51.9,2,9,0.9
2024-03-24T00:44:18Z,26.554880,-77.083182,0.35,261.2,2,9,0.9
2024-03-24T00:44:23Z,26.554887,-77.083198,0.46,276.9,2,9,0.9
2024-03-24T00:44:28Z,26.554880,-77.083190,0.50,78.2,2,9,0.9
2024-03-24T00:44:33Z,26.554885,-77.083195,0.12,201.5,2,9,0.9
2024-03-24T00:44:38Z,26.554893,-77.083195,0.12,241.8,2,9,0.9
2024-03-24T00:44:43Z,26.554883,-77.083200,0.46,20.4,2,9,0.9
2024-03-24T00:44:48Z,26.554877,-77.083188,0.11,310.8,2,9,0.9
2024-03-24T00:44:53Z,26.554870,-77.083200,0.37,212.9,1,9,0.9
2024-03-24T00:44:58Z,26.554875,-77.083203,0.19,301.6,1,9,0.9
2024-03-24T00:45:03Z,26.554880,-77.083212,0.33,286.1,1,9,0.9
2024-03-24T00:45:08Z,26.554878,-77.083215,0.19,16.0,1,9,0.9
2024-03-24T00:45:13Z,26.554882,-77.083218,0.18,240.4,1,9,0.9
2024-03-24T00:45:18Z,26.554882,-77.083218,0.43,44.0,1,9,0.9
2024-03-24T00:45:28Z,26.554885,-77.083218,0.43,64.8,1,9,0.9
2024-03-24T00:45:33Z,26.554883,-77.083217,0.22,357.4,1,9,1.0
2024-03-24T00:45:38Z,26.554885,-77.083217,0.40,323.1,1,9,1.0
2024-03-24T00:45:43Z,26.554877,-77.083210,0.37,83.2,1,9,1.0
2024-03-24T00:45:48Z,26.554880,-77.083213,0.09,295.8,1,9,1.0
2024-03-24T00:45:53Z,26.554883,-77.083212,0.20,96.0,1,9,1.0
2024-03-24T00:46:03Z,26.554890,-77.083208,0.11,308.0,2,8,1.1
2024-03-24T00:46:08Z,26.554895,-77.083210,0.22,292.5,2,8,1.1
2024-03-24T00:46:13Z,26.554882,-77.083213,0.31,131.3,2,8,1.1
2024-03-24T00:46:18Z,26.554870,-77.083215,0.21,307.6,2,9,1.0
2024-03-24T00:46:23Z,26.554863,-77.083217,0.35,116.0,2,9,1.0
2024-03-24T00:46:28Z,26.554858,-77.083208,0.22,251.2,2,9,1.0
2024-03-24T00:46:33Z,26.554867,-77.083208,0.22,19.7,2,9,1.0
2024-03-24T00:46:38Z,26.554873,-77.083210,0.14,32.4,2,9,1.0
2024-03-24T00:46:43Z,26.554877,-77.083208,0.26,113.0,2,9,1.0
2024-03-24T00:46:48Z,26.554878,-77.083200,0.33,77.1,2,8,1.0
2024-03-24T00:46:53Z,26.554885,-77.083187,0.16,154.8,1,9,1.0
2024-03-24T00:46:58Z,26.554888,-77.083178,0.56,105.5,1,9,1.0
2024-03-24T00:47:03Z,26.554892,-77.083168,0.22,231.2,1,9,1.0
2024-03-24T00:47:13Z,26.554888,-77.083172,0.21,62.7,1,9,1.0
2024-03-24T00:47:18Z,26.554883,-77.083175,0.20,216.7,1,9,1.0
2024-03-24T00:47:23Z,26.554882,-77.083180,0.15,211.2,1,9,1.0
2024-03-24T00:47:28Z,26.554878,-77.083183,0.14,182.4,1,9,1.0
2024-03-24T00:47:33Z,26.554878,-77.083193,0.19,317.3,1,9,1.0
2024-03-24T00:47:38Z,26.554873,-77.083197,0.13,285.1,1,9,1.0
2024-03-24T00:47:48Z,26.554878,-77.083205,0.22,291.5,1,9,1.0
2024-03-24T00:47:53Z,26.554853,-77.083205,0.27,172.3,1,9,1.0
2024-03-24T00:47:58Z,26.554858,-77.083205,0.33,336.0,1,9,1.0
2024-03-24T00:48:03Z,26.554872,-77.083215,0.31,281.4,1,9,1.0
2024-03-24T00:48:08Z,26.554872,-77.083223,0.35,272.9,1,9,1.0
2024-03-24T00:48:13Z,26.554877,-77.083225,0.11,29.1,1,9,1.0
2024-03-24T00:48:23Z,26.554883,-77.083223,0.18,350.0,1,9,1.0
2024-03-24T00:48:28Z,26.554888,-77.083227,0.16,22.7,1,9,1.0
2024-03-24T00:48:33Z,26.554892,-77.083230,0.16,293.6,1,9,1.0
2024-03-24T00:48:38Z,26.554888,-77.083230,0.28,223.4,1,9,1.0
2024-03-24T00:48:43Z,26.554890,-77.083225,0.31,26.6,1,9,1.0
2024-03-24T00:48:48Z,26.554890,-77.083222,0.40,27.1,1,9,1.0
2024-03-24T00:48:58Z,26.554890,-77.083225,0.13,65.1,1,9,1.0
2024-03-24T00:49:03Z,26.554892,-77.083223,0.17,46.1,1,8,1.1
2024-03-24T00:49:08Z,26.554883,-77.083220,0.29,79.8,1,9,1.0
2024-03-24T00:49:13Z,26.554882,-77.083213,0.16,110.7,1,9,1.0
2024-03-24T00:49:18Z,26.554880,-77.083210,0.15,139.8,1,9,1.0
2024-03-24T00:49:23Z,26.554877,-77.083210,0.19,204.5,1,9,1.0
2024-03-24T00:49:33Z,26.554870,-77.083213,0.12,138.9,1,9,1.0
2024-03-24T00:49:38Z,26.554867,-77.083217,0.10,185.9,1,9,1.0
2024-03-24T00:49:43Z,26.554872,-77.083217,0.13,147.6,1,9,1.0
2024-03-24T00:49:48Z,26.554877,-77.083212,0.49,57.0,1,9,1.0
2024-03-24T00:49:53Z,26.554883,-77.083217,0.23,46.2,1,9,1.0
2024-03-24T00:49:58Z,26.554882,-77.083207,0.55,105.3,1,9,1.0
2024-03-24T00:50:03Z,26.554887,-77.083202,0.47,25.1,1,9,1.0
2024-03-24T00:50:08Z,26.554888,-77.083200,0.25,349.6,1,9,1.0
2024-03-24T00:50:13Z,26.554887,-77.083197,0.19,198.5,1,9,1.0
2024-03-24T00:50:18Z,26.554882,-77.083195,0.26,194.5,1,9,1.0
2024-03-24T00:50:23Z,26.554875,-77.083197,0.22,233.2,1,9,1.0
2024-03-24T00:50:28Z,26.554875,-77.083200,0.17,272.7,1,9,1.0
2024-03-24T00:50:33Z,26.554877,-77.083207,0.20,302.3,1,9,1.0
2024-03-24T00:50:43Z,26.554873,-77.083203,0.11,236.4,1,9,1.0
2024-03-24T00:50:48Z,26.554880,-77.083217,0.26,344.3,1,9,1.0
2024-03-24T00:50:53Z,26.554888,-77.083223,0.40,74.1,1,9,1.0
2024-03-24T00:50:58Z,26.554882,-77.083217,0.21,112.2,1,8,1.1
2024-03-24T00:51:03Z,26.554873,-77.083217,0.10,153.6,1,8,1.1
2024-03-24T00:51:08Z,26.554875,-77.083220,0.17,263.6,1,8,1.1
2024-03-24T00:51:18Z,26.554888,-77.083217,0.14,349.1,1,8,1.1
2024-03-24T00:51:23Z,26.554893,-77.083217,0.19,66.9,1,8,1.1
2024-03-24T00:51:28Z,26.554895,-77.083220,0.16,297.6,1,8,1.1
2024-03-24T00:51:33Z,26.554897,-77.083213,0.08,27.3,1,8,1.1
2024-03-24T00:51:38Z,26.554902,-77.083210,0.45,332.0,1,8,1.1
2024-03-24T00:51:43Z,26.554905,-77.083212,0.53,331.2,2,9,1.0
2024-03-24T00:51:53Z,26.554903,-77.083222,0.38,343.5,2,9,1.0
2024-03-24T00:51:58Z,26.554903,-77.083223,0.01,218.1,2,9,1.0
2024-03-24T00:52:03Z,26.554902,-77.083227,0.21,179.7,2,9,1.0
2024-03-24T00:52:08Z,26.554905,-77.083223,0.36,142.2,2,9,1.0
2024-03-24T00:52:13Z,26.554892,-77.083220,0.43,200.1,2,9,1.0
2024-03-24T00:52:18Z,26.554888,-77.083218,0.12,110.2,2,9,1.0
2024-03-24T00:52:23Z,26.554888,-77.083230,0.50,323.9,2,9,1.0
2024-03-24T00:52:28Z,26.554885,-77.083225,0.11,178.7,2,9,1.0
2024-03-24T00:52:33Z,26.554878,-77.083217,0.39,135.0,2,9,1.0
