utc,lat,lon,sog_kn,cog_deg,quality,sats,hdop
2024-03-28T11:17:20Z,26.548793,-77.053662,0.62,217.5,0,0,99.0
2024-03-28T11:17:25Z,26.548888,-77.053632,2.95,210.0,1,3,3.5
2024-03-28T11:17:30Z,26.548977,-77.053685,0.38,97.3,1,5,2.3
2024-03-28T11:17:35Z,26.548987,-77.053712,0.34,310.8,1,5,2.3
2024-03-28T11:17:40Z,26.548983,-77.053732,0.32,314.6,1,5,2.3
2024-03-28T11:17:45Z,26.548980,-77.053708,0.21,322.6,1,5,2.3
2024-03-28T11:17:50Z,26.548968,-77.053660,0.07,30.4,1,6,1.4
2024-03-28T11:17:55Z,26.548968,-77.053648,0.10,333.9,1,7,1.4
2024-03-28T11:18:00Z,26.548968,-77.053645,0.20,327.9,1,7,1.4
2024-03-28T11:18:10Z,26.548972,-77.053643,0.18,334.4,1,7,1.4
2024-03-28T11:18:15Z,26.548972,-77.053642,0.20,345.0,1,7,1.4
2024-03-28T11:18:20Z,26.548973,-77.053640,0.20,352.0,1,7,1.4
2024-03-28T11:18:25Z,26.548975,-77.053638,0.22,354.5,1,7,1.4
2024-03-28T11:18:30Z,26.548977,-77.053637,0.18,346.0,1,7,1.4
2024-03-28T11:18:35Z,26.548977,-77.053637,0.16,336.8,1,7,1.4
2024-03-28T11:18:40Z,26.548980,-77.053638,0.21,325.8,1,7,1.4
2024-03-28T11:18:45Z,26.548982,-77.053640,0.13,324.5,1,7,1.4
2024-03-28T11:18:50Z,26.548975,-77.053630,0.29,89.1,1,7,1.4
2024-03-28T11:18:55Z,26.548977,-77.053627,0.21,345.1,1,7,1.4
2024-03-28T11:19:00Z,26.548990,-77.053625,0.17,130.0,1,7,1.4
2024-03-28T11:19:05Z,26.548983,-77.053625,0.06,63.1,1,6,1.5
2024-03-28T11:19:10Z,26.548990,-77.053635,0.65,338.7,1,7,1.4
2024-03-28T11:19:15Z,26.548978,-77.053638,0.23,344.0,1,7,1.4
2024-03-28T11:19:20Z,26.548980,-77.053642,0.16,317.6,1,7,1.4
2024-03-28T11:19:25Z,26.548982,-77.053635,0.27,323.9,1,7,1.4
2024-03-28T11:19:30Z,26.548987,-77.053638,0.05,16.8,1,7,1.4
2024-03-28T11:19:35Z,26.548993,-77.053640,0.15,237.8,1,7,1.4
2024-03-28T11:19:40Z,26.548977,-77.053637,0.21,116.8,1,7,1.4
2024-03-28T11:19:45Z,26.548970,-77.053637,0.17,282.0,1,7,1.4
2024-03-28T11:19:50Z,26.548975,-77.053648,0.14,326.8,1,7,1.4
2024-03-28T11:19:55Z,26.548990,-77.053658,0.17,330.6,1,7,1.4
2024-03-28T11:20:05Z,26.548993,-77.053657,0.11,332.8,1,7,1.4
2024-03-28T11:20:10Z,26.548995,-77.053657,0.09,319.5,1,7,1.4
2024-03-28T11:20:15Z,26.548997,-77.053658,0.25,322.4,1,7,1.4
2024-03-28T11:20:20Z,26.549000,-77.053658,0.13,340.4,1,7,1.4
2024-03-28T11:20:30Z,26.549002,-77.053655,0.13,330.0,1,7,1.4
2024-03-28T11:20:35Z,26.549002,-77.053653,0.10,8.6,1,7,1.4
2024-03-28T11:20:40Z,26.549000,-77.053655,0.19,347.9,1,7,1.4
2024-03-28T11:20:45Z,26.549002,-77.053653,0.17,338.5,1,7,1.4
2024-03-28T11:20:55Z,26.549005,-77.053645,0.05,288.1,1,7,1.4
2024-03-28T11:21:00Z,26.549002,-77.053645,0.03,1.0,1,7,1.4
2024-03-28T11:21:05Z,26.548998,-77.053645,0.10,269.1,1,7,1.4
2024-03-28T11:21:10Z,26.548998,-77.053648,0.18,309.7,1,7,1.4
2024-03-28T11:21:20Z,26.548997,-77.053655,0.07,297.1,1,7,1.4
2024-03-28T11:21:25Z,26.548993,-77.053652,0.03,245.3,1,7,1.4
2024-03-28T11:21:30Z,26.548992,-77.053650,0.24,103.5,1,7,1.4
2024-03-28T11:21:35Z,26.548992,-77.053653,0.11,21.0,1,7,1.4
2024-03-28T11:21:45Z,26.548997,-77.053658,0.28,341.9,1,7,1.4
2024-03-28T11:21:50Z,26.549005,-77.053670,0.27,338.7,1,7,1.4
2024-03-28T11:21:55Z,26.549008,-77.053675,0.18,345.9,1,7,1.4
2024-03-28T11:22:00Z,26.549012,-77.053675,0.19,332.2,1,6,2.2
2024-03-28T11:22:10Z,26.548988,-77.053623,0.23,30.2,1,7,1.4
2024-03-28T11:22:15Z,26.548985,-77.053613,0.32,109.8,1,7,1.4
2024-03-28T11:22:20Z,26.548988,-77.053612,0.36,104.7,1,7,1.4
2024-03-28T11:22:25Z,26.548977,-77.053603,0.19,103.5,1,7,1.4
2024-03-28T11:22:35Z,26.548978,-77.053590,0.25,6.0,1,7,1.4
2024-03-28T11:22:40Z,26.548980,-77.053583,0.21,98.2,1,7,1.4
2024-03-28T11:22:45Z,26.548982,-77.053580,0.30,103.4,1,7,1.4
2024-03-28T11:22:50Z,26.548982,-77.053585,0.34,298.5,1,7,1.4
2024-03-28T11:22:55Z,26.548982,-77.053593,0.10,304.8,1,7,1.4
2024-03-28T11:23:00Z,26.548983,-77.053597,0.10,299.4,1,7,1.4
2024-03-28T11:23:05Z,26.548982,-77.053600,0.11,278.5,1,7,1.4
2024-03-28T11:23:10Z,26.548980,-77.053603,0.08,255.8,1,7,1.4
2024-03-28T11:23:15Z,26.548978,-77.053603,0.07,255.9,1,7,1.4
2024-03-28T11:23:25Z,26.548973,-77.053605,0.17,263.9,1,7,1.4
2024-03-28T11:23:30Z,26.548970,-77.053608,0.22,273.5,1,7,1.4
2024-03-28T11:23:35Z,26.548968,-77.053607,0.14,276.5,1,7,1.4
2024-03-28T11:23:40Z,26.548972,-77.053607,0.11,306.1,1,7,1.4
2024-03-28T11:23:50Z,26.548970,-77.053605,0.14,319.9,1,7,1.4
2024-03-28T11:23:55Z,26.548970,-77.053603,0.17,332.4,1,7,1.4
2024-03-28T11:24:00Z,26.548972,-77.053603,0.13,320.6,1,7,1.4
2024-03-28T11:24:05Z,26.548973,-77.053602,0.16,337.1,1,7,1.4
2024-03-28T11:24:15Z,26.548975,-77.053600,0.19,352.8,1,7,1.4
2024-03-28T11:24:20Z,26.548978,-77.053598,0.27,3.0,1,7,1.4
2024-03-28T11:24:25Z,26.548982,-77.053595,0.20,8.3,1,7,1.4
2024-03-28T11:24:30Z,26.548985,-77.053597,0.10,24.4,1,8,1.2
2024-03-28T11:24:40Z,26.548987,-77.053598,0.21,87.0,1,8,1.2
2024-03-28T11:24:45Z,26.548985,-77.053595,0.15,351.4,1,8,1.2
2024-03-28T11:24:50Z,26.548983,-77.053592,0.18,58.2,1,7,1.4
2024-03-28T11:24:55Z,26.548982,-77.053583,0.46,95.1,1,8,1.2
2024-03-28T11:25:00Z,26.548978,-77.053577,0.17,96.4,1,7,1.4
2024-03-28T11:25:10Z,26.548978,-77.053572,0.15,64.1,1,8,1.2
2024-03-28T11:25:15Z,26.548978,-77.053560,0.20,95.7,1,8,1.2
2024-03-28T11:25:20Z,26.548980,-77.053560,0.22,351.6,1,8,1.2
2024-03-28T11:25:25Z,26.548985,-77.053567,0.10,11.5,1,8,1.2
2024-03-28T11:25:30Z,26.548987,-77.053568,0.10,323.2,1,8,1.2
2024-03-28T11:25:35Z,26.548987,-77.053570,0.06,278.4,1,8,1.2
2024-03-28T11:25:40Z,26.548983,-77.053572,0.21,258.0,1,8,1.2
2024-03-28T11:25:45Z,26.548978,-77.053563,0.11,212.9,1,8,1.2
2024-03-28T11:25:50Z,26.548975,-77.053558,0.15,263.2,2,8,1.2
2024-03-28T11:25:55Z,26.548972,-77.053555,0.09,207.8,2,8,1.2
2024-03-28T11:26:00Z,26.548965,-77.053548,0.23,347.6,2,8,1.2
2024-03-28T11:26:10Z,26.548960,-77.053545,0.05,324.4,2,8,1.2
2024-03-28T11:26:15Z,26.548970,-77.053548,0.33,348.8,2,7,1.4
2024-03-28T11:26:20Z,26.548978,-77.053550,0.55,343.7,2,8,1.2
2024-03-28T11:26:25Z,26.548982,-77.053550,0.17,10.5,2,8,1.2
2024-03-28T11:26:30Z,26.548983,-77.053548,0.09,100.0,2,8,1.2
2024-03-28T11:26:40Z,26.548997,-77.053573,1.37,302.7,2,8,1.2
2024-03-28T11:26:45Z,26.549018,-77.053630,2.28,297.5,6,0,50.0
2024-03-28T11:26:50Z,26.549043,-77.053682,2.28,297.5,6,0,50.0
2024-03-28T11:26:55Z,26.548998,-77.053555,0.19,279.3,1,8,1.2
2024-03-28T11:27:00Z,26.548998,-77.053570,0.74,341.3,1,8,1.2
2024-03-28T11:27:05Z,26.549007,-77.053565,0.57,350.9,2,8,1.2
2024-03-28T11:27:10Z,26.549010,-77.053577,0.37,258.4,2,8,1.2
2024-03-28T11:27:15Z,26.548995,-77.053583,0.24,102.0,2,8,1.2
2024-03-28T11:27:20Z,26.548998,-77.053590,1.57,42.6,2,8,1.2
2024-03-28T11:27:25Z,26.549007,-77.053590,0.68,291.0,2,8,1.2
2024-03-28T11:27:30Z,26.549008,-77.053610,0.69,277.3,2,8,1.2
2024-03-28T11:27:40Z,26.549018,-77.053602,0.22,356.8,1,8,1.2
2024-03-28T11:27:45Z,26.549023,-77.053603,0.27,2.2,2,8,1.2
2024-03-28T11:27:50Z,26.549020,-77.053608,0.16,279.4,2,8,1.2
2024-03-28T11:27:55Z,26.549018,-77.053613,0.45,294.4,2,8,1.2
2024-03-28T11:28:00Z,26.549012,-77.053625,0.46,290.7,2,8,1.2
2024-03-28T11:28:10Z,26.549010,-77.053627,0.45,224.6,2,8,1.2
2024-03-28T11:28:15Z,26.549007,-77.053630,0.17,226.2,2,8,1.2
2024-03-28T11:28:20Z,26.549005,-77.053630,0.29,244.5,2,8,1.2
2024-03-28T11:28:25Z,26.549010,-77.053637,0.43,308.7,2,8,1.2
2024-03-28T11:28:30Z,26.549022,-77.053633,0.55,342.1,2,8,1.2
2024-03-28T11:28:35Z,26.549028,-77.053627,0.10,248.2,2,8,1.2
2024-03-28T11:28:40Z,26.549030,-77.053628,0.13,340.1,2,8,1.2
2024-03-28T11:28:45Z,26.549018,-77.053643,0.10,185.2,2,8,1.2
2024-03-28T11:28:50Z,26.549022,-77.053640,0.18,333.2,2,8,1.2
2024-03-28T11:28:55Z,26.549000,-77.053647,1.41,167.4,2,8,1.2
2024-03-28T11:29:00Z,26.548987,-77.053623,0.49,66.8,1,8,1.2
2024-03-28T11:29:05Z,26.548983,-77.053623,0.16,71.1,2,8,1.2
2024-03-28T11:29:10Z,26.548980,-77.053617,0.18,67.6,2,8,1.2
2024-03-28T11:29:15Z,26.548977,-77.053613,0.11,6.9,2,8,1.2
2024-03-28T11:29:20Z,26.548978,-77.053607,0.09,46.9,2,8,1.2
2024-03-28T11:29:25Z,26.548975,-77.053598,0.16,316.5,2,8,1.2
2024-03-28T11:29:30Z,26.548972,-77.053595,0.06,23.8,2,8,1.2
2024-03-28T11:29:40Z,26.548958,-77.053582,0.13,99.2,2,8,1.2
2024-03-28T11:29:45Z,26.548965,-77.053583,0.16,303.0,2,8,1.2
2024-03-28T11:29:50Z,26.548967,-77.053587,0.28,319.6,2,8,1.2
2024-03-28T11:29:55Z,26.548962,-77.053590,0.21,344.1,2,8,1.2
2024-03-28T11:30:00Z,26.548965,-77.053597,0.25,179.1,2,8,1.2
2024-03-28T11:30:10Z,26.548960,-77.053602,0.17,234.5,2,8,1.2
2024-03-28T11:30:15Z,26.548953,-77.053598,0.30,219.8,2,8,1.2
2024-03-28T11:30:20Z,26.548945,-77.053600,0.13,247.7,2,8,1.2
2024-03-28T11:30:25Z,26.548942,-77.053600,0.00,163.1,2,8,1.2
2024-03-28T11:30:30Z,26.548937,-77.053600,0.29,182.6,2,8,1.2
2024-03-28T11:30:35Z,26.548935,-77.053607,0.04,305.6,2,8,1.2
2024-03-28T11:30:40Z,26.548957,-77.053617,0.26,16.6,2,8,1.2
2024-03-28T11:30:45Z,26.548968,-77.053622,0.17,325.0,2,8,1.2
2024-03-28T11:30:50Z,26.548972,-77.053622,0.14,40.8,2,8,1.2
2024-03-28T11:30:55Z,26.548977,-77.053617,0.06,343.8,2,8,1.2
2024-03-28T11:31:00Z,26.548982,-77.053612,0.05,147.6,2,8,1.2
2024-03-28T11:31:10Z,26.548977,-77.053613,0.05,248.9,2,8,1.2
2024-03-28T11:31:15Z,26.548973,-77.053613,0.06,237.2,2,8,1.2
2024-03-28T11:31:20Z,26.548975,-77.053615,0.05,323.1,2,8,1.2
2024-03-28T11:31:25Z,26.548975,-77.053615,0.04,92.8,2,8,1.2
2024-03-28T11:31:30Z,26.548977,-77.053613,0.04,260.9,2,8,1.2
2024-03-28T11:31:40Z,26.548975,-77.053613,0.08,208.6,2,8,1.2
2024-03-28T11:31:45Z,26.548973,-77.053615,0.13,244.3,2,8,1.2
2024-03-28T11:31:50Z,26.548972,-77.053617,0.16,247.1,2,8,1.2
2024-03-28T11:31:55Z,26.548970,-77.053620,0.17,261.8,2,8,1.2
2024-03-28T11:32:00Z,26.548968,-77.053623,0.13,275.6,2,8,1.2
2024-03-28T11:32:10Z,26.548967,-77.053623,0.04,236.8,2,8,1.2
2024-03-28T11:32:15Z,26.548965,-77.053622,0.03,318.3,2,8,1.2
2024-03-28T11:32:20Z,26.548965,-77.053622,0.12,350.8,2,8,1.2
2024-03-28T11:32:25Z,26.548968,-77.053620,0.19,4.6,2,8,1.2
2024-03-28T11:32:30Z,26.548970,-77.053620,0.26,330.2,2,8,1.2
2024-03-28T11:32:40Z,26.548972,-77.053620,0.15,208.8,2,8,1.2
2024-03-28T11:32:45Z,26.548968,-77.053623,0.14,179.5,2,8,1.2
2024-03-28T11:32:50Z,26.548965,-77.053627,0.19,222.2,2,8,1.2
2024-03-28T11:32:55Z,26.548962,-77.053630,0.09,242.6,2,8,1.2
2024-03-28T11:33:00Z,26.548962,-77.053630,0.06,242.3,2,8,1.2
2024-03-28T11:33:10Z,26.548965,-77.053635,0.14,325.1,2,8,1.2
2024-03-28T11:33:15Z,26.548965,-77.053633,0.04,153.5,2,8,1.2
2024-03-28T11:33:20Z,26.548963,-77.053632,0.13,97.8,2,8,1.2
2024-03-28T11:33:25Z,26.548963,-77.053630,0.02,218.9,2,8,1.2
2024-03-28T11:33:30Z,26.548962,-77.053628,0.03,238.3,2,7,1.3
2024-03-28T11:33:40Z,26.548963,-77.053627,0.07,134.7,2,8,1.2
2024-03-28T11:33:45Z,26.548965,-77.053627,0.11,338.3,2,8,1.2
2024-03-28T11:33:50Z,26.548970,-77.053625,0.06,336.0,2,8,1.2
2024-03-28T11:33:55Z,26.548968,-77.053625,0.18,193.5,2,7,1.3
2024-03-28T11:34:00Z,26.548965,-77.053623,0.11,173.3,2,8,1.2
2024-03-28T11:34:10Z,26.548958,-77.053627,0.18,90.2,2,8,1.2
2024-03-28T11:34:15Z,26.548965,-77.053617,0.37,44.4,2,8,1.2
2024-03-28T11:34:20Z,26.548967,-77.053612,0.26,148.7,2,8,1.2
2024-03-28T11:34:25Z,26.548963,-77.053607,0.06,212.4,2,8,1.2
2024-03-28T11:34:30Z,26.548965,-77.053605,0.05,325.5,2,8,1.2
2024-03-28T11:34:40Z,26.548972,-77.053605,0.25,343.7,2,8,1.2
2024-03-28T11:34:45Z,26.548975,-77.053608,0.12,200.6,2,7,1.3
2024-03-28T11:34:50Z,26.548973,-77.053610,0.27,192.4,2,8,1.2
2024-03-28T11:34:55Z,26.548973,-77.053612,0.18,222.6,2,8,1.2
2024-03-28T11:35:00Z,26.548970,-77.053613,0.14,206.8,2,8,1.2
2024-03-28T11:35:05Z,26.548968,-77.053615,0.13,274.9,2,8,1.2
2024-03-28T11:35:10Z,26.548968,-77.053617,0.11,316.4,2,7,1.3
2024-03-28T11:35:15Z,26.548968,-77.053617,0.07,326.6,2,8,1.2
2024-03-28T11:35:20Z,26.548970,-77.053617,0.26,348.5,2,8,1.2
2024-03-28T11:35:25Z,26.548972,-77.053615,0.13,54.2,2,8,1.2
2024-03-28T11:35:35Z,26.548975,-77.053605,0.24,101.4,2,8,1.2
2024-03-28T11:35:40Z,26.548977,-77.053602,0.07,98.4,2,8,1.2
2024-03-28T11:35:45Z,26.548978,-77.053603,0.10,148.0,2,8,1.2
2024-03-28T11:35:50Z,26.548980,-77.053602,0.12,138.4,2,8,1.2
2024-03-28T11:36:00Z,26.548980,-77.053595,0.12,351.8,2,8,1.2
2024-03-28T11:36:05Z,26.548982,-77.053593,0.15,355.8,2,8,1.2
2024-03-28T11:36:10Z,26.548982,-77.053590,0.03,66.7,2,8,1.2
2024-03-28T11:36:15Z,26.548983,-77.053590,0.05,293.4,2,8,1.2
2024-03-28T11:36:20Z,26.548982,-77.053592,0.11,226.9,2,8,1.2
2024-03-28T11:36:25Z,26.548983,-77.053595,0.22,294.6,2,8,1.2
2024-03-28T11:36:30Z,26.548977,-77.053595,0.16,288.8,2,8,1.2
2024-03-28T11:36:35Z,26.548973,-77.053595,0.34,177.2,2,8,1.2
2024-03-28T11:36:40Z,26.548970,-77.053597,0.16,181.9,2,8,1.2
2024-03-28T11:36:45Z,26.548972,-77.053600,0.14,246.3,2,8,1.2
2024-03-28T11:36:55Z,26.548975,-77.053610,0.13,250.1,2,8,1.2
2024-03-28T11:37:00Z,26.548975,-77.053612,0.13,272.1,2,8,1.2
2024-03-28T11:37:05Z,26.548977,-77.053615,0.12,283.0,2,8,1.2
2024-03-28T11:37:10Z,26.548980,-77.053615,0.05,33.6,2,8,1.2
2024-03-28T11:37:20Z,26.548982,-77.053608,0.20,49.4,2,8,1.2
2024-03-28T11:37:25Z,26.548983,-77.053605,0.25,356.7,2,8,1.2
2024-03-28T11:37:30Z,26.548985,-77.053603,0.21,11.4,2,8,1.2
2024-03-28T11:37:35Z,26.548998,-77.053610,0.06,154.7,2,8,1.2
2024-03-28T11:37:40Z,26.548995,-77.053608,0.10,327.4,2,8,1.2
2024-03-28T11:37:45Z,26.548993,-77.053605,0.06,44.3,2,8,1.2
2024-03-28T11:37:50Z,26.548992,-77.053600,0.22,69.7,2,8,1.2
2024-03-28T11:37:55Z,26.548997,-77.053597,0.19,105.3,2,8,1.2
2024-03-28T11:38:00Z,26.548997,-77.053593,0.03,138.9,2,9,0.9
2024-03-28T11:38:05Z,26.548993,-77.053590,0.10,155.4,2,9,0.9
2024-03-28T11:38:15Z,26.548987,-77.053583,0.15,101.7,2,9,0.9
2024-03-28T11:38:20Z,26.548987,-77.053580,0.18,32.6,2,9,0.9
2024-03-28T11:38:25Z,26.548983,-77.053575,0.20,70.9,2,9,0.9
2024-03-28T11:38:30Z,26.548975,-77.053575,0.02,234.0,2,9,0.9
2024-03-28T11:38:35Z,26.548972,-77.053567,0.10,251.9,2,9,0.9
2024-03-28T11:38:40Z,26.548970,-77.053568,0.03,314.8,2,9,0.9
2024-03-28T11:38:45Z,26.548970,-77.053570,0.07,6.9,2,9,0.9
2024-03-28T11:38:50Z,26.548970,-77.053570,0.05,351.4,2,9,0.9
2024-03-28T11:38:55Z,26.548972,-77.053563,0.05,249.3,2,9,0.9
2024-03-28T11:39:00Z,26.548968,-77.053560,0.12,281.5,2,9,0.9
2024-03-28T11:39:05Z,26.548967,-77.053558,0.10,243.1,2,9,0.9
2024-03-28T11:39:10Z,26.548965,-77.053558,0.13,267.4,2,9,0.9
2024-03-28T11:39:15Z,26.548962,-77.053558,0.13,222.6,2,9,0.9
2024-03-28T11:39:20Z,26.548962,-77.053560,0.13,303.7,2,9,0.9
2024-03-28T11:39:25Z,26.548960,-77.053560,0.08,246.6,2,9,0.9
2024-03-28T11:39:30Z,26.548960,-77.053562,0.06,345.8,2,9,0.9
2024-03-28T11:39:40Z,26.548960,-77.053562,0.06,317.6,2,9,0.9
2024-03-28T11:39:45Z,26.548962,-77.053562,0.06,46.8,2,9,0.9
2024-03-28T11:39:50Z,26.548965,-77.053563,0.09,349.7,2,9,0.9
2024-03-28T11:39:55Z,26.548965,-77.053563,0.15,96.3,2,9,0.9
2024-03-28T11:40:00Z,26.548963,-77.053560,0.06,52.9,2,9,0.9
2024-03-28T11:40:05Z,26.548965,-77.053558,0.06,41.2,2,9,0.9
2024-03-28T11:40:10Z,26.548968,-77.053562,0.22,312.5,2,9,0.9
2024-03-28T11:40:15Z,26.548967,-77.053565,0.13,262.7,2,9,0.9
2024-03-28T11:40:20Z,26.548965,-77.053567,0.08,208.3,2,9,0.9
2024-03-28T11:40:25Z,26.548962,-77.053570,0.17,277.1,2,9,0.9
2024-03-28T11:40:30Z,26.548960,-77.053573,0.18,280.5,2,9,0.9
2024-03-28T11:40:35Z,26.548960,-77.053578,0.09,243.9,2,9,0.9
2024-03-28T11:40:40Z,26.548960,-77.053582,0.05,196.4,2,9,0.9
2024-03-28T11:40:45Z,26.548958,-77.053582,0.03,270.4,2,9,0.9
2024-03-28T11:40:50Z,26.548957,-77.053582,0.09,101.4,2,9,0.9
2024-03-28T11:40:55Z,26.548957,-77.053580,0.08,59.7,2,9,0.9
2024-03-28T11:41:05Z,26.548957,-77.053570,0.19,58.8,2,9,0.9
2024-03-28T11:41:10Z,26.548957,-77.053563,0.22,46.2,2,9,0.9
2024-03-28T11:41:15Z,26.548960,-77.053557,0.34,77.0,2,9,0.9
2024-03-28T11:41:20Z,26.548960,-77.053555,0.08,216.3,2,9,0.9
2024-03-28T11:41:25Z,26.548958,-77.053557,0.03,304.3,2,9,0.9
2024-03-28T11:41:30Z,26.548958,-77.053555,0.18,80.0,2,9,0.9
2024-03-28T11:41:35Z,26.548958,-77.053548,0.22,21.3,2,9,0.9
2024-03-28T11:41:40Z,26.548963,-77.053548,0.26,347.2,2,9,0.9
2024-03-28T11:41:45Z,26.548963,-77.053547,0.17,130.3,2,9,0.9
2024-03-28T11:41:50Z,26.548960,-77.053547,0.11,145.5,2,9,0.9
2024-03-28T11:42:00Z,26.548963,-77.053542,0.13,26.2,2,9,0.9
2024-03-28T11:42:05Z,26.548963,-77.053537,0.10,319.1,2,9,0.9
2024-03-28T11:42:10Z,26.548962,-77.053535,0.23,146.2,2,9,0.9
2024-03-28T11:42:15Z,26.548960,-77.053533,0.15,113.4,2,9,0.9
2024-03-28T11:42:20Z,26.548960,-77.053532,0.12,338.9,2,9,0.9
2024-03-28T11:42:25Z,26.548962,-77.053530,0.11,348.7,2,9,0.9
2024-03-28T11:42:30Z,26.548962,-77.053530,0.07,310.1,2,9,0.9
2024-03-28T11:42:35Z,26.548960,-77.053528,0.14,122.1,2,9,0.9
2024-03-28T11:42:40Z,26.548958,-77.053528,0.09,205.7,2,9,0.9
2024-03-28T11:42:45Z,26.548957,-77.053530,0.09,228.7,2,9,0.9
2024-03-28T11:42:55Z,26.548953,-77.053530,0.06,197.1,2,9,0.9
2024-03-28T11:43:00Z,26.548950,-77.053530,0.11,128.7,2,9,0.9
2024-03-28T11:43:05Z,26.548950,-77.053527,0.18,337.0,2,9,0.9
2024-03-28T11:43:10Z,26.548952,-77.053525,0.11,15.7,2,9,0.9
2024-03-28T11:43:15Z,26.548953,-77.053523,0.16,48.5,2,9,0.9
2024-03-28T11:43:20Z,26.548957,-77.053520,0.19,43.6,2,9,0.9
2024-03-28T11:43:25Z,26.548957,-77.053515,0.18,63.5,2,9,0.9
2024-03-28T11:43:30Z,26.548958,-77.053512,0.20,93.8,2,9,0.9
2024-03-28T11:43:35Z,26.548955,-77.053508,0.11,199.0,2,9,0.9
2024-03-28T11:43:40Z,26.548952,-77.053507,0.09,182.2,2,9,0.9
2024-03-28T11:43:50Z,26.548945,-77.053500,0.22,113.8,2,9,0.9
2024-03-28T11:43:55Z,26.548943,-77.053493,0.14,100.6,2,9,0.9
2024-03-28T11:44:00Z,26.548943,-77.053490,0.22,130.1,2,9,0.9
2024-03-28T11:44:05Z,26.548942,-77.053487,0.07,77.4,2,9,0.9
2024-03-28T11:44:10Z,26.548943,-77.053485,0.10,6.2,2,9,0.9
2024-03-28T11:44:15Z,26.548943,-77.053485,0.09,345.1,2,9,0.9
2024-03-28T11:44:20Z,26.548943,-77.053483,0.11,12.6,2,9,0.9
2024-03-28T11:44:25Z,26.548947,-77.053483,0.11,340.5,2,9,0.9
2024-03-28T11:44:30Z,26.548948,-77.053487,0.28,314.9,2,9,0.9
2024-03-28T11:44:35Z,26.548948,-77.053487,0.21,285.6,2,9,0.9
2024-03-28T11:44:45Z,26.548947,-77.053497,0.20,275.4,2,9,0.9
2024-03-28T11:44:50Z,26.548947,-77.053498,0.12,319.0,2,9,0.9
2024-03-28T11:44:55Z,26.548945,-77.053498,0.08,247.8,2,9,0.9
2024-03-28T11:45:00Z,26.548943,-77.053498,0.10,73.1,2,9,0.9
2024-03-28T11:45:05Z,26.548943,-77.053497,0.05,356.4,2,9,0.9
2024-03-28T11:45:10Z,26.548943,-77.053497,0.01,75.0,2,9,0.9
2024-03-28T11:45:15Z,26.548943,-77.053492,0.24,95.8,2,9,0.9
2024-03-28T11:45:20Z,26.548943,-77.053487,0.12,59.0,2,9,0.9
2024-03-28T11:45:25Z,26.548945,-77.053483,0.19,59.8,2,9,0.9
2024-03-28T11:45:30Z,26.548945,-77.053480,0.13,107.7,2,9,0.9
2024-03-28T11:45:40Z,26.548942,-77.053480,0.11,265.7,2,9,0.9
2024-03-28T11:45:45Z,26.548938,-77.053482,0.13,172.3,2,9,0.9
2024-03-28T11:45:50Z,26.548933,-77.053478,0.22,129.7,2,9,0.9
2024-03-28T11:45:55Z,26.548932,-77.053477,0.04,297.0,2,9,0.9
2024-03-28T11:46:05Z,26.548933,-77.053473,0.14,335.9,2,9,0.9
2024-03-28T11:46:10Z,26.548933,-77.053472,0.08,98.3,2,9,0.9
2024-03-28T11:46:15Z,26.548935,-77.053470,0.11,352.3,2,8,1.2
2024-03-28T11:46:20Z,26.548937,-77.053472,0.13,305.6,2,9,0.9
2024-03-28T11:46:25Z,26.548935,-77.053472,0.06,358.7,2,8,1.2
2024-03-28T11:46:30Z,26.548935,-77.053472,0.03,292.6,2,9,0.9
2024-03-28T11:46:35Z,26.548935,-77.053475,0.09,295.6,2,9,0.9
2024-03-28T11:46:40Z,26.548933,-77.053477,0.08,204.3,2,9,0.9
2024-03-28T11:46:45Z,26.548933,-77.053480,0.13,287.4,2,9,0.9
2024-03-28T11:46:50Z,26.548932,-77.053482,0.09,273.1,2,9,0.9
2024-03-28T11:46:55Z,26.548932,-77.053483,0.19,321.9,2,9,0.9
2024-03-28T11:47:00Z,26.548935,-77.053487,0.14,316.8,2,9,0.9
2024-03-28T11:47:05Z,26.548937,-77.053487,0.07,215.6,2,9,0.9
2024-03-28T11:47:10Z,26.548937,-77.053487,0.04,154.8,2,9,0.9
2024-03-28T11:47:15Z,26.548935,-77.053485,0.01,8.5,2,9,0.9
2024-03-28T11:47:20Z,26.548935,-77.053483,0.05,25.4,2,9,0.9
2024-03-28T11:47:30Z,26.548937,-77.053483,0.09,345.9,2,9,0.9
2024-03-28T11:47:35Z,26.548938,-77.053482,0.11,9.0,2,9,0.9
2024-03-28T11:47:40Z,26.548940,-77.053483,0.10,316.1,2,9,0.9
2024-03-28T11:47:45Z,26.548938,-77.053483,0.02,193.8,2,9,0.9
2024-03-28T11:47:50Z,26.548938,-77.053483,0.05,297.3,2,9,0.9
2024-03-28T11:47:55Z,26.548937,-77.053483,0.07,247.6,2,9,0.9
2024-03-28T11:48:00Z,26.548935,-77.053483,0.12,293.1,2,9,0.9
2024-03-28T11:48:05Z,26.548935,-77.053485,0.07,293.0,2,9,0.9
2024-03-28T11:48:10Z,26.548933,-77.053485,0.06,184.0,2,9,0.9
2024-03-28T11:48:15Z,26.548933,-77.053490,0.15,305.0,2,9,0.9
2024-03-28T11:48:25Z,26.548935,-77.053490,0.20,317.8,2,9,0.9
2024-03-28T11:48:30Z,26.548937,-77.053492,0.13,355.8,2,9,0.9
2024-03-28T11:48:35Z,26.548937,-77.053492,0.17,123.5,2,9,0.9
2024-03-28T11:48:40Z,26.548940,-77.053493,0.13,315.6,2,9,0.9
2024-03-28T11:48:45Z,26.548937,-77.053490,0.15,148.8,2,9,0.9
2024-03-28T11:48:50Z,26.548935,-77.053490,0.11,283.9,2,9,0.9
2024-03-28T11:48:55Z,26.548932,-77.053487,0.13,119.7,2,9,0.9
2024-03-28T11:49:00Z,26.548930,-77.053487,0.09,172.1,2,9,0.9
2024-03-28T11:49:05Z,26.548928,-77.053487,0.02,166.0,2,9,0.9
2024-03-28T11:49:10Z,26.548927,-77.053485,0.02,73.6,2,9,0.9
2024-03-28T11:49:20Z,26.548930,-77.053490,0.19,324.2,2,9,0.9
2024-03-28T11:49:25Z,26.548932,-77.053492,0.09,344.6,2,9,0.9
2024-03-28T11:49:30Z,26.548937,-77.053495,0.14,347.9,2,9,0.9
2024-03-28T11:49:35Z,26.548938,-77.053497,0.26,321.5,2,9,0.9
2024-03-28T11:49:40Z,26.548942,-77.053498,0.12,329.9,2,9,0.9
2024-03-28T11:49:45Z,26.548942,-77.053497,0.07,78.9,2,9,0.9
2024-03-28T11:49:50Z,26.548942,-77.053497,0.08,91.7,2,9,0.9
2024-03-28T11:49:55Z,26.548942,-77.053495,0.03,359.7,2,9,0.9
2024-03-28T11:50:00Z,26.548940,-77.053493,0.11,92.2,2,9,0.9
2024-03-28T11:50:05Z,26.548940,-77.053490,0.15,80.9,2,9,0.9
2024-03-28T11:50:10Z,26.548940,-77.053487,0.10,99.7,2,9,0.9
2024-03-28T11:50:15Z,26.548938,-77.053487,0.07,217.7,2,9,0.9
2024-03-28T11:50:20Z,26.548938,-77.053487,0.03,121.6,2,9,0.9
2024-03-28T11:50:25Z,26.548937,-77.053487,0.06,169.0,2,9,0.9
2024-03-28T11:50:30Z,26.548933,-77.053488,0.05,83.7,2,9,0.9
2024-03-28T11:50:35Z,26.548932,-77.053488,0.03,337.4,2,9,0.9
2024-03-28T11:50:40Z,26.548932,-77.053490,0.08,304.1,1,9,0.9
2024-03-28T11:50:45Z,26.548932,-77.053493,0.13,313.9,1,9,0.9
2024-03-28T11:50:50Z,26.548933,-77.053493,0.05,356.1,1,9,0.9
2024-03-28T11:50:55Z,26.548937,-77.053498,0.17,319.0,1,9,0.9
2024-03-28T11:51:00Z,26.548938,-77.053500,0.19,320.8,1,9,0.9
2024-03-28T11:51:10Z,26.548942,-77.053503,0.09,345.1,1,9,0.9
2024-03-28T11:51:15Z,26.548943,-77.053502,0.02,356.5,2,9,0.9
2024-03-28T11:51:20Z,26.548943,-77.053502,0.16,303.4,2,9,0.9
2024-03-28T11:51:25Z,26.548942,-77.053503,0.11,182.4,2,9,0.9
2024-03-28T11:51:35Z,26.548940,-77.053507,0.06,215.5,2,9,0.9
2024-03-28T11:51:40Z,26.548938,-77.053508,0.14,291.0,2,9,0.9
2024-03-28T11:51:45Z,26.548940,-77.053508,0.09,357.7,2,9,0.9
2024-03-28T11:51:50Z,26.548942,-77.053510,0.07,321.7,2,9,0.9
2024-03-28T11:51:55Z,26.548943,-77.053512,0.07,348.0,2,9,0.9
2024-03-28T11:52:00Z,26.548943,-77.053512,0.02,110.1,2,9,0.9
2024-03-28T11:52:05Z,26.548943,-77.053512,0.08,46.3,2,9,0.9
2024-03-28T11:52:10Z,26.548945,-77.053512,0.10,83.6,2,9,0.9
2024-03-28T11:52:15Z,26.548943,-77.053510,0.07,122.7,2,9,0.9
2024-03-28T11:52:20Z,26.548943,-77.053507,0.12,79.1,2,9,0.9
2024-03-28T11:52:25Z,26.548943,-77.053505,0.10,116.7,2,9,0.9
2024-03-28T11:52:30Z,26.548942,-77.053502,0.10,69.6,2,9,0.9
2024-03-28T11:52:35Z,26.548943,-77.053500,0.02,100.0,2,9,0.9
2024-03-28T11:52:40Z,26.548942,-77.053500,0.07,176.6,2,9,0.9
2024-03-28T11:52:45Z,26.548943,-77.053498,0.07,355.6,2,9,0.9
2024-03-28T11:52:50Z,26.548942,-77.053498,0.06,238.3,2,9,0.9
2024-03-28T11:53:00Z,26.548943,-77.053498,0.07,244.7,2,9,0.9
2024-03-28T11:53:05Z,26.548942,-77.053500,0.05,330.6,2,9,0.9
2024-03-28T11:53:10Z,26.548943,-77.053500,0.13,326.4,2,9,0.9
2024-03-28T11:53:15Z,26.548942,-77.053502,0.06,226.3,2,9,0.9
2024-03-28T11:53:20Z,26.548940,-77.053502,0.04,117.9,2,9,0.9
2024-03-28T11:53:25Z,26.548940,-77.053503,0.06,296.9,2,9,0.9
2024-03-28T11:53:30Z,26.548940,-77.053503,0.08,48.1,2,9,0.9
2024-03-28T11:53:35Z,26.548942,-77.053502,0.05,175.3,2,9,0.9
2024-03-28T11:53:40Z,26.548943,-77.053503,0.05,289.6,2,9,0.9
2024-03-28T11:53:45Z,26.548947,-77.053502,0.08,22.8,2,9,0.9
2024-03-28T11:53:55Z,26.548948,-77.053502,0.09,123.8,2,9,0.9
2024-03-28T11:54:00Z,26.548952,-77.053498,0.07,42.2,2,9,0.9
2024-03-28T11:54:05Z,26.548952,-77.053497,0.13,106.9,2,9,0.9
2024-03-28T11:54:10Z,26.548952,-77.053492,0.15,95.6,2,9,0.9
2024-03-28T11:54:20Z,26.548948,-77.053487,0.09,115.7,2,9,0.9
2024-03-28T11:54:25Z,26.548947,-77.053487,0.09,171.8,2,9,0.9
2024-03-28T11:54:30Z,26.548943,-77.053487,0.12,165.0,2,9,0.9
2024-03-28T11:54:35Z,26.548942,-77.053487,0.04,152.1,2,9,0.9
2024-03-28T11:54:40Z,26.548940,-77.053487,0.04,203.2,2,9,0.9
2024-03-28T11:54:45Z,26.548938,-77.053485,0.11,85.2,2,9,0.9
2024-03-28T11:54:50Z,26.548940,-77.053483,0.09,1.6,2,9,0.9
2024-03-28T11:54:55Z,26.548940,-77.053482,0.12,73.3,2,9,0.9
2024-03-28T11:55:00Z,26.548940,-77.053478,0.03,6.1,2,9,0.9
2024-03-28T11:55:05Z,26.548940,-77.053480,0.06,341.3,2,9,0.9
2024-03-28T11:55:10Z,26.548940,-77.053477,0.05,30.1,2,9,0.9
2024-03-28T11:55:15Z,26.548940,-77.053480,0.18,294.2,2,9,0.9
2024-03-28T11:55:20Z,26.548942,-77.053482,0.10,16.2,2,9,0.9
2024-03-28T11:55:25Z,26.548943,-77.053482,0.11,286.8,2,9,0.9
2024-03-28T11:55:30Z,26.548942,-77.053485,0.09,236.6,2,9,0.9
2024-03-28T11:55:35Z,26.548940,-77.053488,0.10,224.2,2,9,0.9
2024-03-28T11:55:40Z,26.548938,-77.053488,0.05,222.0,2,9,0.9
2024-03-28T11:55:45Z,26.548938,-77.053488,0.02,24.0,2,9,0.9
2024-03-28T11:55:50Z,26.548938,-77.053490,0.12,289.2,2,9,0.9
2024-03-28T11:55:55Z,26.548938,-77.053492,0.10,358.7,2,9,0.9
2024-03-28T11:56:00Z,26.548940,-77.053490,0.13,31.2,2,9,0.9
2024-03-28T11:56:10Z,26.548943,-77.053487,0.11,45.1,2,9,0.9
2024-03-28T11:56:15Z,26.548943,-77.053485,0.08,67.7,2,9,0.9
2024-03-28T11:56:20Z,26.548943,-77.053485,0.08,48.1,2,9,0.9
2024-03-28T11:56:25Z,26.548945,-77.053485,0.07,40.5,2,9,0.9
2024-03-28T11:56:35Z,26.548945,-77.053485,0.07,55.8,2,9,0.9
2024-03-28T11:56:40Z,26.548945,-77.053483,0.09,74.7,2,9,0.9
2024-03-28T11:56:45Z,26.548945,-77.053482,0.07,74.1,2,9,0.9
2024-03-28T11:56:50Z,26.548945,-77.053482,0.07,138.7,2,9,0.9
2024-03-28T11:56:55Z,26.548943,-77.053482,0.03,186.3,2,9,0.9
2024-03-28T11:57:05Z,26.548943,-77.053485,0.04,264.8,2,9,0.9
2024-03-28T11:57:10Z,26.548943,-77.053487,0.08,339.7,2,9,0.9
2024-03-28T11:57:15Z,26.548945,-77.053488,0.06,318.8,2,9,0.9
2024-03-28T11:57:20Z,26.548947,-77.053490,0.16,335.3,2,9,0.9
2024-03-28T11:57:25Z,26.548950,-77.053492,0.12,341.7,2,9,0.9
2024-03-28T11:57:35Z,26.548952,-77.053493,0.09,330.9,2,9,0.9
2024-03-28T11:57:40Z,26.548950,-77.053497,0.08,287.3,2,9,0.9
2024-03-28T11:57:45Z,26.548950,-77.053498,0.06,198.5,2,9,0.9
2024-03-28T11:57:50Z,26.548948,-77.053498,0.05,303.2,2,9,0.9
2024-03-28T11:57:55Z,26.548948,-77.053500,0.03,123.4,2,9,0.9
2024-03-28T11:58:00Z,26.548948,-77.053500,0.08,342.2,2,9,0.9
2024-03-28T11:58:05Z,26.548950,-77.053503,0.10,295.2,2,9,0.9
2024-03-28T11:58:10Z,26.548952,-77.053503,0.05,350.4,2,9,0.9
2024-03-28T11:58:15Z,26.548952,-77.053503,0.05,6.5,2,9,0.9
2024-03-28T11:58:20Z,26.548953,-77.053503,0.06,348.6,2,9,0.9
2024-03-28T11:58:25Z,26.548955,-77.053503,0.07,52.4,2,9,0.9
2024-03-28T11:58:30Z,26.548953,-77.053502,0.08,78.5,2,9,0.9
2024-03-28T11:58:35Z,26.548953,-77.053500,0.07,116.4,2,9,0.9
2024-03-28T11:58:40Z,26.548952,-77.053498,0.09,92.3,2,9,0.9
2024-03-28T11:58:45Z,26.548952,-77.053497,0.07,91.2,2,9,0.9
2024-03-28T11:58:50Z,26.548952,-77.053493,0.09,76.3,2,9,0.9
2024-03-28T11:58:55Z,26.548950,-77.053493,0.06,329.6,2,9,0.9
2024-03-28T11:59:05Z,26.548952,-77.053493,0.10,296.2,2,9,0.9
2024-03-28T11:59:10Z,26.548952,-77.053497,0.15,278.4,2,9,0.9
2024-03-28T11:59:15Z,26.548953,-77.053500,0.13,297.3,2,9,0.9
2024-03-28T11:59:20Z,26.548952,-77.053503,0.15,269.5,2,9,0.9
2024-03-28T11:59:25Z,26.548952,-77.053507,0.15,281.6,2,9,0.9
2024-03-28T11:59:30Z,26.548950,-77.053510,0.07,212.5,2,9,0.9
2024-03-28T11:59:35Z,26.548948,-77.053510,0.12,294.2,2,9,0.9
2024-03-28T11:59:40Z,26.548948,-77.053512,0.08,198.3,2,9,0.9
2024-03-28T11:59:45Z,26.548948,-77.053513,0.10,320.2,2,9,0.9
2024-03-28T11:59:50Z,26.548948,-77.053517,0.16,309.2,2,9,0.9
2024-03-28T11:59:55Z,26.548950,-77.053518,0.09,338.5,2,9,0.9
2024-03-28T12:00:00Z,26.548952,-77.053520,0.03,333.9,2,9,0.9
2024-03-28T12:00:05Z,26.548950,-77.053520,0.05,86.7,2,9,0.9
2024-03-28T12:00:10Z,26.548950,-77.053518,0.03,83.4,2,9,0.9
2024-03-28T12:00:15Z,26.548948,-77.053518,0.03,332.3,2,9,0.9
2024-03-28T12:00:20Z,26.548950,-77.053518,0.12,8.4,2,9,0.9
2024-03-28T12:00:25Z,26.548952,-77.053520,0.07,353.0,2,9,0.9
2024-03-28T12:00:30Z,26.548953,-77.053522,0.13,355.2,2,9,0.9
2024-03-28T12:00:35Z,26.548957,-77.053522,0.05,60.4,2,9,0.9
2024-03-28T12:00:40Z,26.548957,-77.053522,0.01,107.1,2,9,0.9
2024-03-28T12:00:45Z,26.548957,-77.053522,0.06,338.5,2,9,0.9
2024-03-28T12:00:50Z,26.548957,-77.053522,0.06,149.7,2,9,0.9
2024-03-28T12:00:55Z,26.548955,-77.053522,0.06,71.2,2,9,0.9
2024-03-28T12:01:05Z,26.548957,-77.053518,0.06,201.0,2,9,0.9
2024-03-28T12:01:10Z,26.548957,-77.053520,0.02,258.3,2,9,0.9
2024-03-28T12:01:15Z,26.548957,-77.053522,0.06,318.7,2,9,0.9
2024-03-28T12:01:20Z,26.548958,-77.053523,0.06,321.9,2,9,0.9
2024-03-28T12:01:25Z,26.548958,-77.053525,0.06,321.2,2,9,0.9
2024-03-28T12:01:30Z,26.548958,-77.053527,0.04,286.6,2,9,0.9
2024-03-28T12:01:35Z,26.548960,-77.053527,0.07,355.0,2,9,0.9
2024-03-28T12:01:40Z,26.548958,-77.053527,0.04,135.8,2,9,0.9
2024-03-28T12:01:45Z,26.548957,-77.053525,0.07,112.4,2,9,0.9
2024-03-28T12:01:50Z,26.548957,-77.053523,0.10,116.7,2,9,0.9
2024-03-28T12:01:55Z,26.548955,-77.053520,0.09,102.8,2,9,0.9
2024-03-28T12:02:00Z,26.548953,-77.053518,0.05,92.0,2,9,0.9
2024-03-28T12:02:05Z,26.548952,-77.053518,0.14,109.8,2,9,0.9
2024-03-28T12:02:10Z,26.548952,-77.053515,0.07,51.9,2,9,0.9
2024-03-28T12:02:15Z,26.548952,-77.053515,0.08,45.7,2,9,0.9
2024-03-28T12:02:20Z,26.548952,-77.053513,0.09,18.0,2,9,0.9
2024-03-28T12:02:25Z,26.548953,-77.053513,0.07,2.3,1,9,0.9
2024-03-28T12:02:35Z,26.548953,-77.053512,0.04,9.4,2,9,0.9
2024-03-28T12:02:40Z,26.548953,-77.053513,0.05,325.3,2,9,0.9
2024-03-28T12:02:45Z,26.548953,-77.053515,0.07,232.1,2,9,0.9
2024-03-28T12:02:50Z,26.548952,-77.053517,0.05,212.9,2,9,0.9
2024-03-28T12:02:55Z,26.548950,-77.053517,0.08,209.8,2,9,0.9
2024-03-28T12:03:05Z,26.548948,-77.053520,0.01,232.2,2,9,0.9
2024-03-28T12:03:10Z,26.548947,-77.053520,0.01,144.4,2,9,0.9
2024-03-28T12:03:15Z,26.548947,-77.053520,0.05,115.2,2,9,0.9
2024-03-28T12:03:20Z,26.548947,-77.053518,0.07,33.5,2,9,0.9
2024-03-28T12:03:25Z,26.548947,-77.053518,0.08,77.9,2,9,0.9
2024-03-28T12:03:30Z,26.548947,-77.053517,0.12,33.0,2,9,0.9
2024-03-28T12:03:35Z,26.548947,-77.053515,0.10,48.1,2,9,0.9
2024-03-28T12:03:40Z,26.548948,-77.053513,0.15,49.3,2,9,0.9
2024-03-28T12:03:45Z,26.548950,-77.053512,0.08,39.7,2,9,0.9
2024-03-28T12:03:50Z,26.548948,-77.053512,0.11,175.2,2,9,0.9
2024-03-28T12:03:55Z,26.548945,-77.053515,0.13,261.8,2,9,0.9
2024-03-28T12:04:00Z,26.548943,-77.053518,0.11,201.5,2,9,0.9
2024-03-28T12:04:10Z,26.548940,-77.053527,0.10,255.4,2,9,0.9
2024-03-28T12:04:15Z,26.548940,-77.053528,0.04,174.2,2,9,0.9
2024-03-28T12:04:20Z,26.548940,-77.053532,0.15,286.8,2,9,0.9
2024-03-28T12:04:25Z,26.548942,-77.053537,0.22,306.1,2,9,0.9
2024-03-28T12:04:30Z,26.548943,-77.053540,0.17,310.4,2,9,0.9
2024-03-28T12:04:40Z,26.548950,-77.053547,0.19,326.8,2,9,0.9
2024-03-28T12:04:45Z,26.548952,-77.053548,0.09,3.8,2,9,0.9
2024-03-28T12:04:50Z,26.548952,-77.053547,0.14,89.7,2,9,0.9
2024-03-28T12:04:55Z,26.548950,-77.053543,0.13,85.2,2,9,0.9
2024-03-28T12:05:00Z,26.548950,-77.053540,0.13,80.6,2,9,0.9
2024-03-28T12:05:10Z,26.548952,-77.053535,0.12,15.1,2,9,0.9
2024-03-28T12:05:15Z,26.548953,-77.053532,0.19,86.9,2,9,0.9
2024-03-28T12:05:20Z,26.548953,-77.053530,0.06,335.3,2,9,0.9
2024-03-28T12:05:25Z,26.548953,-77.053528,0.05,36.5,2,9,0.9
2024-03-28T12:05:30Z,26.548953,-77.053530,0.09,256.3,2,9,0.9
2024-03-28T12:05:35Z,26.548953,-77.053533,0.03,235.9,2,9,0.9
2024-03-28T12:05:40Z,26.548952,-77.053533,0.05,186.2,2,9,0.9
2024-03-28T12:05:45Z,26.548950,-77.053535,0.02,158.6,2,9,0.9
2024-03-28T12:05:50Z,26.548950,-77.053533,0.06,104.8,2,9,0.9
2024-03-28T12:05:55Z,26.548950,-77.053533,0.02,100.7,1,9,0.9
2024-03-28T12:06:00Z,26.548950,-77.053532,0.07,70.2,1,9,0.9
2024-03-28T12:06:10Z,26.548953,-77.053532,0.13,8.6,2,9,0.9
2024-03-28T12:06:15Z,26.548955,-77.053533,0.15,335.7,2,9,0.9
2024-03-28T12:06:20Z,26.548958,-77.053533,0.17,4.7,2,9,0.9
2024-03-28T12:06:25Z,26.548960,-77.053533,0.12,345.7,2,9,0.9
2024-03-28T12:06:30Z,26.548958,-77.053532,0.14,99.0,2,9,0.9
2024-03-28T12:06:35Z,26.548957,-77.053530,0.05,130.8,2,9,0.9
2024-03-28T12:06:40Z,26.548953,-77.053528,0.06,153.0,2,9,0.9
2024-03-28T12:06:45Z,26.548953,-77.053527,0.06,62.3,2,9,0.9
2024-03-28T12:06:50Z,26.548953,-77.053527,0.07,38.9,2,9,0.9
2024-03-28T12:06:55Z,26.548955,-77.053527,0.07,4.0,2,9,0.9
2024-03-28T12:07:00Z,26.548957,-77.053527,0.10,2.5,2,9,0.9
2024-03-28T12:07:10Z,26.548960,-77.053530,0.20,318.0,2,9,0.9
2024-03-28T12:07:15Z,26.548960,-77.053533,0.05,277.2,2,9,0.9
2024-03-28T12:07:20Z,26.548962,-77.053537,0.19,298.1,2,9,0.9
2024-03-28T12:07:25Z,26.548962,-77.053538,0.05,201.3,2,9,0.9
2024-03-28T12:07:30Z,26.548960,-77.053538,0.08,174.9,2,9,0.9
2024-03-28T12:07:35Z,26.548960,-77.053535,0.15,105.5,2,9,0.9
2024-03-28T12:07:40Z,26.548958,-77.053530,0.18,97.3,2,9,0.9
2024-03-28T12:07:45Z,26.548960,-77.053527,0.17,42.6,2,9,0.9
2024-03-28T12:07:50Z,26.548963,-77.053525,0.16,31.4,2,9,0.9
2024-03-28T12:07:55Z,26.548965,-77.053522,0.10,65.9,2,9,0.9
2024-03-28T12:08:00Z,26.548965,-77.053520,0.03,56.2,2,9,0.9
2024-03-28T12:08:10Z,26.548963,-77.053523,0.07,306.2,2,9,0.9
2024-03-28T12:08:15Z,26.548963,-77.053525,0.12,281.1,2,9,0.9
2024-03-28T12:08:20Z,26.548962,-77.053527,0.10,286.3,2,9,0.9
2024-03-28T12:08:25Z,26.548963,-77.053530,0.11,320.2,2,9,0.9
2024-03-28T12:08:30Z,26.548963,-77.053532,0.10,313.8,2,9,0.9
2024-03-28T12:08:35Z,26.548965,-77.053535,0.13,267.5,2,9,0.9
2024-03-28T12:08:40Z,26.548965,-77.053535,0.03,316.9,2,9,0.9
2024-03-28T12:08:45Z,26.548963,-77.053535,0.04,156.9,2,9,0.9
2024-03-28T12:08:50Z,26.548962,-77.053533,0.10,125.3,2,9,0.9
2024-03-28T12:08:55Z,26.548960,-77.053532,0.18,164.4,2,9,0.9
2024-03-28T12:09:00Z,26.548958,-77.053532,0.05,336.2,2,9,0.9
2024-03-28T12:09:05Z,26.548958,-77.053532,0.02,76.5,2,9,0.9
2024-03-28T12:09:10Z,26.548958,-77.053532,0.03,5.6,2,9,0.9
2024-03-28T12:09:15Z,26.548960,-77.053532,0.11,28.3,2,9,0.9
2024-03-28T12:09:20Z,26.548960,-77.053532,0.04,1.5,2,9,0.9
2024-03-28T12:09:25Z,26.548962,-77.053532,0.07,5.9,2,9,0.9
2024-03-28T12:09:30Z,26.548962,-77.053532,0.12,57.3,2,9,0.9
2024-03-28T12:09:40Z,26.548962,-77.053527,0.14,98.1,2,9,0.9
2024-03-28T12:09:45Z,26.548960,-77.053523,0.13,114.5,2,9,0.9
2024-03-28T12:09:50Z,26.548958,-77.053520,0.09,112.1,2,9,0.9
2024-03-28T12:09:55Z,26.548957,-77.053517,0.15,115.6,2,9,0.9
2024-03-28T12:10:00Z,26.548955,-77.053515,0.12,117.8,2,9,0.9
2024-03-28T12:10:05Z,26.548955,-77.053513,0.01,322.6,2,9,0.9
2024-03-28T12:10:10Z,26.548955,-77.053513,0.01,310.6,2,9,0.9
2024-03-28T12:10:15Z,26.548953,-77.053515,0.03,269.0,2,9,0.9
2024-03-28T12:10:20Z,26.548953,-77.053517,0.03,231.5,2,9,0.9
2024-03-28T12:10:25Z,26.548952,-77.053515,0.03,152.6,2,9,0.9
2024-03-28T12:10:30Z,26.548950,-77.053515,0.07,283.3,2,9,0.9
2024-03-28T12:10:35Z,26.548950,-77.053515,0.07,91.7,2,9,0.9
2024-03-28T12:10:40Z,26.548950,-77.053513,0.09,54.9,2,9,0.9
2024-03-28T12:10:45Z,26.548952,-77.053513,0.14,0.8,2,9,0.9
2024-03-28T12:10:50Z,26.548955,-77.053510,0.16,49.7,2,9,0.9
2024-03-28T12:10:55Z,26.548957,-77.053508,0.12,6.5,2,9,0.9
2024-03-28T12:11:00Z,26.548958,-77.053510,0.10,24.2,2,9,0.9
2024-03-28T12:11:05Z,26.548958,-77.053508,0.03,2.6,2,9,0.9
2024-03-28T12:11:10Z,26.548960,-77.053512,0.09,288.4,2,9,0.9
2024-03-28T12:11:15Z,26.548958,-77.053510,0.10,149.4,2,9,0.9
2024-03-28T12:11:20Z,26.548957,-77.053510,0.08,260.7,2,9,0.9
2024-03-28T12:11:25Z,26.548955,-77.053512,0.08,197.4,2,9,0.9
2024-03-28T12:11:30Z,26.548952,-77.053512,0.12,226.8,2,9,0.9
2024-03-28T12:11:35Z,26.548952,-77.053515,0.16,314.5,2,9,0.9
2024-03-28T12:11:40Z,26.548955,-77.053518,0.12,328.6,2,9,0.9
2024-03-28T12:11:45Z,26.548955,-77.053522,0.11,292.0,2,9,0.9
2024-03-28T12:11:50Z,26.548955,-77.053523,0.02,45.9,2,9,0.9
2024-03-28T12:11:55Z,26.548953,-77.053523,0.08,184.4,2,9,0.9
2024-03-28T12:12:00Z,26.548953,-77.053522,0.08,50.9,2,9,0.9
2024-03-28T12:12:05Z,26.548953,-77.053522,0.03,97.8,2,9,0.9
2024-03-28T12:12:10Z,26.548953,-77.053522,0.08,329.9,2,9,0.9
2024-03-28T12:12:15Z,26.548955,-77.053523,0.04,353.6,2,9,0.9
2024-03-28T12:12:20Z,26.548955,-77.053523,0.08,320.6,2,9,0.9
2024-03-28T12:12:25Z,26.548957,-77.053525,0.06,324.0,2,9,0.9
2024-03-28T12:12:30Z,26.548955,-77.053525,0.12,125.1,2,9,0.9
2024-03-28T12:12:35Z,26.548955,-77.053525,0.05,64.5,2,9,0.9
2024-03-28T12:12:40Z,26.548955,-77.053525,0.05,103.3,2,8,1.0
2024-03-28T12:12:45Z,26.548953,-77.053525,0.02,322.0,2,9,0.9
2024-03-28T12:12:50Z,26.548953,-77.053523,0.08,79.3,2,9,0.9
2024-03-28T12:12:55Z,26.548953,-77.053522,0.07,354.4,2,9,0.9
2024-03-28T12:13:00Z,26.548955,-77.053522,0.10,36.0,2,9,0.9
2024-03-28T12:13:10Z,26.548957,-77.053523,0.10,317.7,2,9,0.9
2024-03-28T12:13:15Z,26.548958,-77.053525,0.10,319.6,2,9,0.9
2024-03-28T12:13:20Z,26.548958,-77.053527,0.03,266.8,2,9,0.9
2024-03-28T12:13:25Z,26.548958,-77.053527,0.07,282.5,2,9,0.9
2024-03-28T12:13:30Z,26.548958,-77.053527,0.05,286.8,2,9,0.9
2024-03-28T12:13:35Z,26.548958,-77.053528,0.07,327.1,2,8,1.0
2024-03-28T12:13:45Z,26.548960,-77.053532,0.09,307.8,2,9,0.9
2024-03-28T12:13:50Z,26.548960,-77.053532,0.03,233.7,2,9,0.9
2024-03-28T12:13:55Z,26.548960,-77.053532,0.07,323.1,2,9,0.9
2024-03-28T12:14:00Z,26.548960,-77.053533,0.02,67.7,2,9,0.9
2024-03-28T12:14:05Z,26.548958,-77.053532,0.07,176.4,2,9,0.9
2024-03-28T12:14:15Z,26.548957,-77.053532,0.12,130.5,2,9,0.9
2024-03-28T12:14:20Z,26.548955,-77.053530,0.06,117.7,2,9,0.9
2024-03-28T12:14:25Z,26.548953,-77.053528,0.04,112.3,2,9,0.9
2024-03-28T12:14:30Z,26.548953,-77.053528,0.08,72.5,2,9,0.9
2024-03-28T12:14:35Z,26.548953,-77.053528,0.07,10.4,2,9,0.9
2024-03-28T12:14:45Z,26.548955,-77.053528,0.09,23.5,2,9,0.9
2024-03-28T12:14:50Z,26.548957,-77.053527,0.13,7.9,2,9,0.9
2024-03-28T12:14:55Z,26.548958,-77.053525,0.09,29.8,2,9,0.9
2024-03-28T12:15:00Z,26.548960,-77.053525,0.09,49.3,2,9,0.9
2024-03-28T12:15:05Z,26.548962,-77.053523,0.10,60.2,2,9,0.9
2024-03-28T12:15:10Z,26.548963,-77.053523,0.07,350.5,2,9,0.9
2024-03-28T12:15:15Z,26.548965,-77.053523,0.08,85.2,2,9,0.9
2024-03-28T12:15:20Z,26.548967,-77.053522,0.10,330.5,2,9,0.9
2024-03-28T12:15:25Z,26.548967,-77.053523,0.05,229.6,2,9,0.9
2024-03-28T12:15:30Z,26.548965,-77.053523,0.10,232.7,2,9,0.9
2024-03-28T12:15:35Z,26.548963,-77.053525,0.02,201.4,2,9,0.9
2024-03-28T12:15:40Z,26.548963,-77.053527,0.05,224.0,2,9,0.9
2024-03-28T12:15:45Z,26.548963,-77.053527,0.06,326.8,2,9,0.9
2024-03-28T12:15:50Z,26.548962,-77.053528,0.02,213.3,2,9,0.9
2024-03-28T12:15:55Z,26.548962,-77.053530,0.08,340.4,2,9,0.9
2024-03-28T12:16:00Z,26.548962,-77.053530,0.03,263.6,2,9,0.9
2024-03-28T12:16:05Z,26.548962,-77.053532,0.02,26.4,2,9,0.9
2024-03-28T12:16:10Z,26.548962,-77.053530,0.08,63.9,2,9,0.9
2024-03-28T12:16:15Z,26.548960,-77.053530,0.00,148.3,2,9,0.9
2024-03-28T12:16:20Z,26.548960,-77.053530,0.08,79.2,2,9,0.9
2024-03-28T12:16:25Z,26.548958,-77.053530,0.02,146.4,2,9,0.9
2024-03-28T12:16:30Z,26.548958,-77.053530,0.09,16.6,2,9,0.9
2024-03-28T12:16:35Z,26.548960,-77.053528,0.08,14.6,2,9,0.9
2024-03-28T12:16:45Z,26.548963,-77.053527,0.14,17.1,2,9,0.9
2024-03-28T12:16:50Z,26.548965,-77.053527,0.09,66.6,2,9,0.9
2024-03-28T12:16:55Z,26.548965,-77.053523,0.32,78.7,2,9,0.9
2024-03-28T12:17:00Z,26.548963,-77.053518,0.11,91.2,2,9,0.9
2024-03-28T12:17:05Z,26.548962,-77.053517,0.10,185.3,2,9,0.9
2024-03-28T12:17:10Z,26.548960,-77.053513,0.05,137.0,2,9,0.9
2024-03-28T12:17:15Z,26.548957,-77.053513,0.14,162.4,2,9,0.9
2024-03-28T12:17:20Z,26.548957,-77.053513,0.04,68.5,2,9,0.9
2024-03-28T12:17:25Z,26.548957,-77.053512,0.09,37.3,2,9,0.9
2024-03-28T12:17:30Z,26.548955,-77.053510,0.08,86.3,2,8,1.0
2024-03-28T12:17:35Z,26.548955,-77.053508,0.06,85.6,2,8,1.0
2024-03-28T12:17:45Z,26.548955,-77.053505,0.11,40.1,2,8,1.0
2024-03-28T12:17:50Z,26.548955,-77.053503,0.11,108.5,2,9,0.9
2024-03-28T12:17:55Z,26.548958,-77.053508,0.08,348.3,2,9,0.9
2024-03-28T12:18:00Z,26.548960,-77.053510,0.07,3.5,2,9,0.9
2024-03-28T12:18:05Z,26.548960,-77.053512,0.02,315.5,2,9,0.9
2024-03-28T12:18:15Z,26.548958,-77.053517,0.10,283.6,2,9,0.9
2024-03-28T12:18:20Z,26.548958,-77.053518,0.09,312.6,2,9,0.9
2024-03-28T12:18:25Z,26.548960,-77.053518,0.04,337.9,2,9,0.9
2024-03-28T12:18:30Z,26.548960,-77.053522,0.07,278.1,2,9,0.9
2024-03-28T12:18:35Z,26.548960,-77.053525,0.11,272.2,2,8,1.0
2024-03-28T12:18:40Z,26.548958,-77.053528,0.09,216.0,2,8,1.0
2024-03-28T12:18:45Z,26.548957,-77.053532,0.12,206.5,2,8,1.0
2024-03-28T12:18:50Z,26.548953,-77.053533,0.08,190.6,2,9,0.9
2024-03-28T12:18:55Z,26.548950,-77.053535,0.09,271.1,2,9,0.9
2024-03-28T12:19:00Z,26.548950,-77.053538,0.07,245.1,2,9,0.9
2024-03-28T12:19:05Z,26.548947,-77.053538,0.09,233.1,2,9,0.9
2024-03-28T12:19:10Z,26.548948,-77.053542,0.14,320.0,2,9,0.9
2024-03-28T12:19:15Z,26.548948,-77.053542,0.02,293.9,2,8,1.0
2024-03-28T12:19:20Z,26.548950,-77.053545,0.19,314.7,2,9,0.9
2024-03-28T12:19:25Z,26.548953,-77.053548,0.09,24.2,2,9,0.9
2024-03-28T12:19:30Z,26.548955,-77.053550,0.09,355.1,2,9,0.9
2024-03-28T12:19:35Z,26.548957,-77.053552,0.16,89.7,2,9,0.9
2024-03-28T12:19:40Z,26.548958,-77.053547,0.16,45.0,2,9,0.9
2024-03-28T12:19:50Z,26.548963,-77.053542,0.24,62.3,2,9,0.9
2024-03-28T12:19:55Z,26.548967,-77.053538,0.13,67.2,2,9,0.9
2024-03-28T12:20:00Z,26.548967,-77.053538,0.16,106.3,2,9,0.9
2024-03-28T12:20:05Z,26.548967,-77.053535,0.08,34.0,2,9,0.9
2024-03-28T12:20:10Z,26.548967,-77.053537,0.08,162.3,2,9,0.9
2024-03-28T12:20:20Z,26.548963,-77.053540,0.07,226.8,2,9,0.9
2024-03-28T12:20:25Z,26.548962,-77.053542,0.05,248.8,2,9,0.9
2024-03-28T12:20:30Z,26.548962,-77.053542,0.02,118.2,2,9,0.9
2024-03-28T12:20:35Z,26.548960,-77.053540,0.14,127.5,2,9,0.9
2024-03-28T12:20:40Z,26.548958,-77.053537,0.11,70.6,2,9,0.9
2024-03-28T12:20:50Z,26.548960,-77.053532,0.09,71.0,2,9,0.9
2024-03-28T12:20:55Z,26.548962,-77.053530,0.09,34.7,2,9,0.9
2024-03-28T12:21:00Z,26.548962,-77.053528,0.07,61.7,2,9,0.9
2024-03-28T12:21:05Z,26.548963,-77.053527,0.14,358.6,2,9,0.9
2024-03-28T12:21:10Z,26.548967,-77.053525,0.14,14.1,2,9,0.9
2024-03-28T12:21:20Z,26.548968,-77.053522,0.03,315.4,2,8,1.0
2024-03-28T12:21:25Z,26.548967,-77.053520,0.13,222.5,2,9,0.9
2024-03-28T12:21:30Z,26.548965,-77.053525,0.46,288.3,2,9,0.9
2024-03-28T12:21:35Z,26.548963,-77.053528,0.06,239.6,2,9,0.9
2024-03-28T12:21:40Z,26.548962,-77.053532,0.19,238.9,2,9,0.9
2024-03-28T12:21:45Z,26.548962,-77.053533,0.01,297.0,2,9,0.9
2024-03-28T12:21:50Z,26.548960,-77.053533,0.03,152.1,2,9,0.9
2024-03-28T12:21:55Z,26.548960,-77.053533,0.08,285.9,2,9,0.9
2024-03-28T12:22:00Z,26.548958,-77.053533,0.06,135.7,2,9,0.9
2024-03-28T12:22:05Z,26.548960,-77.053532,0.09,332.4,2,9,0.9
2024-03-28T12:22:10Z,26.548960,-77.053533,0.05,326.1,2,9,0.9
2024-03-28T12:22:15Z,26.548960,-77.053532,0.08,63.0,2,9,0.9
2024-03-28T12:22:20Z,26.548960,-77.053532,0.13,344.4,2,9,0.9
2024-03-28T12:22:25Z,26.548962,-77.053530,0.10,126.3,2,9,0.9
2024-03-28T12:22:30Z,26.548960,-77.053528,0.16,81.8,2,9,0.9
2024-03-28T12:22:35Z,26.548958,-77.053528,0.04,112.9,2,9,0.9
2024-03-28T12:22:40Z,26.548958,-77.053530,0.12,19.8,2,9,0.9
2024-03-28T12:22:50Z,26.548965,-77.053530,0.14,359.7,2,9,0.9
2024-03-28T12:22:55Z,26.548968,-77.053528,0.07,47.1,1,9,0.9
2024-03-28T12:23:00Z,26.548968,-77.053528,0.03,95.2,1,9,0.9
2024-03-28T12:23:05Z,26.548967,-77.053528,0.02,122.9,1,9,0.9
2024-03-28T12:23:10Z,26.548965,-77.053527,0.08,131.4,1,9,0.9
2024-03-28T12:23:20Z,26.548963,-77.053528,0.10,97.1,2,9,0.9
2024-03-28T12:23:25Z,26.548962,-77.053528,0.39,74.6,2,9,0.9
2024-03-28T12:23:30Z,26.548958,-77.053530,0.10,120.2,2,9,0.9
2024-03-28T12:23:35Z,26.548957,-77.053530,0.05,149.9,2,8,1.0
2024-03-28T12:23:40Z,26.548955,-77.053532,0.00,330.3,2,9,0.9
2024-03-28T12:23:45Z,26.548957,-77.053533,0.10,305.1,2,9,0.9
2024-03-28T12:23:50Z,26.548957,-77.053535,0.08,267.4,2,9,0.9
2024-03-28T12:23:55Z,26.548958,-77.053538,0.21,279.2,2,8,1.0
2024-03-28T12:24:00Z,26.548960,-77.053543,0.11,311.0,2,9,0.9
2024-03-28T12:24:05Z,26.548963,-77.053545,0.07,323.2,2,8,1.0
2024-03-28T12:24:10Z,26.548963,-77.053547,0.09,165.9,2,9,0.9
2024-03-28T12:24:15Z,26.548960,-77.053547,0.15,194.6,2,8,1.0
2024-03-28T12:24:20Z,26.548958,-77.053550,0.14,235.0,2,8,1.0
2024-03-28T12:24:25Z,26.548958,-77.053553,0.14,255.6,2,9,0.9
2024-03-28T12:24:30Z,26.548958,-77.053558,0.16,276.4,2,9,0.9
2024-03-28T12:24:35Z,26.548960,-77.053563,0.07,261.2,2,9,0.9
2024-03-28T12:24:40Z,26.548958,-77.053565,0.03,216.2,2,9,0.9
2024-03-28T12:24:45Z,26.548960,-77.053568,0.12,294.0,2,9,0.9
2024-03-28T12:24:50Z,26.548960,-77.053570,0.04,36.5,2,9,0.9
2024-03-28T12:24:55Z,26.548962,-77.053570,0.15,317.6,2,9,0.9
2024-03-28T12:25:00Z,26.548963,-77.053565,0.13,23.1,2,9,0.9
2024-03-28T12:25:05Z,26.548965,-77.053563,0.09,38.0,2,9,0.9
2024-03-28T12:25:10Z,26.548968,-77.053563,0.23,37.0,2,9,0.9
2024-03-28T12:25:15Z,26.548972,-77.053562,0.19,50.3,2,9,0.9
2024-03-28T12:25:25Z,26.548977,-77.053558,0.14,111.2,2,9,0.9
2024-03-28T12:25:30Z,26.548973,-77.053555,0.14,118.4,2,9,0.9
2024-03-28T12:25:35Z,26.548972,-77.053553,0.12,107.2,2,9,0.9
2024-03-28T12:25:40Z,26.548970,-77.053550,0.09,113.6,2,9,0.9
2024-03-28T12:25:45Z,26.548970,-77.053550,0.07,90.8,2,9,0.9
2024-03-28T12:25:55Z,26.548968,-77.053547,0.01,138.4,2,9,0.9
2024-03-28T12:26:00Z,26.548968,-77.053545,0.17,94.9,2,8,1.0
2024-03-28T12:26:05Z,26.548968,-77.053542,0.08,80.3,2,8,1.0
2024-03-28T12:26:10Z,26.548967,-77.053543,0.08,262.5,2,9,0.9
2024-03-28T12:26:15Z,26.548967,-77.053542,0.11,142.0,2,9,0.9
2024-03-28T12:26:25Z,26.548965,-77.053547,0.04,280.6,2,8,1.0
2024-03-28T12:26:30Z,26.548965,-77.053548,0.10,261.2,2,9,0.9
2024-03-28T12:26:35Z,26.548965,-77.053555,0.14,277.7,2,9,0.9
2024-03-28T12:26:40Z,26.548965,-77.053560,0.12,274.8,2,9,0.9
2024-03-28T12:26:45Z,26.548965,-77.053562,0.11,303.1,2,9,0.9
2024-03-28T12:26:50Z,26.548967,-77.053563,0.10,293.7,2,9,0.9
2024-03-28T12:26:55Z,26.548967,-77.053565,0.13,286.6,2,9,0.9
2024-03-28T12:27:00Z,26.548967,-77.053568,0.01,95.7,2,9,0.9
2024-03-28T12:27:05Z,26.548965,-77.053568,0.08,139.6,2,9,0.9
2024-03-28T12:27:10Z,26.548962,-77.053568,0.10,213.8,2,9,0.9
2024-03-28T12:27:15Z,26.548960,-77.053570,0.07,161.5,2,9,0.9
2024-03-28T12:27:20Z,26.548960,-77.053570,0.08,165.0,2,9,0.9
2024-03-28T12:27:25Z,26.548958,-77.053570,0.03,253.1,2,9,0.9
2024-03-28T12:27:30Z,26.548958,-77.053570,0.06,243.2,2,9,0.9
2024-03-28T12:27:35Z,26.548957,-77.053575,0.10,233.1,2,9,0.9
2024-03-28T12:27:40Z,26.548957,-77.053580,0.08,160.9,2,9,0.9
2024-03-28T12:27:45Z,26.548957,-77.053587,0.13,269.7,2,9,0.9
2024-03-28T12:27:50Z,26.548957,-77.053592,0.08,279.5,2,9,0.9
2024-03-28T12:27:55Z,26.548957,-77.053593,0.11,243.9,2,9,0.9
2024-03-28T12:28:00Z,26.548957,-77.053598,0.18,302.1,2,9,0.9
2024-03-28T12:28:05Z,26.548958,-77.053600,0.06,138.4,2,9,0.9
2024-03-28T12:28:10Z,26.548957,-77.053602,0.08,167.6,2,9,0.9
2024-03-28T12:28:15Z,26.548958,-77.053602,0.08,61.8,2,9,0.9
2024-03-28T12:28:20Z,26.548960,-77.053600,0.10,76.0,2,9,0.9
2024-03-28T12:28:25Z,26.548962,-77.053598,0.14,35.8,2,8,1.0
2024-03-28T12:28:30Z,26.548963,-77.053598,0.07,56.4,2,8,1.0
2024-03-28T12:28:35Z,26.548967,-77.053595,0.13,313.2,2,8,1.0
2024-03-28T12:28:40Z,26.548968,-77.053597,0.02,50.4,2,8,1.0
2024-03-28T12:28:45Z,26.548968,-77.053597,0.06,323.5,2,8,1.0
2024-03-28T12:28:50Z,26.548968,-77.053598,0.06,330.9,2,8,1.0
2024-03-28T12:28:55Z,26.548970,-77.053598,0.02,300.1,2,8,1.0
2024-03-28T12:29:00Z,26.548970,-77.053598,0.04,32.7,2,8,1.0
2024-03-28T12:29:05Z,26.548970,-77.053600,0.06,100.3,2,8,1.0
2024-03-28T12:29:10Z,26.548972,-77.053600,0.11,79.5,2,8,1.0
2024-03-28T12:29:15Z,26.548973,-77.053598,0.26,52.0,2,8,1.0
2024-03-28T12:29:25Z,26.548977,-77.053590,0.18,60.4,2,8,1.0
2024-03-28T12:29:30Z,26.548978,-77.053587,0.17,98.1,2,8,1.0
2024-03-28T12:29:35Z,26.548975,-77.053587,0.13,195.7,2,8,1.0
2024-03-28T12:29:40Z,26.548975,-77.053585,0.11,78.7,2,8,1.0
2024-03-28T12:29:45Z,26.548973,-77.053583,0.13,120.7,2,8,1.0
2024-03-28T12:29:55Z,26.548973,-77.053578,0.03,151.0,2,8,1.0
2024-03-28T12:30:00Z,26.548973,-77.053578,0.10,55.1,2,8,1.0
2024-03-28T12:30:05Z,26.548975,-77.053577,0.08,42.0,2,8,1.0
2024-03-28T12:30:10Z,26.548975,-77.053578,0.02,308.1,2,8,1.0
2024-03-28T12:30:15Z,26.548975,-77.053577,0.05,85.6,2,8,1.0
2024-03-28T12:30:25Z,26.548972,-77.053578,0.02,100.1,2,8,1.0
2024-03-28T12:30:30Z,26.548970,-77.053577,0.12,159.6,2,8,1.0
2024-03-28T12:30:35Z,26.548968,-77.053582,0.06,139.9,2,8,1.0
2024-03-28T12:30:40Z,26.548970,-77.053582,0.11,76.3,2,8,1.0
2024-03-28T12:30:45Z,26.548970,-77.053582,0.09,105.9,2,8,1.0
2024-03-28T12:30:55Z,26.548968,-77.053582,0.03,115.6,2,8,1.0
2024-03-28T12:31:00Z,26.548967,-77.053583,0.02,315.5,2,8,1.0
2024-03-28T12:31:05Z,26.548965,-77.053585,0.08,149.5,2,8,1.0
2024-03-28T12:31:10Z,26.548965,-77.053585,0.04,199.9,2,8,1.0
2024-03-28T12:31:15Z,26.548963,-77.053587,0.06,177.2,2,8,1.0
2024-03-28T12:31:20Z,26.548962,-77.053587,0.06,166.3,2,8,1.0
2024-03-28T12:31:25Z,26.548962,-77.053588,0.06,229.8,2,8,1.0
2024-03-28T12:31:30Z,26.548962,-77.053590,0.04,240.1,2,8,1.0
2024-03-28T12:31:35Z,26.548963,-77.053592,0.03,263.2,2,8,1.0
2024-03-28T12:31:40Z,26.548963,-77.053592,0.08,84.0,2,8,1.0
2024-03-28T12:31:45Z,26.548962,-77.053592,0.09,150.7,2,8,1.0
2024-03-28T12:31:55Z,26.548960,-77.053590,0.10,105.3,2,8,1.0
2024-03-28T12:32:00Z,26.548960,-77.053587,0.10,79.1,2,8,1.0
2024-03-28T12:32:05Z,26.548962,-77.053585,0.09,87.3,2,8,1.0
2024-03-28T12:32:10Z,26.548962,-77.053583,0.05,58.8,2,8,1.0
2024-03-28T12:32:15Z,26.548963,-77.053582,0.07,60.8,2,8,1.0
2024-03-28T12:32:25Z,26.548965,-77.053582,0.02,106.7,2,8,1.0
2024-03-28T12:32:30Z,26.548965,-77.053582,0.06,318.0,2,8,1.0
2024-03-28T12:32:35Z,26.548968,-77.053583,0.15,327.8,2,8,1.0
2024-03-28T12:32:40Z,26.548970,-77.053587,0.13,321.1,2,8,1.0
2024-03-28T12:32:45Z,26.548972,-77.053588,0.05,289.1,2,8,1.0
2024-03-28T12:32:55Z,26.548972,-77.053588,0.12,124.6,2,8,1.0
2024-03-28T12:33:00Z,26.548972,-77.053587,0.12,123.7,2,8,1.0
2024-03-28T12:33:05Z,26.548970,-77.053585,0.00,260.1,2,8,1.0
2024-03-28T12:33:10Z,26.548970,-77.053587,0.02,66.8,2,8,1.0
2024-03-28T12:33:15Z,26.548972,-77.053587,0.07,55.9,2,8,1.0
2024-03-28T12:33:20Z,26.548972,-77.053587,0.07,158.6,2,8,1.0
2024-03-28T12:33:25Z,26.548972,-77.053585,0.13,54.9,2,8,1.0
2024-03-28T12:33:30Z,26.548973,-77.053583,0.04,44.2,2,8,1.0
2024-03-28T12:33:35Z,26.548973,-77.053582,0.21,77.1,2,8,1.0
2024-03-28T12:33:40Z,26.548975,-77.053580,0.14,50.8,2,8,1.0
2024-03-28T12:33:45Z,26.548977,-77.053578,0.17,64.3,2,8,1.0
2024-03-28T12:33:50Z,26.548978,-77.053577,0.13,58.3,2,8,1.0
2024-03-28T12:34:00Z,26.548978,-77.053572,0.07,112.3,2,8,1.0
2024-03-28T12:34:05Z,26.548978,-77.053568,0.14,129.7,2,8,1.0
2024-03-28T12:34:10Z,26.548975,-77.053568,0.10,156.5,2,8,1.0
2024-03-28T12:34:15Z,26.548975,-77.053567,0.09,103.8,2,8,1.0
2024-03-28T12:34:20Z,26.548975,-77.053567,0.08,147.7,2,8,1.0
2024-03-28T12:34:25Z,26.548973,-77.053567,0.08,104.4,2,8,1.0
2024-03-28T12:34:35Z,26.548972,-77.053565,0.11,117.6,2,8,1.0
2024-03-28T12:34:40Z,26.548972,-77.053562,0.12,104.4,2,8,1.0
2024-03-28T12:34:45Z,26.548970,-77.053562,0.13,93.5,2,8,1.0
2024-03-28T12:34:50Z,26.548970,-77.053562,0.10,54.5,1,8,1.0
2024-03-28T12:34:55Z,26.548972,-77.053560,0.10,6.3,1,8,1.0
2024-03-28T12:35:00Z,26.548970,-77.053553,0.53,88.5,1,8,1.0
2024-03-28T12:35:10Z,26.548972,-77.053550,0.06,83.5,1,8,1.0
2024-03-28T12:35:15Z,26.548973,-77.053550,0.02,13.0,1,8,1.0
2024-03-28T12:35:20Z,26.548973,-77.053552,0.02,330.8,1,8,1.0
2024-03-28T12:35:25Z,26.548973,-77.053553,0.06,265.0,1,8,1.0
2024-03-28T12:35:30Z,26.548973,-77.053555,0.06,42.2,1,8,1.0
2024-03-28T12:35:40Z,26.548972,-77.053558,0.08,263.9,1,8,1.0
2024-03-28T12:35:45Z,26.548970,-77.053560,0.04,188.2,1,8,1.0
2024-03-28T12:35:50Z,26.548968,-77.053560,0.05,150.7,1,8,1.0
2024-03-28T12:35:55Z,26.548967,-77.053560,0.09,152.9,1,8,1.0
2024-03-28T12:36:00Z,26.548963,-77.053557,0.06,128.8,1,8,1.0
2024-03-28T12:36:05Z,26.548962,-77.053557,0.08,127.6,1,8,1.0
2024-03-28T12:36:10Z,26.548960,-77.053557,0.05,117.3,1,8,1.0
2024-03-28T12:36:15Z,26.548960,-77.053555,0.04,65.7,1,8,1.0
2024-03-28T12:36:20Z,26.548958,-77.053555,0.04,72.1,1,8,1.0
2024-03-28T12:36:25Z,26.548958,-77.053555,0.06,55.6,1,8,1.0
2024-03-28T12:36:35Z,26.548958,-77.053553,0.07,17.6,1,8,1.0
2024-03-28T12:36:40Z,26.548958,-77.053553,0.12,20.0,1,8,1.0
2024-03-28T12:36:45Z,26.548960,-77.053553,0.11,25.5,1,8,1.0
2024-03-28T12:36:50Z,26.548962,-77.053552,0.07,3.8,1,8,1.0
2024-03-28T12:36:55Z,26.548962,-77.053552,0.09,29.2,1,8,1.0
2024-03-28T12:37:00Z,26.548962,-77.053552,0.07,47.6,1,8,1.0
2024-03-28T12:37:05Z,26.548962,-77.053550,0.04,133.6,1,8,1.0
2024-03-28T12:37:10Z,26.548960,-77.053550,0.10,98.0,1,8,1.0
2024-03-28T12:37:15Z,26.548958,-77.053548,0.09,128.4,1,8,1.0
2024-03-28T12:37:20Z,26.548955,-77.053548,0.07,136.3,1,8,1.0
2024-03-28T12:37:25Z,26.548953,-77.053548,0.05,149.5,1,8,1.0
2024-03-28T12:37:35Z,26.548950,-77.053550,0.06,200.7,1,8,1.0
2024-03-28T12:37:40Z,26.548948,-77.053550,0.04,169.2,1,8,1.0
2024-03-28T12:37:45Z,26.548948,-77.053552,0.02,155.8,1,8,1.0
2024-03-28T12:37:50Z,26.548947,-77.053553,0.02,233.2,1,8,1.0
2024-03-28T12:37:55Z,26.548947,-77.053555,0.06,273.6,1,8,1.0
2024-03-28T12:38:00Z,26.548947,-77.053557,0.07,270.5,1,8,1.0
2024-03-28T12:38:05Z,26.548947,-77.053560,0.08,313.6,1,8,1.0
2024-03-28T12:38:10Z,26.548948,-77.053562,0.09,25.5,1,8,1.0
2024-03-28T12:38:15Z,26.548950,-77.053563,0.09,21.0,1,8,1.0
2024-03-28T12:38:20Z,26.548952,-77.053563,0.12,4.1,1,8,1.0
2024-03-28T12:38:30Z,26.548957,-77.053560,0.22,39.6,1,8,1.0
2024-03-28T12:38:35Z,26.548960,-77.053560,0.18,352.6,1,8,1.0
2024-03-28T12:38:40Z,26.548963,-77.053562,0.13,27.4,1,8,1.0
2024-03-28T12:38:45Z,26.548963,-77.053560,0.09,84.9,1,8,1.0
2024-03-28T12:38:50Z,26.548963,-77.053563,0.10,96.9,2,8,1.0
2024-03-28T12:39:00Z,26.548960,-77.053567,0.07,165.6,2,8,1.0
2024-03-28T12:39:05Z,26.548958,-77.053567,0.06,141.4,2,8,1.0
2024-03-28T12:39:10Z,26.548957,-77.053567,0.05,122.8,2,8,1.0
2024-03-28T12:39:15Z,26.548957,-77.053565,0.09,91.2,1,8,1.0
2024-03-28T12:39:20Z,26.548958,-77.053567,0.14,63.4,2,8,1.0
2024-03-28T12:39:25Z,26.548958,-77.053567,0.08,32.2,2,8,1.0
2024-03-28T12:39:35Z,26.548960,-77.053562,0.09,137.0,2,8,1.0
2024-03-28T12:39:40Z,26.548960,-77.053562,0.07,96.1,2,8,1.0
2024-03-28T12:39:45Z,26.548960,-77.053562,0.07,148.6,2,8,1.0
2024-03-28T12:39:50Z,26.548960,-77.053560,0.14,58.0,2,8,1.0
2024-03-28T12:39:55Z,26.548962,-77.053558,0.09,88.0,2,8,1.0
2024-03-28T12:40:00Z,26.548962,-77.053557,0.14,48.0,2,8,1.0
2024-03-28T12:40:05Z,26.548963,-77.053555,0.13,25.1,2,8,1.0
2024-03-28T12:40:10Z,26.548965,-77.053557,0.05,329.3,2,8,1.0
2024-03-28T12:40:15Z,26.548967,-77.053558,0.14,347.4,2,8,1.0
2024-03-28T12:40:20Z,26.548968,-77.053562,0.15,287.4,2,8,1.0
2024-03-28T12:40:25Z,26.548968,-77.053567,0.09,318.3,2,8,1.0
2024-03-28T12:40:30Z,26.548968,-77.053568,0.12,200.6,2,7,1.4
2024-03-28T12:40:35Z,26.548963,-77.053570,0.18,199.3,2,7,1.4
2024-03-28T12:40:45Z,26.548960,-77.053573,0.15,278.6,2,8,1.0
2024-03-28T12:40:50Z,26.548958,-77.053573,0.09,250.1,2,8,1.0
2024-03-28T12:40:55Z,26.548958,-77.053573,0.06,19.1,2,7,1.4
2024-03-28T12:41:00Z,26.548958,-77.053573,0.04,44.7,2,7,1.4
2024-03-28T12:41:05Z,26.548960,-77.053575,0.10,9.1,2,7,1.4
2024-03-28T12:41:10Z,26.548962,-77.053575,0.12,356.2,2,7,1.4
2024-03-28T12:41:20Z,26.548965,-77.053573,0.14,38.0,2,8,1.0
2024-03-28T12:41:25Z,26.548967,-77.053572,0.14,46.8,2,8,1.0
2024-03-28T12:41:30Z,26.548968,-77.053570,0.18,25.2,2,8,1.0
2024-03-28T12:41:35Z,26.548970,-77.053570,0.14,17.6,2,8,1.0
2024-03-28T12:41:40Z,26.548972,-77.053568,0.13,62.5,2,8,1.0
2024-03-28T12:41:45Z,26.548972,-77.053567,0.12,61.0,2,8,1.0
2024-03-28T12:41:55Z,26.548973,-77.053562,0.06,128.7,2,7,1.4
2024-03-28T12:42:00Z,26.548970,-77.053562,0.14,108.0,2,7,1.4
2024-03-28T12:42:05Z,26.548970,-77.053560,0.09,67.1,2,8,1.0
2024-03-28T12:42:10Z,26.548968,-77.053560,0.06,176.0,2,8,1.0
2024-03-28T12:42:15Z,26.548967,-77.053558,0.06,77.5,2,8,1.0
2024-03-28T12:42:20Z,26.548967,-77.053558,0.10,92.3,2,8,1.0
2024-03-28T12:42:25Z,26.548967,-77.053558,0.22,60.0,2,8,1.0
2024-03-28T12:42:30Z,26.548970,-77.053557,0.13,54.4,2,8,1.0
2024-03-28T12:42:35Z,26.548970,-77.053555,0.30,62.9,2,8,1.0
2024-03-28T12:42:40Z,26.548975,-77.053552,0.29,41.8,2,8,1.0
2024-03-28T12:42:45Z,26.548977,-77.053550,0.04,261.4,2,7,1.4
2024-03-28T12:42:50Z,26.548975,-77.053553,0.06,251.9,2,8,1.0
2024-03-28T12:42:55Z,26.548975,-77.053555,0.07,255.1,2,8,1.0
2024-03-28T12:43:05Z,26.548973,-77.053560,0.06,329.8,2,8,1.0
2024-03-28T12:43:10Z,26.548973,-77.053562,0.03,47.5,2,7,1.4
2024-03-28T12:43:15Z,26.548972,-77.053560,0.16,80.8,2,8,1.0
2024-03-28T12:43:20Z,26.548972,-77.053557,0.18,101.5,2,7,1.4
2024-03-28T12:43:25Z,26.548970,-77.053553,0.19,97.9,2,8,1.0
2024-03-28T12:43:30Z,26.548970,-77.053552,0.18,81.2,2,8,1.0
2024-03-28T12:43:40Z,26.548970,-77.053543,0.16,96.3,2,8,1.0
2024-03-28T12:43:45Z,26.548968,-77.053540,0.14,131.7,2,8,1.0
2024-03-28T12:43:50Z,26.548967,-77.053540,0.03,62.4,2,8,1.0
2024-03-28T12:43:55Z,26.548967,-77.053540,0.08,259.1,2,8,1.0
2024-03-28T12:44:00Z,26.548967,-77.053543,0.14,269.1,2,8,1.0
2024-03-28T12:44:05Z,26.548967,-77.053548,0.07,297.1,2,8,1.0
2024-03-28T12:44:15Z,26.548967,-77.053550,0.07,0.1,1,8,1.0
2024-03-28T12:44:20Z,26.548967,-77.053550,0.04,329.6,1,8,1.0
2024-03-28T12:44:25Z,26.548967,-77.053548,0.05,16.7,1,8,1.0
2024-03-28T12:44:30Z,26.548967,-77.053547,0.06,57.2,1,8,1.0
2024-03-28T12:44:35Z,26.548967,-77.053547,0.07,73.6,1,8,1.1
2024-03-28T12:44:40Z,26.548965,-77.053543,0.13,88.1,1,8,1.1
2024-03-28T12:44:50Z,26.548965,-77.053535,0.17,72.5,1,8,1.1
2024-03-28T12:44:55Z,26.548963,-77.053530,0.17,76.0,1,8,1.1
2024-03-28T12:45:00Z,26.548963,-77.053527,0.15,72.0,1,8,1.1
2024-03-28T12:45:05Z,26.548963,-77.053523,0.13,76.3,1,8,1.1
2024-03-28T12:45:10Z,26.548965,-77.053522,0.10,72.6,1,8,1.1
2024-03-28T12:45:15Z,26.548963,-77.053520,0.06,65.3,1,8,1.1
2024-03-28T12:45:25Z,26.548963,-77.053520,0.03,58.2,1,8,1.1
2024-03-28T12:45:30Z,26.548963,-77.053520,0.09,48.8,1,8,1.1
2024-03-28T12:45:35Z,26.548963,-77.053520,0.07,56.5,1,8,1.1
2024-03-28T12:45:40Z,26.548963,-77.053517,0.08,78.3,1,8,1.1
2024-03-28T12:45:45Z,26.548963,-77.053517,0.02,26.7,1,8,1.1
2024-03-28T12:45:50Z,26.548963,-77.053517,0.05,71.8,1,8,1.1
2024-03-28T12:45:55Z,26.548962,-77.053518,0.01,150.4,1,8,1.1
2024-03-28T12:46:00Z,26.548962,-77.053518,0.01,298.1,1,8,1.1
2024-03-28T12:46:05Z,26.548962,-77.053518,0.10,80.7,1,8,1.1
2024-03-28T12:46:10Z,26.548962,-77.053518,0.06,93.1,1,8,1.1
2024-03-28T12:46:20Z,26.548962,-77.053520,0.11,347.1,1,8,1.1
2024-03-28T12:46:25Z,26.548962,-77.053518,0.12,51.0,1,8,1.1
2024-03-28T12:46:30Z,26.548962,-77.053517,0.04,25.3,1,8,1.1
2024-03-28T12:46:35Z,26.548962,-77.053515,0.23,301.3,1,8,1.1
2024-03-28T12:46:40Z,26.548962,-77.053518,0.03,256.6,1,8,1.1
2024-03-28T12:46:50Z,26.548960,-77.053520,0.05,303.1,1,8,1.1
2024-03-28T12:46:55Z,26.548960,-77.053522,0.07,307.1,1,8,1.1
2024-03-28T12:47:00Z,26.548960,-77.053520,0.03,309.8,1,8,1.1
2024-03-28T12:47:05Z,26.548953,-77.053522,0.08,74.7,1,8,1.1
2024-03-28T12:47:10Z,26.548952,-77.053525,0.14,244.6,1,8,1.1
2024-03-28T12:47:20Z,26.548945,-77.053518,0.27,212.5,1,8,1.1
2024-03-28T12:47:25Z,26.548945,-77.053527,0.10,326.7,1,8,1.1
2024-03-28T12:47:30Z,26.548938,-77.053533,0.27,112.5,1,8,1.1
2024-03-28T12:47:35Z,26.548942,-77.053535,0.20,303.7,1,8,1.1
2024-03-28T12:47:40Z,26.548935,-77.053525,0.25,35.5,1,8,1.1
2024-03-28T12:47:45Z,26.548922,-77.053508,0.22,101.8,1,8,1.1
2024-03-28T12:47:50Z,26.548932,-77.053515,0.31,103.3,1,8,1.1
2024-03-28T12:47:55Z,26.548938,-77.053532,0.24,171.0,1,8,1.1
2024-03-28T12:48:00Z,26.548943,-77.053533,0.44,320.6,1,8,1.1
2024-03-28T12:48:05Z,26.548942,-77.053525,0.41,333.7,1,8,1.1
2024-03-28T12:48:10Z,26.548945,-77.053518,0.07,356.6,1,7,1.5
2024-03-28T12:48:20Z,26.548938,-77.053492,0.12,268.2,1,8,1.1
2024-03-28T12:48:25Z,26.548942,-77.053497,0.19,61.3,1,8,1.1
2024-03-28T12:48:30Z,26.548943,-77.053507,0.51,284.1,1,8,1.1
2024-03-28T12:48:35Z,26.548947,-77.053513,0.33,310.9,1,8,1.1
2024-03-28T12:48:40Z,26.548950,-77.053522,0.62,279.9,1,8,1.1
2024-03-28T12:48:45Z,26.548950,-77.053527,0.07,119.5,1,8,1.1
2024-03-28T12:48:50Z,26.548947,-77.053528,0.34,294.1,1,8,1.1
2024-03-28T12:48:55Z,26.548950,-77.053530,0.38,303.2,1,8,1.1
2024-03-28T12:49:00Z,26.548950,-77.053533,0.16,271.6,1,8,1.1
2024-03-28T12:49:05Z,26.548952,-77.053535,0.39,120.5,1,8,1.1
2024-03-28T12:49:15Z,26.548957,-77.053530,0.22,104.2,1,7,1.5
2024-03-28T12:49:20Z,26.548958,-77.053527,0.27,89.3,1,8,1.1
2024-03-28T12:49:25Z,26.548957,-77.053523,0.11,141.3,1,8,1.1
2024-03-28T12:49:30Z,26.548943,-77.053518,0.19,350.1,1,6,1.7
2024-03-28T12:49:40Z,26.548948,-77.053493,0.46,129.0,1,8,1.1
2024-03-28T12:49:45Z,26.548947,-77.053488,0.31,66.6,1,8,1.1
2024-03-28T12:49:50Z,26.548947,-77.053490,0.51,93.4,1,8,1.1
2024-03-28T12:49:55Z,26.548943,-77.053487,0.21,214.9,1,7,1.3
2024-03-28T12:50:00Z,26.548940,-77.053483,0.31,327.2,1,8,1.1
2024-03-28T12:50:05Z,26.548948,-77.053502,0.11,19.3,1,8,1.1
2024-03-28T12:50:10Z,26.548947,-77.053505,0.17,309.1,1,8,1.1
2024-03-28T12:50:15Z,26.548947,-77.053507,0.18,90.7,1,8,1.1
2024-03-28T12:50:20Z,26.548952,-77.053512,0.31,9.7,1,8,1.1
2024-03-28T12:50:25Z,26.548940,-77.053513,0.29,322.5,1,8,1.1
2024-03-28T12:50:35Z,26.548957,-77.053525,0.59,317.8,1,7,1.5
2024-03-28T12:50:40Z,26.548957,-77.053515,0.33,358.1,1,7,1.5
2024-03-28T12:50:45Z,26.548953,-77.053510,0.13,169.3,1,8,1.1
2024-03-28T12:50:50Z,26.548948,-77.053505,0.54,46.2,1,8,1.1
2024-03-28T12:50:55Z,26.548938,-77.053497,0.09,209.2,1,8,1.1
2024-03-28T12:51:00Z,26.548937,-77.053498,0.26,22.8,1,8,1.1
2024-03-28T12:51:05Z,26.548938,-77.053495,0.21,69.8,1,8,1.1
2024-03-28T12:51:10Z,26.548932,-77.053498,0.44,190.3,1,8,1.1
2024-03-28T12:51:15Z,26.548937,-77.053507,0.12,1.7,1,8,1.1
2024-03-28T12:51:20Z,26.548938,-77.053503,0.30,212.5,1,8,1.1
2024-03-28T12:51:30Z,26.548948,-77.053518,0.08,159.2,1,8,1.1
2024-03-28T12:51:35Z,26.548953,-77.053525,0.06,64.2,1,8,1.1
2024-03-28T12:51:40Z,26.548953,-77.053522,0.41,95.7,1,8,1.1
2024-03-28T12:51:45Z,26.548955,-77.053518,0.35,56.1,1,8,1.1
2024-03-28T12:51:55Z,26.548952,-77.053527,0.31,285.6,1,8,1.1
2024-03-28T12:52:00Z,26.548940,-77.053532,0.76,216.7,1,8,1.1
2024-03-28T12:52:05Z,26.548938,-77.053540,0.03,266.8,1,8,1.1
2024-03-28T12:52:10Z,26.548950,-77.053540,0.12,237.1,1,8,1.1
2024-03-28T12:52:20Z,26.548958,-77.053535,0.17,238.2,1,8,1.1
2024-03-28T12:52:25Z,26.548960,-77.053537,0.14,352.6,1,8,1.1
2024-03-28T12:52:30Z,26.548958,-77.053518,0.62,38.7,1,8,1.1
2024-03-28T12:52:35Z,26.548957,-77.053523,0.13,14.3,1,8,1.1
2024-03-28T12:52:40Z,26.548968,-77.053527,0.26,0.2,1,8,1.1
2024-03-28T12:52:45Z,26.548968,-77.053520,0.37,133.7,1,8,1.1
2024-03-28T12:52:50Z,26.548960,-77.053517,0.31,188.8,1,8,1.1
2024-03-28T12:52:55Z,26.548953,-77.053515,0.10,136.4,1,7,1.2
2024-03-28T12:53:00Z,26.548952,-77.053515,0.24,113.5,1,8,1.1
2024-03-28T12:53:10Z,26.548943,-77.053512,0.08,87.1,1,8,1.1
2024-03-28T12:53:15Z,26.548950,-77.053520,0.11,315.5,1,8,1.1
2024-03-28T12:53:20Z,26.548950,-77.053528,0.14,173.2,1,8,1.1
2024-03-28T12:53:25Z,26.548955,-77.053537,0.26,127.8,1,8,1.1
2024-03-28T12:53:35Z,26.548947,-77.053520,0.22,63.5,1,8,1.1
2024-03-28T12:53:40Z,26.548950,-77.053517,0.30,28.0,1,8,1.1
2024-03-28T12:53:45Z,26.548943,-77.053512,0.22,197.8,1,7,1.5
2024-03-28T12:53:50Z,26.548940,-77.053518,0.06,292.3,1,7,1.5
2024-03-28T12:54:00Z,26.548937,-77.053530,0.11,112.8,1,8,1.1
2024-03-28T12:54:05Z,26.548938,-77.053543,0.28,289.1,1,8,1.1
2024-03-28T12:54:10Z,26.548935,-77.053553,0.27,151.1,1,8,1.1
2024-03-28T12:54:15Z,26.548933,-77.053557,0.21,84.0,1,8,1.1
2024-03-28T12:54:20Z,26.548933,-77.053558,0.24,284.2,1,8,1.1
2024-03-28T12:54:30Z,26.548938,-77.053565,0.47,50.9,1,8,1.1
2024-03-28T12:54:35Z,26.548930,-77.053547,0.18,125.0,1,8,1.1
2024-03-28T12:54:40Z,26.548940,-77.053547,0.22,30.2,1,8,1.1
2024-03-28T12:54:45Z,26.548943,-77.053538,0.50,38.9,1,8,1.1
2024-03-28T12:54:50Z,26.548950,-77.053540,0.07,104.7,1,8,1.1
2024-03-28T12:54:55Z,26.548953,-77.053552,0.68,209.0,1,8,1.1
2024-03-28T12:55:00Z,26.548955,-77.053570,0.63,340.9,1,8,1.1
2024-03-28T12:55:05Z,26.548975,-77.053602,0.90,337.5,1,8,1.1
2024-03-28T12:55:10Z,26.548995,-77.053615,0.91,11.3,1,8,1.1
2024-03-28T12:55:15Z,26.549037,-77.053628,1.68,347.4,1,8,1.1
2024-03-28T12:55:20Z,26.549068,-77.053615,0.17,159.8,1,8,1.1
2024-03-28T12:55:25Z,26.549072,-77.053625,0.62,293.9,1,8,1.1
2024-03-28T12:55:30Z,26.549063,-77.053610,0.41,49.2,1,7,1.2
2024-03-28T12:55:35Z,26.549070,-77.053613,1.33,320.7,1,8,1.1
2024-03-28T12:55:40Z,26.549073,-77.053635,0.31,225.6,1,8,1.1
2024-03-28T12:55:45Z,26.549073,-77.053597,0.81,26.5,1,8,1.1
2024-03-28T12:55:55Z,26.549055,-77.053610,0.36,28.4,1,8,1.1
2024-03-28T12:56:00Z,26.549048,-77.053590,0.04,175.7,1,8,1.1
2024-03-28T12:56:05Z,26.549045,-77.053600,0.54,193.9,1,8,1.1
2024-03-28T12:56:10Z,26.549058,-77.053602,0.91,4.3,1,8,1.1
2024-03-28T12:56:15Z,26.549052,-77.053587,0.34,241.6,1,8,1.1
2024-03-28T12:56:25Z,26.549065,-77.053585,0.43,22.6,1,7,1.3
2024-03-28T12:56:30Z,26.549062,-77.053583,0.31,175.3,1,8,1.1
2024-03-28T12:56:35Z,26.549058,-77.053582,0.39,81.1,1,8,1.1
2024-03-28T12:56:40Z,26.549078,-77.053573,0.13,155.5,1,7,1.3
2024-03-28T12:56:50Z,26.549045,-77.053542,0.54,194.5,1,7,1.5
2024-03-28T12:56:55Z,26.549043,-77.053528,0.78,204.3,1,8,1.1
2024-03-28T12:57:00Z,26.549045,-77.053517,0.76,164.7,1,8,1.1
2024-03-28T12:57:05Z,26.549047,-77.053503,0.13,171.5,1,6,1.5
2024-03-28T12:57:10Z,26.549045,-77.053510,0.55,66.7,1,7,1.5
2024-03-28T12:57:15Z,26.549050,-77.053500,0.10,211.6,1,7,1.5
2024-03-28T12:57:20Z,26.549057,-77.053507,0.36,192.1,1,7,1.5
2024-03-28T12:57:25Z,26.549072,-77.053490,0.56,32.8,1,7,1.5
2024-03-28T12:57:30Z,26.549080,-77.053507,1.26,287.4,1,7,1.5
2024-03-28T12:57:35Z,26.549078,-77.053517,0.34,302.9,1,7,1.5
2024-03-28T12:57:40Z,26.549068,-77.053510,0.10,30.1,1,7,1.5
2024-03-28T12:57:45Z,26.549065,-77.053510,0.94,203.1,1,7,1.5
2024-03-28T12:57:50Z,26.549053,-77.053517,0.24,285.7,1,7,1.5
2024-03-28T12:57:55Z,26.549062,-77.053503,0.58,284.5,1,7,1.5
2024-03-28T12:58:00Z,26.549055,-77.053512,0.10,19.4,1,7,1.5
2024-03-28T12:58:05Z,26.549030,-77.053535,0.67,289.2,1,7,1.5
2024-03-28T12:58:10Z,26.549038,-77.053538,0.15,67.8,1,7,1.5
2024-03-28T12:58:15Z,26.549052,-77.053520,0.25,283.7,1,7,1.5
2024-03-28T12:58:20Z,26.549040,-77.053535,0.40,254.1,1,8,1.1
2024-03-28T12:58:25Z,26.549033,-77.053548,0.38,224.0,1,7,1.2
2024-03-28T12:58:30Z,26.549043,-77.053545,0.44,6.0,1,7,1.2
2024-03-28T12:58:35Z,26.549052,-77.053550,0.17,253.9,1,8,1.1
2024-03-28T12:58:45Z,26.549057,-77.053538,0.25,26.0,1,7,1.5
2024-03-28T12:58:50Z,26.549058,-77.053535,0.23,35.4,1,7,1.5
2024-03-28T12:58:55Z,26.549063,-77.053535,0.13,190.0,1,8,1.1
2024-03-28T12:59:00Z,26.549068,-77.053537,0.17,212.8,1,8,1.1
2024-03-28T12:59:05Z,26.549078,-77.053535,0.68,35.7,1,7,1.5
2024-03-28T12:59:10Z,26.549098,-77.053517,0.95,43.7,1,7,1.5
2024-03-28T12:59:15Z,26.549108,-77.053515,0.57,258.4,1,8,1.1
2024-03-28T12:59:20Z,26.549095,-77.053592,4.32,255.5,1,8,1.1
2024-03-28T12:59:25Z,26.549015,-77.053670,4.51,198.0,1,8,1.1
2024-03-28T12:59:30Z,26.548895,-77.053677,5.51,177.8,1,8,1.1
2024-03-28T12:59:35Z,26.548772,-77.053655,5.04,160.2,1,8,1.1
2024-03-28T12:59:45Z,26.548537,-77.053572,5.41,168.4,1,7,1.2
2024-03-28T12:59:50Z,26.548412,-77.053537,5.11,164.2,1,7,1.2
2024-03-28T12:59:55Z,26.548292,-77.053502,5.37,168.2,1,8,1.1
2024-03-28T13:00:00Z,26.548173,-77.053472,4.90,162.4,1,7,1.5
2024-03-28T13:00:05Z,26.548063,-77.053430,5.30,164.4,1,8,1.1
2024-03-28T13:00:15Z,26.547828,-77.053347,5.44,163.8,1,8,1.1
2024-03-28T13:00:20Z,26.547712,-77.053290,5.31,157.7,1,8,1.1
2024-03-28T13:00:25Z,26.547602,-77.053232,5.41,156.4,1,8,1.1
2024-03-28T13:00:30Z,26.547495,-77.053172,5.10,152.8,1,8,1.1
2024-03-28T13:00:35Z,26.547385,-77.053115,5.34,155.5,1,8,1.1
2024-03-28T13:00:40Z,26.547275,-77.053055,5.17,149.1,1,8,1.1
2024-03-28T13:00:45Z,26.547160,-77.053003,4.37,151.0,1,8,1.1
2024-03-28T13:00:50Z,26.547088,-77.052960,3.20,141.6,1,8,1.1
2024-03-28T13:00:55Z,26.547035,-77.052905,3.12,143.5,1,8,1.1
2024-03-28T13:01:00Z,26.547003,-77.052840,2.46,121.8,1,8,1.1
2024-03-28T13:01:10Z,26.546953,-77.052708,2.90,116.7,1,7,1.5
2024-03-28T13:01:15Z,26.546923,-77.052643,2.87,115.5,1,8,1.1
2024-03-28T13:01:20Z,26.546902,-77.052573,3.12,108.8,1,8,1.1
2024-03-28T13:01:25Z,26.546880,-77.052500,2.84,111.6,1,8,1.1
2024-03-28T13:01:30Z,26.546850,-77.052437,3.01,122.6,1,8,1.1
2024-03-28T13:01:35Z,26.546805,-77.052382,2.09,138.2,1,8,1.1
2024-03-28T13:01:40Z,26.546793,-77.052333,1.14,96.3,1,7,1.1
2024-03-28T13:01:45Z,26.546803,-77.052318,1.18,64.7,1,8,1.1
2024-03-28T13:01:50Z,26.546815,-77.052303,0.33,200.7,1,8,1.1
2024-03-28T13:01:55Z,26.546802,-77.052308,0.45,175.9,1,8,1.1
2024-03-28T13:02:00Z,26.546820,-77.052308,0.25,138.3,1,8,1.1
2024-03-28T13:02:05Z,26.546837,-77.052318,1.32,339.7,1,8,1.1
2024-03-28T13:02:15Z,26.546873,-77.052318,1.19,355.5,1,8,1.1
2024-03-28T13:02:20Z,26.546862,-77.052318,0.27,109.0,1,8,1.1
2024-03-28T13:02:25Z,26.546832,-77.052310,0.18,160.8,1,8,1.1
2024-03-28T13:02:30Z,26.546837,-77.052302,0.58,27.2,1,8,1.1
2024-03-28T13:02:35Z,26.546842,-77.052300,0.33,213.1,1,8,1.1
2024-03-28T13:02:40Z,26.546845,-77.052293,0.32,46.0,1,8,1.1
2024-03-28T13:02:45Z,26.546848,-77.052288,0.47,73.1,1,8,1.1
2024-03-28T13:02:50Z,26.546842,-77.052282,0.06,138.4,1,8,1.1
2024-03-28T13:02:55Z,26.546835,-77.052277,0.20,155.1,1,8,1.1
2024-03-28T13:03:00Z,26.546830,-77.052278,0.13,312.8,1,9,0.9
2024-03-28T13:03:05Z,26.546830,-77.052258,0.16,75.5,1,9,0.9
2024-03-28T13:03:15Z,26.546822,-77.052242,0.18,68.6,1,9,0.9
2024-03-28T13:03:20Z,26.546820,-77.052243,0.06,15.3,1,9,0.9
2024-03-28T13:03:25Z,26.546813,-77.052247,0.09,171.2,1,9,0.9
2024-03-28T13:03:30Z,26.546815,-77.052257,0.18,137.6,1,9,0.9
2024-03-28T13:03:35Z,26.546822,-77.052267,0.17,112.7,1,9,0.9
2024-03-28T13:03:45Z,26.546827,-77.052257,0.32,4.7,1,9,0.9
2024-03-28T13:03:50Z,26.546827,-77.052253,0.23,179.6,1,9,0.9
2024-03-28T13:03:55Z,26.546830,-77.052247,0.51,32.5,1,9,0.9
2024-03-28T13:04:00Z,26.546830,-77.052250,0.29,71.9,1,9,0.9
2024-03-28T13:04:05Z,26.546825,-77.052237,0.22,75.7,1,9,0.9
2024-03-28T13:04:10Z,26.546820,-77.052230,0.22,120.6,1,9,0.9
2024-03-28T13:04:20Z,26.546815,-77.052235,0.30,169.8,1,9,0.9
2024-03-28T13:04:25Z,26.546820,-77.052252,0.09,95.8,1,9,0.8
2024-03-28T13:04:30Z,26.546835,-77.052248,0.21,345.0,1,9,0.8
2024-03-28T13:04:35Z,26.546817,-77.052243,1.73,145.9,1,10,0.8
2024-03-28T13:04:40Z,26.546768,-77.052223,2.13,197.3,1,9,0.9
2024-03-28T13:04:50Z,26.546653,-77.052300,2.17,173.7,1,10,0.8
2024-03-28T13:04:55Z,26.546615,-77.052262,1.68,122.5,1,10,0.8
2024-03-28T13:05:00Z,26.546587,-77.052255,1.93,204.6,1,10,0.8
2024-03-28T13:05:05Z,26.546545,-77.052260,1.35,163.0,1,10,0.8
2024-03-28T13:05:10Z,26.546545,-77.052285,0.60,230.2,1,10,0.8
2024-03-28T13:05:20Z,26.546533,-77.052327,0.77,257.6,1,8,1.0
2024-03-28T13:05:25Z,26.546517,-77.052350,1.17,213.3,1,9,0.9
2024-03-28T13:05:30Z,26.546475,-77.052343,1.23,214.6,1,8,0.9
2024-03-28T13:05:35Z,26.546492,-77.052335,0.36,336.7,1,8,0.9
2024-03-28T13:05:40Z,26.546513,-77.052322,1.18,96.7,1,9,0.9
2024-03-28T13:05:50Z,26.546500,-77.052315,1.44,124.5,1,9,0.9
2024-03-28T13:05:55Z,26.546495,-77.052307,0.28,119.3,1,9,0.9
2024-03-28T13:06:00Z,26.546485,-77.052312,0.76,265.3,1,8,1.0
2024-03-28T13:06:05Z,26.546492,-77.052302,0.22,137.5,1,7,1.7
2024-03-28T13:06:10Z,26.546492,-77.052300,0.25,212.4,1,7,1.7
2024-03-28T13:06:15Z,26.546467,-77.052315,0.20,314.2,1,7,1.7
2024-03-28T13:06:20Z,26.546453,-77.052305,0.18,149.9,1,7,1.7
2024-03-28T13:06:25Z,26.546498,-77.052302,0.20,79.3,1,7,1.7
2024-03-28T13:06:30Z,26.546508,-77.052298,0.43,42.0,1,6,1.8
2024-03-28T13:06:35Z,26.546527,-77.052298,0.31,47.6,1,7,1.7
2024-03-28T13:06:45Z,26.546512,-77.052290,0.14,222.9,1,7,1.7
2024-03-28T13:06:50Z,26.546518,-77.052282,0.30,240.8,1,7,1.7
2024-03-28T13:06:55Z,26.546518,-77.052283,0.23,241.4,1,8,1.0
2024-03-28T13:07:00Z,26.546525,-77.052287,0.62,79.3,1,8,1.0
2024-03-28T13:07:10Z,26.546497,-77.052295,0.27,158.5,1,9,0.9
2024-03-28T13:07:15Z,26.546503,-77.052278,0.81,99.9,1,8,1.0
2024-03-28T13:07:20Z,26.546493,-77.052283,1.04,95.4,1,8,1.0
2024-03-28T13:07:25Z,26.546495,-77.052290,0.17,175.4,1,9,0.9
2024-03-28T13:07:30Z,26.546498,-77.052288,0.29,297.1,1,9,0.9
2024-03-28T13:07:40Z,26.546490,-77.052288,0.36,94.5,1,10,0.8
2024-03-28T13:07:45Z,26.546492,-77.052283,0.44,80.9,1,10,0.8
2024-03-28T13:07:50Z,26.546480,-77.052302,1.17,215.5,1,10,0.8
2024-03-28T13:07:55Z,26.546482,-77.052310,0.23,179.8,1,10,0.8
2024-03-28T13:08:00Z,26.546505,-77.052302,0.54,301.3,1,10,0.8
2024-03-28T13:08:10Z,26.546567,-77.052330,0.43,62.6,1,7,1.3
2024-03-28T13:08:15Z,26.546580,-77.052335,0.43,69.7,1,7,1.3
2024-03-28T13:08:20Z,26.546573,-77.052340,0.63,97.4,1,7,1.3
2024-03-28T13:08:25Z,26.546567,-77.052343,0.54,267.8,1,8,0.9
2024-03-28T13:08:30Z,26.546560,-77.052327,0.17,188.4,1,7,1.3
2024-03-28T13:08:35Z,26.546557,-77.052278,0.63,124.1,1,7,1.3
2024-03-28T13:08:40Z,26.546565,-77.052238,0.14,345.9,1,6,1.6
2024-03-28T13:08:45Z,26.546560,-77.052210,0.19,92.4,1,7,1.3
2024-03-28T13:08:50Z,26.546563,-77.052192,0.53,95.1,1,7,1.3
2024-03-28T13:08:55Z,26.546557,-77.052182,0.05,179.7,1,7,1.3
2024-03-28T13:09:05Z,26.546570,-77.052187,0.28,332.5,1,7,1.3
2024-03-28T13:09:10Z,26.546570,-77.052192,0.40,216.9,1,9,0.9
2024-03-28T13:09:15Z,26.546565,-77.052198,0.43,149.1,1,9,0.9
2024-03-28T13:09:20Z,26.546578,-77.052203,0.63,343.7,1,9,0.9
2024-03-28T13:09:25Z,26.546580,-77.052202,0.36,146.4,1,8,1.2
2024-03-28T13:09:30Z,26.546575,-77.052200,0.31,148.2,1,8,1.2
2024-03-28T13:09:35Z,26.546577,-77.052205,0.23,324.3,1,8,1.2
2024-03-28T13:09:40Z,26.546583,-77.052212,0.34,100.5,1,7,1.3
2024-03-28T13:09:45Z,26.546578,-77.052208,0.08,170.5,1,7,1.3
2024-03-28T13:09:50Z,26.546578,-77.052213,0.48,120.6,1,8,1.2
2024-03-28T13:10:00Z,26.546590,-77.052207,0.37,94.6,1,6,1.9
2024-03-28T13:10:05Z,26.546582,-77.052225,0.08,290.5,1,6,1.9
2024-03-28T13:10:10Z,26.546587,-77.052232,0.33,159.2,1,6,1.9
2024-03-28T13:10:15Z,26.546588,-77.052235,0.29,319.9,1,6,1.9
2024-03-28T13:10:25Z,26.546568,-77.052235,0.41,256.6,1,7,1.3
2024-03-28T13:10:30Z,26.546558,-77.052248,0.92,160.3,1,8,1.2
2024-03-28T13:10:35Z,26.546558,-77.052253,0.68,266.8,1,8,1.2
2024-03-28T13:10:40Z,26.546565,-77.052255,0.80,281.1,1,8,1.2
2024-03-28T13:10:45Z,26.546565,-77.052257,0.18,184.0,1,8,1.2
2024-03-28T13:10:50Z,26.546565,-77.052265,0.02,165.8,1,9,0.9
2024-03-28T13:10:55Z,26.546588,-77.052270,0.11,170.5,1,9,0.9
2024-03-28T13:11:00Z,26.546603,-77.052268,0.32,249.9,1,9,0.9
2024-03-28T13:11:05Z,26.546592,-77.052267,0.61,167.1,1,8,1.0
2024-03-28T13:11:10Z,26.546585,-77.052275,0.19,116.1,1,8,1.0
2024-03-28T13:11:20Z,26.546563,-77.052270,0.70,164.0,1,9,0.9
2024-03-28T13:11:25Z,26.546563,-77.052265,0.53,344.6,1,8,1.2
2024-03-28T13:11:30Z,26.546575,-77.052265,0.45,95.2,1,8,1.2
2024-03-28T13:11:35Z,26.546580,-77.052262,0.22,263.4,1,9,0.9
2024-03-28T13:11:40Z,26.546580,-77.052258,0.31,137.4,1,9,0.9
2024-03-28T13:11:50Z,26.546580,-77.052247,0.17,175.0,1,9,0.9
2024-03-28T13:11:55Z,26.546590,-77.052252,0.04,352.6,1,9,0.9
2024-03-28T13:12:00Z,26.546585,-77.052248,0.14,4.6,1,8,1.2
2024-03-28T13:12:05Z,26.546575,-77.052247,0.29,262.6,1,8,1.2
2024-03-28T13:12:10Z,26.546572,-77.052243,0.43,210.8,1,8,1.2
2024-03-28T13:12:15Z,26.546583,-77.052240,0.07,68.1,1,8,1.2
2024-03-28T13:12:25Z,26.546627,-77.052222,0.19,350.1,1,8,1.2
2024-03-28T13:12:30Z,26.546627,-77.052243,0.30,171.3,1,8,1.2
2024-03-28T13:12:35Z,26.546635,-77.052270,0.21,222.4,1,8,1.2
2024-03-28T13:12:40Z,26.546622,-77.052257,0.16,130.2,1,8,1.2
2024-03-28T13:12:45Z,26.546593,-77.052260,0.46,258.2,1,8,1.2
2024-03-28T13:12:50Z,26.546588,-77.052278,0.30,312.9,1,9,0.9
2024-03-28T13:12:55Z,26.546600,-77.052267,0.17,189.5,1,9,0.9
2024-03-28T13:13:00Z,26.546595,-77.052237,0.39,15.7,1,9,0.9
2024-03-28T13:13:05Z,26.546593,-77.052220,0.59,50.0,1,9,0.9
2024-03-28T13:13:10Z,26.546587,-77.052220,0.39,247.1,1,9,0.9
2024-03-28T13:13:15Z,26.546592,-77.052237,0.27,244.5,1,8,1.2
2024-03-28T13:13:20Z,26.546585,-77.052247,0.12,221.5,1,8,1.2
2024-03-28T13:13:30Z,26.546570,-77.052255,0.25,195.9,1,7,1.3
2024-03-28T13:13:35Z,26.546565,-77.052255,0.12,171.0,1,7,1.3
2024-03-28T13:13:40Z,26.546562,-77.052255,0.16,142.2,1,7,1.3
2024-03-28T13:13:45Z,26.546558,-77.052257,0.22,78.0,1,7,1.3
2024-03-28T13:13:50Z,26.546558,-77.052255,0.33,57.2,1,8,1.0
2024-03-28T13:14:00Z,26.546560,-77.052245,0.43,198.2,1,9,0.9
2024-03-28T13:14:05Z,26.546553,-77.052245,0.29,111.5,1,9,0.9
2024-03-28T13:14:10Z,26.546557,-77.052243,0.33,50.9,1,8,1.2
2024-03-28T13:14:15Z,26.546558,-77.052243,0.13,105.2,1,8,1.2
2024-03-28T13:14:20Z,26.546555,-77.052245,0.24,80.2,1,8,1.2
2024-03-28T13:14:30Z,26.546547,-77.052238,0.50,133.1,1,8,1.2
2024-03-28T13:14:35Z,26.546542,-77.052228,0.19,122.3,1,9,0.9
2024-03-28T13:14:40Z,26.546543,-77.052223,0.46,137.2,1,8,1.2
2024-03-28T13:14:45Z,26.546545,-77.052227,0.38,163.3,1,7,1.3
2024-03-28T13:14:50Z,26.546548,-77.052238,0.31,126.1,1,8,1.2
2024-03-28T13:14:55Z,26.546562,-77.052247,0.21,271.3,1,9,0.9
2024-03-28T13:15:00Z,26.546580,-77.052245,0.35,121.8,1,9,0.9
2024-03-28T13:15:05Z,26.546580,-77.052252,0.07,156.8,1,9,0.9
2024-03-28T13:15:10Z,26.546567,-77.052243,0.53,122.6,1,9,0.9
2024-03-28T13:15:15Z,26.546568,-77.052243,0.62,42.2,1,9,0.9
2024-03-28T13:15:25Z,26.546547,-77.052217,0.66,107.8,1,9,0.9
2024-03-28T13:15:30Z,26.546542,-77.052200,0.23,87.7,1,9,0.9
2024-03-28T13:15:35Z,26.546538,-77.052197,0.27,147.5,1,9,0.9
2024-03-28T13:15:40Z,26.546533,-77.052202,0.34,149.2,1,8,1.0
2024-03-28T13:15:45Z,26.546545,-77.052220,0.10,238.9,1,9,0.9
2024-03-28T13:15:55Z,26.546550,-77.052240,0.51,156.7,1,9,0.9
2024-03-28T13:16:00Z,26.546542,-77.052233,0.21,94.5,1,9,0.9
2024-03-28T13:16:05Z,26.546542,-77.052223,0.22,141.4,1,9,0.9
2024-03-28T13:16:10Z,26.546545,-77.052222,0.10,97.7,1,8,1.2
2024-03-28T13:16:15Z,26.546548,-77.052223,0.34,184.7,1,9,0.9
2024-03-28T13:16:20Z,26.546553,-77.052248,0.58,170.6,1,9,0.9
2024-03-28T13:16:25Z,26.546542,-77.052272,0.04,301.6,1,9,0.9
2024-03-28T13:16:30Z,26.546552,-77.052275,0.28,55.1,1,8,1.0
2024-03-28T13:16:35Z,26.546552,-77.052283,0.20,136.5,1,8,1.0
2024-03-28T13:16:40Z,26.546547,-77.052287,0.58,176.2,1,8,1.0
2024-03-28T13:16:50Z,26.546545,-77.052283,0.34,67.2,1,8,1.0
2024-03-28T13:16:55Z,26.546550,-77.052268,0.46,7.6,1,8,1.0
2024-03-28T13:17:00Z,26.546557,-77.052265,0.12,16.2,1,8,1.0
2024-03-28T13:17:05Z,26.546558,-77.052253,0.39,31.9,1,9,0.9
2024-03-28T13:17:10Z,26.546568,-77.052247,0.30,103.1,1,9,0.9
2024-03-28T13:17:15Z,26.546568,-77.052243,0.45,136.4,1,9,0.9
2024-03-28T13:17:20Z,26.546565,-77.052243,0.25,112.4,1,9,0.9
2024-03-28T13:17:25Z,26.546568,-77.052238,0.33,7.4,1,9,0.9
2024-03-28T13:17:30Z,26.546570,-77.052250,0.20,85.4,1,9,0.9
2024-03-28T13:17:35Z,26.546567,-77.052240,1.00,158.7,1,9,0.9
2024-03-28T13:17:45Z,26.546558,-77.052237,0.91,165.5,1,9,0.9
2024-03-28T13:17:50Z,26.546558,-77.052258,0.44,228.7,1,9,0.9
2024-03-28T13:17:55Z,26.546555,-77.052275,0.03,208.9,1,9,0.9
2024-03-28T13:18:00Z,26.546567,-77.052273,0.64,122.4,1,9,0.9
2024-03-28T13:18:05Z,26.546568,-77.052258,0.21,219.4,1,8,1.0
2024-03-28T13:18:15Z,26.546563,-77.052255,0.28,13.5,1,8,1.0
2024-03-28T13:18:20Z,26.546558,-77.052248,0.30,316.5,1,8,1.0
2024-03-28T13:18:25Z,26.546538,-77.052257,0.22,161.3,1,7,1.3
2024-03-28T13:18:30Z,26.546525,-77.052267,0.32,205.5,1,6,1.2
2024-03-28T13:18:40Z,26.546552,-77.052277,0.71,37.2,1,7,1.1
2024-03-28T13:18:45Z,26.546570,-77.052282,0.42,244.5,1,7,1.1
2024-03-28T13:18:50Z,26.546563,-77.052300,0.68,155.9,1,7,1.1
2024-03-28T13:18:55Z,26.546567,-77.052280,0.64,68.1,1,8,1.0
2024-03-28T13:19:00Z,26.546588,-77.052268,0.64,81.6,1,8,1.0
2024-03-28T13:19:10Z,26.546580,-77.052257,0.53,281.4,1,7,1.1
2024-03-28T13:19:15Z,26.546572,-77.052282,0.34,35.5,1,6,1.2
2024-03-28T13:19:20Z,26.546562,-77.052273,0.91,146.1,1,5,4.3
2024-03-28T13:19:25Z,26.546558,-77.052310,0.86,335.1,1,6,1.2
2024-03-28T13:19:35Z,26.546573,-77.052320,0.56,249.0,1,6,1.2
2024-03-28T13:19:40Z,26.546587,-77.052332,2.16,354.7,1,6,1.2
2024-03-28T13:19:45Z,26.546612,-77.052303,1.57,33.0,1,4,1.8
2024-03-28T13:19:50Z,26.546585,-77.052302,0.13,267.1,1,5,1.5
2024-03-28T13:20:00Z,26.546590,-77.052317,0.79,162.3,1,6,1.4
2024-03-28T13:20:05Z,26.546582,-77.052282,1.40,126.1,1,6,1.4
2024-03-28T13:20:10Z,26.546555,-77.052267,1.36,144.7,1,6,1.4
2024-03-28T13:20:15Z,26.546605,-77.052250,1.08,24.5,1,6,1.4
2024-03-28T13:20:25Z,26.546565,-77.052287,0.89,200.9,1,6,2.1
2024-03-28T13:20:30Z,26.546572,-77.052292,1.06,149.7,1,6,2.1
2024-03-28T13:20:35Z,26.546570,-77.052252,0.51,189.2,1,6,2.1
2024-03-28T13:20:40Z,26.546543,-77.052223,0.84,103.4,1,5,2.1
2024-03-28T13:20:50Z,26.546525,-77.052248,0.83,176.5,1,6,2.1
2024-03-28T13:20:55Z,26.546572,-77.052272,0.76,7.2,1,5,2.1
2024-03-28T13:21:00Z,26.546525,-77.052275,0.69,156.8,1,5,2.1
2024-03-28T13:21:05Z,26.546488,-77.052278,0.51,19.9,1,4,1.8
2024-03-28T13:21:10Z,26.546507,-77.052257,0.34,112.1,1,5,4.0
2024-03-28T13:21:15Z,26.546525,-77.052258,0.43,11.9,1,4,1.8
2024-03-28T13:21:20Z,26.546525,-77.052257,0.35,138.8,1,4,1.8
2024-03-28T13:21:25Z,26.546507,-77.052258,0.08,75.6,1,4,1.8
2024-03-28T13:21:30Z,26.546495,-77.052265,0.64,160.0,1,4,1.8
2024-03-28T13:21:35Z,26.546507,-77.052272,0.15,52.0,1,4,1.8
2024-03-28T13:21:40Z,26.546505,-77.052292,0.57,208.5,1,4,1.8
2024-03-28T13:21:45Z,26.546490,-77.052300,0.82,177.9,1,4,1.8
2024-03-28T13:21:50Z,26.546565,-77.052295,0.60,46.7,1,4,1.8
2024-03-28T13:21:55Z,26.546618,-77.052283,0.49,349.7,1,4,1.8
2024-03-28T13:22:00Z,26.546667,-77.052285,0.37,22.1,1,4,1.8
2024-03-28T13:22:05Z,26.546692,-77.052273,0.67,41.5,1,4,1.8
2024-03-28T13:22:10Z,26.546703,-77.052267,0.60,359.4,1,5,4.1
2024-03-28T13:22:15Z,26.546673,-77.052293,0.32,222.6,1,4,1.8
2024-03-28T13:22:20Z,26.546662,-77.052307,1.35,193.9,1,6,1.4
2024-03-28T13:22:25Z,26.546612,-77.052287,0.38,79.9,1,6,1.4
2024-03-28T13:22:30Z,26.546595,-77.052278,0.40,155.9,1,6,1.4
2024-03-28T13:22:35Z,26.546600,-77.052270,0.46,93.4,1,4,1.8
2024-03-28T13:22:40Z,26.546600,-77.052255,0.36,134.9,1,5,4.2
2024-03-28T13:22:45Z,26.546630,-77.052238,0.58,147.4,1,5,4.2
2024-03-28T13:22:55Z,26.546597,-77.052252,1.39,204.9,1,5,4.2
2024-03-28T13:23:00Z,26.546558,-77.052240,0.62,136.8,1,5,4.2
2024-03-28T13:23:05Z,26.546495,-77.052200,1.06,138.8,1,5,4.2
2024-03-28T13:23:10Z,26.546497,-77.052190,0.83,143.1,1,5,4.3
2024-03-28T13:23:15Z,26.546493,-77.052203,1.31,188.5,1,5,4.3
2024-03-28T13:23:20Z,26.546545,-77.052230,0.22,333.5,1,6,1.4
2024-03-28T13:23:25Z,26.546542,-77.052237,0.36,43.2,1,6,2.4
2024-03-28T13:23:30Z,26.546588,-77.052280,0.70,276.2,1,5,4.3
2024-03-28T13:23:35Z,26.546562,-77.052283,0.65,148.7,1,7,1.2
2024-03-28T13:23:45Z,26.546570,-77.052277,1.23,354.0,1,7,1.2
2024-03-28T13:23:50Z,26.546580,-77.052288,0.50,327.0,1,7,1.2
2024-03-28T13:23:55Z,26.546615,-77.052282,0.70,74.0,1,7,1.2
2024-03-28T13:24:00Z,26.546602,-77.052277,0.28,247.7,1,6,1.3
2024-03-28T13:24:05Z,26.546577,-77.052257,0.33,283.9,1,6,1.3
2024-03-28T13:24:10Z,26.546562,-77.052263,0.41,28.5,1,6,1.3
2024-03-28T13:24:15Z,26.546563,-77.052273,0.33,146.1,1,6,1.4
2024-03-28T13:24:20Z,26.546593,-77.052265,0.11,195.1,1,7,1.2
2024-03-28T13:24:25Z,26.546603,-77.052268,1.14,32.1,1,7,1.2
2024-03-28T13:24:30Z,26.546590,-77.052287,0.49,164.3,1,8,1.0
2024-03-28T13:24:40Z,26.546558,-77.052288,1.46,235.8,1,7,1.2
2024-03-28T13:24:45Z,26.546553,-77.052307,0.37,213.4,1,8,1.0
2024-03-28T13:24:50Z,26.546545,-77.052307,0.92,161.5,1,8,1.0
2024-03-28T13:24:55Z,26.546520,-77.052308,2.01,196.0,1,8,1.0
2024-03-28T13:25:00Z,26.546517,-77.052303,0.63,195.4,1,8,1.0
2024-03-28T13:25:05Z,26.546538,-77.052278,0.16,329.8,1,8,1.0
2024-03-28T13:25:10Z,26.546563,-77.052262,0.41,66.9,1,8,1.0
2024-03-28T13:25:15Z,26.546550,-77.052270,1.67,252.7,1,8,1.0
2024-03-28T13:25:20Z,26.546553,-77.052290,1.33,216.7,1,6,1.3
2024-03-28T13:25:25Z,26.546538,-77.052280,1.26,116.4,1,5,1.6
2024-03-28T13:25:30Z,26.546550,-77.052273,0.73,303.9,1,7,1.2
2024-03-28T13:25:35Z,26.546567,-77.052280,1.32,345.2,1,6,1.5
2024-03-28T13:25:40Z,26.546602,-77.052280,1.32,358.8,1,7,1.2
2024-03-28T13:25:45Z,26.546627,-77.052283,0.26,316.6,1,7,1.2
2024-03-28T13:25:50Z,26.546657,-77.052298,2.42,336.0,1,5,4.7
2024-03-28T13:26:00Z,26.546655,-77.052325,1.13,93.7,1,5,4.7
2024-03-28T13:26:05Z,26.546622,-77.052315,0.26,148.4,1,4,4.8
2024-03-28T13:26:10Z,26.546553,-77.052282,1.03,348.3,1,4,4.8
2024-03-28T13:26:15Z,26.546468,-77.052315,1.23,151.3,1,6,2.2
2024-03-28T13:26:25Z,26.546463,-77.052317,1.28,182.4,1,6,1.4
2024-03-28T13:26:30Z,26.546483,-77.052315,0.91,44.7,1,5,1.6
2024-03-28T13:26:35Z,26.546500,-77.052270,1.09,92.9,1,6,1.4
2024-03-28T13:26:40Z,26.546497,-77.052288,0.66,252.5,1,4,1.9
2024-03-28T13:26:50Z,26.546528,-77.052302,0.40,204.4,1,6,1.4
2024-03-28T13:26:55Z,26.546525,-77.052318,0.82,264.4,1,6,1.4
2024-03-28T13:27:00Z,26.546545,-77.052300,0.59,258.6,1,6,1.4
2024-03-28T13:27:05Z,26.546545,-77.052270,1.82,130.5,1,6,1.4
2024-03-28T13:27:15Z,26.546483,-77.052262,0.54,263.5,1,6,1.4
2024-03-28T13:27:20Z,26.546542,-77.052233,1.05,354.6,1,5,1.7
2024-03-28T13:27:25Z,26.546560,-77.052235,0.26,100.5,1,6,1.4
2024-03-28T13:27:30Z,26.546578,-77.052267,0.18,55.3,1,6,1.4
2024-03-28T13:27:40Z,26.546532,-77.052285,1.71,142.5,1,6,1.4
2024-03-28T13:27:45Z,26.546515,-77.052293,0.97,123.8,1,5,1.6
2024-03-28T13:27:50Z,26.546520,-77.052280,0.23,214.3,1,6,1.4
2024-03-28T13:27:55Z,26.546470,-77.052278,0.97,143.3,1,6,1.4
2024-03-28T13:28:05Z,26.546468,-77.052325,1.09,243.7,1,5,5.0
2024-03-28T13:28:10Z,26.546482,-77.052352,0.90,191.8,1,5,5.0
2024-03-28T13:28:15Z,26.546480,-77.052343,0.24,19.1,1,5,5.0
2024-03-28T13:28:20Z,26.546522,-77.052323,0.81,331.3,1,5,5.0
2024-03-28T13:28:25Z,26.546543,-77.052293,1.03,126.5,1,5,5.0
2024-03-28T13:28:30Z,26.546567,-77.052253,1.31,38.6,1,5,5.0
2024-03-28T13:28:35Z,26.546560,-77.052273,0.85,243.7,1,5,5.0
2024-03-28T13:28:40Z,26.546545,-77.052262,1.09,247.0,1,4,5.3
2024-03-28T13:28:45Z,26.546638,-77.052300,1.21,306.6,1,4,5.3
2024-03-28T13:28:50Z,26.546578,-77.052350,2.25,197.0,1,5,5.0
2024-03-28T13:28:55Z,26.546620,-77.052358,1.88,360.0,1,5,5.0
2024-03-28T13:29:00Z,26.546577,-77.052303,1.44,96.9,1,5,5.0
2024-03-28T13:29:05Z,26.546530,-77.052272,0.72,138.9,1,5,5.1
2024-03-28T13:29:10Z,26.546460,-77.052237,0.59,72.1,1,5,5.1
2024-03-28T13:29:20Z,26.546483,-77.052250,1.96,148.5,1,4,2.1
2024-03-28T13:29:25Z,26.546415,-77.052268,1.85,225.8,1,3,3.0
2024-03-28T13:29:30Z,26.546482,-77.052227,3.66,33.9,1,3,3.0
2024-03-28T13:29:35Z,26.546552,-77.052207,2.59,334.0,1,3,3.0
2024-03-28T13:29:40Z,26.546600,-77.052247,1.75,310.4,1,4,6.3
2024-03-28T13:29:45Z,26.546602,-77.052248,0.76,184.6,1,3,2.5
2024-03-28T13:29:50Z,26.546530,-77.052292,0.66,149.1,1,4,5.3
2024-03-28T13:29:55Z,26.546453,-77.052248,2.03,150.1,1,4,5.3
2024-03-28T13:30:05Z,26.546535,-77.052247,0.43,30.2,1,5,1.6
2024-03-28T13:30:10Z,26.546548,-77.052262,0.76,154.7,1,6,1.2
2024-03-28T13:30:15Z,26.546540,-77.052257,0.47,323.2,1,5,1.6
2024-03-28T13:30:20Z,26.546523,-77.052297,0.80,301.9,1,5,1.6
2024-03-28T13:30:30Z,26.546540,-77.052282,0.42,275.6,1,5,1.6
2024-03-28T13:30:35Z,26.546568,-77.052272,0.41,56.4,1,5,1.6
2024-03-28T13:30:40Z,26.546555,-77.052257,0.91,156.3,1,5,1.6
2024-03-28T13:30:45Z,26.546567,-77.052290,1.69,316.7,1,5,1.6
2024-03-28T13:30:55Z,26.546615,-77.052277,0.80,60.2,1,4,6.6
2024-03-28T13:31:00Z,26.546602,-77.052260,0.87,170.4,1,3,6.2
2024-03-28T13:31:05Z,26.546582,-77.052257,0.87,170.4,6,0,50.0
2024-03-28T13:31:10Z,26.546538,-77.052410,1.92,244.0,1,3,5.2
2024-03-28T13:31:15Z,26.546742,-77.052383,3.26,343.4,1,3,5.2
2024-03-28T13:31:20Z,26.546717,-77.052472,2.83,282.8,6,0,50.0
2024-03-28T13:31:25Z,26.546798,-77.052500,1.27,330.6,1,3,50.0
2024-03-28T13:31:30Z,26.546867,-77.052535,1.77,291.1,6,0,50.0
2024-03-28T13:31:40Z,26.546513,-77.052268,1.79,155.9,1,5,1.6
2024-03-28T13:31:45Z,26.546500,-77.052277,0.63,231.0,1,4,6.8
2024-03-28T13:31:50Z,26.546552,-77.052252,0.56,11.4,1,4,6.8
2024-03-28T13:31:55Z,26.546535,-77.052210,2.23,136.7,1,4,6.8
2024-03-28T13:32:05Z,26.546588,-77.052457,3.39,276.2,1,4,6.8
2024-03-28T13:32:10Z,26.546612,-77.052597,5.56,289.7,1,4,6.9
2024-03-28T13:32:15Z,26.546620,-77.052330,0.20,172.8,1,5,1.7
2024-03-28T13:32:20Z,26.546592,-77.052320,0.47,17.9,1,6,1.4
2024-03-28T13:32:25Z,26.546603,-77.052288,0.57,46.4,1,6,1.4
2024-03-28T13:32:30Z,26.546593,-77.052285,1.34,357.2,1,5,1.6
2024-03-28T13:32:35Z,26.546590,-77.052252,0.14,169.7,1,6,1.4
2024-03-28T13:32:40Z,26.546615,-77.052250,0.53,157.3,1,5,1.6
2024-03-28T13:32:45Z,26.546605,-77.052263,1.03,346.3,1,5,1.6
2024-03-28T13:32:55Z,26.546585,-77.052293,0.96,329.6,1,4,2.2
2024-03-28T13:33:00Z,26.546597,-77.052305,0.77,213.0,1,4,2.2
2024-03-28T13:33:05Z,26.546593,-77.052390,1.56,223.4,1,5,1.6
2024-03-28T13:33:10Z,26.546558,-77.052368,0.27,238.3,1,5,1.6
2024-03-28T13:33:15Z,26.546580,-77.052390,1.01,28.1,1,4,2.2
2024-03-28T13:33:20Z,26.546548,-77.052387,0.95,175.8,1,5,1.6
2024-03-28T13:33:25Z,26.546555,-77.052355,0.36,334.9,1,7,1.1
2024-03-28T13:33:30Z,26.546598,-77.052305,2.14,39.9,1,7,1.1
2024-03-28T13:33:35Z,26.546603,-77.052273,0.54,239.4,1,6,1.4
2024-03-28T13:33:45Z,26.546738,-77.052142,5.06,36.2,6,0,50.0
2024-03-28T13:33:50Z,26.546597,-77.052233,3.37,238.9,1,3,2.0
2024-03-28T13:33:55Z,26.546598,-77.052282,1.05,46.8,1,3,2.0
2024-03-28T13:34:05Z,26.546575,-77.052243,2.18,198.1,1,4,4.5
2024-03-28T13:34:10Z,26.546493,-77.052292,1.02,174.8,1,3,4.9
2024-03-28T13:34:15Z,26.546442,-77.052313,2.36,204.0,6,0,50.0
2024-03-28T13:34:25Z,26.546645,-77.052243,0.69,11.1,1,4,1.9
2024-03-28T13:34:30Z,26.546632,-77.052315,2.56,196.2,1,3,2.9
2024-03-28T13:34:35Z,26.546582,-77.052310,1.35,93.7,1,5,5.1
2024-03-28T13:34:45Z,26.546517,-77.052253,1.58,64.5,1,5,5.1
2024-03-28T13:34:50Z,26.546575,-77.052228,1.21,16.6,1,3,3.7
2024-03-28T13:34:55Z,26.546567,-77.052262,1.58,232.1,1,3,2.0
2024-03-28T13:35:00Z,26.546493,-77.052285,0.41,203.4,1,5,5.1
2024-03-28T13:35:05Z,26.546447,-77.052275,1.90,181.3,1,5,1.4
2024-03-28T13:35:10Z,26.546420,-77.052257,1.05,127.7,1,5,1.4
2024-03-28T13:35:15Z,26.546417,-77.052287,0.97,79.8,1,4,5.2
2024-03-28T13:35:20Z,26.546433,-77.052292,0.32,158.1,1,5,5.0
2024-03-28T13:35:30Z,26.546458,-77.052305,0.79,39.3,1,5,1.6
2024-03-28T13:35:35Z,26.546508,-77.052243,2.34,92.2,1,5,1.7
2024-03-28T13:35:40Z,26.546510,-77.052230,1.42,135.9,1,5,1.6
2024-03-28T13:35:45Z,26.546507,-77.052248,1.21,15.2,1,4,1.7
2024-03-28T13:35:50Z,26.546500,-77.052295,0.81,37.9,1,5,1.6
2024-03-28T13:35:55Z,26.546532,-77.052278,1.38,46.7,1,5,1.6
2024-03-28T13:36:00Z,26.546580,-77.052273,1.42,2.6,1,5,1.6
2024-03-28T13:36:05Z,26.546585,-77.052288,0.49,273.7,1,7,1.2
2024-03-28T13:36:15Z,26.546548,-77.052288,0.54,171.6,1,7,1.2
2024-03-28T13:36:20Z,26.546515,-77.052307,2.09,210.4,1,7,1.2
2024-03-28T13:36:25Z,26.546517,-77.052317,1.03,230.5,1,7,1.2
2024-03-28T13:36:30Z,26.546540,-77.052318,0.50,7.2,1,7,1.2
2024-03-28T13:36:35Z,26.546552,-77.052293,1.14,32.0,1,6,1.2
2024-03-28T13:36:40Z,26.546520,-77.052270,1.26,201.1,1,6,1.2
2024-03-28T13:36:45Z,26.546510,-77.052277,0.64,171.8,1,6,1.2
2024-03-28T13:36:50Z,26.546540,-77.052263,0.35,323.3,1,4,1.7
2024-03-28T13:36:55Z,26.546545,-77.052233,1.06,134.1,1,4,1.7
2024-03-28T13:37:00Z,26.546550,-77.052225,0.59,89.1,1,6,1.4
2024-03-28T13:37:05Z,26.546563,-77.052252,0.30,268.5,1,6,1.4
2024-03-28T13:37:10Z,26.546582,-77.052253,0.63,120.0,1,6,1.4
2024-03-28T13:37:15Z,26.546587,-77.052257,0.83,162.3,1,5,1.5
2024-03-28T13:37:25Z,26.546533,-77.052260,1.02,170.1,1,6,1.4
2024-03-28T13:37:30Z,26.546525,-77.052255,1.62,219.3,1,7,1.2
2024-03-28T13:37:35Z,26.546550,-77.052267,1.49,6.3,1,6,1.2
2024-03-28T13:37:40Z,26.546603,-77.052257,1.39,12.6,1,6,1.2
2024-03-28T13:37:45Z,26.546580,-77.052263,1.54,166.6,1,5,1.6
2024-03-28T13:37:50Z,26.546542,-77.052273,1.65,159.2,1,5,4.7
2024-03-28T13:37:55Z,26.546548,-77.052282,0.75,195.8,1,5,4.7
2024-03-28T13:38:00Z,26.546512,-77.052295,1.26,194.9,1,4,5.2
2024-03-28T13:38:10Z,26.546505,-77.052292,1.48,120.2,1,4,5.2
2024-03-28T13:38:15Z,26.546500,-77.052270,1.40,175.6,1,4,5.2
2024-03-28T13:38:20Z,26.546548,-77.052263,0.06,259.4,1,4,5.2
2024-03-28T13:38:30Z,26.546503,-77.052275,0.62,199.1,1,5,4.7
2024-03-28T13:38:35Z,26.546493,-77.052277,0.65,65.5,1,5,4.6
2024-03-28T13:38:40Z,26.546490,-77.052265,0.27,160.8,1,5,4.6
2024-03-28T13:38:45Z,26.546410,-77.052245,1.23,154.4,1,4,5.2
2024-03-28T13:38:50Z,26.546443,-77.052250,0.68,185.6,1,5,4.6
2024-03-28T13:38:55Z,26.546453,-77.052242,0.39,108.2,1,5,4.6
2024-03-28T13:39:00Z,26.546433,-77.052250,0.98,141.3,1,5,4.6
2024-03-28T13:39:05Z,26.546500,-77.052277,1.25,342.4,1,6,1.4
2024-03-28T13:39:15Z,26.546568,-77.052290,1.04,22.5,1,5,4.5
2024-03-28T13:39:20Z,26.546592,-77.052277,0.73,29.2,1,4,5.2
2024-03-28T13:39:25Z,26.546612,-77.052253,0.69,41.4,1,5,4.5
2024-03-28T13:39:30Z,26.546575,-77.052268,0.58,182.6,1,5,4.5
2024-03-28T13:39:35Z,26.546570,-77.052273,0.17,79.4,1,5,4.5
2024-03-28T13:39:40Z,26.546575,-77.052267,0.27,94.2,1,4,5.2
2024-03-28T13:39:45Z,26.546557,-77.052268,0.35,146.7,1,4,5.2
2024-03-28T13:39:50Z,26.546548,-77.052272,0.57,191.3,1,4,5.2
2024-03-28T13:39:55Z,26.546533,-77.052282,1.20,206.4,1,5,4.4
2024-03-28T13:40:00Z,26.546508,-77.052293,0.69,162.4,1,4,5.2
2024-03-28T13:40:05Z,26.546500,-77.052285,0.88,183.1,1,4,5.2
2024-03-28T13:40:10Z,26.546545,-77.052293,0.49,0.5,1,5,1.4
2024-03-28T13:40:15Z,26.546563,-77.052290,0.61,177.7,1,5,1.4
2024-03-28T13:40:20Z,26.546578,-77.052295,0.35,75.1,1,7,1.2
2024-03-28T13:40:25Z,26.546595,-77.052290,0.72,19.6,1,6,1.3
2024-03-28T13:40:30Z,26.546615,-77.052287,0.33,345.8,1,5,4.4
2024-03-28T13:40:35Z,26.546625,-77.052287,0.32,169.4,1,5,4.3
2024-03-28T13:40:40Z,26.546612,-77.052255,0.77,160.3,1,6,1.6
2024-03-28T13:40:45Z,26.546583,-77.052258,0.19,129.0,1,6,1.6
2024-03-28T13:40:50Z,26.546603,-77.052275,1.26,191.8,1,5,1.6
2024-03-28T13:40:55Z,26.546548,-77.052302,1.19,186.7,1,7,1.1
2024-03-28T13:41:00Z,26.546533,-77.052320,0.35,197.4,1,6,1.6
2024-03-28T13:41:05Z,26.546525,-77.052302,1.29,166.0,1,4,5.2
2024-03-28T13:41:10Z,26.546585,-77.052293,1.94,9.6,1,6,1.6
2024-03-28T13:41:20Z,26.546610,-77.052270,0.29,356.7,1,5,1.7
2024-03-28T13:41:25Z,26.546580,-77.052263,0.94,32.7,1,5,1.7
2024-03-28T13:41:30Z,26.546583,-77.052263,0.21,153.3,1,5,1.7
2024-03-28T13:41:35Z,26.546582,-77.052265,0.82,183.0,1,5,1.7
2024-03-28T13:41:40Z,26.546573,-77.052273,0.37,17.9,1,5,1.7
2024-03-28T13:41:45Z,26.546542,-77.052268,1.09,178.9,1,5,4.2
2024-03-28T13:41:50Z,26.546582,-77.052260,0.25,130.5,1,6,1.6
2024-03-28T13:41:55Z,26.546533,-77.052267,0.56,136.0,1,6,1.6
2024-03-28T13:42:00Z,26.546530,-77.052262,0.81,56.6,1,5,1.7
2024-03-28T13:42:10Z,26.546548,-77.052258,0.37,35.3,1,5,1.7
2024-03-28T13:42:15Z,26.546538,-77.052245,0.35,163.3,1,4,5.2
2024-03-28T13:42:20Z,26.546515,-77.052285,1.63,184.3,1,5,1.7
2024-03-28T13:42:25Z,26.546510,-77.052277,0.39,171.7,1,5,1.7
2024-03-28T13:42:30Z,26.546507,-77.052273,0.68,154.8,1,5,1.7
2024-03-28T13:42:35Z,26.546533,-77.052290,0.25,14.1,1,5,1.7
2024-03-28T13:42:40Z,26.546527,-77.052292,0.17,216.7,1,5,1.7
2024-03-28T13:42:45Z,26.546558,-77.052295,1.41,3.4,1,5,1.7
2024-03-28T13:42:50Z,26.546603,-77.052300,1.57,20.4,1,5,1.7
2024-03-28T13:43:00Z,26.546627,-77.052298,1.76,1.1,1,5,1.7
2024-03-28T13:43:05Z,26.546637,-77.052285,0.27,305.4,1,4,5.2
2024-03-28T13:43:10Z,26.546640,-77.052278,0.12,101.9,1,4,5.2
2024-03-28T13:43:15Z,26.546607,-77.052292,0.39,67.2,1,5,3.9
2024-03-28T13:43:25Z,26.546555,-77.052302,0.35,75.3,1,4,5.2
2024-03-28T13:43:30Z,26.546562,-77.052288,0.54,176.6,1,4,5.2
2024-03-28T13:43:35Z,26.546558,-77.052277,0.80,174.8,1,4,5.2
2024-03-28T13:43:40Z,26.546503,-77.052252,1.02,155.6,1,5,3.9
2024-03-28T13:43:45Z,26.546437,-77.052262,2.22,191.3,1,4,5.2
2024-03-28T13:43:55Z,26.546322,-77.052282,1.29,156.5,1,6,1.5
2024-03-28T13:44:00Z,26.546330,-77.052275,2.39,177.2,1,6,1.5
2024-03-28T13:44:05Z,26.546345,-77.052267,0.57,163.6,1,6,1.5
2024-03-28T13:44:10Z,26.546375,-77.052263,0.71,25.3,1,6,1.5
2024-03-28T13:44:15Z,26.546390,-77.052255,0.78,6.5,1,6,1.5
2024-03-28T13:44:20Z,26.546412,-77.052243,0.19,218.6,1,5,3.8
2024-03-28T13:44:25Z,26.546452,-77.052258,0.73,11.2,1,5,3.8
2024-03-28T13:44:30Z,26.546425,-77.052258,0.50,166.3,1,6,1.5
2024-03-28T13:44:35Z,26.546457,-77.052283,0.21,187.7,1,6,1.5
2024-03-28T13:44:40Z,26.546475,-77.052280,0.17,24.7,1,5,1.9
2024-03-28T13:44:45Z,26.546510,-77.052290,0.91,330.8,1,5,1.9
2024-03-28T13:44:50Z,26.546542,-77.052265,0.48,357.1,1,5,1.9
2024-03-28T13:44:55Z,26.546557,-77.052258,1.46,350.1,1,4,2.1
2024-03-28T13:45:00Z,26.546555,-77.052287,0.29,272.2,1,6,1.5
2024-03-28T13:45:05Z,26.546547,-77.052292,0.23,167.3,1,6,1.5
2024-03-28T13:45:10Z,26.546580,-77.052300,0.93,345.4,1,6,1.5
2024-03-28T13:45:15Z,26.546618,-77.052295,0.45,254.1,1,6,1.5
2024-03-28T13:45:20Z,26.546637,-77.052308,0.62,130.4,1,4,5.2
2024-03-28T13:45:25Z,26.546637,-77.052337,0.72,243.3,1,5,3.6
2024-03-28T13:45:30Z,26.546650,-77.052340,0.70,190.2,1,6,1.5
2024-03-28T13:45:35Z,26.546650,-77.052308,0.95,54.5,1,6,1.5
2024-03-28T13:45:40Z,26.546610,-77.052290,1.21,168.9,1,6,1.5
2024-03-28T13:45:45Z,26.546580,-77.052285,0.78,92.6,1,6,1.5
2024-03-28T13:45:55Z,26.546538,-77.052285,0.46,121.7,1,6,1.5
2024-03-28T13:46:00Z,26.546567,-77.052278,0.16,117.9,1,6,1.5
2024-03-28T13:46:05Z,26.546567,-77.052270,1.99,166.2,1,5,3.6
2024-03-28T13:46:10Z,26.546585,-77.052303,0.61,316.6,1,6,1.5
2024-03-28T13:46:15Z,26.546575,-77.052292,0.37,13.8,1,7,1.1
2024-03-28T13:46:20Z,26.546588,-77.052267,0.49,128.4,1,7,1.1
2024-03-28T13:46:25Z,26.546600,-77.052262,0.55,320.5,1,8,1.1
2024-03-28T13:46:30Z,26.546623,-77.052280,0.33,104.9,1,8,1.1
2024-03-28T13:46:35Z,26.546610,-77.052282,0.88,129.6,1,8,1.1
2024-03-28T13:46:40Z,26.546567,-77.052255,0.48,159.2,1,8,1.1
2024-03-28T13:46:45Z,26.546583,-77.052297,1.48,291.7,1,8,1.1
2024-03-28T13:46:50Z,26.546583,-77.052298,0.77,234.8,1,8,1.1
2024-03-28T13:46:55Z,26.546538,-77.052285,1.22,146.3,1,8,1.1
2024-03-28T13:47:00Z,26.546552,-77.052248,1.31,48.8,1,7,1.1
2024-03-28T13:47:05Z,26.546537,-77.052230,1.05,184.6,1,6,1.4
2024-03-28T13:47:10Z,26.546507,-77.052262,0.53,187.6,1,6,1.4
2024-03-28T13:47:20Z,26.546590,-77.052270,1.22,219.6,1,5,1.4
2024-03-28T13:47:25Z,26.546600,-77.052275,0.69,181.6,1,6,1.5
2024-03-28T13:47:30Z,26.546625,-77.052302,1.24,353.4,1,6,1.5
2024-03-28T13:47:35Z,26.546698,-77.052305,0.64,55.3,1,4,3.4
2024-03-28T13:47:40Z,26.546703,-77.052277,0.98,73.0,1,4,3.4
2024-03-28T13:47:50Z,26.546630,-77.052282,0.69,32.1,1,7,1.1
2024-03-28T13:47:55Z,26.546612,-77.052283,1.12,62.4,1,7,1.1
2024-03-28T13:48:00Z,26.546552,-77.052302,2.83,194.3,1,7,1.1
2024-03-28T13:48:05Z,26.546550,-77.052297,2.41,56.9,1,6,1.3
2024-03-28T13:48:10Z,26.546588,-77.052253,1.49,41.2,1,7,1.1
2024-03-28T13:48:20Z,26.546622,-77.052277,2.28,200.2,1,7,1.1
2024-03-28T13:48:25Z,26.546582,-77.052268,0.44,276.7,1,6,1.2
2024-03-28T13:48:30Z,26.546553,-77.052273,0.13,265.4,1,6,1.2
2024-03-28T13:48:35Z,26.546568,-77.052282,1.34,55.7,1,6,1.2
2024-03-28T13:48:40Z,26.546560,-77.052218,1.15,153.1,1,6,1.2
2024-03-28T13:48:50Z,26.546493,-77.052248,1.29,84.7,1,4,1.5
2024-03-28T13:48:55Z,26.546497,-77.052297,1.01,301.6,1,4,1.5
2024-03-28T13:49:00Z,26.546512,-77.052293,0.39,72.2,1,6,1.2
2024-03-28T13:49:05Z,26.546533,-77.052288,1.29,68.7,1,5,1.2
2024-03-28T13:49:15Z,26.546522,-77.052240,0.79,281.3,1,4,1.5
2024-03-28T13:49:20Z,26.546513,-77.052232,1.65,164.5,1,5,1.4
2024-03-28T13:49:25Z,26.546518,-77.052225,0.17,340.9,1,5,1.4
2024-03-28T13:49:30Z,26.546545,-77.052227,0.38,181.4,1,5,1.4
2024-03-28T13:49:40Z,26.546537,-77.052198,0.10,251.6,1,4,1.5
2024-03-28T13:49:45Z,26.546582,-77.052240,0.51,72.4,1,4,1.5
2024-03-28T13:49:50Z,26.546603,-77.052273,1.42,299.0,1,5,1.2
2024-03-28T13:49:55Z,26.546545,-77.052257,1.69,162.8,1,5,1.2
2024-03-28T13:50:00Z,26.546558,-77.052268,1.64,316.2,1,5,1.2
2024-03-28T13:50:10Z,26.546538,-77.052235,1.10,6.5,1,3,6.8
2024-03-28T13:50:15Z,26.546492,-77.052332,3.82,211.3,1,5,1.4
2024-03-28T13:50:20Z,26.546443,-77.052310,1.37,222.3,1,4,5.2
2024-03-28T13:50:25Z,26.546438,-77.052305,0.54,174.6,1,4,5.2
2024-03-28T13:50:35Z,26.546480,-77.052295,1.77,158.0,1,7,1.2
2024-03-28T13:50:40Z,26.546457,-77.052258,2.14,154.3,1,8,1.1
2024-03-28T13:50:45Z,26.546422,-77.052212,1.86,131.3,1,8,1.1
2024-03-28T13:50:50Z,26.546410,-77.052168,1.42,127.2,1,8,1.1
2024-03-28T13:50:55Z,26.546415,-77.052127,1.04,78.4,1,8,1.1
2024-03-28T13:51:00Z,26.546417,-77.052102,0.40,223.2,1,8,1.1
2024-03-28T13:51:05Z,26.546432,-77.052108,0.13,149.4,1,8,1.1
2024-03-28T13:51:10Z,26.546427,-77.052102,0.20,208.1,1,8,1.1
2024-03-28T13:51:15Z,26.546427,-77.052102,0.65,95.3,1,8,1.1
2024-03-28T13:51:20Z,26.546400,-77.052080,1.77,195.1,1,8,1.1
2024-03-28T13:51:25Z,26.546370,-77.052103,0.77,191.7,1,8,1.1
2024-03-28T13:51:30Z,26.546362,-77.052108,0.09,340.5,1,8,1.1
2024-03-28T13:51:40Z,26.546355,-77.052093,0.28,141.4,1,8,1.1
2024-03-28T13:51:45Z,26.546360,-77.052088,0.26,140.3,1,8,1.1
2024-03-28T13:51:50Z,26.546350,-77.052065,0.56,103.8,1,8,1.1
2024-03-28T13:51:55Z,26.546345,-77.052043,0.21,113.0,1,8,1.1
2024-03-28T13:52:00Z,26.546340,-77.052052,0.23,111.0,1,8,1.1
2024-03-28T13:52:05Z,26.546335,-77.052068,0.06,51.5,1,8,1.1
2024-03-28T13:52:15Z,26.546348,-77.052105,0.20,55.5,1,8,1.1
2024-03-28T13:52:20Z,26.546362,-77.052130,0.66,284.1,1,8,1.1
2024-03-28T13:52:25Z,26.546373,-77.052110,0.15,124.7,1,8,1.1
2024-03-28T13:52:30Z,26.546367,-77.052082,0.51,140.8,1,8,1.1
2024-03-28T13:52:35Z,26.546323,-77.052078,2.98,178.5,1,8,1.1
2024-03-28T13:52:40Z,26.546183,-77.052238,14.34,236.5,1,7,1.1
2024-03-28T13:52:45Z,26.545887,-77.052642,20.01,218.6,1,7,1.1
2024-03-28T13:52:50Z,26.545553,-77.053145,25.78,243.1,1,6,1.4
2024-03-28T13:52:55Z,26.545348,-77.053823,28.17,250.4,1,7,1.1
2024-03-28T13:53:00Z,26.545090,-77.054402,19.33,241.1,1,7,1.1
2024-03-28T13:53:05Z,26.544885,-77.054597,9.85,193.1,1,8,1.1
2024-03-28T13:53:10Z,26.544472,-77.054367,16.52,173.2,1,8,1.1
2024-03-28T13:53:20Z,26.543592,-77.055612,34.85,242.8,1,7,1.1
2024-03-28T13:53:25Z,26.543283,-77.056540,39.21,250.3,1,7,1.1
2024-03-28T13:53:30Z,26.543052,-77.057528,39.68,253.7,1,7,1.1
2024-03-28T13:53:35Z,26.542810,-77.058440,32.62,252.0,1,8,1.1
2024-03-28T13:53:40Z,26.542622,-77.059022,18.40,247.8,1,8,1.1
2024-03-28T13:53:45Z,26.542333,-77.059132,19.54,178.6,1,7,1.1
2024-03-28T13:53:50Z,26.541665,-77.058945,30.33,172.9,1,6,1.6
2024-03-28T13:53:55Z,26.540887,-77.058840,35.27,172.8,1,7,1.1
2024-03-28T13:54:00Z,26.540133,-77.058678,27.75,167.9,1,7,1.1
2024-03-28T13:54:05Z,26.539790,-77.058635,10.72,187.2,1,7,1.1
2024-03-28T13:54:10Z,26.539738,-77.059095,16.52,258.7,1,8,1.1
2024-03-28T13:54:15Z,26.539692,-77.059357,5.50,257.4,1,8,1.1
2024-03-28T13:54:20Z,26.539673,-77.059475,5.04,255.0,1,8,1.1
2024-03-28T13:54:25Z,26.539445,-77.059660,18.36,203.5,1,8,1.1
2024-03-28T13:54:30Z,26.538795,-77.059878,31.88,198.2,1,7,1.1
2024-03-28T13:54:35Z,26.538043,-77.060132,34.95,199.4,1,6,1.4
2024-03-28T13:54:40Z,26.537332,-77.060385,31.84,199.4,1,7,1.1
2024-03-28T13:54:45Z,26.536525,-77.060692,39.08,199.1,1,7,1.1
2024-03-28T13:54:55Z,26.534863,-77.061322,32.73,198.4,1,7,1.1
2024-03-28T13:55:00Z,26.534270,-77.061543,25.88,199.4,1,7,1.1
2024-03-28T13:55:05Z,26.533752,-77.061738,22.12,199.6,1,7,1.1
2024-03-28T13:55:10Z,26.533262,-77.061900,20.81,196.7,1,7,1.1
2024-03-28T13:55:15Z,26.532900,-77.062017,12.36,195.9,1,7,1.1
2024-03-28T13:55:25Z,26.531973,-77.062362,32.60,200.6,1,7,1.1
2024-03-28T13:55:30Z,26.531212,-77.062667,34.86,198.9,1,7,1.1
2024-03-28T13:55:35Z,26.530487,-77.062973,30.66,198.9,1,6,1.6
2024-03-28T13:55:40Z,26.529837,-77.063222,28.53,197.7,1,7,1.1
2024-03-28T13:55:45Z,26.529245,-77.063475,26.95,199.7,1,7,1.1
2024-03-28T13:55:50Z,26.528662,-77.063667,25.90,198.9,1,7,1.1
2024-03-28T13:56:00Z,26.527555,-77.064063,24.94,198.3,1,7,1.1
2024-03-28T13:56:05Z,26.527020,-77.064257,25.24,198.6,1,7,1.1
2024-03-28T13:56:10Z,26.526473,-77.064452,25.16,197.6,1,7,1.1
2024-03-28T13:56:15Z,26.525880,-77.064697,26.79,205.2,1,6,1.2
2024-03-28T13:56:20Z,26.525360,-77.065095,30.61,216.6,1,7,1.1
2024-03-28T13:56:25Z,26.524633,-77.065620,40.16,210.9,1,7,1.1
2024-03-28T13:56:35Z,26.523035,-77.066792,36.37,213.2,1,6,1.2
2024-03-28T13:56:40Z,26.522360,-77.067303,33.22,215.3,1,6,1.2
2024-03-28T13:56:45Z,26.521767,-77.067690,30.53,209.8,1,6,1.2
2024-03-28T13:56:50Z,26.521172,-77.068100,29.20,210.4,1,5,1.8
2024-03-28T13:56:55Z,26.520578,-77.068553,32.12,214.1,1,4,2.7
2024-03-28T13:57:00Z,26.519913,-77.068983,32.61,210.9,1,5,1.8
2024-03-28T13:57:05Z,26.519280,-77.069358,30.11,200.5,1,6,1.2
2024-03-28T13:57:10Z,26.518728,-77.069597,25.51,200.4,1,6,1.2
2024-03-28T13:57:15Z,26.518038,-77.069887,36.66,196.7,1,6,1.2
2024-03-28T13:57:20Z,26.517127,-77.070217,40.96,200.3,1,6,1.2
2024-03-28T13:57:25Z,26.516313,-77.070533,34.53,197.9,1,6,1.2
2024-03-28T13:57:35Z,26.515193,-77.070990,16.79,199.7,1,6,1.2
2024-03-28T13:57:40Z,26.514687,-77.071207,29.03,201.4,1,6,1.2
2024-03-28T13:57:45Z,26.513975,-77.071457,29.99,196.6,1,6,1.2
2024-03-28T13:57:50Z,26.513465,-77.071540,20.17,177.7,1,7,1.1
2024-03-28T13:57:55Z,26.512995,-77.071482,22.61,185.1,1,7,1.1
2024-03-28T13:58:00Z,26.512863,-77.072017,20.60,265.3,1,7,1.1
2024-03-28T13:58:05Z,26.512927,-77.072795,34.06,269.7,1,7,1.1
2024-03-28T13:58:10Z,26.512903,-77.073875,44.41,268.3,1,6,1.2
2024-03-28T13:58:15Z,26.512885,-77.075090,45.85,268.5,1,6,1.2
2024-03-28T13:58:20Z,26.512915,-77.076023,31.52,277.1,1,6,1.2
2024-03-28T13:58:25Z,26.513240,-77.076633,26.04,302.9,1,7,1.1
2024-03-28T13:58:30Z,26.513622,-77.076852,17.15,346.2,1,7,1.1
2024-03-28T13:58:40Z,26.513798,-77.077720,18.74,268.3,1,7,1.1
2024-03-28T13:58:45Z,26.513818,-77.078068,12.41,270.6,1,7,1.1
2024-03-28T13:58:50Z,26.513783,-77.078397,12.80,263.3,1,5,2.5
2024-03-28T13:58:55Z,26.513762,-77.078333,0.81,110.9,1,5,2.5
2024-03-28T13:59:00Z,26.513740,-77.078283,0.67,140.5,1,5,2.5
2024-03-28T13:59:10Z,26.513740,-77.078220,0.17,277.2,1,4,2.5
2024-03-28T13:59:15Z,26.513763,-77.078210,0.37,221.5,1,4,2.5
2024-03-28T13:59:20Z,26.513763,-77.078228,0.15,242.0,1,3,39.9
2024-03-28T13:59:25Z,26.513730,-77.078228,0.13,30.1,1,3,2.2
2024-03-28T13:59:30Z,26.513725,-77.078270,0.61,180.2,1,5,1.4
2024-03-28T13:59:40Z,26.513715,-77.078323,1.63,201.7,1,5,2.4
2024-03-28T13:59:45Z,26.513720,-77.078285,1.85,39.7,1,5,2.4
2024-03-28T13:59:50Z,26.513790,-77.078238,1.14,43.1,1,4,5.3
2024-03-28T13:59:55Z,26.513852,-77.078158,2.13,19.9,1,4,1.5
2024-03-28T14:00:00Z,26.513895,-77.078130,1.19,92.9,1,3,47.8
2024-03-28T14:00:05Z,26.513987,-77.078030,4.68,33.3,6,0,50.0
2024-03-28T14:00:10Z,26.514078,-77.077963,4.68,33.3,6,0,50.0
2024-03-28T14:00:15Z,26.514168,-77.077897,4.68,33.3,6,0,50.0
2024-03-28T17:53:30Z,26.513105,-77.078218,0.81,149.0,1,5,4.9
2024-03-28T17:53:35Z,26.513043,-77.078198,2.19,137.1,1,5,4.9
2024-03-28T17:53:45Z,26.512912,-77.078138,0.80,144.9,2,5,4.9
2024-03-28T17:53:50Z,26.512868,-77.078132,0.41,167.4,2,5,4.9
2024-03-28T17:53:55Z,26.512953,-77.078158,0.69,284.6,2,5,4.9
2024-03-28T17:54:00Z,26.512957,-77.078145,0.45,42.8,2,5,4.9
2024-03-28T17:54:05Z,26.512875,-77.078088,2.52,148.6,2,5,4.9
2024-03-28T17:54:10Z,26.512937,-77.078108,0.89,317.7,2,5,4.9
2024-03-28T17:54:20Z,26.512865,-77.078082,0.21,262.3,2,5,4.9
2024-03-28T17:54:25Z,26.512948,-77.078143,0.33,25.5,2,5,4.9
2024-03-28T17:54:30Z,26.512950,-77.078167,0.58,177.0,1,5,4.9
2024-03-28T17:54:35Z,26.512892,-77.078173,0.71,176.1,1,4,4.6
2024-03-28T17:54:40Z,26.512948,-77.078207,0.66,341.5,1,4,4.6
2024-03-28T17:54:45Z,26.512993,-77.078198,1.72,13.6,2,4,4.6
2024-03-28T17:54:55Z,26.513010,-77.078183,0.66,216.3,2,4,4.6
2024-03-28T17:55:00Z,26.513055,-77.078165,0.12,246.2,2,4,4.6
2024-03-28T17:55:05Z,26.513007,-77.078152,1.00,121.5,2,4,4.6
2024-03-28T17:55:10Z,26.513008,-77.078152,0.11,136.2,2,4,4.6
2024-03-28T17:55:15Z,26.513012,-77.078143,0.14,334.5,2,4,4.6
2024-03-28T17:55:25Z,26.513045,-77.078167,0.43,271.5,2,4,4.6
2024-03-28T17:55:30Z,26.512980,-77.078138,2.07,187.2,1,4,4.6
2024-03-28T17:55:35Z,26.512960,-77.078113,0.73,89.3,1,4,4.6
2024-03-28T17:55:40Z,26.512988,-77.078133,0.45,329.8,1,4,4.6
2024-03-28T17:55:45Z,26.512943,-77.078108,0.76,166.5,1,4,4.6
2024-03-28T17:55:55Z,26.512940,-77.078122,1.05,234.2,1,4,4.6
2024-03-28T17:56:00Z,26.512887,-77.078118,0.95,148.5,1,4,4.6
2024-03-28T17:56:05Z,26.512857,-77.078110,0.56,134.0,1,3,11.0
2024-03-28T17:56:10Z,26.512927,-77.078115,0.23,118.3,1,4,4.6
2024-03-28T17:56:15Z,26.512933,-77.078142,1.13,317.3,1,4,4.6
2024-03-28T17:56:25Z,26.513000,-77.078148,0.77,310.2,1,4,4.6
2024-03-28T17:56:30Z,26.512940,-77.078203,1.74,205.4,1,4,4.6
2024-03-28T17:56:35Z,26.512882,-77.078172,0.40,157.8,1,4,4.6
2024-03-28T17:56:40Z,26.512897,-77.078172,0.53,134.6,1,4,4.6
2024-03-28T17:56:45Z,26.512843,-77.078228,1.08,179.1,2,3,11.3
2024-03-28T17:56:55Z,26.512978,-77.078245,0.39,316.3,2,4,4.6
2024-03-28T17:57:00Z,26.513025,-77.078282,2.49,323.3,2,4,4.6
2024-03-28T17:57:05Z,26.512958,-77.078233,1.76,147.1,2,4,4.6
2024-03-28T17:57:10Z,26.512963,-77.078243,0.70,216.3,2,4,4.6
2024-03-28T17:57:15Z,26.512937,-77.078240,0.25,172.4,2,4,4.6
2024-03-28T17:57:25Z,26.512960,-77.078203,1.43,76.5,2,4,4.6
2024-03-28T17:57:30Z,26.513007,-77.078225,0.52,165.8,2,4,4.6
2024-03-28T17:57:35Z,26.513023,-77.078262,1.29,163.5,2,4,4.6
2024-03-28T17:57:40Z,26.513010,-77.078265,0.73,171.3,2,3,50.0
2024-03-28T17:57:45Z,26.512875,-77.078235,1.20,150.8,2,4,4.6
2024-03-28T17:57:50Z,26.512802,-77.078183,2.34,151.2,2,4,4.6
2024-03-28T17:58:00Z,26.512798,-77.078185,0.29,26.5,2,4,4.6
2024-03-28T17:58:05Z,26.512853,-77.078172,1.16,352.5,2,4,4.6
2024-03-28T17:58:10Z,26.512823,-77.078147,1.76,170.9,2,4,4.6
2024-03-28T17:58:15Z,26.512803,-77.078100,0.39,158.9,2,4,4.6
2024-03-28T17:58:20Z,26.512857,-77.078128,1.26,324.7,2,4,4.6
2024-03-28T17:58:30Z,26.512890,-77.078170,1.43,180.2,2,3,5.0
2024-03-28T17:58:35Z,26.512950,-77.078163,1.33,349.1,1,3,6.3
2024-03-28T17:58:40Z,26.512860,-77.078148,0.51,154.8,1,4,4.6
2024-03-28T17:58:45Z,26.512898,-77.078177,0.86,338.6,1,4,4.6
2024-03-28T17:58:50Z,26.512927,-77.078203,0.66,68.8,2,4,4.6
2024-03-28T17:59:00Z,26.512963,-77.078153,1.37,54.3,2,4,4.6
2024-03-28T17:59:05Z,26.513135,-77.078210,2.22,319.3,2,3,50.0
2024-03-28T17:59:10Z,26.513062,-77.078220,2.08,291.3,2,3,6.3
2024-03-28T17:59:15Z,26.513165,-77.078272,4.54,333.9,1,3,6.3
2024-03-28T17:59:25Z,26.513225,-77.078303,3.01,283.7,1,4,4.6
2024-03-28T17:59:30Z,26.513242,-77.078405,3.42,249.2,1,4,4.6
2024-03-28T17:59:35Z,26.513022,-77.078430,6.23,194.0,6,0,50.0
2024-03-28T17:59:40Z,26.512882,-77.078468,6.23,194.0,6,0,50.0
2024-03-28T17:59:45Z,26.512742,-77.078508,6.23,194.0,6,0,50.0
2024-03-29T05:19:39Z,45.508328,-122.738357,55.94,259.6,1,3,5.1
2024-03-29T05:19:44Z,45.507847,-122.740090,56.27,251.3,1,3,5.1
2024-03-29T05:19:49Z,45.507410,-122.741823,55.35,249.9,1,3,5.1
2024-03-29T05:19:54Z,45.506987,-122.743483,51.22,251.2,1,3,5.1
2024-03-29T05:19:59Z,45.506625,-122.744973,48.49,252.7,1,3,5.2
2024-03-29T05:20:04Z,45.506308,-122.746562,51.42,254.9,1,3,5.2
2024-03-29T05:20:09Z,45.505830,-122.747867,51.28,257.0,1,3,5.2
2024-03-29T05:20:14Z,45.505763,-122.749830,51.68,259.4,1,3,5.2
2024-03-29T05:20:19Z,45.505572,-122.751507,52.37,262.9,1,3,5.2
2024-03-29T05:21:19Z,45.507215,-122.773890,50.97,288.0,1,4,3.9
2024-03-29T05:21:25Z,45.507610,-122.775507,52.09,289.7,1,4,3.9
2024-03-29T05:21:30Z,45.508055,-122.777103,52.63,292.6,1,4,3.9
2024-03-29T05:21:35Z,45.508590,-122.778723,52.13,294.8,1,4,3.9
2024-03-29T05:21:40Z,45.509097,-122.780265,51.41,296.7,1,4,4.0
2024-03-29T05:21:45Z,45.509577,-122.781657,48.54,296.6,1,3,4.2
2024-03-29T05:21:50Z,45.510183,-122.783223,51.63,297.7,1,5,2.0
2024-03-29T05:21:55Z,45.510707,-122.784688,49.42,297.6,1,5,2.0
2024-03-29T05:22:00Z,45.511250,-122.786138,50.81,297.6,1,5,2.0
2024-03-29T05:22:05Z,45.511817,-122.787670,52.52,297.6,1,5,2.0
2024-03-29T05:22:10Z,45.512385,-122.789218,53.28,297.1,1,5,2.0
2024-03-29T05:22:15Z,45.512962,-122.790802,53.15,297.9,1,5,2.0
2024-03-29T05:22:20Z,45.513512,-122.792300,51.54,297.9,1,5,2.0
2024-03-29T05:22:25Z,45.514052,-122.793755,50.82,297.8,1,5,2.0
2024-03-29T05:22:30Z,45.514600,-122.795238,51.57,298.3,1,5,2.0
2024-03-29T05:22:40Z,45.515778,-122.798325,54.51,298.2,1,5,2.0
2024-03-29T05:22:45Z,45.516363,-122.799915,55.67,298.3,1,5,2.0
2024-03-29T05:22:50Z,45.516953,-122.801560,56.43,297.8,1,5,2.0
2024-03-29T05:22:55Z,45.517587,-122.803182,55.62,298.9,1,5,2.0
2024-03-29T05:23:05Z,45.518772,-122.806123,48.42,300.2,1,4,3.5
2024-03-29T05:23:10Z,45.519332,-122.807467,47.26,300.6,1,4,3.5
2024-03-29T05:23:15Z,45.519860,-122.808823,47.50,299.6,1,4,3.5
2024-03-29T05:23:20Z,45.520405,-122.810203,49.15,298.9,1,4,3.5
2024-03-29T05:23:30Z,45.521468,-122.812987,46.13,298.8,1,4,3.5
2024-03-29T05:23:35Z,45.521975,-122.814355,47.66,298.5,1,4,3.5
2024-03-29T05:23:40Z,45.522495,-122.815800,47.00,298.7,1,3,10.1
2024-03-29T05:23:45Z,45.523037,-122.817132,46.71,298.3,1,5,2.0
2024-03-29T05:23:50Z,45.523532,-122.818475,47.37,298.2,1,4,3.4
2024-03-29T05:23:55Z,45.524060,-122.819905,50.20,298.0,1,4,3.4
2024-03-29T05:24:00Z,45.524582,-122.821332,47.90,297.9,1,4,3.4
2024-03-29T05:24:05Z,45.525117,-122.822743,49.13,298.3,1,4,3.4
2024-03-29T05:24:10Z,45.525622,-122.824162,48.36,298.0,1,4,3.4
2024-03-29T05:24:15Z,45.526145,-122.825540,47.00,298.1,1,4,3.4
2024-03-29T05:24:20Z,45.526652,-122.826912,47.30,298.0,1,4,3.4
2024-03-29T05:24:25Z,45.527160,-122.828288,47.23,298.1,1,4,3.4
2024-03-29T05:24:30Z,45.527670,-122.829670,47.81,298.1,1,4,3.4
2024-03-29T05:24:35Z,45.528197,-122.831058,48.35,298.3,1,4,3.4
2024-03-29T05:24:40Z,45.528740,-122.832478,49.71,298.3,1,4,3.4
2024-03-29T05:24:45Z,45.529285,-122.833902,49.34,298.1,1,5,2.0
2024-03-29T05:24:50Z,45.529832,-122.835288,49.19,298.4,1,5,2.0
2024-03-29T05:24:55Z,45.530377,-122.836752,50.83,298.4,1,5,2.0
2024-03-29T05:25:00Z,45.530940,-122.838223,49.70,298.7,1,3,2.6
2024-03-29T05:25:05Z,45.531538,-122.839755,53.35,298.3,1,5,2.0
2024-03-29T05:25:10Z,45.532122,-122.841335,52.36,298.5,1,5,2.0
2024-03-29T05:25:15Z,45.532695,-122.842813,49.67,299.1,1,4,3.3
2024-03-29T05:25:20Z,45.533235,-122.844195,48.43,298.8,1,5,2.0
2024-03-29T05:25:25Z,45.533763,-122.845560,45.97,298.7,1,4,3.3
2024-03-29T05:25:30Z,45.534253,-122.846853,45.42,298.3,1,4,3.3
2024-03-29T05:25:35Z,45.534745,-122.848215,47.16,298.3,1,5,2.0
2024-03-29T05:25:40Z,45.535260,-122.849608,48.06,297.8,1,5,2.0
2024-03-29T05:25:45Z,45.535777,-122.851048,48.73,297.6,1,5,2.0
2024-03-29T05:25:50Z,45.536313,-122.852527,50.17,297.6,1,5,2.0
2024-03-29T05:26:00Z,45.537392,-122.855482,50.71,297.7,1,4,3.3
2024-03-29T05:26:05Z,45.537938,-122.856935,48.16,298.4,1,4,3.3
2024-03-29T05:26:10Z,45.538457,-122.858255,44.61,298.8,1,4,3.3
2024-03-29T05:26:15Z,45.538952,-122.859455,42.52,299.1,1,5,2.0
2024-03-29T05:26:20Z,45.539445,-122.860703,44.95,298.5,1,5,2.0
2024-03-29T05:26:25Z,45.539940,-122.862043,46.49,297.7,1,5,2.0
2024-03-29T05:26:30Z,45.540458,-122.863458,47.90,298.7,1,5,2.0
2024-03-29T05:26:35Z,45.540993,-122.864903,48.53,298.3,1,4,3.3
2024-03-29T05:26:40Z,45.541537,-122.866312,50.78,298.3,1,4,2.6
2024-03-29T05:26:50Z,45.542677,-122.869257,49.49,298.7,1,4,2.6
2024-03-29T05:26:55Z,45.543182,-122.870642,47.95,297.6,1,5,2.0
2024-03-29T05:27:00Z,45.543675,-122.872048,49.25,297.1,1,4,3.2
2024-03-29T05:27:05Z,45.544177,-122.873498,50.21,296.6,1,4,3.2
2024-03-29T05:27:10Z,45.544717,-122.874998,51.62,297.2,1,4,3.2
2024-03-29T05:27:15Z,45.545275,-122.876440,49.91,297.8,1,4,3.2
2024-03-29T05:27:20Z,45.545813,-122.877853,48.78,298.1,1,4,3.2
2024-03-29T05:27:25Z,45.546335,-122.879253,48.00,298.0,1,5,2.8
2024-03-29T05:27:30Z,45.546848,-122.880595,45.86,297.6,1,6,1.3
2024-03-29T05:27:35Z,45.547353,-122.881927,46.81,298.0,1,5,2.8
2024-03-29T05:27:40Z,45.547875,-122.883270,46.37,298.9,1,6,1.3
2024-03-29T05:27:45Z,45.548403,-122.884613,46.54,298.1,1,6,1.3
2024-03-29T05:27:50Z,45.548897,-122.885960,45.04,298.1,1,6,1.3
2024-03-29T05:27:55Z,45.549397,-122.887280,45.27,298.4,1,6,1.3
2024-03-29T05:28:05Z,45.550377,-122.889870,45.02,298.2,1,6,1.3
2024-03-29T05:28:10Z,45.550887,-122.891197,45.65,298.7,1,6,1.3
2024-03-29T05:28:15Z,45.551402,-122.892553,45.79,298.1,1,6,1.3
2024-03-29T05:28:20Z,45.551897,-122.893873,45.23,298.1,1,5,2.8
2024-03-29T05:28:30Z,45.552918,-122.896527,48.57,297.8,1,6,1.3
2024-03-29T05:28:35Z,45.553478,-122.898015,51.89,297.2,1,6,1.3
2024-03-29T05:28:40Z,45.554027,-122.899538,50.17,298.1,1,6,1.3
2024-03-29T05:28:45Z,45.554590,-122.901010,48.66,296.8,1,6,1.3
2024-03-29T05:28:55Z,45.555675,-122.903878,49.60,297.9,1,7,1.3
2024-03-29T05:29:00Z,45.556235,-122.905327,50.83,298.3,1,7,1.3
2024-03-29T05:29:05Z,45.556788,-122.906817,52.20,298.1,1,7,1.3
2024-03-29T05:29:10Z,45.557378,-122.908365,53.73,298.1,1,7,1.3
2024-03-29T05:29:20Z,45.558535,-122.911437,50.36,297.9,1,7,1.3
2024-03-29T05:29:25Z,45.559073,-122.912845,47.45,298.3,1,7,1.3
2024-03-29T05:29:30Z,45.559590,-122.914210,47.24,298.4,1,7,1.3
2024-03-29T05:29:35Z,45.560113,-122.915575,47.99,298.2,1,7,1.3
2024-03-29T05:29:45Z,45.561182,-122.918427,49.97,298.0,1,7,1.3
2024-03-29T05:29:50Z,45.561735,-122.919892,51.14,298.1,1,6,1.4
2024-03-29T05:29:55Z,45.562298,-122.921392,51.92,298.3,1,6,1.4
2024-03-29T05:30:00Z,45.562872,-122.922908,52.06,298.1,1,6,1.4
2024-03-29T05:30:10Z,45.564012,-122.925950,52.04,298.3,1,6,1.4
2024-03-29T05:30:15Z,45.564597,-122.927467,52.33,298.4,1,6,1.4
2024-03-29T05:30:20Z,45.565163,-122.928988,52.94,298.1,1,6,1.4
2024-03-29T05:30:25Z,45.565738,-122.930515,53.00,298.2,1,6,1.4
2024-03-29T05:30:30Z,45.566310,-122.932053,52.24,298.1,1,6,1.4
2024-03-29T05:30:35Z,45.566872,-122.933555,51.64,297.8,1,6,1.4
2024-03-29T05:30:40Z,45.567445,-122.935078,52.67,298.0,1,6,1.4
2024-03-29T05:30:45Z,45.568032,-122.936638,54.06,298.3,1,6,1.4
2024-03-29T05:30:50Z,45.568632,-122.938218,54.64,298.1,1,6,1.4
2024-03-29T05:31:00Z,45.569860,-122.941473,56.76,297.7,1,6,1.4
2024-03-29T05:31:05Z,45.570473,-122.943100,55.64,298.3,1,7,1.2
2024-03-29T05:31:10Z,45.571073,-122.944695,54.40,298.1,1,7,1.2
2024-03-29T05:31:15Z,45.571658,-122.946243,52.87,298.3,1,6,1.4
2024-03-29T05:31:25Z,45.572770,-122.949203,49.56,298.2,1,6,1.4
2024-03-29T05:31:30Z,45.573287,-122.950650,49.75,297.4,1,6,1.4
2024-03-29T05:31:35Z,45.573820,-122.952068,48.73,298.1,1,6,1.4
2024-03-29T05:31:40Z,45.574370,-122.953490,48.97,298.2,1,6,1.4
2024-03-29T05:31:45Z,45.574910,-122.954893,49.90,298.4,1,7,1.2
2024-03-29T05:31:50Z,45.575462,-122.956355,50.84,298.1,1,6,1.4
2024-03-29T05:31:55Z,45.576013,-122.957815,50.37,298.3,1,6,1.4
2024-03-29T05:32:00Z,45.576565,-122.959282,50.65,298.4,1,6,1.4
2024-03-29T05:32:05Z,45.577120,-122.960773,51.30,298.2,1,6,1.4
2024-03-29T05:32:10Z,45.577655,-122.962240,48.66,298.2,1,6,1.4
2024-03-29T05:32:15Z,45.578240,-122.963620,47.00,302.2,1,7,1.2
2024-03-29T05:32:20Z,45.578817,-122.964887,44.81,304.7,1,7,1.2
2024-03-29T05:32:25Z,45.579490,-122.965947,42.18,317.5,1,7,1.2
2024-03-29T05:32:30Z,45.580163,-122.966667,34.23,319.5,1,7,1.2
2024-03-29T05:32:40Z,45.580542,-122.967470,2.07,286.4,1,7,1.2
2024-03-29T05:32:45Z,45.580438,-122.967748,16.98,232.0,1,7,1.2
2024-03-29T05:32:50Z,45.579895,-122.968190,30.19,208.0,1,6,1.4
2024-03-29T05:32:55Z,45.579188,-122.968717,35.44,207.7,1,6,1.4
2024-03-29T05:33:05Z,45.577598,-122.969723,39.89,196.4,1,6,1.3
2024-03-29T05:33:10Z,45.576663,-122.969947,40.94,185.0,1,7,1.2
2024-03-29T05:33:15Z,45.575738,-122.970000,41.07,179.9,1,5,2.2
2024-03-29T05:33:20Z,45.574810,-122.970015,36.56,183.9,1,7,1.2
2024-03-29T05:33:30Z,45.573388,-122.969923,27.67,160.3,1,6,1.8
2024-03-29T05:33:35Z,45.572933,-122.969882,18.91,189.6,1,7,1.2
2024-03-29T05:33:40Z,45.572673,-122.970223,14.93,203.6,1,7,1.2
2024-03-29T05:33:45Z,45.572173,-122.970123,23.49,181.1,1,6,1.8
2024-03-29T05:33:55Z,45.570917,-122.970512,30.90,180.6,1,6,1.4
2024-03-29T05:34:00Z,45.570167,-122.970453,31.20,179.2,1,7,1.2
2024-03-29T05:34:05Z,45.569403,-122.970448,33.03,179.9,1,7,1.2
2024-03-29T05:34:10Z,45.568627,-122.970440,34.00,179.3,1,5,1.4
2024-03-29T05:34:20Z,45.567018,-122.970435,34.41,177.6,1,6,1.4
2024-03-29T05:34:25Z,45.566218,-122.970408,35.47,178.7,1,6,1.3
2024-03-29T05:34:30Z,45.565505,-122.970742,34.25,206.6,1,6,1.4
2024-03-29T05:34:35Z,45.564857,-122.971577,37.74,223.4,1,6,1.3
2024-03-29T05:34:45Z,45.563455,-122.972733,34.49,186.3,1,7,1.2
2024-03-29T05:34:50Z,45.562518,-122.972735,40.99,181.6,1,5,1.4
2024-03-29T05:34:55Z,45.561540,-122.972800,42.71,182.7,1,6,1.4
2024-03-29T05:35:00Z,45.560530,-122.972873,43.49,182.3,1,7,1.2
2024-03-29T05:35:10Z,45.558592,-122.973010,41.40,183.1,1,7,1.2
2024-03-29T05:35:15Z,45.557625,-122.973055,39.82,182.5,1,7,1.2
2024-03-29T05:35:20Z,45.556705,-122.973112,39.97,182.9,1,7,1.2
2024-03-29T05:35:25Z,45.555742,-122.973165,41.76,182.6,1,7,1.2
2024-03-29T05:35:35Z,45.553812,-122.973275,40.99,182.9,1,7,1.2
2024-03-29T05:35:40Z,45.552902,-122.973353,38.14,183.7,1,7,1.2
2024-03-29T05:35:45Z,45.552043,-122.973408,35.86,183.0,1,7,1.2
2024-03-29T05:35:50Z,45.551258,-122.973450,32.76,182.5,1,7,1.2
2024-03-29T05:36:00Z,45.550205,-122.973565,11.52,182.5,1,6,1.3
2024-03-29T05:36:05Z,45.550125,-122.973612,4.98,209.0,1,7,1.2
2024-03-29T05:36:10Z,45.550062,-122.974033,19.78,261.4,1,7,1.2
2024-03-29T05:36:15Z,45.550110,-122.975062,32.75,271.1,1,6,1.3
2024-03-29T05:36:20Z,45.550105,-122.976200,33.84,268.6,1,7,1.2
2024-03-29T05:36:25Z,45.550118,-122.977327,34.36,270.8,1,7,1.2
2024-03-29T05:36:30Z,45.550080,-122.978450,33.97,266.0,1,7,1.2
2024-03-29T05:36:35Z,45.550012,-122.979437,25.18,264.4,1,7,1.2
2024-03-29T05:36:40Z,45.549902,-122.979915,14.25,231.9,1,7,1.2
2024-03-29T05:36:50Z,45.548743,-122.979785,29.23,179.8,1,6,1.4
2024-03-29T05:36:55Z,45.548070,-122.979740,27.94,179.2,1,6,1.4
2024-03-29T05:37:00Z,45.547457,-122.979752,26.58,180.4,1,6,1.4
2024-03-29T05:37:05Z,45.546807,-122.979760,29.46,180.2,1,6,1.4
2024-03-29T05:37:15Z,45.545338,-122.979762,31.02,182.3,1,6,1.4
2024-03-29T05:37:20Z,45.544612,-122.979747,30.86,180.6,1,6,1.4
2024-03-29T05:37:25Z,45.543907,-122.979758,29.88,180.0,1,6,1.4
2024-03-29T05:37:30Z,45.543278,-122.979748,25.14,179.8,1,6,1.4
2024-03-29T05:37:35Z,45.542875,-122.979790,14.00,197.9,1,7,1.2
2024-03-29T05:37:40Z,45.542862,-122.980287,19.32,266.8,1,7,1.2
2024-03-29T05:37:45Z,45.542920,-122.981032,22.57,273.0,1,7,1.2
2024-03-29T05:37:50Z,45.542947,-122.981777,22.10,274.5,1,7,1.2
2024-03-29T05:37:55Z,45.543035,-122.982498,21.74,284.5,1,7,1.2
2024-03-29T05:38:05Z,45.543037,-122.983863,20.05,265.1,1,6,1.3
2024-03-29T05:38:10Z,45.543063,-122.984487,17.88,271.2,1,7,1.2
2024-03-29T05:38:15Z,45.542742,-122.984597,16.05,177.2,1,7,1.2
2024-03-29T05:38:20Z,45.542327,-122.984410,20.34,155.9,1,7,1.2
2024-03-29T05:38:30Z,45.541653,-122.983953,14.66,176.6,1,7,1.2
2024-03-29T05:38:35Z,45.541327,-122.983957,13.62,180.9,1,7,1.2
2024-03-29T05:38:40Z,45.541220,-122.984072,3.62,249.5,1,6,1.4
2024-03-29T05:38:45Z,45.541265,-122.984172,1.07,304.7,1,6,1.4
2024-03-29T05:38:55Z,45.541272,-122.984178,1.27,311.2,1,7,1.2
2024-03-29T05:39:00Z,45.541262,-122.984175,0.08,343.1,1,7,1.2
2024-03-29T05:39:05Z,45.541238,-122.984167,0.36,62.2,1,7,1.2
2024-03-29T05:39:10Z,45.541263,-122.984182,0.48,159.0,1,7,1.2
2024-03-29T05:39:20Z,45.541200,-122.984145,0.88,226.0,1,6,1.7
2024-03-29T05:39:25Z,45.541208,-122.984158,0.39,298.0,1,7,1.2
2024-03-29T05:39:30Z,45.541213,-122.984133,0.41,123.3,1,7,1.2
2024-03-29T05:39:35Z,45.541232,-122.984143,0.78,38.1,1,7,1.2
2024-03-29T05:39:40Z,45.541197,-122.984105,0.46,164.4,1,7,1.2
2024-03-29T05:39:45Z,45.541200,-122.984107,0.45,321.5,1,7,1.2
2024-03-29T05:39:50Z,45.541213,-122.984117,0.80,216.1,1,5,2.3
2024-03-29T05:39:55Z,45.541262,-122.984152,1.48,33.4,1,6,1.4
2024-03-29T05:40:00Z,45.541268,-122.984140,0.40,138.7,1,5,2.3
2024-03-29T05:40:05Z,45.541253,-122.984068,2.08,130.2,1,6,1.4
2024-03-29T05:40:10Z,45.541263,-122.983997,1.40,64.1,1,6,1.4
2024-03-29T05:40:15Z,45.541180,-122.984025,4.80,195.6,1,6,1.4
2024-03-29T05:40:20Z,45.540912,-122.984052,13.75,188.2,1,5,2.0
2024-03-29T05:40:25Z,45.540530,-122.984182,18.11,197.2,1,4,2.2
2024-03-29T05:40:30Z,45.540050,-122.984328,20.81,182.2,1,4,2.2
2024-03-29T05:40:35Z,45.539573,-122.984245,21.09,169.4,1,6,1.4
2024-03-29T05:40:40Z,45.539053,-122.984057,22.11,156.7,1,7,1.2
2024-03-29T05:40:45Z,45.538635,-122.983665,20.48,141.7,1,6,1.4
2024-03-29T05:40:50Z,45.538393,-122.983380,8.85,144.6,1,6,1.4
2024-03-29T05:40:55Z,45.538315,-122.983435,6.67,217.0,1,6,1.4
2024-03-29T05:41:00Z,45.538032,-122.984023,25.14,239.0,1,6,1.4
2024-03-29T05:41:05Z,45.537818,-122.984833,25.25,262.4,1,6,1.4
2024-03-29T05:41:10Z,45.537783,-122.985708,27.18,268.9,1,7,1.2
2024-03-29T05:41:15Z,45.537768,-122.986642,28.80,268.8,1,7,1.2
2024-03-29T05:41:20Z,45.537678,-122.987548,28.07,254.3,1,6,1.4
2024-03-29T05:41:25Z,45.537392,-122.988318,27.54,243.9,1,3,5.0
2024-03-29T05:41:30Z,45.537083,-122.989247,31.14,250.5,1,5,1.5
2024-03-29T05:41:35Z,45.536750,-122.990123,28.14,243.8,1,5,1.5
2024-03-29T05:41:40Z,45.536368,-122.990800,26.36,220.5,1,5,2.0
2024-03-29T05:41:45Z,45.535795,-122.991063,20.94,190.2,1,6,1.4
2024-03-29T05:41:50Z,45.535785,-122.991140,1.43,263.9,1,4,2.9
2024-03-29T05:41:55Z,45.535770,-122.991418,14.68,271.1,1,6,1.7
2024-03-29T05:42:00Z,45.535927,-122.992353,29.35,279.2,1,6,1.4
2024-03-29T05:42:05Z,45.536097,-122.993257,27.78,296.0,1,6,1.4
2024-03-29T05:42:10Z,45.536555,-122.993912,27.93,314.0,1,5,2.0
2024-03-29T05:42:15Z,45.537075,-122.994525,30.09,317.8,1,5,2.2
2024-03-29T05:42:20Z,45.537613,-122.995183,28.76,319.1,1,6,1.4
2024-03-29T05:42:25Z,45.538147,-122.995673,27.52,338.0,1,6,1.4
2024-03-29T05:42:35Z,45.539457,-122.995815,28.92,0.5,1,6,1.4
2024-03-29T05:42:40Z,45.540178,-122.995798,30.26,0.1,1,6,1.4
2024-03-29T05:42:45Z,45.540842,-122.995817,26.91,359.7,1,6,1.4
2024-03-29T05:42:55Z,45.542292,-122.995773,30.31,6.8,1,4,4.9
2024-03-29T05:43:00Z,45.542993,-122.995625,32.78,11.1,1,5,1.4
2024-03-29T05:43:05Z,45.543747,-122.995508,31.66,6.3,1,3,2.6
2024-03-29T05:43:15Z,45.545333,-122.995467,32.62,1.2,1,4,4.9
2024-03-29T05:43:20Z,45.546048,-122.995438,28.22,0.9,1,4,4.9
2024-03-29T05:43:25Z,45.546760,-122.995473,31.72,2.1,1,5,1.4
2024-03-29T05:43:30Z,45.547418,-122.995538,28.75,356.4,1,5,1.4
2024-03-29T05:43:35Z,45.548100,-122.995623,28.94,357.2,1,5,2.2
2024-03-29T05:43:40Z,45.548570,-122.995595,13.17,2.4,1,5,2.2
2024-03-29T05:43:45Z,45.548640,-122.995667,8.21,268.1,1,7,1.2
2024-03-29T05:43:50Z,45.548580,-122.996203,18.39,263.9,1,7,1.2
2024-03-29T05:43:55Z,45.548560,-122.996837,18.34,267.4,1,6,1.4
2024-03-29T05:44:00Z,45.548607,-122.997487,18.31,270.4,1,4,2.9
2024-03-29T05:44:05Z,45.548572,-122.998068,17.53,267.2,1,6,1.4
2024-03-29T05:44:10Z,45.548537,-122.998578,15.48,269.8,1,5,2.2
2024-03-29T05:44:15Z,45.548352,-122.998813,11.03,201.3,1,5,2.2
2024-03-29T05:44:20Z,45.548148,-122.998823,7.16,154.8,1,6,1.4
2024-03-29T05:44:25Z,45.548112,-122.998717,2.49,75.8,1,5,2.2
2024-03-29T05:44:30Z,45.548180,-122.998695,1.32,39.6,1,4,3.0
2024-03-29T05:44:40Z,45.548138,-122.998703,1.43,186.3,1,6,1.4
2024-03-29T05:44:45Z,45.548140,-122.998698,0.50,183.3,1,7,1.2
2024-03-29T05:44:50Z,45.548165,-122.998747,0.35,315.7,1,7,1.2
2024-03-29T05:44:55Z,45.548173,-122.998785,0.47,179.9,1,7,1.2
2024-03-29T05:45:00Z,45.548190,-122.998828,0.51,309.2,1,6,1.4
2024-03-29T05:45:05Z,45.548168,-122.998870,1.84,170.8,1,7,1.2
2024-03-29T05:45:10Z,45.548145,-122.998872,0.85,164.6,1,6,1.4
2024-03-29T05:45:15Z,45.548127,-122.998860,0.53,216.6,1,7,1.2
2024-03-29T05:45:25Z,45.548088,-122.998770,1.58,126.8,1,6,1.4
2024-03-29T05:45:30Z,45.548073,-122.998662,1.25,140.8,1,6,1.4
2024-03-29T05:45:35Z,45.548043,-122.998620,1.60,134.4,1,5,1.5
2024-03-29T05:45:45Z,45.548127,-122.998627,2.60,356.1,1,5,1.5
2024-03-29T05:45:50Z,45.548122,-122.998498,2.12,115.6,1,5,2.2
2024-03-29T05:45:55Z,45.548097,-122.998505,1.02,73.3,1,6,1.5
2024-03-29T05:46:05Z,45.548068,-122.998455,1.21,329.6,1,5,2.1
2024-03-29T05:46:10Z,45.548072,-122.998505,2.01,263.3,1,5,2.1
2024-03-29T05:46:15Z,45.548068,-122.998535,0.55,336.2,1,4,3.9
2024-03-29T05:46:20Z,45.548092,-122.998567,2.11,220.2,1,5,2.1
2024-03-29T05:46:25Z,45.548105,-122.998570,2.20,334.8,1,6,1.5
2024-03-29T05:46:30Z,45.548135,-122.998537,0.41,232.7,1,6,1.5
2024-03-29T05:46:35Z,45.548162,-122.998510,0.25,85.5,1,6,1.5
2024-03-29T05:46:40Z,45.548193,-122.998553,1.94,346.9,1,5,2.1
