utc,lat,lon,sog_kn,cog_deg,quality,sats,hdop
2024-03-25T11:16:04Z,26.448963,-76.990917,0.21,143.4,0,0,99.0
2024-03-25T11:16:09Z,26.448970,-76.990930,0.64,282.1,1,3,2.8
2024-03-25T11:16:14Z,26.448995,-76.990943,7.96,312.4,1,3,2.8
2024-03-25T11:16:19Z,26.448935,-76.990925,0.73,297.6,1,3,2.8
2024-03-25T11:16:24Z,26.448928,-76.990885,0.49,133.2,1,3,2.8
2024-03-25T11:16:29Z,26.448948,-76.990918,0.24,166.0,1,3,2.8
2024-03-25T11:16:34Z,26.448957,-76.990927,0.20,149.3,1,3,2.8
2024-03-25T11:16:39Z,26.448952,-76.990918,0.30,164.3,1,3,2.8
2024-03-25T11:16:49Z,26.448963,-76.990925,0.17,153.8,1,3,2.8
2024-03-25T11:16:54Z,26.448968,-76.990928,0.15,129.8,1,3,2.8
2024-03-25T11:16:59Z,26.448977,-76.990932,0.06,106.7,1,3,2.8
2024-03-25T11:17:04Z,26.448982,-76.990935,0.03,327.0,1,3,2.8
2024-03-25T11:17:09Z,26.448987,-76.990938,0.16,143.9,1,3,2.8
2024-03-25T11:17:19Z,26.448980,-76.990927,0.24,170.7,1,3,2.8
2024-03-25T11:17:24Z,26.448952,-76.990933,0.28,134.1,1,3,2.8
2024-03-25T11:17:29Z,26.449000,-76.990922,0.46,143.2,1,3,2.8
2024-03-25T11:17:34Z,26.448978,-76.990923,0.49,165.3,1,3,2.8
2024-03-25T11:17:39Z,26.448975,-76.990922,0.67,175.3,1,3,2.8
2024-03-25T11:17:49Z,26.449022,-76.990918,0.15,125.4,1,4,3.8
2024-03-25T11:17:54Z,26.448995,-76.990925,0.23,155.8,1,4,3.7
2024-03-25T11:17:59Z,26.448990,-76.990920,0.31,139.2,1,4,3.7
2024-03-25T11:18:04Z,26.448975,-76.990918,0.42,163.2,1,4,3.7
2024-03-25T11:18:09Z,26.448962,-76.990912,0.48,146.7,1,4,3.7
2024-03-25T11:18:19Z,26.448940,-76.990893,0.40,136.6,1,4,3.7
2024-03-25T11:18:24Z,26.448942,-76.990892,0.37,124.6,1,4,3.7
2024-03-25T11:18:29Z,26.448943,-76.990893,0.24,147.1,1,4,3.7
2024-03-25T11:18:34Z,26.448947,-76.990898,0.25,172.1,1,4,3.7
2024-03-25T11:18:39Z,26.448953,-76.990905,0.12,200.7,1,4,3.7
2024-03-25T11:18:49Z,26.448972,-76.990930,0.21,318.6,1,4,3.6
2024-03-25T11:18:54Z,26.448970,-76.990930,0.32,321.4,1,4,3.6
2024-03-25T11:18:59Z,26.448973,-76.990935,0.18,282.0,1,4,3.6
2024-03-25T11:19:04Z,26.448973,-76.990935,0.13,311.6,1,4,3.6
2024-03-25T11:19:14Z,26.449012,-76.990967,0.23,306.3,1,4,3.6
2024-03-25T11:19:19Z,26.449018,-76.990973,0.32,305.3,1,4,3.6
2024-03-25T11:19:24Z,26.449032,-76.990982,0.12,315.6,1,4,3.6
2024-03-25T11:19:29Z,26.449037,-76.990982,0.13,38.0,1,4,3.6
2024-03-25T11:19:34Z,26.449033,-76.990970,0.19,101.0,1,4,3.6
2024-03-25T11:19:44Z,26.449012,-76.990948,0.32,124.1,1,4,3.5
2024-03-25T11:19:49Z,26.449018,-76.990942,0.03,133.2,1,4,3.5
2024-03-25T11:19:54Z,26.449023,-76.990953,0.77,153.2,1,4,3.5
2024-03-25T11:19:59Z,26.449025,-76.990977,0.46,217.8,1,4,3.5
2024-03-25T11:20:04Z,26.449018,-76.990968,0.48,80.2,1,4,3.5
2024-03-25T11:20:09Z,26.449075,-76.990960,0.46,311.6,1,4,3.5
2024-03-25T11:20:14Z,26.449058,-76.990968,0.17,105.0,1,4,3.5
2024-03-25T11:20:19Z,26.448992,-76.990967,0.33,152.9,1,4,3.5
2024-03-25T11:20:24Z,26.449018,-76.990987,0.22,106.3,1,4,3.5
2024-03-25T11:20:29Z,26.449027,-76.991010,0.19,266.4,1,4,3.5
2024-03-25T11:20:34Z,26.449050,-76.991018,0.28,262.9,1,4,3.5
2024-03-25T11:20:44Z,26.449060,-76.991013,0.47,311.1,1,4,3.4
2024-03-25T11:20:49Z,26.449033,-76.990988,0.31,169.9,1,4,3.4
2024-03-25T11:20:54Z,26.449010,-76.990973,0.26,180.8,1,4,3.4
2024-03-25T11:20:59Z,26.448998,-76.990965,0.14,120.2,1,4,3.4
2024-03-25T11:21:09Z,26.449003,-76.990950,0.20,62.8,1,5,1.7
2024-03-25T11:21:14Z,26.449007,-76.990950,0.22,317.3,1,5,1.7
2024-03-25T11:21:19Z,26.449008,-76.990952,0.17,289.3,1,5,1.7
2024-03-25T11:21:24Z,26.449010,-76.990957,0.18,333.9,1,5,1.7
2024-03-25T11:21:29Z,26.449013,-76.990970,0.15,340.8,1,5,1.7
2024-03-25T11:21:34Z,26.449020,-76.990960,0.17,32.0,1,5,1.7
2024-03-25T11:21:39Z,26.449025,-76.990962,0.31,63.7,1,5,1.7
2024-03-25T11:21:44Z,26.449037,-76.990953,0.17,72.7,1,5,1.7
2024-03-25T11:21:49Z,26.449048,-76.990945,0.31,188.5,1,5,1.7
2024-03-25T11:21:54Z,26.449060,-76.990958,0.16,232.1,1,5,1.7
2024-03-25T11:21:59Z,26.449058,-76.990958,0.34,52.5,1,5,1.7
2024-03-25T11:22:04Z,26.449048,-76.990938,0.61,88.8,1,5,1.7
2024-03-25T11:22:09Z,26.449013,-76.990917,0.64,178.0,1,5,1.7
2024-03-25T11:22:14Z,26.449005,-76.990897,0.69,121.0,1,5,1.7
2024-03-25T11:22:19Z,26.448993,-76.990895,0.79,144.2,1,5,1.7
2024-03-25T11:22:24Z,26.449013,-76.990895,0.43,160.8,1,5,1.7
2024-03-25T11:22:34Z,26.449012,-76.990920,1.34,354.3,1,5,1.7
2024-03-25T11:22:39Z,26.449013,-76.990935,0.08,147.2,1,5,1.7
2024-03-25T11:22:44Z,26.449013,-76.990932,0.29,223.6,1,5,1.7
2024-03-25T11:22:49Z,26.448993,-76.990927,0.24,251.4,1,5,1.7
2024-03-25T11:22:59Z,26.449008,-76.990935,0.13,67.3,1,5,1.7
2024-03-25T11:23:04Z,26.449013,-76.990927,0.10,74.9,1,5,1.7
2024-03-25T11:23:09Z,26.449012,-76.990935,0.10,262.4,1,5,1.7
2024-03-25T11:23:14Z,26.449010,-76.990940,0.22,291.2,1,5,1.7
2024-03-25T11:23:19Z,26.449010,-76.990945,0.17,258.6,1,6,1.5
2024-03-25T11:23:29Z,26.449002,-76.990950,0.21,243.6,1,6,1.5
2024-03-25T11:23:34Z,26.449002,-76.990950,0.03,169.9,1,6,1.5
2024-03-25T11:23:39Z,26.449005,-76.990950,0.10,5.0,1,6,1.5
2024-03-25T11:23:44Z,26.449007,-76.990953,0.24,269.9,1,6,1.5
2024-03-25T11:23:49Z,26.449010,-76.990955,0.06,279.6,1,6,1.5
2024-03-25T11:23:54Z,26.449015,-76.990957,0.53,299.5,1,6,1.5
2024-03-25T11:24:04Z,26.449017,-76.990962,0.39,292.5,1,6,1.5
2024-03-25T11:24:09Z,26.449033,-76.990963,0.28,237.3,1,6,1.5
2024-03-25T11:24:14Z,26.449028,-76.990955,0.15,152.7,1,6,1.5
2024-03-25T11:24:19Z,26.449033,-76.990947,0.29,210.8,1,6,1.5
2024-03-25T11:24:24Z,26.449033,-76.990957,0.22,319.5,1,5,1.8
2024-03-25T11:24:34Z,26.449022,-76.990930,1.01,156.7,1,6,1.5
2024-03-25T11:24:39Z,26.449013,-76.990910,0.60,145.7,1,6,1.5
2024-03-25T11:24:44Z,26.449018,-76.990913,0.35,206.0,1,6,1.5
2024-03-25T11:24:49Z,26.448998,-76.990900,0.86,211.5,1,6,1.5
2024-03-25T11:24:54Z,26.448995,-76.990895,0.25,217.1,1,6,1.5
2024-03-25T11:25:04Z,26.448983,-76.990892,0.28,110.1,1,6,1.5
2024-03-25T11:25:09Z,26.448975,-76.990898,0.74,186.1,1,6,1.5
2024-03-25T11:25:14Z,26.448965,-76.990905,0.33,94.0,1,6,1.5
2024-03-25T11:25:19Z,26.448975,-76.990897,0.91,166.2,1,6,1.5
2024-03-25T11:25:24Z,26.448967,-76.990892,0.20,220.1,1,6,1.5
2024-03-25T11:25:34Z,26.448950,-76.990915,0.29,294.0,1,6,1.5
2024-03-25T11:25:39Z,26.448958,-76.990925,0.78,320.5,1,5,1.7
2024-03-25T11:25:44Z,26.448972,-76.990935,0.39,148.9,1,6,1.5
2024-03-25T11:25:49Z,26.448980,-76.990943,0.39,327.4,1,6,1.5
2024-03-25T11:25:59Z,26.448988,-76.990937,0.26,312.0,1,7,1.1
2024-03-25T11:26:04Z,26.448998,-76.990943,0.30,266.1,1,7,1.1
2024-03-25T11:26:09Z,26.448997,-76.990948,0.16,269.0,1,7,1.1
2024-03-25T11:26:14Z,26.448997,-76.990950,0.02,201.6,1,7,1.1
2024-03-25T11:26:19Z,26.448993,-76.990943,0.32,158.7,1,7,1.1
2024-03-25T11:26:29Z,26.448995,-76.990938,0.13,207.3,1,7,1.1
2024-03-25T11:26:34Z,26.448998,-76.990933,0.69,101.9,1,7,1.1
2024-03-25T11:26:39Z,26.449002,-76.990917,0.72,133.9,1,7,1.1
2024-03-25T11:26:44Z,26.449003,-76.990913,0.42,135.1,1,7,1.1
2024-03-25T11:26:49Z,26.448990,-76.990912,0.75,146.0,1,7,1.1
2024-03-25T11:26:59Z,26.449007,-76.990898,0.21,176.1,1,7,1.1
2024-03-25T11:27:04Z,26.448997,-76.990907,0.10,218.8,1,7,1.1
2024-03-25T11:27:09Z,26.448995,-76.990910,0.35,52.1,1,7,1.1
2024-03-25T11:27:14Z,26.448977,-76.990882,0.62,173.0,1,7,1.1
2024-03-25T11:27:19Z,26.448965,-76.990882,0.37,162.6,1,7,1.1
2024-03-25T11:27:29Z,26.448953,-76.990883,0.24,240.0,1,7,1.1
2024-03-25T11:27:34Z,26.448953,-76.990885,0.04,351.0,1,7,1.1
2024-03-25T11:27:39Z,26.448955,-76.990892,0.18,311.3,1,7,1.1
2024-03-25T11:27:44Z,26.448958,-76.990897,0.13,358.3,1,7,1.1
2024-03-25T11:27:49Z,26.448967,-76.990902,0.12,351.4,1,7,1.1
2024-03-25T11:27:59Z,26.448977,-76.990920,0.10,216.7,1,7,1.1
2024-03-25T11:28:04Z,26.448983,-76.990930,0.39,311.2,1,7,1.1
2024-03-25T11:28:09Z,26.448988,-76.990932,0.17,78.8,1,7,1.1
2024-03-25T11:28:14Z,26.448985,-76.990925,0.23,167.8,1,7,1.1
2024-03-25T11:28:19Z,26.448977,-76.990920,0.17,141.2,1,7,1.1
2024-03-25T11:28:24Z,26.448972,-76.990910,0.94,150.2,1,7,1.1
2024-03-25T11:28:29Z,26.448975,-76.990888,0.29,202.7,1,7,1.1
2024-03-25T11:28:34Z,26.448977,-76.990883,0.38,76.2,1,7,1.1
2024-03-25T11:28:39Z,26.448978,-76.990892,0.36,86.5,1,7,1.1
2024-03-25T11:28:44Z,26.448968,-76.990900,0.27,142.2,1,7,1.1
2024-03-25T11:28:49Z,26.448957,-76.990903,0.56,224.3,1,7,1.1
2024-03-25T11:28:59Z,26.448965,-76.990880,0.26,201.3,1,7,1.1
2024-03-25T11:29:04Z,26.448957,-76.990885,0.16,222.7,1,7,1.1
2024-03-25T11:29:09Z,26.448948,-76.990898,0.29,184.3,1,7,1.1
2024-03-25T11:29:14Z,26.448948,-76.990903,0.27,266.7,1,7,1.1
2024-03-25T11:29:19Z,26.448948,-76.990902,0.15,50.4,1,7,1.1
2024-03-25T11:29:24Z,26.448962,-76.990905,0.29,340.9,1,7,1.1
2024-03-25T11:29:34Z,26.448973,-76.990917,0.08,288.0,1,7,1.1
2024-03-25T11:29:39Z,26.448965,-76.990915,0.17,295.0,1,7,1.1
2024-03-25T11:29:44Z,26.448962,-76.990915,0.10,281.6,1,7,1.1
2024-03-25T11:29:49Z,26.448965,-76.990925,0.55,246.8,1,7,1.1
2024-03-25T11:29:54Z,26.448958,-76.990920,0.09,346.8,1,7,1.1
2024-03-25T11:29:59Z,26.448963,-76.990917,0.17,141.8,1,7,1.1
2024-03-25T11:30:04Z,26.448967,-76.990917,0.40,45.7,1,7,1.1
2024-03-25T11:30:09Z,26.448967,-76.990908,0.24,104.1,1,7,1.1
2024-03-25T11:30:14Z,26.448975,-76.990895,0.36,222.9,1,7,1.1
2024-03-25T11:30:19Z,26.448967,-76.990873,0.15,134.1,1,6,1.4
2024-03-25T11:30:24Z,26.448957,-76.990857,0.08,102.2,1,7,1.1
2024-03-25T11:30:29Z,26.448960,-76.990870,0.36,114.6,1,7,1.1
2024-03-25T11:30:34Z,26.448960,-76.990872,0.21,198.9,1,7,1.1
2024-03-25T11:30:39Z,26.448965,-76.990878,0.07,115.6,1,7,1.1
2024-03-25T11:30:44Z,26.448967,-76.990868,0.43,112.0,1,7,1.1
2024-03-25T11:30:49Z,26.448972,-76.990872,0.32,176.0,1,7,1.1
2024-03-25T11:30:54Z,26.448965,-76.990875,0.10,298.0,1,7,1.1
2024-03-25T11:30:59Z,26.448962,-76.990885,0.04,311.4,1,7,1.1
2024-03-25T11:31:09Z,26.448943,-76.990877,0.42,236.9,1,7,1.1
2024-03-25T11:31:14Z,26.448928,-76.990890,0.44,227.9,1,7,1.1
2024-03-25T11:31:19Z,26.448927,-76.990887,0.21,262.2,1,7,1.1
2024-03-25T11:31:24Z,26.448925,-76.990885,0.07,286.0,1,7,1.1
2024-03-25T11:31:29Z,26.448923,-76.990880,0.26,18.0,1,7,1.1
2024-03-25T11:31:34Z,26.448930,-76.990875,0.47,283.3,1,8,1.0
2024-03-25T11:31:44Z,26.448928,-76.990877,0.33,281.0,1,8,1.0
2024-03-25T11:31:49Z,26.448937,-76.990887,0.25,305.4,1,8,1.0
2024-03-25T11:31:54Z,26.448947,-76.990895,0.34,352.7,1,8,1.0
2024-03-25T11:31:59Z,26.448955,-76.990898,0.52,326.6,1,8,1.0
2024-03-25T11:32:04Z,26.448953,-76.990902,0.11,212.3,1,8,1.0
2024-03-25T11:32:09Z,26.448955,-76.990905,0.12,292.8,1,8,1.0
2024-03-25T11:32:19Z,26.448963,-76.990910,0.12,154.7,2,8,1.0
2024-03-25T11:32:24Z,26.448963,-76.990915,0.48,227.2,2,8,1.0
2024-03-25T11:32:29Z,26.448965,-76.990922,0.52,88.7,2,8,1.0
2024-03-25T11:32:34Z,26.448967,-76.990908,0.31,119.1,2,8,1.0
2024-03-25T11:32:39Z,26.448968,-76.990912,0.23,185.5,2,8,1.0
2024-03-25T11:32:49Z,26.448968,-76.990917,0.21,259.5,1,8,1.0
2024-03-25T11:32:54Z,26.448968,-76.990920,0.17,322.7,1,8,1.0
2024-03-25T11:32:59Z,26.448977,-76.990920,0.32,321.1,1,8,1.0
2024-03-25T11:33:04Z,26.448978,-76.990920,0.40,331.4,1,8,1.0
2024-03-25T11:33:09Z,26.448985,-76.990927,0.26,344.0,1,8,1.0
2024-03-25T11:33:14Z,26.448990,-76.990930,0.31,350.1,1,8,1.0
2024-03-25T11:33:19Z,26.448995,-76.990933,0.19,355.2,1,8,1.0
2024-03-25T11:33:24Z,26.449003,-76.990937,0.32,314.0,1,8,1.0
2024-03-25T11:33:29Z,26.449008,-76.990940,0.14,268.8,1,8,1.0
2024-03-25T11:33:34Z,26.449008,-76.990942,0.35,274.8,1,8,1.0
2024-03-25T11:33:44Z,26.448995,-76.990932,0.55,141.4,1,8,1.0
2024-03-25T11:33:49Z,26.448995,-76.990918,0.80,114.3,1,8,1.0
2024-03-25T11:33:54Z,26.448990,-76.990910,0.52,123.7,1,8,1.0
2024-03-25T11:33:59Z,26.448988,-76.990897,0.73,100.5,1,8,1.0
2024-03-25T11:34:09Z,26.448975,-76.990883,0.73,162.7,1,8,1.0
2024-03-25T11:34:14Z,26.448975,-76.990880,0.28,132.0,1,8,1.0
2024-03-25T11:34:19Z,26.448975,-76.990877,0.34,169.5,1,8,1.0
2024-03-25T11:34:24Z,26.448970,-76.990878,0.41,176.3,1,8,1.0
2024-03-25T11:34:34Z,26.448962,-76.990888,0.13,230.8,1,8,1.0
2024-03-25T11:34:39Z,26.448957,-76.990893,0.46,241.9,1,8,1.0
2024-03-25T11:34:44Z,26.448952,-76.990897,0.42,226.1,1,7,1.4
2024-03-25T11:34:49Z,26.448952,-76.990902,0.40,256.9,1,7,1.4
2024-03-25T11:34:59Z,26.448967,-76.990905,0.22,345.4,1,7,1.4
2024-03-25T11:35:04Z,26.448968,-76.990908,0.21,308.9,1,7,1.4
2024-03-25T11:35:09Z,26.448972,-76.990915,0.09,272.6,1,7,1.3
2024-03-25T11:35:14Z,26.448968,-76.990917,0.52,205.4,1,7,1.3
2024-03-25T11:35:24Z,26.448968,-76.990922,0.16,181.5,1,7,1.3
2024-03-25T11:35:29Z,26.448967,-76.990917,0.26,105.3,1,7,1.3
2024-03-25T11:35:34Z,26.448965,-76.990908,0.34,125.5,1,7,1.3
2024-03-25T11:35:39Z,26.448957,-76.990907,0.49,148.8,1,7,1.3
2024-03-25T11:35:49Z,26.448970,-76.990910,0.31,79.3,1,7,1.3
2024-03-25T11:35:54Z,26.448982,-76.990908,0.22,110.1,1,7,1.3
2024-03-25T11:35:59Z,26.448982,-76.990905,0.33,93.7,1,7,1.3
2024-03-25T11:36:04Z,26.448970,-76.990898,0.47,192.9,1,7,1.3
2024-03-25T11:36:14Z,26.448983,-76.990888,0.10,194.3,1,7,1.3
2024-03-25T11:36:19Z,26.448975,-76.990890,0.31,267.8,1,7,1.3
2024-03-25T11:36:24Z,26.448975,-76.990900,0.32,235.0,1,7,1.3
2024-03-25T11:36:29Z,26.448973,-76.990908,0.25,137.6,1,7,1.3
2024-03-25T11:36:39Z,26.449003,-76.990907,0.41,351.6,1,7,1.3
2024-03-25T11:36:44Z,26.449007,-76.990912,0.26,294.6,1,7,1.3
2024-03-25T11:36:49Z,26.449012,-76.990917,0.23,270.7,1,7,1.3
2024-03-25T11:36:54Z,26.449008,-76.990923,0.07,281.1,1,7,1.3
2024-03-25T11:36:59Z,26.448992,-76.990932,0.35,343.9,1,7,1.3
2024-03-25T11:37:09Z,26.448987,-76.990928,0.28,151.6,1,7,1.3
2024-03-25T11:37:14Z,26.448985,-76.990917,0.40,130.6,1,7,1.3
2024-03-25T11:37:19Z,26.448980,-76.990908,0.39,122.2,1,7,1.3
2024-03-25T11:37:24Z,26.448985,-76.990895,0.80,59.1,1,7,1.3
2024-03-25T11:37:29Z,26.448980,-76.990890,0.24,113.9,1,7,1.3
2024-03-25T11:37:39Z,26.448968,-76.990887,0.29,218.7,1,7,1.3
2024-03-25T11:37:44Z,26.448965,-76.990900,0.36,254.3,1,7,1.3
2024-03-25T11:37:49Z,26.448973,-76.990912,0.38,258.1,1,8,1.0
2024-03-25T11:37:54Z,26.448985,-76.990922,0.34,358.6,1,8,1.0
2024-03-25T11:37:59Z,26.448998,-76.990925,0.17,29.5,1,8,1.0
2024-03-25T11:38:04Z,26.449000,-76.990922,0.15,289.0,1,8,1.0
2024-03-25T11:38:09Z,26.448997,-76.990927,0.41,232.3,1,8,1.0
2024-03-25T11:38:14Z,26.449003,-76.990937,0.22,284.1,1,8,1.0
2024-03-25T11:38:19Z,26.449013,-76.990933,0.19,118.0,1,8,1.0
2024-03-25T11:38:24Z,26.449010,-76.990927,0.03,182.0,1,8,1.0
2024-03-25T11:38:29Z,26.449017,-76.990928,0.21,351.1,1,8,1.0
2024-03-25T11:38:34Z,26.449035,-76.990933,0.17,8.1,1,8,1.0
2024-03-25T11:38:39Z,26.449030,-76.990935,0.12,245.9,1,8,1.0
2024-03-25T11:38:44Z,26.449023,-76.990937,0.32,172.9,1,8,1.0
2024-03-25T11:38:49Z,26.449013,-76.990932,0.42,160.6,1,8,1.0
2024-03-25T11:38:54Z,26.449008,-76.990923,0.66,146.6,1,8,1.0
2024-03-25T11:39:04Z,26.449008,-76.990908,0.48,137.8,1,8,1.0
2024-03-25T11:39:09Z,26.449000,-76.990902,0.54,138.7,1,8,1.0
2024-03-25T11:39:14Z,26.448990,-76.990893,0.52,136.5,1,8,1.0
2024-03-25T11:39:19Z,26.448978,-76.990888,0.46,158.0,1,8,1.0
2024-03-25T11:39:29Z,26.448957,-76.990883,0.36,129.7,1,8,1.0
2024-03-25T11:39:34Z,26.448948,-76.990878,0.09,59.5,1,8,1.0
2024-03-25T11:39:39Z,26.448945,-76.990880,0.42,195.5,1,8,1.0
2024-03-25T11:39:44Z,26.448945,-76.990883,0.36,186.0,1,8,1.0
2024-03-25T11:39:49Z,26.448933,-76.990887,0.27,188.5,1,8,1.0
2024-03-25T11:39:54Z,26.448927,-76.990892,0.39,196.1,1,8,1.0
2024-03-25T11:39:59Z,26.448937,-76.990893,0.22,4.4,1,8,1.0
2024-03-25T11:40:04Z,26.448933,-76.990898,0.42,201.2,1,8,1.0
2024-03-25T11:40:09Z,26.448937,-76.990905,0.29,296.4,1,8,1.0
2024-03-25T11:40:14Z,26.448935,-76.990912,0.26,13.2,1,8,1.0
2024-03-25T11:40:19Z,26.448943,-76.990913,0.33,336.1,1,8,1.0
2024-03-25T11:40:24Z,26.448953,-76.990915,0.21,309.2,1,8,1.0
2024-03-25T11:40:29Z,26.448957,-76.990917,0.14,324.8,1,8,1.0
2024-03-25T11:40:34Z,26.448960,-76.990922,0.28,303.9,1,8,1.0
2024-03-25T11:40:39Z,26.448968,-76.990923,0.19,33.5,1,8,1.0
2024-03-25T11:40:49Z,26.448975,-76.990920,0.54,343.7,1,8,1.0
2024-03-25T11:40:54Z,26.448982,-76.990927,0.08,58.2,1,8,1.0
2024-03-25T11:40:59Z,26.448985,-76.990923,0.12,164.4,1,8,1.0
2024-03-25T11:41:04Z,26.448983,-76.990915,0.30,77.3,1,7,1.1
2024-03-25T11:41:14Z,26.448980,-76.990902,0.27,151.3,1,8,1.0
2024-03-25T11:41:19Z,26.448973,-76.990900,0.25,177.0,1,8,1.0
2024-03-25T11:41:24Z,26.448970,-76.990900,0.17,199.6,1,8,1.0
2024-03-25T11:41:29Z,26.448967,-76.990895,0.08,178.4,1,7,1.3
2024-03-25T11:41:39Z,26.448953,-76.990897,0.41,175.5,1,8,1.0
2024-03-25T11:41:44Z,26.448948,-76.990893,0.26,163.5,1,8,1.0
2024-03-25T11:41:49Z,26.448950,-76.990890,0.23,135.0,1,8,1.0
2024-03-25T11:41:54Z,26.448948,-76.990892,0.27,283.9,1,8,1.0
2024-03-25T11:41:59Z,26.448948,-76.990893,0.27,194.0,1,8,1.0
2024-03-25T11:42:04Z,26.448948,-76.990897,0.07,316.8,1,8,1.0
2024-03-25T11:42:09Z,26.448948,-76.990897,0.37,195.1,1,8,1.0
2024-03-25T11:42:14Z,26.448942,-76.990893,0.01,264.8,1,8,1.0
2024-03-25T11:42:19Z,26.448938,-76.990892,0.11,284.3,1,8,1.0
2024-03-25T11:42:24Z,26.448942,-76.990897,0.23,300.3,1,8,1.0
2024-03-25T11:42:34Z,26.448938,-76.990892,0.30,133.5,1,8,1.0
2024-03-25T11:42:39Z,26.448942,-76.990890,0.27,174.6,1,8,1.0
2024-03-25T11:42:44Z,26.448947,-76.990890,0.05,323.7,1,8,1.0
2024-03-25T11:42:49Z,26.448950,-76.990892,0.11,43.3,1,8,1.0
2024-03-25T11:42:54Z,26.448952,-76.990892,0.08,90.2,1,8,1.0
2024-03-25T11:43:04Z,26.448943,-76.990888,0.17,187.0,1,8,1.0
2024-03-25T11:43:09Z,26.448945,-76.990887,0.10,185.7,1,8,1.0
2024-03-25T11:43:14Z,26.448935,-76.990882,0.47,150.6,1,8,1.0
2024-03-25T11:43:19Z,26.448935,-76.990873,0.38,63.7,1,8,1.0
2024-03-25T11:43:29Z,26.448928,-76.990862,0.31,174.2,1,8,1.0
2024-03-25T11:43:34Z,26.448923,-76.990862,0.02,191.8,1,8,1.0
2024-03-25T11:43:39Z,26.448920,-76.990862,0.02,140.9,1,8,1.0
2024-03-25T11:43:44Z,26.448920,-76.990862,0.11,30.2,1,8,1.0
2024-03-25T11:43:49Z,26.448918,-76.990867,0.78,200.5,1,8,1.0
2024-03-25T11:43:59Z,26.448930,-76.990865,0.31,46.7,1,8,1.0
2024-03-25T11:44:04Z,26.448930,-76.990873,0.15,358.6,1,8,1.0
2024-03-25T11:44:09Z,26.448930,-76.990877,0.46,179.0,1,8,1.0
2024-03-25T11:44:14Z,26.448937,-76.990872,0.09,331.7,1,8,1.0
2024-03-25T11:44:19Z,26.448938,-76.990873,0.10,349.0,1,8,1.0
2024-03-25T11:44:29Z,26.448935,-76.990873,0.08,349.3,1,8,1.0
2024-03-25T11:44:34Z,26.448937,-76.990873,0.13,211.5,1,8,1.0
2024-03-25T11:44:39Z,26.448938,-76.990875,0.22,348.9,2,8,1.0
2024-03-25T11:44:44Z,26.448940,-76.990877,0.12,349.8,2,8,1.0
2024-03-25T11:44:49Z,26.448943,-76.990875,0.19,356.2,2,8,1.0
2024-03-25T11:44:59Z,26.448948,-76.990882,0.50,232.6,2,8,1.0
2024-03-25T11:45:04Z,26.448938,-76.990890,0.23,207.1,2,8,1.0
2024-03-25T11:45:09Z,26.448938,-76.990892,0.25,171.6,2,8,1.0
2024-03-25T11:45:14Z,26.448938,-76.990888,0.21,150.9,2,8,1.0
2024-03-25T11:45:19Z,26.448942,-76.990887,0.06,3.5,2,8,1.0
2024-03-25T11:45:29Z,26.448937,-76.990892,0.11,236.2,2,8,1.0
2024-03-25T11:45:34Z,26.448947,-76.990893,0.12,228.5,2,8,1.0
2024-03-25T11:45:39Z,26.448955,-76.990892,0.11,317.1,2,8,1.0
2024-03-25T11:45:44Z,26.448957,-76.990888,0.07,20.4,2,8,1.0
2024-03-25T11:45:49Z,26.448955,-76.990887,0.17,122.3,2,8,1.0
2024-03-25T11:45:59Z,26.448953,-76.990882,0.22,93.1,2,8,1.0
2024-03-25T11:46:04Z,26.448952,-76.990877,0.25,99.6,2,8,1.0
2024-03-25T11:46:09Z,26.448948,-76.990873,0.25,111.6,2,8,1.0
2024-03-25T11:46:14Z,26.448945,-76.990868,0.18,101.9,2,8,1.0
2024-03-25T11:46:19Z,26.448938,-76.990868,0.13,144.9,2,8,1.0
2024-03-25T11:46:29Z,26.448932,-76.990868,0.14,180.2,2,8,1.0
2024-03-25T11:46:34Z,26.448928,-76.990873,0.13,231.6,2,8,1.0
2024-03-25T11:46:39Z,26.448930,-76.990872,0.28,251.4,2,8,1.0
2024-03-25T11:46:44Z,26.448930,-76.990873,0.10,217.6,2,8,1.0
2024-03-25T11:46:49Z,26.448923,-76.990872,0.09,19.5,2,8,1.0
2024-03-25T11:46:59Z,26.448923,-76.990877,0.10,326.6,2,8,1.0
2024-03-25T11:47:04Z,26.448920,-76.990885,0.45,230.6,2,8,1.0
2024-03-25T11:47:09Z,26.448923,-76.990890,0.24,274.6,2,8,1.0
2024-03-25T11:47:14Z,26.448927,-76.990897,0.13,305.2,1,8,1.0
2024-03-25T11:47:19Z,26.448940,-76.990893,0.50,17.9,1,8,1.0
2024-03-25T11:47:24Z,26.448950,-76.990893,0.19,333.2,1,8,1.0
2024-03-25T11:47:29Z,26.448953,-76.990897,0.23,302.2,1,8,1.0
2024-03-25T11:47:34Z,26.448953,-76.990900,0.28,297.6,2,8,1.0
2024-03-25T11:47:39Z,26.448955,-76.990903,0.19,327.9,2,8,1.0
2024-03-25T11:47:44Z,26.448962,-76.990902,0.15,327.0,2,8,1.0
2024-03-25T11:47:54Z,26.448967,-76.990905,0.16,239.3,2,8,1.0
2024-03-25T11:47:59Z,26.448963,-76.990907,0.05,181.8,2,8,1.0
2024-03-25T11:48:04Z,26.448962,-76.990908,0.14,335.4,1,8,1.0
2024-03-25T11:48:09Z,26.448987,-76.990917,0.34,17.6,1,8,1.0
2024-03-25T11:48:19Z,26.449002,-76.990922,0.20,340.5,1,8,1.0
2024-03-25T11:48:24Z,26.448997,-76.990927,0.16,166.9,1,8,1.0
2024-03-25T11:48:29Z,26.449000,-76.990930,0.14,185.6,1,8,1.0
2024-03-25T11:48:34Z,26.449002,-76.990930,0.16,209.2,1,8,1.0
2024-03-25T11:48:39Z,26.449000,-76.990932,0.15,192.2,1,8,1.0
2024-03-25T11:48:44Z,26.448998,-76.990932,0.14,125.1,1,8,1.0
2024-03-25T11:48:49Z,26.449000,-76.990928,0.68,25.0,1,8,1.0
2024-03-25T11:48:54Z,26.448995,-76.990930,0.17,126.7,1,8,1.0
2024-03-25T11:49:04Z,26.448992,-76.990930,0.51,27.0,1,8,1.0
2024-03-25T11:49:09Z,26.448995,-76.990927,0.23,181.6,1,8,1.0
2024-03-25T11:49:14Z,26.448988,-76.990930,0.31,199.0,1,8,1.0
2024-03-25T11:49:19Z,26.448988,-76.990932,0.07,41.8,1,8,1.0
2024-03-25T11:49:24Z,26.448992,-76.990932,0.08,65.9,1,8,1.0
2024-03-25T11:49:29Z,26.448998,-76.990928,0.76,21.8,1,8,1.0
2024-03-25T11:49:34Z,26.448998,-76.990928,0.26,210.5,1,8,1.0
2024-03-25T11:49:39Z,26.449005,-76.990927,0.08,336.9,1,8,1.0
2024-03-25T11:49:44Z,26.449003,-76.990928,0.09,14.0,1,8,1.0
2024-03-25T11:49:49Z,26.449007,-76.990930,0.46,43.2,1,8,1.0
2024-03-25T11:49:54Z,26.449012,-76.990930,0.52,4.3,1,8,1.0
2024-03-25T11:49:59Z,26.449012,-76.990932,0.15,0.0,1,8,1.0
2024-03-25T11:50:04Z,26.449010,-76.990932,0.42,167.2,1,8,1.0
2024-03-25T11:50:14Z,26.449017,-76.990928,0.10,114.8,1,8,1.0
2024-03-25T11:50:19Z,26.449017,-76.990930,0.32,234.8,1,8,1.0
2024-03-25T11:50:24Z,26.449017,-76.990927,0.33,176.1,1,8,1.0
2024-03-25T11:50:29Z,26.449018,-76.990927,0.15,53.9,1,7,1.3
2024-03-25T11:50:34Z,26.449012,-76.990930,0.21,188.1,1,8,1.0
2024-03-25T11:50:39Z,26.449013,-76.990930,0.09,0.4,1,8,1.0
2024-03-25T11:50:44Z,26.449017,-76.990932,0.07,263.9,1,8,1.0
2024-03-25T11:50:49Z,26.449010,-76.990938,0.05,331.5,1,8,1.0
2024-03-25T11:50:59Z,26.449008,-76.990933,0.39,182.6,1,8,1.0
2024-03-25T11:51:04Z,26.449007,-76.990933,0.16,199.1,1,8,1.0
2024-03-25T11:51:09Z,26.449005,-76.990935,0.10,191.9,1,8,1.0
2024-03-25T11:51:14Z,26.449007,-76.990937,0.24,113.2,1,8,1.0
2024-03-25T11:51:19Z,26.449007,-76.990933,0.18,73.2,1,8,1.0
2024-03-25T11:51:24Z,26.449008,-76.990932,0.29,81.4,1,8,1.0
2024-03-25T11:51:29Z,26.449003,-76.990928,0.24,146.4,1,8,1.0
2024-03-25T11:51:34Z,26.449000,-76.990923,0.32,147.9,1,8,1.0
2024-03-25T11:51:39Z,26.448997,-76.990920,0.26,163.2,1,8,1.0
2024-03-25T11:51:44Z,26.448990,-76.990922,0.40,181.0,1,8,1.0
2024-03-25T11:51:49Z,26.448987,-76.990920,0.14,132.2,1,8,1.0
2024-03-25T11:51:54Z,26.448988,-76.990918,0.55,187.5,1,8,1.0
2024-03-25T11:51:59Z,26.448992,-76.990918,0.45,212.3,1,8,1.0
2024-03-25T11:52:09Z,26.448985,-76.990920,0.21,201.0,1,8,1.0
2024-03-25T11:52:14Z,26.448983,-76.990918,0.09,340.9,1,8,1.0
2024-03-25T11:52:19Z,26.448985,-76.990913,0.08,71.6,1,8,1.0
2024-03-25T11:52:24Z,26.448985,-76.990912,0.09,80.7,1,8,1.0
2024-03-25T11:52:34Z,26.448985,-76.990915,0.20,298.6,1,8,1.0
2024-03-25T11:52:39Z,26.448982,-76.990923,0.22,227.1,1,8,1.0
2024-03-25T11:52:44Z,26.448977,-76.990928,0.27,205.5,1,8,1.0
2024-03-25T11:52:49Z,26.448977,-76.990930,0.08,128.6,1,8,1.0
2024-03-25T11:52:59Z,26.448985,-76.990933,0.55,351.1,1,8,1.0
2024-03-25T11:53:04Z,26.448993,-76.990932,0.22,350.6,1,8,1.0
2024-03-25T11:53:09Z,26.448997,-76.990930,0.07,43.5,1,8,1.0
2024-03-25T11:53:14Z,26.448992,-76.990930,0.75,187.3,1,8,1.0
2024-03-25T11:53:24Z,26.449002,-76.990922,0.27,130.4,1,8,1.0
2024-03-25T11:53:29Z,26.448998,-76.990917,0.38,75.4,1,8,1.0
2024-03-25T11:53:34Z,26.448997,-76.990912,0.32,125.9,1,8,1.0
2024-03-25T11:53:39Z,26.448993,-76.990903,0.35,127.4,1,8,1.0
2024-03-25T11:53:44Z,26.448985,-76.990903,0.34,148.6,1,8,1.0
2024-03-25T11:53:49Z,26.448977,-76.990898,0.39,174.3,1,8,1.0
2024-03-25T11:53:54Z,26.448972,-76.990897,0.29,181.5,1,8,1.0
2024-03-25T11:53:59Z,26.448970,-76.990895,0.35,25.2,1,8,1.0
2024-03-25T11:54:04Z,26.448962,-76.990900,0.13,238.0,1,8,1.0
2024-03-25T11:54:09Z,26.448962,-76.990902,0.42,355.0,1,8,1.0
2024-03-25T11:54:14Z,26.448962,-76.990908,0.21,220.8,1,8,1.0
2024-03-25T11:54:19Z,26.448958,-76.990915,0.20,208.4,2,7,1.1
2024-03-25T11:54:24Z,26.448967,-76.990920,0.23,0.5,2,8,1.0
2024-03-25T11:54:29Z,26.448973,-76.990923,0.29,21.3,2,8,1.0
2024-03-25T11:54:34Z,26.448980,-76.990933,0.32,319.7,2,8,1.0
2024-03-25T11:54:44Z,26.448987,-76.990948,0.19,352.8,2,8,1.0
2024-03-25T11:54:49Z,26.449002,-76.990947,0.13,331.4,2,8,1.0
2024-03-25T11:54:54Z,26.449005,-76.990952,0.26,239.4,2,8,1.0
2024-03-25T11:54:59Z,26.449003,-76.990952,0.12,204.1,2,8,1.0
2024-03-25T11:55:09Z,26.449005,-76.990945,0.38,11.8,2,8,1.0
2024-03-25T11:55:14Z,26.449008,-76.990940,0.11,113.2,2,8,1.0
2024-03-25T11:55:19Z,26.449007,-76.990942,0.21,87.0,2,8,1.0
2024-03-25T11:55:24Z,26.449012,-76.990938,0.19,75.3,2,8,1.0
2024-03-25T11:55:34Z,26.449012,-76.990928,0.44,172.8,1,8,1.0
2024-03-25T11:55:39Z,26.449008,-76.990927,0.18,195.8,1,8,1.0
2024-03-25T11:55:44Z,26.449003,-76.990922,0.27,133.8,1,8,1.0
2024-03-25T11:55:49Z,26.449002,-76.990913,0.40,160.1,1,8,1.0
2024-03-25T11:55:59Z,26.448990,-76.990902,0.43,172.9,1,8,1.0
2024-03-25T11:56:04Z,26.448980,-76.990902,0.43,183.2,1,8,1.0
2024-03-25T11:56:09Z,26.448978,-76.990897,0.30,183.6,1,8,1.0
2024-03-25T11:56:14Z,26.448973,-76.990895,0.30,168.6,1,8,1.0
2024-03-25T11:56:19Z,26.448963,-76.990893,0.20,136.1,1,8,1.0
2024-03-25T11:56:24Z,26.448957,-76.990893,0.21,188.1,1,8,1.0
2024-03-25T11:56:29Z,26.448947,-76.990895,0.50,196.0,1,8,1.0
2024-03-25T11:56:34Z,26.448943,-76.990893,0.20,160.3,1,8,1.0
2024-03-25T11:56:39Z,26.448938,-76.990890,0.17,163.5,1,8,1.0
2024-03-25T11:56:44Z,26.448937,-76.990887,0.11,124.9,1,8,1.0
2024-03-25T11:56:49Z,26.448937,-76.990885,0.18,135.1,1,8,1.0
2024-03-25T11:56:54Z,26.448937,-76.990882,0.21,159.2,1,8,1.0
2024-03-25T11:56:59Z,26.448935,-76.990882,0.08,158.9,1,8,1.0
2024-03-25T11:57:04Z,26.448935,-76.990882,0.08,235.1,1,8,1.0
2024-03-25T11:57:14Z,26.448935,-76.990892,0.36,279.9,1,8,1.0
2024-03-25T11:57:19Z,26.448940,-76.990895,0.15,353.8,1,8,1.0
2024-03-25T11:57:24Z,26.448945,-76.990893,0.22,339.9,1,8,1.0
2024-03-25T11:57:29Z,26.448950,-76.990893,0.23,299.2,1,8,1.0
2024-03-25T11:57:39Z,26.448958,-76.990903,0.05,25.3,1,8,1.0
2024-03-25T11:57:44Z,26.448962,-76.990900,0.18,17.6,1,8,1.0
2024-03-25T11:57:49Z,26.448963,-76.990902,0.10,326.1,1,8,1.0
2024-03-25T11:57:54Z,26.448963,-76.990908,0.12,288.3,1,8,1.0
2024-03-25T11:57:59Z,26.448965,-76.990915,0.06,305.3,1,8,1.0
2024-03-25T11:58:04Z,26.448967,-76.990915,0.15,60.6,1,8,1.0
2024-03-25T11:58:09Z,26.448975,-76.990913,0.55,45.7,2,8,1.0
2024-03-25T11:58:14Z,26.448978,-76.990908,0.39,150.2,2,8,1.0
2024-03-25T11:58:19Z,26.448973,-76.990910,0.40,63.4,2,8,1.0
2024-03-25T11:58:24Z,26.448975,-76.990908,0.22,135.1,2,8,1.0
2024-03-25T11:58:29Z,26.448975,-76.990905,0.30,133.9,2,8,1.0
2024-03-25T11:58:34Z,26.448973,-76.990902,0.31,160.2,1,8,1.0
2024-03-25T11:58:39Z,26.448967,-76.990900,0.33,169.9,1,8,1.0
2024-03-25T11:58:44Z,26.448960,-76.990900,0.31,178.8,1,8,1.0
2024-03-25T11:58:49Z,26.448962,-76.990895,0.28,67.7,1,8,1.0
2024-03-25T11:58:54Z,26.448953,-76.990897,0.62,185.2,1,8,1.0
2024-03-25T11:58:59Z,26.448953,-76.990893,0.36,159.1,1,8,1.0
2024-03-25T11:59:04Z,26.448945,-76.990895,0.20,194.4,1,8,1.0
2024-03-25T11:59:09Z,26.448933,-76.990900,0.15,199.4,2,8,1.0
2024-03-25T11:59:14Z,26.448930,-76.990898,0.32,137.5,2,8,1.0
2024-03-25T11:59:24Z,26.448933,-76.990893,0.25,99.6,2,8,1.0
2024-03-25T11:59:29Z,26.448938,-76.990887,0.12,90.4,2,8,1.0
2024-03-25T11:59:34Z,26.448937,-76.990888,0.31,185.6,1,8,1.0
2024-03-25T11:59:39Z,26.448935,-76.990890,0.15,251.0,1,8,1.0
2024-03-25T11:59:44Z,26.448935,-76.990893,0.06,316.4,1,8,1.0
2024-03-25T11:59:49Z,26.448937,-76.990893,0.27,27.9,1,8,1.0
2024-03-25T11:59:54Z,26.448937,-76.990890,0.13,88.6,1,8,1.0
2024-03-25T11:59:59Z,26.448937,-76.990890,0.17,329.8,1,8,1.0
2024-03-25T12:00:04Z,26.448935,-76.990888,0.29,152.6,1,8,1.0
2024-03-25T12:00:09Z,26.448932,-76.990883,0.38,140.3,1,8,1.0
2024-03-25T12:00:14Z,26.448927,-76.990877,0.51,154.1,1,8,1.0
2024-03-25T12:00:19Z,26.448920,-76.990872,0.31,115.2,1,8,1.0
2024-03-25T12:00:24Z,26.448918,-76.990863,0.44,149.6,1,8,1.0
2024-03-25T12:00:34Z,26.448912,-76.990845,0.43,113.0,1,8,1.0
2024-03-25T12:00:39Z,26.448908,-76.990840,0.32,137.2,1,8,1.0
2024-03-25T12:00:44Z,26.448902,-76.990835,0.54,258.8,1,8,1.0
2024-03-25T12:00:49Z,26.448902,-76.990840,0.24,258.5,1,8,1.0
2024-03-25T12:00:54Z,26.448897,-76.990840,0.24,251.4,1,8,1.0
2024-03-25T12:00:59Z,26.448890,-76.990848,0.29,257.8,1,8,1.0
2024-03-25T12:01:04Z,26.448890,-76.990855,0.47,331.3,1,8,1.0
2024-03-25T12:01:09Z,26.448897,-76.990857,0.51,351.2,1,8,1.0
2024-03-25T12:01:14Z,26.448905,-76.990867,0.50,273.8,1,8,1.0
2024-03-25T12:01:19Z,26.448905,-76.990877,0.46,295.9,1,8,1.0
2024-03-25T12:01:24Z,26.448920,-76.990878,0.49,345.2,1,8,1.0
2024-03-25T12:01:29Z,26.448937,-76.990883,0.33,301.5,1,8,1.0
2024-03-25T12:01:34Z,26.448947,-76.990888,0.28,285.2,1,8,1.0
2024-03-25T12:01:44Z,26.448945,-76.990900,0.13,165.8,1,8,1.0
2024-03-25T12:01:49Z,26.448952,-76.990903,0.27,304.5,1,8,1.0
2024-03-25T12:01:54Z,26.448955,-76.990910,0.18,303.2,1,8,1.0
2024-03-25T12:01:59Z,26.448960,-76.990913,0.18,12.0,1,8,1.0
2024-03-25T12:02:04Z,26.448965,-76.990915,0.17,28.8,1,8,1.0
2024-03-25T12:02:09Z,26.448975,-76.990910,0.14,63.9,1,7,1.5
2024-03-25T12:02:14Z,26.448982,-76.990907,0.13,359.8,1,8,1.0
2024-03-25T12:02:19Z,26.448987,-76.990912,0.17,319.9,1,8,1.0
2024-03-25T12:02:24Z,26.448993,-76.990923,0.33,300.8,1,8,1.0
2024-03-25T12:02:29Z,26.448998,-76.990928,0.13,1.9,1,8,1.0
2024-03-25T12:02:34Z,26.449007,-76.990927,0.32,0.9,1,8,1.0
2024-03-25T12:02:39Z,26.449012,-76.990932,0.31,307.6,1,7,1.5
2024-03-25T12:02:44Z,26.449013,-76.990930,0.18,11.7,1,7,1.5
2024-03-25T12:02:54Z,26.449023,-76.990928,0.22,340.7,1,7,1.5
2024-03-25T12:02:59Z,26.449027,-76.990927,0.27,4.3,1,8,1.0
2024-03-25T12:03:04Z,26.449032,-76.990927,0.06,25.1,1,8,1.0
2024-03-25T12:03:09Z,26.449032,-76.990932,0.09,269.3,1,8,1.0
2024-03-25T12:03:14Z,26.449030,-76.990937,0.21,46.0,1,7,1.5
2024-03-25T12:03:19Z,26.449033,-76.990935,0.35,94.3,1,7,1.5
2024-03-25T12:03:24Z,26.449032,-76.990932,0.30,113.7,1,7,1.5
2024-03-25T12:03:29Z,26.449027,-76.990930,0.24,63.2,1,8,1.0
2024-03-25T12:03:39Z,26.449025,-76.990920,0.21,115.0,1,8,1.0
2024-03-25T12:03:44Z,26.449023,-76.990917,0.28,173.0,1,8,1.0
2024-03-25T12:03:49Z,26.449013,-76.990913,0.17,145.5,1,8,1.0
2024-03-25T12:03:54Z,26.449007,-76.990912,0.18,182.6,1,8,1.0
2024-03-25T12:03:59Z,26.449002,-76.990915,0.03,194.7,1,7,1.5
2024-03-25T12:04:04Z,26.448997,-76.990918,0.14,23.3,1,8,1.0
2024-03-25T12:04:09Z,26.448995,-76.990923,0.08,299.3,1,8,1.0
2024-03-25T12:04:14Z,26.449003,-76.990920,0.13,187.4,1,8,1.0
2024-03-25T12:04:19Z,26.449005,-76.990917,0.15,136.7,1,8,1.0
2024-03-25T12:04:29Z,26.448997,-76.990912,0.30,273.4,1,8,1.0
2024-03-25T12:04:34Z,26.449000,-76.990912,0.24,98.6,1,8,1.0
2024-03-25T12:04:39Z,26.449000,-76.990910,0.26,128.7,1,8,1.0
2024-03-25T12:04:44Z,26.449000,-76.990905,0.32,77.9,1,8,1.0
2024-03-25T12:04:54Z,26.448990,-76.990900,0.30,134.2,1,8,1.0
2024-03-25T12:04:59Z,26.448980,-76.990895,0.39,143.5,1,8,1.0
2024-03-25T12:05:04Z,26.448970,-76.990893,0.16,105.3,1,8,1.0
2024-03-25T12:05:09Z,26.448963,-76.990893,0.24,167.7,1,8,1.0
2024-03-25T12:05:19Z,26.448958,-76.990893,0.12,217.0,1,8,1.0
2024-03-25T12:05:24Z,26.448963,-76.990890,0.10,30.6,1,8,1.0
2024-03-25T12:05:29Z,26.448970,-76.990893,0.19,299.6,1,8,1.0
2024-03-25T12:05:34Z,26.448978,-76.990900,0.35,317.6,1,8,1.0
2024-03-25T12:05:44Z,26.448980,-76.990915,0.49,342.5,1,8,1.0
2024-03-25T12:05:49Z,26.448980,-76.990918,0.17,266.0,1,8,1.0
2024-03-25T12:05:54Z,26.448983,-76.990925,0.52,306.1,1,8,1.0
2024-03-25T12:05:59Z,26.448987,-76.990930,0.24,351.7,1,8,1.0
2024-03-25T12:06:09Z,26.449000,-76.990937,0.28,306.9,1,8,1.0
2024-03-25T12:06:14Z,26.449007,-76.990938,0.18,329.0,1,8,1.0
2024-03-25T12:06:19Z,26.449013,-76.990938,0.15,7.9,1,8,1.0
2024-03-25T12:06:24Z,26.449020,-76.990938,0.24,255.2,1,8,1.0
2024-03-25T12:06:34Z,26.449018,-76.990940,0.43,182.4,1,8,1.0
2024-03-25T12:06:39Z,26.449020,-76.990935,0.19,160.4,1,8,1.0
2024-03-25T12:06:44Z,26.449020,-76.990937,0.24,59.1,1,8,1.0
2024-03-25T12:06:49Z,26.449025,-76.990933,0.09,98.0,1,7,1.5
2024-03-25T12:06:59Z,26.449020,-76.990935,0.31,189.8,1,8,1.0
2024-03-25T12:07:04Z,26.449018,-76.990933,0.04,8.5,1,7,1.5
2024-03-25T12:07:09Z,26.449017,-76.990933,0.45,199.7,1,8,1.0
2024-03-25T12:07:14Z,26.449012,-76.990935,0.17,340.4,1,8,1.0
2024-03-25T12:07:19Z,26.449008,-76.990937,0.12,58.8,1,7,1.5
2024-03-25T12:07:24Z,26.449012,-76.990942,0.09,288.4,1,8,1.0
2024-03-25T12:07:29Z,26.449003,-76.990948,0.12,301.2,2,8,1.0
2024-03-25T12:07:34Z,26.448998,-76.990953,0.06,51.5,2,8,1.0
2024-03-25T12:07:39Z,26.448995,-76.990957,0.08,43.0,2,8,1.0
2024-03-25T12:07:49Z,26.448983,-76.990957,0.29,144.9,2,8,1.0
2024-03-25T12:07:54Z,26.448977,-76.990953,0.33,61.0,2,8,1.0
2024-03-25T12:07:59Z,26.448973,-76.990955,0.17,40.8,2,8,1.0
2024-03-25T12:08:04Z,26.448968,-76.990955,0.06,288.2,2,8,1.0
2024-03-25T12:08:14Z,26.448988,-76.990955,0.43,345.5,1,8,1.0
2024-03-25T12:08:19Z,26.449003,-76.990957,0.46,292.7,1,8,1.0
2024-03-25T12:08:24Z,26.449015,-76.990962,0.45,358.5,1,8,1.0
2024-03-25T12:08:29Z,26.449018,-76.990958,0.43,22.1,2,8,1.0
2024-03-25T12:08:39Z,26.449025,-76.990962,0.26,325.6,2,8,1.0
2024-03-25T12:08:44Z,26.449042,-76.990958,0.23,358.9,2,8,1.0
2024-03-25T12:08:49Z,26.449052,-76.990953,0.02,66.7,2,8,1.0
2024-03-25T12:08:54Z,26.449060,-76.990948,0.20,183.0,2,8,1.0
2024-03-25T12:08:59Z,26.449062,-76.990947,0.23,87.0,2,8,1.0
2024-03-25T12:09:04Z,26.449065,-76.990940,0.66,107.8,2,8,1.0
2024-03-25T12:09:09Z,26.449053,-76.990937,0.29,101.2,2,8,1.0
2024-03-25T12:09:14Z,26.449042,-76.990928,0.43,124.1,1,8,1.0
2024-03-25T12:09:19Z,26.449045,-76.990922,0.36,136.0,1,8,1.0
2024-03-25T12:09:29Z,26.449040,-76.990917,0.26,156.3,1,8,1.0
2024-03-25T12:09:34Z,26.449030,-76.990917,0.21,161.4,1,8,1.0
2024-03-25T12:09:39Z,26.449032,-76.990917,0.16,208.3,1,7,1.5
2024-03-25T12:09:44Z,26.449030,-76.990922,0.69,327.9,1,8,1.0
2024-03-25T12:09:49Z,26.449025,-76.990930,0.18,275.4,1,7,1.5
2024-03-25T12:09:54Z,26.449018,-76.990935,0.38,204.3,1,7,1.5
2024-03-25T12:09:59Z,26.449018,-76.990942,0.21,341.8,1,7,1.5
2024-03-25T12:10:04Z,26.449027,-76.990943,0.24,42.0,1,8,1.0
2024-03-25T12:10:09Z,26.449037,-76.990947,0.20,316.4,1,8,1.0
2024-03-25T12:10:14Z,26.449037,-76.990950,0.39,3.8,1,8,1.0
2024-03-25T12:10:19Z,26.449048,-76.990948,0.23,356.7,1,8,1.0
2024-03-25T12:10:24Z,26.449053,-76.990952,0.34,342.9,1,8,1.0
2024-03-25T12:10:29Z,26.449065,-76.990952,0.16,6.5,1,8,1.0
2024-03-25T12:10:39Z,26.449063,-76.990957,0.10,115.2,1,7,1.5
2024-03-25T12:10:44Z,26.449057,-76.990955,0.23,159.7,1,7,1.5
2024-03-25T12:10:49Z,26.449048,-76.990960,0.28,124.7,1,7,1.5
2024-03-25T12:10:54Z,26.449032,-76.990953,0.40,133.5,1,8,1.0
2024-03-25T12:10:59Z,26.449023,-76.990943,0.60,138.6,1,7,1.5
2024-03-25T12:11:04Z,26.449012,-76.990933,0.53,141.9,1,7,1.5
2024-03-25T12:11:09Z,26.449012,-76.990923,0.39,121.2,1,8,1.0
2024-03-25T12:11:14Z,26.449010,-76.990917,0.49,152.7,1,8,1.0
2024-03-25T12:11:19Z,26.449007,-76.990908,0.20,157.0,1,7,1.5
2024-03-25T12:11:24Z,26.448998,-76.990903,0.34,162.3,1,8,1.0
2024-03-25T12:11:29Z,26.448990,-76.990903,0.16,151.1,1,8,1.0
2024-03-25T12:11:34Z,26.448978,-76.990905,0.23,167.3,1,7,1.5
2024-03-25T12:11:39Z,26.448973,-76.990900,0.32,7.9,1,8,1.0
2024-03-25T12:11:44Z,26.448967,-76.990900,0.11,331.2,1,8,1.0
2024-03-25T12:11:49Z,26.448972,-76.990900,0.05,159.0,1,8,1.0
2024-03-25T12:11:54Z,26.448983,-76.990903,0.11,341.5,1,8,1.0
2024-03-25T12:11:59Z,26.448980,-76.990910,0.25,230.0,1,8,1.0
2024-03-25T12:12:04Z,26.448973,-76.990912,0.45,10.8,1,8,1.0
2024-03-25T12:12:09Z,26.448983,-76.990910,0.30,8.8,1,8,1.0
2024-03-25T12:12:19Z,26.448995,-76.990912,0.13,232.5,1,8,1.0
2024-03-25T12:12:24Z,26.448992,-76.990917,0.14,293.4,1,8,1.0
2024-03-25T12:12:29Z,26.448983,-76.990925,0.02,310.6,1,8,1.0
2024-03-25T12:12:34Z,26.448983,-76.990928,0.20,328.1,1,8,1.0
2024-03-25T12:12:44Z,26.448995,-76.990930,0.14,11.3,1,8,1.0
2024-03-25T12:12:49Z,26.449012,-76.990925,0.11,341.7,1,8,1.0
2024-03-25T12:12:54Z,26.449010,-76.990925,0.17,123.2,1,7,1.5
2024-03-25T12:12:59Z,26.449002,-76.990922,0.21,72.0,1,7,1.5
2024-03-25T12:13:09Z,26.449007,-76.990913,0.08,102.5,1,7,1.5
2024-03-25T12:13:14Z,26.449008,-76.990912,0.04,4.2,1,7,1.5
2024-03-25T12:13:19Z,26.449003,-76.990913,0.20,230.6,1,8,1.0
2024-03-25T12:13:24Z,26.448998,-76.990917,0.42,181.7,1,8,1.0
2024-03-25T12:13:29Z,26.448990,-76.990918,0.34,206.1,1,8,1.0
2024-03-25T12:13:39Z,26.449003,-76.990920,0.32,11.3,1,8,1.0
2024-03-25T12:13:44Z,26.449013,-76.990925,0.23,307.2,1,8,1.0
2024-03-25T12:13:49Z,26.449022,-76.990930,0.19,332.5,1,8,1.0
2024-03-25T12:13:54Z,26.449030,-76.990928,0.14,33.8,1,8,1.0
2024-03-25T12:14:04Z,26.449033,-76.990920,0.32,70.1,2,8,1.0
2024-03-25T12:14:09Z,26.449035,-76.990908,0.26,120.8,2,7,1.6
2024-03-25T12:14:14Z,26.449042,-76.990905,0.22,131.4,2,7,1.6
2024-03-25T12:14:19Z,26.449043,-76.990895,0.43,110.2,2,8,1.0
2024-03-25T12:14:24Z,26.449027,-76.990897,0.46,141.5,1,8,1.0
2024-03-25T12:14:29Z,26.449015,-76.990892,0.45,111.0,1,8,1.0
2024-03-25T12:14:34Z,26.449002,-76.990893,0.34,146.9,1,8,1.0
2024-03-25T12:14:39Z,26.448993,-76.990888,0.37,152.0,1,8,1.0
2024-03-25T12:14:44Z,26.448983,-76.990888,0.31,201.5,1,8,1.0
2024-03-25T12:14:49Z,26.448982,-76.990892,0.11,322.5,1,8,1.0
2024-03-25T12:14:59Z,26.448970,-76.990902,0.09,222.4,1,8,1.0
2024-03-25T12:15:04Z,26.448975,-76.990908,0.52,345.8,1,8,1.0
2024-03-25T12:15:09Z,26.448990,-76.990913,0.61,350.8,1,8,1.0
2024-03-25T12:15:14Z,26.448993,-76.990923,0.38,331.7,1,8,1.0
2024-03-25T12:15:19Z,26.448995,-76.990927,0.43,338.3,1,8,1.0
2024-03-25T12:15:29Z,26.449002,-76.990927,0.31,316.6,1,8,1.0
2024-03-25T12:15:34Z,26.449020,-76.990930,0.26,283.1,1,8,1.0
2024-03-25T12:15:39Z,26.449023,-76.990935,0.17,263.5,1,8,1.0
2024-03-25T12:15:44Z,26.449027,-76.990933,0.11,322.9,1,8,1.0
2024-03-25T12:15:49Z,26.449023,-76.990935,0.11,106.9,1,8,1.0
2024-03-25T12:15:59Z,26.449032,-76.990922,0.27,107.0,2,7,1.6
2024-03-25T12:16:04Z,26.449035,-76.990912,0.53,106.7,2,8,1.0
2024-03-25T12:16:09Z,26.449032,-76.990900,0.37,130.4,2,7,1.6
2024-03-25T12:16:14Z,26.449023,-76.990895,0.44,145.8,1,7,1.6
2024-03-25T12:16:19Z,26.449013,-76.990892,0.45,142.6,1,8,1.0
2024-03-25T12:16:24Z,26.449003,-76.990892,0.39,160.4,1,8,1.0
2024-03-25T12:16:29Z,26.448995,-76.990890,0.22,127.5,1,8,1.0
2024-03-25T12:16:34Z,26.448987,-76.990888,0.29,170.5,1,7,1.6
2024-03-25T12:16:39Z,26.448978,-76.990888,0.42,185.3,1,8,1.0
2024-03-25T12:16:44Z,26.448967,-76.990887,0.38,164.7,1,8,1.0
2024-03-25T12:16:49Z,26.448960,-76.990885,0.63,178.7,1,8,1.0
2024-03-25T12:16:54Z,26.448950,-76.990883,0.17,119.0,1,8,1.0
2024-03-25T12:16:59Z,26.448943,-76.990883,0.14,56.8,1,8,1.0
2024-03-25T12:17:04Z,26.448945,-76.990883,0.28,191.0,1,8,1.0
2024-03-25T12:17:09Z,26.448945,-76.990887,0.02,144.1,1,8,1.0
2024-03-25T12:17:14Z,26.448957,-76.990888,0.10,239.6,1,8,1.0
2024-03-25T12:17:19Z,26.448948,-76.990897,0.13,320.7,1,8,1.0
2024-03-25T12:17:24Z,26.448950,-76.990900,0.38,17.5,1,8,1.0
2024-03-25T12:17:29Z,26.448952,-76.990905,0.13,341.8,1,8,1.0
2024-03-25T12:17:34Z,26.448952,-76.990912,0.09,279.5,1,8,1.0
2024-03-25T12:17:39Z,26.448960,-76.990912,0.16,265.4,1,8,1.0
2024-03-25T12:17:49Z,26.448978,-76.990920,0.49,12.0,1,8,1.0
2024-03-25T12:17:54Z,26.449000,-76.990920,0.12,32.6,1,8,1.0
2024-03-25T12:17:59Z,26.449000,-76.990917,0.26,15.0,1,8,1.0
2024-03-25T12:18:04Z,26.448995,-76.990913,0.30,81.7,1,8,1.0
2024-03-25T12:18:14Z,26.448987,-76.990900,0.52,105.5,1,8,1.0
2024-03-25T12:18:19Z,26.448980,-76.990893,0.35,138.5,1,8,1.0
2024-03-25T12:18:24Z,26.448967,-76.990885,0.41,147.7,1,8,1.0
2024-03-25T12:18:29Z,26.448957,-76.990880,0.42,150.1,1,8,1.0
2024-03-25T12:18:39Z,26.448943,-76.990870,0.27,160.1,1,8,1.0
2024-03-25T12:18:44Z,26.448942,-76.990877,0.06,283.0,1,8,1.0
2024-03-25T12:18:49Z,26.448938,-76.990893,0.27,245.9,1,8,1.0
2024-03-25T12:18:54Z,26.448940,-76.990900,0.18,359.0,1,8,1.0
2024-03-25T12:19:04Z,26.448950,-76.990893,0.21,352.2,1,8,1.0
2024-03-25T12:19:09Z,26.448955,-76.990895,0.31,310.6,1,8,1.0
2024-03-25T12:19:14Z,26.448955,-76.990898,0.47,211.6,1,8,1.0
2024-03-25T12:19:19Z,26.448968,-76.990893,0.24,184.2,1,8,1.0
2024-03-25T12:19:24Z,26.448970,-76.990897,0.61,219.5,1,8,1.0
2024-03-25T12:19:29Z,26.448972,-76.990902,0.34,6.9,1,8,1.0
2024-03-25T12:19:34Z,26.448963,-76.990897,0.35,125.4,1,8,1.0
2024-03-25T12:19:39Z,26.448957,-76.990890,0.38,102.3,1,8,1.0
2024-03-25T12:19:44Z,26.448965,-76.990882,0.74,50.9,1,8,1.0
2024-03-25T12:19:49Z,26.448962,-76.990877,0.21,121.5,1,8,1.0
2024-03-25T12:19:54Z,26.448955,-76.990875,0.13,69.8,1,8,1.0
2024-03-25T12:19:59Z,26.448952,-76.990875,0.10,173.0,1,8,1.0
2024-03-25T12:20:04Z,26.448947,-76.990888,0.12,157.9,1,8,1.0
2024-03-25T12:20:09Z,26.448935,-76.990890,0.17,162.1,1,8,1.0
2024-03-25T12:20:14Z,26.448933,-76.990890,0.13,354.4,1,8,1.0
2024-03-25T12:20:19Z,26.448930,-76.990882,0.49,80.3,1,8,1.0
2024-03-25T12:20:29Z,26.448932,-76.990867,0.11,40.6,2,8,1.0
2024-03-25T12:20:34Z,26.448935,-76.990867,0.32,268.9,2,8,1.0
2024-03-25T12:20:39Z,26.448950,-76.990863,0.06,145.2,2,8,1.0
2024-03-25T12:20:44Z,26.448948,-76.990870,0.34,348.3,2,8,1.0
2024-03-25T12:20:49Z,26.448943,-76.990882,0.28,322.9,2,8,1.0
2024-03-25T12:20:59Z,26.448953,-76.990918,0.36,333.0,2,8,1.0
2024-03-25T12:21:04Z,26.448958,-76.990925,0.13,153.9,2,8,1.0
2024-03-25T12:21:09Z,26.448957,-76.990927,0.13,338.2,2,8,1.0
2024-03-25T12:21:14Z,26.448965,-76.990925,0.34,48.1,2,8,1.0
2024-03-25T12:21:19Z,26.448967,-76.990925,0.31,70.4,2,8,1.0
2024-03-25T12:21:29Z,26.448953,-76.990925,0.38,35.7,1,8,1.0
2024-03-25T12:21:34Z,26.448945,-76.990925,0.30,10.3,1,8,1.0
2024-03-25T12:21:39Z,26.448938,-76.990930,0.26,228.1,2,8,1.0
2024-03-25T12:21:44Z,26.448942,-76.990938,0.37,350.7,2,8,1.0
2024-03-25T12:21:49Z,26.448935,-76.990945,0.08,269.7,2,8,1.0
2024-03-25T12:21:59Z,26.448920,-76.990962,0.14,279.1,2,7,1.1
2024-03-25T12:22:04Z,26.448927,-76.990963,0.05,121.0,2,7,1.1
2024-03-25T12:22:09Z,26.448943,-76.990958,0.05,282.1,1,7,1.1
2024-03-25T12:22:14Z,26.448950,-76.990943,0.11,103.5,1,8,1.0
2024-03-25T12:22:19Z,26.448950,-76.990937,0.23,148.2,2,8,1.0
2024-03-25T12:22:24Z,26.448933,-76.990938,0.39,83.8,2,8,1.0
2024-03-25T12:22:29Z,26.448930,-76.990930,0.43,139.0,2,8,1.0
2024-03-25T12:22:34Z,26.448918,-76.990923,0.25,129.5,2,8,1.0
2024-03-25T12:22:39Z,26.448907,-76.990922,0.43,156.0,2,8,1.0
2024-03-25T12:22:44Z,26.448903,-76.990923,0.07,78.2,1,8,1.0
2024-03-25T12:22:49Z,26.448910,-76.990920,0.41,211.2,1,8,1.0
2024-03-25T12:22:59Z,26.448913,-76.990937,0.36,287.3,2,8,1.0
2024-03-25T12:23:04Z,26.448922,-76.990943,0.23,320.4,2,8,1.0
2024-03-25T12:23:09Z,26.448930,-76.990947,0.46,357.3,2,8,1.0
2024-03-25T12:23:14Z,26.448933,-76.990943,0.31,275.2,2,8,1.0
2024-03-25T12:23:19Z,26.448935,-76.990945,0.22,312.9,2,8,1.0
2024-03-25T12:23:29Z,26.448952,-76.990948,0.09,295.4,1,8,1.0
2024-03-25T12:23:34Z,26.448953,-76.990943,0.22,343.3,1,8,1.0
2024-03-25T12:23:39Z,26.448957,-76.990940,0.06,177.9,1,8,1.0
2024-03-25T12:23:44Z,26.448965,-76.990935,0.12,101.2,1,8,1.0
2024-03-25T12:23:54Z,26.448962,-76.990918,0.30,111.4,1,8,1.0
2024-03-25T12:23:59Z,26.448962,-76.990912,0.37,154.4,1,8,1.0
2024-03-25T12:24:04Z,26.448958,-76.990903,0.37,119.9,1,7,1.6
2024-03-25T12:24:09Z,26.448955,-76.990897,0.30,125.2,1,8,1.0
2024-03-25T12:24:19Z,26.448945,-76.990883,0.36,156.8,1,8,1.0
2024-03-25T12:24:24Z,26.448943,-76.990878,0.15,96.4,1,8,1.0
2024-03-25T12:24:29Z,26.448942,-76.990875,0.27,184.7,1,8,1.0
2024-03-25T12:24:34Z,26.448935,-76.990875,0.22,171.7,1,7,1.6
2024-03-25T12:24:44Z,26.448933,-76.990883,0.14,258.8,1,7,1.6
2024-03-25T12:24:49Z,26.448935,-76.990885,0.22,226.7,1,8,1.0
2024-03-25T12:24:54Z,26.448942,-76.990888,0.17,352.6,1,8,1.0
2024-03-25T12:24:59Z,26.448947,-76.990888,0.26,16.2,1,8,1.0
2024-03-25T12:25:09Z,26.448955,-76.990907,0.33,248.6,1,8,1.0
2024-03-25T12:25:14Z,26.448953,-76.990913,0.38,305.5,1,8,1.0
2024-03-25T12:25:19Z,26.448957,-76.990920,0.34,320.4,1,8,1.0
2024-03-25T12:25:24Z,26.448960,-76.990927,0.20,255.4,1,8,1.0
2024-03-25T12:25:29Z,26.448968,-76.990933,0.46,295.5,1,8,1.0
2024-03-25T12:25:34Z,26.448973,-76.990942,0.18,312.7,1,7,1.6
2024-03-25T12:25:39Z,26.448982,-76.990942,0.12,83.5,1,8,1.0
2024-03-25T12:25:44Z,26.448985,-76.990942,0.39,336.4,1,8,1.0
2024-03-25T12:25:49Z,26.448997,-76.990947,0.21,330.3,1,8,1.0
2024-03-25T12:25:54Z,26.449003,-76.990950,0.22,329.5,1,8,1.0
2024-03-25T12:25:59Z,26.449003,-76.990947,0.46,17.3,1,8,1.0
2024-03-25T12:26:04Z,26.449003,-76.990945,0.10,93.9,1,8,1.0
2024-03-25T12:26:09Z,26.449003,-76.990940,0.29,47.0,1,8,1.0
2024-03-25T12:26:14Z,26.449005,-76.990937,0.24,183.6,1,8,1.0
2024-03-25T12:26:19Z,26.449000,-76.990935,0.40,190.9,1,8,1.0
2024-03-25T12:26:29Z,26.448993,-76.990928,0.16,143.2,1,8,1.0
2024-03-25T12:26:34Z,26.448988,-76.990925,0.28,137.1,1,8,1.0
2024-03-25T12:26:39Z,26.448988,-76.990920,0.13,116.5,1,8,1.0
2024-03-25T12:26:44Z,26.448987,-76.990925,0.29,163.3,1,8,1.0
2024-03-25T12:26:49Z,26.448983,-76.990925,0.18,161.6,1,8,1.0
2024-03-25T12:26:54Z,26.448978,-76.990925,0.18,116.8,1,8,1.0
2024-03-25T12:26:59Z,26.448973,-76.990925,0.61,178.4,1,8,1.0
2024-03-25T12:27:04Z,26.448972,-76.990920,0.34,146.0,1,8,1.0
2024-03-25T12:27:09Z,26.448965,-76.990918,0.66,171.8,1,7,1.6
2024-03-25T12:27:14Z,26.448965,-76.990917,0.22,9.4,1,8,1.0
2024-03-25T12:27:19Z,26.448973,-76.990915,0.23,23.4,1,8,1.0
2024-03-25T12:27:24Z,26.448975,-76.990912,0.40,140.0,1,8,1.0
2024-03-25T12:27:29Z,26.448980,-76.990912,0.38,135.3,1,8,1.0
2024-03-25T12:27:34Z,26.448968,-76.990907,1.00,172.5,1,8,1.0
2024-03-25T12:27:39Z,26.448953,-76.990912,0.49,176.6,1,8,1.0
2024-03-25T12:27:44Z,26.448952,-76.990905,0.43,53.3,1,8,1.0
2024-03-25T12:27:49Z,26.448957,-76.990897,0.40,125.0,1,8,1.0
2024-03-25T12:27:54Z,26.448950,-76.990892,0.39,168.7,1,8,1.0
2024-03-25T12:27:59Z,26.448957,-76.990890,0.46,25.6,1,8,1.0
2024-03-25T12:28:04Z,26.448948,-76.990893,0.73,190.1,1,8,1.0
2024-03-25T12:28:09Z,26.448948,-76.990902,0.14,27.3,1,8,1.0
2024-03-25T12:28:14Z,26.448948,-76.990890,0.04,73.0,1,8,1.0
2024-03-25T12:28:19Z,26.448955,-76.990900,0.21,52.9,1,8,1.0
2024-03-25T12:28:24Z,26.448955,-76.990902,0.44,341.6,1,8,1.0
2024-03-25T12:28:29Z,26.448957,-76.990905,0.40,266.9,1,8,1.0
2024-03-25T12:28:34Z,26.448952,-76.990910,0.12,23.0,1,8,1.0
2024-03-25T12:28:39Z,26.448947,-76.990908,0.30,270.2,1,8,1.0
2024-03-25T12:28:49Z,26.448953,-76.990908,0.21,215.2,1,8,1.0
2024-03-25T12:28:54Z,26.448960,-76.990917,0.25,301.0,1,8,1.0
2024-03-25T12:28:59Z,26.448972,-76.990918,0.21,257.1,1,8,1.0
2024-03-25T12:29:04Z,26.448975,-76.990922,0.56,19.3,1,8,1.0
2024-03-25T12:29:09Z,26.448983,-76.990917,0.42,43.6,1,8,1.0
2024-03-25T12:29:19Z,26.448988,-76.990918,0.62,38.0,1,8,1.0
2024-03-25T12:29:24Z,26.448987,-76.990927,0.15,191.6,1,8,1.0
2024-03-25T12:29:29Z,26.448997,-76.990928,0.30,217.9,1,8,1.0
2024-03-25T12:29:34Z,26.449002,-76.990923,0.21,36.0,1,8,1.0
2024-03-25T12:29:39Z,26.449007,-76.990920,0.30,166.7,1,8,1.0
2024-03-25T12:29:49Z,26.449002,-76.990920,0.16,173.2,1,8,1.0
2024-03-25T12:29:54Z,26.448992,-76.990920,0.16,148.0,1,8,1.0
2024-03-25T12:29:59Z,26.449002,-76.990918,0.48,333.4,1,7,1.6
2024-03-25T12:30:04Z,26.448997,-76.990922,1.03,53.7,1,7,1.6
2024-03-25T12:30:14Z,26.449003,-76.990918,0.24,61.7,1,8,1.0
2024-03-25T12:30:19Z,26.449005,-76.990915,0.22,203.6,1,8,1.0
2024-03-25T12:30:24Z,26.449000,-76.990922,0.05,93.8,1,8,1.0
2024-03-25T12:30:29Z,26.448992,-76.990923,0.11,102.6,1,8,1.0
2024-03-25T12:30:34Z,26.448993,-76.990922,0.41,40.0,1,8,1.0
2024-03-25T12:30:39Z,26.448985,-76.990910,0.46,88.4,1,8,1.0
2024-03-25T12:30:44Z,26.448975,-76.990905,0.39,173.2,1,8,1.0
2024-03-25T12:30:49Z,26.448965,-76.990898,0.72,174.8,1,8,1.0
2024-03-25T12:30:54Z,26.448958,-76.990897,0.29,35.4,1,8,1.0
2024-03-25T12:30:59Z,26.448953,-76.990892,0.17,123.9,1,8,1.0
2024-03-25T12:31:04Z,26.448957,-76.990897,0.26,249.6,1,8,1.0
2024-03-25T12:31:14Z,26.448960,-76.990908,0.37,202.6,1,8,1.0
2024-03-25T12:31:19Z,26.448962,-76.990912,0.42,323.4,1,8,1.0
2024-03-25T12:31:24Z,26.448973,-76.990917,0.27,302.8,1,8,1.0
2024-03-25T12:31:29Z,26.448980,-76.990922,0.91,323.6,1,8,1.0
2024-03-25T12:31:34Z,26.448993,-76.990925,0.14,6.5,1,8,1.0
2024-03-25T12:31:39Z,26.449003,-76.990928,0.33,322.2,1,7,1.6
2024-03-25T12:31:44Z,26.449010,-76.990932,0.17,264.7,1,7,1.6
2024-03-25T12:31:49Z,26.449013,-76.990935,0.57,174.5,1,8,1.4
2024-03-25T12:31:54Z,26.449015,-76.990935,0.12,164.8,1,8,1.4
2024-03-25T12:31:59Z,26.449010,-76.990935,0.78,9.9,1,9,0.9
2024-03-25T12:32:04Z,26.449013,-76.990940,0.80,323.2,1,9,0.9
2024-03-25T12:32:14Z,26.449007,-76.990933,0.18,139.0,1,9,0.9
2024-03-25T12:32:19Z,26.449003,-76.990927,0.26,103.8,1,9,0.9
2024-03-25T12:32:24Z,26.448993,-76.990925,0.39,187.0,1,9,0.9
2024-03-25T12:32:29Z,26.448992,-76.990923,0.32,16.8,1,9,0.9
2024-03-25T12:32:34Z,26.448985,-76.990922,0.31,170.8,1,9,0.9
2024-03-25T12:32:44Z,26.448972,-76.990923,0.33,202.3,1,8,1.0
2024-03-25T12:32:49Z,26.448978,-76.990923,0.18,255.9,1,9,0.9
2024-03-25T12:32:54Z,26.448975,-76.990927,0.29,170.5,1,8,1.4
2024-03-25T12:32:59Z,26.448975,-76.990933,0.02,228.9,2,8,1.4
2024-03-25T12:33:04Z,26.449005,-76.990943,0.48,302.1,2,8,1.4
2024-03-25T12:33:14Z,26.449012,-76.990932,0.35,112.0,2,8,1.4
2024-03-25T12:33:19Z,26.449010,-76.990927,0.56,88.6,2,9,0.9
2024-03-25T12:33:24Z,26.449010,-76.990917,0.70,61.4,2,9,0.9
2024-03-25T12:33:29Z,26.449007,-76.990898,0.68,97.6,2,9,0.9
2024-03-25T12:33:34Z,26.449002,-76.990877,0.58,84.8,2,9,0.9
2024-03-25T12:33:44Z,26.448992,-76.990853,0.66,146.9,2,9,0.9
2024-03-25T12:33:49Z,26.448975,-76.990850,0.25,195.4,2,9,0.9
2024-03-25T12:33:54Z,26.448965,-76.990848,0.13,185.9,2,9,0.9
2024-03-25T12:33:59Z,26.448962,-76.990852,0.02,276.9,1,9,0.9
2024-03-25T12:34:04Z,26.448970,-76.990862,0.59,228.2,1,9,0.9
2024-03-25T12:34:14Z,26.449003,-76.990862,0.59,27.0,1,9,0.9
2024-03-25T12:34:19Z,26.449017,-76.990867,0.68,351.1,1,9,0.9
2024-03-25T12:34:24Z,26.449035,-76.990868,1.22,15.7,1,9,0.9
2024-03-25T12:34:29Z,26.449060,-76.990862,0.62,25.1,1,9,0.9
2024-03-25T12:34:39Z,26.449085,-76.990843,0.46,75.2,1,9,0.9
2024-03-25T12:34:44Z,26.449085,-76.990833,0.60,124.8,1,9,0.9
2024-03-25T12:34:49Z,26.449075,-76.990808,0.63,77.1,1,9,0.9
2024-03-25T12:34:54Z,26.449073,-76.990800,0.84,150.8,1,8,1.0
2024-03-25T12:35:04Z,26.449048,-76.990783,0.41,164.1,1,9,0.9
2024-03-25T12:35:09Z,26.449043,-76.990775,0.33,43.3,1,9,0.9
2024-03-25T12:35:14Z,26.449037,-76.990773,0.24,202.0,1,9,0.9
2024-03-25T12:35:19Z,26.449042,-76.990780,0.09,266.6,1,9,0.9
2024-03-25T12:35:24Z,26.449043,-76.990780,0.40,322.9,1,9,0.9
2024-03-25T12:35:29Z,26.449058,-76.990772,0.82,359.2,1,9,0.9
2024-03-25T12:35:34Z,26.449088,-76.990775,0.53,33.0,1,9,0.9
2024-03-25T12:35:39Z,26.449120,-76.990770,0.90,14.1,1,9,0.9
2024-03-25T12:35:44Z,26.449143,-76.990767,0.73,21.5,1,9,0.9
2024-03-25T12:35:49Z,26.449158,-76.990757,0.94,120.0,1,9,0.9
2024-03-25T12:35:59Z,26.449148,-76.990728,1.10,68.8,1,9,0.9
2024-03-25T12:36:04Z,26.449127,-76.990720,1.79,177.2,1,9,0.9
2024-03-25T12:36:09Z,26.449085,-76.990705,2.83,193.8,1,9,0.9
2024-03-25T12:36:14Z,26.449078,-76.990680,2.60,97.0,1,9,0.9
2024-03-25T12:36:24Z,26.449017,-76.990633,1.61,134.8,1,9,0.9
2024-03-25T12:36:29Z,26.448993,-76.990602,1.64,138.2,1,9,0.9
2024-03-25T12:36:34Z,26.448978,-76.990565,1.46,91.5,1,9,0.9
2024-03-25T12:36:39Z,26.448968,-76.990542,1.21,144.4,1,9,0.9
2024-03-25T12:36:49Z,26.448943,-76.990518,0.60,187.3,1,9,0.9
2024-03-25T12:36:54Z,26.448925,-76.990523,0.96,215.6,1,9,0.9
2024-03-25T12:36:59Z,26.448912,-76.990538,0.83,230.4,1,9,0.9
2024-03-25T12:37:04Z,26.448890,-76.990558,1.00,227.5,1,9,0.9
2024-03-25T12:37:09Z,26.448877,-76.990577,0.46,251.2,1,9,0.9
2024-03-25T12:37:14Z,26.448857,-76.990608,1.71,210.4,1,9,0.9
2024-03-25T12:37:19Z,26.448818,-76.990613,1.52,210.3,1,9,0.9
2024-03-25T12:37:24Z,26.448780,-76.990627,1.70,174.6,1,9,0.9
2024-03-25T12:37:29Z,26.448733,-76.990635,1.43,171.7,1,9,0.9
2024-03-25T12:37:34Z,26.448682,-76.990648,1.51,214.1,1,9,0.9
2024-03-25T12:37:44Z,26.448612,-76.990648,1.85,153.8,1,9,0.9
2024-03-25T12:37:49Z,26.448567,-76.990625,1.47,148.8,1,9,0.9
2024-03-25T12:37:54Z,26.448543,-76.990595,1.66,142.6,1,9,0.9
2024-03-25T12:37:59Z,26.448517,-76.990562,1.76,139.2,1,9,0.9
2024-03-25T12:38:09Z,26.448482,-76.990508,0.89,100.8,1,9,0.9
2024-03-25T12:38:14Z,26.448463,-76.990473,1.46,115.0,1,9,0.9
2024-03-25T12:38:19Z,26.448447,-76.990447,1.29,147.2,1,9,0.9
2024-03-25T12:38:24Z,26.448423,-76.990418,1.81,120.6,1,9,0.9
2024-03-25T12:38:29Z,26.448410,-76.990380,1.49,111.9,1,9,0.9
2024-03-25T12:38:34Z,26.448407,-76.990347,1.76,118.0,1,9,0.9
2024-03-25T12:38:39Z,26.448400,-76.990313,1.42,114.7,1,8,1.4
2024-03-25T12:38:44Z,26.448390,-76.990275,1.40,103.7,1,8,1.4
2024-03-25T12:38:49Z,26.448392,-76.990247,0.59,91.5,1,9,0.9
2024-03-25T12:38:54Z,26.448387,-76.990228,0.57,105.1,1,9,0.9
2024-03-25T12:39:04Z,26.448370,-76.990223,0.90,195.4,1,9,0.9
2024-03-25T12:39:09Z,26.448352,-76.990235,0.54,200.9,1,9,0.9
2024-03-25T12:39:14Z,26.448338,-76.990242,0.80,210.2,1,8,1.4
2024-03-25T12:39:19Z,26.448323,-76.990255,0.70,208.7,1,9,0.9
2024-03-25T12:39:24Z,26.448308,-76.990253,0.42,116.0,1,9,0.9
2024-03-25T12:39:34Z,26.448293,-76.990217,0.48,35.8,1,9,0.9
2024-03-25T12:39:39Z,26.448313,-76.990217,0.98,326.4,1,9,0.9
2024-03-25T12:39:44Z,26.448348,-76.990250,2.84,312.0,1,8,1.0
2024-03-25T12:39:49Z,26.448403,-76.990313,3.99,323.3,1,8,1.0
2024-03-25T12:39:54Z,26.448492,-76.990373,4.91,333.8,1,8,1.0
2024-03-25T12:40:04Z,26.448708,-76.990488,5.49,331.7,1,9,0.9
2024-03-25T12:40:09Z,26.448818,-76.990558,5.82,334.7,1,9,0.9
2024-03-25T12:40:14Z,26.448957,-76.990632,6.05,340.4,1,9,0.9
2024-03-25T12:40:19Z,26.449090,-76.990685,5.83,346.9,1,9,0.9
2024-03-25T12:40:24Z,26.449223,-76.990718,5.81,347.1,1,10,0.8
2024-03-25T12:40:29Z,26.449358,-76.990753,5.73,348.7,1,10,0.8
2024-03-25T12:40:34Z,26.449487,-76.990782,5.33,349.2,1,10,0.8
2024-03-25T12:40:39Z,26.449615,-76.990812,5.57,345.8,1,10,0.8
2024-03-25T12:40:44Z,26.449738,-76.990848,5.51,346.9,1,10,0.8
2024-03-25T12:40:49Z,26.449865,-76.990885,5.59,345.4,1,10,0.8
2024-03-25T12:40:59Z,26.450108,-76.990962,5.45,346.5,1,10,0.8
2024-03-25T12:41:04Z,26.450230,-76.990998,5.27,344.0,1,9,0.9
2024-03-25T12:41:09Z,26.450345,-76.991040,5.43,340.0,1,9,0.9
2024-03-25T12:41:14Z,26.450465,-76.991087,5.53,341.5,1,9,0.9
2024-03-25T12:41:19Z,26.450592,-76.991138,5.47,343.4,1,9,0.9
2024-03-25T12:41:24Z,26.450708,-76.991182,5.03,345.4,1,9,0.9
2024-03-25T12:41:29Z,26.450820,-76.991213,4.88,346.4,1,9,0.9
2024-03-25T12:41:34Z,26.450925,-76.991250,4.76,342.6,1,9,0.9
2024-03-25T12:41:39Z,26.451027,-76.991288,4.69,335.5,1,9,0.9
2024-03-25T12:41:44Z,26.451127,-76.991337,4.65,334.8,1,9,0.9
2024-03-25T12:41:54Z,26.451320,-76.991438,4.75,332.7,1,9,0.9
2024-03-25T12:41:59Z,26.451418,-76.991500,4.78,333.5,1,9,0.9
2024-03-25T12:42:04Z,26.451518,-76.991552,4.79,335.7,1,9,0.9
2024-03-25T12:42:09Z,26.451613,-76.991612,4.84,330.3,1,9,0.9
2024-03-25T12:42:19Z,26.451805,-76.991725,4.56,331.6,1,9,0.9
2024-03-25T12:42:24Z,26.451897,-76.991787,4.74,330.8,1,9,0.9
2024-03-25T12:42:29Z,26.451993,-76.991855,4.90,329.2,1,9,0.9
2024-03-25T12:42:34Z,26.452095,-76.991925,5.37,328.4,1,9,0.9
2024-03-25T12:42:39Z,26.452202,-76.991995,5.50,336.7,1,9,0.9
2024-03-25T12:42:44Z,26.452315,-76.992065,5.55,335.0,1,9,0.9
2024-03-25T12:42:49Z,26.452433,-76.992130,5.60,337.0,1,9,0.9
2024-03-25T12:42:54Z,26.452552,-76.992190,5.51,336.6,1,9,0.9
2024-03-25T12:42:59Z,26.452668,-76.992237,5.27,338.4,1,9,0.9
2024-03-25T12:43:04Z,26.452780,-76.992287,5.13,335.9,1,9,0.9
2024-03-25T12:43:14Z,26.453000,-76.992390,5.17,336.2,1,9,0.9
2024-03-25T12:43:19Z,26.453107,-76.992443,5.00,335.4,1,9,0.9
2024-03-25T12:43:24Z,26.453213,-76.992497,5.09,335.4,1,9,0.9
2024-03-25T12:43:29Z,26.453322,-76.992553,5.10,335.1,1,9,0.9
2024-03-25T12:43:34Z,26.453430,-76.992607,5.16,334.8,1,9,0.9
2024-03-25T12:43:44Z,26.453657,-76.992722,5.33,335.4,1,9,0.9
2024-03-25T12:43:49Z,26.453773,-76.992777,5.42,337.4,1,9,0.9
2024-03-25T12:43:54Z,26.453893,-76.992832,5.38,337.8,1,9,0.9
2024-03-25T12:43:59Z,26.454010,-76.992887,5.48,337.6,1,9,0.9
2024-03-25T12:44:04Z,26.454127,-76.992938,5.61,337.8,1,9,0.9
2024-03-25T12:44:14Z,26.454370,-76.993040,5.63,345.6,1,9,0.9
2024-03-25T12:44:19Z,26.454490,-76.993083,5.39,344.0,1,9,0.9
2024-03-25T12:44:24Z,26.454607,-76.993123,5.17,346.7,1,9,0.9
2024-03-25T12:44:29Z,26.454718,-76.993167,5.09,345.0,1,9,0.9
2024-03-25T12:44:34Z,26.454832,-76.993215,5.45,342.5,1,9,0.9
2024-03-25T12:44:44Z,26.455065,-76.993300,5.20,345.4,1,9,0.9
2024-03-25T12:44:49Z,26.455182,-76.993342,5.34,344.7,1,9,0.9
2024-03-25T12:44:54Z,26.455298,-76.993393,5.50,341.5,1,9,0.9
2024-03-25T12:44:59Z,26.455417,-76.993443,5.54,340.4,1,9,0.9
2024-03-25T12:45:04Z,26.455545,-76.993487,5.63,345.2,1,9,0.9
2024-03-25T12:45:09Z,26.455672,-76.993518,5.53,343.9,1,9,0.9
2024-03-25T12:45:19Z,26.455920,-76.993593,5.62,343.6,1,9,0.9
2024-03-25T12:45:24Z,26.456047,-76.993645,5.82,340.1,1,9,0.9
2024-03-25T12:45:29Z,26.456177,-76.993690,5.75,342.1,1,9,0.9
2024-03-25T12:45:34Z,26.456303,-76.993738,5.49,345.1,1,9,0.9
2024-03-25T12:45:39Z,26.456425,-76.993787,5.46,341.6,1,9,0.9
2024-03-25T12:45:44Z,26.456545,-76.993835,5.62,337.5,1,9,0.9
2024-03-25T12:45:54Z,26.456802,-76.993927,5.85,342.8,1,9,0.9
2024-03-25T12:45:59Z,26.456928,-76.993970,5.73,345.4,2,9,0.9
2024-03-25T12:46:04Z,26.457048,-76.994007,5.26,345.5,2,9,0.9
2024-03-25T12:46:09Z,26.457163,-76.994040,5.32,341.0,2,9,0.9
2024-03-25T12:46:14Z,26.457278,-76.994080,5.22,343.7,2,9,0.9
2024-03-25T12:46:19Z,26.457390,-76.994117,5.05,343.5,2,9,0.9
2024-03-25T12:46:24Z,26.457500,-76.994155,4.98,343.9,2,9,0.9
2024-03-25T12:46:29Z,26.457607,-76.994202,4.94,338.9,2,9,0.9
2024-03-25T12:46:34Z,26.457715,-76.994245,4.95,340.1,2,9,0.9
2024-03-25T12:46:39Z,26.457820,-76.994287,5.08,337.0,2,9,0.9
2024-03-25T12:46:44Z,26.457932,-76.994333,5.22,340.2,2,9,0.9
2024-03-25T12:46:49Z,26.458043,-76.994377,5.23,341.7,2,9,0.9
2024-03-25T12:46:54Z,26.458160,-76.994425,5.09,341.6,1,9,0.9
2024-03-25T12:47:04Z,26.458390,-76.994503,5.44,342.0,2,9,0.9
2024-03-25T12:47:09Z,26.458502,-76.994542,5.08,345.1,2,9,0.9
2024-03-25T12:47:14Z,26.458617,-76.994568,5.09,350.8,2,9,0.9
2024-03-25T12:47:19Z,26.458732,-76.994593,4.84,347.7,2,9,0.9
2024-03-25T12:47:24Z,26.458838,-76.994617,4.45,350.3,2,9,0.9
2024-03-25T12:47:29Z,26.458935,-76.994643,4.28,347.1,2,9,0.9
2024-03-25T12:47:39Z,26.459135,-76.994713,4.53,343.1,2,9,0.9
2024-03-25T12:47:44Z,26.459233,-76.994758,4.52,343.4,1,9,0.9
2024-03-25T12:47:49Z,26.459332,-76.994807,4.31,341.7,1,9,0.9
2024-03-25T12:47:54Z,26.459422,-76.994848,4.21,341.0,1,9,0.9
2024-03-25T12:47:59Z,26.459512,-76.994895,4.29,335.6,1,9,0.9
2024-03-25T12:48:09Z,26.459700,-76.994993,4.51,332.5,1,9,0.9
2024-03-25T12:48:14Z,26.459798,-76.995045,4.60,334.5,1,9,0.9
2024-03-25T12:48:19Z,26.459903,-76.995097,4.86,336.2,1,9,0.9
2024-03-25T12:48:24Z,26.460000,-76.995143,5.09,337.1,1,9,0.9
2024-03-25T12:48:29Z,26.460105,-76.995192,4.96,336.7,1,9,0.9
2024-03-25T12:48:39Z,26.460323,-76.995278,4.96,339.3,1,9,0.9
2024-03-25T12:48:44Z,26.460428,-76.995330,5.03,336.4,1,9,0.9
2024-03-25T12:48:49Z,26.460535,-76.995382,5.11,337.1,1,9,0.9
2024-03-25T12:48:54Z,26.460645,-76.995433,5.38,339.0,1,9,0.9
2024-03-25T12:48:59Z,26.460758,-76.995477,5.13,342.0,1,9,0.9
2024-03-25T12:49:09Z,26.460998,-76.995570,5.38,346.7,1,9,0.9
2024-03-25T12:49:14Z,26.461123,-76.995615,5.44,343.1,1,9,0.9
2024-03-25T12:49:19Z,26.461242,-76.995655,5.28,348.4,1,9,0.9
2024-03-25T12:49:24Z,26.461353,-76.995703,5.19,340.0,1,9,0.9
2024-03-25T12:49:29Z,26.461463,-76.995745,4.74,342.9,1,9,0.9
2024-03-25T12:49:39Z,26.461683,-76.995832,5.29,335.8,1,9,0.9
2024-03-25T12:49:44Z,26.461805,-76.995893,5.84,339.4,1,9,0.9
2024-03-25T12:49:49Z,26.461940,-76.995933,5.90,349.3,1,9,0.9
2024-03-25T12:49:54Z,26.462075,-76.995973,5.86,345.1,1,9,0.9
2024-03-25T12:49:59Z,26.462208,-76.996017,5.95,345.1,1,9,0.9
2024-03-25T12:50:09Z,26.462467,-76.996118,5.88,342.0,1,9,0.9
2024-03-25T12:50:14Z,26.462600,-76.996170,6.34,339.6,1,9,0.9
2024-03-25T12:50:19Z,26.462733,-76.996212,5.70,346.6,1,9,0.9
2024-03-25T12:50:24Z,26.462860,-76.996252,5.44,343.2,1,9,0.9
2024-03-25T12:50:29Z,26.462978,-76.996295,5.36,341.6,1,8,0.9
2024-03-25T12:50:39Z,26.463220,-76.996393,5.71,342.4,1,9,0.9
2024-03-25T12:50:44Z,26.463342,-76.996450,5.54,340.2,1,9,0.9
2024-03-25T12:50:49Z,26.463468,-76.996500,5.62,341.9,1,9,0.9
2024-03-25T12:50:54Z,26.463585,-76.996550,5.29,342.1,2,9,0.9
2024-03-25T12:50:59Z,26.463698,-76.996597,5.07,342.8,2,9,0.9
2024-03-25T12:51:04Z,26.463802,-76.996633,4.96,343.2,2,9,0.9
2024-03-25T12:51:14Z,26.464010,-76.996737,5.32,341.0,2,9,0.9
2024-03-25T12:51:19Z,26.464120,-76.996785,5.13,340.4,2,9,0.9
2024-03-25T12:51:24Z,26.464237,-76.996825,5.15,342.2,2,9,0.9
2024-03-25T12:51:29Z,26.464347,-76.996857,4.71,343.2,2,9,0.9
2024-03-25T12:51:34Z,26.464453,-76.996890,4.66,343.0,2,9,0.9
2024-03-25T12:51:39Z,26.464555,-76.996910,4.37,343.3,2,9,0.9
2024-03-25T12:51:44Z,26.464653,-76.996930,4.34,342.2,2,9,0.9
2024-03-25T12:51:49Z,26.464748,-76.996962,4.19,345.0,2,9,0.9
2024-03-25T12:51:54Z,26.464838,-76.996995,4.19,335.1,2,9,0.9
2024-03-25T12:51:59Z,26.464930,-76.997032,4.39,335.0,2,9,0.9
2024-03-25T12:52:04Z,26.465022,-76.997073,4.52,335.6,2,9,0.9
2024-03-25T12:52:09Z,26.465120,-76.997122,4.61,337.6,1,9,0.9
2024-03-25T12:52:14Z,26.465222,-76.997177,4.69,338.3,2,9,0.9
2024-03-25T12:52:19Z,26.465320,-76.997212,4.58,339.3,2,9,0.9
2024-03-25T12:52:24Z,26.465418,-76.997248,4.47,337.5,2,9,0.9
2024-03-25T12:52:29Z,26.465515,-76.997287,4.50,339.7,2,9,0.9
2024-03-25T12:52:34Z,26.465615,-76.997328,4.84,338.1,2,9,0.9
2024-03-25T12:52:39Z,26.465718,-76.997368,4.88,340.8,2,9,0.9
2024-03-25T12:52:44Z,26.465823,-76.997407,4.73,346.0,2,9,0.9
2024-03-25T12:52:49Z,26.465925,-76.997443,4.36,343.8,2,9,0.9
2024-03-25T12:52:54Z,26.466032,-76.997482,4.26,340.5,2,9,0.9
2024-03-25T12:53:04Z,26.466233,-76.997572,4.57,341.3,1,9,0.9
2024-03-25T12:53:09Z,26.466337,-76.997620,4.74,341.6,1,9,0.9
2024-03-25T12:53:14Z,26.466435,-76.997670,4.07,338.8,1,9,0.9
2024-03-25T12:53:19Z,26.466522,-76.997717,4.61,341.6,1,9,0.9
2024-03-25T12:53:24Z,26.466625,-76.997762,4.55,341.6,1,9,0.9
2024-03-25T12:53:29Z,26.466733,-76.997802,4.61,342.0,1,9,0.9
2024-03-25T12:53:34Z,26.466843,-76.997845,5.06,339.1,1,9,0.9
2024-03-25T12:53:39Z,26.466958,-76.997888,5.19,340.2,1,9,0.9
2024-03-25T12:53:44Z,26.467075,-76.997928,5.14,348.2,1,9,0.9
2024-03-25T12:53:49Z,26.467192,-76.997958,5.24,347.0,1,9,0.9
2024-03-25T12:53:54Z,26.467308,-76.997990,5.04,348.8,1,9,0.9
2024-03-25T12:53:59Z,26.467422,-76.998022,4.88,349.6,1,9,0.9
2024-03-25T12:54:09Z,26.467635,-76.998092,4.76,345.0,2,9,0.9
2024-03-25T12:54:14Z,26.467733,-76.998122,4.66,344.7,2,9,0.9
2024-03-25T12:54:19Z,26.467835,-76.998158,4.93,345.1,2,9,0.9
2024-03-25T12:54:24Z,26.467942,-76.998190,4.90,345.9,1,9,0.9
2024-03-25T12:54:29Z,26.468058,-76.998225,4.65,345.9,1,9,0.9
2024-03-25T12:54:34Z,26.468170,-76.998263,4.75,341.7,1,9,0.9
2024-03-25T12:54:39Z,26.468278,-76.998307,4.98,339.1,1,9,0.9
2024-03-25T12:54:44Z,26.468385,-76.998355,5.01,338.4,1,9,0.9
2024-03-25T12:54:49Z,26.468497,-76.998398,5.06,340.5,1,9,0.9
2024-03-25T12:54:54Z,26.468597,-76.998440,4.89,342.3,2,9,0.9
2024-03-25T12:54:59Z,26.468698,-76.998477,5.02,341.9,2,9,0.9
2024-03-25T12:55:04Z,26.468805,-76.998513,4.90,344.7,2,9,0.9
2024-03-25T12:55:09Z,26.468908,-76.998542,4.50,345.1,2,9,0.9
2024-03-25T12:55:14Z,26.469008,-76.998575,4.53,338.9,2,9,0.9
2024-03-25T12:55:19Z,26.469108,-76.998615,4.73,338.8,2,9,0.9
2024-03-25T12:55:24Z,26.469217,-76.998660,5.03,337.7,2,9,0.9
2024-03-25T12:55:29Z,26.469327,-76.998705,5.08,343.6,2,9,0.9
2024-03-25T12:55:34Z,26.469432,-76.998742,4.56,344.9,2,9,0.9
2024-03-25T12:55:39Z,26.469533,-76.998782,4.62,343.1,2,9,0.9
2024-03-25T12:55:44Z,26.469638,-76.998822,4.77,345.1,2,9,0.9
2024-03-25T12:55:49Z,26.469743,-76.998862,4.80,342.1,2,9,0.9
2024-03-25T12:55:54Z,26.469852,-76.998895,4.65,343.6,2,8,1.0
2024-03-25T12:55:59Z,26.469960,-76.998925,4.54,340.3,2,9,0.9
2024-03-25T12:56:04Z,26.470062,-76.998957,4.43,338.5,2,9,0.9
2024-03-25T12:56:09Z,26.470163,-76.998998,4.73,341.1,2,9,0.9
2024-03-25T12:56:14Z,26.470272,-76.999038,5.03,340.8,2,9,0.9
2024-03-25T12:56:19Z,26.470383,-76.999072,4.89,345.1,2,9,0.9
2024-03-25T12:56:24Z,26.470493,-76.999105,4.79,345.5,2,9,0.9
2024-03-25T12:56:29Z,26.470602,-76.999140,4.61,343.1,2,9,0.9
2024-03-25T12:56:34Z,26.470700,-76.999177,4.52,343.0,2,9,0.9
2024-03-25T12:56:39Z,26.470800,-76.999220,4.85,339.3,2,9,0.9
2024-03-25T12:56:44Z,26.470907,-76.999262,4.70,343.8,2,9,0.9
2024-03-25T12:56:49Z,26.471013,-76.999300,5.09,343.4,2,9,0.9
2024-03-25T12:56:54Z,26.471127,-76.999342,5.45,344.8,2,9,0.9
2024-03-25T12:56:59Z,26.471247,-76.999380,5.50,345.4,2,9,0.9
2024-03-25T12:57:04Z,26.471373,-76.999417,5.39,344.2,2,9,0.9
2024-03-25T12:57:09Z,26.471500,-76.999442,5.07,346.1,2,9,0.9
2024-03-25T12:57:14Z,26.471617,-76.999473,4.96,348.1,2,9,0.9
2024-03-25T12:57:19Z,26.471725,-76.999505,4.88,344.4,2,9,0.9
2024-03-25T12:57:24Z,26.471833,-76.999552,4.67,341.0,2,9,0.9
2024-03-25T12:57:29Z,26.471942,-76.999602,5.04,340.8,2,9,0.9
2024-03-25T12:57:34Z,26.472057,-76.999648,5.07,343.8,2,9,0.9
2024-03-25T12:57:39Z,26.472168,-76.999688,5.04,344.4,2,9,0.9
2024-03-25T12:57:44Z,26.472280,-76.999727,4.92,346.9,2,9,0.9
2024-03-25T12:57:49Z,26.472392,-76.999772,5.25,342.4,2,9,0.9
2024-03-25T12:57:54Z,26.472512,-76.999813,5.43,346.4,2,9,0.9
2024-03-25T12:57:59Z,26.472632,-76.999853,5.16,343.4,2,9,0.9
2024-03-25T12:58:04Z,26.472748,-76.999893,5.18,343.7,2,9,0.9
2024-03-25T12:58:09Z,26.472860,-76.999935,4.97,340.0,2,9,0.9
2024-03-25T12:58:14Z,26.472972,-76.999978,5.22,337.6,2,9,0.9
2024-03-25T12:58:19Z,26.473085,-77.000025,5.15,338.5,2,9,0.9
2024-03-25T12:58:24Z,26.473200,-77.000070,5.45,344.8,2,9,0.9
2024-03-25T12:58:29Z,26.473315,-77.000112,5.07,341.3,2,9,0.9
2024-03-25T12:58:34Z,26.473430,-77.000157,5.13,339.8,2,9,0.9
2024-03-25T12:58:39Z,26.473547,-77.000193,4.83,345.0,2,9,0.9
2024-03-25T12:58:44Z,26.473660,-77.000237,5.43,340.9,2,9,0.9
2024-03-25T12:58:49Z,26.473778,-77.000280,5.21,338.8,2,9,0.9
2024-03-25T12:58:54Z,26.473893,-77.000322,5.01,342.9,1,9,0.9
2024-03-25T12:58:59Z,26.474013,-77.000358,5.11,342.6,1,9,0.9
2024-03-25T12:59:04Z,26.474130,-77.000397,5.32,349.4,1,9,0.9
2024-03-25T12:59:09Z,26.474243,-77.000427,4.83,346.2,1,9,0.9
2024-03-25T12:59:14Z,26.474342,-77.000457,4.72,344.9,2,9,0.9
2024-03-25T12:59:24Z,26.474557,-77.000528,5.12,342.5,2,9,0.9
2024-03-25T12:59:29Z,26.474672,-77.000565,4.95,344.1,2,9,0.9
2024-03-25T12:59:34Z,26.474783,-77.000598,4.90,343.5,2,9,0.9
2024-03-25T12:59:39Z,26.474888,-77.000632,4.66,343.3,2,9,0.9
2024-03-25T12:59:44Z,26.474990,-77.000662,4.53,342.5,2,9,0.9
2024-03-25T12:59:49Z,26.475088,-77.000697,4.23,345.6,2,9,0.9
2024-03-25T12:59:59Z,26.475278,-77.000735,4.29,351.4,2,9,0.9
2024-03-25T13:00:04Z,26.475377,-77.000740,4.34,355.4,2,9,0.9
2024-03-25T13:00:09Z,26.475480,-77.000745,4.54,358.6,2,9,0.9
2024-03-25T13:00:14Z,26.475580,-77.000750,4.60,0.7,2,9,0.9
2024-03-25T13:00:19Z,26.475692,-77.000747,5.08,5.1,2,9,0.9
2024-03-25T13:00:24Z,26.475807,-77.000733,4.87,7.5,2,9,0.9
2024-03-25T13:00:29Z,26.475917,-77.000720,4.83,12.5,2,9,0.9
2024-03-25T13:00:34Z,26.476025,-77.000697,4.67,12.6,2,9,0.9
2024-03-25T13:00:39Z,26.476135,-77.000665,4.62,16.5,2,9,0.9
2024-03-25T13:00:44Z,26.476240,-77.000633,5.16,19.0,2,9,0.9
2024-03-25T13:00:49Z,26.476342,-77.000598,4.41,17.6,2,9,0.9
2024-03-25T13:00:54Z,26.476430,-77.000575,4.46,17.5,2,9,0.9
2024-03-25T13:00:59Z,26.476527,-77.000542,4.31,19.9,2,9,0.9
2024-03-25T13:01:09Z,26.476743,-77.000462,4.78,18.6,2,9,0.9
2024-03-25T13:01:14Z,26.476845,-77.000427,4.66,19.6,2,9,0.9
2024-03-25T13:01:19Z,26.476955,-77.000382,4.32,23.0,2,9,0.9
2024-03-25T13:01:24Z,26.477052,-77.000338,4.36,22.1,2,9,0.9
2024-03-25T13:01:29Z,26.477147,-77.000300,4.17,23.8,2,9,0.9
2024-03-25T13:01:39Z,26.477333,-77.000220,3.90,21.3,2,9,0.9
2024-03-25T13:01:44Z,26.477422,-77.000185,4.08,22.4,2,9,0.9
2024-03-25T13:01:49Z,26.477515,-77.000145,3.99,28.9,2,9,0.9
2024-03-25T13:01:54Z,26.477588,-77.000107,4.44,25.3,2,9,0.9
2024-03-25T13:01:59Z,26.477677,-77.000052,4.12,30.2,2,9,0.9
2024-03-25T13:02:09Z,26.477852,-76.999950,4.31,25.8,1,9,0.9
2024-03-25T13:02:14Z,26.477938,-76.999903,3.80,28.1,1,9,0.9
2024-03-25T13:02:19Z,26.478033,-76.999855,4.66,31.5,1,9,0.9
2024-03-25T13:02:24Z,26.478127,-76.999798,4.01,29.5,1,9,0.9
2024-03-25T13:02:34Z,26.478307,-76.999703,4.16,27.6,1,9,0.9
2024-03-25T13:02:39Z,26.478382,-76.999652,3.48,35.0,1,9,0.9
2024-03-25T13:02:44Z,26.478457,-76.999602,3.56,29.3,1,9,0.9
2024-03-25T13:02:49Z,26.478537,-76.999562,3.11,25.3,1,9,0.9
2024-03-25T13:02:59Z,26.478712,-76.999478,4.31,20.4,1,9,0.9
2024-03-25T13:03:04Z,26.478810,-76.999440,4.25,22.2,1,9,0.9
2024-03-25T13:03:09Z,26.478905,-76.999403,4.37,19.1,1,9,0.9
2024-03-25T13:03:14Z,26.479007,-76.999368,4.43,17.3,1,9,0.9
2024-03-25T13:03:24Z,26.479238,-76.999302,5.14,15.9,1,8,1.2
2024-03-25T13:03:29Z,26.479370,-76.999263,5.67,15.8,1,8,1.2
2024-03-25T13:03:34Z,26.479502,-76.999228,5.76,15.1,1,9,0.9
2024-03-25T13:03:39Z,26.479612,-76.999187,4.81,18.7,1,9,0.9
2024-03-25T13:03:49Z,26.479843,-76.999103,4.30,20.6,1,9,0.9
2024-03-25T13:03:54Z,26.479952,-76.999060,5.12,20.9,1,8,1.2
2024-03-25T13:03:59Z,26.480072,-76.999013,5.14,19.6,1,8,1.2
2024-03-25T13:04:04Z,26.480187,-76.998967,5.57,20.8,1,9,0.9
2024-03-25T13:04:14Z,26.480403,-76.998873,4.92,21.9,1,9,0.9
2024-03-25T13:04:19Z,26.480508,-76.998825,4.65,22.9,1,9,0.9
2024-03-25T13:04:24Z,26.480600,-76.998780,4.78,24.6,1,9,0.9
2024-03-25T13:04:29Z,26.480680,-76.998742,4.17,24.5,1,9,0.9
2024-03-25T13:04:39Z,26.480868,-76.998650,5.05,22.6,1,8,0.9
2024-03-25T13:04:44Z,26.480975,-76.998600,4.44,24.5,1,9,0.9
2024-03-25T13:04:49Z,26.481065,-76.998555,4.63,23.2,1,9,0.9
2024-03-25T13:04:54Z,26.481172,-76.998508,5.15,20.3,1,9,0.9
2024-03-25T13:05:04Z,26.481403,-76.998415,4.93,21.6,1,9,0.9
2024-03-25T13:05:09Z,26.481517,-76.998367,5.57,20.0,1,9,0.9
2024-03-25T13:05:14Z,26.481628,-76.998322,5.17,17.2,1,9,0.9
2024-03-25T13:05:19Z,26.481762,-76.998278,5.93,18.5,1,9,0.9
2024-03-25T13:05:29Z,26.482020,-76.998188,5.72,17.9,1,9,0.9
2024-03-25T13:05:34Z,26.482153,-76.998145,6.28,15.5,1,9,0.9
2024-03-25T13:05:39Z,26.482275,-76.998110,5.43,18.4,1,9,0.9
2024-03-25T13:05:44Z,26.482402,-76.998070,5.44,19.7,1,8,1.2
2024-03-25T13:05:54Z,26.482642,-76.997957,5.30,29.3,1,9,0.9
2024-03-25T13:05:59Z,26.482735,-76.997893,4.33,36.2,1,9,0.9
2024-03-25T13:06:04Z,26.482818,-76.997840,4.11,31.1,1,9,0.9
2024-03-25T13:06:09Z,26.482898,-76.997797,4.08,29.5,1,9,0.9
2024-03-25T13:06:14Z,26.482983,-76.997750,3.58,28.4,2,9,0.9
2024-03-25T13:06:19Z,26.483062,-76.997703,3.97,30.1,2,9,0.9
2024-03-25T13:06:24Z,26.483145,-76.997655,3.85,35.1,2,9,0.9
2024-03-25T13:06:29Z,26.483233,-76.997602,4.14,32.8,2,8,1.3
2024-03-25T13:06:34Z,26.483317,-76.997553,3.75,28.4,2,9,0.9
2024-03-25T13:06:39Z,26.483397,-76.997508,3.96,30.6,2,9,0.9
2024-03-25T13:06:49Z,26.483560,-76.997408,3.91,33.1,1,9,0.9
2024-03-25T13:06:54Z,26.483642,-76.997352,3.48,33.2,1,9,0.9
2024-03-25T13:06:59Z,26.483718,-76.997308,3.99,28.8,2,9,0.9
2024-03-25T13:07:04Z,26.483807,-76.997265,4.18,27.8,2,9,0.9
2024-03-25T13:07:09Z,26.483892,-76.997220,3.96,24.1,2,9,0.9
2024-03-25T13:07:14Z,26.483980,-76.997178,4.11,22.9,1,9,0.9
2024-03-25T13:07:19Z,26.484072,-76.997135,4.21,24.7,1,9,0.9
2024-03-25T13:07:24Z,26.484167,-76.997087,4.92,26.1,1,9,0.9
2024-03-25T13:07:29Z,26.484262,-76.997047,4.48,21.7,1,9,0.9
2024-03-25T13:07:34Z,26.484352,-76.997008,4.40,22.8,1,9,0.9
2024-03-25T13:07:39Z,26.484442,-76.996963,4.26,22.8,1,9,0.9
2024-03-25T13:07:49Z,26.484628,-76.996875,4.47,26.0,1,9,0.9
2024-03-25T13:07:54Z,26.484722,-76.996833,4.12,26.2,1,9,0.9
2024-03-25T13:07:59Z,26.484813,-76.996793,4.29,25.9,2,9,0.9
2024-03-25T13:08:04Z,26.484900,-76.996743,4.00,29.5,2,9,0.9
2024-03-25T13:08:09Z,26.484982,-76.996698,3.72,30.2,2,9,0.9
2024-03-25T13:08:19Z,26.485123,-76.996608,3.78,27.4,2,9,0.9
2024-03-25T13:08:24Z,26.485197,-76.996573,3.82,27.9,2,9,0.9
2024-03-25T13:08:29Z,26.485287,-76.996522,4.27,30.5,2,9,0.9
2024-03-25T13:08:34Z,26.485375,-76.996473,4.23,27.7,2,9,0.9
2024-03-25T13:08:39Z,26.485457,-76.996428,3.87,25.7,2,9,0.9
2024-03-25T13:08:44Z,26.485545,-76.996395,3.95,23.1,2,8,1.3
2024-03-25T13:08:49Z,26.485648,-76.996355,4.53,19.3,2,8,1.3
2024-03-25T13:08:54Z,26.485752,-76.996317,4.52,19.9,2,8,1.3
2024-03-25T13:08:59Z,26.485852,-76.996273,4.52,23.5,2,8,1.3
2024-03-25T13:09:04Z,26.485947,-76.996222,4.55,24.8,2,9,0.9
2024-03-25T13:09:09Z,26.486015,-76.996187,4.90,24.9,2,9,0.9
2024-03-25T13:09:14Z,26.486118,-76.996137,4.57,27.4,2,9,0.9
2024-03-25T13:09:24Z,26.486320,-76.996058,4.98,24.1,2,9,0.9
2024-03-25T13:09:29Z,26.486425,-76.996002,4.96,26.6,2,9,0.9
2024-03-25T13:09:34Z,26.486527,-76.995947,4.50,27.1,2,9,0.9
2024-03-25T13:09:39Z,26.486630,-76.995892,4.73,25.3,2,9,0.9
2024-03-25T13:09:44Z,26.486725,-76.995850,4.35,24.3,2,9,0.9
2024-03-25T13:09:49Z,26.486840,-76.995800,5.13,21.7,2,9,0.9
2024-03-25T13:09:54Z,26.486940,-76.995745,4.38,27.1,2,9,0.9
2024-03-25T13:09:59Z,26.487048,-76.995685,4.56,28.4,2,9,0.9
2024-03-25T13:10:04Z,26.487153,-76.995632,4.06,24.3,2,9,0.9
2024-03-25T13:10:09Z,26.487260,-76.995582,5.08,24.6,2,9,0.9
2024-03-25T13:10:14Z,26.487377,-76.995527,4.71,27.6,2,9,0.9
2024-03-25T13:10:19Z,26.487480,-76.995472,4.97,29.0,2,9,0.9
2024-03-25T13:10:24Z,26.487577,-76.995420,4.86,28.5,2,9,0.9
2024-03-25T13:10:34Z,26.487762,-76.995312,4.32,31.8,2,9,0.9
2024-03-25T13:10:39Z,26.487847,-76.995247,4.03,34.2,2,9,0.9
2024-03-25T13:10:44Z,26.487920,-76.995187,4.03,32.4,2,9,0.9
2024-03-25T13:10:49Z,26.488008,-76.995128,4.51,33.5,2,9,0.9
2024-03-25T13:10:54Z,26.488093,-76.995070,4.10,33.5,2,9,0.9
2024-03-25T13:10:59Z,26.488172,-76.995005,3.92,36.7,2,9,0.9
2024-03-25T13:11:09Z,26.488350,-76.994890,4.52,29.5,2,8,1.3
2024-03-25T13:11:14Z,26.488443,-76.994838,4.47,25.6,2,8,1.3
2024-03-25T13:11:19Z,26.488543,-76.994788,4.60,27.3,2,9,0.9
2024-03-25T13:11:24Z,26.488637,-76.994743,4.54,22.9,2,9,0.9
2024-03-25T13:11:29Z,26.488750,-76.994703,5.35,22.0,2,9,0.9
2024-03-25T13:11:34Z,26.488862,-76.994657,4.68,21.8,2,9,0.9
2024-03-25T13:11:44Z,26.489067,-76.994570,5.14,27.0,2,9,0.9
2024-03-25T13:11:49Z,26.489158,-76.994512,4.30,28.3,2,9,0.9
2024-03-25T13:11:54Z,26.489258,-76.994458,4.80,27.1,2,8,1.3
2024-03-25T13:11:59Z,26.489365,-76.994405,4.92,28.0,2,8,1.3
2024-03-25T13:12:04Z,26.489470,-76.994340,4.90,29.9,2,8,1.3
2024-03-25T13:12:09Z,26.489563,-76.994275,4.59,31.8,2,9,0.9
2024-03-25T13:12:19Z,26.489743,-76.994157,4.37,27.5,2,8,1.3
2024-03-25T13:12:24Z,26.489830,-76.994105,4.45,26.3,2,8,1.3
2024-03-25T13:12:29Z,26.489933,-76.994057,4.69,22.5,2,8,1.3
2024-03-25T13:12:34Z,26.490037,-76.994020,4.71,19.7,2,8,1.3
2024-03-25T13:12:39Z,26.490150,-76.993985,5.11,16.0,2,9,0.9
2024-03-25T13:12:44Z,26.490270,-76.993945,5.47,19.1,2,9,0.9
2024-03-25T13:12:54Z,26.490498,-76.993877,5.12,13.8,2,9,0.9
2024-03-25T13:12:59Z,26.490607,-76.993852,4.98,11.3,2,9,0.9
2024-03-25T13:13:04Z,26.490727,-76.993828,5.33,6.1,2,9,0.9
2024-03-25T13:13:09Z,26.490853,-76.993820,5.50,6.4,2,9,0.9
2024-03-25T13:13:14Z,26.490977,-76.993805,5.52,5.5,2,9,0.9
2024-03-25T13:13:19Z,26.491110,-76.993795,5.76,5.6,2,9,0.9
2024-03-25T13:13:29Z,26.491380,-76.993757,5.27,11.1,2,9,0.9
2024-03-25T13:13:34Z,26.491512,-76.993728,5.62,14.3,2,9,0.9
2024-03-25T13:13:39Z,26.491638,-76.993697,5.60,13.2,2,8,1.3
2024-03-25T13:13:44Z,26.491763,-76.993663,5.41,14.8,2,9,0.9
2024-03-25T13:13:49Z,26.491888,-76.993628,5.39,15.5,2,9,0.9
2024-03-25T13:13:54Z,26.492012,-76.993590,4.61,18.6,2,9,0.9
2024-03-25T13:14:04Z,26.492227,-76.993497,4.91,19.7,1,8,1.3
2024-03-25T13:14:09Z,26.492332,-76.993457,4.80,18.5,1,8,1.3
2024-03-25T13:14:14Z,26.492437,-76.993417,4.57,19.1,1,9,0.9
2024-03-25T13:14:19Z,26.492548,-76.993372,4.97,19.8,1,9,0.9
2024-03-25T13:14:24Z,26.492647,-76.993328,4.89,23.8,1,9,0.9
2024-03-25T13:14:29Z,26.492745,-76.993283,4.43,22.7,1,9,0.9
2024-03-25T13:14:39Z,26.492955,-76.993203,4.74,17.2,1,9,0.9
2024-03-25T13:14:44Z,26.493060,-76.993168,4.73,18.5,1,9,0.9
2024-03-25T13:14:49Z,26.493167,-76.993133,4.60,17.9,2,9,0.9
2024-03-25T13:14:54Z,26.493270,-76.993103,4.61,18.6,2,9,0.9
2024-03-25T13:14:59Z,26.493360,-76.993072,4.22,17.6,2,9,0.9
2024-03-25T13:15:04Z,26.493458,-76.993040,4.25,17.0,2,9,0.9
2024-03-25T13:15:09Z,26.493562,-76.993010,4.60,14.9,2,8,1.3
2024-03-25T13:15:14Z,26.493672,-76.992982,4.83,13.8,1,8,1.3
2024-03-25T13:15:19Z,26.493780,-76.992957,4.71,13.0,1,9,0.9
2024-03-25T13:15:24Z,26.493898,-76.992928,5.22,13.3,1,9,0.9
2024-03-25T13:15:29Z,26.494013,-76.992898,4.75,17.3,1,9,0.9
2024-03-25T13:15:39Z,26.494238,-76.992828,4.76,15.9,1,9,0.9
2024-03-25T13:15:44Z,26.494345,-76.992800,4.77,13.6,1,9,0.9
2024-03-25T13:15:49Z,26.494457,-76.992773,4.97,13.9,1,9,0.9
2024-03-25T13:15:54Z,26.494565,-76.992748,4.78,11.3,1,9,0.9
2024-03-25T13:15:59Z,26.494677,-76.992727,4.99,11.1,1,9,0.9
2024-03-25T13:16:09Z,26.494903,-76.992678,4.54,10.7,1,9,0.9
2024-03-25T13:16:14Z,26.495020,-76.992657,4.98,8.7,1,9,0.9
2024-03-25T13:16:19Z,26.495137,-76.992640,5.14,11.1,1,9,0.9
2024-03-25T13:16:24Z,26.495267,-76.992625,5.34,10.9,1,9,0.9
2024-03-25T13:16:29Z,26.495393,-76.992608,5.31,7.2,1,8,1.3
2024-03-25T13:16:34Z,26.495513,-76.992590,5.23,13.6,1,8,1.3
2024-03-25T13:16:39Z,26.495632,-76.992560,5.22,13.3,1,9,0.9
2024-03-25T13:16:44Z,26.495748,-76.992530,5.19,12.4,1,8,1.3
2024-03-25T13:16:49Z,26.495847,-76.992503,5.07,14.6,1,8,1.3
2024-03-25T13:16:54Z,26.495958,-76.992468,4.93,16.6,1,9,0.9
2024-03-25T13:16:59Z,26.496067,-76.992425,4.73,18.5,1,9,0.9
2024-03-25T13:17:09Z,26.496307,-76.992353,5.04,20.6,1,8,1.3
2024-03-25T13:17:14Z,26.496422,-76.992313,5.03,18.4,1,8,1.3
2024-03-25T13:17:19Z,26.496537,-76.992275,4.95,19.9,1,8,1.3
2024-03-25T13:17:24Z,26.496643,-76.992232,5.03,19.7,1,8,1.3
2024-03-25T13:17:34Z,26.496852,-76.992150,4.59,18.4,1,8,1.3
2024-03-25T13:17:39Z,26.496953,-76.992112,4.66,21.4,1,8,1.3
2024-03-25T13:17:44Z,26.497057,-76.992070,4.85,22.9,1,8,1.3
2024-03-25T13:17:49Z,26.497168,-76.992028,4.70,21.6,1,9,0.9
2024-03-25T13:17:54Z,26.497277,-76.991990,4.52,15.3,1,8,1.3
2024-03-25T13:17:59Z,26.497387,-76.991963,4.68,12.6,1,8,1.3
2024-03-25T13:18:04Z,26.497497,-76.991937,4.99,12.7,1,9,0.9
2024-03-25T13:18:09Z,26.497620,-76.991905,5.29,14.3,1,9,0.9
2024-03-25T13:18:14Z,26.497733,-76.991872,4.97,16.2,1,9,0.9
2024-03-25T13:18:19Z,26.497850,-76.991842,4.90,10.2,1,9,0.9
2024-03-25T13:18:24Z,26.497978,-76.991807,5.41,17.8,1,9,0.9
2024-03-25T13:18:34Z,26.498237,-76.991747,5.26,13.0,1,8,1.3
2024-03-25T13:18:39Z,26.498357,-76.991718,5.29,14.9,1,8,1.3
2024-03-25T13:18:44Z,26.498470,-76.991680,5.06,16.9,1,8,1.3
2024-03-25T13:18:49Z,26.498578,-76.991638,5.01,21.0,1,8,1.3
2024-03-25T13:18:54Z,26.498675,-76.991588,4.94,22.6,1,8,1.3
2024-03-25T13:19:04Z,26.498868,-76.991483,4.17,34.4,1,8,1.3
2024-03-25T13:19:09Z,26.498953,-76.991420,4.46,37.9,2,8,1.3
2024-03-25T13:19:14Z,26.499033,-76.991350,4.07,42.1,2,8,1.3
2024-03-25T13:19:19Z,26.499105,-76.991278,3.85,44.0,2,8,1.3
2024-03-25T13:19:24Z,26.499165,-76.991193,4.00,56.2,2,8,1.3
2024-03-25T13:19:29Z,26.499202,-76.991110,3.71,60.2,2,8,1.3
2024-03-25T13:19:39Z,26.499290,-76.990960,3.61,54.0,1,8,1.3
2024-03-25T13:19:44Z,26.499338,-76.990893,3.60,54.1,1,9,0.9
2024-03-25T13:19:49Z,26.499397,-76.990818,3.79,49.1,1,8,1.3
2024-03-25T13:19:54Z,26.499457,-76.990748,3.36,50.8,1,8,1.3
2024-03-25T13:19:59Z,26.499518,-76.990672,3.67,54.7,1,9,0.9
2024-03-25T13:20:09Z,26.499608,-76.990507,3.72,55.3,1,8,1.3
2024-03-25T13:20:14Z,26.499655,-76.990425,3.85,55.9,1,8,1.3
2024-03-25T13:20:19Z,26.499705,-76.990348,3.74,52.3,1,8,1.3
2024-03-25T13:20:24Z,26.499767,-76.990268,3.84,51.2,1,8,1.3
2024-03-25T13:20:29Z,26.499822,-76.990193,4.08,55.0,1,8,1.3
2024-03-25T13:20:34Z,26.499885,-76.990108,3.82,54.0,1,8,1.3
2024-03-25T13:20:44Z,26.499990,-76.989952,3.65,49.1,1,8,1.2
2024-03-25T13:20:49Z,26.500060,-76.989890,3.85,34.1,1,8,1.2
2024-03-25T13:20:54Z,26.500137,-76.989837,4.03,26.2,2,8,1.2
2024-03-25T13:20:59Z,26.500225,-76.989793,4.07,28.1,2,8,1.2
2024-03-25T13:21:04Z,26.500315,-76.989728,4.32,28.2,2,8,1.2
2024-03-25T13:21:09Z,26.500405,-76.989668,4.05,29.3,2,8,1.2
2024-03-25T13:21:19Z,26.500612,-76.989578,4.34,27.5,2,8,1.2
2024-03-25T13:21:24Z,26.500707,-76.989523,4.62,26.9,2,8,1.2
2024-03-25T13:21:29Z,26.500817,-76.989467,4.67,28.1,2,8,1.2
2024-03-25T13:21:34Z,26.500903,-76.989413,4.36,30.5,1,8,1.2
2024-03-25T13:21:39Z,26.500992,-76.989358,4.59,31.1,2,8,1.2
2024-03-25T13:21:44Z,26.501080,-76.989298,4.47,35.1,2,8,1.2
2024-03-25T13:21:54Z,26.501253,-76.989177,4.32,30.6,2,8,1.2
2024-03-25T13:21:59Z,26.501343,-76.989122,4.41,29.6,1,8,1.2
2024-03-25T13:22:04Z,26.501432,-76.989065,4.26,33.0,1,8,1.2
2024-03-25T13:22:09Z,26.501517,-76.989003,4.26,34.9,1,8,1.2
2024-03-25T13:22:14Z,26.501592,-76.988947,4.18,33.9,1,8,1.2
2024-03-25T13:22:24Z,26.501747,-76.988840,4.02,31.9,1,8,1.2
2024-03-25T13:22:29Z,26.501830,-76.988788,4.18,32.2,1,8,1.2
2024-03-25T13:22:34Z,26.501922,-76.988735,4.48,29.2,1,8,1.2
2024-03-25T13:22:39Z,26.502010,-76.988682,4.47,27.4,1,8,1.2
2024-03-25T13:22:44Z,26.502102,-76.988630,4.29,21.9,1,8,1.2
2024-03-25T13:22:49Z,26.502208,-76.988580,4.97,25.8,1,8,1.2
2024-03-25T13:22:54Z,26.502317,-76.988517,5.07,28.6,1,8,1.2
2024-03-25T13:22:59Z,26.502415,-76.988458,5.19,28.1,1,8,1.2
2024-03-25T13:23:04Z,26.502522,-76.988400,5.11,26.6,1,8,1.2
2024-03-25T13:23:09Z,26.502623,-76.988342,4.76,31.4,1,8,1.2
2024-03-25T13:23:19Z,26.502813,-76.988220,4.59,34.5,1,8,1.2
2024-03-25T13:23:24Z,26.502885,-76.988147,4.28,45.5,1,8,1.2
2024-03-25T13:23:29Z,26.502955,-76.988060,4.23,51.3,1,8,1.2
2024-03-25T13:23:34Z,26.503015,-76.987970,3.95,56.0,1,8,1.2
2024-03-25T13:23:39Z,26.503067,-76.987888,3.90,57.7,1,8,1.2
2024-03-25T13:23:49Z,26.503160,-76.987733,3.55,53.2,1,8,1.2
2024-03-25T13:23:54Z,26.503222,-76.987670,3.46,43.4,1,8,1.2
2024-03-25T13:23:59Z,26.503277,-76.987620,3.83,38.3,1,8,1.2
2024-03-25T13:24:04Z,26.503342,-76.987565,3.84,41.2,1,8,1.2
2024-03-25T13:24:09Z,26.503417,-76.987500,3.56,46.0,1,8,1.2
2024-03-25T13:24:19Z,26.503567,-76.987380,3.86,33.0,1,8,1.2
2024-03-25T13:24:24Z,26.503665,-76.987315,4.04,32.4,1,8,1.2
2024-03-25T13:24:29Z,26.503750,-76.987267,4.27,26.0,1,8,1.2
2024-03-25T13:24:34Z,26.503850,-76.987218,4.73,23.8,1,8,1.2
2024-03-25T13:24:39Z,26.503950,-76.987172,4.45,22.7,1,8,1.2
2024-03-25T13:24:44Z,26.504053,-76.987120,5.20,25.2,1,8,1.2
2024-03-25T13:24:49Z,26.504160,-76.987073,4.93,22.2,1,8,1.2
2024-03-25T13:24:54Z,26.504273,-76.987038,4.92,16.4,1,8,1.2
2024-03-25T13:24:59Z,26.504390,-76.987003,5.03,15.5,1,8,1.2
2024-03-25T13:25:04Z,26.504508,-76.986965,4.94,20.7,2,8,1.2
2024-03-25T13:25:14Z,26.504713,-76.986858,4.70,31.8,2,8,1.2
2024-03-25T13:25:19Z,26.504803,-76.986797,4.33,30.9,2,8,1.2
2024-03-25T13:25:24Z,26.504897,-76.986748,4.39,25.5,2,8,1.2
2024-03-25T13:25:29Z,26.504988,-76.986703,4.30,23.0,2,8,1.2
2024-03-25T13:25:34Z,26.505083,-76.986662,4.79,24.9,2,8,1.2
2024-03-25T13:25:39Z,26.505175,-76.986610,4.09,28.7,1,8,1.2
2024-03-25T13:25:49Z,26.505352,-76.986522,4.20,23.9,1,8,1.2
2024-03-25T13:25:54Z,26.505445,-76.986482,4.11,18.8,1,8,1.2
2024-03-25T13:25:59Z,26.505547,-76.986452,4.51,16.1,1,8,1.2
2024-03-25T13:26:04Z,26.505648,-76.986420,4.35,14.9,1,8,1.2
2024-03-25T13:26:09Z,26.505748,-76.986393,4.43,17.9,1,8,1.2
2024-03-25T13:26:14Z,26.505847,-76.986363,4.13,18.8,2,8,1.2
2024-03-25T13:26:24Z,26.506033,-76.986300,4.54,19.7,2,8,1.2
2024-03-25T13:26:29Z,26.506130,-76.986265,4.65,21.5,2,8,1.2
2024-03-25T13:26:34Z,26.506223,-76.986232,3.96,14.7,2,8,1.2
2024-03-25T13:26:39Z,26.506313,-76.986215,4.40,12.1,2,8,1.2
2024-03-25T13:26:44Z,26.506415,-76.986200,4.52,9.0,2,8,1.2
2024-03-25T13:26:54Z,26.506622,-76.986163,4.51,12.1,2,8,1.2
2024-03-25T13:26:59Z,26.506722,-76.986138,4.28,14.1,2,8,1.2
2024-03-25T13:27:04Z,26.506820,-76.986108,4.26,13.2,2,8,1.2
2024-03-25T13:27:09Z,26.506917,-76.986090,4.34,8.9,2,8,1.2
2024-03-25T13:27:14Z,26.507020,-76.986075,4.59,7.2,2,8,1.2
2024-03-25T13:27:19Z,26.507127,-76.986060,4.77,8.6,2,8,1.2
2024-03-25T13:27:29Z,26.507348,-76.986020,4.93,9.3,2,8,1.2
2024-03-25T13:27:34Z,26.507465,-76.985998,5.03,8.5,2,8,1.2
2024-03-25T13:27:39Z,26.507587,-76.985980,5.25,8.8,2,8,1.2
2024-03-25T13:27:44Z,26.507705,-76.985962,5.36,8.0,2,8,1.2
2024-03-25T13:27:49Z,26.507832,-76.985940,5.35,9.6,2,8,1.2
2024-03-25T13:27:54Z,26.507950,-76.985912,5.08,12.8,2,8,1.2
2024-03-25T13:27:59Z,26.508058,-76.985880,4.84,17.7,2,8,1.2
2024-03-25T13:28:04Z,26.508158,-76.985848,4.40,17.7,2,8,1.2
2024-03-25T13:28:09Z,26.508257,-76.985815,4.37,19.9,2,8,1.2
2024-03-25T13:28:14Z,26.508355,-76.985778,4.08,19.1,2,8,1.2
2024-03-25T13:28:19Z,26.508445,-76.985742,3.88,24.2,2,8,1.2
2024-03-25T13:28:24Z,26.508530,-76.985703,3.82,20.8,2,8,1.2
2024-03-25T13:28:34Z,26.508712,-76.985655,4.25,14.5,2,8,1.2
2024-03-25T13:28:39Z,26.508807,-76.985625,4.45,22.4,2,8,1.2
2024-03-25T13:28:44Z,26.508893,-76.985580,3.93,31.3,2,8,1.2
2024-03-25T13:28:49Z,26.508970,-76.985508,3.78,40.7,2,8,1.2
2024-03-25T13:28:54Z,26.509042,-76.985435,3.84,43.5,2,8,1.2
2024-03-25T13:28:59Z,26.509103,-76.985367,3.88,50.5,2,8,1.2
2024-03-25T13:29:04Z,26.509157,-76.985303,3.66,51.6,2,8,1.2
2024-03-25T13:29:09Z,26.509215,-76.985228,3.59,56.5,2,8,1.2
2024-03-25T13:29:14Z,26.509262,-76.985155,3.63,54.9,2,8,1.2
2024-03-25T13:29:19Z,26.509308,-76.985082,3.58,54.8,2,8,1.2
2024-03-25T13:29:24Z,26.509357,-76.985005,3.64,56.1,1,8,1.2
2024-03-25T13:29:29Z,26.509403,-76.984932,3.82,51.5,2,8,1.2
2024-03-25T13:29:39Z,26.509503,-76.984780,3.79,54.0,2,8,1.2
2024-03-25T13:29:44Z,26.509548,-76.984703,3.33,57.0,2,8,1.2
2024-03-25T13:29:49Z,26.509595,-76.984630,3.84,52.0,2,8,1.2
2024-03-25T13:29:54Z,26.509652,-76.984555,3.69,53.0,2,8,1.2
2024-03-25T13:29:59Z,26.509700,-76.984483,3.44,55.0,2,8,1.2
2024-03-25T13:30:04Z,26.509758,-76.984407,3.93,49.5,2,8,1.2
2024-03-25T13:30:14Z,26.509863,-76.984258,3.66,54.9,1,8,1.2
2024-03-25T13:30:19Z,26.509920,-76.984183,3.73,50.1,1,8,1.2
2024-03-25T13:30:24Z,26.509978,-76.984110,3.95,49.0,1,8,1.2
2024-03-25T13:30:29Z,26.510037,-76.984032,4.10,49.0,1,8,1.2
2024-03-25T13:30:34Z,26.510092,-76.983957,3.47,50.1,1,8,1.2
2024-03-25T13:30:39Z,26.510160,-76.983870,4.31,52.4,2,8,1.2
2024-03-25T13:30:49Z,26.510292,-76.983732,3.44,32.8,2,8,1.2
2024-03-25T13:30:54Z,26.510370,-76.983687,3.68,23.0,2,8,1.2
2024-03-25T13:30:59Z,26.510460,-76.983655,3.99,19.1,2,8,1.2
2024-03-25T13:31:04Z,26.510552,-76.983622,4.29,18.9,2,8,1.2
2024-03-25T13:31:09Z,26.510650,-76.983595,4.65,13.3,2,8,1.2
2024-03-25T13:31:14Z,26.510750,-76.983572,4.78,10.6,2,8,1.2
2024-03-25T13:31:24Z,26.510975,-76.983522,4.82,15.7,2,8,1.2
2024-03-25T13:31:29Z,26.511090,-76.983498,5.09,9.9,2,8,1.2
2024-03-25T13:31:34Z,26.511212,-76.983480,5.06,7.3,2,8,1.2
2024-03-25T13:31:39Z,26.511332,-76.983457,5.15,6.8,1,8,1.2
2024-03-25T13:31:44Z,26.511455,-76.983435,5.05,9.2,1,8,1.2
2024-03-25T13:31:49Z,26.511577,-76.983415,5.17,7.1,1,8,1.2
2024-03-25T13:31:54Z,26.511698,-76.983387,5.23,12.1,1,8,1.2
2024-03-25T13:31:59Z,26.511817,-76.983358,5.46,10.9,1,8,1.2
2024-03-25T13:32:04Z,26.511937,-76.983328,5.33,14.6,1,8,1.2
2024-03-25T13:32:09Z,26.512068,-76.983307,5.57,10.4,1,8,1.2
2024-03-25T13:32:14Z,26.512183,-76.983280,5.02,13.3,1,8,1.2
2024-03-25T13:32:19Z,26.512303,-76.983255,5.30,10.3,1,8,1.2
2024-03-25T13:32:24Z,26.512417,-76.983238,5.18,13.0,1,8,1.2
2024-03-25T13:32:29Z,26.512547,-76.983205,5.74,13.1,1,8,1.2
2024-03-25T13:32:34Z,26.512687,-76.983170,5.81,11.2,1,8,1.2
2024-03-25T13:32:39Z,26.512803,-76.983157,4.29,9.6,1,8,1.2
2024-03-25T13:32:44Z,26.512920,-76.983123,5.31,9.5,1,8,1.2
2024-03-25T13:32:54Z,26.513158,-76.983080,5.34,9.3,1,8,1.2
2024-03-25T13:32:59Z,26.513282,-76.983053,5.62,12.2,1,8,1.2
2024-03-25T13:33:04Z,26.513390,-76.983027,5.53,12.3,1,8,1.2
2024-03-25T13:33:09Z,26.513517,-76.982987,5.26,13.8,1,8,1.2
2024-03-25T13:33:14Z,26.513637,-76.982963,5.55,11.6,1,8,1.2
2024-03-25T13:33:19Z,26.513748,-76.982940,4.99,12.5,1,8,1.2
2024-03-25T13:33:24Z,26.513858,-76.982917,5.29,12.5,1,8,1.2
2024-03-25T13:33:29Z,26.513982,-76.982892,5.27,11.9,1,8,1.2
2024-03-25T13:33:34Z,26.514105,-76.982865,5.32,12.1,1,8,1.2
2024-03-25T13:33:39Z,26.514227,-76.982837,5.21,12.3,1,8,1.2
2024-03-25T13:33:49Z,26.514463,-76.982780,5.16,12.8,1,8,1.2
2024-03-25T13:33:54Z,26.514583,-76.982755,5.25,13.0,1,8,1.2
2024-03-25T13:33:59Z,26.514700,-76.982730,5.33,14.3,1,8,1.2
2024-03-25T13:34:04Z,26.514813,-76.982705,5.06,11.9,1,8,1.2
2024-03-25T13:34:09Z,26.514923,-76.982678,5.15,14.6,1,8,1.2
2024-03-25T13:34:14Z,26.515040,-76.982650,5.29,12.0,1,8,1.2
2024-03-25T13:34:19Z,26.515162,-76.982622,5.39,13.1,1,8,1.2
2024-03-25T13:34:24Z,26.515293,-76.982592,5.49,11.2,1,8,1.2
2024-03-25T13:34:29Z,26.515420,-76.982567,5.44,9.5,1,8,1.2
2024-03-25T13:34:34Z,26.515548,-76.982542,5.38,9.2,1,8,1.2
2024-03-25T13:34:39Z,26.515673,-76.982515,5.28,11.4,1,8,1.2
2024-03-25T13:34:49Z,26.515925,-76.982462,5.31,14.8,1,8,1.2
2024-03-25T13:34:54Z,26.516050,-76.982430,5.34,15.2,1,8,1.2
2024-03-25T13:34:59Z,26.516175,-76.982398,5.31,12.6,1,8,1.2
2024-03-25T13:35:04Z,26.516295,-76.982370,5.32,13.6,1,8,1.2
2024-03-25T13:35:09Z,26.516422,-76.982340,5.37,12.7,1,8,1.2
2024-03-25T13:35:19Z,26.516662,-76.982285,5.07,5.7,1,8,1.2
2024-03-25T13:35:24Z,26.516785,-76.982273,4.93,9.4,1,8,1.2
2024-03-25T13:35:29Z,26.516903,-76.982248,5.05,12.3,1,8,1.2
2024-03-25T13:35:34Z,26.517045,-76.982215,5.24,14.2,1,8,1.2
2024-03-25T13:35:39Z,26.517168,-76.982187,5.27,12.6,1,8,1.2
2024-03-25T13:35:49Z,26.517407,-76.982138,5.11,10.7,1,8,1.2
2024-03-25T13:35:54Z,26.517522,-76.982117,5.08,13.8,1,8,1.2
2024-03-25T13:35:59Z,26.517640,-76.982087,5.04,14.7,1,8,1.2
2024-03-25T13:36:04Z,26.517757,-76.982055,5.20,14.9,1,8,1.2
2024-03-25T13:36:09Z,26.517875,-76.982025,5.09,12.9,1,8,1.2
2024-03-25T13:36:19Z,26.518117,-76.981973,5.33,9.2,2,8,1.2
2024-03-25T13:36:24Z,26.518248,-76.981952,5.26,11.0,2,8,1.2
2024-03-25T13:36:29Z,26.518375,-76.981927,5.41,11.7,2,8,1.2
2024-03-25T13:36:34Z,26.518497,-76.981902,5.13,10.3,2,8,1.2
2024-03-25T13:36:39Z,26.518617,-76.981877,5.23,9.5,2,8,1.2
2024-03-25T13:36:44Z,26.518730,-76.981853,5.05,12.3,2,8,1.2
2024-03-25T13:36:49Z,26.518840,-76.981823,5.27,14.0,2,8,1.2
2024-03-25T13:36:54Z,26.518953,-76.981785,5.27,17.0,2,8,1.2
2024-03-25T13:36:59Z,26.519063,-76.981743,5.11,18.7,2,8,1.2
2024-03-25T13:37:04Z,26.519172,-76.981702,5.07,19.8,2,8,1.2
2024-03-25T13:37:09Z,26.519280,-76.981655,5.24,22.6,2,8,1.2
2024-03-25T13:37:14Z,26.519395,-76.981605,5.36,24.7,2,8,1.2
2024-03-25T13:37:19Z,26.519507,-76.981545,5.47,26.2,2,8,1.2
2024-03-25T13:37:24Z,26.519620,-76.981482,5.46,27.8,2,8,1.2
2024-03-25T13:37:29Z,26.519730,-76.981420,5.33,26.1,2,8,1.2
2024-03-25T13:37:34Z,26.519847,-76.981357,5.32,26.9,2,8,1.2
2024-03-25T13:37:39Z,26.519960,-76.981288,5.36,29.5,2,8,1.2
2024-03-25T13:37:44Z,26.520070,-76.981220,5.38,29.8,2,8,1.2
2024-03-25T13:37:54Z,26.520293,-76.981092,5.35,27.1,2,8,1.2
2024-03-25T13:37:59Z,26.520407,-76.981027,5.43,28.4,2,8,1.2
2024-03-25T13:38:04Z,26.520518,-76.980960,5.35,28.8,2,8,1.2
2024-03-25T13:38:09Z,26.520630,-76.980895,5.34,28.4,2,8,1.2
2024-03-25T13:38:14Z,26.520742,-76.980832,5.34,28.3,2,8,1.2
2024-03-25T13:38:19Z,26.520855,-76.980767,5.47,27.8,2,8,1.2
2024-03-25T13:38:29Z,26.521080,-76.980640,5.34,27.8,2,8,1.2
2024-03-25T13:38:34Z,26.521192,-76.980575,5.31,28.9,2,8,1.2
2024-03-25T13:38:39Z,26.521300,-76.980508,5.40,28.4,2,8,1.2
2024-03-25T13:38:44Z,26.521413,-76.980443,5.40,29.7,2,8,1.2
2024-03-25T13:38:49Z,26.521523,-76.980377,5.36,29.4,2,8,1.2
2024-03-25T13:38:54Z,26.521633,-76.980308,5.35,29.5,2,8,1.2
2024-03-25T13:39:04Z,26.521853,-76.980177,5.44,29.2,2,8,1.2
2024-03-25T13:39:09Z,26.521963,-76.980112,5.35,29.9,2,8,1.2
2024-03-25T13:39:14Z,26.522073,-76.980043,5.38,30.3,2,8,1.2
2024-03-25T13:39:19Z,26.522185,-76.979972,5.49,30.9,2,8,1.2
2024-03-25T13:39:24Z,26.522298,-76.979898,5.60,30.8,2,8,1.2
2024-03-25T13:39:29Z,26.522412,-76.979828,5.60,28.5,2,8,1.2
2024-03-25T13:39:39Z,26.522642,-76.979693,5.59,29.4,2,8,1.2
2024-03-25T13:39:44Z,26.522757,-76.979627,5.58,29.3,2,8,1.2
2024-03-25T13:39:49Z,26.522872,-76.979555,5.54,29.4,2,8,1.2
2024-03-25T13:39:54Z,26.522987,-76.979488,5.46,28.3,2,8,1.2
2024-03-25T13:39:59Z,26.523100,-76.979420,5.48,29.8,2,8,1.2
2024-03-25T13:40:04Z,26.523213,-76.979352,5.53,29.6,2,8,1.2
2024-03-25T13:40:14Z,26.523438,-76.979215,5.49,30.6,2,8,1.2
2024-03-25T13:40:19Z,26.523550,-76.979147,5.40,28.8,2,8,1.2
2024-03-25T13:40:24Z,26.523662,-76.979082,5.39,28.0,2,8,1.2
2024-03-25T13:40:29Z,26.523773,-76.979017,5.39,28.7,2,8,1.2
2024-03-25T13:40:34Z,26.523880,-76.978947,5.26,32.1,2,8,1.2
2024-03-25T13:40:39Z,26.523988,-76.978878,5.45,30.0,2,7,1.2
2024-03-25T13:40:49Z,26.524205,-76.978743,5.32,26.4,2,8,1.2
2024-03-25T13:40:54Z,26.524313,-76.978682,5.22,28.3,2,8,1.2
2024-03-25T13:40:59Z,26.524425,-76.978617,5.40,29.9,2,8,1.2
2024-03-25T13:41:04Z,26.524535,-76.978550,5.34,29.5,2,8,1.2
2024-03-25T13:41:09Z,26.524643,-76.978480,5.32,30.8,2,8,1.2
2024-03-25T13:41:14Z,26.524753,-76.978410,5.41,30.2,2,8,1.2
2024-03-25T13:41:24Z,26.524973,-76.978258,5.49,37.8,2,8,1.2
2024-03-25T13:41:29Z,26.525078,-76.978172,5.75,34.5,2,8,1.2
2024-03-25T13:41:34Z,26.525190,-76.978088,5.71,35.4,2,8,1.2
2024-03-25T13:41:39Z,26.525298,-76.978007,5.69,33.7,1,8,1.2
2024-03-25T13:41:44Z,26.525402,-76.977927,5.67,35.0,1,8,1.2
2024-03-25T13:41:54Z,26.525610,-76.977763,5.44,35.8,1,8,1.2
2024-03-25T13:41:59Z,26.525715,-76.977683,5.57,35.7,1,8,1.2
2024-03-25T13:42:04Z,26.525820,-76.977602,5.51,35.6,1,8,1.2
2024-03-25T13:42:09Z,26.525925,-76.977518,5.53,36.1,1,8,1.2
2024-03-25T13:42:14Z,26.526032,-76.977438,5.62,36.7,1,8,1.2
2024-03-25T13:42:24Z,26.526242,-76.977270,5.52,36.2,1,8,1.2
2024-03-25T13:42:29Z,26.526350,-76.977190,5.64,33.7,1,8,1.2
2024-03-25T13:42:34Z,26.526462,-76.977108,5.79,33.0,1,8,1.2
2024-03-25T13:42:39Z,26.526573,-76.977025,5.65,36.9,1,8,1.2
2024-03-25T13:42:49Z,26.526797,-76.976853,5.73,37.6,1,8,1.2
2024-03-25T13:42:54Z,26.526907,-76.976767,5.51,36.5,1,8,1.2
2024-03-25T13:42:59Z,26.527013,-76.976680,5.22,39.2,1,8,1.2
2024-03-25T13:43:04Z,26.527113,-76.976597,5.61,35.7,1,7,1.5
2024-03-25T13:43:09Z,26.527223,-76.976517,5.50,33.1,1,8,1.2
2024-03-25T13:43:19Z,26.527448,-76.976373,5.34,29.6,1,8,1.2
2024-03-25T13:43:24Z,26.527562,-76.976313,5.35,25.0,1,8,1.2
2024-03-25T13:43:29Z,26.527672,-76.976257,5.26,26.2,1,8,1.2
2024-03-25T13:43:34Z,26.527782,-76.976197,5.29,27.3,1,8,1.2
2024-03-25T13:43:39Z,26.527892,-76.976142,5.25,24.2,1,8,1.2
2024-03-25T13:43:44Z,26.528003,-76.976092,5.27,23.5,1,8,1.2
2024-03-25T13:43:49Z,26.528115,-76.976040,5.32,23.1,1,8,1.2
2024-03-25T13:43:54Z,26.528227,-76.975988,5.23,23.3,1,8,1.2
2024-03-25T13:43:59Z,26.528345,-76.975938,5.27,21.6,1,8,1.2
2024-03-25T13:44:09Z,26.528582,-76.975840,5.10,22.3,1,8,1.2
2024-03-25T13:44:14Z,26.528695,-76.975792,5.61,20.4,1,8,1.1
2024-03-25T13:44:19Z,26.528812,-76.975747,5.36,20.9,1,8,1.1
2024-03-25T13:44:24Z,26.528927,-76.975702,5.37,20.1,1,8,1.1
2024-03-25T13:44:29Z,26.529047,-76.975657,5.35,21.6,1,8,1.1
2024-03-25T13:44:34Z,26.529163,-76.975607,5.30,22.9,1,8,1.1
2024-03-25T13:44:39Z,26.529277,-76.975558,5.25,20.9,1,8,1.1
2024-03-25T13:44:44Z,26.529393,-76.975515,5.41,17.6,1,8,1.1
2024-03-25T13:44:49Z,26.529532,-76.975478,5.55,14.6,1,8,1.1
2024-03-25T13:44:54Z,26.529647,-76.975443,5.47,14.2,1,8,1.1
2024-03-25T13:44:59Z,26.529770,-76.975405,5.28,20.8,1,8,1.1
2024-03-25T13:45:04Z,26.529885,-76.975358,5.24,22.2,1,8,1.1
2024-03-25T13:45:09Z,26.530002,-76.975308,5.06,24.0,1,8,1.1
2024-03-25T13:45:14Z,26.530110,-76.975255,5.28,25.0,1,8,1.1
2024-03-25T13:45:24Z,26.530335,-76.975147,5.20,25.9,1,8,1.1
2024-03-25T13:45:29Z,26.530450,-76.975087,5.36,25.4,1,8,1.1
2024-03-25T13:45:34Z,26.530558,-76.975030,5.40,24.2,1,8,1.1
2024-03-25T13:45:39Z,26.530673,-76.974968,5.53,27.9,1,8,1.1
2024-03-25T13:45:44Z,26.530788,-76.974897,5.48,32.7,2,8,1.1
2024-03-25T13:45:49Z,26.530902,-76.974815,5.56,34.3,2,8,1.1
2024-03-25T13:45:54Z,26.531015,-76.974732,5.51,35.6,2,8,1.1
2024-03-25T13:45:59Z,26.531110,-76.974652,5.20,39.0,2,8,1.1
2024-03-25T13:46:04Z,26.531208,-76.974572,5.30,39.8,2,8,1.1
2024-03-25T13:46:09Z,26.531310,-76.974488,5.33,40.4,2,8,1.1
2024-03-25T13:46:19Z,26.531507,-76.974320,5.35,40.8,2,8,1.1
2024-03-25T13:46:24Z,26.531598,-76.974235,5.32,42.5,2,8,1.1
2024-03-25T13:46:29Z,26.531692,-76.974147,5.38,40.1,2,8,1.1
2024-03-25T13:46:34Z,26.531788,-76.974065,5.30,36.8,2,8,1.1
2024-03-25T13:46:39Z,26.531892,-76.973985,5.66,34.6,2,8,1.1
2024-03-25T13:46:49Z,26.532095,-76.973818,5.61,35.7,2,8,1.1
2024-03-25T13:46:54Z,26.532198,-76.973727,5.49,39.4,1,8,1.1
2024-03-25T13:46:59Z,26.532302,-76.973635,5.63,37.9,1,8,1.1
2024-03-25T13:47:04Z,26.532408,-76.973545,5.51,38.6,2,8,1.1
2024-03-25T13:47:09Z,26.532517,-76.973457,5.51,38.2,2,8,1.1
2024-03-25T13:47:19Z,26.532723,-76.973280,5.75,35.4,2,8,1.1
2024-03-25T13:47:24Z,26.532825,-76.973195,5.27,39.1,2,8,1.1
2024-03-25T13:47:29Z,26.532928,-76.973110,5.57,34.5,2,8,1.1
2024-03-25T13:47:34Z,26.533032,-76.973032,5.19,36.3,2,8,1.1
2024-03-25T13:47:39Z,26.533142,-76.972957,5.46,32.0,2,8,1.1
2024-03-25T13:47:49Z,26.533358,-76.972805,5.61,33.7,2,8,1.1
2024-03-25T13:47:54Z,26.533472,-76.972728,5.49,33.4,2,8,1.1
2024-03-25T13:47:59Z,26.533583,-76.972652,5.60,33.1,2,8,1.1
2024-03-25T13:48:04Z,26.533692,-76.972572,5.54,34.3,2,8,1.1
2024-03-25T13:48:09Z,26.533800,-76.972493,5.58,34.2,2,8,1.1
2024-03-25T13:48:19Z,26.534008,-76.972337,5.50,33.4,2,8,1.1
2024-03-25T13:48:24Z,26.534113,-76.972260,5.55,33.9,2,8,1.1
2024-03-25T13:48:29Z,26.534222,-76.972182,5.60,33.8,2,8,1.1
2024-03-25T13:48:34Z,26.534332,-76.972105,5.54,32.2,2,8,1.1
2024-03-25T13:48:39Z,26.534442,-76.972030,5.53,33.0,2,8,1.1
2024-03-25T13:48:49Z,26.534663,-76.971872,5.57,34.8,2,8,1.1
2024-03-25T13:48:54Z,26.534775,-76.971790,5.64,33.0,2,8,1.1
2024-03-25T13:48:59Z,26.534883,-76.971712,5.58,33.6,2,8,1.1
2024-03-25T13:49:04Z,26.534997,-76.971635,5.70,31.6,2,8,1.1
2024-03-25T13:49:09Z,26.535110,-76.971555,5.73,32.6,2,8,1.1
2024-03-25T13:49:14Z,26.535220,-76.971473,5.73,34.5,2,8,1.1
2024-03-25T13:49:19Z,26.535330,-76.971388,5.51,35.7,2,8,1.1
2024-03-25T13:49:24Z,26.535435,-76.971308,5.47,37.4,2,8,1.1
2024-03-25T13:49:29Z,26.535543,-76.971227,5.63,34.6,2,8,1.1
2024-03-25T13:49:34Z,26.535645,-76.971147,5.37,34.5,2,8,1.1
2024-03-25T13:49:39Z,26.535745,-76.971072,5.21,35.5,2,8,1.1
2024-03-25T13:49:49Z,26.535952,-76.970920,5.35,34.9,2,8,1.1
2024-03-25T13:49:54Z,26.536057,-76.970843,5.39,34.0,2,8,1.1
2024-03-25T13:49:59Z,26.536163,-76.970770,5.39,33.1,2,8,1.1
2024-03-25T13:50:04Z,26.536270,-76.970697,5.27,32.5,2,8,1.1
2024-03-25T13:50:09Z,26.536375,-76.970625,5.28,32.5,2,8,1.1
2024-03-25T13:50:19Z,26.536585,-76.970473,5.29,33.5,2,8,1.1
2024-03-25T13:50:24Z,26.536695,-76.970400,5.50,31.4,2,8,1.1
2024-03-25T13:50:29Z,26.536807,-76.970327,5.46,32.4,2,8,1.1
2024-03-25T13:50:34Z,26.536912,-76.970252,5.34,36.2,2,8,1.1
2024-03-25T13:50:39Z,26.537015,-76.970173,5.21,34.6,2,8,1.1
2024-03-25T13:50:49Z,26.537210,-76.970018,5.11,40.7,2,8,1.1
2024-03-25T13:50:54Z,26.537312,-76.969940,5.21,36.5,2,8,1.1
2024-03-25T13:50:59Z,26.537417,-76.969867,5.33,32.3,2,8,1.1
2024-03-25T13:51:04Z,26.537528,-76.969793,5.12,33.5,2,8,1.1
2024-03-25T13:51:09Z,26.537640,-76.969722,5.22,32.5,2,8,1.1
2024-03-25T13:51:19Z,26.537850,-76.969578,5.36,31.4,2,8,1.1
2024-03-25T13:51:24Z,26.537950,-76.969503,5.16,37.6,2,8,1.1
2024-03-25T13:51:29Z,26.538048,-76.969427,5.22,35.8,2,8,1.1
2024-03-25T13:51:34Z,26.538148,-76.969348,5.32,35.8,2,8,1.1
2024-03-25T13:51:39Z,26.538253,-76.969270,5.44,31.8,2,8,1.1
2024-03-25T13:51:49Z,26.538473,-76.969132,5.25,29.6,2,8,1.1
2024-03-25T13:51:54Z,26.538588,-76.969065,5.44,32.0,2,8,1.1
2024-03-25T13:51:59Z,26.538695,-76.968988,5.52,33.4,2,8,1.1
2024-03-25T13:52:04Z,26.538802,-76.968908,5.49,34.1,2,8,1.1
2024-03-25T13:52:09Z,26.538910,-76.968830,5.42,33.4,2,8,1.1
2024-03-25T13:52:19Z,26.539130,-76.968683,5.57,31.8,2,8,1.1
2024-03-25T13:52:24Z,26.539243,-76.968610,5.62,29.1,2,8,1.1
2024-03-25T13:52:29Z,26.539357,-76.968533,5.70,35.8,2,8,1.1
2024-03-25T13:52:34Z,26.539465,-76.968447,5.75,37.0,2,8,1.1
2024-03-25T13:52:39Z,26.539572,-76.968358,5.68,36.6,2,8,1.1
2024-03-25T13:52:44Z,26.539678,-76.968273,5.52,36.4,2,8,1.1
2024-03-25T13:52:54Z,26.539875,-76.968103,5.41,41.3,2,8,1.1
2024-03-25T13:52:59Z,26.539975,-76.968013,5.47,41.7,2,8,1.1
2024-03-25T13:53:04Z,26.540068,-76.967918,5.35,43.4,2,8,1.1
2024-03-25T13:53:09Z,26.540168,-76.967825,5.60,41.1,1,8,1.1
2024-03-25T13:53:14Z,26.540272,-76.967735,5.58,40.6,1,8,1.1
2024-03-25T13:53:24Z,26.540480,-76.967565,5.71,33.1,2,8,1.1
2024-03-25T13:53:29Z,26.540588,-76.967480,5.59,37.8,2,8,1.1
2024-03-25T13:53:34Z,26.540697,-76.967398,5.61,33.0,2,8,1.1
2024-03-25T13:53:39Z,26.540807,-76.967320,5.56,33.8,2,8,1.1
2024-03-25T13:53:44Z,26.540915,-76.967242,5.51,34.6,2,8,1.1
2024-03-25T13:53:49Z,26.541027,-76.967163,5.62,33.4,2,8,1.1
2024-03-25T13:53:59Z,26.541233,-76.966997,5.35,37.5,2,8,1.1
2024-03-25T13:54:04Z,26.541333,-76.966912,5.38,39.1,2,8,1.1
2024-03-25T13:54:09Z,26.541430,-76.966828,5.26,38.8,2,8,1.1
2024-03-25T13:54:14Z,26.541530,-76.966743,5.49,40.3,2,8,1.1
2024-03-25T13:54:19Z,26.541625,-76.966653,5.24,41.1,2,8,1.1
2024-03-25T13:54:24Z,26.541720,-76.966563,5.32,44.0,2,8,1.1
2024-03-25T13:54:34Z,26.541903,-76.966373,5.41,43.3,1,8,1.1
2024-03-25T13:54:39Z,26.541995,-76.966278,5.40,42.7,1,8,1.1
2024-03-25T13:54:44Z,26.542087,-76.966183,5.24,42.5,1,8,1.1
2024-03-25T13:54:49Z,26.542180,-76.966092,5.33,43.6,1,8,1.1
2024-03-25T13:54:54Z,26.542275,-76.966003,5.30,42.8,1,8,1.1
2024-03-25T13:55:04Z,26.542460,-76.965818,5.41,44.3,1,8,1.1
2024-03-25T13:55:09Z,26.542553,-76.965723,5.39,44.3,1,8,1.1
2024-03-25T13:55:14Z,26.542647,-76.965632,5.29,42.0,1,8,1.1
2024-03-25T13:55:19Z,26.542743,-76.965542,5.25,43.8,1,8,1.1
2024-03-25T13:55:24Z,26.542842,-76.965453,5.37,40.0,1,8,1.1
2024-03-25T13:55:29Z,26.542940,-76.965363,5.49,41.5,1,8,1.1
2024-03-25T13:55:34Z,26.543033,-76.965268,5.51,43.8,1,8,1.1
2024-03-25T13:55:39Z,26.543127,-76.965177,5.40,44.6,1,8,1.1
2024-03-25T13:55:44Z,26.543217,-76.965083,5.33,43.4,1,8,1.1
2024-03-25T13:55:49Z,26.543312,-76.964993,5.29,38.6,1,8,1.1
2024-03-25T13:55:54Z,26.543403,-76.964903,5.28,41.5,1,8,1.1
2024-03-25T13:55:59Z,26.543495,-76.964813,5.28,44.1,1,8,1.1
2024-03-25T13:56:04Z,26.543585,-76.964720,5.11,42.3,1,8,1.1
2024-03-25T13:56:09Z,26.543672,-76.964623,5.28,46.6,1,8,1.1
2024-03-25T13:56:14Z,26.543765,-76.964535,5.21,38.3,1,8,1.1
2024-03-25T13:56:19Z,26.543862,-76.964450,5.44,36.0,1,8,1.1
2024-03-25T13:56:24Z,26.543953,-76.964363,5.24,41.4,1,7,1.1
2024-03-25T13:56:34Z,26.544133,-76.964175,5.51,45.4,1,7,1.1
2024-03-25T13:56:39Z,26.544223,-76.964075,5.48,45.1,1,7,1.1
2024-03-25T13:56:44Z,26.544315,-76.963977,5.48,42.4,1,7,1.1
2024-03-25T13:56:49Z,26.544410,-76.963887,5.29,41.1,1,7,1.1
2024-03-25T13:56:54Z,26.544505,-76.963795,5.38,44.3,1,7,1.1
2024-03-25T13:57:04Z,26.544677,-76.963597,5.39,48.4,1,7,1.1
2024-03-25T13:57:09Z,26.544758,-76.963490,5.21,53.8,1,7,1.1
2024-03-25T13:57:14Z,26.544833,-76.963383,5.10,50.3,1,7,1.1
2024-03-25T13:57:19Z,26.544908,-76.963283,4.82,51.2,1,7,1.1
2024-03-25T13:57:24Z,26.544983,-76.963187,4.83,49.4,1,7,1.1
2024-03-25T13:57:29Z,26.545057,-76.963092,4.90,50.5,1,7,1.1
2024-03-25T13:57:39Z,26.545198,-76.962893,4.54,53.9,1,7,1.1
2024-03-25T13:57:44Z,26.545255,-76.962788,4.71,62.7,1,7,1.1
2024-03-25T13:57:49Z,26.545312,-76.962687,4.78,57.8,1,7,1.1
2024-03-25T13:57:54Z,26.545372,-76.962588,4.63,55.9,1,7,1.1
2024-03-25T13:57:59Z,26.545433,-76.962508,3.92,47.8,1,7,1.1
2024-03-25T13:58:04Z,26.545503,-76.962435,3.92,48.6,1,7,1.1
2024-03-25T13:58:14Z,26.545622,-76.962303,3.01,41.0,1,7,1.1
2024-03-25T13:58:19Z,26.545665,-76.962252,2.50,36.4,1,7,1.1
2024-03-25T13:58:24Z,26.545707,-76.962220,2.10,35.2,1,7,1.1
2024-03-25T13:58:29Z,26.545740,-76.962190,2.05,50.0,1,7,1.1
2024-03-25T13:58:34Z,26.545773,-76.962150,1.77,49.3,1,7,1.1
2024-03-25T13:58:39Z,26.545807,-76.962113,2.02,48.4,1,7,1.1
2024-03-25T13:58:44Z,26.545840,-76.962075,2.09,45.6,1,7,1.1
2024-03-25T13:58:49Z,26.545877,-76.962037,2.20,45.6,1,7,1.1
2024-03-25T13:58:54Z,26.545915,-76.962000,2.40,42.1,1,7,1.1
2024-03-25T13:58:59Z,26.545957,-76.961962,2.34,40.8,1,7,1.1
2024-03-25T13:59:04Z,26.545993,-76.961935,1.79,29.7,1,7,1.1
2024-03-25T13:59:09Z,26.546030,-76.961920,1.44,19.8,1,7,1.1
2024-03-25T13:59:14Z,26.546057,-76.961917,1.23,0.1,1,7,1.1
2024-03-25T13:59:19Z,26.546083,-76.961920,0.90,349.7,1,7,1.1
2024-03-25T13:59:24Z,26.546103,-76.961928,0.85,330.1,1,7,1.1
2024-03-25T13:59:29Z,26.546115,-76.961948,0.78,282.3,1,7,1.1
2024-03-25T13:59:34Z,26.546113,-76.961967,0.46,261.4,1,7,1.1
2024-03-25T13:59:39Z,26.546103,-76.961983,0.78,219.8,1,7,1.1
2024-03-25T13:59:49Z,26.546067,-76.962027,0.68,224.0,1,7,1.1
2024-03-25T13:59:54Z,26.546065,-76.962035,1.14,214.9,1,7,1.1
2024-03-25T13:59:59Z,26.546048,-76.962052,0.85,207.2,1,7,1.1
2024-03-25T14:00:04Z,26.546032,-76.962063,0.60,225.9,1,7,1.1
2024-03-25T14:00:09Z,26.546023,-76.962078,0.88,207.7,1,7,1.1
2024-03-25T14:00:14Z,26.546015,-76.962090,0.70,206.3,1,7,1.1
2024-03-25T14:00:19Z,26.546005,-76.962098,0.32,236.5,1,7,1.1
2024-03-25T14:00:24Z,26.546007,-76.962103,0.36,259.7,1,7,1.1
2024-03-25T14:00:29Z,26.546002,-76.962128,0.59,233.5,1,7,1.1
2024-03-25T14:00:34Z,26.546015,-76.962132,0.25,217.0,1,7,1.1
2024-03-25T14:00:39Z,26.546025,-76.962142,0.67,220.9,1,7,1.1
2024-03-25T14:00:44Z,26.546013,-76.962145,0.47,225.8,1,7,1.1
2024-03-25T14:00:54Z,26.545992,-76.962155,0.45,189.3,1,7,1.1
2024-03-25T14:00:59Z,26.545983,-76.962158,0.35,193.0,1,7,1.1
2024-03-25T14:01:04Z,26.545972,-76.962158,0.39,150.8,1,7,1.1
2024-03-25T14:01:09Z,26.545967,-76.962157,0.25,139.6,1,7,1.1
2024-03-25T14:01:14Z,26.545965,-76.962152,0.17,89.2,1,7,1.1
2024-03-25T14:01:19Z,26.545963,-76.962145,0.15,148.0,1,7,1.1
2024-03-25T14:01:24Z,26.545973,-76.962142,0.21,345.5,1,7,1.1
2024-03-25T14:01:29Z,26.545972,-76.962147,0.35,284.7,1,7,1.1
2024-03-25T14:01:34Z,26.545975,-76.962153,0.28,309.5,1,7,1.1
2024-03-25T14:01:39Z,26.545978,-76.962160,0.33,311.6,1,7,1.1
2024-03-25T14:01:44Z,26.545990,-76.962162,0.37,2.8,1,7,1.1
2024-03-25T14:01:49Z,26.545998,-76.962163,0.23,351.7,1,7,1.1
2024-03-25T14:01:54Z,26.546003,-76.962168,0.21,310.8,1,7,1.1
2024-03-25T14:01:59Z,26.546015,-76.962177,0.27,297.4,1,7,1.1
2024-03-25T14:02:04Z,26.546028,-76.962175,0.21,30.5,1,7,1.1
2024-03-25T14:02:09Z,26.546028,-76.962177,0.13,75.1,1,7,1.1
2024-03-25T14:02:14Z,26.546025,-76.962177,0.10,153.1,1,7,1.1
2024-03-25T14:02:19Z,26.546023,-76.962175,0.15,121.8,1,7,1.1
2024-03-25T14:02:29Z,26.546018,-76.962177,0.34,92.8,2,7,1.1
2024-03-25T14:02:34Z,26.546025,-76.962175,0.20,96.3,2,7,1.1
2024-03-25T14:02:39Z,26.546027,-76.962173,0.23,20.8,1,7,1.1
2024-03-25T14:02:44Z,26.546020,-76.962168,0.40,143.8,1,7,1.1
2024-03-25T14:02:49Z,26.546013,-76.962163,0.33,151.7,1,7,1.1
2024-03-25T14:02:54Z,26.546005,-76.962162,0.30,149.3,1,7,1.1
2024-03-25T14:03:04Z,26.545992,-76.962160,0.34,176.4,1,7,1.1
2024-03-25T14:03:09Z,26.545983,-76.962160,0.14,151.7,1,7,1.1
2024-03-25T14:03:14Z,26.545973,-76.962165,0.13,178.8,1,7,1.1
2024-03-25T14:03:19Z,26.545968,-76.962167,0.19,182.9,1,7,1.1
2024-03-25T14:03:24Z,26.545978,-76.962170,0.21,198.3,1,7,1.1
2024-03-25T14:03:29Z,26.545973,-76.962172,0.16,194.6,1,7,1.1
2024-03-25T14:03:34Z,26.545968,-76.962172,0.12,210.8,1,7,1.1
2024-03-25T14:03:39Z,26.545970,-76.962173,0.04,166.6,1,7,1.1
2024-03-25T14:03:44Z,26.545973,-76.962175,0.10,258.3,1,7,1.1
2024-03-25T14:03:49Z,26.545977,-76.962177,0.11,359.2,1,7,1.1
2024-03-25T14:03:54Z,26.545982,-76.962178,0.21,5.6,1,7,1.1
2024-03-25T14:03:59Z,26.545988,-76.962178,0.18,343.7,1,7,1.1
2024-03-25T14:04:09Z,26.545997,-76.962180,0.15,320.2,1,7,1.1
2024-03-25T14:04:14Z,26.546002,-76.962178,0.03,57.2,1,7,1.1
2024-03-25T14:04:19Z,26.546010,-76.962182,0.10,349.6,1,7,1.1
2024-03-25T14:04:24Z,26.546015,-76.962185,0.08,227.0,1,7,1.1
2024-03-25T14:04:29Z,26.546017,-76.962187,0.09,185.6,1,7,1.1
2024-03-25T14:04:34Z,26.546017,-76.962187,0.33,168.0,1,7,1.1
2024-03-25T14:04:44Z,26.546005,-76.962177,0.47,130.8,1,7,1.1
2024-03-25T14:04:49Z,26.546013,-76.962168,0.45,109.7,2,7,1.1
2024-03-25T14:04:54Z,26.545997,-76.962158,0.62,154.3,2,7,1.1
2024-03-25T14:04:59Z,26.545978,-76.962157,0.46,145.8,2,7,1.1
2024-03-25T14:05:04Z,26.545962,-76.962165,0.29,57.2,2,7,1.1
2024-03-25T14:05:09Z,26.545963,-76.962158,0.17,155.9,1,7,1.1
2024-03-25T14:05:14Z,26.545968,-76.962158,0.15,186.3,1,7,1.1
2024-03-25T14:05:19Z,26.545982,-76.962160,0.45,251.0,1,7,1.1
2024-03-25T14:05:24Z,26.545987,-76.962165,0.19,236.4,1,7,1.1
2024-03-25T14:05:29Z,26.545983,-76.962168,0.23,216.0,1,7,1.1
2024-03-25T14:05:34Z,26.545982,-76.962170,0.12,261.3,1,7,1.1
2024-03-25T14:05:39Z,26.545985,-76.962172,0.07,284.8,1,7,1.1
2024-03-25T14:05:49Z,26.545987,-76.962162,0.11,58.3,1,7,1.1
2024-03-25T14:05:54Z,26.545993,-76.962160,0.03,346.8,1,7,1.1
2024-03-25T14:05:59Z,26.545997,-76.962163,0.05,165.7,1,7,1.2
2024-03-25T14:06:04Z,26.546002,-76.962167,0.10,211.1,1,7,1.2
2024-03-25T14:06:09Z,26.546002,-76.962168,0.05,142.5,1,7,1.2
2024-03-25T14:06:14Z,26.546005,-76.962168,0.15,21.0,1,7,1.2
2024-03-25T14:06:24Z,26.546022,-76.962167,0.18,141.9,1,7,1.2
2024-03-25T14:06:29Z,26.546020,-76.962163,0.11,108.5,1,7,1.2
2024-03-25T14:06:34Z,26.546015,-76.962160,0.33,72.2,1,7,1.2
2024-03-25T14:06:39Z,26.546007,-76.962155,0.51,182.2,1,7,1.2
2024-03-25T14:06:44Z,26.546000,-76.962158,0.43,63.8,1,7,1.2
2024-03-25T14:06:49Z,26.545998,-76.962160,0.10,134.3,1,7,1.2
2024-03-25T14:06:54Z,26.546003,-76.962168,0.17,344.3,1,6,1.4
2024-03-25T14:06:59Z,26.546013,-76.962168,0.32,182.7,1,6,1.4
2024-03-25T14:07:04Z,26.546035,-76.962170,0.14,266.5,1,6,1.4
2024-03-25T14:07:09Z,26.546053,-76.962177,0.28,148.2,1,6,1.4
2024-03-25T14:07:14Z,26.546068,-76.962177,0.33,142.5,1,6,1.4
2024-03-25T14:07:19Z,26.546047,-76.962172,0.78,310.2,1,6,1.4
2024-03-25T14:07:29Z,26.546052,-76.962170,0.45,196.9,1,6,1.4
2024-03-25T14:07:34Z,26.546025,-76.962172,1.14,194.9,1,6,1.4
2024-03-25T14:07:39Z,26.546030,-76.962173,0.05,68.5,1,6,1.4
2024-03-25T14:07:44Z,26.546017,-76.962162,1.05,166.2,1,6,1.4
2024-03-25T14:07:49Z,26.546022,-76.962157,0.65,5.9,1,6,1.4
2024-03-25T14:07:59Z,26.546043,-76.962165,0.34,141.6,1,6,1.4
2024-03-25T14:08:04Z,26.546013,-76.962158,0.34,166.5,1,6,1.4
2024-03-25T14:08:09Z,26.546027,-76.962165,0.12,185.2,1,6,1.4
2024-03-25T14:08:14Z,26.546038,-76.962168,0.31,174.1,1,5,2.6
2024-03-25T14:08:19Z,26.546028,-76.962170,0.34,138.6,1,6,1.4
2024-03-25T14:08:24Z,26.546032,-76.962167,0.47,71.5,1,6,1.4
2024-03-25T14:08:34Z,26.546027,-76.962158,0.44,108.8,1,6,1.4
2024-03-25T14:08:39Z,26.546028,-76.962150,0.27,119.0,1,6,1.4
2024-03-25T14:08:44Z,26.546028,-76.962148,0.33,152.0,1,6,1.4
2024-03-25T14:08:49Z,26.546023,-76.962148,0.27,235.6,1,6,1.4
2024-03-25T14:08:54Z,26.546017,-76.962153,0.14,211.1,1,6,1.4
2024-03-25T14:09:04Z,26.545995,-76.962155,0.12,187.2,1,6,1.4
2024-03-25T14:09:09Z,26.546012,-76.962162,0.25,185.9,1,6,1.4
2024-03-25T14:09:14Z,26.546003,-76.962167,0.14,294.8,1,6,1.4
2024-03-25T14:09:19Z,26.546013,-76.962175,0.08,311.3,1,6,1.4
2024-03-25T14:09:24Z,26.546015,-76.962178,0.04,298.4,1,5,1.6
2024-03-25T14:09:29Z,26.546005,-76.962172,0.16,139.7,1,6,1.4
2024-03-25T14:09:39Z,26.546002,-76.962170,0.29,196.0,1,6,1.4
2024-03-25T14:09:44Z,26.546007,-76.962165,0.37,236.8,1,6,1.4
2024-03-25T14:09:49Z,26.546013,-76.962168,0.26,100.7,1,6,1.4
2024-03-25T14:09:54Z,26.546013,-76.962170,0.16,146.4,1,6,1.4
2024-03-25T14:09:59Z,26.546015,-76.962170,0.22,127.9,1,6,1.4
2024-03-25T14:10:09Z,26.546010,-76.962160,0.20,105.7,1,6,1.4
2024-03-25T14:10:14Z,26.546017,-76.962150,0.37,109.5,1,6,1.3
2024-03-25T14:10:19Z,26.546005,-76.962135,0.55,142.5,1,6,1.3
2024-03-25T14:10:24Z,26.545992,-76.962122,0.58,132.6,1,6,1.3
2024-03-25T14:10:29Z,26.545978,-76.962112,0.30,162.9,1,6,1.3
2024-03-25T14:10:34Z,26.545968,-76.962115,1.04,212.5,1,5,1.6
2024-03-25T14:10:44Z,26.545997,-76.962150,0.82,211.9,1,6,1.3
2024-03-25T14:10:49Z,26.545988,-76.962153,0.82,338.8,1,6,1.3
2024-03-25T14:10:54Z,26.546023,-76.962183,0.78,349.8,1,5,2.5
2024-03-25T14:10:59Z,26.546022,-76.962177,0.32,270.1,1,6,1.3
2024-03-25T14:11:04Z,26.546043,-76.962192,0.49,343.8,1,6,1.3
2024-03-25T14:11:14Z,26.546038,-76.962192,0.20,204.1,1,6,1.3
2024-03-25T14:11:19Z,26.546037,-76.962202,0.26,252.3,1,6,1.3
2024-03-25T14:11:24Z,26.546057,-76.962202,0.45,196.0,1,6,1.3
2024-03-25T14:11:29Z,26.546055,-76.962213,0.08,220.1,1,6,1.3
2024-03-25T14:11:34Z,26.546042,-76.962198,0.03,181.7,1,5,2.4
2024-03-25T14:11:39Z,26.546032,-76.962185,0.72,150.7,1,6,1.3
2024-03-25T14:11:49Z,26.546020,-76.962177,0.51,105.3,1,6,1.3
2024-03-25T14:11:54Z,26.546032,-76.962162,0.27,127.7,1,7,1.2
2024-03-25T14:11:59Z,26.546022,-76.962157,0.19,196.2,1,6,1.3
2024-03-25T14:12:04Z,26.546030,-76.962160,0.24,282.6,1,7,1.2
2024-03-25T14:12:09Z,26.546038,-76.962167,0.29,264.4,1,7,1.2
2024-03-25T14:12:14Z,26.546040,-76.962173,0.03,295.0,1,7,1.2
2024-03-25T14:12:19Z,26.546047,-76.962183,0.10,28.4,1,7,1.2
2024-03-25T14:12:24Z,26.546057,-76.962190,0.20,21.9,1,7,1.2
2024-03-25T14:12:29Z,26.546055,-76.962192,0.15,159.0,1,7,1.2
2024-03-25T14:12:34Z,26.546058,-76.962198,0.39,357.7,1,7,1.2
2024-03-25T14:12:39Z,26.546060,-76.962200,0.43,179.2,1,7,1.2
2024-03-25T14:12:44Z,26.546053,-76.962195,0.38,174.9,1,7,1.2
2024-03-25T14:12:54Z,26.546043,-76.962198,0.63,33.2,1,7,1.2
2024-03-25T14:12:59Z,26.546052,-76.962197,0.37,155.1,1,7,1.2
2024-03-25T14:13:04Z,26.546045,-76.962187,0.70,143.2,1,7,1.2
2024-03-25T14:13:09Z,26.546033,-76.962180,0.73,182.8,1,7,1.2
2024-03-25T14:13:14Z,26.546047,-76.962178,0.16,121.4,1,7,1.2
2024-03-25T14:13:19Z,26.546065,-76.962175,0.58,32.3,1,7,1.2
2024-03-25T14:13:24Z,26.546065,-76.962173,0.31,129.8,1,7,1.2
2024-03-25T14:13:29Z,26.546048,-76.962168,0.37,140.2,1,7,1.2
2024-03-25T14:13:34Z,26.546042,-76.962168,0.08,193.3,1,7,1.2
2024-03-25T14:13:39Z,26.546035,-76.962167,0.33,156.0,1,7,1.2
2024-03-25T14:13:44Z,26.546027,-76.962167,0.24,185.1,1,7,1.2
2024-03-25T14:13:49Z,26.546022,-76.962170,0.12,228.9,1,7,1.2
2024-03-25T14:13:59Z,26.546017,-76.962175,0.09,225.7,1,7,1.2
2024-03-25T14:14:04Z,26.546023,-76.962182,0.03,224.3,1,7,1.2
2024-03-25T14:14:09Z,26.546023,-76.962185,0.04,196.1,1,7,1.2
2024-03-25T14:14:14Z,26.546027,-76.962183,0.10,126.2,1,7,1.2
2024-03-25T14:14:19Z,26.546023,-76.962178,0.15,160.9,1,7,1.2
2024-03-25T14:14:24Z,26.546022,-76.962177,0.11,167.9,1,7,1.2
2024-03-25T14:14:29Z,26.546015,-76.962175,0.33,157.1,1,7,1.2
2024-03-25T14:14:34Z,26.546005,-76.962173,0.37,143.9,1,7,1.2
2024-03-25T14:14:39Z,26.546005,-76.962170,0.34,135.8,1,7,1.2
2024-03-25T14:14:44Z,26.546030,-76.962172,0.12,54.5,1,7,1.2
2024-03-25T14:14:49Z,26.546042,-76.962177,0.24,7.7,1,7,1.2
2024-03-25T14:14:54Z,26.546050,-76.962177,0.20,358.5,1,7,1.2
2024-03-25T14:15:04Z,26.546050,-76.962182,0.37,179.8,1,7,1.2
2024-03-25T14:15:09Z,26.546040,-76.962182,0.51,165.8,1,7,1.2
2024-03-25T14:15:14Z,26.546037,-76.962178,0.11,126.3,1,7,1.2
2024-03-25T14:15:19Z,26.546040,-76.962180,0.07,37.3,1,7,1.2
2024-03-25T14:15:24Z,26.546043,-76.962183,0.09,324.4,1,7,1.2
2024-03-25T14:15:29Z,26.546052,-76.962190,0.34,342.6,1,7,1.2
2024-03-25T14:15:34Z,26.546055,-76.962193,0.17,309.6,1,7,1.2
2024-03-25T14:15:39Z,26.546057,-76.962197,0.26,305.6,1,7,1.2
2024-03-25T14:15:44Z,26.546047,-76.962200,0.19,31.1,1,7,1.2
2024-03-25T14:15:49Z,26.546047,-76.962198,0.34,101.4,1,7,1.2
2024-03-25T14:15:54Z,26.546060,-76.962197,0.18,84.8,1,7,1.2
2024-03-25T14:15:59Z,26.546065,-76.962195,0.23,30.0,1,7,1.2
2024-03-25T14:16:09Z,26.546065,-76.962193,0.08,126.8,1,7,1.2
2024-03-25T14:16:14Z,26.546063,-76.962198,0.23,252.2,1,7,1.2
2024-03-25T14:16:19Z,26.546063,-76.962205,0.09,283.1,1,7,1.2
2024-03-25T14:16:24Z,26.546067,-76.962207,0.21,67.9,1,7,1.2
2024-03-25T14:16:29Z,26.546068,-76.962200,0.37,98.5,1,7,1.2
2024-03-25T14:16:34Z,26.546067,-76.962193,0.11,8.8,1,7,1.2
2024-03-25T14:16:39Z,26.546048,-76.962177,0.53,145.6,1,7,1.2
2024-03-25T14:16:44Z,26.546040,-76.962173,0.33,156.8,1,7,1.2
2024-03-25T14:16:49Z,26.546032,-76.962170,0.28,129.8,1,8,0.9
2024-03-25T14:16:54Z,26.546030,-76.962168,0.15,91.7,1,8,0.9
2024-03-25T14:16:59Z,26.546012,-76.962155,0.42,157.5,1,8,0.9
2024-03-25T14:17:04Z,26.546002,-76.962148,0.80,150.2,1,7,1.1
2024-03-25T14:17:14Z,26.546013,-76.962157,0.15,217.2,1,8,0.9
2024-03-25T14:17:19Z,26.546013,-76.962160,0.12,215.2,1,8,0.9
2024-03-25T14:17:24Z,26.546020,-76.962163,0.16,258.2,1,8,0.9
2024-03-25T14:17:29Z,26.546025,-76.962172,0.17,184.3,1,8,0.9
2024-03-25T14:17:34Z,26.546027,-76.962183,0.31,213.4,1,8,0.9
2024-03-25T14:17:39Z,26.546028,-76.962188,0.24,292.0,1,8,0.9
2024-03-25T14:17:44Z,26.546030,-76.962195,0.13,98.2,1,8,0.9
2024-03-25T14:17:49Z,26.546035,-76.962193,0.16,106.3,1,8,0.9
2024-03-25T14:17:54Z,26.546040,-76.962195,0.18,116.8,1,8,0.9
2024-03-25T14:17:59Z,26.546042,-76.962197,0.23,295.3,1,8,0.9
2024-03-25T14:18:04Z,26.546042,-76.962202,0.07,182.7,1,8,0.9
2024-03-25T14:18:09Z,26.546048,-76.962202,0.26,29.4,1,8,0.9
2024-03-25T14:18:19Z,26.546062,-76.962207,0.31,308.2,1,8,0.9
2024-03-25T14:18:24Z,26.546072,-76.962215,0.10,306.0,1,8,0.9
2024-03-25T14:18:29Z,26.546077,-76.962218,0.38,37.5,1,8,0.9
2024-03-25T14:18:34Z,26.546080,-76.962213,0.17,100.3,1,8,0.9
2024-03-25T14:18:39Z,26.546082,-76.962213,0.06,42.9,1,8,0.9
2024-03-25T14:18:44Z,26.546080,-76.962210,0.21,313.0,1,8,0.9
2024-03-25T14:18:54Z,26.546068,-76.962205,0.15,104.1,1,8,0.9
2024-03-25T14:18:59Z,26.546060,-76.962195,0.47,117.4,1,8,0.9
2024-03-25T14:19:04Z,26.546063,-76.962190,0.46,134.2,1,8,0.9
2024-03-25T14:19:09Z,26.546058,-76.962182,0.47,148.3,1,8,0.9
2024-03-25T14:19:14Z,26.546050,-76.962172,0.29,123.6,1,8,0.9
2024-03-25T14:19:19Z,26.546037,-76.962163,0.41,157.0,1,8,0.9
2024-03-25T14:19:29Z,26.546028,-76.962160,0.27,164.7,1,8,0.9
2024-03-25T14:19:34Z,26.546022,-76.962158,0.24,186.6,1,8,0.9
2024-03-25T14:19:39Z,26.546020,-76.962160,0.37,178.0,1,8,0.9
2024-03-25T14:19:44Z,26.546018,-76.962162,0.15,144.6,1,8,0.9
2024-03-25T14:19:49Z,26.546013,-76.962162,0.15,180.2,1,8,0.9
2024-03-25T14:19:59Z,26.546008,-76.962170,0.24,197.9,1,8,0.9
2024-03-25T14:20:04Z,26.546008,-76.962172,0.15,68.1,1,8,0.9
2024-03-25T14:20:09Z,26.546005,-76.962180,0.25,36.9,1,8,0.9
2024-03-25T14:20:14Z,26.546003,-76.962183,0.13,13.2,1,8,0.9
2024-03-25T14:20:19Z,26.546007,-76.962187,0.15,331.4,1,8,0.9
2024-03-25T14:20:29Z,26.546007,-76.962190,0.26,243.9,1,8,0.9
2024-03-25T14:20:34Z,26.546015,-76.962197,0.14,14.2,1,8,0.9
2024-03-25T14:20:39Z,26.546018,-76.962193,0.17,91.1,1,8,0.9
2024-03-25T14:20:44Z,26.546023,-76.962192,0.16,353.9,1,8,0.9
2024-03-25T14:20:49Z,26.546032,-76.962193,0.16,349.5,1,8,0.9
2024-03-25T14:20:59Z,26.546025,-76.962195,0.37,226.2,1,8,0.9
2024-03-25T14:21:04Z,26.546018,-76.962187,0.29,32.2,1,8,0.9
2024-03-25T14:21:09Z,26.546027,-76.962190,0.13,293.8,1,7,1.1
2024-03-25T14:21:14Z,26.546033,-76.962192,0.25,308.8,1,8,0.9
2024-03-25T14:21:19Z,26.546048,-76.962202,0.28,259.9,1,8,0.9
2024-03-25T14:21:29Z,26.546062,-76.962207,0.21,58.7,1,8,0.9
2024-03-25T14:21:34Z,26.546065,-76.962207,0.32,66.5,1,9,0.9
2024-03-25T14:21:39Z,26.546073,-76.962203,0.16,321.0,1,9,0.9
2024-03-25T14:21:44Z,26.546082,-76.962203,0.42,342.4,1,9,0.9
2024-03-25T14:21:49Z,26.546080,-76.962202,0.07,146.2,1,9,0.9
2024-03-25T14:21:54Z,26.546075,-76.962202,0.13,282.5,1,9,0.9
2024-03-25T14:22:04Z,26.546077,-76.962212,0.04,347.0,1,9,0.9
2024-03-25T14:22:09Z,26.546073,-76.962207,0.18,97.9,1,9,0.9
2024-03-25T14:22:14Z,26.546077,-76.962202,0.20,93.2,1,9,0.9
2024-03-25T14:22:19Z,26.546075,-76.962197,0.34,133.2,1,9,0.9
2024-03-25T14:22:24Z,26.546072,-76.962193,0.27,148.2,1,9,0.9
2024-03-25T14:22:34Z,26.546062,-76.962188,0.13,175.5,1,9,0.9
2024-03-25T14:22:39Z,26.546062,-76.962187,0.07,117.7,1,9,0.9
2024-03-25T14:22:44Z,26.546063,-76.962188,0.33,336.0,1,9,0.9
2024-03-25T14:22:49Z,26.546062,-76.962190,0.08,223.8,1,9,0.9
2024-03-25T14:22:54Z,26.546060,-76.962193,0.18,194.1,1,9,0.9
2024-03-25T14:22:59Z,26.546058,-76.962195,0.12,281.3,1,9,0.9
2024-03-25T14:23:04Z,26.546057,-76.962192,0.30,145.8,1,9,0.9
2024-03-25T14:23:09Z,26.546053,-76.962190,0.55,145.3,1,9,0.9
2024-03-25T14:23:14Z,26.546050,-76.962187,0.13,127.0,1,9,0.9
2024-03-25T14:23:19Z,26.546048,-76.962185,0.09,111.0,1,9,0.9
2024-03-25T14:23:24Z,26.546040,-76.962178,0.23,179.4,1,9,0.9
2024-03-25T14:23:34Z,26.546032,-76.962177,0.16,229.1,1,8,1.0
2024-03-25T14:23:39Z,26.546032,-76.962178,0.07,12.2,1,9,0.9
2024-03-25T14:23:44Z,26.546027,-76.962180,0.21,227.5,1,9,0.9
2024-03-25T14:23:49Z,26.546020,-76.962175,0.14,32.4,1,9,0.9
2024-03-25T14:23:54Z,26.546020,-76.962173,0.15,347.1,1,9,0.9
2024-03-25T14:24:04Z,26.546030,-76.962178,0.09,344.2,1,9,0.9
2024-03-25T14:24:09Z,26.546033,-76.962183,0.23,354.9,1,9,0.9
2024-03-25T14:24:14Z,26.546033,-76.962183,0.19,157.3,1,9,0.9
2024-03-25T14:24:19Z,26.546032,-76.962183,0.02,163.2,1,9,0.9
2024-03-25T14:24:29Z,26.546028,-76.962185,0.14,321.7,1,9,0.9
2024-03-25T14:24:34Z,26.546028,-76.962187,0.25,2.7,1,8,0.9
2024-03-25T14:24:39Z,26.546032,-76.962188,0.10,14.4,1,9,0.9
2024-03-25T14:24:44Z,26.546040,-76.962193,0.37,5.7,1,9,0.9
2024-03-25T14:24:49Z,26.546050,-76.962195,0.32,0.7,1,8,0.9
2024-03-25T14:24:54Z,26.546052,-76.962197,0.16,348.1,1,9,0.9
2024-03-25T14:24:59Z,26.546055,-76.962198,0.28,337.9,1,9,0.9
2024-03-25T14:25:04Z,26.546052,-76.962200,0.12,145.6,1,9,0.9
2024-03-25T14:25:09Z,26.546053,-76.962200,0.29,266.8,1,9,0.9
2024-03-25T14:25:14Z,26.546060,-76.962200,0.30,134.5,1,9,0.9
2024-03-25T14:25:19Z,26.546060,-76.962200,0.35,353.8,1,9,0.9
2024-03-25T14:25:29Z,26.546062,-76.962190,0.29,96.3,1,8,0.9
2024-03-25T14:25:34Z,26.546062,-76.962185,0.14,84.7,1,8,0.9
2024-03-25T14:25:39Z,26.546058,-76.962182,0.47,149.4,1,8,0.9
2024-03-25T14:25:44Z,26.546055,-76.962178,0.30,143.2,1,9,0.9
2024-03-25T14:25:54Z,26.546040,-76.962180,0.34,178.2,1,9,0.9
2024-03-25T14:25:59Z,26.546035,-76.962180,0.36,175.8,1,9,0.9
2024-03-25T14:26:04Z,26.546035,-76.962182,0.12,143.7,1,9,0.9
2024-03-25T14:26:09Z,26.546032,-76.962180,0.38,142.8,1,9,0.9
2024-03-25T14:26:14Z,26.546027,-76.962180,0.30,223.5,1,9,0.9
2024-03-25T14:26:19Z,26.546020,-76.962178,0.22,185.1,1,9,0.9
2024-03-25T14:26:24Z,26.546013,-76.962180,0.19,254.9,1,9,0.9
2024-03-25T14:26:29Z,26.546010,-76.962177,0.20,87.6,1,8,0.9
2024-03-25T14:26:34Z,26.546012,-76.962173,0.21,88.7,1,8,0.9
2024-03-25T14:26:39Z,26.546012,-76.962170,0.11,154.7,1,9,0.9
2024-03-25T14:26:49Z,26.546013,-76.962180,0.21,253.6,1,9,0.9
2024-03-25T14:26:54Z,26.546012,-76.962187,0.32,143.7,1,8,0.9
2024-03-25T14:26:59Z,26.546012,-76.962182,0.41,11.3,1,9,0.9
2024-03-25T14:27:04Z,26.546013,-76.962180,0.32,9.4,1,9,0.9
2024-03-25T14:27:14Z,26.546013,-76.962180,0.25,182.7,1,9,0.9
2024-03-25T14:27:19Z,26.546013,-76.962182,0.11,302.9,1,9,0.9
2024-03-25T14:27:24Z,26.546013,-76.962185,0.31,328.1,1,9,0.9
2024-03-25T14:27:29Z,26.546018,-76.962188,0.37,354.1,1,9,0.9
2024-03-25T14:27:39Z,26.546030,-76.962188,0.26,346.7,1,9,0.9
2024-03-25T14:27:44Z,26.546028,-76.962192,0.16,271.8,1,9,0.9
2024-03-25T14:27:49Z,26.546028,-76.962197,0.39,325.4,1,9,0.9
2024-03-25T14:27:54Z,26.546033,-76.962198,0.28,17.3,1,8,0.9
2024-03-25T14:28:04Z,26.546047,-76.962197,0.22,10.9,1,8,0.9
2024-03-25T14:28:09Z,26.546048,-76.962195,0.14,344.3,1,9,0.9
2024-03-25T14:28:14Z,26.546045,-76.962193,0.11,185.2,1,8,0.9
2024-03-25T14:28:19Z,26.546042,-76.962195,0.34,199.9,1,8,0.9
2024-03-25T14:28:24Z,26.546037,-76.962193,0.14,158.5,1,8,0.9
2024-03-25T14:28:29Z,26.546035,-76.962195,0.23,60.1,1,9,0.9
2024-03-25T14:28:34Z,26.546037,-76.962190,0.41,113.9,1,9,0.9
2024-03-25T14:28:39Z,26.546038,-76.962187,0.37,129.1,1,9,0.9
2024-03-25T14:28:44Z,26.546037,-76.962185,0.20,133.7,1,9,0.9
2024-03-25T14:28:49Z,26.546033,-76.962185,0.19,343.7,1,9,0.9
2024-03-25T14:28:54Z,26.546033,-76.962187,0.15,138.4,1,8,0.9
2024-03-25T14:28:59Z,26.546027,-76.962183,0.16,193.6,1,9,0.9
2024-03-25T14:29:04Z,26.546023,-76.962188,0.23,232.8,1,9,0.9
2024-03-25T14:29:09Z,26.546023,-76.962193,0.29,183.4,1,9,0.9
2024-03-25T14:29:14Z,26.546022,-76.962192,0.14,117.5,1,9,0.9
2024-03-25T14:29:19Z,26.546027,-76.962190,0.30,354.2,1,9,0.9
2024-03-25T14:29:29Z,26.546013,-76.962178,0.16,210.4,2,9,0.9
2024-03-25T14:29:34Z,26.546013,-76.962180,0.07,217.4,2,7,1.1
2024-03-25T14:29:39Z,26.546012,-76.962180,0.18,343.3,2,7,1.1
2024-03-25T14:29:44Z,26.546015,-76.962180,0.12,52.4,2,9,0.9
2024-03-25T14:29:49Z,26.546023,-76.962185,0.12,234.2,2,9,0.9
2024-03-25T14:29:59Z,26.546038,-76.962197,0.18,29.3,2,9,0.9
2024-03-25T14:30:04Z,26.546050,-76.962195,0.02,42.0,2,9,0.9
2024-03-25T14:30:09Z,26.546060,-76.962192,0.09,105.3,2,9,0.9
2024-03-25T14:30:14Z,26.546058,-76.962182,0.16,62.7,2,8,1.0
2024-03-25T14:30:19Z,26.546062,-76.962180,0.34,140.5,2,9,0.9
2024-03-25T14:30:29Z,26.546062,-76.962177,0.15,155.4,2,9,0.9
2024-03-25T14:30:34Z,26.546052,-76.962175,0.17,137.4,1,9,0.9
2024-03-25T14:30:39Z,26.546043,-76.962177,0.12,163.3,1,9,0.9
2024-03-25T14:30:44Z,26.546037,-76.962178,0.24,176.0,1,9,0.9
2024-03-25T14:30:49Z,26.546030,-76.962180,0.21,218.6,1,9,0.9
2024-03-25T14:30:59Z,26.546030,-76.962180,0.15,8.2,1,9,0.9
2024-03-25T14:31:04Z,26.546038,-76.962187,0.24,302.5,1,9,0.9
2024-03-25T14:31:09Z,26.546038,-76.962188,0.15,31.4,1,9,0.9
2024-03-25T14:31:14Z,26.546040,-76.962185,0.15,116.8,1,9,0.9
2024-03-25T14:31:19Z,26.546035,-76.962182,0.30,198.3,1,9,0.9
2024-03-25T14:31:29Z,26.546030,-76.962180,0.27,113.6,1,9,0.9
2024-03-25T14:31:34Z,26.546032,-76.962178,0.02,126.1,1,9,0.9
2024-03-25T14:31:39Z,26.546032,-76.962180,0.12,176.5,1,9,0.9
2024-03-25T14:31:44Z,26.546032,-76.962183,0.23,181.2,1,9,0.9
2024-03-25T14:31:49Z,26.546030,-76.962190,0.29,296.0,1,9,0.9
2024-03-25T14:31:59Z,26.546033,-76.962192,0.05,44.6,1,9,0.9
2024-03-25T14:32:04Z,26.546037,-76.962192,0.05,106.8,1,9,0.9
2024-03-25T14:32:09Z,26.546037,-76.962193,0.06,322.8,1,9,0.9
2024-03-25T14:32:14Z,26.546040,-76.962197,0.07,279.9,1,9,0.9
2024-03-25T14:32:19Z,26.546043,-76.962195,0.14,35.0,1,8,0.9
2024-03-25T14:32:29Z,26.546060,-76.962195,0.27,317.6,2,9,0.9
2024-03-25T14:32:34Z,26.546072,-76.962198,0.18,326.3,2,9,0.9
2024-03-25T14:32:39Z,26.546082,-76.962202,0.11,318.2,2,9,0.9
2024-03-25T14:32:44Z,26.546087,-76.962207,0.14,304.6,2,9,0.9
2024-03-25T14:32:49Z,26.546093,-76.962207,0.10,136.3,2,9,0.9
2024-03-25T14:32:59Z,26.546108,-76.962210,0.29,15.2,2,9,0.9
2024-03-25T14:33:04Z,26.546115,-76.962215,0.09,274.0,2,9,0.9
2024-03-25T14:33:09Z,26.546120,-76.962218,0.28,12.0,2,9,0.9
2024-03-25T14:33:14Z,26.546117,-76.962222,0.14,124.9,2,9,0.9
2024-03-25T14:33:19Z,26.546108,-76.962217,0.46,157.6,2,8,0.9
2024-03-25T14:33:29Z,26.546095,-76.962205,0.31,126.1,2,9,0.9
2024-03-25T14:33:34Z,26.546087,-76.962208,0.22,109.5,1,9,0.9
2024-03-25T14:33:39Z,26.546088,-76.962205,0.32,89.7,1,9,0.9
2024-03-25T14:33:44Z,26.546087,-76.962200,0.13,115.1,1,9,0.9
2024-03-25T14:33:54Z,26.546082,-76.962202,0.03,334.5,1,9,0.9
2024-03-25T14:33:59Z,26.546085,-76.962205,0.16,300.1,1,9,0.9
2024-03-25T14:34:04Z,26.546083,-76.962210,0.29,253.9,1,9,0.9
2024-03-25T14:34:09Z,26.546078,-76.962212,0.30,132.8,1,9,0.9
2024-03-25T14:34:14Z,26.546077,-76.962207,0.33,113.0,1,9,0.9
2024-03-25T14:34:24Z,26.546073,-76.962197,0.14,201.2,1,9,0.9
2024-03-25T14:34:29Z,26.546072,-76.962198,0.16,75.8,1,9,0.9
2024-03-25T14:34:34Z,26.546070,-76.962198,0.14,192.4,1,9,0.9
2024-03-25T14:34:39Z,26.546075,-76.962198,0.13,34.8,1,7,1.1
2024-03-25T14:34:49Z,26.546082,-76.962200,0.07,345.0,1,8,0.9
2024-03-25T14:34:54Z,26.546080,-76.962205,0.13,174.5,1,9,0.9
2024-03-25T14:34:59Z,26.546082,-76.962208,0.15,180.7,1,9,0.9
2024-03-25T14:35:04Z,26.546080,-76.962210,0.13,344.8,1,8,0.9
2024-03-25T14:35:14Z,26.546077,-76.962208,0.30,74.5,1,8,0.9
2024-03-25T14:35:19Z,26.546070,-76.962202,0.29,163.3,1,9,0.9
2024-03-25T14:35:24Z,26.546068,-76.962198,0.26,62.9,1,9,0.9
2024-03-25T14:35:29Z,26.546063,-76.962202,0.34,183.1,1,9,0.9
2024-03-25T14:35:39Z,26.546048,-76.962202,0.13,163.0,1,9,0.9
2024-03-25T14:35:44Z,26.546045,-76.962205,0.25,217.8,1,9,0.9
2024-03-25T14:35:49Z,26.546035,-76.962208,0.23,323.6,1,9,0.9
2024-03-25T14:35:54Z,26.546037,-76.962213,0.20,310.4,1,8,0.9
2024-03-25T14:35:59Z,26.546042,-76.962217,0.16,275.9,1,9,0.9
2024-03-25T14:36:04Z,26.546045,-76.962222,0.14,350.8,1,8,0.9
2024-03-25T14:36:09Z,26.546048,-76.962217,0.29,141.9,1,9,0.9
2024-03-25T14:36:14Z,26.546057,-76.962217,0.02,208.8,1,9,0.9
2024-03-25T14:36:19Z,26.546060,-76.962217,0.16,357.3,1,9,0.9
2024-03-25T14:36:24Z,26.546065,-76.962217,0.15,49.7,1,9,0.9
2024-03-25T14:36:34Z,26.546075,-76.962213,0.13,10.8,1,9,0.9
2024-03-25T14:36:39Z,26.546078,-76.962213,0.16,25.4,1,9,0.9
2024-03-25T14:36:44Z,26.546078,-76.962215,0.03,349.2,1,9,0.9
2024-03-25T14:36:49Z,26.546078,-76.962213,0.24,172.6,1,8,0.9
2024-03-25T14:36:59Z,26.546073,-76.962210,0.19,108.5,1,9,0.9
2024-03-25T14:37:04Z,26.546072,-76.962210,0.15,134.8,1,9,0.9
2024-03-25T14:37:09Z,26.546077,-76.962210,0.27,132.4,1,9,0.9
2024-03-25T14:37:14Z,26.546080,-76.962207,0.18,73.2,1,9,0.9
2024-03-25T14:37:24Z,26.546077,-76.962200,0.31,153.8,1,9,0.9
2024-03-25T14:37:29Z,26.546075,-76.962203,0.10,40.4,1,9,0.9
2024-03-25T14:37:34Z,26.546072,-76.962205,0.26,153.3,1,9,0.9
2024-03-25T14:37:39Z,26.546068,-76.962203,0.23,17.4,1,9,0.9
2024-03-25T14:37:44Z,26.546073,-76.962205,0.16,161.9,1,9,0.9
2024-03-25T14:37:49Z,26.546073,-76.962205,0.03,49.7,1,9,0.9
2024-03-25T14:37:54Z,26.546072,-76.962205,0.07,8.7,1,9,0.9
2024-03-25T14:37:59Z,26.546073,-76.962210,0.14,269.1,1,9,0.9
2024-03-25T14:38:04Z,26.546075,-76.962212,0.13,6.4,1,9,0.9
2024-03-25T14:38:09Z,26.546077,-76.962213,0.07,55.6,1,9,0.9
2024-03-25T14:38:19Z,26.546083,-76.962218,0.29,62.8,1,9,0.9
2024-03-25T14:38:24Z,26.546087,-76.962218,0.19,51.7,1,9,0.9
2024-03-25T14:38:29Z,26.546092,-76.962220,0.31,11.5,1,9,0.9
2024-03-25T14:38:34Z,26.546092,-76.962220,0.10,156.1,1,8,1.0
2024-03-25T14:38:39Z,26.546092,-76.962213,0.28,165.2,2,9,0.9
2024-03-25T14:38:44Z,26.546097,-76.962205,0.31,127.6,2,9,0.9
2024-03-25T14:38:49Z,26.546090,-76.962202,0.37,99.8,2,9,0.9
2024-03-25T14:38:54Z,26.546087,-76.962192,0.29,118.9,2,9,0.9
2024-03-25T14:38:59Z,26.546075,-76.962198,0.30,155.7,2,9,0.9
2024-03-25T14:39:04Z,26.546068,-76.962197,0.16,112.7,1,9,0.9
2024-03-25T14:39:09Z,26.546067,-76.962198,0.32,165.3,1,9,0.9
2024-03-25T14:39:14Z,26.546057,-76.962205,0.36,161.9,1,9,0.9
2024-03-25T14:39:19Z,26.546057,-76.962207,0.32,14.4,1,9,0.9
2024-03-25T14:39:24Z,26.546057,-76.962210,0.19,281.8,1,9,0.9
2024-03-25T14:39:29Z,26.546057,-76.962220,0.22,295.7,1,9,0.9
2024-03-25T14:39:34Z,26.546060,-76.962222,0.47,2.3,1,9,0.9
2024-03-25T14:39:39Z,26.546067,-76.962222,0.10,302.2,1,9,0.9
2024-03-25T14:39:44Z,26.546073,-76.962223,0.31,3.5,1,9,0.9
2024-03-25T14:39:54Z,26.546082,-76.962225,0.23,6.0,1,9,0.9
2024-03-25T14:39:59Z,26.546085,-76.962225,0.07,46.3,1,9,0.9
2024-03-25T14:40:04Z,26.546090,-76.962225,0.13,20.5,1,9,0.9
2024-03-25T14:40:09Z,26.546092,-76.962225,0.02,237.2,1,9,0.9
2024-03-25T14:40:14Z,26.546095,-76.962228,0.29,194.2,1,9,0.9
2024-03-25T14:40:19Z,26.546092,-76.962233,0.29,43.3,1,9,0.9
2024-03-25T14:40:24Z,26.546087,-76.962228,0.17,185.9,1,9,0.9
2024-03-25T14:40:29Z,26.546087,-76.962225,0.45,121.9,1,9,0.9
2024-03-25T14:40:34Z,26.546097,-76.962218,0.18,120.4,1,9,0.9
2024-03-25T14:40:39Z,26.546093,-76.962220,0.25,138.7,1,9,0.9
2024-03-25T14:40:44Z,26.546087,-76.962217,0.23,146.5,1,9,0.9
2024-03-25T14:40:49Z,26.546088,-76.962213,0.37,155.5,1,9,0.9
2024-03-25T14:40:59Z,26.546083,-76.962210,0.56,167.2,1,9,0.9
2024-03-25T14:41:04Z,26.546093,-76.962217,0.01,165.7,1,9,0.9
2024-03-25T14:41:09Z,26.546095,-76.962222,0.05,322.9,1,9,0.9
2024-03-25T14:41:14Z,26.546090,-76.962222,0.31,223.3,1,9,0.9
2024-03-25T14:41:19Z,26.546078,-76.962217,0.14,96.8,1,9,0.9
2024-03-25T14:41:29Z,26.546075,-76.962208,0.44,170.1,1,9,0.9
2024-03-25T14:41:34Z,26.546073,-76.962205,0.43,121.4,1,9,0.9
2024-03-25T14:41:39Z,26.546068,-76.962200,0.31,157.8,1,9,0.9
2024-03-25T14:41:44Z,26.546062,-76.962198,0.39,200.6,1,9,0.9
2024-03-25T14:41:49Z,26.546055,-76.962198,0.22,137.8,1,9,0.9
2024-03-25T14:41:59Z,26.546060,-76.962198,0.05,312.4,1,9,0.9
2024-03-25T14:42:04Z,26.546060,-76.962192,0.24,44.9,1,9,0.9
2024-03-25T14:42:09Z,26.546060,-76.962195,0.30,175.5,1,9,0.9
2024-03-25T14:42:14Z,26.546057,-76.962198,0.03,95.7,1,9,0.9
2024-03-25T14:42:19Z,26.546055,-76.962202,0.33,260.7,1,9,0.9
2024-03-25T14:42:29Z,26.546062,-76.962213,0.29,270.8,1,9,0.9
2024-03-25T14:42:34Z,26.546065,-76.962213,0.32,69.2,1,9,0.9
2024-03-25T14:42:39Z,26.546067,-76.962205,0.31,123.8,1,9,0.9
2024-03-25T14:42:44Z,26.546065,-76.962200,0.11,147.5,1,9,0.9
2024-03-25T14:42:49Z,26.546063,-76.962198,0.06,189.2,1,9,0.9
2024-03-25T14:42:59Z,26.546062,-76.962210,0.12,247.1,1,9,0.9
2024-03-25T14:43:04Z,26.546067,-76.962207,0.42,31.8,1,9,0.9
2024-03-25T14:43:09Z,26.546070,-76.962205,0.38,11.6,1,9,0.9
2024-03-25T14:43:14Z,26.546073,-76.962203,0.12,91.0,1,9,0.9
2024-03-25T14:43:19Z,26.546073,-76.962203,0.06,201.3,1,9,0.9
2024-03-25T14:43:29Z,26.546068,-76.962210,0.13,243.9,1,9,0.9
2024-03-25T14:43:34Z,26.546067,-76.962212,0.10,104.2,1,9,0.9
2024-03-25T14:43:39Z,26.546065,-76.962208,0.16,112.0,1,9,0.9
2024-03-25T14:43:44Z,26.546063,-76.962203,0.14,83.3,1,9,0.9
2024-03-25T14:43:49Z,26.546063,-76.962197,0.45,140.9,1,9,0.9
2024-03-25T14:43:59Z,26.546035,-76.962213,0.55,214.5,1,8,1.0
2024-03-25T14:44:04Z,26.546033,-76.962218,0.12,239.6,1,9,0.9
2024-03-25T14:44:09Z,26.546035,-76.962225,0.27,293.8,1,9,0.9
2024-03-25T14:44:14Z,26.546013,-76.962255,0.60,206.7,1,9,0.9
2024-03-25T14:44:19Z,26.546045,-76.962240,0.13,10.7,1,9,0.9
2024-03-25T14:44:24Z,26.546045,-76.962230,0.15,83.8,1,9,0.9
2024-03-25T14:44:34Z,26.546053,-76.962215,0.40,29.6,1,9,0.9
2024-03-25T14:44:39Z,26.546043,-76.962223,0.51,187.5,1,9,0.9
2024-03-25T14:44:44Z,26.546043,-76.962225,0.29,58.5,1,9,0.9
2024-03-25T14:44:49Z,26.546045,-76.962223,0.10,94.8,1,9,0.9
2024-03-25T14:44:54Z,26.546045,-76.962220,0.23,129.0,1,9,0.9
2024-03-25T14:44:59Z,26.546050,-76.962215,0.08,124.3,1,9,0.9
2024-03-25T14:45:09Z,26.546047,-76.962207,0.32,137.5,1,9,0.9
2024-03-25T14:45:14Z,26.546038,-76.962207,0.08,296.6,1,8,1.0
2024-03-25T14:45:19Z,26.546042,-76.962202,0.23,4.4,1,9,0.9
2024-03-25T14:45:24Z,26.546045,-76.962202,0.17,282.5,1,9,0.9
2024-03-25T14:45:29Z,26.546047,-76.962200,0.36,83.0,1,9,0.9
2024-03-25T14:45:34Z,26.546048,-76.962197,0.18,38.6,1,9,0.9
2024-03-25T14:45:44Z,26.546055,-76.962197,0.24,297.6,1,9,0.9
2024-03-25T14:45:49Z,26.546057,-76.962202,0.13,324.5,1,9,0.9
2024-03-25T14:45:54Z,26.546062,-76.962205,0.01,8.1,1,9,0.9
2024-03-25T14:45:59Z,26.546065,-76.962205,0.13,3.9,1,9,0.9
2024-03-25T14:46:04Z,26.546067,-76.962207,0.05,244.0,1,9,0.9
2024-03-25T14:46:14Z,26.546072,-76.962212,0.19,67.8,1,9,0.9
2024-03-25T14:46:19Z,26.546073,-76.962212,0.09,284.0,1,9,0.9
2024-03-25T14:46:24Z,26.546073,-76.962213,0.11,237.2,1,9,0.9
2024-03-25T14:46:29Z,26.546072,-76.962215,0.34,71.9,1,9,0.9
2024-03-25T14:46:34Z,26.546078,-76.962220,0.27,61.4,1,9,0.9
2024-03-25T14:46:44Z,26.546088,-76.962208,0.33,72.2,1,9,0.9
2024-03-25T14:46:49Z,26.546088,-76.962207,0.27,179.3,1,9,0.9
2024-03-25T14:46:54Z,26.546087,-76.962207,0.08,203.0,1,9,0.9
2024-03-25T14:46:59Z,26.546083,-76.962208,0.14,173.9,1,9,0.9
2024-03-25T14:47:04Z,26.546083,-76.962208,0.25,169.7,1,9,0.9
2024-03-25T14:47:14Z,26.546083,-76.962210,0.24,45.7,1,9,0.9
2024-03-25T14:47:19Z,26.546087,-76.962207,0.15,61.0,1,9,0.9
2024-03-25T14:47:24Z,26.546092,-76.962207,0.24,31.4,1,9,0.9
2024-03-25T14:47:29Z,26.546093,-76.962212,0.53,224.3,1,9,0.9
2024-03-25T14:47:34Z,26.546093,-76.962217,0.22,11.4,1,9,0.9
2024-03-25T14:47:44Z,26.546112,-76.962218,0.22,25.6,1,9,0.9
2024-03-25T14:47:49Z,26.546113,-76.962210,0.36,62.8,1,9,0.9
2024-03-25T14:47:54Z,26.546112,-76.962210,0.44,101.9,1,9,0.9
2024-03-25T14:47:59Z,26.546117,-76.962213,0.33,216.1,1,9,0.9
2024-03-25T14:48:04Z,26.546113,-76.962222,0.22,269.1,1,9,0.9
2024-03-25T14:48:14Z,26.546103,-76.962213,0.15,125.0,1,9,0.9
2024-03-25T14:48:19Z,26.546107,-76.962210,0.09,156.0,1,10,0.8
2024-03-25T14:48:24Z,26.546103,-76.962212,0.03,179.1,1,10,0.8
2024-03-25T14:48:29Z,26.546098,-76.962208,0.36,143.9,1,10,0.8
2024-03-25T14:48:34Z,26.546093,-76.962202,0.35,125.2,1,10,0.8
2024-03-25T14:48:44Z,26.546078,-76.962193,0.25,161.0,1,10,0.8
2024-03-25T14:48:49Z,26.546073,-76.962192,0.24,162.4,1,10,0.8
2024-03-25T14:48:54Z,26.546070,-76.962190,0.53,148.4,1,10,0.8
2024-03-25T14:48:59Z,26.546058,-76.962185,0.23,130.4,1,10,0.8
2024-03-25T14:49:04Z,26.546058,-76.962182,0.14,98.7,1,10,0.8
2024-03-25T14:49:14Z,26.546058,-76.962185,0.12,231.9,1,10,0.8
2024-03-25T14:49:19Z,26.546062,-76.962192,0.13,270.9,1,10,0.8
2024-03-25T14:49:24Z,26.546070,-76.962197,0.22,227.1,1,10,0.8
2024-03-25T14:49:29Z,26.546070,-76.962207,0.05,241.1,1,10,0.8
2024-03-25T14:49:34Z,26.546065,-76.962210,0.23,84.9,1,10,0.8
2024-03-25T14:49:44Z,26.546058,-76.962208,0.10,241.2,1,9,0.9
2024-03-25T14:49:49Z,26.546058,-76.962205,0.10,45.3,1,9,0.9
2024-03-25T14:49:54Z,26.546060,-76.962203,0.04,30.9,1,10,0.8
2024-03-25T14:49:59Z,26.546060,-76.962200,0.12,1.1,1,10,0.8
2024-03-25T14:50:04Z,26.546062,-76.962200,0.16,339.8,1,10,0.8
2024-03-25T14:50:09Z,26.546063,-76.962202,0.06,164.3,1,10,0.8
2024-03-25T14:50:19Z,26.546065,-76.962203,0.14,195.9,1,10,0.8
2024-03-25T14:50:24Z,26.546065,-76.962202,0.07,248.2,1,10,0.8
2024-03-25T14:50:29Z,26.546067,-76.962202,0.46,202.4,1,10,0.8
2024-03-25T14:50:34Z,26.546068,-76.962203,0.05,3.6,1,10,0.8
2024-03-25T14:50:39Z,26.546073,-76.962203,0.34,36.2,1,10,0.8
2024-03-25T14:50:44Z,26.546082,-76.962200,0.32,13.3,1,10,0.8
2024-03-25T14:50:49Z,26.546088,-76.962195,0.22,28.0,1,10,0.8
2024-03-25T14:50:54Z,26.546093,-76.962197,0.15,127.5,1,10,0.8
2024-03-25T14:50:59Z,26.546097,-76.962197,0.11,96.2,1,10,0.8
2024-03-25T14:51:04Z,26.546093,-76.962197,0.16,189.5,1,10,0.8
2024-03-25T14:51:09Z,26.546092,-76.962200,0.14,247.8,1,10,0.8
2024-03-25T14:51:14Z,26.546090,-76.962202,0.11,207.7,1,10,0.8
2024-03-25T14:51:19Z,26.546088,-76.962202,0.35,213.9,1,9,0.8
2024-03-25T14:51:24Z,26.546088,-76.962200,0.02,83.0,1,8,1.0
2024-03-25T14:51:29Z,26.546085,-76.962200,0.17,201.4,1,10,0.8
2024-03-25T14:51:34Z,26.546083,-76.962203,0.12,332.2,1,10,0.8
2024-03-25T14:51:39Z,26.546087,-76.962205,0.61,344.7,1,10,0.8
2024-03-25T14:51:44Z,26.546088,-76.962212,0.20,335.4,1,9,0.9
2024-03-25T14:51:49Z,26.546093,-76.962210,0.22,10.1,1,10,0.8
2024-03-25T14:51:59Z,26.546093,-76.962210,0.11,300.6,1,10,0.8
2024-03-25T14:52:04Z,26.546095,-76.962215,0.17,255.5,1,9,0.9
2024-03-25T14:52:09Z,26.546098,-76.962217,0.31,134.8,1,9,0.9
2024-03-25T14:52:14Z,26.546097,-76.962212,0.25,89.7,1,10,0.8
2024-03-25T14:52:19Z,26.546098,-76.962207,0.18,33.4,1,10,0.8
2024-03-25T14:52:24Z,26.546100,-76.962205,0.14,67.4,1,9,0.9
2024-03-25T14:52:34Z,26.546095,-76.962208,0.16,86.6,1,10,0.8
2024-03-25T14:52:39Z,26.546097,-76.962210,0.27,83.5,1,10,0.8
2024-03-25T14:52:44Z,26.546095,-76.962208,0.22,65.0,1,10,0.8
2024-03-25T14:52:49Z,26.546095,-76.962207,0.29,136.6,1,10,0.8
2024-03-25T14:52:54Z,26.546088,-76.962203,0.34,147.7,1,10,0.8
2024-03-25T14:53:04Z,26.546073,-76.962198,0.58,170.9,1,10,0.8
2024-03-25T14:53:09Z,26.546068,-76.962195,0.29,156.0,1,10,0.8
2024-03-25T14:53:14Z,26.546063,-76.962192,0.14,94.7,1,10,0.8
2024-03-25T14:53:19Z,26.546062,-76.962195,0.12,190.2,1,10,0.8
2024-03-25T14:53:24Z,26.546060,-76.962195,0.13,149.5,1,10,0.8
2024-03-25T14:53:29Z,26.546062,-76.962193,0.18,168.1,1,10,0.8
2024-03-25T14:53:34Z,26.546058,-76.962192,0.16,43.0,1,10,0.8
2024-03-25T14:53:39Z,26.546055,-76.962197,0.18,257.7,1,9,0.9
2024-03-25T14:53:44Z,26.546053,-76.962198,0.13,120.0,1,10,0.8
2024-03-25T14:53:49Z,26.546060,-76.962198,0.17,53.1,1,10,0.8
2024-03-25T14:53:54Z,26.546063,-76.962197,0.15,81.5,1,9,0.9
2024-03-25T14:53:59Z,26.546063,-76.962198,0.07,111.7,1,9,0.9
2024-03-25T14:54:04Z,26.546065,-76.962198,0.08,155.8,1,9,0.9
2024-03-25T14:54:09Z,26.546063,-76.962198,0.03,81.8,1,10,0.8
2024-03-25T14:54:14Z,26.546065,-76.962195,0.38,17.6,1,10,0.8
2024-03-25T14:54:19Z,26.546063,-76.962190,0.06,98.9,1,10,0.8
2024-03-25T14:54:24Z,26.546067,-76.962187,0.48,21.5,1,10,0.8
2024-03-25T14:54:34Z,26.546053,-76.962190,0.15,283.4,1,10,0.8
2024-03-25T14:54:39Z,26.546058,-76.962190,0.14,1.1,1,10,0.8
2024-03-25T14:54:44Z,26.546060,-76.962195,0.27,319.1,1,10,0.8
2024-03-25T14:54:49Z,26.546062,-76.962198,0.23,103.2,1,10,0.8
2024-03-25T14:54:54Z,26.546060,-76.962195,0.31,44.2,1,10,0.8
2024-03-25T14:55:04Z,26.546065,-76.962195,0.07,258.8,1,10,0.8
2024-03-25T14:55:09Z,26.546065,-76.962197,0.09,37.5,1,10,0.8
2024-03-25T14:55:14Z,26.546063,-76.962193,0.09,89.7,1,10,0.8
2024-03-25T14:55:19Z,26.546062,-76.962195,0.12,190.8,1,10,0.8
2024-03-25T14:55:24Z,26.546063,-76.962200,0.20,247.2,1,10,0.8
2024-03-25T14:55:29Z,26.546065,-76.962205,0.17,328.2,1,10,0.8
2024-03-25T14:55:34Z,26.546070,-76.962208,0.19,15.7,1,10,0.8
2024-03-25T14:55:39Z,26.546075,-76.962203,0.49,85.1,1,10,0.8
2024-03-25T14:55:44Z,26.546078,-76.962198,0.09,128.3,1,9,0.9
2024-03-25T14:55:49Z,26.546073,-76.962198,0.19,214.3,1,10,0.8
2024-03-25T14:55:54Z,26.546070,-76.962197,0.36,80.4,1,9,0.9
2024-03-25T14:55:59Z,26.546077,-76.962188,0.36,108.7,1,10,0.8
2024-03-25T14:56:04Z,26.546077,-76.962185,0.23,62.7,1,9,0.9
2024-03-25T14:56:09Z,26.546077,-76.962180,0.28,139.4,1,9,0.9
2024-03-25T14:56:14Z,26.546072,-76.962177,0.14,130.5,1,9,0.9
2024-03-25T14:56:19Z,26.546063,-76.962178,0.13,193.7,1,10,0.8
2024-03-25T14:56:24Z,26.546060,-76.962183,0.17,95.4,1,10,0.8
2024-03-25T14:56:29Z,26.546057,-76.962185,0.10,185.0,1,10,0.8
2024-03-25T14:56:34Z,26.546058,-76.962192,0.38,312.1,1,10,0.8
2024-03-25T14:56:39Z,26.546062,-76.962198,0.12,242.8,1,9,0.9
2024-03-25T14:56:44Z,26.546073,-76.962203,0.26,322.5,1,9,0.9
2024-03-25T14:56:49Z,26.546078,-76.962207,0.33,39.0,1,10,0.8
2024-03-25T14:56:54Z,26.546082,-76.962202,0.22,15.6,1,10,0.8
2024-03-25T14:56:59Z,26.546088,-76.962205,0.13,1.0,1,10,0.8
2024-03-25T14:57:09Z,26.546095,-76.962203,0.11,216.3,1,10,0.8
2024-03-25T14:57:14Z,26.546100,-76.962208,0.28,152.7,1,10,0.8
2024-03-25T14:57:19Z,26.546100,-76.962207,0.41,34.5,1,10,0.8
2024-03-25T14:57:24Z,26.546095,-76.962205,0.09,153.8,1,10,0.8
2024-03-25T14:57:29Z,26.546092,-76.962202,0.21,164.4,1,10,0.8
2024-03-25T14:57:34Z,26.546087,-76.962198,0.57,102.5,1,10,0.8
2024-03-25T14:57:44Z,26.546078,-76.962178,0.18,122.6,1,10,0.8
2024-03-25T14:57:49Z,26.546077,-76.962178,0.21,180.4,1,10,0.8
2024-03-25T14:57:54Z,26.546078,-76.962180,0.20,359.7,1,10,0.8
2024-03-25T14:57:59Z,26.546080,-76.962185,0.42,301.2,1,10,0.8
2024-03-25T14:58:04Z,26.546078,-76.962192,0.36,238.7,1,10,0.8
2024-03-25T14:58:09Z,26.546078,-76.962197,0.26,254.5,1,10,0.8
2024-03-25T14:58:14Z,26.546085,-76.962197,0.29,24.9,1,10,0.8
2024-03-25T14:58:19Z,26.546090,-76.962192,0.71,19.4,1,10,0.8
2024-03-25T14:58:24Z,26.546098,-76.962193,0.07,67.9,1,10,0.8
2024-03-25T14:58:29Z,26.546100,-76.962197,0.06,353.2,1,10,0.8
2024-03-25T14:58:34Z,26.546100,-76.962200,0.12,105.5,1,10,0.8
2024-03-25T14:58:39Z,26.546102,-76.962198,0.45,184.6,1,10,0.8
2024-03-25T14:58:49Z,26.546092,-76.962212,0.08,115.8,1,10,0.8
2024-03-25T14:58:54Z,26.546098,-76.962207,0.55,73.5,1,10,0.8
2024-03-25T14:58:59Z,26.546102,-76.962197,0.40,87.8,1,10,0.8
2024-03-25T14:59:04Z,26.546102,-76.962192,0.12,160.8,1,10,0.8
2024-03-25T14:59:09Z,26.546102,-76.962188,0.14,60.3,1,10,0.8
2024-03-25T14:59:14Z,26.546103,-76.962188,0.19,338.6,1,9,0.9
2024-03-25T14:59:24Z,26.546100,-76.962192,0.13,182.8,1,10,0.8
2024-03-25T14:59:29Z,26.546100,-76.962198,0.32,304.6,1,10,0.8
2024-03-25T14:59:34Z,26.546097,-76.962200,0.07,129.2,1,10,0.8
2024-03-25T14:59:39Z,26.546095,-76.962203,0.22,228.8,1,10,0.8
2024-03-25T14:59:44Z,26.546093,-76.962200,0.16,293.3,1,10,0.8
2024-03-25T14:59:49Z,26.546093,-76.962203,0.39,207.2,1,10,0.8
2024-03-25T14:59:59Z,26.546095,-76.962208,0.15,359.1,1,10,0.8
2024-03-25T15:00:04Z,26.546097,-76.962207,0.25,53.1,1,10,0.8
2024-03-25T15:00:09Z,26.546098,-76.962203,0.28,191.4,1,10,0.8
2024-03-25T15:00:14Z,26.546098,-76.962198,0.15,69.5,1,9,0.9
2024-03-25T15:00:19Z,26.546098,-76.962200,0.23,290.0,1,10,0.8
2024-03-25T15:00:24Z,26.546095,-76.962203,0.03,156.9,1,9,0.9
2024-03-25T15:00:29Z,26.546098,-76.962205,0.12,69.6,1,10,0.8
2024-03-25T15:00:34Z,26.546097,-76.962203,0.26,165.7,1,10,0.8
2024-03-25T15:00:39Z,26.546095,-76.962203,0.37,143.1,1,10,0.8
2024-03-25T15:00:44Z,26.546092,-76.962203,0.32,133.2,1,10,0.8
2024-03-25T15:00:49Z,26.546088,-76.962200,0.14,122.5,1,10,0.8
2024-03-25T15:00:54Z,26.546087,-76.962198,0.25,68.3,1,10,0.8
2024-03-25T15:00:59Z,26.546082,-76.962197,0.33,174.3,1,10,0.8
2024-03-25T15:01:09Z,26.546073,-76.962188,0.11,149.1,1,10,0.8
2024-03-25T15:01:14Z,26.546067,-76.962187,0.47,186.8,1,10,0.8
2024-03-25T15:01:19Z,26.546063,-76.962187,0.35,38.8,1,10,0.8
2024-03-25T15:01:24Z,26.546063,-76.962183,0.21,170.3,1,10,0.8
2024-03-25T15:01:29Z,26.546055,-76.962187,0.22,202.4,1,10,0.8
2024-03-25T15:01:39Z,26.546060,-76.962202,0.03,227.3,1,10,0.8
2024-03-25T15:01:44Z,26.546070,-76.962203,0.40,56.4,1,10,0.8
2024-03-25T15:01:49Z,26.546077,-76.962203,0.14,5.2,1,10,0.8
2024-03-25T15:01:54Z,26.546080,-76.962207,0.02,162.6,1,10,0.8
2024-03-25T15:01:59Z,26.546080,-76.962208,0.04,195.0,1,10,0.8
2024-03-25T15:02:04Z,26.546080,-76.962213,0.03,234.0,1,10,0.8
2024-03-25T15:02:09Z,26.546075,-76.962217,0.22,196.1,1,10,0.8
2024-03-25T15:02:14Z,26.546068,-76.962215,0.29,148.3,1,10,0.8
2024-03-25T15:02:19Z,26.546063,-76.962212,0.08,101.4,1,10,0.8
2024-03-25T15:02:24Z,26.546065,-76.962208,0.09,123.9,1,10,0.8
2024-03-25T15:02:29Z,26.546063,-76.962203,0.31,114.8,1,10,0.8
2024-03-25T15:02:34Z,26.546063,-76.962197,0.31,125.8,1,10,0.8
2024-03-25T15:02:39Z,26.546062,-76.962195,0.17,189.4,1,10,0.8
2024-03-25T15:02:44Z,26.546063,-76.962200,0.18,306.5,1,9,0.9
2024-03-25T15:02:49Z,26.546068,-76.962202,0.18,19.1,1,10,0.8
2024-03-25T15:02:54Z,26.546068,-76.962202,0.03,19.9,1,10,0.8
2024-03-25T15:02:59Z,26.546068,-76.962205,0.30,229.7,1,10,0.8
2024-03-25T15:03:04Z,26.546068,-76.962208,0.06,301.7,1,10,0.8
2024-03-25T15:03:09Z,26.546067,-76.962208,0.13,63.0,1,10,0.8
2024-03-25T15:03:19Z,26.546065,-76.962207,0.12,19.7,1,10,0.8
2024-03-25T15:03:24Z,26.546068,-76.962210,0.06,44.5,1,9,0.9
2024-03-25T15:03:29Z,26.546070,-76.962210,0.08,110.0,1,9,0.9
2024-03-25T15:03:34Z,26.546078,-76.962210,0.26,167.8,1,9,0.9
2024-03-25T15:03:39Z,26.546080,-76.962212,0.10,345.7,1,10,0.8
2024-03-25T15:03:44Z,26.546083,-76.962213,0.14,182.5,1,10,0.8
2024-03-25T15:03:54Z,26.546082,-76.962212,0.16,135.9,1,10,0.8
2024-03-25T15:03:59Z,26.546077,-76.962208,0.39,189.0,1,10,0.8
2024-03-25T15:04:04Z,26.546077,-76.962208,0.13,161.5,1,10,0.8
2024-03-25T15:04:09Z,26.546077,-76.962207,0.18,112.2,1,10,0.8
2024-03-25T15:04:14Z,26.546073,-76.962205,0.15,139.9,1,10,0.8
2024-03-25T15:04:19Z,26.546072,-76.962203,0.19,51.6,1,10,0.8
2024-03-25T15:04:29Z,26.546072,-76.962205,0.08,251.1,1,9,0.9
2024-03-25T15:04:34Z,26.546070,-76.962208,0.10,202.3,1,10,0.8
2024-03-25T15:04:39Z,26.546065,-76.962212,0.06,165.3,1,10,0.8
2024-03-25T15:04:44Z,26.546058,-76.962210,0.17,119.8,1,10,0.8
2024-03-25T15:04:49Z,26.546053,-76.962208,0.32,200.1,1,10,0.8
2024-03-25T15:04:54Z,26.546048,-76.962210,0.25,176.6,1,10,0.8
2024-03-25T15:04:59Z,26.546048,-76.962208,0.28,179.8,1,10,0.8
2024-03-25T15:05:04Z,26.546048,-76.962205,0.33,52.9,1,10,0.8
2024-03-25T15:05:09Z,26.546052,-76.962200,0.17,108.6,1,10,0.8
2024-03-25T15:05:14Z,26.546050,-76.962198,0.23,106.6,1,10,0.8
2024-03-25T15:05:19Z,26.546045,-76.962197,0.16,162.0,1,10,0.8
2024-03-25T15:05:24Z,26.546045,-76.962195,0.07,91.0,1,10,0.8
2024-03-25T15:05:29Z,26.546050,-76.962197,0.21,345.5,1,10,0.8
2024-03-25T15:05:39Z,26.546063,-76.962207,0.36,351.2,1,10,0.8
2024-03-25T15:05:44Z,26.546063,-76.962208,0.18,67.8,1,9,0.8
2024-03-25T15:05:49Z,26.546063,-76.962208,0.14,52.8,1,10,0.8
2024-03-25T15:05:54Z,26.546062,-76.962208,0.07,195.8,1,10,0.8
2024-03-25T15:05:59Z,26.546060,-76.962212,0.22,176.2,1,10,0.8
2024-03-25T15:06:04Z,26.546060,-76.962210,0.22,86.0,1,9,0.9
2024-03-25T15:06:14Z,26.546060,-76.962202,0.52,11.6,1,10,0.8
2024-03-25T15:06:19Z,26.546063,-76.962200,0.18,81.2,1,10,0.8
2024-03-25T15:06:24Z,26.546063,-76.962202,0.25,207.7,1,10,0.8
2024-03-25T15:06:29Z,26.546068,-76.962203,0.10,163.4,1,10,0.8
2024-03-25T15:06:34Z,26.546070,-76.962200,0.33,66.5,1,10,0.8
2024-03-25T15:06:39Z,26.546073,-76.962195,0.24,74.7,1,10,0.8
2024-03-25T15:06:49Z,26.546068,-76.962193,0.41,198.4,1,10,0.8
2024-03-25T15:06:54Z,26.546063,-76.962195,0.03,285.7,1,10,0.8
2024-03-25T15:06:59Z,26.546058,-76.962198,0.07,195.5,1,9,0.9
2024-03-25T15:07:04Z,26.546057,-76.962200,0.15,300.4,1,10,0.8
2024-03-25T15:07:09Z,26.546057,-76.962200,0.20,240.3,1,10,0.8
2024-03-25T15:07:14Z,26.546060,-76.962198,0.23,24.5,1,10,0.8
2024-03-25T15:07:19Z,26.546062,-76.962200,0.30,6.1,1,10,0.8
2024-03-25T15:07:24Z,26.546063,-76.962202,0.10,217.4,1,10,0.8
2024-03-25T15:07:29Z,26.546057,-76.962200,0.16,119.1,1,10,0.8
2024-03-25T15:07:34Z,26.546058,-76.962200,0.23,351.0,1,9,0.8
2024-03-25T15:07:39Z,26.546058,-76.962203,0.18,339.0,1,9,0.8
2024-03-25T15:07:44Z,26.546063,-76.962207,0.18,95.8,1,10,0.8
2024-03-25T15:07:49Z,26.546065,-76.962203,0.17,52.5,1,8,1.0
2024-03-25T15:07:59Z,26.546073,-76.962212,0.19,344.9,1,10,0.8
2024-03-25T15:08:04Z,26.546078,-76.962210,0.15,86.4,1,9,0.8
2024-03-25T15:08:09Z,26.546082,-76.962207,0.23,11.9,1,10,0.8
2024-03-25T15:08:14Z,26.546090,-76.962207,0.46,15.9,1,10,0.8
2024-03-25T15:08:19Z,26.546095,-76.962212,0.16,293.2,1,9,0.8
2024-03-25T15:08:24Z,26.546095,-76.962220,0.18,327.2,1,9,0.9
2024-03-25T15:08:34Z,26.546102,-76.962217,0.17,124.0,1,10,0.8
2024-03-25T15:08:39Z,26.546108,-76.962215,0.35,55.7,1,10,0.8
2024-03-25T15:08:44Z,26.546110,-76.962213,0.43,175.1,1,10,0.8
2024-03-25T15:08:49Z,26.546100,-76.962218,0.89,181.7,1,10,0.8
2024-03-25T15:08:54Z,26.546098,-76.962213,0.23,121.1,1,10,0.8
2024-03-25T15:08:59Z,26.546100,-76.962210,0.01,207.4,1,10,0.8
2024-03-25T15:09:04Z,26.546098,-76.962207,0.24,115.7,1,10,0.8
2024-03-25T15:09:09Z,26.546097,-76.962202,0.35,125.2,1,10,0.8
2024-03-25T15:09:14Z,26.546090,-76.962197,0.32,121.7,1,10,0.8
2024-03-25T15:09:19Z,26.546087,-76.962193,0.15,143.3,1,10,0.8
2024-03-25T15:09:24Z,26.546085,-76.962190,0.14,100.3,1,10,0.8
2024-03-25T15:09:29Z,26.546080,-76.962190,0.33,183.1,1,10,0.8
2024-03-25T15:09:34Z,26.546075,-76.962195,0.27,237.3,1,10,0.8
2024-03-25T15:09:39Z,26.546072,-76.962202,0.12,308.2,1,10,0.8
2024-03-25T15:09:44Z,26.546078,-76.962205,0.19,323.8,1,10,0.8
2024-03-25T15:09:49Z,26.546080,-76.962207,0.06,90.0,1,10,0.8
2024-03-25T15:09:54Z,26.546078,-76.962203,0.15,298.2,1,10,0.8
2024-03-25T15:09:59Z,26.546083,-76.962203,0.14,109.4,1,10,0.8
2024-03-25T15:10:04Z,26.546082,-76.962198,0.18,88.9,1,10,0.8
2024-03-25T15:10:09Z,26.546073,-76.962197,0.35,153.4,1,10,0.8
2024-03-25T15:10:19Z,26.546063,-76.962195,0.21,161.2,1,10,0.8
2024-03-25T15:10:24Z,26.546062,-76.962197,0.15,97.2,1,10,0.8
2024-03-25T15:10:29Z,26.546062,-76.962198,0.23,147.8,1,10,0.8
2024-03-25T15:10:34Z,26.546053,-76.962198,0.33,127.5,1,10,0.8
2024-03-25T15:10:39Z,26.546047,-76.962198,0.10,164.8,1,9,0.9
2024-03-25T15:10:44Z,26.546045,-76.962198,0.03,152.9,1,10,0.8
2024-03-25T15:10:54Z,26.546050,-76.962200,0.16,277.2,1,10,0.8
2024-03-25T15:10:59Z,26.546058,-76.962200,0.44,35.4,1,9,0.8
2024-03-25T15:11:04Z,26.546058,-76.962202,0.15,30.1,1,10,0.8
2024-03-25T15:11:09Z,26.546062,-76.962202,0.10,45.9,1,10,0.8
2024-03-25T15:11:14Z,26.546065,-76.962203,0.15,355.7,1,10,0.8
2024-03-25T15:11:19Z,26.546070,-76.962207,0.26,330.5,1,10,0.8
2024-03-25T15:11:29Z,26.546082,-76.962215,0.34,11.4,1,10,0.8
2024-03-25T15:11:34Z,26.546087,-76.962212,0.25,30.9,1,10,0.8
2024-03-25T15:11:39Z,26.546090,-76.962212,0.27,38.4,1,10,0.8
2024-03-25T15:11:44Z,26.546092,-76.962212,0.05,202.1,1,10,0.8
2024-03-25T15:11:49Z,26.546092,-76.962215,0.13,189.8,1,10,0.8
2024-03-25T15:11:54Z,26.546093,-76.962218,0.23,252.2,1,10,0.8
2024-03-25T15:11:59Z,26.546095,-76.962222,0.20,52.1,1,10,0.8
2024-03-25T15:12:04Z,26.546100,-76.962218,0.22,69.5,1,10,0.8
2024-03-25T15:12:09Z,26.546098,-76.962213,0.30,120.7,1,10,0.8
2024-03-25T15:12:14Z,26.546093,-76.962207,0.38,173.3,1,10,0.8
2024-03-25T15:12:19Z,26.546092,-76.962202,0.28,170.9,1,10,0.8
2024-03-25T15:12:24Z,26.546092,-76.962200,0.15,143.7,1,10,0.8
2024-03-25T15:12:29Z,26.546090,-76.962202,0.11,201.1,1,10,0.8
2024-03-25T15:12:34Z,26.546090,-76.962205,0.07,190.7,1,10,0.8
2024-03-25T15:12:39Z,26.546087,-76.962207,0.17,305.3,1,10,0.8
2024-03-25T15:12:44Z,26.546090,-76.962208,0.03,148.0,1,10,0.8
2024-03-25T15:12:49Z,26.546100,-76.962205,0.44,12.3,1,10,0.8
2024-03-25T15:12:54Z,26.546100,-76.962202,0.18,53.7,1,10,0.8
2024-03-25T15:12:59Z,26.546092,-76.962202,0.22,134.5,1,10,0.8
2024-03-25T15:13:04Z,26.546087,-76.962202,0.20,184.5,1,10,0.8
2024-03-25T15:13:14Z,26.546088,-76.962202,0.12,299.2,1,10,0.8
2024-03-25T15:13:19Z,26.546092,-76.962210,0.48,247.5,1,10,0.8
2024-03-25T15:13:24Z,26.546095,-76.962213,0.31,94.0,1,10,0.8
2024-03-25T15:13:29Z,26.546095,-76.962208,0.30,71.1,1,10,0.8
2024-03-25T15:13:34Z,26.546098,-76.962208,0.51,356.0,1,10,0.8
2024-03-25T15:13:39Z,26.546108,-76.962212,0.28,326.1,1,10,0.8
2024-03-25T15:13:49Z,26.546113,-76.962218,0.16,160.6,1,10,0.8
2024-03-25T15:13:54Z,26.546110,-76.962218,0.12,225.1,1,10,0.8
2024-03-25T15:13:59Z,26.546112,-76.962215,0.43,90.3,1,10,0.8
2024-03-25T15:14:04Z,26.546107,-76.962205,0.55,113.3,1,10,0.8
2024-03-25T15:14:09Z,26.546102,-76.962197,0.36,126.3,1,10,0.8
2024-03-25T15:14:14Z,26.546093,-76.962190,0.42,139.3,1,10,0.8
2024-03-25T15:14:19Z,26.546088,-76.962185,0.18,131.8,1,10,0.8
2024-03-25T15:14:24Z,26.546073,-76.962182,0.16,193.1,2,10,0.8
2024-03-25T15:14:29Z,26.546058,-76.962182,0.25,45.6,2,10,0.8
2024-03-25T15:14:34Z,26.546052,-76.962185,0.14,272.4,2,10,0.8
2024-03-25T15:14:39Z,26.546045,-76.962190,0.48,236.4,2,10,0.8
2024-03-25T15:14:44Z,26.546045,-76.962198,0.17,227.8,1,10,0.8
2024-03-25T15:14:49Z,26.546048,-76.962202,0.14,67.2,1,10,0.8
2024-03-25T15:14:54Z,26.546057,-76.962207,0.37,6.2,1,10,0.8
2024-03-25T15:15:04Z,26.546067,-76.962212,0.07,212.9,1,10,0.8
2024-03-25T15:15:09Z,26.546068,-76.962212,0.26,143.1,1,9,0.8
2024-03-25T15:15:14Z,26.546065,-76.962208,0.27,149.3,1,10,0.8
2024-03-25T15:15:19Z,26.546060,-76.962208,0.16,149.2,2,10,0.8
2024-03-25T15:15:24Z,26.546068,-76.962213,0.10,153.3,2,10,0.8
2024-03-25T15:15:29Z,26.546077,-76.962215,0.09,35.0,2,10,0.8
2024-03-25T15:15:39Z,26.546082,-76.962218,0.16,338.9,1,10,0.8
2024-03-25T15:15:44Z,26.546080,-76.962223,0.07,282.0,2,10,0.8
2024-03-25T15:15:49Z,26.546073,-76.962225,0.22,153.4,2,9,0.9
2024-03-25T15:15:54Z,26.546065,-76.962228,0.14,66.2,2,9,0.9
2024-03-25T15:15:59Z,26.546053,-76.962223,0.34,164.1,2,9,0.9
2024-03-25T15:16:04Z,26.546043,-76.962222,0.18,129.9,2,9,0.9
2024-03-25T15:16:14Z,26.546028,-76.962220,0.13,119.1,2,10,0.8
2024-03-25T15:16:19Z,26.546028,-76.962222,0.17,31.0,2,10,0.8
2024-03-25T15:16:24Z,26.546032,-76.962222,0.07,11.9,1,10,0.8
2024-03-25T15:16:29Z,26.546038,-76.962225,0.08,297.6,1,10,0.8
2024-03-25T15:16:34Z,26.546048,-76.962227,0.28,347.5,1,10,0.8
2024-03-25T15:16:39Z,26.546058,-76.962227,0.30,17.1,1,10,0.8
2024-03-25T15:16:44Z,26.546068,-76.962227,0.30,17.4,1,10,0.8
2024-03-25T15:16:49Z,26.546075,-76.962228,0.29,341.5,1,10,0.8
2024-03-25T15:16:54Z,26.546077,-76.962232,0.14,205.7,1,10,0.8
2024-03-25T15:16:59Z,26.546082,-76.962232,0.18,93.6,1,10,0.8
2024-03-25T15:17:04Z,26.546092,-76.962230,0.23,57.6,1,10,0.8
2024-03-25T15:17:09Z,26.546098,-76.962227,0.34,48.6,1,10,0.8
2024-03-25T15:17:14Z,26.546103,-76.962222,0.54,48.1,1,10,0.8
2024-03-25T15:17:24Z,26.546108,-76.962220,0.19,80.3,1,9,0.9
2024-03-25T15:17:29Z,26.546110,-76.962215,0.10,103.9,1,9,0.9
2024-03-25T15:17:34Z,26.546110,-76.962212,0.20,113.6,1,9,0.9
2024-03-25T15:17:39Z,26.546107,-76.962205,0.22,151.5,1,10,0.8
2024-03-25T15:17:44Z,26.546103,-76.962203,0.38,177.5,1,10,0.8
2024-03-25T15:17:49Z,26.546098,-76.962203,0.21,174.9,1,10,0.8
2024-03-25T15:17:54Z,26.546095,-76.962202,0.15,133.7,1,10,0.8
2024-03-25T15:17:59Z,26.546092,-76.962202,0.15,143.6,1,10,0.8
2024-03-25T15:18:04Z,26.546090,-76.962205,0.16,199.4,1,10,0.8
2024-03-25T15:18:09Z,26.546087,-76.962207,0.07,114.3,1,8,1.2
2024-03-25T15:18:14Z,26.546085,-76.962205,0.32,114.0,1,10,0.8
2024-03-25T15:18:19Z,26.546078,-76.962198,0.45,88.8,1,10,0.8
2024-03-25T15:18:24Z,26.546075,-76.962195,0.27,64.6,1,9,0.9
2024-03-25T15:18:34Z,26.546068,-76.962192,0.26,226.5,1,8,1.0
2024-03-25T15:18:39Z,26.546065,-76.962197,0.15,148.7,1,8,1.0
2024-03-25T15:18:44Z,26.546063,-76.962193,0.11,106.8,1,10,0.8
2024-03-25T15:18:49Z,26.546060,-76.962197,0.10,100.5,1,9,0.9
2024-03-25T15:18:54Z,26.546058,-76.962203,0.11,291.0,1,10,0.8
2024-03-25T15:18:59Z,26.546060,-76.962207,0.08,125.6,1,9,0.9
2024-03-25T15:19:04Z,26.546062,-76.962203,0.23,55.5,1,9,0.9
2024-03-25T15:19:09Z,26.546063,-76.962198,0.32,47.2,1,10,0.8
2024-03-25T15:19:14Z,26.546070,-76.962197,0.32,18.8,1,10,0.8
2024-03-25T15:19:19Z,26.546070,-76.962197,0.07,12.1,1,9,0.9
2024-03-25T15:19:24Z,26.546073,-76.962197,0.13,248.2,1,9,0.9
2024-03-25T15:19:29Z,26.546077,-76.962202,0.08,354.6,1,9,0.9
2024-03-25T15:19:34Z,26.546077,-76.962203,0.20,38.6,1,9,0.9
2024-03-25T15:19:44Z,26.546077,-76.962203,0.06,35.3,1,9,0.9
2024-03-25T15:19:49Z,26.546078,-76.962207,0.07,356.8,1,9,0.9
2024-03-25T15:19:54Z,26.546075,-76.962205,0.36,95.1,1,9,0.9
2024-03-25T15:19:59Z,26.546067,-76.962203,0.69,154.8,1,10,0.8
2024-03-25T15:20:04Z,26.546060,-76.962197,0.44,146.8,1,10,0.8
2024-03-25T15:20:09Z,26.546057,-76.962190,0.21,76.8,1,10,0.8
2024-03-25T15:20:19Z,26.546063,-76.962188,0.33,340.2,1,10,0.8
2024-03-25T15:20:24Z,26.546067,-76.962192,0.21,343.6,1,10,0.8
2024-03-25T15:20:29Z,26.546067,-76.962197,0.18,251.0,1,10,0.8
2024-03-25T15:20:34Z,26.546067,-76.962203,0.14,254.6,1,9,0.9
2024-03-25T15:20:39Z,26.546068,-76.962208,0.04,243.2,1,9,0.9
2024-03-25T15:20:44Z,26.546068,-76.962208,0.20,126.0,1,10,0.8
2024-03-25T15:20:54Z,26.546067,-76.962208,0.11,131.1,1,10,0.8
2024-03-25T15:20:59Z,26.546068,-76.962208,0.06,135.7,1,10,0.8
2024-03-25T15:21:04Z,26.546070,-76.962207,0.04,177.4,1,10,0.8
2024-03-25T15:21:09Z,26.546072,-76.962207,0.10,143.9,1,10,0.8
2024-03-25T15:21:14Z,26.546075,-76.962205,0.59,358.8,1,10,0.8
2024-03-25T15:21:19Z,26.546075,-76.962205,0.37,18.1,1,9,0.9
2024-03-25T15:21:29Z,26.546085,-76.962205,0.16,358.2,1,9,0.9
2024-03-25T15:21:34Z,26.546083,-76.962208,0.06,73.5,1,9,0.9
2024-03-25T15:21:39Z,26.546083,-76.962208,0.25,97.7,1,9,0.9
2024-03-25T15:21:44Z,26.546092,-76.962205,0.14,94.9,1,9,0.9
2024-03-25T15:21:49Z,26.546095,-76.962203,0.17,348.1,1,10,0.8
2024-03-25T15:21:54Z,26.546097,-76.962203,0.14,64.5,1,9,0.9
2024-03-25T15:22:04Z,26.546102,-76.962200,0.07,75.9,1,9,0.9
2024-03-25T15:22:09Z,26.546108,-76.962202,0.06,86.8,1,10,0.8
2024-03-25T15:22:14Z,26.546112,-76.962205,0.39,23.2,1,10,0.8
2024-03-25T15:22:19Z,26.546115,-76.962202,0.22,162.4,1,10,0.8
2024-03-25T15:22:24Z,26.546120,-76.962200,0.14,4.4,1,10,0.8
2024-03-25T15:22:29Z,26.546125,-76.962202,0.36,9.4,1,10,0.8
2024-03-25T15:22:39Z,26.546130,-76.962210,0.11,61.1,1,10,0.8
2024-03-25T15:22:44Z,26.546132,-76.962210,0.19,174.3,1,9,0.9
2024-03-25T15:22:49Z,26.546132,-76.962207,0.37,56.0,1,9,0.9
2024-03-25T15:22:54Z,26.546133,-76.962202,0.12,78.4,1,10,0.8
2024-03-25T15:22:59Z,26.546135,-76.962207,0.12,64.3,1,8,1.0
2024-03-25T15:23:04Z,26.546133,-76.962207,0.16,69.9,1,9,0.9
2024-03-25T15:23:14Z,26.546137,-76.962207,0.03,27.4,1,10,0.8
2024-03-25T15:23:19Z,26.546137,-76.962208,0.14,326.4,1,9,0.9
2024-03-25T15:23:24Z,26.546137,-76.962213,0.16,355.1,1,9,0.9
2024-03-25T15:23:29Z,26.546138,-76.962212,0.42,329.8,1,9,0.9
2024-03-25T15:23:34Z,26.546147,-76.962208,0.22,33.3,1,9,0.9
2024-03-25T15:23:39Z,26.546147,-76.962203,0.23,77.3,1,9,0.9
2024-03-25T15:23:49Z,26.546148,-76.962197,0.25,37.6,1,9,0.9
2024-03-25T15:23:54Z,26.546140,-76.962205,0.10,195.4,1,10,0.8
2024-03-25T15:23:59Z,26.546137,-76.962208,0.16,205.1,1,10,0.8
2024-03-25T15:24:04Z,26.546133,-76.962208,0.13,161.5,1,9,0.9
2024-03-25T15:24:09Z,26.546132,-76.962207,0.20,127.3,1,9,0.9
2024-03-25T15:24:14Z,26.546128,-76.962202,0.39,123.4,1,9,0.9
2024-03-25T15:24:24Z,26.546125,-76.962198,0.10,153.2,1,10,0.8
2024-03-25T15:24:29Z,26.546125,-76.962203,0.08,9.0,1,10,0.8
2024-03-25T15:24:34Z,26.546128,-76.962203,0.10,268.9,1,9,0.9
2024-03-25T15:24:39Z,26.546127,-76.962208,0.43,129.3,2,9,0.9
2024-03-25T15:24:44Z,26.546122,-76.962212,0.23,176.5,2,9,0.9
2024-03-25T15:24:49Z,26.546112,-76.962218,0.26,183.5,2,10,0.8
2024-03-25T15:24:54Z,26.546103,-76.962220,0.07,215.0,2,10,0.8
2024-03-25T15:24:59Z,26.546097,-76.962228,0.21,190.8,2,10,0.8
2024-03-25T15:25:04Z,26.546088,-76.962235,0.31,176.5,2,10,0.8
2024-03-25T15:25:09Z,26.546083,-76.962232,0.51,167.7,1,10,0.8
2024-03-25T15:25:14Z,26.546077,-76.962225,0.15,143.1,1,10,0.8
2024-03-25T15:25:19Z,26.546075,-76.962217,0.35,199.7,1,9,0.9
2024-03-25T15:25:24Z,26.546073,-76.962213,0.10,83.8,1,10,0.8
2024-03-25T15:25:29Z,26.546075,-76.962212,0.04,117.1,1,10,0.8
2024-03-25T15:25:34Z,26.546078,-76.962208,0.14,54.4,1,10,0.8
2024-03-25T15:25:39Z,26.546077,-76.962205,0.20,183.8,1,10,0.8
2024-03-25T15:25:44Z,26.546075,-76.962205,0.24,355.9,1,10,0.8
2024-03-25T15:25:49Z,26.546078,-76.962207,0.07,179.6,1,10,0.8
2024-03-25T15:25:54Z,26.546077,-76.962212,0.18,333.7,1,10,0.8
2024-03-25T15:25:59Z,26.546082,-76.962215,0.14,57.1,1,10,0.8
2024-03-25T15:26:09Z,26.546088,-76.962217,0.19,358.6,1,9,0.9
2024-03-25T15:26:14Z,26.546093,-76.962220,0.18,307.7,1,9,0.9
2024-03-25T15:26:19Z,26.546098,-76.962222,0.07,17.7,1,9,0.9
2024-03-25T15:26:24Z,26.546107,-76.962223,0.37,15.7,1,9,0.9
2024-03-25T15:26:29Z,26.546108,-76.962223,0.20,7.7,1,9,0.9
2024-03-25T15:26:34Z,26.546112,-76.962225,0.09,250.6,1,9,0.9
2024-03-25T15:26:39Z,26.546120,-76.962225,0.53,18.8,1,10,0.8
2024-03-25T15:26:44Z,26.546120,-76.962227,0.27,30.7,1,10,0.8
2024-03-25T15:26:49Z,26.546120,-76.962225,0.24,50.0,1,9,0.9
2024-03-25T15:26:54Z,26.546118,-76.962218,0.31,175.6,1,9,0.9
2024-03-25T15:26:59Z,26.546115,-76.962220,0.36,115.0,1,8,1.0
2024-03-25T15:27:04Z,26.546113,-76.962212,0.53,127.2,1,9,0.9
2024-03-25T15:27:14Z,26.546105,-76.962192,0.35,137.8,1,9,0.9
2024-03-25T15:27:19Z,26.546100,-76.962187,0.28,123.0,1,9,0.9
2024-03-25T15:27:24Z,26.546100,-76.962182,0.27,170.6,1,9,0.9
2024-03-25T15:27:29Z,26.546097,-76.962180,0.16,133.7,1,9,0.9
2024-03-25T15:27:34Z,26.546093,-76.962178,0.18,129.2,1,9,0.9
2024-03-25T15:27:39Z,26.546092,-76.962182,0.09,16.1,1,9,0.9
2024-03-25T15:27:49Z,26.546092,-76.962183,0.20,190.2,1,8,1.0
2024-03-25T15:27:54Z,26.546087,-76.962195,0.10,179.4,1,8,1.0
2024-03-25T15:27:59Z,26.546082,-76.962197,0.11,182.3,1,8,1.0
2024-03-25T15:28:04Z,26.546075,-76.962197,0.18,217.8,1,8,1.0
2024-03-25T15:28:09Z,26.546075,-76.962200,0.10,193.1,1,8,1.0
2024-03-25T15:28:14Z,26.546068,-76.962203,0.22,139.9,1,9,0.9
2024-03-25T15:28:24Z,26.546055,-76.962207,0.24,179.9,1,9,0.9
2024-03-25T15:28:29Z,26.546048,-76.962212,0.13,164.5,1,9,0.9
2024-03-25T15:28:34Z,26.546048,-76.962208,0.16,85.0,1,9,0.9
2024-03-25T15:28:39Z,26.546048,-76.962207,0.13,143.7,1,8,1.0
2024-03-25T15:28:44Z,26.546047,-76.962205,0.26,149.5,1,8,1.0
2024-03-25T15:28:49Z,26.546047,-76.962203,0.15,28.7,1,9,0.9
2024-03-25T15:28:59Z,26.546055,-76.962203,0.07,247.6,1,8,1.0
2024-03-25T15:29:04Z,26.546052,-76.962210,0.14,301.2,1,9,0.9
2024-03-25T15:29:09Z,26.546055,-76.962215,0.21,8.3,1,8,1.0
2024-03-25T15:29:14Z,26.546058,-76.962213,0.22,86.2,1,9,0.9
2024-03-25T15:29:19Z,26.546065,-76.962212,0.29,5.6,1,9,0.9
2024-03-25T15:29:24Z,26.546070,-76.962217,0.14,229.6,1,9,0.9
2024-03-25T15:29:34Z,26.546072,-76.962217,0.26,90.0,1,9,0.9
2024-03-25T15:29:39Z,26.546073,-76.962213,0.33,61.4,1,9,0.9
2024-03-25T15:29:44Z,26.546077,-76.962212,0.11,145.0,1,9,0.9
2024-03-25T15:29:49Z,26.546075,-76.962217,0.04,237.4,1,9,0.9
2024-03-25T15:29:54Z,26.546075,-76.962218,0.35,41.0,1,7,1.4
2024-03-25T15:29:59Z,26.546077,-76.962213,0.11,163.7,1,8,1.0
2024-03-25T15:30:09Z,26.546073,-76.962212,0.09,222.8,1,9,0.9
2024-03-25T15:30:14Z,26.546077,-76.962217,0.17,300.3,1,7,1.4
2024-03-25T15:30:19Z,26.546080,-76.962220,0.15,50.1,1,9,0.9
2024-03-25T15:30:24Z,26.546083,-76.962218,0.14,120.6,1,9,0.9
2024-03-25T15:30:29Z,26.546083,-76.962217,0.07,116.7,1,9,0.9
2024-03-25T15:30:34Z,26.546085,-76.962217,0.05,32.3,1,9,0.9
2024-03-25T15:30:44Z,26.546080,-76.962222,0.53,188.9,1,9,0.9
2024-03-25T15:30:49Z,26.546070,-76.962222,0.57,122.1,1,8,0.9
2024-03-25T15:30:54Z,26.546067,-76.962217,0.70,161.6,1,9,0.9
2024-03-25T15:30:59Z,26.546075,-76.962207,0.16,144.4,1,9,0.9
2024-03-25T15:31:04Z,26.546077,-76.962202,0.23,146.1,1,8,1.0
2024-03-25T15:31:09Z,26.546077,-76.962200,0.32,163.7,1,9,0.9
2024-03-25T15:31:19Z,26.546070,-76.962193,0.45,199.9,1,9,0.9
2024-03-25T15:31:24Z,26.546072,-76.962205,0.40,245.6,1,9,0.9
2024-03-25T15:31:29Z,26.546072,-76.962212,0.26,240.8,1,9,0.9
2024-03-25T15:31:34Z,26.546077,-76.962220,0.24,327.0,1,9,0.9
2024-03-25T15:31:39Z,26.546088,-76.962218,0.48,25.9,1,8,1.0
2024-03-25T15:31:44Z,26.546097,-76.962213,0.35,45.9,1,9,0.9
2024-03-25T15:31:54Z,26.546112,-76.962215,0.34,346.3,1,8,1.0
2024-03-25T15:31:59Z,26.546120,-76.962218,0.35,14.5,1,9,0.9
2024-03-25T15:32:04Z,26.546128,-76.962218,0.29,17.3,1,8,1.0
2024-03-25T15:32:09Z,26.546132,-76.962220,0.16,10.1,1,8,1.0
2024-03-25T15:32:14Z,26.546138,-76.962220,0.10,66.8,1,9,0.9
2024-03-25T15:32:19Z,26.546133,-76.962223,0.49,214.2,1,9,0.9
2024-03-25T15:32:29Z,26.546127,-76.962222,0.64,135.6,1,9,0.9
2024-03-25T15:32:34Z,26.546122,-76.962210,0.59,128.6,1,9,0.9
2024-03-25T15:32:39Z,26.546115,-76.962203,0.40,144.8,1,8,1.0
2024-03-25T15:32:44Z,26.546112,-76.962198,0.26,130.0,1,9,0.9
2024-03-25T15:32:49Z,26.546107,-76.962198,0.26,175.3,1,9,0.9
2024-03-25T15:32:54Z,26.546102,-76.962197,0.24,192.3,1,9,0.9
2024-03-25T15:33:04Z,26.546103,-76.962200,0.33,257.3,1,9,0.9
2024-03-25T15:33:09Z,26.546103,-76.962207,0.15,239.9,1,9,0.9
2024-03-25T15:33:14Z,26.546107,-76.962208,0.16,278.8,1,9,0.9
2024-03-25T15:33:19Z,26.546107,-76.962213,0.25,229.0,1,9,0.9
2024-03-25T15:33:24Z,26.546108,-76.962213,0.15,150.7,1,9,0.9
2024-03-25T15:33:29Z,26.546108,-76.962213,0.16,64.7,1,9,0.9
2024-03-25T15:33:39Z,26.546107,-76.962208,0.19,56.5,1,8,1.0
2024-03-25T15:33:44Z,26.546108,-76.962208,0.17,135.5,1,8,1.0
2024-03-25T15:33:49Z,26.546107,-76.962205,0.34,108.6,1,9,0.9
2024-03-25T15:33:54Z,26.546103,-76.962200,0.23,127.5,1,9,0.9
2024-03-25T15:33:59Z,26.546102,-76.962198,0.28,147.1,1,9,0.9
2024-03-25T15:34:04Z,26.546097,-76.962197,0.22,162.4,1,8,1.0
2024-03-25T15:34:09Z,26.546093,-76.962197,0.07,245.3,1,9,0.9
2024-03-25T15:34:14Z,26.546097,-76.962200,0.08,217.6,1,8,1.0
2024-03-25T15:34:19Z,26.546097,-76.962207,0.67,218.5,1,10,0.8
2024-03-25T15:34:24Z,26.546093,-76.962210,0.02,118.4,1,9,1.0
2024-03-25T15:34:29Z,26.546097,-76.962210,0.23,85.0,1,8,1.3
2024-03-25T15:34:34Z,26.546100,-76.962205,0.34,42.5,1,9,1.0
2024-03-25T15:34:39Z,26.546103,-76.962205,0.14,341.8,1,9,1.0
2024-03-25T15:34:49Z,26.546108,-76.962208,0.16,40.3,1,10,0.8
2024-03-25T15:34:54Z,26.546110,-76.962208,0.16,52.9,1,8,1.3
2024-03-25T15:34:59Z,26.546110,-76.962210,0.08,31.4,1,9,1.0
2024-03-25T15:35:04Z,26.546113,-76.962210,0.04,76.8,1,10,0.8
2024-03-25T15:35:09Z,26.546110,-76.962210,0.06,78.5,1,9,1.0
2024-03-25T15:35:14Z,26.546110,-76.962208,0.18,134.8,1,10,0.8
2024-03-25T15:35:24Z,26.546103,-76.962202,0.51,154.4,1,10,0.8
2024-03-25T15:35:29Z,26.546100,-76.962198,0.44,73.0,1,9,1.0
2024-03-25T15:35:34Z,26.546103,-76.962197,0.22,117.8,1,9,1.0
2024-03-25T15:35:39Z,26.546103,-76.962198,0.07,196.3,1,8,1.0
2024-03-25T15:35:44Z,26.546102,-76.962202,0.23,251.4,1,9,1.0
2024-03-25T15:35:49Z,26.546103,-76.962203,0.19,193.7,1,10,0.8
2024-03-25T15:35:59Z,26.546102,-76.962205,0.25,205.9,1,10,0.8
2024-03-25T15:36:04Z,26.546098,-76.962212,0.20,218.2,1,9,1.0
2024-03-25T15:36:09Z,26.546095,-76.962220,0.16,27.5,1,10,0.8
2024-03-25T15:36:14Z,26.546095,-76.962218,0.19,48.4,1,10,0.8
2024-03-25T15:36:19Z,26.546097,-76.962217,0.27,280.1,1,9,0.9
2024-03-25T15:36:24Z,26.546107,-76.962218,0.36,0.6,1,10,0.8
2024-03-25T15:36:34Z,26.546127,-76.962215,0.22,28.4,1,9,1.0
2024-03-25T15:36:39Z,26.546135,-76.962217,0.28,322.0,1,9,1.0
2024-03-25T15:36:44Z,26.546143,-76.962217,0.31,41.6,1,9,1.0
2024-03-25T15:36:49Z,26.546148,-76.962217,0.17,72.3,1,9,1.0
2024-03-25T15:36:54Z,26.546148,-76.962218,0.09,109.0,1,10,0.8
2024-03-25T15:36:59Z,26.546152,-76.962222,0.07,345.4,1,10,0.8
2024-03-25T15:37:09Z,26.546155,-76.962223,0.22,119.6,1,9,1.0
2024-03-25T15:37:14Z,26.546153,-76.962213,0.30,125.6,1,10,0.8
2024-03-25T15:37:19Z,26.546150,-76.962207,0.28,151.9,1,10,0.8
2024-03-25T15:37:24Z,26.546147,-76.962203,0.27,188.0,1,10,0.8
2024-03-25T15:37:29Z,26.546143,-76.962200,0.18,130.0,1,9,0.9
2024-03-25T15:37:34Z,26.546140,-76.962197,0.18,143.6,1,10,0.8
2024-03-25T15:37:44Z,26.546137,-76.962197,0.04,282.2,1,10,0.8
2024-03-25T15:37:49Z,26.546138,-76.962198,0.07,284.6,1,10,0.8
2024-03-25T15:37:54Z,26.546143,-76.962200,0.42,8.1,1,10,0.8
2024-03-25T15:37:59Z,26.546152,-76.962203,0.25,30.0,1,10,0.8
2024-03-25T15:38:04Z,26.546147,-76.962203,0.26,149.0,1,9,0.9
2024-03-25T15:38:09Z,26.546143,-76.962205,0.23,20.9,1,10,0.8
2024-03-25T15:38:19Z,26.546153,-76.962203,0.33,73.9,1,10,0.8
2024-03-25T15:38:24Z,26.546157,-76.962200,0.29,23.0,1,10,0.8
2024-03-25T15:38:29Z,26.546158,-76.962202,0.22,356.7,1,10,0.8
2024-03-25T15:38:34Z,26.546160,-76.962205,0.10,226.7,1,10,0.8
2024-03-25T15:38:39Z,26.546158,-76.962205,0.41,46.9,1,10,0.8
2024-03-25T15:38:44Z,26.546155,-76.962203,0.35,54.3,1,10,0.8
2024-03-25T15:38:54Z,26.546147,-76.962202,0.30,74.9,1,10,0.8
2024-03-25T15:38:59Z,26.546143,-76.962202,0.43,183.3,1,10,0.8
2024-03-25T15:39:04Z,26.546143,-76.962202,0.23,24.5,1,9,1.0
2024-03-25T15:39:09Z,26.546143,-76.962205,0.09,6.0,1,9,1.0
2024-03-25T15:39:14Z,26.546140,-76.962210,0.09,218.2,1,8,1.0
2024-03-25T15:39:19Z,26.546137,-76.962213,0.13,120.8,1,10,0.8
2024-03-25T15:39:29Z,26.546137,-76.962218,0.27,208.5,1,10,0.8
2024-03-25T15:39:34Z,26.546137,-76.962222,0.21,352.5,1,9,0.9
2024-03-25T15:39:39Z,26.546142,-76.962220,0.25,81.4,1,9,1.0
2024-03-25T15:39:44Z,26.546145,-76.962213,0.29,72.3,1,10,0.8
2024-03-25T15:39:49Z,26.546140,-76.962212,0.28,121.8,1,10,0.8
2024-03-25T15:39:54Z,26.546137,-76.962210,0.12,124.5,1,10,0.8
2024-03-25T15:40:04Z,26.546128,-76.962200,0.33,121.8,1,10,0.8
2024-03-25T15:40:09Z,26.546125,-76.962198,0.29,186.3,1,9,0.9
2024-03-25T15:40:14Z,26.546118,-76.962197,0.26,162.4,1,10,0.8
2024-03-25T15:40:19Z,26.546115,-76.962195,0.35,171.7,1,8,0.9
2024-03-25T15:40:24Z,26.546112,-76.962192,0.17,127.3,1,10,0.8
2024-03-25T15:40:29Z,26.546107,-76.962190,0.35,162.5,1,10,0.8
2024-03-25T15:40:39Z,26.546105,-76.962183,0.24,66.2,1,9,0.9
2024-03-25T15:40:44Z,26.546102,-76.962185,0.10,164.7,1,10,0.8
2024-03-25T15:40:49Z,26.546100,-76.962187,0.33,11.0,1,10,0.8
2024-03-25T15:40:54Z,26.546097,-76.962193,0.36,28.9,1,9,0.9
2024-03-25T15:40:59Z,26.546108,-76.962193,0.35,14.2,1,9,0.9
2024-03-25T15:41:04Z,26.546113,-76.962193,0.26,25.1,1,10,0.8
2024-03-25T15:41:14Z,26.546107,-76.962192,0.13,123.5,1,10,0.8
2024-03-25T15:41:19Z,26.546102,-76.962183,0.41,140.6,1,9,1.0
2024-03-25T15:41:24Z,26.546100,-76.962178,0.31,71.1,1,9,0.9
2024-03-25T15:41:29Z,26.546093,-76.962175,0.32,139.7,1,8,1.0
2024-03-25T15:41:34Z,26.546085,-76.962173,0.51,171.4,1,9,0.9
2024-03-25T15:41:39Z,26.546083,-76.962172,0.19,155.8,1,10,0.8
2024-03-25T15:41:44Z,26.546073,-76.962173,0.32,160.7,1,10,0.8
2024-03-25T15:41:49Z,26.546067,-76.962172,0.21,109.0,1,8,1.4
2024-03-25T15:41:54Z,26.546060,-76.962177,0.10,138.2,1,8,1.4
2024-03-25T15:41:59Z,26.546053,-76.962182,0.14,164.8,1,9,1.0
2024-03-25T15:42:04Z,26.546048,-76.962183,0.18,130.4,1,8,1.4
2024-03-25T15:42:09Z,26.546047,-76.962183,0.24,68.7,1,9,1.0
2024-03-25T15:42:19Z,26.546043,-76.962182,0.18,71.8,1,8,1.4
2024-03-25T15:42:24Z,26.546042,-76.962182,0.08,82.3,1,8,1.4
2024-03-25T15:42:29Z,26.546038,-76.962183,0.25,138.1,1,9,1.0
2024-03-25T15:42:34Z,26.546035,-76.962183,0.17,131.2,1,9,1.0
2024-03-25T15:42:39Z,26.546033,-76.962182,0.25,138.8,1,9,0.9
2024-03-25T15:42:44Z,26.546033,-76.962178,0.28,103.3,1,9,1.0
2024-03-25T15:42:54Z,26.546028,-76.962170,0.25,135.1,1,8,1.4
2024-03-25T15:42:59Z,26.546023,-76.962170,0.21,172.1,1,8,1.4
2024-03-25T15:43:04Z,26.546018,-76.962172,0.12,152.1,1,8,1.4
2024-03-25T15:43:09Z,26.546018,-76.962173,0.01,174.2,1,8,1.4
2024-03-25T15:43:14Z,26.546020,-76.962172,0.24,37.3,1,9,1.0
2024-03-25T15:43:19Z,26.546022,-76.962172,0.33,260.2,1,8,1.4
2024-03-25T15:43:24Z,26.546023,-76.962183,0.30,321.0,1,9,1.0
2024-03-25T15:43:29Z,26.546033,-76.962187,0.55,352.4,1,9,0.9
2024-03-25T15:43:34Z,26.546043,-76.962192,0.16,333.6,1,9,0.9
2024-03-25T15:43:39Z,26.546048,-76.962197,0.18,324.8,1,8,1.4
2024-03-25T15:43:44Z,26.546052,-76.962203,0.16,297.6,1,9,1.0
2024-03-25T15:43:49Z,26.546058,-76.962207,0.19,356.7,1,10,0.8
2024-03-25T15:43:59Z,26.546060,-76.962197,0.12,79.8,2,10,0.8
2024-03-25T15:44:04Z,26.546060,-76.962185,0.16,162.5,2,10,0.8
2024-03-25T15:44:09Z,26.546057,-76.962180,0.17,153.5,2,9,0.9
2024-03-25T15:44:14Z,26.546060,-76.962172,0.39,41.5,2,9,0.9
2024-03-25T15:44:19Z,26.546068,-76.962173,0.25,60.5,1,8,1.4
2024-03-25T15:44:24Z,26.546072,-76.962178,0.13,28.4,1,9,0.9
2024-03-25T15:44:34Z,26.546082,-76.962188,0.27,350.6,1,8,1.4
2024-03-25T15:44:39Z,26.546090,-76.962200,0.45,340.4,2,8,1.4
2024-03-25T15:44:44Z,26.546090,-76.962205,0.12,314.9,2,9,1.0
2024-03-25T15:44:49Z,26.546093,-76.962202,0.24,38.1,2,9,1.0
2024-03-25T15:44:54Z,26.546097,-76.962197,0.16,30.4,2,8,1.5
2024-03-25T15:44:59Z,26.546100,-76.962202,0.26,313.4,1,8,1.5
2024-03-25T15:45:09Z,26.546108,-76.962210,0.28,105.6,1,8,1.5
2024-03-25T15:45:14Z,26.546110,-76.962208,0.30,57.7,2,9,1.0
2024-03-25T15:45:19Z,26.546107,-76.962212,0.36,158.8,2,9,1.0
2024-03-25T15:45:24Z,26.546108,-76.962212,0.39,69.6,2,9,1.0
2024-03-25T15:45:29Z,26.546107,-76.962212,0.14,88.7,2,9,1.0
2024-03-25T15:45:34Z,26.546095,-76.962210,0.40,179.3,1,9,1.0
2024-03-25T15:45:39Z,26.546078,-76.962215,0.50,198.4,1,9,1.0
2024-03-25T15:45:49Z,26.546073,-76.962217,0.13,348.0,1,9,1.0
2024-03-25T15:45:54Z,26.546077,-76.962215,0.16,215.1,1,9,1.0
2024-03-25T15:45:59Z,26.546080,-76.962212,0.40,60.6,1,9,1.0
2024-03-25T15:46:04Z,26.546087,-76.962205,0.17,52.5,1,8,1.5
2024-03-25T15:46:09Z,26.546093,-76.962200,0.35,61.5,1,8,1.5
2024-03-25T15:46:14Z,26.546100,-76.962198,0.15,357.7,1,8,1.5
2024-03-25T15:46:24Z,26.546110,-76.962193,0.26,65.0,1,9,1.0
2024-03-25T15:46:29Z,26.546107,-76.962195,0.21,152.0,1,9,1.0
2024-03-25T15:46:34Z,26.546097,-76.962198,0.19,49.3,1,9,1.0
2024-03-25T15:46:39Z,26.546095,-76.962193,0.22,103.8,1,9,1.0
2024-03-25T15:46:44Z,26.546098,-76.962193,0.06,146.5,1,9,1.0
2024-03-25T15:46:49Z,26.546098,-76.962193,0.22,176.7,1,9,1.0
2024-03-25T15:46:59Z,26.546098,-76.962197,0.15,69.5,1,9,1.0
2024-03-25T15:47:04Z,26.546100,-76.962197,0.13,232.5,1,9,1.0
2024-03-25T15:47:09Z,26.546095,-76.962202,0.06,31.6,1,9,1.0
2024-03-25T15:47:14Z,26.546103,-76.962203,0.09,56.5,1,9,1.0
2024-03-25T15:47:19Z,26.546105,-76.962203,0.23,158.5,1,9,1.0
2024-03-25T15:47:24Z,26.546107,-76.962203,0.24,28.6,1,9,1.0
2024-03-25T15:47:34Z,26.546100,-76.962200,0.17,141.8,1,9,1.0
2024-03-25T15:47:39Z,26.546088,-76.962203,0.82,193.0,1,9,1.0
2024-03-25T15:47:44Z,26.546083,-76.962205,0.11,113.6,1,9,1.0
2024-03-25T15:47:49Z,26.546095,-76.962197,0.47,50.4,1,9,1.0
2024-03-25T15:47:54Z,26.546103,-76.962187,0.20,57.2,1,8,1.5
2024-03-25T15:47:59Z,26.546112,-76.962183,0.23,69.7,1,8,1.5
2024-03-25T15:48:09Z,26.546112,-76.962180,0.24,149.2,1,9,1.0
2024-03-25T15:48:14Z,26.546110,-76.962180,0.32,13.0,1,9,1.0
2024-03-25T15:48:19Z,26.546110,-76.962183,0.50,23.1,1,9,1.0
2024-03-25T15:48:24Z,26.546098,-76.962192,0.63,195.8,1,9,1.0
2024-03-25T15:48:29Z,26.546095,-76.962195,0.20,8.6,1,9,1.0
2024-03-25T15:48:34Z,26.546092,-76.962198,0.01,61.0,1,9,1.0
2024-03-25T15:48:44Z,26.546088,-76.962200,0.14,222.5,1,8,1.5
2024-03-25T15:48:49Z,26.546098,-76.962202,0.08,29.0,1,8,1.2
2024-03-25T15:48:54Z,26.546102,-76.962205,0.33,356.4,1,8,1.2
2024-03-25T15:48:59Z,26.546095,-76.962210,0.30,186.5,1,8,1.2
2024-03-25T15:49:04Z,26.546097,-76.962208,0.17,88.3,1,7,1.7
2024-03-25T15:49:09Z,26.546095,-76.962207,0.27,22.5,1,9,1.0
2024-03-25T15:49:19Z,26.546097,-76.962205,0.24,48.4,1,9,1.0
2024-03-25T15:49:24Z,26.546100,-76.962203,0.29,149.6,1,9,1.0
2024-03-25T15:49:29Z,26.546103,-76.962200,0.35,65.6,1,9,1.0
2024-03-25T15:49:34Z,26.546107,-76.962197,0.11,14.1,1,8,1.6
2024-03-25T15:49:39Z,26.546110,-76.962197,0.07,310.9,1,8,1.6
2024-03-25T15:49:44Z,26.546110,-76.962197,0.09,96.8,1,8,1.6
2024-03-25T15:49:54Z,26.546132,-76.962198,0.13,39.9,1,7,1.7
2024-03-25T15:49:59Z,26.546128,-76.962197,0.28,171.6,1,8,1.2
2024-03-25T15:50:04Z,26.546135,-76.962195,0.50,201.4,1,8,1.2
2024-03-25T15:50:09Z,26.546127,-76.962202,0.56,9.5,1,8,1.2
2024-03-25T15:50:14Z,26.546107,-76.962208,0.15,266.7,1,8,1.2
2024-03-25T15:50:24Z,26.546093,-76.962212,0.19,47.0,1,8,1.2
2024-03-25T15:50:29Z,26.546093,-76.962213,0.19,160.9,1,8,1.2
2024-03-25T15:50:34Z,26.546102,-76.962215,0.10,68.7,1,7,1.7
2024-03-25T15:50:39Z,26.546108,-76.962217,0.06,14.8,1,7,1.7
2024-03-25T15:50:44Z,26.546118,-76.962220,0.40,327.6,1,7,1.8
2024-03-25T15:50:54Z,26.546107,-76.962220,0.30,22.2,1,7,1.8
2024-03-25T15:50:59Z,26.546107,-76.962220,0.20,9.3,1,7,1.8
2024-03-25T15:51:04Z,26.546108,-76.962220,0.10,64.5,1,7,1.8
2024-03-25T15:51:09Z,26.546102,-76.962222,0.22,194.1,1,8,1.2
2024-03-25T15:51:14Z,26.546093,-76.962223,0.49,160.7,1,8,1.2
2024-03-25T15:51:19Z,26.546095,-76.962222,0.33,95.0,1,7,1.8
2024-03-25T15:51:29Z,26.546097,-76.962213,0.48,164.7,1,8,1.2
2024-03-25T15:51:34Z,26.546093,-76.962208,0.39,140.2,1,8,1.2
2024-03-25T15:51:39Z,26.546092,-76.962200,0.63,161.0,1,8,1.2
2024-03-25T15:51:44Z,26.546092,-76.962193,0.23,132.3,1,8,1.2
2024-03-25T15:51:49Z,26.546085,-76.962192,0.46,180.2,1,8,1.2
2024-03-25T15:51:54Z,26.546083,-76.962188,0.31,67.5,1,8,1.2
2024-03-25T15:52:04Z,26.546075,-76.962188,0.16,157.9,1,7,1.8
2024-03-25T15:52:09Z,26.546072,-76.962188,0.25,147.6,1,7,1.8
2024-03-25T15:52:14Z,26.546065,-76.962190,0.13,109.8,1,7,1.8
2024-03-25T15:52:19Z,26.546070,-76.962185,0.15,162.5,1,8,1.2
2024-03-25T15:52:24Z,26.546068,-76.962188,0.26,162.3,1,7,1.8
2024-03-25T15:52:29Z,26.546063,-76.962192,0.13,180.0,1,8,1.2
2024-03-25T15:52:39Z,26.546068,-76.962193,0.12,358.8,1,8,1.2
2024-03-25T15:52:44Z,26.546073,-76.962197,0.87,11.4,1,8,1.2
2024-03-25T15:52:49Z,26.546085,-76.962197,0.93,15.7,1,8,1.2
2024-03-25T15:52:54Z,26.546098,-76.962195,0.67,10.3,1,8,1.2
2024-03-25T15:52:59Z,26.546100,-76.962197,0.12,3.0,1,8,1.2
2024-03-25T15:53:04Z,26.546098,-76.962198,0.07,208.9,1,8,1.2
2024-03-25T15:53:09Z,26.546097,-76.962203,0.40,221.5,1,8,1.2
2024-03-25T15:53:14Z,26.546098,-76.962207,0.25,153.8,1,8,1.2
2024-03-25T15:53:19Z,26.546097,-76.962210,0.21,185.5,1,8,1.2
2024-03-25T15:53:24Z,26.546107,-76.962215,0.20,30.1,1,8,1.2
2024-03-25T15:53:29Z,26.546117,-76.962215,0.25,63.6,1,8,1.2
2024-03-25T15:53:34Z,26.546117,-76.962213,0.21,104.7,1,7,1.8
2024-03-25T15:53:44Z,26.546110,-76.962202,0.44,88.6,1,8,1.2
2024-03-25T15:53:49Z,26.546103,-76.962193,0.23,149.9,1,8,1.2
2024-03-25T15:53:54Z,26.546097,-76.962192,0.15,63.2,1,8,1.2
2024-03-25T15:53:59Z,26.546093,-76.962197,0.11,235.4,1,7,1.8
2024-03-25T15:54:04Z,26.546090,-76.962205,0.24,285.4,1,7,1.8
2024-03-25T15:54:09Z,26.546093,-76.962212,0.14,327.9,1,7,1.8
2024-03-25T15:54:14Z,26.546092,-76.962213,0.10,32.5,1,8,1.2
2024-03-25T15:54:19Z,26.546095,-76.962208,0.19,67.1,1,8,1.2
2024-03-25T15:54:24Z,26.546100,-76.962202,0.18,44.9,1,8,1.2
2024-03-25T15:54:29Z,26.546098,-76.962203,0.38,199.1,1,8,1.2
2024-03-25T15:54:34Z,26.546105,-76.962205,0.16,245.9,1,8,1.2
2024-03-25T15:54:39Z,26.546107,-76.962207,0.42,163.0,1,8,1.2
2024-03-25T15:54:49Z,26.546108,-76.962200,0.26,173.7,1,8,1.2
2024-03-25T15:54:54Z,26.546112,-76.962203,0.13,155.1,1,7,1.8
2024-03-25T15:54:59Z,26.546122,-76.962205,0.74,13.5,1,8,1.2
2024-03-25T15:55:04Z,26.546128,-76.962207,0.34,170.4,1,8,1.2
2024-03-25T15:55:09Z,26.546107,-76.962208,0.13,151.3,1,7,1.8
2024-03-25T15:55:14Z,26.546095,-76.962208,0.00,72.5,1,7,1.8
2024-03-25T15:55:19Z,26.546100,-76.962213,0.11,260.3,1,8,1.2
2024-03-25T15:55:24Z,26.546100,-76.962218,0.05,102.5,1,8,1.2
2024-03-25T15:55:29Z,26.546105,-76.962220,0.08,24.6,1,7,1.8
2024-03-25T15:55:34Z,26.546110,-76.962220,0.12,76.7,1,7,1.8
2024-03-25T15:55:39Z,26.546112,-76.962217,0.15,104.4,1,7,1.8
2024-03-25T15:55:44Z,26.546112,-76.962215,0.06,164.8,1,8,1.2
2024-03-25T15:55:49Z,26.546107,-76.962217,0.19,154.1,1,7,1.8
2024-03-25T15:55:54Z,26.546120,-76.962215,0.53,25.4,1,8,1.2
2024-03-25T15:55:59Z,26.546132,-76.962213,0.26,114.4,1,8,1.2
2024-03-25T15:56:04Z,26.546128,-76.962210,0.15,148.1,1,8,1.2
2024-03-25T15:56:09Z,26.546123,-76.962210,0.17,169.8,1,7,1.9
2024-03-25T15:56:14Z,26.546118,-76.962210,0.18,117.0,1,7,1.9
2024-03-25T15:56:24Z,26.546122,-76.962202,0.21,107.4,2,7,1.9
2024-03-25T15:56:29Z,26.546123,-76.962200,0.22,99.5,2,7,1.9
2024-03-25T15:56:34Z,26.546123,-76.962198,0.13,141.6,2,7,1.9
2024-03-25T15:56:39Z,26.546123,-76.962200,0.17,26.7,2,7,1.9
2024-03-25T15:56:44Z,26.546115,-76.962195,0.07,239.3,2,8,1.1
2024-03-25T15:56:49Z,26.546107,-76.962192,0.02,248.5,2,8,1.1
2024-03-25T15:56:54Z,26.546110,-76.962185,0.48,14.9,2,8,1.1
2024-03-25T15:56:59Z,26.546113,-76.962180,0.22,17.5,2,8,1.1
2024-03-25T15:57:04Z,26.546112,-76.962177,0.16,40.1,2,8,1.1
2024-03-25T15:57:09Z,26.546108,-76.962177,0.06,161.2,2,8,1.1
2024-03-25T15:57:14Z,26.546115,-76.962188,0.09,52.7,1,7,1.9
2024-03-25T15:57:19Z,26.546105,-76.962193,0.22,140.5,1,7,1.9
2024-03-25T15:57:29Z,26.546092,-76.962192,0.13,65.4,2,7,1.9
2024-03-25T15:57:34Z,26.546082,-76.962185,0.31,112.6,2,7,1.9
2024-03-25T15:57:39Z,26.546077,-76.962175,0.26,79.0,2,7,1.9
2024-03-25T15:57:44Z,26.546077,-76.962172,0.17,8.2,1,7,1.9
2024-03-25T15:57:49Z,26.546088,-76.962187,0.35,358.5,1,8,1.1
2024-03-25T15:57:59Z,26.546098,-76.962202,0.39,30.5,2,8,1.1
2024-03-25T15:58:04Z,26.546105,-76.962190,0.33,55.8,2,8,1.1
2024-03-25T15:58:09Z,26.546108,-76.962183,0.18,160.7,2,7,1.9
2024-03-25T15:58:14Z,26.546100,-76.962185,0.11,329.7,2,8,1.1
2024-03-25T15:58:19Z,26.546102,-76.962188,0.16,5.2,2,7,1.9
2024-03-25T15:58:24Z,26.546103,-76.962188,0.21,0.9,2,8,1.1
2024-03-25T15:58:34Z,26.546113,-76.962190,0.14,337.9,2,7,1.9
2024-03-25T15:58:39Z,26.546115,-76.962190,0.30,32.0,2,8,1.1
2024-03-25T15:58:44Z,26.546125,-76.962185,0.08,69.2,2,7,1.9
2024-03-25T15:58:49Z,26.546130,-76.962185,0.28,16.3,2,8,1.1
2024-03-25T15:58:54Z,26.546135,-76.962192,0.16,194.6,2,8,1.1
2024-03-25T15:58:59Z,26.546143,-76.962203,0.25,9.5,2,8,1.1
2024-03-25T15:59:04Z,26.546142,-76.962208,0.34,179.8,2,8,1.1
2024-03-25T15:59:09Z,26.546142,-76.962208,0.14,146.0,2,8,1.1
2024-03-25T15:59:14Z,26.546135,-76.962210,0.22,122.2,2,7,1.9
2024-03-25T15:59:19Z,26.546133,-76.962208,0.34,120.8,2,7,1.9
2024-03-25T15:59:24Z,26.546125,-76.962202,0.40,109.3,2,8,1.1
2024-03-25T15:59:29Z,26.546120,-76.962193,0.34,138.7,2,8,1.1
2024-03-25T15:59:39Z,26.546110,-76.962183,0.53,163.2,1,8,1.1
2024-03-25T15:59:44Z,26.546102,-76.962182,0.29,118.4,1,8,1.1
2024-03-25T15:59:49Z,26.546090,-76.962183,0.13,154.0,1,7,2.0
2024-03-25T15:59:54Z,26.546093,-76.962183,0.03,98.2,1,8,1.1
2024-03-25T15:59:59Z,26.546087,-76.962188,0.59,196.9,1,8,1.1
2024-03-25T16:00:04Z,26.546078,-76.962193,0.10,203.1,1,7,2.0
2024-03-25T16:00:14Z,26.546073,-76.962205,0.28,310.4,1,8,1.1
2024-03-25T16:00:19Z,26.546083,-76.962213,0.72,1.2,1,8,1.1
2024-03-25T16:00:24Z,26.546088,-76.962212,0.80,27.5,1,8,1.1
2024-03-25T16:00:29Z,26.546097,-76.962210,0.18,354.2,1,8,1.1
2024-03-25T16:00:34Z,26.546100,-76.962212,0.20,310.6,1,7,2.0
2024-03-25T16:00:39Z,26.546105,-76.962213,0.48,9.2,1,8,1.1
2024-03-25T16:00:49Z,26.546110,-76.962212,0.38,179.8,1,8,1.1
2024-03-25T16:00:54Z,26.546112,-76.962212,0.12,93.9,1,7,2.0
2024-03-25T16:00:59Z,26.546110,-76.962212,0.33,177.4,1,8,1.1
2024-03-25T16:01:04Z,26.546112,-76.962212,0.19,67.4,1,8,1.1
2024-03-25T16:01:09Z,26.546113,-76.962210,0.27,92.4,1,8,1.1
2024-03-25T16:01:14Z,26.546112,-76.962208,0.37,58.0,1,7,2.0
2024-03-25T16:01:19Z,26.546105,-76.962210,0.12,107.6,1,9,1.0
2024-03-25T16:01:24Z,26.546097,-76.962212,0.21,46.9,1,9,1.0
2024-03-25T16:01:29Z,26.546097,-76.962212,0.33,178.7,1,9,1.0
2024-03-25T16:01:34Z,26.546092,-76.962212,0.20,149.0,1,9,1.0
2024-03-25T16:01:39Z,26.546088,-76.962210,0.23,136.1,1,9,1.0
2024-03-25T16:01:44Z,26.546085,-76.962210,0.19,62.4,1,9,1.0
2024-03-25T16:01:54Z,26.546083,-76.962205,0.31,139.5,1,9,1.0
2024-03-25T16:01:59Z,26.546080,-76.962198,0.34,130.2,1,9,1.0
2024-03-25T16:02:04Z,26.546077,-76.962193,0.35,134.4,1,9,1.0
2024-03-25T16:02:09Z,26.546070,-76.962190,0.29,135.3,1,9,1.0
2024-03-25T16:02:14Z,26.546062,-76.962190,0.23,129.3,1,9,1.0
2024-03-25T16:02:19Z,26.546053,-76.962190,0.20,121.8,1,9,1.0
2024-03-25T16:02:29Z,26.546057,-76.962187,0.24,112.3,1,9,1.0
2024-03-25T16:02:34Z,26.546055,-76.962183,0.53,173.8,1,9,1.0
2024-03-25T16:02:39Z,26.546050,-76.962185,0.08,141.0,1,9,1.0
2024-03-25T16:02:44Z,26.546058,-76.962187,0.15,177.4,1,9,1.0
2024-03-25T16:02:49Z,26.546048,-76.962193,0.75,212.7,1,9,1.0
2024-03-25T16:02:54Z,26.546047,-76.962197,0.12,30.4,1,9,1.0
2024-03-25T16:03:04Z,26.546048,-76.962202,0.10,154.8,1,9,1.0
2024-03-25T16:03:09Z,26.546045,-76.962202,0.18,136.9,1,9,1.0
2024-03-25T16:03:14Z,26.546043,-76.962200,0.30,149.7,1,9,1.0
2024-03-25T16:03:19Z,26.546043,-76.962200,0.16,85.5,1,9,1.0
2024-03-25T16:03:24Z,26.546052,-76.962197,0.30,168.0,1,9,1.0
2024-03-25T16:03:29Z,26.546047,-76.962197,0.65,173.8,1,9,1.0
2024-03-25T16:03:39Z,26.546053,-76.962195,0.08,66.0,1,9,1.0
2024-03-25T16:03:44Z,26.546052,-76.962198,0.12,305.2,1,9,1.0
2024-03-25T16:03:49Z,26.546055,-76.962203,0.24,212.9,1,9,1.0
2024-03-25T16:03:54Z,26.546058,-76.962207,0.20,128.1,1,9,1.0
2024-03-25T16:03:59Z,26.546065,-76.962203,0.30,34.5,1,9,1.0
2024-03-25T16:04:04Z,26.546068,-76.962203,0.13,102.2,1,9,1.0
2024-03-25T16:04:14Z,26.546072,-76.962217,0.27,205.2,1,9,1.0
2024-03-25T16:04:19Z,26.546063,-76.962213,0.34,82.1,1,9,1.0
2024-03-25T16:04:24Z,26.546062,-76.962208,0.42,190.6,2,9,1.0
2024-03-25T16:04:29Z,26.546068,-76.962217,0.30,329.5,2,8,1.4
2024-03-25T16:04:34Z,26.546082,-76.962210,0.45,25.8,2,9,1.0
2024-03-25T16:04:39Z,26.546077,-76.962208,0.10,99.0,2,9,1.0
2024-03-25T16:04:44Z,26.546078,-76.962208,0.51,357.1,2,9,1.0
2024-03-25T16:04:49Z,26.546083,-76.962213,0.17,244.3,2,9,1.0
2024-03-25T16:04:54Z,26.546083,-76.962215,0.21,134.4,2,9,1.0
2024-03-25T16:04:59Z,26.546082,-76.962213,0.22,105.2,2,9,1.0
2024-03-25T16:05:04Z,26.546088,-76.962210,0.05,354.2,2,9,1.0
2024-03-25T16:05:09Z,26.546085,-76.962213,0.27,200.8,2,8,1.4
2024-03-25T16:05:14Z,26.546083,-76.962212,0.32,158.2,2,9,1.0
2024-03-25T16:05:24Z,26.546092,-76.962203,0.22,109.0,1,8,1.4
2024-03-25T16:05:29Z,26.546095,-76.962198,0.28,152.9,1,8,1.4
2024-03-25T16:05:34Z,26.546097,-76.962200,0.28,147.5,1,8,1.4
2024-03-25T16:05:39Z,26.546092,-76.962197,0.40,155.9,1,9,1.0
2024-03-25T16:05:44Z,26.546087,-76.962197,0.43,170.6,1,9,1.0
2024-03-25T16:05:54Z,26.546083,-76.962200,0.07,216.0,1,8,1.4
2024-03-25T16:05:59Z,26.546078,-76.962207,0.06,354.9,1,9,1.0
2024-03-25T16:06:04Z,26.546080,-76.962207,0.14,58.2,1,7,2.2
2024-03-25T16:06:09Z,26.546088,-76.962207,0.39,17.3,1,8,1.4
2024-03-25T16:06:14Z,26.546097,-76.962210,0.04,166.7,1,8,1.4
2024-03-25T16:06:24Z,26.546105,-76.962210,0.29,57.4,1,9,1.0
2024-03-25T16:06:29Z,26.546105,-76.962208,0.16,93.3,1,9,1.0
2024-03-25T16:06:34Z,26.546105,-76.962208,0.14,51.8,1,9,1.0
2024-03-25T16:06:39Z,26.546105,-76.962210,0.06,11.7,1,9,1.0
2024-03-25T16:06:44Z,26.546105,-76.962212,0.12,16.8,1,9,1.0
2024-03-25T16:06:49Z,26.546100,-76.962215,0.20,81.5,1,8,1.4
2024-03-25T16:06:59Z,26.546095,-76.962212,0.60,162.2,1,9,1.0
2024-03-25T16:07:04Z,26.546092,-76.962207,0.31,103.3,1,9,1.0
2024-03-25T16:07:09Z,26.546080,-76.962203,0.40,140.0,1,8,1.1
2024-03-25T16:07:14Z,26.546078,-76.962200,0.24,104.8,1,9,1.0
2024-03-25T16:07:19Z,26.546080,-76.962195,0.21,124.1,1,9,1.0
2024-03-25T16:07:29Z,26.546072,-76.962192,0.25,168.6,1,8,1.1
2024-03-25T16:07:34Z,26.546068,-76.962192,0.10,203.8,1,8,1.1
2024-03-25T16:07:39Z,26.546072,-76.962197,0.20,293.7,1,9,1.0
2024-03-25T16:07:44Z,26.546073,-76.962210,0.15,340.6,1,9,1.0
2024-03-25T16:07:49Z,26.546078,-76.962212,0.41,19.4,1,9,1.0
2024-03-25T16:07:54Z,26.546087,-76.962218,0.22,21.8,1,9,1.0
2024-03-25T16:08:04Z,26.546102,-76.962223,0.62,346.6,1,9,1.0
2024-03-25T16:08:09Z,26.546105,-76.962222,0.19,294.5,1,8,1.5
2024-03-25T16:08:14Z,26.546105,-76.962223,0.05,143.2,1,9,1.0
2024-03-25T16:08:19Z,26.546107,-76.962223,0.04,200.6,1,9,1.0
2024-03-25T16:08:24Z,26.546103,-76.962225,0.28,338.1,1,9,1.0
2024-03-25T16:08:29Z,26.546102,-76.962228,0.18,97.2,1,9,1.0
2024-03-25T16:08:39Z,26.546090,-76.962227,0.44,109.0,1,9,1.0
2024-03-25T16:08:44Z,26.546092,-76.962213,0.54,105.8,1,9,1.0
2024-03-25T16:08:49Z,26.546090,-76.962203,0.70,148.8,1,9,1.0
2024-03-25T16:08:54Z,26.546093,-76.962192,0.30,154.0,1,9,1.0
2024-03-25T16:08:59Z,26.546088,-76.962188,0.25,167.2,1,9,1.0
2024-03-25T16:09:04Z,26.546093,-76.962187,0.06,50.7,1,9,1.0
2024-03-25T16:09:14Z,26.546087,-76.962188,0.20,174.6,1,9,1.0
2024-03-25T16:09:19Z,26.546082,-76.962193,0.38,185.7,1,9,1.0
2024-03-25T16:09:24Z,26.546080,-76.962195,0.37,166.8,1,9,1.0
2024-03-25T16:09:29Z,26.546075,-76.962198,0.66,182.6,1,9,1.0
2024-03-25T16:09:34Z,26.546065,-76.962202,0.23,146.3,1,9,1.0
2024-03-25T16:09:39Z,26.546057,-76.962202,0.37,176.6,1,9,1.0
2024-03-25T16:09:44Z,26.546057,-76.962207,0.06,303.5,1,9,1.0
2024-03-25T16:09:49Z,26.546060,-76.962210,0.15,120.2,1,9,1.0
2024-03-25T16:09:54Z,26.546063,-76.962207,0.31,78.3,1,9,1.0
2024-03-25T16:09:59Z,26.546063,-76.962205,0.29,155.2,1,9,1.0
2024-03-25T16:10:04Z,26.546060,-76.962205,0.16,182.2,1,9,1.0
2024-03-25T16:10:09Z,26.546057,-76.962208,0.04,86.3,1,9,1.0
2024-03-25T16:10:14Z,26.546062,-76.962208,0.22,64.6,1,9,1.0
2024-03-25T16:10:24Z,26.546065,-76.962205,0.21,159.9,1,9,1.0
2024-03-25T16:10:29Z,26.546062,-76.962205,0.07,150.7,1,9,1.0
2024-03-25T16:10:34Z,26.546057,-76.962207,0.41,180.7,1,9,1.0
2024-03-25T16:10:39Z,26.546053,-76.962210,0.12,195.0,1,8,1.5
2024-03-25T16:10:44Z,26.546055,-76.962210,0.11,89.7,1,8,1.5
2024-03-25T16:10:49Z,26.546058,-76.962208,0.14,67.2,1,8,1.5
2024-03-25T16:10:59Z,26.546067,-76.962210,0.07,291.3,1,8,1.5
2024-03-25T16:11:04Z,26.546073,-76.962213,0.27,346.1,1,9,1.0
2024-03-25T16:11:09Z,26.546082,-76.962213,0.21,46.9,1,9,1.0
2024-03-25T16:11:14Z,26.546088,-76.962212,0.16,29.2,1,9,1.0
2024-03-25T16:11:19Z,26.546090,-76.962210,0.10,50.6,1,9,1.0
2024-03-25T16:11:24Z,26.546088,-76.962210,0.05,206.4,1,9,1.0
2024-03-25T16:11:34Z,26.546077,-76.962220,0.12,323.8,1,8,1.5
2024-03-25T16:11:39Z,26.546088,-76.962222,0.42,13.5,1,9,1.0
2024-03-25T16:11:44Z,26.546097,-76.962220,0.08,81.2,1,9,1.0
2024-03-25T16:11:49Z,26.546097,-76.962222,0.35,175.7,1,9,1.0
2024-03-25T16:11:54Z,26.546087,-76.962222,0.66,164.9,1,9,1.0
2024-03-25T16:11:59Z,26.546078,-76.962217,0.54,127.3,1,8,1.5
2024-03-25T16:12:09Z,26.546073,-76.962200,0.34,135.8,1,8,1.5
2024-03-25T16:12:14Z,26.546075,-76.962198,0.15,167.9,1,8,1.5
2024-03-25T16:12:19Z,26.546080,-76.962202,0.24,222.4,1,8,1.5
2024-03-25T16:12:24Z,26.546078,-76.962205,0.25,200.8,1,8,1.5
2024-03-25T16:12:29Z,26.546077,-76.962208,0.12,155.1,1,8,1.5
2024-03-25T16:12:34Z,26.546078,-76.962210,0.23,154.2,1,8,1.5
2024-03-25T16:12:44Z,26.546063,-76.962213,0.20,193.3,1,8,1.5
2024-03-25T16:12:49Z,26.546063,-76.962217,0.11,75.0,1,8,1.5
2024-03-25T16:12:54Z,26.546063,-76.962215,0.20,128.6,1,9,1.0
2024-03-25T16:12:59Z,26.546070,-76.962213,0.16,355.1,1,8,1.5
2024-03-25T16:13:04Z,26.546083,-76.962223,0.56,9.9,1,8,1.5
2024-03-25T16:13:09Z,26.546098,-76.962227,0.27,348.3,1,8,1.5
2024-03-25T16:13:14Z,26.546110,-76.962227,0.28,29.6,1,8,1.5
2024-03-25T16:13:19Z,26.546122,-76.962223,0.08,18.6,1,9,1.0
2024-03-25T16:13:24Z,26.546128,-76.962227,0.19,325.0,1,9,1.0
2024-03-25T16:13:29Z,26.546128,-76.962228,0.21,59.8,1,8,1.5
2024-03-25T16:13:34Z,26.546127,-76.962225,0.20,104.5,1,8,1.5
2024-03-25T16:13:39Z,26.546130,-76.962222,0.11,138.7,1,7,2.5
2024-03-25T16:13:49Z,26.546120,-76.962212,0.27,118.0,1,9,1.0
2024-03-25T16:13:54Z,26.546123,-76.962208,0.23,143.7,1,9,1.0
2024-03-25T16:13:59Z,26.546117,-76.962207,0.49,177.9,1,9,1.0
2024-03-25T16:14:04Z,26.546115,-76.962205,0.25,146.9,1,9,1.0
2024-03-25T16:14:09Z,26.546112,-76.962202,0.37,162.1,1,8,1.1
2024-03-25T16:14:14Z,26.546112,-76.962198,0.37,169.5,1,8,1.1
2024-03-25T16:14:24Z,26.546095,-76.962198,0.27,177.9,1,9,1.0
2024-03-25T16:14:29Z,26.546090,-76.962203,0.21,194.8,1,9,1.0
2024-03-25T16:14:34Z,26.546075,-76.962210,0.16,190.7,1,9,1.0
2024-03-25T16:14:39Z,26.546073,-76.962210,0.33,162.9,1,9,1.0
2024-03-25T16:14:44Z,26.546073,-76.962210,0.02,82.7,1,9,1.0
2024-03-25T16:14:49Z,26.546078,-76.962208,0.19,25.1,1,8,1.6
2024-03-25T16:14:59Z,26.546087,-76.962205,0.13,101.7,1,8,1.6
2024-03-25T16:15:04Z,26.546092,-76.962203,0.08,90.6,1,9,1.6
2024-03-25T16:15:09Z,26.546097,-76.962205,0.11,324.6,1,9,1.6
2024-03-25T16:15:14Z,26.546102,-76.962210,0.20,289.6,1,9,1.6
2024-03-25T16:15:19Z,26.546110,-76.962215,0.21,357.0,1,9,1.6
2024-03-25T16:15:24Z,26.546118,-76.962212,0.40,36.6,1,10,1.0
2024-03-25T16:15:34Z,26.546115,-76.962208,0.19,152.0,1,10,1.0
2024-03-25T16:15:39Z,26.546118,-76.962212,0.19,310.6,1,10,1.0
2024-03-25T16:15:44Z,26.546120,-76.962213,0.22,204.1,1,10,1.0
2024-03-25T16:15:49Z,26.546120,-76.962212,0.27,48.9,1,9,1.0
2024-03-25T16:15:54Z,26.546115,-76.962207,0.33,114.6,1,10,1.0
2024-03-25T16:15:59Z,26.546112,-76.962202,0.38,126.5,1,10,1.0
2024-03-25T16:16:09Z,26.546115,-76.962205,0.02,177.3,1,10,1.0
2024-03-25T16:16:14Z,26.546113,-76.962208,0.20,174.5,1,9,1.0
2024-03-25T16:16:19Z,26.546112,-76.962212,0.19,182.2,1,10,1.0
2024-03-25T16:16:24Z,26.546110,-76.962213,0.20,161.3,1,8,2.5
2024-03-25T16:16:29Z,26.546110,-76.962213,0.38,179.8,1,9,1.0
2024-03-25T16:16:34Z,26.546095,-76.962215,0.40,169.3,1,10,0.9
2024-03-25T16:16:44Z,26.546100,-76.962212,0.06,335.8,1,10,0.9
2024-03-25T16:16:49Z,26.546097,-76.962212,0.23,21.5,1,10,0.9
2024-03-25T16:16:54Z,26.546078,-76.962215,0.10,126.6,1,10,0.9
2024-03-25T16:16:59Z,26.546075,-76.962218,0.09,174.0,1,10,0.9
2024-03-25T16:17:04Z,26.546073,-76.962218,0.27,156.4,1,10,0.9
2024-03-25T16:17:09Z,26.546072,-76.962217,0.31,113.2,1,10,0.9
2024-03-25T16:17:14Z,26.546073,-76.962213,0.22,144.6,1,10,0.9
2024-03-25T16:17:19Z,26.546072,-76.962215,0.23,150.0,1,10,0.9
2024-03-25T16:17:24Z,26.546077,-76.962215,0.28,21.4,1,10,0.9
2024-03-25T16:17:29Z,26.546063,-76.962213,0.48,163.7,1,10,0.9
2024-03-25T16:17:34Z,26.546057,-76.962210,0.38,120.1,1,10,0.9
2024-03-25T16:17:39Z,26.546058,-76.962207,0.23,122.1,1,9,1.6
2024-03-25T16:17:44Z,26.546060,-76.962203,0.36,145.1,1,9,1.6
2024-03-25T16:17:54Z,26.546067,-76.962205,0.44,162.6,1,9,1.6
2024-03-25T16:17:59Z,26.546072,-76.962207,0.19,21.6,1,10,0.9
2024-03-25T16:18:04Z,26.546072,-76.962207,0.27,191.6,1,10,0.9
2024-03-25T16:18:09Z,26.546052,-76.962210,0.48,175.0,1,10,0.9
2024-03-25T16:18:14Z,26.546038,-76.962208,0.35,163.6,1,10,0.9
2024-03-25T16:18:19Z,26.546038,-76.962203,0.32,152.2,1,10,0.9
2024-03-25T16:18:24Z,26.546045,-76.962200,0.38,18.9,1,10,0.9
2024-03-25T16:18:29Z,26.546055,-76.962198,0.26,345.5,1,10,0.9
2024-03-25T16:18:34Z,26.546052,-76.962198,0.29,183.0,1,10,0.9
2024-03-25T16:18:39Z,26.546048,-76.962197,0.28,166.7,1,10,0.9
2024-03-25T16:18:44Z,26.546045,-76.962195,0.34,158.1,1,10,0.9
2024-03-25T16:18:49Z,26.546042,-76.962193,0.20,47.0,1,9,1.0
2024-03-25T16:18:54Z,26.546043,-76.962195,0.17,208.3,1,9,1.0
2024-03-25T16:19:04Z,26.546018,-76.962198,0.59,152.6,1,10,0.9
2024-03-25T16:19:09Z,26.546010,-76.962195,0.55,161.4,1,10,0.9
2024-03-25T16:19:14Z,26.546012,-76.962195,0.12,135.3,1,10,0.9
2024-03-25T16:19:19Z,26.546010,-76.962192,0.38,161.8,1,10,0.9
2024-03-25T16:19:24Z,26.546007,-76.962192,0.24,163.8,1,10,0.9
2024-03-25T16:19:29Z,26.546005,-76.962190,0.16,82.9,1,10,0.9
2024-03-25T16:19:39Z,26.546012,-76.962193,0.38,175.5,2,10,0.9
2024-03-25T16:19:44Z,26.546013,-76.962193,0.23,175.0,2,10,0.9
2024-03-25T16:19:49Z,26.546012,-76.962200,0.40,195.2,2,10,0.9
2024-03-25T16:19:54Z,26.546017,-76.962205,0.29,155.7,2,10,0.9
2024-03-25T16:19:59Z,26.546023,-76.962203,0.13,64.3,2,9,1.7
2024-03-25T16:20:04Z,26.546033,-76.962205,0.04,259.3,2,9,1.7
2024-03-25T16:20:09Z,26.546042,-76.962205,0.23,51.9,2,9,1.7
2024-03-25T16:20:19Z,26.546042,-76.962202,0.18,1.2,2,10,0.9
2024-03-25T16:20:24Z,26.546043,-76.962202,0.28,22.2,2,9,1.7
2024-03-25T16:20:29Z,26.546047,-76.962203,0.04,159.0,2,9,1.7
2024-03-25T16:20:34Z,26.546040,-76.962202,0.28,118.2,2,10,0.9
2024-03-25T16:20:39Z,26.546038,-76.962200,0.18,63.4,2,10,0.9
2024-03-25T16:20:44Z,26.546037,-76.962198,0.17,2.1,2,10,0.9
2024-03-25T16:20:54Z,26.546038,-76.962203,0.10,61.3,2,10,0.9
2024-03-25T16:20:59Z,26.546042,-76.962202,0.35,30.3,2,10,0.9
2024-03-25T16:21:04Z,26.546043,-76.962202,0.32,175.7,2,10,0.9
2024-03-25T16:21:09Z,26.546038,-76.962205,0.12,125.3,2,9,1.7
2024-03-25T16:21:14Z,26.546038,-76.962207,0.17,39.0,2,10,0.9
2024-03-25T16:21:19Z,26.546038,-76.962202,0.37,128.1,1,10,0.9
2024-03-25T16:21:24Z,26.546038,-76.962202,0.20,47.2,1,10,0.9
2024-03-25T16:21:29Z,26.546033,-76.962195,0.64,139.2,1,10,0.9
2024-03-25T16:21:34Z,26.546038,-76.962190,0.32,46.9,1,10,0.9
2024-03-25T16:21:39Z,26.546040,-76.962187,0.33,136.8,1,9,1.7
2024-03-25T16:21:44Z,26.546035,-76.962180,0.24,150.2,1,9,1.7
2024-03-25T16:21:49Z,26.546030,-76.962183,0.33,200.5,1,10,0.9
2024-03-25T16:21:54Z,26.546032,-76.962188,0.17,3.5,1,10,0.9
2024-03-25T16:22:04Z,26.546047,-76.962198,0.28,171.2,1,10,0.9
2024-03-25T16:22:09Z,26.546055,-76.962202,0.26,354.8,1,10,0.9
2024-03-25T16:22:14Z,26.546058,-76.962205,0.15,14.5,1,10,0.9
2024-03-25T16:22:19Z,26.546058,-76.962203,0.31,160.5,1,10,0.9
2024-03-25T16:22:24Z,26.546062,-76.962203,0.27,16.5,1,10,0.9
2024-03-25T16:22:29Z,26.546068,-76.962203,0.32,9.6,1,10,0.9
2024-03-25T16:22:34Z,26.546070,-76.962205,0.19,15.9,1,10,0.9
2024-03-25T16:22:39Z,26.546077,-76.962207,0.37,358.7,1,10,0.9
2024-03-25T16:22:44Z,26.546077,-76.962207,0.15,25.2,1,10,0.9
2024-03-25T16:22:49Z,26.546073,-76.962205,0.26,149.0,1,10,0.9
2024-03-25T16:22:54Z,26.546077,-76.962202,0.10,108.5,1,10,0.9
2024-03-25T16:22:59Z,26.546080,-76.962198,0.26,23.8,1,10,0.9
2024-03-25T16:23:04Z,26.546083,-76.962197,0.16,19.7,1,10,0.9
2024-03-25T16:23:14Z,26.546068,-76.962188,0.10,89.0,1,10,0.9
2024-03-25T16:23:19Z,26.546065,-76.962187,0.11,23.8,1,10,0.9
2024-03-25T16:23:24Z,26.546068,-76.962190,0.15,348.1,1,10,0.9
2024-03-25T16:23:29Z,26.546067,-76.962193,0.23,325.4,1,10,0.9
2024-03-25T16:23:34Z,26.546072,-76.962203,0.48,331.0,1,10,0.9
2024-03-25T16:23:39Z,26.546080,-76.962208,0.42,17.4,1,10,0.9
2024-03-25T16:23:49Z,26.546093,-76.962208,0.33,332.7,1,10,0.9
2024-03-25T16:23:54Z,26.546098,-76.962217,0.46,318.6,1,10,0.9
2024-03-25T16:23:59Z,26.546097,-76.962218,0.27,46.2,1,10,0.9
2024-03-25T16:24:04Z,26.546095,-76.962217,0.16,128.3,1,10,0.9
2024-03-25T16:24:09Z,26.546088,-76.962213,0.04,53.3,1,10,0.9
2024-03-25T16:24:14Z,26.546088,-76.962212,0.23,27.0,1,10,0.9
2024-03-25T16:24:24Z,26.546085,-76.962202,0.19,35.5,1,10,0.9
2024-03-25T16:24:29Z,26.546083,-76.962202,0.24,186.1,1,10,0.9
2024-03-25T16:24:34Z,26.546073,-76.962205,0.44,193.7,1,10,0.9
2024-03-25T16:24:39Z,26.546070,-76.962207,0.24,146.7,1,10,0.9
2024-03-25T16:24:44Z,26.546078,-76.962205,0.31,29.5,1,10,0.9
2024-03-25T16:24:49Z,26.546085,-76.962207,0.41,0.3,1,10,0.9
2024-03-25T16:24:54Z,26.546093,-76.962213,0.23,261.8,1,10,0.9
2024-03-25T16:24:59Z,26.546092,-76.962215,0.23,70.7,1,9,1.7
2024-03-25T16:25:04Z,26.546093,-76.962212,0.26,88.9,1,9,1.7
2024-03-25T16:25:09Z,26.546095,-76.962210,0.13,144.1,1,9,1.7
2024-03-25T16:25:14Z,26.546092,-76.962212,0.15,79.2,1,10,0.9
2024-03-25T16:25:19Z,26.546092,-76.962210,0.27,59.9,1,10,0.9
2024-03-25T16:25:24Z,26.546098,-76.962202,0.22,127.3,1,10,0.9
2024-03-25T16:25:34Z,26.546098,-76.962195,0.27,153.4,1,10,0.9
2024-03-25T16:25:39Z,26.546098,-76.962192,0.30,66.4,1,10,0.9
2024-03-25T16:25:44Z,26.546102,-76.962188,0.25,74.8,1,10,0.9
2024-03-25T16:25:49Z,26.546110,-76.962187,0.23,73.8,1,10,0.9
2024-03-25T16:25:54Z,26.546110,-76.962187,0.09,354.2,1,10,0.9
2024-03-25T16:25:59Z,26.546110,-76.962188,0.27,161.9,1,10,0.9
2024-03-25T16:26:04Z,26.546110,-76.962188,0.18,4.1,1,10,0.9
2024-03-25T16:26:09Z,26.546108,-76.962195,0.33,318.5,1,10,0.9
2024-03-25T16:26:14Z,26.546120,-76.962215,0.55,309.7,1,9,1.8
2024-03-25T16:26:19Z,26.546117,-76.962222,0.37,344.9,1,9,1.8
2024-03-25T16:26:24Z,26.546122,-76.962223,0.28,14.9,1,10,0.9
2024-03-25T16:26:29Z,26.546118,-76.962223,0.27,8.3,1,10,0.9
2024-03-25T16:26:34Z,26.546125,-76.962225,0.31,0.9,1,10,0.9
2024-03-25T16:26:44Z,26.546150,-76.962228,0.63,0.3,1,10,0.9
2024-03-25T16:26:49Z,26.546157,-76.962232,0.60,356.9,1,10,0.9
2024-03-25T16:26:54Z,26.546162,-76.962235,0.33,355.6,1,10,0.9
2024-03-25T16:26:59Z,26.546158,-76.962238,0.06,199.2,1,10,0.9
2024-03-25T16:27:04Z,26.546152,-76.962235,0.18,129.2,1,9,1.8
2024-03-25T16:27:09Z,26.546147,-76.962232,0.19,171.8,1,9,1.8
2024-03-25T16:27:19Z,26.546133,-76.962215,0.51,142.2,1,9,1.8
2024-03-25T16:27:24Z,26.546132,-76.962205,0.45,129.6,1,9,1.8
2024-03-25T16:27:29Z,26.546133,-76.962202,0.40,149.3,1,9,1.8
2024-03-25T16:27:34Z,26.546135,-76.962200,0.36,154.5,1,9,1.8
2024-03-25T16:27:39Z,26.546133,-76.962198,0.20,125.8,1,9,1.0
2024-03-25T16:27:44Z,26.546137,-76.962197,0.39,168.7,1,8,1.8
2024-03-25T16:27:54Z,26.546128,-76.962198,0.01,147.0,1,9,1.8
2024-03-25T16:27:59Z,26.546132,-76.962202,0.09,259.0,1,9,1.8
2024-03-25T16:28:04Z,26.546118,-76.962208,0.11,215.1,1,9,1.8
2024-03-25T16:28:09Z,26.546117,-76.962210,0.33,210.8,1,10,0.9
2024-03-25T16:28:14Z,26.546112,-76.962213,0.03,288.3,1,10,0.9
2024-03-25T16:28:19Z,26.546115,-76.962220,0.07,264.8,1,10,0.9
2024-03-25T16:28:24Z,26.546115,-76.962225,0.12,8.4,1,10,0.9
2024-03-25T16:28:29Z,26.546122,-76.962227,0.23,18.8,1,10,0.9
2024-03-25T16:28:34Z,26.546123,-76.962225,0.34,145.7,1,10,0.9
2024-03-25T16:28:39Z,26.546123,-76.962223,0.19,78.7,1,10,0.9
2024-03-25T16:28:44Z,26.546120,-76.962217,0.61,158.3,1,10,0.9
2024-03-25T16:28:49Z,26.546113,-76.962217,0.14,41.0,2,10,0.9
2024-03-25T16:28:54Z,26.546110,-76.962222,0.22,329.1,2,10,0.9
2024-03-25T16:29:04Z,26.546088,-76.962225,0.68,152.4,2,10,0.9
2024-03-25T16:29:09Z,26.546087,-76.962220,0.33,77.5,2,10,0.9
2024-03-25T16:29:14Z,26.546090,-76.962220,0.59,163.8,2,10,0.9
2024-03-25T16:29:19Z,26.546095,-76.962222,0.30,150.8,1,10,0.9
2024-03-25T16:29:24Z,26.546095,-76.962217,0.30,52.9,1,9,1.8
2024-03-25T16:29:29Z,26.546093,-76.962212,0.25,59.2,1,10,0.9
2024-03-25T16:29:39Z,26.546092,-76.962207,0.56,24.3,1,10,0.9
2024-03-25T16:29:44Z,26.546100,-76.962203,0.10,67.1,1,10,0.9
2024-03-25T16:29:49Z,26.546095,-76.962207,0.39,345.2,1,10,0.9
2024-03-25T16:29:54Z,26.546087,-76.962208,0.10,323.2,1,10,0.9
2024-03-25T16:29:59Z,26.546077,-76.962207,0.13,190.6,1,9,1.8
2024-03-25T16:30:04Z,26.546067,-76.962207,0.20,186.2,1,9,1.8
2024-03-25T16:30:09Z,26.546063,-76.962210,0.10,142.1,1,9,1.8
2024-03-25T16:30:14Z,26.546063,-76.962210,0.09,105.7,1,9,1.8
2024-03-25T16:30:19Z,26.546065,-76.962212,0.11,33.9,1,9,1.8
2024-03-25T16:30:24Z,26.546070,-76.962213,0.10,45.0,1,10,0.9
2024-03-25T16:30:29Z,26.546072,-76.962217,0.09,227.1,1,10,0.9
2024-03-25T16:30:34Z,26.546073,-76.962220,0.13,104.4,1,10,0.9
2024-03-25T16:30:39Z,26.546072,-76.962218,0.22,137.8,1,10,0.9
2024-03-25T16:30:49Z,26.546050,-76.962222,0.48,152.2,2,9,1.8
2024-03-25T16:30:54Z,26.546043,-76.962222,0.49,143.5,2,10,0.9
2024-03-25T16:30:59Z,26.546038,-76.962213,0.45,124.0,2,10,0.9
2024-03-25T16:31:04Z,26.546043,-76.962215,0.15,45.7,2,10,0.9
2024-03-25T16:31:09Z,26.546052,-76.962212,0.24,203.1,1,10,0.9
2024-03-25T16:31:14Z,26.546060,-76.962210,0.10,34.0,1,10,0.9
2024-03-25T16:31:19Z,26.546065,-76.962208,0.36,161.7,1,10,0.9
2024-03-25T16:31:29Z,26.546063,-76.962205,0.53,171.4,1,10,0.9
2024-03-25T16:31:34Z,26.546060,-76.962205,0.43,134.4,1,10,0.9
2024-03-25T16:31:39Z,26.546065,-76.962205,0.40,168.0,1,10,0.9
2024-03-25T16:31:44Z,26.546067,-76.962207,0.12,312.9,1,10,0.9
2024-03-25T16:31:49Z,26.546077,-76.962205,0.26,341.7,1,10,0.9
2024-03-25T16:31:54Z,26.546082,-76.962210,0.15,341.8,1,10,0.9
2024-03-25T16:31:59Z,26.546083,-76.962212,0.48,359.4,1,10,0.9
2024-03-25T16:32:04Z,26.546082,-76.962212,0.13,85.0,1,10,0.9
2024-03-25T16:32:09Z,26.546078,-76.962213,0.18,171.3,1,10,0.9
2024-03-25T16:32:14Z,26.546085,-76.962218,0.22,16.6,1,10,0.9
2024-03-25T16:32:19Z,26.546092,-76.962220,0.13,65.0,1,9,1.8
2024-03-25T16:32:24Z,26.546093,-76.962220,0.06,83.1,1,9,1.8
2024-03-25T16:32:29Z,26.546092,-76.962218,0.14,107.5,1,9,1.8
2024-03-25T16:32:39Z,26.546083,-76.962213,0.27,157.6,1,9,1.8
2024-03-25T16:32:44Z,26.546072,-76.962210,0.19,102.6,1,10,0.9
2024-03-25T16:32:49Z,26.546068,-76.962205,0.36,129.0,1,9,1.8
2024-03-25T16:32:54Z,26.546068,-76.962200,0.38,134.3,1,9,1.8
2024-03-25T16:32:59Z,26.546063,-76.962197,0.39,145.8,1,9,1.8
2024-03-25T16:33:04Z,26.546053,-76.962192,0.55,150.7,1,9,1.8
2024-03-25T16:33:14Z,26.546047,-76.962183,0.49,151.7,1,10,0.9
2024-03-25T16:33:19Z,26.546047,-76.962183,0.37,169.4,1,10,0.9
2024-03-25T16:33:24Z,26.546035,-76.962182,0.54,167.7,1,10,0.9
2024-03-25T16:33:29Z,26.546025,-76.962183,0.03,117.7,1,10,0.9
2024-03-25T16:33:34Z,26.546032,-76.962187,0.23,329.5,1,10,0.9
2024-03-25T16:33:39Z,26.546042,-76.962193,0.42,313.7,1,10,0.9
2024-03-25T16:33:44Z,26.546043,-76.962198,0.10,335.4,1,9,1.8
2024-03-25T16:33:49Z,26.546053,-76.962203,0.06,114.1,1,10,0.9
2024-03-25T16:33:54Z,26.546060,-76.962205,0.16,25.0,1,9,1.8
2024-03-25T16:33:59Z,26.546063,-76.962207,0.14,47.1,1,10,0.9
2024-03-25T16:34:04Z,26.546062,-76.962205,0.15,99.9,1,9,1.8
2024-03-25T16:34:09Z,26.546060,-76.962207,0.06,152.3,1,9,1.8
2024-03-25T16:34:14Z,26.546060,-76.962212,0.16,238.7,1,10,0.9
2024-03-25T16:34:24Z,26.546062,-76.962217,0.21,81.8,1,9,1.8
2024-03-25T16:34:29Z,26.546067,-76.962217,0.22,23.0,1,10,0.9
2024-03-25T16:34:34Z,26.546070,-76.962218,0.37,354.1,1,10,0.9
2024-03-25T16:34:39Z,26.546078,-76.962223,0.40,339.8,1,10,0.9
2024-03-25T16:34:44Z,26.546085,-76.962227,0.25,21.8,1,9,1.8
2024-03-25T16:34:49Z,26.546093,-76.962223,0.46,27.3,1,10,0.9
2024-03-25T16:34:54Z,26.546102,-76.962222,0.24,23.7,1,9,1.8
2024-03-25T16:34:59Z,26.546103,-76.962220,0.11,354.6,1,9,1.8
2024-03-25T16:35:04Z,26.546103,-76.962223,0.11,281.6,1,9,1.8
2024-03-25T16:35:09Z,26.546103,-76.962227,0.01,344.3,1,9,1.8
2024-03-25T16:35:14Z,26.546102,-76.962225,0.21,127.2,1,9,1.8
2024-03-25T16:35:19Z,26.546093,-76.962220,0.31,143.1,1,9,1.8
2024-03-25T16:35:24Z,26.546073,-76.962212,1.04,158.4,1,10,0.9
2024-03-25T16:35:34Z,26.546050,-76.962192,0.50,117.3,1,9,1.0
2024-03-25T16:35:39Z,26.546040,-76.962187,0.77,157.6,1,9,0.9
2024-03-25T16:35:44Z,26.546040,-76.962185,0.39,151.3,1,10,0.9
2024-03-25T16:35:49Z,26.546045,-76.962187,0.12,138.0,1,9,0.9
2024-03-25T16:35:54Z,26.546045,-76.962190,0.07,142.0,1,10,0.9
2024-03-25T16:35:59Z,26.546042,-76.962195,0.27,189.9,1,10,0.9
2024-03-25T16:36:04Z,26.546043,-76.962197,0.14,350.6,1,10,0.9
2024-03-25T16:36:09Z,26.546038,-76.962200,0.40,189.7,1,10,0.9
2024-03-25T16:36:14Z,26.546033,-76.962202,0.50,182.5,1,10,0.9
2024-03-25T16:36:19Z,26.546030,-76.962198,0.19,162.3,1,9,1.8
2024-03-25T16:36:24Z,26.546030,-76.962197,0.31,145.8,1,9,1.8
2024-03-25T16:36:29Z,26.546028,-76.962197,0.06,200.4,1,9,1.8
2024-03-25T16:36:34Z,26.546033,-76.962202,0.16,273.2,1,10,0.9
2024-03-25T16:36:44Z,26.546045,-76.962207,0.15,337.3,1,10,0.9
2024-03-25T16:36:49Z,26.546037,-76.962202,0.42,144.4,1,10,0.9
2024-03-25T16:36:54Z,26.546035,-76.962200,0.05,180.8,1,9,1.8
2024-03-25T16:36:59Z,26.546037,-76.962205,0.20,294.2,1,10,0.9
2024-03-25T16:37:04Z,26.546043,-76.962210,0.09,279.3,1,10,0.9
2024-03-25T16:37:09Z,26.546048,-76.962208,0.30,30.8,1,10,0.9
2024-03-25T16:37:19Z,26.546057,-76.962205,0.11,103.8,1,10,0.9
2024-03-25T16:37:24Z,26.546055,-76.962202,0.34,146.9,1,10,0.9
2024-03-25T16:37:29Z,26.546040,-76.962195,0.56,158.6,1,10,0.9
2024-03-25T16:37:34Z,26.546018,-76.962185,0.77,150.0,1,10,0.9
2024-03-25T16:37:39Z,26.546010,-76.962178,0.19,110.9,1,10,0.9
2024-03-25T16:37:44Z,26.546010,-76.962178,0.27,151.3,1,9,1.8
2024-03-25T16:37:49Z,26.546005,-76.962177,0.36,173.7,1,10,0.9
2024-03-25T16:37:54Z,26.546002,-76.962178,0.09,7.1,1,10,0.9
2024-03-25T16:37:59Z,26.545995,-76.962180,0.47,187.6,1,10,0.9
2024-03-25T16:38:04Z,26.546000,-76.962187,0.09,296.8,1,10,0.9
2024-03-25T16:38:09Z,26.546002,-76.962195,0.42,202.4,1,10,0.9
2024-03-25T16:38:14Z,26.546005,-76.962202,0.10,111.6,1,10,0.9
2024-03-25T16:38:19Z,26.546015,-76.962203,0.03,194.2,1,10,0.9
2024-03-25T16:38:29Z,26.546022,-76.962207,0.00,144.1,1,10,0.9
2024-03-25T16:38:34Z,26.546028,-76.962210,0.43,20.6,1,10,0.9
2024-03-25T16:38:39Z,26.546032,-76.962212,0.28,164.2,1,10,0.9
2024-03-25T16:38:44Z,26.546037,-76.962217,0.07,229.4,1,10,0.9
2024-03-25T16:38:49Z,26.546045,-76.962222,0.16,26.6,1,10,0.9
2024-03-25T16:38:54Z,26.546052,-76.962222,0.23,134.5,1,10,0.9
2024-03-25T16:39:04Z,26.546055,-76.962220,0.11,137.6,1,9,1.8
2024-03-25T16:39:09Z,26.546060,-76.962220,0.18,28.8,1,10,0.9
2024-03-25T16:39:14Z,26.546057,-76.962212,0.25,43.8,1,10,0.9
2024-03-25T16:39:19Z,26.546058,-76.962207,0.28,10.2,1,10,0.9
2024-03-25T16:39:24Z,26.546047,-76.962202,0.49,171.4,1,10,0.9
2024-03-25T16:39:29Z,26.546030,-76.962198,0.38,164.1,1,10,0.9
2024-03-25T16:39:34Z,26.546030,-76.962197,0.22,77.1,1,10,0.9
2024-03-25T16:39:39Z,26.546028,-76.962190,0.41,126.7,1,9,1.8
2024-03-25T16:39:44Z,26.546022,-76.962183,0.47,140.6,1,8,1.8
2024-03-25T16:39:49Z,26.546013,-76.962178,0.48,145.6,1,9,1.8
2024-03-25T16:39:54Z,26.546005,-76.962172,0.79,155.1,1,10,0.9
2024-03-25T16:39:59Z,26.545992,-76.962163,0.55,136.1,1,10,0.9
2024-03-25T16:40:04Z,26.545987,-76.962157,0.65,148.6,1,10,0.9
2024-03-25T16:40:14Z,26.545973,-76.962150,0.37,157.1,1,9,1.8
2024-03-25T16:40:19Z,26.545972,-76.962148,0.27,169.5,1,9,1.8
2024-03-25T16:40:24Z,26.545962,-76.962150,0.43,186.3,1,10,0.9
2024-03-25T16:40:29Z,26.545958,-76.962155,0.31,185.8,1,10,0.9
2024-03-25T16:40:34Z,26.545968,-76.962165,0.28,312.6,1,9,1.1
2024-03-25T16:40:39Z,26.545980,-76.962180,0.26,284.3,1,9,1.8
2024-03-25T16:40:49Z,26.546003,-76.962187,0.22,356.2,1,9,1.7
2024-03-25T16:40:54Z,26.546012,-76.962195,0.28,311.9,1,9,1.7
2024-03-25T16:40:59Z,26.546020,-76.962200,0.21,12.0,1,9,1.7
2024-03-25T16:41:04Z,26.546027,-76.962202,0.23,1.4,1,9,1.7
2024-03-25T16:41:09Z,26.546033,-76.962202,0.13,71.3,1,9,1.7
2024-03-25T16:41:14Z,26.546038,-76.962205,0.13,341.3,1,9,1.7
2024-03-25T16:41:19Z,26.546042,-76.962210,0.04,251.3,1,9,1.7
2024-03-25T16:41:24Z,26.546043,-76.962213,0.19,163.0,1,9,1.7
2024-03-25T16:41:29Z,26.546043,-76.962212,0.13,137.4,1,9,1.7
2024-03-25T16:41:34Z,26.546043,-76.962213,0.17,101.5,1,9,1.7
2024-03-25T16:41:39Z,26.546042,-76.962208,0.14,81.7,1,9,1.7
2024-03-25T16:41:44Z,26.546040,-76.962203,0.16,113.0,1,9,1.7
2024-03-25T16:41:49Z,26.546040,-76.962202,0.14,130.8,1,9,1.7
2024-03-25T16:41:59Z,26.546032,-76.962200,0.08,171.0,1,9,1.7
2024-03-25T16:42:04Z,26.546033,-76.962200,0.11,124.5,1,9,1.7
2024-03-25T16:42:09Z,26.546035,-76.962198,0.13,95.2,1,9,1.7
2024-03-25T16:42:14Z,26.546032,-76.962193,0.21,120.1,1,9,1.7
2024-03-25T16:42:19Z,26.546030,-76.962192,0.12,140.7,1,9,1.7
2024-03-25T16:42:24Z,26.546028,-76.962192,0.05,191.2,1,10,0.9
2024-03-25T16:42:29Z,26.546028,-76.962195,0.13,316.9,1,10,0.9
2024-03-25T16:42:34Z,26.546042,-76.962198,0.06,37.2,1,10,0.9
2024-03-25T16:42:39Z,26.546048,-76.962200,0.07,1.3,1,10,0.9
2024-03-25T16:42:44Z,26.546052,-76.962203,0.15,212.5,1,10,0.9
2024-03-25T16:42:49Z,26.546053,-76.962208,0.12,300.8,1,10,0.9
2024-03-25T16:42:54Z,26.546058,-76.962212,0.19,47.0,1,10,0.9
2024-03-25T16:42:59Z,26.546063,-76.962210,0.19,50.0,1,10,0.9
2024-03-25T16:43:09Z,26.546060,-76.962212,0.08,242.4,1,10,0.9
2024-03-25T16:43:14Z,26.546060,-76.962215,0.27,322.2,1,10,0.9
2024-03-25T16:43:19Z,26.546065,-76.962217,0.24,41.3,1,10,0.9
2024-03-25T16:43:24Z,26.546070,-76.962217,0.11,16.1,1,10,0.9
2024-03-25T16:43:29Z,26.546077,-76.962217,0.34,1.1,1,10,0.9
2024-03-25T16:43:34Z,26.546082,-76.962218,0.25,356.5,1,10,0.9
2024-03-25T16:43:44Z,26.546090,-76.962220,0.16,348.6,1,10,0.9
2024-03-25T16:43:49Z,26.546092,-76.962220,0.14,29.3,1,10,0.9
2024-03-25T16:43:54Z,26.546093,-76.962218,0.13,90.5,1,10,0.9
2024-03-25T16:43:59Z,26.546095,-76.962217,0.15,353.8,1,10,0.9
2024-03-25T16:44:04Z,26.546098,-76.962217,0.08,25.9,1,10,0.9
2024-03-25T16:44:09Z,26.546098,-76.962217,0.11,92.3,1,10,0.9
2024-03-25T16:44:14Z,26.546102,-76.962215,0.17,43.5,1,10,0.9
2024-03-25T16:44:19Z,26.546107,-76.962217,0.25,14.7,1,10,0.9
2024-03-25T16:44:24Z,26.546113,-76.962218,0.19,12.3,1,10,0.9
2024-03-25T16:44:29Z,26.546115,-76.962218,0.12,65.9,1,9,1.0
2024-03-25T16:44:34Z,26.546115,-76.962217,0.07,46.2,1,10,0.9
2024-03-25T16:44:39Z,26.546115,-76.962215,0.23,120.9,1,10,0.9
2024-03-25T16:44:44Z,26.546115,-76.962210,0.19,103.8,1,10,0.9
2024-03-25T16:44:54Z,26.546115,-76.962203,0.15,112.2,1,10,0.9
2024-03-25T16:44:59Z,26.546113,-76.962202,0.14,157.4,1,10,0.9
2024-03-25T16:45:04Z,26.546108,-76.962200,0.32,144.1,1,10,0.9
2024-03-25T16:45:09Z,26.546105,-76.962197,0.07,123.4,1,10,0.9
2024-03-25T16:45:14Z,26.546100,-76.962197,0.22,152.4,1,10,0.9
2024-03-25T16:45:19Z,26.546095,-76.962195,0.28,156.0,1,10,0.9
2024-03-25T16:45:29Z,26.546087,-76.962192,0.25,138.3,1,10,0.9
2024-03-25T16:45:34Z,26.546082,-76.962192,0.17,155.4,1,10,0.9
2024-03-25T16:45:39Z,26.546078,-76.962195,0.17,158.1,1,10,0.9
2024-03-25T16:45:44Z,26.546075,-76.962197,0.17,177.0,1,10,0.9
2024-03-25T16:45:49Z,26.546072,-76.962200,0.16,177.6,1,10,0.9
2024-03-25T16:45:54Z,26.546068,-76.962202,0.15,169.9,1,10,0.9
2024-03-25T16:45:59Z,26.546063,-76.962202,0.17,160.8,1,10,0.9
2024-03-25T16:46:04Z,26.546058,-76.962198,0.19,148.0,1,10,0.9
2024-03-25T16:46:09Z,26.546055,-76.962197,0.15,146.1,1,10,0.9
2024-03-25T16:46:14Z,26.546053,-76.962197,0.10,214.6,1,10,0.9
2024-03-25T16:46:19Z,26.546050,-76.962200,0.18,215.3,1,10,0.9
2024-03-25T16:46:24Z,26.546047,-76.962203,0.20,141.9,1,10,0.9
2024-03-25T16:46:29Z,26.546047,-76.962200,0.21,96.9,1,10,0.9
2024-03-25T16:46:34Z,26.546047,-76.962198,0.17,18.0,1,10,0.9
2024-03-25T16:46:39Z,26.546048,-76.962202,0.17,318.9,1,10,0.9
2024-03-25T16:46:44Z,26.546053,-76.962210,0.24,316.1,1,10,0.9
2024-03-25T16:46:49Z,26.546057,-76.962210,0.26,43.0,1,10,0.9
2024-03-25T16:46:54Z,26.546063,-76.962207,0.35,9.2,1,10,0.9
2024-03-25T16:46:59Z,26.546068,-76.962207,0.07,336.6,1,10,0.9
2024-03-25T16:47:04Z,26.546067,-76.962212,0.20,325.3,2,10,0.9
2024-03-25T16:47:14Z,26.546068,-76.962227,0.14,37.1,2,10,0.9
2024-03-25T16:47:19Z,26.546070,-76.962230,0.12,36.0,2,10,0.9
2024-03-25T16:47:24Z,26.546075,-76.962228,0.02,324.5,2,10,0.9
2024-03-25T16:47:29Z,26.546077,-76.962228,0.06,249.2,2,10,0.9
2024-03-25T16:47:34Z,26.546078,-76.962228,0.15,40.9,1,10,0.9
2024-03-25T16:47:39Z,26.546082,-76.962223,0.17,55.9,1,10,0.9
2024-03-25T16:47:49Z,26.546088,-76.962218,0.19,16.7,1,10,0.9
2024-03-25T16:47:54Z,26.546092,-76.962217,0.09,12.2,1,10,0.9
2024-03-25T16:47:59Z,26.546092,-76.962215,0.02,148.7,1,10,0.9
2024-03-25T16:48:04Z,26.546092,-76.962215,0.11,135.6,1,10,0.9
2024-03-25T16:48:09Z,26.546088,-76.962213,0.21,133.7,1,10,0.9
2024-03-25T16:48:14Z,26.546085,-76.962212,0.13,144.5,1,10,0.9
2024-03-25T16:48:19Z,26.546085,-76.962212,0.01,28.6,1,10,0.9
2024-03-25T16:48:24Z,26.546083,-76.962212,0.13,146.7,1,10,0.9
2024-03-25T16:48:29Z,26.546080,-76.962210,0.21,133.0,1,10,0.9
2024-03-25T16:48:34Z,26.546075,-76.962205,0.19,119.7,1,10,0.9
2024-03-25T16:48:39Z,26.546072,-76.962202,0.22,132.0,1,10,0.9
2024-03-25T16:48:44Z,26.546070,-76.962202,0.02,79.3,1,10,0.9
2024-03-25T16:48:49Z,26.546070,-76.962202,0.06,240.5,1,10,0.9
2024-03-25T16:48:59Z,26.546073,-76.962210,0.06,328.7,1,10,0.9
2024-03-25T16:49:04Z,26.546080,-76.962212,0.16,60.3,1,10,0.9
2024-03-25T16:49:09Z,26.546085,-76.962210,0.18,95.1,1,10,0.9
2024-03-25T16:49:14Z,26.546087,-76.962208,0.13,122.3,1,10,0.9
2024-03-25T16:49:19Z,26.546087,-76.962208,0.15,152.5,1,10,0.9
2024-03-25T16:49:24Z,26.546085,-76.962210,0.16,167.5,1,10,0.9
2024-03-25T16:49:34Z,26.546085,-76.962212,0.14,108.4,1,10,0.9
2024-03-25T16:49:39Z,26.546087,-76.962213,0.13,0.8,1,10,0.9
2024-03-25T16:49:44Z,26.546092,-76.962215,0.09,345.5,1,10,0.9
2024-03-25T16:49:49Z,26.546090,-76.962218,0.22,196.9,1,10,0.9
2024-03-25T16:49:54Z,26.546087,-76.962223,0.20,342.3,1,10,0.9
2024-03-25T16:49:59Z,26.546088,-76.962223,0.13,62.3,1,10,0.9
2024-03-25T16:50:04Z,26.546092,-76.962223,0.16,0.1,1,10,0.9
2024-03-25T16:50:09Z,26.546095,-76.962225,0.17,335.7,1,10,0.9
2024-03-25T16:50:14Z,26.546095,-76.962225,0.05,1.9,1,10,0.9
2024-03-25T16:50:19Z,26.546095,-76.962227,0.13,133.2,1,10,0.9
2024-03-25T16:50:24Z,26.546097,-76.962228,0.10,197.2,1,10,0.9
2024-03-25T16:50:29Z,26.546095,-76.962228,0.05,86.0,1,10,0.9
2024-03-25T16:50:34Z,26.546095,-76.962225,0.13,88.5,1,10,0.9
2024-03-25T16:50:39Z,26.546093,-76.962222,0.14,86.9,1,10,0.9
2024-03-25T16:50:44Z,26.546090,-76.962218,0.18,92.3,1,10,0.9
2024-03-25T16:50:49Z,26.546090,-76.962215,0.14,49.9,1,10,0.9
2024-03-25T16:50:54Z,26.546092,-76.962213,0.13,97.0,1,10,0.9
2024-03-25T16:50:59Z,26.546090,-76.962212,0.14,10.7,1,10,0.9
2024-03-25T16:51:04Z,26.546092,-76.962210,0.11,68.4,1,10,0.9
2024-03-25T16:51:09Z,26.546092,-76.962208,0.11,103.9,1,10,0.9
2024-03-25T16:51:19Z,26.546088,-76.962207,0.11,146.8,1,10,0.9
2024-03-25T16:51:24Z,26.546087,-76.962207,0.02,145.8,1,10,0.9
2024-03-25T16:51:29Z,26.546087,-76.962208,0.07,245.2,1,10,0.9
2024-03-25T16:51:34Z,26.546087,-76.962208,0.10,106.4,1,10,0.9
2024-03-25T16:51:39Z,26.546083,-76.962208,0.25,143.0,1,10,0.9
2024-03-25T16:51:44Z,26.546078,-76.962203,0.58,147.5,1,10,0.9
2024-03-25T16:51:49Z,26.546073,-76.962198,0.44,128.2,1,10,0.9
2024-03-25T16:51:54Z,26.546068,-76.962193,0.49,146.2,1,10,0.9
2024-03-25T16:51:59Z,26.546062,-76.962192,0.26,161.3,1,10,0.9
2024-03-25T16:52:04Z,26.546058,-76.962192,0.15,195.4,1,10,0.9
2024-03-25T16:52:09Z,26.546053,-76.962195,0.13,237.5,1,10,0.9
2024-03-25T16:52:14Z,26.546053,-76.962200,0.18,272.6,1,10,0.9
2024-03-25T16:52:19Z,26.546053,-76.962203,0.09,242.2,1,10,0.9
2024-03-25T16:52:24Z,26.546053,-76.962205,0.11,128.6,1,10,0.9
2024-03-25T16:52:29Z,26.546055,-76.962203,0.13,34.6,1,10,0.9
2024-03-25T16:52:34Z,26.546058,-76.962205,0.11,335.9,1,10,0.9
2024-03-25T16:52:39Z,26.546058,-76.962208,0.11,355.1,2,10,0.9
2024-03-25T16:52:44Z,26.546068,-76.962212,0.52,355.9,2,10,0.9
2024-03-25T16:52:49Z,26.546085,-76.962217,0.34,340.4,2,10,0.9
2024-03-25T16:52:54Z,26.546092,-76.962225,0.31,1.9,2,10,0.9
2024-03-25T16:52:59Z,26.546095,-76.962232,0.05,139.5,2,10,0.9
2024-03-25T16:53:04Z,26.546098,-76.962237,0.16,356.4,2,10,0.9
2024-03-25T16:53:09Z,26.546105,-76.962242,0.19,123.5,2,10,0.9
2024-03-25T16:53:14Z,26.546105,-76.962242,0.11,165.7,1,10,0.9
2024-03-25T16:53:19Z,26.546105,-76.962238,0.11,346.7,1,10,0.9
2024-03-25T16:53:24Z,26.546107,-76.962235,0.12,29.2,1,10,0.9
2024-03-25T16:53:29Z,26.546110,-76.962233,0.18,356.8,1,10,0.9
2024-03-25T16:53:34Z,26.546113,-76.962230,0.22,23.4,1,10,0.9
2024-03-25T16:53:44Z,26.546113,-76.962223,0.11,102.3,1,10,0.9
2024-03-25T16:53:49Z,26.546110,-76.962220,0.31,137.0,1,10,0.9
2024-03-25T16:53:54Z,26.546110,-76.962215,0.24,105.7,1,10,0.9
2024-03-25T16:53:59Z,26.546113,-76.962213,0.19,56.3,1,10,0.9
2024-03-25T16:54:04Z,26.546117,-76.962210,0.14,69.7,1,10,0.9
2024-03-25T16:54:09Z,26.546113,-76.962207,0.28,142.6,1,10,0.9
2024-03-25T16:54:19Z,26.546117,-76.962208,0.04,351.7,1,10,0.9
2024-03-25T16:54:24Z,26.546118,-76.962210,0.55,162.6,1,10,0.9
2024-03-25T16:54:29Z,26.546123,-76.962212,0.17,145.8,1,10,0.9
2024-03-25T16:54:34Z,26.546130,-76.962213,0.18,27.1,1,10,0.9
2024-03-25T16:54:39Z,26.546132,-76.962213,0.26,163.0,1,10,0.9
2024-03-25T16:54:44Z,26.546135,-76.962217,0.03,170.6,1,10,0.9
2024-03-25T16:54:49Z,26.546135,-76.962218,0.24,163.0,1,10,0.9
2024-03-25T16:54:54Z,26.546133,-76.962218,0.40,151.3,1,10,0.9
2024-03-25T16:54:59Z,26.546132,-76.962217,0.17,49.0,1,10,0.9
2024-03-25T16:55:04Z,26.546135,-76.962213,0.24,130.4,1,10,0.9
2024-03-25T16:55:09Z,26.546135,-76.962213,0.11,150.8,1,10,0.9
2024-03-25T16:55:14Z,26.546132,-76.962213,0.26,164.0,1,9,1.5
2024-03-25T16:55:19Z,26.546130,-76.962213,0.21,172.7,1,9,1.5
2024-03-25T16:55:24Z,26.546127,-76.962213,0.13,153.5,1,10,0.9
2024-03-25T16:55:29Z,26.546130,-76.962213,0.24,344.9,1,10,0.9
2024-03-25T16:55:34Z,26.546130,-76.962213,0.16,130.2,1,10,0.9
2024-03-25T16:55:39Z,26.546130,-76.962215,0.03,52.9,1,10,0.9
2024-03-25T16:55:44Z,26.546128,-76.962217,0.03,317.8,1,10,0.9
2024-03-25T16:55:49Z,26.546127,-76.962218,0.07,333.7,1,10,0.9
2024-03-25T16:55:54Z,26.546127,-76.962222,0.01,244.7,1,10,0.9
2024-03-25T16:56:04Z,26.546122,-76.962222,0.19,133.8,1,10,0.9
2024-03-25T16:56:09Z,26.546120,-76.962218,0.18,109.3,1,10,0.9
2024-03-25T16:56:14Z,26.546118,-76.962218,0.10,302.8,1,10,0.9
2024-03-25T16:56:19Z,26.546117,-76.962222,0.33,168.4,1,10,0.9
2024-03-25T16:56:24Z,26.546112,-76.962218,0.22,110.3,1,10,0.9
2024-03-25T16:56:29Z,26.546112,-76.962215,0.17,46.8,1,10,0.9
2024-03-25T16:56:39Z,26.546113,-76.962215,0.04,235.0,1,10,0.9
2024-03-25T16:56:44Z,26.546108,-76.962215,0.14,169.0,1,10,0.9
2024-03-25T16:56:49Z,26.546107,-76.962213,0.19,119.0,1,10,0.9
2024-03-25T16:56:54Z,26.546105,-76.962210,0.18,99.5,1,10,0.9
2024-03-25T16:56:59Z,26.546103,-76.962207,0.26,134.8,1,10,0.9
2024-03-25T16:57:04Z,26.546100,-76.962202,0.44,145.9,1,10,0.9
2024-03-25T16:57:09Z,26.546103,-76.962202,0.09,41.6,1,10,0.9
2024-03-25T16:57:14Z,26.546105,-76.962202,0.26,143.2,1,10,0.9
2024-03-25T16:57:19Z,26.546105,-76.962202,0.45,155.0,1,10,0.9
2024-03-25T16:57:24Z,26.546098,-76.962200,0.46,161.5,1,10,0.9
2024-03-25T16:57:29Z,26.546090,-76.962200,0.13,204.0,1,10,0.9
2024-03-25T16:57:34Z,26.546087,-76.962203,0.23,162.6,1,10,0.9
2024-03-25T16:57:39Z,26.546085,-76.962203,0.05,100.6,1,10,0.9
2024-03-25T16:57:44Z,26.546088,-76.962207,0.21,330.1,1,10,0.9
2024-03-25T16:57:49Z,26.546100,-76.962213,0.31,320.0,1,10,0.9
2024-03-25T16:57:54Z,26.546110,-76.962220,0.18,358.4,1,10,0.9
2024-03-25T16:57:59Z,26.546115,-76.962217,0.27,48.1,1,11,0.8
2024-03-25T16:58:04Z,26.546122,-76.962215,0.24,54.6,1,11,0.8
2024-03-25T16:58:09Z,26.546125,-76.962213,0.21,12.2,1,11,0.8
2024-03-25T16:58:14Z,26.546128,-76.962215,0.13,348.4,1,11,0.8
2024-03-25T16:58:19Z,26.546133,-76.962218,0.13,296.2,1,11,0.8
2024-03-25T16:58:24Z,26.546133,-76.962222,0.04,181.5,1,11,0.8
2024-03-25T16:58:29Z,26.546132,-76.962222,0.23,141.8,1,11,0.8
2024-03-25T16:58:34Z,26.546128,-76.962218,0.25,158.4,1,10,0.9
2024-03-25T16:58:39Z,26.546122,-76.962213,0.18,124.9,1,10,0.9
2024-03-25T16:58:44Z,26.546118,-76.962210,0.27,153.5,1,10,0.9
2024-03-25T16:58:49Z,26.546117,-76.962210,0.27,139.3,1,10,0.9
2024-03-25T16:58:54Z,26.546113,-76.962207,0.23,141.6,1,11,0.8
2024-03-25T16:58:59Z,26.546115,-76.962202,0.10,16.8,1,10,0.9
2024-03-25T16:59:04Z,26.546110,-76.962200,0.34,175.9,1,10,0.9
2024-03-25T16:59:09Z,26.546107,-76.962198,0.16,111.4,1,11,0.8
2024-03-25T16:59:14Z,26.546105,-76.962193,0.13,144.4,1,10,0.9
2024-03-25T16:59:19Z,26.546095,-76.962195,0.07,173.6,1,11,0.8
2024-03-25T16:59:24Z,26.546093,-76.962200,0.16,182.6,1,10,0.9
2024-03-25T16:59:29Z,26.546090,-76.962205,0.11,324.8,1,11,0.8
2024-03-25T16:59:34Z,26.546088,-76.962210,0.09,163.9,1,10,0.9
2024-03-25T16:59:39Z,26.546083,-76.962210,0.12,158.6,1,11,0.8
2024-03-25T16:59:44Z,26.546082,-76.962212,0.18,149.4,1,11,0.8
2024-03-25T16:59:49Z,26.546078,-76.962210,0.26,113.1,1,10,0.9
2024-03-25T16:59:54Z,26.546085,-76.962208,0.34,131.7,1,10,0.9
2024-03-25T16:59:59Z,26.546087,-76.962207,0.20,135.2,1,10,0.9
2024-03-25T17:00:04Z,26.546087,-76.962208,0.19,187.2,1,11,0.8
2024-03-25T17:00:09Z,26.546087,-76.962213,0.15,234.5,1,11,0.8
2024-03-25T17:00:14Z,26.546087,-76.962217,0.25,165.5,1,11,0.8
2024-03-25T17:00:19Z,26.546088,-76.962215,0.31,131.6,1,11,0.8
2024-03-25T17:00:24Z,26.546087,-76.962208,0.53,137.2,1,11,0.8
2024-03-25T17:00:29Z,26.546080,-76.962198,0.49,138.2,1,10,0.9
2024-03-25T17:00:34Z,26.546077,-76.962192,0.40,124.4,1,11,0.8
2024-03-25T17:00:39Z,26.546072,-76.962187,0.20,36.9,1,11,0.8
2024-03-25T17:00:44Z,26.546070,-76.962183,0.14,42.0,1,11,0.8
2024-03-25T17:00:49Z,26.546070,-76.962182,0.23,145.9,1,11,0.8
2024-03-25T17:00:54Z,26.546067,-76.962180,0.10,177.6,1,10,0.9
2024-03-25T17:00:59Z,26.546063,-76.962180,0.11,144.9,1,10,0.9
2024-03-25T17:01:04Z,26.546060,-76.962180,0.25,147.7,1,11,0.8
2024-03-25T17:01:09Z,26.546057,-76.962180,0.38,157.0,1,10,0.9
2024-03-25T17:01:14Z,26.546053,-76.962180,0.08,132.7,1,11,0.8
2024-03-25T17:01:19Z,26.546050,-76.962178,0.27,127.5,1,11,0.8
2024-03-25T17:01:24Z,26.546047,-76.962180,0.15,169.1,1,10,1.2
2024-03-25T17:01:29Z,26.546045,-76.962182,0.20,159.3,1,11,0.8
2024-03-25T17:01:34Z,26.546047,-76.962183,0.09,201.2,1,11,0.8
2024-03-25T17:01:39Z,26.546045,-76.962187,0.04,178.5,1,11,0.8
2024-03-25T17:01:44Z,26.546045,-76.962190,0.06,103.9,1,11,0.8
2024-03-25T17:01:49Z,26.546047,-76.962192,0.05,9.4,1,11,0.8
2024-03-25T17:01:59Z,26.546052,-76.962198,0.10,344.8,1,11,0.8
2024-03-25T17:02:04Z,26.546055,-76.962202,0.13,338.8,1,11,0.8
2024-03-25T17:02:09Z,26.546057,-76.962203,0.05,327.0,1,11,0.8
2024-03-25T17:02:14Z,26.546057,-76.962203,0.11,106.8,1,11,0.8
2024-03-25T17:02:19Z,26.546057,-76.962203,0.06,123.9,1,11,0.8
2024-03-25T17:02:24Z,26.546057,-76.962205,0.04,128.7,1,11,0.8
2024-03-25T17:02:29Z,26.546058,-76.962205,0.10,114.7,1,11,0.8
2024-03-25T17:02:34Z,26.546060,-76.962205,0.03,247.5,1,11,0.8
2024-03-25T17:02:39Z,26.546065,-76.962207,0.23,345.6,1,11,0.8
2024-03-25T17:02:44Z,26.546067,-76.962207,0.11,66.9,1,11,0.8
2024-03-25T17:02:49Z,26.546067,-76.962205,0.06,64.8,1,11,0.8
2024-03-25T17:02:54Z,26.546065,-76.962205,0.18,139.4,1,11,0.8
2024-03-25T17:02:59Z,26.546065,-76.962203,0.12,166.3,1,11,0.8
2024-03-25T17:03:04Z,26.546065,-76.962203,0.34,165.7,1,11,0.8
2024-03-25T17:03:14Z,26.546063,-76.962203,0.19,178.2,1,11,0.8
2024-03-25T17:03:19Z,26.546067,-76.962207,0.23,300.6,1,11,0.8
2024-03-25T17:03:24Z,26.546075,-76.962212,0.26,1.9,1,11,0.8
2024-03-25T17:03:29Z,26.546082,-76.962210,0.33,56.7,1,11,0.8
2024-03-25T17:03:34Z,26.546080,-76.962203,0.29,49.7,2,11,0.8
2024-03-25T17:03:39Z,26.546077,-76.962193,0.18,51.6,2,11,0.8
2024-03-25T17:03:44Z,26.546078,-76.962185,0.03,70.6,2,11,0.8
2024-03-25T17:03:49Z,26.546073,-76.962185,0.30,204.8,2,11,0.8
2024-03-25T17:03:54Z,26.546072,-76.962185,0.29,249.6,2,11,0.8
2024-03-25T17:03:59Z,26.546070,-76.962192,0.13,212.3,2,11,0.8
2024-03-25T17:04:04Z,26.546068,-76.962188,0.35,125.9,2,11,0.8
2024-03-25T17:04:09Z,26.546075,-76.962190,0.09,44.9,2,10,0.9
2024-03-25T17:04:14Z,26.546082,-76.962192,0.46,358.2,2,11,0.8
2024-03-25T17:04:19Z,26.546090,-76.962200,0.15,318.3,2,11,0.8
2024-03-25T17:04:29Z,26.546090,-76.962205,0.38,140.9,1,11,0.8
2024-03-25T17:04:34Z,26.546092,-76.962205,0.38,337.1,1,11,0.8
2024-03-25T17:04:39Z,26.546092,-76.962207,0.10,353.5,1,11,0.8
2024-03-25T17:04:44Z,26.546090,-76.962210,0.36,328.5,1,11,0.8
2024-03-25T17:04:49Z,26.546097,-76.962212,0.26,27.2,1,11,0.8
2024-03-25T17:04:54Z,26.546103,-76.962210,0.28,58.9,1,11,0.8
2024-03-25T17:05:04Z,26.546117,-76.962207,0.06,13.5,1,11,0.8
2024-03-25T17:05:09Z,26.546125,-76.962210,0.20,313.8,1,11,0.8
2024-03-25T17:05:14Z,26.546122,-76.962210,0.32,123.5,1,11,0.8
2024-03-25T17:05:19Z,26.546118,-76.962205,0.18,26.5,1,11,0.8
2024-03-25T17:05:24Z,26.546117,-76.962207,0.09,132.6,1,11,0.8
2024-03-25T17:05:29Z,26.546132,-76.962215,0.14,303.3,1,11,0.8
2024-03-25T17:05:34Z,26.546128,-76.962217,0.20,352.5,1,11,0.8
2024-03-25T17:05:39Z,26.546138,-76.962218,0.28,65.0,1,10,0.9
2024-03-25T17:05:44Z,26.546143,-76.962213,0.25,74.8,1,10,0.9
2024-03-25T17:05:49Z,26.546147,-76.962212,0.16,34.0,1,9,1.1
2024-03-25T17:05:54Z,26.546148,-76.962212,0.06,158.1,1,10,0.9
2024-03-25T17:05:59Z,26.546148,-76.962215,0.16,209.0,1,10,0.9
2024-03-25T17:06:04Z,26.546147,-76.962218,0.15,199.4,1,11,0.8
2024-03-25T17:06:14Z,26.546138,-76.962207,0.30,121.9,1,11,0.8
2024-03-25T17:06:19Z,26.546140,-76.962203,0.13,156.0,1,10,0.9
2024-03-25T17:06:24Z,26.546140,-76.962203,0.33,149.4,1,10,0.9
2024-03-25T17:06:29Z,26.546137,-76.962205,0.33,162.9,1,11,0.8
2024-03-25T17:06:34Z,26.546135,-76.962208,0.07,146.0,1,11,0.8
2024-03-25T17:06:39Z,26.546133,-76.962210,0.19,190.1,1,11,0.8
2024-03-25T17:06:49Z,26.546130,-76.962217,0.04,225.7,1,11,0.8
2024-03-25T17:06:54Z,26.546130,-76.962218,0.11,53.3,1,11,0.8
2024-03-25T17:06:59Z,26.546127,-76.962220,0.44,160.9,1,11,0.8
2024-03-25T17:07:04Z,26.546127,-76.962222,0.05,141.2,1,11,0.8
2024-03-25T17:07:09Z,26.546127,-76.962223,0.10,0.7,1,11,0.8
2024-03-25T17:07:14Z,26.546127,-76.962225,0.14,324.9,1,10,0.9
2024-03-25T17:07:24Z,26.546130,-76.962223,0.21,78.1,1,10,0.9
2024-03-25T17:07:29Z,26.546132,-76.962220,0.17,60.3,1,10,0.9
2024-03-25T17:07:34Z,26.546132,-76.962220,0.04,357.1,1,10,0.9
2024-03-25T17:07:39Z,26.546132,-76.962222,0.02,152.8,1,11,0.8
2024-03-25T17:07:44Z,26.546128,-76.962225,0.32,186.4,1,11,0.8
2024-03-25T17:07:49Z,26.546122,-76.962222,0.28,103.6,1,11,0.8
2024-03-25T17:07:54Z,26.546122,-76.962215,0.36,108.2,1,11,0.8
2024-03-25T17:08:04Z,26.546118,-76.962203,0.33,133.0,1,11,0.8
2024-03-25T17:08:09Z,26.546115,-76.962200,0.21,166.0,1,11,0.8
2024-03-25T17:08:14Z,26.546115,-76.962202,0.18,174.3,1,11,0.8
2024-03-25T17:08:19Z,26.546113,-76.962203,0.36,175.8,1,11,0.8
2024-03-25T17:08:24Z,26.546108,-76.962203,0.25,153.7,1,11,0.8
2024-03-25T17:08:29Z,26.546103,-76.962202,0.26,151.1,1,11,0.8
2024-03-25T17:08:34Z,26.546095,-76.962200,0.41,153.2,1,11,0.8
2024-03-25T17:08:39Z,26.546093,-76.962198,0.16,18.3,1,11,0.8
2024-03-25T17:08:44Z,26.546092,-76.962198,0.22,174.9,1,11,0.8
2024-03-25T17:08:49Z,26.546083,-76.962200,0.52,163.5,1,11,0.8
2024-03-25T17:08:54Z,26.546082,-76.962200,0.15,122.6,1,11,0.8
2024-03-25T17:08:59Z,26.546078,-76.962202,0.10,154.0,1,11,0.8
2024-03-25T17:09:04Z,26.546075,-76.962205,0.26,160.5,1,11,0.8
2024-03-25T17:09:09Z,26.546070,-76.962207,0.11,178.2,1,11,0.8
2024-03-25T17:09:19Z,26.546062,-76.962205,0.12,199.2,1,11,0.8
2024-03-25T17:09:24Z,26.546058,-76.962205,0.20,167.2,1,11,0.8
2024-03-25T17:09:29Z,26.546058,-76.962208,0.07,152.7,1,11,0.8
2024-03-25T17:09:34Z,26.546063,-76.962213,0.11,338.0,1,11,0.8
2024-03-25T17:09:39Z,26.546070,-76.962215,0.18,17.6,1,11,0.8
2024-03-25T17:09:44Z,26.546075,-76.962213,0.14,76.8,1,11,0.8
2024-03-25T17:09:49Z,26.546078,-76.962212,0.12,25.9,1,11,0.8
2024-03-25T17:09:54Z,26.546083,-76.962213,0.10,9.0,1,11,0.8
2024-03-25T17:09:59Z,26.546085,-76.962213,0.05,119.8,1,11,0.8
2024-03-25T17:10:04Z,26.546085,-76.962215,0.09,290.3,1,11,0.8
2024-03-25T17:10:09Z,26.546085,-76.962217,0.19,207.4,1,11,0.8
2024-03-25T17:10:14Z,26.546082,-76.962217,0.27,156.3,1,11,0.8
2024-03-25T17:10:19Z,26.546080,-76.962215,0.00,286.7,1,11,0.8
2024-03-25T17:10:24Z,26.546078,-76.962212,0.30,101.9,1,11,0.8
2024-03-25T17:10:34Z,26.546072,-76.962197,0.33,108.9,1,10,0.9
2024-03-25T17:10:39Z,26.546068,-76.962195,0.28,139.7,1,11,0.8
2024-03-25T17:10:44Z,26.546067,-76.962192,0.25,72.5,1,11,0.8
2024-03-25T17:10:49Z,26.546065,-76.962192,0.06,106.8,1,11,0.8
2024-03-25T17:10:54Z,26.546062,-76.962192,0.41,189.9,1,11,0.8
2024-03-25T17:10:59Z,26.546057,-76.962193,0.16,310.6,1,11,0.8
2024-03-25T17:11:04Z,26.546053,-76.962197,0.27,342.9,1,11,0.8
2024-03-25T17:11:09Z,26.546052,-76.962202,0.20,285.2,1,11,0.8
2024-03-25T17:11:14Z,26.546057,-76.962208,0.36,291.9,1,11,0.8
2024-03-25T17:11:19Z,26.546063,-76.962217,0.38,308.0,1,11,0.8
2024-03-25T17:11:24Z,26.546067,-76.962218,0.20,360.0,1,11,0.8
2024-03-25T17:11:29Z,26.546070,-76.962218,0.12,23.4,1,11,0.8
2024-03-25T17:11:34Z,26.546070,-76.962217,0.01,227.3,1,11,0.8
2024-03-25T17:11:39Z,26.546068,-76.962218,0.27,0.6,1,11,0.8
2024-03-25T17:11:44Z,26.546068,-76.962220,0.13,216.2,1,11,0.8
2024-03-25T17:11:49Z,26.546073,-76.962217,0.33,63.5,1,11,0.8
2024-03-25T17:11:54Z,26.546080,-76.962213,0.23,28.2,1,11,0.8
2024-03-25T17:11:59Z,26.546082,-76.962212,0.04,55.4,1,11,0.8
2024-03-25T17:12:04Z,26.546082,-76.962212,0.08,259.0,1,11,0.8
2024-03-25T17:12:09Z,26.546085,-76.962213,0.12,291.4,1,11,0.8
2024-03-25T17:12:14Z,26.546088,-76.962217,0.11,293.9,1,11,0.8
2024-03-25T17:12:24Z,26.546098,-76.962218,0.27,25.2,1,11,0.8
2024-03-25T17:12:29Z,26.546105,-76.962217,0.27,60.4,1,11,0.8
2024-03-25T17:12:34Z,26.546107,-76.962213,0.10,40.8,1,11,0.8
2024-03-25T17:12:39Z,26.546108,-76.962212,0.09,303.1,1,11,0.8
2024-03-25T17:12:44Z,26.546108,-76.962215,0.10,291.1,1,11,0.8
2024-03-25T17:12:49Z,26.546110,-76.962220,0.15,289.4,1,11,0.8
2024-03-25T17:12:54Z,26.546113,-76.962225,0.14,20.2,1,11,0.8
2024-03-25T17:12:59Z,26.546118,-76.962223,0.24,45.7,1,11,0.8
2024-03-25T17:13:04Z,26.546122,-76.962222,0.22,8.6,1,11,0.8
2024-03-25T17:13:09Z,26.546125,-76.962222,0.12,352.7,1,11,0.8
2024-03-25T17:13:14Z,26.546128,-76.962225,0.20,324.2,1,11,0.8
2024-03-25T17:13:19Z,26.546132,-76.962227,0.17,339.2,1,11,0.8
2024-03-25T17:13:24Z,26.546133,-76.962228,0.09,107.8,1,11,0.8
2024-03-25T17:13:29Z,26.546130,-76.962223,0.28,115.9,1,11,0.8
2024-03-25T17:13:34Z,26.546125,-76.962218,0.42,143.3,1,11,0.8
2024-03-25T17:13:39Z,26.546117,-76.962213,0.49,128.0,1,10,0.9
2024-03-25T17:13:44Z,26.546108,-76.962205,0.32,127.9,1,11,0.8
2024-03-25T17:13:49Z,26.546103,-76.962200,0.39,128.8,1,11,0.8
2024-03-25T17:13:54Z,26.546100,-76.962195,0.30,139.7,1,11,0.8
2024-03-25T17:13:59Z,26.546095,-76.962195,0.31,187.7,1,11,0.8
2024-03-25T17:14:04Z,26.546088,-76.962193,0.24,160.2,1,11,0.8
2024-03-25T17:14:09Z,26.546085,-76.962192,0.14,190.9,1,11,0.8
2024-03-25T17:14:14Z,26.546082,-76.962193,0.13,189.4,1,11,0.8
2024-03-25T17:14:19Z,26.546082,-76.962197,0.19,248.7,1,11,0.8
2024-03-25T17:14:24Z,26.546080,-76.962198,0.20,224.3,1,11,0.8
2024-03-25T17:14:29Z,26.546080,-76.962205,0.15,254.0,1,11,0.8
2024-03-25T17:14:34Z,26.546078,-76.962210,0.38,183.3,1,11,0.8
2024-03-25T17:14:39Z,26.546082,-76.962213,0.23,273.6,1,11,0.8
2024-03-25T17:14:49Z,26.546088,-76.962213,0.10,80.3,1,11,0.8
2024-03-25T17:14:54Z,26.546085,-76.962212,0.34,160.5,1,11,0.8
2024-03-25T17:14:59Z,26.546083,-76.962210,0.22,151.5,1,11,0.8
2024-03-25T17:15:04Z,26.546085,-76.962212,0.09,95.7,1,11,0.8
2024-03-25T17:15:09Z,26.546085,-76.962210,0.06,85.0,1,11,0.8
2024-03-25T17:15:14Z,26.546087,-76.962212,0.03,98.8,1,11,0.8
2024-03-25T17:15:19Z,26.546087,-76.962212,0.04,235.6,1,11,0.8
2024-03-25T17:15:24Z,26.546090,-76.962213,0.11,175.0,1,11,0.8
2024-03-25T17:15:29Z,26.546088,-76.962217,0.06,216.3,1,11,0.8
2024-03-25T17:15:34Z,26.546088,-76.962218,0.04,235.2,1,11,0.8
2024-03-25T17:15:39Z,26.546085,-76.962217,0.10,91.3,1,11,0.8
2024-03-25T17:15:44Z,26.546085,-76.962213,0.11,55.7,1,11,0.8
2024-03-25T17:15:49Z,26.546087,-76.962213,0.18,50.8,1,11,0.8
2024-03-25T17:15:54Z,26.546087,-76.962215,0.07,16.4,1,11,0.8
2024-03-25T17:16:04Z,26.546087,-76.962218,0.03,165.8,1,11,0.8
2024-03-25T17:16:09Z,26.546087,-76.962218,0.17,62.5,1,11,0.8
2024-03-25T17:16:14Z,26.546087,-76.962218,0.15,65.6,1,10,0.9
2024-03-25T17:16:19Z,26.546088,-76.962218,0.16,308.7,1,11,0.8
2024-03-25T17:16:24Z,26.546092,-76.962223,0.11,312.1,1,11,0.8
2024-03-25T17:16:29Z,26.546095,-76.962225,0.17,12.5,1,11,0.8
2024-03-25T17:16:34Z,26.546098,-76.962222,0.10,28.7,1,11,0.8
2024-03-25T17:16:39Z,26.546095,-76.962218,0.07,83.5,1,11,0.8
2024-03-25T17:16:44Z,26.546095,-76.962215,0.10,296.1,1,11,0.8
2024-03-25T17:16:49Z,26.546097,-76.962217,0.03,4.0,1,11,0.8
2024-03-25T17:16:54Z,26.546095,-76.962215,0.14,120.3,1,11,0.8
2024-03-25T17:16:59Z,26.546088,-76.962210,0.32,99.8,1,10,0.9
2024-03-25T17:17:04Z,26.546088,-76.962208,0.14,42.4,1,11,0.8
2024-03-25T17:17:09Z,26.546090,-76.962212,0.01,272.0,1,11,0.8
2024-03-25T17:17:14Z,26.546092,-76.962215,0.04,313.1,1,11,0.8
2024-03-25T17:17:19Z,26.546092,-76.962213,0.16,85.8,1,11,0.8
2024-03-25T17:17:24Z,26.546093,-76.962210,0.12,40.3,1,11,0.8
2024-03-25T17:17:29Z,26.546093,-76.962207,0.08,57.3,1,11,0.8
2024-03-25T17:17:34Z,26.546100,-76.962207,0.32,1.2,1,11,0.8
2024-03-25T17:17:39Z,26.546098,-76.962205,0.36,157.1,1,11,0.8
2024-03-25T17:17:44Z,26.546105,-76.962208,0.29,351.3,1,11,0.8
2024-03-25T17:17:49Z,26.546108,-76.962212,0.10,260.4,1,11,0.8
2024-03-25T17:17:54Z,26.546108,-76.962208,0.16,98.3,1,11,0.8
2024-03-25T17:17:59Z,26.546113,-76.962210,0.09,192.4,1,11,0.8
2024-03-25T17:18:04Z,26.546115,-76.962210,0.32,131.3,1,11,0.8
2024-03-25T17:18:09Z,26.546117,-76.962210,0.29,129.4,1,11,0.8
2024-03-25T17:18:14Z,26.546120,-76.962208,0.18,113.8,1,11,0.8
2024-03-25T17:18:19Z,26.546123,-76.962207,0.09,141.1,1,11,0.8
2024-03-25T17:18:24Z,26.546123,-76.962205,0.14,214.7,1,11,0.8
2024-03-25T17:18:29Z,26.546125,-76.962205,0.10,175.8,1,11,0.8
2024-03-25T17:18:34Z,26.546125,-76.962208,0.20,269.0,1,11,0.8
2024-03-25T17:18:39Z,26.546123,-76.962207,0.14,153.1,1,11,0.8
2024-03-25T17:18:44Z,26.546122,-76.962207,0.18,129.3,1,11,0.8
2024-03-25T17:18:49Z,26.546118,-76.962205,0.22,126.8,1,11,0.8
2024-03-25T17:18:54Z,26.546117,-76.962207,0.15,159.7,1,11,0.8
2024-03-25T17:19:04Z,26.546108,-76.962212,0.16,277.3,1,10,0.9
2024-03-25T17:19:09Z,26.546108,-76.962218,0.29,186.7,1,10,0.9
2024-03-25T17:19:14Z,26.546107,-76.962223,0.26,356.4,1,10,0.9
2024-03-25T17:19:19Z,26.546107,-76.962223,0.27,120.4,1,9,1.0
2024-03-25T17:19:24Z,26.546110,-76.962222,0.26,35.0,1,10,0.9
2024-03-25T17:19:29Z,26.546110,-76.962223,0.08,274.9,1,10,0.9
2024-03-25T17:19:39Z,26.546108,-76.962220,0.01,311.0,1,10,0.9
2024-03-25T17:19:44Z,26.546107,-76.962217,0.30,64.8,1,10,0.9
2024-03-25T17:19:49Z,26.546102,-76.962215,0.75,157.9,1,10,0.9
2024-03-25T17:19:54Z,26.546103,-76.962217,0.15,241.4,1,10,0.9
2024-03-25T17:19:59Z,26.546103,-76.962217,0.14,102.3,1,10,0.9
2024-03-25T17:20:04Z,26.546107,-76.962218,0.13,336.2,1,10,0.9
2024-03-25T17:20:09Z,26.546110,-76.962218,0.11,27.3,1,10,0.9
2024-03-25T17:20:14Z,26.546112,-76.962220,0.31,325.7,1,10,0.9
2024-03-25T17:20:19Z,26.546117,-76.962222,0.19,6.2,1,10,0.9
2024-03-25T17:20:24Z,26.546123,-76.962227,0.09,339.5,1,10,0.9
2024-03-25T17:20:29Z,26.546128,-76.962223,0.21,61.2,1,10,0.9
2024-03-25T17:20:34Z,26.546130,-76.962220,0.16,116.3,1,10,0.9
2024-03-25T17:20:39Z,26.546133,-76.962222,0.15,358.1,1,10,0.9
2024-03-25T17:20:49Z,26.546132,-76.962228,0.16,93.0,1,10,0.9
2024-03-25T17:20:54Z,26.546128,-76.962220,0.29,104.9,1,10,0.9
2024-03-25T17:20:59Z,26.546128,-76.962212,0.24,137.3,1,10,0.9
2024-03-25T17:21:04Z,26.546127,-76.962207,0.36,123.2,1,10,0.9
2024-03-25T17:21:09Z,26.546127,-76.962205,0.17,145.6,1,10,0.9
2024-03-25T17:21:14Z,26.546128,-76.962208,0.17,153.9,1,9,0.9
2024-03-25T17:21:24Z,26.546128,-76.962212,0.15,193.9,1,10,0.9
2024-03-25T17:21:29Z,26.546130,-76.962213,0.06,172.8,1,10,0.9
2024-03-25T17:21:34Z,26.546132,-76.962217,0.02,150.1,1,10,0.9
2024-03-25T17:21:39Z,26.546132,-76.962220,0.16,104.5,1,9,1.2
2024-03-25T17:21:44Z,26.546127,-76.962218,0.21,72.2,1,10,0.9
2024-03-25T17:21:49Z,26.546125,-76.962218,0.41,129.6,1,10,0.9
2024-03-25T17:21:54Z,26.546122,-76.962222,0.14,230.6,1,10,0.9
2024-03-25T17:21:59Z,26.546118,-76.962223,0.15,212.4,1,10,0.9
2024-03-25T17:22:04Z,26.546113,-76.962222,0.08,201.6,1,10,0.9
2024-03-25T17:22:09Z,26.546110,-76.962220,0.19,118.9,1,10,0.9
2024-03-25T17:22:14Z,26.546107,-76.962215,0.31,146.4,1,10,0.9
2024-03-25T17:22:19Z,26.546102,-76.962210,0.16,178.6,1,10,0.9
2024-03-25T17:22:24Z,26.546093,-76.962205,0.55,142.0,1,10,0.9
2024-03-25T17:22:34Z,26.546092,-76.962195,0.15,358.5,1,10,0.9
2024-03-25T17:22:39Z,26.546097,-76.962197,0.11,189.1,1,10,0.9
2024-03-25T17:22:44Z,26.546097,-76.962203,0.29,228.5,1,10,0.9
2024-03-25T17:22:49Z,26.546092,-76.962207,0.28,175.3,1,10,0.9
2024-03-25T17:22:54Z,26.546088,-76.962205,0.19,152.8,1,10,0.9
2024-03-25T17:22:59Z,26.546085,-76.962205,0.39,138.4,1,9,1.0
2024-03-25T17:23:09Z,26.546100,-76.962213,0.12,24.2,1,10,0.9
2024-03-25T17:23:14Z,26.546103,-76.962215,0.11,15.2,1,9,0.9
2024-03-25T17:23:19Z,26.546107,-76.962213,0.04,353.7,1,10,0.9
2024-03-25T17:23:24Z,26.546107,-76.962213,0.03,26.3,1,10,0.9
2024-03-25T17:23:29Z,26.546110,-76.962215,0.07,332.7,1,10,0.9
2024-03-25T17:23:34Z,26.546110,-76.962215,0.07,191.8,1,10,0.9
2024-03-25T17:23:44Z,26.546117,-76.962220,0.15,90.2,1,10,0.9
2024-03-25T17:23:49Z,26.546110,-76.962217,0.32,133.4,1,10,0.9
2024-03-25T17:23:54Z,26.546107,-76.962212,0.23,141.2,1,10,0.9
2024-03-25T17:23:59Z,26.546110,-76.962210,0.28,124.4,1,10,0.9
2024-03-25T17:24:04Z,26.546108,-76.962202,0.51,126.2,1,9,1.0
2024-03-25T17:24:09Z,26.546103,-76.962195,0.26,108.1,1,9,0.9
2024-03-25T17:24:19Z,26.546107,-76.962192,0.16,106.6,1,10,0.9
2024-03-25T17:24:24Z,26.546107,-76.962192,0.09,24.9,1,10,0.9
2024-03-25T17:24:29Z,26.546102,-76.962195,0.40,166.9,1,9,0.9
2024-03-25T17:24:34Z,26.546103,-76.962195,0.10,207.3,1,10,0.9
2024-03-25T17:24:39Z,26.546108,-76.962200,0.36,171.6,1,10,0.9
2024-03-25T17:24:44Z,26.546108,-76.962205,0.08,272.0,1,10,0.9
2024-03-25T17:24:49Z,26.546110,-76.962212,0.12,288.9,1,10,0.9
2024-03-25T17:24:54Z,26.546107,-76.962217,0.13,220.8,1,10,0.9
2024-03-25T17:24:59Z,26.546103,-76.962215,0.12,159.1,1,10,0.9
2024-03-25T17:25:04Z,26.546098,-76.962215,0.16,134.4,1,10,0.9
2024-03-25T17:25:09Z,26.546098,-76.962213,0.08,124.6,1,10,0.9
2024-03-25T17:25:14Z,26.546095,-76.962212,0.19,132.6,1,10,0.9
2024-03-25T17:25:19Z,26.546090,-76.962215,0.10,266.0,1,10,0.9
2024-03-25T17:25:24Z,26.546087,-76.962217,0.11,234.8,1,10,0.9
2024-03-25T17:25:29Z,26.546087,-76.962215,0.25,125.1,1,10,0.9
2024-03-25T17:25:34Z,26.546085,-76.962210,0.04,163.3,1,10,0.9
2024-03-25T17:25:39Z,26.546090,-76.962212,0.19,132.7,1,10,0.9
2024-03-25T17:25:44Z,26.546095,-76.962210,0.14,125.6,1,10,0.9
2024-03-25T17:25:49Z,26.546092,-76.962208,0.17,153.2,1,10,0.9
2024-03-25T17:25:54Z,26.546088,-76.962207,0.18,168.0,1,10,0.9
2024-03-25T17:25:59Z,26.546088,-76.962208,0.06,211.4,1,10,0.9
2024-03-25T17:26:04Z,26.546087,-76.962207,0.14,154.5,1,10,0.9
2024-03-25T17:26:09Z,26.546085,-76.962207,0.22,134.7,1,10,0.9
2024-03-25T17:26:14Z,26.546083,-76.962207,0.08,155.1,1,10,0.9
2024-03-25T17:26:19Z,26.546085,-76.962208,0.04,243.5,1,10,0.9
2024-03-25T17:26:24Z,26.546087,-76.962208,0.03,310.5,1,10,0.9
2024-03-25T17:26:29Z,26.546090,-76.962213,0.05,111.2,1,10,0.9
2024-03-25T17:26:39Z,26.546097,-76.962215,0.11,326.4,1,10,0.9
2024-03-25T17:26:44Z,26.546100,-76.962217,0.07,321.9,1,10,0.9
2024-03-25T17:26:49Z,26.546100,-76.962217,0.14,160.4,1,10,0.9
2024-03-25T17:26:54Z,26.546098,-76.962217,0.20,257.2,1,10,0.9
2024-03-25T17:26:59Z,26.546098,-76.962222,0.15,179.0,1,10,0.9
2024-03-25T17:27:04Z,26.546100,-76.962220,0.12,99.1,1,10,0.9
2024-03-25T17:27:14Z,26.546108,-76.962212,0.18,67.5,1,10,0.9
2024-03-25T17:27:19Z,26.546113,-76.962210,0.14,29.9,1,10,0.9
2024-03-25T17:27:24Z,26.546120,-76.962212,0.03,303.4,1,10,0.9
2024-03-25T17:27:29Z,26.546118,-76.962217,0.21,302.4,1,10,0.9
2024-03-25T17:27:34Z,26.546122,-76.962218,0.09,152.7,1,10,0.9
2024-03-25T17:27:39Z,26.546123,-76.962217,0.08,192.5,1,10,0.9
2024-03-25T17:27:44Z,26.546125,-76.962213,0.14,105.9,1,10,0.9
2024-03-25T17:27:49Z,26.546123,-76.962208,0.22,123.0,1,10,0.9
2024-03-25T17:27:54Z,26.546122,-76.962203,0.38,138.4,1,9,1.0
2024-03-25T17:27:59Z,26.546115,-76.962197,0.50,153.2,1,10,0.9
2024-03-25T17:28:04Z,26.546105,-76.962192,0.48,125.2,1,10,0.9
2024-03-25T17:28:09Z,26.546098,-76.962188,0.28,134.7,1,10,0.9
2024-03-25T17:28:14Z,26.546097,-76.962187,0.17,121.2,1,9,1.0
2024-03-25T17:28:19Z,26.546102,-76.962192,0.04,202.4,1,10,0.9
2024-03-25T17:28:24Z,26.546103,-76.962193,0.14,206.9,1,10,0.9
2024-03-25T17:28:29Z,26.546100,-76.962197,0.16,241.5,1,10,0.9
2024-03-25T17:28:34Z,26.546100,-76.962200,0.29,265.6,1,10,0.9
2024-03-25T17:28:39Z,26.546097,-76.962202,0.32,297.2,1,10,0.9
2024-03-25T17:28:44Z,26.546100,-76.962208,0.17,293.8,1,10,0.9
2024-03-25T17:28:49Z,26.546102,-76.962213,0.12,337.8,1,10,0.9
2024-03-25T17:28:54Z,26.546105,-76.962217,0.17,24.4,1,10,0.9
2024-03-25T17:28:59Z,26.546112,-76.962218,0.17,32.5,1,10,0.9
2024-03-25T17:29:04Z,26.546113,-76.962218,0.12,349.2,1,10,0.9
2024-03-25T17:29:09Z,26.546115,-76.962217,0.09,57.2,1,10,0.9
2024-03-25T17:29:14Z,26.546118,-76.962218,0.07,309.1,1,10,0.9
2024-03-25T17:29:19Z,26.546122,-76.962222,0.12,264.3,1,10,0.9
2024-03-25T17:29:24Z,26.546128,-76.962225,0.25,304.3,1,10,0.9
2024-03-25T17:29:34Z,26.546132,-76.962218,0.13,88.2,1,10,0.9
2024-03-25T17:29:39Z,26.546133,-76.962217,0.19,59.0,1,9,1.0
2024-03-25T17:29:44Z,26.546137,-76.962218,0.13,147.6,1,10,0.9
2024-03-25T17:29:49Z,26.546133,-76.962218,0.13,169.3,1,10,0.9
2024-03-25T17:29:54Z,26.546132,-76.962217,0.09,110.2,1,10,0.9
2024-03-25T17:29:59Z,26.546133,-76.962215,0.10,60.9,1,10,0.9
2024-03-25T17:30:04Z,26.546133,-76.962215,0.01,208.7,1,10,0.9
2024-03-25T17:30:09Z,26.546133,-76.962215,0.11,169.1,1,10,0.9
2024-03-25T17:30:14Z,26.546133,-76.962213,0.16,108.0,1,10,0.9
2024-03-25T17:30:19Z,26.546132,-76.962210,0.24,147.4,1,9,1.0
2024-03-25T17:30:24Z,26.546128,-76.962210,0.22,159.1,1,10,0.9
2024-03-25T17:30:29Z,26.546125,-76.962208,0.22,163.0,1,10,0.9
2024-03-25T17:30:34Z,26.546122,-76.962210,0.11,170.8,1,10,0.9
2024-03-25T17:30:39Z,26.546120,-76.962212,0.08,290.8,1,10,0.9
2024-03-25T17:30:44Z,26.546115,-76.962213,0.08,344.6,1,10,0.9
2024-03-25T17:30:49Z,26.546118,-76.962218,0.23,303.9,1,9,1.0
2024-03-25T17:30:54Z,26.546122,-76.962223,0.10,346.9,1,10,0.9
2024-03-25T17:30:59Z,26.546122,-76.962218,0.21,58.7,1,10,0.9
2024-03-25T17:31:04Z,26.546127,-76.962215,0.15,19.1,1,10,0.9
2024-03-25T17:31:09Z,26.546130,-76.962213,0.29,84.3,1,10,0.9
2024-03-25T17:31:19Z,26.546138,-76.962212,0.06,11.6,1,9,1.0
2024-03-25T17:31:24Z,26.546142,-76.962217,0.05,39.8,1,10,0.9
2024-03-25T17:31:29Z,26.546145,-76.962217,0.15,82.6,1,9,1.0
2024-03-25T17:31:34Z,26.546142,-76.962213,0.22,122.0,1,10,0.9
2024-03-25T17:31:39Z,26.546142,-76.962213,0.11,308.9,1,10,0.9
2024-03-25T17:31:44Z,26.546143,-76.962215,0.13,256.6,1,10,0.9
2024-03-25T17:31:49Z,26.546143,-76.962217,0.09,79.4,1,9,1.0
2024-03-25T17:31:54Z,26.546145,-76.962215,0.16,90.0,1,9,1.0
2024-03-25T17:31:59Z,26.546143,-76.962212,0.26,116.3,1,10,0.9
2024-03-25T17:32:04Z,26.546142,-76.962210,0.34,124.9,1,10,0.9
2024-03-25T17:32:09Z,26.546138,-76.962210,0.20,144.7,1,9,1.0
2024-03-25T17:32:14Z,26.546132,-76.962212,0.31,189.3,1,9,1.0
2024-03-25T17:32:19Z,26.546127,-76.962212,0.17,147.2,1,9,1.0
2024-03-25T17:32:29Z,26.546128,-76.962213,0.12,86.0,1,10,0.9
2024-03-25T17:32:34Z,26.546130,-76.962213,0.03,222.8,1,10,0.9
2024-03-25T17:32:39Z,26.546132,-76.962212,0.16,105.0,1,10,0.9
2024-03-25T17:32:44Z,26.546137,-76.962217,0.14,305.5,1,10,0.9
2024-03-25T17:32:49Z,26.546142,-76.962222,0.12,89.5,1,10,0.9
2024-03-25T17:32:54Z,26.546147,-76.962227,0.19,320.5,1,10,0.9
2024-03-25T17:32:59Z,26.546143,-76.962230,0.21,18.6,1,10,0.9
2024-03-25T17:33:04Z,26.546142,-76.962228,0.15,108.3,1,9,1.0
2024-03-25T17:33:09Z,26.546138,-76.962223,0.30,129.5,1,9,1.0
2024-03-25T17:33:14Z,26.546133,-76.962217,0.24,120.0,1,10,0.9
2024-03-25T17:33:19Z,26.546130,-76.962212,0.61,146.7,1,8,1.1
2024-03-25T17:33:24Z,26.546130,-76.962208,0.25,52.9,1,9,1.0
2024-03-25T17:33:29Z,26.546132,-76.962205,0.28,106.9,1,10,0.9
2024-03-25T17:33:39Z,26.546133,-76.962208,0.05,144.1,1,10,0.9
2024-03-25T17:33:44Z,26.546132,-76.962210,0.15,137.2,1,10,0.9
2024-03-25T17:33:49Z,26.546128,-76.962210,0.11,208.9,1,10,0.9
2024-03-25T17:33:54Z,26.546128,-76.962212,0.17,206.8,1,10,0.9
2024-03-25T17:33:59Z,26.546125,-76.962208,0.29,107.2,1,10,0.9
2024-03-25T17:34:04Z,26.546123,-76.962205,0.32,138.0,1,10,0.9
2024-03-25T17:34:09Z,26.546117,-76.962202,0.34,167.1,1,10,0.9
2024-03-25T17:34:14Z,26.546112,-76.962200,0.22,134.9,1,10,0.9
2024-03-25T17:34:19Z,26.546107,-76.962200,0.21,172.2,1,10,0.9
2024-03-25T17:34:24Z,26.546105,-76.962200,0.09,104.8,1,10,0.9
2024-03-25T17:34:29Z,26.546100,-76.962198,0.25,133.7,1,10,0.9
2024-03-25T17:34:34Z,26.546100,-76.962202,0.15,122.0,1,9,1.0
2024-03-25T17:34:39Z,26.546098,-76.962202,0.19,149.4,1,10,0.9
2024-03-25T17:34:44Z,26.546100,-76.962203,0.21,155.4,1,10,0.9
2024-03-25T17:34:49Z,26.546098,-76.962203,0.12,160.5,1,10,0.9
2024-03-25T17:34:54Z,26.546095,-76.962203,0.41,159.8,1,10,0.9
2024-03-25T17:34:59Z,26.546098,-76.962203,0.02,161.2,1,10,0.9
2024-03-25T17:35:04Z,26.546097,-76.962210,0.08,286.9,1,10,0.9
2024-03-25T17:35:09Z,26.546098,-76.962217,0.07,230.7,1,10,0.9
2024-03-25T17:35:14Z,26.546100,-76.962217,0.10,35.2,1,10,0.9
2024-03-25T17:35:19Z,26.546100,-76.962220,0.29,293.9,1,10,0.9
2024-03-25T17:35:24Z,26.546103,-76.962220,0.11,19.6,1,10,0.9
2024-03-25T17:35:29Z,26.546105,-76.962218,0.08,336.4,1,10,0.9
2024-03-25T17:35:34Z,26.546105,-76.962218,0.07,92.0,1,9,1.0
2024-03-25T17:35:39Z,26.546103,-76.962217,0.15,156.7,1,10,0.9
2024-03-25T17:35:44Z,26.546100,-76.962218,0.14,151.9,1,10,0.9
2024-03-25T17:35:49Z,26.546102,-76.962217,0.11,102.2,1,9,1.0
2024-03-25T17:35:59Z,26.546105,-76.962213,0.17,125.1,2,10,0.9
2024-03-25T17:36:04Z,26.546105,-76.962212,0.07,149.3,2,10,0.9
2024-03-25T17:36:09Z,26.546112,-76.962217,0.40,113.9,2,10,0.9
2024-03-25T17:36:14Z,26.546113,-76.962217,0.28,119.0,1,10,0.9
2024-03-25T17:36:19Z,26.546107,-76.962212,0.14,156.2,1,10,0.9
2024-03-25T17:36:24Z,26.546103,-76.962212,0.29,327.3,1,10,0.9
2024-03-25T17:36:29Z,26.546102,-76.962213,0.28,338.1,1,10,0.9
2024-03-25T17:36:34Z,26.546102,-76.962215,0.12,275.0,1,10,0.9
2024-03-25T17:36:39Z,26.546102,-76.962218,0.13,289.9,1,10,0.9
2024-03-25T17:36:44Z,26.546102,-76.962218,0.14,72.5,1,10,0.9
2024-03-25T17:36:49Z,26.546103,-76.962215,0.19,50.2,1,10,0.9
2024-03-25T17:36:54Z,26.546105,-76.962220,0.02,112.2,1,10,0.9
2024-03-25T17:36:59Z,26.546102,-76.962218,0.14,165.2,1,10,0.9
2024-03-25T17:37:04Z,26.546098,-76.962213,0.25,149.7,1,10,0.9
2024-03-25T17:37:09Z,26.546097,-76.962203,0.22,140.8,1,10,0.9
2024-03-25T17:37:14Z,26.546093,-76.962198,0.10,39.4,1,10,0.9
2024-03-25T17:37:19Z,26.546090,-76.962195,0.22,172.7,1,10,0.9
2024-03-25T17:37:24Z,26.546087,-76.962193,0.05,151.2,1,10,0.9
2024-03-25T17:37:29Z,26.546085,-76.962193,0.21,174.2,1,10,0.9
2024-03-25T17:37:34Z,26.546082,-76.962193,0.19,155.7,1,10,0.9
2024-03-25T17:37:44Z,26.546077,-76.962193,0.21,165.7,1,10,0.9
2024-03-25T17:37:49Z,26.546077,-76.962193,0.11,222.1,1,10,0.9
2024-03-25T17:37:54Z,26.546073,-76.962192,0.08,264.4,1,9,1.0
2024-03-25T17:37:59Z,26.546073,-76.962195,0.14,309.3,1,9,1.0
2024-03-25T17:38:04Z,26.546075,-76.962202,0.24,276.2,1,10,0.9
2024-03-25T17:38:09Z,26.546080,-76.962200,0.17,46.4,1,10,0.9
2024-03-25T17:38:19Z,26.546087,-76.962192,0.32,70.1,2,9,1.0
2024-03-25T17:38:24Z,26.546092,-76.962193,0.15,48.6,2,10,0.9
2024-03-25T17:38:29Z,26.546097,-76.962197,0.10,343.5,2,10,0.9
2024-03-25T17:38:34Z,26.546100,-76.962202,0.17,311.3,2,10,0.9
2024-03-25T17:38:39Z,26.546103,-76.962208,0.07,329.1,2,10,0.9
2024-03-25T17:38:44Z,26.546105,-76.962215,0.06,355.4,2,10,0.9
2024-03-25T17:38:49Z,26.546108,-76.962217,0.21,98.4,2,10,0.9
2024-03-25T17:38:54Z,26.546110,-76.962217,0.14,295.7,2,9,1.0
2024-03-25T17:38:59Z,26.546112,-76.962217,0.07,339.6,1,9,1.0
2024-03-25T17:39:04Z,26.546112,-76.962217,0.06,243.0,1,9,1.0
2024-03-25T17:39:09Z,26.546110,-76.962217,0.12,51.9,1,9,1.0
2024-03-25T17:39:14Z,26.546112,-76.962210,0.11,67.0,1,10,0.9
2024-03-25T17:39:19Z,26.546112,-76.962203,0.80,141.3,1,9,1.0
2024-03-25T17:39:29Z,26.546102,-76.962202,0.44,158.2,1,10,0.9
2024-03-25T17:39:34Z,26.546095,-76.962198,0.35,147.1,2,10,0.9
2024-03-25T17:39:39Z,26.546088,-76.962192,0.46,137.1,2,9,1.0
2024-03-25T17:39:44Z,26.546083,-76.962185,0.28,112.6,2,8,1.1
2024-03-25T17:39:49Z,26.546080,-76.962183,0.30,147.0,2,9,1.0
2024-03-25T17:39:54Z,26.546082,-76.962185,0.25,186.6,2,9,1.0
2024-03-25T17:39:59Z,26.546080,-76.962190,0.29,197.6,2,9,1.0
2024-03-25T17:40:04Z,26.546075,-76.962200,0.16,198.0,2,9,1.0
2024-03-25T17:40:09Z,26.546073,-76.962207,0.34,180.4,2,10,0.9
2024-03-25T17:40:14Z,26.546070,-76.962207,0.21,200.5,2,10,0.9
2024-03-25T17:40:19Z,26.546067,-76.962205,0.29,162.2,2,10,0.9
2024-03-25T17:40:24Z,26.546063,-76.962203,0.17,184.4,2,10,0.9
2024-03-25T17:40:29Z,26.546062,-76.962208,0.31,201.6,2,9,1.0
2024-03-25T17:40:34Z,26.546065,-76.962208,0.32,273.6,1,10,0.9
2024-03-25T17:40:44Z,26.546077,-76.962212,0.32,46.5,1,9,1.0
2024-03-25T17:40:49Z,26.546083,-76.962207,0.25,38.5,1,9,1.0
2024-03-25T17:40:54Z,26.546090,-76.962205,0.16,319.6,1,10,0.9
2024-03-25T17:40:59Z,26.546093,-76.962207,0.28,289.9,1,10,0.9
2024-03-25T17:41:04Z,26.546097,-76.962213,0.20,167.3,2,10,0.9
2024-03-25T17:41:09Z,26.546100,-76.962217,0.05,135.0,2,10,0.9
2024-03-25T17:41:14Z,26.546100,-76.962222,0.06,203.3,2,9,1.0
2024-03-25T17:41:19Z,26.546102,-76.962230,0.20,268.3,2,10,0.9
2024-03-25T17:41:24Z,26.546105,-76.962233,0.20,45.6,2,10,0.9
2024-03-25T17:41:29Z,26.546108,-76.962232,0.25,56.1,2,9,1.0
2024-03-25T17:41:34Z,26.546112,-76.962228,0.30,34.6,2,10,0.9
2024-03-25T17:41:39Z,26.546113,-76.962222,0.23,85.5,2,10,0.9
2024-03-25T17:41:44Z,26.546112,-76.962217,0.20,121.2,1,9,1.0
2024-03-25T17:41:49Z,26.546110,-76.962212,0.14,134.2,1,9,1.0
2024-03-25T17:41:54Z,26.546108,-76.962208,0.24,120.3,1,10,0.9
2024-03-25T17:41:59Z,26.546107,-76.962202,0.20,113.4,1,10,0.9
2024-03-25T17:42:04Z,26.546105,-76.962197,0.17,131.6,1,10,0.9
2024-03-25T17:42:09Z,26.546102,-76.962197,0.27,176.3,1,10,0.9
2024-03-25T17:42:14Z,26.546098,-76.962198,0.20,154.4,1,10,0.9
2024-03-25T17:42:19Z,26.546095,-76.962200,0.14,171.4,1,9,1.0
2024-03-25T17:42:29Z,26.546095,-76.962203,0.06,252.8,1,9,1.0
2024-03-25T17:42:34Z,26.546098,-76.962210,0.40,307.8,1,9,1.0
2024-03-25T17:42:39Z,26.546100,-76.962217,0.41,15.8,1,10,0.9
2024-03-25T17:42:44Z,26.546102,-76.962217,0.21,7.9,1,10,0.9
2024-03-25T17:42:49Z,26.546103,-76.962212,0.25,5.4,1,10,0.9
2024-03-25T17:42:54Z,26.546105,-76.962208,0.20,35.6,1,10,0.9
2024-03-25T17:43:04Z,26.546115,-76.962208,0.15,15.8,1,10,0.9
2024-03-25T17:43:09Z,26.546118,-76.962210,0.17,289.1,1,10,0.9
2024-03-25T17:43:14Z,26.546123,-76.962210,0.05,249.8,1,10,0.9
2024-03-25T17:43:19Z,26.546125,-76.962212,0.23,353.3,1,10,0.9
2024-03-25T17:43:24Z,26.546128,-76.962213,0.16,16.7,1,10,0.9
2024-03-25T17:43:29Z,26.546128,-76.962212,0.28,94.3,1,10,0.9
2024-03-25T17:43:39Z,26.546130,-76.962208,0.11,158.7,1,10,0.9
2024-03-25T17:43:44Z,26.546130,-76.962210,0.06,164.8,1,10,0.9
2024-03-25T17:43:49Z,26.546130,-76.962208,0.15,110.2,1,9,1.0
2024-03-25T17:43:54Z,26.546130,-76.962208,0.15,141.4,1,10,0.9
2024-03-25T17:43:59Z,26.546130,-76.962205,0.19,97.0,1,10,0.9
2024-03-25T17:44:04Z,26.546130,-76.962202,0.22,86.6,1,10,0.9
2024-03-25T17:44:14Z,26.546133,-76.962195,0.26,147.4,1,10,0.9
2024-03-25T17:44:19Z,26.546132,-76.962195,0.20,114.7,1,10,0.9
2024-03-25T17:44:24Z,26.546130,-76.962193,0.13,100.6,1,10,0.9
2024-03-25T17:44:29Z,26.546133,-76.962195,0.15,40.4,1,10,0.9
2024-03-25T17:44:34Z,26.546133,-76.962197,0.14,64.3,1,9,1.0
2024-03-25T17:44:39Z,26.546133,-76.962197,0.09,119.9,1,9,1.0
2024-03-25T17:44:49Z,26.546132,-76.962198,0.23,146.3,1,10,0.9
2024-03-25T17:44:54Z,26.546128,-76.962203,0.32,165.7,1,9,1.0
2024-03-25T17:44:59Z,26.546128,-76.962208,0.21,127.2,1,9,1.0
2024-03-25T17:45:04Z,26.546127,-76.962207,0.26,131.2,1,9,1.0
2024-03-25T17:45:09Z,26.546123,-76.962205,0.42,147.8,1,9,1.0
2024-03-25T17:45:14Z,26.546120,-76.962200,0.34,141.0,1,9,1.0
2024-03-25T17:45:24Z,26.546115,-76.962193,0.26,179.2,1,10,0.9
2024-03-25T17:45:29Z,26.546117,-76.962187,0.20,169.2,1,9,1.0
2024-03-25T17:45:34Z,26.546117,-76.962193,0.06,226.8,1,9,1.0
2024-03-25T17:45:39Z,26.546117,-76.962197,0.24,156.5,1,9,1.0
2024-03-25T17:45:44Z,26.546117,-76.962198,0.15,175.8,1,10,0.8
2024-03-25T17:45:49Z,26.546115,-76.962200,0.10,170.7,1,10,0.8
2024-03-25T17:45:59Z,26.546115,-76.962207,0.24,315.9,1,10,0.8
2024-03-25T17:46:04Z,26.546118,-76.962208,0.33,34.5,1,10,0.8
2024-03-25T17:46:09Z,26.546122,-76.962205,0.10,52.4,1,10,0.8
2024-03-25T17:46:14Z,26.546125,-76.962207,0.23,311.0,1,10,0.8
2024-03-25T17:46:19Z,26.546132,-76.962210,0.28,358.4,1,10,0.8
2024-03-25T17:46:24Z,26.546138,-76.962208,0.23,357.8,1,10,0.8
2024-03-25T17:46:29Z,26.546145,-76.962207,0.19,20.4,2,10,0.8
2024-03-25T17:46:34Z,26.546150,-76.962207,0.19,1.7,2,10,0.8
2024-03-25T17:46:39Z,26.546155,-76.962208,0.15,19.0,2,10,0.8
2024-03-25T17:46:44Z,26.546158,-76.962213,0.02,336.3,2,10,0.8
2024-03-25T17:46:49Z,26.546158,-76.962217,0.12,174.0,2,10,0.8
2024-03-25T17:46:54Z,26.546155,-76.962217,0.20,152.8,1,10,0.8
2024-03-25T17:46:59Z,26.546150,-76.962212,0.40,151.5,1,10,0.8
2024-03-25T17:47:04Z,26.546147,-76.962210,0.44,122.9,1,10,0.8
2024-03-25T17:47:14Z,26.546140,-76.962197,0.33,142.6,1,9,1.0
2024-03-25T17:47:19Z,26.546135,-76.962197,0.16,111.2,1,9,1.0
2024-03-25T17:47:24Z,26.546133,-76.962195,0.16,75.1,1,9,1.0
2024-03-25T17:47:29Z,26.546135,-76.962195,0.15,209.1,1,9,1.0
2024-03-25T17:47:34Z,26.546135,-76.962202,0.18,225.4,1,9,1.0
2024-03-25T17:47:39Z,26.546135,-76.962207,0.11,268.1,1,9,1.0
2024-03-25T17:47:49Z,26.546138,-76.962210,0.08,87.4,1,10,0.8
2024-03-25T17:47:54Z,26.546142,-76.962207,0.07,86.3,1,10,0.8
2024-03-25T17:47:59Z,26.546142,-76.962208,0.11,59.0,1,10,0.8
2024-03-25T17:48:04Z,26.546143,-76.962207,0.11,137.5,1,10,0.8
2024-03-25T17:48:09Z,26.546142,-76.962205,0.19,131.3,1,10,0.8
2024-03-25T17:48:14Z,26.546140,-76.962203,0.06,109.9,1,10,0.8
2024-03-25T17:48:24Z,26.546145,-76.962198,0.12,90.4,2,9,1.0
2024-03-25T17:48:29Z,26.546145,-76.962193,0.07,341.2,2,9,1.0
2024-03-25T17:48:34Z,26.546150,-76.962197,0.14,347.4,2,9,1.0
2024-03-25T17:48:39Z,26.546157,-76.962198,0.23,6.2,2,10,0.8
2024-03-25T17:48:44Z,26.546165,-76.962198,0.24,41.6,2,10,0.8
2024-03-25T17:48:49Z,26.546170,-76.962195,0.26,59.5,2,10,0.8
2024-03-25T17:48:54Z,26.546175,-76.962195,0.22,46.8,1,10,0.8
2024-03-25T17:49:04Z,26.546180,-76.962197,0.07,111.7,1,10,0.8
2024-03-25T17:49:09Z,26.546178,-76.962198,0.20,130.2,1,10,0.8
2024-03-25T17:49:14Z,26.546178,-76.962198,0.29,147.2,1,10,0.8
2024-03-25T17:49:19Z,26.546172,-76.962197,0.31,140.4,1,9,1.0
2024-03-25T17:49:24Z,26.546163,-76.962192,0.25,122.1,1,9,1.0
2024-03-25T17:49:29Z,26.546157,-76.962190,0.35,148.4,1,9,1.0
2024-03-25T17:49:39Z,26.546155,-76.962178,0.45,129.2,1,10,0.8
2024-03-25T17:49:44Z,26.546152,-76.962173,0.39,133.8,1,9,1.0
2024-03-25T17:49:49Z,26.546148,-76.962173,0.29,152.8,1,9,1.0
2024-03-25T17:49:54Z,26.546147,-76.962177,0.27,222.3,1,10,0.8
2024-03-25T17:49:59Z,26.546145,-76.962178,0.26,211.9,1,10,0.8
2024-03-25T17:50:04Z,26.546142,-76.962182,0.27,208.4,1,10,0.8
2024-03-25T17:50:09Z,26.546140,-76.962193,0.19,307.5,1,9,1.0
2024-03-25T17:50:14Z,26.546137,-76.962203,0.21,241.7,1,9,1.0
2024-03-25T17:50:19Z,26.546133,-76.962208,0.14,211.6,1,9,1.0
2024-03-25T17:50:24Z,26.546133,-76.962210,0.10,110.6,1,9,1.0
2024-03-25T17:50:29Z,26.546135,-76.962208,0.10,87.8,1,10,0.8
2024-03-25T17:50:34Z,26.546137,-76.962210,0.09,75.3,1,10,0.8
2024-03-25T17:50:39Z,26.546137,-76.962210,0.12,104.0,1,10,0.8
2024-03-25T17:50:49Z,26.546137,-76.962208,0.13,74.5,1,10,0.8
2024-03-25T17:50:54Z,26.546140,-76.962208,0.15,59.2,1,10,0.8
2024-03-25T17:50:59Z,26.546140,-76.962207,0.11,183.0,1,10,0.8
2024-03-25T17:51:04Z,26.546138,-76.962207,0.17,142.6,1,10,0.8
2024-03-25T17:51:09Z,26.546137,-76.962205,0.13,172.5,1,10,0.8
2024-03-25T17:51:14Z,26.546137,-76.962203,0.12,109.7,1,10,0.8
2024-03-25T17:51:19Z,26.546137,-76.962203,0.09,111.1,1,10,0.8
2024-03-25T17:51:24Z,26.546137,-76.962205,0.05,222.4,1,9,1.0
2024-03-25T17:51:29Z,26.546137,-76.962208,0.13,182.9,1,10,0.8
2024-03-25T17:51:34Z,26.546133,-76.962208,0.31,124.7,1,10,0.8
2024-03-25T17:51:39Z,26.546130,-76.962203,0.31,126.4,1,10,0.8
2024-03-25T17:51:44Z,26.546128,-76.962202,0.20,139.1,1,9,1.0
2024-03-25T17:51:49Z,26.546127,-76.962200,0.22,149.5,1,9,1.0
2024-03-25T17:51:59Z,26.546123,-76.962200,0.12,157.2,1,9,1.0
2024-03-25T17:52:04Z,26.546123,-76.962202,0.11,171.1,1,9,1.0
2024-03-25T17:52:09Z,26.546123,-76.962205,0.09,230.4,1,9,1.0
2024-03-25T17:52:14Z,26.546123,-76.962215,0.17,278.3,1,10,0.8
2024-03-25T17:52:19Z,26.546127,-76.962217,0.10,324.0,1,10,0.8
2024-03-25T17:52:24Z,26.546130,-76.962215,0.12,38.3,1,10,0.8
2024-03-25T17:52:29Z,26.546133,-76.962213,0.24,14.0,1,10,0.8
2024-03-25T17:52:34Z,26.546138,-76.962210,0.13,120.9,1,10,0.8
2024-03-25T17:52:39Z,26.546142,-76.962213,0.07,42.3,1,10,0.8
2024-03-25T17:52:44Z,26.546143,-76.962215,0.11,184.9,1,10,0.8
2024-03-25T17:52:49Z,26.546143,-76.962213,0.12,33.8,1,10,0.8
2024-03-25T17:52:54Z,26.546140,-76.962210,0.31,132.9,1,10,0.8
2024-03-25T17:52:59Z,26.546137,-76.962208,0.22,141.6,1,10,0.8
2024-03-25T17:53:04Z,26.546133,-76.962207,0.24,121.8,1,9,1.0
2024-03-25T17:53:09Z,26.546133,-76.962198,0.53,107.7,1,10,0.8
2024-03-25T17:53:14Z,26.546132,-76.962195,0.49,134.7,1,9,1.0
2024-03-25T17:53:19Z,26.546132,-76.962198,0.11,147.4,1,9,1.0
2024-03-25T17:53:24Z,26.546132,-76.962203,0.14,186.3,1,9,1.0
2024-03-25T17:53:29Z,26.546130,-76.962205,0.12,225.2,1,9,1.0
2024-03-25T17:53:34Z,26.546132,-76.962205,0.06,316.4,1,9,1.0
2024-03-25T17:53:44Z,26.546143,-76.962213,0.05,73.3,1,9,1.0
2024-03-25T17:53:49Z,26.546152,-76.962215,0.17,34.4,1,10,0.8
2024-03-25T17:53:54Z,26.546155,-76.962212,0.05,38.7,1,10,0.8
2024-03-25T17:53:59Z,26.546157,-76.962212,0.14,48.1,1,10,0.8
2024-03-25T17:54:04Z,26.546160,-76.962212,0.16,332.9,1,10,0.8
2024-03-25T17:54:09Z,26.546162,-76.962213,0.14,298.8,1,10,0.8
2024-03-25T17:54:14Z,26.546163,-76.962218,0.15,294.4,1,10,0.8
2024-03-25T17:54:19Z,26.546165,-76.962220,0.15,50.5,1,10,0.8
2024-03-25T17:54:24Z,26.546165,-76.962218,0.07,46.8,1,10,0.8
2024-03-25T17:54:29Z,26.546168,-76.962217,0.19,15.2,1,10,0.8
2024-03-25T17:54:34Z,26.546170,-76.962220,0.18,89.6,1,10,0.8
2024-03-25T17:54:39Z,26.546173,-76.962222,0.07,99.3,1,9,1.0
2024-03-25T17:54:44Z,26.546168,-76.962218,0.22,120.7,1,9,1.0
2024-03-25T17:54:54Z,26.546162,-76.962218,0.09,198.8,1,9,1.0
2024-03-25T17:54:59Z,26.546155,-76.962207,0.39,161.1,1,9,1.0
2024-03-25T17:55:04Z,26.546148,-76.962202,0.25,170.6,1,9,1.0
2024-03-25T17:55:09Z,26.546142,-76.962200,0.24,166.2,1,9,1.0
2024-03-25T17:55:14Z,26.546135,-76.962197,0.12,125.5,1,9,1.0
2024-03-25T17:55:19Z,26.546132,-76.962197,0.06,302.5,1,9,1.0
2024-03-25T17:55:29Z,26.546130,-76.962198,0.15,222.5,1,9,1.0
2024-03-25T17:55:34Z,26.546123,-76.962205,0.14,197.6,1,9,1.0
2024-03-25T17:55:39Z,26.546118,-76.962210,0.15,195.2,1,9,1.0
2024-03-25T17:55:44Z,26.546115,-76.962212,0.24,194.9,1,9,1.0
2024-03-25T17:55:49Z,26.546117,-76.962212,0.17,125.7,1,9,1.0
2024-03-25T17:55:54Z,26.546122,-76.962212,0.17,210.0,1,9,1.0
2024-03-25T17:56:04Z,26.546127,-76.962220,0.28,321.2,1,10,0.8
2024-03-25T17:56:09Z,26.546130,-76.962222,0.12,111.2,1,10,0.8
2024-03-25T17:56:14Z,26.546135,-76.962220,0.18,3.3,1,10,0.8
2024-03-25T17:56:19Z,26.546140,-76.962225,0.18,271.9,1,10,0.8
2024-03-25T17:56:24Z,26.546145,-76.962227,0.15,1.2,1,10,0.8
2024-03-25T17:56:29Z,26.546150,-76.962225,0.17,99.6,1,10,0.8
2024-03-25T17:56:39Z,26.546153,-76.962222,0.06,348.9,1,10,0.8
2024-03-25T17:56:44Z,26.546157,-76.962220,0.10,110.5,1,10,0.8
2024-03-25T17:56:49Z,26.546160,-76.962218,0.07,36.5,1,10,0.8
2024-03-25T17:56:54Z,26.546162,-76.962218,0.13,328.5,1,10,0.8
2024-03-25T17:56:59Z,26.546165,-76.962218,0.08,64.5,1,10,0.8
2024-03-25T17:57:04Z,26.546163,-76.962215,0.33,116.9,1,9,1.0
2024-03-25T17:57:14Z,26.546157,-76.962213,0.11,165.4,1,9,1.0
2024-03-25T17:57:19Z,26.546153,-76.962218,0.37,224.0,1,10,0.8
2024-03-25T17:57:24Z,26.546153,-76.962223,0.32,275.6,1,10,0.8
2024-03-25T17:57:29Z,26.546157,-76.962222,0.05,182.5,1,9,1.0
2024-03-25T17:57:34Z,26.546153,-76.962220,0.45,171.1,1,9,1.0
2024-03-25T17:57:44Z,26.546152,-76.962212,0.27,141.9,1,9,1.0
2024-03-25T17:57:49Z,26.546152,-76.962207,0.26,44.4,1,9,1.0
2024-03-25T17:57:54Z,26.546153,-76.962208,0.11,133.5,1,9,1.0
2024-03-25T17:57:59Z,26.546155,-76.962207,0.05,82.0,1,9,1.0
2024-03-25T17:58:04Z,26.546157,-76.962207,0.21,66.0,1,9,1.0
2024-03-25T17:58:14Z,26.546158,-76.962213,0.06,196.6,1,10,0.8
2024-03-25T17:58:19Z,26.546158,-76.962212,0.10,119.1,1,9,1.0
2024-03-25T17:58:24Z,26.546153,-76.962213,0.12,151.6,1,9,1.0
2024-03-25T17:58:29Z,26.546152,-76.962213,0.28,142.7,1,9,1.0
2024-03-25T17:58:34Z,26.546153,-76.962207,0.38,91.9,1,9,1.0
2024-03-25T17:58:44Z,26.546152,-76.962198,0.24,96.2,1,8,1.4
2024-03-25T17:58:49Z,26.546153,-76.962197,0.04,55.5,1,9,1.0
2024-03-25T17:58:54Z,26.546153,-76.962202,0.09,310.6,1,10,0.8
2024-03-25T17:58:59Z,26.546155,-76.962200,0.16,146.3,1,10,0.8
2024-03-25T17:59:04Z,26.546157,-76.962205,0.11,237.0,1,9,1.0
2024-03-25T17:59:14Z,26.546162,-76.962212,0.07,87.2,1,10,0.8
2024-03-25T17:59:19Z,26.546163,-76.962207,0.17,70.4,1,10,0.8
2024-03-25T17:59:24Z,26.546163,-76.962208,0.09,127.4,1,10,0.8
2024-03-25T17:59:29Z,26.546162,-76.962213,0.05,143.9,1,9,1.0
2024-03-25T17:59:34Z,26.546162,-76.962213,0.11,127.3,1,9,1.0
2024-03-25T17:59:44Z,26.546155,-76.962207,0.15,153.4,1,9,1.0
2024-03-25T17:59:49Z,26.546152,-76.962205,0.20,163.8,1,9,1.0
2024-03-25T17:59:54Z,26.546150,-76.962202,0.29,119.0,1,9,1.0
2024-03-25T17:59:59Z,26.546148,-76.962202,0.06,78.1,1,9,1.0
2024-03-25T18:00:04Z,26.546153,-76.962198,0.19,55.0,1,9,1.0
2024-03-25T18:00:09Z,26.546148,-76.962200,0.13,198.1,1,9,1.0
2024-03-25T18:00:14Z,26.546148,-76.962200,0.23,103.5,1,10,0.8
2024-03-25T18:00:19Z,26.546148,-76.962200,0.14,96.5,1,10,0.8
2024-03-25T18:00:24Z,26.546150,-76.962198,0.01,247.5,1,10,0.8
2024-03-25T18:00:29Z,26.546152,-76.962203,0.12,217.2,1,10,0.8
2024-03-25T18:00:34Z,26.546150,-76.962208,0.07,134.9,1,9,1.0
2024-03-25T18:00:44Z,26.546147,-76.962203,0.22,149.5,1,9,1.0
2024-03-25T18:00:49Z,26.546145,-76.962203,0.19,182.8,1,10,0.8
2024-03-25T18:00:54Z,26.546143,-76.962203,0.24,209.8,1,9,1.0
2024-03-25T18:00:59Z,26.546143,-76.962200,0.32,45.0,1,9,1.0
2024-03-25T18:01:04Z,26.546145,-76.962200,0.18,193.9,1,9,1.0
2024-03-25T18:01:09Z,26.546140,-76.962203,0.31,225.5,1,9,1.0
2024-03-25T18:01:14Z,26.546137,-76.962203,0.24,174.7,1,9,1.0
2024-03-25T18:01:19Z,26.546132,-76.962202,0.32,208.7,1,9,1.0
2024-03-25T18:01:24Z,26.546130,-76.962202,0.14,154.5,1,9,1.0
2024-03-25T18:01:29Z,26.546130,-76.962198,0.10,160.5,1,9,1.0
2024-03-25T18:01:34Z,26.546130,-76.962198,0.06,147.3,1,10,0.8
2024-03-25T18:01:44Z,26.546127,-76.962203,0.18,216.1,1,10,0.8
2024-03-25T18:01:49Z,26.546127,-76.962205,0.05,217.5,1,10,0.8
2024-03-25T18:01:54Z,26.546127,-76.962208,0.08,255.7,1,10,0.8
2024-03-25T18:01:59Z,26.546127,-76.962210,0.19,206.6,1,10,0.8
2024-03-25T18:02:04Z,26.546127,-76.962212,0.14,331.6,1,10,0.8
2024-03-25T18:02:09Z,26.546130,-76.962208,0.19,155.9,1,10,0.8
2024-03-25T18:02:19Z,26.546127,-76.962210,0.44,179.9,1,10,0.8
2024-03-25T18:02:24Z,26.546123,-76.962212,0.29,170.6,1,10,0.8
2024-03-25T18:02:29Z,26.546125,-76.962212,0.17,300.7,1,10,0.8
2024-03-25T18:02:34Z,26.546122,-76.962210,0.12,111.6,1,10,0.8
2024-03-25T18:02:39Z,26.546125,-76.962210,0.08,357.6,1,10,0.8
2024-03-25T18:02:44Z,26.546127,-76.962210,0.27,0.3,1,10,0.8
2024-03-25T18:02:49Z,26.546125,-76.962212,0.05,240.1,1,10,0.8
2024-03-25T18:02:54Z,26.546125,-76.962215,0.21,259.2,1,10,0.8
2024-03-25T18:02:59Z,26.546120,-76.962215,0.25,102.6,1,10,0.8
2024-03-25T18:03:04Z,26.546117,-76.962208,0.39,114.7,1,10,0.8
2024-03-25T18:03:09Z,26.546115,-76.962202,0.25,119.3,1,9,1.0
2024-03-25T18:03:19Z,26.546115,-76.962200,0.21,237.5,1,10,0.8
2024-03-25T18:03:24Z,26.546112,-76.962208,0.17,272.6,1,10,0.8
2024-03-25T18:03:29Z,26.546110,-76.962213,0.38,58.9,1,10,0.8
2024-03-25T18:03:34Z,26.546110,-76.962210,0.15,51.4,1,10,0.8
2024-03-25T18:03:39Z,26.546112,-76.962212,0.06,354.2,1,10,0.8
2024-03-25T18:03:44Z,26.546115,-76.962218,0.07,288.6,1,10,0.8
2024-03-25T18:03:49Z,26.546118,-76.962222,0.06,85.5,2,10,0.8
2024-03-25T18:03:54Z,26.546122,-76.962222,0.18,335.8,2,10,0.8
2024-03-25T18:03:59Z,26.546128,-76.962225,0.13,22.1,2,10,0.8
2024-03-25T18:04:04Z,26.546133,-76.962227,0.15,7.0,2,10,0.8
2024-03-25T18:04:09Z,26.546138,-76.962228,0.18,26.1,2,10,0.8
2024-03-25T18:04:14Z,26.546145,-76.962227,0.25,35.4,2,10,0.8
2024-03-25T18:04:19Z,26.546150,-76.962225,0.19,326.5,1,10,0.8
2024-03-25T18:04:29Z,26.546155,-76.962228,0.47,5.7,1,10,0.8
2024-03-25T18:04:34Z,26.546158,-76.962222,0.14,123.3,1,10,0.8
2024-03-25T18:04:39Z,26.546160,-76.962218,0.06,303.0,1,10,0.8
2024-03-25T18:04:44Z,26.546170,-76.962223,0.15,43.1,1,10,0.8
2024-03-25T18:04:49Z,26.546173,-76.962222,0.24,41.7,1,10,0.8
2024-03-25T18:04:54Z,26.546173,-76.962215,0.24,101.4,1,10,0.8
2024-03-25T18:05:04Z,26.546162,-76.962205,0.79,141.1,1,9,1.0
2024-03-25T18:05:09Z,26.546162,-76.962200,0.28,139.7,1,9,1.0
2024-03-25T18:05:14Z,26.546158,-76.962195,0.26,138.2,1,9,1.0
2024-03-25T18:05:19Z,26.546153,-76.962193,0.23,150.6,1,9,1.0
2024-03-25T18:05:24Z,26.546147,-76.962192,0.31,160.8,1,9,1.0
2024-03-25T18:05:34Z,26.546138,-76.962193,0.16,167.3,1,9,1.0
2024-03-25T18:05:39Z,26.546135,-76.962195,0.09,202.9,1,9,1.0
2024-03-25T18:05:44Z,26.546133,-76.962202,0.43,212.4,1,10,0.8
2024-03-25T18:05:49Z,26.546127,-76.962208,0.58,220.1,1,10,0.8
2024-03-25T18:05:54Z,26.546125,-76.962213,0.32,245.9,1,10,0.8
2024-03-25T18:06:04Z,26.546130,-76.962212,0.16,12.1,1,10,0.8
2024-03-25T18:06:09Z,26.546133,-76.962212,0.12,97.8,1,9,1.0
2024-03-25T18:06:14Z,26.546132,-76.962208,0.22,129.1,1,9,1.0
2024-03-25T18:06:19Z,26.546130,-76.962207,0.19,131.8,1,9,1.0
2024-03-25T18:06:24Z,26.546130,-76.962207,0.08,14.6,1,9,1.0
2024-03-25T18:06:34Z,26.546125,-76.962212,0.30,165.1,1,9,1.0
2024-03-25T18:06:39Z,26.546125,-76.962213,0.21,153.2,1,9,1.0
2024-03-25T18:06:44Z,26.546125,-76.962213,0.17,145.5,1,9,1.0
2024-03-25T18:06:49Z,26.546130,-76.962208,0.16,145.7,1,9,1.0
2024-03-25T18:06:54Z,26.546133,-76.962203,0.13,143.7,1,9,1.0
2024-03-25T18:07:04Z,26.546132,-76.962193,0.22,143.5,1,9,1.0
2024-03-25T18:07:09Z,26.546128,-76.962190,0.37,143.0,1,9,1.0
2024-03-25T18:07:14Z,26.546122,-76.962188,0.36,166.2,1,9,1.0
2024-03-25T18:07:19Z,26.546113,-76.962192,0.23,164.2,1,9,1.0
2024-03-25T18:07:24Z,26.546108,-76.962192,0.33,153.6,1,9,1.0
2024-03-25T18:07:34Z,26.546095,-76.962188,0.22,164.3,1,9,1.0
2024-03-25T18:07:39Z,26.546090,-76.962188,0.13,165.5,1,9,1.0
2024-03-25T18:07:44Z,26.546088,-76.962195,0.16,200.6,1,9,1.0
2024-03-25T18:07:49Z,26.546090,-76.962202,0.24,215.2,1,9,1.0
2024-03-25T18:07:54Z,26.546087,-76.962208,0.20,274.9,1,9,1.0
2024-03-25T18:08:04Z,26.546095,-76.962212,0.27,19.1,1,9,1.0
2024-03-25T18:08:09Z,26.546098,-76.962212,0.08,96.4,1,9,1.0
2024-03-25T18:08:14Z,26.546107,-76.962210,0.19,18.8,1,9,1.0
2024-03-25T18:08:19Z,26.546113,-76.962210,0.16,36.1,1,9,1.0
2024-03-25T18:08:24Z,26.546117,-76.962208,0.06,126.8,1,9,1.0
2024-03-25T18:08:34Z,26.546128,-76.962213,0.16,324.8,1,10,1.0
2024-03-25T18:08:39Z,26.546133,-76.962213,0.21,135.9,1,10,1.0
2024-03-25T18:08:44Z,26.546132,-76.962212,0.16,145.1,1,10,1.0
2024-03-25T18:08:49Z,26.546132,-76.962212,0.16,349.2,1,10,1.0
2024-03-25T18:08:54Z,26.546132,-76.962215,0.26,185.7,1,10,1.0
2024-03-25T18:08:59Z,26.546127,-76.962218,0.26,140.0,1,10,1.0
2024-03-25T18:09:04Z,26.546123,-76.962217,0.40,134.9,1,10,1.0
2024-03-25T18:09:09Z,26.546125,-76.962210,0.33,130.5,1,10,1.0
2024-03-25T18:09:14Z,26.546125,-76.962202,0.25,113.8,1,10,1.0
2024-03-25T18:09:19Z,26.546123,-76.962197,0.14,62.0,1,10,1.0
2024-03-25T18:09:24Z,26.546120,-76.962192,0.03,170.3,1,10,1.0
2024-03-25T18:09:29Z,26.546117,-76.962192,0.15,207.1,1,10,1.0
2024-03-25T18:09:39Z,26.546117,-76.962192,0.11,68.8,1,10,1.0
2024-03-25T18:09:44Z,26.546118,-76.962192,0.06,78.7,1,10,1.0
2024-03-25T18:09:49Z,26.546117,-76.962192,0.07,138.0,1,10,1.0
2024-03-25T18:09:54Z,26.546110,-76.962193,0.40,177.2,1,10,1.0
2024-03-25T18:09:59Z,26.546107,-76.962195,0.26,175.8,1,10,1.0
2024-03-25T18:10:04Z,26.546103,-76.962193,0.25,152.0,1,10,1.0
2024-03-25T18:10:14Z,26.546097,-76.962193,0.28,162.5,1,10,1.0
2024-03-25T18:10:19Z,26.546098,-76.962193,0.12,10.6,1,10,1.0
2024-03-25T18:10:24Z,26.546103,-76.962195,0.13,163.9,1,10,1.0
2024-03-25T18:10:29Z,26.546100,-76.962198,0.22,173.3,1,10,1.0
2024-03-25T18:10:34Z,26.546093,-76.962202,0.26,175.5,1,10,1.0
2024-03-25T18:10:44Z,26.546102,-76.962208,0.08,34.9,1,10,1.0
2024-03-25T18:10:49Z,26.546102,-76.962207,0.11,86.0,1,10,1.0
2024-03-25T18:10:54Z,26.546108,-76.962205,0.20,11.4,1,10,1.0
2024-03-25T18:10:59Z,26.546112,-76.962205,0.23,7.8,1,10,1.0
2024-03-25T18:11:04Z,26.546122,-76.962205,0.25,16.2,1,10,1.0
2024-03-25T18:11:09Z,26.546130,-76.962207,0.11,19.2,1,10,1.0
2024-03-25T18:11:19Z,26.546137,-76.962208,0.08,91.0,1,10,1.0
2024-03-25T18:11:24Z,26.546138,-76.962210,0.02,168.8,1,10,1.0
2024-03-25T18:11:29Z,26.546138,-76.962213,0.09,6.6,1,10,1.0
2024-03-25T18:11:34Z,26.546145,-76.962218,0.21,341.3,1,10,1.0
2024-03-25T18:11:39Z,26.546152,-76.962218,0.12,110.4,1,9,1.0
2024-03-25T18:11:44Z,26.546153,-76.962213,0.21,40.6,1,10,1.0
2024-03-25T18:11:54Z,26.546155,-76.962208,0.14,166.4,1,10,1.0
2024-03-25T18:11:59Z,26.546153,-76.962207,0.08,99.7,1,10,1.0
2024-03-25T18:12:04Z,26.546155,-76.962207,0.05,11.0,1,10,1.0
2024-03-25T18:12:09Z,26.546157,-76.962208,0.05,46.0,1,10,1.0
2024-03-25T18:12:14Z,26.546160,-76.962207,0.14,104.2,1,10,1.0
2024-03-25T18:12:19Z,26.546162,-76.962205,0.20,125.5,1,10,1.0
2024-03-25T18:12:29Z,26.546148,-76.962202,0.33,165.3,1,10,1.0
2024-03-25T18:12:34Z,26.546145,-76.962202,0.26,144.8,1,9,1.0
2024-03-25T18:12:39Z,26.546148,-76.962200,0.22,49.0,1,10,1.0
2024-03-25T18:12:44Z,26.546145,-76.962197,0.20,156.1,1,10,1.0
2024-03-25T18:12:49Z,26.546140,-76.962197,0.14,187.2,1,10,1.0
2024-03-25T18:12:54Z,26.546135,-76.962200,0.22,299.3,1,10,1.0
2024-03-25T18:13:04Z,26.546127,-76.962207,0.03,151.5,1,10,1.0
2024-03-25T18:13:09Z,26.546130,-76.962207,0.15,34.7,1,10,1.0
2024-03-25T18:13:14Z,26.546137,-76.962205,0.15,40.4,1,10,1.0
2024-03-25T18:13:19Z,26.546137,-76.962202,0.20,150.6,1,10,1.0
2024-03-25T18:13:24Z,26.546137,-76.962202,0.13,23.9,1,10,1.0
2024-03-25T18:13:34Z,26.546128,-76.962200,0.31,154.3,1,10,1.0
2024-03-25T18:13:39Z,26.546122,-76.962197,0.24,99.6,1,10,1.0
2024-03-25T18:13:44Z,26.546118,-76.962190,0.57,137.5,1,10,1.0
2024-03-25T18:13:49Z,26.546108,-76.962183,0.37,133.0,1,10,1.0
2024-03-25T18:13:54Z,26.546098,-76.962175,0.34,151.4,1,10,1.0
2024-03-25T18:13:59Z,26.546088,-76.962175,0.20,192.6,1,10,1.0
2024-03-25T18:14:04Z,26.546083,-76.962178,0.20,192.5,1,10,1.0
2024-03-25T18:14:09Z,26.546080,-76.962180,0.23,187.6,1,10,1.0
2024-03-25T18:14:14Z,26.546082,-76.962182,0.10,190.8,1,10,1.0
2024-03-25T18:14:19Z,26.546083,-76.962187,0.19,278.8,1,10,1.0
2024-03-25T18:14:24Z,26.546082,-76.962190,0.15,246.6,1,10,1.0
2024-03-25T18:14:29Z,26.546085,-76.962193,0.13,172.8,1,10,1.0
2024-03-25T18:14:34Z,26.546083,-76.962193,0.13,140.6,1,10,1.0
2024-03-25T18:14:44Z,26.546080,-76.962193,0.09,89.7,1,10,1.0
2024-03-25T18:14:49Z,26.546082,-76.962193,0.09,93.5,1,10,1.0
2024-03-25T18:14:54Z,26.546082,-76.962193,0.10,3.6,1,10,1.0
2024-03-25T18:14:59Z,26.546083,-76.962193,0.13,350.0,1,10,1.0
2024-03-25T18:15:04Z,26.546083,-76.962193,0.04,329.8,1,10,1.0
2024-03-25T18:15:14Z,26.546088,-76.962197,0.12,336.9,1,10,1.0
2024-03-25T18:15:19Z,26.546092,-76.962198,0.05,84.4,1,10,1.0
2024-03-25T18:15:24Z,26.546095,-76.962198,0.09,35.2,1,10,1.0
2024-03-25T18:15:29Z,26.546100,-76.962198,0.12,20.4,1,10,1.0
2024-03-25T18:15:34Z,26.546103,-76.962200,0.37,5.9,1,10,1.0
2024-03-25T18:15:39Z,26.546113,-76.962203,0.19,31.4,1,10,1.0
2024-03-25T18:15:49Z,26.546115,-76.962207,0.07,121.8,1,10,1.0
2024-03-25T18:15:54Z,26.546120,-76.962205,0.18,45.4,1,10,1.0
2024-03-25T18:15:59Z,26.546125,-76.962198,0.33,45.7,1,10,1.0
2024-03-25T18:16:04Z,26.546125,-76.962193,0.30,133.7,1,10,1.0
2024-03-25T18:16:09Z,26.546125,-76.962192,0.14,131.8,1,10,1.0
2024-03-25T18:16:14Z,26.546125,-76.962193,0.09,89.9,1,10,1.0
2024-03-25T18:16:24Z,26.546120,-76.962195,0.21,156.8,1,10,1.0
2024-03-25T18:16:29Z,26.546118,-76.962195,0.25,148.7,1,10,1.0
2024-03-25T18:16:34Z,26.546118,-76.962193,0.13,71.4,1,10,1.0
2024-03-25T18:16:39Z,26.546117,-76.962195,0.08,75.2,1,10,1.0
2024-03-25T18:16:44Z,26.546115,-76.962193,0.40,177.5,1,10,1.0
2024-03-25T18:16:54Z,26.546103,-76.962195,0.26,156.0,1,10,1.0
2024-03-25T18:16:59Z,26.546100,-76.962195,0.20,159.3,1,9,1.0
2024-03-25T18:17:04Z,26.546100,-76.962195,0.14,177.8,1,10,1.0
2024-03-25T18:17:09Z,26.546098,-76.962200,0.15,232.6,1,10,1.0
2024-03-25T18:17:14Z,26.546098,-76.962203,0.08,190.8,1,10,1.0
2024-03-25T18:17:19Z,26.546098,-76.962203,0.13,59.6,1,10,1.0
2024-03-25T18:17:24Z,26.546103,-76.962203,0.17,21.4,1,10,1.0
2024-03-25T18:17:29Z,26.546105,-76.962203,0.09,85.2,1,10,1.0
2024-03-25T18:17:34Z,26.546103,-76.962202,0.11,112.4,1,10,1.0
2024-03-25T18:17:39Z,26.546103,-76.962203,0.06,36.0,1,10,1.0
2024-03-25T18:17:44Z,26.546107,-76.962205,0.04,81.2,1,10,1.0
2024-03-25T18:17:54Z,26.546108,-76.962202,0.03,327.6,1,10,1.0
2024-03-25T18:17:59Z,26.546108,-76.962202,0.07,31.8,1,10,1.0
2024-03-25T18:18:04Z,26.546115,-76.962202,0.16,141.3,1,10,1.0
2024-03-25T18:18:09Z,26.546115,-76.962200,0.13,106.5,1,9,1.0
2024-03-25T18:18:14Z,26.546117,-76.962198,0.17,110.4,1,10,1.0
2024-03-25T18:18:19Z,26.546108,-76.962197,0.21,156.0,1,10,1.0
2024-03-25T18:18:24Z,26.546107,-76.962195,0.13,128.8,1,10,1.0
2024-03-25T18:18:29Z,26.546107,-76.962195,0.14,19.9,1,10,1.0
2024-03-25T18:18:34Z,26.546103,-76.962195,0.12,160.9,1,10,1.0
2024-03-25T18:18:39Z,26.546103,-76.962197,0.28,164.3,1,10,1.0
2024-03-25T18:18:44Z,26.546103,-76.962197,0.10,174.5,1,10,1.0
2024-03-25T18:18:49Z,26.546103,-76.962198,0.11,163.3,1,10,1.0
2024-03-25T18:18:59Z,26.546108,-76.962200,0.14,8.6,1,10,1.0
2024-03-25T18:19:04Z,26.546108,-76.962202,0.16,176.3,1,10,1.0
2024-03-25T18:19:09Z,26.546108,-76.962205,0.11,230.6,1,10,1.0
2024-03-25T18:19:14Z,26.546108,-76.962207,0.04,33.6,1,9,1.0
2024-03-25T18:19:19Z,26.546110,-76.962207,0.08,57.9,1,9,1.0
2024-03-25T18:19:24Z,26.546113,-76.962205,0.08,76.2,1,9,1.0
2024-03-25T18:19:34Z,26.546118,-76.962205,0.12,23.9,1,10,1.0
2024-03-25T18:19:39Z,26.546120,-76.962205,0.08,145.0,1,10,1.0
2024-03-25T18:19:44Z,26.546122,-76.962205,0.11,94.1,1,10,1.0
2024-03-25T18:19:49Z,26.546118,-76.962203,0.27,139.4,1,9,1.0
2024-03-25T18:19:54Z,26.546113,-76.962200,0.26,146.2,1,10,1.0
2024-03-25T18:19:59Z,26.546112,-76.962198,0.04,104.6,1,10,1.0
2024-03-25T18:20:09Z,26.546117,-76.962200,0.08,135.9,1,10,1.0
2024-03-25T18:20:14Z,26.546117,-76.962202,0.13,155.3,1,10,1.0
2024-03-25T18:20:19Z,26.546115,-76.962203,0.10,191.3,1,10,1.0
2024-03-25T18:20:24Z,26.546118,-76.962205,0.23,30.1,1,10,1.0
2024-03-25T18:20:29Z,26.546123,-76.962203,0.17,81.5,1,10,1.0
2024-03-25T18:20:34Z,26.546125,-76.962203,0.22,169.9,1,10,1.0
2024-03-25T18:20:39Z,26.546127,-76.962203,0.17,32.1,1,10,1.0
2024-03-25T18:20:44Z,26.546130,-76.962202,0.17,44.3,1,10,1.0
2024-03-25T18:20:49Z,26.546130,-76.962203,0.11,163.1,1,10,1.0
2024-03-25T18:20:54Z,26.546130,-76.962203,0.12,137.0,1,10,1.0
2024-03-25T18:20:59Z,26.546128,-76.962203,0.10,73.3,1,10,1.0
2024-03-25T18:21:04Z,26.546128,-76.962202,0.24,144.4,1,10,1.0
2024-03-25T18:21:09Z,26.546127,-76.962198,0.25,129.5,1,10,1.0
2024-03-25T18:21:19Z,26.546117,-76.962197,0.14,127.0,2,10,1.0
2024-03-25T18:21:24Z,26.546117,-76.962193,0.14,53.1,2,10,1.0
2024-03-25T18:21:29Z,26.546117,-76.962193,0.11,128.9,2,10,1.0
2024-03-25T18:21:34Z,26.546115,-76.962192,0.12,141.9,2,10,1.0
2024-03-25T18:21:39Z,26.546113,-76.962193,0.10,175.4,2,10,1.0
2024-03-25T18:21:44Z,26.546113,-76.962195,0.11,165.1,2,10,1.0
2024-03-25T18:21:54Z,26.546112,-76.962200,0.08,321.4,2,10,1.0
2024-03-25T18:21:59Z,26.546112,-76.962203,0.10,174.6,1,10,1.0
2024-03-25T18:22:04Z,26.546115,-76.962205,0.28,343.8,1,10,1.0
2024-03-25T18:22:09Z,26.546123,-76.962207,0.08,26.4,1,9,1.0
2024-03-25T18:22:14Z,26.546122,-76.962207,0.06,161.6,1,9,1.0
2024-03-25T18:22:19Z,26.546120,-76.962207,0.11,90.6,1,9,1.0
2024-03-25T18:22:29Z,26.546118,-76.962203,0.12,71.0,1,9,1.0
2024-03-25T18:22:34Z,26.546117,-76.962202,0.22,163.6,1,9,1.0
2024-03-25T18:22:39Z,26.546115,-76.962202,0.09,149.9,1,9,1.0
2024-03-25T18:22:44Z,26.546115,-76.962200,0.07,52.6,1,10,1.0
2024-03-25T18:22:49Z,26.546113,-76.962202,0.59,187.1,1,10,1.0
2024-03-25T18:22:54Z,26.546113,-76.962202,0.12,166.1,1,10,1.0
2024-03-25T18:22:59Z,26.546105,-76.962203,0.11,146.6,1,10,1.0
2024-03-25T18:23:04Z,26.546105,-76.962203,0.11,145.9,1,9,1.0
2024-03-25T18:23:09Z,26.546103,-76.962202,0.27,164.5,1,10,1.0
2024-03-25T18:23:14Z,26.546102,-76.962200,0.17,152.0,1,10,1.0
2024-03-25T18:23:19Z,26.546098,-76.962197,0.19,101.0,1,10,1.0
2024-03-25T18:23:24Z,26.546098,-76.962195,0.13,51.4,1,10,1.0
2024-03-25T18:23:29Z,26.546100,-76.962197,0.06,89.0,1,10,1.0
2024-03-25T18:23:39Z,26.546102,-76.962208,0.19,266.9,1,10,1.0
2024-03-25T18:23:44Z,26.546110,-76.962210,0.17,28.3,1,10,1.0
2024-03-25T18:23:49Z,26.546112,-76.962202,0.28,38.1,1,10,1.0
2024-03-25T18:23:54Z,26.546112,-76.962200,0.22,7.5,1,10,1.0
2024-03-25T18:23:59Z,26.546112,-76.962203,0.24,234.3,1,10,1.0
2024-03-25T18:24:04Z,26.546112,-76.962205,0.15,125.6,1,10,1.0
2024-03-25T18:24:09Z,26.546110,-76.962203,0.24,123.9,1,10,1.0
2024-03-25T18:24:14Z,26.546112,-76.962203,0.12,142.1,1,10,1.0
2024-03-25T18:24:19Z,26.546112,-76.962203,0.06,19.9,1,10,1.0
2024-03-25T18:24:24Z,26.546112,-76.962207,0.24,197.2,1,10,1.0
2024-03-25T18:24:29Z,26.546115,-76.962205,0.18,147.4,1,10,1.0
2024-03-25T18:24:34Z,26.546110,-76.962202,0.19,95.2,1,10,1.0
2024-03-25T18:24:39Z,26.546110,-76.962200,0.10,120.5,1,10,1.0
2024-03-25T18:24:49Z,26.546113,-76.962202,0.10,351.0,1,10,1.0
2024-03-25T18:24:54Z,26.546117,-76.962202,0.10,53.4,1,10,1.0
2024-03-25T18:24:59Z,26.546120,-76.962200,0.15,85.3,1,10,1.0
2024-03-25T18:25:04Z,26.546120,-76.962198,0.10,96.6,1,10,1.0
2024-03-25T18:25:09Z,26.546125,-76.962197,0.04,91.6,1,10,1.0
2024-03-25T18:25:14Z,26.546127,-76.962197,0.07,93.6,1,10,1.0
2024-03-25T18:25:19Z,26.546125,-76.962195,0.21,149.6,1,10,1.0
2024-03-25T18:25:24Z,26.546122,-76.962195,0.19,147.9,1,10,1.0
2024-03-25T18:25:29Z,26.546122,-76.962195,0.10,105.5,1,10,1.0
2024-03-25T18:25:34Z,26.546123,-76.962197,0.07,153.9,1,10,1.0
2024-03-25T18:25:39Z,26.546123,-76.962200,0.08,234.4,1,10,1.0
2024-03-25T18:25:44Z,26.546127,-76.962202,0.04,20.3,1,10,1.0
2024-03-25T18:25:49Z,26.546128,-76.962202,0.11,105.9,1,10,1.0
2024-03-25T18:25:59Z,26.546127,-76.962197,0.35,160.2,1,9,1.0
2024-03-25T18:26:04Z,26.546120,-76.962197,0.27,139.6,1,10,1.0
2024-03-25T18:26:09Z,26.546113,-76.962190,0.57,143.1,1,10,1.0
2024-03-25T18:26:14Z,26.546107,-76.962185,0.54,146.7,1,10,1.0
2024-03-25T18:26:19Z,26.546100,-76.962180,0.33,151.6,1,10,1.0
2024-03-25T18:26:24Z,26.546093,-76.962180,0.32,167.7,1,10,1.0
2024-03-25T18:26:29Z,26.546095,-76.962182,0.15,188.9,1,10,1.0
2024-03-25T18:26:34Z,26.546092,-76.962187,0.41,204.0,1,9,1.0
2024-03-25T18:26:39Z,26.546090,-76.962195,0.38,238.4,1,10,1.0
2024-03-25T18:26:44Z,26.546092,-76.962203,0.18,342.4,1,10,1.0
2024-03-25T18:26:49Z,26.546097,-76.962203,0.03,119.5,1,10,1.0
2024-03-25T18:26:54Z,26.546100,-76.962202,0.13,36.9,1,10,1.0
2024-03-25T18:26:59Z,26.546102,-76.962202,0.20,4.8,1,9,1.0
2024-03-25T18:27:04Z,26.546107,-76.962200,0.24,41.6,1,10,1.0
2024-03-25T18:27:09Z,26.546112,-76.962198,0.02,26.7,1,9,1.0
2024-03-25T18:27:14Z,26.546115,-76.962200,0.36,354.7,1,10,1.0
2024-03-25T18:27:19Z,26.546115,-76.962200,0.28,150.7,1,10,1.0
2024-03-25T18:27:24Z,26.546112,-76.962200,0.10,188.0,1,10,1.0
2024-03-25T18:27:29Z,26.546113,-76.962205,0.02,38.0,1,10,1.0
2024-03-25T18:27:34Z,26.546117,-76.962207,0.18,0.3,1,10,1.0
2024-03-25T18:27:44Z,26.546118,-76.962202,0.28,127.8,1,10,1.0
2024-03-25T18:27:49Z,26.546118,-76.962198,0.19,117.8,1,10,1.0
2024-03-25T18:27:54Z,26.546115,-76.962198,0.05,178.8,1,10,1.0
2024-03-25T18:27:59Z,26.546118,-76.962198,0.05,38.5,1,10,1.0
2024-03-25T18:28:04Z,26.546122,-76.962200,0.11,51.2,1,10,1.0
2024-03-25T18:28:09Z,26.546122,-76.962202,0.24,193.5,1,10,1.0
2024-03-25T18:28:14Z,26.546123,-76.962203,0.11,22.8,1,10,1.0
2024-03-25T18:28:19Z,26.546123,-76.962202,0.12,123.8,1,9,1.1
2024-03-25T18:28:24Z,26.546123,-76.962200,0.18,155.5,1,10,1.0
2024-03-25T18:28:29Z,26.546125,-76.962198,0.06,79.3,1,10,1.0
2024-03-25T18:28:34Z,26.546127,-76.962198,0.13,12.7,1,10,1.0
2024-03-25T18:28:39Z,26.546128,-76.962198,0.03,93.5,1,10,1.0
2024-03-25T18:28:44Z,26.546125,-76.962203,0.10,359.8,1,10,1.0
2024-03-25T18:28:54Z,26.546125,-76.962202,0.23,151.6,1,8,1.1
2024-03-25T18:28:59Z,26.546125,-76.962200,0.15,108.2,1,8,1.1
2024-03-25T18:29:04Z,26.546125,-76.962198,0.14,76.6,1,9,1.1
2024-03-25T18:29:09Z,26.546127,-76.962197,0.15,122.7,1,9,1.1
2024-03-25T18:29:14Z,26.546127,-76.962193,0.39,157.0,1,9,1.1
2024-03-25T18:29:19Z,26.546133,-76.962195,0.22,149.5,1,9,1.1
2024-03-25T18:29:29Z,26.546140,-76.962195,0.08,161.0,1,9,1.1
2024-03-25T18:29:34Z,26.546135,-76.962193,0.03,325.9,1,9,1.1
2024-03-25T18:29:39Z,26.546130,-76.962193,0.32,192.4,1,9,1.1
2024-03-25T18:29:44Z,26.546132,-76.962193,0.05,65.8,1,8,1.1
2024-03-25T18:29:49Z,26.546130,-76.962195,0.06,32.1,1,9,1.1
2024-03-25T18:29:54Z,26.546132,-76.962198,0.11,324.4,1,9,1.1
2024-03-25T18:30:04Z,26.546138,-76.962200,0.09,103.2,1,8,1.1
2024-03-25T18:30:09Z,26.546138,-76.962198,0.17,95.2,1,8,1.1
2024-03-25T18:30:14Z,26.546138,-76.962195,0.18,128.6,1,8,1.1
2024-03-25T18:30:19Z,26.546133,-76.962197,0.20,161.6,1,9,1.1
2024-03-25T18:30:24Z,26.546130,-76.962197,0.19,158.3,1,9,1.1
2024-03-25T18:30:29Z,26.546128,-76.962198,0.24,185.2,1,9,1.1
2024-03-25T18:30:39Z,26.546127,-76.962202,0.13,184.1,1,9,1.1
2024-03-25T18:30:44Z,26.546125,-76.962202,0.13,142.5,1,9,1.1
2024-03-25T18:30:49Z,26.546133,-76.962197,0.16,134.5,1,9,1.1
2024-03-25T18:30:54Z,26.546135,-76.962193,0.33,173.9,1,9,1.1
2024-03-25T18:30:59Z,26.546140,-76.962193,0.06,189.9,1,9,1.1
2024-03-25T18:31:04Z,26.546137,-76.962197,0.07,220.8,1,9,1.1
2024-03-25T18:31:14Z,26.546133,-76.962198,0.23,145.7,1,9,1.1
2024-03-25T18:31:19Z,26.546133,-76.962198,0.02,154.1,1,9,1.1
2024-03-25T18:31:24Z,26.546132,-76.962202,0.13,18.2,1,9,1.1
2024-03-25T18:31:29Z,26.546133,-76.962202,0.20,59.6,1,9,1.1
2024-03-25T18:31:34Z,26.546133,-76.962197,0.23,100.5,1,9,1.1
2024-03-25T18:31:39Z,26.546133,-76.962193,0.19,62.3,1,9,1.1
2024-03-25T18:31:49Z,26.546133,-76.962193,0.05,102.5,1,9,1.1
2024-03-25T18:31:54Z,26.546132,-76.962193,0.11,161.4,1,9,1.1
2024-03-25T18:31:59Z,26.546130,-76.962197,0.12,194.8,1,9,1.1
2024-03-25T18:32:04Z,26.546130,-76.962198,0.17,167.3,1,9,1.1
2024-03-25T18:32:09Z,26.546128,-76.962197,0.26,42.0,1,9,1.1
2024-03-25T18:32:14Z,26.546132,-76.962193,0.26,95.1,1,9,1.1
2024-03-25T18:32:24Z,26.546128,-76.962180,0.30,138.2,1,9,1.1
2024-03-25T18:32:29Z,26.546123,-76.962178,0.30,241.2,1,9,1.1
2024-03-25T18:32:34Z,26.546118,-76.962170,0.02,125.4,1,9,1.1
2024-03-25T18:32:39Z,26.546117,-76.962173,0.44,143.5,1,9,1.1
2024-03-25T18:32:44Z,26.546113,-76.962170,0.24,121.9,1,9,1.1
2024-03-25T18:32:49Z,26.546115,-76.962167,0.30,142.7,1,9,1.1
2024-03-25T18:32:59Z,26.546107,-76.962170,0.26,196.9,1,9,1.1
2024-03-25T18:33:04Z,26.546103,-76.962175,0.37,156.9,1,9,1.1
2024-03-25T18:33:09Z,26.546100,-76.962175,0.18,78.7,1,9,1.1
2024-03-25T18:33:14Z,26.546098,-76.962177,0.15,118.2,1,9,1.1
2024-03-25T18:33:19Z,26.546093,-76.962175,0.19,159.0,1,9,1.1
2024-03-25T18:33:24Z,26.546088,-76.962177,0.13,153.9,1,9,1.1
2024-03-25T18:33:29Z,26.546082,-76.962178,0.13,154.2,1,9,1.1
2024-03-25T18:33:34Z,26.546073,-76.962180,0.12,131.4,1,9,1.1
2024-03-25T18:33:39Z,26.546072,-76.962178,0.09,61.0,1,9,1.1
2024-03-25T18:33:44Z,26.546063,-76.962180,0.15,106.5,1,9,1.1
2024-03-25T18:33:49Z,26.546060,-76.962180,0.19,157.4,1,9,1.1
2024-03-25T18:33:54Z,26.546058,-76.962180,0.04,6.2,1,9,1.1
2024-03-25T18:33:59Z,26.546067,-76.962182,0.14,5.4,1,9,1.1
2024-03-25T18:34:09Z,26.546068,-76.962178,0.05,138.5,1,8,1.1
2024-03-25T18:34:14Z,26.546067,-76.962175,0.17,77.0,1,8,1.1
2024-03-25T18:34:19Z,26.546063,-76.962173,0.25,15.4,1,8,1.1
2024-03-25T18:34:24Z,26.546062,-76.962178,0.09,257.6,1,8,1.1
2024-03-25T18:34:29Z,26.546062,-76.962185,0.39,182.7,1,8,1.1
2024-03-25T18:34:34Z,26.546067,-76.962185,0.13,127.8,1,8,1.1
2024-03-25T18:34:44Z,26.546065,-76.962180,0.18,80.2,1,9,1.1
2024-03-25T18:34:49Z,26.546065,-76.962178,0.11,50.4,1,9,1.1
2024-03-25T18:34:54Z,26.546063,-76.962180,0.07,139.7,1,8,1.1
2024-03-25T18:34:59Z,26.546063,-76.962183,0.12,170.7,1,8,1.1
2024-03-25T18:35:04Z,26.546062,-76.962187,0.15,180.4,1,9,1.1
2024-03-25T18:35:09Z,26.546063,-76.962187,0.09,121.7,1,9,1.1
2024-03-25T18:35:19Z,26.546065,-76.962185,0.09,39.1,1,9,1.1
2024-03-25T18:35:24Z,26.546065,-76.962185,0.15,162.1,1,9,1.1
2024-03-25T18:35:29Z,26.546062,-76.962187,0.37,195.0,1,9,1.1
2024-03-25T18:35:34Z,26.546058,-76.962190,0.30,178.7,1,9,1.1
2024-03-25T18:35:39Z,26.546053,-76.962190,0.11,145.4,1,9,1.1
2024-03-25T18:35:44Z,26.546053,-76.962190,0.18,157.7,1,9,1.1
2024-03-25T18:35:54Z,26.546072,-76.962183,0.19,146.7,1,9,1.1
2024-03-25T18:35:59Z,26.546072,-76.962182,0.35,149.0,1,9,1.1
2024-03-25T18:36:04Z,26.546077,-76.962180,0.17,76.1,1,8,1.1
2024-03-25T18:36:09Z,26.546077,-76.962180,0.11,11.5,1,9,1.1
2024-03-25T18:36:14Z,26.546075,-76.962180,0.08,105.3,1,9,1.1
2024-03-25T18:36:19Z,26.546072,-76.962182,0.24,162.2,1,9,1.1
2024-03-25T18:36:24Z,26.546068,-76.962183,0.12,176.4,1,8,1.1
2024-03-25T18:36:29Z,26.546065,-76.962187,0.12,213.6,1,8,1.1
2024-03-25T18:36:34Z,26.546062,-76.962192,0.42,196.9,1,9,1.1
2024-03-25T18:36:39Z,26.546060,-76.962193,0.22,163.2,1,9,1.1
2024-03-25T18:36:44Z,26.546060,-76.962192,0.21,82.1,1,9,1.1
2024-03-25T18:36:49Z,26.546062,-76.962190,0.12,120.8,1,9,1.1
2024-03-25T18:36:54Z,26.546060,-76.962190,0.01,345.9,1,9,1.1
2024-03-25T18:37:04Z,26.546073,-76.962195,0.13,200.5,1,8,1.1
2024-03-25T18:37:09Z,26.546073,-76.962197,0.19,349.7,1,8,1.1
2024-03-25T18:37:14Z,26.546077,-76.962200,0.06,318.5,1,8,1.1
2024-03-25T18:37:19Z,26.546080,-76.962202,0.19,18.6,1,8,1.1
2024-03-25T18:37:24Z,26.546092,-76.962200,0.29,12.5,1,9,1.1
2024-03-25T18:37:29Z,26.546098,-76.962202,0.29,17.1,1,9,1.1
2024-03-25T18:37:39Z,26.546098,-76.962207,0.13,178.5,1,9,1.1
2024-03-25T18:37:44Z,26.546097,-76.962208,0.13,6.1,1,9,1.1
2024-03-25T18:37:49Z,26.546098,-76.962208,0.11,112.4,1,8,1.1
2024-03-25T18:37:54Z,26.546105,-76.962210,0.15,2.9,1,9,1.1
2024-03-25T18:37:59Z,26.546110,-76.962212,0.23,18.9,1,9,1.1
2024-03-25T18:38:04Z,26.546115,-76.962212,0.10,48.0,1,9,1.1
2024-03-25T18:38:14Z,26.546123,-76.962210,0.35,6.7,1,9,1.1
2024-03-25T18:38:19Z,26.546123,-76.962210,0.09,10.1,1,9,1.1
2024-03-25T18:38:24Z,26.546127,-76.962210,0.07,46.5,1,9,1.1
2024-03-25T18:38:29Z,26.546128,-76.962210,0.10,138.2,1,9,1.1
2024-03-25T18:38:34Z,26.546143,-76.962208,0.22,50.8,1,9,1.1
2024-03-25T18:38:39Z,26.546147,-76.962212,0.18,163.6,1,9,1.1
2024-03-25T18:38:49Z,26.546142,-76.962203,0.64,139.3,1,9,1.1
2024-03-25T18:38:54Z,26.546143,-76.962200,0.11,333.7,1,9,1.1
2024-03-25T18:38:59Z,26.546147,-76.962200,0.15,118.9,1,9,1.1
2024-03-25T18:39:04Z,26.546147,-76.962197,0.17,62.3,1,9,1.1
2024-03-25T18:39:09Z,26.546148,-76.962192,0.23,49.6,1,9,1.1
2024-03-25T18:39:14Z,26.546147,-76.962190,0.26,183.7,1,9,1.1
2024-03-25T18:39:24Z,26.546150,-76.962190,0.23,173.7,1,9,1.1
2024-03-25T18:39:29Z,26.546148,-76.962192,0.20,162.9,1,9,1.1
2024-03-25T18:39:34Z,26.546152,-76.962193,0.10,322.7,1,9,1.1
2024-03-25T18:39:39Z,26.546155,-76.962195,0.22,152.0,1,9,1.1
2024-03-25T18:39:44Z,26.546153,-76.962190,0.28,158.2,1,9,1.1
2024-03-25T18:39:49Z,26.546150,-76.962190,0.16,139.2,1,9,1.1
2024-03-25T18:39:59Z,26.546152,-76.962197,0.65,351.3,1,9,1.1
2024-03-25T18:40:04Z,26.546153,-76.962202,0.23,292.2,1,9,1.1
2024-03-25T18:40:09Z,26.546150,-76.962205,0.30,306.6,1,9,1.1
2024-03-25T18:40:14Z,26.546153,-76.962207,0.21,304.8,1,9,1.1
2024-03-25T18:40:19Z,26.546158,-76.962205,0.23,122.0,1,9,1.1
2024-03-25T18:40:24Z,26.546162,-76.962200,0.17,90.9,1,9,1.1
2024-03-25T18:40:34Z,26.546163,-76.962192,0.29,122.4,1,9,1.1
2024-03-25T18:40:39Z,26.546165,-76.962192,0.16,158.0,1,9,1.1
2024-03-25T18:40:44Z,26.546163,-76.962195,0.20,272.5,1,9,1.1
2024-03-25T18:40:49Z,26.546158,-76.962198,0.06,139.0,1,9,1.1
2024-03-25T18:40:54Z,26.546158,-76.962193,0.04,97.5,1,9,1.1
2024-03-25T18:40:59Z,26.546165,-76.962190,0.20,134.3,1,9,1.1
2024-03-25T18:41:09Z,26.546165,-76.962190,0.32,92.4,1,9,1.1
2024-03-25T18:41:14Z,26.546162,-76.962190,0.36,179.3,1,9,1.1
2024-03-25T18:41:19Z,26.546152,-76.962195,0.32,197.4,1,9,1.1
2024-03-25T18:41:24Z,26.546155,-76.962195,0.20,128.3,1,9,1.1
2024-03-25T18:41:29Z,26.546153,-76.962195,0.06,104.8,1,9,1.1
2024-03-25T18:41:34Z,26.546153,-76.962195,0.08,245.1,1,9,1.1
2024-03-25T18:41:44Z,26.546152,-76.962200,0.11,110.1,1,9,1.1
2024-03-25T18:41:49Z,26.546152,-76.962203,0.18,271.1,1,9,1.1
2024-03-25T18:41:54Z,26.546153,-76.962205,0.16,43.5,1,9,1.1
2024-03-25T18:41:59Z,26.546155,-76.962203,0.21,78.4,1,9,1.1
2024-03-25T18:42:04Z,26.546155,-76.962200,0.13,71.8,1,9,1.1
2024-03-25T18:42:09Z,26.546155,-76.962198,0.12,106.5,1,9,1.1
2024-03-25T18:42:19Z,26.546157,-76.962197,0.29,19.8,1,9,1.1
2024-03-25T18:42:24Z,26.546158,-76.962195,0.28,150.7,1,9,1.1
2024-03-25T18:42:29Z,26.546155,-76.962193,0.11,135.0,1,9,1.1
2024-03-25T18:42:34Z,26.546152,-76.962195,0.21,174.6,1,9,1.1
2024-03-25T18:42:39Z,26.546148,-76.962195,0.37,169.9,1,9,1.1
2024-03-25T18:42:44Z,26.546145,-76.962195,0.23,100.2,1,9,1.1
2024-03-25T18:42:54Z,26.546147,-76.962193,0.09,72.0,1,9,1.1
2024-03-25T18:42:59Z,26.546147,-76.962193,0.08,37.0,1,9,1.1
2024-03-25T18:43:04Z,26.546153,-76.962193,0.04,282.8,1,9,1.1
2024-03-25T18:43:09Z,26.546158,-76.962193,0.34,11.4,1,9,1.1
2024-03-25T18:43:14Z,26.546160,-76.962195,0.18,175.7,1,9,1.1
2024-03-25T18:43:19Z,26.546157,-76.962197,0.31,174.1,1,9,1.1
2024-03-25T18:43:29Z,26.546155,-76.962198,0.19,113.6,1,9,1.1
2024-03-25T18:43:34Z,26.546153,-76.962193,0.14,108.9,1,9,1.1
2024-03-25T18:43:39Z,26.546152,-76.962190,0.19,133.6,1,9,1.1
2024-03-25T18:43:44Z,26.546150,-76.962187,0.17,193.9,1,9,1.1
2024-03-25T18:43:49Z,26.546148,-76.962188,0.23,182.7,1,9,1.1
2024-03-25T18:43:54Z,26.546145,-76.962195,0.06,272.0,1,9,1.1
2024-03-25T18:44:04Z,26.546147,-76.962200,0.14,342.1,1,9,1.1
2024-03-25T18:44:09Z,26.546150,-76.962203,0.22,205.8,1,9,1.1
2024-03-25T18:44:14Z,26.546157,-76.962203,0.31,167.7,1,9,1.1
2024-03-25T18:44:19Z,26.546155,-76.962203,0.20,81.2,1,9,1.1
2024-03-25T18:44:24Z,26.546158,-76.962202,0.14,44.4,1,9,1.1
2024-03-25T18:44:29Z,26.546160,-76.962200,0.12,2.4,1,9,1.1
2024-03-25T18:44:39Z,26.546158,-76.962202,0.45,179.9,1,9,1.1
2024-03-25T18:44:44Z,26.546158,-76.962208,0.16,222.9,1,9,1.1
2024-03-25T18:44:49Z,26.546172,-76.962205,0.14,134.0,1,9,1.1
2024-03-25T18:44:54Z,26.546177,-76.962200,0.30,259.0,1,9,1.1
2024-03-25T18:44:59Z,26.546177,-76.962200,0.17,218.1,1,9,1.1
2024-03-25T18:45:04Z,26.546175,-76.962197,0.08,158.8,1,9,1.1
2024-03-25T18:45:14Z,26.546168,-76.962188,0.40,159.1,1,9,1.1
2024-03-25T18:45:19Z,26.546163,-76.962188,0.25,148.6,1,8,1.1
2024-03-25T18:45:24Z,26.546162,-76.962187,0.15,130.8,1,9,1.1
2024-03-25T18:45:29Z,26.546157,-76.962192,0.06,164.0,1,9,1.1
2024-03-25T18:45:34Z,26.546157,-76.962193,0.11,26.2,1,9,1.1
2024-03-25T18:45:39Z,26.546158,-76.962193,0.03,286.0,1,9,1.1
2024-03-25T18:45:44Z,26.546160,-76.962197,0.13,255.9,1,9,1.1
2024-03-25T18:45:49Z,26.546160,-76.962200,0.23,216.8,1,9,1.1
2024-03-25T18:45:54Z,26.546162,-76.962205,0.16,249.2,1,9,1.1
2024-03-25T18:45:59Z,26.546165,-76.962208,0.42,358.5,1,9,1.1
2024-03-25T18:46:04Z,26.546165,-76.962205,0.37,169.7,1,9,1.1
2024-03-25T18:46:14Z,26.546170,-76.962203,0.39,39.9,1,9,1.1
2024-03-25T18:46:19Z,26.546170,-76.962205,0.24,172.9,1,9,1.1
2024-03-25T18:46:24Z,26.546167,-76.962208,0.16,178.4,1,9,1.1
2024-03-25T18:46:29Z,26.546170,-76.962208,0.62,20.3,1,9,1.1
2024-03-25T18:46:34Z,26.546163,-76.962207,0.12,141.9,1,9,1.1
2024-03-25T18:46:44Z,26.546168,-76.962205,0.16,68.1,1,9,1.1
2024-03-25T18:46:49Z,26.546173,-76.962203,0.11,83.8,1,9,1.1
2024-03-25T18:46:54Z,26.546180,-76.962203,0.31,86.5,1,9,1.1
2024-03-25T18:46:59Z,26.546182,-76.962190,0.26,87.3,1,9,1.1
2024-03-25T18:47:04Z,26.546180,-76.962188,0.25,107.6,1,9,1.1
2024-03-25T18:47:14Z,26.546188,-76.962208,0.16,354.8,1,9,1.1
2024-03-25T18:47:19Z,26.546187,-76.962208,0.43,107.0,1,9,1.1
2024-03-25T18:47:24Z,26.546183,-76.962202,0.45,96.5,1,8,1.4
2024-03-25T18:47:29Z,26.546182,-76.962195,0.10,341.6,1,9,1.1
2024-03-25T18:47:34Z,26.546183,-76.962193,0.07,195.9,1,9,1.1
2024-03-25T18:47:44Z,26.546188,-76.962197,0.11,353.5,1,8,1.1
2024-03-25T18:47:49Z,26.546195,-76.962200,0.12,329.6,1,9,1.1
2024-03-25T18:47:54Z,26.546198,-76.962200,0.04,54.1,1,9,1.1
2024-03-25T18:47:59Z,26.546200,-76.962195,0.16,59.2,1,10,0.8
2024-03-25T18:48:04Z,26.546200,-76.962187,0.21,130.3,1,9,1.1
2024-03-25T18:48:09Z,26.546195,-76.962192,0.25,177.2,1,10,0.8
2024-03-25T18:48:14Z,26.546197,-76.962202,0.15,21.8,1,10,0.8
2024-03-25T18:48:19Z,26.546195,-76.962198,0.17,106.4,1,10,0.8
2024-03-25T18:48:24Z,26.546197,-76.962198,0.16,12.6,1,10,0.8
2024-03-25T18:48:29Z,26.546190,-76.962193,0.15,48.6,1,10,0.8
2024-03-25T18:48:34Z,26.546187,-76.962190,0.35,138.6,1,10,0.8
2024-03-25T18:48:39Z,26.546182,-76.962185,0.14,178.8,1,10,0.8
2024-03-25T18:48:44Z,26.546175,-76.962187,0.22,227.0,1,10,0.8
2024-03-25T18:48:49Z,26.546168,-76.962180,0.68,109.7,1,10,0.8
2024-03-25T18:48:54Z,26.546165,-76.962172,0.11,287.8,1,10,0.8
2024-03-25T18:48:59Z,26.546160,-76.962172,0.26,154.0,1,10,0.8
2024-03-25T18:49:04Z,26.546160,-76.962168,0.26,217.7,1,10,0.8
2024-03-25T18:49:09Z,26.546160,-76.962172,0.11,238.8,1,10,0.8
2024-03-25T18:49:14Z,26.546158,-76.962168,0.36,136.1,1,10,0.8
2024-03-25T18:49:19Z,26.546150,-76.962172,0.19,131.7,1,10,0.8
2024-03-25T18:49:24Z,26.546143,-76.962178,0.29,162.4,1,10,0.8
2024-03-25T18:49:29Z,26.546142,-76.962190,0.12,256.6,1,10,0.8
2024-03-25T18:49:34Z,26.546138,-76.962183,0.24,153.5,1,10,0.8
2024-03-25T18:49:39Z,26.546135,-76.962182,0.22,218.1,1,10,0.8
2024-03-25T18:49:44Z,26.546130,-76.962188,0.24,147.8,1,10,0.8
2024-03-25T18:49:49Z,26.546125,-76.962185,0.06,269.3,1,10,0.8
2024-03-25T18:49:54Z,26.546132,-76.962195,0.07,124.5,1,10,0.8
2024-03-25T18:49:59Z,26.546133,-76.962195,0.46,125.6,1,10,0.8
2024-03-25T18:50:04Z,26.546135,-76.962185,0.31,130.0,1,10,0.8
2024-03-25T18:50:09Z,26.546130,-76.962173,0.29,168.8,1,10,0.8
2024-03-25T18:50:14Z,26.546127,-76.962172,0.19,153.2,1,10,0.8
2024-03-25T18:50:19Z,26.546128,-76.962182,0.61,240.0,1,10,0.8
2024-03-25T18:50:24Z,26.546128,-76.962180,0.09,276.7,1,10,0.8
2024-03-25T18:50:29Z,26.546137,-76.962187,0.22,345.8,1,10,0.8
2024-03-25T18:50:34Z,26.546142,-76.962195,0.39,350.5,1,10,0.8
2024-03-25T18:50:39Z,26.546147,-76.962190,0.06,319.5,1,10,0.8
2024-03-25T18:50:44Z,26.546157,-76.962195,0.28,73.9,1,10,0.8
2024-03-25T18:50:49Z,26.546168,-76.962195,0.29,14.5,1,10,0.8
2024-03-25T18:50:54Z,26.546185,-76.962197,0.64,9.8,1,10,0.8
2024-03-25T18:50:59Z,26.546193,-76.962198,0.38,22.1,1,10,0.8
2024-03-25T18:51:04Z,26.546195,-76.962197,0.24,139.8,1,10,0.8
2024-03-25T18:51:14Z,26.546193,-76.962197,0.24,57.6,1,10,0.8
2024-03-25T18:51:19Z,26.546202,-76.962195,0.37,55.0,1,10,0.8
2024-03-25T18:51:24Z,26.546208,-76.962193,0.09,84.1,1,10,0.8
2024-03-25T18:51:29Z,26.546207,-76.962193,0.14,179.1,1,9,1.1
2024-03-25T18:51:34Z,26.546200,-76.962193,0.25,185.4,1,9,1.1
2024-03-25T18:51:39Z,26.546195,-76.962198,0.40,192.0,1,9,1.1
2024-03-25T18:51:44Z,26.546193,-76.962198,0.24,182.1,1,10,0.8
2024-03-25T18:51:49Z,26.546190,-76.962198,0.21,150.5,1,10,0.8
2024-03-25T18:51:54Z,26.546187,-76.962195,0.14,92.6,1,9,1.1
2024-03-25T18:51:59Z,26.546190,-76.962192,0.11,56.1,1,9,1.1
2024-03-25T18:52:04Z,26.546188,-76.962190,0.27,152.1,1,9,1.1
2024-03-25T18:52:09Z,26.546187,-76.962187,0.11,155.3,1,9,1.1
2024-03-25T18:52:19Z,26.546182,-76.962175,0.25,163.6,1,9,1.1
2024-03-25T18:52:24Z,26.546178,-76.962173,0.18,156.4,1,9,1.1
2024-03-25T18:52:29Z,26.546178,-76.962173,0.11,153.7,1,9,1.1
2024-03-25T18:52:34Z,26.546175,-76.962178,0.20,154.3,1,10,0.9
2024-03-25T18:52:39Z,26.546170,-76.962182,0.10,189.4,1,9,0.9
2024-03-25T18:52:44Z,26.546170,-76.962187,0.23,235.6,1,10,0.9
2024-03-25T18:52:49Z,26.546167,-76.962190,0.19,238.9,1,10,0.9
2024-03-25T18:52:54Z,26.546162,-76.962187,0.32,148.8,1,10,0.9
2024-03-25T18:52:59Z,26.546153,-76.962185,0.28,150.3,1,10,0.9
2024-03-25T18:53:04Z,26.546148,-76.962188,0.29,188.6,1,10,0.9
2024-03-25T18:53:09Z,26.546142,-76.962190,0.29,163.2,1,10,0.9
2024-03-25T18:53:14Z,26.546135,-76.962188,0.22,122.3,1,10,0.9
2024-03-25T18:53:19Z,26.546135,-76.962193,0.12,187.3,1,10,0.9
2024-03-25T18:53:24Z,26.546133,-76.962198,0.20,211.7,1,10,0.9
2024-03-25T18:53:29Z,26.546137,-76.962203,0.17,330.4,1,10,0.9
2024-03-25T18:53:34Z,26.546142,-76.962205,0.15,43.0,1,9,1.1
2024-03-25T18:53:39Z,26.546143,-76.962198,0.09,88.8,1,10,0.9
2024-03-25T18:53:44Z,26.546147,-76.962200,0.19,323.1,1,10,0.9
2024-03-25T18:53:49Z,26.546152,-76.962200,0.06,30.7,1,10,0.9
2024-03-25T18:53:54Z,26.546153,-76.962193,0.17,103.7,1,10,0.9
2024-03-25T18:53:59Z,26.546160,-76.962200,0.24,11.5,1,10,0.9
2024-03-25T18:54:04Z,26.546173,-76.962187,1.44,57.0,1,10,0.9
2024-03-25T18:54:09Z,26.546185,-76.962160,1.20,68.5,1,10,0.9
2024-03-25T18:54:19Z,26.546192,-76.962118,0.45,91.9,1,10,0.9
2024-03-25T18:54:24Z,26.546187,-76.962107,0.30,95.5,1,10,0.9
2024-03-25T18:54:29Z,26.546185,-76.962090,0.85,92.9,1,10,0.9
2024-03-25T18:54:34Z,26.546183,-76.962063,0.75,104.1,1,10,0.9
2024-03-25T18:54:39Z,26.546185,-76.962050,0.83,84.9,1,10,0.9
2024-03-25T18:54:44Z,26.546178,-76.962027,1.39,93.8,1,9,0.9
2024-03-25T18:54:49Z,26.546172,-76.961992,1.24,90.6,1,10,0.9
2024-03-25T18:54:54Z,26.546167,-76.961965,1.04,124.7,1,10,0.9
2024-03-25T18:54:59Z,26.546167,-76.961938,1.04,87.8,1,10,0.9
2024-03-25T18:55:04Z,26.546172,-76.961917,0.96,79.3,1,10,0.9
2024-03-25T18:55:09Z,26.546182,-76.961892,1.50,51.5,1,10,0.9
2024-03-25T18:55:19Z,26.546267,-76.961872,2.62,359.7,1,10,0.9
2024-03-25T18:55:24Z,26.546345,-76.961895,3.64,332.0,1,10,0.9
2024-03-25T18:55:29Z,26.546412,-76.961968,3.61,306.0,1,10,0.9
2024-03-25T18:55:34Z,26.546452,-76.962058,4.75,288.7,1,9,1.1
2024-03-25T18:55:39Z,26.546468,-76.962172,4.67,282.2,1,9,1.0
2024-03-25T18:55:44Z,26.546507,-76.962305,5.25,282.6,1,10,0.9
2024-03-25T18:55:49Z,26.546540,-76.962438,4.86,286.2,1,10,0.9
2024-03-25T18:55:54Z,26.546558,-76.962583,5.37,278.7,1,9,1.0
2024-03-25T18:55:59Z,26.546577,-76.962725,5.48,275.1,1,10,0.9
2024-03-25T18:56:04Z,26.546582,-76.962853,4.83,273.9,1,11,0.8
2024-03-25T18:56:09Z,26.546578,-76.963000,5.43,266.8,1,11,0.8
2024-03-25T18:56:14Z,26.546573,-76.963147,5.50,266.4,1,11,0.8
2024-03-25T18:56:19Z,26.546555,-76.963285,6.08,259.9,1,11,0.8
2024-03-25T18:56:24Z,26.546523,-76.963428,5.40,259.1,1,11,0.8
2024-03-25T18:56:29Z,26.546497,-76.963575,5.40,256.6,1,11,0.8
2024-03-25T18:56:34Z,26.546458,-76.963715,5.40,247.1,1,11,0.8
2024-03-25T18:56:39Z,26.546400,-76.963843,5.39,236.8,1,11,0.8
2024-03-25T18:56:44Z,26.546315,-76.963960,5.32,228.0,1,11,0.8
2024-03-25T18:56:49Z,26.546218,-76.964067,6.16,224.1,1,11,0.8
2024-03-25T18:56:54Z,26.546110,-76.964167,5.66,220.2,1,11,0.8
2024-03-25T18:56:59Z,26.546013,-76.964257,5.31,221.6,1,11,0.8
2024-03-25T18:57:04Z,26.545918,-76.964328,4.68,212.0,1,10,1.0
2024-03-25T18:57:09Z,26.545828,-76.964392,4.36,211.2,1,11,0.8
2024-03-25T18:57:14Z,26.545735,-76.964443,4.22,208.8,1,11,0.8
2024-03-25T18:57:19Z,26.545647,-76.964503,4.22,207.4,1,11,0.8
2024-03-25T18:57:24Z,26.545562,-76.964563,4.20,209.4,1,11,0.8
2024-03-25T18:57:34Z,26.545400,-76.964653,4.07,205.4,1,10,1.0
2024-03-25T18:57:39Z,26.545318,-76.964702,4.03,205.9,1,11,0.8
2024-03-25T18:57:44Z,26.545237,-76.964748,3.96,210.2,1,11,0.8
2024-03-25T18:57:49Z,26.545157,-76.964802,4.06,210.9,1,11,0.8
2024-03-25T18:57:54Z,26.545075,-76.964852,4.03,207.2,1,11,0.8
2024-03-25T18:57:59Z,26.544990,-76.964900,4.11,209.9,1,11,0.8
2024-03-25T18:58:04Z,26.544907,-76.964952,4.07,209.3,1,11,0.8
2024-03-25T18:58:14Z,26.544737,-76.965058,4.18,207.8,1,11,0.8
2024-03-25T18:58:19Z,26.544657,-76.965115,3.99,213.3,1,11,0.8
2024-03-25T18:58:24Z,26.544577,-76.965175,4.05,216.5,1,10,1.0
2024-03-25T18:58:29Z,26.544502,-76.965245,3.96,217.1,2,11,0.8
2024-03-25T18:58:34Z,26.544423,-76.965310,4.20,209.0,2,10,0.9
2024-03-25T18:58:39Z,26.544348,-76.965375,4.00,222.6,2,10,0.9
2024-03-25T18:58:44Z,26.544282,-76.965445,3.96,225.9,2,10,0.9
2024-03-25T18:58:54Z,26.544153,-76.965597,4.16,225.5,2,10,0.9
2024-03-25T18:58:59Z,26.544087,-76.965675,4.03,224.2,2,10,0.9
2024-03-25T18:59:04Z,26.544013,-76.965748,4.19,223.5,2,10,0.9
2024-03-25T18:59:09Z,26.543943,-76.965832,4.20,223.3,2,11,0.8
2024-03-25T18:59:14Z,26.543872,-76.965915,4.22,222.8,2,11,0.8
2024-03-25T18:59:19Z,26.543802,-76.965995,4.21,224.4,2,10,0.9
2024-03-25T18:59:24Z,26.543737,-76.966073,3.97,226.8,2,10,0.9
2024-03-25T18:59:34Z,26.543597,-76.966210,4.20,216.7,2,11,0.8
2024-03-25T18:59:39Z,26.543518,-76.966278,4.31,217.8,2,9,1.2
2024-03-25T18:59:44Z,26.543438,-76.966342,4.14,215.7,2,10,0.9
2024-03-25T18:59:49Z,26.543363,-76.966408,4.09,219.6,2,10,0.9
2024-03-25T18:59:54Z,26.543277,-76.966472,4.41,214.8,2,11,0.8
2024-03-25T18:59:59Z,26.543188,-76.966533,4.40,213.3,2,10,0.9
2024-03-25T19:00:04Z,26.543098,-76.966597,4.51,213.6,2,10,0.9
2024-03-25T19:00:09Z,26.543008,-76.966660,4.36,212.0,2,11,0.8
2024-03-25T19:00:14Z,26.542918,-76.966723,4.42,215.4,2,10,0.9
2024-03-25T19:00:19Z,26.542828,-76.966788,4.43,210.2,2,10,0.9
2024-03-25T19:00:24Z,26.542740,-76.966852,4.36,214.2,2,11,0.8
2024-03-25T19:00:29Z,26.542655,-76.966915,4.31,212.3,2,11,0.8
2024-03-25T19:00:34Z,26.542573,-76.966978,4.37,214.8,2,11,0.8
2024-03-25T19:00:39Z,26.542487,-76.967045,4.46,214.6,2,11,0.8
2024-03-25T19:00:49Z,26.542303,-76.967182,4.84,213.1,2,11,0.8
2024-03-25T19:00:54Z,26.542203,-76.967252,4.85,210.1,2,11,0.8
2024-03-25T19:00:59Z,26.542110,-76.967320,4.77,213.6,2,11,0.8
2024-03-25T19:01:04Z,26.542015,-76.967390,4.97,212.1,2,11,0.8
2024-03-25T19:01:09Z,26.541920,-76.967457,4.72,215.0,1,11,0.8
2024-03-25T19:01:14Z,26.541825,-76.967522,5.03,213.5,1,11,0.8
2024-03-25T19:01:19Z,26.541727,-76.967588,5.09,213.4,1,11,0.8
2024-03-25T19:01:29Z,26.541528,-76.967737,5.09,214.5,1,10,0.9
2024-03-25T19:01:34Z,26.541423,-76.967815,5.27,214.5,1,10,0.8
2024-03-25T19:01:39Z,26.541327,-76.967883,5.01,213.8,1,9,1.2
2024-03-25T19:01:44Z,26.541235,-76.967960,5.07,217.2,1,10,0.9
2024-03-25T19:01:49Z,26.541143,-76.968040,4.89,214.1,2,10,0.9
2024-03-25T19:01:54Z,26.541048,-76.968115,4.93,215.2,2,10,0.9
2024-03-25T19:02:04Z,26.540860,-76.968277,4.84,216.8,2,11,0.8
2024-03-25T19:02:09Z,26.540770,-76.968357,4.88,216.3,2,10,0.9
2024-03-25T19:02:14Z,26.540675,-76.968432,4.84,216.4,2,10,0.9
2024-03-25T19:02:19Z,26.540582,-76.968507,4.68,216.9,2,10,0.9
2024-03-25T19:02:24Z,26.540492,-76.968575,4.65,214.8,2,10,0.9
2024-03-25T19:02:29Z,26.540402,-76.968645,4.61,217.1,2,10,0.9
2024-03-25T19:02:34Z,26.540308,-76.968713,4.70,214.6,2,11,0.8
2024-03-25T19:02:39Z,26.540215,-76.968778,4.60,210.9,2,9,1.0
2024-03-25T19:02:44Z,26.540118,-76.968838,4.77,211.6,2,9,1.0
2024-03-25T19:02:49Z,26.540018,-76.968902,4.81,211.2,2,9,1.0
2024-03-25T19:02:54Z,26.539925,-76.968968,4.84,210.3,2,10,0.9
2024-03-25T19:02:59Z,26.539830,-76.969033,4.70,211.2,2,10,0.9
2024-03-25T19:03:04Z,26.539735,-76.969103,4.95,211.4,2,10,0.9
2024-03-25T19:03:09Z,26.539637,-76.969172,4.90,212.6,2,10,0.9
2024-03-25T19:03:19Z,26.539457,-76.969305,4.53,213.3,2,9,1.1
2024-03-25T19:03:24Z,26.539373,-76.969373,4.42,215.3,2,10,0.9
2024-03-25T19:03:29Z,26.539292,-76.969442,4.27,216.0,2,10,0.9
2024-03-25T19:03:34Z,26.539212,-76.969510,4.23,217.2,2,10,0.9
2024-03-25T19:03:39Z,26.539127,-76.969572,4.57,211.8,2,10,0.9
2024-03-25T19:03:44Z,26.539043,-76.969632,4.34,213.7,2,10,0.9
2024-03-25T19:03:49Z,26.538960,-76.969695,4.31,209.5,2,10,0.9
2024-03-25T19:03:59Z,26.538780,-76.969817,4.63,209.9,2,10,0.9
2024-03-25T19:04:04Z,26.538688,-76.969882,4.54,213.1,2,9,1.0
2024-03-25T19:04:09Z,26.538600,-76.969947,4.65,212.6,2,10,0.9
2024-03-25T19:04:14Z,26.538510,-76.970008,4.69,208.7,2,10,0.9
2024-03-25T19:04:19Z,26.538423,-76.970070,4.38,211.4,2,10,0.9
2024-03-25T19:04:24Z,26.538333,-76.970135,4.50,211.1,2,10,0.9
2024-03-25T19:04:29Z,26.538245,-76.970195,4.38,211.5,2,10,0.9
2024-03-25T19:04:34Z,26.538158,-76.970262,4.45,211.6,2,10,0.9
2024-03-25T19:04:39Z,26.538072,-76.970327,4.27,213.7,2,10,0.9
2024-03-25T19:04:44Z,26.537992,-76.970388,4.25,214.8,2,9,1.0
2024-03-25T19:04:49Z,26.537912,-76.970453,4.15,217.4,2,9,1.0
2024-03-25T19:04:54Z,26.537832,-76.970518,4.19,213.4,2,9,1.0
2024-03-25T19:04:59Z,26.537748,-76.970578,4.30,212.2,2,9,1.1
2024-03-25T19:05:04Z,26.537663,-76.970638,4.25,209.7,2,9,1.0
2024-03-25T19:05:14Z,26.537488,-76.970750,4.23,209.8,2,9,1.0
2024-03-25T19:05:19Z,26.537403,-76.970805,4.24,204.6,2,9,1.0
2024-03-25T19:05:24Z,26.537315,-76.970860,4.39,208.0,2,9,1.0
2024-03-25T19:05:29Z,26.537228,-76.970915,4.46,206.9,2,10,0.9
2024-03-25T19:05:34Z,26.537142,-76.970972,4.46,210.5,2,10,0.9
2024-03-25T19:05:39Z,26.537055,-76.971037,4.54,210.5,2,10,0.9
2024-03-25T19:05:44Z,26.536960,-76.971097,4.77,208.0,2,9,1.0
2024-03-25T19:05:54Z,26.536755,-76.971225,5.14,207.2,2,10,0.9
2024-03-25T19:05:59Z,26.536648,-76.971290,5.39,206.7,2,10,0.9
2024-03-25T19:06:04Z,26.536538,-76.971358,5.43,208.0,2,10,0.9
2024-03-25T19:06:09Z,26.536430,-76.971427,5.48,208.1,2,9,1.1
2024-03-25T19:06:14Z,26.536318,-76.971500,5.65,208.4,2,8,1.2
2024-03-25T19:06:19Z,26.536205,-76.971570,5.59,209.1,2,10,0.9
2024-03-25T19:06:24Z,26.536088,-76.971647,5.87,207.8,2,9,1.1
2024-03-25T19:06:34Z,26.535862,-76.971787,5.50,206.6,2,10,0.9
2024-03-25T19:06:39Z,26.535748,-76.971848,5.20,207.4,2,9,1.0
2024-03-25T19:06:44Z,26.535643,-76.971915,5.00,211.3,2,9,1.0
2024-03-25T19:06:49Z,26.535542,-76.971982,5.02,210.6,2,9,1.0
2024-03-25T19:06:54Z,26.535448,-76.972050,4.68,212.8,2,9,1.0
2024-03-25T19:06:59Z,26.535362,-76.972118,4.54,214.1,2,9,1.0
2024-03-25T19:07:04Z,26.535273,-76.972190,4.78,215.1,2,9,1.0
2024-03-25T19:07:09Z,26.535180,-76.972258,4.85,211.5,2,9,1.0
2024-03-25T19:07:14Z,26.535077,-76.972323,5.44,205.5,2,10,0.9
2024-03-25T19:07:19Z,26.534962,-76.972387,5.49,204.8,2,10,0.9
2024-03-25T19:07:24Z,26.534848,-76.972447,5.62,203.3,2,10,0.9
2024-03-25T19:07:29Z,26.534733,-76.972513,5.63,206.6,2,10,0.9
2024-03-25T19:07:34Z,26.534612,-76.972587,5.68,207.8,2,9,1.0
2024-03-25T19:07:39Z,26.534497,-76.972658,5.48,209.4,2,10,0.9
2024-03-25T19:07:49Z,26.534280,-76.972802,5.57,210.0,2,9,1.0
2024-03-25T19:07:54Z,26.534165,-76.972870,5.74,207.0,2,9,1.0
2024-03-25T19:07:59Z,26.534045,-76.972937,5.66,205.6,2,9,1.0
2024-03-25T19:08:04Z,26.533927,-76.972998,5.52,204.4,2,9,1.0
2024-03-25T19:08:09Z,26.533815,-76.973063,5.44,208.3,2,9,1.1
2024-03-25T19:08:14Z,26.533708,-76.973132,5.30,208.7,2,9,1.1
2024-03-25T19:08:24Z,26.533482,-76.973273,5.62,207.7,2,10,0.9
2024-03-25T19:08:29Z,26.533360,-76.973345,6.05,201.8,2,10,0.9
2024-03-25T19:08:34Z,26.533232,-76.973412,6.03,205.0,2,8,1.2
2024-03-25T19:08:39Z,26.533105,-76.973478,6.04,204.2,2,8,1.2
2024-03-25T19:08:44Z,26.532983,-76.973552,5.93,207.3,2,9,1.0
2024-03-25T19:08:49Z,26.532868,-76.973633,5.86,208.9,2,9,1.0
2024-03-25T19:08:54Z,26.532752,-76.973710,5.89,207.3,2,10,0.9
2024-03-25T19:08:59Z,26.532635,-76.973790,5.97,209.5,2,10,0.9
2024-03-25T19:09:04Z,26.532515,-76.973863,5.86,207.1,2,10,0.9
2024-03-25T19:09:09Z,26.532392,-76.973932,5.88,205.7,2,10,0.9
2024-03-25T19:09:14Z,26.532270,-76.973998,5.92,205.4,2,9,1.0
2024-03-25T19:09:19Z,26.532148,-76.974065,5.78,207.8,2,9,1.0
2024-03-25T19:09:24Z,26.532030,-76.974138,5.79,205.7,2,10,0.9
2024-03-25T19:09:29Z,26.531920,-76.974222,5.67,209.1,2,9,1.0
2024-03-25T19:09:39Z,26.531688,-76.974372,5.89,204.2,2,9,1.0
2024-03-25T19:09:44Z,26.531565,-76.974437,5.75,205.8,2,10,0.9
2024-03-25T19:09:49Z,26.531445,-76.974498,5.66,205.1,2,10,0.9
2024-03-25T19:09:54Z,26.531327,-76.974563,5.57,205.7,2,10,0.9
2024-03-25T19:09:59Z,26.531213,-76.974630,5.72,206.1,2,10,0.9
2024-03-25T19:10:04Z,26.531102,-76.974698,5.33,206.3,2,10,0.9
2024-03-25T19:10:09Z,26.530992,-76.974767,5.45,208.9,2,10,0.9
2024-03-25T19:10:14Z,26.530887,-76.974840,5.23,207.1,2,10,0.9
2024-03-25T19:10:19Z,26.530782,-76.974905,5.19,208.3,2,10,0.9
2024-03-25T19:10:24Z,26.530672,-76.974968,5.50,206.7,2,10,0.9
2024-03-25T19:10:29Z,26.530558,-76.975030,5.52,207.1,2,10,0.9
2024-03-25T19:10:34Z,26.530448,-76.975095,5.29,205.9,2,9,0.9
2024-03-25T19:10:39Z,26.530335,-76.975162,5.49,205.7,2,10,0.9
2024-03-25T19:10:44Z,26.530223,-76.975227,5.36,209.0,2,9,1.0
2024-03-25T19:10:49Z,26.530113,-76.975293,5.54,205.2,2,10,0.9
2024-03-25T19:10:59Z,26.529903,-76.975427,5.18,209.2,2,10,0.9
2024-03-25T19:11:04Z,26.529798,-76.975497,5.03,209.8,2,10,0.9
2024-03-25T19:11:09Z,26.529695,-76.975563,4.97,209.5,2,10,0.9
2024-03-25T19:11:14Z,26.529597,-76.975632,4.98,209.6,2,10,0.9
2024-03-25T19:11:19Z,26.529492,-76.975700,5.23,208.6,2,10,0.9
2024-03-25T19:11:24Z,26.529388,-76.975765,5.26,208.9,2,9,1.0
2024-03-25T19:11:29Z,26.529285,-76.975835,5.35,206.6,2,9,1.0
2024-03-25T19:11:39Z,26.529062,-76.975953,5.21,204.4,2,10,0.9
2024-03-25T19:11:44Z,26.528953,-76.976012,5.24,208.0,2,10,0.9
2024-03-25T19:11:49Z,26.528847,-76.976077,5.06,208.6,2,10,0.9
2024-03-25T19:11:54Z,26.528742,-76.976155,5.02,207.0,2,10,0.9
2024-03-25T19:11:59Z,26.528638,-76.976233,5.15,208.5,2,10,0.9
2024-03-25T19:12:04Z,26.528537,-76.976305,5.07,211.0,2,10,0.9
2024-03-25T19:12:09Z,26.528443,-76.976382,4.68,211.7,2,10,0.9
2024-03-25T19:12:14Z,26.528358,-76.976458,4.62,215.4,2,9,1.0
2024-03-25T19:12:19Z,26.528277,-76.976528,4.94,213.1,2,9,1.0
2024-03-25T19:12:24Z,26.528187,-76.976603,5.07,213.7,2,9,1.0
2024-03-25T19:12:29Z,26.528082,-76.976673,5.19,205.5,2,9,1.0
2024-03-25T19:12:34Z,26.527972,-76.976742,5.34,212.0,2,9,1.0
2024-03-25T19:12:39Z,26.527865,-76.976807,5.33,207.4,2,9,1.0
2024-03-25T19:12:44Z,26.527755,-76.976867,5.46,204.5,2,9,1.0
2024-03-25T19:12:54Z,26.527528,-76.977008,5.95,212.1,2,9,1.0
2024-03-25T19:12:59Z,26.527405,-76.977092,6.33,210.8,2,9,1.0
2024-03-25T19:13:04Z,26.527277,-76.977175,6.40,207.7,2,9,1.0
2024-03-25T19:13:09Z,26.527142,-76.977247,6.54,206.0,2,9,1.0
2024-03-25T19:13:14Z,26.527012,-76.977320,6.36,202.1,1,9,1.0
2024-03-25T19:13:19Z,26.526880,-76.977372,6.14,205.7,1,9,1.0
2024-03-25T19:13:24Z,26.526752,-76.977433,6.01,206.0,1,9,1.0
2024-03-25T19:13:29Z,26.526627,-76.977507,6.16,207.2,1,9,1.0
2024-03-25T19:13:34Z,26.526500,-76.977578,5.87,206.7,1,9,1.0
2024-03-25T19:13:39Z,26.526375,-76.977653,6.11,208.0,2,9,1.0
2024-03-25T19:13:44Z,26.526255,-76.977737,5.82,206.6,2,9,1.0
2024-03-25T19:13:49Z,26.526135,-76.977817,5.61,210.8,2,9,1.0
2024-03-25T19:13:54Z,26.526023,-76.977900,5.31,210.9,2,9,1.0
2024-03-25T19:13:59Z,26.525918,-76.977977,5.12,209.4,2,9,1.0
2024-03-25T19:14:09Z,26.525717,-76.978085,4.91,210.7,1,9,1.0
2024-03-25T19:14:14Z,26.525620,-76.978130,4.78,205.0,1,9,1.0
2024-03-25T19:14:19Z,26.525527,-76.978180,4.83,206.3,1,9,1.0
2024-03-25T19:14:24Z,26.525430,-76.978228,4.69,206.6,1,9,1.0
2024-03-25T19:14:29Z,26.525332,-76.978280,4.77,203.4,1,9,1.0
2024-03-25T19:14:39Z,26.525123,-76.978392,5.00,203.9,1,9,1.0
2024-03-25T19:14:44Z,26.525018,-76.978442,5.00,203.5,1,9,1.0
2024-03-25T19:14:49Z,26.524910,-76.978500,5.40,203.7,1,9,1.0
2024-03-25T19:14:54Z,26.524792,-76.978562,5.69,203.8,1,9,1.0
2024-03-25T19:14:59Z,26.524673,-76.978622,5.93,202.1,1,9,1.0
2024-03-25T19:15:09Z,26.524437,-76.978753,5.86,202.7,1,9,1.0
2024-03-25T19:15:14Z,26.524318,-76.978823,5.74,203.3,1,9,1.0
2024-03-25T19:15:19Z,26.524203,-76.978893,5.54,209.3,1,9,1.0
2024-03-25T19:15:24Z,26.524087,-76.978967,5.71,206.7,1,9,1.0
2024-03-25T19:15:29Z,26.523970,-76.979037,5.69,203.0,1,9,1.0
2024-03-25T19:15:34Z,26.523858,-76.979102,5.59,207.4,1,9,1.0
2024-03-25T19:15:39Z,26.523747,-76.979167,5.51,207.3,1,9,1.0
2024-03-25T19:15:44Z,26.523633,-76.979233,5.75,205.8,1,9,1.0
2024-03-25T19:15:49Z,26.523518,-76.979302,5.59,205.9,1,9,1.0
2024-03-25T19:15:54Z,26.523407,-76.979370,5.52,206.4,1,9,1.0
2024-03-25T19:15:59Z,26.523293,-76.979438,5.56,207.3,1,9,1.0
2024-03-25T19:16:04Z,26.523180,-76.979505,5.45,207.1,1,9,1.0
2024-03-25T19:16:09Z,26.523065,-76.979567,5.36,207.8,1,9,1.0
2024-03-25T19:16:14Z,26.522950,-76.979632,5.43,206.6,1,9,1.0
2024-03-25T19:16:19Z,26.522833,-76.979692,5.48,205.8,1,9,1.0
2024-03-25T19:16:24Z,26.522720,-76.979760,5.64,204.3,1,9,1.0
2024-03-25T19:16:29Z,26.522608,-76.979827,5.54,203.2,1,9,1.0
2024-03-25T19:16:34Z,26.522497,-76.979892,5.20,208.9,1,9,1.0
2024-03-25T19:16:39Z,26.522392,-76.979950,5.05,206.9,1,9,1.0
2024-03-25T19:16:44Z,26.522287,-76.980008,5.06,203.6,1,9,1.0
2024-03-25T19:16:49Z,26.522183,-76.980065,5.11,202.2,1,9,1.0
2024-03-25T19:16:54Z,26.522088,-76.980128,4.84,206.2,1,9,1.0
2024-03-25T19:16:59Z,26.521990,-76.980193,4.87,207.5,1,9,1.0
2024-03-25T19:17:09Z,26.521790,-76.980310,4.95,204.3,1,9,1.0
2024-03-25T19:17:14Z,26.521688,-76.980362,4.92,199.2,1,9,1.0
2024-03-25T19:17:19Z,26.521587,-76.980408,4.79,204.1,1,9,1.0
2024-03-25T19:17:24Z,26.521487,-76.980457,4.82,202.5,1,8,1.2
2024-03-25T19:17:29Z,26.521387,-76.980508,4.63,203.1,1,8,1.2
2024-03-25T19:17:34Z,26.521287,-76.980563,4.90,204.9,1,9,1.0
2024-03-25T19:17:44Z,26.521075,-76.980668,4.77,202.1,1,9,1.0
2024-03-25T19:17:49Z,26.520967,-76.980710,4.86,199.7,1,9,1.0
2024-03-25T19:17:54Z,26.520863,-76.980762,4.91,204.2,1,9,1.0
2024-03-25T19:17:59Z,26.520762,-76.980820,4.97,203.2,1,9,1.0
2024-03-25T19:18:04Z,26.520658,-76.980877,4.76,203.7,1,8,1.2
2024-03-25T19:18:14Z,26.520458,-76.980977,4.62,202.2,1,8,1.2
2024-03-25T19:18:19Z,26.520358,-76.981027,4.57,203.7,1,8,1.2
2024-03-25T19:18:24Z,26.520263,-76.981080,4.66,207.8,1,9,1.0
2024-03-25T19:18:29Z,26.520168,-76.981133,4.68,204.0,1,8,1.2
2024-03-25T19:18:34Z,26.520070,-76.981183,4.73,201.9,1,8,1.2
2024-03-25T19:18:39Z,26.519968,-76.981230,4.82,203.6,1,9,1.0
2024-03-25T19:18:44Z,26.519857,-76.981270,5.09,198.3,1,9,1.0
2024-03-25T19:18:49Z,26.519738,-76.981313,5.37,200.8,1,9,1.0
2024-03-25T19:18:54Z,26.519617,-76.981360,5.27,200.0,1,9,1.0
2024-03-25T19:18:59Z,26.519497,-76.981403,5.30,196.5,1,9,1.0
2024-03-25T19:19:04Z,26.519387,-76.981457,5.25,204.8,1,9,1.0
2024-03-25T19:19:14Z,26.519165,-76.981575,5.39,203.5,1,8,1.2
2024-03-25T19:19:19Z,26.519057,-76.981648,5.27,207.0,1,8,1.2
2024-03-25T19:19:24Z,26.518937,-76.981718,5.46,205.7,1,8,1.2
2024-03-25T19:19:29Z,26.518817,-76.981773,5.66,200.5,1,9,1.0
2024-03-25T19:19:34Z,26.518693,-76.981827,5.88,198.4,1,9,1.0
2024-03-25T19:19:44Z,26.518445,-76.981933,5.43,205.6,1,9,1.0
2024-03-25T19:19:49Z,26.518327,-76.982005,5.57,206.3,1,9,1.0
2024-03-25T19:19:54Z,26.518212,-76.982073,5.32,206.1,1,9,1.0
2024-03-25T19:19:59Z,26.518095,-76.982138,5.19,206.0,1,8,1.2
2024-03-25T19:20:04Z,26.517982,-76.982200,5.41,203.1,1,9,1.0
2024-03-25T19:20:14Z,26.517757,-76.982313,5.56,199.7,1,9,1.0
2024-03-25T19:20:19Z,26.517633,-76.982358,6.16,201.0,1,9,1.0
2024-03-25T19:20:24Z,26.517485,-76.982413,6.68,195.2,1,9,1.0
2024-03-25T19:20:29Z,26.517335,-76.982463,6.66,196.3,1,9,1.0
2024-03-25T19:20:34Z,26.517187,-76.982520,6.74,196.7,1,9,1.0
2024-03-25T19:20:44Z,26.516877,-76.982602,7.33,192.5,1,9,1.0
2024-03-25T19:20:49Z,26.516713,-76.982648,7.08,189.3,1,8,1.2
2024-03-25T19:20:54Z,26.516552,-76.982678,6.98,189.0,1,8,1.2
2024-03-25T19:20:59Z,26.516392,-76.982728,7.24,190.2,1,9,1.0
2024-03-25T19:21:04Z,26.516233,-76.982753,6.99,189.7,1,9,1.0
2024-03-25T19:21:09Z,26.516068,-76.982787,7.16,190.0,1,9,1.0
2024-03-25T19:21:14Z,26.515903,-76.982832,7.38,194.1,1,8,1.2
2024-03-25T19:21:19Z,26.515747,-76.982873,7.01,192.5,1,8,1.2
2024-03-25T19:21:24Z,26.515592,-76.982908,7.21,188.8,1,8,1.2
2024-03-25T19:21:29Z,26.515423,-76.982950,7.69,194.1,1,8,1.2
2024-03-25T19:21:39Z,26.515115,-76.983053,6.66,196.1,1,9,1.0
2024-03-25T19:21:44Z,26.514962,-76.983102,7.08,194.6,1,9,1.0
2024-03-25T19:21:49Z,26.514805,-76.983143,6.72,191.3,1,9,1.0
2024-03-25T19:21:54Z,26.514647,-76.983177,6.76,190.0,1,9,1.0
2024-03-25T19:21:59Z,26.514488,-76.983203,7.07,189.0,1,9,1.0
2024-03-25T19:22:04Z,26.514337,-76.983233,7.01,188.9,1,9,1.0
2024-03-25T19:22:09Z,26.514183,-76.983262,6.53,191.1,1,9,1.0
2024-03-25T19:22:14Z,26.514027,-76.983308,6.55,192.5,1,8,1.2
2024-03-25T19:22:19Z,26.513875,-76.983345,6.62,192.4,1,8,1.2
2024-03-25T19:22:24Z,26.513725,-76.983387,6.44,193.3,1,9,1.0
2024-03-25T19:22:34Z,26.513418,-76.983477,6.95,192.1,1,9,1.0
2024-03-25T19:22:39Z,26.513265,-76.983518,6.78,194.4,1,9,1.0
2024-03-25T19:22:44Z,26.513115,-76.983563,6.79,193.9,1,9,1.0
2024-03-25T19:22:49Z,26.512970,-76.983605,6.42,194.7,1,9,1.0
2024-03-25T19:22:54Z,26.512827,-76.983642,6.49,192.1,1,9,1.0
2024-03-25T19:22:59Z,26.512685,-76.983685,6.32,194.0,1,9,1.0
2024-03-25T19:23:04Z,26.512547,-76.983730,6.10,196.8,1,9,1.0
2024-03-25T19:23:09Z,26.512408,-76.983775,6.24,192.8,1,9,1.0
2024-03-25T19:23:14Z,26.512267,-76.983820,6.21,195.4,1,9,1.0
2024-03-25T19:23:19Z,26.512130,-76.983858,6.15,190.5,1,9,1.0
2024-03-25T19:23:24Z,26.511995,-76.983892,6.05,190.5,1,9,1.0
2024-03-25T19:23:29Z,26.511865,-76.983925,5.52,193.8,1,9,1.0
2024-03-25T19:23:34Z,26.511740,-76.983962,5.46,195.4,1,9,1.0
2024-03-25T19:23:39Z,26.511618,-76.984000,5.56,193.9,1,9,1.0
2024-03-25T19:23:44Z,26.511500,-76.984042,5.32,198.9,1,9,1.0
2024-03-25T19:23:49Z,26.511382,-76.984082,5.36,194.6,1,9,1.0
2024-03-25T19:23:54Z,26.511267,-76.984120,5.18,196.0,1,9,1.0
2024-03-25T19:23:59Z,26.511155,-76.984163,5.07,197.5,1,9,1.0
2024-03-25T19:24:04Z,26.511040,-76.984195,5.01,193.6,1,9,1.0
2024-03-25T19:24:09Z,26.510928,-76.984227,5.03,192.8,1,9,1.0
2024-03-25T19:24:14Z,26.510818,-76.984262,4.99,195.6,1,9,1.0
2024-03-25T19:24:24Z,26.510578,-76.984328,5.64,187.4,1,9,1.0
2024-03-25T19:24:29Z,26.510452,-76.984350,5.50,187.3,1,9,1.0
2024-03-25T19:24:34Z,26.510322,-76.984378,5.75,189.6,1,9,1.0
2024-03-25T19:24:39Z,26.510190,-76.984407,6.04,188.9,1,9,1.0
2024-03-25T19:24:49Z,26.509912,-76.984463,6.19,189.3,1,8,1.2
2024-03-25T19:24:54Z,26.509773,-76.984495,6.21,191.2,1,8,1.2
2024-03-25T19:24:59Z,26.509633,-76.984527,6.25,189.0,1,8,1.2
2024-03-25T19:25:04Z,26.509495,-76.984558,5.88,192.0,1,9,1.0
2024-03-25T19:25:14Z,26.509222,-76.984620,5.92,190.3,1,8,1.2
2024-03-25T19:25:19Z,26.509093,-76.984652,5.61,192.4,1,8,1.2
2024-03-25T19:25:24Z,26.508967,-76.984682,5.37,192.7,1,9,1.0
2024-03-25T19:25:29Z,26.508843,-76.984712,5.45,190.4,1,9,1.0
2024-03-25T19:25:34Z,26.508713,-76.984732,5.35,186.4,1,9,1.0
2024-03-25T19:25:44Z,26.508467,-76.984768,5.56,186.9,1,9,1.0
2024-03-25T19:25:49Z,26.508338,-76.984787,5.56,187.6,1,8,1.4
2024-03-25T19:25:54Z,26.508212,-76.984812,5.73,193.3,1,9,1.0
2024-03-25T19:25:59Z,26.508082,-76.984845,5.76,189.0,1,8,1.2
2024-03-25T19:26:04Z,26.507950,-76.984863,6.12,188.3,1,9,1.0
2024-03-25T19:26:14Z,26.507665,-76.984915,6.32,188.6,1,9,1.0
2024-03-25T19:26:19Z,26.507520,-76.984947,6.53,186.9,1,9,1.0
2024-03-25T19:26:24Z,26.507375,-76.984973,6.33,188.4,1,9,1.0
2024-03-25T19:26:29Z,26.507232,-76.984998,6.34,187.5,1,9,1.0
2024-03-25T19:26:34Z,26.507087,-76.985023,6.20,189.0,1,8,1.2
2024-03-25T19:26:44Z,26.506802,-76.985083,6.24,189.5,1,8,1.2
2024-03-25T19:26:49Z,26.506657,-76.985113,6.40,190.9,1,8,1.2
2024-03-25T19:26:54Z,26.506512,-76.985143,6.43,188.9,1,8,1.2
2024-03-25T19:26:59Z,26.506365,-76.985172,6.45,188.4,1,8,1.2
2024-03-25T19:27:04Z,26.506220,-76.985197,6.22,188.6,1,8,1.2
2024-03-25T19:27:14Z,26.505947,-76.985277,5.92,200.3,1,9,1.0
2024-03-25T19:27:19Z,26.505822,-76.985343,5.63,205.6,1,9,1.0
2024-03-25T19:27:24Z,26.505698,-76.985405,5.66,202.5,1,8,1.2
2024-03-25T19:27:29Z,26.505580,-76.985467,5.56,206.6,1,9,1.0
2024-03-25T19:27:34Z,26.505473,-76.985533,5.24,210.1,1,9,1.0
2024-03-25T19:27:39Z,26.505370,-76.985602,5.42,210.3,1,8,1.1
2024-03-25T19:27:49Z,26.505160,-76.985717,4.87,201.5,1,8,1.2
2024-03-25T19:27:54Z,26.505055,-76.985773,5.21,206.9,1,8,1.2
2024-03-25T19:27:59Z,26.504952,-76.985835,5.10,204.8,1,8,1.2
2024-03-25T19:28:04Z,26.504848,-76.985895,5.00,207.1,1,9,1.0
2024-03-25T19:28:09Z,26.504748,-76.985958,4.99,208.2,1,9,1.0
2024-03-25T19:28:14Z,26.504648,-76.986027,5.03,212.4,1,9,1.0
2024-03-25T19:28:24Z,26.504442,-76.986140,5.30,209.1,1,9,1.0
2024-03-25T19:28:29Z,26.504342,-76.986207,5.26,208.7,1,9,1.0
2024-03-25T19:28:34Z,26.504233,-76.986267,5.61,209.8,1,9,1.0
2024-03-25T19:28:39Z,26.504120,-76.986330,5.42,208.6,1,9,1.0
2024-03-25T19:28:44Z,26.504010,-76.986393,5.43,208.6,1,9,1.0
2024-03-25T19:28:49Z,26.503897,-76.986455,5.29,210.6,1,9,1.0
2024-03-25T19:28:54Z,26.503790,-76.986532,5.43,207.7,1,9,1.0
2024-03-25T19:28:59Z,26.503688,-76.986617,5.41,213.1,1,9,1.0
2024-03-25T19:29:04Z,26.503583,-76.986697,5.47,213.5,1,9,1.0
2024-03-25T19:29:09Z,26.503478,-76.986783,5.44,213.4,1,9,1.0
2024-03-25T19:29:14Z,26.503375,-76.986873,5.55,214.7,1,9,1.0
2024-03-25T19:29:19Z,26.503268,-76.986962,5.58,212.5,1,9,1.0
2024-03-25T19:29:29Z,26.503073,-76.987128,4.89,217.0,1,9,1.0
2024-03-25T19:29:34Z,26.502980,-76.987202,4.85,214.1,1,9,1.0
2024-03-25T19:29:39Z,26.502882,-76.987262,4.67,208.3,1,9,1.0
2024-03-25T19:29:44Z,26.502788,-76.987323,4.63,206.2,1,9,1.0
2024-03-25T19:29:49Z,26.502693,-76.987383,4.75,203.5,1,9,1.0
2024-03-25T19:29:54Z,26.502592,-76.987435,4.81,201.9,1,9,1.0
2024-03-25T19:29:59Z,26.502497,-76.987502,4.77,209.7,1,9,1.0
2024-03-25T19:30:04Z,26.502397,-76.987558,4.85,199.6,1,9,1.0
2024-03-25T19:30:09Z,26.502300,-76.987615,4.72,198.8,2,9,1.0
2024-03-25T19:30:14Z,26.502207,-76.987677,4.58,207.9,2,8,1.2
2024-03-25T19:30:19Z,26.502122,-76.987747,4.59,208.7,2,9,1.0
2024-03-25T19:30:24Z,26.502020,-76.987807,4.84,210.4,2,9,1.0
2024-03-25T19:30:29Z,26.501918,-76.987873,5.09,209.3,2,8,1.2
2024-03-25T19:30:34Z,26.501817,-76.987945,4.95,208.3,2,9,1.0
2024-03-25T19:30:39Z,26.501717,-76.988013,5.17,212.2,2,9,1.0
2024-03-25T19:30:44Z,26.501617,-76.988088,5.15,219.4,2,9,1.0
2024-03-25T19:30:49Z,26.501538,-76.988178,4.90,227.7,2,9,1.0
2024-03-25T19:30:59Z,26.501397,-76.988342,4.48,225.6,1,9,1.0
2024-03-25T19:31:04Z,26.501330,-76.988432,4.40,229.3,1,9,1.0
2024-03-25T19:31:09Z,26.501267,-76.988515,4.43,228.7,1,9,1.0
2024-03-25T19:31:14Z,26.501198,-76.988600,4.36,227.8,1,9,1.0
2024-03-25T19:31:19Z,26.501128,-76.988680,4.41,224.8,1,9,1.0
2024-03-25T19:31:29Z,26.500988,-76.988845,4.52,227.9,1,8,1.1
2024-03-25T19:31:34Z,26.500920,-76.988925,4.64,226.6,1,9,1.0
2024-03-25T19:31:39Z,26.500842,-76.989017,4.61,225.4,1,9,1.0
2024-03-25T19:31:44Z,26.500767,-76.989117,4.64,223.0,1,9,1.0
2024-03-25T19:31:49Z,26.500692,-76.989207,4.74,226.9,1,9,1.0
2024-03-25T19:31:54Z,26.500617,-76.989295,4.87,227.5,1,9,1.0
2024-03-25T19:31:59Z,26.500540,-76.989393,4.53,227.3,1,9,1.0
2024-03-25T19:32:04Z,26.500470,-76.989482,4.54,228.8,1,9,1.0
2024-03-25T19:32:09Z,26.500402,-76.989568,4.51,230.1,1,9,1.0
2024-03-25T19:32:14Z,26.500335,-76.989657,4.36,229.6,1,9,1.0
2024-03-25T19:32:24Z,26.500203,-76.989833,4.43,229.3,1,9,1.0
2024-03-25T19:32:29Z,26.500137,-76.989918,4.12,227.1,1,9,1.0
2024-03-25T19:32:34Z,26.500070,-76.990000,3.95,226.9,1,9,1.0
2024-03-25T19:32:39Z,26.500007,-76.990083,4.22,230.0,1,9,1.0
2024-03-25T19:32:44Z,26.499943,-76.990168,4.30,229.8,1,9,1.0
2024-03-25T19:32:49Z,26.499882,-76.990257,4.84,234.6,1,9,1.0
2024-03-25T19:32:54Z,26.499815,-76.990355,4.73,233.7,1,9,1.0
2024-03-25T19:32:59Z,26.499750,-76.990452,4.24,231.0,1,9,1.0
2024-03-25T19:33:04Z,26.499688,-76.990543,4.34,231.5,1,9,1.0
2024-03-25T19:33:09Z,26.499627,-76.990630,4.41,231.1,1,9,1.0
2024-03-25T19:33:19Z,26.499503,-76.990790,4.01,229.6,1,9,1.0
2024-03-25T19:33:24Z,26.499438,-76.990880,4.41,229.6,1,9,1.0
2024-03-25T19:33:29Z,26.499372,-76.990967,4.46,227.6,1,9,1.0
2024-03-25T19:33:34Z,26.499303,-76.991053,4.44,227.2,1,9,1.0
2024-03-25T19:33:39Z,26.499235,-76.991148,4.26,226.7,1,9,1.0
2024-03-25T19:33:44Z,26.499167,-76.991228,4.32,224.1,1,9,1.0
2024-03-25T19:33:49Z,26.499098,-76.991298,4.23,221.8,1,9,1.0
2024-03-25T19:33:54Z,26.499023,-76.991368,4.31,220.7,1,9,1.0
2024-03-25T19:33:59Z,26.498943,-76.991442,4.42,216.7,1,9,1.0
2024-03-25T19:34:04Z,26.498858,-76.991500,4.45,211.3,1,9,1.0
2024-03-25T19:34:14Z,26.498672,-76.991622,4.58,206.0,1,9,1.0
2024-03-25T19:34:19Z,26.498563,-76.991670,4.65,196.6,1,9,1.0
2024-03-25T19:34:24Z,26.498445,-76.991705,4.94,194.4,1,9,1.0
2024-03-25T19:34:29Z,26.498328,-76.991738,5.01,194.3,1,9,1.0
2024-03-25T19:34:39Z,26.498073,-76.991808,5.47,198.7,1,9,1.0
2024-03-25T19:34:44Z,26.497950,-76.991847,5.92,189.6,1,9,1.0
2024-03-25T19:34:49Z,26.497825,-76.991892,5.87,197.4,1,9,1.0
2024-03-25T19:34:54Z,26.497692,-76.991927,6.13,190.0,1,9,1.0
2024-03-25T19:34:59Z,26.497558,-76.991962,6.09,190.0,1,8,1.0
2024-03-25T19:35:04Z,26.497418,-76.991992,6.53,184.9,1,9,1.0
2024-03-25T19:35:09Z,26.497277,-76.992027,6.48,191.5,1,8,1.2
2024-03-25T19:35:14Z,26.497128,-76.992058,6.26,195.0,1,9,1.0
2024-03-25T19:35:19Z,26.496983,-76.992100,6.48,191.7,1,9,1.0
2024-03-25T19:35:24Z,26.496838,-76.992135,6.42,190.4,1,9,1.0
2024-03-25T19:35:34Z,26.496548,-76.992207,6.42,193.5,1,9,1.0
2024-03-25T19:35:39Z,26.496410,-76.992240,6.41,196.0,1,9,1.0
2024-03-25T19:35:44Z,26.496268,-76.992277,6.89,187.5,1,9,1.0
2024-03-25T19:35:49Z,26.496123,-76.992308,6.16,191.8,1,9,1.0
2024-03-25T19:35:54Z,26.495992,-76.992350,5.84,194.0,1,8,1.2
2024-03-25T19:36:04Z,26.495743,-76.992435,5.83,187.4,1,8,1.2
2024-03-25T19:36:09Z,26.495610,-76.992462,6.02,188.5,1,8,1.2
2024-03-25T19:36:14Z,26.495495,-76.992508,5.62,192.4,1,9,1.0
2024-03-25T19:36:19Z,26.495363,-76.992535,5.75,186.3,1,9,1.0
2024-03-25T19:36:24Z,26.495230,-76.992553,5.82,187.1,1,9,1.0
2024-03-25T19:36:34Z,26.494962,-76.992598,5.68,191.4,1,9,1.0
2024-03-25T19:36:39Z,26.494832,-76.992630,5.67,189.4,1,9,1.0
2024-03-25T19:36:44Z,26.494702,-76.992658,5.55,193.3,1,9,1.0
2024-03-25T19:36:49Z,26.494575,-76.992687,5.51,195.9,1,9,1.0
2024-03-25T19:36:54Z,26.494462,-76.992727,5.12,197.4,1,9,1.0
2024-03-25T19:37:04Z,26.494217,-76.992782,5.08,197.6,1,9,1.0
2024-03-25T19:37:09Z,26.494095,-76.992810,5.70,186.8,1,9,1.0
2024-03-25T19:37:14Z,26.493980,-76.992843,5.13,193.1,1,9,1.0
2024-03-25T19:37:19Z,26.493870,-76.992880,5.12,191.8,1,9,1.0
2024-03-25T19:37:24Z,26.493757,-76.992912,5.05,194.3,1,8,1.2
2024-03-25T19:37:34Z,26.493535,-76.992962,4.96,189.5,1,9,1.0
2024-03-25T19:37:39Z,26.493425,-76.992987,4.94,188.7,1,9,1.0
2024-03-25T19:37:44Z,26.493318,-76.993012,4.74,194.6,1,9,1.0
2024-03-25T19:37:49Z,26.493213,-76.993038,4.89,184.0,2,9,1.0
2024-03-25T19:37:54Z,26.493110,-76.993058,4.49,196.0,2,9,1.0
2024-03-25T19:38:04Z,26.492900,-76.993118,4.74,192.5,2,9,1.0
2024-03-25T19:38:09Z,26.492793,-76.993150,4.80,192.6,2,9,1.0
2024-03-25T19:38:14Z,26.492687,-76.993175,4.83,190.4,2,9,1.0
2024-03-25T19:38:19Z,26.492578,-76.993202,4.78,190.9,2,9,1.0
2024-03-25T19:38:24Z,26.492470,-76.993220,4.79,188.9,2,9,1.0
2024-03-25T19:38:29Z,26.492365,-76.993248,4.61,190.9,2,9,1.0
2024-03-25T19:38:39Z,26.492163,-76.993298,4.56,195.3,2,9,1.0
2024-03-25T19:38:44Z,26.492062,-76.993320,4.44,192.6,2,9,1.0
2024-03-25T19:38:49Z,26.491963,-76.993348,4.58,193.8,2,9,1.0
2024-03-25T19:38:54Z,26.491857,-76.993375,4.61,193.9,2,9,1.0
2024-03-25T19:38:59Z,26.491755,-76.993412,4.76,197.4,2,9,1.0
2024-03-25T19:39:09Z,26.491537,-76.993495,5.03,196.8,2,9,1.0
2024-03-25T19:39:14Z,26.491428,-76.993540,4.98,198.9,2,9,1.0
2024-03-25T19:39:19Z,26.491308,-76.993580,5.43,191.7,2,9,1.0
2024-03-25T19:39:24Z,26.491192,-76.993617,4.89,194.8,2,9,1.0
2024-03-25T19:39:29Z,26.491080,-76.993655,5.10,199.1,2,9,1.0
2024-03-25T19:39:39Z,26.490852,-76.993733,5.22,200.1,2,8,1.2
2024-03-25T19:39:44Z,26.490743,-76.993785,5.14,203.1,2,9,1.0
2024-03-25T19:39:49Z,26.490635,-76.993838,5.32,203.9,2,9,1.0
2024-03-25T19:39:54Z,26.490530,-76.993902,5.18,204.9,2,9,1.0
2024-03-25T19:39:59Z,26.490427,-76.993965,5.07,205.2,2,9,1.0
2024-03-25T19:40:04Z,26.490328,-76.994022,4.78,203.4,2,9,1.0
2024-03-25T19:40:14Z,26.490128,-76.994123,4.86,206.5,2,9,1.0
2024-03-25T19:40:19Z,26.490027,-76.994177,4.89,206.2,2,9,1.0
2024-03-25T19:40:24Z,26.489925,-76.994218,4.61,202.4,2,10,0.9
2024-03-25T19:40:29Z,26.489818,-76.994265,5.24,203.0,2,10,0.9
2024-03-25T19:40:34Z,26.489710,-76.994302,4.91,199.7,2,10,0.9
2024-03-25T19:40:39Z,26.489593,-76.994338,5.16,196.1,2,10,0.9
2024-03-25T19:40:44Z,26.489478,-76.994380,5.21,197.8,2,10,0.9
2024-03-25T19:40:49Z,26.489363,-76.994423,5.22,198.3,2,10,0.9
2024-03-25T19:40:54Z,26.489253,-76.994468,5.24,198.4,1,10,0.9
2024-03-25T19:40:59Z,26.489142,-76.994513,5.20,198.9,1,10,0.9
2024-03-25T19:41:04Z,26.489030,-76.994557,5.10,203.1,1,10,0.9
2024-03-25T19:41:09Z,26.488920,-76.994607,5.25,201.4,1,10,0.9
2024-03-25T19:41:19Z,26.488703,-76.994720,5.37,202.7,1,10,0.9
2024-03-25T19:41:24Z,26.488593,-76.994785,5.35,206.3,1,10,0.9
2024-03-25T19:41:29Z,26.488478,-76.994853,5.65,206.4,1,10,0.9
2024-03-25T19:41:34Z,26.488358,-76.994922,5.88,206.4,1,10,0.9
2024-03-25T19:41:39Z,26.488238,-76.994990,5.99,205.1,1,10,0.9
2024-03-25T19:41:44Z,26.488113,-76.995047,6.03,204.8,1,10,0.9
2024-03-25T19:41:49Z,26.487990,-76.995098,6.05,201.9,1,10,0.9
2024-03-25T19:41:54Z,26.487860,-76.995168,6.06,206.4,1,10,0.9
2024-03-25T19:41:59Z,26.487732,-76.995242,6.02,204.9,1,10,0.9
2024-03-25T19:42:04Z,26.487603,-76.995310,6.07,207.9,1,10,0.9
2024-03-25T19:42:09Z,26.487475,-76.995377,6.07,204.7,1,10,0.9
2024-03-25T19:42:14Z,26.487348,-76.995445,6.03,206.3,1,10,0.9
2024-03-25T19:42:19Z,26.487225,-76.995515,5.80,204.0,1,10,0.9
2024-03-25T19:42:24Z,26.487098,-76.995567,5.94,204.6,1,10,0.9
2024-03-25T19:42:29Z,26.486973,-76.995630,6.01,199.4,1,10,0.9
2024-03-25T19:42:34Z,26.486845,-76.995690,6.04,203.2,1,10,0.9
2024-03-25T19:42:39Z,26.486712,-76.995748,6.25,202.0,1,9,1.0
2024-03-25T19:42:44Z,26.486573,-76.995808,6.48,201.9,1,10,0.9
2024-03-25T19:42:49Z,26.486433,-76.995865,6.38,201.8,1,10,0.9
2024-03-25T19:42:54Z,26.486295,-76.995925,6.50,198.3,1,10,0.9
2024-03-25T19:42:59Z,26.486158,-76.995987,6.45,202.6,1,10,0.9
2024-03-25T19:43:04Z,26.486022,-76.996052,6.36,200.8,1,10,0.9
2024-03-25T19:43:09Z,26.485885,-76.996115,6.34,198.7,1,10,0.9
2024-03-25T19:43:14Z,26.485752,-76.996173,6.19,201.7,1,10,0.9
2024-03-25T19:43:19Z,26.485618,-76.996235,6.27,205.3,1,10,0.9
2024-03-25T19:43:24Z,26.485488,-76.996298,5.97,202.7,1,9,1.0
2024-03-25T19:43:29Z,26.485360,-76.996353,5.87,203.1,1,10,0.9
2024-03-25T19:43:34Z,26.485238,-76.996413,5.64,203.4,1,10,0.9
2024-03-25T19:43:39Z,26.485118,-76.996463,5.61,199.0,1,10,0.9
2024-03-25T19:43:44Z,26.484998,-76.996513,5.63,200.3,1,10,0.9
2024-03-25T19:43:49Z,26.484872,-76.996565,5.74,200.2,1,10,0.9
2024-03-25T19:43:54Z,26.484743,-76.996617,6.13,197.1,1,8,1.3
2024-03-25T19:43:59Z,26.484610,-76.996665,6.10,197.0,1,9,1.0
2024-03-25T19:44:09Z,26.484348,-76.996762,5.96,202.3,1,10,0.9
2024-03-25T19:44:14Z,26.484222,-76.996828,5.93,200.7,1,10,0.9
2024-03-25T19:44:19Z,26.484090,-76.996882,6.02,202.1,1,10,0.9
2024-03-25T19:44:24Z,26.483955,-76.996933,6.10,202.4,1,10,0.9
2024-03-25T19:44:29Z,26.483822,-76.996982,6.04,199.1,1,10,0.9
2024-03-25T19:44:34Z,26.483692,-76.997033,5.94,199.8,1,10,0.9
2024-03-25T19:44:39Z,26.483563,-76.997083,5.94,201.4,1,10,0.9
2024-03-25T19:44:44Z,26.483437,-76.997135,5.79,201.1,1,10,0.9
2024-03-25T19:44:49Z,26.483312,-76.997187,5.70,200.2,1,10,0.9
2024-03-25T19:44:54Z,26.483190,-76.997240,5.71,201.2,1,10,0.9
2024-03-25T19:44:59Z,26.483068,-76.997290,5.56,202.0,1,10,0.9
2024-03-25T19:45:09Z,26.482832,-76.997400,5.78,202.7,2,10,0.9
2024-03-25T19:45:14Z,26.482708,-76.997462,5.93,201.1,2,10,0.9
2024-03-25T19:45:19Z,26.482580,-76.997515,6.05,199.4,2,10,0.9
2024-03-25T19:45:24Z,26.482452,-76.997570,5.88,195.5,2,10,0.9
2024-03-25T19:45:29Z,26.482327,-76.997623,5.77,201.3,2,10,0.9
2024-03-25T19:45:34Z,26.482202,-76.997673,5.78,204.4,1,10,0.9
2024-03-25T19:45:39Z,26.482077,-76.997730,5.93,202.7,1,10,0.9
2024-03-25T19:45:44Z,26.481948,-76.997788,6.15,200.2,1,10,0.9
2024-03-25T19:45:49Z,26.481813,-76.997837,5.99,198.6,1,8,1.2
2024-03-25T19:45:54Z,26.481677,-76.997888,6.33,199.6,1,10,0.9
2024-03-25T19:45:59Z,26.481535,-76.997952,6.81,198.8,1,10,0.9
2024-03-25T19:46:04Z,26.481387,-76.998010,6.97,197.8,1,10,0.9
2024-03-25T19:46:09Z,26.481235,-76.998062,6.82,197.1,1,10,0.9
2024-03-25T19:46:14Z,26.481088,-76.998118,6.62,199.7,1,10,0.9
2024-03-25T19:46:19Z,26.480943,-76.998177,6.68,200.0,1,10,0.9
2024-03-25T19:46:24Z,26.480800,-76.998237,6.54,201.8,1,10,0.9
2024-03-25T19:46:29Z,26.480663,-76.998302,6.46,200.3,2,10,0.9
2024-03-25T19:46:34Z,26.480525,-76.998360,6.33,201.5,2,10,0.9
2024-03-25T19:46:44Z,26.480257,-76.998478,6.15,202.5,1,10,0.9
2024-03-25T19:46:49Z,26.480123,-76.998535,6.16,199.0,1,10,0.9
2024-03-25T19:46:54Z,26.479990,-76.998592,6.15,201.2,1,10,0.9
2024-03-25T19:46:59Z,26.479858,-76.998647,6.19,197.3,1,10,0.9
2024-03-25T19:47:04Z,26.479728,-76.998703,6.02,200.4,1,10,0.9
2024-03-25T19:47:14Z,26.479468,-76.998808,5.82,200.8,1,10,0.9
2024-03-25T19:47:19Z,26.479343,-76.998862,5.78,200.5,1,10,0.9
2024-03-25T19:47:24Z,26.479220,-76.998912,5.61,197.8,1,10,0.9
2024-03-25T19:47:29Z,26.479103,-76.998967,5.41,203.9,1,10,0.9
2024-03-25T19:47:34Z,26.478987,-76.999017,5.49,200.9,1,10,0.9
2024-03-25T19:47:39Z,26.478867,-76.999063,5.47,199.3,1,10,0.9
2024-03-25T19:47:44Z,26.478748,-76.999115,5.54,199.6,1,10,0.9
2024-03-25T19:47:54Z,26.478500,-76.999217,5.65,199.5,1,10,0.9
2024-03-25T19:47:59Z,26.478370,-76.999262,6.04,195.4,1,10,0.9
2024-03-25T19:48:04Z,26.478237,-76.999305,6.14,194.1,1,10,0.9
2024-03-25T19:48:09Z,26.478102,-76.999358,6.35,197.4,1,10,0.9
2024-03-25T19:48:14Z,26.477965,-76.999413,6.37,196.1,1,10,0.9
2024-03-25T19:48:19Z,26.477830,-76.999465,6.01,198.8,1,10,0.9
2024-03-25T19:48:24Z,26.477702,-76.999518,5.82,199.8,1,10,0.9
2024-03-25T19:48:29Z,26.477577,-76.999570,5.70,198.7,1,10,0.9
2024-03-25T19:48:34Z,26.477458,-76.999623,5.43,202.8,1,10,0.9
2024-03-25T19:48:39Z,26.477343,-76.999675,5.40,198.9,1,10,0.9
2024-03-25T19:48:44Z,26.477228,-76.999727,5.38,202.3,1,10,0.9
2024-03-25T19:48:49Z,26.477108,-76.999777,5.69,199.0,1,10,0.9
2024-03-25T19:48:54Z,26.476985,-76.999825,5.79,194.8,1,9,1.0
2024-03-25T19:49:04Z,26.476712,-76.999912,6.23,193.4,1,10,0.9
2024-03-25T19:49:09Z,26.476573,-76.999960,6.45,196.7,1,10,0.9
2024-03-25T19:49:14Z,26.476435,-77.000018,6.51,199.2,1,10,0.9
2024-03-25T19:49:19Z,26.476297,-77.000077,6.24,201.3,1,10,0.9
2024-03-25T19:49:24Z,26.476162,-77.000135,6.27,202.1,1,10,0.9
2024-03-25T19:49:29Z,26.476023,-77.000192,6.68,198.6,1,10,0.9
2024-03-25T19:49:34Z,26.475882,-77.000250,6.46,199.8,1,10,0.9
2024-03-25T19:49:39Z,26.475742,-77.000308,6.59,199.0,1,10,0.9
2024-03-25T19:49:44Z,26.475600,-77.000365,6.34,202.0,1,10,0.9
2024-03-25T19:49:49Z,26.475463,-77.000427,6.36,201.5,1,10,0.9
2024-03-25T19:49:54Z,26.475328,-77.000485,6.26,199.5,1,10,0.9
2024-03-25T19:49:59Z,26.475193,-77.000545,6.27,203.0,1,10,0.9
2024-03-25T19:50:04Z,26.475060,-77.000607,6.16,202.2,1,10,0.9
2024-03-25T19:50:09Z,26.474927,-77.000665,6.07,202.1,1,10,0.9
2024-03-25T19:50:19Z,26.474662,-77.000767,5.92,197.4,1,10,0.9
2024-03-25T19:50:24Z,26.474537,-77.000817,5.73,196.4,1,10,0.9
2024-03-25T19:50:29Z,26.474412,-77.000862,5.62,200.6,1,10,0.9
2024-03-25T19:50:34Z,26.474290,-77.000915,5.59,197.3,1,10,0.9
2024-03-25T19:50:39Z,26.474167,-77.000960,5.58,197.1,1,10,0.9
2024-03-25T19:50:44Z,26.474042,-77.001003,5.77,198.6,1,10,0.9
2024-03-25T19:50:49Z,26.473912,-77.001045,5.78,193.3,1,10,0.9
2024-03-25T19:50:59Z,26.473642,-77.001118,6.00,193.9,1,10,0.9
2024-03-25T19:51:04Z,26.473502,-77.001160,6.25,194.2,1,10,0.9
2024-03-25T19:51:09Z,26.473362,-77.001205,6.19,199.3,1,10,0.9
2024-03-25T19:51:14Z,26.473225,-77.001258,6.13,198.1,1,10,0.9
2024-03-25T19:51:19Z,26.473095,-77.001318,5.89,200.4,1,10,0.9
2024-03-25T19:51:24Z,26.472968,-77.001370,5.53,194.9,1,10,0.9
2024-03-25T19:51:34Z,26.472728,-77.001468,5.46,201.2,1,9,0.9
2024-03-25T19:51:39Z,26.472610,-77.001515,5.50,196.4,1,9,0.9
2024-03-25T19:51:44Z,26.472493,-77.001563,5.36,201.1,1,10,0.9
2024-03-25T19:51:49Z,26.472378,-77.001617,5.30,201.1,1,10,0.9
2024-03-25T19:51:54Z,26.472260,-77.001665,5.42,199.9,1,10,0.9
2024-03-25T19:51:59Z,26.472143,-77.001710,5.34,200.0,1,10,0.9
2024-03-25T19:52:04Z,26.472023,-77.001753,5.47,198.1,1,10,0.9
2024-03-25T19:52:09Z,26.471902,-77.001793,5.54,193.7,1,10,0.9
2024-03-25T19:52:14Z,26.471777,-77.001833,5.73,197.1,1,10,0.9
2024-03-25T19:52:19Z,26.471645,-77.001872,5.75,194.7,1,9,1.2
2024-03-25T19:52:24Z,26.471517,-77.001913,5.67,196.3,1,10,0.9
2024-03-25T19:52:34Z,26.471255,-77.002013,6.05,198.2,1,10,0.9
2024-03-25T19:52:39Z,26.471122,-77.002062,6.06,197.0,1,10,0.9
2024-03-25T19:52:44Z,26.470987,-77.002113,6.17,195.1,1,10,0.9
2024-03-25T19:52:49Z,26.470852,-77.002168,6.08,201.0,1,10,0.9
2024-03-25T19:52:54Z,26.470717,-77.002225,6.00,197.8,1,10,0.9
2024-03-25T19:52:59Z,26.470585,-77.002278,5.92,196.1,1,10,0.9
2024-03-25T19:53:09Z,26.470325,-77.002383,5.84,200.3,1,10,0.9
2024-03-25T19:53:14Z,26.470198,-77.002433,5.81,200.5,1,10,0.9
2024-03-25T19:53:19Z,26.470068,-77.002485,5.91,197.3,1,10,0.9
2024-03-25T19:53:24Z,26.469940,-77.002530,5.79,197.3,1,10,0.9
2024-03-25T19:53:29Z,26.469813,-77.002578,5.76,197.0,1,10,0.9
2024-03-25T19:53:39Z,26.469555,-77.002668,5.82,194.6,1,10,0.9
2024-03-25T19:53:44Z,26.469423,-77.002710,5.98,196.4,1,10,0.9
2024-03-25T19:53:49Z,26.469290,-77.002753,5.86,197.6,1,10,0.9
2024-03-25T19:53:54Z,26.469160,-77.002798,5.81,196.4,1,10,0.9
2024-03-25T19:53:59Z,26.469032,-77.002850,5.75,200.8,1,10,0.9
2024-03-25T19:54:04Z,26.468903,-77.002903,5.89,198.8,1,10,0.9
2024-03-25T19:54:14Z,26.468648,-77.002985,5.76,198.9,1,10,0.9
2024-03-25T19:54:19Z,26.468522,-77.003037,5.76,200.0,1,10,0.9
2024-03-25T19:54:24Z,26.468398,-77.003095,5.83,201.5,1,10,0.9
2024-03-25T19:54:29Z,26.468268,-77.003157,6.06,201.5,1,10,0.9
2024-03-25T19:54:34Z,26.468135,-77.003213,6.10,198.4,1,10,0.9
2024-03-25T19:54:39Z,26.467998,-77.003265,6.32,197.8,1,10,0.9
2024-03-25T19:54:49Z,26.467712,-77.003388,7.02,201.6,1,10,0.9
2024-03-25T19:54:54Z,26.467557,-77.003457,7.29,201.2,1,10,0.9
2024-03-25T19:54:59Z,26.467393,-77.003515,7.50,197.3,1,10,0.9
2024-03-25T19:55:04Z,26.467230,-77.003570,7.52,194.0,1,10,0.9
2024-03-25T19:55:09Z,26.467062,-77.003625,7.48,196.5,1,10,0.9
2024-03-25T19:55:14Z,26.466895,-77.003685,7.69,198.2,2,10,0.9
2024-03-25T19:55:19Z,26.466730,-77.003750,7.35,198.6,2,10,0.9
2024-03-25T19:55:24Z,26.466570,-77.003815,7.23,198.9,2,10,0.9
2024-03-25T19:55:29Z,26.466417,-77.003882,6.91,201.0,2,10,0.9
2024-03-25T19:55:34Z,26.466272,-77.003948,6.65,202.1,2,10,0.9
2024-03-25T19:55:39Z,26.466130,-77.004013,6.44,202.6,2,10,0.9
2024-03-25T19:55:44Z,26.465992,-77.004080,6.59,200.7,2,10,0.9
2024-03-25T19:55:49Z,26.465848,-77.004140,6.68,200.8,1,10,0.9
2024-03-25T19:55:54Z,26.465700,-77.004200,6.97,198.9,1,10,0.9
2024-03-25T19:55:59Z,26.465545,-77.004257,6.98,196.4,1,10,0.9
2024-03-25T19:56:04Z,26.465385,-77.004312,7.52,197.5,1,9,1.2
2024-03-25T19:56:09Z,26.465222,-77.004368,7.42,195.9,1,10,0.9
2024-03-25T19:56:14Z,26.465058,-77.004427,7.29,196.2,2,10,0.9
2024-03-25T19:56:19Z,26.464900,-77.004488,7.32,199.0,2,10,0.9
2024-03-25T19:56:24Z,26.464740,-77.004548,7.19,199.6,2,10,0.9
2024-03-25T19:56:29Z,26.464587,-77.004612,7.08,200.3,2,10,0.9
2024-03-25T19:56:39Z,26.464280,-77.004742,7.05,198.0,2,10,0.9
2024-03-25T19:56:44Z,26.464122,-77.004802,7.21,196.9,2,10,0.9
2024-03-25T19:56:49Z,26.463962,-77.004862,7.23,196.1,2,10,0.9
2024-03-25T19:56:54Z,26.463807,-77.004923,7.00,199.7,2,10,0.9
2024-03-25T19:56:59Z,26.463653,-77.004993,7.15,202.6,2,10,0.9
2024-03-25T19:57:04Z,26.463498,-77.005063,7.10,200.3,2,10,0.9
2024-03-25T19:57:09Z,26.463343,-77.005128,7.02,199.5,2,10,0.9
2024-03-25T19:57:19Z,26.463045,-77.005262,6.75,203.4,2,10,0.9
2024-03-25T19:57:24Z,26.462905,-77.005335,6.63,204.7,2,10,0.9
2024-03-25T19:57:29Z,26.462765,-77.005405,6.51,202.3,2,10,0.9
2024-03-25T19:57:34Z,26.462625,-77.005465,6.53,200.9,2,10,0.9
2024-03-25T19:57:39Z,26.462483,-77.005530,6.67,199.7,2,10,0.9
2024-03-25T19:57:44Z,26.462333,-77.005595,6.90,200.1,2,10,0.9
2024-03-25T19:57:49Z,26.462177,-77.005662,7.24,199.5,2,10,0.9
2024-03-25T19:57:59Z,26.461850,-77.005778,7.49,197.0,2,10,0.9
2024-03-25T19:58:04Z,26.461688,-77.005832,7.40,195.2,2,10,0.9
2024-03-25T19:58:09Z,26.461527,-77.005882,7.30,196.1,1,10,0.9
2024-03-25T19:58:14Z,26.461368,-77.005945,7.10,199.9,1,10,0.9
2024-03-25T19:58:19Z,26.461217,-77.006008,6.95,199.6,1,10,0.9
2024-03-25T19:58:24Z,26.461067,-77.006070,6.88,200.1,1,10,0.9
2024-03-25T19:58:29Z,26.460920,-77.006132,6.71,199.8,1,10,0.9
2024-03-25T19:58:39Z,26.460627,-77.006258,6.77,200.0,1,10,0.9
2024-03-25T19:58:44Z,26.460480,-77.006318,6.77,199.1,1,10,0.9
2024-03-25T19:58:49Z,26.460332,-77.006382,6.75,198.9,2,10,0.9
2024-03-25T19:58:54Z,26.460183,-77.006443,6.77,199.0,2,10,0.9
2024-03-25T19:58:59Z,26.460035,-77.006500,6.73,200.3,2,10,0.9
2024-03-25T19:59:04Z,26.459890,-77.006560,6.72,200.6,2,10,0.9
2024-03-25T19:59:09Z,26.459747,-77.006620,6.53,200.2,2,10,0.9
2024-03-25T19:59:19Z,26.459473,-77.006740,6.03,199.2,2,10,0.9
2024-03-25T19:59:24Z,26.459340,-77.006797,6.23,202.5,2,10,0.9
2024-03-25T19:59:29Z,26.459208,-77.006858,6.22,201.1,2,10,0.9
2024-03-25T19:59:34Z,26.459070,-77.006915,6.38,198.5,2,10,0.9
2024-03-25T19:59:39Z,26.458925,-77.006972,6.58,199.3,2,10,0.9
2024-03-25T19:59:44Z,26.458780,-77.007030,6.56,198.9,1,10,0.9
2024-03-25T19:59:49Z,26.458633,-77.007087,6.73,199.2,1,10,0.9
2024-03-25T19:59:54Z,26.458483,-77.007147,7.00,199.9,1,10,0.9
2024-03-25T19:59:59Z,26.458330,-77.007203,6.85,197.2,1,10,0.9
2024-03-25T20:00:04Z,26.458177,-77.007250,6.92,194.2,1,10,0.9
2024-03-25T20:00:09Z,26.458022,-77.007288,6.76,193.5,1,10,0.9
2024-03-25T20:00:14Z,26.457870,-77.007333,6.94,196.1,1,10,0.9
2024-03-25T20:00:19Z,26.457718,-77.007395,6.55,199.1,1,10,0.9
2024-03-25T20:00:24Z,26.457568,-77.007462,7.10,200.7,1,10,0.9
2024-03-25T20:00:34Z,26.457268,-77.007582,6.77,198.9,2,10,0.9
2024-03-25T20:00:39Z,26.457123,-77.007637,6.54,198.6,2,10,0.9
2024-03-25T20:00:44Z,26.456985,-77.007693,6.22,201.8,2,10,0.9
2024-03-25T20:00:49Z,26.456848,-77.007763,6.31,204.3,2,10,0.9
2024-03-25T20:00:54Z,26.456718,-77.007832,5.96,202.9,2,10,0.9
2024-03-25T20:00:59Z,26.456587,-77.007895,6.24,200.9,2,10,0.9
2024-03-25T20:01:04Z,26.456452,-77.007948,6.27,199.3,2,10,0.9
2024-03-25T20:01:14Z,26.456178,-77.008060,6.28,200.4,2,10,0.9
2024-03-25T20:01:19Z,26.456042,-77.008118,6.35,200.6,2,10,0.9
2024-03-25T20:01:24Z,26.455903,-77.008180,6.47,201.6,2,10,0.9
2024-03-25T20:01:29Z,26.455765,-77.008240,6.44,200.2,2,10,0.9
2024-03-25T20:01:34Z,26.455623,-77.008297,6.42,198.2,2,10,0.9
2024-03-25T20:01:39Z,26.455477,-77.008348,6.53,198.7,2,10,0.9
2024-03-25T20:01:44Z,26.455328,-77.008400,6.72,196.8,2,10,0.9
2024-03-25T20:01:54Z,26.455030,-77.008498,6.61,195.2,2,10,0.9
2024-03-25T20:01:59Z,26.454885,-77.008547,6.69,195.0,2,10,0.9
2024-03-25T20:02:04Z,26.454740,-77.008585,6.68,194.0,2,10,0.9
2024-03-25T20:02:09Z,26.454585,-77.008622,6.74,195.7,1,10,0.9
2024-03-25T20:02:14Z,26.454427,-77.008658,6.97,192.9,1,10,0.9
2024-03-25T20:02:19Z,26.454265,-77.008705,7.07,193.5,2,10,0.9
2024-03-25T20:02:24Z,26.454102,-77.008748,7.28,193.8,2,10,0.9
2024-03-25T20:02:29Z,26.453935,-77.008793,7.61,194.7,2,10,0.9
2024-03-25T20:02:34Z,26.453760,-77.008842,7.79,192.7,2,10,0.9
2024-03-25T20:02:39Z,26.453582,-77.008900,7.81,194.1,2,10,0.9
2024-03-25T20:02:44Z,26.453405,-77.008955,7.86,196.0,2,10,0.9
2024-03-25T20:02:49Z,26.453227,-77.009020,7.82,196.9,2,10,0.9
2024-03-25T20:02:54Z,26.453053,-77.009083,7.77,196.9,2,10,0.9
2024-03-25T20:02:59Z,26.452878,-77.009140,7.79,195.1,2,10,0.9
2024-03-25T20:03:04Z,26.452703,-77.009182,7.73,191.6,2,10,0.9
2024-03-25T20:03:09Z,26.452527,-77.009223,7.89,193.3,2,10,0.9
2024-03-25T20:03:14Z,26.452350,-77.009267,7.79,192.9,2,10,0.9
2024-03-25T20:03:19Z,26.452173,-77.009317,7.84,195.6,2,10,0.9
2024-03-25T20:03:24Z,26.452000,-77.009378,7.82,196.5,2,10,0.9
2024-03-25T20:03:29Z,26.451832,-77.009442,7.62,196.9,2,10,0.9
2024-03-25T20:03:34Z,26.451663,-77.009502,7.48,196.1,2,10,0.9
2024-03-25T20:03:39Z,26.451500,-77.009558,7.18,195.8,2,10,0.9
2024-03-25T20:03:49Z,26.451173,-77.009657,7.36,193.0,2,10,0.9
2024-03-25T20:03:54Z,26.451007,-77.009693,7.45,192.2,2,10,0.9
2024-03-25T20:03:59Z,26.450843,-77.009732,7.20,193.4,2,10,0.9
2024-03-25T20:04:04Z,26.450683,-77.009778,7.14,195.7,2,10,0.9
2024-03-25T20:04:09Z,26.450530,-77.009832,6.99,195.7,2,10,0.9
2024-03-25T20:04:14Z,26.450377,-77.009888,6.86,196.6,2,10,0.9
2024-03-25T20:04:19Z,26.450222,-77.009947,6.78,193.9,2,10,0.9
2024-03-25T20:04:29Z,26.449917,-77.010027,6.81,191.4,1,10,0.9
2024-03-25T20:04:34Z,26.449763,-77.010065,6.64,193.5,1,10,0.9
2024-03-25T20:04:39Z,26.449612,-77.010115,6.65,198.3,1,10,0.9
2024-03-25T20:04:44Z,26.449465,-77.010165,6.96,196.8,1,10,0.9
2024-03-25T20:04:49Z,26.449312,-77.010220,7.23,198.4,1,10,0.9
2024-03-25T20:04:59Z,26.448980,-77.010320,7.50,195.6,1,9,1.0
2024-03-25T20:05:04Z,26.448812,-77.010372,7.83,194.1,1,9,1.0
2024-03-25T20:05:09Z,26.448635,-77.010423,7.84,192.0,1,9,1.0
2024-03-25T20:05:14Z,26.448458,-77.010477,8.12,195.1,1,9,1.0
2024-03-25T20:05:19Z,26.448277,-77.010533,7.97,194.3,1,9,1.0
2024-03-25T20:05:24Z,26.448102,-77.010585,7.67,193.7,1,9,1.0
2024-03-25T20:05:29Z,26.447928,-77.010650,7.72,197.3,1,9,1.0
2024-03-25T20:05:34Z,26.447760,-77.010707,7.50,196.3,1,9,1.0
2024-03-25T20:05:39Z,26.447593,-77.010765,7.23,193.7,1,9,1.0
2024-03-25T20:05:44Z,26.447427,-77.010823,7.52,198.3,1,9,1.0
2024-03-25T20:05:49Z,26.447263,-77.010878,7.19,194.6,1,9,1.0
2024-03-25T20:05:54Z,26.447102,-77.010932,7.31,197.1,1,9,1.0
2024-03-25T20:05:59Z,26.446940,-77.010975,7.18,193.7,1,9,1.0
2024-03-25T20:06:04Z,26.446778,-77.011022,7.15,195.4,1,9,1.0
2024-03-25T20:06:09Z,26.446622,-77.011068,6.66,194.5,1,9,1.0
2024-03-25T20:06:14Z,26.446473,-77.011118,6.67,197.6,1,9,1.0
2024-03-25T20:06:19Z,26.446327,-77.011172,6.55,197.6,1,9,1.0
2024-03-25T20:06:24Z,26.446182,-77.011235,6.40,198.3,1,9,1.0
2024-03-25T20:06:34Z,26.445897,-77.011337,6.56,197.5,1,9,1.0
2024-03-25T20:06:39Z,26.445745,-77.011385,6.81,194.4,1,9,1.0
2024-03-25T20:06:44Z,26.445588,-77.011427,6.98,195.5,1,9,1.0
2024-03-25T20:06:49Z,26.445432,-77.011468,7.05,192.8,1,9,1.0
2024-03-25T20:06:54Z,26.445273,-77.011510,6.97,193.0,1,9,1.0
2024-03-25T20:06:59Z,26.445117,-77.011555,6.78,196.5,1,9,1.0
2024-03-25T20:07:04Z,26.444963,-77.011598,6.81,193.3,1,9,1.0
2024-03-25T20:07:09Z,26.444810,-77.011642,6.73,194.1,1,9,1.0
2024-03-25T20:07:14Z,26.444662,-77.011690,6.57,196.7,1,9,1.0
2024-03-25T20:07:19Z,26.444520,-77.011742,6.36,196.8,1,9,1.0
2024-03-25T20:07:24Z,26.444378,-77.011788,6.49,198.0,1,9,1.0
2024-03-25T20:07:29Z,26.444235,-77.011838,6.44,196.7,1,9,1.0
2024-03-25T20:07:34Z,26.444092,-77.011883,6.40,194.8,1,9,1.0
2024-03-25T20:07:39Z,26.443948,-77.011927,6.45,195.2,1,9,1.0
2024-03-25T20:07:44Z,26.443803,-77.011975,6.54,196.4,1,9,1.0
2024-03-25T20:07:49Z,26.443662,-77.012025,6.37,197.4,1,9,1.0
2024-03-25T20:07:54Z,26.443522,-77.012080,6.21,195.8,1,9,1.0
2024-03-25T20:07:59Z,26.443382,-77.012130,6.55,198.8,1,9,1.0
2024-03-25T20:08:04Z,26.443235,-77.012182,6.70,194.3,1,9,1.0
2024-03-25T20:08:09Z,26.443085,-77.012228,6.73,194.1,1,9,1.0
2024-03-25T20:08:14Z,26.442937,-77.012267,6.71,196.4,1,9,1.0
2024-03-25T20:08:19Z,26.442783,-77.012312,6.93,194.9,1,9,1.0
2024-03-25T20:08:24Z,26.442623,-77.012365,7.22,193.0,1,9,1.0
2024-03-25T20:08:29Z,26.442460,-77.012407,7.23,191.0,1,9,1.0
2024-03-25T20:08:34Z,26.442293,-77.012445,7.44,191.3,1,9,1.0
2024-03-25T20:08:39Z,26.442122,-77.012492,7.66,195.7,1,9,1.0
2024-03-25T20:08:44Z,26.441947,-77.012547,7.61,196.2,1,9,1.0
2024-03-25T20:08:54Z,26.441607,-77.012670,7.36,196.0,1,9,1.0
2024-03-25T20:08:59Z,26.441440,-77.012720,7.32,194.4,1,9,1.0
2024-03-25T20:09:04Z,26.441272,-77.012762,7.30,191.7,1,9,1.0
2024-03-25T20:09:09Z,26.441110,-77.012805,7.15,194.1,1,9,1.0
2024-03-25T20:09:14Z,26.440952,-77.012850,7.14,196.1,1,9,1.0
2024-03-25T20:09:19Z,26.440793,-77.012903,6.97,196.4,1,9,1.0
2024-03-25T20:09:29Z,26.440490,-77.013000,6.92,196.2,1,9,1.0
2024-03-25T20:09:34Z,26.440335,-77.013063,6.76,199.3,1,9,1.0
2024-03-25T20:09:39Z,26.440190,-77.013115,6.71,196.6,1,9,1.0
2024-03-25T20:09:44Z,26.440045,-77.013160,6.64,197.4,1,9,1.0
2024-03-25T20:09:49Z,26.439895,-77.013212,6.91,198.3,1,9,1.0
2024-03-25T20:09:54Z,26.439745,-77.013272,6.67,195.1,1,9,1.0
2024-03-25T20:09:59Z,26.439600,-77.013313,6.43,195.7,1,9,1.0
2024-03-25T20:10:04Z,26.439457,-77.013358,6.36,196.5,1,9,1.0
2024-03-25T20:10:09Z,26.439313,-77.013413,6.53,198.2,1,9,1.0
2024-03-25T20:10:14Z,26.439170,-77.013468,6.47,200.9,1,8,1.2
2024-03-25T20:10:19Z,26.439030,-77.013522,6.43,194.8,1,9,1.0
2024-03-25T20:10:24Z,26.438883,-77.013568,6.37,195.8,2,9,1.0
2024-03-25T20:10:29Z,26.438742,-77.013607,6.44,195.3,2,9,1.0
2024-03-25T20:10:34Z,26.438603,-77.013663,6.13,196.4,2,9,1.0
2024-03-25T20:10:39Z,26.438475,-77.013705,5.91,195.0,2,9,1.0
2024-03-25T20:10:44Z,26.438350,-77.013742,6.03,196.0,2,9,1.0
2024-03-25T20:10:49Z,26.438218,-77.013798,6.02,197.7,2,9,1.0
2024-03-25T20:10:54Z,26.438085,-77.013843,6.23,195.9,2,9,1.0
2024-03-25T20:10:59Z,26.437950,-77.013888,6.10,193.6,2,9,1.0
2024-03-25T20:11:04Z,26.437810,-77.013937,6.38,195.2,2,9,1.0
2024-03-25T20:11:09Z,26.437673,-77.013978,6.04,196.5,2,9,1.0
2024-03-25T20:11:14Z,26.437535,-77.014018,6.12,196.6,2,9,1.0
2024-03-25T20:11:19Z,26.437400,-77.014067,5.93,196.2,2,9,1.0
2024-03-25T20:11:24Z,26.437270,-77.014107,5.83,197.8,2,9,1.0
2024-03-25T20:11:29Z,26.437140,-77.014150,5.95,197.3,2,9,1.0
2024-03-25T20:11:34Z,26.437015,-77.014187,5.62,196.3,2,9,1.0
2024-03-25T20:11:39Z,26.436885,-77.014223,5.92,194.8,2,9,1.0
2024-03-25T20:11:44Z,26.436748,-77.014248,6.02,188.1,2,9,1.0
2024-03-25T20:11:54Z,26.436453,-77.014310,6.99,189.9,2,9,1.0
2024-03-25T20:11:59Z,26.436293,-77.014340,7.10,185.6,2,9,1.0
2024-03-25T20:12:04Z,26.436130,-77.014358,7.18,185.6,2,9,1.0
2024-03-25T20:12:09Z,26.435960,-77.014375,7.37,186.8,2,9,1.0
2024-03-25T20:12:14Z,26.435792,-77.014393,7.25,183.1,2,9,1.0
2024-03-25T20:12:19Z,26.435620,-77.014398,7.39,184.3,1,9,1.0
2024-03-25T20:12:24Z,26.435443,-77.014397,7.55,180.0,1,9,1.0
2024-03-25T20:12:29Z,26.435268,-77.014393,7.57,178.8,1,9,1.0
2024-03-25T20:12:34Z,26.435088,-77.014400,8.10,181.5,1,9,1.0
2024-03-25T20:12:39Z,26.434903,-77.014415,8.00,183.2,1,9,1.0
2024-03-25T20:12:44Z,26.434720,-77.014435,8.11,183.1,1,9,1.0
2024-03-25T20:12:49Z,26.434537,-77.014452,7.88,181.5,1,9,1.0
2024-03-25T20:12:54Z,26.434352,-77.014453,8.04,176.9,1,9,1.0
2024-03-25T20:12:59Z,26.434165,-77.014448,7.95,177.1,1,9,1.0
2024-03-25T20:13:04Z,26.433975,-77.014435,8.28,173.9,1,9,1.0
2024-03-25T20:13:09Z,26.433785,-77.014425,8.01,179.9,1,9,1.0
2024-03-25T20:13:14Z,26.433593,-77.014417,8.25,177.4,1,9,1.0
2024-03-25T20:13:19Z,26.433405,-77.014407,8.09,177.5,1,9,1.0
2024-03-25T20:13:24Z,26.433215,-77.014385,8.08,174.6,1,9,1.0
2024-03-25T20:13:29Z,26.433025,-77.014365,8.24,173.6,1,9,0.9
2024-03-25T20:13:39Z,26.432658,-77.014322,7.86,174.3,1,9,0.9
2024-03-25T20:13:44Z,26.432477,-77.014302,8.03,172.4,1,9,0.9
2024-03-25T20:13:49Z,26.432295,-77.014278,7.65,169.9,1,9,0.9
2024-03-25T20:13:54Z,26.432125,-77.014247,7.37,170.3,1,9,0.9
2024-03-25T20:13:59Z,26.431962,-77.014213,7.05,166.9,1,9,0.9
2024-03-25T20:14:04Z,26.431808,-77.014167,6.58,163.0,1,9,0.9
2024-03-25T20:14:14Z,26.431513,-77.014087,6.58,169.9,1,9,0.9
2024-03-25T20:14:19Z,26.431362,-77.014068,6.77,171.5,1,9,0.9
2024-03-25T20:14:24Z,26.431208,-77.014062,6.54,174.4,1,9,0.9
2024-03-25T20:14:29Z,26.431057,-77.014050,6.80,174.5,1,9,0.9
2024-03-25T20:14:34Z,26.430902,-77.014035,6.71,176.9,1,9,0.9
2024-03-25T20:14:39Z,26.430747,-77.014032,6.63,179.9,1,10,0.8
2024-03-25T20:14:49Z,26.430438,-77.014058,6.43,189.5,1,10,0.8
2024-03-25T20:14:54Z,26.430282,-77.014078,6.98,182.5,1,10,0.8
2024-03-25T20:14:59Z,26.430125,-77.014097,6.89,184.5,1,10,0.8
2024-03-25T20:15:04Z,26.429970,-77.014118,6.76,185.8,2,10,0.8
2024-03-25T20:15:09Z,26.429815,-77.014165,6.50,188.7,2,10,0.8
2024-03-25T20:15:14Z,26.429668,-77.014205,6.74,198.2,2,10,0.8
2024-03-25T20:15:19Z,26.429527,-77.014257,6.36,201.9,2,10,0.8
2024-03-25T20:15:24Z,26.429395,-77.014320,6.25,201.8,2,10,0.8
2024-03-25T20:15:29Z,26.429262,-77.014368,5.88,192.8,1,10,0.8
2024-03-25T20:15:34Z,26.429127,-77.014403,6.13,186.1,1,10,0.8
2024-03-25T20:15:39Z,26.428990,-77.014415,5.88,185.7,1,10,0.8
2024-03-25T20:15:44Z,26.428853,-77.014410,6.00,173.3,1,10,0.8
2024-03-25T20:15:49Z,26.428717,-77.014380,5.88,163.3,1,10,0.8
2024-03-25T20:15:54Z,26.428592,-77.014330,5.86,155.0,1,10,0.8
2024-03-25T20:16:04Z,26.428385,-77.014178,5.38,136.1,1,10,0.8
2024-03-25T20:16:09Z,26.428302,-77.014078,5.15,128.8,1,10,0.8
2024-03-25T20:16:14Z,26.428235,-77.013968,5.19,122.5,1,10,0.8
2024-03-25T20:16:19Z,26.428177,-77.013867,4.53,115.2,1,10,0.8
2024-03-25T20:16:24Z,26.428132,-77.013777,3.84,116.7,1,10,0.8
2024-03-25T20:16:29Z,26.428093,-77.013687,3.70,113.2,1,10,0.8
2024-03-25T20:16:34Z,26.428062,-77.013603,3.24,112.3,1,9,1.0
2024-03-25T20:16:39Z,26.428032,-77.013522,3.78,112.8,1,9,1.0
2024-03-25T20:16:44Z,26.428002,-77.013447,3.38,113.8,1,9,1.0
2024-03-25T20:16:49Z,26.427970,-77.013372,3.20,115.3,1,9,1.0
2024-03-25T20:16:54Z,26.427940,-77.013292,3.73,109.7,1,9,1.0
2024-03-25T20:16:59Z,26.427912,-77.013197,3.79,109.1,1,8,1.3
2024-03-25T20:17:04Z,26.427887,-77.013107,3.87,107.5,1,8,1.1
2024-03-25T20:17:14Z,26.427812,-77.012917,3.94,110.2,1,9,0.9
2024-03-25T20:17:19Z,26.427775,-77.012822,3.80,105.1,1,10,0.8
2024-03-25T20:17:24Z,26.427742,-77.012730,4.09,116.7,1,9,1.0
2024-03-25T20:17:29Z,26.427708,-77.012630,3.91,113.4,1,8,1.2
2024-03-25T20:17:34Z,26.427675,-77.012528,4.17,113.9,1,9,1.0
2024-03-25T20:17:39Z,26.427642,-77.012432,4.21,112.9,1,9,1.0
2024-03-25T20:17:49Z,26.427572,-77.012235,4.07,112.7,1,10,0.8
2024-03-25T20:17:54Z,26.427533,-77.012135,4.21,112.0,1,9,1.0
2024-03-25T20:17:59Z,26.427497,-77.012035,4.20,113.7,1,9,1.0
2024-03-25T20:18:04Z,26.427458,-77.011938,4.23,113.3,1,9,1.0
2024-03-25T20:18:09Z,26.427420,-77.011835,4.44,113.2,1,9,1.0
2024-03-25T20:18:14Z,26.427380,-77.011732,4.55,113.5,1,9,1.0
2024-03-25T20:18:24Z,26.427295,-77.011520,4.53,111.2,1,9,1.0
2024-03-25T20:18:29Z,26.427260,-77.011410,4.63,109.1,1,9,1.0
2024-03-25T20:18:34Z,26.427223,-77.011307,4.33,109.7,1,9,1.0
2024-03-25T20:18:39Z,26.427183,-77.011192,4.84,111.1,1,9,1.0
2024-03-25T20:18:44Z,26.427152,-77.011083,4.29,110.9,1,9,1.0
2024-03-25T20:18:49Z,26.427115,-77.010973,4.65,109.0,1,9,1.0
2024-03-25T20:18:59Z,26.427050,-77.010755,4.25,106.1,1,10,0.8
2024-03-25T20:19:04Z,26.427018,-77.010647,4.67,110.3,1,10,0.8
2024-03-25T20:19:09Z,26.426978,-77.010542,4.52,112.0,1,10,0.8
2024-03-25T20:19:14Z,26.426937,-77.010437,4.59,112.0,1,10,0.8
2024-03-25T20:19:19Z,26.426895,-77.010337,4.16,116.4,1,10,0.8
2024-03-25T20:19:24Z,26.426855,-77.010242,4.37,115.3,1,10,0.8
2024-03-25T20:19:29Z,26.426817,-77.010150,3.90,116.0,1,10,0.8
2024-03-25T20:19:39Z,26.426748,-77.009958,4.25,113.0,1,9,1.0
2024-03-25T20:19:44Z,26.426712,-77.009858,4.31,109.8,1,9,1.0
2024-03-25T20:19:49Z,26.426672,-77.009755,4.35,108.7,1,9,1.0
2024-03-25T20:19:54Z,26.426632,-77.009650,4.62,106.1,1,9,1.0
2024-03-25T20:19:59Z,26.426592,-77.009547,4.24,114.2,1,9,1.0
2024-03-25T20:20:04Z,26.426552,-77.009447,4.28,110.5,1,9,1.0
2024-03-25T20:20:14Z,26.426483,-77.009240,4.51,108.9,1,9,1.0
2024-03-25T20:20:19Z,26.426445,-77.009130,4.37,106.2,1,9,1.0
2024-03-25T20:20:24Z,26.426413,-77.009025,4.48,110.3,1,9,1.0
2024-03-25T20:20:29Z,26.426383,-77.008925,4.41,110.7,1,8,1.3
2024-03-25T20:20:34Z,26.426347,-77.008830,4.22,113.4,1,8,1.3
2024-03-25T20:20:39Z,26.426310,-77.008732,4.33,114.3,1,7,2.1
2024-03-25T20:20:49Z,26.426225,-77.008535,4.22,111.0,1,9,1.0
2024-03-25T20:20:54Z,26.426185,-77.008435,4.42,113.6,1,9,1.0
2024-03-25T20:20:59Z,26.426147,-77.008332,4.53,107.9,1,9,1.0
2024-03-25T20:21:04Z,26.426117,-77.008228,4.45,111.1,1,9,1.0
2024-03-25T20:21:09Z,26.426083,-77.008122,4.73,114.2,1,9,1.0
2024-03-25T20:21:14Z,26.426043,-77.008013,4.58,110.6,1,9,1.0
2024-03-25T20:21:24Z,26.425972,-77.007802,4.46,110.8,1,10,0.8
2024-03-25T20:21:29Z,26.425933,-77.007697,4.25,108.9,1,10,0.8
2024-03-25T20:21:34Z,26.425887,-77.007592,4.36,112.4,1,10,0.8
2024-03-25T20:21:39Z,26.425843,-77.007485,4.49,113.3,1,10,0.8
2024-03-25T20:21:44Z,26.425807,-77.007378,4.47,115.0,1,10,0.8
2024-03-25T20:21:49Z,26.425765,-77.007275,4.36,111.4,1,10,0.8
2024-03-25T20:21:59Z,26.425692,-77.007067,4.62,110.2,1,10,0.8
2024-03-25T20:22:04Z,26.425648,-77.006955,4.78,114.8,1,10,0.8
2024-03-25T20:22:09Z,26.425605,-77.006850,4.64,114.8,1,10,0.8
2024-03-25T20:22:14Z,26.425562,-77.006743,4.60,112.4,1,10,0.8
2024-03-25T20:22:19Z,26.425522,-77.006635,4.52,111.5,1,10,0.8
2024-03-25T20:22:24Z,26.425473,-77.006528,4.33,112.6,1,10,0.8
2024-03-25T20:22:34Z,26.425400,-77.006318,4.83,113.9,1,9,1.0
2024-03-25T20:22:39Z,26.425355,-77.006210,4.84,117.1,1,10,0.8
2024-03-25T20:22:44Z,26.425312,-77.006103,4.43,115.5,1,9,1.0
2024-03-25T20:22:49Z,26.425272,-77.006000,4.32,112.8,1,10,0.8
2024-03-25T20:22:54Z,26.425235,-77.005903,4.42,114.6,1,9,1.0
2024-03-25T20:22:59Z,26.425195,-77.005803,4.48,115.4,1,10,0.8
2024-03-25T20:23:09Z,26.425105,-77.005598,4.33,113.8,1,9,1.0
2024-03-25T20:23:14Z,26.425062,-77.005497,4.30,113.6,1,10,0.8
2024-03-25T20:23:19Z,26.425023,-77.005397,3.96,112.1,1,10,0.8
2024-03-25T20:23:24Z,26.424987,-77.005298,4.65,117.1,1,10,0.8
2024-03-25T20:23:29Z,26.424938,-77.005198,4.39,114.2,1,10,0.8
2024-03-25T20:23:34Z,26.424897,-77.005098,4.25,115.0,1,10,0.8
2024-03-25T20:23:39Z,26.424848,-77.005000,4.44,119.7,1,10,0.8
2024-03-25T20:23:44Z,26.424807,-77.004898,4.53,117.0,1,10,0.8
2024-03-25T20:23:49Z,26.424767,-77.004798,4.58,113.9,1,10,0.8
2024-03-25T20:23:54Z,26.424730,-77.004698,4.04,111.8,1,10,0.8
2024-03-25T20:23:59Z,26.424697,-77.004598,4.36,114.2,1,10,0.8
2024-03-25T20:24:04Z,26.424653,-77.004498,4.33,111.6,1,10,0.8
2024-03-25T20:24:09Z,26.424612,-77.004397,4.36,116.2,1,10,0.8
2024-03-25T20:24:19Z,26.424530,-77.004188,4.48,111.8,1,11,0.8
2024-03-25T20:24:24Z,26.424485,-77.004083,4.49,113.2,1,11,0.8
2024-03-25T20:24:29Z,26.424442,-77.003980,4.27,109.2,1,9,1.0
2024-03-25T20:24:34Z,26.424403,-77.003875,4.51,112.1,1,9,1.0
2024-03-25T20:24:39Z,26.424367,-77.003767,4.51,114.8,1,9,0.9
2024-03-25T20:24:44Z,26.424328,-77.003663,4.56,114.5,1,10,0.8
2024-03-25T20:24:49Z,26.424285,-77.003565,4.48,117.0,1,10,0.8
2024-03-25T20:24:54Z,26.424242,-77.003467,4.28,117.8,1,10,0.8
2024-03-25T20:24:59Z,26.424195,-77.003362,4.08,117.2,1,9,1.0
2024-03-25T20:25:04Z,26.424152,-77.003257,4.26,113.6,1,9,1.0
2024-03-25T20:25:09Z,26.424115,-77.003153,4.17,112.7,1,9,1.0
2024-03-25T20:25:19Z,26.424032,-77.002947,4.33,114.3,1,11,0.8
2024-03-25T20:25:24Z,26.423988,-77.002847,4.41,117.0,1,11,0.8
2024-03-25T20:25:29Z,26.423947,-77.002753,4.15,115.7,1,11,0.8
2024-03-25T20:25:34Z,26.423908,-77.002657,4.42,113.8,1,10,0.8
2024-03-25T20:25:39Z,26.423862,-77.002550,4.56,112.5,1,11,0.8
2024-03-25T20:25:44Z,26.423818,-77.002452,4.17,116.2,1,11,0.8
2024-03-25T20:25:49Z,26.423780,-77.002358,4.13,114.0,1,11,0.8
2024-03-25T20:25:54Z,26.423743,-77.002262,4.32,114.9,1,10,0.8
2024-03-25T20:25:59Z,26.423708,-77.002162,4.38,116.0,1,10,0.8
2024-03-25T20:26:04Z,26.423673,-77.002060,4.18,111.4,1,10,0.8
2024-03-25T20:26:09Z,26.423635,-77.001953,4.30,108.7,1,10,0.8
2024-03-25T20:26:14Z,26.423597,-77.001852,4.39,112.7,1,10,0.8
2024-03-25T20:26:24Z,26.423530,-77.001635,4.50,110.3,1,10,0.8
2024-03-25T20:26:29Z,26.423497,-77.001525,4.34,109.7,1,11,0.8
2024-03-25T20:26:34Z,26.423463,-77.001418,4.49,109.8,1,11,0.8
2024-03-25T20:26:39Z,26.423430,-77.001312,4.50,111.4,1,11,0.8
2024-03-25T20:26:44Z,26.423395,-77.001203,4.46,111.2,1,10,0.8
2024-03-25T20:26:49Z,26.423358,-77.001092,4.71,111.0,1,10,0.8
2024-03-25T20:26:59Z,26.423278,-77.000853,5.00,107.9,1,10,0.8
2024-03-25T20:27:04Z,26.423242,-77.000732,4.99,108.3,1,10,0.8
2024-03-25T20:27:09Z,26.423203,-77.000610,4.82,110.5,1,11,0.8
2024-03-25T20:27:14Z,26.423163,-77.000493,4.82,111.3,1,11,0.8
2024-03-25T20:27:19Z,26.423120,-77.000377,5.02,112.3,1,11,0.8
2024-03-25T20:27:24Z,26.423078,-77.000260,4.98,113.4,1,11,0.8
2024-03-25T20:27:34Z,26.423000,-77.000027,4.67,109.7,1,11,0.8
2024-03-25T20:27:39Z,26.422963,-76.999907,5.32,106.0,1,11,0.8
2024-03-25T20:27:44Z,26.422927,-76.999783,5.16,108.4,1,11,0.8
2024-03-25T20:27:49Z,26.422885,-76.999667,4.79,108.4,1,11,0.8
2024-03-25T20:27:54Z,26.422845,-76.999552,4.95,112.4,1,10,0.8
2024-03-25T20:27:59Z,26.422810,-76.999433,4.85,108.9,1,10,0.8
2024-03-25T20:28:04Z,26.422778,-76.999317,4.83,107.0,1,9,1.0
2024-03-25T20:28:09Z,26.422748,-76.999192,4.85,102.8,1,9,1.0
2024-03-25T20:28:14Z,26.422725,-76.999070,5.05,101.5,1,9,1.0
2024-03-25T20:28:19Z,26.422702,-76.998945,5.22,101.3,1,11,0.8
2024-03-25T20:28:24Z,26.422680,-76.998828,4.88,104.2,1,11,0.8
2024-03-25T20:28:29Z,26.422660,-76.998705,5.11,103.5,1,11,0.8
2024-03-25T20:28:34Z,26.422633,-76.998585,5.07,101.2,1,11,0.8
2024-03-25T20:28:39Z,26.422618,-76.998458,4.92,98.9,1,11,0.8
2024-03-25T20:28:44Z,26.422598,-76.998335,5.14,102.5,1,11,0.8
2024-03-25T20:28:49Z,26.422570,-76.998215,5.01,103.9,1,11,0.8
2024-03-25T20:28:54Z,26.422538,-76.998095,4.94,105.3,1,11,0.8
2024-03-25T20:28:59Z,26.422512,-76.997970,4.91,105.0,1,11,0.8
2024-03-25T20:29:04Z,26.422483,-76.997847,4.90,104.6,1,10,0.8
2024-03-25T20:29:09Z,26.422455,-76.997720,5.03,103.0,1,11,0.8
2024-03-25T20:29:14Z,26.422423,-76.997595,5.02,107.0,1,10,0.8
2024-03-25T20:29:19Z,26.422395,-76.997470,4.85,108.8,1,10,0.8
2024-03-25T20:29:24Z,26.422363,-76.997345,5.19,102.2,1,11,0.8
2024-03-25T20:29:29Z,26.422333,-76.997222,4.99,103.0,1,11,0.8
2024-03-25T20:29:34Z,26.422307,-76.997102,5.14,104.1,1,11,0.8
2024-03-25T20:29:39Z,26.422285,-76.996965,5.26,98.1,1,11,0.8
2024-03-25T20:29:44Z,26.422263,-76.996833,5.27,100.5,1,11,0.8
2024-03-25T20:29:49Z,26.422247,-76.996705,5.27,102.2,1,11,0.8
2024-03-25T20:29:54Z,26.422222,-76.996580,5.16,102.5,1,11,0.8
2024-03-25T20:29:59Z,26.422195,-76.996447,4.94,102.2,1,10,0.8
2024-03-25T20:30:04Z,26.422163,-76.996315,5.29,103.3,1,11,0.8
2024-03-25T20:30:09Z,26.422132,-76.996183,5.31,102.8,1,11,0.8
2024-03-25T20:30:14Z,26.422113,-76.996050,4.85,100.0,1,11,0.8
2024-03-25T20:30:19Z,26.422095,-76.995915,5.16,98.8,1,11,0.8
2024-03-25T20:30:24Z,26.422072,-76.995780,5.20,102.1,1,11,0.8
2024-03-25T20:30:34Z,26.422018,-76.995520,5.38,101.2,1,11,0.8
2024-03-25T20:30:39Z,26.421997,-76.995390,5.20,99.2,1,11,0.8
2024-03-25T20:30:44Z,26.421972,-76.995262,5.48,105.7,1,10,0.8
2024-03-25T20:30:49Z,26.421942,-76.995137,4.66,109.2,1,10,0.8
2024-03-25T20:30:54Z,26.421917,-76.995013,5.31,102.7,1,10,0.8
2024-03-25T20:30:59Z,26.421888,-76.994892,4.94,105.4,1,10,0.8
2024-03-25T20:31:09Z,26.421840,-76.994643,5.08,102.6,1,10,0.8
2024-03-25T20:31:14Z,26.421810,-76.994525,4.94,103.3,1,10,0.8
2024-03-25T20:31:19Z,26.421783,-76.994402,4.80,102.4,1,10,0.8
2024-03-25T20:31:24Z,26.421757,-76.994278,4.73,105.0,1,10,0.8
2024-03-25T20:31:29Z,26.421733,-76.994155,5.13,101.8,1,10,0.8
2024-03-25T20:31:34Z,26.421708,-76.994030,5.15,104.2,1,10,0.8
2024-03-25T20:31:44Z,26.421652,-76.993783,5.01,103.7,1,10,0.8
2024-03-25T20:31:49Z,26.421628,-76.993657,5.07,101.4,1,9,1.0
2024-03-25T20:31:54Z,26.421613,-76.993525,5.01,103.6,1,10,0.8
2024-03-25T20:31:59Z,26.421588,-76.993402,5.21,101.9,1,11,0.8
2024-03-25T20:32:04Z,26.421567,-76.993273,5.21,98.6,1,11,0.8
2024-03-25T20:32:09Z,26.421555,-76.993138,4.84,95.7,1,10,0.8
2024-03-25T20:32:14Z,26.421538,-76.993005,5.18,100.9,1,11,0.8
2024-03-25T20:32:19Z,26.421523,-76.992872,5.03,101.9,1,11,0.8
2024-03-25T20:32:24Z,26.421500,-76.992743,5.06,98.3,1,11,0.8
2024-03-25T20:32:29Z,26.421480,-76.992615,5.55,100.3,1,11,0.8
2024-03-25T20:32:34Z,26.421455,-76.992487,4.89,102.6,1,11,0.8
2024-03-25T20:32:39Z,26.421432,-76.992362,5.42,101.0,1,11,0.8
2024-03-25T20:32:44Z,26.421408,-76.992230,4.99,107.6,1,11,0.8
2024-03-25T20:32:49Z,26.421382,-76.992098,5.19,102.3,1,11,0.8
2024-03-25T20:32:54Z,26.421353,-76.991967,5.34,102.5,1,11,0.8
2024-03-25T20:32:59Z,26.421328,-76.991840,5.15,100.9,1,11,0.8
2024-03-25T20:33:04Z,26.421302,-76.991708,5.38,106.5,1,10,0.8
2024-03-25T20:33:09Z,26.421250,-76.991580,5.88,128.3,1,10,0.8
2024-03-25T20:33:14Z,26.421147,-76.991467,6.25,146.3,1,11,0.8
2024-03-25T20:33:19Z,26.421022,-76.991375,5.98,152.1,1,11,0.8
2024-03-25T20:33:24Z,26.420892,-76.991303,6.40,159.7,1,11,0.8
2024-03-25T20:33:34Z,26.420613,-76.991268,5.60,181.1,1,11,0.8
2024-03-25T20:33:39Z,26.420490,-76.991270,5.04,176.3,1,11,0.8
2024-03-25T20:33:44Z,26.420378,-76.991262,4.87,179.2,1,11,0.8
2024-03-25T20:33:49Z,26.420265,-76.991263,4.96,177.2,1,11,0.8
2024-03-25T20:33:54Z,26.420152,-76.991257,5.03,178.7,1,11,0.8
2024-03-25T20:33:59Z,26.420040,-76.991258,4.63,181.8,1,10,0.8
2024-03-25T20:34:04Z,26.419933,-76.991258,4.64,171.3,1,11,0.8
2024-03-25T20:34:14Z,26.419720,-76.991243,4.79,178.6,1,10,0.8
2024-03-25T20:34:19Z,26.419613,-76.991242,4.65,179.6,1,10,0.8
2024-03-25T20:34:24Z,26.419510,-76.991247,4.55,179.8,1,11,0.8
2024-03-25T20:34:29Z,26.419408,-76.991247,4.26,183.1,1,11,0.8
2024-03-25T20:34:34Z,26.419308,-76.991242,4.62,175.8,1,11,0.8
2024-03-25T20:34:39Z,26.419195,-76.991237,4.92,180.2,1,10,0.8
2024-03-25T20:34:44Z,26.419080,-76.991235,5.09,177.7,1,11,0.8
2024-03-25T20:34:49Z,26.418960,-76.991228,5.11,176.5,1,11,0.8
2024-03-25T20:34:54Z,26.418823,-76.991212,5.80,171.0,1,11,0.8
2024-03-25T20:34:59Z,26.418693,-76.991190,5.13,174.4,1,11,0.8
2024-03-25T20:35:04Z,26.418565,-76.991168,5.70,164.5,1,11,0.8
2024-03-25T20:35:09Z,26.418440,-76.991117,6.06,153.8,1,11,0.8
2024-03-25T20:35:14Z,26.418322,-76.991048,5.39,156.4,1,11,0.8
2024-03-25T20:35:19Z,26.418198,-76.991003,6.03,169.6,1,11,0.8
2024-03-25T20:35:24Z,26.418053,-76.990978,6.18,170.1,1,11,0.8
2024-03-25T20:35:29Z,26.417902,-76.990952,6.46,169.6,1,11,0.8
2024-03-25T20:35:34Z,26.417752,-76.990922,6.87,164.6,1,11,0.8
2024-03-25T20:35:39Z,26.417603,-76.990885,6.03,166.4,1,11,0.8
2024-03-25T20:35:44Z,26.417460,-76.990845,6.35,163.3,1,11,0.8
2024-03-25T20:35:49Z,26.417315,-76.990805,6.61,164.1,1,11,0.8
2024-03-25T20:35:54Z,26.417155,-76.990767,6.84,167.4,1,11,0.8
2024-03-25T20:36:04Z,26.416852,-76.990690,6.50,167.3,1,11,0.8
2024-03-25T20:36:09Z,26.416703,-76.990658,6.38,166.5,1,11,0.8
2024-03-25T20:36:14Z,26.416562,-76.990625,6.53,170.6,1,11,0.8
2024-03-25T20:36:19Z,26.416417,-76.990585,6.68,163.4,1,11,0.8
2024-03-25T20:36:24Z,26.416265,-76.990545,6.49,167.7,1,11,0.8
2024-03-25T20:36:29Z,26.416113,-76.990502,6.77,166.5,1,11,0.8
2024-03-25T20:36:34Z,26.415965,-76.990453,6.71,163.1,1,11,0.8
2024-03-25T20:36:44Z,26.415670,-76.990380,6.08,174.1,1,11,0.8
2024-03-25T20:36:49Z,26.415525,-76.990352,6.41,169.9,1,11,0.8
2024-03-25T20:36:54Z,26.415383,-76.990320,6.09,166.2,1,11,0.8
2024-03-25T20:36:59Z,26.415245,-76.990288,6.41,173.8,1,11,0.8
2024-03-25T20:37:04Z,26.415095,-76.990257,6.38,166.8,1,11,0.8
2024-03-25T20:37:09Z,26.414948,-76.990218,6.86,171.7,1,11,0.8
2024-03-25T20:37:14Z,26.414793,-76.990177,7.01,166.8,1,11,0.8
2024-03-25T20:37:24Z,26.414480,-76.990090,6.59,165.3,1,11,0.8
2024-03-25T20:37:29Z,26.414330,-76.990052,6.65,167.4,1,11,0.8
2024-03-25T20:37:34Z,26.414172,-76.990020,7.40,167.6,1,11,0.8
2024-03-25T20:37:39Z,26.414008,-76.989982,7.36,167.0,1,11,0.8
2024-03-25T20:37:44Z,26.413843,-76.989943,6.92,166.1,1,11,0.8
2024-03-25T20:37:49Z,26.413688,-76.989912,7.06,169.2,1,11,0.8
2024-03-25T20:37:54Z,26.413533,-76.989883,6.98,173.9,1,11,0.8
2024-03-25T20:38:04Z,26.413223,-76.989820,6.71,172.3,1,11,0.8
2024-03-25T20:38:09Z,26.413075,-76.989788,6.21,169.0,1,11,0.8
2024-03-25T20:38:14Z,26.412927,-76.989768,6.84,166.3,1,11,0.8
2024-03-25T20:38:19Z,26.412775,-76.989750,6.76,175.0,1,11,0.8
2024-03-25T20:38:24Z,26.412615,-76.989738,6.59,177.8,1,11,0.8
2024-03-25T20:38:29Z,26.412463,-76.989722,6.61,171.7,1,10,0.8
2024-03-25T20:38:34Z,26.412317,-76.989702,6.37,176.6,1,11,0.8
2024-03-25T20:38:44Z,26.412028,-76.989648,6.49,161.9,1,11,0.8
2024-03-25T20:38:49Z,26.411885,-76.989633,6.21,169.9,1,11,0.8
2024-03-25T20:38:54Z,26.411735,-76.989600,6.35,172.2,1,11,0.8
2024-03-25T20:38:59Z,26.411592,-76.989578,6.09,175.7,1,11,0.8
2024-03-25T20:39:04Z,26.411455,-76.989553,6.19,175.8,1,11,0.8
2024-03-25T20:39:09Z,26.411310,-76.989525,6.22,170.4,1,11,0.8
2024-03-25T20:39:14Z,26.411163,-76.989498,6.72,168.1,1,11,0.8
2024-03-25T20:39:24Z,26.410878,-76.989438,6.32,175.7,1,11,0.8
2024-03-25T20:39:29Z,26.410733,-76.989413,6.09,175.7,1,11,0.8
2024-03-25T20:39:34Z,26.410578,-76.989398,6.44,173.6,1,11,0.8
2024-03-25T20:39:39Z,26.410428,-76.989367,6.62,164.3,1,11,0.8
2024-03-25T20:39:44Z,26.410280,-76.989340,6.41,168.3,1,11,0.8
2024-03-25T20:39:49Z,26.410128,-76.989305,6.50,168.0,1,11,0.8
2024-03-25T20:39:54Z,26.409980,-76.989272,6.52,171.2,1,11,0.8
2024-03-25T20:40:04Z,26.409683,-76.989218,6.49,167.3,1,11,0.8
2024-03-25T20:40:09Z,26.409533,-76.989177,6.91,165.7,1,11,0.8
2024-03-25T20:40:14Z,26.409390,-76.989143,6.32,166.2,1,11,0.8
2024-03-25T20:40:19Z,26.409252,-76.989112,6.61,176.7,1,11,0.8
2024-03-25T20:40:24Z,26.409112,-76.989097,6.18,168.2,1,11,0.8
2024-03-25T20:40:29Z,26.408965,-76.989060,6.40,170.5,1,11,0.8
2024-03-25T20:40:34Z,26.408823,-76.989033,6.15,174.8,1,11,0.8
2024-03-25T20:40:44Z,26.408538,-76.988972,6.05,171.8,1,11,0.8
2024-03-25T20:40:49Z,26.408398,-76.988942,6.65,169.6,1,11,0.8
2024-03-25T20:40:54Z,26.408253,-76.988903,6.49,168.7,1,11,0.8
2024-03-25T20:40:59Z,26.408107,-76.988873,6.91,172.9,1,11,0.8
2024-03-25T20:41:04Z,26.407957,-76.988842,6.58,163.8,1,11,0.8
2024-03-25T20:41:09Z,26.407807,-76.988813,6.19,166.4,1,11,0.8
2024-03-25T20:41:14Z,26.407663,-76.988788,6.18,165.3,1,10,0.8
2024-03-25T20:41:24Z,26.407357,-76.988722,6.66,161.6,1,11,0.8
2024-03-25T20:41:29Z,26.407203,-76.988682,6.60,165.7,1,11,0.8
2024-03-25T20:41:34Z,26.407047,-76.988637,6.85,165.9,1,11,0.8
2024-03-25T20:41:39Z,26.406885,-76.988608,6.96,169.9,1,11,0.8
2024-03-25T20:41:44Z,26.406728,-76.988573,6.60,167.0,1,11,0.8
2024-03-25T20:41:49Z,26.406568,-76.988542,6.94,172.4,1,10,0.8
2024-03-25T20:41:54Z,26.406412,-76.988505,6.62,157.7,1,11,0.8
2024-03-25T20:42:04Z,26.406102,-76.988438,7.16,169.6,1,11,0.8
2024-03-25T20:42:09Z,26.405950,-76.988402,7.04,167.2,1,11,0.8
2024-03-25T20:42:14Z,26.405795,-76.988368,6.84,171.3,1,11,0.8
2024-03-25T20:42:19Z,26.405642,-76.988333,6.40,163.7,1,11,0.8
2024-03-25T20:42:24Z,26.405488,-76.988298,6.91,165.7,1,11,0.8
2024-03-25T20:42:29Z,26.405332,-76.988260,6.95,167.9,1,11,0.8
2024-03-25T20:42:34Z,26.405175,-76.988225,6.86,171.5,1,11,0.8
2024-03-25T20:42:44Z,26.404863,-76.988143,6.85,169.4,1,11,0.8
2024-03-25T20:42:49Z,26.404703,-76.988110,6.83,166.2,1,11,0.8
2024-03-25T20:42:54Z,26.404543,-76.988073,6.86,167.8,1,11,0.8
2024-03-25T20:42:59Z,26.404385,-76.988038,6.63,167.9,1,11,0.8
2024-03-25T20:43:04Z,26.404233,-76.988007,7.10,171.2,1,11,0.8
2024-03-25T20:43:09Z,26.404083,-76.987980,6.65,167.6,1,11,0.8
2024-03-25T20:43:14Z,26.403933,-76.987950,6.17,166.7,1,11,0.8
2024-03-25T20:43:24Z,26.403642,-76.987870,6.62,166.0,1,11,0.8
2024-03-25T20:43:29Z,26.403502,-76.987827,6.36,164.4,1,11,0.8
2024-03-25T20:43:34Z,26.403370,-76.987790,5.67,166.7,1,11,0.8
2024-03-25T20:43:39Z,26.403237,-76.987755,6.20,163.4,1,11,0.8
2024-03-25T20:43:44Z,26.403102,-76.987717,5.41,163.8,1,11,0.8
2024-03-25T20:43:49Z,26.402975,-76.987673,5.52,164.1,1,11,0.8
2024-03-25T20:43:54Z,26.402847,-76.987642,6.04,168.1,1,11,0.8
2024-03-25T20:44:04Z,26.402585,-76.987580,6.32,165.4,1,11,0.8
2024-03-25T20:44:09Z,26.402450,-76.987545,5.92,167.8,1,11,0.8
2024-03-25T20:44:14Z,26.402318,-76.987510,6.03,164.0,1,11,0.8
2024-03-25T20:44:19Z,26.402173,-76.987473,6.31,164.4,1,11,0.8
2024-03-25T20:44:24Z,26.402023,-76.987428,6.78,164.4,1,11,0.8
2024-03-25T20:44:29Z,26.401878,-76.987383,6.43,163.9,1,11,0.8
2024-03-25T20:44:34Z,26.401730,-76.987333,6.56,163.6,1,11,0.8
2024-03-25T20:44:44Z,26.401427,-76.987263,6.81,168.9,1,11,0.8
2024-03-25T20:44:49Z,26.401272,-76.987228,7.10,167.1,1,11,0.8
2024-03-25T20:44:54Z,26.401118,-76.987190,6.63,165.3,1,11,0.8
2024-03-25T20:44:59Z,26.400970,-76.987153,6.01,170.5,1,11,0.8
2024-03-25T20:45:04Z,26.400827,-76.987113,6.63,165.3,1,11,0.8
2024-03-25T20:45:09Z,26.400673,-76.987082,6.87,166.1,1,11,0.8
2024-03-25T20:45:14Z,26.400527,-76.987048,6.83,168.2,1,11,0.8
2024-03-25T20:45:24Z,26.400225,-76.986978,6.66,167.9,1,11,0.8
2024-03-25T20:45:29Z,26.400072,-76.986952,7.01,173.1,1,11,0.8
2024-03-25T20:45:34Z,26.399907,-76.986937,6.63,179.0,1,11,0.8
2024-03-25T20:45:39Z,26.399748,-76.986923,7.29,172.4,1,11,0.8
2024-03-25T20:45:44Z,26.399583,-76.986922,6.66,183.4,1,11,0.8
2024-03-25T20:45:49Z,26.399422,-76.986923,7.09,179.9,1,11,0.8
2024-03-25T20:45:54Z,26.399270,-76.986935,7.02,182.6,1,11,0.8
2024-03-25T20:46:04Z,26.398955,-76.986983,6.73,190.1,1,11,0.8
2024-03-25T20:46:09Z,26.398820,-76.987018,5.71,196.9,1,10,0.8
2024-03-25T20:46:14Z,26.398673,-76.987050,5.96,193.6,1,10,0.8
2024-03-25T20:46:19Z,26.398543,-76.987075,6.16,187.6,1,10,0.8
2024-03-25T20:46:24Z,26.398397,-76.987082,5.82,184.5,1,10,0.8
2024-03-25T20:46:29Z,26.398262,-76.987092,6.38,183.6,1,10,0.8
2024-03-25T20:46:34Z,26.398115,-76.987108,6.47,189.2,1,10,0.8
2024-03-25T20:46:39Z,26.397970,-76.987130,6.27,180.8,1,10,0.8
2024-03-25T20:46:44Z,26.397820,-76.987155,6.83,188.7,1,10,0.8
2024-03-25T20:46:49Z,26.397673,-76.987167,6.09,188.8,1,10,0.8
2024-03-25T20:46:54Z,26.397520,-76.987180,6.76,181.1,1,10,0.8
2024-03-25T20:46:59Z,26.397365,-76.987198,6.51,189.3,1,10,0.8
2024-03-25T20:47:04Z,26.397207,-76.987208,7.14,187.9,1,10,0.8
2024-03-25T20:47:09Z,26.397047,-76.987243,7.51,185.2,1,10,0.8
2024-03-25T20:47:19Z,26.396712,-76.987295,7.23,179.2,1,10,0.8
2024-03-25T20:47:24Z,26.396542,-76.987313,7.72,187.9,1,10,0.8
2024-03-25T20:47:29Z,26.396368,-76.987330,7.63,185.8,1,10,0.8
2024-03-25T20:47:34Z,26.396203,-76.987368,7.22,190.4,1,10,0.8
2024-03-25T20:47:39Z,26.396040,-76.987393,7.14,190.1,1,10,0.8
2024-03-25T20:47:44Z,26.395878,-76.987432,6.91,189.4,1,9,0.9
2024-03-25T20:47:49Z,26.395725,-76.987477,6.56,194.0,1,10,0.8
2024-03-25T20:47:54Z,26.395578,-76.987525,6.47,197.8,1,10,0.8
2024-03-25T20:47:59Z,26.395437,-76.987573,6.28,189.4,1,10,0.8
2024-03-25T20:48:04Z,26.395302,-76.987622,6.57,202.9,1,10,0.8
2024-03-25T20:48:09Z,26.395163,-76.987657,6.12,191.8,1,10,0.8
2024-03-25T20:48:14Z,26.395032,-76.987695,6.78,202.7,1,10,0.8
2024-03-25T20:48:19Z,26.394895,-76.987720,6.07,190.6,1,10,0.8
2024-03-25T20:48:24Z,26.394765,-76.987758,5.40,192.3,1,10,0.8
2024-03-25T20:48:29Z,26.394640,-76.987795,6.07,194.0,1,10,0.8
2024-03-25T20:48:34Z,26.394508,-76.987828,6.01,195.7,1,10,0.8
2024-03-25T20:48:39Z,26.394380,-76.987868,5.42,186.2,1,10,0.8
2024-03-25T20:48:44Z,26.394250,-76.987898,5.93,190.6,1,10,0.8
2024-03-25T20:48:49Z,26.394118,-76.987935,6.27,190.3,1,10,0.8
2024-03-25T20:48:54Z,26.393978,-76.987978,5.63,194.5,1,10,0.8
2024-03-25T20:48:59Z,26.393848,-76.988007,5.92,188.0,1,10,0.8
2024-03-25T20:49:04Z,26.393722,-76.988042,6.42,206.2,1,10,0.8
2024-03-25T20:49:09Z,26.393592,-76.988080,5.67,190.0,1,10,0.8
2024-03-25T20:49:14Z,26.393457,-76.988122,6.08,196.5,1,10,0.8
2024-03-25T20:49:19Z,26.393328,-76.988158,5.90,186.4,1,10,0.8
2024-03-25T20:49:24Z,26.393192,-76.988178,5.97,194.3,1,10,0.8
2024-03-25T20:49:29Z,26.393052,-76.988220,6.21,184.9,1,10,0.8
2024-03-25T20:49:34Z,26.392912,-76.988243,6.32,191.4,1,10,0.8
2024-03-25T20:49:44Z,26.392623,-76.988318,6.83,195.4,1,10,0.8
2024-03-25T20:49:49Z,26.392482,-76.988363,5.73,192.1,1,10,0.8
2024-03-25T20:49:54Z,26.392348,-76.988397,5.64,194.8,1,10,0.8
2024-03-25T20:49:59Z,26.392213,-76.988453,6.57,205.2,1,10,0.8
2024-03-25T20:50:04Z,26.392087,-76.988493,5.05,177.4,1,10,0.8
2024-03-25T20:50:09Z,26.391963,-76.988540,5.49,195.5,1,10,0.8
2024-03-25T20:50:14Z,26.391835,-76.988588,5.79,202.0,1,10,0.8
2024-03-25T20:50:19Z,26.391710,-76.988633,5.32,199.3,1,10,0.8
2024-03-25T20:50:24Z,26.391587,-76.988675,6.07,195.9,1,10,0.8
2024-03-25T20:50:29Z,26.391462,-76.988730,5.88,198.7,1,10,0.8
2024-03-25T20:50:34Z,26.391340,-76.988768,5.63,201.1,1,10,0.8
2024-03-25T20:50:39Z,26.391222,-76.988817,5.59,199.0,1,10,0.8
2024-03-25T20:50:44Z,26.391103,-76.988853,5.53,197.9,1,10,0.8
2024-03-25T20:50:49Z,26.390988,-76.988897,5.09,193.4,1,10,0.8
2024-03-25T20:50:54Z,26.390872,-76.988928,5.58,197.8,1,10,0.8
2024-03-25T20:50:59Z,26.390745,-76.988980,5.16,193.7,1,10,0.8
2024-03-25T20:51:04Z,26.390628,-76.989007,5.85,197.0,1,10,0.8
2024-03-25T20:51:09Z,26.390485,-76.989057,6.67,197.8,1,10,0.8
2024-03-25T20:51:14Z,26.390353,-76.989083,5.66,190.3,1,10,0.8
2024-03-25T20:51:19Z,26.390215,-76.989118,7.00,202.0,1,10,0.8
2024-03-25T20:51:24Z,26.390068,-76.989153,5.83,186.4,1,10,0.8
2024-03-25T20:51:29Z,26.389922,-76.989177,5.90,191.3,1,10,0.8
2024-03-25T20:51:34Z,26.389783,-76.989212,7.42,195.9,1,10,0.8
2024-03-25T20:51:39Z,26.389627,-76.989245,5.67,192.2,1,10,0.8
2024-03-25T20:51:44Z,26.389483,-76.989295,7.35,201.0,1,10,0.8
2024-03-25T20:51:49Z,26.389333,-76.989348,6.51,196.8,1,10,0.8
2024-03-25T20:51:54Z,26.389180,-76.989402,7.72,197.6,1,10,0.8
2024-03-25T20:51:59Z,26.389037,-76.989448,5.57,194.6,1,10,0.8
2024-03-25T20:52:09Z,26.388738,-76.989548,6.76,196.6,1,10,0.8
2024-03-25T20:52:14Z,26.388593,-76.989598,6.15,195.4,1,10,0.8
2024-03-25T20:52:19Z,26.388457,-76.989645,5.83,193.7,1,10,0.8
2024-03-25T20:52:24Z,26.388320,-76.989697,6.23,198.6,1,10,0.8
2024-03-25T20:52:29Z,26.388185,-76.989748,6.92,201.1,1,10,0.8
2024-03-25T20:52:34Z,26.388045,-76.989792,5.71,193.5,1,10,0.8
2024-03-25T20:52:39Z,26.387922,-76.989833,5.61,197.2,1,10,0.8
2024-03-25T20:52:44Z,26.387777,-76.989885,5.77,190.0,1,10,0.8
2024-03-25T20:52:49Z,26.387642,-76.989920,6.30,192.0,1,10,0.8
2024-03-25T20:52:54Z,26.387502,-76.989963,6.73,195.0,1,10,0.8
2024-03-25T20:52:59Z,26.387368,-76.990002,6.00,196.4,1,10,0.8
2024-03-25T20:53:04Z,26.387220,-76.990047,6.37,192.8,1,10,0.8
2024-03-25T20:53:09Z,26.387088,-76.990082,6.48,194.2,1,10,0.8
2024-03-25T20:53:14Z,26.386943,-76.990125,6.48,195.0,1,10,0.8
2024-03-25T20:53:19Z,26.386800,-76.990175,6.22,196.3,1,10,0.8
2024-03-25T20:53:24Z,26.386670,-76.990217,6.22,196.3,1,10,0.8
2024-03-25T20:53:29Z,26.386518,-76.990260,6.89,194.5,1,10,0.8
2024-03-25T20:53:34Z,26.386377,-76.990303,6.40,195.9,1,10,0.8
2024-03-25T20:53:39Z,26.386230,-76.990353,6.59,199.4,1,10,0.8
2024-03-25T20:53:44Z,26.386085,-76.990403,6.18,196.0,1,10,0.8
2024-03-25T20:53:49Z,26.385962,-76.990443,5.32,196.4,1,10,0.8
2024-03-25T20:53:54Z,26.385832,-76.990487,6.38,197.9,1,10,0.8
2024-03-25T20:53:59Z,26.385692,-76.990538,5.91,197.1,1,10,0.8
2024-03-25T20:54:04Z,26.385565,-76.990578,5.82,196.6,1,10,0.8
2024-03-25T20:54:09Z,26.385455,-76.990617,5.03,194.9,1,10,0.8
2024-03-25T20:54:14Z,26.385320,-76.990678,6.38,202.5,1,10,0.8
2024-03-25T20:54:19Z,26.385190,-76.990733,6.03,200.8,1,10,0.8
2024-03-25T20:54:24Z,26.385075,-76.990777,5.36,197.5,1,10,0.8
2024-03-25T20:54:29Z,26.384945,-76.990820,5.93,197.9,1,10,0.8
2024-03-25T20:54:34Z,26.384817,-76.990857,5.71,191.2,1,10,0.8
2024-03-25T20:54:39Z,26.384678,-76.990890,6.35,193.6,1,10,0.8
2024-03-25T20:54:44Z,26.384535,-76.990927,6.21,191.7,1,10,0.8
2024-03-25T20:54:49Z,26.384403,-76.990965,6.06,196.8,1,10,0.8
2024-03-25T20:54:54Z,26.384268,-76.991012,6.07,193.9,1,10,0.8
2024-03-25T20:54:59Z,26.384140,-76.991048,5.13,194.1,1,10,0.8
2024-03-25T20:55:04Z,26.384017,-76.991085,5.99,196.4,1,10,0.8
2024-03-25T20:55:09Z,26.383897,-76.991122,5.51,194.5,1,10,0.8
2024-03-25T20:55:14Z,26.383768,-76.991170,5.34,194.8,1,10,0.8
2024-03-25T20:55:19Z,26.383647,-76.991210,5.18,199.2,1,10,0.8
2024-03-25T20:55:24Z,26.383523,-76.991252,6.58,197.2,1,10,0.8
2024-03-25T20:55:29Z,26.383380,-76.991297,6.40,194.0,1,10,0.8
2024-03-25T20:55:34Z,26.383252,-76.991327,5.20,193.4,1,10,0.8
2024-03-25T20:55:39Z,26.383113,-76.991368,7.29,194.4,1,10,0.8
2024-03-25T20:55:44Z,26.382973,-76.991402,5.80,194.2,1,10,0.8
2024-03-25T20:55:49Z,26.382842,-76.991448,5.63,199.0,1,10,0.8
2024-03-25T20:55:54Z,26.382713,-76.991495,6.30,195.6,1,10,0.8
2024-03-25T20:55:59Z,26.382583,-76.991538,5.62,194.9,1,10,0.8
2024-03-25T20:56:04Z,26.382457,-76.991578,5.58,197.5,1,10,0.8
2024-03-25T20:56:09Z,26.382338,-76.991613,5.31,194.1,1,10,0.8
2024-03-25T20:56:19Z,26.382085,-76.991688,5.35,192.8,1,10,0.8
2024-03-25T20:56:24Z,26.381960,-76.991725,5.48,192.8,1,10,0.8
2024-03-25T20:56:29Z,26.381830,-76.991760,6.77,196.0,1,10,0.8
2024-03-25T20:56:34Z,26.381685,-76.991800,6.43,193.1,1,10,0.8
2024-03-25T20:56:39Z,26.381537,-76.991843,6.20,196.0,1,10,0.8
2024-03-25T20:56:44Z,26.381397,-76.991890,6.71,196.8,1,10,0.8
2024-03-25T20:56:49Z,26.381255,-76.991937,6.49,194.5,1,10,0.8
2024-03-25T20:56:54Z,26.381092,-76.991980,7.87,192.4,1,10,0.8
2024-03-25T20:56:59Z,26.380930,-76.992023,6.39,194.9,1,10,0.8
2024-03-25T20:57:04Z,26.380805,-76.992067,5.53,198.1,1,10,0.8
2024-03-25T20:57:09Z,26.380663,-76.992117,6.90,197.6,1,10,0.8
2024-03-25T20:57:14Z,26.380533,-76.992155,5.31,193.3,1,10,0.8
2024-03-25T20:57:19Z,26.380410,-76.992200,6.32,198.6,1,10,0.8
2024-03-25T20:57:24Z,26.380267,-76.992247,6.46,197.2,1,10,0.8
2024-03-25T20:57:29Z,26.380127,-76.992292,5.94,198.8,1,10,0.8
2024-03-25T20:57:34Z,26.380018,-76.992330,5.04,196.0,1,10,0.8
2024-03-25T20:57:39Z,26.379910,-76.992367,4.65,195.1,1,10,0.8
2024-03-25T20:57:44Z,26.379780,-76.992403,7.35,192.4,1,10,0.8
2024-03-25T20:57:49Z,26.379622,-76.992442,6.07,197.2,1,10,0.8
2024-03-25T20:57:54Z,26.379497,-76.992485,5.29,198.9,1,10,0.8
2024-03-25T20:57:59Z,26.379387,-76.992533,5.24,201.0,1,10,0.8
2024-03-25T20:58:04Z,26.379255,-76.992578,7.17,192.7,1,10,0.8
2024-03-25T20:58:09Z,26.379105,-76.992617,6.12,192.8,1,10,0.8
2024-03-25T20:58:14Z,26.378985,-76.992653,5.18,197.5,1,10,0.8
2024-03-25T20:58:19Z,26.378867,-76.992693,5.99,193.1,1,10,0.8
2024-03-25T20:58:24Z,26.378717,-76.992723,6.84,191.3,1,10,0.8
2024-03-25T20:58:29Z,26.378570,-76.992755,6.24,193.2,1,10,0.8
2024-03-25T20:58:34Z,26.378443,-76.992793,5.74,197.8,1,10,0.8
2024-03-25T20:58:39Z,26.378313,-76.992840,6.41,194.4,1,9,1.0
2024-03-25T20:58:44Z,26.378153,-76.992882,7.09,193.2,1,10,0.8
2024-03-25T20:58:49Z,26.378032,-76.992922,4.70,201.3,1,10,0.8
2024-03-25T20:58:54Z,26.377918,-76.992963,5.84,197.9,1,10,0.8
2024-03-25T20:58:59Z,26.377783,-76.993005,6.20,194.0,1,10,0.8
2024-03-25T20:59:04Z,26.377643,-76.993038,6.73,192.3,1,10,0.8
2024-03-25T20:59:09Z,26.377483,-76.993068,7.25,191.0,1,10,0.8
2024-03-25T20:59:14Z,26.377333,-76.993110,5.97,196.5,1,10,0.8
2024-03-25T20:59:19Z,26.377210,-76.993153,5.73,194.3,1,10,0.8
2024-03-25T20:59:24Z,26.377065,-76.993192,7.37,191.5,1,10,0.8
2024-03-25T20:59:29Z,26.376890,-76.993233,7.48,192.9,1,10,0.8
2024-03-25T20:59:34Z,26.376732,-76.993272,7.02,190.9,1,10,0.8
2024-03-25T20:59:39Z,26.376583,-76.993312,5.89,193.7,1,10,0.8
2024-03-25T20:59:44Z,26.376465,-76.993350,5.67,196.7,1,10,0.8
2024-03-25T20:59:54Z,26.376192,-76.993392,5.95,183.5,1,10,0.8
2024-03-25T20:59:59Z,26.376060,-76.993395,5.84,179.2,1,10,0.8
2024-03-25T21:00:04Z,26.375922,-76.993383,6.15,172.0,1,10,0.8
2024-03-25T21:00:09Z,26.375790,-76.993363,5.72,168.8,1,10,0.8
2024-03-25T21:00:14Z,26.375658,-76.993332,5.78,165.1,1,9,0.9
2024-03-25T21:00:19Z,26.375515,-76.993290,6.74,167.0,1,10,0.8
2024-03-25T21:00:24Z,26.375390,-76.993247,5.79,165.0,1,10,0.8
2024-03-25T21:00:29Z,26.375263,-76.993218,5.99,167.2,1,10,0.8
2024-03-25T21:00:34Z,26.375123,-76.993185,6.18,167.4,1,10,0.8
2024-03-25T21:00:39Z,26.374987,-76.993160,6.12,170.2,1,10,0.8
2024-03-25T21:00:44Z,26.374838,-76.993138,6.14,172.4,1,10,0.8
2024-03-25T21:00:49Z,26.374717,-76.993103,5.77,167.1,1,11,0.8
2024-03-25T21:00:54Z,26.374580,-76.993075,5.43,169.2,1,11,0.8
2024-03-25T21:00:59Z,26.374460,-76.993047,5.73,167.2,1,11,0.8
2024-03-25T21:01:04Z,26.374325,-76.993020,5.86,168.1,1,11,0.8
2024-03-25T21:01:09Z,26.374185,-76.992985,6.73,166.8,1,10,0.9
2024-03-25T21:01:14Z,26.374035,-76.992952,6.46,169.2,1,11,0.8
2024-03-25T21:01:19Z,26.373895,-76.992922,5.86,169.0,1,11,0.8
2024-03-25T21:01:24Z,26.373762,-76.992898,5.92,170.0,1,11,0.8
2024-03-25T21:01:29Z,26.373610,-76.992863,6.94,166.2,1,11,0.8
2024-03-25T21:01:34Z,26.373453,-76.992825,6.55,168.3,1,11,0.8
2024-03-25T21:01:44Z,26.373195,-76.992768,6.55,171.1,1,11,0.8
2024-03-25T21:01:49Z,26.373030,-76.992738,7.47,169.4,1,11,0.8
2024-03-25T21:01:54Z,26.372883,-76.992718,5.37,174.3,1,11,0.8
2024-03-25T21:01:59Z,26.372758,-76.992702,6.16,170.8,1,11,0.8
2024-03-25T21:02:04Z,26.372608,-76.992673,6.35,170.9,1,11,0.8
2024-03-25T21:02:09Z,26.372472,-76.992658,5.83,173.9,1,11,0.8
2024-03-25T21:02:14Z,26.372308,-76.992635,8.14,170.0,1,10,0.9
2024-03-25T21:02:24Z,26.371995,-76.992583,5.54,178.0,1,11,0.8
2024-03-25T21:02:29Z,26.371860,-76.992572,6.28,173.4,1,11,0.8
2024-03-25T21:02:34Z,26.371700,-76.992545,7.10,173.1,1,11,0.8
2024-03-25T21:02:39Z,26.371547,-76.992517,6.01,171.5,1,11,0.8
2024-03-25T21:02:44Z,26.371405,-76.992502,5.87,176.3,1,11,0.8
2024-03-25T21:02:49Z,26.371267,-76.992485,5.63,173.1,1,11,0.8
2024-03-25T21:02:54Z,26.371132,-76.992467,6.00,172.1,1,10,0.9
2024-03-25T21:03:04Z,26.370865,-76.992427,4.56,173.0,1,11,0.8
2024-03-25T21:03:09Z,26.370747,-76.992408,5.90,166.5,1,10,0.9
2024-03-25T21:03:14Z,26.370610,-76.992365,5.72,162.6,1,9,1.1
2024-03-25T21:03:19Z,26.370498,-76.992327,4.72,161.2,1,11,0.8
2024-03-25T21:03:24Z,26.370392,-76.992285,4.86,162.1,1,11,0.8
2024-03-25T21:03:29Z,26.370277,-76.992240,5.55,159.0,1,10,0.9
2024-03-25T21:03:34Z,26.370147,-76.992187,6.11,158.9,1,11,0.8
2024-03-25T21:03:39Z,26.370013,-76.992132,6.00,160.3,1,11,0.8
2024-03-25T21:03:44Z,26.369892,-76.992072,6.17,156.2,1,11,0.8
2024-03-25T21:03:49Z,26.369775,-76.992015,5.72,155.1,1,11,0.8
2024-03-25T21:03:54Z,26.369650,-76.991953,6.19,154.2,1,11,0.8
2024-03-25T21:03:59Z,26.369517,-76.991887,6.45,155.4,1,11,0.8
2024-03-25T21:04:04Z,26.369388,-76.991827,5.87,157.5,1,11,0.8
2024-03-25T21:04:09Z,26.369270,-76.991775,5.92,157.7,1,11,0.8
2024-03-25T21:04:19Z,26.368997,-76.991645,6.40,156.6,1,11,0.8
2024-03-25T21:04:24Z,26.368865,-76.991582,6.78,157.2,1,11,0.8
2024-03-25T21:04:29Z,26.368722,-76.991522,6.44,159.3,1,11,0.8
2024-03-25T21:04:34Z,26.368590,-76.991467,5.73,158.5,1,11,0.8
2024-03-25T21:04:39Z,26.368462,-76.991410,5.78,158.3,1,11,0.8
2024-03-25T21:04:44Z,26.368333,-76.991352,5.94,156.6,1,11,0.8
2024-03-25T21:04:49Z,26.368200,-76.991295,5.96,156.5,1,11,0.8
2024-03-25T21:04:59Z,26.367957,-76.991188,5.46,158.7,1,11,0.8
2024-03-25T21:05:04Z,26.367833,-76.991133,5.73,157.8,1,11,0.8
2024-03-25T21:05:09Z,26.367713,-76.991080,5.64,159.5,1,11,0.8
2024-03-25T21:05:14Z,26.367590,-76.991027,5.71,160.9,1,11,0.8
2024-03-25T21:05:19Z,26.367463,-76.990978,5.71,161.9,1,11,0.8
2024-03-25T21:05:24Z,26.367338,-76.990933,5.78,159.3,1,11,0.8
2024-03-25T21:05:29Z,26.367210,-76.990882,5.63,160.1,1,11,0.8
2024-03-25T21:05:39Z,26.366958,-76.990777,6.16,158.7,1,11,0.8
2024-03-25T21:05:44Z,26.366822,-76.990720,6.22,157.9,1,11,0.8
2024-03-25T21:05:49Z,26.366697,-76.990663,6.10,158.5,1,11,0.8
2024-03-25T21:05:54Z,26.366568,-76.990605,6.15,155.4,1,11,0.8
2024-03-25T21:05:59Z,26.366442,-76.990543,5.87,157.3,1,11,0.8
2024-03-25T21:06:04Z,26.366318,-76.990485,5.95,157.7,1,11,0.8
2024-03-25T21:06:09Z,26.366190,-76.990423,5.86,153.6,1,10,0.9
2024-03-25T21:06:19Z,26.365908,-76.990285,6.48,157.2,1,11,0.8
2024-03-25T21:06:24Z,26.365763,-76.990218,6.74,157.1,1,11,0.8
2024-03-25T21:06:29Z,26.365618,-76.990152,6.71,157.2,1,11,0.8
2024-03-25T21:06:34Z,26.365470,-76.990078,6.65,157.6,1,11,0.8
2024-03-25T21:06:39Z,26.365333,-76.990012,6.38,159.1,1,11,0.8
2024-03-25T21:06:44Z,26.365193,-76.989960,6.56,160.5,1,10,0.9
2024-03-25T21:06:49Z,26.365053,-76.989900,6.33,157.2,1,11,0.8
2024-03-25T21:06:59Z,26.364783,-76.989783,6.28,160.7,1,11,0.8
2024-03-25T21:07:04Z,26.364652,-76.989727,6.03,157.6,1,10,0.9
2024-03-25T21:07:09Z,26.364520,-76.989667,6.25,159.2,1,11,0.8
2024-03-25T21:07:14Z,26.364400,-76.989610,5.58,158.3,1,11,0.8
2024-03-25T21:07:19Z,26.364282,-76.989563,5.68,159.1,1,10,0.9
2024-03-25T21:07:24Z,26.364153,-76.989498,6.13,160.7,1,10,0.9
2024-03-25T21:07:29Z,26.364018,-76.989433,6.01,157.0,1,11,0.8
2024-03-25T21:07:34Z,26.363892,-76.989377,6.08,158.0,1,11,0.8
2024-03-25T21:07:39Z,26.363767,-76.989327,5.84,155.9,1,11,0.8
2024-03-25T21:07:44Z,26.363643,-76.989277,6.15,160.6,1,11,0.8
2024-03-25T21:07:49Z,26.363510,-76.989218,5.99,157.8,1,11,0.8
2024-03-25T21:07:54Z,26.363383,-76.989162,5.97,155.8,1,11,0.8
2024-03-25T21:07:59Z,26.363253,-76.989103,5.99,156.0,1,11,0.8
2024-03-25T21:08:04Z,26.363135,-76.989048,5.77,160.0,1,10,0.9
2024-03-25T21:08:14Z,26.362885,-76.988945,5.72,161.0,1,11,0.8
2024-03-25T21:08:19Z,26.362757,-76.988895,5.69,159.6,1,11,0.8
2024-03-25T21:08:24Z,26.362637,-76.988845,5.73,159.9,1,11,0.8
2024-03-25T21:08:29Z,26.362515,-76.988793,5.77,158.0,1,10,0.8
2024-03-25T21:08:34Z,26.362397,-76.988738,5.49,162.6,1,11,0.8
2024-03-25T21:08:39Z,26.362270,-76.988690,6.16,158.9,1,11,0.8
2024-03-25T21:08:44Z,26.362130,-76.988635,6.40,160.3,1,11,0.8
2024-03-25T21:08:49Z,26.361992,-76.988578,6.30,160.9,1,11,0.8
2024-03-25T21:08:54Z,26.361848,-76.988522,6.65,160.6,1,11,0.8
2024-03-25T21:08:59Z,26.361697,-76.988453,6.85,158.1,1,11,0.8
2024-03-25T21:09:04Z,26.361552,-76.988387,6.73,155.5,1,10,0.8
2024-03-25T21:09:09Z,26.361407,-76.988315,6.49,157.9,1,11,0.8
2024-03-25T21:09:14Z,26.361260,-76.988253,6.49,160.7,1,11,0.8
2024-03-25T21:09:19Z,26.361113,-76.988197,6.76,161.4,1,10,0.9
2024-03-25T21:09:29Z,26.360827,-76.988092,6.37,159.5,1,10,0.9
2024-03-25T21:09:34Z,26.360685,-76.988032,6.48,158.5,1,11,0.8
2024-03-25T21:09:39Z,26.360547,-76.987972,6.42,157.5,1,11,0.8
2024-03-25T21:09:44Z,26.360412,-76.987917,6.16,161.7,1,11,0.8
2024-03-25T21:09:49Z,26.360278,-76.987863,6.38,159.0,1,10,0.8
2024-03-25T21:09:54Z,26.360147,-76.987800,6.29,155.5,1,11,0.8
2024-03-25T21:09:59Z,26.360017,-76.987737,6.01,157.4,1,11,0.8
2024-03-25T21:10:04Z,26.359880,-76.987677,6.01,160.3,1,11,0.8
2024-03-25T21:10:09Z,26.359748,-76.987622,6.18,156.0,1,11,0.8
2024-03-25T21:10:14Z,26.359618,-76.987557,6.06,153.6,1,11,0.8
2024-03-25T21:10:19Z,26.359495,-76.987495,5.69,154.9,1,11,0.8
2024-03-25T21:10:24Z,26.359377,-76.987433,5.88,156.6,1,10,0.9
2024-03-25T21:10:29Z,26.359250,-76.987373,5.60,151.7,1,10,0.9
2024-03-25T21:10:34Z,26.359133,-76.987318,5.39,153.0,1,11,0.8
2024-03-25T21:10:44Z,26.358890,-76.987245,5.62,167.6,1,11,0.8
2024-03-25T21:10:49Z,26.358778,-76.987212,5.66,164.8,1,11,0.8
2024-03-25T21:10:54Z,26.358645,-76.987178,6.19,170.4,1,11,0.8
2024-03-25T21:10:59Z,26.358508,-76.987148,6.09,170.3,1,10,0.9
2024-03-25T21:11:04Z,26.358358,-76.987118,6.46,169.5,1,11,0.8
2024-03-25T21:11:09Z,26.358213,-76.987097,6.00,171.9,1,11,0.8
2024-03-25T21:11:14Z,26.358063,-76.987078,6.16,176.2,1,11,0.8
2024-03-25T21:11:24Z,26.357772,-76.987038,6.30,172.9,1,11,0.8
2024-03-25T21:11:29Z,26.357630,-76.987015,6.23,167.5,1,11,0.8
2024-03-25T21:11:34Z,26.357492,-76.986987,6.11,167.7,1,11,0.8
2024-03-25T21:11:39Z,26.357357,-76.986955,6.22,168.9,1,11,0.8
2024-03-25T21:11:44Z,26.357225,-76.986920,5.95,164.1,1,11,0.8
2024-03-25T21:11:49Z,26.357102,-76.986878,5.67,162.9,1,11,0.8
2024-03-25T21:11:54Z,26.356977,-76.986823,5.92,157.3,1,11,0.8
2024-03-25T21:12:04Z,26.356713,-76.986717,6.08,151.5,1,11,0.8
2024-03-25T21:12:09Z,26.356612,-76.986625,4.88,128.4,1,11,0.8
2024-03-25T21:12:14Z,26.356570,-76.986523,4.10,103.8,1,10,0.9
2024-03-25T21:12:19Z,26.356570,-76.986433,3.37,78.7,1,9,0.9
2024-03-25T21:12:24Z,26.356582,-76.986360,3.05,85.6,1,10,0.9
2024-03-25T21:12:29Z,26.356595,-76.986290,3.03,86.8,1,10,0.9
2024-03-25T21:12:39Z,26.356612,-76.986145,2.73,97.8,1,9,0.9
2024-03-25T21:12:44Z,26.356612,-76.986072,3.06,81.9,1,10,0.9
2024-03-25T21:12:49Z,26.356617,-76.985995,3.03,86.1,1,10,0.9
2024-03-25T21:12:54Z,26.356628,-76.985922,3.04,87.7,1,10,0.9
2024-03-25T21:12:59Z,26.356635,-76.985847,3.10,86.8,1,10,0.9
2024-03-25T21:13:04Z,26.356635,-76.985768,3.37,84.5,1,10,0.9
2024-03-25T21:13:14Z,26.356665,-76.985605,3.10,84.5,1,10,0.9
2024-03-25T21:13:19Z,26.356682,-76.985525,2.99,80.7,1,9,0.9
2024-03-25T21:13:24Z,26.356697,-76.985450,2.64,74.1,1,9,0.9
2024-03-25T21:13:29Z,26.356702,-76.985392,2.26,76.6,1,9,0.9
2024-03-25T21:13:34Z,26.356707,-76.985335,2.06,82.7,1,9,0.9
2024-03-25T21:13:39Z,26.356717,-76.985288,1.82,74.0,1,9,0.9
2024-03-25T21:13:44Z,26.356725,-76.985243,1.95,87.5,1,9,0.9
2024-03-25T21:13:49Z,26.356735,-76.985192,2.09,83.3,1,9,0.9
2024-03-25T21:13:54Z,26.356745,-76.985138,2.26,76.7,1,9,0.9
2024-03-25T21:13:59Z,26.356757,-76.985082,2.44,76.0,1,9,0.9
2024-03-25T21:14:04Z,26.356767,-76.985022,2.13,78.0,1,9,0.9
2024-03-25T21:14:09Z,26.356782,-76.984977,1.66,86.8,1,9,0.9
2024-03-25T21:14:19Z,26.356822,-76.984893,1.71,75.6,1,10,0.9
2024-03-25T21:14:24Z,26.356833,-76.984850,1.58,71.7,1,9,0.9
2024-03-25T21:14:29Z,26.356837,-76.984818,1.29,60.6,1,9,0.9
2024-03-25T21:14:34Z,26.356840,-76.984793,1.03,85.3,1,9,0.9
2024-03-25T21:14:39Z,26.356860,-76.984765,1.06,76.9,1,9,0.9
2024-03-25T21:14:44Z,26.356862,-76.984745,0.34,89.0,1,10,0.9
2024-03-25T21:14:49Z,26.356867,-76.984745,0.45,276.0,1,10,0.9
2024-03-25T21:14:54Z,26.356860,-76.984757,0.41,256.0,1,11,0.8
2024-03-25T21:14:59Z,26.356853,-76.984767,0.52,228.3,1,11,0.8
2024-03-25T21:15:04Z,26.356843,-76.984782,0.98,227.5,1,11,0.8
2024-03-25T21:15:09Z,26.356828,-76.984802,0.90,225.4,1,10,0.9
2024-03-25T21:15:14Z,26.356817,-76.984817,1.00,221.3,1,10,0.9
2024-03-25T21:15:19Z,26.356803,-76.984832,1.30,216.1,1,11,0.8
2024-03-25T21:15:24Z,26.356788,-76.984847,0.50,185.3,1,10,0.9
2024-03-25T21:15:29Z,26.356783,-76.984845,0.22,117.1,1,10,0.9
2024-03-25T21:15:34Z,26.356783,-76.984842,0.34,113.5,1,10,0.9
2024-03-25T21:15:39Z,26.356783,-76.984840,0.05,358.6,1,11,0.8
2024-03-25T21:15:44Z,26.356785,-76.984840,0.21,43.6,1,11,0.8
2024-03-25T21:15:49Z,26.356783,-76.984843,0.30,224.7,1,11,0.8
2024-03-25T21:15:54Z,26.356785,-76.984845,0.27,265.6,1,11,0.8
2024-03-25T21:15:59Z,26.356783,-76.984850,0.42,248.6,1,11,0.8
2024-03-25T21:16:04Z,26.356775,-76.984860,0.20,345.4,1,11,0.8
2024-03-25T21:16:09Z,26.356768,-76.984875,0.62,225.6,1,11,0.8
2024-03-25T21:16:14Z,26.356765,-76.984882,0.30,219.0,1,11,0.8
2024-03-25T21:16:19Z,26.356762,-76.984890,0.48,260.1,1,11,0.8
2024-03-25T21:16:24Z,26.356767,-76.984895,0.31,77.1,1,11,0.8
2024-03-25T21:16:29Z,26.356778,-76.984885,0.44,53.0,1,9,0.9
2024-03-25T21:16:34Z,26.356780,-76.984877,0.37,76.7,1,10,0.9
2024-03-25T21:16:39Z,26.356780,-76.984870,0.23,72.9,1,10,0.9
2024-03-25T21:16:44Z,26.356790,-76.984863,0.34,47.8,1,10,0.9
2024-03-25T21:16:49Z,26.356795,-76.984863,0.19,137.4,1,10,0.9
2024-03-25T21:16:54Z,26.356792,-76.984862,0.56,118.0,1,11,0.8
2024-03-25T21:16:59Z,26.356792,-76.984862,0.11,37.3,1,11,0.8
2024-03-25T21:17:04Z,26.356790,-76.984865,0.11,67.4,1,11,0.8
2024-03-25T21:17:09Z,26.356790,-76.984865,0.24,188.2,1,10,0.9
2024-03-25T21:17:14Z,26.356787,-76.984872,0.22,223.8,1,10,0.9
2024-03-25T21:17:19Z,26.356790,-76.984872,0.15,285.0,1,10,0.9
2024-03-25T21:17:24Z,26.356788,-76.984883,0.55,338.7,1,10,0.9
2024-03-25T21:17:29Z,26.356788,-76.984897,0.22,298.0,1,10,0.9
2024-03-25T21:17:34Z,26.356792,-76.984898,0.26,349.9,1,10,0.9
2024-03-25T21:17:44Z,26.356792,-76.984900,0.04,81.1,1,11,0.8
2024-03-25T21:17:49Z,26.356795,-76.984902,0.10,105.3,1,11,0.8
2024-03-25T21:17:54Z,26.356798,-76.984893,0.18,57.5,1,11,0.8
2024-03-25T21:17:59Z,26.356798,-76.984892,0.16,181.8,1,11,0.8
2024-03-25T21:18:04Z,26.356797,-76.984892,0.40,15.8,1,10,0.9
2024-03-25T21:18:09Z,26.356800,-76.984897,0.32,293.4,1,9,0.9
2024-03-25T21:18:19Z,26.356802,-76.984898,0.05,11.4,1,9,1.0
2024-03-25T21:18:24Z,26.356803,-76.984892,0.17,121.3,1,9,0.9
2024-03-25T21:18:29Z,26.356810,-76.984887,0.05,174.5,1,10,0.9
2024-03-25T21:18:34Z,26.356812,-76.984882,0.29,133.9,1,11,0.8
2024-03-25T21:18:39Z,26.356813,-76.984878,0.23,63.5,1,10,0.9
2024-03-25T21:18:44Z,26.356823,-76.984878,0.04,99.4,1,10,0.9
2024-03-25T21:18:54Z,26.356820,-76.984883,0.03,153.8,1,9,1.0
2024-03-25T21:18:59Z,26.356833,-76.984885,0.16,334.9,1,9,1.0
2024-03-25T21:19:04Z,26.356832,-76.984893,0.25,255.5,1,10,0.9
2024-03-25T21:19:09Z,26.356832,-76.984888,0.34,61.5,1,9,1.0
2024-03-25T21:19:14Z,26.356838,-76.984893,0.22,87.5,1,9,1.0
2024-03-25T21:19:19Z,26.356840,-76.984897,0.20,319.6,1,9,1.0
2024-03-25T21:19:29Z,26.356833,-76.984895,0.14,137.9,1,9,1.0
2024-03-25T21:19:34Z,26.356827,-76.984893,0.23,147.6,1,10,0.9
2024-03-25T21:19:39Z,26.356823,-76.984887,0.38,70.3,1,9,1.0
2024-03-25T21:19:44Z,26.356822,-76.984877,0.35,166.3,1,10,0.9
2024-03-25T21:19:49Z,26.356820,-76.984872,0.28,28.5,1,10,0.9
2024-03-25T21:19:54Z,26.356827,-76.984868,0.06,13.5,1,10,0.9
2024-03-25T21:20:04Z,26.356827,-76.984878,0.20,205.4,1,9,1.0
2024-03-25T21:20:09Z,26.356823,-76.984883,0.18,241.6,1,9,1.0
2024-03-25T21:20:14Z,26.356822,-76.984887,0.11,141.9,1,10,0.9
2024-03-25T21:20:19Z,26.356818,-76.984888,0.16,33.5,1,10,0.9
2024-03-25T21:20:24Z,26.356817,-76.984888,0.22,118.1,1,10,0.9
2024-03-25T21:20:29Z,26.356815,-76.984887,0.15,35.2,1,10,0.9
2024-03-25T21:20:34Z,26.356815,-76.984885,0.13,55.7,1,10,0.9
2024-03-25T21:20:39Z,26.356812,-76.984887,0.34,198.8,1,10,0.9
2024-03-25T21:20:44Z,26.356812,-76.984890,0.45,181.1,1,9,1.0
2024-03-25T21:20:49Z,26.356808,-76.984893,0.04,339.0,1,9,1.0
2024-03-25T21:20:54Z,26.356810,-76.984892,0.22,140.9,1,9,1.0
2024-03-25T21:20:59Z,26.356813,-76.984890,0.21,89.1,1,10,0.9
2024-03-25T21:21:04Z,26.356815,-76.984885,0.15,51.2,1,10,0.9
2024-03-25T21:21:14Z,26.356827,-76.984877,0.12,49.9,1,9,1.0
2024-03-25T21:21:19Z,26.356825,-76.984878,0.11,192.0,1,9,1.0
2024-03-25T21:21:24Z,26.356818,-76.984878,0.14,130.4,1,9,1.0
2024-03-25T21:21:29Z,26.356818,-76.984880,0.08,150.0,1,10,0.9
2024-03-25T21:21:34Z,26.356818,-76.984880,0.24,191.7,1,10,0.9
2024-03-25T21:21:39Z,26.356820,-76.984878,0.08,177.0,1,9,1.0
2024-03-25T21:21:49Z,26.356815,-76.984878,0.30,184.2,1,9,1.0
2024-03-25T21:21:54Z,26.356810,-76.984877,0.23,113.6,1,10,0.9
2024-03-25T21:21:59Z,26.356805,-76.984878,0.56,187.0,1,9,1.0
2024-03-25T21:22:04Z,26.356807,-76.984877,0.50,8.0,1,9,1.0
2024-03-25T21:22:09Z,26.356805,-76.984878,0.09,245.5,1,10,0.9
2024-03-25T21:22:14Z,26.356808,-76.984878,0.13,118.2,1,9,1.0
2024-03-25T21:22:24Z,26.356817,-76.984897,0.03,134.3,1,10,0.9
2024-03-25T21:22:29Z,26.356820,-76.984893,0.10,12.9,1,9,1.0
2024-03-25T21:22:34Z,26.356817,-76.984893,0.03,170.3,1,10,0.9
2024-03-25T21:22:39Z,26.356818,-76.984890,0.28,137.3,1,10,0.9
2024-03-25T21:22:44Z,26.356820,-76.984887,0.13,12.7,1,10,0.9
2024-03-25T21:22:49Z,26.356817,-76.984883,0.45,48.1,1,10,0.9
2024-03-25T21:22:59Z,26.356813,-76.984892,0.17,253.8,1,10,0.9
2024-03-25T21:23:04Z,26.356813,-76.984898,0.24,349.8,1,10,0.9
2024-03-25T21:23:09Z,26.356813,-76.984902,0.03,73.4,1,10,0.9
2024-03-25T21:23:14Z,26.356812,-76.984900,0.52,183.3,1,10,0.9
2024-03-25T21:23:19Z,26.356815,-76.984893,0.25,58.3,1,10,0.9
2024-03-25T21:23:24Z,26.356808,-76.984883,0.21,89.7,1,9,1.0
2024-03-25T21:23:29Z,26.356805,-76.984878,0.39,128.2,1,10,0.9
2024-03-25T21:23:34Z,26.356798,-76.984875,0.35,139.9,1,9,1.0
2024-03-25T21:23:39Z,26.356795,-76.984873,0.19,138.9,1,10,0.9
2024-03-25T21:23:44Z,26.356807,-76.984865,0.19,81.9,1,10,0.9
2024-03-25T21:23:49Z,26.356802,-76.984865,0.11,98.0,1,10,0.9
2024-03-25T21:23:54Z,26.356798,-76.984868,0.19,167.2,1,10,0.9
2024-03-25T21:23:59Z,26.356798,-76.984862,0.14,181.7,1,10,0.9
2024-03-25T21:24:09Z,26.356782,-76.984843,0.50,60.4,1,10,0.9
2024-03-25T21:24:14Z,26.356777,-76.984845,0.35,200.5,1,10,0.9
2024-03-25T21:24:19Z,26.356775,-76.984855,0.07,171.1,1,9,1.0
2024-03-25T21:24:24Z,26.356770,-76.984857,0.24,299.5,1,10,0.9
2024-03-25T21:24:29Z,26.356788,-76.984855,0.18,288.1,1,10,0.9
2024-03-25T21:24:34Z,26.356795,-76.984855,0.20,282.9,1,10,0.9
2024-03-25T21:24:44Z,26.356793,-76.984860,0.23,47.1,2,10,0.9
2024-03-25T21:24:49Z,26.356797,-76.984857,0.18,148.3,2,10,0.9
2024-03-25T21:24:54Z,26.356800,-76.984847,0.12,111.4,2,10,0.9
2024-03-25T21:24:59Z,26.356800,-76.984848,0.21,84.0,2,10,0.9
2024-03-25T21:25:04Z,26.356795,-76.984852,0.08,189.5,2,10,0.9
2024-03-25T21:25:09Z,26.356802,-76.984853,0.17,111.6,2,10,0.9
2024-03-25T21:25:14Z,26.356807,-76.984848,0.08,288.5,2,10,0.9
2024-03-25T21:25:19Z,26.356808,-76.984850,0.28,195.8,2,10,0.9
2024-03-25T21:25:24Z,26.356800,-76.984860,0.24,219.7,2,10,0.9
2024-03-25T21:25:29Z,26.356798,-76.984860,0.55,198.5,2,10,0.9
2024-03-25T21:25:34Z,26.356778,-76.984863,0.30,197.8,2,10,0.9
2024-03-25T21:25:39Z,26.356790,-76.984865,0.27,327.3,2,10,0.9
2024-03-25T21:25:44Z,26.356798,-76.984867,0.37,346.9,2,10,0.9
2024-03-25T21:25:49Z,26.356803,-76.984873,0.14,34.0,2,10,0.9
2024-03-25T21:25:59Z,26.356808,-76.984880,0.16,321.8,2,10,0.9
2024-03-25T21:26:04Z,26.356808,-76.984878,0.26,172.7,1,10,0.9
2024-03-25T21:26:09Z,26.356802,-76.984877,0.24,22.1,1,9,0.9
2024-03-25T21:26:14Z,26.356798,-76.984872,0.28,55.5,1,9,0.9
2024-03-25T21:26:19Z,26.356795,-76.984873,0.15,178.4,1,9,0.9
2024-03-25T21:26:24Z,26.356793,-76.984875,0.16,335.6,1,10,0.9
2024-03-25T21:26:34Z,26.356788,-76.984885,0.35,256.0,1,9,1.0
2024-03-25T21:26:39Z,26.356785,-76.984888,0.11,100.8,1,9,1.0
2024-03-25T21:26:44Z,26.356785,-76.984882,0.04,82.4,1,10,0.9
2024-03-25T21:26:49Z,26.356783,-76.984877,0.25,175.6,1,9,1.0
2024-03-25T21:26:54Z,26.356783,-76.984873,0.25,39.6,1,9,1.0
2024-03-25T21:26:59Z,26.356795,-76.984880,0.20,15.6,2,10,0.9
2024-03-25T21:27:04Z,26.356803,-76.984878,0.24,15.0,2,10,0.9
2024-03-25T21:27:09Z,26.356803,-76.984878,0.08,144.3,2,10,0.9
2024-03-25T21:27:14Z,26.356802,-76.984883,0.21,220.7,2,9,1.0
2024-03-25T21:27:19Z,26.356792,-76.984890,0.28,263.2,1,10,0.9
2024-03-25T21:27:24Z,26.356780,-76.984897,0.75,207.0,1,10,0.9
2024-03-25T21:27:29Z,26.356777,-76.984897,0.23,328.4,1,10,0.9
2024-03-25T21:27:34Z,26.356780,-76.984895,0.18,345.9,1,10,0.9
2024-03-25T21:27:39Z,26.356783,-76.984892,0.15,46.8,1,10,0.9
2024-03-25T21:27:44Z,26.356787,-76.984885,0.33,48.7,1,10,0.9
2024-03-25T21:27:49Z,26.356792,-76.984882,0.32,19.4,1,10,0.9
2024-03-25T21:27:54Z,26.356795,-76.984880,0.15,4.8,1,10,0.9
2024-03-25T21:27:59Z,26.356800,-76.984883,0.15,293.2,1,10,0.9
2024-03-25T21:28:04Z,26.356802,-76.984888,0.52,341.7,1,10,0.9
2024-03-25T21:28:09Z,26.356805,-76.984893,0.20,166.3,1,9,1.0
2024-03-25T21:28:19Z,26.356813,-76.984895,0.15,57.0,1,10,0.9
2024-03-25T21:28:24Z,26.356818,-76.984893,0.15,21.4,1,9,1.0
2024-03-25T21:28:29Z,26.356822,-76.984887,0.03,211.7,1,9,1.0
2024-03-25T21:28:34Z,26.356827,-76.984887,0.13,320.0,1,9,1.0
2024-03-25T21:28:39Z,26.356833,-76.984890,0.33,359.7,1,10,0.9
2024-03-25T21:28:44Z,26.356842,-76.984890,0.08,187.6,1,10,0.9
2024-03-25T21:28:54Z,26.356838,-76.984888,0.19,148.1,1,10,0.9
2024-03-25T21:28:59Z,26.356833,-76.984882,0.12,100.0,1,10,0.9
2024-03-25T21:29:04Z,26.356833,-76.984882,0.28,181.2,1,9,1.0
2024-03-25T21:29:09Z,26.356818,-76.984882,0.50,185.0,1,10,0.9
2024-03-25T21:29:14Z,26.356818,-76.984880,0.28,184.8,1,9,1.0
2024-03-25T21:29:19Z,26.356817,-76.984883,0.07,176.0,1,9,1.0
2024-03-25T21:29:29Z,26.356818,-76.984883,0.15,137.0,1,10,0.9
2024-03-25T21:29:34Z,26.356815,-76.984883,0.06,112.6,1,10,0.9
2024-03-25T21:29:39Z,26.356808,-76.984883,0.17,126.5,1,10,0.9
2024-03-25T21:29:44Z,26.356803,-76.984882,0.22,190.6,1,10,0.9
2024-03-25T21:29:49Z,26.356798,-76.984885,0.28,194.3,1,10,0.9
2024-03-25T21:29:54Z,26.356798,-76.984883,0.06,110.2,1,10,0.9
2024-03-25T21:29:59Z,26.356793,-76.984887,0.36,201.6,1,10,0.9
2024-03-25T21:30:04Z,26.356800,-76.984885,0.15,312.5,1,10,0.9
2024-03-25T21:30:09Z,26.356807,-76.984878,0.13,277.3,1,10,0.9
2024-03-25T21:30:14Z,26.356813,-76.984878,0.31,22.7,1,10,0.9
2024-03-25T21:30:19Z,26.356817,-76.984883,0.29,213.1,1,10,0.9
2024-03-25T21:30:24Z,26.356825,-76.984887,0.19,339.1,1,10,0.9
2024-03-25T21:30:29Z,26.356833,-76.984890,0.05,303.8,1,10,0.9
2024-03-25T21:30:34Z,26.356837,-76.984892,0.08,283.4,1,10,0.9
2024-03-25T21:30:39Z,26.356840,-76.984888,0.18,216.7,1,9,0.9
2024-03-25T21:30:44Z,26.356842,-76.984885,0.15,50.2,1,10,0.9
2024-03-25T21:30:49Z,26.356840,-76.984883,0.28,171.9,1,10,0.9
2024-03-25T21:30:54Z,26.356837,-76.984885,0.27,197.8,1,10,0.9
2024-03-25T21:30:59Z,26.356832,-76.984883,0.10,92.0,1,9,1.0
2024-03-25T21:31:04Z,26.356827,-76.984883,0.16,97.3,1,10,0.9
2024-03-25T21:31:14Z,26.356827,-76.984873,0.12,93.6,1,10,0.9
2024-03-25T21:31:19Z,26.356825,-76.984875,0.23,195.2,1,9,1.0
2024-03-25T21:31:24Z,26.356823,-76.984870,0.17,109.2,1,10,0.9
2024-03-25T21:31:29Z,26.356818,-76.984868,0.31,171.1,1,10,0.9
2024-03-25T21:31:34Z,26.356817,-76.984867,0.13,151.5,1,10,0.9
2024-03-25T21:31:39Z,26.356808,-76.984863,0.29,178.5,1,10,0.9
2024-03-25T21:31:49Z,26.356800,-76.984863,0.22,161.7,1,10,0.9
2024-03-25T21:31:54Z,26.356800,-76.984867,0.25,198.3,1,10,0.9
2024-03-25T21:31:59Z,26.356802,-76.984870,0.21,204.8,1,10,0.9
2024-03-25T21:32:04Z,26.356802,-76.984877,0.18,332.6,1,9,0.9
2024-03-25T21:32:09Z,26.356803,-76.984882,0.20,340.9,1,10,0.9
2024-03-25T21:32:14Z,26.356807,-76.984887,0.18,325.0,1,10,0.9
2024-03-25T21:32:19Z,26.356813,-76.984888,0.25,1.1,1,10,0.9
2024-03-25T21:32:24Z,26.356815,-76.984890,0.12,311.7,1,11,0.8
2024-03-25T21:32:29Z,26.356817,-76.984890,0.04,124.6,1,11,0.8
2024-03-25T21:32:34Z,26.356818,-76.984885,0.23,39.8,1,10,0.9
2024-03-25T21:32:39Z,26.356822,-76.984885,0.08,192.1,1,11,0.8
2024-03-25T21:32:44Z,26.356822,-76.984887,0.12,180.7,1,11,0.8
2024-03-25T21:32:49Z,26.356820,-76.984888,0.11,175.2,1,11,0.8
2024-03-25T21:32:54Z,26.356817,-76.984883,0.26,158.7,1,10,0.9
2024-03-25T21:32:59Z,26.356813,-76.984875,0.44,83.9,1,11,0.8
2024-03-25T21:33:04Z,26.356803,-76.984872,0.28,167.1,1,11,0.8
2024-03-25T21:33:09Z,26.356807,-76.984870,0.24,64.8,1,11,0.8
2024-03-25T21:33:14Z,26.356810,-76.984870,0.07,65.7,1,11,0.8
2024-03-25T21:33:19Z,26.356812,-76.984872,0.27,244.7,1,10,0.8
2024-03-25T21:33:24Z,26.356808,-76.984880,0.19,302.9,1,11,0.8
2024-03-25T21:33:29Z,26.356808,-76.984887,0.25,244.9,1,11,0.8
2024-03-25T21:33:34Z,26.356812,-76.984893,0.27,341.8,1,11,0.8
2024-03-25T21:33:39Z,26.356818,-76.984888,0.20,80.3,1,10,0.9
2024-03-25T21:33:44Z,26.356827,-76.984885,0.17,2.5,1,11,0.8
2024-03-25T21:33:49Z,26.356835,-76.984882,0.34,34.8,1,10,0.8
2024-03-25T21:33:54Z,26.356838,-76.984878,0.07,186.4,1,10,0.8
2024-03-25T21:33:59Z,26.356845,-76.984877,0.06,8.2,1,10,0.9
2024-03-25T21:34:04Z,26.356848,-76.984878,0.06,217.3,1,11,0.8
2024-03-25T21:34:09Z,26.356852,-76.984875,0.06,76.0,1,11,0.8
2024-03-25T21:34:14Z,26.356853,-76.984877,0.31,243.2,1,11,0.8
2024-03-25T21:34:19Z,26.356857,-76.984878,0.15,281.4,1,10,0.8
2024-03-25T21:34:24Z,26.356855,-76.984883,0.18,277.5,1,10,0.8
2024-03-25T21:34:29Z,26.356853,-76.984887,0.18,165.5,1,10,0.9
2024-03-25T21:34:34Z,26.356850,-76.984887,0.15,144.6,1,11,0.8
2024-03-25T21:34:39Z,26.356845,-76.984888,0.28,222.5,1,10,0.9
2024-03-25T21:34:44Z,26.356843,-76.984890,0.18,232.4,1,11,0.8
2024-03-25T21:34:49Z,26.356847,-76.984890,0.13,154.8,1,10,0.8
2024-03-25T21:34:54Z,26.356858,-76.984883,0.65,29.7,1,11,0.8
2024-03-25T21:34:59Z,26.356867,-76.984878,0.17,13.9,1,11,0.8
2024-03-25T21:35:04Z,26.356877,-76.984878,0.05,60.4,1,11,0.8
2024-03-25T21:35:09Z,26.356882,-76.984877,0.14,63.5,1,11,0.8
2024-03-25T21:35:14Z,26.356888,-76.984877,0.45,6.9,1,11,0.8
2024-03-25T21:35:19Z,26.356892,-76.984882,0.26,289.4,1,11,0.8
2024-03-25T21:35:24Z,26.356893,-76.984887,0.23,217.6,1,11,0.8
2024-03-25T21:35:29Z,26.356890,-76.984892,0.24,251.8,1,11,0.8
2024-03-25T21:35:34Z,26.356883,-76.984893,0.36,171.7,1,11,0.8
2024-03-25T21:35:39Z,26.356880,-76.984885,0.31,77.6,1,11,0.8
2024-03-25T21:35:44Z,26.356883,-76.984878,0.26,109.7,1,11,0.8
2024-03-25T21:35:49Z,26.356883,-76.984872,0.04,30.9,1,11,0.8
2024-03-25T21:35:54Z,26.356873,-76.984870,0.13,159.8,1,11,0.8
2024-03-25T21:35:59Z,26.356867,-76.984875,0.19,184.5,1,11,0.8
2024-03-25T21:36:04Z,26.356863,-76.984875,0.06,19.4,1,11,0.8
2024-03-25T21:36:09Z,26.356855,-76.984880,0.46,205.0,1,11,0.8
2024-03-25T21:36:14Z,26.356848,-76.984882,0.09,255.5,1,11,0.8
2024-03-25T21:36:19Z,26.356847,-76.984883,0.33,57.5,1,11,0.8
2024-03-25T21:36:24Z,26.356845,-76.984885,0.05,214.9,1,11,0.8
2024-03-25T21:36:29Z,26.356850,-76.984882,0.36,64.5,1,11,0.8
2024-03-25T21:36:34Z,26.356838,-76.984883,0.23,132.8,1,11,0.8
2024-03-25T21:36:39Z,26.356830,-76.984882,0.37,168.5,1,11,0.8
2024-03-25T21:36:44Z,26.356827,-76.984882,0.25,182.7,1,11,0.8
2024-03-25T21:36:49Z,26.356825,-76.984878,0.27,179.2,1,11,0.8
2024-03-25T21:36:54Z,26.356822,-76.984878,0.07,166.6,1,11,0.8
2024-03-25T21:36:59Z,26.356818,-76.984882,0.22,227.3,1,11,0.8
2024-03-25T21:37:09Z,26.356825,-76.984887,0.18,296.4,1,11,0.8
2024-03-25T21:37:14Z,26.356828,-76.984890,0.18,262.7,1,11,0.8
2024-03-25T21:37:19Z,26.356823,-76.984893,0.04,55.4,1,11,0.8
2024-03-25T21:37:24Z,26.356823,-76.984893,0.05,104.9,1,11,0.8
2024-03-25T21:37:29Z,26.356822,-76.984892,0.21,38.1,1,11,0.8
2024-03-25T21:37:34Z,26.356822,-76.984885,0.29,55.5,1,11,0.8
2024-03-25T21:37:39Z,26.356820,-76.984877,0.07,94.9,1,11,0.8
2024-03-25T21:37:44Z,26.356820,-76.984870,0.25,55.0,1,11,0.8
2024-03-25T21:37:49Z,26.356815,-76.984865,0.22,122.0,1,11,0.8
2024-03-25T21:37:54Z,26.356813,-76.984862,0.13,140.5,1,11,0.8
2024-03-25T21:37:59Z,26.356807,-76.984860,0.13,104.2,1,11,0.8
2024-03-25T21:38:04Z,26.356810,-76.984858,0.06,180.4,1,11,0.8
2024-03-25T21:38:09Z,26.356810,-76.984860,0.18,212.2,1,11,0.8
2024-03-25T21:38:14Z,26.356807,-76.984863,0.08,268.4,1,11,0.8
2024-03-25T21:38:24Z,26.356805,-76.984870,0.16,246.8,1,11,0.8
2024-03-25T21:38:29Z,26.356808,-76.984873,0.22,227.0,1,11,0.8
2024-03-25T21:38:34Z,26.356815,-76.984873,0.12,289.5,1,11,0.8
2024-03-25T21:38:39Z,26.356813,-76.984875,0.12,282.1,1,11,0.8
2024-03-25T21:38:44Z,26.356813,-76.984873,0.08,176.6,1,11,0.8
2024-03-25T21:38:49Z,26.356810,-76.984872,0.22,206.8,1,11,0.8
2024-03-25T21:38:54Z,26.356812,-76.984870,0.15,47.4,1,11,0.8
2024-03-25T21:38:59Z,26.356820,-76.984870,0.14,30.0,1,11,0.8
2024-03-25T21:39:04Z,26.356822,-76.984870,0.32,35.8,1,11,0.8
2024-03-25T21:39:09Z,26.356832,-76.984870,0.26,43.5,1,11,0.8
2024-03-25T21:39:14Z,26.356832,-76.984867,0.11,154.5,1,11,0.8
2024-03-25T21:39:19Z,26.356832,-76.984863,0.45,19.6,1,11,0.8
2024-03-25T21:39:24Z,26.356828,-76.984863,0.14,307.6,1,11,0.8
2024-03-25T21:39:29Z,26.356830,-76.984868,0.28,210.1,1,11,0.8
2024-03-25T21:39:34Z,26.356832,-76.984872,0.23,15.2,1,11,0.8
2024-03-25T21:39:39Z,26.356837,-76.984872,0.35,2.0,1,11,0.8
2024-03-25T21:39:44Z,26.356840,-76.984875,0.17,224.7,1,11,0.8
2024-03-25T21:39:49Z,26.356838,-76.984875,0.35,70.1,1,11,0.8
2024-03-25T21:39:54Z,26.356842,-76.984867,0.09,60.0,1,11,0.8
2024-03-25T21:39:59Z,26.356832,-76.984873,0.16,91.8,1,11,0.8
2024-03-25T21:40:04Z,26.356822,-76.984877,0.41,75.5,1,11,0.8
2024-03-25T21:40:09Z,26.356830,-76.984873,0.19,143.2,1,10,0.8
2024-03-25T21:40:14Z,26.356838,-76.984872,0.12,115.4,1,11,0.8
2024-03-25T21:40:19Z,26.356838,-76.984868,0.21,357.2,1,11,0.8
2024-03-25T21:40:24Z,26.356845,-76.984872,0.64,11.3,1,11,0.8
2024-03-25T21:40:29Z,26.356850,-76.984875,0.13,288.0,1,11,0.8
2024-03-25T21:40:34Z,26.356850,-76.984878,0.14,346.4,1,11,0.8
2024-03-25T21:40:39Z,26.356852,-76.984885,0.25,265.6,1,11,0.8
2024-03-25T21:40:44Z,26.356853,-76.984885,0.33,340.1,1,11,0.8
2024-03-25T21:40:49Z,26.356850,-76.984883,0.10,81.5,1,11,0.8
2024-03-25T21:40:54Z,26.356857,-76.984880,0.20,151.9,1,11,0.8
2024-03-25T21:40:59Z,26.356860,-76.984877,0.34,66.1,1,11,0.8
2024-03-25T21:41:04Z,26.356863,-76.984873,0.20,68.6,1,11,0.8
2024-03-25T21:41:09Z,26.356867,-76.984872,0.12,42.9,1,11,0.8
2024-03-25T21:41:14Z,26.356870,-76.984873,0.18,62.0,1,11,0.8
2024-03-25T21:41:19Z,26.356872,-76.984873,0.09,194.2,1,11,0.8
2024-03-25T21:41:24Z,26.356873,-76.984877,0.24,348.1,1,11,0.8
2024-03-25T21:41:29Z,26.356877,-76.984880,0.19,292.7,1,11,0.8
2024-03-25T21:41:34Z,26.356878,-76.984883,0.39,247.6,1,11,0.8
2024-03-25T21:41:39Z,26.356878,-76.984892,0.20,283.9,1,10,0.8
2024-03-25T21:41:44Z,26.356878,-76.984888,0.34,146.3,1,11,0.8
2024-03-25T21:41:49Z,26.356872,-76.984880,0.17,93.0,1,11,0.8
2024-03-25T21:41:59Z,26.356867,-76.984872,0.15,149.7,1,11,0.8
2024-03-25T21:42:04Z,26.356865,-76.984873,0.16,49.9,1,11,0.8
2024-03-25T21:42:09Z,26.356867,-76.984870,0.27,197.3,1,11,0.8
2024-03-25T21:42:14Z,26.356862,-76.984873,0.14,167.0,1,11,0.8
2024-03-25T21:42:19Z,26.356862,-76.984873,0.11,7.2,1,11,0.8
2024-03-25T21:42:24Z,26.356862,-76.984880,0.03,94.1,1,11,0.8
2024-03-25T21:42:29Z,26.356862,-76.984885,0.10,257.9,1,10,0.9
2024-03-25T21:42:34Z,26.356860,-76.984888,0.23,331.8,1,11,0.8
2024-03-25T21:42:39Z,26.356857,-76.984892,0.25,232.4,1,11,0.8
2024-03-25T21:42:44Z,26.356848,-76.984890,0.13,284.1,1,11,0.8
2024-03-25T21:42:49Z,26.356845,-76.984885,0.18,15.5,1,11,0.8
2024-03-25T21:42:54Z,26.356852,-76.984880,0.03,153.7,1,11,0.8
2024-03-25T21:42:59Z,26.356857,-76.984877,0.15,41.9,1,11,0.8
2024-03-25T21:43:04Z,26.356862,-76.984873,0.12,82.3,1,11,0.8
2024-03-25T21:43:09Z,26.356860,-76.984877,0.30,186.2,1,11,0.8
2024-03-25T21:43:14Z,26.356860,-76.984878,0.08,45.5,1,11,0.8
2024-03-25T21:43:19Z,26.356858,-76.984882,0.09,261.6,1,11,0.8
2024-03-25T21:43:24Z,26.356862,-76.984885,0.22,346.4,1,11,0.8
2024-03-25T21:43:29Z,26.356867,-76.984885,0.19,215.0,1,11,0.8
2024-03-25T21:43:34Z,26.356872,-76.984887,0.14,22.4,1,11,0.8
2024-03-25T21:43:39Z,26.356878,-76.984885,0.34,24.1,1,11,0.8
2024-03-25T21:43:44Z,26.356885,-76.984880,0.34,41.3,1,11,0.8
2024-03-25T21:43:49Z,26.356888,-76.984877,0.28,39.6,1,11,0.8
2024-03-25T21:43:54Z,26.356887,-76.984873,0.15,198.4,1,11,0.8
2024-03-25T21:43:59Z,26.356887,-76.984877,0.20,197.6,1,10,0.8
2024-03-25T21:44:04Z,26.356887,-76.984880,0.09,307.9,1,10,0.8
2024-03-25T21:44:09Z,26.356888,-76.984883,0.06,183.9,1,10,0.8
2024-03-25T21:44:14Z,26.356885,-76.984882,0.22,67.0,1,10,0.8
2024-03-25T21:44:24Z,26.356882,-76.984882,0.24,185.2,1,10,0.8
2024-03-25T21:44:29Z,26.356872,-76.984885,0.30,169.2,1,10,0.8
2024-03-25T21:44:34Z,26.356865,-76.984887,0.22,127.6,1,10,0.8
2024-03-25T21:44:39Z,26.356857,-76.984885,0.30,44.9,1,10,0.8
2024-03-25T21:44:44Z,26.356852,-76.984882,0.23,131.3,1,10,0.8
2024-03-25T21:44:49Z,26.356842,-76.984880,0.32,167.0,1,10,0.8
2024-03-25T21:44:59Z,26.356820,-76.984885,0.08,173.7,1,10,0.8
2024-03-25T21:45:04Z,26.356815,-76.984887,0.22,220.3,1,10,0.8
2024-03-25T21:45:09Z,26.356808,-76.984892,0.19,12.8,1,10,0.8
2024-03-25T21:45:14Z,26.356817,-76.984893,0.23,321.9,1,10,0.8
2024-03-25T21:45:19Z,26.356830,-76.984895,0.07,187.1,1,10,0.8
2024-03-25T21:45:24Z,26.356837,-76.984897,0.09,247.9,1,10,0.8
2024-03-25T21:45:29Z,26.356840,-76.984893,0.25,18.1,1,10,0.8
2024-03-25T21:45:34Z,26.356843,-76.984895,0.33,187.9,1,10,0.8
2024-03-25T21:45:39Z,26.356838,-76.984898,0.36,180.1,1,10,0.8
2024-03-25T21:45:44Z,26.356832,-76.984900,0.13,329.5,1,10,0.8
2024-03-25T21:45:49Z,26.356828,-76.984900,0.20,216.7,1,10,0.8
2024-03-25T21:45:54Z,26.356825,-76.984903,0.45,200.8,1,10,0.8
2024-03-25T21:45:59Z,26.356825,-76.984900,0.18,62.0,1,10,0.8
2024-03-25T21:46:04Z,26.356832,-76.984897,0.15,78.4,1,10,0.8
2024-03-25T21:46:09Z,26.356837,-76.984895,0.17,81.7,1,10,0.8
2024-03-25T21:46:14Z,26.356842,-76.984897,0.05,62.5,1,10,0.8
2024-03-25T21:46:19Z,26.356847,-76.984898,0.21,83.1,1,10,0.8
2024-03-25T21:46:24Z,26.356850,-76.984895,0.37,22.7,1,10,0.8
2024-03-25T21:46:29Z,26.356858,-76.984892,0.10,32.3,1,10,0.8
2024-03-25T21:46:34Z,26.356862,-76.984890,0.16,246.5,1,10,0.8
2024-03-25T21:46:44Z,26.356847,-76.984895,0.29,2.6,1,10,0.8
2024-03-25T21:46:49Z,26.356837,-76.984895,0.52,201.5,1,10,0.8
2024-03-25T21:46:54Z,26.356835,-76.984898,0.08,331.8,1,10,0.8
2024-03-25T21:46:59Z,26.356848,-76.984895,0.04,178.8,1,10,0.8
2024-03-25T21:47:04Z,26.356848,-76.984892,0.19,59.7,1,10,0.8
2024-03-25T21:47:09Z,26.356853,-76.984887,0.23,82.6,1,10,0.8
2024-03-25T21:47:19Z,26.356857,-76.984885,0.24,49.1,1,10,0.8
2024-03-25T21:47:24Z,26.356858,-76.984883,0.12,341.3,1,10,0.8
2024-03-25T21:47:29Z,26.356862,-76.984885,0.30,4.9,1,10,0.8
2024-03-25T21:47:34Z,26.356863,-76.984883,0.14,143.4,1,10,0.8
2024-03-25T21:47:39Z,26.356863,-76.984882,0.09,311.7,1,10,0.8
2024-03-25T21:47:44Z,26.356865,-76.984885,0.07,229.4,1,10,0.8
2024-03-25T21:47:49Z,26.356870,-76.984887,0.23,170.5,1,10,0.8
2024-03-25T21:47:54Z,26.356867,-76.984892,0.07,358.2,1,10,0.8
2024-03-25T21:47:59Z,26.356860,-76.984890,0.14,132.4,1,10,0.8
2024-03-25T21:48:04Z,26.356852,-76.984882,0.25,66.1,1,10,0.8
2024-03-25T21:48:09Z,26.356843,-76.984875,0.22,130.8,1,10,0.8
2024-03-25T21:48:14Z,26.356833,-76.984872,0.44,160.4,1,10,0.8
2024-03-25T21:48:19Z,26.356820,-76.984872,0.07,133.3,1,10,0.8
2024-03-25T21:48:24Z,26.356812,-76.984870,0.26,156.2,1,10,0.8
2024-03-25T21:48:29Z,26.356812,-76.984867,0.05,115.0,1,10,0.8
2024-03-25T21:48:34Z,26.356823,-76.984867,0.16,181.2,1,10,0.8
2024-03-25T21:48:39Z,26.356832,-76.984873,0.16,288.2,1,10,0.8
2024-03-25T21:48:44Z,26.356833,-76.984878,0.22,190.7,1,10,0.8
2024-03-25T21:48:49Z,26.356833,-76.984882,0.15,235.5,1,10,0.8
2024-03-25T21:48:54Z,26.356833,-76.984880,0.48,7.8,1,9,0.9
2024-03-25T21:49:04Z,26.356828,-76.984888,0.03,201.8,1,10,0.8
2024-03-25T21:49:09Z,26.356837,-76.984895,0.06,172.3,1,9,0.9
2024-03-25T21:49:14Z,26.356840,-76.984897,0.22,75.7,1,10,0.8
2024-03-25T21:49:19Z,26.356837,-76.984898,0.25,168.2,1,9,0.9
2024-03-25T21:49:24Z,26.356835,-76.984898,0.15,78.1,1,10,0.8
2024-03-25T21:49:29Z,26.356835,-76.984897,0.15,123.9,1,9,0.9
2024-03-25T21:49:39Z,26.356832,-76.984895,0.18,197.0,1,8,1.4
2024-03-25T21:49:44Z,26.356833,-76.984890,0.27,20.6,1,10,0.8
2024-03-25T21:49:49Z,26.356820,-76.984885,0.23,187.5,1,10,0.8
2024-03-25T21:49:54Z,26.356810,-76.984883,0.31,15.4,1,10,0.8
2024-03-25T21:49:59Z,26.356802,-76.984882,0.12,149.7,1,10,0.8
2024-03-25T21:50:04Z,26.356802,-76.984880,0.40,29.1,1,9,0.9
2024-03-25T21:50:14Z,26.356800,-76.984875,0.04,65.2,1,9,0.9
2024-03-25T21:50:19Z,26.356813,-76.984875,0.03,236.7,1,8,1.0
2024-03-25T21:50:24Z,26.356823,-76.984880,0.15,316.2,1,9,0.9
2024-03-25T21:50:29Z,26.356828,-76.984883,0.14,198.1,1,10,0.8
2024-03-25T21:50:34Z,26.356827,-76.984887,0.13,223.5,1,10,0.8
2024-03-25T21:50:39Z,26.356827,-76.984890,0.04,100.5,1,10,0.8
2024-03-25T21:50:49Z,26.356823,-76.984897,0.20,354.2,1,10,0.8
2024-03-25T21:50:54Z,26.356825,-76.984902,0.24,248.3,1,10,0.8
2024-03-25T21:50:59Z,26.356827,-76.984895,0.22,44.0,1,10,0.8
2024-03-25T21:51:04Z,26.356823,-76.984895,0.09,159.0,1,10,0.8
2024-03-25T21:51:09Z,26.356832,-76.984895,0.58,8.1,1,9,0.9
2024-03-25T21:51:14Z,26.356842,-76.984895,0.74,4.2,1,10,0.8
2024-03-25T21:51:24Z,26.356852,-76.984897,0.15,309.1,1,9,0.9
2024-03-25T21:51:29Z,26.356853,-76.984898,0.43,47.9,1,10,0.8
2024-03-25T21:51:34Z,26.356855,-76.984900,0.08,341.4,1,10,0.8
2024-03-25T21:51:39Z,26.356852,-76.984902,0.32,174.5,1,10,0.8
2024-03-25T21:51:44Z,26.356852,-76.984905,0.17,338.7,1,9,0.9
2024-03-25T21:51:49Z,26.356852,-76.984910,0.20,324.0,1,10,0.8
2024-03-25T21:51:59Z,26.356853,-76.984907,0.33,131.8,1,10,0.8
2024-03-25T21:52:04Z,26.356853,-76.984900,0.14,120.7,1,10,0.8
2024-03-25T21:52:09Z,26.356850,-76.984893,0.36,119.0,1,10,0.8
2024-03-25T21:52:14Z,26.356850,-76.984893,0.29,136.4,1,10,0.8
2024-03-25T21:52:19Z,26.356850,-76.984892,0.22,122.3,1,10,0.8
2024-03-25T21:52:24Z,26.356840,-76.984887,0.17,149.3,1,10,0.8
2024-03-25T21:52:29Z,26.356838,-76.984888,0.14,193.9,1,10,0.8
2024-03-25T21:52:34Z,26.356837,-76.984888,0.11,239.3,1,10,0.8
2024-03-25T21:52:39Z,26.356838,-76.984892,0.24,348.5,1,10,0.8
2024-03-25T21:52:44Z,26.356840,-76.984898,0.32,255.1,1,10,0.8
2024-03-25T21:52:49Z,26.356842,-76.984907,0.25,319.6,1,10,0.8
2024-03-25T21:52:54Z,26.356847,-76.984912,0.08,287.0,1,10,0.8
2024-03-25T21:52:59Z,26.356847,-76.984912,0.14,141.7,1,10,0.8
2024-03-25T21:53:04Z,26.356842,-76.984908,0.11,53.7,1,10,0.8
2024-03-25T21:53:09Z,26.356840,-76.984905,0.35,155.0,1,10,0.8
2024-03-25T21:53:14Z,26.356838,-76.984898,0.26,99.5,1,10,0.8
2024-03-25T21:53:19Z,26.356832,-76.984897,0.27,79.5,1,10,0.8
2024-03-25T21:53:24Z,26.356832,-76.984893,0.22,145.1,1,10,0.8
2024-03-25T21:53:29Z,26.356828,-76.984900,0.25,161.8,1,10,0.8
2024-03-25T21:53:34Z,26.356827,-76.984897,0.06,90.3,1,10,0.8
2024-03-25T21:53:39Z,26.356815,-76.984895,0.07,197.3,1,10,0.8
2024-03-25T21:53:44Z,26.356818,-76.984895,0.09,314.1,1,10,0.8
2024-03-25T21:53:49Z,26.356820,-76.984900,0.45,224.7,1,10,0.8
2024-03-25T21:53:54Z,26.356820,-76.984902,0.24,335.4,1,10,0.8
2024-03-25T21:53:59Z,26.356822,-76.984903,0.26,197.9,1,10,0.8
2024-03-25T21:54:04Z,26.356823,-76.984903,0.28,171.6,1,10,0.8
2024-03-25T21:54:09Z,26.356823,-76.984903,0.28,9.4,1,10,0.8
2024-03-25T21:54:19Z,26.356823,-76.984903,0.39,187.4,1,10,0.8
2024-03-25T21:54:24Z,26.356822,-76.984903,0.37,18.8,1,10,0.8
2024-03-25T21:54:29Z,26.356822,-76.984903,0.23,184.2,1,10,0.8
2024-03-25T21:54:34Z,26.356825,-76.984902,0.08,66.4,1,10,0.8
2024-03-25T21:54:39Z,26.356825,-76.984902,0.03,123.1,1,10,0.8
2024-03-25T21:54:44Z,26.356825,-76.984903,0.11,44.5,1,10,0.8
2024-03-25T21:54:49Z,26.356825,-76.984902,0.01,102.2,1,10,0.8
2024-03-25T21:54:54Z,26.356825,-76.984903,0.31,185.1,1,9,0.9
2024-03-25T21:54:59Z,26.356828,-76.984905,0.21,236.1,1,10,0.8
2024-03-25T21:55:04Z,26.356828,-76.984908,0.13,260.3,1,10,0.8
2024-03-25T21:55:09Z,26.356825,-76.984913,0.25,269.3,1,10,0.8
2024-03-25T21:55:14Z,26.356823,-76.984912,0.40,45.6,1,10,0.8
2024-03-25T21:55:19Z,26.356827,-76.984908,0.11,33.0,1,9,0.9
2024-03-25T21:55:29Z,26.356835,-76.984908,0.20,349.6,1,10,0.8
2024-03-25T21:55:34Z,26.356840,-76.984912,0.22,286.1,1,10,0.8
2024-03-25T21:55:39Z,26.356845,-76.984922,0.34,339.8,1,10,0.8
2024-03-25T21:55:44Z,26.356848,-76.984918,0.22,88.7,1,10,0.8
2024-03-25T21:55:49Z,26.356847,-76.984917,0.15,16.0,1,10,0.8
2024-03-25T21:55:54Z,26.356843,-76.984917,0.05,56.4,1,10,0.8
2024-03-25T21:55:59Z,26.356848,-76.984915,0.19,301.8,1,10,0.8
2024-03-25T21:56:04Z,26.356847,-76.984912,0.25,245.1,1,10,0.8
2024-03-25T21:56:09Z,26.356845,-76.984910,0.04,307.0,1,10,0.8
2024-03-25T21:56:14Z,26.356845,-76.984912,0.17,179.8,1,10,0.8
2024-03-25T21:56:19Z,26.356842,-76.984912,0.35,161.1,1,10,0.8
2024-03-25T21:56:24Z,26.356845,-76.984908,0.06,116.9,1,10,0.8
2024-03-25T21:56:29Z,26.356848,-76.984902,0.32,150.6,1,10,0.8
2024-03-25T21:56:39Z,26.356842,-76.984892,0.36,84.5,1,10,0.8
2024-03-25T21:56:44Z,26.356838,-76.984888,0.42,180.0,1,10,0.8
2024-03-25T21:56:49Z,26.356830,-76.984892,0.14,208.5,1,10,0.8
2024-03-25T21:56:54Z,26.356820,-76.984885,0.43,178.2,1,10,0.8
2024-03-25T21:56:59Z,26.356815,-76.984882,0.17,159.0,1,10,0.8
2024-03-25T21:57:04Z,26.356813,-76.984880,0.14,104.7,1,10,0.8
2024-03-25T21:57:09Z,26.356812,-76.984878,0.34,51.1,1,10,0.8
2024-03-25T21:57:14Z,26.356812,-76.984878,0.07,94.4,1,10,0.8
2024-03-25T21:57:19Z,26.356808,-76.984880,0.13,190.2,1,10,0.8
2024-03-25T21:57:24Z,26.356810,-76.984878,0.39,145.9,1,10,0.8
2024-03-25T21:57:29Z,26.356808,-76.984878,0.28,180.5,1,10,0.8
2024-03-25T21:57:34Z,26.356805,-76.984877,0.11,243.1,1,10,0.8
2024-03-25T21:57:44Z,26.356803,-76.984872,0.11,166.9,1,10,0.8
2024-03-25T21:57:49Z,26.356805,-76.984875,0.27,227.9,1,10,0.8
2024-03-25T21:57:54Z,26.356805,-76.984882,0.22,218.1,1,10,0.8
2024-03-25T21:57:59Z,26.356803,-76.984888,0.17,250.2,1,9,0.9
2024-03-25T21:58:09Z,26.356807,-76.984895,0.26,249.5,1,10,0.8
2024-03-25T21:58:14Z,26.356807,-76.984902,0.30,2.6,1,9,0.9
2024-03-25T21:58:19Z,26.356808,-76.984900,0.22,172.3,1,10,0.8
2024-03-25T21:58:24Z,26.356812,-76.984892,0.32,58.5,1,10,0.8
2024-03-25T21:58:29Z,26.356817,-76.984882,0.39,47.8,1,10,0.8
2024-03-25T21:58:34Z,26.356827,-76.984870,0.10,337.7,1,10,0.8
2024-03-25T21:58:39Z,26.356827,-76.984872,0.21,10.7,1,10,0.8
2024-03-25T21:58:44Z,26.356823,-76.984878,0.16,275.5,1,10,0.8
2024-03-25T21:58:49Z,26.356822,-76.984883,0.21,332.7,1,10,0.8
2024-03-25T21:58:54Z,26.356825,-76.984890,0.33,257.0,1,10,0.8
2024-03-25T21:59:04Z,26.356822,-76.984897,0.19,78.4,1,10,0.8
2024-03-25T21:59:09Z,26.356817,-76.984900,0.24,114.3,1,10,0.8
2024-03-25T21:59:14Z,26.356818,-76.984897,0.36,77.0,1,10,0.8
2024-03-25T21:59:19Z,26.356823,-76.984892,0.31,32.4,1,9,0.9
2024-03-25T21:59:24Z,26.356823,-76.984890,0.15,86.5,1,10,0.8
2024-03-25T21:59:29Z,26.356822,-76.984893,0.36,265.1,1,10,0.8
2024-03-25T21:59:34Z,26.356818,-76.984895,0.02,70.5,1,10,0.8
2024-03-25T21:59:39Z,26.356820,-76.984897,0.14,291.1,1,10,0.8
2024-03-25T21:59:44Z,26.356818,-76.984903,0.31,240.7,1,10,0.8
2024-03-25T21:59:49Z,26.356825,-76.984905,0.27,226.4,1,10,0.8
2024-03-25T21:59:59Z,26.356833,-76.984903,0.24,25.4,1,10,0.8
2024-03-25T22:00:04Z,26.356832,-76.984902,0.15,32.9,1,10,0.8
2024-03-25T22:00:09Z,26.356827,-76.984902,0.10,149.1,1,9,0.9
2024-03-25T22:00:14Z,26.356823,-76.984900,0.02,203.6,1,9,0.9
2024-03-25T22:00:24Z,26.356825,-76.984902,0.28,183.2,1,10,0.8
2024-03-25T22:00:29Z,26.356823,-76.984902,0.06,262.9,1,10,0.8
2024-03-25T22:00:34Z,26.356822,-76.984908,0.23,258.6,1,10,0.8
2024-03-25T22:00:39Z,26.356822,-76.984917,0.17,267.0,1,10,0.8
2024-03-25T22:00:44Z,26.356825,-76.984915,0.25,170.2,1,10,0.8
2024-03-25T22:00:49Z,26.356825,-76.984912,0.25,85.1,1,10,0.8
2024-03-25T22:00:54Z,26.356820,-76.984908,0.24,174.7,1,10,0.8
2024-03-25T22:00:59Z,26.356820,-76.984908,0.23,50.5,1,10,0.8
2024-03-25T22:01:04Z,26.356823,-76.984907,0.36,0.1,1,10,0.8
2024-03-25T22:01:09Z,26.356830,-76.984903,0.12,88.7,1,10,0.8
2024-03-25T22:01:19Z,26.356845,-76.984903,0.22,265.6,1,10,0.8
2024-03-25T22:01:24Z,26.356845,-76.984912,0.44,328.3,1,9,0.9
2024-03-25T22:01:29Z,26.356845,-76.984918,0.07,357.8,1,10,0.8
2024-03-25T22:01:34Z,26.356847,-76.984915,0.29,54.5,1,10,0.8
2024-03-25T22:01:39Z,26.356845,-76.984912,0.38,178.0,1,10,0.8
2024-03-25T22:01:49Z,26.356842,-76.984915,0.14,110.3,1,10,0.8
2024-03-25T22:01:54Z,26.356848,-76.984908,0.12,78.7,1,10,0.8
2024-03-25T22:01:59Z,26.356853,-76.984908,0.27,262.6,1,10,0.8
2024-03-25T22:02:04Z,26.356855,-76.984908,0.22,339.7,1,10,0.8
2024-03-25T22:02:14Z,26.356855,-76.984908,0.40,357.2,1,10,0.8
2024-03-25T22:02:19Z,26.356855,-76.984907,0.20,232.1,1,10,0.8
2024-03-25T22:02:24Z,26.356857,-76.984907,0.13,46.2,1,10,0.8
2024-03-25T22:02:29Z,26.356860,-76.984907,0.10,37.1,1,10,0.8
2024-03-25T22:02:34Z,26.356858,-76.984905,0.06,54.3,1,10,0.8
2024-03-25T22:02:39Z,26.356852,-76.984912,0.05,232.7,1,10,0.8
2024-03-25T22:02:44Z,26.356852,-76.984915,0.10,225.2,1,10,0.8
2024-03-25T22:02:49Z,26.356850,-76.984922,0.39,323.9,1,10,0.8
2024-03-25T22:02:54Z,26.356853,-76.984922,0.23,83.6,1,10,0.8
2024-03-25T22:02:59Z,26.356852,-76.984918,0.13,104.5,1,10,0.8
2024-03-25T22:03:04Z,26.356853,-76.984915,0.11,338.8,1,10,0.8
2024-03-25T22:03:09Z,26.356852,-76.984915,0.03,163.1,1,10,0.8
2024-03-25T22:03:14Z,26.356852,-76.984912,0.08,102.9,1,10,0.8
2024-03-25T22:03:19Z,26.356852,-76.984908,0.09,173.1,1,10,0.8
2024-03-25T22:03:24Z,26.356848,-76.984905,0.20,177.2,1,10,0.8
2024-03-25T22:03:29Z,26.356845,-76.984902,0.13,133.8,1,10,0.8
2024-03-25T22:03:34Z,26.356842,-76.984897,0.08,93.5,1,10,0.8
2024-03-25T22:03:39Z,26.356843,-76.984895,0.10,155.3,1,10,0.8
2024-03-25T22:03:44Z,26.356847,-76.984898,0.10,266.3,1,10,0.8
2024-03-25T22:03:49Z,26.356853,-76.984895,0.22,336.2,1,10,0.8
2024-03-25T22:03:54Z,26.356858,-76.984895,0.14,352.5,1,10,0.8
2024-03-25T22:03:59Z,26.356860,-76.984900,0.05,142.0,1,10,0.8
2024-03-25T22:04:04Z,26.356863,-76.984905,0.10,27.4,1,10,0.8
2024-03-25T22:04:09Z,26.356863,-76.984910,0.08,318.2,1,10,0.8
2024-03-25T22:04:14Z,26.356863,-76.984912,0.05,333.6,1,10,0.8
2024-03-25T22:04:19Z,26.356858,-76.984913,0.15,15.2,1,10,0.8
2024-03-25T22:04:24Z,26.356857,-76.984912,0.21,7.2,1,10,0.8
2024-03-25T22:04:29Z,26.356857,-76.984910,0.10,137.5,1,10,0.8
2024-03-25T22:04:34Z,26.356853,-76.984912,0.21,84.8,1,10,0.8
2024-03-25T22:04:39Z,26.356853,-76.984908,0.08,201.6,1,10,0.8
2024-03-25T22:04:44Z,26.356852,-76.984907,0.04,357.0,1,10,0.8
2024-03-25T22:04:49Z,26.356848,-76.984907,0.10,163.4,1,10,0.8
2024-03-25T22:04:54Z,26.356848,-76.984907,0.17,240.1,1,10,0.8
2024-03-25T22:04:59Z,26.356853,-76.984903,0.15,112.3,1,10,0.8
2024-03-25T22:05:04Z,26.356855,-76.984900,0.01,327.4,1,10,0.8
2024-03-25T22:05:09Z,26.356857,-76.984902,0.08,273.1,1,10,0.8
2024-03-25T22:05:14Z,26.356862,-76.984908,0.14,69.1,1,10,0.8
2024-03-25T22:05:19Z,26.356867,-76.984910,0.05,266.1,1,10,0.8
2024-03-25T22:05:29Z,26.356860,-76.984910,0.13,135.2,1,9,0.9
2024-03-25T22:05:34Z,26.356860,-76.984908,0.11,143.2,1,9,0.9
2024-03-25T22:05:39Z,26.356860,-76.984907,0.03,227.6,1,10,0.8
2024-03-25T22:05:44Z,26.356860,-76.984912,0.31,222.6,1,10,0.8
2024-03-25T22:05:49Z,26.356858,-76.984917,0.14,232.9,1,9,0.9
2024-03-25T22:05:54Z,26.356858,-76.984922,0.26,235.8,1,10,0.8
2024-03-25T22:05:59Z,26.356858,-76.984920,0.11,57.7,1,10,0.8
2024-03-25T22:06:04Z,26.356860,-76.984917,0.25,147.6,1,10,0.8
2024-03-25T22:06:09Z,26.356857,-76.984910,0.30,149.0,1,10,0.8
2024-03-25T22:06:14Z,26.356860,-76.984902,0.27,84.6,1,10,0.8
2024-03-25T22:06:24Z,26.356860,-76.984897,0.26,237.0,1,10,0.8
2024-03-25T22:06:29Z,26.356858,-76.984897,0.14,92.6,1,9,0.9
2024-03-25T22:06:34Z,26.356858,-76.984897,0.32,231.6,1,10,0.8
2024-03-25T22:06:39Z,26.356857,-76.984903,0.40,239.9,1,10,0.8
2024-03-25T22:06:49Z,26.356855,-76.984910,0.19,326.7,1,10,0.8
2024-03-25T22:06:54Z,26.356860,-76.984905,0.07,354.8,1,10,0.8
2024-03-25T22:06:59Z,26.356865,-76.984898,0.33,28.5,1,10,0.8
2024-03-25T22:07:04Z,26.356863,-76.984897,0.15,154.3,1,10,0.8
2024-03-25T22:07:09Z,26.356862,-76.984895,0.17,185.9,1,10,0.8
2024-03-25T22:07:19Z,26.356860,-76.984895,0.12,254.5,1,10,0.8
2024-03-25T22:07:24Z,26.356860,-76.984898,0.12,286.9,1,10,0.8
2024-03-25T22:07:29Z,26.356862,-76.984902,0.19,20.8,1,10,0.8
2024-03-25T22:07:34Z,26.356862,-76.984907,0.07,260.9,1,10,0.8
2024-03-25T22:07:39Z,26.356860,-76.984910,0.26,159.7,1,10,0.8
2024-03-25T22:07:49Z,26.356860,-76.984910,0.09,211.0,1,10,0.8
2024-03-25T22:07:54Z,26.356853,-76.984908,0.12,122.3,1,10,0.8
2024-03-25T22:07:59Z,26.356852,-76.984900,0.08,163.6,1,9,0.9
2024-03-25T22:08:04Z,26.356848,-76.984902,0.18,104.0,1,10,0.8
2024-03-25T22:08:09Z,26.356848,-76.984903,0.22,79.9,1,10,0.8
2024-03-25T22:08:19Z,26.356845,-76.984905,0.09,155.1,1,10,0.8
2024-03-25T22:08:24Z,26.356850,-76.984900,0.15,159.5,1,10,0.8
2024-03-25T22:08:29Z,26.356853,-76.984898,0.06,115.6,1,10,0.8
2024-03-25T22:08:34Z,26.356852,-76.984902,0.15,206.3,1,10,0.8
2024-03-25T22:08:39Z,26.356853,-76.984903,0.03,4.9,1,10,0.8
2024-03-25T22:08:44Z,26.356850,-76.984903,0.05,68.5,1,10,0.8
2024-03-25T22:08:49Z,26.356843,-76.984907,0.26,312.5,1,9,0.9
2024-03-25T22:08:54Z,26.356843,-76.984912,0.13,245.7,1,9,0.9
2024-03-25T22:08:59Z,26.356845,-76.984917,0.37,346.3,1,10,0.8
2024-03-25T22:09:04Z,26.356850,-76.984913,0.18,21.2,1,10,0.8
2024-03-25T22:09:09Z,26.356858,-76.984903,0.37,50.2,1,10,0.8
2024-03-25T22:09:14Z,26.356862,-76.984900,0.12,81.9,1,10,0.8
2024-03-25T22:09:24Z,26.356862,-76.984905,0.22,102.9,1,9,0.9
2024-03-25T22:09:29Z,26.356863,-76.984898,0.36,72.0,1,10,0.8
2024-03-25T22:09:34Z,26.356862,-76.984893,0.13,158.2,1,10,0.8
2024-03-25T22:09:39Z,26.356857,-76.984897,0.32,244.6,1,10,0.8
2024-03-25T22:09:44Z,26.356858,-76.984903,0.17,204.1,1,10,0.8
2024-03-25T22:09:54Z,26.356860,-76.984898,0.38,80.4,1,10,0.8
2024-03-25T22:09:59Z,26.356858,-76.984895,0.21,149.0,1,10,0.8
2024-03-25T22:10:04Z,26.356852,-76.984890,0.22,135.0,1,10,0.8
2024-03-25T22:10:09Z,26.356848,-76.984887,0.22,139.7,1,10,0.8
2024-03-25T22:10:14Z,26.356845,-76.984880,0.30,144.0,1,10,0.8
2024-03-25T22:10:24Z,26.356832,-76.984878,0.35,198.3,1,10,0.8
2024-03-25T22:10:29Z,26.356830,-76.984885,0.15,266.4,1,10,0.8
2024-03-25T22:10:34Z,26.356827,-76.984890,0.28,292.5,1,10,0.8
2024-03-25T22:10:39Z,26.356825,-76.984897,0.32,321.0,1,10,0.8
2024-03-25T22:10:44Z,26.356825,-76.984905,0.25,306.4,1,10,0.8
2024-03-25T22:10:49Z,26.356820,-76.984908,0.10,350.9,1,10,0.8
2024-03-25T22:10:54Z,26.356820,-76.984907,0.22,46.0,1,10,0.8
2024-03-25T22:10:59Z,26.356820,-76.984907,0.18,49.6,1,10,0.8
2024-03-25T22:11:04Z,26.356822,-76.984905,0.16,0.6,1,10,0.8
2024-03-25T22:11:09Z,26.356825,-76.984905,0.20,311.5,1,10,0.8
2024-03-25T22:11:14Z,26.356825,-76.984907,0.03,318.0,1,10,0.8
2024-03-25T22:11:24Z,26.356828,-76.984912,0.17,309.2,1,10,0.8
2024-03-25T22:11:29Z,26.356825,-76.984913,0.22,170.6,1,10,0.8
2024-03-25T22:11:34Z,26.356822,-76.984912,0.55,156.5,1,10,0.8
2024-03-25T22:11:39Z,26.356820,-76.984905,0.30,48.2,1,10,0.8
2024-03-25T22:11:44Z,26.356825,-76.984892,0.35,47.5,1,10,0.8
2024-03-25T22:11:54Z,26.356825,-76.984882,0.23,89.8,1,9,0.9
2024-03-25T22:11:59Z,26.356810,-76.984885,0.16,151.1,1,9,0.9
2024-03-25T22:12:04Z,26.356808,-76.984887,0.14,290.3,1,10,0.8
2024-03-25T22:12:09Z,26.356808,-76.984892,0.32,300.4,1,10,0.8
2024-03-25T22:12:14Z,26.356813,-76.984892,0.37,335.4,1,10,0.8
2024-03-25T22:12:19Z,26.356813,-76.984897,0.21,249.1,1,10,0.8
2024-03-25T22:12:24Z,26.356815,-76.984900,0.16,249.8,1,10,0.8
2024-03-25T22:12:29Z,26.356812,-76.984897,0.21,106.8,1,10,0.8
2024-03-25T22:12:34Z,26.356815,-76.984893,0.21,31.0,1,10,0.8
2024-03-25T22:12:39Z,26.356817,-76.984892,0.22,25.8,1,10,0.8
2024-03-25T22:12:44Z,26.356817,-76.984892,0.04,85.4,1,10,0.8
2024-03-25T22:12:49Z,26.356815,-76.984892,0.13,32.5,1,10,0.8
2024-03-25T22:12:54Z,26.356818,-76.984892,0.19,149.7,1,10,0.8
2024-03-25T22:12:59Z,26.356813,-76.984895,0.15,230.4,1,10,0.8
2024-03-25T22:13:04Z,26.356810,-76.984902,0.27,253.9,1,9,1.0
2024-03-25T22:13:09Z,26.356807,-76.984907,0.19,221.3,1,9,1.0
2024-03-25T22:13:14Z,26.356805,-76.984910,0.06,256.1,1,10,0.8
2024-03-25T22:13:19Z,26.356810,-76.984905,0.13,45.2,1,10,0.8
2024-03-25T22:13:24Z,26.356815,-76.984900,0.36,26.1,1,10,0.8
2024-03-25T22:13:29Z,26.356822,-76.984893,0.28,97.0,1,10,0.8
2024-03-25T22:13:34Z,26.356823,-76.984892,0.05,46.7,1,10,0.8
2024-03-25T22:13:39Z,26.356825,-76.984892,0.16,53.3,1,10,0.8
2024-03-25T22:13:44Z,26.356827,-76.984890,0.18,133.3,1,10,0.8
2024-03-25T22:13:54Z,26.356822,-76.984887,0.14,193.3,1,10,0.8
2024-03-25T22:13:59Z,26.356818,-76.984887,0.52,166.7,1,10,0.8
2024-03-25T22:14:04Z,26.356815,-76.984887,0.17,164.8,1,10,0.8
2024-03-25T22:14:09Z,26.356815,-76.984885,0.13,134.4,1,10,0.8
2024-03-25T22:14:14Z,26.356815,-76.984887,0.12,208.8,1,10,0.8
2024-03-25T22:14:19Z,26.356815,-76.984887,0.16,184.0,1,10,0.8
2024-03-25T22:14:29Z,26.356815,-76.984890,0.07,285.8,1,10,0.8
2024-03-25T22:14:34Z,26.356813,-76.984890,0.07,0.9,1,10,0.8
2024-03-25T22:14:39Z,26.356812,-76.984890,0.18,215.5,1,10,0.8
2024-03-25T22:14:44Z,26.356812,-76.984890,0.14,198.5,1,10,0.8
2024-03-25T22:14:49Z,26.356810,-76.984893,0.18,286.7,1,10,0.8
2024-03-25T22:14:54Z,26.356812,-76.984897,0.40,4.3,1,10,0.8
2024-03-25T22:15:04Z,26.356815,-76.984902,0.27,19.4,1,10,0.8
2024-03-25T22:15:09Z,26.356820,-76.984897,0.15,105.1,1,10,0.8
2024-03-25T22:15:14Z,26.356823,-76.984892,0.21,70.4,1,10,0.8
2024-03-25T22:15:19Z,26.356828,-76.984890,0.24,25.6,1,10,0.8
2024-03-25T22:15:24Z,26.356833,-76.984892,0.31,309.1,1,10,0.8
2024-03-25T22:15:29Z,26.356837,-76.984895,0.15,298.1,1,9,1.0
2024-03-25T22:15:39Z,26.356840,-76.984902,0.06,273.3,1,10,0.8
2024-03-25T22:15:44Z,26.356843,-76.984907,0.10,175.3,1,10,0.8
2024-03-25T22:15:49Z,26.356847,-76.984905,0.34,7.8,1,10,0.8
2024-03-25T22:15:54Z,26.356848,-76.984905,0.09,44.3,1,10,0.8
2024-03-25T22:15:59Z,26.356853,-76.984902,0.37,19.0,1,10,0.8
2024-03-25T22:16:04Z,26.356855,-76.984903,0.17,306.0,1,10,0.8
2024-03-25T22:16:09Z,26.356853,-76.984910,0.15,298.6,1,10,0.8
2024-03-25T22:16:14Z,26.356850,-76.984910,0.73,173.0,1,10,0.8
2024-03-25T22:16:19Z,26.356848,-76.984900,0.26,103.3,1,10,0.8
2024-03-25T22:16:24Z,26.356845,-76.984895,0.46,161.1,1,10,0.8
2024-03-25T22:16:29Z,26.356843,-76.984888,0.17,114.7,1,10,0.8
2024-03-25T22:16:34Z,26.356847,-76.984883,0.28,135.7,1,10,0.8
2024-03-25T22:16:39Z,26.356847,-76.984875,0.23,146.1,1,10,0.8
2024-03-25T22:16:49Z,26.356843,-76.984867,0.06,245.4,1,10,0.8
2024-03-25T22:16:54Z,26.356845,-76.984868,0.19,313.6,1,10,0.8
2024-03-25T22:16:59Z,26.356848,-76.984872,0.20,286.7,1,10,0.8
2024-03-25T22:17:04Z,26.356852,-76.984880,0.26,339.8,1,10,0.8
2024-03-25T22:17:09Z,26.356855,-76.984885,0.34,307.6,1,10,0.8
2024-03-25T22:17:14Z,26.356867,-76.984892,0.16,4.0,1,10,0.8
2024-03-25T22:17:24Z,26.356868,-76.984898,0.01,109.6,1,10,0.8
2024-03-25T22:17:29Z,26.356867,-76.984900,0.09,72.4,1,10,0.8
2024-03-25T22:17:34Z,26.356867,-76.984900,0.04,290.3,1,10,0.8
2024-03-25T22:17:39Z,26.356863,-76.984900,0.07,254.0,1,10,0.8
2024-03-25T22:17:44Z,26.356858,-76.984902,0.12,344.6,1,10,0.8
2024-03-25T22:17:49Z,26.356867,-76.984900,0.09,63.2,1,10,0.8
2024-03-25T22:17:54Z,26.356873,-76.984897,0.48,341.6,1,10,0.8
2024-03-25T22:17:59Z,26.356877,-76.984893,0.06,37.0,1,10,0.8
2024-03-25T22:18:04Z,26.356877,-76.984893,0.16,143.1,1,10,0.8
2024-03-25T22:18:09Z,26.356872,-76.984890,0.14,149.3,1,10,0.8
2024-03-25T22:18:14Z,26.356867,-76.984888,0.20,152.9,1,10,0.8
2024-03-25T22:18:19Z,26.356860,-76.984885,0.20,175.1,1,10,0.8
2024-03-25T22:18:24Z,26.356853,-76.984885,0.46,189.9,1,10,0.8
2024-03-25T22:18:29Z,26.356845,-76.984885,0.24,181.9,1,9,0.9
2024-03-25T22:18:34Z,26.356842,-76.984887,0.10,238.3,1,9,0.9
2024-03-25T22:18:39Z,26.356842,-76.984888,0.18,284.5,1,10,0.8
2024-03-25T22:18:44Z,26.356845,-76.984892,0.14,302.6,1,10,0.8
2024-03-25T22:18:49Z,26.356848,-76.984898,0.18,307.7,1,10,0.8
2024-03-25T22:18:54Z,26.356850,-76.984900,0.06,154.1,1,10,0.8
2024-03-25T22:18:59Z,26.356852,-76.984902,0.16,358.6,1,10,0.8
2024-03-25T22:19:09Z,26.356850,-76.984897,0.21,108.9,1,10,0.8
2024-03-25T22:19:14Z,26.356852,-76.984893,0.29,18.8,1,10,0.8
2024-03-25T22:19:19Z,26.356852,-76.984892,0.10,119.1,1,10,0.8
2024-03-25T22:19:24Z,26.356852,-76.984892,0.06,356.2,1,10,0.8
2024-03-25T22:19:29Z,26.356850,-76.984893,0.09,305.6,1,10,0.8
2024-03-25T22:19:34Z,26.356850,-76.984892,0.12,94.5,1,10,0.8
2024-03-25T22:19:39Z,26.356850,-76.984892,0.16,287.7,1,10,0.8
2024-03-25T22:19:44Z,26.356852,-76.984893,0.01,226.4,1,10,0.8
2024-03-25T22:19:49Z,26.356855,-76.984900,0.17,263.4,1,10,0.8
2024-03-25T22:19:54Z,26.356857,-76.984903,0.19,354.8,1,10,0.8
2024-03-25T22:19:59Z,26.356858,-76.984907,0.15,277.3,1,10,0.8
2024-03-25T22:20:04Z,26.356858,-76.984910,0.16,186.1,1,9,0.9
2024-03-25T22:20:14Z,26.356858,-76.984903,0.18,147.6,1,10,0.8
2024-03-25T22:20:19Z,26.356855,-76.984900,0.13,70.3,1,10,0.8
2024-03-25T22:20:24Z,26.356853,-76.984900,0.12,141.2,1,10,0.8
2024-03-25T22:20:29Z,26.356850,-76.984898,0.11,62.0,1,10,0.8
2024-03-25T22:20:34Z,26.356850,-76.984900,0.22,318.8,1,10,0.8
2024-03-25T22:20:44Z,26.356857,-76.984902,0.08,74.1,1,10,0.8
2024-03-25T22:20:49Z,26.356858,-76.984898,0.11,23.4,1,10,0.8
2024-03-25T22:20:54Z,26.356857,-76.984898,0.09,177.5,1,10,0.8
2024-03-25T22:20:59Z,26.356855,-76.984897,0.05,26.9,1,10,0.8
2024-03-25T22:21:04Z,26.356855,-76.984898,0.14,239.1,1,10,0.8
2024-03-25T22:21:09Z,26.356853,-76.984893,0.29,187.6,1,10,0.8
2024-03-25T22:21:14Z,26.356845,-76.984892,0.31,186.2,1,10,0.8
2024-03-25T22:21:19Z,26.356845,-76.984892,0.46,352.9,1,10,0.8
2024-03-25T22:21:24Z,26.356838,-76.984895,0.04,133.4,1,10,0.8
2024-03-25T22:21:29Z,26.356833,-76.984898,0.09,351.9,1,10,0.8
2024-03-25T22:21:34Z,26.356838,-76.984898,0.23,323.5,1,10,0.8
2024-03-25T22:21:39Z,26.356843,-76.984897,0.17,34.4,1,10,0.8
2024-03-25T22:21:44Z,26.356847,-76.984895,0.22,1.6,1,10,0.8
2024-03-25T22:21:49Z,26.356855,-76.984900,0.19,11.6,1,10,0.8
2024-03-25T22:21:54Z,26.356860,-76.984902,0.13,126.8,1,10,0.8
2024-03-25T22:21:59Z,26.356862,-76.984903,0.07,144.1,1,10,0.8
2024-03-25T22:22:04Z,26.356860,-76.984903,0.30,168.0,1,10,0.8
2024-03-25T22:22:09Z,26.356852,-76.984902,0.50,152.6,1,10,0.8
2024-03-25T22:22:14Z,26.356848,-76.984897,0.08,224.0,1,10,0.8
2024-03-25T22:22:19Z,26.356847,-76.984900,0.27,206.5,1,10,0.9
2024-03-25T22:22:24Z,26.356847,-76.984900,0.06,255.0,1,10,0.9
2024-03-25T22:22:29Z,26.356842,-76.984898,0.06,112.7,1,10,0.9
2024-03-25T22:22:34Z,26.356840,-76.984898,0.10,186.4,1,10,0.9
2024-03-25T22:22:39Z,26.356837,-76.984898,0.18,161.3,1,10,0.9
2024-03-25T22:22:44Z,26.356833,-76.984897,0.16,149.6,1,10,0.9
2024-03-25T22:22:49Z,26.356830,-76.984897,0.09,194.8,1,10,0.9
2024-03-25T22:22:54Z,26.356830,-76.984895,0.17,108.5,1,10,0.9
2024-03-25T22:22:59Z,26.356828,-76.984893,0.17,212.1,1,10,0.9
2024-03-25T22:23:04Z,26.356840,-76.984902,0.33,179.1,1,10,0.9
2024-03-25T22:23:09Z,26.356837,-76.984900,0.18,269.0,1,10,0.9
2024-03-25T22:23:14Z,26.356837,-76.984902,0.13,336.1,1,10,0.9
2024-03-25T22:23:19Z,26.356840,-76.984905,0.37,321.1,1,10,0.9
2024-03-25T22:23:24Z,26.356835,-76.984908,0.44,161.9,1,10,0.9
2024-03-25T22:23:29Z,26.356835,-76.984905,0.24,195.7,1,10,0.9
2024-03-25T22:23:34Z,26.356835,-76.984903,0.21,78.3,1,10,0.9
2024-03-25T22:23:39Z,26.356837,-76.984902,0.07,90.9,1,10,0.9
2024-03-25T22:23:44Z,26.356828,-76.984897,0.34,183.5,1,10,0.9
2024-03-25T22:23:49Z,26.356827,-76.984897,0.22,156.3,1,10,0.9
2024-03-25T22:23:54Z,26.356828,-76.984895,0.10,141.8,1,10,0.9
2024-03-25T22:23:59Z,26.356823,-76.984897,0.09,177.7,1,10,0.9
2024-03-25T22:24:04Z,26.356823,-76.984893,0.16,169.8,1,10,0.9
2024-03-25T22:24:09Z,26.356822,-76.984893,0.10,160.6,1,10,0.9
2024-03-25T22:24:14Z,26.356823,-76.984893,0.04,228.7,1,10,0.9
2024-03-25T22:24:19Z,26.356820,-76.984893,0.12,44.9,1,10,0.9
2024-03-25T22:24:24Z,26.356820,-76.984895,0.10,230.4,1,10,0.9
2024-03-25T22:24:29Z,26.356823,-76.984902,0.21,231.7,1,10,0.9
2024-03-25T22:24:34Z,26.356825,-76.984908,0.35,241.4,1,10,0.9
2024-03-25T22:24:39Z,26.356825,-76.984915,0.12,304.6,1,10,0.9
2024-03-25T22:24:49Z,26.356830,-76.984913,0.26,131.1,1,10,0.9
2024-03-25T22:24:54Z,26.356828,-76.984908,0.29,50.0,1,10,0.9
2024-03-25T22:24:59Z,26.356827,-76.984907,0.23,101.2,1,10,0.9
2024-03-25T22:25:04Z,26.356825,-76.984905,0.24,203.3,1,10,0.9
2024-03-25T22:25:09Z,26.356823,-76.984903,0.16,113.1,1,10,0.9
2024-03-25T22:25:14Z,26.356822,-76.984900,0.31,192.1,1,10,0.9
2024-03-25T22:25:24Z,26.356817,-76.984898,0.26,193.9,1,10,0.9
2024-03-25T22:25:29Z,26.356815,-76.984900,0.12,215.1,1,10,0.9
2024-03-25T22:25:34Z,26.356818,-76.984898,0.57,146.3,1,9,0.9
2024-03-25T22:25:39Z,26.356823,-76.984898,0.16,55.5,1,10,0.9
2024-03-25T22:25:44Z,26.356823,-76.984893,0.27,33.2,1,10,0.9
2024-03-25T22:25:49Z,26.356820,-76.984892,0.16,124.9,1,10,0.9
2024-03-25T22:25:54Z,26.356820,-76.984887,0.18,89.0,1,10,0.9
2024-03-25T22:25:59Z,26.356818,-76.984885,0.21,182.3,1,10,0.9
2024-03-25T22:26:04Z,26.356815,-76.984885,0.11,152.2,1,10,0.9
2024-03-25T22:26:09Z,26.356815,-76.984885,0.35,191.3,1,10,0.9
2024-03-25T22:26:14Z,26.356810,-76.984887,0.13,159.1,1,10,0.9
2024-03-25T22:26:19Z,26.356810,-76.984888,0.05,5.5,1,10,0.9
2024-03-25T22:26:24Z,26.356810,-76.984890,0.34,219.6,1,10,0.9
2024-03-25T22:26:29Z,26.356808,-76.984888,0.28,72.5,1,10,0.9
2024-03-25T22:26:34Z,26.356803,-76.984890,0.23,198.0,1,10,0.9
2024-03-25T22:26:39Z,26.356798,-76.984895,0.18,302.1,1,10,0.9
2024-03-25T22:26:44Z,26.356795,-76.984900,0.32,229.8,1,10,0.9
2024-03-25T22:26:49Z,26.356790,-76.984907,0.07,158.5,1,10,0.9
2024-03-25T22:26:59Z,26.356792,-76.984900,0.22,109.3,1,10,0.9
2024-03-25T22:27:04Z,26.356793,-76.984895,0.09,75.8,1,10,0.9
2024-03-25T22:27:09Z,26.356792,-76.984892,0.20,145.9,1,10,0.9
2024-03-25T22:27:14Z,26.356792,-76.984888,0.28,149.6,1,10,0.9
2024-03-25T22:27:19Z,26.356793,-76.984887,0.12,150.0,1,10,0.9
2024-03-25T22:27:24Z,26.356793,-76.984885,0.24,175.1,1,10,0.9
2024-03-25T22:27:34Z,26.356793,-76.984888,0.26,199.1,1,10,0.9
2024-03-25T22:27:39Z,26.356793,-76.984892,0.18,217.8,1,10,0.9
2024-03-25T22:27:44Z,26.356790,-76.984897,0.14,253.8,1,10,0.9
2024-03-25T22:27:49Z,26.356790,-76.984898,0.23,246.3,1,10,0.9
2024-03-25T22:27:54Z,26.356790,-76.984902,0.03,299.9,1,10,0.9
2024-03-25T22:27:59Z,26.356792,-76.984898,0.32,29.2,1,10,0.9
2024-03-25T22:28:04Z,26.356792,-76.984898,0.06,95.4,1,10,0.9
2024-03-25T22:28:09Z,26.356795,-76.984900,0.07,1.9,1,10,0.9
2024-03-25T22:28:14Z,26.356798,-76.984900,0.07,17.9,1,10,0.9
2024-03-25T22:28:19Z,26.356802,-76.984903,0.25,327.3,1,10,0.9
2024-03-25T22:28:24Z,26.356803,-76.984905,0.07,314.4,1,10,0.9
2024-03-25T22:28:29Z,26.356805,-76.984905,0.16,355.7,1,10,0.9
2024-03-25T22:28:34Z,26.356802,-76.984905,0.27,216.0,1,10,0.9
2024-03-25T22:28:39Z,26.356800,-76.984908,0.24,238.5,1,10,0.9
2024-03-25T22:28:44Z,26.356798,-76.984910,0.16,297.9,1,10,0.9
2024-03-25T22:28:49Z,26.356798,-76.984908,0.23,145.8,1,10,0.9
2024-03-25T22:28:54Z,26.356800,-76.984902,0.36,97.5,1,10,0.9
2024-03-25T22:28:59Z,26.356807,-76.984900,0.13,29.4,1,10,0.9
2024-03-25T22:29:04Z,26.356807,-76.984903,0.33,193.4,1,10,0.9
2024-03-25T22:29:09Z,26.356808,-76.984902,0.25,40.0,1,10,0.9
2024-03-25T22:29:14Z,26.356807,-76.984905,0.10,230.1,1,10,0.9
2024-03-25T22:29:19Z,26.356808,-76.984907,0.08,0.1,1,10,0.9
2024-03-25T22:29:24Z,26.356813,-76.984905,0.14,12.7,1,10,0.9
2024-03-25T22:29:29Z,26.356815,-76.984905,0.04,214.7,1,10,0.9
2024-03-25T22:29:34Z,26.356815,-76.984905,0.05,38.7,1,10,0.9
2024-03-25T22:29:39Z,26.356815,-76.984905,0.13,293.2,1,10,0.9
2024-03-25T22:29:44Z,26.356815,-76.984912,0.47,226.6,1,10,0.9
2024-03-25T22:29:49Z,26.356817,-76.984913,0.10,163.9,1,10,0.9
2024-03-25T22:29:54Z,26.356822,-76.984913,0.05,82.7,1,10,0.9
2024-03-25T22:29:59Z,26.356823,-76.984912,0.27,23.4,1,10,0.9
2024-03-25T22:30:04Z,26.356827,-76.984912,0.15,100.3,1,10,0.9
2024-03-25T22:30:09Z,26.356825,-76.984912,0.16,100.6,1,10,0.9
2024-03-25T22:30:14Z,26.356825,-76.984907,0.05,291.9,1,10,0.9
2024-03-25T22:30:19Z,26.356823,-76.984907,0.08,322.1,1,10,0.9
2024-03-25T22:30:24Z,26.356825,-76.984907,0.13,306.3,1,10,0.9
2024-03-25T22:30:29Z,26.356832,-76.984907,0.06,37.6,1,10,0.9
2024-03-25T22:30:34Z,26.356837,-76.984905,0.19,48.5,1,10,0.9
2024-03-25T22:30:39Z,26.356843,-76.984905,0.32,347.6,1,10,0.9
2024-03-25T22:30:44Z,26.356843,-76.984903,0.03,151.8,1,10,0.9
2024-03-25T22:30:49Z,26.356842,-76.984903,0.13,165.3,1,10,0.9
2024-03-25T22:30:54Z,26.356845,-76.984905,0.15,260.9,1,10,0.9
2024-03-25T22:30:59Z,26.356845,-76.984905,0.07,205.3,1,10,0.9
2024-03-25T22:31:04Z,26.356845,-76.984905,0.11,213.4,1,10,0.9
2024-03-25T22:31:14Z,26.356840,-76.984897,0.26,119.2,1,10,0.9
2024-03-25T22:31:19Z,26.356837,-76.984895,0.12,129.8,1,10,0.9
2024-03-25T22:31:24Z,26.356837,-76.984892,0.15,120.2,1,10,0.9
2024-03-25T22:31:29Z,26.356833,-76.984888,0.11,167.9,1,10,0.9
2024-03-25T22:31:34Z,26.356830,-76.984888,0.54,180.9,1,10,0.9
2024-03-25T22:31:44Z,26.356825,-76.984893,0.31,205.1,1,10,0.9
2024-03-25T22:31:49Z,26.356825,-76.984895,0.20,205.9,1,10,0.9
2024-03-25T22:31:54Z,26.356823,-76.984902,0.12,329.9,1,10,0.9
2024-03-25T22:31:59Z,26.356822,-76.984898,0.06,167.8,1,10,0.9
2024-03-25T22:32:04Z,26.356817,-76.984898,0.24,144.9,1,10,0.9
2024-03-25T22:32:09Z,26.356812,-76.984895,0.23,189.2,1,9,0.9
2024-03-25T22:32:19Z,26.356800,-76.984888,0.15,195.5,1,9,0.9
2024-03-25T22:32:24Z,26.356793,-76.984895,0.30,172.8,1,9,0.9
2024-03-25T22:32:29Z,26.356795,-76.984893,0.18,175.7,1,10,0.9
2024-03-25T22:32:34Z,26.356795,-76.984898,0.27,203.1,1,10,0.9
2024-03-25T22:32:39Z,26.356792,-76.984900,0.57,194.1,1,10,0.9
2024-03-25T22:32:49Z,26.356790,-76.984905,0.07,336.1,1,10,0.9
2024-03-25T22:32:54Z,26.356792,-76.984907,0.03,70.9,1,10,0.9
2024-03-25T22:32:59Z,26.356793,-76.984903,0.12,120.2,1,10,0.9
2024-03-25T22:33:04Z,26.356795,-76.984902,0.13,80.7,1,10,0.9
2024-03-25T22:33:09Z,26.356795,-76.984900,0.28,206.9,1,10,0.9
2024-03-25T22:33:14Z,26.356798,-76.984902,0.13,321.2,1,10,0.9
2024-03-25T22:33:19Z,26.356800,-76.984900,0.12,229.9,1,10,0.9
2024-03-25T22:33:24Z,26.356802,-76.984902,0.18,240.6,1,10,0.9
2024-03-25T22:33:29Z,26.356802,-76.984907,0.16,324.9,1,10,0.9
2024-03-25T22:33:34Z,26.356802,-76.984907,0.18,34.2,1,10,0.9
2024-03-25T22:33:39Z,26.356803,-76.984902,0.20,87.8,1,9,1.0
2024-03-25T22:33:44Z,26.356803,-76.984898,0.09,143.0,1,10,0.9
2024-03-25T22:33:49Z,26.356805,-76.984895,0.15,117.6,1,10,0.9
2024-03-25T22:33:54Z,26.356807,-76.984892,0.11,44.1,1,10,0.9
2024-03-25T22:33:59Z,26.356807,-76.984890,0.28,172.2,1,10,0.9
2024-03-25T22:34:04Z,26.356805,-76.984890,0.27,197.9,1,10,0.9
2024-03-25T22:34:09Z,26.356802,-76.984893,0.33,210.7,1,10,0.9
2024-03-25T22:34:14Z,26.356798,-76.984900,0.25,236.7,1,10,0.9
2024-03-25T22:34:19Z,26.356802,-76.984905,0.34,355.0,1,10,0.9
2024-03-25T22:34:24Z,26.356803,-76.984907,0.28,359.9,1,10,0.9
2024-03-25T22:34:29Z,26.356807,-76.984908,0.07,222.7,1,10,0.9
2024-03-25T22:34:34Z,26.356805,-76.984910,0.04,208.1,1,10,0.9
2024-03-25T22:34:39Z,26.356807,-76.984910,0.10,34.5,1,10,0.9
2024-03-25T22:34:44Z,26.356807,-76.984908,0.06,156.7,1,10,0.9
2024-03-25T22:34:49Z,26.356808,-76.984908,0.19,203.6,1,10,0.9
2024-03-25T22:34:54Z,26.356807,-76.984912,0.19,206.1,1,10,0.9
2024-03-25T22:34:59Z,26.356810,-76.984912,0.10,231.4,1,10,0.9
2024-03-25T22:35:04Z,26.356813,-76.984913,0.10,224.2,1,10,0.9
2024-03-25T22:35:09Z,26.356813,-76.984912,0.09,139.9,1,10,0.9
2024-03-25T22:35:14Z,26.356817,-76.984908,0.16,209.3,1,10,0.9
2024-03-25T22:35:19Z,26.356817,-76.984903,0.38,101.3,1,10,0.9
2024-03-25T22:35:24Z,26.356815,-76.984897,0.35,145.0,1,10,0.9
2024-03-25T22:35:29Z,26.356810,-76.984893,0.28,145.7,1,10,0.9
2024-03-25T22:35:34Z,26.356805,-76.984890,0.14,177.8,1,10,0.9
2024-03-25T22:35:39Z,26.356802,-76.984892,0.15,179.9,1,10,0.9
2024-03-25T22:35:44Z,26.356803,-76.984895,0.29,297.7,1,10,0.9
2024-03-25T22:35:49Z,26.356807,-76.984898,0.24,352.8,1,10,0.9
2024-03-25T22:35:54Z,26.356812,-76.984900,0.18,295.3,1,10,0.9
2024-03-25T22:35:59Z,26.356810,-76.984902,0.28,209.6,1,10,0.9
2024-03-25T22:36:04Z,26.356810,-76.984903,0.12,152.7,1,10,0.9
2024-03-25T22:36:09Z,26.356807,-76.984907,0.27,215.7,1,9,1.0
2024-03-25T22:36:14Z,26.356805,-76.984908,0.09,150.6,1,9,1.0
2024-03-25T22:36:19Z,26.356802,-76.984908,0.08,136.7,1,9,1.0
2024-03-25T22:36:24Z,26.356803,-76.984907,0.22,75.6,1,9,1.0
2024-03-25T22:36:29Z,26.356805,-76.984903,0.10,14.3,1,9,1.0
2024-03-25T22:36:34Z,26.356808,-76.984900,0.14,39.1,1,9,1.0
2024-03-25T22:36:39Z,26.356812,-76.984900,0.09,31.8,1,9,1.0
2024-03-25T22:36:49Z,26.356817,-76.984903,0.11,261.8,1,9,1.0
2024-03-25T22:36:54Z,26.356818,-76.984903,0.04,15.3,1,9,1.0
2024-03-25T22:36:59Z,26.356822,-76.984903,0.19,38.6,1,9,1.0
2024-03-25T22:37:04Z,26.356823,-76.984903,0.12,48.0,1,9,1.0
2024-03-25T22:37:09Z,26.356823,-76.984903,0.12,162.8,1,9,1.0
2024-03-25T22:37:14Z,26.356820,-76.984903,0.27,198.5,1,9,1.0
2024-03-25T22:37:24Z,26.356822,-76.984897,0.22,185.5,1,9,1.0
2024-03-25T22:37:29Z,26.356818,-76.984897,0.17,216.8,1,9,1.0
2024-03-25T22:37:34Z,26.356818,-76.984898,0.09,348.9,1,9,1.0
2024-03-25T22:37:39Z,26.356820,-76.984898,0.05,357.5,1,9,1.0
2024-03-25T22:37:44Z,26.356823,-76.984897,0.14,149.4,1,9,1.0
2024-03-25T22:37:54Z,26.356820,-76.984900,0.37,207.5,1,9,1.0
2024-03-25T22:37:59Z,26.356815,-76.984905,0.18,229.3,1,9,1.0
2024-03-25T22:38:04Z,26.356813,-76.984908,0.18,218.0,1,9,1.0
2024-03-25T22:38:09Z,26.356812,-76.984910,0.05,75.9,1,9,1.0
2024-03-25T22:38:14Z,26.356812,-76.984910,0.12,100.7,1,9,1.0
2024-03-25T22:38:19Z,26.356812,-76.984905,0.20,136.8,1,9,1.0
2024-03-25T22:38:24Z,26.356812,-76.984902,0.18,83.4,1,9,1.0
2024-03-25T22:38:29Z,26.356812,-76.984898,0.15,202.6,1,9,1.0
2024-03-25T22:38:34Z,26.356812,-76.984898,0.08,278.2,1,9,1.0
2024-03-25T22:38:39Z,26.356815,-76.984898,0.10,255.7,1,9,1.0
2024-03-25T22:38:44Z,26.356817,-76.984902,0.26,271.7,1,9,1.0
2024-03-25T22:38:54Z,26.356823,-76.984912,0.13,75.0,1,9,1.0
2024-03-25T22:38:59Z,26.356823,-76.984907,0.27,85.4,1,9,1.0
2024-03-25T22:39:04Z,26.356823,-76.984900,0.20,135.2,1,8,1.1
2024-03-25T22:39:09Z,26.356823,-76.984897,0.17,76.3,1,9,1.0
2024-03-25T22:39:14Z,26.356823,-76.984892,0.04,291.3,1,8,1.1
2024-03-25T22:39:19Z,26.356828,-76.984893,0.16,288.7,1,9,1.0
2024-03-25T22:39:24Z,26.356832,-76.984895,0.34,300.1,1,9,1.0
2024-03-25T22:39:29Z,26.356837,-76.984903,0.32,310.7,1,9,1.0
2024-03-25T22:39:34Z,26.356837,-76.984913,0.55,259.0,1,9,1.0
2024-03-25T22:39:39Z,26.356840,-76.984913,0.19,108.5,1,9,1.0
2024-03-25T22:39:44Z,26.356843,-76.984907,0.20,21.9,1,9,1.0
2024-03-25T22:39:54Z,26.356852,-76.984905,0.17,304.6,1,10,0.9
2024-03-25T22:39:59Z,26.356853,-76.984903,0.10,172.0,1,10,0.9
2024-03-25T22:40:04Z,26.356858,-76.984900,0.01,254.3,1,10,0.9
2024-03-25T22:40:09Z,26.356863,-76.984897,0.30,1.3,1,10,0.9
2024-03-25T22:40:14Z,26.356867,-76.984895,0.09,142.3,1,10,0.9
2024-03-25T22:40:19Z,26.356877,-76.984897,0.28,155.3,1,9,0.9
2024-03-25T22:40:24Z,26.356875,-76.984897,0.04,205.4,1,10,0.9
2024-03-25T22:40:29Z,26.356873,-76.984895,0.04,136.0,1,10,0.9
2024-03-25T22:40:34Z,26.356872,-76.984895,0.18,152.3,1,10,0.9
2024-03-25T22:40:39Z,26.356872,-76.984893,0.14,115.4,1,10,0.9
2024-03-25T22:40:44Z,26.356868,-76.984893,0.10,247.5,1,10,0.9
2024-03-25T22:40:49Z,26.356867,-76.984892,0.21,32.0,1,10,0.9
2024-03-25T22:40:54Z,26.356858,-76.984890,0.11,75.6,1,10,0.9
2024-03-25T22:40:59Z,26.356852,-76.984892,0.15,213.1,1,10,0.9
2024-03-25T22:41:04Z,26.356850,-76.984890,0.21,331.1,1,10,0.9
2024-03-25T22:41:09Z,26.356852,-76.984890,0.20,280.6,1,10,0.9
2024-03-25T22:41:14Z,26.356853,-76.984895,0.24,279.1,1,10,0.9
2024-03-25T22:41:19Z,26.356855,-76.984903,0.30,39.6,1,10,0.9
2024-03-25T22:41:24Z,26.356857,-76.984898,0.20,52.5,1,10,0.9
2024-03-25T22:41:29Z,26.356857,-76.984897,0.11,60.2,1,10,0.9
2024-03-25T22:41:34Z,26.356857,-76.984895,0.05,286.9,1,10,0.9
2024-03-25T22:41:39Z,26.356858,-76.984890,0.19,84.3,1,10,0.9
2024-03-25T22:41:44Z,26.356862,-76.984887,0.06,56.2,1,9,1.2
2024-03-25T22:41:49Z,26.356860,-76.984885,0.07,110.8,1,10,0.9
2024-03-25T22:41:54Z,26.356862,-76.984888,0.28,306.4,1,10,0.9
2024-03-25T22:41:59Z,26.356862,-76.984888,0.16,203.1,1,10,0.9
2024-03-25T22:42:04Z,26.356858,-76.984892,0.18,219.1,1,10,0.9
2024-03-25T22:42:09Z,26.356860,-76.984905,0.25,281.8,1,9,1.2
2024-03-25T22:42:14Z,26.356858,-76.984910,0.06,153.0,1,10,0.9
2024-03-25T22:42:19Z,26.356857,-76.984912,0.18,121.0,1,10,0.9
2024-03-25T22:42:24Z,26.356855,-76.984908,0.08,73.5,1,10,0.9
2024-03-25T22:42:29Z,26.356853,-76.984908,0.16,84.9,1,10,0.9
2024-03-25T22:42:34Z,26.356850,-76.984902,0.24,114.0,1,10,0.9
2024-03-25T22:42:39Z,26.356847,-76.984898,0.26,82.6,1,10,0.9
2024-03-25T22:42:44Z,26.356845,-76.984895,0.32,100.8,1,10,0.9
2024-03-25T22:42:49Z,26.356843,-76.984892,0.24,117.0,1,10,0.9
2024-03-25T22:42:54Z,26.356842,-76.984890,0.01,141.2,1,10,0.9
2024-03-25T22:42:59Z,26.356842,-76.984893,0.52,303.6,1,10,0.9
2024-03-25T22:43:04Z,26.356840,-76.984900,0.25,203.4,1,10,0.9
2024-03-25T22:43:09Z,26.356840,-76.984907,0.18,280.9,1,10,0.9
2024-03-25T22:43:14Z,26.356842,-76.984912,0.23,280.5,1,10,0.9
2024-03-25T22:43:19Z,26.356840,-76.984913,0.11,117.5,1,10,0.9
2024-03-25T22:43:24Z,26.356842,-76.984910,0.15,46.5,1,10,0.9
2024-03-25T22:43:29Z,26.356845,-76.984907,0.19,74.6,1,10,0.9
2024-03-25T22:43:34Z,26.356847,-76.984905,0.11,22.2,1,10,0.9
2024-03-25T22:43:39Z,26.356847,-76.984898,0.03,261.2,1,10,0.9
2024-03-25T22:43:44Z,26.356845,-76.984887,0.17,197.4,1,10,0.9
2024-03-25T22:43:49Z,26.356843,-76.984887,0.28,160.1,1,10,0.9
2024-03-25T22:43:54Z,26.356843,-76.984885,0.12,154.5,1,10,0.9
2024-03-25T22:43:59Z,26.356845,-76.984878,0.13,78.7,1,10,0.9
2024-03-25T22:44:04Z,26.356843,-76.984875,0.06,75.5,1,10,0.9
2024-03-25T22:44:09Z,26.356845,-76.984877,0.18,311.8,1,10,0.9
2024-03-25T22:44:14Z,26.356840,-76.984875,0.20,160.2,1,10,0.9
2024-03-25T22:44:19Z,26.356837,-76.984872,0.22,115.6,1,10,0.9
2024-03-25T22:44:24Z,26.356827,-76.984865,0.30,136.1,1,10,0.9
2024-03-25T22:44:29Z,26.356822,-76.984858,0.38,135.0,1,10,0.9
2024-03-25T22:44:34Z,26.356818,-76.984857,0.08,152.0,1,10,0.9
2024-03-25T22:44:39Z,26.356822,-76.984857,0.08,220.5,1,10,0.9
2024-03-25T22:44:44Z,26.356827,-76.984862,0.19,108.7,1,10,0.9
2024-03-25T22:44:49Z,26.356823,-76.984868,0.13,258.5,1,10,0.9
2024-03-25T22:44:54Z,26.356827,-76.984882,0.20,256.6,1,10,0.9
2024-03-25T22:45:04Z,26.356827,-76.984898,0.20,166.2,1,9,1.0
2024-03-25T22:45:09Z,26.356828,-76.984897,0.09,144.0,1,10,0.9
2024-03-25T22:45:14Z,26.356828,-76.984897,0.20,184.5,1,10,0.9
2024-03-25T22:45:19Z,26.356830,-76.984895,0.20,201.6,1,10,0.9
2024-03-25T22:45:24Z,26.356832,-76.984897,0.31,15.7,1,10,0.9
2024-03-25T22:45:29Z,26.356838,-76.984897,0.25,17.4,1,10,0.9
2024-03-25T22:45:39Z,26.356842,-76.984897,0.17,2.9,1,10,0.9
2024-03-25T22:45:44Z,26.356843,-76.984898,0.18,182.3,1,9,1.0
2024-03-25T22:45:49Z,26.356840,-76.984900,0.06,286.0,1,10,0.9
2024-03-25T22:45:54Z,26.356840,-76.984902,0.16,247.3,1,10,0.9
2024-03-25T22:45:59Z,26.356838,-76.984900,0.18,123.7,1,10,0.9
2024-03-25T22:46:04Z,26.356837,-76.984898,0.09,170.2,1,10,0.9
2024-03-25T22:46:14Z,26.356835,-76.984893,0.14,78.2,1,10,0.9
2024-03-25T22:46:19Z,26.356842,-76.984882,0.26,91.2,1,9,1.0
2024-03-25T22:46:24Z,26.356838,-76.984875,0.09,99.4,1,10,0.9
2024-03-25T22:46:29Z,26.356837,-76.984872,0.08,240.0,1,10,0.9
2024-03-25T22:46:34Z,26.356833,-76.984872,0.12,198.9,1,10,0.9
2024-03-25T22:46:39Z,26.356833,-76.984872,0.17,145.1,1,10,0.9
2024-03-25T22:46:49Z,26.356827,-76.984873,0.29,220.2,1,10,0.9
2024-03-25T22:46:54Z,26.356822,-76.984875,0.08,178.1,1,10,0.9
2024-03-25T22:46:59Z,26.356820,-76.984878,0.20,246.5,1,10,0.9
2024-03-25T22:47:04Z,26.356815,-76.984880,0.24,305.5,1,10,0.9
2024-03-25T22:47:09Z,26.356818,-76.984885,0.18,320.7,1,10,0.9
2024-03-25T22:47:14Z,26.356818,-76.984888,0.14,275.4,1,10,0.9
2024-03-25T22:47:24Z,26.356815,-76.984897,0.07,224.0,1,10,0.9
2024-03-25T22:47:29Z,26.356813,-76.984897,0.20,67.3,1,9,0.9
2024-03-25T22:47:34Z,26.356813,-76.984895,0.07,64.6,1,10,0.9
2024-03-25T22:47:39Z,26.356815,-76.984890,0.26,42.1,1,10,0.9
2024-03-25T22:47:44Z,26.356815,-76.984890,0.34,168.2,1,10,0.9
2024-03-25T22:47:49Z,26.356812,-76.984893,0.23,262.2,1,10,0.9
2024-03-25T22:47:59Z,26.356812,-76.984898,0.10,97.2,1,10,0.9
2024-03-25T22:48:04Z,26.356813,-76.984897,0.06,56.2,1,10,0.9
2024-03-25T22:48:09Z,26.356813,-76.984895,0.05,81.2,1,10,0.9
2024-03-25T22:48:14Z,26.356817,-76.984895,0.29,6.6,1,10,0.9
2024-03-25T22:48:19Z,26.356820,-76.984895,0.15,262.6,1,10,0.9
2024-03-25T22:48:24Z,26.356822,-76.984898,0.38,302.6,1,10,0.9
2024-03-25T22:48:34Z,26.356827,-76.984905,0.20,136.5,1,10,0.9
2024-03-25T22:48:39Z,26.356822,-76.984903,0.09,57.9,1,10,0.9
2024-03-25T22:48:44Z,26.356823,-76.984902,0.21,162.1,1,10,0.9
2024-03-25T22:48:49Z,26.356823,-76.984898,0.19,59.4,1,10,0.9
2024-03-25T22:48:54Z,26.356825,-76.984895,0.12,100.0,1,10,0.9
2024-03-25T22:48:59Z,26.356825,-76.984895,0.13,162.5,1,10,0.9
2024-03-25T22:49:09Z,26.356820,-76.984887,0.16,114.9,1,10,0.9
2024-03-25T22:49:14Z,26.356817,-76.984882,0.04,254.0,1,10,0.9
2024-03-25T22:49:19Z,26.356812,-76.984880,0.19,152.9,1,9,1.0
2024-03-25T22:49:24Z,26.356810,-76.984878,0.15,97.6,1,10,0.9
2024-03-25T22:49:29Z,26.356808,-76.984878,0.05,126.8,1,9,1.2
2024-03-25T22:49:34Z,26.356802,-76.984880,0.16,236.3,1,10,0.9
2024-03-25T22:49:39Z,26.356797,-76.984882,0.21,208.6,1,9,1.0
2024-03-25T22:49:44Z,26.356793,-76.984883,0.19,177.5,1,9,1.0
2024-03-25T22:49:49Z,26.356792,-76.984887,0.26,25.3,1,10,0.9
2024-03-25T22:49:54Z,26.356792,-76.984885,0.07,120.7,1,10,0.9
2024-03-25T22:49:59Z,26.356795,-76.984890,0.09,227.3,1,10,0.9
2024-03-25T22:50:04Z,26.356805,-76.984893,0.09,42.4,1,10,0.9
2024-03-25T22:50:14Z,26.356813,-76.984897,0.52,191.2,1,10,0.9
2024-03-25T22:50:19Z,26.356813,-76.984900,0.16,266.8,1,10,0.9
2024-03-25T22:50:24Z,26.356812,-76.984902,0.28,49.7,1,10,0.9
2024-03-25T22:50:29Z,26.356812,-76.984902,0.19,212.9,1,9,0.9
2024-03-25T22:50:34Z,26.356808,-76.984900,0.59,136.2,1,10,0.9
2024-03-25T22:50:44Z,26.356810,-76.984907,0.07,287.5,1,10,0.9
2024-03-25T22:50:49Z,26.356812,-76.984908,0.16,210.8,1,10,0.9
2024-03-25T22:50:54Z,26.356807,-76.984908,0.12,71.5,1,9,1.0
2024-03-25T22:50:59Z,26.356805,-76.984907,0.16,62.0,1,10,0.9
2024-03-25T22:51:04Z,26.356805,-76.984900,0.27,126.4,1,10,0.9
2024-03-25T22:51:14Z,26.356797,-76.984887,0.15,102.5,1,10,0.9
2024-03-25T22:51:19Z,26.356792,-76.984883,0.08,241.2,1,10,0.9
2024-03-25T22:51:24Z,26.356790,-76.984885,0.34,203.0,1,10,0.9
2024-03-25T22:51:29Z,26.356788,-76.984887,0.33,243.1,1,10,0.9
2024-03-25T22:51:34Z,26.356790,-76.984892,0.08,238.1,1,10,0.9
2024-03-25T22:51:39Z,26.356803,-76.984905,0.19,219.7,1,10,0.9
2024-03-25T22:51:49Z,26.356808,-76.984908,0.19,14.6,1,9,1.0
2024-03-25T22:51:54Z,26.356808,-76.984905,0.10,55.5,1,9,1.0
2024-03-25T22:51:59Z,26.356807,-76.984902,0.18,110.1,1,9,1.0
2024-03-25T22:52:04Z,26.356803,-76.984895,0.23,137.4,1,10,0.9
2024-03-25T22:52:09Z,26.356798,-76.984897,0.20,5.1,1,9,1.0
2024-03-25T22:52:14Z,26.356803,-76.984898,0.24,331.9,1,10,0.9
2024-03-25T22:52:19Z,26.356808,-76.984897,0.06,81.6,1,10,0.9
2024-03-25T22:52:24Z,26.356812,-76.984900,0.16,245.6,1,9,1.0
2024-03-25T22:52:29Z,26.356812,-76.984907,0.10,262.4,1,9,1.0
2024-03-25T22:52:34Z,26.356810,-76.984908,0.18,243.0,2,9,1.0
2024-03-25T22:52:39Z,26.356807,-76.984912,0.20,190.0,2,10,0.9
2024-03-25T22:52:44Z,26.356810,-76.984910,0.28,350.6,2,10,0.9
2024-03-25T22:52:49Z,26.356813,-76.984908,0.50,131.0,2,10,0.9
2024-03-25T22:52:54Z,26.356810,-76.984900,0.36,118.2,1,10,0.9
2024-03-25T22:52:59Z,26.356807,-76.984893,0.18,103.2,1,10,0.9
2024-03-25T22:53:04Z,26.356810,-76.984887,0.28,45.9,1,10,0.9
2024-03-25T22:53:09Z,26.356813,-76.984887,0.17,240.3,1,10,0.9
2024-03-25T22:53:14Z,26.356817,-76.984893,0.23,312.0,1,10,0.9
2024-03-25T22:53:19Z,26.356820,-76.984900,0.30,286.3,1,10,0.9
2024-03-25T22:53:24Z,26.356823,-76.984903,0.38,297.2,1,10,0.9
2024-03-25T22:53:29Z,26.356827,-76.984910,0.12,299.6,1,10,0.9
2024-03-25T22:53:34Z,26.356828,-76.984908,0.27,18.5,1,10,0.9
2024-03-25T22:53:39Z,26.356828,-76.984905,0.15,87.0,1,10,0.9
2024-03-25T22:53:44Z,26.356827,-76.984898,0.21,111.3,1,10,0.9
2024-03-25T22:53:49Z,26.356825,-76.984893,0.64,333.9,1,10,0.9
2024-03-25T22:53:54Z,26.356825,-76.984893,0.24,283.1,1,10,0.9
2024-03-25T22:54:04Z,26.356813,-76.984898,0.25,196.9,1,10,0.9
2024-03-25T22:54:09Z,26.356815,-76.984905,0.18,210.7,1,9,1.0
2024-03-25T22:54:14Z,26.356810,-76.984900,0.14,79.1,1,10,0.9
2024-03-25T22:54:19Z,26.356812,-76.984895,0.27,73.1,1,10,0.9
2024-03-25T22:54:24Z,26.356817,-76.984893,0.42,126.1,1,10,0.9
2024-03-25T22:54:29Z,26.356810,-76.984887,0.49,146.7,1,10,0.9
2024-03-25T22:54:39Z,26.356812,-76.984893,0.19,231.9,1,10,0.9
2024-03-25T22:54:44Z,26.356807,-76.984893,0.06,131.9,1,10,0.9
2024-03-25T22:54:49Z,26.356807,-76.984895,0.20,198.5,1,10,0.9
2024-03-25T22:54:54Z,26.356803,-76.984898,0.09,298.5,1,10,0.9
2024-03-25T22:54:59Z,26.356805,-76.984902,0.15,325.2,1,9,1.0
2024-03-25T22:55:04Z,26.356803,-76.984902,0.07,352.0,1,10,0.9
2024-03-25T22:55:09Z,26.356800,-76.984902,0.03,290.9,1,9,1.0
2024-03-25T22:55:14Z,26.356800,-76.984902,0.13,73.7,1,10,0.9
2024-03-25T22:55:19Z,26.356802,-76.984898,0.16,87.8,1,10,0.9
2024-03-25T22:55:24Z,26.356803,-76.984897,0.21,132.6,1,10,0.9
2024-03-25T22:55:29Z,26.356803,-76.984893,0.08,215.6,1,10,0.9
2024-03-25T22:55:34Z,26.356800,-76.984893,0.26,163.6,1,10,0.9
2024-03-25T22:55:39Z,26.356792,-76.984897,0.57,166.9,1,10,0.9
2024-03-25T22:55:44Z,26.356790,-76.984898,0.18,163.0,1,10,0.9
2024-03-25T22:55:49Z,26.356787,-76.984897,0.21,205.6,1,10,0.9
2024-03-25T22:55:54Z,26.356782,-76.984895,0.19,134.8,1,10,0.9
2024-03-25T22:55:59Z,26.356778,-76.984888,0.14,19.3,1,10,0.9
2024-03-25T22:56:04Z,26.356782,-76.984888,0.07,180.4,1,10,0.9
2024-03-25T22:56:09Z,26.356787,-76.984887,0.12,303.2,1,10,0.9
2024-03-25T22:56:14Z,26.356795,-76.984892,0.18,344.9,1,10,0.9
2024-03-25T22:56:19Z,26.356793,-76.984890,0.12,190.2,1,10,0.9
2024-03-25T22:56:24Z,26.356795,-76.984895,0.27,249.1,1,9,0.9
2024-03-25T22:56:29Z,26.356788,-76.984895,0.43,149.7,1,10,0.9
2024-03-25T22:56:34Z,26.356778,-76.984897,0.10,208.6,1,10,0.9
2024-03-25T22:56:39Z,26.356785,-76.984895,0.39,38.8,1,10,0.9
2024-03-25T22:56:44Z,26.356792,-76.984892,0.35,17.1,1,10,0.9
2024-03-25T22:56:49Z,26.356798,-76.984890,0.20,47.9,1,10,0.9
2024-03-25T22:56:59Z,26.356797,-76.984892,0.09,246.5,1,10,0.9
2024-03-25T22:57:04Z,26.356793,-76.984897,0.43,313.3,1,10,0.9
2024-03-25T22:57:09Z,26.356803,-76.984905,0.40,335.2,1,10,0.9
2024-03-25T22:57:14Z,26.356798,-76.984900,0.06,146.9,1,10,0.9
2024-03-25T22:57:19Z,26.356797,-76.984898,0.08,229.8,1,10,0.9
2024-03-25T22:57:24Z,26.356800,-76.984897,0.17,16.0,1,10,0.9
2024-03-25T22:57:34Z,26.356805,-76.984900,0.20,254.4,1,10,0.9
2024-03-25T22:57:39Z,26.356810,-76.984908,0.23,205.0,1,10,0.9
2024-03-25T22:57:44Z,26.356812,-76.984903,0.31,137.3,1,10,0.9
2024-03-25T22:57:49Z,26.356807,-76.984902,0.16,173.9,1,10,0.9
2024-03-25T22:57:54Z,26.356808,-76.984905,0.25,122.9,1,10,0.9
2024-03-25T22:57:59Z,26.356805,-76.984903,0.14,126.1,2,10,0.9
2024-03-25T22:58:04Z,26.356805,-76.984902,0.12,16.6,2,10,0.9
2024-03-25T22:58:14Z,26.356802,-76.984900,0.17,300.4,2,10,0.9
2024-03-25T22:58:19Z,26.356803,-76.984902,0.29,324.9,2,10,0.9
2024-03-25T22:58:24Z,26.356808,-76.984907,0.27,280.3,1,10,0.9
2024-03-25T22:58:29Z,26.356812,-76.984912,0.26,338.9,1,10,0.9
2024-03-25T22:58:34Z,26.356810,-76.984913,0.20,23.7,1,10,0.9
2024-03-25T22:58:39Z,26.356813,-76.984910,0.13,19.6,1,10,0.9
2024-03-25T22:58:44Z,26.356822,-76.984907,0.14,354.0,1,9,1.0
2024-03-25T22:58:49Z,26.356827,-76.984907,0.07,342.3,1,10,0.9
2024-03-25T22:58:54Z,26.356830,-76.984908,0.23,352.1,1,10,0.9
2024-03-25T22:58:59Z,26.356833,-76.984912,0.30,322.3,1,10,0.9
2024-03-25T22:59:04Z,26.356835,-76.984915,0.12,52.4,1,10,0.9
2024-03-25T22:59:09Z,26.356840,-76.984912,0.16,15.3,1,9,1.0
2024-03-25T22:59:14Z,26.356838,-76.984907,0.18,115.9,1,10,0.9
2024-03-25T22:59:24Z,26.356838,-76.984903,0.19,310.2,1,10,0.9
2024-03-25T22:59:29Z,26.356842,-76.984902,0.40,29.3,1,10,0.9
2024-03-25T22:59:34Z,26.356843,-76.984900,0.11,4.7,1,10,0.9
2024-03-25T22:59:39Z,26.356843,-76.984900,0.08,346.7,1,10,0.9
2024-03-25T22:59:44Z,26.356843,-76.984902,0.09,168.1,1,10,0.9
2024-03-25T22:59:49Z,26.356842,-76.984897,0.07,85.8,1,10,0.9
2024-03-25T22:59:59Z,26.356838,-76.984895,0.04,201.2,1,10,0.9
2024-03-25T23:00:04Z,26.356842,-76.984898,0.09,327.1,1,10,0.9
2024-03-25T23:00:09Z,26.356840,-76.984898,0.21,323.6,1,10,0.9
2024-03-25T23:00:14Z,26.356848,-76.984903,0.19,324.5,1,10,0.9
2024-03-25T23:00:19Z,26.356847,-76.984903,0.08,353.2,1,10,0.9
2024-03-25T23:00:24Z,26.356843,-76.984905,0.09,118.4,1,10,0.9
2024-03-25T23:00:29Z,26.356838,-76.984902,0.15,115.3,1,10,0.9
2024-03-25T23:00:34Z,26.356833,-76.984900,0.16,142.4,1,10,0.9
2024-03-25T23:00:39Z,26.356833,-76.984900,0.11,274.8,1,10,0.9
2024-03-25T23:00:44Z,26.356832,-76.984902,0.06,184.4,1,10,0.9
2024-03-25T23:00:49Z,26.356832,-76.984902,0.09,221.7,1,10,0.9
2024-03-25T23:00:54Z,26.356832,-76.984902,0.02,191.7,1,10,0.9
2024-03-25T23:00:59Z,26.356832,-76.984900,0.28,195.7,1,10,0.9
2024-03-25T23:01:04Z,26.356828,-76.984900,0.15,118.0,1,10,0.9
2024-03-25T23:01:09Z,26.356822,-76.984895,0.22,134.3,1,11,0.8
2024-03-25T23:01:14Z,26.356817,-76.984892,0.01,93.5,1,11,0.8
2024-03-25T23:01:19Z,26.356813,-76.984892,0.13,226.7,1,11,0.8
2024-03-25T23:01:24Z,26.356813,-76.984900,0.28,283.9,1,11,0.8
2024-03-25T23:01:29Z,26.356812,-76.984902,0.16,222.7,1,11,0.8
2024-03-25T23:01:34Z,26.356808,-76.984903,0.16,244.0,1,11,0.8
2024-03-25T23:01:39Z,26.356810,-76.984902,0.03,192.5,1,11,0.8
2024-03-25T23:01:49Z,26.356808,-76.984902,0.10,93.2,1,11,0.8
2024-03-25T23:01:54Z,26.356803,-76.984897,0.02,320.4,1,11,0.8
2024-03-25T23:01:59Z,26.356807,-76.984897,0.09,36.8,1,11,0.8
2024-03-25T23:02:04Z,26.356807,-76.984897,0.09,347.2,1,11,0.8
2024-03-25T23:02:09Z,26.356808,-76.984900,0.08,271.6,1,11,0.8
2024-03-25T23:02:14Z,26.356805,-76.984903,0.22,179.8,1,11,0.8
2024-03-25T23:02:19Z,26.356805,-76.984902,0.05,63.7,1,11,0.8
2024-03-25T23:02:24Z,26.356813,-76.984907,0.31,153.6,1,10,0.9
2024-03-25T23:02:29Z,26.356818,-76.984907,0.12,162.6,1,11,0.8
2024-03-25T23:02:34Z,26.356820,-76.984905,0.07,68.0,1,10,0.8
2024-03-25T23:02:39Z,26.356823,-76.984902,0.24,31.1,1,11,0.8
2024-03-25T23:02:44Z,26.356827,-76.984900,0.23,58.1,1,11,0.8
2024-03-25T23:02:49Z,26.356828,-76.984897,0.11,0.6,1,11,0.8
2024-03-25T23:02:54Z,26.356828,-76.984897,0.11,358.2,1,11,0.8
2024-03-25T23:02:59Z,26.356828,-76.984895,0.15,340.5,1,11,0.8
2024-03-25T23:03:04Z,26.356830,-76.984897,0.16,335.1,1,11,0.8
2024-03-25T23:03:09Z,26.356832,-76.984897,0.15,17.2,1,11,0.8
2024-03-25T23:03:14Z,26.356835,-76.984897,0.21,66.5,1,11,0.8
2024-03-25T23:03:19Z,26.356838,-76.984893,0.32,27.6,1,11,0.8
2024-03-25T23:03:24Z,26.356843,-76.984888,0.30,63.5,1,11,0.8
2024-03-25T23:03:29Z,26.356847,-76.984885,0.23,43.5,1,11,0.8
2024-03-25T23:03:34Z,26.356850,-76.984882,0.16,64.6,1,10,0.8
2024-03-25T23:03:39Z,26.356853,-76.984880,0.19,335.7,1,10,0.8
2024-03-25T23:03:44Z,26.356857,-76.984883,0.10,358.9,1,10,0.8
2024-03-25T23:03:49Z,26.356857,-76.984887,0.08,231.6,1,10,0.8
2024-03-25T23:03:54Z,26.356858,-76.984892,0.38,288.4,1,11,0.8
2024-03-25T23:03:59Z,26.356857,-76.984902,0.16,172.5,1,11,0.8
2024-03-25T23:04:04Z,26.356853,-76.984898,0.26,133.8,1,10,0.8
2024-03-25T23:04:09Z,26.356848,-76.984893,0.33,119.6,1,11,0.8
2024-03-25T23:04:14Z,26.356848,-76.984885,0.29,92.9,1,10,0.9
2024-03-25T23:04:19Z,26.356843,-76.984877,0.50,139.9,1,10,0.9
2024-03-25T23:04:24Z,26.356838,-76.984870,0.22,91.0,1,11,0.8
2024-03-25T23:04:29Z,26.356837,-76.984863,0.28,120.4,1,11,0.8
2024-03-25T23:04:34Z,26.356832,-76.984862,0.24,193.4,1,11,0.8
2024-03-25T23:04:39Z,26.356825,-76.984865,0.16,197.1,1,11,0.8
2024-03-25T23:04:44Z,26.356820,-76.984870,0.18,296.6,1,11,0.8
2024-03-25T23:04:49Z,26.356820,-76.984875,0.21,308.9,1,11,0.8
2024-03-25T23:04:54Z,26.356823,-76.984882,0.27,327.9,1,11,0.8
2024-03-25T23:04:59Z,26.356825,-76.984888,0.28,263.7,1,11,0.8
2024-03-25T23:05:04Z,26.356825,-76.984895,0.16,318.2,1,11,0.8
2024-03-25T23:05:09Z,26.356828,-76.984900,0.12,220.0,1,11,0.8
2024-03-25T23:05:14Z,26.356825,-76.984902,0.14,241.5,1,11,0.8
2024-03-25T23:05:24Z,26.356820,-76.984898,0.12,119.1,1,11,0.8
2024-03-25T23:05:29Z,26.356815,-76.984898,0.23,158.7,1,11,0.8
2024-03-25T23:05:34Z,26.356812,-76.984895,0.19,159.2,1,11,0.8
2024-03-25T23:05:39Z,26.356810,-76.984892,0.30,151.2,1,11,0.8
2024-03-25T23:05:44Z,26.356808,-76.984888,0.02,183.0,1,11,0.8
2024-03-25T23:05:49Z,26.356808,-76.984888,0.10,110.0,1,11,0.8
2024-03-25T23:05:54Z,26.356812,-76.984887,0.09,125.8,1,11,0.8
2024-03-25T23:05:59Z,26.356810,-76.984887,0.09,166.1,1,10,0.8
2024-03-25T23:06:04Z,26.356807,-76.984887,0.11,204.5,1,11,0.8
2024-03-25T23:06:09Z,26.356803,-76.984890,0.28,211.7,1,11,0.8
2024-03-25T23:06:14Z,26.356798,-76.984892,0.26,172.2,1,11,0.8
2024-03-25T23:06:19Z,26.356792,-76.984895,0.36,192.6,1,10,0.9
2024-03-25T23:06:24Z,26.356792,-76.984893,0.09,26.2,1,11,0.8
2024-03-25T23:06:29Z,26.356792,-76.984890,0.08,3.2,1,10,0.9
2024-03-25T23:06:39Z,26.356795,-76.984888,0.21,133.9,1,11,0.8
2024-03-25T23:06:44Z,26.356802,-76.984892,0.16,296.1,1,9,0.9
2024-03-25T23:06:49Z,26.356803,-76.984897,0.13,222.9,1,11,0.8
2024-03-25T23:06:54Z,26.356802,-76.984893,0.17,294.6,1,11,0.8
2024-03-25T23:06:59Z,26.356805,-76.984898,0.23,317.6,1,11,0.8
2024-03-25T23:07:04Z,26.356810,-76.984905,0.29,317.1,1,11,0.8
2024-03-25T23:07:09Z,26.356817,-76.984912,0.19,171.4,1,11,0.8
2024-03-25T23:07:14Z,26.356813,-76.984908,0.24,180.1,1,10,0.9
2024-03-25T23:07:19Z,26.356823,-76.984922,0.77,309.9,1,10,0.9
2024-03-25T23:07:24Z,26.356818,-76.984918,0.22,106.4,1,11,0.8
2024-03-25T23:07:29Z,26.356813,-76.984910,0.22,355.6,1,11,0.8
2024-03-25T23:07:34Z,26.356808,-76.984905,0.05,273.8,1,11,0.8
2024-03-25T23:07:39Z,26.356803,-76.984897,0.21,103.8,1,10,0.9
2024-03-25T23:07:44Z,26.356803,-76.984893,0.06,83.1,1,10,0.9
2024-03-25T23:07:49Z,26.356803,-76.984892,0.07,189.3,1,10,0.9
2024-03-25T23:07:54Z,26.356805,-76.984895,0.17,185.2,1,10,0.9
2024-03-25T23:07:59Z,26.356807,-76.984898,0.20,206.7,1,9,1.0
2024-03-25T23:08:04Z,26.356807,-76.984907,0.16,255.1,1,10,0.8
2024-03-25T23:08:09Z,26.356803,-76.984910,0.14,185.6,1,9,1.0
2024-03-25T23:08:14Z,26.356798,-76.984912,0.10,215.8,1,9,1.0
2024-03-25T23:08:24Z,26.356808,-76.984907,0.22,356.9,1,10,0.8
2024-03-25T23:08:29Z,26.356815,-76.984908,0.04,89.6,1,10,0.8
2024-03-25T23:08:34Z,26.356818,-76.984905,0.15,70.0,1,10,0.8
2024-03-25T23:08:39Z,26.356817,-76.984902,0.06,0.1,1,10,0.8
2024-03-25T23:08:44Z,26.356817,-76.984902,0.19,201.5,1,10,0.8
2024-03-25T23:08:49Z,26.356812,-76.984902,0.24,186.7,1,10,0.8
2024-03-25T23:08:59Z,26.356818,-76.984903,0.26,115.3,1,9,1.0
2024-03-25T23:09:04Z,26.356823,-76.984902,0.20,87.8,1,10,0.8
2024-03-25T23:09:09Z,26.356823,-76.984895,0.22,103.7,1,10,0.8
2024-03-25T23:09:14Z,26.356817,-76.984890,0.23,135.6,1,10,0.8
2024-03-25T23:09:19Z,26.356813,-76.984887,0.06,196.6,1,10,0.8
2024-03-25T23:09:24Z,26.356808,-76.984885,0.11,130.6,1,10,0.8
2024-03-25T23:09:34Z,26.356805,-76.984883,0.02,154.3,1,9,1.0
2024-03-25T23:09:39Z,26.356808,-76.984887,0.12,334.3,1,10,0.8
2024-03-25T23:09:44Z,26.356807,-76.984893,0.27,264.4,1,10,0.8
2024-03-25T23:09:49Z,26.356795,-76.984887,0.58,186.7,1,10,0.8
2024-03-25T23:09:54Z,26.356800,-76.984897,0.49,158.2,1,10,0.8
2024-03-25T23:09:59Z,26.356792,-76.984897,0.31,253.9,1,10,0.8
2024-03-25T23:10:04Z,26.356792,-76.984900,0.20,90.5,1,9,1.0
2024-03-25T23:10:14Z,26.356803,-76.984890,0.12,357.5,1,10,0.8
2024-03-25T23:10:19Z,26.356812,-76.984893,0.16,49.9,1,9,1.0
2024-03-25T23:10:24Z,26.356817,-76.984893,0.08,303.7,2,10,0.8
2024-03-25T23:10:29Z,26.356818,-76.984895,0.20,311.3,2,9,1.0
2024-03-25T23:10:34Z,26.356828,-76.984907,0.49,307.1,2,10,0.8
2024-03-25T23:10:39Z,26.356828,-76.984910,0.18,235.5,2,10,0.8
2024-03-25T23:10:49Z,26.356842,-76.984923,0.28,275.6,2,10,0.8
2024-03-25T23:10:54Z,26.356842,-76.984925,0.06,218.1,2,10,0.8
2024-03-25T23:10:59Z,26.356845,-76.984925,0.35,307.2,2,10,0.8
2024-03-25T23:11:04Z,26.356847,-76.984927,0.16,74.1,2,10,0.8
2024-03-25T23:11:09Z,26.356848,-76.984927,0.16,22.1,2,10,0.8
2024-03-25T23:11:14Z,26.356842,-76.984915,0.21,40.8,1,10,0.8
2024-03-25T23:11:24Z,26.356845,-76.984905,0.14,40.3,1,10,0.8
2024-03-25T23:11:29Z,26.356843,-76.984902,0.07,166.9,1,10,0.8
2024-03-25T23:11:34Z,26.356842,-76.984902,0.10,102.7,1,9,0.9
2024-03-25T23:11:39Z,26.356838,-76.984897,0.07,261.2,1,10,0.8
2024-03-25T23:11:44Z,26.356833,-76.984895,0.27,150.9,1,10,0.8
2024-03-25T23:11:49Z,26.356827,-76.984893,0.11,241.9,1,10,0.8
2024-03-25T23:11:59Z,26.356823,-76.984893,0.01,12.7,1,9,1.0
2024-03-25T23:12:04Z,26.356822,-76.984890,0.12,345.1,1,10,0.8
2024-03-25T23:12:09Z,26.356823,-76.984892,0.16,219.5,1,10,0.8
2024-03-25T23:12:14Z,26.356818,-76.984892,0.19,186.6,1,10,0.8
2024-03-25T23:12:19Z,26.356817,-76.984892,0.09,150.7,1,10,0.8
2024-03-25T23:12:24Z,26.356810,-76.984892,0.12,183.4,1,10,0.8
2024-03-25T23:12:29Z,26.356808,-76.984898,0.58,150.8,1,10,0.8
2024-03-25T23:12:34Z,26.356812,-76.984905,0.74,324.1,1,10,0.8
2024-03-25T23:12:39Z,26.356817,-76.984910,0.34,308.1,1,10,0.8
2024-03-25T23:12:44Z,26.356823,-76.984907,0.26,54.1,1,10,0.8
2024-03-25T23:12:49Z,26.356825,-76.984903,0.17,34.8,1,10,0.8
2024-03-25T23:12:54Z,26.356830,-76.984902,0.17,340.6,1,10,0.8
2024-03-25T23:12:59Z,26.356833,-76.984902,0.19,346.0,1,10,0.8
2024-03-25T23:13:04Z,26.356840,-76.984905,0.21,337.4,1,10,0.8
2024-03-25T23:13:09Z,26.356843,-76.984905,0.04,82.4,2,10,0.8
2024-03-25T23:13:14Z,26.356837,-76.984898,0.35,54.9,2,9,1.0
2024-03-25T23:13:19Z,26.356837,-76.984907,0.10,53.0,2,10,0.8
2024-03-25T23:13:24Z,26.356842,-76.984910,0.32,5.7,2,10,0.8
2024-03-25T23:13:29Z,26.356845,-76.984905,0.42,86.6,1,10,0.8
2024-03-25T23:13:34Z,26.356845,-76.984900,0.30,110.2,1,10,0.8
2024-03-25T23:13:39Z,26.356848,-76.984900,0.12,59.4,1,10,0.8
2024-03-25T23:13:44Z,26.356852,-76.984903,0.05,131.3,1,10,0.8
2024-03-25T23:13:49Z,26.356852,-76.984905,0.05,16.6,1,10,0.8
2024-03-25T23:13:54Z,26.356853,-76.984907,0.06,210.5,1,10,0.8
2024-03-25T23:13:59Z,26.356852,-76.984908,0.08,122.7,1,10,0.8
2024-03-25T23:14:04Z,26.356850,-76.984908,0.14,308.6,1,10,0.8
2024-03-25T23:14:09Z,26.356850,-76.984908,0.18,128.2,1,10,0.8
2024-03-25T23:14:19Z,26.356832,-76.984902,0.56,160.8,1,10,0.8
2024-03-25T23:14:24Z,26.356830,-76.984897,0.14,120.3,1,10,0.8
2024-03-25T23:14:29Z,26.356827,-76.984897,0.21,207.9,1,10,0.8
2024-03-25T23:14:34Z,26.356825,-76.984900,0.23,323.7,1,10,0.8
2024-03-25T23:14:39Z,26.356825,-76.984902,0.39,235.8,1,10,0.8
2024-03-25T23:14:44Z,26.356823,-76.984907,0.17,196.7,1,10,0.8
2024-03-25T23:14:54Z,26.356828,-76.984900,0.10,81.7,1,9,1.0
2024-03-25T23:14:59Z,26.356832,-76.984897,0.58,349.2,1,10,0.8
2024-03-25T23:15:04Z,26.356830,-76.984897,0.51,163.0,1,10,0.8
2024-03-25T23:15:09Z,26.356827,-76.984897,0.12,170.6,1,9,1.0
2024-03-25T23:15:14Z,26.356828,-76.984900,0.18,99.8,1,10,0.8
2024-03-25T23:15:19Z,26.356835,-76.984903,0.22,175.8,1,10,0.8
2024-03-25T23:15:24Z,26.356835,-76.984905,0.11,244.0,1,10,0.8
2024-03-25T23:15:29Z,26.356835,-76.984908,0.20,2.2,1,10,0.8
2024-03-25T23:15:34Z,26.356835,-76.984907,0.03,314.1,1,10,0.8
2024-03-25T23:15:39Z,26.356833,-76.984903,0.16,86.8,1,10,0.8
2024-03-25T23:15:44Z,26.356833,-76.984902,0.26,350.4,1,10,0.8
2024-03-25T23:15:49Z,26.356833,-76.984900,0.22,135.2,1,10,0.8
2024-03-25T23:15:54Z,26.356827,-76.984898,0.06,122.7,1,10,0.8
2024-03-25T23:16:04Z,26.356823,-76.984893,0.15,87.3,1,10,0.8
2024-03-25T23:16:09Z,26.356818,-76.984897,0.20,298.9,1,10,0.8
2024-03-25T23:16:14Z,26.356820,-76.984900,0.33,126.3,1,9,1.0
2024-03-25T23:16:19Z,26.356820,-76.984900,0.08,38.0,1,9,1.0
2024-03-25T23:16:24Z,26.356818,-76.984900,0.19,40.6,1,10,0.8
2024-03-25T23:16:29Z,26.356822,-76.984902,0.18,3.7,1,10,0.8
2024-03-25T23:16:39Z,26.356827,-76.984907,0.11,131.4,1,10,0.8
2024-03-25T23:16:44Z,26.356842,-76.984903,0.22,137.5,1,10,0.8
2024-03-25T23:16:49Z,26.356848,-76.984907,0.16,2.1,1,10,0.8
2024-03-25T23:16:54Z,26.356848,-76.984910,0.29,353.4,1,10,0.8
2024-03-25T23:16:59Z,26.356850,-76.984908,0.08,35.3,1,10,0.8
2024-03-25T23:17:04Z,26.356852,-76.984907,0.28,56.6,1,10,0.8
2024-03-25T23:17:09Z,26.356852,-76.984903,0.19,147.2,1,10,0.8
2024-03-25T23:17:14Z,26.356848,-76.984900,0.10,36.2,1,10,0.8
2024-03-25T23:17:19Z,26.356848,-76.984897,0.27,128.9,1,10,0.8
2024-03-25T23:17:24Z,26.356845,-76.984893,0.17,333.8,1,10,0.8
2024-03-25T23:17:29Z,26.356848,-76.984895,0.15,316.9,1,10,0.8
2024-03-25T23:17:34Z,26.356850,-76.984898,0.26,328.8,1,10,0.8
2024-03-25T23:17:39Z,26.356847,-76.984898,0.08,257.3,1,10,0.8
2024-03-25T23:17:49Z,26.356842,-76.984890,0.33,107.8,1,10,0.8
2024-03-25T23:17:54Z,26.356843,-76.984883,0.26,100.7,1,10,0.8
2024-03-25T23:17:59Z,26.356845,-76.984877,0.30,122.2,1,9,0.9
2024-03-25T23:18:04Z,26.356837,-76.984872,0.53,157.1,1,10,0.8
2024-03-25T23:18:09Z,26.356825,-76.984868,0.42,175.4,1,10,0.8
2024-03-25T23:18:14Z,26.356818,-76.984868,0.32,164.8,1,10,0.8
2024-03-25T23:18:24Z,26.356818,-76.984875,0.29,192.9,1,10,0.8
2024-03-25T23:18:29Z,26.356815,-76.984880,0.19,216.2,1,10,0.8
2024-03-25T23:18:34Z,26.356812,-76.984888,0.17,197.0,1,10,0.8
2024-03-25T23:18:39Z,26.356812,-76.984895,0.30,225.3,1,10,0.8
2024-03-25T23:18:44Z,26.356812,-76.984902,0.16,248.6,1,10,0.8
2024-03-25T23:18:49Z,26.356810,-76.984903,0.13,244.1,1,10,0.8
2024-03-25T23:18:54Z,26.356812,-76.984905,0.39,346.2,1,10,0.8
2024-03-25T23:18:59Z,26.356810,-76.984900,0.12,38.5,1,10,0.8
2024-03-25T23:19:04Z,26.356810,-76.984898,0.08,352.9,1,10,0.8
2024-03-25T23:19:09Z,26.356810,-76.984902,0.13,336.8,1,10,0.8
2024-03-25T23:19:14Z,26.356813,-76.984903,0.08,287.7,1,10,0.8
2024-03-25T23:19:19Z,26.356812,-76.984905,0.03,143.9,1,10,0.8
2024-03-25T23:19:24Z,26.356820,-76.984910,0.04,242.0,1,10,0.8
2024-03-25T23:19:29Z,26.356822,-76.984910,0.22,179.9,1,9,1.0
2024-03-25T23:19:34Z,26.356820,-76.984908,0.34,124.0,1,10,0.8
2024-03-25T23:19:39Z,26.356813,-76.984903,0.40,130.7,1,10,0.8
2024-03-25T23:19:44Z,26.356810,-76.984900,0.28,151.4,1,10,0.8
2024-03-25T23:19:49Z,26.356808,-76.984895,0.24,106.8,1,10,0.8
2024-03-25T23:19:54Z,26.356805,-76.984888,0.13,116.4,1,10,0.8
2024-03-25T23:19:59Z,26.356798,-76.984890,0.03,204.7,1,10,0.8
2024-03-25T23:20:09Z,26.356798,-76.984888,0.30,204.9,1,10,0.8
2024-03-25T23:20:14Z,26.356793,-76.984895,0.32,213.1,1,10,0.8
2024-03-25T23:20:19Z,26.356793,-76.984905,0.42,262.6,1,10,0.8
2024-03-25T23:20:24Z,26.356795,-76.984908,0.11,65.3,1,10,0.8
2024-03-25T23:20:29Z,26.356800,-76.984908,0.19,90.4,1,9,1.0
2024-03-25T23:20:34Z,26.356805,-76.984905,0.23,63.2,1,10,0.8
2024-03-25T23:20:44Z,26.356820,-76.984900,0.29,344.0,1,10,0.8
2024-03-25T23:20:49Z,26.356823,-76.984895,0.94,324.1,1,10,0.8
2024-03-25T23:20:54Z,26.356828,-76.984893,0.09,124.3,1,10,0.8
2024-03-25T23:20:59Z,26.356832,-76.984898,0.28,296.4,1,10,0.8
2024-03-25T23:21:04Z,26.356830,-76.984900,0.43,299.8,1,10,0.8
2024-03-25T23:21:09Z,26.356830,-76.984903,0.65,137.1,1,10,0.8
2024-03-25T23:21:14Z,26.356833,-76.984908,0.29,239.8,1,10,0.8
2024-03-25T23:21:19Z,26.356830,-76.984912,0.12,244.6,1,10,0.8
2024-03-25T23:21:24Z,26.356832,-76.984915,0.06,103.1,1,10,0.8
2024-03-25T23:21:29Z,26.356830,-76.984907,0.37,126.0,1,10,0.8
2024-03-25T23:21:34Z,26.356827,-76.984898,0.29,109.1,1,10,0.8
2024-03-25T23:21:39Z,26.356825,-76.984892,0.29,125.8,1,10,0.8
2024-03-25T23:21:44Z,26.356822,-76.984888,0.10,21.5,1,10,0.8
2024-03-25T23:21:49Z,26.356817,-76.984885,0.29,144.6,1,10,0.8
2024-03-25T23:21:54Z,26.356810,-76.984882,0.13,131.8,1,10,0.8
2024-03-25T23:21:59Z,26.356807,-76.984877,0.16,94.6,1,10,0.8
2024-03-25T23:22:04Z,26.356805,-76.984877,0.06,14.2,1,10,0.8
2024-03-25T23:22:09Z,26.356807,-76.984878,0.15,175.1,1,10,0.8
2024-03-25T23:22:14Z,26.356803,-76.984878,0.03,242.7,1,10,0.8
2024-03-25T23:22:19Z,26.356800,-76.984878,0.22,184.4,1,9,0.9
2024-03-25T23:22:24Z,26.356793,-76.984885,0.16,244.2,1,10,0.8
2024-03-25T23:22:29Z,26.356787,-76.984888,0.52,173.9,1,10,0.8
2024-03-25T23:22:34Z,26.356787,-76.984893,0.17,250.4,1,10,0.8
2024-03-25T23:22:39Z,26.356790,-76.984898,0.18,219.0,1,10,0.8
2024-03-25T23:22:44Z,26.356787,-76.984898,0.42,165.7,1,9,0.9
2024-03-25T23:22:49Z,26.356790,-76.984907,0.18,105.9,1,10,0.8
2024-03-25T23:22:54Z,26.356798,-76.984903,0.21,49.5,1,10,0.8
2024-03-25T23:23:04Z,26.356797,-76.984895,0.17,173.3,1,10,0.8
2024-03-25T23:23:09Z,26.356792,-76.984893,0.14,175.3,1,10,0.8
2024-03-25T23:23:14Z,26.356790,-76.984892,0.20,209.8,1,10,0.8
2024-03-25T23:23:19Z,26.356788,-76.984895,0.24,219.3,1,9,0.9
2024-03-25T23:23:24Z,26.356780,-76.984897,0.71,167.6,1,10,0.8
2024-03-25T23:23:29Z,26.356782,-76.984897,0.08,20.8,1,9,0.9
2024-03-25T23:23:39Z,26.356793,-76.984897,0.17,354.8,1,10,0.8
2024-03-25T23:23:44Z,26.356800,-76.984898,0.28,0.0,1,10,0.8
2024-03-25T23:23:49Z,26.356805,-76.984893,0.20,78.0,1,10,0.8
2024-03-25T23:23:54Z,26.356808,-76.984888,0.17,58.4,1,10,0.8
2024-03-25T23:23:59Z,26.356810,-76.984887,0.26,158.9,1,10,0.8
2024-03-25T23:24:04Z,26.356808,-76.984888,0.27,178.0,1,10,0.8
2024-03-25T23:24:09Z,26.356808,-76.984897,0.43,315.3,1,10,0.8
2024-03-25T23:24:14Z,26.356810,-76.984903,0.60,321.9,1,10,0.8
2024-03-25T23:24:19Z,26.356812,-76.984908,0.17,228.9,1,10,0.8
2024-03-25T23:24:24Z,26.356812,-76.984912,0.14,159.5,1,10,0.8
2024-03-25T23:24:29Z,26.356812,-76.984913,0.07,220.2,1,10,0.8
2024-03-25T23:24:34Z,26.356812,-76.984913,0.20,126.8,1,10,0.8
2024-03-25T23:24:39Z,26.356812,-76.984912,0.31,359.7,1,10,0.8
2024-03-25T23:24:44Z,26.356815,-76.984910,0.07,347.0,1,10,0.8
2024-03-25T23:24:49Z,26.356817,-76.984903,0.08,152.6,1,10,0.8
2024-03-25T23:24:54Z,26.356815,-76.984900,0.15,119.7,1,10,0.8
2024-03-25T23:24:59Z,26.356813,-76.984898,0.10,147.6,1,10,0.8
2024-03-25T23:25:04Z,26.356813,-76.984897,0.29,107.0,1,9,0.9
2024-03-25T23:25:09Z,26.356813,-76.984895,0.21,163.0,1,10,0.8
2024-03-25T23:25:14Z,26.356815,-76.984897,0.16,80.1,1,10,0.8
2024-03-25T23:25:19Z,26.356815,-76.984898,0.02,318.1,1,10,0.8
2024-03-25T23:25:24Z,26.356817,-76.984895,0.15,97.5,1,10,0.8
2024-03-25T23:25:29Z,26.356813,-76.984890,0.24,188.5,1,10,0.8
2024-03-25T23:25:34Z,26.356808,-76.984893,0.29,152.1,1,10,0.8
2024-03-25T23:25:39Z,26.356807,-76.984893,0.01,96.4,1,10,0.8
2024-03-25T23:25:44Z,26.356807,-76.984895,0.13,275.2,1,10,0.8
2024-03-25T23:25:49Z,26.356805,-76.984895,0.07,194.2,1,10,0.8
2024-03-25T23:25:54Z,26.356805,-76.984895,0.25,264.6,1,10,0.8
2024-03-25T23:25:59Z,26.356802,-76.984897,0.20,201.5,1,10,0.8
2024-03-25T23:26:04Z,26.356797,-76.984900,0.22,169.3,1,10,0.8
2024-03-25T23:26:09Z,26.356797,-76.984900,0.12,335.0,1,10,0.8
2024-03-25T23:26:14Z,26.356797,-76.984902,0.12,134.0,1,10,0.8
2024-03-25T23:26:19Z,26.356802,-76.984900,0.23,141.3,1,10,0.8
2024-03-25T23:26:24Z,26.356803,-76.984898,0.07,126.3,1,10,0.8
2024-03-25T23:26:29Z,26.356803,-76.984897,0.11,116.5,1,10,0.8
2024-03-25T23:26:34Z,26.356802,-76.984897,0.13,113.7,1,10,0.8
2024-03-25T23:26:39Z,26.356798,-76.984892,0.29,161.7,1,10,0.8
2024-03-25T23:26:44Z,26.356795,-76.984892,0.20,178.6,1,10,0.8
2024-03-25T23:26:49Z,26.356792,-76.984890,0.32,176.6,1,10,0.8
2024-03-25T23:26:54Z,26.356790,-76.984892,0.09,224.7,1,10,0.8
2024-03-25T23:26:59Z,26.356790,-76.984893,0.25,181.2,1,10,0.8
2024-03-25T23:27:04Z,26.356787,-76.984893,0.09,325.9,1,10,0.8
2024-03-25T23:27:09Z,26.356793,-76.984897,0.07,22.0,1,9,0.9
2024-03-25T23:27:14Z,26.356807,-76.984900,0.15,31.6,1,10,0.8
2024-03-25T23:27:19Z,26.356812,-76.984902,0.15,356.4,1,10,0.8
2024-03-25T23:27:24Z,26.356815,-76.984900,0.03,333.6,1,10,0.8
2024-03-25T23:27:29Z,26.356817,-76.984898,0.06,143.6,1,10,0.8
2024-03-25T23:27:34Z,26.356818,-76.984898,0.05,20.8,1,10,0.8
2024-03-25T23:27:39Z,26.356822,-76.984898,0.35,310.7,1,10,0.8
2024-03-25T23:27:44Z,26.356823,-76.984903,0.39,167.8,1,10,0.8
2024-03-25T23:27:49Z,26.356823,-76.984902,0.15,168.5,1,10,0.8
2024-03-25T23:27:54Z,26.356827,-76.984902,0.07,6.0,1,10,0.8
2024-03-25T23:27:59Z,26.356832,-76.984903,0.09,24.0,1,10,0.8
2024-03-25T23:28:04Z,26.356827,-76.984900,0.28,149.8,1,10,0.8
2024-03-25T23:28:09Z,26.356827,-76.984898,0.01,144.3,1,10,0.8
2024-03-25T23:28:14Z,26.356825,-76.984900,0.04,217.1,1,10,0.8
2024-03-25T23:28:19Z,26.356825,-76.984903,0.14,186.2,1,10,0.8
2024-03-25T23:28:24Z,26.356828,-76.984905,0.11,77.1,1,10,0.8
2024-03-25T23:28:29Z,26.356832,-76.984903,0.16,102.4,1,10,0.8
2024-03-25T23:28:34Z,26.356835,-76.984900,0.25,20.9,1,10,0.8
2024-03-25T23:28:39Z,26.356838,-76.984897,0.29,65.2,1,10,0.8
2024-03-25T23:28:44Z,26.356840,-76.984897,0.17,182.2,1,10,0.8
2024-03-25T23:28:49Z,26.356842,-76.984898,0.17,220.3,1,10,0.8
2024-03-25T23:28:59Z,26.356848,-76.984903,0.09,83.0,1,10,0.8
2024-03-25T23:29:04Z,26.356850,-76.984903,0.21,193.0,1,10,0.8
2024-03-25T23:29:09Z,26.356850,-76.984900,0.11,95.5,1,10,0.8
2024-03-25T23:29:14Z,26.356848,-76.984900,0.13,129.6,1,10,0.8
2024-03-25T23:29:19Z,26.356847,-76.984898,0.09,74.2,1,10,0.8
2024-03-25T23:29:24Z,26.356843,-76.984898,0.06,168.8,1,10,0.8
2024-03-25T23:29:29Z,26.356840,-76.984900,0.11,298.2,1,10,0.8
2024-03-25T23:29:34Z,26.356838,-76.984900,0.20,167.9,1,10,0.8
2024-03-25T23:29:39Z,26.356832,-76.984900,0.22,187.4,1,10,0.8
2024-03-25T23:29:44Z,26.356827,-76.984903,0.08,184.2,1,10,0.8
2024-03-25T23:29:49Z,26.356832,-76.984902,0.13,195.8,1,10,0.8
2024-03-25T23:29:54Z,26.356830,-76.984902,0.16,251.0,1,10,0.8
2024-03-25T23:30:04Z,26.356827,-76.984908,0.10,271.0,1,10,0.8
2024-03-25T23:30:09Z,26.356825,-76.984912,0.23,323.5,1,10,0.8
2024-03-25T23:30:14Z,26.356822,-76.984908,0.20,147.7,1,10,0.8
2024-03-25T23:30:19Z,26.356823,-76.984907,0.19,53.4,1,10,0.8
2024-03-25T23:30:24Z,26.356825,-76.984905,0.18,173.5,1,10,0.8
2024-03-25T23:30:34Z,26.356825,-76.984903,0.12,12.2,1,10,0.8
2024-03-25T23:30:39Z,26.356822,-76.984903,0.16,194.9,1,10,0.8
2024-03-25T23:30:44Z,26.356817,-76.984903,0.43,174.5,1,10,0.8
2024-03-25T23:30:49Z,26.356815,-76.984900,0.07,247.1,1,10,0.8
2024-03-25T23:30:54Z,26.356813,-76.984897,0.04,16.4,1,10,0.8
2024-03-25T23:31:04Z,26.356815,-76.984888,0.45,176.7,1,10,0.8
2024-03-25T23:31:09Z,26.356812,-76.984888,0.10,136.4,1,10,0.8
2024-03-25T23:31:14Z,26.356810,-76.984888,0.24,170.6,1,10,0.8
2024-03-25T23:31:19Z,26.356810,-76.984890,0.05,287.8,1,10,0.8
2024-03-25T23:31:24Z,26.356808,-76.984888,0.15,253.9,1,10,0.8
2024-03-25T23:31:29Z,26.356808,-76.984892,0.28,316.0,1,8,1.0
2024-03-25T23:31:39Z,26.356812,-76.984895,0.13,50.7,1,10,0.8
2024-03-25T23:31:44Z,26.356805,-76.984890,0.42,157.9,1,9,0.9
2024-03-25T23:31:49Z,26.356808,-76.984890,0.14,336.4,1,10,0.8
2024-03-25T23:31:54Z,26.356805,-76.984887,0.10,140.5,1,10,0.8
2024-03-25T23:31:59Z,26.356805,-76.984882,0.29,151.7,1,10,0.8
2024-03-25T23:32:04Z,26.356797,-76.984882,0.27,161.7,1,9,0.9
2024-03-25T23:32:14Z,26.356793,-76.984887,0.20,294.7,1,9,0.9
2024-03-25T23:32:19Z,26.356793,-76.984895,0.23,255.2,1,9,0.9
2024-03-25T23:32:24Z,26.356798,-76.984903,0.15,260.4,1,10,0.8
2024-03-25T23:32:29Z,26.356798,-76.984900,0.15,88.0,1,10,0.8
2024-03-25T23:32:34Z,26.356800,-76.984898,0.12,32.6,1,10,0.8
2024-03-25T23:32:39Z,26.356797,-76.984893,0.12,327.5,1,10,0.8
2024-03-25T23:32:44Z,26.356798,-76.984898,0.16,302.4,1,10,0.8
2024-03-25T23:32:49Z,26.356803,-76.984905,0.12,173.2,1,10,0.8
2024-03-25T23:32:54Z,26.356800,-76.984900,0.11,147.2,1,10,0.8
2024-03-25T23:32:59Z,26.356793,-76.984898,0.06,90.4,1,10,0.8
2024-03-25T23:33:04Z,26.356795,-76.984895,0.08,3.8,1,10,0.8
2024-03-25T23:33:09Z,26.356795,-76.984893,0.80,323.2,2,10,0.8
2024-03-25T23:33:14Z,26.356790,-76.984893,0.55,167.1,2,10,0.8
2024-03-25T23:33:19Z,26.356792,-76.984897,0.35,304.2,2,10,0.8
2024-03-25T23:33:29Z,26.356800,-76.984908,0.30,67.7,2,10,0.8
2024-03-25T23:33:34Z,26.356807,-76.984908,0.07,178.0,2,10,0.8
2024-03-25T23:33:39Z,26.356812,-76.984907,0.23,83.2,2,10,0.8
2024-03-25T23:33:44Z,26.356815,-76.984905,0.06,328.8,2,10,0.8
2024-03-25T23:33:49Z,26.356818,-76.984907,0.11,7.1,2,10,0.8
2024-03-25T23:33:54Z,26.356817,-76.984905,0.26,119.6,2,10,0.8
2024-03-25T23:33:59Z,26.356817,-76.984897,0.34,108.7,1,10,0.8
2024-03-25T23:34:04Z,26.356815,-76.984897,0.26,192.1,1,10,0.8
2024-03-25T23:34:09Z,26.356813,-76.984892,0.08,155.5,1,10,0.8
2024-03-25T23:34:14Z,26.356817,-76.984887,0.32,72.5,1,9,0.9
2024-03-25T23:34:19Z,26.356817,-76.984882,0.20,92.4,1,10,0.8
2024-03-25T23:34:24Z,26.356815,-76.984888,0.26,191.3,1,10,0.8
2024-03-25T23:34:29Z,26.356805,-76.984895,0.19,171.4,1,10,0.8
2024-03-25T23:34:34Z,26.356803,-76.984898,0.16,221.6,1,10,0.8
2024-03-25T23:34:39Z,26.356798,-76.984902,0.15,269.0,1,10,0.8
2024-03-25T23:34:44Z,26.356797,-76.984905,0.22,243.3,1,10,0.8
2024-03-25T23:34:49Z,26.356800,-76.984907,0.61,354.6,1,10,0.8
2024-03-25T23:34:54Z,26.356800,-76.984902,0.08,356.9,1,10,0.8
2024-03-25T23:34:59Z,26.356802,-76.984898,0.18,298.7,1,10,0.8
2024-03-25T23:35:09Z,26.356803,-76.984905,0.22,351.5,1,10,0.8
2024-03-25T23:35:14Z,26.356800,-76.984902,0.35,335.6,1,10,0.8
2024-03-25T23:35:19Z,26.356798,-76.984898,0.18,161.2,1,10,0.8
2024-03-25T23:35:24Z,26.356798,-76.984898,0.27,274.9,1,10,0.8
2024-03-25T23:35:29Z,26.356802,-76.984903,0.05,210.0,1,10,0.8
2024-03-25T23:35:34Z,26.356802,-76.984902,0.17,178.0,1,10,0.8
2024-03-25T23:35:39Z,26.356797,-76.984897,0.12,7.0,1,10,0.8
2024-03-25T23:35:44Z,26.356810,-76.984900,0.05,300.2,1,10,0.8
2024-03-25T23:35:49Z,26.356815,-76.984900,0.05,307.5,1,10,0.8
2024-03-25T23:35:54Z,26.356822,-76.984905,0.09,71.8,1,10,0.8
2024-03-25T23:35:59Z,26.356828,-76.984908,0.32,340.7,1,10,0.8
2024-03-25T23:36:04Z,26.356838,-76.984908,0.30,326.9,1,9,0.9
2024-03-25T23:36:09Z,26.356845,-76.984908,0.01,119.0,1,9,0.9
2024-03-25T23:36:19Z,26.356847,-76.984912,0.37,316.5,1,9,0.9
2024-03-25T23:36:24Z,26.356848,-76.984912,0.12,335.3,1,9,0.9
2024-03-25T23:36:29Z,26.356850,-76.984908,0.04,52.5,1,9,0.9
2024-03-25T23:36:34Z,26.356850,-76.984908,0.06,173.1,1,9,0.9
2024-03-25T23:36:39Z,26.356858,-76.984912,0.14,293.7,1,9,0.9
2024-03-25T23:36:49Z,26.356853,-76.984913,0.09,2.1,1,9,0.9
2024-03-25T23:36:54Z,26.356855,-76.984912,0.03,261.9,1,9,0.9
2024-03-25T23:36:59Z,26.356857,-76.984908,0.09,133.3,1,9,0.9
2024-03-25T23:37:04Z,26.356858,-76.984907,0.08,228.7,1,9,0.9
2024-03-25T23:37:09Z,26.356862,-76.984905,0.05,143.1,1,9,0.9
2024-03-25T23:37:19Z,26.356858,-76.984903,0.22,227.3,1,9,0.9
2024-03-25T23:37:24Z,26.356860,-76.984908,0.12,233.2,1,9,0.9
2024-03-25T23:37:29Z,26.356857,-76.984913,0.12,148.3,1,9,0.9
2024-03-25T23:37:34Z,26.356855,-76.984908,0.29,95.4,1,9,0.9
2024-03-25T23:37:39Z,26.356853,-76.984905,0.21,150.4,1,9,0.9
2024-03-25T23:37:49Z,26.356853,-76.984898,0.11,229.5,1,9,0.9
2024-03-25T23:37:54Z,26.356850,-76.984905,0.15,272.5,1,9,0.9
2024-03-25T23:37:59Z,26.356842,-76.984908,0.29,210.7,1,9,0.9
2024-03-25T23:38:04Z,26.356837,-76.984908,0.18,199.9,1,9,0.9
2024-03-25T23:38:09Z,26.356835,-76.984908,0.15,221.5,1,9,0.9
2024-03-25T23:38:19Z,26.356838,-76.984907,0.07,140.9,1,9,0.9
2024-03-25T23:38:24Z,26.356840,-76.984902,0.13,30.2,1,9,0.9
2024-03-25T23:38:29Z,26.356845,-76.984902,0.39,330.2,1,9,0.9
2024-03-25T23:38:34Z,26.356850,-76.984903,0.10,325.5,1,9,0.9
2024-03-25T23:38:39Z,26.356853,-76.984908,0.21,45.7,1,9,0.9
2024-03-25T23:38:49Z,26.356860,-76.984903,0.22,182.9,1,9,0.9
2024-03-25T23:38:54Z,26.356860,-76.984905,0.08,162.7,1,9,0.9
2024-03-25T23:38:59Z,26.356863,-76.984907,0.22,287.1,1,9,0.9
2024-03-25T23:39:04Z,26.356865,-76.984908,0.11,53.2,1,8,0.9
2024-03-25T23:39:09Z,26.356867,-76.984905,0.26,32.1,1,8,0.9
2024-03-25T23:39:19Z,26.356867,-76.984890,0.44,155.2,1,9,0.9
2024-03-25T23:39:24Z,26.356867,-76.984892,0.19,107.0,1,9,0.9
2024-03-25T23:39:29Z,26.356860,-76.984892,0.17,152.7,1,9,0.9
2024-03-25T23:39:34Z,26.356862,-76.984888,0.26,207.3,1,9,0.9
2024-03-25T23:39:39Z,26.356863,-76.984892,0.05,150.9,1,9,0.9
2024-03-25T23:39:44Z,26.356862,-76.984893,0.25,144.5,1,9,0.9
2024-03-25T23:39:49Z,26.356858,-76.984892,0.25,162.5,1,8,0.9
2024-03-25T23:39:54Z,26.356855,-76.984892,0.14,230.3,1,9,0.9
2024-03-25T23:39:59Z,26.356845,-76.984897,0.11,119.5,1,9,0.9
2024-03-25T23:40:04Z,26.356842,-76.984898,0.12,176.1,1,9,0.9
2024-03-25T23:40:09Z,26.356835,-76.984902,0.32,183.4,1,9,0.9
2024-03-25T23:40:14Z,26.356830,-76.984900,0.04,250.0,1,9,0.9
2024-03-25T23:40:24Z,26.356822,-76.984902,0.06,1.7,1,9,0.9
2024-03-25T23:40:29Z,26.356818,-76.984907,0.39,180.6,1,9,0.9
2024-03-25T23:40:34Z,26.356813,-76.984912,0.34,204.3,1,9,0.9
2024-03-25T23:40:39Z,26.356812,-76.984915,0.17,250.8,1,9,0.9
2024-03-25T23:40:44Z,26.356812,-76.984913,0.17,102.0,1,9,0.9
2024-03-25T23:40:49Z,26.356812,-76.984912,0.08,276.9,1,9,0.9
2024-03-25T23:40:54Z,26.356812,-76.984912,0.44,178.3,1,9,0.9
2024-03-25T23:40:59Z,26.356812,-76.984912,0.11,254.6,1,9,0.9
2024-03-25T23:41:04Z,26.356813,-76.984912,0.07,196.9,1,9,0.9
2024-03-25T23:41:09Z,26.356812,-76.984910,0.02,315.1,1,9,0.9
2024-03-25T23:41:14Z,26.356812,-76.984910,0.02,323.8,1,9,0.9
2024-03-25T23:41:19Z,26.356802,-76.984907,0.14,234.5,1,9,0.9
2024-03-25T23:41:24Z,26.356795,-76.984898,0.28,128.7,1,9,0.9
2024-03-25T23:41:29Z,26.356790,-76.984893,0.17,117.8,1,9,0.9
2024-03-25T23:41:34Z,26.356787,-76.984888,0.35,107.3,1,9,0.9
2024-03-25T23:41:39Z,26.356787,-76.984887,0.17,177.1,1,9,0.9
2024-03-25T23:41:44Z,26.356788,-76.984888,0.24,235.3,1,9,0.9
2024-03-25T23:41:49Z,26.356788,-76.984887,0.02,96.0,1,9,0.9
2024-03-25T23:41:54Z,26.356795,-76.984888,0.07,288.5,1,9,0.9
2024-03-25T23:41:59Z,26.356800,-76.984895,0.19,245.2,1,9,0.9
2024-03-25T23:42:04Z,26.356802,-76.984902,0.26,254.1,1,8,1.1
2024-03-25T23:42:09Z,26.356805,-76.984907,0.48,300.3,1,9,0.9
2024-03-25T23:42:14Z,26.356808,-76.984905,0.24,81.0,1,9,0.9
2024-03-25T23:42:19Z,26.356812,-76.984898,0.33,29.2,1,9,0.9
2024-03-25T23:42:24Z,26.356818,-76.984895,0.08,57.5,1,9,0.9
2024-03-25T23:42:34Z,26.356828,-76.984895,0.47,158.3,1,9,0.9
2024-03-25T23:42:39Z,26.356838,-76.984898,0.10,307.0,1,9,0.9
2024-03-25T23:42:44Z,26.356818,-76.984892,0.39,159.6,1,9,0.9
2024-03-25T23:42:49Z,26.356815,-76.984882,0.11,60.1,1,9,0.9
2024-03-25T23:42:54Z,26.356807,-76.984878,0.19,333.8,1,9,0.9
2024-03-25T23:42:59Z,26.356815,-76.984887,0.44,166.0,1,9,0.9
2024-03-25T23:43:09Z,26.356823,-76.984903,0.17,283.5,1,9,0.9
2024-03-25T23:43:14Z,26.356825,-76.984907,0.13,244.4,1,9,0.9
2024-03-25T23:43:19Z,26.356828,-76.984908,0.16,86.9,1,9,0.9
2024-03-25T23:43:24Z,26.356832,-76.984908,0.04,145.4,1,9,0.9
2024-03-25T23:43:29Z,26.356833,-76.984908,0.15,300.9,1,9,0.9
2024-03-25T23:43:34Z,26.356837,-76.984910,0.23,8.6,1,9,0.9
2024-03-25T23:43:39Z,26.356838,-76.984910,0.15,232.8,1,9,0.9
2024-03-25T23:43:44Z,26.356843,-76.984915,0.19,323.6,1,9,0.9
2024-03-25T23:43:49Z,26.356850,-76.984915,0.17,359.1,1,9,0.9
2024-03-25T23:43:54Z,26.356855,-76.984915,0.12,131.2,1,9,0.9
2024-03-25T23:43:59Z,26.356862,-76.984913,0.29,22.4,1,9,0.9
2024-03-25T23:44:04Z,26.356868,-76.984912,0.15,41.0,1,9,0.9
2024-03-25T23:44:14Z,26.356878,-76.984907,0.04,334.2,1,9,0.9
2024-03-25T23:44:19Z,26.356875,-76.984905,0.27,302.5,1,9,0.9
2024-03-25T23:44:24Z,26.356873,-76.984903,0.11,98.6,1,9,0.9
2024-03-25T23:44:29Z,26.356870,-76.984895,0.35,84.7,1,9,0.9
2024-03-25T23:44:34Z,26.356868,-76.984885,0.17,93.7,1,9,0.9
2024-03-25T23:44:39Z,26.356865,-76.984880,0.21,126.7,1,8,1.0
2024-03-25T23:44:49Z,26.356857,-76.984873,0.18,197.9,1,9,0.9
2024-03-25T23:44:54Z,26.356850,-76.984875,0.56,203.8,1,9,0.9
2024-03-25T23:44:59Z,26.356840,-76.984878,0.24,184.0,1,9,0.9
2024-03-25T23:45:04Z,26.356837,-76.984878,0.09,309.1,1,9,0.9
2024-03-25T23:45:09Z,26.356842,-76.984882,0.25,253.7,1,9,0.9
2024-03-25T23:45:19Z,26.356847,-76.984887,0.11,173.2,1,9,0.9
2024-03-25T23:45:24Z,26.356842,-76.984892,0.31,212.1,1,9,0.9
2024-03-25T23:45:29Z,26.356842,-76.984895,0.12,87.5,1,9,0.9
2024-03-25T23:45:34Z,26.356840,-76.984898,0.07,336.9,1,9,0.9
2024-03-25T23:45:39Z,26.356838,-76.984902,0.03,335.0,1,9,0.9
2024-03-25T23:45:49Z,26.356847,-76.984913,0.07,211.2,1,9,0.9
2024-03-25T23:45:54Z,26.356850,-76.984912,0.06,72.7,1,9,0.9
2024-03-25T23:45:59Z,26.356852,-76.984913,0.12,286.5,1,8,1.0
2024-03-25T23:46:04Z,26.356853,-76.984913,0.21,32.4,1,9,0.9
2024-03-25T23:46:09Z,26.356853,-76.984908,0.36,150.0,1,9,0.9
2024-03-25T23:46:14Z,26.356855,-76.984912,0.02,355.5,1,9,0.9
2024-03-25T23:46:19Z,26.356857,-76.984908,0.40,73.5,1,9,0.9
2024-03-25T23:46:24Z,26.356862,-76.984905,0.32,35.7,1,9,0.9
2024-03-25T23:46:29Z,26.356860,-76.984902,0.74,162.4,1,9,0.9
2024-03-25T23:46:34Z,26.356855,-76.984897,0.12,56.8,1,9,0.9
2024-03-25T23:46:39Z,26.356860,-76.984895,0.23,204.0,1,9,0.9
2024-03-25T23:46:49Z,26.356850,-76.984895,0.35,211.7,1,9,0.9
2024-03-25T23:46:54Z,26.356845,-76.984898,0.17,138.3,1,9,0.9
2024-03-25T23:46:59Z,26.356842,-76.984897,0.25,246.9,1,9,0.9
2024-03-25T23:47:04Z,26.356837,-76.984895,0.18,172.4,1,9,0.9
2024-03-25T23:47:09Z,26.356833,-76.984892,0.24,203.4,1,9,0.9
2024-03-25T23:47:14Z,26.356832,-76.984890,0.11,196.2,1,9,0.9
2024-03-25T23:47:19Z,26.356827,-76.984888,0.33,95.6,1,9,0.9
2024-03-25T23:47:24Z,26.356825,-76.984892,0.15,305.2,1,9,0.9
2024-03-25T23:47:29Z,26.356830,-76.984892,0.12,244.7,1,9,0.9
2024-03-25T23:47:34Z,26.356827,-76.984892,0.12,167.1,1,8,1.0
2024-03-25T23:47:39Z,26.356817,-76.984897,0.03,280.0,1,9,0.9
2024-03-25T23:47:49Z,26.356822,-76.984908,0.06,266.9,1,9,0.9
2024-03-25T23:47:54Z,26.356822,-76.984905,0.15,210.3,1,9,0.9
2024-03-25T23:47:59Z,26.356817,-76.984900,0.11,62.3,1,9,0.9
2024-03-25T23:48:04Z,26.356817,-76.984900,0.10,298.0,1,9,0.9
2024-03-25T23:48:09Z,26.356818,-76.984900,0.14,46.2,1,9,0.9
2024-03-25T23:48:19Z,26.356813,-76.984895,0.08,251.8,1,9,0.9
2024-03-25T23:48:24Z,26.356812,-76.984897,0.09,198.3,1,9,0.9
2024-03-25T23:48:29Z,26.356817,-76.984903,0.11,291.2,1,9,0.9
2024-03-25T23:48:34Z,26.356822,-76.984910,0.08,40.1,1,9,0.9
2024-03-25T23:48:39Z,26.356823,-76.984910,0.35,336.7,1,9,0.9
2024-03-25T23:48:44Z,26.356823,-76.984912,0.34,175.2,1,9,0.9
2024-03-25T23:48:54Z,26.356822,-76.984913,0.25,201.7,1,9,0.9
2024-03-25T23:48:59Z,26.356818,-76.984918,0.26,228.7,1,9,0.9
2024-03-25T23:49:04Z,26.356818,-76.984923,0.04,312.8,1,9,0.9
2024-03-25T23:49:09Z,26.356822,-76.984917,0.11,23.2,1,9,0.9
2024-03-25T23:49:14Z,26.356832,-76.984910,0.24,106.1,1,9,0.9
2024-03-25T23:49:24Z,26.356853,-76.984910,0.12,344.1,1,9,0.9
2024-03-25T23:49:29Z,26.356855,-76.984915,0.28,260.1,1,9,0.9
2024-03-25T23:49:34Z,26.356855,-76.984918,0.08,275.4,1,8,1.0
2024-03-25T23:49:39Z,26.356855,-76.984923,0.29,225.6,1,9,0.9
2024-03-25T23:49:44Z,26.356852,-76.984920,0.17,146.0,1,9,0.9
2024-03-25T23:49:49Z,26.356842,-76.984913,0.29,101.5,1,8,1.0
2024-03-25T23:49:54Z,26.356832,-76.984907,0.14,71.8,1,9,0.9
2024-03-25T23:49:59Z,26.356828,-76.984903,0.39,206.2,1,9,0.9
2024-03-25T23:50:04Z,26.356823,-76.984898,0.18,68.0,1,9,0.9
2024-03-25T23:50:09Z,26.356820,-76.984892,0.22,160.6,1,9,0.9
2024-03-25T23:50:14Z,26.356818,-76.984888,0.24,117.8,1,9,0.9
2024-03-25T23:50:24Z,26.356813,-76.984887,0.20,157.7,1,9,0.9
2024-03-25T23:50:29Z,26.356810,-76.984883,0.27,210.0,1,9,0.9
2024-03-25T23:50:34Z,26.356805,-76.984890,0.12,112.3,1,9,0.9
2024-03-25T23:50:39Z,26.356803,-76.984888,0.31,213.0,1,9,0.9
2024-03-25T23:50:44Z,26.356807,-76.984892,0.13,235.6,1,9,0.9
2024-03-25T23:50:54Z,26.356808,-76.984900,0.25,198.1,1,9,0.9
2024-03-25T23:50:59Z,26.356807,-76.984902,0.26,210.9,1,9,0.9
2024-03-25T23:51:04Z,26.356807,-76.984903,0.16,293.4,1,9,0.9
2024-03-25T23:51:09Z,26.356810,-76.984907,0.07,238.2,1,9,0.9
2024-03-25T23:51:14Z,26.356812,-76.984907,0.14,52.8,1,9,0.9
2024-03-25T23:51:19Z,26.356815,-76.984905,0.04,241.0,1,9,0.9
2024-03-25T23:51:24Z,26.356823,-76.984902,0.11,354.4,1,9,0.9
2024-03-25T23:51:29Z,26.356833,-76.984895,0.07,308.8,1,9,0.9
2024-03-25T23:51:34Z,26.356835,-76.984890,0.13,105.8,1,9,0.9
2024-03-25T23:51:39Z,26.356833,-76.984895,0.34,251.7,1,9,0.9
2024-03-25T23:51:44Z,26.356828,-76.984897,0.09,186.1,1,9,0.9
2024-03-25T23:51:54Z,26.356800,-76.984905,0.23,131.2,1,9,0.9
2024-03-25T23:51:59Z,26.356803,-76.984905,0.17,353.9,1,9,0.9
2024-03-25T23:52:04Z,26.356810,-76.984907,0.24,295.1,1,9,0.9
2024-03-25T23:52:09Z,26.356810,-76.984908,0.19,346.4,1,9,0.9
2024-03-25T23:52:14Z,26.356813,-76.984910,0.16,329.9,1,9,0.9
2024-03-25T23:52:24Z,26.356823,-76.984902,0.26,32.4,1,9,0.9
2024-03-25T23:52:29Z,26.356827,-76.984898,0.08,76.3,1,9,0.9
2024-03-25T23:52:34Z,26.356832,-76.984898,0.11,316.7,1,9,0.9
2024-03-25T23:52:39Z,26.356838,-76.984900,0.21,343.1,1,9,0.9
2024-03-25T23:52:44Z,26.356847,-76.984905,1.02,316.1,1,9,0.9
2024-03-25T23:52:54Z,26.356853,-76.984912,0.27,306.5,1,9,0.9
2024-03-25T23:52:59Z,26.356845,-76.984910,0.16,216.5,1,9,0.9
2024-03-25T23:53:04Z,26.356838,-76.984905,0.25,113.3,1,9,0.9
2024-03-25T23:53:09Z,26.356835,-76.984905,0.16,203.8,1,9,0.9
2024-03-25T23:53:14Z,26.356837,-76.984903,0.08,359.9,1,9,0.9
2024-03-25T23:53:19Z,26.356837,-76.984908,0.27,295.8,1,9,0.9
2024-03-25T23:53:24Z,26.356840,-76.984912,0.07,266.7,1,9,0.9
2024-03-25T23:53:29Z,26.356842,-76.984917,0.26,327.2,1,9,0.9
2024-03-25T23:53:34Z,26.356845,-76.984917,0.08,14.9,1,9,0.9
2024-03-25T23:53:39Z,26.356847,-76.984917,0.32,14.6,1,9,0.9
2024-03-25T23:53:49Z,26.356847,-76.984917,0.21,315.1,1,9,0.9
2024-03-25T23:53:54Z,26.356848,-76.984917,0.13,357.1,1,9,0.9
2024-03-25T23:53:59Z,26.356855,-76.984908,0.20,288.2,1,9,0.9
2024-03-25T23:54:04Z,26.356857,-76.984910,0.11,35.8,1,9,0.9
2024-03-25T23:54:09Z,26.356870,-76.984910,0.05,298.6,1,9,0.9
2024-03-25T23:54:14Z,26.356875,-76.984900,0.33,76.1,1,9,0.9
2024-03-25T23:54:19Z,26.356868,-76.984885,0.47,161.4,1,9,0.9
2024-03-25T23:54:24Z,26.356860,-76.984875,0.46,152.4,1,9,0.9
2024-03-25T23:54:29Z,26.356872,-76.984873,0.10,62.1,1,9,0.9
2024-03-25T23:54:34Z,26.356877,-76.984882,0.32,243.7,1,9,0.9
2024-03-25T23:54:44Z,26.356872,-76.984898,0.35,43.6,1,9,0.9
2024-03-25T23:54:49Z,26.356872,-76.984902,0.15,95.4,1,9,0.9
2024-03-25T23:54:54Z,26.356867,-76.984897,0.18,330.3,1,9,0.9
2024-03-25T23:54:59Z,26.356857,-76.984897,0.23,67.1,1,9,0.9
2024-03-25T23:55:04Z,26.356842,-76.984893,0.36,134.8,1,8,1.0
2024-03-25T23:55:09Z,26.356828,-76.984893,0.10,154.3,1,9,0.9
2024-03-25T23:55:14Z,26.356833,-76.984900,0.30,222.4,1,9,0.9
2024-03-25T23:55:19Z,26.356838,-76.984898,0.35,212.3,1,9,0.9
2024-03-25T23:55:24Z,26.356837,-76.984895,0.42,147.9,1,9,0.9
2024-03-25T23:55:29Z,26.356833,-76.984897,0.34,197.7,1,9,0.9
2024-03-25T23:55:34Z,26.356832,-76.984897,0.04,201.6,1,9,0.9
2024-03-25T23:55:39Z,26.356828,-76.984898,0.12,168.3,1,9,0.9
2024-03-25T23:55:44Z,26.356825,-76.984908,0.48,233.3,1,9,0.9
2024-03-25T23:55:49Z,26.356830,-76.984905,0.26,230.4,1,9,0.9
2024-03-25T23:55:54Z,26.356813,-76.984905,0.26,195.7,1,9,0.9
2024-03-25T23:55:59Z,26.356800,-76.984907,0.16,158.7,1,9,0.9
2024-03-25T23:56:09Z,26.356797,-76.984915,0.12,272.1,1,9,0.9
2024-03-25T23:56:14Z,26.356797,-76.984910,0.33,189.8,1,9,0.9
2024-03-25T23:56:19Z,26.356805,-76.984915,0.11,341.9,1,9,0.9
2024-03-25T23:56:24Z,26.356803,-76.984910,0.35,314.1,1,9,0.9
2024-03-25T23:56:29Z,26.356805,-76.984905,0.55,22.4,1,9,0.9
2024-03-25T23:56:34Z,26.356812,-76.984902,0.38,14.7,1,9,0.9
2024-03-25T23:56:39Z,26.356812,-76.984897,0.25,356.6,1,9,0.9
2024-03-25T23:56:44Z,26.356815,-76.984890,0.18,333.6,1,9,0.9
2024-03-25T23:56:49Z,26.356813,-76.984890,0.10,358.7,1,9,0.9
2024-03-25T23:56:54Z,26.356812,-76.984888,0.38,128.0,1,9,0.9
2024-03-25T23:57:04Z,26.356818,-76.984877,0.47,104.8,1,9,0.9
2024-03-25T23:57:09Z,26.356820,-76.984863,0.81,61.5,1,9,0.9
2024-03-25T23:57:14Z,26.356825,-76.984852,0.62,76.4,1,9,0.9
2024-03-25T23:57:19Z,26.356825,-76.984842,0.33,41.6,1,9,0.9
2024-03-25T23:57:29Z,26.356852,-76.984823,0.18,117.1,1,9,0.9
2024-03-25T23:57:34Z,26.356858,-76.984818,0.31,166.1,1,9,0.9
2024-03-25T23:57:39Z,26.356868,-76.984800,0.60,112.8,1,9,0.9
2024-03-25T23:57:44Z,26.356868,-76.984790,0.21,130.6,1,9,0.9
2024-03-25T23:57:54Z,26.356853,-76.984778,0.38,71.3,1,8,1.0
2024-03-25T23:57:59Z,26.356852,-76.984772,0.43,319.8,1,9,0.9
2024-03-25T23:58:04Z,26.356853,-76.984790,0.57,250.5,1,9,0.9
2024-03-25T23:58:09Z,26.356842,-76.984815,1.26,253.7,1,9,0.9
2024-03-25T23:58:14Z,26.356817,-76.984852,1.15,229.7,1,9,0.9
2024-03-25T23:58:19Z,26.356788,-76.984872,1.36,228.0,1,9,0.9
2024-03-25T23:58:24Z,26.356777,-76.984900,1.17,240.1,1,9,0.9
2024-03-25T23:58:29Z,26.356762,-76.984923,0.68,255.9,1,9,0.9
2024-03-25T23:58:34Z,26.356757,-76.984933,0.31,251.3,1,8,1.0
2024-03-25T23:58:39Z,26.356763,-76.984937,0.28,353.5,1,9,0.9
2024-03-25T23:58:44Z,26.356768,-76.984940,1.19,3.8,1,9,0.9
2024-03-25T23:58:49Z,26.356810,-76.984933,1.80,357.5,1,9,0.9
2024-03-25T23:58:54Z,26.356868,-76.984948,2.57,346.7,1,9,0.9
2024-03-25T23:58:59Z,26.356928,-76.984968,1.90,336.1,1,9,0.9
2024-03-25T23:59:04Z,26.356982,-76.984997,3.00,327.1,1,9,0.9
2024-03-25T23:59:14Z,26.357110,-76.985075,4.21,327.4,1,8,1.0
2024-03-25T23:59:19Z,26.357175,-76.985125,3.23,322.6,1,8,1.0
2024-03-25T23:59:24Z,26.357247,-76.985187,4.45,320.1,1,8,1.0
2024-03-25T23:59:29Z,26.357317,-76.985248,4.38,322.9,1,8,1.0
2024-03-25T23:59:39Z,26.357477,-76.985383,4.75,325.8,1,8,1.0
2024-03-25T23:59:44Z,26.357568,-76.985457,4.76,324.4,1,8,1.0
2024-03-25T23:59:49Z,26.357660,-76.985533,5.18,323.4,1,8,1.0
2024-03-25T23:59:54Z,26.357762,-76.985613,5.54,323.8,1,8,1.0
2024-03-26T00:00:04Z,26.357977,-76.985768,5.60,327.7,1,8,1.0
2024-03-26T00:00:09Z,26.358082,-76.985848,5.51,328.1,1,9,0.9
2024-03-26T00:00:14Z,26.358192,-76.985920,5.61,331.6,1,9,0.9
2024-03-26T00:00:19Z,26.358317,-76.985977,5.73,338.4,1,9,0.9
2024-03-26T00:00:24Z,26.358438,-76.986027,5.46,336.5,1,9,0.9
2024-03-26T00:00:29Z,26.358553,-76.986082,5.13,334.9,1,9,0.9
2024-03-26T00:00:34Z,26.358672,-76.986140,5.94,332.9,1,9,0.9
2024-03-26T00:00:39Z,26.358797,-76.986200,5.49,339.0,1,9,0.9
2024-03-26T00:00:44Z,26.358917,-76.986245,5.64,343.9,1,9,0.9
2024-03-26T00:00:49Z,26.359037,-76.986283,5.74,345.5,1,9,0.9
2024-03-26T00:00:54Z,26.359163,-76.986325,5.60,337.7,1,9,0.9
2024-03-26T00:00:59Z,26.359275,-76.986370,5.57,341.1,1,9,0.9
2024-03-26T00:01:04Z,26.359405,-76.986418,5.65,342.9,1,9,0.9
2024-03-26T00:01:09Z,26.359528,-76.986468,5.83,339.9,1,9,0.9
2024-03-26T00:01:14Z,26.359660,-76.986527,5.98,338.0,1,9,0.9
2024-03-26T00:01:19Z,26.359793,-76.986577,5.53,343.4,1,9,0.9
2024-03-26T00:01:24Z,26.359930,-76.986620,5.69,343.0,1,9,0.9
2024-03-26T00:01:29Z,26.360053,-76.986657,5.85,343.9,1,9,0.9
2024-03-26T00:01:34Z,26.360185,-76.986697,5.62,345.7,1,9,0.9
2024-03-26T00:01:39Z,26.360322,-76.986730,5.68,350.9,1,9,0.9
2024-03-26T00:01:44Z,26.360445,-76.986753,5.45,353.5,1,9,0.9
2024-03-26T00:01:49Z,26.360582,-76.986763,5.55,354.6,1,9,0.9
2024-03-26T00:01:54Z,26.360718,-76.986775,5.57,354.7,1,8,1.0
2024-03-26T00:02:04Z,26.360968,-76.986797,5.21,354.4,1,9,0.9
2024-03-26T00:02:09Z,26.361107,-76.986815,5.55,354.5,1,8,1.0
2024-03-26T00:02:14Z,26.361240,-76.986828,5.44,359.9,1,9,0.9
2024-03-26T00:02:19Z,26.361372,-76.986838,5.83,355.5,1,9,0.9
2024-03-26T00:02:24Z,26.361497,-76.986840,5.69,355.4,1,9,0.9
2024-03-26T00:02:34Z,26.361755,-76.986845,5.69,358.6,1,9,0.9
2024-03-26T00:02:39Z,26.361892,-76.986847,5.35,358.9,1,9,0.9
2024-03-26T00:02:44Z,26.362027,-76.986855,5.61,0.5,1,9,0.9
2024-03-26T00:02:49Z,26.362160,-76.986845,5.56,0.6,1,9,0.9
2024-03-26T00:02:54Z,26.362273,-76.986837,4.64,4.5,1,8,1.0
2024-03-26T00:02:59Z,26.362372,-76.986828,4.20,9.3,1,9,0.9
2024-03-26T00:03:04Z,26.362458,-76.986820,3.52,7.8,1,9,0.9
2024-03-26T00:03:09Z,26.362525,-76.986803,2.71,15.6,1,9,0.9
2024-03-26T00:03:14Z,26.362582,-76.986795,2.52,3.9,1,9,0.9
2024-03-26T00:03:19Z,26.362635,-76.986787,2.19,7.6,1,9,0.9
2024-03-26T00:03:24Z,26.362687,-76.986788,1.95,356.2,1,9,0.9
2024-03-26T00:03:29Z,26.362733,-76.986785,1.80,4.2,1,9,0.9
2024-03-26T00:03:34Z,26.362782,-76.986780,2.22,12.1,1,9,0.9
2024-03-26T00:03:39Z,26.362828,-76.986762,1.96,23.5,1,9,0.9
2024-03-26T00:03:44Z,26.362858,-76.986738,1.72,17.8,1,9,0.9
2024-03-26T00:03:54Z,26.362908,-76.986717,1.09,359.3,1,9,0.9
2024-03-26T00:03:59Z,26.362923,-76.986725,0.53,288.1,1,9,0.9
2024-03-26T00:04:04Z,26.362930,-76.986740,0.96,298.3,1,9,0.9
2024-03-26T00:04:09Z,26.362927,-76.986760,0.73,250.6,1,9,0.9
2024-03-26T00:04:14Z,26.362933,-76.986778,0.53,288.4,1,9,0.9
2024-03-26T00:04:19Z,26.362928,-76.986797,0.60,227.4,1,9,0.9
2024-03-26T00:04:24Z,26.362920,-76.986813,0.58,260.1,1,10,0.9
2024-03-26T00:04:29Z,26.362915,-76.986832,0.22,278.6,1,10,0.9
2024-03-26T00:04:34Z,26.362912,-76.986852,0.74,283.5,1,10,0.9
2024-03-26T00:04:39Z,26.362913,-76.986868,0.73,287.2,1,10,0.9
2024-03-26T00:04:49Z,26.362912,-76.986923,0.91,292.2,1,9,0.9
2024-03-26T00:04:54Z,26.362917,-76.986947,0.96,284.2,1,9,0.9
2024-03-26T00:04:59Z,26.362928,-76.986953,0.86,305.8,1,9,0.9
2024-03-26T00:05:04Z,26.362940,-76.986977,1.09,294.2,1,9,0.9
2024-03-26T00:05:09Z,26.362948,-76.986990,1.10,308.1,1,10,0.9
2024-03-26T00:05:19Z,26.362983,-76.987003,0.40,324.5,1,10,0.9
2024-03-26T00:05:24Z,26.362988,-76.987005,0.31,339.7,1,10,0.9
2024-03-26T00:05:29Z,26.362993,-76.987013,0.27,248.9,1,10,0.9
2024-03-26T00:05:34Z,26.362990,-76.987022,0.65,253.7,1,10,0.9
2024-03-26T00:05:39Z,26.362993,-76.987035,0.58,286.6,1,10,0.9
2024-03-26T00:05:49Z,26.362995,-76.987057,0.37,301.1,1,10,0.9
2024-03-26T00:05:54Z,26.362993,-76.987058,0.34,213.6,1,9,0.9
2024-03-26T00:05:59Z,26.362987,-76.987058,0.15,225.5,1,10,0.9
2024-03-26T00:06:04Z,26.362982,-76.987058,0.41,207.8,1,10,0.9
2024-03-26T00:06:09Z,26.362978,-76.987058,0.38,133.6,1,10,0.9
2024-03-26T00:06:19Z,26.362960,-76.987033,0.30,160.0,1,10,0.9
2024-03-26T00:06:24Z,26.362957,-76.987027,0.58,162.7,1,10,0.9
2024-03-26T00:06:29Z,26.362952,-76.987020,0.20,194.5,1,10,0.9
2024-03-26T00:06:34Z,26.362948,-76.987022,0.32,150.7,1,10,0.9
2024-03-26T00:06:39Z,26.362947,-76.987020,0.32,212.0,1,10,0.9
2024-03-26T00:06:44Z,26.362943,-76.987023,0.20,153.0,1,10,0.9
2024-03-26T00:06:49Z,26.362942,-76.987028,0.06,155.6,1,10,0.9
2024-03-26T00:06:54Z,26.362937,-76.987030,0.21,121.5,1,10,0.9
2024-03-26T00:06:59Z,26.362932,-76.987035,0.43,233.4,1,10,0.9
2024-03-26T00:07:04Z,26.362935,-76.987037,0.04,111.1,1,10,0.9
2024-03-26T00:07:09Z,26.362935,-76.987043,0.10,217.7,1,8,0.9
2024-03-26T00:07:14Z,26.362933,-76.987038,0.23,52.7,1,10,0.9
2024-03-26T00:07:24Z,26.362935,-76.987048,0.13,39.0,1,10,0.9
2024-03-26T00:07:29Z,26.362935,-76.987048,0.05,85.0,1,10,0.9
2024-03-26T00:07:34Z,26.362938,-76.987042,0.09,10.1,1,10,0.9
2024-03-26T00:07:39Z,26.362938,-76.987035,0.17,59.6,1,10,0.9
2024-03-26T00:07:44Z,26.362935,-76.987040,0.18,239.2,1,10,0.9
2024-03-26T00:07:54Z,26.362933,-76.987033,0.14,268.4,1,10,0.9
2024-03-26T00:07:59Z,26.362933,-76.987025,0.16,295.6,1,10,0.9
2024-03-26T00:08:04Z,26.362938,-76.987038,0.24,337.8,1,9,0.9
2024-03-26T00:08:09Z,26.362947,-76.987043,0.39,44.9,1,10,0.9
2024-03-26T00:08:14Z,26.362948,-76.987045,0.28,8.4,1,10,0.9
2024-03-26T00:08:24Z,26.362962,-76.987043,0.47,66.9,1,10,0.9
2024-03-26T00:08:29Z,26.362963,-76.987043,0.16,313.4,1,10,0.9
2024-03-26T00:08:34Z,26.362967,-76.987043,0.11,34.6,1,10,0.9
2024-03-26T00:08:39Z,26.362977,-76.987045,0.16,7.9,1,10,0.9
2024-03-26T00:08:44Z,26.362973,-76.987050,0.16,161.0,1,9,0.9
2024-03-26T00:08:54Z,26.362963,-76.987043,0.09,168.4,1,9,0.9
2024-03-26T00:08:59Z,26.362965,-76.987043,0.29,53.9,1,9,0.9
2024-03-26T00:09:04Z,26.362962,-76.987043,0.01,37.2,1,9,0.9
2024-03-26T00:09:09Z,26.362963,-76.987040,0.37,80.2,1,9,0.9
2024-03-26T00:09:14Z,26.362960,-76.987037,0.16,188.3,1,9,0.9
2024-03-26T00:09:24Z,26.362950,-76.987042,0.42,139.0,1,9,0.9
2024-03-26T00:09:29Z,26.362948,-76.987035,0.14,22.2,1,9,0.9
2024-03-26T00:09:34Z,26.362945,-76.987033,0.40,162.3,1,9,0.9
2024-03-26T00:09:39Z,26.362938,-76.987038,0.31,150.8,1,9,0.9
2024-03-26T00:09:44Z,26.362933,-76.987037,0.19,24.2,1,9,0.9
2024-03-26T00:09:54Z,26.362915,-76.987028,0.30,99.1,1,9,0.9
2024-03-26T00:09:59Z,26.362913,-76.987025,0.06,159.2,1,9,0.9
2024-03-26T00:10:04Z,26.362913,-76.987032,0.29,297.4,1,9,0.9
2024-03-26T00:10:09Z,26.362925,-76.987040,0.17,316.8,1,9,0.9
2024-03-26T00:10:14Z,26.362928,-76.987042,0.22,314.6,1,9,0.9
2024-03-26T00:10:24Z,26.362938,-76.987043,0.56,30.2,1,9,0.9
2024-03-26T00:10:29Z,26.362957,-76.987038,0.59,37.9,1,9,0.9
2024-03-26T00:10:34Z,26.362965,-76.987033,0.19,358.2,1,9,0.9
2024-03-26T00:10:39Z,26.362968,-76.987032,0.21,357.0,1,9,0.9
2024-03-26T00:10:44Z,26.362968,-76.987037,0.20,256.4,1,9,0.9
2024-03-26T00:10:54Z,26.362978,-76.987043,0.13,318.3,1,9,0.9
2024-03-26T00:10:59Z,26.362977,-76.987045,0.10,52.2,1,9,0.9
2024-03-26T00:11:04Z,26.362973,-76.987040,0.55,31.5,1,9,0.9
2024-03-26T00:11:09Z,26.362977,-76.987038,0.28,289.8,1,9,0.9
2024-03-26T00:11:14Z,26.362975,-76.987035,0.31,216.9,1,9,0.9
2024-03-26T00:11:24Z,26.362957,-76.987033,0.37,235.3,1,9,0.9
2024-03-26T00:11:29Z,26.362957,-76.987038,0.05,12.9,1,9,0.9
2024-03-26T00:11:34Z,26.362952,-76.987050,0.54,218.0,1,9,0.9
2024-03-26T00:11:39Z,26.362950,-76.987053,0.48,189.4,1,9,0.9
2024-03-26T00:11:44Z,26.362940,-76.987052,0.20,222.6,1,9,0.9
2024-03-26T00:11:54Z,26.362938,-76.987033,0.84,170.9,1,9,0.9
2024-03-26T00:11:59Z,26.362928,-76.987033,0.19,241.1,1,9,0.9
2024-03-26T00:12:04Z,26.362925,-76.987032,0.57,161.8,1,9,0.9
2024-03-26T00:12:09Z,26.362928,-76.987015,0.38,92.4,1,9,0.9
2024-03-26T00:12:14Z,26.362930,-76.987013,0.18,243.6,1,9,0.9
2024-03-26T00:12:24Z,26.362927,-76.987022,0.36,176.2,1,9,0.9
2024-03-26T00:12:29Z,26.362920,-76.987022,0.03,186.9,1,9,0.9
2024-03-26T00:12:34Z,26.362913,-76.987022,0.27,203.1,1,8,1.0
2024-03-26T00:12:39Z,26.362908,-76.987030,0.25,187.8,1,8,1.0
2024-03-26T00:12:44Z,26.362908,-76.987028,0.11,237.8,1,8,1.0
2024-03-26T00:12:49Z,26.362900,-76.987032,0.29,24.6,1,8,1.0
2024-03-26T00:12:54Z,26.362900,-76.987027,0.14,256.0,1,9,0.9
2024-03-26T00:12:59Z,26.362900,-76.987025,0.39,43.5,1,9,0.9
2024-03-26T00:13:04Z,26.362910,-76.987027,0.23,356.1,1,9,0.9
2024-03-26T00:13:09Z,26.362933,-76.987020,0.52,24.3,1,9,0.9
2024-03-26T00:13:19Z,26.362938,-76.987027,0.12,245.8,1,9,0.9
2024-03-26T00:13:24Z,26.362932,-76.987032,0.84,182.6,1,9,0.9
2024-03-26T00:13:29Z,26.362915,-76.987033,0.65,32.6,1,9,0.9
2024-03-26T00:13:34Z,26.362922,-76.987030,0.24,189.3,1,8,1.0
2024-03-26T00:13:39Z,26.362915,-76.987032,0.45,210.5,1,8,1.0
2024-03-26T00:13:49Z,26.362913,-76.987027,0.24,98.8,1,9,0.9
2024-03-26T00:13:54Z,26.362910,-76.987018,0.29,102.9,1,8,1.0
2024-03-26T00:13:59Z,26.362903,-76.987007,0.30,147.8,1,9,0.9
2024-03-26T00:14:04Z,26.362897,-76.987010,0.13,190.3,1,9,0.9
2024-03-26T00:14:09Z,26.362897,-76.987013,0.15,166.9,1,9,0.9
2024-03-26T00:14:19Z,26.362890,-76.987018,0.25,232.9,1,9,0.9
2024-03-26T00:14:24Z,26.362890,-76.987022,0.26,307.4,1,9,0.9
2024-03-26T00:14:29Z,26.362883,-76.987028,0.24,272.1,1,8,1.0
2024-03-26T00:14:34Z,26.362888,-76.987042,0.45,275.4,1,7,1.1
2024-03-26T00:14:39Z,26.362895,-76.987045,0.16,0.3,1,9,0.9
2024-03-26T00:14:49Z,26.362898,-76.987048,0.03,129.9,1,9,0.9
2024-03-26T00:14:54Z,26.362900,-76.987052,0.48,323.2,1,9,0.9
2024-03-26T00:14:59Z,26.362905,-76.987058,0.39,351.1,1,9,0.9
2024-03-26T00:15:04Z,26.362910,-76.987060,0.33,358.2,1,9,0.9
2024-03-26T00:15:09Z,26.362915,-76.987060,0.28,14.3,1,9,0.9
2024-03-26T00:15:19Z,26.362933,-76.987047,0.24,18.8,1,9,0.9
2024-03-26T00:15:24Z,26.362927,-76.987040,0.02,269.0,1,9,0.9
2024-03-26T00:15:29Z,26.362922,-76.987045,0.37,305.8,1,9,0.9
2024-03-26T00:15:34Z,26.362915,-76.987050,0.20,223.4,1,9,0.9
2024-03-26T00:15:39Z,26.362912,-76.987055,0.50,165.3,1,9,0.9
2024-03-26T00:15:49Z,26.362903,-76.987058,0.30,107.9,1,8,1.0
2024-03-26T00:15:54Z,26.362900,-76.987048,0.51,92.5,1,8,1.0
2024-03-26T00:15:59Z,26.362900,-76.987042,0.27,87.3,1,8,1.0
2024-03-26T00:16:04Z,26.362898,-76.987032,0.32,150.9,1,9,0.9
2024-03-26T00:16:09Z,26.362895,-76.987028,0.35,87.3,1,9,0.9
2024-03-26T00:16:19Z,26.362880,-76.987035,0.22,214.0,1,9,0.9
2024-03-26T00:16:24Z,26.362878,-76.987033,0.25,355.5,1,9,0.9
2024-03-26T00:16:29Z,26.362880,-76.987033,0.10,97.8,1,9,0.9
2024-03-26T00:16:34Z,26.362878,-76.987033,0.37,155.2,1,8,1.0
2024-03-26T00:16:39Z,26.362880,-76.987032,0.15,63.3,1,8,1.0
2024-03-26T00:16:49Z,26.362882,-76.987025,0.22,228.2,1,9,0.9
2024-03-26T00:16:54Z,26.362892,-76.987017,0.36,68.2,1,8,1.0
2024-03-26T00:16:59Z,26.362903,-76.987012,0.47,353.6,1,9,0.9
2024-03-26T00:17:04Z,26.362910,-76.987022,0.28,350.4,1,9,0.9
2024-03-26T00:17:09Z,26.362903,-76.987022,0.14,214.8,1,9,0.9
2024-03-26T00:17:19Z,26.362890,-76.987025,0.39,188.3,1,9,0.9
2024-03-26T00:17:24Z,26.362883,-76.987027,0.42,252.3,1,9,0.9
2024-03-26T00:17:29Z,26.362882,-76.987023,0.10,86.8,1,9,0.9
2024-03-26T00:17:34Z,26.362885,-76.987022,0.11,227.0,1,9,0.9
2024-03-26T00:17:39Z,26.362888,-76.987018,0.26,21.9,1,9,0.9
2024-03-26T00:17:49Z,26.362893,-76.987018,0.35,190.2,1,9,0.9
2024-03-26T00:17:54Z,26.362893,-76.987023,0.23,222.3,1,9,0.9
2024-03-26T00:17:59Z,26.362897,-76.987025,0.27,247.7,1,9,0.9
2024-03-26T00:18:04Z,26.362895,-76.987020,0.49,25.5,1,9,0.9
2024-03-26T00:18:09Z,26.362898,-76.987013,0.42,111.5,1,9,0.9
2024-03-26T00:18:19Z,26.362895,-76.987000,0.65,170.3,1,8,1.0
2024-03-26T00:18:24Z,26.362887,-76.987005,0.68,348.0,1,9,0.9
2024-03-26T00:18:29Z,26.362883,-76.987013,0.41,165.3,1,9,0.9
2024-03-26T00:18:34Z,26.362880,-76.987023,0.27,227.4,1,9,0.9
2024-03-26T00:18:39Z,26.362883,-76.987032,0.42,334.7,1,9,0.9
2024-03-26T00:18:44Z,26.362893,-76.987038,0.44,236.0,1,9,0.9
2024-03-26T00:18:54Z,26.362898,-76.987030,0.28,38.4,1,9,0.9
2024-03-26T00:18:59Z,26.362897,-76.987027,0.26,168.6,1,9,0.9
2024-03-26T00:19:04Z,26.362888,-76.987025,0.43,190.7,1,7,1.1
2024-03-26T00:19:09Z,26.362878,-76.987023,0.32,130.3,1,9,0.9
2024-03-26T00:19:14Z,26.362885,-76.987028,0.50,175.5,1,9,0.9
2024-03-26T00:19:19Z,26.362900,-76.987027,0.54,320.4,1,8,1.0
2024-03-26T00:19:24Z,26.362895,-76.987023,0.24,335.3,1,9,0.9
2024-03-26T00:19:29Z,26.362897,-76.987022,0.52,271.4,1,9,0.9
2024-03-26T00:19:34Z,26.362892,-76.987020,0.53,158.7,1,9,0.9
2024-03-26T00:19:39Z,26.362915,-76.987032,0.10,340.4,1,8,1.0
2024-03-26T00:19:44Z,26.362922,-76.987028,1.13,20.9,1,9,0.9
2024-03-26T00:19:49Z,26.362923,-76.987017,0.54,127.8,1,9,0.9
2024-03-26T00:19:59Z,26.362887,-76.987032,0.24,267.5,1,9,0.9
2024-03-26T00:20:04Z,26.362900,-76.987040,0.22,256.8,1,9,0.9
2024-03-26T00:20:09Z,26.362903,-76.987048,0.19,27.7,1,9,0.9
2024-03-26T00:20:14Z,26.362905,-76.987048,0.19,346.6,1,9,0.9
2024-03-26T00:20:19Z,26.362912,-76.987053,0.36,34.7,1,9,0.9
2024-03-26T00:20:29Z,26.362918,-76.987050,0.18,307.6,1,9,0.9
2024-03-26T00:20:34Z,26.362923,-76.987053,0.46,290.1,1,9,0.9
2024-03-26T00:20:39Z,26.362927,-76.987053,0.16,239.2,1,9,0.9
2024-03-26T00:20:44Z,26.362937,-76.987053,0.12,228.3,1,9,0.9
2024-03-26T00:20:49Z,26.362938,-76.987047,0.30,343.3,1,9,0.9
2024-03-26T00:20:59Z,26.362938,-76.987053,0.08,167.4,1,9,0.9
2024-03-26T00:21:04Z,26.362940,-76.987052,0.30,16.4,1,9,0.9
2024-03-26T00:21:09Z,26.362940,-76.987052,0.27,130.8,1,9,0.9
2024-03-26T00:21:14Z,26.362935,-76.987048,0.12,172.7,1,9,0.9
2024-03-26T00:21:19Z,26.362935,-76.987042,0.14,130.1,1,9,0.9
2024-03-26T00:21:29Z,26.362928,-76.987037,0.22,130.8,1,9,0.9
2024-03-26T00:21:34Z,26.362928,-76.987035,0.26,187.1,1,8,1.0
2024-03-26T00:21:39Z,26.362930,-76.987033,0.19,194.3,1,9,0.9
2024-03-26T00:21:44Z,26.362930,-76.987028,0.22,279.5,1,9,0.9
2024-03-26T00:21:49Z,26.362928,-76.987030,0.10,226.6,1,8,1.0
2024-03-26T00:21:54Z,26.362930,-76.987027,0.21,346.1,1,9,0.9
2024-03-26T00:21:59Z,26.362930,-76.987032,0.29,264.8,1,9,0.9
2024-03-26T00:22:04Z,26.362925,-76.987038,0.69,203.7,1,9,0.9
2024-03-26T00:22:09Z,26.362928,-76.987042,0.11,350.2,1,9,0.9
2024-03-26T00:22:14Z,26.362937,-76.987038,0.65,18.2,1,9,0.9
2024-03-26T00:22:24Z,26.362945,-76.987038,0.29,306.8,1,9,0.9
2024-03-26T00:22:29Z,26.362960,-76.987038,0.34,76.0,1,9,0.9
2024-03-26T00:22:34Z,26.362965,-76.987038,0.28,20.4,1,9,0.9
2024-03-26T00:22:39Z,26.362960,-76.987037,0.14,142.4,1,9,0.9
2024-03-26T00:22:49Z,26.362958,-76.987042,0.25,215.6,1,9,0.9
2024-03-26T00:22:54Z,26.362962,-76.987045,0.09,144.1,1,9,0.9
2024-03-26T00:22:59Z,26.362953,-76.987045,0.11,141.4,1,9,0.9
2024-03-26T00:23:04Z,26.362950,-76.987040,0.19,135.6,1,9,0.9
2024-03-26T00:23:09Z,26.362948,-76.987035,0.49,132.0,1,9,0.9
2024-03-26T00:23:14Z,26.362945,-76.987032,0.34,72.5,1,9,0.9
2024-03-26T00:23:19Z,26.362945,-76.987030,0.24,202.3,1,9,0.9
2024-03-26T00:23:24Z,26.362937,-76.987030,0.28,182.6,1,9,0.9
2024-03-26T00:23:29Z,26.362927,-76.987032,0.36,149.6,1,9,0.9
2024-03-26T00:23:34Z,26.362920,-76.987027,0.21,93.5,1,9,0.9
2024-03-26T00:23:44Z,26.362912,-76.987025,0.18,128.4,1,9,0.9
2024-03-26T00:23:49Z,26.362917,-76.987025,0.38,12.3,1,9,0.9
2024-03-26T00:23:54Z,26.362912,-76.987023,0.30,184.9,1,9,0.9
2024-03-26T00:23:59Z,26.362915,-76.987025,0.22,316.1,1,9,0.9
2024-03-26T00:24:04Z,26.362918,-76.987023,0.12,69.9,1,9,0.9
2024-03-26T00:24:09Z,26.362918,-76.987032,0.23,252.4,1,9,0.9
2024-03-26T00:24:14Z,26.362922,-76.987027,0.31,137.8,1,8,1.0
2024-03-26T00:24:19Z,26.362920,-76.987023,0.34,148.2,1,8,1.0
2024-03-26T00:24:24Z,26.362905,-76.987015,0.16,162.7,1,9,0.9
2024-03-26T00:24:29Z,26.362895,-76.987015,0.42,126.6,1,8,1.0
2024-03-26T00:24:39Z,26.362883,-76.987025,0.91,210.9,1,9,0.9
2024-03-26T00:24:44Z,26.362875,-76.987015,0.61,86.7,1,9,0.9
2024-03-26T00:24:49Z,26.362877,-76.987010,0.12,95.6,1,8,1.0
2024-03-26T00:24:54Z,26.362872,-76.987008,0.23,171.3,1,8,1.0
2024-03-26T00:24:59Z,26.362867,-76.987013,0.19,286.4,1,9,0.9
2024-03-26T00:25:09Z,26.362862,-76.987020,0.13,291.0,1,9,0.9
2024-03-26T00:25:14Z,26.362880,-76.987028,0.21,227.4,1,9,0.9
2024-03-26T00:25:19Z,26.362887,-76.987025,0.43,71.1,1,9,0.9
2024-03-26T00:25:24Z,26.362893,-76.987018,0.48,36.0,1,9,0.9
2024-03-26T00:25:29Z,26.362903,-76.987017,0.31,42.5,1,9,0.9
2024-03-26T00:25:39Z,26.362918,-76.987028,0.15,301.1,1,9,0.9
2024-03-26T00:25:44Z,26.362923,-76.987043,0.76,303.0,1,9,0.9
2024-03-26T00:25:49Z,26.362928,-76.987052,0.68,313.8,1,9,0.9
2024-03-26T00:25:54Z,26.362935,-76.987060,0.50,293.1,1,9,0.9
2024-03-26T00:25:59Z,26.362937,-76.987062,0.21,98.7,1,9,0.9
2024-03-26T00:26:04Z,26.362932,-76.987047,0.18,254.5,1,9,0.9
2024-03-26T00:26:09Z,26.362937,-76.987045,0.08,72.9,1,9,0.9
2024-03-26T00:26:14Z,26.362942,-76.987038,0.46,311.8,1,9,0.9
2024-03-26T00:26:19Z,26.362942,-76.987040,0.10,127.5,1,9,0.9
2024-03-26T00:26:24Z,26.362927,-76.987035,0.19,8.6,1,9,0.9
2024-03-26T00:26:29Z,26.362933,-76.987033,0.05,283.0,1,8,1.0
2024-03-26T00:26:39Z,26.362933,-76.987032,0.19,182.7,1,8,1.0
2024-03-26T00:26:44Z,26.362930,-76.987030,0.23,177.1,1,9,0.9
2024-03-26T00:26:49Z,26.362923,-76.987037,0.20,235.6,1,9,0.9
2024-03-26T00:26:54Z,26.362922,-76.987042,0.18,294.2,1,9,0.9
2024-03-26T00:26:59Z,26.362918,-76.987040,0.16,143.3,1,8,1.0
2024-03-26T00:27:04Z,26.362918,-76.987033,0.30,132.6,1,9,0.9
2024-03-26T00:27:14Z,26.362920,-76.987022,0.11,72.6,1,9,0.9
2024-03-26T00:27:19Z,26.362918,-76.987020,0.10,237.8,1,9,0.9
2024-03-26T00:27:24Z,26.362922,-76.987015,0.15,323.2,1,9,0.9
2024-03-26T00:27:29Z,26.362922,-76.987028,0.26,275.4,1,9,0.9
2024-03-26T00:27:34Z,26.362922,-76.987030,0.54,24.0,1,9,0.9
2024-03-26T00:27:39Z,26.362918,-76.987035,0.26,182.5,1,9,0.9
2024-03-26T00:27:49Z,26.362912,-76.987033,0.07,114.9,1,8,1.0
2024-03-26T00:27:54Z,26.362913,-76.987038,0.30,65.2,1,8,1.0
2024-03-26T00:27:59Z,26.362915,-76.987030,0.08,303.6,1,9,0.9
2024-03-26T00:28:04Z,26.362913,-76.987028,0.21,94.2,1,8,1.0
2024-03-26T00:28:09Z,26.362907,-76.987025,0.22,150.9,1,9,0.9
2024-03-26T00:28:14Z,26.362905,-76.987027,0.14,93.6,1,9,0.9
2024-03-26T00:28:24Z,26.362900,-76.987033,0.26,96.8,1,9,0.9
2024-03-26T00:28:29Z,26.362897,-76.987028,0.27,56.9,1,9,0.9
2024-03-26T00:28:34Z,26.362897,-76.987027,0.47,137.8,1,9,0.9
2024-03-26T00:28:39Z,26.362898,-76.987020,0.67,31.8,1,9,0.9
2024-03-26T00:28:44Z,26.362898,-76.987012,0.37,100.5,1,9,0.9
2024-03-26T00:28:54Z,26.362893,-76.987008,0.08,29.1,1,7,1.2
2024-03-26T00:28:59Z,26.362898,-76.987003,0.27,323.4,1,8,1.1
2024-03-26T00:29:04Z,26.362903,-76.987020,0.07,318.3,1,8,1.1
2024-03-26T00:29:09Z,26.362900,-76.987027,0.50,331.8,1,9,0.9
2024-03-26T00:29:14Z,26.362902,-76.987030,0.34,23.6,1,9,0.9
2024-03-26T00:29:19Z,26.362915,-76.987033,0.16,300.3,1,9,0.9
2024-03-26T00:29:24Z,26.362902,-76.987032,0.16,113.8,1,9,0.9
2024-03-26T00:29:29Z,26.362902,-76.987032,0.24,157.1,1,9,0.9
2024-03-26T00:29:34Z,26.362905,-76.987037,0.10,95.7,1,7,1.2
2024-03-26T00:29:39Z,26.362907,-76.987027,0.24,94.6,1,9,0.9
2024-03-26T00:29:44Z,26.362910,-76.987040,0.30,276.0,1,9,0.9
2024-03-26T00:29:49Z,26.362905,-76.987042,0.27,96.3,1,9,0.9
