utc,lat,lon,sog_kn,cog_deg,quality,sats,hdop
2024-03-22T16:34:26Z,26.544903,-77.055703,0.28,44.9,0,0,99.0
2024-03-22T16:34:31Z,26.544815,-77.055655,0.17,135.8,1,4,2.6
2024-03-22T16:34:36Z,26.544818,-77.055653,0.17,135.2,1,4,2.6
2024-03-22T16:34:46Z,26.544792,-77.055628,0.18,140.4,1,4,2.6
2024-03-22T16:34:51Z,26.544787,-77.055633,0.18,59.3,1,4,2.6
2024-03-22T16:34:56Z,26.544780,-77.055637,0.21,155.8,1,4,2.6
2024-03-22T16:35:01Z,26.544775,-77.055635,0.23,143.3,1,4,2.6
2024-03-22T16:35:06Z,26.544775,-77.055637,0.13,134.6,1,4,2.6
2024-03-22T16:35:16Z,26.544795,-77.055652,0.20,157.7,1,4,2.5
2024-03-22T16:35:21Z,26.544807,-77.055652,0.14,132.5,1,4,2.5
2024-03-22T16:35:26Z,26.544820,-77.055648,0.16,136.0,1,4,2.5
2024-03-22T16:35:31Z,26.544808,-77.055650,0.26,160.6,1,4,2.5
2024-03-22T16:35:36Z,26.544788,-77.055660,0.22,153.4,1,4,2.5
2024-03-22T16:35:46Z,26.544788,-77.055680,0.28,180.8,1,4,2.5
2024-03-22T16:35:51Z,26.544803,-77.055680,0.64,44.0,1,4,2.5
2024-03-22T16:35:56Z,26.544785,-77.055680,0.42,182.2,1,4,2.5
2024-03-22T16:36:01Z,26.544828,-77.055675,2.18,21.9,1,3,5.1
2024-03-22T16:36:06Z,26.544843,-77.055667,0.19,32.9,1,3,5.1
2024-03-22T16:36:16Z,26.544857,-77.055702,0.18,51.0,1,4,2.5
2024-03-22T16:36:21Z,26.544857,-77.055727,0.40,187.6,1,4,2.5
2024-03-22T16:36:26Z,26.544882,-77.055720,0.36,24.6,1,4,2.5
2024-03-22T16:36:31Z,26.544887,-77.055718,0.22,46.7,1,4,2.5
2024-03-22T16:36:36Z,26.544903,-77.055708,0.34,37.7,1,4,2.5
2024-03-22T16:36:46Z,26.544913,-77.055703,0.17,109.4,1,4,2.5
2024-03-22T16:36:51Z,26.544915,-77.055698,0.17,133.6,1,4,2.5
2024-03-22T16:36:56Z,26.544912,-77.055693,0.21,146.6,1,4,2.5
2024-03-22T16:37:01Z,26.544900,-77.055697,0.22,147.6,1,4,2.4
2024-03-22T16:37:06Z,26.544890,-77.055697,0.26,148.9,1,4,2.4
2024-03-22T16:37:11Z,26.544885,-77.055697,0.18,135.3,1,4,2.4
2024-03-22T16:37:21Z,26.544877,-77.055692,0.24,144.2,1,4,2.4
2024-03-22T16:37:26Z,26.544855,-77.055682,0.21,152.2,1,4,2.4
2024-03-22T16:37:31Z,26.544842,-77.055678,0.16,130.8,1,5,2.2
2024-03-22T16:37:36Z,26.544830,-77.055677,0.17,143.7,1,5,2.2
2024-03-22T16:37:41Z,26.544807,-77.055667,0.15,121.8,1,5,2.2
2024-03-22T16:37:51Z,26.544807,-77.055672,0.14,118.7,1,5,2.2
2024-03-22T16:37:56Z,26.544793,-77.055667,0.17,142.8,1,5,2.2
2024-03-22T16:38:01Z,26.544787,-77.055667,0.09,152.0,1,5,2.2
2024-03-22T16:38:06Z,26.544783,-77.055667,0.13,251.7,1,5,2.2
2024-03-22T16:38:11Z,26.544773,-77.055667,0.10,156.2,1,5,2.2
2024-03-22T16:38:21Z,26.544758,-77.055655,0.67,327.6,1,5,2.2
2024-03-22T16:38:26Z,26.544742,-77.055638,0.50,337.0,1,5,2.2
2024-03-22T16:38:31Z,26.544733,-77.055632,0.33,137.2,1,5,2.2
2024-03-22T16:38:36Z,26.544722,-77.055627,0.41,338.2,1,5,2.2
2024-03-22T16:38:41Z,26.544703,-77.055617,0.19,114.7,1,5,2.2
2024-03-22T16:38:46Z,26.544687,-77.055610,0.27,138.8,1,5,2.2
2024-03-22T16:38:56Z,26.544657,-77.055600,0.99,146.4,1,5,2.2
2024-03-22T16:39:01Z,26.544640,-77.055592,0.34,72.5,1,5,2.2
2024-03-22T16:39:06Z,26.544603,-77.055590,0.53,175.6,1,5,2.2
2024-03-22T16:39:11Z,26.544595,-77.055598,0.18,167.9,1,5,2.2
2024-03-22T16:39:16Z,26.544593,-77.055600,0.13,72.3,1,5,2.2
2024-03-22T16:39:26Z,26.544567,-77.055595,0.10,148.9,1,5,2.2
2024-03-22T16:39:31Z,26.544535,-77.055593,0.19,148.1,1,5,2.2
2024-03-22T16:39:36Z,26.544525,-77.055600,0.14,109.2,1,5,2.2
2024-03-22T16:39:41Z,26.544515,-77.055593,0.14,96.8,1,5,2.2
2024-03-22T16:39:46Z,26.544508,-77.055587,0.14,81.9,1,5,2.2
2024-03-22T16:39:56Z,26.544497,-77.055575,0.09,115.7,1,5,2.2
2024-03-22T16:40:01Z,26.544605,-77.055612,0.26,2.9,1,6,3.1
2024-03-22T16:40:06Z,26.544665,-77.055645,0.28,327.9,1,6,3.1
2024-03-22T16:40:11Z,26.544700,-77.055655,0.67,0.8,1,6,3.1
2024-03-22T16:40:16Z,26.544735,-77.055650,1.77,14.7,1,6,3.1
2024-03-22T16:40:26Z,26.544755,-77.055645,0.24,32.7,1,6,3.0
2024-03-22T16:40:31Z,26.544718,-77.055652,1.39,198.1,1,5,4.8
2024-03-22T16:40:36Z,26.544673,-77.055670,0.33,153.1,1,6,3.0
2024-03-22T16:40:41Z,26.544652,-77.055682,0.62,58.3,1,5,4.8
2024-03-22T16:40:46Z,26.544643,-77.055682,0.42,192.6,1,6,3.0
2024-03-22T16:40:56Z,26.544598,-77.055717,0.28,59.7,1,5,3.4
2024-03-22T16:41:01Z,26.544635,-77.055692,0.81,16.9,1,6,3.0
2024-03-22T16:41:06Z,26.544643,-77.055702,0.15,286.0,1,6,3.0
2024-03-22T16:41:11Z,26.544650,-77.055728,1.04,197.9,1,6,3.0
2024-03-22T16:41:16Z,26.544677,-77.055713,0.98,30.3,1,6,3.0
2024-03-22T16:41:21Z,26.544700,-77.055692,0.20,181.4,1,6,3.0
2024-03-22T16:41:26Z,26.544703,-77.055682,0.66,184.1,1,6,3.0
2024-03-22T16:41:31Z,26.544677,-77.055683,1.08,169.5,1,7,2.9
2024-03-22T16:41:36Z,26.544658,-77.055677,1.04,191.3,1,7,2.8
2024-03-22T16:41:41Z,26.544628,-77.055660,1.25,167.3,1,7,2.8
2024-03-22T16:41:46Z,26.544615,-77.055653,0.99,167.2,1,7,2.8
2024-03-22T16:41:51Z,26.544608,-77.055657,0.79,154.0,1,7,2.8
2024-03-22T16:42:01Z,26.544620,-77.055652,0.54,181.1,1,7,2.8
2024-03-22T16:42:06Z,26.544642,-77.055652,0.52,15.3,1,7,2.8
2024-03-22T16:42:11Z,26.544663,-77.055652,0.10,32.8,1,7,2.8
2024-03-22T16:42:16Z,26.544685,-77.055650,0.17,269.4,1,7,2.8
2024-03-22T16:42:21Z,26.544672,-77.055645,0.27,128.8,1,7,2.8
2024-03-22T16:42:31Z,26.544675,-77.055640,0.72,185.2,1,7,2.8
2024-03-22T16:42:36Z,26.544643,-77.055632,0.63,178.9,1,7,2.8
2024-03-22T16:42:41Z,26.544643,-77.055630,0.56,180.7,1,7,2.8
2024-03-22T16:42:46Z,26.544603,-77.055623,0.43,151.7,1,7,2.8
2024-03-22T16:42:51Z,26.544587,-77.055623,1.46,176.9,1,7,2.8
2024-03-22T16:42:56Z,26.544615,-77.055635,0.28,29.8,1,7,2.8
2024-03-22T16:43:01Z,26.544635,-77.055635,0.36,204.0,1,7,2.7
2024-03-22T16:43:06Z,26.544658,-77.055645,0.12,225.4,1,7,2.7
2024-03-22T16:43:11Z,26.544635,-77.055637,0.22,75.9,1,7,2.7
2024-03-22T16:43:16Z,26.544680,-77.055648,0.38,302.9,1,7,2.7
2024-03-22T16:43:21Z,26.544702,-77.055658,0.13,348.7,1,7,2.7
2024-03-22T16:43:31Z,26.544573,-77.055630,1.96,183.1,1,7,2.7
2024-03-22T16:43:36Z,26.544565,-77.055637,0.59,170.9,1,7,2.7
2024-03-22T16:43:41Z,26.544527,-77.055627,0.73,171.3,1,7,2.7
2024-03-22T16:43:46Z,26.544600,-77.055642,1.03,8.0,1,6,3.7
2024-03-22T16:43:51Z,26.544623,-77.055648,0.47,205.2,1,7,2.7
2024-03-22T16:43:56Z,26.544675,-77.055672,0.79,342.5,1,7,2.7
2024-03-22T16:44:01Z,26.544673,-77.055660,0.93,357.7,1,7,2.7
2024-03-22T16:44:06Z,26.544648,-77.055645,0.23,358.7,1,7,2.7
2024-03-22T16:44:11Z,26.544698,-77.055642,0.34,0.8,1,7,2.7
2024-03-22T16:44:16Z,26.544725,-77.055655,0.94,252.2,1,7,2.7
2024-03-22T16:44:21Z,26.544577,-77.055740,8.21,209.4,1,6,3.7
2024-03-22T16:44:26Z,26.544398,-77.055840,7.00,204.8,1,4,9.3
2024-03-22T16:44:31Z,26.544455,-77.055823,2.25,211.0,1,4,9.3
2024-03-22T16:44:36Z,26.544568,-77.055792,0.29,72.2,1,4,9.3
2024-03-22T16:44:41Z,26.544660,-77.055698,2.13,194.5,1,7,2.6
2024-03-22T16:44:46Z,26.544677,-77.055713,0.58,176.8,1,7,2.6
2024-03-22T16:44:51Z,26.544722,-77.055705,1.14,7.9,1,7,2.6
2024-03-22T16:44:56Z,26.544787,-77.055693,1.46,22.0,1,7,2.6
2024-03-22T16:45:06Z,26.544802,-77.055672,0.13,179.1,1,7,2.6
2024-03-22T16:45:11Z,26.544850,-77.055657,0.19,107.5,1,7,2.6
2024-03-22T16:45:16Z,26.544873,-77.055647,0.66,8.4,1,7,2.6
2024-03-22T16:45:21Z,26.544917,-77.055672,0.56,197.0,1,7,2.6
2024-03-22T16:45:26Z,26.544872,-77.055668,1.36,174.3,1,7,2.6
2024-03-22T16:45:36Z,26.544788,-77.055668,0.74,162.3,1,7,2.6
2024-03-22T16:45:41Z,26.544767,-77.055673,1.07,103.9,1,7,2.6
2024-03-22T16:45:46Z,26.544692,-77.055655,1.02,176.0,1,7,2.6
2024-03-22T16:45:51Z,26.544673,-77.055660,1.21,175.8,1,7,2.6
2024-03-22T16:45:56Z,26.544737,-77.055660,0.91,12.0,1,7,2.5
2024-03-22T16:46:06Z,26.544747,-77.055657,0.08,279.6,1,7,2.5
2024-03-22T16:46:11Z,26.544755,-77.055658,0.20,278.4,1,7,2.5
2024-03-22T16:46:16Z,26.544772,-77.055652,0.56,92.3,1,7,2.5
2024-03-22T16:46:21Z,26.544743,-77.055657,0.81,179.6,1,7,2.5
2024-03-22T16:46:26Z,26.544700,-77.055628,0.84,146.0,1,7,2.5
2024-03-22T16:46:31Z,26.544723,-77.055652,0.46,296.9,1,7,2.5
2024-03-22T16:46:41Z,26.544708,-77.055682,0.62,354.8,1,7,2.5
2024-03-22T16:46:46Z,26.544668,-77.055670,0.75,160.0,1,7,2.5
2024-03-22T16:46:51Z,26.544677,-77.055670,0.09,249.9,1,7,2.5
2024-03-22T16:46:56Z,26.544663,-77.055658,0.09,27.3,1,7,2.5
2024-03-22T16:47:01Z,26.544672,-77.055675,0.92,167.9,1,7,2.5
2024-03-22T16:47:06Z,26.544703,-77.055672,0.53,2.8,1,7,2.5
2024-03-22T16:47:11Z,26.544710,-77.055683,0.15,56.5,1,7,2.5
2024-03-22T16:47:16Z,26.544720,-77.055672,0.04,6.1,1,7,2.5
2024-03-22T16:47:21Z,26.544758,-77.055675,0.07,45.0,1,7,2.5
2024-03-22T16:47:26Z,26.544732,-77.055678,0.09,49.9,1,7,2.4
2024-03-22T16:47:31Z,26.544718,-77.055675,0.21,186.3,1,7,2.4
2024-03-22T16:47:36Z,26.544750,-77.055667,0.07,108.5,1,7,2.4
2024-03-22T16:47:41Z,26.544757,-77.055670,0.29,31.6,1,7,2.4
2024-03-22T16:47:46Z,26.544775,-77.055670,0.40,344.0,1,7,2.4
2024-03-22T16:47:51Z,26.544752,-77.055667,0.41,191.0,1,7,2.4
2024-03-22T16:47:56Z,26.544747,-77.055667,0.05,162.9,1,7,2.4
2024-03-22T16:48:01Z,26.544785,-77.055665,0.35,352.8,1,7,2.4
2024-03-22T16:48:06Z,26.544768,-77.055673,0.46,188.5,1,7,2.4
2024-03-22T16:48:16Z,26.544733,-77.055668,1.02,182.5,1,7,2.4
2024-03-22T16:48:21Z,26.544733,-77.055665,0.70,172.0,1,7,2.4
2024-03-22T16:48:26Z,26.544708,-77.055662,0.23,82.8,1,7,2.4
2024-03-22T16:48:31Z,26.544705,-77.055665,0.15,191.3,1,7,2.4
2024-03-22T16:48:36Z,26.544697,-77.055670,0.36,194.4,1,7,2.4
2024-03-22T16:48:46Z,26.544713,-77.055685,0.08,321.9,1,7,2.4
2024-03-22T16:48:51Z,26.544707,-77.055685,0.29,141.8,1,7,2.4
2024-03-22T16:48:56Z,26.544708,-77.055683,0.04,102.5,1,7,2.3
2024-03-22T16:49:01Z,26.544715,-77.055680,0.22,165.8,1,7,2.3
2024-03-22T16:49:06Z,26.544742,-77.055675,0.19,249.4,1,7,2.3
2024-03-22T16:49:11Z,26.544737,-77.055670,0.26,8.8,1,7,2.3
2024-03-22T16:49:16Z,26.544742,-77.055668,0.32,71.0,1,7,2.3
2024-03-22T16:49:21Z,26.544750,-77.055663,0.11,125.7,1,7,2.3
2024-03-22T16:49:26Z,26.544738,-77.055663,0.20,240.8,1,7,2.3
2024-03-22T16:49:31Z,26.544722,-77.055665,0.51,176.3,1,7,2.3
2024-03-22T16:49:36Z,26.544710,-77.055667,0.27,245.8,1,7,2.3
2024-03-22T16:49:46Z,26.544740,-77.055653,0.38,62.2,1,7,2.3
2024-03-22T16:49:51Z,26.544753,-77.055652,0.35,247.1,1,7,2.3
2024-03-22T16:49:56Z,26.544780,-77.055645,0.11,59.1,1,7,2.3
2024-03-22T16:50:01Z,26.544775,-77.055645,0.19,199.3,1,7,2.3
2024-03-22T16:50:06Z,26.544758,-77.055643,0.08,175.4,1,7,2.3
2024-03-22T16:50:11Z,26.544778,-77.055637,0.42,198.2,1,6,2.3
2024-03-22T16:50:16Z,26.544768,-77.055637,0.10,322.5,1,6,2.3
2024-03-22T16:50:21Z,26.544768,-77.055633,0.09,187.2,1,6,2.3
2024-03-22T16:50:26Z,26.544778,-77.055633,0.36,280.4,1,7,2.3
2024-03-22T16:50:31Z,26.544797,-77.055630,0.55,175.2,1,6,2.3
2024-03-22T16:50:36Z,26.544775,-77.055633,0.12,63.4,1,6,2.3
2024-03-22T16:50:46Z,26.544782,-77.055640,0.35,202.1,1,6,2.3
2024-03-22T16:50:51Z,26.544757,-77.055643,1.15,185.1,1,6,2.3
2024-03-22T16:50:56Z,26.544747,-77.055647,0.38,173.3,1,6,2.3
2024-03-22T16:51:01Z,26.544760,-77.055637,0.44,141.9,1,6,2.3
2024-03-22T16:51:06Z,26.544762,-77.055635,0.47,21.6,1,7,2.2
2024-03-22T16:51:11Z,26.544787,-77.055630,0.33,84.1,1,7,2.2
2024-03-22T16:51:16Z,26.544772,-77.055628,0.42,72.5,1,7,2.2
2024-03-22T16:51:21Z,26.544762,-77.055610,0.91,90.7,1,7,2.2
2024-03-22T16:51:26Z,26.544783,-77.055613,0.41,353.7,1,7,2.2
2024-03-22T16:51:31Z,26.544810,-77.055622,0.08,240.4,1,6,2.5
2024-03-22T16:51:36Z,26.544787,-77.055618,0.71,130.9,1,5,2.7
2024-03-22T16:51:46Z,26.544732,-77.055632,0.91,165.3,1,5,2.7
2024-03-22T16:51:51Z,26.544720,-77.055645,0.30,199.8,1,6,2.5
2024-03-22T16:51:56Z,26.544707,-77.055650,1.97,197.1,1,6,2.5
2024-03-22T16:52:01Z,26.544655,-77.055655,1.21,195.0,1,6,2.5
2024-03-22T16:52:06Z,26.544668,-77.055655,0.10,350.1,1,6,2.5
2024-03-22T16:52:16Z,26.544657,-77.055662,1.62,179.5,1,6,2.5
2024-03-22T16:52:21Z,26.544683,-77.055660,1.10,19.3,1,5,2.6
2024-03-22T16:52:26Z,26.544650,-77.055662,1.48,177.6,1,6,2.5
2024-03-22T16:52:31Z,26.544675,-77.055645,0.23,191.0,1,5,5.1
2024-03-22T16:52:36Z,26.544613,-77.055663,0.36,136.7,1,6,2.5
2024-03-22T16:52:41Z,26.544642,-77.055667,0.72,21.9,1,6,2.5
2024-03-22T16:52:46Z,26.544642,-77.055668,0.40,90.6,1,6,2.4
2024-03-22T16:52:51Z,26.544677,-77.055667,0.27,327.0,1,6,2.4
2024-03-22T16:52:56Z,26.544710,-77.055670,0.58,7.4,1,7,2.1
2024-03-22T16:53:01Z,26.544752,-77.055683,1.22,338.3,1,7,2.1
2024-03-22T16:53:06Z,26.544790,-77.055682,0.77,40.6,1,7,2.1
2024-03-22T16:53:11Z,26.544803,-77.055673,1.35,327.7,1,7,2.1
2024-03-22T16:53:16Z,26.544810,-77.055667,0.32,27.7,1,7,2.1
2024-03-22T16:53:21Z,26.544833,-77.055662,0.20,309.4,1,7,2.1
2024-03-22T16:53:26Z,26.544837,-77.055660,0.18,335.5,1,7,2.1
2024-03-22T16:53:31Z,26.544842,-77.055665,0.07,295.3,1,7,2.1
2024-03-22T16:53:36Z,26.544817,-77.055655,0.44,129.0,1,7,2.1
2024-03-22T16:53:41Z,26.544788,-77.055655,0.57,176.7,1,7,2.1
2024-03-22T16:53:46Z,26.544780,-77.055643,1.11,173.4,1,7,2.1
2024-03-22T16:53:51Z,26.544738,-77.055650,0.92,171.9,1,7,2.1
2024-03-22T16:53:56Z,26.544718,-77.055655,1.19,169.6,1,7,2.1
2024-03-22T16:54:01Z,26.544642,-77.055640,1.76,169.1,1,7,2.1
2024-03-22T16:54:06Z,26.544572,-77.055642,2.05,168.6,1,7,2.1
2024-03-22T16:54:11Z,26.544537,-77.055642,1.77,170.9,1,7,2.0
2024-03-22T16:54:21Z,26.544568,-77.055648,0.73,163.3,1,7,2.0
2024-03-22T16:54:26Z,26.544567,-77.055650,1.12,155.3,1,7,2.0
2024-03-22T16:54:31Z,26.544567,-77.055653,0.53,182.7,1,7,2.0
2024-03-22T16:54:36Z,26.544553,-77.055663,0.79,184.9,1,6,3.0
2024-03-22T16:54:41Z,26.544565,-77.055650,1.04,160.5,1,7,2.0
2024-03-22T16:54:46Z,26.544570,-77.055645,0.65,94.2,1,6,2.1
2024-03-22T16:54:51Z,26.544567,-77.055653,0.38,124.6,1,7,2.0
2024-03-22T16:54:56Z,26.544562,-77.055645,0.83,169.6,1,7,2.0
2024-03-22T16:55:01Z,26.544540,-77.055633,0.74,108.9,1,7,2.0
2024-03-22T16:55:06Z,26.544515,-77.055607,0.78,151.9,1,6,2.1
2024-03-22T16:55:11Z,26.544525,-77.055605,0.97,174.1,1,5,3.2
2024-03-22T16:55:16Z,26.544625,-77.055607,0.88,2.3,1,5,3.2
2024-03-22T16:55:21Z,26.544712,-77.055612,1.19,8.8,1,5,3.2
2024-03-22T16:55:26Z,26.544767,-77.055620,1.92,353.3,1,5,3.2
2024-03-22T16:55:31Z,26.544813,-77.055632,1.05,7.1,1,6,2.9
2024-03-22T16:55:36Z,26.544878,-77.055650,2.00,357.8,1,5,3.2
2024-03-22T16:55:41Z,26.544867,-77.055653,0.64,343.4,1,5,3.1
2024-03-22T16:55:46Z,26.544890,-77.055665,1.99,350.2,1,5,3.1
2024-03-22T16:55:51Z,26.544900,-77.055662,0.94,6.8,1,5,3.1
2024-03-22T16:55:56Z,26.544982,-77.055682,2.00,342.7,1,5,3.1
2024-03-22T16:56:01Z,26.544983,-77.055692,0.50,161.9,1,4,3.5
2024-03-22T16:56:06Z,26.545002,-77.055695,1.17,347.4,1,6,2.0
2024-03-22T16:56:11Z,26.544958,-77.055718,1.34,305.8,1,4,3.5
2024-03-22T16:56:21Z,26.544895,-77.055722,0.67,70.3,1,4,3.5
2024-03-22T16:56:26Z,26.544835,-77.055670,1.16,148.8,1,4,3.5
2024-03-22T16:56:31Z,26.544795,-77.055667,0.96,192.0,1,6,2.0
2024-03-22T16:56:36Z,26.544757,-77.055638,1.10,138.0,1,7,1.9
2024-03-22T16:56:41Z,26.544742,-77.055643,0.70,160.1,1,7,1.9
2024-03-22T16:56:51Z,26.544738,-77.055623,1.11,70.3,1,7,1.9
2024-03-22T16:56:56Z,26.544763,-77.055608,0.15,104.3,1,7,1.9
2024-03-22T16:57:01Z,26.544762,-77.055597,0.28,85.7,1,7,1.9
2024-03-22T16:57:06Z,26.544732,-77.055602,0.49,131.4,1,7,1.9
2024-03-22T16:57:11Z,26.544737,-77.055595,0.60,112.1,1,7,1.9
2024-03-22T16:57:16Z,26.544735,-77.055617,0.31,199.2,1,7,1.9
2024-03-22T16:57:26Z,26.544703,-77.055613,1.86,199.0,1,7,1.9
2024-03-22T16:57:31Z,26.544685,-77.055615,0.06,123.9,1,7,1.9
2024-03-22T16:57:36Z,26.544682,-77.055617,0.30,189.4,1,7,1.9
2024-03-22T16:57:41Z,26.544698,-77.055617,0.25,255.9,1,7,1.9
2024-03-22T16:57:46Z,26.544668,-77.055613,0.61,53.5,1,7,1.9
2024-03-22T16:57:56Z,26.544652,-77.055620,0.66,189.8,1,7,1.9
2024-03-22T16:58:01Z,26.544655,-77.055625,0.26,77.3,1,7,1.9
2024-03-22T16:58:06Z,26.544682,-77.055625,0.34,36.4,1,7,1.9
2024-03-22T16:58:11Z,26.544680,-77.055620,0.27,99.4,1,7,1.9
2024-03-22T16:58:16Z,26.544693,-77.055620,0.58,55.0,1,6,1.9
2024-03-22T16:58:21Z,26.544703,-77.055620,0.52,184.3,1,6,1.9
2024-03-22T16:58:31Z,26.544705,-77.055610,0.59,172.5,1,6,1.9
2024-03-22T16:58:36Z,26.544728,-77.055607,0.19,337.8,1,7,1.8
2024-03-22T16:58:41Z,26.544703,-77.055612,0.47,166.6,1,7,1.8
2024-03-22T16:58:46Z,26.544650,-77.055617,1.50,185.6,1,7,1.8
2024-03-22T16:58:51Z,26.544625,-77.055620,0.26,65.5,1,7,1.8
2024-03-22T16:59:01Z,26.544647,-77.055622,0.05,135.5,1,7,1.8
2024-03-22T16:59:06Z,26.544642,-77.055627,0.38,186.2,1,7,1.8
2024-03-22T16:59:11Z,26.544628,-77.055615,0.20,78.0,1,7,1.8
2024-03-22T16:59:16Z,26.544647,-77.055612,1.44,10.7,1,7,1.8
2024-03-22T16:59:21Z,26.544617,-77.055623,0.98,180.8,1,6,3.9
2024-03-22T16:59:26Z,26.544570,-77.055638,0.62,149.4,1,6,3.9
2024-03-22T16:59:36Z,26.544518,-77.055647,2.29,184.1,1,6,3.9
2024-03-22T16:59:41Z,26.544512,-77.055647,1.30,189.3,1,6,3.9
2024-03-22T16:59:46Z,26.544563,-77.055642,0.55,42.8,1,6,3.9
2024-03-22T16:59:51Z,26.544602,-77.055640,0.53,19.7,1,6,3.9
2024-03-22T16:59:56Z,26.544613,-77.055642,0.23,106.5,1,7,1.8
2024-03-22T17:00:01Z,26.544615,-77.055643,1.14,188.5,1,7,1.8
2024-03-22T17:00:06Z,26.544597,-77.055652,0.46,6.0,1,7,1.8
2024-03-22T17:00:11Z,26.544585,-77.055655,1.08,193.9,1,7,1.8
2024-03-22T17:00:16Z,26.544605,-77.055650,0.57,23.1,1,7,1.8
2024-03-22T17:00:21Z,26.544637,-77.055650,0.30,196.1,1,7,1.8
2024-03-22T17:00:26Z,26.544623,-77.055652,1.12,179.8,1,7,1.8
2024-03-22T17:00:31Z,26.544612,-77.055655,1.16,22.9,1,7,1.8
2024-03-22T17:00:41Z,26.544665,-77.055642,1.18,45.1,1,7,1.8
2024-03-22T17:00:46Z,26.544693,-77.055627,0.16,159.0,1,5,2.1
2024-03-22T17:00:51Z,26.544680,-77.055633,1.13,176.9,1,7,1.8
2024-03-22T17:00:56Z,26.544660,-77.055645,0.51,10.4,1,7,1.7
2024-03-22T17:01:01Z,26.544645,-77.055660,0.54,174.9,1,7,1.7
2024-03-22T17:01:06Z,26.544617,-77.055667,0.13,215.8,1,7,1.7
2024-03-22T17:01:11Z,26.544648,-77.055662,1.49,10.6,1,7,1.7
2024-03-22T17:01:16Z,26.544660,-77.055655,0.73,169.9,1,7,1.7
2024-03-22T17:01:21Z,26.544630,-77.055658,0.77,175.8,1,7,1.7
2024-03-22T17:01:26Z,26.544623,-77.055662,0.82,4.3,1,7,1.7
2024-03-22T17:01:31Z,26.544640,-77.055658,0.78,14.3,1,7,1.7
2024-03-22T17:01:41Z,26.544632,-77.055662,0.29,157.6,1,7,1.7
2024-03-22T17:01:46Z,26.544627,-77.055663,0.28,48.3,1,7,1.7
2024-03-22T17:01:51Z,26.544655,-77.055657,1.40,12.2,1,7,1.7
2024-03-22T17:01:56Z,26.544642,-77.055662,0.71,171.2,1,7,1.7
2024-03-22T17:02:01Z,26.544635,-77.055658,0.15,47.4,1,7,1.7
2024-03-22T17:02:06Z,26.544628,-77.055657,0.36,169.8,1,6,3.9
2024-03-22T17:02:16Z,26.544615,-77.055652,0.66,176.8,1,7,1.7
2024-03-22T17:02:21Z,26.544610,-77.055653,0.06,167.5,1,7,1.7
2024-03-22T17:02:26Z,26.544615,-77.055652,0.21,31.7,1,7,1.7
2024-03-22T17:02:31Z,26.544630,-77.055640,0.31,170.1,1,7,1.7
2024-03-22T17:02:36Z,26.544625,-77.055645,0.15,164.5,1,7,1.7
2024-03-22T17:02:41Z,26.544607,-77.055652,1.30,183.9,1,7,1.7
2024-03-22T17:02:46Z,26.544590,-77.055658,0.76,179.0,1,7,1.7
2024-03-22T17:02:51Z,26.544578,-77.055652,1.39,183.6,1,7,1.7
2024-03-22T17:02:56Z,26.544578,-77.055647,1.53,180.3,1,7,1.7
2024-03-22T17:03:01Z,26.544588,-77.055655,1.45,5.1,1,7,1.7
2024-03-22T17:03:06Z,26.544610,-77.055652,1.28,4.0,1,7,1.7
2024-03-22T17:03:11Z,26.544633,-77.055647,0.14,107.5,1,7,1.7
2024-03-22T17:03:21Z,26.544598,-77.055643,0.60,192.5,1,7,1.7
2024-03-22T17:03:26Z,26.544592,-77.055655,0.50,256.7,1,7,1.7
2024-03-22T17:03:31Z,26.544575,-77.055657,0.44,245.6,1,7,1.7
2024-03-22T17:03:36Z,26.544575,-77.055662,0.05,306.8,1,7,1.7
2024-03-22T17:03:41Z,26.544613,-77.055650,0.84,61.5,1,7,1.7
2024-03-22T17:03:51Z,26.544617,-77.055652,0.34,136.7,1,7,1.6
2024-03-22T17:03:56Z,26.544695,-77.055637,0.16,124.8,1,7,1.6
2024-03-22T17:04:01Z,26.544687,-77.055648,0.52,351.7,1,7,1.6
2024-03-22T17:04:06Z,26.544668,-77.055643,0.52,46.2,1,7,1.6
2024-03-22T17:04:11Z,26.544710,-77.055638,2.01,10.9,1,7,1.6
2024-03-22T17:04:16Z,26.544690,-77.055632,2.29,181.2,1,6,1.9
2024-03-22T17:04:26Z,26.544742,-77.055617,0.19,34.9,1,7,1.6
2024-03-22T17:04:31Z,26.544733,-77.055633,1.43,202.2,1,7,1.6
2024-03-22T17:04:36Z,26.544737,-77.055662,0.19,269.6,1,7,1.6
2024-03-22T17:04:41Z,26.544717,-77.055658,0.34,20.5,1,7,1.6
2024-03-22T17:04:46Z,26.544712,-77.055658,0.65,62.5,1,7,1.6
2024-03-22T17:04:56Z,26.544770,-77.055645,0.62,208.2,1,7,1.6
2024-03-22T17:05:01Z,26.544787,-77.055635,0.46,60.2,1,7,1.6
2024-03-22T17:05:06Z,26.544813,-77.055638,0.81,4.8,1,7,1.6
2024-03-22T17:05:11Z,26.544828,-77.055643,0.63,27.4,1,7,1.6
2024-03-22T17:05:16Z,26.544820,-77.055648,0.24,148.4,1,7,1.6
2024-03-22T17:05:21Z,26.544798,-77.055648,0.53,225.2,1,7,1.6
2024-03-22T17:05:31Z,26.544765,-77.055648,0.06,13.9,1,7,1.6
2024-03-22T17:05:36Z,26.544768,-77.055652,0.19,47.6,1,7,1.6
2024-03-22T17:05:41Z,26.544750,-77.055642,0.43,10.8,1,7,1.6
2024-03-22T17:05:46Z,26.544755,-77.055648,0.78,179.5,1,7,1.6
2024-03-22T17:05:51Z,26.544757,-77.055633,0.01,98.6,1,7,1.6
2024-03-22T17:06:01Z,26.544773,-77.055647,0.18,262.6,1,7,1.6
2024-03-22T17:06:06Z,26.544767,-77.055652,0.49,344.1,1,7,1.6
2024-03-22T17:06:11Z,26.544780,-77.055650,0.66,7.2,1,7,1.6
2024-03-22T17:06:16Z,26.544752,-77.055665,0.91,26.0,1,7,1.6
2024-03-22T17:06:21Z,26.544737,-77.055655,0.73,191.3,1,6,3.9
2024-03-22T17:06:26Z,26.544712,-77.055662,0.37,206.1,1,6,3.9
2024-03-22T17:06:36Z,26.544750,-77.055652,0.12,83.5,1,7,1.6
2024-03-22T17:06:41Z,26.544772,-77.055647,1.73,181.7,1,7,1.6
2024-03-22T17:06:46Z,26.544747,-77.055660,0.44,334.2,1,7,1.6
2024-03-22T17:06:51Z,26.544722,-77.055668,0.23,6.3,1,7,1.6
2024-03-22T17:06:56Z,26.544658,-77.055693,2.29,188.4,1,6,3.9
2024-03-22T17:07:06Z,26.544563,-77.055703,0.58,168.7,1,6,3.9
2024-03-22T17:07:11Z,26.544585,-77.055688,0.16,43.7,1,5,4.2
2024-03-22T17:07:16Z,26.544637,-77.055672,0.45,350.5,1,5,4.2
2024-03-22T17:07:21Z,26.544562,-77.055697,1.55,196.0,1,5,4.2
2024-03-22T17:07:26Z,26.544482,-77.055718,1.46,180.5,1,5,4.2
2024-03-22T17:07:36Z,26.544445,-77.055722,0.39,148.4,1,5,4.2
2024-03-22T17:07:41Z,26.544435,-77.055723,0.40,86.1,1,5,4.2
2024-03-22T17:07:46Z,26.544383,-77.055740,0.76,187.1,1,4,4.5
2024-03-22T17:07:51Z,26.544282,-77.055773,1.65,193.1,1,4,4.5
2024-03-22T17:07:56Z,26.544200,-77.055797,1.38,179.3,1,5,4.2
2024-03-22T17:08:06Z,26.544127,-77.055820,0.98,174.8,1,4,4.5
2024-03-22T17:08:11Z,26.544092,-77.055833,0.43,203.1,1,4,4.5
2024-03-22T17:08:16Z,26.544083,-77.055832,0.71,163.6,1,4,4.5
2024-03-22T17:08:21Z,26.544033,-77.055852,1.66,192.1,1,4,4.6
2024-03-22T17:08:26Z,26.543973,-77.055868,0.59,183.2,1,4,4.6
2024-03-22T17:08:36Z,26.543927,-77.055883,0.48,352.8,1,5,2.0
2024-03-22T17:08:41Z,26.543978,-77.055860,0.26,103.2,1,5,2.0
2024-03-22T17:08:46Z,26.543997,-77.055852,0.54,112.9,1,5,2.0
2024-03-22T17:08:51Z,26.544080,-77.055825,0.88,15.0,1,7,1.5
2024-03-22T17:08:56Z,26.544173,-77.055787,0.14,157.8,1,8,1.5
2024-03-22T17:09:06Z,26.544418,-77.055717,0.74,25.9,1,8,1.5
2024-03-22T17:09:11Z,26.544557,-77.055688,0.51,58.1,1,7,1.7
2024-03-22T17:09:16Z,26.544642,-77.055672,0.73,23.7,1,7,1.7
2024-03-22T17:09:21Z,26.544683,-77.055668,0.40,80.3,1,7,1.7
2024-03-22T17:09:26Z,26.544703,-77.055667,0.32,12.9,1,7,1.7
2024-03-22T17:09:36Z,26.544697,-77.055657,0.52,141.0,1,7,1.7
2024-03-22T17:09:41Z,26.544698,-77.055643,0.52,24.7,1,7,1.7
2024-03-22T17:09:46Z,26.544688,-77.055638,0.54,164.1,1,6,1.9
2024-03-22T17:09:51Z,26.544675,-77.055640,0.03,106.4,1,6,1.9
2024-03-22T17:09:56Z,26.544687,-77.055638,0.26,120.7,1,7,1.6
2024-03-22T17:10:06Z,26.544657,-77.055645,0.61,214.0,1,7,1.5
2024-03-22T17:10:11Z,26.544657,-77.055648,0.42,174.7,1,7,1.5
2024-03-22T17:10:16Z,26.544660,-77.055657,0.33,253.2,1,7,1.5
2024-03-22T17:10:21Z,26.544687,-77.055655,0.29,55.5,1,7,1.5
2024-03-22T17:10:26Z,26.544670,-77.055653,0.66,164.6,1,8,1.5
2024-03-22T17:10:31Z,26.544673,-77.055643,0.22,125.6,1,8,1.4
2024-03-22T17:10:41Z,26.544705,-77.055632,0.29,114.0,1,8,1.4
2024-03-22T17:10:46Z,26.544700,-77.055623,0.50,118.9,1,8,1.4
2024-03-22T17:10:51Z,26.544697,-77.055617,0.22,122.8,1,8,1.4
2024-03-22T17:10:56Z,26.544693,-77.055615,0.18,146.3,1,8,1.4
2024-03-22T17:11:01Z,26.544692,-77.055615,0.22,140.8,1,8,1.4
2024-03-22T17:11:06Z,26.544690,-77.055612,0.24,139.3,1,8,1.4
2024-03-22T17:11:11Z,26.544690,-77.055613,0.12,192.5,1,8,1.4
2024-03-22T17:11:16Z,26.544690,-77.055615,0.43,137.7,1,8,1.4
2024-03-22T17:11:21Z,26.544688,-77.055623,0.13,216.6,1,8,1.4
2024-03-22T17:11:26Z,26.544687,-77.055630,0.18,224.6,1,8,1.4
2024-03-22T17:11:31Z,26.544680,-77.055632,0.35,145.4,1,8,1.4
2024-03-22T17:11:36Z,26.544680,-77.055635,0.25,159.3,1,8,1.4
2024-03-22T17:11:46Z,26.544645,-77.055633,0.25,163.1,1,8,1.4
2024-03-22T17:11:51Z,26.544673,-77.055638,0.29,133.7,1,8,1.4
2024-03-22T17:11:56Z,26.544690,-77.055645,0.27,64.8,1,8,1.4
2024-03-22T17:12:01Z,26.544708,-77.055648,0.23,333.9,1,8,1.4
2024-03-22T17:12:06Z,26.544707,-77.055645,0.27,160.0,1,8,1.4
2024-03-22T17:12:11Z,26.544695,-77.055650,0.08,67.2,1,8,1.4
2024-03-22T17:12:16Z,26.544688,-77.055650,0.18,57.6,1,8,1.4
2024-03-22T17:12:21Z,26.544672,-77.055652,0.19,164.4,1,8,1.4
2024-03-22T17:12:26Z,26.544670,-77.055650,0.17,125.7,1,8,1.4
2024-03-22T17:12:31Z,26.544667,-77.055652,0.44,158.0,1,8,1.4
2024-03-22T17:12:36Z,26.544663,-77.055655,0.29,137.8,1,7,1.6
2024-03-22T17:12:41Z,26.544662,-77.055658,0.10,261.7,1,7,1.6
2024-03-22T17:12:51Z,26.544655,-77.055657,0.20,279.1,1,7,1.6
2024-03-22T17:12:56Z,26.544670,-77.055652,0.37,92.8,1,7,1.6
2024-03-22T17:13:01Z,26.544663,-77.055648,0.16,187.9,1,7,1.6
2024-03-22T17:13:06Z,26.544688,-77.055657,0.38,276.7,1,8,1.4
2024-03-22T17:13:11Z,26.544700,-77.055667,0.29,220.3,1,8,1.4
2024-03-22T17:13:21Z,26.544700,-77.055673,0.15,253.2,1,7,1.6
2024-03-22T17:13:26Z,26.544697,-77.055673,0.03,108.8,1,7,1.6
2024-03-22T17:13:31Z,26.544685,-77.055665,0.15,247.3,1,7,1.6
2024-03-22T17:13:36Z,26.544678,-77.055672,0.21,158.7,1,8,1.4
2024-03-22T17:13:41Z,26.544690,-77.055673,0.23,205.7,1,8,1.4
2024-03-22T17:13:46Z,26.544653,-77.055667,1.14,167.0,1,8,1.4
2024-03-22T17:13:56Z,26.544642,-77.055652,0.44,165.3,1,8,1.4
2024-03-22T17:14:01Z,26.544657,-77.055650,0.58,193.9,1,8,1.4
2024-03-22T17:14:06Z,26.544627,-77.055653,0.23,324.3,1,8,1.4
2024-03-22T17:14:11Z,26.544655,-77.055657,0.35,64.4,1,8,1.4
2024-03-22T17:14:16Z,26.544663,-77.055642,0.70,156.3,1,8,1.4
2024-03-22T17:14:21Z,26.544660,-77.055638,0.37,330.3,1,8,1.4
2024-03-22T17:14:26Z,26.544667,-77.055643,0.87,183.1,1,8,1.4
2024-03-22T17:14:31Z,26.544657,-77.055637,0.42,92.3,1,8,1.4
2024-03-22T17:14:36Z,26.544667,-77.055638,0.19,117.8,1,8,1.4
2024-03-22T17:14:41Z,26.544678,-77.055627,0.26,317.7,1,8,1.4
2024-03-22T17:14:46Z,26.544703,-77.055633,0.44,167.0,1,8,1.4
2024-03-22T17:14:51Z,26.544738,-77.055625,0.20,106.8,1,8,1.4
2024-03-22T17:15:01Z,26.544767,-77.055628,0.23,195.1,1,8,1.4
2024-03-22T17:15:06Z,26.544768,-77.055638,0.26,245.3,1,8,1.4
2024-03-22T17:15:11Z,26.544760,-77.055638,0.96,185.2,1,8,1.4
2024-03-22T17:15:16Z,26.544733,-77.055637,0.32,195.4,1,8,1.3
2024-03-22T17:15:21Z,26.544723,-77.055633,0.31,201.8,1,8,1.3
2024-03-22T17:15:26Z,26.544708,-77.055632,0.85,180.5,1,8,1.3
2024-03-22T17:15:31Z,26.544710,-77.055653,0.44,6.5,1,8,1.3
2024-03-22T17:15:36Z,26.544708,-77.055663,0.13,83.2,1,8,1.3
2024-03-22T17:15:41Z,26.544705,-77.055660,0.24,329.9,1,8,1.3
2024-03-22T17:15:46Z,26.544687,-77.055658,0.50,168.7,1,8,1.3
2024-03-22T17:15:51Z,26.544672,-77.055663,0.05,222.1,1,8,1.3
2024-03-22T17:15:56Z,26.544650,-77.055667,0.11,234.0,1,8,1.3
2024-03-22T17:16:01Z,26.544677,-77.055672,0.45,296.8,1,8,1.3
2024-03-22T17:16:06Z,26.544710,-77.055652,0.90,9.1,1,8,1.3
2024-03-22T17:16:11Z,26.544718,-77.055662,0.15,118.8,1,8,1.3
2024-03-22T17:16:16Z,26.544743,-77.055648,0.10,92.3,1,8,1.3
2024-03-22T17:16:21Z,26.544745,-77.055672,1.06,204.4,1,8,1.3
2024-03-22T17:16:26Z,26.544738,-77.055650,0.83,102.6,1,8,1.3
2024-03-22T17:16:36Z,26.544738,-77.055627,0.57,191.1,1,8,1.3
2024-03-22T17:16:41Z,26.544713,-77.055642,0.40,212.9,1,8,1.3
2024-03-22T17:16:46Z,26.544707,-77.055640,1.36,140.4,1,5,4.5
2024-03-22T17:16:51Z,26.544703,-77.055617,0.62,57.1,1,8,1.3
2024-03-22T17:16:56Z,26.544725,-77.055618,2.45,11.0,1,7,1.3
2024-03-22T17:17:06Z,26.544763,-77.055640,1.38,183.8,1,6,4.0
2024-03-22T17:17:11Z,26.544682,-77.055643,2.01,178.0,1,7,1.3
2024-03-22T17:17:16Z,26.544647,-77.055630,0.89,189.3,1,7,1.3
2024-03-22T17:17:21Z,26.544667,-77.055638,1.35,6.8,1,7,1.3
2024-03-22T17:17:26Z,26.544675,-77.055638,1.10,178.1,1,7,1.3
2024-03-22T17:17:31Z,26.544667,-77.055633,0.26,120.9,1,7,1.3
2024-03-22T17:17:36Z,26.544675,-77.055633,0.49,39.5,1,7,1.3
2024-03-22T17:17:41Z,26.544657,-77.055645,2.34,179.4,1,8,1.3
2024-03-22T17:17:46Z,26.544658,-77.055657,0.57,235.7,1,8,1.3
2024-03-22T17:17:51Z,26.544698,-77.055643,1.61,13.7,1,8,1.3
2024-03-22T17:17:56Z,26.544708,-77.055655,0.32,42.3,1,8,1.3
2024-03-22T17:18:01Z,26.544693,-77.055650,0.96,145.0,1,8,1.3
2024-03-22T17:18:11Z,26.544672,-77.055685,0.20,108.1,1,8,1.3
2024-03-22T17:18:16Z,26.544665,-77.055693,1.27,188.5,1,8,1.3
2024-03-22T17:18:21Z,26.544672,-77.055693,0.28,125.6,1,8,1.3
2024-03-22T17:18:26Z,26.544665,-77.055677,0.32,69.4,1,8,1.3
2024-03-22T17:18:31Z,26.544670,-77.055695,0.31,342.4,1,8,1.3
2024-03-22T17:18:36Z,26.544698,-77.055692,0.64,221.0,1,8,1.3
2024-03-22T17:18:41Z,26.544685,-77.055692,0.24,50.0,1,8,1.3
2024-03-22T17:18:46Z,26.544682,-77.055667,0.59,120.3,1,8,1.3
2024-03-22T17:18:51Z,26.544653,-77.055668,0.76,207.8,1,8,1.3
2024-03-22T17:18:56Z,26.544672,-77.055662,0.91,165.0,1,8,1.3
2024-03-22T17:19:01Z,26.544730,-77.055645,0.41,137.2,1,8,1.3
2024-03-22T17:19:06Z,26.544787,-77.055635,0.26,107.1,1,8,1.3
2024-03-22T17:19:16Z,26.544802,-77.055645,0.72,338.0,1,8,1.3
2024-03-22T17:19:21Z,26.544835,-77.055643,0.86,334.3,1,8,1.3
2024-03-22T17:19:26Z,26.544825,-77.055632,0.93,153.0,1,8,1.3
2024-03-22T17:19:31Z,26.544785,-77.055637,1.00,156.4,1,8,1.3
2024-03-22T17:19:36Z,26.544770,-77.055628,1.65,169.9,1,8,1.3
2024-03-22T17:19:41Z,26.544765,-77.055623,1.25,182.3,1,7,1.3
2024-03-22T17:19:51Z,26.544763,-77.055628,0.88,188.0,1,7,1.3
2024-03-22T17:19:56Z,26.544765,-77.055642,1.28,181.5,1,8,1.3
2024-03-22T17:20:01Z,26.544773,-77.055637,0.09,47.4,1,7,1.3
2024-03-22T17:20:06Z,26.544772,-77.055640,0.42,293.7,1,8,1.3
2024-03-22T17:20:11Z,26.544757,-77.055647,0.29,104.8,1,7,1.3
2024-03-22T17:20:21Z,26.544738,-77.055657,0.32,26.2,1,7,1.3
2024-03-22T17:20:26Z,26.544690,-77.055647,0.68,173.5,1,7,1.3
2024-03-22T17:20:31Z,26.544693,-77.055650,0.24,39.3,1,8,1.3
2024-03-22T17:20:36Z,26.544673,-77.055657,0.52,246.4,1,8,1.3
2024-03-22T17:20:41Z,26.544668,-77.055650,0.31,123.0,1,8,1.3
2024-03-22T17:20:46Z,26.544702,-77.055650,0.42,26.4,1,8,1.3
2024-03-22T17:20:56Z,26.544717,-77.055655,0.25,97.5,1,8,1.3
2024-03-22T17:21:01Z,26.544718,-77.055655,0.34,132.7,1,8,1.3
2024-03-22T17:21:06Z,26.544712,-77.055648,0.33,222.2,1,8,1.3
2024-03-22T17:21:11Z,26.544710,-77.055643,0.39,256.5,1,8,1.3
2024-03-22T17:21:16Z,26.544700,-77.055647,0.19,48.9,1,8,1.2
2024-03-22T17:21:21Z,26.544697,-77.055650,0.24,165.8,1,8,1.2
2024-03-22T17:21:31Z,26.544698,-77.055640,0.64,68.2,1,8,1.2
2024-03-22T17:21:36Z,26.544688,-77.055652,0.62,134.9,1,8,1.2
2024-03-22T17:21:41Z,26.544678,-77.055640,0.24,149.8,1,8,1.2
2024-03-22T17:21:46Z,26.544683,-77.055633,0.17,124.2,1,8,1.2
2024-03-22T17:21:51Z,26.544685,-77.055642,0.78,219.1,1,8,1.2
2024-03-22T17:21:56Z,26.544682,-77.055642,0.31,167.2,1,8,1.2
2024-03-22T17:22:01Z,26.544650,-77.055648,0.72,172.6,1,8,1.2
2024-03-22T17:22:06Z,26.544627,-77.055638,0.55,136.7,1,8,1.2
2024-03-22T17:22:11Z,26.544603,-77.055637,0.30,191.2,1,8,1.2
2024-03-22T17:22:16Z,26.544613,-77.055628,0.45,191.3,1,7,1.5
2024-03-22T17:22:21Z,26.544610,-77.055640,0.38,87.3,1,8,1.2
2024-03-22T17:22:26Z,26.544627,-77.055638,0.06,217.2,1,8,1.2
2024-03-22T17:22:36Z,26.544642,-77.055655,0.08,243.3,1,8,1.2
2024-03-22T17:22:41Z,26.544643,-77.055645,0.34,209.1,1,8,1.2
2024-03-22T17:22:46Z,26.544655,-77.055668,0.33,243.6,1,8,1.2
2024-03-22T17:22:51Z,26.544657,-77.055682,0.48,233.4,1,8,1.2
2024-03-22T17:22:56Z,26.544648,-77.055688,0.10,146.9,1,8,1.2
2024-03-22T17:23:01Z,26.544643,-77.055693,0.25,236.0,1,8,1.2
2024-03-22T17:23:11Z,26.544620,-77.055667,0.35,171.1,1,8,1.2
2024-03-22T17:23:16Z,26.544610,-77.055662,0.51,180.1,1,8,1.2
2024-03-22T17:23:21Z,26.544605,-77.055653,0.36,123.7,1,8,1.2
2024-03-22T17:23:26Z,26.544600,-77.055645,0.26,144.2,1,8,1.2
2024-03-22T17:23:31Z,26.544635,-77.055655,0.47,73.4,1,8,1.2
2024-03-22T17:23:36Z,26.544657,-77.055668,0.43,277.8,1,8,1.2
2024-03-22T17:23:46Z,26.544675,-77.055695,0.30,42.4,1,8,1.2
2024-03-22T17:23:51Z,26.544658,-77.055673,0.40,240.3,1,8,1.2
2024-03-22T17:23:56Z,26.544642,-77.055660,0.75,105.3,1,8,1.2
2024-03-22T17:24:01Z,26.544630,-77.055653,0.50,238.0,1,8,1.2
2024-03-22T17:24:06Z,26.544620,-77.055653,0.37,185.7,1,8,1.2
2024-03-22T17:24:11Z,26.544642,-77.055662,0.16,290.7,1,8,1.2
2024-03-22T17:24:21Z,26.544682,-77.055685,0.51,276.8,1,8,1.2
2024-03-22T17:24:26Z,26.544693,-77.055683,0.23,72.6,1,8,1.2
2024-03-22T17:24:31Z,26.544705,-77.055690,0.49,293.3,1,8,1.2
2024-03-22T17:24:36Z,26.544702,-77.055693,0.31,249.4,1,8,1.2
2024-03-22T17:24:41Z,26.544700,-77.055693,0.10,7.7,1,8,1.2
2024-03-22T17:24:46Z,26.544700,-77.055683,0.85,84.3,1,8,1.2
2024-03-22T17:24:51Z,26.544693,-77.055687,0.61,82.2,1,8,1.2
2024-03-22T17:24:56Z,26.544683,-77.055685,0.21,92.9,1,8,1.2
2024-03-22T17:25:01Z,26.544675,-77.055677,0.17,219.0,1,8,1.2
2024-03-22T17:25:06Z,26.544678,-77.055673,0.47,113.8,1,8,1.2
2024-03-22T17:25:11Z,26.544687,-77.055670,0.33,157.6,1,8,1.2
2024-03-22T17:25:16Z,26.544658,-77.055697,0.84,169.6,1,8,1.2
2024-03-22T17:25:26Z,26.544652,-77.055695,0.86,142.7,1,8,1.2
2024-03-22T17:25:31Z,26.544652,-77.055697,1.28,181.0,1,8,1.2
2024-03-22T17:25:36Z,26.544650,-77.055698,0.43,291.5,1,8,1.2
2024-03-22T17:25:41Z,26.544670,-77.055698,1.03,173.2,1,8,1.2
2024-03-22T17:25:46Z,26.544662,-77.055703,0.41,66.1,1,8,1.2
2024-03-22T17:25:51Z,26.544662,-77.055707,0.61,53.1,1,8,1.2
2024-03-22T17:25:56Z,26.544670,-77.055705,0.46,56.0,1,8,1.2
2024-03-22T17:26:01Z,26.544672,-77.055700,0.26,177.9,1,8,1.2
2024-03-22T17:26:06Z,26.544672,-77.055697,1.11,25.7,1,8,1.2
2024-03-22T17:26:11Z,26.544665,-77.055692,1.03,168.2,1,8,1.2
2024-03-22T17:26:16Z,26.544657,-77.055682,0.31,346.9,1,8,1.2
2024-03-22T17:26:21Z,26.544668,-77.055693,0.53,34.3,1,7,1.4
2024-03-22T17:26:31Z,26.544677,-77.055687,1.02,166.7,1,8,1.2
2024-03-22T17:26:36Z,26.544667,-77.055685,1.78,163.0,1,7,1.9
2024-03-22T17:26:41Z,26.544692,-77.055675,0.95,1.1,1,8,1.2
2024-03-22T17:26:46Z,26.544693,-77.055673,0.76,192.1,1,7,1.3
2024-03-22T17:26:51Z,26.544687,-77.055682,0.54,201.9,1,7,1.3
2024-03-22T17:27:01Z,26.544633,-77.055673,2.04,172.1,1,7,1.3
2024-03-22T17:27:06Z,26.544633,-77.055660,0.63,165.8,1,7,1.3
2024-03-22T17:27:11Z,26.544637,-77.055663,0.59,163.9,1,5,2.2
2024-03-22T17:27:16Z,26.544698,-77.055662,0.42,35.9,1,5,2.2
2024-03-22T17:27:21Z,26.544692,-77.055660,0.36,170.0,1,6,2.1
2024-03-22T17:27:26Z,26.544690,-77.055687,0.50,216.8,1,6,2.1
2024-03-22T17:27:31Z,26.544633,-77.055675,1.34,171.0,1,5,2.2
2024-03-22T17:27:36Z,26.544660,-77.055673,0.14,120.7,1,6,1.9
2024-03-22T17:27:41Z,26.544603,-77.055653,0.98,141.1,1,8,1.2
2024-03-22T17:27:46Z,26.544602,-77.055657,0.43,170.0,1,7,1.9
2024-03-22T17:27:51Z,26.544627,-77.055652,0.47,179.4,1,8,1.2
2024-03-22T17:27:56Z,26.544690,-77.055652,0.90,290.5,1,7,1.2
2024-03-22T17:28:06Z,26.544678,-77.055625,1.01,130.0,1,7,1.2
2024-03-22T17:28:11Z,26.544675,-77.055637,0.76,276.7,1,8,1.2
2024-03-22T17:28:16Z,26.544673,-77.055652,0.72,75.5,1,8,1.2
2024-03-22T17:28:21Z,26.544682,-77.055638,0.60,147.2,1,8,1.2
2024-03-22T17:28:26Z,26.544692,-77.055652,0.85,194.5,1,8,1.2
2024-03-22T17:28:31Z,26.544703,-77.055655,0.31,219.2,1,8,1.2
2024-03-22T17:28:41Z,26.544678,-77.055685,0.34,140.0,1,8,1.2
2024-03-22T17:28:46Z,26.544672,-77.055693,0.60,237.6,1,8,1.2
2024-03-22T17:28:51Z,26.544677,-77.055698,0.19,143.0,1,8,1.2
2024-03-22T17:28:56Z,26.544687,-77.055683,0.14,82.0,1,8,1.2
2024-03-22T17:29:01Z,26.544690,-77.055670,0.06,80.1,1,8,1.2
2024-03-22T17:29:06Z,26.544693,-77.055663,0.34,73.1,1,8,1.2
2024-03-22T17:29:16Z,26.544653,-77.055655,0.06,76.9,1,8,1.2
2024-03-22T17:29:21Z,26.544662,-77.055647,0.07,180.2,1,8,1.2
2024-03-22T17:29:26Z,26.544665,-77.055633,0.17,299.6,1,8,1.1
2024-03-22T17:29:31Z,26.544670,-77.055643,0.21,130.3,1,8,1.1
2024-03-22T17:29:36Z,26.544675,-77.055663,0.32,95.9,1,8,1.1
2024-03-22T17:29:41Z,26.544682,-77.055670,0.25,284.4,1,8,1.1
2024-03-22T17:29:51Z,26.544688,-77.055678,0.30,76.8,1,8,1.1
2024-03-22T17:29:56Z,26.544692,-77.055677,0.31,106.0,1,8,1.1
2024-03-22T17:30:01Z,26.544692,-77.055675,0.34,240.9,1,8,1.1
2024-03-22T17:30:06Z,26.544695,-77.055678,0.41,148.4,1,8,1.1
2024-03-22T17:30:11Z,26.544695,-77.055670,0.27,84.4,1,8,1.1
2024-03-22T17:30:16Z,26.544695,-77.055665,0.19,113.3,1,8,1.1
2024-03-22T17:30:26Z,26.544702,-77.055667,0.40,105.5,1,8,1.1
2024-03-22T17:30:31Z,26.544700,-77.055660,0.55,251.3,1,8,1.1
2024-03-22T17:30:36Z,26.544703,-77.055663,0.17,9.3,1,8,1.1
2024-03-22T17:30:41Z,26.544705,-77.055650,0.48,61.7,1,8,1.1
2024-03-22T17:30:46Z,26.544703,-77.055653,0.00,11.5,1,7,1.3
2024-03-22T17:30:51Z,26.544697,-77.055645,0.19,121.5,1,8,1.1
2024-03-22T17:30:56Z,26.544685,-77.055628,0.16,142.4,1,8,1.1
2024-03-22T17:31:01Z,26.544695,-77.055638,0.06,327.5,1,8,1.1
2024-03-22T17:31:06Z,26.544693,-77.055645,0.82,168.1,1,8,1.1
2024-03-22T17:31:11Z,26.544690,-77.055645,0.09,182.4,1,8,1.1
2024-03-22T17:31:16Z,26.544697,-77.055655,0.29,237.2,1,8,1.1
2024-03-22T17:31:21Z,26.544698,-77.055657,0.40,81.3,1,8,1.1
2024-03-22T17:31:31Z,26.544702,-77.055663,0.55,128.8,1,8,1.1
2024-03-22T17:31:36Z,26.544698,-77.055660,0.31,71.1,1,8,1.1
2024-03-22T17:31:41Z,26.544690,-77.055658,0.48,152.1,1,8,1.1
2024-03-22T17:31:46Z,26.544685,-77.055648,0.24,222.5,1,6,1.5
2024-03-22T17:31:51Z,26.544667,-77.055628,0.55,123.9,1,6,1.5
2024-03-22T17:32:01Z,26.544675,-77.055630,0.33,243.4,1,6,1.5
2024-03-22T17:32:06Z,26.544683,-77.055657,1.02,227.3,1,7,1.3
2024-03-22T17:32:11Z,26.544692,-77.055652,0.66,59.8,1,7,1.3
2024-03-22T17:32:16Z,26.544705,-77.055650,0.51,85.6,1,7,1.3
2024-03-22T17:32:21Z,26.544703,-77.055655,0.40,296.7,1,7,1.3
2024-03-22T17:32:26Z,26.544712,-77.055690,0.43,309.3,1,7,1.3
2024-03-22T17:32:36Z,26.544692,-77.055685,0.69,10.2,1,7,1.3
2024-03-22T17:32:41Z,26.544677,-77.055668,0.33,23.2,1,7,1.3
2024-03-22T17:32:46Z,26.544657,-77.055660,0.70,154.0,1,7,1.3
2024-03-22T17:32:51Z,26.544618,-77.055632,0.92,135.4,1,7,1.3
2024-03-22T17:32:56Z,26.544633,-77.055633,0.10,332.2,1,7,1.3
2024-03-22T17:33:06Z,26.544660,-77.055648,0.22,305.1,1,7,1.3
2024-03-22T17:33:11Z,26.544690,-77.055638,0.53,10.3,1,7,1.3
2024-03-22T17:33:16Z,26.544685,-77.055638,0.13,149.3,1,7,1.3
2024-03-22T17:33:21Z,26.544665,-77.055650,0.41,295.3,1,7,1.3
2024-03-22T17:33:26Z,26.544685,-77.055663,0.30,231.5,1,7,1.3
2024-03-22T17:33:31Z,26.544647,-77.055642,0.58,144.7,1,7,1.3
2024-03-22T17:33:41Z,26.544680,-77.055637,0.63,178.8,1,7,1.3
2024-03-22T17:33:46Z,26.544720,-77.055657,0.30,309.6,1,7,1.3
2024-03-22T17:33:51Z,26.544690,-77.055660,0.79,162.4,1,7,1.3
2024-03-22T17:33:56Z,26.544707,-77.055683,0.35,287.9,1,6,1.3
2024-03-22T17:34:01Z,26.544698,-77.055683,0.31,176.1,1,6,1.3
2024-03-22T17:34:11Z,26.544683,-77.055688,0.66,309.5,1,7,1.3
2024-03-22T17:34:16Z,26.544707,-77.055683,0.75,340.2,1,7,1.3
2024-03-22T17:34:21Z,26.544693,-77.055672,0.75,164.6,1,7,1.3
2024-03-22T17:34:26Z,26.544690,-77.055667,0.51,215.4,1,7,1.3
2024-03-22T17:34:31Z,26.544698,-77.055682,0.16,331.5,1,6,1.5
2024-03-22T17:34:41Z,26.544680,-77.055685,0.35,301.1,1,5,1.8
2024-03-22T17:34:46Z,26.544672,-77.055672,0.34,282.5,1,7,1.3
2024-03-22T17:34:51Z,26.544643,-77.055655,0.95,163.7,1,5,1.7
2024-03-22T17:34:56Z,26.544633,-77.055607,0.84,32.6,1,5,1.7
2024-03-22T17:35:01Z,26.544662,-77.055568,0.50,95.9,1,6,1.5
2024-03-22T17:35:11Z,26.544645,-77.055575,0.94,168.3,1,7,1.3
2024-03-22T17:35:16Z,26.544617,-77.055550,0.58,132.2,1,7,1.3
2024-03-22T17:35:21Z,26.544622,-77.055542,0.67,145.1,1,7,1.2
2024-03-22T17:35:26Z,26.544643,-77.055562,0.38,166.9,1,7,1.2
2024-03-22T17:35:31Z,26.544657,-77.055547,0.91,352.2,1,7,1.2
2024-03-22T17:35:36Z,26.544665,-77.055522,0.59,126.6,1,7,1.2
2024-03-22T17:35:41Z,26.544667,-77.055517,0.22,334.6,1,7,1.2
2024-03-22T17:35:46Z,26.544633,-77.055548,0.15,20.2,1,7,1.2
2024-03-22T17:35:51Z,26.544653,-77.055557,0.85,358.3,1,6,1.3
2024-03-22T17:35:56Z,26.544682,-77.055583,0.22,250.8,1,6,1.3
2024-03-22T17:36:01Z,26.544685,-77.055602,0.87,191.7,1,7,1.2
2024-03-22T17:36:06Z,26.544648,-77.055602,0.62,273.5,1,7,1.2
2024-03-22T17:36:16Z,26.544645,-77.055607,0.70,150.2,1,7,1.2
2024-03-22T17:36:21Z,26.544637,-77.055615,0.38,244.9,1,7,1.2
2024-03-22T17:36:26Z,26.544663,-77.055652,0.52,318.8,1,7,1.2
2024-03-22T17:36:31Z,26.544653,-77.055658,0.76,139.9,1,7,1.2
2024-03-22T17:36:36Z,26.544658,-77.055672,0.66,273.8,1,7,1.2
2024-03-22T17:36:46Z,26.544650,-77.055667,0.37,171.5,1,7,1.2
2024-03-22T17:36:51Z,26.544638,-77.055688,0.73,184.4,1,7,1.2
2024-03-22T17:36:56Z,26.544663,-77.055693,0.14,58.7,1,7,1.2
2024-03-22T17:37:01Z,26.544618,-77.055688,0.68,143.7,1,7,1.2
2024-03-22T17:37:06Z,26.544617,-77.055682,2.04,157.5,1,7,1.2
2024-03-22T17:37:11Z,26.544575,-77.055672,1.23,220.8,1,7,1.2
2024-03-22T17:37:21Z,26.544628,-77.055692,0.96,157.6,1,7,1.2
2024-03-22T17:37:26Z,26.544658,-77.055708,0.42,187.1,1,7,1.2
2024-03-22T17:37:31Z,26.544647,-77.055702,1.01,146.8,1,7,1.2
2024-03-22T17:37:36Z,26.544633,-77.055697,0.53,181.4,1,7,1.2
2024-03-22T17:37:41Z,26.544650,-77.055700,0.20,126.6,1,7,1.2
2024-03-22T17:37:51Z,26.544653,-77.055682,0.08,79.1,1,7,1.2
2024-03-22T17:37:56Z,26.544635,-77.055675,0.27,222.8,1,7,1.2
2024-03-22T17:38:01Z,26.544663,-77.055687,0.16,287.4,1,6,1.5
2024-03-22T17:38:06Z,26.544672,-77.055672,0.49,111.6,1,6,1.5
2024-03-22T17:38:11Z,26.544663,-77.055695,0.89,222.4,1,6,1.5
2024-03-22T17:38:21Z,26.544697,-77.055703,0.79,122.5,1,6,1.5
2024-03-22T17:38:26Z,26.544708,-77.055708,0.78,84.6,1,6,1.5
2024-03-22T17:38:31Z,26.544687,-77.055683,0.63,111.6,1,6,1.5
2024-03-22T17:38:36Z,26.544688,-77.055680,0.26,181.9,1,7,1.2
2024-03-22T17:38:41Z,26.544687,-77.055673,0.52,130.0,1,7,1.2
2024-03-22T17:38:46Z,26.544692,-77.055687,0.59,184.2,1,7,1.2
2024-03-22T17:38:51Z,26.544693,-77.055683,0.11,305.5,1,7,1.2
2024-03-22T17:38:56Z,26.544685,-77.055668,0.55,139.8,1,7,1.2
2024-03-22T17:39:01Z,26.544662,-77.055647,0.24,99.0,1,7,1.2
2024-03-22T17:39:06Z,26.544657,-77.055632,0.21,115.7,1,7,1.2
2024-03-22T17:39:11Z,26.544650,-77.055620,0.16,53.6,1,7,1.2
2024-03-22T17:39:21Z,26.544672,-77.055600,0.58,124.8,1,7,1.2
2024-03-22T17:39:26Z,26.544667,-77.055592,0.10,300.1,1,7,1.2
2024-03-22T17:39:31Z,26.544650,-77.055590,0.29,102.8,1,7,1.2
2024-03-22T17:39:36Z,26.544642,-77.055597,0.07,216.9,1,7,1.2
2024-03-22T17:39:41Z,26.544663,-77.055612,0.54,108.4,1,7,1.2
2024-03-22T17:39:51Z,26.544660,-77.055615,0.78,124.5,1,7,1.2
2024-03-22T17:39:56Z,26.544653,-77.055622,0.38,284.2,1,7,1.2
2024-03-22T17:40:01Z,26.544665,-77.055642,0.56,189.8,1,7,1.2
2024-03-22T17:40:06Z,26.544672,-77.055660,0.55,142.3,1,6,1.9
2024-03-22T17:40:11Z,26.544670,-77.055673,0.33,211.7,1,6,1.9
2024-03-22T17:40:21Z,26.544637,-77.055667,1.04,183.8,1,7,1.2
2024-03-22T17:40:26Z,26.544632,-77.055687,0.34,271.9,1,6,1.5
2024-03-22T17:40:31Z,26.544615,-77.055678,0.90,167.0,1,6,1.5
2024-03-22T17:40:36Z,26.544608,-77.055660,0.25,347.4,1,6,1.5
2024-03-22T17:40:41Z,26.544608,-77.055663,0.55,153.2,1,6,1.5
2024-03-22T17:40:46Z,26.544603,-77.055673,0.32,173.0,1,5,2.4
2024-03-22T17:40:56Z,26.544618,-77.055658,0.58,146.2,1,6,1.5
2024-03-22T17:41:01Z,26.544617,-77.055663,0.43,169.3,1,6,1.5
2024-03-22T17:41:06Z,26.544623,-77.055662,0.08,76.3,1,6,1.5
2024-03-22T17:41:11Z,26.544625,-77.055662,0.70,170.4,1,7,1.2
2024-03-22T17:41:16Z,26.544623,-77.055665,0.38,189.7,1,7,1.2
2024-03-22T17:41:26Z,26.544625,-77.055642,0.74,97.3,1,7,1.2
2024-03-22T17:41:31Z,26.544623,-77.055648,1.08,144.4,1,7,1.2
2024-03-22T17:41:36Z,26.544623,-77.055637,0.45,137.9,1,7,1.2
2024-03-22T17:41:41Z,26.544632,-77.055630,0.23,130.4,1,7,1.2
2024-03-22T17:41:46Z,26.544655,-77.055647,0.16,351.7,1,6,1.9
2024-03-22T17:41:51Z,26.544685,-77.055650,0.23,56.1,1,6,1.9
2024-03-22T17:42:01Z,26.544723,-77.055662,0.44,63.9,1,6,1.9
2024-03-22T17:42:06Z,26.544718,-77.055648,0.54,31.4,1,7,1.2
2024-03-22T17:42:11Z,26.544715,-77.055642,0.78,79.7,1,7,1.2
2024-03-22T17:42:16Z,26.544693,-77.055637,0.21,48.9,1,7,1.2
2024-03-22T17:42:21Z,26.544682,-77.055638,0.37,231.0,1,7,1.2
2024-03-22T17:42:31Z,26.544697,-77.055680,0.61,210.4,1,7,1.2
2024-03-22T17:42:36Z,26.544712,-77.055672,0.21,105.3,1,7,1.2
2024-03-22T17:42:41Z,26.544717,-77.055653,0.59,131.8,1,7,1.2
2024-03-22T17:42:46Z,26.544698,-77.055635,0.47,133.9,1,7,1.2
2024-03-22T17:42:51Z,26.544693,-77.055628,0.21,301.1,1,7,1.2
2024-03-22T17:43:01Z,26.544682,-77.055625,0.33,113.2,1,7,1.2
2024-03-22T17:43:06Z,26.544673,-77.055613,0.23,130.9,1,7,1.2
2024-03-22T17:43:11Z,26.544672,-77.055612,0.52,199.2,1,7,1.2
2024-03-22T17:43:16Z,26.544677,-77.055622,0.31,114.8,1,7,1.2
2024-03-22T17:43:21Z,26.544690,-77.055622,1.01,100.0,1,7,1.2
2024-03-22T17:43:26Z,26.544693,-77.055637,1.08,164.0,1,6,1.6
2024-03-22T17:43:31Z,26.544670,-77.055623,1.21,120.6,1,6,1.6
2024-03-22T17:43:36Z,26.544668,-77.055623,0.37,158.3,1,6,1.6
2024-03-22T17:43:41Z,26.544673,-77.055640,0.53,204.8,1,6,1.6
2024-03-22T17:43:46Z,26.544682,-77.055638,0.41,196.8,1,6,1.6
2024-03-22T17:43:51Z,26.544688,-77.055627,0.35,32.5,1,6,1.6
2024-03-22T17:44:01Z,26.544730,-77.055663,1.27,123.2,1,6,1.6
2024-03-22T17:44:06Z,26.544687,-77.055640,0.59,193.3,1,5,2.3
2024-03-22T17:44:11Z,26.544673,-77.055633,0.30,99.2,1,7,1.2
2024-03-22T17:44:16Z,26.544672,-77.055635,0.54,161.1,1,7,1.2
2024-03-22T17:44:21Z,26.544642,-77.055655,1.35,159.3,1,7,1.2
2024-03-22T17:44:26Z,26.544667,-77.055703,1.65,323.4,1,6,1.3
2024-03-22T17:44:31Z,26.544700,-77.055697,0.54,62.2,1,5,1.8
2024-03-22T17:44:36Z,26.544745,-77.055678,1.57,314.7,1,4,2.9
2024-03-22T17:44:41Z,26.544693,-77.055602,3.05,142.5,1,5,1.8
2024-03-22T17:44:46Z,26.544640,-77.055563,2.36,154.2,1,5,1.8
2024-03-22T17:44:51Z,26.544607,-77.055535,0.86,6.1,1,5,1.8
2024-03-22T17:45:01Z,26.544537,-77.055515,2.29,147.0,1,4,2.4
2024-03-22T17:45:06Z,26.544623,-77.055557,3.77,312.7,1,4,2.4
2024-03-22T17:45:11Z,26.544783,-77.055683,1.85,321.8,1,6,1.8
2024-03-22T17:45:16Z,26.544730,-77.055667,0.69,331.4,1,7,1.2
2024-03-22T17:45:21Z,26.544710,-77.055652,0.45,143.2,1,7,1.2
2024-03-22T17:45:26Z,26.544742,-77.055672,0.57,318.5,1,7,1.2
2024-03-22T17:45:31Z,26.544740,-77.055645,0.47,133.2,1,7,1.2
2024-03-22T17:45:36Z,26.544752,-77.055662,0.26,315.5,1,7,1.2
2024-03-22T17:45:41Z,26.544743,-77.055668,1.05,152.8,1,7,1.2
2024-03-22T17:45:46Z,26.544715,-77.055655,0.40,280.5,1,7,1.2
2024-03-22T17:45:51Z,26.544695,-77.055653,0.82,175.2,1,7,1.2
2024-03-22T17:45:56Z,26.544685,-77.055648,0.76,139.5,1,7,1.2
2024-03-22T17:46:06Z,26.544648,-77.055628,0.79,131.9,1,7,1.2
2024-03-22T17:46:11Z,26.544658,-77.055623,0.51,262.6,1,7,1.2
2024-03-22T17:46:16Z,26.544670,-77.055652,0.23,230.4,1,7,1.2
2024-03-22T17:46:21Z,26.544673,-77.055660,0.65,269.8,1,7,1.2
2024-03-22T17:46:26Z,26.544677,-77.055660,0.67,119.3,1,7,1.2
2024-03-22T17:46:31Z,26.544678,-77.055655,0.09,83.0,1,7,1.2
2024-03-22T17:46:36Z,26.544687,-77.055678,0.58,270.6,1,7,1.2
2024-03-22T17:46:41Z,26.544682,-77.055678,0.47,116.8,1,7,1.2
2024-03-22T17:46:46Z,26.544678,-77.055662,0.87,108.4,1,7,1.2
2024-03-22T17:46:51Z,26.544675,-77.055665,0.57,282.9,1,7,1.2
2024-03-22T17:46:56Z,26.544672,-77.055670,0.79,116.5,1,7,1.2
2024-03-22T17:47:06Z,26.544657,-77.055647,0.23,224.4,1,7,1.2
2024-03-22T17:47:11Z,26.544668,-77.055648,0.31,295.9,1,7,1.2
2024-03-22T17:47:16Z,26.544670,-77.055667,0.33,169.0,1,7,1.2
2024-03-22T17:47:21Z,26.544698,-77.055668,0.87,338.6,1,7,1.2
2024-03-22T17:47:26Z,26.544713,-77.055678,0.30,122.4,1,7,1.2
2024-03-22T17:47:31Z,26.544712,-77.055703,0.82,135.9,1,7,1.2
2024-03-22T17:47:36Z,26.544698,-77.055707,0.25,147.3,1,7,1.2
2024-03-22T17:47:41Z,26.544698,-77.055730,0.43,146.3,1,7,1.2
2024-03-22T17:47:46Z,26.544710,-77.055722,1.34,342.5,1,7,1.2
2024-03-22T17:47:51Z,26.544713,-77.055692,0.04,74.1,1,6,1.8
2024-03-22T17:47:56Z,26.544690,-77.055662,0.44,148.2,1,6,1.8
2024-03-22T17:48:06Z,26.544678,-77.055650,0.16,282.7,1,6,1.8
2024-03-22T17:48:11Z,26.544695,-77.055650,0.18,10.4,1,7,1.2
2024-03-22T17:48:16Z,26.544688,-77.055642,0.12,39.8,1,7,1.2
2024-03-22T17:48:21Z,26.544697,-77.055628,0.86,355.9,1,7,1.2
2024-03-22T17:48:26Z,26.544707,-77.055628,0.83,338.4,1,7,1.2
2024-03-22T17:48:31Z,26.544708,-77.055625,0.93,160.8,1,7,1.2
2024-03-22T17:48:36Z,26.544715,-77.055633,0.52,169.7,1,7,1.2
2024-03-22T17:48:41Z,26.544693,-77.055630,0.22,111.2,1,7,1.2
2024-03-22T17:48:46Z,26.544687,-77.055622,0.53,170.0,1,7,1.2
2024-03-22T17:48:51Z,26.544677,-77.055615,0.14,137.1,1,7,1.2
2024-03-22T17:48:56Z,26.544665,-77.055610,0.30,117.1,1,7,1.2
2024-03-22T17:49:01Z,26.544677,-77.055615,0.15,86.6,1,7,1.2
2024-03-22T17:49:06Z,26.544667,-77.055627,0.25,183.7,1,7,1.2
2024-03-22T17:49:11Z,26.544672,-77.055627,0.42,156.9,1,7,1.2
2024-03-22T17:49:16Z,26.544652,-77.055615,0.40,138.2,1,7,1.2
2024-03-22T17:49:21Z,26.544635,-77.055610,0.37,166.2,1,7,1.2
2024-03-22T17:49:26Z,26.544632,-77.055613,0.19,69.2,1,7,1.2
2024-03-22T17:49:36Z,26.544652,-77.055657,0.23,155.3,1,7,1.1
2024-03-22T17:49:41Z,26.544665,-77.055660,0.26,44.9,1,7,1.1
2024-03-22T17:49:46Z,26.544660,-77.055660,0.25,317.5,1,7,1.1
2024-03-22T17:49:51Z,26.544660,-77.055653,0.85,159.6,1,7,1.1
2024-03-22T17:49:56Z,26.544640,-77.055658,0.38,166.6,1,7,1.1
2024-03-22T17:50:01Z,26.544650,-77.055648,0.40,346.6,1,7,1.1
2024-03-22T17:50:11Z,26.544630,-77.055637,0.31,3.1,1,7,1.1
2024-03-22T17:50:16Z,26.544637,-77.055637,0.96,153.5,1,7,1.1
2024-03-22T17:50:21Z,26.544645,-77.055615,0.11,289.3,1,7,1.1
2024-03-22T17:50:26Z,26.544617,-77.055642,1.13,182.7,1,7,1.1
2024-03-22T17:50:31Z,26.544613,-77.055628,0.38,162.7,1,7,1.1
2024-03-22T17:50:36Z,26.544640,-77.055628,0.31,90.4,1,7,1.1
2024-03-22T17:50:46Z,26.544665,-77.055628,1.12,24.2,1,7,1.1
2024-03-22T17:50:51Z,26.544680,-77.055628,0.52,15.4,1,7,1.1
2024-03-22T17:50:56Z,26.544670,-77.055623,0.65,51.4,1,6,1.7
2024-03-22T17:51:01Z,26.544680,-77.055642,0.31,114.8,1,7,1.1
2024-03-22T17:51:06Z,26.544682,-77.055625,1.72,47.2,1,7,1.1
2024-03-22T17:51:16Z,26.544680,-77.055610,0.87,248.0,1,6,1.7
2024-03-22T17:51:21Z,26.544693,-77.055628,1.27,71.5,1,6,1.7
2024-03-22T17:51:26Z,26.544682,-77.055633,0.52,41.7,1,6,1.7
2024-03-22T17:51:31Z,26.544683,-77.055598,0.34,217.8,1,7,1.1
2024-03-22T17:51:36Z,26.544662,-77.055612,0.21,240.5,1,6,1.7
2024-03-22T17:51:46Z,26.544667,-77.055635,0.51,217.9,1,6,1.2
2024-03-22T17:51:51Z,26.544660,-77.055630,0.45,71.7,1,6,1.2
2024-03-22T17:51:56Z,26.544648,-77.055630,0.87,105.6,1,7,1.1
2024-03-22T17:52:01Z,26.544663,-77.055638,0.39,89.0,1,7,1.1
2024-03-22T17:52:06Z,26.544660,-77.055635,0.53,144.4,1,7,1.1
2024-03-22T17:52:11Z,26.544662,-77.055637,0.40,195.0,1,7,1.1
2024-03-22T17:52:16Z,26.544675,-77.055640,0.55,89.9,1,7,1.1
2024-03-22T17:52:21Z,26.544663,-77.055660,0.26,271.7,1,7,1.1
2024-03-22T17:52:26Z,26.544657,-77.055675,0.50,261.4,1,7,1.1
2024-03-22T17:52:31Z,26.544667,-77.055655,1.55,67.9,1,7,1.1
2024-03-22T17:52:36Z,26.544665,-77.055633,0.36,126.5,1,7,1.1
2024-03-22T17:52:41Z,26.544677,-77.055653,1.33,8.3,1,6,1.4
2024-03-22T17:52:51Z,26.544693,-77.055665,0.85,317.6,1,7,1.1
2024-03-22T17:52:56Z,26.544692,-77.055648,0.57,250.1,1,7,1.1
2024-03-22T17:53:01Z,26.544702,-77.055692,0.70,333.7,1,7,1.1
2024-03-22T17:53:06Z,26.544675,-77.055667,0.55,91.2,1,7,1.1
2024-03-22T17:53:11Z,26.544653,-77.055650,0.38,62.7,1,7,1.1
2024-03-22T17:53:16Z,26.544665,-77.055648,0.44,277.4,1,7,1.1
2024-03-22T17:53:21Z,26.544673,-77.055650,0.33,284.8,1,7,1.1
2024-03-22T17:53:26Z,26.544698,-77.055673,0.55,111.5,1,7,1.1
2024-03-22T17:53:31Z,26.544695,-77.055680,1.10,269.4,1,7,1.1
2024-03-22T17:53:36Z,26.544697,-77.055665,0.57,101.8,1,7,1.1
2024-03-22T17:53:41Z,26.544687,-77.055620,1.63,37.5,1,7,1.1
2024-03-22T17:53:46Z,26.544687,-77.055622,1.25,106.7,1,6,1.2
2024-03-22T17:53:51Z,26.544663,-77.055603,0.84,90.0,1,7,1.1
2024-03-22T17:53:56Z,26.544647,-77.055597,0.92,101.1,1,6,1.2
2024-03-22T17:54:01Z,26.544650,-77.055585,0.47,44.1,1,5,1.3
2024-03-22T17:54:06Z,26.544630,-77.055598,0.42,202.6,1,6,1.2
2024-03-22T17:54:11Z,26.544638,-77.055593,0.56,75.4,1,7,1.1
2024-03-22T17:54:21Z,26.544647,-77.055618,0.07,320.4,1,7,1.1
2024-03-22T17:54:26Z,26.544637,-77.055615,0.92,110.6,1,7,1.1
2024-03-22T17:54:31Z,26.544635,-77.055595,0.68,154.5,1,7,1.1
2024-03-22T17:54:36Z,26.544647,-77.055610,0.32,5.4,1,6,1.2
2024-03-22T17:54:41Z,26.544660,-77.055613,0.17,80.3,1,7,1.1
2024-03-22T17:54:46Z,26.544657,-77.055602,0.46,87.5,1,7,1.1
2024-03-22T17:54:56Z,26.544625,-77.055575,0.44,341.5,1,6,1.2
2024-03-22T17:55:01Z,26.544660,-77.055575,0.24,40.1,1,6,1.2
2024-03-22T17:55:06Z,26.544675,-77.055595,0.55,126.5,1,7,1.1
2024-03-22T17:55:11Z,26.544685,-77.055598,0.13,245.6,1,7,1.1
2024-03-22T17:55:16Z,26.544678,-77.055622,0.39,123.1,1,7,1.1
2024-03-22T17:55:26Z,26.544668,-77.055642,0.53,329.1,1,7,1.1
2024-03-22T17:55:31Z,26.544665,-77.055657,1.12,163.3,1,7,1.1
2024-03-22T17:55:36Z,26.544660,-77.055660,1.66,156.8,1,7,1.1
2024-03-22T17:55:41Z,26.544660,-77.055652,0.06,43.4,1,6,1.7
2024-03-22T17:55:46Z,26.544673,-77.055655,0.86,162.2,1,5,1.8
2024-03-22T17:55:56Z,26.544690,-77.055662,0.35,282.3,1,5,1.8
2024-03-22T17:56:01Z,26.544672,-77.055652,0.83,158.3,1,6,1.2
2024-03-22T17:56:06Z,26.544672,-77.055648,0.87,124.1,1,5,1.8
2024-03-22T17:56:11Z,26.544662,-77.055632,0.47,56.0,1,6,1.2
2024-03-22T17:56:16Z,26.544637,-77.055643,0.80,201.1,1,6,1.2
2024-03-22T17:56:26Z,26.544622,-77.055657,0.15,98.8,1,7,1.1
2024-03-22T17:56:31Z,26.544665,-77.055670,1.97,344.6,1,7,1.1
2024-03-22T17:56:36Z,26.544660,-77.055685,0.73,127.0,1,7,1.1
2024-03-22T17:56:41Z,26.544648,-77.055650,0.32,24.3,1,7,1.1
2024-03-22T17:56:46Z,26.544640,-77.055647,0.40,117.8,1,6,1.7
2024-03-22T17:56:51Z,26.544635,-77.055635,0.31,119.5,1,7,1.1
2024-03-22T17:56:56Z,26.544653,-77.055650,0.39,330.1,1,8,1.1
2024-03-22T17:57:01Z,26.544668,-77.055660,0.61,195.9,1,8,1.1
2024-03-22T17:57:06Z,26.544668,-77.055658,0.25,238.8,1,8,1.1
2024-03-22T17:57:11Z,26.544670,-77.055650,0.48,106.3,1,8,1.1
2024-03-22T17:57:16Z,26.544663,-77.055658,1.25,176.8,1,8,1.1
2024-03-22T17:57:21Z,26.544653,-77.055680,0.63,185.6,1,8,1.1
2024-03-22T17:57:31Z,26.544695,-77.055692,0.23,59.4,1,8,1.1
2024-03-22T17:57:36Z,26.544682,-77.055662,0.63,8.8,1,8,1.1
2024-03-22T17:57:41Z,26.544682,-77.055650,0.68,198.8,1,8,1.1
2024-03-22T17:57:46Z,26.544675,-77.055667,0.32,243.8,1,8,1.1
2024-03-22T17:57:51Z,26.544680,-77.055675,0.54,150.2,1,8,1.1
2024-03-22T17:57:56Z,26.544675,-77.055695,0.66,239.0,1,8,1.1
2024-03-22T17:58:01Z,26.544693,-77.055705,0.54,153.7,1,7,1.6
2024-03-22T17:58:06Z,26.544697,-77.055708,0.80,285.3,1,8,1.1
2024-03-22T17:58:11Z,26.544687,-77.055710,0.14,127.4,1,8,1.1
2024-03-22T17:58:16Z,26.544663,-77.055700,0.13,129.8,1,8,1.1
2024-03-22T17:58:21Z,26.544682,-77.055673,1.32,33.9,1,8,1.1
2024-03-22T17:58:26Z,26.544680,-77.055625,0.52,146.1,1,8,1.1
2024-03-22T17:58:36Z,26.544667,-77.055623,0.43,233.1,1,7,1.6
2024-03-22T17:58:41Z,26.544675,-77.055620,0.47,111.0,1,8,1.1
2024-03-22T17:58:46Z,26.544677,-77.055622,0.88,111.6,1,8,1.1
2024-03-22T17:58:51Z,26.544672,-77.055628,0.89,159.7,1,7,1.7
2024-03-22T17:58:56Z,26.544677,-77.055647,0.44,170.7,1,8,1.1
2024-03-22T17:59:01Z,26.544652,-77.055650,1.12,131.8,1,8,1.1
2024-03-22T17:59:06Z,26.544647,-77.055642,0.90,163.1,1,8,1.1
2024-03-22T17:59:11Z,26.544643,-77.055638,0.52,232.1,1,7,1.2
2024-03-22T17:59:16Z,26.544655,-77.055652,0.77,218.7,1,8,1.1
2024-03-22T17:59:21Z,26.544660,-77.055640,0.84,351.9,1,8,1.1
2024-03-22T17:59:26Z,26.544693,-77.055615,0.75,110.0,1,8,1.1
2024-03-22T17:59:31Z,26.544683,-77.055622,0.70,130.0,1,7,1.7
2024-03-22T17:59:41Z,26.544648,-77.055652,0.52,180.9,1,7,1.7
2024-03-22T17:59:46Z,26.544655,-77.055653,0.44,173.4,1,7,1.7
2024-03-22T17:59:51Z,26.544667,-77.055680,0.59,0.2,1,7,1.7
2024-03-22T17:59:56Z,26.544670,-77.055688,0.81,100.8,1,7,1.7
2024-03-22T18:00:01Z,26.544658,-77.055658,0.21,46.5,1,7,1.7
2024-03-22T18:00:11Z,26.544672,-77.055612,0.95,353.6,1,7,1.1
2024-03-22T18:00:16Z,26.544670,-77.055632,0.03,325.5,1,7,1.1
2024-03-22T18:00:21Z,26.544670,-77.055613,0.35,48.8,1,7,1.1
2024-03-22T18:00:26Z,26.544688,-77.055638,0.42,348.0,1,8,1.0
2024-03-22T18:00:31Z,26.544693,-77.055652,0.80,96.7,1,8,1.0
2024-03-22T18:00:36Z,26.544680,-77.055623,1.05,215.0,1,8,1.0
2024-03-22T18:00:41Z,26.544655,-77.055637,0.76,173.9,1,8,1.0
2024-03-22T18:00:46Z,26.544673,-77.055627,1.15,66.2,1,8,1.0
2024-03-22T18:00:51Z,26.544668,-77.055648,1.07,74.8,1,8,1.0
2024-03-22T18:00:56Z,26.544662,-77.055632,0.43,174.0,1,8,1.0
2024-03-22T18:01:01Z,26.544665,-77.055642,0.18,79.8,1,8,1.0
2024-03-22T18:01:11Z,26.544663,-77.055615,0.40,278.6,1,8,1.0
2024-03-22T18:01:16Z,26.544672,-77.055632,0.57,239.5,1,7,1.7
2024-03-22T18:01:21Z,26.544700,-77.055677,0.43,289.5,1,7,1.7
2024-03-22T18:01:26Z,26.544697,-77.055692,0.26,159.3,1,8,1.0
2024-03-22T18:01:31Z,26.544695,-77.055697,0.24,308.6,1,8,1.0
2024-03-22T18:01:36Z,26.544690,-77.055687,0.21,124.2,1,7,1.7
2024-03-22T18:01:46Z,26.544665,-77.055680,1.17,158.6,1,6,2.0
2024-03-22T18:01:51Z,26.544665,-77.055658,0.31,117.6,1,7,1.7
2024-03-22T18:01:56Z,26.544677,-77.055648,1.06,115.0,1,8,1.0
2024-03-22T18:02:01Z,26.544677,-77.055648,0.47,181.8,1,8,1.0
2024-03-22T18:02:06Z,26.544678,-77.055662,0.55,328.3,1,8,1.0
2024-03-22T18:02:11Z,26.544668,-77.055667,0.30,148.0,1,8,1.0
2024-03-22T18:02:16Z,26.544640,-77.055660,0.58,148.4,1,8,1.0
2024-03-22T18:02:21Z,26.544637,-77.055655,0.66,156.1,1,8,1.0
2024-03-22T18:02:26Z,26.544635,-77.055640,1.02,124.7,1,8,1.0
2024-03-22T18:02:31Z,26.544630,-77.055638,0.66,133.5,1,8,1.0
2024-03-22T18:02:36Z,26.544655,-77.055622,0.48,36.5,1,8,1.0
2024-03-22T18:02:41Z,26.544658,-77.055615,0.68,160.0,1,8,1.0
2024-03-22T18:02:46Z,26.544663,-77.055630,0.85,158.7,1,8,1.0
2024-03-22T18:02:51Z,26.544647,-77.055625,0.24,187.1,1,7,1.6
2024-03-22T18:02:56Z,26.544658,-77.055643,0.61,148.6,1,8,1.0
2024-03-22T18:03:01Z,26.544660,-77.055623,0.58,155.2,1,8,1.0
2024-03-22T18:03:06Z,26.544672,-77.055628,0.73,133.8,1,8,1.0
2024-03-22T18:03:11Z,26.544673,-77.055615,0.98,177.7,1,8,1.0
2024-03-22T18:03:21Z,26.544653,-77.055642,0.77,260.9,1,8,1.0
2024-03-22T18:03:26Z,26.544655,-77.055652,1.45,174.3,1,8,1.0
2024-03-22T18:03:31Z,26.544645,-77.055655,0.18,268.0,1,8,1.0
2024-03-22T18:03:36Z,26.544650,-77.055627,0.36,34.6,1,8,1.0
2024-03-22T18:03:41Z,26.544647,-77.055585,1.32,113.6,1,7,1.1
2024-03-22T18:03:51Z,26.544683,-77.055602,0.57,89.5,1,6,1.8
2024-03-22T18:03:56Z,26.544723,-77.055658,0.79,336.7,1,7,1.1
2024-03-22T18:04:01Z,26.544717,-77.055662,0.93,353.0,1,7,1.1
2024-03-22T18:04:06Z,26.544682,-77.055627,1.18,173.9,1,8,1.0
2024-03-22T18:04:11Z,26.544682,-77.055617,1.41,82.6,1,7,1.8
2024-03-22T18:04:16Z,26.544705,-77.055602,1.19,92.2,1,8,1.0
2024-03-22T18:04:26Z,26.544702,-77.055615,0.43,4.6,1,4,8.2
2024-03-22T18:04:31Z,26.544700,-77.055602,0.20,211.9,1,6,1.1
2024-03-22T18:04:36Z,26.544698,-77.055580,0.73,123.4,6,0,50.0
2024-03-22T18:04:41Z,26.544637,-77.055565,1.91,197.1,1,5,2.8
2024-03-22T18:04:46Z,26.544628,-77.055578,1.08,273.1,1,5,2.8
2024-03-22T18:04:51Z,26.544632,-77.055642,3.85,265.1,1,4,3.0
2024-03-22T18:04:56Z,26.544605,-77.055727,4.52,262.9,1,4,3.4
2024-03-22T18:05:01Z,26.544588,-77.055670,0.43,68.3,1,7,1.8
2024-03-22T18:05:06Z,26.544628,-77.055650,0.83,260.4,1,8,1.0
2024-03-22T18:05:11Z,26.544635,-77.055648,0.09,187.5,1,8,1.0
2024-03-22T18:05:16Z,26.544647,-77.055643,0.36,230.9,1,8,1.0
2024-03-22T18:05:26Z,26.544658,-77.055627,1.25,351.6,1,6,2.1
2024-03-22T18:05:31Z,26.544662,-77.055612,0.26,277.9,1,6,2.1
2024-03-22T18:05:36Z,26.544640,-77.055623,1.17,177.4,1,6,2.1
2024-03-22T18:05:41Z,26.544650,-77.055625,0.27,122.9,1,7,1.8
2024-03-22T18:05:46Z,26.544647,-77.055640,0.46,291.1,1,7,1.8
2024-03-22T18:05:56Z,26.544647,-77.055647,0.75,188.8,1,7,1.8
2024-03-22T18:06:01Z,26.544643,-77.055630,0.28,20.1,1,7,1.6
2024-03-22T18:06:06Z,26.544653,-77.055618,0.50,355.6,1,7,1.6
2024-03-22T18:06:11Z,26.544663,-77.055617,1.39,152.5,1,8,1.2
2024-03-22T18:06:16Z,26.544637,-77.055602,0.47,136.9,1,8,1.2
2024-03-22T18:06:21Z,26.544642,-77.055598,0.27,343.7,1,8,1.2
2024-03-22T18:06:26Z,26.544658,-77.055605,0.70,349.3,1,8,1.2
2024-03-22T18:06:31Z,26.544657,-77.055605,0.35,140.9,1,7,1.6
2024-03-22T18:06:36Z,26.544645,-77.055593,0.99,128.6,1,9,1.0
2024-03-22T18:06:41Z,26.544657,-77.055595,0.39,223.2,1,9,1.0
2024-03-22T18:06:46Z,26.544653,-77.055608,0.29,279.6,1,8,1.0
2024-03-22T18:06:51Z,26.544643,-77.055602,0.54,164.6,1,9,1.0
2024-03-22T18:07:01Z,26.544688,-77.055610,0.42,96.7,1,8,1.2
2024-03-22T18:07:06Z,26.544665,-77.055627,0.48,231.3,1,8,1.2
2024-03-22T18:07:11Z,26.544668,-77.055633,0.43,176.8,1,9,1.0
2024-03-22T18:07:16Z,26.544655,-77.055623,1.85,179.5,1,8,1.2
2024-03-22T18:07:21Z,26.544640,-77.055605,0.24,182.8,1,8,1.5
2024-03-22T18:07:31Z,26.544652,-77.055595,0.21,77.2,1,8,1.5
2024-03-22T18:07:36Z,26.544668,-77.055603,0.67,127.7,1,8,1.5
2024-03-22T18:07:41Z,26.544688,-77.055607,0.34,272.4,1,8,1.5
2024-03-22T18:07:46Z,26.544670,-77.055618,0.44,218.7,1,8,1.5
2024-03-22T18:07:51Z,26.544683,-77.055598,0.96,117.0,1,9,1.0
2024-03-22T18:07:56Z,26.544693,-77.055583,0.16,249.6,1,9,1.0
2024-03-22T18:08:06Z,26.544675,-77.055582,0.40,74.3,1,9,1.0
2024-03-22T18:08:11Z,26.544662,-77.055562,0.58,128.6,1,9,1.0
2024-03-22T18:08:16Z,26.544655,-77.055563,0.26,221.5,1,9,1.0
2024-03-22T18:08:21Z,26.544658,-77.055583,0.83,176.5,1,9,1.0
2024-03-22T18:08:26Z,26.544658,-77.055582,0.85,120.3,1,9,1.0
2024-03-22T18:08:31Z,26.544665,-77.055602,0.76,331.9,1,8,1.5
2024-03-22T18:08:41Z,26.544702,-77.055592,0.13,151.6,1,9,1.0
2024-03-22T18:08:46Z,26.544702,-77.055612,0.34,66.4,1,9,1.0
2024-03-22T18:08:51Z,26.544683,-77.055602,0.73,175.7,1,8,1.2
2024-03-22T18:08:56Z,26.544660,-77.055578,0.84,123.3,1,6,1.3
2024-03-22T18:09:01Z,26.544648,-77.055598,1.08,161.1,1,7,1.2
2024-03-22T18:09:11Z,26.544670,-77.055622,0.48,146.3,1,9,1.0
2024-03-22T18:09:16Z,26.544662,-77.055617,1.04,176.2,1,8,1.0
2024-03-22T18:09:21Z,26.544663,-77.055622,0.15,100.9,1,7,1.5
2024-03-22T18:09:26Z,26.544670,-77.055627,0.17,156.1,1,8,1.0
2024-03-22T18:09:31Z,26.544670,-77.055630,0.99,127.0,1,9,1.0
2024-03-22T18:09:41Z,26.544658,-77.055595,0.60,120.6,1,9,1.0
2024-03-22T18:09:46Z,26.544658,-77.055572,0.49,131.6,1,9,1.0
2024-03-22T18:09:51Z,26.544643,-77.055592,1.21,156.5,1,9,1.0
2024-03-22T18:09:56Z,26.544627,-77.055608,1.14,297.7,1,9,1.0
2024-03-22T18:10:01Z,26.544645,-77.055593,0.60,114.3,1,9,1.0
2024-03-22T18:10:11Z,26.544655,-77.055603,0.30,154.7,1,8,1.2
2024-03-22T18:10:16Z,26.544647,-77.055585,0.21,237.8,1,8,1.0
2024-03-22T18:10:21Z,26.544667,-77.055617,0.32,208.3,1,9,1.0
2024-03-22T18:10:26Z,26.544688,-77.055625,0.48,129.8,1,8,1.0
2024-03-22T18:10:31Z,26.544690,-77.055620,1.10,99.4,1,8,1.5
2024-03-22T18:10:36Z,26.544693,-77.055618,0.29,195.7,1,8,1.5
2024-03-22T18:10:41Z,26.544690,-77.055623,0.72,52.5,1,9,1.0
2024-03-22T18:10:46Z,26.544682,-77.055602,0.60,123.8,1,9,1.0
2024-03-22T18:10:51Z,26.544680,-77.055602,0.29,129.9,1,9,1.0
2024-03-22T18:10:56Z,26.544675,-77.055610,0.44,199.0,1,9,1.0
2024-03-22T18:11:01Z,26.544668,-77.055608,0.26,15.8,1,9,1.0
2024-03-22T18:11:06Z,26.544668,-77.055627,0.65,285.0,1,9,1.0
2024-03-22T18:11:16Z,26.544662,-77.055617,0.50,197.2,1,9,1.0
2024-03-22T18:11:21Z,26.544633,-77.055628,0.50,234.4,1,8,1.1
2024-03-22T18:11:26Z,26.544622,-77.055628,0.32,72.2,1,9,1.0
2024-03-22T18:11:31Z,26.544615,-77.055643,0.41,194.6,1,9,1.0
2024-03-22T18:11:36Z,26.544617,-77.055653,0.38,116.4,1,9,1.0
2024-03-22T18:11:46Z,26.544630,-77.055682,0.32,89.7,1,9,1.0
2024-03-22T18:11:51Z,26.544623,-77.055685,0.40,79.8,1,9,1.0
2024-03-22T18:11:56Z,26.544655,-77.055648,1.00,333.3,1,9,1.0
2024-03-22T18:12:01Z,26.544688,-77.055643,0.98,56.0,1,9,1.0
2024-03-22T18:12:06Z,26.544695,-77.055630,0.70,342.7,1,8,1.0
2024-03-22T18:12:16Z,26.544702,-77.055623,0.70,198.4,1,9,1.0
2024-03-22T18:12:21Z,26.544688,-77.055643,0.74,119.8,1,8,1.0
2024-03-22T18:12:26Z,26.544698,-77.055640,2.03,100.7,1,7,1.2
2024-03-22T18:12:31Z,26.544687,-77.055628,0.82,102.1,1,5,1.5
2024-03-22T18:12:41Z,26.544672,-77.055638,0.18,275.1,1,5,1.5
2024-03-22T18:12:46Z,26.544673,-77.055650,0.51,126.4,1,6,2.0
2024-03-22T18:12:51Z,26.544688,-77.055672,0.21,78.8,1,6,2.0
2024-03-22T18:12:56Z,26.544693,-77.055677,0.68,300.9,1,7,1.2
2024-03-22T18:13:01Z,26.544685,-77.055657,0.36,262.3,1,7,1.2
2024-03-22T18:13:06Z,26.544688,-77.055637,0.18,63.0,1,6,2.0
2024-03-22T18:13:11Z,26.544672,-77.055605,1.23,130.0,1,6,2.0
2024-03-22T18:13:16Z,26.544670,-77.055610,0.11,210.1,1,6,2.0
2024-03-22T18:13:21Z,26.544683,-77.055623,0.59,117.7,1,7,1.9
2024-03-22T18:13:26Z,26.544685,-77.055633,0.20,52.0,1,7,1.9
2024-03-22T18:13:36Z,26.544665,-77.055610,0.80,274.8,1,7,1.9
2024-03-22T18:13:41Z,26.544688,-77.055645,0.24,24.7,1,8,1.0
2024-03-22T18:13:46Z,26.544702,-77.055670,0.03,265.6,1,7,1.9
2024-03-22T18:13:51Z,26.544713,-77.055660,0.53,21.7,1,7,1.9
2024-03-22T18:14:01Z,26.544705,-77.055643,0.40,100.2,1,9,1.0
2024-03-22T18:14:06Z,26.544707,-77.055657,0.21,131.5,1,8,1.4
2024-03-22T18:14:11Z,26.544705,-77.055667,0.75,120.3,1,9,1.0
2024-03-22T18:14:16Z,26.544697,-77.055672,0.14,47.8,1,9,1.0
2024-03-22T18:14:21Z,26.544700,-77.055675,0.37,254.7,1,9,1.0
2024-03-22T18:14:31Z,26.544707,-77.055670,1.52,99.2,1,9,1.0
2024-03-22T18:14:36Z,26.544700,-77.055643,0.42,209.2,1,9,1.0
2024-03-22T18:14:41Z,26.544700,-77.055653,1.15,125.3,1,9,1.0
2024-03-22T18:14:46Z,26.544712,-77.055647,0.37,327.5,1,9,1.0
2024-03-22T18:14:51Z,26.544720,-77.055632,0.14,56.6,1,9,1.0
2024-03-22T18:14:56Z,26.544720,-77.055627,0.56,263.2,1,9,1.0
2024-03-22T18:15:01Z,26.544718,-77.055627,1.06,205.4,1,9,1.0
2024-03-22T18:15:06Z,26.544707,-77.055633,0.25,267.9,1,9,1.0
2024-03-22T18:15:11Z,26.544688,-77.055627,0.30,143.0,1,9,1.0
2024-03-22T18:15:16Z,26.544680,-77.055630,0.09,5.6,1,9,1.0
2024-03-22T18:15:21Z,26.544657,-77.055613,0.47,199.2,1,9,1.0
2024-03-22T18:15:31Z,26.544615,-77.055635,0.65,169.8,1,8,1.1
2024-03-22T18:15:36Z,26.544607,-77.055655,1.10,290.3,1,8,1.1
2024-03-22T18:15:41Z,26.544622,-77.055678,1.02,294.1,1,8,1.1
2024-03-22T18:15:46Z,26.544627,-77.055708,1.53,278.9,1,8,1.2
2024-03-22T18:15:51Z,26.544645,-77.055722,0.63,280.2,1,9,1.0
2024-03-22T18:16:01Z,26.544663,-77.055742,0.58,274.7,1,9,1.0
2024-03-22T18:16:06Z,26.544668,-77.055743,0.30,60.3,1,9,1.0
2024-03-22T18:16:11Z,26.544668,-77.055730,1.18,129.1,1,9,1.0
2024-03-22T18:16:16Z,26.544655,-77.055728,0.44,255.0,1,9,1.0
2024-03-22T18:16:21Z,26.544663,-77.055757,1.18,339.4,1,9,1.0
2024-03-22T18:16:31Z,26.544670,-77.055767,0.14,42.9,1,9,0.9
2024-03-22T18:16:36Z,26.544675,-77.055778,0.18,252.3,1,9,1.2
2024-03-22T18:16:41Z,26.544670,-77.055783,0.17,55.6,1,10,0.9
2024-03-22T18:16:46Z,26.544663,-77.055778,0.30,193.7,1,10,0.9
2024-03-22T18:16:51Z,26.544660,-77.055782,0.22,198.4,1,10,0.9
2024-03-22T18:17:01Z,26.544667,-77.055785,0.09,96.3,1,11,0.8
2024-03-22T18:17:06Z,26.544665,-77.055785,0.07,244.0,1,11,0.8
2024-03-22T18:17:11Z,26.544660,-77.055790,0.46,157.6,1,10,0.9
2024-03-22T18:17:16Z,26.544650,-77.055793,0.64,232.0,1,10,0.9
2024-03-22T18:17:21Z,26.544647,-77.055802,0.09,197.1,1,11,0.8
2024-03-22T18:17:26Z,26.544648,-77.055802,0.12,215.2,1,11,0.8
2024-03-22T18:17:31Z,26.544648,-77.055802,0.03,120.8,1,11,0.8
2024-03-22T18:17:36Z,26.544650,-77.055802,0.06,223.7,1,11,0.8
2024-03-22T18:17:41Z,26.544662,-77.055795,0.55,90.4,1,11,0.8
2024-03-22T18:17:46Z,26.544655,-77.055780,0.64,283.7,1,10,1.0
2024-03-22T18:17:51Z,26.544657,-77.055775,0.22,161.4,1,11,0.8
2024-03-22T18:17:56Z,26.544655,-77.055777,0.12,223.2,1,11,0.8
2024-03-22T18:18:06Z,26.544652,-77.055763,0.67,136.4,1,11,0.8
2024-03-22T18:18:11Z,26.544627,-77.055732,1.85,123.3,1,11,0.8
2024-03-22T18:18:16Z,26.544597,-77.055690,1.78,146.7,1,11,0.8
2024-03-22T18:18:21Z,26.544558,-77.055657,1.69,154.5,1,11,0.8
2024-03-22T18:18:26Z,26.544548,-77.055608,2.10,86.8,1,10,0.9
2024-03-22T18:18:36Z,26.544570,-77.055525,1.94,90.5,1,11,0.8
2024-03-22T18:18:41Z,26.544570,-77.055472,1.19,98.6,1,11,0.8
2024-03-22T18:18:46Z,26.544575,-77.055460,0.17,338.5,1,10,0.9
2024-03-22T18:18:51Z,26.544568,-77.055440,0.96,102.4,1,11,0.8
2024-03-22T18:18:56Z,26.544562,-77.055420,0.11,183.8,1,10,1.0
2024-03-22T18:19:01Z,26.544560,-77.055407,0.87,48.3,1,10,1.0
2024-03-22T18:19:06Z,26.544585,-77.055373,1.28,54.7,1,10,1.0
2024-03-22T18:19:11Z,26.544615,-77.055345,0.84,23.7,1,10,1.0
2024-03-22T18:19:16Z,26.544632,-77.055330,1.23,92.6,1,10,1.0
2024-03-22T18:19:21Z,26.544648,-77.055292,1.39,92.7,1,10,1.0
2024-03-22T18:19:26Z,26.544673,-77.055262,2.16,55.8,1,10,1.0
2024-03-22T18:19:36Z,26.544723,-77.055157,0.98,62.2,1,10,1.0
2024-03-22T18:19:41Z,26.544742,-77.055118,2.26,72.7,1,10,1.0
2024-03-22T18:19:46Z,26.544765,-77.055083,1.91,61.5,1,10,1.0
2024-03-22T18:19:51Z,26.544785,-77.055035,1.84,61.7,1,10,1.0
2024-03-22T18:19:56Z,26.544808,-77.054997,1.69,59.9,1,10,1.0
2024-03-22T18:20:01Z,26.544825,-77.054942,1.95,58.1,1,10,1.0
2024-03-22T18:20:06Z,26.544837,-77.054892,2.32,72.9,1,10,1.0
2024-03-22T18:20:11Z,26.544855,-77.054838,2.24,72.6,1,10,1.0
2024-03-22T18:20:16Z,26.544880,-77.054783,2.14,62.2,1,10,1.0
2024-03-22T18:20:21Z,26.544903,-77.054748,1.23,23.6,1,9,1.0
2024-03-22T18:20:26Z,26.544940,-77.054727,1.29,18.1,1,10,1.0
2024-03-22T18:20:31Z,26.544975,-77.054702,0.63,53.5,1,10,1.0
2024-03-22T18:20:36Z,26.544980,-77.054693,0.18,156.6,1,10,1.0
2024-03-22T18:20:41Z,26.544983,-77.054688,0.82,66.4,1,10,1.0
2024-03-22T18:20:46Z,26.545002,-77.054655,1.65,49.0,1,10,1.0
2024-03-22T18:20:51Z,26.545035,-77.054628,2.18,60.2,1,10,1.0
2024-03-22T18:20:56Z,26.545060,-77.054568,2.07,68.3,1,10,1.0
2024-03-22T18:21:01Z,26.545083,-77.054522,1.63,39.4,1,10,1.0
2024-03-22T18:21:06Z,26.545112,-77.054470,2.03,53.1,1,10,1.0
2024-03-22T18:21:11Z,26.545142,-77.054432,2.16,61.9,1,10,1.0
2024-03-22T18:21:16Z,26.545163,-77.054387,1.79,61.0,1,10,1.0
2024-03-22T18:21:21Z,26.545185,-77.054330,2.25,67.0,1,9,1.0
2024-03-22T18:21:26Z,26.545207,-77.054268,2.83,60.6,1,9,1.0
2024-03-22T18:21:31Z,26.545232,-77.054218,1.97,61.9,1,9,1.0
2024-03-22T18:21:36Z,26.545260,-77.054187,1.64,60.3,1,9,1.0
2024-03-22T18:21:46Z,26.545323,-77.054092,1.33,53.9,1,10,1.0
2024-03-22T18:21:51Z,26.545337,-77.054033,2.25,75.3,2,10,1.0
2024-03-22T18:21:56Z,26.545358,-77.053980,2.12,71.0,2,10,1.0
2024-03-22T18:22:01Z,26.545385,-77.053917,1.89,66.5,2,10,1.0
2024-03-22T18:22:06Z,26.545402,-77.053862,1.61,72.2,2,10,1.0
2024-03-22T18:22:11Z,26.545425,-77.053793,2.67,74.6,2,10,1.0
2024-03-22T18:22:16Z,26.545430,-77.053730,1.89,98.5,2,9,1.0
2024-03-22T18:22:26Z,26.545478,-77.053612,2.09,82.8,2,10,1.0
2024-03-22T18:22:31Z,26.545497,-77.053552,1.60,63.7,1,10,1.0
2024-03-22T18:22:36Z,26.545510,-77.053498,0.87,73.1,1,10,1.0
2024-03-22T18:22:41Z,26.545522,-77.053455,1.59,79.2,1,9,1.0
2024-03-22T18:22:46Z,26.545533,-77.053387,1.89,78.3,1,9,1.0
2024-03-22T18:22:56Z,26.545567,-77.053233,2.30,66.3,1,9,1.0
2024-03-22T18:23:01Z,26.545595,-77.053187,2.55,67.5,1,10,1.0
2024-03-22T18:23:06Z,26.545607,-77.053125,1.68,74.2,1,9,1.0
2024-03-22T18:23:11Z,26.545630,-77.053067,2.05,62.7,1,9,1.0
2024-03-22T18:23:16Z,26.545652,-77.053022,1.50,60.8,1,10,1.0
2024-03-22T18:23:26Z,26.545720,-77.052953,1.43,34.2,1,10,1.0
2024-03-22T18:23:31Z,26.545755,-77.052915,2.29,56.3,1,10,1.0
2024-03-22T18:23:36Z,26.545785,-77.052872,1.29,44.5,1,10,1.0
2024-03-22T18:23:41Z,26.545818,-77.052835,1.58,38.6,1,10,1.0
2024-03-22T18:23:46Z,26.545852,-77.052802,1.63,19.5,1,10,1.0
2024-03-22T18:23:51Z,26.545893,-77.052755,1.76,35.3,1,10,1.0
2024-03-22T18:23:56Z,26.545937,-77.052722,2.10,40.4,1,10,1.0
2024-03-22T18:24:01Z,26.545978,-77.052690,2.17,25.8,1,10,1.0
2024-03-22T18:24:06Z,26.546023,-77.052658,1.51,26.8,1,10,1.0
2024-03-22T18:24:11Z,26.546070,-77.052598,1.73,75.5,1,10,1.0
2024-03-22T18:24:16Z,26.546110,-77.052558,1.92,51.2,1,9,1.0
2024-03-22T18:24:26Z,26.546172,-77.052462,1.43,57.0,1,10,1.0
2024-03-22T18:24:31Z,26.546193,-77.052400,1.93,71.5,1,10,1.0
2024-03-22T18:24:36Z,26.546222,-77.052338,2.55,72.0,1,10,1.0
2024-03-22T18:24:41Z,26.546240,-77.052275,2.24,70.8,1,10,1.0
2024-03-22T18:24:46Z,26.546265,-77.052217,2.35,63.6,1,10,1.0
2024-03-22T18:24:51Z,26.546292,-77.052160,1.94,73.7,1,10,1.0
2024-03-22T18:24:56Z,26.546308,-77.052100,1.58,63.2,1,10,1.0
2024-03-22T18:25:01Z,26.546323,-77.052063,1.43,73.7,1,10,1.0
2024-03-22T18:25:06Z,26.546345,-77.052008,2.20,77.1,1,9,1.0
2024-03-22T18:25:11Z,26.546373,-77.051933,3.06,77.2,1,9,1.0
2024-03-22T18:25:16Z,26.546393,-77.051870,1.83,82.0,1,10,1.0
2024-03-22T18:25:26Z,26.546435,-77.051738,1.58,76.6,1,10,1.0
2024-03-22T18:25:31Z,26.546448,-77.051680,2.16,83.6,1,10,1.0
2024-03-22T18:25:36Z,26.546462,-77.051620,1.77,80.5,1,10,1.0
2024-03-22T18:25:41Z,26.546475,-77.051563,2.19,77.9,2,10,1.0
2024-03-22T18:25:46Z,26.546492,-77.051500,1.74,82.3,2,10,1.0
2024-03-22T18:25:51Z,26.546498,-77.051453,2.06,72.1,2,10,1.0
2024-03-22T18:25:56Z,26.546527,-77.051408,1.92,75.9,2,10,1.0
2024-03-22T18:26:01Z,26.546542,-77.051347,2.36,83.8,2,10,1.0
2024-03-22T18:26:06Z,26.546558,-77.051275,2.15,77.3,2,10,1.0
2024-03-22T18:26:11Z,26.546582,-77.051215,1.66,62.4,2,10,1.0
2024-03-22T18:26:16Z,26.546602,-77.051157,2.07,74.3,2,10,1.0
2024-03-22T18:26:21Z,26.546623,-77.051092,2.14,70.9,2,10,1.0
2024-03-22T18:26:26Z,26.546640,-77.051015,2.24,80.3,2,10,1.0
2024-03-22T18:26:31Z,26.546660,-77.050940,3.19,74.1,2,10,1.0
2024-03-22T18:26:41Z,26.546697,-77.050770,2.75,77.7,2,10,1.0
2024-03-22T18:26:46Z,26.546718,-77.050697,2.61,75.3,2,10,1.0
2024-03-22T18:26:51Z,26.546737,-77.050622,2.93,73.7,2,10,1.0
2024-03-22T18:26:56Z,26.546758,-77.050550,3.62,76.4,2,10,1.0
2024-03-22T18:27:01Z,26.546788,-77.050487,2.43,70.4,2,10,1.0
2024-03-22T18:27:06Z,26.546810,-77.050438,2.07,79.1,2,10,1.0
2024-03-22T18:27:11Z,26.546822,-77.050368,2.50,70.9,2,10,1.0
2024-03-22T18:27:21Z,26.546845,-77.050237,1.80,78.2,2,10,1.0
2024-03-22T18:27:26Z,26.546858,-77.050170,1.91,77.3,2,10,1.0
2024-03-22T18:27:31Z,26.546875,-77.050102,1.87,77.3,2,10,1.0
2024-03-22T18:27:36Z,26.546883,-77.050027,1.74,81.2,2,10,1.0
2024-03-22T18:27:41Z,26.546895,-77.049967,1.10,79.5,1,10,1.0
2024-03-22T18:27:46Z,26.546910,-77.049910,2.35,74.0,1,10,1.0
2024-03-22T18:27:51Z,26.546932,-77.049848,1.92,71.8,1,10,1.0
2024-03-22T18:27:56Z,26.546953,-77.049790,1.99,68.7,2,10,1.0
2024-03-22T18:28:01Z,26.546978,-77.049728,1.84,66.2,2,10,1.0
2024-03-22T18:28:06Z,26.547003,-77.049675,2.07,70.0,2,10,1.0
2024-03-22T18:28:11Z,26.547030,-77.049618,2.58,70.7,2,10,1.0
2024-03-22T18:28:16Z,26.547060,-77.049570,2.43,69.2,2,10,1.0
2024-03-22T18:28:21Z,26.547088,-77.049518,2.00,60.7,2,10,1.0
2024-03-22T18:28:26Z,26.547115,-77.049450,2.45,67.4,2,10,1.0
2024-03-22T18:28:36Z,26.547167,-77.049315,2.02,68.2,2,10,1.0
2024-03-22T18:28:41Z,26.547193,-77.049255,2.16,68.8,2,9,1.0
2024-03-22T18:28:46Z,26.547222,-77.049185,2.86,63.3,2,9,1.0
2024-03-22T18:28:51Z,26.547255,-77.049127,2.41,65.6,2,9,1.0
2024-03-22T18:28:56Z,26.547292,-77.049070,2.69,57.8,2,9,1.0
2024-03-22T18:29:01Z,26.547330,-77.049018,2.32,52.9,2,9,1.0
2024-03-22T18:29:06Z,26.547355,-77.048955,2.48,70.4,1,9,1.0
2024-03-22T18:29:11Z,26.547375,-77.048885,2.90,75.1,1,9,1.0
2024-03-22T18:29:16Z,26.547385,-77.048798,2.49,76.9,1,9,1.0
2024-03-22T18:29:21Z,26.547417,-77.048768,1.71,64.3,1,9,1.0
2024-03-22T18:29:26Z,26.547440,-77.048715,2.23,67.8,1,9,1.0
2024-03-22T18:29:31Z,26.547465,-77.048640,2.40,68.2,1,9,1.0
2024-03-22T18:29:36Z,26.547493,-77.048577,2.35,58.4,1,10,1.0
2024-03-22T18:29:41Z,26.547530,-77.048525,2.32,50.3,1,10,1.0
2024-03-22T18:29:46Z,26.547563,-77.048475,2.69,60.3,1,10,1.0
2024-03-22T18:29:51Z,26.547598,-77.048425,2.32,45.8,1,10,1.0
2024-03-22T18:29:56Z,26.547625,-77.048342,2.55,83.6,1,10,1.0
2024-03-22T18:30:01Z,26.547627,-77.048268,2.28,90.3,1,10,1.0
2024-03-22T18:30:06Z,26.547627,-77.048207,2.14,85.9,1,10,1.0
2024-03-22T18:30:11Z,26.547627,-77.048143,2.18,102.6,1,10,1.0
2024-03-22T18:30:16Z,26.547612,-77.048068,2.54,99.7,1,10,1.0
2024-03-22T18:30:21Z,26.547595,-77.048010,2.40,104.5,1,10,1.0
2024-03-22T18:30:26Z,26.547585,-77.047965,2.62,127.6,1,10,1.0
2024-03-22T18:30:31Z,26.547545,-77.047918,2.01,129.5,1,10,1.0
2024-03-22T18:30:36Z,26.547507,-77.047872,2.27,139.8,1,10,1.0
2024-03-22T18:30:41Z,26.547447,-77.047825,2.89,135.2,1,10,1.0
2024-03-22T18:30:51Z,26.547337,-77.047718,2.53,135.0,1,10,1.0
2024-03-22T18:30:56Z,26.547298,-77.047667,2.49,127.6,1,10,1.0
2024-03-22T18:31:01Z,26.547265,-77.047613,2.15,125.1,1,10,1.0
2024-03-22T18:31:06Z,26.547237,-77.047553,2.60,119.6,1,10,1.0
2024-03-22T18:31:11Z,26.547212,-77.047498,2.01,97.7,1,10,1.0
2024-03-22T18:31:16Z,26.547212,-77.047455,1.49,119.8,1,10,1.0
2024-03-22T18:31:26Z,26.547175,-77.047337,2.49,112.2,2,10,1.0
2024-03-22T18:31:31Z,26.547143,-77.047272,2.37,130.7,2,10,1.0
2024-03-22T18:31:36Z,26.547122,-77.047212,2.48,116.7,2,10,1.0
2024-03-22T18:31:41Z,26.547095,-77.047160,1.86,114.9,2,10,1.0
2024-03-22T18:31:46Z,26.547063,-77.047093,2.32,125.0,2,10,1.0
2024-03-22T18:31:51Z,26.547022,-77.047078,2.62,236.7,2,10,1.0
2024-03-22T18:31:56Z,26.546993,-77.047143,2.12,250.8,2,10,1.0
2024-03-22T18:32:01Z,26.546965,-77.047185,2.10,229.6,1,10,1.0
2024-03-22T18:32:06Z,26.546922,-77.047213,2.12,229.5,1,10,1.0
2024-03-22T18:32:11Z,26.546885,-77.047257,1.99,221.6,1,10,1.0
2024-03-22T18:32:16Z,26.546845,-77.047295,1.86,235.4,1,10,1.0
2024-03-22T18:32:21Z,26.546815,-77.047333,2.28,231.3,1,10,1.0
2024-03-22T18:32:26Z,26.546790,-77.047370,1.87,221.4,1,10,1.0
2024-03-22T18:32:36Z,26.546740,-77.047442,1.76,230.3,1,10,1.0
2024-03-22T18:32:41Z,26.546713,-77.047487,2.15,231.2,1,10,1.0
2024-03-22T18:32:46Z,26.546688,-77.047545,1.98,231.3,1,10,1.0
2024-03-22T18:32:51Z,26.546660,-77.047583,2.04,236.6,1,10,1.0
2024-03-22T18:32:56Z,26.546633,-77.047620,1.61,237.9,1,10,1.0
2024-03-22T18:33:01Z,26.546608,-77.047665,1.92,232.6,1,10,1.0
2024-03-22T18:33:06Z,26.546578,-77.047698,1.91,237.2,1,10,1.0
2024-03-22T18:33:11Z,26.546537,-77.047773,2.04,239.6,1,10,1.0
2024-03-22T18:33:16Z,26.546507,-77.047815,1.99,237.1,1,10,1.0
2024-03-22T18:33:21Z,26.546483,-77.047858,1.99,244.2,1,10,1.0
2024-03-22T18:33:26Z,26.546458,-77.047897,1.56,260.4,1,10,1.0
2024-03-22T18:33:31Z,26.546430,-77.047968,1.92,247.6,1,9,1.0
2024-03-22T18:33:36Z,26.546398,-77.048020,2.14,237.9,1,10,1.0
2024-03-22T18:33:46Z,26.546315,-77.048210,2.18,257.9,1,10,1.0
2024-03-22T18:33:51Z,26.546280,-77.048273,1.91,250.0,1,10,1.0
2024-03-22T18:33:56Z,26.546240,-77.048302,1.82,222.6,1,9,1.0
2024-03-22T18:34:01Z,26.546207,-77.048358,1.93,238.3,1,9,1.0
2024-03-22T18:34:06Z,26.546165,-77.048402,1.97,230.7,1,9,1.0
2024-03-22T18:34:11Z,26.546145,-77.048458,1.52,265.8,1,9,1.0
2024-03-22T18:34:21Z,26.546072,-77.048517,0.92,217.3,1,10,1.0
2024-03-22T18:34:26Z,26.546045,-77.048522,0.39,223.6,1,9,1.0
2024-03-22T18:34:31Z,26.546007,-77.048530,1.29,190.2,1,10,1.0
2024-03-22T18:34:36Z,26.545972,-77.048550,0.56,225.6,1,9,1.0
2024-03-22T18:34:41Z,26.545950,-77.048578,1.51,216.4,1,9,1.0
2024-03-22T18:34:46Z,26.545917,-77.048607,1.15,192.2,1,10,1.0
2024-03-22T18:34:56Z,26.545842,-77.048667,1.48,211.9,1,10,1.0
2024-03-22T18:35:01Z,26.545822,-77.048713,1.83,267.8,1,6,2.0
2024-03-22T18:35:06Z,26.545787,-77.048748,0.99,202.2,1,10,1.0
2024-03-22T18:35:11Z,26.545768,-77.048803,2.43,264.1,1,6,1.6
2024-03-22T18:35:16Z,26.545737,-77.048907,3.84,190.5,1,4,3.8
2024-03-22T18:35:26Z,26.545568,-77.049023,6.02,252.1,1,3,37.4
2024-03-22T18:35:31Z,26.545463,-77.049285,9.06,250.1,6,0,50.0
2024-03-22T18:35:36Z,26.545393,-77.049503,9.06,250.1,6,0,50.0
2024-03-22T18:35:41Z,26.545590,-77.049428,7.99,237.2,1,3,17.7
2024-03-22T18:35:51Z,26.545555,-77.048755,0.29,108.3,1,4,3.3
2024-03-22T18:35:56Z,26.545503,-77.048700,4.29,132.7,1,4,3.5
2024-03-22T18:36:01Z,26.545423,-77.048505,8.05,108.3,1,3,4.1
2024-03-22T18:36:06Z,26.545362,-77.048115,12.32,107.8,1,3,4.1
2024-03-22T18:36:16Z,26.545133,-77.047432,13.41,112.1,6,0,50.0
2024-03-22T18:36:21Z,26.545017,-77.047110,13.41,112.1,6,0,50.0
2024-03-22T18:38:06Z,26.541808,-77.052697,23.48,233.3,1,3,50.0
2024-03-22T18:38:11Z,26.542562,-77.052140,17.90,237.4,6,0,50.0
2024-03-22T18:38:16Z,26.545473,-77.049150,4.09,199.9,1,3,2.6
2024-03-22T18:38:21Z,26.545427,-77.049168,2.49,210.4,1,4,1.5
2024-03-22T18:38:26Z,26.545507,-77.049127,6.76,19.7,1,3,1.7
2024-03-22T18:38:31Z,26.545613,-77.049170,1.33,325.4,1,5,1.5
2024-03-22T18:38:36Z,26.545607,-77.049198,1.10,240.6,1,8,1.1
2024-03-22T18:38:41Z,26.545495,-77.049142,1.15,212.6,1,10,1.0
2024-03-22T18:38:46Z,26.545470,-77.049100,1.09,231.9,1,9,1.0
2024-03-22T18:38:56Z,26.545397,-77.049135,1.49,190.7,1,10,1.0
2024-03-22T18:39:01Z,26.545353,-77.049153,1.42,228.9,1,9,1.1
2024-03-22T18:39:06Z,26.545320,-77.049137,1.80,129.9,1,9,1.1
2024-03-22T18:39:11Z,26.545303,-77.049120,0.35,194.5,1,10,1.0
2024-03-22T18:39:16Z,26.545297,-77.049118,0.12,165.9,1,8,1.1
2024-03-22T18:39:21Z,26.545293,-77.049122,0.48,232.8,1,8,1.1
2024-03-22T18:39:31Z,26.545238,-77.049108,5.12,186.9,1,5,1.6
2024-03-22T18:39:36Z,26.545152,-77.049138,4.57,179.8,1,3,5.5
2024-03-22T18:39:41Z,26.545013,-77.049002,7.31,146.1,1,4,2.9
2024-03-22T18:39:46Z,26.545078,-77.049057,0.61,316.3,1,7,1.3
2024-03-22T18:39:51Z,26.545192,-77.049082,0.97,173.1,1,5,2.2
2024-03-22T18:39:56Z,26.545245,-77.049088,0.83,282.1,1,4,4.6
2024-03-22T18:40:01Z,26.545140,-77.049050,4.30,148.1,1,4,2.5
2024-03-22T18:40:06Z,26.545157,-77.048923,2.90,89.8,1,4,2.5
2024-03-22T18:40:11Z,26.545113,-77.048968,1.02,247.8,1,4,2.3
2024-03-22T18:40:16Z,26.545093,-77.049008,1.16,263.3,6,0,50.0
2024-03-22T18:40:26Z,26.545088,-77.049068,1.16,263.3,6,0,50.0
2024-03-22T18:56:46Z,26.545013,-77.049178,2.56,208.2,1,3,3.2
2024-03-22T18:56:51Z,26.544997,-77.049190,0.73,120.8,1,4,2.8
2024-03-22T18:56:56Z,26.545042,-77.049203,1.52,197.6,1,4,2.8
2024-03-22T18:57:06Z,26.545038,-77.049172,0.81,158.4,1,4,2.8
2024-03-22T18:57:11Z,26.545045,-77.049177,1.08,193.7,1,4,2.8
2024-03-22T18:57:16Z,26.545042,-77.049142,0.82,176.0,1,4,2.8
2024-03-22T18:57:21Z,26.545042,-77.049148,1.98,196.4,1,3,9.0
2024-03-22T18:57:26Z,26.545205,-77.048978,0.43,106.1,1,4,3.7
2024-03-22T18:57:31Z,26.545233,-77.048927,0.04,334.9,1,5,1.8
2024-03-22T18:57:36Z,26.545245,-77.048915,1.40,31.5,1,4,2.8
2024-03-22T18:57:41Z,26.545292,-77.048900,2.14,20.9,1,5,1.8
2024-03-22T18:57:46Z,26.545253,-77.048943,0.32,290.5,1,5,1.8
2024-03-22T18:57:51Z,26.545255,-77.048950,0.75,37.4,1,3,8.8
2024-03-22T18:57:56Z,26.545292,-77.048950,0.87,337.4,1,4,3.7
2024-03-22T18:58:01Z,26.545285,-77.048952,0.96,176.7,1,4,3.7
2024-03-22T18:58:06Z,26.545262,-77.048950,0.64,242.5,1,4,3.7
2024-03-22T18:58:11Z,26.545280,-77.048947,1.47,3.2,1,5,2.1
2024-03-22T18:58:16Z,26.545313,-77.048997,0.89,283.1,1,5,2.1
2024-03-22T18:58:21Z,26.545308,-77.048990,0.08,285.3,1,4,3.7
2024-03-22T18:58:26Z,26.545298,-77.048967,0.79,191.3,1,5,2.1
2024-03-22T18:58:31Z,26.545308,-77.048978,1.73,211.9,1,4,3.7
2024-03-22T18:58:36Z,26.545302,-77.048963,0.35,98.6,1,5,2.1
2024-03-22T18:58:41Z,26.545333,-77.048942,0.12,240.4,1,5,2.1
2024-03-22T18:58:46Z,26.545347,-77.048947,0.33,7.5,1,5,2.1
2024-03-22T18:58:51Z,26.545365,-77.048958,0.68,344.2,1,5,2.1
2024-03-22T18:58:56Z,26.545383,-77.048967,0.37,276.3,1,4,3.6
2024-03-22T18:59:01Z,26.545353,-77.048993,0.54,337.4,1,6,1.7
2024-03-22T18:59:06Z,26.545352,-77.048978,0.60,5.4,1,5,1.9
2024-03-22T18:59:16Z,26.545313,-77.048958,0.88,92.2,1,6,1.7
2024-03-22T18:59:21Z,26.545260,-77.049007,2.00,203.6,1,6,1.7
2024-03-22T18:59:26Z,26.545203,-77.049035,1.52,202.2,1,6,1.7
2024-03-22T18:59:31Z,26.545227,-77.049032,0.93,22.1,1,5,2.4
2024-03-22T18:59:41Z,26.545282,-77.048962,1.30,146.9,1,6,1.7
2024-03-22T18:59:46Z,26.545290,-77.048973,0.80,218.9,1,5,2.1
2024-03-22T18:59:51Z,26.545258,-77.048995,1.43,190.6,1,5,2.1
2024-03-22T18:59:56Z,26.545268,-77.048973,0.24,143.9,1,5,2.1
2024-03-22T19:00:01Z,26.545247,-77.048987,1.36,181.8,1,5,2.1
2024-03-22T19:00:06Z,26.545258,-77.048985,0.82,28.1,1,6,1.7
2024-03-22T19:00:11Z,26.545297,-77.048983,1.12,0.1,1,6,1.7
2024-03-22T19:00:16Z,26.545300,-77.048985,0.74,21.5,1,6,1.7
2024-03-22T19:00:21Z,26.545307,-77.048968,0.35,9.9,1,6,1.7
2024-03-22T19:00:31Z,26.545282,-77.048993,0.76,99.6,1,5,1.9
2024-03-22T19:00:36Z,26.545300,-77.048995,0.14,94.5,1,6,1.7
2024-03-22T19:00:41Z,26.545295,-77.048990,1.23,60.8,1,6,1.7
2024-03-22T19:00:46Z,26.545310,-77.048975,0.69,2.0,1,6,1.7
2024-03-22T19:00:51Z,26.545298,-77.048983,0.48,236.0,1,6,1.7
2024-03-22T19:00:56Z,26.545283,-77.048995,0.57,208.5,1,6,1.7
2024-03-22T19:01:01Z,26.545248,-77.049000,0.90,212.4,1,5,1.9
2024-03-22T19:01:06Z,26.545215,-77.048968,0.87,155.6,1,3,1.8
2024-03-22T19:01:11Z,26.545208,-77.048943,0.90,85.4,1,4,2.1
2024-03-22T19:01:21Z,26.545238,-77.048960,0.24,94.4,1,5,2.1
2024-03-22T19:01:26Z,26.545252,-77.048947,0.93,29.2,1,5,2.1
2024-03-22T19:01:31Z,26.545300,-77.048963,0.45,16.5,1,5,2.1
2024-03-22T19:01:36Z,26.545322,-77.048957,0.30,300.1,1,5,2.1
2024-03-22T19:01:41Z,26.545310,-77.048962,0.44,285.4,1,5,2.1
2024-03-22T19:01:46Z,26.545310,-77.048975,0.23,312.8,1,4,2.1
2024-03-22T19:01:51Z,26.545310,-77.048988,0.28,1.2,1,5,2.1
2024-03-22T19:01:56Z,26.545315,-77.049010,0.41,220.1,1,5,2.1
2024-03-22T19:02:01Z,26.545288,-77.048985,0.37,109.3,1,5,2.1
2024-03-22T19:02:06Z,26.545300,-77.048987,0.05,245.9,1,5,2.1
2024-03-22T19:02:11Z,26.545293,-77.048988,0.58,172.1,1,5,2.1
2024-03-22T19:02:16Z,26.545278,-77.048987,0.46,86.0,1,5,2.1
2024-03-22T19:02:21Z,26.545273,-77.048963,0.33,138.4,1,4,3.5
2024-03-22T19:02:26Z,26.545268,-77.048948,0.32,186.6,1,5,2.1
2024-03-22T19:02:36Z,26.545310,-77.048967,0.62,28.7,1,5,2.1
2024-03-22T19:02:41Z,26.545340,-77.048992,1.00,323.6,1,5,2.1
2024-03-22T19:02:46Z,26.545353,-77.048992,0.43,351.4,1,5,2.1
2024-03-22T19:02:51Z,26.545383,-77.048995,0.98,4.4,1,4,2.1
2024-03-22T19:02:56Z,26.545362,-77.048995,0.61,36.5,1,4,2.1
2024-03-22T19:03:01Z,26.545343,-77.049005,0.44,232.5,1,5,2.1
2024-03-22T19:03:06Z,26.545320,-77.048985,0.78,174.0,1,5,2.1
2024-03-22T19:03:11Z,26.545302,-77.048992,0.49,187.4,1,5,2.1
2024-03-22T19:03:16Z,26.545298,-77.048975,0.63,130.7,1,5,2.1
2024-03-22T19:03:26Z,26.545248,-77.048963,0.96,167.8,1,5,2.1
2024-03-22T19:03:31Z,26.545235,-77.048942,1.13,152.5,1,5,2.1
2024-03-22T19:03:36Z,26.545223,-77.048943,0.58,180.3,1,5,2.1
2024-03-22T19:03:41Z,26.545218,-77.048938,0.75,94.7,1,5,2.1
2024-03-22T19:03:46Z,26.545252,-77.048957,0.19,273.2,1,5,2.1
2024-03-22T19:03:51Z,26.545272,-77.048982,0.21,286.4,1,5,2.1
2024-03-22T19:03:56Z,26.545265,-77.048972,0.26,334.8,1,5,2.1
2024-03-22T19:04:01Z,26.545310,-77.048983,0.87,28.3,1,5,2.1
2024-03-22T19:04:06Z,26.545307,-77.048990,0.75,252.3,1,4,3.4
2024-03-22T19:04:11Z,26.545275,-77.049008,0.34,40.6,1,4,3.4
2024-03-22T19:04:16Z,26.545280,-77.048997,1.72,33.6,1,3,1.8
2024-03-22T19:04:21Z,26.545322,-77.048997,0.61,283.7,1,4,2.1
2024-03-22T19:04:26Z,26.545317,-77.049017,0.64,208.5,1,5,2.1
2024-03-22T19:04:31Z,26.545333,-77.049010,0.54,341.2,1,5,2.1
2024-03-22T19:04:41Z,26.545325,-77.048990,0.46,221.5,1,4,3.4
2024-03-22T19:04:46Z,26.545287,-77.048990,0.09,50.6,1,5,2.1
2024-03-22T19:04:51Z,26.545255,-77.048980,0.84,161.2,1,5,2.1
2024-03-22T19:04:56Z,26.545225,-77.048967,0.83,172.7,1,3,1.8
2024-03-22T19:05:01Z,26.545217,-77.048965,0.83,107.6,1,5,2.1
2024-03-22T19:05:06Z,26.545200,-77.048965,0.89,160.4,1,3,1.8
2024-03-22T19:05:11Z,26.545183,-77.048968,0.23,163.8,1,4,3.4
2024-03-22T19:05:16Z,26.545198,-77.048960,0.56,175.0,1,4,3.4
2024-03-22T19:05:21Z,26.545250,-77.048950,0.43,28.0,1,3,1.8
2024-03-22T19:05:26Z,26.545250,-77.048957,0.77,33.5,1,4,3.4
2024-03-22T19:05:31Z,26.545240,-77.048975,0.35,353.1,1,4,3.4
2024-03-22T19:05:36Z,26.545233,-77.048977,0.41,78.4,1,4,3.4
2024-03-22T19:05:41Z,26.545118,-77.048950,0.79,190.9,1,5,2.2
2024-03-22T19:05:46Z,26.545108,-77.048982,1.53,175.0,1,5,2.2
2024-03-22T19:05:51Z,26.545102,-77.048973,0.05,328.9,1,4,3.4
2024-03-22T19:05:56Z,26.545152,-77.048965,0.88,45.4,1,5,2.2
2024-03-22T19:06:01Z,26.545165,-77.048983,0.51,297.5,1,4,1.4
2024-03-22T19:06:06Z,26.545182,-77.049010,0.74,280.7,1,5,2.1
2024-03-22T19:06:11Z,26.545143,-77.049023,1.15,157.6,1,5,2.1
2024-03-22T19:06:16Z,26.545138,-77.049015,1.39,48.5,1,4,5.2
2024-03-22T19:06:21Z,26.545203,-77.048937,3.53,34.3,1,4,1.4
2024-03-22T19:06:26Z,26.545173,-77.048908,1.42,82.2,1,4,3.3
2024-03-22T19:06:31Z,26.545165,-77.048897,0.23,98.5,1,4,1.4
2024-03-22T19:06:36Z,26.545153,-77.048925,0.97,176.1,1,5,2.1
2024-03-22T19:06:46Z,26.545140,-77.048930,0.36,233.7,1,4,3.3
2024-03-22T19:06:51Z,26.545173,-77.048952,0.16,300.3,1,5,2.1
2024-03-22T19:06:56Z,26.545182,-77.048967,0.92,18.7,1,5,2.1
2024-03-22T19:07:01Z,26.545240,-77.048952,2.17,10.5,1,4,3.3
2024-03-22T19:07:06Z,26.545290,-77.048953,1.02,346.4,1,4,3.3
2024-03-22T19:07:11Z,26.545325,-77.048970,0.45,262.2,1,5,2.1
2024-03-22T19:07:16Z,26.545320,-77.049007,1.15,302.6,1,5,2.1
2024-03-22T19:07:21Z,26.545335,-77.049008,0.68,334.6,1,4,3.3
2024-03-22T19:07:26Z,26.545350,-77.049023,0.96,323.7,1,4,3.3
2024-03-22T19:07:31Z,26.545388,-77.049038,1.30,346.9,1,4,3.3
2024-03-22T19:07:36Z,26.545398,-77.049018,2.10,5.6,1,4,3.3
2024-03-22T19:07:41Z,26.545437,-77.049002,0.35,315.5,1,4,3.3
2024-03-22T19:07:46Z,26.545422,-77.048998,0.15,260.9,1,4,3.3
2024-03-22T19:07:51Z,26.545375,-77.048983,0.50,119.0,1,5,2.1
2024-03-22T19:08:01Z,26.545310,-77.048938,0.93,127.9,1,5,2.1
2024-03-22T19:08:06Z,26.545275,-77.048932,1.57,170.0,1,5,2.1
2024-03-22T19:08:11Z,26.545272,-77.048933,0.87,159.7,1,5,2.1
2024-03-22T19:08:16Z,26.545245,-77.048917,0.98,173.1,1,4,3.3
2024-03-22T19:08:21Z,26.545238,-77.048908,0.42,138.8,1,5,2.1
2024-03-22T19:08:26Z,26.545228,-77.048913,0.59,88.4,1,4,3.3
2024-03-22T19:08:31Z,26.545233,-77.048908,0.62,150.9,1,4,3.3
2024-03-22T19:08:36Z,26.545217,-77.048927,0.42,54.8,1,5,2.1
2024-03-22T19:08:41Z,26.545245,-77.048938,0.15,351.9,1,5,2.1
2024-03-22T19:08:46Z,26.545258,-77.048937,0.55,194.3,1,5,2.1
2024-03-22T19:08:51Z,26.545288,-77.048940,0.60,358.3,1,5,2.1
2024-03-22T19:08:56Z,26.545322,-77.048942,1.36,3.5,1,5,2.1
2024-03-22T19:09:01Z,26.545297,-77.048937,0.38,18.0,1,5,2.1
2024-03-22T19:09:06Z,26.545282,-77.048950,0.37,172.1,1,5,2.1
2024-03-22T19:09:16Z,26.545258,-77.048937,0.58,176.6,1,4,3.3
2024-03-22T19:09:21Z,26.545237,-77.048905,0.84,91.1,1,5,2.1
2024-03-22T19:09:26Z,26.545280,-77.048912,0.25,46.2,1,5,2.1
2024-03-22T19:09:31Z,26.545265,-77.048917,0.42,220.8,1,5,2.1
2024-03-22T19:09:36Z,26.545275,-77.048925,0.73,1.9,1,4,2.2
2024-03-22T19:09:41Z,26.545283,-77.048938,0.34,228.1,1,4,2.2
2024-03-22T19:09:46Z,26.545293,-77.048968,0.34,331.6,1,5,2.1
2024-03-22T19:09:51Z,26.545310,-77.048977,0.48,344.7,1,5,2.1
2024-03-22T19:09:56Z,26.545313,-77.048980,0.59,30.7,1,3,1.9
2024-03-22T19:10:01Z,26.545293,-77.048970,0.20,99.8,1,4,2.2
2024-03-22T19:10:06Z,26.545315,-77.048995,0.83,26.3,1,5,1.6
2024-03-22T19:10:11Z,26.545325,-77.048960,1.01,68.4,1,4,1.4
2024-03-22T19:10:16Z,26.545325,-77.048942,0.41,0.5,1,4,1.4
2024-03-22T19:10:21Z,26.545317,-77.048955,0.41,280.6,1,5,1.6
2024-03-22T19:10:26Z,26.545302,-77.048935,0.95,203.5,1,5,1.6
2024-03-22T19:10:31Z,26.545310,-77.048907,1.08,96.2,1,4,1.4
2024-03-22T19:10:36Z,26.545335,-77.048918,0.90,49.9,1,4,1.4
2024-03-22T19:10:41Z,26.545330,-77.048925,0.31,325.3,1,4,1.4
2024-03-22T19:10:46Z,26.545330,-77.048940,0.49,258.6,1,3,1.9
2024-03-22T19:10:51Z,26.545320,-77.048965,1.38,208.8,1,4,1.4
2024-03-22T19:10:56Z,26.545317,-77.048955,0.45,317.1,1,4,1.4
2024-03-22T19:11:01Z,26.545312,-77.048953,0.71,21.9,1,4,1.4
2024-03-22T19:11:06Z,26.545305,-77.048950,0.38,81.1,1,4,1.4
2024-03-22T19:11:11Z,26.545310,-77.048930,0.39,70.7,1,3,1.9
2024-03-22T19:11:16Z,26.545300,-77.048937,0.85,189.3,1,3,1.9
2024-03-22T19:11:21Z,26.545300,-77.048938,0.62,29.5,1,3,1.9
2024-03-22T19:11:26Z,26.545295,-77.048943,0.09,144.7,1,3,1.9
2024-03-22T19:11:31Z,26.545280,-77.048948,0.27,187.0,1,3,1.9
2024-03-22T19:11:41Z,26.545275,-77.048948,0.27,156.0,1,3,1.9
2024-03-22T19:11:46Z,26.545282,-77.048952,0.99,22.7,1,3,1.9
2024-03-22T19:11:51Z,26.545317,-77.048948,0.68,40.8,1,3,1.9
2024-03-22T19:11:56Z,26.545320,-77.048947,0.71,25.3,1,3,1.9
2024-03-22T19:12:01Z,26.545295,-77.048955,1.72,195.6,1,3,1.9
2024-03-22T19:12:06Z,26.545245,-77.048957,0.19,112.6,1,4,2.1
2024-03-22T19:12:11Z,26.545220,-77.048933,0.23,133.8,1,4,2.1
2024-03-22T19:12:16Z,26.545200,-77.048912,0.43,58.1,1,4,2.1
2024-03-22T19:12:21Z,26.545152,-77.048907,1.83,183.3,1,4,2.1
2024-03-22T19:12:26Z,26.545115,-77.048900,1.41,164.6,1,4,2.1
2024-03-22T19:12:31Z,26.545100,-77.048887,1.24,69.8,1,4,2.1
2024-03-22T19:12:36Z,26.545122,-77.048870,1.15,63.0,1,4,2.1
2024-03-22T19:12:41Z,26.545160,-77.048882,0.15,90.8,1,4,2.1
2024-03-22T19:12:51Z,26.545163,-77.048897,0.48,36.5,1,4,2.1
2024-03-22T19:12:56Z,26.545185,-77.048897,0.22,103.8,1,4,2.1
2024-03-22T19:13:01Z,26.545190,-77.048908,0.11,342.5,1,4,2.1
2024-03-22T19:13:06Z,26.545217,-77.048912,1.39,17.9,1,4,2.1
2024-03-22T19:13:16Z,26.545193,-77.048917,1.74,204.3,1,4,2.1
2024-03-22T19:13:21Z,26.545175,-77.048927,0.18,28.6,1,4,2.1
2024-03-22T19:13:26Z,26.545177,-77.048930,0.51,203.6,1,4,2.1
2024-03-22T19:13:31Z,26.545163,-77.048933,0.51,187.1,1,3,4.0
2024-03-22T19:13:36Z,26.545165,-77.048938,0.54,39.8,1,3,4.0
2024-03-22T19:13:41Z,26.545193,-77.048933,0.79,194.8,1,3,4.0
2024-03-22T19:13:46Z,26.545238,-77.048925,0.85,33.7,1,3,4.0
2024-03-22T19:13:51Z,26.545302,-77.048905,1.73,26.4,1,3,4.0
2024-03-22T19:14:01Z,26.545207,-77.048940,0.50,158.0,1,4,2.1
2024-03-22T19:14:06Z,26.545183,-77.048915,0.72,97.7,1,4,2.1
2024-03-22T19:14:11Z,26.545173,-77.048900,0.63,113.2,1,4,2.1
2024-03-22T19:14:16Z,26.545135,-77.048895,0.76,164.4,1,4,2.2
2024-03-22T19:14:26Z,26.545168,-77.048898,0.48,159.0,1,4,2.2
2024-03-22T19:14:31Z,26.545190,-77.048898,1.53,15.7,1,4,2.2
2024-03-22T19:14:36Z,26.545190,-77.048895,0.77,13.5,1,5,2.1
2024-03-22T19:14:41Z,26.545147,-77.048903,1.28,199.0,1,5,2.1
2024-03-22T19:14:46Z,26.545150,-77.048900,1.06,179.7,1,5,2.1
2024-03-22T19:14:51Z,26.545163,-77.048895,0.62,96.3,1,4,2.2
2024-03-22T19:14:56Z,26.545218,-77.048878,2.52,29.8,1,3,4.1
2024-03-22T19:15:01Z,26.545315,-77.048835,4.14,24.6,6,0,50.0
2024-03-22T19:15:06Z,26.545397,-77.048807,2.62,22.8,1,3,4.8
2024-03-22T19:15:11Z,26.545317,-77.048845,2.16,200.9,1,3,4.8
2024-03-22T19:15:16Z,26.545347,-77.048832,0.78,189.3,1,3,4.8
2024-03-22T19:15:21Z,26.545328,-77.048837,1.01,35.1,1,3,4.8
2024-03-22T19:15:26Z,26.545452,-77.048788,4.15,23.1,1,3,4.8
2024-03-22T19:15:36Z,26.545392,-77.048812,0.59,196.6,1,3,4.8
2024-03-22T19:15:41Z,26.545337,-77.048837,3.72,204.8,6,0,50.0
2024-03-22T19:15:46Z,26.545145,-77.048920,7.41,201.4,1,3,4.8
2024-03-22T19:15:51Z,26.544985,-77.048990,7.41,201.4,6,0,50.0
2024-03-22T19:15:56Z,26.544825,-77.049060,7.41,201.4,6,0,50.0
2024-03-22T19:16:01Z,26.545103,-77.048930,1.41,32.7,1,3,4.7
2024-03-22T19:16:06Z,26.545363,-77.048817,4.74,27.1,1,3,4.7
2024-03-22T19:16:11Z,26.545532,-77.048743,5.34,23.5,1,3,4.7
2024-03-22T19:16:16Z,26.545648,-77.048687,3.94,21.8,1,3,4.7
2024-03-22T19:16:21Z,26.545733,-77.048648,3.94,21.8,6,0,50.0
2024-03-22T19:16:26Z,26.545818,-77.048612,3.94,21.8,6,0,50.0
2024-03-22T19:17:11Z,26.544633,-77.049090,9.00,192.3,1,3,7.1
2024-03-22T19:17:16Z,26.544592,-77.049147,3.10,203.4,1,3,7.1
2024-03-22T19:17:21Z,26.544815,-77.049077,1.13,5.5,1,3,7.2
2024-03-22T19:17:26Z,26.544878,-77.049063,0.18,208.3,1,3,7.2
2024-03-22T19:17:31Z,26.545025,-77.048968,2.81,29.2,1,3,7.2
2024-03-22T19:17:36Z,26.545133,-77.048942,4.44,356.1,1,3,7.2
2024-03-22T19:17:41Z,26.545132,-77.048967,2.06,352.1,6,0,50.0
2024-03-22T19:17:51Z,26.544993,-77.049003,0.98,195.3,6,0,50.0
2024-03-22T19:17:56Z,26.544813,-77.049102,4.72,197.5,1,3,7.3
2024-03-22T19:18:01Z,26.544973,-77.049068,0.70,190.3,1,4,4.8
2024-03-22T19:18:06Z,26.545090,-77.049067,2.14,212.8,1,4,4.8
2024-03-22T19:18:16Z,26.545045,-77.049048,2.33,195.6,1,4,4.8
2024-03-22T19:18:21Z,26.544983,-77.049028,3.70,189.8,1,4,4.8
2024-03-22T19:18:26Z,26.545000,-77.049007,0.57,153.1,1,3,7.4
2024-03-22T19:18:31Z,26.544943,-77.049015,0.31,32.8,1,3,7.4
2024-03-22T19:18:36Z,26.545002,-77.048953,4.32,51.9,1,3,7.4
2024-03-22T19:18:41Z,26.545038,-77.048925,1.98,8.0,1,3,7.4
2024-03-22T19:18:46Z,26.545000,-77.048978,1.31,174.8,1,3,7.4
2024-03-22T19:18:51Z,26.544962,-77.049015,0.61,45.0,1,3,7.4
2024-03-22T19:18:56Z,26.544947,-77.049018,0.30,304.8,1,3,7.5
2024-03-22T19:19:01Z,26.544897,-77.049045,2.20,203.2,1,3,7.5
2024-03-22T19:19:06Z,26.544913,-77.049005,2.08,63.6,1,3,7.5
2024-03-22T19:19:11Z,26.544875,-77.049030,0.62,116.7,1,3,7.5
2024-03-22T19:19:16Z,26.544877,-77.049027,0.57,180.8,1,3,7.5
2024-03-22T19:19:21Z,26.544895,-77.049002,0.98,260.1,1,3,7.5
2024-03-22T19:19:26Z,26.544947,-77.048997,2.77,10.7,1,3,7.6
2024-03-22T19:19:31Z,26.545112,-77.048988,6.33,12.5,1,4,3.5
2024-03-22T19:19:36Z,26.545217,-77.048952,5.69,3.8,1,3,7.6
2024-03-22T19:19:41Z,26.545252,-77.048958,1.79,357.7,1,3,2.9
2024-03-22T19:19:46Z,26.545232,-77.048958,0.10,221.7,1,3,7.6
2024-03-22T19:19:51Z,26.545227,-77.048977,2.65,195.1,1,3,7.6
2024-03-22T19:19:56Z,26.545158,-77.048995,3.11,192.2,1,3,7.7
2024-03-22T19:20:01Z,26.545110,-77.049032,2.86,196.5,6,0,50.0
2024-03-22T19:20:06Z,26.545077,-77.049053,1.81,183.4,6,0,50.0
2024-03-22T19:20:16Z,26.545213,-77.048990,1.08,47.9,1,3,7.7
2024-03-22T19:20:21Z,26.545200,-77.048983,0.39,355.0,1,3,7.7
2024-03-22T19:20:26Z,26.545352,-77.048935,2.51,22.2,1,3,7.8
2024-03-22T19:20:31Z,26.545458,-77.048900,2.82,1.8,1,3,7.8
2024-03-22T19:20:36Z,26.545575,-77.048863,3.67,20.7,1,3,7.8
2024-03-22T19:20:41Z,26.545655,-77.048830,3.67,20.7,6,0,50.0
2024-03-22T19:20:46Z,26.545690,-77.048828,2.61,26.6,1,3,7.8
2024-03-22T19:20:51Z,26.545407,-77.048895,3.34,183.8,1,3,7.9
2024-03-22T19:21:01Z,26.544972,-77.049045,8.58,197.9,1,3,7.9
2024-03-22T19:21:06Z,26.544812,-77.049137,8.06,198.3,1,3,7.9
2024-03-22T19:21:11Z,26.544710,-77.049132,5.89,189.4,1,3,7.9
2024-03-22T19:21:16Z,26.544653,-77.049120,3.40,199.4,1,3,8.0
2024-03-22T19:21:21Z,26.544937,-77.049068,2.55,11.2,1,3,8.0
2024-03-22T19:21:26Z,26.545095,-77.048993,3.40,27.9,1,3,8.0
2024-03-22T19:21:31Z,26.545218,-77.048932,4.08,20.3,1,3,8.0
2024-03-22T19:21:36Z,26.545032,-77.048945,1.26,178.1,1,3,8.0
2024-03-22T19:21:41Z,26.545125,-77.048925,1.71,3.2,1,3,8.0
2024-03-22T19:21:46Z,26.545440,-77.048873,4.92,3.6,1,3,8.1
2024-03-22T19:21:51Z,26.545677,-77.048818,5.40,8.9,1,3,8.1
2024-03-22T19:21:56Z,26.545390,-77.048868,1.91,204.5,1,3,8.1
2024-03-22T19:22:01Z,26.545447,-77.048840,0.89,25.5,1,3,8.1
2024-03-22T19:22:11Z,26.545568,-77.048852,3.02,3.9,1,3,8.2
2024-03-22T19:22:16Z,26.545577,-77.048837,0.63,22.8,1,3,8.2
2024-03-22T19:22:21Z,26.545157,-77.048932,7.74,195.1,1,3,8.2
2024-03-22T19:22:26Z,26.544873,-77.048942,9.64,189.7,1,3,8.2
2024-03-22T19:22:31Z,26.545023,-77.048918,0.81,189.5,1,3,8.3
2024-03-22T19:22:36Z,26.545013,-77.048940,3.30,3.8,1,3,8.3
2024-03-22T19:22:41Z,26.544755,-77.049028,4.27,192.6,1,3,8.3
2024-03-22T19:22:46Z,26.544865,-77.048987,1.17,79.2,1,3,8.3
2024-03-22T19:22:56Z,26.544905,-77.048985,4.13,1.2,1,3,8.4
2024-03-22T19:23:01Z,26.545280,-77.048933,10.62,9.5,6,0,50.0
2024-03-22T19:23:06Z,26.545623,-77.048898,11.48,8.4,1,3,8.4
2024-03-22T19:23:11Z,26.545887,-77.048855,11.48,8.4,6,0,50.0
2024-03-22T19:23:16Z,26.546152,-77.048812,11.48,8.4,6,0,50.0
2024-03-22T19:23:46Z,26.546542,-77.048752,0.88,354.4,1,3,8.6
2024-03-22T19:23:51Z,26.545692,-77.048822,9.69,181.3,1,3,8.6
2024-03-22T19:23:56Z,26.545163,-77.048923,11.67,190.8,1,3,8.6
2024-03-22T19:24:01Z,26.544887,-77.048992,11.54,193.7,6,0,50.0
2024-03-22T19:24:06Z,26.544647,-77.049010,9.75,193.9,1,3,8.7
2024-03-22T19:24:11Z,26.544497,-77.049057,6.67,194.8,1,3,8.7
2024-03-22T19:24:16Z,26.544632,-77.049012,0.68,32.7,1,3,8.7
2024-03-22T19:24:21Z,26.544567,-77.049028,1.40,214.1,1,3,8.7
2024-03-22T19:24:31Z,26.544658,-77.049010,1.77,194.3,1,3,8.8
2024-03-22T19:24:36Z,26.544592,-77.049018,2.79,206.7,1,3,8.8
2024-03-22T19:24:41Z,26.544852,-77.048987,5.09,3.6,1,3,8.8
2024-03-22T19:24:46Z,26.544782,-77.049000,2.95,11.2,1,3,8.9
2024-03-22T19:24:51Z,26.544813,-77.048983,0.84,118.0,1,3,8.9
2024-03-22T19:24:56Z,26.544515,-77.049042,5.30,194.6,1,3,8.9
2024-03-22T19:25:01Z,26.544778,-77.048992,2.53,7.7,1,3,8.9
2024-03-22T19:25:06Z,26.544797,-77.049007,1.15,30.0,1,3,9.0
2024-03-22T19:25:11Z,26.544863,-77.048975,2.03,29.1,1,3,9.0
2024-03-22T19:25:16Z,26.545050,-77.048942,3.87,15.2,1,3,9.0
2024-03-22T19:25:21Z,26.545143,-77.048915,4.39,23.8,1,3,9.0
2024-03-22T19:25:26Z,26.545182,-77.048897,1.89,7.0,1,3,9.1
2024-03-22T19:25:31Z,26.545015,-77.048950,2.70,190.9,1,3,9.1
2024-03-22T19:25:41Z,26.544833,-77.048987,2.65,196.3,1,3,9.2
2024-03-22T19:25:46Z,26.544687,-77.049008,4.26,189.3,1,3,9.2
2024-03-22T19:25:51Z,26.544667,-77.048990,0.94,153.8,1,3,9.2
2024-03-22T19:25:56Z,26.544732,-77.048988,0.80,91.3,1,3,9.2
2024-03-22T19:26:01Z,26.544782,-77.048980,2.02,4.3,1,3,9.3
2024-03-22T19:26:06Z,26.544675,-77.049020,1.09,195.2,1,3,9.3
2024-03-22T19:26:11Z,26.544847,-77.048990,2.39,7.2,1,3,9.3
2024-03-22T19:26:16Z,26.544815,-77.049002,0.98,146.7,1,3,9.3
2024-03-22T19:26:21Z,26.544757,-77.048980,1.59,135.6,1,3,9.4
2024-03-22T19:26:26Z,26.544907,-77.048948,2.61,12.6,1,3,9.4
2024-03-22T19:26:31Z,26.545047,-77.048913,4.34,13.4,1,3,9.4
2024-03-22T19:26:36Z,26.544865,-77.048948,0.24,265.2,1,3,9.5
2024-03-22T19:26:41Z,26.544635,-77.049007,5.20,189.3,1,3,9.5
2024-03-22T19:26:51Z,26.544542,-77.049015,3.13,212.2,1,3,9.5
2024-03-22T19:26:56Z,26.544480,-77.049060,1.24,208.7,1,3,9.6
2024-03-22T19:27:01Z,26.544368,-77.049098,2.99,188.1,1,3,9.6
2024-03-22T19:27:06Z,26.544432,-77.049097,0.15,269.6,1,3,9.6
2024-03-22T19:27:11Z,26.544497,-77.049072,1.09,27.0,6,0,50.0
2024-03-22T19:27:16Z,26.544170,-77.049112,6.36,176.2,1,3,9.7
2024-03-22T19:27:21Z,26.544242,-77.049095,1.03,236.4,6,0,50.0
2024-03-22T19:27:26Z,26.544330,-77.049077,1.15,13.3,6,0,50.0
2024-03-22T19:27:31Z,26.544273,-77.049090,1.56,150.2,1,3,9.8
2024-03-22T19:27:36Z,26.544232,-77.049100,1.33,217.7,1,3,9.8
2024-03-22T19:27:41Z,26.544432,-77.049038,3.17,16.0,1,3,9.9
2024-03-22T19:27:46Z,26.544418,-77.049022,3.89,13.6,1,3,9.9
2024-03-22T19:27:51Z,26.544575,-77.049002,5.01,4.5,1,3,9.9
2024-03-22T19:28:01Z,26.544410,-77.049068,1.77,58.5,1,3,10.0
2024-03-22T19:28:06Z,26.544740,-77.048980,5.32,24.7,1,3,10.0
2024-03-22T19:28:11Z,26.544898,-77.048965,4.61,8.4,1,3,10.1
2024-03-22T19:28:16Z,26.544997,-77.048968,3.92,8.3,6,0,50.0
2024-03-22T19:28:21Z,26.545087,-77.048953,3.92,8.3,6,0,50.0
2024-03-22T19:28:26Z,26.545177,-77.048938,3.92,8.3,6,0,50.0
2024-03-22T19:28:31Z,26.544515,-77.048980,6.81,198.0,1,3,10.2
2024-03-22T19:28:36Z,26.544200,-77.049100,8.26,199.6,1,3,10.2
2024-03-22T19:28:46Z,26.544627,-77.049053,5.84,356.1,1,3,10.3
2024-03-22T19:28:51Z,26.544510,-77.049053,1.14,107.2,1,3,10.3
2024-03-22T19:28:56Z,26.544353,-77.049148,3.83,221.6,1,3,10.4
2024-03-22T19:29:01Z,26.544827,-77.049082,7.36,6.8,1,3,10.4
2024-03-22T19:29:06Z,26.545512,-77.048915,15.15,12.1,1,3,10.4
2024-03-22T19:29:11Z,26.545760,-77.048805,12.66,16.6,6,0,50.0
2024-03-22T19:29:16Z,26.546042,-77.048712,12.66,16.6,6,0,50.0
2024-03-22T19:29:21Z,26.546323,-77.048618,12.66,16.6,6,0,50.0
2024-03-22T19:29:26Z,26.545397,-77.048830,1.57,87.5,1,4,3.5
2024-03-22T19:29:31Z,26.545357,-77.048858,2.35,203.5,1,4,3.5
2024-03-22T19:29:36Z,26.545448,-77.048857,0.60,268.3,1,3,10.7
2024-03-22T19:29:41Z,26.545378,-77.048858,1.64,143.5,1,3,10.7
2024-03-22T19:29:46Z,26.545358,-77.048845,1.77,179.7,1,3,2.4
2024-03-22T19:29:51Z,26.545275,-77.048890,1.43,229.5,1,4,3.5
2024-03-22T19:29:56Z,26.545248,-77.048872,1.34,170.8,1,4,3.5
2024-03-22T19:30:01Z,26.545192,-77.048933,4.94,200.3,1,3,2.4
2024-03-22T19:30:06Z,26.545137,-77.048970,2.78,188.1,6,0,50.0
2024-03-22T19:30:11Z,26.545225,-77.049013,2.14,356.9,1,3,2.4
2024-03-22T19:30:16Z,26.545210,-77.049012,0.33,209.1,1,4,3.5
2024-03-22T19:30:21Z,26.545217,-77.048993,1.83,161.8,1,4,3.5
2024-03-22T19:30:26Z,26.545075,-77.048982,6.48,181.6,1,4,3.5
2024-03-22T19:30:31Z,26.545008,-77.049002,3.94,179.2,1,3,11.1
2024-03-22T19:30:36Z,26.544997,-77.049025,1.68,246.8,1,3,11.1
2024-03-22T19:30:41Z,26.545232,-77.048975,5.87,3.3,6,0,50.0
2024-03-22T19:30:46Z,26.545228,-77.049043,2.40,342.7,1,3,11.2
2024-03-22T19:30:51Z,26.545320,-77.048980,1.33,17.9,1,3,11.3
2024-03-22T19:30:56Z,26.545558,-77.048952,4.39,16.7,6,0,50.0
2024-03-22T19:31:01Z,26.545245,-77.048957,5.06,183.0,1,3,11.4
2024-03-22T19:31:11Z,26.544585,-77.049097,9.14,191.1,1,3,11.4
2024-03-22T19:31:16Z,26.544637,-77.049078,5.02,190.0,6,0,50.0
2024-03-22T19:31:21Z,26.544757,-77.049050,1.30,157.2,1,3,11.5
2024-03-22T19:31:26Z,26.544910,-77.049012,2.24,13.3,1,3,11.6
2024-03-22T19:31:31Z,26.545293,-77.048943,9.67,7.4,1,3,11.6
2024-03-22T19:31:36Z,26.545255,-77.048958,3.99,4.3,1,3,11.7
2024-03-22T19:31:41Z,26.545018,-77.049047,2.44,236.8,6,0,50.0
2024-03-22T19:31:46Z,26.544305,-77.049132,12.85,189.1,1,3,11.8
2024-03-22T19:31:51Z,26.544172,-77.049142,8.48,186.9,6,0,50.0
2024-03-22T19:31:56Z,26.543977,-77.049167,8.48,186.9,6,0,50.0
2024-03-22T19:32:01Z,26.543780,-77.049193,8.48,186.9,6,0,50.0
2024-03-22T19:32:16Z,26.544708,-77.049035,9.23,18.7,1,3,12.1
2024-03-22T19:32:26Z,26.545962,-77.048863,21.18,8.9,1,3,12.2
2024-03-22T19:32:31Z,26.546372,-77.048775,19.41,8.8,1,3,12.2
2024-03-22T19:32:36Z,26.546730,-77.048688,18.07,10.0,6,0,50.0
2024-03-22T19:32:46Z,26.547557,-77.048527,18.07,10.0,6,0,50.0
2024-03-22T19:35:21Z,26.544540,-77.049073,23.53,189.0,1,3,14.3
2024-03-22T19:35:26Z,26.544773,-77.048992,12.02,185.5,1,3,14.4
2024-03-22T19:35:36Z,26.544322,-77.049092,10.95,186.6,1,3,14.5
2024-03-22T19:35:41Z,26.544440,-77.049013,3.26,188.3,1,3,14.6
2024-03-22T19:35:46Z,26.544393,-77.049023,1.92,162.2,1,3,14.7
2024-03-22T19:35:51Z,26.544107,-77.049067,4.93,183.5,1,3,14.8
2024-03-22T19:35:56Z,26.543920,-77.049087,6.29,188.8,1,3,14.9
2024-03-22T19:36:01Z,26.544057,-77.049075,0.77,160.1,1,3,14.9
2024-03-22T19:36:06Z,26.544100,-77.049050,1.17,335.4,1,3,15.0
2024-03-22T19:36:11Z,26.544530,-77.048950,8.41,13.5,1,3,15.1
2024-03-22T19:36:16Z,26.544793,-77.048928,9.38,6.3,1,3,15.2
2024-03-22T19:36:21Z,26.545005,-77.048890,9.23,13.5,1,3,15.3
2024-03-22T19:36:26Z,26.544723,-77.048955,0.87,39.1,1,3,15.4
2024-03-22T19:36:31Z,26.544942,-77.048942,3.75,8.6,1,3,15.4
2024-03-22T19:36:41Z,26.544492,-77.049017,5.79,181.0,1,3,15.6
2024-03-22T19:36:46Z,26.544098,-77.049055,9.32,186.6,1,3,15.7
2024-03-22T19:36:51Z,26.544098,-77.049055,5.23,197.2,1,3,15.8
2024-03-22T19:36:56Z,26.544260,-77.049050,1.07,251.3,6,0,50.0
2024-03-22T19:37:01Z,26.544310,-77.049083,1.18,179.1,1,3,16.0
2024-03-22T19:37:06Z,26.544312,-77.049055,1.25,57.3,1,3,16.1
2024-03-22T19:37:11Z,26.544063,-77.049067,3.86,195.4,1,3,16.2
2024-03-22T19:37:16Z,26.543875,-77.049098,4.83,178.1,1,3,16.3
2024-03-22T19:37:21Z,26.543947,-77.049088,1.85,196.8,1,3,16.4
2024-03-22T19:37:26Z,26.544085,-77.049037,2.46,13.2,1,3,16.5
2024-03-22T19:37:31Z,26.544020,-77.049065,0.42,106.5,1,3,16.6
2024-03-22T19:37:36Z,26.543933,-77.049088,1.49,205.4,1,3,16.7
2024-03-22T19:37:46Z,26.544423,-77.049018,5.88,356.1,1,3,16.9
2024-03-22T19:37:51Z,26.544390,-77.049020,2.01,26.0,1,3,17.0
2024-03-22T19:37:56Z,26.544205,-77.049047,2.14,185.8,1,3,17.1
2024-03-22T19:38:06Z,26.544015,-77.049050,4.77,184.6,1,3,17.3
2024-03-22T19:38:11Z,26.544013,-77.049037,3.79,177.5,1,3,17.4
2024-03-22T19:38:16Z,26.544390,-77.048955,4.64,2.4,1,3,17.5
2024-03-22T19:38:26Z,26.544638,-77.048945,3.52,1.8,1,3,17.8
2024-03-22T19:38:31Z,26.544643,-77.048948,1.79,10.7,1,3,17.9
2024-03-22T19:38:36Z,26.544457,-77.048987,1.04,200.7,6,0,50.0
2024-03-22T19:38:46Z,26.544673,-77.048952,4.11,348.4,1,3,18.3
2024-03-22T19:38:51Z,26.544438,-77.048977,2.89,185.6,1,3,18.4
2024-03-22T19:38:56Z,26.544598,-77.048963,0.77,344.3,6,0,50.0
2024-03-22T19:39:01Z,26.544110,-77.049067,8.14,189.2,1,3,18.6
2024-03-22T19:39:06Z,26.543755,-77.049093,9.29,187.3,6,0,50.0
2024-03-22T19:39:11Z,26.543610,-77.049095,8.42,180.3,6,0,50.0
2024-03-22T19:39:16Z,26.543190,-77.049098,13.23,185.4,6,0,50.0
2024-03-22T19:39:21Z,26.543282,-77.049110,6.36,181.5,6,0,50.0
2024-03-22T19:39:26Z,26.543488,-77.049100,3.59,184.1,1,3,19.3
2024-03-22T19:39:31Z,26.543588,-77.049122,1.00,194.9,1,3,19.5
2024-03-22T19:39:36Z,26.543767,-77.049098,2.78,0.3,1,3,19.6
2024-03-22T19:39:41Z,26.544368,-77.048962,8.22,15.2,1,3,19.7
2024-03-22T19:39:51Z,26.544368,-77.048935,5.74,14.2,1,3,20.0
2024-03-22T19:39:56Z,26.544420,-77.048907,4.47,2.4,1,3,20.2
2024-03-22T19:40:01Z,26.544728,-77.048868,7.51,358.7,1,3,20.3
2024-03-22T19:40:11Z,26.544742,-77.048908,1.61,10.7,6,0,50.0
2024-03-22T19:40:16Z,26.544183,-77.048980,8.68,185.5,6,0,50.0
2024-03-22T19:40:21Z,26.543685,-77.049017,14.56,175.6,1,3,21.0
2024-03-22T19:40:31Z,26.543008,-77.049157,13.47,188.4,1,3,21.3
2024-03-22T19:40:36Z,26.543007,-77.049127,10.48,191.7,6,0,50.0
2024-03-22T19:40:41Z,26.543530,-77.049078,1.31,96.2,1,3,21.7
2024-03-22T19:40:51Z,26.543790,-77.049040,0.22,263.9,1,3,22.1
2024-03-22T19:40:56Z,26.543268,-77.049078,6.07,198.5,1,3,22.2
2024-03-22T19:41:01Z,26.543047,-77.049110,5.72,189.7,1,3,22.4
2024-03-22T19:41:06Z,26.543098,-77.049125,4.61,203.9,1,3,22.6
2024-03-22T19:41:11Z,26.543585,-77.049063,3.38,32.3,1,3,22.8
2024-03-22T19:41:16Z,26.543547,-77.049068,0.91,38.1,1,3,23.0
2024-03-22T19:41:21Z,26.542923,-77.049157,8.84,186.7,1,3,23.2
2024-03-22T19:41:26Z,26.542447,-77.049152,12.48,185.0,1,3,23.4
2024-03-22T19:41:31Z,26.542005,-77.049238,13.71,188.3,1,3,23.7
2024-03-22T19:41:36Z,26.541715,-77.049273,15.02,186.1,6,0,50.0
2024-03-22T19:41:41Z,26.542040,-77.049278,6.70,196.8,1,3,24.1
2024-03-22T19:41:46Z,26.542373,-77.049157,3.00,128.1,1,3,24.3
2024-03-22T19:41:56Z,26.543245,-77.049165,9.30,2.2,1,3,24.8
2024-03-22T19:42:01Z,26.543710,-77.049052,11.81,30.7,1,3,25.0
2024-03-22T19:42:06Z,26.543818,-77.048997,9.41,17.2,1,3,25.3
2024-03-22T19:42:16Z,26.543325,-77.049123,1.06,245.3,1,3,25.8
2024-03-22T19:42:21Z,26.542842,-77.049233,7.86,183.6,1,3,26.0
2024-03-22T19:42:26Z,26.542287,-77.049250,13.74,181.3,1,3,26.3
2024-03-22T19:42:31Z,26.542260,-77.049243,11.55,187.9,1,3,26.6
2024-03-22T19:42:36Z,26.542155,-77.049273,9.19,191.7,1,3,26.8
2024-03-22T19:42:41Z,26.542405,-77.049210,2.79,163.3,6,0,50.0
2024-03-22T19:42:46Z,26.542842,-77.049125,5.97,37.8,1,3,27.4
2024-03-22T19:42:51Z,26.542983,-77.049118,3.99,34.5,1,3,27.7
2024-03-22T19:42:56Z,26.543168,-77.049118,6.06,330.7,1,3,28.0
2024-03-22T19:43:01Z,26.543450,-77.049203,7.40,348.7,1,3,28.3
2024-03-22T19:43:06Z,26.543197,-77.049188,1.40,320.4,1,3,28.6
2024-03-22T19:43:11Z,26.542650,-77.049258,6.81,182.6,1,3,29.0
2024-03-22T19:43:21Z,26.542205,-77.049127,8.92,180.1,1,3,29.6
2024-03-22T19:43:26Z,26.542080,-77.049053,8.03,179.8,1,3,30.0
2024-03-22T19:43:31Z,26.542297,-77.049000,5.60,156.0,1,3,30.4
2024-03-22T19:43:36Z,26.542550,-77.048905,3.27,163.5,1,3,30.7
2024-03-22T19:43:41Z,26.542483,-77.048923,4.24,182.9,6,0,50.0
2024-03-22T19:43:46Z,26.542637,-77.049018,0.77,146.9,1,3,31.5
2024-03-22T19:43:51Z,26.542690,-77.049082,3.49,325.8,1,3,31.9
2024-03-22T19:43:56Z,26.542662,-77.049098,1.15,27.1,1,3,32.3
2024-03-22T19:44:01Z,26.543003,-77.049048,7.57,358.5,1,3,32.7
2024-03-22T19:44:06Z,26.543270,-77.049015,8.63,18.4,1,3,33.1
2024-03-22T19:44:11Z,26.543128,-77.049007,3.28,5.4,1,3,33.6
2024-03-22T19:44:16Z,26.542850,-77.049112,2.02,216.5,1,3,34.0
2024-03-22T19:44:26Z,26.542398,-77.049053,5.15,172.8,1,3,35.0
2024-03-22T19:44:31Z,26.542478,-77.049102,4.32,213.9,1,3,35.4
2024-03-22T19:44:36Z,26.542277,-77.049115,6.78,181.7,6,0,50.0
2024-03-22T19:44:46Z,26.540837,-77.049317,13.42,183.2,1,3,37.0
2024-03-22T19:44:51Z,26.540578,-77.049400,11.74,183.6,1,3,37.5
2024-03-22T19:44:56Z,26.540710,-77.049358,6.60,187.4,6,0,50.0
2024-03-22T19:45:01Z,26.540340,-77.049580,9.66,216.1,1,3,38.7
2024-03-22T19:45:06Z,26.540535,-77.049405,5.27,134.7,6,0,50.0
2024-03-22T19:45:11Z,26.540928,-77.049422,3.61,336.6,1,3,39.9
2024-03-22T19:45:16Z,26.541397,-77.049352,7.36,356.4,1,3,40.6
2024-03-22T19:45:21Z,26.542052,-77.049333,13.08,12.5,1,3,41.3
2024-03-22T19:45:26Z,26.542333,-77.049345,10.94,6.7,1,3,42.0
2024-03-22T19:45:31Z,26.542080,-77.049378,7.46,1.1,6,0,50.0
2024-03-22T19:45:36Z,26.541840,-77.049242,2.57,59.5,1,3,43.4
2024-03-22T19:45:41Z,26.541563,-77.049267,0.78,178.4,1,3,44.2
2024-03-22T19:45:51Z,26.540802,-77.049310,9.26,193.3,1,3,45.8
2024-03-22T19:45:56Z,26.540955,-77.049272,6.89,184.0,6,0,50.0
2024-03-22T19:46:01Z,26.541627,-77.049132,1.16,30.8,1,3,47.6
2024-03-22T19:46:11Z,26.541352,-77.049227,3.01,233.2,1,3,49.4
2024-03-22T19:46:16Z,26.541467,-77.049248,2.42,217.1,1,3,50.0
2024-03-22T19:46:21Z,26.541180,-77.049263,4.60,174.1,1,3,50.0
2024-03-22T19:46:26Z,26.541233,-77.049230,3.27,177.7,6,0,50.0
2024-03-22T19:46:31Z,26.541423,-77.049180,2.57,170.9,1,3,50.0
2024-03-22T19:46:36Z,26.541928,-77.049058,4.10,40.0,1,3,50.0
2024-03-22T19:46:41Z,26.542180,-77.048948,6.44,33.8,1,3,50.0
2024-03-22T19:46:46Z,26.542507,-77.048877,7.85,10.3,1,3,50.0
2024-03-22T19:46:51Z,26.542610,-77.048925,7.81,349.2,1,3,50.0
2024-03-22T19:46:56Z,26.542152,-77.049037,4.03,266.3,1,3,50.0
2024-03-22T19:47:01Z,26.541955,-77.049080,5.28,207.0,1,3,50.0
2024-03-22T19:47:06Z,26.542015,-77.049067,3.20,195.0,1,3,50.0
2024-03-22T19:47:16Z,26.541207,-77.049153,11.28,179.3,1,3,50.0
2024-03-22T19:47:21Z,26.540682,-77.049205,14.99,185.7,6,0,50.0
2024-03-22T19:47:26Z,26.540097,-77.049182,18.07,173.9,6,0,50.0
2024-03-22T19:47:36Z,26.539833,-77.049448,9.70,189.2,1,3,50.0
2024-03-22T19:47:41Z,26.539947,-77.049407,8.55,170.3,1,3,50.0
2024-03-22T19:47:46Z,26.539890,-77.049250,4.93,150.8,1,3,50.0
2024-03-22T19:47:51Z,26.539790,-77.049188,4.93,150.8,6,0,50.0
2024-03-22T19:47:56Z,26.539820,-77.049223,2.82,141.8,1,3,50.0
2024-03-22T19:48:01Z,26.539798,-77.049218,0.75,3.1,6,0,50.0
2024-03-22T19:48:06Z,26.539877,-77.049305,4.53,334.7,1,3,50.0
2024-03-22T19:48:11Z,26.540010,-77.049397,5.60,331.6,6,0,50.0
2024-03-22T19:48:16Z,26.540120,-77.049370,5.46,41.5,1,3,50.0
2024-03-22T19:48:21Z,26.540218,-77.049252,4.63,53.8,6,0,50.0
2024-03-22T19:48:26Z,26.540378,-77.049340,7.18,349.3,1,3,50.0
2024-03-22T19:48:31Z,26.540528,-77.049323,6.84,0.7,6,0,50.0
2024-03-22T19:48:41Z,26.540707,-77.049175,2.96,33.9,6,0,50.0
2024-03-22T19:48:46Z,26.540517,-77.049275,4.95,253.2,1,3,50.0
2024-03-22T19:48:51Z,26.540502,-77.049358,0.63,274.9,1,3,50.0
2024-03-22T19:49:01Z,26.541138,-77.049125,9.05,8.6,1,3,50.0
2024-03-22T19:49:06Z,26.541463,-77.049142,10.51,1.6,1,3,50.0
2024-03-22T19:49:11Z,26.541835,-77.049030,11.88,2.9,6,0,50.0
2024-03-22T19:49:21Z,26.542273,-77.049038,8.58,3.9,1,3,50.0
2024-03-22T19:49:26Z,26.542625,-77.049165,11.35,337.3,1,3,50.0
2024-03-22T19:49:31Z,26.543028,-77.049197,13.88,1.9,1,3,50.0
2024-03-22T19:49:41Z,26.542975,-77.049120,3.39,74.3,1,3,50.0
2024-03-22T19:49:46Z,26.542928,-77.049055,3.17,22.1,1,3,50.0
2024-03-22T19:49:51Z,26.543045,-77.048990,3.32,42.6,6,0,50.0
2024-03-22T19:50:01Z,26.543778,-77.048995,6.56,5.1,1,3,50.0
2024-03-22T19:50:06Z,26.543463,-77.049028,3.42,10.2,6,0,50.0
2024-03-22T19:50:11Z,26.543323,-77.049060,3.92,350.2,1,3,50.0
2024-03-22T19:50:21Z,26.542575,-77.049327,4.59,225.2,1,3,50.0
2024-03-22T19:50:26Z,26.542133,-77.049402,6.49,204.1,6,0,50.0
2024-03-22T19:50:31Z,26.541912,-77.049315,7.47,165.8,1,3,50.0
2024-03-22T19:50:41Z,26.541400,-77.049202,10.71,185.2,1,3,50.0
2024-03-22T19:50:46Z,26.541740,-77.049223,7.10,201.6,1,3,50.0
2024-03-22T19:50:51Z,26.541830,-77.049273,6.09,251.2,1,3,50.0
2024-03-22T19:50:56Z,26.541690,-77.049392,7.54,203.0,6,0,50.0
2024-03-22T19:51:01Z,26.541502,-77.049285,5.25,145.9,1,3,50.0
2024-03-22T19:51:06Z,26.541193,-77.049133,10.94,156.3,6,0,50.0
2024-03-22T19:51:11Z,26.541300,-77.049278,3.42,284.4,1,3,50.0
2024-03-22T19:51:16Z,26.541465,-77.049383,2.00,282.4,1,3,50.0
2024-03-22T19:51:21Z,26.540995,-77.049445,3.36,308.1,6,0,50.0
2024-03-22T19:51:26Z,26.541042,-77.049513,3.36,308.1,6,0,50.0
2024-03-22T19:51:31Z,26.541090,-77.049582,3.36,308.1,6,0,50.0
2024-03-22T19:57:51Z,26.545187,-77.048968,3.60,111.3,1,3,25.7
2024-03-22T19:58:01Z,26.545177,-77.048930,1.75,138.0,1,3,4.4
2024-03-22T19:58:06Z,26.545187,-77.048988,1.10,341.9,1,4,3.5
2024-03-22T19:58:11Z,26.545247,-77.048998,0.97,209.9,1,3,4.4
2024-03-22T19:58:21Z,26.545353,-77.049042,2.47,317.0,1,4,3.5
2024-03-22T19:58:26Z,26.545315,-77.049110,1.00,40.2,1,4,3.5
2024-03-22T19:58:31Z,26.545295,-77.049077,0.66,332.3,1,4,3.5
2024-03-22T19:58:36Z,26.545367,-77.049128,1.95,329.9,1,3,3.2
2024-03-22T19:58:41Z,26.545365,-77.049078,1.40,343.3,1,4,3.5
2024-03-22T19:58:46Z,26.545373,-77.049025,3.88,120.1,1,3,3.2
2024-03-22T19:58:51Z,26.545315,-77.049005,1.49,62.4,1,4,3.5
2024-03-22T19:58:56Z,26.545273,-77.048938,3.52,110.5,1,4,3.5
2024-03-22T19:59:01Z,26.545263,-77.049075,3.01,340.3,1,4,3.5
2024-03-22T19:59:06Z,26.545300,-77.049162,2.80,356.8,1,4,3.5
2024-03-22T19:59:11Z,26.545320,-77.049082,3.18,74.6,1,3,21.8
2024-03-22T19:59:16Z,26.545315,-77.049063,2.51,59.6,1,3,21.6
2024-03-22T19:59:26Z,26.545473,-77.049003,4.44,35.3,6,0,50.0
2024-03-22T19:59:31Z,26.545907,-77.049012,12.36,351.6,1,3,21.0
2024-03-22T19:59:36Z,26.546098,-77.049007,8.99,1.2,6,0,50.0
2024-03-22T19:59:46Z,26.545293,-77.049037,4.21,198.5,1,3,20.4
2024-03-22T19:59:51Z,26.545152,-77.049082,4.51,177.0,1,3,20.2
2024-03-22T19:59:56Z,26.544640,-77.049157,10.95,182.8,1,3,20.0
2024-03-22T20:00:01Z,26.544255,-77.049193,11.45,187.5,1,3,19.9
2024-03-22T20:00:06Z,26.544497,-77.049127,2.37,181.0,1,3,19.7
2024-03-22T20:00:11Z,26.545115,-77.049058,5.81,2.1,1,3,19.5
2024-03-22T20:00:16Z,26.545370,-77.048983,3.59,23.1,1,3,19.3
2024-03-22T20:00:21Z,26.545205,-77.049088,0.35,247.2,6,0,50.0
2024-03-22T20:00:26Z,26.544948,-77.049195,4.28,181.8,1,3,19.0
2024-03-22T20:00:31Z,26.545040,-77.049102,2.30,91.5,1,3,18.9
2024-03-22T20:00:36Z,26.545237,-77.049107,4.75,342.6,1,3,18.7
2024-03-22T20:00:41Z,26.545390,-77.049133,3.00,352.1,1,3,18.6
2024-03-22T20:00:51Z,26.545608,-77.048995,0.81,63.5,1,3,18.3
2024-03-22T20:00:56Z,26.545655,-77.048973,3.47,32.6,1,3,18.1
2024-03-22T20:01:01Z,26.545603,-77.048995,1.11,11.9,1,3,18.0
2024-03-22T20:01:11Z,26.545397,-77.049032,4.32,206.2,1,3,17.7
2024-03-22T20:01:16Z,26.545393,-77.049055,2.77,194.2,1,3,17.5
2024-03-22T20:01:21Z,26.545430,-77.049040,1.30,149.0,6,0,50.0
2024-03-22T20:01:31Z,26.545507,-77.049010,0.20,95.3,1,3,17.1
2024-03-22T20:01:36Z,26.545398,-77.049015,1.93,174.5,1,3,17.0
2024-03-22T20:01:41Z,26.545428,-77.048968,0.98,143.4,1,3,16.9
2024-03-22T20:01:46Z,26.545498,-77.048927,1.32,24.4,1,3,16.8
2024-03-22T20:01:56Z,26.545663,-77.048970,1.97,19.6,1,3,16.5
2024-03-22T20:02:01Z,26.545615,-77.049028,0.72,217.5,1,3,16.4
2024-03-22T20:02:06Z,26.545678,-77.049007,0.97,343.3,1,3,16.3
2024-03-22T20:02:11Z,26.545512,-77.048990,2.34,187.4,1,3,16.2
2024-03-22T20:02:16Z,26.545535,-77.048953,1.18,178.3,1,3,16.0
2024-03-22T20:02:21Z,26.545535,-77.048958,0.09,105.8,1,3,15.9
2024-03-22T20:02:26Z,26.545840,-77.048900,4.66,14.4,1,3,15.8
2024-03-22T20:02:31Z,26.545912,-77.048892,4.08,4.2,1,3,15.7
2024-03-22T20:02:41Z,26.546153,-77.048853,2.39,19.4,1,3,15.5
2024-03-22T20:02:46Z,26.546048,-77.048862,1.08,116.5,1,3,15.4
2024-03-22T20:02:51Z,26.545952,-77.048895,1.53,201.0,1,3,15.3
2024-03-22T20:02:56Z,26.545965,-77.048862,1.42,98.0,1,3,15.2
2024-03-22T20:03:06Z,26.546043,-77.048830,1.47,243.3,1,3,15.0
2024-03-22T20:03:11Z,26.546012,-77.048873,1.11,179.7,1,3,14.9
2024-03-22T20:03:16Z,26.546005,-77.048850,1.37,30.8,6,0,50.0
2024-03-22T20:03:21Z,26.546005,-77.048905,1.13,9.2,1,3,14.7
2024-03-22T20:03:26Z,26.545992,-77.048898,0.30,121.9,1,3,14.6
2024-03-22T20:03:31Z,26.545945,-77.048930,1.07,7.0,1,3,14.5
2024-03-22T20:03:36Z,26.545953,-77.048900,0.65,350.0,1,3,14.4
2024-03-22T20:03:41Z,26.545973,-77.048872,0.45,245.1,1,3,14.3
2024-03-22T20:03:46Z,26.545977,-77.048848,1.41,134.3,1,3,14.2
2024-03-22T20:03:51Z,26.545995,-77.048815,1.76,106.6,1,3,14.1
2024-03-22T20:03:56Z,26.545983,-77.048830,0.85,265.6,1,3,14.0
2024-03-22T20:04:01Z,26.545978,-77.048855,0.86,191.1,1,3,13.9
2024-03-22T20:04:06Z,26.545992,-77.048852,0.63,70.9,1,3,13.9
2024-03-22T20:04:11Z,26.545990,-77.048860,1.84,15.6,1,3,13.8
2024-03-22T20:04:16Z,26.546023,-77.048850,1.22,16.0,1,3,13.7
2024-03-22T20:04:21Z,26.546027,-77.048853,0.68,230.2,1,3,13.6
2024-03-22T20:04:26Z,26.546007,-77.048867,0.93,222.6,1,3,13.5
2024-03-22T20:04:31Z,26.545965,-77.048878,1.59,202.0,1,3,13.4
2024-03-22T20:04:36Z,26.545997,-77.048875,1.39,260.7,1,3,13.4
2024-03-22T20:04:41Z,26.546098,-77.048870,1.27,11.4,1,3,13.3
2024-03-22T20:04:46Z,26.546197,-77.048855,1.28,328.2,1,3,13.2
2024-03-22T20:04:51Z,26.546208,-77.048857,0.55,290.7,6,0,50.0
2024-03-22T20:04:56Z,26.546397,-77.048780,3.72,16.2,1,3,13.1
2024-03-22T20:05:06Z,26.546408,-77.048773,1.54,38.6,1,3,12.9
2024-03-22T20:05:11Z,26.546398,-77.048803,0.58,299.3,1,3,12.8
2024-03-22T20:05:16Z,26.546383,-77.048818,1.71,239.5,1,3,12.8
2024-03-22T20:05:21Z,26.546380,-77.048843,0.20,347.2,1,3,12.7
2024-03-22T20:05:31Z,26.546363,-77.048875,1.60,302.7,1,3,12.5
2024-03-22T20:05:36Z,26.546350,-77.048850,0.98,229.3,1,3,12.5
2024-03-22T20:05:41Z,26.546338,-77.048838,0.93,269.8,1,3,12.4
2024-03-22T20:05:46Z,26.546253,-77.048853,0.67,156.7,1,3,12.3
2024-03-22T20:05:51Z,26.546173,-77.048848,1.53,112.2,1,3,12.3
2024-03-22T20:05:56Z,26.546172,-77.048820,0.37,82.1,1,3,12.2
2024-03-22T20:06:01Z,26.546120,-77.048878,1.75,248.7,1,3,12.1
2024-03-22T20:06:06Z,26.546118,-77.048850,1.19,68.8,1,3,12.1
2024-03-22T20:06:11Z,26.546128,-77.048807,0.78,102.2,1,3,12.0
2024-03-22T20:06:16Z,26.546138,-77.048825,1.08,272.4,6,0,50.0
2024-03-22T20:06:21Z,26.546163,-77.048752,0.85,99.3,1,3,11.9
2024-03-22T20:06:26Z,26.546192,-77.048747,1.66,198.5,1,3,11.8
2024-03-22T20:06:31Z,26.546197,-77.048770,1.50,298.1,1,3,11.8
2024-03-22T20:06:36Z,26.546225,-77.048785,1.26,306.5,1,3,11.7
2024-03-22T20:06:41Z,26.546163,-77.048793,3.37,179.9,6,0,50.0
2024-03-22T20:06:46Z,26.546165,-77.048778,1.08,68.1,1,3,11.6
2024-03-22T20:06:51Z,26.546142,-77.048817,0.72,243.0,1,3,11.5
2024-03-22T20:06:56Z,26.546125,-77.048837,0.94,259.1,1,3,11.5
2024-03-22T20:07:01Z,26.546088,-77.048870,1.68,235.5,6,0,50.0
2024-03-22T20:07:06Z,26.546012,-77.048882,1.18,178.7,1,3,11.3
2024-03-22T20:07:11Z,26.545965,-77.048887,2.15,226.4,1,3,11.3
2024-03-22T20:07:16Z,26.545955,-77.048888,0.39,98.4,6,0,50.0
2024-03-22T20:07:21Z,26.545967,-77.048812,0.47,121.2,1,3,11.2
2024-03-22T20:07:26Z,26.546020,-77.048853,0.81,255.3,1,3,11.1
2024-03-22T20:07:31Z,26.546053,-77.048832,0.68,20.8,6,0,50.0
2024-03-22T20:07:36Z,26.546042,-77.048855,1.05,224.9,1,3,11.0
2024-03-22T20:07:41Z,26.546023,-77.048847,1.45,65.0,1,3,11.0
2024-03-22T20:07:46Z,26.546012,-77.048775,0.84,85.6,1,3,10.9
2024-03-22T20:07:51Z,26.545972,-77.048793,0.67,293.1,1,3,10.8
2024-03-22T20:07:56Z,26.545935,-77.048843,0.34,199.0,1,3,10.8
2024-03-22T20:08:01Z,26.545932,-77.048825,0.85,57.6,1,3,10.7
2024-03-22T20:08:06Z,26.545937,-77.048800,0.95,173.6,1,3,10.7
2024-03-22T20:08:11Z,26.545975,-77.048765,0.02,159.1,1,3,10.6
2024-03-22T20:08:16Z,26.546040,-77.048773,1.60,351.2,1,3,10.6
2024-03-22T20:08:21Z,26.546062,-77.048807,1.50,24.8,1,3,10.5
2024-03-22T20:08:26Z,26.546022,-77.048790,1.53,90.2,1,3,10.5
2024-03-22T20:08:31Z,26.545997,-77.048792,2.51,202.3,1,3,10.4
2024-03-22T20:08:36Z,26.545995,-77.048807,0.81,62.6,6,0,50.0
2024-03-22T20:08:41Z,26.546005,-77.048788,0.81,62.6,6,0,50.0
2024-03-22T20:08:46Z,26.545987,-77.048870,1.78,249.8,1,3,10.3
2024-03-22T20:08:51Z,26.546062,-77.048855,1.02,317.4,1,3,10.3
2024-03-22T20:08:56Z,26.546052,-77.048817,0.31,104.2,1,3,10.2
2024-03-22T20:09:01Z,26.546013,-77.048792,0.70,197.8,1,3,10.2
2024-03-22T20:09:11Z,26.546043,-77.048770,1.46,203.2,1,3,10.1
2024-03-22T20:09:16Z,26.545973,-77.048762,1.00,187.1,1,3,10.0
2024-03-22T20:09:21Z,26.545938,-77.048775,0.63,136.3,1,3,10.0
2024-03-22T20:09:26Z,26.545895,-77.048802,2.57,209.8,1,3,9.9
2024-03-22T20:09:36Z,26.545873,-77.048783,1.49,17.0,1,3,9.9
2024-03-22T20:09:41Z,26.545703,-77.048843,2.69,194.7,1,3,9.8
2024-03-22T20:09:46Z,26.545700,-77.048838,0.82,178.8,1,3,9.8
2024-03-22T20:09:51Z,26.545780,-77.048822,0.52,340.9,1,3,9.7
2024-03-22T20:09:56Z,26.545870,-77.048795,2.22,27.1,1,3,9.7
2024-03-22T20:10:01Z,26.545892,-77.048797,0.65,358.9,1,3,9.6
2024-03-22T20:10:06Z,26.545993,-77.048787,1.66,340.7,1,3,9.6
2024-03-22T20:10:11Z,26.545922,-77.048802,0.95,56.1,1,3,9.6
2024-03-22T20:10:21Z,26.545783,-77.048818,0.19,33.2,1,3,9.5
2024-03-22T20:10:26Z,26.545832,-77.048807,0.58,6.7,1,3,9.4
2024-03-22T20:10:31Z,26.545837,-77.048808,0.59,171.8,1,3,9.4
2024-03-22T20:10:36Z,26.545760,-77.048830,1.06,289.0,1,3,9.4
2024-03-22T20:10:41Z,26.545817,-77.048803,0.99,190.1,1,3,9.3
2024-03-22T20:10:46Z,26.545872,-77.048793,1.75,22.7,1,3,9.3
2024-03-22T20:10:51Z,26.545868,-77.048800,1.27,11.7,1,3,9.3
2024-03-22T20:10:56Z,26.545900,-77.048780,1.37,81.8,1,3,9.2
2024-03-22T20:11:01Z,26.545890,-77.048802,0.84,220.4,1,3,9.2
2024-03-22T20:11:06Z,26.545887,-77.048805,0.60,359.1,1,3,9.1
2024-03-22T20:11:11Z,26.545875,-77.048817,0.63,286.8,1,3,9.1
2024-03-22T20:11:16Z,26.545862,-77.048813,0.54,183.6,1,3,9.1
2024-03-22T20:11:21Z,26.545837,-77.048827,1.49,187.2,1,3,9.0
2024-03-22T20:11:31Z,26.545805,-77.048838,0.50,229.2,1,3,9.0
2024-03-22T20:11:36Z,26.545820,-77.048827,0.68,16.0,1,3,8.9
2024-03-22T20:11:41Z,26.545835,-77.048818,1.18,2.3,1,3,8.9
2024-03-22T20:11:46Z,26.545805,-77.048830,0.80,233.5,1,3,8.9
2024-03-22T20:11:51Z,26.545775,-77.048833,0.42,106.5,1,3,8.8
2024-03-22T20:11:56Z,26.545740,-77.048845,0.88,180.2,1,3,8.8
2024-03-22T20:12:01Z,26.545727,-77.048850,0.88,63.5,1,3,8.8
2024-03-22T20:12:06Z,26.545818,-77.048830,2.88,4.4,1,3,8.7
2024-03-22T20:12:11Z,26.545827,-77.048832,0.59,230.2,1,3,8.7
2024-03-22T20:12:16Z,26.545798,-77.048842,1.00,129.8,1,3,8.7
2024-03-22T20:12:21Z,26.545792,-77.048828,0.17,222.4,1,3,8.6
2024-03-22T20:12:26Z,26.545832,-77.048812,1.18,180.8,1,3,8.6
2024-03-22T20:12:31Z,26.545813,-77.048837,0.37,289.5,1,3,8.6
2024-03-22T20:12:41Z,26.545812,-77.048830,0.60,185.2,1,3,8.5
2024-03-22T20:12:46Z,26.545802,-77.048843,0.36,21.0,1,3,8.5
2024-03-22T20:12:51Z,26.545797,-77.048845,0.26,311.9,1,3,8.4
2024-03-22T20:12:56Z,26.545807,-77.048833,0.97,42.5,1,3,8.4
2024-03-22T20:13:01Z,26.545818,-77.048813,0.42,82.4,1,3,8.4
2024-03-22T20:13:06Z,26.545805,-77.048828,0.45,56.0,1,3,8.4
2024-03-22T20:13:11Z,26.545832,-77.048810,0.51,268.6,1,3,8.3
2024-03-22T20:13:16Z,26.545843,-77.048805,0.53,63.4,1,3,8.3
2024-03-22T20:13:21Z,26.545862,-77.048800,0.67,62.4,1,3,8.3
2024-03-22T20:13:26Z,26.545877,-77.048813,1.19,12.1,1,3,8.2
2024-03-22T20:13:31Z,26.545905,-77.048817,1.31,0.0,1,3,8.2
2024-03-22T20:13:36Z,26.545883,-77.048830,1.30,158.0,1,3,8.2
2024-03-22T20:13:41Z,26.545847,-77.048827,0.46,162.8,1,3,8.1
2024-03-22T20:13:46Z,26.545693,-77.048838,3.24,40.2,6,0,50.0
2024-03-22T20:13:51Z,26.545555,-77.048763,0.78,100.6,1,4,3.3
2024-03-22T20:13:56Z,26.545403,-77.048978,6.89,279.7,1,4,3.3
2024-03-22T20:14:01Z,26.545303,-77.049022,0.51,213.3,1,4,2.1
2024-03-22T20:14:06Z,26.545265,-77.048955,1.41,161.5,1,4,2.1
2024-03-22T20:14:11Z,26.545225,-77.048937,1.30,221.7,1,4,1.8
2024-03-22T20:14:21Z,26.545272,-77.049105,1.17,284.6,1,5,2.0
2024-03-22T20:14:26Z,26.545305,-77.049143,1.46,280.7,1,3,2.4
2024-03-22T20:14:31Z,26.545275,-77.049088,1.92,185.4,1,3,2.4
2024-03-22T20:14:36Z,26.545255,-77.049050,0.41,191.9,1,4,3.3
2024-03-22T20:14:41Z,26.545268,-77.049095,0.42,268.9,1,3,7.8
2024-03-22T20:14:46Z,26.545222,-77.049052,1.31,182.4,1,4,3.6
2024-03-22T20:14:51Z,26.545240,-77.049048,0.04,307.1,1,6,2.0
2024-03-22T20:14:56Z,26.545237,-77.048972,0.43,130.3,1,5,2.5
2024-03-22T20:15:01Z,26.545203,-77.048923,1.71,103.8,1,5,2.0
2024-03-22T20:15:11Z,26.545258,-77.048902,2.64,113.5,1,4,3.1
2024-03-22T20:15:16Z,26.545232,-77.048867,3.93,101.8,1,3,8.3
