$ADVER,3080,2.4P
$GPRMC,111720.315,A,2632.9276,N,07703.2197,W,0.62,217.46,280324,,,A*73
$GPGGA,111725.315,2632.9333,N,07703.2179,W,1,03,3.5,-5.7,M,-33.0,M,,0000*4E
$GPGSA,A,2,16,26,28,,,,,,,,,,3.7,3.5,1.0*39
$GPGSV,3,1,11,16,80,307,15,26,51,029,30,28,20,077,36,04,46,323,28*7F
$GPGSV,3,2,11,31,40,053,36,27,37,158,36,03,34,250,33,08,14,187,35*73
$GPGSV,3,3,11,09,06,319,,32,06,138,20,29,00,035,*4F
$GPRMC,111725.315,A,2632.9333,N,07703.2179,W,2.95,209.98,280324,,,A*70
$GPVTG,209.98,T,,M,2.95,N,5.5,K,N*06
$GPGGA,111730.312,2632.9386,N,07703.2211,W,1,05,2.3,-4.2,M,-33.0,M,,0000*4B
$GPGSA,A,3,16,26,28,08,27,,,,,,,,3.5,2.3,2.7*34
$GPGSV,3,1,11,16,80,307,22,26,51,029,24,28,20,077,37,04,46,323,28*7F
$GPGSV,3,2,11,31,40,053,36,27,37,158,36,03,34,250,32,08,14,187,34*73
$GPGSV,3,3,11,09,06,319,,32,06,138,20,29,00,035,*4F
$GPRMC,111730.312,A,2632.9386,N,07703.2211,W,0.38,97.28,280324,,,A*4B
$GPVTG,97.28,T,,M,0.38,N,0.7,K,A*35
$GPGGA,111735.000,2632.9392,N,07703.2227,W,1,05,2.3,-3.5,M,-33.0,M,,0000*4E
$GPGSA,A,3,16,26,28,08,27,,,,,,,,3.5,2.3,2.7*34
$GPGSV,3,1,11,16,79,308,21,26,51,030,26,27,37,158,36,28,20,077,37*79
$GPGSV,3,2,11,08,14,187,33,04,46,323,33,31,40,053,36,03,34,249,31*73
$GPGSV,3,3,11,09,06,319,,32,06,138,21,29,00,035,*4E
$GPRMC,111735.000,A,2632.9392,N,07703.2227,W,0.34,310.80,280324,,,A*7C
$GPGGA,111740.000,2632.9390,N,07703.2239,W,1,05,2.3,0.5,M,-33.0,M,,0000*6F
$GPGSA,A,3,16,26,28,08,27,,,,,,,,3.5,2.3,2.7*34
$GPGSV,3,1,11,16,79,308,22,26,51,030,30,27,37,158,36,28,20,077,38*72
$GPGSV,3,2,11,08,14,187,33,04,46,323,29,31,40,053,36,03,34,249,31*78
$GPGSV,3,3,11,09,06,319,,32,06,138,22,29,00,035,*4D
$GPRMC,111740.000,A,2632.9390,N,07703.2239,W,0.32,314.59,280324,,,A*75
$GPVTG,314.59,T,,M,0.32,N,0.6,K,A*00
$GPGGA,111745.000,2632.9388,N,07703.2225,W,1,05,2.3,-2.1,M,-33.0,M,,0000*45
$GPGSA,A,3,16,26,28,08,27,,,,,,,,3.5,2.3,2.7*34
$GPGSV,3,1,11,16,79,308,22,26,51,030,30,27,37,158,36,28,20,077,38*72
$GPGSV,3,2,11,08,14,187,33,04,46,323,30,31,40,053,36,03,34,249,32*73
$GPGSV,3,3,11,09,06,319,,32,06,138,18,29,00,035,*44
$GPRMC,111745.000,A,2632.9388,N,07703.2225,W,0.21,322.61,280324,,,A*78
$GPVTG,322.61,T,,M,0.21,N,0.4,K,A*0E
$GPGGA,111750.000,2632.9381,N,07703.2196,W,1,06,1.4,1.3,M,-33.0,M,,0000*68
$GPGSA,A,3,16,26,28,03,08,27,,,,,,,2.6,1.4,2.2*34
$GPGSV,3,1,12,16,79,308,23,26,51,030,30,04,46,323,30,31,40,054,36*7E
$GPGSV,3,2,12,27,37,158,35,03,34,249,32,28,20,077,37,08,14,187,34*72
$GPGSV,3,3,12,09,06,319,,32,06,138,19,29,00,035,,46,25,250,28*7E
$GPRMC,111750.000,A,2632.9381,N,07703.2196,W,0.07,30.36,280324,,,A*48
$GPVTG,30.36,T,,M,0.07,N,0.1,K,A*3D
$GPGGA,111755.000,2632.9381,N,07703.2189,W,1,07,1.4,1.1,M,-33.0,M,,0000*60
$GPGSA,A,3,16,26,31,28,03,08,27,,,,,,2.6,1.4,2.2*36
$GPGSV,3,1,12,16,79,309,24,26,51,030,30,04,47,323,31,31,40,054,36*78
$GPGSV,3,2,12,27,37,158,35,03,34,249,32,28,20,077,37,08,14,187,35*73
$GPGSV,3,3,12,09,07,319,,32,06,138,21,29,00,035,,46,25,250,26*7A
$GPRMC,111755.000,A,2632.9381,N,07703.2189,W,0.10,333.88,280324,,,A*70
$GPVTG,333.88,T,,M,0.10,N,0.2,K,A*0D
$GPGGA,111800.000,2632.9381,N,07703.2187,W,1,07,1.4,-0.1,M,-33.0,M,,0000*4D
$GPGSA,A,3,16,26,31,28,03,08,27,,,,,,2.6,1.4,2.2*36
$GPGSV,3,1,12,16,79,309,25,26,51,030,30,04,47,323,32,31,40,054,36*7A
$GPGSV,3,2,12,27,37,158,35,03,34,249,31,28,20,077,37,08,14,187,35*70
$GPGSV,3,3,12,09,07,319,,32,06,138,21,29,00,035,,46,25,250,27*7B
$GPRMC,111800.000,A,2632.9381,N,07703.2187,W,0.20,327.93,280324,,,A*7D
$GPVTG,327.93,T,,M,0.20,N,0.4,K,A*07
$GPGGA,111805.000,2632.9382,N,07703.2186,W,1,07,1.4,-1.1,M,-33.0,M,,0000*4B
$GPGSA,A,3,16,26,31,28,03,08,27,,,,,,2.6,1.4,2.2*36
$GPGSV,3,1,12,16,79,309,26,26,51,030,30,04,47,323,33,31,40,054,36*78
$GPGSV,3,2,12,27,37,158,35,03,34,249,32,28,20,077,37,08,14,187,35*73
$GPGSV,3,3,12,09,07,319,,32,06,138,23,29,00,035,,46,25,250,27*79
$GPVTG,333.44,T,,M,0.11,N,0.2,K,A*0C
$GPGGA,111810.000,2632.9383,N,07703.2186,W,1,07,1.4,-1.9,M,-33.0,M,,0000*46
$GPGSA,A,3,16,26,31,28,03,08,27,,,,,,2.6,1.4,2.2*36
$GPGSV,3,1,12,16,79,309,27,26,51,030,30,04,47,323,33,31,40,054,36*79
$GPGSV,3,2,12,27,37,158,35,03,34,249,32,28,20,077,37,08,14,187,36*70
$GPGSV,3,3,12,09,07,319,,32,06,138,23,29,00,035,,46,25,250,26*78
$GPRMC,111810.000,A,2632.9383,N,07703.2186,W,0.18,334.35,280324,,,A*7A
$GPVTG,334.35,T,,M,0.18,N,0.3,K,A*05
$GPGGA,111815.000,2632.9383,N,07703.2185,W,1,07,1.4,-2.4,M,-33.0,M,,0000*4E
$GPGSA,A,3,16,26,31,28,03,08,27,,,,,,2.6,1.4,2.2*36
$GPGSV,3,1,11,16,79,310,27,26,51,030,29,04,47,323,33,31,40,054,36*7A
$GPGSV,3,2,11,27,38,158,35,03,34,249,32,28,20,077,37,08,14,187,36*7C
$GPGSV,3,3,11,09,07,319,,32,06,138,23,29,00,035,*4D
$GPRMC,111815.000,A,2632.9383,N,07703.2185,W,0.20,344.99,280324,,,A*76
$GPVTG,344.99,T,,M,0.20,N,0.4,K,A*08
$GPGGA,111820.000,2632.9384,N,07703.2184,W,1,07,1.4,-2.7,M,-33.0,M,,0000*4D
$GPGSA,A,3,16,26,31,28,03,08,27,,,,,,2.6,1.4,2.2*36
$GPGSV,3,1,11,16,79,310,28,26,51,030,28,04,47,323,33,31,40,054,36*74
$GPGSV,3,2,11,27,38,158,35,03,34,249,32,28,20,077,37,08,14,187,36*7C
$GPGSV,3,3,11,09,07,319,,32,06,138,24,29,00,035,*4A
$GPRMC,111820.000,A,2632.9384,N,07703.2184,W,0.20,352.01,280324,,,A*70
$GPVTG,352.01,T,,M,0.20,N,0.4,K,A*0E
$GPGGA,111825.000,2632.9385,N,07703.2183,W,1,07,1.4,-3.1,M,-33.0,M,,0000*49
$GPGSA,A,3,16,26,31,28,03,08,27,,,,,,2.6,1.4,2.2*36
$GPGSV,3,1,11,16,79,310,29,26,51,030,28,04,47,323,33,31,40,054,35*76
$GPGSV,3,2,11,27,38,158,34,03,34,249,33,28,20,077,37,08,14,187,37*7D
$GPGSV,3,3,11,09,07,319,,32,06,138,26,29,00,035,*48
$GPRMC,111825.000,A,2632.9385,N,07703.2183,W,0.22,354.47,280324,,,A*75
$GPVTG,354.47,T,,M,0.22,N,0.4,K,A*08
$GPGGA,111830.000,2632.9386,N,07703.2182,W,1,07,1.4,-3.4,M,-33.0,M,,0000*4A
$GPGSA,A,3,16,26,31,28,03,08,27,,,,,,2.6,1.4,2.2*36
$GPGSV,3,1,11,16,79,310,30,26,51,030,28,04,47,323,32,31,40,054,34*7E
$GPGSV,3,2,11,27,38,158,34,03,34,249,33,28,20,077,37,08,14,187,37*7D
$GPGSV,3,3,11,09,07,319,,32,06,138,27,29,00,035,*49
$GPRMC,111830.000,A,2632.9386,N,07703.2182,W,0.18,346.03,280324,,,A*79
$GPVTG,346.03,T,,M,0.18,N,0.3,K,A*05
$GPGGA,111835.000,2632.9386,N,07703.2182,W,1,07,1.4,-3.7,M,-33.0,M,,0000*4C
$GPGSA,A,3,16,26,31,28,03,08,27,,,,,,2.6,1.4,2.2*36
$GPGSV,3,1,11,16,79,310,31,26,51,030,28,04,47,323,32,31,40,054,34*7F
$GPGSV,3,2,11,27,38,158,34,03,34,249,33,28,20,077,37,08,14,187,37*7D
$GPGSV,3,3,11,09,07,319,,32,06,138,29,29,00,035,*47
$GPRMC,111835.000,A,2632.9386,N,07703.2182,W,0.16,336.75,280324,,,A*74
$GPGGA,111840.000,2632.9388,N,07703.2183,W,1,07,1.4,-4.1,M,-33.0,M,,0000*40
$GPGSA,A,3,16,26,31,28,03,08,27,,,,,,2.6,1.4,2.2*36
$GPGSV,3,1,11,16,79,311,31,26,51,030,29,04,47,323,32,31,40,054,34*7F
$GPGSV,3,2,11,27,38,158,34,03,34,249,24,28,20,077,37,08,14,187,36*7A
$GPGSV,3,3,11,09,07,319,,32,05,138,20,29,00,035,*4D
$GPRMC,111840.000,A,2632.9388,N,07703.2183,W,0.21,325.75,280324,,,A*7F
$GPVTG,325.75,T,,M,0.21,N,0.4,K,A*0C
$GPGGA,111845.000,2632.9389,N,07703.2184,W,1,07,1.4,-4.4,M,-33.0,M,,0000*46
$GPGSA,A,3,16,26,31,28,03,08,27,,,,,,2.6,1.4,2.2*36
$GPGSV,3,1,11,16,79,311,31,26,51,030,30,04,47,323,32,31,40,054,36*75
$GPGSV,3,2,11,27,38,158,35,03,34,249,31,28,20,077,37,08,14,187,36*7F
$GPGSV,3,3,11,09,07,319,,32,05,138,19,29,00,035,*47
$GPRMC,111845.000,A,2632.9389,N,07703.2184,W,0.13,324.48,280324,,,A*72
$GPVTG,324.48,T,,M,0.13,N,0.2,K,A*04
$GPGGA,111850.000,2632.9385,N,07703.2178,W,1,07,1.4,-3.3,M,-33.0,M,,0000*4D
$GPGSA,A,3,16,26,31,28,03,08,27,,,,,,2.6,1.4,2.2*36
$GPGSV,3,1,11,16,79,311,30,26,51,030,25,04,47,323,26,31,40,054,29*7B
$GPGSV,3,2,11,27,38,158,35,03,34,249,21,28,20,077,38,08,14,187,35*72
$GPGSV,3,3,11,09,07,319,,32,05,138,27,29,00,035,*4A
$GPRMC,111850.000,A,2632.9385,N,07703.2178,W,0.29,89.08,280324,,,A*40
$GPVTG,89.08,T,,M,0.29,N,0.5,K,A*3A
$GPGGA,111855.000,2632.9386,N,07703.2176,W,1,07,1.4,-3.7,M,-33.0,M,,0000*41
$GPGSA,A,3,16,26,31,28,03,08,27,,,,,,2.6,1.4,2.2*36
$GPGSV,3,1,11,16,79,311,27,26,51,030,25,04,47,323,25,31,40,054,27*70
$GPGSV,3,2,11,27,38,158,33,03,34,249,28,28,20,077,38,08,14,187,35*7D
$GPGSV,3,3,11,09,07,319,,32,05,138,28,29,00,035,*45
$GPRMC,111855.000,A,2632.9386,N,07703.2176,W,0.21,345.06,280324,,,A*7D
$GPVTG,345.06,T,,M,0.21,N,0.4,K,A*0E
$GPGGA,111900.000,2632.9394,N,07703.2175,W,1,07,1.4,-3.2,M,-33.0,M,,0000*45
$GPGSA,A,3,16,26,31,28,03,08,27,,,,,,2.6,1.4,2.2*36
$GPGSV,3,1,11,16,79,311,26,26,51,030,19,04,47,323,25,31,40,054,27*7E
$GPGSV,3,2,11,27,38,158,21,03,34,249,29,28,20,077,38,08,14,187,30*7A
$GPGSV,3,3,11,09,07,319,,32,05,138,25,29,00,035,*48
$GPRMC,111900.000,A,2632.9394,N,07703.2175,W,0.17,130.00,280324,,,A*7F
$GPVTG,130.00,T,,M,0.17,N,0.3,K,A*0A
$GPGGA,111905.000,2632.9390,N,07703.2175,W,1,06,1.5,-3.1,M,-33.0,M,,0000*47
$GPGSA,A,3,16,31,28,03,08,27,,,,,,,2.6,1.5,2.2*33
$GPGSV,3,1,11,16,79,311,27,26,51,030,17,04,47,323,27,31,40,054,27*73
$GPGSV,3,2,11,27,38,158,16,03,34,249,30,28,20,077,38,08,14,187,30*76
$GPGSV,3,3,11,09,07,319,,32,05,138,23,29,00,035,*4E
$GPRMC,111905.000,A,2632.9390,N,07703.2175,W,0.06,63.15,280324,,,A*4D
$GPGGA,111910.000,2632.9394,N,07703.2181,W,1,07,1.4,-4.2,M,-33.0,M,,0000*48
$GPGSA,A,3,16,26,31,28,03,08,27,,,,,,2.6,1.4,2.2*36
$GPGSV,3,1,11,16,79,312,28,26,51,030,23,04,47,323,27,31,40,054,28*77
$GPGSV,3,2,11,27,38,158,22,03,34,249,30,28,20,077,38,08,14,187,30*71
$GPGSV,3,3,11,09,07,319,,32,05,138,25,29,00,035,*48
$GPRMC,111910.000,A,2632.9394,N,07703.2181,W,0.65,338.66,280324,,,A*7A
$GPVTG,338.66,T,,M,0.65,N,1.2,K,A*05
$GPGGA,111915.000,2632.9387,N,07703.2183,W,1,07,1.4,-5.6,M,-33.0,M,,0000*48
$GPGSA,A,3,16,26,31,28,03,08,27,,,,,,2.6,1.4,2.2*36
$GPGSV,3,1,11,16,79,312,28,26,51,030,23,04,47,323,27,31,40,054,29*76
$GPGSV,3,2,11,27,38,158,22,03,34,249,25,28,20,077,38,08,14,187,31*74
$GPGSV,3,3,11,09,07,319,,32,05,138,27,29,00,035,*4A
$GPRMC,111915.000,A,2632.9387,N,07703.2183,W,0.23,344.04,280324,,,A*72
$GPVTG,344.04,T,,M,0.23,N,0.4,K,A*0F
$GPGGA,111920.000,2632.9388,N,07703.2185,W,1,07,1.4,-7.8,M,-33.0,M,,0000*4B
$GPGSA,A,3,16,26,31,28,03,08,27,,,,,,2.6,1.4,2.2*36
$GPGSV,3,1,11,16,79,312,28,26,51,030,23,04,47,323,27,31,40,054,25*7A
$GPGSV,3,2,11,27,38,158,28,03,34,249,23,28,20,077,38,08,14,187,31*78
$GPGSV,3,3,11,09,07,319,,32,05,138,27,29,00,035,*4A
$GPRMC,111920.000,A,2632.9388,N,07703.2185,W,0.16,317.64,280324,,,A*7B
$GPVTG,317.64,T,,M,0.16,N,0.3,K,A*0E
$GPGGA,111925.000,2632.9389,N,07703.2181,W,1,07,1.4,-8.1,M,-33.0,M,,0000*4D
$GPGSA,A,3,16,26,31,28,03,08,27,,,,,,2.6,1.4,2.2*36
$GPGSV,3,1,11,16,79,312,28,26,51,030,23,04,47,323,28,31,40,054,27*77
$GPGSV,3,2,11,27,38,158,30,03,34,249,23,28,20,077,38,08,14,187,32*72
$GPGSV,3,3,11,09,07,319,,32,05,138,27,29,00,035,*4A
$GPRMC,111925.000,A,2632.9389,N,07703.2181,W,0.27,323.89,280324,,,A*7D
$GPVTG,323.89,T,,M,0.27,N,0.5,K,A*0E
$GPGGA,111930.000,2632.9392,N,07703.2183,W,1,07,1.4,-8.1,M,-33.0,M,,0000*41
$GPGSA,A,3,16,26,31,28,03,08,27,,,,,,2.6,1.4,2.2*36
$GPGSV,3,1,11,16,79,312,28,26,51,030,23,04,47,323,27,31,40,054,32*7C
$GPGSV,3,2,11,27,38,158,25,03,34,249,29,28,20,077,38,08,14,187,31*7F
$GPGSV,3,3,11,09,07,319,,32,05,138,27,29,00,035,*4A
$GPRMC,111930.000,A,2632.9392,N,07703.2183,W,0.05,16.76,280324,,,A*44
$GPVTG,16.76,T,,M,0.05,N,0.1,K,A*3F
$GPGGA,111935.000,2632.9396,N,07703.2184,W,1,07,1.4,-7.2,M,-33.0,M,,0000*4B
$GPGSA,A,3,16,26,31,28,03,08,27,,,,,,2.6,1.4,2.2*36
$GPGSV,3,1,11,16,79,312,28,26,51,030,28,04,47,323,28,31,40,054,26*7D
$GPGSV,3,2,11,27,38,158,30,03,34,249,28,28,20,077,38,08,14,187,32*79
$GPGSV,3,3,11,09,07,319,,32,05,138,18,29,00,035,*46
$GPRMC,111935.000,A,2632.9396,N,07703.2184,W,0.15,237.83,280324,,,A*78
$GPGGA,111940.000,2632.9386,N,07703.2182,W,1,07,1.4,-5.8,M,-33.0,M,,0000*46
$GPGSA,A,3,16,26,31,28,03,08,27,,,,,,2.6,1.4,2.2*36
$GPGSV,3,1,11,16,79,314,26,26,50,030,34,04,47,323,28,31,40,055,34*7B
$GPGSV,3,2,11,27,38,158,31,03,34,248,17,28,20,078,38,08,15,187,33*7A
$GPGSV,3,3,11,09,07,319,16,32,05,138,23,48,29,248,29*46
$GPRMC,111940.000,A,2632.9386,N,07703.2182,W,0.21,116.81,280324,,,A*78
$GPVTG,116.81,T,,M,0.21,N,0.4,K,A*05
$GPGGA,111945.000,2632.9382,N,07703.2182,W,1,07,1.4,-4.0,M,-33.0,M,,0000*4E
$GPGSA,A,3,16,26,31,28,03,08,27,,,,,,2.6,1.4,2.2*36
$GPGSV,3,1,10,16,79,314,27,26,50,030,35,04,47,323,29,31,40,055,36*79
$GPGSV,3,2,10,27,38,158,32,03,34,248,25,28,20,078,39,08,15,187,35*7E
$GPGSV,3,3,10,09,07,319,19,32,05,138,22*7B
$GPRMC,111945.000,A,2632.9382,N,07703.2182,W,0.17,282.01,280324,,,A*7A
$GPVTG,282.01,T,,M,0.17,N,0.3,K,A*01
$GPGGA,111950.000,2632.9385,N,07703.2189,W,1,07,1.4,-4.7,M,-33.0,M,,0000*41
$GPGSA,A,3,16,26,31,28,03,08,27,,,,,,2.6,1.4,2.2*36
$GPGSV,3,1,10,16,79,314,28,26,50,030,30,04,47,323,30,31,40,055,37*7A
$GPGSV,3,2,10,27,38,158,32,03,34,248,28,28,20,078,39,08,15,187,35*73
$GPGSV,3,3,10,09,07,319,19,32,05,138,23*7A
$GPRMC,111950.000,A,2632.9385,N,07703.2189,W,0.14,326.75,280324,,,A*7D
$GPVTG,326.75,T,,M,0.14,N,0.3,K,A*0E
$GPGGA,111955.000,2632.9394,N,07703.2195,W,1,07,1.4,-6.2,M,-33.0,M,,0000*4E
$GPGSA,A,3,16,26,31,28,03,08,27,,,,,,2.6,1.4,2.2*36
$GPGSV,3,1,10,16,79,314,27,26,50,030,33,04,47,323,26,31,40,055,38*7E
$GPGSV,3,2,10,27,38,158,31,03,34,248,28,28,20,078,38,08,15,187,35*71
$GPGSV,3,3,10,09,07,319,19,32,05,138,25*7C
$GPRMC,111955.000,A,2632.9394,N,07703.2195,W,0.17,330.61,280324,,,A*74
$GPVTG,330.61,T,,M,0.17,N,0.3,K,A*0F
$GPGGA,112000.000,2632.9396,N,07703.2196,W,1,07,1.4,-6.6,M,-33.0,M,,0000*41
$GPGSA,A,3,16,26,31,28,03,08,27,,,,,,2.6,1.4,2.2*36
$GPGSV,3,1,10,16,79,314,26,26,50,030,34,04,47,323,29,31,40,055,38*77
$GPGSV,3,2,10,27,38,158,31,03,34,248,27,28,20,078,38,08,15,187,36*7D
$GPGSV,3,3,10,09,07,319,18,32,05,138,20*78
$GPVTG,332.83,T,,M,0.15,N,0.3,K,A*03
$GPGGA,112005.000,2632.9396,N,07703.2194,W,1,07,1.4,-6.6,M,-33.0,M,,0000*46
$GPGSA,A,3,16,26,31,28,03,08,27,,,,,,2.6,1.4,2.2*36
$GPGSV,3,1,10,16,79,314,26,26,50,030,34,04,47,323,33,31,40,055,38*7C
$GPGSV,3,2,10,27,38,158,32,03,34,248,28,28,20,078,39,08,15,187,36*70
$GPGSV,3,3,10,09,07,319,18,32,05,138,19*72
$GPRMC,112005.000,A,2632.9396,N,07703.2194,W,0.11,332.75,280324,,,A*79
$GPVTG,332.75,T,,M,0.11,N,0.2,K,A*0F
$GPGGA,112010.000,2632.9397,N,07703.2194,W,1,07,1.4,-6.6,M,-33.0,M,,0000*43
$GPGSA,A,3,16,26,31,28,03,08,27,,,,,,2.6,1.4,2.2*36
$GPGSV,3,1,10,16,79,314,25,26,50,030,34,04,47,323,32,31,40,055,37*71
$GPGSV,3,2,10,27,38,158,32,03,34,248,28,28,20,078,39,08,15,187,37*71
$GPGSV,3,3,10,09,07,319,18,32,05,138,19*72
$GPRMC,112010.000,A,2632.9397,N,07703.2194,W,0.09,319.52,280324,,,A*79
$GPVTG,319.52,T,,M,0.09,N,0.2,K,A*0A
$GPGGA,112015.000,2632.9398,N,07703.2195,W,1,07,1.4,-6.7,M,-33.0,M,,0000*49
$GPGSA,A,3,16,26,31,28,03,08,27,,,,,,2.6,1.4,2.2*36
$GPGSV,3,1,10,16,79,315,25,26,50,030,35,04,48,323,32,31,40,055,37*7E
$GPGSV,3,2,10,27,38,157,33,03,34,248,29,28,20,078,40,08,15,187,37*70
$GPGSV,3,3,10,09,07,319,18,32,05,139,19*73
$GPRMC,112015.000,A,2632.9398,N,07703.2195,W,0.25,322.39,280324,,,A*79
$GPVTG,322.39,T,,M,0.25,N,0.5,K,A*06
$GPGGA,112020.000,2632.9400,N,07703.2195,W,1,07,1.4,-6.8,M,-33.0,M,,0000*46
$GPGSA,A,3,16,26,31,28,03,08,27,,,,,,2.6,1.4,2.2*36
$GPGSV,3,1,10,16,79,315,25,26,50,030,35,04,48,323,32,31,40,055,37*7E
$GPGSV,3,2,10,27,38,157,33,03,34,248,29,28,20,078,40,08,15,187,37*70
$GPGSV,3,3,10,09,07,319,18,32,05,139,19*73
$GPRMC,112020.000,A,2632.9400,N,07703.2195,W,0.13,340.37,280324,,,A*76
$GPVTG,340.37,T,,M,0.13,N,0.2,K,A*0E
$GPGGA,112025.000,2632.9400,N,07703.2194,W,1,07,1.4,-6.7,M,-33.0,M,,0000*4D
$GPGSA,A,3,16,26,31,28,03,08,27,,,,,,2.6,1.4,2.2*36
$GPGSV,3,1,10,16,79,315,25,26,50,030,36,04,48,323,32,31,40,055,31*7B
$GPGSV,3,2,10,27,38,157,32,03,34,248,29,28,20,078,40,08,15,187,37*71
$GPGSV,3,3,10,09,07,319,18,32,05,139,20*79
$GPVTG,8.31,T,,M,0.09,N,0.2,K,A*0C
$GPGGA,112030.000,2632.9401,N,07703.2193,W,1,07,1.4,-6.9,M,-33.0,M,,0000*41
$GPGSA,A,3,16,26,31,28,03,08,27,,,,,,2.6,1.4,2.2*36
$GPGSV,3,1,10,16,79,315,26,26,50,030,35,04,48,323,28,31,40,055,24*74
$GPGSV,3,2,10,27,38,157,33,03,34,248,28,28,20,078,40,08,15,187,37*71
$GPGSV,3,3,10,09,07,319,19,32,05,139,28*70
$GPRMC,112030.000,A,2632.9401,N,07703.2193,W,0.13,330.04,280324,,,A*77
$GPVTG,330.04,T,,M,0.13,N,0.2,K,A*09
$GPGGA,112035.000,2632.9401,N,07703.2192,W,1,07,1.4,-6.8,M,-33.0,M,,0000*44
$GPGSA,A,3,16,26,31,28,03,08,27,,,,,,2.6,1.4,2.2*36
$GPGSV,3,1,10,16,79,315,26,26,50,030,28,04,48,323,25,31,40,055,30*70
$GPGSV,3,2,10,27,38,157,34,03,34,248,28,28,20,078,40,08,15,187,36*77
$GPGSV,3,3,10,09,07,319,14,32,05,139,19*7F
$GPRMC,112035.000,A,2632.9401,N,07703.2192,W,0.10,8.55,280324,,,A*7C
$GPVTG,8.55,T,,M,0.10,N,0.2,K,A*06
$GPGGA,112040.000,2632.9400,N,07703.2193,W,1,07,1.4,-6.7,M,-33.0,M,,0000*49
$GPGSA,A,3,16,26,31,28,03,08,27,,,,,,2.6,1.4,2.2*36
$GPGSV,3,1,10,16,79,316,28,26,50,030,27,04,48,323,30,31,39,055,30*78
$GPGSV,3,2,10,27,39,157,34,03,34,248,29,28,20,078,39,08,15,187,36*79
$GPGSV,3,3,10,09,08,319,14,32,05,139,29*73
$GPRMC,112040.000,A,2632.9400,N,07703.2193,W,0.19,347.95,280324,,,A*73
$GPVTG,347.95,T,,M,0.19,N,0.3,K,A*0A
$GPGGA,112045.000,2632.9401,N,07703.2192,W,1,07,1.4,-7.0,M,-33.0,M,,0000*4A
$GPGSA,A,3,16,26,31,28,03,08,27,,,,,,2.6,1.4,2.2*36
$GPGSV,3,1,10,16,79,317,29,26,50,030,20,04,48,323,29,31,39,055,31*76
$GPGSV,3,2,10,27,39,157,34,03,34,248,29,28,20,078,39,08,15,187,36*79
$GPGSV,3,3,10,09,08,319,15,32,05,139,28*73
$GPRMC,112045.000,A,2632.9401,N,07703.2192,W,0.17,338.54,280324,,,A*7D
$GPVTG,338.54,T,,M,0.17,N,0.3,K,A*01
$GPGGA,112050.000,2632.9401,N,07703.2190,W,1,07,1.4,-7.2,M,-33.0,M,,0000*4E
$GPGSA,A,3,16,26,31,28,03,08,27,,,,,,2.6,1.4,2.2*36
$GPGSV,3,1,10,16,79,317,30,26,50,030,21,04,48,323,29,31,39,055,31*7F
$GPGSV,3,2,10,27,39,157,35,03,34,248,29,28,20,078,39,08,15,187,36*78
$GPGSV,3,3,10,09,08,319,16,32,05,139,28*70
$GPVTG,160.21,T,,M,0.05,N,0.1,K,A*0D
$GPGGA,112055.000,2632.9403,N,07703.2187,W,1,07,1.4,-7.6,M,-33.0,M,,0000*4B
$GPGSA,A,3,16,26,31,28,03,08,27,,,,,,2.6,1.4,2.2*36
$GPGSV,3,1,10,16,79,317,30,26,50,030,22,04,48,323,29,31,39,055,30*7D
$GPGSV,3,2,10,27,39,157,35,03,34,248,29,28,20,078,39,08,15,187,36*78
$GPGSV,3,3,10,09,08,319,14,32,05,139,24*7E
$GPRMC,112055.000,A,2632.9403,N,07703.2187,W,0.05,288.14,280324,,,A*77
$GPVTG,288.14,T,,M,0.05,N,0.1,K,A*0E
$GPGGA,112100.000,2632.9401,N,07703.2187,W,1,07,1.4,-7.6,M,-33.0,M,,0000*48
$GPGSA,A,3,16,26,31,28,03,08,27,,,,,,2.6,1.4,2.2*36
$GPGSV,3,1,10,16,79,317,30,26,50,030,31,04,48,323,29,31,39,055,23*7D
$GPGSV,3,2,10,27,39,157,35,03,34,248,28,28,20,078,39,08,15,187,35*7A
$GPGSV,3,3,10,09,08,319,,32,05,139,19*75
$GPRMC,112100.000,A,2632.9401,N,07703.2187,W,0.03,1.02,280324,,,A*76
$GPVTG,1.02,T,,M,0.03,N,0.1,K,A*0C
$GPGGA,112105.000,2632.9399,N,07703.2187,W,1,07,1.4,-7.3,M,-33.0,M,,0000*4E
$GPGSA,A,3,16,26,31,28,03,08,27,,,,,,2.6,1.4,2.2*36
$GPGSV,3,1,10,16,79,317,29,26,50,030,37,04,48,323,30,31,39,055,23*7B
$GPGSV,3,2,10,27,39,157,36,03,34,248,27,28,20,078,39,08,15,187,36*75
$GPGSV,3,3,10,09,08,319,,32,05,139,20*7F
$GPRMC,112105.000,A,2632.9399,N,07703.2187,W,0.10,269.10,280324,,,A*78
$GPVTG,269.10,T,,M,0.10,N,0.2,K,A*02
$GPGGA,112110.000,2632.9399,N,07703.2189,W,1,07,1.4,-8.0,M,-33.0,M,,0000*48
$GPGSA,A,3,16,26,31,28,03,08,27,,,,,,2.6,1.4,2.2*36
$GPGSV,3,1,10,16,79,318,25,26,50,030,36,04,48,322,31,31,39,055,34*7F
$GPGSV,3,2,10,27,39,157,36,03,34,248,27,28,19,078,40,08,15,187,37*70
$GPGSV,3,3,10,09,08,319,19,32,04,139,22*74
$GPRMC,112110.000,A,2632.9399,N,07703.2189,W,0.18,309.72,280324,,,A*79
$GPVTG,309.72,T,,M,0.18,N,0.3,K,A*08
$GPGGA,112115.000,2632.9399,N,07703.2192,W,1,07,1.4,-8.5,M,-33.0,M,,0000*42
$GPGSA,A,3,16,26,31,28,03,08,27,,,,,,2.6,1.4,2.2*36
$GPGSV,3,1,10,16,79,318,25,26,50,030,35,04,48,322,19,31,39,055,41*74
$GPGSV,3,2,10,27,39,157,36,03,34,248,34,28,19,078,39,08,15,187,36*7D
$GPGSV,3,3,10,09,08,319,18,32,04,139,22*75
$GPVTG,308.02,T,,M,0.23,N,0.4,K,A*01
$GPGGA,112120.000,2632.9398,N,07703.2193,W,1,07,1.4,-8.3,M,-33.0,M,,0000*42
$GPGSA,A,3,16,26,31,28,03,08,27,,,,,,2.6,1.4,2.2*36
$GPGSV,3,1,10,16,79,318,26,26,50,030,34,04,48,322,17,31,39,055,40*79
$GPGSV,3,2,10,27,39,157,35,03,34,248,34,28,19,078,37,08,15,187,35*73
$GPGSV,3,3,10,09,08,319,18,32,04,139,22*75
$GPRMC,112120.000,A,2632.9398,N,07703.2193,W,0.07,297.10,280324,,,A*7C
$GPVTG,297.10,T,,M,0.07,N,0.1,K,A*06
$GPGGA,112125.000,2632.9396,N,07703.2191,W,1,07,1.4,-7.8,M,-33.0,M,,0000*4F
$GPGSA,A,3,16,26,31,28,03,08,27,,,,,,2.6,1.4,2.2*36
$GPGSV,3,1,10,16,79,318,26,26,50,030,34,04,48,322,25,31,39,055,40*78
$GPGSV,3,2,10,27,39,157,35,03,34,248,31,28,19,078,37,08,15,187,35*76
$GPGSV,3,3,10,09,08,319,18,32,04,139,26*71
$GPRMC,112125.000,A,2632.9396,N,07703.2191,W,0.03,245.26,280324,,,A*7B
$GPVTG,245.26,T,,M,0.03,N,0.1,K,A*08
$GPGGA,112130.000,2632.9395,N,07703.2190,W,1,07,1.4,-8.0,M,-33.0,M,,0000*4E
$GPGSA,A,3,16,26,31,28,03,08,27,,,,,,2.6,1.4,2.2*36
$GPGSV,3,1,10,16,79,318,27,26,50,030,35,04,48,322,33,31,39,055,39*71
$GPGSV,3,2,10,27,39,157,36,03,34,248,19,28,19,078,38,08,15,187,36*73
$GPGSV,3,3,10,09,08,319,19,32,04,139,24*72
$GPRMC,112130.000,A,2632.9395,N,07703.2190,W,0.24,103.50,280324,,,A*78
$GPVTG,103.50,T,,M,0.24,N,0.5,K,A*09
$GPGGA,112135.000,2632.9395,N,07703.2192,W,1,07,1.4,-8.5,M,-33.0,M,,0000*4C
$GPGSA,A,3,16,26,31,28,03,08,27,,,,,,2.6,1.4,2.2*36
$GPGSV,3,1,10,16,79,318,28,26,50,030,36,04,48,322,33,31,39,055,34*70
$GPGSV,3,2,10,27,39,157,36,03,34,248,28,28,19,078,39,08,15,187,37*71
$GPGSV,3,3,10,09,08,319,20,32,04,139,20*7C
$GPRMC,112135.000,A,2632.9395,N,07703.2192,W,0.11,21.02,280324,,,A*4F
$GPVTG,21.02,T,,M,0.11,N,0.2,K,A*3E
$GPGGA,112140.000,2632.9396,N,07703.2192,W,1,07,1.4,-8.3,M,-33.0,M,,0000*4B
$GPGSA,A,3,16,26,31,28,03,08,27,,,,,,2.6,1.4,2.2*36
$GPGSV,3,1,10,16,79,319,28,26,50,030,36,04,48,322,33,31,39,056,31*77
$GPGSV,3,2,10,27,39,157,36,03,33,247,28,28,19,078,39,08,15,187,37*79
$GPGSV,3,3,10,09,08,319,19,32,04,139,20*76
$GPVTG,333.81,T,,M,0.16,N,0.3,K,A*03
$GPGGA,112145.000,2632.9398,N,07703.2195,W,1,07,1.4,-8.2,M,-33.0,M,,0000*46
$GPGSA,A,3,16,26,31,28,03,08,27,,,,,,2.6,1.4,2.2*36
$GPGSV,3,1,10,16,79,319,28,26,50,030,36,04,48,322,32,31,39,056,26*70
$GPGSV,3,2,10,27,39,157,35,03,33,247,27,28,19,078,39,08,15,187,38*7A
$GPGSV,3,3,10,09,08,319,20,32,04,139,19*76
$GPRMC,112145.000,A,2632.9398,N,07703.2195,W,0.28,341.93,280324,,,A*75
$GPVTG,341.93,T,,M,0.28,N,0.5,K,A*0E
$GPGGA,112150.000,2632.9403,N,07703.2202,W,1,07,1.4,-9.5,M,-33.0,M,,0000*4C
$GPGSA,A,3,16,26,31,28,03,08,27,,,,,,2.6,1.4,2.2*36
$GPGSV,3,1,10,16,79,319,29,26,50,030,36,04,48,322,32,31,39,056,20*77
$GPGSV,3,2,10,27,39,157,35,03,33,247,22,28,19,078,39,08,15,187,38*7F
$GPGSV,3,3,10,09,08,319,20,32,04,139,21*7D
$GPRMC,112150.000,A,2632.9403,N,07703.2202,W,0.27,338.70,280324,,,A*75
$GPVTG,338.70,T,,M,0.27,N,0.5,K,A*02
$GPGGA,112155.000,2632.9405,N,07703.2205,W,1,07,1.4,-10.1,M,-33.0,M,,0000*74
$GPGSA,A,3,16,26,31,28,03,08,27,,,,,,2.6,1.4,2.2*36
$GPGSV,3,1,10,16,79,319,29,26,50,030,32,04,48,322,31,31,39,056,29*79
$GPGSV,3,2,10,27,39,157,34,03,33,247,22,28,19,078,40,08,15,187,37*7F
$GPGSV,3,3,10,09,08,319,19,32,04,139,15*70
$GPRMC,112155.000,A,2632.9405,N,07703.2205,W,0.18,345.86,280324,,,A*7E
$GPVTG,345.86,T,,M,0.18,N,0.3,K,A*0B
$GPGGA,112200.000,2632.9407,N,07703.2205,W,1,06,2.2,-10.2,M,-33.0,M,,0000*72
$GPGSA,A,3,16,26,31,28,08,27,,,,,,,3.5,2.2,2.8*38
$GPGSV,3,1,10,16,79,319,30,26,50,030,31,04,48,322,31,31,39,056,30*7A
$GPGSV,3,2,10,27,39,157,35,03,33,247,20,28,19,078,39,08,15,187,36*73
$GPGSV,3,3,10,09,08,319,,32,04,139,*7C
$GPRMC,112200.000,A,2632.9407,N,07703.2205,W,0.19,332.24,280324,,,A*76
$GPVTG,332.24,T,,M,0.19,N,0.4,K,A*05
$GPGGA,112205.000,2632.9404,N,07703.2200,W,1,07,1.4,-9.4,M,-33.0,M,,0000*4B
$GPGSA,A,3,16,26,31,28,08,03,27,,,,,,2.6,1.4,2.2*36
$GPGSV,3,1,10,16,79,319,26,26,50,030,25,04,48,322,28,31,39,056,30*70
$GPGSV,3,2,10,27,39,157,35,03,33,247,22,28,19,078,39,08,15,187,36*71
$GPGSV,3,3,10,09,08,319,,32,04,139,28*76
$GPVTG,99.57,T,,M,0.36,N,0.7,K,A*3D
$GPGGA,112210.000,2632.9393,N,07703.2174,W,1,07,1.4,-4.0,M,-33.0,M,,0000*4F
$GPGSA,A,3,16,26,31,28,08,03,27,,,,,,2.6,1.4,2.2*36
$GPGSV,3,1,10,16,79,320,24,26,49,030,23,04,48,322,25,27,39,157,35*79
$GPGSV,3,2,10,31,39,056,38,03,33,247,30,28,19,079,39,08,16,187,36*7A
$GPGSV,3,3,10,09,08,319,,32,04,139,27*79
$GPRMC,112210.000,A,2632.9393,N,07703.2174,W,0.23,30.17,280324,,,A*40
$GPVTG,30.17,T,,M,0.23,N,0.4,K,A*3D
$GPGGA,112215.000,2632.9391,N,07703.2168,W,1,07,1.4,-2.8,M,-33.0,M,,0000*4B
$GPGSA,A,3,16,26,31,28,08,03,27,,,,,,2.6,1.4,2.2*36
$GPGSV,3,1,10,16,79,320,31,26,49,030,30,04,48,322,31,27,39,157,32*7D
$GPGSV,3,2,10,31,39,056,38,03,33,247,21,28,19,079,39,08,16,187,36*7A
$GPGSV,3,3,10,09,08,319,,32,04,139,18*75
$GPRMC,112215.000,A,2632.9391,N,07703.2168,W,0.32,109.84,280324,,,A*7B
$GPVTG,109.84,T,,M,0.32,N,0.6,K,A*0E
$GPGGA,112220.000,2632.9393,N,07703.2167,W,1,07,1.4,-2.7,M,-33.0,M,,0000*4F
$GPGSA,A,3,16,26,31,28,08,03,27,,,,,,2.6,1.4,2.2*36
$GPGSV,3,1,10,16,79,320,26,26,49,030,29,04,48,322,31,27,39,157,31*70
$GPGSV,3,2,10,31,39,056,38,03,33,247,19,28,19,079,39,08,16,187,37*70
$GPGSV,3,3,10,09,08,319,,32,04,139,19*74
$GPRMC,112220.000,A,2632.9393,N,07703.2167,W,0.36,104.67,280324,,,A*74
$GPVTG,104.67,T,,M,0.36,N,0.7,K,A*0B
$GPGGA,112225.000,2632.9386,N,07703.2162,W,1,07,1.4,-0.6,M,-33.0,M,,0000*48
$GPGSA,A,3,16,26,31,28,08,03,27,,,,,,2.6,1.4,2.2*36
$GPGSV,3,1,10,16,79,320,26,26,49,030,29,04,48,322,31,27,39,157,28*78
$GPGSV,3,2,10,31,39,056,38,03,33,247,27,28,19,079,39,08,16,187,37*7D
$GPGSV,3,3,10,09,08,319,,32,04,139,19*74
$GPRMC,112225.000,A,2632.9386,N,07703.2162,W,0.19,103.45,280324,,,A*7A
$GPVTG,103.45,T,,M,0.19,N,0.4,K,A*02
$GPGGA,112230.000,2632.9384,N,07703.2155,W,1,07,1.4,0.5,M,-33.0,M,,0000*64
$GPGSA,A,3,16,26,31,28,08,03,27,,,,,,2.6,1.4,2.2*36
$GPGSV,3,1,10,16,79,320,27,26,49,030,25,04,48,322,30,27,39,157,30*7D
$GPGSV,3,2,10,31,39,056,37,03,33,247,29,28,19,079,39,08,16,187,37*7C
$GPGSV,3,3,10,09,08,319,,32,04,139,26*78
$GPVTG,86.61,T,,M,0.16,N,0.3,K,A*30
$GPGGA,112235.000,2632.9387,N,07703.2154,W,1,07,1.4,0.2,M,-33.0,M,,0000*64
$GPGSA,A,3,16,26,31,28,08,03,27,,,,,,2.6,1.4,2.2*36
$GPGSV,3,1,10,16,79,320,28,26,49,030,21,04,48,322,22,27,39,157,32*77
$GPGSV,3,2,10,31,39,056,37,03,33,247,29,28,19,079,39,08,16,187,37*7C
$GPGSV,3,3,10,09,08,319,18,32,04,139,26*71
$GPRMC,112235.000,A,2632.9387,N,07703.2154,W,0.25,5.95,280324,,,A*7A
$GPVTG,5.95,T,,M,0.25,N,0.5,K,A*06
$GPGGA,112240.000,2632.9388,N,07703.2150,W,1,07,1.4,0.3,M,-33.0,M,,0000*6C
$GPGSA,A,3,16,26,31,28,08,03,27,,,,,,2.6,1.4,2.2*36
$GPGSV,3,1,10,16,79,320,29,26,49,030,20,04,48,322,26,27,39,157,32*73
$GPGSV,3,2,10,31,39,056,34,03,33,247,29,28,19,079,40,08,16,187,37*71
$GPGSV,3,3,10,09,08,319,18,32,04,139,27*70
$GPRMC,112240.000,A,2632.9388,N,07703.2150,W,0.21,98.25,280324,,,A*48
$GPVTG,98.25,T,,M,0.21,N,0.4,K,A*3C
$GPGGA,112245.000,2632.9389,N,07703.2148,W,1,07,1.4,0.3,M,-33.0,M,,0000*61
$GPGSA,A,3,16,26,31,28,08,03,27,,,,,,2.6,1.4,2.2*36
$GPGSV,3,1,10,16,78,322,30,26,49,031,28,04,49,322,26,27,40,157,34*78
$GPGSV,3,2,10,31,39,056,31,03,33,247,22,28,19,079,39,08,16,187,36*70
$GPGSV,3,3,10,09,08,320,17,32,04,139,13*72
$GPRMC,112245.000,A,2632.9389,N,07703.2148,W,0.30,103.41,280324,,,A*74
$GPVTG,103.41,T,,M,0.30,N,0.6,K,A*0F
$GPGGA,112250.000,2632.9389,N,07703.2151,W,1,07,1.4,-0.2,M,-33.0,M,,0000*41
$GPGSA,A,3,16,26,31,28,08,03,27,,,,,,2.6,1.4,2.2*36
$GPGSV,3,1,10,16,78,322,31,26,49,031,38,04,49,322,32,27,40,157,35*7C
$GPGSV,3,2,10,31,39,056,27,03,33,247,29,28,19,079,40,08,16,187,37*73
$GPGSV,3,3,10,09,08,320,18,32,04,139,21*7C
$GPRMC,112250.000,A,2632.9389,N,07703.2151,W,0.34,298.48,280324,,,A*74
$GPVTG,298.48,T,,M,0.34,N,0.6,K,A*03
$GPGGA,112255.000,2632.9389,N,07703.2156,W,1,07,1.4,-0.8,M,-33.0,M,,0000*49
$GPGSA,A,3,16,26,31,28,08,03,27,,,,,,2.6,1.4,2.2*36
$GPGSV,3,1,10,16,78,322,32,26,49,031,38,04,49,322,19,27,40,157,36*75
$GPGSV,3,2,10,31,39,056,35,03,33,247,30,28,19,079,39,08,16,187,30*71
$GPGSV,3,3,10,09,08,320,22,32,04,139,22*76
$GPRMC,112255.000,A,2632.9389,N,07703.2156,W,0.10,304.76,280324,,,A*79
$GPGGA,112300.000,2632.9390,N,07703.2158,W,1,07,1.4,-1.1,M,-33.0,M,,0000*46
$GPGSA,A,3,16,26,31,28,08,03,27,,,,,,2.6,1.4,2.2*36
$GPGSV,3,1,10,16,78,322,32,26,49,031,34,04,49,322,28,27,40,157,37*7A
$GPGSV,3,2,10,31,39,056,36,03,33,247,30,28,19,079,36,08,16,187,29*75
$GPGSV,3,3,10,09,08,320,14,32,04,139,29*78
$GPRMC,112300.000,A,2632.9390,N,07703.2158,W,0.10,299.45,280324,,,A*7B
$GPVTG,299.45,T,,M,0.10,N,0.2,K,A*0D
$GPGGA,112305.000,2632.9389,N,07703.2160,W,1,07,1.4,-1.4,M,-33.0,M,,0000*45
$GPGSA,A,3,16,26,31,28,08,03,27,,,,,,2.6,1.4,2.2*36
$GPGSV,3,1,10,16,78,322,32,26,49,031,34,04,49,322,27,27,40,157,36*74
$GPGSV,3,2,10,31,39,056,36,03,33,247,34,28,19,079,36,08,16,187,29*71
$GPGSV,3,3,10,09,08,320,14,32,04,139,27*76
$GPRMC,112305.000,A,2632.9389,N,07703.2160,W,0.11,278.53,280324,,,A*74
$GPVTG,278.53,T,,M,0.11,N,0.2,K,A*04
$GPGGA,112310.000,2632.9388,N,07703.2162,W,1,07,1.4,-1.5,M,-33.0,M,,0000*43
$GPGSA,A,3,16,26,31,28,08,03,27,,,,,,2.6,1.4,2.2*36
$GPGSV,3,1,10,16,78,322,32,26,49,031,33,04,49,322,23,27,40,157,34*75
$GPGSV,3,2,10,31,39,056,36,03,33,247,35,28,19,079,36,08,16,187,30*78
$GPGSV,3,3,10,09,08,320,14,32,04,139,18*7A
$GPRMC,112310.000,A,2632.9388,N,07703.2162,W,0.08,255.81,280324,,,A*7B
$GPVTG,255.81,T,,M,0.08,N,0.2,K,A*0C
$GPGGA,112315.000,2632.9387,N,07703.2162,W,1,07,1.4,-1.5,M,-33.0,M,,0000*49
$GPGSA,A,3,16,26,31,28,08,03,27,,,,,,2.6,1.4,2.2*36
$GPGSV,3,1,10,16,78,323,32,26,49,031,33,04,49,322,22,27,40,157,34*75
$GPGSV,3,2,10,31,39,057,37,03,33,247,35,28,19,079,36,08,16,187,32*7A
$GPGSV,3,3,10,09,08,320,13,32,04,139,19*7C
$GPRMC,112315.000,A,2632.9387,N,07703.2162,W,0.07,255.86,280324,,,A*79
$GPVTG,255.86,T,,M,0.07,N,0.1,K,A*07
$GPGGA,112320.000,2632.9385,N,07703.2162,W,1,07,1.4,-1.3,M,-33.0,M,,0000*4B
$GPGSA,A,3,16,26,31,28,08,03,27,,,,,,2.6,1.4,2.2*36
$GPGSV,3,1,10,16,78,323,31,26,49,031,35,04,49,322,22,27,40,157,35*71
$GPGSV,3,2,10,31,39,057,37,03,33,247,35,28,19,079,36,08,16,187,33*7B
$GPGSV,3,3,10,09,08,320,,32,04,139,19*7E
$GPVTG,273.10,T,,M,0.16,N,0.3,K,A*0E
$GPGGA,112325.000,2632.9384,N,07703.2163,W,1,07,1.4,-1.0,M,-33.0,M,,0000*4D
$GPGSA,A,3,16,26,31,28,08,03,27,,,,,,2.6,1.4,2.2*36
$GPGSV,3,1,10,16,78,323,32,26,49,031,36,04,49,322,25,27,40,157,36*75
$GPGSV,3,2,10,31,39,057,33,03,33,247,35,28,19,079,29,08,16,187,34*76
$GPGSV,3,3,10,09,08,320,,32,04,139,15*72
$GPRMC,112325.000,A,2632.9384,N,07703.2163,W,0.17,263.92,280324,,,A*79
$GPVTG,263.92,T,,M,0.17,N,0.3,K,A*04
$GPGGA,112330.000,2632.9382,N,07703.2165,W,1,07,1.4,-1.2,M,-33.0,M,,0000*4B
$GPGSA,A,3,16,26,31,28,08,03,27,,,,,,2.6,1.4,2.2*36
$GPGSV,3,1,10,16,78,323,32,26,49,031,35,04,49,322,18,27,40,157,37*79
$GPGSV,3,2,10,31,39,057,32,03,33,247,32,28,19,079,31,08,16,187,34*79
$GPGSV,3,3,10,09,08,320,,32,04,139,25*71
$GPRMC,112330.000,A,2632.9382,N,07703.2165,W,0.22,273.54,280324,,,A*70
$GPVTG,273.54,T,,M,0.22,N,0.4,K,A*0E
$GPGGA,112335.000,2632.9381,N,07703.2164,W,1,07,1.4,-1.6,M,-33.0,M,,0000*48
$GPGSA,A,3,16,26,31,28,08,03,27,,,,,,2.6,1.4,2.2*36
$GPGSV,3,1,10,16,78,323,32,26,49,031,35,04,49,322,22,27,40,157,39*7E
$GPGSV,3,2,10,31,39,057,29,03,33,247,30,28,19,079,32,08,16,187,34*72
$GPGSV,3,3,10,09,08,320,,32,04,139,21*75
$GPRMC,112335.000,A,2632.9381,N,07703.2164,W,0.14,276.54,280324,,,A*77
$GPVTG,276.54,T,,M,0.14,N,0.3,K,A*09
$GPGGA,112340.000,2632.9383,N,07703.2164,W,1,07,1.4,-2.7,M,-33.0,M,,0000*4A
$GPGSA,A,3,16,26,31,28,08,03,27,,,,,,2.6,1.4,2.2*36
$GPGSV,3,1,10,16,78,323,32,26,49,031,34,04,49,322,22,27,40,157,39*7F
$GPGSV,3,2,10,31,39,057,30,03,33,247,30,28,19,079,32,08,16,187,34*7A
$GPGSV,3,3,10,09,08,320,,32,04,139,25*71
$GPRMC,112340.000,A,2632.9383,N,07703.2164,W,0.11,306.12,280324,,,A*76
$GPVTG,306.12,T,,M,0.11,N,0.2,K,A*09
$GPGGA,112345.000,2632.9382,N,07703.2164,W,1,07,1.4,-2.7,M,-33.0,M,,0000*4E
$GPGSA,A,3,16,26,31,28,08,03,27,,,,,,2.6,1.4,2.2*36
$GPGSV,3,1,10,16,78,324,32,04,49,322,23,26,49,031,35,27,40,156,39*79
$GPGSV,3,2,10,31,39,057,31,03,33,246,32,28,19,079,32,08,16,187,34*78
$GPGSV,3,3,10,09,09,320,,32,03,139,24*76
$GPVTG,317.73,T,,M,0.12,N,0.2,K,A*0D
$GPGGA,112350.000,2632.9382,N,07703.2163,W,1,07,1.4,-2.5,M,-33.0,M,,0000*4F
$GPGSA,A,3,16,26,31,28,08,03,27,,,,,,2.6,1.4,2.2*36
$GPGSV,3,1,10,16,78,324,32,04,49,322,25,26,49,031,37,27,40,156,39*7D
$GPGSV,3,2,10,31,39,057,32,03,33,246,33,28,19,079,32,08,16,187,34*7A
$GPGSV,3,3,10,09,09,320,,32,03,139,18*79
$GPRMC,112350.000,A,2632.9382,N,07703.2163,W,0.14,319.93,280324,,,A*73
$GPVTG,319.93,T,,M,0.14,N,0.3,K,A*0A
$GPGGA,112355.000,2632.9382,N,07703.2162,W,1,07,1.4,-2.3,M,-33.0,M,,0000*4D
$GPGSA,A,3,16,26,31,28,08,03,27,,,,,,2.6,1.4,2.2*36
$GPGSV,3,1,10,16,78,324,32,04,49,322,26,26,49,031,38,27,40,156,38*70
$GPGSV,3,2,10,31,39,057,34,03,33,246,35,28,19,079,33,08,16,187,34*7B
$GPGSV,3,3,10,09,09,320,,32,03,139,16*77
$GPRMC,112355.000,A,2632.9382,N,07703.2162,W,0.17,332.45,280324,,,A*76
$GPVTG,332.45,T,,M,0.17,N,0.3,K,A*0B
$GPGGA,112400.000,2632.9383,N,07703.2162,W,1,07,1.4,-1.8,M,-33.0,M,,0000*43
$GPGSA,A,3,16,26,31,28,08,03,27,,,,,,2.6,1.4,2.2*36
$GPGSV,3,1,10,16,78,324,32,04,49,322,27,26,49,031,38,27,40,156,38*71
$GPGSV,3,2,10,31,39,057,35,03,33,246,36,28,19,079,35,08,16,187,34*7F
$GPGSV,3,3,10,09,09,320,,32,03,139,15*74
$GPRMC,112400.000,A,2632.9383,N,07703.2162,W,0.13,320.65,280324,,,A*75
$GPVTG,320.65,T,,M,0.13,N,0.2,K,A*0F
$GPGGA,112405.000,2632.9384,N,07703.2161,W,1,07,1.4,-1.0,M,-33.0,M,,0000*4A
$GPGSA,A,3,16,26,31,28,08,03,27,,,,,,2.6,1.4,2.2*36
$GPGSV,3,1,10,16,78,324,32,04,49,322,29,26,49,031,38,27,40,156,37*70
$GPGSV,3,2,10,31,39,057,36,03,33,246,36,28,19,079,36,08,16,187,34*7F
$GPGSV,3,3,10,09,09,320,,32,03,139,14*75
$GPRMC,112405.000,A,2632.9384,N,07703.2161,W,0.16,337.05,280324,,,A*71
$GPVTG,337.05,T,,M,0.16,N,0.3,K,A*0B
$GPGGA,112410.000,2632.9384,N,07703.2161,W,1,07,1.4,-0.1,M,-33.0,M,,0000*4E
$GPGSA,A,3,16,26,31,28,08,03,27,,,,,,2.6,1.4,2.2*36
$GPGSV,3,1,10,16,78,324,31,04,49,322,29,26,49,031,37,27,40,156,37*7C
$GPGSV,3,2,10,31,39,057,37,03,33,246,36,28,19,079,35,08,16,187,33*7A
$GPGSV,3,3,10,09,09,320,,32,03,139,18*79
$GPVTG,340.26,T,,M,0.19,N,0.3,K,A*05
$GPGGA,112415.000,2632.9385,N,07703.2160,W,1,07,1.4,0.6,M,-33.0,M,,0000*61
$GPGSA,A,3,16,26,31,28,08,03,27,,,,,,2.6,1.4,2.2*36
$GPGSV,3,1,10,16,78,325,32,04,49,322,28,26,48,031,36,27,40,156,37*7F
$GPGSV,3,2,10,31,39,057,37,03,33,246,36,28,19,079,30,08,17,187,33*7E
$GPGSV,3,3,10,09,09,320,,32,03,139,29*7B
$GPRMC,112415.000,A,2632.9385,N,07703.2160,W,0.19,352.79,280324,,,A*77
$GPVTG,352.79,T,,M,0.19,N,0.3,K,A*0C
$GPGGA,112420.000,2632.9387,N,07703.2159,W,1,07,1.4,1.3,M,-33.0,M,,0000*6B
$GPGSA,A,3,16,26,31,28,08,03,27,,,,,,2.6,1.4,2.2*36
$GPGSV,3,1,11,16,78,325,31,04,49,322,29,26,48,031,35,27,40,156,37*7F
$GPGSV,3,2,11,31,39,057,36,03,33,246,35,28,19,079,32,08,17,187,29*74
$GPGSV,3,3,11,09,09,320,,32,03,139,29,44,36,241,37*4C
$GPRMC,112420.000,A,2632.9387,N,07703.2159,W,0.27,3.03,280324,,,A*7E
$GPVTG,3.03,T,,M,0.27,N,0.5,K,A*0D
$GPGGA,112425.000,2632.9389,N,07703.2157,W,1,07,1.4,2.1,M,-33.0,M,,0000*6F
$GPGSA,A,3,16,26,31,28,08,03,27,,,,,,2.6,1.4,2.2*36
$GPGSV,3,1,11,16,78,325,31,04,49,322,29,26,48,031,35,27,40,156,36*7E
$GPGSV,3,2,11,31,39,057,37,03,33,246,35,28,19,079,35,08,17,187,20*7B
$GPGSV,3,3,11,09,09,320,,32,03,139,20,44,36,241,35*47
$GPRMC,112425.000,A,2632.9389,N,07703.2157,W,0.20,8.31,280324,,,A*76
$GPVTG,8.31,T,,M,0.20,N,0.4,K,A*01
$GPGGA,112430.000,2632.9391,N,07703.2158,W,1,08,1.2,0.5,M,-33.0,M,,0000*62
$GPGSA,A,3,16,26,04,31,28,08,03,27,,,,,2.5,1.2,2.2*37
$GPGSV,3,1,11,16,78,325,31,04,49,322,26,26,48,031,34,27,40,156,37*71
$GPGSV,3,2,11,31,39,057,38,03,33,246,26,28,19,079,36,08,17,187,26*73
$GPGSV,3,3,11,09,09,320,,32,03,139,20,44,36,241,35*47
$GPRMC,112430.000,A,2632.9391,N,07703.2158,W,0.10,24.41,280324,,,A*4E
$GPVTG,24.41,T,,M,0.10,N,0.2,K,A*3D
$GPGGA,112435.000,2632.9392,N,07703.2160,W,1,08,1.2,-1.2,M,-33.0,M,,0000*44
$GPGSA,A,3,16,26,04,31,28,08,03,27,,,,,2.5,1.2,2.2*37
$GPGSV,3,1,11,16,78,326,31,04,49,322,22,26,48,031,34,27,40,156,37*76
$GPGSV,3,2,11,31,39,057,30,03,33,246,32,28,19,080,37,08,17,187,29*76
$GPGSV,3,3,11,09,09,320,,32,03,139,28,44,36,241,33*49
$GPVTG,40.98,T,,M,0.12,N,0.2,K,A*39
$GPGGA,112440.000,2632.9392,N,07703.2159,W,1,08,1.2,-1.9,M,-33.0,M,,0000*47
$GPGSA,A,3,16,26,04,31,28,08,03,27,,,,,2.5,1.2,2.2*37
$GPGSV,3,1,11,16,78,326,30,04,49,322,29,26,48,031,35,27,40,156,37*7D
$GPGSV,3,2,11,31,39,057,23,03,33,246,23,28,19,080,38,08,17,187,35*76
$GPGSV,3,3,11,09,09,320,,32,03,139,26,44,36,241,33*47
$GPRMC,112440.000,A,2632.9392,N,07703.2159,W,0.21,86.97,280324,,,A*4A
$GPVTG,86.97,T,,M,0.21,N,0.4,K,A*3A
$GPGGA,112445.000,2632.9391,N,07703.2157,W,1,08,1.2,-2.6,M,-33.0,M,,0000*43
$GPGSA,A,3,16,26,04,31,28,08,03,27,,,,,2.5,1.2,2.2*37
$GPGSV,3,1,11,16,78,326,25,04,50,322,30,26,48,031,35,27,40,156,36*78
$GPGSV,3,2,11,31,39,057,33,03,33,246,23,28,19,080,40,08,17,187,36*7B
$GPGSV,3,3,11,09,09,320,,32,03,139,16,44,36,241,33*44
$GPRMC,112445.000,A,2632.9391,N,07703.2157,W,0.15,351.45,280324,,,A*73
$GPVTG,351.45,T,,M,0.15,N,0.3,K,A*0C
$GPGGA,112450.000,2632.9390,N,07703.2155,W,1,07,1.4,-2.5,M,-33.0,M,,0000*4E
$GPGSA,A,3,16,26,04,31,28,08,27,,,,,,2.7,1.4,2.3*31
$GPGSV,3,1,11,16,78,326,25,04,50,322,30,26,48,031,30,27,40,156,35*7E
$GPGSV,3,2,11,31,39,057,34,03,33,246,,28,19,080,40,08,17,187,36*7D
$GPGSV,3,3,11,09,09,320,,32,03,139,17,44,36,241,30*46
$GPRMC,112450.000,A,2632.9390,N,07703.2155,W,0.18,58.24,280324,,,A*44
$GPVTG,58.24,T,,M,0.18,N,0.3,K,A*3C
$GPGGA,112455.000,2632.9389,N,07703.2150,W,1,08,1.2,-2.4,M,-33.0,M,,0000*4E
$GPGSA,A,3,16,26,04,31,28,08,03,27,,,,,2.5,1.2,2.2*37
$GPGSV,3,1,11,16,78,326,24,04,50,322,30,26,48,031,29,27,40,156,34*76
$GPGSV,3,2,11,31,39,057,33,03,33,246,20,28,19,080,40,08,17,187,36*78
$GPGSV,3,3,11,09,09,320,,32,03,139,16,44,36,241,29*4F
$GPRMC,112455.000,A,2632.9389,N,07703.2150,W,0.46,95.07,280324,,,A*47
$GPVTG,95.07,T,,M,0.46,N,0.8,K,A*3C
$GPGGA,112500.000,2632.9387,N,07703.2146,W,1,07,1.4,-2.1,M,-33.0,M,,0000*4A
$GPGSA,A,3,16,26,04,31,28,08,27,,,,,,2.7,1.4,2.4*36
$GPGSV,3,1,11,16,78,326,24,04,50,322,30,26,48,031,29,27,40,156,34*76
$GPGSV,3,2,11,31,39,057,33,03,33,246,,28,19,080,40,08,17,187,36*7A
$GPGSV,3,3,11,09,09,320,,32,03,139,15,44,36,241,32*46
$GPRMC,112500.000,A,2632.9387,N,07703.2146,W,0.17,96.38,280324,,,A*44
$GPVTG,96.38,T,,M,0.17,N,0.3,K,A*3C
$GPGGA,112505.000,2632.9386,N,07703.2144,W,1,08,1.2,-2.4,M,-33.0,M,,0000*40
$GPGSA,A,3,16,26,04,31,28,08,03,27,,,,,2.5,1.2,2.2*37
$GPGSV,3,1,11,16,78,326,24,04,50,322,30,26,48,031,31,27,40,156,34*7F
$GPGSV,3,2,11,31,39,057,34,03,33,246,27,28,19,080,41,08,17,187,36*79
$GPGSV,3,3,11,09,09,320,,32,03,139,16,44,36,241,33*44
$GPVTG,90.49,T,,M,0.23,N,0.4,K,A*3C
$GPGGA,112510.000,2632.9387,N,07703.2143,W,1,08,1.2,-2.8,M,-33.0,M,,0000*4E
$GPGSA,A,3,16,26,04,31,28,08,03,27,,,,,2.5,1.2,2.2*37
$GPGSV,3,1,11,16,78,326,25,04,50,322,30,26,48,031,36,27,40,156,35*78
$GPGSV,3,2,11,31,39,057,26,03,33,246,26,28,19,080,41,08,17,187,35*78
$GPGSV,3,3,11,09,09,320,19,32,03,139,25,44,36,241,32*4D
$GPRMC,112510.000,A,2632.9387,N,07703.2143,W,0.15,64.13,280324,,,A*46
$GPVTG,64.13,T,,M,0.15,N,0.3,K,A*3A
$GPGGA,112515.000,2632.9387,N,07703.2136,W,1,08,1.2,-1.3,M,-33.0,M,,0000*41
$GPGSA,A,3,16,26,04,31,28,08,03,27,,,,,2.5,1.2,2.2*37
$GPGSV,3,1,11,16,78,327,26,04,50,322,24,26,48,031,36,27,41,156,35*7E
$GPGSV,3,2,11,31,39,058,34,03,33,245,32,28,19,080,40,08,17,187,30*76
$GPGSV,3,3,11,09,09,320,17,32,03,139,26,44,36,241,33*41
$GPRMC,112515.000,A,2632.9387,N,07703.2136,W,0.20,95.72,280324,,,A*4E
$GPVTG,95.72,T,,M,0.20,N,0.4,K,A*32
$GPGGA,112520.000,2632.9388,N,07703.2136,W,1,08,1.2,-1.3,M,-33.0,M,,0000*48
$GPGSA,A,3,16,26,04,31,28,08,03,27,,,,,2.5,1.2,2.2*37
$GPGSV,3,1,11,16,78,327,28,04,50,322,24,26,48,031,35,27,41,156,36*70
$GPGSV,3,2,11,31,39,058,36,03,33,245,30,28,19,080,39,08,17,187,23*7A
$GPGSV,3,3,11,09,09,320,16,32,03,139,16,44,36,241,35*45
$GPRMC,112520.000,A,2632.9388,N,07703.2136,W,0.22,351.61,280324,,,A*7C
$GPVTG,351.61,T,,M,0.22,N,0.4,K,A*09
$GPGGA,112525.000,2632.9391,N,07703.2140,W,1,08,1.2,-1.8,M,-33.0,M,,0000*4F
$GPGSA,A,3,16,26,04,31,28,08,03,27,,,,,2.5,1.2,2.2*37
$GPGSV,3,1,11,16,78,327,29,04,50,322,30,26,48,031,35,27,41,156,37*75
$GPGSV,3,2,11,31,39,058,37,03,33,245,33,28,19,080,35,08,17,187,25*72
$GPGSV,3,3,11,09,09,320,15,32,03,139,28,44,36,241,35*4B
$GPRMC,112525.000,A,2632.9391,N,07703.2140,W,0.10,11.53,280324,,,A*47
$GPVTG,11.53,T,,M,0.10,N,0.2,K,A*38
$GPGGA,112530.000,2632.9392,N,07703.2141,W,1,08,1.2,-2.1,M,-33.0,M,,0000*43
$GPGSA,A,3,16,26,04,31,28,08,03,27,,,,,2.5,1.2,2.2*37
$GPGSV,3,1,11,16,78,327,31,04,50,322,31,26,48,031,34,27,41,156,37*7C
$GPGSV,3,2,11,31,39,058,37,03,33,245,34,28,19,080,34,08,17,187,32*72
$GPGSV,3,3,11,09,09,320,,32,03,139,11,44,36,241,35*45
$GPRMC,112530.000,A,2632.9392,N,07703.2141,W,0.10,323.24,280324,,,A*73
$GPVTG,323.24,T,,M,0.10,N,0.2,K,A*0A
$GPGGA,112535.000,2632.9392,N,07703.2142,W,1,08,1.2,-2.2,M,-33.0,M,,0000*46
$GPGSA,A,3,16,26,04,31,28,08,03,27,,,,,2.5,1.2,2.2*37
$GPGSV,3,1,11,16,78,327,32,04,50,322,30,26,48,031,35,27,41,156,37*7F
$GPGSV,3,2,11,31,39,058,37,03,33,245,32,28,19,080,34,08,17,187,33*75
$GPGSV,3,3,11,09,09,320,,32,03,139,16,44,36,241,33*44
$GPRMC,112535.000,A,2632.9392,N,07703.2142,W,0.06,278.43,280324,,,A*7C
$GPGGA,112540.000,2632.9390,N,07703.2143,W,1,08,1.2,-2.9,M,-33.0,M,,0000*4C
$GPGSA,A,3,16,26,04,31,28,08,03,27,,,,,2.5,1.2,2.2*37
$GPGSV,3,1,11,16,78,327,33,04,50,322,27,26,48,031,36,27,41,156,39*75
$GPGSV,3,2,11,31,39,058,31,03,33,245,29,28,19,080,33,08,17,187,33*7E
$GPGSV,3,3,11,09,09,320,,32,03,139,22,44,36,241,37*47
$GPRMC,112540.000,A,2632.9390,N,07703.2143,W,0.21,258.01,280324,,,A*7C
$GPVTG,258.01,T,,M,0.21,N,0.4,K,A*04
$GPGGA,112545.000,2632.9387,N,07703.2138,W,1,08,1.2,-1.9,M,-33.0,M,,0000*40
$GPGSA,A,3,16,26,04,31,28,08,03,27,,,,,2.5,1.2,2.2*37
$GPGSV,3,1,11,16,78,328,33,04,50,322,25,26,48,031,36,27,41,156,39*78
$GPGSV,3,2,11,31,39,058,28,03,32,245,29,28,18,080,33,08,17,187,33*76
$GPGSV,3,3,11,09,09,320,,32,03,140,23,44,36,241,32*4D
$GPRMC,112545.000,A,2632.9387,N,07703.2138,W,0.11,212.91,280324,,,A*77
$GPVTG,212.91,T,,M,0.11,N,0.2,K,A*06
$GPGGA,112550.000,2632.9385,N,07703.2135,W,2,08,1.2,-1.2,M,-33.0,M,2.8,0000*67
$GPGSA,A,3,16,26,04,31,28,08,03,27,,,,,2.5,1.2,2.2*37
$GPGSV,3,1,11,16,78,328,34,04,50,322,20,26,48,031,36,27,41,156,31*72
$GPGSV,3,2,11,31,39,058,28,03,32,245,35,28,18,080,33,08,17,187,24*7D
$GPGSV,3,3,11,09,09,320,14,32,03,140,27,44,36,241,31*4F
$GPRMC,112550.000,A,2632.9385,N,07703.2135,W,0.15,263.17,280324,,,D*75
$GPVTG,263.17,T,,M,0.15,N,0.3,K,D*0E
$GPGGA,112555.000,2632.9383,N,07703.2133,W,2,08,1.2,-0.1,M,-33.0,M,,0000*44
$GPGSA,A,3,16,26,04,31,28,08,03,27,,,,,2.5,1.2,2.2*37
$GPGSV,3,1,11,16,78,328,34,04,50,322,29,26,48,031,27,27,41,156,31*7B
$GPGSV,3,2,11,31,39,058,35,03,32,245,37,28,18,080,32,08,17,187,26*70
$GPGSV,3,3,11,09,09,320,22,32,03,140,28,44,36,241,34*40
$GPRMC,112555.000,A,2632.9383,N,07703.2133,W,0.09,207.82,280324,,,D*73
$GPVTG,207.82,T,,M,0.09,N,0.2,K,D*0C
$GPGGA,112600.000,2632.9379,N,07703.2129,W,2,08,1.2,0.7,M,-33.0,M,,0000*62
$GPGSA,A,3,16,26,04,31,28,08,03,27,,,,,2.5,1.2,2.2*37
$GPGSV,3,1,11,16,78,328,34,04,50,322,29,26,48,031,33,27,41,156,26*78
$GPGSV,3,2,11,31,39,058,34,03,32,245,36,28,18,080,32,08,17,187,20*76
$GPGSV,3,3,11,09,09,320,21,32,03,140,28,44,36,241,36*41
$GPRMC,112600.000,A,2632.9379,N,07703.2129,W,0.23,347.64,280324,,,D*7B
$GPVTG,347.64,T,,M,0.23,N,0.4,K,D*0F
$GPGGA,112605.000,2632.9377,N,07703.2126,W,2,08,1.2,1.6,M,-33.0,M,,0000*66
$GPGSA,A,3,16,26,04,31,28,08,03,27,,,,,2.5,1.2,2.2*37
$GPGSV,3,1,11,16,78,328,34,04,50,322,30,26,48,031,34,27,41,156,26*77
$GPGSV,3,2,11,31,39,058,34,03,32,245,36,28,18,080,32,08,17,187,22*74
$GPGSV,3,3,11,09,09,320,21,32,03,140,28,44,36,241,35*42
$GPVTG,143.34,T,,M,0.25,N,0.5,K,D*0B
$GPGGA,112610.000,2632.9376,N,07703.2127,W,2,08,1.2,1.6,M,-33.0,M,4.8,0000*40
$GPGSA,A,3,16,26,04,31,28,08,03,27,,,,,2.5,1.2,2.2*37
$GPGSV,3,1,11,16,78,328,34,04,50,322,22,26,48,031,35,27,41,156,32*70
$GPGSV,3,2,11,31,39,058,34,03,32,245,36,28,18,080,34,08,17,187,25*75
$GPGSV,3,3,11,09,09,320,14,32,03,140,20,44,36,241,33*4A
$GPRMC,112610.000,A,2632.9376,N,07703.2127,W,0.05,324.45,280324,,,D*79
$GPVTG,324.45,T,,M,0.05,N,0.1,K,D*08
$GPGGA,112615.000,2632.9382,N,07703.2129,W,2,07,1.4,1.5,M,-33.0,M,3.8,0000*4D
$GPGSA,A,3,16,26,31,28,08,03,27,,,,,,2.6,1.4,2.2*36
$GPGSV,3,1,11,16,77,329,34,04,50,322,,26,48,031,37,27,41,156,31*7F
$GPGSV,3,2,11,31,38,058,34,03,32,245,32,28,18,080,35,08,17,186,25*70
$GPGSV,3,3,11,09,10,320,16,32,03,140,26,44,36,241,28*4C
$GPRMC,112615.000,A,2632.9382,N,07703.2129,W,0.33,348.82,280324,,,D*7D
$GPVTG,348.82,T,,M,0.33,N,0.6,K,D*0B
$GPGGA,112620.000,2632.9387,N,07703.2130,W,2,08,1.2,1.8,M,-33.0,M,8.8,0000*49
$GPGSA,A,3,16,26,04,31,28,08,03,27,,,,,2.5,1.2,2.2*37
$GPGSV,3,1,11,16,77,329,34,04,50,322,20,26,48,031,37,27,41,156,31*7D
$GPGSV,3,2,11,31,38,058,34,03,32,245,32,28,18,080,36,08,17,186,24*72
$GPGSV,3,3,11,09,10,320,15,32,03,140,21,44,36,241,29*49
$GPRMC,112620.000,A,2632.9387,N,07703.2130,W,0.55,343.72,280324,,,D*72
$GPVTG,343.72,T,,M,0.55,N,1.0,K,D*08
$GPGGA,112625.000,2632.9389,N,07703.2130,W,2,08,1.2,2.2,M,-33.0,M,4.8,0000*47
$GPGSA,A,3,16,26,04,31,28,08,03,27,,,,,2.5,1.2,2.2*37
$GPGSV,3,1,11,16,77,329,34,04,50,322,18,26,48,031,38,27,41,156,31*79
$GPGSV,3,2,11,31,38,058,33,03,32,245,32,28,18,080,37,08,17,186,24*74
$GPGSV,3,3,11,09,10,320,15,32,03,140,23,44,36,241,29*4B
$GPRMC,112625.000,A,2632.9389,N,07703.2130,W,0.17,10.50,280324,,,D*4A
$GPVTG,10.50,T,,M,0.17,N,0.3,K,D*39
$GPGGA,112630.000,2632.9390,N,07703.2129,W,2,08,1.2,2.4,M,-33.0,M,,0000*67
$GPGSA,A,3,16,26,04,31,28,08,03,27,,,,,2.5,1.2,2.2*37
$GPGSV,3,1,11,16,77,329,34,04,50,322,26,26,48,031,38,27,41,156,37*72
$GPGSV,3,2,11,31,38,058,33,03,32,245,31,28,18,080,37,08,17,186,32*70
$GPGSV,3,3,11,09,10,320,,32,03,140,23,44,36,241,31*46
$GPRMC,112630.000,A,2632.9390,N,07703.2129,W,0.09,99.97,280324,,,D*4B
$GPVTG,99.97,T,,M,0.09,N,0.2,K,D*3D
$GPGGA,112635.000,2632.9389,N,07703.2129,W,2,08,1.2,2.2,M,-33.0,M,,0000*6C
$GPGSA,A,3,16,26,04,31,28,08,03,27,,,,,2.5,1.2,2.2*37
$GPGSV,3,1,11,16,77,329,33,04,50,322,27,26,48,031,38,27,41,156,38*7B
$GPGSV,3,2,11,31,38,058,33,03,32,245,27,28,18,080,37,08,17,186,32*77
$GPGSV,3,3,11,09,10,320,18,32,03,140,25,44,36,241,37*4F
$GPVTG,103.85,T,,M,0.07,N,0.1,K,D*01
$GPGGA,112640.000,2632.9398,N,07703.2144,W,2,08,1.2,-0.1,M,-33.0,M,4.8,0000*6B
$GPGSA,A,3,16,26,04,31,28,08,03,27,,,,,2.5,1.2,2.2*37
$GPGSV,3,1,11,16,77,329,19,04,50,322,20,26,48,031,20,27,41,156,25*71
$GPGSV,3,2,11,31,38,058,23,03,32,245,24,28,18,080,28,08,17,186,22*7A
$GPGSV,3,3,11,09,10,320,,32,03,140,27,44,36,241,26*44
$GPRMC,112640.000,A,2632.9398,N,07703.2144,W,1.37,302.71,280324,,,D*7A
$GPVTG,302.71,T,,M,1.37,N,2.5,K,D*0D
$GPGGA,112645.000,2632.9411,N,07703.2178,W,6,00,50.0,-1.7,M,-33.0,M,,0000*78
$GPGSA,A,2,,,,,,,,,,,,,50.0,50.0,50.0*06
$GPGSV,3,1,10,16,77,329,,04,50,322,,26,48,031,,27,41,156,27*7A
$GPGSV,3,2,10,31,38,058,,03,32,245,,28,18,080,,08,17,186,*76
$GPGSV,3,3,10,09,10,320,,32,03,140,*76
$GPWPL,2632.9411,N,07703.2178,W,00001*6F
$ADPMB,5,0
$GPRMC,112645.000,A,2632.9411,N,07703.2178,W,2.28,297.48,280324,,,E*7D
$GPVTG,297.48,T,,M,2.28,N,4.2,K,N*0C
$GPGGA,112650.000,2632.9426,N,07703.2209,W,6,00,50.0,-2.8,M,-33.0,M,,0000*71
$GPGSA,A,2,,,,,,,,,,,,,50.0,50.0,50.0*06
$GPGSV,3,1,10,16,77,329,,04,50,322,,26,48,031,,27,41,156,33*7F
$GPGSV,3,2,10,31,38,058,,03,32,245,,28,18,080,33,08,17,186,*76
$GPGSV,3,3,10,09,10,320,,32,03,140,29*7D
$GPRMC,112650.000,A,2632.9426,N,07703.2209,W,2.28,297.48,280324,,,E*78
$GPVTG,297.48,T,,M,2.28,N,4.2,K,N*0C
$GPGGA,112655.000,2632.9399,N,07703.2133,W,1,08,1.2,-1.5,M,-33.0,M,,0000*4A
$GPGSA,A,3,28,31,27,26,08,04,03,16,,,,,2.5,1.2,2.2*37
$GPGSV,3,1,11,16,77,329,27,04,50,322,29,26,48,031,28,27,41,156,34*7D
$GPGSV,3,2,11,31,38,058,26,03,32,245,21,28,18,080,34,08,17,186,21*74
$GPGSV,3,3,11,09,10,320,,32,03,140,23,44,36,241,36*41
$GPRMC,112655.000,A,2632.9399,N,07703.2133,W,0.19,279.33,280324,,,A*7C
$GPVTG,279.33,T,,M,0.19,N,0.4,K,A*0D
$GPGGA,112700.000,2632.9399,N,07703.2142,W,1,08,1.2,-4.5,M,-33.0,M,,0000*48
$GPGSA,A,3,28,31,27,26,08,04,03,16,,,,,2.5,1.2,2.2*37
$GPGSV,3,1,11,16,77,329,21,04,50,322,20,26,48,031,22,27,41,156,32*7E
$GPGSV,3,2,11,31,38,058,25,03,32,245,29,28,18,080,24,08,17,186,23*7C
$GPGSV,3,3,11,09,10,320,,32,03,140,22,44,36,241,32*44
$GPRMC,112700.000,A,2632.9399,N,07703.2142,W,0.74,341.31,280324,,,A*78
$GPVTG,341.31,T,,M,0.74,N,1.4,K,A*0F
$GPGGA,112705.000,2632.9404,N,07703.2139,W,2,08,1.2,-6.8,M,-33.0,M,,0000*4E
$GPGSA,A,3,28,31,27,26,08,04,03,16,,,,,2.5,1.2,2.2*37
$GPGSV,3,1,11,16,77,329,18,04,50,322,20,26,48,031,22,27,41,156,32*74
$GPGSV,3,2,11,31,38,058,24,03,32,245,23,28,18,080,29,08,17,186,21*78
$GPGSV,3,3,11,09,10,320,,32,03,140,19,44,36,241,30*4E
$GPRMC,112705.000,A,2632.9404,N,07703.2139,W,0.57,350.88,280324,,,D*74
$GPGGA,112710.000,2632.9406,N,07703.2146,W,2,08,1.2,-5.8,M,-33.0,M,5.8,0000*60
$GPGSA,A,3,28,31,27,26,08,04,03,16,,,,,2.5,1.2,2.2*37
$GPGSV,3,1,11,16,77,329,18,04,50,322,28,26,48,031,30,27,41,156,32*7F
$GPGSV,3,2,11,31,38,058,21,03,32,245,30,28,18,080,27,08,17,186,24*74
$GPGSV,3,3,11,09,10,320,,32,03,140,32,44,36,241,28*4E
$GPRMC,112710.000,A,2632.9406,N,07703.2146,W,0.37,258.43,280324,,,D*72
$GPVTG,258.43,T,,M,0.37,N,0.7,K,D*03
$GPGGA,112715.000,2632.9397,N,07703.2150,W,2,08,1.2,-7.5,M,-33.0,M,5.8,0000*62
$GPGSA,A,3,28,31,27,26,08,04,03,16,,,,,2.5,1.2,2.2*37
$GPGSV,3,1,11,16,77,331,18,04,51,322,30,26,47,032,26,27,42,155,22*74
$GPGSV,3,2,11,31,38,059,28,03,32,245,35,28,18,081,19,08,18,186,25*7B
$GPGSV,3,3,11,09,10,320,,32,02,140,25,44,36,241,31*41
$GPRMC,112715.000,A,2632.9397,N,07703.2150,W,0.24,102.05,280324,,,D*73
$GPVTG,102.05,T,,M,0.24,N,0.5,K,D*0D
$GPGGA,112720.000,2632.9399,N,07703.2154,W,2,08,1.2,-8.9,M,-33.0,M,2.8,0000*6A
$GPGSA,A,3,28,31,27,26,08,04,03,16,,,,,2.5,1.2,2.2*37
$GPGSV,3,1,11,16,77,331,27,04,51,322,23,26,47,032,33,27,42,155,31*7C
$GPGSV,3,2,11,31,38,059,29,03,32,245,24,28,18,081,25,08,18,186,26*76
$GPGSV,3,3,11,09,10,320,,32,02,140,31,44,36,241,26*42
$GPRMC,112720.000,A,2632.9399,N,07703.2154,W,1.57,42.63,280324,,,D*4F
$GPVTG,42.63,T,,M,1.57,N,2.9,K,D*33
$GPGGA,112725.000,2632.9404,N,07703.2154,W,2,08,1.2,-7.3,M,-33.0,M,7.8,0000*6C
$GPGSA,A,3,28,31,27,26,08,04,03,16,,,,,2.5,1.2,2.2*37
$GPGSV,3,1,11,16,77,331,27,04,51,322,27,26,47,032,31,27,42,155,29*73
$GPGSV,3,2,11,31,38,059,30,03,32,245,23,28,18,081,27,08,18,186,22*7F
$GPGSV,3,3,11,09,10,320,20,32,02,140,29,44,36,241,25*4A
$GPRMC,112725.000,A,2632.9404,N,07703.2154,W,0.68,291.01,280324,,,D*7C
$GPVTG,291.01,T,,M,0.68,N,1.3,K,D*0F
$GPGGA,112730.000,2632.9405,N,07703.2166,W,2,08,1.2,-5.3,M,-33.0,M,12.8,0000*5E
$GPGSA,A,3,28,31,27,26,08,04,03,16,,,,,2.5,1.2,2.2*37
$GPGSV,3,1,11,16,77,331,30,04,51,322,22,26,47,032,33,27,42,155,36*7C
$GPGSV,3,2,11,31,38,059,37,03,32,245,32,28,18,081,34,08,18,186,28*70
$GPGSV,3,3,11,09,10,320,22,32,02,140,28,44,36,241,34*49
$GPRMC,112730.000,A,2632.9405,N,07703.2166,W,0.69,277.32,280324,,,D*71
$GPVTG,277.32,T,,M,0.69,N,1.3,K,D*06
$GPGGA,112735.000,2632.9410,N,07703.2162,W,2,08,1.2,-3.0,M,-33.0,M,17.8,0000*5B
$GPGSA,A,3,28,31,27,26,08,04,03,16,,,,,2.5,1.2,2.2*37
$GPGSV,3,1,11,16,77,331,31,04,51,322,29,26,47,032,24,27,42,155,38*7E
$GPGSV,3,2,11,31,38,059,30,03,32,245,33,28,18,081,33,08,18,186,27*7E
$GPGSV,3,3,11,09,10,320,21,32,02,140,34,44,36,241,35*46
$GPVTG,13.77,T,,M,0.49,N,0.9,K,D*3E
$GPGGA,112740.000,2632.9411,N,07703.2161,W,1,08,1.2,-2.6,M,-33.0,M,,0000*4F
$GPGSA,A,3,28,31,27,26,08,04,03,16,,,,,2.5,1.2,2.2*37
$GPGSV,3,1,11,16,77,331,30,04,51,322,29,26,47,032,24,27,42,155,40*70
$GPGSV,3,2,11,31,38,059,31,03,32,245,37,28,18,081,34,08,18,186,28*73
$GPGSV,3,3,11,09,10,320,20,32,02,140,34,44,36,241,33*41
$GPRMC,112740.000,A,2632.9411,N,07703.2161,W,0.22,356.81,280324,,,A*74
$GPVTG,356.81,T,,M,0.22,N,0.4,K,A*00
$GPGGA,112745.000,2632.9414,N,07703.2162,W,2,08,1.2,-2.2,M,-33.0,M,1.8,0000*6C
$GPGSA,A,3,28,31,27,26,08,04,03,16,,,,,2.5,1.2,2.2*37
$GPGSV,3,1,11,16,77,332,31,04,51,322,26,26,47,032,25,27,42,155,39*72
$GPGSV,3,2,11,31,38,059,22,03,32,244,35,28,18,081,34,08,18,186,25*7F
$GPGSV,3,3,11,09,10,320,20,32,02,140,31,44,36,241,32*45
$GPRMC,112745.000,A,2632.9414,N,07703.2162,W,0.27,2.24,280324,,,D*7A
$GPVTG,2.24,T,,M,0.27,N,0.5,K,D*0C
$GPGGA,112750.000,2632.9412,N,07703.2165,W,2,08,1.2,-1.4,M,-33.0,M,1.8,0000*6C
$GPGSA,A,3,28,31,27,26,08,04,03,16,,,,,2.5,1.2,2.2*37
$GPGSV,3,1,11,16,77,332,30,04,51,322,25,26,47,032,21,27,42,155,35*78
$GPGSV,3,2,11,31,38,059,26,03,32,244,35,28,18,081,26,08,18,186,30*7C
$GPGSV,3,3,11,09,10,320,25,32,02,140,32,44,36,241,30*41
$GPRMC,112750.000,A,2632.9412,N,07703.2165,W,0.16,279.43,280324,,,D*72
$GPVTG,279.43,T,,M,0.16,N,0.3,K,D*07
$GPGGA,112755.000,2632.9411,N,07703.2168,W,2,08,1.2,0.1,M,-33.0,M,1.8,0000*4E
$GPGSA,A,3,28,31,27,26,08,04,03,16,,,,,2.5,1.2,2.2*37
$GPGSV,3,1,11,16,77,332,30,04,51,322,21,26,47,032,29,27,42,155,38*79
$GPGSV,3,2,11,31,38,059,28,03,32,244,35,28,18,081,29,08,18,186,30*7D
$GPGSV,3,3,11,09,10,320,20,32,02,140,33,44,36,241,32*47
$GPRMC,112755.000,A,2632.9411,N,07703.2168,W,0.45,294.43,280324,,,D*7C
$GPVTG,294.43,T,,M,0.45,N,0.8,K,D*09
$GPGGA,112800.000,2632.9407,N,07703.2175,W,2,08,1.2,1.7,M,-33.0,M,1.8,0000*4D
$GPGSA,A,3,28,31,27,26,08,04,03,16,,,,,2.5,1.2,2.2*37
$GPGSV,3,1,11,16,77,332,29,04,51,322,23,26,47,032,26,27,42,155,39*7D
$GPGSV,3,2,11,31,38,059,28,03,32,244,35,28,18,081,21,08,18,186,29*7D
$GPGSV,3,3,11,09,10,320,22,32,02,140,35,44,36,241,36*47
$GPRMC,112800.000,A,2632.9407,N,07703.2175,W,0.46,290.70,280324,,,D*7F
$GPVTG,290.70,T,,M,0.46,N,0.9,K,D*0F
$GPGGA,112805.000,2632.9408,N,07703.2174,W,2,08,1.2,2.7,M,-33.0,M,1.8,0000*45
$GPGSA,A,3,28,31,27,26,08,04,03,16,,,,,2.5,1.2,2.2*37
$GPGSV,3,1,11,16,77,333,19,04,51,322,23,26,47,032,22,27,42,155,40*75
$GPGSV,3,2,11,31,38,059,23,03,32,244,35,08,18,186,25,28,18,081,30*7A
$GPGSV,3,3,11,09,10,320,23,32,02,140,35,44,36,241,32*42
$GPVTG,327.37,T,,M,0.58,N,1.1,K,D*07
$GPGGA,112810.000,2632.9406,N,07703.2176,W,2,08,1.2,5.3,M,-33.0,M,1.8,0000*4E
$GPGSA,A,3,28,31,27,26,08,04,03,16,,,,,2.5,1.2,2.2*37
$GPGSV,3,1,11,16,77,333,28,04,51,322,23,26,47,032,26,27,42,155,39*7D
$GPGSV,3,2,11,31,38,059,22,03,32,244,34,08,18,186,26,28,18,081,24*7C
$GPGSV,3,3,11,09,10,320,23,32,02,140,34,44,36,241,36*47
$GPRMC,112810.000,A,2632.9406,N,07703.2176,W,0.45,224.64,280324,,,D*75
$GPVTG,224.64,T,,M,0.45,N,0.8,K,D*07
$GPGGA,112815.000,2632.9404,N,07703.2178,W,2,08,1.2,8.7,M,-33.0,M,5.8,0000*4A
$GPGSA,A,3,28,31,27,26,08,04,03,16,,,,,2.5,1.2,2.2*37
$GPGSV,3,1,11,16,77,333,27,04,51,322,25,26,47,032,28,27,42,155,39*7A
$GPGSV,3,2,11,31,38,059,20,03,32,244,34,08,18,186,24,28,18,081,25*7D
$GPGSV,3,3,11,09,10,320,27,32,02,140,35,44,36,241,32*46
$GPRMC,112815.000,A,2632.9404,N,07703.2178,W,0.17,226.22,280324,,,D*7B
$GPVTG,226.22,T,,M,0.17,N,0.3,K,D*0B
$GPGGA,112820.000,2632.9403,N,07703.2178,W,2,08,1.2,8.4,M,-33.0,M,2.8,0000*4F
$GPGSA,A,3,28,31,27,26,08,04,03,16,,,,,2.5,1.2,2.2*37
$GPGSV,3,1,11,16,77,333,27,04,51,322,21,26,47,032,31,27,42,155,38*77
$GPGSV,3,2,11,31,38,059,28,03,32,244,30,08,18,186,31,28,18,081,30*71
$GPGSV,3,3,11,09,10,320,19,32,02,140,36,44,36,241,32*48
$GPRMC,112820.000,A,2632.9403,N,07703.2178,W,0.29,244.53,280324,,,D*75
$GPVTG,244.53,T,,M,0.29,N,0.5,K,D*02
$GPGGA,112825.000,2632.9406,N,07703.2182,W,2,08,1.2,5.3,M,-33.0,M,1.8,0000*43
$GPGSA,A,3,28,31,27,26,08,04,03,16,,,,,2.5,1.2,2.2*37
$GPGSV,3,1,11,16,77,333,32,04,51,322,21,26,47,032,27,27,42,155,39*75
$GPGSV,3,2,11,31,38,059,28,03,32,244,30,08,18,186,30,28,18,081,29*78
$GPGSV,3,3,11,09,10,320,21,32,02,140,35,44,36,241,34*46
$GPRMC,112825.000,A,2632.9406,N,07703.2182,W,0.43,308.73,280324,,,D*77
$GPVTG,308.73,T,,M,0.43,N,0.8,K,D*08
$GPGGA,112830.000,2632.9413,N,07703.2180,W,2,08,1.2,1.0,M,-33.0,M,1.8,0000*46
$GPGSA,A,3,28,31,27,26,08,04,03,16,,,,,2.5,1.2,2.2*37
$GPGSV,3,1,11,16,77,333,32,04,51,322,19,26,47,032,21,27,42,155,39*78
$GPGSV,3,2,11,31,38,059,19,03,32,244,30,08,18,186,30,28,18,081,26*75
$GPGSV,3,3,11,09,10,320,20,32,02,140,34,44,36,241,34*46
$GPRMC,112830.000,A,2632.9413,N,07703.2180,W,0.55,342.15,280324,,,D*7C
$GPVTG,342.15,T,,M,0.55,N,1.0,K,D*08
$GPGGA,112835.000,2632.9417,N,07703.2176,W,2,08,1.2,-1.0,M,-33.0,M,1.8,0000*63
$GPGSA,A,3,28,31,27,26,08,04,03,16,,,,,2.5,1.2,2.2*37
$GPGSV,3,1,11,16,77,333,31,04,51,322,27,26,47,032,20,27,42,155,41*78
$GPGSV,3,2,11,31,38,059,23,03,32,244,30,08,18,186,29,28,18,081,29*7B
$GPRMC,112835.000,A,2632.9417,N,07703.2176,W,0.10,248.17,280324,,,D*7C
$GPVTG,248.17,T,,M,0.10,N,0.2,K,D*03
$GPGGA,112840.000,2632.9418,N,07703.2177,W,2,08,1.2,-1.1,M,-33.0,M,3.8,0000*6C
$GPGSA,A,3,28,31,27,26,08,04,03,16,,,,,2.5,1.2,2.2*37
$GPGSV,3,1,11,16,77,333,30,04,51,322,27,26,47,032,25,27,42,155,41*7C
$GPGSV,3,2,11,31,38,059,24,03,32,244,31,08,18,186,22,28,18,081,24*7B
$GPGSV,3,3,11,09,10,320,21,32,02,140,37,44,36,241,31*41
$GPRMC,112840.000,A,2632.9418,N,07703.2177,W,0.13,340.10,280324,,,D*7D
$GPGGA,112845.000,2632.9411,N,07703.2186,W,2,08,1.2,1.7,M,-33.0,M,3.8,0000*45
$GPGSA,A,3,28,31,27,26,08,04,03,16,,,,,2.5,1.2,2.2*37
$GPGSV,3,1,11,16,77,334,30,04,51,322,36,26,47,032,25,27,42,155,38*75
$GPGSV,3,2,11,31,38,059,28,03,32,244,25,08,18,186,27,28,18,081,28*7B
$GPGSV,3,3,11,09,11,320,25,32,02,140,32,44,36,241,31*41
$GPRMC,112845.000,A,2632.9411,N,07703.2186,W,0.10,185.22,280324,,,D*76
$GPVTG,185.22,T,,M,0.10,N,0.2,K,D*07
$GPGGA,112850.000,2632.9413,N,07703.2184,W,2,08,1.2,1.1,M,-33.0,M,8.8,0000*4C
$GPGSA,A,3,28,31,27,26,08,04,03,16,,,,,2.5,1.2,2.2*37
$GPGSV,3,1,11,16,77,334,27,04,51,322,28,26,47,032,29,27,42,155,32*7A
$GPGSV,3,2,11,31,38,059,35,03,32,244,28,08,18,186,30,28,18,081,25*71
$GPGSV,3,3,11,09,11,320,25,32,02,140,29,44,36,241,31*4B
$GPRMC,112850.000,A,2632.9413,N,07703.2184,W,0.18,333.22,280324,,,D*75
$GPVTG,333.22,T,,M,0.18,N,0.3,K,D*01
$GPGGA,112855.000,2632.9400,N,07703.2188,W,2,08,1.2,3.2,M,-33.0,M,13.8,0000*7C
$GPGSA,A,3,28,31,27,26,08,04,03,16,,,,,2.5,1.2,2.2*37
$GPGSV,3,1,11,16,77,334,37,04,51,322,40,26,47,032,40,27,42,155,24*7D
$GPGSV,3,2,11,31,38,059,35,03,32,244,35,08,18,186,22,28,18,081,31*7B
$GPGSV,3,3,11,09,11,320,41,32,02,140,22,44,36,241,32*41
$GPRMC,112855.000,A,2632.9400,N,07703.2188,W,1.41,167.42,280324,,,D*76
$GPVTG,167.42,T,,M,1.41,N,2.6,K,D*0E
$GPGGA,112900.000,2632.9392,N,07703.2174,W,1,08,1.2,1.6,M,-33.0,M,,0000*63
$GPGSA,A,3,28,31,27,26,08,04,03,16,,,,,2.5,1.2,2.2*37
$GPGSV,3,1,11,16,77,334,24,04,51,322,31,26,47,032,29,27,42,155,38*7B
$GPGSV,3,2,11,31,38,059,37,03,32,244,26,08,18,186,39,28,18,081,36*76
$GPGSV,3,3,11,09,11,320,23,32,02,140,40,44,36,241,31*42
$GPRMC,112900.000,A,2632.9392,N,07703.2174,W,0.49,66.78,280324,,,A*4D
$GPVTG,66.78,T,,M,0.49,N,0.9,K,A*36
$GPGGA,112905.000,2632.9390,N,07703.2174,W,2,08,1.2,0.1,M,-33.0,M,1.8,0000*46
$GPGSA,A,3,28,31,27,26,08,04,03,16,,,,,2.5,1.2,2.2*37
$GPGSV,3,1,11,16,77,334,30,04,51,322,23,26,47,032,35,27,42,155,40*7F
$GPGSV,3,2,11,31,38,059,35,03,32,244,36,08,18,186,40,28,18,081,25*79
$GPRMC,112905.000,A,2632.9390,N,07703.2174,W,0.16,71.06,280324,,,D*4A
$GPVTG,71.06,T,,M,0.16,N,0.3,K,D*3C
$GPGGA,112910.000,2632.9388,N,07703.2170,W,2,08,1.2,0.4,M,-33.0,M,1.8,0000*4A
$GPGSA,A,3,28,31,27,26,08,04,03,16,,,,,2.5,1.2,2.2*37
$GPGSV,3,1,11,16,77,334,32,04,51,322,33,26,47,032,33,27,42,155,40*7A
$GPGSV,3,2,11,31,38,059,33,03,32,244,42,08,18,186,40,28,18,081,30*78
$GPGSV,3,3,11,09,11,320,22,32,02,140,30,44,36,241,40*42
$GPRMC,112910.000,A,2632.9388,N,07703.2170,W,0.18,67.64,280324,,,D*4E
$GPGGA,112915.000,2632.9386,N,07703.2168,W,2,08,1.2,1.0,M,-33.0,M,2.8,0000*4E
$GPGSA,A,3,28,31,27,26,08,04,03,16,,,,,2.5,1.2,2.2*37
$GPGSV,3,1,11,16,77,334,31,04,51,322,25,26,47,032,34,27,42,155,40*79
$GPGSV,3,2,11,31,38,059,28,03,32,244,41,08,18,186,40,28,18,081,26*76
$GPGSV,3,3,11,09,11,320,22,32,02,140,29,44,36,241,39*44
$GPRMC,112915.000,A,2632.9386,N,07703.2168,W,0.11,6.89,280324,,,D*71
$GPVTG,6.89,T,,M,0.11,N,0.2,K,D*0D
$GPGGA,112920.000,2632.9387,N,07703.2164,W,2,08,1.2,1.2,M,-33.0,M,1.8,0000*44
$GPGSA,A,3,28,31,27,26,08,04,03,16,,,,,2.5,1.2,2.2*37
$GPGSV,3,1,11,16,77,334,30,04,51,322,23,26,47,032,34,27,42,155,40*7E
$GPGSV,3,2,11,31,38,059,34,03,32,244,39,08,18,186,39,28,18,081,27*7B
$GPGSV,3,3,11,09,11,320,21,32,02,140,29,44,36,241,34*4A
$GPRMC,112920.000,A,2632.9387,N,07703.2164,W,0.09,46.92,280324,,,D*4D
$GPVTG,46.92,T,,M,0.09,N,0.2,K,D*3A
$GPGGA,112925.000,2632.9385,N,07703.2159,W,2,08,1.2,1.1,M,-33.0,M,1.8,0000*4E
$GPGSA,A,3,28,31,27,26,08,04,03,16,,,,,2.5,1.2,2.2*37
$GPGSV,3,1,11,16,77,334,30,04,51,322,28,26,47,032,35,27,42,155,40*74
$GPGSV,3,2,11,31,38,059,35,03,32,244,35,08,18,186,39,28,18,081,28*79
$GPGSV,3,3,11,09,11,320,22,32,02,140,29,44,36,241,34*49
$GPRMC,112925.000,A,2632.9385,N,07703.2159,W,0.16,316.47,280324,,,D*74
$GPVTG,316.47,T,,M,0.16,N,0.3,K,D*0B
$GPGGA,112930.000,2632.9383,N,07703.2157,W,2,08,1.2,1.3,M,-33.0,M,1.8,0000*40
$GPGSA,A,3,28,31,27,26,08,04,03,16,,,,,2.5,1.2,2.2*37
$GPGSV,3,1,11,16,77,334,30,04,51,322,31,26,47,032,33,27,42,155,40*7A
$GPGSV,3,2,11,31,38,059,34,03,32,244,36,08,18,186,39,28,18,081,29*7A
$GPGSV,3,3,11,09,11,320,22,32,02,140,29,44,36,241,35*48
$GPRMC,112930.000,A,2632.9383,N,07703.2157,W,0.06,23.76,280324,,,D*4E
$GPVTG,23.76,T,,M,0.06,N,0.1,K,D*3F
$GPGGA,112935.000,2632.9381,N,07703.2155,W,2,08,1.2,1.4,M,-33.0,M,1.8,0000*42
$GPGSA,A,3,28,31,27,26,08,04,03,16,,,,,2.5,1.2,2.2*37
$GPGSV,3,1,11,16,77,334,30,04,51,322,33,26,47,032,35,27,42,155,40*7E
$GPGSV,3,2,11,31,38,059,30,03,32,244,27,08,18,186,39,28,18,081,30*76
$GPGSV,3,3,11,09,11,320,23,32,02,140,24,44,36,241,32*43
$GPVTG,81.93,T,,M,0.24,N,0.5,K,D*38
$GPGGA,112940.000,2632.9375,N,07703.2149,W,2,08,1.2,2.3,M,-33.0,M,6.8,0000*45
$GPGSA,A,3,28,31,27,26,08,04,03,16,,,,,2.5,1.2,2.2*37
$GPGSV,3,1,11,16,77,334,26,04,51,322,35,26,47,032,31,27,42,155,32*7E
$GPGSV,3,2,11,31,38,059,31,03,32,244,35,08,18,186,32,28,18,081,30*7F
$GPGSV,3,3,11,09,11,320,28,32,02,140,13,44,36,241,39*47
$GPRMC,112940.000,A,2632.9375,N,07703.2149,W,0.13,99.24,280324,,,D*4D
$GPVTG,99.24,T,,M,0.13,N,0.2,K,D*3E
$GPGGA,112945.000,2632.9379,N,07703.2150,W,2,08,1.2,2.1,M,-33.0,M,2.8,0000*42
$GPGSA,A,3,28,31,27,26,08,04,03,16,,,,,2.5,1.2,2.2*37
$GPGSV,3,1,11,16,77,334,27,04,51,322,38,26,47,032,32,27,42,155,32*71
$GPGSV,3,2,11,31,38,059,30,03,32,244,37,08,18,186,27,28,18,081,31*79
$GPGSV,3,3,11,09,11,320,21,32,02,140,,44,36,241,41*43
$GPRMC,112945.000,A,2632.9379,N,07703.2150,W,0.16,302.96,280324,,,D*71
$GPVTG,302.96,T,,M,0.16,N,0.3,K,D*02
$GPGGA,112950.000,2632.9380,N,07703.2152,W,2,08,1.2,3.0,M,-33.0,M,2.8,0000*42
$GPGSA,A,3,28,31,27,26,08,04,03,16,,,,,2.5,1.2,2.2*37
$GPGSV,3,1,11,16,77,334,28,04,51,322,38,26,47,032,33,27,42,155,21*7D
$GPGSV,3,2,11,31,38,059,35,03,32,244,38,08,18,186,27,28,18,081,31*73
$GPGSV,3,3,11,09,11,320,21,32,02,140,,44,36,241,40*42
$GPRMC,112950.000,A,2632.9380,N,07703.2152,W,0.28,319.62,280324,,,D*7D
$GPVTG,319.62,T,,M,0.28,N,0.5,K,D*08
$GPGGA,112955.000,2632.9377,N,07703.2154,W,2,08,1.2,5.3,M,-33.0,M,1.8,0000*4F
$GPGSA,A,3,28,31,27,26,08,04,03,16,,,,,2.5,1.2,2.2*37
$GPGSV,3,1,11,16,77,334,30,04,51,322,38,26,47,032,29,27,42,155,27*79
$GPGSV,3,2,11,31,38,059,27,03,32,244,30,08,18,186,23,28,18,081,32*7F
$GPGSV,3,3,11,09,11,320,21,32,02,140,21,44,36,241,33*45
$GPRMC,112955.000,A,2632.9377,N,07703.2154,W,0.21,344.09,280324,,,D*7A
$GPVTG,344.09,T,,M,0.21,N,0.4,K,D*05
$GPGGA,113000.000,2632.9379,N,07703.2158,W,2,08,1.2,5.3,M,-33.0,M,1.8,0000*45
$GPGSA,A,3,28,31,27,26,08,04,03,16,,,,,2.5,1.2,2.2*37
$GPGSV,3,1,11,16,77,334,34,04,51,322,39,26,47,032,19,27,42,155,31*78
$GPGSV,3,2,11,31,38,059,29,03,32,244,35,08,18,186,24,28,18,081,33*72
$GPGSV,3,3,11,09,11,320,24,32,02,140,18,44,36,241,39*40
$GPRMC,113000.000,A,2632.9379,N,07703.2158,W,0.25,179.10,280324,,,D*70
$GPVTG,179.10,T,,M,0.25,N,0.5,K,D*04
$GPGGA,113005.000,2632.9375,N,07703.2158,W,2,08,1.2,5.8,M,-33.0,M,1.8,0000*47
$GPGSA,A,3,28,31,27,26,08,04,03,16,,,,,2.5,1.2,2.2*37
$GPGSV,3,1,11,16,77,334,34,04,51,322,41,26,47,032,27,27,42,155,25*7F
$GPGSV,3,2,11,31,38,059,34,03,32,244,40,08,18,186,19,28,18,081,29*79
$GPGSV,3,3,11,09,11,320,21,32,02,140,17,44,36,241,38*4B
$GPVTG,196.79,T,,M,0.40,N,0.7,K,D*0B
$GPGGA,113010.000,2632.9376,N,07703.2161,W,2,08,1.2,5.3,M,-33.0,M,3.8,0000*43
$GPGSA,A,3,28,31,27,26,08,04,03,16,,,,,2.5,1.2,2.2*37
$GPGSV,3,1,11,16,77,334,34,04,51,322,43,26,47,032,23,27,42,155,25*79
$GPGSV,3,2,11,31,38,059,30,03,32,244,39,08,18,186,19,28,18,081,31*7A
$GPGSV,3,3,11,09,11,320,18,32,02,140,17,44,36,241,38*41
$GPRMC,113010.000,A,2632.9376,N,07703.2161,W,0.17,234.46,280324,,,D*7C
$GPVTG,234.46,T,,M,0.17,N,0.3,K,D*0A
$GPGGA,113015.000,2632.9372,N,07703.2159,W,2,08,1.2,5.8,M,-33.0,M,1.8,0000*40
$GPGSA,A,3,28,31,27,26,08,04,03,16,,,,,2.5,1.2,2.2*37
$GPGSV,3,1,11,16,77,334,34,04,51,322,43,26,47,032,23,27,42,155,26*7A
$GPGSV,3,2,11,31,38,059,32,03,32,244,38,08,18,186,26,28,18,081,32*76
$GPGSV,3,3,11,09,11,320,20,32,02,140,17,44,36,241,35*47
$GPRMC,113015.000,A,2632.9372,N,07703.2159,W,0.30,219.79,280324,,,D*70
$GPVTG,219.79,T,,M,0.30,N,0.6,K,D*09
$GPGGA,113020.000,2632.9367,N,07703.2160,W,2,08,1.2,5.8,M,-33.0,M,2.8,0000*4B
$GPGSA,A,3,28,31,27,26,08,04,03,16,,,,,2.5,1.2,2.2*37
$GPGSV,3,1,11,16,77,334,34,04,51,322,43,26,47,032,33,27,42,155,27*7A
$GPGSV,3,2,11,31,38,059,34,03,32,244,32,08,18,186,22,28,18,081,31*7D
$GPGSV,3,3,11,09,11,320,23,32,02,140,16,44,36,241,31*41
$GPRMC,113020.000,A,2632.9367,N,07703.2160,W,0.13,247.74,280324,,,D*7F
$GPVTG,247.74,T,,M,0.13,N,0.2,K,D*0A
$GPGGA,113025.000,2632.9365,N,07703.2160,W,2,08,1.2,5.6,M,-33.0,M,1.8,0000*41
$GPGSA,A,3,28,31,27,26,08,04,03,16,,,,,2.5,1.2,2.2*37
$GPGSV,3,1,11,16,77,334,34,04,51,322,43,26,47,032,33,27,42,155,28*75
$GPGSV,3,2,11,31,38,059,34,03,32,244,34,08,18,186,22,28,18,081,31*7B
$GPGSV,3,3,11,09,11,320,23,32,02,140,15,44,36,241,33*40
$GPRMC,113025.000,A,2632.9365,N,07703.2160,W,0.00,163.13,280324,,,D*7E
$GPVTG,163.13,T,,M,0.00,N,0.0,K,D*0E
$GPGGA,113030.000,2632.9362,N,07703.2160,W,2,08,1.2,5.7,M,-33.0,M,2.8,0000*40
$GPGSA,A,3,28,31,27,26,08,04,03,16,,,,,2.5,1.2,2.2*37
$GPGSV,3,1,11,16,77,334,33,04,51,322,43,26,47,032,32,27,42,155,24*7F
$GPGSV,3,2,11,31,38,059,33,03,32,244,29,08,18,186,22,28,18,081,32*73
$GPGSV,3,3,11,09,11,320,24,32,02,140,16,44,36,241,33*44
$GPRMC,113030.000,A,2632.9362,N,07703.2160,W,0.29,182.59,280324,,,D*77
$GPVTG,182.59,T,,M,0.29,N,0.5,K,D*01
$GPGGA,113035.000,2632.9361,N,07703.2164,W,2,08,1.2,4.3,M,-33.0,M,1.8,0000*44
$GPGSA,A,3,28,31,27,26,08,04,03,16,,,,,2.5,1.2,2.2*37
$GPGSV,3,1,11,16,77,334,34,04,51,322,43,26,47,032,32,27,42,155,30*7D
$GPGSV,3,2,11,31,38,059,34,03,32,244,34,08,18,186,24,28,18,081,32*7E
$GPRMC,113035.000,A,2632.9361,N,07703.2164,W,0.04,305.65,280324,,,D*78
$GPVTG,305.65,T,,M,0.04,N,0.1,K,D*08
$GPGGA,113040.000,2632.9374,N,07703.2170,W,2,08,1.2,0.7,M,-33.0,M,1.8,0000*47
$GPGSA,A,3,28,31,27,26,08,04,03,16,,,,,2.5,1.2,2.2*37
$GPGSV,3,1,11,16,77,334,35,04,51,322,43,26,47,032,27,27,42,155,38*70
$GPGSV,3,2,11,31,38,059,34,03,32,244,35,08,18,186,24,28,18,081,25*79
$GPGSV,3,3,11,09,11,320,17,32,02,140,17,44,36,241,36*40
$GPRMC,113040.000,A,2632.9374,N,07703.2170,W,0.26,16.64,280324,,,D*4B
$GPGGA,113045.000,2632.9381,N,07703.2173,W,2,08,1.2,-0.5,M,-33.0,M,2.8,0000*67
$GPGSA,A,3,28,31,27,26,08,04,03,16,,,,,2.5,1.2,2.2*37
$GPGSV,3,1,11,16,76,338,36,04,52,321,42,26,46,032,32,27,43,154,36*74
$GPGSV,3,2,11,31,38,061,17,03,31,243,37,08,19,186,31,28,17,082,21*78
$GPGSV,3,3,11,09,11,320,25,32,01,140,17,44,36,241,38*4C
$GPRMC,113045.000,A,2632.9381,N,07703.2173,W,0.17,324.97,280324,,,D*7B
$GPVTG,324.97,T,,M,0.17,N,0.3,K,D*06
$GPGGA,113050.000,2632.9383,N,07703.2173,W,2,08,1.2,0.5,M,-33.0,M,1.8,0000*4F
$GPGSA,A,3,28,31,27,26,08,04,03,16,,,,,2.5,1.2,2.2*37
$GPGSV,3,1,11,16,76,338,36,04,52,321,41,26,46,032,31,27,43,154,37*75
$GPGSV,3,2,11,31,38,061,34,03,31,243,37,08,19,186,32,28,17,082,27*7C
$GPGSV,3,3,11,09,11,320,10,32,01,140,15,44,36,241,42*45
$GPRMC,113050.000,A,2632.9383,N,07703.2173,W,0.14,40.77,280324,,,D*41
$GPVTG,40.77,T,,M,0.14,N,0.3,K,D*3A
$GPGGA,113055.000,2632.9386,N,07703.2170,W,2,08,1.2,1.3,M,-33.0,M,1.8,0000*4B
$GPGSA,A,3,28,31,27,26,08,04,03,16,,,,,2.5,1.2,2.2*37
$GPGSV,3,1,11,16,76,338,36,04,52,321,41,26,46,032,31,27,43,154,32*70
$GPGSV,3,2,11,31,38,061,35,03,31,243,38,08,19,186,28,28,17,082,22*7C
$GPGSV,3,3,11,09,11,320,19,32,01,140,,44,36,241,41*4B
$GPRMC,113055.000,A,2632.9386,N,07703.2170,W,0.06,343.79,280324,,,D*7F
$GPVTG,343.79,T,,M,0.06,N,0.1,K,D*05
$GPGGA,113100.000,2632.9389,N,07703.2167,W,2,08,1.2,2.5,M,-33.0,M,1.8,0000*46
$GPGSA,A,3,28,31,27,26,08,04,03,16,,,,,2.5,1.2,2.2*37
$GPGSV,3,1,11,16,76,338,37,04,52,321,41,26,46,032,32,27,43,154,34*74
$GPGSV,3,2,11,31,38,061,36,03,31,243,40,08,19,186,25,28,17,082,26*79
$GPGSV,3,3,11,09,11,320,21,32,01,140,,44,36,241,41*40
$GPRMC,113100.000,A,2632.9389,N,07703.2167,W,0.05,147.62,280324,,,D*78
$GPVTG,147.62,T,,M,0.05,N,0.1,K,D*0A
$GPGGA,113105.000,2632.9388,N,07703.2168,W,2,08,1.2,2.9,M,-33.0,M,1.8,0000*41
$GPGSA,A,3,28,31,27,26,08,04,03,16,,,,,2.5,1.2,2.2*37
$GPGSV,3,1,11,16,76,338,37,04,52,321,40,26,46,032,31,27,43,154,34*76
$GPGSV,3,2,11,31,38,061,37,03,31,243,40,08,19,186,26,28,17,082,23*7E
$GPGSV,3,3,11,09,11,320,20,32,01,140,,44,36,241,40*40
$GPVTG,241.96,T,,M,0.12,N,0.2,K,D*01
$GPGGA,113110.000,2632.9386,N,07703.2168,W,2,08,1.2,3.1,M,-33.0,M,1.8,0000*42
$GPGSA,A,3,28,31,27,26,08,04,03,16,,,,,2.5,1.2,2.2*37
$GPGSV,3,1,11,16,76,338,38,04,52,321,40,26,46,032,33,27,43,154,34*7B
$GPGSV,3,2,11,31,38,061,37,03,31,243,40,08,19,186,25,28,17,082,30*7F
$GPGSV,3,3,11,09,11,320,23,32,01,140,,44,36,241,40*43
$GPRMC,113110.000,A,2632.9386,N,07703.2168,W,0.05,248.94,280324,,,D*7C
$GPVTG,248.94,T,,M,0.05,N,0.1,K,D*0F
$GPGGA,113115.000,2632.9384,N,07703.2168,W,2,08,1.2,3.4,M,-33.0,M,3.8,0000*42
$GPGSA,A,3,28,31,27,26,08,04,03,16,,,,,2.5,1.2,2.2*37
$GPGSV,3,1,11,16,76,339,37,04,52,321,40,26,46,032,34,27,43,154,34*72
$GPGSV,3,2,11,31,38,061,37,03,31,243,40,08,19,186,26,28,17,082,21*7C
$GPGSV,3,3,11,09,12,320,23,32,01,140,,44,36,241,41*41
$GPRMC,113115.000,A,2632.9384,N,07703.2168,W,0.06,237.16,280324,,,D*7A
$GPVTG,237.16,T,,M,0.06,N,0.1,K,D*0E
$GPGGA,113120.000,2632.9385,N,07703.2169,W,2,08,1.2,3.4,M,-33.0,M,2.8,0000*45
$GPGSA,A,3,28,31,27,26,08,04,03,16,,,,,2.5,1.2,2.2*37
$GPGSV,3,1,11,16,76,339,37,04,52,321,40,26,46,032,34,27,43,154,34*72
$GPGSV,3,2,11,31,38,061,37,03,31,243,41,08,19,186,26,28,17,082,29*75
$GPGSV,3,3,11,09,12,320,24,32,01,140,,44,36,241,40*47
$GPRMC,113120.000,A,2632.9385,N,07703.2169,W,0.05,323.10,280324,,,D*7D
$GPVTG,323.10,T,,M,0.05,N,0.1,K,D*0F
$GPGGA,113125.000,2632.9385,N,07703.2169,W,2,08,1.2,3.2,M,-33.0,M,1.8,0000*45
$GPGSA,A,3,28,31,27,26,08,04,03,16,,,,,2.5,1.2,2.2*37
$GPGSV,3,1,11,16,76,339,37,04,52,321,40,26,46,032,34,27,43,154,35*73
$GPGSV,3,2,11,31,38,061,36,03,31,243,41,08,19,186,27,28,17,082,22*7E
$GPGSV,3,3,11,09,12,320,21,32,01,140,,44,36,241,39*4C
$GPRMC,113125.000,A,2632.9385,N,07703.2169,W,0.04,92.79,280324,,,D*4F
$GPVTG,92.79,T,,M,0.04,N,0.1,K,D*38
$GPGGA,113130.000,2632.9386,N,07703.2168,W,2,08,1.2,2.8,M,-33.0,M,1.8,0000*48
$GPGSA,A,3,28,31,27,26,08,04,03,16,,,,,2.5,1.2,2.2*37
$GPGSV,3,1,11,16,76,339,36,04,52,321,40,26,46,032,34,27,43,154,35*72
$GPGSV,3,2,11,31,38,061,35,03,31,243,40,08,19,186,21,28,17,082,29*71
$GPGSV,3,3,11,09,12,320,21,32,01,140,15,44,36,241,40*46
$GPRMC,113130.000,A,2632.9386,N,07703.2168,W,0.04,260.85,280324,,,D*75
$GPVTG,260.85,T,,M,0.04,N,0.1,K,D*04
$GPGGA,113135.000,2632.9386,N,07703.2168,W,2,08,1.2,2.7,M,-33.0,M,1.8,0000*42
$GPGSA,A,3,28,31,27,26,08,04,03,16,,,,,2.5,1.2,2.2*37
$GPGSV,3,1,11,16,76,339,36,04,52,321,40,26,46,032,34,27,43,154,35*72
$GPGSV,3,2,11,31,38,061,35,03,31,243,40,08,19,186,27,28,17,082,29*77
$GPGSV,3,3,11,09,12,320,24,32,01,140,14,44,36,241,41*43
$GPVTG,257.30,T,,M,0.06,N,0.1,K,D*0C
$GPGGA,113140.000,2632.9385,N,07703.2168,W,2,08,1.2,2.6,M,-33.0,M,2.8,0000*41
$GPGSA,A,3,28,31,27,26,08,04,03,16,,,,,2.5,1.2,2.2*37
$GPGSV,3,1,11,16,76,339,35,04,52,321,40,26,46,032,34,27,43,154,35*71
$GPGSV,3,2,11,31,38,061,36,03,31,243,39,08,19,186,31,28,17,082,29*7D
$GPGSV,3,3,11,09,12,320,23,32,01,140,,44,36,241,41*41
$GPRMC,113140.000,A,2632.9385,N,07703.2168,W,0.08,208.57,280324,,,D*7C
$GPVTG,208.57,T,,M,0.08,N,0.2,K,D*0A
$GPGGA,113145.000,2632.9384,N,07703.2169,W,2,08,1.2,2.7,M,-33.0,M,2.8,0000*45
$GPGSA,A,3,28,31,27,26,08,04,03,16,,,,,2.5,1.2,2.2*37
$GPGSV,3,1,11,16,76,339,35,04,53,321,40,26,45,032,34,27,44,154,35*74
$GPGSV,3,2,11,31,37,061,37,03,31,242,39,08,20,186,31,28,17,083,30*71
$GPGSV,3,3,11,09,12,320,24,32,01,140,,44,36,241,41*46
$GPRMC,113145.000,A,2632.9384,N,07703.2169,W,0.13,244.31,280324,,,D*7B
$GPVTG,244.31,T,,M,0.13,N,0.2,K,D*08
$GPGGA,113150.000,2632.9383,N,07703.2170,W,2,08,1.2,2.9,M,-33.0,M,2.8,0000*40
$GPGSA,A,3,28,31,27,26,08,04,03,16,,,,,2.5,1.2,2.2*37
$GPGSV,3,1,11,16,76,339,35,04,53,321,40,26,45,032,34,27,44,154,35*74
$GPGSV,3,2,11,31,37,061,36,03,31,242,39,08,20,186,31,28,17,083,30*70
$GPGSV,3,3,11,09,12,320,24,32,01,140,,44,36,241,41*46
$GPRMC,113150.000,A,2632.9383,N,07703.2170,W,0.16,247.14,280324,,,D*71
$GPVTG,247.14,T,,M,0.16,N,0.3,K,D*08
$GPGGA,113155.000,2632.9382,N,07703.2172,W,2,08,1.2,3.0,M,-33.0,M,1.8,0000*4D
$GPGSA,A,3,28,31,27,26,08,04,03,16,,,,,2.5,1.2,2.2*37
$GPGSV,3,1,11,16,76,339,35,04,53,321,39,26,45,032,34,27,44,154,35*7A
$GPGSV,3,2,11,31,37,061,37,03,31,242,39,08,20,186,32,28,17,083,32*70
$GPGSV,3,3,11,09,12,320,,32,01,140,,44,36,241,40*41
$GPRMC,113155.000,A,2632.9382,N,07703.2172,W,0.17,261.79,280324,,,D*79
$GPVTG,261.79,T,,M,0.17,N,0.3,K,D*06
$GPGGA,113200.000,2632.9381,N,07703.2174,W,2,08,1.2,2.8,M,-33.0,M,1.8,0000*42
$GPGSA,A,3,28,31,27,26,08,04,03,16,,,,,2.5,1.2,2.2*37
$GPGSV,3,1,11,16,76,339,35,04,53,321,39,26,45,032,33,27,44,154,34*7C
$GPGSV,3,2,11,31,37,061,37,03,31,242,39,08,20,186,32,28,17,083,31*73
$GPGSV,3,3,11,09,12,320,20,32,01,140,,44,36,241,40*43
$GPRMC,113200.000,A,2632.9381,N,07703.2174,W,0.13,275.59,280324,,,D*7C
$GPVTG,275.59,T,,M,0.13,N,0.2,K,D*04
$GPGGA,113205.000,2632.9381,N,07703.2174,W,2,08,1.2,2.6,M,-33.0,M,1.8,0000*49
$GPGSA,A,3,28,31,27,26,08,04,03,16,,,,,2.5,1.2,2.2*37
$GPGSV,3,1,11,16,76,339,35,04,53,321,39,26,45,032,28,27,44,154,34*76
$GPGSV,3,2,11,31,37,061,37,03,31,242,39,08,20,186,32,28,17,083,31*73
$GPGSV,3,3,11,09,12,320,20,32,01,140,,44,36,241,40*43
$GPVTG,262.27,T,,M,0.16,N,0.3,K,D*0F
$GPGGA,113210.000,2632.9380,N,07703.2174,W,2,08,1.2,2.4,M,-33.0,M,1.8,0000*4E
$GPGSA,A,3,28,31,27,26,08,04,03,16,,,,,2.5,1.2,2.2*37
$GPGSV,3,1,11,16,76,339,35,04,53,321,39,26,45,032,36,27,44,154,35*78
$GPGSV,3,2,11,31,37,061,36,03,31,242,39,08,20,186,27,28,17,083,31*76
$GPGSV,3,3,11,09,12,320,21,32,01,140,,44,36,241,41*43
$GPRMC,113210.000,A,2632.9380,N,07703.2174,W,0.04,236.80,280324,,,D*79
$GPVTG,236.80,T,,M,0.04,N,0.1,K,D*02
$GPGGA,113215.000,2632.9379,N,07703.2173,W,2,08,1.2,2.3,M,-33.0,M,3.8,0000*4F
$GPGSA,A,3,28,31,27,26,08,04,03,16,,,,,2.5,1.2,2.2*37
$GPGSV,3,1,11,16,75,340,35,04,53,321,40,26,45,033,36,27,44,154,36*79
$GPGSV,3,2,11,31,37,061,37,03,31,242,39,08,20,186,29,28,17,083,31*79
$GPGSV,3,3,11,09,12,320,21,32,00,141,,44,36,241,41*43
$GPRMC,113215.000,A,2632.9379,N,07703.2173,W,0.03,318.26,280324,,,D*7B
$GPVTG,318.26,T,,M,0.03,N,0.1,K,D*04
$GPGGA,113220.000,2632.9379,N,07703.2173,W,2,08,1.2,2.7,M,-33.0,M,1.8,0000*4F
$GPGSA,A,3,28,31,27,26,08,04,03,16,,,,,2.5,1.2,2.2*37
$GPGSV,3,1,11,16,75,340,35,04,53,321,40,26,45,033,36,27,44,154,36*79
$GPGSV,3,2,11,31,37,061,37,03,31,242,40,08,20,186,29,28,17,083,25*72
$GPGSV,3,3,11,09,12,320,21,32,00,141,,44,36,241,41*43
$GPRMC,113220.000,A,2632.9379,N,07703.2173,W,0.12,350.75,280324,,,D*77
$GPVTG,350.75,T,,M,0.12,N,0.2,K,D*0D
$GPGGA,113225.000,2632.9381,N,07703.2172,W,2,08,1.2,2.7,M,-33.0,M,1.8,0000*4C
$GPGSA,A,3,28,31,27,26,08,04,03,16,,,,,2.5,1.2,2.2*37
$GPGSV,3,1,11,16,75,340,36,04,53,321,40,26,45,033,37,27,44,154,36*7B
$GPGSV,3,2,11,31,37,061,37,03,31,242,40,08,20,186,28,28,17,083,25*73
$GPGSV,3,3,11,09,12,320,23,32,00,141,,44,36,241,41*41
$GPRMC,113225.000,A,2632.9381,N,07703.2172,W,0.19,4.58,280324,,,D*72
$GPVTG,4.58,T,,M,0.19,N,0.3,K,D*0A
$GPGGA,113230.000,2632.9382,N,07703.2172,W,2,08,1.2,3.1,M,-33.0,M,1.8,0000*4C
$GPGSA,A,3,28,31,27,26,08,04,03,16,,,,,2.5,1.2,2.2*37
$GPGSV,3,1,11,16,75,340,37,04,53,321,40,26,45,033,37,27,44,154,35*79
$GPGSV,3,2,11,31,37,061,31,03,31,242,40,08,20,186,30,28,17,083,26*7F
$GPGSV,3,3,11,09,12,320,23,32,00,141,,44,36,241,41*41
$GPRMC,113230.000,A,2632.9382,N,07703.2172,W,0.26,330.23,280324,,,D*71
$GPVTG,330.23,T,,M,0.26,N,0.5,K,D*08
$GPGGA,113235.000,2632.9385,N,07703.2172,W,2,08,1.2,2.9,M,-33.0,M,1.8,0000*47
$GPGSA,A,3,28,31,27,26,08,04,03,16,,,,,2.5,1.2,2.2*37
$GPGSV,3,1,11,16,75,340,38,04,53,321,41,26,45,033,37,27,44,154,35*77
$GPGSV,3,2,11,31,37,061,31,03,31,242,40,08,20,186,32,28,17,083,23*78
$GPGSV,3,3,11,09,12,320,25,32,00,141,,44,36,241,41*47
$GPVTG,81.19,T,,M,0.07,N,0.1,K,D*3F
$GPGGA,113240.000,2632.9383,N,07703.2172,W,2,08,1.2,2.7,M,-33.0,M,4.8,0000*48
$GPGSA,A,3,28,31,27,26,08,04,03,16,,,,,2.5,1.2,2.2*37
$GPGSV,3,1,11,16,75,340,39,04,53,321,41,26,45,033,38,27,44,154,35*79
$GPGSV,3,2,11,31,37,061,28,03,31,242,40,08,20,186,32,28,17,083,20*73
$GPGSV,3,3,11,09,12,320,26,32,00,141,,44,36,241,41*44
$GPRMC,113240.000,A,2632.9383,N,07703.2172,W,0.15,208.79,280324,,,D*72
$GPVTG,208.79,T,,M,0.15,N,0.3,K,D*0B
$GPGGA,113245.000,2632.9381,N,07703.2174,W,2,08,1.2,2.6,M,-33.0,M,3.8,0000*4F
$GPGSA,A,3,28,31,27,26,08,04,03,16,,,,,2.5,1.2,2.2*37
$GPGSV,3,1,11,16,75,341,39,04,53,321,41,26,45,033,37,27,44,153,35*70
$GPGSV,3,2,11,31,37,062,30,03,31,242,40,08,20,186,32,28,17,083,23*7A
$GPGSV,3,3,11,09,12,320,27,32,00,141,,44,36,241,41*45
$GPRMC,113245.000,A,2632.9381,N,07703.2174,W,0.14,179.51,280324,,,D*7D
$GPVTG,179.51,T,,M,0.14,N,0.3,K,D*05
$GPGGA,113250.000,2632.9379,N,07703.2176,W,2,08,1.2,2.9,M,-33.0,M,2.8,0000*40
$GPGSA,A,3,28,31,27,26,08,04,03,16,,,,,2.5,1.2,2.2*37
$GPGSV,3,1,11,16,75,341,38,04,53,321,41,26,45,033,37,27,44,153,35*71
$GPGSV,3,2,11,31,37,062,37,03,31,242,40,08,20,186,27,28,17,083,23*79
$GPGSV,3,3,11,09,12,320,27,32,00,141,,44,36,241,42*46
$GPRMC,113250.000,A,2632.9379,N,07703.2176,W,0.19,222.17,280324,,,D*7E
$GPVTG,222.17,T,,M,0.19,N,0.4,K,D*00
$GPGGA,113255.000,2632.9377,N,07703.2178,W,2,08,1.2,3.3,M,-33.0,M,1.8,0000*4D
$GPGSA,A,3,28,31,27,26,08,04,03,16,,,,,2.5,1.2,2.2*37
$GPGSV,3,1,11,16,75,341,38,04,53,321,41,26,45,033,37,27,44,153,35*71
$GPGSV,3,2,11,31,37,062,37,03,31,242,40,08,20,186,29,28,17,083,24*70
$GPGSV,3,3,11,09,12,320,27,32,00,141,,44,36,241,42*46
$GPRMC,113255.000,A,2632.9377,N,07703.2178,W,0.09,242.56,280324,,,D*79
$GPVTG,242.56,T,,M,0.09,N,0.2,K,D*04
$GPGGA,113300.000,2632.9377,N,07703.2178,W,2,08,1.2,3.4,M,-33.0,M,1.8,0000*4B
$GPGSA,A,3,28,31,27,26,08,04,03,16,,,,,2.5,1.2,2.2*37
$GPGSV,3,1,11,16,75,341,37,04,53,321,41,26,45,033,36,27,44,153,35*7F
$GPGSV,3,2,11,31,37,062,37,03,31,242,40,08,20,186,29,28,17,083,25*71
$GPGSV,3,3,11,09,12,320,21,32,00,141,,44,36,241,41*43
$GPRMC,113300.000,A,2632.9377,N,07703.2178,W,0.06,242.35,280324,,,D*72
$GPVTG,242.35,T,,M,0.06,N,0.1,K,D*0D
$GPGGA,113305.000,2632.9377,N,07703.2180,W,2,08,1.2,3.5,M,-33.0,M,1.8,0000*48
$GPGSA,A,3,28,31,27,26,08,04,03,16,,,,,2.5,1.2,2.2*37
$GPGSV,3,1,11,16,75,341,37,04,53,321,41,26,45,033,35,27,44,153,35*7C
$GPGSV,3,2,11,31,37,062,38,03,31,242,41,08,20,186,29,28,17,083,25*7F
$GPGSV,3,3,11,09,12,320,22,32,00,141,,44,36,241,41*40
$GPVTG,269.39,T,,M,0.17,N,0.3,K,D*0A
$GPGGA,113310.000,2632.9379,N,07703.2181,W,2,08,1.2,3.5,M,-33.0,M,1.8,0000*43
$GPGSA,A,3,28,31,27,26,08,04,03,16,,,,,2.5,1.2,2.2*37
$GPGSV,3,1,11,16,75,341,37,04,53,321,41,26,45,033,35,27,44,153,34*7D
$GPGSV,3,2,11,31,37,062,38,03,31,242,40,08,20,186,29,28,17,083,24*7F
$GPGSV,3,3,11,09,12,320,22,32,00,141,17,44,36,241,42*45
$GPRMC,113310.000,A,2632.9379,N,07703.2181,W,0.14,325.13,280324,,,D*7C
$GPVTG,325.13,T,,M,0.14,N,0.3,K,D*08
$GPGGA,113315.000,2632.9379,N,07703.2180,W,2,08,1.2,3.6,M,-33.0,M,2.8,0000*47
$GPGSA,A,3,28,31,27,26,08,04,03,16,,,,,2.5,1.2,2.2*37
$GPGSV,3,1,11,16,75,341,37,04,53,321,41,26,45,033,35,27,44,153,34*7D
$GPGSV,3,2,11,31,37,062,38,03,31,242,41,08,20,186,29,28,17,083,30*7B
$GPGSV,3,3,11,09,12,320,23,32,00,141,,44,36,241,42*42
$GPRMC,113315.000,A,2632.9379,N,07703.2180,W,0.04,153.53,280324,,,D*7E
$GPVTG,153.53,T,,M,0.04,N,0.1,K,D*0C
$GPGGA,113320.000,2632.9378,N,07703.2179,W,2,08,1.2,3.7,M,-33.0,M,1.8,0000*44
$GPGSA,A,3,28,31,27,26,08,04,03,16,,,,,2.5,1.2,2.2*37
$GPGSV,3,1,11,16,75,341,37,04,53,321,41,26,45,033,36,27,44,153,35*7F
$GPGSV,3,2,11,31,37,062,31,03,31,242,40,08,20,186,25,28,17,083,23*7D
$GPGSV,3,3,11,09,12,320,25,32,00,141,,44,36,241,41*47
$GPRMC,113320.000,A,2632.9378,N,07703.2179,W,0.13,97.84,280324,,,D*4A
$GPVTG,97.84,T,,M,0.13,N,0.2,K,D*3A
$GPGGA,113325.000,2632.9378,N,07703.2178,W,2,08,1.2,3.5,M,-33.0,M,1.8,0000*42
$GPGSA,A,3,28,31,27,26,08,04,03,16,,,,,2.5,1.2,2.2*37
$GPGSV,3,1,11,16,75,341,39,04,53,321,40,26,45,033,35,27,44,153,35*73
$GPGSV,3,2,11,31,37,062,34,03,31,242,40,08,20,186,28,28,17,083,25*73
$GPGSV,3,3,11,09,12,320,25,32,00,141,,44,36,241,41*47
$GPRMC,113325.000,A,2632.9378,N,07703.2178,W,0.02,218.87,280324,,,D*78
$GPVTG,218.87,T,,M,0.02,N,0.0,K,D*0E
$GPGGA,113330.000,2632.9377,N,07703.2177,W,2,07,1.3,4.0,M,-33.0,M,1.8,0000*4A
$GPGSA,A,3,31,27,26,08,04,03,16,,,,,,3.0,1.3,2.7*3D
$GPGSV,3,1,11,16,75,341,39,04,53,321,41,26,45,033,34,27,44,153,34*72
$GPGSV,3,2,11,31,37,062,34,03,31,242,39,08,20,186,29,28,17,083,*7B
$GPGSV,3,3,11,09,12,320,26,32,00,141,,44,36,241,41*44
$GPRMC,113330.000,A,2632.9377,N,07703.2177,W,0.03,238.31,280324,,,D*72
$GPVTG,238.31,T,,M,0.03,N,0.1,K,D*01
$GPGGA,113335.000,2632.9378,N,07703.2177,W,2,08,1.2,4.0,M,-33.0,M,1.8,0000*4E
$GPGSA,A,3,28,31,27,26,08,04,03,16,,,,,2.5,1.2,2.2*37
$GPGSV,3,1,11,16,75,341,40,04,53,321,41,26,45,033,36,27,44,153,33*79
$GPGSV,3,2,11,31,37,062,28,03,31,242,39,08,20,186,30,28,17,083,28*74
$GPGSV,3,3,11,09,12,320,26,32,00,141,,44,36,241,41*44
$GPVTG,137.28,T,,M,0.05,N,0.1,K,D*03
$GPGGA,113340.000,2632.9378,N,07703.2176,W,2,08,1.2,4.4,M,-33.0,M,4.8,0000*4C
$GPGSA,A,3,28,31,27,26,08,04,03,16,,,,,2.5,1.2,2.2*37
$GPGSV,3,1,11,16,75,342,41,04,54,321,41,26,45,033,36,27,44,153,33*7C
$GPGSV,3,2,11,31,37,062,31,03,30,241,39,08,20,186,31,28,17,083,23*74
$GPGSV,3,3,11,09,12,320,26,32,00,141,,44,36,241,41*44
$GPRMC,113340.000,A,2632.9378,N,07703.2176,W,0.07,134.66,280324,,,D*72
$GPVTG,134.66,T,,M,0.07,N,0.1,K,D*08
$GPGGA,113345.000,2632.9379,N,07703.2176,W,2,08,1.2,4.5,M,-33.0,M,3.8,0000*4E
$GPGSA,A,3,28,31,27,26,08,04,03,16,,,,,2.5,1.2,2.2*37
$GPGSV,3,1,11,16,75,342,41,04,54,321,41,26,45,033,37,27,44,153,34*7A
$GPGSV,3,2,11,31,37,062,33,03,30,241,40,08,20,186,32,28,17,083,22*7A
$GPGSV,3,3,11,09,12,320,25,32,00,141,,44,36,241,41*47
$GPRMC,113345.000,A,2632.9379,N,07703.2176,W,0.11,338.34,280324,,,D*78
$GPVTG,338.34,T,,M,0.11,N,0.2,K,D*05
$GPGGA,113350.000,2632.9382,N,07703.2175,W,2,08,1.2,4.5,M,-33.0,M,2.8,0000*4C
$GPGSA,A,3,28,31,27,26,08,04,03,16,,,,,2.5,1.2,2.2*37
$GPGSV,3,1,11,16,75,342,42,04,54,321,40,26,45,033,36,27,44,153,34*79
$GPGSV,3,2,11,31,37,062,33,03,30,241,40,08,20,186,32,28,17,083,27*7F
$GPGSV,3,3,11,09,12,320,,32,00,141,,44,36,241,41*40
$GPRMC,113350.000,A,2632.9382,N,07703.2175,W,0.06,336.01,280324,,,D*75
$GPVTG,336.01,T,,M,0.06,N,0.1,K,D*08
$GPGGA,113355.000,2632.9381,N,07703.2175,W,2,07,1.3,4.5,M,-33.0,M,0.8,0000*46
$GPGSA,A,3,31,27,26,08,04,03,16,,,,,,3.0,1.3,2.7*3D
$GPGSV,3,1,11,16,75,342,42,04,54,321,40,26,45,033,36,27,44,153,34*79
$GPGSV,3,2,11,31,37,062,33,03,30,241,40,08,20,186,33,28,17,083,19*73
$GPGSV,3,3,11,09,12,320,24,32,00,141,,44,36,241,42*45
$GPRMC,113355.000,A,2632.9381,N,07703.2175,W,0.18,193.47,280324,,,D*73
$GPVTG,193.47,T,,M,0.18,N,0.3,K,D*0A
$GPGGA,113400.000,2632.9379,N,07703.2174,W,2,08,1.2,4.4,M,-33.0,M,1.8,0000*49
$GPGSA,A,3,28,31,27,26,08,04,03,16,,,,,2.5,1.2,2.2*37
$GPGSV,3,1,11,16,75,342,42,04,54,321,41,26,45,033,36,27,44,153,33*7F
$GPGSV,3,2,11,31,37,062,24,03,30,241,39,08,20,186,32,28,17,083,26*76
$GPGSV,3,3,11,09,12,320,24,32,00,141,,44,36,241,41*46
$GPRMC,113400.000,A,2632.9379,N,07703.2174,W,0.11,173.34,280324,,,D*71
$GPVTG,173.34,T,,M,0.11,N,0.2,K,D*08
$GPGGA,113405.000,2632.9377,N,07703.2175,W,2,08,1.2,5.1,M,-33.0,M,1.8,0000*47
$GPGSA,A,3,28,31,27,26,08,04,03,16,,,,,2.5,1.2,2.2*37
$GPGSV,3,1,11,16,75,342,41,04,54,321,41,26,45,033,30,27,44,153,33*7A
$GPGSV,3,2,11,31,37,062,32,03,30,241,39,08,20,186,32,28,17,083,26*71
$GPGSV,3,3,11,09,12,320,20,32,00,141,,44,36,241,41*42
$GPVTG,211.42,T,,M,0.05,N,0.1,K,D*08
$GPGGA,113410.000,2632.9375,N,07703.2176,W,2,08,1.2,6.1,M,-33.0,M,2.8,0000*42
$GPGSA,A,3,28,31,27,26,08,04,03,16,,,,,2.5,1.2,2.2*37
$GPGSV,3,1,11,16,75,343,41,04,54,321,41,27,45,153,33,26,44,033,32*79
$GPGSV,3,2,11,31,37,062,37,03,30,241,39,08,21,186,31,28,17,084,21*76
$GPGSV,3,3,11,09,13,320,21,32,00,141,,44,36,241,41*42
$GPRMC,113410.000,A,2632.9375,N,07703.2176,W,0.18,90.23,280324,,,D*4D
$GPVTG,90.23,T,,M,0.18,N,0.3,K,D*3A
$GPGGA,113415.000,2632.9379,N,07703.2170,W,2,08,1.2,5.4,M,-33.0,M,3.8,0000*4A
$GPGSA,A,3,28,31,27,26,08,04,03,16,,,,,2.5,1.2,2.2*37
$GPGSV,3,1,11,16,75,343,41,04,54,321,41,27,45,153,33,26,44,033,32*79
$GPGSV,3,2,11,31,37,062,33,03,30,241,39,08,21,186,31,28,17,084,24*77
$GPGSV,3,3,11,09,13,320,22,32,00,141,,44,36,241,42*42
$GPRMC,113415.000,A,2632.9379,N,07703.2170,W,0.37,44.36,280324,,,D*42
$GPVTG,44.36,T,,M,0.37,N,0.7,K,D*3E
$GPGGA,113420.000,2632.9380,N,07703.2167,W,2,08,1.2,5.3,M,-33.0,M,2.8,0000*4A
$GPGSA,A,3,28,31,27,26,08,04,03,16,,,,,2.5,1.2,2.2*37
$GPGSV,3,1,11,16,75,343,41,04,54,321,40,27,45,153,33,26,44,033,38*72
$GPGSV,3,2,11,31,37,062,29,03,30,241,39,08,21,186,33,28,17,084,26*7C
$GPGSV,3,3,11,09,13,320,17,32,00,141,,44,36,241,41*47
$GPRMC,113420.000,A,2632.9380,N,07703.2167,W,0.26,148.67,280324,,,D*7D
$GPVTG,148.67,T,,M,0.26,N,0.5,K,D*05
$GPGGA,113425.000,2632.9378,N,07703.2164,W,2,08,1.2,4.9,M,-33.0,M,1.8,0000*43
$GPGSA,A,3,28,31,27,26,08,04,03,16,,,,,2.5,1.2,2.2*37
$GPGSV,3,1,11,16,75,343,41,04,54,321,40,27,45,153,33,26,44,033,32*78
$GPGSV,3,2,11,31,37,062,29,03,30,241,39,08,21,186,32,28,17,084,25*7E
$GPGSV,3,3,11,09,13,320,23,32,00,141,,44,36,241,42*43
$GPRMC,113425.000,A,2632.9378,N,07703.2164,W,0.06,212.44,280324,,,D*73
$GPVTG,212.44,T,,M,0.06,N,0.1,K,D*0E
$GPGGA,113430.000,2632.9379,N,07703.2163,W,2,08,1.2,4.3,M,-33.0,M,1.8,0000*4B
$GPGSA,A,3,28,31,27,26,08,04,03,16,,,,,2.5,1.2,2.2*37
$GPGSV,3,1,11,16,75,343,41,04,54,321,40,27,45,153,33,26,44,033,26*7D
$GPGSV,3,2,11,31,37,062,37,03,30,241,39,08,21,186,32,28,17,084,25*71
$GPGSV,3,3,11,09,13,320,26,32,00,141,,44,36,241,42*46
$GPRMC,113430.000,A,2632.9379,N,07703.2163,W,0.05,325.49,280324,,,D*7A
$GPVTG,325.49,T,,M,0.05,N,0.1,K,D*05
$GPGGA,113435.000,2632.9381,N,07703.2163,W,2,07,1.3,3.9,M,-33.0,M,1.8,0000*4A
$GPGSA,A,3,31,27,26,08,04,03,16,,,,,,3.0,1.3,2.7*3D
$GPGSV,3,1,11,16,75,343,40,04,54,321,40,27,45,153,34,26,44,033,25*78
$GPGSV,3,2,11,31,37,062,37,03,30,241,39,08,21,186,25,28,17,084,*70
$GPGSV,3,3,11,09,13,320,31,32,00,141,,44,36,241,42*40
$GPVTG,354.41,T,,M,0.06,N,0.1,K,D*08
$GPGGA,113440.000,2632.9383,N,07703.2163,W,2,08,1.2,3.2,M,-33.0,M,4.8,0000*4A
$GPGSA,A,3,28,31,27,26,08,04,03,16,,,,,2.5,1.2,2.2*37
$GPGSV,3,1,10,16,75,344,40,04,54,321,40,27,45,153,35,26,44,033,31*7A
$GPGSV,3,2,10,31,37,063,39,03,30,241,39,08,21,186,22,28,17,084,29*72
$GPGSV,3,3,10,09,13,320,25,44,36,241,41*72
$GPRMC,113440.000,A,2632.9383,N,07703.2163,W,0.25,343.69,280324,,,D*78
$GPVTG,343.69,T,,M,0.25,N,0.5,K,D*01
$GPGGA,113445.000,2632.9385,N,07703.2165,W,2,07,1.3,2.9,M,-33.0,M,3.8,0000*4C
$GPGSA,A,3,31,27,26,08,04,03,16,,,,,,3.0,1.3,2.7*3D
$GPGSV,3,1,10,16,75,344,38,04,54,321,40,27,45,153,36,26,44,033,32*75
$GPGSV,3,2,10,31,37,063,39,03,30,241,39,08,21,186,24,28,17,084,*7F
$GPGSV,3,3,10,09,13,320,25,44,36,241,41*72
$GPRMC,113445.000,A,2632.9385,N,07703.2165,W,0.12,200.55,280324,,,D*70
$GPVTG,200.55,T,,M,0.12,N,0.2,K,D*0B
$GPGGA,113450.000,2632.9384,N,07703.2166,W,2,08,1.2,2.4,M,-33.0,M,2.8,0000*48
$GPGSA,A,3,28,31,27,26,08,04,03,16,,,,,2.5,1.2,2.2*37
$GPGSV,3,1,10,16,75,344,37,04,54,321,40,27,45,153,36,26,44,033,33*7B
$GPGSV,3,2,10,31,37,063,39,03,30,241,39,08,21,186,20,28,17,084,27*7E
$GPGSV,3,3,10,09,13,320,26,44,36,241,42*72
$GPRMC,113450.000,A,2632.9384,N,07703.2166,W,0.27,192.36,280324,,,D*7D
$GPVTG,192.36,T,,M,0.27,N,0.5,K,D*07
$GPGGA,113455.000,2632.9384,N,07703.2167,W,2,08,1.2,2.0,M,-33.0,M,1.8,0000*4B
$GPGSA,A,3,28,31,27,26,08,04,03,16,,,,,2.5,1.2,2.2*37
$GPGSV,3,1,10,16,75,344,36,04,54,321,40,27,45,153,32,26,44,033,33*7E
$GPGSV,3,2,10,31,37,063,39,03,30,241,39,08,21,186,29,28,17,084,28*78
$GPGSV,3,3,10,09,13,320,14,44,36,241,40*71
$GPRMC,113455.000,A,2632.9384,N,07703.2167,W,0.18,222.61,280324,,,D*7F
$GPVTG,222.61,T,,M,0.18,N,0.3,K,D*07
$GPGGA,113500.000,2632.9382,N,07703.2168,W,2,08,1.2,1.8,M,-33.0,M,1.8,0000*48
$GPGSA,A,3,28,31,27,26,08,04,03,16,,,,,2.5,1.2,2.2*37
$GPGSV,3,1,10,16,75,344,33,04,54,321,39,27,45,153,33,26,44,033,29*7F
$GPGSV,3,2,10,31,37,063,39,03,30,241,34,08,21,186,29,28,17,084,28*75
$GPRMC,113500.000,A,2632.9382,N,07703.2168,W,0.14,206.85,280324,,,D*77
$GPVTG,206.85,T,,M,0.14,N,0.3,K,D*07
$GPGGA,113505.000,2632.9381,N,07703.2169,W,2,08,1.2,2.0,M,-33.0,M,1.8,0000*44
$GPGSA,A,3,28,31,27,26,08,04,03,16,,,,,2.5,1.2,2.2*37
$GPGSV,3,1,10,16,75,344,34,04,54,321,36,27,45,153,33,26,44,033,32*7D
$GPGSV,3,2,10,31,37,063,40,03,30,241,40,08,21,186,25,28,17,084,29*75
$GPGSV,3,3,10,09,13,320,27,44,36,241,39*7F
$GPRMC,113505.000,A,2632.9381,N,07703.2169,W,0.13,274.86,280324,,,D*71
$GPVTG,274.86,T,,M,0.13,N,0.2,K,D*07
$GPGGA,113510.000,2632.9381,N,07703.2170,W,2,07,1.3,1.8,M,-33.0,M,4.8,0000*48
$GPGSA,A,3,28,31,27,26,04,03,16,,,,,,2.6,1.3,2.2*3D
$GPGSV,3,1,10,16,75,344,34,04,54,321,37,27,45,153,34,26,44,033,33*7A
$GPGSV,3,2,10,31,37,063,37,03,30,241,39,08,21,186,10,28,17,084,28*7C
$GPGSV,3,3,10,09,13,320,26,44,36,241,39*7E
$GPRMC,113510.000,A,2632.9381,N,07703.2170,W,0.11,316.44,280324,,,D*74
$GPVTG,316.44,T,,M,0.11,N,0.2,K,D*0E
$GPGGA,113515.000,2632.9381,N,07703.2170,W,2,08,1.2,1.6,M,-33.0,M,2.8,0000*4B
$GPGSA,A,3,28,31,27,26,08,04,03,16,,,,,2.5,1.2,2.2*37
$GPGSV,3,1,10,16,74,345,34,04,54,320,38,27,45,153,33,26,44,033,33*73
$GPGSV,3,2,10,31,37,063,38,03,30,241,39,08,21,186,27,28,16,084,28*76
$GPGSV,3,3,10,09,13,320,27,44,36,241,39*7F
$GPRMC,113515.000,A,2632.9381,N,07703.2170,W,0.07,326.60,280324,,,D*73
$GPVTG,326.60,T,,M,0.07,N,0.1,K,D*0F
$GPGGA,113520.000,2632.9382,N,07703.2170,W,2,08,1.2,1.5,M,-33.0,M,1.8,0000*4E
$GPGSA,A,3,28,31,27,26,08,04,03,16,,,,,2.5,1.2,2.2*37
$GPGSV,3,1,10,16,74,345,34,04,54,320,38,27,45,153,34,26,44,033,27*71
$GPGSV,3,2,10,31,37,063,38,03,30,241,39,08,21,186,28,28,16,084,28*79
$GPGSV,3,3,10,09,13,320,23,44,36,241,39*7B
$GPRMC,113520.000,A,2632.9382,N,07703.2170,W,0.26,348.51,280324,,,D*7F
$GPVTG,348.51,T,,M,0.26,N,0.5,K,D*02
$GPGGA,113525.000,2632.9383,N,07703.2169,W,2,08,1.2,1.6,M,-33.0,M,1.8,0000*41
$GPGSA,A,3,28,31,27,26,08,04,03,16,,,,,2.5,1.2,2.2*37
$GPGSV,3,1,10,16,74,345,34,04,54,320,39,27,45,153,33,26,44,033,33*72
$GPGSV,3,2,10,31,37,063,39,03,30,241,39,08,21,186,25,28,16,084,28*75
$GPGSV,3,3,10,09,13,320,20,44,36,241,40*76
$GPRMC,113525.000,A,2632.9383,N,07703.2169,W,0.13,54.17,280324,,,D*49
$GPVTG,54.17,T,,M,0.13,N,0.2,K,D*3F
$GPGGA,113530.000,2632.9384,N,07703.2166,W,2,08,1.2,1.2,M,-33.0,M,1.8,0000*49
$GPGSA,A,3,28,31,27,26,08,04,03,16,,,,,2.5,1.2,2.2*37
$GPGSV,3,1,10,16,74,345,35,04,54,320,39,27,45,153,34,26,44,033,32*75
$GPGSV,3,2,10,31,37,063,40,03,30,241,39,08,21,186,24,28,16,084,26*74
$GPGSV,3,3,10,09,13,320,29,44,36,241,41*7E
$GPVTG,95.78,T,,M,0.21,N,0.4,K,D*3C
$GPGGA,113535.000,2632.9385,N,07703.2163,W,2,08,1.2,1.7,M,-33.0,M,1.8,0000*4D
$GPGSA,A,3,28,31,27,26,08,04,03,16,,,,,2.5,1.2,2.2*37
$GPGSV,3,1,10,16,74,345,36,04,54,320,39,27,45,153,34,26,44,033,31*75
$GPGSV,3,2,10,31,37,063,40,03,30,241,40,08,21,186,27,28,16,084,26*79
$GPGSV,3,3,10,09,13,320,30,44,36,241,42*75
$GPRMC,113535.000,A,2632.9385,N,07703.2163,W,0.24,101.36,280324,,,D*72
$GPVTG,101.36,T,,M,0.24,N,0.4,K,D*0F
$GPGGA,113540.000,2632.9386,N,07703.2161,W,2,08,1.2,1.2,M,-33.0,M,2.8,0000*48
$GPGSA,A,3,28,31,27,26,08,04,03,16,,,,,2.5,1.2,2.2*37
$GPGSV,3,1,10,16,74,345,38,04,54,320,40,27,45,153,26,26,44,033,31*76
$GPGSV,3,2,10,31,37,063,37,03,30,241,39,08,21,186,29,28,16,084,30*7E
$GPGSV,3,3,10,09,13,320,28,44,36,241,40*7E
$GPRMC,113540.000,A,2632.9386,N,07703.2161,W,0.07,98.41,280324,,,D*41
$GPVTG,98.41,T,,M,0.07,N,0.1,K,D*3A
$GPGGA,113545.000,2632.9387,N,07703.2162,W,2,08,1.2,0.9,M,-33.0,M,2.8,0000*45
$GPGSA,A,3,28,31,27,26,08,04,03,16,,,,,2.5,1.2,2.2*37
$GPGSV,3,1,10,16,74,345,39,04,55,320,40,27,45,152,30,26,44,033,32*73
$GPGSV,3,2,10,31,37,063,37,03,30,240,39,08,21,186,29,28,16,084,29*77
$GPGSV,3,3,10,09,13,320,25,44,36,241,41*72
$GPRMC,113545.000,A,2632.9387,N,07703.2162,W,0.10,147.97,280324,,,D*78
$GPVTG,147.97,T,,M,0.10,N,0.2,K,D*07
$GPGGA,113550.000,2632.9388,N,07703.2161,W,2,08,1.2,0.2,M,-33.0,M,1.8,0000*45
$GPGSA,A,3,28,31,27,26,08,04,03,16,,,,,2.5,1.2,2.2*37
$GPGSV,3,1,10,16,74,345,40,04,55,320,41,27,45,152,26,26,44,033,31*78
$GPGSV,3,2,10,31,37,063,37,03,30,240,40,08,21,186,29,28,16,084,29*79
$GPGSV,3,3,10,09,13,320,25,44,36,241,41*72
$GPRMC,113550.000,A,2632.9388,N,07703.2161,W,0.12,138.39,280324,,,D*7E
$GPVTG,138.39,T,,M,0.12,N,0.2,K,D*09
$GPGGA,113555.000,2632.9387,N,07703.2160,W,2,08,1.2,-0.2,M,-33.0,M,1.8,0000*63
$GPGSA,A,3,28,31,27,26,08,04,03,16,,,,,2.5,1.2,2.2*37
$GPGSV,3,1,10,16,74,345,40,04,55,320,41,27,45,152,21,26,44,033,25*7A
$GPGSV,3,2,10,31,37,063,38,03,30,240,39,08,21,186,29,28,16,084,28*79
$GPGSV,3,3,10,09,13,320,26,44,36,241,41*71
$GPVTG,120.84,T,,M,0.16,N,0.3,K,D*03
$GPGGA,113600.000,2632.9388,N,07703.2157,W,2,08,1.2,-0.7,M,-33.0,M,1.8,0000*6E
$GPGSA,A,3,28,31,27,26,08,04,03,16,,,,,2.5,1.2,2.2*37
$GPGSV,3,1,10,16,74,345,40,04,55,320,41,27,45,152,23,26,44,033,25*78
$GPGSV,3,2,10,31,37,063,38,03,30,240,39,08,21,186,23,28,16,084,27*7C
$GPGSV,3,3,10,09,13,320,28,44,36,241,41*7F
$GPRMC,113600.000,A,2632.9388,N,07703.2157,W,0.12,351.80,280324,,,D*72
$GPVTG,351.80,T,,M,0.12,N,0.2,K,D*06
$GPGGA,113605.000,2632.9389,N,07703.2156,W,2,08,1.2,-1.1,M,-33.0,M,1.8,0000*6C
$GPGSA,A,3,28,31,27,26,08,04,03,16,,,,,2.5,1.2,2.2*37
$GPGSV,3,1,10,16,74,345,40,04,55,320,41,27,45,152,30,26,44,033,26*79
$GPGSV,3,2,10,31,37,063,39,03,30,240,39,08,21,186,26,28,16,084,26*79
$GPGSV,3,3,10,09,13,320,29,44,36,241,41*7E
$GPRMC,113605.000,A,2632.9389,N,07703.2156,W,0.15,355.81,280324,,,D*75
$GPVTG,355.81,T,,M,0.15,N,0.3,K,D*05
$GPGGA,113610.000,2632.9389,N,07703.2154,W,2,08,1.2,-1.0,M,-33.0,M,4.8,0000*6E
$GPGSA,A,3,28,31,27,26,08,04,03,16,,,,,2.5,1.2,2.2*37
$GPGSV,3,1,10,16,74,345,40,04,55,320,41,27,45,152,35,26,44,033,26*7C
$GPGSV,3,2,10,31,37,063,39,03,30,240,39,08,21,186,26,28,16,084,26*79
$GPGSV,3,3,10,09,13,320,28,44,36,241,42*7C
$GPRMC,113610.000,A,2632.9389,N,07703.2154,W,0.03,66.73,280324,,,D*4A
$GPVTG,66.73,T,,M,0.03,N,0.1,K,D*3E
$GPGGA,113615.000,2632.9390,N,07703.2154,W,2,08,1.2,-1.3,M,-33.0,M,1.8,0000*65
$GPGSA,A,3,28,31,27,26,08,04,03,16,,,,,2.5,1.2,2.2*37
$GPGSV,3,1,10,16,74,346,40,04,55,320,41,27,46,152,34,26,44,033,27*7C
$GPGSV,3,2,10,31,37,063,39,03,30,240,39,08,22,186,26,28,16,084,27*7B
$GPGSV,3,3,10,09,13,320,28,44,36,241,42*7C
$GPRMC,113615.000,A,2632.9390,N,07703.2154,W,0.05,293.36,280324,,,D*78
$GPVTG,293.36,T,,M,0.05,N,0.1,K,D*01
$GPGGA,113620.000,2632.9389,N,07703.2155,W,2,08,1.2,-1.1,M,-33.0,M,2.8,0000*6B
$GPGSA,A,3,28,31,27,26,08,04,03,16,,,,,2.5,1.2,2.2*37
$GPGSV,3,1,10,16,74,346,39,04,55,320,41,27,46,152,29,26,44,033,27*7E
$GPGSV,3,2,10,31,37,063,40,03,30,240,39,08,22,186,26,28,16,084,33*70
$GPRMC,113620.000,A,2632.9389,N,07703.2155,W,0.11,226.94,280324,,,D*74
$GPVTG,226.94,T,,M,0.11,N,0.2,K,D*01
$GPGGA,113625.000,2632.9390,N,07703.2157,W,2,08,1.2,-0.8,M,-33.0,M,1.8,0000*6F
$GPGSA,A,3,28,31,27,26,08,04,03,16,,,,,2.5,1.2,2.2*37
$GPGSV,3,1,10,16,74,346,35,04,55,320,36,27,46,152,31,26,44,033,29*75
$GPGSV,3,2,10,31,37,063,40,03,30,240,39,08,22,186,19,28,16,084,28*76
$GPGSV,3,3,10,09,13,320,26,44,36,241,41*71
$GPRMC,113625.000,A,2632.9390,N,07703.2157,W,0.22,294.65,280324,,,D*7C
$GPVTG,294.65,T,,M,0.22,N,0.4,K,D*00
$GPGGA,113630.000,2632.9386,N,07703.2157,W,2,08,1.2,0.0,M,-33.0,M,1.8,0000*49
$GPGSA,A,3,28,31,27,26,08,04,03,16,,,,,2.5,1.2,2.2*37
$GPGSV,3,1,10,16,74,346,34,04,55,320,37,27,46,152,31,26,44,033,29*75
$GPGSV,3,2,10,31,37,063,40,03,30,240,39,08,22,186,26,28,16,084,29*7B
$GPGSV,3,3,10,09,13,320,28,44,36,241,39*70
$GPRMC,113630.000,A,2632.9386,N,07703.2157,W,0.16,288.82,280324,,,D*7C
$GPVTG,288.82,T,,M,0.16,N,0.3,K,D*04
$GPGGA,113635.000,2632.9384,N,07703.2157,W,2,08,1.2,0.6,M,-33.0,M,0.8,0000*49
$GPGSA,A,3,28,31,27,26,08,04,03,16,,,,,2.5,1.2,2.2*37
$GPGSV,3,1,10,16,74,346,34,04,55,320,42,27,46,152,31,26,44,033,31*7E
$GPGSV,3,2,10,31,37,063,34,03,30,240,39,08,22,186,17,28,16,084,28*7B
$GPGSV,3,3,10,09,13,320,27,44,36,241,38*7E
$GPRMC,113635.000,A,2632.9384,N,07703.2157,W,0.34,177.17,280324,,,D*74
$GPVTG,177.17,T,,M,0.34,N,0.6,K,D*0E
$GPGGA,113640.000,2632.9382,N,07703.2158,W,2,08,1.2,0.3,M,-33.0,M,3.8,0000*44
$GPGSA,A,3,28,31,27,26,08,04,03,16,,,,,2.5,1.2,2.2*37
$GPGSV,3,1,10,16,74,346,35,04,55,320,43,27,46,152,32,26,44,033,32*7E
$GPGSV,3,2,10,31,37,063,34,03,30,240,39,08,22,186,23,28,16,084,29*7D
$GPGSV,3,3,10,09,13,320,28,44,36,241,39*70
$GPRMC,113640.000,A,2632.9382,N,07703.2158,W,0.16,181.91,280324,,,D*78
$GPVTG,181.91,T,,M,0.16,N,0.3,K,D*0C
$GPGGA,113645.000,2632.9383,N,07703.2160,W,2,08,1.2,-0.5,M,-33.0,M,1.8,0000*62
$GPGSA,A,3,28,31,27,26,08,04,03,16,,,,,2.5,1.2,2.2*37
$GPGSV,3,1,10,16,74,346,35,04,55,320,43,27,46,152,34,26,43,034,32*78
$GPGSV,3,2,10,31,36,064,34,03,30,240,39,08,22,186,23,28,16,085,30*72
$GPGSV,3,3,10,09,14,320,28,44,36,241,39*77
$GPRMC,113645.000,A,2632.9383,N,07703.2160,W,0.14,246.34,280324,,,D*72
$GPVTG,246.34,T,,M,0.14,N,0.3,K,D*09
$GPGGA,113650.000,2632.9384,N,07703.2162,W,2,08,1.2,-1.3,M,-33.0,M,2.8,0000*67
$GPGSA,A,3,28,31,27,26,08,04,03,16,,,,,2.5,1.2,2.2*37
$GPGSV,3,1,10,16,74,346,35,04,55,320,43,27,46,152,35,26,43,034,31*7A
$GPGSV,3,2,10,31,36,064,34,03,30,240,39,08,22,186,21,28,16,085,30*70
$GPGSV,3,3,10,09,14,320,28,44,36,241,37*79
$GPVTG,267.94,T,,M,0.18,N,0.3,K,D*0C
$GPGGA,113655.000,2632.9385,N,07703.2166,W,2,08,1.2,-1.8,M,-33.0,M,1.8,0000*6F
$GPGSA,A,3,28,31,27,26,08,04,03,16,,,,,2.5,1.2,2.2*37
$GPGSV,3,1,10,16,74,346,35,04,55,320,43,27,46,152,37,26,43,034,27*7F
$GPGSV,3,2,10,31,36,064,34,03,30,240,39,08,22,186,23,28,16,085,25*76
$GPGSV,3,3,10,09,14,320,20,44,36,241,36*70
$GPRMC,113655.000,A,2632.9385,N,07703.2166,W,0.13,250.12,280324,,,D*77
$GPVTG,250.12,T,,M,0.13,N,0.2,K,D*0C
$GPGGA,113700.000,2632.9385,N,07703.2167,W,2,08,1.2,-2.0,M,-33.0,M,1.8,0000*64
$GPGSA,A,3,28,31,27,26,08,04,03,16,,,,,2.5,1.2,2.2*37
$GPGSV,3,1,10,16,74,346,35,04,55,320,43,27,46,152,39,26,43,034,28*7E
$GPGSV,3,2,10,31,36,064,35,03,30,240,39,08,22,186,27,28,16,085,26*70
$GPGSV,3,3,10,09,14,320,21,44,36,241,34*73
$GPRMC,113700.000,A,2632.9385,N,07703.2167,W,0.13,272.12,280324,,,D*77
$GPVTG,272.12,T,,M,0.13,N,0.2,K,D*0C
$GPGGA,113705.000,2632.9386,N,07703.2169,W,2,08,1.2,-2.4,M,-33.0,M,1.8,0000*68
$GPGSA,A,3,28,31,27,26,08,04,03,16,,,,,2.5,1.2,2.2*37
$GPGSV,3,1,10,16,74,346,36,04,55,320,43,27,46,152,40,26,43,034,33*79
$GPGSV,3,2,10,31,36,064,35,03,30,240,39,08,22,186,27,28,16,085,26*70
$GPGSV,3,3,10,09,14,320,21,44,36,241,34*73
$GPRMC,113705.000,A,2632.9386,N,07703.2169,W,0.12,283.02,280324,,,D*71
$GPVTG,283.02,T,,M,0.12,N,0.2,K,D*02
$GPGGA,113710.000,2632.9388,N,07703.2169,W,2,08,1.2,-2.4,M,-33.0,M,1.8,0000*62
$GPGSA,A,3,28,31,27,26,08,04,03,16,,,,,2.5,1.2,2.2*37
$GPGSV,3,1,10,16,74,346,36,04,55,320,43,27,46,152,40,26,43,034,27*7C
$GPGSV,3,2,10,31,36,064,35,03,30,240,39,08,22,186,23,28,16,085,31*72
$GPGSV,3,3,10,09,14,320,24,44,36,241,37*75
$GPRMC,113710.000,A,2632.9388,N,07703.2169,W,0.05,33.64,280324,,,D*44
$GPVTG,33.64,T,,M,0.05,N,0.1,K,D*3E
$GPGGA,113715.000,2632.9388,N,07703.2167,W,2,08,1.2,-2.7,M,-33.0,M,2.8,0000*69
$GPGSA,A,3,28,31,27,26,08,04,03,16,,,,,2.5,1.2,2.2*37
$GPGSV,3,1,10,16,74,347,35,04,55,320,43,27,46,152,33,26,43,034,31*7D
$GPGSV,3,2,10,31,36,064,35,03,29,240,39,08,22,185,22,28,16,085,32*7B
$GPGSV,3,3,10,09,14,320,26,44,36,241,39*79
$GPVTG,41.06,T,,M,0.07,N,0.1,K,D*3D
$GPGGA,113720.000,2632.9389,N,07703.2165,W,2,08,1.2,-2.6,M,-33.0,M,1.8,0000*6E
$GPGSA,A,3,28,31,27,26,08,04,03,16,,,,,2.5,1.2,2.1*34
$GPGSV,3,1,10,16,74,347,35,04,55,320,42,27,46,152,27,26,43,034,32*7A
$GPGSV,3,2,10,31,36,064,35,03,29,240,39,08,22,185,26,28,16,085,32*7F
$GPGSV,3,3,10,09,14,320,27,44,36,241,39*78
$GPRMC,113720.000,A,2632.9389,N,07703.2165,W,0.20,49.41,280324,,,D*47
$GPVTG,49.41,T,,M,0.20,N,0.4,K,D*36
$GPGGA,113725.000,2632.9390,N,07703.2163,W,2,08,1.2,-2.2,M,-33.0,M,1.8,0000*61
$GPGSA,A,3,28,31,27,26,08,04,03,16,,,,,2.5,1.2,2.1*34
$GPGSV,3,1,10,16,74,347,35,04,55,320,37,27,46,152,24,26,43,034,33*7A
$GPGSV,3,2,10,31,36,064,37,03,29,240,39,08,22,185,26,28,16,085,32*7D
$GPGSV,3,3,10,09,14,320,20,44,36,241,41*70
$GPRMC,113725.000,A,2632.9390,N,07703.2163,W,0.25,356.67,280324,,,D*70
$GPVTG,356.67,T,,M,0.25,N,0.5,K,D*0B
$GPGGA,113730.000,2632.9391,N,07703.2162,W,2,08,1.2,-1.5,M,-33.0,M,1.8,0000*61
$GPGSA,A,3,28,31,27,26,08,04,03,16,,,,,2.5,1.2,2.1*34
$GPGSV,3,1,10,16,74,347,36,04,55,320,35,27,46,152,19,26,43,034,33*75
$GPGSV,3,2,10,31,36,064,37,03,29,240,39,08,22,185,24,28,16,085,33*7E
$GPGSV,3,3,10,09,14,320,21,44,36,241,41*71
$GPRMC,113730.000,A,2632.9391,N,07703.2162,W,0.21,11.40,280324,,,D*45
$GPVTG,11.40,T,,M,0.21,N,0.4,K,D*3B
$GPGGA,113735.000,2632.9399,N,07703.2166,W,2,08,1.2,-2.9,M,-33.0,M,1.8,0000*67
$GPGSA,A,3,28,31,27,26,08,04,03,16,,,,,2.5,1.2,2.1*34
$GPGSV,3,1,10,16,74,347,36,04,55,320,35,27,46,152,29,26,43,034,34*71
$GPGSV,3,2,10,31,36,064,38,03,29,240,39,08,22,185,25,28,16,085,29*7B
$GPGSV,3,3,10,09,14,320,23,44,36,241,41*73
$GPRMC,113735.000,A,2632.9399,N,07703.2166,W,0.06,154.72,280324,,,D*78
$GPVTG,154.72,T,,M,0.06,N,0.1,K,D*0A
$GPGGA,113740.000,2632.9397,N,07703.2165,W,2,08,1.2,-3.0,M,-33.0,M,4.8,0000*65
$GPGSA,A,3,28,31,27,26,08,04,03,16,,,,,2.5,1.2,2.1*34
$GPGSV,3,1,10,16,74,347,36,04,55,320,35,27,46,152,29,26,43,034,34*71
$GPGSV,3,2,10,31,36,064,39,03,29,240,40,08,22,185,25,28,16,085,30*7C
$GPGSV,3,3,10,09,14,320,24,44,36,241,42*77
$GPRMC,113740.000,A,2632.9397,N,07703.2165,W,0.10,327.35,280324,,,D*75
$GPVTG,327.35,T,,M,0.10,N,0.2,K,D*0B
$GPGGA,113745.000,2632.9396,N,07703.2163,W,2,08,1.2,-3.0,M,-33.0,M,2.8,0000*61
$GPGSA,A,3,28,31,27,26,08,04,03,16,,,,,2.5,1.2,2.1*34
$GPGSV,3,1,10,16,73,348,37,04,55,320,36,27,46,152,29,26,43,034,34*7B
$GPGSV,3,2,10,31,36,064,40,03,29,240,40,08,22,185,24,28,16,085,30*73
$GPGSV,3,3,10,09,14,320,25,44,36,241,42*76
$GPRMC,113745.000,A,2632.9396,N,07703.2163,W,0.06,44.32,280324,,,D*41
$GPGGA,113750.000,2632.9395,N,07703.2160,W,2,08,1.2,-2.1,M,-33.0,M,2.8,0000*65
$GPGSA,A,3,28,31,27,26,08,04,03,16,,,,,2.5,1.2,2.1*34
$GPGSV,3,1,10,16,73,348,37,04,55,320,36,27,46,152,31,26,43,034,33*75
$GPGSV,3,2,10,31,36,064,41,03,29,240,40,08,22,185,25,28,16,085,31*72
$GPGSV,3,3,10,09,14,320,27,44,36,241,41*77
$GPRMC,113750.000,A,2632.9395,N,07703.2160,W,0.22,69.65,280324,,,D*4E
$GPVTG,69.65,T,,M,0.22,N,0.4,K,D*30
$GPGGA,113755.000,2632.9398,N,07703.2158,W,2,08,1.2,-2.5,M,-33.0,M,1.8,0000*61
$GPGSA,A,3,28,31,27,26,08,04,03,16,,,,,2.5,1.2,2.1*34
$GPGSV,3,1,10,16,73,348,37,04,55,320,38,27,46,152,32,26,43,034,33*78
$GPGSV,3,2,10,31,36,064,41,03,29,240,39,08,22,185,21,28,16,085,27*7F
$GPGSV,3,3,10,09,14,320,27,44,36,241,41*77
$GPRMC,113755.000,A,2632.9398,N,07703.2158,W,0.19,105.27,280324,,,D*78
$GPVTG,105.27,T,,M,0.19,N,0.4,K,D*05
$GPGGA,113800.000,2632.9398,N,07703.2156,W,2,09,0.9,-2.5,M,-33.0,M,1.8,0000*6B
$GPGSA,A,3,09,28,31,27,26,08,04,03,16,,,,1.7,0.9,1.4*30
$GPGSV,3,1,10,16,73,348,37,04,55,320,40,27,46,152,33,26,43,034,33*76
$GPGSV,3,2,10,31,36,064,40,03,29,240,39,08,22,185,23,28,16,085,28*73
$GPGSV,3,3,10,09,14,320,28,44,36,241,42*7B
$GPRMC,113800.000,A,2632.9398,N,07703.2156,W,0.03,138.90,280324,,,D*70
$GPVTG,138.90,T,,M,0.03,N,0.1,K,D*09
$GPGGA,113805.000,2632.9396,N,07703.2154,W,2,09,0.9,-2.4,M,-33.0,M,1.8,0000*63
$GPGSA,A,3,09,28,31,27,26,08,04,03,16,,,,1.7,0.9,1.4*30
$GPGSV,3,1,10,16,73,348,38,04,56,320,40,27,46,151,33,26,43,034,32*78
$GPGSV,3,2,10,31,36,064,40,03,29,239,36,08,22,185,23,28,16,085,34*7F
$GPGSV,3,3,10,09,14,320,28,44,36,241,41*78
$GPRMC,113805.000,A,2632.9396,N,07703.2154,W,0.10,155.43,280324,,,D*7E
$GPVTG,155.43,T,,M,0.10,N,0.2,K,D*0D
$GPGGA,113810.000,2632.9394,N,07703.2152,W,2,09,0.9,-2.4,M,-33.0,M,4.8,0000*66
$GPGSA,A,3,09,28,31,27,26,08,04,03,16,,,,1.7,0.9,1.4*30
$GPGSV,3,1,10,16,73,348,38,04,56,320,39,27,46,151,32,26,43,034,32*77
$GPGSV,3,2,10,31,36,064,41,03,29,239,38,08,22,185,24,28,16,085,34*77
$GPGSV,3,3,10,09,14,320,28,44,36,241,41*78
$GPVTG,124.64,T,,M,0.10,N,0.2,K,D*0E
$GPGGA,113815.000,2632.9392,N,07703.2150,W,2,09,0.9,-2.3,M,-33.0,M,2.8,0000*66
$GPGSA,A,3,09,28,31,27,26,08,04,03,16,,,,1.7,0.9,1.4*30
$GPGSV,3,1,10,16,73,348,37,04,56,320,39,27,46,151,31,26,43,034,32*7B
$GPGSV,3,2,10,31,36,064,41,03,29,239,38,08,22,185,24,28,16,085,34*77
$GPGSV,3,3,10,09,14,320,28,44,36,241,41*78
$GPRMC,113815.000,A,2632.9392,N,07703.2150,W,0.15,101.71,280324,,,D*7A
$GPVTG,101.71,T,,M,0.15,N,0.3,K,D*09
$GPGGA,113820.000,2632.9392,N,07703.2148,W,2,09,0.9,-2.2,M,-33.0,M,2.8,0000*68
$GPGSA,A,3,09,28,31,27,26,08,04,03,16,,,,1.7,0.9,1.4*30
$GPGSV,3,1,10,16,73,348,37,04,56,320,39,27,46,151,34,26,43,034,23*7E
$GPGSV,3,2,10,31,36,064,25,03,29,239,39,08,22,185,24,28,16,085,34*74
$GPGSV,3,3,10,09,14,320,28,44,36,241,40*79
$GPRMC,113820.000,A,2632.9392,N,07703.2148,W,0.18,32.65,280324,,,D*4C
$GPVTG,32.65,T,,M,0.18,N,0.3,K,D*30
$GPGGA,113825.000,2632.9390,N,07703.2145,W,2,09,0.9,-2.5,M,-33.0,M,3.8,0000*64
$GPGSA,A,3,09,28,31,27,26,08,04,03,16,,,,1.7,0.9,1.4*30
$GPGSV,3,1,10,16,73,348,40,04,56,320,30,27,46,151,36,26,43,034,38*7F
$GPGSV,3,2,10,31,36,064,44,03,29,239,33,08,22,185,25,28,16,085,33*7F
$GPGSV,3,3,10,09,14,320,18,44,36,241,33*7E
$GPRMC,113825.000,A,2632.9390,N,07703.2145,W,0.20,70.88,280324,,,D*48
$GPVTG,70.88,T,,M,0.20,N,0.4,K,D*39
$GPGGA,113830.000,2632.9385,N,07703.2145,W,2,09,0.9,-3.9,M,-33.0,M,1.8,0000*6B
$GPGSA,A,3,09,28,31,27,26,08,04,03,16,,,,1.7,0.9,1.4*30
$GPGSV,3,1,10,16,73,348,40,04,56,320,32,27,46,151,37,26,43,034,36*72
$GPGSV,3,2,10,31,36,064,42,03,29,239,33,08,22,185,26,28,16,085,33*7A
$GPGSV,3,3,10,09,14,320,16,44,36,241,33*70
$GPRMC,113830.000,A,2632.9385,N,07703.2145,W,0.02,233.99,280324,,,D*7D
$GPVTG,233.99,T,,M,0.02,N,0.0,K,D*08
$GPGGA,113835.000,2632.9383,N,07703.2140,W,2,09,0.9,-2.7,M,-33.0,M,1.8,0000*62
$GPGSA,A,3,09,28,31,27,26,08,04,03,16,,,,1.7,0.9,1.4*30
$GPGSV,3,1,10,16,73,348,39,04,56,320,33,27,46,151,38,26,43,034,31*75
$GPGSV,3,2,10,31,36,064,31,03,29,239,29,08,22,185,33,28,16,085,22*71
$GPGSV,3,3,10,09,14,320,22,44,36,241,31*75
$GPRMC,113835.000,A,2632.9383,N,07703.2140,W,0.10,251.88,280324,,,D*7C
$GPVTG,251.88,T,,M,0.10,N,0.2,K,D*0D
$GPGGA,113840.000,2632.9382,N,07703.2141,W,2,09,0.9,-2.4,M,-33.0,M,1.8,0000*63
$GPGSA,A,3,09,28,31,27,26,08,04,03,16,,,,1.7,0.9,1.5*31
$GPGSV,3,1,10,16,73,348,37,04,56,320,32,27,46,151,38,26,43,034,30*7B
$GPGSV,3,2,10,31,36,064,32,03,29,239,30,08,22,185,32,28,16,085,24*7D
$GPGSV,3,3,10,09,14,320,21,44,36,241,33*74
$GPRMC,113840.000,A,2632.9382,N,07703.2141,W,0.03,314.79,280324,,,D*72
$GPGGA,113845.000,2632.9382,N,07703.2142,W,2,09,0.9,-1.9,M,-33.0,M,2.8,0000*68
$GPGSA,A,3,09,28,31,27,26,08,04,03,16,,,,1.7,0.9,1.5*31
$GPGSV,3,1,10,16,73,349,32,04,56,320,32,27,47,151,38,26,43,034,30*7E
$GPGSV,3,2,10,31,36,065,32,03,29,239,31,08,23,185,32,28,16,085,24*7C
$GPGSV,3,3,10,09,14,320,22,44,36,241,32*76
$GPRMC,113845.000,A,2632.9382,N,07703.2142,W,0.07,6.86,280324,,,D*70
$GPVTG,6.86,T,,M,0.07,N,0.1,K,D*06
$GPGGA,113850.000,2632.9382,N,07703.2142,W,2,09,0.9,0.4,M,-33.0,M,1.8,0000*4E
$GPGSA,A,3,09,28,31,27,26,08,04,03,16,,,,1.7,0.9,1.5*31
$GPGSV,3,1,10,16,73,349,31,04,56,320,34,27,47,151,38,26,43,034,25*7F
$GPGSV,3,2,10,31,36,065,39,03,29,239,31,08,23,185,32,28,16,085,31*73
$GPGSV,3,3,10,09,14,320,22,44,36,241,33*77
$GPRMC,113850.000,A,2632.9382,N,07703.2142,W,0.05,351.36,280324,,,D*7C
$GPVTG,351.36,T,,M,0.05,N,0.1,K,D*0E
$GPGGA,113855.000,2632.9383,N,07703.2138,W,2,09,0.9,3.6,M,-33.0,M,1.8,0000*46
$GPGSA,A,3,09,28,31,27,26,08,04,03,16,,,,1.7,0.9,1.5*31
$GPGSV,3,1,10,16,73,349,30,04,56,320,35,27,47,151,37,26,43,034,32*76
$GPGSV,3,2,10,31,36,065,40,03,29,239,35,08,23,185,28,28,16,085,32*71
$GPGSV,3,3,10,09,14,320,22,44,36,241,35*71
$GPRMC,113855.000,A,2632.9383,N,07703.2138,W,0.05,249.30,280324,,,D*7B
$GPVTG,249.30,T,,M,0.05,N,0.1,K,D*00
$GPGGA,113900.000,2632.9381,N,07703.2136,W,2,09,0.9,6.1,M,-33.0,M,1.8,0000*49
$GPGSA,A,3,09,28,31,27,26,08,04,03,16,,,,1.7,0.9,1.5*31
$GPGSV,3,1,10,16,73,349,30,04,56,320,37,27,47,151,36,26,43,034,32*75
$GPGSV,3,2,10,31,36,065,40,03,29,239,35,08,23,185,30,28,16,085,33*79
$GPGSV,3,3,10,09,14,320,22,44,36,241,35*71
$GPRMC,113900.000,A,2632.9381,N,07703.2136,W,0.12,281.46,280324,,,D*75
$GPVTG,281.46,T,,M,0.12,N,0.2,K,D*00
$GPGGA,113905.000,2632.9380,N,07703.2135,W,2,09,0.9,8.2,M,-33.0,M,1.8,0000*43
$GPGSA,A,3,09,28,31,27,26,08,04,03,16,,,,1.7,0.9,1.5*31
$GPGSV,3,1,10,16,73,349,31,04,56,320,37,27,47,151,37,26,43,034,26*70
$GPGSV,3,2,10,31,36,065,40,03,29,239,36,08,23,185,30,28,16,085,33*7A
$GPRMC,113905.000,A,2632.9380,N,07703.2135,W,0.10,243.13,280324,,,D*7E
$GPVTG,243.13,T,,M,0.10,N,0.2,K,D*0C
$GPGGA,113910.000,2632.9379,N,07703.2135,W,2,09,0.9,9.3,M,-33.0,M,5.8,0000*45
$GPGSA,A,3,09,28,31,27,26,08,04,03,16,,,,1.7,0.9,1.5*31
$GPGSV,3,1,10,16,73,349,31,04,56,320,37,27,47,151,36,26,43,034,29*7E
$GPGSV,3,2,10,31,36,065,41,03,29,239,36,08,23,185,31,28,16,085,33*7A
$GPGSV,3,3,10,09,14,320,24,44,36,241,36*74
$GPRMC,113910.000,A,2632.9379,N,07703.2135,W,0.13,267.35,280324,,,D*7D
$GPVTG,267.35,T,,M,0.13,N,0.2,K,D*0D
$GPGGA,113915.000,2632.9377,N,07703.2135,W,2,09,0.9,10.5,M,-33.0,M,3.8,0000*76
$GPGSA,A,3,09,28,31,27,26,08,04,03,16,,,,1.7,0.9,1.5*31
$GPGSV,3,1,10,16,73,349,31,04,56,320,37,27,47,151,36,26,42,034,30*77
$GPGSV,3,2,10,31,36,065,41,03,29,239,36,08,23,185,31,28,16,086,33*79
$GPGSV,3,3,10,09,15,320,24,44,36,241,34*77
$GPRMC,113915.000,A,2632.9377,N,07703.2135,W,0.13,222.62,280324,,,D*75
$GPVTG,222.62,T,,M,0.13,N,0.2,K,D*0E
$GPGGA,113920.000,2632.9377,N,07703.2136,W,2,09,0.9,11.0,M,-33.0,M,1.8,0000*75
$GPGSA,A,3,09,28,31,27,26,08,04,03,16,,,,1.7,0.9,1.5*31
$GPGSV,3,1,10,16,73,349,32,04,56,320,36,27,47,151,36,26,42,034,31*74
$GPGSV,3,2,10,31,36,065,41,03,29,239,36,08,23,185,31,28,16,086,33*79
$GPGSV,3,3,10,09,15,320,24,44,36,241,33*70
$GPRMC,113920.000,A,2632.9377,N,07703.2136,W,0.13,303.73,280324,,,D*72
$GPVTG,303.73,T,,M,0.13,N,0.2,K,D*0C
$GPGGA,113925.000,2632.9376,N,07703.2136,W,2,09,0.9,11.3,M,-33.0,M,1.8,0000*72
$GPGSA,A,3,09,28,31,27,26,08,04,03,16,,,,1.7,0.9,1.5*31
$GPGSV,3,1,10,16,73,349,32,04,56,320,36,27,47,151,35,26,42,034,32*74
$GPGSV,3,2,10,31,36,065,41,03,29,239,35,08,23,185,31,28,16,086,32*7B
$GPGSV,3,3,10,09,15,320,25,44,36,241,33*71
$GPRMC,113925.000,A,2632.9376,N,07703.2136,W,0.08,246.60,280324,,,D*7E
$GPVTG,246.60,T,,M,0.08,N,0.1,K,D*07
$GPGGA,113930.000,2632.9376,N,07703.2137,W,2,09,0.9,11.7,M,-33.0,M,1.8,0000*73
$GPGSA,A,3,09,28,31,27,26,08,04,03,16,,,,1.7,0.9,1.5*31
$GPGSV,3,1,10,16,73,349,32,04,56,320,35,27,47,151,36,26,42,034,32*74
$GPGSV,3,2,10,31,36,065,40,03,29,239,35,08,23,185,32,28,16,086,32*79
$GPGSV,3,3,10,09,15,320,25,44,36,241,32*70
$GPRMC,113930.000,A,2632.9376,N,07703.2137,W,0.06,345.76,280324,,,D*70
$GPVTG,345.76,T,,M,0.06,N,0.1,K,D*0C
$GPGGA,113935.000,2632.9376,N,07703.2137,W,2,09,0.9,11.6,M,-33.0,M,1.8,0000*77
$GPGSA,A,3,09,28,31,27,26,08,04,03,16,,,,1.7,0.9,1.5*31
$GPGSV,3,1,10,16,73,349,32,04,56,320,35,27,47,151,36,26,42,034,32*74
$GPGSV,3,2,10,31,36,065,40,03,29,239,34,08,23,185,32,28,16,086,32*78
$GPGSV,3,3,10,09,15,320,25,44,36,241,34*76
$GPVTG,315.68,T,,M,0.09,N,0.2,K,D*0A
$GPGGA,113940.000,2632.9376,N,07703.2137,W,2,09,0.9,11.8,M,-33.0,M,2.8,0000*78
$GPGSA,A,3,09,28,31,27,26,08,04,03,16,,,,1.7,0.9,1.5*31
$GPGSV,3,1,10,16,73,349,32,04,56,320,35,27,47,151,35,26,42,034,32*77
$GPGSV,3,2,10,31,36,065,40,03,29,239,34,08,23,185,32,28,16,086,32*78
$GPGSV,3,3,10,09,15,320,25,44,36,241,34*76
$GPRMC,113940.000,A,2632.9376,N,07703.2137,W,0.06,317.55,280324,,,D*71
$GPVTG,317.55,T,,M,0.06,N,0.1,K,D*0A
$GPGGA,113945.000,2632.9377,N,07703.2137,W,2,09,0.9,11.7,M,-33.0,M,3.8,0000*72
$GPGSA,A,3,09,28,31,27,26,08,04,03,16,,,,1.7,0.9,1.5*31
$GPGSV,3,1,10,16,73,350,32,04,56,319,35,27,47,151,35,26,42,034,32*75
$GPGSV,3,2,10,31,36,065,40,03,29,239,33,08,23,185,32,28,15,086,32*7C
$GPGSV,3,3,10,09,15,320,25,44,36,241,33*71
$GPRMC,113945.000,A,2632.9377,N,07703.2137,W,0.06,46.76,280324,,,D*43
$GPVTG,46.76,T,,M,0.06,N,0.1,K,D*3C
$GPGGA,113950.000,2632.9379,N,07703.2138,W,2,09,0.9,11.2,M,-33.0,M,8.8,0000*79
$GPGSA,A,3,09,28,31,27,26,08,04,03,16,,,,1.7,0.9,1.5*31
$GPGSV,3,1,10,16,73,350,32,04,56,319,34,27,47,151,35,26,42,034,32*74
$GPGSV,3,2,10,31,36,065,40,03,29,239,34,08,23,185,32,28,15,086,32*7B
$GPGSV,3,3,10,09,15,320,22,44,36,241,32*77
$GPRMC,113950.000,A,2632.9379,N,07703.2138,W,0.09,349.70,280324,,,D*73
$GPVTG,349.70,T,,M,0.09,N,0.2,K,D*0A
$GPGGA,113955.000,2632.9379,N,07703.2138,W,2,09,0.9,11.0,M,-33.0,M,13.8,0000*44
$GPGSA,A,3,09,28,31,27,26,08,04,03,16,,,,1.7,0.9,1.5*31
$GPGSV,3,1,10,16,73,350,32,04,56,319,34,27,47,151,35,26,42,034,32*74
$GPGSV,3,2,10,31,36,065,40,03,29,239,34,08,23,185,33,28,15,086,32*7A
$GPGSV,3,3,10,09,15,320,22,44,36,241,33*76
$GPRMC,113955.000,A,2632.9379,N,07703.2138,W,0.15,96.33,280324,,,D*4D
$GPVTG,96.33,T,,M,0.15,N,0.3,K,D*30
$GPGGA,114000.000,2632.9378,N,07703.2136,W,2,09,0.9,11.1,M,-33.0,M,1.8,0000*77
$GPGSA,A,3,09,28,31,27,26,08,04,03,16,,,,1.7,0.9,1.5*31
$GPGSV,3,1,10,16,73,350,32,04,56,319,35,27,47,151,35,26,42,034,31*76
$GPGSV,3,2,10,31,36,065,41,03,29,239,35,08,23,185,32,28,15,086,32*7B
$GPGSV,3,3,10,09,15,320,23,44,36,241,36*72
$GPRMC,114000.000,A,2632.9378,N,07703.2136,W,0.06,52.85,280324,,,D*4B
$GPVTG,52.85,T,,M,0.06,N,0.1,K,D*35
$GPGGA,114005.000,2632.9379,N,07703.2135,W,2,09,0.9,11.1,M,-33.0,M,1.8,0000*70
$GPGSA,A,3,09,28,31,27,26,08,04,03,16,,,,1.7,0.9,1.5*31
$GPGSV,3,1,10,16,73,350,32,04,56,319,36,27,47,151,36,26,42,034,31*76
$GPGSV,3,2,10,31,36,065,41,03,29,239,35,08,23,185,33,28,15,086,33*7B
$GPGSV,3,3,10,09,15,320,22,44,36,241,35*70
$GPRMC,114005.000,A,2632.9379,N,07703.2135,W,0.06,41.22,280324,,,D*43
$GPGGA,114010.000,2632.9381,N,07703.2137,W,2,09,0.9,10.6,M,-33.0,M,1.8,0000*77
$GPGSA,A,3,09,28,31,27,26,08,04,03,16,,,,1.7,0.9,1.5*31
$GPGSV,3,1,10,16,73,350,31,04,56,319,37,27,47,151,37,26,42,034,31*75
$GPGSV,3,2,10,31,36,065,34,03,29,239,35,08,23,185,33,28,15,086,33*79
$GPGSV,3,3,10,09,15,320,23,44,36,241,35*71
$GPRMC,114010.000,A,2632.9381,N,07703.2137,W,0.22,312.49,280324,,,D*7C
$GPVTG,312.49,T,,M,0.22,N,0.4,K,D*01
$GPGGA,114015.000,2632.9380,N,07703.2139,W,2,09,0.9,10.6,M,-33.0,M,2.8,0000*7E
$GPGSA,A,3,09,28,31,27,26,08,04,03,16,,,,1.7,0.9,1.5*31
$GPGSV,3,1,10,16,72,351,32,04,57,319,37,27,47,151,37,26,42,034,32*74
$GPGSV,3,2,10,31,36,065,34,03,29,238,35,08,23,185,33,28,15,086,33*78
$GPGSV,3,3,10,09,15,320,23,44,36,241,35*71
$GPRMC,114015.000,A,2632.9380,N,07703.2139,W,0.13,262.70,280324,,,D*78
$GPVTG,262.70,T,,M,0.13,N,0.2,K,D*09
$GPGGA,114020.000,2632.9379,N,07703.2140,W,2,09,0.9,10.3,M,-33.0,M,1.8,0000*76
$GPGSA,A,3,09,28,31,27,26,08,04,03,16,,,,1.7,0.9,1.5*31
$GPGSV,3,1,10,16,72,351,31,04,57,319,38,27,47,151,36,26,42,034,33*78
$GPGSV,3,2,10,31,36,065,33,03,29,238,35,08,23,185,33,28,15,086,32*7E
$GPGSV,3,3,10,09,15,320,26,44,36,241,34*75
$GPRMC,114020.000,A,2632.9379,N,07703.2140,W,0.08,208.35,280324,,,D*71
$GPVTG,208.35,T,,M,0.08,N,0.1,K,D*0D
$GPGGA,114025.000,2632.9377,N,07703.2142,W,2,09,0.9,10.1,M,-33.0,M,1.8,0000*7D
$GPGSA,A,3,09,28,31,27,26,08,04,03,16,,,,1.7,0.9,1.5*31
$GPGSV,3,1,10,16,72,351,31,04,57,319,38,27,47,151,36,26,42,034,34*7F
$GPGSV,3,2,10,31,36,065,33,03,29,238,34,08,23,185,32,28,15,086,32*7E
$GPGSV,3,3,10,09,15,320,25,44,36,241,35*77
$GPRMC,114025.000,A,2632.9377,N,07703.2142,W,0.17,277.12,280324,,,D*7B
$GPVTG,277.12,T,,M,0.17,N,0.3,K,D*0C
$GPGGA,114030.000,2632.9376,N,07703.2144,W,2,09,0.9,10.1,M,-33.0,M,1.8,0000*7E
$GPGSA,A,3,09,28,31,27,26,08,04,03,16,,,,1.7,0.9,1.5*31
$GPGSV,3,1,10,16,72,351,31,04,57,319,38,27,47,151,36,26,42,034,34*7F
$GPGSV,3,2,10,31,36,065,33,03,29,238,34,08,23,185,32,28,15,086,32*7E
$GPRMC,114030.000,A,2632.9376,N,07703.2144,W,0.18,280.48,280324,,,D*70
$GPVTG,280.48,T,,M,0.18,N,0.3,K,D*04
$GPGGA,114035.000,2632.9376,N,07703.2147,W,2,09,0.9,9.7,M,-33.0,M,1.8,0000*46
$GPGSA,A,3,09,28,31,27,26,08,04,03,16,,,,1.7,0.9,1.5*31
$GPGSV,3,1,10,16,72,351,32,04,57,319,39,27,47,151,36,26,42,034,34*7D
$GPGSV,3,2,10,31,36,065,33,03,29,238,34,08,23,185,32,28,15,086,32*7E
$GPGSV,3,3,10,09,15,320,21,44,36,241,34*72
$GPRMC,114035.000,A,2632.9376,N,07703.2147,W,0.09,243.90,280324,,,D*7C
$GPVTG,243.90,T,,M,0.09,N,0.2,K,D*0F
$GPGGA,114040.000,2632.9376,N,07703.2149,W,2,09,0.9,9.1,M,-33.0,M,4.8,0000*49
$GPGSA,A,3,09,28,31,27,26,08,04,03,16,,,,1.7,0.9,1.5*31
$GPGSV,3,1,10,16,72,351,31,04,57,319,39,27,47,151,36,26,42,034,35*7F
$GPGSV,3,2,10,31,36,065,33,03,29,238,34,08,23,185,32,28,15,086,31*7D
$GPGSV,3,3,10,09,15,320,22,44,36,241,34*71
$GPRMC,114040.000,A,2632.9376,N,07703.2149,W,0.05,196.40,280324,,,D*7A
$GPVTG,196.40,T,,M,0.05,N,0.1,K,D*06
$GPGGA,114045.000,2632.9375,N,07703.2149,W,2,09,0.9,8.8,M,-33.0,M,3.8,0000*40
$GPGSA,A,3,09,28,31,27,26,08,04,03,16,,,,1.7,0.9,1.5*31
$GPGSV,3,1,10,16,72,351,32,04,57,319,39,27,48,150,36,26,42,034,35*72
$GPGSV,3,2,10,31,36,066,40,03,28,238,34,08,24,185,32,28,15,086,32*7F
$GPGSV,3,3,10,09,15,320,25,44,36,241,35*77
$GPRMC,114045.000,A,2632.9375,N,07703.2149,W,0.03,270.45,280324,,,D*74
$GPVTG,270.45,T,,M,0.03,N,0.1,K,D*0E
$GPGGA,114050.000,2632.9374,N,07703.2149,W,2,09,0.9,8.5,M,-33.0,M,2.8,0000*49
$GPGSA,A,3,09,28,31,27,26,08,04,03,16,,,,1.7,0.9,1.5*31
$GPGSV,3,1,10,16,72,351,32,04,57,319,38,27,48,150,37,26,42,034,35*72
$GPGSV,3,2,10,31,36,066,40,03,28,238,34,08,24,185,33,28,15,086,32*7E
$GPGSV,3,3,10,09,15,320,23,44,36,241,35*71
$GPRMC,114050.000,A,2632.9374,N,07703.2149,W,0.09,101.42,280324,,,D*79
$GPVTG,101.42,T,,M,0.09,N,0.2,K,D*05
$GPGGA,114055.000,2632.9374,N,07703.2148,W,2,09,0.9,7.3,M,-33.0,M,1.8,0000*47
$GPGSA,A,3,09,28,31,27,26,08,04,03,16,,,,1.7,0.9,1.5*31
$GPGSV,3,1,10,16,72,351,33,04,57,319,37,27,48,150,37,26,42,034,35*7C
$GPGSV,3,2,10,31,36,066,39,03,28,238,33,08,24,185,34,28,15,086,32*70
$GPGSV,3,3,10,09,15,320,24,44,36,241,33*70
$GPRMC,114055.000,A,2632.9374,N,07703.2148,W,0.08,59.67,280324,,,D*47
$GPVTG,59.67,T,,M,0.08,N,0.2,K,D*3F
$GPGGA,114100.000,2632.9374,N,07703.2145,W,2,09,0.9,5.5,M,-33.0,M,1.8,0000*4F
$GPGSA,A,3,09,28,31,27,26,08,04,03,16,,,,1.7,0.9,1.5*31
$GPGSV,3,1,10,16,72,351,35,04,57,319,32,27,48,150,37,26,42,034,36*7C
$GPGSV,3,2,10,31,36,066,39,03,28,238,33,08,24,185,33,28,15,086,32*77
$GPGSV,3,3,10,09,15,320,24,44,36,241,34*77
$GPVTG,5.03,T,,M,0.22,N,0.4,K,D*0A
$GPGGA,114105.000,2632.9374,N,07703.2142,W,2,09,0.9,4.2,M,-33.0,M,1.8,0000*4B
$GPGSA,A,3,09,28,31,27,26,08,04,03,16,,,,1.7,0.9,1.5*31
$GPGSV,3,1,10,16,72,351,35,04,57,319,33,27,48,150,37,26,42,034,39*72
$GPGSV,3,2,10,31,36,066,39,03,28,238,33,08,24,185,34,28,15,086,31*73
$GPGSV,3,3,10,09,15,320,24,44,36,241,32*71
$GPRMC,114105.000,A,2632.9374,N,07703.2142,W,0.19,58.83,280324,,,D*42
$GPVTG,58.83,T,,M,0.19,N,0.3,K,D*35
$GPGGA,114110.000,2632.9374,N,07703.2138,W,2,09,0.9,3.8,M,-33.0,M,5.8,0000*4B
$GPGSA,A,3,09,28,31,27,26,08,04,03,16,,,,1.7,0.9,1.5*31
$GPGSV,3,1,10,16,72,351,36,04,57,319,33,27,48,150,37,26,42,034,40*7F
$GPGSV,3,2,10,31,36,066,40,03,28,238,32,08,24,185,33,28,15,086,31*7B
$GPGSV,3,3,10,09,15,320,18,44,36,241,32*7E
$GPRMC,114110.000,A,2632.9374,N,07703.2138,W,0.22,46.21,280324,,,D*44
$GPVTG,46.21,T,,M,0.22,N,0.4,K,D*3D
$GPGGA,114115.000,2632.9376,N,07703.2134,W,2,09,0.9,3.5,M,-33.0,M,3.8,0000*4B
$GPGSA,A,3,09,28,31,27,26,08,04,03,16,,,,1.7,0.9,1.5*31
$GPGSV,3,1,10,16,72,352,37,04,57,319,34,27,48,150,37,26,42,035,40*7B
$GPGSV,3,2,10,31,36,066,41,03,28,238,31,08,24,185,33,09,15,320,18*7E
$GPGSV,3,3,10,28,15,086,30,44,36,241,32*78
$GPRMC,114115.000,A,2632.9376,N,07703.2134,W,0.34,77.01,280324,,,D*48
$GPVTG,77.01,T,,M,0.34,N,0.6,K,D*38
$GPGGA,114120.000,2632.9376,N,07703.2133,W,2,09,0.9,2.9,M,-33.0,M,1.8,0000*45
$GPGSA,A,3,09,28,31,27,26,08,04,03,16,,,,1.7,0.9,1.5*31
$GPGSV,3,1,10,16,72,352,37,04,57,319,35,27,48,150,37,26,42,035,40*7A
$GPGSV,3,2,10,31,36,066,41,03,28,238,31,08,24,185,32,09,15,320,18*7F
$GPGSV,3,3,10,28,15,086,30,44,36,241,33*79
$GPRMC,114120.000,A,2632.9376,N,07703.2133,W,0.08,216.27,280324,,,D*77
$GPVTG,216.27,T,,M,0.08,N,0.1,K,D*01
$GPGGA,114125.000,2632.9375,N,07703.2134,W,2,09,0.9,1.8,M,-33.0,M,1.8,0000*46
$GPGSA,A,3,09,28,31,27,26,08,04,03,16,,,,1.7,0.9,1.5*31
$GPGSV,3,1,10,16,72,352,37,04,57,319,35,27,48,150,36,26,42,035,40*7B
$GPGSV,3,2,10,31,36,066,41,03,28,238,27,08,24,185,33,09,15,320,17*76
$GPRMC,114125.000,A,2632.9375,N,07703.2134,W,0.03,304.31,280324,,,D*78
$GPVTG,304.31,T,,M,0.03,N,0.1,K,D*0F
$GPGGA,114130.000,2632.9375,N,07703.2133,W,2,09,0.9,1.2,M,-33.0,M,1.8,0000*4F
$GPGSA,A,3,09,28,31,27,26,08,04,03,16,,,,1.7,0.9,1.5*31
$GPGSV,3,1,10,16,72,352,37,04,57,319,35,27,48,150,37,26,42,035,40*7A
$GPGSV,3,2,10,31,36,066,41,03,28,238,28,08,24,185,33,09,15,320,17*79
$GPGSV,3,3,10,28,15,086,27,44,36,241,29*74
$GPRMC,114130.000,A,2632.9375,N,07703.2133,W,0.18,80.04,280324,,,D*48
$GPVTG,80.04,T,,M,0.18,N,0.3,K,D*3E
$GPGGA,114135.000,2632.9375,N,07703.2129,W,2,09,0.9,1.1,M,-33.0,M,1.8,0000*42
$GPGSA,A,3,09,28,31,27,26,08,04,03,16,,,,1.7,0.9,1.5*31
$GPGSV,3,1,10,16,72,352,37,04,57,319,35,27,48,150,37,26,42,035,39*74
$GPGSV,3,2,10,31,36,066,41,03,28,238,29,08,24,185,33,09,15,320,18*77
$GPGSV,3,3,10,28,15,086,28,44,36,241,28*7A
$GPRMC,114135.000,A,2632.9375,N,07703.2129,W,0.22,21.34,280324,,,D*47
$GPVTG,21.34,T,,M,0.22,N,0.4,K,D*38
$GPGGA,114140.000,2632.9378,N,07703.2129,W,2,09,0.9,0.3,M,-33.0,M,2.8,0000*4D
$GPGSA,A,3,09,28,31,27,26,08,04,03,16,,,,1.7,0.9,1.5*31
$GPGSV,3,1,10,16,72,352,37,04,57,319,34,27,48,150,37,26,42,035,39*75
$GPGSV,3,2,10,31,36,066,41,03,28,238,30,08,24,185,33,09,15,320,18*7F
$GPGSV,3,3,10,28,15,086,28,44,36,241,29*7B
$GPRMC,114140.000,A,2632.9378,N,07703.2129,W,0.26,347.25,280324,,,D*7F
$GPVTG,347.25,T,,M,0.26,N,0.5,K,D*0E
$GPGGA,114145.000,2632.9378,N,07703.2128,W,2,09,0.9,0.6,M,-33.0,M,3.8,0000*4D
$GPGSA,A,3,09,28,31,27,26,08,04,03,16,,,,1.7,0.9,1.5*31
$GPGSV,3,1,10,16,72,352,37,04,57,319,34,27,48,150,37,26,41,035,39*76
$GPGSV,3,2,10,31,36,066,40,03,28,238,31,08,24,185,33,09,16,320,17*73
$GPGSV,3,3,10,28,15,087,33,44,36,241,33*7B
$GPRMC,114145.000,A,2632.9378,N,07703.2128,W,0.17,130.27,280324,,,D*79
$GPVTG,130.27,T,,M,0.17,N,0.3,K,D*0A
$GPGGA,114150.000,2632.9376,N,07703.2128,W,2,09,0.9,0.7,M,-33.0,M,2.8,0000*47
$GPGSA,A,3,09,28,31,27,26,08,04,03,16,,,,1.7,0.9,1.5*31
$GPGSV,3,1,10,16,72,352,37,04,57,319,34,27,48,150,37,26,41,035,39*76
$GPGSV,3,2,10,31,36,066,40,03,28,238,31,08,24,185,33,09,16,320,25*72
$GPGSV,3,3,10,28,15,087,32,44,36,241,34*7D
$GPRMC,114150.000,A,2632.9376,N,07703.2128,W,0.11,145.49,280324,,,D*7F
$GPVTG,145.49,T,,M,0.11,N,0.2,K,D*07
$GPGGA,114155.000,2632.9377,N,07703.2127,W,2,09,0.9,0.6,M,-33.0,M,0.8,0000*4F
$GPGSA,A,3,09,28,31,27,26,08,04,03,16,,,,1.7,0.9,1.5*31
$GPGSV,3,1,10,16,72,352,36,04,57,319,33,27,48,150,37,26,41,035,30*79
$GPGSV,3,2,10,31,36,066,40,03,28,238,32,08,24,185,34,09,16,320,19*79
$GPGSV,3,3,10,28,15,087,32,44,36,241,34*7D
$GPVTG,6.69,T,,M,0.12,N,0.2,K,D*00
$GPGGA,114200.000,2632.9378,N,07703.2125,W,2,09,0.9,0.5,M,-33.0,M,1.8,0000*43
$GPGSA,A,3,09,28,31,27,26,08,04,03,16,,,,1.7,0.9,1.5*31
$GPGSV,3,1,10,16,72,352,35,04,57,319,34,27,48,150,37,26,41,035,33*7E
$GPGSV,3,2,10,31,36,066,40,03,28,238,32,08,24,185,34,09,16,320,21*72
$GPGSV,3,3,10,28,15,087,32,44,36,241,33*7A
$GPRMC,114200.000,A,2632.9378,N,07703.2125,W,0.13,26.17,280324,,,D*47
$GPVTG,26.17,T,,M,0.13,N,0.2,K,D*3A
$GPGGA,114205.000,2632.9378,N,07703.2122,W,2,09,0.9,0.8,M,-33.0,M,1.8,0000*4C
$GPGSA,A,3,09,28,31,27,26,08,04,03,16,,,,1.7,0.9,1.5*31
$GPGSV,3,1,10,16,72,352,35,04,57,319,34,27,48,150,39,26,41,035,37*74
$GPGSV,3,2,10,31,36,066,40,03,28,238,31,08,24,185,34,09,16,320,21*71
$GPGSV,3,3,10,28,15,087,31,44,36,241,32*78
$GPRMC,114205.000,A,2632.9378,N,07703.2122,W,0.10,319.07,280324,,,D*78
$GPVTG,319.07,T,,M,0.10,N,0.2,K,D*07
$GPGGA,114210.000,2632.9377,N,07703.2121,W,2,09,0.9,0.6,M,-33.0,M,2.8,0000*49
$GPGSA,A,3,09,28,31,27,26,08,04,03,16,,,,1.7,0.9,1.5*31
$GPGSV,3,1,10,16,72,352,35,04,57,319,34,27,48,150,39,26,41,035,37*74
$GPGSV,3,2,10,31,36,066,40,03,28,238,31,08,24,185,35,09,16,320,18*7A
$GPGSV,3,3,10,28,15,087,32,44,36,241,33*7A
$GPRMC,114210.000,A,2632.9377,N,07703.2121,W,0.23,146.17,280324,,,D*79
$GPVTG,146.17,T,,M,0.23,N,0.4,K,D*08
$GPGGA,114215.000,2632.9376,N,07703.2120,W,2,09,0.9,0.4,M,-33.0,M,3.8,0000*4F
$GPGSA,A,3,09,28,31,27,26,08,04,03,16,,,,1.7,0.9,1.5*31
$GPGSV,3,1,10,16,72,352,34,04,57,319,35,27,48,150,39,26,41,035,37*74
$GPGSV,3,2,10,31,36,066,40,03,28,238,32,08,24,185,35,09,16,320,20*72
$GPGSV,3,3,10,28,15,087,30,44,36,241,34*7F
$GPRMC,114215.000,A,2632.9376,N,07703.2120,W,0.15,113.39,280324,,,D*75
$GPVTG,113.39,T,,M,0.15,N,0.3,K,D*06
$GPGGA,114220.000,2632.9376,N,07703.2119,W,2,09,0.9,0.4,M,-33.0,M,2.8,0000*42
$GPGSA,A,3,09,28,31,27,26,08,04,03,16,,,,1.7,0.9,1.5*31
$GPGSV,3,1,10,16,72,352,29,04,57,319,36,27,48,150,40,26,41,035,38*7A
$GPGSV,3,2,10,31,36,066,38,03,28,238,32,08,24,185,36,09,16,320,24*7A
$GPRMC,114220.000,A,2632.9376,N,07703.2119,W,0.12,338.92,280324,,,D*74
$GPVTG,338.92,T,,M,0.12,N,0.2,K,D*0A
$GPGGA,114225.000,2632.9377,N,07703.2118,W,2,09,0.9,0.3,M,-33.0,M,1.8,0000*43
$GPGSA,A,3,09,28,31,27,26,08,04,03,16,,,,1.7,0.9,1.5*31
$GPGSV,3,1,10,16,72,352,30,04,57,319,36,27,48,150,40,26,41,035,37*7D
$GPGSV,3,2,10,31,36,066,40,03,28,238,33,08,24,185,35,09,16,320,25*76
$GPGSV,3,3,10,28,15,087,30,44,36,241,35*7E
$GPRMC,114225.000,A,2632.9377,N,07703.2118,W,0.11,348.71,280324,,,D*78
$GPVTG,348.71,T,,M,0.11,N,0.2,K,D*03
$GPGGA,114230.000,2632.9377,N,07703.2118,W,2,09,0.9,0.4,M,-33.0,M,1.8,0000*40
$GPGSA,A,3,09,28,31,27,26,08,04,03,16,,,,1.7,0.9,1.5*31
$GPGSV,3,1,10,16,72,352,30,04,57,319,36,27,48,150,40,26,41,035,37*7D
$GPGSV,3,2,10,31,36,066,40,03,28,238,33,08,24,185,35,09,16,320,25*76
$GPGSV,3,3,10,28,15,087,30,44,36,241,33*78
$GPRMC,114230.000,A,2632.9377,N,07703.2118,W,0.07,310.13,280324,,,D*72
$GPVTG,310.13,T,,M,0.07,N,0.1,K,D*0E
$GPGGA,114235.000,2632.9376,N,07703.2117,W,2,09,0.9,0.8,M,-33.0,M,1.8,0000*47
$GPGSA,A,3,09,28,31,27,26,08,04,03,16,,,,1.7,0.9,1.5*31
$GPGSV,3,1,10,16,72,352,29,04,57,319,36,27,48,150,39,26,41,035,37*7B
$GPGSV,3,2,10,31,36,066,41,03,28,238,34,08,24,185,35,09,16,320,20*75
$GPGSV,3,3,10,28,15,087,30,44,36,241,36*7D
$GPRMC,114235.000,A,2632.9376,N,07703.2117,W,0.14,122.06,280324,,,D*7C
$GPVTG,122.06,T,,M,0.14,N,0.3,K,D*09
$GPGGA,114240.000,2632.9375,N,07703.2117,W,2,09,0.9,0.7,M,-33.0,M,4.8,0000*4C
$GPGSA,A,3,09,28,31,27,26,08,04,03,16,,,,1.7,0.9,1.5*31
$GPGSV,3,1,10,16,72,352,30,04,57,319,36,27,48,150,39,26,41,035,36*72
$GPGSV,3,2,10,31,36,066,41,03,28,238,34,08,24,185,35,09,16,320,25*70
$GPGSV,3,3,10,28,15,087,30,44,36,241,36*7D
$GPRMC,114240.000,A,2632.9375,N,07703.2117,W,0.09,205.65,280324,,,D*72
$GPVTG,205.65,T,,M,0.09,N,0.2,K,D*07
$GPGGA,114245.000,2632.9374,N,07703.2118,W,2,09,0.9,0.6,M,-33.0,M,3.8,0000*41
$GPGSA,A,3,09,28,31,27,26,08,04,03,16,,,,1.7,0.9,1.5*31
$GPGSV,3,1,10,16,72,352,30,04,57,319,37,27,48,150,39,26,41,035,37*72
$GPGSV,3,2,10,31,36,066,41,03,28,238,34,08,24,185,35,09,16,320,26*73
$GPGSV,3,3,10,28,15,087,31,44,36,241,34*7E
$GPRMC,114245.000,A,2632.9374,N,07703.2118,W,0.09,228.66,280324,,,D*75
$GPVTG,228.66,T,,M,0.09,N,0.2,K,D*0B
$GPGGA,114250.000,2632.9373,N,07703.2118,W,2,09,0.9,0.6,M,-33.0,M,1.8,0000*40
$GPGSA,A,3,09,28,31,27,26,08,04,03,16,,,,1.7,0.9,1.5*31
$GPGSV,3,1,10,16,72,352,30,04,57,319,37,27,48,150,39,26,41,035,37*72
$GPGSV,3,2,10,31,36,066,41,03,28,238,33,08,24,185,35,09,16,320,26*74
$GPGSV,3,3,10,28,15,087,32,44,36,241,35*7C
$GPVTG,206.20,T,,M,0.08,N,0.2,K,D*04
$GPGGA,114255.000,2632.9372,N,07703.2118,W,2,09,0.9,0.6,M,-33.0,M,1.8,0000*44
$GPGSA,A,3,09,28,31,27,26,08,04,03,16,,,,1.7,0.9,1.5*31
$GPGSV,3,1,10,16,72,352,30,04,57,319,37,27,48,150,39,26,41,035,37*72
$GPGSV,3,2,10,31,36,066,41,03,28,238,33,08,24,185,35,09,16,320,27*75
$GPGSV,3,3,10,28,15,087,31,44,36,241,36*7C
$GPRMC,114255.000,A,2632.9372,N,07703.2118,W,0.06,197.05,280324,,,D*7F
$GPVTG,197.05,T,,M,0.06,N,0.1,K,D*05
$GPGGA,114300.000,2632.9370,N,07703.2118,W,2,09,0.9,0.5,M,-33.0,M,1.8,0000*44
$GPGSA,A,3,09,28,31,27,26,08,04,03,16,,,,1.7,0.9,1.5*31
$GPGSV,3,1,10,16,72,352,30,04,57,319,37,27,48,150,39,26,41,035,37*72
$GPGSV,3,2,10,31,36,066,40,03,28,238,33,08,24,185,35,09,16,320,28*7B
$GPGSV,3,3,10,28,15,087,30,44,36,241,36*7D
$GPRMC,114300.000,A,2632.9370,N,07703.2118,W,0.11,128.73,280324,,,D*7F
$GPVTG,128.73,T,,M,0.11,N,0.2,K,D*05
$GPGGA,114305.000,2632.9370,N,07703.2116,W,2,09,0.9,0.3,M,-33.0,M,1.8,0000*49
$GPGSA,A,3,09,28,31,27,26,08,04,03,16,,,,1.7,0.9,1.5*31
$GPGSV,3,1,10,16,72,352,30,04,57,319,37,27,48,150,39,26,41,035,38*7D
$GPGSV,3,2,10,31,36,066,40,03,28,238,33,08,24,185,35,09,16,320,27*74
$GPGSV,3,3,10,28,15,087,30,44,36,241,36*7D
$GPRMC,114305.000,A,2632.9370,N,07703.2116,W,0.18,336.99,280324,,,D*74
$GPVTG,336.99,T,,M,0.18,N,0.3,K,D*04
$GPGGA,114310.000,2632.9371,N,07703.2115,W,2,09,0.9,0.0,M,-33.0,M,4.8,0000*49
$GPGSA,A,3,09,28,31,27,26,08,04,03,16,,,,1.7,0.9,1.5*31
$GPGSV,3,1,10,16,72,352,30,04,57,319,37,27,48,150,39,26,41,035,38*7D
$GPGSV,3,2,10,31,36,066,40,03,28,238,33,08,24,185,35,09,16,320,26*75
$GPGSV,3,3,10,28,15,087,30,44,36,241,36*7D
$GPRMC,114310.000,A,2632.9371,N,07703.2115,W,0.11,15.73,280324,,,D*4D
$GPVTG,15.73,T,,M,0.11,N,0.2,K,D*3A
$GPGGA,114315.000,2632.9372,N,07703.2114,W,2,09,0.9,-0.1,M,-33.0,M,3.8,0000*65
$GPGSA,A,3,09,28,31,27,26,08,04,03,16,,,,1.7,0.9,1.5*31
$GPGSV,3,1,10,16,72,352,30,04,57,319,37,27,48,150,39,26,41,035,38*7D
$GPGSV,3,2,10,31,36,066,40,03,28,238,33,08,24,185,35,09,16,320,26*75
$GPRMC,114315.000,A,2632.9372,N,07703.2114,W,0.16,48.50,280324,,,D*44
$GPVTG,48.50,T,,M,0.16,N,0.3,K,D*35
$GPGGA,114320.000,2632.9374,N,07703.2112,W,2,09,0.9,0.0,M,-33.0,M,2.8,0000*4E
$GPGSA,A,3,09,28,31,27,26,08,04,03,16,,,,1.7,0.9,1.5*31
$GPGSV,3,1,10,16,72,352,30,04,57,319,37,27,48,150,39,26,41,035,38*7D
$GPGSV,3,2,10,31,36,066,40,03,28,238,33,08,24,185,35,09,16,320,26*75
$GPGSV,3,3,10,28,15,087,29,44,36,241,36*75
$GPRMC,114320.000,A,2632.9374,N,07703.2112,W,0.19,43.60,280324,,,D*45
$GPVTG,43.60,T,,M,0.19,N,0.3,K,D*32
$GPGGA,114325.000,2632.9374,N,07703.2109,W,2,09,0.9,0.2,M,-33.0,M,1.8,0000*40
$GPGSA,A,3,09,28,31,27,26,08,04,03,16,,,,1.7,0.9,1.5*31
$GPGSV,3,1,10,16,72,352,30,04,57,319,37,27,48,150,38,26,41,035,37*73
$GPGSV,3,2,10,31,36,066,40,03,28,238,33,08,24,185,35,09,16,320,26*75
$GPGSV,3,3,10,28,15,087,30,44,36,241,36*7D
$GPRMC,114325.000,A,2632.9374,N,07703.2109,W,0.18,63.50,280324,,,D*4A
$GPVTG,63.50,T,,M,0.18,N,0.3,K,D*32
$GPGGA,114330.000,2632.9375,N,07703.2107,W,2,09,0.9,0.3,M,-33.0,M,1.8,0000*4A
$GPGSA,A,3,09,28,31,27,26,08,04,03,16,,,,1.7,0.9,1.5*31
$GPGSV,3,1,10,16,72,352,30,04,57,319,37,27,48,150,39,26,41,035,37*72
$GPGSV,3,2,10,31,36,066,41,03,28,238,32,08,24,185,35,09,16,320,25*76
$GPGSV,3,3,10,28,15,087,32,44,36,241,34*7D
$GPRMC,114330.000,A,2632.9375,N,07703.2107,W,0.20,93.78,280324,,,D*4F
$GPVTG,93.78,T,,M,0.20,N,0.4,K,D*3B
$GPGGA,114335.000,2632.9373,N,07703.2105,W,2,09,0.9,-0.0,M,-33.0,M,1.8,0000*65
$GPGSA,A,3,09,28,31,27,26,08,04,03,16,,,,1.7,0.9,1.5*31
$GPGSV,3,1,10,16,72,352,30,04,57,319,37,27,48,150,39,26,41,035,37*72
$GPGSV,3,2,10,31,36,066,41,03,28,238,32,08,24,185,35,09,16,320,21*72
$GPGSV,3,3,10,28,15,087,32,44,36,241,35*7C
$GPRMC,114335.000,A,2632.9373,N,07703.2105,W,0.11,199.03,280324,,,D*7B
$GPVTG,199.03,T,,M,0.11,N,0.2,K,D*08
$GPGGA,114340.000,2632.9371,N,07703.2104,W,2,09,0.9,0.0,M,-33.0,M,2.8,0000*4A
$GPGSA,A,3,09,28,31,27,26,08,04,03,16,,,,1.7,0.9,1.5*31
$GPGSV,3,1,10,16,72,352,30,04,57,319,38,27,48,150,39,26,41,035,37*7D
$GPGSV,3,2,10,31,36,066,41,03,28,238,33,08,24,185,35,09,16,320,23*71
$GPGSV,3,3,10,28,15,087,31,44,36,241,36*7C
$GPRMC,114340.000,A,2632.9371,N,07703.2104,W,0.09,182.21,280324,,,D*79
$GPVTG,182.21,T,,M,0.09,N,0.2,K,D*0B
$GPGGA,114345.000,2632.9369,N,07703.2103,W,2,09,0.9,0.0,M,-33.0,M,3.8,0000*40
$GPGSA,A,3,09,28,31,27,26,08,04,03,16,,,,1.7,0.9,1.5*31
$GPGSV,3,1,10,16,72,352,30,04,57,319,38,27,48,150,39,26,41,035,36*7C
$GPGSV,3,2,10,31,36,066,41,03,28,238,33,08,24,185,34,09,16,320,24*77
$GPGSV,3,3,10,28,15,087,31,44,36,241,38*72
$GPVTG,135.80,T,,M,0.17,N,0.3,K,D*02
$GPGGA,114350.000,2632.9367,N,07703.2100,W,2,09,0.9,0.0,M,-33.0,M,2.8,0000*48
$GPGSA,A,3,09,28,31,27,26,08,04,03,16,,,,1.7,0.9,1.5*31
$GPGSV,3,1,10,16,72,352,30,04,57,319,38,27,48,150,40,26,41,035,37*73
$GPGSV,3,2,10,31,36,066,41,03,28,238,34,08,24,185,34,09,16,320,25*71
$GPGSV,3,3,10,28,15,087,31,44,36,241,37*7D
$GPRMC,114350.000,A,2632.9367,N,07703.2100,W,0.22,113.77,280324,,,D*79
$GPVTG,113.77,T,,M,0.22,N,0.4,K,D*0F
$GPGGA,114355.000,2632.9366,N,07703.2096,W,2,09,0.9,0.4,M,-33.0,M,1.8,0000*45
$GPGSA,A,3,09,28,31,27,26,08,04,03,16,,,,1.7,0.9,1.5*31
$GPGSV,3,1,10,16,72,352,30,04,57,319,38,27,48,150,40,26,41,035,37*73
$GPGSV,3,2,10,31,36,066,41,03,28,238,34,08,24,185,33,09,16,320,25*76
$GPGSV,3,3,10,28,15,087,31,44,36,241,33*79
$GPRMC,114355.000,A,2632.9366,N,07703.2096,W,0.14,100.56,280324,,,D*77
$GPVTG,100.56,T,,M,0.14,N,0.3,K,D*0C
$GPGGA,114400.000,2632.9366,N,07703.2094,W,2,09,0.9,0.8,M,-33.0,M,2.8,0000*4F
$GPGSA,A,3,09,28,31,27,26,08,04,03,16,,,,1.7,0.9,1.5*31
$GPGSV,3,1,10,16,72,352,29,04,57,319,38,27,48,150,40,26,41,035,37*7B
$GPGSV,3,2,10,31,36,066,42,03,28,238,34,08,24,185,33,09,16,320,25*75
$GPGSV,3,3,10,28,15,087,32,44,36,241,36*7F
$GPRMC,114400.000,A,2632.9366,N,07703.2094,W,0.22,130.06,280324,,,D*71
$GPVTG,130.06,T,,M,0.22,N,0.4,K,D*08
$GPGGA,114405.000,2632.9365,N,07703.2092,W,2,09,0.9,1.3,M,-33.0,M,1.8,0000*46
$GPGSA,A,3,09,28,31,27,26,08,04,03,16,,,,1.7,0.9,1.5*31
$GPGSV,3,1,10,16,72,352,30,04,57,319,39,27,48,150,40,26,41,035,37*72
$GPGSV,3,2,10,31,36,066,42,03,28,238,34,08,24,185,33,09,16,320,26*76
$GPGSV,3,3,10,28,15,087,32,44,36,241,38*71
$GPRMC,114405.000,A,2632.9365,N,07703.2092,W,0.07,77.36,280324,,,D*47
$GPVTG,77.36,T,,M,0.07,N,0.1,K,D*3B
$GPGGA,114410.000,2632.9366,N,07703.2091,W,2,09,0.9,1.2,M,-33.0,M,3.8,0000*41
$GPGSA,A,3,09,28,31,27,26,08,04,03,16,,,,1.7,0.9,1.5*31
$GPGSV,3,1,10,16,72,352,30,04,57,319,38,27,48,150,40,26,41,035,37*73
$GPGSV,3,2,10,31,36,066,41,03,28,238,33,08,24,185,33,09,16,320,18*7F
$GPRMC,114410.000,A,2632.9366,N,07703.2091,W,0.10,6.23,280324,,,D*77
$GPVTG,6.23,T,,M,0.10,N,0.2,K,D*0C
$GPGGA,114415.000,2632.9366,N,07703.2091,W,2,09,0.9,1.0,M,-33.0,M,1.8,0000*44
$GPGSA,A,3,09,28,31,27,26,08,04,03,16,,,,1.7,0.9,1.5*31
$GPGSV,3,1,10,16,72,352,30,04,57,319,38,27,48,150,39,26,41,035,37*7D
$GPGSV,3,2,10,31,36,066,41,03,28,238,33,08,24,185,33,09,16,320,20*74
$GPGSV,3,3,10,28,15,087,32,44,36,241,36*7F
$GPRMC,114415.000,A,2632.9366,N,07703.2091,W,0.09,345.10,280324,,,D*7E
$GPVTG,345.10,T,,M,0.09,N,0.2,K,D*00
$GPGGA,114420.000,2632.9366,N,07703.2090,W,2,09,0.9,0.9,M,-33.0,M,2.8,0000*48
$GPGSA,A,3,09,28,31,27,26,08,04,03,16,,,,1.7,0.9,1.5*31
$GPGSV,3,1,10,16,72,352,30,04,57,319,37,27,48,150,39,26,41,035,37*72
$GPGSV,3,2,10,31,36,066,41,03,28,238,33,08,24,185,33,09,16,320,26*72
$GPGSV,3,3,10,28,15,087,32,44,36,241,36*7F
$GPRMC,114420.000,A,2632.9366,N,07703.2090,W,0.11,12.63,280324,,,D*45
$GPVTG,12.63,T,,M,0.11,N,0.2,K,D*3C
$GPGGA,114425.000,2632.9368,N,07703.2090,W,2,09,0.9,0.5,M,-33.0,M,1.8,0000*4C
$GPGSA,A,3,09,28,31,27,26,08,04,03,16,,,,1.7,0.9,1.5*31
$GPGSV,3,1,10,16,72,352,30,04,57,319,36,27,48,150,39,26,41,035,37*73
$GPGSV,3,2,10,31,36,066,38,03,28,238,33,08,24,185,33,09,16,320,14*7D
$GPGSV,3,3,10,28,15,087,32,44,36,241,33*7A
$GPRMC,114425.000,A,2632.9368,N,07703.2090,W,0.11,340.47,280324,,,D*7C
$GPVTG,340.47,T,,M,0.11,N,0.2,K,D*0E
$GPGGA,114430.000,2632.9369,N,07703.2092,W,2,09,0.9,0.0,M,-33.0,M,1.8,0000*4E
$GPGSA,A,3,09,28,31,27,26,08,04,03,16,,,,1.7,0.9,1.5*31
$GPGSV,3,1,10,16,72,352,30,04,57,319,36,27,48,150,38,26,41,035,37*72
$GPGSV,3,2,10,31,36,066,37,03,28,238,33,08,24,185,32,09,16,320,19*7E
$GPGSV,3,3,10,28,15,087,33,44,36,241,35*7D
$GPRMC,114430.000,A,2632.9369,N,07703.2092,W,0.28,314.95,280324,,,D*7F
$GPVTG,314.95,T,,M,0.28,N,0.5,K,D*0D
$GPGGA,114435.000,2632.9369,N,07703.2092,W,2,09,0.9,0.6,M,-33.0,M,0.8,0000*4C
$GPGSA,A,3,09,28,31,27,26,08,04,03,16,,,,1.7,0.9,1.5*31
$GPGSV,3,1,10,16,72,352,32,04,57,319,36,27,48,150,38,26,41,035,38*7F
$GPGSV,3,2,10,31,36,066,37,03,28,238,33,08,24,185,32,09,16,320,20*74
$GPGSV,3,3,10,28,15,087,32,44,36,241,37*7E
$GPRMC,114435.000,A,2632.9369,N,07703.2092,W,0.21,285.55,280324,,,D*76
$GPVTG,285.55,T,,M,0.21,N,0.4,K,D*00
$GPGGA,114440.000,2632.9369,N,07703.2095,W,2,09,0.9,0.5,M,-33.0,M,3.8,0000*49
$GPGSA,A,3,09,28,31,27,26,08,04,03,16,,,,1.7,0.9,1.5*31
$GPGSV,3,1,10,16,72,352,34,04,57,319,35,27,48,150,38,26,41,035,38*7A
$GPGSV,3,2,10,31,36,066,36,03,28,238,33,08,24,185,33,09,16,320,21*75
$GPGSV,3,3,10,28,15,087,32,44,36,241,36*7F
$GPVTG,281.64,T,,M,0.23,N,0.4,K,D*04
$GPGGA,114445.000,2632.9368,N,07703.2098,W,2,09,0.9,0.2,M,-33.0,M,3.8,0000*47
$GPGSA,A,3,09,28,31,27,26,08,04,03,16,,,,1.7,0.9,1.5*31
$GPGSV,3,1,10,16,71,355,36,04,59,318,35,27,49,149,39,26,40,035,38*7A
$GPGSV,3,2,10,31,35,068,35,03,27,236,34,08,25,185,33,09,17,320,18*77
$GPGSV,3,3,10,28,14,088,31,44,36,241,36*72
$GPRMC,114445.000,A,2632.9368,N,07703.2098,W,0.20,275.41,280324,,,D*71
$GPVTG,275.41,T,,M,0.20,N,0.4,K,D*0B
$GPGGA,114450.000,2632.9368,N,07703.2099,W,2,09,0.9,0.1,M,-33.0,M,1.8,0000*43
$GPGSA,A,3,09,28,31,27,26,08,04,03,16,,,,1.7,0.9,1.5*31
$GPGSV,3,1,10,16,71,355,37,04,59,318,36,27,49,149,39,26,40,035,38*78
$GPGSV,3,2,10,31,35,068,34,03,27,236,35,08,25,185,34,09,17,320,21*7A
$GPGSV,3,3,10,28,14,088,25,44,36,241,38*79
$GPRMC,114450.000,A,2632.9368,N,07703.2099,W,0.12,319.02,280324,,,D*79
$GPVTG,319.02,T,,M,0.12,N,0.2,K,D*00
$GPGGA,114455.000,2632.9367,N,07703.2099,W,2,09,0.9,0.3,M,-33.0,M,1.8,0000*4B
$GPGSA,A,3,09,28,31,27,26,08,04,03,16,,,,1.7,0.9,1.5*31
$GPGSV,3,1,10,16,71,355,37,04,59,318,37,27,49,149,39,26,40,035,37*76
$GPGSV,3,2,10,31,35,068,34,03,27,236,34,08,25,185,34,09,17,320,26*7C
$GPGSV,3,3,10,28,14,088,25,44,36,241,38*79
$GPRMC,114455.000,A,2632.9367,N,07703.2099,W,0.08,247.81,280324,,,D*79
$GPVTG,247.81,T,,M,0.08,N,0.1,K,D*09
$GPGGA,114500.000,2632.9366,N,07703.2099,W,2,09,0.9,0.3,M,-33.0,M,1.8,0000*4B
$GPGSA,A,3,09,28,31,27,26,08,04,03,16,,,,1.7,0.9,1.5*31
$GPGSV,3,1,10,16,71,355,38,04,59,318,37,27,49,149,38,26,40,035,37*78
$GPGSV,3,2,10,31,35,068,34,03,27,236,34,08,25,185,34,09,17,320,27*7D
$GPGSV,3,3,10,28,14,088,25,44,36,241,38*79
$GPRMC,114500.000,A,2632.9366,N,07703.2099,W,0.10,73.12,280324,,,D*4F
$GPVTG,73.12,T,,M,0.10,N,0.2,K,D*3C
$GPGGA,114505.000,2632.9366,N,07703.2098,W,2,09,0.9,0.3,M,-33.0,M,1.8,0000*4F
$GPGSA,A,3,09,28,31,27,26,08,04,03,16,,,,1.7,0.9,1.5*31
$GPGSV,3,1,10,16,71,355,38,04,59,318,38,27,49,149,38,26,40,035,37*77
$GPGSV,3,2,10,31,35,068,34,03,27,236,33,08,25,185,34,09,17,320,27*7A
$GPRMC,114505.000,A,2632.9366,N,07703.2098,W,0.05,356.43,280324,,,D*7F
$GPVTG,356.43,T,,M,0.05,N,0.1,K,D*0B
$GPGGA,114510.000,2632.9366,N,07703.2098,W,2,09,0.9,0.8,M,-33.0,M,1.8,0000*40
$GPGSA,A,3,09,28,31,27,26,08,04,03,16,,,,1.7,0.9,1.5*31
$GPGSV,3,1,10,16,71,355,38,04,59,318,38,27,49,149,38,26,40,035,37*77
$GPGSV,3,2,10,31,35,068,34,03,27,236,33,08,25,185,34,09,17,320,27*7A
$GPGSV,3,3,10,28,14,088,25,44,36,241,38*79
$GPRMC,114510.000,A,2632.9366,N,07703.2098,W,0.01,75.00,280324,,,D*4A
$GPVTG,75.00,T,,M,0.01,N,0.0,K,D*3B
$GPGGA,114515.000,2632.9366,N,07703.2095,W,2,09,0.9,0.6,M,-33.0,M,3.8,0000*44
$GPGSA,A,3,09,28,31,27,26,08,04,03,16,,,,1.7,0.9,1.5*31
$GPGSV,3,1,10,16,70,356,38,04,59,318,37,27,49,148,38,26,40,036,37*78
$GPGSV,3,2,10,31,35,068,34,03,27,236,34,08,26,185,34,09,17,320,17*7D
$GPGSV,3,3,10,28,14,088,26,44,36,241,37*75
$GPRMC,114515.000,A,2632.9366,N,07703.2095,W,0.24,95.84,280324,,,D*47
$GPVTG,95.84,T,,M,0.24,N,0.4,K,D*3A
$GPGGA,114520.000,2632.9366,N,07703.2092,W,2,09,0.9,0.8,M,-33.0,M,2.8,0000*4A
$GPGSA,A,3,09,28,31,27,26,08,04,03,16,,,,1.7,0.9,1.5*31
$GPGSV,3,1,10,16,70,356,37,04,59,318,37,27,49,148,39,26,40,036,38*79
$GPGSV,3,2,10,31,35,068,33,03,27,236,34,08,26,185,34,09,17,320,23*7D
$GPGSV,3,3,10,28,14,088,32,44,36,241,35*72
$GPRMC,114520.000,A,2632.9366,N,07703.2092,W,0.12,59.05,280324,,,D*4A
$GPVTG,59.05,T,,M,0.12,N,0.2,K,D*30
$GPGGA,114525.000,2632.9367,N,07703.2090,W,2,09,0.9,0.8,M,-33.0,M,1.8,0000*4F
$GPGSA,A,3,09,28,31,27,26,08,04,03,16,,,,1.7,0.9,1.5*31
$GPGSV,3,1,10,16,70,356,36,04,59,318,32,27,49,148,38,26,40,036,39*7D
$GPGSV,3,2,10,31,35,068,33,03,27,236,34,08,26,185,34,09,17,320,25*7B
$GPGSV,3,3,10,28,14,088,32,44,36,241,37*70
$GPRMC,114525.000,A,2632.9367,N,07703.2090,W,0.19,59.83,280324,,,D*49
$GPVTG,59.83,T,,M,0.19,N,0.3,K,D*34
$GPGGA,114530.000,2632.9367,N,07703.2088,W,2,09,0.9,0.5,M,-33.0,M,1.8,0000*4F
$GPGSA,A,3,09,28,31,27,26,08,04,03,16,,,,1.7,0.9,1.5*31
$GPGSV,3,1,10,16,70,356,33,04,59,318,33,27,49,148,38,26,40,036,38*78
$GPGSV,3,2,10,31,35,068,34,03,27,236,34,08,26,185,33,09,17,320,25*7B
$GPGSV,3,3,10,28,14,088,33,44,36,241,37*71
$GPRMC,114530.000,A,2632.9367,N,07703.2088,W,0.13,107.73,280324,,,D*7B
$GPVTG,107.73,T,,M,0.13,N,0.2,K,D*0A
$GPGGA,114535.000,2632.9366,N,07703.2088,W,2,09,0.9,0.7,M,-33.0,M,1.8,0000*49
$GPGSA,A,3,09,28,31,27,26,08,04,03,16,,,,1.7,0.9,1.5*31
$GPGSV,3,1,10,16,70,356,32,04,59,318,34,27,49,148,38,26,40,036,38*7E
$GPGSV,3,2,10,31,35,068,39,03,27,236,33,08,26,185,32,09,17,320,22*77
$GPGSV,3,3,10,28,14,088,33,44,36,241,35*73
$GPVTG,282.89,T,,M,0.03,N,0.1,K,D*03
$GPGGA,114540.000,2632.9365,N,07703.2088,W,2,09,0.9,0.4,M,-33.0,M,4.8,0000*4E
$GPGSA,A,3,09,28,31,27,26,08,04,03,16,,,,1.7,0.9,1.5*31
$GPGSV,3,1,10,16,70,356,33,04,59,318,36,27,49,148,38,26,40,036,38*7D
$GPGSV,3,2,10,31,35,068,38,03,27,236,33,08,26,185,32,09,17,320,18*7F
$GPGSV,3,3,10,28,14,088,34,44,36,241,34*75
$GPRMC,114540.000,A,2632.9365,N,07703.2088,W,0.11,265.67,280324,,,D*7E
$GPVTG,265.67,T,,M,0.11,N,0.2,K,D*0A
$GPGGA,114545.000,2632.9363,N,07703.2089,W,2,09,0.9,0.6,M,-33.0,M,2.8,0000*48
$GPGSA,A,3,09,28,31,27,26,08,04,03,16,,,,1.7,0.9,1.5*31
$GPGSV,3,1,10,16,70,356,33,04,59,318,37,27,49,148,37,26,40,036,39*72
$GPGSV,3,2,10,31,35,068,40,03,27,236,33,08,26,185,32,09,17,320,18*70
$GPGSV,3,3,10,28,14,088,34,44,36,241,35*74
$GPRMC,114545.000,A,2632.9363,N,07703.2089,W,0.13,172.26,280324,,,D*7E
$GPVTG,172.26,T,,M,0.13,N,0.2,K,D*08
$GPGGA,114550.000,2632.9360,N,07703.2087,W,2,09,0.9,1.1,M,-33.0,M,2.8,0000*47
$GPGSA,A,3,09,28,31,27,26,08,04,03,16,,,,1.7,0.9,1.5*31
$GPGSV,3,1,10,16,70,356,33,04,59,318,37,27,49,148,37,26,40,036,39*72
$GPGSV,3,2,10,31,35,068,41,03,27,236,33,08,26,185,32,09,17,320,17*7E
$GPGSV,3,3,10,28,14,088,34,44,36,241,35*74
$GPRMC,114550.000,A,2632.9360,N,07703.2087,W,0.22,129.71,280324,,,D*79
$GPVTG,129.71,T,,M,0.22,N,0.4,K,D*00
$GPGGA,114555.000,2632.9359,N,07703.2086,W,2,09,0.9,1.2,M,-33.0,M,1.8,0000*49
$GPGSA,A,3,09,28,31,27,26,08,04,03,16,,,,1.7,0.9,1.5*31
$GPGSV,3,1,10,16,70,356,33,04,59,318,37,27,49,148,37,26,40,036,39*72
$GPGSV,3,2,10,31,35,068,41,03,27,236,33,08,26,185,32,09,17,320,18*71
$GPGSV,3,3,10,28,14,088,34,44,36,241,35*74
$GPRMC,114555.000,A,2632.9359,N,07703.2086,W,0.04,297.00,280324,,,D*73
$GPVTG,297.00,T,,M,0.04,N,0.1,K,D*01
$GPGGA,114600.000,2632.9359,N,07703.2085,W,2,09,0.9,1.1,M,-33.0,M,1.8,0000*4A
$GPGSA,A,3,09,28,31,27,26,08,04,03,16,,,,1.7,0.9,1.5*31
$GPGSV,3,1,10,16,70,356,33,04,59,318,37,27,49,148,37,26,40,036,39*72
$GPGSV,3,2,10,31,35,068,41,03,27,236,34,08,26,185,32,09,17,320,19*77
$GPGSV,3,3,10,28,14,088,33,44,36,241,36*70
$GPVTG,111.85,T,,M,0.25,N,0.5,K,D*06
$GPGGA,114605.000,2632.9360,N,07703.2084,W,2,09,0.9,0.2,M,-33.0,M,1.8,0000*46
$GPGSA,A,3,09,28,31,27,26,08,04,03,16,,,,1.7,0.9,1.5*31
$GPGSV,3,1,10,16,70,356,32,04,59,318,37,27,49,148,37,26,40,036,39*73
$GPGSV,3,2,10,31,35,068,41,03,27,236,34,08,26,185,33,09,17,320,19*76
$GPGSV,3,3,10,28,14,088,32,44,36,241,36*71
$GPRMC,114605.000,A,2632.9360,N,07703.2084,W,0.14,335.94,280324,,,D*78
$GPVTG,335.94,T,,M,0.14,N,0.3,K,D*06
$GPGGA,114610.000,2632.9360,N,07703.2083,W,2,09,0.9,0.5,M,-33.0,M,3.8,0000*40
$GPGSA,A,3,09,28,31,27,26,08,04,03,16,,,,1.7,0.9,1.5*31
$GPGSV,3,1,10,16,70,356,32,04,59,318,37,27,49,148,37,26,40,036,38*72
$GPGSV,3,2,10,31,35,068,42,03,27,236,34,08,26,185,33,09,17,320,20*7F
$GPGSV,3,3,10,28,14,088,31,44,36,241,36*72
$GPRMC,114610.000,A,2632.9360,N,07703.2083,W,0.08,98.32,280324,,,D*4E
$GPVTG,98.32,T,,M,0.08,N,0.1,K,D*31
$GPGGA,114615.000,2632.9361,N,07703.2082,W,2,08,1.2,0.3,M,-33.0,M,2.8,0000*49
$GPGSA,A,3,28,31,27,26,08,04,03,16,,,,,2.4,1.2,2.0*34
$GPGSV,3,1,10,16,70,356,33,04,59,318,37,27,49,148,37,26,40,036,39*72
$GPGSV,3,2,10,31,35,068,42,03,27,236,34,08,26,185,33,09,17,320,*7D
$GPGSV,3,3,10,28,14,088,33,44,36,241,35*73
$GPRMC,114615.000,A,2632.9361,N,07703.2082,W,0.11,352.26,280324,,,D*73
$GPVTG,352.26,T,,M,0.11,N,0.2,K,D*0A
$GPGGA,114620.000,2632.9362,N,07703.2083,W,2,09,0.9,0.4,M,-33.0,M,2.8,0000*41
$GPGSA,A,3,09,28,31,27,26,08,04,03,16,,,,1.7,0.9,1.5*31
$GPGSV,3,1,10,16,70,356,33,04,59,318,36,27,49,148,38,26,40,036,39*7C
$GPGSV,3,2,10,31,35,068,42,03,27,236,34,08,26,185,33,09,17,320,25*7A
$GPGSV,3,3,10,28,14,088,33,44,36,241,35*73
$GPRMC,114620.000,A,2632.9362,N,07703.2083,W,0.13,305.60,280324,,,D*75
$GPVTG,305.60,T,,M,0.13,N,0.2,K,D*08
$GPGGA,114625.000,2632.9361,N,07703.2083,W,2,08,1.2,0.3,M,-33.0,M,1.8,0000*48
$GPGSA,A,3,28,31,27,26,08,04,03,16,,,,,2.4,1.2,2.0*34
$GPGSV,3,1,10,16,70,356,34,04,59,318,37,27,49,148,39,26,40,036,39*7B
$GPGSV,3,2,10,31,35,068,41,03,27,236,33,08,26,185,34,09,17,320,19*76
$GPGSV,3,3,10,28,14,088,33,44,36,241,34*72
$GPRMC,114625.000,A,2632.9361,N,07703.2083,W,0.06,358.71,280324,,,D*7F
$GPVTG,358.71,T,,M,0.06,N,0.1,K,D*07
$GPGGA,114630.000,2632.9361,N,07703.2083,W,2,09,0.9,-0.1,M,-33.0,M,1.8,0000*68
$GPGSA,A,3,09,28,31,27,26,08,04,03,16,,,,1.7,0.9,1.5*31
$GPGSV,3,1,10,16,70,356,34,04,59,318,37,27,49,148,38,26,40,036,39*7A
$GPGSV,3,2,10,31,35,068,40,03,27,236,33,08,26,185,34,09,17,320,25*78
$GPGSV,3,3,10,28,14,088,30,44,36,241,37*72
$GPRMC,114630.000,A,2632.9361,N,07703.2083,W,0.03,292.62,280324,,,D*7B
$GPGGA,114635.000,2632.9361,N,07703.2085,W,2,09,0.9,0.0,M,-33.0,M,1.8,0000*47
$GPGSA,A,3,09,28,31,27,26,08,04,03,16,,,,1.7,0.9,1.5*31
$GPGSV,3,1,10,16,70,356,34,04,59,318,37,27,49,148,39,26,40,036,40*75
$GPGSV,3,2,10,31,35,068,40,03,27,236,34,08,26,185,34,09,17,320,25*7F
$GPGSV,3,3,10,28,14,088,32,44,36,241,36*71
$GPRMC,114635.000,A,2632.9361,N,07703.2085,W,0.09,295.58,280324,,,D*7C
$GPVTG,295.58,T,,M,0.09,N,0.2,K,D*00
$GPGGA,114640.000,2632.9360,N,07703.2086,W,2,09,0.9,-0.2,M,-33.0,M,2.8,0000*6B
$GPGSA,A,3,09,28,31,27,26,08,04,03,16,,,,1.7,0.9,1.5*31
$GPGSV,3,1,10,16,70,356,34,04,59,318,37,27,49,148,39,26,40,036,40*75
$GPGSV,3,2,10,31,35,068,39,03,27,236,36,08,26,185,35,09,17,320,25*72
$GPGSV,3,3,10,28,14,088,32,44,36,241,36*71
$GPRMC,114640.000,A,2632.9360,N,07703.2086,W,0.08,204.33,280324,,,D*78
$GPVTG,204.33,T,,M,0.08,N,0.2,K,D*04
$GPGGA,114645.000,2632.9360,N,07703.2088,W,2,09,0.9,-0.2,M,-33.0,M,2.8,0000*60
$GPGSA,A,3,09,28,31,27,26,08,04,03,16,,,,1.7,0.9,1.5*31
$GPGSV,3,1,10,16,70,356,35,04,59,318,37,27,49,148,38,26,40,036,35*77
$GPGSV,3,2,10,31,35,068,39,03,27,236,37,08,26,185,35,09,17,320,25*73
$GPGSV,3,3,10,28,14,088,30,44,36,241,35*70
$GPRMC,114645.000,A,2632.9360,N,07703.2088,W,0.13,287.36,280324,,,D*77
$GPVTG,287.36,T,,M,0.13,N,0.2,K,D*00
$GPGGA,114650.000,2632.9359,N,07703.2089,W,2,09,0.9,0.0,M,-33.0,M,1.8,0000*43
$GPGSA,A,3,09,28,31,27,26,08,04,03,16,,,,1.7,0.9,1.5*31
$GPGSV,3,1,10,16,70,356,36,04,59,318,37,27,49,148,39,26,40,036,36*76
$GPGSV,3,2,10,31,35,068,39,03,27,236,37,08,26,185,35,09,17,320,26*70
$GPGSV,3,3,10,28,14,088,30,44,36,241,36*73
$GPRMC,114650.000,A,2632.9359,N,07703.2089,W,0.09,273.10,280324,,,D*7C
$GPVTG,273.10,T,,M,0.09,N,0.2,K,D*04
$GPGGA,114655.000,2632.9359,N,07703.2090,W,2,09,0.9,0.1,M,-33.0,M,1.8,0000*4F
$GPGSA,A,3,09,28,31,27,26,08,04,03,16,,,,1.7,0.9,1.5*31
$GPGSV,3,1,10,16,70,356,36,04,59,318,36,27,49,148,39,26,40,036,32*73
$GPGSV,3,2,10,31,35,068,38,03,27,236,37,08,26,185,34,09,17,320,27*71
$GPRMC,114655.000,A,2632.9359,N,07703.2090,W,0.19,321.91,280324,,,D*7F
$GPVTG,321.91,T,,M,0.19,N,0.3,K,D*0B
$GPGGA,114700.000,2632.9361,N,07703.2092,W,2,09,0.9,0.5,M,-33.0,M,1.8,0000*43
$GPGSA,A,3,09,28,31,27,26,08,04,03,16,,,,1.7,0.9,1.5*31
$GPGSV,3,1,10,16,70,356,37,04,59,318,36,27,49,148,39,26,40,036,28*79
$GPGSV,3,2,10,31,35,068,38,03,27,236,37,08,26,185,34,09,17,320,28*7E
$GPGSV,3,3,10,28,14,088,26,44,36,241,38*7A
$GPRMC,114700.000,A,2632.9361,N,07703.2092,W,0.14,316.83,280324,,,D*7D
$GPVTG,316.83,T,,M,0.14,N,0.3,K,D*01
$GPGGA,114705.000,2632.9362,N,07703.2092,W,2,09,0.9,0.3,M,-33.0,M,1.8,0000*43
$GPGSA,A,3,09,28,31,27,26,08,04,03,16,,,,1.7,0.9,1.5*31
$GPGSV,3,1,10,16,70,356,38,04,59,318,37,27,49,148,39,26,40,036,30*7E
$GPGSV,3,2,10,31,35,068,39,03,27,236,37,08,26,185,34,09,17,320,28*7F
$GPGSV,3,3,10,28,14,088,27,44,36,241,38*7B
$GPRMC,114705.000,A,2632.9362,N,07703.2092,W,0.07,215.64,280324,,,D*72
$GPVTG,215.64,T,,M,0.07,N,0.1,K,D*0A
$GPGGA,114710.000,2632.9362,N,07703.2092,W,2,09,0.9,0.5,M,-33.0,M,4.8,0000*44
$GPGSA,A,3,09,28,31,27,26,08,04,03,16,,,,1.7,0.9,1.5*31
$GPGSV,3,1,10,16,70,357,38,04,60,317,36,27,50,148,39,26,39,036,32*7F
$GPGSV,3,2,10,31,35,069,35,03,27,235,37,08,26,185,34,09,18,320,28*7E
$GPGSV,3,3,10,28,14,089,28,44,36,241,37*7A
$GPRMC,114710.000,A,2632.9362,N,07703.2092,W,0.04,154.83,280324,,,D*7A
$GPVTG,154.83,T,,M,0.04,N,0.1,K,D*06
$GPGGA,114715.000,2632.9361,N,07703.2091,W,2,09,0.9,0.5,M,-33.0,M,3.8,0000*46
$GPGSA,A,3,09,28,31,27,26,08,04,03,16,,,,1.7,0.9,1.5*31
$GPGSV,3,1,10,16,70,357,37,04,60,317,37,27,50,148,39,26,39,036,40*74
$GPGSV,3,2,10,31,35,069,37,03,27,235,37,08,26,185,34,09,18,320,28*7C
$GPGSV,3,3,10,28,14,089,34,44,36,241,35*75
$GPRMC,114715.000,A,2632.9361,N,07703.2091,W,0.01,8.49,280324,,,D*74
$GPVTG,8.49,T,,M,0.01,N,0.0,K,D*0C
$GPGGA,114720.000,2632.9361,N,07703.2090,W,2,09,0.9,0.7,M,-33.0,M,1.8,0000*41
$GPGSA,A,3,09,28,31,27,26,08,04,03,16,,,,1.7,0.9,1.5*31
$GPGSV,3,1,10,16,70,357,36,04,60,317,38,27,50,148,39,26,39,036,40*7A
$GPGSV,3,2,10,31,35,069,37,03,27,235,32,08,26,185,34,09,18,320,28*79
$GPGSV,3,3,10,28,14,089,25,44,36,241,36*76
$GPRMC,114720.000,A,2632.9361,N,07703.2090,W,0.05,25.37,280324,,,D*41
$GPVTG,25.37,T,,M,0.05,N,0.1,K,D*3F
$GPGGA,114725.000,2632.9361,N,07703.2090,W,2,09,0.9,0.5,M,-33.0,M,1.8,0000*46
$GPGSA,A,3,09,28,31,27,26,08,04,03,16,,,,1.7,0.9,1.5*31
$GPGSV,3,1,10,16,70,357,34,04,60,317,38,27,50,148,38,26,39,036,39*77
$GPGSV,3,2,10,31,35,069,38,03,27,235,33,08,26,185,35,09,18,320,22*7C
$GPGSV,3,3,10,28,14,089,32,44,36,241,35*73
$GPVTG,324.07,T,,M,0.15,N,0.3,K,D*0D
$GPGGA,114730.000,2632.9362,N,07703.2090,W,2,09,0.9,0.3,M,-33.0,M,1.8,0000*47
$GPGSA,A,3,09,28,31,27,26,08,04,03,16,,,,1.7,0.9,1.5*31
$GPGSV,3,1,10,16,70,357,34,04,60,317,38,27,50,148,37,26,39,036,39*78
$GPGSV,3,2,10,31,35,069,38,03,27,235,34,08,26,185,36,09,18,320,23*79
$GPGSV,3,3,10,28,14,089,32,44,36,241,34*72
$GPRMC,114730.000,A,2632.9362,N,07703.2090,W,0.09,345.93,280324,,,D*74
$GPVTG,345.93,T,,M,0.09,N,0.2,K,D*0B
$GPGGA,114735.000,2632.9363,N,07703.2089,W,2,09,0.9,0.2,M,-33.0,M,1.8,0000*4A
$GPGSA,A,3,09,28,31,27,26,08,04,03,16,,,,1.7,0.9,1.5*31
$GPGSV,3,1,10,16,70,357,33,04,60,317,37,27,50,148,37,26,39,036,38*71
$GPGSV,3,2,10,31,35,069,38,03,27,235,34,08,26,185,36,09,18,320,24*7E
$GPGSV,3,3,10,28,14,089,31,44,36,241,35*70
$GPRMC,114735.000,A,2632.9363,N,07703.2089,W,0.11,9.03,280324,,,D*73
$GPVTG,9.03,T,,M,0.11,N,0.2,K,D*00
$GPGGA,114740.000,2632.9364,N,07703.2090,W,2,09,0.9,0.4,M,-33.0,M,3.8,0000*43
$GPGSA,A,3,09,28,31,27,26,08,04,03,16,,,,1.7,0.9,1.5*31
$GPGSV,3,1,10,16,70,357,33,04,60,317,37,27,50,148,37,26,39,036,38*71
$GPGSV,3,2,10,31,35,069,39,03,27,235,35,08,26,185,36,09,18,320,24*7E
$GPGSV,3,3,10,28,14,089,31,44,36,241,36*73
$GPRMC,114740.000,A,2632.9364,N,07703.2090,W,0.10,316.12,280324,,,D*72
$GPVTG,316.12,T,,M,0.10,N,0.2,K,D*0C
$GPGGA,114745.000,2632.9363,N,07703.2090,W,2,09,0.9,0.5,M,-33.0,M,2.8,0000*41
$GPGSA,A,3,09,28,31,27,26,08,04,03,16,,,,1.7,0.9,1.5*31
$GPGSV,3,1,10,16,70,357,33,04,60,317,36,27,50,148,37,26,39,036,38*70
$GPGSV,3,2,10,31,35,069,40,03,27,235,35,08,26,185,37,09,18,320,25*70
$GPGSV,3,3,10,28,14,089,31,44,36,241,36*73
$GPRMC,114745.000,A,2632.9363,N,07703.2090,W,0.02,193.85,280324,,,D*72
$GPVTG,193.85,T,,M,0.02,N,0.0,K,D*0C
$GPGGA,114750.000,2632.9363,N,07703.2090,W,2,09,0.9,0.5,M,-33.0,M,1.8,0000*46
$GPGSA,A,3,09,28,31,27,26,08,04,03,16,,,,1.7,0.9,1.5*31
$GPGSV,3,1,10,16,70,357,33,04,60,317,36,27,50,148,38,26,39,036,38*7F
$GPGSV,3,2,10,31,35,069,40,03,27,235,35,08,26,185,37,09,18,320,26*73
$GPRMC,114750.000,A,2632.9363,N,07703.2090,W,0.05,297.26,280324,,,D*7F
$GPVTG,297.26,T,,M,0.05,N,0.1,K,D*04
$GPGGA,114755.000,2632.9362,N,07703.2090,W,2,09,0.9,0.8,M,-33.0,M,1.8,0000*4F
$GPGSA,A,3,09,28,31,27,26,08,04,03,16,,,,1.7,0.9,1.5*31
$GPGSV,3,1,10,16,70,357,33,04,60,317,36,27,50,148,39,26,39,036,39*7F
$GPGSV,3,2,10,31,35,069,40,03,27,235,35,08,26,185,36,09,18,320,25*71
$GPGSV,3,3,10,28,14,089,32,44,36,241,38*7E
$GPRMC,114755.000,A,2632.9362,N,07703.2090,W,0.07,247.59,280324,,,D*7C
$GPVTG,247.59,T,,M,0.07,N,0.1,K,D*03
$GPGGA,114800.000,2632.9361,N,07703.2090,W,2,09,0.9,1.1,M,-33.0,M,1.8,0000*4B
$GPGSA,A,3,09,28,31,27,26,08,04,03,16,,,,1.7,0.9,1.5*31
$GPGSV,3,1,10,16,70,357,33,04,60,317,35,27,50,148,39,26,39,036,39*7C
$GPGSV,3,2,10,31,35,069,40,03,27,235,35,08,26,185,36,09,18,320,25*71
$GPGSV,3,3,10,28,14,089,32,44,36,241,38*7E
$GPRMC,114800.000,A,2632.9361,N,07703.2090,W,0.12,293.10,280324,,,D*70
$GPVTG,293.10,T,,M,0.12,N,0.2,K,D*00
$GPGGA,114805.000,2632.9361,N,07703.2091,W,2,09,0.9,1.4,M,-33.0,M,1.8,0000*4A
$GPGSA,A,3,09,28,31,27,26,08,04,03,16,,,,1.7,0.9,1.5*31
$GPGSV,3,1,10,16,70,357,33,04,60,317,35,27,50,148,39,26,39,036,39*7C
$GPGSV,3,2,10,31,35,069,40,03,27,235,35,08,26,185,35,09,18,320,26*71
$GPGSV,3,3,10,28,14,089,32,44,36,241,38*7E
$GPRMC,114805.000,A,2632.9361,N,07703.2091,W,0.07,293.03,280324,,,D*72
$GPVTG,293.03,T,,M,0.07,N,0.1,K,D*05
$GPGGA,114810.000,2632.9360,N,07703.2091,W,2,09,0.9,1.6,M,-33.0,M,2.8,0000*4E
$GPGSA,A,3,09,28,31,27,26,08,04,03,16,,,,1.7,0.9,1.5*31
$GPGSV,3,1,10,16,70,357,33,04,60,317,35,27,50,148,39,26,39,036,39*7C
$GPGSV,3,2,10,31,35,069,40,03,27,235,35,08,26,185,35,09,18,320,26*71
$GPGSV,3,3,10,28,14,089,32,44,36,241,37*71
$GPRMC,114810.000,A,2632.9360,N,07703.2091,W,0.06,184.03,280324,,,D*73
$GPVTG,184.03,T,,M,0.06,N,0.1,K,D*01
$GPGGA,114815.000,2632.9360,N,07703.2094,W,2,09,0.9,1.4,M,-33.0,M,1.8,0000*4F
$GPGSA,A,3,09,28,31,27,26,08,04,03,16,,,,1.7,0.9,1.5*31
$GPGSV,3,1,10,16,70,357,33,04,60,317,35,27,50,148,39,26,39,036,39*7C
$GPGSV,3,2,10,31,35,069,40,03,27,235,35,08,26,185,35,09,18,320,27*70
$GPGSV,3,3,10,28,14,089,32,44,36,241,37*71
$GPRMC,114815.000,A,2632.9360,N,07703.2094,W,0.15,304.99,280324,,,D*78
$GPVTG,304.99,T,,M,0.15,N,0.3,K,D*08
$GPGGA,114820.000,2632.9360,N,07703.2094,W,2,09,0.9,1.4,M,-33.0,M,1.8,0000*49
$GPGSA,A,3,09,28,31,27,26,08,04,03,16,,,,1.7,0.9,1.5*31
$GPGSV,3,1,10,16,70,357,33,04,60,317,35,27,50,148,39,26,39,036,39*7C
$GPGSV,3,2,10,31,35,069,40,03,27,235,32,08,26,185,35,09,18,320,27*77
$GPGSV,3,3,10,28,14,089,32,44,36,241,36*70
$GPVTG,110.52,T,,M,0.07,N,0.1,K,D*09
$GPGGA,114825.000,2632.9361,N,07703.2094,W,2,09,0.9,1.4,M,-33.0,M,1.8,0000*4D
$GPGSA,A,3,09,28,31,27,26,08,04,03,16,,,,1.7,0.9,1.5*31
$GPGSV,3,1,10,16,70,357,33,04,60,317,36,27,50,148,28,26,39,036,39*7F
$GPGSV,3,2,10,31,35,069,40,03,27,235,34,08,26,185,35,09,18,320,26*70
$GPGSV,3,3,10,28,14,089,32,44,36,241,34*72
$GPRMC,114825.000,A,2632.9361,N,07703.2094,W,0.20,317.80,280324,,,D*76
$GPVTG,317.80,T,,M,0.20,N,0.4,K,D*03
$GPGGA,114830.000,2632.9362,N,07703.2095,W,2,09,0.9,1.6,M,-33.0,M,1.8,0000*49
$GPGSA,A,3,09,28,31,27,26,08,04,03,16,,,,1.7,0.9,1.5*31
$GPGSV,3,1,10,16,70,357,32,04,60,317,36,27,50,148,25,26,39,036,38*72
$GPGSV,3,2,10,31,35,069,40,03,27,235,35,08,26,185,34,09,18,320,26*70
$GPGSV,3,3,10,28,14,089,32,44,36,241,35*73
$GPRMC,114830.000,A,2632.9362,N,07703.2095,W,0.13,355.81,280324,,,D*77
$GPVTG,355.81,T,,M,0.13,N,0.2,K,D*02
$GPGGA,114835.000,2632.9362,N,07703.2095,W,2,09,0.9,1.7,M,-33.0,M,1.8,0000*4D
$GPGSA,A,3,09,28,31,27,26,08,04,03,16,,,,1.7,0.9,1.5*31
$GPGSV,3,1,10,16,70,357,32,04,60,317,37,27,50,148,28,26,39,036,32*74
$GPGSV,3,2,10,31,35,069,33,03,27,235,35,08,26,185,34,09,18,320,26*74
$GPGSV,3,3,10,28,14,089,25,44,36,241,35*75
$GPRMC,114835.000,A,2632.9362,N,07703.2095,W,0.17,123.48,280324,,,D*70
$GPVTG,123.48,T,,M,0.17,N,0.3,K,D*01
$GPGGA,114840.000,2632.9364,N,07703.2096,W,2,09,0.9,2.1,M,-33.0,M,4.8,0000*4A
$GPGSA,A,3,09,28,31,27,26,08,04,03,16,,,,1.7,0.9,1.5*31
$GPGSV,3,1,10,16,70,357,32,04,60,317,38,27,50,148,34,26,39,036,36*72
$GPGSV,3,2,10,31,35,069,38,03,27,235,34,08,26,185,37,09,18,320,28*73
$GPGSV,3,3,10,28,14,089,31,44,36,241,35*70
$GPRMC,114840.000,A,2632.9364,N,07703.2096,W,0.13,315.58,280324,,,D*75
$GPVTG,315.58,T,,M,0.13,N,0.2,K,D*02
$GPGGA,114845.000,2632.9362,N,07703.2094,W,2,09,0.9,2.5,M,-33.0,M,3.8,0000*48
$GPGSA,A,3,09,28,31,27,26,08,04,03,16,,,,1.7,0.9,1.5*31
$GPGSV,3,1,10,16,70,357,33,04,60,317,38,27,50,148,33,26,39,036,36*74
$GPGSV,3,2,10,31,35,069,38,03,27,235,35,08,26,185,28,09,18,320,28*7C
$GPRMC,114845.000,A,2632.9362,N,07703.2094,W,0.15,148.85,280324,,,D*78
$GPVTG,148.85,T,,M,0.15,N,0.3,K,D*0F
$GPGGA,114850.000,2632.9361,N,07703.2094,W,2,09,0.9,2.8,M,-33.0,M,2.8,0000*43
$GPGSA,A,3,09,28,31,27,26,08,04,03,16,,,,1.7,0.9,1.5*31
$GPGSV,3,1,10,16,70,357,33,04,60,317,38,27,50,148,35,26,39,036,38*7C
$GPGSV,3,2,10,31,35,069,39,03,27,235,36,08,26,185,31,09,18,320,22*7C
$GPGSV,3,3,10,28,14,089,32,44,36,241,39*7F
$GPRMC,114850.000,A,2632.9361,N,07703.2094,W,0.11,283.86,280324,,,D*7C
$GPVTG,283.86,T,,M,0.11,N,0.2,K,D*0D
$GPGGA,114855.000,2632.9359,N,07703.2092,W,2,09,0.9,3.4,M,-33.0,M,1.8,0000*45
$GPGSA,A,3,09,28,31,27,26,08,04,03,16,,,,1.7,0.9,1.5*31
$GPGSV,3,1,10,16,70,357,33,04,60,317,38,27,50,148,36,26,39,036,34*73
$GPGSV,3,2,10,31,35,069,40,03,27,235,35,08,26,185,39,09,18,320,29*72
$GPGSV,3,3,10,28,14,089,32,44,36,241,37*71
$GPRMC,114855.000,A,2632.9359,N,07703.2092,W,0.13,119.72,280324,,,D*7D
$GPVTG,119.72,T,,M,0.13,N,0.2,K,D*04
$GPGGA,114900.000,2632.9358,N,07703.2092,W,2,09,0.9,3.9,M,-33.0,M,1.8,0000*48
$GPGSA,A,3,09,28,31,27,26,08,04,03,16,,,,1.7,0.9,1.5*31
$GPGSV,3,1,10,16,70,357,33,04,60,317,37,27,50,148,37,26,39,036,38*71
$GPGSV,3,2,10,31,35,069,41,03,27,235,35,08,26,185,38,09,18,320,25*7E
$GPGSV,3,3,10,28,14,089,33,44,36,241,38*7F
$GPRMC,114900.000,A,2632.9358,N,07703.2092,W,0.09,172.11,280324,,,D*7E
$GPVTG,172.11,T,,M,0.09,N,0.2,K,D*07
$GPGGA,114905.000,2632.9357,N,07703.2092,W,2,09,0.9,4.0,M,-33.0,M,1.8,0000*4C
$GPGSA,A,3,09,28,31,27,26,08,04,03,16,,,,1.7,0.9,1.5*31
$GPGSV,3,1,10,16,70,357,33,04,60,317,37,27,50,148,37,26,39,036,39*70
$GPGSV,3,2,10,31,35,069,41,03,27,235,35,08,26,185,38,09,18,320,26*7D
$GPGSV,3,3,10,28,14,089,34,44,36,241,37*77
$GPRMC,114905.000,A,2632.9357,N,07703.2092,W,0.02,165.96,280324,,,D*76
$GPVTG,165.96,T,,M,0.02,N,0.0,K,D*07
$GPGGA,114910.000,2632.9356,N,07703.2091,W,2,09,0.9,4.4,M,-33.0,M,4.8,0000*4B
$GPGSA,A,3,09,28,31,27,26,08,04,03,16,,,,1.7,0.9,1.5*31
$GPGSV,3,1,10,16,70,357,32,04,60,317,38,27,50,148,37,26,39,036,39*7E
$GPGSV,3,2,10,31,35,069,41,03,27,235,35,08,26,185,37,09,18,320,26*72
$GPGSV,3,3,10,28,14,089,33,44,36,241,36*71
$GPRMC,114910.000,A,2632.9356,N,07703.2091,W,0.02,73.61,280324,,,D*4E
$GPVTG,73.61,T,,M,0.02,N,0.0,K,D*39
$GPGGA,114915.000,2632.9356,N,07703.2092,W,2,09,0.9,4.2,M,-33.0,M,2.8,0000*4D
$GPGSA,A,3,09,28,31,27,26,08,04,03,16,,,,1.7,0.9,1.5*31
$GPGSV,3,1,10,16,69,359,31,04,61,316,38,27,51,147,37,26,38,036,39*74
$GPGSV,3,2,10,31,34,070,42,08,27,185,37,03,26,235,35,09,18,319,26*72
$GPGSV,3,3,10,28,13,090,33,44,36,241,36*7E
$GPVTG,308.15,T,,M,0.13,N,0.2,K,D*07
$GPGGA,114920.000,2632.9358,N,07703.2094,W,2,09,0.9,3.7,M,-33.0,M,1.8,0000*42
$GPGSA,A,3,09,28,31,27,26,08,04,03,16,,,,1.7,0.9,1.5*31
$GPGSV,3,1,10,16,69,359,31,04,61,316,38,27,51,147,37,26,38,036,39*74
$GPGSV,3,2,10,31,34,070,42,08,27,185,37,03,26,235,35,09,18,319,20*74
$GPGSV,3,3,10,28,13,090,33,44,36,241,36*7E
$GPRMC,114920.000,A,2632.9358,N,07703.2094,W,0.19,324.17,280324,,,D*7C
$GPVTG,324.17,T,,M,0.19,N,0.4,K,D*07
$GPGGA,114925.000,2632.9359,N,07703.2095,W,2,09,0.9,3.7,M,-33.0,M,1.8,0000*47
$GPGSA,A,3,09,28,31,27,26,08,04,03,16,,,,1.7,0.9,1.5*31
$GPGSV,3,1,10,16,69,359,31,04,61,316,38,27,51,147,38,26,38,036,40*75
$GPGSV,3,2,10,31,34,070,42,08,27,185,37,03,26,235,35,09,18,319,22*76
$GPGSV,3,3,10,28,13,090,34,44,36,241,37*78
$GPRMC,114925.000,A,2632.9359,N,07703.2095,W,0.09,344.57,280324,,,D*7A
$GPVTG,344.57,T,,M,0.09,N,0.2,K,D*02
$GPGGA,114930.000,2632.9362,N,07703.2097,W,2,09,0.9,3.6,M,-33.0,M,1.8,0000*48
$GPGSA,A,3,09,28,31,27,26,08,04,03,16,,,,1.7,0.9,1.5*31
$GPGSV,3,1,10,16,69,359,31,04,61,316,38,27,51,147,38,26,38,036,40*75
$GPGSV,3,2,10,31,34,070,42,08,27,185,37,03,26,235,35,09,18,319,22*76
$GPGSV,3,3,10,28,13,090,34,44,36,241,37*78
$GPRMC,114930.000,A,2632.9362,N,07703.2097,W,0.14,347.93,280324,,,D*73
$GPVTG,347.93,T,,M,0.14,N,0.3,K,D*04
$GPGGA,114935.000,2632.9363,N,07703.2098,W,2,09,0.9,3.2,M,-33.0,M,1.8,0000*47
$GPGSA,A,3,09,28,31,27,26,08,04,03,16,,,,1.7,0.9,1.5*31
$GPGSV,3,1,10,16,69,359,32,04,61,316,37,27,51,147,38,26,38,036,40*79
$GPGSV,3,2,10,31,34,070,42,08,27,185,38,03,26,235,35,09,18,319,23*78
$GPGSV,3,3,10,28,13,090,34,44,36,241,37*78
$GPRMC,114935.000,A,2632.9363,N,07703.2098,W,0.26,321.46,280324,,,D*71
$GPVTG,321.46,T,,M,0.26,N,0.5,K,D*0B
$GPGGA,114940.000,2632.9365,N,07703.2099,W,2,09,0.9,2.8,M,-33.0,M,4.8,0000*4C
$GPGSA,A,3,09,28,31,27,26,08,04,03,16,,,,1.7,0.9,1.5*31
$GPGSV,3,1,10,16,69,359,33,04,61,316,37,27,51,147,39,26,38,036,40*79
$GPGSV,3,2,10,31,34,070,42,08,27,185,39,03,26,235,35,09,18,319,25*7F
$GPRMC,114940.000,A,2632.9365,N,07703.2099,W,0.12,329.90,280324,,,D*70
$GPVTG,329.90,T,,M,0.12,N,0.2,K,D*08
$GPGGA,114945.000,2632.9365,N,07703.2098,W,2,09,0.9,2.8,M,-33.0,M,1.8,0000*4D
$GPGSA,A,3,09,28,31,27,26,08,04,03,16,,,,1.7,0.9,1.5*31
$GPGSV,3,1,10,16,69,359,33,04,61,316,37,27,51,147,39,26,38,036,40*79
$GPGSV,3,2,10,31,34,070,42,08,27,185,39,03,26,235,35,09,18,319,25*7F
$GPGSV,3,3,10,28,13,090,35,44,36,241,37*79
$GPRMC,114945.000,A,2632.9365,N,07703.2098,W,0.07,78.88,280324,,,D*4E
$GPGGA,114950.000,2632.9365,N,07703.2098,W,2,09,0.9,2.6,M,-33.0,M,2.8,0000*44
$GPGSA,A,3,09,28,31,27,26,08,04,03,16,,,,1.7,0.9,1.5*31
$GPGSV,3,1,10,16,69,359,32,04,61,316,38,27,51,147,38,26,38,036,40*76
$GPGSV,3,2,10,31,34,070,42,08,27,185,38,03,26,235,35,09,18,319,25*7E
$GPGSV,3,3,10,28,13,090,34,44,36,241,35*7A
$GPRMC,114950.000,A,2632.9365,N,07703.2098,W,0.08,91.65,280324,,,D*41
$GPVTG,91.65,T,,M,0.08,N,0.2,K,D*39
$GPGGA,114955.000,2632.9365,N,07703.2097,W,2,09,0.9,2.1,M,-33.0,M,0.8,0000*4B
$GPGSA,A,3,09,28,31,27,26,08,04,03,16,,,,1.7,0.9,1.5*31
$GPGSV,3,1,10,16,69,359,31,04,61,316,38,27,51,147,39,26,38,036,40*74
$GPGSV,3,2,10,31,34,070,42,08,27,185,38,03,26,235,35,09,18,319,18*70
$GPGSV,3,3,10,28,13,090,34,44,36,241,37*78
$GPRMC,114955.000,A,2632.9365,N,07703.2097,W,0.03,359.68,280324,,,D*7A
$GPVTG,359.68,T,,M,0.03,N,0.1,K,D*0B
$GPGGA,115000.000,2632.9364,N,07703.2096,W,2,09,0.9,2.0,M,-33.0,M,1.8,0000*43
$GPGSA,A,3,09,28,31,27,26,08,04,03,16,,,,1.7,0.9,1.5*31
$GPGSV,3,1,10,16,69,359,31,04,61,316,38,27,51,147,40,26,38,036,40*7A
$GPGSV,3,2,10,31,34,070,42,08,27,185,38,03,26,235,34,09,18,319,27*7D
$GPGSV,3,3,10,28,13,090,34,44,36,241,36*79
$GPRMC,115000.000,A,2632.9364,N,07703.2096,W,0.11,92.17,280324,,,D*4D
$GPVTG,92.17,T,,M,0.11,N,0.2,K,D*37
$GPGGA,115005.000,2632.9364,N,07703.2094,W,2,09,0.9,1.6,M,-33.0,M,1.8,0000*41
$GPGSA,A,3,09,28,31,27,26,08,04,03,16,,,,1.7,0.9,1.5*31
$GPGSV,3,1,10,16,69,359,32,04,61,316,38,27,51,147,39,26,38,036,39*79
$GPGSV,3,2,10,31,34,070,38,08,27,185,38,03,26,235,35,09,18,319,27*71
$GPGSV,3,3,10,28,13,090,34,44,36,241,36*79
$GPRMC,115005.000,A,2632.9364,N,07703.2094,W,0.15,80.86,280324,,,D*45
$GPVTG,80.86,T,,M,0.15,N,0.3,K,D*39
$GPGGA,115010.000,2632.9364,N,07703.2092,W,2,09,0.9,1.3,M,-33.0,M,4.8,0000*43
$GPGSA,A,3,09,28,31,27,26,08,04,03,16,,,,1.7,0.9,1.5*31
$GPGSV,3,1,10,16,69,359,33,04,61,316,38,27,51,147,40,26,38,036,39*76
$GPGSV,3,2,10,31,34,070,42,08,27,185,38,03,26,235,35,09,18,319,27*7C
$GPGSV,3,3,10,28,13,090,34,44,36,241,35*7A
$GPRMC,115010.000,A,2632.9364,N,07703.2092,W,0.10,99.71,280324,,,D*42
$GPGGA,115015.000,2632.9363,N,07703.2092,W,2,09,0.9,1.3,M,-33.0,M,1.8,0000*44
$GPGSA,A,3,09,28,31,27,26,08,04,03,16,,,,1.7,0.9,1.5*31
$GPGSV,3,1,10,16,69,359,33,04,61,316,38,27,51,147,41,26,38,036,39*77
$GPGSV,3,2,10,31,34,070,42,08,27,185,32,03,26,235,34,09,18,319,27*77
$GPGSV,3,3,10,28,13,090,35,44,36,241,36*78
$GPRMC,115015.000,A,2632.9363,N,07703.2092,W,0.07,217.69,280324,,,D*7B
$GPVTG,217.69,T,,M,0.07,N,0.1,K,D*05
$GPGGA,115020.000,2632.9363,N,07703.2092,W,2,09,0.9,1.3,M,-33.0,M,2.8,0000*41
$GPGSA,A,3,09,28,31,27,26,08,04,03,16,,,,1.7,0.9,1.5*31
$GPGSV,3,1,10,16,69,359,34,04,61,316,39,27,51,147,41,26,38,036,40*7F
$GPGSV,3,2,10,31,34,070,42,08,27,185,33,03,26,235,34,09,18,319,28*79
$GPGSV,3,3,10,28,13,090,36,44,36,241,36*7B
$GPRMC,115020.000,A,2632.9363,N,07703.2092,W,0.03,121.57,280324,,,D*72
$GPVTG,121.57,T,,M,0.03,N,0.1,K,D*0A
$GPGGA,115025.000,2632.9362,N,07703.2092,W,2,09,0.9,1.1,M,-33.0,M,7.8,0000*42
$GPGSA,A,3,09,28,31,27,26,08,04,03,16,,,,1.7,0.9,1.5*31
$GPGSV,3,1,10,16,69,359,34,04,61,316,38,27,51,147,39,26,38,036,39*7F
$GPGSV,3,2,10,31,34,070,41,08,27,185,38,03,26,235,34,09,18,319,27*7E
$GPGSV,3,3,10,28,13,090,35,44,36,241,33*7D
$GPRMC,115025.000,A,2632.9362,N,07703.2092,W,0.06,169.04,280324,,,D*79
$GPVTG,169.04,T,,M,0.06,N,0.1,K,D*05
$GPGGA,115030.000,2632.9360,N,07703.2093,W,2,09,0.9,0.8,M,-33.0,M,12.8,0000*79
$GPGSA,A,3,09,28,31,27,26,08,04,03,16,,,,1.7,0.9,1.5*31
$GPGSV,3,1,10,16,69,359,33,04,61,316,38,27,51,147,40,26,38,036,39*76
$GPGSV,3,2,10,31,34,070,41,08,27,185,37,03,26,235,34,09,18,319,27*71
$GPGSV,3,3,10,28,13,090,35,44,36,241,33*7D
$GPRMC,115030.000,A,2632.9360,N,07703.2093,W,0.05,83.67,280324,,,D*4D
$GPVTG,83.67,T,,M,0.05,N,0.1,K,D*36
$GPGGA,115035.000,2632.9359,N,07703.2093,W,2,09,0.9,0.6,M,-33.0,M,17.8,0000*7D
$GPGSA,A,3,09,28,31,27,26,08,04,03,16,,,,1.7,0.9,1.5*31
$GPGSV,3,1,10,16,69,359,34,04,61,316,38,27,51,147,40,26,38,036,39*71
$GPGSV,3,2,10,31,34,070,41,08,27,185,38,03,26,235,34,09,18,319,28*71
$GPRMC,115035.000,A,2632.9359,N,07703.2093,W,0.03,337.44,280324,,,D*79
$GPVTG,337.44,T,,M,0.03,N,0.1,K,D*0D
$GPGGA,115040.000,2632.9359,N,07703.2094,W,1,09,0.9,-0.4,M,-33.0,M,,0000*44
$GPGSA,A,3,09,28,31,27,26,08,04,03,16,,,,1.7,0.9,1.5*31
$GPGSV,3,1,10,16,69,359,34,04,61,316,38,27,51,147,40,26,38,036,38*70
$GPGSV,3,2,10,31,34,070,41,08,27,185,38,03,26,235,35,09,18,319,27*7F
$GPGSV,3,3,10,28,13,090,35,44,36,241,28*77
$GPRMC,115040.000,A,2632.9359,N,07703.2094,W,0.08,304.10,280324,,,A*73
$GPVTG,304.10,T,,M,0.08,N,0.1,K,A*02
$GPGGA,115045.000,2632.9359,N,07703.2096,W,1,09,0.9,-1.5,M,-33.0,M,,0000*43
$GPGSA,A,3,09,28,31,27,26,08,04,03,16,,,,1.7,0.9,1.5*31
$GPGSV,3,1,10,16,69,359,35,04,61,316,37,27,51,147,40,26,38,036,38*7E
$GPGSV,3,2,10,31,34,070,42,08,27,185,38,03,26,235,35,09,18,319,27*7C
$GPGSV,3,3,10,28,13,090,35,44,36,241,31*7F
$GPRMC,115045.000,A,2632.9359,N,07703.2096,W,0.13,313.88,280324,,,A*79
$GPVTG,313.88,T,,M,0.13,N,0.2,K,A*0C
$GPGGA,115050.000,2632.9360,N,07703.2096,W,1,09,0.9,-2.1,M,-33.0,M,,0000*4A
$GPGSA,A,3,09,28,31,27,26,08,04,03,16,,,,1.7,0.9,1.5*31
$GPGSV,3,1,10,16,69,359,35,04,61,316,37,27,51,147,41,26,38,036,39*7E
$GPGSV,3,2,10,31,34,070,43,08,27,185,37,03,26,235,35,09,18,319,19*7F
$GPGSV,3,3,10,28,13,090,35,44,36,241,33*7D
$GPRMC,115050.000,A,2632.9360,N,07703.2096,W,0.05,356.14,280324,,,A*74
$GPVTG,356.14,T,,M,0.05,N,0.1,K,A*0C
$GPGGA,115055.000,2632.9362,N,07703.2099,W,1,09,0.9,-2.7,M,-33.0,M,,0000*44
$GPGSA,A,3,09,28,31,27,26,08,04,03,16,,,,1.7,0.9,1.5*31
$GPGSV,3,1,10,16,69,359,35,04,61,316,38,27,51,147,40,26,38,036,40*7E
$GPGSV,3,2,10,31,34,070,43,08,27,185,38,03,26,235,35,09,18,319,19*70
$GPGSV,3,3,10,28,13,090,35,44,36,241,30*7E
$GPRMC,115055.000,A,2632.9362,N,07703.2099,W,0.17,319.04,280324,,,A*75
$GPVTG,319.04,T,,M,0.17,N,0.3,K,A*07
$GPGGA,115100.000,2632.9363,N,07703.2100,W,1,09,0.9,-3.1,M,-33.0,M,,0000*42
$GPGSA,A,3,09,28,31,27,26,08,04,03,16,,,,1.7,0.9,1.5*31
$GPGSV,3,1,09,16,69,359,34,04,61,316,38,27,51,147,39,26,38,036,40*79
$GPGSV,3,2,09,31,34,070,43,08,27,185,38,03,26,235,35,09,18,319,26*74
$GPGSV,3,3,09,28,13,090,35*47
$GPRMC,115100.000,A,2632.9363,N,07703.2100,W,0.19,320.82,280324,,,A*7E
$GPVTG,320.82,T,,M,0.19,N,0.4,K,A*0A
$GPGGA,115105.000,2632.9365,N,07703.2101,W,1,09,0.9,-3.3,M,-33.0,M,,0000*42
$GPGSA,A,3,09,28,31,27,26,08,04,03,16,,,,1.7,0.9,1.5*31
$GPGSV,3,1,10,16,69,359,33,04,61,316,38,27,51,147,39,26,38,036,40*76
$GPGSV,3,2,10,31,34,070,43,08,27,185,37,03,26,235,35,09,18,319,22*77
$GPGSV,3,3,10,28,13,090,36,44,36,241,35*78
$GPVTG,338.50,T,,M,0.11,N,0.2,K,A*02
$GPGGA,115110.000,2632.9365,N,07703.2102,W,1,09,0.9,-3.3,M,-33.0,M,,0000*45
$GPGSA,A,3,09,28,31,27,26,08,04,03,16,,,,1.7,0.9,1.5*31
$GPGSV,3,1,10,16,69,359,32,04,61,316,38,27,51,147,39,26,38,036,41*76
$GPGSV,3,2,10,31,34,070,43,08,27,185,37,03,26,235,35,09,18,319,21*74
$GPGSV,3,3,10,28,13,090,36,44,36,241,36*7B
$GPRMC,115110.000,A,2632.9365,N,07703.2102,W,0.09,345.06,280324,,,A*75
$GPVTG,345.06,T,,M,0.09,N,0.2,K,A*02
$GPGGA,115115.000,2632.9366,N,07703.2101,W,2,09,0.9,-2.9,M,-33.0,M,3.8,0000*6D
$GPGSA,A,3,09,28,31,27,26,08,04,03,16,,,,1.7,0.9,1.5*31
$GPGSV,3,1,10,16,69,359,33,04,61,316,38,27,51,147,39,26,38,036,37*76
$GPGSV,3,2,10,31,34,070,43,08,27,185,37,03,26,235,35,09,18,319,24*71
$GPGSV,3,3,10,28,13,090,36,44,36,241,37*7A
$GPRMC,115115.000,A,2632.9366,N,07703.2101,W,0.02,356.48,280324,,,D*76
$GPVTG,356.48,T,,M,0.02,N,0.0,K,D*06
$GPGGA,115120.000,2632.9366,N,07703.2101,W,2,09,0.9,-2.3,M,-33.0,M,2.8,0000*60
$GPGSA,A,3,09,28,31,27,26,08,04,03,16,,,,1.7,0.9,1.5*31
$GPGSV,3,1,10,16,69,359,33,04,61,316,38,27,51,147,39,26,38,036,32*73
$GPGSV,3,2,10,31,34,070,42,08,27,185,36,03,26,235,35,09,18,319,13*75
$GPGSV,3,3,10,28,13,090,36,44,36,241,36*7B
$GPRMC,115120.000,A,2632.9366,N,07703.2101,W,0.16,303.35,280324,,,D*7F
$GPVTG,303.35,T,,M,0.16,N,0.3,K,D*0A
$GPGGA,115125.000,2632.9365,N,07703.2102,W,2,09,0.9,-1.9,M,-33.0,M,1.8,0000*6F
$GPGSA,A,3,09,28,31,27,26,08,04,03,16,,,,1.7,0.9,1.5*31
$GPGSV,3,1,10,16,69,359,33,04,61,316,39,27,51,147,39,26,38,036,31*71
$GPGSV,3,2,10,31,34,070,43,08,27,185,36,03,26,235,34,09,18,319,24*71
$GPGSV,3,3,10,28,13,090,36,44,36,241,35*78
$GPRMC,115125.000,A,2632.9365,N,07703.2102,W,0.11,182.40,280324,,,D*74
$GPVTG,182.40,T,,M,0.11,N,0.2,K,D*05
$GPGGA,115130.000,2632.9364,N,07703.2103,W,2,09,0.9,-1.6,M,-33.0,M,1.8,0000*64
$GPGSA,A,3,09,28,31,27,26,08,04,03,16,,,,1.7,0.9,1.5*31
$GPGSV,3,1,10,16,69,359,33,04,61,316,39,27,51,147,40,26,38,036,37*79
$GPGSV,3,2,10,31,34,070,43,08,27,185,37,03,26,235,34,09,18,319,21*75
$GPGSV,3,3,10,28,13,090,36,44,36,241,34*79
$GPVTG,318.65,T,,M,0.13,N,0.2,K,D*01
$GPGGA,115135.000,2632.9364,N,07703.2104,W,2,09,0.9,-1.3,M,-33.0,M,1.8,0000*63
$GPGSA,A,3,09,28,31,27,26,08,04,03,16,,,,1.7,0.9,1.5*31
$GPGSV,3,1,10,16,69,359,33,04,61,316,39,27,51,147,40,26,38,036,37*79
$GPGSV,3,2,10,31,34,070,42,08,27,185,37,03,26,235,34,09,18,319,21*74
$GPGSV,3,3,10,28,13,090,35,44,36,241,34*7A
$GPRMC,115135.000,A,2632.9364,N,07703.2104,W,0.06,215.50,280324,,,D*78
$GPVTG,215.50,T,,M,0.06,N,0.1,K,D*0C
$GPGGA,115140.000,2632.9363,N,07703.2105,W,2,09,0.9,-0.9,M,-33.0,M,3.8,0000*6E
$GPGSA,A,3,09,28,31,27,26,08,04,03,16,,,,1.7,0.9,1.5*31
$GPGSV,3,1,10,16,69,359,33,04,61,316,39,27,51,147,40,26,38,036,38*76
$GPGSV,3,2,10,31,34,070,42,08,27,185,37,03,26,235,34,09,18,319,20*75
$GPGSV,3,3,10,28,13,090,35,44,36,241,34*7A
$GPRMC,115140.000,A,2632.9363,N,07703.2105,W,0.14,290.96,280324,,,D*78
$GPVTG,290.96,T,,M,0.14,N,0.3,K,D*0A
$GPGGA,115145.000,2632.9364,N,07703.2105,W,2,09,0.9,-0.7,M,-33.0,M,1.8,0000*60
$GPGSA,A,3,09,28,31,27,26,08,04,03,16,,,,1.7,0.9,1.5*31
$GPGSV,3,1,10,16,69,359,33,04,61,316,39,27,51,147,40,26,38,036,39*77
$GPGSV,3,2,10,31,34,070,43,08,27,185,37,03,26,235,34,09,18,319,29*7D
$GPGSV,3,3,10,28,13,090,35,44,36,241,35*7B
$GPRMC,115145.000,A,2632.9364,N,07703.2105,W,0.09,357.67,280324,,,D*72
$GPVTG,357.67,T,,M,0.09,N,0.2,K,D*03
$GPGGA,115150.000,2632.9365,N,07703.2106,W,2,09,0.9,-0.4,M,-33.0,M,2.8,0000*66
$GPGSA,A,3,09,28,31,27,26,08,04,03,16,,,,1.7,0.9,1.5*31
$GPGSV,3,1,10,16,69,359,33,04,61,316,39,27,51,147,40,26,38,036,39*77
$GPGSV,3,2,10,31,34,070,43,08,27,185,37,03,26,235,34,09,18,319,29*7D
$GPGSV,3,3,10,28,13,090,35,44,36,241,36*78
$GPRMC,115150.000,A,2632.9365,N,07703.2106,W,0.07,321.74,280324,,,D*79
$GPVTG,321.74,T,,M,0.07,N,0.1,K,D*0D
$GPGGA,115155.000,2632.9366,N,07703.2107,W,2,09,0.9,-0.5,M,-33.0,M,1.8,0000*63
$GPGSA,A,3,09,28,31,27,26,08,04,03,16,,,,1.7,0.9,1.5*31
$GPGSV,3,1,10,16,69,359,34,04,61,316,38,27,51,147,39,26,38,036,40*71
$GPGSV,3,2,10,31,34,070,42,08,27,185,37,03,26,235,35,09,18,319,29*7D
$GPGSV,3,3,10,28,13,090,34,44,36,241,36*79
$GPRMC,115155.000,A,2632.9366,N,07703.2107,W,0.07,348.03,280324,,,D*71
$GPVTG,348.03,T,,M,0.07,N,0.1,K,D*02
$GPGGA,115200.000,2632.9366,N,07703.2107,W,2,09,0.9,-0.6,M,-33.0,M,1.8,0000*63
$GPGSA,A,3,09,28,31,27,26,08,04,03,16,,,,1.7,0.9,1.5*31
$GPGSV,3,1,10,16,69,359,34,04,61,316,38,27,51,147,39,26,38,036,40*71
$GPGSV,3,2,10,31,34,070,42,08,27,185,37,03,26,235,35,09,18,319,29*7D
$GPGSV,3,3,10,28,13,090,34,44,36,241,35*7A
$GPRMC,115200.000,A,2632.9366,N,07703.2107,W,0.02,110.11,280324,,,D*7B
$GPGGA,115205.000,2632.9366,N,07703.2107,W,2,09,0.9,-0.5,M,-33.0,M,1.8,0000*65
$GPGSA,A,3,09,28,31,27,26,08,04,03,16,,,,1.7,0.9,1.5*31
$GPGSV,3,1,10,16,69,359,34,04,61,316,38,27,51,147,39,26,38,036,40*71
$GPGSV,3,2,10,31,34,070,43,08,27,185,31,03,26,235,33,09,18,319,29*7C
$GPGSV,3,3,10,28,13,090,34,44,36,241,35*7A
$GPRMC,115205.000,A,2632.9366,N,07703.2107,W,0.08,46.26,280324,,,D*42
$GPVTG,46.26,T,,M,0.08,N,0.2,K,D*34
$GPGGA,115210.000,2632.9367,N,07703.2107,W,2,09,0.9,-0.4,M,-33.0,M,2.8,0000*62
$GPGSA,A,3,09,28,31,27,26,08,04,03,16,,,,1.7,0.9,1.5*31
$GPGSV,3,1,10,16,69,359,34,04,61,316,38,27,51,147,40,26,38,036,40*7F
$GPGSV,3,2,10,31,34,070,43,08,27,185,32,03,26,235,34,09,18,319,29*78
$GPGSV,3,3,10,28,13,090,34,44,36,241,36*79
$GPRMC,115210.000,A,2632.9367,N,07703.2107,W,0.10,83.62,280324,,,D*47
$GPVTG,83.62,T,,M,0.10,N,0.2,K,D*34
$GPGGA,115215.000,2632.9366,N,07703.2106,W,2,09,0.9,-0.3,M,-33.0,M,3.8,0000*61
$GPGSA,A,3,09,28,31,27,26,08,04,03,16,,,,1.7,0.9,1.5*31
$GPGSV,3,1,10,16,67,001,33,04,62,315,38,27,52,145,40,26,37,037,40*77
$GPGSV,3,2,10,31,34,072,43,08,29,184,33,03,25,233,34,09,20,319,28*7B
$GPGSV,3,3,10,28,13,091,34,44,36,241,36*78
$GPRMC,115215.000,A,2632.9366,N,07703.2106,W,0.07,122.67,280324,,,D*7B
$GPVTG,122.67,T,,M,0.07,N,0.1,K,D*0E
$GPGGA,115220.000,2632.9366,N,07703.2104,W,2,09,0.9,-0.3,M,-33.0,M,2.8,0000*64
$GPGSA,A,3,09,28,31,27,26,08,04,03,16,,,,1.7,0.9,1.5*31
$GPGSV,3,1,10,16,67,001,33,04,62,315,38,27,52,145,40,26,37,037,40*77
$GPGSV,3,2,10,31,34,072,43,08,29,184,34,03,25,233,34,09,20,319,29*7D
$GPGSV,3,3,10,28,13,091,33,44,36,241,34*7D
$GPRMC,115220.000,A,2632.9366,N,07703.2104,W,0.12,79.06,280324,,,D*43
$GPVTG,79.06,T,,M,0.12,N,0.2,K,D*31
$GPGGA,115225.000,2632.9366,N,07703.2103,W,2,09,0.9,-0.3,M,-33.0,M,1.8,0000*65
$GPGSA,A,3,09,28,31,27,26,08,04,03,16,,,,1.7,0.9,1.5*31
$GPGSV,3,1,10,16,67,001,33,04,62,315,37,27,52,145,40,26,37,037,40*78
$GPGSV,3,2,10,31,34,072,42,08,29,184,34,03,25,233,35,09,20,319,30*75
$GPRMC,115225.000,A,2632.9366,N,07703.2103,W,0.10,116.69,280324,,,D*72
$GPVTG,116.69,T,,M,0.10,N,0.2,K,D*02
$GPGGA,115230.000,2632.9365,N,07703.2101,W,2,09,0.9,-0.3,M,-33.0,M,1.8,0000*60
$GPGSA,A,3,09,28,31,27,26,08,04,03,16,,,,1.7,0.9,1.5*31
$GPGSV,3,1,10,16,67,001,33,04,62,315,37,27,52,145,40,26,37,037,39*76
$GPGSV,3,2,10,31,34,072,42,08,29,184,34,03,25,233,36,09,20,319,30*76
$GPGSV,3,3,10,28,13,091,34,44,36,241,33*7D
$GPRMC,115230.000,A,2632.9365,N,07703.2101,W,0.10,69.60,280324,,,D*47
$GPVTG,69.60,T,,M,0.10,N,0.2,K,D*32
$GPGGA,115235.000,2632.9366,N,07703.2100,W,2,09,0.9,-0.4,M,-33.0,M,1.8,0000*60
$GPGSA,A,3,09,28,31,27,26,08,04,03,16,,,,1.7,0.9,1.5*31
$GPGSV,3,1,10,16,67,001,34,04,62,315,37,27,52,145,41,26,37,037,39*70
$GPGSV,3,2,10,31,34,072,42,08,29,184,29,03,25,233,36,09,20,319,31*7B
$GPGSV,3,3,10,28,13,091,34,44,36,241,34*7A
$GPRMC,115235.000,A,2632.9366,N,07703.2100,W,0.02,100.05,280324,,,D*7E
$GPVTG,100.05,T,,M,0.02,N,0.0,K,D*0E
$GPGGA,115240.000,2632.9365,N,07703.2100,W,2,09,0.9,-0.4,M,-33.0,M,3.8,0000*63
$GPGSA,A,3,09,28,31,27,26,08,04,03,16,,,,1.7,0.9,1.5*31
$GPGSV,3,1,10,16,67,001,34,04,62,315,37,27,52,145,42,26,37,037,39*73
$GPGSV,3,2,10,31,34,072,42,08,29,184,23,03,25,233,35,09,20,319,31*72
$GPGSV,3,3,10,28,13,091,34,44,36,241,34*7A
$GPRMC,115240.000,A,2632.9365,N,07703.2100,W,0.07,176.61,280324,,,D*79
$GPVTG,176.61,T,,M,0.07,N,0.1,K,D*09
$GPGGA,115245.000,2632.9366,N,07703.2099,W,2,09,0.9,-0.5,M,-33.0,M,3.8,0000*65
$GPGSA,A,3,09,28,31,27,26,08,04,03,16,,,,1.7,0.9,1.5*31
$GPGSV,3,1,10,16,67,002,34,04,62,315,37,27,53,145,42,26,37,037,37*7F
$GPGSV,3,2,10,31,33,072,42,08,29,184,33,03,25,233,35,09,20,319,32*77
$GPGSV,3,3,10,28,13,091,34,44,36,241,34*7A
$GPRMC,115245.000,A,2632.9366,N,07703.2099,W,0.07,355.56,280324,,,D*79
$GPVTG,355.56,T,,M,0.07,N,0.1,K,D*0E
$GPGGA,115250.000,2632.9365,N,07703.2099,W,2,09,0.9,-0.4,M,-33.0,M,2.8,0000*62
$GPGSA,A,3,09,28,31,27,26,08,04,03,16,,,,1.7,0.9,1.5*31
$GPGSV,3,1,10,16,67,002,34,04,62,315,37,27,53,145,42,26,37,037,38*70
$GPGSV,3,2,10,31,33,072,42,08,29,184,32,03,25,233,36,09,20,319,24*72
$GPGSV,3,3,10,28,13,091,33,44,36,241,32*7B
$GPRMC,115250.000,A,2632.9365,N,07703.2099,W,0.06,238.27,280324,,,D*73
$GPVTG,238.27,T,,M,0.06,N,0.1,K,D*03
$GPGGA,115255.000,2632.9365,N,07703.2099,W,2,09,0.9,-0.4,M,-33.0,M,1.8,0000*64
$GPGSA,A,3,09,28,31,27,26,08,04,03,16,,,,1.7,0.9,1.5*31
$GPGSV,3,1,10,16,67,002,34,04,62,315,37,27,53,145,42,26,37,037,31*79
$GPGSV,3,2,10,31,33,072,42,08,29,184,32,03,25,233,36,09,20,319,23*75
$GPGSV,3,3,10,28,13,091,33,44,36,241,33*7A
$GPVTG,18.67,T,,M,0.07,N,0.1,K,D*36
$GPGGA,115300.000,2632.9366,N,07703.2099,W,2,09,0.9,-0.4,M,-33.0,M,1.8,0000*66
$GPGSA,A,3,09,28,31,27,26,08,04,03,16,,,,1.7,0.9,1.5*31
$GPGSV,3,1,10,16,67,002,34,04,62,315,37,27,53,145,41,26,37,037,37*7C
$GPGSV,3,2,10,31,33,072,42,08,29,184,32,03,25,233,36,09,20,319,23*75
$GPGSV,3,3,10,28,13,091,34,44,36,241,33*7D
$GPRMC,115300.000,A,2632.9366,N,07703.2099,W,0.07,244.66,280324,,,D*7B
$GPVTG,244.66,T,,M,0.07,N,0.1,K,D*0C
$GPGGA,115305.000,2632.9365,N,07703.2100,W,2,09,0.9,-0.3,M,-33.0,M,1.8,0000*66
$GPGSA,A,3,09,28,31,27,26,08,04,03,16,,,,1.7,0.9,1.5*31
$GPGSV,3,1,10,16,67,002,34,04,62,315,37,27,53,145,40,26,37,037,38*72
$GPGSV,3,2,10,31,33,072,42,08,29,184,32,03,25,233,35,09,20,319,31*75
$GPGSV,3,3,10,28,13,091,34,44,36,241,34*7A
$GPRMC,115305.000,A,2632.9365,N,07703.2100,W,0.05,330.61,280324,,,D*7B
$GPVTG,330.61,T,,M,0.05,N,0.1,K,D*0B
$GPGGA,115310.000,2632.9366,N,07703.2100,W,2,09,0.9,-0.2,M,-33.0,M,1.8,0000*60
$GPGSA,A,3,09,28,31,27,26,08,04,03,16,,,,1.7,0.9,1.5*31
$GPGSV,3,1,10,16,67,002,34,04,62,315,37,27,53,145,40,26,37,037,39*73
$GPGSV,3,2,10,31,33,072,42,08,29,184,33,03,25,233,34,09,20,319,31*75
$GPGSV,3,3,10,28,13,091,34,44,36,241,34*7A
$GPRMC,115310.000,A,2632.9366,N,07703.2100,W,0.13,326.40,280324,,,D*7F
$GPVTG,326.40,T,,M,0.13,N,0.2,K,D*0B
$GPGGA,115315.000,2632.9365,N,07703.2101,W,2,09,0.9,-0.4,M,-33.0,M,3.8,0000*63
$GPGSA,A,3,09,28,31,27,26,08,04,03,16,,,,1.7,0.9,1.5*31
$GPGSV,3,1,10,16,67,002,33,04,62,315,38,27,53,145,40,26,37,037,40*75
$GPGSV,3,2,10,31,33,072,43,08,29,184,34,03,25,233,34,09,20,319,29*7A
$GPGSV,3,3,10,28,13,091,34,44,36,241,35*7B
$GPRMC,115315.000,A,2632.9365,N,07703.2101,W,0.06,226.30,280324,,,D*7A
$GPVTG,226.30,T,,M,0.06,N,0.1,K,D*0A
$GPGGA,115320.000,2632.9364,N,07703.2101,W,2,09,0.9,-0.4,M,-33.0,M,1.8,0000*66
$GPGSA,A,3,09,28,31,27,26,08,04,03,16,,,,1.7,0.9,1.5*31
$GPGSV,3,1,10,16,67,002,33,04,62,315,38,27,53,145,40,26,37,037,40*75
$GPGSV,3,2,10,31,33,072,43,08,29,184,35,03,25,233,34,09,20,319,29*7B
$GPRMC,115320.000,A,2632.9364,N,07703.2101,W,0.04,117.94,280324,,,D*70
$GPVTG,117.94,T,,M,0.04,N,0.1,K,D*07
$GPGGA,115325.000,2632.9364,N,07703.2102,W,2,09,0.9,-0.3,M,-33.0,M,1.8,0000*67
$GPGSA,A,3,09,28,31,27,26,08,04,03,16,,,,1.7,0.9,1.5*31
$GPGSV,3,1,10,16,67,002,32,04,62,315,38,27,53,145,40,26,37,037,40*74
$GPGSV,3,2,10,31,33,072,43,08,29,184,35,03,25,233,33,09,20,319,29*7C
$GPGSV,3,3,10,28,13,091,34,44,36,241,37*79
$GPRMC,115325.000,A,2632.9364,N,07703.2102,W,0.06,296.89,280324,,,D*72
$GPGGA,115330.000,2632.9364,N,07703.2102,W,2,09,0.9,-0.2,M,-33.0,M,1.8,0000*62
$GPGSA,A,3,09,28,31,27,26,08,04,03,16,,,,1.7,0.9,1.5*31
$GPGSV,3,1,10,16,67,002,32,04,62,315,38,27,53,145,41,26,37,037,40*75
$GPGSV,3,2,10,31,33,072,43,08,29,184,36,03,25,233,32,09,20,319,29*7E
$GPGSV,3,3,10,28,13,091,33,44,36,241,38*71
$GPRMC,115330.000,A,2632.9364,N,07703.2102,W,0.08,48.06,280324,,,D*4E
$GPVTG,48.06,T,,M,0.08,N,0.1,K,D*3B
$GPGGA,115335.000,2632.9365,N,07703.2101,W,2,09,0.9,-0.1,M,-33.0,M,1.8,0000*66
$GPGSA,A,3,09,28,31,27,26,08,04,03,16,,,,1.7,0.9,1.5*31
$GPGSV,3,1,10,16,67,002,32,04,62,315,38,27,53,145,41,26,37,037,29*7A
$GPGSV,3,2,10,31,33,072,43,08,29,184,36,03,25,233,31,09,20,319,30*75
$GPGSV,3,3,10,28,13,091,32,44,36,241,38*70
$GPRMC,115335.000,A,2632.9365,N,07703.2101,W,0.05,175.33,280324,,,D*7D
$GPVTG,175.33,T,,M,0.05,N,0.1,K,D*0F
$GPGGA,115340.000,2632.9366,N,07703.2102,W,2,09,0.9,0.5,M,-33.0,M,4.8,0000*48
$GPGSA,A,3,09,28,31,27,26,08,04,03,16,,,,1.7,0.9,1.5*31
$GPGSV,3,1,10,16,67,002,33,04,62,315,39,27,53,145,41,26,37,037,37*75
$GPGSV,3,2,10,31,33,072,43,08,29,184,37,03,25,233,31,09,20,319,30*74
$GPGSV,3,3,10,28,13,091,28,44,36,241,38*7B
$GPRMC,115340.000,A,2632.9366,N,07703.2102,W,0.05,289.62,280324,,,D*7B
$GPVTG,289.62,T,,M,0.05,N,0.1,K,D*0B
$GPGGA,115345.000,2632.9368,N,07703.2101,W,2,09,0.9,0.7,M,-33.0,M,2.8,0000*44
$GPGSA,A,3,09,28,31,27,26,08,04,03,16,,,,1.7,0.9,1.5*31
$GPGSV,3,1,10,16,67,002,33,04,62,314,39,27,53,144,41,26,37,038,38*75
$GPGSV,3,2,10,31,33,072,43,08,29,184,37,03,25,233,32,09,20,319,30*77
$GPGSV,3,3,10,28,12,091,29,44,36,241,37*74
$GPRMC,115345.000,A,2632.9368,N,07703.2101,W,0.08,22.78,280324,,,D*46
$GPVTG,22.78,T,,M,0.08,N,0.1,K,D*3E
$GPGGA,115350.000,2632.9369,N,07703.2101,W,2,09,0.9,0.9,M,-33.0,M,2.8,0000*4F
$GPGSA,A,3,09,28,31,27,26,08,04,03,16,,,,1.7,0.9,1.5*31
$GPGSV,3,1,10,16,67,002,33,04,62,314,39,27,53,144,41,26,37,038,39*74
$GPGSV,3,2,10,31,33,072,43,08,29,184,37,03,25,233,32,09,20,319,31*76
$GPGSV,3,3,10,28,12,091,30,44,36,241,36*7D
$GPVTG,333.49,T,,M,0.03,N,0.1,K,D*04
$GPGGA,115355.000,2632.9369,N,07703.2101,W,2,09,0.9,1.2,M,-33.0,M,1.8,0000*43
$GPGSA,A,3,09,28,31,27,26,08,04,03,16,,,,1.7,0.9,1.5*31
$GPGSV,3,1,10,16,67,002,29,04,62,314,39,27,53,144,40,26,37,038,39*7E
$GPGSV,3,2,10,31,33,072,42,08,29,184,37,03,25,233,32,09,20,319,31*77
$GPGSV,3,3,10,28,12,091,30,44,36,241,36*7D
$GPRMC,115355.000,A,2632.9369,N,07703.2101,W,0.09,123.83,280324,,,D*73
$GPVTG,123.83,T,,M,0.09,N,0.2,K,D*08
$GPGGA,115400.000,2632.9371,N,07703.2099,W,2,09,0.9,1.4,M,-33.0,M,1.8,0000*4B
$GPGSA,A,3,09,28,31,27,26,08,04,03,16,,,,1.7,0.9,1.5*31
$GPGSV,3,1,10,16,67,002,32,04,62,314,39,27,53,144,41,26,37,038,39*75
$GPGSV,3,2,10,31,33,072,42,08,29,184,38,03,25,233,33,09,20,319,31*79
$GPGSV,3,3,10,28,12,091,30,44,36,241,38*73
$GPRMC,115400.000,A,2632.9371,N,07703.2099,W,0.07,42.17,280324,,,D*48
$GPVTG,42.17,T,,M,0.07,N,0.1,K,D*3E
$GPGGA,115405.000,2632.9371,N,07703.2098,W,2,09,0.9,1.6,M,-33.0,M,1.8,0000*4D
$GPGSA,A,3,09,28,31,27,26,08,04,03,16,,,,1.7,0.9,1.5*31
$GPGSV,3,1,10,16,67,002,33,04,62,314,39,27,53,144,41,26,37,038,39*74
$GPGSV,3,2,10,31,33,072,43,08,29,184,38,03,25,233,33,09,20,319,30*79
$GPGSV,3,3,10,28,12,091,29,44,36,241,36*75
$GPRMC,115405.000,A,2632.9371,N,07703.2098,W,0.13,106.91,280324,,,D*76
$GPVTG,106.91,T,,M,0.13,N,0.2,K,D*07
$GPGGA,115410.000,2632.9371,N,07703.2095,W,2,09,0.9,1.5,M,-33.0,M,3.8,0000*45
$GPGSA,A,3,09,28,31,27,26,08,04,03,16,,,,1.7,0.9,1.5*31
$GPGSV,3,1,10,16,67,002,33,04,62,314,39,27,53,144,40,26,37,038,39*75
$GPGSV,3,2,10,31,33,072,42,08,29,184,38,03,25,233,33,09,20,319,29*70
$GPGSV,3,3,10,28,12,091,30,44,36,241,34*7F
$GPRMC,115410.000,A,2632.9371,N,07703.2095,W,0.15,95.64,280324,,,D*48
$GPVTG,95.64,T,,M,0.15,N,0.3,K,D*31
$GPGGA,115415.000,2632.9370,N,07703.2093,W,2,09,0.9,1.6,M,-33.0,M,3.8,0000*44
$GPGSA,A,3,09,28,31,27,26,08,04,03,16,,,,1.7,0.9,1.5*31
$GPGSV,3,1,10,16,67,002,33,04,62,314,38,27,53,144,39,26,37,038,38*7B
$GPGSV,3,2,10,31,33,072,42,08,29,184,38,03,25,233,34,09,20,319,30*7F
$GPGSV,3,3,10,28,12,091,31,44,36,241,35*7F
$GPVTG,112.34,T,,M,0.16,N,0.3,K,D*09
$GPGGA,115420.000,2632.9369,N,07703.2092,W,2,09,0.9,1.3,M,-33.0,M,2.8,0000*4F
$GPGSA,A,3,09,28,31,27,26,08,04,03,16,,,,1.7,0.9,1.5*31
$GPGSV,3,1,10,16,67,002,33,04,62,314,37,27,53,144,40,26,37,038,38*7A
$GPGSV,3,2,10,31,33,072,42,08,29,184,38,03,25,233,35,09,20,319,30*7E
$GPGSV,3,3,10,28,12,091,32,44,36,241,32*7B
$GPRMC,115420.000,A,2632.9369,N,07703.2092,W,0.09,115.70,280324,,,D*74
$GPVTG,115.70,T,,M,0.09,N,0.2,K,D*01
$GPGGA,115425.000,2632.9368,N,07703.2092,W,2,09,0.9,0.9,M,-33.0,M,1.8,0000*43
$GPGSA,A,3,09,28,31,27,26,08,04,03,16,,,,1.7,0.9,1.5*31
$GPGSV,3,1,10,16,67,002,33,04,62,314,37,27,53,144,40,26,37,038,38*7A
$GPGSV,3,2,10,31,33,072,42,08,29,184,37,03,25,233,36,09,20,319,30*72
$GPGSV,3,3,10,28,12,091,33,44,36,241,31*79
$GPRMC,115425.000,A,2632.9368,N,07703.2092,W,0.09,171.83,280324,,,D*7E
$GPVTG,171.83,T,,M,0.09,N,0.2,K,D*0F
$GPGGA,115430.000,2632.9366,N,07703.2092,W,2,09,0.9,0.8,M,-33.0,M,1.8,0000*48
$GPGSA,A,3,09,28,31,27,26,08,04,03,16,,,,1.7,0.9,1.5*31
$GPGSV,3,1,10,16,67,002,33,04,62,314,37,27,53,144,41,26,37,038,39*7A
$GPGSV,3,2,10,31,33,072,41,08,29,184,37,03,25,233,36,09,20,319,30*71
$GPGSV,3,3,10,28,12,091,34,44,36,241,31*7E
$GPRMC,115430.000,A,2632.9366,N,07703.2092,W,0.12,165.01,280324,,,D*71
$GPVTG,165.01,T,,M,0.12,N,0.2,K,D*0A
$GPGGA,115435.000,2632.9365,N,07703.2092,W,2,09,0.9,0.5,M,-33.0,M,1.8,0000*43
$GPGSA,A,3,09,28,31,27,26,08,04,03,16,,,,1.7,0.9,1.5*31
$GPGSV,3,1,10,16,67,002,33,04,62,314,36,27,53,144,41,26,37,038,39*7B
$GPGSV,3,2,10,31,33,072,41,08,29,184,37,03,25,233,36,09,20,319,30*71
$GPGSV,3,3,10,28,12,091,34,44,36,241,31*7E
$GPRMC,115435.000,A,2632.9365,N,07703.2092,W,0.04,152.07,280324,,,D*72
$GPVTG,152.07,T,,M,0.04,N,0.1,K,D*0C
$GPGGA,115440.000,2632.9364,N,07703.2092,W,2,09,0.9,0.4,M,-33.0,M,1.8,0000*41
$GPGSA,A,3,09,28,31,27,26,08,04,03,16,,,,1.7,0.9,1.5*31
$GPGSV,3,1,10,16,67,002,33,04,62,314,36,27,53,144,41,26,37,038,39*7B
$GPGSV,3,2,10,31,33,072,41,08,29,184,38,03,25,233,37,09,20,319,30*7F
$GPRMC,115440.000,A,2632.9364,N,07703.2092,W,0.04,203.15,280324,,,D*75
$GPVTG,203.15,T,,M,0.04,N,0.1,K,D*08
$GPGGA,115445.000,2632.9363,N,07703.2091,W,2,09,0.9,0.5,M,-33.0,M,3.8,0000*43
$GPGSA,A,3,09,28,31,27,26,08,04,03,16,,,,1.7,0.9,1.5*31
$GPGSV,3,1,10,16,67,002,34,04,62,314,36,27,53,144,40,26,37,038,39*7D
$GPGSV,3,2,10,31,33,072,41,08,29,184,38,03,25,233,37,09,20,319,30*7F
$GPGSV,3,3,10,28,12,091,34,44,36,241,33*7C
$GPRMC,115445.000,A,2632.9363,N,07703.2091,W,0.11,85.25,280324,,,D*4F
$GPGGA,115450.000,2632.9364,N,07703.2090,W,2,09,0.9,0.4,M,-33.0,M,2.8,0000*41
$GPGSA,A,3,09,28,31,27,26,08,04,03,16,,,,1.7,0.9,1.5*31
$GPGSV,3,1,10,16,67,002,34,04,62,314,36,27,53,144,39,26,37,038,38*72
$GPGSV,3,2,10,31,33,072,41,08,29,184,38,03,25,233,36,09,20,319,18*74
$GPGSV,3,3,10,28,12,091,33,44,36,241,33*7B
$GPRMC,115450.000,A,2632.9364,N,07703.2090,W,0.09,1.57,280324,,,D*7D
$GPVTG,1.57,T,,M,0.09,N,0.2,K,D*00
$GPGGA,115455.000,2632.9364,N,07703.2089,W,2,09,0.9,0.4,M,-33.0,M,1.8,0000*4F
$GPGSA,A,3,09,28,31,27,26,08,04,03,16,,,,1.7,0.9,1.5*31
$GPGSV,3,1,10,16,67,002,35,04,62,314,35,27,53,144,38,26,37,038,38*71
$GPGSV,3,2,10,31,33,072,41,08,29,184,38,03,25,233,36,09,20,319,28*77
$GPGSV,3,3,10,28,12,091,32,44,36,241,34*7D
$GPRMC,115455.000,A,2632.9364,N,07703.2089,W,0.12,73.32,280324,,,D*4C
$GPVTG,73.32,T,,M,0.12,N,0.2,K,D*3C
$GPGGA,115500.000,2632.9364,N,07703.2087,W,2,09,0.9,0.4,M,-33.0,M,1.8,0000*40
$GPGSA,A,3,09,28,31,27,26,08,04,03,16,,,,1.7,0.9,1.5*31
$GPGSV,3,1,10,16,67,002,35,04,62,314,35,27,53,144,39,26,37,038,38*70
$GPGSV,3,2,10,31,33,072,42,08,29,184,38,03,25,233,35,09,20,319,28*77
$GPGSV,3,3,10,28,12,091,32,44,36,241,34*7D
$GPRMC,115500.000,A,2632.9364,N,07703.2087,W,0.03,6.12,280324,,,D*73
$GPVTG,6.12,T,,M,0.03,N,0.1,K,D*0F
$GPGGA,115505.000,2632.9364,N,07703.2088,W,2,09,0.9,0.4,M,-33.0,M,1.8,0000*4A
$GPGSA,A,3,09,28,31,27,26,08,04,03,16,,,,1.7,0.9,1.5*31
$GPGSV,3,1,10,16,67,002,35,04,62,314,36,27,53,144,39,26,37,038,38*73
$GPGSV,3,2,10,31,33,072,42,08,29,184,38,03,25,233,34,09,20,319,25*7B
$GPGSV,3,3,10,28,12,091,32,44,36,241,35*7C
$GPRMC,115505.000,A,2632.9364,N,07703.2088,W,0.06,341.26,280324,,,D*7B
$GPVTG,341.26,T,,M,0.06,N,0.1,K,D*0D
$GPGGA,115510.000,2632.9364,N,07703.2086,W,2,09,0.9,0.7,M,-33.0,M,4.8,0000*46
$GPGSA,A,3,09,28,31,27,26,08,04,03,16,,,,1.7,0.9,1.5*31
$GPGSV,3,1,10,16,67,002,35,04,62,314,38,27,53,144,40,26,37,038,39*72
$GPGSV,3,2,10,31,33,072,42,08,29,184,38,03,25,233,34,09,20,319,25*7B
$GPGSV,3,3,10,28,12,091,31,44,36,241,37*7D
$GPRMC,115510.000,A,2632.9364,N,07703.2086,W,0.05,30.10,280324,,,D*42
$GPGGA,115515.000,2632.9364,N,07703.2088,W,2,09,0.9,0.7,M,-33.0,M,3.8,0000*4A
$GPGSA,A,3,09,28,31,27,26,08,04,03,16,,,,1.7,0.9,1.5*31
$GPGSV,3,1,10,16,67,002,30,04,62,314,38,27,53,144,40,26,37,038,39*77
$GPGSV,3,2,10,31,33,072,42,08,29,184,38,03,25,233,34,09,20,319,26*78
$GPGSV,3,3,10,28,12,091,30,44,36,241,34*7F
$GPRMC,115515.000,A,2632.9364,N,07703.2088,W,0.18,294.21,280324,,,D*7B
$GPVTG,294.21,T,,M,0.18,N,0.3,K,D*0E
$GPGGA,115520.000,2632.9365,N,07703.2089,W,2,09,0.9,0.9,M,-33.0,M,1.8,0000*40
$GPGSA,A,3,09,28,31,27,26,08,04,03,16,,,,1.7,0.9,1.5*31
$GPGSV,3,1,10,16,67,002,32,04,62,314,39,27,53,144,40,26,37,038,39*74
$GPGSV,3,2,10,31,33,072,42,08,29,184,39,03,25,233,35,09,20,319,27*79
$GPGSV,3,3,10,28,12,091,31,44,36,241,37*7D
$GPRMC,115520.000,A,2632.9365,N,07703.2089,W,0.10,16.20,280324,,,D*4C
$GPVTG,16.20,T,,M,0.10,N,0.2,K,D*3E
$GPGGA,115525.000,2632.9366,N,07703.2089,W,2,09,0.9,1.1,M,-33.0,M,1.8,0000*4F
$GPGSA,A,3,09,28,31,27,26,08,04,03,16,,,,1.7,0.9,1.5*31
$GPGSV,3,1,10,16,67,002,33,04,62,314,38,27,53,144,41,26,37,038,39*75
$GPGSV,3,2,10,31,33,072,42,08,29,184,40,03,25,233,35,09,20,319,28*78
$GPGSV,3,3,10,28,12,091,30,44,36,241,34*7F
$GPRMC,115525.000,A,2632.9366,N,07703.2089,W,0.11,286.84,280324,,,D*7E
$GPVTG,286.84,T,,M,0.11,N,0.2,K,D*0A
$GPGGA,115530.000,2632.9365,N,07703.2091,W,2,09,0.9,1.0,M,-33.0,M,6.8,0000*47
$GPGSA,A,3,09,28,31,27,26,08,04,03,16,,,,1.7,0.9,1.5*31
$GPGSV,3,1,10,16,67,002,34,04,62,314,38,27,53,144,41,26,37,038,39*72
$GPGSV,3,2,10,31,33,072,42,08,29,184,40,03,25,233,34,09,20,319,29*78
$GPGSV,3,3,10,28,12,091,31,44,36,241,35*7F
$GPRMC,115530.000,A,2632.9365,N,07703.2091,W,0.09,236.61,280324,,,D*79
$GPVTG,236.61,T,,M,0.09,N,0.2,K,D*03
$GPGGA,115535.000,2632.9364,N,07703.2093,W,2,09,0.9,0.7,M,-33.0,M,1.8,0000*40
$GPGSA,A,3,09,28,31,27,26,08,04,03,16,,,,1.7,0.9,1.5*31
$GPGSV,3,1,10,16,67,002,34,04,62,314,38,27,53,144,41,26,37,038,38*73
$GPGSV,3,2,10,31,33,072,42,08,29,184,40,03,25,233,34,09,20,319,30*70
$GPRMC,115535.000,A,2632.9364,N,07703.2093,W,0.10,224.24,280324,,,D*75
$GPVTG,224.24,T,,M,0.10,N,0.2,K,D*09
$GPGGA,115540.000,2632.9363,N,07703.2093,W,2,09,0.9,0.8,M,-33.0,M,3.8,0000*48
$GPGSA,A,3,09,28,31,27,26,08,04,03,16,,,,1.7,0.9,1.5*31
$GPGSV,3,1,10,16,66,004,34,04,63,313,38,27,54,143,41,26,36,038,38*73
$GPGSV,3,2,10,31,33,073,41,08,30,184,40,03,24,232,34,09,21,319,30*7B
$GPGSV,3,3,10,28,12,092,33,44,36,241,35*7E
$GPRMC,115540.000,A,2632.9363,N,07703.2093,W,0.05,222.01,280324,,,D*75
$GPVTG,222.01,T,,M,0.05,N,0.1,K,D*0F
$GPGGA,115545.000,2632.9363,N,07703.2093,W,2,09,0.9,1.2,M,-33.0,M,2.8,0000*47
$GPGSA,A,3,09,28,31,27,26,08,04,03,16,,,,1.7,0.9,1.5*31
$GPGSV,3,1,10,16,66,004,34,04,63,313,38,27,54,143,41,26,36,038,38*73
$GPGSV,3,2,10,31,33,073,41,08,30,184,41,03,24,232,34,09,21,319,31*7B
$GPGSV,3,3,10,28,12,092,33,44,36,241,35*7E
$GPRMC,115545.000,A,2632.9363,N,07703.2093,W,0.02,24.00,280324,,,D*42
$GPVTG,24.00,T,,M,0.02,N,0.0,K,D*3C
$GPGGA,115550.000,2632.9363,N,07703.2094,W,2,09,0.9,1.2,M,-33.0,M,1.8,0000*47
$GPGSA,A,3,09,28,31,27,26,08,04,03,16,,,,1.7,0.9,1.5*31
$GPGSV,3,1,10,16,66,004,34,04,63,313,38,27,54,143,41,26,36,038,38*73
$GPGSV,3,2,10,31,33,073,41,08,30,184,41,03,24,232,35,09,21,319,31*7A
$GPGSV,3,3,10,28,12,092,34,44,36,241,36*7A
$GPRMC,115550.000,A,2632.9363,N,07703.2094,W,0.12,289.25,280324,,,D*72
$GPVTG,289.25,T,,M,0.12,N,0.2,K,D*0D
$GPGGA,115555.000,2632.9363,N,07703.2095,W,2,09,0.9,1.3,M,-33.0,M,1.8,0000*42
$GPGSA,A,3,09,28,31,27,26,08,04,03,16,,,,1.7,0.9,1.5*31
$GPGSV,3,1,10,16,66,004,34,04,63,313,39,27,54,143,41,26,36,038,39*73
$GPGSV,3,2,10,31,33,073,41,08,30,184,41,03,24,232,36,09,21,319,31*79
$GPGSV,3,3,10,28,12,092,33,44,36,241,35*7E
$GPRMC,115555.000,A,2632.9363,N,07703.2095,W,0.10,358.68,280324,,,D*70
$GPVTG,358.68,T,,M,0.10,N,0.2,K,D*0B
$GPGGA,115600.000,2632.9364,N,07703.2094,W,2,09,0.9,1.6,M,-33.0,M,6.8,0000*45
$GPGSA,A,3,09,28,31,27,26,08,04,03,16,,,,1.7,0.9,1.5*31
$GPGSV,3,1,10,16,66,004,34,04,63,313,39,27,54,143,41,26,36,038,40*7D
$GPGSV,3,2,10,31,33,073,40,08,30,184,41,03,24,232,35,09,21,319,31*7B
$GPGSV,3,3,10,28,12,092,34,44,36,241,31*7D
$GPRMC,115600.000,A,2632.9364,N,07703.2094,W,0.13,31.16,280324,,,D*43
$GPVTG,31.16,T,,M,0.13,N,0.2,K,D*3D
$GPGGA,115605.000,2632.9365,N,07703.2093,W,2,09,0.9,1.9,M,-33.0,M,1.8,0000*4E
$GPGSA,A,3,09,28,31,27,26,08,04,03,16,,,,1.7,0.9,1.5*31
$GPGSV,3,1,10,16,66,004,34,04,63,313,39,27,54,143,41,26,36,038,39*73
$GPGSV,3,2,10,31,33,073,40,08,30,184,41,03,24,232,34,09,21,319,31*7A
$GPGSV,3,3,10,28,12,092,33,44,36,241,31*7A
$GPVTG,29.04,T,,M,0.14,N,0.3,K,D*31
$GPGGA,115610.000,2632.9366,N,07703.2092,W,2,09,0.9,2.2,M,-33.0,M,1.8,0000*40
$GPGSA,A,3,09,28,31,27,26,08,04,03,16,,,,1.7,0.9,1.5*31
$GPGSV,3,1,10,16,66,004,33,04,64,313,39,27,54,143,41,26,36,038,39*73
$GPGSV,3,2,10,31,33,073,40,08,30,184,41,03,24,232,33,09,21,319,31*7D
$GPGSV,3,3,10,28,12,092,32,44,36,241,31*7B
$GPRMC,115610.000,A,2632.9366,N,07703.2092,W,0.11,45.13,280324,,,D*42
$GPVTG,45.13,T,,M,0.11,N,0.2,K,D*39
$GPGGA,115615.000,2632.9366,N,07703.2091,W,2,09,0.9,2.5,M,-33.0,M,3.8,0000*43
$GPGSA,A,3,09,28,31,27,26,08,04,03,16,,,,1.7,0.9,1.5*31
$GPGSV,3,1,10,16,66,004,33,04,64,313,40,27,54,143,41,26,36,038,39*7D
$GPGSV,3,2,10,31,33,074,40,08,31,184,41,03,24,232,34,09,21,319,31*7C
$GPGSV,3,3,10,28,12,092,33,44,36,241,33*78
$GPRMC,115615.000,A,2632.9366,N,07703.2091,W,0.08,67.65,280324,,,D*4D
$GPVTG,67.65,T,,M,0.08,N,0.2,K,D*30
$GPGGA,115620.000,2632.9366,N,07703.2091,W,2,09,0.9,2.5,M,-33.0,M,2.8,0000*44
$GPGSA,A,3,09,28,31,27,26,08,04,03,16,,,,1.7,0.9,1.5*31
$GPGSV,3,1,10,16,66,004,33,04,64,313,40,27,54,143,41,26,36,038,33*77
$GPGSV,3,2,10,31,33,074,40,08,31,184,41,03,24,232,35,09,21,319,31*7D
$GPGSV,3,3,10,28,12,092,33,44,36,241,37*7C
$GPRMC,115620.000,A,2632.9366,N,07703.2091,W,0.08,48.08,280324,,,D*4D
$GPVTG,48.08,T,,M,0.08,N,0.1,K,D*35
$GPGGA,115625.000,2632.9367,N,07703.2091,W,2,09,0.9,2.2,M,-33.0,M,1.8,0000*44
$GPGSA,A,3,09,28,31,27,26,08,04,03,16,,,,1.7,0.9,1.5*31
$GPGSV,3,1,10,16,66,004,33,04,64,313,39,27,54,143,41,26,36,038,36*7C
$GPGSV,3,2,10,31,33,074,40,08,31,184,41,03,24,232,35,09,21,319,32*7E
$GPGSV,3,3,10,28,12,092,33,44,36,241,35*7E
$GPRMC,115625.000,A,2632.9367,N,07703.2091,W,0.07,40.54,280324,,,D*47
$GPVTG,40.54,T,,M,0.07,N,0.1,K,D*3B
$GPGGA,115630.000,2632.9367,N,07703.2091,W,2,09,0.9,1.9,M,-33.0,M,5.8,0000*4C
$GPGSA,A,3,09,28,31,27,26,08,04,03,16,,,,1.7,0.9,1.5*31
$GPGSV,3,1,10,16,66,004,33,04,64,313,38,27,54,143,41,26,36,038,37*7C
$GPGSV,3,2,10,31,33,074,41,08,31,184,41,03,24,232,28,09,21,319,32*73
$GPGSV,3,3,10,28,12,092,29,44,36,241,35*75
$GPVTG,1.98,T,,M,0.06,N,0.1,K,D*0F
$GPGGA,115635.000,2632.9367,N,07703.2091,W,2,09,0.9,1.5,M,-33.0,M,1.8,0000*41
$GPGSA,A,3,09,28,31,27,26,08,04,03,16,,,,1.7,0.9,1.5*31
$GPGSV,3,1,10,16,66,004,33,04,64,313,38,27,54,143,41,26,36,038,38*73
$GPGSV,3,2,10,31,33,074,41,08,31,184,40,03,24,232,33,09,21,319,32*78
$GPGSV,3,3,10,28,12,092,30,44,36,241,36*7E
$GPRMC,115635.000,A,2632.9367,N,07703.2091,W,0.07,55.80,280324,,,D*4B
$GPVTG,55.80,T,,M,0.07,N,0.1,K,D*36
$GPGGA,115640.000,2632.9367,N,07703.2090,W,2,09,0.9,1.4,M,-33.0,M,1.8,0000*43
$GPGSA,A,3,09,28,31,27,26,08,04,03,16,,,,1.7,0.9,1.5*31
$GPGSV,3,1,10,16,66,004,32,04,64,313,38,27,54,143,41,26,36,038,39*73
$GPGSV,3,2,10,31,33,074,41,08,31,184,40,03,24,232,34,09,21,319,31*7C
$GPGSV,3,3,10,28,12,093,31,44,36,241,36*7E
$GPRMC,115640.000,A,2632.9367,N,07703.2090,W,0.09,74.70,280324,,,D*4A
$GPVTG,74.70,T,,M,0.09,N,0.2,K,D*37
$GPGGA,115645.000,2632.9367,N,07703.2089,W,2,09,0.9,1.7,M,-33.0,M,3.8,0000*4F
$GPGSA,A,3,09,28,31,27,26,08,04,03,16,,,,1.7,0.9,1.5*31
$GPGSV,3,1,11,16,65,004,31,04,64,313,39,27,54,143,41,26,36,038,39*73
$GPGSV,3,2,11,31,33,074,41,08,31,184,40,03,24,231,35,09,21,319,32*7C
$GPGSV,3,3,11,28,12,093,30,07,00,291,,44,36,241,33*46
$GPRMC,115645.000,A,2632.9367,N,07703.2089,W,0.07,74.07,280324,,,D*49
$GPVTG,74.07,T,,M,0.07,N,0.1,K,D*3A
$GPGGA,115650.000,2632.9367,N,07703.2089,W,2,09,0.9,1.6,M,-33.0,M,2.8,0000*4B
$GPGSA,A,3,09,28,31,27,26,08,04,03,16,,,,1.7,0.9,1.5*31
$GPGSV,3,1,11,16,65,004,31,04,64,313,39,27,54,143,40,26,36,038,39*72
$GPGSV,3,2,11,31,33,074,42,08,31,184,40,03,24,231,34,09,21,319,25*78
$GPGSV,3,3,11,28,12,093,29,07,00,291,,44,36,241,30*4D
$GPRMC,115650.000,A,2632.9367,N,07703.2089,W,0.07,138.69,280324,,,D*7C
$GPVTG,138.69,T,,M,0.07,N,0.1,K,D*0B
$GPGGA,115655.000,2632.9366,N,07703.2089,W,2,09,0.9,0.9,M,-33.0,M,1.8,0000*42
$GPGSA,A,3,09,28,31,27,26,08,04,03,16,,,,1.7,0.9,1.5*31
$GPGSV,3,1,11,16,65,004,31,04,64,313,39,27,54,143,40,26,36,038,39*72
$GPGSV,3,2,11,31,33,074,42,08,31,184,39,03,24,231,35,09,21,319,26*74
$GPGSV,3,3,11,28,12,093,29,07,00,291,,44,36,241,29*45
$GPRMC,115655.000,A,2632.9366,N,07703.2089,W,0.03,186.34,280324,,,D*71
$GPVTG,186.34,T,,M,0.03,N,0.0,K,D*03
$GPGGA,115700.000,2632.9366,N,07703.2090,W,2,09,0.9,0.0,M,-33.0,M,1.8,0000*42
$GPGSA,A,3,09,28,31,27,26,08,04,03,16,,,,1.7,0.9,1.5*31
$GPGSV,3,1,11,16,65,004,32,04,64,313,39,27,54,143,40,26,36,038,39*71
$GPGSV,3,2,11,31,33,074,43,08,31,184,39,03,24,231,35,09,21,319,26*75
$GPGSV,3,3,11,28,12,093,29,07,00,291,,44,36,241,31*4C
$GPVTG,313.47,T,,M,0.07,N,0.1,K,D*0C
$GPGGA,115705.000,2632.9366,N,07703.2091,W,2,09,0.9,-0.3,M,-33.0,M,1.8,0000*68
$GPGSA,A,3,09,28,31,27,26,08,04,03,16,,,,1.7,0.9,1.5*31
$GPGSV,3,1,11,16,65,004,32,04,64,313,39,27,54,143,40,26,36,038,40*7F
$GPGSV,3,2,11,31,33,074,43,08,31,184,39,03,24,231,35,09,21,319,26*75
$GPGSV,3,3,11,28,12,093,29,07,00,291,,44,36,241,31*4C
$GPRMC,115705.000,A,2632.9366,N,07703.2091,W,0.04,264.78,280324,,,D*7C
$GPVTG,264.78,T,,M,0.04,N,0.1,K,D*02
$GPGGA,115710.000,2632.9366,N,07703.2092,W,2,09,0.9,-0.2,M,-33.0,M,2.8,0000*6D
$GPGSA,A,3,09,28,31,27,26,08,04,03,16,,,,1.7,0.9,1.5*31
$GPGSV,3,1,11,16,65,004,33,04,64,313,39,27,54,143,40,26,36,038,40*7E
$GPGSV,3,2,11,31,33,074,43,08,31,184,39,03,24,231,35,09,21,319,26*75
$GPGSV,3,3,11,28,12,093,29,07,00,291,,44,36,241,30*4D
$GPRMC,115710.000,A,2632.9366,N,07703.2092,W,0.08,339.69,280324,,,D*7E
$GPVTG,339.69,T,,M,0.08,N,0.1,K,D*07
$GPGGA,115715.000,2632.9367,N,07703.2093,W,2,09,0.9,-0.3,M,-33.0,M,4.8,0000*6F
$GPGSA,A,3,09,28,31,27,26,08,04,03,16,,,,1.7,0.9,1.5*31
$GPGSV,3,1,11,16,65,004,32,04,64,313,40,27,54,143,40,26,36,038,39*7F
$GPGSV,3,2,11,31,33,074,43,08,31,184,39,03,24,231,35,09,21,319,27*74
$GPGSV,3,3,11,28,12,093,29,07,00,291,,44,36,241,29*45
$GPRMC,115715.000,A,2632.9367,N,07703.2093,W,0.06,318.81,280324,,,D*70
$GPVTG,318.81,T,,M,0.06,N,0.1,K,D*0C
$GPGGA,115720.000,2632.9368,N,07703.2094,W,2,09,0.9,-0.2,M,-33.0,M,3.8,0000*67
$GPGSA,A,3,09,28,31,27,26,08,04,03,16,,,,1.7,0.9,1.5*31
$GPGSV,3,1,11,16,65,004,32,04,64,313,40,27,54,143,40,26,36,038,36*70
$GPGSV,3,2,11,31,33,074,43,08,31,184,39,03,24,231,35,09,21,319,27*74
$GPGSV,3,3,11,28,12,093,28,07,00,291,,44,36,241,31*4D
$GPRMC,115720.000,A,2632.9368,N,07703.2094,W,0.16,335.34,280324,,,D*7E
$GPVTG,335.34,T,,M,0.16,N,0.3,K,D*0E
$GPGGA,115725.000,2632.9370,N,07703.2095,W,2,09,0.9,-0.3,M,-33.0,M,1.8,0000*69
$GPGSA,A,3,09,28,31,27,26,08,04,03,16,,,,1.7,0.9,1.5*31
$GPGSV,3,1,11,16,65,004,31,04,64,313,40,27,54,143,40,26,36,038,37*72
$GPGSV,3,2,11,31,33,074,42,08,31,184,39,03,24,231,35,09,21,319,29*7B
$GPGSV,3,3,11,28,12,093,28,07,00,291,,44,36,241,34*48
$GPRMC,115725.000,A,2632.9370,N,07703.2095,W,0.12,341.71,280324,,,D*75
$GPVTG,341.71,T,,M,0.12,N,0.2,K,D*09
$GPGGA,115730.000,2632.9370,N,07703.2096,W,2,09,0.9,-0.5,M,-33.0,M,1.8,0000*68
$GPGSA,A,3,09,28,31,27,26,08,04,03,16,,,,1.7,0.9,1.5*31
$GPGSV,3,1,11,16,65,004,30,04,64,313,40,27,54,143,40,26,36,038,38*7C
$GPGSV,3,2,11,31,33,074,42,08,31,184,39,03,24,231,35,09,21,319,30*73
$GPGSV,3,3,11,28,12,093,28,07,00,291,,44,36,241,34*48
$GPVTG,330.59,T,,M,0.10,N,0.2,K,D*07
$GPGGA,115735.000,2632.9371,N,07703.2096,W,2,09,0.9,-0.2,M,-33.0,M,1.8,0000*6B
$GPGSA,A,3,09,28,31,27,26,08,04,03,16,,,,1.7,0.9,1.5*31
$GPGSV,3,1,11,16,65,004,30,04,64,313,40,27,54,143,41,26,36,038,38*7D
$GPGSV,3,2,11,31,33,074,42,08,31,184,39,03,24,231,35,09,21,319,30*73
$GPGSV,3,3,11,28,12,093,29,07,00,291,,44,36,241,37*4A
$GPRMC,115735.000,A,2632.9371,N,07703.2096,W,0.09,330.86,280324,,,D*72
$GPVTG,330.86,T,,M,0.09,N,0.2,K,D*0D
$GPGGA,115740.000,2632.9370,N,07703.2098,W,2,09,0.9,-0.5,M,-33.0,M,3.8,0000*63
$GPGSA,A,3,09,28,31,27,26,08,04,03,16,,,,1.7,0.9,1.5*31
$GPGSV,3,1,11,16,65,004,30,04,64,313,39,27,54,143,41,26,36,038,39*72
$GPGSV,3,2,11,31,33,074,42,08,31,184,39,03,24,231,34,09,21,319,30*72
$GPGSV,3,3,11,28,12,093,29,07,00,291,,44,36,241,37*4A
$GPRMC,115740.000,A,2632.9370,N,07703.2098,W,0.08,287.30,280324,,,D*7E
$GPVTG,287.30,T,,M,0.08,N,0.2,K,D*0C
$GPGGA,115745.000,2632.9370,N,07703.2099,W,2,09,0.9,-0.4,M,-33.0,M,3.8,0000*66
$GPGSA,A,3,09,28,31,27,26,08,04,03,16,,,,1.7,0.9,1.5*31
$GPGSV,3,1,11,16,65,005,30,04,64,312,39,27,55,142,41,26,35,038,39*71
$GPGSV,3,2,11,31,32,074,42,08,31,184,39,03,24,231,34,09,22,319,29*78
$GPGSV,3,3,11,28,11,093,30,07,00,292,,44,36,241,37*42
$GPRMC,115745.000,A,2632.9370,N,07703.2099,W,0.06,198.54,280324,,,D*7B
$GPVTG,198.54,T,,M,0.06,N,0.1,K,D*0E
$GPGGA,115750.000,2632.9369,N,07703.2099,W,2,09,0.9,-0.6,M,-33.0,M,2.8,0000*69
$GPGSA,A,3,09,28,31,27,26,08,04,03,16,,,,1.7,0.9,1.5*31
$GPGSV,3,1,11,16,65,005,30,04,64,312,39,27,55,142,41,26,35,038,39*71
$GPGSV,3,2,11,31,32,074,42,08,31,184,39,03,24,231,35,09,22,319,30*71
$GPGSV,3,3,11,28,11,093,30,07,00,292,,44,36,241,35*40
$GPRMC,115750.000,A,2632.9369,N,07703.2099,W,0.05,303.21,280324,,,D*76
$GPVTG,303.21,T,,M,0.05,N,0.1,K,D*0F
$GPGGA,115755.000,2632.9369,N,07703.2100,W,2,09,0.9,-0.6,M,-33.0,M,1.8,0000*6E
$GPGSA,A,3,09,28,31,27,26,08,04,03,16,,,,1.7,0.9,1.5*31
$GPGSV,3,1,11,16,65,005,29,04,64,312,39,27,55,142,41,26,35,038,39*79
$GPGSV,3,2,11,31,32,074,42,08,31,184,39,03,24,231,35,09,22,319,30*71
$GPGSV,3,3,11,28,11,093,29,07,00,292,,44,36,241,34*49
$GPRMC,115755.000,A,2632.9369,N,07703.2100,W,0.03,123.44,280324,,,D*77
$GPVTG,123.44,T,,M,0.03,N,0.0,K,D*0B
$GPGGA,115800.000,2632.9369,N,07703.2100,W,2,09,0.9,-0.5,M,-33.0,M,1.8,0000*62
$GPGSA,A,3,09,28,31,27,26,08,04,03,16,,,,1.7,0.9,1.5*31
$GPGSV,3,1,11,16,65,005,29,04,64,312,39,27,55,142,41,26,35,038,38*78
$GPGSV,3,2,11,31,32,074,42,08,31,184,39,03,24,231,36,09,22,319,31*73
$GPRMC,115800.000,A,2632.9369,N,07703.2100,W,0.08,342.17,280324,,,D*70
$GPVTG,342.17,T,,M,0.08,N,0.1,K,D*02
$GPGGA,115805.000,2632.9370,N,07703.2102,W,2,09,0.9,-0.8,M,-33.0,M,1.8,0000*60
$GPGSA,A,3,09,28,31,27,26,08,04,03,16,,,,1.7,0.9,1.5*31
$GPGSV,3,1,11,16,65,005,29,04,64,312,39,27,55,142,40,26,35,038,38*79
$GPGSV,3,2,11,31,32,074,42,08,31,184,39,03,24,231,36,09,22,319,31*73
$GPGSV,3,3,11,28,11,093,28,07,00,292,,44,36,241,33*4F
$GPRMC,115805.000,A,2632.9370,N,07703.2102,W,0.10,295.19,280324,,,D*73
$GPGGA,115810.000,2632.9371,N,07703.2102,W,2,09,0.9,-0.5,M,-33.0,M,3.8,0000*6A
$GPGSA,A,3,09,28,31,27,26,08,04,03,16,,,,1.7,0.9,1.5*31
$GPGSV,3,1,11,16,65,005,29,04,64,312,40,27,55,142,40,26,35,039,38*76
$GPGSV,3,2,11,31,32,074,42,08,31,184,39,03,23,231,36,09,22,319,31*74
$GPGSV,3,3,11,28,11,093,28,07,00,292,,44,36,241,33*4F
$GPRMC,115810.000,A,2632.9371,N,07703.2102,W,0.05,350.43,280324,,,D*75
$GPVTG,350.43,T,,M,0.05,N,0.1,K,D*0D
$GPGGA,115815.000,2632.9371,N,07703.2102,W,2,09,0.9,-0.8,M,-33.0,M,3.8,0000*62
$GPGSA,A,3,09,28,31,27,26,08,04,03,16,,,,1.7,0.9,1.5*31
$GPGSV,3,1,11,16,65,005,30,04,64,312,40,27,55,142,40,26,35,039,37*71
$GPGSV,3,2,11,31,32,075,42,08,31,184,39,03,23,231,36,09,22,319,31*75
$GPGSV,3,3,11,28,11,093,27,07,00,292,,44,36,241,34*47
$GPRMC,115815.000,A,2632.9371,N,07703.2102,W,0.05,6.50,280324,,,D*72
$GPVTG,6.50,T,,M,0.05,N,0.1,K,D*0F
$GPGGA,115820.000,2632.9372,N,07703.2102,W,2,09,0.9,-0.7,M,-33.0,M,2.8,0000*69
$GPGSA,A,3,09,28,31,27,26,08,04,03,16,,,,1.7,0.9,1.5*31
$GPGSV,3,1,11,16,65,005,30,04,64,312,40,27,55,142,40,26,35,039,37*71
$GPGSV,3,2,11,31,32,075,42,08,31,184,39,03,23,231,36,09,22,319,31*75
$GPGSV,3,3,11,28,11,093,27,07,00,292,,44,36,241,34*47
$GPRMC,115820.000,A,2632.9372,N,07703.2102,W,0.06,348.57,280324,,,D*7A
$GPVTG,348.57,T,,M,0.06,N,0.1,K,D*02
$GPGGA,115825.000,2632.9373,N,07703.2102,W,2,09,0.9,-0.6,M,-33.0,M,1.8,0000*6F
$GPGSA,A,3,09,28,31,27,26,08,04,03,16,,,,1.7,0.9,1.5*31
$GPGSV,3,1,11,16,65,005,31,04,64,312,40,27,55,142,40,26,35,039,37*70
$GPGSV,3,2,11,31,32,075,42,08,31,184,38,03,23,231,35,09,22,319,27*70
$GPGSV,3,3,11,28,11,093,27,07,00,292,,44,36,241,32*41
$GPRMC,115825.000,A,2632.9373,N,07703.2102,W,0.07,52.35,280324,,,D*43
$GPVTG,52.35,T,,M,0.07,N,0.1,K,D*3F
$GPGGA,115830.000,2632.9372,N,07703.2101,W,2,09,0.9,-1.1,M,-33.0,M,6.8,0000*68
$GPGSA,A,3,09,28,31,27,26,08,04,03,16,,,,1.7,0.9,1.5*31
$GPGSV,3,1,11,16,65,005,32,04,64,312,40,27,55,142,40,26,35,039,37*73
$GPGSV,3,2,11,31,32,075,42,08,31,184,38,03,23,231,35,09,22,319,25*72
$GPRMC,115830.000,A,2632.9372,N,07703.2101,W,0.08,78.49,280324,,,D*49
$GPVTG,78.49,T,,M,0.08,N,0.2,K,D*30
$GPGGA,115835.000,2632.9372,N,07703.2100,W,2,09,0.9,-1.6,M,-33.0,M,1.8,0000*6C
$GPGSA,A,3,09,28,31,27,26,08,04,03,16,,,,1.7,0.9,1.5*31
$GPGSV,3,1,11,16,65,005,34,04,64,312,39,27,55,142,40,26,35,039,38*74
$GPGSV,3,2,11,31,32,075,43,08,31,184,38,03,23,231,35,09,22,319,26*70
$GPGSV,3,3,11,28,11,093,27,07,00,292,,44,36,241,32*41
$GPRMC,115835.000,A,2632.9372,N,07703.2100,W,0.07,116.41,280324,,,D*73
$GPGGA,115840.000,2632.9371,N,07703.2099,W,2,09,0.9,-1.7,M,-33.0,M,4.8,0000*68
$GPGSA,A,3,09,28,31,27,26,08,04,03,16,,,,1.7,0.9,1.5*31
$GPGSV,3,1,11,16,65,005,35,04,64,312,39,27,55,142,40,26,35,039,39*74
$GPGSV,3,2,11,31,32,075,43,08,31,184,37,03,23,231,35,09,22,319,27*7E
$GPGSV,3,3,11,28,11,093,28,07,00,292,,44,36,241,36*4A
$GPRMC,115840.000,A,2632.9371,N,07703.2099,W,0.09,92.28,280324,,,D*4F
$GPVTG,92.28,T,,M,0.09,N,0.2,K,D*32
$GPGGA,115845.000,2632.9371,N,07703.2098,W,2,09,0.9,-1.7,M,-33.0,M,3.8,0000*6B
$GPGSA,A,3,09,28,31,27,26,08,04,03,16,,,,1.7,0.9,1.5*31
$GPGSV,3,1,11,16,65,005,35,04,64,312,39,27,55,142,40,26,35,039,38*75
$GPGSV,3,2,11,31,32,075,42,08,31,184,37,03,23,231,34,09,22,319,27*7E
$GPGSV,3,3,11,28,11,093,30,07,00,292,,44,36,241,33*46
$GPRMC,115845.000,A,2632.9371,N,07703.2098,W,0.07,91.16,280324,,,D*4B
$GPVTG,91.16,T,,M,0.07,N,0.1,K,D*31
$GPGGA,115850.000,2632.9371,N,07703.2096,W,2,09,0.9,-2.0,M,-33.0,M,1.8,0000*67
$GPGSA,A,3,09,28,31,27,26,08,04,03,16,,,,1.7,0.9,1.5*31
$GPGSV,3,1,11,16,65,005,36,04,64,312,39,27,55,142,39,26,35,039,37*77
$GPGSV,3,2,11,31,32,075,42,08,31,184,38,03,23,231,34,09,22,319,27*71
$GPGSV,3,3,11,28,11,093,29,07,00,292,,44,36,241,35*48
$GPRMC,115850.000,A,2632.9371,N,07703.2096,W,0.09,76.26,280324,,,D*45
$GPVTG,76.26,T,,M,0.09,N,0.2,K,D*36
$GPGGA,115855.000,2632.9370,N,07703.2096,W,2,09,0.9,-2.1,M,-33.0,M,1.8,0000*62
$GPGSA,A,3,09,28,31,27,26,08,04,03,16,,,,1.7,0.9,1.5*31
$GPGSV,3,1,11,16,65,005,37,04,64,312,39,27,55,142,38,26,35,039,37*77
$GPGSV,3,2,11,31,32,075,42,08,31,184,39,03,23,231,34,09,22,319,29*7E
$GPGSV,3,3,11,28,11,093,29,07,00,292,,44,36,241,35*48
$GPRMC,115855.000,A,2632.9370,N,07703.2096,W,0.06,329.58,280324,,,D*7E
$GPVTG,329.58,T,,M,0.06,N,0.1,K,D*0A
$GPGGA,115900.000,2632.9370,N,07703.2096,W,2,09,0.9,-1.9,M,-33.0,M,1.8,0000*68
$GPGSA,A,3,09,28,31,27,26,08,04,03,16,,,,1.7,0.9,1.5*31
$GPGSV,3,1,11,16,65,005,37,04,64,312,39,27,55,142,37,26,35,039,37*78
$GPGSV,3,2,11,31,32,075,42,08,31,184,39,03,23,231,35,09,22,319,29*7F
$GPGSV,3,3,11,28,11,093,29,07,00,292,,44,36,241,35*48
$GPVTG,29.26,T,,M,0.07,N,0.1,K,D*31
$GPGGA,115905.000,2632.9371,N,07703.2096,W,2,09,0.9,-2.0,M,-33.0,M,1.8,0000*66
$GPGSA,A,3,09,28,31,27,26,08,04,03,16,,,,1.7,0.9,1.5*31
$GPGSV,3,1,11,16,65,005,37,04,64,312,39,27,55,142,38,26,35,039,37*77
$GPGSV,3,2,11,31,32,075,42,08,31,184,40,03,23,231,34,09,22,319,29*70
$GPGSV,3,3,11,28,11,093,29,07,00,292,,44,36,241,34*49
$GPRMC,115905.000,A,2632.9371,N,07703.2096,W,0.10,296.18,280324,,,D*7D
$GPVTG,296.18,T,,M,0.10,N,0.2,K,D*0F
$GPGGA,115910.000,2632.9371,N,07703.2098,W,2,09,0.9,-1.9,M,-33.0,M,1.8,0000*66
$GPGSA,A,3,09,28,31,27,26,08,04,03,16,,,,1.7,0.9,1.5*31
$GPGSV,3,1,11,16,65,005,37,04,64,312,39,27,55,142,39,26,35,039,37*76
$GPGSV,3,2,11,31,32,075,42,08,31,184,39,03,23,231,34,09,22,319,28*7F
$GPGSV,3,3,11,28,11,093,30,07,00,292,,44,36,241,33*46
$GPRMC,115910.000,A,2632.9371,N,07703.2098,W,0.15,278.40,280324,,,D*7F
$GPVTG,278.40,T,,M,0.15,N,0.3,K,D*06
$GPGGA,115915.000,2632.9372,N,07703.2100,W,2,09,0.9,-1.9,M,-33.0,M,3.8,0000*62
$GPGSA,A,3,09,28,31,27,26,08,04,03,16,,,,1.7,0.9,1.5*31
$GPGSV,3,1,11,16,65,005,37,04,64,312,39,27,55,142,40,26,35,039,38*77
$GPGSV,3,2,11,31,32,075,42,08,31,184,38,03,23,231,34,09,22,319,28*7E
$GPGSV,3,3,11,28,11,093,30,07,00,292,,44,36,241,35*40
$GPRMC,115915.000,A,2632.9372,N,07703.2100,W,0.13,297.26,280324,,,D*7E
$GPVTG,297.26,T,,M,0.13,N,0.2,K,D*00
$GPGGA,115920.000,2632.9371,N,07703.2102,W,2,09,0.9,-1.7,M,-33.0,M,2.8,0000*6A
$GPGSA,A,3,09,28,31,27,26,08,04,03,16,,,,1.7,0.9,1.5*31
$GPGSV,3,1,11,16,65,005,36,04,64,312,39,27,55,142,40,26,35,039,38*76
$GPGSV,3,2,11,31,32,075,42,08,31,184,38,03,23,231,34,09,22,319,28*7E
$GPGSV,3,3,11,28,11,093,29,07,00,292,,44,36,241,29*45
$GPRMC,115920.000,A,2632.9371,N,07703.2102,W,0.15,269.50,280324,,,D*7F
$GPVTG,269.50,T,,M,0.15,N,0.3,K,D*07
$GPGGA,115925.000,2632.9371,N,07703.2104,W,2,09,0.9,-1.7,M,-33.0,M,1.8,0000*6A
$GPGSA,A,3,09,28,31,27,26,08,04,03,16,,,,1.7,0.9,1.5*31
$GPGSV,3,1,11,16,65,005,36,04,64,312,39,27,55,142,40,26,35,039,38*76
$GPGSV,3,2,11,31,32,075,43,08,31,184,37,03,23,231,35,09,22,319,22*7B
$GPGSV,3,3,11,28,11,093,28,07,00,292,,44,36,241,32*4E
$GPRMC,115925.000,A,2632.9371,N,07703.2104,W,0.15,281.60,280324,,,D*79
$GPVTG,281.60,T,,M,0.15,N,0.3,K,D*02
$GPGGA,115930.000,2632.9370,N,07703.2106,W,2,09,0.9,-1.8,M,-33.0,M,1.8,0000*62
$GPGSA,A,3,09,28,31,27,26,08,04,03,16,,,,1.7,0.9,1.5*31
$GPGSV,3,1,11,16,65,005,35,04,64,312,40,27,55,142,40,26,35,039,38*7B
$GPGSV,3,2,11,31,32,075,43,08,31,184,36,03,23,231,36,09,22,319,23*78
$GPRMC,115930.000,A,2632.9370,N,07703.2106,W,0.07,212.49,280324,,,D*7C
$GPVTG,212.49,T,,M,0.07,N,0.1,K,D*02
$GPGGA,115935.000,2632.9369,N,07703.2106,W,2,09,0.9,-1.5,M,-33.0,M,1.8,0000*62
$GPGSA,A,3,09,28,31,27,26,08,04,03,16,,,,1.7,0.9,1.5*31
$GPGSV,3,1,11,16,65,005,35,04,64,312,40,27,55,142,39,26,35,039,37*7A
$GPGSV,3,2,11,31,32,075,43,08,31,184,36,03,23,231,36,09,22,319,23*78
$GPGSV,3,3,11,28,11,093,27,07,00,292,,44,36,241,33*40
$GPRMC,115935.000,A,2632.9369,N,07703.2106,W,0.12,294.17,280324,,,D*70
$GPGGA,115940.000,2632.9369,N,07703.2107,W,2,09,0.9,-1.4,M,-33.0,M,3.8,0000*62
$GPGSA,A,3,09,28,31,27,26,08,04,03,16,,,,1.7,0.9,1.5*31
$GPGSV,3,1,11,04,65,311,40,16,64,006,34,27,56,141,39,26,35,039,37*7B
$GPGSV,3,2,11,08,32,184,36,31,32,075,43,03,23,230,37,09,22,319,23*7B
$GPGSV,3,3,11,28,11,094,27,07,00,292,,44,36,241,33*47
$GPRMC,115940.000,A,2632.9369,N,07703.2107,W,0.08,198.34,280324,,,D*76
$GPVTG,198.34,T,,M,0.08,N,0.2,K,D*05
$GPGGA,115945.000,2632.9369,N,07703.2108,W,2,09,0.9,-1.2,M,-33.0,M,2.8,0000*6F
$GPGSA,A,3,09,28,31,27,26,08,04,03,16,,,,1.7,0.9,1.5*31
$GPGSV,3,1,11,04,65,311,40,16,64,006,34,27,56,141,39,26,35,039,37*7B
$GPGSV,3,2,11,08,32,184,35,31,32,075,43,03,23,230,37,09,22,319,24*7F
$GPGSV,3,3,11,28,11,094,27,07,00,292,,44,36,241,35*41
$GPRMC,115945.000,A,2632.9369,N,07703.2108,W,0.10,320.17,280324,,,D*75
$GPVTG,320.17,T,,M,0.10,N,0.2,K,D*0C
$GPGGA,115950.000,2632.9369,N,07703.2110,W,2,09,0.9,-1.0,M,-33.0,M,2.8,0000*60
$GPGSA,A,3,09,28,31,27,26,08,04,03,16,,,,1.7,0.9,1.5*31
$GPGSV,3,1,11,04,65,311,40,16,64,006,34,27,56,141,39,26,35,039,37*7B
$GPGSV,3,2,11,08,32,184,36,31,32,075,43,03,23,230,37,09,22,319,25*7D
$GPGSV,3,3,11,28,11,094,27,07,00,292,,44,36,241,35*41
$GPRMC,115950.000,A,2632.9369,N,07703.2110,W,0.16,309.23,280324,,,D*72
$GPVTG,309.23,T,,M,0.16,N,0.3,K,D*07
$GPGGA,115955.000,2632.9370,N,07703.2111,W,2,09,0.9,-0.9,M,-33.0,M,1.8,0000*67
$GPGSA,A,3,09,28,31,27,26,08,04,03,16,,,,1.7,0.9,1.5*31
$GPGSV,3,1,11,04,65,311,39,16,64,006,34,27,56,141,38,26,35,039,37*74
$GPGSV,3,2,11,08,32,184,36,31,32,075,42,03,23,230,37,09,22,319,27*7E
$GPGSV,3,3,11,28,11,094,27,07,00,292,,44,36,241,35*41
$GPRMC,115955.000,A,2632.9370,N,07703.2111,W,0.09,338.54,280324,,,D*72
$GPVTG,338.54,T,,M,0.09,N,0.2,K,D*0A
$GPGGA,120000.000,2632.9371,N,07703.2112,W,2,09,0.9,-0.8,M,-33.0,M,1.8,0000*6B
$GPGSA,A,3,09,28,31,27,26,08,04,03,16,,,,1.7,0.9,1.5*31
$GPGSV,3,1,11,04,65,311,39,16,64,006,33,27,56,141,38,26,35,039,37*73
$GPGSV,3,2,11,08,32,184,36,31,32,075,42,03,23,230,36,09,22,319,28*70
$GPRMC,120000.000,A,2632.9371,N,07703.2112,W,0.03,333.90,280324,,,D*76
$GPVTG,333.90,T,,M,0.03,N,0.1,K,D*00
$GPGGA,120005.000,2632.9370,N,07703.2112,W,2,09,0.9,-0.8,M,-33.0,M,1.8,0000*6F
$GPGSA,A,3,09,28,31,27,26,08,04,03,16,,,,1.7,0.9,1.5*31
$GPGSV,3,1,11,04,65,311,39,16,64,006,34,27,56,141,38,26,35,039,38*7B
$GPGSV,3,2,11,08,32,184,36,31,32,075,42,03,23,230,36,09,22,319,27*7F
$GPGSV,3,3,11,28,11,094,27,07,00,292,,44,36,241,31*45
$GPRMC,120005.000,A,2632.9370,N,07703.2112,W,0.05,86.68,280324,,,D*4E
$GPGGA,120010.000,2632.9370,N,07703.2111,W,2,09,0.9,-0.6,M,-33.0,M,5.8,0000*62
$GPGSA,A,3,09,28,31,27,26,08,04,03,16,,,,1.7,0.9,1.5*31
$GPGSV,3,1,11,04,65,311,40,16,64,006,35,27,56,141,39,26,35,039,38*75
$GPGSV,3,2,11,08,32,184,36,31,32,075,42,03,23,230,36,09,22,319,27*7F
$GPGSV,3,3,11,28,11,094,27,07,00,292,,44,36,241,33*47
$GPRMC,120010.000,A,2632.9370,N,07703.2111,W,0.03,83.39,280324,,,D*4E
$GPVTG,83.39,T,,M,0.03,N,0.1,K,D*3B
$GPGGA,120015.000,2632.9369,N,07703.2111,W,2,09,0.9,-0.8,M,-33.0,M,3.8,0000*67
$GPGSA,A,3,09,28,31,27,26,08,04,03,16,,,,1.7,0.9,1.5*31
$GPGSV,3,1,11,04,65,311,39,16,64,006,36,27,56,141,39,26,35,039,38*78
$GPGSV,3,2,11,08,32,184,36,31,32,075,42,03,23,230,35,09,22,319,27*7C
$GPGSV,3,3,11,28,11,094,27,07,00,292,,44,36,241,35*41
$GPRMC,120015.000,A,2632.9369,N,07703.2111,W,0.03,332.32,280324,,,D*71
$GPVTG,332.32,T,,M,0.03,N,0.1,K,D*09
$GPGGA,120020.000,2632.9370,N,07703.2111,W,2,09,0.9,-1.0,M,-33.0,M,2.8,0000*61
$GPGSA,A,3,09,28,31,27,26,08,04,03,16,,,,1.7,0.9,1.5*31
$GPGSV,3,1,11,04,65,311,39,16,64,006,37,27,56,141,40,26,35,039,37*78
$GPGSV,3,2,11,08,32,184,37,31,32,075,42,03,23,230,34,09,22,319,28*73
$GPGSV,3,3,11,28,11,094,32,07,00,292,,44,36,241,34*44
$GPRMC,120020.000,A,2632.9370,N,07703.2111,W,0.12,8.44,280324,,,D*74
$GPVTG,8.44,T,,M,0.12,N,0.2,K,D*01
$GPGGA,120025.000,2632.9371,N,07703.2112,W,2,09,0.9,-1.2,M,-33.0,M,1.8,0000*67
$GPGSA,A,3,09,28,31,27,26,08,04,03,16,,,,1.7,0.9,1.5*31
$GPGSV,3,1,11,04,65,311,38,16,64,006,37,27,56,141,40,26,35,039,37*79
$GPGSV,3,2,11,08,32,184,38,31,32,075,42,03,23,230,33,09,22,319,28*7B
$GPGSV,3,3,11,28,11,094,26,07,00,292,,44,36,241,34*41
$GPRMC,120025.000,A,2632.9371,N,07703.2112,W,0.07,353.04,280324,,,D*7E
$GPVTG,353.04,T,,M,0.07,N,0.1,K,D*0F
$GPGGA,120030.000,2632.9372,N,07703.2113,W,2,09,0.9,-1.5,M,-33.0,M,1.8,0000*66
$GPGSA,A,3,09,28,31,27,26,08,04,03,16,,,,1.7,0.9,1.5*31
$GPGSV,3,1,11,04,65,311,38,16,64,006,37,27,56,141,40,26,35,039,37*79
$GPGSV,3,2,11,08,32,184,39,31,32,075,42,03,23,230,33,09,22,319,28*7A
$GPRMC,120030.000,A,2632.9372,N,07703.2113,W,0.13,355.25,280324,,,D*78
$GPVTG,355.25,T,,M,0.13,N,0.2,K,D*0C
$GPGGA,120035.000,2632.9374,N,07703.2113,W,2,09,0.9,-1.4,M,-33.0,M,1.8,0000*64
$GPGSA,A,3,09,28,31,27,26,08,04,03,16,,,,1.7,0.9,1.5*31
$GPGSV,3,1,11,04,65,311,38,16,64,006,36,27,56,141,40,26,35,039,38*77
$GPGSV,3,2,11,08,32,184,33,31,32,075,42,03,23,230,34,09,22,319,28*77
$GPGSV,3,3,11,28,11,094,33,07,00,292,,44,36,241,33*42
$GPRMC,120035.000,A,2632.9374,N,07703.2113,W,0.05,60.42,280324,,,D*48
$GPGGA,120040.000,2632.9374,N,07703.2113,W,2,09,0.9,-1.4,M,-33.0,M,2.8,0000*65
$GPGSA,A,3,09,28,31,27,26,08,04,03,16,,,,1.7,0.9,1.5*31
$GPGSV,3,1,11,04,65,311,38,16,64,006,36,27,56,141,39,26,35,039,39*78
$GPGSV,3,2,11,08,32,184,35,31,32,075,42,03,23,230,34,09,22,319,30*78
$GPGSV,3,3,11,28,11,094,33,07,00,292,,44,36,241,30*41
$GPRMC,120040.000,A,2632.9374,N,07703.2113,W,0.01,107.07,280324,,,D*7F
$GPVTG,107.07,T,,M,0.01,N,0.0,K,D*08
$GPGGA,120045.000,2632.9374,N,07703.2113,W,2,09,0.9,-1.3,M,-33.0,M,3.8,0000*66
$GPGSA,A,3,09,28,31,27,26,08,04,03,16,,,,1.7,0.9,1.5*31
$GPGSV,3,1,11,04,65,310,38,16,64,007,36,27,56,140,38,26,34,039,39*79
$GPGSV,3,2,11,08,33,184,36,31,32,076,42,09,23,319,30,03,23,230,33*7F
$GPGSV,3,3,11,28,11,094,32,07,00,293,,44,36,241,35*44
$GPRMC,120045.000,A,2632.9374,N,07703.2113,W,0.06,338.51,280324,,,D*70
$GPVTG,338.51,T,,M,0.06,N,0.1,K,D*03
$GPGGA,120050.000,2632.9374,N,07703.2113,W,2,09,0.9,-1.4,M,-33.0,M,2.8,0000*64
$GPGSA,A,3,09,28,31,27,26,08,04,03,16,,,,1.7,0.9,1.5*31
$GPGSV,3,1,11,04,65,310,38,16,64,007,35,27,56,140,39,26,34,039,38*7A
$GPGSV,3,2,11,08,33,184,37,31,32,076,42,09,23,319,30,03,23,230,33*7E
$GPGSV,3,3,11,28,11,094,25,07,00,293,,44,36,241,35*42
$GPRMC,120050.000,A,2632.9374,N,07703.2113,W,0.06,149.73,280324,,,D*70
$GPVTG,149.73,T,,M,0.06,N,0.1,K,D*07
$GPGGA,120055.000,2632.9373,N,07703.2113,W,2,09,0.9,-1.4,M,-33.0,M,1.8,0000*65
$GPGSA,A,3,09,28,31,27,26,08,04,03,16,,,,1.7,0.9,1.5*31
$GPGSV,3,1,11,04,65,310,37,16,64,007,36,27,56,140,40,26,34,039,38*78
$GPGSV,3,2,11,08,33,184,37,31,32,076,42,09,23,319,28,03,23,230,33*77
$GPGSV,3,3,11,28,11,094,26,07,00,293,,44,36,241,33*47
$GPRMC,120055.000,A,2632.9373,N,07703.2113,W,0.06,71.16,280324,,,D*4B
$GPVTG,71.16,T,,M,0.06,N,0.1,K,D*3E
$GPGGA,120100.000,2632.9374,N,07703.2112,W,2,09,0.9,-1.4,M,-33.0,M,1.8,0000*62
$GPGSA,A,3,09,28,31,27,26,08,04,03,16,,,,1.7,0.9,1.5*31
$GPGSV,3,1,11,04,65,310,36,16,64,007,36,27,56,140,41,26,34,039,38*78
$GPGSV,3,2,11,08,33,184,37,31,32,076,42,09,23,319,30,03,23,230,33*7E
$GPGSV,3,3,11,28,11,094,26,07,00,293,,44,36,241,33*47
$GPVTG,71.56,T,,M,0.10,N,0.2,K,D*3E
$GPGGA,120105.000,2632.9374,N,07703.2111,W,2,09,0.9,-1.6,M,-33.0,M,1.8,0000*66
$GPGSA,A,3,09,28,31,27,26,08,04,03,16,,,,1.7,0.9,1.5*31
$GPGSV,3,1,11,04,65,310,35,16,64,007,37,27,56,140,42,26,34,039,38*79
$GPGSV,3,2,11,08,33,184,38,31,32,076,42,09,23,319,30,03,23,230,32*70
$GPGSV,3,3,11,28,11,094,27,07,00,293,,44,36,241,33*46
$GPRMC,120105.000,A,2632.9374,N,07703.2111,W,0.06,200.98,280324,,,D*78
$GPVTG,200.98,T,,M,0.06,N,0.1,K,D*0C
$GPGGA,120110.000,2632.9374,N,07703.2112,W,2,09,0.9,-1.2,M,-33.0,M,1.8,0000*65
$GPGSA,A,3,09,28,31,27,26,08,04,03,16,,,,1.7,0.9,1.5*31
$GPGSV,3,1,11,04,65,310,35,16,64,007,38,27,56,140,42,26,34,039,38*76
$GPGSV,3,2,11,08,33,184,38,31,32,076,42,09,23,319,30,03,23,230,31*73
$GPGSV,3,3,11,28,11,094,27,07,00,293,,44,36,241,34*41
$GPRMC,120110.000,A,2632.9374,N,07703.2112,W,0.02,258.26,280324,,,D*73
$GPVTG,258.26,T,,M,0.02,N,0.0,K,D*01
$GPGGA,120115.000,2632.9374,N,07703.2113,W,2,09,0.9,-1.2,M,-33.0,M,2.8,0000*62
$GPGSA,A,3,09,28,31,27,26,08,04,03,16,,,,1.7,0.9,1.5*31
$GPGSV,3,1,11,04,66,310,35,16,64,007,38,27,56,140,42,26,34,039,38*75
$GPGSV,3,2,11,08,33,184,38,31,32,076,42,09,23,318,30,03,23,230,31*72
$GPGSV,3,3,11,28,11,094,27,07,01,293,,44,36,241,33*47
$GPRMC,120115.000,A,2632.9374,N,07703.2113,W,0.06,318.73,280324,,,D*76
$GPVTG,318.73,T,,M,0.06,N,0.1,K,D*01
$GPGGA,120120.000,2632.9375,N,07703.2114,W,2,09,0.9,-1.1,M,-33.0,M,1.8,0000*62
$GPGSA,A,3,09,28,31,27,26,08,04,03,16,,,,1.7,0.9,1.5*31
$GPGSV,3,1,11,04,66,310,35,16,64,007,37,27,56,140,42,26,34,039,38*7A
$GPGSV,3,2,11,08,33,184,37,31,32,076,42,09,23,318,31,03,23,230,32*7F
$GPGSV,3,3,11,28,11,094,27,07,01,293,,44,36,241,31*45
$GPRMC,120120.000,A,2632.9375,N,07703.2114,W,0.06,321.90,280324,,,D*71
$GPVTG,321.90,T,,M,0.06,N,0.1,K,D*06
$GPGGA,120125.000,2632.9375,N,07703.2115,W,2,09,0.9,-1.1,M,-33.0,M,1.8,0000*66
$GPGSA,A,3,09,28,31,27,26,08,04,03,16,,,,1.7,0.9,1.5*31
$GPGSV,3,1,11,04,66,310,36,16,64,007,37,27,56,140,41,26,34,039,37*75
$GPGSV,3,2,11,08,33,184,37,31,32,076,41,09,23,318,30,03,23,230,32*7D
$GPGSV,3,3,11,28,11,094,27,07,01,293,,44,36,241,35*41
$GPRMC,120125.000,A,2632.9375,N,07703.2115,W,0.06,321.24,280324,,,D*7A
$GPVTG,321.24,T,,M,0.06,N,0.1,K,D*09
$GPGGA,120130.000,2632.9375,N,07703.2116,W,2,09,0.9,-1.1,M,-33.0,M,1.8,0000*61
$GPGSA,A,3,09,28,31,27,26,08,04,03,16,,,,1.7,0.9,1.4*30
$GPGSV,3,1,11,04,66,310,36,16,64,007,36,27,56,140,41,26,34,039,37*74
$GPGSV,3,2,11,08,33,184,37,31,32,076,42,09,23,318,29,03,23,230,33*77
$GPRMC,120130.000,A,2632.9375,N,07703.2116,W,0.04,286.60,280324,,,D*73
$GPVTG,286.60,T,,M,0.04,N,0.1,K,D*07
$GPGGA,120135.000,2632.9376,N,07703.2116,W,2,09,0.9,-1.0,M,-33.0,M,1.8,0000*66
$GPGSA,A,3,09,28,31,27,26,08,04,03,16,,,,1.7,0.9,1.4*30
$GPGSV,3,1,11,04,66,310,37,16,64,007,36,27,56,140,40,26,34,039,38*7B
$GPGSV,3,2,11,08,33,184,38,31,32,076,42,09,23,318,28,03,23,230,33*79
$GPGSV,3,3,11,28,11,094,27,07,01,293,,44,36,241,34*40
$GPRMC,120135.000,A,2632.9376,N,07703.2116,W,0.07,355.01,280324,,,D*7E
$GPGGA,120140.000,2632.9375,N,07703.2116,W,2,09,0.9,-1.0,M,-33.0,M,4.8,0000*62
$GPGSA,A,3,09,28,31,27,26,08,04,03,16,,,,1.7,0.9,1.4*30
$GPGSV,3,1,11,04,66,310,37,16,64,007,35,27,56,140,40,26,34,039,38*78
$GPGSV,3,2,11,08,33,184,37,31,32,076,42,09,23,318,28,03,23,230,32*77
$GPGSV,3,3,11,28,11,094,28,07,01,293,,44,36,241,36*4D
$GPRMC,120140.000,A,2632.9375,N,07703.2116,W,0.04,135.82,280324,,,D*73
$GPVTG,135.82,T,,M,0.04,N,0.1,K,D*00
$GPGGA,120145.000,2632.9374,N,07703.2115,W,2,09,0.9,-0.8,M,-33.0,M,2.8,0000*6A
$GPGSA,A,3,09,28,31,27,26,08,04,03,16,,,,1.7,0.9,1.4*30
$GPGSV,3,1,11,04,66,309,37,16,63,007,35,27,56,140,39,26,34,039,38*79
$GPGSV,3,2,11,08,33,184,36,31,32,076,42,09,23,318,28,03,22,230,33*76
$GPGSV,3,3,11,28,11,095,28,07,01,293,,44,36,241,35*4F
$GPRMC,120145.000,A,2632.9374,N,07703.2115,W,0.07,112.43,280324,,,D*7F
$GPVTG,112.43,T,,M,0.07,N,0.1,K,D*0B
$GPGGA,120150.000,2632.9374,N,07703.2114,W,2,09,0.9,-0.9,M,-33.0,M,2.8,0000*6E
$GPGSA,A,3,09,28,31,27,26,08,04,03,16,,,,1.7,0.9,1.4*30
$GPGSV,3,1,11,04,66,309,37,16,63,007,35,27,56,140,39,26,34,039,38*79
$GPGSV,3,2,11,08,33,184,36,31,32,076,42,09,23,318,27,03,22,230,33*79
$GPGSV,3,3,11,28,11,095,27,07,01,293,,44,36,241,34*41
$GPRMC,120150.000,A,2632.9374,N,07703.2114,W,0.10,116.71,280324,,,D*79
$GPVTG,116.71,T,,M,0.10,N,0.2,K,D*0B
$GPGGA,120155.000,2632.9373,N,07703.2112,W,2,09,0.9,-1.0,M,-33.0,M,1.8,0000*61
$GPGSA,A,3,09,28,31,27,26,08,04,03,16,,,,1.7,0.9,1.4*30
$GPGSV,3,1,11,04,66,309,37,16,63,007,36,27,56,140,39,26,34,039,38*7A
$GPGSV,3,2,11,08,33,184,36,31,32,076,42,09,23,318,28,03,22,230,32*77
$GPGSV,3,3,11,28,11,095,27,07,01,293,,44,36,241,30*45
$GPRMC,120155.000,A,2632.9373,N,07703.2112,W,0.09,102.78,280324,,,D*79
$GPVTG,102.78,T,,M,0.09,N,0.2,K,D*0F
$GPGGA,120200.000,2632.9372,N,07703.2111,W,2,09,0.9,-1.0,M,-33.0,M,1.8,0000*60
$GPGSA,A,3,09,28,31,27,26,08,04,03,16,,,,1.7,0.9,1.4*30
$GPGSV,3,1,11,04,66,309,36,16,63,007,37,27,56,140,39,26,34,039,38*7A
$GPGSV,3,2,11,08,33,184,36,31,32,076,42,09,23,318,29,03,22,230,32*76
$GPRMC,120200.000,A,2632.9372,N,07703.2111,W,0.05,91.96,280324,,,D*4F
$GPVTG,91.96,T,,M,0.05,N,0.1,K,D*3B
$GPGGA,120205.000,2632.9371,N,07703.2111,W,2,09,0.9,-1.2,M,-33.0,M,1.8,0000*64
$GPGSA,A,3,09,28,31,27,26,08,04,03,16,,,,1.7,0.9,1.4*30
$GPGSV,3,1,11,04,66,309,36,16,63,007,38,27,56,140,39,26,34,039,38*75
$GPGSV,3,2,11,08,33,184,36,31,32,076,41,09,23,318,29,03,22,230,32*75
$GPGSV,3,3,11,28,11,095,27,07,01,293,,44,36,241,34*41
$GPRMC,120205.000,A,2632.9371,N,07703.2111,W,0.14,109.81,280324,,,D*7F
$GPGGA,120210.000,2632.9371,N,07703.2109,W,2,09,0.9,-1.0,M,-33.0,M,4.8,0000*6E
$GPGSA,A,3,09,28,31,27,26,08,04,03,16,,,,1.7,0.9,1.4*30
$GPGSV,3,1,11,04,66,309,35,16,63,007,39,27,56,140,40,26,34,039,38*79
$GPGSV,3,2,11,08,33,184,37,31,32,076,41,09,23,318,29,03,22,230,32*74
$GPGSV,3,3,11,28,11,095,26,07,01,293,,44,36,241,34*40
$GPRMC,120210.000,A,2632.9371,N,07703.2109,W,0.07,51.88,280324,,,D*45
$GPVTG,51.88,T,,M,0.07,N,0.1,K,D*3A
$GPGGA,120215.000,2632.9371,N,07703.2109,W,2,09,0.9,-0.8,M,-33.0,M,9.8,0000*6F
$GPGSA,A,3,09,28,31,27,26,08,04,03,16,,,,1.7,0.9,1.4*30
$GPGSV,3,1,11,04,66,309,35,16,63,008,39,27,57,139,39,26,34,040,38*79
$GPGSV,3,2,11,08,33,184,37,31,32,076,41,09,23,318,29,03,22,229,32*7C
$GPGSV,3,3,11,28,10,095,26,07,01,293,,44,36,241,33*46
$GPRMC,120215.000,A,2632.9371,N,07703.2109,W,0.08,45.67,280324,,,D*4B
$GPVTG,45.67,T,,M,0.08,N,0.1,K,D*31
$GPGGA,120220.000,2632.9371,N,07703.2108,W,2,09,0.9,-0.6,M,-33.0,M,14.8,0000*5A
$GPGSA,A,3,09,28,31,27,26,08,04,03,16,,,,1.7,0.9,1.4*30
$GPGSV,3,1,11,04,66,309,35,16,63,008,38,27,57,139,39,26,34,040,38*78
$GPGSV,3,2,11,08,33,184,36,31,32,076,41,09,23,318,30,03,22,229,31*76
$GPGSV,3,3,11,28,10,095,27,07,01,293,,44,36,241,31*45
$GPRMC,120220.000,A,2632.9371,N,07703.2108,W,0.09,18.03,280324,,,D*47
$GPVTG,18.03,T,,M,0.09,N,0.2,K,D*39
$GPGGA,120225.000,2632.9372,N,07703.2108,W,1,09,0.9,-0.8,M,-33.0,M,,0000*42
$GPGSA,A,3,09,28,31,27,26,08,04,03,16,,,,1.7,0.9,1.4*30
$GPGSV,3,1,11,04,66,309,36,16,63,008,38,27,57,139,39,26,34,040,38*7B
$GPGSV,3,2,11,08,33,184,36,31,32,077,41,09,24,318,26,03,22,229,32*74
$GPGSV,3,3,11,28,10,095,27,07,01,293,,44,36,241,34*40
$GPRMC,120225.000,A,2632.9372,N,07703.2108,W,0.07,2.26,280324,,,A*76
$GPVTG,2.26,T,,M,0.07,N,0.1,K,A*0D
$GPGGA,120230.000,2632.9372,N,07703.2107,W,2,09,0.9,-1.5,M,-33.0,M,,0000*46
$GPGSA,A,3,09,28,31,27,26,08,04,03,16,,,,1.7,0.9,1.4*30
$GPGSV,3,1,11,04,66,309,36,16,63,008,37,27,57,139,39,26,34,040,37*7B
$GPGSV,3,2,11,08,33,184,36,31,32,077,42,09,24,318,27,03,22,229,32*76
$GPGSV,3,3,11,28,10,095,26,07,01,293,,44,36,241,37*42
$GPVTG,9.09,T,,M,0.07,N,0.1,K,D*0E
$GPGGA,120235.000,2632.9372,N,07703.2107,W,2,09,0.9,-2.1,M,-33.0,M,,0000*44
$GPGSA,A,3,09,28,31,27,26,08,04,03,16,,,,1.7,0.9,1.4*30
$GPGSV,3,1,11,04,66,309,36,16,63,008,36,27,57,139,40,26,34,040,37*74
$GPGSV,3,2,11,08,33,184,36,31,32,077,42,09,24,318,28,03,22,229,33*78
$GPGSV,3,3,11,28,10,095,27,07,01,293,,44,36,241,36*42
$GPRMC,120235.000,A,2632.9372,N,07703.2107,W,0.04,9.42,280324,,,D*77
$GPVTG,9.42,T,,M,0.04,N,0.1,K,D*02
$GPGGA,120240.000,2632.9372,N,07703.2108,W,2,09,0.9,-2.4,M,-33.0,M,,0000*4C
$GPGSA,A,3,09,28,31,27,26,08,04,03,16,,,,1.7,0.9,1.4*30
$GPGSV,3,1,11,04,66,309,36,16,63,008,36,27,57,139,40,26,34,040,38*7B
$GPGSV,3,2,11,08,33,184,36,31,32,077,42,09,24,318,30,03,22,229,34*76
$GPGSV,3,3,11,28,10,095,27,07,01,293,,44,36,241,33*47
$GPRMC,120240.000,A,2632.9372,N,07703.2108,W,0.05,325.34,280324,,,D*77
$GPVTG,325.34,T,,M,0.05,N,0.1,K,D*0F
$GPGGA,120245.000,2632.9372,N,07703.2109,W,2,09,0.9,-2.6,M,-33.0,M,3.8,0000*6F
$GPGSA,A,3,09,28,31,27,26,08,04,03,16,,,,1.7,0.9,1.4*30
$GPGSV,3,1,11,04,66,309,36,16,63,008,35,27,57,139,40,08,34,184,37*72
$GPGSV,3,2,11,26,33,040,38,31,31,077,42,09,24,318,30,03,22,229,34*7E
$GPGSV,3,3,11,28,10,095,28,07,01,293,,44,36,241,33*48
$GPRMC,120245.000,A,2632.9372,N,07703.2109,W,0.07,232.10,280324,,,D*70
$GPVTG,232.10,T,,M,0.07,N,0.1,K,D*0C
$GPGGA,120250.000,2632.9371,N,07703.2110,W,2,09,0.9,-2.9,M,-33.0,M,2.8,0000*6E
$GPGSA,A,3,09,28,31,27,26,08,04,03,16,,,,1.7,0.9,1.4*30
$GPGSV,3,1,11,04,66,309,36,16,63,008,35,27,57,139,40,08,34,184,37*72
$GPGSV,3,2,11,26,33,040,39,31,31,077,42,09,24,318,31,03,22,229,34*7E
$GPGSV,3,3,11,28,10,095,29,07,01,293,,44,36,241,34*4E
$GPRMC,120250.000,A,2632.9371,N,07703.2110,W,0.05,212.90,280324,,,D*77
$GPVTG,212.90,T,,M,0.05,N,0.1,K,D*04
$GPGGA,120255.000,2632.9370,N,07703.2110,W,2,09,0.9,-3.1,M,-33.0,M,,0000*47
$GPGSA,A,3,09,28,31,27,26,08,04,03,16,,,,1.7,0.9,1.4*30
$GPGSV,3,1,11,04,66,309,36,16,63,008,35,27,57,139,40,08,34,184,37*72
$GPGSV,3,2,11,26,33,040,39,31,31,077,42,09,24,318,30,03,22,229,33*78
$GPGSV,3,3,11,28,10,095,30,07,01,293,,44,36,241,34*46
$GPRMC,120255.000,A,2632.9370,N,07703.2110,W,0.08,209.79,280324,,,D*73
$GPVTG,209.79,T,,M,0.08,N,0.1,K,D*04
$GPGGA,120300.000,2632.9369,N,07703.2111,W,2,09,0.9,-3.3,M,-33.0,M,,0000*4D
$GPGSA,A,3,09,28,31,27,26,08,04,03,16,,,,1.7,0.9,1.4*30
$GPGSV,3,1,11,04,66,309,36,16,63,008,35,27,57,139,40,08,34,184,37*72
$GPGSV,3,2,11,26,33,040,39,31,31,077,42,09,24,318,29,03,22,229,33*70
$GPGSV,3,3,11,28,10,095,30,07,01,293,,44,36,241,34*46
$GPVTG,198.20,T,,M,0.04,N,0.1,K,D*0F
$GPGGA,120305.000,2632.9369,N,07703.2112,W,2,09,0.9,-3.5,M,-33.0,M,,0000*4D
$GPGSA,A,3,09,28,31,27,26,08,04,03,16,,,,1.7,0.9,1.4*30
$GPGSV,3,1,11,04,66,309,36,16,63,008,35,27,57,139,40,08,34,184,36*73
$GPGSV,3,2,11,26,33,040,39,31,31,077,42,09,24,318,30,03,22,229,33*78
$GPGSV,3,3,11,28,10,095,30,07,01,293,,44,36,241,34*46
$GPRMC,120305.000,A,2632.9369,N,07703.2112,W,0.01,232.19,280324,,,D*7A
$GPVTG,232.19,T,,M,0.01,N,0.0,K,D*02
$GPGGA,120310.000,2632.9368,N,07703.2112,W,2,09,0.9,-3.7,M,-33.0,M,4.8,0000*68
$GPGSA,A,3,09,28,31,27,26,08,04,03,16,,,,1.7,0.9,1.4*30
$GPGSV,3,1,11,04,66,309,35,16,63,008,35,27,57,139,40,08,34,184,36*70
$GPGSV,3,2,11,26,33,040,38,31,31,077,42,09,24,318,30,03,22,229,33*79
$GPGSV,3,3,11,28,10,095,30,07,01,293,,44,36,241,34*46
$GPRMC,120310.000,A,2632.9368,N,07703.2112,W,0.01,144.38,280324,,,D*7E
$GPVTG,144.38,T,,M,0.01,N,0.0,K,D*03
$GPGGA,120315.000,2632.9368,N,07703.2112,W,2,09,0.9,-3.7,M,-33.0,M,3.8,0000*6A
$GPGSA,A,3,09,28,31,27,26,08,04,03,16,,,,1.7,0.9,1.4*30
$GPGSV,3,1,11,04,66,309,35,16,63,008,35,27,57,139,40,08,34,184,36*70
$GPGSV,3,2,11,26,33,040,38,31,31,077,42,09,24,318,30,03,22,229,33*79
$GPGSV,3,3,11,28,10,095,29,07,01,293,,44,36,241,34*4E
$GPRMC,120315.000,A,2632.9368,N,07703.2112,W,0.05,115.18,280324,,,D*79
$GPVTG,115.18,T,,M,0.05,N,0.1,K,D*00
$GPGGA,120320.000,2632.9368,N,07703.2111,W,2,09,0.9,-3.9,M,-33.0,M,,0000*44
$GPGSA,A,3,09,28,31,27,26,08,04,03,16,,,,1.7,0.9,1.4*30
$GPGSV,3,1,11,04,66,309,35,16,63,008,35,27,57,139,40,08,34,184,36*70
$GPGSV,3,2,11,26,33,040,38,31,31,077,42,09,24,318,30,03,22,229,33*79
$GPGSV,3,3,11,28,10,095,30,07,01,293,,44,36,241,34*46
$GPRMC,120320.000,A,2632.9368,N,07703.2111,W,0.07,33.49,280324,,,D*4F
$GPVTG,33.49,T,,M,0.07,N,0.1,K,D*33
$GPGGA,120325.000,2632.9368,N,07703.2111,W,2,09,0.9,-3.9,M,-33.0,M,,0000*41
$GPGSA,A,3,09,28,31,27,26,08,04,03,16,,,,1.7,0.9,1.4*30
$GPGSV,3,1,11,04,66,309,35,16,63,008,35,27,57,139,40,08,34,184,36*70
$GPGSV,3,2,11,26,33,040,38,31,31,077,42,09,24,318,30,03,22,229,33*79
$GPGSV,3,3,11,28,10,095,30,07,01,293,,44,36,241,34*46
$GPRMC,120325.000,A,2632.9368,N,07703.2111,W,0.08,77.89,280324,,,D*49
$GPVTG,77.89,T,,M,0.08,N,0.1,K,D*30
$GPGGA,120330.000,2632.9368,N,07703.2110,W,2,09,0.9,-3.7,M,-33.0,M,,0000*4A
$GPGSA,A,3,09,28,31,27,26,08,04,03,16,,,,1.7,0.9,1.4*30
$GPGSV,3,1,11,04,66,309,35,16,63,008,35,27,57,139,39,08,34,184,36*7E
$GPGSV,3,2,11,26,33,040,38,31,31,077,42,09,24,318,30,03,22,229,33*79
$GPRMC,120330.000,A,2632.9368,N,07703.2110,W,0.12,32.95,280324,,,D*4B
$GPVTG,32.95,T,,M,0.12,N,0.2,K,D*34
$GPGGA,120335.000,2632.9368,N,07703.2109,W,2,09,0.9,-3.4,M,-33.0,M,,0000*44
$GPGSA,A,3,09,28,31,27,26,08,04,03,16,,,,1.7,0.9,1.4*30
$GPGSV,3,1,11,04,66,309,35,16,63,008,35,27,57,139,40,08,34,184,36*70
$GPGSV,3,2,11,26,33,040,39,31,31,077,42,09,24,318,30,03,22,229,33*78
$GPGSV,3,3,11,28,10,095,30,07,01,293,,44,36,241,33*41
$GPRMC,120335.000,A,2632.9368,N,07703.2109,W,0.10,48.13,280324,,,D*47
$GPVTG,48.13,T,,M,0.10,N,0.2,K,D*35
$GPGGA,120340.000,2632.9369,N,07703.2108,W,2,09,0.9,-3.1,M,-33.0,M,3.8,0000*66
$GPGSA,A,3,09,28,31,27,26,08,04,03,16,,,,1.7,0.9,1.4*30
$GPGSV,3,1,11,04,66,309,35,16,63,008,35,27,57,139,39,08,34,184,36*7E
$GPGSV,3,2,11,26,33,040,39,31,31,077,42,09,24,318,30,03,22,229,33*78
$GPGSV,3,3,11,28,10,095,30,07,01,293,,44,36,241,34*46
$GPRMC,120340.000,A,2632.9369,N,07703.2108,W,0.15,49.27,280324,,,D*46
$GPVTG,49.27,T,,M,0.15,N,0.3,K,D*37
$GPGGA,120345.000,2632.9370,N,07703.2107,W,2,09,0.9,-2.9,M,-33.0,M,4.8,0000*6A
$GPGSA,A,3,09,28,31,27,26,08,04,03,16,,,,1.7,0.9,1.4*30
$GPGSV,3,1,11,04,67,308,35,16,63,008,35,27,57,138,39,08,34,184,36*7F
$GPGSV,3,2,11,26,33,040,39,31,31,077,42,09,24,318,30,03,22,229,33*78
$GPGSV,3,3,11,28,10,095,30,07,01,293,18,44,36,241,33*48
$GPRMC,120345.000,A,2632.9370,N,07703.2107,W,0.08,39.71,280324,,,D*4C
$GPVTG,39.71,T,,M,0.08,N,0.2,K,D*3E
$GPGGA,120350.000,2632.9369,N,07703.2107,W,2,09,0.9,-2.6,M,-33.0,M,1.8,0000*6C
$GPGSA,A,3,09,28,31,27,26,08,04,03,16,,,,1.7,0.9,1.4*30
$GPGSV,3,1,11,04,67,308,35,16,63,008,35,27,57,138,40,08,34,184,37*70
$GPGSV,3,2,11,26,33,040,39,31,31,077,42,09,24,318,31,03,22,229,33*79
$GPGSV,3,3,11,28,10,095,29,07,01,293,17,44,36,241,34*48
$GPRMC,120350.000,A,2632.9369,N,07703.2107,W,0.11,175.18,280324,,,D*7E
$GPVTG,175.18,T,,M,0.11,N,0.2,K,D*00
$GPGGA,120355.000,2632.9367,N,07703.2109,W,2,09,0.9,-2.1,M,-33.0,M,1.8,0000*6E
$GPGSA,A,3,09,28,31,27,26,08,04,03,16,,,,1.7,0.9,1.4*30
$GPGSV,3,1,11,04,67,308,34,16,63,008,34,27,57,138,40,08,34,184,37*70
$GPGSV,3,2,11,26,33,040,39,31,31,077,42,09,24,318,31,03,22,229,33*79
$GPGSV,3,3,11,28,10,095,29,07,01,293,16,44,36,241,34*49
$GPRMC,120355.000,A,2632.9367,N,07703.2109,W,0.13,261.77,280324,,,D*76
$GPVTG,261.77,T,,M,0.13,N,0.2,K,D*0D
$GPGGA,120400.000,2632.9366,N,07703.2111,W,2,09,0.9,-1.8,M,-33.0,M,1.8,0000*6B
$GPGSA,A,3,09,28,31,27,26,08,04,03,16,,,,1.7,0.9,1.4*30
$GPGSV,3,1,11,04,67,308,34,16,63,008,34,27,57,138,40,08,34,184,37*70
$GPGSV,3,2,11,26,33,040,39,31,31,077,42,09,24,318,31,03,22,229,33*79
$GPGSV,3,3,11,28,10,095,29,07,01,293,18,44,36,241,34*47
$GPRMC,120400.000,A,2632.9366,N,07703.2111,W,0.11,201.48,280324,,,D*71
$GPVTG,201.48,T,,M,0.11,N,0.2,K,D*05
$GPGGA,120405.000,2632.9364,N,07703.2113,W,2,09,0.9,-1.1,M,-33.0,M,1.8,0000*67
$GPGSA,A,3,09,28,31,27,26,08,04,03,16,,,,1.7,0.9,1.4*30
$GPGSV,3,1,11,04,67,308,35,16,63,008,34,27,57,138,39,08,34,184,37*7F
$GPGSV,3,2,11,26,33,040,39,31,31,077,42,09,24,318,31,03,22,229,33*79
$GPGSV,3,3,11,28,10,095,29,07,01,293,18,44,36,241,33*40
$GPVTG,229.81,T,,M,0.12,N,0.2,K,D*09
$GPGGA,120410.000,2632.9364,N,07703.2116,W,2,09,0.9,-0.6,M,-33.0,M,1.8,0000*60
$GPGSA,A,3,09,28,31,27,26,08,04,03,16,,,,1.7,0.9,1.4*30
$GPGSV,3,1,11,04,67,308,35,16,63,008,34,27,57,138,39,08,34,184,38*70
$GPGSV,3,2,11,26,33,040,39,31,31,077,42,09,24,318,31,03,22,229,32*78
$GPGSV,3,3,11,28,10,095,29,07,01,293,16,44,36,241,34*49
$GPRMC,120410.000,A,2632.9364,N,07703.2116,W,0.10,255.44,280324,,,D*79
$GPVTG,255.44,T,,M,0.10,N,0.2,K,D*09
$GPGGA,120415.000,2632.9364,N,07703.2117,W,2,09,0.9,-0.1,M,-33.0,M,3.8,0000*61
$GPGSA,A,3,09,28,31,27,26,08,04,03,16,,,,1.7,0.9,1.4*30
$GPGSV,3,1,11,04,67,308,36,16,62,009,34,27,57,138,39,08,34,184,38*73
$GPGSV,3,2,11,26,33,040,38,31,31,077,42,09,24,318,30,03,22,229,33*79
$GPGSV,3,3,11,28,10,095,28,07,01,294,,44,36,241,34*48
$GPRMC,120415.000,A,2632.9364,N,07703.2117,W,0.04,174.21,280324,,,D*7B
$GPVTG,174.21,T,,M,0.04,N,0.1,K,D*0C
$GPGGA,120420.000,2632.9364,N,07703.2119,W,2,09,0.9,0.2,M,-33.0,M,2.8,0000*46
$GPGSA,A,3,09,28,31,27,26,08,04,03,16,,,,1.7,0.9,1.4*30
$GPGSV,3,1,11,04,67,308,37,16,62,009,35,27,57,138,39,08,34,184,38*73
$GPGSV,3,2,11,26,33,040,38,31,31,077,42,09,24,318,25,03,22,229,33*7D
$GPGSV,3,3,11,28,10,095,29,07,01,294,,44,36,241,34*49
$GPRMC,120420.000,A,2632.9364,N,07703.2119,W,0.15,286.81,280324,,,D*77
$GPVTG,286.81,T,,M,0.15,N,0.3,K,D*0A
$GPGGA,120425.000,2632.9365,N,07703.2122,W,2,09,0.9,0.3,M,-33.0,M,1.8,0000*48
$GPGSA,A,3,09,28,31,27,26,08,04,03,16,,,,1.7,0.9,1.4*30
$GPGSV,3,1,11,04,67,308,37,16,62,009,35,27,57,138,40,08,34,184,38*7D
$GPGSV,3,2,11,26,33,040,37,31,31,077,42,09,24,318,25,03,22,229,33*72
$GPGSV,3,3,11,28,10,095,29,07,01,294,,44,36,241,35*48
$GPRMC,120425.000,A,2632.9365,N,07703.2122,W,0.22,306.12,280324,,,D*7C
$GPVTG,306.12,T,,M,0.22,N,0.4,K,D*0A
$GPGGA,120430.000,2632.9366,N,07703.2124,W,2,09,0.9,0.4,M,-33.0,M,1.8,0000*4E
$GPGSA,A,3,09,28,31,27,26,08,04,03,16,,,,1.7,0.9,1.4*30
$GPGSV,3,1,11,04,67,308,38,16,62,009,36,27,57,138,41,08,34,184,38*70
$GPGSV,3,2,11,26,33,040,37,31,31,077,42,09,24,318,30,03,22,229,34*71
$GPGSV,3,3,11,28,10,095,30,07,01,294,,44,36,241,35*40
$GPRMC,120430.000,A,2632.9366,N,07703.2124,W,0.17,310.44,280324,,,D*7F
$GPVTG,310.44,T,,M,0.17,N,0.3,K,D*0F
$GPGGA,120435.000,2632.9368,N,07703.2126,W,2,09,0.9,0.3,M,-33.0,M,2.8,0000*43
$GPGSA,A,3,09,28,31,27,26,08,04,03,16,,,,1.7,0.9,1.4*30
$GPGSV,3,1,11,04,67,308,39,16,62,009,36,27,57,138,42,08,34,184,39*73
$GPGSV,3,2,11,26,33,040,37,31,31,077,41,09,24,318,29,03,22,229,34*7A
$GPGSV,3,3,11,28,10,095,22,07,01,294,,44,36,241,31*47
$GPVTG,321.24,T,,M,0.19,N,0.4,K,D*02
$GPGGA,120440.000,2632.9370,N,07703.2128,W,2,09,0.9,0.2,M,-33.0,M,4.8,0000*41
$GPGSA,A,3,09,28,31,27,26,08,04,03,16,,,,1.7,0.9,1.4*30
$GPGSV,3,1,11,04,67,308,38,16,62,009,36,27,57,138,42,08,34,184,40*7C
$GPGSV,3,2,11,26,33,040,37,31,31,077,42,09,24,318,23,03,22,229,34*73
$GPGSV,3,3,11,28,10,095,24,07,01,294,,44,36,241,35*45
$GPRMC,120440.000,A,2632.9370,N,07703.2128,W,0.19,326.82,280324,,,D*72
$GPVTG,326.82,T,,M,0.19,N,0.3,K,D*0E
$GPGGA,120445.000,2632.9371,N,07703.2129,W,2,09,0.9,0.2,M,-33.0,M,3.8,0000*43
$GPGSA,A,3,09,28,31,27,26,08,04,03,16,,,,1.7,0.9,1.4*30
$GPGSV,3,1,11,04,67,307,38,16,62,009,36,27,58,138,41,08,35,184,40*7E
$GPGSV,3,2,11,26,33,040,37,31,31,078,42,09,24,318,24,03,22,228,34*7A
$GPGSV,3,3,11,28,10,096,29,07,01,294,,44,36,241,36*48
$GPRMC,120445.000,A,2632.9371,N,07703.2129,W,0.09,3.84,280324,,,D*74
$GPVTG,3.84,T,,M,0.09,N,0.2,K,D*0C
$GPGGA,120450.000,2632.9371,N,07703.2128,W,2,09,0.9,0.2,M,-33.0,M,2.8,0000*47
$GPGSA,A,3,09,28,31,27,26,08,04,03,16,,,,1.7,0.9,1.4*30
$GPGSV,3,1,11,04,67,307,38,16,62,009,36,27,58,138,41,08,35,184,40*7E
$GPGSV,3,2,11,26,33,040,37,31,31,078,42,09,24,318,24,03,22,228,34*7A
$GPGSV,3,3,11,28,10,096,20,07,01,294,,44,36,241,31*46
$GPRMC,120450.000,A,2632.9371,N,07703.2128,W,0.14,89.66,280324,,,D*43
$GPVTG,89.66,T,,M,0.14,N,0.3,K,D*3F
$GPGGA,120455.000,2632.9370,N,07703.2126,W,2,09,0.9,0.3,M,-33.0,M,1.8,0000*4F
$GPGSA,A,3,09,28,31,27,26,08,04,03,16,,,,1.7,0.9,1.4*30
$GPGSV,3,1,11,04,67,307,39,16,62,009,36,27,58,138,42,08,35,184,40*7C
$GPGSV,3,2,11,26,33,040,37,31,31,078,42,09,24,318,30,03,22,228,34*7F
$GPGSV,3,3,11,28,10,096,29,07,01,294,,44,36,241,35*4B
$GPRMC,120455.000,A,2632.9370,N,07703.2126,W,0.13,85.23,280324,,,D*43
$GPVTG,85.23,T,,M,0.13,N,0.2,K,D*34
$GPGGA,120500.000,2632.9370,N,07703.2124,W,2,09,0.9,0.2,M,-33.0,M,1.8,0000*4D
$GPGSA,A,3,09,28,31,27,26,08,04,03,16,,,,1.7,0.9,1.4*30
$GPGSV,3,1,11,04,67,307,39,16,62,009,36,27,58,138,42,08,35,184,39*72
$GPGSV,3,2,11,26,33,040,37,31,31,078,42,09,24,318,29,03,22,228,33*70
$GPGSV,3,3,11,28,10,096,30,07,01,294,,44,36,241,34*42
$GPRMC,120500.000,A,2632.9370,N,07703.2124,W,0.13,80.56,280324,,,D*47
$GPVTG,80.56,T,,M,0.13,N,0.2,K,D*33
$GPGGA,120505.000,2632.9370,N,07703.2121,W,2,09,0.9,0.2,M,-33.0,M,1.8,0000*4D
$GPGSA,A,3,09,28,31,27,26,08,04,03,16,,,,1.7,0.9,1.4*30
$GPGSV,3,1,11,04,67,307,38,16,62,009,35,27,58,138,41,08,35,184,39*73
$GPGSV,3,2,11,26,33,040,38,31,31,078,42,09,24,318,29,03,22,228,33*7F
$GPGSV,3,3,11,28,10,096,29,07,01,294,20,44,36,241,34*48
$GPVTG,68.55,T,,M,0.11,N,0.2,K,D*34
$GPGGA,120510.000,2632.9371,N,07703.2121,W,2,09,0.9,0.0,M,-33.0,M,4.8,0000*4F
$GPGSA,A,3,09,28,31,27,26,08,04,03,16,,,,1.7,0.9,1.4*30
$GPGSV,3,1,11,04,67,307,36,16,62,009,35,27,58,138,40,08,35,184,39*7C
$GPGSV,3,2,11,26,33,040,38,31,31,078,42,09,24,318,30,03,22,228,32*76
$GPGSV,3,3,11,28,10,096,28,07,01,294,08,44,36,241,33*44
$GPRMC,120510.000,A,2632.9371,N,07703.2121,W,0.12,15.07,280324,,,D*4B
$GPVTG,15.07,T,,M,0.12,N,0.2,K,D*3A
$GPGGA,120515.000,2632.9372,N,07703.2119,W,2,09,0.9,-0.3,M,-33.0,M,1.8,0000*69
$GPGSA,A,3,09,28,31,27,26,08,04,03,16,,,,1.7,0.9,1.4*30
$GPGSV,3,1,11,04,67,307,36,16,62,009,35,27,58,138,40,08,35,184,40*72
$GPGSV,3,2,11,26,33,040,38,31,31,078,42,09,24,318,31,03,22,228,33*76
$GPGSV,3,3,11,28,10,096,24,07,01,294,,44,36,241,35*46
$GPRMC,120515.000,A,2632.9372,N,07703.2119,W,0.19,86.92,280324,,,D*4B
$GPVTG,86.92,T,,M,0.19,N,0.4,K,D*31
$GPGGA,120520.000,2632.9372,N,07703.2118,W,2,09,0.9,-0.3,M,-33.0,M,2.8,0000*6D
$GPGSA,A,3,09,28,31,27,26,08,04,03,16,,,,1.7,0.9,1.4*30
$GPGSV,3,1,11,04,67,307,35,16,62,009,36,27,58,138,41,08,35,184,40*73
$GPGSV,3,2,11,26,33,040,37,31,31,078,42,09,24,318,32,03,22,228,33*7A
$GPGSV,3,3,11,28,10,096,24,07,01,294,,44,36,241,36*45
$GPRMC,120520.000,A,2632.9372,N,07703.2118,W,0.06,335.29,280324,,,D*79
$GPVTG,335.29,T,,M,0.06,N,0.1,K,D*01
$GPGGA,120525.000,2632.9372,N,07703.2117,W,2,09,0.9,-0.4,M,-33.0,M,1.8,0000*63
$GPGSA,A,3,09,28,31,27,26,08,04,03,16,,,,1.7,0.9,1.4*30
$GPGSV,3,1,11,04,67,307,35,16,62,009,36,27,58,138,41,08,35,184,40*73
$GPGSV,3,2,11,26,33,040,37,31,31,078,42,09,24,318,32,03,22,228,32*7B
$GPGSV,3,3,11,28,10,096,23,07,01,294,,44,36,241,36*42
$GPRMC,120525.000,A,2632.9372,N,07703.2117,W,0.05,36.54,280324,,,D*4A
$GPVTG,36.54,T,,M,0.05,N,0.1,K,D*38
$GPGGA,120530.000,2632.9372,N,07703.2118,W,2,09,0.9,-0.6,M,-33.0,M,1.8,0000*6A
$GPGSA,A,3,09,28,31,27,26,08,04,03,16,,,,1.7,0.9,1.4*30
$GPGSV,3,1,11,04,67,307,34,16,62,009,36,27,58,138,41,08,35,184,40*72
$GPGSV,3,2,11,26,33,040,37,31,31,078,42,09,24,318,33,03,22,228,32*7A
$GPGSV,3,3,11,28,10,096,23,07,01,294,,44,36,241,37*43
$GPRMC,120530.000,A,2632.9372,N,07703.2118,W,0.09,256.32,280324,,,D*79
$GPVTG,256.32,T,,M,0.09,N,0.2,K,D*03
$GPGGA,120535.000,2632.9372,N,07703.2120,W,2,09,0.9,-0.5,M,-33.0,M,1.8,0000*67
$GPGSA,A,3,09,28,31,27,26,08,04,03,16,,,,1.7,0.9,1.4*30
$GPGSV,3,1,11,04,67,307,34,16,62,009,37,27,58,138,41,08,35,184,40*73
$GPGSV,3,2,11,26,33,040,37,31,31,078,42,09,24,318,32,03,22,228,32*7B
$GPRMC,120535.000,A,2632.9372,N,07703.2120,W,0.03,235.87,280324,,,D*76
$GPVTG,235.87,T,,M,0.03,N,0.1,K,D*01
$GPGGA,120540.000,2632.9371,N,07703.2120,W,2,09,0.9,-0.2,M,-33.0,M,4.8,0000*64
$GPGSA,A,3,09,28,31,27,26,08,04,03,16,,,,1.7,0.9,1.4*30
$GPGSV,3,1,11,04,67,307,34,16,62,009,37,27,58,138,41,08,35,184,40*73
$GPGSV,3,2,11,26,33,040,37,31,31,078,42,09,24,318,32,03,22,228,33*7A
$GPGSV,3,3,11,28,10,096,24,07,01,294,,44,36,241,35*46
$GPRMC,120540.000,A,2632.9371,N,07703.2120,W,0.05,186.23,280324,,,D*74
$GPGGA,120545.000,2632.9370,N,07703.2121,W,2,09,0.9,0.2,M,-33.0,M,9.8,0000*41
$GPGSA,A,3,09,28,31,27,26,08,04,03,16,,,,1.7,0.9,1.4*30
$GPGSV,3,1,11,04,67,306,34,16,62,010,37,27,58,137,41,08,35,183,41*73
$GPGSV,3,2,11,26,32,040,37,31,31,078,42,09,25,318,31,03,21,228,33*7A
$GPGSV,3,3,11,28,10,096,25,07,02,294,,44,36,241,34*45
$GPRMC,120545.000,A,2632.9370,N,07703.2121,W,0.02,158.59,280324,,,D*78
$GPVTG,158.59,T,,M,0.02,N,0.0,K,D*0A
$GPGGA,120550.000,2632.9370,N,07703.2120,W,2,09,0.9,0.7,M,-33.0,M,14.8,0000*7D
$GPGSA,A,3,09,28,31,27,26,08,04,03,16,,,,1.7,0.9,1.4*30
$GPGSV,3,1,11,04,67,306,34,16,62,010,37,27,58,137,41,08,35,183,41*73
$GPGSV,3,2,11,26,32,040,37,31,31,078,42,09,25,318,30,03,21,228,33*7B
$GPGSV,3,3,11,28,10,096,25,07,02,294,,44,36,241,33*42
$GPRMC,120550.000,A,2632.9370,N,07703.2120,W,0.06,104.77,280324,,,D*7C
$GPVTG,104.77,T,,M,0.06,N,0.1,K,D*0A
$GPGGA,120555.000,2632.9370,N,07703.2120,W,1,09,0.9,0.9,M,-33.0,M,,0000*66
$GPGSA,A,3,09,28,31,27,26,08,04,03,16,,,,1.7,0.9,1.4*30
$GPGSV,3,1,11,04,68,306,34,16,62,010,37,27,58,137,40,08,35,183,41*7D
$GPGSV,3,2,11,26,32,041,37,31,31,078,42,09,25,318,30,03,21,228,33*7A
$GPGSV,3,3,11,28,10,096,24,07,02,294,,44,36,241,33*43
$GPRMC,120555.000,A,2632.9370,N,07703.2120,W,0.02,100.71,280324,,,A*7A
$GPVTG,100.71,T,,M,0.02,N,0.0,K,A*08
$GPGGA,120600.000,2632.9370,N,07703.2119,W,1,09,0.9,0.5,M,-33.0,M,,0000*63
$GPGSA,A,3,09,28,31,27,26,08,04,03,16,,,,1.7,0.9,1.4*30
$GPGSV,3,1,11,04,68,306,34,16,62,010,37,27,58,137,40,08,35,183,41*7D
$GPGSV,3,2,11,26,32,041,36,31,31,078,42,09,25,318,30,03,21,228,33*7B
$GPGSV,3,3,11,28,10,096,24,07,02,294,,48,29,248,36*4D
$GPRMC,120600.000,A,2632.9370,N,07703.2119,W,0.07,70.24,280324,,,A*40
$GPVTG,70.24,T,,M,0.07,N,0.1,K,A*3A
$GPGGA,120605.000,2632.9370,N,07703.2119,W,2,09,0.9,0.5,M,-33.0,M,1.8,0000*42
$GPGSA,A,3,09,28,31,27,26,08,04,03,16,,,,1.7,0.9,1.4*30
$GPGSV,3,1,11,04,68,306,34,16,62,010,37,27,58,137,41,08,35,183,41*7C
$GPGSV,3,2,11,26,32,041,36,31,31,078,42,09,25,318,30,03,21,228,33*7B
$GPGSV,3,3,11,28,10,096,24,07,02,294,,48,29,248,37*4C
$GPVTG,3.27,T,,M,0.07,N,0.1,K,D*08
$GPGGA,120610.000,2632.9372,N,07703.2119,W,2,09,0.9,0.7,M,-33.0,M,3.8,0000*44
$GPGSA,A,3,09,28,31,27,26,08,04,03,16,,,,1.7,0.9,1.4*30
$GPGSV,3,1,11,04,68,306,33,16,62,010,37,27,58,137,41,08,35,183,41*7B
$GPGSV,3,2,11,26,32,041,36,31,31,078,42,09,25,318,31,03,21,228,33*7A
$GPGSV,3,3,11,28,10,096,24,07,02,294,,48,29,248,36*4D
$GPRMC,120610.000,A,2632.9372,N,07703.2119,W,0.13,8.63,280324,,,D*7F
$GPVTG,8.63,T,,M,0.13,N,0.2,K,D*05
$GPGGA,120615.000,2632.9373,N,07703.2120,W,2,09,0.9,0.9,M,-33.0,M,3.8,0000*44
$GPGSA,A,3,09,28,31,27,26,08,04,03,16,,,,1.7,0.9,1.4*30
$GPGSV,3,1,11,04,68,306,34,16,62,010,37,27,58,137,40,08,35,183,41*7D
$GPGSV,3,2,11,26,32,041,37,31,31,078,42,09,25,318,31,03,21,228,32*7A
$GPGSV,3,3,11,28,10,096,24,07,02,294,21,48,29,248,33*4B
$GPRMC,120615.000,A,2632.9373,N,07703.2120,W,0.15,335.73,280324,,,D*7B
$GPVTG,335.73,T,,M,0.15,N,0.3,K,D*0E
$GPGGA,120620.000,2632.9375,N,07703.2120,W,2,09,0.9,1.0,M,-33.0,M,2.8,0000*4D
$GPGSA,A,3,09,28,31,27,26,08,04,03,16,,,,1.7,0.9,1.4*30
$GPGSV,3,1,11,04,68,306,35,16,62,010,36,27,58,137,40,08,35,183,41*7D
$GPGSV,3,2,11,26,32,041,38,31,31,078,42,09,25,318,32,03,21,228,31*75
$GPGSV,3,3,11,28,10,096,25,07,02,294,20,48,29,248,31*49
$GPRMC,120620.000,A,2632.9375,N,07703.2120,W,0.17,4.70,280324,,,D*7B
$GPVTG,4.70,T,,M,0.17,N,0.3,K,D*0E
$GPGGA,120625.000,2632.9376,N,07703.2120,W,2,09,0.9,1.1,M,-33.0,M,1.8,0000*49
$GPGSA,A,3,09,28,31,27,26,08,04,03,16,,,,1.7,0.9,1.4*30
$GPGSV,3,1,11,04,68,306,35,16,62,010,36,27,58,137,40,08,35,183,40*7C
$GPGSV,3,2,11,26,32,041,39,31,31,078,42,09,25,318,31,03,21,228,31*77
$GPGSV,3,3,11,28,10,096,26,07,02,294,20,48,29,248,31*4A
$GPRMC,120625.000,A,2632.9376,N,07703.2120,W,0.12,345.66,280324,,,D*79
$GPVTG,345.66,T,,M,0.12,N,0.2,K,D*0B
$GPGGA,120630.000,2632.9375,N,07703.2119,W,2,09,0.9,0.8,M,-33.0,M,1.8,0000*4C
$GPGSA,A,3,09,28,31,27,26,08,04,03,16,,,,1.7,0.9,1.4*30
$GPGSV,3,1,11,04,68,306,35,16,62,010,36,27,58,137,40,08,35,183,40*7C
$GPGSV,3,2,11,26,32,041,38,31,31,078,42,09,25,318,32,03,21,228,31*75
$GPGSV,3,3,11,28,10,096,21,07,02,294,20,48,29,248,34*48
$GPRMC,120630.000,A,2632.9375,N,07703.2119,W,0.14,98.96,280324,,,D*4E
$GPVTG,98.96,T,,M,0.14,N,0.3,K,D*30
$GPGGA,120635.000,2632.9374,N,07703.2118,W,2,09,0.9,0.5,M,-33.0,M,1.8,0000*44
$GPGSA,A,3,09,28,31,27,26,08,04,03,16,,,,1.7,0.9,1.4*30
$GPGSV,3,1,11,04,68,306,35,16,62,010,37,27,58,137,40,08,35,183,40*7D
$GPGSV,3,2,11,26,32,041,38,31,31,078,42,09,25,318,31,03,21,228,31*76
$GPRMC,120635.000,A,2632.9374,N,07703.2118,W,0.05,130.76,280324,,,D*76
$GPVTG,130.76,T,,M,0.05,N,0.1,K,D*0F
$GPGGA,120640.000,2632.9372,N,07703.2117,W,2,09,0.9,0.1,M,-33.0,M,4.8,0000*4E
$GPGSA,A,3,09,28,31,27,26,08,04,03,16,,,,1.7,0.9,1.4*30
$GPGSV,3,1,11,04,68,306,35,16,62,010,39,27,58,137,41,08,35,183,40*72
$GPGSV,3,2,11,26,32,041,38,31,31,078,41,09,25,318,32,03,21,228,31*76
$GPGSV,3,3,11,28,10,096,25,07,02,294,15,48,29,248,34*4A
$GPRMC,120640.000,A,2632.9372,N,07703.2117,W,0.06,152.97,280324,,,D*75
$GPGGA,120645.000,2632.9372,N,07703.2116,W,2,09,0.9,-0.0,M,-33.0,M,1.8,0000*63
$GPGSA,A,3,09,28,31,27,26,08,04,03,16,,,,1.7,0.9,1.4*30
$GPGSV,3,1,11,04,68,305,35,16,61,010,40,27,58,136,41,08,35,183,40*7D
$GPGSV,3,2,11,26,32,041,37,31,31,079,41,09,25,318,33,03,21,228,32*7A
$GPGSV,3,3,11,28,09,096,25,07,02,294,15,48,29,248,30*46
$GPRMC,120645.000,A,2632.9372,N,07703.2116,W,0.06,62.28,280324,,,D*47
$GPVTG,62.28,T,,M,0.06,N,0.1,K,D*31
$GPGGA,120650.000,2632.9372,N,07703.2116,W,2,09,0.9,0.2,M,-33.0,M,6.8,0000*4F
$GPGSA,A,3,09,28,31,27,26,08,04,03,16,,,,1.7,0.9,1.4*30
$GPGSV,3,1,11,04,68,305,36,16,61,010,41,27,58,136,41,08,35,183,40*7F
$GPGSV,3,2,11,26,32,041,38,31,31,079,41,09,25,318,33,03,21,228,32*75
$GPGSV,3,3,11,28,09,096,23,07,02,294,16,48,29,248,29*4B
$GPRMC,120650.000,A,2632.9372,N,07703.2116,W,0.07,38.94,280324,,,D*4A
$GPVTG,38.94,T,,M,0.07,N,0.1,K,D*38
$GPGGA,120655.000,2632.9373,N,07703.2116,W,2,09,0.9,0.5,M,-33.0,M,1.8,0000*4B
$GPGSA,A,3,09,28,31,27,26,08,04,03,16,,,,1.7,0.9,1.4*30
$GPGSV,3,1,11,04,68,305,36,16,61,010,41,27,58,136,42,08,35,183,40*7C
$GPGSV,3,2,11,26,32,041,38,31,31,079,40,09,25,318,34,03,21,228,33*72
$GPGSV,3,3,11,28,09,096,23,07,02,294,,48,29,248,30*44
$GPRMC,120655.000,A,2632.9373,N,07703.2116,W,0.07,3.95,280324,,,D*77
$GPVTG,3.95,T,,M,0.07,N,0.1,K,D*01
$GPGGA,120700.000,2632.9374,N,07703.2116,W,2,09,0.9,0.6,M,-33.0,M,1.8,0000*4E
$GPGSA,A,3,09,28,31,27,26,08,04,03,16,,,,1.7,0.9,1.4*30
$GPGSV,3,1,11,04,68,305,35,16,61,010,41,27,58,136,42,08,35,183,41*7E
$GPGSV,3,2,11,26,32,041,38,31,31,079,40,09,25,318,33,03,21,228,33*75
$GPGSV,3,3,11,28,09,096,24,07,02,294,,48,29,248,31*42
$GPRMC,120700.000,A,2632.9374,N,07703.2116,W,0.10,2.55,280324,,,D*7A
$GPVTG,2.55,T,,M,0.10,N,0.2,K,D*09
$GPGGA,120705.000,2632.9374,N,07703.2116,W,2,09,0.9,0.6,M,-33.0,M,0.8,0000*4A
$GPGSA,A,3,09,28,31,27,26,08,04,03,16,,,,1.7,0.9,1.4*30
$GPGSV,3,1,11,04,68,305,35,16,61,010,41,27,58,136,42,08,35,183,41*7E
$GPGSV,3,2,11,26,32,041,38,31,31,079,40,09,25,318,33,03,21,228,34*72
$GPGSV,3,3,11,28,09,096,24,07,02,294,,48,29,248,29*4B
$GPVTG,24.78,T,,M,0.08,N,0.1,K,D*38
$GPGGA,120710.000,2632.9376,N,07703.2118,W,2,09,0.9,0.8,M,-33.0,M,4.8,0000*48
$GPGSA,A,3,09,28,31,27,26,08,04,03,16,,,,1.7,0.9,1.4*30
$GPGSV,3,1,11,04,68,305,36,16,61,010,41,27,58,136,42,08,35,183,40*7C
$GPGSV,3,2,11,26,32,041,38,31,31,079,40,09,25,318,33,03,21,228,33*75
$GPGSV,3,3,11,28,09,096,24,07,02,294,,48,29,248,30*43
$GPRMC,120710.000,A,2632.9376,N,07703.2118,W,0.20,317.98,280324,,,D*72
$GPVTG,317.98,T,,M,0.20,N,0.4,K,D*0A
$GPGGA,120715.000,2632.9376,N,07703.2120,W,2,09,0.9,0.9,M,-33.0,M,3.8,0000*40
$GPGSA,A,3,09,28,31,27,26,08,04,03,16,,,,1.7,0.9,1.4*30
$GPGSV,3,1,11,04,68,305,36,16,61,010,41,27,58,136,42,08,35,183,40*7C
$GPGSV,3,2,11,26,32,041,38,31,31,079,40,09,25,318,33,03,21,228,32*74
$GPGSV,3,3,11,28,09,096,28,07,02,294,,48,29,248,34*4B
$GPRMC,120715.000,A,2632.9376,N,07703.2120,W,0.05,277.22,280324,,,D*7D
$GPVTG,277.22,T,,M,0.05,N,0.1,K,D*0E
$GPGGA,120720.000,2632.9377,N,07703.2122,W,2,09,0.9,0.9,M,-33.0,M,2.8,0000*44
$GPGSA,A,3,09,28,31,27,26,08,04,03,16,,,,1.7,0.9,1.4*30
$GPGSV,3,1,11,04,68,305,36,16,61,010,40,27,58,136,41,08,35,183,40*7E
$GPGSV,3,2,11,26,32,041,37,31,31,079,40,09,25,318,33,03,21,228,28*70
$GPGSV,3,3,11,28,09,096,18,07,02,294,,48,29,248,32*4E
$GPRMC,120720.000,A,2632.9377,N,07703.2122,W,0.19,298.08,280324,,,D*7C
$GPVTG,298.08,T,,M,0.19,N,0.3,K,D*08
$GPGGA,120725.000,2632.9377,N,07703.2123,W,2,09,0.9,0.7,M,-33.0,M,1.8,0000*4D
$GPGSA,A,3,09,28,31,27,26,08,04,03,16,,,,1.7,0.9,1.4*30
$GPGSV,3,1,11,04,68,305,36,16,61,010,39,27,58,136,42,08,35,183,40*73
$GPGSV,3,2,11,26,32,041,37,31,31,079,41,09,25,318,33,03,21,228,30*78
$GPGSV,3,3,11,28,09,096,19,07,02,294,,48,29,248,35*48
$GPRMC,120725.000,A,2632.9377,N,07703.2123,W,0.05,201.32,280324,,,D*7C
$GPVTG,201.32,T,,M,0.05,N,0.1,K,D*0E
$GPGGA,120730.000,2632.9376,N,07703.2123,W,2,09,0.9,1.0,M,-33.0,M,1.8,0000*4E
$GPGSA,A,3,09,28,31,27,26,08,04,03,16,,,,1.7,0.9,1.4*30
$GPGSV,3,1,11,04,68,305,36,16,61,010,39,27,58,136,42,08,35,183,40*73
$GPGSV,3,2,11,26,32,041,37,31,31,079,41,09,25,318,32,03,21,228,30*79
$GPGSV,3,3,11,28,09,096,20,07,02,294,17,48,29,248,34*45
$GPRMC,120730.000,A,2632.9376,N,07703.2123,W,0.08,174.89,280324,,,D*75
$GPVTG,174.89,T,,M,0.08,N,0.1,K,D*02
$GPGGA,120735.000,2632.9376,N,07703.2121,W,2,09,0.9,1.3,M,-33.0,M,1.8,0000*4A
$GPGSA,A,3,09,28,31,27,26,08,04,03,16,,,,1.7,0.9,1.4*30
$GPGSV,3,1,11,04,68,305,36,16,61,010,40,27,58,136,42,08,35,183,39*73
$GPGSV,3,2,11,26,32,041,37,31,31,079,41,09,25,318,33,03,21,228,30*78
$GPRMC,120735.000,A,2632.9376,N,07703.2121,W,0.15,105.53,280324,,,D*7F
$GPVTG,105.53,T,,M,0.15,N,0.3,K,D*0D
$GPGGA,120740.000,2632.9375,N,07703.2118,W,2,09,0.9,1.7,M,-33.0,M,3.8,0000*47
$GPGSA,A,3,09,28,31,27,26,08,04,03,16,,,,1.7,0.9,1.4*30
$GPGSV,3,1,11,04,68,305,36,16,61,010,40,27,58,136,41,08,35,183,40*7E
$GPGSV,3,2,11,26,32,041,37,31,31,079,40,09,25,318,33,03,21,228,30*79
$GPGSV,3,3,11,28,09,096,27,07,02,294,,48,29,248,33*43
$GPRMC,120740.000,A,2632.9375,N,07703.2118,W,0.18,97.33,280324,,,D*45
$GPGGA,120745.000,2632.9376,N,07703.2116,W,2,09,0.9,1.8,M,-33.0,M,2.8,0000*41
$GPGSA,A,3,09,28,31,27,26,08,04,03,16,,,,1.7,0.9,1.4*30
$GPGSV,3,1,11,04,68,305,36,16,61,010,41,27,58,136,42,08,35,183,40*7C
$GPGSV,3,2,11,26,32,041,37,31,31,079,40,09,25,318,33,03,21,228,31*78
$GPGSV,3,3,11,28,09,096,27,07,02,294,,48,29,248,30*40
$GPRMC,120745.000,A,2632.9376,N,07703.2116,W,0.17,42.60,280324,,,D*4C
$GPVTG,42.60,T,,M,0.17,N,0.3,K,D*3D
$GPGGA,120750.000,2632.9378,N,07703.2115,W,2,09,0.9,1.8,M,-33.0,M,3.8,0000*49
$GPGSA,A,3,09,28,31,27,26,08,04,03,16,,,,1.7,0.9,1.4*30
$GPGSV,3,1,11,04,68,305,36,16,61,010,40,27,58,136,42,08,35,183,40*7D
$GPGSV,3,2,11,26,32,041,38,31,31,079,41,09,25,318,26,03,21,228,31*72
$GPGSV,3,3,11,28,09,096,29,07,02,294,,48,29,248,30*4E
$GPRMC,120750.000,A,2632.9378,N,07703.2115,W,0.16,31.40,280324,,,D*42
$GPVTG,31.40,T,,M,0.16,N,0.3,K,D*3A
$GPGGA,120755.000,2632.9379,N,07703.2113,W,2,09,0.9,1.9,M,-33.0,M,2.8,0000*4B
$GPGSA,A,3,09,28,31,27,26,08,04,03,16,,,,1.7,0.9,1.4*30
$GPGSV,3,1,11,04,68,305,35,16,61,010,39,27,58,136,42,08,35,183,40*70
$GPGSV,3,2,11,26,32,041,38,31,31,079,41,09,25,318,26,03,21,228,32*71
$GPGSV,3,3,11,28,09,096,25,07,02,294,,48,29,248,32*40
$GPRMC,120755.000,A,2632.9379,N,07703.2113,W,0.10,65.89,280324,,,D*42
$GPVTG,65.89,T,,M,0.10,N,0.2,K,D*39
$GPGGA,120800.000,2632.9379,N,07703.2112,W,2,09,0.9,2.0,M,-33.0,M,1.8,0000*4C
$GPGSA,A,3,09,28,31,27,26,08,04,03,16,,,,1.7,0.9,1.4*30
$GPGSV,3,1,11,04,68,305,34,16,61,010,39,27,58,136,43,08,35,183,40*70
$GPGSV,3,2,11,26,32,041,38,31,31,079,41,09,25,318,32,03,21,228,33*75
$GPGSV,3,3,11,28,09,096,25,07,02,294,,48,29,248,31*43
$GPRMC,120800.000,A,2632.9379,N,07703.2112,W,0.03,56.19,280324,,,D*47
$GPVTG,56.19,T,,M,0.03,N,0.1,K,D*31
$GPGGA,120805.000,2632.9379,N,07703.2113,W,2,09,0.9,1.8,M,-33.0,M,5.8,0000*47
$GPGSA,A,3,09,28,31,27,26,08,04,03,16,,,,1.7,0.9,1.4*30
$GPGSV,3,1,11,04,68,305,34,16,61,010,39,27,58,136,43,08,35,183,40*70
$GPGSV,3,2,11,26,32,041,37,31,31,079,41,09,25,318,27,03,21,228,33*7E
$GPGSV,3,3,11,28,09,096,26,07,02,294,22,48,29,248,31*40
$GPVTG,192.51,T,,M,0.02,N,0.0,K,D*04
$GPGGA,120810.000,2632.9378,N,07703.2114,W,2,09,0.9,1.2,M,-33.0,M,3.8,0000*49
$GPGSA,A,3,09,28,31,27,26,08,04,03,16,,,,1.7,0.9,1.4*30
$GPGSV,3,1,11,04,68,304,35,16,61,011,40,27,59,135,42,08,36,183,40*7F
$GPGSV,3,2,11,26,32,041,38,31,30,079,41,09,26,318,30,03,21,227,33*7A
$GPGSV,3,3,11,28,09,097,27,07,02,295,,48,29,248,31*41
$GPRMC,120810.000,A,2632.9378,N,07703.2114,W,0.07,306.22,280324,,,D*7B
$GPVTG,306.22,T,,M,0.07,N,0.1,K,D*0B
$GPGGA,120815.000,2632.9378,N,07703.2115,W,2,09,0.9,1.1,M,-33.0,M,3.8,0000*4E
$GPGSA,A,3,09,28,31,27,26,08,04,03,16,,,,1.7,0.9,1.4*30
$GPGSV,3,1,11,04,68,304,36,16,61,011,41,27,59,135,42,08,36,183,40*7D
$GPGSV,3,2,11,26,32,041,37,31,30,079,41,09,26,318,34,03,20,227,33*70
$GPGSV,3,3,11,28,09,097,24,07,02,295,,48,29,248,32*41
$GPRMC,120815.000,A,2632.9378,N,07703.2115,W,0.12,281.11,280324,,,D*75
$GPVTG,281.11,T,,M,0.12,N,0.2,K,D*02
$GPGGA,120820.000,2632.9377,N,07703.2116,W,2,09,0.9,1.3,M,-33.0,M,2.8,0000*47
$GPGSA,A,3,09,28,31,27,26,08,04,03,16,,,,1.7,0.9,1.4*30
$GPGSV,3,1,11,04,68,304,36,16,61,011,40,27,59,135,42,08,36,183,40*7C
$GPGSV,3,2,11,26,32,041,37,31,30,079,40,09,26,318,34,03,20,227,28*7B
$GPGSV,3,3,11,28,09,097,17,07,02,295,,48,29,248,33*40
$GPRMC,120820.000,A,2632.9377,N,07703.2116,W,0.10,286.27,280324,,,D*7F
$GPVTG,286.27,T,,M,0.10,N,0.2,K,D*02
$GPGGA,120825.000,2632.9378,N,07703.2118,W,2,09,0.9,1.3,M,-33.0,M,1.8,0000*40
$GPGSA,A,3,09,28,31,27,26,08,04,03,16,,,,1.7,0.9,1.4*30
$GPGSV,3,1,11,04,68,304,36,16,61,011,40,27,59,135,42,08,36,183,39*72
$GPGSV,3,2,11,26,32,041,37,31,30,079,41,09,26,318,33,03,20,227,29*7C
$GPGSV,3,3,11,28,09,097,25,07,02,295,17,48,29,248,36*42
$GPRMC,120825.000,A,2632.9378,N,07703.2118,W,0.11,320.23,280324,,,D*73
$GPVTG,320.23,T,,M,0.11,N,0.2,K,D*0A
$GPGGA,120830.000,2632.9378,N,07703.2119,W,2,09,0.9,0.9,M,-33.0,M,1.8,0000*4E
$GPGSA,A,3,09,28,31,27,26,08,04,03,16,,,,1.7,0.9,1.4*30
$GPGSV,3,1,11,04,68,304,36,16,61,011,39,27,59,135,41,08,36,183,38*7E
$GPGSV,3,2,11,26,32,041,38,31,30,079,41,09,26,318,33,03,20,227,30*7B
$GPGSV,3,3,11,28,09,097,23,07,02,295,18,48,29,248,32*4F
$GPRMC,120830.000,A,2632.9378,N,07703.2119,W,0.10,313.78,280324,,,D*79
$GPVTG,313.78,T,,M,0.10,N,0.2,K,D*05
$GPGGA,120835.000,2632.9379,N,07703.2121,W,2,09,0.9,0.7,M,-33.0,M,1.8,0000*4F
$GPGSA,A,3,09,28,31,27,26,08,04,03,16,,,,1.7,0.9,1.4*30
$GPGSV,3,1,11,04,68,304,37,16,61,011,38,27,59,135,41,08,36,183,38*7E
$GPGSV,3,2,11,26,32,041,38,31,30,079,41,09,26,318,32,03,20,227,24*7F
$GPRMC,120835.000,A,2632.9379,N,07703.2121,W,0.13,267.54,280324,,,D*79
$GPVTG,267.54,T,,M,0.13,N,0.2,K,D*0A
$GPGGA,120840.000,2632.9379,N,07703.2121,W,2,09,0.9,0.8,M,-33.0,M,3.8,0000*40
$GPGSA,A,3,09,28,31,27,26,08,04,03,16,,,,1.7,0.9,1.4*30
$GPGSV,3,1,11,04,69,304,38,16,60,011,38,27,59,135,40,08,36,183,38*70
$GPGSV,3,2,11,26,31,041,38,31,30,080,42,09,26,318,28,03,20,227,27*71
$GPGSV,3,3,11,28,09,097,24,07,02,295,,48,29,248,33*40
$GPRMC,120840.000,A,2632.9379,N,07703.2121,W,0.03,316.87,280324,,,D*73
$GPGGA,120845.000,2632.9378,N,07703.2121,W,2,09,0.9,1.1,M,-33.0,M,3.8,0000*4C
$GPGSA,A,3,09,28,31,27,26,08,04,03,16,,,,1.7,0.9,1.4*30
$GPGSV,3,1,11,04,69,304,39,16,60,011,38,27,59,135,40,08,36,183,38*71
$GPGSV,3,2,11,26,31,041,39,31,30,080,42,09,26,318,29,03,20,227,28*7E
$GPGSV,3,3,11,28,09,097,25,07,02,295,,48,29,248,34*46
$GPRMC,120845.000,A,2632.9378,N,07703.2121,W,0.04,156.89,280324,,,D*78
$GPVTG,156.89,T,,M,0.04,N,0.1,K,D*0E
$GPGGA,120850.000,2632.9377,N,07703.2120,W,2,09,0.9,1.4,M,-33.0,M,2.8,0000*42
$GPGSA,A,3,09,28,31,27,26,08,04,03,16,,,,1.7,0.9,1.4*30
$GPGSV,3,1,11,04,69,304,38,16,60,011,38,27,59,135,40,08,36,183,37*7F
$GPGSV,3,2,11,26,31,041,39,31,30,080,42,09,26,318,31,03,20,227,33*7D
$GPGSV,3,3,11,28,09,097,25,07,02,295,18,48,29,248,31*4A
$GPRMC,120850.000,A,2632.9377,N,07703.2120,W,0.10,125.27,280324,,,D*77
$GPVTG,125.27,T,,M,0.10,N,0.2,K,D*08
$GPGGA,120855.000,2632.9376,N,07703.2119,W,2,09,0.9,1.5,M,-33.0,M,1.8,0000*4E
$GPGSA,A,3,09,28,31,27,26,08,04,03,16,,,,1.7,0.9,1.4*30
$GPGSV,3,1,11,04,69,304,37,16,60,011,39,27,59,135,40,08,36,183,37*71
$GPGSV,3,2,11,26,31,041,38,31,30,080,42,09,26,318,32,03,20,227,32*7E
$GPGSV,3,3,11,28,09,097,15,07,02,295,18,48,29,248,34*4C
$GPRMC,120855.000,A,2632.9376,N,07703.2119,W,0.18,164.41,280324,,,D*74
$GPVTG,164.41,T,,M,0.18,N,0.3,K,D*04
$GPGGA,120900.000,2632.9375,N,07703.2119,W,2,09,0.9,1.7,M,-33.0,M,1.8,0000*4E
$GPGSA,A,3,09,28,31,27,26,08,04,03,16,,,,1.7,0.9,1.4*30
$GPGSV,3,1,11,04,69,304,36,16,60,011,40,27,59,135,40,08,36,183,37*7E
$GPGSV,3,2,11,26,31,041,38,31,30,080,42,09,26,318,32,03,20,227,32*7E
$GPGSV,3,3,11,28,09,097,18,07,02,295,18,48,29,248,36*43
$GPRMC,120900.000,A,2632.9375,N,07703.2119,W,0.05,336.25,280324,,,D*7D
$GPVTG,336.25,T,,M,0.05,N,0.1,K,D*0D
$GPGGA,120905.000,2632.9375,N,07703.2119,W,2,09,0.9,1.7,M,-33.0,M,1.8,0000*4B
$GPGSA,A,3,09,28,31,27,26,08,04,03,16,,,,1.7,0.9,1.4*30
$GPGSV,3,1,11,04,69,304,36,16,60,011,40,27,59,135,40,08,36,183,37*7E
$GPGSV,3,2,11,26,31,041,37,31,30,080,42,09,26,318,33,03,20,227,31*73
$GPRMC,120905.000,A,2632.9375,N,07703.2119,W,0.02,76.54,280324,,,D*4E
$GPVTG,76.54,T,,M,0.02,N,0.0,K,D*3A
$GPGGA,120910.000,2632.9375,N,07703.2119,W,2,09,0.9,1.9,M,-33.0,M,1.8,0000*41
$GPGSA,A,3,09,28,31,27,26,08,04,03,16,,,,1.7,0.9,1.4*30
$GPGSV,3,1,11,04,69,304,35,16,60,011,40,27,59,135,40,08,36,183,37*7D
$GPGSV,3,2,11,26,31,041,37,31,30,080,42,09,26,318,33,03,20,227,31*73
$GPGSV,3,3,11,28,09,097,21,07,02,295,,48,29,248,36*40
$GPRMC,120910.000,A,2632.9375,N,07703.2119,W,0.03,5.56,280324,,,D*7D
$GPGGA,120915.000,2632.9376,N,07703.2119,W,2,09,0.9,1.9,M,-33.0,M,2.8,0000*44
$GPGSA,A,3,09,28,31,27,26,08,04,03,16,,,,1.7,0.9,1.4*30
$GPGSV,3,1,11,04,69,304,35,16,60,011,40,27,59,135,40,08,36,183,37*7D
$GPGSV,3,2,11,26,31,041,37,31,30,080,42,09,26,318,33,03,20,227,31*73
$GPGSV,3,3,11,28,09,097,23,07,02,295,,48,29,248,36*42
$GPRMC,120915.000,A,2632.9376,N,07703.2119,W,0.11,28.34,280324,,,D*43
$GPVTG,28.34,T,,M,0.11,N,0.2,K,D*37
$GPGGA,120920.000,2632.9376,N,07703.2119,W,2,09,0.9,2.1,M,-33.0,M,2.8,0000*49
$GPGSA,A,3,09,28,31,27,26,08,04,03,16,,,,1.7,0.9,1.4*30
$GPGSV,3,1,11,04,69,304,35,16,60,011,40,27,59,135,40,08,36,183,37*7D
$GPGSV,3,2,11,26,31,041,36,31,30,080,42,09,26,318,34,03,20,227,30*74
$GPGSV,3,3,11,28,09,097,23,07,02,295,,48,29,248,36*42
$GPRMC,120920.000,A,2632.9376,N,07703.2119,W,0.04,1.51,280324,,,D*79
$GPVTG,1.51,T,,M,0.04,N,0.1,K,D*08
$GPGGA,120925.000,2632.9377,N,07703.2119,W,2,09,0.9,2.3,M,-33.0,M,2.8,0000*4F
$GPGSA,A,3,09,28,31,27,26,08,04,03,16,,,,1.7,0.9,1.4*30
$GPGSV,3,1,11,04,69,304,35,16,60,011,41,27,59,135,40,08,36,183,37*7C
$GPGSV,3,2,11,26,31,041,36,31,30,080,42,09,26,318,34,03,20,227,31*75
$GPGSV,3,3,11,28,09,097,24,07,02,295,15,48,29,248,36*41
$GPRMC,120925.000,A,2632.9377,N,07703.2119,W,0.07,5.87,280324,,,D*71
$GPVTG,5.87,T,,M,0.07,N,0.1,K,D*04
$GPGGA,120930.000,2632.9377,N,07703.2119,W,2,09,0.9,2.3,M,-33.0,M,1.8,0000*48
$GPGSA,A,3,09,28,31,27,26,08,04,03,16,,,,1.7,0.9,1.4*30
$GPGSV,3,1,11,04,69,304,35,16,60,011,41,27,59,135,40,08,36,183,37*7C
$GPGSV,3,2,11,26,31,041,36,31,30,080,42,09,26,318,33,03,20,227,31*72
$GPGSV,3,3,11,28,09,097,25,07,02,295,14,48,29,248,36*41
$GPRMC,120930.000,A,2632.9377,N,07703.2119,W,0.12,57.27,280324,,,D*4C
$GPVTG,57.27,T,,M,0.12,N,0.2,K,D*3E
$GPGGA,120935.000,2632.9377,N,07703.2117,W,2,09,0.9,2.3,M,-33.0,M,1.8,0000*43
$GPGSA,A,3,09,28,31,27,26,08,04,03,16,,,,1.7,0.9,1.4*30
$GPGSV,3,1,11,04,69,304,36,16,60,011,40,27,59,135,40,08,36,183,37*7E
$GPGSV,3,2,11,26,31,041,36,31,30,080,41,09,26,318,32,03,20,227,30*71
$GPGSV,3,3,11,28,09,097,25,07,02,295,18,48,29,248,36*4D
$GPVTG,82.25,T,,M,0.09,N,0.2,K,D*3E
$GPGGA,120940.000,2632.9377,N,07703.2116,W,2,09,0.9,2.3,M,-33.0,M,6.8,0000*47
$GPGSA,A,3,09,28,31,27,26,08,04,03,16,,,,1.7,0.9,1.4*30
$GPGSV,3,1,11,04,69,303,37,16,60,012,40,27,59,134,41,08,37,183,38*75
$GPGSV,3,2,11,26,31,041,37,31,30,080,41,09,26,317,32,03,20,227,30*7F
$GPGSV,3,3,11,28,09,098,29,07,02,295,19,48,29,248,33*4A
$GPRMC,120940.000,A,2632.9377,N,07703.2116,W,0.14,98.13,280324,,,D*46
$GPVTG,98.13,T,,M,0.14,N,0.3,K,D*3D
$GPGGA,120945.000,2632.9376,N,07703.2114,W,2,09,0.9,2.3,M,-33.0,M,2.8,0000*45
$GPGSA,A,3,09,28,31,27,26,08,04,03,16,,,,1.7,0.9,1.4*30
$GPGSV,3,1,11,04,69,303,38,16,60,012,40,27,59,134,41,08,37,183,38*7A
$GPGSV,3,2,11,26,31,041,37,31,30,080,40,09,26,317,32,03,20,227,30*7E
$GPGSV,3,3,11,28,09,098,29,07,03,295,18,48,29,248,34*4D
$GPRMC,120945.000,A,2632.9376,N,07703.2114,W,0.13,114.45,280324,,,D*71
$GPVTG,114.45,T,,M,0.13,N,0.2,K,D*0D
$GPGGA,120950.000,2632.9375,N,07703.2112,W,2,09,0.9,2.7,M,-33.0,M,2.8,0000*40
$GPGSA,A,3,09,28,31,27,26,08,04,03,16,,,,1.7,0.9,1.4*30
$GPGSV,3,1,11,04,69,303,38,16,60,012,40,27,59,134,42,08,37,183,39*78
$GPGSV,3,2,11,26,31,041,37,31,30,080,40,09,26,317,32,03,20,227,31*7F
$GPGSV,3,3,11,28,09,098,22,07,03,295,24,48,29,248,30*4D
$GPRMC,120950.000,A,2632.9375,N,07703.2112,W,0.09,112.11,280324,,,D*7C
$GPVTG,112.11,T,,M,0.09,N,0.2,K,D*01
$GPGGA,120955.000,2632.9374,N,07703.2110,W,2,09,0.9,3.0,M,-33.0,M,1.8,0000*43
$GPGSA,A,3,09,28,31,27,26,08,04,03,16,,,,1.7,0.9,1.4*30
$GPGSV,3,1,11,04,69,303,38,16,60,012,40,27,59,134,42,08,37,183,39*78
$GPGSV,3,2,11,26,31,041,37,31,30,080,40,09,26,317,33,03,20,227,33*7C
$GPGSV,3,3,11,28,09,098,29,07,03,295,14,48,29,248,32*47
$GPRMC,120955.000,A,2632.9374,N,07703.2110,W,0.15,115.60,280324,,,D*76
$GPVTG,115.60,T,,M,0.15,N,0.3,K,D*0C
$GPGGA,121000.000,2632.9373,N,07703.2109,W,2,09,0.9,3.1,M,-33.0,M,1.8,0000*45
$GPGSA,A,3,09,28,31,27,26,08,04,03,16,,,,1.7,0.9,1.4*30
$GPGSV,3,1,11,04,69,303,37,16,60,012,40,27,59,134,42,08,37,183,39*77
$GPGSV,3,2,11,26,31,041,37,31,30,080,40,09,26,317,34,03,20,227,33*7B
$GPGSV,3,3,11,28,09,098,29,07,03,295,15,48,29,248,29*4C
$GPRMC,121000.000,A,2632.9373,N,07703.2109,W,0.12,117.76,280324,,,D*73
$GPVTG,117.76,T,,M,0.12,N,0.2,K,D*0F
$GPGGA,121005.000,2632.9373,N,07703.2108,W,2,09,0.9,3.1,M,-33.0,M,1.8,0000*41
$GPGSA,A,3,09,28,31,27,26,08,04,03,16,,,,1.7,0.9,1.4*30
$GPGSV,3,1,11,04,69,303,37,16,60,012,40,27,59,134,42,08,37,183,39*77
$GPGSV,3,2,11,26,31,041,37,31,30,080,41,09,26,317,33,03,20,227,33*7D
$GPRMC,121005.000,A,2632.9373,N,07703.2108,W,0.01,322.63,280324,,,D*75
$GPVTG,322.63,T,,M,0.01,N,0.0,K,D*0F
$GPGGA,121010.000,2632.9373,N,07703.2108,W,2,09,0.9,3.2,M,-33.0,M,5.8,0000*42
$GPGSA,A,3,09,28,31,27,26,08,04,03,16,,,,1.7,0.9,1.4*30
$GPGSV,3,1,11,04,69,303,37,16,60,012,40,27,59,134,42,08,37,183,39*77
$GPGSV,3,2,11,26,31,041,37,31,30,080,41,09,26,317,33,03,20,227,33*7D
$GPGSV,3,3,11,28,09,098,27,07,03,295,23,48,29,248,30*4F
$GPRMC,121010.000,A,2632.9373,N,07703.2108,W,0.01,310.57,280324,,,D*77
$GPGGA,121015.000,2632.9372,N,07703.2109,W,2,09,0.9,3.1,M,-33.0,M,3.8,0000*42
$GPGSA,A,3,09,28,31,27,26,08,04,03,16,,,,1.7,0.9,1.4*30
$GPGSV,3,1,11,04,69,303,36,16,60,012,40,27,59,134,42,08,37,183,39*76
$GPGSV,3,2,11,26,31,041,37,31,30,080,41,09,26,317,34,03,20,227,34*7D
$GPGSV,3,3,11,28,09,098,27,07,03,295,23,48,29,248,28*46
$GPRMC,121015.000,A,2632.9372,N,07703.2109,W,0.03,268.99,280324,,,D*7C
$GPVTG,268.99,T,,M,0.03,N,0.1,K,D*06
$GPGGA,121020.000,2632.9372,N,07703.2110,W,2,09,0.9,2.9,M,-33.0,M,2.8,0000*44
$GPGSA,A,3,09,28,31,27,26,08,04,03,16,,,,1.7,0.9,1.4*30
$GPGSV,3,1,11,04,69,303,37,16,60,012,40,27,59,134,42,08,37,183,39*77
$GPGSV,3,2,11,26,31,041,37,31,30,080,41,09,26,317,33,03,20,227,34*7A
$GPGSV,3,3,11,28,09,098,29,07,03,295,22,48,29,248,32*42
$GPRMC,121020.000,A,2632.9372,N,07703.2110,W,0.03,231.52,280324,,,D*79
$GPVTG,231.52,T,,M,0.03,N,0.1,K,D*0D
$GPGGA,121025.000,2632.9371,N,07703.2109,W,2,09,0.9,2.8,M,-33.0,M,1.8,0000*48
$GPGSA,A,3,09,28,31,27,26,08,04,03,16,,,,1.7,0.9,1.4*30
$GPGSV,3,1,11,04,69,303,37,16,60,012,40,27,59,134,43,08,37,183,39*76
$GPGSV,3,2,11,26,31,041,37,31,30,080,41,09,26,317,33,03,20,227,35*7B
$GPGSV,3,3,11,28,09,098,29,07,03,295,21,48,29,248,32*41
$GPRMC,121025.000,A,2632.9371,N,07703.2109,W,0.03,152.56,280324,,,D*75
$GPVTG,152.56,T,,M,0.03,N,0.1,K,D*0F
$GPGGA,121030.000,2632.9370,N,07703.2109,W,2,09,0.9,2.8,M,-33.0,M,1.8,0000*4D
$GPGSA,A,3,09,28,31,27,26,08,04,03,16,,,,1.7,0.9,1.4*30
$GPGSV,3,1,11,04,69,303,38,16,60,012,40,27,59,134,42,08,37,183,39*78
$GPGSV,3,2,11,26,31,041,37,31,30,080,41,09,26,317,33,03,20,227,35*7B
$GPGSV,3,3,11,28,09,098,21,07,03,295,26,48,29,248,30*4C
$GPRMC,121030.000,A,2632.9370,N,07703.2109,W,0.07,283.33,280324,,,D*78
$GPVTG,283.33,T,,M,0.07,N,0.1,K,D*07
$GPGGA,121035.000,2632.9370,N,07703.2109,W,2,09,0.9,2.6,M,-33.0,M,1.8,0000*46
$GPGSA,A,3,09,28,31,27,26,08,04,03,16,,,,1.7,0.9,1.4*30
$GPGSV,3,1,11,04,69,303,38,16,60,012,40,27,59,134,42,08,37,183,39*78
$GPGSV,3,2,11,26,31,041,37,31,30,080,41,09,26,317,33,03,20,227,34*7A
$GPRMC,121035.000,A,2632.9370,N,07703.2109,W,0.07,91.69,280324,,,D*43
$GPVTG,91.69,T,,M,0.07,N,0.1,K,D*39
$GPGGA,121040.000,2632.9370,N,07703.2108,W,2,09,0.9,2.8,M,-33.0,M,1.8,0000*4B
$GPGSA,A,3,09,28,31,27,26,08,04,03,16,,,,1.7,0.9,1.4*30
$GPGSV,3,1,11,04,69,303,39,16,60,012,40,27,59,134,42,08,37,183,39*79
$GPGSV,3,2,11,26,31,041,36,31,30,080,41,09,26,317,34,03,20,227,33*7B
$GPGSV,3,3,11,28,09,098,27,07,03,295,21,48,29,248,34*49
$GPRMC,121040.000,A,2632.9370,N,07703.2108,W,0.09,54.89,280324,,,D*49
$GPGGA,121045.000,2632.9371,N,07703.2108,W,2,09,0.9,2.6,M,-33.0,M,3.8,0000*43
$GPGSA,A,3,09,28,31,27,26,08,04,03,16,,,,1.7,0.9,1.4*30
$GPGSV,3,1,11,04,69,303,39,16,60,012,40,27,59,134,41,08,37,183,39*7A
$GPGSV,3,2,11,26,31,041,36,31,30,080,40,09,26,317,34,03,20,227,33*7A
$GPGSV,3,3,11,28,09,098,28,07,03,295,11,48,29,248,34*45
$GPRMC,121045.000,A,2632.9371,N,07703.2108,W,0.14,0.79,280324,,,D*7F
$GPVTG,0.79,T,,M,0.14,N,0.3,K,D*00
$GPGGA,121050.000,2632.9373,N,07703.2106,W,2,09,0.9,2.7,M,-33.0,M,1.8,0000*48
$GPGSA,A,3,09,28,31,27,26,08,04,03,16,,,,1.7,0.9,1.4*30
$GPGSV,3,1,11,04,69,303,39,16,60,012,40,27,59,134,41,08,37,183,39*7A
$GPGSV,3,2,11,26,31,041,36,31,30,080,40,09,26,317,29,03,20,227,32*77
$GPGSV,3,3,11,28,09,098,29,07,03,295,15,48,29,248,33*47
$GPRMC,121050.000,A,2632.9373,N,07703.2106,W,0.16,49.74,280324,,,D*45
$GPVTG,49.74,T,,M,0.16,N,0.3,K,D*32
$GPGGA,121055.000,2632.9374,N,07703.2105,W,2,09,0.9,2.6,M,-33.0,M,1.8,0000*48
$GPGSA,A,3,09,28,31,27,26,08,04,03,16,,,,1.7,0.9,1.4*30
$GPGSV,3,1,11,04,69,303,39,16,60,012,40,27,59,134,41,08,37,183,39*7A
$GPGSV,3,2,11,26,31,041,37,31,30,080,40,09,26,317,29,03,20,227,32*76
$GPGSV,3,3,11,28,09,098,20,07,03,295,25,48,29,248,33*4D
$GPRMC,121055.000,A,2632.9374,N,07703.2105,W,0.12,6.54,280324,,,D*79
$GPVTG,6.54,T,,M,0.12,N,0.2,K,D*0E
$GPGGA,121100.000,2632.9375,N,07703.2106,W,2,09,0.9,2.3,M,-33.0,M,1.8,0000*4E
$GPGSA,A,3,09,28,31,27,26,08,04,03,16,,,,1.7,0.9,1.4*30
$GPGSV,3,1,11,04,69,303,38,16,60,012,39,27,59,134,41,08,37,183,39*75
$GPGSV,3,2,11,26,31,041,37,31,30,080,40,09,26,317,29,03,20,227,33*77
$GPGSV,3,3,11,28,09,098,21,07,03,295,27,48,29,248,36*4B
$GPRMC,121100.000,A,2632.9375,N,07703.2106,W,0.10,24.22,280324,,,D*49
$GPVTG,24.22,T,,M,0.10,N,0.2,K,D*3D
$GPGGA,121105.000,2632.9375,N,07703.2105,W,2,09,0.9,2.3,M,-33.0,M,1.8,0000*48
$GPGSA,A,3,09,28,31,27,26,08,04,03,16,,,,1.7,0.9,1.4*30
$GPGSV,3,1,11,04,69,303,37,16,60,012,39,27,59,134,41,08,37,183,39*7A
$GPGSV,3,2,11,26,31,041,36,31,30,080,40,09,26,317,30,03,20,227,33*7E
$GPRMC,121105.000,A,2632.9375,N,07703.2105,W,0.03,2.59,280324,,,D*75
$GPVTG,2.59,T,,M,0.03,N,0.1,K,D*04
$GPGGA,121110.000,2632.9376,N,07703.2107,W,2,09,0.9,2.1,M,-33.0,M,4.8,0000*4A
$GPGSA,A,3,09,28,31,27,26,08,04,03,16,,,,1.7,0.9,1.4*30
$GPGSV,3,1,11,04,69,301,37,27,60,133,41,16,59,012,39,08,38,183,38*71
$GPGSV,3,2,11,26,31,042,36,31,30,081,41,09,27,317,31,03,20,226,33*7C
$GPGSV,3,3,11,28,08,098,24,07,03,296,18,48,29,248,31*47
$GPRMC,121110.000,A,2632.9376,N,07703.2107,W,0.09,288.37,280324,,,D*72
$GPGGA,121115.000,2632.9375,N,07703.2106,W,2,09,0.9,2.1,M,-33.0,M,3.8,0000*4A
$GPGSA,A,3,09,28,31,27,26,08,04,03,16,,,,1.7,0.9,1.4*30
$GPGSV,3,1,11,04,69,301,38,27,60,133,41,16,59,012,39,08,38,183,38*7E
$GPGSV,3,2,11,26,31,042,37,31,30,081,41,09,27,317,32,03,20,226,33*7E
$GPGSV,3,3,11,28,08,098,25,07,03,296,22,48,29,248,35*4B
$GPRMC,121115.000,A,2632.9375,N,07703.2106,W,0.10,149.43,280324,,,D*70
$GPVTG,149.43,T,,M,0.10,N,0.2,K,D*00
$GPGGA,121120.000,2632.9374,N,07703.2106,W,2,09,0.9,1.9,M,-33.0,M,1.8,0000*44
$GPGSA,A,3,09,28,31,27,26,08,04,03,16,,,,1.7,0.9,1.4*30
$GPGSV,3,1,11,04,69,301,39,27,60,133,41,16,59,012,38,08,38,183,37*71
$GPGSV,3,2,11,26,31,042,37,31,30,081,41,09,27,317,31,03,20,226,34*7A
$GPGSV,3,3,11,28,08,098,26,07,03,296,24,48,29,248,35*4E
$GPRMC,121120.000,A,2632.9374,N,07703.2106,W,0.08,260.72,280324,,,D*74
$GPVTG,260.72,T,,M,0.08,N,0.2,K,D*03
$GPGGA,121125.000,2632.9373,N,07703.2107,W,2,09,0.9,1.8,M,-33.0,M,1.8,0000*46
$GPGSA,A,3,09,28,31,27,26,08,04,03,16,,,,1.7,0.9,1.4*30
$GPGSV,3,1,11,04,69,301,39,27,60,133,41,16,59,012,38,08,38,183,38*7E
$GPGSV,3,2,11,26,31,042,37,31,30,081,41,09,27,317,26,03,20,226,35*7D
$GPGSV,3,3,11,28,08,098,27,07,03,296,24,48,29,248,34*4E
$GPRMC,121125.000,A,2632.9373,N,07703.2107,W,0.08,197.45,280324,,,D*78
$GPVTG,197.45,T,,M,0.08,N,0.1,K,D*0F
$GPGGA,121130.000,2632.9371,N,07703.2107,W,2,09,0.9,1.7,M,-33.0,M,1.8,0000*4F
$GPGSA,A,3,09,28,31,27,26,08,04,03,16,,,,1.7,0.9,1.4*30
$GPGSV,3,1,11,04,69,301,40,27,60,133,41,16,59,012,38,08,38,183,38*70
$GPGSV,3,2,11,26,31,042,38,31,30,081,41,09,27,317,26,03,20,226,35*72
$GPGSV,3,3,11,28,08,098,22,07,03,296,23,48,29,248,30*48
$GPRMC,121130.000,A,2632.9371,N,07703.2107,W,0.12,226.79,280324,,,D*73
$GPVTG,226.79,T,,M,0.12,N,0.2,K,D*01
$GPGGA,121135.000,2632.9371,N,07703.2109,W,2,09,0.9,1.9,M,-33.0,M,1.8,0000*4A
$GPGSA,A,3,09,28,31,27,26,08,04,03,16,,,,1.7,0.9,1.4*30
$GPGSV,3,1,11,04,69,301,39,27,60,133,41,16,59,012,38,08,38,183,38*7E
$GPGSV,3,2,11,26,31,042,38,31,30,081,42,09,27,317,29,03,20,226,34*7F
$GPRMC,121135.000,A,2632.9371,N,07703.2109,W,0.16,314.52,280324,,,D*75
$GPVTG,314.52,T,,M,0.16,N,0.3,K,D*0D
$GPGGA,121140.000,2632.9373,N,07703.2111,W,2,09,0.9,1.7,M,-33.0,M,5.8,0000*49
$GPGSA,A,3,09,28,31,27,26,08,04,03,16,,,,1.7,0.9,1.4*30
$GPGSV,3,1,11,04,69,301,39,27,60,133,42,16,59,012,39,08,38,183,38*7C
$GPGSV,3,2,11,26,31,042,37,31,30,081,41,09,27,317,30,03,20,226,32*7D
$GPGSV,3,3,11,28,08,098,28,07,03,296,18,48,29,248,31*4B
$GPRMC,121140.000,A,2632.9373,N,07703.2111,W,0.12,328.65,280324,,,D*73
$GPGGA,121145.000,2632.9373,N,07703.2113,W,2,09,0.9,1.6,M,-33.0,M,2.8,0000*48
$GPGSA,A,3,09,28,31,27,26,08,04,03,16,,,,1.7,0.9,1.4*30
$GPGSV,3,1,11,04,70,300,38,27,60,132,42,16,59,013,39,08,38,183,38*74
$GPGSV,3,2,11,26,30,042,37,31,30,081,41,09,27,317,31,03,19,226,34*71
$GPGSV,3,3,11,28,08,098,29,07,03,296,21,48,29,248,32*43
$GPRMC,121145.000,A,2632.9373,N,07703.2113,W,0.11,292.04,280324,,,D*70
$GPVTG,292.04,T,,M,0.11,N,0.2,K,D*07
$GPGGA,121150.000,2632.9373,N,07703.2114,W,2,09,0.9,1.4,M,-33.0,M,1.8,0000*4A
$GPGSA,A,3,09,28,31,27,26,08,04,03,16,,,,1.7,0.9,1.4*30
$GPGSV,3,1,11,04,70,300,37,27,60,132,43,16,59,013,40,08,38,183,38*74
$GPGSV,3,2,11,26,30,042,37,31,30,081,41,09,27,317,31,03,19,226,35*70
$GPGSV,3,3,11,28,08,098,30,07,03,296,21,48,29,248,32*4B
$GPRMC,121150.000,A,2632.9373,N,07703.2114,W,0.02,45.94,280324,,,D*40
$GPVTG,45.94,T,,M,0.02,N,0.0,K,D*36
$GPGGA,121155.000,2632.9372,N,07703.2114,W,2,09,0.9,1.3,M,-33.0,M,1.8,0000*49
$GPGSA,A,3,09,28,31,27,26,08,04,03,16,,,,1.7,0.9,1.4*30
$GPGSV,3,1,11,04,70,300,37,27,60,132,43,16,59,013,40,08,38,183,38*74
$GPGSV,3,2,11,26,30,042,37,31,30,081,41,09,27,317,32,03,19,226,35*73
$GPGSV,3,3,11,28,08,098,30,07,03,296,22,48,29,248,32*48
$GPRMC,121155.000,A,2632.9372,N,07703.2114,W,0.08,184.36,280324,,,D*7A
$GPVTG,184.36,T,,M,0.08,N,0.1,K,D*09
$GPGGA,121200.000,2632.9372,N,07703.2113,W,2,09,0.9,1.5,M,-33.0,M,1.8,0000*4B
$GPGSA,A,3,09,28,31,27,26,08,04,03,16,,,,1.7,0.9,1.4*30
$GPGSV,3,1,11,04,70,300,37,27,60,132,43,16,59,013,39,08,38,183,38*7A
$GPGSV,3,2,11,26,30,042,37,31,30,081,41,09,27,317,31,03,19,226,31*74
$GPGSV,3,3,11,28,08,098,30,07,03,296,22,48,29,248,30*4A
$GPRMC,121200.000,A,2632.9372,N,07703.2113,W,0.08,50.86,280324,,,D*4D
$GPVTG,50.86,T,,M,0.08,N,0.2,K,D*39
$GPGGA,121205.000,2632.9372,N,07703.2113,W,2,09,0.9,1.5,M,-33.0,M,1.8,0000*4E
$GPGSA,A,3,09,28,31,27,26,08,04,03,16,,,,1.7,0.9,1.4*30
$GPGSV,3,1,11,04,70,300,38,27,60,132,42,16,59,013,39,08,38,183,39*75
$GPGSV,3,2,11,26,30,042,37,31,30,081,41,09,27,317,30,03,19,226,31*75
$GPRMC,121205.000,A,2632.9372,N,07703.2113,W,0.03,97.84,280324,,,D*4A
$GPVTG,97.84,T,,M,0.03,N,0.1,K,D*38
$GPGGA,121210.000,2632.9372,N,07703.2113,W,2,09,0.9,1.7,M,-33.0,M,1.8,0000*48
$GPGSA,A,3,09,28,31,27,26,08,04,03,16,,,,1.7,0.9,1.4*30
$GPGSV,3,1,11,04,70,300,38,27,60,132,42,16,59,013,38,08,38,183,39*74
$GPGSV,3,2,11,26,30,042,37,31,30,081,42,09,27,317,26,03,19,226,32*72
$GPGSV,3,3,11,28,08,098,29,07,03,296,23,48,29,248,28*4A
$GPRMC,121210.000,A,2632.9372,N,07703.2113,W,0.08,329.85,280324,,,D*72
$GPGGA,121215.000,2632.9373,N,07703.2114,W,2,09,0.9,1.6,M,-33.0,M,1.8,0000*4A
$GPGSA,A,3,09,28,31,27,26,08,04,03,16,,,,1.7,0.9,1.4*30
$GPGSV,3,1,11,04,70,300,38,27,60,132,41,16,59,013,38,08,38,183,38*76
$GPGSV,3,2,11,26,30,042,38,31,30,081,42,09,27,317,26,03,19,226,33*7C
$GPGSV,3,3,11,28,08,098,29,07,03,296,26,48,29,248,28*4F
$GPRMC,121215.000,A,2632.9373,N,07703.2114,W,0.04,353.65,280324,,,D*7E
$GPVTG,353.65,T,,M,0.04,N,0.1,K,D*0B
$GPGGA,121220.000,2632.9373,N,07703.2114,W,2,09,0.9,1.6,M,-33.0,M,2.8,0000*4F
$GPGSA,A,3,09,28,31,27,26,08,04,03,16,,,,1.7,0.9,1.4*30
$GPGSV,3,1,11,04,70,300,39,27,60,132,41,16,59,013,38,08,38,183,38*77
$GPGSV,3,2,11,26,30,042,38,31,30,081,42,09,27,317,25,03,19,226,33*7F
$GPGSV,3,3,11,28,08,098,29,07,03,296,25,48,29,248,29*4D
$GPRMC,121220.000,A,2632.9373,N,07703.2114,W,0.08,320.56,280324,,,D*70
$GPVTG,320.56,T,,M,0.08,N,0.2,K,D*00
$GPGGA,121225.000,2632.9374,N,07703.2115,W,2,09,0.9,1.4,M,-33.0,M,0.8,0000*4C
$GPGSA,A,3,09,28,31,27,26,08,04,03,16,,,,1.7,0.9,1.4*30
$GPGSV,3,1,11,04,70,300,39,27,60,132,41,16,59,013,38,08,38,183,38*77
$GPGSV,3,2,11,26,30,042,38,31,30,081,42,09,27,317,25,03,19,226,33*7F
$GPGSV,3,3,11,28,08,098,29,07,03,296,25,48,29,248,31*44
$GPRMC,121225.000,A,2632.9374,N,07703.2115,W,0.06,324.02,280324,,,D*78
$GPVTG,324.02,T,,M,0.06,N,0.1,K,D*08
$GPGGA,121230.000,2632.9373,N,07703.2115,W,2,09,0.9,1.4,M,-33.0,M,1.8,0000*4E
$GPGSA,A,3,09,28,31,27,26,08,04,03,16,,,,1.7,0.9,1.4*30
$GPGSV,3,1,11,04,70,300,39,27,60,132,41,16,59,013,37,08,38,183,38*78
$GPGSV,3,2,11,26,30,042,38,31,30,081,41,09,27,317,23,03,19,226,33*7A
$GPGSV,3,3,11,28,08,098,29,07,03,296,24,48,29,248,33*47
$GPRMC,121230.000,A,2632.9373,N,07703.2115,W,0.12,125.14,280324,,,D*7A
$GPVTG,125.14,T,,M,0.12,N,0.2,K,D*0A
$GPGGA,121235.000,2632.9373,N,07703.2115,W,2,09,0.9,1.3,M,-33.0,M,1.8,0000*4C
$GPGSA,A,3,09,28,31,27,26,08,04,03,16,,,,1.7,0.9,1.4*30
$GPGSV,3,1,11,04,70,300,39,27,60,132,41,16,59,013,37,08,38,183,37*77
$GPGSV,3,2,11,26,30,042,37,31,30,081,41,09,27,317,28,03,19,226,34*79
$GPRMC,121235.000,A,2632.9373,N,07703.2115,W,0.05,64.49,280324,,,D*45
$GPVTG,64.49,T,,M,0.05,N,0.1,K,D*33
$GPGGA,121240.000,2632.9373,N,07703.2115,W,2,08,1.0,1.2,M,-33.0,M,1.8,0000*46
$GPGSA,A,3,09,31,27,26,08,04,03,16,,,,,2.0,1.0,1.7*35
$GPGSV,3,1,11,04,70,300,39,27,60,132,41,16,59,013,37,08,38,183,37*77
$GPGSV,3,2,11,26,30,042,37,31,30,081,41,09,27,317,26,03,19,226,34*77
$GPGSV,3,3,11,28,08,098,21,07,03,296,23,48,29,248,32*49
$GPRMC,121240.000,A,2632.9373,N,07703.2115,W,0.05,103.35,280324,,,D*7C
$GPGGA,121245.000,2632.9372,N,07703.2115,W,2,09,0.9,1.2,M,-33.0,M,3.8,0000*49
$GPGSA,A,3,09,28,31,27,26,08,04,03,16,,,,1.7,0.9,1.4*30
$GPGSV,3,1,11,04,70,300,39,27,60,132,42,16,59,013,38,08,38,183,37*7B
$GPGSV,3,2,11,26,30,042,36,31,30,081,41,09,27,317,29,03,19,226,33*7E
$GPGSV,3,3,11,28,08,098,25,07,03,296,19,48,29,248,31*47
$GPRMC,121245.000,A,2632.9372,N,07703.2115,W,0.02,322.02,280324,,,D*7A
$GPVTG,322.02,T,,M,0.02,N,0.0,K,D*0B
$GPGGA,121250.000,2632.9372,N,07703.2114,W,2,09,0.9,1.2,M,-33.0,M,2.8,0000*4D
$GPGSA,A,3,09,28,31,27,26,08,04,03,16,,,,1.7,0.9,1.4*30
$GPGSV,3,1,11,04,70,300,38,27,60,132,42,16,59,013,38,08,38,183,38*75
$GPGSV,3,2,11,26,30,042,36,31,30,081,41,09,27,317,29,03,19,226,32*7F
$GPGSV,3,3,11,28,08,098,26,07,03,296,19,48,29,248,35*40
$GPRMC,121250.000,A,2632.9372,N,07703.2114,W,0.08,79.27,280324,,,D*4F
$GPVTG,79.27,T,,M,0.08,N,0.1,K,D*3A
$GPGGA,121255.000,2632.9372,N,07703.2113,W,2,09,0.9,1.3,M,-33.0,M,1.8,0000*4D
$GPGSA,A,3,09,28,31,27,26,08,04,03,16,,,,1.7,0.9,1.4*30
$GPGSV,3,1,11,04,70,300,38,27,60,132,42,16,59,013,39,08,38,183,38*74
$GPGSV,3,2,11,26,30,042,36,31,30,081,41,09,27,317,29,03,19,226,32*7F
$GPGSV,3,3,11,28,08,098,16,07,03,296,25,48,29,248,36*4F
$GPRMC,121255.000,A,2632.9372,N,07703.2113,W,0.07,354.44,280324,,,D*7B
$GPVTG,354.44,T,,M,0.07,N,0.1,K,D*0C
$GPGGA,121300.000,2632.9373,N,07703.2113,W,2,09,0.9,1.2,M,-33.0,M,1.8,0000*4C
$GPGSA,A,3,09,28,31,27,26,08,04,03,16,,,,1.7,0.9,1.4*30
$GPGSV,3,1,11,04,70,300,37,27,60,132,41,16,59,013,40,08,38,183,38*76
$GPGSV,3,2,11,26,30,042,36,31,30,081,40,09,27,317,29,03,19,226,32*7E
$GPGSV,3,3,11,28,08,098,21,07,03,296,25,48,29,248,35*48
$GPRMC,121300.000,A,2632.9373,N,07703.2113,W,0.10,36.00,280324,,,D*4A
$GPVTG,36.00,T,,M,0.10,N,0.2,K,D*3E
$GPGGA,121305.000,2632.9373,N,07703.2113,W,2,09,0.9,1.3,M,-33.0,M,1.8,0000*48
$GPGSA,A,3,09,28,31,27,26,08,04,03,16,,,,1.7,0.9,1.4*30
$GPGSV,3,1,11,04,70,300,37,27,60,132,41,16,59,013,41,08,38,183,38*77
$GPGSV,3,2,11,26,30,042,36,31,30,081,40,09,27,317,28,03,19,226,33*7E
$GPGSV,3,3,11,28,08,098,26,07,03,296,25,48,29,248,33*49
$GPVTG,328.20,T,,M,0.08,N,0.1,K,D*0A
$GPGGA,121310.000,2632.9374,N,07703.2114,W,2,09,0.9,1.4,M,-33.0,M,6.8,0000*4C
$GPGSA,A,3,09,28,31,27,26,08,04,03,16,,,,1.7,0.9,1.4*30
$GPGSV,3,1,11,04,70,300,37,27,60,132,41,16,59,013,41,08,38,183,38*77
$GPGSV,3,2,11,26,30,042,36,31,30,081,40,09,27,317,28,03,19,226,34*79
$GPGSV,3,3,11,28,08,098,27,07,03,296,17,48,29,248,32*48
$GPRMC,121310.000,A,2632.9374,N,07703.2114,W,0.10,317.68,280324,,,D*75
$GPVTG,317.68,T,,M,0.10,N,0.2,K,D*00
$GPGGA,121315.000,2632.9375,N,07703.2115,W,2,09,0.9,1.5,M,-33.0,M,11.8,0000*7E
$GPGSA,A,3,09,28,31,27,26,08,04,03,16,,,,1.7,0.9,1.4*30
$GPGSV,3,1,11,04,70,300,37,27,60,132,41,16,59,013,41,08,38,183,38*77
$GPGSV,3,2,11,26,30,042,36,31,30,081,40,09,27,317,28,03,19,226,34*79
$GPGSV,3,3,11,28,08,098,27,07,03,296,18,48,29,248,33*46
$GPRMC,121315.000,A,2632.9375,N,07703.2115,W,0.10,319.59,280324,,,D*7C
$GPVTG,319.59,T,,M,0.10,N,0.2,K,D*0C
$GPGGA,121320.000,2632.9375,N,07703.2116,W,2,09,0.9,1.7,M,-33.0,M,1.8,0000*48
$GPGSA,A,3,09,28,31,27,26,08,04,03,16,,,,1.7,0.9,1.4*30
$GPGSV,3,1,11,04,70,299,37,27,61,131,41,16,58,013,41,08,39,183,38*74
$GPGSV,3,2,11,26,30,042,37,31,29,082,40,09,28,317,29,03,19,225,34*7E
$GPGSV,3,3,11,28,08,099,26,07,03,296,18,48,29,248,34*41
$GPRMC,121320.000,A,2632.9375,N,07703.2116,W,0.03,266.84,280324,,,D*72
$GPVTG,266.84,T,,M,0.03,N,0.0,K,D*05
$GPGGA,121325.000,2632.9375,N,07703.2116,W,2,09,0.9,1.8,M,-33.0,M,2.8,0000*41
$GPGSA,A,3,09,28,31,27,26,08,04,03,16,,,,1.7,0.9,1.4*30
$GPGSV,3,1,11,04,70,299,37,27,61,131,41,16,58,013,41,08,39,183,38*74
$GPGSV,3,2,11,26,30,042,37,31,29,082,40,09,28,317,29,03,19,225,34*7E
$GPGSV,3,3,11,28,08,099,25,07,03,296,18,48,29,248,35*43
$GPRMC,121325.000,A,2632.9375,N,07703.2116,W,0.07,282.48,280324,,,D*79
$GPVTG,282.48,T,,M,0.07,N,0.1,K,D*0A
$GPGGA,121330.000,2632.9375,N,07703.2116,W,2,09,0.9,1.8,M,-33.0,M,1.8,0000*46
$GPGSA,A,3,09,28,31,27,26,08,04,03,16,,,,1.7,0.9,1.4*30
$GPGSV,3,1,11,04,70,299,37,27,61,131,41,16,58,013,41,08,39,183,38*74
$GPGSV,3,2,11,26,30,042,36,31,29,082,41,09,28,317,29,03,19,225,33*79
$GPGSV,3,3,11,28,08,099,20,07,03,296,21,48,29,248,35*4C
$GPRMC,121330.000,A,2632.9375,N,07703.2116,W,0.05,286.84,280324,,,D*7B
$GPVTG,286.84,T,,M,0.05,N,0.1,K,D*0C
$GPGGA,121335.000,2632.9375,N,07703.2117,W,2,08,1.0,1.9,M,-33.0,M,1.8,0000*4A
$GPGSA,A,3,09,31,27,26,08,04,03,16,,,,,2.0,1.0,1.7*35
$GPGSV,3,1,11,04,70,299,37,27,61,131,41,16,58,013,41,08,39,183,38*74
$GPGSV,3,2,11,26,30,042,36,31,29,082,40,09,28,317,29,03,19,225,33*78
$GPGSV,3,3,11,28,08,099,12,07,03,296,21,48,29,248,36*4E
$GPRMC,121335.000,A,2632.9375,N,07703.2117,W,0.07,327.06,280324,,,D*7D
$GPVTG,327.06,T,,M,0.07,N,0.1,K,D*0E
$GPGGA,121340.000,2632.9375,N,07703.2117,W,2,08,1.0,1.9,M,-33.0,M,4.8,0000*4D
$GPGSA,A,3,09,31,27,26,08,04,03,16,,,,,2.0,1.0,1.7*35
$GPGSV,3,1,11,04,70,299,37,27,61,131,41,16,58,013,41,08,39,183,38*74
$GPGSV,3,2,11,26,30,042,36,31,29,082,40,09,28,317,29,03,19,225,32*79
$GPGSV,3,3,11,28,08,099,,07,03,296,18,48,29,248,35*44
$GPVTG,305.74,T,,M,0.05,N,0.1,K,D*09
$GPGGA,121345.000,2632.9376,N,07703.2119,W,2,09,0.9,1.9,M,-33.0,M,1.8,0000*49
$GPGSA,A,3,09,28,31,27,26,08,04,03,16,,,,1.7,0.9,1.4*30
$GPGSV,3,1,11,04,70,299,37,27,61,131,42,16,58,013,41,08,39,183,38*77
$GPGSV,3,2,11,26,30,042,36,31,29,082,40,09,28,317,30,03,19,225,28*7A
$GPGSV,3,3,11,28,08,099,27,07,03,296,18,48,29,248,35*41
$GPRMC,121345.000,A,2632.9376,N,07703.2119,W,0.09,307.80,280324,,,D*75
$GPVTG,307.80,T,,M,0.09,N,0.2,K,D*0F
$GPGGA,121350.000,2632.9376,N,07703.2119,W,2,09,0.9,1.9,M,-33.0,M,2.8,0000*4E
$GPGSA,A,3,09,28,31,27,26,08,04,03,16,,,,1.7,0.9,1.4*30
$GPGSV,3,1,11,04,70,299,37,27,61,131,42,16,58,013,42,08,39,183,38*74
$GPGSV,3,2,11,26,30,042,36,31,29,082,40,09,28,317,31,03,19,225,28*7B
$GPGSV,3,3,11,28,08,099,27,07,03,296,16,48,29,248,34*4E
$GPRMC,121350.000,A,2632.9376,N,07703.2119,W,0.03,233.66,280324,,,D*75
$GPVTG,233.66,T,,M,0.03,N,0.1,K,D*08
$GPGGA,121355.000,2632.9376,N,07703.2119,W,2,09,0.9,1.9,M,-33.0,M,1.8,0000*48
$GPGSA,A,3,09,28,31,27,26,08,04,03,16,,,,1.7,0.9,1.4*30
$GPGSV,3,1,11,04,70,299,38,27,61,131,42,16,58,013,42,08,39,183,39*7A
$GPGSV,3,2,11,26,30,042,36,31,29,082,40,09,28,317,31,03,19,225,28*7B
$GPGSV,3,3,11,28,08,099,27,07,03,296,,48,29,248,35*48
$GPRMC,121355.000,A,2632.9376,N,07703.2119,W,0.07,323.09,280324,,,D*7D
$GPVTG,323.09,T,,M,0.07,N,0.1,K,D*05
$GPGGA,121400.000,2632.9376,N,07703.2120,W,2,09,0.9,1.8,M,-33.0,M,1.8,0000*44
$GPGSA,A,3,09,28,31,27,26,08,04,03,16,,,,1.7,0.9,1.4*30
$GPGSV,3,1,11,04,70,299,37,27,61,131,42,16,58,013,42,08,39,183,39*75
$GPGSV,3,2,11,26,30,042,36,31,29,082,40,09,28,317,31,03,19,225,29*7A
$GPGSV,3,3,11,28,08,099,17,07,03,296,17,48,29,248,36*4E
$GPRMC,121400.000,A,2632.9376,N,07703.2120,W,0.02,67.70,280324,,,D*48
$GPVTG,67.70,T,,M,0.02,N,0.0,K,D*3C
$GPGGA,121405.000,2632.9375,N,07703.2119,W,2,09,0.9,1.5,M,-33.0,M,1.8,0000*45
$GPGSA,A,3,09,28,31,27,26,08,04,03,16,,,,1.7,0.9,1.4*30
$GPGSV,3,1,11,04,70,299,37,27,61,131,42,16,58,013,42,08,39,183,38*74
$GPGSV,3,2,11,26,30,042,36,31,29,082,40,09,28,317,27,03,19,225,35*70
$GPGSV,3,3,11,28,08,099,28,07,03,296,18,48,29,248,32*49
$GPRMC,121405.000,A,2632.9375,N,07703.2119,W,0.07,176.41,280324,,,D*72
$GPVTG,176.41,T,,M,0.07,N,0.1,K,D*0B
$GPGGA,121410.000,2632.9374,N,07703.2120,W,2,09,0.9,1.3,M,-33.0,M,3.8,0000*4E
$GPGSA,A,3,09,28,31,27,26,08,04,03,16,,,,1.7,0.9,1.4*30
$GPGSV,3,1,11,04,70,299,37,27,61,131,42,16,58,013,41,08,39,183,38*77
$GPGSV,3,2,11,26,30,042,36,31,29,082,40,09,28,317,33,03,19,225,34*74
$GPGSV,3,3,11,28,08,099,28,07,03,296,27,48,29,248,35*42
$GPVTG,97.06,T,,M,0.04,N,0.1,K,D*35
$GPGGA,121415.000,2632.9374,N,07703.2119,W,2,09,0.9,1.3,M,-33.0,M,3.8,0000*41
$GPGSA,A,3,09,28,31,27,26,08,04,03,16,,,,1.7,0.9,1.4*30
$GPGSV,3,1,11,04,70,299,38,27,61,131,42,16,58,013,41,08,39,183,39*79
$GPGSV,3,2,11,26,30,042,36,31,29,082,40,09,28,317,33,03,19,225,28*79
$GPGSV,3,3,11,28,08,099,28,07,03,296,19,48,29,248,31*4B
$GPRMC,121415.000,A,2632.9374,N,07703.2119,W,0.12,130.52,280324,,,D*76
$GPVTG,130.52,T,,M,0.12,N,0.2,K,D*0C
$GPGGA,121420.000,2632.9373,N,07703.2118,W,2,09,0.9,1.3,M,-33.0,M,3.8,0000*41
$GPGSA,A,3,09,28,31,27,26,08,04,03,16,,,,1.7,0.9,1.4*30
$GPGSV,3,1,11,04,70,299,39,27,61,131,42,16,58,013,40,08,39,183,40*77
$GPGSV,3,2,11,26,30,042,37,31,29,082,39,09,28,317,33,03,19,225,30*7F
$GPGSV,3,3,11,28,08,099,28,07,03,296,19,48,29,248,31*4B
$GPRMC,121420.000,A,2632.9373,N,07703.2118,W,0.06,117.71,280324,,,D*77
$GPVTG,117.71,T,,M,0.06,N,0.1,K,D*0E
$GPGGA,121425.000,2632.9372,N,07703.2117,W,2,09,0.9,1.4,M,-33.0,M,1.8,0000*4F
$GPGSA,A,3,09,28,31,27,26,08,04,03,16,,,,1.7,0.9,1.4*30
$GPGSV,3,1,11,04,70,299,39,27,61,131,42,16,58,013,39,08,39,183,40*79
$GPGSV,3,2,11,26,30,042,37,31,29,082,40,09,28,317,28,03,19,225,30*7B
$GPGSV,3,3,11,28,08,099,27,07,03,296,29,48,29,248,32*44
$GPRMC,121425.000,A,2632.9372,N,07703.2117,W,0.04,112.27,280324,,,D*78
$GPVTG,112.27,T,,M,0.04,N,0.1,K,D*0A
$GPGGA,121430.000,2632.9372,N,07703.2117,W,2,09,0.9,1.2,M,-33.0,M,1.8,0000*4D
$GPGSA,A,3,09,28,31,27,26,08,04,03,16,,,,1.7,0.9,1.4*30
$GPGSV,3,1,11,04,70,299,39,27,61,131,42,16,58,013,39,08,39,183,40*79
$GPGSV,3,2,11,26,30,042,37,31,29,082,40,09,28,317,30,03,19,225,30*72
$GPGSV,3,3,11,28,08,099,28,07,03,296,29,48,29,248,27*4F
$GPRMC,121430.000,A,2632.9372,N,07703.2117,W,0.08,72.55,280324,,,D*42
$GPVTG,72.55,T,,M,0.08,N,0.1,K,D*34
$GPGGA,121435.000,2632.9372,N,07703.2117,W,2,09,0.9,1.1,M,-33.0,M,6.8,0000*4C
$GPGSA,A,3,09,28,31,27,26,08,04,03,16,,,,1.6,0.9,1.4*31
$GPGSV,3,1,11,04,70,299,39,27,61,131,42,16,58,013,39,08,39,183,39*77
$GPGSV,3,2,11,26,30,042,38,31,29,082,39,09,28,317,31,03,19,225,31*73
$GPGSV,3,3,11,28,08,099,28,07,03,296,24,48,29,248,28*4D
$GPRMC,121435.000,A,2632.9372,N,07703.2117,W,0.07,10.43,280324,,,D*4B
$GPVTG,10.43,T,,M,0.07,N,0.1,K,D*38
$GPGGA,121440.000,2632.9373,N,07703.2117,W,2,09,0.9,1.2,M,-33.0,M,2.8,0000*48
$GPGSA,A,3,09,28,31,27,26,08,04,03,16,,,,1.6,0.9,1.4*31
$GPGSV,3,1,11,04,70,299,39,27,61,131,43,16,58,013,39,08,39,183,39*76
$GPGSV,3,2,11,26,30,042,38,31,29,082,39,09,28,317,31,03,19,225,32*70
$GPGSV,3,3,11,28,08,099,27,07,03,296,24,48,29,248,28*42
$GPVTG,20.51,T,,M,0.07,N,0.1,K,D*38
$GPGGA,121445.000,2632.9373,N,07703.2117,W,2,09,0.9,1.4,M,-33.0,M,4.8,0000*4D
$GPGSA,A,3,09,28,31,27,26,08,04,03,16,,,,1.6,0.9,1.4*31
$GPGSV,3,1,11,04,70,299,39,27,61,131,43,16,58,013,40,08,39,183,39*78
$GPGSV,3,2,11,26,30,042,39,31,29,082,39,09,28,317,31,03,19,225,32*71
$GPGSV,3,3,11,28,08,099,27,07,03,296,25,48,29,248,28*43
$GPRMC,121445.000,A,2632.9373,N,07703.2117,W,0.09,23.46,280324,,,D*46
$GPVTG,23.46,T,,M,0.09,N,0.2,K,D*30
$GPGGA,121450.000,2632.9374,N,07703.2116,W,2,09,0.9,1.3,M,-33.0,M,9.8,0000*45
$GPGSA,A,3,09,28,31,27,26,08,04,03,16,,,,1.6,0.9,1.4*31
$GPGSV,3,1,11,04,70,299,39,27,61,131,38,16,58,013,40,08,39,183,39*74
$GPGSV,3,2,11,26,30,042,39,31,29,082,39,09,28,317,32,03,19,225,32*72
$GPGSV,3,3,11,28,08,099,27,07,03,296,18,48,29,248,30*44
$GPRMC,121450.000,A,2632.9374,N,07703.2116,W,0.13,7.86,280324,,,D*75
$GPVTG,7.86,T,,M,0.13,N,0.2,K,D*01
$GPGGA,121455.000,2632.9375,N,07703.2115,W,2,09,0.9,1.2,M,-33.0,M,1.8,0000*4B
$GPGSA,A,3,09,28,31,27,26,08,04,03,16,,,,1.6,0.9,1.4*31
$GPGSV,3,1,11,04,70,299,39,27,61,131,39,16,58,013,41,08,39,183,41*7B
$GPGSV,3,2,11,26,30,042,39,31,29,082,38,09,28,317,32,03,19,225,30*71
$GPGSV,3,3,11,28,08,099,27,07,03,296,19,48,29,248,27*43
$GPRMC,121455.000,A,2632.9375,N,07703.2115,W,0.09,29.83,280324,,,D*40
$GPVTG,29.83,T,,M,0.09,N,0.2,K,D*33
$GPGGA,121500.000,2632.9376,N,07703.2115,W,2,09,0.9,1.4,M,-33.0,M,1.8,0000*4F
$GPGSA,A,3,09,28,31,27,26,08,04,03,16,,,,1.6,0.9,1.4*31
$GPGSV,3,1,11,04,70,299,39,27,61,131,38,16,58,013,42,08,39,183,41*79
$GPGSV,3,2,11,26,30,042,39,31,29,082,39,09,28,317,29,03,19,225,31*7B
$GPGSV,3,3,11,28,08,099,27,07,03,296,18,48,29,248,33*47
$GPRMC,121500.000,A,2632.9376,N,07703.2115,W,0.09,49.31,280324,,,D*4D
$GPVTG,49.31,T,,M,0.09,N,0.2,K,D*3C
$GPGGA,121505.000,2632.9377,N,07703.2114,W,2,09,0.9,1.3,M,-33.0,M,0.8,0000*4C
$GPGSA,A,3,09,28,31,27,26,08,04,03,16,,,,1.6,0.9,1.4*31
$GPGSV,3,1,11,04,70,299,38,27,61,131,42,16,58,013,42,08,39,183,41*75
$GPGSV,3,2,11,26,30,042,37,31,29,082,39,09,28,317,32,03,19,225,31*7F
$GPGSV,3,3,11,28,08,099,26,07,03,296,19,48,29,248,33*47
$GPRMC,121505.000,A,2632.9377,N,07703.2114,W,0.10,60.25,280324,,,D*4E
$GPVTG,60.25,T,,M,0.10,N,0.2,K,D*3A
$GPGGA,121510.000,2632.9378,N,07703.2114,W,2,09,0.9,1.4,M,-33.0,M,4.8,0000*44
$GPGSA,A,3,09,28,31,27,26,08,04,03,16,,,,1.6,0.9,1.4*31
$GPGSV,3,1,11,04,70,299,38,27,61,131,43,16,58,013,42,08,39,183,41*74
$GPGSV,3,2,11,26,30,042,37,31,29,082,40,09,28,317,33,03,19,225,31*70
$GPRMC,121510.000,A,2632.9378,N,07703.2114,W,0.07,350.52,280324,,,D*73
$GPVTG,350.52,T,,M,0.07,N,0.1,K,D*0F
$GPGGA,121515.000,2632.9379,N,07703.2114,W,2,09,0.9,1.4,M,-33.0,M,3.8,0000*47
$GPGSA,A,3,09,28,31,27,26,08,04,03,16,,,,1.6,0.9,1.4*31
$GPGSV,3,1,11,04,70,299,38,27,61,131,43,16,58,013,43,08,39,183,41*75
$GPGSV,3,2,11,26,30,042,37,31,29,082,40,09,28,317,33,03,19,225,32*73
$GPGSV,3,3,11,28,08,099,26,07,03,296,,48,29,248,32*4E
$GPRMC,121515.000,A,2632.9379,N,07703.2114,W,0.08,85.22,280324,,,D*44
$GPGGA,121520.000,2632.9380,N,07703.2113,W,2,09,0.9,1.5,M,-33.0,M,2.8,0000*40
$GPGSA,A,3,09,28,31,27,26,08,04,03,16,,,,1.6,0.9,1.4*31
$GPGSV,3,1,11,04,70,299,38,27,61,131,43,16,58,013,43,08,39,183,41*75
$GPGSV,3,2,11,26,30,042,38,31,29,082,41,09,28,317,33,03,19,225,31*7E
$GPGSV,3,3,11,28,08,099,25,07,03,296,,48,29,248,30*4F
$GPRMC,121520.000,A,2632.9380,N,07703.2113,W,0.10,330.51,280324,,,D*73
$GPVTG,330.51,T,,M,0.10,N,0.2,K,D*0F
$GPGGA,121525.000,2632.9380,N,07703.2114,W,2,09,0.9,1.8,M,-33.0,M,1.8,0000*4C
$GPGSA,A,3,09,28,31,27,26,08,04,03,16,,,,1.6,0.9,1.4*31
$GPGSV,3,1,11,04,70,299,38,27,61,131,42,16,58,013,43,08,39,183,41*74
$GPGSV,3,2,11,26,30,042,38,31,29,082,40,09,28,317,33,03,19,225,24*7B
$GPGSV,3,3,11,28,08,099,25,07,03,296,,48,29,248,32*4D
$GPRMC,121525.000,A,2632.9380,N,07703.2114,W,0.05,229.55,280324,,,D*78
$GPVTG,229.55,T,,M,0.05,N,0.1,K,D*05
$GPGGA,121530.000,2632.9379,N,07703.2114,W,2,09,0.9,1.7,M,-33.0,M,2.8,0000*42
$GPGSA,A,3,09,28,31,27,26,08,04,03,16,,,,1.6,0.9,1.4*31
$GPGSV,3,1,11,04,70,299,38,27,61,131,43,16,58,013,42,08,39,183,41*74
$GPGSV,3,2,11,26,30,042,37,31,29,082,40,09,28,317,33,03,19,225,24*74
$GPGSV,3,3,11,28,08,099,27,07,03,296,23,48,29,248,31*4D
$GPRMC,121530.000,A,2632.9379,N,07703.2114,W,0.10,232.65,280324,,,D*77
$GPVTG,232.65,T,,M,0.10,N,0.2,K,D*0B
$GPGGA,121535.000,2632.9378,N,07703.2115,W,2,09,0.9,1.7,M,-33.0,M,1.8,0000*44
$GPGSA,A,3,09,28,31,27,26,08,04,03,16,,,,1.6,0.9,1.4*31
$GPGSV,3,1,11,04,70,299,37,27,61,131,42,16,58,013,41,08,39,183,41*79
$GPGSV,3,2,11,26,30,042,37,31,29,082,40,09,28,317,33,03,19,225,21*71
$GPGSV,3,3,11,28,08,099,27,07,03,296,,48,29,248,30*4D
$GPRMC,121535.000,A,2632.9378,N,07703.2115,W,0.02,201.37,280324,,,D*76
$GPVTG,201.37,T,,M,0.02,N,0.0,K,D*0D
$GPGGA,121540.000,2632.9378,N,07703.2116,W,2,09,0.9,2.0,M,-33.0,M,2.8,0000*42
$GPGSA,A,3,09,28,31,27,26,08,04,03,16,,,,1.6,0.9,1.4*31
$GPGSV,3,1,11,04,70,299,37,27,61,131,42,16,58,013,41,08,39,183,40*78
$GPGSV,3,2,11,26,30,042,37,31,29,082,40,09,28,317,33,03,19,225,28*78
$GPRMC,121540.000,A,2632.9378,N,07703.2116,W,0.05,224.01,280324,,,D*72
$GPVTG,224.01,T,,M,0.05,N,0.1,K,D*09
$GPGGA,121545.000,2632.9378,N,07703.2116,W,2,09,0.9,1.8,M,-33.0,M,3.8,0000*4D
$GPGSA,A,3,09,28,31,27,26,08,04,03,16,,,,1.6,0.9,1.4*31
$GPGSV,3,1,11,04,70,299,36,27,61,131,41,16,58,013,41,08,39,183,39*74
$GPGSV,3,2,11,26,30,042,37,31,29,082,40,09,28,317,30,03,19,225,29*7A
$GPGSV,3,3,11,28,08,099,26,07,03,296,26,48,29,248,32*4A
$GPRMC,121545.000,A,2632.9378,N,07703.2116,W,0.06,326.77,280324,,,D*76
$GPGGA,121550.000,2632.9377,N,07703.2117,W,2,09,0.9,1.7,M,-33.0,M,2.8,0000*49
$GPGSA,A,3,09,28,31,27,26,08,04,03,16,,,,1.6,0.9,1.4*31
$GPGSV,3,1,11,04,70,299,36,27,61,131,41,16,58,013,41,08,39,183,39*74
$GPGSV,3,2,11,26,30,042,37,31,29,082,40,09,28,317,32,03,19,225,25*74
$GPGSV,3,3,11,28,08,099,28,07,03,296,25,48,29,248,31*44
$GPRMC,121550.000,A,2632.9377,N,07703.2117,W,0.02,213.32,280324,,,D*7E
$GPVTG,213.32,T,,M,0.02,N,0.0,K,D*0B
$GPGGA,121555.000,2632.9377,N,07703.2118,W,2,09,0.9,1.7,M,-33.0,M,1.8,0000*40
$GPGSA,A,3,09,28,31,27,26,08,04,03,16,,,,1.6,0.9,1.4*31
$GPGSV,3,1,11,04,70,299,36,27,61,131,41,16,58,013,41,08,39,183,38*75
$GPGSV,3,2,11,26,30,042,37,31,29,082,40,09,28,317,31,03,19,225,26*74
$GPGSV,3,3,11,28,08,099,29,07,03,296,24,48,29,248,32*47
$GPRMC,121555.000,A,2632.9377,N,07703.2118,W,0.08,340.37,280324,,,D*7C
$GPVTG,340.37,T,,M,0.08,N,0.2,K,D*01
$GPGGA,121600.000,2632.9377,N,07703.2118,W,2,09,0.9,1.6,M,-33.0,M,1.8,0000*42
$GPGSA,A,3,09,28,31,27,26,08,04,03,16,,,,1.6,0.9,1.4*31
$GPGSV,3,1,11,04,70,299,36,27,61,131,40,16,58,013,41,08,39,183,38*74
$GPGSV,3,2,11,26,30,042,37,31,29,082,40,09,28,317,31,03,19,225,26*74
$GPGSV,3,3,11,28,08,099,30,07,03,296,24,48,29,248,32*4F
$GPRMC,121600.000,A,2632.9377,N,07703.2118,W,0.03,263.56,280324,,,D*73
$GPVTG,263.56,T,,M,0.03,N,0.1,K,D*0E
$GPGGA,121605.000,2632.9377,N,07703.2119,W,2,09,0.9,1.8,M,-33.0,M,1.8,0000*48
$GPGSA,A,3,09,28,31,27,26,08,04,03,16,,,,1.6,0.9,1.4*31
$GPGSV,3,1,11,04,70,299,37,27,61,131,40,16,58,013,41,08,39,183,38*75
$GPGSV,3,2,11,26,30,042,38,31,29,082,40,09,28,317,31,03,19,225,26*7B
$GPGSV,3,3,11,28,08,099,30,07,03,296,23,48,29,248,31*4B
$GPRMC,121605.000,A,2632.9377,N,07703.2119,W,0.02,26.39,280324,,,D*4C
$GPVTG,26.39,T,,M,0.02,N,0.0,K,D*34
$GPGGA,121610.000,2632.9377,N,07703.2118,W,2,09,0.9,1.5,M,-33.0,M,3.8,0000*42
$GPGSA,A,3,09,28,31,27,26,08,04,03,16,,,,1.6,0.9,1.4*31
$GPGSV,3,1,11,04,70,299,36,27,61,131,40,16,58,013,41,08,39,183,38*74
$GPGSV,3,2,11,26,30,042,38,31,29,082,40,09,28,317,31,03,19,225,25*78
$GPRMC,121610.000,A,2632.9377,N,07703.2118,W,0.08,63.88,280324,,,D*48
$GPVTG,63.88,T,,M,0.08,N,0.1,K,D*34
$GPGGA,121615.000,2632.9376,N,07703.2118,W,2,09,0.9,1.6,M,-33.0,M,2.8,0000*44
$GPGSA,A,3,09,28,31,27,26,08,04,03,16,,,,1.6,0.9,1.4*31
$GPGSV,3,1,11,04,70,299,36,27,61,131,40,16,58,013,41,08,39,183,38*74
$GPGSV,3,2,11,26,30,042,38,31,29,082,40,09,28,317,32,03,19,225,25*7B
$GPGSV,3,3,11,28,08,099,29,07,03,296,23,48,29,248,32*40
$GPRMC,121615.000,A,2632.9376,N,07703.2118,W,0.00,148.29,280324,,,D*77
$GPGGA,121620.000,2632.9376,N,07703.2118,W,2,09,0.9,1.5,M,-33.0,M,2.8,0000*41
$GPGSA,A,3,09,28,31,27,26,08,04,03,16,,,,1.6,0.9,1.4*31
$GPGSV,3,1,11,04,71,295,36,27,62,128,41,16,57,015,41,08,40,183,38*74
$GPGSV,3,2,11,09,29,316,32,26,29,043,32,31,29,083,40,03,18,224,27*7B
$GPGSV,3,3,11,28,07,100,28,07,04,297,24,48,29,248,34*48
$GPRMC,121620.000,A,2632.9376,N,07703.2118,W,0.08,79.24,280324,,,D*47
$GPVTG,79.24,T,,M,0.08,N,0.1,K,D*39
$GPGGA,121625.000,2632.9375,N,07703.2118,W,2,09,0.9,1.5,M,-33.0,M,1.8,0000*44
$GPGSA,A,3,09,28,31,27,26,08,04,03,16,,,,1.6,0.9,1.4*31
$GPGSV,3,1,11,04,71,295,36,27,62,128,41,16,57,015,42,08,40,183,39*76
$GPGSV,3,2,11,09,29,316,33,26,29,043,33,31,29,083,40,03,18,224,26*7A
$GPGSV,3,3,11,28,07,100,28,07,04,297,24,48,29,248,33*4F
$GPRMC,121625.000,A,2632.9375,N,07703.2118,W,0.02,146.38,280324,,,D*7B
$GPVTG,146.38,T,,M,0.02,N,0.0,K,D*02
$GPGGA,121630.000,2632.9375,N,07703.2118,W,2,09,0.9,1.6,M,-33.0,M,1.8,0000*43
$GPGSA,A,3,09,28,31,27,26,08,04,03,16,,,,1.6,0.9,1.4*31
$GPGSV,3,1,11,04,71,295,36,27,62,128,41,16,57,015,42,08,40,183,40*78
$GPGSV,3,2,11,09,29,316,33,26,29,043,33,31,29,083,39,03,18,224,26*74
$GPGSV,3,3,11,28,07,100,28,07,04,297,24,48,29,248,32*4E
$GPRMC,121630.000,A,2632.9375,N,07703.2118,W,0.09,16.56,280324,,,D*48
$GPVTG,16.56,T,,M,0.09,N,0.2,K,D*37
$GPGGA,121635.000,2632.9376,N,07703.2117,W,2,09,0.9,1.5,M,-33.0,M,1.8,0000*49
$GPGSA,A,3,09,28,31,27,26,08,04,03,16,,,,1.6,0.9,1.4*31
$GPGSV,3,1,11,04,71,295,36,27,62,128,42,16,57,015,42,08,40,183,40*7B
$GPGSV,3,2,11,09,29,316,33,26,29,043,37,31,29,083,38,03,18,224,25*72
$GPGSV,3,3,11,28,07,100,28,07,04,297,23,48,29,248,31*4A
$GPRMC,121635.000,A,2632.9376,N,07703.2117,W,0.08,14.60,280324,,,D*47
$GPVTG,14.60,T,,M,0.08,N,0.1,K,D*32
$GPGGA,121640.000,2632.9376,N,07703.2117,W,2,09,0.9,1.7,M,-33.0,M,3.8,0000*4B
$GPGSA,A,3,09,28,31,27,26,08,04,03,16,,,,1.6,0.9,1.4*31
$GPGSV,3,1,11,04,71,295,36,27,62,128,41,16,57,015,41,08,40,183,41*7A
$GPGSV,3,2,11,09,29,316,33,26,29,043,37,31,29,083,38,03,18,224,25*72
$GPGSV,3,3,11,28,07,100,29,07,04,297,22,48,29,248,31*4A
$GPVTG,77.93,T,,M,0.08,N,0.2,K,D*38
$GPGGA,121645.000,2632.9378,N,07703.2116,W,2,09,0.9,1.5,M,-33.0,M,3.8,0000*43
$GPGSA,A,3,09,28,31,27,26,08,04,03,16,,,,1.6,0.9,1.4*31
$GPGSV,3,1,11,04,71,295,36,27,62,128,41,16,57,015,41,08,40,183,41*7A
$GPGSV,3,2,11,09,29,316,34,26,29,043,37,31,29,083,39,03,18,224,25*74
$GPGSV,3,3,11,28,07,100,23,07,04,297,,48,29,248,30*41
$GPRMC,121645.000,A,2632.9378,N,07703.2116,W,0.14,17.12,280324,,,D*44
$GPVTG,17.12,T,,M,0.14,N,0.3,K,D*3B
$GPGGA,121650.000,2632.9379,N,07703.2116,W,2,09,0.9,1.7,M,-33.0,M,2.8,0000*45
$GPGSA,A,3,09,28,31,27,26,08,04,03,16,,,,1.6,0.9,1.4*31
$GPGSV,3,1,11,04,71,295,36,27,62,128,42,16,57,015,41,08,40,183,41*79
$GPGSV,3,2,11,09,29,316,34,26,29,043,37,31,29,083,39,03,18,224,15*77
$GPGSV,3,3,11,28,07,100,25,07,04,297,,48,29,248,30*47
$GPRMC,121650.000,A,2632.9379,N,07703.2116,W,0.09,66.58,280324,,,D*45
$GPVTG,66.58,T,,M,0.09,N,0.2,K,D*3E
$GPGGA,121655.000,2632.9379,N,07703.2114,W,2,09,0.9,2.1,M,-33.0,M,1.8,0000*44
$GPGSA,A,3,09,28,31,27,26,08,04,03,16,,,,1.6,0.9,1.4*31
$GPGSV,3,1,11,04,71,295,36,27,62,128,42,16,57,015,41,08,40,183,41*79
$GPGSV,3,2,11,09,29,316,34,26,29,043,33,31,29,083,36,03,18,224,18*71
$GPGSV,3,3,11,28,07,100,25,07,04,297,24,48,29,248,29*49
$GPRMC,121655.000,A,2632.9379,N,07703.2114,W,0.32,78.69,280324,,,D*47
$GPVTG,78.69,T,,M,0.32,N,0.6,K,D*3F
$GPGGA,121700.000,2632.9378,N,07703.2111,W,2,09,0.9,2.8,M,-33.0,M,1.8,0000*48
$GPGSA,A,3,09,28,31,27,26,08,04,03,16,,,,1.6,0.9,1.4*31
$GPGSV,3,1,11,04,71,295,37,27,62,128,42,16,57,015,41,08,40,183,39*77
$GPGSV,3,2,11,09,29,316,34,26,29,043,36,31,29,083,39,03,18,224,24*74
$GPGSV,3,3,11,28,07,100,26,07,04,297,24,48,29,248,30*42
$GPRMC,121700.000,A,2632.9378,N,07703.2111,W,0.11,91.24,280324,,,D*4D
$GPVTG,91.24,T,,M,0.11,N,0.2,K,D*34
$GPGGA,121705.000,2632.9377,N,07703.2110,W,2,09,0.9,3.0,M,-33.0,M,1.8,0000*4A
$GPGSA,A,3,09,28,31,27,26,08,04,03,16,,,,1.6,0.9,1.4*31
$GPGSV,3,1,11,04,71,295,37,27,62,128,42,16,57,015,41,08,40,183,40*79
$GPGSV,3,2,11,09,29,316,34,26,29,043,37,31,29,083,40,03,18,224,23*7C
$GPGSV,3,3,11,28,07,100,25,07,04,297,,48,29,248,33*44
$GPRMC,121705.000,A,2632.9377,N,07703.2110,W,0.10,185.29,280324,,,D*7E
$GPVTG,185.29,T,,M,0.10,N,0.2,K,D*0C
$GPGGA,121710.000,2632.9376,N,07703.2108,W,2,09,0.9,2.8,M,-33.0,M,1.8,0000*4F
$GPGSA,A,3,09,28,31,27,26,08,04,03,16,,,,1.6,0.9,1.4*31
$GPGSV,3,1,11,04,71,295,37,27,62,128,42,16,57,015,42,08,40,183,40*7A
$GPGSV,3,2,11,09,29,316,33,26,29,043,37,31,29,083,41,03,18,224,29*70
$GPRMC,121710.000,A,2632.9376,N,07703.2108,W,0.05,136.97,280324,,,D*7B
$GPVTG,136.97,T,,M,0.05,N,0.1,K,D*06
$GPGGA,121715.000,2632.9374,N,07703.2108,W,2,09,0.9,2.9,M,-33.0,M,2.8,0000*4A
$GPGSA,A,3,09,28,31,27,26,08,04,03,16,,,,1.6,0.9,1.4*31
$GPGSV,3,1,11,04,71,294,37,27,62,127,42,16,57,015,42,08,41,183,40*75
$GPGSV,3,2,11,09,29,316,33,31,28,084,41,26,28,043,38,03,18,224,28*79
$GPGSV,3,3,11,28,07,100,27,07,04,298,25,48,29,248,32*4F
$GPRMC,121715.000,A,2632.9374,N,07703.2108,W,0.14,162.38,280324,,,D*78
$GPGGA,121720.000,2632.9374,N,07703.2108,W,2,09,0.9,2.6,M,-33.0,M,2.8,0000*43
$GPGSA,A,3,09,28,31,27,26,08,04,03,16,,,,1.6,0.9,1.4*31
$GPGSV,3,1,11,04,71,294,37,27,62,127,42,16,57,015,43,08,41,183,40*74
$GPGSV,3,2,11,09,29,316,33,31,28,084,41,26,28,043,38,03,18,224,28*79
$GPGSV,3,3,11,28,07,100,26,07,04,298,26,48,29,248,32*4D
$GPRMC,121720.000,A,2632.9374,N,07703.2108,W,0.04,68.50,280324,,,D*4A
$GPVTG,68.50,T,,M,0.04,N,0.1,K,D*36
$GPGGA,121725.000,2632.9374,N,07703.2107,W,2,09,0.9,2.2,M,-33.0,M,7.8,0000*48
$GPGSA,A,3,09,28,31,27,26,08,04,03,16,,,,1.6,0.9,1.4*31
$GPGSV,3,1,11,04,71,294,37,27,62,127,42,16,57,015,43,08,41,183,40*74
$GPGSV,3,2,11,09,29,316,33,31,28,084,41,26,28,043,38,03,18,224,29*78
$GPGSV,3,3,11,28,07,100,17,07,04,298,,48,29,248,31*48
$GPRMC,121725.000,A,2632.9374,N,07703.2107,W,0.09,37.29,280324,,,D*49
$GPVTG,37.29,T,,M,0.09,N,0.2,K,D*3C
$GPGGA,121730.000,2632.9373,N,07703.2106,W,2,08,1.0,2.1,M,-33.0,M,1.8,0000*46
$GPGSA,A,3,09,31,27,26,08,04,03,16,,,,,1.9,1.0,1.7*3F
$GPGSV,3,1,11,04,71,294,37,27,62,127,43,16,57,015,44,08,41,183,41*73
$GPGSV,3,2,11,09,29,316,34,31,28,084,42,26,28,043,39,03,18,224,29*7D
$GPGSV,3,3,11,28,07,100,,07,04,298,,48,29,248,32*4D
$GPRMC,121730.000,A,2632.9373,N,07703.2106,W,0.08,86.35,280324,,,D*4D
$GPVTG,86.35,T,,M,0.08,N,0.1,K,D*39
$GPGGA,121735.000,2632.9373,N,07703.2105,W,2,08,1.0,2.3,M,-33.0,M,1.8,0000*42
$GPGSA,A,3,09,31,27,26,08,04,03,16,,,,,1.9,1.0,1.7*3F
$GPGSV,3,1,11,04,71,294,37,27,62,127,43,16,57,015,44,08,41,183,41*73
$GPGSV,3,2,11,09,29,316,34,31,28,084,42,26,28,043,40,03,18,224,30*7B
$GPGSV,3,3,11,28,07,100,,07,04,298,,48,29,248,31*4E
$GPRMC,121735.000,A,2632.9373,N,07703.2105,W,0.06,85.59,280324,,,D*4C
$GPVTG,85.59,T,,M,0.06,N,0.1,K,D*3E
$GPGGA,121740.000,2632.9372,N,07703.2104,W,2,08,1.0,2.5,M,-33.0,M,4.8,0000*43
$GPGSA,A,3,09,31,27,26,08,04,03,16,,,,,1.9,1.0,1.7*3F
$GPGSV,3,1,11,04,71,294,37,27,62,127,42,16,57,015,44,08,41,183,41*72
$GPGSV,3,2,11,09,29,316,34,31,28,084,43,26,28,043,40,03,18,224,30*7A
$GPGSV,3,3,11,28,07,100,,07,04,298,,48,29,248,31*4E
$GPVTG,95.81,T,,M,0.12,N,0.2,K,D*3C
$GPGGA,121745.000,2632.9373,N,07703.2103,W,2,08,1.0,2.9,M,-33.0,M,0.8,0000*48
$GPGSA,A,3,09,31,27,26,08,04,03,16,,,,,1.9,1.0,1.7*3F
$GPGSV,3,1,11,04,71,294,37,27,62,127,42,16,57,015,44,08,41,183,40*73
$GPGSV,3,2,11,09,29,316,34,31,28,084,43,26,28,043,40,03,18,224,30*7A
$GPGSV,3,3,11,28,07,100,,07,04,298,,48,29,248,29*47
$GPRMC,121745.000,A,2632.9373,N,07703.2103,W,0.11,40.13,280324,,,D*4C
$GPVTG,40.13,T,,M,0.11,N,0.2,K,D*3C
$GPGGA,121750.000,2632.9373,N,07703.2102,W,2,09,0.9,3.1,M,-33.0,M,2.8,0000*4F
$GPGSA,A,3,09,28,31,27,26,08,04,03,16,,,,1.6,0.9,1.4*31
$GPGSV,3,1,11,04,71,294,37,27,62,127,42,16,57,015,44,08,41,183,37*73
$GPGSV,3,2,11,09,29,316,34,31,28,084,43,26,28,043,40,03,18,224,31*7B
$GPGSV,3,3,11,28,07,100,16,07,04,298,,48,29,248,29*40
$GPRMC,121750.000,A,2632.9373,N,07703.2102,W,0.11,108.50,280324,,,D*73
$GPVTG,108.50,T,,M,0.11,N,0.2,K,D*06
$GPGGA,121755.000,2632.9375,N,07703.2105,W,2,09,0.9,2.1,M,-33.0,M,1.8,0000*49
$GPGSA,A,3,09,28,31,27,26,08,04,03,16,,,,1.6,0.9,1.4*31
$GPGSV,3,1,11,04,71,294,37,27,62,127,43,16,57,015,44,08,41,183,34*71
$GPGSV,3,2,11,09,29,316,34,31,28,084,43,26,28,043,39,03,18,224,31*75
$GPGSV,3,3,11,28,07,100,22,07,04,298,,48,29,248,31*4E
$GPRMC,121755.000,A,2632.9375,N,07703.2105,W,0.08,348.31,280324,,,D*7E
$GPVTG,348.31,T,,M,0.08,N,0.2,K,D*0F
$GPGGA,121800.000,2632.9376,N,07703.2106,W,2,09,0.9,1.7,M,-33.0,M,1.8,0000*43
$GPGSA,A,3,09,28,31,27,26,08,04,03,16,,,,1.6,0.9,1.4*31
$GPGSV,3,1,11,04,71,294,37,27,62,127,43,16,57,015,44,08,41,183,35*70
$GPGSV,3,2,11,09,29,316,34,31,28,084,43,26,28,043,39,03,18,224,30*74
$GPGSV,3,3,11,28,07,100,19,07,04,298,,48,29,248,29*4F
$GPRMC,121800.000,A,2632.9376,N,07703.2106,W,0.07,3.45,280324,,,D*71
$GPVTG,3.45,T,,M,0.07,N,0.1,K,D*0C
$GPGGA,121805.000,2632.9376,N,07703.2107,W,2,09,0.9,1.4,M,-33.0,M,1.8,0000*44
$GPGSA,A,3,09,28,31,27,26,08,04,03,16,,,,1.6,0.9,1.3*36
$GPGSV,3,1,11,04,71,294,37,27,62,127,43,16,57,015,44,08,41,183,36*73
$GPGSV,3,2,11,09,29,316,34,31,28,084,43,26,28,043,39,03,18,224,27*72
$GPGSV,3,3,11,28,07,100,19,07,04,298,,48,29,248,32*45
$GPRMC,121805.000,A,2632.9376,N,07703.2107,W,0.02,315.47,280324,,,D*76
$GPVTG,315.47,T,,M,0.02,N,0.0,K,D*0E
$GPGGA,121810.000,2632.9376,N,07703.2108,W,2,09,0.9,0.9,M,-33.0,M,6.8,0000*44
$GPGSA,A,3,09,28,31,27,26,08,04,03,16,,,,1.6,0.9,1.3*36
$GPGSV,3,1,11,04,71,294,37,27,62,127,42,16,57,015,43,08,41,183,34*77
$GPGSV,3,2,11,09,29,316,34,31,28,084,42,26,28,043,39,03,18,224,23*77
$GPGSV,3,3,11,28,07,100,24,07,04,298,,48,29,248,28*40
$GPVTG,44.61,T,,M,0.05,N,0.1,K,D*3B
$GPGGA,121815.000,2632.9375,N,07703.2110,W,2,09,0.9,0.6,M,-33.0,M,5.8,0000*47
$GPGSA,A,3,09,28,31,27,26,08,04,03,16,,,,1.6,0.9,1.3*36
$GPGSV,3,1,11,04,71,294,37,27,62,127,42,16,57,015,40,08,41,183,41*76
$GPGSV,3,2,11,09,29,316,34,31,28,084,41,26,28,043,36,03,18,224,23*7B
$GPGSV,3,3,11,28,07,100,24,07,04,298,25,48,29,248,31*4F
$GPRMC,121815.000,A,2632.9375,N,07703.2110,W,0.10,283.63,280324,,,D*79
$GPVTG,283.63,T,,M,0.10,N,0.2,K,D*07
$GPGGA,121820.000,2632.9375,N,07703.2111,W,2,09,0.9,0.2,M,-33.0,M,3.8,0000*42
$GPGSA,A,3,09,28,31,27,26,08,04,03,16,,,,1.6,0.9,1.3*36
$GPGSV,3,1,11,04,71,294,36,27,62,127,42,16,57,015,40,08,41,183,41*77
$GPGSV,3,2,11,09,29,316,32,31,28,084,40,26,28,043,35,03,18,224,24*78
$GPGSV,3,3,11,28,07,100,25,07,04,298,27,48,29,248,33*4E
$GPRMC,121820.000,A,2632.9375,N,07703.2111,W,0.09,312.65,280324,,,D*79
$GPVTG,312.65,T,,M,0.09,N,0.2,K,D*00
$GPGGA,121825.000,2632.9376,N,07703.2111,W,2,09,0.9,0.4,M,-33.0,M,1.8,0000*40
$GPGSA,A,3,09,28,31,27,26,08,04,03,16,,,,1.6,0.9,1.3*36
$GPGSV,3,1,11,04,71,294,36,27,62,127,42,16,57,015,41,08,41,183,41*76
$GPGSV,3,2,11,09,29,316,32,31,28,084,40,26,28,043,36,03,18,224,25*7A
$GPGSV,3,3,11,28,07,100,26,07,04,298,25,48,29,248,34*48
$GPRMC,121825.000,A,2632.9376,N,07703.2111,W,0.04,337.95,280324,,,D*7A
$GPVTG,337.95,T,,M,0.04,N,0.1,K,D*06
$GPGGA,121830.000,2632.9376,N,07703.2113,W,2,09,0.9,0.5,M,-33.0,M,1.8,0000*47
$GPGSA,A,3,09,28,31,27,26,08,04,03,16,,,,1.6,0.9,1.3*36
$GPGSV,3,1,11,04,71,294,36,27,62,127,43,16,57,015,42,08,41,183,40*75
$GPGSV,3,2,11,09,29,316,33,31,28,084,40,26,28,043,36,03,18,224,24*7A
$GPGSV,3,3,11,28,07,100,22,07,04,298,25,48,29,248,32*4A
$GPRMC,121830.000,A,2632.9376,N,07703.2113,W,0.07,278.09,280324,,,D*70
$GPVTG,278.09,T,,M,0.07,N,0.1,K,D*0A
$GPGGA,121835.000,2632.9376,N,07703.2115,W,2,08,1.0,0.6,M,-33.0,M,5.8,0000*4A
$GPGSA,A,3,09,31,27,26,08,04,03,16,,,,,1.9,1.0,1.6*3E
$GPGSV,3,1,11,04,71,294,37,27,62,127,43,16,57,015,42,08,41,183,39*7A
$GPGSV,3,2,11,09,29,316,33,31,28,084,40,26,28,043,36,03,18,224,25*7B
$GPGSV,3,3,11,28,07,100,,07,04,298,25,48,29,248,27*4E
$GPRMC,121835.000,A,2632.9376,N,07703.2115,W,0.11,272.23,280324,,,D*76
$GPVTG,272.23,T,,M,0.11,N,0.2,K,D*0C
$GPGGA,121840.000,2632.9375,N,07703.2117,W,2,08,1.0,0.7,M,-33.0,M,5.8,0000*48
$GPGSA,A,3,09,31,27,26,08,04,03,16,,,,,1.9,1.0,1.6*3E
$GPGSV,3,1,11,04,71,294,37,27,62,127,42,16,57,015,42,08,41,183,39*7B
$GPGSV,3,2,11,09,29,316,33,31,28,084,40,26,28,043,35,03,18,224,28*75
$GPRMC,121840.000,A,2632.9375,N,07703.2117,W,0.09,215.99,280324,,,D*7C
$GPVTG,215.99,T,,M,0.09,N,0.2,K,D*05
$GPGGA,121845.000,2632.9374,N,07703.2119,W,2,08,1.0,0.5,M,-33.0,M,3.8,0000*46
$GPGSA,A,3,09,31,27,26,08,04,03,16,,,,,1.9,1.0,1.6*3E
$GPGSV,3,1,11,04,71,294,37,27,62,127,42,16,57,015,42,08,41,183,39*7B
$GPGSV,3,2,11,09,29,316,34,31,28,084,40,26,28,043,35,03,18,224,27*7D
$GPGSV,3,3,11,28,07,100,,07,04,298,,48,29,248,29*47
$GPRMC,121845.000,A,2632.9374,N,07703.2119,W,0.12,206.54,280324,,,D*7F
$GPGGA,121850.000,2632.9372,N,07703.2120,W,2,09,0.9,0.3,M,-33.0,M,1.8,0000*43
$GPGSA,A,3,09,28,31,27,26,08,04,03,16,,,,1.6,0.9,1.3*36
$GPGSV,3,1,11,04,71,294,37,27,62,127,42,16,57,015,42,08,41,183,39*7B
$GPGSV,3,2,11,09,29,316,34,31,28,084,39,26,28,043,35,03,18,224,26*72
$GPGSV,3,3,11,28,07,100,25,07,04,298,25,48,29,248,32*4D
$GPRMC,121850.000,A,2632.9372,N,07703.2120,W,0.08,190.57,280324,,,D*73
$GPVTG,190.57,T,,M,0.08,N,0.1,K,D*0B
$GPGGA,121855.000,2632.9370,N,07703.2121,W,2,09,0.9,0.1,M,-33.0,M,1.8,0000*47
$GPGSA,A,3,09,28,31,27,26,08,04,03,16,,,,1.6,0.9,1.3*36
$GPGSV,3,1,11,04,71,294,37,27,62,127,42,16,57,015,42,08,41,183,39*7B
$GPGSV,3,2,11,09,29,316,34,31,28,084,39,26,28,043,36,03,18,224,26*71
$GPGSV,3,3,11,28,07,100,26,07,04,298,25,48,29,248,32*4E
$GPRMC,121855.000,A,2632.9370,N,07703.2121,W,0.09,271.07,280324,,,D*7D
$GPVTG,271.07,T,,M,0.09,N,0.2,K,D*00
$GPGGA,121900.000,2632.9370,N,07703.2123,W,2,09,0.9,0.3,M,-33.0,M,1.8,0000*46
$GPGSA,A,3,09,28,31,27,26,08,04,03,16,,,,1.6,0.9,1.3*36
$GPGSV,3,1,11,04,71,294,37,27,62,127,42,16,57,015,42,08,41,183,39*7B
$GPGSV,3,2,11,09,29,316,34,31,28,084,39,26,28,043,36,03,18,224,26*71
$GPGSV,3,3,11,28,07,100,26,07,04,298,25,48,29,248,32*4E
$GPRMC,121900.000,A,2632.9370,N,07703.2123,W,0.07,245.08,280324,,,D*78
$GPVTG,245.08,T,,M,0.07,N,0.1,K,D*05
$GPGGA,121905.000,2632.9368,N,07703.2123,W,2,09,0.9,0.3,M,-33.0,M,1.8,0000*4A
$GPGSA,A,3,09,28,31,27,26,08,04,03,16,,,,1.6,0.9,1.3*36
$GPGSV,3,1,11,04,71,294,37,27,62,127,42,16,57,015,42,08,41,183,38*7A
$GPGSV,3,2,11,09,29,316,34,31,28,084,39,26,28,043,36,03,18,224,26*71
$GPGSV,3,3,11,28,07,100,26,07,04,298,,48,29,248,32*49
$GPRMC,121905.000,A,2632.9368,N,07703.2123,W,0.09,233.05,280324,,,D*76
$GPVTG,233.05,T,,M,0.09,N,0.2,K,D*04
$GPGGA,121910.000,2632.9369,N,07703.2125,W,2,09,0.9,0.4,M,-33.0,M,2.8,0000*4D
$GPGSA,A,3,09,28,31,27,26,08,04,03,16,,,,1.6,0.9,1.3*36
$GPGSV,3,1,11,04,71,294,37,27,62,127,42,16,57,015,42,08,41,183,38*7A
$GPGSV,3,2,11,09,29,316,34,31,28,084,39,26,28,043,36,03,18,224,27*70
$GPRMC,121910.000,A,2632.9369,N,07703.2125,W,0.14,320.00,280324,,,D*7F
$GPVTG,320.00,T,,M,0.14,N,0.3,K,D*0F
$GPGGA,121915.000,2632.9369,N,07703.2125,W,2,08,1.0,0.5,M,-33.0,M,3.8,0000*41
$GPGSA,A,3,09,31,27,26,08,04,03,16,,,,,1.9,1.0,1.6*3E
$GPGSV,3,1,11,04,71,294,37,27,62,127,42,16,57,015,42,08,41,183,38*7A
$GPGSV,3,2,11,09,29,316,34,31,28,084,39,26,28,043,36,03,18,224,28*7F
$GPGSV,3,3,11,28,07,100,,07,04,298,,48,29,248,29*47
$GPRMC,121915.000,A,2632.9369,N,07703.2125,W,0.02,293.87,280324,,,D*7B
$GPVTG,293.87,T,,M,0.02,N,0.0,K,D*0D
$GPGGA,121920.000,2632.9370,N,07703.2127,W,2,09,0.9,0.2,M,-33.0,M,1.8,0000*41
$GPGSA,A,3,09,28,31,27,26,08,04,03,16,,,,1.6,0.9,1.3*36
$GPGSV,3,1,11,04,71,294,37,27,62,127,42,16,57,015,42,08,41,183,38*7A
$GPGSV,3,2,11,09,29,316,33,31,28,084,39,26,28,043,36,03,18,224,29*79
$GPGSV,3,3,11,28,07,100,25,07,04,298,,48,29,248,30*48
$GPRMC,121920.000,A,2632.9370,N,07703.2127,W,0.19,314.70,280324,,,D*7B
$GPVTG,314.70,T,,M,0.19,N,0.4,K,D*05
$GPGGA,121925.000,2632.9372,N,07703.2129,W,2,09,0.9,0.3,M,-33.0,M,1.8,0000*49
$GPGSA,A,3,09,28,31,27,26,08,04,03,16,,,,1.6,0.9,1.3*36
$GPGSV,3,1,11,04,71,294,36,27,62,127,42,16,57,015,42,08,41,183,38*7B
$GPGSV,3,2,11,09,29,316,33,31,28,084,39,26,28,043,35,03,18,224,29*7A
$GPGSV,3,3,11,28,07,100,25,07,04,298,,48,29,248,34*4C
$GPRMC,121925.000,A,2632.9372,N,07703.2129,W,0.09,24.25,280324,,,D*43
$GPVTG,24.25,T,,M,0.09,N,0.2,K,D*32
$GPGGA,121930.000,2632.9373,N,07703.2130,W,2,09,0.9,0.4,M,-33.0,M,1.8,0000*43
$GPGSA,A,3,09,28,31,27,26,08,04,03,16,,,,1.6,0.9,1.3*36
$GPGSV,3,1,11,04,71,294,35,27,62,127,43,16,57,015,42,08,41,183,38*79
$GPGSV,3,2,11,09,29,316,32,31,28,084,39,26,28,043,34,03,18,224,28*7B
$GPGSV,3,3,11,28,07,100,25,07,04,298,,48,29,248,35*4D
$GPRMC,121930.000,A,2632.9373,N,07703.2130,W,0.09,355.11,280324,,,D*7C
$GPVTG,355.11,T,,M,0.09,N,0.2,K,D*00
$GPGGA,121935.000,2632.9374,N,07703.2131,W,2,09,0.9,0.6,M,-33.0,M,1.8,0000*42
$GPGSA,A,3,09,28,31,27,26,08,04,03,16,,,,1.6,0.9,1.3*36
$GPGSV,3,1,11,04,71,294,36,27,62,127,42,16,57,015,42,08,41,183,38*7B
$GPGSV,3,2,11,09,29,316,32,31,28,084,40,26,28,043,34,03,18,224,29*74
$GPGSV,3,3,11,28,07,100,16,07,04,298,,48,29,248,31*49
$GPRMC,121935.000,A,2632.9374,N,07703.2131,W,0.16,89.70,280324,,,D*44
$GPVTG,89.70,T,,M,0.16,N,0.3,K,D*3A
$GPGGA,121940.000,2632.9375,N,07703.2128,W,2,09,0.9,0.7,M,-33.0,M,4.8,0000*4D
$GPGSA,A,3,09,28,31,27,26,08,04,03,16,,,,1.6,0.9,1.3*36
$GPGSV,3,1,11,04,71,294,36,27,62,127,42,16,57,015,42,08,41,183,39*7A
$GPGSV,3,2,11,09,29,316,33,31,28,084,40,26,28,043,35,03,18,224,21*7C
$GPGSV,3,3,11,28,07,100,25,07,04,298,22,48,29,248,35*4D
$GPRMC,121940.000,A,2632.9375,N,07703.2128,W,0.16,45.05,280324,,,D*4D
$GPVTG,45.05,T,,M,0.16,N,0.3,K,D*38
$GPGGA,121945.000,2632.9377,N,07703.2127,W,2,09,0.9,0.7,M,-33.0,M,2.8,0000*43
$GPGSA,A,3,09,28,31,27,26,08,04,03,16,,,,1.6,0.9,1.3*36
$GPGSV,3,1,11,04,71,294,36,27,62,127,42,16,57,015,42,08,41,183,38*7B
$GPGSV,3,2,11,09,29,316,32,31,28,084,40,26,28,043,36,03,18,224,25*7A
$GPGSV,3,3,11,28,07,100,25,07,04,298,23,48,29,248,33*4A
$GPVTG,51.91,T,,M,0.13,N,0.2,K,D*34
$GPGGA,121950.000,2632.9378,N,07703.2125,W,2,09,0.9,1.0,M,-33.0,M,2.8,0000*4C
$GPGSA,A,3,09,28,31,27,26,08,04,03,16,,,,1.6,0.9,1.3*36
$GPGSV,3,1,11,04,71,294,36,27,62,127,42,16,57,015,41,08,41,183,39*79
$GPGSV,3,2,11,09,29,316,33,31,28,084,40,26,28,043,36,03,18,224,26*78
$GPGSV,3,3,11,28,07,100,26,07,04,298,,48,29,248,31*4A
$GPRMC,121950.000,A,2632.9378,N,07703.2125,W,0.24,62.26,280324,,,D*49
$GPVTG,62.26,T,,M,0.24,N,0.4,K,D*3A
$GPGGA,121955.000,2632.9380,N,07703.2123,W,2,09,0.9,1.0,M,-33.0,M,1.8,0000*4B
$GPGSA,A,3,09,28,31,27,26,08,04,03,16,,,,1.6,0.9,1.3*36
$GPGSV,3,1,11,04,71,294,35,27,62,127,42,16,57,015,42,08,41,183,39*79
$GPGSV,3,2,11,09,29,316,33,31,28,084,41,26,28,043,37,03,18,224,23*7D
$GPGSV,3,3,11,28,07,100,26,07,04,298,21,48,29,248,30*48
$GPRMC,121955.000,A,2632.9380,N,07703.2123,W,0.13,67.18,280324,,,D*41
$GPVTG,67.18,T,,M,0.13,N,0.2,K,D*30
$GPGGA,122000.000,2632.9380,N,07703.2123,W,2,09,0.9,0.9,M,-33.0,M,1.8,0000*49
$GPGSA,A,3,09,28,31,27,26,08,04,03,16,,,,1.6,0.9,1.3*36
$GPGSV,3,1,11,04,71,294,36,27,62,127,41,16,57,015,43,08,41,183,38*79
$GPGSV,3,2,11,09,29,316,33,31,28,084,41,26,28,043,37,03,18,224,25*7B
$GPGSV,3,3,11,28,07,100,23,07,04,298,22,48,29,248,31*4F
$GPRMC,122000.000,A,2632.9380,N,07703.2123,W,0.16,106.33,280324,,,D*71
$GPVTG,106.33,T,,M,0.16,N,0.3,K,D*0B
$GPGGA,122005.000,2632.9380,N,07703.2121,W,2,09,0.9,0.8,M,-33.0,M,1.8,0000*4F
$GPGSA,A,3,09,28,31,27,26,08,04,03,16,,,,1.6,0.9,1.3*36
$GPGSV,3,1,11,04,71,294,36,27,62,127,41,16,57,015,43,08,41,183,38*79
$GPGSV,3,2,11,09,29,316,34,31,28,084,42,26,28,043,38,03,18,224,26*73
$GPGSV,3,3,11,28,07,100,22,07,04,298,,48,29,248,32*4D
$GPRMC,122005.000,A,2632.9380,N,07703.2121,W,0.08,33.95,280324,,,D*42
$GPVTG,33.95,T,,M,0.08,N,0.1,K,D*3D
$GPGGA,122010.000,2632.9380,N,07703.2122,W,2,09,0.9,0.5,M,-33.0,M,4.8,0000*40
$GPGSA,A,3,09,28,31,27,26,08,04,03,16,,,,1.6,0.9,1.3*36
$GPGSV,3,1,11,04,71,294,36,27,62,127,41,16,57,015,43,08,41,183,39*78
$GPGSV,3,2,11,09,29,316,35,31,28,084,42,26,28,043,38,03,18,224,28*7C
$GPGSV,3,3,11,28,07,100,22,07,04,298,,48,29,248,29*47
$GPRMC,122010.000,A,2632.9380,N,07703.2122,W,0.08,162.28,280324,,,D*76
$GPVTG,162.28,T,,M,0.08,N,0.1,K,D*0E
$GPGGA,122015.000,2632.9379,N,07703.2123,W,2,09,0.9,-0.0,M,-33.0,M,9.8,0000*67
$GPGSA,A,3,09,28,31,27,26,08,04,03,16,,,,1.6,0.9,1.3*36
$GPGSV,3,1,11,04,72,290,36,27,63,125,41,16,56,017,43,08,42,183,39*7C
$GPGSV,3,2,11,09,30,316,35,31,28,085,43,26,27,044,38,03,17,223,28*74
$GPGSV,3,3,11,28,06,101,22,07,05,298,23,48,29,248,27*49
$GPVTG,202.56,T,,M,0.10,N,0.2,K,D*08
$GPGGA,122020.000,2632.9378,N,07703.2124,W,2,09,0.9,-0.2,M,-33.0,M,2.8,0000*6E
$GPGSA,A,3,09,28,31,27,26,08,04,03,16,,,,1.6,0.9,1.3*36
$GPGSV,3,1,11,04,72,290,36,27,63,125,41,16,56,017,42,08,42,183,40*73
$GPGSV,3,2,11,09,30,316,35,31,28,085,42,26,27,044,38,03,17,223,28*75
$GPGSV,3,3,11,28,06,101,22,07,05,298,24,48,29,248,30*48
$GPRMC,122020.000,A,2632.9378,N,07703.2124,W,0.07,226.78,280324,,,D*7D
$GPVTG,226.78,T,,M,0.07,N,0.1,K,D*07
$GPGGA,122025.000,2632.9377,N,07703.2125,W,2,09,0.9,-0.1,M,-33.0,M,0.8,0000*64
$GPGSA,A,3,09,28,31,27,26,08,04,03,16,,,,1.6,0.9,1.3*36
$GPGSV,3,1,11,04,72,290,36,27,63,125,41,16,56,017,42,08,42,183,40*73
$GPGSV,3,2,11,09,30,316,35,31,28,085,42,26,27,044,38,03,17,223,28*75
$GPGSV,3,3,11,28,06,101,23,07,05,298,23,48,29,248,31*4F
$GPRMC,122025.000,A,2632.9377,N,07703.2125,W,0.05,248.80,280324,,,D*7B
$GPVTG,248.80,T,,M,0.05,N,0.1,K,D*0A
$GPGGA,122030.000,2632.9377,N,07703.2125,W,2,09,0.9,0.0,M,-33.0,M,2.8,0000*4E
$GPGSA,A,3,09,28,31,27,26,08,04,03,16,,,,1.6,0.9,1.3*36
$GPGSV,3,1,11,04,72,290,36,27,63,125,40,16,56,017,42,08,42,183,40*72
$GPGSV,3,2,11,09,30,316,35,31,28,085,42,26,27,044,38,03,17,223,27*7A
$GPGSV,3,3,11,28,06,101,23,07,05,298,,48,29,248,31*4E
$GPRMC,122030.000,A,2632.9377,N,07703.2125,W,0.02,118.17,280324,,,D*70
$GPVTG,118.17,T,,M,0.02,N,0.0,K,D*04
$GPGGA,122035.000,2632.9376,N,07703.2124,W,2,09,0.9,0.3,M,-33.0,M,1.8,0000*4B
$GPGSA,A,3,09,28,31,27,26,08,04,03,16,,,,1.6,0.9,1.3*36
$GPGSV,3,1,11,04,72,290,36,27,63,125,40,16,56,017,42,08,42,183,39*7C
$GPGSV,3,2,11,09,30,316,35,31,28,085,42,26,27,044,38,03,17,223,28*75
$GPGSV,3,3,11,28,06,101,24,07,05,298,,48,29,248,32*4A
$GPRMC,122035.000,A,2632.9376,N,07703.2124,W,0.14,127.50,280324,,,D*7D
$GPVTG,127.50,T,,M,0.14,N,0.3,K,D*0F
$GPGGA,122040.000,2632.9375,N,07703.2122,W,2,09,0.9,0.5,M,-33.0,M,1.8,0000*4A
$GPGSA,A,3,09,28,31,27,26,08,04,03,16,,,,1.6,0.9,1.3*36
$GPGSV,3,1,11,04,72,289,36,27,63,124,40,16,56,017,42,08,42,183,39*75
$GPGSV,3,2,11,09,31,316,35,31,28,085,42,26,27,044,38,03,17,223,28*74
$GPGSV,3,3,11,28,06,102,20,07,05,299,,48,29,248,32*4C
$GPRMC,122040.000,A,2632.9375,N,07703.2122,W,0.11,70.59,280324,,,D*45
$GPVTG,70.59,T,,M,0.11,N,0.2,K,D*31
$GPGGA,122045.000,2632.9376,N,07703.2121,W,2,09,0.9,0.4,M,-33.0,M,3.8,0000*4C
$GPGSA,A,3,09,28,31,27,26,08,04,03,16,,,,1.6,0.9,1.3*36
$GPGSV,3,1,11,04,72,289,36,27,63,124,40,16,55,017,42,08,42,183,39*76
$GPGSV,3,2,11,09,31,315,35,31,28,085,42,26,27,044,38,03,17,223,28*77
$GPGSV,3,3,11,28,06,102,21,07,05,299,,48,29,248,32*4D
$GPVTG,44.25,T,,M,0.06,N,0.1,K,D*38
$GPGGA,122050.000,2632.9376,N,07703.2119,W,2,09,0.9,0.6,M,-33.0,M,2.8,0000*40
$GPGSA,A,3,09,28,31,27,26,08,04,03,16,,,,1.6,0.9,1.3*36
$GPGSV,3,1,11,04,72,289,36,27,63,124,40,16,55,017,42,08,42,183,39*76
$GPGSV,3,2,11,09,31,315,35,31,28,085,42,26,27,044,38,03,17,223,28*77
$GPGSV,3,3,11,28,06,102,21,07,05,299,,48,29,248,31*4E
$GPRMC,122050.000,A,2632.9376,N,07703.2119,W,0.09,71.04,280324,,,D*4F
$GPVTG,71.04,T,,M,0.09,N,0.2,K,D*31
$GPGGA,122055.000,2632.9377,N,07703.2118,W,2,09,0.9,0.8,M,-33.0,M,1.8,0000*48
$GPGSA,A,3,09,28,31,27,26,08,04,03,16,,,,1.6,0.9,1.3*36
$GPGSV,3,1,11,04,72,289,36,27,63,124,40,16,55,017,43,08,42,183,39*77
$GPGSV,3,2,11,09,31,315,35,31,28,085,42,26,27,044,38,03,17,223,28*77
$GPGSV,3,3,11,28,06,102,21,07,05,299,,48,29,248,31*4E
$GPRMC,122055.000,A,2632.9377,N,07703.2118,W,0.09,34.71,280324,,,D*49
$GPVTG,34.71,T,,M,0.09,N,0.2,K,D*32
$GPGGA,122100.000,2632.9377,N,07703.2117,W,2,09,0.9,0.8,M,-33.0,M,1.8,0000*46
$GPGSA,A,3,09,28,31,27,26,08,04,03,16,,,,1.6,0.9,1.3*36
$GPGSV,3,1,11,04,72,289,36,27,63,124,40,16,55,017,43,08,42,183,39*77
$GPGSV,3,2,11,09,31,315,35,31,28,085,42,26,27,044,38,03,17,223,28*77
$GPGSV,3,3,11,28,06,102,23,07,05,299,,48,29,248,32*4F
$GPRMC,122100.000,A,2632.9377,N,07703.2117,W,0.07,61.74,280324,,,D*4C
$GPVTG,61.74,T,,M,0.07,N,0.1,K,D*3A
$GPGGA,122105.000,2632.9378,N,07703.2116,W,2,09,0.9,1.0,M,-33.0,M,1.8,0000*44
$GPGSA,A,3,09,28,31,27,26,08,04,03,16,,,,1.6,0.9,1.3*36
$GPGSV,3,1,11,04,72,289,36,27,63,124,40,16,55,017,43,08,42,183,40*79
$GPGSV,3,2,11,09,31,315,34,31,28,085,43,26,27,044,38,03,17,223,28*77
$GPGSV,3,3,11,28,06,102,23,07,05,299,,48,29,248,31*4C
$GPRMC,122105.000,A,2632.9378,N,07703.2116,W,0.14,358.59,280324,,,D*73
$GPVTG,358.59,T,,M,0.14,N,0.3,K,D*0C
$GPGGA,122110.000,2632.9380,N,07703.2115,W,2,09,0.9,1.3,M,-33.0,M,4.8,0000*42
$GPGSA,A,3,09,28,31,27,26,08,04,03,16,,,,1.6,0.9,1.3*36
$GPGSV,3,1,11,04,72,288,36,27,63,124,40,16,55,017,43,08,42,183,40*78
$GPGSV,3,2,11,09,31,315,34,31,28,085,43,26,27,044,38,03,17,222,28*76
$GPGSV,3,3,11,28,06,102,17,07,05,299,,48,29,248,30*4A
$GPRMC,122110.000,A,2632.9380,N,07703.2115,W,0.14,14.11,280324,,,D*44
$GPVTG,14.11,T,,M,0.14,N,0.3,K,D*3B
$GPGGA,122115.000,2632.9381,N,07703.2113,W,2,08,1.0,1.5,M,-33.0,M,2.8,0000*49
$GPGSA,A,3,09,31,27,26,08,04,03,16,,,,,1.9,1.0,1.6*3E
$GPGSV,3,1,11,04,72,288,36,27,63,124,40,16,55,017,43,08,43,183,40*79
$GPGSV,3,2,11,09,31,315,34,31,28,085,44,26,27,045,38,03,17,222,27*7F
$GPGSV,3,3,11,28,06,102,,07,05,299,,48,29,248,32*4E
$GPVTG,61.72,T,,M,0.10,N,0.2,K,D*39
$GPGGA,122120.000,2632.9381,N,07703.2113,W,2,08,1.0,1.7,M,-33.0,M,1.8,0000*4E
$GPGSA,A,3,09,31,27,26,08,04,03,16,,,,,1.9,1.0,1.6*3E
$GPGSV,3,1,11,04,72,288,36,27,63,124,40,16,55,017,43,08,43,183,40*79
$GPGSV,3,2,11,09,31,315,33,31,28,085,43,26,27,045,38,03,17,222,27*7F
$GPGSV,3,3,11,28,06,102,,07,05,299,,48,29,248,31*4D
$GPRMC,122120.000,A,2632.9381,N,07703.2113,W,0.03,315.43,280324,,,D*73
$GPVTG,315.43,T,,M,0.03,N,0.1,K,D*0A
$GPGGA,122125.000,2632.9380,N,07703.2112,W,2,09,0.9,2.1,M,-33.0,M,1.8,0000*47
$GPGSA,A,3,09,28,31,27,26,08,04,03,16,,,,1.6,0.9,1.3*36
$GPGSV,3,1,11,04,72,288,36,27,63,124,41,16,55,017,43,08,43,183,39*76
$GPGSV,3,2,11,09,31,315,34,31,28,085,42,26,27,045,38,03,17,222,24*7A
$GPGSV,3,3,11,28,06,102,24,07,05,299,,48,29,248,30*4A
$GPRMC,122125.000,A,2632.9380,N,07703.2112,W,0.13,222.49,280324,,,D*78
$GPVTG,222.49,T,,M,0.13,N,0.2,K,D*07
$GPGGA,122130.000,2632.9379,N,07703.2115,W,2,09,0.9,1.5,M,-33.0,M,5.8,0000*41
$GPGSA,A,3,09,28,31,27,26,08,04,03,16,,,,1.6,0.9,1.3*36
$GPGSV,3,1,11,04,72,288,36,27,63,124,41,16,55,017,43,08,43,183,38*77
$GPGSV,3,2,11,09,31,315,34,31,28,085,35,26,27,045,37,03,17,222,30*70
$GPGSV,3,3,11,28,06,102,23,07,05,299,24,48,29,248,29*43
$GPRMC,122130.000,A,2632.9379,N,07703.2115,W,0.46,288.27,280324,,,D*75
$GPVTG,288.27,T,,M,0.46,N,0.8,K,D*05
$GPGGA,122135.000,2632.9378,N,07703.2117,W,2,09,0.9,1.4,M,-33.0,M,1.8,0000*42
$GPGSA,A,3,09,28,31,27,26,08,04,03,16,,,,1.6,0.9,1.3*36
$GPGSV,3,1,11,04,72,288,36,27,63,124,42,16,55,017,43,08,43,183,38*74
$GPGSV,3,2,11,09,31,315,33,31,28,085,39,26,27,045,37,03,17,222,29*73
$GPGSV,3,3,11,28,06,102,24,07,05,299,24,48,29,248,33*4F
$GPRMC,122135.000,A,2632.9378,N,07703.2117,W,0.06,239.61,280324,,,D*7F
$GPVTG,239.61,T,,M,0.06,N,0.1,K,D*00
$GPGGA,122140.000,2632.9377,N,07703.2119,W,2,09,0.9,1.3,M,-33.0,M,4.8,0000*43
$GPGSA,A,3,09,28,31,27,26,08,04,03,16,,,,1.6,0.9,1.3*36
$GPGSV,3,1,11,04,72,288,36,27,63,124,41,16,55,017,42,08,43,183,38*76
$GPGSV,3,2,11,09,31,315,33,31,28,085,39,26,27,045,37,03,17,222,21*7B
$GPGSV,3,3,11,28,06,102,26,07,05,299,24,48,29,248,33*4D
$GPRMC,122140.000,A,2632.9377,N,07703.2119,W,0.19,238.94,280324,,,D*79
$GPVTG,238.94,T,,M,0.19,N,0.4,K,D*00
$GPGGA,122145.000,2632.9377,N,07703.2120,W,2,09,0.9,1.4,M,-33.0,M,3.8,0000*4C
$GPGSA,A,3,09,28,31,27,26,08,04,03,16,,,,1.6,0.9,1.3*36
$GPGSV,3,1,11,04,73,287,36,27,63,123,41,16,55,017,42,08,43,183,38*7F
$GPGSV,3,2,11,09,31,315,32,31,28,086,39,26,27,045,38,03,17,222,28*7F
$GPRMC,122145.000,A,2632.9377,N,07703.2120,W,0.01,296.99,280324,,,D*76
$GPVTG,296.99,T,,M,0.01,N,0.0,K,D*04
$GPGGA,122150.000,2632.9376,N,07703.2120,W,2,09,0.9,1.7,M,-33.0,M,2.8,0000*4B
$GPGSA,A,3,09,28,31,27,26,08,04,03,16,,,,1.6,0.9,1.3*36
$GPGSV,3,1,11,04,73,287,37,27,63,123,41,16,55,017,42,08,43,183,38*7E
$GPGSV,3,2,11,09,31,315,32,31,28,086,39,26,27,045,38,03,17,222,28*7F
$GPGSV,3,3,11,28,06,102,25,07,05,299,23,48,29,248,34*4E
$GPRMC,122150.000,A,2632.9376,N,07703.2120,W,0.03,152.13,280324,,,D*78
$GPGGA,122155.000,2632.9376,N,07703.2120,W,2,09,0.9,2.1,M,-33.0,M,1.8,0000*48
$GPGSA,A,3,09,28,31,27,26,08,04,03,16,,,,1.6,0.9,1.3*36
$GPGSV,3,1,11,04,73,287,37,27,63,123,41,16,55,017,42,08,43,183,39*7F
$GPGSV,3,2,11,09,31,315,33,31,28,086,39,26,27,045,37,03,17,222,29*70
$GPGSV,3,3,11,28,06,102,27,07,05,299,24,48,29,248,36*49
$GPRMC,122155.000,A,2632.9376,N,07703.2120,W,0.08,285.86,280324,,,D*73
$GPVTG,285.86,T,,M,0.08,N,0.2,K,D*03
$GPGGA,122200.000,2632.9375,N,07703.2120,W,2,09,0.9,2.5,M,-33.0,M,1.8,0000*4C
$GPGSA,A,3,09,28,31,27,26,08,04,03,16,,,,1.6,0.9,1.3*36
$GPGSV,3,1,11,04,73,287,37,27,63,123,42,16,55,017,42,08,43,183,39*7C
$GPGSV,3,2,11,09,31,315,33,31,28,086,40,26,27,045,37,03,17,222,29*7E
$GPGSV,3,3,11,28,06,102,28,07,05,299,25,48,29,248,35*44
$GPRMC,122200.000,A,2632.9375,N,07703.2120,W,0.06,135.66,280324,,,D*7B
$GPVTG,135.66,T,,M,0.06,N,0.1,K,D*08
$GPGGA,122205.000,2632.9376,N,07703.2119,W,2,09,0.9,2.8,M,-33.0,M,1.8,0000*4D
$GPGSA,A,3,09,28,31,27,26,08,04,03,16,,,,1.6,0.9,1.3*36
$GPGSV,3,1,11,04,73,287,37,27,63,123,42,16,55,017,42,08,43,183,40*72
$GPGSV,3,2,11,09,31,315,34,31,28,086,40,26,27,045,37,03,17,222,29*79
$GPGSV,3,3,11,28,06,102,28,07,05,299,25,48,29,248,36*47
$GPRMC,122205.000,A,2632.9376,N,07703.2119,W,0.09,332.35,280324,,,D*7B
$GPVTG,332.35,T,,M,0.09,N,0.2,K,D*07
$GPGGA,122210.000,2632.9376,N,07703.2120,W,2,09,0.9,2.9,M,-33.0,M,4.8,0000*47
$GPGSA,A,3,09,28,31,27,26,08,04,03,16,,,,1.6,0.9,1.3*36
$GPGSV,3,1,11,04,73,287,37,27,63,123,42,16,55,017,42,08,43,183,40*72
$GPGSV,3,2,11,09,31,315,34,31,28,086,40,26,27,045,36,03,17,222,29*78
$GPGSV,3,3,11,28,06,102,28,07,05,299,25,48,29,248,35*44
$GPRMC,122210.000,A,2632.9376,N,07703.2120,W,0.05,326.08,280324,,,D*72
$GPVTG,326.08,T,,M,0.05,N,0.1,K,D*03
$GPGGA,122215.000,2632.9376,N,07703.2119,W,2,09,0.9,3.2,M,-33.0,M,3.8,0000*45
$GPGSA,A,3,09,28,31,27,26,08,04,03,16,,,,1.6,0.9,1.3*36
$GPGSV,3,1,11,04,73,287,37,27,63,123,42,16,55,017,42,08,43,183,40*72
$GPGSV,3,2,11,09,31,315,33,31,28,086,40,26,27,045,37,03,17,222,29*7E
$GPRMC,122215.000,A,2632.9376,N,07703.2119,W,0.08,62.96,280324,,,D*44
$GPVTG,62.96,T,,M,0.08,N,0.1,K,D*3A
$GPGGA,122220.000,2632.9376,N,07703.2119,W,2,09,0.9,3.3,M,-33.0,M,2.8,0000*43
$GPGSA,A,3,09,28,31,27,26,08,04,03,16,,,,1.6,0.9,1.3*36
$GPGSV,3,1,11,04,73,287,37,27,63,123,42,16,55,017,42,08,43,183,39*7C
$GPGSV,3,2,11,09,31,315,33,31,28,086,39,26,27,045,37,03,17,222,30*78
$GPGSV,3,3,11,28,06,102,28,07,05,299,25,48,29,248,28*48
$GPRMC,122220.000,A,2632.9376,N,07703.2119,W,0.13,344.45,280324,,,D*71
$GPGGA,122225.000,2632.9377,N,07703.2118,W,2,09,0.9,3.6,M,-33.0,M,1.8,0000*40
$GPGSA,A,3,09,28,31,27,26,08,04,03,16,,,,1.6,0.9,1.3*36
$GPGSV,3,1,11,04,73,287,37,27,63,123,41,16,55,017,41,08,43,183,39*7C
$GPGSV,3,2,11,09,31,315,32,31,28,086,40,26,27,045,33,03,17,222,25*77
$GPGSV,3,3,11,28,06,102,28,07,05,299,20,48,29,248,34*40
$GPRMC,122225.000,A,2632.9377,N,07703.2118,W,0.10,126.27,280324,,,D*75
$GPVTG,126.27,T,,M,0.10,N,0.2,K,D*0B
$GPGGA,122230.000,2632.9376,N,07703.2117,W,2,09,0.9,3.7,M,-33.0,M,2.8,0000*48
$GPGSA,A,3,09,28,31,27,26,08,04,03,16,,,,1.6,0.9,1.3*36
$GPGSV,3,1,10,04,73,287,35,27,63,123,40,16,55,017,41,08,43,183,38*7F
$GPGSV,3,2,10,09,31,315,32,31,28,086,40,26,27,045,35,03,17,222,25*70
$GPGSV,3,3,10,28,06,102,24,07,05,299,21*72
$GPRMC,122230.000,A,2632.9376,N,07703.2117,W,0.16,81.76,280324,,,D*41
$GPVTG,81.76,T,,M,0.16,N,0.3,K,D*34
$GPGGA,122235.000,2632.9375,N,07703.2117,W,2,09,0.9,3.5,M,-33.0,M,7.8,0000*49
$GPGSA,A,3,09,28,31,27,26,08,04,03,16,,,,1.6,0.9,1.3*36
$GPGSV,3,1,11,04,73,287,34,27,63,123,40,16,55,017,42,08,43,183,39*7D
$GPGSV,3,2,11,09,31,315,32,31,28,086,40,26,27,045,36,03,17,222,26*71
$GPGSV,3,3,11,28,06,102,22,07,05,299,26,48,29,248,31*49
$GPRMC,122235.000,A,2632.9375,N,07703.2117,W,0.04,112.89,280324,,,D*7F
$GPVTG,112.89,T,,M,0.04,N,0.1,K,D*0E
$GPGGA,122240.000,2632.9375,N,07703.2118,W,2,09,0.9,3.2,M,-33.0,M,4.8,0000*40
$GPGSA,A,3,09,28,31,27,26,08,04,03,16,,,,1.6,0.9,1.3*36
$GPGSV,3,1,11,04,73,287,34,27,63,123,41,16,55,017,42,08,43,183,39*7C
$GPGSV,3,2,11,09,31,315,34,31,28,086,40,26,27,045,36,03,17,222,27*76
$GPGSV,3,3,11,28,06,102,25,07,05,299,23,48,29,248,29*42
$GPRMC,122240.000,A,2632.9375,N,07703.2118,W,0.12,19.75,280324,,,D*4C
$GPVTG,19.75,T,,M,0.12,N,0.2,K,D*33
$GPGGA,122245.000,2632.9377,N,07703.2117,W,2,09,0.9,2.9,M,-33.0,M,9.8,0000*4F
$GPGSA,A,3,09,28,31,27,26,08,04,03,16,,,,1.6,0.9,1.3*36
$GPGSV,3,1,11,04,73,286,35,27,64,122,42,16,55,018,43,08,43,183,39*77
$GPGSV,3,2,11,09,31,315,34,31,27,086,42,26,27,045,37,03,16,222,24*78
$GPGSV,3,3,11,07,06,299,22,28,06,102,17,48,29,248,31*48
$GPVTG,15.91,T,,M,0.14,N,0.3,K,D*32
$GPGGA,122250.000,2632.9379,N,07703.2118,W,2,09,0.9,2.6,M,-33.0,M,14.8,0000*79
$GPGSA,A,3,09,28,31,27,26,08,04,03,16,,,,1.6,0.9,1.3*36
$GPGSV,3,1,11,04,73,286,35,27,64,122,42,16,55,018,43,08,43,183,40*79
$GPGSV,3,2,11,09,31,315,34,31,27,086,42,26,27,045,37,03,16,222,26*7A
$GPGSV,3,3,11,07,06,299,,28,06,102,19,48,29,248,30*47
$GPRMC,122250.000,A,2632.9379,N,07703.2118,W,0.14,359.72,280324,,,D*77
$GPVTG,359.72,T,,M,0.14,N,0.3,K,D*04
$GPGGA,122255.000,2632.9381,N,07703.2117,W,1,09,0.9,2.3,M,-33.0,M,,0000*61
$GPGSA,A,3,09,28,31,27,26,08,04,03,16,,,,1.6,0.9,1.3*36
$GPGSV,3,1,11,04,73,286,36,27,64,122,42,16,55,018,43,08,43,183,40*7A
$GPGSV,3,2,11,09,31,315,34,31,27,086,42,26,27,045,36,03,16,222,26*7B
$GPGSV,3,3,11,07,06,299,20,28,06,102,24,48,29,248,31*4A
$GPRMC,122255.000,A,2632.9381,N,07703.2117,W,0.07,47.13,280324,,,A*46
$GPVTG,47.13,T,,M,0.07,N,0.1,K,A*3A
$GPGGA,122300.000,2632.9381,N,07703.2117,W,1,09,0.9,1.7,M,-33.0,M,,0000*67
$GPGSA,A,3,09,28,31,27,26,08,04,03,16,,,,1.6,0.9,1.3*36
$GPGSV,3,1,11,04,73,286,35,27,64,122,42,16,55,018,43,08,43,183,40*79
$GPGSV,3,2,11,09,31,315,34,31,27,086,42,26,27,045,37,03,16,222,27*7B
$GPGSV,3,3,11,07,06,299,21,28,06,102,23,48,29,248,29*45
$GPRMC,122300.000,A,2632.9381,N,07703.2117,W,0.03,95.17,280324,,,A*48
$GPVTG,95.17,T,,M,0.03,N,0.1,K,A*35
$GPGGA,122305.000,2632.9380,N,07703.2117,W,1,09,0.9,1.2,M,-33.0,M,,0000*66
$GPGSA,A,3,09,28,31,27,26,08,04,03,16,,,,1.6,0.9,1.3*36
$GPGSV,3,1,11,04,73,286,35,27,64,122,41,16,55,018,42,08,43,183,40*7B
$GPGSV,3,2,11,09,31,315,34,31,27,086,42,26,27,045,37,03,16,222,27*7B
$GPGSV,3,3,11,07,06,299,22,28,06,102,23,48,29,248,32*4C
$GPRMC,122305.000,A,2632.9380,N,07703.2117,W,0.02,122.90,280324,,,A*7F
$GPVTG,122.90,T,,M,0.02,N,0.0,K,A*07
$GPGGA,122310.000,2632.9379,N,07703.2116,W,1,09,0.9,0.8,M,-33.0,M,,0000*6E
$GPGSA,A,3,09,28,31,27,26,08,04,03,16,,,,1.6,0.9,1.3*36
$GPGSV,3,1,11,04,73,286,35,27,64,122,41,16,55,018,42,08,43,183,40*7B
$GPGSV,3,2,11,09,31,315,34,31,27,086,42,26,27,045,38,03,16,222,27*74
$GPGSV,3,3,11,07,06,299,22,28,06,102,23,48,29,248,29*46
$GPRMC,122310.000,A,2632.9379,N,07703.2116,W,0.08,131.40,280324,,,A*79
$GPVTG,131.40,T,,M,0.08,N,0.2,K,A*00
$GPGGA,122315.000,2632.9379,N,07703.2116,W,1,09,0.9,0.3,M,-33.0,M,,0000*60
$GPGSA,A,3,09,28,31,27,26,08,04,03,16,,,,1.6,0.9,1.3*36
$GPGSV,3,1,11,04,73,286,36,27,64,122,41,16,55,018,42,08,43,183,40*78
$GPGSV,3,2,11,09,31,315,35,31,27,086,42,26,27,045,38,03,16,222,27*75
$GPGSV,3,3,11,07,06,299,21,28,06,102,23,48,29,248,29*45
$GPVTG,111.92,T,,M,0.12,N,0.2,K,A*06
$GPGGA,122320.000,2632.9378,N,07703.2117,W,2,09,0.9,0.0,M,-33.0,M,2.8,0000*42
$GPGSA,A,3,09,28,31,27,26,08,04,03,16,,,,1.6,0.9,1.3*36
$GPGSV,3,1,11,04,73,286,36,27,64,122,40,16,55,018,42,08,43,183,40*79
$GPGSV,3,2,11,09,31,315,31,31,27,086,41,26,27,045,39,03,16,222,28*7C
$GPGSV,3,3,11,07,06,299,16,28,06,102,24,48,29,248,29*46
$GPRMC,122320.000,A,2632.9378,N,07703.2117,W,0.10,97.09,280324,,,D*46
$GPVTG,97.09,T,,M,0.10,N,0.2,K,D*3C
$GPGGA,122325.000,2632.9377,N,07703.2117,W,2,09,0.9,0.1,M,-33.0,M,1.8,0000*4A
$GPGSA,A,3,09,28,31,27,26,08,04,03,16,,,,1.6,0.9,1.3*36
$GPGSV,3,1,11,04,73,286,36,27,64,122,36,16,55,018,42,08,43,183,35*7A
$GPGSV,3,2,11,09,31,315,34,31,27,086,41,26,27,045,39,03,16,222,29*78
$GPGSV,3,3,11,07,06,299,18,28,06,102,24,48,29,248,27*46
$GPRMC,122325.000,A,2632.9377,N,07703.2117,W,0.39,74.56,280324,,,D*40
$GPVTG,74.56,T,,M,0.39,N,0.7,K,D*35
$GPGGA,122330.000,2632.9375,N,07703.2118,W,2,09,0.9,-0.3,M,-33.0,M,6.8,0000*6B
$GPGSA,A,3,09,28,31,27,26,08,04,03,16,,,,1.6,0.9,1.3*36
$GPGSV,3,1,11,04,73,286,35,27,64,122,35,16,55,018,43,08,43,183,36*78
$GPGSV,3,2,11,09,31,315,34,31,27,086,41,26,27,045,38,03,16,222,35*74
$GPGSV,3,3,11,07,06,299,18,28,06,102,23,48,29,248,29*4F
$GPRMC,122330.000,A,2632.9375,N,07703.2118,W,0.10,120.16,280324,,,D*76
$GPVTG,120.16,T,,M,0.10,N,0.2,K,D*0F
$GPGGA,122335.000,2632.9374,N,07703.2118,W,2,08,1.0,-0.5,M,-33.0,M,1.8,0000*67
$GPGSA,A,3,09,31,27,26,08,04,03,16,,,,,1.9,1.0,1.6*3E
$GPGSV,3,1,11,04,73,286,36,27,64,122,41,16,55,018,43,08,43,183,39*77
$GPGSV,3,2,11,09,31,315,34,31,27,086,40,26,27,045,36,03,16,222,34*7A
$GPGSV,3,3,11,07,06,299,19,28,06,102,,48,29,248,31*46
$GPRMC,122335.000,A,2632.9374,N,07703.2118,W,0.05,149.86,280324,,,D*70
$GPVTG,149.86,T,,M,0.05,N,0.1,K,D*0E
$GPGGA,122340.000,2632.9373,N,07703.2119,W,2,09,0.9,-0.4,M,-33.0,M,4.8,0000*6E
$GPGSA,A,3,09,28,31,27,26,08,04,03,16,,,,1.6,0.9,1.3*36
$GPGSV,3,1,11,04,73,286,36,27,64,122,41,16,55,018,43,08,43,183,39*77
$GPGSV,3,2,11,09,31,315,34,31,27,086,40,26,27,045,37,03,16,222,33*7C
$GPGSV,3,3,11,07,06,299,19,28,06,102,19,48,29,248,30*4F
$GPRMC,122340.000,A,2632.9373,N,07703.2119,W,0.00,330.33,280324,,,D*73
$GPVTG,330.33,T,,M,0.00,N,0.0,K,D*08
$GPGGA,122345.000,2632.9374,N,07703.2120,W,2,09,0.9,-0.2,M,-33.0,M,3.8,0000*67
$GPGSA,A,3,09,28,31,27,26,08,04,03,16,,,,1.6,0.9,1.3*36
$GPGSV,3,1,11,04,73,286,36,27,64,122,41,16,55,018,43,08,43,183,39*77
$GPGSV,3,2,11,09,31,315,34,31,27,086,41,26,27,045,38,03,16,222,32*73
$GPRMC,122345.000,A,2632.9374,N,07703.2120,W,0.10,305.11,280324,,,D*7C
$GPVTG,305.11,T,,M,0.10,N,0.2,K,D*0D
$GPGGA,122350.000,2632.9374,N,07703.2121,W,2,09,0.9,0.1,M,-33.0,M,2.8,0000*4D
$GPGSA,A,3,09,28,31,27,26,08,04,03,16,,,,1.6,0.9,1.3*36
$GPGSV,3,1,11,04,73,286,36,27,64,122,42,16,55,018,42,08,43,183,38*74
$GPGSV,3,2,11,09,31,315,31,31,27,086,41,26,27,045,31,03,16,222,32*7F
$GPGSV,3,3,11,07,06,299,18,28,06,102,25,48,29,248,32*43
$GPRMC,122350.000,A,2632.9374,N,07703.2121,W,0.08,267.44,280324,,,D*75
$GPGGA,122355.000,2632.9375,N,07703.2123,W,2,08,1.0,0.0,M,-33.0,M,2.8,0000*43
$GPGSA,A,3,09,31,27,26,08,04,03,16,,,,,1.9,1.0,1.6*3E
$GPGSV,3,1,11,04,73,286,35,27,64,122,41,16,55,018,42,08,43,183,38*74
$GPGSV,3,2,11,09,31,315,35,31,27,086,41,26,27,045,32,03,16,222,26*7D
$GPGSV,3,3,11,07,06,299,22,28,06,102,,48,29,248,31*4E
$GPRMC,122355.000,A,2632.9375,N,07703.2123,W,0.21,279.19,280324,,,D*7F
$GPVTG,279.19,T,,M,0.21,N,0.4,K,D*0B
$GPGGA,122400.000,2632.9376,N,07703.2126,W,2,09,0.9,-0.3,M,-33.0,M,2.8,0000*65
$GPGSA,A,3,09,28,31,27,26,08,04,03,16,,,,1.6,0.9,1.3*36
$GPGSV,3,1,11,04,73,286,35,27,64,122,40,16,55,018,43,08,43,183,38*74
$GPGSV,3,2,11,09,31,315,34,31,27,086,41,26,27,045,39,03,16,222,32*72
$GPGSV,3,3,11,07,06,299,25,28,06,102,26,48,29,248,32*4E
$GPRMC,122400.000,A,2632.9376,N,07703.2126,W,0.11,311.00,280324,,,D*7A
$GPVTG,311.00,T,,M,0.11,N,0.2,K,D*09
$GPGGA,122405.000,2632.9378,N,07703.2127,W,2,08,1.0,-0.5,M,-33.0,M,7.8,0000*65
$GPGSA,A,3,09,31,27,26,08,04,03,16,,,,,1.9,1.0,1.6*3E
$GPGSV,3,1,11,04,73,286,36,27,64,122,41,16,55,018,42,08,43,183,39*76
$GPGSV,3,2,11,09,31,315,28,31,27,086,41,26,27,045,36,03,16,222,32*70
$GPGSV,3,3,11,07,06,299,25,28,06,102,,48,29,248,31*49
$GPRMC,122405.000,A,2632.9378,N,07703.2127,W,0.07,323.17,280324,,,D*70
$GPVTG,323.17,T,,M,0.07,N,0.1,K,D*0A
$GPGGA,122410.000,2632.9378,N,07703.2128,W,2,09,0.9,-0.4,M,-33.0,M,4.8,0000*65
$GPGSA,A,3,09,28,31,27,26,08,04,03,16,,,,1.6,0.9,1.3*36
$GPGSV,3,1,11,04,73,286,36,27,64,122,41,16,55,018,42,08,43,183,39*76
$GPGSV,3,2,11,09,31,315,30,31,27,086,40,26,27,045,31,03,16,222,31*7C
$GPGSV,3,3,11,07,06,299,24,28,06,102,26,48,29,248,32*4F
$GPRMC,122410.000,A,2632.9378,N,07703.2128,W,0.09,165.90,280324,,,D*7A
$GPVTG,165.90,T,,M,0.09,N,0.2,K,D*08
$GPGGA,122415.000,2632.9376,N,07703.2128,W,2,08,1.0,-0.6,M,-33.0,M,9.8,0000*68
$GPGSA,A,3,09,31,27,26,08,04,03,16,,,,,1.9,1.0,1.6*3E
$GPGSV,3,1,11,04,73,286,36,27,64,122,42,16,55,018,41,08,43,183,39*76
$GPGSV,3,2,11,09,31,315,31,31,27,086,40,26,27,045,38,03,16,222,31*74
$GPRMC,122415.000,A,2632.9376,N,07703.2128,W,0.15,194.63,280324,,,D*7E
$GPVTG,194.63,T,,M,0.15,N,0.3,K,D*06
$GPGGA,122420.000,2632.9375,N,07703.2130,W,2,08,1.0,-0.8,M,-33.0,M,14.8,0000*56
$GPGSA,A,3,09,31,27,26,08,04,03,16,,,,,1.9,1.0,1.6*3E
$GPGSV,3,1,11,04,73,286,36,27,64,122,41,16,55,018,41,08,43,183,39*75
$GPGSV,3,2,11,09,31,315,33,31,27,086,40,26,27,045,38,03,16,222,32*75
$GPGSV,3,3,11,07,06,299,24,28,06,102,,48,29,248,28*40
$GPRMC,122420.000,A,2632.9375,N,07703.2130,W,0.14,234.98,280324,,,D*7E
$GPGGA,122425.000,2632.9375,N,07703.2132,W,2,09,0.9,-1.1,M,-33.0,M,1.8,0000*64
$GPGSA,A,3,09,28,31,27,26,08,04,03,16,,,,1.6,0.9,1.3*36
$GPGSV,3,1,11,04,73,286,36,27,64,122,41,16,55,018,41,08,43,183,39*75
$GPGSV,3,2,11,09,31,315,34,31,27,086,40,26,27,045,38,03,16,222,32*72
$GPGSV,3,3,11,07,06,299,25,28,06,102,20,48,29,248,29*42
$GPRMC,122425.000,A,2632.9375,N,07703.2132,W,0.14,255.63,280324,,,D*7A
$GPVTG,255.63,T,,M,0.14,N,0.3,K,D*09
$GPGGA,122430.000,2632.9375,N,07703.2135,W,2,09,0.9,-1.3,M,-33.0,M,6.8,0000*62
$GPGSA,A,3,09,28,31,27,26,08,04,03,16,,,,1.6,0.9,1.3*36
$GPGSV,3,1,11,04,73,286,36,27,64,122,42,16,55,018,41,08,43,183,39*76
$GPGSV,3,2,11,09,31,315,34,31,27,086,40,26,27,045,38,03,16,222,32*72
$GPGSV,3,3,11,07,06,299,25,28,06,102,21,48,29,248,28*42
$GPRMC,122430.000,A,2632.9375,N,07703.2135,W,0.16,276.44,280324,,,D*7F
$GPVTG,276.44,T,,M,0.16,N,0.3,K,D*0F
$GPGGA,122435.000,2632.9376,N,07703.2138,W,2,09,0.9,-1.3,M,-33.0,M,1.8,0000*6E
$GPGSA,A,3,09,28,31,27,26,08,04,03,16,,,,1.6,0.9,1.3*36
$GPGSV,3,1,11,04,73,286,36,27,64,122,42,16,55,018,40,08,43,183,39*77
$GPGSV,3,2,11,09,31,315,33,31,27,086,40,26,27,045,37,03,16,222,31*79
$GPGSV,3,3,11,07,06,299,25,28,06,102,21,48,29,248,31*4A
$GPRMC,122435.000,A,2632.9376,N,07703.2138,W,0.07,261.23,280324,,,D*73
$GPVTG,261.23,T,,M,0.07,N,0.1,K,D*0A
$GPGGA,122440.000,2632.9375,N,07703.2139,W,2,09,0.9,-1.2,M,-33.0,M,2.8,0000*6C
$GPGSA,A,3,09,28,31,27,26,08,04,03,16,,,,1.6,0.9,1.3*36
$GPGSV,3,1,11,04,73,286,36,27,64,122,42,16,55,018,41,08,43,183,40*78
$GPGSV,3,2,11,09,31,315,34,31,27,086,40,26,27,045,35,03,16,222,30*7D
$GPGSV,3,3,11,07,06,299,25,28,06,102,22,48,29,248,32*4A
$GPRMC,122440.000,A,2632.9375,N,07703.2139,W,0.03,216.17,280324,,,D*70
$GPVTG,216.17,T,,M,0.03,N,0.1,K,D*09
$GPGGA,122445.000,2632.9376,N,07703.2141,W,2,09,0.9,-1.3,M,-33.0,M,4.8,0000*62
$GPGSA,A,3,09,28,31,27,26,08,04,03,16,,,,1.6,0.9,1.3*36
$GPGSV,3,1,11,04,73,282,36,27,64,120,42,16,54,018,41,08,44,182,40*79
$GPGSV,3,2,11,09,32,315,27,31,27,087,40,26,26,045,36,03,16,221,29*74
$GPRMC,122445.000,A,2632.9376,N,07703.2141,W,0.12,293.96,280324,,,D*7D
$GPVTG,293.96,T,,M,0.12,N,0.2,K,D*0E
$GPGGA,122450.000,2632.9376,N,07703.2142,W,2,09,0.9,-1.3,M,-33.0,M,9.8,0000*68
$GPGSA,A,3,09,28,31,27,26,08,04,03,16,,,,1.6,0.9,1.3*36
$GPGSV,3,1,11,04,73,282,36,27,64,120,42,16,54,018,42,08,44,182,40*7A
$GPGSV,3,2,11,09,32,315,34,31,27,087,35,26,26,045,30,03,16,221,30*7A
$GPGSV,3,3,11,07,06,300,24,28,05,103,22,48,29,248,30*4A
$GPRMC,122450.000,A,2632.9376,N,07703.2142,W,0.04,36.50,280324,,,D*4A
$GPGGA,122455.000,2632.9377,N,07703.2142,W,2,09,0.9,-1.4,M,-33.0,M,1.8,0000*63
$GPGSA,A,3,09,28,31,27,26,08,04,03,16,,,,1.6,0.9,1.3*36
$GPGSV,3,1,11,04,73,282,36,27,64,120,35,16,54,018,42,08,44,182,40*7A
$GPGSV,3,2,11,09,32,315,34,31,27,087,35,26,26,045,35,03,16,221,21*7F
$GPGSV,3,3,11,07,06,300,20,28,05,103,22,48,29,248,33*4D
$GPRMC,122455.000,A,2632.9377,N,07703.2142,W,0.15,317.62,280324,,,D*7F
$GPVTG,317.62,T,,M,0.15,N,0.3,K,D*0E
$GPGGA,122500.000,2632.9378,N,07703.2139,W,2,09,0.9,-1.8,M,-33.0,M,1.8,0000*6D
$GPGSA,A,3,09,28,31,27,26,08,04,03,16,,,,1.6,0.9,1.3*36
$GPGSV,3,1,11,04,73,282,35,27,64,120,35,16,54,018,42,08,44,182,39*77
$GPGSV,3,2,11,09,32,315,34,31,27,087,35,26,26,045,34,03,16,221,28*77
$GPGSV,3,3,11,07,06,300,19,28,05,103,30,48,29,248,33*44
$GPRMC,122500.000,A,2632.9378,N,07703.2139,W,0.13,23.08,280324,,,D*43
$GPVTG,23.08,T,,M,0.13,N,0.2,K,D*31
$GPGGA,122505.000,2632.9379,N,07703.2138,W,2,09,0.9,-1.6,M,-33.0,M,1.8,0000*66
$GPGSA,A,3,09,28,31,27,26,08,04,03,16,,,,1.6,0.9,1.3*36
$GPGSV,3,1,11,04,73,282,35,27,64,120,36,16,54,018,42,08,44,182,40*7A
$GPGSV,3,2,11,09,32,315,33,31,27,087,41,26,26,045,35,03,16,221,33*78
$GPGSV,3,3,11,07,06,300,18,28,05,103,28,48,29,248,31*4E
$GPRMC,122505.000,A,2632.9379,N,07703.2138,W,0.09,38.04,280324,,,D*4B
$GPVTG,38.04,T,,M,0.09,N,0.2,K,D*3C
$GPGGA,122510.000,2632.9381,N,07703.2138,W,2,09,0.9,-1.6,M,-33.0,M,0.8,0000*64
$GPGSA,A,3,09,28,31,27,26,08,04,03,16,,,,1.6,0.9,1.3*36
$GPGSV,3,1,11,04,73,282,35,27,64,120,36,16,54,018,42,08,44,182,40*7A
$GPGSV,3,2,11,09,32,315,32,31,27,087,36,26,26,045,36,03,16,221,25*7D
$GPGSV,3,3,11,07,06,300,18,28,05,103,25,48,29,248,30*42
$GPRMC,122510.000,A,2632.9381,N,07703.2138,W,0.23,37.05,280324,,,D*4E
$GPVTG,37.05,T,,M,0.23,N,0.4,K,D*3C
$GPGGA,122515.000,2632.9383,N,07703.2137,W,2,09,0.9,-1.5,M,-33.0,M,4.8,0000*6B
$GPGSA,A,3,09,28,31,27,26,08,04,03,16,,,,1.6,0.9,1.3*36
$GPGSV,3,1,11,04,73,281,35,27,64,119,36,16,54,019,42,08,45,182,41*72
$GPGSV,3,2,11,09,32,314,38,31,27,087,36,26,26,046,37,03,16,221,34*74
$GPGSV,3,3,11,07,06,300,18,28,05,103,24,48,29,248,31*42
$GPRMC,122515.000,A,2632.9383,N,07703.2137,W,0.19,50.27,280324,,,D*4E
$GPVTG,50.27,T,,M,0.19,N,0.4,K,D*34
$GPGGA,122520.000,2632.9385,N,07703.2135,W,2,09,0.9,-1.5,M,-33.0,M,2.8,0000*6F
$GPGSA,A,3,09,28,31,27,26,08,04,03,16,,,,1.6,0.9,1.3*36
$GPGSV,3,1,11,04,73,281,36,27,64,119,37,16,54,019,42,08,45,182,40*71
$GPGSV,3,2,11,09,32,314,38,31,27,087,32,26,26,046,38,03,16,221,33*78
$GPGSV,3,3,11,07,06,300,18,28,05,103,24,48,29,248,32*41
$GPVTG,52.68,T,,M,0.16,N,0.3,K,D*35
$GPGGA,122525.000,2632.9386,N,07703.2135,W,2,09,0.9,-1.4,M,-33.0,M,1.8,0000*6B
$GPGSA,A,3,09,28,31,27,26,08,04,03,16,,,,1.6,0.9,1.3*36
$GPGSV,3,1,11,04,73,281,36,27,64,119,39,16,54,019,41,08,45,182,39*72
$GPGSV,3,2,11,09,32,314,38,31,27,087,33,26,26,046,38,03,16,221,33*79
$GPGSV,3,3,11,07,06,300,19,28,05,103,18,48,29,248,30*4D
$GPRMC,122525.000,A,2632.9386,N,07703.2135,W,0.14,111.17,280324,,,D*70
$GPVTG,111.17,T,,M,0.14,N,0.3,K,D*09
$GPGGA,122530.000,2632.9384,N,07703.2133,W,2,09,0.9,-1.5,M,-33.0,M,2.8,0000*69
$GPGSA,A,3,09,28,31,27,26,08,04,03,16,,,,1.6,0.9,1.3*36
$GPGSV,3,1,11,04,73,281,36,27,64,119,40,16,54,019,42,08,45,182,39*7F
$GPGSV,3,2,11,09,32,314,38,31,27,087,34,26,26,046,39,03,16,221,33*7F
$GPGSV,3,3,11,07,06,300,19,28,05,103,21,48,29,248,30*47
$GPRMC,122530.000,A,2632.9384,N,07703.2133,W,0.14,118.40,280324,,,D*7B
$GPVTG,118.40,T,,M,0.14,N,0.3,K,D*02
$GPGGA,122535.000,2632.9383,N,07703.2132,W,2,09,0.9,-1.4,M,-33.0,M,5.8,0000*6C
$GPGSA,A,3,09,28,31,27,26,08,04,03,16,,,,1.6,0.9,1.3*36
$GPGSV,3,1,11,04,73,281,36,27,64,119,40,16,54,019,42,08,45,182,39*7F
$GPGSV,3,2,11,09,32,314,39,31,27,087,34,26,26,046,39,03,16,221,33*7E
$GPGSV,3,3,11,07,06,300,,28,05,103,23,48,29,248,28*44
$GPRMC,122535.000,A,2632.9383,N,07703.2132,W,0.12,107.20,280324,,,D*76
$GPVTG,107.20,T,,M,0.12,N,0.2,K,D*0D
$GPGGA,122540.000,2632.9382,N,07703.2130,W,2,09,0.9,-1.3,M,-33.0,M,10.8,0000*5E
$GPGSA,A,3,09,28,31,27,26,08,04,03,16,,,,1.6,0.9,1.3*36
$GPGSV,3,1,11,04,73,281,36,27,64,119,41,16,54,019,42,08,45,182,40*70
$GPGSV,3,2,11,09,32,314,38,31,27,087,34,26,26,046,38,03,16,221,32*7F
$GPGSV,3,3,11,07,06,300,,28,05,103,24,48,29,248,31*4B
$GPRMC,122540.000,A,2632.9382,N,07703.2130,W,0.09,113.58,280324,,,D*77
$GPVTG,113.58,T,,M,0.09,N,0.2,K,D*0D
$GPGGA,122545.000,2632.9382,N,07703.2130,W,2,09,0.9,-1.4,M,-33.0,M,2.8,0000*6F
$GPGSA,A,3,09,28,31,27,26,08,04,03,16,,,,1.6,0.9,1.3*36
$GPGSV,3,1,11,04,73,281,35,27,64,119,41,16,54,019,42,08,45,182,40*73
$GPGSV,3,2,11,09,32,314,38,31,27,087,35,26,26,046,37,03,16,221,32*71
$GPGSV,3,3,11,07,06,300,,28,05,103,25,48,29,248,32*49
$GPRMC,122545.000,A,2632.9382,N,07703.2130,W,0.07,90.81,280324,,,D*42
$GPVTG,90.81,T,,M,0.07,N,0.1,K,D*3E
$GPGGA,122550.000,2632.9382,N,07703.2129,W,2,09,0.9,-1.1,M,-33.0,M,2.8,0000*66
$GPGSA,A,3,09,28,31,27,26,08,04,03,16,,,,1.6,0.9,1.3*36
$GPGSV,3,1,11,04,73,281,35,27,64,119,41,16,54,019,41,08,45,182,41*71
$GPGSV,3,2,11,09,32,314,37,31,27,087,36,26,26,046,37,03,16,221,31*7E
$GPGSV,3,3,11,07,06,300,,28,05,103,24,48,29,248,32*48
$GPVTG,106.88,T,,M,0.19,N,0.4,K,D*03
$GPGGA,122555.000,2632.9381,N,07703.2128,W,2,09,0.9,-1.1,M,-33.0,M,2.8,0000*61
$GPGSA,A,3,09,28,31,27,26,08,04,03,16,,,,1.6,0.9,1.3*36
$GPGSV,3,1,11,04,73,281,35,27,64,119,42,16,54,019,41,08,45,182,41*72
$GPGSV,3,2,11,09,32,314,36,31,27,087,37,26,26,046,37,03,16,221,31*7E
$GPGSV,3,3,11,07,06,300,,28,05,103,23,48,29,248,30*4D
$GPRMC,122555.000,A,2632.9381,N,07703.2128,W,0.01,138.39,280324,,,D*7F
$GPVTG,138.39,T,,M,0.01,N,0.0,K,D*09
$GPGGA,122600.000,2632.9381,N,07703.2127,W,2,08,1.0,-1.3,M,-33.0,M,1.8,0000*65
$GPGSA,A,3,09,31,27,26,08,04,03,16,,,,,1.8,1.0,1.6*3F
$GPGSV,3,1,11,04,73,281,35,27,64,119,42,16,54,019,41,08,45,182,41*72
$GPGSV,3,2,11,09,32,314,36,31,27,087,37,26,26,046,37,03,16,221,31*7E
$GPGSV,3,3,11,07,06,300,,28,05,103,,48,29,248,31*4D
$GPRMC,122600.000,A,2632.9381,N,07703.2127,W,0.17,94.94,280324,,,D*44
$GPVTG,94.94,T,,M,0.17,N,0.3,K,D*3D
$GPGGA,122605.000,2632.9381,N,07703.2125,W,2,08,1.0,-1.3,M,-33.0,M,1.8,0000*62
$GPGSA,A,3,09,31,27,26,08,04,03,16,,,,,1.8,1.0,1.6*3F
$GPGSV,3,1,11,04,73,281,35,27,64,119,41,16,54,019,41,08,45,182,41*71
$GPGSV,3,2,11,09,32,314,36,31,27,087,37,26,26,046,37,03,16,221,31*7E
$GPGSV,3,3,11,07,06,300,,28,05,103,,48,29,248,32*4E
$GPRMC,122605.000,A,2632.9381,N,07703.2125,W,0.08,80.29,280324,,,D*4E
$GPVTG,80.29,T,,M,0.08,N,0.2,K,D*31
$GPGGA,122610.000,2632.9380,N,07703.2126,W,2,09,0.9,-1.6,M,-33.0,M,3.8,0000*6A
$GPGSA,A,3,09,28,31,27,26,08,04,03,16,,,,1.6,0.9,1.3*36
$GPGSV,3,1,11,04,73,281,35,27,64,119,41,16,54,019,41,08,45,182,41*71
$GPGSV,3,2,11,09,32,314,36,31,27,087,37,26,26,046,36,03,16,221,31*7F
$GPGSV,3,3,11,07,06,300,,28,05,103,24,48,29,248,33*49
$GPRMC,122610.000,A,2632.9380,N,07703.2126,W,0.08,262.46,280324,,,D*7F
$GPVTG,262.46,T,,M,0.08,N,0.1,K,D*05
$GPGGA,122615.000,2632.9380,N,07703.2125,W,2,09,0.9,-1.7,M,-33.0,M,3.8,0000*6D
$GPGSA,A,3,09,28,31,27,26,08,04,03,16,,,,1.6,0.9,1.3*36
$GPGSV,3,1,11,04,73,281,35,27,64,119,41,16,54,019,41,08,45,182,40*70
$GPGSV,3,2,11,09,32,314,37,31,27,087,31,26,26,046,36,03,16,221,32*7B
$GPGSV,3,3,11,07,06,300,,28,05,103,24,48,29,248,30*4A
$GPRMC,122615.000,A,2632.9380,N,07703.2125,W,0.11,141.99,280324,,,D*71
$GPVTG,141.99,T,,M,0.11,N,0.2,K,D*0E
$GPGGA,122620.000,2632.9379,N,07703.2126,W,2,09,0.9,-2.1,M,-33.0,M,2.8,0000*6A
$GPGSA,A,3,09,28,31,27,26,08,04,03,16,,,,1.6,0.9,1.3*36
$GPGSV,3,1,11,04,73,281,35,27,64,119,41,16,54,019,42,08,45,182,40*73
$GPGSV,3,2,11,09,32,314,38,31,27,087,32,26,26,046,38,03,16,221,32*79
$GPGSV,3,3,11,07,06,300,,28,05,103,25,48,29,248,29*43
$GPVTG,273.14,T,,M,0.09,N,0.2,K,D*00
$GPGGA,122625.000,2632.9379,N,07703.2128,W,2,08,1.0,-2.2,M,-33.0,M,1.8,0000*68
$GPGSA,A,3,09,31,27,26,08,04,03,16,,,,,1.8,1.0,1.5*3C
$GPGSV,3,1,11,04,73,281,35,27,64,119,40,16,54,019,42,08,45,182,39*7C
$GPGSV,3,2,11,09,32,314,38,31,27,087,33,26,26,046,38,03,16,221,32*78
$GPGSV,3,3,11,07,06,300,25,28,05,103,,48,29,248,31*4A
$GPRMC,122625.000,A,2632.9379,N,07703.2128,W,0.04,280.60,280324,,,D*75
$GPVTG,280.60,T,,M,0.04,N,0.1,K,D*01
$GPGGA,122630.000,2632.9379,N,07703.2129,W,2,09,0.9,-2.4,M,-33.0,M,1.8,0000*62
$GPGSA,A,3,09,28,31,27,26,08,04,03,16,,,,1.6,0.9,1.3*36
$GPGSV,3,1,11,04,73,281,36,27,64,119,41,16,54,019,41,08,45,182,38*7C
$GPGSV,3,2,11,09,32,314,38,31,27,087,33,26,26,046,39,03,16,221,32*79
$GPGSV,3,3,11,07,06,300,20,28,05,103,21,48,29,248,33*4E
$GPRMC,122630.000,A,2632.9379,N,07703.2129,W,0.10,261.22,280324,,,D*7C
$GPVTG,261.22,T,,M,0.10,N,0.2,K,D*0E
$GPGGA,122635.000,2632.9379,N,07703.2133,W,2,09,0.9,-2.4,M,-33.0,M,1.8,0000*6C
$GPGSA,A,3,09,28,31,27,26,08,04,03,16,,,,1.6,0.9,1.3*36
$GPGSV,3,1,11,04,73,281,36,27,64,119,41,16,54,019,41,08,45,182,39*7D
$GPGSV,3,2,11,09,32,314,37,31,27,087,33,26,26,046,39,03,16,221,29*7C
$GPGSV,3,3,11,07,06,300,23,28,05,103,24,48,29,248,30*4B
$GPRMC,122635.000,A,2632.9379,N,07703.2133,W,0.14,277.66,280324,,,D*71
$GPVTG,277.66,T,,M,0.14,N,0.3,K,D*0C
$GPGGA,122640.000,2632.9379,N,07703.2136,W,2,09,0.9,-2.4,M,-33.0,M,4.8,0000*6E
$GPGSA,A,3,09,28,31,27,26,08,04,03,16,,,,1.6,0.9,1.3*36
$GPGSV,3,1,11,04,73,281,36,27,64,119,40,16,54,019,41,08,45,182,39*7C
$GPGSV,3,2,11,09,32,314,33,31,27,087,38,26,26,046,38,03,16,221,30*7A
$GPGSV,3,3,11,07,06,300,,28,05,103,25,48,29,248,26*4C
$GPRMC,122640.000,A,2632.9379,N,07703.2136,W,0.12,274.80,280324,,,D*7B
$GPVTG,274.80,T,,M,0.12,N,0.2,K,D*00
$GPGGA,122645.000,2632.9379,N,07703.2137,W,2,09,0.9,-2.3,M,-33.0,M,3.8,0000*6A
$GPGSA,A,3,09,28,31,27,26,08,04,03,16,,,,1.6,0.9,1.3*36
$GPGSV,3,1,11,04,74,279,35,27,65,117,40,16,53,019,42,08,45,182,38*75
$GPGSV,3,2,11,09,33,314,33,31,26,088,39,26,25,046,38,03,15,220,30*75
$GPGSV,3,3,11,07,07,300,22,28,05,104,24,48,29,248,31*4D
$GPRMC,122645.000,A,2632.9379,N,07703.2137,W,0.11,303.06,280324,,,D*73
$GPVTG,303.06,T,,M,0.11,N,0.2,K,D*0C
$GPGGA,122650.000,2632.9380,N,07703.2138,W,2,09,0.9,-2.1,M,-33.0,M,2.8,0000*64
$GPGSA,A,3,09,28,31,27,26,08,04,03,16,,,,1.6,0.9,1.3*36
$GPGSV,3,1,11,04,74,279,36,27,65,117,40,16,53,019,41,08,45,182,37*7A
$GPGSV,3,2,11,09,33,314,34,31,26,088,39,26,25,046,37,03,15,220,22*7E
$GPRMC,122650.000,A,2632.9380,N,07703.2138,W,0.10,293.68,280324,,,D*7F
$GPVTG,293.68,T,,M,0.10,N,0.2,K,D*0D
$GPGGA,122655.000,2632.9380,N,07703.2139,W,2,09,0.9,-2.4,M,-33.0,M,1.8,0000*66
$GPGSA,A,3,09,28,31,27,26,08,04,03,16,,,,1.6,0.9,1.3*36
$GPGSV,3,1,11,04,74,279,36,27,65,117,41,16,53,019,41,08,45,182,37*7B
$GPGSV,3,2,11,09,33,314,34,31,26,088,39,26,25,046,36,03,15,220,28*75
$GPGSV,3,3,11,07,07,300,21,28,05,104,18,48,29,248,32*42
$GPRMC,122655.000,A,2632.9380,N,07703.2139,W,0.13,286.60,280324,,,D*74
$GPGGA,122700.000,2632.9380,N,07703.2141,W,2,09,0.9,-2.5,M,-33.0,M,1.8,0000*69
$GPGSA,A,3,09,28,31,27,26,08,04,03,16,,,,1.6,0.9,1.3*36
$GPGSV,3,1,11,04,74,279,37,27,65,117,41,16,53,019,41,08,45,182,37*7A
$GPGSV,3,2,11,09,33,314,34,31,26,088,39,26,25,046,36,03,15,220,28*75
$GPGSV,3,3,11,07,07,300,21,28,05,104,25,48,29,248,32*4C
$GPRMC,122700.000,A,2632.9380,N,07703.2141,W,0.01,95.71,280324,,,D*49
$GPVTG,95.71,T,,M,0.01,N,0.0,K,D*33
$GPGGA,122705.000,2632.9379,N,07703.2141,W,2,09,0.9,-2.5,M,-33.0,M,1.8,0000*6A
$GPGSA,A,3,09,28,31,27,26,08,04,03,16,,,,1.6,0.9,1.3*36
$GPGSV,3,1,11,04,74,279,37,27,65,117,41,16,53,019,41,08,45,182,36*7B
$GPGSV,3,2,11,09,33,314,34,31,26,088,39,26,25,046,35,03,15,220,24*7A
$GPGSV,3,3,11,07,07,300,09,28,05,104,25,48,29,248,31*45
$GPRMC,122705.000,A,2632.9379,N,07703.2141,W,0.08,139.57,280324,,,D*70
$GPVTG,139.57,T,,M,0.08,N,0.1,K,D*08
$GPGGA,122710.000,2632.9377,N,07703.2141,W,2,09,0.9,-2.7,M,-33.0,M,2.8,0000*61
$GPGSA,A,3,09,28,31,27,26,08,04,03,16,,,,1.6,0.9,1.3*36
$GPGSV,3,1,11,04,74,279,36,27,65,117,40,16,53,019,41,08,45,182,36*7B
$GPGSV,3,2,11,09,33,314,34,31,26,088,39,26,25,046,37,03,15,220,29*75
$GPGSV,3,3,11,07,07,300,23,28,05,104,24,48,29,248,31*4C
$GPRMC,122710.000,A,2632.9377,N,07703.2141,W,0.10,213.79,280324,,,D*74
$GPVTG,213.79,T,,M,0.10,N,0.2,K,D*05
$GPGGA,122715.000,2632.9376,N,07703.2142,W,2,09,0.9,-2.8,M,-33.0,M,4.8,0000*6F
$GPGSA,A,3,09,28,31,27,26,08,04,03,16,,,,1.6,0.9,1.3*36
$GPGSV,3,1,11,04,74,279,36,27,65,117,40,16,53,019,42,08,45,182,37*79
$GPGSV,3,2,11,09,33,314,34,31,26,088,39,26,25,046,37,03,15,220,30*7D
$GPGSV,3,3,11,07,07,300,21,28,05,104,23,48,29,248,28*41
$GPRMC,122715.000,A,2632.9376,N,07703.2142,W,0.07,161.52,280324,,,D*7A
$GPVTG,161.52,T,,M,0.07,N,0.1,K,D*0F
$GPGGA,122720.000,2632.9376,N,07703.2142,W,2,09,0.9,-3.1,M,-33.0,M,9.8,0000*6C
$GPGSA,A,3,09,28,31,27,26,08,04,03,16,,,,1.6,0.9,1.3*36
$GPGSV,3,1,11,04,74,279,35,27,65,117,40,16,53,019,42,08,45,182,38*75
$GPGSV,3,2,11,09,33,314,33,31,26,088,39,26,25,046,38,03,15,220,30*75
$GPRMC,122720.000,A,2632.9376,N,07703.2142,W,0.08,164.97,280324,,,D*7F
$GPVTG,164.97,T,,M,0.08,N,0.2,K,D*0F
$GPGGA,122725.000,2632.9375,N,07703.2142,W,2,09,0.9,-3.2,M,-33.0,M,1.8,0000*61
$GPGSA,A,3,09,28,31,27,26,08,04,03,16,,,,1.6,0.9,1.3*36
$GPGSV,3,1,11,04,74,279,34,27,65,117,40,16,53,019,42,08,45,182,38*74
$GPGSV,3,2,11,09,33,314,34,31,26,088,39,26,25,046,38,03,15,220,30*72
$GPGSV,3,3,11,07,07,300,,28,05,104,25,48,29,248,28*44
$GPRMC,122725.000,A,2632.9375,N,07703.2142,W,0.03,253.07,280324,,,D*7C
$GPGGA,122730.000,2632.9375,N,07703.2142,W,2,09,0.9,-2.9,M,-33.0,M,1.8,0000*6F
$GPGSA,A,3,09,28,31,27,26,08,04,03,16,,,,1.6,0.9,1.3*36
$GPGSV,3,1,11,04,74,279,34,27,65,117,40,16,53,019,42,08,45,182,38*74
$GPGSV,3,2,11,09,33,314,34,31,26,088,39,26,25,046,38,03,15,220,29*7A
$GPGSV,3,3,11,07,07,300,24,28,05,104,26,48,29,248,31*49
$GPRMC,122730.000,A,2632.9375,N,07703.2142,W,0.06,243.24,280324,,,D*7D
$GPVTG,243.24,T,,M,0.06,N,0.1,K,D*0C
$GPGGA,122735.000,2632.9374,N,07703.2145,W,2,09,0.9,-2.7,M,-33.0,M,1.8,0000*62
$GPGSA,A,3,09,28,31,27,26,08,04,03,16,,,,1.6,0.9,1.3*36
$GPGSV,3,1,11,04,74,279,35,27,65,117,41,16,53,019,41,08,45,182,38*77
$GPGSV,3,2,11,09,33,314,35,31,26,088,39,26,25,046,39,03,15,220,29*7A
$GPGSV,3,3,11,07,07,300,24,28,05,104,26,48,29,248,32*4A
$GPRMC,122735.000,A,2632.9374,N,07703.2145,W,0.10,233.14,280324,,,D*7D
$GPVTG,233.14,T,,M,0.10,N,0.2,K,D*0C
$GPGGA,122740.000,2632.9374,N,07703.2148,W,2,09,0.9,-3.0,M,-33.0,M,4.8,0000*6E
$GPGSA,A,3,09,28,31,27,26,08,04,03,16,,,,1.6,0.9,1.3*36
$GPGSV,3,1,11,04,74,279,35,27,65,117,41,16,53,019,41,08,45,182,38*77
$GPGSV,3,2,11,09,33,314,36,31,26,088,38,26,25,046,40,03,15,220,30*7E
$GPGSV,3,3,11,07,07,300,,28,05,104,26,48,29,248,32*4C
$GPRMC,122740.000,A,2632.9374,N,07703.2148,W,0.08,160.95,280324,,,D*77
$GPVTG,160.95,T,,M,0.08,N,0.1,K,D*0A
$GPGGA,122745.000,2632.9374,N,07703.2152,W,2,09,0.9,-3.5,M,-33.0,M,2.8,0000*63
$GPGSA,A,3,09,28,31,27,26,08,04,03,16,,,,1.6,0.9,1.3*36
$GPGSV,3,1,11,04,74,279,35,27,65,117,41,16,53,019,41,08,45,182,38*77
$GPGSV,3,2,11,09,33,314,37,31,26,088,38,26,25,046,39,03,15,220,31*70
$GPGSV,3,3,11,07,07,300,,28,05,104,25,48,29,248,31*4C
$GPRMC,122745.000,A,2632.9374,N,07703.2152,W,0.13,269.67,280324,,,D*74
$GPVTG,269.67,T,,M,0.13,N,0.2,K,D*04
$GPGGA,122750.000,2632.9374,N,07703.2155,W,2,09,0.9,-3.7,M,-33.0,M,0.8,0000*60
$GPGSA,A,3,09,28,31,27,26,08,04,03,16,,,,1.6,0.9,1.3*36
$GPGSV,3,1,11,04,74,279,36,27,65,117,41,16,53,019,41,08,45,182,37*7B
$GPGSV,3,2,11,09,33,314,37,31,26,088,38,26,25,046,39,03,15,220,32*73
$GPRMC,122750.000,A,2632.9374,N,07703.2155,W,0.08,279.49,280324,,,D*70
$GPVTG,279.49,T,,M,0.08,N,0.2,K,D*03
$GPGGA,122755.000,2632.9374,N,07703.2156,W,2,09,0.9,-3.8,M,-33.0,M,1.8,0000*68
$GPGSA,A,3,09,28,31,27,26,08,04,03,16,,,,1.6,0.9,1.3*36
$GPGSV,3,1,11,04,74,279,36,27,65,117,41,16,53,019,41,08,45,182,37*7B
$GPGSV,3,2,11,09,33,314,38,31,26,088,39,26,25,046,39,03,15,220,32*7D
$GPGSV,3,3,11,07,07,300,,28,05,104,24,48,29,248,32*4E
$GPRMC,122755.000,A,2632.9374,N,07703.2156,W,0.11,243.86,280324,,,D*74
$GPGGA,122800.000,2632.9374,N,07703.2159,W,2,09,0.9,-3.6,M,-33.0,M,1.8,0000*66
$GPGSA,A,3,09,28,31,27,26,08,04,03,16,,,,1.6,0.9,1.3*36
$GPGSV,3,1,11,04,74,279,36,27,65,117,41,16,53,019,41,08,45,182,37*7B
$GPGSV,3,2,11,09,33,314,38,31,26,088,39,26,25,046,39,03,15,220,33*7C
$GPGSV,3,3,11,07,07,300,,28,05,104,24,48,29,248,32*4E
$GPRMC,122800.000,A,2632.9374,N,07703.2159,W,0.18,302.07,280324,,,D*70
$GPVTG,302.07,T,,M,0.18,N,0.3,K,D*04
$GPGGA,122805.000,2632.9375,N,07703.2160,W,2,09,0.9,-3.8,M,-33.0,M,1.8,0000*66
$GPGSA,A,3,09,28,31,27,26,08,04,03,16,,,,1.6,0.9,1.3*36
$GPGSV,3,1,11,04,74,279,36,27,65,117,41,16,53,019,41,08,45,182,37*7B
$GPGSV,3,2,11,09,33,314,38,31,26,088,38,26,25,046,39,03,15,220,33*7D
$GPGSV,3,3,11,07,07,300,,28,05,104,23,48,29,248,32*49
$GPRMC,122805.000,A,2632.9375,N,07703.2160,W,0.06,138.43,280324,,,D*7A
$GPVTG,138.43,T,,M,0.06,N,0.1,K,D*02
$GPGGA,122810.000,2632.9374,N,07703.2161,W,2,09,0.9,-3.5,M,-33.0,M,2.8,0000*6C
$GPGSA,A,3,09,28,31,27,26,08,04,03,16,,,,1.6,0.9,1.3*36
$GPGSV,3,1,11,04,74,279,36,27,65,117,41,16,53,019,41,08,45,182,37*7B
$GPGSV,3,2,11,09,33,314,38,31,26,088,38,26,25,046,39,03,15,220,31*7F
$GPGSV,3,3,11,07,07,300,22,28,05,104,23,48,29,248,31*4A
$GPRMC,122810.000,A,2632.9374,N,07703.2161,W,0.08,167.61,280324,,,D*7A
$GPVTG,167.61,T,,M,0.08,N,0.1,K,D*06
$GPGGA,122815.000,2632.9375,N,07703.2161,W,2,09,0.9,-3.5,M,-33.0,M,3.8,0000*69
$GPGSA,A,3,09,28,31,27,26,08,04,03,16,,,,1.6,0.9,1.3*36
$GPGSV,3,1,11,04,74,279,36,27,65,117,41,16,53,019,42,08,45,182,36*79
$GPGSV,3,2,11,09,33,314,38,31,26,088,39,26,25,046,39,03,15,220,29*77
$GPGSV,3,3,11,07,07,300,10,28,05,104,23,48,29,248,28*43
$GPRMC,122815.000,A,2632.9375,N,07703.2161,W,0.08,61.82,280324,,,D*44
$GPVTG,61.82,T,,M,0.08,N,0.2,K,D*3F
$GPGGA,122820.000,2632.9376,N,07703.2160,W,2,09,0.9,-3.8,M,-33.0,M,8.8,0000*6B
$GPGSA,A,3,09,28,31,27,26,08,04,03,16,,,,1.6,0.9,1.3*36
$GPGSV,3,1,11,04,74,279,36,27,65,117,42,16,53,019,42,08,45,182,36*7A
$GPGSV,3,2,11,09,33,314,38,31,26,088,39,26,25,046,38,03,15,220,29*76
$GPRMC,122820.000,A,2632.9376,N,07703.2160,W,0.10,75.98,280324,,,D*47
$GPVTG,75.98,T,,M,0.10,N,0.2,K,D*38
$GPGGA,122825.000,2632.9377,N,07703.2159,W,2,08,1.0,-4.0,M,-33.0,M,1.8,0000*6A
$GPGSA,A,3,09,31,27,26,08,04,03,16,,,,,1.8,1.0,1.5*3C
$GPGSV,3,1,11,04,74,279,36,27,65,117,41,16,53,019,42,08,45,182,37*78
$GPGSV,3,2,11,09,33,314,34,31,26,088,39,26,25,046,36,03,15,220,30*7C
$GPGSV,3,3,11,07,07,300,,28,05,104,27,48,29,248,31*4E
$GPRMC,122825.000,A,2632.9377,N,07703.2159,W,0.14,35.78,280324,,,D*47
$GPGGA,122830.000,2632.9378,N,07703.2159,W,2,08,1.0,-3.8,M,-33.0,M,1.8,0000*6E
$GPGSA,A,3,09,31,27,26,08,04,03,16,,,,,1.8,1.0,1.5*3C
$GPGSV,3,1,11,04,74,279,35,27,65,117,41,16,53,019,43,08,45,182,37*7A
$GPGSV,3,2,11,09,33,314,29,31,26,088,38,26,25,046,37,03,15,220,30*70
$GPGSV,3,3,11,07,07,300,,28,05,104,27,48,29,248,30*4F
$GPRMC,122830.000,A,2632.9378,N,07703.2159,W,0.07,56.35,280324,,,D*42
$GPVTG,56.35,T,,M,0.07,N,0.1,K,D*3B
$GPGGA,122835.000,2632.9380,N,07703.2157,W,2,08,1.0,-3.3,M,-33.0,M,1.8,0000*69
$GPGSA,A,3,09,31,27,26,08,04,03,16,,,,,1.8,1.0,1.5*3C
$GPGSV,3,1,11,04,74,279,35,27,65,117,38,16,53,019,40,08,45,182,32*72
$GPGSV,3,2,11,09,33,314,27,31,26,088,35,26,25,046,37,03,15,220,30*73
$GPGSV,3,3,11,07,07,300,,28,05,104,27,48,29,248,33*4C
$GPRMC,122835.000,A,2632.9380,N,07703.2157,W,0.13,313.25,280324,,,D*78
$GPVTG,313.25,T,,M,0.13,N,0.2,K,D*0E
$GPGGA,122840.000,2632.9381,N,07703.2158,W,2,08,1.0,-3.6,M,-33.0,M,1.8,0000*60
$GPGSA,A,3,09,31,27,26,08,04,03,16,,,,,1.8,1.0,1.5*3C
$GPGSV,3,1,11,04,74,279,35,27,65,117,38,16,53,019,41,08,45,182,33*72
$GPGSV,3,2,11,09,33,314,34,31,26,088,36,26,25,046,38,03,15,220,30*7D
$GPGSV,3,3,11,07,07,300,,28,05,104,23,48,29,248,29*43
$GPRMC,122840.000,A,2632.9381,N,07703.2158,W,0.02,50.35,280324,,,D*41
$GPVTG,50.35,T,,M,0.02,N,0.0,K,D*39
$GPGGA,122845.000,2632.9381,N,07703.2158,W,2,08,1.0,-3.7,M,-33.0,M,3.8,0000*66
$GPGSA,A,3,09,31,27,26,08,04,03,16,,,,,1.8,1.0,1.5*3C
$GPGSV,3,1,11,04,74,275,35,27,65,115,38,16,52,020,42,08,46,182,34*70
$GPGSV,3,2,11,09,34,314,35,31,26,089,37,26,25,047,38,03,15,220,29*72
$GPGSV,3,3,11,07,07,301,22,28,04,105,20,48,29,248,30*49
$GPRMC,122845.000,A,2632.9381,N,07703.2158,W,0.06,323.51,280324,,,D*75
$GPVTG,323.51,T,,M,0.06,N,0.1,K,D*09
$GPGGA,122850.000,2632.9381,N,07703.2159,W,2,08,1.0,-3.3,M,-33.0,M,4.8,0000*60
$GPGSA,A,3,09,31,27,26,08,04,03,16,,,,,1.8,1.0,1.5*3C
$GPGSV,3,1,11,04,74,275,35,27,65,115,38,16,52,020,43,08,46,182,34*71
$GPGSV,3,2,11,09,34,314,35,31,26,089,37,26,25,047,38,03,15,220,29*72
$GPRMC,122850.000,A,2632.9381,N,07703.2159,W,0.06,330.89,280324,,,D*77
$GPVTG,330.89,T,,M,0.06,N,0.1,K,D*0E
$GPGGA,122855.000,2632.9382,N,07703.2159,W,2,08,1.0,-2.7,M,-33.0,M,1.8,0000*66
$GPGSA,A,3,09,31,27,26,08,04,03,16,,,,,1.8,1.0,1.5*3C
$GPGSV,3,1,11,04,74,275,35,27,65,115,38,16,52,020,44,08,46,182,34*76
$GPGSV,3,2,11,09,34,314,36,31,26,089,38,26,25,047,38,03,15,220,28*7F
$GPGSV,3,3,11,07,07,301,,28,04,105,20,48,29,248,31*48
$GPRMC,122855.000,A,2632.9382,N,07703.2159,W,0.02,300.11,280324,,,D*77
$GPGGA,122900.000,2632.9382,N,07703.2159,W,2,08,1.0,-2.4,M,-33.0,M,2.8,0000*67
$GPGSA,A,3,09,31,27,26,08,04,03,16,,,,,1.8,1.0,1.5*3C
$GPGSV,3,1,11,04,74,275,36,27,65,115,38,16,52,020,44,08,46,182,34*75
$GPGSV,3,2,11,09,34,314,36,31,26,089,38,26,25,047,33,03,15,220,27*7B
$GPGSV,3,3,11,07,07,301,,28,04,105,21,48,29,248,31*49
$GPRMC,122900.000,A,2632.9382,N,07703.2159,W,0.04,32.70,280324,,,D*45
$GPVTG,32.70,T,,M,0.04,N,0.1,K,D*3B
$GPGGA,122905.000,2632.9382,N,07703.2160,W,2,08,1.0,-2.0,M,-33.0,M,7.8,0000*69
$GPGSA,A,3,09,31,27,26,08,04,03,16,,,,,1.8,1.0,1.5*3C
$GPGSV,3,1,11,04,74,275,36,27,65,115,38,16,52,020,44,08,46,182,35*74
$GPGSV,3,2,11,09,34,314,36,31,26,089,39,26,25,047,37,03,15,220,27*7E
$GPGSV,3,3,11,07,07,301,,28,04,105,22,48,29,248,30*4B
$GPRMC,122905.000,A,2632.9382,N,07703.2160,W,0.06,100.26,280324,,,D*7B
$GPVTG,100.26,T,,M,0.06,N,0.1,K,D*0A
$GPGGA,122910.000,2632.9383,N,07703.2160,W,2,08,1.0,-1.7,M,-33.0,M,1.8,0000*6E
$GPGSA,A,3,09,31,27,26,08,04,03,16,,,,,1.8,1.0,1.5*3C
$GPGSV,3,1,11,04,74,275,36,27,65,115,38,16,52,020,44,08,46,182,35*74
$GPGSV,3,2,11,09,34,314,36,31,26,089,40,26,25,047,37,03,15,220,28*7F
$GPGSV,3,3,11,07,07,301,,28,04,105,23,48,29,248,30*4A
$GPRMC,122910.000,A,2632.9383,N,07703.2160,W,0.11,79.53,280324,,,D*45
$GPVTG,79.53,T,,M,0.11,N,0.2,K,D*32
$GPGGA,122915.000,2632.9384,N,07703.2159,W,2,08,1.0,-1.5,M,-33.0,M,2.8,0000*67
$GPGSA,A,3,09,31,27,26,08,04,03,16,,,,,1.8,1.0,1.5*3C
$GPGSV,3,1,11,04,74,275,36,27,65,115,39,16,52,020,43,08,46,182,36*71
$GPGSV,3,2,11,09,34,314,36,31,26,089,39,26,25,047,38,03,15,220,22*74
$GPGSV,3,3,11,07,07,301,23,28,04,105,20,48,29,248,29*40
$GPRMC,122915.000,A,2632.9384,N,07703.2159,W,0.26,51.95,280324,,,D*49
$GPVTG,51.95,T,,M,0.26,N,0.5,K,D*31
$GPGGA,122920.000,2632.9385,N,07703.2156,W,2,08,1.0,-1.4,M,-33.0,M,3.8,0000*6F
$GPGSA,A,3,09,31,27,26,08,04,03,16,,,,,1.8,1.0,1.5*3C
$GPGSV,3,1,11,04,74,275,37,27,65,115,39,16,52,020,44,08,46,182,37*76
$GPGSV,3,2,11,09,34,314,37,31,26,089,39,26,25,047,38,03,15,220,22*75
$GPGSV,3,3,11,07,07,301,,28,04,105,22,48,29,248,31*4A
$GPVTG,85.02,T,,M,0.18,N,0.3,K,D*3D
$GPGGA,122925.000,2632.9386,N,07703.2154,W,2,08,1.0,-1.6,M,-33.0,M,1.8,0000*6B
$GPGSA,A,3,09,31,27,26,08,04,03,16,,,,,1.8,1.0,1.5*3C
$GPGSV,3,1,11,04,74,275,36,27,65,115,40,16,52,020,44,08,46,182,37*79
$GPGSV,3,2,11,09,34,314,37,31,26,089,39,26,25,047,38,03,15,220,26*71
$GPGSV,3,3,11,07,07,301,,28,04,105,18,48,29,248,33*41
$GPRMC,122925.000,A,2632.9386,N,07703.2154,W,0.18,60.37,280324,,,D*42
$GPVTG,60.37,T,,M,0.18,N,0.3,K,D*30
$GPGGA,122930.000,2632.9387,N,07703.2152,W,2,08,1.0,-1.7,M,-33.0,M,1.8,0000*69
$GPGSA,A,3,09,31,27,26,08,04,03,16,,,,,1.8,1.0,1.5*3C
$GPGSV,3,1,11,04,74,275,36,27,65,115,40,16,52,020,44,08,46,182,37*79
$GPGSV,3,2,11,09,34,314,37,31,26,089,39,26,25,047,38,03,15,220,20*77
$GPGSV,3,3,11,07,07,301,,28,04,105,20,48,29,248,32*4B
$GPRMC,122930.000,A,2632.9387,N,07703.2152,W,0.17,98.12,280324,,,D*4E
$GPVTG,98.12,T,,M,0.17,N,0.3,K,D*3F
$GPGGA,122935.000,2632.9385,N,07703.2152,W,2,08,1.0,-2.0,M,-33.0,M,1.8,0000*6A
$GPGSA,A,3,09,31,27,26,08,04,03,16,,,,,1.8,1.0,1.5*3C
$GPGSV,3,1,11,04,74,275,36,27,65,115,40,16,52,020,44,08,46,182,37*79
$GPGSV,3,2,11,09,34,314,38,31,26,089,40,26,25,047,37,03,15,220,19*73
$GPGSV,3,3,11,07,07,301,,28,04,105,20,48,29,248,33*4A
$GPRMC,122935.000,A,2632.9385,N,07703.2152,W,0.13,195.71,280324,,,D*74
$GPVTG,195.71,T,,M,0.13,N,0.2,K,D*03
$GPGGA,122940.000,2632.9385,N,07703.2151,W,2,08,1.0,-2.2,M,-33.0,M,4.8,0000*6C
$GPGSA,A,3,09,31,27,26,08,04,03,16,,,,,1.8,1.0,1.5*3C
$GPGSV,3,1,11,04,74,275,36,27,65,115,40,16,52,020,44,08,46,182,37*79
$GPGSV,3,2,11,09,34,314,37,31,26,089,40,26,25,047,38,03,15,220,28*71
$GPGSV,3,3,11,07,07,301,20,28,04,105,20,48,29,248,33*48
$GPRMC,122940.000,A,2632.9385,N,07703.2151,W,0.11,78.68,280324,,,D*4D
$GPVTG,78.68,T,,M,0.11,N,0.2,K,D*3B
$GPGGA,122945.000,2632.9384,N,07703.2150,W,2,08,1.0,-2.3,M,-33.0,M,3.8,0000*6F
$GPGSA,A,3,09,31,27,26,08,04,03,16,,,,,1.8,1.0,1.5*3C
$GPGSV,3,1,11,04,74,275,36,27,65,115,40,16,52,020,44,08,46,182,38*76
$GPGSV,3,2,11,09,34,314,37,31,26,089,39,26,25,047,38,03,15,220,23*74
$GPGSV,3,3,11,07,07,301,20,28,04,105,20,48,29,248,32*49
$GPRMC,122945.000,A,2632.9384,N,07703.2150,W,0.13,120.66,280324,,,D*78
$GPVTG,120.66,T,,M,0.13,N,0.2,K,D*0B
$GPGGA,122950.000,2632.9383,N,07703.2148,W,2,08,1.0,-2.1,M,-33.0,M,2.8,0000*66
$GPGSA,A,3,09,31,27,26,08,04,03,16,,,,,1.8,1.0,1.5*3C
$GPGSV,3,1,11,04,74,275,36,27,65,115,40,16,52,020,44,08,46,182,38*76
$GPGSV,3,2,11,09,34,314,37,31,26,089,39,26,25,047,38,03,15,220,23*74
$GPGSV,3,3,11,07,07,301,18,28,04,105,20,48,29,248,30*40
$GPVTG,63.68,T,,M,0.28,N,0.5,K,D*3C
$GPGGA,122955.000,2632.9384,N,07703.2147,W,2,08,1.0,-2.2,M,-33.0,M,1.8,0000*6B
$GPGSA,A,3,09,31,27,26,08,04,03,16,,,,,1.8,1.0,1.5*3C
$GPGSV,3,1,11,04,74,275,36,27,65,115,40,16,52,020,44,08,46,182,38*76
$GPGSV,3,2,11,09,34,314,37,31,26,089,39,26,25,047,38,03,15,220,24*73
$GPGSV,3,3,11,07,07,301,19,28,04,105,,48,29,248,31*42
$GPRMC,122955.000,A,2632.9384,N,07703.2147,W,0.03,150.97,280324,,,D*77
$GPVTG,150.97,T,,M,0.03,N,0.1,K,D*00
$GPGGA,123000.000,2632.9384,N,07703.2147,W,2,08,1.0,-2.2,M,-33.0,M,1.8,0000*63
$GPGSA,A,3,09,31,27,26,08,04,03,16,,,,,1.8,1.0,1.5*3C
$GPGSV,3,1,11,04,74,275,36,27,65,115,40,16,52,020,43,08,46,182,38*71
$GPGSV,3,2,11,09,34,314,37,31,26,089,39,26,25,047,38,03,15,220,26*71
$GPGSV,3,3,11,07,07,301,19,28,04,105,23,48,29,248,31*43
$GPRMC,123000.000,A,2632.9384,N,07703.2147,W,0.10,55.06,280324,,,D*41
$GPVTG,55.06,T,,M,0.10,N,0.2,K,D*3D
$GPGGA,123005.000,2632.9385,N,07703.2146,W,2,08,1.0,-2.2,M,-33.0,M,1.8,0000*66
$GPGSA,A,3,09,31,27,26,08,04,03,16,,,,,1.8,1.0,1.5*3C
$GPGSV,3,1,11,04,74,275,35,27,65,115,39,16,52,020,44,08,46,182,38*7B
$GPGSV,3,2,11,09,34,314,37,31,26,089,39,26,25,047,38,03,15,220,26*71
$GPGSV,3,3,11,07,07,301,19,28,04,105,,48,29,248,32*41
$GPRMC,123005.000,A,2632.9385,N,07703.2146,W,0.08,42.05,280324,,,D*48
$GPVTG,42.05,T,,M,0.08,N,0.2,K,D*31
$GPGGA,123010.000,2632.9385,N,07703.2147,W,2,08,1.0,-2.2,M,-33.0,M,4.8,0000*66
$GPGSA,A,3,09,31,27,26,08,04,03,16,,,,,1.8,1.0,1.5*3C
$GPGSV,3,1,11,04,74,275,35,27,65,115,38,16,52,020,44,08,46,182,37*75
$GPGSV,3,2,11,09,34,314,36,31,26,089,39,26,25,047,38,03,15,220,27*71
$GPGSV,3,3,11,07,07,301,,28,04,105,,48,29,248,30*4B
$GPRMC,123010.000,A,2632.9385,N,07703.2147,W,0.02,308.06,280324,,,D*79
$GPVTG,308.06,T,,M,0.02,N,0.0,K,D*07
$GPGGA,123015.000,2632.9385,N,07703.2146,W,2,08,1.0,-2.1,M,-33.0,M,1.8,0000*64
$GPGSA,A,3,09,31,27,26,08,04,03,16,,,,,1.8,1.0,1.5*3C
$GPGSV,3,1,11,04,74,272,34,27,65,113,39,16,52,021,43,08,47,182,37*73
$GPGSV,3,2,11,09,34,313,30,31,26,090,38,26,24,047,38,03,14,219,33*76
$GPGSV,3,3,11,07,08,301,,28,04,105,,48,29,248,33*47
$GPRMC,123015.000,A,2632.9385,N,07703.2146,W,0.05,85.63,280324,,,D*4F
$GPVTG,85.63,T,,M,0.05,N,0.1,K,D*34
$GPGGA,123020.000,2632.9385,N,07703.2145,W,2,08,1.0,-1.7,M,-33.0,M,2.8,0000*67
$GPGSA,A,3,09,31,27,26,08,04,03,16,,,,,1.8,1.0,1.5*3C
$GPGSV,3,1,11,04,74,272,34,27,65,113,39,16,52,021,43,08,47,182,38*7C
$GPGSV,3,2,11,09,34,313,30,31,26,090,38,26,24,047,38,03,14,219,33*76
$GPGSV,3,3,11,07,08,301,18,28,04,105,22,48,29,248,34*49
$GPVTG,286.33,T,,M,0.04,N,0.1,K,D*01
$GPGGA,123025.000,2632.9383,N,07703.2147,W,2,08,1.0,-1.2,M,-33.0,M,1.8,0000*60
$GPGSA,A,3,09,31,27,26,08,04,03,16,,,,,1.8,1.0,1.5*3C
$GPGSV,3,1,11,04,74,272,33,27,65,113,40,16,52,021,43,08,47,182,39*74
$GPGSV,3,2,11,09,34,313,33,31,26,090,38,26,24,047,38,03,14,219,34*72
$GPGSV,3,3,11,07,08,301,,28,04,105,23,48,29,248,33*46
$GPRMC,123025.000,A,2632.9383,N,07703.2147,W,0.02,100.12,280324,,,D*76
$GPVTG,100.12,T,,M,0.02,N,0.0,K,D*08
$GPGGA,123030.000,2632.9382,N,07703.2146,W,2,08,1.0,-0.8,M,-33.0,M,0.8,0000*6E
$GPGSA,A,3,09,31,27,26,08,04,03,16,,,,,1.8,1.0,1.5*3C
$GPGSV,3,1,11,04,74,272,33,27,65,113,41,16,52,021,43,08,47,182,39*75
$GPGSV,3,2,11,09,34,313,35,31,26,090,38,26,24,047,38,03,14,219,34*74
$GPGSV,3,3,11,07,08,301,,28,04,105,22,48,29,248,34*40
$GPRMC,123030.000,A,2632.9382,N,07703.2146,W,0.12,159.64,280324,,,D*7E
$GPVTG,159.64,T,,M,0.12,N,0.2,K,D*06
$GPGGA,123035.000,2632.9381,N,07703.2149,W,2,08,1.0,-1.0,M,-33.0,M,1.8,0000*6F
$GPGSA,A,3,09,31,27,26,08,04,03,16,,,,,1.8,1.0,1.5*3C
$GPGSV,3,1,11,04,74,272,33,27,65,113,42,16,52,021,42,08,47,182,39*77
$GPGSV,3,2,11,09,34,313,37,31,26,090,39,26,24,047,37,03,14,219,33*7F
$GPGSV,3,3,11,07,08,301,,28,04,105,23,48,29,248,33*46
$GPRMC,123035.000,A,2632.9381,N,07703.2149,W,0.06,139.93,280324,,,D*7C
$GPVTG,139.93,T,,M,0.06,N,0.1,K,D*0E
$GPGGA,123040.000,2632.9382,N,07703.2149,W,2,08,1.0,-1.1,M,-33.0,M,1.8,0000*6F
$GPGSA,A,3,09,31,27,26,08,04,03,16,,,,,1.8,1.0,1.5*3C
$GPGSV,3,1,11,04,74,272,32,27,65,113,42,16,52,021,41,08,47,182,39*75
$GPGSV,3,2,11,09,34,313,38,31,26,090,40,26,24,047,37,03,14,219,33*7E
$GPGSV,3,3,11,07,08,301,21,28,04,105,23,48,29,248,29*4E
$GPRMC,123040.000,A,2632.9382,N,07703.2149,W,0.11,76.29,280324,,,D*40
$GPVTG,76.29,T,,M,0.11,N,0.2,K,D*30
$GPGGA,123045.000,2632.9382,N,07703.2149,W,2,08,1.0,-1.1,M,-33.0,M,1.8,0000*6A
$GPGSA,A,3,09,31,27,26,08,04,03,16,,,,,1.8,1.0,1.5*3C
$GPGSV,3,1,11,04,74,272,32,27,65,113,42,16,52,021,41,08,47,182,38*74
$GPGSV,3,2,11,09,34,313,38,31,26,090,40,26,24,047,37,03,14,219,34*79
$GPGSV,3,3,11,07,08,301,22,28,04,105,,48,29,248,30*44
$GPRMC,123045.000,A,2632.9382,N,07703.2149,W,0.09,105.92,280324,,,D*79
$GPVTG,105.92,T,,M,0.09,N,0.2,K,D*0C
$GPGGA,123050.000,2632.9381,N,07703.2149,W,2,08,1.0,-0.9,M,-33.0,M,2.8,0000*67
$GPGSA,A,3,09,31,27,26,08,04,03,16,,,,,1.8,1.0,1.5*3C
$GPGSV,3,1,11,04,74,272,32,27,65,113,42,16,52,021,40,08,47,182,38*75
$GPGSV,3,2,11,09,34,313,39,31,26,090,40,26,24,047,37,03,14,219,34*78
$GPGSV,3,3,11,07,08,301,18,28,04,105,,48,29,248,31*4C
$GPVTG,100.96,T,,M,0.06,N,0.1,K,D*01
$GPGGA,123055.000,2632.9381,N,07703.2149,W,2,08,1.0,-0.6,M,-33.0,M,1.8,0000*6E
$GPGSA,A,3,09,31,27,26,08,04,03,16,,,,,1.8,1.0,1.5*3C
$GPGSV,3,1,11,04,74,272,31,27,65,113,41,16,52,021,41,08,47,182,37*7B
$GPGSV,3,2,11,09,34,313,39,31,26,090,40,26,24,047,37,03,14,219,34*78
$GPGSV,3,3,11,07,08,301,,28,04,105,,48,29,248,31*45
$GPRMC,123055.000,A,2632.9381,N,07703.2149,W,0.03,115.57,280324,,,D*79
$GPVTG,115.57,T,,M,0.03,N,0.0,K,D*0C
$GPGGA,123100.000,2632.9380,N,07703.2150,W,2,08,1.0,-0.2,M,-33.0,M,1.8,0000*62
$GPGSA,A,3,09,31,27,26,08,04,03,16,,,,,1.8,1.0,1.5*3C
$GPGSV,3,1,11,04,74,272,31,27,65,113,40,16,52,021,41,08,47,182,37*7A
$GPGSV,3,2,11,09,34,313,38,31,26,090,40,26,24,047,38,03,14,219,34*76
$GPGSV,3,3,11,07,08,301,19,28,04,105,23,48,29,248,31*4C
$GPRMC,123100.000,A,2632.9380,N,07703.2150,W,0.02,315.52,280324,,,D*77
$GPVTG,315.52,T,,M,0.02,N,0.0,K,D*0A
$GPGGA,123105.000,2632.9379,N,07703.2151,W,2,08,1.0,-0.0,M,-33.0,M,1.8,0000*62
$GPGSA,A,3,09,31,27,26,08,04,03,16,,,,,1.8,1.0,1.5*3C
$GPGSV,3,1,11,04,74,272,31,27,65,113,39,16,52,021,41,08,47,182,37*74
$GPGSV,3,2,11,09,34,313,38,31,26,090,40,26,24,047,38,03,14,219,34*76
$GPGSV,3,3,11,07,08,301,20,28,04,105,25,48,29,248,30*41
$GPRMC,123105.000,A,2632.9379,N,07703.2151,W,0.08,149.54,280324,,,D*72
$GPVTG,149.54,T,,M,0.08,N,0.1,K,D*0C
$GPGGA,123110.000,2632.9379,N,07703.2151,W,2,08,1.0,0.2,M,-33.0,M,4.8,0000*4C
$GPGSA,A,3,09,31,27,26,08,04,03,16,,,,,1.8,1.0,1.5*3C
$GPGSV,3,1,11,04,74,272,31,27,65,113,39,16,52,021,41,08,47,182,36*75
$GPGSV,3,2,11,09,34,313,38,31,26,090,39,26,24,047,38,03,14,219,33*7F
$GPGSV,3,3,11,07,08,301,21,28,04,105,25,48,29,248,31*41
$GPRMC,123110.000,A,2632.9379,N,07703.2151,W,0.04,199.95,280324,,,D*7A
$GPVTG,199.95,T,,M,0.04,N,0.1,K,D*00
$GPGGA,123115.000,2632.9378,N,07703.2152,W,2,08,1.0,0.3,M,-33.0,M,3.8,0000*4D
$GPGSA,A,3,09,31,27,26,08,04,03,16,,,,,1.8,1.0,1.5*3C
$GPGSV,3,1,11,04,74,272,32,27,65,113,40,16,52,021,41,08,47,182,36*78
$GPGSV,3,2,11,09,34,313,37,31,26,090,39,26,24,047,38,03,14,219,33*70
$GPGSV,3,3,11,07,08,301,22,28,04,105,21,48,29,248,30*47
$GPRMC,123115.000,A,2632.9378,N,07703.2152,W,0.06,177.22,280324,,,D*73
$GPVTG,177.22,T,,M,0.06,N,0.1,K,D*0E
$GPGGA,123120.000,2632.9377,N,07703.2152,W,2,08,1.0,0.3,M,-33.0,M,3.8,0000*44
$GPGSA,A,3,09,31,27,26,08,04,03,16,,,,,1.8,1.0,1.5*3C
$GPGSV,3,1,11,04,74,272,33,27,65,113,41,16,52,021,41,08,47,182,37*79
$GPGSV,3,2,11,09,34,313,37,31,26,090,39,26,24,047,39,03,14,219,33*71
$GPRMC,123120.000,A,2632.9377,N,07703.2152,W,0.06,166.29,280324,,,D*71
$GPVTG,166.29,T,,M,0.06,N,0.1,K,D*05
$GPGGA,123125.000,2632.9377,N,07703.2153,W,2,08,1.0,0.1,M,-33.0,M,3.8,0000*42
$GPGSA,A,3,09,31,27,26,08,04,03,16,,,,,1.8,1.0,1.5*3C
$GPGSV,3,1,11,04,74,272,33,27,65,113,41,16,52,021,41,08,47,182,38*76
$GPGSV,3,2,11,09,34,313,36,31,26,090,39,26,24,047,39,03,14,219,33*70
$GPGSV,3,3,11,07,08,301,,28,04,105,,48,29,248,28*4D
$GPRMC,123125.000,A,2632.9377,N,07703.2153,W,0.06,229.79,280324,,,D*78
$GPGGA,123130.000,2632.9377,N,07703.2154,W,2,08,1.0,-0.0,M,-33.0,M,1.8,0000*6F
$GPGSA,A,3,09,31,27,26,08,04,03,16,,,,,1.8,1.0,1.5*3C
$GPGSV,3,1,11,04,74,272,32,27,65,113,41,16,52,021,41,08,47,182,38*77
$GPGSV,3,2,11,09,34,313,36,31,26,090,39,26,24,047,38,03,14,219,28*7B
$GPGSV,3,3,11,07,08,301,,28,04,105,23,48,29,248,30*45
$GPRMC,123130.000,A,2632.9377,N,07703.2154,W,0.04,240.14,280324,,,D*7D
$GPVTG,240.14,T,,M,0.04,N,0.1,K,D*0E
$GPGGA,123135.000,2632.9378,N,07703.2155,W,2,08,1.0,0.1,M,-33.0,M,1.8,0000*48
$GPGSA,A,3,09,31,27,26,08,04,03,16,,,,,1.8,1.0,1.5*3C
$GPGSV,3,1,11,04,74,272,29,27,65,113,41,16,52,021,42,08,47,182,38*7E
$GPGSV,3,2,11,09,34,313,36,31,26,090,39,26,24,047,37,03,14,219,29*75
$GPGSV,3,3,11,07,08,301,21,28,04,105,24,48,29,248,30*41
$GPRMC,123135.000,A,2632.9378,N,07703.2155,W,0.03,263.16,280324,,,D*72
$GPVTG,263.16,T,,M,0.03,N,0.0,K,D*0B
$GPGGA,123140.000,2632.9378,N,07703.2155,W,2,08,1.0,0.4,M,-33.0,M,5.8,0000*4B
$GPGSA,A,3,09,31,27,26,08,04,03,16,,,,,1.8,1.0,1.5*3C
$GPGSV,3,1,11,04,74,272,30,27,65,113,41,16,52,021,42,08,47,182,39*77
$GPGSV,3,2,11,09,34,313,36,31,26,090,39,26,24,047,37,03,14,219,29*75
$GPGSV,3,3,11,07,08,301,20,28,04,105,,48,29,248,30*46
$GPRMC,123140.000,A,2632.9378,N,07703.2155,W,0.08,84.02,280324,,,D*45
$GPVTG,84.02,T,,M,0.08,N,0.1,K,D*3F
$GPGGA,123145.000,2632.9377,N,07703.2155,W,2,08,1.0,0.5,M,-33.0,M,3.8,0000*46
$GPGSA,A,3,09,31,27,26,08,04,03,16,,,,,1.8,1.0,1.5*3C
$GPGSV,3,1,11,04,74,272,31,27,65,113,41,16,52,021,42,08,47,182,39*76
$GPGSV,3,2,11,09,34,313,36,31,26,090,39,26,24,047,37,03,14,219,30*7D
$GPGSV,3,3,11,07,08,301,,28,04,105,,48,29,248,26*43
$GPRMC,123145.000,A,2632.9377,N,07703.2155,W,0.09,150.66,280324,,,D*74
$GPVTG,150.66,T,,M,0.09,N,0.2,K,D*07
$GPGGA,123150.000,2632.9377,N,07703.2155,W,2,08,1.0,0.3,M,-33.0,M,2.8,0000*45
$GPGSA,A,3,09,31,27,26,08,04,03,16,,,,,1.8,1.0,1.5*3C
$GPGSV,3,1,11,04,74,272,34,27,65,113,41,16,52,021,41,08,47,182,39*70
$GPGSV,3,2,11,09,34,313,36,31,26,090,39,26,24,047,38,03,14,219,31*73
$GPGSV,3,3,11,07,08,301,24,28,04,105,27,48,29,248,28*4E
$GPVTG,114.43,T,,M,0.05,N,0.1,K,D*0F
$GPGGA,123155.000,2632.9376,N,07703.2154,W,2,08,1.0,0.1,M,-33.0,M,2.8,0000*42
$GPGSA,A,3,09,31,27,26,08,04,03,16,,,,,1.8,1.0,1.5*3C
$GPGSV,3,1,11,04,74,272,35,27,65,113,41,16,52,021,41,08,47,182,39*71
$GPGSV,3,2,11,09,34,313,32,31,26,090,40,26,24,047,33,03,14,219,32*71
$GPGSV,3,3,11,07,08,301,21,28,04,105,24,48,29,248,24*44
$GPRMC,123155.000,A,2632.9376,N,07703.2154,W,0.10,105.29,280324,,,D*76
$GPVTG,105.29,T,,M,0.10,N,0.2,K,D*04
$GPGGA,123200.000,2632.9376,N,07703.2152,W,2,08,1.0,0.1,M,-33.0,M,1.8,0000*44
$GPGSA,A,3,09,31,27,26,08,04,03,16,,,,,1.8,1.0,1.5*3C
$GPGSV,3,1,11,04,74,272,35,27,65,113,41,16,52,021,41,08,47,182,38*70
$GPGSV,3,2,11,09,34,313,37,31,26,090,40,26,24,047,39,03,14,219,32*7E
$GPGSV,3,3,11,07,08,301,22,28,04,105,26,48,29,248,31*41
$GPRMC,123200.000,A,2632.9376,N,07703.2152,W,0.10,79.06,280324,,,D*44
$GPVTG,79.06,T,,M,0.10,N,0.2,K,D*33
$GPGGA,123205.000,2632.9377,N,07703.2151,W,2,08,1.0,-0.1,M,-33.0,M,6.8,0000*69
$GPGSA,A,3,09,31,27,26,08,04,03,16,,,,,1.8,1.0,1.5*3C
$GPGSV,3,1,11,04,74,272,34,27,65,113,41,16,52,021,42,08,47,182,37*7D
$GPGSV,3,2,11,09,34,313,38,31,26,090,40,26,24,047,39,03,14,219,33*70
$GPGSV,3,3,11,07,08,301,22,28,04,105,25,48,29,248,30*43
$GPRMC,123205.000,A,2632.9377,N,07703.2151,W,0.09,87.33,280324,,,D*4C
$GPVTG,87.33,T,,M,0.09,N,0.2,K,D*3C
$GPGGA,123210.000,2632.9377,N,07703.2150,W,2,08,1.0,-0.3,M,-33.0,M,4.8,0000*6C
$GPGSA,A,3,09,31,27,26,08,04,03,16,,,,,1.8,1.0,1.5*3C
$GPGSV,3,1,11,04,74,272,33,27,65,113,40,16,52,021,41,08,47,182,37*78
$GPGSV,3,2,11,09,34,313,38,31,26,090,40,26,24,047,35,03,14,219,33*7C
$GPGSV,3,3,11,07,08,301,,28,04,105,,48,29,248,31*45
$GPRMC,123210.000,A,2632.9377,N,07703.2150,W,0.05,58.78,280324,,,D*48
$GPVTG,58.78,T,,M,0.05,N,0.1,K,D*3E
$GPGGA,123215.000,2632.9378,N,07703.2149,W,2,08,1.0,-0.1,M,-33.0,M,1.8,0000*69
$GPGSA,A,3,09,31,27,26,08,04,03,16,,,,,1.8,1.0,1.5*3C
$GPGSV,3,1,11,04,74,272,33,27,65,113,40,16,52,021,41,08,47,182,37*78
$GPGSV,3,2,11,09,34,313,39,31,26,090,41,26,24,047,30,03,14,219,33*79
$GPGSV,3,3,11,07,08,301,20,28,04,105,,48,29,248,30*46
$GPRMC,123215.000,A,2632.9378,N,07703.2149,W,0.07,60.84,280324,,,D*40
$GPVTG,60.84,T,,M,0.07,N,0.1,K,D*34
$GPGGA,123220.000,2632.9378,N,07703.2149,W,2,08,1.0,0.0,M,-33.0,M,2.8,0000*40
$GPGSA,A,3,09,31,27,26,08,04,03,16,,,,,1.8,1.0,1.5*3C
$GPGSV,3,1,11,04,74,272,33,27,65,113,39,16,52,021,41,08,47,182,38*79
$GPGSV,3,2,11,09,34,313,39,31,26,090,41,26,24,047,30,03,14,219,34*7E
$GPGSV,3,3,11,07,08,301,21,28,04,105,,48,29,248,30*47
$GPVTG,49.76,T,,M,0.05,N,0.1,K,D*30
$GPGGA,123225.000,2632.9379,N,07703.2149,W,2,08,1.0,0.1,M,-33.0,M,1.8,0000*46
$GPGSA,A,3,09,31,27,26,08,04,03,16,,,,,1.8,1.0,1.5*3C
$GPGSV,3,1,11,04,74,272,32,27,65,113,39,16,52,021,41,08,47,182,38*78
$GPGSV,3,2,11,09,34,313,39,31,26,090,41,26,24,047,26,03,14,219,34*79
$GPGSV,3,3,11,07,08,301,21,28,04,105,,48,29,248,30*47
$GPRMC,123225.000,A,2632.9379,N,07703.2149,W,0.02,106.65,280324,,,D*79
$GPVTG,106.65,T,,M,0.02,N,0.0,K,D*0E
$GPGGA,123230.000,2632.9379,N,07703.2149,W,2,08,1.0,0.3,M,-33.0,M,1.8,0000*40
$GPGSA,A,3,09,31,27,26,08,04,03,16,,,,,1.8,1.0,1.5*3C
$GPGSV,3,1,11,04,74,272,32,27,65,113,39,16,52,021,41,08,47,182,38*78
$GPGSV,3,2,11,09,34,313,39,31,26,090,41,26,24,047,32,03,14,219,34*7C
$GPGSV,3,3,11,07,08,301,20,28,04,105,19,48,29,248,31*4F
$GPRMC,123230.000,A,2632.9379,N,07703.2149,W,0.06,318.00,280324,,,D*77
$GPVTG,318.00,T,,M,0.06,N,0.1,K,D*05
$GPGGA,123235.000,2632.9381,N,07703.2150,W,2,08,1.0,0.4,M,-33.0,M,1.8,0000*4D
$GPGSA,A,3,09,31,27,26,08,04,03,16,,,,,1.8,1.0,1.5*3C
$GPGSV,3,1,11,04,74,272,32,27,65,113,40,16,52,021,41,08,47,182,38*76
$GPGSV,3,2,11,09,34,313,39,31,26,090,41,26,24,047,38,03,14,219,34*76
$GPGSV,3,3,11,07,08,301,21,28,04,105,21,48,29,248,29*4C
$GPRMC,123235.000,A,2632.9381,N,07703.2150,W,0.15,327.75,280324,,,D*71
$GPVTG,327.75,T,,M,0.15,N,0.3,K,D*0B
$GPGGA,123240.000,2632.9382,N,07703.2152,W,2,08,1.0,0.4,M,-33.0,M,5.8,0000*4A
$GPGSA,A,3,09,31,27,26,08,04,03,16,,,,,1.8,1.0,1.5*3C
$GPGSV,3,1,11,04,74,272,32,27,65,113,40,16,52,021,42,08,47,182,37*7A
$GPGSV,3,2,11,09,34,313,38,31,26,090,41,26,24,047,36,03,14,219,34*79
$GPGSV,3,3,11,07,08,301,21,28,04,105,26,48,29,248,31*42
$GPRMC,123240.000,A,2632.9382,N,07703.2152,W,0.13,321.15,280324,,,D*74
$GPVTG,321.15,T,,M,0.13,N,0.2,K,D*0C
$GPGGA,123245.000,2632.9383,N,07703.2153,W,2,08,1.0,0.3,M,-33.0,M,3.8,0000*4E
$GPGSA,A,3,09,31,27,26,08,04,03,16,,,,,1.8,1.0,1.5*3C
$GPGSV,3,1,11,04,74,272,32,27,65,113,41,16,52,021,41,08,47,182,37*78
$GPGSV,3,2,11,09,34,313,38,31,26,090,41,26,24,047,37,03,14,219,33*7F
$GPGSV,3,3,11,07,08,301,21,28,04,105,,48,29,248,32*45
$GPRMC,123245.000,A,2632.9383,N,07703.2153,W,0.05,289.12,280324,,,D*72
$GPVTG,289.12,T,,M,0.05,N,0.1,K,D*0C
$GPGGA,123250.000,2632.9384,N,07703.2154,W,2,08,1.0,0.3,M,-33.0,M,2.8,0000*4B
$GPGSA,A,3,09,31,27,26,08,04,03,16,,,,,1.8,1.0,1.5*3C
$GPGSV,3,1,11,04,74,272,32,27,65,113,42,16,52,021,41,08,47,182,37*7B
$GPGSV,3,2,11,09,34,313,37,31,26,090,41,26,24,047,37,03,14,219,34*77
$GPGSV,3,3,11,07,08,301,22,28,04,105,,48,29,248,31*45
$GPVTG,343.79,T,,M,0.02,N,0.0,K,D*00
$GPGGA,123255.000,2632.9383,N,07703.2153,W,2,08,1.0,0.5,M,-33.0,M,1.8,0000*4B
$GPGSA,A,3,09,31,27,26,08,04,03,16,,,,,1.8,1.0,1.5*3C
$GPGSV,3,1,11,04,74,272,31,27,65,113,42,16,52,021,42,08,47,182,36*7A
$GPGSV,3,2,11,09,34,313,37,31,26,090,41,26,24,047,36,03,14,219,34*76
$GPGSV,3,3,11,07,08,301,20,28,04,105,24,48,29,248,30*40
$GPRMC,123255.000,A,2632.9383,N,07703.2153,W,0.12,124.61,280324,,,D*75
$GPVTG,124.61,T,,M,0.12,N,0.2,K,D*09
$GPGGA,123300.000,2632.9383,N,07703.2152,W,2,08,1.0,0.6,M,-33.0,M,1.8,0000*48
$GPGSA,A,3,09,31,27,26,08,04,03,16,,,,,1.8,1.0,1.5*3C
$GPGSV,3,1,11,04,74,272,32,27,65,113,42,16,52,021,42,08,47,182,36*79
$GPGSV,3,2,11,09,34,313,37,31,26,090,41,26,24,047,36,03,14,219,34*76
$GPGSV,3,3,11,07,08,301,22,28,04,105,25,48,29,248,28*4A
$GPRMC,123300.000,A,2632.9383,N,07703.2152,W,0.12,123.73,280324,,,D*71
$GPVTG,123.73,T,,M,0.12,N,0.2,K,D*0D
$GPGGA,123305.000,2632.9382,N,07703.2151,W,2,08,1.0,0.6,M,-33.0,M,1.8,0000*4F
$GPGSA,A,3,09,31,27,26,08,04,03,16,,,,,1.8,1.0,1.5*3C
$GPGSV,3,1,11,04,74,272,31,27,65,113,41,16,52,021,42,08,47,182,37*78
$GPGSV,3,2,11,09,34,313,38,31,26,090,41,26,24,047,36,03,14,219,34*79
$GPGSV,3,3,11,07,08,301,17,28,04,105,,48,29,248,31*43
$GPRMC,123305.000,A,2632.9382,N,07703.2151,W,0.00,260.09,280324,,,D*7C
$GPVTG,260.09,T,,M,0.00,N,0.0,K,D*05
$GPGGA,123310.000,2632.9382,N,07703.2152,W,2,08,1.0,0.8,M,-33.0,M,0.8,0000*47
$GPGSA,A,3,09,31,27,26,08,04,03,16,,,,,1.8,1.0,1.5*3C
$GPGSV,3,1,11,04,74,272,32,27,65,113,41,16,52,021,41,08,47,182,38*77
$GPGSV,3,2,11,09,34,313,39,31,26,090,41,26,24,047,29,03,14,219,34*76
$GPGSV,3,3,11,07,08,301,23,28,04,105,,48,29,248,31*44
$GPRMC,123310.000,A,2632.9382,N,07703.2152,W,0.02,66.81,280324,,,D*4D
$GPVTG,66.81,T,,M,0.02,N,0.0,K,D*33
$GPGGA,123315.000,2632.9383,N,07703.2152,W,2,08,1.0,1.1,M,-33.0,M,1.8,0000*4A
$GPGSA,A,3,09,31,27,26,08,04,03,16,,,,,1.8,1.0,1.5*3C
$GPGSV,3,1,12,04,74,266,31,27,66,110,40,16,50,022,40,08,49,182,40*72
$GPGSV,3,2,12,09,35,312,39,31,25,091,41,26,23,048,27,03,13,218,34*77
$GPGSV,3,3,12,07,08,302,21,28,03,106,,21,00,175,,48,29,248,30*73
$GPRMC,123315.000,A,2632.9383,N,07703.2152,W,0.07,55.90,280324,,,D*4C
$GPVTG,55.90,T,,M,0.07,N,0.1,K,D*37
$GPGGA,123320.000,2632.9383,N,07703.2152,W,2,08,1.0,1.2,M,-33.0,M,2.8,0000*4C
$GPGSA,A,3,09,31,27,26,08,04,03,16,,,,,1.8,1.0,1.5*3C
$GPGSV,3,1,12,04,74,266,31,27,66,110,40,16,50,022,41,08,49,182,40*73
$GPGSV,3,2,12,09,35,312,40,31,25,091,40,26,23,048,30,03,13,218,34*7E
$GPRMC,123320.000,A,2632.9383,N,07703.2152,W,0.07,158.64,280324,,,D*7D
$GPVTG,158.64,T,,M,0.07,N,0.1,K,D*00
$GPGGA,123325.000,2632.9383,N,07703.2151,W,2,08,1.0,1.1,M,-33.0,M,1.8,0000*4A
$GPGSA,A,3,09,31,27,26,08,04,03,16,,,,,1.8,1.0,1.5*3C
$GPGSV,3,1,12,04,74,266,30,27,66,110,40,16,50,022,41,08,49,182,41*73
$GPGSV,3,2,12,09,35,312,40,31,25,091,39,26,23,048,35,03,13,218,30*71
$GPGSV,3,3,12,07,08,302,14,28,03,106,21,21,00,175,,48,29,248,34*72
$GPRMC,123325.000,A,2632.9383,N,07703.2151,W,0.13,54.90,280324,,,D*48
$GPGGA,123330.000,2632.9384,N,07703.2150,W,2,08,1.0,1.3,M,-33.0,M,1.8,0000*4A
$GPGSA,A,3,09,31,27,26,08,04,03,16,,,,,1.8,1.0,1.5*3C
$GPGSV,3,1,12,04,74,266,30,27,66,110,40,16,50,022,41,08,49,182,40*72
$GPGSV,3,2,12,09,35,312,39,31,25,091,38,26,23,048,34,03,13,218,27*79
$GPGSV,3,3,12,07,08,302,22,28,03,106,,21,00,175,,48,29,248,33*73
$GPRMC,123330.000,A,2632.9384,N,07703.2150,W,0.04,44.16,280324,,,D*43
$GPVTG,44.16,T,,M,0.04,N,0.1,K,D*3A
$GPGGA,123335.000,2632.9384,N,07703.2149,W,2,08,1.0,1.2,M,-33.0,M,1.8,0000*46
$GPGSA,A,3,09,31,27,26,08,04,03,16,,,,,1.8,1.0,1.5*3C
$GPGSV,3,1,12,04,74,266,31,27,66,110,40,16,50,022,41,08,49,182,40*73
$GPGSV,3,2,12,09,35,312,34,31,25,091,37,26,23,048,21,03,13,218,28*70
$GPGSV,3,3,12,07,08,302,22,28,03,106,24,21,00,175,,48,29,248,33*75
$GPRMC,123335.000,A,2632.9384,N,07703.2149,W,0.21,77.08,280324,,,D*46
$GPVTG,77.08,T,,M,0.21,N,0.4,K,D*37
$GPGGA,123340.000,2632.9385,N,07703.2148,W,2,08,1.0,0.9,M,-33.0,M,4.8,0000*4B
$GPGSA,A,3,09,31,27,26,08,04,03,16,,,,,1.8,1.0,1.5*3C
$GPGSV,3,1,12,04,74,266,32,27,66,109,41,16,50,022,39,08,49,182,40*76
$GPGSV,3,2,12,09,35,312,33,31,25,091,35,26,23,048,26,03,13,218,34*7F
$GPGSV,3,3,12,07,08,302,22,28,03,106,25,21,00,175,,48,29,248,34*73
$GPRMC,123340.000,A,2632.9385,N,07703.2148,W,0.14,50.83,280324,,,D*44
$GPVTG,50.83,T,,M,0.14,N,0.3,K,D*30
$GPGGA,123345.000,2632.9386,N,07703.2147,W,2,08,1.0,1.0,M,-33.0,M,2.8,0000*4C
$GPGSA,A,3,09,31,27,26,08,04,03,16,,,,,1.8,1.0,1.5*3C
$GPGSV,3,1,12,04,74,265,32,27,66,109,41,16,50,022,38,08,49,182,40*74
$GPGSV,3,2,12,09,35,312,33,31,25,091,35,26,23,048,38,03,13,218,35*71
$GPGSV,3,3,12,07,08,302,18,28,03,106,,21,00,175,,48,29,248,32*7B
$GPRMC,123345.000,A,2632.9386,N,07703.2147,W,0.17,64.28,280324,,,D*48
$GPVTG,64.28,T,,M,0.17,N,0.3,K,D*35
$GPGGA,123350.000,2632.9387,N,07703.2146,W,2,08,1.0,0.9,M,-33.0,M,2.8,0000*40
$GPGSA,A,3,09,31,27,26,08,04,03,16,,,,,1.8,1.0,1.5*3C
$GPGSV,3,1,12,04,74,265,33,27,66,109,42,16,50,022,41,08,49,182,39*76
$GPGSV,3,2,12,09,35,312,32,31,25,091,35,26,23,048,38,03,13,218,35*70
$GPGSV,3,3,12,07,08,302,,28,03,106,,21,00,175,,48,29,248,31*71
$GPRMC,123350.000,A,2632.9387,N,07703.2146,W,0.13,58.30,280324,,,D*4E
$GPVTG,58.30,T,,M,0.13,N,0.2,K,D*36
$GPGGA,123355.000,2632.9387,N,07703.2144,W,2,08,1.0,0.9,M,-33.0,M,1.8,0000*44
$GPGSA,A,3,09,31,27,26,08,04,03,16,,,,,1.8,1.0,1.5*3C
$GPGSV,3,1,12,04,74,265,33,27,66,109,42,16,50,022,42,08,49,182,38*74
$GPGSV,3,2,12,09,35,312,31,31,25,091,36,26,23,048,35,03,13,218,35*7D
$GPGSV,3,3,12,07,08,302,,28,03,106,,21,00,175,,48,29,248,33*73
$GPVTG,96.59,T,,M,0.13,N,0.2,K,D*3B
$GPGGA,123400.000,2632.9387,N,07703.2143,W,2,08,1.0,1.0,M,-33.0,M,1.8,0000*4C
$GPGSA,A,3,09,31,27,26,08,04,03,16,,,,,1.8,1.0,1.5*3C
$GPGSV,3,1,12,04,74,265,34,27,66,109,42,16,50,022,43,08,49,182,38*72
$GPGSV,3,2,12,09,35,312,31,31,25,091,37,26,23,048,33,03,13,218,34*7B
$GPGSV,3,3,12,07,08,302,,28,03,106,,21,00,175,,48,29,248,33*73
$GPRMC,123400.000,A,2632.9387,N,07703.2143,W,0.07,112.33,280324,,,D*70
$GPVTG,112.33,T,,M,0.07,N,0.1,K,D*0C
$GPGGA,123405.000,2632.9387,N,07703.2141,W,2,08,1.0,0.8,M,-33.0,M,1.8,0000*42
$GPGSA,A,3,09,31,27,26,08,04,03,16,,,,,1.8,1.0,1.5*3C
$GPGSV,3,1,12,04,74,265,33,27,66,109,42,16,50,022,43,08,49,182,37*7A
$GPGSV,3,2,12,09,35,312,31,31,25,091,36,26,23,048,35,03,13,218,35*7D
$GPGSV,3,3,12,07,08,302,,28,03,106,,21,00,175,,48,29,248,31*71
$GPRMC,123405.000,A,2632.9387,N,07703.2141,W,0.14,129.72,280324,,,D*78
$GPVTG,129.72,T,,M,0.14,N,0.3,K,D*01
$GPGGA,123410.000,2632.9385,N,07703.2141,W,2,08,1.0,1.1,M,-33.0,M,3.8,0000*4E
$GPGSA,A,3,09,31,27,26,08,04,03,16,,,,,1.8,1.0,1.5*3C
$GPGSV,3,1,12,04,74,265,33,27,66,109,42,16,50,022,42,08,49,182,38*74
$GPGSV,3,2,12,09,35,312,31,31,25,091,36,26,23,048,33,03,13,218,34*7A
$GPGSV,3,3,12,07,08,302,22,28,03,106,24,21,00,175,,48,29,248,34*72
$GPRMC,123410.000,A,2632.9385,N,07703.2141,W,0.10,156.50,280324,,,D*72
$GPVTG,156.50,T,,M,0.10,N,0.2,K,D*0C
$GPGGA,123415.000,2632.9385,N,07703.2140,W,2,08,1.0,0.9,M,-33.0,M,1.8,0000*41
$GPGSA,A,3,09,31,27,26,08,04,03,16,,,,,1.8,1.0,1.5*3C
$GPGSV,3,1,12,04,74,264,32,27,66,108,41,16,50,022,41,08,49,182,38*75
$GPGSV,3,2,12,09,36,312,35,31,25,091,36,26,23,048,35,03,13,218,28*76
$GPGSV,3,3,12,07,09,303,23,28,03,106,,21,00,175,,48,29,248,34*75
$GPRMC,123415.000,A,2632.9385,N,07703.2140,W,0.09,103.81,280324,,,D*72
$GPVTG,103.81,T,,M,0.09,N,0.2,K,D*08
$GPGGA,123420.000,2632.9385,N,07703.2140,W,2,08,1.0,1.0,M,-33.0,M,2.8,0000*4C
$GPGSA,A,3,09,31,27,26,08,04,03,16,,,,,1.8,1.0,1.5*3C
$GPGSV,3,1,12,04,74,264,32,27,66,108,41,16,50,022,41,08,49,182,39*74
$GPGSV,3,2,12,09,36,312,39,31,25,091,36,26,23,048,39,03,13,218,29*77
$GPGSV,3,3,12,07,09,303,22,28,03,106,,21,00,175,,48,29,248,30*70
$GPRMC,123420.000,A,2632.9385,N,07703.2140,W,0.08,147.71,280324,,,D*7A
$GPVTG,147.71,T,,M,0.08,N,0.2,K,D*06
$GPGGA,123425.000,2632.9384,N,07703.2140,W,2,08,1.0,1.0,M,-33.0,M,1.8,0000*4B
$GPGSA,A,3,09,31,27,26,08,04,03,16,,,,,1.8,1.0,1.5*3C
$GPGSV,3,1,12,04,74,264,32,27,66,108,41,16,50,022,42,08,49,182,40*79
$GPGSV,3,2,12,09,36,312,40,31,25,091,37,26,23,048,33,03,13,218,29*72
$GPGSV,3,3,12,07,09,303,13,28,03,106,,21,00,175,,48,29,248,29*7A
$GPRMC,123425.000,A,2632.9384,N,07703.2140,W,0.08,104.38,280324,,,D*74
$GPVTG,104.38,T,,M,0.08,N,0.2,K,D*0C
$GPGGA,123430.000,2632.9383,N,07703.2139,W,2,08,1.0,0.5,M,-33.0,M,6.8,0000*45
$GPGSA,A,3,09,31,27,26,08,04,03,16,,,,,1.8,1.0,1.5*3C
$GPGSV,3,1,12,04,74,264,32,27,66,108,40,16,50,022,42,08,49,182,40*78
$GPGSV,3,2,12,09,36,312,39,31,25,091,37,26,23,048,30,03,13,218,29*7F
$GPGSV,3,3,12,07,09,303,,28,03,106,,21,00,175,,48,29,248,27*76
$GPVTG,98.90,T,,M,0.10,N,0.2,K,D*33
$GPGGA,123435.000,2632.9383,N,07703.2139,W,2,08,1.0,0.4,M,-33.0,M,5.8,0000*42
$GPGSA,A,3,09,31,27,26,08,04,03,16,,,,,1.8,1.0,1.5*3C
$GPGSV,3,1,12,04,74,264,33,27,66,108,40,16,50,022,41,08,49,182,41*7B
$GPGSV,3,2,12,09,36,312,39,31,25,091,38,26,23,048,36,03,13,218,29*76
$GPGSV,3,3,12,07,09,303,21,28,03,106,,21,00,175,,48,29,248,24*76
$GPRMC,123435.000,A,2632.9383,N,07703.2139,W,0.11,117.62,280324,,,D*79
$GPVTG,117.62,T,,M,0.11,N,0.2,K,D*09
$GPGGA,123440.000,2632.9383,N,07703.2137,W,2,08,1.0,0.2,M,-33.0,M,10.8,0000*7C
$GPGSA,A,3,09,31,27,26,08,04,03,16,,,,,1.8,1.0,1.4*3D
$GPGSV,3,1,11,04,74,264,33,27,66,108,41,16,50,022,40,08,49,182,41*78
$GPGSV,3,2,11,09,36,312,35,31,25,091,38,26,23,048,36,03,13,218,29*79
$GPGSV,3,3,11,07,09,303,22,28,03,106,,21,00,175,*49
$GPRMC,123440.000,A,2632.9383,N,07703.2137,W,0.12,104.40,280324,,,D*74
$GPVTG,104.40,T,,M,0.12,N,0.2,K,D*08
$GPGGA,123445.000,2632.9382,N,07703.2137,W,2,08,1.0,0.0,M,-33.0,M,15.8,0000*7F
$GPGSA,A,3,09,31,27,26,08,04,03,16,,,,,1.8,1.0,1.4*3D
$GPGSV,3,1,12,04,74,263,33,27,66,108,40,16,50,022,37,08,49,182,41*7D
$GPGSV,3,2,12,09,36,312,36,31,25,091,38,26,23,048,36,03,13,218,29*79
$GPGSV,3,3,12,07,09,303,14,28,03,107,,21,00,175,,46,25,250,27*79
$GPRMC,123445.000,A,2632.9382,N,07703.2137,W,0.13,93.51,280324,,,D*4E
$GPVTG,93.51,T,,M,0.13,N,0.2,K,D*36
$GPGGA,123450.000,2632.9382,N,07703.2137,W,1,08,1.0,-0.1,M,-33.0,M,,0000*46
$GPGSA,A,3,09,31,27,26,08,04,03,16,,,,,1.8,1.0,1.4*3D
$GPGSV,3,1,12,04,74,263,33,27,66,108,35,16,50,022,38,08,49,182,41*70
$GPGSV,3,2,12,09,36,312,36,31,25,091,31,26,23,048,30,03,13,218,36*78
$GPGSV,3,3,12,07,09,303,20,28,03,107,21,21,00,175,,46,25,250,25*7F
$GPRMC,123450.000,A,2632.9382,N,07703.2137,W,0.10,54.50,280324,,,A*46
$GPVTG,54.50,T,,M,0.10,N,0.2,K,A*3A
$GPGGA,123455.000,2632.9383,N,07703.2136,W,1,08,1.0,0.1,M,-33.0,M,,0000*6E
$GPGSA,A,3,09,31,27,26,08,04,03,16,,,,,1.8,1.0,1.4*3D
$GPGSV,3,1,12,04,74,263,28,27,66,108,36,16,50,022,35,08,49,182,39*7B
$GPGSV,3,2,12,09,36,312,27,31,25,091,32,26,23,048,30,03,13,218,36*7B
$GPGSV,3,3,12,07,09,303,19,28,03,107,23,21,00,175,,46,25,250,33*70
$GPRMC,123455.000,A,2632.9383,N,07703.2136,W,0.10,6.31,280324,,,A*73
$GPVTG,6.31,T,,M,0.10,N,0.2,K,A*0A
$GPGGA,123500.000,2632.9382,N,07703.2132,W,1,08,1.0,-0.8,M,-33.0,M,,0000*4E
$GPGSA,A,3,09,31,27,26,08,04,03,16,,,,,1.8,1.0,1.4*3D
$GPGSV,3,1,12,04,74,263,26,27,66,108,39,16,50,022,33,08,49,182,40*72
$GPGSV,3,2,12,09,36,312,30,31,25,091,33,26,23,048,30,03,13,218,36*7C
$GPGSV,3,3,12,07,09,303,16,28,03,107,,21,00,175,,46,25,250,28*74
$GPRMC,123500.000,A,2632.9382,N,07703.2132,W,0.53,88.51,280324,,,A*40
$GPVTG,88.51,T,,M,0.53,N,1.0,K,A*3E
$GPGGA,123505.000,2632.9383,N,07703.2130,W,1,08,1.0,-1.2,M,-33.0,M,,0000*43
$GPGSA,A,3,09,31,27,26,08,04,03,16,,,,,1.8,1.0,1.4*3D
$GPGSV,3,1,12,04,74,263,34,27,66,108,39,16,50,022,39,08,49,182,40*7B
$GPGSV,3,2,12,09,36,312,35,31,25,091,34,26,23,048,31,03,13,218,27*7F
$GPGSV,3,3,12,07,09,303,17,28,03,107,,21,00,175,,46,25,250,24*79
$GPVTG,77.36,T,,M,0.06,N,0.1,K,A*3F
$GPGGA,123510.000,2632.9383,N,07703.2130,W,1,08,1.0,-1.7,M,-33.0,M,,0000*42
$GPGSA,A,3,09,31,27,26,08,04,03,16,,,,,1.8,1.0,1.4*3D
$GPGSV,3,1,11,04,74,263,34,27,66,108,39,16,50,022,40,08,49,182,40*76
$GPGSV,3,2,11,09,36,312,35,31,25,091,35,26,23,048,32,03,13,218,28*71
$GPGSV,3,3,11,07,09,303,17,28,03,107,,21,00,175,*4E
$GPRMC,123510.000,A,2632.9383,N,07703.2130,W,0.06,83.46,280324,,,A*4F
$GPVTG,83.46,T,,M,0.06,N,0.1,K,A*33
$GPGGA,123515.000,2632.9384,N,07703.2130,W,1,08,1.0,-1.9,M,-33.0,M,,0000*4E
$GPGSA,A,3,09,31,27,26,08,04,03,16,,,,,1.8,1.0,1.4*3D
$GPGSV,3,1,11,04,74,262,34,27,66,107,39,16,50,023,42,08,50,182,40*73
$GPGSV,3,2,11,09,36,312,34,31,25,092,36,26,23,048,32,03,13,218,30*79
$GPGSV,3,3,11,07,09,303,16,28,03,107,,21,00,175,*4F
$GPRMC,123515.000,A,2632.9384,N,07703.2130,W,0.02,13.01,280324,,,A*43
$GPVTG,13.01,T,,M,0.02,N,0.0,K,A*3C
$GPGGA,123520.000,2632.9384,N,07703.2131,W,1,08,1.0,-1.6,M,-33.0,M,,0000*46
$GPGSA,A,3,09,31,27,26,08,04,03,16,,,,,1.8,1.0,1.4*3D
$GPGSV,3,1,11,04,74,262,33,27,66,107,40,16,50,023,42,08,50,182,40*7A
$GPGSV,3,2,11,09,36,312,29,31,25,092,36,26,23,048,31,03,13,218,30*76
$GPGSV,3,3,11,07,09,303,15,28,03,107,23,21,00,175,*4D
$GPRMC,123520.000,A,2632.9384,N,07703.2131,W,0.02,330.77,280324,,,A*77
$GPVTG,330.77,T,,M,0.02,N,0.0,K,A*0F
$GPGGA,123525.000,2632.9384,N,07703.2132,W,1,08,1.0,-1.5,M,-33.0,M,,0000*43
$GPGSA,A,3,09,31,27,26,08,04,03,16,,,,,1.8,1.0,1.4*3D
$GPGSV,3,1,11,04,74,262,34,27,66,107,40,16,50,023,41,08,50,182,39*70
$GPGSV,3,2,11,09,36,312,29,31,25,092,37,26,23,048,31,03,13,218,25*73
$GPGSV,3,3,11,07,09,303,15,28,03,107,24,21,00,175,*4A
$GPRMC,123525.000,A,2632.9384,N,07703.2132,W,0.06,264.96,280324,,,A*7A
$GPVTG,264.96,T,,M,0.06,N,0.1,K,A*05
$GPGGA,123530.000,2632.9384,N,07703.2133,W,1,08,1.0,-1.3,M,-33.0,M,,0000*40
$GPGSA,A,3,09,31,27,26,08,04,03,16,,,,,1.8,1.0,1.4*3D
$GPGSV,3,1,11,04,74,262,35,27,66,107,41,16,50,023,41,08,50,182,39*70
$GPGSV,3,2,11,09,36,312,33,31,25,092,37,26,23,048,32,03,13,218,26*78
$GPGSV,3,3,11,07,09,303,27,28,03,107,24,21,00,175,*4B
$GPRMC,123530.000,A,2632.9384,N,07703.2133,W,0.06,42.24,280324,,,A*40
$GPVTG,42.24,T,,M,0.06,N,0.1,K,A*3A
$GPGGA,123535.000,2632.9384,N,07703.2134,W,1,08,1.0,-1.1,M,-33.0,M,,0000*40
$GPGSA,A,3,09,31,27,26,08,04,03,16,,,,,1.8,1.0,1.4*3D
$GPGSV,3,1,11,04,74,262,36,27,66,107,41,16,50,023,40,08,50,182,39*72
$GPGSV,3,2,11,09,36,312,33,31,25,092,37,26,23,048,33,03,13,218,26*79
$GPGSV,3,3,11,07,09,303,27,28,03,107,17,21,00,175,*4B
$GPVTG,272.97,T,,M,0.05,N,0.1,K,A*00
$GPGGA,123540.000,2632.9383,N,07703.2135,W,1,08,1.0,-1.2,M,-33.0,M,,0000*47
$GPGSA,A,3,09,31,27,26,08,04,03,16,,,,,1.8,1.0,1.4*3D
$GPGSV,3,1,11,04,74,262,36,27,66,107,41,16,50,023,39,08,50,182,40*72
$GPGSV,3,2,11,09,36,312,33,31,25,092,38,26,23,048,28,03,13,218,27*7D
$GPGSV,3,3,11,07,09,303,22,28,03,107,26,21,00,175,*4C
$GPRMC,123540.000,A,2632.9383,N,07703.2135,W,0.08,263.92,280324,,,A*74
$GPVTG,263.92,T,,M,0.08,N,0.1,K,A*08
$GPGGA,123545.000,2632.9382,N,07703.2136,W,1,08,1.0,-1.1,M,-33.0,M,,0000*43
$GPGSA,A,3,09,31,27,26,08,04,03,16,,,,,1.8,1.0,1.4*3D
$GPGSV,3,1,11,04,74,261,35,27,66,106,41,08,50,182,40,16,49,023,39*7B
$GPGSV,3,2,11,09,36,312,31,31,24,092,38,26,22,049,29,03,13,217,28*7F
$GPGSV,3,3,11,07,09,303,27,28,02,107,26,21,00,175,*48
$GPRMC,123545.000,A,2632.9382,N,07703.2136,W,0.04,188.20,280324,,,A*70
$GPVTG,188.20,T,,M,0.04,N,0.1,K,A*0B
$GPGGA,123550.000,2632.9381,N,07703.2136,W,1,08,1.0,-1.0,M,-33.0,M,,0000*45
$GPGSA,A,3,09,31,27,26,08,04,03,16,,,,,1.8,1.0,1.4*3D
$GPGSV,3,1,11,04,74,261,35,27,66,106,42,08,50,182,40,16,49,023,39*78
$GPGSV,3,2,11,09,36,312,31,31,24,092,38,26,22,049,31,03,13,217,28*76
$GPGSV,3,3,11,07,09,303,27,28,02,107,24,21,00,175,*4A
$GPRMC,123550.000,A,2632.9381,N,07703.2136,W,0.05,150.73,280324,,,A*75
$GPVTG,150.73,T,,M,0.05,N,0.1,K,A*09
$GPGGA,123555.000,2632.9380,N,07703.2136,W,1,08,1.0,-0.9,M,-33.0,M,,0000*49
$GPGSA,A,3,09,31,27,26,08,04,03,16,,,,,1.8,1.0,1.4*3D
$GPGSV,3,1,11,04,74,261,35,27,66,106,42,08,50,182,40,16,49,023,39*78
$GPGSV,3,2,11,09,36,312,31,31,24,092,38,26,22,049,32,03,13,217,27*7A
$GPGSV,3,3,11,07,09,303,27,28,02,107,25,21,00,175,*4B
$GPRMC,123555.000,A,2632.9380,N,07703.2136,W,0.09,152.95,280324,,,A*77
$GPVTG,152.95,T,,M,0.09,N,0.2,K,A*0C
$GPGGA,123600.000,2632.9378,N,07703.2134,W,1,08,1.0,-0.8,M,-33.0,M,,0000*4E
$GPGSA,A,3,09,31,27,26,08,04,03,16,,,,,1.8,1.0,1.4*3D
$GPGSV,3,1,11,04,74,261,35,27,66,106,42,08,50,182,40,16,49,023,39*78
$GPGSV,3,2,11,09,36,312,27,31,24,092,38,26,22,049,32,03,13,217,28*72
$GPRMC,123600.000,A,2632.9378,N,07703.2134,W,0.06,128.82,280324,,,A*75
$GPVTG,128.82,T,,M,0.06,N,0.1,K,A*0B
$GPGGA,123605.000,2632.9377,N,07703.2134,W,1,08,1.0,-0.8,M,-33.0,M,,0000*44
$GPGSA,A,3,09,31,27,26,08,04,03,16,,,,,1.8,1.0,1.4*3D
$GPGSV,3,1,11,04,74,261,36,27,66,106,42,08,50,182,40,16,49,023,39*7B
$GPGSV,3,2,11,09,36,312,27,31,24,092,38,26,22,049,31,03,13,217,28*71
$GPGSV,3,3,11,07,09,303,12,28,02,107,,21,00,175,18*43
$GPRMC,123605.000,A,2632.9377,N,07703.2134,W,0.08,127.62,280324,,,A*70
$GPGGA,123610.000,2632.9376,N,07703.2134,W,1,08,1.0,-0.8,M,-33.0,M,,0000*41
$GPGSA,A,3,09,31,27,26,08,04,03,16,,,,,1.8,1.0,1.4*3D
$GPGSV,3,1,11,04,74,261,36,27,66,106,42,08,50,182,39,16,49,023,38*74
$GPGSV,3,2,11,09,36,312,28,31,24,092,38,26,22,049,30,03,12,217,29*7F
$GPGSV,3,3,11,07,09,303,14,28,02,107,24,21,00,175,19*42
$GPRMC,123610.000,A,2632.9376,N,07703.2134,W,0.05,117.32,280324,,,A*7E
$GPVTG,117.32,T,,M,0.05,N,0.1,K,A*0F
$GPGGA,123615.000,2632.9376,N,07703.2133,W,1,08,1.0,-0.8,M,-33.0,M,,0000*43
$GPGSA,A,3,09,31,27,26,08,04,03,16,,,,,1.8,1.0,1.4*3D
$GPGSV,3,1,11,04,74,261,37,27,66,106,42,08,50,182,39,16,49,023,38*75
$GPGSV,3,2,11,09,36,312,29,31,24,092,38,26,22,049,29,03,12,217,28*77
$GPGSV,3,3,11,07,09,303,16,28,02,107,24,21,00,175,19*40
$GPRMC,123615.000,A,2632.9376,N,07703.2133,W,0.04,65.70,280324,,,A*4F
$GPVTG,65.70,T,,M,0.04,N,0.1,K,A*3C
$GPGGA,123620.000,2632.9375,N,07703.2133,W,1,08,1.0,-0.8,M,-33.0,M,,0000*46
$GPGSA,A,3,09,31,27,26,08,04,03,16,,,,,1.8,1.0,1.4*3D
$GPGSV,3,1,11,04,74,261,37,27,66,106,42,08,50,182,39,16,49,023,38*75
$GPGSV,3,2,11,09,36,312,30,31,24,092,38,26,22,049,29,03,12,217,29*7E
$GPGSV,3,3,11,07,09,303,15,28,02,107,,21,00,175,18*44
$GPRMC,123620.000,A,2632.9375,N,07703.2133,W,0.04,72.07,280324,,,A*4C
$GPVTG,72.07,T,,M,0.04,N,0.1,K,A*3A
$GPGGA,123625.000,2632.9375,N,07703.2133,W,1,08,1.0,-0.9,M,-33.0,M,,0000*42
$GPGSA,A,3,09,31,27,26,08,04,03,16,,,,,1.8,1.0,1.4*3D
$GPGSV,3,1,11,04,74,261,37,27,66,106,42,08,50,182,39,16,49,023,38*75
$GPGSV,3,2,11,09,36,312,31,31,24,092,38,26,22,049,29,03,12,217,28*7E
$GPGSV,3,3,11,07,09,303,,28,02,107,,21,00,175,16*4E
$GPRMC,123625.000,A,2632.9375,N,07703.2133,W,0.06,55.65,280324,,,A*4A
$GPVTG,55.65,T,,M,0.06,N,0.1,K,A*39
$GPGGA,123630.000,2632.9375,N,07703.2132,W,1,08,1.0,-0.9,M,-33.0,M,,0000*47
$GPGSA,A,3,09,31,27,26,08,04,03,16,,,,,1.8,1.0,1.4*3D
$GPGSV,3,1,11,04,74,261,37,27,66,106,42,08,50,182,39,16,49,023,38*75
$GPGSV,3,2,11,09,36,312,32,31,24,092,38,26,22,049,30,03,12,217,28*75
$GPGSV,3,3,11,07,09,303,,28,02,107,,21,00,175,*49
$GPVTG,23.35,T,,M,0.08,N,0.2,K,A*30
$GPGGA,123635.000,2632.9375,N,07703.2132,W,1,08,1.0,-0.9,M,-33.0,M,,0000*42
$GPGSA,A,3,09,31,27,26,08,04,03,16,,,,,1.8,1.0,1.4*3D
$GPGSV,3,1,11,04,74,261,37,27,66,106,42,08,50,182,39,16,49,023,39*74
$GPGSV,3,2,11,09,36,312,32,31,24,092,38,26,22,049,30,03,12,217,28*75
$GPGSV,3,3,11,07,09,303,22,28,02,107,,21,00,175,*49
$GPRMC,123635.000,A,2632.9375,N,07703.2132,W,0.07,17.57,280324,,,A*4C
$GPVTG,17.57,T,,M,0.07,N,0.1,K,A*3F
$GPGGA,123640.000,2632.9375,N,07703.2132,W,1,08,1.0,-0.9,M,-33.0,M,,0000*40
$GPGSA,A,3,09,31,27,26,08,04,03,16,,,,,1.8,1.0,1.4*3D
$GPGSV,3,1,11,04,74,260,37,27,66,105,42,08,50,182,39,16,49,023,38*77
$GPGSV,3,2,11,09,37,311,33,31,24,092,38,26,22,049,29,03,12,217,28*7E
$GPGSV,3,3,11,07,09,303,23,28,02,107,,21,00,174,*49
$GPRMC,123640.000,A,2632.9375,N,07703.2132,W,0.12,19.99,280324,,,A*46
$GPVTG,19.99,T,,M,0.12,N,0.2,K,A*34
$GPGGA,123645.000,2632.9376,N,07703.2132,W,1,08,1.0,-0.8,M,-33.0,M,,0000*47
$GPGSA,A,3,09,31,27,26,08,04,03,16,,,,,1.8,1.0,1.4*3D
$GPGSV,3,1,11,04,74,260,37,27,66,105,42,08,50,182,39,16,49,023,38*77
$GPGSV,3,2,11,09,37,311,33,31,24,092,38,26,22,049,29,03,12,217,28*7E
$GPGSV,3,3,11,07,09,303,23,28,02,107,,21,00,174,*49
$GPRMC,123645.000,A,2632.9376,N,07703.2132,W,0.11,25.53,280324,,,A*4A
$GPVTG,25.53,T,,M,0.11,N,0.2,K,A*3E
$GPGGA,123650.000,2632.9377,N,07703.2131,W,1,08,1.0,-0.7,M,-33.0,M,,0000*4E
$GPGSA,A,3,09,31,27,26,08,04,03,16,,,,,1.8,1.0,1.4*3D
$GPGSV,3,1,11,04,74,260,37,27,66,105,42,08,50,182,39,16,49,023,38*77
$GPGSV,3,2,11,09,37,311,32,31,24,092,38,26,22,049,29,03,12,217,27*70
$GPGSV,3,3,11,07,09,303,22,28,02,107,,21,00,174,*48
$GPRMC,123650.000,A,2632.9377,N,07703.2131,W,0.07,3.82,280324,,,A*73
$GPVTG,3.82,T,,M,0.07,N,0.1,K,A*02
$GPGGA,123655.000,2632.9377,N,07703.2131,W,1,08,1.0,-0.7,M,-33.0,M,,0000*4B
$GPGSA,A,3,09,31,27,26,08,04,03,16,,,,,1.8,1.0,1.4*3D
$GPGSV,3,1,11,04,74,260,37,27,66,105,42,08,50,182,39,16,49,023,39*76
$GPGSV,3,2,11,09,37,311,32,31,24,092,38,26,22,049,29,03,12,217,27*70
$GPGSV,3,3,11,07,09,303,22,28,02,107,,21,00,174,*48
$GPRMC,123655.000,A,2632.9377,N,07703.2131,W,0.09,29.24,280324,,,A*4C
$GPVTG,29.24,T,,M,0.09,N,0.2,K,A*3B
$GPGGA,123700.000,2632.9377,N,07703.2131,W,1,08,1.0,-0.7,M,-33.0,M,,0000*4A
$GPGSA,A,3,09,31,27,26,08,04,03,16,,,,,1.8,1.0,1.4*3D
$GPGSV,3,1,11,04,74,260,37,27,66,105,42,08,50,182,39,16,49,023,39*76
$GPGSV,3,2,11,09,37,311,33,31,24,092,38,26,22,049,30,03,12,217,27*79
$GPGSV,3,3,11,07,09,303,22,28,02,107,22,21,00,174,*48
$GPRMC,123700.000,A,2632.9377,N,07703.2131,W,0.07,47.57,280324,,,A*4F
$GPGGA,123705.000,2632.9377,N,07703.2130,W,1,08,1.0,-0.7,M,-33.0,M,,0000*4E
$GPGSA,A,3,09,31,27,26,08,04,03,16,,,,,1.8,1.0,1.4*3D
$GPGSV,3,1,11,04,74,260,37,27,66,105,42,08,50,182,39,16,49,023,39*76
$GPGSV,3,2,11,09,37,311,33,31,24,092,38,26,22,049,32,03,12,217,23*7F
$GPGSV,3,3,11,07,09,303,20,28,02,107,24,21,00,174,*4C
$GPRMC,123705.000,A,2632.9377,N,07703.2130,W,0.04,133.58,280324,,,A*75
$GPVTG,133.58,T,,M,0.04,N,0.1,K,A*04
$GPGGA,123710.000,2632.9376,N,07703.2130,W,1,08,1.0,-0.9,M,-33.0,M,,0000*45
$GPGSA,A,3,09,31,27,26,08,04,03,16,,,,,1.8,1.0,1.4*3D
$GPGSV,3,1,11,04,74,260,37,27,66,105,42,08,50,182,39,16,49,023,40*78
$GPGSV,3,2,11,09,37,311,33,31,24,092,38,26,22,049,33,03,12,217,23*7E
$GPGSV,3,3,11,07,09,303,25,28,02,107,,21,00,174,*4F
$GPRMC,123710.000,A,2632.9376,N,07703.2130,W,0.10,97.99,280324,,,A*47
$GPVTG,97.99,T,,M,0.10,N,0.2,K,A*30
$GPGGA,123715.000,2632.9375,N,07703.2129,W,1,08,1.0,-1.0,M,-33.0,M,,0000*43
$GPGSA,A,3,09,31,27,26,08,04,03,16,,,,,1.8,1.0,1.4*3D
$GPGSV,3,1,11,04,74,260,37,27,66,105,42,08,50,182,40,16,49,023,40*76
$GPGSV,3,2,11,09,37,311,33,31,24,092,37,26,22,049,33,03,12,217,28*7A
$GPGSV,3,3,11,07,09,303,18,28,02,107,23,21,00,174,*40
$GPRMC,123715.000,A,2632.9375,N,07703.2129,W,0.09,128.39,280324,,,A*7E
$GPVTG,128.39,T,,M,0.09,N,0.2,K,A*07
$GPGGA,123720.000,2632.9373,N,07703.2129,W,1,08,1.0,-1.1,M,-33.0,M,,0000*42
$GPGSA,A,3,09,31,27,26,08,04,03,16,,,,,1.8,1.0,1.4*3D
$GPGSV,3,1,11,04,74,260,38,27,66,105,42,08,50,182,40,16,49,023,40*79
$GPGSV,3,2,11,09,37,311,33,31,24,092,37,26,22,049,33,03,12,217,28*7A
$GPGSV,3,3,11,07,09,303,17,28,02,107,24,21,00,174,*48
$GPRMC,123720.000,A,2632.9373,N,07703.2129,W,0.07,136.35,280324,,,A*73
$GPVTG,136.35,T,,M,0.07,N,0.1,K,A*09
$GPGGA,123725.000,2632.9372,N,07703.2129,W,1,08,1.0,-1.2,M,-33.0,M,,0000*45
$GPGSA,A,3,09,31,27,26,08,04,03,16,,,,,1.8,1.0,1.4*3D
$GPGSV,3,1,11,04,74,260,38,27,66,105,42,08,50,182,40,16,49,023,40*79
$GPGSV,3,2,11,09,37,311,32,31,24,092,37,26,22,049,33,03,12,217,27*74
$GPGSV,3,3,11,07,09,303,18,28,02,107,23,21,00,174,*40
$GPRMC,123725.000,A,2632.9372,N,07703.2129,W,0.05,149.51,280324,,,A*7F
$GPVTG,149.51,T,,M,0.05,N,0.1,K,A*01
$GPGGA,123730.000,2632.9371,N,07703.2129,W,1,08,1.0,-1.2,M,-33.0,M,,0000*42
$GPGSA,A,3,09,31,27,26,08,04,03,16,,,,,1.8,1.0,1.4*3D
$GPGSV,3,1,11,04,74,260,38,27,66,105,42,08,50,182,40,16,49,023,39*77
$GPGSV,3,2,11,09,37,311,31,31,24,092,37,26,22,049,33,03,12,217,27*77
$GPGSV,3,3,11,07,09,303,19,28,02,107,,21,00,174,*40
$GPVTG,172.02,T,,M,0.05,N,0.1,K,A*0F
$GPGGA,123735.000,2632.9370,N,07703.2130,W,1,08,1.0,-1.2,M,-33.0,M,,0000*4E
$GPGSA,A,3,09,31,27,26,08,04,03,16,,,,,1.8,1.0,1.4*3D
$GPGSV,3,1,11,04,74,260,38,27,66,105,42,08,50,182,39,16,49,023,39*79
$GPGSV,3,2,11,09,37,311,30,31,24,092,38,26,22,049,34,03,12,217,27*7E
$GPGSV,3,3,11,07,09,303,20,28,02,107,,21,00,174,*4A
$GPRMC,123735.000,A,2632.9370,N,07703.2130,W,0.06,200.72,280324,,,A*78
$GPVTG,200.72,T,,M,0.06,N,0.1,K,A*0D
$GPGGA,123740.000,2632.9369,N,07703.2130,W,1,08,1.0,-1.3,M,-33.0,M,,0000*45
$GPGSA,A,3,09,31,27,26,08,04,03,16,,,,,1.8,1.0,1.4*3D
$GPGSV,3,1,11,04,74,260,38,27,66,105,42,08,50,182,40,16,49,023,39*77
$GPGSV,3,2,11,09,37,311,30,31,24,092,38,26,22,049,34,03,12,217,26*7F
$GPGSV,3,3,11,07,09,303,20,28,02,107,,21,00,174,*4A
$GPRMC,123740.000,A,2632.9369,N,07703.2130,W,0.04,169.21,280324,,,A*7A
$GPVTG,169.21,T,,M,0.04,N,0.1,K,A*05
$GPGGA,123745.000,2632.9369,N,07703.2131,W,1,08,1.0,-1.3,M,-33.0,M,,0000*41
$GPGSA,A,3,09,31,27,26,08,04,03,16,,,,,1.8,1.0,1.4*3D
$GPGSV,3,1,11,04,74,260,38,27,66,105,42,08,50,182,40,16,49,023,39*77
$GPGSV,3,2,11,09,37,311,30,31,24,092,38,26,22,049,34,03,12,217,26*7F
$GPGSV,3,3,11,07,09,303,20,28,02,107,22,21,00,174,*4A
$GPRMC,123745.000,A,2632.9369,N,07703.2131,W,0.02,155.77,280324,,,A*74
$GPVTG,155.77,T,,M,0.02,N,0.0,K,A*0E
$GPGGA,123750.000,2632.9368,N,07703.2132,W,1,08,1.0,-1.3,M,-33.0,M,,0000*47
$GPGSA,A,3,09,31,27,26,08,04,03,16,,,,,1.8,1.0,1.4*3D
$GPGSV,3,1,11,04,74,260,38,27,66,105,42,08,50,182,40,16,49,023,39*77
$GPGSV,3,2,11,09,37,311,30,31,24,092,38,26,22,049,34,03,12,217,27*7E
$GPGSV,3,3,11,07,09,303,20,28,02,107,,21,00,174,*4A
$GPRMC,123750.000,A,2632.9368,N,07703.2132,W,0.02,233.21,280324,,,A*72
$GPVTG,233.21,T,,M,0.02,N,0.0,K,A*0E
$GPGGA,123755.000,2632.9368,N,07703.2133,W,1,08,1.0,-1.3,M,-33.0,M,,0000*43
$GPGSA,A,3,09,31,27,26,08,04,03,16,,,,,1.8,1.0,1.4*3D
$GPGSV,3,1,11,04,74,260,38,27,66,105,42,08,50,182,40,16,49,023,39*77
$GPGSV,3,2,11,09,37,311,30,31,24,092,38,26,22,049,34,03,12,217,28*71
$GPRMC,123755.000,A,2632.9368,N,07703.2133,W,0.06,273.63,280324,,,A*70
$GPVTG,273.63,T,,M,0.06,N,0.1,K,A*09
$GPGGA,123800.000,2632.9368,N,07703.2134,W,1,08,1.0,-1.3,M,-33.0,M,,0000*4B
$GPGSA,A,3,09,31,27,26,08,04,03,16,,,,,1.7,1.0,1.4*32
$GPGSV,3,1,11,04,74,260,38,27,66,105,42,08,50,182,41,16,49,023,40*78
$GPGSV,3,2,11,09,37,311,31,31,24,092,37,26,22,049,34,03,12,217,29*7E
$GPGSV,3,3,11,07,09,303,,28,02,107,25,21,00,174,*4F
$GPRMC,123800.000,A,2632.9368,N,07703.2134,W,0.07,270.46,280324,,,A*7D
$GPGGA,123805.000,2632.9368,N,07703.2136,W,1,08,1.0,-1.3,M,-33.0,M,,0000*4C
$GPGSA,A,3,09,31,27,26,08,04,03,16,,,,,1.7,1.0,1.4*32
$GPGSV,3,1,11,04,74,260,38,27,66,105,42,08,50,182,41,16,49,023,40*78
$GPGSV,3,2,11,09,37,311,32,31,24,092,37,26,22,049,34,03,12,217,28*7C
$GPGSV,3,3,11,07,09,303,,28,02,107,25,21,00,174,*4F
$GPRMC,123805.000,A,2632.9368,N,07703.2136,W,0.08,313.61,280324,,,A*74
$GPVTG,313.61,T,,M,0.08,N,0.2,K,A*01
$GPGGA,123810.000,2632.9369,N,07703.2137,W,1,08,1.0,-1.3,M,-33.0,M,,0000*48
$GPGSA,A,3,09,31,27,26,08,04,03,16,,,,,1.7,1.0,1.4*32
$GPGSV,3,1,11,04,74,260,37,27,66,105,42,08,50,182,41,16,49,023,40*77
$GPGSV,3,2,11,09,37,311,32,31,24,092,37,26,22,049,34,03,12,217,23*77
$GPGSV,3,3,11,07,09,303,26,28,02,107,,21,00,174,*4C
$GPRMC,123810.000,A,2632.9369,N,07703.2137,W,0.09,25.53,280324,,,A*46
$GPVTG,25.53,T,,M,0.09,N,0.2,K,A*37
$GPGGA,123815.000,2632.9370,N,07703.2138,W,1,08,1.0,-1.6,M,-33.0,M,,0000*4F
$GPGSA,A,3,09,31,27,26,08,04,03,16,,,,,1.7,1.0,1.4*32
$GPGSV,3,1,11,04,74,260,37,27,66,105,42,08,50,182,41,16,49,023,40*77
$GPGSV,3,2,11,09,37,311,32,31,24,092,37,26,22,049,34,03,12,217,23*77
$GPGSV,3,3,11,07,09,303,26,28,02,107,,21,00,174,*4C
$GPRMC,123815.000,A,2632.9370,N,07703.2138,W,0.09,20.97,280324,,,A*49
$GPVTG,20.97,T,,M,0.09,N,0.2,K,A*3A
$GPGGA,123820.000,2632.9371,N,07703.2138,W,1,08,1.0,-1.7,M,-33.0,M,,0000*49
$GPGSA,A,3,09,31,27,26,08,04,03,16,,,,,1.7,1.0,1.4*32
$GPGSV,3,1,11,04,74,260,37,27,66,105,42,08,50,182,42,16,49,023,40*74
$GPGSV,3,2,11,09,37,311,32,31,24,092,37,26,22,049,34,03,12,217,23*77
$GPGSV,3,3,11,07,09,303,26,28,02,107,24,21,00,174,*4A
$GPRMC,123820.000,A,2632.9371,N,07703.2138,W,0.12,4.08,280324,,,A*74
$GPVTG,4.08,T,,M,0.12,N,0.2,K,A*00
$GPGGA,123825.000,2632.9372,N,07703.2137,W,1,08,1.0,-1.6,M,-33.0,M,,0000*41
$GPGSA,A,3,09,31,27,26,08,04,03,16,,,,,1.7,1.0,1.4*32
$GPGSV,3,1,11,04,74,260,37,27,66,105,42,08,50,182,42,16,49,023,40*74
$GPGSV,3,2,11,09,37,311,31,31,24,092,37,26,22,049,34,03,12,217,22*75
$GPGSV,3,3,11,07,09,303,26,28,02,107,,21,00,174,*4C
$GPVTG,7.75,T,,M,0.15,N,0.3,K,A*0F
$GPGGA,123830.000,2632.9374,N,07703.2136,W,1,08,1.0,-1.2,M,-33.0,M,,0000*46
$GPGSA,A,3,09,31,27,26,08,04,03,16,,,,,1.7,1.0,1.4*32
$GPGSV,3,1,11,04,74,260,37,27,66,105,42,08,50,182,42,16,49,023,40*74
$GPGSV,3,2,11,09,37,311,31,31,24,092,37,26,22,049,34,03,12,217,22*75
$GPGSV,3,3,11,07,09,303,,28,02,107,23,21,00,174,*49
$GPRMC,123830.000,A,2632.9374,N,07703.2136,W,0.22,39.61,280324,,,A*4C
$GPVTG,39.61,T,,M,0.22,N,0.4,K,A*34
$GPGGA,123835.000,2632.9376,N,07703.2136,W,1,08,1.0,-1.2,M,-33.0,M,,0000*41
$GPGSA,A,3,09,31,27,26,08,04,03,16,,,,,1.7,1.0,1.4*32
$GPGSV,3,1,11,04,74,260,37,27,66,105,42,08,50,182,42,16,49,023,40*74
$GPGSV,3,2,11,09,37,311,31,31,24,092,37,26,22,049,34,03,12,217,22*75
$GPGSV,3,3,11,07,09,303,,28,02,107,,21,00,174,*48
$GPRMC,123835.000,A,2632.9376,N,07703.2136,W,0.18,352.63,280324,,,A*7E
$GPVTG,352.63,T,,M,0.18,N,0.3,K,A*06
$GPGGA,123840.000,2632.9378,N,07703.2137,W,1,08,1.0,-1.2,M,-33.0,M,,0000*4C
$GPGSA,A,3,09,31,27,26,08,04,03,16,,,,,1.7,1.0,1.4*32
$GPGSV,3,1,12,04,74,260,37,27,66,105,42,08,50,182,42,16,49,023,40*77
$GPGSV,3,2,12,09,37,311,32,31,24,092,37,26,22,049,34,03,12,217,26*71
$GPGSV,3,3,12,07,09,303,,28,02,107,26,21,00,174,,44,36,241,33*7D
$GPRMC,123840.000,A,2632.9378,N,07703.2137,W,0.13,27.42,280324,,,A*4A
$GPVTG,27.42,T,,M,0.13,N,0.2,K,A*3E
$GPGGA,123845.000,2632.9378,N,07703.2136,W,1,08,1.0,-1.3,M,-33.0,M,,0000*49
$GPGSA,A,3,09,31,27,26,08,04,03,16,,,,,1.7,1.0,1.4*32
$GPGSV,3,1,12,04,74,260,37,27,66,105,42,08,50,182,42,16,49,023,40*77
$GPGSV,3,2,12,09,37,311,32,31,24,092,37,26,22,049,34,03,12,217,28*7F
$GPGSV,3,3,12,07,09,303,,28,02,107,,21,00,174,,44,36,241,29*72
$GPRMC,123845.000,A,2632.9378,N,07703.2136,W,0.09,84.90,280324,,,A*43
$GPVTG,84.90,T,,M,0.09,N,0.2,K,A*33
$GPGGA,123850.000,2632.9378,N,07703.2138,W,2,08,1.0,-0.9,M,-33.0,M,1.8,0000*6C
$GPGSA,A,3,09,31,27,26,08,04,03,16,,,,,1.7,1.0,1.4*32
$GPGSV,3,1,12,04,74,260,37,27,66,105,42,08,50,182,41,16,49,023,40*74
$GPGSV,3,2,12,09,37,311,32,31,24,092,37,26,22,049,33,03,12,217,20*70
$GPGSV,3,3,12,07,09,303,,28,02,107,27,21,00,174,,44,36,241,29*77
$GPRMC,123850.000,A,2632.9378,N,07703.2138,W,0.10,96.91,280324,,,D*46
$GPVTG,96.91,T,,M,0.10,N,0.2,K,D*3C
$GPGGA,123855.000,2632.9377,N,07703.2139,W,2,08,1.0,-0.1,M,-33.0,M,1.8,0000*6F
$GPGSA,A,3,09,31,27,26,08,04,03,16,,,,,1.7,1.0,1.4*32
$GPGSV,3,1,12,04,74,260,38,27,66,105,41,08,50,182,39,16,49,023,41*76
$GPGSV,3,2,12,09,37,311,29,31,24,092,37,26,22,049,33,03,12,217,27*7D
$GPGSV,3,3,12,07,09,303,,28,02,107,26,21,00,174,22,44,36,241,32*7C
$GPVTG,169.56,T,,M,0.10,N,0.2,K,D*06
$GPGGA,123900.000,2632.9376,N,07703.2140,W,2,08,1.0,0.2,M,-33.0,M,5.8,0000*4B
$GPGSA,A,3,09,31,27,26,08,04,03,16,,,,,1.7,1.0,1.4*32
$GPGSV,3,1,12,04,74,260,38,27,66,105,41,08,50,182,38,16,49,023,40*76
$GPGSV,3,2,12,09,37,311,30,31,24,092,37,26,22,049,33,03,12,217,29*7B
$GPGSV,3,3,12,07,09,303,,28,02,107,25,21,00,174,23,44,36,241,36*7A
$GPRMC,123900.000,A,2632.9376,N,07703.2140,W,0.07,165.61,280324,,,D*77
$GPVTG,165.61,T,,M,0.07,N,0.1,K,D*0B
$GPGGA,123905.000,2632.9375,N,07703.2140,W,2,08,1.0,0.4,M,-33.0,M,10.8,0000*7F
$GPGSA,A,3,09,31,27,26,08,04,03,16,,,,,1.7,1.0,1.4*32
$GPGSV,3,1,12,04,74,260,38,27,66,105,41,08,50,182,38,16,49,023,39*78
$GPGSV,3,2,12,09,37,311,32,31,24,092,38,26,22,049,28,03,12,217,29*7C
$GPGSV,3,3,12,07,09,303,23,28,02,107,25,21,00,174,18,44,36,241,35*70
$GPRMC,123905.000,A,2632.9375,N,07703.2140,W,0.06,141.41,280324,,,D*74
$GPVTG,141.41,T,,M,0.06,N,0.1,K,D*0E
$GPGGA,123910.000,2632.9374,N,07703.2140,W,2,08,1.0,0.6,M,-33.0,M,15.8,0000*7D
$GPGSA,A,3,09,31,27,26,08,04,03,16,,,,,1.7,1.0,1.4*32
$GPGSV,3,1,12,04,74,260,38,27,66,105,41,08,50,182,38,16,49,023,39*78
$GPGSV,3,2,12,09,37,311,33,31,24,092,38,26,22,049,28,03,12,217,29*7D
$GPGSV,3,3,12,07,09,303,21,28,02,107,24,21,00,174,,44,36,241,35*7A
$GPRMC,123910.000,A,2632.9374,N,07703.2140,W,0.05,122.78,280324,,,D*7D
$GPVTG,122.78,T,,M,0.05,N,0.1,K,D*02
$GPGGA,123915.000,2632.9374,N,07703.2139,W,1,08,1.0,0.3,M,-33.0,M,,0000*62
$GPGSA,A,3,09,31,27,26,08,04,03,16,,,,,1.7,1.0,1.4*32
$GPGSV,3,1,12,04,74,254,38,27,67,102,41,08,52,182,39,16,48,024,39*7C
$GPGSV,3,2,12,09,37,311,33,31,24,093,38,26,21,049,29,03,12,216,29*7F
$GPGSV,3,3,12,07,10,304,12,28,02,108,24,21,01,174,,44,36,241,32*7C
$GPRMC,123915.000,A,2632.9374,N,07703.2139,W,0.09,91.18,280324,,,A*40
$GPVTG,91.18,T,,M,0.09,N,0.2,K,A*37
$GPGGA,123920.000,2632.9375,N,07703.2140,W,2,08,1.0,0.3,M,-33.0,M,2.8,0000*4C
$GPGSA,A,3,09,31,27,26,08,04,03,16,,,,,1.7,1.0,1.4*32
$GPGSV,3,1,12,04,74,254,37,27,67,102,42,08,52,182,40,16,48,024,40*70
$GPGSV,3,2,12,09,37,311,34,31,24,093,38,26,21,049,30,03,12,216,25*7C
$GPGSV,3,3,12,07,10,304,12,28,02,108,23,21,01,174,,44,36,241,32*7B
$GPRMC,123920.000,A,2632.9375,N,07703.2140,W,0.14,63.37,280324,,,D*40
$GPVTG,63.37,T,,M,0.14,N,0.3,K,D*3F
$GPGGA,123925.000,2632.9375,N,07703.2140,W,2,08,1.0,-0.0,M,-33.0,M,1.8,0000*64
$GPGSA,A,3,09,31,27,26,08,04,03,16,,,,,1.7,1.0,1.4*32
$GPGSV,3,1,12,04,74,254,36,27,67,102,41,08,52,182,40,16,48,024,40*72
$GPGSV,3,2,12,09,37,311,34,31,24,093,38,26,21,049,32,03,12,216,25*7E
$GPGSV,3,3,12,07,10,304,13,28,02,108,,21,01,174,,44,36,241,31*78
$GPRMC,123925.000,A,2632.9375,N,07703.2140,W,0.08,32.17,280324,,,D*4E
$GPVTG,32.17,T,,M,0.08,N,0.2,K,D*35
$GPGGA,123930.000,2632.9377,N,07703.2139,W,2,08,1.0,-0.1,M,-33.0,M,1.8,0000*6D
$GPGSA,A,3,09,31,27,26,08,04,03,16,,,,,1.7,1.0,1.4*32
$GPGSV,3,1,12,04,74,254,36,27,67,102,41,08,52,182,40,16,48,024,40*72
$GPGSV,3,2,12,09,37,311,33,31,24,093,38,26,21,049,32,03,12,216,29*75
$GPGSV,3,3,12,07,10,304,16,28,02,108,,21,01,174,,44,36,241,33*7F
$GPVTG,84.30,T,,M,0.14,N,0.3,K,D*31
$GPGGA,123935.000,2632.9376,N,07703.2137,W,2,08,1.0,-0.1,M,-33.0,M,1.8,0000*67
$GPGSA,A,3,09,31,27,26,08,04,03,16,,,,,1.7,1.0,1.4*32
$GPGSV,3,1,12,04,74,254,37,27,67,102,41,08,52,182,40,16,48,024,40*73
$GPGSV,3,2,12,09,37,311,33,31,24,093,39,26,21,049,32,03,12,216,29*74
$GPGSV,3,3,12,07,10,304,17,28,02,108,,21,01,174,23,44,36,241,34*78
$GPRMC,123935.000,A,2632.9376,N,07703.2137,W,0.09,136.98,280324,,,D*7F
$GPVTG,136.98,T,,M,0.09,N,0.2,K,D*06
$GPGGA,123940.000,2632.9376,N,07703.2137,W,2,08,1.0,-0.1,M,-33.0,M,4.8,0000*60
$GPGSA,A,3,09,31,27,26,08,04,03,16,,,,,1.7,1.0,1.4*32
$GPGSV,3,1,12,04,74,254,37,27,67,102,40,08,52,182,40,16,48,024,40*72
$GPGSV,3,2,12,09,37,311,33,31,24,093,39,26,21,049,33,03,12,216,29*75
$GPGSV,3,3,12,07,10,304,18,28,02,108,,21,01,174,,44,36,241,34*76
$GPRMC,123940.000,A,2632.9376,N,07703.2137,W,0.07,96.09,280324,,,D*40
$GPVTG,96.09,T,,M,0.07,N,0.1,K,D*38
$GPGGA,123945.000,2632.9376,N,07703.2137,W,2,08,1.0,0.0,M,-33.0,M,2.8,0000*4F
$GPGSA,A,3,09,31,27,26,08,04,03,16,,,,,1.7,1.0,1.4*32
$GPGSV,3,1,12,04,74,254,37,27,67,102,40,08,52,182,41,16,48,024,40*73
$GPGSV,3,2,12,09,37,311,33,31,24,093,39,26,21,049,33,03,12,216,29*75
$GPGSV,3,3,12,07,10,304,18,28,02,108,,21,01,174,,44,36,241,32*70
$GPRMC,123945.000,A,2632.9376,N,07703.2137,W,0.07,148.57,280324,,,D*7C
$GPVTG,148.57,T,,M,0.07,N,0.1,K,D*01
$GPGGA,123950.000,2632.9376,N,07703.2136,W,2,08,1.0,-0.1,M,-33.0,M,2.8,0000*66
$GPGSA,A,3,09,31,27,26,08,04,03,16,,,,,1.7,1.0,1.4*32
$GPGSV,3,1,12,04,74,254,37,27,67,102,40,08,52,182,41,16,48,024,40*73
$GPGSV,3,2,12,09,37,311,33,31,24,093,39,26,21,049,33,03,12,216,29*75
$GPGSV,3,3,12,07,10,304,19,28,02,108,22,21,01,174,,44,36,241,31*72
$GPRMC,123950.000,A,2632.9376,N,07703.2136,W,0.14,57.99,280324,,,D*46
$GPVTG,57.99,T,,M,0.14,N,0.3,K,D*3C
$GPGGA,123955.000,2632.9377,N,07703.2135,W,2,08,1.0,-0.2,M,-33.0,M,1.8,0000*61
$GPGSA,A,3,09,31,27,26,08,04,03,16,,,,,1.7,1.0,1.4*32
$GPGSV,3,1,12,04,74,254,36,27,67,102,40,08,52,182,41,16,48,024,40*72
$GPGSV,3,2,12,09,37,311,33,31,24,093,39,26,21,049,33,03,12,216,29*75
$GPGSV,3,3,12,07,10,304,19,28,02,108,24,21,01,174,,44,36,241,30*75
$GPRMC,123955.000,A,2632.9377,N,07703.2135,W,0.09,87.95,280324,,,D*4C
$GPVTG,87.95,T,,M,0.09,N,0.2,K,D*30
$GPGGA,124000.000,2632.9377,N,07703.2134,W,2,08,1.0,-0.3,M,-33.0,M,1.8,0000*6F
$GPGSA,A,3,09,31,27,26,08,04,03,16,,,,,1.7,1.0,1.4*32
$GPGSV,3,1,12,04,74,254,36,27,67,102,40,08,52,182,41,16,48,024,39*7C
$GPGSV,3,2,12,09,37,311,33,31,24,093,39,26,21,049,33,03,12,216,28*74
$GPGSV,3,3,12,07,10,304,18,28,02,108,24,21,01,174,,44,36,241,30*74
$GPRMC,124000.000,A,2632.9377,N,07703.2134,W,0.14,48.02,280324,,,D*42
$GPVTG,48.02,T,,M,0.14,N,0.3,K,D*30
$GPGGA,124005.000,2632.9378,N,07703.2133,W,2,08,1.0,-0.1,M,-33.0,M,1.8,0000*60
$GPGSA,A,3,09,31,27,26,08,04,03,16,,,,,1.7,1.0,1.4*32
$GPGSV,3,1,12,04,74,254,36,27,67,102,41,08,52,182,41,16,48,024,39*7D
$GPGSV,3,2,12,09,37,311,33,31,24,093,39,26,21,049,33,03,12,216,23*7F
$GPRMC,124005.000,A,2632.9378,N,07703.2133,W,0.13,25.08,280324,,,D*49
$GPVTG,25.08,T,,M,0.13,N,0.2,K,D*37
$GPGGA,124010.000,2632.9379,N,07703.2134,W,2,08,1.0,0.2,M,-33.0,M,3.8,0000*4E
$GPGSA,A,3,09,31,27,26,08,04,03,16,,,,,1.7,1.0,1.4*32
$GPGSV,3,1,12,04,74,254,36,27,67,102,41,08,52,182,42,16,48,024,39*7E
$GPGSV,3,2,12,09,37,311,34,31,24,093,39,26,21,049,33,03,12,216,24*7F
$GPGSV,3,3,12,07,10,304,13,28,02,108,23,21,01,174,,44,36,241,31*79
$GPRMC,124010.000,A,2632.9379,N,07703.2134,W,0.05,329.28,280324,,,D*71
$GPGGA,124015.000,2632.9380,N,07703.2135,W,2,08,1.0,0.2,M,-33.0,M,1.8,0000*4E
$GPGSA,A,3,09,31,27,26,08,04,03,16,,,,,1.7,1.0,1.4*32
$GPGSV,3,1,12,04,74,254,37,27,67,102,41,08,52,182,41,16,48,024,39*7C
$GPGSV,3,2,12,09,37,311,34,31,24,093,39,26,21,049,24,03,12,216,27*7A
$GPGSV,3,3,12,07,10,304,17,28,02,108,,21,01,174,,44,36,241,35*78
$GPRMC,124015.000,A,2632.9380,N,07703.2135,W,0.14,347.39,280324,,,D*7B
$GPVTG,347.39,T,,M,0.14,N,0.3,K,D*04
$GPGGA,124020.000,2632.9381,N,07703.2137,W,2,08,1.0,0.4,M,-33.0,M,2.8,0000*4E
$GPGSA,A,3,09,31,27,26,08,04,03,16,,,,,1.7,1.0,1.4*32
$GPGSV,3,1,12,04,74,254,37,27,67,102,41,08,52,182,41,16,48,024,40*72
$GPGSV,3,2,12,09,37,311,33,31,24,093,39,26,21,049,28,03,12,216,25*73
$GPGSV,3,3,12,07,10,304,22,28,02,108,,21,01,174,23,44,36,241,30*7A
$GPRMC,124020.000,A,2632.9381,N,07703.2137,W,0.15,287.35,280324,,,D*7E
$GPVTG,287.35,T,,M,0.15,N,0.3,K,D*04
$GPGGA,124025.000,2632.9381,N,07703.2140,W,2,08,1.0,0.6,M,-33.0,M,1.8,0000*4A
$GPGSA,A,3,09,31,27,26,08,04,03,16,,,,,1.7,1.0,1.4*32
$GPGSV,3,1,12,04,74,254,37,27,67,102,42,08,52,182,41,16,48,024,40*71
$GPGSV,3,2,12,09,37,311,33,31,24,093,38,26,21,049,27,03,12,216,26*7E
$GPGSV,3,3,12,07,10,304,13,28,02,108,23,21,01,174,14,44,36,241,30*7D
$GPRMC,124025.000,A,2632.9381,N,07703.2140,W,0.09,318.29,280324,,,D*7C
$GPVTG,318.29,T,,M,0.09,N,0.2,K,D*02
$GPGGA,124030.000,2632.9381,N,07703.2141,W,2,07,1.4,1.0,M,-33.0,M,1.8,0000*43
$GPGSA,A,3,09,31,27,26,08,04,16,,,,,,2.8,1.4,2.4*3A
$GPGSV,3,1,12,04,74,254,37,27,67,102,42,08,52,182,42,16,48,024,34*71
$GPGSV,3,2,12,09,37,311,33,31,24,093,38,26,21,049,33,03,12,216,*7F
$GPGSV,3,3,12,07,10,304,13,28,02,108,27,21,01,174,18,44,36,241,35*70
$GPRMC,124030.000,A,2632.9381,N,07703.2141,W,0.12,200.62,280324,,,D*74
$GPVTG,200.62,T,,M,0.12,N,0.2,K,D*0F
$GPGGA,124035.000,2632.9378,N,07703.2142,W,2,07,1.4,0.9,M,-33.0,M,1.8,0000*4B
$GPGSA,A,3,09,31,27,26,08,04,16,,,,,,2.8,1.4,2.4*3A
$GPGSV,3,1,12,04,74,254,37,27,67,102,42,08,52,182,43,16,48,024,34*70
$GPGSV,3,2,12,09,37,311,33,31,24,093,37,26,21,049,32,03,12,216,*71
$GPGSV,3,3,12,07,10,304,13,28,02,108,27,21,01,174,19,44,36,241,35*71
$GPRMC,124035.000,A,2632.9378,N,07703.2142,W,0.18,199.35,280324,,,D*7F
$GPVTG,199.35,T,,M,0.18,N,0.3,K,D*05
$GPGGA,124040.000,2632.9377,N,07703.2143,W,2,08,1.0,0.8,M,-33.0,M,3.8,0000*4F
$GPGSA,A,3,09,31,27,26,08,04,03,16,,,,,1.7,1.0,1.4*32
$GPGSV,3,1,12,04,74,254,37,27,67,102,42,08,52,182,43,16,48,024,34*70
$GPGSV,3,2,12,09,37,311,32,31,24,093,37,26,21,049,32,03,12,216,19*78
$GPGSV,3,3,12,07,10,304,14,28,02,108,27,21,01,174,19,44,36,241,35*76
$GPVTG,217.99,T,,M,0.11,N,0.2,K,D*0E
$GPGGA,124045.000,2632.9376,N,07703.2144,W,2,08,1.0,0.9,M,-33.0,M,3.8,0000*4D
$GPGSA,A,3,09,31,27,26,08,04,03,16,,,,,1.7,1.0,1.4*32
$GPGSV,3,1,12,04,74,254,37,27,67,102,42,08,52,182,43,16,48,024,35*71
$GPGSV,3,2,12,09,37,311,29,31,24,093,37,26,21,049,32,03,12,216,19*72
$GPGSV,3,3,12,07,10,304,14,28,02,108,28,21,01,174,21,44,36,241,36*71
$GPRMC,124045.000,A,2632.9376,N,07703.2144,W,0.15,278.63,280324,,,D*72
$GPVTG,278.63,T,,M,0.15,N,0.3,K,D*07
$GPGGA,124050.000,2632.9375,N,07703.2144,W,2,08,1.0,1.1,M,-33.0,M,2.8,0000*42
$GPGSA,A,3,09,31,27,26,08,04,03,16,,,,,1.7,1.0,1.4*32
$GPGSV,3,1,12,04,74,254,37,27,67,102,43,08,52,182,44,16,48,024,35*77
$GPGSV,3,2,12,09,37,311,32,31,24,093,37,26,21,049,32,03,12,216,18*79
$GPGSV,3,3,12,07,10,304,,28,02,108,28,21,01,174,27,44,36,241,36*72
$GPRMC,124050.000,A,2632.9375,N,07703.2144,W,0.09,250.13,280324,,,D*75
$GPVTG,250.13,T,,M,0.09,N,0.2,K,D*06
$GPGGA,124055.000,2632.9375,N,07703.2144,W,2,07,1.4,1.2,M,-33.0,M,1.8,0000*4C
$GPGSA,A,3,09,31,27,26,08,04,16,,,,,,2.8,1.4,2.4*3A
$GPGSV,3,1,12,04,74,254,37,27,67,102,43,08,52,182,44,16,48,024,35*77
$GPGSV,3,2,12,09,37,311,32,31,24,093,37,26,21,049,31,03,12,216,*73
$GPGSV,3,3,12,07,10,304,,28,02,108,28,21,01,174,27,44,36,241,35*71
$GPRMC,124055.000,A,2632.9375,N,07703.2144,W,0.06,19.07,280324,,,D*45
$GPVTG,19.07,T,,M,0.06,N,0.1,K,D*30
$GPGGA,124100.000,2632.9375,N,07703.2144,W,2,07,1.4,1.3,M,-33.0,M,1.8,0000*4C
$GPGSA,A,3,09,31,27,26,08,04,16,,,,,,2.8,1.4,2.4*3A
$GPGSV,3,1,12,04,74,254,37,27,67,102,42,08,52,182,44,16,48,024,36*75
$GPGSV,3,2,12,09,37,311,32,31,24,093,37,26,21,049,18,03,12,216,*78
$GPGSV,3,3,12,07,10,304,,28,02,108,28,21,01,174,27,44,36,241,34*70
$GPRMC,124100.000,A,2632.9375,N,07703.2144,W,0.04,44.71,280324,,,D*4F
$GPVTG,44.71,T,,M,0.04,N,0.1,K,D*3B
$GPGGA,124105.000,2632.9376,N,07703.2145,W,2,07,1.4,1.1,M,-33.0,M,1.8,0000*49
$GPGSA,A,3,09,31,27,26,08,04,16,,,,,,2.8,1.4,2.4*3A
$GPGSV,3,1,12,04,74,254,37,27,67,102,42,08,52,182,43,16,48,024,37*73
$GPGSV,3,2,12,09,37,311,32,31,24,093,36,26,21,049,24,03,12,216,*76
$GPGSV,3,3,12,07,10,304,,28,02,108,28,21,01,174,26,44,36,241,34*71
$GPRMC,124105.000,A,2632.9376,N,07703.2145,W,0.10,9.05,280324,,,D*77
$GPVTG,9.05,T,,M,0.10,N,0.2,K,D*07
$GPGGA,124110.000,2632.9377,N,07703.2145,W,2,07,1.4,1.5,M,-33.0,M,1.8,0000*48
$GPGSA,A,3,09,31,27,26,08,04,16,,,,,,2.8,1.4,2.4*3A
$GPGSV,3,1,12,04,74,254,38,27,67,102,42,08,52,182,43,16,48,024,37*7C
$GPGSV,3,2,12,09,37,311,32,31,24,093,37,26,21,049,32,03,12,216,*70
$GPGSV,3,3,12,07,10,304,,28,02,108,28,21,01,174,25,44,36,241,35*73
$GPRMC,124110.000,A,2632.9377,N,07703.2145,W,0.12,356.17,280324,,,D*7A
$GPVTG,356.17,T,,M,0.12,N,0.2,K,D*0F
$GPGGA,124115.000,2632.9378,N,07703.2145,W,2,08,1.0,1.1,M,-33.0,M,3.8,0000*4F
$GPGSA,A,3,09,31,27,26,08,04,16,03,,,,,1.7,1.0,1.4*32
$GPGSV,3,1,12,04,74,250,38,27,67,099,42,08,53,181,43,16,47,025,38*78
$GPGSV,3,2,12,09,38,310,32,31,23,094,36,26,21,050,31,03,11,216,24*71
$GPGSV,3,3,12,07,10,305,,21,01,173,20,28,01,109,27,44,36,241,31*79
$GPVTG,20.67,T,,M,0.02,N,0.0,K,D*39
$GPGGA,124120.000,2632.9379,N,07703.2144,W,2,08,1.0,1.4,M,-33.0,M,2.8,0000*4D
$GPGSA,A,3,09,31,27,26,08,04,16,03,,,,,1.7,1.0,1.4*32
$GPGSV,3,1,12,04,74,250,37,27,67,099,42,08,53,181,42,16,47,025,39*77
$GPGSV,3,2,12,09,38,310,33,31,23,094,37,26,21,050,32,03,11,216,26*70
$GPGSV,3,3,12,07,10,305,,21,01,173,17,28,01,109,27,44,36,241,30*7C
$GPRMC,124120.000,A,2632.9379,N,07703.2144,W,0.14,37.97,280324,,,D*4C
$GPVTG,37.97,T,,M,0.14,N,0.3,K,D*34
$GPGGA,124125.000,2632.9380,N,07703.2143,W,2,08,1.0,1.5,M,-33.0,M,1.8,0000*4B
$GPGSA,A,3,09,31,27,26,08,04,16,03,,,,,1.7,1.0,1.4*32
$GPGSV,3,1,12,04,74,250,37,27,67,099,42,08,53,181,42,16,47,025,40*79
$GPGSV,3,2,12,09,38,310,34,31,23,094,37,26,21,050,31,03,11,216,26*74
$GPGSV,3,3,12,07,10,305,,21,01,173,17,28,01,109,,44,36,241,30*79
$GPRMC,124125.000,A,2632.9380,N,07703.2143,W,0.14,46.79,280324,,,D*4E
$GPVTG,46.79,T,,M,0.14,N,0.3,K,D*32
$GPGGA,124130.000,2632.9381,N,07703.2142,W,2,08,1.0,1.5,M,-33.0,M,1.8,0000*4F
$GPGSA,A,3,09,31,27,26,08,04,16,03,,,,,1.7,1.0,1.4*32
$GPGSV,3,1,12,04,74,250,37,27,67,099,42,08,53,181,41,16,47,025,40*7A
$GPGSV,3,2,12,09,38,310,33,31,23,094,38,26,21,050,33,03,11,216,26*7E
$GPGSV,3,3,12,07,10,305,,21,01,173,25,28,01,109,,44,36,241,32*7A
$GPRMC,124130.000,A,2632.9381,N,07703.2142,W,0.18,25.21,280324,,,D*4E
$GPVTG,25.21,T,,M,0.18,N,0.3,K,D*36
$GPGGA,124135.000,2632.9382,N,07703.2142,W,2,08,1.0,1.9,M,-33.0,M,1.8,0000*45
$GPGSA,A,3,09,31,27,26,08,04,16,03,,,,,1.7,1.0,1.4*32
$GPGSV,3,1,12,04,74,250,37,27,67,099,42,08,53,181,41,16,47,025,40*7A
$GPGSV,3,2,12,09,38,310,32,31,23,094,38,26,21,050,34,03,11,216,26*78
$GPGSV,3,3,12,07,10,305,,21,01,173,26,28,01,109,24,44,36,241,36*7B
$GPRMC,124135.000,A,2632.9382,N,07703.2142,W,0.14,17.57,280324,,,D*44
$GPVTG,17.57,T,,M,0.14,N,0.3,K,D*3A
$GPGGA,124140.000,2632.9383,N,07703.2141,W,2,08,1.0,1.8,M,-33.0,M,4.8,0000*41
$GPGSA,A,3,09,31,27,26,08,04,16,03,,,,,1.7,1.0,1.4*32
$GPGSV,3,1,12,04,74,250,37,27,67,099,41,08,53,181,42,16,47,025,39*74
$GPGSV,3,2,12,09,38,310,32,31,23,094,39,26,21,050,34,03,11,216,27*78
$GPGSV,3,3,12,07,10,305,20,21,01,173,25,28,01,109,26,44,36,241,36*78
$GPRMC,124140.000,A,2632.9383,N,07703.2141,W,0.13,62.53,280324,,,D*45
$GPVTG,62.53,T,,M,0.13,N,0.2,K,D*3A
$GPGGA,124145.000,2632.9383,N,07703.2140,W,2,08,1.0,2.1,M,-33.0,M,1.8,0000*4A
$GPGSA,A,3,09,31,27,26,08,04,16,03,,,,,1.7,1.0,1.4*32
$GPGSV,3,1,12,04,74,250,38,27,67,098,41,08,53,181,42,16,47,025,40*74
$GPGSV,3,2,12,09,38,310,34,31,23,095,39,26,21,050,34,03,11,215,26*7D
$GPGSV,3,3,12,07,11,305,19,21,02,173,24,28,01,109,27,44,36,241,34*72
$GPRMC,124145.000,A,2632.9383,N,07703.2140,W,0.12,61.03,280324,,,D*46
$GPVTG,61.03,T,,M,0.12,N,0.2,K,D*3D
$GPGGA,124150.000,2632.9383,N,07703.2138,W,2,08,1.0,2.1,M,-33.0,M,2.8,0000*42
$GPGSA,A,3,09,31,27,26,08,04,16,03,,,,,1.7,1.0,1.4*32
$GPGSV,3,1,12,04,74,250,38,27,67,098,41,08,53,181,42,16,47,025,40*74
$GPGSV,3,2,12,09,38,310,34,31,23,095,39,26,21,050,33,03,11,215,27*7B
$GPGSV,3,3,12,07,11,305,19,21,02,173,21,28,01,109,28,44,36,241,31*7D
$GPVTG,59.91,T,,M,0.14,N,0.3,K,D*3A
$GPGGA,124155.000,2632.9384,N,07703.2137,W,2,07,1.4,2.2,M,-33.0,M,1.8,0000*44
$GPGSA,A,3,09,31,27,26,08,04,16,,,,,,2.8,1.4,2.4*3A
$GPGSV,3,1,12,04,74,250,38,27,67,098,41,08,53,181,42,16,47,025,39*7A
$GPGSV,3,2,12,09,38,310,34,31,23,095,39,26,21,050,33,03,11,215,*7E
$GPGSV,3,3,12,07,11,305,18,21,02,173,23,28,01,109,28,44,36,241,31*7E
$GPRMC,124155.000,A,2632.9384,N,07703.2137,W,0.06,128.73,280324,,,D*7E
$GPVTG,128.73,T,,M,0.06,N,0.1,K,D*00
$GPGGA,124200.000,2632.9382,N,07703.2137,W,2,07,1.4,2.4,M,-33.0,M,1.8,0000*47
$GPGSA,A,3,09,31,27,26,08,04,16,,,,,,2.8,1.4,2.4*3A
$GPGSV,3,1,12,04,74,250,38,27,67,098,41,08,53,181,42,16,47,025,39*7A
$GPGSV,3,2,12,09,38,310,34,31,23,095,39,26,21,050,33,03,11,215,*7E
$GPGSV,3,3,12,07,11,305,16,21,02,173,23,28,01,109,27,44,36,241,33*7D
$GPRMC,124200.000,A,2632.9382,N,07703.2137,W,0.14,107.99,280324,,,D*71
$GPVTG,107.99,T,,M,0.14,N,0.3,K,D*08
$GPGGA,124205.000,2632.9382,N,07703.2136,W,2,08,1.0,2.3,M,-33.0,M,1.8,0000*4F
$GPGSA,A,3,09,31,27,26,08,04,16,03,,,,,1.7,1.0,1.4*32
$GPGSV,3,1,12,04,74,250,38,27,67,098,41,08,53,181,41,16,47,025,38*78
$GPGSV,3,2,12,09,38,310,34,31,23,095,39,26,21,050,33,03,11,215,24*78
$GPGSV,3,3,12,07,11,305,,21,02,173,24,28,01,109,22,44,36,241,33*78
$GPRMC,124205.000,A,2632.9382,N,07703.2136,W,0.09,67.13,280324,,,D*4C
$GPVTG,67.13,T,,M,0.09,N,0.2,K,D*30
$GPGGA,124210.000,2632.9381,N,07703.2136,W,2,08,1.0,2.7,M,-33.0,M,3.8,0000*4E
$GPGSA,A,3,09,31,27,26,08,04,16,03,,,,,1.7,1.0,1.4*32
$GPGSV,3,1,12,04,74,250,38,27,67,098,41,08,53,181,41,16,47,025,38*78
$GPGSV,3,2,12,09,38,310,34,31,23,095,39,26,21,050,34,03,11,215,24*7F
$GPGSV,3,3,12,07,11,305,,21,02,173,25,28,01,109,23,44,36,241,32*79
$GPRMC,124210.000,A,2632.9381,N,07703.2136,W,0.06,175.98,280324,,,D*75
$GPVTG,175.98,T,,M,0.06,N,0.1,K,D*0D
$GPGGA,124215.000,2632.9380,N,07703.2135,W,2,08,1.0,2.4,M,-33.0,M,2.8,0000*4B
$GPGSA,A,3,09,31,27,26,08,04,16,03,,,,,1.7,1.0,1.4*32
$GPGSV,3,1,12,04,74,250,38,27,67,098,41,08,53,181,41,16,47,025,38*78
$GPGSV,3,2,12,09,38,310,34,31,23,095,39,26,21,050,34,03,11,215,24*7F
$GPGSV,3,3,12,07,11,305,,21,02,173,26,28,01,109,24,44,36,241,32*7D
$GPRMC,124215.000,A,2632.9380,N,07703.2135,W,0.06,77.55,280324,,,D*40
$GPVTG,77.55,T,,M,0.06,N,0.1,K,D*3F
$GPGGA,124220.000,2632.9380,N,07703.2135,W,2,08,1.0,2.5,M,-33.0,M,2.8,0000*4C
$GPGSA,A,3,09,31,27,26,08,04,16,03,,,,,1.7,1.0,1.4*32
$GPGSV,3,1,12,04,74,250,39,27,67,098,41,08,53,181,41,16,47,025,38*79
$GPGSV,3,2,12,09,38,310,34,31,23,095,39,26,21,050,34,03,11,215,23*78
$GPGSV,3,3,12,07,11,305,,21,02,173,26,28,01,109,24,44,36,241,32*7D
$GPRMC,124220.000,A,2632.9380,N,07703.2135,W,0.10,92.32,280324,,,D*4B
$GPVTG,92.32,T,,M,0.10,N,0.2,K,D*31
$GPGGA,124225.000,2632.9380,N,07703.2135,W,2,08,1.0,2.4,M,-33.0,M,1.8,0000*4B
$GPGSA,A,3,09,31,27,26,08,04,16,03,,,,,1.7,1.0,1.4*32
$GPGSV,3,1,12,04,74,250,39,27,67,098,41,08,53,181,41,16,47,025,38*79
$GPGSV,3,2,12,09,38,310,34,31,23,095,39,26,21,050,34,03,11,215,23*78
$GPRMC,124225.000,A,2632.9380,N,07703.2135,W,0.22,59.95,280324,,,D*45
$GPVTG,59.95,T,,M,0.22,N,0.4,K,D*3C
$GPGGA,124230.000,2632.9382,N,07703.2134,W,2,08,1.0,2.2,M,-33.0,M,1.8,0000*4A
$GPGSA,A,3,09,31,27,26,08,04,16,03,,,,,1.7,1.0,1.4*32
$GPGSV,3,1,12,04,74,250,39,27,67,098,41,08,53,181,41,16,47,025,38*79
$GPGSV,3,2,12,09,38,310,34,31,23,095,39,26,21,050,34,03,11,215,23*78
$GPGSV,3,3,12,07,11,305,,21,02,173,27,28,01,109,24,44,36,241,33*7D
$GPRMC,124230.000,A,2632.9382,N,07703.2134,W,0.13,54.41,280324,,,D*44
$GPGGA,124235.000,2632.9382,N,07703.2133,W,2,08,1.0,2.3,M,-33.0,M,1.8,0000*49
$GPGSA,A,3,09,31,27,26,08,04,16,03,,,,,1.7,1.0,1.4*32
$GPGSV,3,1,12,04,74,250,39,27,67,098,41,08,53,181,42,16,47,025,38*7A
$GPGSV,3,2,12,09,38,310,34,31,23,095,39,26,21,050,33,03,11,215,23*7F
$GPGSV,3,3,12,07,11,305,,21,02,173,27,28,01,109,24,44,36,241,33*7D
$GPRMC,124235.000,A,2632.9382,N,07703.2133,W,0.30,62.94,280324,,,D*4A
$GPVTG,62.94,T,,M,0.30,N,0.6,K,D*34
$GPGGA,124240.000,2632.9385,N,07703.2131,W,2,08,1.0,1.9,M,-33.0,M,4.8,0000*42
$GPGSA,A,3,09,31,27,26,08,04,16,03,,,,,1.7,1.0,1.4*32
$GPGSV,3,1,12,04,74,250,38,27,67,098,42,08,53,181,42,16,47,025,39*79
$GPGSV,3,2,12,09,38,310,34,31,23,095,39,26,21,050,33,03,11,215,22*7E
$GPGSV,3,3,12,07,11,305,,21,02,173,18,28,01,109,22,44,36,241,29*7C
$GPRMC,124240.000,A,2632.9385,N,07703.2131,W,0.29,41.77,280324,,,D*49
$GPVTG,41.77,T,,M,0.29,N,0.5,K,D*33
$GPGGA,124245.000,2632.9386,N,07703.2130,W,2,07,1.4,2.2,M,-33.0,M,4.8,0000*46
$GPGSA,A,3,09,31,27,26,08,04,16,,,,,,2.8,1.4,2.4*3A
$GPGSV,3,1,12,04,74,248,38,27,67,097,42,08,53,181,42,16,47,025,39*7F
$GPGSV,3,2,12,09,39,309,33,31,23,095,39,26,20,050,33,07,11,305,*75
$GPGSV,3,3,12,03,11,215,,21,02,172,20,28,01,109,21,44,36,241,31*78
$GPRMC,124245.000,A,2632.9386,N,07703.2130,W,0.04,261.37,280324,,,D*75
$GPVTG,261.37,T,,M,0.04,N,0.1,K,D*0C
$GPGGA,124250.000,2632.9385,N,07703.2132,W,2,08,1.0,2.0,M,-33.0,M,3.8,0000*4D
$GPGSA,A,3,09,31,27,26,08,04,03,16,,,,,1.7,1.0,1.4*32
$GPGSV,3,1,12,04,74,248,38,27,67,097,42,08,53,181,42,16,47,025,39*7F
$GPGSV,3,2,12,09,39,309,34,31,23,095,39,26,20,050,33,07,11,305,*72
$GPGSV,3,3,12,03,11,215,26,21,02,172,19,28,01,109,23,44,36,241,32*77
$GPRMC,124250.000,A,2632.9385,N,07703.2132,W,0.06,251.95,280324,,,D*79
$GPVTG,251.95,T,,M,0.06,N,0.1,K,D*05
$GPGGA,124255.000,2632.9385,N,07703.2133,W,2,08,1.0,2.1,M,-33.0,M,1.8,0000*4A
$GPGSA,A,3,09,31,27,26,08,04,03,16,,,,,1.7,1.0,1.4*32
$GPGSV,3,1,12,04,74,248,38,27,67,097,41,08,53,181,42,16,47,025,39*7C
$GPGSV,3,2,12,09,39,309,29,31,23,095,39,26,20,050,33,07,11,305,*7E
$GPGSV,3,3,12,03,11,215,27,21,02,172,22,28,01,109,23,44,36,241,37*7B
$GPRMC,124255.000,A,2632.9385,N,07703.2133,W,0.07,255.09,280324,,,D*7D
$GPVTG,255.09,T,,M,0.07,N,0.1,K,D*05
$GPGGA,124300.000,2632.9384,N,07703.2134,W,2,08,1.0,2.4,M,-33.0,M,6.8,0000*4F
$GPGSA,A,3,09,31,27,26,08,04,03,16,,,,,1.7,1.0,1.4*32
$GPGSV,3,1,12,04,74,248,38,27,67,097,42,08,53,181,42,16,47,025,39*7F
$GPGSV,3,2,12,09,39,309,32,31,23,095,39,26,20,050,33,07,11,305,*74
$GPGSV,3,3,12,03,11,215,26,21,02,172,23,28,01,109,,44,36,241,30*7D
$GPVTG,344.05,T,,M,0.04,N,0.1,K,D*0B
$GPGGA,124305.000,2632.9384,N,07703.2136,W,2,08,1.0,2.6,M,-33.0,M,11.8,0000*7C
$GPGSA,A,3,09,31,27,26,08,04,03,16,,,,,1.7,1.0,1.4*32
$GPGSV,3,1,12,04,74,248,38,27,67,097,42,08,53,181,42,16,47,025,40*71
$GPGSV,3,2,12,09,39,309,33,31,23,095,38,26,20,050,33,07,11,305,*74
$GPGSV,3,3,12,03,11,215,26,21,02,172,12,28,01,109,24,44,36,241,29*71
$GPRMC,124305.000,A,2632.9384,N,07703.2136,W,0.06,329.78,280324,,,D*70
$GPVTG,329.78,T,,M,0.06,N,0.1,K,D*08
$GPGGA,124310.000,2632.9384,N,07703.2137,W,2,07,1.4,2.9,M,-33.0,M,16.8,0000*7A
$GPGSA,A,3,09,31,27,26,08,04,16,,,,,,2.8,1.4,2.4*3A
$GPGSV,3,1,12,04,74,248,38,27,67,097,42,08,53,181,42,16,47,025,40*71
$GPGSV,3,2,12,09,39,309,32,31,23,095,38,26,20,050,33,07,11,305,*75
$GPGSV,3,3,12,03,11,215,,21,02,172,16,28,01,109,,44,36,241,35*7A
$GPRMC,124310.000,A,2632.9384,N,07703.2137,W,0.03,47.49,280324,,,D*49
$GPVTG,47.49,T,,M,0.03,N,0.1,K,D*34
$GPGGA,124315.000,2632.9383,N,07703.2136,W,2,08,1.0,2.8,M,-33.0,M,5.8,0000*41
$GPGSA,A,3,09,31,27,26,08,04,16,03,,,,,1.7,1.0,1.4*32
$GPGSV,3,1,12,04,74,248,38,27,67,097,42,08,53,181,42,16,47,025,39*7F
$GPGSV,3,2,12,09,39,309,32,31,23,095,37,26,20,050,33,07,11,305,*7A
$GPGSV,3,3,12,03,11,215,23,21,02,172,21,28,01,109,19,44,36,241,34*76
$GPRMC,124315.000,A,2632.9383,N,07703.2136,W,0.16,80.75,280324,,,D*4A
$GPVTG,80.75,T,,M,0.16,N,0.3,K,D*36
$GPGGA,124320.000,2632.9383,N,07703.2134,W,2,07,1.4,2.9,M,-33.0,M,4.8,0000*4E
$GPGSA,A,3,09,31,27,26,08,04,16,,,,,,2.8,1.4,2.4*3A
$GPGSV,3,1,12,04,74,248,37,27,67,097,42,08,53,181,42,16,47,025,39*70
$GPGSV,3,2,12,09,39,309,32,31,23,095,37,26,20,050,33,07,11,305,*7A
$GPGSV,3,3,12,03,11,215,,21,02,172,19,28,01,109,20,44,36,241,33*71
$GPRMC,124320.000,A,2632.9383,N,07703.2134,W,0.18,101.47,280324,,,D*79
$GPVTG,101.47,T,,M,0.18,N,0.3,K,D*01
$GPGGA,124325.000,2632.9382,N,07703.2132,W,2,08,1.0,3.0,M,-33.0,M,15.8,0000*7F
$GPGSA,A,3,09,31,27,26,08,04,16,03,,,,,1.7,1.0,1.4*32
$GPGSV,3,1,12,04,74,248,38,27,67,097,42,08,53,181,42,16,47,025,40*71
$GPGSV,3,2,12,09,39,309,32,31,23,095,37,26,20,050,33,07,11,305,*7A
$GPGSV,3,3,12,03,11,215,27,21,02,172,13,28,01,109,21,44,36,241,29*74
$GPRMC,124325.000,A,2632.9382,N,07703.2132,W,0.19,97.90,280324,,,D*4E
$GPVTG,97.90,T,,M,0.19,N,0.4,K,D*33
$GPGGA,124330.000,2632.9382,N,07703.2131,W,2,08,1.0,2.8,M,-33.0,M,2.8,0000*47
$GPGSA,A,3,09,31,27,26,08,04,16,03,,,,,1.7,1.0,1.4*32
$GPGSV,3,1,12,04,74,248,38,27,67,097,42,08,53,181,42,16,47,025,40*71
$GPGSV,3,2,12,09,39,309,33,31,23,095,38,26,20,050,33,07,11,305,*74
$GPGSV,3,3,12,03,11,215,26,21,02,172,16,28,01,109,21,44,36,241,28*71
$GPRMC,124330.000,A,2632.9382,N,07703.2131,W,0.18,81.25,280324,,,D*41
$GPVTG,81.25,T,,M,0.18,N,0.3,K,D*3C
$GPGGA,124335.000,2632.9382,N,07703.2130,W,2,08,1.0,2.5,M,-33.0,M,7.8,0000*4B
$GPGSA,A,3,09,31,27,26,08,04,16,03,,,,,1.7,1.0,1.4*32
$GPGSV,3,1,12,04,74,248,38,27,67,097,42,08,53,181,42,16,47,025,39*7F
$GPGSV,3,2,12,09,39,309,33,31,23,095,38,26,20,050,34,07,11,305,24*75
$GPGSV,3,3,12,03,11,215,26,21,02,172,17,28,01,109,19,44,36,241,35*77
$GPVTG,75.47,T,,M,0.19,N,0.4,K,D*35
$GPGGA,124340.000,2632.9382,N,07703.2126,W,2,08,1.0,2.0,M,-33.0,M,3.8,0000*4F
$GPGSA,A,3,09,31,27,26,08,04,16,03,,,,,1.7,1.0,1.4*32
$GPGSV,3,1,12,04,74,248,38,27,67,097,42,08,53,181,42,16,47,025,39*7F
$GPGSV,3,2,12,09,39,309,28,31,23,095,39,26,20,050,33,07,11,305,22*7F
$GPGSV,3,3,12,03,11,215,26,21,02,172,18,28,01,109,20,44,36,241,36*71
$GPRMC,124340.000,A,2632.9382,N,07703.2126,W,0.16,96.35,280324,,,D*49
$GPVTG,96.35,T,,M,0.16,N,0.3,K,D*35
$GPGGA,124345.000,2632.9381,N,07703.2124,W,2,08,1.0,2.3,M,-33.0,M,3.8,0000*48
$GPGSA,A,3,09,31,27,26,08,04,16,03,,,,,1.7,1.0,1.4*32
$GPGSV,3,1,12,04,74,248,38,27,67,097,42,08,53,181,42,16,47,025,39*7F
$GPGSV,3,2,12,09,39,309,29,31,23,095,39,26,20,050,33,07,11,305,21*7D
$GPGSV,3,3,12,03,11,215,27,21,02,172,25,28,01,109,24,44,36,241,36*7A
$GPRMC,124345.000,A,2632.9381,N,07703.2124,W,0.14,131.66,280324,,,D*75
$GPVTG,131.66,T,,M,0.14,N,0.3,K,D*0D
$GPGGA,124350.000,2632.9380,N,07703.2124,W,2,08,1.0,2.1,M,-33.0,M,1.8,0000*4D
$GPGSA,A,3,09,31,27,26,08,04,16,03,,,,,1.7,1.0,1.4*32
$GPGSV,3,1,12,04,74,248,38,27,67,097,42,08,53,181,42,16,47,025,39*7F
$GPGSV,3,2,12,09,39,309,29,31,23,095,39,26,20,050,33,07,11,305,21*7D
$GPGSV,3,3,12,03,11,215,26,21,02,172,26,28,01,109,23,44,36,241,35*7C
$GPRMC,124350.000,A,2632.9380,N,07703.2124,W,0.03,62.35,280324,,,D*47
$GPVTG,62.35,T,,M,0.03,N,0.1,K,D*38
$GPGGA,124355.000,2632.9380,N,07703.2124,W,2,08,1.0,1.7,M,-33.0,M,2.8,0000*4E
$GPGSA,A,3,09,31,27,26,08,04,16,03,,,,,1.7,1.0,1.4*32
$GPGSV,3,1,12,04,74,248,38,27,67,097,42,08,53,181,42,16,47,025,39*7F
$GPGSV,3,2,12,09,39,309,35,31,23,095,39,26,20,050,33,07,11,305,*73
$GPGSV,3,3,12,03,11,215,26,21,02,172,26,28,01,109,22,44,36,241,29*70
$GPRMC,124355.000,A,2632.9380,N,07703.2124,W,0.08,259.12,280324,,,D*76
$GPVTG,259.12,T,,M,0.08,N,0.1,K,D*0C
$GPGGA,124400.000,2632.9380,N,07703.2126,W,2,08,1.0,1.3,M,-33.0,M,7.8,0000*4A
$GPGSA,A,3,09,31,27,26,08,04,16,03,,,,,1.7,1.0,1.4*32
$GPGSV,3,1,11,04,74,248,38,27,67,097,42,08,53,181,42,16,47,025,40*72
$GPGSV,3,2,11,09,39,309,34,31,23,095,38,26,20,050,33,07,11,305,22*70
$GPGSV,3,3,11,03,11,215,17,21,02,172,15,28,01,109,23*49
$GPRMC,124400.000,A,2632.9380,N,07703.2126,W,0.14,269.08,280324,,,D*76
$GPVTG,269.08,T,,M,0.14,N,0.3,K,D*0B
$GPGGA,124405.000,2632.9380,N,07703.2129,W,2,08,1.0,0.6,M,-33.0,M,12.8,0000*70
$GPGSA,A,3,09,31,27,26,08,04,16,03,,,,,1.7,1.0,1.4*32
$GPGSV,3,1,11,04,74,248,37,27,67,097,42,08,53,181,42,16,47,025,39*73
$GPGSV,3,2,11,09,39,309,34,31,23,095,38,26,20,050,33,07,11,305,22*70
$GPGSV,3,3,11,03,11,215,26,21,02,172,25,28,01,109,24*4F
$GPRMC,124405.000,A,2632.9380,N,07703.2129,W,0.07,297.06,280324,,,D*71
$GPVTG,297.06,T,,M,0.07,N,0.1,K,D*04
$GPGGA,124410.000,2632.9380,N,07703.2130,W,2,08,1.0,0.3,M,-33.0,M,17.8,0000*7C
$GPGSA,A,3,09,31,27,26,08,04,16,03,,,,,1.7,1.0,1.4*32
$GPGSV,3,1,12,04,74,248,37,27,67,097,42,08,53,181,42,16,47,025,39*70
$GPGSV,3,2,12,09,39,309,33,31,23,095,37,26,20,050,32,07,11,305,*7A
$GPGSV,3,3,12,03,11,215,28,21,02,172,24,28,01,109,23,48,29,248,32*7C
$GPVTG,296.36,T,,M,0.11,N,0.2,K,D*02
$GPGGA,124415.000,2632.9380,N,07703.2130,W,1,08,1.0,-0.3,M,-33.0,M,,0000*47
$GPGSA,A,3,09,31,27,26,08,04,16,03,,,,,1.7,1.0,1.4*32
$GPGSV,3,1,12,04,74,245,37,27,67,095,42,08,54,181,42,16,46,026,38*7B
$GPGSV,3,2,12,09,39,309,33,31,23,096,37,26,20,051,30,07,11,305,25*7D
$GPGSV,3,3,12,03,10,215,20,21,02,172,21,28,00,110,22,48,29,248,28*73
$GPRMC,124415.000,A,2632.9380,N,07703.2130,W,0.07,0.06,280324,,,A*71
$GPVTG,0.06,T,,M,0.07,N,0.1,K,A*0D
$GPGGA,124420.000,2632.9380,N,07703.2130,W,1,08,1.0,-0.2,M,-33.0,M,,0000*40
$GPGSA,A,3,09,31,27,26,08,04,16,03,,,,,1.7,1.0,1.4*32
$GPGSV,3,1,12,04,74,245,37,27,67,095,41,08,54,181,42,16,46,026,35*75
$GPGSV,3,2,12,09,39,309,32,31,23,096,36,26,20,051,22,07,11,305,24*7F
$GPGSV,3,3,12,03,10,215,28,21,02,172,15,28,00,110,16,48,29,248,27*74
$GPRMC,124420.000,A,2632.9380,N,07703.2130,W,0.04,329.65,280324,,,A*79
$GPVTG,329.65,T,,M,0.04,N,0.1,K,A*03
$GPGGA,124425.000,2632.9380,N,07703.2129,W,1,08,1.0,-0.2,M,-33.0,M,,0000*4D
$GPGSA,A,3,09,31,27,26,08,04,16,03,,,,,1.7,1.0,1.4*32
$GPGSV,3,1,12,04,74,245,38,27,67,095,41,08,54,181,42,16,46,026,37*78
$GPGSV,3,2,12,09,39,309,25,31,23,096,37,26,20,051,26,07,11,305,*7A
$GPGSV,3,3,12,03,10,215,29,21,02,172,14,28,00,110,16,48,29,248,26*75
$GPRMC,124425.000,A,2632.9380,N,07703.2129,W,0.05,16.72,280324,,,A*4C
$GPVTG,16.72,T,,M,0.05,N,0.1,K,A*3B
$GPGGA,124430.000,2632.9380,N,07703.2128,W,1,08,1.0,-0.4,M,-33.0,M,,0000*4E
$GPGSA,A,3,09,31,27,26,08,04,16,03,,,,,1.7,1.0,1.4*32
$GPGSV,3,1,12,04,74,245,38,27,67,095,41,08,54,181,42,16,46,026,36*79
$GPGSV,3,2,12,09,39,309,27,31,23,096,37,26,20,051,27,07,11,305,*79
$GPGSV,3,3,12,03,10,215,30,21,02,172,13,28,00,110,18,48,29,248,27*75
$GPRMC,124430.000,A,2632.9380,N,07703.2128,W,0.06,57.18,280324,,,A*43
$GPVTG,57.18,T,,M,0.06,N,0.1,K,A*31
$GPGGA,124435.000,2632.9380,N,07703.2128,W,1,08,1.1,-0.7,M,-33.0,M,,0000*49
$GPGSA,A,3,09,31,27,26,08,04,16,03,,,,,1.7,1.1,1.4*33
$GPGSV,3,1,12,04,74,245,38,27,67,095,40,08,54,181,42,16,46,026,37*79
$GPGSV,3,2,12,09,39,309,28,31,23,096,37,26,20,051,27,07,11,305,*76
$GPGSV,3,3,12,03,10,215,30,21,02,172,15,28,00,110,19,48,29,248,27*72
$GPRMC,124435.000,A,2632.9380,N,07703.2128,W,0.07,73.57,280324,,,A*4A
$GPVTG,73.57,T,,M,0.07,N,0.1,K,A*3D
$GPGGA,124440.000,2632.9379,N,07703.2126,W,1,08,1.1,-0.8,M,-33.0,M,,0000*4C
$GPGSA,A,3,09,31,27,26,08,04,16,03,,,,,1.7,1.1,1.4*33
$GPGSV,3,1,11,04,74,245,38,27,67,095,40,08,54,181,42,16,46,026,37*7A
$GPGSV,3,2,11,09,39,309,29,31,23,096,36,26,20,051,27,07,11,305,*75
$GPGSV,3,3,11,03,10,215,29,21,02,172,,28,00,110,19*41
$GPRMC,124440.000,A,2632.9379,N,07703.2126,W,0.13,88.09,280324,,,A*4A
$GPVTG,88.09,T,,M,0.13,N,0.2,K,A*34
$GPGGA,124445.000,2632.9379,N,07703.2124,W,1,08,1.1,-0.6,M,-33.0,M,,0000*45
$GPGSA,A,3,09,31,27,26,08,04,16,03,,,,,1.7,1.1,1.4*33
$GPGSV,3,1,12,04,74,245,38,27,67,095,40,08,54,181,42,16,46,026,37*79
$GPGSV,3,2,12,09,39,309,30,31,23,096,36,26,20,051,28,07,11,305,*71
$GPGSV,3,3,12,03,10,215,24,21,02,172,26,28,00,110,21,46,25,250,24*74
$GPVTG,81.76,T,,M,0.16,N,0.3,K,A*31
$GPGGA,124450.000,2632.9379,N,07703.2121,W,1,08,1.1,-0.5,M,-33.0,M,,0000*47
$GPGSA,A,3,09,31,27,26,08,04,16,03,,,,,1.7,1.1,1.3*34
$GPGSV,3,1,12,04,74,245,37,27,67,095,41,08,54,181,42,16,46,026,37*77
$GPGSV,3,2,12,09,39,309,30,31,23,096,36,26,20,051,29,07,11,305,*70
$GPGSV,3,3,12,03,10,215,26,21,02,172,,28,00,110,21,46,25,250,25*73
$GPRMC,124450.000,A,2632.9379,N,07703.2121,W,0.17,72.53,280324,,,A*42
$GPVTG,72.53,T,,M,0.17,N,0.3,K,A*3B
$GPGGA,124455.000,2632.9378,N,07703.2118,W,1,08,1.1,-0.3,M,-33.0,M,,0000*4F
$GPGSA,A,3,09,31,27,26,08,04,16,03,,,,,1.7,1.1,1.3*34
$GPGSV,3,1,12,04,74,245,37,27,67,095,41,08,54,181,43,16,46,026,37*76
$GPGSV,3,2,12,09,39,309,31,31,23,096,36,26,20,051,30,07,11,305,*79
$GPGSV,3,3,12,03,10,215,27,21,02,172,15,28,00,110,22,46,25,250,29*79
$GPRMC,124455.000,A,2632.9378,N,07703.2118,W,0.17,76.04,280324,,,A*4A
$GPVTG,76.04,T,,M,0.17,N,0.3,K,A*3D
$GPGGA,124500.000,2632.9378,N,07703.2116,W,1,08,1.1,-0.2,M,-33.0,M,,0000*41
$GPGSA,A,3,09,31,27,26,08,04,16,03,,,,,1.7,1.1,1.3*34
$GPGSV,3,1,12,04,74,245,37,27,67,095,41,08,54,181,43,16,46,026,37*76
$GPGSV,3,2,12,09,39,309,31,31,23,096,36,26,20,051,32,07,11,305,*7B
$GPGSV,3,3,12,03,10,215,28,21,02,172,23,28,00,110,22,46,25,250,27*7D
$GPRMC,124500.000,A,2632.9378,N,07703.2116,W,0.15,72.03,280324,,,A*44
$GPVTG,72.03,T,,M,0.15,N,0.3,K,A*3C
$GPGGA,124505.000,2632.9378,N,07703.2114,W,1,08,1.1,-0.3,M,-33.0,M,,0000*47
$GPGSA,A,3,09,31,27,26,08,04,16,03,,,,,1.7,1.1,1.3*34
$GPGSV,3,1,12,04,74,245,37,27,67,095,41,08,54,181,43,16,46,026,38*79
$GPGSV,3,2,12,09,39,309,32,31,23,096,36,26,20,051,32,07,11,305,*78
$GPGSV,3,3,12,03,10,215,27,21,02,172,23,28,00,110,22,46,25,250,32*76
$GPRMC,124505.000,A,2632.9378,N,07703.2114,W,0.13,76.28,280324,,,A*48
$GPVTG,76.28,T,,M,0.13,N,0.2,K,A*36
$GPGGA,124510.000,2632.9379,N,07703.2113,W,1,08,1.1,-0.4,M,-33.0,M,,0000*42
$GPGSA,A,3,09,31,27,26,08,04,16,03,,,,,1.7,1.1,1.3*34
$GPGSV,3,1,12,04,74,245,37,27,67,095,41,08,54,181,42,16,46,026,38*78
$GPGSV,3,2,12,09,39,309,32,31,23,096,36,26,20,051,33,07,11,305,*79
$GPGSV,3,3,12,03,10,215,27,21,02,172,23,28,00,110,22,46,25,250,30*74
$GPRMC,124510.000,A,2632.9379,N,07703.2113,W,0.10,72.58,280324,,,A*4A
$GPVTG,72.58,T,,M,0.10,N,0.2,K,A*36
$GPGGA,124515.000,2632.9378,N,07703.2112,W,1,08,1.1,-0.4,M,-33.0,M,,0000*47
$GPGSA,A,3,09,31,27,26,08,04,16,03,,,,,1.7,1.1,1.3*34
$GPGSV,3,1,12,04,74,245,36,27,67,095,41,08,54,181,42,16,46,026,38*79
$GPGSV,3,2,12,09,39,309,32,31,23,096,36,26,20,051,33,07,11,305,*79
$GPGSV,3,3,12,03,10,215,27,21,02,172,22,28,00,110,21,46,25,250,29*7E
$GPRMC,124515.000,A,2632.9378,N,07703.2112,W,0.06,65.26,280324,,,A*47
$GPVTG,65.26,T,,M,0.06,N,0.1,K,A*3D
$GPGGA,124520.000,2632.9378,N,07703.2112,W,1,08,1.1,-0.4,M,-33.0,M,,0000*41
$GPGSA,A,3,09,31,27,26,08,04,16,03,,,,,1.7,1.1,1.3*34
$GPGSV,3,1,12,04,74,245,37,27,67,095,41,08,54,181,43,16,46,026,38*79
$GPGSV,3,2,12,09,39,309,32,31,23,096,36,26,20,051,33,07,11,305,18*70
$GPGSV,3,3,12,03,10,215,29,21,02,172,,28,00,110,21,46,25,250,27*7E
$GPVTG,58.52,T,,M,0.08,N,0.1,K,A*3E
$GPGGA,124525.000,2632.9378,N,07703.2112,W,1,08,1.1,-0.4,M,-33.0,M,,0000*44
$GPGSA,A,3,09,31,27,26,08,04,16,03,,,,,1.7,1.1,1.3*34
$GPGSV,3,1,11,04,74,245,37,27,67,095,41,08,54,181,43,16,46,026,37*75
$GPGSV,3,2,11,09,39,309,33,31,23,096,36,26,20,051,33,07,11,305,*7B
$GPGSV,3,3,11,03,10,215,29,21,02,172,,28,00,110,21*4A
$GPRMC,124525.000,A,2632.9378,N,07703.2112,W,0.03,58.18,280324,,,A*42
$GPVTG,58.18,T,,M,0.03,N,0.1,K,A*3B
$GPGGA,124530.000,2632.9378,N,07703.2112,W,1,08,1.1,-0.2,M,-33.0,M,,0000*46
$GPGSA,A,3,09,31,27,26,08,04,16,03,,,,,1.7,1.1,1.3*34
$GPGSV,3,1,11,04,74,245,37,27,67,095,41,08,54,181,43,16,46,026,36*74
$GPGSV,3,2,11,09,39,309,33,31,23,096,36,26,20,051,32,07,11,305,*7A
$GPGSV,3,3,11,03,10,215,24,21,02,172,,28,00,110,12*47
$GPRMC,124530.000,A,2632.9378,N,07703.2112,W,0.09,48.83,280324,,,A*4F
$GPVTG,48.83,T,,M,0.09,N,0.2,K,A*31
$GPGGA,124535.000,2632.9378,N,07703.2112,W,1,08,1.1,-0.2,M,-33.0,M,,0000*43
$GPGSA,A,3,09,31,27,26,08,04,16,03,,,,,1.7,1.1,1.3*34
$GPGSV,3,1,11,04,74,245,37,27,67,095,40,08,54,181,43,16,46,026,36*75
$GPGSV,3,2,11,09,39,309,32,31,23,096,35,26,20,051,32,07,11,305,*78
$GPGSV,3,3,11,03,10,215,25,21,02,172,,28,00,110,*45
$GPRMC,124535.000,A,2632.9378,N,07703.2112,W,0.07,56.49,280324,,,A*4D
$GPVTG,56.49,T,,M,0.07,N,0.1,K,A*35
$GPGGA,124540.000,2632.9378,N,07703.2110,W,1,08,1.1,-0.1,M,-33.0,M,,0000*40
$GPGSA,A,3,09,31,27,26,08,04,16,03,,,,,1.7,1.1,1.3*34
$GPGSV,3,1,11,04,74,245,38,27,67,095,40,08,54,181,43,16,46,026,37*7B
$GPGSV,3,2,11,09,39,309,31,31,23,096,35,26,20,051,31,07,11,305,*78
$GPGSV,3,3,11,03,10,215,27,21,02,172,24,28,00,110,*41
$GPRMC,124540.000,A,2632.9378,N,07703.2110,W,0.08,78.35,280324,,,A*45
$GPVTG,78.35,T,,M,0.08,N,0.1,K,A*3D
$GPGGA,124545.000,2632.9378,N,07703.2110,W,1,08,1.1,-0.1,M,-33.0,M,,0000*45
$GPGSA,A,3,09,31,27,26,08,04,16,03,,,,,1.7,1.1,1.3*34
$GPGSV,3,1,11,04,73,242,38,27,67,093,40,08,55,181,43,16,46,027,37*7D
$GPGSV,3,2,11,09,40,308,26,31,22,096,35,26,19,051,29,07,12,306,17*75
$GPRMC,124545.000,A,2632.9378,N,07703.2110,W,0.02,26.66,280324,,,A*47
$GPVTG,26.66,T,,M,0.02,N,0.0,K,A*3B
$GPGGA,124550.000,2632.9378,N,07703.2110,W,1,08,1.1,-0.4,M,-33.0,M,,0000*44
$GPGSA,A,3,09,31,27,26,08,04,16,03,,,,,1.7,1.1,1.3*34
$GPGSV,3,1,11,04,73,242,38,27,67,093,40,08,55,181,42,16,46,027,37*7C
$GPGSV,3,2,11,09,40,308,27,31,22,096,35,26,19,051,21,07,12,306,22*7A
$GPGSV,3,3,11,03,10,214,29,21,03,171,18,28,00,110,14*46
$GPRMC,124550.000,A,2632.9378,N,07703.2110,W,0.05,71.82,280324,,,A*4C
$GPGGA,124555.000,2632.9377,N,07703.2111,W,1,08,1.1,-0.6,M,-33.0,M,,0000*4D
$GPGSA,A,3,09,31,27,26,08,04,16,03,,,,,1.7,1.1,1.3*34
$GPGSV,3,1,11,04,73,242,38,27,67,093,40,08,55,181,42,16,46,027,37*7C
$GPGSV,3,2,11,09,40,308,28,31,22,096,35,26,19,051,30,07,12,306,22*75
$GPGSV,3,3,11,03,10,214,30,21,03,171,,28,00,110,14*47
$GPRMC,124555.000,A,2632.9377,N,07703.2111,W,0.01,150.45,280324,,,A*7A
$GPVTG,150.45,T,,M,0.01,N,0.0,K,A*09
$GPGGA,124600.000,2632.9377,N,07703.2111,W,1,08,1.1,-0.9,M,-33.0,M,,0000*41
$GPGSA,A,3,09,31,27,26,08,04,16,03,,,,,1.7,1.1,1.3*34
$GPGSV,3,1,11,04,73,242,38,27,67,093,40,08,55,181,42,16,46,027,37*7C
$GPGSV,3,2,11,09,40,308,30,31,22,096,36,26,19,051,31,07,12,306,22*7E
$GPGSV,3,3,11,03,10,214,30,21,03,171,24,28,00,110,21*47
$GPRMC,124600.000,A,2632.9377,N,07703.2111,W,0.01,298.06,280324,,,A*79
$GPVTG,298.06,T,,M,0.01,N,0.0,K,A*09
$GPGGA,124605.000,2632.9377,N,07703.2111,W,1,08,1.1,-0.6,M,-33.0,M,,0000*4B
$GPGSA,A,3,09,31,27,26,08,04,16,03,,,,,1.7,1.1,1.3*34
$GPGSV,3,1,11,04,73,242,38,27,67,093,40,08,55,181,42,16,46,027,37*7C
$GPGSV,3,2,11,09,40,308,29,31,22,096,35,26,19,051,32,07,12,306,21*75
$GPGSV,3,3,11,03,10,214,17,21,03,171,,28,00,110,16*40
$GPRMC,124605.000,A,2632.9377,N,07703.2111,W,0.10,80.66,280324,,,A*41
$GPVTG,80.66,T,,M,0.10,N,0.2,K,A*36
$GPGGA,124610.000,2632.9377,N,07703.2111,W,1,08,1.1,-0.8,M,-33.0,M,,0000*41
$GPGSA,A,3,09,31,27,26,08,04,16,03,,,,,1.7,1.1,1.3*34
$GPGSV,3,1,11,04,73,241,38,27,67,092,40,08,55,181,42,16,46,027,38*71
$GPGSV,3,2,11,09,40,308,27,31,22,096,35,26,19,051,33,07,12,306,20*7B
$GPGSV,3,3,11,03,10,214,18,21,03,171,,28,00,111,*49
$GPRMC,124610.000,A,2632.9377,N,07703.2111,W,0.06,93.11,280324,,,A*40
$GPVTG,93.11,T,,M,0.06,N,0.1,K,A*30
$GPGGA,124615.000,2632.9377,N,07703.2110,W,1,08,1.1,-0.8,M,-33.0,M,,0000*45
$GPGSA,A,3,09,31,27,26,08,04,16,03,,,,,1.7,1.1,1.3*34
$GPGSV,3,1,11,04,73,241,37,27,67,092,40,08,55,181,42,16,46,027,38*7E
$GPGSV,3,2,11,09,40,308,23,31,22,096,35,26,19,051,32,07,12,306,21*7F
$GPGSV,3,3,11,03,10,214,24,21,03,171,17,28,00,111,*40
$GPVTG,314.27,T,,M,0.05,N,0.1,K,A*0A
$GPGGA,124620.000,2632.9377,N,07703.2112,W,1,08,1.1,-1.4,M,-33.0,M,,0000*4C
$GPGSA,A,3,09,31,27,26,08,04,16,03,,,,,1.7,1.1,1.3*34
$GPGSV,3,1,11,04,73,241,37,27,67,092,39,08,55,181,42,16,46,027,38*70
$GPGSV,3,2,11,09,40,308,24,31,22,096,35,26,19,051,32,07,12,306,27*7E
$GPGSV,3,3,11,03,10,214,23,21,03,171,16,28,00,111,*46
$GPRMC,124620.000,A,2632.9377,N,07703.2112,W,0.11,347.15,280324,,,A*78
$GPVTG,347.15,T,,M,0.11,N,0.2,K,A*0B
$GPGGA,124625.000,2632.9377,N,07703.2111,W,1,08,1.1,-1.2,M,-33.0,M,,0000*4C
$GPGSA,A,3,09,31,27,26,08,04,16,03,,,,,1.7,1.1,1.3*34
$GPGSV,3,1,11,04,73,241,37,27,67,092,39,08,55,181,42,16,46,027,39*71
$GPGSV,3,2,11,09,40,308,25,31,22,096,36,26,19,051,32,07,12,306,26*7D
$GPGSV,3,3,11,03,10,214,23,21,03,171,16,28,00,111,*46
$GPRMC,124625.000,A,2632.9377,N,07703.2111,W,0.12,50.98,280324,,,A*4D
$GPVTG,50.98,T,,M,0.12,N,0.2,K,A*38
$GPGGA,124630.000,2632.9377,N,07703.2110,W,1,08,1.1,-1.0,M,-33.0,M,,0000*4B
$GPGSA,A,3,09,31,27,26,08,04,16,03,,,,,1.7,1.1,1.3*34
$GPGSV,3,1,11,04,73,241,37,27,67,092,39,08,55,181,42,16,46,027,39*71
$GPGSV,3,2,11,09,40,308,29,31,22,096,36,26,19,051,32,07,12,306,22*75
$GPGSV,3,3,11,03,10,214,22,21,03,171,25,28,00,111,*47
$GPRMC,124630.000,A,2632.9377,N,07703.2110,W,0.04,25.28,280324,,,A*46
$GPVTG,25.28,T,,M,0.04,N,0.1,K,A*35
$GPGGA,124635.000,2632.9377,N,07703.2109,W,1,08,1.1,-0.7,M,-33.0,M,,0000*40
$GPGSA,A,3,09,31,27,26,08,04,16,03,,,,,1.7,1.1,1.3*34
$GPGSV,3,1,11,04,73,241,37,27,67,092,38,08,55,181,42,16,46,027,39*70
$GPGSV,3,2,11,09,40,308,29,31,22,096,36,26,19,051,31,07,12,306,24*70
$GPGSV,3,3,11,03,10,214,23,21,03,171,23,28,00,111,*40
$GPRMC,124635.000,A,2632.9377,N,07703.2109,W,0.23,301.29,280324,,,A*7A
$GPVTG,301.29,T,,M,0.23,N,0.4,K,A*01
$GPGGA,124640.000,2632.9377,N,07703.2111,W,1,08,1.1,-0.9,M,-33.0,M,,0000*45
$GPGSA,A,3,09,31,27,26,08,04,16,03,,,,,1.7,1.1,1.3*34
$GPGSV,3,1,11,04,73,241,37,27,67,091,38,08,56,181,42,16,45,027,39*73
$GPGSV,3,2,11,09,40,308,28,31,22,097,36,26,19,052,31,07,12,306,24*73
$GPGSV,3,3,11,03,10,214,31,21,03,171,22,28,00,111,*42
$GPRMC,124640.000,A,2632.9377,N,07703.2111,W,0.03,256.60,280324,,,A*7D
$GPVTG,256.60,T,,M,0.03,N,0.0,K,A*09
$GPGGA,124645.000,2632.9376,N,07703.2111,W,1,08,1.1,-1.0,M,-33.0,M,,0000*49
$GPGSA,A,3,09,31,27,26,08,04,16,03,,,,,1.7,1.1,1.3*34
$GPGSV,3,1,11,04,73,240,37,27,67,091,38,08,56,181,42,16,45,027,39*72
$GPGSV,3,2,11,09,40,308,29,31,22,097,36,26,19,052,30,07,12,306,23*74
$GPGSV,3,3,11,03,10,214,32,21,03,171,22,28,00,111,*41
$GPVTG,176.30,T,,M,0.02,N,0.0,K,A*0C
$GPGGA,124650.000,2632.9376,N,07703.2112,W,1,08,1.1,-1.3,M,-33.0,M,,0000*4D
$GPGSA,A,3,09,31,27,26,08,04,16,03,,,,,1.7,1.1,1.3*34
$GPGSV,3,1,11,04,73,240,37,27,67,091,38,08,56,181,42,16,45,027,39*72
$GPGSV,3,2,11,09,40,308,27,31,22,097,36,26,19,052,30,07,12,306,22*7B
$GPGSV,3,3,11,03,10,214,31,21,03,171,21,28,00,111,*41
$GPRMC,124650.000,A,2632.9376,N,07703.2112,W,0.05,303.08,280324,,,A*77
$GPVTG,303.08,T,,M,0.05,N,0.1,K,A*01
$GPGGA,124655.000,2632.9376,N,07703.2113,W,1,08,1.1,-1.4,M,-33.0,M,,0000*4E
$GPGSA,A,3,09,31,27,26,08,04,16,03,,,,,1.7,1.1,1.3*34
$GPGSV,3,1,11,04,73,240,37,27,67,091,37,08,56,181,42,16,45,027,39*7D
$GPGSV,3,2,11,09,40,308,31,31,22,097,36,26,19,052,30,07,12,306,19*74
$GPGSV,3,3,11,03,10,214,31,21,03,171,20,28,00,111,*40
$GPRMC,124655.000,A,2632.9376,N,07703.2113,W,0.07,307.10,280324,,,A*7C
$GPVTG,307.10,T,,M,0.07,N,0.1,K,A*0E
$GPGGA,124700.000,2632.9376,N,07703.2112,W,1,08,1.1,-1.4,M,-33.0,M,,0000*4E
$GPGSA,A,3,09,31,27,26,08,04,16,03,,,,,1.7,1.1,1.3*34
$GPGSV,3,1,11,04,73,240,38,27,67,091,37,08,56,181,42,16,45,027,39*72
$GPGSV,3,2,11,09,40,308,31,31,22,097,36,26,19,052,31,07,12,306,19*75
$GPGSV,3,3,11,03,10,214,31,21,03,171,20,28,00,111,*40
$GPRMC,124700.000,A,2632.9376,N,07703.2112,W,0.03,309.84,280324,,,A*7B
$GPVTG,309.84,T,,M,0.03,N,0.1,K,A*09
$GPGGA,124705.000,2632.9372,N,07703.2113,W,1,08,1.1,-1.1,M,-33.0,M,,0000*4B
$GPGSA,A,3,09,31,27,26,08,04,16,03,,,,,1.7,1.1,1.3*34
$GPGSV,3,1,11,04,73,240,32,27,67,091,32,08,56,181,35,16,45,027,39*7D
$GPGSV,3,2,11,09,40,308,26,31,22,097,30,26,19,052,15,07,12,306,28*71
$GPGSV,3,3,11,03,10,214,24,21,03,171,26,28,00,111,*42
$GPRMC,124705.000,A,2632.9372,N,07703.2113,W,0.08,74.70,280324,,,A*42
$GPVTG,74.70,T,,M,0.08,N,0.1,K,A*30
$GPGGA,124710.000,2632.9371,N,07703.2115,W,1,08,1.1,-1.2,M,-33.0,M,,0000*49
$GPGSA,A,3,09,31,27,26,08,04,16,03,,,,,1.7,1.1,1.3*34
$GPGSV,3,1,11,04,73,240,32,27,67,091,35,08,56,181,34,16,45,027,38*7A
$GPGSV,3,2,11,09,40,308,29,31,22,097,31,26,19,052,25,07,12,306,20*74
$GPGSV,3,3,11,03,10,214,23,21,03,171,22,28,00,111,*41
$GPRMC,124710.000,A,2632.9371,N,07703.2115,W,0.14,244.62,280324,,,A*7C
$GPVTG,244.62,T,,M,0.14,N,0.3,K,A*0D
$GPGGA,124715.000,2632.9367,N,07703.2111,W,1,08,1.1,-0.5,M,-33.0,M,,0000*49
$GPGSA,A,3,09,31,27,26,08,04,16,03,,,,,1.7,1.1,1.3*34
$GPGSV,3,1,11,04,73,240,32,27,67,091,36,08,56,181,33,16,45,027,19*7D
$GPGSV,3,2,11,09,40,308,32,31,22,097,31,26,19,052,27,07,12,306,22*7E
$GPGSV,3,3,11,03,09,214,21,21,03,171,22,28,00,111,*4B
$GPVTG,313.47,T,,M,0.04,N,0.1,K,A*0A
$GPGGA,124720.000,2632.9367,N,07703.2111,W,1,08,1.1,-1.0,M,-33.0,M,,0000*4B
$GPGSA,A,3,09,31,27,26,08,04,16,03,,,,,1.7,1.1,1.3*34
$GPGSV,3,1,11,04,73,240,31,27,67,091,36,08,56,181,33,16,45,027,31*74
$GPGSV,3,2,11,09,40,308,29,31,22,097,32,26,19,052,28,07,12,306,21*7B
$GPGSV,3,3,11,03,09,214,16,21,03,171,22,28,00,111,*4F
$GPRMC,124720.000,A,2632.9367,N,07703.2111,W,0.27,212.47,280324,,,A*78
$GPVTG,212.47,T,,M,0.27,N,0.5,K,A*0F
$GPGGA,124725.000,2632.9367,N,07703.2116,W,1,08,1.1,-0.7,M,-33.0,M,,0000*4F
$GPGSA,A,3,09,31,27,26,08,04,16,03,,,,,1.7,1.1,1.3*34
$GPGSV,3,1,11,04,73,240,31,27,67,091,37,08,56,181,24,16,45,027,34*76
$GPGSV,3,2,11,09,40,308,26,31,22,097,31,26,19,052,32,07,12,306,15*7B
$GPGSV,3,3,11,03,09,214,25,21,03,171,19,28,00,111,*47
$GPRMC,124725.000,A,2632.9367,N,07703.2116,W,0.10,326.74,280324,,,A*78
$GPVTG,326.74,T,,M,0.10,N,0.2,K,A*0A
$GPGGA,124730.000,2632.9363,N,07703.2120,W,1,08,1.1,-0.3,M,-33.0,M,,0000*4E
$GPGSA,A,3,09,31,27,26,08,04,16,03,,,,,1.7,1.1,1.3*34
$GPGSV,3,1,11,04,73,240,26,27,67,091,37,08,56,181,26,16,45,027,33*75
$GPGSV,3,2,11,09,40,308,26,31,22,097,32,26,19,052,32,07,12,306,16*7B
$GPGSV,3,3,11,03,09,214,25,21,03,171,18,28,00,111,*46
$GPRMC,124730.000,A,2632.9363,N,07703.2120,W,0.27,112.55,280324,,,A*7F
$GPVTG,112.55,T,,M,0.27,N,0.5,K,A*0F
$GPGGA,124735.000,2632.9365,N,07703.2121,W,1,08,1.1,-0.3,M,-33.0,M,,0000*4C
$GPGSA,A,3,09,31,27,26,08,04,16,03,,,,,1.7,1.1,1.3*34
$GPGSV,3,1,11,04,73,240,25,27,67,091,37,08,56,181,28,16,45,027,34*7F
$GPGSV,3,2,11,09,40,308,21,31,22,097,31,26,19,052,31,07,12,306,16*7C
$GPGSV,3,3,11,03,09,214,25,21,03,171,17,28,00,111,*49
$GPRMC,124735.000,A,2632.9365,N,07703.2121,W,0.20,303.69,280324,,,A*77
$GPVTG,303.69,T,,M,0.20,N,0.4,K,A*04
$GPGGA,124740.000,2632.9361,N,07703.2115,W,1,08,1.1,-1.6,M,-33.0,M,,0000*49
$GPGSA,A,3,09,31,27,26,08,04,16,03,,,,,1.7,1.1,1.3*34
$GPGSV,3,1,11,04,73,240,32,27,67,091,36,08,56,181,29,16,45,027,31*7C
$GPGSV,3,2,11,09,40,308,25,31,22,097,34,26,19,052,32,07,12,306,25*7E
$GPGSV,3,3,11,03,09,214,18,21,03,171,18,28,00,111,*48
$GPRMC,124740.000,A,2632.9361,N,07703.2115,W,0.25,35.52,280324,,,A*4D
$GPVTG,35.52,T,,M,0.25,N,0.5,K,A*3E
$GPGGA,124745.000,2632.9353,N,07703.2105,W,1,08,1.1,0.0,M,-33.0,M,,0000*66
$GPGSA,A,3,09,31,27,26,08,04,16,03,,,,,1.7,1.1,1.3*34
$GPGSV,3,1,11,04,73,240,30,27,67,091,36,08,56,181,30,16,45,027,35*72
$GPGSV,3,2,11,09,40,308,18,31,22,097,23,26,19,052,32,07,12,306,14*74
$GPGSV,3,3,11,03,09,214,22,21,03,171,16,28,00,111,*4F
$GPRMC,124745.000,A,2632.9353,N,07703.2105,W,0.22,101.84,280324,,,A*72
$GPGGA,124750.000,2632.9359,N,07703.2109,W,1,08,1.1,0.9,M,-33.0,M,,0000*6D
$GPGSA,A,3,09,31,27,26,08,04,16,03,,,,,1.7,1.1,1.3*34
$GPGSV,3,1,11,04,73,240,30,27,67,091,36,08,56,181,31,16,45,027,36*70
$GPGSV,3,2,11,09,40,308,23,31,22,097,23,26,19,052,31,07,12,306,15*7E
$GPGSV,3,3,11,03,09,214,25,21,03,171,15,28,00,111,*4B
$GPRMC,124750.000,A,2632.9359,N,07703.2109,W,0.31,103.29,280324,,,A*77
$GPVTG,103.29,T,,M,0.31,N,0.6,K,A*00
$GPGGA,124755.000,2632.9363,N,07703.2119,W,1,08,1.1,0.9,M,-33.0,M,,0000*60
$GPGSA,A,3,09,31,27,26,08,04,16,03,,,,,1.7,1.1,1.3*34
$GPGSV,3,1,11,04,73,240,30,27,67,091,36,08,56,181,32,16,45,027,35*70
$GPGSV,3,2,11,09,40,308,23,31,22,097,24,26,19,052,31,07,12,306,15*79
$GPGSV,3,3,11,03,09,214,25,21,03,171,15,28,00,111,*4B
$GPRMC,124755.000,A,2632.9363,N,07703.2119,W,0.24,170.99,280324,,,A*71
$GPVTG,170.99,T,,M,0.24,N,0.4,K,A*09
$GPGGA,124800.000,2632.9366,N,07703.2120,W,1,08,1.1,0.5,M,-33.0,M,,0000*6C
$GPGSA,A,3,09,31,27,26,08,04,16,03,,,,,1.7,1.1,1.3*34
$GPGSV,3,1,11,04,73,240,30,27,67,091,36,08,56,181,32,16,45,027,35*70
$GPGSV,3,2,11,09,40,308,23,31,22,097,21,26,19,052,31,07,12,306,16*7F
$GPGSV,3,3,11,03,09,214,24,21,03,171,16,28,00,111,*49
$GPRMC,124800.000,A,2632.9366,N,07703.2120,W,0.44,320.64,280324,,,A*72
$GPVTG,320.64,T,,M,0.44,N,0.8,K,A*06
$GPGGA,124805.000,2632.9365,N,07703.2115,W,1,08,1.1,1.6,M,-33.0,M,,0000*6E
$GPGSA,A,3,09,31,27,26,08,04,16,03,,,,,1.7,1.1,1.3*34
$GPGSV,3,1,11,04,73,240,30,27,67,091,36,08,56,181,32,16,45,027,35*70
$GPGSV,3,2,11,09,40,308,25,31,22,097,22,26,19,052,30,07,12,306,16*7B
$GPGSV,3,3,11,03,09,214,24,21,03,171,16,28,00,111,*49
$GPRMC,124805.000,A,2632.9365,N,07703.2115,W,0.41,333.71,280324,,,A*71
$GPVTG,333.71,T,,M,0.41,N,0.8,K,A*05
$GPGGA,124810.000,2632.9367,N,07703.2111,W,1,07,1.5,1.9,M,-33.0,M,,0000*68
$GPGSA,A,3,09,31,27,26,08,04,16,,,,,,2.8,1.5,2.4*3B
$GPGSV,3,1,11,04,73,240,30,27,67,091,36,08,56,181,32,16,45,027,35*70
$GPGSV,3,2,11,09,40,308,28,31,22,097,22,26,19,052,30,07,12,306,17*77
$GPGSV,3,3,11,03,09,214,13,21,03,171,16,28,00,111,*4D
$GPRMC,124810.000,A,2632.9367,N,07703.2111,W,0.07,356.57,280324,,,A*76
$GPVTG,356.57,T,,M,0.07,N,0.1,K,A*09
$GPGGA,124815.000,2632.9365,N,07703.2100,W,1,07,1.5,3.3,M,-33.0,M,,0000*67
$GPGSA,A,3,09,31,27,26,08,04,16,,,,,,2.8,1.5,2.4*3B
$GPGSV,3,1,11,04,73,240,31,27,67,091,37,08,56,181,32,16,45,027,35*70
$GPGSV,3,2,11,09,40,308,23,31,22,097,22,26,19,052,31,07,12,306,18*72
$GPGSV,3,3,11,03,09,214,,21,03,171,17,28,00,111,*4E
$GPVTG,95.24,T,,M,0.24,N,0.5,K,A*34
$GPGGA,124820.000,2632.9363,N,07703.2095,W,1,08,1.1,1.9,M,-33.0,M,,0000*69
$GPGSA,A,3,09,31,27,26,08,04,16,03,,,,,1.7,1.1,1.3*34
$GPGSV,3,1,11,04,73,240,33,27,67,091,37,08,56,181,32,16,45,027,34*73
$GPGSV,3,2,11,09,40,308,26,31,22,097,30,26,19,052,31,07,12,306,25*7A
$GPGSV,3,3,11,03,09,214,21,21,03,171,16,28,00,111,*4C
$GPRMC,124820.000,A,2632.9363,N,07703.2095,W,0.12,268.22,280324,,,A*76
$GPVTG,268.22,T,,M,0.12,N,0.2,K,A*00
$GPGGA,124825.000,2632.9365,N,07703.2098,W,1,08,1.1,2.1,M,-33.0,M,,0000*6C
$GPGSA,A,3,09,31,27,26,08,04,16,03,,,,,1.7,1.1,1.3*34
$GPGSV,3,1,11,04,73,240,34,27,67,091,37,08,56,181,33,16,45,027,34*75
$GPGSV,3,2,11,09,40,308,25,31,22,097,31,26,19,052,32,07,12,306,17*7A
$GPGSV,3,3,11,03,09,214,21,21,03,171,19,28,00,111,*43
$GPRMC,124825.000,A,2632.9365,N,07703.2098,W,0.19,61.33,280324,,,A*48
$GPVTG,61.33,T,,M,0.19,N,0.3,K,A*31
$GPGGA,124830.000,2632.9366,N,07703.2104,W,1,08,1.1,1.0,M,-33.0,M,,0000*6D
$GPGSA,A,3,09,31,27,26,08,04,16,03,,,,,1.7,1.1,1.3*34
$GPGSV,3,1,11,04,73,240,35,27,67,091,38,08,56,181,35,16,45,027,36*7F
$GPGSV,3,2,11,09,40,308,19,31,22,097,27,26,19,052,32,07,12,306,21*77
$GPGSV,3,3,11,03,09,214,20,21,03,171,24,28,00,111,*4C
$GPRMC,124830.000,A,2632.9366,N,07703.2104,W,0.51,284.14,280324,,,A*7B
$GPVTG,284.14,T,,M,0.51,N,0.9,K,A*0B
$GPGGA,124835.000,2632.9368,N,07703.2108,W,1,08,1.1,1.1,M,-33.0,M,,0000*6B
$GPGSA,A,3,09,31,27,26,08,04,16,03,,,,,1.7,1.1,1.3*34
$GPGSV,3,1,11,04,73,240,35,27,67,091,38,08,56,181,35,16,45,027,36*7F
$GPGSV,3,2,11,09,40,308,21,31,22,097,27,26,19,052,31,07,12,306,20*7E
$GPGSV,3,3,11,03,09,214,22,21,03,171,24,28,00,111,*4E
$GPRMC,124835.000,A,2632.9368,N,07703.2108,W,0.33,310.87,280324,,,A*7E
$GPVTG,310.87,T,,M,0.33,N,0.6,K,A*06
$GPGGA,124840.000,2632.9370,N,07703.2113,W,1,08,1.1,0.5,M,-33.0,M,,0000*6F
$GPGSA,A,3,09,31,27,26,08,04,16,03,,,,,1.7,1.1,1.3*34
$GPGSV,3,1,11,04,73,240,35,27,67,091,38,08,56,181,35,16,45,027,36*7F
$GPGSV,3,2,11,09,40,308,21,31,22,097,32,26,19,052,26,07,12,306,21*7D
$GPRMC,124840.000,A,2632.9370,N,07703.2113,W,0.62,279.87,280324,,,A*75
$GPVTG,279.87,T,,M,0.62,N,1.2,K,A*09
$GPGGA,124845.000,2632.9370,N,07703.2116,W,1,08,1.1,0.5,M,-33.0,M,,0000*6F
$GPGSA,A,3,09,31,27,26,08,04,16,03,,,,,1.7,1.1,1.3*34
$GPGSV,3,1,11,04,73,237,36,27,67,089,39,08,57,181,35,16,45,028,36*7A
$GPGSV,3,2,11,09,41,307,21,31,21,097,32,26,19,052,28,07,12,307,27*79
$GPGSV,3,3,11,03,09,213,22,21,03,171,24,44,36,241,28*4A
$GPRMC,124845.000,A,2632.9370,N,07703.2116,W,0.07,119.54,280324,,,A*7D
$GPGGA,124850.000,2632.9368,N,07703.2117,W,1,08,1.1,-0.2,M,-33.0,M,,0000*49
$GPGSA,A,3,09,31,27,26,08,04,16,03,,,,,1.7,1.1,1.3*34
$GPGSV,3,1,11,04,73,237,36,27,67,089,39,08,57,181,35,16,45,028,36*7A
$GPGSV,3,2,11,09,41,307,21,31,21,097,32,26,19,052,32,07,12,307,22*77
$GPGSV,3,3,11,03,09,213,22,21,03,171,25,44,36,241,27*44
$GPRMC,124850.000,A,2632.9368,N,07703.2117,W,0.34,294.07,280324,,,A*71
$GPVTG,294.07,T,,M,0.34,N,0.6,K,A*04
$GPGGA,124855.000,2632.9370,N,07703.2118,W,1,08,1.1,-0.1,M,-33.0,M,,0000*49
$GPGSA,A,3,09,31,27,26,08,04,16,03,,,,,1.7,1.1,1.3*34
$GPGSV,3,1,11,04,73,237,36,27,67,089,39,08,57,181,35,16,45,028,37*7B
$GPGSV,3,2,11,09,41,307,21,31,21,097,24,26,19,052,32,07,12,307,16*77
$GPGSV,3,3,11,03,09,213,23,21,03,171,25,44,36,241,29*4B
$GPRMC,124855.000,A,2632.9370,N,07703.2118,W,0.38,303.19,280324,,,A*7E
$GPVTG,303.19,T,,M,0.38,N,0.7,K,A*09
$GPGGA,124900.000,2632.9370,N,07703.2120,W,1,08,1.1,0.2,M,-33.0,M,,0000*6D
$GPGSA,A,3,09,31,27,26,08,04,16,03,,,,,1.7,1.1,1.3*34
$GPGSV,3,1,11,04,73,237,36,27,67,089,38,08,57,181,35,16,45,028,37*7A
$GPGSV,3,2,11,09,41,307,21,31,21,097,24,26,19,052,32,07,12,307,15*74
$GPGSV,3,3,11,03,09,213,23,21,03,171,24,44,36,241,30*42
$GPRMC,124900.000,A,2632.9370,N,07703.2120,W,0.16,271.55,280324,,,A*74
$GPVTG,271.55,T,,M,0.16,N,0.3,K,A*0D
$GPGGA,124905.000,2632.9371,N,07703.2121,W,1,08,1.1,0.7,M,-33.0,M,,0000*6D
$GPGSA,A,3,09,31,27,26,08,04,16,03,,,,,1.7,1.1,1.3*34
$GPGSV,3,1,11,04,73,237,37,27,67,089,38,08,57,181,36,16,45,028,37*78
$GPGSV,3,2,11,09,41,307,21,31,21,097,28,26,19,052,33,07,12,307,15*79
$GPGSV,3,3,11,03,09,213,23,21,03,171,20,44,36,241,32*44
$GPRMC,124905.000,A,2632.9371,N,07703.2121,W,0.39,120.49,280324,,,A*76
$GPVTG,120.49,T,,M,0.39,N,0.7,K,A*0E
$GPGGA,124910.000,2632.9372,N,07703.2117,W,1,08,1.1,1.7,M,-33.0,M,,0000*6E
$GPGSA,A,3,09,31,27,26,08,04,16,03,,,,,1.7,1.1,1.3*34
$GPGSV,3,1,11,04,72,236,37,27,67,088,38,08,57,181,36,16,44,028,38*77
$GPGSV,3,2,11,09,41,307,22,31,21,098,27,26,18,052,33,07,13,307,24*78
$GPGSV,3,3,11,03,09,213,22,21,04,170,22,44,36,241,31*42
$GPVTG,346.00,T,,M,0.30,N,0.6,K,A*09
$GPGGA,124915.000,2632.9374,N,07703.2118,W,1,07,1.5,2.1,M,-33.0,M,,0000*6C
$GPGSA,A,3,09,31,27,26,08,04,16,,,,,,2.8,1.5,2.4*3B
$GPGSV,3,1,10,04,72,236,37,27,67,088,38,08,57,181,35,16,44,028,38*75
$GPGSV,3,2,10,09,41,307,22,31,21,098,28,26,18,052,33,07,13,307,12*73
$GPGSV,3,3,10,03,09,213,,21,04,170,22*73
$GPRMC,124915.000,A,2632.9374,N,07703.2118,W,0.22,104.25,280324,,,A*7E
$GPVTG,104.25,T,,M,0.22,N,0.4,K,A*0B
$GPGGA,124920.000,2632.9375,N,07703.2116,W,1,08,1.1,2.9,M,-33.0,M,,0000*66
$GPGSA,A,3,09,31,27,26,08,04,16,03,,,,,1.7,1.1,1.3*34
$GPGSV,3,1,10,04,72,236,36,27,67,088,38,08,57,181,29,16,44,028,38*79
$GPGSV,3,2,10,09,41,307,27,31,21,098,29,26,18,052,32,07,13,307,24*73
$GPGSV,3,3,10,03,09,213,22,21,04,170,22*73
$GPRMC,124920.000,A,2632.9375,N,07703.2116,W,0.27,89.31,280324,,,A*43
$GPVTG,89.31,T,,M,0.27,N,0.5,K,A*3E
$GPGGA,124925.000,2632.9374,N,07703.2114,W,1,08,1.1,3.2,M,-33.0,M,,0000*6A
$GPGSA,A,3,09,31,27,26,08,04,16,03,,,,,1.7,1.1,1.3*34
$GPGSV,3,1,10,04,72,236,36,27,67,088,37,08,57,181,27,16,44,028,37*77
$GPGSV,3,2,10,09,41,307,28,31,21,098,24,26,18,052,31,07,13,307,24*72
$GPGSV,3,3,10,03,09,213,21,21,04,170,*70
$GPRMC,124925.000,A,2632.9374,N,07703.2114,W,0.11,141.27,280324,,,A*72
$GPVTG,141.27,T,,M,0.11,N,0.2,K,A*0E
$GPGGA,124930.000,2632.9366,N,07703.2111,W,1,06,1.7,3.0,M,-33.0,M,,0000*62
$GPGSA,A,3,09,27,26,08,04,16,,,,,,,3.4,1.7,2.9*3B
$GPGSV,3,1,10,04,72,236,36,27,67,088,37,08,57,181,24,16,44,028,36*75
$GPGSV,3,2,10,09,41,307,27,31,21,098,,26,18,052,31,07,13,307,20*7F
$GPGSV,3,3,10,03,09,213,,21,04,170,*73
$GPRMC,124930.000,A,2632.9366,N,07703.2111,W,0.19,350.12,280324,,,A*7C
$GPVTG,350.12,T,,M,0.19,N,0.3,K,A*03
$GPGGA,124935.000,2632.9365,N,07703.2105,W,1,08,1.1,4.2,M,-33.0,M,,0000*6C
$GPGSA,A,3,09,31,03,27,26,08,04,16,,,,,1.7,1.1,1.3*34
$GPGSV,3,1,10,04,72,236,35,27,67,088,37,08,57,181,24,16,44,028,36*76
$GPGSV,3,2,10,09,41,307,26,31,21,098,21,26,18,052,30,07,13,307,18*77
$GPGSV,3,3,10,03,09,213,22,21,04,170,*73
$GPVTG,75.34,T,,M,0.27,N,0.5,K,A*38
$GPGGA,124940.000,2632.9369,N,07703.2096,W,1,08,1.1,6.7,M,-33.0,M,,0000*6E
$GPGSA,A,3,09,31,03,27,26,08,04,16,,,,,1.7,1.1,1.3*34
$GPGSV,3,1,11,04,72,236,35,27,67,087,37,08,57,181,24,16,44,028,36*78
$GPGSV,3,2,11,09,41,307,28,31,21,098,22,26,18,052,28,07,13,307,24*7D
$GPGSV,3,3,11,03,09,213,22,21,04,170,,48,29,248,31*49
$GPRMC,124940.000,A,2632.9369,N,07703.2096,W,0.46,129.03,280324,,,A*7C
$GPVTG,129.03,T,,M,0.46,N,0.8,K,A*0E
$GPGGA,124945.000,2632.9368,N,07703.2093,W,1,08,1.1,7.4,M,-33.0,M,,0000*6D
$GPGSA,A,3,09,31,03,27,26,08,04,16,,,,,1.7,1.1,1.3*34
$GPGSV,3,1,11,04,72,236,34,27,67,087,37,08,57,181,29,16,44,028,29*7A
$GPGSV,3,2,11,09,41,307,30,31,21,098,23,26,18,052,27,07,13,307,17*7A
$GPGSV,3,3,11,03,09,213,23,21,04,170,,48,29,248,29*41
$GPRMC,124945.000,A,2632.9368,N,07703.2093,W,0.31,66.59,280324,,,A*48
$GPVTG,66.59,T,,M,0.31,N,0.6,K,A*35
$GPGGA,124950.000,2632.9368,N,07703.2094,W,1,08,1.1,7.1,M,-33.0,M,,0000*6B
$GPGSA,A,3,09,31,03,27,26,08,04,16,,,,,1.7,1.1,1.3*34
$GPGSV,3,1,11,04,72,236,34,27,67,087,36,08,57,181,30,16,44,028,29*73
$GPGSV,3,2,11,09,41,307,25,31,21,098,20,26,18,052,29,07,13,307,18*7C
$GPGSV,3,3,11,03,09,213,23,21,04,170,,48,29,248,23*4B
$GPRMC,124950.000,A,2632.9368,N,07703.2094,W,0.51,93.38,280324,,,A*40
$GPVTG,93.38,T,,M,0.51,N,0.9,K,A*31
$GPGGA,124955.000,2632.9366,N,07703.2092,W,1,07,1.3,7.2,M,-33.0,M,,0000*68
$GPGSA,A,3,09,03,27,26,08,04,16,,,,,,1.8,1.3,1.4*3C
$GPGSV,3,1,10,04,72,236,33,27,67,087,36,08,57,181,31,16,44,028,30*7C
$GPGSV,3,2,10,09,41,307,26,31,21,098,,26,18,052,28,07,13,307,19*7C
$GPGSV,3,3,10,03,09,213,23,21,04,170,*72
$GPRMC,124955.000,A,2632.9366,N,07703.2092,W,0.21,214.92,280324,,,A*77
$GPVTG,214.92,T,,M,0.21,N,0.4,K,A*06
$GPGGA,125000.000,2632.9364,N,07703.2090,W,1,08,1.1,7.3,M,-33.0,M,,0000*6C
$GPGSA,A,3,09,31,03,27,26,08,04,16,,,,,1.7,1.1,1.3*34
$GPGSV,3,1,10,04,72,236,33,27,67,087,36,08,57,181,31,16,44,028,31*7D
$GPGSV,3,2,10,09,41,307,26,31,21,098,18,26,18,052,28,07,13,307,20*7F
$GPRMC,125000.000,A,2632.9364,N,07703.2090,W,0.31,327.25,280324,,,A*73
$GPVTG,327.25,T,,M,0.31,N,0.6,K,A*08
$GPGGA,125005.000,2632.9369,N,07703.2101,W,1,08,1.1,6.5,M,-33.0,M,,0000*6A
$GPGSA,A,3,09,31,03,27,26,08,04,16,,,,,1.7,1.1,1.3*34
$GPGSV,3,1,10,04,72,236,33,27,67,087,35,08,57,181,31,16,44,028,31*7E
$GPGSV,3,2,10,09,41,307,26,31,21,098,18,26,18,052,29,07,13,307,21*7F
$GPGSV,3,3,10,03,09,213,23,21,04,170,*72
$GPRMC,125005.000,A,2632.9369,N,07703.2101,W,0.11,19.31,280324,,,A*4B
$GPVTG,19.31,T,,M,0.11,N,0.2,K,A*35
$GPGGA,125010.000,2632.9368,N,07703.2103,W,1,08,1.1,5.6,M,-33.0,M,,0000*6D
$GPGSA,A,3,09,31,03,27,26,08,04,16,,,,,1.7,1.1,1.3*34
$GPGSV,3,1,11,04,72,236,33,27,67,087,35,08,57,181,30,16,44,028,31*7E
$GPGSV,3,2,11,09,41,307,27,31,21,098,20,26,18,052,29,07,13,307,20*75
$GPGSV,3,3,11,03,09,213,23,21,04,170,22,48,29,248,30*49
$GPRMC,125010.000,A,2632.9368,N,07703.2103,W,0.17,309.06,280324,,,A*7C
$GPVTG,309.06,T,,M,0.17,N,0.3,K,A*04
$GPGGA,125015.000,2632.9368,N,07703.2104,W,1,08,1.1,5.3,M,-33.0,M,,0000*6A
$GPGSA,A,3,09,31,03,27,26,08,04,16,,,,,1.7,1.1,1.3*34
$GPGSV,3,1,11,04,72,235,33,27,67,087,35,08,57,181,29,16,44,028,30*74
$GPGSV,3,2,11,09,41,306,29,31,21,098,25,26,18,053,29,07,13,307,19*74
$GPGSV,3,3,11,03,09,213,23,21,04,170,20,46,25,250,28*49
$GPRMC,125015.000,A,2632.9368,N,07703.2104,W,0.18,90.65,280324,,,A*47
$GPVTG,90.65,T,,M,0.18,N,0.3,K,A*3D
$GPGGA,125020.000,2632.9371,N,07703.2107,W,1,08,1.1,5.1,M,-33.0,M,,0000*65
$GPGSA,A,3,09,31,03,27,26,08,04,16,,,,,1.7,1.1,1.3*34
$GPGSV,3,1,11,04,72,235,33,27,67,087,36,08,57,181,26,16,44,028,31*79
$GPGSV,3,2,11,09,41,306,29,31,21,098,24,26,18,053,28,07,13,307,20*7E
$GPGSV,3,3,11,03,09,213,23,21,04,170,19,46,25,250,32*48
$GPRMC,125020.000,A,2632.9371,N,07703.2107,W,0.31,9.71,280324,,,A*74
$GPVTG,9.71,T,,M,0.31,N,0.6,K,A*06
$GPGGA,125025.000,2632.9364,N,07703.2108,W,1,08,1.1,4.9,M,-33.0,M,,0000*62
$GPGSA,A,3,09,31,03,27,26,08,04,16,,,,,1.7,1.1,1.3*34
$GPGSV,3,1,11,04,72,235,34,27,67,087,37,08,57,181,26,16,44,028,32*7C
$GPGSV,3,2,11,09,41,306,29,31,21,098,23,26,18,053,25,07,13,307,21*75
$GPGSV,3,3,11,03,09,213,22,21,04,170,18,46,25,250,31*4B
$GPRMC,125025.000,A,2632.9364,N,07703.2108,W,0.29,322.51,280324,,,A*7B
$GPVTG,322.51,T,,M,0.29,N,0.5,K,A*04
$GPGGA,125030.000,2632.9365,N,07703.2110,W,1,08,1.1,5.3,M,-33.0,M,,0000*65
$GPGSA,A,3,09,31,03,27,26,08,04,16,,,,,1.7,1.1,1.3*34
$GPGSV,3,1,11,04,72,235,34,27,67,087,37,08,57,181,26,16,44,028,33*7D
$GPGSV,3,2,11,09,41,306,21,31,21,098,16,26,18,053,24,07,13,307,*79
$GPGSV,3,3,11,03,09,213,22,21,04,170,17,46,25,250,25*41
$GPVTG,338.67,T,,M,0.31,N,0.6,K,A*00
$GPGGA,125035.000,2632.9374,N,07703.2115,W,1,07,1.5,6.0,M,-33.0,M,,0000*6E
$GPGSA,A,3,09,31,27,26,08,04,16,,,,,,2.8,1.5,2.4*3B
$GPGSV,3,1,11,04,72,235,34,27,67,087,36,08,57,181,26,16,44,028,34*7B
$GPGSV,3,2,11,09,41,306,23,31,21,098,25,26,18,053,25,07,13,307,*7A
$GPGSV,3,3,11,03,09,213,10,21,04,170,18,46,25,250,31*4A
$GPRMC,125035.000,A,2632.9374,N,07703.2115,W,0.59,317.76,280324,,,A*73
$GPVTG,317.76,T,,M,0.59,N,1.1,K,A*05
$GPGGA,125040.000,2632.9374,N,07703.2109,W,1,07,1.5,7.3,M,-33.0,M,,0000*63
$GPGSA,A,3,09,31,27,26,08,04,16,,,,,,2.8,1.5,2.4*3B
$GPGSV,3,1,11,04,72,235,35,27,67,087,36,08,57,181,25,16,44,028,35*78
$GPGSV,3,2,11,09,41,306,31,31,21,098,21,26,18,053,27,07,13,307,23*7E
$GPGSV,3,3,11,03,09,213,,21,04,170,18,46,25,250,30*4A
$GPRMC,125040.000,A,2632.9374,N,07703.2109,W,0.33,358.14,280324,,,A*7F
$GPVTG,358.14,T,,M,0.33,N,0.6,K,A*00
$GPGGA,125045.000,2632.9372,N,07703.2106,W,1,08,1.1,6.9,M,-33.0,M,,0000*6F
$GPGSA,A,3,09,31,27,26,08,04,03,16,,,,,1.7,1.1,1.3*34
$GPGSV,3,1,10,04,72,235,35,27,67,087,37,08,57,181,24,16,44,028,34*78
$GPGSV,3,2,10,09,41,306,31,31,21,098,23,26,18,053,27,07,13,307,24*7A
$GPGSV,3,3,10,03,09,213,24,21,04,170,19*7D
$GPRMC,125045.000,A,2632.9372,N,07703.2106,W,0.13,169.34,280324,,,A*73
$GPVTG,169.34,T,,M,0.13,N,0.2,K,A*04
$GPGGA,125050.000,2632.9369,N,07703.2103,W,1,08,1.1,5.6,M,-33.0,M,,0000*68
$GPGSA,A,3,09,31,27,26,08,04,03,16,,,,,1.7,1.1,1.3*34
$GPGSV,3,1,10,04,72,235,35,27,67,087,37,08,57,181,24,16,44,028,35*79
$GPGSV,3,2,10,09,41,306,30,31,21,098,25,26,18,053,26,07,13,307,24*7C
$GPGSV,3,3,10,03,09,213,24,21,04,170,21*76
$GPRMC,125050.000,A,2632.9369,N,07703.2103,W,0.54,46.20,280324,,,A*42
$GPVTG,46.20,T,,M,0.54,N,1.0,K,A*3D
$GPGGA,125055.000,2632.9363,N,07703.2098,W,1,08,1.1,3.7,M,-33.0,M,,0000*63
$GPGSA,A,3,09,31,27,26,08,04,03,16,,,,,1.7,1.1,1.3*34
$GPGSV,3,1,10,04,72,235,36,27,67,087,38,08,57,181,24,16,44,028,35*75
$GPGSV,3,2,10,09,41,306,29,31,21,098,25,26,18,053,26,07,13,307,24*74
$GPGSV,3,3,10,03,09,213,24,21,04,170,21*76
$GPRMC,125055.000,A,2632.9363,N,07703.2098,W,0.09,209.15,280324,,,A*79
$GPVTG,209.15,T,,M,0.09,N,0.2,K,A*09
$GPGGA,125100.000,2632.9362,N,07703.2099,W,1,08,1.1,3.5,M,-33.0,M,,0000*60
$GPGSA,A,3,09,31,27,26,08,04,03,16,,,,,1.7,1.1,1.3*34
$GPGSV,3,1,10,04,72,235,36,27,67,087,38,08,57,181,24,16,44,028,34*74
$GPGSV,3,2,10,09,41,306,29,31,21,098,26,26,18,053,26,07,13,307,24*77
$GPGSV,3,3,10,03,09,213,24,21,04,170,21*76
$GPRMC,125100.000,A,2632.9362,N,07703.2099,W,0.26,22.81,280324,,,A*43
$GPGGA,125105.000,2632.9363,N,07703.2097,W,1,08,1.1,3.6,M,-33.0,M,,0000*69
$GPGSA,A,3,09,31,27,26,08,04,03,16,,,,,1.7,1.1,1.3*34
$GPGSV,3,1,10,04,72,235,36,27,67,087,38,08,57,181,25,16,44,028,34*75
$GPGSV,3,2,10,09,41,306,29,31,21,098,26,26,18,053,26,07,13,307,24*77
$GPGSV,3,3,10,03,09,213,23,21,04,170,22*72
$GPRMC,125105.000,A,2632.9363,N,07703.2097,W,0.21,69.77,280324,,,A*48
$GPVTG,69.77,T,,M,0.21,N,0.4,K,A*35
$GPGGA,125110.000,2632.9359,N,07703.2099,W,1,08,1.1,3.2,M,-33.0,M,,0000*6E
$GPGSA,A,3,09,31,27,26,08,04,03,16,,,,,1.7,1.1,1.3*34
$GPGSV,3,1,10,04,72,235,36,27,67,087,38,08,57,181,25,16,44,028,34*75
$GPGSV,3,2,10,09,41,306,30,31,21,098,26,26,18,053,27,07,13,307,25*7F
$GPGSV,3,3,10,03,09,213,17,21,04,170,09*7C
$GPRMC,125110.000,A,2632.9359,N,07703.2099,W,0.44,190.27,280324,,,A*7A
$GPVTG,190.27,T,,M,0.44,N,0.8,K,A*08
$GPGGA,125115.000,2632.9362,N,07703.2104,W,1,08,1.1,4.3,M,-33.0,M,,0000*60
$GPGSA,A,3,09,31,27,26,08,04,03,16,,,,,1.7,1.1,1.3*34
$GPGSV,3,1,10,04,72,235,36,27,67,087,38,08,57,181,25,16,44,028,34*75
$GPGSV,3,2,10,09,41,306,31,31,21,098,25,26,18,053,27,07,13,307,25*7D
$GPGSV,3,3,10,03,09,213,17,21,04,170,*75
$GPRMC,125115.000,A,2632.9362,N,07703.2104,W,0.12,1.73,280324,,,A*79
$GPVTG,1.73,T,,M,0.12,N,0.2,K,A*09
$GPGGA,125120.000,2632.9363,N,07703.2102,W,1,08,1.1,4.0,M,-33.0,M,,0000*62
$GPGSA,A,3,09,31,27,26,08,04,03,16,,,,,1.7,1.1,1.3*34
$GPGSV,3,1,10,04,72,235,35,27,67,087,37,08,57,181,25,16,44,028,34*79
$GPGSV,3,2,10,09,41,306,31,31,21,098,25,26,18,053,27,07,13,307,17*7C
$GPGSV,3,3,10,03,09,213,15,21,04,170,*77
$GPRMC,125120.000,A,2632.9363,N,07703.2102,W,0.30,212.52,280324,,,A*7B
$GPVTG,212.52,T,,M,0.30,N,0.6,K,A*0E
$GPGGA,125125.000,2632.9365,N,07703.2101,W,1,07,1.5,4.0,M,-33.0,M,,0000*69
$GPGSA,A,3,09,31,27,26,08,04,16,,,,,,2.8,1.5,2.4*3B
$GPGSV,3,1,10,04,72,235,35,27,67,087,37,08,57,181,27,16,44,028,34*7B
$GPGSV,3,2,10,09,41,306,26,31,21,098,16,26,18,053,26,07,13,307,*7D
$GPGSV,3,3,10,03,09,213,,21,04,170,19*7B
$GPVTG,249.05,T,,M,0.04,N,0.1,K,A*02
$GPGGA,125130.000,2632.9369,N,07703.2111,W,1,08,1.1,4.1,M,-33.0,M,,0000*6A
$GPGSA,A,3,09,31,03,27,26,08,04,16,,,,,1.7,1.1,1.3*34
$GPGSV,3,1,10,04,72,235,35,27,67,087,36,08,57,181,27,16,44,028,34*7A
$GPGSV,3,2,10,09,41,306,25,31,21,098,17,26,18,053,25,07,13,307,*7C
$GPGSV,3,3,10,03,09,213,21,21,04,170,18*79
$GPRMC,125130.000,A,2632.9369,N,07703.2111,W,0.08,159.22,280324,,,A*72
$GPVTG,159.22,T,,M,0.08,N,0.1,K,A*09
$GPGGA,125135.000,2632.9372,N,07703.2115,W,1,08,1.1,4.6,M,-33.0,M,,0000*66
$GPGSA,A,3,09,31,03,27,26,08,04,16,,,,,1.7,1.1,1.3*34
$GPGSV,3,1,10,04,72,235,35,27,67,087,36,08,57,181,28,16,44,028,34*75
$GPGSV,3,2,10,09,41,306,27,31,21,098,19,26,18,053,25,07,13,307,*70
$GPGSV,3,3,10,03,09,213,22,21,04,170,18*7A
$GPRMC,125135.000,A,2632.9372,N,07703.2115,W,0.06,64.23,280324,,,A*49
$GPVTG,64.23,T,,M,0.06,N,0.1,K,A*39
$GPGGA,125140.000,2632.9372,N,07703.2113,W,1,08,1.1,3.8,M,-33.0,M,,0000*6B
$GPGSA,A,3,09,31,03,27,26,08,04,16,,,,,1.7,1.1,1.3*34
$GPGSV,3,1,10,04,72,235,34,27,67,087,36,08,57,181,28,16,44,028,33*73
$GPGSV,3,2,10,09,41,306,28,31,21,098,19,26,18,053,26,07,13,307,20*7E
$GPGSV,3,3,10,03,09,213,22,21,04,170,19*7B
$GPRMC,125140.000,A,2632.9372,N,07703.2113,W,0.41,95.69,280324,,,A*4E
$GPVTG,95.69,T,,M,0.41,N,0.8,K,A*33
$GPGGA,125145.000,2632.9373,N,07703.2111,W,1,08,1.1,3.6,M,-33.0,M,,0000*63
$GPGSA,A,3,09,31,03,27,26,08,04,16,,,,,1.7,1.1,1.3*34
$GPGSV,3,1,10,04,72,235,34,27,67,087,36,08,57,181,28,16,44,028,33*73
$GPGSV,3,2,10,09,41,306,28,31,21,098,20,26,18,053,27,07,13,307,21*74
$GPGSV,3,3,10,03,09,213,22,21,04,170,19*7B
$GPRMC,125145.000,A,2632.9373,N,07703.2111,W,0.35,56.15,280324,,,A*4F
$GPVTG,56.15,T,,M,0.35,N,0.6,K,A*3A
$GPGGA,125150.000,2632.9374,N,07703.2113,W,1,08,1.1,2.7,M,-33.0,M,,0000*62
$GPGSA,A,3,09,31,03,27,26,08,04,16,,,,,1.7,1.1,1.3*34
$GPGSV,3,1,10,04,72,235,34,27,67,087,36,08,57,181,27,16,44,028,33*7C
$GPGSV,3,2,10,09,41,306,28,31,21,098,22,26,18,053,23,07,13,307,21*72
$GPGSV,3,3,10,03,09,213,22,21,04,170,19*7B
$GPVTG,204.01,T,,M,0.25,N,0.5,K,A*08
$GPGGA,125155.000,2632.9371,N,07703.2116,W,1,08,1.1,2.4,M,-33.0,M,,0000*64
$GPGSA,A,3,09,31,03,27,26,08,04,16,,,,,1.7,1.1,1.3*34
$GPGSV,3,1,10,04,72,235,34,27,67,087,36,08,57,181,27,16,44,028,33*7C
$GPGSV,3,2,10,09,41,306,27,31,21,098,21,26,18,053,25,07,13,307,10*7A
$GPGSV,3,3,10,03,09,213,22,21,04,170,18*7A
$GPRMC,125155.000,A,2632.9371,N,07703.2116,W,0.31,285.57,280324,,,A*75
$GPVTG,285.57,T,,M,0.31,N,0.6,K,A*04
$GPGGA,125200.000,2632.9364,N,07703.2119,W,1,08,1.1,1.3,M,-33.0,M,,0000*68
$GPGSA,A,3,09,31,03,27,26,08,04,16,,,,,1.7,1.1,1.3*34
$GPGSV,3,1,10,04,72,235,35,27,67,087,37,08,57,181,27,16,44,028,33*7C
$GPGSV,3,2,10,09,41,306,32,31,21,098,27,26,18,053,25,07,13,307,22*79
$GPGSV,3,3,10,03,09,213,14,21,04,170,17*70
$GPRMC,125200.000,A,2632.9364,N,07703.2119,W,0.76,216.68,280324,,,A*78
$GPVTG,216.68,T,,M,0.76,N,1.4,K,A*02
$GPGGA,125205.000,2632.9363,N,07703.2124,W,1,08,1.1,0.5,M,-33.0,M,,0000*63
$GPGSA,A,3,09,31,03,27,26,08,04,16,,,,,1.7,1.1,1.3*34
$GPGSV,3,1,10,04,72,235,35,27,67,087,37,08,57,181,27,16,44,028,33*7C
$GPGSV,3,2,10,09,41,306,32,31,21,098,26,26,18,053,25,07,13,307,25*7F
$GPGSV,3,3,10,03,09,213,22,21,04,170,*73
$GPRMC,125205.000,A,2632.9363,N,07703.2124,W,0.03,266.80,280324,,,A*77
$GPVTG,266.80,T,,M,0.03,N,0.1,K,A*05
$GPGGA,125210.000,2632.9370,N,07703.2124,W,1,08,1.1,1.9,M,-33.0,M,,0000*68
$GPGSA,A,3,09,31,03,27,26,08,04,16,,,,,1.7,1.1,1.3*34
$GPGSV,3,1,10,04,72,235,35,27,67,087,38,08,57,181,27,16,44,028,33*73
$GPGSV,3,2,10,09,41,306,26,31,21,098,26,26,18,053,25,07,13,307,25*7A
$GPGSV,3,3,10,03,09,213,22,21,04,170,*73
$GPRMC,125210.000,A,2632.9370,N,07703.2124,W,0.12,237.13,280324,,,A*7F
$GPVTG,237.13,T,,M,0.12,N,0.2,K,A*08
$GPGGA,125215.000,2632.9372,N,07703.2119,W,1,08,1.1,3.1,M,-33.0,M,,0000*6B
$GPGSA,A,3,09,31,03,27,26,08,04,16,,,,,1.7,1.1,1.3*34
$GPGSV,3,1,10,04,72,235,36,27,67,087,38,08,57,181,28,16,44,028,34*78
$GPGSV,3,2,10,09,41,306,26,31,21,098,27,26,18,053,26,07,13,307,24*79
$GPGSV,3,3,10,03,09,213,13,21,04,170,20*73
$GPVTG,239.65,T,,M,0.22,N,0.4,K,A*02
$GPGGA,125220.000,2632.9375,N,07703.2121,W,1,08,1.1,2.0,M,-33.0,M,,0000*61
$GPGSA,A,3,09,31,03,27,26,08,04,16,,,,,1.7,1.1,1.3*34
$GPGSV,3,1,10,04,72,235,36,27,67,087,38,08,57,181,29,16,44,028,35*78
$GPGSV,3,2,10,09,41,306,25,31,21,098,27,26,18,053,27,07,13,307,23*7C
$GPGSV,3,3,10,03,09,213,12,21,04,170,19*78
$GPRMC,125220.000,A,2632.9375,N,07703.2121,W,0.17,238.15,280324,,,A*70
$GPVTG,238.15,T,,M,0.17,N,0.3,K,A*05
$GPGGA,125225.000,2632.9376,N,07703.2122,W,1,08,1.1,1.3,M,-33.0,M,,0000*64
$GPGSA,A,3,09,31,03,27,26,08,04,16,,,,,1.7,1.1,1.3*34
$GPGSV,3,1,10,04,72,235,36,27,67,087,38,08,57,181,29,16,44,028,31*7C
$GPGSV,3,2,10,09,41,306,26,31,21,098,27,26,18,053,27,07,13,307,23*7F
$GPGSV,3,3,10,03,09,213,23,21,04,170,19*7A
$GPRMC,125225.000,A,2632.9376,N,07703.2122,W,0.14,352.57,280324,,,A*7D
$GPVTG,352.57,T,,M,0.14,N,0.3,K,A*0D
$GPGGA,125230.000,2632.9375,N,07703.2111,W,1,08,1.1,2.8,M,-33.0,M,,0000*6B
$GPGSA,A,3,09,31,03,27,26,08,04,16,,,,,1.7,1.1,1.3*34
$GPGSV,3,1,10,04,72,235,36,27,67,087,38,08,57,181,26,16,44,028,32*70
$GPGSV,3,2,10,09,41,306,32,31,21,098,23,26,18,053,20,07,13,307,18*71
$GPGSV,3,3,10,03,09,213,20,21,04,170,*71
$GPRMC,125230.000,A,2632.9375,N,07703.2111,W,0.62,38.67,280324,,,A*47
$GPVTG,38.67,T,,M,0.62,N,1.2,K,A*30
$GPGGA,125235.000,2632.9374,N,07703.2114,W,1,08,1.1,2.4,M,-33.0,M,,0000*66
$GPGSA,A,3,09,31,03,27,26,08,04,16,,,,,1.7,1.1,1.3*34
$GPGSV,3,1,10,04,72,235,35,27,67,087,38,08,57,181,27,16,44,028,33*73
$GPGSV,3,2,10,09,41,306,26,31,21,098,20,26,18,053,28,07,13,307,14*73
$GPGSV,3,3,10,03,09,213,24,21,04,170,*75
$GPRMC,125235.000,A,2632.9374,N,07703.2114,W,0.13,14.32,280324,,,A*4E
$GPVTG,14.32,T,,M,0.13,N,0.2,K,A*39
$GPGGA,125240.000,2632.9381,N,07703.2116,W,1,08,1.1,4.3,M,-33.0,M,,0000*6D
$GPGSA,A,3,09,31,03,27,26,08,04,16,,,,,1.7,1.1,1.3*34
$GPGSV,3,1,10,04,72,235,35,27,67,087,37,08,57,181,27,16,44,028,28*76
$GPGSV,3,2,10,09,41,306,26,31,21,098,27,26,18,053,27,07,13,307,21*7D
$GPGSV,3,3,10,03,09,213,23,21,04,170,*72
$GPRMC,125240.000,A,2632.9381,N,07703.2116,W,0.26,0.22,280324,,,A*76
$GPGGA,125245.000,2632.9381,N,07703.2112,W,1,08,1.1,4.8,M,-33.0,M,,0000*67
$GPGSA,A,3,09,31,03,27,26,08,04,16,,,,,1.7,1.1,1.3*34
$GPGSV,3,1,10,04,71,231,34,27,66,083,37,08,59,181,33,16,43,029,33*72
$GPGSV,3,2,10,09,42,305,28,31,21,099,17,26,17,053,27,07,14,308,20*77
$GPGSV,3,3,10,03,08,212,23,21,04,169,*7A
$GPRMC,125245.000,A,2632.9381,N,07703.2112,W,0.37,133.68,280324,,,A*78
$GPVTG,133.68,T,,M,0.37,N,0.7,K,A*01
$GPGGA,125250.000,2632.9376,N,07703.2110,W,1,08,1.1,5.4,M,-33.0,M,,0000*64
$GPGSA,A,3,09,31,03,27,26,08,04,16,,,,,1.7,1.1,1.3*34
$GPGSV,3,1,10,04,71,231,34,27,66,083,36,08,59,181,34,16,43,029,32*75
$GPGSV,3,2,10,09,42,305,29,31,21,099,24,26,17,053,23,07,14,308,19*78
$GPGSV,3,3,10,03,08,212,23,21,04,169,*7A
$GPRMC,125250.000,A,2632.9376,N,07703.2110,W,0.31,188.84,280324,,,A*72
$GPVTG,188.84,T,,M,0.31,N,0.6,K,A*04
$GPGGA,125255.000,2632.9372,N,07703.2109,W,1,07,1.2,5.4,M,-33.0,M,,0000*61
$GPGSA,A,3,09,31,03,27,08,04,16,,,,,,1.9,1.2,1.5*3B
$GPGSV,3,1,10,04,71,231,33,27,66,083,36,08,59,181,34,16,43,029,32*72
$GPGSV,3,2,10,09,42,305,28,31,21,099,23,26,17,053,12,07,14,308,20*76
$GPGSV,3,3,10,03,08,212,20,21,04,169,*79
$GPRMC,125255.000,A,2632.9372,N,07703.2109,W,0.10,136.42,280324,,,A*77
$GPVTG,136.42,T,,M,0.10,N,0.2,K,A*0C
$GPGGA,125300.000,2632.9371,N,07703.2109,W,1,08,1.1,6.1,M,-33.0,M,,0000*69
$GPGSA,A,3,09,31,03,27,26,08,04,16,,,,,1.7,1.1,1.3*34
$GPGSV,3,1,10,04,71,231,32,27,66,083,36,08,59,181,34,16,43,029,33*72
$GPGSV,3,2,10,09,42,305,27,31,21,099,28,26,17,053,26,07,14,308,19*7F
$GPGSV,3,3,10,03,08,212,21,21,04,169,*78
$GPRMC,125300.000,A,2632.9371,N,07703.2109,W,0.24,113.53,280324,,,A*75
$GPVTG,113.53,T,,M,0.24,N,0.4,K,A*0A
$GPGGA,125305.000,2632.9369,N,07703.2107,W,1,08,1.1,5.4,M,-33.0,M,,0000*6D
$GPGSA,A,3,09,31,03,27,26,08,04,16,,,,,1.7,1.1,1.3*34
$GPGSV,3,1,10,04,71,231,32,27,66,083,36,08,59,181,34,16,43,029,33*72
$GPGSV,3,2,10,09,42,305,26,31,21,099,24,26,17,053,18,07,14,308,19*7F
$GPGSV,3,3,10,03,08,212,23,21,04,169,*7A
$GPVTG,70.37,T,,M,0.32,N,0.6,K,A*39
$GPGGA,125310.000,2632.9366,N,07703.2107,W,1,08,1.1,7.3,M,-33.0,M,,0000*63
$GPGSA,A,3,09,31,03,27,26,08,04,16,,,,,1.7,1.1,1.3*34
$GPGSV,3,1,10,04,71,231,32,27,66,083,36,08,59,181,33,16,43,029,34*72
$GPGSV,3,2,10,09,42,305,20,31,21,099,24,26,17,053,22,07,14,308,19*70
$GPGSV,3,3,10,03,08,212,23,21,04,169,*7A
$GPRMC,125310.000,A,2632.9366,N,07703.2107,W,0.08,87.13,280324,,,A*4A
$GPVTG,87.13,T,,M,0.08,N,0.2,K,A*3A
$GPGGA,125315.000,2632.9370,N,07703.2112,W,1,08,1.1,5.9,M,-33.0,M,,0000*6D
$GPGSA,A,3,09,31,03,27,26,08,04,16,,,,,1.7,1.1,1.3*34
$GPGSV,3,1,10,04,71,230,32,27,66,083,36,08,59,180,33,16,43,029,33*75
$GPGSV,3,2,10,09,42,305,26,31,20,099,25,26,17,054,19,07,14,308,18*78
$GPGSV,3,3,10,03,08,212,23,21,05,169,*7B
$GPRMC,125315.000,A,2632.9370,N,07703.2112,W,0.11,315.47,280324,,,A*7D
$GPVTG,315.47,T,,M,0.11,N,0.2,K,A*0B
$GPGGA,125320.000,2632.9370,N,07703.2117,W,1,08,1.1,5.2,M,-33.0,M,,0000*65
$GPGSA,A,3,09,31,03,27,26,08,04,16,,,,,1.7,1.1,1.3*34
$GPGSV,3,1,10,04,71,230,32,27,66,083,36,08,59,180,34,16,43,029,31*70
$GPGSV,3,2,10,09,42,305,28,31,20,099,25,26,17,054,28,07,14,308,18*74
$GPGSV,3,3,10,03,08,212,23,21,05,169,*7B
$GPRMC,125320.000,A,2632.9370,N,07703.2117,W,0.14,173.18,280324,,,A*73
$GPVTG,173.18,T,,M,0.14,N,0.3,K,A*07
$GPGGA,125325.000,2632.9373,N,07703.2122,W,1,08,1.1,3.8,M,-33.0,M,,0000*69
$GPGSA,A,3,09,31,03,27,26,08,04,16,,,,,1.7,1.1,1.3*34
$GPGSV,3,1,10,04,71,230,33,27,66,083,36,08,59,180,34,16,43,029,35*75
$GPGSV,3,2,10,09,42,305,20,31,20,099,27,26,17,054,23,07,14,308,21*7F
$GPGSV,3,3,10,03,08,212,22,21,05,169,*7A
$GPRMC,125325.000,A,2632.9373,N,07703.2122,W,0.26,127.84,280324,,,A*76
$GPVTG,127.84,T,,M,0.26,N,0.5,K,A*04
$GPGGA,125330.000,2632.9369,N,07703.2115,W,1,08,1.1,2.2,M,-33.0,M,,0000*69
$GPGSA,A,3,09,31,03,27,26,08,04,16,,,,,1.7,1.1,1.3*34
$GPGSV,3,1,10,04,71,230,33,27,66,083,36,08,59,180,30,16,43,029,34*70
$GPGSV,3,2,10,09,42,305,29,31,20,099,20,26,17,054,30,07,14,308,21*73
$GPGSV,3,3,10,03,08,212,23,21,05,169,*7B
$GPVTG,330.67,T,,M,0.17,N,0.3,K,A*09
$GPGGA,125335.000,2632.9368,N,07703.2112,W,1,08,1.1,2.9,M,-33.0,M,,0000*61
$GPGSA,A,3,09,31,03,27,26,08,04,16,,,,,1.7,1.1,1.3*34
$GPGSV,3,1,10,04,71,230,34,27,66,083,37,08,59,180,28,16,43,029,27*7D
$GPGSV,3,2,10,09,42,305,33,31,20,099,22,26,17,054,22,07,14,308,20*78
$GPGSV,3,3,10,03,08,212,20,21,05,169,14*7D
$GPRMC,125335.000,A,2632.9368,N,07703.2112,W,0.22,63.51,280324,,,A*43
$GPVTG,63.51,T,,M,0.22,N,0.4,K,A*38
$GPGGA,125340.000,2632.9370,N,07703.2110,W,1,08,1.1,4.7,M,-33.0,M,,0000*60
$GPGSA,A,3,09,31,03,27,26,08,04,16,,,,,1.7,1.1,1.3*34
$GPGSV,3,1,10,04,71,230,35,27,66,083,37,08,59,180,28,16,43,029,34*7E
$GPGSV,3,2,10,09,42,305,25,31,20,099,18,26,17,054,30,07,14,308,24*71
$GPGSV,3,3,10,03,08,212,20,21,05,169,22*78
$GPRMC,125340.000,A,2632.9370,N,07703.2110,W,0.30,27.99,280324,,,A*4D
$GPVTG,27.99,T,,M,0.30,N,0.6,K,A*3D
$GPGGA,125345.000,2632.9366,N,07703.2107,W,1,07,1.5,5.4,M,-33.0,M,,0000*6D
$GPGSA,A,3,09,31,27,26,08,04,16,,,,,,2.8,1.5,2.3*3C
$GPGSV,3,1,10,04,71,230,35,27,66,082,38,08,59,180,29,16,43,029,35*70
$GPGSV,3,2,10,09,42,305,26,31,20,100,25,26,17,054,29,07,14,308,25*74
$GPGSV,3,3,10,03,08,211,08,21,05,169,13*73
$GPRMC,125345.000,A,2632.9366,N,07703.2107,W,0.22,197.82,280324,,,A*7A
$GPVTG,197.82,T,,M,0.22,N,0.4,K,A*0C
$GPGGA,125350.000,2632.9364,N,07703.2111,W,1,07,1.5,6.1,M,-33.0,M,,0000*6A
$GPGSA,A,3,09,31,27,26,08,04,16,,,,,,2.8,1.5,2.3*3C
$GPGSV,3,1,11,04,71,230,35,27,66,082,39,08,59,180,30,16,43,029,37*7A
$GPGSV,3,2,11,09,42,305,26,31,20,100,30,26,17,054,22,07,14,308,25*7A
$GPGSV,3,3,11,03,08,211,,21,05,169,14,44,36,241,30*4C
$GPRMC,125350.000,A,2632.9364,N,07703.2111,W,0.06,292.32,280324,,,A*70
$GPVTG,292.32,T,,M,0.06,N,0.1,K,A*02
$GPGGA,125355.000,2632.9363,N,07703.2117,W,1,08,1.1,5.9,M,-33.0,M,,0000*6E
$GPGSA,A,3,09,31,03,27,26,08,04,16,,,,,1.7,1.1,1.3*34
$GPGSV,3,1,11,04,71,230,34,27,66,082,39,08,59,180,30,16,43,029,37*7B
$GPGSV,3,2,11,09,42,305,18,31,20,100,28,26,17,054,29,07,14,308,24*74
$GPGSV,3,3,11,03,08,211,21,21,05,169,08,44,36,241,24*47
$GPVTG,224.43,T,,M,0.15,N,0.3,K,A*09
$GPGGA,125400.000,2632.9362,N,07703.2118,W,1,08,1.1,6.6,M,-33.0,M,,0000*6B
$GPGSA,A,3,09,31,03,27,26,08,04,16,,,,,1.7,1.1,1.3*34
$GPGSV,3,1,11,04,71,230,34,27,66,082,38,08,59,180,31,16,43,029,38*74
$GPGSV,3,2,11,09,42,305,17,31,20,100,30,26,17,054,29,07,14,308,23*75
$GPGSV,3,3,11,03,08,211,20,21,05,169,26,44,36,241,31*4E
$GPRMC,125400.000,A,2632.9362,N,07703.2118,W,0.11,112.79,280324,,,A*7F
$GPVTG,112.79,T,,M,0.11,N,0.2,K,A*03
$GPGGA,125405.000,2632.9363,N,07703.2126,W,1,08,1.1,6.3,M,-33.0,M,,0000*67
$GPGSA,A,3,09,31,03,27,26,08,04,16,,,,,1.7,1.1,1.3*34
$GPGSV,3,1,11,04,71,230,33,27,66,082,37,08,59,180,31,16,43,029,38*7C
$GPGSV,3,2,11,09,42,305,17,31,20,100,30,26,17,054,30,07,14,308,23*7D
$GPGSV,3,3,11,03,08,211,18,21,05,169,27,44,36,241,31*44
$GPRMC,125405.000,A,2632.9363,N,07703.2126,W,0.28,289.05,280324,,,A*76
$GPVTG,289.05,T,,M,0.28,N,0.5,K,A*04
$GPGGA,125410.000,2632.9361,N,07703.2132,W,1,08,1.1,5.4,M,-33.0,M,,0000*60
$GPGSA,A,3,09,31,03,27,26,08,04,16,,,,,1.7,1.1,1.3*34
$GPGSV,3,1,11,04,71,230,33,27,66,082,37,08,59,180,31,16,43,029,38*7C
$GPGSV,3,2,11,09,42,305,22,31,20,100,30,26,17,054,29,07,14,308,23*73
$GPGSV,3,3,11,03,08,211,20,21,05,169,19,44,36,241,24*46
$GPRMC,125410.000,A,2632.9361,N,07703.2132,W,0.27,151.09,280324,,,A*70
$GPVTG,151.09,T,,M,0.27,N,0.5,K,A*01
$GPGGA,125415.000,2632.9360,N,07703.2134,W,1,08,1.1,4.9,M,-33.0,M,,0000*6E
$GPGSA,A,3,09,31,03,27,26,08,04,16,,,,,1.7,1.1,1.3*34
$GPGSV,3,1,11,04,71,230,33,27,66,082,38,08,59,180,31,16,43,029,39*72
$GPGSV,3,2,11,09,42,305,21,31,20,100,29,26,17,054,28,07,14,308,22*78
$GPGSV,3,3,11,03,08,211,22,21,05,169,24,44,36,241,29*47
$GPRMC,125415.000,A,2632.9360,N,07703.2134,W,0.21,83.99,280324,,,A*43
$GPVTG,83.99,T,,M,0.21,N,0.4,K,A*31
$GPGGA,125420.000,2632.9360,N,07703.2135,W,1,08,1.1,4.5,M,-33.0,M,,0000*65
$GPGSA,A,3,09,31,03,27,26,08,04,16,,,,,1.7,1.1,1.3*34
$GPGSV,3,1,11,04,71,230,33,27,66,082,38,08,59,180,31,16,43,029,39*72
$GPGSV,3,2,11,09,42,305,23,31,20,100,30,26,17,054,29,07,14,308,23*72
$GPGSV,3,3,11,03,08,211,19,21,05,169,14,44,36,241,27*42
$GPRMC,125420.000,A,2632.9360,N,07703.2135,W,0.24,284.19,280324,,,A*7C
$GPVTG,284.19,T,,M,0.24,N,0.4,K,A*09
$GPGGA,125425.000,2632.9367,N,07703.2149,W,1,07,1.5,2.5,M,-33.0,M,,0000*61
$GPGSA,A,3,09,31,27,26,08,04,16,,,,,,2.8,1.5,2.3*3C
$GPGSV,3,1,11,04,71,230,34,27,66,082,38,08,59,180,31,16,43,029,32*7E
$GPGSV,3,2,11,09,42,305,22,31,20,100,22,26,17,054,29,07,14,308,23*70
$GPGSV,3,3,11,03,08,211,,21,05,169,15,44,36,241,24*48
$GPVTG,311.58,T,,M,0.49,N,0.9,K,A*07
$GPGGA,125430.000,2632.9363,N,07703.2139,W,1,08,1.1,3.0,M,-33.0,M,,0000*69
$GPGSA,A,3,09,31,03,27,26,08,04,16,,,,,1.7,1.1,1.3*34
$GPGSV,3,1,11,04,71,230,35,27,66,082,38,08,59,180,25,16,43,029,31*79
$GPGSV,3,2,11,09,42,305,31,31,20,100,24,26,17,054,18,07,14,308,16*70
$GPGSV,3,3,11,03,08,211,20,21,05,169,16,44,36,241,23*4E
$GPRMC,125430.000,A,2632.9363,N,07703.2139,W,0.47,50.91,280324,,,A*4C
$GPVTG,50.91,T,,M,0.47,N,0.9,K,A*3A
$GPGGA,125435.000,2632.9358,N,07703.2128,W,1,08,1.1,2.9,M,-33.0,M,,0000*6C
$GPGSA,A,3,09,31,03,27,26,08,04,16,,,,,1.7,1.1,1.3*34
$GPGSV,3,1,11,04,71,230,34,27,66,082,38,08,59,180,23,16,43,029,32*7D
$GPGSV,3,2,11,09,42,305,26,31,20,100,24,26,17,054,25,07,14,308,16*78
$GPGSV,3,3,11,03,08,211,26,21,05,169,18,44,36,241,32*46
$GPRMC,125435.000,A,2632.9358,N,07703.2128,W,0.18,125.05,280324,,,A*75
$GPVTG,125.05,T,,M,0.18,N,0.3,K,A*04
$GPGGA,125440.000,2632.9364,N,07703.2128,W,1,08,1.1,3.5,M,-33.0,M,,0000*6C
$GPGSA,A,3,09,31,03,27,26,08,04,16,,,,,1.7,1.1,1.3*34
$GPGSV,3,1,11,04,71,230,30,27,66,082,34,08,59,180,31,16,43,029,33*77
$GPGSV,3,2,11,09,42,305,29,31,20,100,24,26,17,054,26,07,14,308,16*74
$GPGSV,3,3,11,03,08,211,24,21,05,169,18,44,36,241,29*4E
$GPRMC,125440.000,A,2632.9364,N,07703.2128,W,0.22,30.24,280324,,,A*47
$GPVTG,30.24,T,,M,0.22,N,0.4,K,A*3C
$GPGGA,125445.000,2632.9366,N,07703.2123,W,1,08,1.1,4.5,M,-33.0,M,,0000*67
$GPGSA,A,3,09,31,03,27,26,08,04,16,,,,,1.7,1.1,1.3*34
$GPGSV,3,1,10,04,71,228,25,27,66,081,35,08,60,180,32,09,43,304,29*79
$GPGSV,3,2,10,16,42,030,33,31,20,100,25,26,17,054,20,07,14,308,16*72
$GPGSV,3,3,10,03,07,211,18,21,05,169,18*76
$GPRMC,125445.000,A,2632.9366,N,07703.2123,W,0.50,38.93,280324,,,A*4A
$GPVTG,38.93,T,,M,0.50,N,0.9,K,A*30
$GPGGA,125450.000,2632.9370,N,07703.2124,W,1,08,1.1,4.7,M,-33.0,M,,0000*61
$GPGSA,A,3,09,31,03,27,26,08,04,16,,,,,1.7,1.1,1.3*34
$GPGSV,3,1,11,04,71,228,25,27,66,081,34,08,60,180,32,09,43,304,28*78
$GPGSV,3,2,11,16,42,030,34,31,20,100,27,26,17,054,31,07,14,308,16*76
$GPGSV,3,3,11,03,07,211,23,21,05,169,18,48,29,248,23*47
$GPRMC,125450.000,A,2632.9370,N,07703.2124,W,0.07,104.74,280324,,,A*7B
$GPVTG,104.74,T,,M,0.07,N,0.1,K,A*0D
$GPGGA,125455.000,2632.9372,N,07703.2131,W,1,08,1.1,3.6,M,-33.0,M,,0000*64
$GPGSA,A,3,09,31,03,27,26,08,04,16,,,,,1.7,1.1,1.3*34
$GPGSV,3,1,10,04,71,228,25,27,66,081,34,08,60,180,28,09,43,304,30*7B
$GPGSV,3,2,10,16,42,030,37,31,20,100,37,26,17,054,36,07,14,308,27*70
$GPGSV,3,3,10,03,07,211,24,21,05,169,27*75
$GPRMC,125455.000,A,2632.9372,N,07703.2131,W,0.68,209.02,280324,,,A*7E
$GPGGA,125500.000,2632.9373,N,07703.2142,W,1,08,1.1,1.3,M,-33.0,M,,0000*67
$GPGSA,A,3,09,31,03,27,26,08,04,16,,,,,1.7,1.1,1.3*34
$GPGSV,3,1,11,04,71,228,26,27,66,081,34,08,60,180,24,09,43,304,29*7D
$GPGSV,3,2,11,16,42,030,34,31,20,100,26,26,17,054,30,07,14,308,36*74
$GPGSV,3,3,11,03,07,211,23,21,05,169,27,48,29,248,24*4C
$GPRMC,125500.000,A,2632.9373,N,07703.2142,W,0.63,340.86,280324,,,A*71
$GPVTG,340.86,T,,M,0.63,N,1.2,K,A*02
$GPGGA,125505.000,2632.9385,N,07703.2161,W,1,08,1.1,0.0,M,-33.0,M,,0000*68
$GPGSA,A,3,09,31,03,27,26,08,04,16,,,,,1.7,1.1,1.3*34
$GPGSV,3,1,11,04,71,228,27,27,66,081,27,08,60,180,24,09,43,304,34*72
$GPGSV,3,2,11,16,42,030,24,31,20,100,26,26,17,054,19,07,14,308,36*7E
$GPGSV,3,3,11,03,07,211,31,21,05,169,22,48,29,248,32*4D
$GPRMC,125505.000,A,2632.9385,N,07703.2161,W,0.90,337.48,280324,,,A*72
$GPVTG,337.48,T,,M,0.90,N,1.7,K,A*09
$GPGGA,125510.000,2632.9397,N,07703.2169,W,1,08,1.1,-0.8,M,-33.0,M,,0000*42
$GPGSA,A,3,09,31,03,27,26,08,04,16,,,,,1.7,1.1,1.3*34
$GPGSV,3,1,11,04,71,228,25,27,66,081,23,08,60,180,25,09,43,304,28*78
$GPGSV,3,2,11,16,42,030,26,31,20,100,20,26,17,054,19,07,14,308,31*7D
$GPGSV,3,3,11,03,07,211,30,21,05,169,24,48,29,248,31*49
$GPRMC,125510.000,A,2632.9397,N,07703.2169,W,0.91,11.33,280324,,,A*47
$GPVTG,11.33,T,,M,0.91,N,1.7,K,A*33
$GPGGA,125515.000,2632.9422,N,07703.2177,W,1,08,1.1,-0.7,M,-33.0,M,,0000*4E
$GPGSA,A,3,09,31,03,27,26,08,04,16,,,,,1.7,1.1,1.3*34
$GPGSV,3,1,10,04,71,228,25,27,66,081,23,08,60,180,25,09,43,304,29*78
$GPGSV,3,2,10,16,42,030,27,31,20,100,21,26,17,054,20,07,14,308,26*70
$GPGSV,3,3,10,03,07,211,31,21,05,169,21*77
$GPRMC,125515.000,A,2632.9422,N,07703.2177,W,1.68,347.35,280324,,,A*75
$GPVTG,347.35,T,,M,1.68,N,3.1,K,A*06
$GPGGA,125520.000,2632.9441,N,07703.2169,W,1,08,1.1,-2.6,M,-33.0,M,,0000*41
$GPGSA,A,3,09,31,03,27,26,08,04,16,,,,,1.7,1.1,1.3*34
$GPGSV,3,1,11,04,71,228,25,27,66,081,28,08,60,180,25,09,43,304,31*7B
$GPGSV,3,2,11,16,42,030,33,31,20,100,23,26,17,054,26,07,14,308,31*76
$GPGSV,3,3,11,03,07,211,21,21,05,169,22,48,29,248,25*4A
$GPRMC,125520.000,A,2632.9441,N,07703.2169,W,0.17,159.81,280324,,,A*72
$GPVTG,159.81,T,,M,0.17,N,0.3,K,A*0C
$GPGGA,125525.000,2632.9443,N,07703.2175,W,1,08,1.1,0.2,M,-33.0,M,,0000*60
$GPGSA,A,3,09,31,03,27,26,08,04,16,,,,,1.7,1.1,1.3*34
$GPGSV,3,1,10,04,71,228,21,27,66,081,27,08,60,180,29,09,43,304,27*7A
$GPGSV,3,2,10,16,42,030,23,31,20,100,21,26,17,054,15,07,14,308,26*72
$GPGSV,3,3,10,03,07,211,28,21,05,169,22*7C
$GPRMC,125525.000,A,2632.9443,N,07703.2175,W,0.62,293.87,280324,,,A*79
$GPGGA,125530.000,2632.9438,N,07703.2166,W,1,07,1.2,3.0,M,-33.0,M,,0000*67
$GPGSA,A,3,09,31,03,27,08,04,16,,,,,,1.9,1.2,1.5*3B
$GPGSV,3,1,10,04,71,228,23,27,66,081,32,08,60,180,29,09,43,304,29*72
$GPGSV,3,2,10,16,42,030,29,31,20,100,19,26,17,054,22,07,14,308,25*74
$GPGSV,3,3,10,03,07,211,17,21,05,169,23*71
$GPRMC,125530.000,A,2632.9438,N,07703.2166,W,0.41,49.22,280324,,,A*48
$GPVTG,49.22,T,,M,0.41,N,0.8,K,A*3D
$GPGGA,125535.000,2632.9442,N,07703.2168,W,1,08,1.1,4.8,M,-33.0,M,,0000*62
$GPGSA,A,3,09,31,03,27,26,08,04,16,,,,,1.7,1.1,1.3*34
$GPGSV,3,1,11,04,71,228,23,27,66,081,32,08,60,180,26,09,43,304,20*75
$GPGSV,3,2,11,16,42,030,29,31,20,100,18,26,17,054,19,07,14,308,28*71
$GPGSV,3,3,11,03,07,211,19,21,05,169,21,48,29,248,26*41
$GPRMC,125535.000,A,2632.9442,N,07703.2168,W,1.33,320.68,280324,,,A*78
$GPVTG,320.68,T,,M,1.33,N,2.5,K,A*04
$GPGGA,125540.000,2632.9444,N,07703.2181,W,1,08,1.1,7.5,M,-33.0,M,,0000*6F
$GPGSA,A,3,09,31,03,27,26,08,04,16,,,,,1.7,1.1,1.3*34
$GPGSV,3,1,10,04,71,228,25,27,66,081,32,08,60,180,23,09,43,304,25*72
$GPGSV,3,2,10,16,42,030,24,31,20,100,19,26,17,054,21,07,14,308,28*77
$GPGSV,3,3,10,03,07,211,21,21,05,169,20*77
$GPRMC,125540.000,A,2632.9444,N,07703.2181,W,0.31,225.56,280324,,,A*71
$GPVTG,225.56,T,,M,0.31,N,0.6,K,A*0F
$GPGGA,125545.000,2632.9444,N,07703.2158,W,1,08,1.1,10.0,M,-33.0,M,,0000*5D
$GPGSA,A,3,09,31,03,27,26,08,04,16,,,,,1.7,1.1,1.3*34
$GPGSV,3,1,10,04,71,228,27,27,66,081,26,08,60,180,24,09,43,304,27*70
$GPGSV,3,2,10,16,42,030,22,31,20,100,21,26,17,054,22,07,14,308,28*79
$GPGSV,3,3,10,03,07,211,14,21,05,169,20*71
$GPRMC,125545.000,A,2632.9444,N,07703.2158,W,0.81,26.47,280324,,,A*4A
$GPVTG,26.47,T,,M,0.81,N,1.5,K,A*37
$GPGGA,125550.000,2632.9433,N,07703.2158,W,1,07,1.2,3.7,M,-33.0,M,,0000*60
$GPGSA,A,3,09,31,03,27,26,04,16,,,,,,1.9,1.2,1.4*36
$GPGSV,3,1,11,04,71,228,25,27,66,081,26,08,60,180,,09,43,304,24*76
$GPGSV,3,2,11,16,42,030,25,31,20,100,28,26,17,054,22,07,14,308,21*7F
$GPGSV,3,3,11,03,07,211,23,21,05,169,19,48,29,248,28*4D
$GPVTG,44.63,T,,M,0.20,N,0.4,K,A*3E
$GPGGA,125555.000,2632.9433,N,07703.2166,W,1,08,1.1,-0.3,M,-33.0,M,,0000*4E
$GPGSA,A,3,09,31,03,27,26,04,16,08,,,,,1.7,1.1,1.3*34
$GPGSV,3,1,11,04,71,228,21,27,66,081,30,08,60,180,19,09,43,304,23*7A
$GPGSV,3,2,11,16,42,030,23,31,20,100,30,26,17,054,23,07,14,308,22*72
$GPGSV,3,3,11,03,07,211,21,21,05,169,19,48,29,248,27*40
$GPRMC,125555.000,A,2632.9433,N,07703.2166,W,0.36,28.37,280324,,,A*43
$GPVTG,28.37,T,,M,0.36,N,0.7,K,A*31
$GPGGA,125600.000,2632.9429,N,07703.2154,W,1,08,1.1,0.8,M,-33.0,M,,0000*61
$GPGSA,A,3,09,31,03,27,26,04,16,08,,,,,1.7,1.1,1.3*34
$GPGSV,3,1,11,04,71,228,21,27,66,081,30,08,60,180,24,09,43,304,29*7E
$GPGSV,3,2,11,16,42,030,27,31,20,100,30,26,17,054,24,07,14,308,31*73
$GPGSV,3,3,11,03,07,211,20,21,05,169,20,48,29,248,28*44
$GPRMC,125600.000,A,2632.9429,N,07703.2154,W,0.04,175.71,280324,,,A*70
$GPVTG,175.71,T,,M,0.04,N,0.1,K,A*0D
$GPGGA,125605.000,2632.9427,N,07703.2160,W,1,08,1.1,-0.3,M,-33.0,M,,0000*4B
$GPGSA,A,3,09,31,03,27,26,04,16,08,,,,,1.7,1.1,1.3*34
$GPGSV,3,1,11,04,71,228,21,27,66,081,29,08,60,180,25,09,43,304,34*7B
$GPGSV,3,2,11,16,42,030,30,31,20,100,29,26,17,054,25,07,14,308,27*7B
$GPGSV,3,3,11,03,07,211,27,21,05,169,21,48,29,248,28*42
$GPRMC,125605.000,A,2632.9427,N,07703.2160,W,0.54,193.89,280324,,,A*76
$GPVTG,193.89,T,,M,0.54,N,1.0,K,A*07
$GPGGA,125610.000,2632.9435,N,07703.2161,W,1,08,1.1,-3.0,M,-33.0,M,,0000*4D
$GPGSA,A,3,09,31,03,27,26,04,16,08,,,,,1.7,1.1,1.3*34
$GPGSV,3,1,10,04,71,228,22,27,66,081,31,08,60,180,21,09,43,304,32*72
$GPGSV,3,2,10,16,42,030,26,31,20,100,24,26,17,054,25,07,14,308,33*75
$GPGSV,3,3,10,03,07,211,21,21,05,169,19*7D
$GPRMC,125610.000,A,2632.9435,N,07703.2161,W,0.91,4.34,280324,,,A*70
$GPVTG,4.34,T,,M,0.91,N,1.7,K,A*00
$GPGGA,125615.000,2632.9431,N,07703.2152,W,1,08,1.1,0.0,M,-33.0,M,,0000*62
$GPGSA,A,3,09,31,03,27,26,04,16,08,,,,,1.7,1.1,1.3*34
$GPGSV,3,1,11,04,71,228,22,27,66,081,28,08,60,180,20,09,43,304,30*78
$GPGSV,3,2,11,16,42,030,31,31,20,100,23,26,17,054,23,07,14,308,29*78
$GPGSV,3,3,11,03,07,211,22,21,05,169,,46,25,250,27*40
$GPRMC,125615.000,A,2632.9431,N,07703.2152,W,0.34,241.58,280324,,,A*77
$GPVTG,241.58,T,,M,0.34,N,0.6,K,A*06
$GPGGA,125620.000,2632.9434,N,07703.2152,W,1,07,1.3,1.3,M,-33.0,M,,0000*6E
$GPGSA,A,3,09,08,03,27,26,04,16,,,,,,1.8,1.3,1.3*3B
$GPGSV,3,1,11,04,71,228,22,27,66,081,29,08,60,180,22,09,43,304,37*7C
$GPGSV,3,2,11,16,42,030,27,31,20,100,,26,17,054,21,07,14,308,36*72
$GPGSV,3,3,11,03,07,211,16,21,05,169,,46,25,250,26*46
$GPVTG,25.37,T,,M,0.62,N,1.1,K,A*3A
$GPGGA,125625.000,2632.9439,N,07703.2151,W,1,07,1.3,2.4,M,-33.0,M,,0000*61
$GPGSA,A,3,09,08,03,27,26,04,16,,,,,,1.8,1.3,1.3*3B
$GPGSV,3,1,11,04,71,228,23,27,66,081,29,08,60,180,21,09,43,304,36*7F
$GPGSV,3,2,11,16,42,030,29,31,20,100,,26,17,054,26,07,14,308,36*7B
$GPGSV,3,3,11,03,07,211,15,21,05,169,,46,25,250,23*40
$GPRMC,125625.000,A,2632.9439,N,07703.2151,W,0.43,22.63,280324,,,A*40
$GPVTG,22.63,T,,M,0.43,N,0.8,K,A*37
$GPGGA,125630.000,2632.9437,N,07703.2150,W,1,08,1.1,1.4,M,-33.0,M,,0000*64
$GPGSA,A,3,09,08,03,27,26,04,16,31,,,,,1.7,1.1,1.3*34
$GPGSV,3,1,10,04,71,228,24,27,66,081,29,08,60,180,16,09,43,304,36*7D
$GPGSV,3,2,10,16,42,030,29,31,20,100,17,26,17,054,28,07,14,308,35*71
$GPGSV,3,3,10,03,07,211,17,21,05,169,*70
$GPRMC,125630.000,A,2632.9437,N,07703.2150,W,0.31,175.32,280324,,,A*79
$GPVTG,175.32,T,,M,0.31,N,0.6,K,A*0B
$GPGGA,125635.000,2632.9435,N,07703.2149,W,1,08,1.1,1.1,M,-33.0,M,,0000*6E
$GPGSA,A,3,09,08,03,27,26,04,16,31,,,,,1.7,1.1,1.3*34
$GPGSV,3,1,10,04,71,228,23,27,66,081,29,08,60,180,18,09,43,304,36*74
$GPGSV,3,2,10,16,42,030,32,31,20,100,16,26,17,054,28,07,14,308,29*77
$GPGSV,3,3,10,03,07,211,23,21,05,169,*77
$GPRMC,125635.000,A,2632.9435,N,07703.2149,W,0.39,81.12,280324,,,A*46
$GPVTG,81.12,T,,M,0.39,N,0.7,K,A*3A
$GPGGA,125640.000,2632.9447,N,07703.2144,W,1,07,1.3,0.8,M,-33.0,M,,0000*61
$GPGSA,A,3,09,08,03,27,26,04,16,,,,,,1.8,1.3,1.3*3B
$GPGSV,3,1,10,04,71,228,19,27,66,081,29,08,60,180,21,09,43,304,36*77
$GPGSV,3,2,10,16,42,030,33,31,20,100,,26,17,054,29,07,14,308,29*70
$GPGSV,3,3,10,03,07,211,18,21,05,169,*7F
$GPRMC,125640.000,A,2632.9447,N,07703.2144,W,0.13,155.48,280324,,,A*73
$GPVTG,155.48,T,,M,0.13,N,0.2,K,A*00
$GPGGA,125645.000,2632.9442,N,07703.2139,W,1,08,1.1,-0.1,M,-33.0,M,,0000*42
$GPGSA,A,3,09,08,03,27,26,31,04,16,,,,,1.7,1.1,1.3*34
$GPGSV,3,1,11,04,70,226,19,27,66,078,30,08,61,180,25,09,43,303,30*73
$GPGSV,3,2,11,16,42,031,29,31,20,101,21,26,16,055,28,07,15,309,33*73
$GPGSV,3,3,11,03,07,210,20,21,06,168,,02,00,179,*4B
$GPVTG,189.40,T,,M,0.67,N,1.2,K,A*0B
$GPGGA,125650.000,2632.9427,N,07703.2125,W,1,07,1.5,-0.1,M,-33.0,M,,0000*43
$GPGSA,A,3,09,08,27,26,31,04,16,,,,,,2.8,1.5,2.3*3C
$GPGSV,3,1,11,04,70,226,21,27,66,078,27,08,61,180,26,09,43,303,27*7B
$GPGSV,3,2,11,16,42,031,30,31,20,101,24,26,16,055,24,07,15,309,32*73
$GPGSV,3,3,11,03,07,210,,21,06,168,25,02,00,179,*4E
$GPRMC,125650.000,A,2632.9427,N,07703.2125,W,0.54,194.53,280324,,,A*77
$GPVTG,194.53,T,,M,0.54,N,1.0,K,A*07
$GPGGA,125655.000,2632.9426,N,07703.2117,W,1,08,1.1,2.6,M,-33.0,M,,0000*65
$GPGSA,A,3,09,08,03,27,26,31,04,16,,,,,1.7,1.1,1.3*34
$GPGSV,3,1,11,04,70,226,24,27,66,078,32,08,61,180,23,09,43,303,23*7B
$GPGSV,3,2,11,16,42,031,30,31,20,101,31,26,16,055,29,07,15,309,23*7A
$GPGSV,3,3,11,03,07,210,22,21,06,168,24,02,00,179,*4F
$GPRMC,125655.000,A,2632.9426,N,07703.2117,W,0.78,204.29,280324,,,A*7B
$GPVTG,204.29,T,,M,0.78,N,1.4,K,A*0A
$GPGGA,125700.000,2632.9427,N,07703.2110,W,1,08,1.1,-0.0,M,-33.0,M,,0000*4B
$GPGSA,A,3,09,08,03,27,26,31,04,16,,,,,1.7,1.1,1.3*34
$GPGSV,3,1,11,04,70,226,22,27,66,078,31,08,61,180,24,09,43,303,26*7C
$GPGSV,3,2,11,16,42,031,30,31,20,101,30,26,16,055,29,07,15,309,26*7E
$GPGSV,3,3,11,03,07,210,14,21,06,168,22,02,00,179,*4C
$GPRMC,125700.000,A,2632.9427,N,07703.2110,W,0.76,164.67,280324,,,A*7D
$GPVTG,164.67,T,,M,0.76,N,1.4,K,A*0B
$GPGGA,125705.000,2632.9428,N,07703.2102,W,1,06,1.5,0.3,M,-33.0,M,,0000*66
$GPGSA,A,3,09,08,27,31,04,16,,,,,,,2.9,1.5,2.5*3F
$GPGSV,3,1,11,04,70,226,22,27,66,078,33,08,61,180,32,09,43,303,23*7C
$GPGSV,3,2,11,16,42,031,26,31,20,101,29,26,16,055,24,07,15,309,26*7C
$GPGSV,3,3,11,03,07,210,,21,06,168,22,02,00,179,*49
$GPRMC,125705.000,A,2632.9428,N,07703.2102,W,0.13,171.52,280324,,,A*75
$GPVTG,171.52,T,,M,0.13,N,0.2,K,A*0D
$GPGGA,125710.000,2632.9427,N,07703.2106,W,1,07,1.5,0.6,M,-33.0,M,,0000*6D
$GPGSA,A,3,09,08,27,26,31,04,16,,,,,,2.8,1.5,2.3*3C
$GPGSV,3,1,11,04,70,226,23,27,66,078,26,08,61,180,31,09,43,303,28*71
$GPGSV,3,2,11,16,42,031,33,31,20,101,29,26,16,055,28,07,15,309,28*7A
$GPGSV,3,3,11,03,07,210,,21,06,168,27,02,00,179,*4C
$GPRMC,125710.000,A,2632.9427,N,07703.2106,W,0.55,66.67,280324,,,A*49
$GPVTG,66.67,T,,M,0.55,N,1.0,K,A*3D
$GPGGA,125715.000,2632.9430,N,07703.2100,W,1,07,1.5,1.4,M,-33.0,M,,0000*6B
$GPGSA,A,3,09,08,27,26,31,04,16,,,,,,2.8,1.5,2.3*3C
$GPGSV,3,1,11,04,70,226,23,27,66,078,31,08,61,180,21,09,43,303,29*77
$GPGSV,3,2,11,16,42,031,32,31,20,101,31,26,16,055,27,07,15,309,29*7C
$GPGSV,3,3,11,03,07,210,,21,06,168,21,02,00,179,*4A
$GPRMC,125715.000,A,2632.9430,N,07703.2100,W,0.10,211.61,280324,,,A*79
$GPGGA,125720.000,2632.9434,N,07703.2104,W,1,07,1.5,0.3,M,-33.0,M,,0000*6B
$GPGSA,A,3,09,08,27,26,31,04,16,,,,,,2.8,1.5,2.3*3C
$GPGSV,3,1,11,04,70,226,24,27,66,078,30,08,61,180,22,09,43,303,30*7A
$GPGSV,3,2,11,16,42,031,32,31,20,101,31,26,16,055,27,07,15,309,30*74
$GPGSV,3,3,11,03,07,210,,21,06,168,20,02,00,179,*4B
$GPRMC,125720.000,A,2632.9434,N,07703.2104,W,0.36,192.13,280324,,,A*76
$GPVTG,192.13,T,,M,0.36,N,0.7,K,A*07
$GPGGA,125725.000,2632.9443,N,07703.2094,W,1,07,1.5,1.5,M,-33.0,M,,0000*61
$GPGSA,A,3,09,08,27,26,31,04,16,,,,,,2.8,1.5,2.3*3C
$GPGSV,3,1,11,04,70,226,22,27,66,078,30,08,61,180,23,09,43,303,27*7B
$GPGSV,3,2,11,16,42,031,29,31,20,101,32,26,16,055,25,07,15,309,29*77
$GPGSV,3,3,11,03,07,210,,21,06,168,20,02,00,179,*4B
$GPRMC,125725.000,A,2632.9443,N,07703.2094,W,0.56,32.79,280324,,,A*4A
$GPVTG,32.79,T,,M,0.56,N,1.0,K,A*30
$GPGGA,125730.000,2632.9448,N,07703.2104,W,1,07,1.5,0.6,M,-33.0,M,,0000*64
$GPGSA,A,3,09,08,27,26,31,04,16,,,,,,2.8,1.5,2.3*3C
$GPGSV,3,1,11,04,70,226,30,27,66,078,30,08,61,180,29,09,43,303,30*74
$GPGSV,3,2,11,16,42,031,30,31,20,101,31,26,16,055,25,07,15,309,25*70
$GPGSV,3,3,11,03,07,210,,21,06,168,20,02,00,179,*4B
$GPRMC,125730.000,A,2632.9448,N,07703.2104,W,1.26,287.39,280324,,,A*73
$GPVTG,287.39,T,,M,1.26,N,2.3,K,A*0E
$GPGGA,125735.000,2632.9447,N,07703.2110,W,1,07,1.5,-0.7,M,-33.0,M,,0000*47
$GPGSA,A,3,09,08,27,26,31,04,16,,,,,,2.8,1.5,2.3*3C
$GPGSV,3,1,11,04,70,226,15,27,66,078,25,08,61,180,20,09,43,303,25*7A
$GPGSV,3,2,11,16,42,031,30,31,20,101,28,26,16,055,25,07,15,309,25*78
$GPGSV,3,3,11,03,07,210,,21,06,168,15,02,00,179,*4D
$GPRMC,125735.000,A,2632.9447,N,07703.2110,W,0.34,302.93,280324,,,A*72
$GPVTG,302.93,T,,M,0.34,N,0.6,K,A*07
$GPGGA,125740.000,2632.9441,N,07703.2106,W,1,07,1.5,-1.7,M,-33.0,M,,0000*45
$GPGSA,A,3,09,08,27,26,31,04,16,,,,,,2.8,1.5,2.3*3C
$GPGSV,3,1,11,04,70,226,30,27,66,078,25,08,61,180,25,09,43,303,30*7C
$GPGSV,3,2,11,16,42,031,22,31,20,101,36,26,16,055,25,07,15,309,24*75
$GPGSV,3,3,11,03,07,210,,21,06,168,,02,00,179,*49
$GPRMC,125740.000,A,2632.9441,N,07703.2106,W,0.10,30.13,280324,,,A*4D
$GPVTG,30.13,T,,M,0.10,N,0.2,K,A*3F
$GPGGA,125745.000,2632.9439,N,07703.2106,W,1,07,1.5,-2.1,M,-33.0,M,,0000*4A
$GPGSA,A,3,09,08,27,26,31,04,16,,,,,,2.8,1.5,2.3*3C
$GPGSV,3,1,11,04,70,226,30,27,66,078,32,08,61,180,19,09,43,303,31*74
$GPGSV,3,2,11,16,42,031,14,31,20,101,33,26,16,055,24,07,15,309,23*73
$GPGSV,3,3,11,03,07,210,,21,06,168,,02,00,179,*49
$GPRMC,125745.000,A,2632.9439,N,07703.2106,W,0.94,203.12,280324,,,A*78
$GPGGA,125750.000,2632.9432,N,07703.2110,W,1,07,1.5,-2.2,M,-33.0,M,,0000*41
$GPGSA,A,3,09,08,27,26,31,04,16,,,,,,2.8,1.5,2.3*3C
$GPGSV,3,1,11,04,70,226,31,27,66,078,26,08,61,180,33,09,43,303,29*71
$GPGSV,3,2,11,16,42,031,24,31,20,101,21,26,16,055,20,07,15,309,19*7E
$GPGSV,3,3,11,03,07,210,,21,06,168,,02,00,179,*49
$GPRMC,125750.000,A,2632.9432,N,07703.2110,W,0.24,285.66,280324,,,A*76
$GPVTG,285.66,T,,M,0.24,N,0.4,K,A*00
$GPGGA,125755.000,2632.9437,N,07703.2102,W,1,07,1.5,-0.8,M,-33.0,M,,0000*4A
$GPGSA,A,3,09,08,27,26,31,04,16,,,,,,2.8,1.5,2.3*3C
$GPGSV,3,1,11,04,70,226,36,27,66,078,18,08,61,180,27,09,43,303,32*74
$GPGSV,3,2,11,16,42,031,22,31,20,101,22,26,16,055,19,07,15,309,23*78
$GPGSV,3,3,11,03,07,210,,21,06,168,,02,00,179,*49
$GPRMC,125755.000,A,2632.9437,N,07703.2102,W,0.58,284.52,280324,,,A*78
$GPVTG,284.52,T,,M,0.58,N,1.1,K,A*09
$GPGGA,125800.000,2632.9433,N,07703.2107,W,1,07,1.5,-2.3,M,-33.0,M,,0000*4D
$GPGSA,A,3,09,08,27,26,31,04,16,,,,,,2.8,1.5,2.3*3C
$GPGSV,3,1,11,04,70,226,14,27,66,078,17,08,61,180,28,09,43,303,25*72
$GPGSV,3,2,11,16,42,031,12,31,20,101,22,26,16,055,21,07,15,309,20*73
$GPGSV,3,3,11,03,07,210,,21,06,168,,02,00,179,*49
$GPRMC,125800.000,A,2632.9433,N,07703.2107,W,0.10,19.36,280324,,,A*4E
$GPVTG,19.36,T,,M,0.10,N,0.2,K,A*33
$GPGGA,125805.000,2632.9418,N,07703.2121,W,1,07,1.5,-8.2,M,-33.0,M,,0000*4E
$GPGSA,A,3,09,08,27,26,31,04,16,,,,,,2.8,1.5,2.3*3C
$GPGSV,3,1,11,04,70,226,27,27,66,078,20,08,61,180,28,09,43,303,19*79
$GPGSV,3,2,11,16,42,031,19,31,20,101,22,26,16,055,20,07,15,309,26*7F
$GPGSV,3,3,11,03,07,210,,21,06,168,,02,00,179,*49
$GPRMC,125805.000,A,2632.9418,N,07703.2121,W,0.67,289.20,280324,,,A*7A
$GPVTG,289.20,T,,M,0.67,N,1.2,K,A*0E
$GPGGA,125810.000,2632.9423,N,07703.2123,W,1,07,1.5,-10.2,M,-33.0,M,,0000*79
$GPGSA,A,3,09,08,27,26,31,04,16,,,,,,2.7,1.5,2.3*33
$GPGSV,3,1,11,04,70,226,21,27,66,078,23,08,61,180,29,09,43,303,30*76
$GPGSV,3,2,11,16,42,031,25,31,20,101,23,26,16,055,25,07,15,309,23*71
$GPRMC,125810.000,A,2632.9423,N,07703.2123,W,0.15,67.82,280324,,,A*4B
$GPVTG,67.82,T,,M,0.15,N,0.3,K,A*31
$GPGGA,125815.000,2632.9431,N,07703.2112,W,1,07,1.5,-4.0,M,-33.0,M,,0000*4A
$GPGSA,A,3,09,08,27,26,31,04,16,,,,,,2.7,1.5,2.3*33
$GPGSV,3,1,11,04,70,226,33,27,66,078,24,08,61,180,30,09,43,303,31*7B
$GPGSV,3,2,11,16,42,031,25,31,20,101,23,26,16,055,19,07,15,309,22*7F
$GPGSV,3,3,11,03,07,210,,21,06,168,,02,00,179,*49
$GPRMC,125815.000,A,2632.9431,N,07703.2112,W,0.25,283.69,280324,,,A*71
$GPVTG,283.69,T,,M,0.25,N,0.5,K,A*09
$GPGGA,125820.000,2632.9424,N,07703.2121,W,1,08,1.1,-4.7,M,-33.0,M,,0000*44
$GPGSA,A,3,09,08,03,27,26,31,04,16,,,,,1.7,1.1,1.3*34
$GPGSV,3,1,11,04,70,226,32,27,66,078,23,08,61,180,31,09,43,303,31*7C
$GPGSV,3,2,11,16,42,031,21,31,20,101,24,26,16,055,23,07,15,309,26*71
$GPGSV,3,3,11,03,07,210,15,21,06,168,,02,00,179,*4D
$GPRMC,125820.000,A,2632.9424,N,07703.2121,W,0.40,254.08,280324,,,A*7D
$GPVTG,254.08,T,,M,0.40,N,0.7,K,A*05
$GPGGA,125825.000,2632.9420,N,07703.2129,W,1,07,1.2,-6.3,M,-33.0,M,,0000*47
$GPGSA,A,3,09,08,03,27,26,31,04,,,,,,1.7,1.2,1.3*30
$GPGSV,3,1,11,04,70,226,32,27,66,078,29,08,61,180,32,09,43,303,30*74
$GPGSV,3,2,11,16,42,031,07,31,20,101,25,26,16,055,25,07,15,309,26*72
$GPGSV,3,3,11,03,07,210,16,21,06,168,,02,00,179,*4E
$GPRMC,125825.000,A,2632.9420,N,07703.2129,W,0.38,224.02,280324,,,A*76
$GPVTG,224.02,T,,M,0.38,N,0.7,K,A*07
$GPGGA,125830.000,2632.9426,N,07703.2127,W,1,07,1.2,-5.1,M,-33.0,M,,0000*4A
$GPGSA,A,3,09,08,03,27,26,31,04,,,,,,1.7,1.2,1.3*30
$GPGSV,3,1,11,04,70,226,33,27,66,078,28,08,61,180,33,09,43,303,30*75
$GPGSV,3,2,11,16,42,031,,31,20,101,25,26,16,055,25,07,15,309,17*77
$GPGSV,3,3,11,03,07,210,17,21,06,168,,02,00,179,*4F
$GPRMC,125830.000,A,2632.9426,N,07703.2127,W,0.44,5.96,280324,,,A*7D
$GPVTG,5.96,T,,M,0.44,N,0.8,K,A*0F
$GPGGA,125835.000,2632.9431,N,07703.2130,W,1,08,1.1,-3.6,M,-33.0,M,,0000*42
$GPGSA,A,3,09,08,03,27,26,31,04,16,,,,,1.7,1.1,1.3*34
$GPGSV,3,1,11,04,70,226,33,27,66,078,27,08,61,180,34,09,43,303,31*7C
$GPGSV,3,2,11,16,42,031,23,31,20,101,26,26,16,055,14,07,15,309,27*74
$GPGSV,3,3,11,03,07,210,16,21,06,168,,02,00,179,*4E
$GPRMC,125835.000,A,2632.9431,N,07703.2130,W,0.17,253.95,280324,,,A*7C
$GPVTG,253.95,T,,M,0.17,N,0.3,K,A*00
$GPGGA,125840.000,2632.9435,N,07703.2125,W,1,08,1.1,-5.5,M,-33.0,M,,0000*45
$GPGSA,A,3,09,08,03,27,26,31,04,16,,,,,1.7,1.1,1.3*34
$GPGSV,3,1,11,04,70,226,33,27,66,078,33,08,61,180,34,09,43,303,31*79
$GPGSV,3,2,11,16,42,031,23,31,20,101,19,26,16,055,17,07,15,309,27*7B
$GPGSV,3,3,11,03,07,210,15,21,06,168,,02,00,179,*4D
$GPVTG,38.73,T,,M,0.46,N,0.9,K,A*39
$GPGGA,125845.000,2632.9434,N,07703.2123,W,1,07,1.5,-6.5,M,-33.0,M,,0000*4F
$GPGSA,A,3,09,08,27,26,31,04,16,,,,,,2.7,1.5,2.3*33
$GPGSV,3,1,11,04,70,223,33,27,65,076,34,08,62,180,36,09,44,302,31*71
$GPGSV,3,2,11,16,41,031,24,31,19,102,24,26,16,055,17,07,15,309,35*7B
$GPGSV,3,3,11,03,06,210,,21,06,167,,02,00,179,*47
$GPRMC,125845.000,A,2632.9434,N,07703.2123,W,0.25,25.99,280324,,,A*42
$GPVTG,25.99,T,,M,0.25,N,0.5,K,A*38
$GPGGA,125850.000,2632.9435,N,07703.2121,W,1,07,1.5,-3.7,M,-33.0,M,,0000*4F
$GPGSA,A,3,09,08,27,26,31,04,16,,,,,,2.7,1.5,2.3*33
$GPGSV,3,1,11,04,70,223,39,27,65,076,26,08,62,180,36,09,44,302,27*7F
$GPGSV,3,2,11,16,41,031,30,31,19,102,25,26,16,055,13,07,15,309,24*7B
$GPGSV,3,3,11,03,06,210,,21,06,167,,02,00,179,*47
$GPRMC,125850.000,A,2632.9435,N,07703.2121,W,0.23,35.38,280324,,,A*49
$GPVTG,35.38,T,,M,0.23,N,0.4,K,A*35
$GPGGA,125855.000,2632.9438,N,07703.2121,W,1,08,1.1,-4.3,M,-33.0,M,,0000*4F
$GPGSA,A,3,09,08,03,27,26,31,04,16,,,,,1.7,1.1,1.3*34
$GPGSV,3,1,11,04,70,223,39,27,65,076,33,08,62,180,38,09,44,302,26*74
$GPGSV,3,2,11,16,41,031,31,31,19,102,30,26,16,055,27,07,15,309,18*76
$GPGSV,3,3,11,03,06,210,20,21,06,167,,02,00,179,*45
$GPRMC,125855.000,A,2632.9438,N,07703.2121,W,0.13,190.01,280324,,,A*76
$GPVTG,190.01,T,,M,0.13,N,0.2,K,A*04
$GPGGA,125900.000,2632.9441,N,07703.2122,W,1,08,1.1,-4.5,M,-33.0,M,,0000*45
$GPGSA,A,3,09,08,03,27,26,31,04,16,,,,,1.7,1.1,1.3*34
$GPGSV,3,1,11,04,70,223,38,27,65,076,33,08,62,180,39,09,44,302,26*74
$GPGSV,3,2,11,16,41,031,31,31,19,102,24,26,16,055,18,07,15,309,21*75
$GPGSV,3,3,11,03,06,210,18,21,06,167,18,02,00,179,*47
$GPRMC,125900.000,A,2632.9441,N,07703.2122,W,0.17,212.84,280324,,,A*7A
$GPVTG,212.84,T,,M,0.17,N,0.3,K,A*05
$GPGGA,125905.000,2632.9447,N,07703.2121,W,1,07,1.5,-3.7,M,-33.0,M,,0000*4B
$GPGSA,A,3,09,08,27,26,31,04,16,,,,,,2.7,1.5,2.3*33
$GPGSV,3,1,11,04,70,223,38,27,65,076,33,08,62,180,40,09,44,302,33*7E
$GPGSV,3,2,11,16,41,031,26,31,19,102,25,26,16,055,19,07,15,309,26*74
$GPGSV,3,3,11,03,06,210,,21,06,167,18,02,00,179,*4E
$GPRMC,125905.000,A,2632.9447,N,07703.2121,W,0.68,35.72,280324,,,A*4C
$GPVTG,35.72,T,,M,0.68,N,1.3,K,A*32
$GPGGA,125910.000,2632.9459,N,07703.2110,W,1,07,1.5,-3.7,M,-33.0,M,,0000*42
$GPGSA,A,3,09,08,27,26,31,04,16,,,,,,2.7,1.5,2.3*33
$GPGSV,3,1,11,04,69,223,37,27,65,075,33,08,62,180,40,09,44,302,35*7C
$GPGSV,3,2,11,16,41,031,30,31,19,102,25,26,16,055,26,07,15,309,28*71
$GPGSV,3,3,11,03,06,210,,21,06,167,,02,00,178,*46
$GPRMC,125910.000,A,2632.9459,N,07703.2110,W,0.95,43.73,280324,,,A*47
$GPGGA,125915.000,2632.9465,N,07703.2109,W,1,08,1.1,-3.6,M,-33.0,M,,0000*4A
$GPGSA,A,3,09,08,03,27,26,31,04,16,,,,,1.7,1.1,1.3*34
$GPGSV,3,1,11,04,69,223,39,27,65,075,36,08,62,180,40,09,44,302,36*74
$GPGSV,3,2,11,16,41,031,26,31,19,102,24,26,16,055,27,07,15,309,28*76
$GPGSV,3,3,11,03,06,210,15,21,06,167,20,02,00,178,*40
$GPRMC,125915.000,A,2632.9465,N,07703.2109,W,0.57,258.37,280324,,,A*73
$GPVTG,258.37,T,,M,0.57,N,1.1,K,A*04
$GPGGA,125920.000,2632.9457,N,07703.2155,W,1,08,1.1,-4.5,M,-33.0,M,,0000*40
$GPGSA,A,3,09,08,03,27,26,31,04,16,,,,,1.7,1.1,1.3*34
$GPGSV,3,1,11,04,69,223,39,27,65,075,39,08,62,180,39,09,44,302,36*75
$GPGSV,3,2,11,16,41,031,28,31,19,102,29,26,16,055,29,07,15,309,24*77
$GPGSV,3,3,11,03,06,210,16,21,06,167,12,02,00,178,*42
$GPRMC,125920.000,A,2632.9457,N,07703.2155,W,4.32,255.54,280324,,,A*72
$GPVTG,255.54,T,,M,4.32,N,8.0,K,A*03
$GPGGA,125925.000,2632.9409,N,07703.2202,W,1,08,1.1,-4.0,M,-33.0,M,,0000*4A
$GPGSA,A,3,09,08,03,27,26,31,04,16,,,,,1.7,1.1,1.3*34
$GPGSV,3,1,11,04,69,223,33,27,65,075,27,08,62,180,38,09,44,302,33*74
$GPGSV,3,2,11,16,41,031,16,31,19,102,27,26,16,055,17,07,15,309,24*79
$GPGSV,3,3,11,03,06,210,23,21,06,167,20,02,00,178,*45
$GPRMC,125925.000,A,2632.9409,N,07703.2202,W,4.51,198.00,280324,,,A*7B
$GPVTG,198.00,T,,M,4.51,N,8.4,K,A*01
$GPGGA,125930.000,2632.9337,N,07703.2206,W,1,08,1.1,-3.8,M,-33.0,M,,0000*4F
$GPGSA,A,3,09,08,03,27,26,31,04,16,,,,,1.7,1.1,1.3*34
$GPGSV,3,1,11,04,69,223,33,27,65,075,27,08,62,180,40,09,44,302,32*7A
$GPGSV,3,2,11,16,41,031,24,31,19,102,28,26,16,055,21,07,15,309,31*76
$GPGSV,3,3,11,03,06,210,23,21,06,167,21,02,00,178,*44
$GPRMC,125930.000,A,2632.9337,N,07703.2206,W,5.51,177.83,280324,,,A*7A
$GPVTG,177.83,T,,M,5.51,N,10.2,K,A*35
$GPGGA,125935.000,2632.9263,N,07703.2193,W,1,08,1.1,-3.5,M,-33.0,M,,0000*48
$GPGSA,A,3,09,08,03,27,26,31,04,16,,,,,1.7,1.1,1.3*34
$GPGSV,3,1,11,04,69,223,32,27,65,075,21,08,62,180,40,09,44,302,29*77
$GPGSV,3,2,11,16,41,031,28,31,19,102,26,26,16,055,21,07,15,309,26*72
$GPGSV,3,3,11,03,06,210,24,21,06,167,20,02,00,178,*42
$GPRMC,125935.000,A,2632.9263,N,07703.2193,W,5.04,160.19,280324,,,A*75
$GPVTG,160.19,T,,M,5.04,N,9.3,K,A*09
$GPGGA,125940.000,2632.9193,N,07703.2167,W,1,08,1.1,-2.9,M,-33.0,M,,0000*40
$GPGSA,A,3,09,08,03,27,26,31,04,16,,,,,1.7,1.1,1.3*34
$GPGSV,3,1,11,04,69,223,32,27,65,075,28,08,62,180,39,09,44,302,28*71
$GPGSV,3,2,11,16,41,031,29,31,19,102,27,26,16,055,20,07,15,309,32*76
$GPGSV,3,3,11,03,06,210,30,21,06,167,19,02,00,178,*4D
$GPVTG,165.31,T,,M,5.23,N,9.7,K,A*07
$GPGGA,125945.000,2632.9122,N,07703.2143,W,1,07,1.2,-3.4,M,-33.0,M,,0000*49
$GPGSA,A,3,09,08,03,27,31,04,16,,,,,,1.9,1.2,1.4*3A
$GPGSV,3,1,11,04,69,223,33,27,65,075,23,08,62,180,39,09,44,302,32*70
$GPGSV,3,2,11,16,41,031,26,31,19,102,23,26,16,055,12,07,15,309,28*77
$GPGSV,3,3,11,03,06,210,22,21,06,167,18,02,00,178,*4F
$GPRMC,125945.000,A,2632.9122,N,07703.2143,W,5.41,168.42,280324,,,A*7E
$GPVTG,168.42,T,,M,5.41,N,10.0,K,A*35
$GPGGA,125950.000,2632.9047,N,07703.2122,W,1,07,1.2,-3.2,M,-33.0,M,,0000*4E
$GPGSA,A,3,09,08,03,27,31,04,16,,,,,,1.9,1.2,1.4*3A
$GPGSV,3,1,11,04,69,223,32,27,65,075,31,08,62,180,39,09,44,302,31*71
$GPGSV,3,2,11,16,41,031,29,31,19,102,29,26,16,055,,07,15,309,27*7E
$GPGSV,3,3,11,03,06,210,24,21,06,167,23,02,00,178,*41
$GPRMC,125950.000,A,2632.9047,N,07703.2122,W,5.11,164.23,280324,,,A*71
$GPVTG,164.23,T,,M,5.11,N,9.5,K,A*06
$GPGGA,125955.000,2632.8975,N,07703.2101,W,1,08,1.1,-2.6,M,-33.0,M,,0000*4A
$GPGSA,A,3,09,08,03,27,26,31,04,16,,,,,1.7,1.1,1.3*34
$GPGSV,3,1,11,04,69,223,32,27,65,075,23,08,62,180,39,09,44,302,31*72
$GPGSV,3,2,11,16,41,031,24,31,19,102,29,26,16,055,22,07,15,309,26*72
$GPGSV,3,3,11,03,06,210,13,21,06,167,18,02,00,178,*4D
$GPRMC,125955.000,A,2632.8975,N,07703.2101,W,5.37,168.18,280324,,,A*7C
$GPVTG,168.18,T,,M,5.37,N,9.9,K,A*0A
$GPGGA,130000.000,2632.8904,N,07703.2083,W,1,07,1.5,-3.0,M,-33.0,M,,0000*46
$GPGSA,A,3,09,08,27,26,31,04,16,,,,,,2.7,1.5,2.3*33
$GPGSV,3,1,11,04,69,223,33,27,65,075,27,08,62,180,39,09,44,302,29*7E
$GPGSV,3,2,11,16,41,031,19,31,19,102,29,26,16,055,22,07,15,309,25*7F
$GPGSV,3,3,11,03,06,210,,21,06,167,19,02,00,178,*4E
$GPRMC,130000.000,A,2632.8904,N,07703.2083,W,4.90,162.36,280324,,,A*76
$GPVTG,162.36,T,,M,4.90,N,9.1,K,A*08
$GPGGA,130005.000,2632.8838,N,07703.2058,W,1,08,1.1,-2.0,M,-33.0,M,,0000*41
$GPGSA,A,3,09,08,03,27,26,31,04,16,,,,,1.7,1.1,1.3*34
$GPGSV,3,1,11,04,69,223,34,27,65,075,31,08,62,180,39,09,44,302,29*7E
$GPGSV,3,2,11,16,41,031,29,31,19,102,28,26,16,055,22,07,15,309,29*71
$GPGSV,3,3,11,03,06,210,25,21,06,167,21,02,00,178,*42
$GPRMC,130005.000,A,2632.8838,N,07703.2058,W,5.30,164.42,280324,,,A*75
$GPVTG,164.42,T,,M,5.30,N,9.8,K,A*0F
$GPGGA,130010.000,2632.8770,N,07703.2033,W,1,08,1.1,-1.9,M,-33.0,M,,0000*41
$GPGSA,A,3,09,08,03,27,26,31,04,16,,,,,1.7,1.1,1.3*34
$GPGSV,3,1,11,04,69,223,34,27,65,075,30,08,62,180,39,09,44,302,29*7F
$GPGSV,3,2,11,16,41,031,28,31,19,102,28,26,16,055,21,07,15,309,27*7D
$GPGSV,3,3,11,03,06,210,25,21,06,167,21,02,00,178,*42
$GPVTG,158.97,T,,M,5.07,N,9.4,K,A*00
$GPGGA,130015.000,2632.8697,N,07703.2008,W,1,08,1.1,-2.7,M,-33.0,M,,0000*49
$GPGSA,A,3,09,08,03,27,26,31,04,16,,,,,1.7,1.1,1.3*34
$GPGSV,3,1,11,04,69,222,34,27,65,074,20,08,63,180,39,09,44,302,29*7F
$GPGSV,3,2,11,16,40,032,24,31,19,102,27,07,16,310,26,26,15,056,21*76
$GPGSV,3,3,11,21,07,167,21,03,06,209,17,02,00,178,*4A
$GPRMC,130015.000,A,2632.8697,N,07703.2008,W,5.44,163.79,280324,,,A*76
$GPVTG,163.79,T,,M,5.44,N,10.1,K,A*32
$GPGGA,130020.000,2632.8627,N,07703.1974,W,1,08,1.1,-4.2,M,-33.0,M,,0000*46
$GPGSA,A,3,09,08,03,27,26,31,04,16,,,,,1.7,1.1,1.3*34
$GPGSV,3,1,11,04,69,222,33,27,65,074,25,08,63,180,38,09,44,302,29*7C
$GPGSV,3,2,11,16,40,032,21,31,19,102,31,07,16,310,25,26,15,056,21*77
$GPGSV,3,3,11,21,07,167,21,03,06,209,28,02,00,178,*46
$GPRMC,130020.000,A,2632.8627,N,07703.1974,W,5.31,157.72,280324,,,A*74
$GPVTG,157.72,T,,M,5.31,N,9.8,K,A*0D
$GPGGA,130025.000,2632.8561,N,07703.1939,W,1,08,1.1,-3.7,M,-33.0,M,,0000*49
$GPGSA,A,3,09,08,03,27,26,31,04,16,,,,,1.7,1.1,1.3*34
$GPGSV,3,1,11,04,69,222,33,27,65,074,23,08,63,180,38,09,44,302,30*72
$GPGSV,3,2,11,16,40,032,27,31,19,102,30,07,16,310,26,26,15,056,20*72
$GPGSV,3,3,11,21,07,167,21,03,06,209,28,02,00,178,*46
$GPRMC,130025.000,A,2632.8561,N,07703.1939,W,5.41,156.42,280324,,,A*7C
$GPVTG,156.42,T,,M,5.41,N,10.0,K,A*38
$GPGGA,130030.000,2632.8497,N,07703.1903,W,1,08,1.1,-3.5,M,-33.0,M,,0000*4E
$GPGSA,A,3,09,08,03,27,26,31,04,16,,,,,1.7,1.1,1.3*34
$GPGSV,3,1,11,04,69,222,32,27,65,074,24,08,63,180,38,09,44,302,30*74
$GPGSV,3,2,11,16,40,032,19,31,19,102,29,07,16,310,27,26,15,056,19*7C
$GPGSV,3,3,11,21,07,167,11,03,06,209,28,02,00,178,*45
$GPRMC,130030.000,A,2632.8497,N,07703.1903,W,5.10,152.79,280324,,,A*71
$GPVTG,152.79,T,,M,5.10,N,9.4,K,A*0C
$GPGGA,130035.000,2632.8431,N,07703.1869,W,1,08,1.1,-3.0,M,-33.0,M,,0000*4F
$GPGSA,A,3,09,08,03,27,26,31,04,16,,,,,1.7,1.1,1.2*35
$GPGSV,3,1,11,04,69,222,31,27,65,074,25,08,63,180,38,09,44,302,30*76
$GPGSV,3,2,11,16,40,032,15,31,19,102,29,07,16,310,27,26,15,056,20*7A
$GPRMC,130035.000,A,2632.8431,N,07703.1869,W,5.34,155.46,280324,,,A*78
$GPVTG,155.46,T,,M,5.34,N,9.9,K,A*0C
$GPGGA,130040.000,2632.8365,N,07703.1833,W,1,08,1.1,-3.2,M,-33.0,M,,0000*46
$GPGSA,A,3,09,08,03,27,26,31,04,16,,,,,1.7,1.1,1.2*35
$GPGSV,3,1,11,04,69,222,30,27,65,074,25,08,63,180,38,09,44,302,30*77
$GPGSV,3,2,11,16,40,032,22,31,19,102,30,07,16,310,27,26,15,056,20*76
$GPGSV,3,3,11,21,07,167,,03,06,209,20,02,00,178,*4D
$GPRMC,130040.000,A,2632.8365,N,07703.1833,W,5.17,149.09,280324,,,A*74
$GPGGA,130045.000,2632.8296,N,07703.1802,W,1,08,1.1,-4.7,M,-33.0,M,,0000*4E
$GPGSA,A,3,09,08,03,27,26,31,04,16,,,,,1.7,1.1,1.2*35
$GPGSV,3,1,11,04,69,221,30,27,65,073,28,08,63,180,37,09,44,301,29*7A
$GPGSV,3,2,11,16,40,032,23,31,19,102,30,07,16,310,21,26,15,056,21*70
$GPGSV,3,3,11,21,07,167,22,03,06,209,20,02,01,178,*4C
$GPRMC,130045.000,A,2632.8296,N,07703.1802,W,4.37,151.02,280324,,,A*7F
$GPVTG,151.02,T,,M,4.37,N,8.1,K,A*03
$GPGGA,130050.000,2632.8253,N,07703.1776,W,1,08,1.1,-6.3,M,-33.0,M,,0000*49
$GPGSA,A,3,09,08,03,27,26,31,04,16,,,,,1.7,1.1,1.2*35
$GPGSV,3,1,11,04,69,221,30,27,65,073,34,08,63,180,37,09,44,301,25*7B
$GPGSV,3,2,11,16,40,032,24,31,19,102,30,07,16,310,21,26,15,056,23*75
$GPGSV,3,3,11,21,07,167,23,03,06,209,26,02,01,178,*4B
$GPRMC,130050.000,A,2632.8253,N,07703.1776,W,3.20,141.56,280324,,,A*7F
$GPVTG,141.56,T,,M,3.20,N,5.9,K,A*07
$GPGGA,130055.000,2632.8221,N,07703.1743,W,1,08,1.1,-6.7,M,-33.0,M,,0000*4B
$GPGSA,A,3,09,08,03,27,26,31,04,16,,,,,1.7,1.1,1.2*35
$GPGSV,3,1,11,04,69,221,30,27,65,073,32,08,63,180,37,09,44,301,27*7F
$GPGSV,3,2,11,16,40,032,25,31,19,102,31,07,16,310,18,26,15,056,24*78
$GPGSV,3,3,11,21,07,167,23,03,06,209,21,02,01,178,*4C
$GPRMC,130055.000,A,2632.8221,N,07703.1743,W,3.12,143.50,280324,,,A*7C
$GPVTG,143.50,T,,M,3.12,N,5.8,K,A*03
$GPGGA,130100.000,2632.8202,N,07703.1704,W,1,08,1.1,-4.8,M,-33.0,M,,0000*45
$GPGSA,A,3,09,08,03,27,26,31,04,16,,,,,1.7,1.1,1.2*35
$GPGSV,3,1,11,04,69,221,30,27,65,073,32,08,63,180,37,09,44,301,18*73
$GPGSV,3,2,11,16,40,032,25,31,19,102,34,07,16,310,17,26,15,056,16*73
$GPGSV,3,3,11,21,07,167,,03,06,209,20,02,01,178,*4C
$GPRMC,130100.000,A,2632.8202,N,07703.1704,W,2.46,121.79,280324,,,A*70
$GPVTG,121.79,T,,M,2.46,N,4.5,K,A*00
$GPGGA,130105.000,2632.8187,N,07703.1666,W,1,08,1.1,-3.4,M,-33.0,M,,0000*40
$GPGSA,A,3,09,08,03,27,26,31,04,16,,,,,1.7,1.1,1.2*35
$GPGSV,3,1,11,04,69,221,30,27,65,073,33,08,63,180,37,09,44,301,20*79
$GPGSV,3,2,11,16,40,032,26,31,19,102,30,07,16,310,18,26,15,056,29*77
$GPGSV,3,3,11,21,07,167,30,03,06,209,21,02,01,178,*4E
$GPVTG,121.37,T,,M,2.96,N,5.5,K,A*06
$GPGGA,130110.000,2632.8172,N,07703.1625,W,1,07,1.5,-3.1,M,-33.0,M,,0000*47
$GPGSA,A,3,09,08,27,26,31,04,16,,,,,,2.7,1.5,2.3*33
$GPGSV,3,1,12,04,69,221,30,27,65,073,33,08,63,180,37,09,44,301,20*7A
$GPGSV,3,2,12,16,40,032,27,31,19,102,30,07,16,310,19,26,15,056,29*74
$GPGSV,3,3,12,21,07,167,29,03,06,209,,02,01,178,,44,36,241,25*73
$GPRMC,130110.000,A,2632.8172,N,07703.1625,W,2.90,116.67,280324,,,A*77
$GPVTG,116.67,T,,M,2.90,N,5.4,K,A*00
$GPGGA,130115.000,2632.8154,N,07703.1586,W,1,08,1.1,-3.4,M,-33.0,M,,0000*42
$GPGSA,A,3,09,08,03,27,26,31,04,16,,,,,1.7,1.1,1.2*35
$GPGSV,3,1,12,04,69,221,31,27,65,073,34,08,63,180,37,09,44,301,27*7B
$GPGSV,3,2,12,16,40,032,28,31,19,102,30,07,16,310,20,26,15,056,29*71
$GPGSV,3,3,12,21,07,167,29,03,06,209,21,02,01,178,,44,36,241,26*73
$GPRMC,130115.000,A,2632.8154,N,07703.1586,W,2.87,115.52,280324,,,A*7F
$GPVTG,115.52,T,,M,2.87,N,5.3,K,A*04
$GPGGA,130120.000,2632.8141,N,07703.1544,W,1,08,1.1,-2.9,M,-33.0,M,,0000*42
$GPGSA,A,3,09,08,03,27,26,31,04,16,,,,,1.7,1.1,1.2*35
$GPGSV,3,1,12,04,69,221,31,27,65,073,35,08,63,180,37,09,44,301,27*7A
$GPGSV,3,2,12,16,40,032,29,31,19,102,30,07,16,310,19,26,15,056,29*7A
$GPGSV,3,3,12,21,07,167,21,03,06,209,28,02,01,178,,44,36,241,23*77
$GPRMC,130120.000,A,2632.8141,N,07703.1544,W,3.12,108.84,280324,,,A*79
$GPVTG,108.84,T,,M,3.12,N,5.8,K,A*05
$GPGGA,130125.000,2632.8128,N,07703.1500,W,1,08,1.1,-2.7,M,-33.0,M,,0000*46
$GPGSA,A,3,09,08,03,27,26,31,04,16,,,,,1.7,1.1,1.2*35
$GPGSV,3,1,11,04,69,221,31,27,65,073,36,08,63,180,37,09,44,301,23*7E
$GPGSV,3,2,11,16,40,032,29,31,19,102,30,07,16,310,,26,15,056,29*71
$GPGSV,3,3,11,21,07,167,21,03,06,209,22,02,01,178,*4D
$GPRMC,130125.000,A,2632.8128,N,07703.1500,W,2.84,111.63,280324,,,A*7C
$GPVTG,111.63,T,,M,2.84,N,5.3,K,A*01
$GPGGA,130130.000,2632.8110,N,07703.1462,W,1,08,1.1,-2.7,M,-33.0,M,,0000*4C
$GPGSA,A,3,09,08,03,27,26,31,04,16,,,,,1.7,1.1,1.2*35
$GPGSV,3,1,11,04,69,221,31,27,65,073,35,08,63,180,37,09,44,301,18*75
$GPGSV,3,2,11,16,40,032,29,31,19,102,31,07,16,310,20,26,15,056,29*72
$GPGSV,3,3,11,21,07,167,21,03,06,209,19,02,01,178,*45
$GPRMC,130130.000,A,2632.8110,N,07703.1462,W,3.01,122.60,280324,,,A*79
$GPVTG,122.60,T,,M,3.01,N,5.6,K,A*0B
$GPGGA,130135.000,2632.8083,N,07703.1429,W,1,08,1.1,-2.1,M,-33.0,M,,0000*4B
$GPGSA,A,3,09,08,03,27,26,31,04,16,,,,,1.7,1.1,1.2*35
$GPGSV,3,1,12,04,69,221,31,27,65,073,36,08,63,180,37,09,44,301,25*7B
$GPGSV,3,2,12,16,40,032,31,31,19,102,31,07,16,310,18,26,15,056,26*7C
$GPRMC,130135.000,A,2632.8083,N,07703.1429,W,2.09,138.23,280324,,,A*7D
$GPVTG,138.23,T,,M,2.09,N,3.9,K,A*07
$GPGGA,130140.000,2632.8076,N,07703.1400,W,1,07,1.1,-1.4,M,-33.0,M,,0000*41
$GPGSA,A,3,09,08,03,27,26,31,16,,,,,,1.8,1.1,1.4*38
$GPGSV,3,1,11,04,69,221,16,27,65,073,37,08,63,180,36,09,44,301,20*78
$GPGSV,3,2,11,16,40,032,33,31,19,102,31,07,16,310,19,26,15,056,25*7F
$GPGSV,3,3,11,21,07,167,,03,06,209,16,02,01,178,*49
$GPRMC,130140.000,A,2632.8076,N,07703.1400,W,1.14,96.35,280324,,,A*43
$GPVTG,96.35,T,,M,1.14,N,2.1,K,A*33
$GPGGA,130145.000,2632.8082,N,07703.1391,W,1,08,1.1,-2.3,M,-33.0,M,,0000*4B
$GPGSA,A,3,09,08,03,27,26,31,04,16,,,,,1.7,1.1,1.2*35
$GPGSV,3,1,11,04,69,221,13,27,65,073,37,08,63,180,22,09,44,301,32*7B
$GPGSV,3,2,11,16,40,032,37,31,19,102,26,07,16,310,24,26,15,056,31*76
$GPGSV,3,3,11,21,07,167,,03,06,209,15,02,01,178,*4A
$GPRMC,130145.000,A,2632.8082,N,07703.1391,W,1.18,64.67,280324,,,A*44
$GPVTG,64.67,T,,M,1.18,N,2.2,K,A*36
$GPGGA,130150.000,2632.8089,N,07703.1382,W,1,08,1.1,-2.6,M,-33.0,M,,0000*43
$GPGSA,A,3,09,08,03,27,26,31,04,16,,,,,1.7,1.1,1.2*35
$GPGSV,3,1,11,04,69,221,22,27,65,073,31,08,63,180,22,09,44,301,31*7C
$GPGSV,3,2,11,16,40,032,27,31,19,102,17,07,16,310,24,26,15,056,21*74
$GPGSV,3,3,11,21,07,167,,03,06,209,16,02,01,178,*49
$GPRMC,130150.000,A,2632.8089,N,07703.1382,W,0.33,200.73,280324,,,A*74
$GPVTG,200.73,T,,M,0.33,N,0.6,K,A*0D
$GPGGA,130155.000,2632.8081,N,07703.1385,W,1,08,1.1,-2.1,M,-33.0,M,,0000*4E
$GPGSA,A,3,09,08,03,27,26,31,04,16,,,,,1.7,1.1,1.2*35
$GPGSV,3,1,12,04,69,221,22,27,65,073,30,08,63,180,26,09,44,301,31*7A
$GPGSV,3,2,12,16,40,032,28,31,19,102,21,07,16,310,22,26,15,056,20*7A
$GPGSV,3,3,12,21,07,167,,03,06,209,20,02,01,178,,44,36,241,27*78
$GPRMC,130155.000,A,2632.8081,N,07703.1385,W,0.45,175.88,280324,,,A*7A
$GPVTG,175.88,T,,M,0.45,N,0.8,K,A*07
$GPGGA,130200.000,2632.8092,N,07703.1385,W,1,08,1.1,-1.2,M,-33.0,M,,0000*4F
$GPGSA,A,3,09,08,03,27,26,31,04,16,,,,,1.7,1.1,1.2*35
$GPGSV,3,1,12,04,69,221,22,27,65,073,30,08,63,180,14,09,44,301,32*78
$GPGSV,3,2,12,16,40,032,36,31,19,102,22,07,16,310,27,26,15,056,12*72
$GPGSV,3,3,12,21,07,167,,03,06,209,20,02,01,178,,44,36,241,27*78
$GPRMC,130200.000,A,2632.8092,N,07703.1385,W,0.25,138.26,280324,,,A*70
$GPVTG,138.26,T,,M,0.25,N,0.5,K,A*01
$GPGGA,130205.000,2632.8102,N,07703.1391,W,1,08,1.1,1.6,M,-33.0,M,,0000*6E
$GPGSA,A,3,09,08,03,27,26,31,04,16,,,,,1.7,1.1,1.2*35
$GPGSV,3,1,12,04,69,221,17,27,65,073,31,08,63,180,18,09,44,301,28*78
$GPGSV,3,2,12,16,40,032,34,31,19,102,18,07,16,310,24,26,15,056,12*7A
$GPGSV,3,3,12,21,07,167,,03,06,209,19,02,01,178,,44,36,241,27*72
$GPRMC,130205.000,A,2632.8102,N,07703.1391,W,1.32,339.74,280324,,,A*7B
$GPVTG,339.74,T,,M,1.32,N,2.5,K,A*00
$GPGGA,130210.000,2632.8110,N,07703.1388,W,1,07,1.3,4.6,M,-33.0,M,,0000*69
$GPGSA,A,3,09,08,03,27,26,04,16,,,,,,1.8,1.3,1.3*3B
$GPGSV,3,1,12,04,69,221,18,27,65,073,37,08,63,180,21,09,44,301,33*71
$GPGSV,3,2,12,16,40,032,34,31,19,102,18,07,16,310,24,26,15,056,12*7A
$GPGSV,3,3,12,21,07,167,,03,06,209,18,02,01,178,,44,36,241,26*72
$GPVTG,5.33,T,,M,0.88,N,1.6,K,A*0F
$GPGGA,130215.000,2632.8124,N,07703.1391,W,1,08,1.1,4.7,M,-33.0,M,,0000*6F
$GPGSA,A,3,09,08,03,27,26,31,04,16,,,,,1.7,1.1,1.2*35
$GPGSV,3,1,11,04,69,221,19,27,65,073,35,08,63,180,24,09,44,301,29*7F
$GPGSV,3,2,11,16,40,032,33,31,19,102,22,07,16,310,22,26,15,056,18*7B
$GPGSV,3,3,11,21,07,167,,03,06,209,18,02,01,178,*47
$GPRMC,130215.000,A,2632.8124,N,07703.1391,W,1.19,355.52,280324,,,A*79
$GPVTG,355.52,T,,M,1.19,N,2.2,K,A*00
$GPGGA,130220.000,2632.8117,N,07703.1391,W,1,08,1.1,4.7,M,-33.0,M,,0000*69
$GPGSA,A,3,09,08,03,27,26,31,04,16,,,,,1.7,1.1,1.2*35
$GPGSV,3,1,11,04,69,221,20,27,65,073,34,08,63,180,16,09,44,301,31*7C
$GPGSV,3,2,11,16,40,032,28,31,19,102,25,07,16,310,33,26,15,056,20*7D
$GPGSV,3,3,11,21,07,167,,03,06,209,26,02,01,178,*4A
$GPRMC,130220.000,A,2632.8117,N,07703.1391,W,0.27,109.03,280324,,,A*7C
$GPVTG,109.03,T,,M,0.27,N,0.5,K,A*06
$GPGGA,130225.000,2632.8099,N,07703.1386,W,1,08,1.1,5.9,M,-33.0,M,,0000*62
$GPGSA,A,3,09,08,03,27,26,31,04,16,,,,,1.7,1.1,1.2*35
$GPGSV,3,1,11,04,69,221,28,27,65,073,40,08,63,180,32,09,44,301,38*78
$GPGSV,3,2,11,16,40,032,26,31,19,102,29,07,16,310,34,26,15,056,17*7C
$GPGSV,3,3,11,21,07,167,,03,06,209,18,02,01,178,*47
$GPRMC,130225.000,A,2632.8099,N,07703.1386,W,0.18,160.78,280324,,,A*77
$GPVTG,160.78,T,,M,0.18,N,0.3,K,A*0F
$GPGGA,130230.000,2632.8102,N,07703.1381,W,1,08,1.1,2.6,M,-33.0,M,,0000*6A
$GPGSA,A,3,09,08,03,27,26,31,04,16,,,,,1.7,1.1,1.2*35
$GPGSV,3,1,11,04,69,221,26,27,65,073,40,08,63,180,31,09,44,301,37*7A
$GPGSV,3,2,11,16,40,032,32,31,19,102,30,07,16,310,33,26,15,056,18*79
$GPGSV,3,3,11,21,07,167,,03,06,209,20,02,01,178,*4C
$GPRMC,130230.000,A,2632.8102,N,07703.1381,W,0.58,27.16,280324,,,A*49
$GPVTG,27.16,T,,M,0.58,N,1.1,K,A*32
$GPGGA,130235.000,2632.8105,N,07703.1380,W,1,08,1.1,1.3,M,-33.0,M,,0000*6F
$GPGSA,A,3,09,08,03,27,26,31,04,16,,,,,1.7,1.1,1.2*35
$GPGSV,3,1,12,04,69,221,20,27,65,073,32,08,63,180,28,09,44,301,37*72
$GPGSV,3,2,12,16,40,032,27,31,19,102,26,07,16,310,33,26,15,056,19*78
$GPRMC,130235.000,A,2632.8105,N,07703.1380,W,0.33,213.05,280324,,,A*70
$GPVTG,213.05,T,,M,0.33,N,0.6,K,A*0E
$GPGGA,130240.000,2632.8107,N,07703.1376,W,1,08,1.1,-0.2,M,-33.0,M,,0000*4B
$GPGSA,A,3,09,08,03,27,26,31,04,16,,,,,1.7,1.1,1.2*35
$GPGSV,3,1,12,04,69,221,21,27,65,073,38,08,63,180,27,09,44,301,28*78
$GPGSV,3,2,12,16,40,032,33,31,19,102,31,07,16,310,30,26,15,056,19*78
$GPGSV,3,3,12,21,07,167,,03,06,209,19,02,01,178,,48,29,248,29*77
$GPRMC,130240.000,A,2632.8107,N,07703.1376,W,0.32,46.04,280324,,,A*4B
$GPGGA,130245.000,2632.8109,N,07703.1373,W,1,08,1.1,-0.6,M,-33.0,M,,0000*41
$GPGSA,A,3,09,08,03,27,26,31,04,16,,,,,1.7,1.1,1.2*35
$GPGSV,3,1,12,04,69,221,37,27,65,073,30,08,63,180,38,09,44,301,32*72
$GPGSV,3,2,12,16,40,032,26,31,19,102,27,07,16,310,28,26,15,056,25*7D
$GPGSV,3,3,12,21,07,167,28,03,06,209,36,02,01,178,,48,29,248,36*7E
$GPRMC,130245.000,A,2632.8109,N,07703.1373,W,0.47,73.12,280324,,,A*46
$GPVTG,73.12,T,,M,0.47,N,0.9,K,A*30
$GPGGA,130250.000,2632.8105,N,07703.1369,W,1,08,1.1,0.3,M,-33.0,M,,0000*6A
$GPGSA,A,3,09,08,03,27,26,31,04,16,,,,,1.7,1.1,1.2*35
$GPGSV,3,1,12,04,69,221,29,27,65,073,27,08,63,180,35,09,44,301,23*76
$GPGSV,3,2,12,16,40,032,27,31,19,102,37,07,16,310,28,26,15,056,27*7F
$GPGSV,3,3,12,21,07,167,28,03,06,209,35,02,01,178,,48,29,248,24*7E
$GPRMC,130250.000,A,2632.8105,N,07703.1369,W,0.06,138.43,280324,,,A*7A
$GPVTG,138.43,T,,M,0.06,N,0.1,K,A*07
$GPGGA,130255.000,2632.8101,N,07703.1366,W,1,08,1.1,1.5,M,-33.0,M,,0000*63
$GPGSA,A,3,09,08,03,27,26,31,04,16,,,,,1.7,1.1,1.2*35
$GPGSV,3,1,12,04,69,221,31,27,65,073,29,08,63,180,36,09,44,301,20*71
$GPGSV,3,2,12,16,40,032,30,31,19,102,37,07,16,310,22,26,15,056,22*76
$GPGSV,3,3,12,21,07,167,30,03,06,209,30,02,01,178,,48,29,248,26*70
$GPRMC,130255.000,A,2632.8101,N,07703.1366,W,0.20,155.06,280324,,,A*7A
$GPVTG,155.06,T,,M,0.20,N,0.4,K,A*0C
$GPGGA,130300.000,2632.8098,N,07703.1367,W,1,09,0.9,0.8,M,-33.0,M,,0000*66
$GPGSA,A,3,09,08,03,27,26,31,04,07,16,,,,1.4,0.9,1.1*3B
$GPGSV,3,1,11,04,69,221,27,27,65,073,26,08,63,180,36,09,44,301,23*79
$GPGSV,3,2,11,16,40,032,30,31,19,102,37,07,16,310,24,26,15,056,30*70
$GPGSV,3,3,11,21,07,167,31,03,06,209,33,02,01,178,*4C
$GPRMC,130300.000,A,2632.8098,N,07703.1367,W,0.13,312.79,280324,,,A*72
$GPVTG,312.79,T,,M,0.13,N,0.2,K,A*03
$GPGGA,130305.000,2632.8098,N,07703.1355,W,1,09,0.9,3.5,M,-33.0,M,,0000*6C
$GPGSA,A,3,09,08,03,27,26,31,04,07,16,,,,1.4,0.9,1.1*3B
$GPGSV,3,1,11,04,68,219,21,27,64,071,28,08,64,179,29,09,45,300,20*74
$GPGSV,3,2,11,16,39,033,30,31,18,103,38,07,16,310,26,26,15,056,22*71
$GPGSV,3,3,11,21,07,166,32,03,05,208,28,02,01,177,*49
$GPRMC,130305.000,A,2632.8098,N,07703.1355,W,0.16,75.50,280324,,,A*4A
$GPVTG,75.50,T,,M,0.16,N,0.3,K,A*3E
$GPGGA,130310.000,2632.8098,N,07703.1355,W,1,09,0.9,2.7,M,-33.0,M,,0000*6B
$GPGSA,A,3,09,08,03,27,26,31,04,07,16,,,,1.4,0.9,1.1*3B
$GPGSV,3,1,11,04,68,219,21,27,64,071,29,08,64,179,33,09,45,300,15*78
$GPGSV,3,2,11,16,39,033,30,31,18,103,38,07,16,310,23,26,15,056,21*77
$GPGSV,3,3,11,21,07,166,32,03,05,208,28,02,01,177,*49
$GPVTG,189.33,T,,M,0.24,N,0.4,K,A*0F
$GPGGA,130315.000,2632.8093,N,07703.1345,W,1,09,0.9,3.6,M,-33.0,M,,0000*64
$GPGSA,A,3,09,08,03,27,26,31,04,07,16,,,,1.4,0.9,1.1*3B
$GPGSV,3,1,11,04,68,219,21,27,64,071,29,08,64,179,36,09,45,300,27*7C
$GPGSV,3,2,11,16,39,033,31,31,18,103,38,07,16,310,26,26,15,056,18*79
$GPGSV,3,3,11,21,07,166,32,03,05,208,27,02,01,177,*46
$GPRMC,130315.000,A,2632.8093,N,07703.1345,W,0.18,68.61,280324,,,A*41
$GPVTG,68.61,T,,M,0.18,N,0.3,K,A*3E
$GPGGA,130320.000,2632.8092,N,07703.1346,W,1,09,0.9,2.9,M,-33.0,M,,0000*6E
$GPGSA,A,3,09,08,03,27,26,31,04,07,16,,,,1.4,0.9,1.1*3B
$GPGSV,3,1,11,04,68,219,29,27,64,071,26,08,64,179,34,09,45,300,28*76
$GPGSV,3,2,11,16,39,033,30,31,18,103,35,07,16,310,27,26,15,056,24*7B
$GPGSV,3,3,11,21,07,166,27,03,05,208,32,02,01,177,*46
$GPRMC,130320.000,A,2632.8092,N,07703.1346,W,0.06,15.28,280324,,,A*4D
$GPVTG,15.28,T,,M,0.06,N,0.1,K,A*34
$GPGGA,130325.000,2632.8088,N,07703.1348,W,1,09,0.9,2.1,M,-33.0,M,,0000*66
$GPGSA,A,3,09,08,03,27,26,31,04,07,16,,,,1.4,0.9,1.1*3B
$GPGSV,3,1,11,04,68,219,25,27,64,071,28,08,64,179,33,09,45,300,22*79
$GPGSV,3,2,11,16,39,033,27,31,18,103,33,07,16,310,23,26,15,056,25*7E
$GPGSV,3,3,11,21,07,166,24,03,05,208,30,02,01,177,*47
$GPRMC,130325.000,A,2632.8088,N,07703.1348,W,0.09,171.22,280324,,,A*7B
$GPVTG,171.22,T,,M,0.09,N,0.2,K,A*01
$GPGGA,130330.000,2632.8089,N,07703.1354,W,1,09,0.9,0.0,M,-33.0,M,,0000*6D
$GPGSA,A,3,09,08,03,27,26,31,04,07,16,,,,1.4,0.9,1.1*3B
$GPGSV,3,1,12,04,68,219,34,27,64,071,29,08,64,179,34,09,45,300,24*7A
$GPGSV,3,2,12,16,39,033,31,31,18,103,32,07,16,310,24,26,15,056,15*7F
$GPGSV,3,3,12,21,07,166,31,03,05,208,35,02,01,177,,46,25,250,29*7C
$GPRMC,130330.000,A,2632.8089,N,07703.1354,W,0.18,137.60,280324,,,A*77
$GPVTG,137.60,T,,M,0.18,N,0.3,K,A*04
$GPGGA,130335.000,2632.8093,N,07703.1360,W,1,09,0.9,-1.4,M,-33.0,M,,0000*4C
$GPGSA,A,3,09,08,03,27,26,31,04,07,16,,,,1.4,0.9,1.1*3B
$GPGSV,3,1,12,04,68,219,19,27,64,071,34,08,64,179,36,09,45,300,30*7E
$GPGSV,3,2,12,16,39,033,31,31,18,103,32,07,16,310,24,26,15,056,17*7D
$GPGSV,3,3,12,21,07,166,27,03,05,208,26,02,01,177,,46,25,250,31*70
$GPRMC,130335.000,A,2632.8093,N,07703.1360,W,0.17,112.68,280324,,,A*7E
$GPVTG,112.68,T,,M,0.17,N,0.3,K,A*04
$GPGGA,130340.000,2632.8091,N,07703.1359,W,1,09,0.9,-1.3,M,-33.0,M,,0000*41
$GPGSA,A,3,09,08,03,27,26,31,04,07,16,,,,1.4,0.9,1.1*3B
$GPGSV,3,1,12,04,68,219,25,27,64,071,33,08,64,179,36,09,45,300,25*72
$GPGSV,3,2,12,16,39,033,33,31,18,103,36,07,16,310,28,26,15,056,26*75
$GPGSV,3,3,12,21,07,166,31,03,05,208,24,02,01,177,,46,25,250,31*75
$GPVTG,145.08,T,,M,0.20,N,0.4,K,A*03
$GPGGA,130345.000,2632.8096,N,07703.1354,W,1,09,0.9,-0.8,M,-33.0,M,,0000*44
$GPGSA,A,3,09,08,03,27,26,31,04,07,16,,,,1.4,0.9,1.1*3B
$GPGSV,3,1,12,04,68,219,25,27,64,071,30,08,64,179,33,09,45,300,25*74
$GPGSV,3,2,12,16,39,033,29,31,18,103,35,07,16,310,28,26,15,056,20*7B
$GPGSV,3,3,12,21,07,166,24,03,05,208,19,02,01,177,,46,25,250,28*77
$GPRMC,130345.000,A,2632.8096,N,07703.1354,W,0.32,4.69,280324,,,A*7B
$GPVTG,4.69,T,,M,0.32,N,0.6,K,A*01
$GPGGA,130350.000,2632.8096,N,07703.1352,W,1,09,0.9,0.1,M,-33.0,M,,0000*62
$GPGSA,A,3,09,08,03,27,26,31,04,07,16,,,,1.4,0.9,1.1*3B
$GPGSV,3,1,12,04,68,219,26,27,64,071,31,08,64,179,30,09,45,300,25*75
$GPGSV,3,2,12,16,39,033,32,31,18,103,31,07,16,310,28,26,15,056,20*75
$GPGSV,3,3,12,21,07,166,36,03,05,208,28,02,01,177,,46,25,250,30*7F
$GPRMC,130350.000,A,2632.8096,N,07703.1352,W,0.23,179.56,280324,,,A*7E
$GPVTG,179.56,T,,M,0.23,N,0.4,K,A*04
$GPGGA,130355.000,2632.8098,N,07703.1348,W,1,09,0.9,0.8,M,-33.0,M,,0000*6B
$GPGSA,A,3,09,08,03,27,26,31,04,07,16,,,,1.4,0.9,1.1*3B
$GPGSV,3,1,12,04,68,219,26,27,64,071,28,08,64,179,35,09,45,300,27*7A
$GPGSV,3,2,12,16,39,033,33,31,18,103,28,07,16,310,28,26,15,056,19*76
$GPGSV,3,3,12,21,07,166,33,03,05,208,21,02,01,177,,46,25,250,30*73
$GPRMC,130355.000,A,2632.8098,N,07703.1348,W,0.51,32.46,280324,,,A*44
$GPVTG,32.46,T,,M,0.51,N,0.9,K,A*33
$GPGGA,130400.000,2632.8098,N,07703.1350,W,1,09,0.9,-0.0,M,-33.0,M,,0000*40
$GPGSA,A,3,09,08,03,27,26,31,04,07,16,,,,1.4,0.9,1.1*3B
$GPGSV,3,1,12,04,68,219,25,27,64,071,30,08,64,179,32,09,45,300,27*77
$GPGSV,3,2,12,16,39,033,25,31,18,103,28,07,16,310,26,26,15,056,20*75
$GPGSV,3,3,12,21,07,166,33,03,05,208,26,02,01,177,,46,25,250,28*7D
$GPRMC,130400.000,A,2632.8098,N,07703.1350,W,0.29,71.91,280324,,,A*48
$GPVTG,71.91,T,,M,0.29,N,0.5,K,A*3D
$GPGGA,130405.000,2632.8095,N,07703.1342,W,1,09,0.9,2.4,M,-33.0,M,,0000*60
$GPGSA,A,3,09,08,03,27,26,31,04,07,16,,,,1.4,0.9,1.1*3B
$GPGSV,3,1,12,04,68,219,28,27,64,071,31,08,64,179,36,09,45,300,21*79
$GPGSV,3,2,12,16,39,033,34,31,18,103,27,07,16,310,26,26,15,056,20*7A
$GPGSV,3,3,12,21,07,166,34,03,05,208,33,02,01,177,,46,25,250,27*71
$GPRMC,130405.000,A,2632.8095,N,07703.1342,W,0.22,75.68,280324,,,A*4A
$GPVTG,75.68,T,,M,0.22,N,0.4,K,A*35
$GPGGA,130410.000,2632.8092,N,07703.1338,W,1,09,0.9,2.6,M,-33.0,M,,0000*6C
$GPGSA,A,3,09,08,03,27,26,31,04,07,16,,,,1.4,0.9,1.1*3B
$GPGSV,3,1,12,04,68,219,24,27,64,071,24,08,64,179,35,09,45,300,20*73
$GPGSV,3,2,12,16,39,033,29,31,18,103,29,07,16,310,26,26,15,056,20*78
$GPGSV,3,3,12,21,07,166,34,03,05,208,33,02,01,177,,46,25,250,28*7E
$GPRMC,130410.000,A,2632.8092,N,07703.1338,W,0.22,120.57,280324,,,A*79
$GPVTG,120.57,T,,M,0.22,N,0.4,K,A*08
$GPGGA,130415.000,2632.8091,N,07703.1333,W,1,09,0.9,4.4,M,-33.0,M,,0000*65
$GPGSA,A,3,09,08,03,27,26,31,04,07,16,,,,1.4,0.9,1.1*3B
$GPGSV,3,1,11,04,68,219,31,27,64,071,27,08,64,179,35,09,45,300,25*72
$GPGSV,3,2,11,16,39,033,31,31,18,103,19,07,16,310,26,26,15,056,19*7B
$GPGSV,3,3,11,21,07,166,34,03,05,208,34,02,01,177,*42
$GPVTG,269.75,T,,M,0.20,N,0.4,K,A*04
$GPGGA,130420.000,2632.8089,N,07703.1341,W,1,09,0.9,5.1,M,-33.0,M,,0000*6B
$GPGSA,A,3,09,08,03,27,26,31,04,07,21,,,,1.3,0.9,1.0*39
$GPGSV,3,1,11,04,67,217,31,08,65,179,35,27,64,069,33,09,45,299,33*78
$GPGSV,3,2,11,16,39,033,17,31,18,104,30,07,17,311,21,26,14,057,20*7E
$GPGSV,3,3,11,21,08,166,28,03,05,208,34,02,02,177,*43
$GPRMC,130420.000,A,2632.8089,N,07703.1341,W,0.30,169.78,280324,,,A*7D
$GPVTG,169.78,T,,M,0.30,N,0.6,K,A*09
$GPGGA,130425.000,2632.8092,N,07703.1351,W,1,09,0.8,4.0,M,-33.0,M,,0000*64
$GPGSA,A,3,09,08,03,27,26,31,07,16,21,,,,1.4,0.8,1.2*3E
$GPGSV,3,1,11,04,67,217,17,08,65,179,29,27,64,069,27,09,45,299,16*73
$GPGSV,3,2,11,16,39,033,31,31,18,104,31,07,17,311,19,26,14,057,20*70
$GPGSV,3,3,11,21,08,166,30,03,05,208,33,02,02,177,*4D
$GPRMC,130425.000,A,2632.8092,N,07703.1351,W,0.09,95.82,280324,,,A*4E
$GPVTG,95.82,T,,M,0.09,N,0.2,K,A*30
$GPGGA,130430.000,2632.8101,N,07703.1349,W,1,09,0.8,1.5,M,-33.0,M,,0000*62
$GPGSA,A,3,09,03,27,26,31,04,07,16,21,,,,1.5,0.8,1.2*33
$GPGSV,3,1,11,04,67,217,25,08,65,179,,27,64,069,23,09,45,299,25*7D
$GPGSV,3,2,11,16,39,033,32,31,18,104,39,07,17,311,20,26,14,057,31*71
$GPGSV,3,3,11,21,08,166,31,03,05,208,29,02,02,177,*47
$GPRMC,130430.000,A,2632.8101,N,07703.1349,W,0.21,345.03,280324,,,A*75
$GPVTG,345.03,T,,M,0.21,N,0.4,K,A*0B
$GPGGA,130435.000,2632.8090,N,07703.1346,W,1,10,0.8,0.8,M,-33.0,M,,0000*65
$GPGSA,A,3,09,08,03,27,26,31,04,07,16,21,,,1.3,0.8,1.0*3F
$GPGSV,3,1,11,04,67,217,32,08,65,179,35,27,64,069,36,09,45,299,29*75
$GPGSV,3,2,11,16,39,033,30,31,18,104,36,07,17,311,25,26,14,057,26*7F
$GPGSV,3,3,11,21,08,166,32,03,05,208,27,02,02,177,*4A
$GPRMC,130435.000,A,2632.8090,N,07703.1346,W,1.73,145.88,280324,,,A*71
$GPVTG,145.88,T,,M,1.73,N,3.2,K,A*09
$GPGGA,130440.000,2632.8061,N,07703.1334,W,1,09,0.9,0.9,M,-33.0,M,,0000*64
$GPGSA,A,3,09,08,03,27,26,31,04,07,16,,,,1.4,0.9,1.1*3B
$GPGSV,3,1,11,04,67,217,33,08,65,179,35,27,64,069,28,09,45,299,31*72
$GPGSV,3,2,11,16,39,033,30,31,18,104,18,07,17,311,34,26,14,057,17*71
$GPGSV,3,3,11,21,08,166,15,03,05,208,36,02,02,177,*4F
$GPRMC,130440.000,A,2632.8061,N,07703.1334,W,2.13,197.29,280324,,,A*79
$GPVTG,197.29,T,,M,2.13,N,3.9,K,A*03
$GPGGA,130445.000,2632.8026,N,07703.1361,W,1,10,0.8,1.0,M,-33.0,M,,0000*63
$GPGSA,A,3,09,08,03,27,26,31,04,07,16,21,,,1.3,0.8,1.0*3F
$GPGSV,3,1,11,04,67,217,33,08,65,179,35,27,64,069,28,09,46,299,34*74
$GPGSV,3,2,11,16,39,033,31,31,18,104,18,07,17,311,35,26,14,057,21*74
$GPGSV,3,3,11,21,08,166,15,03,05,208,26,02,02,177,*4E
$GPVTG,214.38,T,,M,2.66,N,4.9,K,A*0E
$GPGGA,130450.000,2632.7992,N,07703.1380,W,1,10,0.8,1.8,M,-33.0,M,,0000*69
$GPGSA,A,3,09,08,03,27,26,31,04,07,16,21,,,1.3,0.8,1.0*3F
$GPGSV,3,1,11,04,67,217,33,08,65,179,35,27,64,069,27,09,46,299,35*7A
$GPGSV,3,2,11,16,39,033,31,31,18,104,28,07,17,311,31,26,14,057,27*75
$GPGSV,3,3,11,21,08,166,26,03,05,208,36,02,02,177,*4F
$GPRMC,130450.000,A,2632.7992,N,07703.1380,W,2.17,173.68,280324,,,A*76
$GPVTG,173.68,T,,M,2.17,N,4.0,K,A*06
$GPGGA,130455.000,2632.7969,N,07703.1357,W,1,10,0.8,0.4,M,-33.0,M,,0000*6F
$GPGSA,A,3,09,08,03,27,26,31,04,07,16,21,,,1.3,0.8,1.0*3F
$GPGSV,3,1,11,04,67,217,28,08,65,179,34,27,64,069,33,09,46,299,31*70
$GPGSV,3,2,11,16,39,033,26,31,18,104,34,07,17,311,25,26,14,057,30*7D
$GPGSV,3,3,11,21,08,166,16,03,05,208,27,02,02,177,*4C
$GPRMC,130455.000,A,2632.7969,N,07703.1357,W,1.68,122.46,280324,,,A*7E
$GPVTG,122.46,T,,M,1.68,N,3.1,K,A*03
$GPGGA,130500.000,2632.7952,N,07703.1353,W,1,10,0.8,-0.4,M,-33.0,M,,0000*4F
$GPGSA,A,3,09,08,03,27,26,31,04,07,16,21,,,1.3,0.8,1.0*3F
$GPGSV,3,1,11,04,67,217,30,08,65,179,32,27,64,069,32,09,46,299,29*77
$GPGSV,3,2,11,16,39,033,34,31,18,104,29,07,17,311,25,26,14,057,32*70
$GPGSV,3,3,11,21,08,166,16,03,05,208,26,02,02,177,*4D
$GPRMC,130500.000,A,2632.7952,N,07703.1353,W,1.93,204.63,280324,,,A*77
$GPVTG,204.63,T,,M,1.93,N,3.6,K,A*00
$GPGGA,130505.000,2632.7927,N,07703.1356,W,1,10,0.8,-0.6,M,-33.0,M,,0000*4F
$GPGSA,A,3,09,08,03,27,26,31,04,07,16,21,,,1.3,0.8,1.0*3F
$GPGSV,3,1,11,04,67,217,26,08,65,179,28,27,64,069,25,09,46,299,34*71
$GPGSV,3,2,11,16,39,033,22,31,18,104,21,07,17,311,30,26,14,057,18*73
$GPGSV,3,3,11,21,08,166,17,03,05,208,15,02,02,177,*4C
$GPRMC,130505.000,A,2632.7927,N,07703.1356,W,1.35,163.04,280324,,,A*7A
$GPVTG,163.04,T,,M,1.35,N,2.5,K,A*0D
$GPGGA,130510.000,2632.7927,N,07703.1371,W,1,10,0.8,-0.9,M,-33.0,M,,0000*41
$GPGSA,A,3,09,08,03,27,26,31,04,07,16,21,,,1.3,0.8,1.0*3F
$GPGSV,3,1,11,04,67,217,28,08,65,179,29,27,64,069,21,09,46,299,39*77
$GPGSV,3,2,11,16,39,033,20,31,18,104,21,07,17,311,29,26,14,057,18*79
$GPGSV,3,3,11,21,08,166,18,03,05,208,15,02,02,177,*43
$GPRMC,130510.000,A,2632.7927,N,07703.1371,W,0.60,230.23,280324,,,A*7A
$GPVTG,230.23,T,,M,0.60,N,1.1,K,A*0B
$GPGGA,130515.000,2632.7926,N,07703.1376,W,1,09,0.8,-3.3,M,-33.0,M,,0000*43
$GPGSA,A,3,09,08,03,26,31,04,07,16,21,,,,1.4,0.8,1.1*3C
$GPGSV,3,1,11,04,67,217,14,08,65,179,28,27,64,069,11,09,46,299,33*70
$GPGSV,3,2,11,16,39,033,19,31,18,104,15,07,17,311,25,26,14,057,18*78
$GPGSV,3,3,11,21,08,166,19,03,05,208,14,02,02,177,*43
$GPVTG,231.08,T,,M,1.80,N,3.3,K,A*0C
$GPGGA,130520.000,2632.7920,N,07703.1396,W,1,08,1.0,-5.7,M,-33.0,M,,0000*47
$GPGSA,A,3,09,08,27,26,04,07,16,21,,,,,1.5,1.0,1.2*33
$GPGSV,3,1,11,04,67,217,15,08,65,179,26,27,64,069,15,09,46,299,31*79
$GPGSV,3,2,11,16,39,033,19,31,18,104,,07,17,311,27,26,14,057,18*7E
$GPGSV,3,3,11,21,08,166,21,03,05,208,,02,02,177,*4D
$GPRMC,130520.000,A,2632.7920,N,07703.1396,W,0.77,257.58,280324,,,A*7C
$GPVTG,257.58,T,,M,0.77,N,1.4,K,A*05
$GPGGA,130525.000,2632.7910,N,07703.1410,W,1,09,0.9,-5.8,M,-33.0,M,,0000*4E
$GPGSA,A,3,09,08,31,27,26,04,07,16,21,,,,1.5,0.9,1.2*39
$GPGSV,3,1,11,04,67,217,21,08,65,179,20,27,64,069,14,09,46,299,29*70
$GPGSV,3,2,11,16,39,033,20,31,18,104,18,07,17,311,32,26,14,057,19*78
$GPGSV,3,3,11,21,08,166,15,03,05,208,,02,02,177,*4A
$GPRMC,130525.000,A,2632.7910,N,07703.1410,W,1.17,213.33,280324,,,A*79
$GPVTG,213.33,T,,M,1.17,N,2.2,K,A*0A
$GPGGA,130530.000,2632.7885,N,07703.1406,W,1,08,0.9,-9.9,M,-33.0,M,,0000*4C
$GPGSA,A,3,09,08,31,26,04,07,16,21,,,,,1.6,0.9,1.3*3E
$GPGSV,3,1,11,04,67,217,24,08,65,179,21,27,64,069,,09,46,299,35*7C
$GPGSV,3,2,11,16,39,033,19,31,18,104,20,07,17,311,29,26,14,057,20*79
$GPGSV,3,3,11,21,08,166,15,03,05,208,,02,02,177,*4A
$GPRMC,130530.000,A,2632.7885,N,07703.1406,W,1.23,214.55,280324,,,A*77
$GPVTG,214.55,T,,M,1.23,N,2.3,K,A*0B
$GPGGA,130535.000,2632.7895,N,07703.1401,W,1,08,0.9,-7.7,M,-33.0,M,,0000*4F
$GPGSA,A,3,09,08,31,26,04,07,16,21,,,,,1.6,0.9,1.3*3E
$GPGSV,3,1,11,04,67,217,22,08,65,179,24,27,64,069,,09,46,299,35*7F
$GPGSV,3,2,11,16,39,033,19,31,18,104,18,07,17,311,33,26,14,057,20*79
$GPGSV,3,3,11,21,08,166,16,03,05,208,,02,02,177,*49
$GPRMC,130535.000,A,2632.7895,N,07703.1401,W,0.36,336.71,280324,,,A*76
$GPVTG,336.71,T,,M,0.36,N,0.7,K,A*0F
$GPGGA,130540.000,2632.7908,N,07703.1393,W,1,09,0.9,-4.3,M,-33.0,M,,0000*42
$GPGSA,A,3,09,08,31,27,26,04,07,16,21,,,,1.5,0.9,1.2*39
$GPGSV,3,1,11,04,67,217,23,08,65,179,24,27,64,069,15,09,46,299,35*7A
$GPGSV,3,2,11,16,39,033,20,31,18,104,17,07,17,311,31,26,14,057,20*7E
$GPGSV,3,3,11,21,08,166,18,03,05,208,,02,02,177,*47
$GPRMC,130540.000,A,2632.7908,N,07703.1393,W,1.18,96.66,280324,,,A*4F
$GPVTG,96.66,T,,M,1.18,N,2.2,K,A*3A
$GPGGA,130545.000,2632.7902,N,07703.1400,W,1,10,0.8,-3.1,M,-33.0,M,,0000*4C
$GPGSA,A,3,09,08,31,27,26,03,04,07,16,21,,,1.3,0.8,1.0*3F
$GPGSV,3,1,11,04,67,216,23,08,66,179,23,27,64,068,15,09,46,299,35*7E
$GPGSV,3,2,11,16,39,034,21,31,17,104,16,07,17,311,32,26,14,057,20*75
$GPGSV,3,3,11,21,08,165,18,03,05,207,18,02,02,177,*42
$GPVTG,212.91,T,,M,0.53,N,1.0,K,A*03
$GPGGA,130550.000,2632.7900,N,07703.1389,W,1,09,0.9,-2.5,M,-33.0,M,,0000*40
$GPGSA,A,3,09,08,31,27,26,04,07,16,21,,,,1.5,0.9,1.2*39
$GPGSV,3,1,11,04,67,216,22,08,66,179,23,27,64,068,16,09,46,299,35*7C
$GPGSV,3,2,11,16,39,034,22,31,17,104,15,07,17,311,32,26,14,057,19*7F
$GPGSV,3,3,11,21,08,165,19,03,05,207,,02,02,177,*4A
$GPRMC,130550.000,A,2632.7900,N,07703.1389,W,1.44,124.53,280324,,,A*7A
$GPVTG,124.53,T,,M,1.44,N,2.7,K,A*08
$GPGGA,130555.000,2632.7897,N,07703.1384,W,1,09,0.9,-2.0,M,-33.0,M,,0000*42
$GPGSA,A,3,09,08,31,27,26,04,07,16,21,,,,1.5,0.9,1.2*39
$GPGSV,3,1,11,04,67,216,22,08,66,179,22,27,64,068,15,09,46,299,34*7F
$GPGSV,3,2,11,16,39,034,22,31,17,104,14,07,17,311,32,26,14,057,19*7E
$GPGSV,3,3,11,21,08,165,18,03,05,207,,02,02,177,*4B
$GPRMC,130555.000,A,2632.7897,N,07703.1384,W,0.28,119.33,280324,,,A*7E
$GPVTG,119.33,T,,M,0.28,N,0.5,K,A*0B
$GPGGA,130600.000,2632.7891,N,07703.1387,W,1,08,1.0,-1.8,M,-33.0,M,,0000*46
$GPGSA,A,3,09,08,27,26,04,07,16,21,,,,,1.5,1.0,1.2*33
$GPGSV,3,1,11,04,67,216,22,08,66,179,22,27,64,068,16,09,46,299,35*7D
$GPGSV,3,2,11,16,39,034,23,31,17,104,,07,17,311,32,26,14,057,20*70
$GPGSV,3,3,11,21,08,165,17,03,05,207,,02,02,177,*44
$GPRMC,130600.000,A,2632.7891,N,07703.1387,W,0.76,265.33,280324,,,A*7B
$GPVTG,265.33,T,,M,0.76,N,1.4,K,A*08
$GPGGA,130605.000,2632.7895,N,07703.1381,W,1,07,1.7,-1.4,M,-33.0,M,,0000*45
$GPGSA,A,3,09,08,27,26,04,07,16,,,,,,2.9,1.7,2.3*3A
$GPGSV,3,1,11,04,67,216,23,08,66,179,21,27,64,068,16,09,46,299,35*7F
$GPGSV,3,2,11,16,39,034,23,31,17,104,,07,17,311,33,26,14,057,21*70
$GPGSV,3,3,11,21,08,165,,03,05,207,,02,02,177,*42
$GPRMC,130605.000,A,2632.7895,N,07703.1381,W,0.22,137.54,280324,,,A*78
$GPVTG,137.54,T,,M,0.22,N,0.4,K,A*0D
$GPGGA,130610.000,2632.7895,N,07703.1380,W,1,07,1.7,-2.8,M,-33.0,M,,0000*4F
$GPGSA,A,3,09,08,27,26,04,07,16,,,,,,2.9,1.7,2.3*3A
$GPGSV,3,1,11,04,67,216,24,08,66,179,21,27,64,068,16,09,46,299,35*78
$GPGSV,3,2,11,16,39,034,23,31,17,104,,07,17,311,32,26,14,057,21*71
$GPRMC,130610.000,A,2632.7895,N,07703.1380,W,0.25,212.39,280324,,,A*75
$GPVTG,212.39,T,,M,0.25,N,0.5,K,A*04
$GPGGA,130615.000,2632.7880,N,07703.1389,W,1,07,1.7,-3.5,M,-33.0,M,,0000*4B
$GPGSA,A,3,09,08,27,26,04,07,16,,,,,,2.9,1.7,2.3*3A
$GPGSV,3,1,11,04,67,216,25,08,66,179,22,27,64,067,15,09,46,298,34*76
$GPGSV,3,2,11,16,38,034,23,07,17,311,32,31,17,104,,26,14,057,21*70
$GPGSV,3,3,11,21,08,165,,03,05,207,,02,02,176,*43
$GPRMC,130615.000,A,2632.7880,N,07703.1389,W,0.20,314.16,280324,,,A*72
$GPVTG,314.16,T,,M,0.20,N,0.4,K,A*0A
$GPGGA,130620.000,2632.7872,N,07703.1383,W,1,07,1.7,-4.5,M,-33.0,M,,0000*4D
$GPGSA,A,3,09,08,27,26,04,07,16,,,,,,2.9,1.7,2.3*3A
$GPGSV,3,1,11,04,67,216,26,08,66,179,22,27,64,067,16,09,46,298,34*76
$GPGSV,3,2,11,16,38,034,23,07,17,311,32,31,17,104,,26,14,057,21*70
$GPGSV,3,3,11,21,08,165,,03,05,207,,02,02,176,*43
$GPRMC,130620.000,A,2632.7872,N,07703.1383,W,0.18,149.89,280324,,,A*74
$GPVTG,149.89,T,,M,0.18,N,0.3,K,A*0A
$GPGGA,130625.000,2632.7899,N,07703.1381,W,1,07,1.7,-2.1,M,-33.0,M,,0000*4D
$GPGSA,A,3,09,08,27,26,04,07,16,,,,,,2.9,1.7,2.3*3A
$GPGSV,3,1,11,04,67,216,27,08,66,179,27,27,64,067,15,09,46,298,33*76
$GPGSV,3,2,11,16,38,034,23,07,17,311,31,31,17,104,,26,14,057,21*73
$GPGSV,3,3,11,21,08,165,,03,05,207,,02,02,176,*43
$GPRMC,130625.000,A,2632.7899,N,07703.1381,W,0.20,79.29,280324,,,A*45
$GPVTG,79.29,T,,M,0.20,N,0.4,K,A*3E
$GPGGA,130630.000,2632.7905,N,07703.1379,W,1,06,1.8,-0.6,M,-33.0,M,,0000*41
$GPGSA,A,3,09,08,26,04,07,16,,,,,,,3.3,1.8,2.8*30
$GPGSV,3,1,11,04,67,216,28,08,66,179,26,27,64,067,,09,46,298,33*7C
$GPGSV,3,2,11,16,38,034,23,07,17,311,30,31,17,104,,26,14,057,21*72
$GPGSV,3,3,11,21,08,165,,03,05,207,,02,02,176,*43
$GPRMC,130630.000,A,2632.7905,N,07703.1379,W,0.43,41.98,280324,,,A*46
$GPVTG,41.98,T,,M,0.43,N,0.8,K,A*36
$GPGGA,130635.000,2632.7916,N,07703.1379,W,1,07,1.7,2.3,M,-33.0,M,,0000*62
$GPGSA,A,3,09,08,27,26,04,07,16,,,,,,2.9,1.7,2.3*3A
$GPGSV,3,1,11,04,67,216,29,08,66,179,27,27,64,067,21,09,46,298,35*79
$GPGSV,3,2,11,16,38,034,23,07,17,311,31,31,17,104,,26,14,057,23*71
$GPGSV,3,3,11,21,08,165,,03,05,207,,02,02,176,*43
$GPRMC,130635.000,A,2632.7916,N,07703.1379,W,0.31,47.63,280324,,,A*46
$GPVTG,47.63,T,,M,0.31,N,0.6,K,A*3F
$GPGGA,130640.000,2632.7909,N,07703.1377,W,1,07,1.7,0.8,M,-33.0,M,,0000*69
$GPGSA,A,3,09,08,27,26,04,07,16,,,,,,2.9,1.7,2.3*3A
$GPGSV,3,1,11,04,67,216,29,08,66,179,27,27,64,067,22,09,46,298,36*79
$GPGSV,3,2,11,16,38,034,22,07,17,311,31,31,17,104,,26,14,057,23*70
$GPGSV,3,3,11,21,08,165,,03,05,207,,02,02,176,*43
$GPVTG,71.55,T,,M,0.22,N,0.4,K,A*3F
$GPGGA,130645.000,2632.7907,N,07703.1374,W,1,07,1.7,2.5,M,-33.0,M,,0000*6E
$GPGSA,A,3,09,08,27,26,04,07,16,,,,,,2.9,1.7,2.3*3A
$GPGSV,3,1,11,04,66,215,28,08,66,179,27,27,64,067,23,09,46,298,36*7B
$GPGSV,3,2,11,16,38,034,22,07,18,311,34,31,17,105,,26,14,058,23*74
$GPGSV,3,3,11,21,09,165,,03,05,207,,02,02,176,*42
$GPRMC,130645.000,A,2632.7907,N,07703.1374,W,0.14,222.86,280324,,,A*71
$GPVTG,222.86,T,,M,0.14,N,0.3,K,A*07
$GPGGA,130650.000,2632.7911,N,07703.1369,W,1,07,1.7,3.2,M,-33.0,M,,0000*67
$GPGSA,A,3,09,08,27,26,04,07,16,,,,,,2.9,1.7,2.3*3A
$GPGSV,3,1,11,04,66,215,29,08,66,179,28,27,64,067,23,09,46,298,37*74
$GPGSV,3,2,11,16,38,034,21,07,18,311,32,31,17,105,,26,14,058,23*71
$GPGSV,3,3,11,21,09,165,,03,05,207,,02,02,176,*42
$GPRMC,130650.000,A,2632.7911,N,07703.1369,W,0.30,240.83,280324,,,A*79
$GPVTG,240.83,T,,M,0.30,N,0.6,K,A*05
$GPGGA,130655.000,2632.7911,N,07703.1370,W,1,08,1.0,3.5,M,-33.0,M,,0000*65
$GPGSA,A,3,09,08,27,21,26,04,07,16,,,,,1.5,1.0,1.2*33
$GPGSV,3,1,11,04,66,215,29,08,66,179,28,27,64,067,23,09,46,298,37*74
$GPGSV,3,2,11,16,38,034,20,07,18,311,32,31,17,105,,26,14,058,24*77
$GPGSV,3,3,11,21,09,165,17,03,05,207,,02,02,176,*44
$GPRMC,130655.000,A,2632.7911,N,07703.1370,W,0.23,241.40,280324,,,A*78
$GPVTG,241.40,T,,M,0.23,N,0.4,K,A*0B
$GPGGA,130700.000,2632.7915,N,07703.1372,W,1,08,1.0,5.0,M,-33.0,M,,0000*61
$GPGSA,A,3,09,08,27,21,26,04,07,16,,,,,1.5,1.0,1.2*33
$GPGSV,3,1,11,04,66,215,29,08,66,179,29,27,64,067,23,09,46,298,37*75
$GPGSV,3,2,11,16,38,034,20,07,18,311,32,31,17,105,,26,14,058,24*77
$GPGSV,3,3,11,21,09,165,16,03,05,207,,02,02,176,*45
$GPRMC,130700.000,A,2632.7915,N,07703.1372,W,0.62,79.26,280324,,,A*43
$GPVTG,79.26,T,,M,0.62,N,1.1,K,A*33
$GPGGA,130705.000,2632.7911,N,07703.1368,W,1,09,0.9,3.6,M,-33.0,M,,0000*62
$GPGSA,A,3,09,08,27,21,26,03,04,07,16,,,,1.4,0.9,1.1*3A
$GPGSV,3,1,11,04,66,215,29,08,66,179,29,27,64,067,23,09,46,298,37*75
$GPGSV,3,2,11,16,38,034,20,07,18,311,32,31,17,105,,26,14,058,24*77
$GPGSV,3,3,11,21,09,165,16,03,05,207,17,02,02,176,*43
$GPVTG,106.28,T,,M,0.44,N,0.8,K,A*08
$GPGGA,130710.000,2632.7898,N,07703.1377,W,1,09,0.9,-1.0,M,-33.0,M,,0000*41
$GPGSA,A,3,09,08,27,21,26,03,04,07,16,,,,1.4,0.9,1.1*3A
$GPGSV,3,1,11,04,66,215,29,08,66,179,29,27,64,067,22,09,46,298,37*74
$GPGSV,3,2,11,16,38,034,19,07,18,311,32,31,17,105,,26,14,058,24*7D
$GPGSV,3,3,11,21,09,165,17,03,05,207,16,02,02,176,*43
$GPRMC,130710.000,A,2632.7898,N,07703.1377,W,0.27,158.50,280324,,,A*71
$GPVTG,158.50,T,,M,0.27,N,0.5,K,A*04
$GPGGA,130715.000,2632.7902,N,07703.1367,W,1,08,1.0,-1.4,M,-33.0,M,,0000*4A
$GPGSA,A,3,09,08,27,21,26,04,07,16,,,,,1.5,1.0,1.2*33
$GPGSV,3,1,11,08,66,179,29,04,66,215,29,27,63,066,22,09,46,298,37*72
$GPGSV,3,2,11,16,38,034,20,07,18,311,32,31,17,105,,26,13,058,24*70
$GPGSV,3,3,11,21,09,165,16,03,04,207,,02,02,176,*44
$GPRMC,130715.000,A,2632.7902,N,07703.1367,W,0.81,99.93,280324,,,A*48
$GPVTG,99.93,T,,M,0.81,N,1.5,K,A*3A
$GPGGA,130720.000,2632.7896,N,07703.1370,W,1,08,1.0,-2.1,M,-33.0,M,,0000*40
$GPGSA,A,3,09,08,27,21,31,04,07,16,,,,,1.6,1.0,1.2*36
$GPGSV,3,1,11,08,66,179,30,04,66,215,28,27,63,066,21,09,46,298,37*78
$GPGSV,3,2,11,16,38,034,21,07,18,311,32,31,17,105,22,26,13,058,15*73
$GPGSV,3,3,11,21,09,165,16,03,04,207,,02,02,176,*44
$GPRMC,130720.000,A,2632.7896,N,07703.1370,W,1.04,95.37,280324,,,A*4A
$GPVTG,95.37,T,,M,1.04,N,1.9,K,A*38
$GPGGA,130725.000,2632.7897,N,07703.1374,W,1,09,0.9,-0.7,M,-33.0,M,,0000*4D
$GPGSA,A,3,09,08,27,26,31,04,07,16,03,,,,1.4,0.9,1.1*3B
$GPGSV,3,1,11,08,66,179,30,04,66,215,27,27,63,066,21,09,46,298,37*77
$GPGSV,3,2,11,16,38,034,26,07,18,311,33,31,17,105,19,26,13,058,19*71
$GPGSV,3,3,11,21,09,165,,03,04,207,16,02,02,176,*44
$GPRMC,130725.000,A,2632.7897,N,07703.1374,W,0.17,175.42,280324,,,A*74
$GPVTG,175.42,T,,M,0.17,N,0.3,K,A*0D
$GPGGA,130730.000,2632.7899,N,07703.1373,W,1,09,0.9,-0.1,M,-33.0,M,,0000*46
$GPGSA,A,3,09,08,27,26,31,04,07,16,03,,,,1.4,0.9,1.1*3B
$GPGSV,3,1,11,08,66,179,30,04,66,215,27,27,63,066,21,09,46,298,37*77
$GPGSV,3,2,11,16,38,034,26,07,18,311,33,31,17,105,20,26,13,058,20*71
$GPGSV,3,3,11,21,09,165,,03,04,207,15,02,02,176,*47
$GPRMC,130730.000,A,2632.7899,N,07703.1373,W,0.29,297.14,280324,,,A*78
$GPVTG,297.14,T,,M,0.29,N,0.5,K,A*0A
$GPGGA,130735.000,2632.7895,N,07703.1375,W,1,09,0.9,-1.2,M,-33.0,M,,0000*4B
$GPGSA,A,3,09,08,27,26,31,04,07,16,03,,,,1.4,0.9,1.1*3B
$GPGSV,3,1,11,08,66,179,30,04,66,215,27,27,63,066,21,09,46,298,37*77
$GPGSV,3,2,11,16,38,034,26,07,18,311,33,31,17,105,20,26,13,058,20*71
$GPGSV,3,3,11,21,09,165,,03,04,207,15,02,02,176,*47
$GPVTG,200.93,T,,M,0.68,N,1.3,K,A*09
$GPGGA,130740.000,2632.7894,N,07703.1373,W,1,10,0.8,-3.8,M,-33.0,M,,0000*4F
$GPGSA,A,3,09,08,27,21,26,31,04,07,16,03,,,1.3,0.8,1.0*3F
$GPGSV,3,1,11,08,66,179,30,04,66,215,27,27,63,066,21,09,46,298,36*76
$GPGSV,3,2,11,16,38,034,25,07,18,311,33,31,17,105,20,26,13,058,21*73
$GPGSV,3,3,11,21,09,165,17,03,04,207,14,02,02,176,*40
$GPRMC,130740.000,A,2632.7894,N,07703.1373,W,0.36,94.49,280324,,,A*45
$GPVTG,94.49,T,,M,0.36,N,0.7,K,A*3F
$GPGGA,130745.000,2632.7895,N,07703.1370,W,1,10,0.8,-4.3,M,-33.0,M,,0000*44
$GPGSA,A,3,09,08,27,21,26,31,04,07,16,03,,,1.3,0.8,1.0*3F
$GPGSV,3,1,11,08,66,179,29,04,66,215,26,27,63,066,21,09,46,298,35*7C
$GPGSV,3,2,11,16,38,034,25,07,18,311,33,31,17,105,20,26,13,058,21*73
$GPGSV,3,3,11,21,09,165,18,03,04,207,14,02,02,176,*4F
$GPRMC,130745.000,A,2632.7895,N,07703.1370,W,0.44,80.93,280324,,,A*45
$GPVTG,80.93,T,,M,0.44,N,0.8,K,A*37
$GPGGA,130750.000,2632.7888,N,07703.1381,W,1,10,0.8,-4.3,M,-33.0,M,,0000*42
$GPGSA,A,3,09,08,27,21,26,31,04,07,16,03,,,1.3,0.8,1.0*3F
$GPGSV,3,1,11,08,66,179,30,04,66,215,26,27,63,066,20,09,46,298,35*75
$GPGSV,3,2,11,16,38,034,25,07,18,311,33,31,17,105,20,26,13,058,21*73
$GPGSV,3,3,11,21,09,165,19,03,04,207,14,02,02,176,*4E
$GPRMC,130750.000,A,2632.7888,N,07703.1381,W,1.17,215.52,280324,,,A*77
$GPVTG,215.52,T,,M,1.17,N,2.2,K,A*0B
$GPGGA,130755.000,2632.7889,N,07703.1386,W,1,10,0.8,-2.2,M,-33.0,M,,0000*46
$GPGSA,A,3,09,08,27,21,26,31,04,07,16,03,,,1.3,0.8,1.0*3F
$GPGSV,3,1,11,08,66,179,29,04,66,215,26,27,63,066,20,09,46,298,18*72
$GPGSV,3,2,11,16,38,034,25,07,18,311,24,31,17,105,21,26,13,058,21*74
$GPGSV,3,3,11,21,09,165,19,03,04,207,15,02,02,176,*4F
$GPRMC,130755.000,A,2632.7889,N,07703.1386,W,0.23,179.77,280324,,,A*7C
$GPVTG,179.77,T,,M,0.23,N,0.4,K,A*07
$GPGGA,130800.000,2632.7903,N,07703.1381,W,1,10,0.8,0.8,M,-33.0,M,,0000*68
$GPGSA,A,3,09,08,27,21,26,31,04,07,16,03,,,1.3,0.8,1.0*3F
$GPGSV,3,1,11,08,66,179,32,04,66,215,20,27,63,066,31,09,46,298,27*72
$GPGSV,3,2,11,16,38,034,27,07,18,311,26,31,17,105,21,26,13,058,21*74
$GPGSV,3,3,11,21,09,165,18,03,04,207,15,02,02,176,*4E
$GPRMC,130800.000,A,2632.7903,N,07703.1381,W,0.54,301.29,280324,,,A*71
$GPVTG,301.29,T,,M,0.54,N,1.0,K,A*04
$GPGGA,130805.000,2632.7921,N,07703.1397,W,1,09,0.9,1.2,M,-33.0,M,,0000*68
$GPGSA,A,3,09,08,27,21,26,31,04,07,16,,,,1.5,0.9,1.2*39
$GPGSV,3,1,11,08,66,179,31,04,66,215,16,27,63,066,30,09,46,298,26*74
$GPGSV,3,2,11,16,38,034,31,07,18,311,24,31,17,105,22,26,13,058,21*72
$GPGSV,3,3,11,21,09,165,17,03,04,207,15,02,02,176,*41
$GPVTG,359.99,T,,M,0.64,N,1.2,K,A*03
$GPGGA,130810.000,2632.7940,N,07703.1398,W,1,07,1.3,2.4,M,-33.0,M,,0000*64
$GPGSA,A,3,09,08,27,26,31,07,16,,,,,,2.1,1.3,1.6*36
$GPGSV,3,1,11,08,66,179,30,04,66,215,,27,63,066,29,09,46,298,20*7C
$GPGSV,3,2,11,16,38,034,29,07,18,311,21,31,17,105,21,26,13,058,21*7D
$GPGSV,3,3,11,21,09,165,,03,04,207,15,02,02,176,*47
$GPRMC,130810.000,A,2632.7940,N,07703.1398,W,0.43,62.60,280324,,,A*42
$GPVTG,62.60,T,,M,0.43,N,0.8,K,A*30
$GPGGA,130815.000,2632.7948,N,07703.1401,W,1,07,1.3,4.0,M,-33.0,M,,0000*6C
$GPGSA,A,3,09,08,27,26,31,07,16,,,,,,2.1,1.3,1.6*36
$GPGSV,3,1,11,08,66,179,29,04,66,215,,27,63,066,29,09,46,298,21*75
$GPGSV,3,2,11,16,38,034,29,07,18,311,19,31,17,105,21,26,13,058,21*76
$GPGSV,3,3,11,21,09,165,,03,04,207,16,02,02,176,*44
$GPRMC,130815.000,A,2632.7948,N,07703.1401,W,0.43,69.66,280324,,,A*45
$GPVTG,69.66,T,,M,0.43,N,0.8,K,A*3D
$GPGGA,130820.000,2632.7944,N,07703.1404,W,1,07,1.3,4.2,M,-33.0,M,,0000*61
$GPGSA,A,3,09,08,27,26,31,07,16,,,,,,2.1,1.3,1.6*36
$GPGSV,3,1,11,08,66,179,29,04,66,215,,27,63,066,30,09,46,298,22*7E
$GPGSV,3,2,11,16,38,034,30,07,18,311,19,31,17,105,22,26,13,058,20*7C
$GPGSV,3,3,11,21,09,165,,03,04,207,15,02,02,176,*47
$GPRMC,130820.000,A,2632.7944,N,07703.1404,W,0.63,97.39,280324,,,A*43
$GPVTG,97.39,T,,M,0.63,N,1.2,K,A*3F
$GPGGA,130825.000,2632.7940,N,07703.1406,W,1,08,0.9,3.2,M,-33.0,M,,0000*61
$GPGSA,A,3,09,08,27,21,26,31,07,16,,,,,1.6,0.9,1.3*3F
$GPGSV,3,1,11,08,66,179,29,04,66,215,,27,63,066,30,09,46,298,22*7E
$GPGSV,3,2,11,16,38,034,30,07,18,311,18,31,17,105,23,26,13,058,20*7C
$GPGSV,3,3,11,21,09,165,14,03,04,207,16,02,02,176,*41
$GPRMC,130825.000,A,2632.7940,N,07703.1406,W,0.54,267.77,280324,,,A*73
$GPVTG,267.77,T,,M,0.54,N,1.0,K,A*0E
$GPGGA,130830.000,2632.7936,N,07703.1396,W,1,07,1.3,2.2,M,-33.0,M,,0000*6F
$GPGSA,A,3,09,08,27,26,31,07,16,,,,,,2.1,1.3,1.6*36
$GPGSV,3,1,11,08,66,179,30,04,66,215,,27,63,066,31,09,46,298,23*76
$GPGSV,3,2,11,16,38,034,30,07,18,311,17,31,17,105,22,26,13,058,19*78
$GPRMC,130830.000,A,2632.7936,N,07703.1396,W,0.17,188.38,280324,,,A*76
$GPVTG,188.38,T,,M,0.17,N,0.3,K,A*02
$GPGGA,130835.000,2632.7934,N,07703.1367,W,1,07,1.3,4.2,M,-33.0,M,,0000*60
$GPGSA,A,3,09,08,27,26,31,07,16,,,,,,2.1,1.3,1.6*36
$GPGSV,3,1,11,08,66,179,31,04,66,215,,27,63,066,31,09,46,298,23*77
$GPGSV,3,2,11,16,38,034,30,07,18,311,16,31,17,105,22,26,13,058,19*79
$GPGSV,3,3,11,21,09,165,,03,04,207,16,02,02,176,*44
$GPRMC,130835.000,A,2632.7934,N,07703.1367,W,0.63,124.08,280324,,,A*79
$GPVTG,124.08,T,,M,0.63,N,1.2,K,A*04
$GPGGA,130840.000,2632.7939,N,07703.1343,W,1,06,1.6,9.3,M,-33.0,M,,0000*61
$GPGSA,A,3,09,08,27,26,31,16,,,,,,,2.7,1.6,2.2*35
$GPGSV,3,1,11,08,66,179,31,04,66,215,,27,63,066,30,09,46,298,28*7D
$GPGSV,3,2,11,16,38,034,30,07,18,311,,31,17,105,22,26,13,058,19*7E
$GPGSV,3,3,11,21,09,165,,03,04,207,,02,02,176,*43
$GPRMC,130840.000,A,2632.7939,N,07703.1343,W,0.14,345.87,280324,,,A*72
$GPVTG,345.87,T,,M,0.14,N,0.3,K,A*06
$GPGGA,130845.000,2632.7936,N,07703.1326,W,1,07,1.3,11.0,M,-33.0,M,,0000*56
$GPGSA,A,3,09,08,27,26,31,07,16,,,,,,2.1,1.3,1.6*36
$GPGSV,3,1,11,08,66,179,31,04,66,215,,27,63,066,30,09,46,298,28*7D
$GPGSV,3,2,11,16,38,034,30,07,18,311,17,31,17,105,22,26,13,058,19*78
$GPGSV,3,3,11,21,09,165,,03,04,207,14,02,02,176,*46
$GPRMC,130845.000,A,2632.7936,N,07703.1326,W,0.19,92.42,280324,,,A*46
$GPVTG,92.42,T,,M,0.19,N,0.3,K,A*3B
$GPGGA,130850.000,2632.7938,N,07703.1315,W,1,07,1.3,13.8,M,-33.0,M,,0000*56
$GPGSA,A,3,09,08,27,26,31,07,16,,,,,,2.1,1.3,1.6*36
$GPGSV,3,1,11,08,66,179,31,04,66,215,,27,63,066,30,09,46,298,28*7D
$GPGSV,3,2,11,16,38,034,30,07,18,311,20,31,17,105,23,26,13,058,18*7C
$GPGSV,3,3,11,21,09,165,,03,04,207,,02,02,176,*43
$GPRMC,130850.000,A,2632.7938,N,07703.1315,W,0.53,95.14,280324,,,A*46
$GPVTG,95.14,T,,M,0.53,N,1.0,K,A*33
$GPGGA,130855.000,2632.7934,N,07703.1309,W,1,07,1.3,13.6,M,-33.0,M,,0000*5C
$GPGSA,A,3,09,08,27,26,31,07,16,,,,,,2.1,1.3,1.6*36
$GPGSV,3,1,11,08,66,179,31,04,66,215,,27,63,066,30,09,46,298,28*7D
$GPGSV,3,2,11,16,38,034,30,07,18,311,20,31,17,105,23,26,13,058,19*7D
$GPGSV,3,3,11,21,09,165,,03,04,207,,02,02,176,*43
$GPRMC,130855.000,A,2632.7934,N,07703.1309,W,0.05,179.68,280324,,,A*79
$GPVTG,179.68,T,,M,0.05,N,0.1,K,A*08
$GPGGA,130900.000,2632.7940,N,07703.1311,W,1,07,1.3,15.9,M,-33.0,M,,0000*5E
$GPGSA,A,3,09,08,27,26,31,07,16,,,,,,2.1,1.3,1.6*36
$GPGSV,3,1,11,08,66,179,32,04,66,215,,27,63,066,31,09,46,298,29*7E
$GPGSV,3,2,11,16,38,034,31,07,18,311,20,31,17,105,23,26,13,058,19*7C
$GPGSV,3,3,11,21,09,165,,03,04,207,,02,02,176,*43
$GPVTG,347.76,T,,M,0.51,N,0.9,K,A*01
$GPGGA,130905.000,2632.7942,N,07703.1312,W,1,07,1.3,15.8,M,-33.0,M,,0000*5B
$GPGSA,A,3,09,08,27,26,31,07,16,,,,,,2.1,1.3,1.6*36
$GPGSV,3,1,11,08,66,179,32,04,66,215,,27,63,066,31,09,46,298,29*7E
$GPGSV,3,2,11,16,38,034,31,07,18,311,20,31,17,105,23,26,13,058,20*76
$GPGSV,3,3,11,21,09,165,,03,04,207,,02,02,176,*43
$GPRMC,130905.000,A,2632.7942,N,07703.1312,W,0.28,332.54,280324,,,A*7B
$GPVTG,332.54,T,,M,0.28,N,0.5,K,A*01
$GPGGA,130910.000,2632.7942,N,07703.1315,W,1,09,0.9,15.3,M,-33.0,M,,0000*56
$GPGSA,A,3,09,08,27,21,26,31,07,04,16,,,,1.5,0.9,1.2*39
$GPGSV,3,1,11,08,66,179,32,04,66,215,20,27,63,066,30,09,46,298,30*75
$GPGSV,3,2,11,16,38,034,31,07,18,311,14,31,17,105,23,26,13,058,20*71
$GPGSV,3,3,11,21,09,165,16,03,04,207,,02,02,176,*44
$GPRMC,130910.000,A,2632.7942,N,07703.1315,W,0.40,216.94,280324,,,A*7D
$GPVTG,216.94,T,,M,0.40,N,0.7,K,A*06
$GPGGA,130915.000,2632.7939,N,07703.1319,W,1,09,0.9,14.2,M,-33.0,M,,0000*53
$GPGSA,A,3,09,08,27,21,26,31,07,04,16,,,,1.5,0.9,1.2*39
$GPGSV,3,1,11,08,66,179,32,04,66,215,19,27,63,066,30,09,46,298,31*7E
$GPGSV,3,2,11,16,38,034,31,07,18,311,18,31,17,105,23,26,13,058,20*7D
$GPGSV,3,3,11,21,09,165,16,03,04,207,,02,02,176,*44
$GPRMC,130915.000,A,2632.7939,N,07703.1319,W,0.43,149.05,280324,,,A*7A
$GPVTG,149.05,T,,M,0.43,N,0.8,K,A*0B
$GPGGA,130920.000,2632.7947,N,07703.1322,W,1,09,0.9,16.8,M,-33.0,M,,0000*5C
$GPGSA,A,3,09,08,27,21,26,31,07,04,16,,,,1.5,0.9,1.2*39
$GPGSV,3,1,11,08,66,179,32,04,66,215,19,27,63,066,29,09,46,298,31*76
$GPGSV,3,2,11,16,38,034,31,07,18,311,18,31,17,105,23,26,13,058,21*7C
$GPGSV,3,3,11,21,09,165,16,03,04,207,,02,02,176,*44
$GPRMC,130920.000,A,2632.7947,N,07703.1322,W,0.63,343.70,280324,,,A*75
$GPVTG,343.70,T,,M,0.63,N,1.2,K,A*08
$GPGGA,130925.000,2632.7948,N,07703.1321,W,1,08,1.2,18.3,M,-33.0,M,,0000*5B
$GPGSA,A,3,09,08,27,26,31,07,04,16,,,,,2.0,1.2,1.6*32
$GPGSV,3,1,11,08,66,179,32,04,66,215,18,27,63,066,28,09,46,298,31*76
$GPGSV,3,2,11,16,38,034,31,07,18,311,17,31,17,105,22,26,13,058,23*70
$GPRMC,130925.000,A,2632.7948,N,07703.1321,W,0.36,146.36,280324,,,A*79
$GPVTG,146.36,T,,M,0.36,N,0.7,K,A*09
$GPGGA,130930.000,2632.7945,N,07703.1320,W,1,08,1.2,19.5,M,-33.0,M,,0000*54
$GPGSA,A,3,09,08,27,26,31,07,04,16,,,,,2.0,1.2,1.6*32
$GPGSV,3,1,11,08,66,179,33,04,66,215,18,27,63,066,28,09,46,298,31*77
$GPGSV,3,2,11,16,38,034,30,07,18,311,17,31,17,105,21,26,13,058,24*75
$GPGSV,3,3,11,21,09,165,,03,04,207,,02,02,176,*43
$GPRMC,130930.000,A,2632.7945,N,07703.1320,W,0.31,148.18,280324,,,A*74
$GPGGA,130935.000,2632.7946,N,07703.1323,W,1,08,1.2,18.1,M,-33.0,M,,0000*54
$GPGSA,A,3,09,08,27,26,31,07,04,16,,,,,2.0,1.2,1.6*32
$GPGSV,3,1,11,08,66,179,33,04,66,215,18,27,63,066,27,09,46,298,31*78
$GPGSV,3,2,11,16,38,034,29,07,18,311,17,31,17,105,21,26,13,058,24*7D
$GPGSV,3,3,11,21,09,165,,03,04,207,,02,02,176,*43
$GPRMC,130935.000,A,2632.7946,N,07703.1323,W,0.23,324.34,280324,,,A*74
$GPVTG,324.34,T,,M,0.23,N,0.4,K,A*0A
$GPGGA,130940.000,2632.7950,N,07703.1327,W,1,07,1.3,19.7,M,-33.0,M,,0000*5C
$GPGSA,A,3,09,08,27,26,31,07,16,,,,,,2.1,1.3,1.6*36
$GPGSV,3,1,11,08,66,179,33,04,66,215,,27,63,066,27,09,46,298,30*70
$GPGSV,3,2,11,16,38,034,29,07,18,311,17,31,17,105,19,26,13,058,24*76
$GPGSV,3,3,11,21,09,165,,03,04,207,,02,02,176,*43
$GPRMC,130940.000,A,2632.7950,N,07703.1327,W,0.34,100.46,280324,,,A*72
$GPVTG,100.46,T,,M,0.34,N,0.6,K,A*0F
$GPGGA,130945.000,2632.7947,N,07703.1325,W,1,07,1.3,19.4,M,-33.0,M,,0000*5E
$GPGSA,A,3,09,08,27,26,31,07,16,,,,,,2.1,1.3,1.6*36
$GPGSV,3,1,11,08,66,179,33,04,66,215,,27,63,066,26,09,46,298,30*71
$GPGSV,3,2,11,16,38,034,29,07,18,311,18,31,17,105,19,26,13,058,24*79
$GPGSV,3,3,11,21,09,165,,03,04,207,,02,02,176,*43
$GPRMC,130945.000,A,2632.7947,N,07703.1325,W,0.08,170.48,280324,,,A*75
$GPVTG,170.48,T,,M,0.08,N,0.1,K,A*0E
$GPGGA,130950.000,2632.7947,N,07703.1328,W,1,08,1.2,18.2,M,-33.0,M,,0000*5E
$GPGSA,A,3,09,08,27,04,26,31,07,16,,,,,2.0,1.2,1.6*32
$GPGSV,3,1,11,08,66,179,33,04,66,215,17,27,63,066,26,09,46,298,29*7F
$GPGSV,3,2,11,16,38,034,29,07,18,311,18,31,17,105,18,26,13,058,25*79
$GPGSV,3,3,11,21,09,165,,03,04,207,,02,02,176,*43
$GPRMC,130950.000,A,2632.7947,N,07703.1328,W,0.48,120.60,280324,,,A*77
$GPVTG,120.60,T,,M,0.48,N,0.9,K,A*0D
$GPGGA,130955.000,2632.7947,N,07703.1328,W,1,08,1.2,19.0,M,-33.0,M,,0000*58
$GPGSA,A,3,09,08,27,04,26,31,07,16,,,,,2.0,1.2,1.6*32
$GPGSV,3,1,11,08,66,179,33,04,66,215,17,27,63,066,25,09,46,298,29*7C
$GPGSV,3,2,11,16,38,034,29,07,18,311,19,31,17,105,16,26,13,058,25*76
$GPGSV,3,3,11,21,09,165,,03,04,207,,02,02,176,*43
$GPVTG,146.90,T,,M,0.32,N,0.6,K,A*00
$GPGGA,131000.000,2632.7954,N,07703.1324,W,1,06,1.9,21.9,M,-33.0,M,,0000*59
$GPGSA,A,3,09,08,27,26,07,16,,,,,,,3.0,1.9,2.3*38
$GPGSV,3,1,11,08,66,179,33,04,66,215,,27,63,066,24,09,46,298,29*7B
$GPGSV,3,2,11,16,38,034,30,07,18,311,20,31,17,105,,26,13,058,25*73
$GPGSV,3,3,11,21,09,165,,03,04,207,,02,02,176,*43
$GPRMC,131000.000,A,2632.7954,N,07703.1324,W,0.37,94.56,280324,,,A*47
$GPVTG,94.56,T,,M,0.37,N,0.7,K,A*30
$GPGGA,131005.000,2632.7949,N,07703.1335,W,1,06,1.9,16.4,M,-33.0,M,,0000*59
$GPGSA,A,3,09,08,27,26,07,16,,,,,,,3.0,1.9,2.3*38
$GPGSV,3,1,11,08,66,179,33,04,66,215,,27,63,066,23,09,46,298,29*7C
$GPGSV,3,2,11,16,38,034,30,07,18,311,19,31,17,105,,26,13,058,24*78
$GPGSV,3,3,11,21,09,165,,03,04,207,,02,02,176,*43
$GPRMC,131005.000,A,2632.7949,N,07703.1335,W,0.08,290.47,280324,,,A*74
$GPVTG,290.47,T,,M,0.08,N,0.2,K,A*0F
$GPGGA,131010.000,2632.7952,N,07703.1339,W,1,06,1.9,17.6,M,-33.0,M,,0000*58
$GPGSA,A,3,09,08,27,26,07,16,,,,,,,3.0,1.9,2.3*38
$GPGSV,3,1,11,08,66,179,33,04,66,215,,27,63,066,23,09,46,298,29*7C
$GPGSV,3,2,11,16,38,034,30,07,18,311,20,31,17,105,,26,13,058,23*75
$GPGSV,3,3,11,21,09,165,,03,04,207,,02,02,176,*43
$GPRMC,131010.000,A,2632.7952,N,07703.1339,W,0.33,159.19,280324,,,A*73
$GPVTG,159.19,T,,M,0.33,N,0.6,K,A*0E
$GPGGA,131015.000,2632.7953,N,07703.1341,W,1,06,1.9,17.0,M,-33.0,M,,0000*55
$GPGSA,A,3,09,08,27,26,07,16,,,,,,,3.0,1.9,2.3*38
$GPGSV,3,1,11,08,68,178,32,04,65,213,,27,63,063,22,09,47,296,29*7C
$GPGSV,3,2,11,16,37,035,30,07,19,312,20,31,16,106,,26,13,059,23*7A
$GPGSV,3,3,11,21,10,164,,03,04,206,,02,03,175,*49
$GPRMC,131015.000,A,2632.7953,N,07703.1341,W,0.29,319.93,280324,,,A*77
$GPVTG,319.93,T,,M,0.29,N,0.5,K,A*02
$GPGGA,131020.000,2632.7953,N,07703.1340,W,1,07,1.3,16.1,M,-33.0,M,,0000*59
$GPGSA,A,3,09,08,27,31,26,07,16,,,,,,2.1,1.3,1.6*36
$GPGSV,3,1,11,08,68,178,32,04,65,213,,27,63,063,22,09,47,296,29*7C
$GPGSV,3,2,11,16,37,035,30,07,19,312,20,31,16,106,20,26,13,059,23*78
$GPGSV,3,3,11,21,10,164,,03,04,206,,02,03,175,*49
$GPVTG,108.57,T,,M,0.60,N,1.1,K,A*00
$GPGGA,131025.000,2632.7941,N,07703.1341,W,1,07,1.3,8.8,M,-33.0,M,,0000*68
$GPGSA,A,3,09,08,27,31,26,07,16,,,,,,2.1,1.3,1.6*36
$GPGSV,3,1,11,08,68,178,32,04,65,213,,27,63,063,22,09,47,296,29*7C
$GPGSV,3,2,11,16,37,035,30,07,19,312,20,31,16,106,19,26,13,059,22*73
$GPGSV,3,3,11,21,10,164,,03,04,206,17,02,03,175,*4F
$GPRMC,131025.000,A,2632.7941,N,07703.1341,W,0.41,256.57,280324,,,A*7B
$GPVTG,256.57,T,,M,0.41,N,0.8,K,A*03
$GPGGA,131030.000,2632.7935,N,07703.1349,W,1,08,1.2,4.5,M,-33.0,M,,0000*68
$GPGSA,A,3,09,08,27,31,26,04,07,16,,,,,2.0,1.2,1.6*32
$GPGSV,3,1,11,08,68,178,32,04,65,213,12,27,63,063,22,09,47,296,29*7F
$GPGSV,3,2,11,16,37,035,30,07,19,312,21,31,16,106,18,26,13,059,22*73
$GPGSV,3,3,11,21,10,164,,03,04,206,17,02,03,175,*4F
$GPRMC,131030.000,A,2632.7935,N,07703.1349,W,0.92,160.34,280324,,,A*79
$GPVTG,160.34,T,,M,0.92,N,1.7,K,A*00
$GPGGA,131035.000,2632.7935,N,07703.1352,W,1,08,1.2,3.8,M,-33.0,M,,0000*6D
$GPGSA,A,3,09,08,27,31,26,04,07,16,,,,,2.0,1.2,1.6*32
$GPGSV,3,1,11,08,68,178,32,04,65,213,13,27,63,063,21,09,47,296,29*7D
$GPGSV,3,2,11,16,37,035,30,07,19,312,22,31,16,106,18,26,13,059,22*70
$GPGSV,3,3,11,21,10,164,,03,04,206,17,02,03,175,*4F
$GPRMC,131035.000,A,2632.7935,N,07703.1352,W,0.68,266.84,280324,,,A*7D
$GPVTG,266.84,T,,M,0.68,N,1.3,K,A*0F
$GPGGA,131040.000,2632.7939,N,07703.1353,W,1,08,1.2,5.9,M,-33.0,M,,0000*65
$GPGSA,A,3,09,08,27,31,26,04,07,16,,,,,2.0,1.2,1.6*32
$GPGSV,3,1,11,08,68,178,32,04,65,213,15,27,63,063,20,09,47,296,29*7A
$GPGSV,3,2,11,16,37,035,31,07,19,312,22,31,16,106,18,26,13,059,22*71
$GPGSV,3,3,11,21,10,164,,03,04,206,15,02,03,175,*4D
$GPRMC,131040.000,A,2632.7939,N,07703.1353,W,0.80,281.07,280324,,,A*76
$GPVTG,281.07,T,,M,0.80,N,1.5,K,A*0D
$GPGGA,131045.000,2632.7939,N,07703.1354,W,1,08,1.2,3.8,M,-33.0,M,,0000*60
$GPGSA,A,3,09,08,27,31,26,04,07,16,,,,,2.0,1.2,1.6*32
$GPGSV,3,1,11,08,68,178,31,04,65,212,15,27,62,063,19,09,47,296,28*72
$GPGSV,3,2,11,16,37,035,31,07,19,312,22,31,16,106,18,26,12,059,22*70
$GPRMC,131045.000,A,2632.7939,N,07703.1354,W,0.18,184.02,280324,,,A*76
$GPVTG,184.02,T,,M,0.18,N,0.3,K,A*08
$GPGGA,131050.000,2632.7939,N,07703.1359,W,1,09,0.9,2.9,M,-33.0,M,,0000*62
$GPGSA,A,3,09,08,27,31,26,04,07,21,16,,,,1.5,0.9,1.2*39
$GPGSV,3,1,11,08,68,178,31,04,65,212,15,27,62,063,18,09,47,296,28*73
$GPGSV,3,2,11,16,37,035,31,07,19,312,21,31,16,106,19,26,12,059,22*72
$GPGSV,3,3,11,21,10,164,17,03,04,206,,02,03,175,*4F
$GPRMC,131050.000,A,2632.7939,N,07703.1359,W,0.02,165.76,280324,,,A*78
$GPGGA,131055.000,2632.7953,N,07703.1362,W,1,09,0.9,8.8,M,-33.0,M,,0000*68
$GPGSA,A,3,09,08,27,31,26,04,07,21,16,,,,1.5,0.9,1.2*39
$GPGSV,3,1,11,08,68,178,31,04,65,212,15,27,62,063,18,09,47,296,28*73
$GPGSV,3,2,11,16,37,035,32,07,19,312,20,31,16,106,21,26,12,059,22*7B
$GPGSV,3,3,11,21,10,164,15,03,04,206,,02,03,175,*4D
$GPRMC,131055.000,A,2632.7953,N,07703.1362,W,0.11,170.52,280324,,,A*79
$GPVTG,170.52,T,,M,0.11,N,0.2,K,A*0E
$GPGGA,131100.000,2632.7962,N,07703.1361,W,1,09,0.9,16.1,M,-33.0,M,,0000*5E
$GPGSA,A,3,09,08,27,31,26,04,07,21,16,,,,1.5,0.9,1.2*39
$GPGSV,3,1,11,08,68,178,31,04,65,212,14,27,62,063,18,09,47,296,27*7D
$GPGSV,3,2,11,16,37,035,32,07,19,312,20,31,16,106,20,26,12,059,23*7B
$GPGSV,3,3,11,21,10,164,16,03,04,206,,02,03,175,*4E
$GPRMC,131100.000,A,2632.7962,N,07703.1361,W,0.32,249.90,280324,,,A*7F
$GPVTG,249.90,T,,M,0.32,N,0.6,K,A*0C
$GPGGA,131105.000,2632.7955,N,07703.1360,W,1,08,1.0,15.6,M,-33.0,M,,0000*53
$GPGSA,A,3,09,08,27,31,26,07,21,16,,,,,1.6,1.0,1.3*37
$GPGSV,3,1,11,08,68,178,31,04,65,212,,27,62,063,24,09,47,296,27*77
$GPGSV,3,2,11,16,37,035,32,07,19,312,20,31,16,106,19,26,12,059,23*71
$GPGSV,3,3,11,21,10,164,15,03,04,206,,02,03,175,*4D
$GPRMC,131105.000,A,2632.7955,N,07703.1360,W,0.61,167.09,280324,,,A*76
$GPVTG,167.09,T,,M,0.61,N,1.1,K,A*03
$GPGGA,131110.000,2632.7951,N,07703.1365,W,1,08,1.0,13.8,M,-33.0,M,,0000*5E
$GPGSA,A,3,09,08,27,31,26,07,21,16,,,,,1.6,1.0,1.3*37
$GPGSV,3,1,11,08,68,178,30,04,65,212,,27,62,063,24,09,47,296,27*76
$GPGSV,3,2,11,16,37,035,32,07,19,312,21,31,16,106,17,26,12,059,23*7E
$GPGSV,3,3,11,21,10,164,16,03,04,206,,02,03,175,*4E
$GPRMC,131110.000,A,2632.7951,N,07703.1365,W,0.19,116.11,280324,,,A*73
$GPVTG,116.11,T,,M,0.19,N,0.3,K,A*00
$GPGGA,131115.000,2632.7947,N,07703.1363,W,1,09,0.9,13.4,M,-33.0,M,,0000*5F
$GPGSA,A,3,09,08,27,31,26,04,07,21,16,,,,1.5,0.9,1.2*39
$GPGSV,3,1,11,08,68,178,29,04,65,212,19,27,62,063,23,09,47,296,27*71
$GPGSV,3,2,11,16,37,035,33,07,19,312,21,31,16,106,23,26,12,059,23*78
$GPGSV,3,3,11,21,10,164,17,03,04,206,,02,03,175,*4F
$GPVTG,75.21,T,,M,0.84,N,1.6,K,A*37
$GPGGA,131120.000,2632.7938,N,07703.1362,W,1,09,0.9,11.3,M,-33.0,M,,0000*55
$GPGSA,A,3,09,08,27,31,26,04,07,21,16,,,,1.5,0.9,1.2*39
$GPGSV,3,1,11,08,68,178,30,04,65,212,20,27,62,063,23,09,47,296,27*73
$GPGSV,3,2,11,16,37,035,32,07,19,312,22,31,16,106,22,26,12,059,23*7B
$GPGSV,3,3,11,21,10,164,17,03,04,206,,02,03,175,*4F
$GPRMC,131120.000,A,2632.7938,N,07703.1362,W,0.70,163.99,280324,,,A*75
$GPVTG,163.99,T,,M,0.70,N,1.3,K,A*0C
$GPGGA,131125.000,2632.7938,N,07703.1359,W,1,08,1.2,13.6,M,-33.0,M,,0000*54
$GPGSA,A,3,09,08,27,31,26,04,07,16,,,,,2.0,1.2,1.6*32
$GPGSV,3,1,11,08,68,178,30,04,65,212,21,27,62,063,22,09,47,296,28*7C
$GPGSV,3,2,11,16,37,035,32,07,19,312,23,31,16,106,22,26,12,059,23*7A
$GPGSV,3,3,11,21,10,164,,03,04,206,,02,03,175,*49
$GPRMC,131125.000,A,2632.7938,N,07703.1359,W,0.53,344.63,280324,,,A*7B
$GPVTG,344.63,T,,M,0.53,N,1.0,K,A*0C
$GPGGA,131130.000,2632.7945,N,07703.1359,W,1,08,1.2,13.6,M,-33.0,M,,0000*5A
$GPGSA,A,3,09,08,27,31,26,04,07,16,,,,,2.0,1.2,1.6*32
$GPGSV,3,1,12,08,68,178,31,04,65,212,22,27,62,063,22,09,47,296,28*7D
$GPGSV,3,2,12,16,37,035,32,07,19,312,23,31,16,106,22,26,12,059,23*79
$GPGSV,3,3,12,21,10,164,,03,04,206,,02,03,175,,44,36,241,29*73
$GPRMC,131130.000,A,2632.7945,N,07703.1359,W,0.45,95.19,280324,,,A*40
$GPVTG,95.19,T,,M,0.45,N,0.8,K,A*30
$GPGGA,131135.000,2632.7948,N,07703.1357,W,1,09,0.9,12.6,M,-33.0,M,,0000*56
$GPGSA,A,3,09,08,27,31,26,04,07,21,16,,,,1.5,0.9,1.2*39
$GPGSV,3,1,12,08,68,178,31,04,65,212,22,27,62,063,22,09,47,296,28*7D
$GPGSV,3,2,12,16,37,035,32,07,19,312,23,31,16,106,22,26,12,059,23*79
$GPGSV,3,3,12,21,10,164,18,03,04,206,,02,03,175,,44,36,241,27*74
$GPRMC,131135.000,A,2632.7948,N,07703.1357,W,0.22,263.42,280324,,,A*72
$GPVTG,263.42,T,,M,0.22,N,0.4,K,A*08
$GPGGA,131140.000,2632.7948,N,07703.1355,W,1,09,0.9,12.3,M,-33.0,M,,0000*53
$GPGSA,A,3,09,08,27,31,26,04,07,21,16,,,,1.5,0.9,1.2*39
$GPGSV,3,1,12,08,69,178,32,04,64,211,22,27,62,062,22,09,47,295,28*7F
$GPGSV,3,2,12,16,37,036,32,07,19,312,24,31,16,107,23,26,12,059,23*7D
$GPGSV,3,3,12,21,10,163,18,02,04,175,,03,03,206,,44,36,241,28*7C
$GPRMC,131140.000,A,2632.7948,N,07703.1355,W,0.31,137.42,280324,,,A*72
$GPVTG,137.42,T,,M,0.31,N,0.6,K,A*0A
$GPGGA,131145.000,2632.7948,N,07703.1349,W,1,09,0.9,13.3,M,-33.0,M,,0000*5A
$GPGSA,A,3,09,08,27,31,26,04,07,21,16,,,,1.5,0.9,1.2*39
$GPGSV,3,1,12,08,69,178,32,04,64,211,21,27,62,062,23,09,47,295,29*7C
$GPGSV,3,2,12,16,37,036,32,07,19,312,25,31,16,107,23,26,12,059,24*7B
$GPGSV,3,3,12,21,10,163,18,02,04,175,,03,03,206,,44,36,241,27*73
$GPVTG,74.47,T,,M,0.14,N,0.3,K,A*3B
$GPGGA,131150.000,2632.7948,N,07703.1348,W,1,09,0.9,13.2,M,-33.0,M,,0000*5E
$GPGSA,A,3,09,08,27,31,26,04,07,21,16,,,,1.5,0.9,1.2*39
$GPGSV,3,1,12,08,69,178,31,04,64,211,21,27,62,062,23,09,47,295,29*7F
$GPGSV,3,2,12,16,37,036,32,07,19,312,25,31,16,107,24,26,12,059,24*7C
$GPGSV,3,3,12,21,10,163,19,02,04,175,,03,03,206,,44,36,241,28*7D
$GPRMC,131150.000,A,2632.7948,N,07703.1348,W,0.17,174.98,280324,,,A*7B
$GPVTG,174.98,T,,M,0.17,N,0.3,K,A*0B
$GPGGA,131155.000,2632.7954,N,07703.1351,W,1,09,0.9,14.6,M,-33.0,M,,0000*5D
$GPGSA,A,3,09,08,27,31,26,04,07,21,16,,,,1.5,0.9,1.2*39
$GPGSV,3,1,12,08,69,178,27,04,64,211,21,27,62,062,21,09,47,295,29*7A
$GPGSV,3,2,12,16,37,036,31,07,19,312,26,31,16,107,24,26,12,059,24*7C
$GPGSV,3,3,12,21,10,163,17,02,04,175,,03,03,206,,44,36,241,28*73
$GPRMC,131155.000,A,2632.7954,N,07703.1351,W,0.04,352.60,280324,,,A*78
$GPVTG,352.60,T,,M,0.04,N,0.1,K,A*0A
$GPGGA,131200.000,2632.7951,N,07703.1349,W,1,08,1.2,14.5,M,-33.0,M,,0000*5A
$GPGSA,A,3,09,08,27,31,26,04,07,16,,,,,2.0,1.2,1.6*32
$GPGSV,3,1,12,08,69,178,27,04,64,211,22,27,62,062,16,09,47,295,29*7D
$GPGSV,3,2,12,16,37,036,29,07,19,312,26,31,16,107,25,26,12,059,19*7A
$GPGSV,3,3,12,21,10,163,,02,04,175,,03,03,206,,44,36,241,30*7C
$GPRMC,131200.000,A,2632.7951,N,07703.1349,W,0.14,4.64,280324,,,A*72
$GPVTG,4.64,T,,M,0.14,N,0.3,K,A*0D
$GPGGA,131205.000,2632.7945,N,07703.1348,W,1,08,1.2,14.8,M,-33.0,M,,0000*56
$GPGSA,A,3,09,08,27,31,26,04,07,16,,,,,2.0,1.2,1.6*32
$GPGSV,3,1,12,08,69,178,26,04,64,211,23,27,62,062,19,09,47,295,29*72
$GPGSV,3,2,12,16,37,036,30,07,19,312,27,31,16,107,24,26,12,059,21*79
$GPGSV,3,3,12,21,10,163,,02,04,175,,03,03,206,,44,36,241,29*74
$GPRMC,131205.000,A,2632.7945,N,07703.1348,W,0.29,262.63,280324,,,A*78
$GPVTG,262.63,T,,M,0.29,N,0.5,K,A*00
$GPGGA,131210.000,2632.7943,N,07703.1346,W,1,08,1.2,12.7,M,-33.0,M,,0000*53
$GPGSA,A,3,09,08,27,31,26,04,07,16,,,,,2.0,1.2,1.6*32
$GPGSV,3,1,12,08,69,177,25,04,64,211,25,27,62,062,21,09,47,295,24*7E
$GPGSV,3,2,12,16,36,036,32,07,19,313,27,31,16,107,24,26,12,059,21*7B
$GPGSV,3,3,12,21,10,163,,02,04,175,,03,03,205,,44,36,241,29*77
$GPRMC,131210.000,A,2632.7943,N,07703.1346,W,0.43,210.76,280324,,,A*79
$GPVTG,210.76,T,,M,0.43,N,0.8,K,A*00
$GPGGA,131215.000,2632.7950,N,07703.1344,W,1,08,1.2,14.3,M,-33.0,M,,0000*54
$GPGSA,A,3,09,08,27,31,26,04,07,16,,,,,2.0,1.2,1.6*32
$GPGSV,3,1,12,08,69,177,25,04,64,211,25,27,62,062,22,09,47,295,26*7F
$GPGSV,3,2,12,16,36,036,33,07,19,313,27,31,16,107,24,26,12,059,23*78
$GPGSV,3,3,12,21,10,163,,02,04,175,,03,03,205,,44,36,241,28*76
$GPRMC,131215.000,A,2632.7950,N,07703.1344,W,0.07,68.13,280324,,,A*42
$GPVTG,68.13,T,,M,0.07,N,0.1,K,A*37
$GPGGA,131220.000,2632.7963,N,07703.1335,W,1,08,1.2,15.2,M,-33.0,M,,0000*54
$GPGSA,A,3,09,08,27,31,26,04,07,16,,,,,2.0,1.2,1.6*32
$GPGSV,3,1,12,08,69,177,25,04,64,211,26,27,62,062,27,09,47,295,26*79
$GPGSV,3,2,12,16,36,036,33,07,19,313,27,31,16,107,24,26,12,059,23*78
$GPGSV,3,3,12,21,10,163,,02,04,175,,03,03,205,,48,29,248,29*7C
$GPVTG,330.94,T,,M,0.18,N,0.3,K,A*0A
$GPGGA,131225.000,2632.7976,N,07703.1333,W,1,08,1.2,15.4,M,-33.0,M,,0000*55
$GPGSA,A,3,09,08,27,31,26,04,07,16,,,,,2.0,1.2,1.6*32
$GPGSV,3,1,12,08,69,177,24,04,64,211,26,27,62,062,27,09,47,295,26*78
$GPGSV,3,2,12,16,36,036,33,07,19,313,27,31,16,107,24,26,12,059,23*78
$GPGSV,3,3,12,21,10,163,,02,04,175,,03,03,205,,48,29,248,29*7C
$GPRMC,131225.000,A,2632.7976,N,07703.1333,W,0.19,350.07,280324,,,A*77
$GPVTG,350.07,T,,M,0.19,N,0.4,K,A*00
$GPGGA,131230.000,2632.7976,N,07703.1346,W,1,08,1.2,14.0,M,-33.0,M,,0000*56
$GPGSA,A,3,09,08,27,31,26,04,07,16,,,,,2.0,1.2,1.6*32
$GPGSV,3,1,12,08,69,177,25,04,64,211,26,27,62,062,27,09,47,295,25*7A
$GPGSV,3,2,12,16,36,036,33,07,19,313,27,31,16,107,21,26,12,059,22*7C
$GPGSV,3,3,12,21,10,163,,02,04,175,,03,03,205,,48,29,248,30*74
$GPRMC,131230.000,A,2632.7976,N,07703.1346,W,0.30,171.33,280324,,,A*7C
$GPVTG,171.33,T,,M,0.30,N,0.6,K,A*0F
$GPGGA,131235.000,2632.7981,N,07703.1362,W,1,08,1.2,15.0,M,-33.0,M,,0000*5C
$GPGSA,A,3,09,08,27,31,26,04,07,16,,,,,2.0,1.2,1.6*32
$GPGSV,3,1,12,08,69,177,32,04,64,211,26,27,62,062,26,09,47,295,24*7C
$GPGSV,3,2,12,16,36,036,32,07,19,313,27,31,16,107,22,26,12,059,22*7E
$GPGSV,3,3,12,21,10,163,,02,04,175,,03,03,205,,48,29,248,30*74
$GPRMC,131235.000,A,2632.7981,N,07703.1362,W,0.21,222.45,280324,,,A*73
$GPVTG,222.45,T,,M,0.21,N,0.4,K,A*09
$GPGGA,131240.000,2632.7973,N,07703.1354,W,1,08,1.2,13.0,M,-33.0,M,,0000*50
$GPGSA,A,3,09,08,27,31,26,04,07,16,,,,,2.0,1.2,1.6*32
$GPGSV,3,1,12,08,69,177,33,04,64,211,26,27,62,062,27,09,47,295,21*79
$GPGSV,3,2,12,16,36,036,32,07,19,313,27,31,16,107,23,26,12,059,21*7C
$GPGSV,3,3,12,21,10,163,,02,04,175,,03,03,205,,48,29,248,29*7C
$GPRMC,131240.000,A,2632.7973,N,07703.1354,W,0.16,130.16,280324,,,A*7B
$GPVTG,130.16,T,,M,0.16,N,0.3,K,A*0C
$GPGGA,131245.000,2632.7956,N,07703.1356,W,1,08,1.2,8.6,M,-33.0,M,,0000*6C
$GPGSA,A,3,09,08,27,31,26,04,07,16,,,,,2.0,1.2,1.6*32
$GPGSV,3,1,12,08,69,177,33,04,64,211,25,27,62,061,27,09,47,294,22*7B
$GPGSV,3,2,12,16,36,036,32,07,19,313,26,31,16,107,22,26,12,059,20*7D
$GPGSV,3,3,12,21,10,163,,02,04,175,,03,03,205,,48,29,248,30*74
$GPRMC,131245.000,A,2632.7956,N,07703.1356,W,0.46,258.18,280324,,,A*7D
$GPVTG,258.18,T,,M,0.46,N,0.9,K,A*00
$GPGGA,131250.000,2632.7953,N,07703.1367,W,1,09,0.9,10.0,M,-33.0,M,,0000*5B
$GPGSA,A,3,09,08,27,31,26,04,07,16,21,,,,1.5,0.9,1.2*39
$GPGSV,3,1,12,08,69,177,34,04,64,211,24,27,62,061,27,09,47,294,23*7C
$GPGSV,3,2,12,16,36,036,32,07,19,313,26,31,16,107,22,26,12,059,20*7D
$GPRMC,131250.000,A,2632.7953,N,07703.1367,W,0.30,312.95,280324,,,A*75
$GPVTG,312.95,T,,M,0.30,N,0.6,K,A*04
$GPGGA,131255.000,2632.7960,N,07703.1360,W,1,09,0.9,11.0,M,-33.0,M,,0000*58
$GPGSA,A,3,09,08,27,31,26,04,07,16,21,,,,1.5,0.9,1.2*39
$GPGSV,3,1,12,08,69,177,34,04,64,211,24,27,62,061,27,09,47,294,24*7B
$GPGSV,3,2,12,16,36,036,32,07,19,313,26,31,16,107,22,26,12,059,19*77
$GPGSV,3,3,12,21,10,163,17,02,04,175,,03,03,205,,48,29,248,30*72
$GPRMC,131255.000,A,2632.7960,N,07703.1360,W,0.17,189.49,280324,,,A*73
$GPGGA,131300.000,2632.7957,N,07703.1342,W,1,09,0.9,10.0,M,-33.0,M,,0000*5C
$GPGSA,A,3,09,08,27,31,26,04,07,16,21,,,,1.5,0.9,1.2*39
$GPGSV,3,1,12,08,69,177,34,04,64,211,23,27,62,061,27,09,47,294,25*7D
$GPGSV,3,2,12,16,36,036,32,07,19,313,26,31,16,107,23,26,12,059,19*76
$GPGSV,3,3,12,21,10,163,17,02,04,175,,03,03,205,,48,29,248,29*7A
$GPRMC,131300.000,A,2632.7957,N,07703.1342,W,0.39,15.67,280324,,,A*42
$GPVTG,15.67,T,,M,0.39,N,0.7,K,A*35
$GPGGA,131305.000,2632.7956,N,07703.1332,W,1,09,0.9,9.0,M,-33.0,M,,0000*67
$GPGSA,A,3,09,08,27,31,26,04,07,16,21,,,,1.5,0.9,1.2*39
$GPGSV,3,1,12,08,69,177,34,04,64,211,17,27,62,061,27,09,47,294,25*7A
$GPGSV,3,2,12,16,36,036,32,07,19,313,26,31,16,107,24,26,12,059,19*71
$GPGSV,3,3,12,21,10,163,16,02,04,175,17,03,03,205,,48,29,248,30*75
$GPRMC,131305.000,A,2632.7956,N,07703.1332,W,0.59,50.02,280324,,,A*45
$GPVTG,50.02,T,,M,0.59,N,1.1,K,A*36
$GPGGA,131310.000,2632.7952,N,07703.1332,W,1,09,0.9,8.1,M,-33.0,M,,0000*67
$GPGSA,A,3,09,08,27,31,26,04,07,16,21,,,,1.5,0.9,1.2*39
$GPGSV,3,1,12,08,70,177,34,04,64,210,17,27,62,061,28,09,48,294,25*73
$GPGSV,3,2,12,16,36,036,31,07,20,313,27,31,15,107,26,26,12,060,18*73
$GPGSV,3,3,12,21,10,163,15,02,04,174,18,03,03,205,,48,29,248,29*70
$GPRMC,131310.000,A,2632.7952,N,07703.1332,W,0.39,247.07,280324,,,A*72
$GPVTG,247.07,T,,M,0.39,N,0.7,K,A*06
$GPGGA,131315.000,2632.7955,N,07703.1342,W,1,08,1.2,8.4,M,-33.0,M,,0000*6C
$GPGSA,A,3,09,08,27,31,26,04,07,16,,,,,2.0,1.2,1.6*32
$GPGSV,3,1,12,08,70,177,35,04,64,210,18,27,62,061,28,09,48,294,24*7C
$GPGSV,3,2,12,16,36,036,31,07,20,313,27,31,15,107,26,26,12,060,17*7C
$GPGSV,3,3,12,21,11,163,,02,04,174,17,03,03,205,,48,29,248,28*7B
$GPRMC,131315.000,A,2632.7955,N,07703.1342,W,0.27,244.47,280324,,,A*7F
$GPVTG,244.47,T,,M,0.27,N,0.5,K,A*0C
$GPGGA,131320.000,2632.7951,N,07703.1348,W,1,08,1.2,9.6,M,-33.0,M,,0000*67
$GPGSA,A,3,09,08,27,31,26,04,07,16,,,,,2.0,1.2,1.6*32
$GPGSV,3,1,11,08,70,177,30,04,64,210,24,27,62,061,28,09,48,294,23*72
$GPGSV,3,2,11,16,36,036,31,07,20,313,28,31,15,107,27,26,12,060,16*70
$GPGSV,3,3,11,21,11,163,,02,04,174,,03,03,205,*4D
$GPRMC,131320.000,A,2632.7951,N,07703.1348,W,0.12,221.53,280324,,,A*77
$GPVTG,221.53,T,,M,0.12,N,0.2,K,A*0B
$GPGGA,131325.000,2632.7946,N,07703.1351,W,1,07,1.3,9.0,M,-33.0,M,,0000*64
$GPGSA,A,3,09,08,27,31,04,07,16,,,,,,2.1,1.3,1.7*37
$GPGSV,3,1,12,08,70,177,30,04,64,210,24,27,62,061,29,09,48,294,23*70
$GPGSV,3,2,12,16,36,036,31,07,20,313,28,31,15,107,28,26,12,060,*7B
$GPGSV,3,3,12,21,11,163,,02,04,174,,03,03,205,,46,25,250,27*79
$GPVTG,206.51,T,,M,0.13,N,0.2,K,A*0D
$GPGGA,131330.000,2632.7942,N,07703.1353,W,1,07,1.3,7.8,M,-33.0,M,,0000*60
$GPGSA,A,3,09,08,27,31,04,07,16,,,,,,2.1,1.3,1.7*37
$GPGSV,3,1,12,08,70,177,30,04,64,210,24,27,62,061,30,09,48,294,22*79
$GPGSV,3,2,12,16,36,036,32,07,20,313,28,31,15,107,28,26,12,060,*78
$GPGSV,3,3,12,21,11,163,,02,04,174,,03,03,205,,46,25,250,27*79
$GPRMC,131330.000,A,2632.7942,N,07703.1353,W,0.25,195.88,280324,,,A*70
$GPVTG,195.88,T,,M,0.25,N,0.5,K,A*02
$GPGGA,131335.000,2632.7939,N,07703.1353,W,1,07,1.3,6.7,M,-33.0,M,,0000*67
$GPGSA,A,3,09,08,27,31,04,07,16,,,,,,2.1,1.3,1.7*37
$GPGSV,3,1,12,08,70,177,29,04,64,210,25,27,62,061,31,09,48,294,22*71
$GPGSV,3,2,12,16,36,036,32,07,20,313,29,31,15,107,28,26,12,060,*79
$GPGSV,3,3,12,21,11,163,,02,04,174,,03,03,205,,46,25,250,24*7A
$GPRMC,131335.000,A,2632.7939,N,07703.1353,W,0.12,170.97,280324,,,A*78
$GPVTG,170.97,T,,M,0.12,N,0.2,K,A*04
$GPGGA,131340.000,2632.7937,N,07703.1353,W,1,07,1.3,5.7,M,-33.0,M,,0000*68
$GPGSA,A,3,09,08,27,31,04,07,16,,,,,,2.1,1.3,1.7*37
$GPGSV,3,1,11,08,70,177,29,04,63,210,25,27,61,060,32,09,48,294,23*75
$GPGSV,3,2,11,16,36,037,32,07,20,313,29,31,15,107,28,26,12,060,*7B
$GPGSV,3,3,11,21,11,163,,02,04,174,,03,03,205,*4D
$GPRMC,131340.000,A,2632.7937,N,07703.1353,W,0.16,142.17,280324,,,A*79
$GPVTG,142.17,T,,M,0.16,N,0.3,K,A*08
$GPGGA,131345.000,2632.7935,N,07703.1354,W,1,07,1.3,5.1,M,-33.0,M,,0000*6E
$GPGSA,A,3,09,08,27,31,04,07,16,,,,,,2.1,1.3,1.7*37
$GPGSV,3,1,11,08,70,177,29,04,63,210,25,27,61,060,32,09,48,294,23*75
$GPGSV,3,2,11,16,36,037,32,07,20,313,29,31,15,107,29,26,12,060,*7A
$GPGSV,3,3,11,21,11,163,,02,04,174,,03,03,205,*4D
$GPRMC,131345.000,A,2632.7935,N,07703.1354,W,0.22,78.02,280324,,,A*42
$GPVTG,78.02,T,,M,0.22,N,0.4,K,A*34
$GPGGA,131350.000,2632.7935,N,07703.1353,W,1,08,1.0,4.9,M,-33.0,M,,0000*68
$GPGSA,A,3,09,08,27,31,21,04,07,16,,,,,1.6,1.0,1.3*37
$GPGSV,3,1,11,08,70,177,30,04,63,210,25,27,61,060,32,09,48,294,24*7A
$GPGSV,3,2,11,16,36,037,32,07,20,313,29,31,15,107,28,26,12,060,*7B
$GPGSV,3,3,11,21,11,163,18,02,04,174,,03,03,205,*44
$GPRMC,131350.000,A,2632.7935,N,07703.1353,W,0.33,57.21,280324,,,A*4D
$GPVTG,57.21,T,,M,0.33,N,0.6,K,A*3A
$GPGGA,131355.000,2632.7935,N,07703.1352,W,1,09,0.9,5.0,M,-33.0,M,,0000*6D
$GPGSA,A,3,09,08,27,31,21,04,07,26,16,,,,1.5,0.9,1.2*39
$GPGSV,3,1,12,08,70,177,30,04,63,210,25,27,61,060,32,09,48,294,24*79
$GPGSV,3,2,12,16,36,037,31,07,20,313,29,31,15,107,28,26,12,060,16*7C
$GPGSV,3,3,12,21,11,163,17,02,04,174,,03,03,205,,46,25,250,29*71
$GPVTG,54.61,T,,M,0.20,N,0.4,K,A*3D
$GPGGA,131400.000,2632.7936,N,07703.1347,W,1,09,0.9,5.6,M,-33.0,M,,0000*6B
$GPGSA,A,3,09,08,27,31,21,04,07,26,16,,,,1.5,0.9,1.2*39
$GPGSV,3,1,12,08,70,177,30,04,63,210,21,27,61,060,32,09,48,294,24*7D
$GPGSV,3,2,12,16,36,037,31,07,20,313,29,31,15,107,25,26,12,060,16*71
$GPGSV,3,3,12,21,11,163,16,02,04,174,,03,03,205,,46,25,250,27*7E
$GPRMC,131400.000,A,2632.7936,N,07703.1347,W,0.43,198.24,280324,,,A*79
$GPVTG,198.24,T,,M,0.43,N,0.8,K,A*04
$GPGGA,131405.000,2632.7932,N,07703.1347,W,1,09,0.9,5.0,M,-33.0,M,,0000*6C
$GPGSA,A,3,09,08,27,31,21,04,07,26,16,,,,1.5,0.9,1.2*39
$GPGSV,3,1,12,08,70,177,30,04,63,210,22,27,61,060,32,09,48,294,24*7E
$GPGSV,3,2,12,16,36,037,31,07,20,313,30,31,15,107,26,26,12,060,16*7A
$GPGSV,3,3,12,21,11,163,16,02,04,174,,03,03,205,,46,25,250,28*71
$GPRMC,131405.000,A,2632.7932,N,07703.1347,W,0.29,111.48,280324,,,A*7F
$GPVTG,111.48,T,,M,0.29,N,0.5,K,A*0E
$GPGGA,131410.000,2632.7934,N,07703.1346,W,1,08,1.2,4.7,M,-33.0,M,,0000*62
$GPGSA,A,3,09,08,27,31,04,07,26,16,,,,,2.0,1.2,1.6*32
$GPGSV,3,1,12,08,70,177,30,04,63,210,22,27,61,060,32,09,48,294,24*7E
$GPGSV,3,2,12,16,36,037,31,07,20,313,30,31,15,107,26,26,12,060,16*7A
$GPGSV,3,3,12,21,11,163,,02,04,174,,03,03,205,,46,25,250,26*78
$GPRMC,131410.000,A,2632.7934,N,07703.1346,W,0.33,50.88,280324,,,A*4F
$GPVTG,50.88,T,,M,0.33,N,0.6,K,A*3E
$GPGGA,131415.000,2632.7935,N,07703.1346,W,1,08,1.2,4.7,M,-33.0,M,,0000*66
$GPGSA,A,3,09,08,27,31,04,07,26,16,,,,,2.0,1.2,1.6*32
$GPGSV,3,1,12,08,70,177,30,04,63,210,22,27,61,060,33,09,48,294,25*7E
$GPGSV,3,2,12,16,36,037,31,07,20,313,30,31,15,108,26,26,12,060,16*75
$GPGSV,3,3,12,21,11,163,,02,04,174,,03,03,205,,46,25,250,26*78
$GPRMC,131415.000,A,2632.7935,N,07703.1346,W,0.13,105.15,280324,,,A*7C
$GPVTG,105.15,T,,M,0.13,N,0.2,K,A*0D
$GPGGA,131420.000,2632.7933,N,07703.1347,W,1,08,1.2,4.2,M,-33.0,M,,0000*62
$GPGSA,A,3,09,08,27,31,04,07,26,16,,,,,2.0,1.2,1.6*32
$GPGSV,3,1,11,08,70,177,30,04,63,210,22,27,61,060,33,09,48,294,25*7D
$GPGSV,3,2,11,16,36,037,31,07,20,313,31,31,15,108,26,26,12,060,17*76
$GPGSV,3,3,11,21,11,163,,02,04,174,,03,03,205,*4D
$GPRMC,131420.000,A,2632.7933,N,07703.1347,W,0.24,80.19,280324,,,A*49
$GPVTG,80.19,T,,M,0.24,N,0.4,K,A*3F
$GPGGA,131425.000,2632.7927,N,07703.1345,W,1,08,1.2,2.1,M,-33.0,M,,0000*65
$GPGSA,A,3,09,08,27,31,04,07,26,16,,,,,2.0,1.2,1.6*32
$GPGSV,3,1,11,08,70,177,30,04,63,210,21,27,61,060,33,09,48,294,26*7D
$GPGSV,3,2,11,16,36,037,31,07,20,313,31,31,15,108,25,26,12,060,17*75
$GPGSV,3,3,11,21,11,163,,02,04,174,,03,03,205,*4D
$GPVTG,133.20,T,,M,0.16,N,0.3,K,A*0A
$GPGGA,131430.000,2632.7928,N,07703.1343,W,1,08,1.2,2.3,M,-33.0,M,,0000*6A
$GPGSA,A,3,09,08,27,31,04,07,26,16,,,,,2.0,1.2,1.6*32
$GPGSV,3,1,11,08,70,177,30,04,63,210,14,27,61,060,33,09,48,294,26*7B
$GPGSV,3,2,11,16,36,037,31,07,20,313,31,31,15,108,24,26,12,060,17*74
$GPGSV,3,3,11,21,11,163,,02,04,174,,03,03,205,*4D
$GPRMC,131430.000,A,2632.7928,N,07703.1343,W,0.50,133.09,280324,,,A*7D
$GPVTG,133.09,T,,M,0.50,N,0.9,K,A*09
$GPGGA,131435.000,2632.7925,N,07703.1337,W,1,09,0.9,1.5,M,-33.0,M,,0000*6F
$GPGSA,A,3,09,08,27,31,21,04,07,26,16,,,,1.5,0.9,1.2*39
$GPGSV,3,1,11,08,70,177,30,04,63,210,15,27,61,060,34,09,48,294,27*7C
$GPGSV,3,2,11,16,36,037,31,07,20,313,31,31,15,108,24,26,12,060,18*7B
$GPGSV,3,3,11,21,11,163,16,02,04,174,,03,03,205,*4A
$GPRMC,131435.000,A,2632.7925,N,07703.1337,W,0.19,122.34,280324,,,A*75
$GPVTG,122.34,T,,M,0.19,N,0.4,K,A*07
$GPGGA,131440.000,2632.7926,N,07703.1334,W,1,08,1.2,2.5,M,-33.0,M,,0000*65
$GPGSA,A,3,09,08,27,31,04,07,26,16,,,,,2.0,1.2,1.6*32
$GPGSV,3,1,11,08,70,177,30,04,63,209,15,27,61,060,34,09,48,293,27*73
$GPGSV,3,2,11,16,36,037,31,07,20,313,31,31,15,108,24,26,11,060,19*79
$GPGSV,3,3,11,21,11,162,,02,04,174,,03,03,205,*4C
$GPRMC,131440.000,A,2632.7926,N,07703.1334,W,0.46,137.15,280324,,,A*7A
$GPVTG,137.15,T,,M,0.46,N,0.8,K,A*06
$GPGGA,131445.000,2632.7927,N,07703.1336,W,1,07,1.3,3.8,M,-33.0,M,,0000*61
$GPGSA,A,3,09,08,27,31,07,26,16,,,,,,2.1,1.3,1.6*36
$GPGSV,3,1,11,08,70,177,30,04,63,209,,27,61,060,33,09,48,293,27*70
$GPGSV,3,2,11,16,36,037,31,07,20,313,31,31,15,108,17,26,11,060,20*73
$GPGSV,3,3,11,21,11,162,,02,04,174,,03,03,205,*4C
$GPRMC,131445.000,A,2632.7927,N,07703.1336,W,0.38,163.27,280324,,,A*75
$GPVTG,163.27,T,,M,0.38,N,0.7,K,A*00
$GPGGA,131450.000,2632.7929,N,07703.1343,W,1,08,1.2,4.9,M,-33.0,M,,0000*61
$GPGSA,A,3,09,08,27,31,04,07,26,16,,,,,2.0,1.2,1.6*32
$GPGSV,3,1,11,08,70,177,32,04,63,209,21,27,61,060,34,09,48,293,26*77
$GPGSV,3,2,11,16,36,037,32,07,20,313,31,31,15,108,19,26,11,060,19*74
$GPRMC,131450.000,A,2632.7929,N,07703.1343,W,0.31,126.08,280324,,,A*78
$GPVTG,126.08,T,,M,0.31,N,0.6,K,A*04
$GPGGA,131455.000,2632.7937,N,07703.1348,W,1,09,0.9,6.4,M,-33.0,M,,0000*64
$GPGSA,A,3,09,08,27,31,04,21,07,26,16,,,,1.5,0.9,1.2*39
$GPGSV,3,1,11,08,70,177,32,04,63,209,22,27,61,060,34,09,48,293,22*70
$GPGSV,3,2,11,16,36,037,32,07,20,313,32,31,15,108,21,26,11,060,20*76
$GPGSV,3,3,11,21,11,162,22,02,04,174,,03,03,205,*4C
$GPRMC,131455.000,A,2632.7937,N,07703.1348,W,0.21,271.31,280324,,,A*73
$GPGGA,131500.000,2632.7948,N,07703.1347,W,1,09,0.9,6.1,M,-33.0,M,,0000*67
$GPGSA,A,3,09,08,27,31,04,21,07,26,16,,,,1.5,0.9,1.2*39
$GPGSV,3,1,11,08,70,177,33,04,63,209,23,27,61,060,35,09,48,293,22*71
$GPGSV,3,2,11,16,36,037,32,07,20,313,31,31,15,108,22,26,11,060,20*76
$GPGSV,3,3,11,21,11,162,22,02,04,174,,03,03,205,*4C
$GPRMC,131500.000,A,2632.7948,N,07703.1347,W,0.35,121.84,280324,,,A*78
$GPVTG,121.84,T,,M,0.35,N,0.7,K,A*02
$GPGGA,131505.000,2632.7948,N,07703.1351,W,1,09,0.9,7.0,M,-33.0,M,,0000*65
$GPGSA,A,3,09,08,27,31,04,21,07,26,16,,,,1.5,0.9,1.2*39
$GPGSV,3,1,11,08,70,177,33,04,63,209,23,27,61,060,35,09,48,293,23*70
$GPGSV,3,2,11,16,36,037,32,07,20,313,31,31,15,108,27,26,11,060,21*72
$GPGSV,3,3,11,21,11,162,21,02,04,174,,03,03,205,*4F
$GPRMC,131505.000,A,2632.7948,N,07703.1351,W,0.07,156.76,280324,,,A*76
$GPVTG,156.76,T,,M,0.07,N,0.1,K,A*08
$GPGGA,131510.000,2632.7940,N,07703.1346,W,1,09,0.9,4.9,M,-33.0,M,,0000*65
$GPGSA,A,3,09,08,27,31,04,21,07,26,16,,,,1.5,0.9,1.2*39
$GPGSV,3,1,11,08,70,177,33,04,63,209,24,27,61,060,35,09,48,293,24*70
$GPGSV,3,2,11,16,36,037,33,07,20,313,31,31,15,108,24,26,11,060,20*71
$GPGSV,3,3,11,21,11,162,21,02,04,174,,03,03,205,*4F
$GPRMC,131510.000,A,2632.7940,N,07703.1346,W,0.53,122.62,280324,,,A*7B
$GPVTG,122.62,T,,M,0.53,N,1.0,K,A*0F
$GPGGA,131515.000,2632.7941,N,07703.1346,W,1,09,0.9,5.5,M,-33.0,M,,0000*6C
$GPGSA,A,3,09,08,27,31,04,21,07,26,16,,,,1.5,0.9,1.2*39
$GPGSV,3,1,11,08,71,177,33,04,63,209,24,27,61,059,35,09,48,293,23*7C
$GPGSV,3,2,11,16,35,037,31,07,20,313,31,31,15,108,25,26,11,060,20*71
$GPGSV,3,3,11,21,11,162,21,02,05,174,,03,03,204,*4F
$GPRMC,131515.000,A,2632.7941,N,07703.1346,W,0.62,42.21,280324,,,A*4D
$GPVTG,42.21,T,,M,0.62,N,1.2,K,A*3F
$GPGGA,131520.000,2632.7936,N,07703.1347,W,1,09,0.9,5.0,M,-33.0,M,,0000*6E
$GPGSA,A,3,09,08,27,31,04,21,07,26,16,,,,1.5,0.9,1.2*39
$GPGSV,3,1,11,08,71,177,34,04,63,209,23,27,61,059,35,09,48,293,23*7C
$GPGSV,3,2,11,16,35,037,31,07,20,313,31,31,15,108,21,26,11,060,21*74
$GPGSV,3,3,11,21,11,162,20,02,05,174,,03,03,204,*4E
$GPVTG,38.96,T,,M,0.16,N,0.3,K,A*3D
$GPGGA,131525.000,2632.7928,N,07703.1330,W,1,09,0.9,4.1,M,-33.0,M,,0000*64
$GPGSA,A,3,09,08,27,31,04,21,07,26,16,,,,1.5,0.9,1.2*39
$GPGSV,3,1,11,08,71,177,34,04,63,209,16,27,61,059,35,09,48,293,24*7D
$GPGSV,3,2,11,16,35,037,31,07,20,313,31,31,15,108,21,26,11,060,21*74
$GPGSV,3,3,11,21,11,162,20,02,05,174,16,03,03,204,*49
$GPRMC,131525.000,A,2632.7928,N,07703.1330,W,0.66,107.78,280324,,,A*78
$GPVTG,107.78,T,,M,0.66,N,1.2,K,A*07
$GPGGA,131530.000,2632.7925,N,07703.1320,W,1,09,0.9,4.2,M,-33.0,M,,0000*6F
$GPGSA,A,3,09,08,27,31,04,21,07,26,16,,,,1.5,0.9,1.2*39
$GPGSV,3,1,11,08,71,177,34,04,63,209,19,27,61,059,36,09,48,293,24*71
$GPGSV,3,2,11,16,35,037,31,07,20,313,31,31,15,108,21,26,11,060,22*77
$GPGSV,3,3,11,21,11,162,19,02,05,174,16,03,03,204,*43
$GPRMC,131530.000,A,2632.7925,N,07703.1320,W,0.23,87.74,280324,,,A*44
$GPVTG,87.74,T,,M,0.23,N,0.4,K,A*34
$GPGGA,131535.000,2632.7923,N,07703.1318,W,1,09,0.9,4.4,M,-33.0,M,,0000*61
$GPGSA,A,3,09,08,27,31,04,21,07,26,16,,,,1.5,0.9,1.2*39
$GPGSV,3,1,11,08,71,177,34,04,63,209,21,27,61,059,36,09,48,293,24*7A
$GPGSV,3,2,11,16,35,037,32,07,20,313,31,31,15,108,21,26,11,060,22*74
$GPGSV,3,3,11,21,11,162,19,02,05,174,18,03,03,204,*4D
$GPRMC,131535.000,A,2632.7923,N,07703.1318,W,0.27,147.48,280324,,,A*7A
$GPVTG,147.48,T,,M,0.27,N,0.5,K,A*03
$GPGGA,131540.000,2632.7920,N,07703.1321,W,1,08,1.0,4.5,M,-33.0,M,,0000*62
$GPGSA,A,3,08,27,31,04,21,07,26,16,,,,,1.6,1.0,1.2*3B
$GPGSV,3,1,11,08,71,177,34,04,63,209,22,27,61,059,36,09,48,293,*7F
$GPGSV,3,2,11,16,35,037,32,07,20,313,31,31,15,108,21,26,11,060,23*75
$GPGSV,3,3,11,21,11,162,17,02,05,174,18,03,03,204,*43
$GPRMC,131540.000,A,2632.7920,N,07703.1321,W,0.34,149.23,280324,,,A*70
$GPVTG,149.23,T,,M,0.34,N,0.6,K,A*01
$GPGGA,131545.000,2632.7927,N,07703.1332,W,1,09,0.9,6.6,M,-33.0,M,,0000*6A
$GPGSA,A,3,09,08,27,31,04,21,07,26,16,,,,1.5,0.9,1.2*39
$GPGSV,3,1,11,08,71,177,35,04,63,209,22,27,61,059,36,09,48,293,21*7D
$GPGSV,3,2,11,16,35,037,33,07,20,313,32,31,15,108,22,26,11,060,23*74
$GPGSV,3,3,11,21,11,162,16,02,05,174,18,03,03,204,*42
$GPRMC,131545.000,A,2632.7927,N,07703.1332,W,0.10,238.88,280324,,,A*72
$GPVTG,238.88,T,,M,0.10,N,0.2,K,A*07
$GPGGA,131550.000,2632.7933,N,07703.1339,W,1,08,1.0,7.0,M,-33.0,M,,0000*6E
$GPGSA,A,3,08,27,31,04,21,07,26,16,,,,,1.6,1.0,1.2*3B
$GPGSV,3,1,11,08,71,177,35,04,63,209,23,27,61,059,36,09,48,293,*7F
$GPGSV,3,2,11,16,35,037,33,07,20,313,32,31,15,108,23,26,11,060,22*74
$GPGSV,3,3,11,21,11,162,17,02,05,174,19,03,03,204,*42
$GPVTG,105.65,T,,M,0.09,N,0.2,K,A*01
$GPGGA,131555.000,2632.7930,N,07703.1344,W,1,09,0.9,5.8,M,-33.0,M,,0000*61
$GPGSA,A,3,09,08,27,31,04,21,07,26,16,,,,1.5,0.9,1.2*39
$GPGSV,3,1,11,08,71,177,35,04,63,209,23,27,61,059,36,09,48,293,25*78
$GPGSV,3,2,11,16,35,037,34,07,20,313,32,31,15,108,24,26,11,060,22*74
$GPGSV,3,3,11,21,11,162,18,02,05,174,20,03,03,204,*47
$GPRMC,131555.000,A,2632.7930,N,07703.1344,W,0.51,156.74,280324,,,A*79
$GPVTG,156.74,T,,M,0.51,N,0.9,K,A*01
$GPGGA,131600.000,2632.7925,N,07703.1340,W,1,09,0.9,4.0,M,-33.0,M,,0000*6B
$GPGSA,A,3,09,08,27,31,04,21,07,26,16,,,,1.5,0.9,1.2*39
$GPGSV,3,1,11,08,71,177,34,04,63,209,23,27,61,059,36,09,48,293,26*7A
$GPGSV,3,2,11,16,35,037,34,07,20,313,32,31,15,108,23,26,11,060,21*70
$GPGSV,3,3,11,21,11,162,17,02,05,174,20,03,03,204,*48
$GPRMC,131600.000,A,2632.7925,N,07703.1340,W,0.21,94.49,280324,,,A*4C
$GPVTG,94.49,T,,M,0.21,N,0.4,K,A*3A
$GPGGA,131605.000,2632.7925,N,07703.1334,W,1,09,0.9,3.3,M,-33.0,M,,0000*69
$GPGSA,A,3,09,08,27,31,04,21,07,26,16,,,,1.5,0.9,1.2*39
$GPGSV,3,1,11,08,71,177,34,04,63,209,23,27,61,059,36,09,48,293,26*7A
$GPGSV,3,2,11,16,35,037,34,07,20,313,32,31,15,108,24,26,11,060,21*77
$GPGSV,3,3,11,21,11,162,16,02,05,174,19,03,03,204,*43
$GPRMC,131605.000,A,2632.7925,N,07703.1334,W,0.22,141.37,280324,,,A*79
$GPVTG,141.37,T,,M,0.22,N,0.4,K,A*09
$GPGGA,131610.000,2632.7927,N,07703.1333,W,1,08,1.2,3.1,M,-33.0,M,,0000*61
$GPGSA,A,3,09,08,27,31,04,07,26,16,,,,,2.0,1.2,1.6*32
$GPGSV,3,1,11,08,71,177,34,04,63,209,23,27,61,059,36,09,48,293,27*7B
$GPGSV,3,2,11,16,35,037,34,07,20,313,31,31,15,108,24,26,11,060,22*77
$GPGSV,3,3,11,21,11,162,,02,05,174,20,03,03,204,*4E
$GPRMC,131610.000,A,2632.7927,N,07703.1333,W,0.10,97.66,280324,,,A*47
$GPVTG,97.66,T,,M,0.10,N,0.2,K,A*30
$GPGGA,131615.000,2632.7929,N,07703.1334,W,1,09,0.9,3.7,M,-33.0,M,,0000*60
$GPGSA,A,3,09,08,27,31,04,21,07,26,16,,,,1.5,0.9,1.2*39
$GPGSV,3,1,11,08,71,177,28,04,63,209,20,27,61,059,37,09,48,293,27*74
$GPGSV,3,2,11,16,35,037,34,07,20,313,31,31,15,108,25,26,11,060,23*77
$GPRMC,131615.000,A,2632.7929,N,07703.1334,W,0.34,184.66,280324,,,A*7E
$GPVTG,184.66,T,,M,0.34,N,0.6,K,A*01
$GPGGA,131620.000,2632.7932,N,07703.1349,W,1,09,0.9,5.0,M,-33.0,M,,0000*67
$GPGSA,A,3,09,08,27,31,04,21,07,26,16,,,,1.5,0.9,1.2*39
$GPGSV,3,1,11,08,71,177,28,04,63,209,19,27,61,059,37,09,48,293,27*7E
$GPGSV,3,2,11,16,35,037,35,07,20,313,30,31,15,108,26,26,11,060,23*74
$GPGSV,3,3,11,21,11,162,19,02,05,174,19,03,03,204,*4C
$GPRMC,131620.000,A,2632.7932,N,07703.1349,W,0.58,170.55,280324,,,A*79
$GPGGA,131625.000,2632.7925,N,07703.1363,W,1,09,0.9,5.2,M,-33.0,M,,0000*6E
$GPGSA,A,3,09,08,27,31,04,21,07,26,16,,,,1.5,0.9,1.2*39
$GPGSV,3,1,11,08,71,177,27,04,63,209,13,27,61,059,37,09,48,293,26*7A
$GPGSV,3,2,11,16,35,037,34,07,20,313,30,31,15,108,26,26,11,060,23*75
$GPGSV,3,3,11,21,11,162,19,02,05,174,20,03,03,204,*46
$GPRMC,131625.000,A,2632.7925,N,07703.1363,W,0.04,301.60,280324,,,A*79
$GPVTG,301.60,T,,M,0.04,N,0.1,K,A*0C
$GPGGA,131630.000,2632.7931,N,07703.1365,W,1,08,1.0,6.4,M,-33.0,M,,0000*65
$GPGSA,A,3,09,08,27,31,21,07,26,16,,,,,1.6,1.0,1.3*37
$GPGSV,3,1,11,08,71,177,25,04,63,209,,27,61,059,38,09,48,293,26*75
$GPGSV,3,2,11,16,35,037,34,07,20,313,30,31,15,108,25,26,11,060,23*76
$GPGSV,3,3,11,21,11,162,19,02,05,174,18,03,03,204,*4D
$GPRMC,131630.000,A,2632.7931,N,07703.1365,W,0.28,55.13,280324,,,A*46
$GPVTG,55.13,T,,M,0.28,N,0.5,K,A*30
$GPGGA,131635.000,2632.7931,N,07703.1370,W,1,08,1.0,5.3,M,-33.0,M,,0000*60
$GPGSA,A,3,09,08,27,31,21,07,26,16,,,,,1.6,1.0,1.3*37
$GPGSV,3,1,11,08,71,177,26,04,63,209,,27,61,059,38,09,48,293,25*75
$GPGSV,3,2,11,16,35,037,34,07,20,313,30,31,15,108,25,26,11,060,23*76
$GPGSV,3,3,11,21,11,162,19,02,05,174,18,03,03,204,*4D
$GPRMC,131635.000,A,2632.7931,N,07703.1370,W,0.20,136.46,280324,,,A*7B
$GPVTG,136.46,T,,M,0.20,N,0.4,K,A*0D
$GPGGA,131640.000,2632.7928,N,07703.1372,W,1,08,1.0,5.3,M,-33.0,M,,0000*68
$GPGSA,A,3,09,08,27,31,21,07,26,16,,,,,1.6,1.0,1.3*37
$GPGSV,3,1,11,08,71,177,27,04,63,209,,27,61,059,38,09,48,293,26*77
$GPGSV,3,2,11,16,35,037,33,07,20,313,30,31,15,108,23,26,11,060,23*77
$GPGSV,3,3,11,21,11,162,20,02,05,174,18,03,03,204,*47
$GPRMC,131640.000,A,2632.7928,N,07703.1372,W,0.58,176.15,280324,,,A*7E
$GPVTG,176.15,T,,M,0.58,N,1.1,K,A*04
$GPGGA,131645.000,2632.7922,N,07703.1372,W,1,08,1.0,4.4,M,-33.0,M,,0000*61
$GPGSA,A,3,09,08,27,31,21,07,26,16,,,,,1.6,1.0,1.3*37
$GPGSV,3,1,11,08,71,177,27,04,63,209,,27,61,059,38,09,48,293,26*77
$GPGSV,3,2,11,16,35,037,33,07,20,313,30,31,15,108,23,26,11,060,23*77
$GPGSV,3,3,11,21,11,162,20,02,05,174,18,03,03,204,*47
$GPVTG,176.39,T,,M,0.27,N,0.5,K,A*07
$GPGGA,131650.000,2632.7927,N,07703.1370,W,1,08,1.0,4.9,M,-33.0,M,,0000*6F
$GPGSA,A,3,09,08,27,31,21,07,26,16,,,,,1.6,1.0,1.3*37
$GPGSV,3,1,11,08,71,177,27,04,63,209,,27,61,059,38,09,48,293,25*74
$GPGSV,3,2,11,16,35,037,33,07,20,313,30,31,15,108,24,26,11,060,23*70
$GPGSV,3,3,11,21,11,162,19,02,05,174,,03,03,204,*44
$GPRMC,131650.000,A,2632.7927,N,07703.1370,W,0.34,67.17,280324,,,A*4B
$GPVTG,67.17,T,,M,0.34,N,0.6,K,A*3B
$GPGGA,131655.000,2632.7930,N,07703.1361,W,1,08,1.0,5.5,M,-33.0,M,,0000*61
$GPGSA,A,3,09,08,27,31,21,07,26,16,,,,,1.6,1.0,1.3*37
$GPGSV,3,1,11,08,71,177,27,04,63,209,,27,61,059,38,09,48,293,25*74
$GPGSV,3,2,11,16,35,037,32,07,20,313,30,31,15,108,25,26,11,060,23*70
$GPGSV,3,3,11,21,11,162,19,02,05,174,,03,03,204,*44
$GPRMC,131655.000,A,2632.7930,N,07703.1361,W,0.46,7.60,280324,,,A*7B
$GPVTG,7.60,T,,M,0.46,N,0.8,K,A*06
$GPGGA,131700.000,2632.7934,N,07703.1359,W,1,08,1.0,5.4,M,-33.0,M,,0000*6E
$GPGSA,A,3,09,08,27,31,21,07,26,16,,,,,1.6,1.0,1.3*37
$GPGSV,3,1,11,08,71,177,27,04,63,209,,27,61,059,38,09,48,293,25*74
$GPGSV,3,2,11,16,35,037,32,07,20,313,30,31,15,108,26,26,11,060,23*73
$GPGSV,3,3,11,21,11,162,18,02,05,174,,03,03,204,*45
$GPRMC,131700.000,A,2632.7934,N,07703.1359,W,0.12,16.20,280324,,,A*40
$GPVTG,16.20,T,,M,0.12,N,0.2,K,A*39
$GPGGA,131705.000,2632.7935,N,07703.1352,W,1,09,0.9,5.5,M,-33.0,M,,0000*69
$GPGSA,A,3,09,08,27,31,04,21,07,26,16,,,,1.6,0.9,1.2*3A
$GPGSV,3,1,11,08,71,177,25,04,63,209,15,27,61,059,38,09,48,293,24*73
$GPGSV,3,2,11,16,35,037,32,07,20,313,30,31,15,108,26,26,11,060,22*72
$GPGSV,3,3,11,21,11,162,18,02,05,174,,03,03,204,*45
$GPRMC,131705.000,A,2632.7935,N,07703.1352,W,0.39,31.93,280324,,,A*4B
$GPVTG,31.93,T,,M,0.39,N,0.7,K,A*38
$GPGGA,131710.000,2632.7941,N,07703.1348,W,1,09,0.9,5.9,M,-33.0,M,,0000*69
$GPGSA,A,3,09,08,27,31,04,21,07,26,16,,,,1.6,0.9,1.2*3A
$GPGSV,3,1,11,08,71,177,34,04,63,209,18,27,61,059,38,09,48,293,23*79
$GPGSV,3,2,11,16,35,037,32,07,20,313,30,31,15,108,23,26,11,060,22*77
$GPRMC,131710.000,A,2632.7941,N,07703.1348,W,0.30,103.08,280324,,,A*7C
$GPVTG,103.08,T,,M,0.30,N,0.6,K,A*02
$GPGGA,131715.000,2632.7941,N,07703.1346,W,1,09,0.9,5.9,M,-33.0,M,,0000*62
$GPGSA,A,3,09,08,27,31,04,21,07,26,16,,,,1.6,0.9,1.2*3A
$GPGSV,3,1,11,08,72,176,33,04,62,208,19,27,60,058,38,09,48,292,23*7C
$GPGSV,3,2,11,16,35,038,32,07,21,314,30,31,14,109,23,21,12,162,19*71
$GPGSV,3,3,11,26,11,061,21,02,05,173,,03,02,204,*4C
$GPRMC,131715.000,A,2632.7941,N,07703.1346,W,0.45,136.45,280324,,,A*7A
$GPGGA,131720.000,2632.7939,N,07703.1346,W,1,09,0.9,5.6,M,-33.0,M,,0000*64
$GPGSA,A,3,09,08,27,31,04,21,07,26,16,,,,1.6,0.9,1.2*3A
$GPGSV,3,1,11,08,72,176,33,04,62,208,20,27,60,058,38,09,48,292,22*77
$GPGSV,3,2,11,16,35,038,33,07,21,314,30,31,14,109,23,21,12,162,19*70
$GPGSV,3,3,11,26,11,061,22,02,05,173,,03,02,204,*4F
$GPRMC,131720.000,A,2632.7939,N,07703.1346,W,0.25,112.41,280324,,,A*77
$GPVTG,112.41,T,,M,0.25,N,0.5,K,A*08
$GPGGA,131725.000,2632.7941,N,07703.1343,W,1,09,0.9,6.7,M,-33.0,M,,0000*69
$GPGSA,A,3,09,08,27,31,04,21,07,26,16,,,,1.6,0.9,1.2*3A
$GPGSV,3,1,11,08,72,176,33,04,62,208,20,27,60,058,38,09,48,292,23*76
$GPGSV,3,2,11,16,35,038,33,07,21,314,30,31,14,109,22,21,12,162,19*71
$GPGSV,3,3,11,26,11,061,21,02,05,173,,03,02,204,*4C
$GPRMC,131725.000,A,2632.7941,N,07703.1343,W,0.33,7.39,280324,,,A*75
$GPVTG,7.39,T,,M,0.33,N,0.6,K,A*06
$GPGGA,131730.000,2632.7942,N,07703.1350,W,1,09,0.9,7.6,M,-33.0,M,,0000*6C
$GPGSA,A,3,09,08,27,31,04,21,07,26,16,,,,1.6,0.9,1.2*3A
$GPGSV,3,1,11,08,72,176,33,04,62,208,19,27,60,058,38,09,48,292,22*7D
$GPGSV,3,2,11,16,35,038,34,07,21,314,30,31,14,109,22,21,12,162,20*7C
$GPGSV,3,3,11,26,11,061,22,02,05,173,20,03,02,204,*4D
$GPRMC,131730.000,A,2632.7942,N,07703.1350,W,0.20,85.39,280324,,,A*48
$GPVTG,85.39,T,,M,0.20,N,0.4,K,A*3C
$GPGGA,131735.000,2632.7940,N,07703.1344,W,1,09,0.9,5.9,M,-33.0,M,,0000*63
$GPGSA,A,3,09,08,27,31,04,21,07,26,16,,,,1.6,0.9,1.2*3A
$GPGSV,3,1,11,08,72,176,33,04,62,208,19,27,60,058,38,09,48,292,22*7D
$GPGSV,3,2,11,16,35,038,34,07,21,314,30,31,14,109,16,21,12,162,20*7B
$GPGSV,3,3,11,26,11,061,22,02,05,173,18,03,02,204,*46
$GPRMC,131735.000,A,2632.7940,N,07703.1344,W,1.00,158.69,280324,,,A*7D
$GPVTG,158.69,T,,M,1.00,N,1.9,K,A*07
$GPGGA,131740.000,2632.7936,N,07703.1343,W,1,09,0.9,6.2,M,-33.0,M,,0000*6F
$GPGSA,A,3,09,08,27,31,04,21,07,26,16,,,,1.6,0.9,1.2*3A
$GPGSV,3,1,11,08,72,176,34,04,62,208,20,27,60,058,38,09,48,292,22*70
$GPGSV,3,2,11,16,35,038,34,07,21,314,29,31,14,109,16,21,12,162,20*73
$GPGSV,3,3,11,26,11,061,23,02,05,173,19,03,02,204,*46
$GPVTG,125.04,T,,M,0.18,N,0.3,K,A*05
$GPGGA,131745.000,2632.7935,N,07703.1342,W,1,09,0.9,6.3,M,-33.0,M,,0000*69
$GPGSA,A,3,09,08,27,31,04,21,07,26,16,,,,1.6,0.9,1.2*3A
$GPGSV,3,1,11,08,72,176,34,04,62,208,19,27,60,057,38,09,49,291,22*77
$GPGSV,3,2,11,16,35,038,34,07,21,314,29,31,14,109,16,21,12,162,19*79
$GPGSV,3,3,11,26,11,061,23,02,05,173,20,03,02,204,*4C
$GPRMC,131745.000,A,2632.7935,N,07703.1342,W,0.91,165.50,280324,,,A*73
$GPVTG,165.50,T,,M,0.91,N,1.7,K,A*04
$GPGGA,131750.000,2632.7935,N,07703.1355,W,1,09,0.9,6.7,M,-33.0,M,,0000*6F
$GPGSA,A,3,09,08,27,31,04,21,07,26,16,,,,1.6,0.9,1.2*3A
$GPGSV,3,1,11,08,72,176,34,04,62,208,19,27,60,057,38,09,49,291,21*74
$GPGSV,3,2,11,16,35,038,34,07,21,314,29,31,14,109,15,21,12,162,19*7A
$GPGSV,3,3,11,26,11,061,23,02,05,173,21,03,02,204,*4D
$GPRMC,131750.000,A,2632.7935,N,07703.1355,W,0.44,228.68,280324,,,A*78
$GPVTG,228.68,T,,M,0.44,N,0.8,K,A*03
$GPGGA,131755.000,2632.7933,N,07703.1365,W,1,09,0.9,5.9,M,-33.0,M,,0000*62
$GPGSA,A,3,09,08,27,31,04,21,07,26,16,,,,1.6,0.9,1.2*3A
$GPGSV,3,1,11,08,72,176,34,04,62,208,18,27,60,057,36,09,49,291,21*7B
$GPGSV,3,2,11,16,35,038,28,07,21,314,23,31,14,109,16,21,12,162,19*7E
$GPGSV,3,3,11,26,11,061,22,02,05,173,21,03,02,204,*4C
$GPRMC,131755.000,A,2632.7933,N,07703.1365,W,0.03,208.92,280324,,,A*7C
$GPVTG,208.92,T,,M,0.03,N,0.0,K,A*0F
$GPGGA,131800.000,2632.7940,N,07703.1364,W,1,09,0.9,4.2,M,-33.0,M,,0000*62
$GPGSA,A,3,09,08,27,31,04,21,07,26,16,,,,1.6,0.9,1.2*3A
$GPGSV,3,1,11,08,72,176,30,04,62,208,18,27,60,057,39,09,49,291,18*7A
$GPGSV,3,2,11,16,35,038,32,07,21,314,24,31,14,109,17,21,12,162,18*72
$GPGSV,3,3,11,26,11,061,21,02,05,173,22,03,02,204,*4C
$GPRMC,131800.000,A,2632.7940,N,07703.1364,W,0.64,122.37,280324,,,A*73
$GPVTG,122.37,T,,M,0.64,N,1.2,K,A*09
$GPGGA,131805.000,2632.7941,N,07703.1355,W,1,08,1.0,5.6,M,-33.0,M,,0000*68
$GPGSA,A,3,09,08,27,31,21,07,26,16,,,,,1.6,1.0,1.3*37
$GPGSV,3,1,11,08,72,176,30,04,62,208,,27,60,057,27,09,49,291,21*76
$GPGSV,3,2,11,16,35,038,32,07,21,314,25,31,14,109,18,21,12,162,18*7C
$GPGSV,3,3,11,26,11,061,18,02,05,173,23,03,02,204,*47
$GPRMC,131805.000,A,2632.7941,N,07703.1355,W,0.21,219.41,280324,,,A*7E
$GPVTG,219.41,T,,M,0.21,N,0.4,K,A*05
$GPGGA,131810.000,2632.7942,N,07703.1354,W,1,08,1.0,7.8,M,-33.0,M,,0000*62
$GPGSA,A,3,09,08,27,31,21,07,26,16,,,,,1.6,1.0,1.3*37
$GPGSV,3,1,11,08,72,176,29,04,62,208,,27,60,057,28,09,49,291,22*72
$GPGSV,3,2,11,16,35,038,33,07,21,314,27,31,14,109,20,21,12,162,18*74
$GPGSV,3,3,11,26,11,061,16,02,05,173,24,03,02,204,*4E
$GPVTG,282.70,T,,M,0.38,N,0.7,K,A*0E
$GPGGA,131815.000,2632.7938,N,07703.1353,W,1,08,1.0,7.3,M,-33.0,M,,0000*66
$GPGSA,A,3,09,08,27,31,21,07,26,16,,,,,1.6,1.0,1.3*37
$GPGSV,3,1,11,08,72,176,28,04,61,207,,27,60,057,27,09,49,291,23*71
$GPGSV,3,2,11,16,34,038,33,07,21,314,27,31,14,109,21,21,12,161,18*77
$GPGSV,3,3,11,26,10,061,16,02,06,173,24,03,02,203,*4B
$GPRMC,131815.000,A,2632.7938,N,07703.1353,W,0.28,13.50,280324,,,A*46
$GPVTG,13.50,T,,M,0.28,N,0.5,K,A*35
$GPGGA,131820.000,2632.7935,N,07703.1349,W,1,08,1.0,6.4,M,-33.0,M,,0000*60
$GPGSA,A,3,09,08,27,31,21,07,26,16,,,,,1.6,1.0,1.3*37
$GPGSV,3,1,11,08,72,176,28,04,61,207,,27,60,057,27,09,49,291,23*71
$GPGSV,3,2,11,16,34,038,33,07,21,314,27,31,14,109,20,21,12,161,17*79
$GPGSV,3,3,11,26,10,061,14,02,06,173,24,03,02,203,*49
$GPRMC,131820.000,A,2632.7935,N,07703.1349,W,0.30,316.49,280324,,,A*71
$GPVTG,316.49,T,,M,0.30,N,0.6,K,A*01
$GPGGA,131825.000,2632.7923,N,07703.1354,W,1,07,1.3,0.1,M,-33.0,M,,0000*61
$GPGSA,A,3,09,08,27,31,04,07,16,,,,,,2.1,1.3,1.7*37
$GPGSV,3,1,11,08,72,176,29,04,61,207,17,27,60,057,29,09,49,291,24*7F
$GPGSV,3,2,11,16,34,038,33,07,21,314,27,31,14,109,20,21,12,161,*7F
$GPGSV,3,3,11,26,10,061,,02,06,173,24,03,02,203,*4C
$GPRMC,131825.000,A,2632.7923,N,07703.1354,W,0.22,161.33,280324,,,A*73
$GPVTG,161.33,T,,M,0.22,N,0.4,K,A*0F
$GPGGA,131830.000,2632.7915,N,07703.1360,W,1,06,1.2,-2.5,M,-33.0,M,,0000*4C
$GPGSA,A,3,08,27,04,21,07,16,,,,,,,1.9,1.2,1.5*37
$GPGSV,3,1,11,08,72,176,29,04,61,207,17,27,60,057,37,09,49,291,07*71
$GPGSV,3,2,11,16,34,038,32,07,21,314,21,31,14,109,10,21,12,161,19*73
$GPGSV,3,3,11,26,10,061,,02,06,173,25,03,02,203,*4D
$GPRMC,131830.000,A,2632.7915,N,07703.1360,W,0.32,205.49,280324,,,A*78
$GPVTG,205.49,T,,M,0.32,N,0.6,K,A*00
$GPGGA,131835.000,2632.7926,N,07703.1366,W,1,06,1.2,-2.5,M,-33.0,M,,0000*4F
$GPGSA,A,3,08,27,04,21,07,16,,,,,,,1.9,1.2,1.5*37
$GPGSV,3,1,11,08,72,176,28,04,61,207,17,27,60,057,37,09,49,291,*77
$GPGSV,3,2,11,16,34,038,32,07,21,314,26,31,14,109,,21,12,161,20*7F
$GPGSV,3,3,11,26,10,061,,02,06,173,25,03,02,203,*4D
$GPVTG,274.70,T,,M,0.19,N,0.4,K,A*07
$GPGGA,131840.000,2632.7931,N,07703.1366,W,1,07,1.1,2.8,M,-33.0,M,,0000*69
$GPGSA,A,3,31,08,27,04,21,07,16,,,,,,1.7,1.1,1.3*3E
$GPGSV,3,1,11,08,72,176,23,04,61,207,18,27,60,057,36,09,49,291,*72
$GPGSV,3,2,11,16,34,038,31,07,21,314,26,31,14,109,14,21,12,161,20*79
$GPGSV,3,3,11,26,10,061,,02,06,173,25,03,02,203,*4D
$GPRMC,131840.000,A,2632.7931,N,07703.1366,W,0.71,37.21,280324,,,A*45
$GPVTG,37.21,T,,M,0.71,N,1.3,K,A*3E
$GPGGA,131845.000,2632.7942,N,07703.1369,W,1,07,1.1,6.0,M,-33.0,M,,0000*6B
$GPGSA,A,3,31,08,27,04,21,07,16,,,,,,1.7,1.1,1.3*3E
$GPGSV,3,1,11,08,73,175,24,04,61,207,18,27,60,056,37,09,49,291,*77
$GPGSV,3,2,11,16,34,038,30,07,21,314,26,31,14,109,15,21,12,161,19*73
$GPGSV,3,3,11,26,10,061,,02,06,173,24,03,02,203,*4C
$GPRMC,131845.000,A,2632.7942,N,07703.1369,W,0.42,244.52,280324,,,A*79
$GPVTG,244.52,T,,M,0.42,N,0.8,K,A*06
$GPGGA,131850.000,2632.7938,N,07703.1380,W,1,07,1.1,6.3,M,-33.0,M,,0000*66
$GPGSA,A,3,31,08,27,04,21,07,16,,,,,,1.7,1.1,1.3*3E
$GPGSV,3,1,11,08,73,175,27,04,61,207,19,27,60,056,37,09,49,291,*75
$GPGSV,3,2,11,16,34,038,28,07,21,314,26,31,14,109,17,21,12,161,18*79
$GPGSV,3,3,11,26,10,061,,02,06,173,21,03,02,203,*49
$GPRMC,131850.000,A,2632.7938,N,07703.1380,W,0.68,155.89,280324,,,A*7A
$GPVTG,155.89,T,,M,0.68,N,1.3,K,A*01
$GPGGA,131855.000,2632.7940,N,07703.1368,W,1,08,1.0,6.3,M,-33.0,M,,0000*64
$GPGSA,A,3,31,08,27,26,04,21,07,16,,,,,1.6,1.0,1.3*3A
$GPGSV,3,1,11,08,73,175,28,04,61,207,20,27,60,056,26,09,49,291,*70
$GPGSV,3,2,11,16,34,038,28,07,21,314,25,31,14,109,18,21,12,161,18*75
$GPGSV,3,3,11,26,10,061,13,02,06,173,20,03,02,203,*4A
$GPRMC,131855.000,A,2632.7940,N,07703.1368,W,0.64,68.12,280324,,,A*47
$GPVTG,68.12,T,,M,0.64,N,1.2,K,A*31
$GPGGA,131900.000,2632.7953,N,07703.1361,W,1,08,1.0,5.7,M,-33.0,M,,0000*69
$GPGSA,A,3,31,08,27,04,21,07,09,16,,,,,1.7,1.0,1.3*36
$GPGSV,3,1,11,08,73,175,28,04,61,207,20,27,60,056,28,09,49,291,15*7A
$GPGSV,3,2,11,16,34,038,28,07,21,314,26,31,14,109,17,21,12,161,17*76
$GPGSV,3,3,11,26,10,061,,02,06,173,25,03,02,203,*4D
$GPRMC,131900.000,A,2632.7953,N,07703.1361,W,0.64,81.60,280324,,,A*4F
$GPVTG,81.60,T,,M,0.64,N,1.2,K,A*33
$GPGGA,131905.000,2632.7954,N,07703.1348,W,1,07,1.1,1.9,M,-33.0,M,,0000*64
$GPGSA,A,3,08,27,04,21,07,09,16,,,,,,1.8,1.1,1.4*3D
$GPGSV,3,1,11,08,73,175,26,04,61,207,19,27,60,056,29,09,49,291,16*7C
$GPGSV,3,2,11,16,34,038,28,07,21,314,27,31,14,109,,21,12,161,16*70
$GPGSV,3,3,11,26,10,061,,02,06,173,15,03,02,203,*4E
$GPVTG,51.74,T,,M,0.60,N,1.1,K,A*3C
$GPGGA,131910.000,2632.7948,N,07703.1354,W,1,07,1.1,1.2,M,-33.0,M,,0000*6B
$GPGSA,A,3,08,27,04,21,07,09,16,,,,,,1.8,1.1,1.4*3D
$GPGSV,3,1,11,08,73,175,26,04,61,207,19,27,60,056,20,09,49,291,17*74
$GPGSV,3,2,11,16,34,038,28,07,21,314,27,31,14,109,,21,12,161,15*73
$GPGSV,3,3,11,26,10,061,,02,06,173,14,03,02,203,*4F
$GPRMC,131910.000,A,2632.7948,N,07703.1354,W,0.53,281.40,280324,,,A*76
$GPVTG,281.40,T,,M,0.53,N,1.0,K,A*05
$GPGGA,131915.000,2632.7943,N,07703.1369,W,1,06,1.2,2.0,M,-33.0,M,,0000*68
$GPGSA,A,3,08,27,04,21,07,16,,,,,,,1.9,1.2,1.5*37
$GPGSV,3,1,11,08,73,175,23,04,61,207,18,27,60,056,24,09,49,291,*72
$GPGSV,3,2,11,16,34,038,25,07,21,314,25,31,14,109,,21,12,161,14*7D
$GPGSV,3,3,11,26,10,061,,02,06,173,15,03,02,203,*4E
$GPRMC,131915.000,A,2632.7943,N,07703.1369,W,0.34,35.53,280324,,,A*48
$GPVTG,35.53,T,,M,0.34,N,0.6,K,A*3C
$GPGGA,131920.000,2632.7937,N,07703.1364,W,1,05,4.3,1.8,M,-33.0,M,,0000*6C
$GPGSA,A,3,08,27,04,07,16,,,,,,,,9.1,4.3,8.0*3C
$GPGSV,3,1,11,08,73,175,24,04,61,207,19,27,60,056,24,09,49,291,*74
$GPGSV,3,2,11,16,34,038,25,07,21,314,24,31,14,109,,21,12,161,*79
$GPGSV,3,3,11,26,10,061,,02,06,173,14,03,02,203,*4F
$GPRMC,131920.000,A,2632.7937,N,07703.1364,W,0.91,146.05,280324,,,A*79
$GPVTG,146.05,T,,M,0.91,N,1.7,K,A*05
$GPGGA,131925.000,2632.7935,N,07703.1386,W,1,06,1.2,4.5,M,-33.0,M,,0000*68
$GPGSA,A,3,21,08,27,04,07,16,,,,,,,1.9,1.2,1.5*37
$GPGSV,3,1,11,08,73,175,23,04,61,207,19,27,60,056,27,09,49,291,*70
$GPGSV,3,2,11,16,34,038,24,07,21,314,25,31,14,109,,21,12,161,17*7F
$GPGSV,3,3,11,26,10,061,,02,06,173,15,03,02,203,*4E
$GPRMC,131925.000,A,2632.7935,N,07703.1386,W,0.86,335.13,280324,,,A*75
$GPVTG,335.13,T,,M,0.86,N,1.6,K,A*03
$GPGGA,131930.000,2632.7954,N,07703.1401,W,1,05,1.4,15.5,M,-33.0,M,,0000*56
$GPGSA,A,3,21,08,27,07,16,,,,,,,,2.2,1.4,1.7*3F
$GPGSV,3,1,11,08,73,175,24,04,61,207,18,27,60,056,27,09,49,291,*76
$GPGSV,3,2,11,16,34,038,24,07,21,314,25,31,14,109,,21,12,161,16*7E
$GPGSV,3,3,11,26,10,061,,02,06,173,16,03,02,203,*4D
$GPVTG,332.12,T,,M,0.58,N,1.1,K,A*01
$GPGGA,131935.000,2632.7944,N,07703.1392,W,1,06,1.2,17.4,M,-33.0,M,,0000*59
$GPGSA,A,3,21,08,27,04,07,16,,,,,,,1.9,1.2,1.5*37
$GPGSV,3,1,11,08,73,175,21,04,61,207,17,27,60,056,27,09,49,291,*7C
$GPGSV,3,2,11,16,34,038,25,07,21,314,25,31,14,109,,21,12,161,16*7F
$GPGSV,3,3,11,26,10,061,,02,06,173,18,03,02,203,*43
$GPRMC,131935.000,A,2632.7944,N,07703.1392,W,0.56,249.00,280324,,,A*72
$GPVTG,249.00,T,,M,0.56,N,1.0,K,A*00
$GPGGA,131940.000,2632.7952,N,07703.1399,W,1,06,1.2,16.3,M,-33.0,M,,0000*51
$GPGSA,A,3,21,08,27,04,07,16,,,,,,,1.9,1.2,1.5*37
$GPGSV,3,1,11,08,73,175,21,04,61,207,16,27,60,056,20,09,49,291,*7A
$GPGSV,3,2,11,16,34,038,24,07,21,314,25,31,14,109,,21,12,161,15*7D
$GPGSV,3,3,11,26,10,061,,02,06,173,17,03,02,203,*4C
$GPRMC,131940.000,A,2632.7952,N,07703.1399,W,2.16,354.73,280324,,,A*73
$GPVTG,354.73,T,,M,2.16,N,4.0,K,A*0A
$GPGGA,131945.000,2632.7967,N,07703.1382,W,1,04,1.8,18.0,M,-33.0,M,,0000*5D
$GPGSA,A,3,08,27,07,16,,,,,,,,,2.1,1.8,1.0*34
$GPGSV,3,1,11,08,73,175,21,04,61,207,,27,60,056,28,09,49,291,*75
$GPGSV,3,2,11,16,34,038,32,07,21,314,19,31,14,109,,21,12,161,*71
$GPGSV,3,3,11,26,10,061,,02,06,173,18,03,02,203,*43
$GPRMC,131945.000,A,2632.7967,N,07703.1382,W,1.57,32.97,280324,,,A*45
$GPVTG,32.97,T,,M,1.57,N,2.9,K,A*3A
$GPGGA,131950.000,2632.7951,N,07703.1381,W,1,05,1.5,13.4,M,-33.0,M,,0000*5C
$GPGSA,A,3,31,08,27,07,16,,,,,,,,2.3,1.5,1.7*3E
$GPGSV,3,1,11,08,73,175,21,04,61,207,,27,60,056,27,09,49,291,*7A
$GPGSV,3,2,11,16,34,038,32,07,21,314,26,31,14,109,17,21,12,161,*7B
$GPGSV,3,3,11,26,10,061,,02,06,173,18,03,02,203,*43
$GPRMC,131950.000,A,2632.7951,N,07703.1381,W,0.13,267.12,280324,,,A*79
$GPVTG,267.12,T,,M,0.13,N,0.2,K,A*0D
$GPGGA,131955.000,2632.7961,N,07703.1396,W,1,06,1.4,19.1,M,-33.0,M,,0000*51
$GPGSA,A,3,31,08,27,09,07,16,,,,,,,2.2,1.4,1.7*37
$GPGSV,3,1,11,08,73,175,22,04,61,207,,27,60,056,28,09,49,291,16*71
$GPGSV,3,2,11,16,34,038,28,07,21,314,27,31,14,109,17,21,12,161,*71
$GPGSV,3,3,11,26,10,061,,02,06,173,17,03,02,203,*4C
$GPVTG,338.64,T,,M,1.01,N,1.9,K,A*0F
$GPGGA,132000.000,2632.7954,N,07703.1390,W,1,06,1.4,17.7,M,-33.0,M,,0000*53
$GPGSA,A,3,31,08,27,09,07,16,,,,,,,2.2,1.4,1.7*37
$GPGSV,3,1,11,08,73,175,22,04,61,207,,27,60,056,28,09,49,291,14*73
$GPGSV,3,2,11,16,34,038,28,07,21,314,27,31,14,109,17,21,12,161,*71
$GPGSV,3,3,11,26,10,061,,02,06,173,16,03,02,203,*4D
$GPRMC,132000.000,A,2632.7954,N,07703.1390,W,0.79,162.26,280324,,,A*7E
$GPVTG,162.26,T,,M,0.79,N,1.5,K,A*06
$GPGGA,132005.000,2632.7949,N,07703.1369,W,1,06,1.4,13.7,M,-33.0,M,,0000*58
$GPGSA,A,3,31,08,27,09,07,16,,,,,,,2.2,1.4,1.7*37
$GPGSV,3,1,11,08,73,175,23,04,61,207,,27,60,056,29,09,49,291,16*71
$GPGSV,3,2,11,16,34,038,30,07,21,314,20,31,14,109,16,21,12,161,*7E
$GPGSV,3,3,11,26,10,061,,02,06,173,,03,02,203,*4A
$GPRMC,132005.000,A,2632.7949,N,07703.1369,W,1.40,126.11,280324,,,A*7E
$GPVTG,126.11,T,,M,1.40,N,2.6,K,A*09
$GPGGA,132010.000,2632.7933,N,07703.1360,W,1,06,1.4,11.2,M,-33.0,M,,0000*5F
$GPGSA,A,3,31,08,27,26,07,16,,,,,,,2.1,1.4,1.6*38
$GPGSV,3,1,11,08,73,175,23,04,61,207,,27,60,056,29,09,49,291,17*70
$GPGSV,3,2,11,16,34,038,24,07,21,314,26,31,14,109,15,21,12,161,*7E
$GPGSV,3,3,11,26,10,061,16,02,06,173,,03,02,203,*4D
$GPRMC,132010.000,A,2632.7933,N,07703.1360,W,1.36,144.68,280324,,,A*75
$GPVTG,144.68,T,,M,1.36,N,2.5,K,A*01
$GPGGA,132015.000,2632.7963,N,07703.1350,W,1,06,1.4,9.3,M,-33.0,M,,0000*64
$GPGSA,A,3,31,08,27,26,07,16,,,,,,,2.1,1.4,1.6*38
$GPGSV,3,1,11,08,73,175,24,04,61,207,,27,60,056,29,09,49,291,16*76
$GPGSV,3,2,11,16,34,038,23,07,21,314,26,31,14,109,14,21,12,161,*78
$GPGSV,3,3,11,26,10,061,16,02,06,173,,03,02,203,*4D
$GPRMC,132015.000,A,2632.7963,N,07703.1350,W,1.08,24.52,280324,,,A*45
$GPVTG,24.52,T,,M,1.08,N,2.0,K,A*37
$GPGGA,132020.000,2632.7958,N,07703.1362,W,1,06,2.1,8.7,M,-33.0,M,,0000*68
$GPGSA,A,3,08,27,09,26,07,16,,,,,,,3.1,2.1,2.3*32
$GPGSV,3,1,11,08,73,175,24,04,61,207,,27,60,056,29,09,49,291,16*76
$GPGSV,3,2,11,16,34,038,30,07,21,314,26,31,14,109,,21,12,161,*7F
$GPGSV,3,3,11,26,10,061,16,02,06,173,,03,02,203,*4D
$GPVTG,94.76,T,,M,0.50,N,0.9,K,A*3D
$GPGGA,132025.000,2632.7939,N,07703.1372,W,1,06,2.1,8.6,M,-33.0,M,,0000*6A
$GPGSA,A,3,08,27,09,26,07,16,,,,,,,3.1,2.1,2.3*32
$GPGSV,3,1,11,08,73,175,24,04,61,207,,27,60,056,28,09,49,291,16*77
$GPGSV,3,2,11,16,34,038,29,07,21,314,26,31,14,109,,21,12,161,*77
$GPGSV,3,3,11,26,10,061,16,02,06,173,,03,02,203,*4D
$GPRMC,132025.000,A,2632.7939,N,07703.1372,W,0.89,200.95,280324,,,A*7E
$GPVTG,200.95,T,,M,0.89,N,1.7,K,A*04
$GPGGA,132030.000,2632.7943,N,07703.1375,W,1,06,2.1,7.9,M,-33.0,M,,0000*64
$GPGSA,A,3,08,27,09,26,07,16,,,,,,,3.1,2.1,2.3*32
$GPGSV,3,1,11,08,73,175,23,04,61,207,,27,60,056,28,09,49,291,16*70
$GPGSV,3,2,11,16,34,038,29,07,21,314,26,31,14,109,,21,12,161,*77
$GPGSV,3,3,11,26,10,061,16,02,06,173,,03,02,203,*4D
$GPRMC,132030.000,A,2632.7943,N,07703.1375,W,1.06,149.65,280324,,,A*77
$GPVTG,149.65,T,,M,1.06,N,2.0,K,A*07
$GPGGA,132035.000,2632.7942,N,07703.1351,W,1,06,2.1,4.8,M,-33.0,M,,0000*64
$GPGSA,A,3,08,27,09,26,07,16,,,,,,,3.1,2.1,2.3*32
$GPGSV,3,1,11,08,73,175,24,04,61,207,,27,60,056,29,09,49,291,16*76
$GPGSV,3,2,11,16,34,038,29,07,21,314,26,31,14,109,,21,12,161,*77
$GPGSV,3,3,11,26,10,061,16,02,06,173,,03,02,203,*4D
$GPRMC,132035.000,A,2632.7942,N,07703.1351,W,0.51,189.17,280324,,,A*7F
$GPVTG,189.17,T,,M,0.51,N,1.0,K,A*0E
$GPGGA,132040.000,2632.7926,N,07703.1334,W,1,05,2.1,0.9,M,-33.0,M,,0000*61
$GPGSA,A,3,08,27,26,07,16,,,,,,,,3.2,2.1,2.3*38
$GPGSV,3,1,11,08,73,175,24,04,61,207,,27,60,056,29,09,49,291,16*76
$GPGSV,3,2,11,16,34,038,30,07,21,314,26,31,14,109,,21,12,161,*7F
$GPGSV,3,3,11,26,10,061,16,02,06,173,,03,02,203,*4D
$GPRMC,132040.000,A,2632.7926,N,07703.1334,W,0.84,103.36,280324,,,A*75
$GPVTG,103.36,T,,M,0.84,N,1.6,K,A*01
$GPGGA,132045.000,2632.7929,N,07703.1337,W,1,06,2.1,-0.5,M,-33.0,M,,0000*4A
$GPGSA,A,3,08,27,09,26,07,16,,,,,,,3.1,2.1,2.3*32
$GPGSV,3,1,11,08,73,175,24,04,61,207,,27,60,056,30,09,49,291,16*7E
$GPGSV,3,2,11,16,34,038,30,07,21,314,25,31,14,109,,21,12,161,*7C
$GPGSV,3,3,11,26,10,061,16,02,06,173,,03,02,203,*4D
$GPVTG,159.46,T,,M,0.82,N,1.5,K,A*0C
$GPGGA,132050.000,2632.7915,N,07703.1349,W,1,06,2.1,-0.4,M,-33.0,M,,0000*49
$GPGSA,A,3,08,27,09,26,07,16,,,,,,,3.1,2.1,2.3*32
$GPGSV,3,1,11,08,73,175,24,04,61,207,,27,60,056,30,09,49,291,16*7E
$GPGSV,3,2,11,16,34,038,29,07,21,314,25,31,14,109,,21,12,161,*74
$GPGSV,3,3,11,26,10,061,16,02,06,173,,03,02,203,*4D
$GPRMC,132050.000,A,2632.7915,N,07703.1349,W,0.83,176.53,280324,,,A*78
$GPVTG,176.53,T,,M,0.83,N,1.5,K,A*04
$GPGGA,132055.000,2632.7943,N,07703.1363,W,1,05,2.1,2.4,M,-33.0,M,,0000*6B
$GPGSA,A,3,08,27,26,07,16,,,,,,,,3.2,2.1,2.3*38
$GPGSV,3,1,11,08,73,175,23,04,61,207,,27,60,056,29,09,49,291,*76
$GPGSV,3,2,11,16,34,038,29,07,21,314,25,31,14,109,,21,12,161,*74
$GPGSV,3,3,11,26,10,061,17,02,06,173,,03,02,203,*4C
$GPRMC,132055.000,A,2632.7943,N,07703.1363,W,0.76,7.24,280324,,,A*7B
$GPVTG,7.24,T,,M,0.76,N,1.4,K,A*08
$GPGGA,132100.000,2632.7915,N,07703.1365,W,1,05,2.1,-0.2,M,-33.0,M,,0000*46
$GPGSA,A,3,08,27,26,07,16,,,,,,,,3.2,2.1,2.3*38
$GPGSV,3,1,11,08,73,175,22,04,61,207,,27,60,056,29,09,49,291,*77
$GPGSV,3,2,11,16,34,038,26,07,21,314,25,31,14,109,,21,12,161,*7B
$GPGSV,3,3,11,26,10,061,16,02,06,173,,03,02,203,*4D
$GPRMC,132100.000,A,2632.7915,N,07703.1365,W,0.69,156.81,280324,,,A*7B
$GPVTG,156.81,T,,M,0.69,N,1.3,K,A*0B
$GPGGA,132105.000,2632.7893,N,07703.1367,W,1,04,1.8,0.8,M,-33.0,M,,0000*62
$GPGSA,A,3,08,27,07,16,,,,,,,,,2.1,1.8,1.0*34
$GPGSV,3,1,11,08,73,175,21,04,61,207,,27,60,056,21,09,49,291,*7C
$GPGSV,3,2,11,16,34,038,26,07,21,314,25,31,14,109,,21,12,161,*7B
$GPGSV,3,3,11,26,10,061,,02,06,173,,03,02,203,*4A
$GPRMC,132105.000,A,2632.7893,N,07703.1367,W,0.51,19.87,280324,,,A*44
$GPVTG,19.87,T,,M,0.51,N,0.9,K,A*37
$GPGGA,132110.000,2632.7904,N,07703.1354,W,1,05,4.0,0.9,M,-33.0,M,,0000*64
$GPGSA,A,3,09,08,27,07,16,,,,,,,,7.6,4.0,6.5*30
$GPGSV,3,1,11,08,73,175,22,04,61,207,,27,60,056,27,09,49,291,15*7D
$GPGSV,3,2,11,16,34,038,26,07,21,314,26,31,14,109,,21,12,161,*78
$GPGSV,3,3,11,26,10,061,,02,06,173,,03,02,203,*4A
$GPRMC,132110.000,A,2632.7904,N,07703.1354,W,0.34,112.14,280324,,,A*7C
$GPGGA,132115.000,2632.7915,N,07703.1355,W,1,04,1.8,1.9,M,-33.0,M,,0000*6D
$GPGSA,A,3,08,27,07,16,,,,,,,,,2.1,1.8,1.0*34
$GPGSV,3,1,11,08,73,175,23,04,61,207,,27,60,056,26,09,49,291,*79
$GPGSV,3,2,11,16,34,038,26,07,21,314,26,31,14,109,,21,12,161,*78
$GPGSV,3,3,11,26,10,061,,02,06,173,,03,02,203,*4A
$GPRMC,132115.000,A,2632.7915,N,07703.1355,W,0.43,11.95,280324,,,A*43
$GPVTG,11.95,T,,M,0.43,N,0.8,K,A*3E
$GPGGA,132120.000,2632.7915,N,07703.1354,W,1,04,1.8,2.1,M,-33.0,M,,0000*61
$GPGSA,A,3,08,27,07,16,,,,,,,,,2.1,1.8,1.0*34
$GPGSV,3,1,11,08,73,175,23,04,61,207,,27,60,056,26,09,49,291,*79
$GPGSV,3,2,11,16,34,038,26,07,21,314,26,31,14,109,,21,12,161,*78
$GPGSV,3,3,11,26,10,061,,02,06,173,,03,02,203,*4A
$GPRMC,132120.000,A,2632.7915,N,07703.1354,W,0.35,138.82,280324,,,A*79
$GPVTG,138.82,T,,M,0.35,N,0.7,K,A*0C
$GPGGA,132125.000,2632.7904,N,07703.1355,W,1,04,1.8,1.9,M,-33.0,M,,0000*6E
$GPGSA,A,3,08,27,07,16,,,,,,,,,2.1,1.8,1.0*34
$GPGSV,3,1,11,08,73,175,23,04,61,207,,27,60,056,26,09,49,291,*79
$GPGSV,3,2,11,16,34,038,26,07,21,314,26,31,14,109,,21,12,161,*78
$GPGSV,3,3,11,26,10,061,,02,06,173,,03,02,203,*4A
$GPRMC,132125.000,A,2632.7904,N,07703.1355,W,0.08,75.57,280324,,,A*43
$GPVTG,75.57,T,,M,0.08,N,0.1,K,A*34
$GPGGA,132130.000,2632.7897,N,07703.1359,W,1,04,1.8,1.1,M,-33.0,M,,0000*65
$GPGSA,A,3,08,27,07,16,,,,,,,,,2.1,1.8,1.0*34
$GPGSV,3,1,11,08,73,175,23,04,61,207,,27,60,056,27,09,49,291,*78
$GPGSV,3,2,11,16,34,038,26,07,21,314,26,31,14,109,,21,12,161,*78
$GPGSV,3,3,11,26,10,061,,02,06,173,,03,02,203,*4A
$GPRMC,132130.000,A,2632.7897,N,07703.1359,W,0.64,159.98,280324,,,A*76
$GPVTG,159.98,T,,M,0.64,N,1.2,K,A*00
$GPGGA,132135.000,2632.7904,N,07703.1363,W,1,04,1.8,0.8,M,-33.0,M,,0000*6A
$GPGSA,A,3,08,27,07,16,,,,,,,,,2.1,1.8,1.0*34
$GPGSV,3,1,11,08,73,175,23,04,61,207,,27,60,056,27,09,49,291,*78
$GPGSV,3,2,11,16,34,038,27,07,21,314,26,31,14,109,,21,12,161,*79
$GPGSV,3,3,11,26,10,061,,02,06,173,,03,02,203,*4A
$GPRMC,132135.000,A,2632.7904,N,07703.1363,W,0.15,51.96,280324,,,A*40
$GPGGA,132140.000,2632.7903,N,07703.1375,W,1,04,1.8,0.5,M,-33.0,M,,0000*65
$GPGSA,A,3,08,27,07,16,,,,,,,,,2.1,1.8,1.0*34
$GPGSV,3,1,11,08,73,175,23,04,61,207,,27,60,056,27,09,49,291,*78
$GPGSV,3,2,11,16,34,038,27,07,21,314,26,31,14,109,,21,12,161,*79
$GPGSV,3,3,11,26,10,061,,02,06,173,,03,02,203,*4A
$GPRMC,132140.000,A,2632.7903,N,07703.1375,W,0.57,208.47,280324,,,A*76
$GPVTG,208.47,T,,M,0.57,N,1.1,K,A*06
$GPGGA,132145.000,2632.7894,N,07703.1380,W,1,04,1.8,0.4,M,-33.0,M,,0000*64
$GPGSA,A,3,08,27,07,16,,,,,,,,,2.1,1.8,1.0*34
$GPGSV,3,1,11,08,74,174,23,04,60,205,,27,59,054,26,09,49,288,*7C
$GPGSV,3,2,11,16,33,039,27,07,22,315,26,21,13,160,,31,13,110,*72
$GPGSV,3,3,11,26,10,062,,02,07,172,,03,01,202,*4B
$GPRMC,132145.000,A,2632.7894,N,07703.1380,W,0.82,177.86,280324,,,A*78
$GPVTG,177.86,T,,M,0.82,N,1.5,K,A*0C
$GPGGA,132150.000,2632.7939,N,07703.1377,W,1,04,1.8,10.9,M,-33.0,M,,0000*52
$GPGSA,A,3,08,27,07,16,,,,,,,,,2.1,1.8,1.0*34
$GPGSV,3,1,11,08,74,174,23,04,60,205,,27,59,054,26,09,49,288,*7C
$GPGSV,3,2,11,16,33,039,27,07,22,315,26,21,13,160,,31,13,110,*72
$GPGSV,3,3,11,26,10,062,,02,07,172,,03,01,202,*4B
$GPRMC,132150.000,A,2632.7939,N,07703.1377,W,0.60,46.70,280324,,,A*44
$GPVTG,46.70,T,,M,0.60,N,1.1,K,A*3E
$GPGGA,132155.000,2632.7971,N,07703.1370,W,1,04,1.8,19.7,M,-33.0,M,,0000*5B
$GPGSA,A,3,08,27,07,16,,,,,,,,,2.1,1.8,1.0*34
$GPGSV,3,1,11,08,74,174,23,04,60,205,,27,59,054,25,09,49,288,16*78
$GPGSV,3,2,11,16,33,039,27,07,22,315,26,21,13,160,,31,13,110,*72
$GPGSV,3,3,11,26,10,062,,02,07,172,,03,01,202,*4B
$GPRMC,132155.000,A,2632.7971,N,07703.1370,W,0.49,349.74,280324,,,A*79
$GPVTG,349.74,T,,M,0.49,N,0.9,K,A*04
$GPGGA,132200.000,2632.8000,N,07703.1371,W,1,04,1.8,28.7,M,-33.0,M,,0000*5B
$GPGSA,A,3,08,27,07,16,,,,,,,,,2.1,1.8,1.0*34
$GPGSV,3,1,11,08,74,174,23,04,60,205,,27,59,054,24,09,49,288,16*79
$GPGSV,3,2,11,16,33,039,27,07,22,315,26,21,13,160,,31,13,110,*72
$GPGSV,3,3,11,26,10,062,,02,07,172,,03,01,202,*4B
$GPRMC,132200.000,A,2632.8000,N,07703.1371,W,0.37,22.11,280324,,,A*4F
$GPGGA,132205.000,2632.8015,N,07703.1364,W,1,04,1.8,30.7,M,-33.0,M,,0000*57
$GPGSA,A,3,08,27,07,16,,,,,,,,,2.1,1.8,1.0*34
$GPGSV,3,1,11,08,74,174,23,04,60,205,,27,59,054,24,09,49,288,17*78
$GPGSV,3,2,11,16,33,039,27,07,22,315,26,21,13,160,,31,13,110,*72
$GPGSV,3,3,11,26,10,062,,02,07,172,,03,01,202,*4B
$GPRMC,132205.000,A,2632.8015,N,07703.1364,W,0.67,41.53,280324,,,A*4C
$GPVTG,41.53,T,,M,0.67,N,1.2,K,A*3C
$GPGGA,132210.000,2632.8022,N,07703.1360,W,1,05,4.1,30.0,M,-33.0,M,,0000*59
$GPGSA,A,3,09,08,27,07,16,,,,,,,,7.8,4.1,6.7*3D
$GPGSV,3,1,11,08,74,174,23,04,60,205,,27,59,054,25,09,49,288,17*79
$GPGSV,3,2,11,16,33,039,26,07,22,315,26,21,13,160,,31,13,110,*73
$GPGSV,3,3,11,26,10,062,,02,07,172,,03,01,202,*4B
$GPRMC,132210.000,A,2632.8022,N,07703.1360,W,0.60,359.42,280324,,,A*75
$GPVTG,359.42,T,,M,0.60,N,1.1,K,A*02
$GPGGA,132215.000,2632.8004,N,07703.1376,W,1,04,1.8,29.2,M,-33.0,M,,0000*58
$GPGSA,A,3,08,27,07,16,,,,,,,,,2.1,1.8,1.0*34
$GPGSV,3,1,11,08,74,174,24,04,60,205,,27,59,054,26,09,49,288,18*72
$GPGSV,3,2,11,16,33,039,26,07,22,315,25,21,13,160,,31,13,110,*70
$GPGSV,3,3,11,26,10,062,,02,07,172,,03,01,202,*4B
$GPRMC,132215.000,A,2632.8004,N,07703.1376,W,0.32,222.61,280324,,,A*78
$GPVTG,222.61,T,,M,0.32,N,0.6,K,A*0F
$GPGGA,132220.000,2632.7997,N,07703.1384,W,1,06,1.4,28.6,M,-33.0,M,,0000*54
$GPGSA,A,3,09,08,27,31,07,16,,,,,,,2.2,1.4,1.7*37
$GPGSV,3,1,11,08,74,174,24,04,60,205,,27,59,054,27,09,49,288,19*72
$GPGSV,3,2,11,16,33,039,26,07,22,315,26,21,13,160,,31,13,110,15*77
$GPGSV,3,3,11,26,10,062,,02,07,172,,03,01,202,*4B
$GPRMC,132220.000,A,2632.7997,N,07703.1384,W,1.35,193.93,280324,,,A*7D
$GPVTG,193.93,T,,M,1.35,N,2.5,K,A*0C
$GPGGA,132225.000,2632.7967,N,07703.1372,W,1,06,1.4,18.6,M,-33.0,M,,0000*54
$GPGSA,A,3,09,08,27,31,07,16,,,,,,,2.2,1.4,1.7*37
$GPGSV,3,1,11,08,74,174,24,04,60,205,,27,59,054,27,09,49,288,18*73
$GPGSV,3,2,11,16,33,039,25,07,22,315,26,21,13,160,,31,13,110,15*74
$GPGSV,3,3,11,26,10,062,,02,07,172,,03,01,202,*4B
$GPRMC,132225.000,A,2632.7967,N,07703.1372,W,0.38,79.90,280324,,,A*44
$GPGGA,132230.000,2632.7957,N,07703.1367,W,1,06,1.4,15.8,M,-33.0,M,,0000*54
$GPGSA,A,3,09,08,27,31,07,16,,,,,,,2.2,1.4,1.7*37
$GPGSV,3,1,11,08,74,174,24,04,60,205,,27,59,054,27,09,49,288,18*73
$GPGSV,3,2,11,16,33,039,25,07,22,315,25,21,13,160,,31,13,110,14*76
$GPGSV,3,3,11,26,10,062,,02,07,172,,03,01,202,*4B
$GPRMC,132230.000,A,2632.7957,N,07703.1367,W,0.40,155.92,280324,,,A*75
$GPVTG,155.92,T,,M,0.40,N,0.7,K,A*04
$GPGGA,132235.000,2632.7960,N,07703.1362,W,1,04,1.8,15.7,M,-33.0,M,,0000*51
$GPGSA,A,3,08,27,07,16,,,,,,,,,2.1,1.8,1.0*34
$GPGSV,3,1,11,08,74,174,25,04,60,205,,27,59,054,27,09,49,288,18*72
$GPGSV,3,2,11,16,33,039,25,07,22,315,26,21,13,160,,31,13,110,*70
$GPGSV,3,3,11,26,10,062,,02,07,172,,03,01,202,*4B
$GPRMC,132235.000,A,2632.7960,N,07703.1362,W,0.46,93.42,280324,,,A*41
$GPVTG,93.42,T,,M,0.46,N,0.8,K,A*3B
$GPGGA,132240.000,2632.7960,N,07703.1353,W,1,05,4.2,15.4,M,-33.0,M,,0000*5C
$GPGSA,A,3,09,08,27,07,16,,,,,,,,8.0,4.2,6.8*36
$GPGSV,3,1,11,08,74,174,25,04,60,205,,27,59,054,27,09,49,288,19*73
$GPGSV,3,2,11,16,33,039,25,07,22,315,26,21,13,160,,31,13,110,*70
$GPGSV,3,3,11,26,10,062,,02,07,172,,03,01,202,*4B
$GPRMC,132240.000,A,2632.7960,N,07703.1353,W,0.36,134.87,280324,,,A*73
$GPVTG,134.87,T,,M,0.36,N,0.7,K,A*06
$GPGGA,132245.000,2632.7978,N,07703.1343,W,1,05,4.2,12.4,M,-33.0,M,,0000*56
$GPGSA,A,3,09,08,27,07,16,,,,,,,,8.0,4.2,6.8*36
$GPGSV,3,1,11,08,74,174,25,04,60,205,,27,59,054,28,09,49,288,19*7C
$GPGSV,3,2,11,16,33,039,25,07,22,315,26,21,13,160,,31,13,110,*70
$GPGSV,3,3,11,26,10,062,,02,07,172,,03,01,202,*4B
$GPRMC,132245.000,A,2632.7978,N,07703.1343,W,0.58,147.42,280324,,,A*7B
$GPVTG,147.42,T,,M,0.58,N,1.1,K,A*04
$GPGGA,132250.000,2632.7964,N,07703.1332,W,1,05,4.2,6.6,M,-33.0,M,,0000*6E
$GPGSA,A,3,09,08,27,07,16,,,,,,,,8.0,4.2,6.8*36
$GPGSV,3,1,11,08,74,174,25,04,60,205,,27,59,054,28,09,49,288,19*7C
$GPGSV,3,2,11,16,33,039,25,07,22,315,26,21,13,160,,31,13,110,*70
$GPGSV,3,3,11,26,10,062,,02,07,172,,03,01,202,*4B
$GPVTG,131.31,T,,M,0.64,N,1.2,K,A*0D
$GPGGA,132255.000,2632.7958,N,07703.1351,W,1,05,4.2,9.4,M,-33.0,M,,0000*6C
$GPGSA,A,3,09,08,27,07,16,,,,,,,,8.0,4.2,6.8*36
$GPGSV,3,1,11,08,74,174,25,04,60,205,,27,59,054,29,09,49,288,18*7C
$GPGSV,3,2,11,16,33,039,25,07,22,315,26,21,13,160,,31,13,110,*70
$GPGSV,3,3,11,26,10,062,,02,07,172,,03,01,202,*4B
$GPRMC,132255.000,A,2632.7958,N,07703.1351,W,1.39,204.88,280324,,,A*7F
$GPVTG,204.88,T,,M,1.39,N,2.6,K,A*04
$GPGGA,132300.000,2632.7935,N,07703.1344,W,1,05,4.2,7.0,M,-33.0,M,,0000*68
$GPGSA,A,3,09,08,27,07,16,,,,,,,,8.0,4.2,6.8*36
$GPGSV,3,1,11,08,74,174,25,04,60,205,,27,59,054,29,09,49,288,18*7C
$GPGSV,3,2,11,16,33,039,26,07,22,315,27,21,13,160,,31,13,110,*72
$GPGSV,3,3,11,26,10,062,,02,07,172,,03,01,202,*4B
$GPRMC,132300.000,A,2632.7935,N,07703.1344,W,0.62,136.83,280324,,,A*77
$GPVTG,136.83,T,,M,0.62,N,1.1,K,A*06
$GPGGA,132305.000,2632.7897,N,07703.1320,W,1,05,4.2,-9.3,M,-33.0,M,,0000*46
$GPGSA,A,3,09,08,27,07,16,,,,,,,,8.1,4.2,6.9*36
$GPGSV,3,1,11,08,74,174,25,04,60,205,,27,59,054,29,09,49,288,18*7C
$GPGSV,3,2,11,16,33,039,20,07,22,315,27,21,13,160,,31,13,110,*74
$GPGSV,3,3,11,26,10,062,,02,07,172,,03,01,202,*4B
$GPRMC,132305.000,A,2632.7897,N,07703.1320,W,1.06,138.79,280324,,,A*71
$GPVTG,138.79,T,,M,1.06,N,2.0,K,A*0C
$GPGGA,132310.000,2632.7898,N,07703.1314,W,1,05,4.3,-16.9,M,-33.0,M,,0000*7F
$GPGSA,A,3,09,08,27,07,16,,,,,,,,8.1,4.3,6.9*37
$GPGSV,3,1,11,08,74,174,25,04,60,205,,27,59,054,30,09,49,288,17*7B
$GPGSV,3,2,11,16,33,039,21,07,22,315,27,21,13,160,,31,13,110,*75
$GPGSV,3,3,11,26,10,062,,02,07,172,,03,01,202,*4B
$GPRMC,132310.000,A,2632.7898,N,07703.1314,W,0.83,143.09,280324,,,A*7A
$GPVTG,143.09,T,,M,0.83,N,1.5,K,A*0D
$GPGGA,132315.000,2632.7896,N,07703.1322,W,1,05,4.3,-18.2,M,-33.0,M,,0000*74
$GPGSA,A,3,09,08,27,07,16,,,,,,,,8.1,4.3,6.9*37
$GPGSV,3,1,11,08,74,174,25,04,60,205,,27,59,054,30,09,49,288,16*7A
$GPGSV,3,2,11,16,33,039,21,07,22,315,27,21,13,160,,31,13,110,*75
$GPGSV,3,3,11,26,10,062,,02,07,172,,03,01,202,*4B
$GPRMC,132315.000,A,2632.7896,N,07703.1322,W,1.31,188.50,280324,,,A*77
$GPGGA,132320.000,2632.7927,N,07703.1338,W,1,06,1.4,-5.2,M,-33.0,M,,0000*4F
$GPGSA,A,3,09,08,27,31,07,16,,,,,,,2.2,1.4,1.7*37
$GPGSV,3,1,11,08,74,174,25,04,60,205,,27,59,054,30,09,49,288,16*7A
$GPGSV,3,2,11,16,33,039,21,07,22,315,27,21,13,160,,31,13,110,13*77
$GPGSV,3,3,11,26,10,062,,02,07,172,,03,01,202,*4B
$GPRMC,132320.000,A,2632.7927,N,07703.1338,W,0.22,333.48,280324,,,A*79
$GPVTG,333.48,T,,M,0.22,N,0.4,K,A*06
$GPGGA,132325.000,2632.7925,N,07703.1342,W,1,06,2.4,-3.7,M,-33.0,M,,0000*45
$GPGSA,A,3,09,08,27,04,07,16,,,,,,,5.2,2.4,4.6*31
$GPGSV,3,1,11,08,74,174,25,04,60,205,17,27,59,054,30,09,49,288,16*7C
$GPGSV,3,2,11,16,33,039,21,07,22,315,27,21,13,160,,31,13,110,*75
$GPGSV,3,3,11,26,10,062,,02,07,172,,03,01,202,*4B
$GPRMC,132325.000,A,2632.7925,N,07703.1342,W,0.36,43.18,280324,,,A*47
$GPVTG,43.18,T,,M,0.36,N,0.7,K,A*31
$GPGGA,132330.000,2632.7953,N,07703.1368,W,1,05,4.3,7.0,M,-33.0,M,,0000*64
$GPGSA,A,3,09,08,27,07,16,,,,,,,,8.2,4.3,6.9*34
$GPGSV,3,1,11,08,74,174,25,04,60,205,16,27,59,054,30,09,49,288,17*7C
$GPGSV,3,2,11,16,33,039,21,07,22,315,27,21,13,160,,31,13,110,*75
$GPGSV,3,3,11,26,10,062,,02,07,172,,03,01,202,*4B
$GPRMC,132330.000,A,2632.7953,N,07703.1368,W,0.70,276.18,280324,,,A*7C
$GPVTG,276.18,T,,M,0.70,N,1.3,K,A*02
$GPGGA,132335.000,2632.7937,N,07703.1370,W,1,07,1.2,6.3,M,-33.0,M,,0000*6E
$GPGSA,A,3,09,08,27,31,04,07,16,,,,,,2.1,1.2,1.7*36
$GPGSV,3,1,11,08,74,174,25,04,60,205,16,27,59,054,30,09,49,288,18*73
$GPGSV,3,2,11,16,33,039,22,07,22,315,27,21,13,160,,31,13,110,15*72
$GPGSV,3,3,11,26,10,062,,02,07,172,,03,01,202,*4B
$GPRMC,132335.000,A,2632.7937,N,07703.1370,W,0.65,148.71,280324,,,A*77
$GPVTG,148.71,T,,M,0.65,N,1.2,K,A*06
$GPGGA,132340.000,2632.7924,N,07703.1355,W,1,07,1.2,4.4,M,-33.0,M,,0000*6C
$GPGSA,A,3,09,08,27,31,04,07,16,,,,,,2.1,1.2,1.7*36
$GPGSV,3,1,11,08,74,174,24,04,60,205,16,27,59,054,31,09,49,288,18*73
$GPGSV,3,2,11,16,33,039,22,07,22,315,27,21,13,160,,31,13,110,16*71
$GPGSV,3,3,11,26,10,062,,02,07,172,,03,01,202,*4B
$GPVTG,354.70,T,,M,1.03,N,1.9,K,A*02
$GPGGA,132345.000,2632.7942,N,07703.1366,W,1,07,1.2,10.0,M,-33.0,M,,0000*58
$GPGSA,A,3,09,08,27,31,04,07,16,,,,,,2.1,1.2,1.7*36
$GPGSV,3,1,11,08,74,174,25,04,60,205,15,27,59,054,31,09,49,288,19*70
$GPGSV,3,2,11,16,33,039,23,07,22,315,28,21,13,160,,31,13,110,15*7C
$GPGSV,3,3,11,26,10,062,,02,07,172,,03,01,202,*4B
$GPRMC,132345.000,A,2632.7942,N,07703.1366,W,1.23,353.96,280324,,,A*77
$GPVTG,353.96,T,,M,1.23,N,2.3,K,A*06
$GPGGA,132350.000,2632.7948,N,07703.1373,W,1,07,1.2,14.0,M,-33.0,M,,0000*56
$GPGSA,A,3,09,08,27,31,04,07,16,,,,,,2.1,1.2,1.7*36
$GPGSV,3,1,11,08,74,174,25,04,60,205,15,27,59,054,31,09,49,288,18*71
$GPGSV,3,2,11,16,33,039,24,07,22,315,28,21,13,160,,31,13,110,16*78
$GPGSV,3,3,11,26,10,062,,02,07,172,,03,01,202,*4B
$GPRMC,132350.000,A,2632.7948,N,07703.1373,W,0.50,326.99,280324,,,A*75
$GPVTG,326.99,T,,M,0.50,N,0.9,K,A*06
$GPGGA,132355.000,2632.7969,N,07703.1369,W,1,07,1.2,15.4,M,-33.0,M,,0000*5E
$GPGSA,A,3,09,08,27,31,04,07,16,,,,,,2.1,1.2,1.7*36
$GPGSV,3,1,11,08,74,174,25,04,60,205,15,27,59,054,31,09,49,288,18*71
$GPGSV,3,2,11,16,33,039,25,07,22,315,27,21,13,160,,31,13,110,17*77
$GPGSV,3,3,11,26,10,062,,02,07,172,,03,01,202,*4B
$GPRMC,132355.000,A,2632.7969,N,07703.1369,W,0.70,74.01,280324,,,A*4F
$GPVTG,74.01,T,,M,0.70,N,1.3,K,A*3A
$GPGGA,132400.000,2632.7961,N,07703.1366,W,1,06,1.3,13.4,M,-33.0,M,,0000*58
$GPGSA,A,3,08,27,31,04,07,16,,,,,,,2.1,1.3,1.7*3E
$GPGSV,3,1,11,08,74,174,25,04,60,205,16,27,59,054,31,09,49,288,12*78
$GPGSV,3,2,11,16,33,039,26,07,22,315,19,21,13,160,,31,13,110,17*79
$GPGSV,3,3,11,26,10,062,,02,07,172,,03,01,202,*4B
$GPRMC,132400.000,A,2632.7961,N,07703.1366,W,0.28,247.74,280324,,,A*72
$GPVTG,247.74,T,,M,0.28,N,0.5,K,A*00
$GPGGA,132405.000,2632.7946,N,07703.1354,W,1,06,1.3,11.3,M,-33.0,M,,0000*5C
$GPGSA,A,3,08,27,31,04,07,16,,,,,,,2.1,1.3,1.7*3E
$GPGSV,3,1,11,08,74,174,26,04,60,205,15,27,59,054,30,09,49,288,10*7B
$GPGSV,3,2,11,16,33,039,27,07,22,315,22,21,13,160,,31,13,110,18*7F
$GPRMC,132405.000,A,2632.7946,N,07703.1354,W,0.33,283.87,280324,,,A*7D
$GPVTG,283.87,T,,M,0.33,N,0.6,K,A*0D
$GPGGA,132410.000,2632.7937,N,07703.1358,W,1,06,1.3,6.4,M,-33.0,M,,0000*63
$GPGSA,A,3,08,27,31,04,07,16,,,,,,,2.1,1.3,1.7*3E
$GPGSV,3,1,11,08,74,174,26,04,60,205,15,27,59,054,30,09,49,288,*7A
$GPGSV,3,2,11,16,33,039,21,07,22,315,22,21,13,160,,31,13,110,18*79
$GPGSV,3,3,11,26,10,062,,02,07,172,,03,01,202,*4B
$GPRMC,132410.000,A,2632.7937,N,07703.1358,W,0.41,28.48,280324,,,A*46
$GPVTG,28.48,T,,M,0.41,N,0.8,K,A*36
$GPGGA,132415.000,2632.7938,N,07703.1364,W,1,06,1.4,3.7,M,-33.0,M,,0000*67
$GPGSA,A,3,08,27,31,09,07,16,,,,,,,2.2,1.4,1.7*37
$GPGSV,3,1,12,08,74,174,26,04,60,205,,27,59,054,31,09,49,288,17*7A
$GPGSV,3,2,12,16,33,039,25,07,22,315,28,21,13,160,,31,13,110,18*74
$GPGSV,3,3,12,26,10,062,,02,07,172,,03,01,202,,46,25,250,24*7C
$GPRMC,132415.000,A,2632.7938,N,07703.1364,W,0.33,146.05,280324,,,A*76
$GPVTG,146.05,T,,M,0.33,N,0.6,K,A*0D
$GPGGA,132420.000,2632.7956,N,07703.1359,W,1,07,1.2,3.0,M,-33.0,M,,0000*67
$GPGSA,A,3,04,08,27,31,09,07,16,,,,,,2.1,1.2,1.7*36
$GPGSV,3,1,11,08,74,174,26,04,60,205,14,27,59,054,31,09,49,288,16*7D
$GPGSV,3,2,11,16,33,039,26,07,22,315,27,21,13,160,,31,13,110,18*7B
$GPGSV,3,3,11,26,10,062,,02,07,172,,03,01,202,*4B
$GPRMC,132420.000,A,2632.7956,N,07703.1359,W,0.11,195.11,280324,,,A*7D
$GPVTG,195.11,T,,M,0.11,N,0.2,K,A*02
$GPGGA,132425.000,2632.7962,N,07703.1361,W,1,07,1.2,5.0,M,-33.0,M,,0000*68
$GPGSA,A,3,04,08,27,31,09,07,16,,,,,,2.1,1.2,1.7*36
$GPGSV,3,1,11,08,74,174,27,04,60,205,15,27,59,054,31,09,49,288,17*7C
$GPGSV,3,2,11,16,33,039,27,07,22,315,27,21,13,160,,31,13,110,19*7B
$GPGSV,3,3,11,26,10,062,,02,07,172,,03,01,202,*4B
$GPRMC,132425.000,A,2632.7962,N,07703.1361,W,1.14,32.11,280324,,,A*4C
$GPVTG,32.11,T,,M,1.14,N,2.1,K,A*3B
$GPGGA,132430.000,2632.7954,N,07703.1372,W,1,08,1.0,5.2,M,-33.0,M,,0000*64
$GPGSA,A,3,04,08,27,31,21,09,07,16,,,,,1.7,1.0,1.4*31
$GPGSV,3,1,11,08,74,174,27,04,60,205,15,27,59,054,31,09,49,288,17*7C
$GPGSV,3,2,11,16,33,039,25,07,22,315,26,21,13,160,13,31,13,110,18*7B
$GPGSV,3,3,11,26,10,062,,02,07,172,,03,01,202,*4B
$GPRMC,132430.000,A,2632.7954,N,07703.1372,W,0.49,164.27,280324,,,A*71
$GPVTG,164.27,T,,M,0.49,N,0.9,K,A*0F
$GPGGA,132435.000,2632.7952,N,07703.1364,W,1,08,1.0,2.2,M,-33.0,M,,0000*67
$GPGSA,A,3,04,08,27,31,21,09,07,16,,,,,1.7,1.0,1.4*31
$GPGSV,3,1,11,08,74,174,27,04,60,205,15,27,59,054,31,09,49,288,16*7D
$GPGSV,3,2,11,16,33,039,24,07,22,315,26,21,13,160,13,31,13,110,17*75
$GPGSV,3,3,11,26,10,062,,02,07,172,,03,01,202,*4B
$GPVTG,170.26,T,,M,0.91,N,1.7,K,A*01
$GPGGA,132440.000,2632.7935,N,07703.1373,W,1,07,1.2,1.8,M,-33.0,M,,0000*66
$GPGSA,A,3,04,08,27,31,09,07,16,,,,,,2.1,1.2,1.7*36
$GPGSV,3,1,11,08,74,174,27,04,60,205,15,27,59,054,31,09,49,288,15*7E
$GPGSV,3,2,11,16,33,039,12,07,22,315,25,21,13,160,,31,13,110,18*7E
$GPGSV,3,3,11,26,10,062,,02,07,172,,03,01,202,*4B
$GPRMC,132440.000,A,2632.7935,N,07703.1373,W,1.46,235.75,280324,,,A*7E
$GPVTG,235.75,T,,M,1.46,N,2.7,K,A*0D
$GPGGA,132445.000,2632.7932,N,07703.1384,W,1,08,1.0,4.8,M,-33.0,M,,0000*64
$GPGSA,A,3,04,08,27,31,21,09,07,16,,,,,1.7,1.0,1.4*31
$GPGSV,3,1,11,08,76,172,27,04,58,204,15,27,57,053,31,09,50,286,15*7F
$GPGSV,3,2,11,16,32,040,27,07,23,316,25,21,14,159,18,31,12,111,17*7E
$GPGSV,3,3,11,26,09,063,,02,08,171,,03,01,201,*4D
$GPRMC,132445.000,A,2632.7932,N,07703.1384,W,0.37,213.37,280324,,,A*71
$GPVTG,213.37,T,,M,0.37,N,0.7,K,A*0A
$GPGGA,132450.000,2632.7927,N,07703.1384,W,1,08,1.0,7.5,M,-33.0,M,,0000*6A
$GPGSA,A,3,04,08,27,31,21,09,07,16,,,,,1.7,1.0,1.4*31
$GPGSV,3,1,11,08,76,172,27,04,58,204,14,27,57,053,30,09,50,286,16*7C
$GPGSV,3,2,11,16,32,040,24,07,23,316,25,21,14,159,17,31,12,111,17*72
$GPGSV,3,3,11,26,09,063,,02,08,171,,03,01,201,*4D
$GPRMC,132450.000,A,2632.7927,N,07703.1384,W,0.92,161.53,280324,,,A*7A
$GPVTG,161.53,T,,M,0.92,N,1.7,K,A*00
$GPGGA,132455.000,2632.7912,N,07703.1385,W,1,08,1.0,6.9,M,-33.0,M,,0000*65
$GPGSA,A,3,04,08,27,31,21,09,07,16,,,,,1.7,1.0,1.4*31
$GPGSV,3,1,11,08,76,172,27,04,58,204,15,27,57,053,30,09,50,286,16*7D
$GPGSV,3,2,11,16,32,040,25,07,23,316,25,21,14,159,16,31,12,111,17*72
$GPGSV,3,3,11,26,09,063,,02,08,171,,03,01,201,*4D
$GPRMC,132455.000,A,2632.7912,N,07703.1385,W,2.01,196.03,280324,,,A*7D
$GPVTG,196.03,T,,M,2.01,N,3.7,K,A*07
$GPGGA,132500.000,2632.7910,N,07703.1382,W,1,08,1.0,8.6,M,-33.0,M,,0000*60
$GPGSA,A,3,04,08,27,31,21,09,07,16,,,,,1.7,1.0,1.4*31
$GPGSV,3,1,11,08,76,172,27,04,58,204,15,27,57,053,30,09,50,286,17*7C
$GPGSV,3,2,11,16,32,040,28,07,23,316,25,21,14,159,16,31,12,111,17*7F
$GPRMC,132500.000,A,2632.7910,N,07703.1382,W,0.63,195.36,280324,,,A*7A
$GPVTG,195.36,T,,M,0.63,N,1.2,K,A*03
$GPGGA,132505.000,2632.7923,N,07703.1367,W,1,08,1.0,4.2,M,-33.0,M,,0000*66
$GPGSA,A,3,04,08,27,31,21,09,07,16,,,,,1.7,1.0,1.4*31
$GPGSV,3,1,11,08,76,172,27,04,58,204,14,27,57,053,31,09,50,286,16*7D
$GPGSV,3,2,11,16,32,040,24,07,23,316,25,21,14,159,16,31,12,111,17*73
$GPGSV,3,3,11,26,09,063,,02,08,171,,03,01,201,*4D
$GPRMC,132505.000,A,2632.7923,N,07703.1367,W,0.16,329.84,280324,,,A*7A
$GPGGA,132510.000,2632.7938,N,07703.1357,W,1,08,1.0,4.6,M,-33.0,M,,0000*6F
$GPGSA,A,3,04,08,27,31,21,09,07,16,,,,,1.7,1.0,1.4*31
$GPGSV,3,1,11,08,76,172,26,04,58,204,15,27,57,053,32,09,50,286,16*7E
$GPGSV,3,2,11,16,32,040,25,07,23,316,25,21,14,159,16,31,12,111,17*72
$GPGSV,3,3,11,26,09,063,,02,08,171,,03,01,201,*4D
$GPRMC,132510.000,A,2632.7938,N,07703.1357,W,0.41,66.93,280324,,,A*4B
$GPVTG,66.93,T,,M,0.41,N,0.8,K,A*3A
$GPGGA,132515.000,2632.7930,N,07703.1362,W,1,08,1.0,0.9,M,-33.0,M,,0000*6F
$GPGSA,A,3,04,08,27,31,21,09,07,16,,,,,1.7,1.0,1.4*31
$GPGSV,3,1,11,08,76,172,27,04,58,204,15,27,57,053,32,09,50,286,17*7E
$GPGSV,3,2,11,16,32,040,26,07,23,316,16,21,14,159,14,31,12,111,18*7C
$GPGSV,3,3,11,26,09,063,,02,08,171,,03,01,201,*4D
$GPRMC,132515.000,A,2632.7930,N,07703.1362,W,1.67,252.73,280324,,,A*7E
$GPVTG,252.73,T,,M,1.67,N,3.1,K,A*0E
$GPGGA,132520.000,2632.7932,N,07703.1374,W,1,06,1.3,-1.8,M,-33.0,M,,0000*4C
$GPGSA,A,3,04,08,27,31,07,16,,,,,,,2.1,1.3,1.7*3E
$GPGSV,3,1,11,08,76,172,26,04,58,204,16,27,57,053,31,09,50,286,18*70
$GPGSV,3,2,11,16,32,040,26,07,23,316,17,21,14,159,,31,12,111,19*79
$GPGSV,3,3,11,26,09,063,,02,08,171,,03,01,201,*4D
$GPRMC,132520.000,A,2632.7932,N,07703.1374,W,1.33,216.65,280324,,,A*7B
$GPVTG,216.65,T,,M,1.33,N,2.5,K,A*0D
$GPGGA,132525.000,2632.7923,N,07703.1368,W,1,05,1.6,-0.5,M,-33.0,M,,0000*4E
$GPGSA,A,3,08,27,31,07,16,,,,,,,,2.3,1.6,1.7*3D
$GPGSV,3,1,11,08,76,172,27,04,58,204,16,27,57,053,30,09,50,286,18*70
$GPGSV,3,2,11,16,32,040,15,07,23,316,17,21,14,159,,31,12,111,19*79
$GPGSV,3,3,11,26,09,063,,02,08,171,,03,01,201,*4D
$GPRMC,132525.000,A,2632.7923,N,07703.1368,W,1.26,116.37,280324,,,A*73
$GPVTG,116.37,T,,M,1.26,N,2.3,K,A*0B
$GPGGA,132530.000,2632.7930,N,07703.1364,W,1,07,1.2,3.3,M,-33.0,M,,0000*6A
$GPGSA,A,3,04,08,27,31,09,07,16,,,,,,2.0,1.2,1.7*37
$GPGSV,3,1,11,08,76,172,26,04,58,204,15,27,57,053,30,09,50,286,19*73
$GPGSV,3,2,11,16,32,040,24,07,23,316,17,21,14,159,,31,12,111,19*7B
$GPGSV,3,3,11,26,09,063,,02,08,171,,03,01,201,*4D
$GPRMC,132530.000,A,2632.7930,N,07703.1364,W,0.73,303.88,280324,,,A*7A
$GPGGA,132535.000,2632.7940,N,07703.1368,W,1,06,1.5,6.4,M,-33.0,M,,0000*60
$GPGSA,A,3,04,08,27,31,09,07,,,,,,,2.3,1.5,1.7*34
$GPGSV,3,1,11,08,76,172,26,04,58,204,14,27,57,053,29,09,50,286,19*7A
$GPGSV,3,2,11,16,32,040,12,07,23,316,22,21,14,159,,31,12,111,19*78
$GPGSV,3,3,11,26,09,063,,02,08,171,,03,01,201,*4D
$GPRMC,132535.000,A,2632.7940,N,07703.1368,W,1.32,345.20,280324,,,A*70
$GPVTG,345.20,T,,M,1.32,N,2.4,K,A*0B
$GPGGA,132540.000,2632.7961,N,07703.1368,W,1,07,1.2,8.3,M,-33.0,M,,0000*6E
$GPGSA,A,3,04,08,27,31,09,07,16,,,,,,2.0,1.2,1.7*37
$GPGSV,3,1,11,08,76,172,26,04,58,204,14,27,57,053,28,09,50,286,18*7A
$GPGSV,3,2,11,16,32,040,19,07,23,316,22,21,14,159,,31,12,111,18*72
$GPGSV,3,3,11,26,09,063,,02,08,171,,03,01,201,*4D
$GPRMC,132540.000,A,2632.7961,N,07703.1368,W,1.32,358.77,280324,,,A*7F
$GPVTG,358.77,T,,M,1.32,N,2.4,K,A*05
$GPGGA,132545.000,2632.7976,N,07703.1370,W,1,07,1.2,12.6,M,-33.0,M,,0000*5A
$GPGSA,A,3,04,08,27,31,09,07,16,,,,,,2.0,1.2,1.7*37
$GPGSV,3,1,11,08,76,172,27,04,58,204,14,27,57,053,28,09,50,286,17*74
$GPGSV,3,2,11,16,32,040,23,07,23,316,22,21,14,159,,31,12,111,17*74
$GPGSV,3,3,11,26,09,063,,02,08,171,,03,01,201,*4D
$GPRMC,132545.000,A,2632.7976,N,07703.1370,W,0.26,316.58,280324,,,A*76
$GPVTG,316.58,T,,M,0.26,N,0.5,K,A*05
$GPGGA,132550.000,2632.7994,N,07703.1379,W,1,05,4.7,13.0,M,-33.0,M,,0000*5E
$GPGSA,A,3,08,27,09,07,16,,,,,,,,8.7,4.7,7.4*39
$GPGSV,3,1,11,08,76,172,27,04,58,204,,27,57,053,28,09,50,286,16*70
$GPGSV,3,2,11,16,32,040,22,07,23,316,13,21,14,159,,31,12,111,*71
$GPGSV,3,3,11,26,09,063,,02,08,171,,03,01,201,*4D
$GPRMC,132550.000,A,2632.7994,N,07703.1379,W,2.42,335.97,280324,,,A*75
$GPVTG,335.97,T,,M,2.42,N,4.5,K,A*03
$GPGGA,132555.000,2632.8000,N,07703.1422,W,1,05,4.7,17.6,M,-33.0,M,,0000*5B
$GPGSA,A,3,08,27,09,07,16,,,,,,,,8.8,4.7,7.4*36
$GPGSV,3,1,11,08,76,172,27,04,58,204,,27,57,053,28,09,50,286,17*71
$GPGSV,3,2,11,16,32,040,22,07,23,316,19,21,14,159,,31,12,111,*7B
$GPGSV,3,3,11,26,09,063,,02,08,171,,03,01,201,*4D
$GPVTG,295.83,T,,M,2.80,N,5.2,K,A*05
$GPGGA,132600.000,2632.7993,N,07703.1395,W,1,05,4.7,18.6,M,-33.0,M,,0000*50
$GPGSA,A,3,08,27,09,07,16,,,,,,,,8.8,4.7,7.4*36
$GPGSV,3,1,11,08,76,172,26,04,58,204,,27,57,053,27,09,50,286,18*70
$GPGSV,3,2,11,16,32,040,23,07,23,316,22,21,14,159,,31,12,111,*72
$GPGSV,3,3,11,26,09,063,,02,08,171,,03,01,201,*4D
$GPRMC,132600.000,A,2632.7993,N,07703.1395,W,1.13,93.67,280324,,,A*41
$GPVTG,93.67,T,,M,1.13,N,2.1,K,A*36
$GPGGA,132605.000,2632.7973,N,07703.1389,W,1,04,4.8,17.4,M,-33.0,M,,0000*55
$GPGSA,A,3,08,27,09,16,,,,,,,,,9.7,4.8,8.4*3F
$GPGSV,3,1,11,08,76,172,26,04,58,204,,27,57,053,26,09,50,286,17*7E
$GPGSV,3,2,11,16,32,040,24,07,23,316,10,21,14,159,,31,12,111,*74
$GPGSV,3,3,11,26,09,063,,02,08,171,,03,01,201,*4D
$GPRMC,132605.000,A,2632.7973,N,07703.1389,W,0.26,148.45,280324,,,A*77
$GPVTG,148.45,T,,M,0.26,N,0.5,K,A*00
$GPGGA,132610.000,2632.7932,N,07703.1369,W,1,04,4.8,7.3,M,-33.0,M,,0000*6C
$GPGSA,A,3,08,27,09,16,,,,,,,,,9.7,4.8,8.4*3F
$GPGSV,3,1,11,08,76,172,26,04,58,204,,27,57,053,26,09,50,286,17*7E
$GPGSV,3,2,11,16,32,040,19,07,23,316,,21,14,159,,31,12,111,*7B
$GPGSV,3,3,11,26,09,063,,02,08,171,,03,01,201,*4D
$GPRMC,132610.000,A,2632.7932,N,07703.1369,W,1.03,348.33,280324,,,A*7D
$GPVTG,348.33,T,,M,1.03,N,1.9,K,A*08
$GPGGA,132615.000,2632.7881,N,07703.1389,W,1,06,2.2,-0.5,M,-33.0,M,,0000*4C
$GPGSA,A,3,07,08,27,04,09,16,,,,,,,4.9,2.2,4.3*38
$GPGSV,3,1,11,08,76,172,25,04,58,204,18,27,57,053,26,09,50,286,18*7B
$GPGSV,3,2,11,16,32,040,19,07,23,316,23,21,14,159,,31,12,111,*7A
$GPGSV,3,3,11,26,09,063,,02,08,171,,03,01,201,*4D
$GPRMC,132615.000,A,2632.7881,N,07703.1389,W,1.23,151.33,280324,,,A*77
$GPVTG,151.33,T,,M,1.23,N,2.3,K,A*09
$GPGGA,132620.000,2632.7894,N,07703.1395,W,1,07,1.2,5.1,M,-33.0,M,,0000*6D
$GPGSA,A,3,07,08,27,04,09,31,16,,,,,,2.0,1.2,1.6*36
$GPGSV,3,1,11,08,76,172,25,04,58,204,16,27,57,053,26,09,50,286,17*7A
$GPGSV,3,2,11,16,32,040,17,07,23,316,23,21,14,159,,31,12,111,20*76
$GPGSV,3,3,11,26,09,063,,02,08,171,,03,01,201,*4D
$GPVTG,358.48,T,,M,1.17,N,2.2,K,A*08
$GPGGA,132625.000,2632.7878,N,07703.1390,W,1,06,1.4,-1.0,M,-33.0,M,,0000*40
$GPGSA,A,3,07,08,27,09,31,16,,,,,,,2.2,1.4,1.7*37
$GPGSV,3,1,11,08,76,172,24,04,58,204,,27,57,053,26,09,50,286,17*7C
$GPGSV,3,2,11,16,32,040,18,07,23,316,23,21,14,159,,31,12,111,18*72
$GPGSV,3,3,11,26,09,063,,02,08,171,,03,01,201,*4D
$GPRMC,132625.000,A,2632.7878,N,07703.1390,W,1.28,182.41,280324,,,A*7A
$GPVTG,182.41,T,,M,1.28,N,2.4,K,A*0E
$GPGGA,132630.000,2632.7890,N,07703.1389,W,1,05,1.6,-2.8,M,-33.0,M,,0000*40
$GPGSA,A,3,07,08,27,31,16,,,,,,,,2.3,1.6,1.7*3D
$GPGSV,3,1,11,08,76,172,24,04,58,204,,27,57,053,26,09,50,286,18*73
$GPGSV,3,2,11,16,32,040,21,07,23,316,23,21,14,159,,31,12,111,17*77
$GPGSV,3,3,11,26,09,063,,02,08,171,,03,01,201,*4D
$GPRMC,132630.000,A,2632.7890,N,07703.1389,W,0.91,44.73,280324,,,A*49
$GPVTG,44.73,T,,M,0.91,N,1.7,K,A*37
$GPGGA,132635.000,2632.7900,N,07703.1362,W,1,06,1.4,-5.7,M,-33.0,M,,0000*41
$GPGSA,A,3,07,08,27,09,31,16,,,,,,,2.2,1.4,1.7*37
$GPGSV,3,1,11,08,76,172,25,04,58,204,,27,57,053,27,09,50,286,16*7D
$GPGSV,3,2,11,16,32,040,25,07,23,316,23,21,14,159,,31,12,111,17*73
$GPGSV,3,3,11,26,09,063,,02,08,171,,03,01,201,*4D
$GPRMC,132635.000,A,2632.7900,N,07703.1362,W,1.09,92.94,280324,,,A*43
$GPVTG,92.94,T,,M,1.09,N,2.0,K,A*31
$GPGGA,132640.000,2632.7898,N,07703.1373,W,1,04,1.9,-5.3,M,-33.0,M,,0000*48
$GPGSA,A,3,07,08,27,16,,,,,,,,,2.1,1.9,1.0*35
$GPGSV,3,1,11,08,76,172,25,04,58,204,,27,57,053,27,09,50,286,16*7D
$GPGSV,3,2,11,16,32,040,23,07,23,316,19,21,14,159,,31,12,111,*7A
$GPGSV,3,3,11,26,09,063,,02,08,171,,03,01,201,*4D
$GPRMC,132640.000,A,2632.7898,N,07703.1373,W,0.66,252.53,280324,,,A*7C
$GPVTG,252.53,T,,M,0.66,N,1.2,K,A*0D
$GPGGA,132645.000,2632.7893,N,07703.1382,W,1,06,1.4,-3.4,M,-33.0,M,,0000*46
$GPGSA,A,3,07,08,27,31,09,16,,,,,,,2.2,1.4,1.7*37
$GPGSV,3,1,11,08,76,172,24,04,58,204,,27,57,053,26,09,50,286,15*7E
$GPGSV,3,2,11,16,32,040,25,07,23,316,21,21,14,159,,31,12,111,16*70
$GPGSV,3,3,11,26,09,063,,02,08,171,,03,01,201,*4D
$GPVTG,80.24,T,,M,0.41,N,0.8,K,A*3E
$GPGGA,132650.000,2632.7917,N,07703.1381,W,1,06,1.4,1.9,M,-33.0,M,,0000*6E
$GPGSA,A,3,07,08,27,31,09,16,,,,,,,2.2,1.4,1.7*37
$GPGSV,3,1,11,08,76,172,23,04,58,204,,27,57,053,20,09,50,286,17*7D
$GPGSV,3,2,11,16,32,040,25,07,23,316,25,21,14,159,,31,12,111,17*75
$GPGSV,3,3,11,26,09,063,,02,08,171,,03,01,201,*4D
$GPRMC,132650.000,A,2632.7917,N,07703.1381,W,0.40,204.42,280324,,,A*71
$GPVTG,204.42,T,,M,0.40,N,0.7,K,A*0E
$GPGGA,132655.000,2632.7915,N,07703.1391,W,1,06,1.4,5.7,M,-33.0,M,,0000*62
$GPGSA,A,3,07,08,27,31,09,16,,,,,,,2.2,1.4,1.7*37
$GPGSV,3,1,11,08,76,172,23,04,58,204,,27,57,053,22,09,50,286,23*78
$GPGSV,3,2,11,16,32,040,23,07,23,316,24,21,14,159,,31,12,111,18*7D
$GPGSV,3,3,11,26,09,063,,02,08,171,,03,01,201,*4D
$GPRMC,132655.000,A,2632.7915,N,07703.1391,W,0.82,264.43,280324,,,A*7E
$GPVTG,264.43,T,,M,0.82,N,1.5,K,A*04
$GPGGA,132700.000,2632.7927,N,07703.1380,W,1,06,1.4,11.6,M,-33.0,M,,0000*56
$GPGSA,A,3,07,08,27,31,09,16,,,,,,,2.2,1.4,1.7*37
$GPGSV,3,1,11,08,76,172,23,04,58,204,,27,57,053,22,09,50,286,21*7A
$GPGSV,3,2,11,16,32,040,22,07,23,316,20,21,14,159,,31,12,111,18*78
$GPGSV,3,3,11,26,09,063,,02,08,171,,03,01,201,*4D
$GPRMC,132700.000,A,2632.7927,N,07703.1380,W,0.59,258.60,280324,,,A*76
$GPVTG,258.60,T,,M,0.59,N,1.1,K,A*08
$GPGGA,132705.000,2632.7927,N,07703.1362,W,1,06,1.4,9.3,M,-33.0,M,,0000*63
$GPGSA,A,3,07,08,27,31,09,16,,,,,,,2.2,1.4,1.7*37
$GPGSV,3,1,11,08,76,172,23,04,58,204,,27,57,053,22,09,50,286,22*79
$GPGSV,3,2,11,16,32,040,19,07,23,316,19,21,14,159,,31,12,111,18*7A
$GPGSV,3,3,11,26,09,063,,02,08,171,,03,01,201,*4D
$GPRMC,132705.000,A,2632.7927,N,07703.1362,W,1.82,130.48,280324,,,A*7F
$GPVTG,130.48,T,,M,1.82,N,3.4,K,A*0F
$GPGGA,132710.000,2632.7895,N,07703.1361,W,1,06,1.4,6.3,M,-33.0,M,,0000*63
$GPGSA,A,3,07,08,27,31,09,16,,,,,,,2.2,1.4,1.7*37
$GPGSV,3,1,11,08,76,172,22,04,58,204,,27,57,053,22,09,50,286,23*79
$GPGSV,3,2,11,16,32,040,19,07,23,316,19,21,14,159,,31,12,111,18*7A
$GPGSV,3,3,11,26,09,063,,02,08,171,,03,01,201,*4D
$GPVTG,189.28,T,,M,0.44,N,0.8,K,A*0F
$GPGGA,132715.000,2632.7890,N,07703.1357,W,1,06,1.4,2.5,M,-33.0,M,,0000*64
$GPGSA,A,3,07,08,27,31,09,16,,,,,,,2.2,1.4,1.7*37
$GPGSV,3,1,11,08,76,172,22,04,58,204,,27,57,053,22,09,50,286,24*7E
$GPGSV,3,2,11,16,32,040,20,07,23,316,18,21,14,159,,31,12,111,18*71
$GPGSV,3,3,11,26,09,063,,02,08,171,,03,01,201,*4D
$GPRMC,132715.000,A,2632.7890,N,07703.1357,W,0.54,263.49,280324,,,A*7B
$GPVTG,263.49,T,,M,0.54,N,1.0,K,A*07
$GPGGA,132720.000,2632.7925,N,07703.1340,W,1,05,1.7,3.7,M,-33.0,M,,0000*68
$GPGSA,A,3,08,27,31,09,16,,,,,,,,2.8,1.7,2.3*3E
$GPGSV,3,1,11,08,76,172,23,04,58,204,,27,57,053,29,09,50,286,20*70
$GPGSV,3,2,11,16,32,040,19,07,23,316,18,21,14,159,,31,12,111,18*7B
$GPGSV,3,3,11,26,09,063,,02,08,171,,03,01,201,*4D
$GPRMC,132720.000,A,2632.7925,N,07703.1340,W,1.05,354.60,280324,,,A*7F
$GPVTG,354.60,T,,M,1.05,N,1.9,K,A*05
$GPGGA,132725.000,2632.7936,N,07703.1341,W,1,06,1.4,7.5,M,-33.0,M,,0000*68
$GPGSA,A,3,07,08,27,31,09,16,,,,,,,2.2,1.4,1.7*37
$GPGSV,3,1,11,08,76,172,24,04,58,204,,27,57,053,29,09,50,286,20*77
$GPGSV,3,2,11,16,32,040,25,07,23,316,17,21,14,159,,31,12,111,18*7B
$GPGSV,3,3,11,26,09,063,,02,08,171,,03,01,201,*4D
$GPRMC,132725.000,A,2632.7936,N,07703.1341,W,0.26,100.48,280324,,,A*70
$GPVTG,100.48,T,,M,0.26,N,0.5,K,A*01
$GPGGA,132730.000,2632.7947,N,07703.1360,W,1,06,1.4,6.8,M,-33.0,M,,0000*65
$GPGSA,A,3,07,08,27,31,09,16,,,,,,,2.2,1.4,1.7*37
$GPGSV,3,1,11,08,76,172,24,04,58,204,,27,57,053,29,09,50,286,20*77
$GPGSV,3,2,11,16,32,040,26,07,23,316,25,21,14,159,,31,12,111,17*76
$GPGSV,3,3,11,26,09,063,,02,08,171,,03,01,201,*4D
$GPRMC,132730.000,A,2632.7947,N,07703.1360,W,0.18,55.26,280324,,,A*45
$GPVTG,55.26,T,,M,0.18,N,0.3,K,A*33
$GPGGA,132735.000,2632.7934,N,07703.1371,W,1,06,1.4,7.7,M,-33.0,M,,0000*6A
$GPGSA,A,3,07,08,27,31,09,16,,,,,,,2.2,1.4,1.7*37
$GPGSV,3,1,11,08,76,172,24,04,58,204,,27,57,053,29,09,50,286,20*77
$GPGSV,3,2,11,16,32,040,25,07,23,316,25,21,14,159,,31,12,111,16*74
$GPGSV,3,3,11,26,09,063,,02,08,171,,03,01,201,*4D
$GPVTG,164.51,T,,M,1.15,N,2.1,K,A*0C
$GPGGA,132740.000,2632.7919,N,07703.1371,W,1,06,1.4,3.0,M,-33.0,M,,0000*64
$GPGSA,A,3,07,08,27,31,09,16,,,,,,,2.2,1.4,1.7*37
$GPGSV,3,1,11,08,76,172,24,04,58,204,,27,57,053,29,09,50,286,19*7D
$GPGSV,3,2,11,16,32,040,26,07,23,316,22,21,14,159,,31,12,111,16*70
$GPGSV,3,3,11,26,09,063,,02,08,171,,03,01,201,*4D
$GPRMC,132740.000,A,2632.7919,N,07703.1371,W,1.71,142.46,280324,,,A*76
$GPVTG,142.46,T,,M,1.71,N,3.2,K,A*0E
$GPGGA,132745.000,2632.7909,N,07703.1376,W,1,05,1.6,-3.4,M,-33.0,M,,0000*4F
$GPGSA,A,3,07,08,27,31,16,,,,,,,,2.3,1.6,1.7*3D
$GPGSV,3,1,11,08,77,170,24,04,57,203,,27,56,051,29,09,50,284,17*79
$GPGSV,3,2,11,16,31,041,26,07,24,316,22,21,15,158,,31,12,112,15*75
$GPGSV,3,3,11,02,08,170,,26,08,064,,03,00,200,*4A
$GPRMC,132745.000,A,2632.7909,N,07703.1376,W,0.97,123.79,280324,,,A*77
$GPVTG,123.79,T,,M,0.97,N,1.8,K,A*04
$GPGGA,132750.000,2632.7912,N,07703.1368,W,1,06,1.4,-7.2,M,-33.0,M,,0000*4D
$GPGSA,A,3,07,08,27,31,09,16,,,,,,,2.2,1.4,1.7*37
$GPGSV,3,1,11,08,77,170,24,04,57,203,,27,56,051,29,09,50,284,18*76
$GPGSV,3,2,11,16,31,041,22,07,24,316,23,21,15,158,,31,12,112,15*70
$GPGSV,3,3,11,02,08,170,,26,08,064,,03,00,200,*4A
$GPRMC,132750.000,A,2632.7912,N,07703.1368,W,0.23,214.34,280324,,,A*77
$GPVTG,214.34,T,,M,0.23,N,0.4,K,A*08
$GPGGA,132755.000,2632.7882,N,07703.1367,W,1,06,1.4,-13.1,M,-33.0,M,,0000*79
$GPGSA,A,3,07,08,27,31,09,16,,,,,,,2.2,1.4,1.7*37
$GPGSV,3,1,11,08,77,170,24,04,57,203,,27,56,051,29,09,50,284,17*79
$GPGSV,3,2,11,16,31,041,22,07,24,316,23,21,15,158,,31,12,112,15*70
$GPGSV,3,3,11,02,08,170,,26,08,064,,03,00,200,*4A
$GPRMC,132755.000,A,2632.7882,N,07703.1367,W,0.97,143.29,280324,,,A*77
$GPVTG,143.29,T,,M,0.97,N,1.8,K,A*07
$GPGGA,132800.000,2632.7878,N,07703.1380,W,1,06,1.4,-9.5,M,-33.0,M,,0000*45
$GPGSA,A,3,07,08,27,31,09,16,,,,,,,2.2,1.4,1.7*37
$GPGSV,3,1,11,08,77,170,25,04,57,203,,27,56,051,28,09,50,284,16*78
$GPGSV,3,2,11,16,31,041,22,07,24,316,24,21,15,158,,31,12,112,14*76
$GPGSV,3,3,11,02,08,170,,26,08,064,,03,00,200,*4A
$GPVTG,86.00,T,,M,0.42,N,0.8,K,A*3D
$GPGGA,132805.000,2632.7881,N,07703.1395,W,1,05,5.0,-9.5,M,-33.0,M,,0000*41
$GPGSA,A,3,07,08,27,09,16,,,,,,,,9.2,5.0,7.7*38
$GPGSV,3,1,11,08,77,170,25,04,57,203,,27,56,051,29,09,50,284,20*7C
$GPGSV,3,2,11,16,31,041,22,07,24,316,23,21,15,158,,31,12,112,*74
$GPGSV,3,3,11,02,08,170,,26,08,064,,03,00,200,*4A
$GPRMC,132805.000,A,2632.7881,N,07703.1395,W,1.09,243.66,280324,,,A*7D
$GPVTG,243.66,T,,M,1.09,N,2.0,K,A*02
$GPGGA,132810.000,2632.7889,N,07703.1411,W,1,05,5.0,-9.2,M,-33.0,M,,0000*41
$GPGSA,A,3,07,08,27,09,16,,,,,,,,9.2,5.0,7.7*38
$GPGSV,3,1,11,08,77,170,26,04,57,203,,27,56,051,29,09,50,284,18*74
$GPGSV,3,2,11,16,31,041,20,07,24,316,23,21,15,158,,31,12,112,*76
$GPGSV,3,3,11,02,08,170,,26,08,064,,03,00,200,*4A
$GPRMC,132810.000,A,2632.7889,N,07703.1411,W,0.90,191.80,280324,,,A*7F
$GPVTG,191.80,T,,M,0.90,N,1.7,K,A*03
$GPGGA,132815.000,2632.7888,N,07703.1406,W,1,05,5.0,-7.9,M,-33.0,M,,0000*46
$GPGSA,A,3,07,08,27,09,16,,,,,,,,9.2,5.0,7.7*38
$GPGSV,3,1,11,08,77,170,26,04,57,203,,27,56,051,28,09,50,284,18*75
$GPGSV,3,2,11,16,31,041,27,07,24,316,23,21,15,158,,31,12,112,*71
$GPGSV,3,3,11,02,08,170,,26,08,064,,03,00,200,*4A
$GPRMC,132815.000,A,2632.7888,N,07703.1406,W,0.24,19.11,280324,,,A*4B
$GPVTG,19.11,T,,M,0.24,N,0.4,K,A*37
$GPGGA,132820.000,2632.7913,N,07703.1394,W,1,05,5.0,-3.9,M,-33.0,M,,0000*4B
$GPGSA,A,3,07,08,27,09,16,,,,,,,,9.2,5.0,7.8*37
$GPGSV,3,1,11,08,77,170,26,04,57,203,,27,56,051,28,09,50,284,17*7A
$GPGSV,3,2,11,16,31,041,28,07,24,316,23,21,15,158,,31,12,112,*7E
$GPGSV,3,3,11,02,08,170,,26,08,064,,03,00,200,*4A
$GPRMC,132820.000,A,2632.7913,N,07703.1394,W,0.81,331.28,280324,,,A*7E
$GPVTG,331.28,T,,M,0.81,N,1.5,K,A*0B
$GPGGA,132825.000,2632.7926,N,07703.1376,W,1,05,5.0,-1.2,M,-33.0,M,,0000*4D
$GPGSA,A,3,07,08,27,09,16,,,,,,,,9.2,5.0,7.8*37
$GPGSV,3,1,11,08,77,170,26,04,57,203,,27,56,051,28,09,50,284,16*7B
$GPGSV,3,2,11,16,31,041,27,07,24,316,23,21,15,158,,31,12,112,*71
$GPGSV,3,3,11,02,08,170,,26,08,064,,03,00,200,*4A
$GPRMC,132825.000,A,2632.7926,N,07703.1376,W,1.03,126.49,280324,,,A*79
$GPGGA,132830.000,2632.7940,N,07703.1352,W,1,05,5.0,0.0,M,-33.0,M,,0000*61
$GPGSA,A,3,07,08,27,09,16,,,,,,,,9.2,5.0,7.8*37
$GPGSV,3,1,11,08,77,170,25,04,57,203,,27,56,051,28,09,50,284,18*76
$GPGSV,3,2,11,16,31,041,27,07,24,316,23,21,15,158,,31,12,112,*71
$GPGSV,3,3,11,02,08,170,,26,08,064,,03,00,200,*4A
$GPRMC,132830.000,A,2632.7940,N,07703.1352,W,1.31,38.57,280324,,,A*4B
$GPVTG,38.57,T,,M,1.31,N,2.4,K,A*31
$GPGGA,132835.000,2632.7936,N,07703.1364,W,1,05,5.0,4.6,M,-33.0,M,,0000*62
$GPGSA,A,3,07,08,27,09,16,,,,,,,,9.3,5.0,7.8*36
$GPGSV,3,1,11,08,77,170,25,04,57,203,,27,56,051,27,09,50,284,17*76
$GPGSV,3,2,11,16,31,041,19,07,24,316,21,21,15,158,,31,12,112,*7E
$GPGSV,3,3,11,02,08,170,,26,08,064,,03,00,200,*4A
$GPRMC,132835.000,A,2632.7936,N,07703.1364,W,0.85,243.65,280324,,,A*7B
$GPVTG,243.65,T,,M,0.85,N,1.6,K,A*01
$GPGGA,132840.000,2632.7927,N,07703.1357,W,1,04,5.3,7.7,M,-33.0,M,,0000*60
$GPGSA,A,3,07,08,27,16,,,,,,,,,9.9,5.3,8.4*35
$GPGSV,3,1,11,08,77,170,19,04,57,203,,27,56,051,25,09,50,284,17*7B
$GPGSV,3,2,11,16,31,041,19,07,24,316,21,21,15,158,,31,12,112,*7E
$GPGSV,3,3,11,02,08,170,,26,08,064,,03,00,200,*4A
$GPRMC,132840.000,A,2632.7927,N,07703.1357,W,1.09,246.99,280324,,,A*7A
$GPVTG,246.99,T,,M,1.09,N,2.0,K,A*07
$GPGGA,132845.000,2632.7983,N,07703.1380,W,1,04,5.3,17.5,M,-33.0,M,,0000*52
$GPGSA,A,3,07,08,27,16,,,,,,,,,9.9,5.3,8.4*35
$GPGSV,3,1,11,08,77,170,23,04,57,203,,27,56,051,25,09,50,284,17*72
$GPGSV,3,2,11,16,31,041,21,07,24,316,20,21,15,158,,31,12,112,*74
$GPGSV,3,3,11,02,08,170,,26,08,064,,03,00,200,*4A
$GPRMC,132845.000,A,2632.7983,N,07703.1380,W,1.21,306.65,280324,,,A*77
$GPVTG,306.65,T,,M,1.21,N,2.2,K,A*09
$GPGGA,132850.000,2632.7947,N,07703.1410,W,1,05,5.0,21.5,M,-33.0,M,,0000*57
$GPGSA,A,3,07,08,27,09,16,,,,,,,,9.3,5.0,7.8*36
$GPGSV,3,1,11,08,77,170,17,04,57,203,,27,56,051,17,09,50,284,16*75
$GPGSV,3,2,11,16,31,041,20,07,24,316,21,21,15,158,,31,12,112,*74
$GPGSV,3,3,11,02,08,170,,26,08,064,,03,00,200,*4A
$GPRMC,132850.000,A,2632.7947,N,07703.1410,W,2.25,197.00,280324,,,A*7B
$GPGGA,132855.000,2632.7972,N,07703.1415,W,1,05,5.0,27.6,M,-33.0,M,,0000*54
$GPGSA,A,3,07,08,27,09,16,,,,,,,,9.3,5.0,7.8*36
$GPGSV,3,1,11,08,77,170,23,04,57,203,,27,56,051,22,09,50,284,15*77
$GPGSV,3,2,11,16,31,041,20,07,24,316,20,21,15,158,,31,12,112,*75
$GPGSV,3,3,11,02,08,170,,26,08,064,,03,00,200,*4A
$GPRMC,132855.000,A,2632.7972,N,07703.1415,W,1.88,359.97,280324,,,A*77
$GPVTG,359.97,T,,M,1.88,N,3.5,K,A*0B
$GPGGA,132900.000,2632.7946,N,07703.1382,W,1,05,5.0,13.6,M,-33.0,M,,0000*5C
$GPGSA,A,3,07,08,27,09,16,,,,,,,,9.3,5.0,7.8*36
$GPGSV,3,1,11,08,77,170,24,04,57,203,,27,56,051,26,09,50,284,18*79
$GPGSV,3,2,11,16,31,041,19,07,24,316,20,21,15,158,,31,12,112,*7F
$GPGSV,3,3,11,02,08,170,,26,08,064,,03,00,200,*4A
$GPRMC,132900.000,A,2632.7946,N,07703.1382,W,1.44,96.92,280324,,,A*4D
$GPVTG,96.92,T,,M,1.44,N,2.7,K,A*3D
$GPGGA,132905.000,2632.7918,N,07703.1363,W,1,05,5.1,7.5,M,-33.0,M,,0000*6A
$GPGSA,A,3,07,08,27,09,16,,,,,,,,9.3,5.1,7.8*37
$GPGSV,3,1,11,08,77,170,24,04,57,203,,27,56,051,26,09,50,284,19*78
$GPGSV,3,2,11,16,31,041,21,07,24,316,21,21,15,158,,31,12,112,*75
$GPGSV,3,3,11,02,08,170,,26,08,064,,03,00,200,*4A
$GPRMC,132905.000,A,2632.7918,N,07703.1363,W,0.72,138.87,280324,,,A*79
$GPVTG,138.87,T,,M,0.72,N,1.3,K,A*0F
$GPGGA,132910.000,2632.7876,N,07703.1342,W,1,05,5.1,-2.1,M,-33.0,M,,0000*48
$GPGSA,A,3,07,08,27,09,16,,,,,,,,9.3,5.1,7.8*37
$GPGSV,3,1,11,08,77,170,24,04,57,203,,27,56,051,26,09,50,284,20*72
$GPGSV,3,2,11,16,31,041,14,07,24,316,21,21,15,158,,31,12,112,*73
$GPGSV,3,3,11,02,08,170,,26,08,064,,03,00,200,*4A
$GPRMC,132910.000,A,2632.7876,N,07703.1342,W,0.59,72.06,280324,,,A*48
$GPVTG,72.06,T,,M,0.59,N,1.1,K,A*32
$GPGGA,132915.000,2632.7910,N,07703.1362,W,1,04,2.1,2.7,M,-33.0,M,,0000*63
$GPGSA,A,3,07,08,27,09,,,,,,,,,2.3,2.1,1.0*32
$GPGSV,3,1,11,08,77,170,23,04,57,203,,27,56,051,26,09,50,284,20*75
$GPGSV,3,2,11,16,31,041,,07,24,316,21,21,15,158,,31,12,112,*76
$GPGSV,3,3,11,02,08,170,,26,08,064,,03,00,200,*4A
$GPVTG,205.86,T,,M,1.73,N,3.2,K,A*00
$GPGGA,132920.000,2632.7890,N,07703.1350,W,1,04,2.1,4.9,M,-33.0,M,,0000*65
$GPGSA,A,3,07,08,27,09,,,,,,,,,2.3,2.1,1.0*32
$GPGSV,3,1,11,08,77,170,23,04,57,203,,27,56,051,25,09,50,284,20*76
$GPGSV,3,2,11,16,31,041,,07,24,316,14,21,15,158,,31,12,112,*70
$GPGSV,3,3,11,02,08,170,,26,08,064,,03,00,200,*4A
$GPRMC,132920.000,A,2632.7890,N,07703.1350,W,1.96,148.47,280324,,,A*7F
$GPVTG,148.47,T,,M,1.96,N,3.6,K,A*08
$GPGGA,132925.000,2632.7849,N,07703.1361,W,1,03,3.0,1.1,M,-33.0,M,,0000*6C
$GPGSA,A,2,08,27,09,,,,,,,,,,3.1,3.0,1.0*37
$GPGSV,3,1,11,08,77,170,21,04,57,203,,27,56,051,24,09,50,284,17*71
$GPGSV,3,2,11,16,31,041,,07,24,316,,21,15,158,,31,12,112,*75
$GPGSV,3,3,11,02,08,170,,26,08,064,,03,00,200,*4A
$GPRMC,132925.000,A,2632.7849,N,07703.1361,W,1.85,225.81,280324,,,A*7C
$GPVTG,225.81,T,,M,1.85,N,3.4,K,N*05
$GPGGA,132930.000,2632.7889,N,07703.1336,W,1,03,3.0,0.2,M,-33.0,M,,0000*64
$GPGSA,A,2,08,27,09,,,,,,,,,,3.1,3.0,1.0*37
$GPGSV,3,1,11,08,77,170,21,04,57,203,,27,56,051,23,09,50,284,17*76
$GPGSV,3,2,11,16,31,041,,07,24,316,,21,15,158,,31,12,112,*75
$GPGSV,3,3,11,02,08,170,,26,08,064,,03,00,200,*4A
$GPRMC,132930.000,A,2632.7889,N,07703.1336,W,3.66,33.93,280324,,,A*4F
$GPVTG,33.93,T,,M,3.66,N,6.8,K,N*35
$GPGGA,132935.000,2632.7931,N,07703.1324,W,1,03,3.0,1.3,M,-33.0,M,,0000*60
$GPGSA,A,2,08,27,09,,,,,,,,,,3.1,3.0,1.0*37
$GPGSV,3,1,11,08,77,170,21,04,57,203,16,27,56,051,23,09,50,284,16*70
$GPGSV,3,2,11,16,31,041,13,07,24,316,,21,15,158,,31,12,112,*77
$GPGSV,3,3,11,02,08,170,,26,08,064,,03,00,200,*4A
$GPRMC,132935.000,A,2632.7931,N,07703.1324,W,2.59,333.96,280324,,,A*70
$GPVTG,333.96,T,,M,2.59,N,4.8,K,A*03
$GPGGA,132940.000,2632.7960,N,07703.1348,W,1,04,6.3,10.4,M,-33.0,M,,0000*5A
$GPGSA,A,3,08,27,16,31,,,,,,,,,9.1,6.3,6.6*37
$GPGSV,3,1,11,08,77,170,21,04,57,203,,27,56,051,22,09,50,284,*71
$GPGSV,3,2,11,16,31,041,14,07,24,316,,21,15,158,,31,12,112,12*73
$GPGSV,3,3,11,02,08,170,,26,08,064,,03,00,200,*4A
$GPRMC,132940.000,A,2632.7960,N,07703.1348,W,1.75,310.43,280324,,,A*78
$GPGGA,132945.000,2632.7961,N,07703.1349,W,1,03,2.5,4.5,M,-33.0,M,,0000*6E
$GPGSA,A,2,08,27,07,,,,,,,,,,2.7,2.5,1.0*3A
$GPGSV,3,1,11,08,77,170,21,04,57,203,,27,56,051,23,09,50,284,*70
$GPGSV,3,2,11,16,31,041,18,07,24,316,21,21,15,158,,31,12,112,*7F
$GPGSV,3,3,11,02,08,170,,26,08,064,,03,00,200,*4A
$GPRMC,132945.000,A,2632.7961,N,07703.1349,W,0.76,184.64,280324,,,A*75
$GPVTG,184.64,T,,M,0.76,N,1.4,K,A*06
$GPGGA,132950.000,2632.7918,N,07703.1375,W,1,04,5.3,-0.9,M,-33.0,M,,0000*48
$GPGSA,A,3,08,27,16,07,,,,,,,,,9.8,5.3,8.2*32
$GPGSV,3,1,11,08,77,170,21,04,57,203,,27,56,051,23,09,50,284,*70
$GPGSV,3,2,11,16,31,041,17,07,24,316,23,21,15,158,,31,12,112,*72
$GPGSV,3,3,11,02,08,170,,26,08,064,,03,00,200,*4A
$GPRMC,132950.000,A,2632.7918,N,07703.1375,W,0.66,149.09,280324,,,A*7B
$GPVTG,149.09,T,,M,0.66,N,1.2,K,A*0B
$GPGGA,132955.000,2632.7872,N,07703.1349,W,1,04,5.3,-5.3,M,-33.0,M,,0000*40
$GPGSA,A,3,08,27,16,07,,,,,,,,,9.8,5.3,8.2*32
$GPGSV,3,1,11,08,77,170,22,04,57,203,,27,56,051,25,09,50,284,*75
$GPGSV,3,2,11,16,31,041,27,07,24,316,19,21,15,158,,31,12,112,*78
$GPGSV,3,3,11,02,08,170,,26,08,064,,03,00,200,*4A
$GPRMC,132955.000,A,2632.7872,N,07703.1349,W,2.03,150.12,280324,,,A*7F
$GPVTG,150.12,T,,M,2.03,N,3.8,K,A*00
$GPGGA,133000.000,2632.7918,N,07703.1350,W,1,05,1.6,2.3,M,-33.0,M,,0000*67
$GPGSA,A,3,08,27,16,31,07,,,,,,,,2.3,1.6,1.7*3D
$GPGSV,3,1,11,08,77,170,24,04,57,203,,27,56,051,25,09,50,284,*73
$GPGSV,3,2,11,16,31,041,26,07,24,316,20,21,15,158,,31,12,112,18*7A
$GPGSV,3,3,11,02,08,170,,26,08,064,,03,00,200,*4A
$GPVTG,5.93,T,,M,0.62,N,1.2,K,A*05
$GPGGA,133005.000,2632.7921,N,07703.1348,W,1,05,1.6,5.2,M,-33.0,M,,0000*67
$GPGSA,A,3,08,27,16,31,07,,,,,,,,2.3,1.6,1.7*3D
$GPGSV,3,1,11,08,77,170,24,04,57,203,,27,56,051,24,09,50,284,*72
$GPGSV,3,2,11,16,31,041,26,07,24,316,21,21,15,158,,31,12,112,17*74
$GPGSV,3,3,11,02,08,170,,26,08,064,,03,00,200,*4A
$GPRMC,133005.000,A,2632.7921,N,07703.1348,W,0.43,30.24,280324,,,A*40
$GPVTG,30.24,T,,M,0.43,N,0.8,K,A*37
$GPGGA,133010.000,2632.7929,N,07703.1357,W,1,06,1.2,7.2,M,-33.0,M,,0000*60
$GPGSA,A,3,08,27,16,31,07,21,,,,,,,2.0,1.2,1.5*3B
$GPGSV,3,1,11,08,77,170,25,04,57,203,,27,56,051,24,09,50,284,*73
$GPGSV,3,2,11,16,31,041,26,07,24,316,20,21,15,158,14,31,12,112,18*7F
$GPGSV,3,3,11,02,08,170,,26,08,064,,03,00,200,*4A
$GPRMC,133010.000,A,2632.7929,N,07703.1357,W,0.76,154.67,280324,,,A*70
$GPVTG,154.67,T,,M,0.76,N,1.4,K,A*08
$GPGGA,133015.000,2632.7924,N,07703.1354,W,1,05,1.6,10.3,M,-33.0,M,,0000*5B
$GPGSA,A,3,08,27,16,31,07,,,,,,,,2.3,1.6,1.7*3D
$GPGSV,3,1,11,08,77,170,25,04,57,203,,27,56,051,23,09,50,284,*74
$GPGSV,3,2,11,16,31,041,26,07,24,316,20,21,15,158,,31,12,112,17*75
$GPGSV,3,3,11,02,08,170,,26,08,064,,03,00,200,*4A
$GPRMC,133015.000,A,2632.7924,N,07703.1354,W,0.47,323.24,280324,,,A*7C
$GPVTG,323.24,T,,M,0.47,N,0.9,K,A*03
$GPGGA,133020.000,2632.7914,N,07703.1378,W,1,05,1.6,10.5,M,-33.0,M,,0000*56
$GPGSA,A,3,08,27,16,31,07,,,,,,,,2.3,1.6,1.7*3D
$GPGSV,3,1,11,08,77,170,25,04,57,203,,27,56,051,23,09,50,284,*74
$GPGSV,3,2,11,16,31,041,26,07,24,316,22,21,15,158,,31,12,112,17*77
$GPGSV,3,3,11,02,08,170,,26,08,064,,03,00,200,*4A
$GPRMC,133020.000,A,2632.7914,N,07703.1378,W,0.80,301.88,280324,,,A*7A
$GPVTG,301.88,T,,M,0.80,N,1.5,K,A*03
$GPGGA,133025.000,2632.7922,N,07703.1379,W,1,05,1.6,8.0,M,-33.0,M,,0000*6B
$GPGSA,A,3,08,27,16,31,07,,,,,,,,2.3,1.6,1.7*3D
$GPGSV,3,1,11,08,77,170,24,04,57,203,,27,56,051,23,09,50,284,*75
$GPGSV,3,2,11,16,31,041,25,07,24,316,23,21,15,158,,31,12,112,17*75
$GPGSV,3,3,11,02,08,170,,26,08,064,,03,00,200,*4A
$GPVTG,2.09,T,,M,0.36,N,0.7,K,A*04
$GPGGA,133030.000,2632.7924,N,07703.1369,W,1,05,1.6,10.3,M,-33.0,M,,0000*52
$GPGSA,A,3,08,27,16,31,07,,,,,,,,2.3,1.6,1.7*3D
$GPGSV,3,1,11,08,77,170,24,04,57,203,,27,56,051,24,09,50,284,*72
$GPGSV,3,2,11,16,31,041,24,07,24,316,24,21,15,158,,31,12,112,17*73
$GPGSV,3,3,11,02,08,170,,26,08,064,,03,00,200,*4A
$GPRMC,133030.000,A,2632.7924,N,07703.1369,W,0.42,275.56,280324,,,A*77
$GPVTG,275.56,T,,M,0.42,N,0.8,K,A*00
$GPGGA,133035.000,2632.7941,N,07703.1363,W,1,05,1.6,11.5,M,-33.0,M,,0000*59
$GPGSA,A,3,08,27,16,31,07,,,,,,,,2.3,1.6,1.7*3D
$GPGSV,3,1,11,08,77,170,24,04,57,203,,27,56,051,24,09,50,284,*72
$GPGSV,3,2,11,16,31,041,23,07,24,316,25,21,15,158,,31,12,112,17*75
$GPGSV,3,3,11,02,08,170,,26,08,064,,03,00,200,*4A
$GPRMC,133035.000,A,2632.7941,N,07703.1363,W,0.41,56.40,280324,,,A*4C
$GPVTG,56.40,T,,M,0.41,N,0.8,K,A*37
$GPGGA,133040.000,2632.7933,N,07703.1354,W,1,05,1.6,10.9,M,-33.0,M,,0000*57
$GPGSA,A,3,08,27,16,31,07,,,,,,,,2.3,1.6,1.7*3D
$GPGSV,3,1,11,08,77,170,24,04,57,203,,27,56,051,24,09,50,284,*72
$GPGSV,3,2,11,16,31,041,24,07,24,316,19,21,15,158,,31,12,112,16*7C
$GPGSV,3,3,11,02,08,170,,26,08,064,,03,00,200,*4A
$GPRMC,133040.000,A,2632.7933,N,07703.1354,W,0.91,156.31,280324,,,A*75
$GPVTG,156.31,T,,M,0.91,N,1.7,K,A*03
$GPGGA,133045.000,2632.7940,N,07703.1374,W,1,05,1.6,10.1,M,-33.0,M,,0000*5C
$GPGSA,A,3,08,27,16,31,07,,,,,,,,2.3,1.6,1.7*3D
$GPGSV,3,1,11,08,79,167,24,04,56,201,,27,55,049,23,09,50,282,13*70
$GPGSV,3,2,11,16,30,042,25,07,25,317,20,21,16,158,,31,11,113,16*74
$GPGSV,3,3,11,02,09,170,,26,07,065,,03,00,199,*46
$GPRMC,133045.000,A,2632.7940,N,07703.1374,W,1.69,316.69,280324,,,A*7B
$GPVTG,316.69,T,,M,1.69,N,3.1,K,A*0A
$GPGGA,133050.000,2632.7972,N,07703.1359,W,1,05,1.6,18.2,M,-33.0,M,,0000*5D
$GPGSA,A,3,08,27,16,31,07,,,,,,,,2.3,1.6,1.7*3D
$GPGSV,3,1,11,08,79,167,24,04,56,201,,27,55,049,23,09,50,282,*72
$GPGSV,3,2,11,16,30,042,25,07,25,317,25,21,16,158,,31,11,113,15*72
$GPGSV,3,3,11,02,09,170,,26,07,065,,03,00,199,*46
$GPVTG,15.24,T,,M,1.88,N,3.5,K,A*38
$GPGGA,133055.000,2632.7969,N,07703.1366,W,1,04,6.6,16.7,M,-33.0,M,,0000*53
$GPGSA,A,3,08,27,16,31,,,,,,,,,9.4,6.6,6.8*39
$GPGSV,3,1,11,08,79,167,24,04,56,201,,27,55,049,24,09,50,282,*75
$GPGSV,3,2,11,16,30,042,30,07,25,317,16,21,16,158,,31,11,113,16*75
$GPGSV,3,3,11,02,09,170,,26,07,065,,03,00,199,*46
$GPRMC,133055.000,A,2632.7969,N,07703.1366,W,0.80,60.18,280324,,,A*40
$GPVTG,60.18,T,,M,0.80,N,1.5,K,A*3E
$GPGGA,133100.000,2632.7961,N,07703.1356,W,1,03,6.2,17.1,M,-33.0,M,,0000*5D
$GPGSA,A,2,27,16,31,,,,,,,,,,6.3,6.2,1.0*33
$GPGSV,3,1,11,08,79,167,,04,56,201,,27,55,049,17,09,50,282,*73
$GPGSV,3,2,11,16,30,042,21,07,25,317,17,21,16,158,,31,11,113,14*76
$GPGSV,3,3,11,02,09,170,,26,07,065,,03,00,199,*46
$GPRMC,133100.000,A,2632.7961,N,07703.1356,W,0.87,170.42,280324,,,A*72
$GPVTG,170.42,T,,M,0.87,N,1.6,K,A*05
$GPGGA,133105.000,2632.7949,N,07703.1354,W,6,00,50.0,18.3,M,-33.0,M,,0000*68
$GPGSA,A,2,,,,,,,,,,,,,50.0,50.0,50.0*06
$GPGSV,3,1,11,08,79,167,,04,56,201,,27,55,049,16,09,50,282,*72
$GPGSV,3,2,11,16,30,042,22,07,25,317,15,21,16,158,,31,11,113,*72
$GPGSV,3,3,11,02,09,170,,26,07,065,,03,00,199,*46
$GPRMC,133105.000,A,2632.7949,N,07703.1354,W,0.87,170.42,280324,,,E*7B
$GPVTG,170.42,T,,M,0.87,N,1.6,K,N*0A
$GPGGA,133110.000,2632.7923,N,07703.1446,W,1,03,5.2,17.7,M,-33.0,M,,0000*59
$GPGSA,A,2,27,16,07,,,,,,,,,,5.3,5.2,1.0*36
$GPGSV,3,1,11,08,79,167,,04,56,201,,27,55,049,22,09,50,282,*75
$GPGSV,3,2,11,16,30,042,23,07,25,317,15,21,16,158,,31,11,113,*73
$GPGSV,3,3,11,02,09,170,,26,07,065,,03,00,199,*46
$GPRMC,133110.000,A,2632.7923,N,07703.1446,W,1.92,243.98,280324,,,A*72
$GPVTG,243.98,T,,M,1.92,N,3.6,K,N*09
$GPGGA,133115.000,2632.8045,N,07703.1430,W,1,03,5.2,15.6,M,-33.0,M,,0000*58
$GPGSA,A,2,27,16,07,,,,,,,,,,5.3,5.2,1.0*36
$GPGSV,3,1,11,08,79,167,,04,56,201,,27,55,049,23,09,50,282,*74
$GPGSV,3,2,11,16,30,042,23,07,25,317,15,21,16,158,,31,11,113,*73
$GPGSV,3,3,11,02,09,170,,26,07,065,,03,00,199,*46
$GPRMC,133115.000,A,2632.8045,N,07703.1430,W,3.26,343.35,280324,,,A*7B
$GPGGA,133120.000,2632.8030,N,07703.1483,W,6,00,50.0,15.4,M,-33.0,M,,0000*60
$GPGSA,A,2,,,,,,,,,,,,,50.0,50.0,50.0*06
$GPGSV,3,1,11,08,79,167,,04,56,201,,27,55,049,19,09,50,282,*7D
$GPGSV,3,2,11,16,30,042,23,07,25,317,,21,16,158,,31,11,113,*77
$GPGSV,3,3,11,02,09,170,,26,07,065,,03,00,199,*46
$GPRMC,133120.000,A,2632.8030,N,07703.1483,W,2.83,282.81,280324,,,E*7E
$GPVTG,282.81,T,,M,2.83,N,5.2,K,N*0D
$GPGGA,133125.000,2632.8079,N,07703.1500,W,1,03,50.0,22.8,M,-33.0,M,,0000*6E
$GPGSA,A,2,08,16,27,,,,,,,,,,50.0,50.0,1.0*38
$GPGSV,3,1,11,08,79,167,16,04,56,201,,27,55,049,19,09,50,282,*7A
$GPGSV,3,2,11,16,30,042,22,07,25,317,,21,16,158,,31,11,113,*76
$GPGSV,3,3,11,02,09,170,,26,07,065,,03,00,199,*46
$GPRMC,133125.000,A,2632.8079,N,07703.1500,W,1.27,330.64,280324,,,A*76
$GPVTG,330.64,T,,M,1.27,N,2.4,K,N*02
$GPGGA,133130.000,2632.8120,N,07703.1521,W,6,00,50.0,24.9,M,-33.0,M,,0000*67
$GPGSA,A,2,,,,,,,,,,,,,50.0,50.0,50.0*06
$GPGSV,3,1,11,08,79,167,16,04,56,201,,27,55,049,19,09,50,282,*7A
$GPGSV,3,2,11,16,30,042,20,07,25,317,,21,16,158,,31,11,113,*74
$GPGSV,3,3,11,02,09,170,,26,07,065,,03,00,199,*46
$GPRMC,133130.000,A,2632.8120,N,07703.1521,W,1.77,291.05,280324,,,E*70
$GPVTG,291.05,T,,M,1.77,N,3.3,K,N*0C
$GPGGA,133135.000,2632.7961,N,07703.1364,W,1,04,6.7,24.8,M,-33.0,M,,0000*51
$GPGSA,A,3,08,16,27,31,,,,,,,,,9.6,6.7,6.9*3B
$GPGSV,3,1,11,08,79,167,16,04,56,201,,27,55,049,21,09,50,282,*71
$GPGSV,3,2,11,16,30,042,20,07,25,317,,21,16,158,,31,11,113,17*72
$GPGSV,3,3,11,02,09,170,,26,07,065,,03,00,199,*46
$GPVTG,136.71,T,,M,3.26,N,6.0,K,A*0E
$GPGGA,133140.000,2632.7908,N,07703.1361,W,1,05,1.6,15.1,M,-33.0,M,,0000*55
$GPGSA,A,3,08,16,27,07,31,,,,,,,,2.3,1.6,1.7*3D
$GPGSV,3,1,11,08,79,167,16,04,56,201,,27,55,049,21,09,50,282,*71
$GPGSV,3,2,11,16,30,042,26,07,25,317,23,21,16,158,,31,11,113,16*74
$GPGSV,3,3,11,02,09,170,,26,07,065,,03,00,199,*46
$GPRMC,133140.000,A,2632.7908,N,07703.1361,W,1.79,155.93,280324,,,A*76
$GPVTG,155.93,T,,M,1.79,N,3.3,K,A*09
$GPGGA,133145.000,2632.7900,N,07703.1366,W,1,04,6.8,9.4,M,-33.0,M,,0000*6F
$GPGSA,A,3,08,16,27,31,,,,,,,,,9.7,6.8,6.9*35
$GPGSV,3,1,11,08,79,167,18,04,56,201,,27,55,049,23,09,50,282,*7D
$GPGSV,3,2,11,16,30,042,21,07,25,317,,21,16,158,,31,11,113,15*71
$GPGSV,3,3,11,02,09,170,,26,07,065,,03,00,199,*46
$GPRMC,133145.000,A,2632.7900,N,07703.1366,W,0.63,230.99,280324,,,A*7C
$GPVTG,230.99,T,,M,0.63,N,1.2,K,A*0A
$GPGGA,133150.000,2632.7931,N,07703.1351,W,1,04,6.8,8.0,M,-33.0,M,,0000*68
$GPGSA,A,3,08,16,27,31,,,,,,,,,9.7,6.8,6.9*35
$GPGSV,3,1,11,08,79,167,19,04,56,201,,27,55,049,23,09,50,282,*7C
$GPGSV,3,2,11,16,30,042,24,07,25,317,,21,16,158,,31,11,113,15*74
$GPGSV,3,3,11,02,09,170,,26,07,065,,03,00,199,*46
$GPRMC,133150.000,A,2632.7931,N,07703.1351,W,0.56,11.44,280324,,,A*49
$GPVTG,11.44,T,,M,0.56,N,1.0,K,A*3F
$GPGGA,133155.000,2632.7921,N,07703.1326,W,1,04,6.8,6.3,M,-33.0,M,,0000*61
$GPGSA,A,3,08,16,27,31,,,,,,,,,9.7,6.8,6.9*35
$GPGSV,3,1,11,08,79,167,20,04,56,201,,27,55,049,23,09,50,282,*76
$GPGSV,3,2,11,16,30,042,22,07,25,317,,21,16,158,,31,11,113,14*73
$GPGSV,3,3,11,02,09,170,,26,07,065,,03,00,199,*46
$GPRMC,133155.000,A,2632.7921,N,07703.1326,W,2.23,136.66,280324,,,A*79
$GPVTG,136.66,T,,M,2.23,N,4.1,K,A*0F
$GPGGA,133200.000,2632.7932,N,07703.1364,W,1,04,6.8,-6.8,M,-33.0,M,,0000*40
$GPGSA,A,3,08,16,27,31,,,,,,,,,9.7,6.8,7.0*3D
$GPGSV,3,1,11,08,79,167,21,04,56,201,,27,55,049,23,09,50,282,*77
$GPGSV,3,2,11,16,30,042,21,07,25,317,,21,16,158,,31,11,113,14*70
$GPGSV,3,3,11,02,09,170,,26,07,065,,03,00,199,*46
$GPVTG,243.46,T,,M,1.03,N,1.9,K,A*00
$GPGGA,133205.000,2632.7953,N,07703.1474,W,1,04,6.8,-21.2,M,-33.0,M,,0000*7B
$GPGSA,A,3,08,16,27,31,,,,,,,,,9.8,6.8,7.0*32
$GPGSV,3,1,11,08,79,167,21,04,56,201,,27,55,049,22,09,50,282,*76
$GPGSV,3,2,11,16,30,042,21,07,25,317,,21,16,158,,31,11,113,14*70
$GPGSV,3,3,11,02,09,170,,26,07,065,,03,00,199,*46
$GPRMC,133205.000,A,2632.7953,N,07703.1474,W,3.39,276.23,280324,,,A*76
$GPVTG,276.23,T,,M,3.39,N,6.3,K,A*03
$GPGGA,133210.000,2632.7967,N,07703.1558,W,1,04,6.9,-24.4,M,-33.0,M,,0000*75
$GPGSA,A,3,08,16,27,31,,,,,,,,,9.8,6.9,7.0*33
$GPGSV,3,1,11,08,79,167,21,04,56,201,,27,55,049,22,09,50,282,17*70
$GPGSV,3,2,11,16,30,042,22,07,25,317,,21,16,158,,31,11,113,15*72
$GPGSV,3,3,11,02,09,170,,26,07,065,,03,00,199,*46
$GPRMC,133210.000,A,2632.7967,N,07703.1558,W,5.56,289.73,280324,,,A*70
$GPVTG,289.73,T,,M,5.56,N,10.3,K,A*3E
$GPGGA,133215.000,2632.7972,N,07703.1398,W,1,05,1.7,4.2,M,-33.0,M,,0000*6F
$GPGSA,A,3,08,16,27,09,31,,,,,,,,2.8,1.7,2.3*3E
$GPGSV,3,1,11,08,79,167,21,04,56,201,,27,55,049,22,09,50,282,17*70
$GPGSV,3,2,11,16,30,042,22,07,25,317,16,21,16,158,,31,11,113,15*75
$GPGSV,3,3,11,02,09,170,,26,07,065,,03,00,199,*46
$GPRMC,133215.000,A,2632.7972,N,07703.1398,W,0.20,172.79,280324,,,A*72
$GPVTG,172.79,T,,M,0.20,N,0.4,K,A*01
$GPGGA,133220.000,2632.7955,N,07703.1392,W,1,06,1.4,6.9,M,-33.0,M,,0000*6F
$GPGSA,A,3,08,16,27,09,31,07,,,,,,,2.2,1.4,1.7*37
$GPGSV,3,1,11,08,79,167,21,04,56,201,,27,55,049,22,09,50,282,17*70
$GPGSV,3,2,11,16,30,042,23,07,25,317,16,21,16,158,,31,11,113,14*75
$GPGSV,3,3,11,02,09,170,,26,07,065,,03,00,199,*46
$GPRMC,133220.000,A,2632.7955,N,07703.1392,W,0.47,17.95,280324,,,A*4A
$GPVTG,17.95,T,,M,0.47,N,0.9,K,A*3D
$GPGGA,133225.000,2632.7962,N,07703.1373,W,1,06,1.4,11.5,M,-33.0,M,,0000*5B
$GPGSA,A,3,08,16,27,09,31,07,,,,,,,2.2,1.4,1.7*37
$GPGSV,3,1,11,08,79,167,21,04,56,201,,27,55,049,22,09,50,282,16*71
$GPGSV,3,2,11,16,30,042,24,07,25,317,17,21,16,158,,31,11,113,15*72
$GPGSV,3,3,11,02,09,170,,26,07,065,,03,00,199,*46
$GPRMC,133225.000,A,2632.7962,N,07703.1373,W,0.57,46.35,280324,,,A*4B
$GPGGA,133230.000,2632.7956,N,07703.1371,W,1,05,1.6,6.9,M,-33.0,M,,0000*61
$GPGSA,A,3,08,16,27,31,07,,,,,,,,2.3,1.6,1.7*3D
$GPGSV,3,1,11,08,79,167,22,04,56,201,,27,55,049,15,09,50,282,17*77
$GPGSV,3,2,11,16,30,042,24,07,25,317,18,21,16,158,,31,11,113,16*7E
$GPGSV,3,3,11,02,09,170,,26,07,065,,03,00,199,*46
$GPRMC,133230.000,A,2632.7956,N,07703.1371,W,1.34,357.22,280324,,,A*7B
$GPVTG,357.22,T,,M,1.34,N,2.5,K,A*0D
$GPGGA,133235.000,2632.7954,N,07703.1351,W,1,06,1.4,10.2,M,-33.0,M,,0000*59
$GPGSA,A,3,08,16,27,09,31,07,,,,,,,2.2,1.4,1.7*37
$GPGSV,3,1,11,08,79,167,22,04,56,201,,27,55,049,18,09,50,282,15*78
$GPGSV,3,2,11,16,30,042,24,07,25,317,20,21,16,158,,31,11,113,16*75
$GPGSV,3,3,11,02,09,170,,26,07,065,,03,00,199,*46
$GPRMC,133235.000,A,2632.7954,N,07703.1351,W,0.14,169.69,280324,,,A*7D
$GPVTG,169.69,T,,M,0.14,N,0.3,K,A*0A
$GPGGA,133240.000,2632.7969,N,07703.1350,W,1,05,1.6,10.2,M,-33.0,M,,0000*55
$GPGSA,A,3,08,16,27,31,07,,,,,,,,2.3,1.6,1.7*3D
$GPGSV,3,1,11,08,79,167,22,04,56,201,,27,55,049,19,09,50,282,*7D
$GPGSV,3,2,11,16,30,042,24,07,25,317,21,21,16,158,,31,11,113,17*75
$GPGSV,3,3,11,02,09,170,,26,07,065,,03,00,199,*46
$GPRMC,133240.000,A,2632.7969,N,07703.1350,W,0.53,157.32,280324,,,A*70
$GPVTG,157.32,T,,M,0.53,N,1.0,K,A*08
$GPGGA,133245.000,2632.7963,N,07703.1358,W,1,05,1.6,10.1,M,-33.0,M,,0000*51
$GPGSA,A,3,08,16,27,31,07,,,,,,,,2.3,1.6,1.7*3D
$GPGSV,3,1,11,08,79,167,22,04,56,201,,27,55,049,24,09,50,282,*73
$GPGSV,3,2,11,16,30,042,25,07,25,317,13,21,16,158,,31,11,113,18*7A
$GPGSV,3,3,11,02,09,170,,26,07,065,,03,00,199,*46
$GPRMC,133245.000,A,2632.7963,N,07703.1358,W,1.03,346.28,280324,,,A*7A
$GPVTG,346.28,T,,M,1.03,N,1.9,K,A*0C
$GPGGA,133250.000,2632.7952,N,07703.1365,W,1,04,7.0,7.6,M,-33.0,M,,0000*69
$GPGSA,A,3,08,16,27,31,,,,,,,,,10.0,7.0,7.1*0A
$GPGSV,3,1,11,08,79,167,22,04,56,201,,27,55,049,22,09,50,282,*75
$GPGSV,3,2,11,16,30,042,25,07,25,317,,21,16,158,,31,11,113,19*79
$GPGSV,3,3,11,02,09,170,,26,07,065,,03,00,199,*46
$GPVTG,225.97,T,,M,0.35,N,0.6,K,A*06
$GPGGA,133255.000,2632.7951,N,07703.1376,W,1,04,2.2,4.7,M,-33.0,M,,0000*68
$GPGSA,A,3,08,16,27,31,,,,,,,,,2.4,2.2,1.0*3D
$GPGSV,3,1,11,08,79,167,22,04,56,201,,27,55,049,22,09,50,282,*75
$GPGSV,3,2,11,16,30,042,25,07,25,317,,21,16,158,,31,11,113,19*79
$GPGSV,3,3,11,02,09,170,,26,07,065,,03,00,199,*46
$GPRMC,133255.000,A,2632.7951,N,07703.1376,W,0.96,329.56,280324,,,A*7B
$GPVTG,329.56,T,,M,0.96,N,1.8,K,A*00
$GPGGA,133300.000,2632.7958,N,07703.1383,W,1,04,2.2,1.5,M,-33.0,M,,0000*6D
$GPGSA,A,3,08,16,27,31,,,,,,,,,2.4,2.2,1.0*3D
$GPGSV,3,1,11,08,79,167,21,04,56,201,,27,55,049,22,09,50,282,*76
$GPGSV,3,2,11,16,30,042,25,07,25,317,,21,16,158,,31,11,113,19*79
$GPGSV,3,3,11,02,09,170,,26,07,065,,03,00,199,*46
$GPRMC,133300.000,A,2632.7958,N,07703.1383,W,0.77,212.96,280324,,,A*73
$GPVTG,212.96,T,,M,0.77,N,1.4,K,A*06
$GPGGA,133305.000,2632.7956,N,07703.1434,W,1,05,1.6,-6.1,M,-33.0,M,,0000*45
$GPGSA,A,3,08,16,27,31,07,,,,,,,,2.3,1.6,1.7*3D
$GPGSV,3,1,11,08,79,167,21,04,56,201,,27,55,049,23,09,50,282,*77
$GPGSV,3,2,11,16,30,042,24,07,25,317,18,21,16,158,,31,11,113,19*71
$GPGSV,3,3,11,02,09,170,,26,07,065,,03,00,199,*46
$GPRMC,133305.000,A,2632.7956,N,07703.1434,W,1.56,223.45,280324,,,A*7D
$GPVTG,223.45,T,,M,1.56,N,2.9,K,A*06
$GPGGA,133310.000,2632.7935,N,07703.1421,W,1,05,1.6,-6.0,M,-33.0,M,,0000*41
$GPGSA,A,3,08,16,27,31,07,,,,,,,,2.3,1.6,1.7*3D
$GPGSV,3,1,11,08,79,167,22,04,56,201,,27,55,049,22,09,50,282,*75
$GPGSV,3,2,11,16,30,042,25,07,25,317,18,21,16,158,,31,11,113,18*71
$GPGSV,3,3,11,02,09,170,,26,07,065,,03,00,199,*46
$GPRMC,133310.000,A,2632.7935,N,07703.1421,W,0.27,238.35,280324,,,A*72
$GPVTG,238.35,T,,M,0.27,N,0.5,K,A*02
$GPGGA,133315.000,2632.7948,N,07703.1434,W,1,04,2.2,-4.2,M,-33.0,M,,0000*4C
$GPGSA,A,3,08,16,27,31,,,,,,,,,2.5,2.2,1.0*3C
$GPGSV,3,1,11,08,79,167,21,04,56,201,,27,55,049,22,09,50,282,*76
$GPGSV,3,2,11,16,30,042,24,07,25,317,17,21,16,158,,31,11,113,18*7F
$GPGSV,3,3,11,02,09,170,,26,07,065,,03,00,199,*46
$GPRMC,133315.000,A,2632.7948,N,07703.1434,W,1.01,28.11,280324,,,A*49
$GPGGA,133320.000,2632.7929,N,07703.1432,W,1,05,1.6,-4.1,M,-33.0,M,,0000*4E
$GPGSA,A,3,08,16,27,31,07,,,,,,,,2.3,1.6,1.7*3D
$GPGSV,3,1,11,08,79,167,21,04,56,201,,27,55,049,22,09,50,282,*76
$GPGSV,3,2,11,16,30,042,24,07,25,317,18,21,16,158,,31,11,113,18*70
$GPGSV,3,3,11,02,09,170,,26,07,065,,03,00,199,*46
$GPRMC,133320.000,A,2632.7929,N,07703.1432,W,0.95,175.76,280324,,,A*7A
$GPVTG,175.76,T,,M,0.95,N,1.8,K,A*0A
$GPGGA,133325.000,2632.7933,N,07703.1413,W,1,07,1.1,0.8,M,-33.0,M,,0000*66
$GPGSA,A,3,08,16,27,21,31,07,09,,,,,,1.9,1.1,1.5*3B
$GPGSV,3,1,11,08,79,167,22,04,56,201,,27,55,049,21,09,50,282,18*7F
$GPGSV,3,2,11,16,30,042,24,07,25,317,19,21,16,158,16,31,11,113,18*76
$GPGSV,3,3,11,02,09,170,,26,07,065,,03,00,199,*46
$GPRMC,133325.000,A,2632.7933,N,07703.1413,W,0.36,334.95,280324,,,A*74
$GPVTG,334.95,T,,M,0.36,N,0.7,K,A*07
$GPGGA,133330.000,2632.7959,N,07703.1383,W,1,07,1.1,6.8,M,-33.0,M,,0000*66
$GPGSA,A,3,08,16,27,21,31,07,09,,,,,,1.9,1.1,1.6*38
$GPGSV,3,1,11,08,79,167,22,04,56,201,,27,55,049,21,09,50,282,19*7E
$GPGSV,3,2,11,16,30,042,22,07,25,317,23,21,16,158,15,31,11,113,18*7A
$GPGSV,3,3,11,02,09,170,,26,07,065,,03,00,199,*46
$GPRMC,133330.000,A,2632.7959,N,07703.1383,W,2.14,39.90,280324,,,A*4B
$GPVTG,39.90,T,,M,2.14,N,4.0,K,A*3D
$GPGGA,133335.000,2632.7962,N,07703.1364,W,1,06,1.4,9.6,M,-33.0,M,,0000*67
$GPGSA,A,3,08,16,27,31,07,09,,,,,,,2.1,1.4,1.7*34
$GPGSV,3,1,11,08,79,167,23,04,56,201,,27,55,049,20,09,50,282,20*74
$GPGSV,3,2,11,16,30,042,27,07,25,317,22,21,16,158,,31,11,113,17*75
$GPGSV,3,3,11,02,09,170,,26,07,065,,03,00,199,*46
$GPRMC,133335.000,A,2632.7962,N,07703.1364,W,0.54,239.37,280324,,,A*76
$GPVTG,239.37,T,,M,0.54,N,1.0,K,A*01
$GPGGA,133340.000,2632.7984,N,07703.1346,W,1,04,4.6,9.6,M,-33.0,M,,0000*68
$GPGSA,A,3,08,31,07,09,,,,,,,,,5.4,4.6,3.0*36
$GPGSV,3,1,11,08,79,167,23,04,56,201,,27,55,049,,09,50,282,20*76
$GPGSV,3,2,11,16,30,042,,07,25,317,21,21,16,158,,31,11,113,17*73
$GPGSV,3,3,11,02,09,170,,26,07,065,,03,00,199,*46
$GPVTG,48.24,T,,M,2.43,N,4.5,K,A*33
$GPGGA,133345.000,2632.8043,N,07703.1285,W,6,00,50.0,9.9,M,-33.0,M,,0000*55
$GPGSA,A,2,,,,,,,,,,,,,50.0,50.0,50.0*06
$GPGSV,3,1,10,08,80,164,22,04,54,200,,27,54,048,,09,51,279,19*7F
$GPGSV,3,2,10,16,30,044,,07,26,318,15,21,17,157,,02,10,169,*7B
$GPGSV,3,3,10,31,10,114,,26,07,066,*7C
$GPRMC,133345.000,A,2632.8043,N,07703.1285,W,5.06,36.24,280324,,,E*43
$GPVTG,36.24,T,,M,5.06,N,9.4,K,N*3F
$GPGGA,133350.000,2632.7958,N,07703.1340,W,1,03,2.0,9.1,M,-33.0,M,,0000*6E
$GPGSA,A,2,08,16,07,,,,,,,,,,2.3,2.0,1.0*39
$GPGSV,3,1,10,08,80,164,23,04,54,200,,27,54,048,,09,51,279,*76
$GPGSV,3,2,10,16,30,044,16,07,26,318,18,21,17,157,,02,10,169,*71
$GPGSV,3,3,10,31,10,114,,26,07,066,*7C
$GPRMC,133350.000,A,2632.7958,N,07703.1340,W,3.37,238.87,280324,,,A*76
$GPVTG,238.87,T,,M,3.37,N,6.2,K,N*07
$GPGGA,133355.000,2632.7959,N,07703.1369,W,1,03,2.0,8.5,M,-33.0,M,,0000*64
$GPGSA,A,2,08,16,07,,,,,,,,,,2.3,2.0,1.0*39
$GPGSV,3,1,10,08,80,164,22,04,54,200,,27,54,048,,09,51,279,*77
$GPGSV,3,2,10,16,30,044,16,07,26,318,23,21,17,157,,02,10,169,*79
$GPGSV,3,3,10,31,10,114,,26,07,066,*7C
$GPRMC,133355.000,A,2632.7959,N,07703.1369,W,1.05,46.77,280324,,,A*4E
$GPVTG,46.77,T,,M,1.05,N,1.9,K,N*3C
$GPGGA,133400.000,2632.7977,N,07703.1330,W,1,04,1.9,8.3,M,-33.0,M,,0000*68
$GPGSA,A,3,08,16,09,07,,,,,,,,,2.1,1.9,1.0*39
$GPGSV,3,1,10,08,80,164,21,04,54,200,,27,54,048,,09,51,279,21*77
$GPGSV,3,2,10,16,30,044,14,07,26,318,23,21,17,157,,02,10,169,*7B
$GPGSV,3,3,10,31,10,114,,26,07,066,*7C
$GPVTG,107.70,T,,M,1.37,N,2.5,K,A*0E
$GPGGA,133405.000,2632.7945,N,07703.1346,W,1,04,4.5,7.8,M,-33.0,M,,0000*60
$GPGSA,A,3,08,09,31,07,,,,,,,,,5.3,4.5,2.9*3A
$GPGSV,3,1,10,08,80,164,21,04,54,200,,27,54,048,,09,51,279,21*77
$GPGSV,3,2,10,16,30,044,,07,26,318,23,21,17,157,,02,10,169,*7E
$GPGSV,3,3,10,31,10,114,13,26,07,066,*7E
$GPRMC,133405.000,A,2632.7945,N,07703.1346,W,2.18,198.12,280324,,,A*72
$GPVTG,198.12,T,,M,2.18,N,4.0,K,A*01
$GPGGA,133410.000,2632.7896,N,07703.1375,W,1,03,4.9,-1.3,M,-33.0,M,,0000*40
$GPGSA,A,2,08,31,07,,,,,,,,,,5.0,4.9,1.0*37
$GPGSV,3,1,10,08,80,164,20,04,54,200,,27,54,048,,09,51,279,15*71
$GPGSV,3,2,10,16,30,044,,07,26,318,24,21,17,157,,02,10,169,*79
$GPGSV,3,3,10,31,10,114,13,26,07,066,*7E
$GPRMC,133410.000,A,2632.7896,N,07703.1375,W,1.02,174.78,280324,,,A*7F
$GPVTG,174.78,T,,M,1.02,N,1.9,K,A*0B
$GPGGA,133415.000,2632.7865,N,07703.1388,W,6,00,50.0,-5.5,M,-33.0,M,,0000*75
$GPGSA,A,2,,,,,,,,,,,,,50.0,50.0,50.0*06
$GPGSV,3,1,10,08,80,164,21,04,54,200,,27,54,048,,09,51,279,*74
$GPGSV,3,2,10,16,30,044,,07,26,318,24,21,17,157,,02,10,169,*79
$GPGSV,3,3,10,31,10,114,,26,07,066,*7C
$GPRMC,133415.000,A,2632.7865,N,07703.1388,W,2.36,203.96,280324,,,E*77
$GPVTG,203.96,T,,M,2.36,N,4.4,K,N*0B
$GPGGA,133420.000,2632.7932,N,07703.1322,W,1,04,1.9,-4.5,M,-33.0,M,,0000*4F
$GPGSA,A,3,08,16,09,07,,,,,,,,,2.1,1.9,1.0*39
$GPGSV,3,1,10,08,80,164,21,04,54,200,,27,54,048,,09,51,279,19*7C
$GPGSV,3,2,10,16,30,044,20,07,26,318,24,21,17,157,,02,10,169,*7B
$GPGSV,3,3,10,31,10,114,,26,07,066,*7C
$GPVTG,187.88,T,,M,0.86,N,1.6,K,A*0A
$GPGGA,133425.000,2632.7987,N,07703.1346,W,1,04,1.9,-2.6,M,-33.0,M,,0000*43
$GPGSA,A,3,08,16,09,07,,,,,,,,,2.1,1.9,1.0*39
$GPGSV,3,1,10,08,80,164,17,04,54,200,,27,54,048,14,09,51,279,18*7D
$GPGSV,3,2,10,16,30,044,20,07,26,318,24,21,17,157,,02,10,169,*7B
$GPGSV,3,3,10,31,10,114,,26,07,066,*7C
$GPRMC,133425.000,A,2632.7987,N,07703.1346,W,0.69,11.10,280324,,,A*48
$GPVTG,11.10,T,,M,0.69,N,1.3,K,A*31
$GPGGA,133430.000,2632.7979,N,07703.1389,W,1,03,2.9,-1.3,M,-33.0,M,,0000*47
$GPGSA,A,2,16,09,07,,,,,,,,,,3.0,2.9,1.0*33
$GPGSV,3,1,10,08,80,164,17,04,54,200,,27,54,048,,09,51,279,18*78
$GPGSV,3,2,10,16,30,044,20,07,26,318,24,21,17,157,,02,10,169,*7B
$GPGSV,3,3,10,31,10,114,,26,07,066,*7C
$GPRMC,133430.000,A,2632.7979,N,07703.1389,W,2.56,196.19,280324,,,A*77
$GPVTG,196.19,T,,M,2.56,N,4.7,K,A*09
$GPGGA,133435.000,2632.7949,N,07703.1386,W,1,05,5.1,-0.7,M,-33.0,M,,0000*42
$GPGSA,A,3,08,16,09,27,07,,,,,,,,9.2,5.1,7.6*38
$GPGSV,3,1,10,08,80,164,18,04,54,200,,27,54,048,17,09,51,279,17*7E
$GPGSV,3,2,10,16,30,044,19,07,26,318,24,21,17,157,,02,10,169,*71
$GPGSV,3,3,10,31,10,114,,26,07,066,*7C
$GPRMC,133435.000,A,2632.7949,N,07703.1386,W,1.35,93.65,280324,,,A*47
$GPVTG,93.65,T,,M,1.35,N,2.5,K,A*34
$GPGGA,133440.000,2632.7921,N,07703.1385,W,1,04,2.1,-1.2,M,-33.0,M,,0000*4F
$GPGSA,A,3,08,09,27,07,,,,,,,,,2.3,2.1,1.0*32
$GPGSV,3,1,10,08,80,164,25,04,54,200,,27,54,048,17,09,51,279,18*7F
$GPGSV,3,2,10,16,30,044,18,07,26,318,24,21,17,157,,02,10,169,*70
$GPGSV,3,3,10,31,10,114,,26,07,066,*7C
$GPVTG,113.23,T,,M,0.51,N,0.9,K,A*02
$GPGGA,133445.000,2632.7910,N,07703.1352,W,1,05,5.1,-1.8,M,-33.0,M,,0000*4E
$GPGSA,A,3,08,16,09,27,07,,,,,,,,9.1,5.1,7.6*3B
$GPGSV,3,1,10,08,80,164,25,04,54,200,,27,54,048,18,09,51,279,19*71
$GPGSV,3,2,10,16,30,044,17,07,26,318,25,21,17,157,,02,10,169,*7E
$GPGSV,3,3,10,31,10,114,,26,07,066,*7C
$GPRMC,133445.000,A,2632.7910,N,07703.1352,W,1.58,64.53,280324,,,A*43
$GPVTG,64.53,T,,M,1.58,N,2.9,K,A*3E
$GPGGA,133450.000,2632.7945,N,07703.1337,W,1,03,3.7,4.7,M,-33.0,M,,0000*68
$GPGSA,A,2,08,09,07,,,,,,,,,,3.9,3.7,1.0*3A
$GPGSV,3,1,10,08,80,164,21,04,54,200,,27,54,048,18,09,51,279,19*75
$GPGSV,3,2,10,16,30,044,16,07,26,318,25,21,17,157,,02,10,169,*7F
$GPGSV,3,3,10,31,10,114,,26,07,066,*7C
$GPRMC,133450.000,A,2632.7945,N,07703.1337,W,1.21,16.58,280324,,,A*44
$GPVTG,16.58,T,,M,1.21,N,2.2,K,A*35
$GPGGA,133455.000,2632.7940,N,07703.1357,W,1,03,2.0,6.8,M,-33.0,M,,0000*65
$GPGSA,A,2,08,16,07,,,,,,,,,,2.3,2.0,1.0*39
$GPGSV,3,1,10,08,80,164,21,04,54,200,,27,54,048,,09,51,279,12*77
$GPGSV,3,2,10,16,30,044,14,07,26,318,25,21,17,157,,02,10,169,*7D
$GPGSV,3,3,10,31,10,114,,26,07,066,*7C
$GPRMC,133455.000,A,2632.7940,N,07703.1357,W,1.58,232.05,280324,,,A*70
$GPVTG,232.05,T,,M,1.58,N,2.9,K,N*03
$GPGGA,133500.000,2632.7896,N,07703.1371,W,1,05,5.1,-3.1,M,-33.0,M,,0000*4B
$GPGSA,A,3,08,16,09,27,07,,,,,,,,9.1,5.1,7.5*38
$GPGSV,3,1,10,08,80,164,21,04,54,200,,27,54,048,20,09,51,279,16*71
$GPGSV,3,2,10,16,30,044,16,07,26,318,25,21,17,157,,02,10,169,*7F
$GPGSV,3,3,10,31,10,114,,26,07,066,*7C
$GPRMC,133500.000,A,2632.7896,N,07703.1371,W,0.41,203.41,280324,,,A*74
$GPVTG,203.41,T,,M,0.41,N,0.8,K,A*04
$GPGGA,133505.000,2632.7868,N,07703.1365,W,1,05,1.4,-15.1,M,-33.0,M,,0000*7C
$GPGSA,A,3,08,16,27,21,07,,,,,,,,2.3,1.4,1.8*31
$GPGSV,3,1,10,08,80,164,21,04,54,200,,27,54,048,20,09,51,279,16*71
$GPGSV,3,2,10,16,30,044,17,07,26,318,25,21,17,157,13,02,10,169,*7C
$GPGSV,3,3,10,31,10,114,,26,07,066,*7C
$GPRMC,133505.000,A,2632.7868,N,07703.1365,W,1.90,181.26,280324,,,A*70
$GPGGA,133510.000,2632.7852,N,07703.1354,W,1,05,1.4,-24.3,M,-33.0,M,,0000*73
$GPGSA,A,3,08,16,27,21,07,,,,,,,,2.3,1.4,1.8*31
$GPGSV,3,1,10,08,80,164,20,04,54,200,,27,54,048,20,09,51,279,16*70
$GPGSV,3,2,10,16,30,044,16,07,26,318,24,21,17,157,13,02,10,169,*7C
$GPGSV,3,3,10,31,10,114,,26,07,066,*7C
$GPRMC,133510.000,A,2632.7852,N,07703.1354,W,1.05,127.71,280324,,,A*7D
$GPVTG,127.71,T,,M,1.05,N,1.9,K,A*03
$GPGGA,133515.000,2632.7850,N,07703.1372,W,1,04,5.2,-26.9,M,-33.0,M,,0000*7B
$GPGSA,A,3,08,16,27,07,,,,,,,,,9.2,5.2,7.6*32
$GPGSV,3,1,10,08,80,164,20,04,54,200,,27,54,048,20,09,51,279,16*70
$GPGSV,3,2,10,16,30,044,16,07,26,318,25,21,17,157,14,02,10,169,*7A
$GPGSV,3,3,10,31,10,114,,26,07,066,*7C
$GPRMC,133515.000,A,2632.7850,N,07703.1372,W,0.97,79.81,280324,,,A*41
$GPVTG,79.81,T,,M,0.97,N,1.8,K,A*3D
$GPGGA,133520.000,2632.7860,N,07703.1375,W,1,05,5.0,-28.6,M,-33.0,M,,0000*7B
$GPGSA,A,3,08,16,09,27,07,,,,,,,,9.0,5.0,7.5*38
$GPGSV,3,1,10,08,80,164,21,04,54,200,,27,54,048,20,09,51,279,17*70
$GPGSV,3,2,10,16,30,044,20,07,26,318,24,21,17,157,,02,10,169,*7B
$GPGSV,3,3,10,31,10,114,17,26,07,066,*7A
$GPRMC,133520.000,A,2632.7860,N,07703.1375,W,0.32,158.10,280324,,,A*76
$GPVTG,158.10,T,,M,0.32,N,0.6,K,A*07
$GPGGA,133525.000,2632.7870,N,07703.1389,W,1,06,1.2,-24.3,M,-33.0,M,,0000*70
$GPGSA,A,3,08,16,27,31,07,04,,,,,,,2.1,1.2,1.6*3E
$GPGSV,3,1,10,08,80,164,21,04,54,200,13,27,54,048,20,09,51,279,*74
$GPGSV,3,2,10,16,30,044,19,07,26,318,23,21,17,157,,02,10,169,*76
$GPGSV,3,3,10,31,10,114,17,26,07,066,*7A
$GPVTG,226.12,T,,M,0.55,N,1.0,K,A*09
$GPGGA,133530.000,2632.7875,N,07703.1383,W,1,05,1.6,-22.6,M,-33.0,M,,0000*7F
$GPGSA,A,3,08,16,27,31,07,,,,,,,,2.3,1.6,1.7*3D
$GPGSV,3,1,10,08,80,164,22,04,54,200,,27,54,048,17,09,51,279,19*79
$GPGSV,3,2,10,16,30,044,29,07,26,318,23,21,17,157,,02,10,169,*75
$GPGSV,3,3,10,31,10,114,18,26,07,066,*75
$GPRMC,133530.000,A,2632.7875,N,07703.1383,W,0.79,39.34,280324,,,A*45
$GPVTG,39.34,T,,M,0.79,N,1.5,K,A*3A
$GPGGA,133535.000,2632.7905,N,07703.1346,W,1,05,1.7,-11.1,M,-33.0,M,,0000*73
$GPGSA,A,3,08,16,09,27,31,,,,,,,,2.9,1.7,2.3*3F
$GPGSV,3,1,10,08,80,164,22,04,54,200,,27,54,048,19,09,51,279,17*79
$GPGSV,3,2,10,16,30,044,20,07,26,318,,21,17,157,,02,10,169,*7D
$GPGSV,3,3,10,31,10,114,17,26,07,066,*7A
$GPRMC,133535.000,A,2632.7905,N,07703.1346,W,2.34,92.24,280324,,,A*44
$GPVTG,92.24,T,,M,2.34,N,4.3,K,A*32
$GPGGA,133540.000,2632.7906,N,07703.1338,W,1,05,1.6,-9.3,M,-33.0,M,,0000*41
$GPGSA,A,3,08,16,27,31,07,,,,,,,,2.3,1.6,1.7*3D
$GPGSV,3,1,10,08,80,164,22,04,54,200,,27,54,048,20,09,51,279,*75
$GPGSV,3,2,10,16,30,044,19,07,26,318,22,21,17,157,,02,10,169,*77
$GPGSV,3,3,10,31,10,114,17,26,07,066,*7A
$GPRMC,133540.000,A,2632.7906,N,07703.1338,W,1.42,135.86,280324,,,A*7A
$GPVTG,135.86,T,,M,1.42,N,2.6,K,A*07
$GPGGA,133545.000,2632.7904,N,07703.1349,W,1,04,1.7,-4.8,M,-33.0,M,,0000*46
$GPGSA,A,3,08,16,31,07,,,,,,,,,2.6,1.7,1.9*32
$GPGSV,3,1,10,08,80,164,22,04,54,200,,27,54,048,,09,51,279,*77
$GPGSV,3,2,10,16,30,044,20,07,26,318,21,21,17,157,,02,10,169,*7E
$GPGSV,3,3,10,31,10,114,17,26,07,066,*7A
$GPRMC,133545.000,A,2632.7904,N,07703.1349,W,1.21,15.23,280324,,,A*42
$GPVTG,15.23,T,,M,1.21,N,2.2,K,A*3A
$GPGGA,133550.000,2632.7900,N,07703.1377,W,1,05,1.6,-4.0,M,-33.0,M,,0000*43
$GPGSA,A,3,08,16,27,31,07,,,,,,,,2.3,1.6,1.7*3D
$GPGSV,3,1,10,08,80,164,22,04,54,200,,27,54,048,20,09,51,279,*75
$GPGSV,3,2,10,16,30,044,20,07,26,318,21,21,17,157,,02,10,169,*7E
$GPGSV,3,3,10,31,10,114,17,26,07,066,*7A
$GPRMC,133550.000,A,2632.7900,N,07703.1377,W,0.81,37.85,280324,,,A*48
$GPGGA,133555.000,2632.7919,N,07703.1367,W,1,05,1.6,-2.0,M,-33.0,M,,0000*49
$GPGSA,A,3,08,16,27,31,07,,,,,,,,2.3,1.6,1.7*3D
$GPGSV,3,1,10,08,80,164,22,04,54,200,,27,54,048,19,09,51,279,*7F
$GPGSV,3,2,10,16,30,044,19,07,26,318,19,21,17,157,,02,10,169,*7F
$GPGSV,3,3,10,31,10,114,18,26,07,066,*75
$GPRMC,133555.000,A,2632.7919,N,07703.1367,W,1.38,46.74,280324,,,A*4F
$GPVTG,46.74,T,,M,1.38,N,2.6,K,A*32
$GPGGA,133600.000,2632.7948,N,07703.1364,W,1,05,1.6,1.9,M,-33.0,M,,0000*6A
$GPGSA,A,3,08,16,27,31,07,,,,,,,,2.3,1.6,1.7*3D
$GPGSV,3,1,10,08,80,164,22,04,54,200,,27,54,048,19,09,51,279,*7F
$GPGSV,3,2,10,16,30,044,23,07,26,318,24,21,17,157,,02,10,169,*78
$GPGSV,3,3,10,31,10,114,18,26,07,066,*75
$GPRMC,133600.000,A,2632.7948,N,07703.1364,W,1.42,2.61,280324,,,A*72
$GPVTG,2.61,T,,M,1.42,N,2.6,K,A*0B
$GPGGA,133605.000,2632.7951,N,07703.1373,W,1,07,1.2,3.3,M,-33.0,M,,0000*6F
$GPGSA,A,3,08,16,04,27,09,31,07,,,,,,2.0,1.2,1.6*36
$GPGSV,3,1,10,08,80,164,23,04,54,200,15,27,54,048,20,09,51,279,16*77
$GPGSV,3,2,10,16,30,044,23,07,26,318,24,21,17,157,,02,10,169,*78
$GPGSV,3,3,10,31,10,114,18,26,07,066,*75
$GPRMC,133605.000,A,2632.7951,N,07703.1373,W,0.49,273.69,280324,,,A*7F
$GPVTG,273.69,T,,M,0.49,N,0.9,K,A*00
$GPGGA,133610.000,2632.7937,N,07703.1368,W,1,07,1.2,3.0,M,-33.0,M,,0000*62
$GPGSA,A,3,08,16,04,27,09,31,07,,,,,,2.0,1.2,1.6*36
$GPGSV,3,1,10,08,80,164,24,04,54,200,15,27,54,048,19,09,51,279,17*7B
$GPGSV,3,2,10,16,30,044,24,07,26,318,24,21,17,157,,02,10,169,*7F
$GPGSV,3,3,10,31,10,114,19,26,07,066,*74
$GPVTG,230.71,T,,M,0.80,N,1.5,K,A*06
$GPGGA,133615.000,2632.7929,N,07703.1373,W,1,07,1.2,4.0,M,-33.0,M,,0000*65
$GPGSA,A,3,08,16,04,27,09,31,07,,,,,,2.0,1.2,1.6*36
$GPGSV,3,1,10,08,80,164,23,04,54,200,15,27,54,048,18,09,51,279,17*7D
$GPGSV,3,2,10,16,30,044,29,07,26,318,24,21,17,157,,02,10,169,*72
$GPGSV,3,3,10,31,10,114,19,26,07,066,*74
$GPRMC,133615.000,A,2632.7929,N,07703.1373,W,0.54,171.59,280324,,,A*7F
$GPVTG,171.59,T,,M,0.54,N,1.0,K,A*06
$GPGGA,133620.000,2632.7909,N,07703.1384,W,1,07,1.2,2.1,M,-33.0,M,,0000*6E
$GPGSA,A,3,08,16,04,27,09,31,07,,,,,,2.0,1.2,1.6*36
$GPGSV,3,1,10,08,80,164,23,04,54,200,14,27,54,048,18,09,51,279,17*7C
$GPGSV,3,2,10,16,30,044,28,07,26,318,24,21,17,157,,02,10,169,*73
$GPGSV,3,3,10,31,10,114,19,26,07,066,*74
$GPRMC,133620.000,A,2632.7909,N,07703.1384,W,2.09,210.40,280324,,,A*75
$GPVTG,210.40,T,,M,2.09,N,3.9,K,A*0B
$GPGGA,133625.000,2632.7910,N,07703.1390,W,1,07,1.2,3.6,M,-33.0,M,,0000*60
$GPGSA,A,3,08,16,04,27,09,31,07,,,,,,2.0,1.2,1.6*36
$GPGSV,3,1,10,08,80,164,23,04,54,200,14,27,54,048,18,09,51,279,17*7C
$GPGSV,3,2,10,16,30,044,28,07,26,318,24,21,17,157,,02,10,169,*73
$GPGSV,3,3,10,31,10,114,19,26,07,066,*74
$GPRMC,133625.000,A,2632.7910,N,07703.1390,W,1.03,230.54,280324,,,A*73
$GPVTG,230.54,T,,M,1.03,N,1.9,K,A*07
$GPGGA,133630.000,2632.7924,N,07703.1391,W,1,07,1.2,5.1,M,-33.0,M,,0000*63
$GPGSA,A,3,08,16,04,27,09,31,07,,,,,,2.0,1.2,1.6*36
$GPGSV,3,1,10,08,80,164,23,04,54,200,15,27,54,048,18,09,51,279,21*78
$GPGSV,3,2,10,16,30,044,28,07,26,318,30,21,17,157,,02,10,169,*76
$GPGSV,3,3,10,31,10,114,18,26,07,066,*75
$GPRMC,133630.000,A,2632.7924,N,07703.1391,W,0.50,7.15,280324,,,A*75
$GPVTG,7.15,T,,M,0.50,N,0.9,K,A*02
$GPGGA,133635.000,2632.7931,N,07703.1376,W,1,06,1.2,3.3,M,-33.0,M,,0000*6E
$GPGSA,A,3,08,16,04,27,31,07,,,,,,,2.1,1.2,1.6*3E
$GPGSV,3,1,10,08,80,164,23,04,54,200,14,27,54,048,18,09,51,279,*7A
$GPGSV,3,2,10,16,30,044,27,07,26,318,30,21,17,157,,02,10,169,*79
$GPGSV,3,3,10,31,10,114,18,26,07,066,*75
$GPRMC,133635.000,A,2632.7931,N,07703.1376,W,1.14,31.97,280324,,,A*43
$GPGGA,133640.000,2632.7912,N,07703.1362,W,1,06,1.2,-4.7,M,-33.0,M,,0000*46
$GPGSA,A,3,08,16,04,27,31,07,,,,,,,2.1,1.2,1.6*3E
$GPGSV,3,1,10,08,82,159,23,04,53,199,14,27,53,047,19,09,51,277,*75
$GPGSV,3,2,10,16,29,045,27,07,27,318,30,21,18,156,,02,11,168,*7F
$GPGSV,3,3,10,31,09,115,17,26,06,067,*73
$GPRMC,133640.000,A,2632.7912,N,07703.1362,W,1.26,201.09,280324,,,A*72
$GPVTG,201.09,T,,M,1.26,N,2.3,K,A*03
$GPGGA,133645.000,2632.7906,N,07703.1366,W,1,06,1.2,-7.7,M,-33.0,M,,0000*41
$GPGSA,A,3,08,16,04,27,31,07,,,,,,,2.1,1.2,1.6*3E
$GPGSV,3,1,10,08,82,159,23,04,53,199,14,27,53,047,18,09,51,277,*74
$GPGSV,3,2,10,16,29,045,27,07,27,318,31,21,18,156,,02,11,168,*7E
$GPGSV,3,3,10,31,09,115,18,26,06,067,*7C
$GPRMC,133645.000,A,2632.7906,N,07703.1366,W,0.64,171.83,280324,,,A*77
$GPVTG,171.83,T,,M,0.64,N,1.2,K,A*00
$GPGGA,133650.000,2632.7924,N,07703.1358,W,1,04,1.7,-12.4,M,-33.0,M,,0000*78
$GPGSA,A,3,08,16,31,07,,,,,,,,,2.6,1.7,1.9*32
$GPGSV,3,1,10,08,82,159,23,04,53,199,,27,53,047,18,09,51,277,*71
$GPGSV,3,2,10,16,29,045,26,07,27,318,31,21,18,156,,02,11,168,*7F
$GPGSV,3,3,10,31,09,115,18,26,06,067,*7C
$GPRMC,133650.000,A,2632.7924,N,07703.1358,W,0.35,323.31,280324,,,A*76
$GPVTG,323.31,T,,M,0.35,N,0.6,K,A*0D
$GPGGA,133655.000,2632.7927,N,07703.1340,W,1,04,1.7,-12.3,M,-33.0,M,,0000*70
$GPGSA,A,3,08,16,31,07,,,,,,,,,2.6,1.7,1.9*32
$GPGSV,3,1,10,08,82,159,23,04,53,199,,27,53,047,18,09,51,277,*71
$GPGSV,3,2,10,16,29,045,25,07,27,318,31,21,18,156,,02,11,168,*7C
$GPGSV,3,3,10,31,09,115,18,26,06,067,*7C
$GPRMC,133655.000,A,2632.7927,N,07703.1340,W,1.06,134.09,280324,,,A*77
$GPVTG,134.09,T,,M,1.06,N,2.0,K,A*07
$GPGGA,133700.000,2632.7930,N,07703.1335,W,1,06,1.4,-8.1,M,-33.0,M,,0000*4D
$GPGSA,A,3,08,16,09,27,31,07,,,,,,,2.1,1.4,1.7*34
$GPGSV,3,1,10,08,82,159,23,04,53,199,,27,53,047,18,09,51,277,20*73
$GPGSV,3,2,10,16,29,045,25,07,27,318,26,21,18,156,,02,11,168,*7A
$GPGSV,3,3,10,31,09,115,18,26,06,067,*7C
$GPRMC,133700.000,A,2632.7930,N,07703.1335,W,0.59,89.09,280324,,,A*4E
$GPGGA,133705.000,2632.7938,N,07703.1351,W,1,06,1.4,-3.7,M,-33.0,M,,0000*4F
$GPGSA,A,3,08,16,09,27,31,07,,,,,,,2.1,1.4,1.7*34
$GPGSV,3,1,10,08,82,159,23,04,53,199,,27,53,047,17,09,51,277,20*7C
$GPGSV,3,2,10,16,29,045,24,07,27,318,25,21,18,156,,02,11,168,*78
$GPGSV,3,3,10,31,09,115,18,26,06,067,*7C
$GPRMC,133705.000,A,2632.7938,N,07703.1351,W,0.30,268.52,280324,,,A*7D
$GPVTG,268.52,T,,M,0.30,N,0.6,K,A*03
$GPGGA,133710.000,2632.7949,N,07703.1352,W,1,06,1.4,-2.0,M,-33.0,M,,0000*48
$GPGSA,A,3,08,16,09,27,31,07,,,,,,,2.1,1.4,1.7*34
$GPGSV,3,1,10,08,82,159,24,04,53,199,,27,53,047,16,09,51,277,19*70
$GPGSV,3,2,10,16,29,045,24,07,27,318,25,21,18,156,,02,11,168,*78
$GPGSV,3,3,10,31,09,115,18,26,06,067,*7C
$GPRMC,133710.000,A,2632.7949,N,07703.1352,W,0.63,120.04,280324,,,A*76
$GPVTG,120.04,T,,M,0.63,N,1.2,K,A*0C
$GPGGA,133715.000,2632.7952,N,07703.1354,W,1,05,1.5,-1.6,M,-33.0,M,,0000*46
$GPGSA,A,3,08,16,09,31,07,,,,,,,,2.5,1.5,1.9*3A
$GPGSV,3,1,10,08,82,159,24,04,53,199,,27,53,047,,09,51,277,20*7D
$GPGSV,3,2,10,16,29,045,25,07,27,318,25,21,18,156,,02,11,168,*79
$GPGSV,3,3,10,31,09,115,18,26,06,067,*7C
$GPRMC,133715.000,A,2632.7952,N,07703.1354,W,0.83,162.26,280324,,,A*77
$GPVTG,162.26,T,,M,0.83,N,1.5,K,A*03
$GPGGA,133720.000,2632.7928,N,07703.1363,W,1,06,1.4,-1.2,M,-33.0,M,,0000*4F
$GPGSA,A,3,08,16,09,27,31,07,,,,,,,2.1,1.4,1.7*34
$GPGSV,3,1,10,08,82,159,23,04,53,199,,27,53,047,19,09,51,277,19*78
$GPGSV,3,2,10,16,29,045,24,07,27,318,26,21,18,156,,02,11,168,*7B
$GPGSV,3,3,10,31,09,115,18,26,06,067,*7C
$GPVTG,244.22,T,,M,0.19,N,0.4,K,A*03
$GPGGA,133725.000,2632.7920,N,07703.1356,W,1,06,1.4,2.2,M,-33.0,M,,0000*6A
$GPGSA,A,3,08,16,09,27,31,07,,,,,,,2.1,1.4,1.7*34
$GPGSV,3,1,10,08,82,159,23,04,53,199,,27,53,047,19,09,51,277,17*76
$GPGSV,3,2,10,16,29,045,24,07,27,318,26,21,18,156,,02,11,168,*7B
$GPGSV,3,3,10,31,09,115,18,26,06,067,*7C
$GPRMC,133725.000,A,2632.7920,N,07703.1356,W,1.02,170.13,280324,,,A*7E
$GPVTG,170.13,T,,M,1.02,N,1.9,K,A*02
$GPGGA,133730.000,2632.7915,N,07703.1353,W,1,07,1.2,4.0,M,-33.0,M,,0000*6E
$GPGSA,A,3,08,16,09,27,04,31,07,,,,,,2.0,1.2,1.6*36
$GPGSV,3,1,10,08,82,159,22,04,53,199,15,27,53,047,19,09,51,277,16*72
$GPGSV,3,2,10,16,29,045,24,07,27,318,26,21,18,156,,02,11,168,*7B
$GPGSV,3,3,10,31,09,115,17,26,06,067,*73
$GPRMC,133730.000,A,2632.7915,N,07703.1353,W,1.62,219.32,280324,,,A*70
$GPVTG,219.32,T,,M,1.62,N,3.0,K,A*00
$GPGGA,133735.000,2632.7930,N,07703.1360,W,1,06,1.2,7.4,M,-33.0,M,,0000*6A
$GPGSA,A,3,08,16,27,04,31,07,,,,,,,2.1,1.2,1.6*3E
$GPGSV,3,1,10,08,82,159,22,04,53,199,15,27,53,047,19,09,51,277,*75
$GPGSV,3,2,10,16,29,045,24,07,27,318,26,21,18,156,,02,11,168,*7B
$GPGSV,3,3,10,31,09,115,17,26,06,067,*73
$GPRMC,133735.000,A,2632.7930,N,07703.1360,W,1.49,6.32,280324,,,A*77
$GPVTG,6.32,T,,M,1.49,N,2.8,K,A*0C
$GPGGA,133740.000,2632.7962,N,07703.1354,W,1,06,1.2,10.1,M,-33.0,M,,0000*5B
$GPGSA,A,3,08,16,27,04,31,07,,,,,,,2.1,1.2,1.6*3E
$GPGSV,3,1,10,08,82,159,22,04,53,199,14,27,53,047,19,09,51,277,*74
$GPGSV,3,2,10,16,29,045,25,07,27,318,25,21,18,156,,02,11,168,*79
$GPGSV,3,3,10,31,09,115,16,26,06,067,*72
$GPRMC,133740.000,A,2632.7962,N,07703.1354,W,1.39,12.58,280324,,,A*4B
$GPVTG,12.58,T,,M,1.39,N,2.6,K,A*3C
$GPGGA,133745.000,2632.7948,N,07703.1358,W,1,05,1.6,7.8,M,-33.0,M,,0000*62
$GPGSA,A,3,08,16,27,31,07,,,,,,,,2.3,1.6,1.7*3D
$GPGSV,3,1,10,08,82,159,22,04,53,199,,27,53,047,18,09,51,277,16*77
$GPGSV,3,2,10,16,29,045,26,07,27,318,26,21,18,156,,02,11,168,*79
$GPGSV,3,3,10,31,09,115,16,26,06,067,*72
$GPRMC,133745.000,A,2632.7948,N,07703.1358,W,1.54,166.59,280324,,,A*72
$GPGGA,133750.000,2632.7925,N,07703.1364,W,1,05,4.7,2.1,M,-33.0,M,,0000*6A
$GPGSA,A,3,08,16,09,27,07,,,,,,,,8.4,4.7,6.9*36
$GPGSV,3,1,10,08,82,159,22,04,53,199,,27,53,047,20,09,51,277,17*7D
$GPGSV,3,2,10,16,29,045,27,07,27,318,26,21,18,156,,02,11,168,*78
$GPGSV,3,3,10,31,09,115,,26,06,067,*75
$GPRMC,133750.000,A,2632.7925,N,07703.1364,W,1.65,159.16,280324,,,A*77
$GPVTG,159.16,T,,M,1.65,N,3.1,K,A*07
$GPGGA,133755.000,2632.7929,N,07703.1369,W,1,05,4.7,0.4,M,-33.0,M,,0000*69
$GPGSA,A,3,08,16,09,27,07,,,,,,,,8.4,4.7,6.9*36
$GPGSV,3,1,10,08,82,159,22,04,53,199,,27,53,047,19,09,51,277,16*76
$GPGSV,3,2,10,16,29,045,21,07,27,318,20,21,18,156,,02,11,168,*78
$GPGSV,3,3,10,31,09,115,,26,06,067,*75
$GPRMC,133755.000,A,2632.7929,N,07703.1369,W,0.75,195.76,280324,,,A*75
$GPVTG,195.76,T,,M,0.75,N,1.4,K,A*06
$GPGGA,133800.000,2632.7907,N,07703.1377,W,1,04,5.2,0.2,M,-33.0,M,,0000*66
$GPGSA,A,3,08,16,27,07,,,,,,,,,8.9,5.2,7.3*3D
$GPGSV,3,1,10,08,82,159,21,04,53,199,,27,53,047,19,09,51,277,*72
$GPGSV,3,2,10,16,29,045,21,07,27,318,26,21,18,156,,02,11,168,*7E
$GPGSV,3,3,10,31,09,115,,26,06,067,*75
$GPRMC,133800.000,A,2632.7907,N,07703.1377,W,1.26,194.89,280324,,,A*7F
$GPVTG,194.89,T,,M,1.26,N,2.3,K,A*04
$GPGGA,133805.000,2632.7927,N,07703.1379,W,1,04,5.2,-1.2,M,-33.0,M,,0000*43
$GPGSA,A,3,08,16,27,07,,,,,,,,,8.9,5.2,7.3*3D
$GPGSV,3,1,10,08,82,159,21,04,53,199,,27,53,047,20,09,51,277,*78
$GPGSV,3,2,10,16,29,045,27,07,27,318,26,21,18,156,,02,11,168,*78
$GPGSV,3,3,10,31,09,115,,26,06,067,*75
$GPVTG,11.38,T,,M,0.93,N,1.7,K,A*3A
$GPGGA,133810.000,2632.7903,N,07703.1375,W,1,04,5.2,-14.5,M,-33.0,M,,0000*7E
$GPGSA,A,3,08,16,27,07,,,,,,,,,8.9,5.2,7.3*3D
$GPGSV,3,1,10,08,82,159,21,04,53,199,,27,53,047,19,09,51,277,15*76
$GPGSV,3,2,10,16,29,045,18,07,27,318,22,21,18,156,,02,11,168,*70
$GPGSV,3,3,10,31,09,115,,26,06,067,*75
$GPRMC,133810.000,A,2632.7903,N,07703.1375,W,1.48,120.23,280324,,,A*7F
$GPVTG,120.23,T,,M,1.48,N,2.7,K,A*07
$GPGGA,133815.000,2632.7900,N,07703.1362,W,1,04,5.2,-9.1,M,-33.0,M,,0000*46
$GPGSA,A,3,08,16,27,07,,,,,,,,,8.9,5.2,7.2*3C
$GPGSV,3,1,10,08,82,159,27,04,53,199,,27,53,047,28,09,51,277,*76
$GPGSV,3,2,10,16,29,045,19,07,27,318,29,21,18,156,,02,11,168,*7A
$GPGSV,3,3,10,31,09,115,,26,06,067,*75
$GPRMC,133815.000,A,2632.7900,N,07703.1362,W,1.40,175.57,280324,,,A*74
$GPVTG,175.57,T,,M,1.40,N,2.6,K,A*0D
$GPGGA,133820.000,2632.7929,N,07703.1358,W,1,04,5.2,3.5,M,-33.0,M,,0000*61
$GPGSA,A,3,08,16,27,07,,,,,,,,,8.9,5.2,7.2*3C
$GPGSV,3,1,10,08,82,159,22,04,53,199,,27,53,047,25,09,51,277,*7E
$GPGSV,3,2,10,16,29,045,26,07,27,318,30,21,18,156,,02,11,168,*7E
$GPGSV,3,3,10,31,09,115,,26,06,067,*75
$GPRMC,133820.000,A,2632.7929,N,07703.1358,W,0.06,259.41,280324,,,A*79
$GPVTG,259.41,T,,M,0.06,N,0.1,K,A*01
$GPGGA,133825.000,2632.7921,N,07703.1359,W,1,04,5.2,2.7,M,-33.0,M,,0000*6E
$GPGSA,A,3,08,16,27,07,,,,,,,,,8.9,5.2,7.2*3C
$GPGSV,3,1,10,08,82,159,23,04,53,199,,27,53,047,27,09,51,277,*7D
$GPGSV,3,2,10,16,29,045,27,07,27,318,31,21,18,156,,02,11,168,*7E
$GPGSV,3,3,10,31,09,115,,26,06,067,*75
$GPVTG,9.73,T,,M,0.87,N,1.6,K,A*08
$GPGGA,133830.000,2632.7902,N,07703.1365,W,1,05,4.7,0.6,M,-33.0,M,,0000*62
$GPGSA,A,3,08,16,09,27,07,,,,,,,,8.2,4.7,6.8*31
$GPGSV,3,1,10,08,82,159,24,04,53,199,,27,53,047,28,09,51,277,18*7C
$GPGSV,3,2,10,16,29,045,26,07,27,318,30,21,18,156,,02,11,168,*7E
$GPGSV,3,3,10,31,09,115,,26,06,067,*75
$GPRMC,133830.000,A,2632.7902,N,07703.1365,W,0.62,199.07,280324,,,A*70
$GPVTG,199.07,T,,M,0.62,N,1.1,K,A*0F
$GPGGA,133835.000,2632.7896,N,07703.1366,W,1,05,4.6,-2.0,M,-33.0,M,,0000*40
$GPGSA,A,3,08,16,09,27,07,,,,,,,,8.2,4.6,6.7*3F
$GPGSV,3,1,10,08,82,159,24,04,53,199,,27,53,047,28,09,51,277,17*73
$GPGSV,3,2,10,16,29,045,26,07,27,318,30,21,18,156,,02,11,168,*7E
$GPGSV,3,3,10,31,09,115,,26,06,067,*75
$GPRMC,133835.000,A,2632.7896,N,07703.1366,W,0.65,65.47,280324,,,A*4B
$GPVTG,65.47,T,,M,0.65,N,1.2,K,A*3D
$GPGGA,133840.000,2632.7894,N,07703.1359,W,1,05,4.6,-6.2,M,-33.0,M,,0000*4A
$GPGSA,A,3,08,16,09,27,07,,,,,,,,8.2,4.6,6.7*3F
$GPGSV,3,1,10,08,82,159,24,04,53,199,,27,53,047,28,09,51,277,17*73
$GPGSV,3,2,10,16,29,045,20,07,27,318,29,21,18,156,,02,11,168,*70
$GPGSV,3,3,10,31,09,115,,26,06,067,*75
$GPRMC,133840.000,A,2632.7894,N,07703.1359,W,0.27,160.83,280324,,,A*7D
$GPVTG,160.83,T,,M,0.27,N,0.5,K,A*01
$GPGGA,133845.000,2632.7846,N,07703.1347,W,1,04,5.2,-20.8,M,-33.0,M,,0000*75
$GPGSA,A,3,08,16,27,07,,,,,,,,,8.9,5.2,7.2*3C
$GPGSV,3,1,10,08,82,159,24,04,53,199,,27,53,047,29,09,51,277,18*7D
$GPGSV,3,2,10,16,29,045,23,07,27,318,29,21,18,156,,02,11,168,*73
$GPGSV,3,3,10,31,09,115,,26,06,067,*75
$GPRMC,133845.000,A,2632.7846,N,07703.1347,W,1.23,154.41,280324,,,A*74
$GPVTG,154.41,T,,M,1.23,N,2.3,K,A*09
$GPGGA,133850.000,2632.7866,N,07703.1350,W,1,05,4.6,-16.9,M,-33.0,M,,0000*75
$GPGSA,A,3,08,16,09,27,07,,,,,,,,8.1,4.6,6.7*3C
$GPGSV,3,1,10,08,82,159,24,04,53,199,,27,53,047,30,09,51,277,18*75
$GPGSV,3,2,10,16,29,045,19,07,27,318,25,21,18,156,,02,11,168,*76
$GPGSV,3,3,10,31,09,115,,26,06,067,*75
$GPRMC,133850.000,A,2632.7866,N,07703.1350,W,0.68,185.58,280324,,,A*7E
$GPGGA,133855.000,2632.7872,N,07703.1345,W,1,05,4.6,-18.3,M,-33.0,M,,0000*75
$GPGSA,A,3,08,16,09,27,07,,,,,,,,8.1,4.6,6.7*3C
$GPGSV,3,1,10,08,82,159,24,04,53,199,,27,53,047,30,09,51,277,18*75
$GPGSV,3,2,10,16,29,045,19,07,27,318,24,21,18,156,,02,11,168,*77
$GPGSV,3,3,10,31,09,115,,26,06,067,*75
$GPRMC,133855.000,A,2632.7872,N,07703.1345,W,0.39,108.23,280324,,,A*77
$GPVTG,108.23,T,,M,0.39,N,0.7,K,A*08
$GPGGA,133900.000,2632.7860,N,07703.1350,W,1,05,4.6,-19.4,M,-33.0,M,,0000*75
$GPGSA,A,3,08,16,09,27,07,,,,,,,,8.1,4.6,6.6*3D
$GPGSV,3,1,10,08,82,159,24,04,53,199,,27,53,047,30,09,51,277,16*7B
$GPGSV,3,2,10,16,29,045,19,07,27,318,26,21,18,156,,02,11,168,*75
$GPGSV,3,3,10,31,09,115,,26,06,067,*75
$GPRMC,133900.000,A,2632.7860,N,07703.1350,W,0.98,141.29,280324,,,A*7D
$GPVTG,141.29,T,,M,0.98,N,1.8,K,A*0A
$GPGGA,133905.000,2632.7900,N,07703.1366,W,1,06,1.4,-3.8,M,-33.0,M,,0000*41
$GPGSA,A,3,08,16,09,27,31,07,,,,,,,2.1,1.4,1.7*34
$GPGSV,3,1,10,08,82,159,25,04,53,199,,27,53,047,30,09,51,277,16*7A
$GPGSV,3,2,10,16,29,045,29,07,27,318,27,21,18,156,,02,11,168,*77
$GPGSV,3,3,10,31,09,115,13,26,06,067,*77
$GPRMC,133905.000,A,2632.7900,N,07703.1366,W,1.25,342.43,280324,,,A*70
$GPVTG,342.43,T,,M,1.25,N,2.3,K,A*08
$GPGGA,133910.000,2632.7926,N,07703.1382,W,1,06,1.4,3.5,M,-33.0,M,,0000*6B
$GPGSA,A,3,08,16,09,27,31,07,,,,,,,2.1,1.4,1.7*34
$GPGSV,3,1,10,08,82,159,25,04,53,199,,27,53,047,30,09,51,277,18*74
$GPGSV,3,2,10,16,29,045,29,07,27,318,27,21,18,156,,02,11,168,*77
$GPGSV,3,3,10,31,09,115,12,26,06,067,*76
$GPVTG,32.13,T,,M,0.75,N,1.4,K,A*39
$GPGGA,133915.000,2632.7941,N,07703.1374,W,1,05,4.5,6.1,M,-33.0,M,,0000*60
$GPGSA,A,3,08,16,09,27,07,,,,,,,,8.0,4.5,6.6*3F
$GPGSV,3,1,10,08,82,159,25,04,53,199,,27,53,047,30,09,51,277,19*75
$GPGSV,3,2,10,16,29,045,28,07,27,318,28,21,18,156,,02,11,168,*79
$GPGSV,3,3,10,31,09,115,,26,06,067,*75
$GPRMC,133915.000,A,2632.7941,N,07703.1374,W,1.04,22.48,280324,,,A*4A
$GPVTG,22.48,T,,M,1.04,N,1.9,K,A*3C
$GPGGA,133920.000,2632.7955,N,07703.1366,W,1,04,5.2,7.0,M,-33.0,M,,0000*67
$GPGSA,A,3,08,16,27,07,,,,,,,,,8.8,5.2,7.1*3E
$GPGSV,3,1,10,08,82,159,25,04,53,199,,27,53,047,30,09,51,277,18*74
$GPGSV,3,2,10,16,29,045,28,07,27,318,28,21,18,156,,02,11,168,*79
$GPGSV,3,3,10,31,09,115,,26,06,067,*75
$GPRMC,133920.000,A,2632.7955,N,07703.1366,W,0.73,29.19,280324,,,A*44
$GPVTG,29.19,T,,M,0.73,N,1.4,K,A*3F
$GPGGA,133925.000,2632.7967,N,07703.1352,W,1,05,4.5,6.2,M,-33.0,M,,0000*60
$GPGSA,A,3,08,16,09,27,07,,,,,,,,7.9,4.5,6.5*3A
$GPGSV,3,1,10,08,82,159,26,04,53,199,,27,53,047,29,09,51,277,17*70
$GPGSV,3,2,10,16,29,045,27,07,27,318,28,21,18,156,,02,11,168,*76
$GPGSV,3,3,10,31,09,115,,26,06,067,*75
$GPRMC,133925.000,A,2632.7967,N,07703.1352,W,0.69,41.38,280324,,,A*41
$GPVTG,41.38,T,,M,0.69,N,1.3,K,A*3E
$GPGGA,133930.000,2632.7945,N,07703.1361,W,1,05,4.5,2.9,M,-33.0,M,,0000*6B
$GPGSA,A,3,08,16,09,27,07,,,,,,,,7.9,4.5,6.5*3A
$GPGSV,3,1,10,08,82,159,26,04,53,199,,27,53,047,29,09,51,277,17*70
$GPGSV,3,2,10,16,29,045,22,07,27,318,29,21,18,156,,02,11,168,*72
$GPGSV,3,3,10,31,09,115,,26,06,067,*75
$GPRMC,133930.000,A,2632.7945,N,07703.1361,W,0.58,182.55,280324,,,A*72
$GPVTG,182.55,T,,M,0.58,N,1.1,K,A*0B
$GPGGA,133935.000,2632.7942,N,07703.1364,W,1,05,4.5,2.8,M,-33.0,M,,0000*6D
$GPGSA,A,3,08,16,09,27,07,,,,,,,,7.9,4.5,6.5*3A
$GPGSV,3,1,10,08,82,159,26,04,53,199,,27,53,047,28,09,51,277,16*70
$GPGSV,3,2,10,16,29,045,23,07,27,318,28,21,18,156,,02,11,168,*72
$GPGSV,3,3,10,31,09,115,,26,06,067,*75
$GPRMC,133935.000,A,2632.7942,N,07703.1364,W,0.17,79.40,280324,,,A*4F
$GPGGA,133940.000,2632.7945,N,07703.1360,W,1,04,5.2,3.3,M,-33.0,M,,0000*61
$GPGSA,A,3,08,16,27,07,,,,,,,,,8.8,5.2,7.1*3E
$GPGSV,3,1,11,08,83,151,26,27,51,045,27,04,51,198,,09,51,275,17*77
$GPGSV,3,2,11,07,28,319,28,16,28,046,24,21,19,155,,02,12,167,*76
$GPGSV,3,3,11,31,08,116,,26,05,068,,30,00,308,*42
$GPRMC,133940.000,A,2632.7945,N,07703.1360,W,0.27,94.18,280324,,,A*43
$GPVTG,94.18,T,,M,0.27,N,0.5,K,A*39
$GPGGA,133945.000,2632.7934,N,07703.1361,W,1,04,5.2,0.6,M,-33.0,M,,0000*65
$GPGSA,A,3,08,16,27,07,,,,,,,,,8.8,5.2,7.1*3E
$GPGSV,3,1,11,08,83,151,27,27,51,045,27,04,51,198,,09,51,275,16*77
$GPGSV,3,2,11,07,28,319,28,16,28,046,24,21,19,155,,02,12,167,*76
$GPGSV,3,3,11,31,08,116,,26,05,068,,30,00,308,*42
$GPRMC,133945.000,A,2632.7934,N,07703.1361,W,0.35,146.69,280324,,,A*7A
$GPVTG,146.69,T,,M,0.35,N,0.7,K,A*00
$GPGGA,133950.000,2632.7929,N,07703.1363,W,1,04,5.2,-2.2,M,-33.0,M,,0000*44
$GPGSA,A,3,08,16,27,07,,,,,,,,,8.8,5.2,7.1*3E
$GPGSV,3,1,11,08,83,151,27,27,51,045,27,04,51,198,,09,51,275,16*77
$GPGSV,3,2,11,07,28,319,28,16,28,046,24,21,19,155,,02,12,167,*76
$GPGSV,3,3,11,31,08,116,,26,05,068,,30,00,308,*42
$GPRMC,133950.000,A,2632.7929,N,07703.1363,W,0.57,191.26,280324,,,A*75
$GPVTG,191.26,T,,M,0.57,N,1.1,K,A*02
$GPGGA,133955.000,2632.7920,N,07703.1369,W,1,05,4.4,-2.5,M,-33.0,M,,0000*43
$GPGSA,A,3,08,16,09,27,07,,,,,,,,7.8,4.4,6.4*3B
$GPGSV,3,1,11,08,83,151,26,27,51,045,27,04,51,198,,09,51,275,15*75
$GPGSV,3,2,11,07,28,319,28,16,28,046,24,21,19,155,,02,12,167,*76
$GPRMC,133955.000,A,2632.7920,N,07703.1369,W,1.20,206.36,280324,,,A*7E
$GPVTG,206.36,T,,M,1.20,N,2.2,K,A*0F
$GPGGA,134000.000,2632.7905,N,07703.1376,W,1,04,5.2,-5.8,M,-33.0,M,,0000*48
$GPGSA,A,3,08,16,27,07,,,,,,,,,8.8,5.2,7.1*3E
$GPGSV,3,1,11,08,83,151,26,27,51,045,28,04,51,198,,09,51,275,*7E
$GPGSV,3,2,11,07,28,319,27,16,28,046,24,21,19,155,,02,12,167,*79
$GPGSV,3,3,11,31,08,116,,26,05,068,,30,00,308,*42
$GPRMC,134000.000,A,2632.7905,N,07703.1376,W,0.69,162.43,280324,,,A*76
$GPVTG,162.43,T,,M,0.69,N,1.3,K,A*02
$GPGGA,134005.000,2632.7900,N,07703.1371,W,1,04,5.2,-8.2,M,-33.0,M,,0000*48
$GPGSA,A,3,08,16,27,07,,,,,,,,,8.8,5.2,7.1*3E
$GPGSV,3,1,11,08,83,151,27,27,51,045,28,04,51,198,,09,51,275,*7F
$GPGSV,3,2,11,07,28,319,27,16,28,046,24,21,19,155,,02,12,167,*79
$GPGSV,3,3,11,31,08,116,,26,05,068,,30,00,308,*42
$GPRMC,134005.000,A,2632.7900,N,07703.1371,W,0.88,183.10,280324,,,A*77
$GPVTG,183.10,T,,M,0.88,N,1.6,K,A*01
$GPGGA,134010.000,2632.7927,N,07703.1376,W,1,05,1.4,-0.8,M,-33.0,M,,0000*4F
$GPGSA,A,3,08,16,21,27,07,,,,,,,,2.3,1.4,1.9*30
$GPGSV,3,1,11,08,83,151,27,27,51,045,28,04,51,198,,09,51,275,*7F
$GPGSV,3,2,11,07,28,319,28,16,28,046,24,21,19,155,15,02,12,167,*72
$GPGSV,3,3,11,31,08,116,,26,05,068,,30,00,308,*42
$GPRMC,134010.000,A,2632.7927,N,07703.1376,W,0.49,0.53,280324,,,A*71
$GPVTG,0.53,T,,M,0.49,N,0.9,K,A*0F
$GPGGA,134015.000,2632.7938,N,07703.1374,W,1,05,1.4,2.4,M,-33.0,M,,0000*65
$GPGSA,A,3,08,16,21,27,07,,,,,,,,2.3,1.4,1.9*30
$GPGSV,3,1,11,08,83,149,27,27,51,045,29,09,51,274,,04,51,198,*76
$GPGSV,3,2,11,07,28,319,28,16,28,046,20,21,20,154,14,02,13,167,*7D
$GPGSV,3,3,11,31,08,117,,26,05,068,,30,00,308,*43
$GPRMC,134015.000,A,2632.7938,N,07703.1374,W,0.61,177.69,280324,,,A*7A
$GPVTG,177.69,T,,M,0.61,N,1.1,K,A*04
$GPGGA,134020.000,2632.7947,N,07703.1377,W,1,07,1.2,5.3,M,-33.0,M,,0000*6C
$GPGSA,A,3,08,21,27,09,31,07,04,,,,,,2.0,1.2,1.6*32
$GPGSV,3,1,11,08,83,149,27,27,51,045,29,09,51,274,14,04,51,198,16*74
$GPGSV,3,2,11,07,28,319,29,16,28,046,,21,20,154,14,02,13,167,*7E
$GPRMC,134020.000,A,2632.7947,N,07703.1377,W,0.35,75.07,280324,,,A*4D
$GPVTG,75.07,T,,M,0.35,N,0.7,K,A*39
$GPGGA,134025.000,2632.7957,N,07703.1374,W,1,06,1.3,4.5,M,-33.0,M,,0000*6C
$GPGSA,A,3,08,27,09,31,07,04,,,,,,,2.1,1.3,1.7*30
$GPGSV,3,1,11,08,83,149,27,27,51,045,30,09,51,274,15,04,51,198,15*7E
$GPGSV,3,2,11,07,28,319,29,16,28,046,,21,20,154,,02,13,167,*7B
$GPGSV,3,3,11,31,08,117,13,26,05,068,,30,00,308,*41
$GPRMC,134025.000,A,2632.7957,N,07703.1374,W,0.72,19.61,280324,,,A*43
$GPVTG,19.61,T,,M,0.72,N,1.3,K,A*35
$GPGGA,134030.000,2632.7969,N,07703.1372,W,1,05,4.4,5.3,M,-33.0,M,,0000*65
$GPGSA,A,3,08,16,27,09,07,,,,,,,,7.6,4.4,6.3*32
$GPGSV,3,1,11,08,83,149,27,27,51,045,31,09,51,274,16,04,51,198,15*7C
$GPGSV,3,2,11,07,28,319,30,16,28,046,19,21,20,154,,02,13,167,*7B
$GPGSV,3,3,11,31,08,117,,26,05,068,,30,00,308,*43
$GPRMC,134030.000,A,2632.7969,N,07703.1372,W,0.33,345.84,280324,,,A*78
$GPVTG,345.84,T,,M,0.33,N,0.6,K,A*05
$GPGGA,134035.000,2632.7975,N,07703.1372,W,1,05,4.3,7.2,M,-33.0,M,,0000*69
$GPGSA,A,3,08,16,27,09,07,,,,,,,,7.6,4.3,6.2*34
$GPGSV,3,1,11,08,83,149,26,27,51,045,30,09,51,274,18,04,51,198,17*70
$GPGSV,3,2,11,07,28,319,29,16,28,046,20,21,20,154,,02,13,167,*79
$GPGSV,3,3,11,31,08,117,,26,05,068,,30,00,308,*43
$GPRMC,134035.000,A,2632.7975,N,07703.1372,W,0.32,169.42,280324,,,A*77
$GPVTG,169.42,T,,M,0.32,N,0.6,K,A*02
$GPGGA,134040.000,2632.7967,N,07703.1353,W,1,06,1.6,1.1,M,-33.0,M,,0000*6D
$GPGSA,A,3,08,16,27,09,07,04,,,,,,,3.5,1.6,3.1*31
$GPGSV,3,1,11,08,83,149,25,27,51,045,31,09,51,274,19,04,51,198,18*7C
$GPGSV,3,2,11,07,28,319,29,16,28,046,21,21,20,154,,02,13,167,*78
$GPGSV,3,3,11,31,08,117,,26,05,068,,30,00,308,*43
$GPRMC,134040.000,A,2632.7967,N,07703.1353,W,0.77,160.31,280324,,,A*79
$GPVTG,160.31,T,,M,0.77,N,1.4,K,A*0D
$GPGGA,134045.000,2632.7950,N,07703.1355,W,1,06,1.6,-0.2,M,-33.0,M,,0000*45
$GPGSA,A,3,08,16,27,09,07,04,,,,,,,3.5,1.6,3.1*31
$GPGSV,3,1,11,08,83,149,25,27,51,045,30,09,51,274,18,04,51,198,18*7C
$GPGSV,3,2,11,07,28,319,29,16,28,046,18,21,20,154,,02,13,167,*72
$GPGSV,3,3,11,31,08,117,,26,05,068,,30,00,308,*43
$GPRMC,134045.000,A,2632.7950,N,07703.1355,W,0.19,128.98,280324,,,A*79
$GPVTG,128.98,T,,M,0.19,N,0.4,K,A*0B
$GPGGA,134050.000,2632.7962,N,07703.1365,W,1,05,1.6,5.2,M,-33.0,M,,0000*68
$GPGSA,A,3,08,16,31,27,07,,,,,,,,2.3,1.6,1.7*3D
$GPGSV,3,1,11,08,83,149,25,27,51,045,30,09,51,274,17,04,51,198,*7A
$GPGSV,3,2,11,07,28,319,29,16,28,046,19,21,20,154,,02,13,167,*73
$GPGSV,3,3,11,31,08,117,15,26,05,068,,30,00,308,*47
$GPRMC,134050.000,A,2632.7962,N,07703.1365,W,1.26,191.79,280324,,,A*7F
$GPGGA,134055.000,2632.7929,N,07703.1381,W,1,07,1.1,6.4,M,-33.0,M,,0000*68
$GPGSA,A,3,08,16,31,27,09,04,07,,,,,,2.0,1.1,1.7*34
$GPGSV,3,1,11,08,83,149,25,27,51,045,31,09,51,274,16,04,51,198,16*7D
$GPGSV,3,2,11,07,28,319,29,16,28,046,20,21,20,154,,02,13,167,*79
$GPGSV,3,3,11,31,08,117,14,26,05,068,,30,00,308,*46
$GPRMC,134055.000,A,2632.7929,N,07703.1381,W,1.19,186.71,280324,,,A*7D
$GPVTG,186.71,T,,M,1.19,N,2.2,K,A*0D
$GPGGA,134100.000,2632.7920,N,07703.1392,W,1,06,1.6,7.3,M,-33.0,M,,0000*62
$GPGSA,A,3,08,16,27,09,04,07,,,,,,,3.5,1.6,3.1*31
$GPGSV,3,1,11,08,83,149,25,27,51,045,31,09,51,274,16,04,51,198,16*7D
$GPGSV,3,2,11,07,28,319,29,16,28,046,23,21,20,154,,02,13,167,*7A
$GPGSV,3,3,11,31,08,117,,26,05,068,,30,00,308,*43
$GPRMC,134100.000,A,2632.7920,N,07703.1392,W,0.35,197.39,280324,,,A*74
$GPVTG,197.39,T,,M,0.35,N,0.6,K,A*08
$GPGGA,134105.000,2632.7915,N,07703.1381,W,1,04,5.2,1.6,M,-33.0,M,,0000*62
$GPGSA,A,3,08,16,27,07,,,,,,,,,8.7,5.2,7.0*30
$GPGSV,3,1,11,08,83,149,25,27,51,045,30,09,51,274,15,04,51,198,16*7F
$GPGSV,3,2,11,07,28,319,29,16,28,046,22,21,20,154,,02,13,167,*7B
$GPGSV,3,3,11,31,08,117,,26,05,068,,30,00,308,*43
$GPRMC,134105.000,A,2632.7915,N,07703.1381,W,1.29,166.02,280324,,,A*7F
$GPVTG,166.02,T,,M,1.29,N,2.4,K,A*02
$GPGGA,134110.000,2632.7951,N,07703.1376,W,1,06,1.6,6.4,M,-33.0,M,,0000*69
$GPGSA,A,3,08,16,27,09,04,07,,,,,,,3.5,1.6,3.1*31
$GPGSV,3,1,11,08,83,149,25,27,51,045,30,09,51,274,15,04,51,198,16*7F
$GPGSV,3,2,11,07,28,319,29,16,28,046,22,21,20,154,,02,13,167,*7B
$GPGSV,3,3,11,31,08,117,,26,05,068,,30,00,308,*43
$GPRMC,134110.000,A,2632.7951,N,07703.1376,W,1.94,9.64,280324,,,A*7D
$GPVTG,9.64,T,,M,1.94,N,3.6,K,A*0F
$GPGGA,134115.000,2632.7953,N,07703.1373,W,1,06,1.6,5.2,M,-33.0,M,,0000*6E
$GPGSA,A,3,08,16,27,09,04,07,,,,,,,3.5,1.6,3.1*31
$GPGSV,3,1,11,08,84,146,25,09,51,274,13,27,51,045,30,04,51,198,16*71
$GPGSV,3,2,11,07,29,319,29,16,27,046,22,21,20,154,,02,13,167,*75
$GPGSV,3,3,11,31,08,117,,26,05,069,,30,01,308,*43
$GPVTG,200.33,T,,M,0.91,N,1.7,K,A*01
$GPGGA,134120.000,2632.7966,N,07703.1362,W,1,05,1.7,4.9,M,-33.0,M,,0000*66
$GPGSA,A,3,08,16,27,04,07,,,,,,,,3.6,1.7,3.2*39
$GPGSV,3,1,11,08,84,146,25,09,51,274,,27,51,045,30,04,51,198,17*72
$GPGSV,3,2,11,07,29,319,29,16,27,046,22,21,20,154,,02,13,167,*75
$GPGSV,3,3,11,31,08,117,,26,05,069,,30,01,308,*43
$GPRMC,134120.000,A,2632.7966,N,07703.1362,W,0.29,356.73,280324,,,A*77
$GPVTG,356.73,T,,M,0.29,N,0.5,K,A*07
$GPGGA,134125.000,2632.7948,N,07703.1358,W,1,05,1.7,1.8,M,-33.0,M,,0000*62
$GPGSA,A,3,08,16,27,04,07,,,,,,,,3.6,1.7,3.2*39
$GPGSV,3,1,11,08,84,146,25,09,51,274,,27,51,045,30,04,51,198,17*72
$GPGSV,3,2,11,07,29,319,29,16,27,046,21,21,20,154,,02,13,167,*76
$GPGSV,3,3,11,31,08,117,,26,05,069,,30,01,308,*43
$GPRMC,134125.000,A,2632.7948,N,07703.1358,W,0.94,32.73,280324,,,A*40
$GPVTG,32.73,T,,M,0.94,N,1.7,K,A*33
$GPGGA,134130.000,2632.7950,N,07703.1358,W,1,05,1.7,2.8,M,-33.0,M,,0000*6C
$GPGSA,A,3,08,16,27,04,07,,,,,,,,3.6,1.7,3.2*39
$GPGSV,3,1,11,08,84,146,25,09,51,274,,27,51,045,30,04,51,198,16*73
$GPGSV,3,2,11,07,29,319,29,16,27,046,22,21,20,154,,02,13,167,*75
$GPGSV,3,3,11,31,08,117,,26,05,069,,30,01,308,*43
$GPRMC,134130.000,A,2632.7950,N,07703.1358,W,0.21,153.27,280324,,,A*74
$GPVTG,153.27,T,,M,0.21,N,0.4,K,A*08
$GPGGA,134135.000,2632.7949,N,07703.1359,W,1,05,1.7,4.8,M,-33.0,M,,0000*66
$GPGSA,A,3,08,16,27,04,07,,,,,,,,3.6,1.7,3.2*39
$GPGSV,3,1,11,08,84,146,25,09,51,274,,27,51,045,30,04,51,198,17*72
$GPGSV,3,2,11,07,29,319,29,16,27,046,21,21,20,154,,02,13,167,*76
$GPGSV,3,3,11,31,08,117,,26,05,069,,30,01,308,*43
$GPRMC,134135.000,A,2632.7949,N,07703.1359,W,0.82,182.96,280324,,,A*77
$GPVTG,182.96,T,,M,0.82,N,1.5,K,A*07
$GPGGA,134140.000,2632.7944,N,07703.1364,W,1,05,1.7,3.7,M,-33.0,M,,0000*6F
$GPGSA,A,3,08,16,27,04,07,,,,,,,,3.6,1.7,3.1*3A
$GPGSV,3,1,11,08,84,146,24,09,51,274,,27,51,045,30,04,51,198,17*73
$GPGSV,3,2,11,07,29,319,28,16,27,046,22,21,20,154,,02,13,167,*74
$GPGSV,3,3,11,31,08,117,,26,05,069,,30,01,308,*43
$GPRMC,134140.000,A,2632.7944,N,07703.1364,W,0.37,17.86,280324,,,A*44
$GPGGA,134145.000,2632.7925,N,07703.1361,W,1,05,4.2,1.6,M,-33.0,M,,0000*6B
$GPGSA,A,3,08,16,09,27,07,,,,,,,,7.3,4.2,5.9*38
$GPGSV,3,1,11,08,84,146,24,09,51,274,15,27,51,045,30,04,51,198,17*77
$GPGSV,3,2,11,07,29,319,29,16,27,046,22,21,20,154,,02,13,167,*75
$GPGSV,3,3,11,31,08,117,,26,05,069,,30,01,308,*43
$GPRMC,134145.000,A,2632.7925,N,07703.1361,W,1.09,178.93,280324,,,A*73
$GPVTG,178.93,T,,M,1.09,N,2.0,K,A*03
$GPGGA,134150.000,2632.7949,N,07703.1356,W,1,06,1.6,1.5,M,-33.0,M,,0000*60
$GPGSA,A,3,08,16,09,27,04,07,,,,,,,3.4,1.6,3.1*30
$GPGSV,3,1,11,08,84,146,24,09,51,274,15,27,51,045,30,04,51,198,17*77
$GPGSV,3,2,11,07,29,319,29,16,27,046,22,21,20,154,,02,13,167,*75
$GPGSV,3,3,11,31,08,117,,26,05,069,,30,01,308,*43
$GPRMC,134150.000,A,2632.7949,N,07703.1356,W,0.25,130.48,280324,,,A*7C
$GPVTG,130.48,T,,M,0.25,N,0.5,K,A*01
$GPGGA,134155.000,2632.7920,N,07703.1360,W,1,06,1.6,-4.3,M,-33.0,M,,0000*41
$GPGSA,A,3,08,16,09,27,04,07,,,,,,,3.4,1.6,3.1*30
$GPGSV,3,1,11,08,84,146,25,09,51,274,16,27,51,045,30,04,51,198,17*75
$GPGSV,3,2,11,07,29,319,28,16,27,046,21,21,20,154,,02,13,167,*77
$GPGSV,3,3,11,31,08,117,,26,05,069,,30,01,308,*43
$GPRMC,134155.000,A,2632.7920,N,07703.1360,W,0.56,135.96,280324,,,A*71
$GPVTG,135.96,T,,M,0.56,N,1.0,K,A*07
$GPGGA,134200.000,2632.7918,N,07703.1357,W,1,05,1.7,-8.4,M,-33.0,M,,0000*44
$GPGSA,A,3,08,16,27,04,07,,,,,,,,3.6,1.7,3.1*3A
$GPGSV,3,1,11,08,84,146,25,09,51,274,,27,51,045,30,04,51,198,17*72
$GPGSV,3,2,11,07,29,319,29,16,27,046,21,21,20,154,,02,13,167,*76
$GPGSV,3,3,11,31,08,117,,26,05,069,,30,01,308,*43
$GPRMC,134200.000,A,2632.7918,N,07703.1357,W,0.81,56.62,280324,,,A*48
$GPVTG,56.62,T,,M,0.81,N,1.5,K,A*37
$GPGGA,134205.000,2632.7914,N,07703.1356,W,1,05,1.7,-9.8,M,-33.0,M,,0000*41
$GPGSA,A,3,08,16,27,04,07,,,,,,,,3.6,1.7,3.1*3A
$GPGSV,3,1,11,08,84,146,25,09,51,274,,27,51,045,30,04,51,198,17*72
$GPGSV,3,2,11,07,29,319,28,16,27,046,22,21,20,154,,02,13,167,*74
$GPGSV,3,3,11,31,08,117,,26,05,069,,30,01,308,*43
$GPVTG,131.21,T,,M,0.59,N,1.1,K,A*01
$GPGGA,134210.000,2632.7929,N,07703.1355,W,1,05,1.7,-4.8,M,-33.0,M,,0000*45
$GPGSA,A,3,08,16,27,04,07,,,,,,,,3.6,1.7,3.1*3A
$GPGSV,3,1,11,08,84,146,24,09,51,274,,27,51,045,30,04,51,198,16*72
$GPGSV,3,2,11,07,29,319,29,16,27,046,22,21,20,154,,02,13,167,*75
$GPGSV,3,3,11,31,08,117,,26,05,069,,30,01,308,*43
$GPRMC,134210.000,A,2632.7929,N,07703.1355,W,0.37,35.33,280324,,,A*45
$GPVTG,35.33,T,,M,0.37,N,0.7,K,A*38
$GPGGA,134215.000,2632.7923,N,07703.1347,W,1,04,5.2,-12.3,M,-33.0,M,,0000*75
$GPGSA,A,3,08,16,27,07,,,,,,,,,8.6,5.2,6.9*39
$GPGSV,3,1,11,08,84,142,24,09,51,273,,27,50,045,30,04,50,197,16*7E
$GPGSV,3,2,11,07,29,319,29,16,27,046,22,21,20,154,,02,13,167,*75
$GPGSV,3,3,11,31,08,117,,26,05,069,,30,01,308,*43
$GPRMC,134215.000,A,2632.7923,N,07703.1347,W,0.35,163.27,280324,,,A*7C
$GPVTG,163.27,T,,M,0.35,N,0.7,K,A*0D
$GPGGA,134220.000,2632.7909,N,07703.1371,W,1,05,1.7,-5.9,M,-33.0,M,,0000*42
$GPGSA,A,3,08,16,27,04,07,,,,,,,,3.5,1.7,3.1*39
$GPGSV,3,1,11,08,84,142,24,09,51,273,,27,50,045,30,04,50,197,16*7E
$GPGSV,3,2,11,07,29,319,28,16,27,046,22,21,20,154,,02,13,167,*74
$GPGSV,3,3,11,31,08,117,,26,05,069,,30,01,308,*43
$GPRMC,134220.000,A,2632.7909,N,07703.1371,W,1.63,184.29,280324,,,A*72
$GPVTG,184.29,T,,M,1.63,N,3.0,K,A*0C
$GPGGA,134225.000,2632.7906,N,07703.1366,W,1,05,1.7,-9.0,M,-33.0,M,,0000*4B
$GPGSA,A,3,08,16,27,04,07,,,,,,,,3.5,1.7,3.1*39
$GPGSV,3,1,11,08,84,142,24,09,51,273,,27,50,045,29,04,50,197,15*75
$GPGSV,3,2,11,07,29,319,28,16,27,046,22,21,20,154,,02,13,167,*74
$GPGSV,3,3,11,31,08,117,,26,05,069,,30,01,308,*43
$GPRMC,134225.000,A,2632.7906,N,07703.1366,W,0.39,171.65,280324,,,A*72
$GPVTG,171.65,T,,M,0.39,N,0.7,K,A*04
$GPGGA,134230.000,2632.7904,N,07703.1364,W,1,05,1.7,-9.1,M,-33.0,M,,0000*4E
$GPGSA,A,3,08,16,27,04,07,,,,,,,,3.5,1.7,3.1*39
$GPGSV,3,1,11,08,84,142,24,09,51,273,,27,50,045,29,04,50,197,16*76
$GPGSV,3,2,11,07,29,319,28,16,27,046,21,21,20,154,,02,13,167,*77
$GPGSV,3,3,11,31,08,117,,26,05,069,,30,01,308,*43
$GPRMC,134230.000,A,2632.7904,N,07703.1364,W,0.68,154.76,280324,,,A*77
$GPGGA,134235.000,2632.7920,N,07703.1374,W,1,05,1.7,1.0,M,-33.0,M,,0000*68
$GPGSA,A,3,08,16,27,04,07,,,,,,,,3.5,1.7,3.1*39
$GPGSV,3,1,11,08,84,142,24,09,51,273,,27,50,045,29,04,50,197,17*77
$GPGSV,3,2,11,07,29,319,28,16,27,046,22,21,20,154,,02,13,167,*74
$GPGSV,3,3,11,31,08,117,,26,05,069,,30,01,308,*43
$GPRMC,134235.000,A,2632.7920,N,07703.1374,W,0.25,14.12,280324,,,A*4B
$GPVTG,14.12,T,,M,0.25,N,0.5,K,A*39
$GPGGA,134240.000,2632.7916,N,07703.1375,W,1,05,1.7,0.0,M,-33.0,M,,0000*6F
$GPGSA,A,3,08,16,27,04,07,,,,,,,,3.5,1.7,3.1*39
$GPGSV,3,1,11,08,84,142,24,09,51,273,,27,50,045,29,04,50,197,16*76
$GPGSV,3,2,11,07,29,319,29,16,27,046,23,21,20,154,,02,13,167,*74
$GPGSV,3,3,11,31,08,117,,26,05,069,,30,01,308,*43
$GPRMC,134240.000,A,2632.7916,N,07703.1375,W,0.17,216.67,280324,,,A*7E
$GPVTG,216.67,T,,M,0.17,N,0.3,K,A*0C
$GPGGA,134245.000,2632.7935,N,07703.1377,W,1,05,1.7,2.8,M,-33.0,M,,0000*63
$GPGSA,A,3,08,16,27,04,07,,,,,,,,3.5,1.7,3.1*39
$GPGSV,3,1,12,08,84,140,24,09,51,272,,27,50,044,29,04,50,197,17*76
$GPGSV,3,2,12,07,29,319,28,16,27,047,22,21,21,154,,02,14,166,*71
$GPGSV,3,3,12,31,08,117,,26,04,069,,30,01,308,,14,00,260,*70
$GPRMC,134245.000,A,2632.7935,N,07703.1377,W,1.41,3.39,280324,,,A*77
$GPVTG,3.39,T,,M,1.41,N,2.6,K,A*04
$GPGGA,134250.000,2632.7962,N,07703.1380,W,1,05,1.7,7.8,M,-33.0,M,,0000*68
$GPGSA,A,3,08,16,27,04,07,,,,,,,,3.5,1.7,3.1*39
$GPGSV,3,1,12,08,84,140,25,09,51,272,17,27,50,044,29,04,50,197,16*70
$GPGSV,3,2,12,07,29,319,28,16,27,047,22,21,21,154,,02,14,166,*71
$GPGSV,3,3,12,31,08,117,,26,04,069,,30,01,308,,14,00,260,*70
$GPRMC,134250.000,A,2632.7962,N,07703.1380,W,1.57,20.43,280324,,,A*42
$GPVTG,20.43,T,,M,1.57,N,2.9,K,A*30
$GPGGA,134255.000,2632.7974,N,07703.1381,W,1,05,4.0,15.4,M,-33.0,M,,0000*56
$GPGSA,A,3,08,16,09,27,07,,,,,,,,6.9,4.0,5.7*3F
$GPGSV,3,1,12,08,84,140,25,09,51,272,18,27,50,044,29,04,50,197,16*7F
$GPGSV,3,2,12,07,29,319,28,16,27,047,22,21,21,154,,02,14,166,*71
$GPGSV,3,3,12,31,08,117,,26,04,069,,30,01,308,,14,00,260,*70
$GPVTG,341.15,T,,M,0.45,N,0.8,K,A*06
$GPGGA,134300.000,2632.7976,N,07703.1379,W,1,05,1.7,14.0,M,-33.0,M,,0000*55
$GPGSA,A,3,08,16,27,04,07,,,,,,,,3.5,1.7,3.1*39
$GPGSV,3,1,12,08,84,140,25,09,51,272,17,27,50,044,29,04,50,197,15*73
$GPGSV,3,2,12,07,29,319,29,16,27,047,23,21,21,154,,02,14,166,*71
$GPGSV,3,3,12,31,08,117,,26,04,069,,30,01,308,,14,00,260,*70
$GPRMC,134300.000,A,2632.7976,N,07703.1379,W,1.76,1.05,280324,,,A*77
$GPVTG,1.05,T,,M,1.76,N,3.3,K,A*09
$GPGGA,134305.000,2632.7982,N,07703.1371,W,1,04,5.2,10.6,M,-33.0,M,,0000*51
$GPGSA,A,3,08,16,27,07,,,,,,,,,8.5,5.2,6.8*3B
$GPGSV,3,1,12,08,84,140,25,09,51,272,,27,50,044,29,04,50,197,*71
$GPGSV,3,2,12,07,29,319,30,16,27,047,23,21,21,154,,02,14,166,*79
$GPGSV,3,3,12,31,08,117,,26,04,069,,30,01,308,,14,00,260,*70
$GPRMC,134305.000,A,2632.7982,N,07703.1371,W,0.27,305.40,280324,,,A*72
$GPVTG,305.40,T,,M,0.27,N,0.5,K,A*0F
$GPGGA,134310.000,2632.7984,N,07703.1367,W,1,04,5.2,7.2,M,-33.0,M,,0000*66
$GPGSA,A,3,08,16,27,07,,,,,,,,,8.5,5.2,6.8*3B
$GPGSV,3,1,12,08,84,140,25,09,51,272,,27,50,044,28,04,50,197,*70
$GPGSV,3,2,12,07,29,319,30,16,27,047,24,21,21,154,,02,14,166,*7E
$GPGSV,3,3,12,31,08,117,,26,04,069,,30,01,308,,14,00,260,*70
$GPRMC,134310.000,A,2632.7984,N,07703.1367,W,0.12,101.87,280324,,,A*7C
$GPVTG,101.87,T,,M,0.12,N,0.2,K,A*03
$GPGGA,134315.000,2632.7964,N,07703.1375,W,1,05,3.9,7.6,M,-33.0,M,,0000*66
$GPGSA,A,3,08,16,09,27,07,,,,,,,,6.8,3.9,5.6*31
$GPGSV,3,1,12,08,84,137,25,09,51,272,18,27,50,044,29,04,50,197,*78
$GPGSV,3,2,12,07,29,319,30,16,27,047,25,21,21,154,,02,14,166,*7F
$GPGSV,3,3,12,31,07,117,,26,04,069,,30,01,309,,14,00,260,*7E
$GPRMC,134315.000,A,2632.7964,N,07703.1375,W,0.39,67.18,280324,,,A*4A
$GPVTG,67.18,T,,M,0.39,N,0.7,K,A*38
$GPGGA,134320.000,2632.7964,N,07703.1372,W,1,05,3.9,7.2,M,-33.0,M,,0000*63
$GPGSA,A,3,08,16,09,27,07,,,,,,,,6.8,3.9,5.6*31
$GPGSV,3,1,12,08,84,137,25,09,51,272,17,27,50,044,29,04,50,197,*77
$GPGSV,3,2,12,07,29,319,30,16,27,047,25,21,21,154,,02,14,166,*7F
$GPGSV,3,3,12,31,07,117,,26,04,069,,30,01,309,,14,00,260,*7E
$GPVTG,190.63,T,,M,0.98,N,1.8,K,A*08
$GPGGA,134325.000,2632.7933,N,07703.1381,W,1,04,5.2,4.7,M,-33.0,M,,0000*62
$GPGSA,A,3,08,16,27,07,,,,,,,,,8.5,5.2,6.8*3B
$GPGSV,3,1,12,08,84,137,24,09,51,272,17,27,50,044,28,04,50,197,*77
$GPGSV,3,2,12,07,29,319,30,16,27,047,25,21,21,154,,02,14,166,*7F
$GPGSV,3,3,12,31,07,117,,26,04,069,,30,01,309,,14,00,260,*7E
$GPRMC,134325.000,A,2632.7933,N,07703.1381,W,0.35,75.35,280324,,,A*40
$GPVTG,75.35,T,,M,0.35,N,0.6,K,A*39
$GPGGA,134330.000,2632.7937,N,07703.1373,W,1,04,5.2,1.6,M,-33.0,M,,0000*6B
$GPGSA,A,3,08,16,27,07,,,,,,,,,8.5,5.2,6.7*34
$GPGSV,3,1,12,08,84,137,25,09,51,272,17,27,50,044,29,04,50,197,*77
$GPGSV,3,2,12,07,29,319,30,16,27,047,24,21,21,154,,02,14,166,*7E
$GPGSV,3,3,12,31,07,117,,26,04,069,,30,01,309,,14,00,260,*7E
$GPRMC,134330.000,A,2632.7937,N,07703.1373,W,0.54,176.55,280324,,,A*7E
$GPVTG,176.55,T,,M,0.54,N,1.0,K,A*0D
$GPGGA,134335.000,2632.7935,N,07703.1366,W,1,04,5.2,-2.7,M,-33.0,M,,0000*47
$GPGSA,A,3,08,16,27,07,,,,,,,,,8.5,5.2,6.7*34
$GPGSV,3,1,12,08,84,137,25,09,51,272,17,27,50,044,29,04,50,197,*77
$GPGSV,3,2,12,07,29,319,30,16,27,047,24,21,21,154,,02,14,166,*7E
$GPGSV,3,3,12,31,07,117,,26,04,069,,30,01,309,,14,00,260,*7E
$GPRMC,134335.000,A,2632.7935,N,07703.1366,W,0.80,174.84,280324,,,A*7A
$GPVTG,174.84,T,,M,0.80,N,1.5,K,A*0F
$GPGGA,134340.000,2632.7902,N,07703.1351,W,1,05,3.9,-14.3,M,-33.0,M,,0000*7A
$GPGSA,A,3,08,16,09,27,07,,,,,,,,6.7,3.9,5.5*3D
$GPGSV,3,1,12,08,84,137,26,09,51,272,16,27,50,044,29,04,50,197,*75
$GPGSV,3,2,12,07,29,319,31,16,27,047,23,21,21,154,,02,14,166,*78
$GPGSV,3,3,12,31,07,117,,26,04,069,,30,01,309,,14,00,260,*7E
$GPRMC,134340.000,A,2632.7902,N,07703.1351,W,1.02,155.55,280324,,,A*7C
$GPVTG,155.55,T,,M,1.02,N,1.9,K,A*07
$GPGGA,134345.000,2632.7862,N,07703.1357,W,1,04,5.2,-20.4,M,-33.0,M,,0000*72
$GPGSA,A,3,08,16,27,07,,,,,,,,,8.5,5.2,6.7*34
$GPGSV,3,1,12,08,84,135,26,09,51,271,16,27,50,044,29,04,49,197,*7C
$GPGSV,3,2,12,07,30,320,30,16,27,047,23,21,21,153,,02,14,166,*7C
$GPGSV,3,3,12,31,07,118,,26,04,069,,30,01,309,,14,00,260,*71
$GPRMC,134345.000,A,2632.7862,N,07703.1357,W,2.22,191.34,280324,,,A*76
$GPVTG,191.34,T,,M,2.22,N,4.1,K,A*04
$GPGGA,134350.000,2632.7854,N,07703.1375,W,1,05,3.9,-19.2,M,-33.0,M,,0000*73
$GPGSA,A,3,08,16,09,27,07,,,,,,,,6.7,3.9,5.4*3C
$GPGSV,3,1,12,08,84,135,25,09,51,271,16,27,50,044,29,04,49,197,*7F
$GPGSV,3,2,12,07,30,320,30,16,27,047,23,21,21,153,,02,14,166,*7C
$GPGSV,3,3,12,31,07,118,,26,04,069,,30,01,309,,14,00,260,*71
$GPVTG,194.91,T,,M,1.10,N,2.0,K,A*0B
$GPGGA,134355.000,2632.7793,N,07703.1369,W,1,06,1.5,-32.9,M,-33.0,M,,0000*70
$GPGSA,A,3,08,16,09,27,04,07,,,,,,,3.3,1.5,3.0*35
$GPGSV,3,1,12,08,84,135,25,09,51,271,17,27,50,044,30,04,49,197,14*73
$GPGSV,3,2,12,07,30,320,30,16,27,047,23,21,21,153,,02,14,166,*7C
$GPGSV,3,3,12,31,07,118,,26,04,069,,30,01,309,,14,00,260,*71
$GPRMC,134355.000,A,2632.7793,N,07703.1369,W,1.29,156.53,280324,,,A*79
$GPVTG,156.53,T,,M,1.29,N,2.4,K,A*05
$GPGGA,134400.000,2632.7798,N,07703.1365,W,1,06,1.5,-32.9,M,-33.0,M,,0000*70
$GPGSA,A,3,08,16,09,27,04,07,,,,,,,3.3,1.5,2.9*3D
$GPGSV,3,1,12,08,84,135,25,09,51,271,16,27,50,044,29,04,49,197,14*7A
$GPGSV,3,2,12,07,30,320,29,16,27,047,24,21,21,153,,02,14,166,*73
$GPGSV,3,3,12,31,07,118,,26,04,069,,30,01,309,,14,00,260,*71
$GPRMC,134400.000,A,2632.7798,N,07703.1365,W,2.39,177.15,280324,,,A*7A
$GPVTG,177.15,T,,M,2.39,N,4.4,K,A*00
$GPGGA,134405.000,2632.7807,N,07703.1360,W,1,06,1.5,-32.9,M,-33.0,M,,0000*79
$GPGSA,A,3,08,16,09,27,04,07,,,,,,,3.3,1.5,2.9*3D
$GPGSV,3,1,12,08,84,135,24,09,51,271,22,27,50,044,29,04,49,197,14*7C
$GPGSV,3,2,12,07,30,320,28,16,27,047,23,21,21,153,,02,14,166,*75
$GPGSV,3,3,12,31,07,118,,26,04,069,,30,01,309,,14,00,260,*71
$GPRMC,134405.000,A,2632.7807,N,07703.1360,W,0.57,163.58,280324,,,A*75
$GPVTG,163.58,T,,M,0.57,N,1.1,K,A*06
$GPGGA,134410.000,2632.7825,N,07703.1358,W,1,06,1.5,-30.7,M,-33.0,M,,0000*7A
$GPGSA,A,3,08,16,09,27,04,07,,,,,,,3.3,1.5,2.9*3D
$GPGSV,3,1,12,08,84,135,24,09,51,271,20,27,50,044,29,04,49,197,14*7E
$GPGSV,3,2,12,07,30,320,27,16,27,047,23,21,21,153,,02,14,166,*7A
$GPGSV,3,3,12,31,07,118,,26,04,069,,30,01,309,,14,00,260,*71
$GPRMC,134410.000,A,2632.7825,N,07703.1358,W,0.71,25.28,280324,,,A*4A
$GPVTG,25.28,T,,M,0.71,N,1.3,K,A*34
$GPGGA,134415.000,2632.7834,N,07703.1353,W,1,06,1.5,-33.4,M,-33.0,M,,0000*74
$GPGSA,A,3,08,16,09,27,04,07,,,,,,,3.3,1.5,2.9*3D
$GPGSV,3,1,12,08,85,132,24,09,51,271,20,27,49,044,29,04,49,197,13*77
$GPGSV,3,2,12,07,30,320,27,16,26,047,23,21,21,153,,02,14,166,*7B
$GPGSV,3,3,12,31,07,118,,26,04,070,,30,02,309,,14,00,260,*7A
$GPRMC,134415.000,A,2632.7834,N,07703.1353,W,0.78,6.46,280324,,,A*74
$GPVTG,6.46,T,,M,0.78,N,1.4,K,A*03
$GPGGA,134420.000,2632.7847,N,07703.1346,W,1,05,3.8,-28.9,M,-33.0,M,,0000*79
$GPGSA,A,3,08,16,09,27,07,,,,,,,,6.5,3.8,5.3*38
$GPGSV,3,1,12,08,85,132,24,09,51,271,20,27,49,044,29,04,49,197,*75
$GPGSV,3,2,12,07,30,320,26,16,26,047,23,21,21,153,,02,14,166,*7A
$GPGSV,3,3,12,31,07,118,,26,04,070,,30,02,309,,14,00,260,*7A
$GPRMC,134420.000,A,2632.7847,N,07703.1346,W,0.19,218.55,280324,,,A*7A
$GPGGA,134425.000,2632.7871,N,07703.1355,W,1,05,3.8,-21.0,M,-33.0,M,,0000*7B
$GPGSA,A,3,08,16,09,27,07,,,,,,,,6.5,3.8,5.3*38
$GPGSV,3,1,12,08,85,132,24,09,51,271,20,27,49,044,30,04,49,197,*7D
$GPGSV,3,2,12,07,30,320,25,16,26,047,23,21,21,153,,02,14,166,*79
$GPGSV,3,3,12,31,07,118,,26,04,070,,30,02,309,,14,00,260,*7A
$GPRMC,134425.000,A,2632.7871,N,07703.1355,W,0.73,11.24,280324,,,A*49
$GPVTG,11.24,T,,M,0.73,N,1.3,K,A*3D
$GPGGA,134430.000,2632.7855,N,07703.1355,W,1,06,1.5,-26.1,M,-33.0,M,,0000*73
$GPGSA,A,3,08,16,09,27,04,07,,,,,,,3.3,1.5,2.9*3D
$GPGSV,3,1,12,08,85,132,24,09,51,271,20,27,49,044,29,04,49,197,17*73
$GPGSV,3,2,12,07,30,320,26,16,26,047,23,21,21,153,,02,14,166,*7A
$GPGSV,3,3,12,31,07,118,,26,04,070,,30,02,309,,14,00,260,*7A
$GPRMC,134430.000,A,2632.7855,N,07703.1355,W,0.50,166.30,280324,,,A*7E
$GPVTG,166.30,T,,M,0.50,N,0.9,K,A*03
$GPGGA,134435.000,2632.7874,N,07703.1370,W,1,06,1.5,-22.0,M,-33.0,M,,0000*77
$GPGSA,A,3,08,16,09,27,04,07,,,,,,,3.3,1.5,2.9*3D
$GPGSV,3,1,12,08,85,132,23,09,51,271,25,27,49,044,29,04,49,197,18*7E
$GPGSV,3,2,12,07,30,320,26,16,26,047,23,21,21,153,,02,14,166,*7A
$GPGSV,3,3,12,31,07,118,,26,04,070,,30,02,309,,14,00,260,*7A
$GPRMC,134435.000,A,2632.7874,N,07703.1370,W,0.21,187.73,280324,,,A*71
$GPVTG,187.73,T,,M,0.21,N,0.4,K,A*00
$GPGGA,134440.000,2632.7885,N,07703.1368,W,1,05,1.9,-15.3,M,-33.0,M,,0000*7A
$GPGSA,A,3,08,09,27,04,07,,,,,,,,4.5,1.9,4.1*39
$GPGSV,3,1,12,08,85,132,23,09,51,271,23,27,49,044,29,04,49,197,17*77
$GPGSV,3,2,12,07,30,320,25,16,26,047,10,21,21,153,,02,14,166,*79
$GPGSV,3,3,12,31,07,118,,26,04,070,,30,02,309,,14,00,260,*7A
$GPRMC,134440.000,A,2632.7885,N,07703.1368,W,0.17,24.70,280324,,,A*4A
$GPVTG,24.70,T,,M,0.17,N,0.3,K,A*39
$GPGGA,134445.000,2632.7906,N,07703.1374,W,1,05,1.9,-7.9,M,-33.0,M,,0000*41
$GPGSA,A,3,08,09,27,04,07,,,,,,,,4.5,1.9,4.1*39
$GPGSV,3,1,12,08,85,130,23,09,51,271,22,27,49,044,29,04,49,197,16*75
$GPGSV,3,2,12,07,30,320,25,16,26,047,,21,21,153,,02,14,166,*78
$GPGSV,3,3,12,31,07,118,,26,04,070,,30,02,309,,14,00,261,*7B
$GPRMC,134445.000,A,2632.7906,N,07703.1374,W,0.91,330.81,280324,,,A*7E
$GPVTG,330.81,T,,M,0.91,N,1.7,K,A*0A
$GPGGA,134450.000,2632.7925,N,07703.1359,W,1,05,1.9,-2.3,M,-33.0,M,,0000*44
$GPGSA,A,3,08,09,27,04,07,,,,,,,,4.5,1.9,4.1*39
$GPGSV,3,1,12,08,85,130,23,09,51,271,22,27,49,044,29,04,49,197,16*75
$GPGSV,3,2,12,07,30,320,25,16,26,047,,21,21,153,,02,14,166,*78
$GPGSV,3,3,12,31,07,118,,26,04,070,,30,02,309,,14,00,261,*7B
$GPRMC,134450.000,A,2632.7925,N,07703.1359,W,0.48,357.06,280324,,,A*7E
$GPGGA,134455.000,2632.7934,N,07703.1355,W,1,04,2.1,1.2,M,-33.0,M,,0000*68
$GPGSA,A,3,08,09,27,07,,,,,,,,,2.3,2.1,1.0*32
$GPGSV,3,1,12,08,85,130,22,09,51,271,22,27,49,044,29,04,49,197,15*77
$GPGSV,3,2,12,07,30,320,26,16,26,047,,21,21,153,,02,14,166,*7B
$GPGSV,3,3,12,31,07,118,,26,04,070,,30,02,309,,14,00,261,*7B
$GPRMC,134455.000,A,2632.7934,N,07703.1355,W,1.46,350.12,280324,,,A*7A
$GPVTG,350.12,T,,M,1.46,N,2.7,K,A*0E
$GPGGA,134500.000,2632.7933,N,07703.1372,W,1,06,1.5,5.7,M,-33.0,M,,0000*6F
$GPGSA,A,3,08,16,09,27,04,07,,,,,,,3.3,1.5,2.9*3D
$GPGSV,3,1,12,08,85,130,22,09,51,271,21,27,49,044,29,04,49,197,15*74
$GPGSV,3,2,12,07,30,320,26,16,26,047,24,21,21,153,,02,14,166,*7D
$GPGSV,3,3,12,31,07,118,,26,04,070,,30,02,309,,14,00,261,*7B
$GPRMC,134500.000,A,2632.7933,N,07703.1372,W,0.29,272.25,280324,,,A*74
$GPVTG,272.25,T,,M,0.29,N,0.5,K,A*03
$GPGGA,134505.000,2632.7928,N,07703.1375,W,1,06,1.5,8.4,M,-33.0,M,,0000*69
$GPGSA,A,3,08,16,09,27,04,07,,,,,,,3.3,1.5,2.9*3D
$GPGSV,3,1,12,08,85,130,21,09,51,271,21,27,49,044,29,04,49,197,15*77
$GPGSV,3,2,12,07,30,320,26,16,26,047,24,21,21,153,,02,14,166,*7D
$GPGSV,3,3,12,31,07,118,,26,04,070,,30,02,309,,14,00,261,*7B
$GPRMC,134505.000,A,2632.7928,N,07703.1375,W,0.23,167.31,280324,,,A*74
$GPVTG,167.31,T,,M,0.23,N,0.4,K,A*0A
$GPGGA,134510.000,2632.7948,N,07703.1380,W,1,06,1.5,7.3,M,-33.0,M,,0000*69
$GPGSA,A,3,08,16,09,27,04,07,,,,,,,3.3,1.5,2.9*3D
$GPGSV,3,1,12,08,85,130,21,09,51,271,20,27,49,044,29,04,49,197,16*75
$GPGSV,3,2,12,07,30,320,27,16,26,047,17,21,21,153,,02,14,166,*7C
$GPGSV,3,3,12,31,07,118,,26,04,070,,30,02,309,,14,00,261,*7B
$GPRMC,134510.000,A,2632.7948,N,07703.1380,W,0.93,345.45,280324,,,A*76
$GPVTG,345.45,T,,M,0.93,N,1.7,K,A*02
$GPGGA,134515.000,2632.7971,N,07703.1377,W,1,06,1.5,11.9,M,-33.0,M,,0000*53
$GPGSA,A,3,08,16,09,27,04,07,,,,,,,3.3,1.5,2.9*3D
$GPGSV,3,1,12,08,85,130,21,09,51,271,19,27,49,044,29,04,49,197,17*7E
$GPGSV,3,2,12,07,30,320,26,16,26,047,18,21,21,153,,02,14,166,*72
$GPGSV,3,3,12,31,07,118,,26,04,070,,30,02,309,,14,00,261,*7B
$GPRMC,134515.000,A,2632.7971,N,07703.1377,W,0.45,254.06,280324,,,A*7C
$GPVTG,254.06,T,,M,0.45,N,0.8,K,A*01
$GPGGA,134520.000,2632.7982,N,07703.1385,W,1,04,5.2,18.0,M,-33.0,M,,0000*55
$GPGSA,A,3,08,16,27,07,,,,,,,,,8.4,5.2,6.6*34
$GPGSV,3,1,12,08,85,130,20,09,51,271,18,27,49,044,29,04,49,197,18*71
$GPGSV,3,2,12,07,30,320,26,16,26,047,18,21,21,153,,02,14,166,*72
$GPGSV,3,3,12,31,07,118,,26,04,070,,30,02,309,,14,00,261,*7B
$GPRMC,134520.000,A,2632.7982,N,07703.1385,W,0.62,130.37,280324,,,A*7D
$GPGGA,134525.000,2632.7982,N,07703.1402,W,1,05,3.6,19.4,M,-33.0,M,,0000*5E
$GPGSA,A,3,08,16,09,27,07,,,,,,,,6.3,3.6,5.1*32
$GPGSV,3,1,12,08,85,130,20,09,51,271,18,27,49,044,29,04,49,197,18*71
$GPGSV,3,2,12,07,30,320,27,16,26,047,18,21,21,153,,02,14,166,*73
$GPGSV,3,3,12,31,07,118,,26,04,070,,30,02,309,,14,00,261,*7B
$GPRMC,134525.000,A,2632.7982,N,07703.1402,W,0.72,243.31,280324,,,A*70
$GPVTG,243.31,T,,M,0.72,N,1.3,K,A*0D
$GPGGA,134530.000,2632.7990,N,07703.1404,W,1,06,1.5,16.8,M,-33.0,M,,0000*5E
$GPGSA,A,3,08,16,09,27,04,07,,,,,,,3.3,1.5,2.9*3D
$GPGSV,3,1,12,08,85,130,20,09,51,271,17,27,49,044,29,04,49,197,18*7E
$GPGSV,3,2,12,07,30,320,27,16,26,047,18,21,21,153,,02,14,166,*73
$GPGSV,3,3,12,31,07,118,,26,04,070,,30,02,309,,14,00,261,*7B
$GPRMC,134530.000,A,2632.7990,N,07703.1404,W,0.70,190.23,280324,,,A*7D
$GPVTG,190.23,T,,M,0.70,N,1.3,K,A*01
$GPGGA,134535.000,2632.7990,N,07703.1385,W,1,06,1.5,13.0,M,-33.0,M,,0000*58
$GPGSA,A,3,08,16,09,27,04,07,,,,,,,3.2,1.5,2.9*3C
$GPGSV,3,1,12,08,85,130,20,09,51,271,17,27,49,044,29,04,49,197,18*7E
$GPGSV,3,2,12,07,30,320,28,16,26,047,25,21,21,153,,02,14,166,*72
$GPGSV,3,3,12,31,07,118,,26,04,070,,30,02,309,,14,00,261,*7B
$GPRMC,134535.000,A,2632.7990,N,07703.1385,W,0.95,54.49,280324,,,A*48
$GPVTG,54.49,T,,M,0.95,N,1.8,K,A*34
$GPGGA,134540.000,2632.7966,N,07703.1374,W,1,06,1.5,5.7,M,-33.0,M,,0000*6D
$GPGSA,A,3,08,16,09,27,04,07,,,,,,,3.2,1.5,2.9*3C
$GPGSV,3,1,12,08,85,130,20,09,51,271,18,27,49,044,28,04,49,197,17*7F
$GPGSV,3,2,12,07,30,320,28,16,26,047,22,21,21,153,,02,14,166,*75
$GPGSV,3,3,12,31,07,118,,26,04,070,,30,02,309,,14,00,261,*7B
$GPRMC,134540.000,A,2632.7966,N,07703.1374,W,1.21,168.87,280324,,,A*7F
$GPVTG,168.87,T,,M,1.21,N,2.2,K,A*0F
$GPGGA,134545.000,2632.7948,N,07703.1371,W,1,06,1.5,3.5,M,-33.0,M,,0000*65
$GPGSA,A,3,08,16,09,27,04,07,,,,,,,3.2,1.5,2.9*3C
$GPGSV,3,1,12,08,85,130,20,09,51,271,19,27,49,044,28,04,49,197,17*7E
$GPGSV,3,2,12,07,30,320,28,16,26,047,22,21,21,153,,02,14,166,*75
$GPGSV,3,3,12,31,07,118,,26,04,070,,30,02,309,,14,00,261,*7B
$GPRMC,134545.000,A,2632.7948,N,07703.1371,W,0.78,92.64,280324,,,A*47
$GPVTG,92.64,T,,M,0.78,N,1.4,K,A*3E
$GPGGA,134550.000,2632.7930,N,07703.1371,W,1,06,1.5,-3.0,M,-33.0,M,,0000*46
$GPGSA,A,3,08,16,09,27,04,07,,,,,,,3.2,1.5,2.9*3C
$GPGSV,3,1,12,08,85,130,20,09,51,271,20,27,49,044,28,04,49,197,17*74
$GPGSV,3,2,12,07,30,320,28,16,26,047,23,21,21,153,,02,14,166,*74
$GPGSV,3,3,12,31,07,118,,26,04,070,,30,02,309,,14,00,261,*7B
$GPVTG,172.79,T,,M,0.72,N,1.3,K,A*00
$GPGGA,134555.000,2632.7923,N,07703.1371,W,1,06,1.5,-4.6,M,-33.0,M,,0000*40
$GPGSA,A,3,08,16,09,27,04,07,,,,,,,3.2,1.5,2.9*3C
$GPGSV,3,1,12,08,85,130,20,09,51,271,20,27,49,044,29,04,49,197,18*7A
$GPGSV,3,2,12,07,30,320,33,16,26,047,22,21,21,153,,02,14,166,*7F
$GPGSV,3,3,12,31,07,118,,26,04,070,,30,02,309,,14,00,261,*7B
$GPRMC,134555.000,A,2632.7923,N,07703.1371,W,0.46,121.69,280324,,,A*72
$GPVTG,121.69,T,,M,0.46,N,0.9,K,A*0B
$GPGGA,134600.000,2632.7940,N,07703.1367,W,1,06,1.5,-4.6,M,-33.0,M,,0000*41
$GPGSA,A,3,08,16,09,27,04,07,,,,,,,3.2,1.5,2.9*3C
$GPGSV,3,1,12,08,85,130,19,09,51,271,19,27,49,044,29,04,49,197,19*7B
$GPGSV,3,2,12,07,30,320,33,16,26,047,22,21,21,153,,02,14,166,*7F
$GPGSV,3,3,12,31,07,118,,26,04,070,,30,02,309,,14,00,261,*7B
$GPRMC,134600.000,A,2632.7940,N,07703.1367,W,0.16,117.87,280324,,,A*73
$GPVTG,117.87,T,,M,0.16,N,0.3,K,A*01
$GPGGA,134605.000,2632.7940,N,07703.1362,W,1,05,3.6,3.4,M,-33.0,M,,0000*6B
$GPGSA,A,3,08,16,09,27,07,,,,,,,,6.1,3.6,5.0*31
$GPGSV,3,1,12,08,85,130,19,09,51,271,19,27,49,044,23,04,49,197,18*70
$GPGSV,3,2,12,07,30,320,23,16,26,047,22,21,21,153,,02,14,166,*7E
$GPGSV,3,3,12,31,07,118,,26,04,070,,30,02,309,,14,00,261,*7B
$GPRMC,134605.000,A,2632.7940,N,07703.1362,W,1.99,166.20,280324,,,A*7E
$GPVTG,166.20,T,,M,1.99,N,3.7,K,A*0B
$GPGGA,134610.000,2632.7951,N,07703.1382,W,1,06,1.5,13.7,M,-33.0,M,,0000*51
$GPGSA,A,3,08,16,09,27,04,07,,,,,,,3.2,1.5,2.9*3C
$GPGSV,3,1,12,08,85,130,19,09,51,271,19,27,49,044,23,04,49,197,16*7E
$GPGSV,3,2,12,07,30,320,23,16,26,047,22,21,21,153,17,02,14,166,*78
$GPGSV,3,3,12,31,07,118,,26,04,070,,30,02,309,,14,00,261,*7B
$GPRMC,134610.000,A,2632.7951,N,07703.1382,W,0.61,316.62,280324,,,A*71
$GPVTG,316.62,T,,M,0.61,N,1.1,K,A*0A
$GPGGA,134615.000,2632.7945,N,07703.1375,W,1,07,1.1,15.1,M,-33.0,M,,0000*5C
$GPGSA,A,3,08,16,09,27,04,21,07,,,,,,2.2,1.1,1.9*39
$GPGSV,3,1,12,08,85,130,19,09,51,271,20,27,49,044,24,04,49,197,16*73
$GPGSV,3,2,12,07,30,320,23,16,26,047,22,21,21,153,18,02,14,166,*77
$GPRMC,134615.000,A,2632.7945,N,07703.1375,W,0.37,13.78,280324,,,A*47
$GPVTG,13.78,T,,M,0.37,N,0.7,K,A*33
$GPGGA,134620.000,2632.7953,N,07703.1360,W,1,07,1.1,18.9,M,-33.0,M,,0000*5C
$GPGSA,A,3,08,16,09,27,04,21,07,,,,,,2.2,1.1,1.9*39
$GPGSV,3,1,12,08,85,130,19,09,51,271,22,27,49,044,25,04,49,197,17*71
$GPGSV,3,2,12,07,30,320,23,16,26,047,23,21,21,153,17,02,14,166,*79
$GPGSV,3,3,12,31,07,118,,26,04,070,,30,02,309,,14,00,261,*7B
$GPRMC,134620.000,A,2632.7953,N,07703.1360,W,0.49,128.44,280324,,,A*7D
$GPGGA,134625.000,2632.7960,N,07703.1357,W,1,08,1.1,15.6,M,-33.0,M,,0000*50
$GPGSA,A,3,08,16,09,27,04,21,07,31,,,,,1.9,1.1,1.6*3C
$GPGSV,3,1,12,08,85,130,19,09,51,271,22,27,49,044,27,04,49,197,18*7C
$GPGSV,3,2,12,07,30,320,23,16,26,047,17,21,21,153,17,02,14,166,*7E
$GPGSV,3,3,12,31,07,118,14,26,04,070,,30,02,309,,14,00,261,*7E
$GPRMC,134625.000,A,2632.7960,N,07703.1357,W,0.55,320.53,280324,,,A*7D
$GPVTG,320.53,T,,M,0.55,N,1.0,K,A*0B
$GPGGA,134630.000,2632.7974,N,07703.1368,W,1,08,1.1,19.4,M,-33.0,M,,0000*53
$GPGSA,A,3,08,16,09,27,04,21,07,31,,,,,1.9,1.1,1.6*3C
$GPGSV,3,1,12,08,85,130,18,09,51,271,21,27,49,044,27,04,49,197,17*71
$GPGSV,3,2,12,07,30,320,23,16,26,047,17,21,21,153,17,02,14,166,*7E
$GPGSV,3,3,12,31,07,118,14,26,04,070,,30,02,309,,14,00,261,*7E
$GPRMC,134630.000,A,2632.7974,N,07703.1368,W,0.33,104.92,280324,,,A*79
$GPVTG,104.92,T,,M,0.33,N,0.6,K,A*05
$GPGGA,134635.000,2632.7966,N,07703.1369,W,1,08,1.1,8.8,M,-33.0,M,,0000*68
$GPGSA,A,3,08,16,09,27,04,21,07,31,,,,,1.9,1.1,1.6*3C
$GPGSV,3,1,12,08,85,130,18,09,51,271,21,27,49,044,28,04,49,197,17*7E
$GPGSV,3,2,12,07,30,320,23,16,26,047,17,21,21,153,18,02,14,166,*71
$GPGSV,3,3,12,31,07,118,15,26,04,070,,30,02,309,,14,00,261,*7F
$GPRMC,134635.000,A,2632.7966,N,07703.1369,W,0.88,129.56,280324,,,A*79
$GPVTG,129.56,T,,M,0.88,N,1.6,K,A*03
$GPGGA,134640.000,2632.7940,N,07703.1353,W,1,08,1.1,4.8,M,-33.0,M,,0000*6B
$GPGSA,A,3,08,16,09,27,04,21,07,31,,,,,1.9,1.1,1.6*3C
$GPGSV,3,1,12,08,85,130,18,09,51,271,21,27,49,044,28,04,49,197,16*7F
$GPGSV,3,2,12,07,30,320,23,16,26,047,17,21,21,153,17,02,14,166,*7E
$GPGSV,3,3,12,31,07,118,14,26,04,070,,30,02,309,,14,00,261,*7E
$GPRMC,134640.000,A,2632.7940,N,07703.1353,W,0.48,159.23,280324,,,A*7F
$GPVTG,159.23,T,,M,0.48,N,0.9,K,A*04
$GPGGA,134645.000,2632.7950,N,07703.1378,W,1,08,1.1,-4.8,M,-33.0,M,,0000*4B
$GPGSA,A,3,08,16,09,27,04,21,07,31,,,,,2.0,1.1,1.6*36
$GPGSV,3,1,12,08,85,130,18,09,51,271,20,27,49,044,27,04,49,197,17*70
$GPGSV,3,2,12,07,30,320,23,16,26,047,16,21,21,153,17,02,14,166,*7F
$GPRMC,134645.000,A,2632.7950,N,07703.1378,W,1.48,291.71,280324,,,A*73
$GPVTG,291.71,T,,M,1.48,N,2.7,K,A*09
$GPGGA,134650.000,2632.7950,N,07703.1379,W,1,08,1.1,-0.6,M,-33.0,M,,0000*44
$GPGSA,A,3,08,16,09,27,04,21,07,31,,,,,2.0,1.1,1.6*36
$GPGSV,3,1,12,08,85,130,18,09,51,271,20,27,49,044,27,04,49,197,16*71
$GPGSV,3,2,12,07,30,320,23,16,26,047,18,21,21,153,17,02,14,166,*71
$GPGSV,3,3,12,31,07,118,16,26,04,070,,30,02,309,,14,00,261,*7C
$GPRMC,134650.000,A,2632.7950,N,07703.1379,W,0.77,234.84,280324,,,A*7E
$GPGGA,134655.000,2632.7923,N,07703.1371,W,1,08,1.1,-0.9,M,-33.0,M,,0000*42
$GPGSA,A,3,08,16,09,27,04,21,07,31,,,,,2.0,1.1,1.6*36
$GPGSV,3,1,12,08,85,130,18,09,51,271,20,27,49,044,27,04,49,197,16*71
$GPGSV,3,2,12,07,30,320,24,16,26,047,19,21,21,153,17,02,14,166,*77
$GPGSV,3,3,12,31,07,118,16,26,04,070,,30,02,309,,14,00,261,*7C
$GPRMC,134655.000,A,2632.7923,N,07703.1371,W,1.22,146.35,280324,,,A*7A
$GPVTG,146.35,T,,M,1.22,N,2.3,K,A*08
$GPGGA,134700.000,2632.7931,N,07703.1349,W,1,07,1.1,2.6,M,-33.0,M,,0000*64
$GPGSA,A,3,16,09,27,04,21,07,31,,,,,,2.5,1.1,2.2*3C
$GPGSV,3,1,12,08,85,130,18,09,51,271,20,27,49,044,27,04,49,197,15*72
$GPGSV,3,2,12,07,30,320,24,16,26,047,19,21,21,153,18,02,14,166,*78
$GPGSV,3,3,12,31,07,118,16,26,04,070,,30,02,309,,14,00,261,*7C
$GPRMC,134700.000,A,2632.7931,N,07703.1349,W,1.31,48.81,280324,,,A*41
$GPVTG,48.81,T,,M,1.31,N,2.4,K,A*3D
$GPGGA,134705.000,2632.7922,N,07703.1338,W,1,06,1.4,1.7,M,-33.0,M,,0000*63
$GPGSA,A,3,08,09,27,21,07,31,,,,,,,2.2,1.4,1.7*33
$GPGSV,3,1,12,08,85,130,18,09,51,271,19,27,49,044,27,04,49,197,*7C
$GPGSV,3,2,12,07,30,320,24,16,26,047,18,21,21,153,18,02,14,166,*79
$GPGSV,3,3,12,31,07,118,15,26,04,070,,30,02,309,,14,00,261,*7F
$GPRMC,134705.000,A,2632.7922,N,07703.1338,W,1.05,184.62,280324,,,A*7B
$GPVTG,184.62,T,,M,1.05,N,2.0,K,A*02
$GPGGA,134710.000,2632.7904,N,07703.1357,W,1,06,1.4,1.0,M,-33.0,M,,0000*6D
$GPGSA,A,3,08,09,27,21,07,31,,,,,,,2.2,1.4,1.7*33
$GPGSV,3,1,12,08,85,130,18,09,51,271,19,27,49,044,27,04,49,197,*7C
$GPGSV,3,2,12,07,30,320,25,16,26,047,18,21,21,153,17,02,14,166,*77
$GPGSV,3,3,12,31,07,118,14,26,04,070,,30,02,309,,14,00,261,*7E
$GPRMC,134710.000,A,2632.7904,N,07703.1357,W,0.53,187.64,280324,,,A*75
$GPVTG,187.64,T,,M,0.53,N,1.0,K,A*06
$GPGGA,134715.000,2632.7926,N,07703.1343,W,1,06,1.2,1.7,M,-33.0,M,,0000*6C
$GPGSA,A,3,08,16,09,27,21,07,,,,,,,2.3,1.2,2.0*35
$GPGSV,3,1,12,08,85,130,18,09,51,271,18,27,49,044,27,04,49,197,*7D
$GPGSV,3,2,12,07,30,320,24,16,26,047,18,21,21,153,16,02,14,166,*77
$GPGSV,3,3,12,31,07,118,,26,04,070,,30,02,309,,14,00,261,*7B
$GPVTG,27.65,T,,M,1.79,N,3.3,K,A*34
$GPGGA,134720.000,2632.7954,N,07703.1362,W,1,05,1.4,2.1,M,-33.0,M,,0000*6C
$GPGSA,A,3,08,16,27,21,07,,,,,,,,2.4,1.4,2.0*3D
$GPGSV,3,1,12,08,85,130,18,09,51,271,18,27,49,044,26,04,49,197,*7C
$GPGSV,3,2,12,07,30,320,24,16,26,047,19,21,21,153,16,02,14,166,*76
$GPGSV,3,3,12,31,07,118,,26,04,070,,30,02,309,,14,00,261,*7B
$GPRMC,134720.000,A,2632.7954,N,07703.1362,W,1.22,219.64,280324,,,A*76
$GPVTG,219.64,T,,M,1.22,N,2.3,K,A*05
$GPGGA,134725.000,2632.7960,N,07703.1365,W,1,06,1.5,3.4,M,-33.0,M,,0000*6F
$GPGSA,A,3,08,16,09,27,04,07,,,,,,,3.2,1.5,2.8*3D
$GPGSV,3,1,12,08,85,130,18,09,51,271,19,27,49,044,25,04,49,197,16*79
$GPGSV,3,2,12,07,30,320,24,16,26,047,19,21,21,153,,02,14,166,*71
$GPGSV,3,3,12,31,07,118,,26,04,070,,30,02,309,,14,00,261,*7B
$GPRMC,134725.000,A,2632.7960,N,07703.1365,W,0.69,181.56,280324,,,A*7E
$GPVTG,181.56,T,,M,0.69,N,1.3,K,A*0B
$GPGGA,134730.000,2632.7975,N,07703.1381,W,1,06,1.5,7.2,M,-33.0,M,,0000*67
$GPGSA,A,3,08,16,09,27,04,07,,,,,,,3.2,1.5,2.8*3D
$GPGSV,3,1,12,08,85,130,18,09,51,271,19,27,49,044,24,04,49,197,16*78
$GPGSV,3,2,12,07,30,320,24,16,26,047,19,21,21,153,,02,14,166,*71
$GPGSV,3,3,12,31,07,118,,26,04,070,,30,02,309,,14,00,261,*7B
$GPRMC,134730.000,A,2632.7975,N,07703.1381,W,1.24,353.41,280324,,,A*77
$GPVTG,353.41,T,,M,1.24,N,2.3,K,A*0B
$GPGGA,134735.000,2632.8019,N,07703.1383,W,1,04,3.4,11.3,M,-33.0,M,,0000*5B
$GPGSA,A,3,16,09,27,07,,,,,,,,,6.3,3.4,5.3*3A
$GPGSV,3,1,12,08,85,130,17,09,51,271,19,27,49,044,19,04,49,197,16*79
$GPGSV,3,2,12,07,30,320,24,16,26,047,19,21,21,153,,02,14,166,*71
$GPGSV,3,3,12,31,07,118,,26,04,070,,30,02,309,,14,00,261,*7B
$GPRMC,134735.000,A,2632.8019,N,07703.1383,W,0.64,55.34,280324,,,A*4E
$GPVTG,55.34,T,,M,0.64,N,1.2,K,A*3B
$GPGGA,134740.000,2632.8022,N,07703.1366,W,1,04,3.4,21.5,M,-33.0,M,,0000*5F
$GPGSA,A,3,16,09,27,07,,,,,,,,,6.3,3.4,5.3*3A
$GPGSV,3,1,12,08,85,130,,09,51,271,18,27,49,044,19,04,49,197,15*7D
$GPGSV,3,2,12,07,30,320,24,16,26,047,19,21,21,153,18,02,14,166,*78
$GPGSV,3,3,12,31,07,118,,26,04,070,,30,02,309,,14,00,261,*7B
$GPRMC,134740.000,A,2632.8022,N,07703.1366,W,0.98,73.04,280324,,,A*4B
$GPVTG,73.04,T,,M,0.98,N,1.8,K,A*35
$GPGGA,134745.000,2632.7994,N,07703.1361,W,1,06,1.2,15.9,M,-33.0,M,,0000*5B
$GPGSA,A,3,16,09,27,04,07,31,,,,,,,2.6,1.2,2.3*3E
$GPGSV,3,1,12,08,85,110,,09,51,268,18,27,48,043,20,04,47,196,14*75
$GPGSV,3,2,12,07,31,320,24,16,25,048,20,21,22,152,18,02,15,165,*7F
$GPGSV,3,3,12,31,06,119,17,26,03,071,,30,03,310,,14,01,262,*70
$GPVTG,157.59,T,,M,0.70,N,1.3,K,A*07
$GPGGA,134750.000,2632.7978,N,07703.1369,W,1,07,1.1,6.8,M,-33.0,M,,0000*64
$GPGSA,A,3,16,09,27,04,21,07,31,,,,,,2.5,1.1,2.2*3C
$GPGSV,3,1,12,08,85,110,,09,51,268,18,27,48,043,20,04,47,196,14*75
$GPGSV,3,2,12,07,31,320,24,16,25,048,19,21,22,152,19,02,15,165,*74
$GPGSV,3,3,12,31,06,119,17,26,03,071,,30,03,310,,14,01,262,*70
$GPRMC,134750.000,A,2632.7978,N,07703.1369,W,0.69,32.09,280324,,,A*4A
$GPVTG,32.09,T,,M,0.69,N,1.3,K,A*38
$GPGGA,134755.000,2632.7967,N,07703.1370,W,1,07,1.1,-1.6,M,-33.0,M,,0000*43
$GPGSA,A,3,16,09,27,04,21,07,31,,,,,,2.5,1.1,2.2*3C
$GPGSV,3,1,12,08,85,110,,09,51,268,17,27,48,043,21,04,47,196,14*7B
$GPGSV,3,2,12,07,31,320,24,16,25,048,19,21,22,152,19,02,15,165,*74
$GPGSV,3,3,12,31,06,119,16,26,03,071,,30,03,310,,14,01,262,*71
$GPRMC,134755.000,A,2632.7967,N,07703.1370,W,1.12,62.43,280324,,,A*4F
$GPVTG,62.43,T,,M,1.12,N,2.1,K,A*3F
$GPGGA,134800.000,2632.7931,N,07703.1381,W,1,07,1.1,-9.0,M,-33.0,M,,0000*4F
$GPGSA,A,3,16,09,27,04,21,07,31,,,,,,2.5,1.1,2.3*3D
$GPGSV,3,1,12,08,85,110,,09,51,268,18,27,48,043,24,04,47,196,15*70
$GPGSV,3,2,12,07,31,320,25,16,25,048,18,21,22,152,18,02,15,165,*75
$GPGSV,3,3,12,31,06,119,15,26,03,071,,30,03,310,,14,01,262,*72
$GPRMC,134800.000,A,2632.7931,N,07703.1381,W,2.83,194.27,280324,,,A*7C
$GPVTG,194.27,T,,M,2.83,N,5.2,K,A*0A
$GPGGA,134805.000,2632.7930,N,07703.1378,W,1,06,1.3,-16.1,M,-33.0,M,,0000*71
$GPGSA,A,3,08,09,27,04,21,07,,,,,,,2.5,1.3,2.1*30
$GPGSV,3,1,12,08,85,110,15,09,51,268,17,27,48,043,24,04,47,196,15*7B
$GPGSV,3,2,12,07,31,320,25,16,25,048,17,21,22,152,18,02,15,165,*7A
$GPGSV,3,3,12,31,06,119,,26,03,071,,30,03,310,,14,01,262,*76
$GPRMC,134805.000,A,2632.7930,N,07703.1378,W,2.41,56.88,280324,,,A*4A
$GPVTG,56.88,T,,M,2.41,N,4.5,K,A*38
$GPGGA,134810.000,2632.7953,N,07703.1352,W,1,07,1.1,-17.9,M,-33.0,M,,0000*72
$GPGSA,A,3,08,16,09,27,04,21,07,,,,,,2.3,1.1,2.0*32
$GPGSV,3,1,12,08,85,110,16,09,51,268,17,27,48,043,24,04,47,196,15*78
$GPGSV,3,2,12,07,31,320,25,16,25,048,17,21,22,152,19,02,15,165,*7B
$GPGSV,3,3,12,31,06,119,,26,03,071,,30,03,310,,14,01,262,*76
$GPRMC,134810.000,A,2632.7953,N,07703.1352,W,1.49,41.17,280324,,,A*48
$GPVTG,41.17,T,,M,1.49,N,2.8,K,A*38
$GPGGA,134815.000,2632.7963,N,07703.1341,W,1,07,1.1,-23.0,M,-33.0,M,,0000*78
$GPGSA,A,3,08,16,09,27,04,21,07,,,,,,2.3,1.1,2.0*32
$GPGSV,3,1,12,08,85,110,16,09,51,268,17,27,48,043,23,04,47,196,16*7C
$GPGSV,3,2,12,07,31,320,24,16,25,048,17,21,22,152,18,02,15,165,*7B
$GPGSV,3,3,12,31,06,119,,26,03,071,,30,03,310,,14,01,262,*76
$GPVTG,337.12,T,,M,0.36,N,0.7,K,A*0B
$GPGGA,134820.000,2632.7973,N,07703.1366,W,1,07,1.1,-16.6,M,-33.0,M,,0000*7A
$GPGSA,A,3,08,16,09,27,04,21,07,,,,,,2.3,1.1,2.0*32
$GPGSV,3,1,12,08,85,110,16,09,51,268,16,27,48,043,22,04,47,196,16*7C
$GPGSV,3,2,12,07,31,320,24,16,25,048,17,21,22,152,18,02,15,165,*7B
$GPGSV,3,3,12,31,06,119,,26,03,071,,30,03,310,,14,01,262,*76
$GPRMC,134820.000,A,2632.7973,N,07703.1366,W,2.28,200.15,280324,,,A*7F
$GPVTG,200.15,T,,M,2.28,N,4.2,K,A*05
$GPGGA,134825.000,2632.7949,N,07703.1361,W,1,06,1.2,-16.7,M,-33.0,M,,0000*72
$GPGSA,A,3,08,16,27,04,21,07,,,,,,,2.3,1.2,2.0*38
$GPGSV,3,1,12,08,85,110,16,09,51,268,,27,48,043,23,04,47,196,16*7A
$GPGSV,3,2,12,07,31,320,23,16,25,048,19,21,22,152,18,02,15,165,*72
$GPGSV,3,3,12,31,06,119,,26,03,071,,30,03,310,,14,01,262,*76
$GPRMC,134825.000,A,2632.7949,N,07703.1361,W,0.44,276.68,280324,,,A*77
$GPVTG,276.68,T,,M,0.44,N,0.8,K,A*08
$GPGGA,134830.000,2632.7932,N,07703.1364,W,1,06,1.2,-16.3,M,-33.0,M,,0000*7B
$GPGSA,A,3,08,16,27,04,21,07,,,,,,,2.3,1.2,2.0*38
$GPGSV,3,1,12,08,85,110,18,09,51,268,,27,48,043,27,04,47,196,16*70
$GPGSV,3,2,12,07,31,320,23,16,25,048,21,21,22,152,19,02,15,165,*78
$GPGSV,3,3,12,31,06,119,,26,03,071,,30,03,310,,14,01,262,*76
$GPRMC,134830.000,A,2632.7932,N,07703.1364,W,0.13,265.35,280324,,,A*72
$GPVTG,265.35,T,,M,0.13,N,0.2,K,A*0A
$GPGGA,134835.000,2632.7941,N,07703.1369,W,1,06,1.2,-12.6,M,-33.0,M,,0000*76
$GPGSA,A,3,08,16,27,04,21,07,,,,,,,2.3,1.2,2.0*38
$GPGSV,3,1,12,08,85,110,18,09,51,268,,27,48,043,26,04,47,196,15*72
$GPGSV,3,2,12,07,31,320,23,16,25,048,21,21,22,152,20,02,15,165,*72
$GPGSV,3,3,12,31,06,119,,26,03,071,,30,03,310,,14,01,262,*76
$GPRMC,134835.000,A,2632.7941,N,07703.1369,W,1.34,55.67,280324,,,A*4C
$GPVTG,55.67,T,,M,1.34,N,2.5,K,A*3D
$GPGGA,134840.000,2632.7936,N,07703.1331,W,1,06,1.2,-13.4,M,-33.0,M,,0000*7A
$GPGSA,A,3,08,16,27,04,21,07,,,,,,,2.3,1.2,2.0*38
$GPGSV,3,1,12,08,85,110,18,09,51,268,,27,48,043,26,04,47,196,14*73
$GPGSV,3,2,12,07,31,320,24,16,25,048,21,21,22,152,19,02,15,165,*7F
$GPGSV,3,3,12,31,06,119,,26,03,071,,30,03,310,,14,01,262,*76
$GPRMC,134840.000,A,2632.7936,N,07703.1331,W,1.15,153.08,280324,,,A*7E
$GPVTG,153.08,T,,M,1.15,N,2.1,K,A*04
$GPGGA,134845.000,2632.7897,N,07703.1363,W,1,06,1.2,-13.7,M,-33.0,M,,0000*71
$GPGSA,A,3,08,16,27,04,21,07,,,,,,,2.3,1.2,2.0*38
$GPGSV,3,1,12,08,85,110,17,09,51,268,,27,48,043,26,04,47,196,13*7B
$GPGSV,3,2,12,07,31,320,24,16,25,048,21,21,22,152,18,02,15,165,*7E
$GPGSV,3,3,12,31,06,119,,26,03,071,,30,03,310,,14,01,262,*76
$GPVTG,199.53,T,,M,3.32,N,6.1,K,A*0F
$GPGGA,134850.000,2632.7896,N,07703.1349,W,1,04,1.5,-6.9,M,-33.0,M,,0000*43
$GPGSA,A,3,16,27,21,07,,,,,,,,,4.5,1.5,4.2*37
$GPGSV,3,1,12,08,85,110,,09,51,268,,27,48,043,26,04,47,196,*7F
$GPGSV,3,2,12,07,31,320,24,16,25,048,21,21,22,152,19,02,15,165,*7F
$GPGSV,3,3,12,31,06,119,,26,03,071,,30,03,310,,14,01,262,*76
$GPRMC,134850.000,A,2632.7896,N,07703.1349,W,1.29,84.69,280324,,,A*48
$GPVTG,84.69,T,,M,1.29,N,2.4,K,A*32
$GPGGA,134855.000,2632.7898,N,07703.1378,W,1,04,1.5,2.2,M,-33.0,M,,0000*68
$GPGSA,A,3,16,27,21,07,,,,,,,,,4.5,1.5,4.2*37
$GPGSV,3,1,12,08,85,110,,09,51,268,,27,48,043,27,04,47,196,*7E
$GPGSV,3,2,12,07,31,320,23,16,25,048,21,21,22,152,19,02,15,165,*78
$GPGSV,3,3,12,31,06,119,,26,03,071,,30,03,310,,14,01,262,*76
$GPRMC,134855.000,A,2632.7898,N,07703.1378,W,1.01,301.57,280324,,,A*78
$GPVTG,301.57,T,,M,1.01,N,1.9,K,A*05
$GPGGA,134900.000,2632.7907,N,07703.1376,W,1,06,1.2,2.0,M,-33.0,M,,0000*67
$GPGSA,A,3,08,16,09,27,21,07,,,,,,,2.3,1.2,2.0*35
$GPGSV,3,1,12,08,85,110,15,09,51,268,13,27,48,043,27,04,47,196,*78
$GPGSV,3,2,12,07,31,320,23,16,25,048,22,21,22,152,19,02,15,165,*7B
$GPGSV,3,3,12,31,06,119,,26,03,071,,30,03,310,,14,01,262,*76
$GPRMC,134900.000,A,2632.7907,N,07703.1376,W,0.39,72.21,280324,,,A*4C
$GPVTG,72.21,T,,M,0.39,N,0.7,K,A*36
$GPGGA,134905.000,2632.7920,N,07703.1373,W,1,05,1.2,3.1,M,-33.0,M,,0000*61
$GPGSA,A,3,16,09,27,21,07,,,,,,,,3.4,1.2,3.2*38
$GPGSV,3,1,12,08,85,110,,09,51,268,13,27,48,043,27,04,47,196,*7C
$GPGSV,3,2,12,07,31,320,23,16,25,048,23,21,22,152,19,02,15,165,*7A
$GPGSV,3,3,12,31,06,119,,26,03,071,,30,03,310,,14,01,262,*76
$GPRMC,134905.000,A,2632.7920,N,07703.1373,W,1.29,68.73,280324,,,A*45
$GPVTG,68.73,T,,M,1.29,N,2.4,K,A*3B
$GPGGA,134910.000,2632.7912,N,07703.1338,W,1,05,1.2,4.3,M,-33.0,M,,0000*6E
$GPGSA,A,3,16,09,27,21,07,,,,,,,,3.4,1.2,3.2*38
$GPGSV,3,1,12,08,85,110,,09,51,268,13,27,48,043,26,04,47,196,*7D
$GPGSV,3,2,12,07,31,320,22,16,25,048,23,21,22,152,20,02,15,165,*71
$GPGSV,3,3,12,31,06,119,,26,03,071,,30,03,310,,14,01,262,*76
$GPVTG,201.81,T,,M,0.93,N,1.7,K,A*0B
$GPGGA,134915.000,2632.7913,N,07703.1344,W,1,04,1.5,7.4,M,-33.0,M,,0000*63
$GPGSA,A,3,16,27,21,07,,,,,,,,,4.5,1.5,4.2*37
$GPGSV,3,1,12,08,85,110,,09,51,268,,27,48,043,26,04,47,196,*7F
$GPGSV,3,2,12,07,31,320,23,16,25,048,23,21,22,152,20,02,15,165,*70
$GPGSV,3,3,12,31,06,119,,26,03,071,,30,03,310,,14,01,262,*76
$GPRMC,134915.000,A,2632.7913,N,07703.1344,W,0.79,281.26,280324,,,A*71
$GPVTG,281.26,T,,M,0.79,N,1.5,K,A*08
$GPGGA,134920.000,2632.7908,N,07703.1339,W,1,05,1.4,1.8,M,-33.0,M,,0000*6F
$GPGSA,A,3,08,16,27,21,07,,,,,,,,2.5,1.4,2.0*3C
$GPGSV,3,1,12,08,85,110,16,09,51,268,,27,48,043,26,04,47,196,*78
$GPGSV,3,2,12,07,31,320,23,16,25,048,23,21,22,152,19,02,15,165,*7A
$GPGSV,3,3,12,31,06,119,,26,03,071,,30,03,310,,14,01,262,*76
$GPRMC,134920.000,A,2632.7908,N,07703.1339,W,1.65,164.49,280324,,,A*7A
$GPVTG,164.49,T,,M,1.65,N,3.1,K,A*03
$GPGGA,134925.000,2632.7911,N,07703.1335,W,1,05,1.4,6.7,M,-33.0,M,,0000*66
$GPGSA,A,3,08,16,27,21,07,,,,,,,,2.5,1.4,2.0*3C
$GPGSV,3,1,12,08,85,110,15,09,51,268,,27,48,043,25,04,47,196,*78
$GPGSV,3,2,12,07,31,320,23,16,25,048,23,21,22,152,19,02,15,165,*7A
$GPGSV,3,3,12,31,06,119,,26,03,071,,30,03,310,,14,01,262,*76
$GPRMC,134925.000,A,2632.7911,N,07703.1335,W,0.17,340.92,280324,,,A*7D
$GPVTG,340.92,T,,M,0.17,N,0.3,K,A*04
$GPGGA,134930.000,2632.7927,N,07703.1336,W,1,05,1.4,4.0,M,-33.0,M,,0000*61
$GPGSA,A,3,08,16,27,21,07,,,,,,,,2.5,1.4,2.0*3C
$GPGSV,3,1,12,08,85,110,15,09,51,268,,27,48,043,25,04,47,196,*78
$GPGSV,3,2,12,07,31,320,23,16,25,048,22,21,22,152,19,02,15,165,*7B
$GPGSV,3,3,12,31,06,119,,26,03,071,,30,03,310,,14,01,262,*76
$GPRMC,134930.000,A,2632.7927,N,07703.1336,W,0.38,181.38,280324,,,A*7D
$GPVTG,181.38,T,,M,0.38,N,0.7,K,A*02
$GPGGA,134935.000,2632.7917,N,07703.1321,W,1,05,1.4,2.3,M,-33.0,M,,0000*64
$GPGSA,A,3,08,16,27,21,07,,,,,,,,2.5,1.4,2.0*3C
$GPGSV,3,1,12,08,85,110,14,09,51,268,,27,48,043,25,04,47,196,*79
$GPGSV,3,2,12,07,31,320,22,16,25,048,22,21,22,152,19,02,15,165,*7A
$GPGSV,3,3,12,31,06,119,,26,03,071,,30,03,310,,14,01,262,*76
$GPVTG,41.14,T,,M,1.58,N,2.9,K,A*3A
$GPGGA,134940.000,2632.7922,N,07703.1319,W,1,04,1.5,-5.6,M,-33.0,M,,0000*44
$GPGSA,A,3,16,27,21,07,,,,,,,,,4.5,1.5,4.3*36
$GPGSV,3,1,12,08,85,110,,09,51,268,,27,48,043,25,04,47,196,*7C
$GPGSV,3,2,12,07,31,320,22,16,25,048,22,21,22,152,19,02,15,165,*7A
$GPGSV,3,3,12,31,06,119,,26,03,071,,30,03,310,,14,01,262,*76
$GPRMC,134940.000,A,2632.7922,N,07703.1319,W,0.10,251.56,280324,,,A*7E
$GPVTG,251.56,T,,M,0.10,N,0.2,K,A*0B
$GPGGA,134945.000,2632.7949,N,07703.1344,W,1,04,1.5,-9.5,M,-33.0,M,,0000*4B
$GPGSA,A,3,16,27,21,07,,,,,,,,,4.5,1.5,4.3*36
$GPGSV,3,1,12,08,85,110,,09,51,268,,27,48,043,25,04,47,196,*7C
$GPGSV,3,2,12,07,31,320,21,16,25,048,23,21,22,152,19,02,15,165,*78
$GPGSV,3,3,12,31,06,119,,26,03,071,,30,03,310,,14,01,262,*76
$GPRMC,134945.000,A,2632.7949,N,07703.1344,W,0.51,72.42,280324,,,A*4D
$GPVTG,72.42,T,,M,0.51,N,0.9,K,A*33
$GPGGA,134950.000,2632.7962,N,07703.1364,W,1,05,1.2,-13.2,M,-33.0,M,,0000*7E
$GPGSA,A,3,09,16,27,21,07,,,,,,,,3.5,1.2,3.3*38
$GPGSV,3,1,12,08,85,110,,09,51,268,15,27,48,043,25,04,47,196,*78
$GPGSV,3,2,12,07,31,320,21,16,25,048,22,21,22,152,19,02,15,165,*79
$GPGSV,3,3,12,31,06,119,,26,03,071,,30,03,310,,14,01,262,*76
$GPRMC,134950.000,A,2632.7962,N,07703.1364,W,1.42,298.99,280324,,,A*71
$GPVTG,298.99,T,,M,1.42,N,2.6,K,A*0D
$GPGGA,134955.000,2632.7927,N,07703.1354,W,1,05,1.2,-1.6,M,-33.0,M,,0000*4E
$GPGSA,A,3,09,16,27,21,07,,,,,,,,3.5,1.2,3.3*38
$GPGSV,3,1,12,08,85,110,,09,51,268,15,27,48,043,24,04,47,196,*79
$GPGSV,3,2,12,07,31,320,20,16,25,048,23,21,22,152,18,02,15,165,*78
$GPGSV,3,3,12,31,06,119,,26,03,071,,30,03,310,,14,01,262,*76
$GPRMC,134955.000,A,2632.7927,N,07703.1354,W,1.69,162.79,280324,,,A*77
$GPVTG,162.79,T,,M,1.69,N,3.1,K,A*0A
$GPGGA,135000.000,2632.7935,N,07703.1361,W,1,05,1.2,-6.9,M,-33.0,M,,0000*4B
$GPGSA,A,3,09,16,27,21,07,,,,,,,,3.5,1.2,3.3*38
$GPGSV,3,1,12,08,85,110,,09,51,268,14,27,48,043,24,04,47,196,*78
$GPGSV,3,2,12,07,31,320,19,16,25,048,22,21,22,152,18,02,15,165,*73
$GPGSV,3,3,12,31,06,119,,26,03,071,,30,03,310,,14,01,262,*76
$GPRMC,135000.000,A,2632.7935,N,07703.1361,W,1.64,316.22,280324,,,A*78
$GPVTG,316.22,T,,M,1.64,N,3.0,K,A*09
$GPGGA,135005.000,2632.7914,N,07703.1352,W,1,04,1.5,-6.6,M,-33.0,M,,0000*44
$GPGSA,A,3,16,27,21,07,,,,,,,,,4.5,1.5,4.3*36
$GPGSV,3,1,12,08,85,110,,09,51,268,,27,48,043,24,04,47,196,*7D
$GPGSV,3,2,12,07,31,320,19,16,25,048,22,21,22,152,18,02,15,165,*73
$GPGSV,3,3,12,31,06,119,,26,03,071,,30,03,310,,14,01,262,*76
$GPVTG,201.10,T,,M,0.80,N,1.5,K,A*03
$GPGGA,135010.000,2632.7923,N,07703.1341,W,1,03,6.8,-3.5,M,-33.0,M,,0000*4D
$GPGSA,A,2,16,27,21,,,,,,,,,,6.9,6.8,1.0*32
$GPGSV,3,1,12,08,85,110,,09,51,268,,27,48,043,24,04,47,196,*7D
$GPGSV,3,2,12,07,31,320,19,16,25,048,22,21,22,152,18,02,15,165,*73
$GPGSV,3,3,12,31,06,119,,26,03,071,,30,03,310,,14,01,262,*76
$GPRMC,135010.000,A,2632.7923,N,07703.1341,W,1.10,6.47,280324,,,A*7E
$GPVTG,6.47,T,,M,1.10,N,2.0,K,A*0A
$GPGGA,135015.000,2632.7895,N,07703.1399,W,1,05,1.4,3.8,M,-33.0,M,,0000*6C
$GPGSA,A,3,08,16,27,21,07,,,,,,,,2.5,1.4,2.0*3C
$GPGSV,3,1,12,08,85,110,20,09,51,268,,27,48,043,24,04,47,196,*7F
$GPGSV,3,2,12,07,31,320,19,16,25,048,22,21,22,152,16,02,15,165,*7D
$GPGSV,3,3,12,31,06,119,,26,03,071,,30,03,310,,14,01,262,*76
$GPRMC,135015.000,A,2632.7895,N,07703.1399,W,3.82,211.30,280324,,,A*7F
$GPVTG,211.30,T,,M,3.82,N,7.1,K,A*03
$GPGGA,135020.000,2632.7866,N,07703.1386,W,1,04,5.2,-5.0,M,-33.0,M,,0000*48
$GPGSA,A,3,08,16,27,07,,,,,,,,,8.1,5.2,6.2*35
$GPGSV,3,1,12,08,85,110,20,09,51,268,,27,48,043,29,04,47,196,*72
$GPGSV,3,2,12,07,31,320,25,16,25,048,21,21,22,152,,02,15,165,*76
$GPGSV,3,3,12,31,06,119,,26,03,071,,30,03,310,,14,01,262,*76
$GPRMC,135020.000,A,2632.7866,N,07703.1386,W,1.37,222.31,280324,,,A*76
$GPVTG,222.31,T,,M,1.37,N,2.5,K,A*0F
$GPGGA,135025.000,2632.7863,N,07703.1383,W,1,04,5.2,-10.4,M,-33.0,M,,0000*7D
$GPGSA,A,3,08,16,27,07,,,,,,,,,8.1,5.2,6.2*35
$GPGSV,3,1,12,08,85,110,20,09,51,268,,27,48,043,26,04,47,196,*7D
$GPGSV,3,2,12,07,31,320,26,16,25,048,21,21,22,152,,02,15,165,*75
$GPGSV,3,3,12,31,06,119,,26,03,071,,30,03,310,,14,01,262,*76
$GPRMC,135025.000,A,2632.7863,N,07703.1383,W,0.54,174.59,280324,,,A*79
$GPVTG,174.59,T,,M,0.54,N,1.0,K,A*03
$GPGGA,135030.000,2632.7877,N,07703.1385,W,1,04,5.2,-13.1,M,-33.0,M,,0000*7C
$GPGSA,A,3,08,16,27,07,,,,,,,,,8.1,5.2,6.2*35
$GPGSV,3,1,12,08,85,110,21,09,51,268,,27,48,043,20,04,47,196,*7A
$GPGSV,3,2,12,07,31,320,34,16,25,048,20,21,22,152,,02,15,165,*77
$GPGSV,3,3,12,31,06,119,,26,03,071,,30,03,310,,14,01,262,*76
$GPVTG,123.39,T,,M,0.51,N,0.9,K,A*0A
$GPGGA,135035.000,2632.7888,N,07703.1377,W,1,07,1.2,-10.8,M,-33.0,M,,0000*79
$GPGSA,A,3,08,16,09,27,21,31,07,,,,,,2.1,1.2,1.7*31
$GPGSV,3,1,12,08,85,110,25,09,51,268,19,27,48,043,30,04,47,196,*77
$GPGSV,3,2,12,07,31,320,28,16,25,048,21,21,22,152,18,02,15,165,*72
$GPGSV,3,3,12,31,06,119,21,26,03,071,,30,03,310,,14,01,262,*75
$GPRMC,135035.000,A,2632.7888,N,07703.1377,W,1.77,157.96,280324,,,A*74
$GPVTG,157.96,T,,M,1.77,N,3.3,K,A*00
$GPGGA,135040.000,2632.7874,N,07703.1355,W,1,08,1.1,-8.7,M,-33.0,M,,0000*42
$GPGSA,A,3,08,16,09,27,21,31,07,04,,,,,2.0,1.1,1.7*37
$GPGSV,3,1,12,08,85,110,30,09,51,268,25,27,48,043,27,04,47,196,25*7D
$GPGSV,3,2,12,07,31,320,27,16,25,048,27,21,22,152,38,02,15,165,30*7A
$GPGSV,3,3,12,31,06,119,27,26,03,071,,30,03,310,21,14,01,262,*70
$GPRMC,135040.000,A,2632.7874,N,07703.1355,W,2.14,154.33,280324,,,A*7F
$GPVTG,154.33,T,,M,2.14,N,4.0,K,A*0E
$GPGGA,135045.000,2632.7853,N,07703.1327,W,1,08,1.1,-5.2,M,-33.0,M,,0000*4F
$GPGSA,A,3,08,16,09,27,21,31,07,04,,,,,2.0,1.1,1.7*37
$GPGSV,3,1,12,08,85,089,29,09,51,266,34,27,47,042,26,04,46,195,34*77
$GPGSV,3,2,12,07,32,321,27,16,25,049,24,21,23,151,31,02,16,164,35*76
$GPGSV,3,3,12,31,05,120,19,30,04,310,21,26,03,072,,14,01,263,*71
$GPRMC,135045.000,A,2632.7853,N,07703.1327,W,1.86,131.30,280324,,,A*72
$GPVTG,131.30,T,,M,1.86,N,3.4,K,A*05
$GPGGA,135050.000,2632.7846,N,07703.1301,W,1,08,1.1,-2.4,M,-33.0,M,,0000*4A
$GPGSA,A,3,08,16,09,27,21,31,07,04,,,,,2.0,1.1,1.7*37
$GPGSV,3,1,12,08,85,089,30,09,51,266,33,27,47,042,30,04,46,195,31*7A
$GPGSV,3,2,12,07,32,321,28,16,25,049,26,21,23,151,32,02,16,164,34*79
$GPGSV,3,3,12,31,05,120,25,30,04,310,20,26,03,072,17,14,01,263,*79
$GPRMC,135050.000,A,2632.7846,N,07703.1301,W,1.42,127.25,280324,,,A*7D
$GPVTG,127.25,T,,M,1.42,N,2.6,K,A*0D
$GPGGA,135055.000,2632.7849,N,07703.1276,W,1,08,1.1,-1.3,M,-33.0,M,,0000*45
$GPGSA,A,3,08,16,09,27,21,31,07,04,,,,,2.0,1.1,1.7*37
$GPGSV,3,1,12,08,85,089,29,09,51,266,33,27,47,042,31,04,46,195,27*74
$GPGSV,3,2,12,07,32,321,28,16,25,049,35,21,23,151,29,02,16,164,26*72
$GPGSV,3,3,12,31,05,120,36,30,04,310,19,26,03,072,18,14,01,263,*7E
$GPRMC,135055.000,A,2632.7849,N,07703.1276,W,1.04,78.39,280324,,,A*42
$GPVTG,78.39,T,,M,1.04,N,1.9,K,A*35
$GPGGA,135100.000,2632.7850,N,07703.1261,W,1,08,1.1,-2.9,M,-33.0,M,,0000*43
$GPGSA,A,3,08,16,09,27,21,31,07,04,,,,,2.0,1.1,1.7*37
$GPGSV,3,1,12,08,85,089,29,09,51,266,28,27,47,042,31,04,46,195,25*7C
$GPGSV,3,2,12,07,32,321,29,16,25,049,31,21,23,151,29,02,16,164,28*79
$GPRMC,135100.000,A,2632.7850,N,07703.1261,W,0.40,223.25,280324,,,A*7D
$GPVTG,223.25,T,,M,0.40,N,0.7,K,A*0A
$GPGGA,135105.000,2632.7859,N,07703.1265,W,1,08,1.1,-3.5,M,-33.0,M,,0000*46
$GPGSA,A,3,08,16,09,27,21,31,07,04,,,,,2.0,1.1,1.7*37
$GPGSV,3,1,12,08,85,089,22,09,51,266,29,27,47,042,39,04,46,195,20*7B
$GPGSV,3,2,12,07,32,321,31,16,25,049,31,21,23,151,28,02,16,164,27*7E
$GPGSV,3,3,12,31,05,120,28,30,04,310,18,26,03,072,17,14,01,263,*7F
$GPRMC,135105.000,A,2632.7859,N,07703.1265,W,0.13,149.44,280324,,,A*7B
$GPGGA,135110.000,2632.7856,N,07703.1261,W,1,08,1.1,0.1,M,-33.0,M,,0000*63
$GPGSA,A,3,08,16,09,27,21,31,07,04,,,,,2.0,1.1,1.7*37
$GPGSV,3,1,12,08,85,089,37,09,51,266,28,27,47,042,32,04,46,195,34*70
$GPGSV,3,2,12,07,32,321,37,16,25,049,24,21,23,151,27,02,16,164,31*74
$GPGSV,3,3,12,31,05,120,28,30,04,310,17,26,03,072,27,14,01,263,*73
$GPRMC,135110.000,A,2632.7856,N,07703.1261,W,0.20,208.05,280324,,,A*77
$GPVTG,208.05,T,,M,0.20,N,0.4,K,A*04
$GPGGA,135115.000,2632.7856,N,07703.1261,W,1,08,1.1,-0.7,M,-33.0,M,,0000*4D
$GPGSA,A,3,08,16,09,27,21,31,07,04,,,,,2.0,1.1,1.7*37
$GPGSV,3,1,12,08,85,089,28,09,51,266,25,27,47,042,34,04,46,195,28*78
$GPGSV,3,2,12,07,32,321,31,16,25,049,34,21,23,151,26,02,16,164,25*77
$GPGSV,3,3,12,31,05,120,27,30,04,310,16,26,03,072,23,14,01,263,*79
$GPRMC,135115.000,A,2632.7856,N,07703.1261,W,0.65,95.35,280324,,,A*46
$GPVTG,95.35,T,,M,0.65,N,1.2,K,A*37
$GPGGA,135120.000,2632.7840,N,07703.1248,W,1,08,1.1,-1.0,M,-33.0,M,,0000*41
$GPGSA,A,3,08,16,09,27,21,31,07,04,,,,,2.0,1.1,1.7*37
$GPGSV,3,1,12,08,85,089,30,09,51,266,28,27,47,042,24,04,46,195,34*70
$GPGSV,3,2,12,07,32,321,23,16,25,049,28,21,23,151,35,02,16,164,38*77
$GPGSV,3,3,12,31,05,120,36,30,04,310,21,26,03,072,16,14,01,263,*7B
$GPRMC,135120.000,A,2632.7840,N,07703.1248,W,1.77,195.12,280324,,,A*7A
$GPVTG,195.12,T,,M,1.77,N,3.3,K,A*02
$GPGGA,135125.000,2632.7822,N,07703.1262,W,1,08,1.1,0.2,M,-33.0,M,,0000*66
$GPGSA,A,3,08,16,09,27,21,31,07,04,,,,,2.0,1.1,1.7*37
$GPGSV,3,1,12,08,85,089,28,09,51,266,28,27,47,042,29,04,46,195,30*70
$GPGSV,3,2,12,07,32,321,28,16,25,049,24,21,23,151,30,02,16,164,30*7D
$GPGSV,3,3,12,31,05,120,28,30,04,310,19,26,03,072,24,14,01,263,*7E
$GPRMC,135125.000,A,2632.7822,N,07703.1262,W,0.77,191.66,280324,,,A*75
$GPVTG,191.66,T,,M,0.77,N,1.4,K,A*01
$GPGGA,135130.000,2632.7817,N,07703.1265,W,1,08,1.1,1.6,M,-33.0,M,,0000*66
$GPGSA,A,3,08,16,09,27,21,31,07,04,,,,,2.0,1.1,1.7*37
$GPGSV,3,1,12,08,85,089,27,09,51,266,28,27,47,042,29,04,46,195,30*7F
$GPGSV,3,2,12,07,32,321,25,16,25,049,28,21,23,151,31,02,16,164,25*79
$GPGSV,3,3,12,31,05,120,28,30,04,310,11,26,03,072,25,14,01,263,*77
$GPRMC,135130.000,A,2632.7817,N,07703.1265,W,0.09,340.52,280324,,,A*70
$GPVTG,340.52,T,,M,0.09,N,0.2,K,A*06
$GPGGA,135135.000,2632.7815,N,07703.1264,W,1,08,1.1,2.8,M,-33.0,M,,0000*6D
$GPGSA,A,3,08,16,09,27,21,31,07,04,,,,,2.0,1.1,1.7*37
$GPGSV,3,1,12,08,85,089,27,09,51,266,28,27,47,042,24,04,46,195,32*70
$GPGSV,3,2,12,07,32,321,26,16,25,049,28,21,23,151,30,02,16,164,21*7F
$GPGSV,3,3,12,31,05,120,29,30,04,310,,26,03,072,28,14,01,263,*7B
$GPVTG,41.23,T,,M,0.18,N,0.3,K,A*33
$GPGGA,135140.000,2632.7813,N,07703.1256,W,1,08,1.1,7.3,M,-33.0,M,,0000*66
$GPGSA,A,3,08,16,09,27,21,31,07,04,,,,,2.0,1.1,1.7*37
$GPGSV,3,1,12,08,85,083,26,09,51,265,18,27,46,042,24,04,46,195,33*7B
$GPGSV,3,2,12,07,32,321,27,16,24,050,29,21,24,151,30,02,17,164,28*79
$GPGSV,3,3,12,31,05,120,29,30,04,310,,26,02,072,28,14,02,263,*79
$GPRMC,135140.000,A,2632.7813,N,07703.1256,W,0.28,141.44,280324,,,A*74
$GPVTG,141.44,T,,M,0.28,N,0.5,K,A*06
$GPGGA,135145.000,2632.7816,N,07703.1253,W,1,08,1.1,9.9,M,-33.0,M,,0000*67
$GPGSA,A,3,08,16,09,27,21,31,07,04,,,,,2.0,1.1,1.7*37
$GPGSV,3,1,12,08,85,083,25,09,51,265,25,27,46,042,24,04,46,195,33*76
$GPGSV,3,2,12,07,32,321,26,16,24,050,27,21,24,151,33,02,17,164,23*7E
$GPGSV,3,3,12,31,05,120,28,30,04,310,,26,02,072,22,14,02,263,*72
$GPRMC,135145.000,A,2632.7816,N,07703.1253,W,0.26,140.35,280324,,,A*78
$GPVTG,140.35,T,,M,0.26,N,0.5,K,A*0F
$GPGGA,135150.000,2632.7810,N,07703.1239,W,1,08,1.1,13.2,M,-33.0,M,,0000*59
$GPGSA,A,3,08,16,09,27,21,31,07,04,,,,,2.0,1.1,1.7*37
$GPGSV,3,1,12,08,85,083,26,09,51,265,25,27,46,042,24,04,46,195,32*74
$GPGSV,3,2,12,07,32,321,26,16,24,050,24,21,24,151,33,02,17,164,23*7D
$GPGSV,3,3,12,31,05,120,23,30,04,310,,26,02,072,24,14,02,263,*7F
$GPRMC,135150.000,A,2632.7810,N,07703.1239,W,0.56,103.85,280324,,,A*7D
$GPVTG,103.85,T,,M,0.56,N,1.0,K,A*00
$GPGGA,135155.000,2632.7807,N,07703.1226,W,1,08,1.1,15.7,M,-33.0,M,,0000*57
$GPGSA,A,3,08,16,09,27,21,31,07,04,,,,,2.0,1.1,1.7*37
$GPGSV,3,1,12,08,85,083,25,09,51,265,25,27,46,042,22,04,46,195,33*70
$GPGSV,3,2,12,07,32,321,22,16,24,050,29,21,24,151,32,02,17,164,29*7F
$GPGSV,3,3,12,31,05,120,29,30,04,310,,26,02,072,23,14,02,263,*72
$GPRMC,135155.000,A,2632.7807,N,07703.1226,W,0.21,113.03,280324,,,A*7F
$GPVTG,113.03,T,,M,0.21,N,0.4,K,A*0A
$GPGGA,135200.000,2632.7804,N,07703.1231,W,1,08,1.1,11.5,M,-33.0,M,,0000*57
$GPGSA,A,3,08,16,09,27,21,31,07,04,,,,,2.0,1.1,1.7*37
$GPGSV,3,1,12,08,85,083,26,09,51,265,25,27,46,042,21,04,46,195,33*70
$GPGSV,3,2,12,07,32,321,23,16,24,050,27,21,24,151,32,02,17,164,22*7B
$GPGSV,3,3,12,31,05,120,26,30,04,310,,26,02,072,19,14,02,263,*74
$GPRMC,135200.000,A,2632.7804,N,07703.1231,W,0.23,110.97,280324,,,A*75
$GPVTG,110.97,T,,M,0.23,N,0.4,K,A*06
$GPGGA,135205.000,2632.7801,N,07703.1241,W,1,08,1.1,6.7,M,-33.0,M,,0000*64
$GPGSA,A,3,08,16,09,27,21,31,07,04,,,,,2.0,1.1,1.7*37
$GPGSV,3,1,12,08,85,083,26,09,51,265,21,27,46,042,26,04,46,195,34*74
$GPGSV,3,2,12,07,32,321,23,16,24,050,31,21,24,151,32,02,17,164,25*7B
$GPGSV,3,3,12,31,05,120,30,30,04,310,,26,02,072,21,14,02,263,*78
$GPRMC,135205.000,A,2632.7801,N,07703.1241,W,0.06,51.47,280324,,,A*4C
$GPVTG,51.47,T,,M,0.06,N,0.1,K,A*3D
$GPGGA,135210.000,2632.7804,N,07703.1256,W,1,08,1.1,1.8,M,-33.0,M,,0000*6B
$GPGSA,A,3,08,16,09,27,21,31,07,04,,,,,2.0,1.1,1.7*37
$GPGSV,3,1,12,08,85,080,23,09,51,265,23,27,46,042,27,04,45,195,34*72
$GPGSV,3,2,12,07,33,321,23,16,24,050,31,21,24,151,24,02,17,164,25*7D
$GPGSV,3,3,12,31,05,120,27,30,04,310,,26,02,072,22,14,02,263,*7D
$GPVTG,285.62,T,,M,0.43,N,0.8,K,A*09
$GPGGA,135215.000,2632.7809,N,07703.1263,W,1,08,1.1,-0.9,M,-33.0,M,,0000*48
$GPGSA,A,3,08,16,09,27,21,31,07,04,,,,,2.0,1.1,1.7*37
$GPGSV,3,1,12,08,85,080,19,09,51,265,21,27,46,042,28,04,45,195,33*71
$GPGSV,3,2,12,07,33,321,23,16,24,050,25,21,24,151,26,02,17,164,30*7E
$GPGSV,3,3,12,31,05,120,22,30,04,310,,26,02,072,21,14,02,263,*7B
$GPRMC,135215.000,A,2632.7809,N,07703.1263,W,0.20,55.52,280324,,,A*41
$GPVTG,55.52,T,,M,0.20,N,0.4,K,A*3C
$GPGGA,135220.000,2632.7817,N,07703.1278,W,1,08,1.1,-5.8,M,-33.0,M,,0000*4F
$GPGSA,A,3,08,16,09,27,21,31,07,04,,,,,2.0,1.1,1.7*37
$GPGSV,3,1,12,08,85,080,23,09,51,265,21,27,46,042,22,04,45,195,32*73
$GPGSV,3,2,12,07,33,321,23,16,24,050,31,21,24,151,27,02,17,164,30*7A
$GPGSV,3,3,12,31,05,120,29,30,04,310,,26,02,072,27,14,02,263,*76
$GPRMC,135220.000,A,2632.7817,N,07703.1278,W,0.66,284.09,280324,,,A*70
$GPVTG,284.09,T,,M,0.66,N,1.2,K,A*09
$GPGGA,135225.000,2632.7824,N,07703.1266,W,1,08,1.1,-4.7,M,-33.0,M,,0000*4B
$GPGSA,A,3,08,16,09,27,21,31,07,04,,,,,2.0,1.1,1.7*37
$GPGSV,3,1,12,08,85,080,20,09,51,265,25,27,46,042,27,04,45,195,31*72
$GPGSV,3,2,12,07,33,321,22,16,24,050,29,21,24,151,27,02,17,164,28*7B
$GPGSV,3,3,12,31,05,120,24,30,04,310,,26,02,072,18,14,02,263,*77
$GPRMC,135225.000,A,2632.7824,N,07703.1266,W,0.15,124.73,280324,,,A*7A
$GPVTG,124.73,T,,M,0.15,N,0.3,K,A*09
$GPGGA,135230.000,2632.7820,N,07703.1249,W,1,08,1.1,-2.2,M,-33.0,M,,0000*45
$GPGSA,A,3,08,16,09,27,21,31,07,04,,,,,2.0,1.1,1.7*37
$GPGSV,3,1,12,08,85,080,23,09,51,265,27,27,46,042,28,04,45,195,31*7C
$GPGSV,3,2,12,07,33,321,14,16,24,050,29,21,24,151,24,02,17,164,23*76
$GPGSV,3,3,12,31,05,120,22,30,04,310,,26,02,072,19,14,02,263,*70
$GPRMC,135230.000,A,2632.7820,N,07703.1249,W,0.51,140.76,280324,,,A*70
$GPVTG,140.76,T,,M,0.51,N,0.9,K,A*04
$GPGGA,135235.000,2632.7794,N,07703.1247,W,1,08,1.1,2.8,M,-33.0,M,,0000*69
$GPGSA,A,3,08,16,09,27,21,31,07,04,,,,,2.0,1.1,1.7*37
$GPGSV,3,1,12,08,85,080,19,09,51,265,20,27,46,042,29,04,45,195,23*70
$GPGSV,3,2,12,07,33,321,26,16,24,050,26,21,24,151,22,02,17,164,22*7F
$GPGSV,3,3,12,31,05,120,21,30,04,310,,26,02,072,14,14,02,263,*7E
$GPRMC,135235.000,A,2632.7794,N,07703.1247,W,2.98,178.48,280324,,,A*7A
$GPVTG,178.48,T,,M,2.98,N,5.5,K,A*0C
$GPGGA,135240.000,2632.7710,N,07703.1343,W,1,07,1.1,0.2,M,-33.0,M,,0000*65
$GPGSA,A,3,08,16,09,27,21,07,04,,,,,,2.4,1.1,2.1*34
$GPGSV,3,1,12,08,85,080,25,09,51,265,30,27,46,042,21,04,45,195,29*7C
$GPGSV,3,2,12,07,33,321,15,16,24,050,16,21,24,151,22,02,17,164,17*7A
$GPRMC,135240.000,A,2632.7710,N,07703.1343,W,14.34,236.46,280324,,,A*47
$GPVTG,236.46,T,,M,14.34,N,26.6,K,A*08
$GPGGA,135245.000,2632.7532,N,07703.1585,W,1,07,1.1,-2.3,M,-33.0,M,,0000*40
$GPGSA,A,3,08,16,09,27,21,07,04,,,,,,2.4,1.1,2.1*34
$GPGSV,3,1,12,08,85,080,25,09,51,265,28,27,46,042,22,04,45,195,29*76
$GPGSV,3,2,12,07,33,321,27,16,24,050,21,21,24,151,28,02,17,164,14*76
$GPGSV,3,3,12,31,05,120,,30,04,310,18,26,02,072,,14,02,263,*71
$GPRMC,135245.000,A,2632.7532,N,07703.1585,W,20.01,218.62,280324,,,A*47
$GPGGA,135250.000,2632.7332,N,07703.1887,W,1,06,1.4,-4.1,M,-33.0,M,,0000*4D
$GPGSA,A,3,08,16,09,27,07,04,,,,,,,3.0,1.4,2.6*30
$GPGSV,3,1,12,08,85,080,25,09,51,265,28,27,46,042,26,04,45,195,20*7B
$GPGSV,3,2,12,07,33,321,22,16,24,050,20,21,24,151,,02,17,164,22*7D
$GPGSV,3,3,12,31,05,120,,30,04,310,17,26,02,072,,14,02,263,*7E
$GPRMC,135250.000,A,2632.7332,N,07703.1887,W,25.78,243.05,280324,,,A*4E
$GPVTG,243.05,T,,M,25.78,N,47.7,K,A*01
$GPGGA,135255.000,2632.7209,N,07703.2294,W,1,07,1.1,-8.5,M,-33.0,M,,0000*46
$GPGSA,A,3,08,16,09,27,21,07,04,,,,,,2.4,1.1,2.1*34
$GPGSV,3,1,12,08,85,080,22,09,51,265,28,27,46,042,23,04,45,195,20*79
$GPGSV,3,2,12,07,33,321,22,16,24,050,19,21,24,151,24,02,17,164,22*71
$GPGSV,3,3,12,31,05,120,,30,04,310,15,26,02,072,,14,02,263,*7C
$GPRMC,135255.000,A,2632.7209,N,07703.2294,W,28.17,250.37,280324,,,A*4E
$GPVTG,250.37,T,,M,28.17,N,52.2,K,A*07
$GPGGA,135300.000,2632.7054,N,07703.2641,W,1,07,1.1,-5.7,M,-33.0,M,,0000*4E
$GPGSA,A,3,08,16,09,27,21,07,04,,,,,,2.4,1.1,2.1*34
$GPGSV,3,1,12,08,85,080,22,09,51,265,29,27,46,042,23,04,45,195,30*79
$GPGSV,3,2,12,07,33,321,20,16,24,050,19,21,24,151,24,02,17,164,22*73
$GPGSV,3,3,12,31,05,120,,30,04,310,,26,02,072,,14,02,263,*78
$GPRMC,135300.000,A,2632.7054,N,07703.2641,W,19.33,241.12,280324,,,A*4A
$GPVTG,241.12,T,,M,19.33,N,35.8,K,A*0F
$GPGGA,135305.000,2632.6931,N,07703.2758,W,1,08,1.1,-2.5,M,-33.0,M,,0000*43
$GPGSA,A,3,08,16,09,27,21,31,07,04,,,,,2.0,1.1,1.7*37
$GPGSV,3,1,12,08,85,080,27,09,51,265,22,27,46,042,33,04,45,195,26*71
$GPGSV,3,2,12,07,33,321,21,16,24,050,20,21,24,151,14,02,17,164,21*78
$GPGSV,3,3,12,31,05,120,16,30,04,310,21,26,02,072,,14,02,263,*7C
$GPRMC,135305.000,A,2632.6931,N,07703.2758,W,9.85,193.12,280324,,,A*7D
$GPVTG,193.12,T,,M,9.85,N,18.2,K,A*3A
$GPGGA,135310.000,2632.6683,N,07703.2620,W,1,08,1.1,1.1,M,-33.0,M,,0000*65
$GPGSA,A,3,08,16,09,27,21,31,07,04,,,,,2.0,1.1,1.7*37
$GPGSV,3,1,12,08,85,080,25,09,51,265,22,27,46,042,17,04,45,195,25*76
$GPGSV,3,2,12,07,33,321,21,16,24,050,26,21,24,151,19,02,17,164,21*73
$GPGSV,3,3,12,31,05,120,15,30,04,310,12,26,02,072,,14,02,263,*7F
$GPRMC,135310.000,A,2632.6683,N,07703.2620,W,16.52,173.17,280324,,,A*4E
$GPVTG,173.17,T,,M,16.52,N,30.6,K,A*0B
$GPGGA,135315.000,2632.6426,N,07703.2945,W,1,07,1.1,-1.6,M,-33.0,M,,0000*44
$GPGSA,A,3,08,16,09,27,21,07,04,,,,,,2.4,1.1,2.1*34
$GPGSV,3,1,12,08,85,080,22,09,51,265,28,27,46,042,21,04,45,195,34*7E
$GPGSV,3,2,12,07,33,321,26,16,24,050,14,21,24,151,14,02,17,164,24*7D
$GPGSV,3,3,12,31,05,120,,30,04,310,,26,02,072,,14,02,263,*78
$GPVTG,225.21,T,,M,28.29,N,52.4,K,A*09
$GPGGA,135320.000,2632.6155,N,07703.3367,W,1,07,1.1,-4.3,M,-33.0,M,,0000*48
$GPGSA,A,3,08,16,09,27,21,07,04,,,,,,2.4,1.1,2.1*34
$GPGSV,3,1,12,08,85,080,20,09,51,265,30,27,46,042,22,04,45,195,25*76
$GPGSV,3,2,12,07,33,321,21,16,24,050,22,21,24,151,20,02,17,164,20*7C
$GPGSV,3,3,12,31,05,120,,30,04,310,,26,02,072,,14,02,263,*78
$GPRMC,135320.000,A,2632.6155,N,07703.3367,W,34.85,242.84,280324,,,A*47
$GPVTG,242.84,T,,M,34.85,N,64.5,K,A*08
$GPGGA,135325.000,2632.5970,N,07703.3924,W,1,07,1.1,2.7,M,-33.0,M,,0000*63
$GPGSA,A,3,08,16,09,27,21,07,04,,,,,,2.4,1.1,2.1*34
$GPGSV,3,1,12,08,85,080,20,09,51,265,30,27,46,042,22,04,45,195,19*79
$GPGSV,3,2,12,07,33,321,15,16,24,050,20,21,24,151,13,02,17,164,24*7D
$GPGSV,3,3,12,31,05,120,,30,04,310,,26,02,072,,14,02,263,*78
$GPRMC,135325.000,A,2632.5970,N,07703.3924,W,39.21,250.30,280324,,,A*4C
$GPVTG,250.30,T,,M,39.21,N,72.6,K,A*03
$GPGGA,135330.000,2632.5831,N,07703.4517,W,1,07,1.1,5.2,M,-33.0,M,,0000*6A
$GPGSA,A,3,08,16,09,27,21,07,04,,,,,,2.4,1.1,2.1*34
$GPGSV,3,1,12,08,85,080,20,09,51,265,30,27,46,042,21,04,45,195,20*70
$GPGSV,3,2,12,07,33,321,15,16,24,050,19,21,24,151,24,02,17,164,17*73
$GPGSV,3,3,12,31,05,120,,30,04,310,,26,02,072,,14,02,263,*78
$GPRMC,135330.000,A,2632.5831,N,07703.4517,W,39.68,253.72,280324,,,A*4F
$GPVTG,253.72,T,,M,39.68,N,73.5,K,A*09
$GPGGA,135335.000,2632.5686,N,07703.5064,W,1,08,1.1,2.1,M,-33.0,M,,0000*66
$GPGSA,A,3,08,16,09,27,21,31,07,04,,,,,2.0,1.1,1.7*37
$GPGSV,3,1,12,08,85,080,13,09,51,265,29,27,46,042,20,04,45,195,22*7B
$GPGSV,3,2,12,07,33,321,17,16,24,050,20,21,24,151,22,02,17,164,24*7D
$GPGSV,3,3,12,31,05,120,18,30,04,310,,26,02,072,,14,02,263,*71
$GPRMC,135335.000,A,2632.5686,N,07703.5064,W,32.62,251.97,280324,,,A*40
$GPVTG,251.97,T,,M,32.62,N,60.4,K,A*02
$GPGGA,135340.000,2632.5573,N,07703.5413,W,1,08,1.1,1.7,M,-33.0,M,,0000*6C
$GPGSA,A,3,08,16,09,27,21,31,07,04,,,,,2.0,1.1,1.7*37
$GPGSV,3,1,12,08,85,080,14,09,51,265,29,27,46,042,20,04,45,195,22*7C
$GPGSV,3,2,12,07,33,321,17,16,24,050,19,21,24,151,25,02,17,164,28*7C
$GPGSV,3,3,12,31,05,120,18,30,04,310,,26,02,072,,14,02,263,*71
$GPRMC,135340.000,A,2632.5573,N,07703.5413,W,18.40,247.82,280324,,,A*44
$GPVTG,247.82,T,,M,18.40,N,34.1,K,A*0D
$GPGGA,135345.000,2632.5400,N,07703.5479,W,1,07,1.1,2.8,M,-33.0,M,,0000*63
$GPGSA,A,3,08,16,09,27,21,07,04,,,,,,2.4,1.1,2.1*34
$GPGSV,3,1,12,08,85,080,20,09,51,265,22,27,46,042,35,04,45,195,30*77
$GPGSV,3,2,12,07,33,321,23,16,24,050,17,21,24,151,22,02,17,164,21*7B
$GPRMC,135345.000,A,2632.5400,N,07703.5479,W,19.54,178.56,280324,,,A*4A
$GPVTG,178.56,T,,M,19.54,N,36.2,K,A*0E
$GPGGA,135350.000,2632.4999,N,07703.5367,W,1,06,1.6,-1.3,M,-33.0,M,,0000*40
$GPGSA,A,3,08,16,09,27,21,04,,,,,,,3.1,1.6,2.7*36
$GPGSV,3,1,12,08,85,080,19,09,51,265,20,27,46,042,36,04,45,195,32*7E
$GPGSV,3,2,12,07,33,321,17,16,24,050,16,21,24,151,24,02,17,164,*78
$GPGSV,3,3,12,31,05,120,,30,04,310,,26,02,072,,14,02,263,*78
$GPRMC,135350.000,A,2632.4999,N,07703.5367,W,30.33,172.89,280324,,,A*48
$GPGGA,135355.000,2632.4532,N,07703.5304,W,1,07,1.1,-4.0,M,-33.0,M,,0000*4D
$GPGSA,A,3,08,16,09,27,21,07,04,,,,,,2.4,1.1,2.1*34
$GPGSV,3,1,12,08,84,070,19,09,51,263,19,27,45,041,36,04,45,194,32*7D
$GPGSV,3,2,12,07,33,321,17,21,25,150,23,16,24,051,19,02,18,163,*79
$GPGSV,3,3,12,30,05,311,,31,04,121,,14,02,264,,26,02,073,*7E
$GPRMC,135355.000,A,2632.4532,N,07703.5304,W,35.27,172.76,280324,,,A*45
$GPVTG,172.76,T,,M,35.27,N,65.3,K,A*0B
$GPGGA,135400.000,2632.4080,N,07703.5207,W,1,07,1.1,-5.6,M,-33.0,M,,0000*43
$GPGSA,A,3,08,16,09,27,21,07,04,,,,,,2.4,1.1,2.1*34
$GPGSV,3,1,12,08,84,070,20,09,51,263,16,27,45,041,36,04,45,194,33*79
$GPGSV,3,2,12,07,33,321,19,21,25,150,23,16,24,051,18,02,18,163,*76
$GPGSV,3,3,12,30,05,311,,31,04,121,,14,02,264,,26,02,073,*7E
$GPRMC,135400.000,A,2632.4080,N,07703.5207,W,27.75,167.90,280324,,,A*44
$GPVTG,167.90,T,,M,27.75,N,51.4,K,A*03
$GPGGA,135405.000,2632.3874,N,07703.5181,W,1,07,1.1,-3.5,M,-33.0,M,,0000*4A
$GPGSA,A,3,08,16,09,27,21,07,04,,,,,,2.4,1.1,2.1*34
$GPGSV,3,1,12,08,84,070,25,09,51,263,22,27,45,041,18,04,45,194,26*73
$GPGSV,3,2,12,07,33,321,21,21,25,150,23,16,24,051,26,02,18,163,*70
$GPGSV,3,3,12,30,05,311,,31,04,121,,14,02,264,,26,02,073,*7E
$GPRMC,135405.000,A,2632.3874,N,07703.5181,W,10.72,187.22,280324,,,A*4C
$GPVTG,187.22,T,,M,10.72,N,19.9,K,A*06
$GPGGA,135410.000,2632.3843,N,07703.5457,W,1,08,1.1,-4.1,M,-33.0,M,,0000*48
$GPGSA,A,3,08,16,09,27,21,31,07,04,,,,,2.0,1.1,1.7*37
$GPGSV,3,1,12,08,84,070,14,09,51,263,26,27,45,041,22,04,45,194,23*79
$GPGSV,3,2,12,07,33,321,26,21,25,150,23,16,24,051,19,02,18,163,19*73
$GPGSV,3,3,12,30,05,311,,31,04,121,19,14,02,264,,26,02,073,*76
$GPRMC,135410.000,A,2632.3843,N,07703.5457,W,16.52,258.69,280324,,,A*48
$GPVTG,258.69,T,,M,16.52,N,30.6,K,A*08
$GPGGA,135415.000,2632.3815,N,07703.5614,W,1,08,1.1,-3.2,M,-33.0,M,,0000*4F
$GPGSA,A,3,08,16,09,27,21,31,07,04,,,,,2.0,1.1,1.7*37
$GPGSV,3,1,12,08,84,070,17,09,51,263,18,27,45,041,23,04,45,194,13*75
$GPGSV,3,2,12,07,33,321,27,21,25,150,26,16,24,051,20,02,18,163,22*75
$GPRMC,135415.000,A,2632.3815,N,07703.5614,W,5.50,257.36,280324,,,A*7E
$GPVTG,257.36,T,,M,5.50,N,10.2,K,A*3B
$GPGGA,135420.000,2632.3804,N,07703.5685,W,1,08,1.1,-3.2,M,-33.0,M,,0000*41
$GPGSA,A,3,08,16,09,27,21,31,07,04,,,,,2.0,1.1,1.7*37
$GPGSV,3,1,12,08,84,070,18,09,51,263,21,27,45,041,23,04,45,194,23*73
$GPGSV,3,2,12,07,33,321,27,21,25,150,20,16,24,051,20,02,18,163,14*76
$GPGSV,3,3,12,30,05,311,19,31,04,121,19,14,02,264,,26,02,073,*7E
$GPRMC,135420.000,A,2632.3804,N,07703.5685,W,5.04,255.03,280324,,,A*75
$GPGGA,135425.000,2632.3667,N,07703.5796,W,1,08,1.1,1.3,M,-33.0,M,,0000*62
$GPGSA,A,3,08,16,09,27,21,31,07,04,,,,,2.0,1.1,1.7*37
$GPGSV,3,1,12,08,84,070,25,09,51,263,23,27,45,041,28,04,45,194,21*76
$GPGSV,3,2,12,07,33,321,29,21,25,150,22,16,24,051,29,02,18,163,20*74
$GPGSV,3,3,12,30,05,311,17,31,04,121,16,14,02,264,,26,02,073,*7F
$GPRMC,135425.000,A,2632.3667,N,07703.5796,W,18.36,203.47,280324,,,A*46
$GPVTG,203.47,T,,M,18.36,N,34.0,K,A*04
$GPGGA,135430.000,2632.3277,N,07703.5927,W,1,07,1.1,5.1,M,-33.0,M,,0000*6E
$GPGSA,A,3,08,16,09,27,21,07,04,,,,,,2.4,1.1,2.1*34
$GPGSV,3,1,12,08,84,070,26,09,51,263,22,27,45,041,22,04,45,194,25*7A
$GPGSV,3,2,12,07,33,321,29,21,25,150,22,16,24,051,29,02,18,163,21*75
$GPGSV,3,3,12,30,05,311,14,31,04,121,,14,02,264,,26,02,073,*7B
$GPRMC,135430.000,A,2632.3277,N,07703.5927,W,31.88,198.21,280324,,,A*4C
$GPVTG,198.21,T,,M,31.88,N,59.0,K,A*00
$GPGGA,135435.000,2632.2826,N,07703.6079,W,1,06,1.4,5.6,M,-33.0,M,,0000*66
$GPGSA,A,3,08,16,09,27,07,04,,,,,,,2.9,1.4,2.6*38
$GPGSV,3,1,12,08,84,070,26,09,51,263,23,27,45,041,21,04,45,194,20*7D
$GPGSV,3,2,12,07,33,321,21,21,25,150,22,16,24,051,30,02,18,163,21*75
$GPGSV,3,3,12,30,05,311,15,31,04,121,,14,02,264,,26,02,073,*7A
$GPRMC,135435.000,A,2632.2826,N,07703.6079,W,34.95,199.36,280324,,,A*49
$GPVTG,199.36,T,,M,34.95,N,64.7,K,A*07
$GPGGA,135440.000,2632.2399,N,07703.6231,W,1,07,1.1,3.7,M,-33.0,M,,0000*66
$GPGSA,A,3,08,16,09,27,21,07,04,,,,,,2.4,1.1,2.1*34
$GPGSV,3,1,12,08,84,070,25,09,51,263,21,27,45,041,21,04,45,194,21*7D
$GPGSV,3,2,12,07,33,321,22,21,25,150,22,16,24,051,30,02,18,163,*75
$GPGSV,3,3,12,30,05,311,15,31,04,121,,14,02,264,,26,02,073,*7A
$GPRMC,135440.000,A,2632.2399,N,07703.6231,W,31.84,199.40,280324,,,A*4E
$GPVTG,199.40,T,,M,31.84,N,59.0,K,A*0A
$GPGGA,135445.000,2632.1915,N,07703.6415,W,1,07,1.1,0.7,M,-33.0,M,,0000*6D
$GPGSA,A,3,08,16,09,27,21,07,04,,,,,,2.4,1.1,2.1*34
$GPGSV,3,1,12,08,84,066,26,09,51,263,18,27,45,041,22,04,44,194,26*76
$GPGSV,3,2,12,07,33,322,26,21,25,150,23,16,23,051,30,02,18,163,*74
$GPGSV,3,3,12,30,05,311,15,31,04,121,,14,02,264,,26,02,073,*7A
$GPRMC,135445.000,A,2632.1915,N,07703.6415,W,39.08,199.05,280324,,,A*4B
$GPVTG,199.05,T,,M,39.08,N,72.4,K,A*0A
$GPGGA,135450.000,2632.1395,N,07703.6607,W,1,07,1.1,1.6,M,-33.0,M,,0000*6A
$GPGSA,A,3,08,16,09,27,21,07,04,,,,,,2.4,1.1,2.1*34
$GPGSV,3,1,12,08,84,066,26,09,51,263,19,27,45,041,22,04,44,194,21*70
$GPGSV,3,2,12,07,33,322,25,21,25,150,24,16,23,051,30,02,18,163,*70
$GPGSV,3,3,12,30,05,311,15,31,04,121,,14,02,264,,26,02,073,*7A
$GPVTG,197.30,T,,M,38.28,N,70.9,K,A*0E
$GPGGA,135455.000,2632.0918,N,07703.6793,W,1,07,1.1,-3.0,M,-33.0,M,,0000*44
$GPGSA,A,3,08,16,09,27,21,07,04,,,,,,2.4,1.1,2.1*34
$GPGSV,3,1,12,08,84,066,25,09,51,263,21,27,45,041,21,04,44,194,21*7B
$GPGSV,3,2,12,07,33,322,25,21,25,150,23,16,23,051,31,02,18,163,22*76
$GPGSV,3,3,12,30,05,311,,31,04,121,,14,02,264,,26,02,073,*7E
$GPRMC,135455.000,A,2632.0918,N,07703.6793,W,32.73,198.43,280324,,,A*4F
$GPVTG,198.43,T,,M,32.73,N,60.6,K,A*0F
$GPGGA,135500.000,2632.0562,N,07703.6926,W,1,07,1.1,-4.2,M,-33.0,M,,0000*41
$GPGSA,A,3,08,16,09,27,21,07,04,,,,,,2.4,1.1,2.1*34
$GPGSV,3,1,12,08,84,066,25,09,51,263,21,27,45,041,15,04,44,194,22*7F
$GPGSV,3,2,12,07,33,322,24,21,25,150,20,16,23,051,30,02,18,163,21*76
$GPGSV,3,3,12,30,05,311,,31,04,121,,14,02,264,,26,02,073,*7E
$GPRMC,135500.000,A,2632.0562,N,07703.6926,W,25.88,199.37,280324,,,A*4F
$GPVTG,199.37,T,,M,25.88,N,47.9,K,A*05
$GPGGA,135505.000,2632.0251,N,07703.7043,W,1,07,1.1,-4.6,M,-33.0,M,,0000*4C
$GPGSA,A,3,08,16,09,27,21,07,04,,,,,,2.4,1.1,2.1*34
$GPGSV,3,1,12,08,84,066,25,09,51,263,22,27,45,041,16,04,44,194,23*7E
$GPGSV,3,2,12,07,33,322,24,21,25,150,20,16,23,051,31,02,18,163,21*77
$GPGSV,3,3,12,30,05,311,23,31,04,121,,14,02,264,,26,02,073,*7F
$GPRMC,135505.000,A,2632.0251,N,07703.7043,W,22.12,199.55,280324,,,A*46
$GPVTG,199.55,T,,M,22.12,N,41.0,K,A*0A
$GPGGA,135510.000,2631.9957,N,07703.7140,W,1,07,1.1,-7.2,M,-33.0,M,,0000*4A
$GPGSA,A,3,08,16,09,27,21,07,04,,,,,,2.4,1.1,2.1*34
$GPGSV,3,1,12,08,84,066,25,09,51,263,22,27,45,041,18,04,44,194,22*71
$GPGSV,3,2,12,07,33,322,20,21,25,150,21,16,23,051,31,02,18,163,22*71
$GPGSV,3,3,12,30,05,311,19,31,04,121,,14,02,264,,26,02,073,*76
$GPRMC,135510.000,A,2631.9957,N,07703.7140,W,20.81,196.73,280324,,,A*44
$GPVTG,196.73,T,,M,20.81,N,38.5,K,A*02
$GPGGA,135515.000,2631.9740,N,07703.7210,W,1,07,1.1,-2.0,M,-33.0,M,,0000*46
$GPGSA,A,3,08,16,09,27,21,07,04,,,,,,2.4,1.1,2.1*34
$GPGSV,3,1,12,08,84,064,24,09,51,262,22,27,45,041,19,04,44,194,21*71
$GPGSV,3,2,12,07,34,322,21,21,25,149,22,16,23,051,31,02,18,163,23*7D
$GPGSV,3,3,12,30,05,311,22,31,04,121,,14,02,264,,26,02,073,*7E
$GPRMC,135515.000,A,2631.9740,N,07703.7210,W,12.36,195.86,280324,,,A*4B
$GPVTG,195.86,T,,M,12.36,N,22.9,K,A*01
$GPGGA,135520.000,2631.9556,N,07703.7275,W,1,07,1.1,-2.8,M,-33.0,M,,0000*4E
$GPGSA,A,3,08,16,09,27,21,07,04,,,,,,2.4,1.1,2.1*34
$GPGSV,3,1,12,08,84,064,24,09,51,262,22,27,45,041,21,04,44,194,23*78
$GPGSV,3,2,12,07,34,322,26,21,25,149,22,16,23,051,31,02,18,163,22*7B
$GPGSV,3,3,12,30,05,311,12,31,04,121,,14,02,264,,26,02,073,*7D
$GPVTG,199.52,T,,M,19.75,N,36.6,K,A*02
$GPGGA,135525.000,2631.9184,N,07703.7417,W,1,07,1.1,-3.0,M,-33.0,M,,0000*4B
$GPGSA,A,3,08,16,09,27,21,07,04,,,,,,2.4,1.1,2.1*34
$GPGSV,3,1,12,08,84,064,25,09,51,262,21,27,45,041,14,04,44,194,27*78
$GPGSV,3,2,12,07,34,322,25,21,25,149,22,16,23,051,31,02,18,163,21*7B
$GPGSV,3,3,12,30,05,311,13,31,04,121,,14,02,264,,26,02,073,*7C
$GPRMC,135525.000,A,2631.9184,N,07703.7417,W,32.60,200.56,280324,,,A*44
$GPVTG,200.56,T,,M,32.60,N,60.4,K,A*09
$GPGGA,135530.000,2631.8727,N,07703.7600,W,1,07,1.1,1.7,M,-33.0,M,,0000*6D
$GPGSA,A,3,08,16,09,27,21,07,04,,,,,,2.4,1.1,2.1*34
$GPGSV,3,1,12,08,84,064,25,09,51,262,20,27,45,041,17,04,44,194,27*7A
$GPGSV,3,2,12,07,34,322,12,21,25,149,18,16,23,051,30,02,18,163,20*76
$GPGSV,3,3,12,30,05,311,13,31,04,121,16,14,02,264,,26,02,073,*7B
$GPRMC,135530.000,A,2631.8727,N,07703.7600,W,34.86,198.90,280324,,,A*4C
$GPVTG,198.90,T,,M,34.86,N,64.6,K,A*09
$GPGGA,135535.000,2631.8292,N,07703.7784,W,1,06,1.6,-4.3,M,-33.0,M,,0000*44
$GPGSA,A,3,08,16,09,27,21,04,,,,,,,3.1,1.6,2.7*36
$GPGSV,3,1,12,08,84,064,24,09,51,262,20,27,45,041,18,04,44,194,26*75
$GPGSV,3,2,12,07,34,322,,21,25,149,19,16,23,051,30,02,18,163,*76
$GPGSV,3,3,12,30,05,311,,31,04,121,16,14,02,264,,26,02,073,*79
$GPRMC,135535.000,A,2631.8292,N,07703.7784,W,30.66,198.90,280324,,,A*45
$GPVTG,198.90,T,,M,30.66,N,56.8,K,A*0C
$GPGGA,135540.000,2631.7902,N,07703.7933,W,1,07,1.1,-7.0,M,-33.0,M,,0000*4F
$GPGSA,A,3,08,16,09,27,21,07,04,,,,,,2.4,1.1,2.1*34
$GPGSV,3,1,12,08,84,064,24,09,51,262,20,27,45,041,18,04,44,194,25*76
$GPGSV,3,2,12,07,34,322,18,21,25,149,20,16,23,051,30,02,18,163,*75
$GPGSV,3,3,12,30,05,311,,31,04,121,14,14,02,264,,26,02,073,*7B
$GPRMC,135540.000,A,2631.7902,N,07703.7933,W,28.53,197.73,280324,,,A*45
$GPVTG,197.73,T,,M,28.53,N,52.8,K,A*05
$GPGGA,135545.000,2631.7547,N,07703.8085,W,1,07,1.1,-9.2,M,-33.0,M,,0000*40
$GPGSA,A,3,08,16,09,27,21,07,04,,,,,,2.4,1.1,2.2*37
$GPGSV,3,1,12,08,84,064,25,09,51,262,20,27,45,041,19,04,44,194,25*76
$GPGSV,3,2,12,07,34,322,27,21,25,149,19,16,23,051,28,02,18,163,*7A
$GPGSV,3,3,12,30,05,311,,31,04,121,,14,02,264,,26,02,073,*7E
$GPRMC,135545.000,A,2631.7547,N,07703.8085,W,26.95,199.72,280324,,,A*4D
$GPVTG,199.72,T,,M,26.95,N,49.9,K,A*05
$GPGGA,135550.000,2631.7197,N,07703.8200,W,1,07,1.1,-6.5,M,-33.0,M,,0000*4A
$GPGSA,A,3,08,16,09,27,21,07,04,,,,,,2.4,1.1,2.2*37
$GPGSV,3,1,12,08,84,064,29,09,51,262,20,27,45,041,18,04,44,194,26*78
$GPGSV,3,2,12,07,34,322,28,21,25,149,20,16,23,051,29,02,18,163,*7E
$GPGSV,3,3,12,30,05,311,,31,04,121,,14,02,264,20,26,02,073,*7C
$GPRMC,135550.000,A,2631.7197,N,07703.8200,W,25.90,198.89,280324,,,A*4C
$GPVTG,198.89,T,,M,25.90,N,48.0,K,A*0E
$GPGGA,135555.000,2631.6855,N,07703.8314,W,1,07,1.1,-7.1,M,-33.0,M,,0000*48
$GPGSA,A,3,08,16,09,27,21,07,04,,,,,,2.4,1.1,2.2*37
$GPGSV,3,1,12,08,84,064,29,09,51,262,20,27,45,041,18,04,44,194,26*78
$GPGSV,3,2,12,07,34,322,28,21,25,149,20,16,23,051,30,02,18,163,21*75
$GPGSV,3,3,12,30,05,311,,31,04,121,,14,02,264,22,26,02,073,*7E
$GPVTG,198.65,T,,M,24.64,N,45.6,K,A*0D
$GPGGA,135600.000,2631.6533,N,07703.8438,W,1,07,1.1,-7.7,M,-33.0,M,,0000*49
$GPGSA,A,3,08,16,09,27,21,07,04,,,,,,2.4,1.1,2.2*37
$GPGSV,3,1,12,08,84,064,25,09,51,262,20,27,45,041,18,04,44,194,25*77
$GPGSV,3,2,12,07,34,322,27,21,25,149,20,16,23,051,30,02,18,163,22*79
$GPGSV,3,3,12,30,05,311,,31,04,121,,14,02,264,23,26,02,073,*7F
$GPRMC,135600.000,A,2631.6533,N,07703.8438,W,24.94,198.28,280324,,,A*42
$GPVTG,198.28,T,,M,24.94,N,46.2,K,A*0C
$GPGGA,135605.000,2631.6212,N,07703.8554,W,1,07,1.1,-5.9,M,-33.0,M,,0000*4F
$GPGSA,A,3,08,16,09,27,21,07,04,,,,,,2.4,1.1,2.2*37
$GPGSV,3,1,12,08,84,064,24,09,51,262,20,27,45,041,18,04,44,194,24*77
$GPGSV,3,2,12,07,34,322,25,21,25,149,20,16,23,051,32,02,18,163,*79
$GPGSV,3,3,12,30,05,311,19,31,04,121,,14,02,264,18,26,02,073,*7F
$GPRMC,135605.000,A,2631.6212,N,07703.8554,W,25.24,198.63,280324,,,A*4D
$GPVTG,198.63,T,,M,25.24,N,46.8,K,A*03
$GPGGA,135610.000,2631.5884,N,07703.8671,W,1,07,1.1,-3.9,M,-33.0,M,,0000*4F
$GPGSA,A,3,08,16,09,27,21,07,04,,,,,,2.4,1.1,2.2*37
$GPGSV,3,1,12,08,84,064,27,09,51,262,20,27,45,041,18,04,44,194,25*75
$GPGSV,3,2,12,07,34,322,25,21,25,149,20,16,23,051,32,02,18,163,25*7E
$GPGSV,3,3,12,30,05,311,18,31,04,121,,14,02,264,20,26,02,073,*75
$GPRMC,135610.000,A,2631.5884,N,07703.8671,W,25.16,197.58,280324,,,A*4D
$GPVTG,197.58,T,,M,25.16,N,46.6,K,A*0B
$GPGGA,135615.000,2631.5528,N,07703.8818,W,1,06,1.2,-5.1,M,-33.0,M,,0000*4C
$GPGSA,A,3,08,16,27,21,07,04,,,,,,,2.5,1.2,2.2*3C
$GPGSV,3,1,12,08,84,060,29,09,51,261,11,27,44,041,18,04,43,194,29*74
$GPGSV,3,2,12,07,34,322,25,21,25,149,22,16,23,051,26,02,18,163,20*7C
$GPGSV,3,3,12,30,05,311,18,31,04,121,,14,03,265,19,26,01,073,*7C
$GPRMC,135615.000,A,2631.5528,N,07703.8818,W,26.79,205.15,280324,,,A*49
$GPVTG,205.15,T,,M,26.79,N,49.6,K,A*0F
$GPGGA,135620.000,2631.5216,N,07703.9057,W,1,07,1.1,-2.6,M,-33.0,M,,0000*40
$GPGSA,A,3,08,16,09,27,21,07,04,,,,,,2.4,1.1,2.2*37
$GPGSV,3,1,12,08,84,060,22,09,51,261,28,27,44,041,17,04,43,194,29*7A
$GPGSV,3,2,12,07,34,322,24,21,25,149,29,16,23,051,14,02,18,163,22*75
$GPGSV,3,3,12,30,05,311,17,31,04,121,,14,03,265,19,26,01,073,*73
$GPRMC,135620.000,A,2631.5216,N,07703.9057,W,30.61,216.63,280324,,,A*4A
$GPVTG,216.63,T,,M,30.61,N,56.7,K,A*0D
$GPGGA,135625.000,2631.4780,N,07703.9372,W,1,07,1.1,1.2,M,-33.0,M,,0000*60
$GPGSA,A,3,08,16,09,27,21,07,04,,,,,,2.4,1.1,2.2*37
$GPGSV,3,1,12,08,84,060,22,09,51,261,16,27,44,041,23,04,43,194,30*78
$GPGSV,3,2,12,07,34,322,24,21,25,149,24,16,23,051,14,02,18,163,21*7B
$GPGSV,3,3,12,30,05,311,,31,04,121,,14,03,265,17,26,01,073,*7B
$GPRMC,135625.000,A,2631.4780,N,07703.9372,W,40.16,210.93,280324,,,A*4E
$GPVTG,210.93,T,,M,40.16,N,74.4,K,A*00
$GPGGA,135630.000,2631.4272,N,07703.9742,W,1,05,1.8,-0.6,M,-33.0,M,,0000*48
$GPGSA,A,3,08,09,21,07,04,,,,,,,,3.0,1.8,2.4*3F
$GPGSV,3,1,12,08,84,060,23,09,51,261,21,27,44,041,,04,43,194,30*7C
$GPGSV,3,2,12,07,34,322,25,21,25,149,14,16,23,051,13,02,18,163,20*7F
$GPGSV,3,3,12,30,05,311,,31,04,121,,14,03,265,16,26,01,073,*7A
$GPVTG,213.52,T,,M,40.93,N,75.8,K,A*0E
$GPGGA,135635.000,2631.3821,N,07704.0075,W,1,06,1.2,-0.4,M,-33.0,M,,0000*40
$GPGSA,A,3,08,16,09,21,07,04,,,,,,,2.6,1.2,2.3*32
$GPGSV,3,1,12,08,84,060,22,09,51,261,21,27,44,041,,04,43,194,29*75
$GPGSV,3,2,12,07,34,322,26,21,25,149,15,16,23,051,14,02,18,163,*78
$GPGSV,3,3,12,30,05,311,,31,04,121,,14,03,265,,26,01,073,*7D
$GPRMC,135635.000,A,2631.3821,N,07704.0075,W,36.37,213.15,280324,,,A*49
$GPVTG,213.15,T,,M,36.37,N,67.4,K,A*0D
$GPGGA,135640.000,2631.3416,N,07704.0382,W,1,06,1.2,-3.4,M,-33.0,M,,0000*42
$GPGSA,A,3,08,16,09,21,07,04,,,,,,,2.6,1.2,2.3*32
$GPGSV,3,1,12,08,84,060,21,09,51,261,22,27,44,041,,04,43,194,29*75
$GPGSV,3,2,12,07,34,322,27,21,25,149,17,16,23,051,17,02,18,163,*78
$GPGSV,3,3,12,30,05,311,,31,04,121,,14,03,265,,26,01,073,*7D
$GPRMC,135640.000,A,2631.3416,N,07704.0382,W,33.22,215.30,280324,,,A*48
$GPVTG,215.30,T,,M,33.22,N,61.5,K,A*0A
$GPGGA,135645.000,2631.3060,N,07704.0614,W,1,06,1.2,-0.2,M,-33.0,M,,0000*4D
$GPGSA,A,3,08,16,09,21,07,04,,,,,,,2.6,1.2,2.3*32
$GPGSV,3,1,12,08,84,060,21,09,51,261,22,27,44,041,,04,43,194,29*75
$GPGSV,3,2,12,07,34,322,27,21,25,149,17,16,23,051,17,02,18,163,19*70
$GPGSV,3,3,12,30,05,311,,31,04,121,,14,03,265,,26,01,073,*7D
$GPRMC,135645.000,A,2631.3060,N,07704.0614,W,30.53,209.76,280324,,,A*48
$GPVTG,209.76,T,,M,30.53,N,56.5,K,A*04
$GPGGA,135650.000,2631.2703,N,07704.0860,W,1,05,1.8,9.2,M,-33.0,M,,0000*6A
$GPGSA,A,3,08,09,21,07,04,,,,,,,,3.0,1.8,2.4*3F
$GPGSV,3,1,12,08,84,060,21,09,51,261,21,27,44,041,,04,43,194,29*76
$GPGSV,3,2,12,07,34,322,27,21,25,149,18,16,23,051,,02,18,163,*71
$GPGSV,3,3,12,30,05,311,,31,04,121,,14,03,265,,26,01,073,*7D
$GPRMC,135650.000,A,2631.2703,N,07704.0860,W,29.20,210.39,280324,,,A*4D
$GPVTG,210.39,T,,M,29.20,N,54.1,K,A*0D
$GPGGA,135655.000,2631.2347,N,07704.1132,W,1,04,2.7,9.9,M,-33.0,M,,0000*62
$GPGSA,A,3,08,09,07,04,,,,,,,,,5.1,2.7,4.3*36
$GPGSV,3,1,12,08,84,060,21,09,51,261,21,27,44,041,,04,43,194,29*76
$GPGSV,3,2,12,07,34,322,26,21,25,149,18,16,23,051,,02,18,163,17*76
$GPGSV,3,3,12,30,05,311,,31,04,121,,14,03,265,,26,01,073,*7D
$GPRMC,135655.000,A,2631.2347,N,07704.1132,W,32.12,214.06,280324,,,A*40
$GPVTG,214.06,T,,M,32.12,N,59.5,K,A*07
$GPGGA,135700.000,2631.1948,N,07704.1390,W,1,05,1.8,9.1,M,-33.0,M,,0000*6A
$GPGSA,A,3,08,09,21,07,04,,,,,,,,3.0,1.8,2.4*3F
$GPGSV,3,1,12,08,84,060,21,09,51,261,23,27,44,041,,04,43,194,29*74
$GPGSV,3,2,12,07,34,322,17,21,25,149,25,16,23,051,,02,18,163,*7C
$GPGSV,3,3,12,30,05,311,,31,04,121,,14,03,265,,26,01,073,*7D
$GPRMC,135700.000,A,2631.1948,N,07704.1390,W,32.61,210.86,280324,,,A*45
$GPGGA,135705.000,2631.1568,N,07704.1615,W,1,06,1.2,4.4,M,-33.0,M,,0000*68
$GPGSA,A,3,08,09,16,21,07,04,,,,,,,2.6,1.2,2.3*32
$GPGSV,3,1,12,08,84,060,25,09,51,261,22,27,44,041,,04,43,194,29*71
$GPGSV,3,2,12,07,34,322,26,21,25,149,18,16,23,051,28,02,18,163,*7A
$GPGSV,3,3,12,30,05,311,,31,04,121,,14,03,265,,26,01,073,*7D
$GPRMC,135705.000,A,2631.1568,N,07704.1615,W,30.11,200.53,280324,,,A*4A
$GPVTG,200.53,T,,M,30.11,N,55.8,K,A*02
$GPGGA,135710.000,2631.1237,N,07704.1758,W,1,06,1.2,-3.1,M,-33.0,M,,0000*46
$GPGSA,A,3,08,09,16,21,07,04,,,,,,,2.6,1.2,2.3*32
$GPGSV,3,1,12,08,84,060,19,09,51,261,22,27,44,041,,04,43,194,28*7F
$GPGSV,3,2,12,07,34,322,30,21,25,149,20,16,23,051,28,02,18,163,22*76
$GPGSV,3,3,12,30,05,311,,31,04,121,,14,03,265,20,26,01,073,*7F
$GPRMC,135710.000,A,2631.1237,N,07704.1758,W,25.51,200.41,280324,,,A*48
$GPVTG,200.41,T,,M,25.51,N,47.2,K,A*08
$GPGGA,135715.000,2631.0823,N,07704.1932,W,1,06,1.2,-1.9,M,-33.0,M,,0000*45
$GPGSA,A,3,08,09,16,21,07,04,,,,,,,2.6,1.2,2.3*32
$GPGSV,3,1,12,08,84,060,23,09,51,261,21,27,44,041,,04,43,194,15*7B
$GPGSV,3,2,12,07,34,322,25,21,25,149,19,16,23,051,29,02,18,163,21*7A
$GPGSV,3,3,12,30,05,311,,31,04,121,,14,03,265,14,26,01,073,*78
$GPRMC,135715.000,A,2631.0823,N,07704.1932,W,36.66,196.68,280324,,,A*40
$GPVTG,196.68,T,,M,36.66,N,67.9,K,A*00
$GPGGA,135720.000,2631.0276,N,07704.2130,W,1,06,1.2,2.0,M,-33.0,M,,0000*67
$GPGSA,A,3,08,09,16,21,07,04,,,,,,,2.6,1.2,2.3*32
$GPGSV,3,1,12,08,84,060,23,09,51,261,20,27,44,041,,04,43,194,26*7A
$GPGSV,3,2,12,07,34,322,24,21,25,149,18,16,23,051,29,02,18,163,16*7E
$GPGSV,3,3,12,30,05,311,,31,04,121,,14,03,265,15,26,01,073,*79
$GPRMC,135720.000,A,2631.0276,N,07704.2130,W,40.96,200.26,280324,,,A*4D
$GPVTG,200.26,T,,M,40.96,N,75.9,K,A*0B
$GPGGA,135725.000,2630.9788,N,07704.2320,W,1,06,1.2,4.9,M,-33.0,M,,0000*62
$GPGSA,A,3,08,09,16,21,07,04,,,,,,,2.6,1.2,2.3*32
$GPGSV,3,1,12,08,84,060,21,09,51,261,20,27,44,041,,04,43,194,25*7B
$GPGSV,3,2,12,07,34,322,24,21,25,149,17,16,23,051,30,02,18,163,18*77
$GPGSV,3,3,12,30,05,311,,31,04,121,,14,03,265,16,26,01,073,*7A
$GPRMC,135725.000,A,2630.9788,N,07704.2320,W,34.53,197.93,280324,,,A*4E
$GPVTG,197.93,T,,M,34.53,N,63.9,K,A*05
$GPGGA,135730.000,2630.9367,N,07704.2481,W,1,05,1.5,2.2,M,-33.0,M,,0000*66
$GPGSA,A,3,08,09,16,07,04,,,,,,,,3.0,1.5,2.7*35
$GPGSV,3,1,12,08,84,060,23,09,51,261,20,27,44,041,,04,43,194,25*79
$GPGSV,3,2,12,07,34,322,24,21,25,149,,16,23,051,30,02,18,163,24*7E
$GPGSV,3,3,12,30,05,311,,31,04,121,,14,03,265,23,26,01,073,*7C
$GPVTG,197.70,T,,M,28.38,N,52.6,K,A*05
$GPGGA,135735.000,2630.9116,N,07704.2594,W,1,06,1.2,3.6,M,-33.0,M,,0000*63
$GPGSA,A,3,08,21,09,16,07,04,,,,,,,2.6,1.2,2.3*32
$GPGSV,3,1,12,08,84,060,24,09,51,261,19,27,44,041,,04,43,194,24*75
$GPGSV,3,2,12,07,34,322,27,21,25,149,21,16,23,051,30,02,18,163,16*7F
$GPGSV,3,3,12,30,05,311,,31,04,121,,14,03,265,07,26,01,073,*7A
$GPRMC,135735.000,A,2630.9116,N,07704.2594,W,16.79,199.66,280324,,,A*4B
$GPVTG,199.66,T,,M,16.79,N,31.1,K,A*06
$GPGGA,135740.000,2630.8812,N,07704.2724,W,1,06,1.2,1.0,M,-33.0,M,,0000*60
$GPGSA,A,3,08,21,09,16,07,04,,,,,,,2.6,1.2,2.3*32
$GPGSV,3,1,12,08,84,060,25,09,51,261,19,27,44,041,,04,43,194,26*76
$GPGSV,3,2,12,07,34,322,26,21,25,149,18,16,23,051,30,02,18,163,17*75
$GPGSV,3,3,12,30,05,311,,31,04,121,,14,03,265,15,26,01,073,*79
$GPRMC,135740.000,A,2630.8812,N,07704.2724,W,29.03,201.36,280324,,,A*4A
$GPVTG,201.36,T,,M,29.03,N,53.8,K,A*0D
$GPGGA,135745.000,2630.8385,N,07704.2874,W,1,06,1.2,0.4,M,-33.0,M,,0000*6F
$GPGSA,A,3,08,21,09,16,07,04,,,,,,,2.6,1.2,2.3*32
$GPGSV,3,1,12,08,84,060,25,09,51,261,19,27,44,041,,04,43,194,26*76
$GPGSV,3,2,12,07,34,322,27,21,25,149,18,16,23,051,30,02,18,163,17*74
$GPGSV,3,3,12,30,05,311,,31,04,121,,14,03,265,23,26,01,073,*7C
$GPRMC,135745.000,A,2630.8385,N,07704.2874,W,29.99,196.60,280324,,,A*4D
$GPVTG,196.60,T,,M,29.99,N,55.5,K,A*0B
$GPGGA,135750.000,2630.8079,N,07704.2924,W,1,07,1.1,2.4,M,-33.0,M,,0000*6F
$GPGSA,A,3,08,21,09,16,27,07,04,,,,,,2.5,1.1,2.2*36
$GPGSV,3,1,12,08,84,060,28,09,51,261,23,27,44,041,33,04,43,194,31*74
$GPGSV,3,2,12,07,34,322,19,21,25,149,25,16,23,051,18,02,18,163,19*73
$GPGSV,3,3,12,30,05,311,18,31,04,121,,14,03,265,,26,01,073,*74
$GPRMC,135750.000,A,2630.8079,N,07704.2924,W,20.17,177.66,280324,,,A*4B
$GPVTG,177.66,T,,M,20.17,N,37.4,K,A*08
$GPGGA,135755.000,2630.7797,N,07704.2889,W,1,07,1.1,2.6,M,-33.0,M,,0000*66
$GPGSA,A,3,08,21,09,16,27,07,04,,,,,,2.5,1.1,2.2*36
$GPGSV,3,1,12,08,84,060,20,09,51,261,20,27,44,041,17,04,43,194,24*7D
$GPGSV,3,2,12,07,34,322,19,21,25,149,23,16,23,051,29,02,18,163,19*77
$GPGSV,3,3,12,30,05,311,16,31,04,121,19,14,03,265,,26,01,073,*72
$GPRMC,135755.000,A,2630.7797,N,07704.2889,W,22.61,185.07,280324,,,A*49
$GPVTG,185.07,T,,M,22.61,N,41.9,K,A*0D
$GPGGA,135800.000,2630.7718,N,07704.3210,W,1,07,1.1,1.6,M,-33.0,M,,0000*66
$GPGSA,A,3,08,21,09,16,27,07,04,,,,,,2.5,1.1,2.2*36
$GPGSV,3,1,12,08,84,060,23,09,51,261,28,27,44,041,19,04,43,194,23*7F
$GPGSV,3,2,12,07,34,322,27,21,25,149,31,16,23,051,18,02,18,163,26*77
$GPRMC,135800.000,A,2630.7718,N,07704.3210,W,20.60,265.27,280324,,,A*46
$GPVTG,265.27,T,,M,20.60,N,38.1,K,A*07
$GPGGA,135805.000,2630.7756,N,07704.3677,W,1,07,1.1,4.1,M,-33.0,M,,0000*6E
$GPGSA,A,3,08,21,09,16,27,07,04,,,,,,2.5,1.1,2.2*36
$GPGSV,3,1,12,08,84,060,23,09,51,261,29,27,44,041,20,04,43,194,20*77
$GPGSV,3,2,12,07,34,322,13,21,25,149,19,16,23,051,19,02,18,163,14*7A
$GPGSV,3,3,12,30,05,311,16,31,04,121,20,14,03,265,19,26,01,073,*70
$GPRMC,135805.000,A,2630.7756,N,07704.3677,W,34.06,269.70,280324,,,A*47
$GPGGA,135810.000,2630.7742,N,07704.4325,W,1,06,1.2,-1.7,M,-33.0,M,,0000*46
$GPGSA,A,3,08,21,09,16,07,04,,,,,,,2.6,1.2,2.3*32
$GPGSV,3,1,12,08,84,060,22,09,51,261,29,27,44,041,,04,43,194,24*70
$GPGSV,3,2,12,07,34,322,17,21,25,149,18,16,23,051,19,02,18,163,*7A
$GPGSV,3,3,12,30,05,311,15,31,04,121,19,14,03,265,18,26,01,073,*78
$GPRMC,135810.000,A,2630.7742,N,07704.4325,W,44.41,268.27,280324,,,A*44
$GPVTG,268.27,T,,M,44.41,N,82.2,K,A*09
$GPGGA,135815.000,2630.7731,N,07704.5054,W,1,06,1.2,-5.9,M,-33.0,M,,0000*49
$GPGSA,A,3,08,21,09,16,07,04,,,,,,,2.6,1.2,2.3*32
$GPGSV,3,1,12,08,84,060,22,09,51,261,22,27,44,041,,04,43,194,23*7C
$GPGSV,3,2,12,07,34,322,17,21,25,149,19,16,23,051,18,02,18,163,*7A
$GPGSV,3,3,12,30,05,311,16,31,04,121,12,14,03,265,16,26,01,073,*7E
$GPRMC,135815.000,A,2630.7731,N,07704.5054,W,45.85,268.51,280324,,,A*49
$GPVTG,268.51,T,,M,45.85,N,84.9,K,A*0C
$GPGGA,135820.000,2630.7749,N,07704.5614,W,1,06,1.2,-3.7,M,-33.0,M,,0000*4A
$GPGSA,A,3,08,21,09,16,07,04,,,,,,,2.6,1.2,2.3*32
$GPGSV,3,1,12,08,84,060,26,09,51,261,30,27,44,041,,04,43,194,23*7B
$GPGSV,3,2,12,07,34,322,28,21,25,149,31,16,23,051,22,02,18,163,28*7F
$GPGSV,3,3,12,30,05,311,17,31,04,121,,14,03,265,,26,01,073,*7B
$GPRMC,135820.000,A,2630.7749,N,07704.5614,W,31.52,277.14,280324,,,A*44
$GPVTG,277.14,T,,M,31.52,N,58.4,K,A*06
$GPGGA,135825.000,2630.7944,N,07704.5980,W,1,07,1.1,-4.3,M,-33.0,M,,0000*4F
$GPGSA,A,3,08,21,09,16,27,07,04,,,,,,2.5,1.1,2.2*36
$GPGSV,3,1,12,08,84,060,17,09,51,261,19,27,44,041,23,04,43,194,32*73
$GPGSV,3,2,12,07,34,322,28,21,25,149,13,16,23,051,22,02,18,163,27*70
$GPGSV,3,3,12,30,05,311,15,31,04,121,,14,03,265,,26,01,073,*79
$GPRMC,135825.000,A,2630.7944,N,07704.5980,W,26.04,302.89,280324,,,A*42
$GPVTG,302.89,T,,M,26.04,N,48.2,K,A*03
$GPGGA,135830.000,2630.8173,N,07704.6111,W,1,07,1.1,0.8,M,-33.0,M,,0000*69
$GPGSA,A,3,08,21,09,16,27,07,04,,,,,,2.5,1.1,2.2*36
$GPGSV,3,1,12,08,84,060,18,09,51,261,23,27,44,041,22,04,43,194,19*7D
$GPGSV,3,2,12,07,34,322,28,21,25,149,18,16,23,051,22,02,18,163,20*7C
$GPGSV,3,3,12,30,05,311,19,31,04,121,,14,03,265,,26,01,073,*75
$GPRMC,135830.000,A,2630.8173,N,07704.6111,W,17.15,346.23,280324,,,A*44
$GPVTG,346.23,T,,M,17.15,N,31.8,K,A*05
$GPGGA,135835.000,2630.8294,N,07704.6256,W,1,07,1.1,4.6,M,-33.0,M,,0000*6C
$GPGSA,A,3,08,21,09,16,27,07,04,,,,,,2.5,1.1,2.2*36
$GPGSV,3,1,12,08,84,060,19,09,51,261,30,27,44,041,22,04,43,194,23*77
$GPGSV,3,2,12,07,34,322,26,21,25,149,16,16,23,051,21,02,18,163,18*74
$GPGSV,3,3,12,30,05,311,18,31,04,121,16,14,03,265,,26,01,073,*73
$GPVTG,286.47,T,,M,15.98,N,29.6,K,A*0A
$GPGGA,135840.000,2630.8279,N,07704.6632,W,1,07,1.1,2.7,M,-33.0,M,,0000*6C
$GPGSA,A,3,08,21,09,16,27,07,04,,,,,,2.5,1.1,2.2*36
$GPGSV,3,1,12,08,84,060,23,09,51,261,26,27,44,041,18,04,43,194,24*77
$GPGSV,3,2,12,07,34,322,23,21,25,149,18,16,23,051,20,02,18,163,21*74
$GPGSV,3,3,12,30,05,311,18,31,04,121,24,14,03,265,,26,01,073,*72
$GPRMC,135840.000,A,2630.8279,N,07704.6632,W,18.74,268.27,280324,,,A*4D
$GPVTG,268.27,T,,M,18.74,N,34.7,K,A*0E
$GPGGA,135845.000,2630.8291,N,07704.6841,W,1,07,1.1,7.9,M,-33.0,M,,0000*6E
$GPGSA,A,3,08,21,09,16,27,07,04,,,,,,2.5,1.1,2.2*36
$GPGSV,3,1,12,08,84,060,23,09,51,261,28,27,44,041,20,04,43,194,24*72
$GPGSV,3,2,12,07,34,322,19,21,25,149,19,16,23,051,18,02,18,163,09*7D
$GPGSV,3,3,12,30,05,311,17,31,04,121,14,14,03,265,,26,01,073,*7E
$GPRMC,135845.000,A,2630.8291,N,07704.6841,W,12.41,270.59,280324,,,A*48
$GPVTG,270.59,T,,M,12.41,N,23.0,K,A*03
$GPGGA,135850.000,2630.8270,N,07704.7038,W,1,05,2.5,4.6,M,-33.0,M,,0000*6B
$GPGSA,A,3,08,09,16,27,07,,,,,,,,4.1,2.5,3.3*34
$GPGSV,3,1,12,08,84,060,25,09,51,261,22,27,44,041,14,04,43,194,*7F
$GPGSV,3,2,12,07,34,322,24,21,25,149,09,16,23,051,17,02,18,163,*74
$GPGSV,3,3,12,30,05,311,18,31,04,121,12,14,03,265,19,26,01,073,*7F
$GPRMC,135850.000,A,2630.8270,N,07704.7038,W,12.80,263.31,280324,,,A*45
$GPVTG,263.31,T,,M,12.80,N,23.7,K,A*05
$GPGGA,135855.000,2630.8257,N,07704.7000,W,1,05,2.5,15.6,M,-33.0,M,,0000*50
$GPGSA,A,3,08,09,16,27,07,,,,,,,,4.1,2.5,3.3*34
$GPGSV,3,1,12,08,84,060,23,09,51,261,29,27,44,041,24,04,43,194,*71
$GPGSV,3,2,12,07,34,322,29,21,25,149,,16,23,051,17,02,18,163,*70
$GPGSV,3,3,12,30,05,311,27,31,04,121,,14,03,265,24,26,01,073,*7E
$GPRMC,135855.000,A,2630.8257,N,07704.7000,W,0.81,110.87,280324,,,A*76
$GPVTG,110.87,T,,M,0.81,N,1.5,K,A*0F
$GPGGA,135900.000,2630.8244,N,07704.6970,W,1,05,2.5,5.9,M,-33.0,M,,0000*62
$GPGSA,A,3,08,09,16,27,07,,,,,,,,4.1,2.5,3.3*34
$GPGSV,3,1,12,08,84,060,20,09,51,261,20,27,44,041,21,04,43,194,*7E
$GPGSV,3,2,12,07,34,322,34,21,25,149,,16,23,051,18,02,18,163,*73
$GPGSV,3,3,12,30,05,311,22,31,04,121,,14,03,265,29,26,01,073,*76
$GPRMC,135900.000,A,2630.8244,N,07704.6970,W,0.67,140.53,280324,,,A*7E
$GPVTG,140.53,T,,M,0.67,N,1.2,K,A*0C
$GPGGA,135905.000,2630.8231,N,07704.6956,W,1,04,2.5,-3.9,M,-33.0,M,,0000*4B
$GPGSA,A,3,09,16,27,07,,,,,,,,,5.7,2.5,5.1*3F
$GPGSV,3,1,12,08,84,060,17,09,51,261,26,27,44,041,20,04,43,194,*7D
$GPGSV,3,2,12,07,34,322,28,21,25,149,,16,23,051,22,02,18,163,*77
$GPGSV,3,3,12,30,05,311,25,31,04,121,,14,03,265,21,26,01,073,*79
$GPVTG,204.94,T,,M,0.47,N,0.9,K,A*0C
$GPGGA,135910.000,2630.8244,N,07704.6932,W,1,04,2.5,-2.9,M,-33.0,M,,0000*4E
$GPGSA,A,3,09,16,27,07,,,,,,,,,5.7,2.5,5.1*3F
$GPGSV,3,1,12,08,84,060,,09,51,261,27,27,44,041,21,04,43,194,*7B
$GPGSV,3,2,12,07,34,322,25,21,25,149,,16,23,051,21,02,18,163,*79
$GPGSV,3,3,12,30,05,311,26,31,04,121,20,14,03,265,16,26,01,073,*7C
$GPRMC,135910.000,A,2630.8244,N,07704.6932,W,0.17,277.25,280324,,,A*78
$GPVTG,277.25,T,,M,0.17,N,0.3,K,A*0D
$GPGGA,135915.000,2630.8258,N,07704.6926,W,1,04,2.5,-2.7,M,-33.0,M,,0000*4D
$GPGSA,A,3,09,16,27,07,,,,,,,,,5.7,2.5,5.1*3F
$GPGSV,3,1,12,08,82,051,,09,50,259,28,27,43,040,26,04,42,193,*7D
$GPGSV,3,2,12,07,35,322,32,21,27,148,,16,22,052,25,02,20,162,*71
$GPGSV,3,3,12,30,06,312,26,14,03,266,16,31,03,122,19,26,01,074,*76
$GPRMC,135915.000,A,2630.8258,N,07704.6926,W,0.37,221.46,280324,,,A*71
$GPVTG,221.46,T,,M,0.37,N,0.7,K,A*0D
$GPGGA,135920.000,2630.8258,N,07704.6937,W,1,03,39.9,-8.5,M,-33.0,M,,0000*70
$GPGSA,A,2,16,27,07,,,,,,,,,,39.9,39.9,1.0*37
$GPGSV,3,1,12,08,82,051,,09,50,259,23,27,43,040,15,04,42,193,*76
$GPGSV,3,2,12,07,35,322,33,21,27,148,,16,22,052,23,02,20,162,*76
$GPGSV,3,3,12,30,06,312,27,14,03,266,17,31,03,122,19,26,01,074,*76
$GPRMC,135920.000,A,2630.8258,N,07704.6937,W,0.15,242.04,280324,,,A*74
$GPVTG,242.04,T,,M,0.15,N,0.3,K,N*05
$GPGGA,135925.000,2630.8238,N,07704.6937,W,1,03,2.2,-7.1,M,-33.0,M,,0000*4B
$GPGSA,A,2,09,16,07,,,,,,,,,,2.5,2.2,1.0*3C
$GPGSV,3,1,12,08,82,051,,09,50,259,24,27,43,040,16,04,42,193,*72
$GPGSV,3,2,12,07,35,322,34,21,27,148,,16,22,052,25,02,20,162,*77
$GPGSV,3,3,12,30,06,312,24,14,03,266,16,31,03,122,18,26,01,074,*75
$GPRMC,135925.000,A,2630.8238,N,07704.6937,W,0.13,30.10,280324,,,A*43
$GPVTG,30.10,T,,M,0.13,N,0.2,K,A*3F
$GPGGA,135930.000,2630.8235,N,07704.6962,W,1,05,1.4,-15.6,M,-33.0,M,,0000*75
$GPGSA,A,3,21,09,16,27,07,,,,,,,,4.4,1.4,4.2*3E
$GPGSV,3,1,12,08,82,051,,09,50,259,25,27,43,040,25,04,42,193,*73
$GPGSV,3,2,12,07,35,322,32,21,27,148,18,16,22,052,25,02,20,162,*78
$GPGSV,3,3,12,30,06,312,32,14,03,266,24,31,03,122,18,26,01,074,*73
$GPRMC,135930.000,A,2630.8235,N,07704.6962,W,0.61,180.21,280324,,,A*77
$GPVTG,180.21,T,,M,0.61,N,1.1,K,A*00
$GPGGA,135935.000,2630.8247,N,07704.6967,W,1,05,2.4,-4.6,M,-33.0,M,,0000*43
$GPGSA,A,3,09,16,27,07,08,,,,,,,,4.0,2.4,3.2*35
$GPGSV,3,1,12,08,82,051,18,09,50,259,26,27,43,040,20,04,42,193,17*7A
$GPGSV,3,2,12,07,35,322,38,21,27,148,17,16,22,052,20,02,20,162,*78
$GPGSV,3,3,12,30,06,312,30,14,03,266,28,31,03,122,16,26,01,074,*73
$GPVTG,287.96,T,,M,1.53,N,2.8,K,A*02
$GPGGA,135940.000,2630.8229,N,07704.6994,W,1,05,2.4,-5.0,M,-33.0,M,,0000*42
$GPGSA,A,3,07,09,16,27,08,,,,,,,,4.0,2.4,3.2*35
$GPGSV,3,1,12,08,82,051,18,09,50,259,24,27,43,040,20,04,42,193,17*78
$GPGSV,3,2,12,07,35,322,28,21,27,148,,16,22,052,20,02,20,162,*7F
$GPGSV,3,3,12,30,06,312,,14,03,266,25,31,03,122,15,26,01,074,*7E
$GPRMC,135940.000,A,2630.8229,N,07704.6994,W,1.63,201.72,280324,,,A*7B
$GPVTG,201.72,T,,M,1.63,N,3.0,K,A*0C
$GPGGA,135945.000,2630.8232,N,07704.6971,W,1,05,2.4,-11.4,M,-33.0,M,,0000*77
$GPGSA,A,3,07,09,16,27,08,,,,,,,,4.0,2.4,3.2*35
$GPGSV,3,1,12,08,82,051,17,09,50,259,23,27,43,040,20,04,42,193,*76
$GPGSV,3,2,12,07,35,322,32,21,27,148,,16,22,052,29,02,20,162,*7D
$GPGSV,3,3,12,30,06,312,39,14,03,266,24,31,03,122,15,26,01,074,*75
$GPRMC,135945.000,A,2630.8232,N,07704.6971,W,1.85,39.69,280324,,,A*44
$GPVTG,39.69,T,,M,1.85,N,3.4,K,A*33
$GPGGA,135950.000,2630.8274,N,07704.6943,W,1,04,5.3,-15.7,M,-33.0,M,,0000*76
$GPGSA,A,3,07,16,27,08,,,,,,,,,7.6,5.3,5.5*38
$GPGSV,3,1,12,08,82,051,16,09,50,259,11,27,43,040,22,04,42,193,*74
$GPGSV,3,2,12,07,35,322,23,21,27,148,16,16,22,052,31,02,20,162,*73
$GPGSV,3,3,12,30,06,312,24,14,03,266,10,31,03,122,16,26,01,074,*7D
$GPRMC,135950.000,A,2630.8274,N,07704.6943,W,1.14,43.07,280324,,,A*4E
$GPVTG,43.07,T,,M,1.14,N,2.1,K,A*3A
$GPGGA,135955.000,2630.8311,N,07704.6895,W,1,04,1.5,-15.8,M,-33.0,M,,0000*76
$GPGSA,A,3,07,16,27,21,,,,,,,,,5.2,1.5,4.9*3A
$GPGSV,3,1,12,08,82,051,,09,50,259,,27,43,040,24,04,42,193,*75
$GPGSV,3,2,12,07,35,322,22,21,27,148,16,16,22,052,24,02,20,162,*76
$GPGSV,3,3,12,30,06,312,28,14,03,266,13,31,03,122,16,26,01,074,*72
$GPRMC,135955.000,A,2630.8311,N,07704.6895,W,2.13,19.91,280324,,,A*47
$GPVTG,19.91,T,,M,2.13,N,4.0,K,A*39
$GPGGA,140000.000,2630.8337,N,07704.6878,W,1,03,47.8,-14.7,M,-33.0,M,,0000*4C
$GPGSA,A,2,07,16,27,,,,,,,,,,47.8,47.8,1.0*37
$GPGSV,3,1,12,08,82,051,,09,50,259,,27,43,040,16,04,42,193,*74
$GPGSV,3,2,12,07,35,322,19,21,27,148,15,16,22,052,18,02,20,162,*72
$GPGSV,3,3,12,30,06,312,18,14,03,266,,31,03,122,14,26,01,074,*71
$GPRMC,140000.000,A,2630.8337,N,07704.6878,W,1.19,92.86,280324,,,A*47
$GPVTG,92.86,T,,M,1.19,N,2.2,K,A*31
$GPGGA,140005.000,2630.8392,N,07704.6818,W,6,00,50.0,-9.2,M,-33.0,M,,0000*73
$GPGSA,A,2,,,,,,,,,,,,,50.0,50.0,50.0*06
$GPGSV,3,1,12,08,82,051,,09,50,259,,27,43,040,16,04,42,193,*74
$GPGSV,3,2,12,07,35,322,16,21,27,148,,16,22,052,,02,20,162,*70
$GPGSV,3,3,12,30,06,312,16,14,03,266,,31,03,122,,26,01,074,*7A
$GPRMC,140005.000,A,2630.8392,N,07704.6818,W,4.68,33.29,280324,,,E*42
$GPGGA,140010.000,2630.8447,N,07704.6778,W,6,00,50.0,-8.3,M,-33.0,M,,0000*71
$GPGSA,A,2,,,,,,,,,,,,,50.0,50.0,50.0*06
$GPGSV,3,1,12,08,82,051,,09,50,259,,27,43,040,,04,42,193,*73
$GPGSV,3,2,12,07,35,322,15,21,27,148,,16,22,052,,02,20,162,*73
$GPGSV,3,3,12,30,06,312,,14,03,266,,31,03,122,,26,01,074,*7D
$GPRMC,140010.000,A,2630.8447,N,07704.6778,W,4.68,33.29,280324,,,E*40
$GPVTG,33.29,T,,M,4.68,N,8.7,K,N*3C
$GPGGA,140015.000,2630.8501,N,07704.6738,W,6,00,50.0,-7.3,M,-33.0,M,,0000*7C
$GPGSA,A,2,,,,,,,,,,,,,50.0,50.0,50.0*06
$GPGSV,3,1,12,08,82,051,,09,50,259,,27,43,040,,04,42,193,*73
$GPGSV,3,2,12,07,35,322,,21,27,148,,16,22,052,,02,20,162,*77
$GPGSV,3,3,12,30,06,312,,14,03,266,,31,03,122,,26,01,074,*7D
$GPRMC,140015.000,A,2630.8501,N,07704.6738,W,4.68,33.29,280324,,,E*42
$GPVTG,33.29,T,,M,4.68,N,8.7,K,N*3C
$GPGGA,175330.000,2630.7863,N,07704.6931,W,1,05,4.9,-9.3,M,-33.0,M,,0000*4B
$GPGSA,A,3,22,19,17,14,13,,,,,,,,6.5,4.9,4.3*32
$GPGSV,3,1,12,14,67,007,28,17,53,321,30,30,50,211,31,22,49,335,25*7B
$GPGSV,3,2,12,19,36,283,38,02,28,039,,06,28,213,30,07,28,177,28*7F
$GPGSV,3,3,12,03,27,101,,21,12,039,,13,05,267,34,44,36,241,32*76
$GPRMC,175330.000,A,2630.7863,N,07704.6931,W,0.81,149.00,280324,,,A*71
$GPVTG,149.00,T,,M,0.81,N,1.5,K,A*0C
$GPGGA,175335.000,2630.7826,N,07704.6919,W,1,05,4.9,-8.6,M,-33.0,M,,0000*41
$GPGSA,A,3,22,19,17,14,13,,,,,,,,6.5,4.9,4.3*32
$GPGSV,3,1,12,14,67,007,21,17,53,321,27,30,50,211,30,22,50,335,25*7D
$GPGSV,3,2,12,19,36,284,38,06,28,213,38,02,28,039,20,07,28,177,38*73
$GPGSV,3,3,12,03,27,101,,21,12,039,,13,05,267,34,44,36,241,38*7C
$GPRMC,175335.000,A,2630.7826,N,07704.6919,W,2.19,137.08,280324,,,A*7D
$GPVTG,137.08,T,,M,2.19,N,4.1,K,A*0F
$GPGGA,175340.000,2630.7778,N,07704.6889,W,2,05,4.9,-9.4,M,-33.0,M,4.8,0000*6D
$GPGSA,A,3,22,19,17,14,13,,,,,,,,6.5,4.9,4.3*32
$GPGSV,3,1,12,14,67,007,21,17,53,321,27,30,50,211,30,22,50,335,26*7E
$GPGSV,3,2,12,19,36,284,37,06,28,213,38,02,28,039,13,07,28,177,38*7C
$GPGSV,3,3,12,03,27,101,23,21,12,039,,13,05,267,34,44,36,241,37*72
$GPVTG,151.66,T,,M,1.88,N,3.5,K,D*0A
$GPGGA,175345.000,2630.7747,N,07704.6883,W,2,05,4.9,-2.9,M,-33.0,M,1.8,0000*6D
$GPGSA,A,3,22,19,17,14,13,,,,,,,,6.5,4.9,4.3*32
$GPGSV,3,1,12,14,67,007,23,17,53,321,27,30,50,211,29,22,50,335,28*7A
$GPGSV,3,2,12,19,36,284,29,06,28,213,34,02,28,039,23,07,28,177,38*7C
$GPGSV,3,3,12,03,27,101,23,21,12,039,,13,05,267,23,44,36,241,36*75
$GPRMC,175345.000,A,2630.7747,N,07704.6883,W,0.80,144.87,280324,,,D*74
$GPVTG,144.87,T,,M,0.80,N,1.5,K,D*0A
$GPGGA,175350.000,2630.7721,N,07704.6879,W,2,05,4.9,-3.6,M,-33.0,M,2.8,0000*61
$GPGSA,A,3,22,19,17,14,13,,,,,,,,6.5,4.9,4.3*32
$GPGSV,3,1,12,14,67,007,25,17,53,321,22,30,50,211,30,22,50,335,27*7E
$GPGSV,3,2,12,19,36,284,29,06,28,213,33,02,28,039,26,07,28,177,39*7F
$GPGSV,3,3,12,03,27,101,25,21,12,039,,13,05,267,26,44,36,241,35*75
$GPRMC,175350.000,A,2630.7721,N,07704.6879,W,0.41,167.43,280324,,,D*71
$GPVTG,167.43,T,,M,0.41,N,0.8,K,D*02
$GPGGA,175355.000,2630.7772,N,07704.6895,W,2,05,4.9,-9.4,M,-33.0,M,1.8,0000*6B
$GPGSA,A,3,22,19,17,14,13,,,,,,,,6.5,4.9,4.3*32
$GPGSV,3,1,12,14,67,007,25,17,53,321,26,30,50,211,27,22,50,335,26*7D
$GPGSV,3,2,12,19,36,284,31,06,28,213,36,02,28,039,28,07,28,177,39*7D
$GPGSV,3,3,12,03,27,101,24,21,12,039,,13,05,267,30,44,36,241,37*71
$GPRMC,175355.000,A,2630.7772,N,07704.6895,W,0.69,284.60,280324,,,D*75
$GPVTG,284.60,T,,M,0.69,N,1.3,K,D*0D
$GPGGA,175400.000,2630.7774,N,07704.6887,W,2,05,4.9,-10.3,M,-33.0,M,1.8,0000*56
$GPGSA,A,3,22,19,17,14,13,,,,,,,,6.5,4.9,4.3*32
$GPGSV,3,1,12,14,67,007,24,17,53,321,29,30,50,211,29,22,50,335,27*7C
$GPGSV,3,2,12,19,36,284,38,06,28,213,38,02,28,039,20,07,28,177,26*7C
$GPGSV,3,3,12,03,27,101,17,21,12,039,27,13,05,267,35,44,36,241,39*7F
$GPRMC,175400.000,A,2630.7774,N,07704.6887,W,0.45,42.80,280324,,,D*4F
$GPVTG,42.80,T,,M,0.45,N,0.8,K,D*3F
$GPGGA,175405.000,2630.7725,N,07704.6853,W,2,05,4.9,-11.4,M,-33.0,M,1.8,0000*58
$GPGSA,A,3,22,19,17,14,13,,,,,,,,6.5,4.9,4.3*32
$GPGSV,3,1,12,14,67,007,18,17,53,321,23,30,50,211,31,22,50,335,27*70
$GPGSV,3,2,12,19,36,284,30,06,28,213,32,02,28,039,25,07,28,177,26*7B
$GPGSV,3,3,12,03,27,101,26,21,12,039,28,13,05,267,27,44,36,241,32*7A
$GPRMC,175405.000,A,2630.7725,N,07704.6853,W,2.52,148.59,280324,,,D*7C
$GPVTG,148.59,T,,M,2.52,N,4.7,K,D*0F
$GPGGA,175410.000,2630.7762,N,07704.6865,W,2,05,4.9,-17.3,M,-33.0,M,4.8,0000*5E
$GPGSA,A,3,22,19,17,14,13,,,,,,,,6.5,4.9,4.3*32
$GPGSV,3,1,12,14,67,007,25,17,53,321,23,30,50,211,28,22,50,335,25*74
$GPGSV,3,2,12,19,36,284,29,06,28,213,24,02,28,039,30,07,28,177,28*7E
$GPGSV,3,3,12,03,27,101,26,21,12,039,28,13,05,267,30,44,36,241,26*79
$GPRMC,175410.000,A,2630.7762,N,07704.6865,W,0.89,317.72,280324,,,D*7B
$GPVTG,317.72,T,,M,0.89,N,1.7,K,D*0F
$GPGGA,175415.000,2630.7715,N,07704.6833,W,2,05,4.9,-16.7,M,-33.0,M,3.8,0000*5A
$GPGSA,A,3,22,19,17,14,13,,,,,,,,6.5,4.9,4.3*32
$GPGSV,3,1,12,14,67,007,26,17,53,321,18,30,50,211,22,22,50,335,26*76
$GPGSV,3,2,12,19,36,284,26,06,28,213,28,02,28,039,26,07,28,177,32*71
$GPGSV,3,3,12,03,27,101,27,21,12,039,28,13,05,267,29,44,36,241,30*77
$GPVTG,143.15,T,,M,1.25,N,2.3,K,D*0D
$GPGGA,175420.000,2630.7719,N,07704.6849,W,2,05,4.9,-12.3,M,-33.0,M,8.8,0000*56
$GPGSA,A,3,22,19,17,14,13,,,,,,,,6.5,4.9,4.3*32
$GPGSV,3,1,12,14,67,007,24,17,53,321,25,30,50,211,27,22,50,335,28*71
$GPGSV,3,2,12,19,36,284,26,06,28,213,24,02,28,039,28,07,28,177,25*75
$GPGSV,3,3,12,03,27,101,28,21,12,039,27,13,05,267,28,44,36,241,24*73
$GPRMC,175420.000,A,2630.7719,N,07704.6849,W,0.21,262.28,280324,,,D*74
$GPVTG,262.28,T,,M,0.21,N,0.4,K,D*03
$GPGGA,175425.000,2630.7769,N,07704.6886,W,2,05,4.9,-7.7,M,-33.0,M,13.8,0000*5D
$GPGSA,A,3,22,19,17,14,13,,,,,,,,6.6,4.9,4.3*31
$GPGSV,3,1,12,14,67,007,29,17,53,321,28,30,50,211,33,22,50,335,29*75
$GPGSV,3,2,12,19,36,284,32,06,28,213,33,02,28,039,27,07,28,177,26*7A
$GPGSV,3,3,12,03,27,101,24,21,12,039,25,13,05,267,34,44,36,241,36*73
$GPRMC,175425.000,A,2630.7769,N,07704.6886,W,0.33,25.46,280324,,,D*4F
$GPVTG,25.46,T,,M,0.33,N,0.6,K,D*3B
$GPGGA,175430.000,2630.7770,N,07704.6900,W,1,05,4.9,-4.1,M,-33.0,M,,0000*4C
$GPGSA,A,3,22,19,17,14,13,,,,,,,,6.6,4.9,4.3*31
$GPGSV,3,1,12,14,67,007,27,17,53,321,26,30,50,211,34,22,50,335,27*7C
$GPGSV,3,2,12,19,36,284,27,06,28,213,36,02,28,039,27,07,28,177,33*7F
$GPGSV,3,3,12,03,27,101,20,21,12,039,27,13,05,267,33,44,36,241,35*71
$GPRMC,175430.000,A,2630.7770,N,07704.6900,W,0.58,176.97,280324,,,A*7F
$GPVTG,176.97,T,,M,0.58,N,1.1,K,A*0E
$GPGGA,175435.000,2630.7735,N,07704.6904,W,1,04,4.6,3.0,M,-33.0,M,,0000*69
$GPGSA,A,3,22,19,17,14,,,,,,,,,4.7,4.6,1.0*39
$GPGSV,3,1,12,14,67,007,25,17,53,321,28,30,50,211,34,22,50,335,30*76
$GPGSV,3,2,12,19,36,284,33,06,28,213,33,02,28,039,21,07,28,177,19*71
$GPGSV,3,3,12,03,27,101,14,21,12,039,19,13,05,267,34,44,36,241,37*7E
$GPRMC,175435.000,A,2630.7735,N,07704.6904,W,0.71,176.11,280324,,,A*7A
$GPVTG,176.11,T,,M,0.71,N,1.3,K,A*09
$GPGGA,175440.000,2630.7769,N,07704.6924,W,1,04,4.6,3.2,M,-33.0,M,,0000*62
$GPGSA,A,3,22,19,17,14,,,,,,,,,4.7,4.6,1.0*39
$GPGSV,3,1,12,14,67,007,29,17,53,321,25,30,50,211,34,22,50,335,31*76
$GPGSV,3,2,12,19,36,284,34,06,28,213,27,02,28,039,29,07,28,177,18*7A
$GPGSV,3,3,12,03,27,101,19,21,12,039,23,13,05,267,34,44,36,241,36*7B
$GPRMC,175440.000,A,2630.7769,N,07704.6924,W,0.66,341.52,280324,,,A*74
$GPVTG,341.52,T,,M,0.66,N,1.2,K,A*0F
$GPGGA,175445.000,2630.7796,N,07704.6919,W,2,04,4.6,2.2,M,-33.0,M,1.8,0000*4C
$GPGSA,A,3,22,19,17,14,,,,,,,,,4.7,4.6,1.0*39
$GPGSV,3,1,12,14,67,007,23,17,53,321,24,30,50,211,36,22,50,335,28*77
$GPGSV,3,2,12,19,36,284,22,06,28,213,26,02,28,039,26,07,28,177,19*72
$GPGSV,3,3,12,03,27,101,20,21,12,039,24,13,05,267,35,44,36,241,36*77
$GPRMC,175445.000,A,2630.7796,N,07704.6919,W,1.72,13.62,280324,,,D*49
$GPVTG,13.62,T,,M,1.72,N,3.2,K,D*3B
$GPGGA,175450.000,2630.7801,N,07704.6908,W,2,04,4.6,2.9,M,-33.0,M,2.8,0000*41
$GPGSA,A,3,22,19,17,14,,,,,,,,,4.7,4.6,1.0*39
$GPGSV,3,1,12,14,67,007,20,17,53,321,29,30,50,211,36,22,50,335,24*75
$GPGSV,3,2,12,19,36,284,31,06,28,213,37,02,28,039,27,07,28,177,30*7A
$GPGSV,3,3,12,03,27,101,18,21,12,039,23,13,05,267,30,44,36,241,36*7E
$GPVTG,163.35,T,,M,0.09,N,0.2,K,D*01
$GPGGA,175455.000,2630.7806,N,07704.6910,W,2,04,4.6,3.9,M,-33.0,M,1.8,0000*48
$GPGSA,A,3,22,19,17,14,,,,,,,,,4.7,4.6,1.0*39
$GPGSV,3,1,12,14,67,007,28,17,53,321,25,30,50,211,36,22,50,335,27*72
$GPGSV,3,2,12,19,36,284,30,06,28,213,36,02,28,039,29,07,28,177,28*7D
$GPGSV,3,3,12,03,27,101,21,21,12,039,23,13,05,267,29,44,36,241,32*78
$GPRMC,175455.000,A,2630.7806,N,07704.6910,W,0.66,216.34,280324,,,D*77
$GPVTG,216.34,T,,M,0.66,N,1.2,K,D*09
$GPGGA,175500.000,2630.7833,N,07704.6899,W,2,04,4.6,2.3,M,-33.0,M,1.8,0000*44
$GPGSA,A,3,22,19,17,14,,,,,,,,,4.7,4.6,1.0*39
$GPGSV,3,1,12,14,67,007,27,17,53,321,29,30,50,211,31,22,50,335,28*79
$GPGSV,3,2,12,19,36,284,26,06,28,213,30,02,28,039,27,07,28,177,19*70
$GPGSV,3,3,12,03,27,101,21,21,12,039,24,13,05,267,25,44,36,241,34*75
$GPRMC,175500.000,A,2630.7833,N,07704.6899,W,0.12,246.16,280324,,,D*76
$GPVTG,246.16,T,,M,0.12,N,0.2,K,D*0E
$GPGGA,175505.000,2630.7804,N,07704.6891,W,2,04,4.6,4.0,M,-33.0,M,1.8,0000*48
$GPGSA,A,3,22,19,17,14,,,,,,,,,4.7,4.6,1.0*39
$GPGSV,3,1,12,14,67,007,24,17,53,321,21,30,50,211,28,22,50,335,20*72
$GPGSV,3,2,12,19,36,284,26,06,28,213,23,02,28,039,33,07,28,177,21*7C
$GPGSV,3,3,12,03,27,101,20,21,12,039,22,13,05,267,22,44,36,241,35*74
$GPRMC,175505.000,A,2630.7804,N,07704.6891,W,1.00,121.47,280324,,,D*7B
$GPVTG,121.47,T,,M,1.00,N,1.9,K,D*00
$GPGGA,175510.000,2630.7805,N,07704.6891,W,2,04,4.6,7.5,M,-33.0,M,4.8,0000*4E
$GPGSA,A,3,22,19,17,14,,,,,,,,,4.7,4.6,1.0*39
$GPGSV,3,1,12,14,67,007,30,17,53,321,32,30,50,211,29,22,50,335,30*75
$GPGSV,3,2,12,19,36,284,35,06,28,213,23,02,28,039,27,07,28,177,21*7B
$GPGSV,3,3,12,03,27,101,20,21,12,039,22,13,05,267,30,44,36,241,30*72
$GPRMC,175510.000,A,2630.7805,N,07704.6891,W,0.11,136.15,280324,,,D*7E
$GPVTG,136.15,T,,M,0.11,N,0.2,K,D*0A
$GPGGA,175515.000,2630.7807,N,07704.6886,W,2,04,4.6,8.1,M,-33.0,M,4.8,0000*44
$GPGSA,A,3,22,19,17,14,,,,,,,,,4.7,4.6,1.0*39
$GPGSV,3,1,11,14,67,007,30,17,53,321,34,30,50,211,29,22,50,335,33*73
$GPGSV,3,2,11,19,36,284,30,06,28,213,23,02,28,039,24,07,28,177,20*7F
$GPGSV,3,3,11,03,27,101,24,21,12,039,21,13,05,267,32*45
$GPRMC,175515.000,A,2630.7807,N,07704.6886,W,0.14,334.51,280324,,,D*7A
$GPVTG,334.51,T,,M,0.14,N,0.3,K,D*0E
$GPGGA,175520.000,2630.7818,N,07704.6891,W,2,04,4.6,8.7,M,-33.0,M,9.8,0000*41
$GPGSA,A,3,22,19,17,14,,,,,,,,,4.7,4.6,1.0*39
$GPGSV,3,1,11,14,67,007,31,17,53,321,34,30,50,211,25,22,50,335,21*7D
$GPGSV,3,2,11,19,36,284,38,06,28,213,25,02,28,039,25,07,28,177,21*71
$GPGSV,3,3,11,03,27,101,25,21,12,039,23,13,05,267,32*46
$GPVTG,358.95,T,,M,0.87,N,1.6,K,D*02
$GPGGA,175525.000,2630.7827,N,07704.6900,W,2,04,4.6,8.9,M,-33.0,M,14.8,0000*73
$GPGSA,A,3,22,19,17,14,,,,,,,,,4.7,4.6,1.0*39
$GPGSV,3,1,12,14,67,007,31,17,53,321,34,30,50,211,25,22,50,335,37*79
$GPGSV,3,2,12,19,36,284,27,06,28,213,23,02,28,039,40,07,28,177,21*79
$GPGSV,3,3,12,03,27,101,31,21,12,039,33,13,05,267,24,44,36,241,26*70
$GPRMC,175525.000,A,2630.7827,N,07704.6900,W,0.43,271.47,280324,,,D*71
$GPVTG,271.47,T,,M,0.43,N,0.8,K,D*00
$GPGGA,175530.000,2630.7788,N,07704.6883,W,1,04,4.6,7.5,M,-33.0,M,,0000*64
$GPGSA,A,3,22,19,17,14,,,,,,,,,4.7,4.6,1.0*39
$GPGSV,3,1,11,14,67,007,31,17,53,321,26,30,50,211,26,22,50,335,27*7B
$GPGSV,3,2,11,19,36,284,24,06,28,213,20,02,28,039,23,07,28,177,22*7C
$GPGSV,3,3,11,03,27,101,34,21,12,039,22,13,05,267,15*42
$GPRMC,175530.000,A,2630.7788,N,07704.6883,W,2.07,187.22,280324,,,A*7B
$GPVTG,187.22,T,,M,2.07,N,3.8,K,A*0D
$GPGGA,175535.000,2630.7776,N,07704.6868,W,1,04,4.6,5.5,M,-33.0,M,,0000*67
$GPGSA,A,3,22,19,17,14,,,,,,,,,4.7,4.6,1.0*39
$GPGSV,3,1,12,14,67,007,30,17,53,321,26,30,50,211,32,22,50,335,20*7B
$GPGSV,3,2,12,19,36,284,21,06,28,213,24,02,28,039,27,07,28,177,*7A
$GPGSV,3,3,12,03,27,101,31,21,12,039,22,13,05,267,26,44,36,241,31*74
$GPRMC,175535.000,A,2630.7776,N,07704.6868,W,0.73,89.32,280324,,,A*45
$GPVTG,89.32,T,,M,0.73,N,1.4,K,A*3C
$GPGGA,175540.000,2630.7793,N,07704.6880,W,1,04,4.6,4.9,M,-33.0,M,,0000*65
$GPGSA,A,3,22,19,17,14,,,,,,,,,4.7,4.6,1.0*39
$GPGSV,3,1,11,14,67,007,30,17,53,321,33,30,50,211,24,22,50,335,31*7B
$GPGSV,3,2,11,19,36,284,30,06,28,213,24,02,28,039,34,07,28,177,26*7F
$GPGSV,3,3,11,03,27,101,31,21,12,039,26,13,05,267,17*41
$GPRMC,175540.000,A,2630.7793,N,07704.6880,W,0.45,329.81,280324,,,A*7E
$GPVTG,329.81,T,,M,0.45,N,0.8,K,A*05
$GPGGA,175545.000,2630.7766,N,07704.6865,W,1,04,4.6,1.0,M,-33.0,M,,0000*6D
$GPGSA,A,3,22,19,17,14,,,,,,,,,4.7,4.6,1.0*39
$GPGSV,3,1,12,14,67,007,30,17,53,321,28,30,50,211,25,22,50,335,32*70
$GPGSV,3,2,12,19,36,284,22,06,28,213,25,02,28,039,23,07,28,177,19*74
$GPGSV,3,3,12,03,27,101,13,21,12,039,21,13,05,267,18,44,36,241,27*7D
$GPRMC,175545.000,A,2630.7766,N,07704.6865,W,0.76,166.49,280324,,,A*77
$GPVTG,166.49,T,,M,0.76,N,1.4,K,A*05
$GPGGA,175550.000,2630.7758,N,07704.6858,W,1,04,4.6,1.4,M,-33.0,M,,0000*6E
$GPGSA,A,3,22,19,17,14,,,,,,,,,4.7,4.6,1.0*39
$GPGSV,3,1,11,14,67,007,32,17,53,321,29,30,50,211,25,22,50,335,33*71
$GPGSV,3,2,11,19,36,284,24,06,28,213,25,02,28,039,34,07,28,177,24*79
$GPGSV,3,3,11,03,27,101,22,21,12,039,33,13,05,267,19*49
$GPVTG,149.75,T,,M,0.86,N,1.6,K,A*0A
$GPGGA,175555.000,2630.7764,N,07704.6873,W,1,04,4.6,3.6,M,-33.0,M,,0000*6D
$GPGSA,A,3,22,19,17,14,,,,,,,,,4.7,4.6,1.0*39
$GPGSV,3,1,11,14,67,007,26,17,53,321,28,30,50,211,32,22,50,335,24*75
$GPGSV,3,2,11,19,36,284,25,06,28,213,30,02,28,039,32,07,28,177,33*7C
$GPGSV,3,3,11,03,27,101,23,21,12,039,27,13,05,267,25*42
$GPRMC,175555.000,A,2630.7764,N,07704.6873,W,1.05,234.19,280324,,,A*77
$GPVTG,234.19,T,,M,1.05,N,1.9,K,A*0C
$GPGGA,175600.000,2630.7732,N,07704.6871,W,1,04,4.6,4.4,M,-33.0,M,,0000*6A
$GPGSA,A,3,22,19,17,14,,,,,,,,,4.7,4.6,1.0*39
$GPGSV,3,1,11,14,67,007,22,17,53,321,28,30,50,211,24,22,50,335,29*7B
$GPGSV,3,2,11,19,36,284,24,06,28,213,21,02,28,039,33,07,28,177,22*7C
$GPGSV,3,3,11,03,27,101,22,21,12,039,28,13,05,267,18*42
$GPRMC,175600.000,A,2630.7732,N,07704.6871,W,0.95,148.50,280324,,,A*78
$GPVTG,148.50,T,,M,0.95,N,1.8,K,A*00
$GPGGA,175605.000,2630.7714,N,07704.6866,W,1,03,11.0,4.7,M,-33.0,M,,0000*5B
$GPGSA,A,2,22,17,14,,,,,,,,,,11.0,11.0,1.0*31
$GPGSV,3,1,12,14,67,007,35,17,53,321,30,30,50,211,32,22,50,335,30*78
$GPGSV,3,2,12,19,36,284,22,06,28,213,28,02,28,039,23,07,28,177,22*71
$GPGSV,3,3,12,03,27,101,23,21,12,039,29,13,05,267,27,44,36,241,28*75
$GPRMC,175605.000,A,2630.7714,N,07704.6866,W,0.56,134.01,280324,,,A*7F
$GPVTG,134.01,T,,M,0.56,N,1.0,K,N*07
$GPGGA,175610.000,2630.7756,N,07704.6869,W,1,04,4.6,3.4,M,-33.0,M,,0000*67
$GPGSA,A,3,22,19,17,14,,,,,,,,,4.7,4.6,1.0*39
$GPGSV,3,1,12,14,67,007,30,17,53,321,30,30,50,211,24,22,50,335,28*73
$GPGSV,3,2,12,19,36,284,23,06,28,213,24,02,28,039,35,07,28,177,25*7C
$GPGSV,3,3,12,03,27,101,22,21,12,039,25,13,05,267,26,44,36,241,26*77
$GPRMC,175610.000,A,2630.7756,N,07704.6869,W,0.23,118.31,280324,,,A*7D
$GPVTG,118.31,T,,M,0.23,N,0.4,K,A*02
$GPGGA,175615.000,2630.7760,N,07704.6885,W,1,04,4.6,4.5,M,-33.0,M,,0000*63
$GPGSA,A,3,22,19,17,14,,,,,,,,,4.7,4.6,1.0*39
$GPGSV,3,1,11,14,67,007,30,17,53,321,30,30,50,211,26,22,50,335,28*72
$GPGSV,3,2,11,19,36,284,26,06,28,213,24,02,28,039,25,07,28,177,29*77
$GPGSV,3,3,11,03,27,101,19,21,12,039,32,13,05,267,19*40
$GPRMC,175615.000,A,2630.7760,N,07704.6885,W,1.13,317.27,280324,,,A*77
$GPVTG,317.27,T,,M,1.13,N,2.1,K,A*0D
$GPGGA,175620.000,2630.7800,N,07704.6875,W,1,04,4.6,6.1,M,-33.0,M,,0000*65
$GPGSA,A,3,22,19,17,14,,,,,,,,,4.7,4.6,1.0*39
$GPGSV,3,1,11,14,67,007,34,17,53,321,30,30,50,211,24,22,50,335,28*74
$GPGSV,3,2,11,19,36,284,19,06,28,213,12,02,28,039,28,07,28,177,19*70
$GPGSV,3,3,11,03,27,101,27,21,12,039,33,13,05,267,*44
$GPVTG,31.84,T,,M,3.71,N,6.9,K,A*39
$GPGGA,175625.000,2630.7800,N,07704.6889,W,1,04,4.6,9.2,M,-33.0,M,,0000*6F
$GPGSA,A,3,22,19,17,14,,,,,,,,,4.7,4.6,1.0*39
$GPGSV,3,1,11,14,67,007,34,17,53,321,34,30,50,211,30,22,50,335,35*79
$GPGSV,3,2,11,19,36,284,25,06,28,213,25,02,28,039,36,07,28,177,30*7F
$GPGSV,3,3,11,03,27,101,28,21,12,039,25,13,05,267,16*4B
$GPRMC,175625.000,A,2630.7800,N,07704.6889,W,0.77,310.21,280324,,,A*73
$GPVTG,310.21,T,,M,0.77,N,1.4,K,A*09
$GPGGA,175630.000,2630.7764,N,07704.6922,W,1,04,4.6,11.4,M,-33.0,M,,0000*59
$GPGSA,A,3,22,19,17,14,,,,,,,,,4.7,4.6,1.0*39
$GPGSV,3,1,12,14,67,007,34,17,53,321,29,30,50,211,33,22,50,335,32*72
$GPGSV,3,2,12,19,36,284,35,06,28,213,36,02,28,039,27,07,28,177,38*77
$GPGSV,3,3,12,03,27,101,26,21,12,039,26,13,05,267,31,44,36,241,39*78
$GPRMC,175630.000,A,2630.7764,N,07704.6922,W,1.74,205.43,280324,,,A*79
$GPVTG,205.43,T,,M,1.74,N,3.2,K,A*0E
$GPGGA,175635.000,2630.7729,N,07704.6903,W,1,04,4.6,11.0,M,-33.0,M,,0000*52
$GPGSA,A,3,22,19,17,14,,,,,,,,,4.7,4.6,1.0*39
$GPGSV,3,1,12,14,68,010,28,17,53,324,30,22,51,336,32,30,48,209,37*7D
$GPGSV,3,2,12,19,37,285,33,06,29,214,36,03,27,100,17,02,27,039,15*7F
$GPGSV,3,3,12,07,26,177,39,21,11,039,10,13,04,265,22,44,36,241,31*7D
$GPRMC,175635.000,A,2630.7729,N,07704.6903,W,0.40,157.79,280324,,,A*7D
$GPVTG,157.79,T,,M,0.40,N,0.7,K,A*03
$GPGGA,175640.000,2630.7738,N,07704.6903,W,1,04,4.6,8.7,M,-33.0,M,,0000*6F
$GPGSA,A,3,22,19,17,14,,,,,,,,,4.7,4.6,1.0*39
$GPGSV,3,1,12,14,68,010,29,17,53,324,33,22,51,336,30,30,48,209,38*72
$GPGSV,3,2,12,19,37,285,33,06,29,214,36,03,27,100,22,02,27,039,23*7C
$GPGSV,3,3,12,07,26,177,34,21,11,039,,13,04,265,27,44,36,241,34*71
$GPRMC,175640.000,A,2630.7738,N,07704.6903,W,0.53,134.64,280324,,,A*74
$GPVTG,134.64,T,,M,0.53,N,1.0,K,A*0E
$GPGGA,175645.000,2630.7706,N,07704.6937,W,2,03,11.3,10.9,M,-33.0,M,3.8,0000*47
$GPGSA,A,2,22,17,14,,,,,,,,,,11.3,11.3,1.0*31
$GPGSV,3,1,12,14,68,010,30,17,53,324,32,22,51,336,20,30,48,209,38*7A
$GPGSV,3,2,12,19,37,285,23,06,29,214,36,03,27,100,18,02,27,039,21*76
$GPGSV,3,3,12,07,26,177,33,21,11,039,23,13,04,265,26,44,36,241,34*76
$GPRMC,175645.000,A,2630.7706,N,07704.6937,W,1.08,179.05,280324,,,D*7F
$GPVTG,179.05,T,,M,1.08,N,2.0,K,N*03
$GPGGA,175650.000,2630.7767,N,07704.6943,W,2,04,4.6,8.7,M,-33.0,M,2.8,0000*47
$GPGSA,A,3,22,19,17,14,,,,,,,,,4.7,4.6,1.0*39
$GPGSV,3,1,12,14,68,010,32,17,53,324,31,22,51,336,30,30,48,209,38*7A
$GPGSV,3,2,12,19,37,285,39,06,29,214,33,03,27,100,11,02,27,039,31*70
$GPGSV,3,3,12,07,26,177,30,21,11,039,19,13,04,265,26,44,36,241,39*71
$GPVTG,338.38,T,,M,0.62,N,1.1,K,D*0F
$GPGGA,175655.000,2630.7787,N,07704.6947,W,2,04,4.6,7.9,M,-33.0,M,1.8,0000*4A
$GPGSA,A,3,22,19,17,14,,,,,,,,,4.7,4.6,1.0*39
$GPGSV,3,1,12,14,68,010,27,17,53,324,29,22,51,336,32,30,48,209,38*75
$GPGSV,3,2,12,19,37,285,40,06,29,214,32,03,27,100,17,02,27,039,29*70
$GPGSV,3,3,12,07,26,177,30,21,11,039,,13,04,265,28,44,36,241,40*79
$GPRMC,175655.000,A,2630.7787,N,07704.6947,W,0.39,316.28,280324,,,D*77
$GPVTG,316.28,T,,M,0.39,N,0.7,K,D*0B
$GPGGA,175700.000,2630.7815,N,07704.6969,W,2,04,4.6,4.5,M,-33.0,M,1.8,0000*4C
$GPGSA,A,3,22,19,17,14,,,,,,,,,4.7,4.6,1.0*39
$GPGSV,3,1,12,14,68,010,21,17,53,324,18,22,51,336,22,30,48,209,38*70
$GPGSV,3,2,12,19,37,285,34,06,29,214,29,03,27,100,,02,27,039,22*74
$GPGSV,3,3,12,07,26,177,31,21,11,039,,13,04,265,24,44,36,241,39*7A
$GPRMC,175700.000,A,2630.7815,N,07704.6969,W,2.49,323.29,280324,,,D*7C
$GPVTG,323.29,T,,M,2.49,N,4.6,K,D*0C
$GPGGA,175705.000,2630.7775,N,07704.6940,W,2,04,4.6,10.4,M,-33.0,M,1.8,0000*7F
$GPGSA,A,3,22,19,17,14,,,,,,,,,4.7,4.6,1.0*39
$GPGSV,3,1,12,14,68,010,22,17,53,324,19,22,51,336,27,30,48,209,38*77
$GPGSV,3,2,12,19,37,285,34,06,29,214,29,03,27,100,,02,27,039,23*75
$GPGSV,3,3,12,07,26,177,32,21,11,039,,13,04,265,26,44,36,241,38*7A
$GPRMC,175705.000,A,2630.7775,N,07704.6940,W,1.76,147.06,280324,,,D*79
$GPVTG,147.06,T,,M,1.76,N,3.3,K,D*0C
$GPGGA,175710.000,2630.7778,N,07704.6946,W,2,04,4.6,10.4,M,-33.0,M,4.8,0000*75
$GPGSA,A,3,22,19,17,14,,,,,,,,,4.7,4.6,1.0*39
$GPGSV,3,1,11,14,68,010,32,17,53,324,38,22,51,336,31,30,48,209,30*79
$GPGSV,3,2,11,19,37,285,23,06,29,214,38,03,27,100,21,02,27,039,23*73
$GPGSV,3,3,11,07,26,177,35,21,11,039,17,13,04,265,19*4D
$GPRMC,175710.000,A,2630.7778,N,07704.6946,W,0.70,216.35,280324,,,D*76
$GPVTG,216.35,T,,M,0.70,N,1.3,K,D*0E
$GPGGA,175715.000,2630.7762,N,07704.6944,W,2,04,4.6,11.0,M,-33.0,M,9.8,0000*71
$GPGSA,A,3,22,19,17,14,,,,,,,,,4.7,4.6,1.0*39
$GPGSV,3,1,11,14,68,010,33,17,53,324,39,22,51,336,32,30,48,209,24*7F
$GPGSV,3,2,11,19,37,285,31,06,29,214,38,03,27,100,,02,27,039,23*73
$GPGSV,3,3,11,07,26,177,35,21,11,039,15,13,04,265,19*4F
$GPRMC,175715.000,A,2630.7762,N,07704.6944,W,0.25,172.36,280324,,,D*78
$GPVTG,172.36,T,,M,0.25,N,0.5,K,D*0B
$GPGGA,175720.000,2630.7766,N,07704.6940,W,2,04,4.6,10.2,M,-33.0,M,14.8,0000*48
$GPGSA,A,3,22,19,17,14,,,,,,,,,4.7,4.6,1.0*39
$GPGSV,3,1,12,14,68,010,25,17,53,324,31,22,51,336,31,30,48,209,36*73
$GPGSV,3,2,12,19,37,285,25,06,29,214,26,03,27,100,,02,27,039,24*7D
$GPGSV,3,3,12,07,26,177,35,21,11,039,16,13,04,265,25,44,36,241,39*78
$GPVTG,81.35,T,,M,0.77,N,1.4,K,D*32
$GPGGA,175725.000,2630.7776,N,07704.6922,W,2,04,4.6,11.3,M,-33.0,M,1.8,0000*7C
$GPGSA,A,3,22,19,17,14,,,,,,,,,4.7,4.6,1.0*39
$GPGSV,3,1,12,14,68,010,30,17,53,324,25,22,51,336,30,30,48,209,35*70
$GPGSV,3,2,12,19,37,285,29,06,29,214,29,03,27,100,19,02,27,039,24*76
$GPGSV,3,3,12,07,26,177,30,21,11,039,24,13,04,265,27,44,36,241,39*7E
$GPRMC,175725.000,A,2630.7776,N,07704.6922,W,1.43,76.54,280324,,,D*4E
$GPVTG,76.54,T,,M,1.43,N,2.7,K,D*3B
$GPGGA,175730.000,2630.7804,N,07704.6935,W,2,04,4.6,13.5,M,-33.0,M,5.8,0000*74
$GPGSA,A,3,22,19,17,14,,,,,,,,,4.7,4.6,1.0*39
$GPGSV,3,1,12,14,68,010,27,17,53,324,29,22,51,336,28,30,48,209,34*72
$GPGSV,3,2,12,19,37,285,18,06,29,214,32,03,27,100,18,02,27,039,26*7D
$GPGSV,3,3,12,07,26,177,30,21,11,039,25,13,04,265,25,44,36,241,28*7D
$GPRMC,175730.000,A,2630.7804,N,07704.6935,W,0.52,165.84,280324,,,D*79
$GPVTG,165.84,T,,M,0.52,N,1.0,K,D*00
$GPGGA,175735.000,2630.7814,N,07704.6957,W,2,04,4.6,15.8,M,-33.0,M,10.8,0000*4B
$GPGSA,A,3,22,19,17,14,,,,,,,,,4.7,4.6,1.0*39
$GPGSV,3,1,12,14,68,010,34,17,53,324,29,22,51,336,18,30,48,209,37*70
$GPGSV,3,2,12,19,37,285,30,06,29,214,36,03,27,100,17,02,27,039,25*7F
$GPGSV,3,3,12,07,26,177,29,21,11,039,25,13,04,265,26,44,36,241,38*77
$GPRMC,175735.000,A,2630.7814,N,07704.6957,W,1.29,163.49,280324,,,D*73
$GPVTG,163.49,T,,M,1.29,N,2.4,K,D*0D
$GPGGA,175740.000,2630.7806,N,07704.6959,W,2,03,50.0,15.7,M,-33.0,M,4.8,0000*4E
$GPGSA,A,2,22,19,17,,,,,,,,,,50.0,50.0,1.0*3C
$GPGSV,3,1,12,14,68,010,22,17,53,324,31,22,51,336,28,30,48,209,37*7D
$GPGSV,3,2,12,19,37,285,30,06,29,214,33,03,27,100,16,02,27,039,28*76
$GPGSV,3,3,12,07,26,177,29,21,11,039,24,13,04,265,33,44,36,241,39*73
$GPRMC,175740.000,A,2630.7806,N,07704.6959,W,0.73,171.27,280324,,,D*79
$GPVTG,171.27,T,,M,0.73,N,1.4,K,N*01
$GPGGA,175745.000,2630.7725,N,07704.6941,W,2,04,4.6,21.4,M,-33.0,M,3.8,0000*7F
$GPGSA,A,3,22,19,17,14,,,,,,,,,4.7,4.6,1.0*39
$GPGSV,3,1,12,14,68,010,33,17,53,324,23,22,51,336,28,30,48,209,33*7A
$GPGSV,3,2,12,19,37,285,35,06,29,214,32,03,27,100,13,02,27,039,28*77
$GPGSV,3,3,12,07,26,177,29,21,11,039,25,13,04,265,33,44,36,241,35*7E
$GPRMC,175745.000,A,2630.7725,N,07704.6941,W,1.20,150.77,280324,,,D*7A
$GPVTG,150.77,T,,M,1.20,N,2.2,K,D*0F
$GPGGA,175750.000,2630.7681,N,07704.6910,W,2,04,4.6,16.3,M,-33.0,M,2.8,0000*72
$GPGSA,A,3,22,19,17,14,,,,,,,,,4.7,4.6,1.0*39
$GPGSV,3,1,12,14,68,010,22,17,53,324,17,22,51,336,26,30,48,209,35*75
$GPGSV,3,2,12,19,37,285,26,06,29,214,33,03,27,100,23,02,27,039,26*79
$GPGSV,3,3,12,07,26,177,29,21,11,039,25,13,04,265,32,44,36,241,30*7A
$GPRMC,175750.000,A,2630.7681,N,07704.6910,W,2.34,151.21,280324,,,D*71
$GPVTG,151.21,T,,M,2.34,N,4.3,K,D*0C
$GPGGA,175755.000,2630.7678,N,07704.6909,W,2,04,4.6,12.2,M,-33.0,M,1.8,0000*7F
$GPGSA,A,3,22,19,17,14,,,,,,,,,4.7,4.6,1.0*39
$GPGSV,3,1,12,14,68,010,30,17,53,324,31,22,51,336,35,30,48,209,33*76
$GPGSV,3,2,12,19,37,285,32,06,29,214,28,03,27,100,,02,27,039,25*74
$GPGSV,3,3,12,07,26,177,28,21,11,039,,13,04,265,27,44,36,241,33*7B
$GPVTG,316.51,T,,M,0.61,N,1.1,K,D*0F
$GPGGA,175800.000,2630.7679,N,07704.6911,W,2,04,4.6,11.0,M,-33.0,M,1.8,0000*79
$GPGSA,A,3,22,19,17,14,,,,,,,,,4.7,4.6,1.0*39
$GPGSV,3,1,12,14,68,010,31,17,53,324,28,22,51,336,29,30,48,209,38*79
$GPGSV,3,2,12,19,37,285,27,06,29,214,28,03,27,100,26,02,27,039,26*77
$GPGSV,3,3,12,07,26,177,33,21,11,039,19,13,04,265,27,44,36,241,33*79
$GPRMC,175800.000,A,2630.7679,N,07704.6911,W,0.29,26.50,280324,,,D*44
$GPVTG,26.50,T,,M,0.29,N,0.5,K,D*37
$GPGGA,175805.000,2630.7712,N,07704.6903,W,2,04,4.6,9.3,M,-33.0,M,1.8,0000*49
$GPGSA,A,3,22,19,17,14,,,,,,,,,4.7,4.6,1.0*39
$GPGSV,3,1,12,14,68,010,31,17,53,324,30,22,51,336,23,30,48,209,33*71
$GPGSV,3,2,12,19,37,285,36,06,29,214,32,03,27,100,21,02,27,039,27*7A
$GPGSV,3,3,12,07,26,177,25,21,11,039,24,13,04,265,28,44,36,241,30*7C
$GPRMC,175805.000,A,2630.7712,N,07704.6903,W,1.16,352.54,280324,,,D*77
$GPVTG,352.54,T,,M,1.16,N,2.2,K,D*0B
$GPGGA,175810.000,2630.7694,N,07704.6888,W,2,04,4.6,7.9,M,-33.0,M,4.8,0000*41
$GPGSA,A,3,22,19,17,14,,,,,,,,,4.7,4.6,1.0*39
$GPGSV,3,1,12,14,68,010,31,17,53,324,21,22,51,336,26,30,48,209,34*73
$GPGSV,3,2,12,19,37,285,24,06,29,214,22,03,27,100,,02,27,039,*7E
$GPGSV,3,3,12,07,26,177,31,21,11,039,,13,04,265,33,44,36,241,30*75
$GPRMC,175810.000,A,2630.7694,N,07704.6888,W,1.76,170.93,280324,,,D*71
$GPVTG,170.93,T,,M,1.76,N,3.3,K,D*04
$GPGGA,175815.000,2630.7682,N,07704.6860,W,2,04,4.6,6.5,M,-33.0,M,2.8,0000*4E
$GPGSA,A,3,22,19,17,14,,,,,,,,,4.7,4.6,1.0*39
$GPGSV,3,1,12,14,68,010,23,17,53,324,23,22,51,336,25,30,48,209,31*74
$GPGSV,3,2,12,19,37,285,33,06,29,214,30,03,27,100,,02,27,039,24*7D
$GPGSV,3,3,12,07,26,177,31,21,11,039,21,13,04,265,31,44,36,241,28*7D
$GPRMC,175815.000,A,2630.7682,N,07704.6860,W,0.39,158.86,280324,,,D*71
$GPVTG,158.86,T,,M,0.39,N,0.7,K,D*07
$GPGGA,175820.000,2630.7714,N,07704.6877,W,2,04,4.6,8.1,M,-33.0,M,3.8,0000*4B
$GPGSA,A,3,22,19,17,14,,,,,,,,,4.7,4.6,1.0*39
$GPGSV,3,1,12,14,68,010,24,17,53,324,27,22,51,336,28,30,48,209,38*73
$GPGSV,3,2,12,19,37,285,32,06,29,214,32,03,27,100,,02,27,039,28*72
$GPGSV,3,3,12,07,26,177,24,21,11,039,,13,04,265,32,44,36,241,32*72
$GPRMC,175820.000,A,2630.7714,N,07704.6877,W,1.26,324.72,280324,,,D*72
$GPVTG,324.72,T,,M,1.26,N,2.3,K,D*0C
$GPGGA,175825.000,2630.7750,N,07704.6900,W,2,04,4.6,14.2,M,-33.0,M,8.8,0000*7A
$GPGSA,A,3,22,19,17,14,,,,,,,,,4.7,4.6,1.0*39
$GPGSV,3,1,11,14,68,010,25,17,53,324,20,22,51,336,23,30,48,209,38*7D
$GPGSV,3,2,11,19,37,285,32,06,29,214,37,03,27,100,,02,27,039,19*76
$GPGSV,3,3,11,07,26,177,25,21,11,039,24,13,04,265,33*44
$GPVTG,339.58,T,,M,2.23,N,4.1,K,D*0A
$GPGGA,175830.000,2630.7734,N,07704.6902,W,2,03,5.0,21.0,M,-33.0,M,13.8,0000*40
$GPGSA,A,2,22,19,14,,,,,,,,,,5.1,5.0,1.0*3E
$GPGSV,3,1,11,14,68,010,26,17,53,324,14,22,51,336,23,30,48,209,38*79
$GPGSV,3,2,11,19,37,285,32,06,29,214,36,03,27,100,,02,27,039,26*7B
$GPGSV,3,3,11,07,26,177,28,21,11,039,23,13,04,265,32*4F
$GPRMC,175830.000,A,2630.7734,N,07704.6902,W,1.43,180.22,280324,,,D*78
$GPVTG,180.22,T,,M,1.43,N,2.7,K,N*08
$GPGGA,175835.000,2630.7770,N,07704.6898,W,1,03,6.3,19.8,M,-33.0,M,,0000*53
$GPGSA,A,2,19,17,14,,,,,,,,,,6.4,6.3,1.0*3E
$GPGSV,3,1,11,14,68,010,26,17,53,324,23,22,51,336,13,30,48,209,38*7E
$GPGSV,3,2,11,19,37,285,32,06,29,214,36,03,27,100,,02,27,039,21*7C
$GPGSV,3,3,11,07,26,177,24,21,11,039,24,13,04,265,32*44
$GPRMC,175835.000,A,2630.7770,N,07704.6898,W,1.33,349.07,280324,,,A*7D
$GPVTG,349.07,T,,M,1.33,N,2.5,K,N*0D
$GPGGA,175840.000,2630.7716,N,07704.6889,W,1,04,4.6,20.6,M,-33.0,M,,0000*55
$GPGSA,A,3,22,19,17,14,,,,,,,,,4.7,4.6,1.0*39
$GPGSV,3,1,12,14,69,012,27,17,53,325,24,22,51,337,19,30,48,208,38*73
$GPGSV,3,2,12,19,37,286,28,06,30,214,36,03,28,099,,02,26,039,22*73
$GPGSV,3,3,12,07,25,177,25,21,10,039,21,13,04,265,32,44,36,241,29*78
$GPRMC,175840.000,A,2630.7716,N,07704.6889,W,0.51,154.79,280324,,,A*7D
$GPVTG,154.79,T,,M,0.51,N,0.9,K,A*0E
$GPGGA,175845.000,2630.7739,N,07704.6906,W,1,04,4.6,22.2,M,-33.0,M,,0000*5D
$GPGSA,A,3,22,19,17,14,,,,,,,,,4.7,4.6,1.0*39
$GPGSV,3,1,12,14,69,012,26,17,53,325,28,22,51,337,23,30,48,208,35*7A
$GPGSV,3,2,12,19,37,286,27,06,30,214,26,03,28,099,19,02,26,039,25*72
$GPGSV,3,3,12,07,25,177,25,21,10,039,30,13,04,265,26,44,36,241,39*7C
$GPRMC,175845.000,A,2630.7739,N,07704.6906,W,0.86,338.58,280324,,,A*72
$GPVTG,338.58,T,,M,0.86,N,1.6,K,A*01
$GPGGA,175850.000,2630.7756,N,07704.6922,W,2,04,4.6,23.0,M,-33.0,M,2.8,0000*72
$GPGSA,A,3,22,19,17,14,,,,,,,,,4.7,4.6,1.0*39
$GPGSV,3,1,12,14,69,012,27,17,53,325,31,22,51,337,29,30,48,208,38*74
$GPGSV,3,2,12,19,37,286,32,06,30,214,30,03,28,099,20,02,26,039,23*7D
$GPGSV,3,3,12,07,25,177,26,21,10,039,23,13,04,265,27,44,36,241,33*76
$GPRMC,175850.000,A,2630.7756,N,07704.6922,W,0.66,68.77,280324,,,D*49
$GPVTG,68.77,T,,M,0.66,N,1.2,K,D*35
$GPGGA,175855.000,2630.7763,N,07704.6913,W,2,04,4.6,24.5,M,-33.0,M,1.8,0000*72
$GPGSA,A,3,22,19,17,14,,,,,,,,,4.7,4.6,1.0*39
$GPGSV,3,1,12,14,69,012,29,17,53,325,31,22,51,337,30,30,48,208,38*72
$GPGSV,3,2,12,19,37,286,33,06,30,214,32,03,28,099,13,02,26,039,24*79
$GPGSV,3,3,12,07,25,177,31,21,10,039,21,13,04,265,30,44,36,241,36*71
$GPVTG,93.38,T,,M,0.24,N,0.4,K,D*3B
$GPGGA,175900.000,2630.7778,N,07704.6892,W,2,04,4.6,21.9,M,-33.0,M,6.8,0000*7F
$GPGSA,A,3,22,19,17,14,,,,,,,,,4.7,4.6,1.0*39
$GPGSV,3,1,11,14,69,012,14,17,53,325,23,22,51,337,19,30,48,208,21*7F
$GPGSV,3,2,11,19,37,286,18,06,30,214,20,03,28,099,,02,26,039,12*77
$GPGSV,3,3,11,07,25,177,21,21,10,039,17,13,04,265,14*47
$GPRMC,175900.000,A,2630.7778,N,07704.6892,W,1.37,54.33,280324,,,D*41
$GPVTG,54.33,T,,M,1.37,N,2.5,K,D*3B
$GPGGA,175905.000,2630.7881,N,07704.6926,W,2,03,50.0,20.8,M,-33.0,M,11.8,0000*7B
$GPGSA,A,2,22,19,17,,,,,,,,,,50.0,50.0,1.0*3C
$GPGSV,3,1,11,14,69,012,16,17,53,325,16,22,51,337,28,30,48,208,21*79
$GPGSV,3,2,11,19,37,286,24,06,30,214,21,03,28,099,,02,26,039,13*78
$GPGSV,3,3,11,07,25,177,18,21,10,039,16,13,04,265,18*40
$GPRMC,175905.000,A,2630.7881,N,07704.6926,W,2.22,319.27,280324,,,D*7B
$GPVTG,319.27,T,,M,2.22,N,4.1,K,D*01
$GPGGA,175910.000,2630.7837,N,07704.6932,W,2,03,6.3,21.3,M,-33.0,M,16.8,0000*4A
$GPGSA,A,2,19,17,14,,,,,,,,,,6.3,6.3,1.0*39
$GPGSV,3,1,11,14,69,012,17,17,53,325,18,22,51,337,,30,48,208,19*77
$GPGSV,3,2,11,19,37,286,21,06,30,214,07,03,28,099,,02,26,039,*7B
$GPGSV,3,3,11,07,25,177,,21,10,039,14,13,04,265,18*4B
$GPRMC,175910.000,A,2630.7837,N,07704.6932,W,2.08,291.32,280324,,,D*7A
$GPVTG,291.32,T,,M,2.08,N,3.9,K,N*09
$GPGGA,175915.000,2630.7899,N,07704.6963,W,1,03,6.3,22.1,M,-33.0,M,,0000*5C
$GPGSA,A,2,19,17,14,,,,,,,,,,6.3,6.3,1.0*39
$GPGSV,3,1,11,14,69,012,17,17,53,325,18,22,51,337,,30,48,208,*7F
$GPGSV,3,2,11,19,37,286,22,06,30,214,,03,28,099,,02,26,039,*7F
$GPGSV,3,3,11,07,25,177,,21,10,039,,13,04,265,*47
$GPRMC,175915.000,A,2630.7899,N,07704.6963,W,4.54,333.86,280324,,,A*73
$GPVTG,333.86,T,,M,4.54,N,8.4,K,N*06
$GPGGA,175920.000,2630.8012,N,07704.6980,W,1,03,6.2,22.2,M,-33.0,M,,0000*51
$GPGSA,A,2,19,17,14,,,,,,,,,,6.3,6.2,1.0*38
$GPGSV,3,1,11,14,69,012,16,17,53,325,17,22,51,337,,30,48,208,*71
$GPGSV,3,2,11,19,37,286,20,06,30,214,,03,28,099,,02,26,039,*7D
$GPGSV,3,3,11,07,25,177,,21,10,039,,13,04,265,*47
$GPVTG,347.73,T,,M,6.66,N,12.3,K,N*30
$GPGGA,175925.000,2630.7935,N,07704.6982,W,1,04,4.6,22.6,M,-33.0,M,,0000*50
$GPGSA,A,3,22,19,17,14,,,,,,,,,4.7,4.6,1.0*39
$GPGSV,3,1,11,14,69,012,15,17,53,325,18,22,51,337,17,30,48,208,18*72
$GPGSV,3,2,11,19,37,286,21,06,30,214,,03,28,099,,02,26,039,*7C
$GPGSV,3,3,11,07,25,177,,21,10,039,,13,04,265,19*4F
$GPRMC,175925.000,A,2630.7935,N,07704.6982,W,3.01,283.71,280324,,,A*7D
$GPVTG,283.71,T,,M,3.01,N,5.6,K,A*03
$GPGGA,175930.000,2630.7945,N,07704.7043,W,1,04,4.6,22.3,M,-33.0,M,,0000*53
$GPGSA,A,3,22,19,17,14,,,,,,,,,4.7,4.6,1.0*39
$GPGSV,3,1,11,14,69,012,13,17,53,325,16,22,51,337,14,30,48,208,16*77
$GPGSV,3,2,11,19,37,286,14,06,30,214,,03,28,099,,02,26,039,*7A
$GPGSV,3,3,11,07,25,177,,21,10,039,,13,04,265,17*41
$GPRMC,175930.000,A,2630.7945,N,07704.7043,W,3.42,249.19,280324,,,A*74
$GPVTG,249.19,T,,M,3.42,N,6.3,K,A*0A
$GPGGA,175935.000,2630.7813,N,07704.7058,W,6,00,50.0,21.1,M,-33.0,M,,0000*6B
$GPGSA,A,2,,,,,,,,,,,,,50.0,50.0,50.0*06
$GPGSV,3,1,11,14,69,012,,17,53,325,15,22,51,337,,30,48,208,16*73
$GPGSV,3,2,11,19,37,286,14,06,30,214,,03,28,099,,02,26,039,*7A
$GPGSV,3,3,11,07,25,177,,21,10,039,,13,04,265,12*44
$GPRMC,175935.000,A,2630.7813,N,07704.7058,W,6.23,194.04,280324,,,E*70
$GPVTG,194.04,T,,M,6.23,N,11.5,K,N*38
$GPGGA,175940.000,2630.7729,N,07704.7081,W,6,00,50.0,21.1,M,-33.0,M,,0000*6B
$GPGSA,A,2,,,,,,,,,,,,,50.0,50.0,50.0*06
$GPGSV,3,1,11,14,69,012,,17,53,325,,22,51,337,,30,48,208,15*74
$GPGSV,3,2,11,19,37,286,14,06,30,214,,03,28,099,,02,26,039,*7A
$GPGSV,3,3,11,07,25,177,,21,10,039,,13,04,265,*47
$GPRMC,175940.000,A,2630.7729,N,07704.7081,W,6.23,194.04,280324,,,E*70
$GPVTG,194.04,T,,M,6.23,N,11.5,K,N*38
$GPGGA,175945.000,2630.7645,N,07704.7105,W,6,00,50.0,21.1,M,-33.0,M,,0000*68
$GPGSA,A,2,,,,,,,,,,,,,50.0,50.0,50.0*06
$GPGSV,3,1,11,14,69,012,,17,53,325,,22,51,337,,30,48,208,*70
$GPGSV,3,2,11,19,37,286,14,06,30,214,,03,28,099,,02,26,039,*7A
$GPGSV,3,3,11,07,25,177,,21,10,039,,13,04,265,*47
$GPRMC,175945.000,A,2630.7645,N,07704.7105,W,6.23,194.04,280324,,,E*73
$GPGGA,051939.987,4530.4997,N,12244.3014,W,1,03,5.1,-11.7,M,-19.5,M,,0000*74
$GPGSA,A,2,10,32,27,,,,,,,,,,5.2,5.1,1.0*34
$GPGSV,3,1,10,23,65,039,17,10,45,334,29,18,44,181,,32,40,286,28*79
$GPGSV,3,2,10,24,35,044,,28,21,210,,25,17,143,,12,16,111,*71
$GPGSV,3,3,10,15,09,065,,27,04,270,30*71
$GPRMC,051939.987,A,4530.4997,N,12244.3014,W,55.94,259.60,290324,,,A*40
$GPVTG,259.60,T,,M,55.94,N,103.6,K,N*33
$GPGGA,051944.987,4530.4708,N,12244.4054,W,1,03,5.1,-11.7,M,-19.5,M,,0000*75
$GPGSA,A,2,10,32,27,,,,,,,,,,5.2,5.1,1.0*34
$GPGSV,3,1,10,32,70,174,35,10,69,043,29,08,38,268,,23,34,074,23*71
$GPGSV,3,2,10,27,33,222,32,21,33,308,,24,17,048,,02,17,310,*7D
$GPGSV,3,3,10,18,08,131,,28,06,161,*70
$GPRMC,051944.987,A,4530.4708,N,12244.4054,W,56.27,251.31,290324,,,A*46
$GPVTG,251.31,T,,M,56.27,N,104.2,K,N*37
$GPGGA,051949.987,4530.4446,N,12244.5094,W,1,03,5.1,-11.7,M,-19.5,M,,0000*7C
$GPGSA,A,2,10,32,27,,,,,,,,,,5.2,5.1,1.0*34
$GPGSV,3,1,10,32,70,174,36,10,69,043,30,08,38,268,25,23,34,074,24*7A
$GPGSV,3,2,10,27,33,222,32,21,33,308,25,24,17,048,,02,17,310,*7A
$GPGSV,3,3,10,18,08,131,,28,06,161,*70
$GPRMC,051949.987,A,4530.4446,N,12244.5094,W,55.35,249.91,290324,,,A*4C
$GPVTG,249.91,T,,M,55.35,N,102.5,K,N*35
$GPGGA,051954.987,4530.4192,N,12244.6090,W,1,03,5.1,-11.7,M,-19.5,M,,0000*7B
$GPGSA,A,2,10,32,27,,,,,,,,,,5.2,5.1,1.0*34
$GPGSV,3,1,10,32,70,174,36,10,69,043,30,08,38,268,26,23,34,074,24*79
$GPGSV,3,2,10,27,33,222,33,21,33,308,18,24,17,048,,02,17,310,*75
$GPGSV,3,3,10,18,08,131,,28,06,161,*70
$GPRMC,051954.987,A,4530.4192,N,12244.6090,W,51.22,251.17,290324,,,A*4E
$GPVTG,251.17,T,,M,51.22,N,94.9,K,N*02
$GPGGA,051959.987,4530.3975,N,12244.6984,W,1,03,5.2,-11.7,M,-19.5,M,,0000*7F
$GPGSA,A,2,10,32,27,,,,,,,,,,5.2,5.2,1.0*37
$GPGSV,3,1,10,32,70,174,35,10,69,043,30,08,38,268,27,23,34,074,23*7C
$GPGSV,3,2,10,27,33,222,33,21,33,308,17,24,17,048,,02,17,310,*7A
$GPGSV,3,3,10,18,08,131,,28,06,161,*70
$GPRMC,051959.987,A,4530.3975,N,12244.6984,W,48.49,252.68,290324,,,A*47
$GPGGA,052004.987,4530.3785,N,12244.7937,W,1,03,5.2,-11.7,M,-19.5,M,,0000*75
$GPGSA,A,2,10,32,27,,,,,,,,,,5.3,5.2,1.0*36
$GPGSV,3,1,11,32,70,174,34,10,69,043,30,08,38,268,30,23,34,074,22*7B
$GPGSV,3,2,11,27,33,222,32,21,33,308,27,24,17,048,26,02,17,310,*7D
$GPGSV,3,3,11,18,08,131,,28,06,161,,44,37,171,29*49
$GPRMC,052004.987,A,4530.3785,N,12244.7937,W,51.42,254.92,290324,,,A*4D
$GPVTG,254.92,T,,M,51.42,N,95.2,K,N*06
$GPGGA,052009.987,4530.3498,N,12244.8720,W,1,03,5.2,-11.7,M,-19.5,M,,0000*70
$GPGSA,A,2,10,32,27,,,,,,,,,,5.3,5.2,1.0*36
$GPGSV,3,1,11,32,70,174,32,10,69,043,29,08,38,268,31,23,34,074,21*77
$GPGSV,3,2,11,27,33,222,31,21,33,308,18,24,17,048,20,02,17,310,*74
$GPGSV,3,3,11,18,08,131,,28,06,161,,44,37,171,27*47
$GPRMC,052009.987,A,4530.3498,N,12244.8720,W,51.28,256.99,290324,,,A*4D
$GPVTG,256.99,T,,M,51.28,N,95.0,K,N*01
$GPGGA,052014.987,4530.3458,N,12244.9898,W,1,03,5.2,-11.7,M,-19.5,M,,0000*7D
$GPGSA,A,2,10,32,27,,,,,,,,,,5.3,5.2,1.0*36
$GPGSV,3,1,11,32,70,174,32,10,69,043,29,08,38,268,30,23,34,074,21*76
$GPGSV,3,2,11,27,33,222,31,21,33,308,18,24,17,048,,02,17,310,*76
$GPGSV,3,3,11,18,08,131,,28,06,161,,44,37,171,23*43
$GPRMC,052014.987,A,4530.3458,N,12244.9898,W,51.68,259.35,290324,,,A*4D
$GPVTG,259.35,T,,M,51.68,N,95.7,K,N*0B
$GPGGA,052019.987,4530.3343,N,12245.0904,W,1,03,5.2,-11.7,M,-19.5,M,,0000*71
$GPGSA,A,2,10,32,27,,,,,,,,,,5.3,5.2,1.0*36
$GPGSV,3,1,10,32,70,174,29,10,69,043,30,08,38,268,22,23,34,074,12*76
$GPGSV,3,2,10,27,33,222,27,21,33,308,27,24,17,048,,02,17,310,*7C
$GPGSV,3,3,10,18,08,131,,28,06,161,*70
$GPRMC,052019.987,A,4530.3343,N,12245.0904,W,52.37,262.94,290324,,,A*4B
$GPVTG,262.94,T,,M,52.37,N,97.0,K,N*04
$GPGGA,052119.987,4530.4329,N,12246.4334,W,1,04,3.9,145.8,M,-19.5,M,,0000*6D
$GPGSA,A,3,10,32,27,23,,,,,,,,,4.9,3.9,2.9*3A
$GPGSV,3,1,10,32,71,173,27,10,68,044,33,08,38,267,30,21,34,308,26*7A
$GPGSV,3,2,10,23,33,074,30,27,33,221,26,02,18,310,24,24,17,048,24*7D
$GPGSV,3,3,10,18,07,131,,28,06,160,*7E
$GPRMC,052119.987,A,4530.4329,N,12246.4334,W,50.97,288.04,290324,,,A*4A
$GPGGA,052125.000,4530.4566,N,12246.5304,W,1,04,3.9,145.1,M,-19.5,M,,0000*62
$GPGSA,A,3,10,32,27,23,,,,,,,,,4.9,3.9,2.9*3A
$GPGSV,3,1,10,32,71,173,26,10,68,044,32,08,38,267,30,21,34,308,25*79
$GPGSV,3,2,10,23,33,074,28,27,33,221,27,02,18,310,23,24,17,048,24*72
$GPGSV,3,3,10,18,07,131,,28,06,160,*7E
$GPRMC,052125.000,A,4530.4566,N,12246.5304,W,52.09,289.71,290324,,,A*4A
$GPVTG,289.71,T,,M,52.09,N,96.5,K,A*0C
$GPGGA,052130.000,4530.4833,N,12246.6262,W,1,04,3.9,143.2,M,-19.5,M,,0000*6C
$GPGSA,A,3,10,32,27,23,,,,,,,,,4.9,3.9,2.9*3A
$GPGSV,3,1,10,32,71,173,26,10,68,044,32,08,38,267,31,21,34,308,26*7B
$GPGSV,3,2,10,23,33,074,22,27,33,221,28,02,18,310,18,24,17,048,25*7E
$GPGSV,3,3,10,18,07,131,,28,06,160,*7E
$GPRMC,052130.000,A,4530.4833,N,12246.6262,W,52.63,292.58,290324,,,A*4C
$GPVTG,292.58,T,,M,52.63,N,97.5,K,A*00
$GPGGA,052135.000,4530.5154,N,12246.7234,W,1,04,3.9,136.5,M,-19.5,M,,0000*67
$GPGSA,A,3,10,32,27,23,,,,,,,,,4.9,3.9,2.9*3A
$GPGSV,3,1,10,32,71,173,26,10,68,044,31,08,38,267,32,21,34,308,27*7A
$GPGSV,3,2,10,23,33,074,21,27,33,221,29,02,18,310,18,24,17,048,25*7C
$GPGSV,3,3,10,18,07,131,,28,06,160,*7E
$GPRMC,052135.000,A,4530.5154,N,12246.7234,W,52.13,294.79,290324,,,A*40
$GPVTG,294.79,T,,M,52.13,N,96.5,K,A*03
$GPGGA,052140.000,4530.5458,N,12246.8159,W,1,04,4.0,139.1,M,-19.5,M,,0000*6E
$GPGSA,A,3,10,32,27,23,,,,,,,,,4.9,4.0,2.9*34
$GPGSV,3,1,10,32,71,173,19,10,68,044,31,08,38,267,33,21,34,308,26*76
$GPGSV,3,2,10,23,33,074,19,27,33,221,30,02,18,310,19,24,17,048,26*7D
$GPGSV,3,3,10,18,07,131,,28,06,160,*7E
$GPRMC,052140.000,A,4530.5458,N,12246.8159,W,51.41,296.73,290324,,,A*40
$GPVTG,296.73,T,,M,51.41,N,95.2,K,A*0B
$GPGGA,052145.000,4530.5746,N,12246.8994,W,1,03,4.2,137.9,M,-19.5,M,,0000*6D
$GPGSA,A,2,10,27,23,,,,,,,,,,4.3,4.2,1.0*36
$GPGSV,3,1,10,32,71,173,18,10,68,044,31,08,38,267,33,21,34,308,22*73
$GPGSV,3,2,10,23,33,074,19,27,33,221,31,02,18,310,18,24,17,048,27*7C
$GPGSV,3,3,10,18,07,131,,28,06,160,*7E
$GPRMC,052145.000,A,4530.5746,N,12246.8994,W,48.54,296.65,290324,,,A*4B
$GPGGA,052150.000,4530.6110,N,12246.9934,W,1,05,2.0,130.6,M,-19.5,M,,0000*6E
$GPGSA,A,3,10,32,27,08,23,,,,,,,,3.2,2.0,2.5*3A
$GPGSV,3,1,10,32,71,172,18,10,68,044,29,08,38,267,33,21,34,308,21*78
$GPGSV,3,2,10,23,33,074,15,27,33,221,31,02,18,310,19,24,17,048,28*7E
$GPGSV,3,3,10,18,07,131,,28,06,160,*7E
$GPRMC,052150.000,A,4530.6110,N,12246.9934,W,51.63,297.67,290324,,,A*4D
$GPVTG,297.67,T,,M,51.63,N,95.6,K,A*0B
$GPGGA,052155.000,4530.6424,N,12247.0813,W,1,05,2.0,128.6,M,-19.5,M,,0000*6C
$GPGSA,A,3,10,32,27,08,23,,,,,,,,3.2,2.0,2.5*3A
$GPGSV,3,1,10,32,71,172,19,10,68,044,30,08,38,267,33,21,34,308,23*73
$GPGSV,3,2,10,23,33,074,18,27,33,221,31,02,18,310,19,24,17,048,29*72
$GPGSV,3,3,10,18,07,131,19,28,06,160,*76
$GPRMC,052155.000,A,4530.6424,N,12247.0813,W,49.42,297.61,290324,,,A*4A
$GPVTG,297.61,T,,M,49.42,N,91.5,K,A*00
$GPGGA,052200.000,4530.6750,N,12247.1683,W,1,05,2.0,121.0,M,-19.5,M,,0000*66
$GPGSA,A,3,10,32,27,08,23,,,,,,,,3.2,2.0,2.5*3A
$GPGSV,3,1,10,32,71,172,19,10,68,044,30,08,38,267,34,21,34,308,24*73
$GPGSV,3,2,10,23,33,074,18,27,33,221,31,02,18,310,19,24,17,048,28*73
$GPGSV,3,3,10,18,07,131,19,28,06,160,*76
$GPRMC,052200.000,A,4530.6750,N,12247.1683,W,50.81,297.63,290324,,,A*4A
$GPVTG,297.63,T,,M,50.81,N,94.1,K,A*04
$GPGGA,052205.000,4530.7090,N,12247.2602,W,1,05,2.0,116.1,M,-19.5,M,,0000*66
$GPGSA,A,3,10,32,27,08,23,,,,,,,,3.2,2.0,2.5*3A
$GPGSV,3,1,10,32,71,172,19,10,68,044,30,08,38,267,34,21,34,308,25*72
$GPGSV,3,2,10,23,33,074,19,27,33,221,31,02,18,310,20,24,17,048,25*75
$GPGSV,3,3,10,18,07,131,,28,06,160,*7E
$GPRMC,052205.000,A,4530.7090,N,12247.2602,W,52.52,297.63,290324,,,A*43
$GPVTG,297.63,T,,M,52.52,N,97.3,K,A*09
$GPGGA,052210.000,4530.7431,N,12247.3531,W,1,05,2.0,108.4,M,-19.5,M,,0000*65
$GPGSA,A,3,10,32,27,08,23,,,,,,,,3.2,2.0,2.5*3A
$GPGSV,3,1,10,32,71,172,15,10,68,044,30,08,38,267,34,21,34,308,26*7D
$GPGSV,3,2,10,23,33,074,19,27,33,221,31,02,18,310,21,24,17,048,17*75
$GPGSV,3,3,10,18,07,131,,28,06,160,*7E
$GPRMC,052210.000,A,4530.7431,N,12247.3531,W,53.28,297.15,290324,,,A*47
$GPGGA,052215.000,4530.7777,N,12247.4481,W,1,05,2.0,103.6,M,-19.5,M,,0000*65
$GPGSA,A,3,10,32,27,08,23,,,,,,,,3.2,2.0,2.5*3A
$GPGSV,3,1,10,32,71,172,18,10,68,045,31,08,38,267,33,21,34,308,26*77
$GPGSV,3,2,10,23,33,074,19,27,33,221,31,02,18,311,20,24,17,047,28*76
$GPGSV,3,3,10,18,07,131,,28,07,160,*7F
$GPRMC,052215.000,A,4530.7777,N,12247.4481,W,53.15,297.94,290324,,,A*49
$GPVTG,297.94,T,,M,53.15,N,98.4,K,A*0B
$GPGGA,052220.000,4530.8107,N,12247.5380,W,1,05,2.0,99.6,M,-19.5,M,,0000*58
$GPGSA,A,3,10,32,27,08,23,,,,,,,,3.2,2.0,2.5*3A
$GPGSV,3,1,10,32,71,172,17,10,68,045,31,08,38,267,34,21,34,308,27*7E
$GPGSV,3,2,10,23,33,074,20,27,33,221,31,02,18,311,20,24,17,047,29*7D
$GPGSV,3,3,10,18,07,131,,28,07,160,*7F
$GPRMC,052220.000,A,4530.8107,N,12247.5380,W,51.54,297.95,290324,,,A*40
$GPVTG,297.95,T,,M,51.54,N,95.4,K,A*00
$GPGGA,052225.000,4530.8431,N,12247.6253,W,1,05,2.0,91.9,M,-19.5,M,,0000*56
$GPGSA,A,3,10,32,27,08,23,,,,,,,,3.2,2.0,2.5*3A
$GPGSV,3,1,11,32,71,172,15,10,68,045,31,08,38,267,34,21,34,308,27*7D
$GPGSV,3,2,11,23,33,074,20,27,33,221,32,02,18,311,19,24,17,047,29*75
$GPGSV,3,3,11,18,07,131,16,28,07,160,,44,37,171,31*48
$GPRMC,052225.000,A,4530.8431,N,12247.6253,W,50.82,297.76,290324,,,A*4E
$GPVTG,297.76,T,,M,50.82,N,94.1,K,A*03
$GPGGA,052230.000,4530.8760,N,12247.7143,W,1,05,2.0,90.1,M,-19.5,M,,0000*5F
$GPGSA,A,3,10,32,27,08,23,,,,,,,,3.2,2.0,2.5*3A
$GPGSV,3,1,11,32,71,172,16,10,68,045,31,08,38,267,34,21,34,308,26*7F
$GPGSV,3,2,11,23,33,074,21,27,33,221,32,02,18,311,19,24,17,047,29*74
$GPGSV,3,3,11,18,07,131,16,28,07,160,,44,37,171,26*4E
$GPRMC,052230.000,A,4530.8760,N,12247.7143,W,51.57,298.28,290324,,,A*43
$GPVTG,298.28,T,,M,51.57,N,95.5,K,A*0B
$GPGGA,052235.000,4530.9111,N,12247.8066,W,1,05,2.0,85.0,M,-19.5,M,,0000*57
$GPGSA,A,3,10,32,27,08,23,,,,,,,,3.2,2.0,2.5*3A
$GPGSV,3,1,11,32,71,172,17,10,68,045,31,08,38,267,34,21,34,308,26*7E
$GPGSV,3,2,11,23,33,074,21,27,33,221,32,02,18,311,18,24,17,047,29*75
$GPGSV,3,3,11,18,07,131,16,28,07,160,,44,37,171,25*4D
$GPVTG,297.98,T,,M,54.27,N,100.5,K,A*30
$GPGGA,052240.000,4530.9467,N,12247.8995,W,1,05,2.0,73.1,M,-19.5,M,,0000*5C
$GPGSA,A,3,10,32,27,08,23,,,,,,,,3.2,2.0,2.5*3A
$GPGSV,3,1,11,32,71,172,22,10,68,045,30,08,38,267,34,21,34,308,26*79
$GPGSV,3,2,11,23,33,074,21,27,33,221,32,02,18,311,17,24,17,047,21*72
$GPGSV,3,3,11,18,07,131,17,28,07,160,,44,37,171,23*4A
$GPRMC,052240.000,A,4530.9467,N,12247.8995,W,54.51,298.25,290324,,,A*43
$GPVTG,298.25,T,,M,54.51,N,101.0,K,A*3C
$GPGGA,052245.000,4530.9818,N,12247.9949,W,1,05,2.0,69.2,M,-19.5,M,,0000*55
$GPGSA,A,3,10,32,27,08,23,,,,,,,,3.2,2.0,2.5*3A
$GPGSV,3,1,10,32,72,172,24,10,68,045,29,08,38,266,34,21,35,308,27*74
$GPGSV,3,2,10,23,33,074,22,27,32,221,31,02,18,311,17,24,17,047,29*7A
$GPGSV,3,3,10,18,07,131,15,28,07,160,*7B
$GPRMC,052245.000,A,4530.9818,N,12247.9949,W,55.67,298.30,290324,,,A*42
$GPVTG,298.30,T,,M,55.67,N,103.1,K,A*3F
$GPGGA,052250.000,4531.0172,N,12248.0936,W,1,05,2.0,70.7,M,-19.5,M,,0000*5F
$GPGSA,A,3,10,32,27,08,23,,,,,,,,3.2,2.0,2.5*3A
$GPGSV,3,1,10,32,72,172,24,10,68,045,28,08,38,266,34,21,35,308,27*75
$GPGSV,3,2,10,23,33,074,22,27,32,221,31,02,18,311,16,24,17,047,26*74
$GPGSV,3,3,10,18,07,131,,28,07,160,*7F
$GPRMC,052250.000,A,4531.0172,N,12248.0936,W,56.43,297.77,290324,,,A*4C
$GPVTG,297.77,T,,M,56.43,N,104.5,K,A*35
$GPGGA,052255.000,4531.0552,N,12248.1909,W,1,05,2.0,62.4,M,-19.5,M,,0000*51
$GPGSA,A,3,10,32,27,08,23,,,,,,,,3.2,2.0,2.5*3A
$GPGSV,3,1,10,32,72,172,23,10,68,045,29,08,38,266,34,21,35,308,26*72
$GPGSV,3,2,10,23,33,074,21,27,32,221,31,02,18,311,16,24,17,047,26*77
$GPGSV,3,3,10,18,07,131,,28,07,160,*7F
$GPRMC,052255.000,A,4531.0552,N,12248.1909,W,55.62,298.86,290324,,,A*43
$GPVTG,298.86,T,,M,55.62,N,103.0,K,A*36
$GPGGA,052300.000,4531.0926,N,12248.2830,W,1,05,2.0,52.9,M,-19.5,M,,0000*59
$GPGSA,A,3,10,32,27,08,23,,,,,,,,3.2,2.0,2.5*3A
$GPGSV,3,1,10,32,72,172,24,10,68,045,30,08,38,266,34,21,35,308,25*7E
$GPGSV,3,2,10,23,33,074,20,27,32,221,31,02,18,311,17,24,17,047,26*77
$GPGSV,3,3,10,18,07,131,,28,07,160,*7F
$GPVTG,299.66,T,,M,51.75,N,95.8,K,A*0D
$GPGGA,052305.000,4531.1263,N,12248.3674,W,1,04,3.5,50.1,M,-19.5,M,,0000*57
$GPGSA,A,3,10,32,27,08,,,,,,,,,8.2,3.5,7.5*31
$GPGSV,3,1,10,32,72,172,24,10,68,045,30,08,38,266,33,21,35,308,24*78
$GPGSV,3,2,10,23,33,074,,27,32,221,31,02,18,311,18,24,17,047,26*7A
$GPGSV,3,3,10,18,07,131,22,28,07,160,*7F
$GPRMC,052305.000,A,4531.1263,N,12248.3674,W,48.42,300.20,290324,,,A*46
$GPVTG,300.20,T,,M,48.42,N,89.7,K,A*00
$GPGGA,052310.000,4531.1599,N,12248.4480,W,1,04,3.5,43.7,M,-19.5,M,,0000*5B
$GPGSA,A,3,10,32,27,08,,,,,,,,,8.2,3.5,7.4*30
$GPGSV,3,1,10,32,72,172,23,10,68,045,29,08,38,266,33,21,35,308,23*70
$GPGSV,3,2,10,23,33,074,,27,32,221,30,02,18,311,19,24,17,047,26*7A
$GPGSV,3,3,10,18,07,131,21,28,07,160,*7C
$GPRMC,052310.000,A,4531.1599,N,12248.4480,W,47.26,300.57,290324,,,A*43
$GPVTG,300.57,T,,M,47.26,N,87.5,K,A*01
$GPGGA,052315.000,4531.1916,N,12248.5294,W,1,04,3.5,45.8,M,-19.5,M,,0000*5E
$GPGSA,A,3,10,32,27,08,,,,,,,,,8.2,3.5,7.4*30
$GPGSV,3,1,10,32,72,171,24,10,67,046,28,08,37,266,33,21,35,308,22*77
$GPGSV,3,2,10,23,32,075,,27,32,221,30,02,19,311,19,24,17,047,22*7F
$GPGSV,3,3,10,28,07,160,,18,07,131,20*7D
$GPRMC,052315.000,A,4531.1916,N,12248.5294,W,47.50,299.62,290324,,,A*49
$GPVTG,299.62,T,,M,47.50,N,88.0,K,A*0D
$GPGGA,052320.000,4531.2243,N,12248.6122,W,1,04,3.5,48.2,M,-19.5,M,,0000*5A
$GPGSA,A,3,10,32,27,08,,,,,,,,,8.2,3.5,7.4*30
$GPGSV,3,1,10,32,72,171,25,10,67,046,28,08,37,266,33,21,35,308,21*75
$GPGSV,3,2,10,23,32,075,,27,32,221,30,02,19,311,19,24,17,047,25*78
$GPGSV,3,3,10,28,07,160,,18,07,131,19*77
$GPRMC,052320.000,A,4531.2243,N,12248.6122,W,49.15,298.95,290324,,,A*4C
$GPVTG,298.95,T,,M,49.15,N,91.0,K,A*03
$GPGGA,052325.000,4531.2567,N,12248.6967,W,1,04,3.5,50.0,M,-19.5,M,,0000*5C
$GPGSA,A,3,10,32,27,08,,,,,,,,,8.1,3.5,7.4*33
$GPGSV,3,1,10,32,72,171,27,10,67,046,28,08,37,266,33,21,35,308,22*74
$GPGSV,3,2,10,23,32,075,,27,32,221,31,02,19,311,18,24,17,047,23*7E
$GPGSV,3,3,10,28,07,160,,18,07,131,19*77
$GPVTG,298.72,T,,M,48.08,N,89.0,K,A*0E
$GPGGA,052330.000,4531.2881,N,12248.7792,W,1,04,3.5,51.9,M,-19.5,M,,0000*50
$GPGSA,A,3,10,32,27,08,,,,,,,,,8.1,3.5,7.3*34
$GPGSV,3,1,10,32,72,171,27,10,67,046,28,08,37,266,32,21,35,308,22*75
$GPGSV,3,2,10,23,32,075,,27,32,221,30,02,19,311,20,24,17,047,23*74
$GPGSV,3,3,10,28,07,160,,18,07,131,19*77
$GPRMC,052330.000,A,4531.2881,N,12248.7792,W,46.13,298.79,290324,,,A*4E
$GPVTG,298.79,T,,M,46.13,N,85.4,K,A*09
$GPGGA,052335.000,4531.3185,N,12248.8613,W,1,04,3.5,55.9,M,-19.5,M,,0000*5A
$GPGSA,A,3,10,32,27,08,,,,,,,,,8.1,3.5,7.3*34
$GPGSV,3,1,10,32,72,171,29,10,67,046,29,08,37,266,32,21,35,308,18*73
$GPGSV,3,2,10,23,32,075,,27,32,221,29,02,19,311,26,24,17,047,18*72
$GPGSV,3,3,10,28,07,160,,18,07,131,19*77
$GPRMC,052335.000,A,4531.3185,N,12248.8613,W,47.66,298.50,290324,,,A*48
$GPVTG,298.50,T,,M,47.66,N,88.3,K,A*0B
$GPGGA,052340.000,4531.3497,N,12248.9480,W,1,03,10.1,72.3,M,-19.5,M,,0000*69
$GPGSA,A,2,10,08,23,,,,,,,,,,10.1,10.1,1.0*3A
$GPGSV,3,1,10,32,72,171,21,10,67,046,24,08,37,266,15,21,35,308,18*73
$GPGSV,3,2,10,23,32,075,21,27,32,221,10,02,19,311,09,24,17,047,22*7F
$GPGSV,3,3,10,28,07,160,,18,07,131,19*77
$GPRMC,052340.000,A,4531.3497,N,12248.9480,W,47.00,298.70,290324,,,A*47
$GPVTG,298.70,T,,M,47.00,N,87.0,K,N*0A
$GPGGA,052345.000,4531.3822,N,12249.0279,W,1,05,2.0,69.5,M,-19.5,M,,0000*5E
$GPGSA,A,3,10,32,27,08,23,,,,,,,,3.2,2.0,2.5*3A
$GPGSV,3,1,10,32,72,171,26,10,67,046,29,08,37,266,33,21,35,308,23*75
$GPGSV,3,2,10,23,32,075,19,27,32,221,31,02,19,311,15,24,17,047,29*71
$GPGSV,3,3,10,28,07,160,,18,07,131,16*78
$GPRMC,052345.000,A,4531.3822,N,12249.0279,W,46.71,298.30,290324,,,A*4B
$GPVTG,298.30,T,,M,46.71,N,86.5,K,A*02
$GPGGA,052350.000,4531.4119,N,12249.1085,W,1,04,3.4,69.1,M,-19.5,M,,0000*5C
$GPGSA,A,3,10,32,27,08,,,,,,,,,8.0,3.4,7.2*35
$GPGSV,3,1,10,32,72,171,26,10,67,046,28,08,37,266,33,21,35,308,23*74
$GPGSV,3,2,10,23,32,075,,27,32,221,31,02,19,311,15,24,17,047,29*79
$GPGSV,3,3,10,28,07,160,,18,07,131,16*78
$GPRMC,052350.000,A,4531.4119,N,12249.1085,W,47.37,298.24,290324,,,A*4F
$GPGGA,052355.000,4531.4436,N,12249.1943,W,1,04,3.4,68.8,M,-19.5,M,,0000*5A
$GPGSA,A,3,10,32,27,08,,,,,,,,,8.0,3.4,7.2*35
$GPGSV,3,1,10,32,72,171,25,10,67,046,28,08,37,266,33,21,35,308,22*76
$GPGSV,3,2,10,23,32,075,,27,32,221,31,02,19,311,16,24,17,047,17*77
$GPGSV,3,3,10,28,07,160,,18,07,131,17*79
$GPRMC,052355.000,A,4531.4436,N,12249.1943,W,50.20,297.96,290324,,,A*47
$GPVTG,297.96,T,,M,50.20,N,93.0,K,A*03
$GPGGA,052400.000,4531.4749,N,12249.2799,W,1,04,3.4,68.7,M,-19.5,M,,0000*53
$GPGSA,A,3,10,32,27,08,,,,,,,,,8.0,3.4,7.2*35
$GPGSV,3,1,10,32,72,171,25,10,67,046,29,08,37,266,34,21,35,308,23*71
$GPGSV,3,2,10,23,32,075,,27,32,221,31,02,19,311,17,24,17,047,26*74
$GPGSV,3,3,10,28,07,160,,18,07,131,17*79
$GPRMC,052400.000,A,4531.4749,N,12249.2799,W,47.90,297.90,290324,,,A*4A
$GPVTG,297.90,T,,M,47.90,N,88.7,K,A*05
$GPGGA,052405.000,4531.5070,N,12249.3646,W,1,04,3.4,68.3,M,-19.5,M,,0000*5C
$GPGSA,A,3,10,32,27,08,,,,,,,,,7.9,3.4,7.2*33
$GPGSV,3,1,10,32,72,171,25,10,67,046,29,08,37,266,34,21,35,308,23*71
$GPGSV,3,2,10,23,32,075,,27,32,221,30,02,19,311,18,24,17,047,26*7A
$GPGSV,3,3,10,28,07,160,,18,07,131,18*76
$GPRMC,052405.000,A,4531.5070,N,12249.3646,W,49.13,298.34,290324,,,A*45
$GPVTG,298.34,T,,M,49.13,N,91.0,K,A*0E
$GPGGA,052410.000,4531.5373,N,12249.4497,W,1,04,3.4,72.6,M,-19.5,M,,0000*5F
$GPGSA,A,3,10,32,27,08,,,,,,,,,7.9,3.4,7.1*30
$GPGSV,3,1,10,32,72,171,26,10,67,046,25,08,37,266,33,21,35,308,23*79
$GPGSV,3,2,10,23,32,075,,27,32,221,30,02,19,311,19,24,17,047,28*75
$GPGSV,3,3,10,28,07,160,,18,07,131,18*76
$GPRMC,052410.000,A,4531.5373,N,12249.4497,W,48.36,297.97,290324,,,A*48
$GPVTG,297.97,T,,M,48.36,N,89.6,K,A*01
$GPGGA,052415.000,4531.5687,N,12249.5324,W,1,04,3.4,71.3,M,-19.5,M,,0000*5C
$GPGSA,A,3,10,32,27,08,,,,,,,,,7.9,3.4,7.1*30
$GPGSV,3,1,10,32,72,171,26,10,67,047,26,08,37,265,33,21,35,308,24*7F
$GPGSV,3,2,10,23,32,075,,27,32,220,30,02,19,311,19,24,17,047,26*7A
$GPGSV,3,3,10,28,07,160,,18,06,131,19*76
$GPRMC,052415.000,A,4531.5687,N,12249.5324,W,47.00,298.05,290324,,,A*43
$GPGGA,052420.000,4531.5991,N,12249.6147,W,1,04,3.4,75.4,M,-19.5,M,,0000*55
$GPGSA,A,3,10,32,27,08,,,,,,,,,7.9,3.4,7.1*30
$GPGSV,3,1,10,32,72,171,26,10,67,047,27,08,37,265,33,21,35,308,25*7F
$GPGSV,3,2,10,23,32,075,,27,32,220,29,02,19,311,19,24,17,047,26*72
$GPGSV,3,3,10,28,07,160,,18,06,131,19*76
$GPRMC,052420.000,A,4531.5991,N,12249.6147,W,47.30,298.04,290324,,,A*4B
$GPVTG,298.04,T,,M,47.30,N,87.6,K,A*03
$GPGGA,052425.000,4531.6296,N,12249.6973,W,1,04,3.4,76.5,M,-19.5,M,,0000*52
$GPGSA,A,3,10,32,27,08,,,,,,,,,7.9,3.4,7.1*30
$GPGSV,3,1,10,32,72,171,26,10,67,047,28,08,37,265,33,21,35,308,25*70
$GPGSV,3,2,10,23,32,075,,27,32,220,29,02,19,311,19,24,17,047,27*73
$GPGSV,3,3,10,28,07,160,,18,06,131,19*76
$GPRMC,052425.000,A,4531.6296,N,12249.6973,W,47.23,298.08,290324,,,A*40
$GPVTG,298.08,T,,M,47.23,N,87.5,K,A*0E
$GPGGA,052430.000,4531.6602,N,12249.7802,W,1,04,3.4,78.0,M,-19.5,M,,0000*52
$GPGSA,A,3,10,32,27,08,,,,,,,,,7.8,3.4,7.1*31
$GPGSV,3,1,10,32,72,171,26,10,67,047,28,08,37,265,33,21,35,308,25*70
$GPGSV,3,2,10,23,32,075,,27,32,220,30,02,19,311,19,24,17,047,20*7C
$GPGSV,3,3,10,28,07,160,,18,06,131,19*76
$GPRMC,052430.000,A,4531.6602,N,12249.7802,W,47.81,298.05,290324,,,A*4E
$GPVTG,298.05,T,,M,47.81,N,88.5,K,A*04
$GPGGA,052435.000,4531.6918,N,12249.8635,W,1,04,3.4,77.6,M,-19.5,M,,0000*5F
$GPGSA,A,3,10,32,27,08,,,,,,,,,7.8,3.4,7.0*30
$GPGSV,3,1,10,32,72,171,27,10,67,047,27,08,37,265,32,21,35,308,24*7E
$GPGSV,3,2,10,23,32,075,,27,32,220,31,02,19,311,24,24,17,047,18*78
$GPGSV,3,3,10,28,07,160,,18,06,131,19*76
$GPRMC,052435.000,A,4531.6918,N,12249.8635,W,48.35,298.30,290324,,,A*4C
$GPVTG,298.30,T,,M,48.35,N,89.5,K,A*03
$GPGGA,052440.000,4531.7244,N,12249.9487,W,1,04,3.4,76.2,M,-19.5,M,,0000*51
$GPGSA,A,3,10,32,27,08,,,,,,,,,7.8,3.4,7.0*30
$GPGSV,3,1,10,32,72,171,28,10,67,047,29,08,37,265,32,21,35,308,24*7F
$GPGSV,3,2,10,23,32,075,,27,32,220,30,02,19,311,18,24,17,047,23*7E
$GPGSV,3,3,10,28,07,160,16,18,06,131,18*70
$GPRMC,052440.000,A,4531.7244,N,12249.9487,W,49.71,298.26,290324,,,A*41
$GPGGA,052445.000,4531.7571,N,12250.0341,W,1,05,2.0,72.1,M,-19.5,M,,0000*5A
$GPGSA,A,3,10,32,27,08,23,,,,,,,,3.2,2.0,2.5*3A
$GPGSV,3,1,10,32,72,171,28,10,67,047,30,08,37,265,32,21,35,308,25*76
$GPGSV,3,2,10,23,32,075,20,27,32,220,30,02,19,311,19,24,17,047,28*76
$GPGSV,3,3,10,28,07,160,15,18,06,131,18*73
$GPRMC,052445.000,A,4531.7571,N,12250.0341,W,49.34,298.08,290324,,,A*44
$GPVTG,298.08,T,,M,49.34,N,91.4,K,A*00
$GPGGA,052450.000,4531.7899,N,12250.1173,W,1,05,2.0,62.4,M,-19.5,M,,0000*53
$GPGSA,A,3,10,32,27,08,23,,,,,,,,3.2,2.0,2.5*3A
$GPGSV,3,1,10,32,72,171,27,10,67,047,30,08,37,265,32,21,35,308,25*79
$GPGSV,3,2,10,23,32,075,20,27,32,220,30,02,19,311,18,24,17,047,28*77
$GPGSV,3,3,10,28,07,160,,18,06,131,18*77
$GPRMC,052450.000,A,4531.7899,N,12250.1173,W,49.19,298.45,290324,,,A*4F
$GPVTG,298.45,T,,M,49.19,N,91.1,K,A*03
$GPGGA,052455.000,4531.8226,N,12250.2051,W,1,05,2.0,61.8,M,-19.5,M,,0000*5A
$GPGSA,A,3,10,32,27,08,23,,,,,,,,3.2,2.0,2.5*3A
$GPGSV,3,1,10,32,72,171,27,10,67,047,29,08,37,265,33,21,35,308,26*73
$GPGSV,3,2,10,23,32,075,24,27,32,220,30,02,19,311,17,24,17,047,29*7D
$GPGSV,3,3,10,28,07,160,,18,06,131,17*78
$GPRMC,052455.000,A,4531.8226,N,12250.2051,W,50.83,298.38,290324,,,A*48
$GPVTG,298.38,T,,M,50.83,N,94.1,K,A*07
$GPGGA,052500.000,4531.8564,N,12250.2934,W,1,03,2.6,58.6,M,-19.5,M,,0000*54
$GPGSA,A,2,10,27,08,,,,,,,,,,2.7,2.6,1.0*3F
$GPGSV,3,1,10,32,72,171,16,10,67,047,21,08,37,265,27,21,35,308,21*7B
$GPGSV,3,2,10,23,32,075,08,27,32,220,18,02,19,311,16,24,17,047,17*75
$GPGSV,3,3,10,28,07,160,,18,06,131,16*79
$GPRMC,052500.000,A,4531.8564,N,12250.2934,W,49.70,298.70,290324,,,A*4A
$GPVTG,298.70,T,,M,49.70,N,92.0,K,N*07
$GPGGA,052505.000,4531.8923,N,12250.3853,W,1,05,2.0,50.8,M,-19.5,M,,0000*59
$GPGSA,A,3,10,32,27,08,23,,,,,,,,3.2,2.0,2.4*3B
$GPGSV,3,1,10,32,72,171,27,10,67,047,30,08,37,265,32,21,35,308,27*7B
$GPGSV,3,2,10,23,32,075,17,27,32,220,27,02,19,311,16,24,17,047,28*7B
$GPGSV,3,3,10,28,07,160,,18,06,131,*7E
$GPRMC,052505.000,A,4531.8923,N,12250.3853,W,53.35,298.31,290324,,,A*4E
$GPGGA,052510.000,4531.9273,N,12250.4801,W,1,05,2.0,56.6,M,-19.5,M,,0000*5A
$GPGSA,A,3,10,32,27,08,23,,,,,,,,3.2,2.0,2.4*3B
$GPGSV,3,1,10,32,72,171,27,10,67,047,30,08,37,265,33,21,35,308,26*7B
$GPGSV,3,2,10,23,32,075,17,27,32,220,28,02,19,311,16,24,17,047,29*75
$GPGSV,3,3,10,28,07,160,,18,06,131,20*7C
$GPRMC,052510.000,A,4531.9273,N,12250.4801,W,52.36,298.51,290324,,,A*41
$GPVTG,298.51,T,,M,52.36,N,97.0,K,A*06
$GPGGA,052515.000,4531.9617,N,12250.5688,W,1,04,3.3,56.4,M,-19.5,M,,0000*56
$GPGSA,A,3,10,32,27,08,,,,,,,,,7.6,3.3,6.9*31
$GPGSV,3,1,10,32,72,171,24,10,67,047,24,08,37,265,31,21,35,308,24*7D
$GPGSV,3,2,10,23,32,075,16,27,32,220,27,02,19,311,16,24,17,047,23*71
$GPGSV,3,3,10,28,07,160,,18,06,131,15*7A
$GPRMC,052515.000,A,4531.9617,N,12250.5688,W,49.67,299.06,290324,,,A*41
$GPVTG,299.06,T,,M,49.67,N,92.0,K,A*0E
$GPGGA,052520.000,4531.9941,N,12250.6517,W,1,05,2.0,54.7,M,-19.5,M,,0000*58
$GPGSA,A,3,10,32,27,08,23,,,,,,,,3.2,2.0,2.4*3B
$GPGSV,3,1,10,32,72,171,28,10,67,047,31,08,37,265,32,21,35,308,25*77
$GPGSV,3,2,10,23,32,075,15,27,32,220,29,02,19,311,17,24,17,047,27*79
$GPGSV,3,3,10,28,07,160,,18,06,131,18*77
$GPRMC,052520.000,A,4531.9941,N,12250.6517,W,48.43,298.83,290324,,,A*46
$GPVTG,298.83,T,,M,48.43,N,89.7,K,A*08
$GPGGA,052525.000,4532.0258,N,12250.7336,W,1,04,3.3,54.1,M,-19.5,M,,0000*55
$GPGSA,A,3,10,32,27,08,,,,,,,,,7.6,3.3,6.8*30
$GPGSV,3,1,10,32,72,171,28,10,67,047,32,08,37,265,32,21,35,308,25*74
$GPGSV,3,2,10,23,32,075,,27,32,220,30,02,19,311,17,24,17,047,27*75
$GPGSV,3,3,10,28,07,160,,18,06,131,19*76
$GPRMC,052525.000,A,4532.0258,N,12250.7336,W,45.97,298.73,290324,,,A*45
$GPVTG,298.73,T,,M,45.97,N,85.1,K,A*09
$GPGGA,052530.000,4532.0552,N,12250.8112,W,1,04,3.3,54.9,M,-19.5,M,,0000*5F
$GPGSA,A,3,10,32,27,08,,,,,,,,,7.6,3.3,6.8*30
$GPGSV,3,1,10,32,72,171,28,10,67,047,32,08,37,265,32,21,35,308,25*74
$GPGSV,3,2,10,23,32,075,,27,32,220,30,02,19,311,17,24,17,047,28*7A
$GPGSV,3,3,10,28,07,160,,18,06,131,19*76
$GPRMC,052530.000,A,4532.0552,N,12250.8112,W,45.42,298.33,290324,,,A*4B
$GPGGA,052535.000,4532.0847,N,12250.8929,W,1,05,2.0,61.7,M,-19.5,M,,0000*58
$GPGSA,A,3,10,32,27,08,23,,,,,,,,3.2,2.0,2.4*3B
$GPGSV,3,1,10,32,72,171,28,10,67,047,32,08,37,265,33,21,35,308,26*76
$GPGSV,3,2,10,23,32,075,19,27,32,220,30,02,19,311,18,24,17,047,29*7C
$GPGSV,3,3,10,28,07,160,19,18,06,131,19*7E
$GPRMC,052535.000,A,4532.0847,N,12250.8929,W,47.16,298.29,290324,,,A*4F
$GPVTG,298.29,T,,M,47.16,N,87.3,K,A*0D
$GPGGA,052540.000,4532.1156,N,12250.9765,W,1,05,2.0,64.1,M,-19.5,M,,0000*56
$GPGSA,A,3,10,32,27,08,23,,,,,,,,3.2,2.0,2.4*3B
$GPGSV,3,1,10,32,73,169,28,10,67,048,32,08,37,265,33,21,36,308,27*73
$GPGSV,3,2,10,23,32,075,21,27,31,220,30,02,20,311,18,24,16,046,29*7E
$GPGSV,3,3,10,28,08,160,19,18,06,132,19*72
$GPRMC,052540.000,A,4532.1156,N,12250.9765,W,48.06,297.77,290324,,,A*48
$GPVTG,297.77,T,,M,48.06,N,89.0,K,A*0A
$GPGGA,052545.000,4532.1466,N,12251.0629,W,1,05,2.0,70.9,M,-19.5,M,,0000*59
$GPGSA,A,3,10,32,27,08,23,,,,,,,,3.2,2.0,2.4*3B
$GPGSV,3,1,10,32,73,169,27,10,67,048,31,08,37,265,33,21,36,308,27*7F
$GPGSV,3,2,10,23,31,075,21,27,31,220,30,02,20,311,17,24,16,046,29*72
$GPGSV,3,3,10,28,08,160,18,18,06,132,18*72
$GPRMC,052545.000,A,4532.1466,N,12251.0629,W,48.73,297.57,290324,,,A*4A
$GPVTG,297.57,T,,M,48.73,N,90.2,K,A*00
$GPGGA,052550.000,4532.1788,N,12251.1516,W,1,05,2.0,74.1,M,-19.5,M,,0000*5C
$GPGSA,A,3,10,32,27,08,23,,,,,,,,3.2,2.0,2.4*3B
$GPGSV,3,1,10,32,73,169,27,10,67,048,31,08,37,265,33,21,36,308,28*70
$GPGSV,3,2,10,23,31,075,21,27,31,220,30,02,20,311,18,24,16,046,28*7C
$GPGSV,3,3,10,28,08,160,17,18,06,132,17*72
$GPRMC,052550.000,A,4532.1788,N,12251.1516,W,50.17,297.57,290324,,,A*48
$GPVTG,297.57,T,,M,50.17,N,92.9,K,A*02
$GPGGA,052555.000,4532.2110,N,12251.2411,W,1,05,2.0,79.2,M,-19.5,M,,0000*56
$GPGSA,A,3,10,32,27,08,23,,,,,,,,3.2,2.0,2.4*3B
$GPGSV,3,1,10,32,73,169,27,10,67,048,32,08,37,265,33,21,36,308,27*7C
$GPGSV,3,2,10,23,31,075,20,27,31,220,29,02,20,311,17,24,16,046,27*75
$GPGSV,3,3,10,28,08,160,16,18,06,132,18*7C
$GPVTG,297.71,T,,M,49.82,N,92.3,K,A*08
$GPGGA,052600.000,4532.2435,N,12251.3289,W,1,04,3.3,81.4,M,-19.5,M,,0000*53
$GPGSA,A,3,10,32,27,08,,,,,,,,,7.5,3.3,6.7*3C
$GPGSV,3,1,10,32,73,169,28,10,67,048,32,08,37,265,33,21,36,308,27*73
$GPGSV,3,2,10,23,31,075,16,27,31,220,29,02,20,311,18,24,16,046,27*7F
$GPGSV,3,3,10,28,08,160,17,18,06,132,18*7D
$GPRMC,052600.000,A,4532.2435,N,12251.3289,W,50.71,297.74,290324,,,A*4A
$GPVTG,297.74,T,,M,50.71,N,93.9,K,A*02
$GPGGA,052605.000,4532.2763,N,12251.4161,W,1,04,3.3,82.1,M,-19.5,M,,0000*52
$GPGSA,A,3,10,32,27,08,,,,,,,,,7.4,3.3,6.7*3D
$GPGSV,3,1,10,32,73,169,28,10,67,048,32,08,37,265,33,21,36,308,21*75
$GPGSV,3,2,10,23,31,075,16,27,31,220,29,02,20,311,18,24,16,046,28*70
$GPGSV,3,3,10,28,08,160,17,18,06,132,17*72
$GPRMC,052605.000,A,4532.2763,N,12251.4161,W,48.16,298.40,290324,,,A*4D
$GPVTG,298.40,T,,M,48.16,N,89.2,K,A*02
$GPGGA,052610.000,4532.3074,N,12251.4953,W,1,04,3.3,77.6,M,-19.5,M,,0000*52
$GPGSA,A,3,10,32,27,08,,,,,,,,,7.4,3.3,6.6*3C
$GPGSV,3,1,10,32,73,169,28,10,66,048,31,08,37,264,33,21,36,308,20*77
$GPGSV,3,2,10,23,31,076,16,27,31,220,28,02,20,311,19,24,16,046,28*73
$GPGSV,3,3,10,28,08,159,,18,06,132,19*70
$GPRMC,052610.000,A,4532.3074,N,12251.4953,W,44.61,298.80,290324,,,A*40
$GPVTG,298.80,T,,M,44.61,N,82.6,K,A*0D
$GPGGA,052615.000,4532.3371,N,12251.5673,W,1,05,2.0,69.8,M,-19.5,M,,0000*5F
$GPGSA,A,3,10,32,27,08,23,,,,,,,,3.2,2.0,2.4*3B
$GPGSV,3,1,10,32,73,169,29,10,66,048,28,08,37,264,33,21,36,308,21*7F
$GPGSV,3,2,10,23,31,076,16,27,31,220,28,02,20,311,24,24,16,046,27*72
$GPGSV,3,3,10,28,08,159,,18,06,132,19*70
$GPRMC,052615.000,A,4532.3371,N,12251.5673,W,42.52,299.12,290324,,,A*43
$GPVTG,299.12,T,,M,42.52,N,78.7,K,A*05
$GPGGA,052620.000,4532.3667,N,12251.6422,W,1,05,2.0,68.0,M,-19.5,M,,0000*57
$GPGSA,A,3,10,32,27,08,23,,,,,,,,3.2,2.0,2.4*3B
$GPGSV,3,1,10,32,73,169,28,10,66,048,25,08,37,264,32,21,36,308,21*72
$GPGSV,3,2,10,23,31,076,16,27,31,220,28,02,20,311,23,24,16,046,26*74
$GPGSV,3,3,10,28,08,159,,18,06,132,18*71
$GPRMC,052620.000,A,4532.3667,N,12251.6422,W,44.95,298.52,290324,,,A*4A
$GPGGA,052625.000,4532.3964,N,12251.7226,W,1,05,2.0,69.3,M,-19.5,M,,0000*5F
$GPGSA,A,3,10,32,27,08,23,,,,,,,,3.2,2.0,2.4*3B
$GPGSV,3,1,10,32,73,169,23,10,66,048,22,08,37,264,33,21,36,308,22*7C
$GPGSV,3,2,10,23,31,076,16,27,31,220,28,02,20,311,23,24,16,046,27*75
$GPGSV,3,3,10,28,08,159,,18,06,132,20*7A
$GPRMC,052625.000,A,4532.3964,N,12251.7226,W,46.49,297.74,290324,,,A*48
$GPVTG,297.74,T,,M,46.49,N,86.1,K,A*02
$GPGGA,052630.000,4532.4275,N,12251.8075,W,1,05,2.0,71.8,M,-19.5,M,,0000*5E
$GPGSA,A,3,10,32,27,08,23,,,,,,,,3.2,2.0,2.4*3B
$GPGSV,3,1,10,32,73,169,23,10,66,048,23,08,37,264,33,21,36,308,23*7C
$GPGSV,3,2,10,23,31,076,16,27,31,220,28,02,20,311,22,24,16,046,26*75
$GPGSV,3,3,10,28,08,159,,18,06,132,20*7A
$GPRMC,052630.000,A,4532.4275,N,12251.8075,W,47.90,298.70,290324,,,A*45
$GPVTG,298.70,T,,M,47.90,N,88.7,K,A*04
$GPGGA,052635.000,4532.4596,N,12251.8942,W,1,04,3.3,71.8,M,-19.5,M,,0000*5F
$GPGSA,A,3,10,32,27,08,,,,,,,,,7.3,3.3,6.6*3B
$GPGSV,3,1,10,32,73,169,17,10,66,048,25,08,37,264,34,21,36,308,23*7A
$GPGSV,3,2,10,23,31,076,16,27,31,220,28,02,20,311,16,24,16,046,27*73
$GPGSV,3,3,10,28,08,159,17,18,06,132,20*7C
$GPRMC,052635.000,A,4532.4596,N,12251.8942,W,48.53,298.34,290324,,,A*47
$GPVTG,298.34,T,,M,48.53,N,89.9,K,A*0B
$GPGGA,052640.000,4532.4922,N,12251.9787,W,1,04,2.6,61.0,M,-19.5,M,,0000*55
$GPGSA,A,3,10,27,08,23,,,,,,,,,4.7,2.6,3.9*32
$GPGSV,3,1,10,32,73,168,16,10,66,049,25,08,37,264,34,21,36,307,24*73
$GPGSV,3,2,10,23,31,076,17,27,31,219,29,02,20,311,16,24,16,046,28*76
$GPGSV,3,3,10,28,08,159,18,18,05,132,19*7A
$GPRMC,052640.000,A,4532.4922,N,12251.9787,W,50.78,298.30,290324,,,A*44
$GPVTG,298.30,T,,M,50.78,N,94.0,K,A*0A
$GPGGA,052645.000,4532.5267,N,12252.0688,W,1,04,2.3,51.1,M,-19.5,M,,0000*58
$GPGSA,A,3,32,27,08,23,,,,,,,,,3.6,2.3,2.8*31
$GPGSV,3,1,10,32,73,168,17,10,66,049,14,08,37,264,21,21,36,307,12*71
$GPGSV,3,2,10,23,31,076,18,27,31,219,15,02,20,311,17,24,16,046,11*7D
$GPGSV,3,3,10,28,08,159,18,18,05,132,18*7B
$GPVTG,298.10,T,,M,51.98,N,96.3,K,A*06
$GPGGA,052650.000,4532.5606,N,12252.1554,W,1,04,2.6,43.1,M,-19.5,M,,0000*5A
$GPGSA,A,3,10,27,08,23,,,,,,,,,4.7,2.6,3.9*32
$GPGSV,3,1,10,32,73,168,18,10,66,049,24,08,37,264,32,21,36,307,24*7A
$GPGSV,3,2,10,23,31,076,17,27,31,219,29,02,20,311,16,24,16,046,28*76
$GPGSV,3,3,10,28,08,159,20,18,05,132,17*7F
$GPRMC,052650.000,A,4532.5606,N,12252.1554,W,49.49,298.74,290324,,,A*40
$GPVTG,298.74,T,,M,49.49,N,91.7,K,A*02
$GPGGA,052655.000,4532.5909,N,12252.2385,W,1,05,2.0,46.4,M,-19.5,M,,0000*51
$GPGSA,A,3,10,32,27,08,23,,,,,,,,3.1,2.0,2.4*38
$GPGSV,3,1,10,32,73,168,24,10,66,049,25,08,37,264,33,21,36,307,28*79
$GPGSV,3,2,10,23,31,076,17,27,31,219,29,02,20,311,16,24,16,046,28*76
$GPGSV,3,3,10,28,08,159,19,18,05,132,16*74
$GPRMC,052655.000,A,4532.5909,N,12252.2385,W,47.95,297.65,290324,,,A*4C
$GPVTG,297.65,T,,M,47.95,N,88.8,K,A*05
$GPGGA,052700.000,4532.6205,N,12252.3229,W,1,04,3.2,55.2,M,-19.5,M,,0000*54
$GPGSA,A,3,10,32,27,08,,,,,,,,,7.2,3.2,6.5*38
$GPGSV,3,1,10,32,73,168,22,10,66,049,25,08,37,264,33,21,36,307,28*7F
$GPGSV,3,2,10,23,31,076,16,27,31,219,29,02,20,311,17,24,16,046,28*76
$GPGSV,3,3,10,28,08,159,15,18,05,132,15*7B
$GPRMC,052700.000,A,4532.6205,N,12252.3229,W,49.25,297.14,290324,,,A*4C
$GPVTG,297.14,T,,M,49.25,N,91.2,K,A*04
$GPGGA,052705.000,4532.6506,N,12252.4099,W,1,04,3.2,61.9,M,-19.5,M,,0000*57
$GPGSA,A,3,10,32,27,08,,,,,,,,,7.2,3.2,6.4*39
$GPGSV,3,1,10,32,73,168,22,10,66,049,25,08,37,264,33,21,36,307,27*70
$GPGSV,3,2,10,23,31,076,,27,31,219,28,02,20,311,17,24,16,046,28*70
$GPGSV,3,3,10,28,08,159,14,18,05,132,*7E
$GPRMC,052705.000,A,4532.6506,N,12252.4099,W,50.21,296.65,290324,,,A*48
$GPVTG,296.65,T,,M,50.21,N,93.0,K,A*0F
$GPGGA,052710.000,4532.6830,N,12252.4999,W,1,04,3.2,67.3,M,-19.5,M,,0000*5E
$GPGSA,A,3,10,32,27,08,,,,,,,,,7.2,3.2,6.4*39
$GPGSV,3,1,10,32,73,168,27,10,66,049,30,08,37,264,33,21,36,307,27*71
$GPGSV,3,2,10,23,31,076,,27,31,219,28,02,20,311,18,24,16,046,28*7F
$GPGSV,3,3,10,28,08,159,12,18,05,132,*78
$GPRMC,052710.000,A,4532.6830,N,12252.4999,W,51.62,297.25,290324,,,A*4E
$GPGGA,052715.000,4532.7165,N,12252.5864,W,1,04,3.2,63.4,M,-19.5,M,,0000*52
$GPGSA,A,3,10,32,27,08,,,,,,,,,7.2,3.2,6.4*39
$GPGSV,3,1,10,32,73,168,28,10,66,049,26,08,37,264,30,21,36,307,29*74
$GPGSV,3,2,10,23,31,076,,27,31,219,32,02,20,311,18,24,16,046,29*75
$GPGSV,3,3,10,28,08,159,,18,05,132,*7B
$GPRMC,052715.000,A,4532.7165,N,12252.5864,W,49.91,297.80,290324,,,A*4B
$GPVTG,297.80,T,,M,49.91,N,92.4,K,A*03
$GPGGA,052720.000,4532.7488,N,12252.6712,W,1,04,3.2,62.1,M,-19.5,M,,0000*5B
$GPGSA,A,3,10,32,27,08,,,,,,,,,7.2,3.2,6.4*39
$GPGSV,3,1,10,32,73,168,27,10,66,049,27,08,37,264,32,21,36,307,30*70
$GPGSV,3,2,10,23,31,076,13,27,31,219,31,02,20,311,17,24,16,046,29*7B
$GPGSV,3,3,10,28,08,159,,18,05,132,*7B
$GPRMC,052720.000,A,4532.7488,N,12252.6712,W,48.78,298.09,290324,,,A*4E
$GPVTG,298.09,T,,M,48.78,N,90.3,K,A*0E
$GPGGA,052725.000,4532.7801,N,12252.7552,W,1,05,2.8,63.5,M,-19.5,M,,0000*5B
$GPGSA,A,3,10,32,27,08,21,,,,,,,,6.7,2.8,6.1*30
$GPGSV,3,1,10,32,74,168,26,10,66,049,27,08,37,264,32,21,37,307,29*7F
$GPGSV,3,2,10,23,31,076,,27,30,219,31,02,20,311,17,24,16,045,29*7B
$GPGSV,3,3,10,28,09,159,,18,05,132,*7A
$GPRMC,052725.000,A,4532.7801,N,12252.7552,W,48.00,297.97,290324,,,A*46
$GPVTG,297.97,T,,M,48.00,N,88.9,K,A*0A
$GPGGA,052730.000,4532.8109,N,12252.8357,W,1,06,1.3,58.0,M,-19.5,M,,0000*5B
$GPGSA,A,3,10,32,27,08,21,23,,,,,,,2.7,1.3,2.3*3B
$GPGSV,3,1,10,32,74,168,26,10,66,049,28,08,37,264,32,21,37,307,29*70
$GPGSV,3,2,10,23,31,076,17,27,30,219,31,02,20,311,17,24,16,045,23*77
$GPGSV,3,3,10,28,09,159,,18,05,132,*7A
$GPRMC,052730.000,A,4532.8109,N,12252.8357,W,45.86,297.63,290324,,,A*48
$GPVTG,297.63,T,,M,45.86,N,84.9,K,A*0E
$GPGGA,052735.000,4532.8412,N,12252.9156,W,1,05,2.8,52.5,M,-19.5,M,,0000*57
$GPGSA,A,3,10,32,27,08,21,,,,,,,,6.7,2.8,6.1*30
$GPGSV,3,1,10,32,74,168,26,10,66,049,28,08,37,264,32,21,37,307,29*70
$GPGSV,3,2,10,23,31,076,17,27,30,219,31,02,20,311,17,24,16,045,29*7D
$GPGSV,3,3,10,28,09,159,,18,05,132,*7A
$GPRMC,052735.000,A,4532.8412,N,12252.9156,W,46.81,297.98,290324,,,A*40
$GPGGA,052740.000,4532.8725,N,12252.9962,W,1,06,1.3,48.9,M,-19.5,M,,0000*51
$GPGSA,A,3,10,32,27,08,21,23,,,,,,,2.7,1.3,2.3*3B
$GPGSV,3,1,10,32,74,168,27,10,66,049,28,08,37,264,31,21,37,307,22*79
$GPGSV,3,2,10,23,31,076,17,27,30,219,31,02,20,311,23,24,16,045,21*72
$GPGSV,3,3,10,28,09,159,15,18,05,132,*7E
$GPRMC,052740.000,A,4532.8725,N,12252.9962,W,46.37,298.89,290324,,,A*48
$GPVTG,298.89,T,,M,46.37,N,85.9,K,A*0D
$GPGGA,052745.000,4532.9042,N,12253.0768,W,1,06,1.3,45.3,M,-19.5,M,,0000*58
$GPGSA,A,3,10,32,27,08,21,23,,,,,,,2.7,1.3,2.3*3B
$GPGSV,3,1,10,32,74,167,27,10,66,050,29,08,37,263,31,21,37,307,24*7E
$GPGSV,3,2,10,23,31,076,16,27,30,219,31,02,20,311,19,24,16,045,17*7F
$GPGSV,3,3,10,28,09,159,15,18,05,132,19*76
$GPRMC,052745.000,A,4532.9042,N,12253.0768,W,46.54,298.10,290324,,,A*43
$GPVTG,298.10,T,,M,46.54,N,86.2,K,A*00
$GPGGA,052750.000,4532.9338,N,12253.1576,W,1,06,1.3,49.5,M,-19.5,M,,0000*54
$GPGSA,A,3,10,32,27,08,21,23,,,,,,,2.7,1.3,2.3*3B
$GPGSV,3,1,10,32,74,167,28,10,66,050,29,08,37,263,31,21,37,307,24*71
$GPGSV,3,2,10,23,31,076,17,27,30,219,31,02,20,311,24,24,16,045,25*71
$GPGSV,3,3,10,28,09,159,16,18,05,132,18*74
$GPRMC,052750.000,A,4532.9338,N,12253.1576,W,45.04,298.13,290324,,,A*40
$GPVTG,298.13,T,,M,45.04,N,83.4,K,A*06
$GPGGA,052755.000,4532.9638,N,12253.2368,W,1,06,1.3,52.3,M,-19.5,M,,0000*52
$GPGSA,A,3,10,32,27,08,21,23,,,,,,,2.7,1.3,2.3*3B
$GPGSV,3,1,10,32,74,167,29,10,66,050,29,08,37,263,31,21,37,307,24*70
$GPGSV,3,2,10,23,31,076,17,27,30,219,31,02,20,311,23,24,16,045,23*70
$GPGSV,3,3,10,28,09,159,14,18,05,132,18*76
$GPRMC,052755.000,A,4532.9638,N,12253.2368,W,45.27,298.39,290324,,,A*43
$GPVTG,298.39,T,,M,45.27,N,83.8,K,A*03
$GPGGA,052800.000,4532.9935,N,12253.3149,W,1,06,1.3,53.9,M,-19.5,M,,0000*54
$GPGSA,A,3,10,32,27,08,21,23,,,,,,,2.7,1.3,2.3*3B
$GPGSV,3,1,10,32,74,167,29,10,66,050,30,08,37,263,31,21,37,307,24*78
$GPGSV,3,2,10,23,31,076,18,27,30,219,30,02,20,311,20,24,16,045,27*79
$GPGSV,3,3,10,28,09,159,16,18,05,132,17*7B
$GPVTG,298.13,T,,M,45.43,N,84.1,K,A*07
$GPGGA,052805.000,4533.0226,N,12253.3922,W,1,06,1.3,57.2,M,-19.5,M,,0000*5A
$GPGSA,A,3,10,32,27,08,21,23,,,,,,,2.7,1.3,2.3*3B
$GPGSV,3,1,10,32,74,167,29,10,66,050,30,08,37,263,31,21,37,307,25*79
$GPGSV,3,2,10,23,31,076,17,27,30,219,30,02,20,311,18,24,16,045,21*7B
$GPGSV,3,3,10,28,09,159,16,18,05,132,17*7B
$GPRMC,052805.000,A,4533.0226,N,12253.3922,W,45.02,298.17,290324,,,A*44
$GPVTG,298.17,T,,M,45.02,N,83.4,K,A*04
$GPGGA,052810.000,4533.0532,N,12253.4718,W,1,06,1.3,60.4,M,-19.5,M,,0000*5E
$GPGSA,A,3,10,32,27,08,21,23,,,,,,,2.7,1.3,2.3*3B
$GPGSV,3,1,10,32,74,167,29,10,66,050,30,21,37,307,26,08,37,263,31*7A
$GPGSV,3,2,10,23,31,076,16,27,30,219,29,02,21,311,18,24,16,045,26*74
$GPGSV,3,3,10,28,09,159,17,18,05,132,*7C
$GPRMC,052810.000,A,4533.0532,N,12253.4718,W,45.65,298.71,290324,,,A*43
$GPVTG,298.71,T,,M,45.65,N,84.5,K,A*03
$GPGGA,052815.000,4533.0841,N,12253.5532,W,1,06,1.3,68.2,M,-19.5,M,,0000*57
$GPGSA,A,3,10,32,27,08,21,23,,,,,,,2.7,1.3,2.3*3B
$GPGSV,3,1,10,32,74,167,24,10,66,050,30,21,37,307,26,08,37,263,32*74
$GPGSV,3,2,10,23,31,076,15,27,30,219,30,02,21,311,18,24,16,045,26*7F
$GPGSV,3,3,10,28,09,159,18,18,05,132,*73
$GPRMC,052815.000,A,4533.0841,N,12253.5532,W,45.79,298.09,290324,,,A*46
$GPVTG,298.09,T,,M,45.79,N,84.8,K,A*0C
$GPGGA,052820.000,4533.1138,N,12253.6324,W,1,05,2.8,71.4,M,-19.5,M,,0000*50
$GPGSA,A,3,10,32,27,08,21,,,,,,,,6.6,2.8,6.0*30
$GPGSV,3,1,10,32,74,167,24,10,66,050,30,21,37,307,24,08,37,263,32*76
$GPGSV,3,2,10,23,31,076,,27,30,219,30,02,21,311,19,24,16,045,26*7A
$GPGSV,3,3,10,28,09,159,17,18,05,132,*7C
$GPRMC,052820.000,A,4533.1138,N,12253.6324,W,45.23,298.12,290324,,,A*41
$GPVTG,298.12,T,,M,45.23,N,83.8,K,A*0E
$GPGGA,052825.000,4533.1445,N,12253.7081,W,1,06,1.3,65.9,M,-19.5,M,,0000*54
$GPGSA,A,3,10,32,27,08,21,23,,,,,,,2.7,1.3,2.3*3B
$GPGSV,3,1,10,32,74,167,24,10,66,050,30,21,37,307,25,08,37,263,32*77
$GPGSV,3,2,10,23,31,076,18,27,30,219,30,02,21,311,19,24,16,045,23*76
$GPGSV,3,3,10,28,09,159,17,18,05,132,15*78
$GPVTG,298.79,T,,M,45.91,N,85.0,K,A*04
$GPGGA,052830.000,4533.1751,N,12253.7916,W,1,06,1.3,70.7,M,-19.5,M,,0000*5B
$GPGSA,A,3,10,32,27,08,21,23,,,,,,,2.7,1.3,2.3*3B
$GPGSV,3,1,10,32,74,167,24,10,66,050,30,21,37,307,25,08,37,263,32*77
$GPGSV,3,2,10,23,31,076,17,27,30,219,30,02,21,311,19,24,16,045,27*7D
$GPGSV,3,3,10,28,09,159,17,18,05,132,15*78
$GPRMC,052830.000,A,4533.1751,N,12253.7916,W,48.57,297.78,290324,,,A*4E
$GPVTG,297.78,T,,M,48.57,N,89.9,K,A*08
$GPGGA,052835.000,4533.2087,N,12253.8809,W,1,06,1.3,71.4,M,-19.5,M,,0000*53
$GPGSA,A,3,10,32,27,08,21,23,,,,,,,2.7,1.3,2.3*3B
$GPGSV,3,1,10,32,74,167,24,10,66,050,30,21,37,307,22,08,37,263,32*70
$GPGSV,3,2,10,23,31,076,16,27,30,219,30,02,21,311,20,24,16,045,28*79
$GPGSV,3,3,10,28,09,159,18,18,05,132,*73
$GPRMC,052835.000,A,4533.2087,N,12253.8809,W,51.89,297.25,290324,,,A*47
$GPVTG,297.25,T,,M,51.89,N,96.1,K,A*0D
$GPGGA,052840.000,4533.2416,N,12253.9723,W,1,06,1.3,74.8,M,-19.5,M,,0000*52
$GPGSA,A,3,10,32,27,08,21,23,,,,,,,2.7,1.3,2.3*3B
$GPGSV,3,1,10,32,74,166,25,10,66,050,30,21,37,307,22,08,37,263,31*73
$GPGSV,3,2,10,23,30,076,16,27,30,219,31,02,21,311,20,24,16,045,29*78
$GPGSV,3,3,10,28,09,159,17,18,05,132,*7C
$GPRMC,052840.000,A,4533.2416,N,12253.9723,W,50.17,298.12,290324,,,A*42
$GPVTG,298.12,T,,M,50.17,N,92.9,K,A*0C
$GPGGA,052845.000,4533.2754,N,12254.0606,W,1,06,1.3,73.9,M,-19.5,M,,0000*5C
$GPGSA,A,3,10,32,27,08,21,23,,,,,,,2.7,1.3,2.3*3B
$GPGSV,3,1,10,32,74,166,18,10,66,050,21,21,37,307,16,08,37,263,19*70
$GPGSV,3,2,10,23,30,076,16,27,30,219,12,02,21,311,08,24,16,045,22*78
$GPGSV,3,3,10,28,09,159,20,18,05,132,*78
$GPRMC,052845.000,A,4533.2754,N,12254.0606,W,48.66,296.81,290324,,,A*41
$GPVTG,296.81,T,,M,48.66,N,90.1,K,A*0D
$GPGGA,052850.000,4533.3070,N,12254.1467,W,1,05,2.7,71.5,M,-19.5,M,,0000*56
$GPGSA,A,3,10,32,27,08,21,,,,,,,,6.5,2.7,5.9*36
$GPGSV,3,1,10,32,74,166,24,10,66,050,28,21,37,307,24,08,37,263,33*7F
$GPGSV,3,2,10,23,30,076,15,27,30,219,29,02,21,311,14,24,16,045,28*74
$GPGSV,3,3,10,28,09,159,18,18,05,132,*73
$GPVTG,298.57,T,,M,49.09,N,90.9,K,A*08
$GPGGA,052855.000,4533.3405,N,12254.2327,W,1,07,1.3,68.0,M,-19.5,M,,0000*5D
$GPGSA,A,3,10,32,27,24,08,21,23,,,,,,2.2,1.3,1.8*30
$GPGSV,3,1,10,32,74,166,24,10,65,050,29,21,37,307,24,08,37,263,33*7D
$GPGSV,3,2,10,23,30,076,17,27,30,219,29,02,21,311,16,24,16,045,29*75
$GPGSV,3,3,10,28,09,159,20,18,04,132,*79
$GPRMC,052855.000,A,4533.3405,N,12254.2327,W,49.60,297.86,290324,,,A*43
$GPVTG,297.86,T,,M,49.60,N,91.9,K,A*05
$GPGGA,052900.000,4533.3741,N,12254.3196,W,1,07,1.3,65.1,M,-19.5,M,,0000*5A
$GPGSA,A,3,10,32,27,24,08,21,23,,,,,,2.2,1.3,1.8*30
$GPGSV,3,1,10,32,74,166,24,10,65,050,29,21,37,307,24,08,37,263,33*7D
$GPGSV,3,2,10,23,30,076,17,27,30,219,29,02,21,311,19,24,16,045,29*7A
$GPGSV,3,3,10,28,09,159,21,18,04,132,*78
$GPRMC,052900.000,A,4533.3741,N,12254.3196,W,50.83,298.32,290324,,,A*4D
$GPVTG,298.32,T,,M,50.83,N,94.1,K,A*0D
$GPGGA,052905.000,4533.4073,N,12254.4090,W,1,07,1.3,59.9,M,-19.5,M,,0000*59
$GPGSA,A,3,10,32,27,24,08,21,23,,,,,,2.2,1.3,1.8*30
$GPGSV,3,1,10,32,74,166,24,10,65,050,25,21,37,307,24,08,37,263,33*71
$GPGSV,3,2,10,23,30,076,16,27,30,219,30,02,21,311,20,24,16,045,30*71
$GPGSV,3,3,10,28,09,159,22,18,04,132,*7B
$GPRMC,052905.000,A,4533.4073,N,12254.4090,W,52.20,298.15,290324,,,A*47
$GPVTG,298.15,T,,M,52.20,N,96.7,K,A*07
$GPGGA,052910.000,4533.4427,N,12254.5019,W,1,07,1.3,58.3,M,-19.5,M,,0000*53
$GPGSA,A,3,10,32,27,24,08,21,23,,,,,,2.2,1.3,1.8*30
$GPGSV,3,1,10,32,74,166,22,10,65,051,25,21,37,307,24,08,37,263,33*76
$GPGSV,3,2,10,23,30,076,15,27,30,219,30,02,21,311,20,24,16,045,30*72
$GPGSV,3,3,10,28,09,159,23,18,04,132,*7A
$GPRMC,052910.000,A,4533.4427,N,12254.5019,W,53.73,298.07,290324,,,A*42
$GPVTG,298.07,T,,M,53.73,N,99.5,K,A*0E
$GPGGA,052915.000,4533.4783,N,12254.5962,W,1,07,1.3,53.9,M,-19.5,M,,0000*5F
$GPGSA,A,3,10,32,27,24,08,21,23,,,,,,2.2,1.3,1.8*30
$GPGSV,3,1,10,32,74,166,23,10,65,051,25,21,37,307,24,08,37,263,33*77
$GPGSV,3,2,10,23,30,077,16,27,30,219,30,02,21,311,21,24,16,045,26*76
$GPGSV,3,3,10,28,09,159,23,18,04,132,*7A
$GPVTG,298.23,T,,M,52.78,N,97.7,K,A*0E
$GPGGA,052920.000,4533.5121,N,12254.6862,W,1,07,1.3,49.4,M,-19.5,M,,0000*52
$GPGSA,A,3,10,32,27,24,08,21,23,,,,,,2.2,1.3,1.8*30
$GPGSV,3,1,10,32,74,166,22,10,65,051,25,21,37,307,24,08,37,263,33*76
$GPGSV,3,2,10,23,30,077,16,27,30,219,30,02,21,311,21,24,16,045,29*79
$GPGSV,3,3,10,28,09,159,23,18,04,132,*7A
$GPRMC,052920.000,A,4533.5121,N,12254.6862,W,50.36,297.92,290324,,,A*45
$GPVTG,297.92,T,,M,50.36,N,93.3,K,A*03
$GPGGA,052925.000,4533.5444,N,12254.7707,W,1,07,1.3,47.9,M,-19.5,M,,0000*5F
$GPGSA,A,3,10,32,27,24,08,21,23,,,,,,2.2,1.3,1.8*30
$GPGSV,3,1,10,32,74,166,22,10,65,051,26,21,37,307,25,08,37,263,33*74
$GPGSV,3,2,10,23,30,077,16,27,30,219,30,02,21,311,20,24,16,045,30*70
$GPGSV,3,3,10,28,09,159,22,18,04,132,*7B
$GPRMC,052925.000,A,4533.5444,N,12254.7707,W,47.45,298.30,290324,,,A*4E
$GPVTG,298.30,T,,M,47.45,N,87.9,K,A*09
$GPGGA,052930.000,4533.5754,N,12254.8526,W,1,07,1.3,48.4,M,-19.5,M,,0000*55
$GPGSA,A,3,10,32,27,24,08,21,23,,,,,,2.2,1.3,1.8*30
$GPGSV,3,1,10,32,74,166,22,10,65,051,27,21,37,307,25,08,37,263,33*75
$GPGSV,3,2,10,23,30,077,16,27,30,219,30,02,21,311,19,24,16,045,30*7A
$GPGSV,3,3,10,28,09,159,22,18,04,132,*7B
$GPRMC,052930.000,A,4533.5754,N,12254.8526,W,47.24,298.37,290324,,,A*46
$GPVTG,298.37,T,,M,47.24,N,87.5,K,A*05
$GPGGA,052935.000,4533.6068,N,12254.9345,W,1,07,1.3,49.3,M,-19.5,M,,0000*5F
$GPGSA,A,3,10,32,27,24,08,21,23,,,,,,2.2,1.3,1.8*30
$GPGSV,3,1,10,32,74,166,23,10,65,051,27,21,37,307,25,08,37,263,33*74
$GPGSV,3,2,10,23,30,077,15,27,30,219,30,02,21,311,18,24,16,045,30*78
$GPGSV,3,3,10,28,09,159,22,18,04,132,*7B
$GPRMC,052935.000,A,4533.6068,N,12254.9345,W,47.99,298.19,290324,,,A*40
$GPVTG,298.19,T,,M,47.99,N,88.9,K,A*0C
$GPGGA,052940.000,4533.6387,N,12255.0194,W,1,07,1.3,50.2,M,-19.5,M,,0000*50
$GPGSA,A,3,10,32,27,24,08,21,23,,,,,,2.2,1.3,1.8*30
$GPGSV,3,1,10,32,74,166,23,10,65,051,27,21,37,307,24,08,37,263,33*75
$GPGSV,3,2,10,23,30,077,15,27,30,219,30,02,21,311,17,24,16,045,30*77
$GPGSV,3,3,10,28,09,159,23,18,04,132,*7A
$GPVTG,298.17,T,,M,49.47,N,91.6,K,A*08
$GPGGA,052945.000,4533.6709,N,12255.1056,W,1,07,1.3,50.8,M,-19.5,M,,0000*53
$GPGSA,A,3,10,32,27,24,08,21,23,,,,,,2.2,1.3,1.8*30
$GPGSV,3,1,10,32,75,165,23,10,65,051,27,21,38,307,24,08,37,262,33*79
$GPGSV,3,2,10,23,30,077,14,27,30,218,30,02,21,311,19,24,16,045,22*7A
$GPGSV,3,3,10,28,09,159,23,18,04,132,*7A
$GPRMC,052945.000,A,4533.6709,N,12255.1056,W,49.97,298.02,290324,,,A*45
$GPVTG,298.02,T,,M,49.97,N,92.5,K,A*01
$GPGGA,052950.000,4533.7041,N,12255.1935,W,1,06,1.4,51.3,M,-19.5,M,,0000*5D
$GPGSA,A,3,10,32,27,24,08,21,,,,,,,2.3,1.4,1.8*37
$GPGSV,3,1,10,32,75,165,22,10,65,051,27,21,38,307,24,08,37,262,33*78
$GPGSV,3,2,10,23,30,077,,27,30,218,30,02,21,311,20,24,16,045,26*71
$GPGSV,3,3,10,28,09,159,23,18,04,132,*7A
$GPRMC,052950.000,A,4533.7041,N,12255.1935,W,51.14,298.06,290324,,,A*41
$GPVTG,298.06,T,,M,51.14,N,94.7,K,A*03
$GPGGA,052955.000,4533.7379,N,12255.2835,W,1,06,1.4,49.9,M,-19.5,M,,0000*51
$GPGSA,A,3,10,32,27,24,08,21,,,,,,,2.3,1.4,1.8*37
$GPGSV,3,1,10,32,75,165,22,10,65,051,27,21,38,307,25,08,37,262,33*79
$GPGSV,3,2,10,23,30,077,,27,30,218,30,02,21,311,21,24,16,045,27*71
$GPGSV,3,3,10,28,09,159,23,18,04,132,*7A
$GPRMC,052955.000,A,4533.7379,N,12255.2835,W,51.92,298.30,290324,,,A*45
$GPVTG,298.30,T,,M,51.92,N,96.2,K,A*0F
$GPGGA,053000.000,4533.7723,N,12255.3745,W,1,06,1.4,50.5,M,-19.5,M,,0000*5F
$GPGSA,A,3,10,32,27,24,08,21,,,,,,,2.3,1.4,1.8*37
$GPGSV,3,1,10,32,75,165,23,10,65,051,27,21,38,307,24,08,37,262,33*79
$GPGSV,3,2,10,23,30,077,,27,30,218,30,02,21,311,17,24,16,045,28*7B
$GPGSV,3,3,10,28,09,159,23,18,04,132,*7A
$GPRMC,053000.000,A,4533.7723,N,12255.3745,W,52.06,298.09,290324,,,A*4B
$GPVTG,298.09,T,,M,52.06,N,96.4,K,A*0D
$GPGGA,053005.000,4533.8064,N,12255.4658,W,1,06,1.4,49.8,M,-19.5,M,,0000*5E
$GPGSA,A,3,10,32,27,24,08,21,,,,,,,2.3,1.4,1.8*37
$GPGSV,3,1,10,32,75,165,23,10,65,051,23,21,38,307,25,08,37,262,33*7C
$GPGSV,3,2,10,23,30,077,,27,30,218,30,02,21,311,18,24,16,045,28*74
$GPGSV,3,3,10,28,09,159,14,18,04,132,*7E
$GPVTG,298.32,T,,M,52.03,N,96.4,K,A*00
$GPGGA,053010.000,4533.8407,N,12255.5570,W,1,06,1.4,47.8,M,-19.5,M,,0000*5D
$GPGSA,A,3,10,32,27,24,08,21,,,,,,,2.3,1.4,1.8*37
$GPGSV,3,1,10,32,75,165,22,10,65,051,22,21,38,307,25,08,37,262,31*7E
$GPGSV,3,2,10,23,30,077,,27,30,218,30,02,21,311,17,24,16,045,29*7A
$GPGSV,3,3,10,28,09,159,24,18,04,132,*7D
$GPRMC,053010.000,A,4533.8407,N,12255.5570,W,52.04,298.27,290324,,,A*4C
$GPVTG,298.27,T,,M,52.04,N,96.4,K,A*03
$GPGGA,053015.000,4533.8758,N,12255.6480,W,1,06,1.4,47.3,M,-19.5,M,,0000*57
$GPGSA,A,3,10,32,27,24,08,21,,,,,,,2.3,1.4,1.8*37
$GPGSV,3,1,10,32,75,165,22,10,65,051,20,21,38,307,25,08,37,262,32*7F
$GPGSV,3,2,10,23,30,077,,27,30,218,29,02,21,311,17,24,16,045,29*72
$GPGSV,3,3,10,28,09,159,21,18,04,132,*78
$GPRMC,053015.000,A,4533.8758,N,12255.6480,W,52.33,298.35,290324,,,A*4A
$GPVTG,298.35,T,,M,52.33,N,96.9,K,A*09
$GPGGA,053020.000,4533.9098,N,12255.7393,W,1,06,1.4,49.6,M,-19.5,M,,0000*54
$GPGSA,A,3,10,32,27,24,08,21,,,,,,,2.3,1.4,1.8*37
$GPGSV,3,1,10,32,75,165,24,10,65,051,21,21,38,307,25,08,37,262,33*79
$GPGSV,3,2,10,23,30,077,,27,30,218,30,02,21,311,17,24,16,045,29*7A
$GPGSV,3,3,10,28,09,159,22,18,04,132,*7B
$GPRMC,053020.000,A,4533.9098,N,12255.7393,W,52.94,298.07,290324,,,A*4E
$GPVTG,298.07,T,,M,52.94,N,98.0,K,A*02
$GPGGA,053025.000,4533.9443,N,12255.8309,W,1,06,1.4,51.8,M,-19.5,M,,0000*58
$GPGSA,A,3,10,32,27,24,08,21,,,,,,,2.3,1.4,1.8*37
$GPGSV,3,1,10,32,75,165,24,10,65,051,25,21,38,307,25,08,37,262,33*7D
$GPGSV,3,2,10,23,30,077,,27,30,218,30,02,21,311,19,24,16,045,29*74
$GPGSV,3,3,10,28,09,159,22,18,04,132,*7B
$GPRMC,053025.000,A,4533.9443,N,12255.8309,W,53.00,298.19,290324,,,A*46
$GPVTG,298.19,T,,M,53.00,N,98.1,K,A*00
$GPGGA,053030.000,4533.9786,N,12255.9232,W,1,06,1.4,50.6,M,-19.5,M,,0000*51
$GPGSA,A,3,10,32,27,24,08,21,,,,,,,2.3,1.4,1.8*37
$GPGSV,3,1,10,32,75,165,25,10,65,051,28,21,38,307,25,08,37,262,33*71
$GPGSV,3,2,10,23,30,077,,27,30,218,30,02,21,311,18,24,16,045,25*79
$GPGSV,3,3,10,28,09,159,22,18,04,132,*7B
$GPRMC,053030.000,A,4533.9786,N,12255.9232,W,52.24,298.07,290324,,,A*48
$GPGGA,053035.000,4534.0123,N,12256.0133,W,1,06,1.4,51.6,M,-19.5,M,,0000*5A
$GPGSA,A,3,10,32,27,24,08,21,,,,,,,2.3,1.4,1.8*37
$GPGSV,3,1,10,32,75,165,25,10,65,051,28,21,38,307,22,08,37,262,33*76
$GPGSV,3,2,10,23,30,077,,27,30,218,30,02,21,311,17,24,16,045,29*7A
$GPGSV,3,3,10,28,09,159,18,18,04,132,*72
$GPRMC,053035.000,A,4534.0123,N,12256.0133,W,51.64,297.81,290324,,,A*44
$GPVTG,297.81,T,,M,51.64,N,95.6,K,A*04
$GPGGA,053040.000,4534.0467,N,12256.1047,W,1,06,1.4,52.3,M,-19.5,M,,0000*58
$GPGSA,A,3,10,32,27,24,08,21,,,,,,,2.3,1.4,1.8*37
$GPGSV,3,1,10,32,75,165,26,10,65,051,28,21,38,307,24,08,37,262,33*73
$GPGSV,3,2,10,23,30,077,,27,30,218,30,02,21,311,16,24,16,045,28*7A
$GPGSV,3,3,10,28,09,159,23,18,04,132,*7A
$GPRMC,053040.000,A,4534.0467,N,12256.1047,W,52.67,297.99,290324,,,A*49
$GPVTG,297.99,T,,M,52.67,N,97.5,K,A*0C
$GPGGA,053045.000,4534.0819,N,12256.1983,W,1,06,1.4,53.1,M,-19.5,M,,0000*5A
$GPGSA,A,3,10,32,27,24,08,21,,,,,,,2.3,1.4,1.8*37
$GPGSV,3,1,10,32,75,164,26,10,65,052,28,21,38,307,25,08,36,262,33*71
$GPGSV,3,2,10,23,30,077,,27,29,218,30,02,22,311,16,24,15,044,28*73
$GPGSV,3,3,10,28,10,159,22,18,04,133,*72
$GPRMC,053045.000,A,4534.0819,N,12256.1983,W,54.06,298.28,290324,,,A*4C
$GPVTG,298.28,T,,M,54.06,N,100.1,K,A*33
$GPGGA,053050.000,4534.1179,N,12256.2931,W,1,06,1.4,53.3,M,-19.6,M,,0000*5B
$GPGSA,A,3,10,32,27,24,08,21,,,,,,,2.3,1.4,1.8*37
$GPGSV,3,1,10,32,75,164,25,10,65,052,29,21,38,307,26,08,36,262,33*70
$GPGSV,3,2,10,23,30,077,,27,29,218,30,02,22,311,16,24,15,044,28*73
$GPGSV,3,3,10,28,10,159,23,18,04,133,*73
$GPRMC,053050.000,A,4534.1179,N,12256.2931,W,54.64,298.10,290324,,,A*43
$GPVTG,298.10,T,,M,54.64,N,101.2,K,A*3E
$GPGGA,053055.000,4534.1545,N,12256.3898,W,1,06,1.4,53.1,M,-19.6,M,,0000*54
$GPGSA,A,3,10,32,27,24,08,21,,,,,,,2.3,1.4,1.8*37
$GPGSV,3,1,10,32,75,164,25,10,65,052,28,21,38,307,26,08,36,262,33*71
$GPGSV,3,2,10,23,30,077,,27,29,218,29,02,22,311,16,24,15,044,29*7A
$GPGSV,3,3,10,28,10,159,23,18,04,133,*73
$GPVTG,298.22,T,,M,56.12,N,103.9,K,A*35
$GPGGA,053100.000,4534.1916,N,12256.4884,W,1,06,1.4,53.4,M,-19.6,M,,0000*50
$GPGSA,A,3,10,32,27,24,08,21,,,,,,,2.3,1.4,1.8*37
$GPGSV,3,1,10,32,75,164,25,10,65,052,27,21,38,307,27,08,36,262,33*7F
$GPGSV,3,2,10,23,30,077,,27,29,218,29,02,22,311,15,24,15,044,29*79
$GPGSV,3,3,10,28,10,159,23,18,04,133,*73
$GPRMC,053100.000,A,4534.1916,N,12256.4884,W,56.76,297.72,290324,,,A*45
$GPVTG,297.72,T,,M,56.76,N,105.1,K,A*33
$GPGGA,053105.000,4534.2284,N,12256.5860,W,1,07,1.2,52.4,M,-19.6,M,,0000*5B
$GPGSA,A,3,10,32,27,24,08,21,23,,,,,,2.2,1.2,1.8*31
$GPGSV,3,1,10,32,75,164,25,10,65,052,26,21,38,307,24,08,36,262,33*7D
$GPGSV,3,2,10,23,30,077,23,27,29,218,29,02,22,311,,24,15,044,29*7C
$GPGSV,3,3,10,28,10,159,24,18,04,133,*74
$GPRMC,053105.000,A,4534.2284,N,12256.5860,W,55.64,298.33,290324,,,A*42
$GPVTG,298.33,T,,M,55.64,N,103.0,K,A*3E
$GPGGA,053110.000,4534.2644,N,12256.6817,W,1,07,1.2,52.0,M,-19.6,M,,0000*50
$GPGSA,A,3,10,32,27,24,08,21,23,,,,,,2.2,1.2,1.8*31
$GPGSV,3,1,10,32,75,164,24,10,65,052,26,21,38,307,25,08,36,262,33*7D
$GPGSV,3,2,10,23,30,077,22,27,29,218,29,02,22,311,,24,15,044,29*7D
$GPGSV,3,3,10,28,10,159,25,18,04,133,*75
$GPRMC,053110.000,A,4534.2644,N,12256.6817,W,54.40,298.10,290324,,,A*4B
$GPVTG,298.10,T,,M,54.40,N,100.7,K,A*3C
$GPGGA,053115.000,4534.2995,N,12256.7746,W,1,06,1.4,51.5,M,-19.6,M,,0000*5D
$GPGSA,A,3,10,32,27,24,08,21,,,,,,,2.3,1.4,1.8*37
$GPGSV,3,1,10,32,75,164,23,10,65,052,26,21,38,307,26,08,36,262,33*79
$GPGSV,3,2,10,23,29,077,,27,29,218,29,02,22,311,,24,15,044,29*75
$GPGSV,3,3,10,28,10,158,25,18,04,133,*74
$GPRMC,053115.000,A,4534.2995,N,12256.7746,W,52.87,298.27,290324,,,A*4E
$GPVTG,298.27,T,,M,52.87,N,97.9,K,A*04
$GPGGA,053120.000,4534.3334,N,12256.8649,W,1,06,1.4,50.9,M,-19.6,M,,0000*57
$GPGSA,A,3,10,32,27,24,08,21,,,,,,,2.3,1.4,1.8*37
$GPGSV,3,1,10,32,75,164,24,10,65,052,27,21,38,307,26,08,36,262,33*7F
$GPGSV,3,2,10,23,29,077,,27,29,218,29,02,22,311,,24,15,044,29*75
$GPGSV,3,3,10,28,10,158,24,18,04,133,*75
$GPVTG,298.13,T,,M,51.26,N,94.9,K,A*08
$GPGGA,053125.000,4534.3662,N,12256.9522,W,1,06,1.4,50.6,M,-19.6,M,,0000*54
$GPGSA,A,3,10,32,27,24,08,21,,,,,,,2.3,1.4,1.8*37
$GPGSV,3,1,10,32,75,164,24,10,65,052,27,21,38,307,27,08,36,262,32*7F
$GPGSV,3,2,10,23,29,077,,27,29,218,29,02,22,311,,24,15,044,29*75
$GPGSV,3,3,10,28,10,158,22,18,04,133,*73
$GPRMC,053125.000,A,4534.3662,N,12256.9522,W,49.56,298.20,290324,,,A*44
$GPVTG,298.20,T,,M,49.56,N,91.8,K,A*02
$GPGGA,053130.000,4534.3972,N,12257.0390,W,1,06,1.4,52.7,M,-19.6,M,,0000*5A
$GPGSA,A,3,10,32,27,24,08,21,,,,,,,2.3,1.4,1.8*37
$GPGSV,3,1,10,32,75,164,25,10,65,052,16,21,38,307,27,08,36,262,32*7C
$GPGSV,3,2,10,23,29,077,17,27,29,218,29,02,22,311,,24,15,044,17*7E
$GPGSV,3,3,10,28,10,158,22,18,04,133,*73
$GPRMC,053130.000,A,4534.3972,N,12257.0390,W,49.75,297.36,290324,,,A*40
$GPVTG,297.36,T,,M,49.75,N,92.1,K,A*01
$GPGGA,053135.000,4534.4292,N,12257.1241,W,1,06,1.4,53.7,M,-19.6,M,,0000*50
$GPGSA,A,3,10,32,27,24,08,21,,,,,,,2.3,1.4,1.8*37
$GPGSV,3,1,10,32,75,164,25,10,65,052,23,21,38,307,27,08,36,262,31*79
$GPGSV,3,2,10,23,29,077,,27,29,218,29,02,22,311,,24,15,044,27*7B
$GPGSV,3,3,10,28,10,158,15,18,04,133,*77
$GPRMC,053135.000,A,4534.4292,N,12257.1241,W,48.73,298.05,290324,,,A*43
$GPVTG,298.05,T,,M,48.73,N,90.2,K,A*08
$GPGGA,053140.000,4534.4622,N,12257.2094,W,1,06,1.4,54.9,M,-19.6,M,,0000*5D
$GPGSA,A,3,10,32,27,24,08,21,,,,,,,2.3,1.4,1.8*37
$GPGSV,3,1,10,32,75,164,26,10,65,052,23,21,38,307,26,08,36,262,31*7B
$GPGSV,3,2,10,23,29,077,,27,29,218,29,02,22,311,,24,15,044,28*74
$GPGSV,3,3,10,28,10,158,,18,04,133,*73
$GPRMC,053140.000,A,4534.4622,N,12257.2094,W,48.97,298.21,290324,,,A*4B
$GPVTG,298.21,T,,M,48.97,N,90.7,K,A*01
$GPGGA,053145.000,4534.4946,N,12257.2936,W,1,07,1.2,56.3,M,-19.6,M,,0000*5B
$GPGSA,A,3,10,32,27,24,08,21,23,,,,,,2.1,1.2,1.7*3D
$GPGSV,3,1,10,32,75,163,25,10,64,053,23,21,38,307,26,08,36,261,31*7C
$GPGSV,3,2,10,23,29,077,19,27,29,218,29,02,22,311,15,24,15,044,28*78
$GPGSV,3,3,10,28,10,158,,18,03,133,*74
$GPRMC,053145.000,A,4534.4946,N,12257.2936,W,49.90,298.36,290324,,,A*42
$GPGGA,053150.000,4534.5277,N,12257.3813,W,1,06,1.4,57.6,M,-19.6,M,,0000*53
$GPGSA,A,3,10,32,27,24,08,21,,,,,,,2.3,1.4,1.8*37
$GPGSV,3,1,10,32,75,163,26,10,64,053,23,21,38,307,26,08,36,261,31*7F
$GPGSV,3,2,10,23,29,077,,27,29,218,29,02,22,311,16,24,15,044,25*7E
$GPGSV,3,3,10,28,10,158,,18,03,133,*74
$GPRMC,053150.000,A,4534.5277,N,12257.3813,W,50.84,298.10,290324,,,A*40
$GPVTG,298.10,T,,M,50.84,N,94.2,K,A*09
$GPGGA,053155.000,4534.5608,N,12257.4689,W,1,06,1.4,61.0,M,-19.6,M,,0000*53
$GPGSA,A,3,10,32,27,24,08,21,,,,,,,2.3,1.4,1.8*37
$GPGSV,3,1,10,32,75,163,26,10,64,053,24,21,38,307,26,08,36,261,31*78
$GPGSV,3,2,10,23,29,077,,27,29,218,28,02,22,311,16,24,15,044,27*7D
$GPGSV,3,3,10,28,10,158,,18,03,133,*74
$GPRMC,053155.000,A,4534.5608,N,12257.4689,W,50.37,298.31,290324,,,A*48
$GPVTG,298.31,T,,M,50.37,N,93.3,K,A*04
$GPGGA,053200.000,4534.5939,N,12257.5569,W,1,06,1.4,62.5,M,-19.6,M,,0000*57
$GPGSA,A,3,10,32,27,24,08,21,,,,,,,2.3,1.4,1.8*37
$GPGSV,3,1,10,32,75,163,26,10,64,053,25,21,38,307,27,08,36,261,31*78
$GPGSV,3,2,10,23,29,077,,27,29,218,27,02,22,311,15,24,15,044,27*71
$GPGSV,3,3,10,28,10,158,,18,03,133,*74
$GPRMC,053200.000,A,4534.5939,N,12257.5569,W,50.65,298.39,290324,,,A*45
$GPVTG,298.39,T,,M,50.65,N,93.8,K,A*00
$GPGGA,053205.000,4534.6272,N,12257.6464,W,1,06,1.4,60.3,M,-19.6,M,,0000*5E
$GPGSA,A,3,10,32,27,24,08,21,,,,,,,2.3,1.4,1.8*37
$GPGSV,3,1,10,32,75,163,25,10,64,053,26,21,38,307,27,08,36,261,31*78
$GPGSV,3,2,10,23,29,077,,27,29,218,27,02,22,311,14,24,15,044,28*7F
$GPGSV,3,3,10,28,10,158,,18,03,133,*74
$GPRMC,053205.000,A,4534.6272,N,12257.6464,W,51.30,298.18,290324,,,A*4A
$GPVTG,298.18,T,,M,51.30,N,95.0,K,A*0C
$GPGGA,053210.000,4534.6593,N,12257.7344,W,1,06,1.4,55.8,M,-19.6,M,,0000*5B
$GPGSA,A,3,10,32,27,24,08,21,,,,,,,2.3,1.4,1.8*37
$GPGSV,3,1,10,32,75,163,25,10,64,053,26,21,38,307,27,08,36,261,32*7B
$GPGSV,3,2,10,23,29,077,,27,29,218,27,02,22,311,,24,15,044,28*7A
$GPGSV,3,3,10,28,10,158,,18,03,133,*74
$GPRMC,053210.000,A,4534.6593,N,12257.7344,W,48.66,298.25,290324,,,A*47
$GPGGA,053215.000,4534.6944,N,12257.8172,W,1,07,1.2,53.8,M,-19.6,M,,0000*51
$GPGSA,A,3,10,32,27,24,08,21,23,,,,,,2.1,1.2,1.7*3D
$GPGSV,3,1,10,32,76,162,23,10,64,053,27,21,39,307,26,08,36,261,31*7D
$GPGSV,3,2,10,23,29,077,25,27,29,218,27,02,22,311,,24,15,044,27*72
$GPGSV,3,3,10,28,10,158,26,18,03,133,*70
$GPRMC,053215.000,A,4534.6944,N,12257.8172,W,47.00,302.18,290324,,,A*4F
$GPVTG,302.18,T,,M,47.00,N,87.0,K,A*09
$GPGGA,053220.000,4534.7290,N,12257.8932,W,1,07,1.2,52.2,M,-19.6,M,,0000*53
$GPGSA,A,3,10,32,27,24,08,21,23,,,,,,2.1,1.2,1.7*3D
$GPGSV,3,1,10,32,76,162,24,10,64,053,28,21,39,307,26,08,36,261,26*73
$GPGSV,3,2,10,23,29,077,26,27,29,218,28,02,22,311,,24,15,044,27*7E
$GPGSV,3,3,10,28,10,158,22,18,03,133,*74
$GPRMC,053220.000,A,4534.7290,N,12257.8932,W,44.81,304.70,290324,,,A*44
$GPVTG,304.70,T,,M,44.81,N,83.0,K,A*0F
$GPGGA,053225.000,4534.7694,N,12257.9568,W,1,07,1.2,57.5,M,-19.6,M,,0000*56
$GPGSA,A,3,10,32,27,24,08,21,23,,,,,,2.1,1.2,1.7*3D
$GPGSV,3,1,10,32,76,162,23,10,64,053,18,21,39,307,21,08,36,261,20*76
$GPGSV,3,2,10,23,29,077,26,27,29,218,24,02,22,311,,24,15,044,17*71
$GPGSV,3,3,10,28,10,158,16,18,03,133,*73
$GPRMC,053225.000,A,4534.7694,N,12257.9568,W,42.18,317.47,290324,,,A*43
$GPVTG,317.47,T,,M,42.18,N,78.1,K,A*0A
$GPGGA,053230.000,4534.8098,N,12258.0000,W,1,07,1.2,59.8,M,-19.6,M,,0000*59
$GPGSA,A,3,10,32,27,24,08,21,23,,,,,,2.1,1.2,1.7*3D
$GPGSV,3,1,10,32,76,162,17,10,64,053,28,21,39,307,23,08,36,261,22*72
$GPGSV,3,2,10,23,29,077,32,27,29,218,23,02,22,311,,24,15,044,17*73
$GPGSV,3,3,10,28,10,158,16,18,03,133,20*71
$GPRMC,053230.000,A,4534.8098,N,12258.0000,W,34.23,319.47,290324,,,A*48
$GPVTG,319.47,T,,M,34.23,N,63.4,K,A*02
$GPGGA,053235.000,4534.8308,N,12258.0370,W,1,07,1.2,63.7,M,-19.6,M,,0000*54
$GPGSA,A,3,10,32,27,24,08,21,23,,,,,,2.1,1.2,1.7*3D
$GPGSV,3,1,10,32,76,162,25,10,64,053,30,21,39,307,27,08,36,261,29*75
$GPGSV,3,2,10,23,29,077,20,27,29,218,31,02,22,311,14,24,15,044,25*77
$GPGSV,3,3,10,28,10,158,26,18,03,133,12*73
$GPVTG,301.18,T,,M,19.63,N,36.4,K,A*0A
$GPGGA,053240.000,4534.8325,N,12258.0482,W,1,07,1.2,66.9,M,-19.6,M,,0000*58
$GPGSA,A,3,10,32,27,24,08,21,23,,,,,,2.1,1.2,1.7*3D
$GPGSV,3,1,10,32,76,162,27,10,64,053,23,21,39,307,30,08,36,261,34*7F
$GPGSV,3,2,10,23,29,077,21,27,29,218,30,02,22,311,16,24,15,044,27*77
$GPGSV,3,3,10,28,10,158,12,18,03,133,*77
$GPRMC,053240.000,A,4534.8325,N,12258.0482,W,2.07,286.35,290324,,,A*75
$GPVTG,286.35,T,,M,2.07,N,3.8,K,A*09
$GPGGA,053245.000,4534.8263,N,12258.0649,W,1,07,1.2,70.6,M,-19.6,M,,0000*53
$GPGSA,A,3,10,32,27,24,08,21,23,,,,,,2.1,1.2,1.7*3D
$GPGSV,3,1,10,32,76,162,35,10,64,053,25,21,39,307,26,08,36,261,26*7E
$GPGSV,3,2,10,23,29,077,22,27,29,218,28,02,22,311,20,24,15,044,22*7D
$GPGSV,3,3,10,28,10,158,20,18,03,133,23*77
$GPRMC,053245.000,A,4534.8263,N,12258.0649,W,16.98,232.00,290324,,,A*4C
$GPVTG,232.00,T,,M,16.98,N,31.5,K,A*0F
$GPGGA,053250.000,4534.7937,N,12258.0914,W,1,06,1.4,66.2,M,-19.6,M,,0000*51
$GPGSA,A,3,10,32,27,08,21,23,,,,,,,2.6,1.4,2.2*3C
$GPGSV,3,1,10,32,76,162,39,10,64,053,26,21,39,307,28,08,36,261,27*7E
$GPGSV,3,2,10,23,29,077,22,27,29,218,27,02,22,311,22,24,15,044,13*72
$GPGSV,3,3,10,28,10,158,19,18,03,133,14*79
$GPRMC,053250.000,A,4534.7937,N,12258.0914,W,30.19,208.00,290324,,,A*4E
$GPVTG,208.00,T,,M,30.19,N,55.9,K,A*05
$GPGGA,053255.000,4534.7513,N,12258.1230,W,1,06,1.4,62.6,M,-19.6,M,,0000*52
$GPGSA,A,3,10,32,27,08,21,23,,,,,,,2.6,1.4,2.2*3C
$GPGSV,3,1,10,32,76,162,39,10,64,053,25,21,39,307,29,08,36,261,28*73
$GPGSV,3,2,10,23,29,077,22,27,29,218,27,02,22,311,22,24,15,044,*70
$GPGSV,3,3,10,28,10,158,24,18,03,133,16*75
$GPRMC,053255.000,A,4534.7513,N,12258.1230,W,35.44,207.68,290324,,,A*41
$GPVTG,207.68,T,,M,35.44,N,65.6,K,A*05
$GPGGA,053300.000,4534.7050,N,12258.1565,W,1,06,1.4,58.2,M,-19.6,M,,0000*5B
$GPGSA,A,3,10,32,27,08,21,23,,,,,,,2.6,1.4,2.2*3C
$GPGSV,3,1,10,32,76,162,34,10,64,053,24,21,39,307,29,08,36,261,28*7F
$GPGSV,3,2,10,23,29,077,21,27,29,218,26,02,22,311,22,24,15,044,*72
$GPGSV,3,3,10,28,10,158,24,18,03,133,17*74
$GPVTG,205.71,T,,M,37.69,N,69.8,K,A*00
$GPGGA,053305.000,4534.6559,N,12258.1834,W,1,06,1.3,56.5,M,-19.6,M,,0000*54
$GPGSA,A,3,10,32,27,24,21,23,,,,,,,2.2,1.3,1.7*37
$GPGSV,3,1,10,32,76,162,31,10,64,053,23,21,39,307,29,08,36,261,*77
$GPGSV,3,2,10,23,29,077,21,27,29,218,18,02,22,311,29,24,15,044,25*73
$GPGSV,3,3,10,28,10,158,15,18,03,133,23*71
$GPRMC,053305.000,A,4534.6559,N,12258.1834,W,39.89,196.39,290324,,,A*46
$GPVTG,196.39,T,,M,39.89,N,73.9,K,A*0F
$GPGGA,053310.000,4534.5998,N,12258.1968,W,1,07,1.2,55.8,M,-19.6,M,,0000*54
$GPGSA,A,3,10,32,27,24,08,21,23,,,,,,2.1,1.2,1.7*3D
$GPGSV,3,1,10,32,76,162,31,10,64,053,25,21,39,307,22,08,36,261,19*72
$GPGSV,3,2,10,23,29,077,20,27,29,218,19,02,22,311,25,24,15,044,24*7E
$GPGSV,3,3,10,28,10,158,27,18,03,133,17*77
$GPRMC,053310.000,A,4534.5998,N,12258.1968,W,40.94,185.04,290324,,,A*46
$GPVTG,185.04,T,,M,40.94,N,75.8,K,A*06
$GPGGA,053315.000,4534.5443,N,12258.2000,W,1,05,2.2,54.7,M,-19.6,M,,0000*51
$GPGSA,A,3,10,32,27,24,08,,,,,,,,2.9,2.2,1.9*3A
$GPGSV,3,1,10,32,76,162,32,10,64,053,31,21,39,307,14,08,36,261,13*7B
$GPGSV,3,2,10,23,29,077,,27,29,218,22,02,22,311,24,24,15,044,25*74
$GPGSV,3,3,10,28,10,158,20,18,03,133,16*71
$GPRMC,053315.000,A,4534.5443,N,12258.2000,W,41.07,179.94,290324,,,A*4D
$GPVTG,179.94,T,,M,41.07,N,76.1,K,A*0D
$GPGGA,053320.000,4534.4886,N,12258.2009,W,1,07,1.2,51.8,M,-19.6,M,,0000*51
$GPGSA,A,3,10,32,27,24,08,21,23,,,,,,2.1,1.2,1.7*3D
$GPGSV,3,1,10,32,76,162,34,10,64,053,31,21,39,307,17,08,36,261,14*79
$GPGSV,3,2,10,23,29,077,19,27,29,218,21,02,22,311,25,24,15,044,25*7E
$GPGSV,3,3,10,28,10,158,21,18,03,133,16*70
$GPRMC,053320.000,A,4534.4886,N,12258.2009,W,36.56,183.90,290324,,,A*43
$GPVTG,183.90,T,,M,36.56,N,67.7,K,A*0E
$GPGGA,053325.000,4534.4420,N,12258.2074,W,1,07,1.2,52.8,M,-19.6,M,,0000*5D
$GPGSA,A,3,10,32,27,24,08,21,23,,,,,,2.1,1.2,1.7*3D
$GPGSV,3,1,10,32,76,162,34,10,64,053,35,21,39,307,23,08,36,261,21*7C
$GPGSV,3,2,10,23,29,077,28,27,29,218,28,02,22,311,21,24,15,044,13*74
$GPGSV,3,3,10,28,10,158,21,18,03,133,17*71
$GPVTG,181.22,T,,M,32.83,N,60.8,K,A*01
$GPGGA,053330.000,4534.4033,N,12258.1954,W,1,06,1.8,53.8,M,-19.6,M,,0000*5D
$GPGSA,A,3,10,32,27,24,08,23,,,,,,,2.5,1.8,1.7*30
$GPGSV,3,1,10,32,76,162,27,10,64,053,23,21,39,307,,08,36,261,25*7C
$GPGSV,3,2,10,23,29,077,28,27,29,218,22,02,22,311,27,24,15,044,28*70
$GPGSV,3,3,10,28,10,158,13,18,03,133,18*7F
$GPRMC,053330.000,A,4534.4033,N,12258.1954,W,27.67,160.26,290324,,,A*44
$GPVTG,160.26,T,,M,27.67,N,51.2,K,A*0C
$GPGGA,053335.000,4534.3760,N,12258.1929,W,1,07,1.2,54.4,M,-19.6,M,,0000*54
$GPGSA,A,3,10,32,27,24,08,21,23,,,,,,2.1,1.2,1.7*3D
$GPGSV,3,1,10,32,76,162,32,10,64,053,29,21,39,307,33,08,36,261,24*73
$GPGSV,3,2,10,23,29,077,22,27,29,218,23,02,22,311,27,24,15,044,21*72
$GPGSV,3,3,10,28,10,158,24,18,03,133,18*7B
$GPRMC,053335.000,A,4534.3760,N,12258.1929,W,18.91,189.59,290324,,,A*47
$GPVTG,189.59,T,,M,18.91,N,35.0,K,A*06
$GPGGA,053340.000,4534.3604,N,12258.2134,W,1,07,1.2,54.7,M,-19.6,M,,0000*51
$GPGSA,A,3,10,32,27,24,08,21,23,,,,,,2.1,1.2,1.7*3D
$GPGSV,3,1,10,32,76,162,37,10,64,053,31,21,39,307,32,08,36,261,24*7E
$GPGSV,3,2,10,23,29,077,23,27,29,218,23,02,22,311,,24,15,044,20*77
$GPGSV,3,3,10,28,10,158,22,18,03,133,17*72
$GPRMC,053340.000,A,4534.3604,N,12258.2134,W,14.93,203.55,290324,,,A*42
$GPVTG,203.55,T,,M,14.93,N,27.6,K,A*00
$GPGGA,053345.000,4534.3304,N,12258.2074,W,1,06,1.8,54.6,M,-19.6,M,,0000*5E
$GPGSA,A,3,10,32,27,24,08,23,,,,,,,2.5,1.8,1.7*30
$GPGSV,3,1,10,32,76,162,24,10,64,053,34,21,39,307,,08,36,261,16*79
$GPGSV,3,2,10,23,29,077,24,27,29,218,29,02,22,311,22,24,15,044,20*7A
$GPGSV,3,3,10,28,10,158,25,18,03,133,*73
$GPRMC,053345.000,A,4534.3304,N,12258.2074,W,23.49,181.10,290324,,,A*4C
$GPVTG,181.10,T,,M,23.49,N,43.5,K,A*0A
$GPGGA,053350.000,4534.2970,N,12258.2201,W,1,07,1.2,60.4,M,-19.6,M,,0000*5C
$GPGSA,A,3,10,32,27,24,08,21,23,,,,,,2.1,1.2,1.7*3D
$GPGSV,3,1,10,32,76,162,35,10,64,053,26,21,39,307,33,08,36,261,20*7F
$GPGSV,3,2,10,23,29,077,23,27,29,218,15,02,22,311,29,24,15,044,22*7B
$GPGSV,3,3,10,28,10,158,15,18,03,133,*70
$GPVTG,199.36,T,,M,27.76,N,51.4,K,A*0D
$GPGGA,053355.000,4534.2550,N,12258.2307,W,1,06,1.4,61.1,M,-19.6,M,,0000*53
$GPGSA,A,3,10,32,27,08,21,23,,,,,,,2.6,1.4,2.2*3C
$GPGSV,3,1,10,32,76,162,35,10,64,053,35,21,39,307,24,08,36,261,21*7A
$GPGSV,3,2,10,23,29,077,30,27,29,218,26,02,22,311,17,24,15,044,20*76
$GPGSV,3,3,10,28,10,158,25,18,03,133,*73
$GPRMC,053355.000,A,4534.2550,N,12258.2307,W,30.90,180.58,290324,,,A*47
$GPVTG,180.58,T,,M,30.90,N,57.2,K,A*03
$GPGGA,053400.000,4534.2100,N,12258.2272,W,1,07,1.2,54.4,M,-19.6,M,,0000*52
$GPGSA,A,3,10,32,27,24,08,21,23,,,,,,2.1,1.2,1.7*3D
$GPGSV,3,1,10,32,76,162,27,10,64,053,35,21,39,307,17,08,36,261,22*7A
$GPGSV,3,2,10,23,29,077,29,27,29,218,29,02,22,311,25,24,15,044,13*70
$GPGSV,3,3,10,28,10,158,20,18,03,133,*76
$GPRMC,053400.000,A,4534.2100,N,12258.2272,W,31.20,179.20,290324,,,A*41
$GPVTG,179.20,T,,M,31.20,N,57.8,K,A*0A
$GPGGA,053405.000,4534.1642,N,12258.2269,W,1,07,1.2,51.0,M,-19.6,M,,0000*5E
$GPGSA,A,3,10,32,27,24,08,21,23,,,,,,2.1,1.2,1.7*3D
$GPGSV,3,1,10,32,76,162,37,10,64,053,36,21,39,307,27,08,36,261,21*78
$GPGSV,3,2,10,23,29,077,29,27,29,218,19,02,22,311,16,24,15,044,12*72
$GPGSV,3,3,10,28,10,158,22,18,03,133,*74
$GPRMC,053405.000,A,4534.1642,N,12258.2269,W,33.03,179.91,290324,,,A*45
$GPVTG,179.91,T,,M,33.03,N,61.2,K,A*0C
$GPGGA,053410.000,4534.1176,N,12258.2264,W,1,05,1.4,50.4,M,-19.6,M,,0000*56
$GPGSA,A,3,10,32,27,21,23,,,,,,,,2.6,1.4,2.2*34
$GPGSV,3,1,10,32,76,162,35,10,64,053,36,21,39,307,24,08,36,261,14*7F
$GPGSV,3,2,10,23,29,077,29,27,29,218,24,02,22,311,17,24,15,044,*7E
$GPGSV,3,3,10,28,10,158,23,18,03,133,23*74
$GPRMC,053410.000,A,4534.1176,N,12258.2264,W,34.00,179.35,290324,,,A*46
$GPVTG,179.35,T,,M,34.00,N,63.0,K,A*06
$GPGGA,053415.000,4534.0697,N,12258.2262,W,1,06,1.4,51.2,M,-19.6,M,,0000*58
$GPGSA,A,3,10,32,27,08,21,23,,,,,,,2.6,1.4,2.2*3C
$GPGSV,3,1,10,32,76,162,36,10,64,053,36,21,39,307,26,08,36,261,20*79
$GPGSV,3,2,10,23,29,077,29,27,29,218,25,02,22,311,17,24,15,044,*7F
$GPGSV,3,3,10,28,10,158,23,18,03,133,22*75
$GPVTG,180.37,T,,M,35.35,N,65.5,K,A*06
$GPGGA,053420.000,4534.0211,N,12258.2261,W,1,06,1.4,51.1,M,-19.6,M,,0000*54
$GPGSA,A,3,10,32,27,08,21,23,,,,,,,2.6,1.4,2.2*3C
$GPGSV,3,1,10,32,76,162,36,10,64,053,36,21,39,307,16,08,36,261,19*70
$GPGSV,3,2,10,23,29,077,29,27,29,218,18,02,22,311,17,24,15,044,*71
$GPGSV,3,3,10,28,10,158,19,18,03,133,17*7A
$GPRMC,053420.000,A,4534.0211,N,12258.2261,W,34.41,177.63,290324,,,A*4B
$GPVTG,177.63,T,,M,34.41,N,63.7,K,A*09
$GPGGA,053425.000,4533.9731,N,12258.2245,W,1,06,1.3,51.7,M,-19.6,M,,0000*5F
$GPGSA,A,3,10,32,27,24,21,23,,,,,,,2.2,1.3,1.7*37
$GPGSV,3,1,10,32,76,162,31,10,64,053,31,21,39,307,18,08,36,261,18*7F
$GPGSV,3,2,10,23,29,077,19,27,29,218,17,02,22,311,17,24,15,044,26*79
$GPGSV,3,3,10,28,10,158,17,18,03,133,*72
$GPRMC,053425.000,A,4533.9731,N,12258.2245,W,35.47,178.66,290324,,,A*4C
$GPVTG,178.66,T,,M,35.47,N,65.7,K,A*02
$GPGGA,053430.000,4533.9303,N,12258.2445,W,1,06,1.4,49.4,M,-19.6,M,,0000*55
$GPGSA,A,3,10,32,27,24,08,21,,,,,,,2.2,1.4,1.8*36
$GPGSV,3,1,10,32,76,162,39,10,64,053,23,21,39,307,25,08,36,261,22*73
$GPGSV,3,2,10,23,29,077,11,27,29,218,24,02,22,311,20,24,15,044,18*78
$GPGSV,3,3,10,28,10,158,,18,03,133,*74
$GPRMC,053430.000,A,4533.9303,N,12258.2445,W,34.25,206.62,290324,,,A*40
$GPVTG,206.62,T,,M,34.25,N,63.4,K,A*0C
$GPGGA,053435.000,4533.8914,N,12258.2946,W,1,06,1.3,48.9,M,-19.6,M,,0000*58
$GPGSA,A,3,10,32,27,24,21,23,,,,,,,2.2,1.3,1.7*37
$GPGSV,3,1,10,32,76,162,38,10,64,053,23,21,39,307,22,08,36,261,*75
$GPGSV,3,2,10,23,29,077,20,27,29,218,22,02,22,311,20,24,15,044,16*72
$GPGSV,3,3,10,28,10,158,,18,03,133,*74
$GPRMC,053435.000,A,4533.8914,N,12258.2946,W,37.74,223.42,290324,,,A*44
$GPVTG,223.42,T,,M,37.74,N,69.9,K,A*09
$GPGGA,053440.000,4533.8526,N,12258.3470,W,1,07,1.2,46.5,M,-19.6,M,,0000*5C
$GPGSA,A,3,10,32,27,24,08,21,23,,,,,,2.1,1.2,1.7*3D
$GPGSV,3,1,10,32,76,162,33,10,64,053,23,21,39,307,18,08,36,261,23*76
$GPGSV,3,2,10,23,29,077,19,27,29,218,22,02,22,311,13,24,15,044,17*79
$GPGSV,3,3,10,28,10,158,,18,03,133,*74
$GPVTG,222.48,T,,M,35.24,N,65.3,K,A*03
$GPGGA,053445.000,4533.8073,N,12258.3640,W,1,07,1.2,49.1,M,-19.6,M,,0000*56
$GPGSA,A,3,10,32,27,24,08,21,23,,,,,,2.1,1.2,1.7*3D
$GPGSV,3,1,10,32,76,162,35,10,64,053,34,21,39,307,29,08,36,261,16*72
$GPGSV,3,2,10,23,29,077,25,27,29,218,22,02,22,311,24,24,15,044,15*70
$GPGSV,3,3,10,28,10,158,22,18,03,133,*74
$GPRMC,053445.000,A,4533.8073,N,12258.3640,W,34.49,186.32,290324,,,A*45
$GPVTG,186.32,T,,M,34.49,N,63.9,K,A*05
$GPGGA,053450.000,4533.7511,N,12258.3641,W,1,05,1.4,52.1,M,-19.6,M,,0000*53
$GPGSA,A,3,10,32,27,21,23,,,,,,,,2.6,1.4,2.2*34
$GPGSV,3,1,10,32,76,162,35,10,64,053,36,21,39,307,28,08,36,261,*76
$GPGSV,3,2,10,23,29,077,29,27,29,218,23,02,22,311,14,24,15,044,*7A
$GPGSV,3,3,10,28,10,158,22,18,03,133,19*7C
$GPRMC,053450.000,A,4533.7511,N,12258.3641,W,40.99,181.56,290324,,,A*45
$GPVTG,181.56,T,,M,40.99,N,75.9,K,A*09
$GPGGA,053455.000,4533.6924,N,12258.3680,W,1,06,1.4,52.4,M,-19.6,M,,0000*56
$GPGSA,A,3,10,32,27,08,21,23,,,,,,,2.6,1.4,2.2*3C
$GPGSV,3,1,10,32,76,162,35,10,64,053,35,21,39,307,24,08,36,261,20*7B
$GPGSV,3,2,10,23,29,077,24,27,29,218,24,02,22,311,,24,15,044,*75
$GPGSV,3,3,10,28,10,158,27,18,03,133,18*78
$GPRMC,053455.000,A,4533.6924,N,12258.3680,W,42.71,182.65,290324,,,A*41
$GPVTG,182.65,T,,M,42.71,N,79.1,K,A*0A
$GPGGA,053500.000,4533.6318,N,12258.3724,W,1,07,1.2,52.3,M,-19.6,M,,0000*5D
$GPGSA,A,3,10,32,27,08,21,23,24,,,,,,2.1,1.2,1.7*3D
$GPGSV,3,1,10,32,76,162,35,10,64,053,35,21,39,307,26,08,36,261,21*78
$GPGSV,3,2,10,23,29,077,26,27,29,218,25,02,22,311,,24,15,044,24*70
$GPGSV,3,3,10,28,10,158,21,18,03,133,23*76
$GPRMC,053500.000,A,4533.6318,N,12258.3724,W,43.49,182.34,290324,,,A*44
$GPVTG,182.34,T,,M,43.49,N,80.5,K,A*06
$GPGGA,053505.000,4533.5727,N,12258.3759,W,1,07,1.2,55.3,M,-19.6,M,,0000*5E
$GPGSA,A,3,10,32,27,08,21,23,24,,,,,,2.1,1.2,1.7*3D
$GPGSV,3,1,10,32,76,162,34,10,64,053,35,21,39,307,26,08,36,261,20*78
$GPGSV,3,2,10,23,29,077,27,27,29,218,25,02,22,311,,24,15,044,24*71
$GPGSV,3,3,10,28,10,158,25,18,03,133,23*72
$GPVTG,182.81,T,,M,42.31,N,78.4,K,A*00
$GPGGA,053510.000,4533.5155,N,12258.3806,W,1,07,1.2,58.4,M,-19.6,M,,0000*56
$GPGSA,A,3,10,32,27,08,21,23,24,,,,,,2.1,1.2,1.7*3D
$GPGSV,3,1,10,32,76,162,34,10,64,053,35,21,39,307,23,08,36,261,18*76
$GPGSV,3,2,10,23,29,077,27,27,29,218,26,02,22,311,,24,15,044,24*72
$GPGSV,3,3,10,28,10,158,25,18,03,133,22*73
$GPRMC,053510.000,A,4533.5155,N,12258.3806,W,41.40,183.07,290324,,,A*48
$GPVTG,183.07,T,,M,41.40,N,76.7,K,A*07
$GPGGA,053515.000,4533.4575,N,12258.3833,W,1,07,1.2,58.0,M,-19.6,M,,0000*56
$GPGSA,A,3,10,32,27,08,21,23,24,,,,,,2.1,1.2,1.7*3D
$GPGSV,3,1,10,32,77,158,34,10,63,055,35,21,40,307,24,08,36,259,18*7D
$GPGSV,3,2,10,23,28,078,27,27,27,217,25,02,23,311,,24,15,043,23*7F
$GPGSV,3,3,10,28,11,158,25,18,02,133,21*70
$GPRMC,053515.000,A,4533.4575,N,12258.3833,W,39.82,182.51,290324,,,A*4F
$GPVTG,182.51,T,,M,39.82,N,73.7,K,A*01
$GPGGA,053520.000,4533.4023,N,12258.3867,W,1,07,1.2,56.8,M,-19.6,M,,0000*51
$GPGSA,A,3,10,32,27,08,21,23,24,,,,,,2.1,1.2,1.7*3D
$GPGSV,3,1,10,32,77,158,34,10,63,055,35,21,40,307,24,08,36,259,18*7D
$GPGSV,3,2,10,23,28,078,27,27,27,217,25,02,23,311,,24,15,043,22*7E
$GPGSV,3,3,10,28,11,158,26,18,02,133,20*72
$GPRMC,053520.000,A,4533.4023,N,12258.3867,W,39.97,182.89,290324,,,A*4F
$GPVTG,182.89,T,,M,39.97,N,74.0,K,A*00
$GPGGA,053525.000,4533.3445,N,12258.3899,W,1,07,1.2,55.7,M,-19.6,M,,0000*5A
$GPGSA,A,3,10,32,27,08,21,23,24,,,,,,2.1,1.2,1.7*3D
$GPGSV,3,1,10,32,77,158,34,10,63,055,36,21,40,307,24,08,36,259,19*7F
$GPGSV,3,2,10,23,28,078,27,27,27,217,25,02,23,311,,24,15,043,18*77
$GPGSV,3,3,10,28,11,158,26,18,02,133,20*72
$GPRMC,053525.000,A,4533.3445,N,12258.3899,W,41.76,182.63,290324,,,A*4C
$GPVTG,182.63,T,,M,41.76,N,77.3,K,A*04
$GPGGA,053530.000,4533.2868,N,12258.3932,W,1,07,1.2,55.0,M,-19.6,M,,0000*5B
$GPGSA,A,3,10,32,27,08,21,23,24,,,,,,2.1,1.2,1.7*3D
$GPGSV,3,1,10,32,77,158,34,10,63,055,36,21,40,307,24,08,36,259,19*7F
$GPGSV,3,2,10,23,28,078,27,27,27,217,26,02,23,311,,24,15,043,18*74
$GPGSV,3,3,10,28,11,158,26,18,02,133,20*72
$GPVTG,183.22,T,,M,40.84,N,75.6,K,A*0B
$GPGGA,053535.000,4533.2287,N,12258.3965,W,1,07,1.2,53.0,M,-19.6,M,,0000*51
$GPGSA,A,3,10,32,27,08,21,23,24,,,,,,2.1,1.2,1.7*3D
$GPGSV,3,1,10,32,77,158,35,10,63,055,36,21,40,307,25,08,36,259,22*77
$GPGSV,3,2,10,23,28,078,27,27,27,217,26,02,23,311,,24,15,043,17*7B
$GPGSV,3,3,10,28,11,158,17,18,02,133,19*7A
$GPRMC,053535.000,A,4533.2287,N,12258.3965,W,40.99,182.95,290324,,,A*4F
$GPVTG,182.95,T,,M,40.99,N,75.9,K,A*05
$GPGGA,053540.000,4533.1741,N,12258.4012,W,1,07,1.2,53.3,M,-19.6,M,,0000*52
$GPGSA,A,3,10,32,27,08,21,23,24,,,,,,2.1,1.2,1.7*3D
$GPGSV,3,1,10,32,77,158,35,10,63,055,36,21,40,307,25,08,36,259,21*74
$GPGSV,3,2,10,23,28,078,27,27,27,217,25,02,23,311,17,24,15,043,18*71
$GPGSV,3,3,10,28,11,158,23,18,02,133,*75
$GPRMC,053540.000,A,4533.1741,N,12258.4012,W,38.14,183.66,290324,,,A*48
$GPVTG,183.66,T,,M,38.14,N,70.6,K,A*08
$GPGGA,053545.000,4533.1226,N,12258.4045,W,1,07,1.2,55.0,M,-19.6,M,,0000*54
$GPGSA,A,3,10,32,27,08,21,23,24,,,,,,2.1,1.2,1.7*3D
$GPGSV,3,1,10,32,77,157,35,10,63,055,36,21,40,307,25,08,35,259,20*79
$GPGSV,3,2,10,23,28,078,26,27,27,217,24,02,24,311,19,24,14,042,19*79
$GPGSV,3,3,10,28,12,158,24,18,02,133,*71
$GPRMC,053545.000,A,4533.1226,N,12258.4045,W,35.86,182.96,290324,,,A*43
$GPVTG,182.96,T,,M,35.86,N,66.4,K,A*05
$GPGGA,053550.000,4533.0755,N,12258.4070,W,1,07,1.2,55.0,M,-19.6,M,,0000*56
$GPGSA,A,3,10,32,27,08,21,23,24,,,,,,2.1,1.2,1.7*3D
$GPGSV,3,1,10,32,77,157,35,10,63,055,37,21,40,307,26,08,35,259,21*7A
$GPGSV,3,2,10,23,28,078,26,27,27,217,23,02,24,311,19,24,14,042,19*7E
$GPGSV,3,3,10,28,12,158,25,18,02,133,16*77
$GPRMC,053550.000,A,4533.0755,N,12258.4070,W,32.76,182.52,290324,,,A*41
$GPVTG,182.52,T,,M,32.76,N,60.7,K,A*00
$GPGGA,053555.000,4533.0344,N,12258.4117,W,1,07,1.2,53.3,M,-19.6,M,,0000*52
$GPGSA,A,3,10,32,27,08,21,23,24,,,,,,2.1,1.2,1.7*3D
$GPGSV,3,1,10,32,77,157,35,10,63,055,36,21,40,307,19,08,35,259,21*77
$GPGSV,3,2,10,23,28,078,25,27,27,217,23,02,24,311,19,24,14,042,25*72
$GPGSV,3,3,10,28,12,158,26,18,02,133,*73
$GPVTG,183.09,T,,M,27.15,N,50.3,K,A*09
$GPGGA,053600.000,4533.0123,N,12258.4139,W,1,06,1.3,52.3,M,-19.6,M,,0000*5F
$GPGSA,A,3,10,32,27,21,23,24,,,,,,,2.1,1.3,1.7*34
$GPGSV,3,1,10,32,77,157,35,10,63,055,36,21,40,307,22,08,35,259,11*7C
$GPGSV,3,2,10,23,28,078,21,27,27,217,23,02,24,311,,24,14,042,25*7E
$GPGSV,3,3,10,28,12,158,17,18,02,133,*71
$GPRMC,053600.000,A,4533.0123,N,12258.4139,W,11.52,182.54,290324,,,A*4D
$GPVTG,182.54,T,,M,11.52,N,21.3,K,A*00
$GPGGA,053605.000,4533.0075,N,12258.4167,W,1,07,1.2,51.2,M,-19.6,M,,0000*51
$GPGSA,A,3,10,32,27,08,21,23,24,,,,,,2.1,1.2,1.7*3D
$GPGSV,3,1,10,32,77,157,35,10,63,055,23,21,40,307,33,08,35,259,23*79
$GPGSV,3,2,10,23,28,078,25,27,27,217,17,02,24,311,28,24,14,042,20*72
$GPGSV,3,3,10,28,12,158,,18,02,133,*77
$GPRMC,053605.000,A,4533.0075,N,12258.4167,W,4.98,209.00,290324,,,A*72
$GPVTG,209.00,T,,M,4.98,N,9.2,K,A*08
$GPGGA,053610.000,4533.0037,N,12258.4420,W,1,07,1.2,53.5,M,-19.6,M,,0000*50
$GPGSA,A,3,10,32,27,08,21,23,24,,,,,,2.1,1.2,1.7*3D
$GPGSV,3,1,10,32,77,157,26,10,63,055,31,21,40,307,33,08,35,259,23*78
$GPGSV,3,2,10,23,28,078,24,27,27,217,25,02,24,311,25,24,14,042,21*7E
$GPGSV,3,3,10,28,12,158,,18,02,133,*77
$GPRMC,053610.000,A,4533.0037,N,12258.4420,W,19.78,261.40,290324,,,A*4E
$GPVTG,261.40,T,,M,19.78,N,36.6,K,A*08
$GPGGA,053615.000,4533.0066,N,12258.5037,W,1,06,1.3,60.0,M,-19.6,M,,0000*57
$GPGSA,A,3,10,32,27,21,23,24,,,,,,,2.1,1.3,1.7*34
$GPGSV,3,1,10,32,77,157,25,10,63,055,27,21,40,307,26,08,35,259,*79
$GPGSV,3,2,10,23,28,078,24,27,27,217,21,02,24,311,27,24,14,042,19*73
$GPGSV,3,3,10,28,12,158,,18,02,133,*77
$GPRMC,053615.000,A,4533.0066,N,12258.5037,W,32.75,271.15,290324,,,A*49
$GPVTG,271.15,T,,M,32.75,N,60.7,K,A*0F
$GPGGA,053620.000,4533.0063,N,12258.5720,W,1,07,1.2,64.1,M,-19.6,M,,0000*50
$GPGSA,A,3,10,32,27,08,21,23,24,,,,,,2.1,1.2,1.7*3D
$GPGSV,3,1,10,32,77,157,22,10,63,055,27,21,40,307,27,08,35,259,17*79
$GPGSV,3,2,10,23,28,078,24,27,27,217,20,02,24,311,27,24,14,042,19*72
$GPGSV,3,3,10,28,12,158,,18,02,133,*77
$GPRMC,053620.000,A,4533.0063,N,12258.5720,W,33.84,268.61,290324,,,A*4F
$GPGGA,053625.000,4533.0071,N,12258.6396,W,1,07,1.2,68.3,M,-19.6,M,,0000*52
$GPGSA,A,3,10,32,27,08,21,23,24,,,,,,2.1,1.2,1.7*3D
$GPGSV,3,1,10,32,77,157,22,10,63,055,27,21,40,307,28,08,35,259,15*74
$GPGSV,3,2,10,23,28,078,24,27,27,217,20,02,24,311,27,24,14,042,18*73
$GPGSV,3,3,10,28,12,158,,18,02,133,*77
$GPRMC,053625.000,A,4533.0071,N,12258.6396,W,34.36,270.80,290324,,,A*4B
$GPVTG,270.80,T,,M,34.36,N,63.6,K,A*01
$GPGGA,053630.000,4533.0048,N,12258.7070,W,1,07,1.2,62.9,M,-19.6,M,,0000*56
$GPGSA,A,3,10,32,27,08,21,23,24,,,,,,2.1,1.2,1.7*3D
$GPGSV,3,1,10,32,77,157,17,10,63,055,27,21,40,307,29,08,35,259,17*71
$GPGSV,3,2,10,23,28,078,24,27,27,217,19,02,24,311,20,24,14,042,17*71
$GPGSV,3,3,10,28,12,158,,18,02,133,*77
$GPRMC,053630.000,A,4533.0048,N,12258.7070,W,33.97,266.02,290324,,,A*4E
$GPVTG,266.02,T,,M,33.97,N,62.9,K,A*0E
$GPGGA,053635.000,4533.0007,N,12258.7662,W,1,07,1.2,67.7,M,-19.6,M,,0000*56
$GPGSA,A,3,10,32,27,08,21,23,24,,,,,,2.1,1.2,1.7*3D
$GPGSV,3,1,10,32,77,157,21,10,63,055,27,21,40,307,30,08,35,259,19*72
$GPGSV,3,2,10,23,28,078,23,27,27,217,25,02,24,311,21,24,14,042,16*79
$GPGSV,3,3,10,28,12,158,,18,02,133,*77
$GPRMC,053635.000,A,4533.0007,N,12258.7662,W,25.18,264.43,290324,,,A*42
$GPVTG,264.43,T,,M,25.18,N,46.6,K,A*00
$GPGGA,053640.000,4532.9941,N,12258.7949,W,1,07,1.2,73.4,M,-19.6,M,,0000*57
$GPGSA,A,3,10,32,27,08,21,23,24,,,,,,2.1,1.2,1.7*3D
$GPGSV,3,1,10,32,77,157,35,10,63,055,26,21,40,307,25,08,35,259,25*7D
$GPGSV,3,2,10,23,28,078,25,27,27,217,27,02,24,311,21,24,14,042,15*7E
$GPGSV,3,3,10,28,12,158,,18,02,133,*77
$GPRMC,053640.000,A,4532.9941,N,12258.7949,W,14.25,231.89,290324,,,A*4F
$GPVTG,231.89,T,,M,14.25,N,26.4,K,A*0E
$GPGGA,053645.000,4532.9666,N,12258.7897,W,1,06,1.4,70.0,M,-19.6,M,,0000*5A
$GPGSA,A,3,10,32,27,08,21,23,,,,,,,2.6,1.4,2.2*3C
$GPGSV,3,1,10,32,77,157,30,10,63,055,36,21,40,307,23,08,35,259,18*71
$GPGSV,3,2,10,23,28,078,23,27,27,217,25,02,24,311,17,24,14,042,*7B
$GPGSV,3,3,10,28,12,158,,18,02,133,*77
$GPVTG,178.28,T,,M,22.59,N,41.8,K,A*08
$GPGGA,053650.000,4532.9246,N,12258.7871,W,1,06,1.4,63.3,M,-19.6,M,,0000*51
$GPGSA,A,3,10,32,27,08,21,23,,,,,,,2.6,1.4,2.2*3C
$GPGSV,3,1,10,32,77,157,31,10,63,055,36,21,40,307,26,08,35,259,20*7E
$GPGSV,3,2,10,23,28,078,22,27,27,217,24,02,24,311,17,24,14,042,*7B
$GPGSV,3,3,10,28,12,158,25,18,02,133,*70
$GPRMC,053650.000,A,4532.9246,N,12258.7871,W,29.23,179.76,290324,,,A*4F
$GPVTG,179.76,T,,M,29.23,N,54.1,K,A*09
$GPGGA,053655.000,4532.8842,N,12258.7844,W,1,06,1.4,59.5,M,-19.6,M,,0000*52
$GPGSA,A,3,10,32,27,08,21,23,,,,,,,2.6,1.4,2.2*3C
$GPGSV,3,1,10,32,77,157,31,10,63,055,36,21,40,307,21,08,35,259,21*78
$GPGSV,3,2,10,23,28,078,26,27,27,217,23,02,24,311,16,24,14,042,*79
$GPGSV,3,3,10,28,12,158,,18,02,133,*77
$GPRMC,053655.000,A,4532.8842,N,12258.7844,W,27.94,179.20,290324,,,A*42
$GPVTG,179.20,T,,M,27.94,N,51.7,K,A*0B
$GPGGA,053700.000,4532.8474,N,12258.7851,W,1,06,1.4,55.0,M,-19.6,M,,0000*57
$GPGSA,A,3,10,32,27,08,21,23,,,,,,,2.6,1.4,2.2*3C
$GPGSV,3,1,10,32,77,157,31,10,63,055,36,21,40,307,17,08,35,259,22*7E
$GPGSV,3,2,10,23,28,078,20,27,27,217,23,02,24,311,15,24,14,042,*7C
$GPGSV,3,3,10,28,12,158,17,18,02,133,*71
$GPRMC,053700.000,A,4532.8474,N,12258.7851,W,26.58,180.41,290324,,,A*4E
$GPVTG,180.41,T,,M,26.58,N,49.2,K,A*07
$GPGGA,053705.000,4532.8084,N,12258.7856,W,1,06,1.4,52.7,M,-19.6,M,,0000*5E
$GPGSA,A,3,10,32,27,08,21,23,,,,,,,2.6,1.4,2.2*3C
$GPGSV,3,1,10,32,77,157,31,10,63,055,36,21,40,307,26,08,35,259,22*7C
$GPGSV,3,2,10,23,28,078,21,27,27,217,20,02,24,311,14,24,14,042,*7F
$GPGSV,3,3,10,28,12,158,25,18,02,133,*70
$GPRMC,053705.000,A,4532.8084,N,12258.7856,W,29.46,180.20,290324,,,A*40
$GPVTG,180.20,T,,M,29.46,N,54.6,K,A*08
$GPGGA,053710.000,4532.7657,N,12258.7848,W,1,06,1.4,53.0,M,-19.6,M,,0000*54
$GPGSA,A,3,10,32,27,08,21,23,,,,,,,2.6,1.4,2.1*3F
$GPGSV,3,1,10,32,77,157,31,10,63,055,36,21,40,307,26,08,35,259,18*75
$GPGSV,3,2,10,23,28,078,22,27,27,217,20,02,24,311,16,24,14,042,*7E
$GPGSV,3,3,10,28,12,158,26,18,02,133,*73
$GPVTG,179.14,T,,M,31.39,N,58.1,K,A*03
$GPGGA,053715.000,4532.7203,N,12258.7857,W,1,06,1.4,54.2,M,-19.6,M,,0000*5F
$GPGSA,A,3,10,32,27,08,21,23,,,,,,,2.6,1.4,2.1*3F
$GPGSV,3,1,10,32,77,157,31,10,63,055,36,21,40,307,17,08,35,259,17*78
$GPGSV,3,2,10,23,28,078,23,27,27,217,18,02,24,311,17,24,14,042,*75
$GPGSV,3,3,10,28,12,158,25,18,02,133,*70
$GPRMC,053715.000,A,4532.7203,N,12258.7857,W,31.02,182.29,290324,,,A*40
$GPVTG,182.29,T,,M,31.02,N,57.4,K,A*0B
$GPGGA,053720.000,4532.6767,N,12258.7848,W,1,06,1.4,55.6,M,-19.6,M,,0000*54
$GPGSA,A,3,10,32,27,08,21,23,,,,,,,2.5,1.4,2.1*3C
$GPGSV,3,1,10,32,77,157,31,10,63,055,36,21,40,307,27,08,35,259,18*74
$GPGSV,3,2,10,23,28,078,23,27,27,217,20,02,24,311,17,24,14,042,*7E
$GPGSV,3,3,10,28,12,158,18,18,02,133,*7E
$GPRMC,053720.000,A,4532.6767,N,12258.7848,W,30.86,180.59,290324,,,A*46
$GPVTG,180.59,T,,M,30.86,N,57.1,K,A*06
$GPGGA,053725.000,4532.6344,N,12258.7855,W,1,06,1.4,55.5,M,-19.6,M,,0000*5B
$GPGSA,A,3,10,32,27,08,21,23,,,,,,,2.5,1.4,2.1*3C
$GPGSV,3,1,10,32,77,157,31,10,63,055,36,21,40,307,27,08,35,259,19*75
$GPGSV,3,2,10,23,28,078,23,27,27,217,21,02,24,311,17,24,14,042,*7F
$GPGSV,3,3,10,28,12,158,26,18,02,133,*73
$GPRMC,053725.000,A,4532.6344,N,12258.7855,W,29.88,179.96,290324,,,A*49
$GPVTG,179.96,T,,M,29.88,N,55.3,K,A*05
$GPGGA,053730.000,4532.5967,N,12258.7849,W,1,06,1.4,57.2,M,-19.6,M,,0000*5F
$GPGSA,A,3,10,32,27,08,21,23,,,,,,,2.5,1.4,2.1*3C
$GPGSV,3,1,10,32,77,157,31,10,63,055,36,21,40,307,27,08,35,259,19*75
$GPGSV,3,2,10,23,28,078,23,27,27,217,23,02,24,311,18,24,14,042,*72
$GPGSV,3,3,10,28,12,158,26,18,02,133,*73
$GPRMC,053730.000,A,4532.5967,N,12258.7849,W,25.14,179.78,290324,,,A*41
$GPVTG,179.78,T,,M,25.14,N,46.6,K,A*0B
$GPGGA,053735.000,4532.5725,N,12258.7874,W,1,07,1.2,56.7,M,-19.6,M,,0000*5F
$GPGSA,A,3,10,32,27,08,21,23,24,,,,,,2.1,1.2,1.6*3C
$GPGSV,3,1,10,32,77,157,31,10,63,055,22,21,40,307,27,08,35,259,25*7F
$GPGSV,3,2,10,23,28,078,23,27,27,217,19,02,24,311,17,24,14,042,21*77
$GPGSV,3,3,10,28,12,158,22,18,02,133,*77
$GPRMC,053735.000,A,4532.5725,N,12258.7874,W,14.00,197.87,290324,,,A*45
$GPGGA,053740.000,4532.5717,N,12258.8172,W,1,07,1.2,60.0,M,-19.6,M,,0000*5E
$GPGSA,A,3,10,32,27,08,21,23,24,,,,,,2.1,1.2,1.6*3C
$GPGSV,3,1,10,32,77,157,26,10,63,055,21,21,40,307,27,08,35,259,19*75
$GPGSV,3,2,10,23,28,078,23,27,27,217,20,02,24,311,28,24,14,042,19*7A
$GPGSV,3,3,10,28,12,158,20,18,02,133,*75
$GPRMC,053740.000,A,4532.5717,N,12258.8172,W,19.32,266.84,290324,,,A*44
$GPVTG,266.84,T,,M,19.32,N,35.8,K,A*04
$GPGGA,053745.000,4532.5752,N,12258.8619,W,1,07,1.2,58.6,M,-19.6,M,,0000*5D
$GPGSA,A,3,10,32,27,08,21,23,24,,,,,,2.1,1.2,1.6*3C
$GPGSV,3,1,10,32,77,157,27,10,63,055,22,21,40,307,24,08,35,259,18*75
$GPGSV,3,2,10,23,28,078,23,27,27,217,12,02,24,311,25,24,14,042,18*77
$GPGSV,3,3,10,28,12,158,20,18,02,133,*75
$GPRMC,053745.000,A,4532.5752,N,12258.8619,W,22.57,272.98,290324,,,A*49
$GPVTG,272.98,T,,M,22.57,N,41.8,K,A*04
$GPGGA,053750.000,4532.5768,N,12258.9066,W,1,07,1.2,58.8,M,-19.6,M,,0000*51
$GPGSA,A,3,10,32,27,08,21,23,24,,,,,,2.1,1.2,1.6*3C
$GPGSV,3,1,10,32,77,157,27,10,63,055,23,21,40,307,19,08,35,259,18*7A
$GPGSV,3,2,10,23,28,078,15,27,27,217,29,02,24,311,21,24,14,042,20*75
$GPGSV,3,3,10,28,12,158,20,18,02,133,*75
$GPRMC,053750.000,A,4532.5768,N,12258.9066,W,22.10,274.53,290324,,,A*49
$GPVTG,274.53,T,,M,22.10,N,40.9,K,A*06
$GPGGA,053755.000,4532.5821,N,12258.9499,W,1,07,1.2,57.1,M,-19.6,M,,0000*54
$GPGSA,A,3,10,32,27,08,21,23,24,,,,,,2.1,1.2,1.6*3C
$GPGSV,3,1,10,32,77,157,28,10,63,055,26,21,40,307,29,08,35,259,33*7A
$GPGSV,3,2,10,23,28,078,24,27,27,217,20,02,24,311,19,24,14,042,19*7F
$GPGSV,3,3,10,28,12,158,13,18,02,133,*75
$GPRMC,053755.000,A,4532.5821,N,12258.9499,W,21.74,284.54,290324,,,A*43
$GPVTG,284.54,T,,M,21.74,N,40.3,K,A*05
$GPGGA,053800.000,4532.5858,N,12258.9926,W,1,07,1.2,57.4,M,-19.6,M,,0000*59
$GPGSA,A,3,10,32,27,08,21,23,24,,,,,,2.1,1.2,1.6*3C
$GPGSV,3,1,10,32,77,157,27,10,63,055,23,21,40,307,32,08,35,259,17*7C
$GPGSV,3,2,10,23,28,078,17,27,27,217,21,02,24,311,25,24,14,042,12*7A
$GPGSV,3,3,10,28,12,158,19,18,02,133,*7F
$GPVTG,265.99,T,,M,19.87,N,36.8,K,A*06
$GPGGA,053805.000,4532.5822,N,12259.0318,W,1,06,1.3,57.0,M,-19.6,M,,0000*5A
$GPGSA,A,3,10,32,27,21,23,24,,,,,,,2.1,1.3,1.7*34
$GPGSV,3,1,10,32,77,157,20,10,63,055,29,21,40,307,30,08,35,259,21*76
$GPGSV,3,2,10,23,28,078,21,27,27,217,29,02,24,311,22,24,14,042,19*7B
$GPGSV,3,3,10,28,12,158,18,18,02,133,*7E
$GPRMC,053805.000,A,4532.5822,N,12259.0318,W,20.05,265.07,290324,,,A*42
$GPVTG,265.07,T,,M,20.05,N,37.1,K,A*09
$GPGGA,053810.000,4532.5838,N,12259.0692,W,1,07,1.2,62.5,M,-19.6,M,,0000*51
$GPGSA,A,3,10,32,27,08,21,23,24,,,,,,2.0,1.2,1.6*3D
$GPGSV,3,1,10,32,77,157,26,10,63,055,28,21,40,307,29,08,35,259,24*7C
$GPGSV,3,2,10,23,28,078,22,27,27,217,30,02,24,311,27,24,14,042,19*75
$GPGSV,3,3,10,28,12,158,17,18,02,133,*71
$GPRMC,053810.000,A,4532.5838,N,12259.0692,W,17.88,271.17,290324,,,A*4F
$GPVTG,271.17,T,,M,17.88,N,33.1,K,A*08
$GPGGA,053815.000,4532.5645,N,12259.0758,W,1,07,1.2,62.9,M,-19.6,M,,0000*5B
$GPGSA,A,3,10,32,27,08,21,23,24,,,,,,2.0,1.2,1.6*3D
$GPGSV,3,1,10,32,77,157,35,10,63,055,34,21,40,307,27,08,35,259,21*78
$GPGSV,3,2,10,23,28,078,21,27,27,217,23,02,24,311,22,24,14,042,19*71
$GPGSV,3,3,10,28,12,158,,18,02,133,*77
$GPRMC,053815.000,A,4532.5645,N,12259.0758,W,16.05,177.15,290324,,,A*4A
$GPVTG,177.15,T,,M,16.05,N,29.7,K,A*06
$GPGGA,053820.000,4532.5396,N,12259.0646,W,1,07,1.2,60.7,M,-19.6,M,,0000*54
$GPGSA,A,3,10,32,27,08,21,23,24,,,,,,2.0,1.2,1.6*3D
$GPGSV,3,1,10,32,77,157,25,10,63,055,26,21,40,307,22,08,35,259,23*7D
$GPGSV,3,2,10,23,28,078,30,27,27,217,18,02,24,311,18,24,14,042,17*7E
$GPGSV,3,3,10,28,12,158,22,18,02,133,*77
$GPRMC,053820.000,A,4532.5396,N,12259.0646,W,20.34,155.93,290324,,,A*40
$GPVTG,155.93,T,,M,20.34,N,37.7,K,A*00
$GPGGA,053825.000,4532.5171,N,12259.0456,W,1,07,1.2,55.9,M,-19.6,M,,0000*51
$GPGSA,A,3,10,32,27,08,21,23,24,,,,,,2.0,1.2,1.6*3D
$GPGSV,3,1,10,32,77,157,26,10,63,055,25,21,40,307,24,08,35,259,28*70
$GPGSV,3,2,10,23,28,078,29,27,27,217,15,02,24,311,14,24,14,042,17*77
$GPGSV,3,3,10,28,12,158,21,18,02,133,*74
$GPVTG,150.68,T,,M,16.37,N,30.3,K,A*04
$GPGGA,053830.000,4532.4992,N,12259.0372,W,1,07,1.2,53.0,M,-19.6,M,,0000*5F
$GPGSA,A,3,10,32,27,08,21,23,24,,,,,,2.0,1.2,1.6*3D
$GPGSV,3,1,10,32,77,157,26,10,63,055,34,21,40,307,24,08,35,259,22*7A
$GPGSV,3,2,10,23,28,078,21,27,27,217,25,02,24,311,23,24,14,042,16*79
$GPGSV,3,3,10,28,12,158,20,18,02,133,*75
$GPRMC,053830.000,A,4532.4992,N,12259.0372,W,14.66,176.61,290324,,,A*40
$GPVTG,176.61,T,,M,14.66,N,27.2,K,A*08
$GPGGA,053835.000,4532.4796,N,12259.0374,W,1,07,1.2,49.0,M,-19.6,M,,0000*5D
$GPGSA,A,3,10,32,27,08,21,23,24,,,,,,2.0,1.2,1.6*3D
$GPGSV,3,1,10,32,77,157,32,10,63,055,34,21,40,307,22,08,35,259,22*79
$GPGSV,3,2,10,23,28,078,21,27,27,217,17,02,24,311,23,24,14,042,22*7F
$GPGSV,3,3,10,28,12,158,24,18,02,133,*71
$GPRMC,053835.000,A,4532.4796,N,12259.0374,W,13.62,180.92,290324,,,A*4F
$GPVTG,180.92,T,,M,13.62,N,25.2,K,A*0C
$GPGGA,053840.000,4532.4732,N,12259.0443,W,1,06,1.4,52.6,M,-19.6,M,,0000*59
$GPGSA,A,3,10,32,27,08,21,23,,,,,,,2.5,1.4,2.1*3C
$GPGSV,3,1,10,32,77,157,32,10,63,055,32,21,40,307,26,08,35,259,20*79
$GPGSV,3,2,10,23,28,078,21,27,27,217,27,02,24,311,21,24,14,042,09*77
$GPGSV,3,3,10,28,12,158,23,18,02,133,*76
$GPRMC,053840.000,A,4532.4732,N,12259.0443,W,3.62,249.52,290324,,,A*7B
$GPVTG,249.52,T,,M,3.62,N,6.7,K,A*03
$GPGGA,053845.000,4532.4759,N,12259.0503,W,1,06,1.4,59.5,M,-19.6,M,,0000*5C
$GPGSA,A,3,10,32,27,08,21,23,,,,,,,2.5,1.4,2.1*3C
$GPGSV,3,1,10,32,78,152,28,10,62,057,22,21,41,306,17,08,35,258,23*7A
$GPGSV,3,2,10,23,27,079,25,27,26,216,30,02,25,311,18,24,14,041,*7A
$GPGSV,3,3,10,28,13,157,19,18,01,134,*75
$GPRMC,053845.000,A,4532.4759,N,12259.0503,W,1.07,304.68,290324,,,A*76
$GPVTG,304.68,T,,M,1.07,N,2.0,K,A*00
$GPGGA,053850.000,4532.4763,N,12259.0513,W,1,06,1.4,62.4,M,-19.6,M,,0000*59
$GPGSA,A,3,10,32,27,08,21,23,,,,,,,2.5,1.4,2.1*3C
$GPGSV,3,1,10,32,78,152,29,10,62,057,26,21,41,306,21,08,35,258,26*7F
$GPGSV,3,2,10,23,27,079,25,27,26,216,25,02,25,311,17,24,14,041,*71
$GPGSV,3,3,10,28,13,157,21,18,01,134,*7E
$GPVTG,190.03,T,,M,0.37,N,0.7,K,A*05
$GPGGA,053855.000,4532.4763,N,12259.0507,W,1,07,1.2,59.7,M,-19.6,M,,0000*55
$GPGSA,A,3,10,32,27,08,21,23,24,,,,,,2.0,1.2,1.6*3D
$GPGSV,3,1,10,32,78,152,34,10,62,057,23,21,41,306,20,08,35,258,18*7A
$GPGSV,3,2,10,23,27,079,31,27,26,216,25,02,25,311,17,24,14,041,19*7C
$GPGSV,3,3,10,28,13,157,16,18,01,134,*7A
$GPRMC,053855.000,A,4532.4763,N,12259.0507,W,1.27,311.21,290324,,,A*71
$GPVTG,311.21,T,,M,1.27,N,2.4,K,A*0F
$GPGGA,053900.000,4532.4757,N,12259.0505,W,1,07,1.2,59.5,M,-19.6,M,,0000*53
$GPGSA,A,3,10,32,27,08,21,23,24,,,,,,2.0,1.2,1.6*3D
$GPGSV,3,1,10,32,78,152,33,10,62,057,22,21,41,306,13,08,35,258,21*76
$GPGSV,3,2,10,23,27,079,27,27,26,216,26,02,25,311,17,24,14,041,18*79
$GPGSV,3,3,10,28,13,157,18,18,01,134,*74
$GPRMC,053900.000,A,4532.4757,N,12259.0505,W,0.08,343.08,290324,,,A*75
$GPVTG,343.08,T,,M,0.08,N,0.1,K,A*08
$GPGGA,053905.000,4532.4743,N,12259.0500,W,1,07,1.2,60.3,M,-19.6,M,,0000*5A
$GPGSA,A,3,10,32,27,08,21,23,24,,,,,,2.0,1.2,1.6*3D
$GPGSV,3,1,10,32,78,152,32,10,62,057,17,21,41,306,16,08,35,258,21*74
$GPGSV,3,2,10,23,27,079,28,27,26,216,27,02,25,311,17,24,14,041,17*78
$GPGSV,3,3,10,28,13,157,19,18,01,134,*75
$GPRMC,053905.000,A,4532.4743,N,12259.0500,W,0.36,62.17,290324,,,A*43
$GPVTG,62.17,T,,M,0.36,N,0.7,K,A*3D
$GPGGA,053910.000,4532.4758,N,12259.0509,W,1,07,1.2,60.6,M,-19.6,M,,0000*58
$GPGSA,A,3,10,32,27,08,21,23,24,,,,,,2.0,1.2,1.6*3D
$GPGSV,3,1,10,32,78,152,32,10,62,057,30,21,41,306,17,08,35,258,21*70
$GPGSV,3,2,10,23,27,079,21,27,26,216,28,02,25,311,16,24,14,041,16*7E
$GPGSV,3,3,10,28,13,157,19,18,01,134,*75
$GPRMC,053910.000,A,4532.4758,N,12259.0509,W,0.48,159.04,290324,,,A*76
$GPVTG,159.04,T,,M,0.48,N,0.9,K,A*01
$GPGGA,053915.000,4532.4747,N,12259.0502,W,1,07,1.2,65.5,M,-19.6,M,,0000*5E
$GPGSA,A,3,10,32,27,08,21,23,24,,,,,,2.0,1.2,1.6*3D
$GPGSV,3,1,10,32,78,152,26,10,62,057,28,21,41,306,17,08,35,258,28*75
$GPGSV,3,2,10,23,27,079,21,27,26,216,27,02,25,311,14,24,14,041,16*73
$GPGSV,3,3,10,28,13,157,20,18,01,134,*7F
$GPVTG,147.60,T,,M,1.05,N,1.9,K,A*05
$GPGGA,053920.000,4532.4720,N,12259.0487,W,1,06,1.7,66.8,M,-19.6,M,,0000*5F
$GPGSA,A,3,10,32,27,08,23,24,,,,,,,2.4,1.7,1.6*3F
$GPGSV,3,1,10,32,78,152,27,10,62,057,28,21,41,306,17,08,35,258,27*7B
$GPGSV,3,2,10,23,27,079,20,27,26,216,27,02,25,311,,24,14,041,17*76
$GPGSV,3,3,10,28,13,157,19,18,01,134,*75
$GPRMC,053920.000,A,4532.4720,N,12259.0487,W,0.88,226.03,290324,,,A*7D
$GPVTG,226.03,T,,M,0.88,N,1.6,K,A*0F
$GPGGA,053925.000,4532.4725,N,12259.0495,W,1,07,1.2,67.0,M,-19.6,M,,0000*51
$GPGSA,A,3,10,32,27,08,21,23,24,,,,,,2.0,1.2,1.6*3D
$GPGSV,3,1,10,32,78,152,27,10,62,057,29,21,41,306,18,08,35,258,27*75
$GPGSV,3,2,10,23,27,079,20,27,26,216,27,02,25,311,,24,14,041,16*77
$GPGSV,3,3,10,28,13,157,18,18,01,134,*74
$GPRMC,053925.000,A,4532.4725,N,12259.0495,W,0.39,298.02,290324,,,A*70
$GPVTG,298.02,T,,M,0.39,N,0.7,K,A*01
$GPGGA,053930.000,4532.4728,N,12259.0480,W,1,07,1.2,64.1,M,-19.6,M,,0000*5E
$GPGSA,A,3,10,32,27,08,21,23,24,,,,,,2.0,1.2,1.6*3D
$GPGSV,3,1,10,32,78,152,27,10,62,057,30,21,41,306,21,08,35,258,27*77
$GPGSV,3,2,10,23,27,079,21,27,26,216,28,02,25,311,,24,14,041,16*79
$GPGSV,3,3,10,28,13,157,,18,01,134,*7D
$GPRMC,053930.000,A,4532.4728,N,12259.0480,W,0.41,123.29,290324,,,A*78
$GPVTG,123.29,T,,M,0.41,N,0.8,K,A*0B
$GPGGA,053935.000,4532.4739,N,12259.0486,W,1,07,1.2,63.3,M,-19.6,M,,0000*58
$GPGSA,A,3,10,32,27,08,21,23,24,,,,,,2.0,1.2,1.6*3D
$GPGSV,3,1,10,32,78,152,27,10,62,057,21,21,41,306,18,08,35,258,27*7D
$GPGSV,3,2,10,23,27,079,21,27,26,216,28,02,25,311,,24,14,041,17*78
$GPGSV,3,3,10,28,13,157,,18,01,134,*7D
$GPRMC,053935.000,A,4532.4739,N,12259.0486,W,0.78,38.12,290324,,,A*42
$GPVTG,38.12,T,,M,0.78,N,1.5,K,A*3E
$GPGGA,053940.000,4532.4718,N,12259.0463,W,1,07,1.2,60.2,M,-19.6,M,,0000*50
$GPGSA,A,3,10,32,27,08,21,23,24,,,,,,2.0,1.2,1.6*3D
$GPGSV,3,1,10,32,78,150,27,10,62,058,13,21,42,306,19,08,35,257,27*7C
$GPGSV,3,2,10,23,26,080,25,27,26,216,28,02,25,311,,24,14,041,18*74
$GPGSV,3,3,10,28,13,157,,18,00,134,*7C
$GPRMC,053940.000,A,4532.4718,N,12259.0463,W,0.46,164.44,290324,,,A*7E
$GPGGA,053945.000,4532.4720,N,12259.0464,W,1,07,1.2,60.1,M,-19.6,M,,0000*5A
$GPGSA,A,3,10,32,27,08,21,23,24,,,,,,2.0,1.2,1.6*3D
$GPGSV,3,1,10,32,78,150,34,10,62,058,33,21,42,306,27,08,35,257,27*71
$GPGSV,3,2,10,23,26,080,26,27,26,216,19,02,25,311,,24,14,041,18*75
$GPGSV,3,3,10,28,13,157,22,18,00,134,*7C
$GPRMC,053945.000,A,4532.4720,N,12259.0464,W,0.45,321.53,290324,,,A*71
$GPVTG,321.53,T,,M,0.45,N,0.8,K,A*02
$GPGGA,053950.000,4532.4728,N,12259.0470,W,1,05,2.3,55.8,M,-19.6,M,,0000*5C
$GPGSA,A,3,10,32,27,08,23,,,,,,,,3.2,2.3,2.2*3E
$GPGSV,3,1,10,32,78,150,32,10,62,058,24,21,42,306,17,08,35,257,23*76
$GPGSV,3,2,10,23,26,080,21,27,26,216,21,02,25,311,,24,14,041,*70
$GPGSV,3,3,10,28,13,157,15,18,00,134,*78
$GPRMC,053950.000,A,4532.4728,N,12259.0470,W,0.80,216.13,290324,,,A*70
$GPVTG,216.13,T,,M,0.80,N,1.5,K,A*06
$GPGGA,053955.000,4532.4757,N,12259.0491,W,1,06,1.4,58.1,M,-19.6,M,,0000*5D
$GPGSA,A,3,10,32,27,08,21,23,,,,,,,2.5,1.4,2.1*3C
$GPGSV,3,1,10,32,78,150,33,10,62,058,24,21,42,306,16,08,35,257,24*71
$GPGSV,3,2,10,23,26,080,19,27,26,216,21,02,25,311,,24,14,041,*7B
$GPGSV,3,3,10,28,13,157,17,18,00,134,*7A
$GPRMC,053955.000,A,4532.4757,N,12259.0491,W,1.48,33.44,290324,,,A*40
$GPVTG,33.44,T,,M,1.48,N,2.7,K,A*35
$GPGGA,054000.000,4532.4761,N,12259.0484,W,1,05,2.3,56.3,M,-19.6,M,,0000*59
$GPGSA,A,3,10,32,27,08,21,,,,,,,,5.2,2.3,4.7*39
$GPGSV,3,1,10,32,78,150,35,10,62,058,27,21,42,306,22,08,35,257,24*73
$GPGSV,3,2,10,23,26,080,,27,26,216,20,02,25,311,,24,14,041,*72
$GPGSV,3,3,10,28,13,157,17,18,00,134,*7A
$GPRMC,054000.000,A,4532.4761,N,12259.0484,W,0.40,138.70,290324,,,A*7B
$GPVTG,138.70,T,,M,0.40,N,0.7,K,A*03
$GPGGA,054005.000,4532.4752,N,12259.0441,W,1,06,1.4,53.8,M,-19.6,M,,0000*5C
$GPGSA,A,3,10,32,27,08,21,23,,,,,,,2.5,1.4,2.1*3C
$GPGSV,3,1,10,32,78,150,35,10,62,058,21,21,42,306,20,08,35,257,21*72
$GPGSV,3,2,10,23,26,080,17,27,26,216,19,02,25,311,,24,14,041,*7E
$GPGSV,3,3,10,28,13,157,17,18,00,134,*7A
$GPRMC,054005.000,A,4532.4752,N,12259.0441,W,2.08,130.18,290324,,,A*7F
$GPGGA,054010.000,4532.4758,N,12259.0398,W,1,06,1.4,52.3,M,-19.6,M,,0000*5B
$GPGSA,A,3,10,32,27,08,21,23,,,,,,,2.5,1.4,2.1*3C
$GPGSV,3,1,10,32,78,150,35,10,62,058,25,21,42,306,28,08,35,257,28*77
$GPGSV,3,2,10,23,26,080,26,27,26,216,17,02,25,311,,24,14,041,*72
$GPGSV,3,3,10,28,13,157,19,18,00,134,*74
$GPRMC,054010.000,A,4532.4758,N,12259.0398,W,1.40,64.06,290324,,,A*42
$GPVTG,64.06,T,,M,1.40,N,2.6,K,A*38
$GPGGA,054015.000,4532.4708,N,12259.0415,W,1,06,1.4,52.2,M,-19.6,M,,0000*58
$GPGSA,A,3,10,32,27,08,21,23,,,,,,,2.5,1.4,2.1*3C
$GPGSV,3,1,10,32,78,150,30,10,62,058,22,21,42,306,22,08,35,257,22*75
$GPGSV,3,2,10,23,26,080,13,27,26,216,19,02,25,311,24,24,14,041,*7C
$GPGSV,3,3,10,28,13,157,19,18,00,134,*74
$GPRMC,054015.000,A,4532.4708,N,12259.0415,W,4.80,195.61,290324,,,A*77
$GPVTG,195.61,T,,M,4.80,N,8.9,K,A*0A
$GPGGA,054020.000,4532.4547,N,12259.0431,W,1,05,2.0,54.1,M,-19.6,M,,0000*50
$GPGSA,A,3,10,32,08,21,23,,,,,,,,3.1,2.0,2.3*39
$GPGSV,3,1,10,32,78,150,30,10,62,058,14,21,42,306,26,08,35,257,17*72
$GPGSV,3,2,10,23,26,080,15,27,26,216,18,02,25,311,17,24,14,041,18*72
$GPGSV,3,3,10,28,13,157,07,18,00,134,*7B
$GPRMC,054020.000,A,4532.4547,N,12259.0431,W,13.75,188.17,290324,,,A*4F
$GPVTG,188.17,T,,M,13.75,N,25.5,K,A*08
$GPGGA,054025.000,4532.4318,N,12259.0509,W,1,04,2.2,55.5,M,-19.6,M,,0000*55
$GPGSA,A,3,32,08,21,23,,,,,,,,,3.6,2.2,2.8*36
$GPGSV,3,1,10,32,78,150,31,10,62,058,13,21,42,306,23,08,35,257,20*75
$GPGSV,3,2,10,23,26,080,24,27,26,216,18,02,25,311,24,24,14,041,*79
$GPGSV,3,3,10,28,13,157,,18,00,134,*7C
$GPRMC,054025.000,A,4532.4318,N,12259.0509,W,18.11,197.25,290324,,,A*4A
$GPVTG,197.25,T,,M,18.11,N,33.5,K,A*09
$GPGGA,054030.000,4532.4030,N,12259.0597,W,1,04,2.2,58.3,M,-19.6,M,,0000*54
$GPGSA,A,3,32,08,21,23,,,,,,,,,3.5,2.2,2.8*35
$GPGSV,3,1,10,32,78,150,31,10,62,058,,21,42,306,27,08,35,257,19*79
$GPGSV,3,2,10,23,26,080,22,27,26,216,17,02,25,311,19,24,14,041,*7E
$GPGSV,3,3,10,28,13,157,,18,00,134,*7C
$GPRMC,054030.000,A,4532.4030,N,12259.0597,W,20.81,182.22,290324,,,A*41
$GPGGA,054035.000,4532.3744,N,12259.0547,W,1,06,1.4,57.2,M,-19.6,M,,0000*56
$GPGSA,A,3,10,32,27,08,21,23,,,,,,,2.5,1.4,2.1*3C
$GPGSV,3,1,10,32,78,150,32,10,62,058,27,21,42,306,24,08,35,257,19*7C
$GPGSV,3,2,10,23,26,080,21,27,26,216,17,02,25,311,19,24,14,041,*7D
$GPGSV,3,3,10,28,13,157,12,18,00,134,*7F
$GPRMC,054035.000,A,4532.3744,N,12259.0547,W,21.09,169.41,290324,,,A*4B
$GPVTG,169.41,T,,M,21.09,N,39.1,K,A*07
$GPGGA,054040.000,4532.3432,N,12259.0434,W,1,07,1.2,53.6,M,-19.6,M,,0000*54
$GPGSA,A,3,10,32,27,08,21,23,24,,,,,,2.0,1.2,1.6*3D
$GPGSV,3,1,10,32,78,150,31,10,62,058,34,21,42,306,26,08,35,257,20*75
$GPGSV,3,2,10,23,26,080,15,27,26,216,19,02,25,311,18,24,14,041,13*77
$GPGSV,3,3,10,28,13,157,14,18,00,134,*79
$GPRMC,054040.000,A,4532.3432,N,12259.0434,W,22.11,156.65,290324,,,A*4E
$GPVTG,156.65,T,,M,22.11,N,40.9,K,A*01
$GPGGA,054045.000,4532.3181,N,12259.0199,W,1,06,1.4,49.6,M,-19.6,M,,0000*52
$GPGSA,A,3,10,32,27,08,21,23,,,,,,,2.5,1.4,2.1*3C
$GPGSV,3,1,10,32,78,150,30,10,62,058,34,21,42,306,26,08,35,257,21*75
$GPGSV,3,2,10,23,26,080,21,27,26,216,19,02,25,311,18,24,14,041,*72
$GPGSV,3,3,10,28,13,157,14,18,00,134,*79
$GPRMC,054045.000,A,4532.3181,N,12259.0199,W,20.48,141.65,290324,,,A*4C
$GPVTG,141.65,T,,M,20.48,N,37.9,K,A*09
$GPGGA,054050.000,4532.3036,N,12259.0028,W,1,06,1.4,50.1,M,-19.6,M,,0000*5F
$GPGSA,A,3,10,32,27,08,21,23,,,,,,,2.5,1.4,2.1*3C
$GPGSV,3,1,10,32,78,150,29,10,62,058,29,21,42,306,26,08,35,257,16*75
$GPGSV,3,2,10,23,26,080,15,27,26,216,19,02,25,311,17,24,14,041,*7A
$GPGSV,3,3,10,28,13,157,12,18,00,134,*7F
$GPRMC,054050.000,A,4532.3036,N,12259.0028,W,8.85,144.56,290324,,,A*70
$GPVTG,144.56,T,,M,8.85,N,16.4,K,A*39
$GPGGA,054055.000,4532.2989,N,12259.0061,W,1,06,1.4,54.3,M,-19.6,M,,0000*5D
$GPGSA,A,3,10,32,27,08,21,23,,,,,,,2.5,1.4,2.1*3C
$GPGSV,3,1,10,32,78,150,30,10,62,058,24,21,42,306,24,08,35,257,20*77
$GPGSV,3,2,10,23,26,080,24,27,26,216,19,02,25,311,17,24,14,041,*78
$GPGSV,3,3,10,28,13,157,,18,00,134,*7C
$GPRMC,054055.000,A,4532.2989,N,12259.0061,W,6.67,217.04,290324,,,A*74
$GPGGA,054100.000,4532.2819,N,12259.0414,W,1,06,1.4,56.5,M,-19.6,M,,0000*56
$GPGSA,A,3,10,32,27,08,21,23,,,,,,,2.5,1.4,2.1*3C
$GPGSV,3,1,10,32,78,150,31,10,62,058,24,21,42,306,23,08,35,257,27*76
$GPGSV,3,2,10,23,26,080,17,27,26,216,18,02,25,311,18,24,14,041,*76
$GPGSV,3,3,10,28,13,157,,18,00,134,*7C
$GPRMC,054100.000,A,4532.2819,N,12259.0414,W,25.14,238.98,290324,,,A*46
$GPVTG,238.98,T,,M,25.14,N,46.6,K,A*03
$GPGGA,054105.000,4532.2691,N,12259.0900,W,1,06,1.4,52.6,M,-19.6,M,,0000*52
$GPGSA,A,3,10,32,27,08,21,23,,,,,,,2.5,1.4,2.1*3C
$GPGSV,3,1,10,32,78,150,32,10,62,058,25,21,42,306,23,08,35,257,20*73
$GPGSV,3,2,10,23,26,080,17,27,26,216,23,02,25,311,19,24,14,041,*7F
$GPGSV,3,3,10,28,13,157,,18,00,134,*7C
$GPRMC,054105.000,A,4532.2691,N,12259.0900,W,25.25,262.36,290324,,,A*4C
$GPVTG,262.36,T,,M,25.25,N,46.8,K,A*04
$GPGGA,054110.000,4532.2670,N,12259.1425,W,1,07,1.2,50.7,M,-19.6,M,,0000*56
$GPGSA,A,3,10,32,27,24,08,21,23,,,,,,2.0,1.2,1.6*3D
$GPGSV,3,1,10,32,78,150,32,10,62,058,30,21,42,306,24,08,35,257,21*71
$GPGSV,3,2,10,23,26,080,18,27,26,216,22,02,25,311,18,24,14,041,20*72
$GPGSV,3,3,10,28,13,157,,18,00,134,*7C
$GPRMC,054110.000,A,4532.2670,N,12259.1425,W,27.18,268.86,290324,,,A*41
$GPVTG,268.86,T,,M,27.18,N,50.3,K,A*05
$GPGGA,054115.000,4532.2661,N,12259.1985,W,1,07,1.2,47.9,M,-19.6,M,,0000*5C
$GPGSA,A,3,10,32,27,24,08,21,23,,,,,,2.0,1.2,1.6*3D
$GPGSV,3,1,10,32,79,147,32,10,61,059,30,21,42,306,25,08,34,256,26*72
$GPGSV,3,2,10,23,26,080,20,02,26,311,18,27,25,215,22,28,14,157,*72
$GPGSV,3,3,10,24,13,040,20,18,00,134,*75
$GPRMC,054115.000,A,4532.2661,N,12259.1985,W,28.80,268.84,290324,,,A*4F
$GPVTG,268.84,T,,M,28.80,N,53.3,K,A*0A
$GPGGA,054120.000,4532.2607,N,12259.2529,W,1,06,1.4,48.3,M,-19.6,M,,0000*51
$GPGSA,A,3,10,32,27,08,21,23,,,,,,,2.5,1.4,2.1*3C
$GPGSV,3,1,10,32,79,147,33,10,61,059,25,21,42,306,19,08,34,256,22*7C
$GPGSV,3,2,10,23,26,080,20,02,26,311,15,27,25,215,16,28,14,157,*78
$GPGSV,3,3,10,24,13,040,,18,00,134,*77
$GPRMC,054120.000,A,4532.2607,N,12259.2529,W,28.07,254.27,290324,,,A*49
$GPGGA,054125.000,4532.2435,N,12259.2991,W,1,03,5.0,50.3,M,-19.6,M,,0000*54
$GPGSA,A,2,10,32,23,,,,,,,,,,5.1,5.0,1.0*32
$GPGSV,3,1,10,32,79,147,34,10,61,059,26,21,42,306,13,08,34,256,*72
$GPGSV,3,2,10,23,26,080,20,02,26,311,16,27,25,215,,28,14,157,*7C
$GPGSV,3,3,10,24,13,040,,18,00,134,*77
$GPRMC,054125.000,A,4532.2435,N,12259.2991,W,27.54,243.95,290324,,,A*46
$GPVTG,243.95,T,,M,27.54,N,51.0,K,A*04
$GPGGA,054130.000,4532.2250,N,12259.3548,W,1,05,1.5,46.6,M,-19.6,M,,0000*59
$GPGSA,A,3,10,32,27,21,23,,,,,,,,2.6,1.5,2.1*36
$GPGSV,3,1,10,32,79,147,34,10,61,059,25,21,42,306,12,08,34,256,*70
$GPGSV,3,2,10,23,26,080,20,02,26,311,,27,25,215,18,28,14,157,*72
$GPGSV,3,3,10,24,13,040,,18,00,134,*77
$GPRMC,054130.000,A,4532.2250,N,12259.3548,W,31.14,250.51,290324,,,A*47
$GPVTG,250.51,T,,M,31.14,N,57.7,K,A*0C
$GPGGA,054135.000,4532.2050,N,12259.4074,W,1,05,1.5,44.5,M,-19.6,M,,0000*52
$GPGSA,A,3,10,32,27,21,23,,,,,,,,2.6,1.5,2.1*36
$GPGSV,3,1,10,32,79,147,34,10,61,059,25,21,42,306,25,08,34,256,*74
$GPGSV,3,2,10,23,26,080,20,02,26,311,,27,25,215,18,28,14,157,*72
$GPGSV,3,3,10,24,13,040,,18,00,134,*77
$GPRMC,054135.000,A,4532.2050,N,12259.4074,W,28.14,243.81,290324,,,A*4A
$GPVTG,243.81,T,,M,28.14,N,52.1,K,A*08
$GPGGA,054140.000,4532.1821,N,12259.4480,W,1,05,2.0,52.4,M,-19.6,M,,0000*52
$GPGSA,A,3,10,32,08,21,23,,,,,,,,3.1,2.0,2.3*39
$GPGSV,3,1,10,32,79,147,34,10,61,059,30,21,42,306,27,08,34,256,24*74
$GPGSV,3,2,10,23,26,080,15,02,26,311,16,27,25,215,19,28,14,157,*72
$GPGSV,3,3,10,24,13,040,,18,00,134,*77
$GPRMC,054140.000,A,4532.1821,N,12259.4480,W,26.36,220.47,290324,,,A*4B
$GPVTG,220.47,T,,M,26.36,N,48.8,K,A*0B
$GPGGA,054145.000,4532.1477,N,12259.4638,W,1,06,1.4,59.4,M,-19.6,M,,0000*56
$GPGSA,A,3,10,32,27,08,21,23,,,,,,,2.5,1.4,2.1*3C
$GPGSV,3,1,10,32,79,147,33,10,61,059,28,21,42,306,12,08,34,256,20*78
$GPGSV,3,2,10,23,26,080,16,02,26,311,17,27,25,215,18,28,14,157,*71
$GPGSV,3,3,10,24,13,040,,18,00,134,*77
$GPRMC,054145.000,A,4532.1477,N,12259.4638,W,20.94,190.22,290324,,,A*45
$GPGGA,054150.000,4532.1471,N,12259.4684,W,1,04,2.9,62.5,M,-19.6,M,,0000*56
$GPGSA,A,3,10,32,27,08,,,,,,,,,5.5,2.9,4.6*36
$GPGSV,3,1,10,32,79,147,33,10,61,059,29,21,42,306,,08,34,256,27*7D
$GPGSV,3,2,10,23,26,080,15,02,26,311,19,27,25,215,19,28,14,157,*7D
$GPGSV,3,3,10,24,13,040,,18,00,134,*77
$GPRMC,054150.000,A,4532.1471,N,12259.4684,W,1.43,263.91,290324,,,A*7E
$GPVTG,263.91,T,,M,1.43,N,2.6,K,A*00
$GPGGA,054155.000,4532.1462,N,12259.4851,W,1,06,1.7,57.1,M,-19.6,M,,0000*5A
$GPGSA,A,3,10,32,27,08,23,24,,,,,,,2.4,1.7,1.6*3F
$GPGSV,3,1,10,32,79,147,28,10,61,059,29,21,42,306,,08,34,256,21*71
$GPGSV,3,2,10,23,26,080,14,02,26,311,19,27,25,215,19,28,14,157,*7C
$GPGSV,3,3,10,24,13,040,15,18,00,134,*73
$GPRMC,054155.000,A,4532.1462,N,12259.4851,W,14.68,271.15,290324,,,A*4D
$GPVTG,271.15,T,,M,14.68,N,27.2,K,A*01
$GPGGA,054200.000,4532.1556,N,12259.5412,W,1,06,1.4,54.6,M,-19.6,M,,0000*52
$GPGSA,A,3,10,32,27,08,21,23,,,,,,,2.5,1.4,2.1*3C
$GPGSV,3,1,10,32,79,147,29,10,61,059,28,21,42,306,20,08,34,256,22*70
$GPGSV,3,2,10,23,26,080,15,02,26,311,18,27,25,215,25,28,14,157,*73
$GPGSV,3,3,10,24,13,040,,18,00,134,*77
$GPRMC,054200.000,A,4532.1556,N,12259.5412,W,29.35,279.24,290324,,,A*4E
$GPVTG,279.24,T,,M,29.35,N,54.4,K,A*0F
$GPGGA,054205.000,4532.1658,N,12259.5954,W,1,06,1.4,50.6,M,-19.6,M,,0000*51
$GPGSA,A,3,10,32,27,08,21,23,,,,,,,2.5,1.4,2.1*3C
$GPGSV,3,1,10,32,79,147,30,10,61,059,30,21,42,306,24,08,34,256,22*75
$GPGSV,3,2,10,23,26,080,18,02,26,311,22,27,25,215,13,28,14,157,*72
$GPGSV,3,3,10,24,13,040,,18,00,134,*77
$GPRMC,054205.000,A,4532.1658,N,12259.5954,W,27.78,296.01,290324,,,A*48
$GPVTG,296.01,T,,M,27.78,N,51.5,K,A*0A
$GPGGA,054210.000,4532.1933,N,12259.6347,W,1,05,2.0,45.3,M,-19.6,M,,0000*59
$GPGSA,A,3,10,32,08,21,23,,,,,,,,3.1,2.0,2.3*39
$GPGSV,3,1,09,32,79,145,24,10,61,060,35,21,43,306,22,08,34,256,24*74
$GPGSV,3,2,09,02,26,311,19,23,25,080,17,27,25,215,,28,14,156,*7D
$GPGSV,3,3,09,24,13,040,*40
$GPRMC,054210.000,A,4532.1933,N,12259.6347,W,27.93,314.00,290324,,,A*4A
$GPGGA,054215.000,4532.2245,N,12259.6715,W,1,05,2.2,44.3,M,-19.6,M,,0000*55
$GPGSA,A,3,10,32,27,08,21,,,,,,,,5.1,2.2,4.6*3A
$GPGSV,3,1,09,32,79,145,24,10,61,060,34,21,43,306,22,08,34,256,26*77
$GPGSV,3,2,09,02,26,311,20,23,25,080,17,27,25,215,22,28,14,156,*77
$GPGSV,3,3,09,24,13,040,*40
$GPRMC,054215.000,A,4532.2245,N,12259.6715,W,30.09,317.76,290324,,,A*42
$GPVTG,317.76,T,,M,30.09,N,55.7,K,A*04
$GPGGA,054220.000,4532.2568,N,12259.7110,W,1,06,1.4,48.9,M,-19.6,M,,0000*59
$GPGSA,A,3,10,32,27,08,21,23,,,,,,,2.5,1.4,2.1*3C
$GPGSV,3,1,09,32,79,145,25,10,61,060,33,21,43,306,22,08,34,256,19*7D
$GPGSV,3,2,09,02,26,311,19,23,25,080,17,27,25,215,23,28,14,156,*7C
$GPGSV,3,3,09,24,13,040,*40
$GPRMC,054220.000,A,4532.2568,N,12259.7110,W,28.76,319.07,290324,,,A*47
$GPVTG,319.07,T,,M,28.76,N,53.3,K,A*0F
$GPGGA,054225.000,4532.2888,N,12259.7404,W,1,06,1.4,55.1,M,-19.6,M,,0000*5B
$GPGSA,A,3,10,32,27,08,21,23,,,,,,,2.5,1.4,2.1*3C
$GPGSV,3,1,09,32,79,145,26,10,61,060,27,21,43,306,18,08,34,256,23*7B
$GPGSV,3,2,09,02,26,311,23,23,25,080,16,27,25,215,14,28,14,156,*70
$GPGSV,3,3,09,24,13,040,*40
$GPRMC,054225.000,A,4532.2888,N,12259.7404,W,27.52,338.00,290324,,,A*4C
$GPVTG,338.00,T,,M,27.52,N,51.0,K,A*03
$GPGGA,054230.000,4532.3294,N,12259.7497,W,1,06,1.4,61.8,M,-19.6,M,,0000*5D
$GPGSA,A,3,10,32,27,08,21,23,,,,,,,2.5,1.4,2.1*3C
$GPGSV,3,1,09,32,79,145,25,10,61,060,24,21,43,306,30,08,34,256,23*71
$GPGSV,3,2,09,02,26,311,24,23,25,080,17,27,25,215,19,28,14,156,*7B
$GPGSV,3,3,09,24,13,040,*40
$GPVTG,357.44,T,,M,28.73,N,53.2,K,A*06
$GPGGA,054235.000,4532.3674,N,12259.7489,W,1,06,1.4,56.0,M,-19.6,M,,0000*51
$GPGSA,A,3,10,32,27,08,21,23,,,,,,,2.5,1.4,2.1*3C
$GPGSV,3,1,09,32,79,145,22,10,61,060,21,21,43,306,30,08,34,256,22*72
$GPGSV,3,2,09,02,26,311,26,23,25,080,17,27,25,215,18,28,14,156,*78
$GPGSV,3,3,09,24,13,040,*40
$GPRMC,054235.000,A,4532.3674,N,12259.7489,W,28.92,0.46,290324,,,A*4D
$GPVTG,0.46,T,,M,28.92,N,53.6,K,A*0E
$GPGGA,054240.000,4532.4107,N,12259.7479,W,1,06,1.4,58.5,M,-19.6,M,,0000*53
$GPGSA,A,3,10,32,27,08,21,23,,,,,,,2.5,1.4,2.1*3C
$GPGSV,3,1,09,32,79,145,24,10,61,060,22,21,43,306,30,08,34,256,20*75
$GPGSV,3,2,09,02,26,311,27,23,25,080,17,27,25,215,17,28,14,156,*76
$GPGSV,3,3,09,24,13,040,*40
$GPRMC,054240.000,A,4532.4107,N,12259.7479,W,30.26,0.05,290324,,,A*45
$GPVTG,0.05,T,,M,30.26,N,56.0,K,A*0C
$GPGGA,054245.000,4532.4505,N,12259.7490,W,1,06,1.4,56.0,M,-19.6,M,,0000*5C
$GPGSA,A,3,10,32,27,08,21,23,,,,,,,2.5,1.4,2.1*3C
$GPGSV,3,1,09,32,79,145,23,10,61,060,15,21,43,306,30,08,34,256,20*76
$GPGSV,3,2,09,02,26,311,27,23,25,080,16,27,25,215,17,28,14,156,*77
$GPGSV,3,3,09,24,13,040,*40
$GPRMC,054245.000,A,4532.4505,N,12259.7490,W,26.91,359.74,290324,,,A*43
$GPVTG,359.74,T,,M,26.91,N,49.8,K,A*08
$GPGGA,054250.000,4532.4929,N,12259.7494,W,1,06,1.4,52.2,M,-19.6,M,,0000*58
$GPGSA,A,3,10,32,27,08,21,23,,,,,,,2.5,1.4,2.1*3C
$GPGSV,3,1,09,32,79,145,22,10,61,060,12,21,43,306,29,08,34,256,19*72
$GPGSV,3,2,09,02,26,311,28,23,25,080,15,27,25,215,17,28,14,156,22*7B
$GPGSV,3,3,09,24,13,040,*40
$GPVTG,0.70,T,,M,31.51,N,58.4,K,A*05
$GPGGA,054255.000,4532.5375,N,12259.7464,W,1,04,4.9,48.0,M,-19.6,M,,0000*53
$GPGSA,A,3,32,27,08,21,,,,,,,,,9.3,4.9,8.0*32
$GPGSV,3,1,09,32,79,145,18,10,61,060,,21,43,306,29,08,34,256,19*78
$GPGSV,3,2,09,02,26,311,28,23,25,080,15,27,25,215,16,28,14,156,22*7A
$GPGSV,3,3,09,24,13,040,*40
$GPRMC,054255.000,A,4532.5375,N,12259.7464,W,30.31,6.80,290324,,,A*46
$GPVTG,6.80,T,,M,30.31,N,56.1,K,A*00
$GPGGA,054300.000,4532.5796,N,12259.7375,W,1,05,1.4,51.1,M,-19.6,M,,0000*5C
$GPGSA,A,3,32,27,08,21,23,,,,,,,,2.7,1.4,2.3*3D
$GPGSV,3,1,09,32,79,145,18,10,61,060,,21,43,306,30,08,34,256,19*70
$GPGSV,3,2,09,02,26,311,28,23,25,080,14,27,25,215,17,28,14,156,22*7A
$GPGSV,3,3,09,24,13,040,*40
$GPRMC,054300.000,A,4532.5796,N,12259.7375,W,32.78,11.12,290324,,,A*7B
$GPVTG,11.12,T,,M,32.78,N,60.7,K,A*31
$GPGGA,054305.000,4532.6248,N,12259.7305,W,1,03,2.6,44.0,M,-19.6,M,,0000*59
$GPGSA,A,2,32,08,21,,,,,,,,,,2.8,2.6,1.0*36
$GPGSV,3,1,09,32,79,145,20,10,61,060,,21,43,306,30,08,34,256,20*71
$GPGSV,3,2,09,02,26,311,25,23,25,080,,27,25,215,17,28,14,156,07*75
$GPGSV,3,3,09,24,13,040,*40
$GPRMC,054305.000,A,4532.6248,N,12259.7305,W,31.66,6.30,290324,,,A*46
$GPVTG,6.30,T,,M,31.66,N,58.6,K,A*01
$GPGGA,054310.000,4532.6728,N,12259.7309,W,1,04,4.9,38.7,M,-19.6,M,,0000*50
$GPGSA,A,3,32,27,08,21,,,,,,,,,9.3,4.9,8.0*32
$GPGSV,3,1,09,32,79,145,20,10,61,060,,21,43,306,30,08,34,256,19*7B
$GPGSV,3,2,09,02,26,311,27,23,25,080,,27,25,215,17,28,14,156,*70
$GPGSV,3,3,09,24,13,040,*40
$GPVTG,2.09,T,,M,33.63,N,62.3,K,A*04
$GPGGA,054315.000,4532.7200,N,12259.7280,W,1,04,4.9,31.8,M,-19.6,M,,0000*5D
$GPGSA,A,3,32,27,08,21,,,,,,,,,9.4,4.9,8.0*35
$GPGSV,3,1,09,32,79,145,21,10,61,060,,21,43,306,31,08,34,256,20*71
$GPGSV,3,2,09,02,26,311,26,23,25,080,,27,25,215,19,28,14,156,*7F
$GPGSV,3,3,09,24,13,040,*40
$GPRMC,054315.000,A,4532.7200,N,12259.7280,W,32.62,1.23,290324,,,A*44
$GPVTG,1.23,T,,M,32.62,N,60.4,K,A*0A
$GPGGA,054320.000,4532.7629,N,12259.7263,W,1,04,4.9,24.2,M,-19.6,M,,0000*57
$GPGSA,A,3,32,27,08,21,,,,,,,,,9.4,4.9,8.0*35
$GPGSV,3,1,09,32,79,145,21,10,61,060,,21,43,306,31,08,34,256,19*7B
$GPGSV,3,2,09,02,26,311,24,23,25,080,,27,25,215,19,28,14,156,*7D
$GPGSV,3,3,09,24,13,040,*40
$GPRMC,054320.000,A,4532.7629,N,12259.7263,W,28.22,0.87,290324,,,A*40
$GPVTG,0.87,T,,M,28.22,N,52.3,K,A*0C
$GPGGA,054325.000,4532.8056,N,12259.7284,W,1,05,1.4,25.9,M,-19.6,M,,0000*59
$GPGSA,A,3,23,32,27,08,21,,,,,,,,2.7,1.4,2.3*3D
$GPGSV,3,1,09,32,79,145,21,10,61,060,,21,43,306,24,08,34,256,20*75
$GPGSV,3,2,09,02,26,311,26,23,25,080,15,27,25,215,19,28,14,156,*7B
$GPGSV,3,3,09,24,13,040,*40
$GPRMC,054325.000,A,4532.8056,N,12259.7284,W,31.72,2.06,290324,,,A*4B
$GPVTG,2.06,T,,M,31.72,N,58.7,K,A*04
$GPGGA,054330.000,4532.8451,N,12259.7323,W,1,05,1.4,38.6,M,-19.6,M,,0000*51
$GPGSA,A,3,23,32,27,08,21,,,,,,,,2.7,1.4,2.3*3D
$GPGSV,3,1,09,32,79,145,22,10,61,060,,21,43,306,27,08,34,256,20*75
$GPGSV,3,2,09,02,26,311,26,23,25,080,14,27,25,215,17,28,14,156,*74
$GPGSV,3,3,09,24,13,040,*40
$GPRMC,054330.000,A,4532.8451,N,12259.7323,W,28.75,356.41,290324,,,A*4E
$GPGGA,054335.000,4532.8860,N,12259.7374,W,1,05,2.2,50.4,M,-19.6,M,,0000*51
$GPGSA,A,3,32,27,08,21,10,,,,,,,,5.0,2.2,4.5*38
$GPGSV,3,1,09,32,79,145,21,10,61,060,17,21,43,306,33,08,34,256,20*75
$GPGSV,3,2,09,02,26,311,27,23,25,080,,27,25,215,21,28,14,156,*75
$GPGSV,3,3,09,24,13,040,*40
$GPRMC,054335.000,A,4532.8860,N,12259.7374,W,28.94,357.16,290324,,,A*4B
$GPVTG,357.16,T,,M,28.94,N,53.6,K,A*0C
$GPGGA,054340.000,4532.9142,N,12259.7357,W,1,05,2.2,54.5,M,-19.6,M,,0000*5F
$GPGSA,A,3,32,27,08,21,10,,,,,,,,5.0,2.2,4.5*38
$GPGSV,3,1,09,32,79,145,21,10,61,060,25,21,43,306,30,08,34,256,20*77
$GPGSV,3,2,09,02,26,311,27,23,25,080,,27,25,215,23,28,14,156,*77
$GPGSV,3,3,09,24,13,040,*40
$GPRMC,054340.000,A,4532.9142,N,12259.7357,W,13.17,2.37,290324,,,A*43
$GPVTG,2.37,T,,M,13.17,N,24.4,K,A*0D
$GPGGA,054345.000,4532.9184,N,12259.7400,W,1,07,1.2,51.0,M,-19.6,M,,0000*54
$GPGSA,A,3,23,32,27,08,21,10,24,,,,,,2.0,1.2,1.6*3D
$GPGSV,3,1,09,32,79,145,30,10,61,060,34,21,43,306,23,08,34,256,25*70
$GPGSV,3,2,09,02,26,311,19,23,25,080,20,27,25,215,14,28,14,156,*7C
$GPGSV,3,3,09,24,13,040,16*47
$GPRMC,054345.000,A,4532.9184,N,12259.7400,W,8.21,268.06,290324,,,A*7A
$GPVTG,268.06,T,,M,8.21,N,15.2,K,A*3A
$GPGGA,054350.000,4532.9148,N,12259.7722,W,1,07,1.2,46.2,M,-19.6,M,,0000*57
$GPGSA,A,3,23,32,27,08,21,10,24,,,,,,2.0,1.2,1.6*3D
$GPGSV,3,1,09,32,79,145,32,10,61,060,30,21,43,306,21,08,34,256,26*77
$GPGSV,3,2,09,02,26,311,24,23,25,080,19,27,25,215,16,28,14,156,*7A
$GPGSV,3,3,09,24,13,040,20*42
$GPRMC,054350.000,A,4532.9148,N,12259.7722,W,18.39,263.91,290324,,,A*40
$GPVTG,263.91,T,,M,18.39,N,34.1,K,A*07
$GPGGA,054355.000,4532.9136,N,12259.8102,W,1,06,1.4,46.2,M,-19.6,M,,0000*57
$GPGSA,A,3,23,32,27,08,21,10,,,,,,,2.5,1.4,2.1*3C
$GPGSV,3,1,09,32,79,145,33,10,61,060,25,21,43,306,21,08,34,256,22*76
$GPGSV,3,2,09,02,26,311,24,23,25,080,19,27,25,215,20,28,14,156,*7F
$GPGSV,3,3,09,24,13,040,12*43
$GPRMC,054355.000,A,4532.9136,N,12259.8102,W,18.34,267.42,290324,,,A*40
$GPGGA,054400.000,4532.9164,N,12259.8492,W,1,04,2.9,50.9,M,-19.6,M,,0000*5B
$GPGSA,A,3,32,27,08,10,,,,,,,,,5.4,2.9,4.5*34
$GPGSV,3,1,09,32,79,145,33,10,61,060,31,21,43,306,19,08,34,256,25*7F
$GPGSV,3,2,09,02,26,311,25,23,25,080,,27,25,215,27,28,14,156,*71
$GPGSV,3,3,09,24,13,040,*40
$GPRMC,054400.000,A,4532.9164,N,12259.8492,W,18.31,270.36,290324,,,A*4C
$GPVTG,270.36,T,,M,18.31,N,33.9,K,A*0F
$GPGGA,054405.000,4532.9143,N,12259.8841,W,1,06,1.4,52.0,M,-19.6,M,,0000*5E
$GPGSA,A,3,23,32,27,08,21,10,,,,,,,2.5,1.4,2.1*3C
$GPGSV,3,1,09,32,79,145,33,10,61,060,31,21,43,306,23,08,34,256,26*75
$GPGSV,3,2,09,02,26,311,25,23,25,080,17,27,25,215,26,28,14,156,*76
$GPGSV,3,3,09,24,13,040,*40
$GPRMC,054405.000,A,4532.9143,N,12259.8841,W,17.53,267.16,290324,,,A*41
$GPVTG,267.16,T,,M,17.53,N,32.5,K,A*0D
$GPGGA,054410.000,4532.9122,N,12259.9147,W,1,05,2.2,51.5,M,-19.6,M,,0000*53
$GPGSA,A,3,32,27,08,21,10,,,,,,,,5.0,2.2,4.4*39
$GPGSV,3,1,09,32,79,145,31,10,61,060,21,21,43,306,17,08,34,256,26*71
$GPGSV,3,2,09,02,26,311,25,23,25,080,,27,25,215,26,28,14,156,*70
$GPGSV,3,3,09,24,13,040,*40
$GPRMC,054410.000,A,4532.9122,N,12259.9147,W,15.48,269.82,290324,,,A*47
$GPVTG,269.82,T,,M,15.48,N,28.7,K,A*0F
$GPGGA,054415.000,4532.9011,N,12259.9288,W,1,05,2.2,52.4,M,-19.6,M,,0000*55
$GPGSA,A,3,32,27,08,21,10,,,,,,,,5.0,2.2,4.4*39
$GPGSV,3,1,09,32,79,145,36,10,61,060,27,21,43,306,17,08,34,256,20*76
$GPGSV,3,2,09,02,26,311,14,23,25,080,,27,25,215,14,28,14,156,*73
$GPGSV,3,3,09,24,13,040,*40
$GPRMC,054415.000,A,4532.9011,N,12259.9288,W,11.03,201.34,290324,,,A*4B
$GPGGA,054420.000,4532.8889,N,12259.9294,W,1,06,1.4,51.3,M,-19.6,M,,0000*54
$GPGSA,A,3,23,32,27,08,21,10,,,,,,,2.5,1.4,2.1*3C
$GPGSV,3,1,09,32,79,145,30,10,61,060,35,21,43,306,23,08,34,256,23*77
$GPGSV,3,2,09,02,26,311,12,23,25,080,20,27,25,215,18,28,14,156,*7B
$GPGSV,3,3,09,24,13,040,*40
$GPRMC,054420.000,A,4532.8889,N,12259.9294,W,7.16,154.78,290324,,,A*70
$GPVTG,154.78,T,,M,7.16,N,13.3,K,A*33
$GPGGA,054425.000,4532.8867,N,12259.9230,W,1,05,2.2,56.3,M,-19.6,M,,0000*5E
$GPGSA,A,3,32,27,08,21,10,,,,,,,,5.0,2.2,4.4*39
$GPGSV,3,1,09,32,79,145,32,10,61,060,30,21,43,306,22,08,34,256,23*71
$GPGSV,3,2,09,02,26,311,25,23,25,080,,27,25,215,19,28,14,156,*7C
$GPGSV,3,3,09,24,13,040,*40
$GPRMC,054425.000,A,4532.8867,N,12259.9230,W,2.49,75.75,290324,,,A*4B
$GPVTG,75.75,T,,M,2.49,N,4.6,K,A*30
$GPGGA,054430.000,4532.8908,N,12259.9217,W,1,04,3.0,59.9,M,-19.6,M,,0000*50
$GPGSA,A,3,32,08,21,10,,,,,,,,,7.4,3.0,6.7*38
$GPGSV,3,1,09,32,79,145,32,10,61,060,32,21,43,306,21,08,34,256,21*72
$GPGSV,3,2,09,02,26,311,23,23,25,080,,27,25,215,18,28,14,156,*7B
$GPGSV,3,3,09,24,13,040,*40
$GPRMC,054430.000,A,4532.8908,N,12259.9217,W,1.32,39.62,290324,,,A*43
$GPVTG,39.62,T,,M,1.32,N,2.4,K,A*35
$GPGGA,054435.000,4532.8917,N,12259.9220,W,1,05,2.2,58.3,M,-19.6,M,,0000*56
$GPGSA,A,3,32,27,08,21,10,,,,,,,,4.9,2.2,4.4*31
$GPGSV,3,1,09,32,79,145,30,10,61,060,30,21,43,306,20,08,34,256,25*77
$GPGSV,3,2,09,02,26,311,23,23,25,080,,27,25,215,25,28,14,156,*75
$GPGSV,3,3,09,24,13,040,*40
$GPVTG,323.72,T,,M,0.44,N,0.8,K,A*02
$GPGGA,054440.000,4532.8883,N,12259.9222,W,1,06,1.4,60.4,M,-19.6,M,,0000*50
$GPGSA,A,3,23,32,27,08,21,10,,,,,,,2.5,1.4,2.1*3C
$GPGSV,3,1,09,32,79,145,30,10,61,060,30,21,43,306,25,08,34,256,30*76
$GPGSV,3,2,09,02,26,311,22,23,25,080,19,27,25,215,27,28,14,156,*7E
$GPGSV,3,3,09,24,13,040,*40
$GPRMC,054440.000,A,4532.8883,N,12259.9222,W,1.43,186.32,290324,,,A*76
$GPVTG,186.32,T,,M,1.43,N,2.7,K,A*00
$GPGGA,054445.000,4532.8884,N,12259.9219,W,1,07,1.2,56.4,M,-19.6,M,,0000*58
$GPGSA,A,3,23,32,27,08,21,10,24,,,,,,2.0,1.2,1.5*3E
$GPGSV,3,1,09,32,79,145,32,10,61,060,35,21,43,306,33,08,34,256,30*76
$GPGSV,3,2,09,02,26,311,28,23,25,080,21,27,25,215,27,28,14,156,18*76
$GPGSV,3,3,09,24,13,040,16*47
$GPRMC,054445.000,A,4532.8884,N,12259.9219,W,0.50,183.30,290324,,,A*78
$GPVTG,183.30,T,,M,0.50,N,0.9,K,A*08
$GPGGA,054450.000,4532.8899,N,12259.9248,W,1,07,1.2,58.3,M,-19.6,M,,0000*5D
$GPGSA,A,3,23,32,27,08,21,10,24,,,,,,2.0,1.2,1.5*3E
$GPGSV,3,1,09,32,79,145,37,10,61,060,32,21,43,306,27,08,34,256,35*74
$GPGSV,3,2,09,02,26,311,30,23,25,080,20,27,25,215,33,28,14,156,20*70
$GPGSV,3,3,09,24,13,040,17*46
$GPRMC,054450.000,A,4532.8899,N,12259.9248,W,0.35,315.73,290324,,,A*7D
$GPVTG,315.73,T,,M,0.35,N,0.7,K,A*0F
$GPGGA,054455.000,4532.8904,N,12259.9271,W,1,07,1.2,61.6,M,-19.6,M,,0000*58
$GPGSA,A,3,23,32,27,08,21,10,24,,,,,,2.0,1.2,1.5*3E
$GPGSV,3,1,09,32,79,145,21,10,61,060,23,21,43,306,39,08,34,256,36*7F
$GPGSV,3,2,09,02,26,311,37,23,25,080,21,27,25,215,25,28,14,156,24*75
$GPGSV,3,3,09,24,13,040,17*46
$GPRMC,054455.000,A,4532.8904,N,12259.9271,W,0.47,179.93,290324,,,A*74
$GPVTG,179.93,T,,M,0.47,N,0.9,K,A*02
$GPGGA,054500.000,4532.8914,N,12259.9297,W,1,06,1.4,62.0,M,-19.6,M,,0000*52
$GPGSA,A,3,23,32,27,08,21,10,,,,,,,2.5,1.4,2.1*3C
$GPGSV,3,1,09,32,79,145,20,10,61,060,31,21,43,306,39,08,34,256,35*7E
$GPGSV,3,2,09,02,26,311,39,23,25,080,21,27,25,215,19,28,14,156,20*70
$GPGSV,3,3,09,24,13,040,*40
$GPRMC,054500.000,A,4532.8914,N,12259.9297,W,0.51,309.21,290324,,,A*77
$GPGGA,054505.000,4532.8901,N,12259.9322,W,1,07,1.2,58.9,M,-19.6,M,,0000*5B
$GPGSA,A,3,23,32,27,08,21,10,24,,,,,,2.0,1.2,1.5*3E
$GPGSV,3,1,09,32,79,145,33,10,61,060,28,21,43,306,37,08,34,256,30*7F
$GPGSV,3,2,09,02,26,311,33,23,25,080,21,27,25,215,27,28,14,156,22*75
$GPGSV,3,3,09,24,13,040,16*47
$GPRMC,054505.000,A,4532.8901,N,12259.9322,W,1.84,170.80,290324,,,A*77
$GPVTG,170.80,T,,M,1.84,N,3.4,K,A*09
$GPGGA,054510.000,4532.8887,N,12259.9323,W,1,06,1.4,62.1,M,-19.6,M,,0000*57
$GPGSA,A,3,23,32,27,08,21,10,,,,,,,2.5,1.4,2.1*3C
$GPGSV,3,1,09,32,80,138,34,10,60,061,28,21,44,305,34,08,33,254,32*74
$GPGSV,3,2,09,02,27,311,25,23,24,081,23,27,24,214,29,28,15,156,22*7E
$GPGSV,3,3,09,24,12,039,*4F
$GPRMC,054510.000,A,4532.8887,N,12259.9323,W,0.85,164.55,290324,,,A*70
$GPVTG,164.55,T,,M,0.85,N,1.6,K,A*04
$GPGGA,054515.000,4532.8876,N,12259.9316,W,1,07,1.2,66.1,M,-19.6,M,,0000*59
$GPGSA,A,3,23,32,27,08,21,10,24,,,,,,2.0,1.2,1.5*3E
$GPGSV,3,1,09,32,80,138,21,10,60,061,24,21,44,305,36,08,33,254,28*75
$GPGSV,3,2,09,02,27,311,34,23,24,081,21,27,24,214,21,28,15,156,16*73
$GPGSV,3,3,09,24,12,039,15*4B
$GPRMC,054515.000,A,4532.8876,N,12259.9316,W,0.53,216.56,290324,,,A*73
$GPVTG,216.56,T,,M,0.53,N,1.0,K,A*0C
$GPGGA,054520.000,4532.8854,N,12259.9309,W,1,05,2.1,73.5,M,-19.6,M,,0000*53
$GPGSA,A,3,23,32,08,21,10,,,,,,,,3.0,2.1,2.2*38
$GPGSV,3,1,09,32,80,138,22,10,60,061,21,21,44,305,26,08,33,254,20*7A
$GPGSV,3,2,09,02,27,311,21,23,24,081,14,27,24,214,18,28,15,156,13*7E
$GPGSV,3,3,09,24,12,039,*4F
$GPVTG,157.15,T,,M,2.52,N,4.7,K,A*0C
$GPGGA,054525.000,4532.8853,N,12259.9262,W,1,06,1.4,76.7,M,-19.6,M,,0000*5F
$GPGSA,A,3,23,32,27,08,21,10,,,,,,,2.5,1.4,2.1*3C
$GPGSV,3,1,09,32,80,138,22,10,60,061,24,21,44,305,21,08,33,254,19*72
$GPGSV,3,2,09,02,27,311,19,23,24,081,16,27,24,214,21,28,15,156,*7F
$GPGSV,3,3,09,24,12,039,*4F
$GPRMC,054525.000,A,4532.8853,N,12259.9262,W,1.58,126.77,290324,,,A*7C
$GPVTG,126.77,T,,M,1.58,N,2.9,K,A*0F
$GPGGA,054530.000,4532.8844,N,12259.9197,W,1,06,1.4,76.7,M,-19.6,M,,0000*54
$GPGSA,A,3,23,32,27,08,21,10,,,,,,,2.5,1.4,2.1*3C
$GPGSV,3,1,09,32,80,138,25,10,60,061,23,21,44,305,19,08,33,254,15*75
$GPGSV,3,2,09,02,27,311,18,23,24,081,22,27,24,214,19,28,15,156,*72
$GPGSV,3,3,09,24,12,039,*4F
$GPRMC,054530.000,A,4532.8844,N,12259.9197,W,1.25,140.75,290324,,,A*7F
$GPVTG,140.75,T,,M,1.25,N,2.3,K,A*0D
$GPGGA,054535.000,4532.8826,N,12259.9172,W,1,05,1.5,72.4,M,-19.6,M,,0000*5B
$GPGSA,A,3,23,32,27,08,21,,,,,,,,2.7,1.5,2.2*3D
$GPGSV,3,1,09,32,80,138,26,10,60,061,10,21,44,305,22,08,33,254,16*7D
$GPGSV,3,2,09,02,27,311,18,23,24,081,14,27,24,214,18,28,15,156,*76
$GPGSV,3,3,09,24,12,039,*4F
$GPRMC,054535.000,A,4532.8826,N,12259.9172,W,1.60,134.40,290324,,,A*71
$GPVTG,134.40,T,,M,1.60,N,3.0,K,A*0B
$GPGGA,054540.000,4532.8844,N,12259.9174,W,1,06,1.4,68.5,M,-19.6,M,,0000*53
$GPGSA,A,3,23,32,27,08,21,10,,,,,,,2.5,1.4,2.1*3C
$GPGSV,3,1,09,32,80,138,26,10,60,061,27,21,44,305,21,08,33,254,17*7B
$GPGSV,3,2,09,02,27,311,17,23,24,081,17,27,24,214,17,28,15,156,*75
$GPGSV,3,3,09,24,12,039,*4F
$GPVTG,192.31,T,,M,0.74,N,1.4,K,A*03
$GPGGA,054545.000,4532.8876,N,12259.9176,W,1,05,1.5,57.0,M,-19.6,M,,0000*5E
$GPGSA,A,3,23,32,27,21,10,,,,,,,,2.6,1.5,2.1*36
$GPGSV,3,1,09,32,80,138,26,10,60,061,14,21,44,305,20,08,33,254,*7C
$GPGSV,3,2,09,02,27,311,,23,24,081,16,27,24,214,17,28,15,156,*72
$GPGSV,3,3,09,24,12,039,*4F
$GPRMC,054545.000,A,4532.8876,N,12259.9176,W,2.60,356.09,290324,,,A*7F
$GPVTG,356.09,T,,M,2.60,N,4.8,K,A*0C
$GPGGA,054550.000,4532.8873,N,12259.9099,W,1,05,2.2,55.5,M,-19.6,M,,0000*5C
$GPGSA,A,3,08,32,27,21,10,,,,,,,,4.9,2.2,4.4*31
$GPGSV,3,1,09,32,80,138,27,10,60,061,20,21,44,305,19,08,33,254,24*76
$GPGSV,3,2,09,02,27,311,,23,24,081,,27,24,214,18,28,15,156,*7A
$GPGSV,3,3,09,24,12,039,*4F
$GPRMC,054550.000,A,4532.8873,N,12259.9099,W,2.12,115.63,290324,,,A*72
$GPVTG,115.63,T,,M,2.12,N,3.9,K,A*06
$GPGGA,054555.000,4532.8858,N,12259.9103,W,1,06,1.5,53.9,M,-19.6,M,,0000*5F
$GPGSA,A,3,08,32,27,23,21,10,,,,,,,2.5,1.5,2.1*3D
$GPGSV,3,1,09,32,80,138,31,10,60,061,25,21,44,305,19,08,33,254,19*7A
$GPGSV,3,2,09,02,27,311,,23,24,081,16,27,24,214,20,28,15,156,*76
$GPGSV,3,3,09,24,12,039,*4F
$GPRMC,054555.000,A,4532.8858,N,12259.9103,W,1.02,73.31,290324,,,A*48
$GPVTG,73.31,T,,M,1.02,N,1.9,K,A*30
$GPGGA,054600.000,4532.8842,N,12259.9086,W,1,05,1.5,60.3,M,-19.6,M,,0000*52
$GPGSA,A,3,32,27,23,21,10,,,,,,,,2.6,1.5,2.1*36
$GPGSV,3,1,09,32,80,138,23,10,60,061,26,21,44,305,19,08,33,254,*72
$GPGSV,3,2,09,02,27,311,,23,24,081,19,27,24,214,19,28,15,156,*73
$GPGSV,3,3,09,24,12,039,*4F
$GPVTG,114.74,T,,M,1.83,N,3.4,K,A*07
$GPGGA,054605.000,4532.8841,N,12259.9073,W,1,05,2.1,61.6,M,-19.6,M,,0000*5D
$GPGSA,A,3,08,32,23,21,10,,,,,,,,3.0,2.1,2.2*38
$GPGSV,3,1,09,32,80,138,24,10,60,061,29,21,44,305,20,08,33,254,18*79
$GPGSV,3,2,09,02,27,311,,23,24,081,21,27,24,214,10,28,15,156,*71
$GPGSV,3,3,09,24,12,039,*4F
$GPRMC,054605.000,A,4532.8841,N,12259.9073,W,1.21,329.62,290324,,,A*7B
$GPVTG,329.62,T,,M,1.21,N,2.2,K,A*03
$GPGGA,054610.000,4532.8843,N,12259.9103,W,1,05,2.1,65.3,M,-19.6,M,,0000*5C
$GPGSA,A,3,08,32,23,21,10,,,,,,,,3.0,2.1,2.2*38
$GPGSV,3,1,09,32,80,138,28,10,60,061,29,21,44,305,21,08,33,254,19*75
$GPGSV,3,2,09,02,27,311,26,23,24,081,19,27,24,214,,28,15,156,*7F
$GPGSV,3,3,09,24,12,039,*4F
$GPRMC,054610.000,A,4532.8843,N,12259.9103,W,2.01,263.29,290324,,,A*7A
$GPVTG,263.29,T,,M,2.01,N,3.7,K,A*06
$GPGGA,054615.000,4532.8841,N,12259.9121,W,1,04,3.9,57.9,M,-19.6,M,,0000*58
$GPGSA,A,3,32,23,21,10,,,,,,,,,5.2,3.9,3.4*3A
$GPGSV,3,1,09,32,80,138,27,10,60,061,25,21,44,305,21,08,33,254,16*79
$GPGSV,3,2,09,02,27,311,21,23,24,081,18,27,24,214,,28,15,156,*79
$GPGSV,3,3,09,24,12,039,*4F
$GPRMC,054615.000,A,4532.8841,N,12259.9121,W,0.55,336.24,290324,,,A*72
$GPVTG,336.24,T,,M,0.55,N,1.0,K,A*0C
$GPGGA,054620.000,4532.8855,N,12259.9140,W,1,05,2.1,59.4,M,-19.6,M,,0000*57
$GPGSA,A,3,08,32,23,21,10,,,,,,,,3.0,2.1,2.2*38
$GPGSV,3,1,09,32,80,138,26,10,60,061,25,21,44,305,20,08,33,254,17*78
$GPGSV,3,2,09,02,27,311,17,23,24,081,19,27,24,214,,28,15,156,*7D
$GPGSV,3,3,09,24,12,039,*4F
$GPRMC,054620.000,A,4532.8855,N,12259.9140,W,2.11,220.25,290324,,,A*73
$GPGGA,054625.000,4532.8863,N,12259.9142,W,1,06,1.5,54.9,M,-19.6,M,,0000*51
$GPGSA,A,3,08,32,27,23,21,10,,,,,,,2.5,1.5,2.1*3D
$GPGSV,3,1,09,32,80,138,26,10,60,061,24,21,44,305,19,08,33,254,17*73
$GPGSV,3,2,09,02,27,311,13,23,24,081,19,27,24,214,17,28,15,156,*7F
$GPGSV,3,3,09,24,12,039,*4F
$GPRMC,054625.000,A,4532.8863,N,12259.9142,W,2.20,334.83,290324,,,A*7B
$GPVTG,334.83,T,,M,2.20,N,4.1,K,A*07
$GPGGA,054630.000,4532.8881,N,12259.9122,W,1,06,1.5,53.8,M,-19.6,M,,0000*59
$GPGSA,A,3,08,32,27,23,21,10,,,,,,,2.5,1.5,2.1*3D
$GPGSV,3,1,09,32,80,138,26,10,60,061,38,21,44,305,20,08,33,254,18*7B
$GPGSV,3,2,09,02,27,311,,23,24,081,23,27,24,214,16,28,15,156,*75
$GPGSV,3,3,09,24,12,039,*4F
$GPRMC,054630.000,A,4532.8881,N,12259.9122,W,0.41,232.65,290324,,,A*7F
$GPVTG,232.65,T,,M,0.41,N,0.8,K,A*00
$GPGGA,054635.000,4532.8897,N,12259.9106,W,1,06,1.5,54.9,M,-19.6,M,,0000*5B
$GPGSA,A,3,08,32,27,23,21,10,,,,,,,2.5,1.5,2.1*3D
$GPGSV,3,1,09,32,80,138,32,10,60,061,31,21,44,305,20,08,33,254,18*77
$GPGSV,3,2,09,02,27,311,26,23,24,081,21,27,24,214,15,28,15,156,*70
$GPGSV,3,3,09,24,12,039,*4F
$GPRMC,054635.000,A,4532.8897,N,12259.9106,W,0.25,85.51,290324,,,A*40
$GPVTG,85.51,T,,M,0.25,N,0.5,K,A*36
$GPGGA,054640.000,4532.8916,N,12259.9132,W,1,05,2.1,58.8,M,-19.6,M,,0000*5F
$GPGSA,A,3,08,32,23,21,10,,,,,,,,3.0,2.1,2.2*38
$GPGSV,3,1,09,32,80,138,31,10,60,061,34,21,44,305,18,08,33,254,20*71
$GPGSV,3,2,09,02,27,311,24,23,24,081,21,27,24,214,,28,15,156,*76
$GPRMC,054640.000,A,4532.8916,N,12259.9132,W,1.94,346.87,290324,,,A*71
$GPVTG,346.87,T,,M,1.94,N,3.6,K,A*0A
                                                                                                                              
               