$ADVER,3080,2.4P
$GPRMC,163426.698,A,2632.6942,N,07703.3422,W,0.28,44.85,220324,,,A*45
$GPGGA,163431.698,2632.6889,N,07703.3393,W,1,04,2.6,14.5,M,-33.0,M,,0000*55
$GPGSA,A,3,02,21,22,07,,,,,,,,,2.8,2.6,1.0*3B
$GPGSV,3,1,12,07,79,213,28,02,61,086,30,21,49,062,30,22,18,301,29*7A
$GPGSV,3,2,12,30,56,306,24,17,36,252,20,14,34,315,,08,25,042,24*76
$GPGSV,3,3,12,09,11,200,,19,11,239,19,13,07,310,23,03,02,143,*78
$GPRMC,163431.698,A,2632.6889,N,07703.3393,W,0.17,135.82,220324,,,A*74
$GPVTG,135.82,T,,M,0.17,N,0.3,K,A*05
$GPGGA,163436.000,2632.6891,N,07703.3392,W,1,04,2.6,14.6,M,-33.0,M,,0000*5E
$GPGSA,A,3,02,21,22,07,,,,,,,,,2.8,2.6,1.0*3B
$GPGSV,3,1,12,07,79,213,28,02,61,086,30,21,49,062,30,22,18,301,29*7A
$GPGSV,3,2,12,30,56,306,24,17,36,252,20,14,34,315,,08,25,042,24*76
$GPGSV,3,3,12,09,11,200,,19,11,239,19,13,07,310,22,03,02,143,*79
$GPRMC,163436.000,A,2632.6891,N,07703.3392,W,0.17,135.16,220324,,,A*71
$GPVTG,135.16,T,,M,0.17,N,0.3,K,A*08
$GPGGA,163441.000,2632.6880,N,07703.3382,W,1,04,2.6,9.5,M,-33.0,M,,0000*60
$GPGSA,A,3,02,21,22,07,,,,,,,,,2.8,2.6,1.0*3B
$GPGSV,3,1,12,07,79,213,28,02,61,086,30,21,49,062,30,22,18,301,29*7A
$GPGSV,3,2,12,30,56,306,24,17,36,252,20,14,34,315,,08,25,042,24*76
$GPGSV,3,3,12,09,11,200,18,19,11,239,20,13,07,310,22,03,02,143,*7A
$GPVTG,69.51,T,,M,0.21,N,0.4,K,A*31
$GPGGA,163446.000,2632.6875,N,07703.3377,W,1,04,2.6,7.8,M,-33.0,M,,0000*64
$GPGSA,A,3,02,21,22,07,,,,,,,,,2.8,2.6,1.0*3B
$GPGSV,3,1,12,07,79,213,28,02,61,086,30,21,49,062,30,22,18,301,29*7A
$GPGSV,3,2,12,30,56,306,24,17,36,252,20,14,34,315,16,08,25,042,23*76
$GPGSV,3,3,12,09,11,200,17,19,11,239,20,13,07,310,23,03,02,143,*74
$GPRMC,163446.000,A,2632.6875,N,07703.3377,W,0.18,140.45,220324,,,A*7C
$GPVTG,140.45,T,,M,0.18,N,0.3,K,A*03
$GPGGA,163451.000,2632.6872,N,07703.3380,W,1,04,2.6,8.9,M,-33.0,M,,0000*63
$GPGSA,A,3,02,21,22,07,,,,,,,,,2.8,2.6,1.0*3B
$GPGSV,3,1,12,07,79,213,27,02,61,086,30,21,49,062,31,22,18,301,29*74
$GPGSV,3,2,12,30,56,306,24,17,36,252,21,14,34,315,16,08,25,042,23*77
$GPGSV,3,3,12,09,11,200,16,19,11,239,20,13,07,310,23,03,02,143,*75
$GPRMC,163451.000,A,2632.6872,N,07703.3380,W,0.18,59.31,220324,,,A*4F
$GPVTG,59.31,T,,M,0.18,N,0.3,K,A*39
$GPGGA,163456.000,2632.6868,N,07703.3382,W,1,04,2.6,9.5,M,-33.0,M,,0000*60
$GPGSA,A,3,02,21,22,07,,,,,,,,,2.7,2.6,1.0*34
$GPGSV,3,1,12,07,79,213,27,02,61,086,30,21,49,062,31,22,18,301,30*7C
$GPGSV,3,2,12,30,56,306,24,17,36,252,22,14,34,315,16,08,25,042,23*74
$GPGSV,3,3,12,09,11,200,16,19,11,239,20,13,07,310,23,03,02,143,*75
$GPRMC,163456.000,A,2632.6868,N,07703.3382,W,0.21,155.82,220324,,,A*7E
$GPVTG,155.82,T,,M,0.21,N,0.4,K,A*01
$GPGGA,163501.000,2632.6865,N,07703.3381,W,1,04,2.6,9.4,M,-33.0,M,,0000*6C
$GPGSA,A,3,02,21,22,07,,,,,,,,,2.7,2.6,1.0*34
$GPGSV,3,1,12,07,79,213,27,02,61,086,30,21,49,062,31,22,18,301,30*7C
$GPGSV,3,2,12,30,56,306,24,17,36,252,22,14,34,315,17,08,25,042,22*74
$GPGSV,3,3,12,09,11,200,17,19,11,239,20,13,07,310,23,03,02,143,*74
$GPRMC,163501.000,A,2632.6865,N,07703.3381,W,0.23,143.32,220324,,,A*7D
$GPVTG,143.32,T,,M,0.23,N,0.4,K,A*0F
$GPGGA,163506.000,2632.6865,N,07703.3382,W,1,04,2.6,10.1,M,-33.0,M,,0000*55
$GPGSA,A,3,02,21,22,07,,,,,,,,,2.7,2.6,1.0*34
$GPGSV,3,1,12,07,79,213,27,02,61,086,30,21,49,062,31,22,18,301,30*7C
$GPGSV,3,2,12,30,56,306,24,17,36,252,22,14,34,315,18,08,25,042,22*7B
$GPGSV,3,3,12,09,11,200,17,19,11,239,20,13,07,310,24,03,02,143,*73
$GPRMC,163506.000,A,2632.6865,N,07703.3382,W,0.13,134.56,220324,,,A*78
$GPVTG,134.56,T,,M,0.13,N,0.2,K,A*08
$GPGGA,163511.000,2632.6872,N,07703.3385,W,1,04,2.5,12.2,M,-33.0,M,,0000*50
$GPGSA,A,3,02,21,22,07,,,,,,,,,2.7,2.5,1.0*37
$GPGSV,3,1,12,07,79,213,28,02,61,086,29,21,49,062,31,22,18,301,30*7B
$GPGSV,3,2,12,30,56,306,23,17,36,252,22,14,34,315,19,08,25,042,23*7C
$GPGSV,3,3,12,09,11,200,17,19,11,239,21,13,07,310,25,03,02,143,*73
$GPVTG,148.30,T,,M,0.22,N,0.4,K,A*07
$GPGGA,163516.000,2632.6877,N,07703.3391,W,1,04,2.5,15.3,M,-33.0,M,,0000*51
$GPGSA,A,3,02,21,22,07,,,,,,,,,2.7,2.5,1.0*37
$GPGSV,3,1,12,07,79,213,28,02,61,086,30,21,49,062,31,22,18,301,30*73
$GPGSV,3,2,12,30,56,306,23,17,36,252,22,14,34,315,20,08,25,042,23*76
$GPGSV,3,3,12,09,11,200,17,19,11,239,20,13,07,310,25,03,02,143,*72
$GPRMC,163516.000,A,2632.6877,N,07703.3391,W,0.20,157.72,220324,,,A*7B
$GPVTG,157.72,T,,M,0.20,N,0.4,K,A*0D
$GPGGA,163521.000,2632.6884,N,07703.3391,W,1,04,2.5,16.4,M,-33.0,M,,0000*5D
$GPGSA,A,3,02,21,22,07,,,,,,,,,2.7,2.5,1.0*37
$GPGSV,3,1,12,07,79,213,28,02,61,086,30,21,49,062,31,22,18,301,30*73
$GPGSV,3,2,12,30,56,306,23,17,36,252,23,14,34,315,21,08,25,042,23*76
$GPGSV,3,3,12,09,11,200,17,19,11,239,20,13,07,310,25,03,02,143,*72
$GPRMC,163521.000,A,2632.6884,N,07703.3391,W,0.14,132.54,220324,,,A*73
$GPVTG,132.54,T,,M,0.14,N,0.3,K,A*0A
$GPGGA,163526.000,2632.6892,N,07703.3389,W,1,04,2.5,16.6,M,-33.0,M,,0000*56
$GPGSA,A,3,02,21,22,07,,,,,,,,,2.7,2.5,1.0*37
$GPGSV,3,1,12,07,79,213,27,02,61,086,29,21,49,062,31,22,18,301,29*7C
$GPGSV,3,2,12,30,56,306,23,17,36,252,23,14,34,315,20,08,25,042,23*77
$GPGSV,3,3,12,09,11,200,18,19,11,239,20,13,07,310,25,03,02,143,*7D
$GPRMC,163526.000,A,2632.6892,N,07703.3389,W,0.16,136.02,220324,,,A*7F
$GPVTG,136.02,T,,M,0.16,N,0.3,K,A*0F
$GPGGA,163531.000,2632.6885,N,07703.3390,W,1,04,2.5,16.5,M,-33.0,M,,0000*5D
$GPGSA,A,3,02,21,22,07,,,,,,,,,2.7,2.5,1.0*37
$GPGSV,3,1,12,07,79,213,27,02,61,086,29,21,49,062,31,22,18,301,30*74
$GPGSV,3,2,12,30,56,306,23,17,36,252,24,14,34,315,20,08,25,042,23*70
$GPGSV,3,3,12,09,11,200,19,19,11,239,20,13,07,310,25,03,02,143,*7C
$GPRMC,163531.000,A,2632.6885,N,07703.3390,W,0.26,160.61,220324,,,A*72
$GPVTG,160.61,T,,M,0.26,N,0.5,K,A*0C
$GPGGA,163536.000,2632.6873,N,07703.3396,W,1,04,2.5,18.0,M,-33.0,M,,0000*5E
$GPGSA,A,3,02,21,22,07,,,,,,,,,2.7,2.5,1.0*37
$GPGSV,3,1,12,07,79,213,26,02,61,086,29,21,49,062,31,22,18,301,30*75
$GPGSV,3,2,12,30,56,306,24,17,36,252,23,14,34,315,19,08,25,042,22*7B
$GPGSV,3,3,12,09,11,200,20,19,11,239,21,13,07,310,25,03,02,143,*77
$GPRMC,163536.000,A,2632.6873,N,07703.3396,W,0.22,153.45,220324,,,A*78
$GPVTG,153.45,T,,M,0.22,N,0.4,K,A*0F
$GPGGA,163541.000,2632.6869,N,07703.3402,W,1,04,2.5,20.2,M,-33.0,M,,0000*56
$GPGSA,A,3,02,21,22,07,,,,,,,,,2.7,2.5,1.0*37
$GPGSV,3,1,12,07,79,213,26,02,61,086,29,21,49,062,31,22,18,301,29*7D
$GPGSV,3,2,12,30,56,306,23,17,36,252,23,14,34,315,17,08,25,042,22*72
$GPGSV,3,3,12,09,11,200,19,19,11,239,21,13,07,310,25,03,02,143,*7D
$GPVTG,173.05,T,,M,0.18,N,0.3,K,A*07
$GPGGA,163546.000,2632.6873,N,07703.3408,W,1,04,2.5,23.1,M,-33.0,M,,0000*50
$GPGSA,A,3,02,21,22,07,,,,,,,,,2.7,2.5,1.0*37
$GPGSV,3,1,12,07,79,213,25,02,61,086,29,21,49,062,31,22,18,301,29*7E
$GPGSV,3,2,12,30,56,306,23,17,36,252,24,14,34,315,16,08,25,042,22*74
$GPGSV,3,3,12,09,11,200,19,19,11,239,21,13,07,310,25,03,02,143,*7D
$GPRMC,163546.000,A,2632.6873,N,07703.3408,W,0.28,180.83,220324,,,A*71
$GPVTG,180.83,T,,M,0.28,N,0.5,K,A*00
$GPGGA,163551.000,2632.6882,N,07703.3408,W,1,04,2.5,24.6,M,-33.0,M,,0000*58
$GPGSA,A,3,02,21,22,07,,,,,,,,,2.7,2.5,1.0*37
$GPGSV,3,1,12,07,79,213,25,02,61,086,20,21,49,062,20,22,18,301,24*7A
$GPGSV,3,2,12,30,56,306,23,17,36,252,09,14,34,315,18,08,25,042,22*75
$GPGSV,3,3,12,09,11,200,19,19,11,239,22,13,07,310,25,03,02,143,*7E
$GPRMC,163551.000,A,2632.6882,N,07703.3408,W,0.64,44.03,220324,,,A*40
$GPVTG,44.03,T,,M,0.64,N,1.2,K,A*3F
$GPGGA,163556.000,2632.6871,N,07703.3408,W,1,04,2.5,23.5,M,-33.0,M,,0000*57
$GPGSA,A,3,02,21,22,07,,,,,,,,,2.7,2.5,1.0*37
$GPGSV,3,1,12,07,79,213,25,02,61,086,28,21,49,062,25,22,18,301,25*76
$GPGSV,3,2,12,30,56,306,24,17,36,252,20,14,34,315,20,08,25,042,16*75
$GPGSV,3,3,12,09,11,200,18,19,11,239,22,13,07,310,18,03,02,143,*71
$GPRMC,163556.000,A,2632.6871,N,07703.3408,W,0.42,182.25,220324,,,A*70
$GPVTG,182.25,T,,M,0.42,N,0.8,K,A*0F
$GPGGA,163601.000,2632.6897,N,07703.3405,W,1,03,5.1,27.9,M,-33.0,M,,0000*5F
$GPGSA,A,2,02,21,22,,,,,,,,,,5.2,5.1,1.0*30
$GPGSV,3,1,12,07,79,213,10,02,61,086,27,21,49,062,17,22,18,301,24*7F
$GPGSV,3,2,12,30,56,306,24,17,36,252,20,14,34,315,19,08,25,042,17*7E
$GPGSV,3,3,12,09,11,200,18,19,11,239,21,13,07,310,26,03,02,143,*7F
$GPRMC,163601.000,A,2632.6897,N,07703.3405,W,2.18,21.86,220324,,,A*48
$GPVTG,21.86,T,,M,2.18,N,4.0,K,N*30
$GPGGA,163606.000,2632.6906,N,07703.3400,W,1,03,5.1,28.6,M,-33.0,M,,0000*54
$GPGSA,A,2,02,21,22,,,,,,,,,,5.2,5.1,1.0*30
$GPGSV,3,1,12,07,79,213,,02,61,086,27,21,49,062,31,22,18,301,30*7F
$GPGSV,3,2,12,30,56,306,23,17,36,252,21,14,34,315,20,08,25,042,22*74
$GPGSV,3,3,12,09,11,200,18,19,11,239,22,13,07,310,25,03,02,143,*7F
$GPRMC,163606.000,A,2632.6906,N,07703.3400,W,0.19,32.87,220324,,,A*43
$GPVTG,32.87,T,,M,0.19,N,0.3,K,N*37
$GPGGA,163611.000,2632.6898,N,07703.3413,W,1,04,2.5,30.8,M,-33.0,M,,0000*55
$GPGSA,A,3,02,21,22,07,,,,,,,,,2.7,2.5,1.0*37
$GPGSV,3,1,12,07,79,213,24,02,61,086,28,21,49,062,30,22,18,301,30*77
$GPGSV,3,2,12,30,56,306,23,17,36,252,22,14,34,315,16,08,25,042,22*72
$GPGSV,3,3,12,09,11,200,17,19,11,239,23,13,07,310,25,03,02,143,*71
$GPVTG,35.50,T,,M,0.23,N,0.4,K,A*3B
$GPGGA,163616.000,2632.6914,N,07703.3421,W,1,04,2.5,33.8,M,-33.0,M,,0000*55
$GPGSA,A,3,02,21,22,07,,,,,,,,,2.7,2.5,1.0*37
$GPGSV,3,1,12,07,79,213,25,02,61,086,28,21,49,062,30,22,18,301,29*7E
$GPGSV,3,2,12,30,56,306,23,17,36,252,22,14,34,315,17,08,25,042,22*73
$GPGSV,3,3,12,09,11,200,18,19,11,239,23,13,07,310,25,03,02,143,*7E
$GPRMC,163616.000,A,2632.6914,N,07703.3421,W,0.18,50.96,220324,,,A*47
$GPVTG,50.96,T,,M,0.18,N,0.3,K,A*3D
$GPGGA,163621.000,2632.6914,N,07703.3436,W,1,04,2.5,38.6,M,-33.0,M,,0000*52
$GPGSA,A,3,02,21,22,07,,,,,,,,,2.7,2.5,1.0*37
$GPGSV,3,1,12,07,79,213,25,02,61,086,28,21,49,062,30,22,18,301,29*7E
$GPGSV,3,2,12,30,56,306,23,17,36,252,22,14,34,315,18,08,25,042,21*7F
$GPGSV,3,3,12,09,11,200,18,19,11,239,23,13,07,310,25,03,02,143,*7E
$GPRMC,163621.000,A,2632.6914,N,07703.3436,W,0.40,187.62,220324,,,A*78
$GPVTG,187.62,T,,M,0.40,N,0.7,K,A*04
$GPGGA,163626.000,2632.6929,N,07703.3432,W,1,04,2.5,39.0,M,-33.0,M,,0000*58
$GPGSA,A,3,02,21,22,07,,,,,,,,,2.7,2.5,1.0*37
$GPGSV,3,1,12,07,79,213,25,02,61,086,28,21,49,062,30,22,18,301,29*7E
$GPGSV,3,2,12,30,56,306,24,17,36,252,22,14,34,315,20,08,25,042,23*71
$GPGSV,3,3,12,09,11,200,18,19,11,239,23,13,07,310,24,03,02,143,*7F
$GPRMC,163626.000,A,2632.6929,N,07703.3432,W,0.36,24.57,220324,,,A*4A
$GPVTG,24.57,T,,M,0.36,N,0.7,K,A*3B
$GPGGA,163631.000,2632.6932,N,07703.3431,W,1,04,2.5,39.3,M,-33.0,M,,0000*54
$GPGSA,A,3,02,21,22,07,,,,,,,,,2.7,2.5,1.0*37
$GPGSV,3,1,12,07,79,213,25,02,61,086,28,21,49,062,30,22,18,301,29*7E
$GPGSV,3,2,12,30,56,306,24,17,36,252,23,14,34,315,24,08,25,042,23*74
$GPGSV,3,3,12,09,11,200,17,19,11,239,23,13,07,310,24,03,02,143,*70
$GPRMC,163631.000,A,2632.6932,N,07703.3431,W,0.22,46.74,220324,,,A*45
$GPVTG,46.74,T,,M,0.22,N,0.4,K,A*38
$GPGGA,163636.000,2632.6942,N,07703.3425,W,1,04,2.5,38.5,M,-33.0,M,,0000*56
$GPGSA,A,3,02,21,22,07,,,,,,,,,2.7,2.5,1.0*37
$GPGSV,3,1,12,07,79,213,25,02,61,086,29,21,49,062,30,22,18,301,29*7F
$GPGSV,3,2,12,30,56,306,24,17,36,252,23,14,34,315,24,08,25,042,24*73
$GPGSV,3,3,12,09,11,200,16,19,11,239,24,13,07,310,24,03,02,143,*76
$GPRMC,163636.000,A,2632.6942,N,07703.3425,W,0.34,37.72,220324,,,A*47
$GPVTG,37.72,T,,M,0.34,N,0.6,K,A*3D
$GPGGA,163641.000,2632.6943,N,07703.3425,W,1,04,2.5,38.7,M,-33.0,M,,0000*55
$GPGSA,A,3,02,21,22,07,,,,,,,,,2.7,2.5,1.0*37
$GPGSV,3,1,12,07,79,213,26,02,61,086,28,21,49,062,30,22,18,301,29*7D
$GPGSV,3,2,12,30,56,306,24,17,36,252,23,14,34,315,24,08,25,042,24*73
$GPGSV,3,3,12,09,11,200,15,19,11,239,25,13,07,310,24,03,02,143,*74
$GPVTG,102.65,T,,M,0.14,N,0.3,K,A*0B
$GPGGA,163646.000,2632.6948,N,07703.3422,W,1,04,2.5,38.2,M,-33.0,M,,0000*5B
$GPGSA,A,3,02,21,22,07,,,,,,,,,2.7,2.5,1.0*37
$GPGSV,3,1,12,07,79,213,26,02,61,086,28,21,49,062,30,22,18,301,28*7C
$GPGSV,3,2,12,30,56,306,23,17,36,252,24,14,34,315,24,08,25,042,24*73
$GPGSV,3,3,12,09,11,200,15,19,11,239,24,13,07,310,25,03,02,143,*74
$GPRMC,163646.000,A,2632.6948,N,07703.3422,W,0.17,109.42,220324,,,A*73
$GPVTG,109.42,T,,M,0.17,N,0.3,K,A*06
$GPGGA,163651.000,2632.6949,N,07703.3419,W,1,04,2.5,37.5,M,-33.0,M,,0000*5C
$GPGSA,A,3,02,21,22,07,,,,,,,,,2.7,2.5,1.0*37
$GPGSV,3,1,12,07,79,213,26,02,61,086,28,21,49,062,30,22,18,301,28*7C
$GPGSV,3,2,12,30,56,306,23,17,36,252,24,14,34,315,24,08,25,042,23*74
$GPGSV,3,3,12,09,11,200,16,19,11,239,25,13,07,310,26,03,02,143,*75
$GPRMC,163651.000,A,2632.6949,N,07703.3419,W,0.17,133.60,220324,,,A*75
$GPVTG,133.60,T,,M,0.17,N,0.3,K,A*0F
$GPGGA,163656.000,2632.6947,N,07703.3416,W,1,04,2.5,36.6,M,-33.0,M,,0000*58
$GPGSA,A,3,02,21,22,07,,,,,,,,,2.6,2.5,1.0*36
$GPGSV,3,1,12,07,79,213,27,02,61,086,27,21,49,062,30,22,18,301,28*72
$GPGSV,3,2,12,30,56,306,22,17,36,252,25,14,34,315,24,08,25,042,22*75
$GPGSV,3,3,12,09,11,200,16,19,11,239,25,13,07,310,26,03,02,143,*75
$GPRMC,163656.000,A,2632.6947,N,07703.3416,W,0.21,146.64,220324,,,A*70
$GPVTG,146.64,T,,M,0.21,N,0.4,K,A*0B
$GPGGA,163701.000,2632.6940,N,07703.3418,W,1,04,2.4,36.2,M,-33.0,M,,0000*57
$GPGSA,A,3,02,21,22,07,,,,,,,,,2.6,2.4,1.0*37
$GPGSV,3,1,12,07,79,213,27,02,61,086,28,21,49,062,30,22,18,301,28*7D
$GPGSV,3,2,12,30,56,306,22,17,36,252,26,14,34,315,24,08,25,042,22*76
$GPGSV,3,3,12,09,11,200,15,19,11,239,25,13,07,310,27,03,02,143,*77
$GPRMC,163701.000,A,2632.6940,N,07703.3418,W,0.22,147.60,220324,,,A*7C
$GPVTG,147.60,T,,M,0.22,N,0.4,K,A*0D
$GPGGA,163706.000,2632.6934,N,07703.3418,W,1,04,2.4,35.9,M,-33.0,M,,0000*5B
$GPGSA,A,3,02,21,22,07,,,,,,,,,2.6,2.4,1.0*37
$GPGSV,3,1,12,07,79,213,27,02,61,086,28,21,49,062,30,22,18,301,27*72
$GPGSV,3,2,12,30,56,306,21,17,36,252,26,14,34,315,24,08,25,042,22*75
$GPGSV,3,3,12,09,11,200,16,19,11,239,25,13,07,310,27,03,02,143,*74
$GPRMC,163706.000,A,2632.6934,N,07703.3418,W,0.26,148.92,220324,,,A*7E
$GPVTG,148.92,T,,M,0.26,N,0.5,K,A*0A
$GPGGA,163711.000,2632.6931,N,07703.3418,W,1,04,2.4,35.6,M,-33.0,M,,0000*57
$GPGSA,A,3,02,21,22,07,,,,,,,,,2.6,2.4,1.0*37
$GPGSV,3,1,12,07,79,213,27,02,61,086,28,21,49,062,30,22,18,301,27*72
$GPGSV,3,2,12,30,56,306,20,17,36,252,26,14,34,315,24,08,25,042,22*74
$GPGSV,3,3,12,09,11,200,15,19,11,239,26,13,07,310,28,03,02,143,*7B
$GPRMC,163711.000,A,2632.6931,N,07703.3418,W,0.18,135.26,220324,,,A*75
$GPVTG,135.26,T,,M,0.18,N,0.3,K,A*04
$GPGGA,163716.000,2632.6937,N,07703.3421,W,1,04,2.4,36.8,M,-33.0,M,,0000*51
$GPGSA,A,3,02,21,22,07,,,,,,,,,2.6,2.4,1.0*37
$GPGSV,3,1,12,07,78,208,27,02,61,083,28,30,57,304,20,21,48,061,30*74
$GPGSV,3,2,12,17,37,254,26,14,34,316,25,08,24,043,21,22,19,302,27*79
$GPGSV,3,3,12,19,12,240,26,09,10,199,15,13,08,309,28,03,03,142,*73
$GPVTG,144.44,T,,M,0.17,N,0.3,K,A*09
$GPGGA,163721.000,2632.6926,N,07703.3415,W,1,04,2.4,34.4,M,-33.0,M,,0000*5C
$GPGSA,A,3,02,21,22,07,,,,,,,,,2.6,2.4,1.0*37
$GPGSV,3,1,12,07,78,208,27,02,61,083,28,30,57,304,19,21,48,061,30*7E
$GPGSV,3,2,12,17,37,254,25,14,34,316,24,08,24,043,21,22,19,302,27*7B
$GPGSV,3,3,12,19,12,240,25,09,10,199,15,13,08,309,28,03,03,142,*70
$GPRMC,163721.000,A,2632.6926,N,07703.3415,W,0.24,144.17,220324,,,A*76
$GPVTG,144.17,T,,M,0.24,N,0.4,K,A*08
$GPGGA,163726.000,2632.6913,N,07703.3409,W,1,04,2.4,31.9,M,-33.0,M,,0000*58
$GPGSA,A,3,02,21,22,07,,,,,,,,,2.6,2.4,1.0*37
$GPGSV,3,1,12,07,78,208,27,02,61,083,28,30,57,304,19,21,48,061,30*7E
$GPGSV,3,2,12,17,37,254,24,14,34,316,25,08,24,043,21,22,19,302,27*7B
$GPGSV,3,3,12,19,12,240,26,09,10,199,14,13,08,309,28,03,03,142,*72
$GPRMC,163726.000,A,2632.6913,N,07703.3409,W,0.21,152.18,220324,,,A*77
$GPVTG,152.18,T,,M,0.21,N,0.4,K,A*05
$GPGGA,163731.000,2632.6905,N,07703.3407,W,1,05,2.2,29.4,M,-33.0,M,,0000*54
$GPGSA,A,3,02,21,22,07,13,,,,,,,,2.5,2.2,1.0*30
$GPGSV,3,1,12,07,78,208,27,02,61,083,28,30,58,304,19,21,48,061,29*79
$GPGSV,3,2,12,17,37,254,23,14,35,316,25,08,24,043,22,22,19,302,27*7E
$GPGSV,3,3,12,19,12,240,26,09,10,199,14,13,08,309,28,03,03,142,*72
$GPRMC,163731.000,A,2632.6905,N,07703.3407,W,0.16,130.78,220324,,,A*7E
$GPVTG,130.78,T,,M,0.16,N,0.3,K,A*04
$GPGGA,163736.000,2632.6898,N,07703.3406,W,1,05,2.2,26.8,M,-33.0,M,,0000*54
$GPGSA,A,3,02,21,22,07,13,,,,,,,,2.5,2.2,1.0*30
$GPGSV,3,1,12,07,78,208,27,02,61,083,28,30,58,304,18,21,48,061,29*78
$GPGSV,3,2,12,17,37,254,23,14,35,316,25,08,24,043,22,22,19,302,27*7E
$GPGSV,3,3,12,19,12,240,26,09,10,199,15,13,08,309,28,03,03,142,*73
$GPRMC,163736.000,A,2632.6898,N,07703.3406,W,0.17,143.69,220324,,,A*78
$GPVTG,143.69,T,,M,0.17,N,0.3,K,A*01
$GPGGA,163741.000,2632.6884,N,07703.3400,W,1,05,2.2,22.8,M,-33.0,M,,0000*5B
$GPGSA,A,3,02,21,22,07,13,,,,,,,,2.4,2.2,1.0*31
$GPGSV,3,1,12,07,78,208,28,02,61,083,28,30,58,304,18,21,48,061,29*77
$GPGSV,3,2,12,17,37,254,22,14,35,316,25,08,24,043,22,22,19,302,26*7E
$GPGSV,3,3,12,19,12,240,26,09,10,199,13,13,08,309,29,03,03,142,*74
$GPRMC,163741.000,A,2632.6884,N,07703.3400,W,0.15,121.78,220324,,,A*75
$GPVTG,121.78,T,,M,0.15,N,0.3,K,A*07
$GPGGA,163746.000,2632.6886,N,07703.3402,W,1,05,2.2,22.3,M,-33.0,M,,0000*57
$GPGSA,A,3,02,21,22,07,13,,,,,,,,2.4,2.2,1.0*31
$GPGSV,3,1,12,07,77,207,28,02,61,083,29,30,58,304,18,21,48,061,29*76
$GPGSV,3,2,12,17,37,254,22,14,35,316,25,08,24,043,22,22,19,302,25*7D
$GPGSV,3,3,12,19,12,240,26,09,10,199,,13,08,309,29,03,03,142,*76
$GPVTG,117.12,T,,M,0.19,N,0.4,K,A*05
$GPGGA,163751.000,2632.6884,N,07703.3403,W,1,05,2.2,21.2,M,-33.0,M,,0000*50
$GPGSA,A,3,02,21,22,07,13,,,,,,,,2.4,2.2,1.0*31
$GPGSV,3,1,12,07,77,207,28,02,61,083,29,30,58,304,18,21,48,061,29*76
$GPGSV,3,2,12,17,37,254,21,14,35,316,25,08,24,043,22,22,19,302,25*7E
$GPGSV,3,3,12,19,12,240,26,09,10,199,,13,08,309,28,03,03,142,*77
$GPRMC,163751.000,A,2632.6884,N,07703.3403,W,0.14,118.73,220324,,,A*77
$GPVTG,118.73,T,,M,0.14,N,0.3,K,A*07
$GPGGA,163756.000,2632.6876,N,07703.3400,W,1,05,2.2,19.7,M,-33.0,M,,0000*57
$GPGSA,A,3,02,21,22,07,13,,,,,,,,2.4,2.2,1.0*31
$GPGSV,3,1,12,07,77,207,28,02,61,083,28,30,58,304,18,21,48,061,29*77
$GPGSV,3,2,12,17,37,254,20,14,35,316,25,08,24,043,22,22,19,302,25*7F
$GPGSV,3,3,12,19,12,240,26,09,10,199,,13,08,309,28,03,03,142,*77
$GPRMC,163756.000,A,2632.6876,N,07703.3400,W,0.17,142.81,220324,,,A*7F
$GPVTG,142.81,T,,M,0.17,N,0.3,K,A*06
$GPGGA,163801.000,2632.6872,N,07703.3400,W,1,05,2.2,18.7,M,-33.0,M,,0000*5F
$GPGSA,A,3,02,21,22,07,13,,,,,,,,2.4,2.2,1.0*31
$GPGSV,3,1,12,07,77,207,28,02,61,083,28,30,58,304,17,21,48,061,29*78
$GPGSV,3,2,12,17,37,254,20,14,35,316,25,08,24,043,22,22,19,302,25*7F
$GPGSV,3,3,12,19,12,240,26,09,10,199,,13,08,309,28,03,03,142,*77
$GPRMC,163801.000,A,2632.6872,N,07703.3400,W,0.09,151.97,220324,,,A*7C
$GPVTG,151.97,T,,M,0.09,N,0.2,K,A*0D
$GPGGA,163806.000,2632.6870,N,07703.3400,W,1,05,2.2,18.1,M,-33.0,M,,0000*5C
$GPGSA,A,3,02,21,22,07,13,,,,,,,,2.4,2.2,1.0*31
$GPGSV,3,1,12,07,77,207,28,02,61,083,28,30,58,304,16,21,48,061,30*71
$GPGSV,3,2,12,17,37,254,21,14,35,316,25,08,24,043,22,22,19,302,24*7F
$GPGSV,3,3,12,19,12,240,26,09,10,199,,13,08,309,28,03,03,142,*77
$GPRMC,163806.000,A,2632.6870,N,07703.3400,W,0.13,251.71,220324,,,A*79
$GPVTG,251.71,T,,M,0.13,N,0.2,K,A*0D
$GPGGA,163811.000,2632.6864,N,07703.3400,W,1,05,2.2,17.1,M,-33.0,M,,0000*50
$GPGSA,A,3,02,21,22,07,13,,,,,,,,2.4,2.2,1.0*31
$GPGSV,3,1,12,07,77,207,28,02,61,083,28,30,58,304,16,21,48,061,30*71
$GPGSV,3,2,12,17,37,254,22,14,35,316,24,08,24,043,23,22,19,302,23*7B
$GPGSV,3,3,12,19,12,240,26,09,10,199,,13,08,309,28,03,03,142,*77
$GPRMC,163811.000,A,2632.6864,N,07703.3400,W,0.10,156.19,220324,,,A*73
$GPVTG,156.19,T,,M,0.10,N,0.2,K,A*04
$GPGGA,163816.000,2632.6860,N,07703.3400,W,1,05,2.2,16.1,M,-33.0,M,,0000*52
$GPGSA,A,3,02,21,22,07,13,,,,,,,,2.4,2.2,1.0*31
$GPGSV,3,1,12,07,77,207,28,02,61,082,28,30,58,304,17,21,48,060,30*70
$GPGSV,3,2,12,17,37,254,21,14,35,316,25,08,24,043,23,22,19,303,23*78
$GPGSV,3,3,12,19,12,240,26,09,10,199,,13,08,309,28,03,03,141,*74
$GPVTG,138.85,T,,M,0.28,N,0.5,K,A*05
$GPGGA,163821.000,2632.6855,N,07703.3393,W,1,05,2.2,13.1,M,-33.0,M,,0000*58
$GPGSA,A,3,02,21,22,07,13,,,,,,,,2.4,2.2,1.0*31
$GPGSV,3,1,12,07,77,207,23,02,61,082,23,30,58,304,17,21,48,060,27*76
$GPGSV,3,2,12,17,37,254,21,14,35,316,13,08,24,043,23,22,19,303,22*7C
$GPGSV,3,3,12,19,12,240,25,09,10,199,,13,08,309,15,03,03,141,*79
$GPRMC,163821.000,A,2632.6855,N,07703.3393,W,0.67,327.65,220324,,,A*70
$GPVTG,327.65,T,,M,0.67,N,1.2,K,A*0A
$GPGGA,163826.000,2632.6845,N,07703.3383,W,1,05,2.2,6.5,M,-33.0,M,,0000*6F
$GPGSA,A,3,02,21,22,07,13,,,,,,,,2.4,2.2,1.0*31
$GPGSV,3,1,12,07,77,207,27,02,61,082,27,30,58,304,16,21,48,060,29*79
$GPGSV,3,2,12,17,37,254,21,14,35,316,20,08,24,043,23,22,19,303,22*7C
$GPGSV,3,3,12,19,12,240,25,09,10,199,,13,08,309,15,03,03,141,*79
$GPRMC,163826.000,A,2632.6845,N,07703.3383,W,0.50,336.98,220324,,,A*71
$GPVTG,336.98,T,,M,0.50,N,0.9,K,A*06
$GPGGA,163831.000,2632.6840,N,07703.3379,W,1,05,2.2,1.5,M,-33.0,M,,0000*6E
$GPGSA,A,3,02,21,22,07,13,,,,,,,,2.4,2.2,1.0*31
$GPGSV,3,1,12,07,77,207,27,02,61,082,27,30,58,304,14,21,48,060,29*7B
$GPGSV,3,2,12,17,37,254,21,14,35,316,21,08,24,043,24,22,19,303,22*7A
$GPGSV,3,3,12,19,12,240,24,09,10,199,,13,08,309,15,03,03,141,*78
$GPRMC,163831.000,A,2632.6840,N,07703.3379,W,0.33,137.25,220324,,,A*77
$GPVTG,137.25,T,,M,0.33,N,0.6,K,A*09
$GPGGA,163836.000,2632.6833,N,07703.3376,W,1,05,2.2,-1.3,M,-33.0,M,,0000*49
$GPGSA,A,3,02,21,22,07,13,,,,,,,,2.4,2.2,1.0*31
$GPGSV,3,1,12,07,77,207,27,02,61,082,28,30,58,304,14,21,48,060,29*74
$GPGSV,3,2,12,17,37,254,20,14,35,316,21,08,24,043,24,22,19,303,22*7B
$GPGSV,3,3,12,19,12,240,24,09,10,199,17,13,08,309,14,03,03,141,*7F
$GPRMC,163836.000,A,2632.6833,N,07703.3376,W,0.41,338.17,220324,,,A*72
$GPVTG,338.17,T,,M,0.41,N,0.8,K,A*0E
$GPGGA,163841.000,2632.6822,N,07703.3370,W,1,05,2.2,-3.8,M,-33.0,M,,0000*46
$GPGSA,A,3,02,21,22,07,13,,,,,,,,2.4,2.2,1.0*31
$GPGSV,3,1,12,07,77,207,27,02,61,082,28,30,58,304,15,21,48,060,29*75
$GPGSV,3,2,12,17,37,254,20,14,35,316,21,08,24,043,24,22,19,303,22*7B
$GPGSV,3,3,12,19,12,240,24,09,10,199,17,13,08,309,15,03,03,141,*7E
$GPRMC,163841.000,A,2632.6822,N,07703.3370,W,0.19,114.68,220324,,,A*7D
$GPVTG,114.68,T,,M,0.19,N,0.4,K,A*0B
$GPGGA,163846.000,2632.6812,N,07703.3366,W,1,05,2.2,-5.2,M,-33.0,M,,0000*49
$GPGSA,A,3,02,21,22,07,13,,,,,,,,2.4,2.2,1.0*31
$GPGSV,3,1,12,07,77,206,28,02,61,082,28,30,58,303,15,21,48,060,29*7C
$GPGSV,3,2,12,17,37,254,20,14,35,317,20,08,24,043,24,22,19,303,22*7B
$GPGSV,3,3,12,19,12,240,24,09,10,199,16,13,08,309,16,03,03,141,*7C
$GPRMC,163846.000,A,2632.6812,N,07703.3366,W,0.27,138.84,220324,,,A*7F
$GPVTG,138.84,T,,M,0.27,N,0.5,K,A*0B
$GPGGA,163851.000,2632.6797,N,07703.3359,W,1,05,2.2,-6.3,M,-33.0,M,,0000*43
$GPGSA,A,3,02,21,22,07,13,,,,,,,,2.4,2.2,1.0*31
$GPGSV,3,1,12,07,77,206,28,02,61,082,29,30,58,303,17,21,48,060,29*7F
$GPGSV,3,2,12,17,37,254,20,14,35,317,20,08,24,043,24,22,19,303,22*7B
$GPGSV,3,3,12,19,12,240,24,09,10,199,16,13,08,309,15,03,03,141,*7F
$GPVTG,148.37,T,,M,0.93,N,1.7,K,A*08
$GPGGA,163856.000,2632.6794,N,07703.3360,W,1,05,2.2,-6.1,M,-33.0,M,,0000*4F
$GPGSA,A,3,02,21,22,07,13,,,,,,,,2.4,2.2,1.0*31
$GPGSV,3,1,12,07,77,206,28,02,61,082,29,30,58,303,17,21,48,060,29*7F
$GPGSV,3,2,12,17,37,254,20,14,35,317,19,08,24,043,24,22,19,303,21*72
$GPGSV,3,3,12,19,12,240,24,09,10,199,16,13,08,309,15,03,03,141,*7F
$GPRMC,163856.000,A,2632.6794,N,07703.3360,W,0.99,146.36,220324,,,A*7C
$GPVTG,146.36,T,,M,0.99,N,1.8,K,A*02
$GPGGA,163901.000,2632.6784,N,07703.3355,W,1,05,2.2,-6.4,M,-33.0,M,,0000*4E
$GPGSA,A,3,02,21,22,07,13,,,,,,,,2.4,2.2,1.0*31
$GPGSV,3,1,12,07,77,206,27,02,61,082,30,30,58,303,16,21,48,060,29*79
$GPGSV,3,2,12,17,37,254,20,14,35,317,20,08,24,043,25,22,19,303,24*7C
$GPGSV,3,3,12,19,12,240,24,09,10,199,16,13,08,309,16,03,03,141,*7C
$GPRMC,163901.000,A,2632.6784,N,07703.3355,W,0.34,72.50,220324,,,A*49
$GPVTG,72.50,T,,M,0.34,N,0.6,K,A*3C
$GPGGA,163906.000,2632.6762,N,07703.3354,W,1,05,2.2,-9.3,M,-33.0,M,,0000*48
$GPGSA,A,3,02,21,22,07,13,,,,,,,,2.4,2.2,1.0*31
$GPGSV,3,1,12,07,77,206,27,02,61,082,30,30,58,303,15,21,48,060,29*7A
$GPGSV,3,2,12,17,37,254,15,14,35,317,20,08,24,043,24,22,19,303,27*78
$GPGSV,3,3,12,19,12,240,25,09,10,199,14,13,08,309,18,03,03,141,*71
$GPRMC,163906.000,A,2632.6762,N,07703.3354,W,0.53,175.64,220324,,,A*77
$GPVTG,175.64,T,,M,0.53,N,1.0,K,A*0B
$GPGGA,163911.000,2632.6757,N,07703.3359,W,1,05,2.2,-8.6,M,-33.0,M,,0000*41
$GPGSA,A,3,02,21,22,07,13,,,,,,,,2.4,2.2,1.0*31
$GPGSV,3,1,12,07,77,206,27,02,61,082,30,30,58,303,,21,48,060,29*7E
$GPGSV,3,2,12,17,37,254,15,14,35,317,21,08,24,043,24,22,19,303,26*78
$GPGSV,3,3,12,19,12,240,26,09,10,199,,13,08,309,20,03,03,141,*7C
$GPRMC,163911.000,A,2632.6757,N,07703.3359,W,0.18,167.86,220324,,,A*7A
$GPVTG,167.86,T,,M,0.18,N,0.3,K,A*09
$GPGGA,163916.000,2632.6756,N,07703.3360,W,1,05,2.2,-9.8,M,-33.0,M,,0000*42
$GPGSA,A,3,02,21,22,07,13,,,,,,,,2.4,2.2,1.0*31
$GPGSV,3,1,12,07,77,205,27,02,61,081,30,30,58,303,,21,47,060,28*70
$GPGSV,3,2,12,17,38,255,15,14,35,317,22,08,24,043,24,22,19,303,27*74
$GPGSV,3,3,12,19,12,240,27,09,10,198,,13,08,308,26,03,03,141,*7B
$GPRMC,163916.000,A,2632.6756,N,07703.3360,W,0.13,72.33,220324,,,A*46
$GPVTG,72.33,T,,M,0.13,N,0.2,K,A*38
$GPGGA,163921.000,2632.6745,N,07703.3358,W,1,05,2.2,-10.2,M,-33.0,M,,0000*7D
$GPGSA,A,3,02,21,22,07,13,,,,,,,,2.4,2.2,1.0*31
$GPGSV,3,1,12,07,77,205,27,02,61,081,29,30,58,303,,21,47,060,28*78
$GPGSV,3,2,12,17,38,255,17,14,35,317,21,08,24,043,24,22,19,303,26*74
$GPGSV,3,3,12,19,12,240,27,09,10,198,,13,08,308,25,03,03,141,*78
$GPVTG,62.44,T,,M,0.40,N,0.7,K,A*3A
$GPGGA,163926.000,2632.6740,N,07703.3357,W,1,05,2.2,-11.1,M,-33.0,M,,0000*72
$GPGSA,A,3,02,21,22,07,13,,,,,,,,2.4,2.2,1.0*31
$GPGSV,3,1,12,07,77,205,26,02,61,081,29,30,58,303,,21,47,060,27*76
$GPGSV,3,2,12,17,38,255,19,14,35,317,20,08,24,043,24,22,19,303,26*7B
$GPGSV,3,3,12,19,12,240,27,09,10,198,,13,08,308,25,03,03,141,*78
$GPRMC,163926.000,A,2632.6740,N,07703.3357,W,0.10,148.90,220324,,,A*74
$GPVTG,148.90,T,,M,0.10,N,0.2,K,A*0A
$GPGGA,163931.000,2632.6721,N,07703.3356,W,1,05,2.2,-12.4,M,-33.0,M,,0000*74
$GPGSA,A,3,02,21,22,07,13,,,,,,,,2.4,2.2,1.0*31
$GPGSV,3,1,12,07,77,205,27,02,61,081,28,30,58,303,,21,47,060,28*79
$GPGSV,3,2,12,17,38,255,19,14,35,317,27,08,24,043,24,22,19,303,24*7E
$GPGSV,3,3,12,19,12,240,27,09,10,198,,13,08,308,25,03,03,141,*78
$GPRMC,163931.000,A,2632.6721,N,07703.3356,W,0.19,148.05,220324,,,A*71
$GPVTG,148.05,T,,M,0.19,N,0.4,K,A*09
$GPGGA,163936.000,2632.6715,N,07703.3360,W,1,05,2.2,-12.5,M,-33.0,M,,0000*70
$GPGSA,A,3,02,21,22,07,13,,,,,,,,2.4,2.2,1.0*31
$GPGSV,3,1,12,07,77,205,27,02,61,081,29,30,58,303,,21,47,060,29*79
$GPGSV,3,2,12,17,38,255,19,14,35,317,27,08,24,043,25,22,19,303,25*7E
$GPGSV,3,3,12,19,12,240,27,09,10,198,,13,08,308,26,03,03,141,*7B
$GPRMC,163936.000,A,2632.6715,N,07703.3360,W,0.14,109.18,220324,,,A*70
$GPVTG,109.18,T,,M,0.14,N,0.3,K,A*0A
$GPGGA,163941.000,2632.6709,N,07703.3356,W,1,05,2.2,-14.3,M,-33.0,M,,0000*78
$GPGSA,A,3,02,21,22,07,13,,,,,,,,2.4,2.2,1.0*31
$GPGSV,3,1,12,07,77,205,28,02,61,081,30,30,58,303,,21,47,060,29*7E
$GPGSV,3,2,12,17,38,255,20,14,35,317,28,08,24,043,25,22,19,303,26*78
$GPGSV,3,3,12,19,12,240,27,09,10,198,,13,08,308,25,03,03,141,*78
$GPRMC,163941.000,A,2632.6709,N,07703.3356,W,0.14,96.81,220324,,,A*4F
$GPVTG,96.81,T,,M,0.14,N,0.3,K,A*3D
$GPGGA,163946.000,2632.6705,N,07703.3352,W,1,05,2.2,-16.6,M,-33.0,M,,0000*70
$GPGSA,A,3,02,21,22,07,13,,,,,,,,2.4,2.2,1.0*31
$GPGSV,3,1,12,07,77,205,28,02,61,081,30,30,58,303,,21,47,060,30*76
$GPGSV,3,2,12,17,38,255,20,14,35,317,28,08,24,043,26,22,19,303,26*7B
$GPGSV,3,3,12,19,12,240,26,09,10,198,,13,08,308,25,03,03,141,*79
$GPRMC,163946.000,A,2632.6705,N,07703.3352,W,0.14,81.93,220324,,,A*45
$GPVTG,81.93,T,,M,0.14,N,0.3,K,A*38
$GPGGA,163951.000,2632.6700,N,07703.3350,W,1,05,2.2,-19.4,M,-33.0,M,,0000*7C
$GPGSA,A,3,02,21,22,07,13,,,,,,,,2.4,2.2,1.0*31
$GPGSV,3,1,12,07,77,205,28,02,61,081,30,30,58,303,,21,47,060,30*76
$GPGSV,3,2,12,17,38,255,21,14,35,317,28,08,24,043,26,22,19,303,26*7A
$GPGSV,3,3,12,19,12,240,26,09,10,198,,13,08,308,25,03,03,141,*79
$GPVTG,350.81,T,,M,0.09,N,0.2,K,A*09
$GPGGA,163956.000,2632.6698,N,07703.3345,W,1,05,2.2,-21.2,M,-33.0,M,,0000*72
$GPGSA,A,3,02,21,22,07,13,,,,,,,,2.4,2.2,1.0*31
$GPGSV,3,1,12,07,77,205,27,02,61,081,30,30,58,303,,21,47,060,30*79
$GPGSV,3,2,12,17,38,255,22,14,35,317,28,08,24,043,26,22,19,303,27*78
$GPGSV,3,3,12,19,12,240,26,09,10,198,,13,08,308,24,03,03,141,*78
$GPRMC,163956.000,A,2632.6698,N,07703.3345,W,0.09,115.67,220324,,,A*7C
$GPVTG,115.67,T,,M,0.09,N,0.2,K,A*02
$GPGGA,164001.000,2632.6763,N,07703.3367,W,1,06,3.1,-7.1,M,-33.0,M,,0000*4D
$GPGSA,A,3,02,21,22,07,13,14,,,,,,,4.8,3.1,3.7*39
$GPGSV,3,1,12,07,76,204,27,02,61,080,30,30,58,302,,21,47,059,30*73
$GPGSV,3,2,12,17,38,255,23,14,35,317,29,08,23,044,26,22,19,303,27*78
$GPGSV,3,3,12,19,13,241,25,09,10,198,,13,08,308,24,03,04,141,*7C
$GPRMC,164001.000,A,2632.6763,N,07703.3367,W,0.26,2.90,220324,,,A*77
$GPVTG,2.90,T,,M,0.26,N,0.5,K,A*07
$GPGGA,164006.000,2632.6799,N,07703.3387,W,1,06,3.1,4.9,M,-33.0,M,,0000*67
$GPGSA,A,3,02,21,22,07,13,14,,,,,,,4.8,3.1,3.7*39
$GPGSV,3,1,12,07,76,204,27,02,61,080,30,30,58,302,,21,47,059,29*7B
$GPGSV,3,2,12,17,38,255,23,14,35,317,29,08,23,044,26,22,19,303,27*78
$GPGSV,3,3,12,19,13,241,18,09,10,198,,13,08,308,24,03,04,141,*72
$GPRMC,164006.000,A,2632.6799,N,07703.3387,W,0.28,327.87,220324,,,A*77
$GPVTG,327.87,T,,M,0.28,N,0.5,K,A*0B
$GPGGA,164011.000,2632.6820,N,07703.3393,W,1,06,3.1,10.6,M,-33.0,M,,0000*53
$GPGSA,A,3,02,21,22,07,13,14,,,,,,,4.8,3.1,3.7*39
$GPGSV,3,1,12,07,76,204,25,02,61,080,30,30,58,302,,21,47,059,28*78
$GPGSV,3,2,12,17,38,255,23,14,35,317,29,08,23,044,26,22,19,303,27*78
$GPGSV,3,3,12,19,13,241,16,09,10,198,,13,08,308,25,03,04,141,*7D
$GPRMC,164011.000,A,2632.6820,N,07703.3393,W,0.67,0.83,220324,,,A*70
$GPVTG,0.83,T,,M,0.67,N,1.2,K,A*04
$GPGGA,164016.000,2632.6841,N,07703.3390,W,1,06,3.1,12.0,M,-33.0,M,,0000*54
$GPGSA,A,3,02,21,22,07,13,14,,,,,,,4.8,3.1,3.7*39
$GPGSV,3,1,12,07,76,204,24,02,61,080,30,30,58,302,,21,47,059,28*79
$GPGSV,3,2,12,17,38,255,23,14,35,317,29,08,23,044,26,22,19,303,27*78
$GPGSV,3,3,12,19,13,241,16,09,10,198,,13,08,308,24,03,04,141,*7C
$GPRMC,164016.000,A,2632.6841,N,07703.3390,W,1.77,14.66,220324,,,A*4D
$GPVTG,14.66,T,,M,1.77,N,3.3,K,A*39
$GPGGA,164021.000,2632.6837,N,07703.3394,W,1,06,3.1,12.9,M,-33.0,M,,0000*5C
$GPGSA,A,3,02,21,22,07,13,14,,,,,,,4.8,3.1,3.7*39
$GPGSV,3,1,12,07,76,204,24,02,61,080,30,30,58,302,,21,47,059,27*76
$GPGSV,3,2,12,17,38,255,23,14,35,317,30,08,23,044,26,22,19,303,27*70
$GPGSV,3,3,12,19,13,241,,09,10,198,,13,08,308,24,03,04,141,*7B
$GPVTG,202.18,T,,M,1.32,N,2.4,K,A*02
$GPGGA,164026.000,2632.6853,N,07703.3387,W,1,06,3.0,12.6,M,-33.0,M,,0000*55
$GPGSA,A,3,02,21,22,07,13,14,,,,,,,4.8,3.0,3.7*38
$GPGSV,3,1,12,07,76,204,23,02,61,080,30,30,58,302,,21,47,059,27*71
$GPGSV,3,2,12,17,38,255,23,14,35,317,29,08,23,044,27,22,19,303,26*78
$GPGSV,3,3,12,19,13,241,,09,10,198,,13,08,308,24,03,04,141,*7B
$GPRMC,164026.000,A,2632.6853,N,07703.3387,W,0.24,32.69,220324,,,A*47
$GPVTG,32.69,T,,M,0.24,N,0.4,K,A*31
$GPGGA,164031.000,2632.6831,N,07703.3391,W,1,05,4.8,11.6,M,-33.0,M,,0000*5F
$GPGSA,A,3,02,21,22,13,14,,,,,,,,6.1,4.8,3.8*34
$GPGSV,3,1,12,07,76,204,15,02,61,080,30,30,58,302,,21,47,059,22*71
$GPGSV,3,2,12,17,38,255,23,14,35,317,30,08,23,044,17,22,19,303,26*73
$GPGSV,3,3,12,19,13,241,,09,10,198,,13,08,308,25,03,04,141,*7A
$GPRMC,164031.000,A,2632.6831,N,07703.3391,W,1.39,198.12,220324,,,A*72
$GPVTG,198.12,T,,M,1.39,N,2.6,K,A*01
$GPGGA,164036.000,2632.6804,N,07703.3402,W,1,06,3.0,12.3,M,-33.0,M,,0000*59
$GPGSA,A,3,02,21,22,07,13,14,,,,,,,4.8,3.0,3.7*38
$GPGSV,3,1,12,07,76,204,17,02,61,080,29,30,58,302,,21,47,059,23*7A
$GPGSV,3,2,12,17,38,255,20,14,35,317,30,08,23,044,16,22,19,303,25*72
$GPGSV,3,3,12,19,13,241,,09,10,198,,13,08,308,25,03,04,141,*7A
$GPRMC,164036.000,A,2632.6804,N,07703.3402,W,0.33,153.14,220324,,,A*74
$GPVTG,153.14,T,,M,0.33,N,0.6,K,A*09
$GPGGA,164041.000,2632.6791,N,07703.3409,W,1,05,4.8,14.9,M,-33.0,M,,0000*51
$GPGSA,A,3,02,21,22,13,14,,,,,,,,6.1,4.8,3.8*34
$GPGSV,3,1,12,07,76,203,17,02,60,080,29,30,59,302,,21,47,059,17*7A
$GPGSV,3,2,12,17,38,255,19,14,35,317,30,08,23,044,17,22,19,303,25*79
$GPGSV,3,3,12,19,13,241,,09,09,198,,13,08,308,25,03,04,140,*73
$GPRMC,164041.000,A,2632.6791,N,07703.3409,W,0.62,58.32,220324,,,A*46
$GPVTG,58.32,T,,M,0.62,N,1.1,K,A*35
$GPGGA,164046.000,2632.6786,N,07703.3409,W,1,06,3.0,13.8,M,-33.0,M,,0000*5A
$GPGSA,A,3,02,21,22,07,13,14,,,,,,,4.7,3.0,3.7*37
$GPGSV,3,1,12,07,76,203,18,02,60,080,29,30,59,302,22,21,47,059,18*7A
$GPGSV,3,2,12,17,38,255,20,14,35,317,29,08,23,044,17,22,19,304,25*7C
$GPGSV,3,3,12,19,13,241,,09,09,198,,13,08,308,25,03,04,140,*73
$GPRMC,164046.000,A,2632.6786,N,07703.3409,W,0.42,192.63,220324,,,A*76
$GPVTG,192.63,T,,M,0.42,N,0.8,K,A*0C
$GPGGA,164051.000,2632.6778,N,07703.3420,W,1,05,3.4,14.7,M,-33.0,M,,0000*59
$GPGSA,A,3,02,22,07,13,14,,,,,,,,5.0,3.4,3.7*36
$GPGSV,3,1,12,07,76,203,18,02,60,080,29,30,59,302,20,21,47,059,18*78
$GPGSV,3,2,12,17,38,255,20,14,35,317,29,08,23,044,16,22,19,304,25*7D
$GPGSV,3,3,12,19,13,241,,09,09,198,,13,08,308,24,03,04,140,*72
$GPVTG,197.73,T,,M,1.86,N,3.4,K,A*0E
$GPGGA,164056.000,2632.6759,N,07703.3430,W,1,05,3.4,14.4,M,-33.0,M,,0000*5F
$GPGSA,A,3,02,22,07,13,14,,,,,,,,5.0,3.4,3.7*36
$GPGSV,3,1,12,07,76,203,19,02,60,080,29,30,59,302,19,21,47,059,17*7C
$GPGSV,3,2,12,17,38,255,20,14,35,317,30,08,23,044,16,22,19,304,20*70
$GPGSV,3,3,12,19,13,241,,09,09,198,,13,08,308,24,03,04,140,*72
$GPRMC,164056.000,A,2632.6759,N,07703.3430,W,0.28,59.72,220324,,,A*45
$GPVTG,59.72,T,,M,0.28,N,0.5,K,A*3B
$GPGGA,164101.000,2632.6781,N,07703.3415,W,1,06,3.0,15.3,M,-33.0,M,,0000*5F
$GPGSA,A,3,02,21,22,07,13,14,,,,,,,4.7,3.0,3.7*37
$GPGSV,3,1,12,07,76,203,20,02,60,080,29,30,59,302,19,21,47,059,27*75
$GPGSV,3,2,12,17,38,255,20,14,35,317,23,08,23,044,15,22,19,304,20*71
$GPGSV,3,3,12,19,13,241,,09,09,198,19,13,08,308,25,03,04,140,*7B
$GPRMC,164101.000,A,2632.6781,N,07703.3415,W,0.81,16.93,220324,,,A*43
$GPVTG,16.93,T,,M,0.81,N,1.5,K,A*3D
$GPGGA,164106.000,2632.6786,N,07703.3421,W,1,06,3.0,16.6,M,-33.0,M,,0000*5E
$GPGSA,A,3,02,21,22,07,13,14,,,,,,,4.7,3.0,3.7*37
$GPGSV,3,1,12,07,76,203,21,02,60,080,29,30,59,302,21,21,47,059,19*72
$GPGSV,3,2,12,17,38,255,21,14,35,317,24,08,23,044,21,22,19,304,26*76
$GPGSV,3,3,12,19,13,241,,09,09,198,19,13,08,308,25,03,04,140,*7B
$GPRMC,164106.000,A,2632.6786,N,07703.3421,W,0.15,285.99,220324,,,A*7B
$GPVTG,285.99,T,,M,0.15,N,0.3,K,A*05
$GPGGA,164111.000,2632.6790,N,07703.3437,W,1,06,3.0,19.2,M,-33.0,M,,0000*53
$GPGSA,A,3,02,21,22,07,13,14,,,,,,,4.7,3.0,3.6*36
$GPGSV,3,1,12,07,76,203,22,02,60,080,29,30,59,302,25,21,47,059,26*79
$GPGSV,3,2,12,17,38,255,21,14,35,317,26,08,23,044,28,22,19,304,23*78
$GPGSV,3,3,12,19,13,241,,09,09,198,07,13,08,308,26,03,04,140,*77
$GPRMC,164111.000,A,2632.6790,N,07703.3437,W,1.04,197.87,220324,,,A*73
$GPVTG,197.87,T,,M,1.04,N,1.9,K,A*00
$GPGGA,164116.000,2632.6806,N,07703.3428,W,1,06,3.0,17.0,M,-33.0,M,,0000*56
$GPGSA,A,3,02,21,22,07,13,14,,,,,,,4.7,3.0,3.6*36
$GPGSV,3,1,12,07,76,203,21,02,60,080,30,30,59,302,25,21,47,059,26*72
$GPGSV,3,2,12,17,38,255,22,14,35,317,27,08,23,044,28,22,19,304,23*7A
$GPGSV,3,3,12,19,13,241,21,09,09,198,,13,08,308,27,03,04,140,*72
$GPRMC,164116.000,A,2632.6806,N,07703.3428,W,0.98,30.28,220324,,,A*47
$GPVTG,30.28,T,,M,0.98,N,1.8,K,A*3C
$GPGGA,164121.000,2632.6820,N,07703.3415,W,1,06,3.0,15.4,M,-33.0,M,,0000*5E
$GPGSA,A,3,02,21,22,07,13,14,,,,,,,4.7,3.0,3.6*36
$GPGSV,3,1,12,07,76,203,21,02,60,080,30,30,59,302,24,21,47,059,26*73
$GPGSV,3,2,12,17,38,255,22,14,35,317,28,08,23,044,28,22,19,304,23*75
$GPRMC,164121.000,A,2632.6820,N,07703.3415,W,0.20,181.36,220324,,,A*7E
$GPVTG,181.36,T,,M,0.20,N,0.4,K,A*06
$GPGGA,164126.000,2632.6822,N,07703.3409,W,1,06,3.0,12.0,M,-33.0,M,,0000*55
$GPGSA,A,3,02,21,22,07,13,14,,,,,,,4.7,3.0,3.6*36
$GPGSV,3,1,12,07,76,203,21,02,60,080,30,30,59,302,24,21,47,059,26*73
$GPGSV,3,2,12,17,38,255,23,14,35,317,28,08,23,044,28,22,19,304,23*74
$GPGSV,3,3,12,19,13,241,20,09,09,198,,13,08,308,28,03,04,140,*7C
$GPRMC,164126.000,A,2632.6822,N,07703.3409,W,0.66,184.14,220324,,,A*71
$GPGGA,164131.000,2632.6806,N,07703.3410,W,1,07,2.9,9.3,M,-33.0,M,,0000*6D
$GPGSA,A,3,02,21,22,07,08,13,14,,,,,,4.4,2.9,3.3*30
$GPGSV,3,1,12,07,76,202,21,02,60,079,30,30,59,301,24,21,47,058,25*75
$GPGSV,3,2,12,17,38,256,23,14,36,318,28,08,23,044,28,22,20,304,23*71
$GPGSV,3,3,12,19,13,241,18,09,09,198,,13,08,307,28,03,04,140,*78
$GPRMC,164131.000,A,2632.6806,N,07703.3410,W,1.08,169.47,220324,,,A*75
$GPVTG,169.47,T,,M,1.08,N,2.0,K,A*0B
$GPGGA,164136.000,2632.6795,N,07703.3406,W,1,07,2.8,4.6,M,-33.0,M,,0000*61
$GPGSA,A,3,02,21,22,07,08,13,14,,,,,,4.4,2.8,3.3*31
$GPGSV,3,1,12,07,76,202,21,02,60,079,31,30,59,301,25,21,47,058,25*75
$GPGSV,3,2,12,17,38,256,24,14,36,318,28,08,23,044,28,22,20,304,23*76
$GPGSV,3,3,12,19,13,241,17,09,09,198,,13,08,307,28,03,04,140,*77
$GPRMC,164136.000,A,2632.6795,N,07703.3406,W,1.04,191.31,220324,,,A*7A
$GPVTG,191.31,T,,M,1.04,N,1.9,K,A*0B
$GPGGA,164141.000,2632.6777,N,07703.3396,W,1,07,2.8,-1.7,M,-33.0,M,,0000*4A
$GPGSA,A,3,02,21,22,07,08,13,14,,,,,,4.4,2.8,3.3*31
$GPGSV,3,1,12,07,76,202,21,02,60,079,31,30,59,301,25,21,47,058,25*75
$GPGSV,3,2,12,17,38,256,24,14,36,318,28,08,23,044,28,22,20,304,23*76
$GPGSV,3,3,12,19,13,241,16,09,09,198,,13,08,307,28,03,04,140,*76
$GPRMC,164141.000,A,2632.6777,N,07703.3396,W,1.25,167.30,220324,,,A*73
$GPVTG,167.30,T,,M,1.25,N,2.3,K,A*09
$GPGGA,164146.000,2632.6769,N,07703.3392,W,1,07,2.8,-4.6,M,-33.0,M,,0000*42
$GPGSA,A,3,02,21,22,07,08,13,14,,,,,,4.4,2.8,3.3*31
$GPGSV,3,1,12,07,76,202,21,02,60,079,31,30,59,301,25,21,47,058,25*75
$GPGSV,3,2,12,17,38,256,24,14,36,318,27,08,23,044,28,22,20,304,23*79
$GPGSV,3,3,12,19,13,241,16,09,09,198,,13,08,307,28,03,04,140,*76
$GPRMC,164146.000,A,2632.6769,N,07703.3392,W,0.99,167.21,220324,,,A*79
$GPVTG,167.21,T,,M,0.99,N,1.8,K,A*07
$GPGGA,164151.000,2632.6765,N,07703.3394,W,1,07,2.8,-5.8,M,-33.0,M,,0000*41
$GPGSA,A,3,02,21,22,07,08,13,14,,,,,,4.4,2.8,3.3*31
$GPGSV,3,1,12,07,76,202,22,02,60,079,31,30,59,301,25,21,47,058,25*76
$GPGSV,3,2,12,17,38,256,24,14,36,318,27,08,23,044,28,22,20,304,23*79
$GPGSV,3,3,12,19,13,241,15,09,09,198,,13,08,307,28,03,04,140,*75
$GPRMC,164151.000,A,2632.6765,N,07703.3394,W,0.79,154.00,220324,,,A*78
$GPVTG,154.00,T,,M,0.79,N,1.5,K,A*07
$GPGGA,164156.000,2632.6756,N,07703.3398,W,1,07,2.8,-9.2,M,-33.0,M,,0000*4C
$GPGSA,A,3,02,21,22,07,08,13,14,,,,,,4.4,2.8,3.3*31
$GPGSV,3,1,12,07,76,202,22,02,60,079,31,30,59,301,24,21,47,058,25*77
$GPGSV,3,2,12,17,38,256,24,14,36,318,27,08,23,044,28,22,20,304,22*78
$GPGSV,3,3,12,19,13,241,15,09,09,198,,13,08,307,28,03,04,140,*75
$GPVTG,133.11,T,,M,0.44,N,0.8,K,A*04
$GPGGA,164201.000,2632.6772,N,07703.3391,W,1,07,2.8,-7.3,M,-33.0,M,,0000*4D
$GPGSA,A,3,02,21,22,07,08,13,14,,,,,,4.3,2.8,3.3*36
$GPGSV,3,1,12,07,76,202,21,02,60,079,31,30,59,301,24,21,47,058,25*74
$GPGSV,3,2,12,17,38,256,24,14,36,318,27,08,23,044,28,22,20,304,23*79
$GPGSV,3,3,12,19,13,241,15,09,09,198,,13,08,307,28,03,04,140,*75
$GPRMC,164201.000,A,2632.6772,N,07703.3391,W,0.54,181.10,220324,,,A*7B
$GPVTG,181.10,T,,M,0.54,N,1.0,K,A*04
$GPGGA,164206.000,2632.6785,N,07703.3391,W,1,07,2.8,-6.5,M,-33.0,M,,0000*45
$GPGSA,A,3,02,21,22,07,08,13,14,,,,,,4.3,2.8,3.3*36
$GPGSV,3,1,12,07,76,202,20,02,60,079,31,30,59,301,24,21,47,058,25*75
$GPGSV,3,2,12,17,38,256,24,14,36,318,26,08,23,044,28,22,20,304,23*78
$GPGSV,3,3,12,19,13,241,15,09,09,198,,13,08,307,28,03,04,140,*75
$GPRMC,164206.000,A,2632.6785,N,07703.3391,W,0.52,15.27,220324,,,A*4A
$GPVTG,15.27,T,,M,0.52,N,1.0,K,A*3A
$GPGGA,164211.000,2632.6798,N,07703.3391,W,1,07,2.8,-3.0,M,-33.0,M,,0000*4F
$GPGSA,A,3,02,21,22,07,08,13,14,,,,,,4.3,2.8,3.3*36
$GPGSV,3,1,12,07,75,202,20,02,60,078,31,30,59,301,24,21,47,058,25*77
$GPGSV,3,2,12,17,38,256,25,14,36,318,26,08,23,044,28,22,20,304,23*79
$GPGSV,3,3,12,19,13,241,,09,09,198,,13,08,307,28,03,04,140,*71
$GPRMC,164211.000,A,2632.6798,N,07703.3391,W,0.10,32.76,220324,,,A*47
$GPVTG,32.76,T,,M,0.10,N,0.2,K,A*3E
$GPGGA,164216.000,2632.6811,N,07703.3390,W,1,07,2.8,1.1,M,-33.0,M,,0000*69
$GPGSA,A,3,02,21,22,07,08,13,14,,,,,,4.3,2.8,3.3*36
$GPGSV,3,1,12,07,75,202,21,02,60,078,31,30,59,301,16,21,47,058,25*77
$GPGSV,3,2,12,17,38,256,25,14,36,318,26,08,23,044,28,22,20,304,24*7E
$GPGSV,3,3,12,19,13,241,,09,09,198,,13,08,307,28,03,04,140,*71
$GPRMC,164216.000,A,2632.6811,N,07703.3390,W,0.17,269.44,220324,,,A*75
$GPVTG,269.44,T,,M,0.17,N,0.3,K,A*05
$GPGGA,164221.000,2632.6803,N,07703.3387,W,1,07,2.8,-2.4,M,-33.0,M,,0000*43
$GPGSA,A,3,02,21,22,07,08,13,14,,,,,,4.3,2.8,3.3*36
$GPGSV,3,1,12,07,75,202,21,02,60,078,31,30,59,301,15,21,47,058,25*74
$GPGSV,3,2,12,17,38,256,25,14,36,318,26,08,23,044,28,22,20,304,24*7E
$GPGSV,3,3,12,19,13,241,,09,09,198,,13,08,307,28,03,04,140,*71
$GPRMC,164221.000,A,2632.6803,N,07703.3387,W,0.27,128.85,220324,,,A*7C
$GPVTG,128.85,T,,M,0.27,N,0.5,K,A*0B
$GPGGA,164226.000,2632.6817,N,07703.3387,W,1,07,2.8,0.6,M,-33.0,M,,0000*6C
$GPGSA,A,3,02,21,22,07,08,13,14,,,,,,4.3,2.8,3.3*36
$GPGSV,3,1,12,07,75,202,21,02,60,078,31,30,59,301,15,21,47,058,25*74
$GPGSV,3,2,12,17,38,256,24,14,36,318,25,08,23,044,28,22,20,304,24*7C
$GPGSV,3,3,12,19,13,241,14,09,09,198,,13,08,307,28,03,04,140,*74
$GPVTG,12.63,T,,M,0.90,N,1.7,K,A*34
$GPGGA,164231.000,2632.6805,N,07703.3384,W,1,07,2.8,-1.5,M,-33.0,M,,0000*45
$GPGSA,A,3,02,21,22,07,08,13,14,,,,,,4.3,2.8,3.3*36
$GPGSV,3,1,12,07,75,202,21,02,60,078,31,30,59,301,13,21,47,058,26*71
$GPGSV,3,2,12,17,38,256,24,14,36,318,25,08,23,044,28,22,20,304,24*7C
$GPGSV,3,3,12,19,13,241,13,09,09,198,,13,08,307,27,03,04,140,*7C
$GPRMC,164231.000,A,2632.6805,N,07703.3384,W,0.72,185.21,220324,,,A*71
$GPVTG,185.21,T,,M,0.72,N,1.3,K,A*05
$GPGGA,164236.000,2632.6786,N,07703.3379,W,1,07,2.8,-6.1,M,-33.0,M,,0000*47
$GPGSA,A,3,02,21,22,07,08,13,14,,,,,,4.3,2.8,3.3*36
$GPGSV,3,1,12,07,75,202,20,02,60,078,31,30,59,301,,21,47,058,26*72
$GPGSV,3,2,12,17,38,256,23,14,36,318,25,08,23,044,28,22,20,304,24*7B
$GPGSV,3,3,12,19,13,241,,09,09,198,,13,08,307,27,03,04,140,*7E
$GPRMC,164236.000,A,2632.6786,N,07703.3379,W,0.63,178.94,220324,,,A*7C
$GPVTG,178.94,T,,M,0.63,N,1.2,K,A*08
$GPGGA,164241.000,2632.6786,N,07703.3378,W,1,07,2.8,-5.6,M,-33.0,M,,0000*42
$GPGSA,A,3,02,21,22,07,08,13,14,,,,,,4.3,2.8,3.3*36
$GPGSV,3,1,12,07,75,202,20,02,60,078,30,30,59,301,,21,47,058,26*73
$GPGSV,3,2,12,17,38,256,23,14,36,318,25,08,23,044,28,22,20,304,24*7B
$GPGSV,3,3,12,19,13,241,,09,09,198,,13,08,307,27,03,04,140,*7E
$GPRMC,164241.000,A,2632.6786,N,07703.3378,W,0.56,180.69,220324,,,A*7E
$GPVTG,180.69,T,,M,0.56,N,1.0,K,A*09
$GPGGA,164246.000,2632.6762,N,07703.3374,W,1,07,2.8,-9.5,M,-33.0,M,,0000*4C
$GPGSA,A,3,02,21,22,07,08,13,14,,,,,,4.3,2.8,3.3*36
$GPGSV,3,1,12,07,75,201,19,02,60,078,30,30,59,301,,21,46,058,26*7B
$GPGSV,3,2,12,17,38,256,24,14,36,318,25,08,23,044,28,22,20,304,25*7D
$GPGSV,3,3,12,19,13,242,,09,09,197,,13,08,307,27,03,04,140,*72
$GPRMC,164246.000,A,2632.6762,N,07703.3374,W,0.43,151.72,220324,,,A*7D
$GPVTG,151.72,T,,M,0.43,N,0.8,K,A*02
$GPGGA,164251.000,2632.6752,N,07703.3374,W,1,07,2.8,-10.2,M,-33.0,M,,0000*76
$GPGSA,A,3,02,21,22,07,08,13,14,,,,,,4.3,2.8,3.3*36
$GPGSV,3,1,12,07,75,201,18,02,60,078,30,30,59,301,,21,46,058,26*7A
$GPGSV,3,2,12,17,38,256,24,14,36,318,25,08,23,044,28,22,20,304,25*7D
$GPGSV,3,3,12,19,13,242,,09,09,197,,13,08,307,28,03,04,140,*7D
$GPRMC,164251.000,A,2632.6752,N,07703.3374,W,1.46,176.91,220324,,,A*74
$GPVTG,176.91,T,,M,1.46,N,2.7,K,A*03
$GPGGA,164256.000,2632.6769,N,07703.3381,W,1,07,2.8,-5.5,M,-33.0,M,,0000*40
$GPGSA,A,3,02,21,22,07,08,13,14,,,,,,4.3,2.8,3.2*37
$GPGSV,3,1,12,07,75,201,17,02,60,078,30,30,59,301,,21,46,058,26*75
$GPGSV,3,2,12,17,38,256,24,14,36,318,24,08,23,044,29,22,20,304,26*7E
$GPRMC,164256.000,A,2632.6769,N,07703.3381,W,0.28,29.79,220324,,,A*45
$GPVTG,29.79,T,,M,0.28,N,0.5,K,A*37
$GPGGA,164301.000,2632.6781,N,07703.3381,W,1,07,2.7,-3.5,M,-33.0,M,,0000*4C
$GPGSA,A,3,02,21,22,07,08,13,14,,,,,,4.2,2.7,3.2*39
$GPGSV,3,1,12,07,75,201,16,02,60,078,30,30,59,301,,21,46,058,26*74
$GPGSV,3,2,12,17,38,256,24,14,36,318,24,08,23,044,29,22,20,304,26*7E
$GPGSV,3,3,12,19,13,242,,09,09,197,,13,08,307,27,03,04,140,*72
$GPRMC,164301.000,A,2632.6781,N,07703.3381,W,0.36,204.04,220324,,,A*78
$GPGGA,164306.000,2632.6795,N,07703.3387,W,1,07,2.7,1.0,M,-33.0,M,,0000*62
$GPGSA,A,3,02,21,22,07,08,13,14,,,,,,4.2,2.7,3.2*39
$GPGSV,3,1,12,07,75,201,15,02,60,078,30,30,59,301,,21,46,058,26*77
$GPGSV,3,2,12,17,38,256,23,14,36,318,24,08,23,044,29,22,20,304,26*79
$GPGSV,3,3,12,19,13,242,,09,09,197,,13,08,307,27,03,04,140,*72
$GPRMC,164306.000,A,2632.6795,N,07703.3387,W,0.12,225.41,220324,,,A*78
$GPVTG,225.41,T,,M,0.12,N,0.2,K,A*0C
$GPGGA,164311.000,2632.6781,N,07703.3382,W,1,07,2.7,-0.9,M,-33.0,M,,0000*41
$GPGSA,A,3,02,21,22,07,08,13,14,,,,,,4.2,2.7,3.2*39
$GPGSV,3,1,12,07,75,201,14,02,60,078,30,30,59,301,,21,46,058,26*76
$GPGSV,3,2,12,17,38,256,24,14,36,318,23,08,23,044,29,22,20,304,26*79
$GPGSV,3,3,12,19,13,242,,09,09,197,,13,08,307,27,03,04,140,*72
$GPRMC,164311.000,A,2632.6781,N,07703.3382,W,0.22,75.93,220324,,,A*45
$GPVTG,75.93,T,,M,0.22,N,0.4,K,A*31
$GPGGA,164316.000,2632.6808,N,07703.3389,W,1,07,2.7,3.7,M,-33.0,M,,0000*63
$GPGSA,A,3,02,21,22,07,08,13,14,,,,,,4.2,2.7,3.2*39
$GPGSV,3,1,12,07,75,201,14,02,60,078,31,30,59,301,,21,46,058,26*77
$GPGSV,3,2,12,17,38,256,24,14,36,318,23,08,23,044,29,22,20,304,25*7A
$GPGSV,3,3,12,19,13,242,,09,09,197,,13,08,307,27,03,04,140,*72
$GPRMC,164316.000,A,2632.6808,N,07703.3389,W,0.38,302.94,220324,,,A*78
$GPVTG,302.94,T,,M,0.38,N,0.7,K,A*0D
$GPGGA,164321.000,2632.6821,N,07703.3395,W,1,07,2.7,6.6,M,-33.0,M,,0000*65
$GPGSA,A,3,02,21,22,07,08,13,14,,,,,,4.2,2.7,3.2*39
$GPGSV,3,1,12,07,75,201,14,02,60,078,31,30,59,301,,21,46,058,26*77
$GPGSV,3,2,12,17,38,256,24,14,36,318,23,08,23,044,29,22,20,304,26*79
$GPGSV,3,3,12,19,13,242,,09,09,197,,13,08,307,27,03,04,140,*72
$GPRMC,164321.000,A,2632.6821,N,07703.3395,W,0.13,348.71,220324,,,A*76
$GPVTG,348.71,T,,M,0.13,N,0.2,K,A*04
$GPGGA,164326.000,2632.6786,N,07703.3384,W,1,07,2.7,-1.0,M,-33.0,M,,0000*4C
$GPGSA,A,3,02,21,22,07,08,13,14,,,,,,4.2,2.7,3.2*39
$GPGSV,3,1,12,07,75,201,15,02,60,078,31,30,59,301,,21,46,058,26*76
$GPGSV,3,2,12,17,38,256,23,14,36,318,23,08,23,044,29,22,20,304,26*7E
$GPGSV,3,3,12,19,13,242,,09,09,197,,13,08,307,28,03,04,140,*7D
$GPVTG,70.10,T,,M,0.25,N,0.5,K,A*39
$GPGGA,164331.000,2632.6744,N,07703.3378,W,1,07,2.7,-8.9,M,-33.0,M,,0000*47
$GPGSA,A,3,02,21,22,07,08,13,14,,,,,,4.2,2.7,3.2*39
$GPGSV,3,1,12,07,75,201,17,02,60,078,31,30,59,301,,21,46,058,27*75
$GPGSV,3,2,12,17,38,256,22,14,36,318,23,08,23,044,29,22,20,304,26*7F
$GPGSV,3,3,12,19,13,242,,09,09,197,,13,08,307,28,03,04,140,*7D
$GPRMC,164331.000,A,2632.6744,N,07703.3378,W,1.96,183.10,220324,,,A*76
$GPVTG,183.10,T,,M,1.96,N,3.6,K,A*0D
$GPGGA,164336.000,2632.6739,N,07703.3382,W,1,07,2.7,-9.3,M,-33.0,M,,0000*44
$GPGSA,A,3,02,21,22,07,08,13,14,,,,,,4.2,2.7,3.2*39
$GPGSV,3,1,12,07,75,201,18,02,60,078,31,30,59,301,,21,46,058,27*7A
$GPGSV,3,2,12,17,38,256,22,14,36,318,23,08,23,044,28,22,20,304,26*7E
$GPGSV,3,3,12,19,13,242,,09,09,197,,13,08,307,28,03,04,140,*7D
$GPRMC,164336.000,A,2632.6739,N,07703.3382,W,0.59,170.94,220324,,,A*7C
$GPVTG,170.94,T,,M,0.59,N,1.1,K,A*0A
$GPGGA,164341.000,2632.6716,N,07703.3376,W,1,07,2.7,-15.1,M,-33.0,M,,0000*7D
$GPGSA,A,3,02,21,22,07,08,13,14,,,,,,4.2,2.7,3.2*39
$GPGSV,3,1,12,07,75,200,18,02,60,077,31,30,60,300,,21,46,057,27*70
$GPGSV,3,2,12,17,39,257,21,14,36,319,22,08,22,044,28,22,20,305,26*7D
$GPGSV,3,3,12,19,14,242,,09,09,197,,13,09,307,28,03,04,139,*75
$GPRMC,164341.000,A,2632.6716,N,07703.3376,W,0.73,171.28,220324,,,A*74
$GPVTG,171.28,T,,M,0.73,N,1.4,K,A*01
$GPGGA,164346.000,2632.6760,N,07703.3385,W,1,06,3.7,-7.6,M,-33.0,M,,0000*43
$GPGSA,A,3,02,21,22,08,13,14,,,,,,,4.9,3.7,3.3*35
$GPGSV,3,1,12,07,75,200,18,02,60,077,31,30,60,300,,21,46,057,27*70
$GPGSV,3,2,12,17,39,257,21,14,36,319,22,08,22,044,28,22,20,305,25*7E
$GPGSV,3,3,12,19,14,242,,09,09,197,18,13,09,307,29,03,04,139,*7D
$GPRMC,164346.000,A,2632.6760,N,07703.3385,W,1.03,8.01,220324,,,A*7C
$GPVTG,8.01,T,,M,1.03,N,1.9,K,A*0E
$GPGGA,164351.000,2632.6774,N,07703.3389,W,1,07,2.7,-4.3,M,-33.0,M,,0000*4A
$GPGSA,A,3,02,21,22,07,08,13,14,,,,,,4.2,2.7,3.2*39
$GPGSV,3,1,12,07,75,200,18,02,60,077,31,30,60,300,,21,46,057,27*70
$GPGSV,3,2,12,17,39,257,20,14,36,319,22,08,22,044,27,22,20,305,25*70
$GPGSV,3,3,12,19,14,242,,09,09,197,18,13,09,307,29,03,04,139,*7D
$GPRMC,164351.000,A,2632.6774,N,07703.3389,W,0.47,205.22,220324,,,A*7C
$GPVTG,205.22,T,,M,0.47,N,0.9,K,A*00
$GPGGA,164356.000,2632.6805,N,07703.3403,W,1,07,2.7,2.8,M,-33.0,M,,0000*61
$GPGSA,A,3,02,21,22,07,08,13,14,,,,,,4.2,2.7,3.2*39
$GPGSV,3,1,12,07,75,200,19,02,60,077,31,30,60,300,,21,46,057,27*71
$GPGSV,3,2,12,17,39,257,19,14,36,319,23,08,22,044,27,22,20,305,24*7A
$GPRMC,164356.000,A,2632.6805,N,07703.3403,W,0.79,342.50,220324,,,A*7D
$GPVTG,342.50,T,,M,0.79,N,1.5,K,A*07
$GPGGA,164401.000,2632.6804,N,07703.3396,W,1,07,2.7,1.4,M,-33.0,M,,0000*61
$GPGSA,A,3,02,21,22,07,08,13,14,,,,,,4.1,2.7,3.2*3A
$GPGSV,3,1,12,07,75,200,19,02,60,077,31,30,60,300,,21,46,057,27*71
$GPGSV,3,2,12,17,39,257,19,14,36,319,23,08,22,044,27,22,20,305,24*7A
$GPGSV,3,3,12,19,14,242,,09,09,197,19,13,09,307,30,03,04,139,*74
$GPRMC,164401.000,A,2632.6804,N,07703.3396,W,0.93,357.70,220324,,,A*70
$GPGGA,164406.000,2632.6789,N,07703.3387,W,1,07,2.7,-2.3,M,-33.0,M,,0000*45
$GPGSA,A,3,02,21,22,07,08,13,14,,,,,,4.1,2.7,3.2*3A
$GPGSV,3,1,12,07,75,200,18,02,60,077,31,30,60,300,,21,46,057,27*70
$GPGSV,3,2,12,17,39,257,19,14,36,319,23,08,22,044,27,22,20,305,24*7A
$GPGSV,3,3,12,19,14,242,18,09,09,197,19,13,09,307,30,03,04,139,*7D
$GPRMC,164406.000,A,2632.6789,N,07703.3387,W,0.23,358.72,220324,,,A*7B
$GPVTG,358.72,T,,M,0.23,N,0.4,K,A*03
$GPGGA,164411.000,2632.6819,N,07703.3385,W,1,07,2.7,2.3,M,-33.0,M,,0000*6A
$GPGSA,A,3,02,21,22,07,08,13,14,,,,,,4.1,2.7,3.2*3A
$GPGSV,3,1,12,07,75,200,19,02,60,077,31,30,60,300,,21,46,057,27*71
$GPGSV,3,2,12,17,39,257,20,14,36,319,23,08,22,044,26,22,20,305,24*71
$GPGSV,3,3,12,19,14,242,18,09,09,197,20,13,09,307,30,03,04,139,*77
$GPRMC,164411.000,A,2632.6819,N,07703.3385,W,0.34,0.75,220324,,,A*76
$GPVTG,0.75,T,,M,0.34,N,0.6,K,A*0E
$GPGGA,164416.000,2632.6835,N,07703.3393,W,1,07,2.7,7.8,M,-33.0,M,,0000*6A
$GPGSA,A,3,02,21,22,07,08,13,14,,,,,,4.1,2.7,3.2*3A
$GPGSV,3,1,12,07,75,199,18,02,60,076,24,30,60,300,,21,46,057,14*76
$GPGSV,3,2,12,17,39,257,19,14,36,319,23,08,22,045,19,22,20,305,18*79
$GPGSV,3,3,12,19,14,242,18,13,09,306,30,09,08,197,19,03,05,139,*7C
$GPRMC,164416.000,A,2632.6835,N,07703.3393,W,0.94,252.21,220324,,,A*76
$GPVTG,252.21,T,,M,0.94,N,1.7,K,A*00
$GPGGA,164421.000,2632.6746,N,07703.3444,W,1,06,3.7,10.4,M,-33.0,M,,0000*52
$GPGSA,A,3,02,21,22,08,13,14,,,,,,,4.9,3.7,3.2*34
$GPGSV,3,1,12,07,75,199,,02,60,076,26,30,60,300,19,21,46,057,13*72
$GPGSV,3,2,12,17,39,257,24,14,36,319,24,08,22,045,14,22,20,305,19*7C
$GPGSV,3,3,12,19,14,242,17,13,09,306,29,09,08,197,19,03,05,139,*7B
$GPRMC,164421.000,A,2632.6746,N,07703.3444,W,8.21,209.39,220324,,,A*75
$GPVTG,209.39,T,,M,8.21,N,15.2,K,A*31
$GPGGA,164426.000,2632.6639,N,07703.3504,W,1,04,9.3,14.7,M,-33.0,M,,0000*52
$GPGSA,A,3,02,22,13,14,,,,,,,,,9.3,9.3,1.0*36
$GPGSV,3,1,12,07,75,199,18,02,60,076,26,30,60,300,16,21,46,057,*76
$GPGSV,3,2,12,17,39,257,23,14,36,319,26,08,22,045,,22,20,305,20*76
$GPRMC,164426.000,A,2632.6639,N,07703.3504,W,7.00,204.81,220324,,,A*7C
$GPVTG,204.81,T,,M,7.00,N,13.0,K,A*37
$GPGGA,164431.000,2632.6673,N,07703.3494,W,1,04,9.3,18.5,M,-33.0,M,,0000*5C
$GPGSA,A,3,02,22,13,14,,,,,,,,,9.3,9.3,1.0*36
$GPGSV,3,1,12,07,75,199,17,02,60,076,20,30,60,300,,21,46,057,*78
$GPGSV,3,2,12,17,39,257,,14,36,319,26,08,22,045,,22,20,305,21*76
$GPGSV,3,3,12,19,14,242,17,13,09,306,23,09,08,197,19,03,05,139,*71
$GPRMC,164431.000,A,2632.6673,N,07703.3494,W,2.25,211.02,220324,,,A*71
$GPVTG,211.02,T,,M,2.25,N,4.2,K,A*0E
$GPGGA,164436.000,2632.6741,N,07703.3475,W,1,04,9.3,21.0,M,-33.0,M,,0000*5B
$GPGSA,A,3,02,22,13,14,,,,,,,,,9.3,9.3,1.0*36
$GPGSV,3,1,12,07,75,199,16,02,60,076,24,30,60,300,,21,46,057,*7D
$GPGSV,3,2,12,17,39,257,,14,36,319,26,08,22,045,,22,20,305,18*7C
$GPGSV,3,3,12,19,14,242,18,13,09,306,28,09,08,197,18,03,05,139,*74
$GPRMC,164436.000,A,2632.6741,N,07703.3475,W,0.29,72.22,220324,,,A*42
$GPVTG,72.22,T,,M,0.29,N,0.5,K,A*36
$GPGGA,164441.000,2632.6796,N,07703.3419,W,1,07,2.6,18.0,M,-33.0,M,,0000*5C
$GPGSA,A,3,02,21,22,08,13,07,14,,,,,,4.1,2.6,3.1*38
$GPGSV,3,1,12,07,75,199,18,02,60,076,28,30,60,300,,21,46,057,16*78
$GPGSV,3,2,12,17,39,257,,14,36,319,23,08,22,045,18,22,20,305,22*79
$GPGSV,3,3,12,19,14,242,18,13,09,306,30,09,08,197,19,03,05,139,*7C
$GPRMC,164441.000,A,2632.6796,N,07703.3419,W,2.13,194.48,220324,,,A*7C
$GPVTG,194.48,T,,M,2.13,N,4.0,K,A*09
$GPGGA,164446.000,2632.6806,N,07703.3428,W,1,07,2.6,18.7,M,-33.0,M,,0000*58
$GPGSA,A,3,02,21,22,08,13,07,14,,,,,,4.1,2.6,3.1*38
$GPGSV,3,1,12,07,74,199,17,30,60,299,,02,60,076,28,21,46,057,25*77
$GPGSV,3,2,12,17,39,258,,14,37,319,23,08,22,045,20,22,21,305,22*7D
$GPGSV,3,3,12,19,14,242,20,13,09,306,30,09,08,197,19,03,05,139,*77
$GPRMC,164446.000,A,2632.6806,N,07703.3428,W,0.58,176.82,220324,,,A*78
$GPVTG,176.82,T,,M,0.58,N,1.1,K,A*0A
$GPGGA,164451.000,2632.6833,N,07703.3423,W,1,07,2.6,20.8,M,-33.0,M,,0000*57
$GPGSA,A,3,02,21,22,08,13,07,14,,,,,,4.1,2.6,3.1*38
$GPGSV,3,1,12,07,74,199,18,30,60,299,,02,60,076,29,21,46,057,26*7A
$GPGSV,3,2,12,17,39,258,,14,37,319,19,08,22,045,22,22,21,305,23*77
$GPGSV,3,3,12,19,14,242,20,13,09,306,30,09,08,197,19,03,05,139,*77
$GPRMC,164451.000,A,2632.6833,N,07703.3423,W,1.14,7.90,220324,,,A*7E
$GPVTG,7.90,T,,M,1.14,N,2.1,K,A*04
$GPGGA,164456.000,2632.6872,N,07703.3416,W,1,07,2.6,23.1,M,-33.0,M,,0000*59
$GPGSA,A,3,02,21,22,08,13,07,14,,,,,,4.1,2.6,3.1*38
$GPGSV,3,1,12,07,74,199,19,30,60,299,,02,60,076,30,21,46,057,26*73
$GPGSV,3,2,12,17,39,258,,14,37,319,19,08,22,045,24,22,21,305,23*71
$GPGSV,3,3,12,19,14,242,20,13,09,306,30,09,08,197,20,03,05,139,*7D
$GPRMC,164456.000,A,2632.6872,N,07703.3416,W,1.46,21.97,220324,,,A*4E
$GPVTG,21.97,T,,M,1.46,N,2.7,K,A*36
$GPGGA,164501.000,2632.6882,N,07703.3407,W,1,07,2.6,22.1,M,-33.0,M,,0000*54
$GPGSA,A,3,02,21,22,08,13,07,14,,,,,,4.0,2.6,3.1*39
$GPGSV,3,1,12,07,74,199,19,30,60,299,,02,60,076,30,21,46,057,26*73
$GPGSV,3,2,12,17,39,258,,14,37,319,19,08,22,045,25,22,21,305,24*77
$GPGSV,3,3,12,19,14,242,20,13,09,306,29,09,08,197,20,03,05,139,*75
$GPVTG,12.74,T,,M,0.62,N,1.1,K,A*39
$GPGGA,164506.000,2632.6881,N,07703.3403,W,1,07,2.6,20.7,M,-33.0,M,,0000*50
$GPGSA,A,3,02,21,22,08,13,07,14,,,,,,4.0,2.6,3.1*39
$GPGSV,3,1,12,07,74,199,19,30,60,299,,02,60,076,30,21,46,057,26*73
$GPGSV,3,2,12,17,39,258,,14,37,319,19,08,22,045,25,22,21,305,23*70
$GPGSV,3,3,12,19,14,242,20,13,09,306,29,09,08,197,21,03,05,139,*74
$GPRMC,164506.000,A,2632.6881,N,07703.3403,W,0.13,179.06,220324,,,A*77
$GPVTG,179.06,T,,M,0.13,N,0.2,K,A*04
$GPGGA,164511.000,2632.6910,N,07703.3394,W,1,07,2.6,22.0,M,-33.0,M,,0000*53
$GPGSA,A,3,02,21,22,08,13,07,14,,,,,,4.0,2.6,3.1*39
$GPGSV,3,1,12,07,74,199,19,30,60,299,,02,60,076,30,21,46,057,26*73
$GPGSV,3,2,12,17,39,258,,14,37,319,19,08,22,045,25,22,21,305,23*70
$GPGSV,3,3,12,19,14,242,20,13,09,306,29,09,08,197,22,03,05,139,*77
$GPRMC,164511.000,A,2632.6910,N,07703.3394,W,0.19,107.54,220324,,,A*75
$GPVTG,107.54,T,,M,0.19,N,0.4,K,A*06
$GPGGA,164516.000,2632.6924,N,07703.3388,W,1,07,2.6,21.7,M,-33.0,M,,0000*5A
$GPGSA,A,3,02,21,22,08,13,07,14,,,,,,4.0,2.6,3.1*39
$GPGSV,3,1,12,07,74,199,19,30,60,299,,02,60,075,30,21,46,056,27*70
$GPGSV,3,2,12,17,39,258,,14,37,319,19,08,22,045,25,22,21,305,22*71
$GPGSV,3,3,12,19,14,242,20,13,09,306,29,09,08,197,22,03,05,139,*77
$GPRMC,164516.000,A,2632.6924,N,07703.3388,W,0.66,8.38,220324,,,A*74
$GPVTG,8.38,T,,M,0.66,N,1.2,K,A*0D
$GPGGA,164521.000,2632.6950,N,07703.3403,W,1,07,2.6,27.8,M,-33.0,M,,0000*50
$GPGSA,A,3,02,21,22,08,13,07,14,,,,,,4.0,2.6,3.1*39
$GPGSV,3,1,12,07,74,199,18,30,60,299,,02,60,075,30,21,46,056,27*71
$GPGSV,3,2,12,17,39,258,,14,37,319,20,08,22,045,25,22,21,305,20*79
$GPGSV,3,3,12,19,14,242,19,13,09,306,28,09,08,197,21,03,05,139,*7F
$GPRMC,164521.000,A,2632.6950,N,07703.3403,W,0.56,197.04,220324,,,A*7C
$GPVTG,197.04,T,,M,0.56,N,1.0,K,A*04
$GPGGA,164526.000,2632.6923,N,07703.3401,W,1,07,2.6,23.6,M,-33.0,M,,0000*5B
$GPGSA,A,3,02,21,22,08,13,07,14,,,,,,4.0,2.6,3.1*39
$GPGSV,3,1,12,07,74,199,18,30,60,299,,02,60,075,30,21,46,056,27*71
$GPGSV,3,2,12,17,39,258,,14,37,319,20,08,22,045,25,22,21,305,20*79
$GPGSV,3,3,12,19,14,242,19,13,09,306,28,09,08,197,21,03,05,139,*7F
$GPRMC,164526.000,A,2632.6923,N,07703.3401,W,1.36,174.29,220324,,,A*78
$GPVTG,174.29,T,,M,1.36,N,2.5,K,A*07
$GPGGA,164531.000,2632.6890,N,07703.3398,W,1,06,3.7,16.2,M,-33.0,M,,0000*50
$GPGSA,A,3,02,21,22,08,13,14,,,,,,,4.9,3.7,3.2*34
$GPGSV,3,1,12,07,74,199,17,30,60,299,,02,60,075,30,21,46,056,27*7E
$GPGSV,3,2,12,17,39,258,,14,37,319,19,08,22,045,25,22,21,305,19*79
$GPGSV,3,3,12,19,14,242,18,13,09,306,28,09,08,197,20,03,05,139,*7F
$GPVTG,133.63,T,,M,0.70,N,1.3,K,A*0C
$GPGGA,164536.000,2632.6873,N,07703.3401,W,1,07,2.6,9.5,M,-33.0,M,,0000*65
$GPGSA,A,3,02,21,22,08,13,07,14,,,,,,4.0,2.6,3.1*39
$GPGSV,3,1,12,07,74,199,17,30,60,299,,02,60,075,30,21,46,056,27*7E
$GPGSV,3,2,12,17,39,258,,14,37,319,19,08,22,045,25,22,21,305,20*73
$GPGSV,3,3,12,19,14,242,18,13,09,306,28,09,08,197,21,03,05,139,*7E
$GPRMC,164536.000,A,2632.6873,N,07703.3401,W,0.74,162.28,220324,,,A*7C
$GPVTG,162.28,T,,M,0.74,N,1.4,K,A*04
$GPGGA,164541.000,2632.6860,N,07703.3404,W,1,07,2.6,9.1,M,-33.0,M,,0000*66
$GPGSA,A,3,02,21,22,08,13,07,14,,,,,,4.0,2.6,3.0*38
$GPGSV,3,1,12,07,74,199,17,30,60,299,21,02,60,075,29,21,46,056,27*75
$GPGSV,3,2,12,17,39,258,,14,37,319,20,08,22,045,25,22,21,305,20*79
$GPGSV,3,3,12,19,14,242,,13,09,306,27,09,08,197,21,03,05,139,*78
$GPRMC,164541.000,A,2632.6860,N,07703.3404,W,1.07,103.87,220324,,,A*7C
$GPVTG,103.87,T,,M,1.07,N,2.0,K,A*04
$GPGGA,164546.000,2632.6815,N,07703.3393,W,1,07,2.6,1.2,M,-33.0,M,,0000*61
$GPGSA,A,3,02,21,22,08,13,07,14,,,,,,4.0,2.6,3.0*38
$GPGSV,3,1,12,07,74,199,17,30,60,299,21,02,60,075,29,21,46,056,27*75
$GPGSV,3,2,12,17,39,258,,14,37,319,20,08,22,045,26,22,21,305,20*7A
$GPGSV,3,3,12,19,14,242,,13,09,306,27,09,08,197,20,03,05,139,*79
$GPRMC,164546.000,A,2632.6815,N,07703.3393,W,1.02,175.97,220324,,,A*75
$GPVTG,175.97,T,,M,1.02,N,1.9,K,A*0B
$GPGGA,164551.000,2632.6804,N,07703.3396,W,1,07,2.6,-0.5,M,-33.0,M,,0000*49
$GPGSA,A,3,02,21,22,08,13,07,14,,,,,,4.0,2.6,3.0*38
$GPGSV,3,1,12,07,74,199,18,30,60,299,21,02,60,075,29,21,46,056,27*7A
$GPGSV,3,2,12,17,39,258,,14,37,319,21,08,22,045,26,22,21,305,20*7B
$GPGSV,3,3,12,19,14,242,,13,09,306,27,09,08,197,19,03,05,139,*73
$GPRMC,164551.000,A,2632.6804,N,07703.3396,W,1.21,175.76,220324,,,A*78
$GPVTG,175.76,T,,M,1.21,N,2.2,K,A*0D
$GPGGA,164556.000,2632.6842,N,07703.3396,W,1,07,2.5,4.3,M,-33.0,M,,0000*60
$GPGSA,A,3,02,21,22,08,13,07,14,,,,,,4.0,2.5,3.0*3B
$GPGSV,3,1,12,07,74,199,18,30,60,299,21,02,60,075,29,21,46,056,28*75
$GPGSV,3,2,12,17,39,258,,14,37,319,21,08,22,045,26,22,21,305,20*7B
$GPGSV,3,3,12,19,14,242,,13,09,306,27,09,08,197,18,03,05,139,*72
$GPRMC,164556.000,A,2632.6842,N,07703.3396,W,0.91,11.99,220324,,,A*45
$GPVTG,11.99,T,,M,0.91,N,1.7,K,A*33
$GPGGA,164601.000,2632.6856,N,07703.3406,W,1,07,2.5,6.5,M,-33.0,M,,0000*6E
$GPGSA,A,3,02,21,22,08,13,07,14,,,,,,4.0,2.5,3.0*3B
$GPGSV,3,1,12,07,74,199,20,30,60,299,20,02,60,075,29,21,46,056,27*70
$GPGSV,3,2,12,17,39,258,,14,37,319,22,08,22,045,26,22,21,305,19*72
$GPGSV,3,3,12,19,14,242,,13,09,306,26,09,08,197,18,03,05,139,*73
$GPVTG,328.60,T,,M,0.23,N,0.4,K,A*07
$GPGGA,164606.000,2632.6848,N,07703.3394,W,1,07,2.5,4.9,M,-33.0,M,,0000*64
$GPGSA,A,3,02,21,22,08,13,07,14,,,,,,3.9,2.5,3.0*35
$GPGSV,3,1,12,07,74,199,21,30,60,299,19,02,60,075,29,21,46,056,27*7B
$GPGSV,3,2,12,17,39,258,,14,37,319,22,08,22,045,26,22,21,305,18*73
$GPGSV,3,3,12,19,14,242,,13,09,306,26,09,08,197,18,03,05,139,*73
$GPRMC,164606.000,A,2632.6848,N,07703.3394,W,0.08,279.58,220324,,,A*7A
$GPVTG,279.58,T,,M,0.08,N,0.1,K,A*05
$GPGGA,164611.000,2632.6853,N,07703.3395,W,1,07,2.5,4.8,M,-33.0,M,,0000*68
$GPGSA,A,3,02,21,22,08,13,07,14,,,,,,3.9,2.5,3.0*35
$GPGSV,3,1,12,07,74,199,21,30,60,299,19,02,60,075,29,21,46,056,26*7A
$GPGSV,3,2,12,17,39,258,,14,37,319,23,08,22,045,26,22,21,305,17*7D
$GPGSV,3,3,12,19,14,242,,13,09,306,26,09,08,197,17,03,05,139,*7C
$GPRMC,164611.000,A,2632.6853,N,07703.3395,W,0.20,278.39,220324,,,A*7B
$GPVTG,278.39,T,,M,0.20,N,0.4,K,A*0C
$GPGGA,164616.000,2632.6863,N,07703.3391,W,1,07,2.5,4.0,M,-33.0,M,,0000*60
$GPGSA,A,3,02,21,22,08,13,07,14,,,,,,3.9,2.5,3.0*35
$GPGSV,3,1,12,07,74,199,22,30,60,299,19,02,60,075,29,21,46,056,26*79
$GPGSV,3,2,12,17,39,258,,14,37,319,23,08,22,045,26,22,21,305,17*7D
$GPGSV,3,3,12,19,14,242,17,13,09,306,26,09,08,197,18,03,05,139,*75
$GPRMC,164616.000,A,2632.6863,N,07703.3391,W,0.56,92.33,220324,,,A*46
$GPVTG,92.33,T,,M,0.56,N,1.0,K,A*34
$GPGGA,164621.000,2632.6846,N,07703.3394,W,1,07,2.5,1.2,M,-33.0,M,,0000*61
$GPGSA,A,3,02,21,22,08,13,07,14,,,,,,3.9,2.5,3.0*35
$GPGSV,3,1,12,07,74,199,22,30,60,299,19,02,60,075,29,21,46,056,26*79
$GPGSV,3,2,12,17,39,258,,14,37,319,23,08,22,045,26,22,21,305,17*7D
$GPGSV,3,3,12,19,14,242,17,13,09,306,26,09,08,197,18,03,05,139,*75
$GPRMC,164621.000,A,2632.6846,N,07703.3394,W,0.81,179.59,220324,,,A*72
$GPVTG,179.59,T,,M,0.81,N,1.5,K,A*03
$GPGGA,164626.000,2632.6820,N,07703.3377,W,1,07,2.5,-6.6,M,-33.0,M,,0000*45
$GPGSA,A,3,02,21,22,08,13,07,14,,,,,,3.9,2.5,3.0*35
$GPGSV,3,1,12,07,74,199,22,30,60,299,19,02,60,075,29,21,46,056,27*78
$GPGSV,3,2,12,17,39,258,,14,37,319,23,08,22,045,26,22,21,305,17*7D
$GPGSV,3,3,12,19,14,242,18,13,09,306,26,09,08,197,17,03,05,139,*75
$GPRMC,164626.000,A,2632.6820,N,07703.3377,W,0.84,146.03,220324,,,A*7E
$GPVTG,146.03,T,,M,0.84,N,1.6,K,A*06
$GPGGA,164631.000,2632.6834,N,07703.3391,W,1,07,2.5,-2.2,M,-33.0,M,,0000*4E
$GPGSA,A,3,02,21,22,08,13,07,14,,,,,,3.9,2.5,3.0*35
$GPGSV,3,1,12,07,74,199,23,30,60,299,18,02,60,075,29,21,46,056,26*79
$GPGSV,3,2,12,17,39,258,,14,37,319,23,08,22,045,26,22,21,305,18*72
$GPGSV,3,3,12,19,14,242,19,13,09,306,26,09,08,197,16,03,05,139,*75
$GPRMC,164631.000,A,2632.6834,N,07703.3391,W,0.46,296.89,220324,,,A*77
$GPVTG,296.89,T,,M,0.46,N,0.9,K,A*0A
$GPGGA,164636.000,2632.6820,N,07703.3405,W,1,07,2.5,-0.3,M,-33.0,M,,0000*45
$GPGSA,A,3,02,21,22,08,13,07,14,,,,,,3.9,2.5,3.0*35
$GPGSV,3,1,12,07,74,199,19,30,60,299,18,02,60,075,24,21,46,056,26*7D
$GPGSV,3,2,12,17,39,258,,14,37,319,23,08,22,045,18,22,21,305,23*77
$GPGSV,3,3,12,19,14,242,19,13,09,306,25,09,08,197,16,03,05,139,*76
$GPVTG,217.99,T,,M,1.61,N,3.0,K,A*0C
$GPGGA,164641.000,2632.6825,N,07703.3409,W,1,07,2.5,-0.2,M,-33.0,M,,0000*4D
$GPGSA,A,3,02,21,22,08,13,07,14,,,,,,3.9,2.5,3.0*35
$GPGSV,3,1,12,07,74,199,20,30,60,299,19,02,60,075,26,21,46,056,25*77
$GPGSV,3,2,12,17,39,258,15,14,37,319,23,08,22,045,30,22,21,305,17*7E
$GPGSV,3,3,12,19,14,242,19,13,09,306,25,09,08,197,15,03,05,139,*75
$GPRMC,164641.000,A,2632.6825,N,07703.3409,W,0.62,354.78,220324,,,A*71
$GPVTG,354.78,T,,M,0.62,N,1.1,K,A*04
$GPGGA,164646.000,2632.6801,N,07703.3402,W,1,07,2.5,-4.6,M,-33.0,M,,0000*47
$GPGSA,A,3,02,21,22,08,13,07,14,,,,,,3.9,2.5,3.0*35
$GPGSV,3,1,12,07,74,199,22,30,60,299,18,02,60,075,25,21,46,056,25*77
$GPGSV,3,2,12,17,39,258,15,14,37,319,24,08,22,045,26,22,21,305,18*71
$GPGSV,3,3,12,19,14,242,20,13,09,306,25,09,08,197,15,03,05,139,*7F
$GPRMC,164646.000,A,2632.6801,N,07703.3402,W,0.75,160.01,220324,,,A*76
$GPVTG,160.01,T,,M,0.75,N,1.4,K,A*0C
$GPGGA,164651.000,2632.6806,N,07703.3402,W,1,07,2.5,-2.3,M,-33.0,M,,0000*45
$GPGSA,A,3,02,21,22,08,13,07,14,,,,,,3.9,2.5,3.0*35
$GPGSV,3,1,12,07,74,199,21,30,60,299,18,02,60,075,26,21,46,056,24*76
$GPGSV,3,2,12,17,39,258,16,14,37,319,24,08,22,045,25,22,21,305,20*7A
$GPGSV,3,3,12,19,14,242,20,13,09,306,25,09,08,197,16,03,05,139,*7C
$GPRMC,164651.000,A,2632.6806,N,07703.3402,W,0.09,249.94,220324,,,A*78
$GPVTG,249.94,T,,M,0.09,N,0.2,K,A*04
$GPGGA,164656.000,2632.6798,N,07703.3395,W,1,07,2.5,-3.1,M,-33.0,M,,0000*40
$GPGSA,A,3,02,21,22,08,13,07,14,,,,,,3.9,2.5,3.0*35
$GPGSV,3,1,12,07,74,199,21,30,60,299,18,02,60,075,27,21,46,056,24*77
$GPGSV,3,2,12,17,39,258,14,14,37,319,24,08,22,045,27,22,21,305,21*7B
$GPGSV,3,3,12,19,14,242,20,13,09,306,25,09,08,197,16,03,05,139,*7C
$GPRMC,164656.000,A,2632.6798,N,07703.3395,W,0.09,27.34,220324,,,A*4E
$GPVTG,27.34,T,,M,0.09,N,0.2,K,A*34
$GPGGA,164701.000,2632.6803,N,07703.3405,W,1,07,2.5,-2.4,M,-33.0,M,,0000*44
$GPGSA,A,3,02,21,22,08,13,07,14,,,,,,3.9,2.5,3.0*35
$GPGSV,3,1,12,07,74,199,21,30,60,299,18,02,60,075,27,21,46,056,25*76
$GPGSV,3,2,12,17,39,258,15,14,37,319,24,08,22,045,27,22,21,305,22*79
$GPGSV,3,3,12,19,14,242,20,13,09,306,25,09,08,197,16,03,05,139,*7C
$GPRMC,164701.000,A,2632.6803,N,07703.3405,W,0.92,167.90,220324,,,A*77
$GPVTG,167.90,T,,M,0.92,N,1.7,K,A*09
$GPGGA,164706.000,2632.6822,N,07703.3403,W,1,07,2.5,2.2,M,-33.0,M,,0000*6D
$GPGSA,A,3,02,21,22,08,13,07,14,,,,,,3.8,2.5,3.0*34
$GPGSV,3,1,12,07,74,199,21,30,60,299,18,02,60,075,27,21,46,056,24*77
$GPGSV,3,2,12,17,39,258,16,14,37,319,25,08,22,045,28,22,21,305,23*75
$GPRMC,164706.000,A,2632.6822,N,07703.3403,W,0.53,2.77,220324,,,A*73
$GPVTG,2.77,T,,M,0.53,N,1.0,K,A*08
$GPGGA,164711.000,2632.6826,N,07703.3410,W,1,07,2.5,0.8,M,-33.0,M,,0000*65
$GPGSA,A,3,02,21,22,08,13,07,14,,,,,,3.8,2.5,2.9*3C
$GPGSV,3,1,12,07,74,199,21,30,60,299,18,02,60,075,27,21,46,056,24*77
$GPGSV,3,2,12,17,39,258,17,14,37,319,25,08,22,045,28,22,21,305,24*73
$GPGSV,3,3,12,19,14,242,21,13,09,306,25,09,08,197,,03,05,139,*7A
$GPRMC,164711.000,A,2632.6826,N,07703.3410,W,0.15,56.49,220324,,,A*4D
$GPGGA,164716.000,2632.6832,N,07703.3403,W,1,07,2.5,2.2,M,-33.0,M,,0000*6D
$GPGSA,A,3,02,21,22,08,13,07,14,,,,,,3.8,2.5,2.9*3C
$GPGSV,3,1,12,07,74,199,22,30,60,299,18,02,60,075,27,21,46,056,23*73
$GPGSV,3,2,12,17,39,258,18,14,37,319,25,08,22,045,28,22,21,305,25*7D
$GPGSV,3,3,12,19,14,242,22,13,09,306,26,09,08,197,,03,05,139,*7A
$GPRMC,164716.000,A,2632.6832,N,07703.3403,W,0.04,6.13,220324,,,A*77
$GPVTG,6.13,T,,M,0.04,N,0.1,K,A*0C
$GPGGA,164721.000,2632.6855,N,07703.3405,W,1,07,2.5,6.4,M,-33.0,M,,0000*6C
$GPGSA,A,3,02,21,22,08,13,07,14,,,,,,3.8,2.5,2.9*3C
$GPGSV,3,1,12,07,74,199,22,30,60,299,18,02,60,075,27,21,46,056,23*73
$GPGSV,3,2,12,17,39,258,18,14,37,319,25,08,22,045,28,22,21,305,25*7D
$GPGSV,3,3,12,19,14,242,24,13,09,306,26,09,08,197,,03,05,139,*7C
$GPRMC,164721.000,A,2632.6855,N,07703.3405,W,0.07,45.04,220324,,,A*46
$GPVTG,45.04,T,,M,0.07,N,0.1,K,A*3E
$GPGGA,164726.000,2632.6839,N,07703.3407,W,1,07,2.4,5.8,M,-33.0,M,,0000*6D
$GPGSA,A,3,02,21,22,08,13,07,14,,,,,,3.8,2.4,2.9*3D
$GPGSV,3,1,12,07,74,199,23,30,60,299,18,02,60,075,27,21,46,056,22*73
$GPGSV,3,2,12,17,39,258,19,14,37,319,26,08,22,045,28,22,21,305,26*7C
$GPGSV,3,3,12,19,14,242,25,13,09,306,27,09,08,197,,03,05,139,*7C
$GPRMC,164726.000,A,2632.6839,N,07703.3407,W,0.09,49.94,220324,,,A*42
$GPVTG,49.94,T,,M,0.09,N,0.2,K,A*36
$GPGGA,164731.000,2632.6831,N,07703.3405,W,1,07,2.4,6.9,M,-33.0,M,,0000*63
$GPGSA,A,3,02,21,22,08,13,07,14,,,,,,3.8,2.4,2.9*3D
$GPGSV,3,1,12,07,74,199,23,30,60,299,18,02,60,075,26,21,46,056,22*72
$GPGSV,3,2,12,17,39,258,19,14,37,319,26,08,22,045,28,22,21,305,26*7C
$GPGSV,3,3,12,19,14,242,25,13,09,306,27,09,08,197,,03,05,139,*7C
$GPRMC,164731.000,A,2632.6831,N,07703.3405,W,0.21,186.32,220324,,,A*7A
$GPVTG,186.32,T,,M,0.21,N,0.4,K,A*04
$GPGGA,164736.000,2632.6850,N,07703.3400,W,1,07,2.4,10.1,M,-33.0,M,,0000*59
$GPGSA,A,3,02,21,22,08,13,07,14,,,,,,3.8,2.4,2.9*3D
$GPGSV,3,1,12,07,74,199,22,30,60,299,17,02,60,075,26,21,46,056,22*7C
$GPGSV,3,2,12,17,39,258,19,14,37,319,27,08,22,045,28,22,21,305,27*7C
$GPRMC,164736.000,A,2632.6850,N,07703.3400,W,0.07,108.49,220324,,,A*71
$GPVTG,108.49,T,,M,0.07,N,0.1,K,A*0F
$GPGGA,164741.000,2632.6854,N,07703.3402,W,1,07,2.4,10.1,M,-33.0,M,,0000*5F
$GPGSA,A,3,02,21,22,08,13,07,14,,,,,,3.8,2.4,2.9*3D
$GPGSV,3,1,12,07,74,199,23,30,60,299,17,02,60,075,26,21,46,056,21*7E
$GPGSV,3,2,12,17,39,258,19,14,37,319,27,08,22,045,29,22,21,305,27*7D
$GPGSV,3,3,12,19,14,242,25,13,09,306,27,09,08,197,,03,05,139,*7C
$GPRMC,164741.000,A,2632.6854,N,07703.3402,W,0.29,31.56,220324,,,A*4E
$GPGGA,164746.000,2632.6865,N,07703.3402,W,1,07,2.4,10.4,M,-33.0,M,,0000*5F
$GPGSA,A,3,02,21,22,08,13,07,14,,,,,,3.8,2.4,2.9*3D
$GPGSV,3,1,12,07,74,199,23,30,60,299,16,02,60,075,26,21,46,056,17*7A
$GPGSV,3,2,12,17,39,258,20,14,37,319,26,08,22,045,29,22,21,305,27*76
$GPGSV,3,3,12,19,14,242,25,13,09,306,28,09,08,197,,03,05,139,*73
$GPRMC,164746.000,A,2632.6865,N,07703.3402,W,0.40,344.01,220324,,,A*77
$GPVTG,344.01,T,,M,0.40,N,0.7,K,A*0C
$GPGGA,164751.000,2632.6851,N,07703.3400,W,1,07,2.4,10.9,M,-33.0,M,,0000*51
$GPGSA,A,3,02,21,22,08,13,07,14,,,,,,3.8,2.4,2.9*3D
$GPGSV,3,1,12,07,74,199,23,30,60,299,16,02,60,075,26,21,46,056,16*7B
$GPGSV,3,2,12,17,39,258,20,14,37,319,27,08,22,045,29,22,21,305,27*77
$GPGSV,3,3,12,19,14,242,25,13,09,306,28,09,08,197,,03,05,139,*73
$GPRMC,164751.000,A,2632.6851,N,07703.3400,W,0.41,191.04,220324,,,A*7A
$GPVTG,191.04,T,,M,0.41,N,0.8,K,A*0D
$GPGGA,164756.000,2632.6848,N,07703.3400,W,1,07,2.4,10.7,M,-33.0,M,,0000*50
$GPGSA,A,3,02,21,22,08,13,07,14,,,,,,3.8,2.4,2.9*3D
$GPGSV,3,1,12,07,74,199,23,30,60,299,16,02,60,075,26,21,46,056,17*7A
$GPGSV,3,2,12,17,39,258,20,14,37,319,27,08,22,045,29,22,21,305,27*77
$GPGSV,3,3,12,19,14,242,25,13,09,306,28,09,08,197,,03,05,139,*73
$GPRMC,164756.000,A,2632.6848,N,07703.3400,W,0.05,162.89,220324,,,A*7C
$GPVTG,162.89,T,,M,0.05,N,0.1,K,A*0D
$GPGGA,164801.000,2632.6871,N,07703.3399,W,1,07,2.4,12.4,M,-33.0,M,,0000*51
$GPGSA,A,3,02,21,22,08,13,07,14,,,,,,3.8,2.4,2.9*3D
$GPGSV,3,1,12,07,74,199,23,30,60,299,16,02,60,075,26,21,46,056,18*75
$GPGSV,3,2,12,17,39,258,20,14,37,319,27,08,22,045,29,22,21,305,27*77
$GPGSV,3,3,12,19,14,242,26,13,09,306,28,09,08,197,,03,05,139,*70
$GPRMC,164801.000,A,2632.6871,N,07703.3399,W,0.35,352.79,220324,,,A*71
$GPVTG,352.79,T,,M,0.35,N,0.6,K,A*07
$GPGGA,164806.000,2632.6861,N,07703.3404,W,1,07,2.4,10.8,M,-33.0,M,,0000*5A
$GPGSA,A,3,02,21,22,08,13,07,14,,,,,,3.8,2.4,2.9*3D
$GPGSV,3,1,12,07,74,199,24,30,60,299,16,02,60,075,26,21,46,056,17*7D
$GPGSV,3,2,12,17,39,258,20,14,37,319,27,08,22,045,29,22,21,305,27*77
$GPGSV,3,3,12,19,14,242,26,13,09,306,28,09,08,197,,03,05,139,*70
$GPRMC,164806.000,A,2632.6861,N,07703.3404,W,0.46,188.47,220324,,,A*78
$GPVTG,188.47,T,,M,0.46,N,0.8,K,A*05
$GPGGA,164811.000,2632.6852,N,07703.3402,W,1,07,2.4,10.1,M,-33.0,M,,0000*53
$GPGSA,A,3,02,21,22,08,13,07,14,,,,,,3.7,2.4,2.9*32
$GPGSV,3,1,12,07,74,199,24,30,60,299,16,02,60,075,25,21,46,056,17*7E
$GPGSV,3,2,12,17,39,258,20,14,37,319,27,08,22,045,29,22,21,305,28*78
$GPGSV,3,3,12,19,14,242,25,13,09,306,28,09,08,197,,03,05,139,*73
$GPVTG,198.72,T,,M,0.25,N,0.5,K,A*0A
$GPGGA,164816.000,2632.6840,N,07703.3401,W,1,07,2.4,9.1,M,-33.0,M,,0000*6C
$GPGSA,A,3,02,21,22,08,13,07,14,,,,,,3.7,2.4,2.9*32
$GPGSV,3,1,12,07,73,196,24,30,61,297,16,02,59,072,25,21,45,055,16*75
$GPGSV,3,2,12,17,40,259,19,14,38,320,27,22,21,306,28,08,21,046,29*7B
$GPGSV,3,3,12,19,15,243,25,13,09,305,29,09,07,196,,03,05,138,*7E
$GPRMC,164816.000,A,2632.6840,N,07703.3401,W,1.02,182.49,220324,,,A*7A
$GPVTG,182.49,T,,M,1.02,N,1.9,K,A*00
$GPGGA,164821.000,2632.6840,N,07703.3399,W,1,07,2.4,9.3,M,-33.0,M,,0000*6C
$GPGSA,A,3,02,21,22,08,13,07,14,,,,,,3.7,2.4,2.9*32
$GPGSV,3,1,12,07,73,196,24,30,61,297,15,02,59,072,25,21,45,055,16*76
$GPGSV,3,2,12,17,40,259,19,14,38,320,27,22,21,306,27,08,21,046,29*74
$GPGSV,3,3,12,19,15,243,25,13,09,305,29,09,07,196,,03,05,138,*7E
$GPRMC,164821.000,A,2632.6840,N,07703.3399,W,0.70,172.01,220324,,,A*7F
$GPVTG,172.01,T,,M,0.70,N,1.3,K,A*0D
$GPGGA,164826.000,2632.6825,N,07703.3397,W,1,07,2.4,8.7,M,-33.0,M,,0000*63
$GPGSA,A,3,02,21,22,08,13,07,14,,,,,,3.7,2.4,2.9*32
$GPGSV,3,1,12,07,73,196,24,30,61,297,14,02,59,072,25,21,45,055,16*77
$GPGSV,3,2,12,17,40,259,19,14,38,320,27,22,21,306,27,08,21,046,29*74
$GPGSV,3,3,12,19,15,243,25,13,09,305,29,09,07,196,,03,05,138,*7E
$GPRMC,164826.000,A,2632.6825,N,07703.3397,W,0.23,82.84,220324,,,A*40
$GPVTG,82.84,T,,M,0.23,N,0.4,K,A*3E
$GPGGA,164831.000,2632.6823,N,07703.3399,W,1,07,2.4,8.0,M,-33.0,M,,0000*6A
$GPGSA,A,3,02,21,22,08,13,07,14,,,,,,3.7,2.4,2.9*32
$GPGSV,3,1,12,07,73,196,24,30,61,297,14,02,59,072,25,21,45,055,15*74
$GPGSV,3,2,12,17,40,259,18,14,38,320,27,22,21,306,27,08,21,046,29*75
$GPGSV,3,3,12,19,15,243,25,13,09,305,29,09,07,196,,03,05,138,*7E
$GPRMC,164831.000,A,2632.6823,N,07703.3399,W,0.15,191.29,220324,,,A*7F
$GPVTG,191.29,T,,M,0.15,N,0.3,K,A*08
$GPGGA,164836.000,2632.6818,N,07703.3402,W,1,07,2.4,6.8,M,-33.0,M,,0000*66
$GPGSA,A,3,02,21,22,08,13,07,14,,,,,,3.7,2.4,2.8*33
$GPGSV,3,1,12,07,73,196,24,30,61,297,14,02,59,072,25,21,45,055,16*77
$GPGSV,3,2,12,17,40,259,17,14,38,320,27,22,21,306,27,08,21,046,29*7A
$GPGSV,3,3,12,19,15,243,25,13,09,305,29,09,07,196,,03,05,138,*7E
$GPRMC,164836.000,A,2632.6818,N,07703.3402,W,0.36,194.43,220324,,,A*7D
$GPVTG,194.43,T,,M,0.36,N,0.7,K,A*04
$GPGGA,164841.000,2632.6829,N,07703.3405,W,1,07,2.4,6.0,M,-33.0,M,,0000*6B
$GPGSA,A,3,02,21,22,08,13,07,14,,,,,,3.7,2.4,2.8*33
$GPGSV,3,1,12,07,73,196,24,30,61,297,14,02,59,072,25,21,45,055,16*77
$GPGSV,3,2,12,17,40,259,16,14,38,320,27,22,21,306,26,08,21,046,29*7A
$GPGSV,3,3,12,19,15,243,25,13,09,305,29,09,07,196,,03,05,138,*7E
$GPVTG,253.05,T,,M,0.15,N,0.3,K,A*0B
$GPGGA,164846.000,2632.6828,N,07703.3411,W,1,07,2.4,3.5,M,-33.0,M,,0000*68
$GPGSA,A,3,02,21,22,08,13,07,14,,,,,,3.7,2.4,2.8*33
$GPGSV,3,1,12,07,73,196,25,30,61,297,,02,59,072,25,21,45,055,16*73
$GPGSV,3,2,12,17,40,259,,14,38,320,27,22,21,306,25,08,21,046,29*7E
$GPGSV,3,3,12,19,15,243,25,13,09,305,29,09,07,196,,03,05,138,*7E
$GPRMC,164846.000,A,2632.6828,N,07703.3411,W,0.08,321.93,220324,,,A*77
$GPVTG,321.93,T,,M,0.08,N,0.2,K,A*0D
$GPGGA,164851.000,2632.6824,N,07703.3411,W,1,07,2.4,2.3,M,-33.0,M,,0000*65
$GPGSA,A,3,02,21,22,08,13,07,14,,,,,,3.7,2.4,2.8*33
$GPGSV,3,1,12,07,73,196,25,30,61,297,,02,59,072,25,21,45,055,16*73
$GPGSV,3,2,12,17,40,259,,14,38,320,27,22,21,306,25,08,21,046,29*7E
$GPGSV,3,3,12,19,15,243,25,13,09,305,29,09,07,196,,03,05,138,*7E
$GPRMC,164851.000,A,2632.6824,N,07703.3411,W,0.29,141.77,220324,,,A*70
$GPVTG,141.77,T,,M,0.29,N,0.5,K,A*07
$GPGGA,164856.000,2632.6825,N,07703.3410,W,1,07,2.3,1.3,M,-33.0,M,,0000*66
$GPGSA,A,3,02,21,22,08,13,07,14,,,,,,3.7,2.3,2.8*34
$GPGSV,3,1,12,07,73,196,25,30,61,297,,02,59,072,25,21,45,055,16*73
$GPGSV,3,2,12,17,40,259,,14,38,320,27,22,21,306,24,08,21,046,29*7F
$GPGSV,3,3,12,19,15,243,25,13,09,305,29,09,07,196,,03,05,138,*7E
$GPRMC,164856.000,A,2632.6825,N,07703.3410,W,0.04,102.49,220324,,,A*72
$GPVTG,102.49,T,,M,0.04,N,0.1,K,A*06
$GPGGA,164901.000,2632.6829,N,07703.3408,W,1,07,2.3,2.3,M,-33.0,M,,0000*63
$GPGSA,A,3,02,21,22,08,13,07,14,,,,,,3.7,2.3,2.8*34
$GPGSV,3,1,12,07,73,196,25,30,61,297,16,02,59,072,25,21,45,055,16*74
$GPGSV,3,2,12,17,40,259,,14,38,320,27,22,21,306,23,08,21,046,29*78
$GPGSV,3,3,12,19,15,243,25,13,09,305,29,09,07,196,,03,05,138,*7E
$GPRMC,164901.000,A,2632.6829,N,07703.3408,W,0.22,165.83,220324,,,A*77
$GPVTG,165.83,T,,M,0.22,N,0.4,K,A*00
$GPGGA,164906.000,2632.6845,N,07703.3405,W,1,07,2.3,3.9,M,-33.0,M,,0000*68
$GPGSA,A,3,02,21,22,08,13,07,14,,,,,,3.7,2.3,2.8*34
$GPGSV,3,1,12,07,73,196,25,30,61,297,14,02,59,072,26,21,45,055,17*74
$GPGSV,3,2,12,17,40,259,,14,38,320,27,22,21,306,22,08,21,046,29*79
$GPGSV,3,3,12,19,15,243,24,13,09,305,29,09,07,196,,03,05,138,*7F
$GPRMC,164906.000,A,2632.6845,N,07703.3405,W,0.19,249.36,220324,,,A*7C
$GPVTG,249.36,T,,M,0.19,N,0.4,K,A*0B
$GPGGA,164911.000,2632.6842,N,07703.3402,W,1,07,2.3,4.9,M,-33.0,M,,0000*69
$GPGSA,A,3,02,21,22,08,13,07,14,,,,,,3.7,2.3,2.8*34
$GPGSV,3,1,12,07,73,196,25,30,61,297,,02,59,072,26,21,45,055,17*71
$GPGSV,3,2,12,17,40,259,,14,38,320,27,22,21,306,22,08,21,046,28*78
$GPRMC,164911.000,A,2632.6842,N,07703.3402,W,0.26,8.85,220324,,,A*79
$GPVTG,8.85,T,,M,0.26,N,0.5,K,A*09
$GPGGA,164916.000,2632.6845,N,07703.3401,W,1,07,2.3,5.6,M,-33.0,M,,0000*64
$GPGSA,A,3,02,21,22,08,13,07,14,,,,,,3.6,2.3,2.8*35
$GPGSV,3,1,12,07,73,196,25,30,61,297,,02,59,072,26,21,45,055,17*71
$GPGSV,3,2,12,17,40,259,,14,38,320,27,22,21,306,22,08,21,046,28*78
$GPGSV,3,3,12,19,15,243,23,13,09,305,29,09,07,196,,03,05,138,*78
$GPRMC,164916.000,A,2632.6845,N,07703.3401,W,0.32,71.03,220324,,,A*4F
$GPGGA,164921.000,2632.6850,N,07703.3398,W,1,07,2.3,7.2,M,-33.0,M,,0000*65
$GPGSA,A,3,02,21,22,08,13,07,14,,,,,,3.6,2.3,2.8*35
$GPGSV,3,1,12,07,73,196,25,30,61,297,,02,59,072,26,21,45,055,18*7E
$GPGSV,3,2,12,17,40,259,,14,38,320,27,22,21,306,22,08,21,046,28*78
$GPGSV,3,3,12,19,15,243,22,13,09,305,29,09,07,196,20,03,05,138,*7B
$GPRMC,164921.000,A,2632.6850,N,07703.3398,W,0.11,125.68,220324,,,A*74
$GPVTG,125.68,T,,M,0.11,N,0.2,K,A*07
$GPGGA,164926.000,2632.6843,N,07703.3398,W,1,07,2.3,7.7,M,-33.0,M,,0000*65
$GPGSA,A,3,02,21,22,08,13,07,14,,,,,,3.6,2.3,2.8*35
$GPGSV,3,1,12,07,73,196,25,30,61,297,,02,59,072,26,21,45,055,18*7E
$GPGSV,3,2,12,17,40,259,19,14,38,320,27,22,21,306,22,08,21,046,28*70
$GPGSV,3,3,12,19,15,243,21,13,09,305,29,09,07,196,19,03,05,138,*72
$GPRMC,164926.000,A,2632.6843,N,07703.3398,W,0.20,240.84,220324,,,A*71
$GPVTG,240.84,T,,M,0.20,N,0.4,K,A*01
$GPGGA,164931.000,2632.6833,N,07703.3399,W,1,07,2.3,8.2,M,-33.0,M,,0000*6F
$GPGSA,A,3,02,21,22,08,13,07,14,,,,,,3.6,2.3,2.8*35
$GPGSV,3,1,12,07,73,196,25,30,61,297,,02,59,072,27,21,45,055,17*70
$GPGSV,3,2,12,17,40,259,19,14,38,320,27,22,21,306,22,08,21,046,29*71
$GPGSV,3,3,12,19,15,243,19,13,09,305,28,09,07,196,19,03,05,138,*78
$GPRMC,164931.000,A,2632.6833,N,07703.3399,W,0.51,176.32,220324,,,A*7C
$GPVTG,176.32,T,,M,0.51,N,0.9,K,A*01
$GPGGA,164936.000,2632.6826,N,07703.3400,W,1,07,2.3,8.6,M,-33.0,M,,0000*6F
$GPGSA,A,3,02,21,22,08,13,07,14,,,,,,3.6,2.3,2.8*35
$GPGSV,3,1,12,07,73,196,25,30,61,297,,02,59,072,27,21,45,055,17*70
$GPGSV,3,2,12,17,40,259,19,14,38,320,28,22,21,306,22,08,21,046,28*7F
$GPGSV,3,3,12,19,15,243,18,13,09,305,28,09,07,196,19,03,05,138,*79
$GPRMC,164936.000,A,2632.6826,N,07703.3400,W,0.27,245.79,220324,,,A*75
$GPVTG,245.79,T,,M,0.27,N,0.5,K,A*00
$GPGGA,164941.000,2632.6837,N,07703.3399,W,1,07,2.3,10.1,M,-33.0,M,,0000*56
$GPGSA,A,3,02,21,22,08,13,07,14,,,,,,3.6,2.3,2.8*35
$GPGSV,3,1,12,07,73,196,25,30,61,297,,02,59,072,27,21,45,055,17*70
$GPGSV,3,2,12,17,40,259,19,14,38,320,28,22,21,306,22,08,21,046,28*7F
$GPGSV,3,3,12,19,15,243,18,13,09,305,28,09,07,196,19,03,05,138,*79
$GPVTG,314.08,T,,M,0.16,N,0.3,K,A*07
$GPGGA,164946.000,2632.6844,N,07703.3392,W,1,07,2.3,13.0,M,-33.0,M,,0000*5C
$GPGSA,A,3,02,21,22,08,13,07,14,,,,,,3.6,2.3,2.8*35
$GPGSV,3,1,12,07,72,195,25,30,62,295,,02,59,071,27,21,44,054,17*70
$GPGSV,3,2,12,17,40,260,18,14,38,321,29,22,22,307,22,08,20,046,28*77
$GPGSV,3,3,12,19,15,244,17,13,09,304,27,09,07,195,19,03,06,137,*70
$GPRMC,164946.000,A,2632.6844,N,07703.3392,W,0.38,62.25,220324,,,A*4A
$GPGGA,164951.000,2632.6852,N,07703.3391,W,1,07,2.3,13.9,M,-33.0,M,,0000*57
$GPGSA,A,3,02,21,22,08,13,07,14,,,,,,3.6,2.3,2.8*35
$GPGSV,3,1,12,07,72,195,25,30,62,295,20,02,59,071,27,21,44,054,18*7D
$GPGSV,3,2,12,17,40,260,18,14,38,321,29,22,22,307,22,08,20,046,29*76
$GPGSV,3,3,12,19,15,244,17,13,09,304,27,09,07,195,19,03,06,137,*70
$GPRMC,164951.000,A,2632.6852,N,07703.3391,W,0.35,247.14,220324,,,A*72
$GPVTG,247.14,T,,M,0.35,N,0.7,K,A*08
$GPGGA,164956.000,2632.6868,N,07703.3387,W,1,07,2.3,15.9,M,-33.0,M,,0000*58
$GPGSA,A,3,02,21,22,08,13,07,14,,,,,,3.6,2.3,2.8*35
$GPGSV,3,1,12,07,72,195,25,30,62,295,20,02,59,071,27,21,44,054,17*72
$GPGSV,3,2,12,17,40,260,19,14,38,321,29,22,22,307,22,08,20,046,29*77
$GPGSV,3,3,12,19,15,244,,13,09,304,27,09,07,195,18,03,06,137,*77
$GPRMC,164956.000,A,2632.6868,N,07703.3387,W,0.11,59.14,220324,,,A*40
$GPVTG,59.14,T,,M,0.11,N,0.2,K,A*36
$GPGGA,165001.000,2632.6865,N,07703.3387,W,1,07,2.3,16.4,M,-33.0,M,,0000*51
$GPGSA,A,3,02,21,22,08,13,07,14,,,,,,3.6,2.3,2.8*35
$GPGSV,3,1,12,07,72,195,25,30,62,295,19,02,59,071,27,21,44,054,16*79
$GPGSV,3,2,12,17,40,260,20,14,38,321,29,22,22,307,21,08,20,046,29*7E
$GPGSV,3,3,12,19,15,244,,13,09,304,26,09,07,195,18,03,06,137,*76
$GPRMC,165001.000,A,2632.6865,N,07703.3387,W,0.19,199.34,220324,,,A*70
$GPVTG,199.34,T,,M,0.19,N,0.3,K,A*00
$GPGGA,165006.000,2632.6855,N,07703.3386,W,1,07,2.3,16.9,M,-33.0,M,,0000*59
$GPGSA,A,3,02,21,22,08,13,07,14,,,,,,3.6,2.3,2.8*35
$GPGSV,3,1,12,07,72,195,25,30,62,295,20,02,59,071,27,21,44,054,16*73
$GPGSV,3,2,12,17,40,260,20,14,38,321,29,22,22,307,21,08,20,046,29*7E
$GPGSV,3,3,12,19,15,244,,13,09,304,25,09,07,195,18,03,06,137,*75
$GPRMC,165006.000,A,2632.6855,N,07703.3386,W,0.08,175.37,220324,,,A*74
$GPVTG,175.37,T,,M,0.08,N,0.1,K,A*03
$GPGGA,165011.000,2632.6867,N,07703.3382,W,1,06,2.3,18.8,M,-33.0,M,,0000*54
$GPGSA,A,3,02,22,08,13,07,14,,,,,,,3.7,2.3,2.8*37
$GPGSV,3,1,12,07,72,195,24,30,62,295,20,02,59,071,27,21,44,054,*75
$GPGSV,3,2,12,17,40,260,19,14,38,321,29,22,22,307,21,08,20,046,29*74
$GPRMC,165011.000,A,2632.6867,N,07703.3382,W,0.42,198.22,220324,,,A*7E
$GPVTG,198.22,T,,M,0.42,N,0.8,K,A*03
$GPGGA,165016.000,2632.6861,N,07703.3382,W,1,06,2.3,18.1,M,-33.0,M,,0000*5C
$GPGSA,A,3,02,22,08,13,07,14,,,,,,,3.7,2.3,2.8*37
$GPGSV,3,1,12,07,72,195,24,30,62,295,21,02,59,071,27,21,44,054,*74
$GPGSV,3,2,12,17,40,261,18,14,38,321,29,22,22,307,21,08,20,046,30*7C
$GPGSV,3,3,12,19,15,244,,13,09,304,23,09,07,195,19,03,06,137,*72
$GPRMC,165016.000,A,2632.6861,N,07703.3382,W,0.10,322.51,220324,,,A*7F
$GPGGA,165021.000,2632.6861,N,07703.3380,W,1,06,2.3,17.7,M,-33.0,M,,0000*53
$GPGSA,A,3,02,22,08,13,07,14,,,,,,,3.6,2.3,2.8*36
$GPGSV,3,1,12,07,72,195,24,30,62,295,22,02,59,071,28,21,44,054,*78
$GPGSV,3,2,12,17,40,261,17,14,38,321,29,22,22,307,22,08,20,046,30*70
$GPGSV,3,3,12,19,15,244,,13,09,304,23,09,07,195,19,03,06,137,*72
$GPRMC,165021.000,A,2632.6861,N,07703.3380,W,0.09,187.17,220324,,,A*7E
$GPVTG,187.17,T,,M,0.09,N,0.2,K,A*0E
$GPGGA,165026.000,2632.6867,N,07703.3380,W,1,07,2.3,17.9,M,-33.0,M,,0000*5D
$GPGSA,A,3,02,21,22,08,13,07,14,,,,,,3.5,2.3,2.7*39
$GPGSV,3,1,12,07,72,195,24,30,62,295,22,02,59,071,28,21,44,054,17*7E
$GPGSV,3,2,12,17,40,261,16,14,38,321,29,22,22,307,22,08,20,046,30*71
$GPGSV,3,3,12,19,15,244,,13,09,304,22,09,07,195,18,03,06,137,*72
$GPRMC,165026.000,A,2632.6867,N,07703.3380,W,0.36,280.38,220324,,,A*7A
$GPVTG,280.38,T,,M,0.36,N,0.7,K,A*0E
$GPGGA,165031.000,2632.6878,N,07703.3378,W,1,06,2.3,20.2,M,-33.0,M,,0000*5C
$GPGSA,A,3,02,22,08,13,07,14,,,,,,,3.6,2.3,2.8*36
$GPGSV,3,1,12,07,72,195,24,30,62,295,22,02,59,071,28,21,44,054,*78
$GPGSV,3,2,12,17,40,261,15,14,38,321,29,22,22,307,22,08,20,046,30*72
$GPGSV,3,3,12,19,15,244,,13,09,304,21,09,07,195,18,03,06,137,*71
$GPRMC,165031.000,A,2632.6878,N,07703.3378,W,0.55,175.16,220324,,,A*75
$GPVTG,175.16,T,,M,0.55,N,1.0,K,A*08
$GPGGA,165036.000,2632.6865,N,07703.3380,W,1,06,2.3,19.1,M,-33.0,M,,0000*59
$GPGSA,A,3,02,22,08,13,07,14,,,,,,,3.6,2.3,2.8*36
$GPGSV,3,1,12,07,72,195,24,30,62,295,23,02,59,071,28,21,44,054,*79
$GPGSV,3,2,12,17,40,261,,14,38,321,30,22,22,307,22,08,20,046,30*7E
$GPGSV,3,3,12,19,15,244,,13,09,304,21,09,07,195,17,03,06,137,*7E
$GPRMC,165036.000,A,2632.6865,N,07703.3380,W,0.12,63.44,220324,,,A*4B
$GPVTG,63.44,T,,M,0.12,N,0.2,K,A*39
$GPGGA,165041.000,2632.6865,N,07703.3384,W,1,07,2.2,17.2,M,-33.0,M,,0000*50
$GPGSA,A,3,02,21,22,08,13,07,14,,,,,,3.5,2.2,2.7*38
$GPGSV,3,1,12,07,72,195,23,30,62,295,23,02,59,071,28,21,44,054,16*79
$GPGSV,3,2,12,17,40,261,,14,38,321,30,22,22,307,22,08,20,046,30*7E
$GPGSV,3,3,12,19,15,244,,13,09,304,20,09,07,195,17,03,06,137,*7F
$GPVTG,204.72,T,,M,0.52,N,1.0,K,A*08
$GPGGA,165046.000,2632.6869,N,07703.3384,W,1,06,2.3,15.7,M,-33.0,M,,0000*5C
$GPGSA,A,3,02,22,08,13,07,14,,,,,,,3.6,2.3,2.8*36
$GPGSV,3,1,12,07,71,194,24,30,62,294,23,02,59,070,29,21,44,054,*7A
$GPGSV,3,2,12,17,41,261,,14,38,321,30,22,22,307,21,08,20,046,31*7D
$GPGSV,3,3,12,19,16,244,,13,09,304,19,09,07,195,17,03,06,137,*76
$GPRMC,165046.000,A,2632.6869,N,07703.3384,W,0.35,202.14,220324,,,A*71
$GPVTG,202.14,T,,M,0.35,N,0.7,K,A*09
$GPGGA,165051.000,2632.6854,N,07703.3386,W,1,06,2.3,13.2,M,-33.0,M,,0000*55
$GPGSA,A,3,02,22,08,13,07,14,,,,,,,3.6,2.3,2.8*36
$GPGSV,3,1,12,07,71,194,24,30,62,294,23,02,59,070,29,21,44,054,*7A
$GPGSV,3,2,12,17,41,261,,14,38,321,30,22,22,307,21,08,20,046,31*7D
$GPGSV,3,3,12,19,16,244,,13,09,304,19,09,07,195,16,03,06,137,*77
$GPRMC,165051.000,A,2632.6854,N,07703.3386,W,1.15,185.07,220324,,,A*76
$GPVTG,185.07,T,,M,1.15,N,2.1,K,A*00
$GPGGA,165056.000,2632.6848,N,07703.3388,W,1,06,2.3,12.3,M,-33.0,M,,0000*51
$GPGSA,A,3,02,22,08,13,07,14,,,,,,,3.6,2.3,2.8*36
$GPGSV,3,1,12,07,71,194,24,30,62,294,23,02,59,070,29,21,44,054,*7A
$GPGSV,3,2,12,17,41,261,,14,38,321,30,22,22,307,22,08,20,046,31*7E
$GPGSV,3,3,12,19,16,244,,13,09,304,18,09,07,195,16,03,06,137,*76
$GPRMC,165056.000,A,2632.6848,N,07703.3388,W,0.38,173.31,220324,,,A*70
$GPVTG,173.31,T,,M,0.38,N,0.7,K,A*06
$GPGGA,165101.000,2632.6856,N,07703.3382,W,1,06,2.3,14.3,M,-33.0,M,,0000*51
$GPGSA,A,3,02,22,08,13,07,14,,,,,,,3.6,2.3,2.8*36
$GPGSV,3,1,12,07,71,194,24,30,62,294,23,02,59,070,26,21,44,054,*75
$GPGSV,3,2,12,17,41,261,,14,38,321,30,22,22,307,22,08,20,046,31*7E
$GPGSV,3,3,12,19,16,244,,13,09,304,17,09,07,195,,03,06,137,*7E
$GPRMC,165101.000,A,2632.6856,N,07703.3382,W,0.44,141.86,220324,,,A*70
$GPVTG,141.86,T,,M,0.44,N,0.8,K,A*0F
$GPGGA,165106.000,2632.6857,N,07703.3381,W,1,07,2.2,18.6,M,-33.0,M,,0000*5D
$GPGSA,A,3,21,02,22,08,13,07,14,,,,,,3.5,2.2,2.7*38
$GPGSV,3,1,12,07,71,194,24,30,62,294,12,02,59,070,30,21,44,054,22*70
$GPGSV,3,2,12,17,41,261,19,14,38,321,29,22,22,307,21,08,20,046,31*7D
$GPGSV,3,3,12,19,16,244,,13,09,304,18,09,07,195,,03,06,137,*71
$GPRMC,165106.000,A,2632.6857,N,07703.3381,W,0.47,21.60,220324,,,A*49
$GPVTG,21.60,T,,M,0.47,N,0.9,K,A*32
$GPGGA,165111.000,2632.6872,N,07703.3378,W,1,07,2.2,22.5,M,-33.0,M,,0000*50
$GPGSA,A,3,21,02,22,08,13,07,14,,,,,,3.5,2.2,2.7*38
$GPGSV,3,1,12,07,71,194,24,30,62,294,,02,59,070,30,21,44,054,22*73
$GPGSV,3,2,12,17,41,261,19,14,38,321,29,22,22,307,20,08,20,046,29*75
$GPRMC,165111.000,A,2632.6872,N,07703.3378,W,0.33,84.09,220324,,,A*4D
$GPVTG,84.09,T,,M,0.33,N,0.6,K,A*3E
$GPGGA,165116.000,2632.6863,N,07703.3377,W,1,07,2.2,19.3,M,-33.0,M,,0000*56
$GPGSA,A,3,21,02,22,08,13,07,14,,,,,,3.5,2.2,2.7*38
$GPGSV,3,1,12,07,71,194,24,30,62,294,,02,59,070,30,21,44,053,22*74
$GPGSV,3,2,12,17,41,261,17,14,39,321,30,22,22,307,27,08,20,046,23*7F
$GPGSV,3,3,12,19,16,244,,13,09,304,17,09,07,195,,03,06,137,*7E
$GPRMC,165116.000,A,2632.6863,N,07703.3377,W,0.42,72.53,220324,,,A*45
$GPGGA,165121.000,2632.6857,N,07703.3366,W,1,07,2.2,21.6,M,-33.0,M,,0000*5B
$GPGSA,A,3,21,02,22,08,13,07,14,,,,,,3.5,2.2,2.7*38
$GPGSV,3,1,12,07,71,194,24,30,62,294,20,02,59,070,26,21,44,053,17*77
$GPGSV,3,2,12,17,41,261,18,14,39,321,28,22,22,307,20,08,20,046,32*7E
$GPGSV,3,3,12,19,16,244,,13,09,304,16,09,07,195,,03,06,137,*7F
$GPRMC,165121.000,A,2632.6857,N,07703.3366,W,0.91,90.73,220324,,,A*46
$GPVTG,90.73,T,,M,0.91,N,1.7,K,A*3E
$GPGGA,165126.000,2632.6870,N,07703.3368,W,1,07,2.2,23.6,M,-33.0,M,,0000*55
$GPGSA,A,3,21,02,22,08,13,07,14,,,,,,3.5,2.2,2.7*38
$GPGSV,3,1,12,07,71,194,23,30,62,294,15,02,59,070,28,21,44,053,18*77
$GPGSV,3,2,12,17,41,261,19,14,39,321,28,22,22,307,21,08,20,046,32*7E
$GPGSV,3,3,12,19,16,244,,13,09,304,14,09,07,195,,03,06,137,*7D
$GPRMC,165126.000,A,2632.6870,N,07703.3368,W,0.41,353.68,220324,,,A*71
$GPVTG,353.68,T,,M,0.41,N,0.8,K,A*0B
$GPGGA,165131.000,2632.6886,N,07703.3373,W,1,06,2.5,21.9,M,-33.0,M,,0000*5B
$GPGSA,A,3,21,02,22,08,07,14,,,,,,,4.4,2.5,3.6*3B
$GPGSV,3,1,12,07,71,194,23,30,62,294,15,02,59,070,29,21,44,053,18*76
$GPGSV,3,2,12,17,41,261,20,14,39,321,29,22,22,307,20,08,20,046,32*74
$GPGSV,3,3,12,19,16,244,12,13,09,304,,09,07,195,,03,06,137,*7B
$GPRMC,165131.000,A,2632.6886,N,07703.3373,W,0.08,240.37,220324,,,A*70
$GPVTG,240.37,T,,M,0.08,N,0.2,K,A*05
$GPGGA,165136.000,2632.6872,N,07703.3371,W,1,05,2.7,21.0,M,-33.0,M,,0000*5D
$GPGSA,A,3,02,22,08,07,14,,,,,,,,4.7,2.7,3.8*37
$GPGSV,3,1,12,07,71,194,24,30,62,294,16,02,59,070,30,21,44,053,17*75
$GPGSV,3,2,12,17,41,261,20,14,39,321,29,22,22,307,19,08,20,046,32*7E
$GPGSV,3,3,12,19,16,244,12,13,09,304,,09,07,195,,03,06,137,*7B
$GPRMC,165136.000,A,2632.6872,N,07703.3371,W,0.71,130.90,220324,,,A*79
$GPVTG,130.90,T,,M,0.71,N,1.3,K,A*02
$GPGGA,165141.000,2632.6846,N,07703.3373,W,1,05,2.9,17.9,M,-33.0,M,,0000*5A
$GPGSA,A,3,21,02,08,07,14,,,,,,,,5.4,2.9,4.6*31
$GPGSV,3,1,12,07,71,194,24,30,62,294,17,02,59,070,30,21,44,053,17*74
$GPGSV,3,2,12,17,41,261,20,14,39,321,29,22,22,307,18,08,20,046,32*7F
$GPGSV,3,3,12,19,16,244,12,13,09,304,,09,07,195,,03,06,137,*7B
$GPVTG,158.54,T,,M,0.68,N,1.3,K,A*0C
$GPGGA,165146.000,2632.6839,N,07703.3379,W,1,05,2.7,13.3,M,-33.0,M,,0000*5F
$GPGSA,A,3,02,22,08,07,14,,,,,,,,4.7,2.7,3.8*37
$GPGSV,3,1,12,07,71,194,23,30,62,294,18,02,59,069,30,21,44,053,17*74
$GPGSV,3,2,12,17,41,261,20,14,39,322,29,22,22,307,17,08,20,046,32*73
$GPGSV,3,3,12,19,16,245,,13,09,303,,09,06,195,,03,06,137,*7F
$GPRMC,165146.000,A,2632.6839,N,07703.3379,W,0.91,165.28,220324,,,A*74
$GPVTG,165.28,T,,M,0.91,N,1.7,K,A*0B
$GPGGA,165151.000,2632.6832,N,07703.3387,W,1,06,2.5,8.9,M,-33.0,M,,0000*62
$GPGSA,A,3,21,02,22,08,07,14,,,,,,,4.4,2.5,3.6*3B
$GPGSV,3,1,12,07,71,194,23,30,62,294,18,02,59,069,30,21,44,053,17*74
$GPGSV,3,2,12,17,41,261,21,14,39,322,29,22,22,307,20,08,20,046,32*76
$GPGSV,3,3,12,19,16,245,,13,09,303,,09,06,195,,03,06,137,*7F
$GPRMC,165151.000,A,2632.6832,N,07703.3387,W,0.30,199.75,220324,,,A*78
$GPVTG,199.75,T,,M,0.30,N,0.5,K,A*08
$GPGGA,165156.000,2632.6824,N,07703.3390,W,1,06,2.5,4.7,M,-33.0,M,,0000*66
$GPGSA,A,3,21,02,22,08,07,14,,,,,,,4.4,2.5,3.6*3B
$GPGSV,3,1,12,07,71,194,22,30,62,294,17,02,59,069,30,21,44,053,19*74
$GPGSV,3,2,12,17,41,261,21,14,39,322,29,22,22,307,20,08,20,046,32*76
$GPGSV,3,3,12,19,16,245,,13,09,303,,09,06,195,,03,06,137,*7F
$GPRMC,165156.000,A,2632.6824,N,07703.3390,W,1.97,197.14,220324,,,A*7B
$GPVTG,197.14,T,,M,1.97,N,3.6,K,A*0D
$GPGGA,165201.000,2632.6793,N,07703.3393,W,1,06,2.5,2.0,M,-33.0,M,,0000*66
$GPGSA,A,3,21,02,22,08,07,14,,,,,,,4.4,2.5,3.6*3B
$GPGSV,3,1,12,07,71,194,21,30,62,294,17,02,59,069,30,21,44,053,18*76
$GPGSV,3,2,12,17,41,261,22,14,39,322,29,22,22,307,15,08,20,046,32*73
$GPGSV,3,3,12,19,16,245,,13,09,303,,09,06,195,,03,06,137,*7F
$GPRMC,165201.000,A,2632.6793,N,07703.3393,W,1.21,194.97,220324,,,A*7F
$GPVTG,194.97,T,,M,1.21,N,2.2,K,A*0D
$GPGGA,165206.000,2632.6801,N,07703.3393,W,1,06,2.5,1.2,M,-33.0,M,,0000*64
$GPGSA,A,3,21,02,22,08,07,14,,,,,,,4.4,2.5,3.6*3B
$GPGSV,3,1,12,07,71,194,21,30,62,294,18,02,59,069,30,21,44,053,18*79
$GPGSV,3,2,12,17,41,261,22,14,39,322,29,22,22,307,18,08,20,046,32*7E
$GPGSV,3,3,12,19,16,245,,13,09,303,,09,06,195,,03,06,137,*7F
$GPRMC,165206.000,A,2632.6801,N,07703.3393,W,0.10,350.13,220324,,,A*79
$GPVTG,350.13,T,,M,0.10,N,0.2,K,A*0A
$GPGGA,165211.000,2632.6792,N,07703.3399,W,1,06,2.5,-3.9,M,-33.0,M,,0000*49
$GPGSA,A,3,21,02,22,08,07,14,,,,,,,4.3,2.5,3.6*3C
$GPGSV,3,1,12,07,71,194,21,30,62,294,18,02,59,069,30,21,44,053,17*76
$GPGSV,3,2,12,17,41,261,22,14,39,322,29,22,22,307,18,08,20,046,32*7E
$GPGSV,3,3,12,19,16,245,20,13,09,303,,09,06,195,,03,06,137,*7D
$GPVTG,222.64,T,,M,0.58,N,1.1,K,A*00
$GPGGA,165216.000,2632.6794,N,07703.3397,W,1,06,2.5,-4.4,M,-33.0,M,,0000*4C
$GPGSA,A,3,21,02,22,08,07,14,,,,,,,4.3,2.5,3.6*3C
$GPGSV,3,1,12,07,71,194,20,30,62,294,18,02,59,069,30,21,44,053,16*76
$GPGSV,3,2,12,17,41,261,23,14,39,322,29,22,22,307,18,08,20,046,32*7F
$GPGSV,3,3,12,19,16,245,20,13,09,303,,09,06,195,,03,06,137,*7D
$GPRMC,165216.000,A,2632.6794,N,07703.3397,W,1.62,179.53,220324,,,A*76
$GPVTG,179.53,T,,M,1.62,N,3.0,K,A*02
$GPGGA,165221.000,2632.6810,N,07703.3396,W,1,05,2.6,-4.9,M,-33.0,M,,0000*47
$GPGSA,A,3,02,22,08,07,14,,,,,,,,4.6,2.6,3.8*37
$GPGSV,3,1,12,07,71,194,19,30,62,294,18,02,59,069,30,21,44,053,17*7D
$GPGSV,3,2,12,17,41,261,23,14,39,322,29,22,22,307,19,08,20,046,32*7E
$GPGSV,3,3,12,19,16,245,20,13,09,303,,09,06,195,,03,06,137,*7D
$GPRMC,165221.000,A,2632.6810,N,07703.3396,W,1.10,19.26,220324,,,A*40
$GPVTG,19.26,T,,M,1.10,N,2.0,K,A*33
$GPGGA,165226.000,2632.6790,N,07703.3397,W,1,06,2.5,-6.7,M,-33.0,M,,0000*4A
$GPGSA,A,3,21,02,22,08,07,14,,,,,,,4.3,2.5,3.5*3F
$GPGSV,3,1,12,07,71,194,18,30,62,294,18,02,59,069,30,21,44,053,17*7C
$GPGSV,3,2,12,17,41,261,23,14,39,322,29,22,22,307,19,08,20,046,32*7E
$GPGSV,3,3,12,19,16,245,19,13,09,303,,09,06,195,,03,06,137,*77
$GPRMC,165226.000,A,2632.6790,N,07703.3397,W,1.48,177.57,220324,,,A*73
$GPVTG,177.57,T,,M,1.48,N,2.7,K,A*06
$GPGGA,165231.000,2632.6805,N,07703.3387,W,1,05,5.1,-1.1,M,-33.0,M,,0000*4F
$GPGSA,A,3,21,02,22,08,14,,,,,,,,6.7,5.1,4.3*3C
$GPGSV,3,1,12,07,71,194,18,30,62,294,18,02,59,069,30,21,44,053,18*73
$GPGSV,3,2,12,17,41,261,24,14,39,322,29,22,22,307,20,08,20,046,32*73
$GPGSV,3,3,12,19,16,245,19,13,09,303,,09,06,195,,03,06,137,*77
$GPRMC,165231.000,A,2632.6805,N,07703.3387,W,0.23,190.97,220324,,,A*7E
$GPVTG,190.97,T,,M,0.23,N,0.4,K,A*0E
$GPGGA,165236.000,2632.6768,N,07703.3398,W,1,06,2.5,-4.2,M,-33.0,M,,0000*44
$GPGSA,A,3,21,02,22,08,07,14,,,,,,,4.3,2.5,3.5*3F
$GPGSV,3,1,12,07,71,194,18,30,62,294,17,02,59,069,30,21,44,053,19*7D
$GPGSV,3,2,12,17,41,261,24,14,39,322,28,22,22,307,21,08,20,046,32*73
$GPGSV,3,3,12,19,16,245,19,13,09,303,,09,06,195,,03,06,137,*77
$GPRMC,165236.000,A,2632.6768,N,07703.3398,W,0.36,136.73,220324,,,A*71
$GPVTG,136.73,T,,M,0.36,N,0.7,K,A*0F
$GPGGA,165241.000,2632.6785,N,07703.3400,W,1,06,2.5,-3.4,M,-33.0,M,,0000*40
$GPGSA,A,3,21,02,22,08,07,14,,,,,,,4.3,2.5,3.5*3F
$GPGSV,3,1,12,07,71,194,18,30,62,294,16,02,59,069,30,21,44,053,19*7C
$GPGSV,3,2,12,17,41,261,25,14,39,322,28,22,22,307,21,08,20,046,32*72
$GPRMC,165241.000,A,2632.6785,N,07703.3400,W,0.72,21.94,220324,,,A*4A
$GPVTG,21.94,T,,M,0.72,N,1.3,K,A*34
$GPGGA,165246.000,2632.6785,N,07703.3401,W,1,06,2.4,-2.5,M,-33.0,M,,0000*47
$GPGSA,A,3,21,02,22,08,07,14,,,,,,,4.3,2.4,3.5*3E
$GPGSV,3,1,12,07,71,194,18,30,62,294,15,02,59,069,30,21,44,053,19*7F
$GPGSV,3,2,12,17,41,261,25,14,39,322,27,22,22,307,22,08,20,046,32*7E
$GPGSV,3,3,12,19,16,245,19,13,09,303,,09,06,195,,03,06,137,*77
$GPRMC,165246.000,A,2632.6785,N,07703.3401,W,0.40,90.63,220324,,,A*4F
$GPGGA,165251.000,2632.6806,N,07703.3400,W,1,06,2.4,3.6,M,-33.0,M,,0000*6B
$GPGSA,A,3,21,02,22,08,07,14,,,,,,,4.3,2.4,3.5*3E
$GPGSV,3,1,12,07,71,194,19,30,62,294,15,02,59,069,30,21,44,053,18*7F
$GPGSV,3,2,12,17,41,261,25,14,39,322,26,22,22,307,23,08,20,046,32*7E
$GPGSV,3,3,12,19,16,245,19,13,09,303,,09,06,195,,03,06,137,*77
$GPRMC,165251.000,A,2632.6806,N,07703.3400,W,0.27,327.00,220324,,,A*77
$GPVTG,327.00,T,,M,0.27,N,0.5,K,A*0B
$GPGGA,165256.000,2632.6826,N,07703.3402,W,1,07,2.1,5.8,M,-33.0,M,,0000*60
$GPGSA,A,3,21,02,22,08,13,07,14,,,,,,3.3,2.1,2.6*3C
$GPGSV,3,1,12,07,71,194,19,30,62,294,15,02,59,069,29,21,44,053,18*77
$GPGSV,3,2,12,17,41,261,25,14,39,322,25,22,22,307,24,08,20,046,32*7A
$GPGSV,3,3,12,19,16,245,19,13,09,303,19,09,06,195,,03,06,137,*7F
$GPRMC,165256.000,A,2632.6826,N,07703.3402,W,0.58,7.39,220324,,,A*73
$GPVTG,7.39,T,,M,0.58,N,1.1,K,A*0D
$GPGGA,165301.000,2632.6851,N,07703.3410,W,1,07,2.1,11.9,M,-33.0,M,,0000*54
$GPGSA,A,3,21,02,22,08,13,07,14,,,,,,3.3,2.1,2.6*3C
$GPGSV,3,1,12,07,71,194,20,30,62,294,16,02,59,069,29,21,44,053,19*7F
$GPGSV,3,2,12,17,41,261,24,14,39,322,24,22,22,307,25,08,20,046,32*7B
$GPGSV,3,3,12,19,16,245,20,13,09,303,20,09,06,195,,03,06,137,*7F
$GPRMC,165301.000,A,2632.6851,N,07703.3410,W,1.22,338.31,220324,,,A*78
$GPVTG,338.31,T,,M,1.22,N,2.3,K,A*07
$GPGGA,165306.000,2632.6874,N,07703.3409,W,1,07,2.1,17.1,M,-33.0,M,,0000*52
$GPGSA,A,3,21,02,22,08,13,07,14,,,,,,3.3,2.1,2.6*3C
$GPGSV,3,1,12,07,71,194,22,30,62,294,16,02,59,069,29,21,44,053,18*7C
$GPGSV,3,2,12,17,41,261,24,14,39,322,23,22,22,307,25,08,20,046,32*7C
$GPGSV,3,3,12,19,16,245,20,13,09,303,20,09,06,195,,03,06,137,*7F
$GPRMC,165306.000,A,2632.6874,N,07703.3409,W,0.77,40.57,220324,,,A*4D
$GPVTG,40.57,T,,M,0.77,N,1.4,K,A*3E
$GPGGA,165311.000,2632.6882,N,07703.3404,W,1,07,2.1,17.8,M,-33.0,M,,0000*59
$GPGSA,A,3,21,02,22,08,13,07,14,,,,,,3.3,2.1,2.6*3C
$GPGSV,3,1,12,07,71,194,23,30,62,294,16,02,59,069,28,21,44,053,18*7C
$GPGSV,3,2,12,17,41,261,24,14,39,322,23,22,22,307,26,08,20,046,32*7F
$GPRMC,165311.000,A,2632.6882,N,07703.3404,W,1.35,327.74,220324,,,A*7B
$GPVTG,327.74,T,,M,1.35,N,2.5,K,A*08
$GPGGA,165316.000,2632.6886,N,07703.3400,W,1,07,2.1,18.4,M,-33.0,M,,0000*5D
$GPGSA,A,3,21,02,22,08,13,07,14,,,,,,3.3,2.1,2.6*3C
$GPGSV,3,1,12,07,70,193,23,30,63,292,18,02,58,068,28,21,43,053,17*7B
$GPGSV,3,2,12,17,41,262,24,14,39,322,22,22,23,308,27,08,19,047,32*79
$GPGSV,3,3,12,19,16,245,20,13,09,303,21,03,07,136,,09,06,194,*7F
$GPRMC,165316.000,A,2632.6886,N,07703.3400,W,0.32,27.73,220324,,,A*4E
$GPGGA,165321.000,2632.6900,N,07703.3397,W,1,07,2.1,19.6,M,-33.0,M,,0000*5C
$GPGSA,A,3,21,02,22,08,13,07,14,,,,,,3.3,2.1,2.6*3C
$GPGSV,3,1,12,07,70,193,24,30,63,292,18,02,58,068,28,21,43,053,17*7C
$GPGSV,3,2,12,17,41,262,23,14,39,322,21,22,23,308,27,08,19,047,31*7E
$GPGSV,3,3,12,19,16,245,20,13,09,303,21,03,07,136,,09,06,194,*7F
$GPRMC,165321.000,A,2632.6900,N,07703.3397,W,0.20,309.42,220324,,,A*72
$GPVTG,309.42,T,,M,0.20,N,0.4,K,A*07
$GPGGA,165326.000,2632.6902,N,07703.3396,W,1,07,2.1,20.2,M,-33.0,M,,0000*56
$GPGSA,A,3,21,02,22,08,13,07,14,,,,,,3.3,2.1,2.6*3C
$GPGSV,3,1,12,07,70,193,24,30,63,292,18,02,58,068,27,21,43,053,16*72
$GPGSV,3,2,12,17,41,262,23,14,39,322,20,22,23,308,28,08,19,047,31*70
$GPGSV,3,3,12,19,16,245,22,13,09,303,21,03,07,136,,09,06,194,*7D
$GPRMC,165326.000,A,2632.6902,N,07703.3396,W,0.18,335.50,220324,,,A*71
$GPVTG,335.50,T,,M,0.18,N,0.3,K,A*07
$GPGGA,165331.000,2632.6905,N,07703.3399,W,1,07,2.1,21.1,M,-33.0,M,,0000*5A
$GPGSA,A,3,21,02,22,08,13,07,14,,,,,,3.3,2.1,2.6*3C
$GPGSV,3,1,12,07,70,193,24,30,63,292,18,02,58,068,27,21,43,053,15*71
$GPGSV,3,2,12,17,41,262,23,14,39,322,19,22,23,308,28,08,19,047,31*7A
$GPGSV,3,3,12,19,16,245,22,13,09,303,20,03,07,136,,09,06,194,*7C
$GPRMC,165331.000,A,2632.6905,N,07703.3399,W,0.07,295.30,220324,,,A*7C
$GPVTG,295.30,T,,M,0.07,N,0.1,K,A*06
$GPGGA,165336.000,2632.6890,N,07703.3393,W,1,07,2.1,20.9,M,-33.0,M,,0000*53
$GPGSA,A,3,21,02,22,08,13,07,14,,,,,,3.3,2.1,2.5*3F
$GPGSV,3,1,12,07,70,193,24,30,63,292,17,02,58,068,27,21,43,053,16*7D
$GPGSV,3,2,12,17,41,262,23,14,39,322,19,22,23,308,28,08,19,047,31*7A
$GPGSV,3,3,12,19,16,245,23,13,09,303,20,03,07,136,,09,06,194,*7D
$GPRMC,165336.000,A,2632.6890,N,07703.3393,W,0.44,129.04,220324,,,A*78
$GPVTG,129.04,T,,M,0.44,N,0.8,K,A*0B
$GPGGA,165341.000,2632.6873,N,07703.3393,W,1,07,2.1,16.4,M,-33.0,M,,0000*56
$GPGSA,A,3,21,02,22,08,13,07,14,,,,,,3.3,2.1,2.5*3F
$GPGSV,3,1,12,07,70,193,24,30,63,292,17,02,58,068,27,21,43,052,18*72
$GPGSV,3,2,12,17,41,263,22,14,39,322,19,22,23,308,28,08,19,047,31*7A
$GPRMC,165341.000,A,2632.6873,N,07703.3393,W,0.57,176.74,220324,,,A*7A
$GPVTG,176.74,T,,M,0.57,N,1.0,K,A*0D
$GPGGA,165346.000,2632.6868,N,07703.3386,W,1,07,2.1,12.7,M,-33.0,M,,0000*58
$GPGSA,A,3,21,02,22,08,13,07,14,,,,,,3.3,2.1,2.5*3F
$GPGSV,3,1,12,07,70,193,25,30,63,292,17,02,58,068,27,21,43,052,19*72
$GPGSV,3,2,12,17,41,263,22,14,39,322,19,22,23,308,29,08,19,047,31*7B
$GPGSV,3,3,12,19,16,245,22,13,09,303,21,03,07,136,,09,06,194,*7D
$GPRMC,165346.000,A,2632.6868,N,07703.3386,W,1.11,173.40,220324,,,A*72
$GPGGA,165351.000,2632.6843,N,07703.3390,W,1,07,2.1,6.9,M,-33.0,M,,0000*6B
$GPGSA,A,3,21,02,22,08,13,07,14,,,,,,3.3,2.1,2.5*3F
$GPGSV,3,1,12,07,70,193,25,30,63,292,17,02,58,068,26,21,43,052,19*73
$GPGSV,3,2,12,17,41,263,21,14,39,322,18,22,23,308,28,08,19,047,31*78
$GPGSV,3,3,12,19,16,245,23,13,09,303,21,03,07,136,,09,06,194,*7C
$GPRMC,165351.000,A,2632.6843,N,07703.3390,W,0.92,171.89,220324,,,A*77
$GPVTG,171.89,T,,M,0.92,N,1.7,K,A*06
$GPGGA,165356.000,2632.6831,N,07703.3393,W,1,07,2.1,4.8,M,-33.0,M,,0000*69
$GPGSA,A,3,21,02,22,08,13,07,14,,,,,,3.3,2.1,2.5*3F
$GPGSV,3,1,12,07,70,193,25,30,63,292,18,02,58,068,26,21,43,052,20*76
$GPGSV,3,2,12,17,41,263,21,14,39,322,17,22,23,308,28,08,19,047,31*77
$GPGSV,3,3,12,19,16,245,23,13,09,303,21,03,07,136,,09,06,194,*7C
$GPRMC,165356.000,A,2632.6831,N,07703.3393,W,1.19,169.55,220324,,,A*7C
$GPVTG,169.55,T,,M,1.19,N,2.2,K,A*0A
$GPGGA,165401.000,2632.6785,N,07703.3384,W,1,07,2.1,-3.5,M,-33.0,M,,0000*4D
$GPGSA,A,3,21,02,22,08,13,07,14,,,,,,3.3,2.1,2.5*3F
$GPGSV,3,1,12,07,70,193,25,30,63,292,18,02,58,068,26,21,43,052,20*76
$GPGSV,3,2,12,17,41,263,20,14,39,322,16,22,23,308,28,08,19,047,31*77
$GPGSV,3,3,12,19,16,245,23,13,09,303,21,03,07,136,,09,06,194,*7C
$GPRMC,165401.000,A,2632.6785,N,07703.3384,W,1.76,169.12,220324,,,A*75
$GPVTG,169.12,T,,M,1.76,N,3.3,K,A*00
$GPGGA,165406.000,2632.6743,N,07703.3385,W,1,07,2.1,-14.9,M,-33.0,M,,0000*7B
$GPGSA,A,3,21,02,22,08,13,07,14,,,,,,3.2,2.1,2.5*3E
$GPGSV,3,1,12,07,70,193,25,30,63,292,18,02,58,068,26,21,43,052,21*77
$GPGSV,3,2,12,17,41,263,19,14,39,322,15,22,23,308,28,08,19,047,31*7E
$GPGSV,3,3,12,19,16,245,23,13,09,303,21,03,07,136,,09,06,194,*7C
$GPRMC,165406.000,A,2632.6743,N,07703.3385,W,2.05,168.60,220324,,,A*7A
$GPVTG,168.60,T,,M,2.05,N,3.8,K,A*08
$GPGGA,165411.000,2632.6722,N,07703.3385,W,1,07,2.0,-20.5,M,-33.0,M,,0000*70
$GPGSA,A,3,21,02,22,08,13,07,14,,,,,,3.2,2.0,2.5*3F
$GPGSV,3,1,12,07,70,193,25,30,63,292,18,02,58,068,26,21,43,052,21*77
$GPGSV,3,2,12,17,41,263,19,14,39,322,14,22,23,308,28,08,19,047,31*7F
$GPGSV,3,3,12,19,16,245,23,13,09,303,20,03,07,136,,09,06,194,*7D
$GPRMC,165411.000,A,2632.6722,N,07703.3385,W,1.77,170.86,220324,,,A*7C
$GPVTG,170.86,T,,M,1.77,N,3.3,K,A*04
$GPGGA,165416.000,2632.6727,N,07703.3382,W,1,07,2.0,-20.6,M,-33.0,M,,0000*76
$GPGSA,A,3,21,02,22,08,13,07,14,,,,,,3.2,2.0,2.5*3F
$GPGSV,3,1,12,07,70,193,25,30,63,292,19,02,58,068,26,21,43,052,20*77
$GPGSV,3,2,12,17,41,263,19,14,39,322,14,22,23,308,28,08,19,047,31*7F
$GPGSV,3,3,12,19,16,245,23,13,09,303,20,03,07,136,,09,06,194,*7D
$GPVTG,151.39,T,,M,1.11,N,2.1,K,A*00
$GPGGA,165421.000,2632.6741,N,07703.3389,W,1,07,2.0,-18.7,M,-33.0,M,,0000*73
$GPGSA,A,3,21,02,22,08,13,07,14,,,,,,3.2,2.0,2.5*3F
$GPGSV,3,1,12,07,70,193,25,30,63,292,20,02,58,068,25,21,43,052,20*7E
$GPGSV,3,2,12,17,41,263,19,14,39,322,14,22,23,308,28,08,19,047,31*7F
$GPGSV,3,3,12,19,16,245,22,13,09,303,19,03,07,136,,09,06,194,*76
$GPRMC,165421.000,A,2632.6741,N,07703.3389,W,0.73,163.29,220324,,,A*74
$GPVTG,163.29,T,,M,0.73,N,1.4,K,A*03
$GPGGA,165426.000,2632.6740,N,07703.3390,W,1,07,2.0,-20.7,M,-33.0,M,,0000*76
$GPGSA,A,3,21,02,22,08,13,07,14,,,,,,3.2,2.0,2.5*3F
$GPGSV,3,1,12,07,70,193,24,30,63,292,20,02,58,068,24,21,43,052,20*7E
$GPGSV,3,2,12,17,41,263,19,14,39,322,14,22,23,308,28,08,19,047,30*7E
$GPGSV,3,3,12,19,16,245,22,13,09,303,19,03,07,136,,09,06,194,*76
$GPRMC,165426.000,A,2632.6740,N,07703.3390,W,1.12,155.26,220324,,,A*76
$GPVTG,155.26,T,,M,1.12,N,2.1,K,A*09
$GPGGA,165431.000,2632.6740,N,07703.3392,W,1,07,2.0,-20.5,M,-33.0,M,,0000*70
$GPGSA,A,3,21,02,22,08,13,07,14,,,,,,3.2,2.0,2.5*3F
$GPGSV,3,1,12,07,70,193,24,30,63,292,21,02,58,068,24,21,43,052,20*7F
$GPGSV,3,2,12,17,41,263,19,14,39,322,14,22,23,308,27,08,19,047,30*71
$GPGSV,3,3,12,19,16,245,22,13,09,303,19,03,07,136,,09,06,194,*76
$GPRMC,165431.000,A,2632.6740,N,07703.3392,W,0.53,182.72,220324,,,A*7D
$GPVTG,182.72,T,,M,0.53,N,1.0,K,A*04
$GPGGA,165436.000,2632.6732,N,07703.3398,W,1,06,3.0,-25.1,M,-33.0,M,,0000*79
$GPGSA,A,3,21,02,22,08,13,07,,,,,,,4.8,3.0,3.7*35
$GPGSV,3,1,12,07,70,193,24,30,63,292,21,02,58,068,23,21,43,052,19*72
$GPGSV,3,2,12,17,41,263,20,14,39,322,13,22,23,308,27,08,19,047,30*7C
$GPGSV,3,3,12,19,16,245,22,13,09,303,18,03,07,136,,09,06,194,*77
$GPRMC,165436.000,A,2632.6732,N,07703.3398,W,0.79,184.92,220324,,,A*75
$GPVTG,184.92,T,,M,0.79,N,1.5,K,A*01
$GPGGA,165441.000,2632.6739,N,07703.3390,W,1,07,2.0,-20.8,M,-33.0,M,,0000*76
$GPGSA,A,3,21,02,22,08,13,07,14,,,,,,3.2,2.0,2.5*3F
$GPGSV,3,1,12,07,70,193,24,30,63,292,21,02,58,068,22,21,43,052,19*73
$GPGSV,3,2,12,17,41,263,20,14,39,322,13,22,23,308,27,08,19,047,30*7C
$GPGSV,3,3,12,19,16,245,22,13,09,303,19,03,07,136,,09,06,194,*76
$GPRMC,165441.000,A,2632.6739,N,07703.3390,W,1.04,160.53,220324,,,A*7A
$GPVTG,160.53,T,,M,1.04,N,1.9,K,A*01
$GPGGA,165446.000,2632.6742,N,07703.3387,W,1,06,2.1,-17.2,M,-33.0,M,,0000*75
$GPGSA,A,3,02,22,08,13,07,14,,,,,,,3.3,2.1,2.5*3C
$GPGSV,3,1,12,07,70,193,24,30,63,292,20,02,58,068,21,21,43,052,18*70
$GPGSV,3,2,12,17,41,263,20,14,39,322,13,22,23,308,27,08,19,047,30*7C
$GPRMC,165446.000,A,2632.6742,N,07703.3387,W,0.65,94.18,220324,,,A*44
$GPVTG,94.18,T,,M,0.65,N,1.2,K,A*39
$GPGGA,165451.000,2632.6740,N,07703.3392,W,1,07,2.0,-15.7,M,-33.0,M,,0000*72
$GPGSA,A,3,21,02,22,08,13,07,14,,,,,,3.2,2.0,2.5*3F
$GPGSV,3,1,12,07,70,193,24,30,63,292,20,02,58,068,20,21,43,052,18*71
$GPGSV,3,2,12,17,41,263,19,14,39,322,14,22,23,308,27,08,19,047,30*71
$GPGSV,3,3,12,19,16,245,21,13,09,303,20,03,07,136,,09,06,194,*7F
$GPRMC,165451.000,A,2632.6740,N,07703.3392,W,0.38,124.62,220324,,,A*7B
$GPGGA,165456.000,2632.6737,N,07703.3387,W,1,07,2.0,-17.2,M,-33.0,M,,0000*76
$GPGSA,A,3,21,02,22,08,13,07,14,,,,,,3.2,2.0,2.5*3F
$GPGSV,3,1,12,07,70,193,24,30,63,292,19,02,58,068,20,21,43,052,17*74
$GPGSV,3,2,12,17,41,263,19,14,39,322,17,22,23,308,26,08,19,047,30*73
$GPGSV,3,3,12,19,16,245,21,13,09,303,20,03,07,136,,09,06,194,*7F
$GPRMC,165456.000,A,2632.6737,N,07703.3387,W,0.83,169.60,220324,,,A*73
$GPVTG,169.60,T,,M,0.83,N,1.5,K,A*0A
$GPGGA,165501.000,2632.6724,N,07703.3380,W,1,07,2.0,-17.7,M,-33.0,M,,0000*75
$GPGSA,A,3,21,02,22,08,13,07,14,,,,,,3.2,2.0,2.5*3F
$GPGSV,3,1,12,07,70,193,23,30,63,292,19,02,58,068,19,21,43,052,13*7D
$GPGSV,3,2,12,17,41,263,18,14,39,322,17,22,23,308,26,08,19,047,29*7A
$GPGSV,3,3,12,19,16,245,15,13,09,303,21,03,07,136,,09,06,194,*79
$GPRMC,165501.000,A,2632.6724,N,07703.3380,W,0.74,108.91,220324,,,A*74
$GPVTG,108.91,T,,M,0.74,N,1.4,K,A*0A
$GPGGA,165506.000,2632.6709,N,07703.3364,W,1,06,2.1,-17.7,M,-33.0,M,,0000*77
$GPGSA,A,3,02,22,08,13,07,14,,,,,,,3.3,2.1,2.5*3C
$GPGSV,3,1,12,07,70,193,23,30,63,292,18,02,58,068,18,21,43,052,*7F
$GPGSV,3,2,12,17,41,263,18,14,39,322,16,22,23,308,26,08,19,047,29*7B
$GPGSV,3,3,12,19,16,245,18,13,09,303,21,03,07,136,,09,06,194,*74
$GPRMC,165506.000,A,2632.6709,N,07703.3364,W,0.78,151.87,220324,,,A*71
$GPVTG,151.87,T,,M,0.78,N,1.4,K,A*0D
$GPGGA,165511.000,2632.6715,N,07703.3363,W,1,05,3.2,-11.7,M,-33.0,M,,0000*7C
$GPGSA,A,3,02,22,08,13,07,,,,,,,,5.1,3.2,4.0*3C
$GPGSV,3,1,12,07,70,193,22,30,63,292,18,02,58,068,18,21,43,052,*7E
$GPGSV,3,2,12,17,41,263,17,14,39,322,15,22,23,308,26,08,19,047,29*77
$GPGSV,3,3,12,19,16,245,19,13,09,303,22,03,07,136,,09,06,194,*76
$GPRMC,165511.000,A,2632.6715,N,07703.3363,W,0.97,174.11,220324,,,A*74
$GPVTG,174.11,T,,M,0.97,N,1.8,K,A*08
$GPGGA,165516.000,2632.6775,N,07703.3364,W,1,05,3.2,0.8,M,-33.0,M,,0000*68
$GPGSA,A,3,02,22,08,13,07,,,,,,,,5.1,3.2,4.0*3C
$GPGSV,3,1,12,07,70,193,22,30,63,292,17,02,58,068,18,21,43,052,*71
$GPGSV,3,2,12,17,41,263,16,14,39,322,,22,23,308,26,08,19,047,29*72
$GPRMC,165516.000,A,2632.6775,N,07703.3364,W,0.88,2.28,220324,,,A*76
$GPVTG,2.28,T,,M,0.88,N,1.6,K,A*02
$GPGGA,165521.000,2632.6827,N,07703.3367,W,1,05,3.2,13.8,M,-33.0,M,,0000*55
$GPGSA,A,3,02,22,08,13,07,,,,,,,,5.1,3.2,4.0*3C
$GPGSV,3,1,12,07,70,193,22,30,63,292,17,02,58,068,19,21,43,052,*70
$GPGSV,3,2,12,17,41,263,16,14,39,322,,22,23,308,26,08,19,047,29*72
$GPGSV,3,3,12,19,16,245,19,13,09,303,22,03,07,136,,09,06,194,*76
$GPRMC,165521.000,A,2632.6827,N,07703.3367,W,1.19,8.78,220324,,,A*7F
$GPVTG,8.78,T,,M,1.19,N,2.2,K,A*03
$GPGGA,165526.000,2632.6860,N,07703.3372,W,1,05,3.2,20.6,M,-33.0,M,,0000*5B
$GPGSA,A,3,02,22,08,13,07,,,,,,,,5.1,3.2,3.9*32
$GPGSV,3,1,12,07,70,193,21,30,63,292,17,02,58,068,19,21,43,052,15*77
$GPGSV,3,2,12,17,41,263,16,14,39,322,,22,23,308,26,08,19,047,29*72
$GPGSV,3,3,12,19,16,245,20,13,09,303,22,03,07,136,,09,06,194,*7C
$GPRMC,165526.000,A,2632.6860,N,07703.3372,W,1.92,353.33,220324,,,A*7E
$GPVTG,353.33,T,,M,1.92,N,3.6,K,A*07
$GPGGA,165531.000,2632.6888,N,07703.3379,W,1,06,2.9,29.0,M,-33.0,M,,0000*56
$GPGSA,A,3,21,02,22,08,13,07,,,,,,,4.6,2.9,3.6*32
$GPGSV,3,1,12,07,70,193,22,30,63,292,18,02,58,068,19,21,43,052,15*7B
$GPGSV,3,2,12,17,41,263,15,14,39,322,,22,23,308,26,08,19,047,29*71
$GPGSV,3,3,12,19,16,245,20,13,09,303,22,03,07,136,18,09,06,194,*75
$GPRMC,165531.000,A,2632.6888,N,07703.3379,W,1.05,7.08,220324,,,A*71
$GPVTG,7.08,T,,M,1.05,N,2.0,K,A*04
$GPGGA,165536.000,2632.6927,N,07703.3390,W,1,05,3.2,33.2,M,-33.0,M,,0000*52
$GPGSA,A,3,02,22,08,13,07,,,,,,,,5.0,3.2,3.9*33
$GPGSV,3,1,12,07,70,193,22,30,63,292,18,02,58,068,19,21,43,052,*7F
$GPGSV,3,2,12,17,41,263,15,14,39,322,,22,23,308,25,08,19,047,29*72
$GPGSV,3,3,12,19,16,245,19,13,09,303,22,03,07,136,18,09,06,194,*7F
$GPRMC,165536.000,A,2632.6927,N,07703.3390,W,2.00,357.76,220324,,,A*7C
$GPVTG,357.76,T,,M,2.00,N,3.7,K,A*0B
$GPGGA,165541.000,2632.6920,N,07703.3392,W,1,05,3.1,34.0,M,-33.0,M,,0000*51
$GPGSA,A,3,02,22,08,13,07,,,,,,,,5.0,3.1,3.9*30
$GPGSV,3,1,12,07,70,193,22,30,63,292,18,02,58,068,20,21,43,052,13*77
$GPGSV,3,2,12,17,41,263,15,14,39,322,,22,23,308,25,08,19,047,28*73
$GPGSV,3,3,12,19,16,245,19,13,09,303,21,03,07,136,18,09,06,194,*7C
$GPRMC,165541.000,A,2632.6920,N,07703.3392,W,0.64,343.45,220324,,,A*7C
$GPVTG,343.45,T,,M,0.64,N,1.2,K,A*09
$GPGGA,165546.000,2632.6934,N,07703.3399,W,1,05,3.1,38.4,M,-33.0,M,,0000*50
$GPGSA,A,3,02,22,08,13,07,,,,,,,,5.0,3.1,3.9*30
$GPGSV,3,1,12,07,70,193,22,30,63,292,19,02,58,068,21,21,43,052,14*70
$GPGSV,3,2,12,17,41,263,14,14,39,322,,22,23,308,24,08,19,047,28*73
$GPRMC,165546.000,A,2632.6934,N,07703.3399,W,1.99,350.22,220324,,,A*75
$GPVTG,350.22,T,,M,1.99,N,3.7,K,A*0E
$GPGGA,165551.000,2632.6940,N,07703.3397,W,1,05,3.1,40.6,M,-33.0,M,,0000*56
$GPGSA,A,3,02,22,08,13,07,,,,,,,,5.0,3.1,3.9*30
$GPGSV,3,1,12,07,70,193,23,30,63,292,19,02,58,068,21,21,43,052,*74
$GPGSV,3,2,12,17,41,263,15,14,39,322,,22,23,308,23,08,19,047,28*75
$GPGSV,3,3,12,19,16,245,18,13,09,303,20,03,07,136,17,09,06,194,*73
$GPRMC,165551.000,A,2632.6940,N,07703.3397,W,0.94,6.76,220324,,,A*73
$GPGGA,165556.000,2632.6989,N,07703.3409,W,1,05,3.1,50.8,M,-33.0,M,,0000*5B
$GPGSA,A,3,02,22,08,13,07,,,,,,,,4.9,3.1,3.9*38
$GPGSV,3,1,12,07,70,193,23,30,63,292,19,02,58,068,21,21,43,052,*74
$GPGSV,3,2,12,17,41,263,15,14,39,322,,22,23,308,23,08,19,047,27*7A
$GPGSV,3,3,12,19,16,245,16,13,09,303,19,03,07,136,17,09,06,194,*77
$GPRMC,165556.000,A,2632.6989,N,07703.3409,W,2.00,342.74,220324,,,A*7F
$GPVTG,342.74,T,,M,2.00,N,3.7,K,A*0D
$GPGGA,165601.000,2632.6990,N,07703.3415,W,1,04,3.5,54.7,M,-33.0,M,,0000*51
$GPGSA,A,3,02,22,08,07,,,,,,,,,6.1,3.5,4.9*33
$GPGSV,3,1,12,07,70,193,23,30,63,292,20,02,58,068,22,21,43,052,*7D
$GPGSV,3,2,12,17,41,263,16,14,39,322,,22,23,308,22,08,19,047,27*78
$GPGSV,3,3,12,19,16,245,16,13,09,303,,03,07,136,17,09,06,194,*7F
$GPRMC,165601.000,A,2632.6990,N,07703.3415,W,0.50,161.87,220324,,,A*73
$GPVTG,161.87,T,,M,0.50,N,0.9,K,A*08
$GPGGA,165606.000,2632.7001,N,07703.3417,W,1,06,2.0,51.6,M,-33.0,M,,0000*56
$GPGSA,A,3,14,02,22,08,13,07,,,,,,,3.2,2.0,2.5*3C
$GPGSV,3,1,12,07,70,193,23,30,63,292,20,02,58,068,22,21,43,052,*7D
$GPGSV,3,2,12,17,41,263,15,14,39,322,12,22,23,308,21,08,19,047,26*7A
$GPGSV,3,3,12,19,16,245,16,13,09,303,17,03,07,136,16,09,06,194,*78
$GPRMC,165606.000,A,2632.7001,N,07703.3417,W,1.17,347.37,220324,,,A*79
$GPVTG,347.37,T,,M,1.17,N,2.2,K,A*0E
$GPGGA,165611.000,2632.6975,N,07703.3431,W,1,04,3.5,42.4,M,-33.0,M,,0000*59
$GPGSA,A,3,02,22,08,07,,,,,,,,,6.0,3.5,4.9*32
$GPGSV,3,1,12,07,70,193,23,30,63,292,20,02,58,068,23,21,43,052,*7C
$GPGSV,3,2,12,17,41,263,15,14,39,322,13,22,23,308,21,08,19,047,26*7B
$GPGSV,3,3,12,19,16,245,17,13,09,303,,03,07,136,16,09,06,194,*7F
$GPRMC,165611.000,A,2632.6975,N,07703.3431,W,1.34,305.80,220324,,,A*7B
$GPVTG,305.80,T,,M,1.34,N,2.5,K,A*02
$GPGGA,165616.000,2632.6970,N,07703.3443,W,1,04,3.5,35.3,M,-33.0,M,,0000*59
$GPGSA,A,3,02,22,08,07,,,,,,,,,6.0,3.5,4.9*32
$GPGSV,3,1,12,07,70,193,24,30,63,292,20,02,58,068,24,21,43,052,*7C
$GPGSV,3,2,12,17,41,263,14,14,39,322,14,22,23,308,22,08,19,047,25*7D
$GPGSV,3,3,12,19,16,245,18,13,09,303,,03,07,136,15,09,06,194,*73
$GPVTG,302.94,T,,M,0.25,N,0.5,K,A*03
$GPGGA,165621.000,2632.6937,N,07703.3433,W,1,04,3.5,29.7,M,-33.0,M,,0000*50
$GPGSA,A,3,02,22,08,07,,,,,,,,,6.0,3.5,4.8*33
$GPGSV,3,1,12,07,70,193,23,30,63,292,20,02,58,068,24,21,43,052,*7B
$GPGSV,3,2,12,17,41,263,13,14,39,322,15,22,23,308,22,08,19,047,25*7B
$GPGSV,3,3,12,19,16,245,17,13,09,303,15,03,07,136,14,09,06,194,*79
$GPRMC,165621.000,A,2632.6937,N,07703.3433,W,0.67,70.32,220324,,,A*43
$GPVTG,70.32,T,,M,0.67,N,1.2,K,A*39
$GPGGA,165626.000,2632.6901,N,07703.3402,W,1,04,3.5,25.4,M,-33.0,M,,0000*5F
$GPGSA,A,3,02,22,08,07,,,,,,,,,5.9,3.5,4.8*39
$GPGSV,3,1,12,07,70,193,24,30,63,292,20,02,58,068,24,21,43,052,*7C
$GPGSV,3,2,12,17,41,263,,14,39,322,17,22,23,308,23,08,19,047,24*7B
$GPGSV,3,3,12,19,16,245,17,13,09,303,,03,07,136,13,09,06,194,*7A
$GPRMC,165626.000,A,2632.6901,N,07703.3402,W,1.16,148.83,220324,,,A*74
$GPVTG,148.83,T,,M,1.16,N,2.1,K,A*0E
$GPGGA,165631.000,2632.6877,N,07703.3400,W,1,06,2.0,23.1,M,-33.0,M,,0000*5E
$GPGSA,A,3,14,02,13,22,08,07,,,,,,,3.2,2.0,2.4*3D
$GPGSV,3,1,12,07,70,193,24,30,63,292,20,02,58,068,24,21,43,052,*7C
$GPGSV,3,2,12,17,41,263,,14,39,322,18,22,23,308,23,08,19,047,24*74
$GPGSV,3,3,12,19,16,245,18,13,09,303,18,03,07,136,,09,06,194,*7E
$GPRMC,165631.000,A,2632.6877,N,07703.3400,W,0.96,191.96,220324,,,A*79
$GPVTG,191.96,T,,M,0.96,N,1.8,K,A*0D
$GPGGA,165636.000,2632.6854,N,07703.3383,W,1,07,1.9,19.6,M,-33.0,M,,0000*51
$GPGSA,A,3,14,02,13,22,08,21,07,,,,,,3.1,1.9,2.4*37
$GPGSV,3,1,12,07,70,193,25,30,63,292,21,02,58,068,25,21,43,052,15*79
$GPGSV,3,2,12,17,41,263,,14,39,322,18,22,23,308,23,08,19,047,23*73
$GPGSV,3,3,12,19,16,245,18,13,09,303,18,03,07,136,,09,06,194,*7E
$GPRMC,165636.000,A,2632.6854,N,07703.3383,W,1.10,137.98,220324,,,A*7E
$GPVTG,137.98,T,,M,1.10,N,2.0,K,A*0B
$GPGGA,165641.000,2632.6845,N,07703.3386,W,1,07,1.9,17.3,M,-33.0,M,,0000*5F
$GPGSA,A,3,14,02,13,22,08,21,07,,,,,,3.1,1.9,2.4*37
$GPGSV,3,1,12,07,70,193,25,30,63,292,21,02,58,068,26,21,43,052,16*79
$GPGSV,3,2,12,17,41,263,,14,39,322,19,22,23,308,24,08,19,047,22*74
$GPGSV,3,3,12,19,16,245,19,13,09,303,19,03,07,136,,09,06,194,*7E
$GPRMC,165641.000,A,2632.6845,N,07703.3386,W,0.70,160.06,220324,,,A*79
$GPVTG,160.06,T,,M,0.70,N,1.3,K,A*09
$GPGGA,165646.000,2632.6841,N,07703.3389,W,1,07,1.9,15.4,M,-33.0,M,,0000*56
$GPGSA,A,3,14,02,13,22,08,21,07,,,,,,3.1,1.9,2.4*37
$GPGSV,3,1,12,07,68,191,25,30,63,289,20,02,58,065,27,21,42,051,16*77
$GPGSV,3,2,12,17,42,264,,14,40,324,20,22,24,309,25,08,18,048,25*7C
$GPGSV,3,3,12,19,17,246,20,13,10,301,19,03,07,135,,09,05,193,*7B
$GPVTG,187.41,T,,M,0.60,N,1.1,K,A*00
$GPGGA,165651.000,2632.6843,N,07703.3374,W,1,07,1.9,10.1,M,-33.0,M,,0000*50
$GPGSA,A,3,14,02,13,22,08,21,07,,,,,,3.1,1.9,2.4*37
$GPGSV,3,1,12,07,68,191,25,30,63,289,20,02,58,065,27,21,42,051,17*76
$GPGSV,3,2,12,17,42,264,,14,40,324,20,22,24,309,26,08,18,048,19*70
$GPGSV,3,3,12,19,17,246,22,13,10,301,19,03,07,135,,09,05,193,*79
$GPRMC,165651.000,A,2632.6843,N,07703.3374,W,1.11,70.29,220324,,,A*48
$GPVTG,70.29,T,,M,1.11,N,2.1,K,A*33
$GPGGA,165656.000,2632.6858,N,07703.3365,W,1,07,1.9,9.0,M,-33.0,M,,0000*64
$GPGSA,A,3,14,02,13,22,08,21,07,,,,,,3.1,1.9,2.4*37
$GPGSV,3,1,12,07,68,191,26,30,63,289,19,02,58,065,27,21,42,051,19*71
$GPGSV,3,2,12,17,42,264,,14,40,324,21,22,24,309,26,08,18,048,19*71
$GPGSV,3,3,12,19,17,246,23,13,10,301,20,03,07,135,,09,05,193,*72
$GPRMC,165656.000,A,2632.6858,N,07703.3365,W,0.15,104.33,220324,,,A*79
$GPVTG,104.33,T,,M,0.15,N,0.3,K,A*0F
$GPGGA,165701.000,2632.6857,N,07703.3358,W,1,07,1.9,7.2,M,-33.0,M,,0000*6A
$GPGSA,A,3,14,02,13,22,08,21,07,,,,,,3.0,1.9,2.4*36
$GPGSV,3,1,12,07,68,191,26,30,63,289,19,02,58,065,28,21,42,051,19*7E
$GPGSV,3,2,12,17,42,264,18,14,40,324,22,22,24,309,27,08,18,048,19*7A
$GPGSV,3,3,12,19,17,246,24,13,10,301,21,03,07,135,,09,05,193,*74
$GPRMC,165701.000,A,2632.6857,N,07703.3358,W,0.28,85.70,220324,,,A*4A
$GPVTG,85.70,T,,M,0.28,N,0.5,K,A*38
$GPGGA,165706.000,2632.6839,N,07703.3361,W,1,07,1.9,5.7,M,-33.0,M,,0000*68
$GPGSA,A,3,14,02,13,22,08,21,07,,,,,,3.0,1.9,2.4*36
$GPGSV,3,1,12,07,68,191,26,30,63,289,18,02,58,065,28,21,42,051,19*7F
$GPGSV,3,2,12,17,42,264,18,14,40,324,22,22,24,309,28,08,18,048,19*75
$GPGSV,3,3,12,19,17,246,24,13,10,301,21,03,07,135,,09,05,193,*74
$GPRMC,165706.000,A,2632.6839,N,07703.3361,W,0.49,131.38,220324,,,A*7A
$GPVTG,131.38,T,,M,0.49,N,0.9,K,A*01
$GPGGA,165711.000,2632.6842,N,07703.3357,W,1,07,1.9,3.2,M,-33.0,M,,0000*64
$GPGSA,A,3,14,02,13,22,08,21,07,,,,,,3.0,1.9,2.4*36
$GPGSV,3,1,12,07,68,191,26,30,64,289,18,02,57,065,28,17,42,265,18*76
$GPGSV,3,2,12,21,42,051,19,14,40,324,22,22,24,309,28,08,18,048,18*74
$GPGSV,3,3,12,19,17,247,25,13,10,301,22,03,08,135,,09,05,193,*78
$GPRMC,165711.000,A,2632.6842,N,07703.3357,W,0.60,112.10,220324,,,A*75
$GPVTG,112.10,T,,M,0.60,N,1.1,K,A*08
$GPGGA,165716.000,2632.6841,N,07703.3370,W,1,07,1.9,5.0,M,-33.0,M,,0000*61
$GPGSA,A,3,14,02,13,22,08,21,07,,,,,,3.0,1.9,2.4*36
$GPGSV,3,1,12,07,68,191,26,30,64,289,17,02,57,065,29,17,42,265,18*78
$GPGSV,3,2,12,21,42,051,19,14,40,324,22,22,24,309,29,08,18,048,18*75
$GPGSV,3,3,12,19,17,247,25,13,10,301,22,03,08,135,,09,05,193,*78
$GPRMC,165716.000,A,2632.6841,N,07703.3370,W,0.31,199.23,220324,,,A*73
$GPVTG,199.23,T,,M,0.31,N,0.6,K,A*09
$GPGGA,165721.000,2632.6837,N,07703.3366,W,1,07,1.9,4.7,M,-33.0,M,,0000*65
$GPGSA,A,3,14,02,13,22,08,21,07,,,,,,3.0,1.9,2.4*36
$GPGSV,3,1,12,07,68,191,26,30,64,289,18,02,57,065,29,17,42,265,19*76
$GPGSV,3,2,12,21,42,051,19,14,40,324,23,22,24,309,29,08,18,048,19*75
$GPGSV,3,3,12,19,17,247,26,13,10,301,23,03,08,135,,09,05,193,*7A
$GPVTG,183.19,T,,M,0.40,N,0.7,K,A*0C
$GPGGA,165726.000,2632.6822,N,07703.3368,W,1,07,1.9,3.9,M,-33.0,M,,0000*61
$GPGSA,A,3,14,02,13,22,08,21,07,,,,,,3.0,1.9,2.4*36
$GPGSV,3,1,12,07,68,191,25,30,64,289,18,02,57,065,29,17,42,265,20*7F
$GPGSV,3,2,12,21,42,051,19,14,40,324,24,22,24,309,30,08,18,048,19*7A
$GPGSV,3,3,12,19,17,247,26,13,10,301,23,03,08,135,,09,05,193,*7A
$GPRMC,165726.000,A,2632.6822,N,07703.3368,W,1.86,198.99,220324,,,A*71
$GPVTG,198.99,T,,M,1.86,N,3.4,K,A*05
$GPGGA,165731.000,2632.6811,N,07703.3369,W,1,07,1.9,4.2,M,-33.0,M,,0000*6A
$GPGSA,A,3,14,02,13,22,08,21,07,,,,,,3.0,1.9,2.4*36
$GPGSV,3,1,12,07,68,191,25,30,64,289,17,02,57,065,29,17,42,265,20*70
$GPGSV,3,2,12,21,42,051,19,14,40,324,25,22,24,309,30,08,18,048,20*71
$GPGSV,3,3,12,19,17,247,26,13,10,301,24,03,08,135,,09,05,193,*7D
$GPRMC,165731.000,A,2632.6811,N,07703.3369,W,0.06,123.87,220324,,,A*70
$GPVTG,123.87,T,,M,0.06,N,0.1,K,A*05
$GPGGA,165736.000,2632.6809,N,07703.3370,W,1,07,1.9,3.2,M,-33.0,M,,0000*6B
$GPGSA,A,3,14,02,13,22,08,21,07,,,,,,3.0,1.9,2.3*31
$GPGSV,3,1,12,07,68,191,25,30,64,289,16,02,57,065,29,17,42,265,20*71
$GPGSV,3,2,12,21,42,051,18,14,40,324,26,22,24,309,31,08,18,048,20*72
$GPGSV,3,3,12,19,17,247,26,13,10,301,24,03,08,135,,09,05,193,*7D
$GPRMC,165736.000,A,2632.6809,N,07703.3370,W,0.30,189.45,220324,,,A*7D
$GPVTG,189.45,T,,M,0.30,N,0.5,K,A*0A
$GPGGA,165741.000,2632.6819,N,07703.3370,W,1,07,1.9,4.2,M,-33.0,M,,0000*6D
$GPGSA,A,3,14,02,13,22,08,21,07,,,,,,3.0,1.9,2.3*31
$GPGSV,3,1,12,07,68,191,25,30,64,289,,02,57,065,30,17,42,265,21*7F
$GPGSV,3,2,12,21,42,051,17,14,40,324,27,22,24,309,31,08,18,048,20*7C
$GPGSV,3,3,12,19,17,247,26,13,10,301,24,03,08,135,20,09,05,193,*7F
$GPRMC,165741.000,A,2632.6819,N,07703.3370,W,0.25,255.90,220324,,,A*72
$GPVTG,255.90,T,,M,0.25,N,0.5,K,A*04
$GPGGA,165746.000,2632.6801,N,07703.3368,W,1,07,1.9,2.4,M,-33.0,M,,0000*6A
$GPGSA,A,3,14,02,13,22,08,21,07,,,,,,3.0,1.9,2.3*31
$GPGSV,3,1,12,07,68,191,24,30,64,289,,02,57,065,29,17,42,265,20*77
$GPGSV,3,2,12,21,42,051,17,14,40,324,27,22,24,309,31,08,18,048,21*7D
$GPGSV,3,3,12,19,17,247,26,13,10,301,25,03,08,135,20,09,05,193,*7E
$GPRMC,165746.000,A,2632.6801,N,07703.3368,W,0.61,53.46,220324,,,A*4A
$GPVTG,53.46,T,,M,0.61,N,1.1,K,A*3E
$GPGGA,165751.000,2632.6800,N,07703.3370,W,1,07,1.9,2.5,M,-33.0,M,,0000*65
$GPGSA,A,3,14,02,13,22,08,21,07,,,,,,3.0,1.9,2.3*31
$GPGSV,3,1,12,07,68,191,24,30,64,289,,02,57,065,29,17,42,265,20*77
$GPGSV,3,2,12,21,42,051,16,14,40,324,27,22,24,309,31,08,18,048,21*7C
$GPGSV,3,3,12,19,17,247,26,13,10,301,25,03,08,135,19,09,05,193,*74
$GPVTG,141.71,T,,M,0.27,N,0.5,K,A*0F
$GPGGA,165756.000,2632.6791,N,07703.3372,W,1,07,1.9,1.7,M,-33.0,M,,0000*66
$GPGSA,A,3,14,02,13,22,08,21,07,,,,,,3.0,1.9,2.3*31
$GPGSV,3,1,12,07,68,191,24,30,64,289,,02,57,065,30,17,42,265,20*7F
$GPGSV,3,2,12,21,42,051,16,14,40,324,28,22,24,309,31,08,18,048,22*70
$GPGSV,3,3,12,19,17,247,26,13,10,301,25,03,08,135,18,09,05,193,*75
$GPRMC,165756.000,A,2632.6791,N,07703.3372,W,0.66,189.78,220324,,,A*7A
$GPVTG,189.78,T,,M,0.66,N,1.2,K,A*01
$GPGGA,165801.000,2632.6793,N,07703.3375,W,1,07,1.9,2.8,M,-33.0,M,,0000*62
$GPGSA,A,3,14,02,13,22,08,21,07,,,,,,3.0,1.9,2.3*31
$GPGSV,3,1,12,07,68,191,24,30,64,289,,02,57,065,29,17,42,265,20*77
$GPGSV,3,2,12,21,42,051,16,14,40,324,29,22,24,309,31,08,18,048,22*71
$GPGSV,3,3,12,19,17,247,27,13,10,301,26,03,08,135,20,09,05,193,*7C
$GPRMC,165801.000,A,2632.6793,N,07703.3375,W,0.26,77.29,220324,,,A*42
$GPVTG,77.29,T,,M,0.26,N,0.5,K,A*37
$GPGGA,165806.000,2632.6809,N,07703.3375,W,1,07,1.9,4.8,M,-33.0,M,,0000*6F
$GPGSA,A,3,14,02,13,22,08,21,07,,,,,,3.0,1.9,2.3*31
$GPGSV,3,1,12,07,68,191,24,30,64,289,,02,57,065,30,17,42,265,19*75
$GPGSV,3,2,12,21,42,051,16,14,40,324,29,22,24,309,31,08,18,048,22*71
$GPGSV,3,3,12,19,17,247,27,13,10,301,26,03,08,135,20,09,05,193,*7C
$GPRMC,165806.000,A,2632.6809,N,07703.3375,W,0.34,36.39,220324,,,A*4E
$GPVTG,36.39,T,,M,0.34,N,0.6,K,A*33
$GPGGA,165811.000,2632.6808,N,07703.3372,W,1,07,1.9,3.6,M,-33.0,M,,0000*66
$GPGSA,A,3,14,02,13,22,08,21,07,,,,,,3.0,1.9,2.3*31
$GPGSV,3,1,12,07,68,191,24,30,64,289,,02,57,065,30,17,42,265,19*75
$GPGSV,3,2,12,21,42,051,14,14,40,324,29,22,24,309,31,08,18,048,23*72
$GPGSV,3,3,12,19,17,247,26,13,10,301,26,03,08,135,21,09,05,193,*7C
$GPRMC,165811.000,A,2632.6808,N,07703.3372,W,0.27,99.42,220324,,,A*45
$GPVTG,99.42,T,,M,0.27,N,0.5,K,A*3B
$GPGGA,165816.000,2632.6816,N,07703.3372,W,1,06,1.9,3.6,M,-33.0,M,,0000*6F
$GPGSA,A,3,14,02,13,22,08,07,,,,,,,3.0,1.9,2.4*35
$GPGSV,3,1,12,07,68,190,24,30,64,287,,02,57,064,30,17,42,265,18*7A
$GPGSV,3,2,12,21,42,050,,14,41,324,30,22,24,309,30,19,18,247,26*76
$GPGSV,3,3,12,08,18,048,24,13,10,301,26,03,08,134,21,09,05,193,*7D
$GPRMC,165816.000,A,2632.6816,N,07703.3372,W,0.58,55.04,220324,,,A*47
$GPVTG,55.04,T,,M,0.58,N,1.1,K,A*34
$GPGGA,165821.000,2632.6822,N,07703.3372,W,1,06,1.9,4.2,M,-33.0,M,,0000*6F
$GPGSA,A,3,14,02,13,22,08,07,,,,,,,3.0,1.9,2.4*35
$GPGSV,3,1,12,07,68,190,24,30,64,287,17,02,57,064,30,17,42,265,17*73
$GPGSV,3,2,12,21,42,050,,14,41,324,30,22,24,309,30,19,18,247,26*76
$GPGSV,3,3,12,08,18,048,24,13,10,301,26,03,08,134,21,09,05,193,*7D
$GPRMC,165821.000,A,2632.6822,N,07703.3372,W,0.52,184.28,220324,,,A*7D
$GPVTG,184.28,T,,M,0.52,N,1.0,K,A*0C
$GPGGA,165826.000,2632.6821,N,07703.3367,W,1,06,1.9,2.5,M,-33.0,M,,0000*6E
$GPGSA,A,3,14,02,13,22,08,07,,,,,,,3.0,1.9,2.4*35
$GPGSV,3,1,12,07,68,190,23,30,64,287,18,02,57,064,30,17,42,265,16*7A
$GPGSV,3,2,12,21,42,050,,14,41,324,30,22,24,309,31,19,18,247,26*77
$GPGSV,3,3,12,08,18,048,24,13,10,301,26,03,08,134,20,09,05,193,*7C
$GPVTG,68.27,T,,M,0.38,N,0.7,K,A*3A
$GPGGA,165831.000,2632.6823,N,07703.3366,W,1,06,1.9,1.9,M,-33.0,M,,0000*64
$GPGSA,A,3,14,02,13,22,08,07,,,,,,,3.0,1.9,2.4*35
$GPGSV,3,1,12,07,68,190,23,30,64,287,18,02,57,064,30,17,42,265,17*7B
$GPGSV,3,2,12,21,42,050,,14,41,324,31,22,24,309,31,19,18,247,26*76
$GPGSV,3,3,12,08,18,048,25,13,10,301,26,03,08,134,20,09,05,193,*7D
$GPRMC,165831.000,A,2632.6823,N,07703.3366,W,0.59,172.47,220324,,,A*73
$GPVTG,172.47,T,,M,0.59,N,1.1,K,A*06
$GPGGA,165836.000,2632.6837,N,07703.3364,W,1,07,1.8,1.4,M,-33.0,M,,0000*69
$GPGSA,A,3,14,02,13,22,08,07,21,,,,,,3.0,1.8,2.3*30
$GPGSV,3,1,12,07,68,190,23,30,64,287,18,02,57,064,31,17,42,265,16*7B
$GPGSV,3,2,12,21,42,050,15,14,41,324,31,22,24,309,31,19,18,247,26*72
$GPGSV,3,3,12,08,18,048,25,13,10,301,26,03,08,134,20,09,05,193,*7D
$GPRMC,165836.000,A,2632.6837,N,07703.3364,W,0.19,337.80,220324,,,A*7F
$GPVTG,337.80,T,,M,0.19,N,0.3,K,A*09
$GPGGA,165841.000,2632.6822,N,07703.3367,W,1,07,1.8,0.8,M,-33.0,M,,0000*63
$GPGSA,A,3,14,02,13,22,08,07,21,,,,,,2.9,1.8,2.3*38
$GPGSV,3,1,12,07,68,190,22,30,64,287,19,02,57,064,31,17,42,265,17*7A
$GPGSV,3,2,12,21,42,050,15,14,41,324,31,22,24,309,31,19,18,247,26*72
$GPGSV,3,3,12,08,18,048,26,13,10,301,25,03,08,134,22,09,05,193,*7F
$GPRMC,165841.000,A,2632.6822,N,07703.3367,W,0.47,166.60,220324,,,A*7B
$GPVTG,166.60,T,,M,0.47,N,0.9,K,A*00
$GPGGA,165846.000,2632.6790,N,07703.3370,W,1,07,1.8,-1.2,M,-33.0,M,,0000*42
$GPGSA,A,3,14,02,13,22,08,07,21,,,,,,2.9,1.8,2.3*38
$GPGSV,3,1,12,07,67,190,21,30,64,287,20,02,57,064,31,17,42,266,18*70
$GPGSV,3,2,12,21,41,050,16,14,41,324,31,22,24,310,31,19,18,247,27*7B
$GPGSV,3,3,12,08,17,048,26,13,10,300,25,03,08,134,22,09,05,193,*71
$GPRMC,165846.000,A,2632.6790,N,07703.3370,W,1.50,185.63,220324,,,A*75
$GPVTG,185.63,T,,M,1.50,N,2.8,K,A*0A
$GPGGA,165851.000,2632.6775,N,07703.3372,W,1,07,1.8,-2.7,M,-33.0,M,,0000*4B
$GPGSA,A,3,14,02,13,22,08,07,21,,,,,,2.9,1.8,2.3*38
$GPGSV,3,1,12,07,67,190,21,30,64,287,21,02,57,064,31,17,42,266,18*71
$GPGSV,3,2,12,21,41,050,17,14,41,324,31,22,24,310,31,19,18,247,27*7A
$GPGSV,3,3,12,08,17,048,26,13,10,300,25,03,08,134,23,09,05,193,*70
$GPRMC,165851.000,A,2632.6775,N,07703.3372,W,0.26,65.47,220324,,,A*43
$GPVTG,65.47,T,,M,0.26,N,0.5,K,A*3C
$GPGGA,165856.000,2632.6758,N,07703.3372,W,1,07,1.8,-4.1,M,-33.0,M,,0000*43
$GPGSA,A,3,14,02,13,22,08,07,21,,,,,,2.9,1.8,2.3*38
$GPGSV,3,1,12,07,67,190,20,30,64,287,22,02,57,064,31,17,42,266,19*72
$GPGSV,3,2,12,21,41,050,18,14,41,324,31,22,24,310,30,19,18,247,27*74
$GPGSV,3,3,12,08,17,048,27,13,10,300,24,03,08,134,23,09,05,193,*70
$GPVTG,144.77,T,,M,0.19,N,0.4,K,A*00
$GPGGA,165901.000,2632.6788,N,07703.3373,W,1,07,1.8,-2.8,M,-33.0,M,,0000*43
$GPGSA,A,3,14,02,13,22,08,07,21,,,,,,2.9,1.8,2.3*38
$GPGSV,3,1,12,07,67,190,19,30,64,287,22,02,57,064,31,17,42,266,18*79
$GPGSV,3,2,12,21,41,050,19,14,41,324,31,22,24,310,30,19,18,247,27*75
$GPGSV,3,3,12,08,17,048,26,13,10,300,23,03,08,134,23,09,05,193,*76
$GPRMC,165901.000,A,2632.6788,N,07703.3373,W,0.05,135.50,220324,,,A*77
$GPVTG,135.50,T,,M,0.05,N,0.1,K,A*0B
$GPGGA,165906.000,2632.6785,N,07703.3376,W,1,07,1.8,-3.8,M,-33.0,M,,0000*4D
$GPGSA,A,3,14,02,13,22,08,07,21,,,,,,2.9,1.8,2.3*38
$GPGSV,3,1,12,07,67,190,19,30,64,287,22,02,57,064,31,17,42,266,18*79
$GPGSV,3,2,12,21,41,050,19,14,41,324,31,22,24,310,31,19,18,247,27*74
$GPGSV,3,3,12,08,17,048,26,13,10,300,22,03,08,134,22,09,05,193,*76
$GPRMC,165906.000,A,2632.6785,N,07703.3376,W,0.38,186.23,220324,,,A*7A
$GPVTG,186.23,T,,M,0.38,N,0.7,K,A*0F
$GPGGA,165911.000,2632.6777,N,07703.3369,W,1,07,1.8,-6.2,M,-33.0,M,,0000*47
$GPGSA,A,3,14,02,13,22,08,07,21,,,,,,2.9,1.8,2.3*38
$GPGSV,3,1,12,07,67,190,17,30,64,287,22,02,57,064,31,17,42,266,18*77
$GPGSV,3,2,12,21,41,050,19,14,41,324,30,22,24,310,30,19,18,247,27*74
$GPGSV,3,3,12,08,17,048,26,13,10,300,22,03,08,134,22,09,05,193,*76
$GPRMC,165911.000,A,2632.6777,N,07703.3369,W,0.20,77.98,220324,,,A*49
$GPVTG,77.98,T,,M,0.20,N,0.4,K,A*3A
$GPGGA,165916.000,2632.6788,N,07703.3367,W,1,07,1.8,-7.1,M,-33.0,M,,0000*4C
$GPGSA,A,3,14,02,13,22,08,07,21,,,,,,2.9,1.8,2.3*38
$GPGSV,3,1,12,07,67,190,16,30,64,286,23,02,57,063,31,17,43,266,18*70
$GPGSV,3,2,12,21,41,050,19,14,41,325,31,22,24,310,30,19,18,247,27*74
$GPGSV,3,3,12,08,17,048,26,13,10,300,21,03,08,134,21,09,05,192,*77
$GPRMC,165916.000,A,2632.6788,N,07703.3367,W,1.44,10.70,220324,,,A*44
$GPVTG,10.70,T,,M,1.44,N,2.7,K,A*3F
$GPGGA,165921.000,2632.6770,N,07703.3374,W,1,06,3.9,-8.8,M,-33.0,M,,0000*49
$GPGSA,A,3,14,02,13,22,08,21,,,,,,,4.6,3.9,2.4*32
$GPGSV,3,1,12,07,67,190,,30,64,286,23,02,57,063,31,17,43,266,19*76
$GPGSV,3,2,12,21,41,050,20,14,41,325,31,22,24,310,30,19,18,247,26*7F
$GPGSV,3,3,12,08,17,048,27,13,10,300,21,03,08,134,21,09,05,192,*76
$GPRMC,165921.000,A,2632.6770,N,07703.3374,W,0.98,180.76,220324,,,A*7B
$GPVTG,180.76,T,,M,0.98,N,1.8,K,A*0D
$GPGGA,165926.000,2632.6742,N,07703.3383,W,1,06,3.9,-10.1,M,-33.0,M,,0000*77
$GPGSA,A,3,14,02,13,22,08,21,,,,,,,4.5,3.9,2.4*31
$GPGSV,3,1,12,07,67,190,,30,64,286,23,02,57,063,31,17,43,266,19*76
$GPGSV,3,2,12,21,41,050,21,14,41,325,30,22,24,310,30,19,18,247,26*7F
$GPGSV,3,3,12,08,17,048,27,13,10,300,21,03,08,134,21,09,05,192,*76
$GPRMC,165926.000,A,2632.6742,N,07703.3383,W,0.62,149.41,220324,,,A*71
$GPVTG,149.41,T,,M,0.62,N,1.2,K,A*03
$GPGGA,165931.000,2632.6724,N,07703.3387,W,1,07,1.8,-10.1,M,-33.0,M,,0000*77
$GPGSA,A,3,14,02,13,22,08,07,21,,,,,,2.9,1.8,2.3*38
$GPGSV,3,1,12,07,67,190,15,30,64,286,23,02,57,063,31,17,43,266,20*78
$GPGSV,3,2,12,21,41,050,22,14,41,325,30,22,24,310,30,19,18,247,26*7C
$GPGSV,3,3,12,08,17,048,27,13,10,300,20,03,08,134,20,09,05,192,*76
$GPVTG,182.98,T,,M,1.50,N,2.8,K,A*09
$GPGGA,165936.000,2632.6711,N,07703.3388,W,1,06,3.9,-9.8,M,-33.0,M,,0000*4A
$GPGSA,A,3,14,02,13,22,08,21,,,,,,,4.5,3.9,2.3*36
$GPGSV,3,1,12,07,67,190,14,30,64,286,23,02,57,063,32,17,43,266,20*7A
$GPGSV,3,2,12,21,41,050,23,14,41,325,30,22,24,310,30,19,18,247,26*7D
$GPGSV,3,3,12,08,17,048,27,13,10,300,20,03,08,134,20,09,05,192,*76
$GPRMC,165936.000,A,2632.6711,N,07703.3388,W,2.29,184.10,220324,,,A*75
$GPVTG,184.10,T,,M,2.29,N,4.2,K,A*0E
$GPGGA,165941.000,2632.6707,N,07703.3388,W,1,06,3.9,-9.3,M,-33.0,M,,0000*46
$GPGSA,A,3,14,02,13,22,08,21,,,,,,,4.5,3.9,2.3*36
$GPGSV,3,1,12,07,67,190,,30,64,286,23,02,57,063,32,17,43,266,21*7E
$GPGSV,3,2,12,21,41,050,23,14,41,325,30,22,24,310,31,19,18,247,25*7F
$GPGSV,3,3,12,08,17,048,27,13,10,300,20,03,08,134,20,09,05,192,*76
$GPRMC,165941.000,A,2632.6707,N,07703.3388,W,1.30,189.29,220324,,,A*7E
$GPVTG,189.29,T,,M,1.30,N,2.4,K,A*02
$GPGGA,165946.000,2632.6738,N,07703.3385,W,1,06,3.9,-6.6,M,-33.0,M,,0000*4A
$GPGSA,A,3,14,02,13,22,08,21,,,,,,,4.5,3.9,2.3*36
$GPGSV,3,1,12,07,67,190,,30,64,286,23,02,57,063,32,17,43,266,21*7E
$GPGSV,3,2,12,14,41,325,30,21,41,050,24,22,25,310,31,19,18,248,25*76
$GPGSV,3,3,12,08,17,049,28,13,10,300,20,03,08,134,20,09,04,192,*79
$GPRMC,165946.000,A,2632.6738,N,07703.3385,W,0.55,42.76,220324,,,A*46
$GPVTG,42.76,T,,M,0.55,N,1.0,K,A*3B
$GPGGA,165951.000,2632.6761,N,07703.3384,W,1,06,3.9,-4.5,M,-33.0,M,,0000*40
$GPGSA,A,3,14,02,13,22,08,21,,,,,,,4.5,3.9,2.3*36
$GPGSV,3,1,12,07,67,190,,30,64,286,23,02,57,063,32,17,43,266,21*7E
$GPGSV,3,2,12,14,41,325,30,21,41,050,24,22,25,310,31,19,18,248,24*77
$GPGSV,3,3,12,08,17,049,27,13,10,300,20,03,08,134,20,09,04,192,*76
$GPRMC,165951.000,A,2632.6761,N,07703.3384,W,0.53,19.74,220324,,,A*47
$GPVTG,19.74,T,,M,0.53,N,1.0,K,A*31
$GPGGA,165956.000,2632.6768,N,07703.3385,W,1,07,1.8,-3.0,M,-33.0,M,,0000*4F
$GPGSA,A,3,14,02,13,22,08,07,21,,,,,,2.9,1.8,2.2*39
$GPGSV,3,1,12,07,67,190,14,30,64,286,22,02,57,063,32,17,43,266,21*7A
$GPGSV,3,2,12,14,41,325,30,21,41,050,25,22,25,310,31,19,18,248,24*76
$GPGSV,3,3,12,08,17,049,27,13,10,300,20,03,08,134,20,09,04,192,*76
$GPRMC,165956.000,A,2632.6768,N,07703.3385,W,0.23,106.47,220324,,,A*70
$GPVTG,106.47,T,,M,0.23,N,0.4,K,A*0C
$GPGGA,170001.000,2632.6769,N,07703.3386,W,1,07,1.8,-3.2,M,-33.0,M,,0000*40
$GPGSA,A,3,14,02,13,22,08,07,21,,,,,,2.9,1.8,2.2*39
$GPGSV,3,1,12,07,67,190,16,30,64,286,23,02,57,063,32,17,43,266,21*79
$GPGSV,3,2,12,14,41,325,30,21,41,050,25,22,25,310,31,19,18,248,23*71
$GPRMC,170001.000,A,2632.6769,N,07703.3386,W,1.14,188.52,220324,,,A*7A
$GPVTG,188.52,T,,M,1.14,N,2.1,K,A*0C
$GPGGA,170006.000,2632.6758,N,07703.3391,W,1,07,1.8,-4.6,M,-33.0,M,,0000*40
$GPGSA,A,3,14,02,13,22,08,07,21,,,,,,2.9,1.8,2.2*39
$GPGSV,3,1,12,07,67,190,17,30,64,286,23,02,57,063,32,17,43,266,21*78
$GPGSV,3,2,12,14,41,325,30,21,41,050,25,22,25,310,31,19,18,248,24*76
$GPGSV,3,3,12,08,17,049,27,13,10,300,20,03,08,134,20,09,04,192,*76
$GPRMC,170006.000,A,2632.6758,N,07703.3391,W,0.46,5.95,220324,,,A*70
$GPGGA,170011.000,2632.6751,N,07703.3393,W,1,07,1.8,-5.1,M,-33.0,M,,0000*4B
$GPGSA,A,3,14,02,13,22,08,07,21,,,,,,2.9,1.8,2.2*39
$GPGSV,3,1,12,07,67,190,18,30,64,286,24,02,57,063,32,17,43,266,22*73
$GPGSV,3,2,12,14,41,325,30,21,41,050,26,22,25,310,31,19,18,248,25*74
$GPGSV,3,3,12,08,17,049,27,13,10,300,20,03,08,134,20,09,04,192,*76
$GPRMC,170011.000,A,2632.6751,N,07703.3393,W,1.08,193.90,220324,,,A*7D
$GPVTG,193.90,T,,M,1.08,N,2.0,K,A*04
$GPGGA,170016.000,2632.6763,N,07703.3390,W,1,07,1.8,-4.7,M,-33.0,M,,0000*49
$GPGSA,A,3,14,02,13,22,08,07,21,,,,,,2.9,1.8,2.2*39
$GPGSV,3,1,12,07,67,190,18,30,64,285,24,02,57,062,32,17,43,266,23*70
$GPGSV,3,2,12,14,41,325,30,21,41,050,26,22,25,310,31,19,18,248,25*74
$GPGSV,3,3,12,08,17,049,27,13,10,300,20,03,08,134,19,09,04,192,*7C
$GPRMC,170016.000,A,2632.6763,N,07703.3390,W,0.57,23.06,220324,,,A*46
$GPVTG,23.06,T,,M,0.57,N,1.1,K,A*38
$GPGGA,170021.000,2632.6782,N,07703.3390,W,1,07,1.8,-1.5,M,-33.0,M,,0000*45
$GPGSA,A,3,14,02,13,22,08,07,21,,,,,,2.9,1.8,2.2*39
$GPGSV,3,1,12,07,67,190,18,30,64,285,24,02,57,062,32,17,43,266,23*70
$GPGSV,3,2,12,14,41,325,30,21,41,050,27,22,25,310,31,19,18,248,25*75
$GPGSV,3,3,12,08,17,049,27,13,10,300,20,03,08,134,18,09,04,192,*7D
$GPRMC,170021.000,A,2632.6782,N,07703.3390,W,0.30,196.05,220324,,,A*70
$GPVTG,196.05,T,,M,0.30,N,0.6,K,A*03
$GPGGA,170026.000,2632.6774,N,07703.3391,W,1,07,1.8,-2.6,M,-33.0,M,,0000*4A
$GPGSA,A,3,14,02,13,22,08,07,21,,,,,,2.8,1.8,2.2*38
$GPGSV,3,1,12,07,67,190,18,30,64,285,23,02,57,062,32,17,43,266,23*77
$GPGSV,3,2,12,14,41,325,30,21,41,050,26,22,25,310,31,19,18,248,25*74
$GPGSV,3,3,12,08,17,049,27,13,10,300,19,03,08,134,18,09,04,192,*77
$GPRMC,170026.000,A,2632.6774,N,07703.3391,W,1.12,179.79,220324,,,A*74
$GPVTG,179.79,T,,M,1.12,N,2.1,K,A*0D
$GPGGA,170031.000,2632.6767,N,07703.3393,W,1,07,1.8,-3.0,M,-33.0,M,,0000*4B
$GPGSA,A,3,14,02,13,22,08,07,21,,,,,,2.8,1.8,2.2*38
$GPGSV,3,1,12,07,67,190,18,30,64,285,23,02,57,062,32,17,43,266,23*77
$GPGSV,3,2,12,14,41,325,30,21,41,050,26,22,25,310,31,19,18,248,25*74
$GPGSV,3,3,12,08,17,049,27,13,10,300,19,03,08,134,17,09,04,192,*78
$GPRMC,170031.000,A,2632.6767,N,07703.3393,W,1.16,22.85,220324,,,A*4A
$GPVTG,22.85,T,,M,1.16,N,2.1,K,A*35
$GPGGA,170036.000,2632.6782,N,07703.3386,W,1,07,1.8,0.1,M,-33.0,M,,0000*6C
$GPGSA,A,3,14,02,13,22,08,07,21,,,,,,2.8,1.8,2.2*38
$GPGSV,3,1,12,07,67,190,18,30,64,285,23,02,57,062,32,17,43,266,23*77
$GPGSV,3,2,12,14,41,325,30,21,41,050,26,22,25,310,31,19,18,248,25*74
$GPGSV,3,3,12,08,17,049,27,13,10,300,19,03,08,134,17,09,04,192,*78
$GPVTG,115.44,T,,M,0.25,N,0.5,K,A*0A
$GPGGA,170041.000,2632.6799,N,07703.3385,W,1,07,1.8,0.6,M,-33.0,M,,0000*62
$GPGSA,A,3,14,02,13,22,08,07,21,,,,,,2.8,1.8,2.2*38
$GPGSV,3,1,12,07,67,190,26,30,64,285,21,02,57,062,23,17,43,266,17*7F
$GPGSV,3,2,12,14,41,325,31,21,41,050,14,22,25,310,26,19,18,248,24*73
$GPGSV,3,3,12,08,17,049,15,13,10,300,19,03,08,134,16,09,04,192,*78
$GPRMC,170041.000,A,2632.6799,N,07703.3385,W,1.18,45.15,220324,,,A*4D
$GPVTG,45.15,T,,M,1.18,N,2.2,K,A*30
$GPGGA,170046.000,2632.6816,N,07703.3376,W,1,05,2.1,0.4,M,-33.0,M,,0000*6B
$GPGSA,A,3,14,02,22,08,07,,,,,,,,3.8,2.1,3.2*33
$GPGSV,3,1,12,07,67,190,26,30,64,285,16,02,57,062,22,17,43,266,16*7B
$GPGSV,3,2,12,14,41,325,32,21,41,050,12,22,25,310,26,19,18,248,23*71
$GPGSV,3,3,12,08,17,049,24,13,10,300,,03,08,134,18,09,04,192,*7C
$GPRMC,170046.000,A,2632.6816,N,07703.3376,W,0.16,158.99,220324,,,A*78
$GPVTG,158.99,T,,M,0.16,N,0.3,K,A*05
$GPGGA,170051.000,2632.6808,N,07703.3380,W,1,07,1.8,-1.2,M,-33.0,M,,0000*49
$GPGSA,A,3,14,02,21,22,08,07,13,,,,,,2.8,1.8,2.2*38
$GPGSV,3,1,12,07,67,190,19,30,64,285,24,02,57,062,32,17,43,266,24*76
$GPGSV,3,2,12,14,41,325,32,21,41,050,26,22,25,310,31,19,18,248,22*71
$GPGSV,3,3,12,08,17,049,24,13,10,300,20,03,08,134,08,09,04,192,*7F
$GPRMC,170051.000,A,2632.6808,N,07703.3380,W,1.13,176.94,220324,,,A*7D
$GPVTG,176.94,T,,M,1.13,N,2.1,K,A*00
$GPGGA,170056.000,2632.6796,N,07703.3387,W,1,07,1.7,-0.8,M,-33.0,M,,0000*45
$GPGSA,A,3,14,02,21,22,08,07,13,,,,,,2.8,1.7,2.2*37
$GPGSV,3,1,12,07,67,190,19,30,64,285,23,02,57,062,32,17,43,266,24*71
$GPGSV,3,2,12,14,41,325,31,21,41,050,26,22,25,310,31,19,18,248,23*73
$GPGSV,3,3,12,08,17,049,26,13,10,300,21,03,08,134,,09,04,192,*74
$GPRMC,170056.000,A,2632.6796,N,07703.3387,W,0.51,10.42,220324,,,A*48
$GPVTG,10.42,T,,M,0.51,N,0.9,K,A*37
$GPGGA,170101.000,2632.6787,N,07703.3396,W,1,07,1.7,-1.5,M,-33.0,M,,0000*4A
$GPGSA,A,3,14,02,21,22,08,07,13,,,,,,2.8,1.7,2.2*37
$GPGSV,3,1,12,07,67,190,18,30,64,285,23,02,57,062,32,17,43,266,24*70
$GPGSV,3,2,12,14,41,325,30,21,41,050,26,22,25,310,31,19,18,248,23*72
$GPGSV,3,3,12,08,17,049,26,13,10,300,20,03,08,134,,09,04,192,*75
$GPRMC,170101.000,A,2632.6787,N,07703.3396,W,0.54,174.94,220324,,,A*76
$GPVTG,174.94,T,,M,0.54,N,1.0,K,A*02
$GPGGA,170106.000,2632.6770,N,07703.3400,W,1,07,1.7,-3.5,M,-33.0,M,,0000*4F
$GPGSA,A,3,14,02,21,22,08,07,13,,,,,,2.8,1.7,2.2*37
$GPGSV,3,1,12,07,67,190,17,30,64,285,24,02,57,062,32,17,43,266,23*7F
$GPGSV,3,2,12,14,41,325,29,21,41,050,26,22,25,310,31,19,18,248,23*7A
$GPRMC,170106.000,A,2632.6770,N,07703.3400,W,0.13,215.83,220324,,,A*70
$GPVTG,215.83,T,,M,0.13,N,0.2,K,A*00
$GPGGA,170111.000,2632.6789,N,07703.3397,W,1,07,1.7,-1.3,M,-33.0,M,,0000*42
$GPGSA,A,3,14,02,21,22,08,07,13,,,,,,2.8,1.7,2.2*37
$GPGSV,3,1,12,07,67,190,16,30,64,285,24,02,57,062,32,17,43,266,23*7E
$GPGSV,3,2,12,14,41,325,29,21,41,050,25,22,25,310,31,19,18,248,23*79
$GPGSV,3,3,12,08,17,049,28,13,10,300,21,03,08,134,,09,04,192,*7A
$GPRMC,170111.000,A,2632.6789,N,07703.3397,W,1.49,10.59,220324,,,A*47
$GPGGA,170116.000,2632.6796,N,07703.3393,W,1,07,1.7,1.4,M,-33.0,M,,0000*65
$GPGSA,A,3,14,02,21,22,08,07,13,,,,,,2.8,1.7,2.2*37
$GPGSV,3,1,12,07,66,189,15,30,64,284,24,02,56,062,32,17,43,267,23*75
$GPGSV,3,2,12,14,42,325,29,21,40,049,26,22,25,310,31,19,18,248,23*70
$GPGSV,3,3,12,08,17,049,28,13,10,299,22,03,08,133,,09,04,192,*7F
$GPRMC,170116.000,A,2632.6796,N,07703.3393,W,0.73,169.94,220324,,,A*7C
$GPVTG,169.94,T,,M,0.73,N,1.3,K,A*08
$GPGGA,170121.000,2632.6778,N,07703.3395,W,1,07,1.7,2.7,M,-33.0,M,,0000*67
$GPGSA,A,3,14,02,21,22,08,07,13,,,,,,2.8,1.7,2.2*37
$GPGSV,3,1,12,07,66,189,15,30,64,284,24,02,56,062,32,17,43,267,23*75
$GPGSV,3,2,12,14,42,325,29,21,40,049,26,22,25,310,31,19,18,248,23*70
$GPGSV,3,3,12,08,17,049,28,13,10,299,22,03,08,133,,09,04,192,*7F
$GPRMC,170121.000,A,2632.6778,N,07703.3395,W,0.77,175.81,220324,,,A*73
$GPVTG,175.81,T,,M,0.77,N,1.4,K,A*02
$GPGGA,170126.000,2632.6774,N,07703.3397,W,1,07,1.7,2.0,M,-33.0,M,,0000*69
$GPGSA,A,3,14,02,21,22,08,07,13,,,,,,2.8,1.7,2.2*37
$GPGSV,3,1,12,07,66,189,14,30,64,284,24,02,56,062,32,17,43,267,23*74
$GPGSV,3,2,12,14,42,325,29,21,40,049,26,22,25,310,31,19,18,248,23*70
$GPGSV,3,3,12,08,17,049,28,13,10,299,22,03,08,133,,09,04,192,*7F
$GPRMC,170126.000,A,2632.6774,N,07703.3397,W,0.82,4.34,220324,,,A*79
$GPVTG,4.34,T,,M,0.82,N,1.5,K,A*00
$GPGGA,170131.000,2632.6784,N,07703.3395,W,1,07,1.7,1.3,M,-33.0,M,,0000*62
$GPGSA,A,3,14,02,21,22,08,07,13,,,,,,2.8,1.7,2.2*37
$GPGSV,3,1,12,07,66,189,13,30,64,284,24,02,56,062,32,17,43,267,23*73
$GPGSV,3,2,12,14,42,325,29,21,40,049,26,22,25,310,31,19,18,248,23*70
$GPGSV,3,3,12,08,17,049,28,13,10,299,22,03,08,133,,09,04,192,*7F
$GPRMC,170131.000,A,2632.6784,N,07703.3395,W,0.78,14.33,220324,,,A*41
$GPVTG,14.33,T,,M,0.78,N,1.4,K,A*32
$GPGGA,170136.000,2632.6787,N,07703.3395,W,1,06,3.9,3.3,M,-33.0,M,,0000*69
$GPGSA,A,3,14,02,21,22,08,13,,,,,,,4.5,3.9,2.3*36
$GPGSV,3,1,12,07,66,189,,30,64,284,23,02,56,062,32,17,43,267,23*76
$GPGSV,3,2,12,14,42,325,29,21,40,049,26,22,25,310,31,19,18,248,18*78
$GPGSV,3,3,12,08,17,049,27,13,10,299,23,03,08,133,,09,04,192,*71
$GPVTG,175.54,T,,M,0.29,N,0.5,K,A*01
$GPGGA,170141.000,2632.6779,N,07703.3397,W,1,07,1.7,3.1,M,-33.0,M,,0000*65
$GPGSA,A,3,14,02,21,07,22,08,13,,,,,,2.8,1.7,2.2*37
$GPGSV,3,1,12,07,66,189,17,30,64,284,23,02,56,062,32,17,43,267,23*70
$GPGSV,3,2,12,14,42,325,29,21,40,049,26,22,25,310,30,19,18,248,19*78
$GPGSV,3,3,12,08,17,049,27,13,10,299,23,03,08,133,,09,04,192,*71
$GPRMC,170141.000,A,2632.6779,N,07703.3397,W,0.29,157.62,220324,,,A*70
$GPVTG,157.62,T,,M,0.29,N,0.5,K,A*04
$GPGGA,170146.000,2632.6776,N,07703.3398,W,1,07,1.7,2.2,M,-33.0,M,,0000*60
$GPGSA,A,3,14,02,21,07,22,08,13,,,,,,2.8,1.7,2.2*37
$GPGSV,3,1,12,07,66,189,17,30,65,284,23,02,56,061,32,17,43,267,22*73
$GPGSV,3,2,12,14,42,326,29,21,40,049,27,22,25,311,30,19,19,248,20*70
$GPGSV,3,3,12,08,17,049,28,13,10,299,24,03,09,133,16,09,04,192,*7F
$GPRMC,170146.000,A,2632.6776,N,07703.3398,W,0.28,48.31,220324,,,A*4F
$GPVTG,48.31,T,,M,0.28,N,0.5,K,A*3C
$GPGGA,170151.000,2632.6793,N,07703.3394,W,1,07,1.7,3.6,M,-33.0,M,,0000*64
$GPGSA,A,3,14,02,21,07,22,08,13,,,,,,2.8,1.7,2.2*37
$GPGSV,3,1,12,07,66,189,17,30,65,284,23,02,56,061,31,17,43,267,23*71
$GPGSV,3,2,12,14,42,326,29,21,40,049,27,22,25,311,30,19,19,248,19*7A
$GPGSV,3,3,12,08,17,049,28,13,10,299,25,03,09,133,16,09,04,192,*7E
$GPRMC,170151.000,A,2632.6793,N,07703.3394,W,1.40,12.19,220324,,,A*44
$GPVTG,12.19,T,,M,1.40,N,2.6,K,A*37
$GPGGA,170156.000,2632.6785,N,07703.3397,W,1,07,1.7,3.8,M,-33.0,M,,0000*69
$GPGSA,A,3,14,02,21,07,22,08,13,,,,,,2.8,1.7,2.2*37
$GPGSV,3,1,12,07,66,189,16,30,65,284,19,02,56,061,31,17,43,267,23*79
$GPGSV,3,2,12,14,42,326,29,21,40,049,26,22,25,311,29,19,19,248,*7B
$GPGSV,3,3,12,08,17,049,28,13,10,299,25,03,09,133,16,09,04,192,*7E
$GPRMC,170156.000,A,2632.6785,N,07703.3397,W,0.71,171.22,220324,,,A*78
$GPVTG,171.22,T,,M,0.71,N,1.3,K,A*0E
$GPGGA,170201.000,2632.6781,N,07703.3395,W,1,07,1.7,3.4,M,-33.0,M,,0000*62
$GPGSA,A,3,14,02,21,07,22,08,13,,,,,,2.8,1.7,2.2*37
$GPGSV,3,1,12,07,66,189,15,30,65,284,21,02,56,061,31,17,43,267,23*71
$GPGSV,3,2,12,14,42,326,30,21,40,049,27,22,25,311,29,19,19,248,*72
$GPGSV,3,3,12,08,17,049,28,13,10,299,26,03,09,133,14,09,04,192,*7F
$GPRMC,170201.000,A,2632.6781,N,07703.3395,W,0.15,47.39,220324,,,A*43
$GPVTG,47.39,T,,M,0.15,N,0.3,K,A*33
$GPGGA,170206.000,2632.6777,N,07703.3394,W,1,06,3.9,3.2,M,-33.0,M,,0000*66
$GPGSA,A,3,14,02,21,22,08,13,,,,,,,4.5,3.9,2.2*37
$GPGSV,3,1,12,07,66,189,,30,65,284,21,02,56,061,30,17,43,267,22*75
$GPGSV,3,2,12,14,42,326,30,21,40,049,26,22,25,311,29,19,19,248,*73
$GPGSV,3,3,12,08,17,049,28,13,10,299,27,03,09,133,15,09,04,192,*7F
$GPRMC,170206.000,A,2632.6777,N,07703.3394,W,0.36,169.85,220324,,,A*77
$GPVTG,169.85,T,,M,0.36,N,0.7,K,A*0C
$GPGGA,170211.000,2632.6770,N,07703.3394,W,1,07,1.7,3.2,M,-33.0,M,,0000*6A
$GPGSA,A,3,14,02,21,07,22,08,13,,,,,,2.8,1.7,2.2*37
$GPGSV,3,1,12,07,66,189,19,30,65,284,22,02,56,061,31,17,43,267,23*7E
$GPGSV,3,2,12,14,42,326,30,21,40,049,26,22,25,311,29,19,19,248,*73
$GPGSV,3,3,12,08,17,049,28,13,10,299,27,03,09,133,15,09,04,192,*7F
$GPVTG,180.99,T,,M,0.42,N,0.8,K,A*0A
$GPGGA,170216.000,2632.6769,N,07703.3391,W,1,07,1.7,3.4,M,-33.0,M,,0000*66
$GPGSA,A,3,14,02,21,07,22,08,13,,,,,,2.8,1.7,2.2*37
$GPGSV,3,1,12,07,66,189,20,30,65,283,22,02,56,061,30,17,43,268,24*7A
$GPGSV,3,2,12,14,42,326,30,21,40,049,26,22,25,311,29,19,19,249,*72
$GPGSV,3,3,12,08,16,049,27,13,10,299,28,03,09,133,17,09,04,192,*7C
$GPRMC,170216.000,A,2632.6769,N,07703.3391,W,0.66,176.85,220324,,,A*77
$GPVTG,176.85,T,,M,0.66,N,1.2,K,A*03
$GPGGA,170221.000,2632.6766,N,07703.3392,W,1,07,1.7,3.0,M,-33.0,M,,0000*6A
$GPGSA,A,3,14,02,21,07,22,08,13,,,,,,2.7,1.7,2.2*38
$GPGSV,3,1,12,07,66,189,19,30,65,283,23,02,56,061,30,17,43,268,24*71
$GPGSV,3,2,12,14,42,326,30,21,40,049,26,22,25,311,29,19,19,249,14*77
$GPGSV,3,3,12,08,16,049,27,13,10,299,28,03,09,133,18,09,04,192,*73
$GPRMC,170221.000,A,2632.6766,N,07703.3392,W,0.06,167.53,220324,,,A*72
$GPVTG,167.53,T,,M,0.06,N,0.1,K,A*0C
$GPGGA,170226.000,2632.6769,N,07703.3391,W,1,07,1.7,4.2,M,-33.0,M,,0000*64
$GPGSA,A,3,14,02,21,07,22,08,13,,,,,,2.7,1.7,2.2*38
$GPGSV,3,1,12,07,66,189,20,30,65,283,24,02,56,061,30,17,43,268,25*7D
$GPGSV,3,2,12,14,42,326,30,21,40,049,25,22,25,311,28,19,19,249,14*75
$GPGSV,3,3,12,08,16,049,27,13,10,299,28,03,09,133,18,09,04,192,*73
$GPRMC,170226.000,A,2632.6769,N,07703.3391,W,0.21,31.69,220324,,,A*47
$GPVTG,31.69,T,,M,0.21,N,0.4,K,A*37
$GPGGA,170231.000,2632.6778,N,07703.3384,W,1,07,1.7,4.7,M,-33.0,M,,0000*63
$GPGSA,A,3,14,02,21,07,22,08,13,,,,,,2.7,1.7,2.2*38
$GPGSV,3,1,12,07,66,189,21,30,65,283,24,02,56,061,30,17,43,268,25*7C
$GPGSV,3,2,12,14,42,326,30,21,40,049,25,22,25,311,28,19,19,249,15*74
$GPGSV,3,3,12,08,16,049,27,13,10,299,29,03,09,133,18,09,04,192,*72
$GPRMC,170231.000,A,2632.6778,N,07703.3384,W,0.31,170.12,220324,,,A*7C
$GPVTG,170.12,T,,M,0.31,N,0.6,K,A*0C
$GPGGA,170236.000,2632.6775,N,07703.3387,W,1,07,1.7,4.4,M,-33.0,M,,0000*69
$GPGSA,A,3,14,02,21,07,22,08,13,,,,,,2.7,1.7,2.1*3B
$GPGSV,3,1,12,07,66,189,21,30,65,283,24,02,56,061,30,17,43,268,25*7C
$GPGSV,3,2,12,14,42,326,30,21,40,049,25,22,25,311,28,19,19,249,14*75
$GPGSV,3,3,12,08,16,049,26,13,10,299,28,03,09,133,19,09,04,192,*73
$GPRMC,170236.000,A,2632.6775,N,07703.3387,W,0.15,164.50,220324,,,A*70
$GPVTG,164.50,T,,M,0.15,N,0.3,K,A*0C
$GPGGA,170241.000,2632.6764,N,07703.3391,W,1,07,1.7,4.0,M,-33.0,M,,0000*6A
$GPGSA,A,3,14,02,21,07,22,08,13,,,,,,2.7,1.7,2.1*3B
$GPGSV,3,1,12,07,66,189,20,30,65,283,25,02,56,061,30,17,43,268,25*7C
$GPGSV,3,2,12,14,42,326,30,21,40,049,26,22,25,311,28,19,19,249,14*76
$GPRMC,170241.000,A,2632.6764,N,07703.3391,W,1.30,183.86,220324,,,A*73
$GPVTG,183.86,T,,M,1.30,N,2.4,K,A*0D
$GPGGA,170246.000,2632.6754,N,07703.3395,W,1,07,1.7,3.3,M,-33.0,M,,0000*6E
$GPGSA,A,3,14,02,21,07,22,08,13,,,,,,2.7,1.7,2.1*3B
$GPGSV,3,1,12,07,65,189,19,30,65,283,25,02,56,061,29,17,43,268,25*7D
$GPGSV,3,2,12,14,42,326,30,21,40,049,26,22,25,311,28,19,19,249,15*77
$GPGSV,3,3,12,08,16,049,26,13,10,299,29,03,09,133,20,09,04,191,*7B
$GPRMC,170246.000,A,2632.6754,N,07703.3395,W,0.76,179.02,220324,,,A*79
$GPGGA,170251.000,2632.6747,N,07703.3391,W,1,07,1.7,3.2,M,-33.0,M,,0000*6F
$GPGSA,A,3,14,02,21,07,22,08,13,,,,,,2.7,1.7,2.1*3B
$GPGSV,3,1,12,07,65,189,19,30,65,283,25,02,56,061,29,17,43,268,24*7C
$GPGSV,3,2,12,14,42,326,30,21,40,049,25,22,25,311,28,19,19,249,15*74
$GPGSV,3,3,12,08,16,049,26,13,10,299,29,03,09,133,19,09,04,191,*71
$GPRMC,170251.000,A,2632.6747,N,07703.3391,W,1.39,183.59,220324,,,A*78
$GPVTG,183.59,T,,M,1.39,N,2.6,K,A*04
$GPGGA,170256.000,2632.6747,N,07703.3388,W,1,07,1.7,3.0,M,-33.0,M,,0000*62
$GPGSA,A,3,14,02,21,07,22,08,13,,,,,,2.7,1.7,2.1*3B
$GPGSV,3,1,12,07,65,189,18,30,65,283,25,02,56,061,28,17,43,268,25*7D
$GPGSV,3,2,12,14,42,326,29,21,40,049,25,22,25,311,28,19,19,249,16*7F
$GPGSV,3,3,12,08,16,049,26,13,10,299,29,03,09,133,19,09,04,191,*71
$GPRMC,170256.000,A,2632.6747,N,07703.3388,W,1.53,180.28,220324,,,A*7E
$GPVTG,180.28,T,,M,1.53,N,2.8,K,A*03
$GPGGA,170301.000,2632.6753,N,07703.3393,W,1,07,1.7,2.9,M,-33.0,M,,0000*66
$GPGSA,A,3,14,02,21,07,22,08,13,,,,,,2.7,1.7,2.1*3B
$GPGSV,3,1,12,07,65,189,17,30,65,283,25,02,56,061,28,17,43,268,25*72
$GPGSV,3,2,12,14,42,326,29,21,40,049,24,22,25,311,28,19,19,249,17*7F
$GPGSV,3,3,12,08,16,049,26,13,10,299,29,03,09,133,19,09,04,191,*71
$GPRMC,170301.000,A,2632.6753,N,07703.3393,W,1.45,5.11,220324,,,A*73
$GPVTG,5.11,T,,M,1.45,N,2.7,K,A*0D
$GPGGA,170306.000,2632.6766,N,07703.3391,W,1,07,1.7,3.1,M,-33.0,M,,0000*6C
$GPGSA,A,3,14,02,21,07,22,08,13,,,,,,2.7,1.7,2.1*3B
$GPGSV,3,1,12,07,65,189,17,30,65,283,25,02,56,061,28,17,43,268,25*72
$GPGSV,3,2,12,14,42,326,28,21,40,049,24,22,25,311,27,19,19,249,18*7E
$GPGSV,3,3,12,08,16,049,25,13,10,299,29,03,09,133,16,09,04,191,*7D
$GPRMC,170306.000,A,2632.6766,N,07703.3391,W,1.28,3.95,220324,,,A*71
$GPVTG,3.95,T,,M,1.28,N,2.4,K,A*0F
$GPGGA,170311.000,2632.6780,N,07703.3388,W,1,07,1.7,4.4,M,-33.0,M,,0000*68
$GPGSA,A,3,14,02,21,07,22,08,13,,,,,,2.7,1.7,2.1*3B
$GPGSV,3,1,12,07,65,189,17,30,65,283,25,02,56,061,28,17,43,268,25*72
$GPGSV,3,2,12,14,42,326,28,21,40,049,24,22,25,311,27,19,19,249,19*7F
$GPGSV,3,3,12,08,16,049,25,13,10,299,28,03,09,133,14,09,04,191,*7E
$GPRMC,170311.000,A,2632.6780,N,07703.3388,W,0.14,107.52,220324,,,A*77
$GPVTG,107.52,T,,M,0.14,N,0.3,K,A*0A
$GPGGA,170316.000,2632.6767,N,07703.3387,W,1,07,1.7,2.9,M,-33.0,M,,0000*62
$GPGSA,A,3,14,02,21,07,22,08,13,,,,,,2.7,1.7,2.1*3B
$GPGSV,3,1,12,07,65,189,17,30,65,282,25,02,56,060,28,17,43,268,24*73
$GPGSV,3,2,12,14,42,326,28,21,40,049,24,22,25,311,27,19,19,249,20*75
$GPGSV,3,3,12,08,16,050,24,13,10,299,28,03,09,132,15,09,04,191,*77
$GPVTG,58.08,T,,M,0.28,N,0.5,K,A*37
$GPGGA,170321.000,2632.6759,N,07703.3386,W,1,07,1.7,-0.5,M,-33.0,M,,0000*49
$GPGSA,A,3,14,02,21,07,22,08,13,,,,,,2.7,1.7,2.1*3B
$GPGSV,3,1,12,07,65,189,17,30,65,282,24,02,56,060,27,17,43,268,24*7D
$GPGSV,3,2,12,14,42,326,29,21,40,049,24,22,25,311,27,19,19,249,21*75
$GPGSV,3,3,12,08,16,050,23,13,10,299,28,03,09,132,16,09,04,191,*73
$GPRMC,170321.000,A,2632.6759,N,07703.3386,W,0.60,192.51,220324,,,A*72
$GPVTG,192.51,T,,M,0.60,N,1.1,K,A*05
$GPGGA,170326.000,2632.6755,N,07703.3393,W,1,07,1.7,0.5,M,-33.0,M,,0000*6B
$GPGSA,A,3,14,02,21,07,22,08,13,,,,,,2.7,1.7,2.1*3B
$GPGSV,3,1,12,07,65,189,17,30,65,282,24,02,56,060,27,17,43,268,24*7D
$GPGSV,3,2,12,14,42,326,28,21,40,049,24,22,25,311,27,19,19,249,21*74
$GPGSV,3,3,12,08,16,050,23,13,10,299,28,03,09,132,16,09,04,191,*73
$GPRMC,170326.000,A,2632.6755,N,07703.3393,W,0.50,256.68,220324,,,A*7F
$GPVTG,256.68,T,,M,0.50,N,0.9,K,A*0E
$GPGGA,170331.000,2632.6745,N,07703.3394,W,1,07,1.7,1.9,M,-33.0,M,,0000*66
$GPGSA,A,3,14,02,21,07,22,08,13,,,,,,2.7,1.7,2.1*3B
$GPGSV,3,1,12,07,65,189,17,30,65,282,23,02,56,060,27,17,43,268,23*7D
$GPGSV,3,2,12,14,42,326,28,21,40,049,23,22,25,311,27,19,19,249,22*70
$GPGSV,3,3,12,08,16,050,22,13,10,299,28,03,09,132,16,09,04,191,*72
$GPRMC,170331.000,A,2632.6745,N,07703.3394,W,0.44,245.63,220324,,,A*73
$GPVTG,245.63,T,,M,0.44,N,0.8,K,A*03
$GPGGA,170336.000,2632.6745,N,07703.3397,W,1,07,1.7,1.2,M,-33.0,M,,0000*69
$GPGSA,A,3,14,02,21,07,22,08,13,,,,,,2.7,1.7,2.1*3B
$GPGSV,3,1,12,07,65,189,17,30,65,282,23,02,56,060,27,17,43,268,23*7D
$GPGSV,3,2,12,14,42,326,28,21,40,049,23,22,25,311,27,19,19,249,21*73
$GPGSV,3,3,12,08,16,050,22,13,10,299,29,03,09,132,15,09,04,191,*70
$GPRMC,170336.000,A,2632.6745,N,07703.3397,W,0.05,306.81,220324,,,A*78
$GPVTG,306.81,T,,M,0.05,N,0.1,K,A*05
$GPGGA,170341.000,2632.6768,N,07703.3390,W,1,07,1.7,2.5,M,-33.0,M,,0000*65
$GPGSA,A,3,14,02,21,07,22,08,13,,,,,,2.7,1.7,2.1*3B
$GPGSV,3,1,12,07,65,189,18,30,65,282,23,02,56,060,27,17,43,268,24*75
$GPGSV,3,2,12,14,42,326,28,21,40,049,23,22,25,311,27,19,19,249,20*72
$GPGSV,3,3,12,08,16,050,21,13,10,299,29,03,09,132,15,09,04,191,*73
$GPRMC,170341.000,A,2632.6768,N,07703.3390,W,0.84,61.55,220324,,,A*42
$GPVTG,61.55,T,,M,0.84,N,1.6,K,A*31
$GPGGA,170346.000,2632.6771,N,07703.3392,W,1,07,1.7,3.8,M,-33.0,M,,0000*64
$GPGSA,A,3,14,02,21,07,22,08,13,,,,,,2.7,1.7,2.1*3B
$GPGSV,3,1,12,30,65,282,23,07,65,188,18,02,56,060,27,17,44,269,24*72
$GPGSV,3,2,12,14,42,326,28,21,40,048,23,22,26,311,27,19,19,249,20*70
$GPGSV,3,3,12,08,16,050,20,13,10,298,29,03,09,132,15,09,03,191,*74
$GPVTG,335.32,T,,M,0.56,N,1.0,K,A*0B
$GPGGA,170351.000,2632.6770,N,07703.3391,W,1,07,1.6,2.4,M,-33.0,M,,0000*6C
$GPGSA,A,3,14,02,21,07,22,08,13,,,,,,2.7,1.6,2.1*3A
$GPGSV,3,1,12,30,65,282,23,07,65,188,18,02,56,060,27,17,44,269,24*72
$GPGSV,3,2,12,14,42,326,28,21,40,048,23,22,26,311,27,19,19,249,20*70
$GPGSV,3,3,12,08,16,050,19,13,10,298,28,03,09,132,14,09,03,191,*7E
$GPRMC,170351.000,A,2632.6770,N,07703.3391,W,0.34,136.73,220324,,,A*77
$GPVTG,136.73,T,,M,0.34,N,0.6,K,A*0C
$GPGGA,170356.000,2632.6817,N,07703.3382,W,1,07,1.6,4.8,M,-33.0,M,,0000*6D
$GPGSA,A,3,14,02,21,07,22,08,13,,,,,,2.7,1.6,2.1*3A
$GPGSV,3,1,12,30,65,282,22,07,65,188,19,02,56,060,28,17,44,269,24*7D
$GPGSV,3,2,12,14,42,326,28,21,40,048,22,22,26,311,27,19,19,249,22*73
$GPGSV,3,3,12,08,16,050,18,13,10,298,28,03,09,132,14,09,03,191,*7F
$GPRMC,170356.000,A,2632.6817,N,07703.3382,W,0.16,124.75,220324,,,A*79
$GPVTG,124.75,T,,M,0.16,N,0.3,K,A*0C
$GPGGA,170401.000,2632.6812,N,07703.3389,W,1,07,1.6,6.4,M,-33.0,M,,0000*68
$GPGSA,A,3,14,02,21,07,22,08,13,,,,,,2.7,1.6,2.1*3A
$GPGSV,3,1,12,30,65,282,22,07,65,188,18,02,56,060,28,17,44,269,24*7C
$GPGSV,3,2,12,14,42,326,28,21,40,048,22,22,26,311,27,19,19,249,22*73
$GPGSV,3,3,12,08,16,050,17,13,10,298,28,03,09,132,14,09,03,191,*70
$GPRMC,170401.000,A,2632.6812,N,07703.3389,W,0.52,351.69,220324,,,A*7F
$GPVTG,351.69,T,,M,0.52,N,1.0,K,A*03
$GPGGA,170406.000,2632.6801,N,07703.3386,W,1,07,1.6,5.0,M,-33.0,M,,0000*65
$GPGSA,A,3,14,02,21,07,22,08,13,,,,,,2.7,1.6,2.1*3A
$GPGSV,3,1,12,30,65,282,22,07,65,188,19,02,56,060,28,17,44,269,23*7A
$GPGSV,3,2,12,14,42,326,28,21,40,048,22,22,26,311,27,19,19,249,23*72
$GPGSV,3,3,12,08,16,050,18,13,10,298,29,03,09,132,13,09,03,191,*79
$GPRMC,170406.000,A,2632.6801,N,07703.3386,W,0.52,46.23,220324,,,A*4E
$GPVTG,46.23,T,,M,0.52,N,1.0,K,A*38
$GPGGA,170411.000,2632.6826,N,07703.3383,W,1,07,1.6,5.5,M,-33.0,M,,0000*66
$GPGSA,A,3,14,02,21,07,22,08,13,,,,,,2.7,1.6,2.1*3A
$GPGSV,3,1,12,30,65,282,22,07,65,188,18,02,56,060,28,17,44,269,23*7B
$GPGSV,3,2,12,14,42,326,27,21,40,048,21,22,26,311,27,19,19,249,22*7F
$GPGSV,3,3,12,08,16,050,17,13,10,298,28,03,09,132,13,09,03,191,*77
$GPRMC,170411.000,A,2632.6826,N,07703.3383,W,2.01,10.92,220324,,,A*45
$GPVTG,10.92,T,,M,2.01,N,3.7,K,A*30
$GPGGA,170416.000,2632.6814,N,07703.3379,W,1,06,1.9,4.9,M,-33.0,M,,0000*66
$GPGSA,A,3,14,02,21,07,22,13,,,,,,,3.6,1.9,3.1*3C
$GPGSV,3,1,12,30,65,281,22,07,64,188,18,02,56,060,28,17,44,269,21*7B
$GPGSV,3,2,12,14,42,327,27,21,39,048,21,22,26,311,28,19,19,249,21*7C
$GPGSV,3,3,12,08,16,050,,13,10,298,28,03,09,132,12,09,03,191,*70
$GPRMC,170416.000,A,2632.6814,N,07703.3379,W,2.29,181.24,220324,,,A*78
$GPVTG,181.24,T,,M,2.29,N,4.2,K,A*0C
$GPGGA,170421.000,2632.6816,N,07703.3375,W,1,05,4.7,4.1,M,-33.0,M,,0000*6C
$GPGSA,A,3,14,02,21,22,13,,,,,,,,5.8,4.7,3.4*3D
$GPGSV,3,1,12,30,65,281,22,07,64,188,17,02,56,060,28,17,44,269,20*75
$GPGSV,3,2,12,14,42,327,27,21,39,048,20,22,26,311,28,19,19,249,21*7D
$GPGSV,3,3,12,08,16,050,,13,10,298,28,03,09,132,,09,03,191,*73
$GPVTG,15.93,T,,M,1.73,N,3.2,K,A*37
$GPGGA,170426.000,2632.6845,N,07703.3370,W,1,07,1.6,3.9,M,-33.0,M,,0000*61
$GPGSA,A,3,14,02,21,07,22,08,13,,,,,,2.6,1.6,2.1*3B
$GPGSV,3,1,12,30,65,281,23,07,64,188,18,02,56,060,28,17,44,269,19*71
$GPGSV,3,2,12,14,42,327,27,21,39,048,20,22,26,311,28,19,19,249,21*7D
$GPGSV,3,3,12,08,16,050,15,13,10,298,28,03,09,132,,09,03,191,*77
$GPRMC,170426.000,A,2632.6845,N,07703.3370,W,0.19,34.86,220324,,,A*40
$GPVTG,34.86,T,,M,0.19,N,0.3,K,A*3F
$GPGGA,170431.000,2632.6840,N,07703.3380,W,1,07,1.6,4.7,M,-33.0,M,,0000*64
$GPGSA,A,3,14,02,21,07,22,08,13,,,,,,2.6,1.6,2.1*3B
$GPGSV,3,1,12,30,65,281,24,07,64,188,20,02,56,060,28,17,44,269,19*7D
$GPGSV,3,2,12,14,42,327,28,21,39,048,21,22,26,311,28,19,19,249,22*70
$GPGSV,3,3,12,08,16,050,16,13,10,298,28,03,09,132,,09,03,191,*74
$GPRMC,170431.000,A,2632.6840,N,07703.3380,W,1.43,202.20,220324,,,A*79
$GPVTG,202.20,T,,M,1.43,N,2.6,K,A*0D
$GPGGA,170436.000,2632.6842,N,07703.3397,W,1,07,1.6,7.4,M,-33.0,M,,0000*67
$GPGSA,A,3,14,02,21,07,22,08,13,,,,,,2.6,1.6,2.1*3B
$GPGSV,3,1,12,30,65,281,24,07,64,188,21,02,56,060,27,17,44,269,18*72
$GPGSV,3,2,12,14,42,327,28,21,39,048,21,22,26,311,27,19,19,249,22*7F
$GPGSV,3,3,12,08,16,050,16,13,10,298,28,03,09,132,,09,03,191,*74
$GPRMC,170436.000,A,2632.6842,N,07703.3397,W,0.19,269.60,220324,,,A*7D
$GPVTG,269.60,T,,M,0.19,N,0.4,K,A*0A
$GPGGA,170441.000,2632.6830,N,07703.3395,W,1,07,1.6,7.4,M,-33.0,M,,0000*60
$GPGSA,A,3,14,02,21,07,22,08,13,,,,,,2.6,1.6,2.1*3B
$GPGSV,3,1,12,30,65,281,24,07,64,188,22,02,56,060,27,17,44,269,17*7E
$GPGSV,3,2,12,14,42,327,28,21,39,048,21,22,26,311,27,19,19,249,22*7F
$GPGSV,3,3,12,08,16,050,17,13,10,298,28,03,09,132,,09,03,191,*75
$GPRMC,170441.000,A,2632.6830,N,07703.3395,W,0.34,20.53,220324,,,A*4A
$GPVTG,20.53,T,,M,0.34,N,0.6,K,A*38
$GPGGA,170446.000,2632.6827,N,07703.3395,W,1,07,1.6,8.2,M,-33.0,M,,0000*68
$GPGSA,A,3,14,02,21,07,22,08,13,,,,,,2.6,1.6,2.1*3B
$GPGSV,3,1,12,30,65,281,24,07,64,188,22,02,56,060,27,17,44,269,16*7F
$GPGSV,3,2,12,14,42,327,28,21,39,048,22,22,26,311,27,19,19,249,23*7D
$GPGSV,3,3,12,08,16,050,17,13,10,298,28,03,09,132,,09,03,191,*75
$GPRMC,170446.000,A,2632.6827,N,07703.3395,W,0.65,62.53,220324,,,A*49
$GPVTG,62.53,T,,M,0.65,N,1.2,K,A*3F
$GPGGA,170451.000,2632.6849,N,07703.3394,W,1,07,1.6,10.3,M,-33.0,M,,0000*5F
$GPGSA,A,3,14,02,21,07,22,08,13,,,,,,2.6,1.6,2.1*3B
$GPGSV,3,1,12,30,65,281,23,07,64,188,22,02,56,060,27,17,44,269,15*7B
$GPGSV,3,2,12,14,42,327,28,21,39,048,22,22,26,311,27,19,19,249,24*7A
$GPGSV,3,3,12,08,16,050,22,13,10,298,28,03,09,132,,09,03,191,*73
$GPVTG,199.01,T,,M,0.49,N,0.9,K,A*09
$GPGGA,170456.000,2632.6862,N,07703.3387,W,1,07,1.6,10.1,M,-33.0,M,,0000*51
$GPGSA,A,3,14,02,21,07,22,08,13,,,,,,2.6,1.6,2.1*3B
$GPGSV,3,1,12,30,65,281,23,07,64,188,23,02,56,060,26,17,44,269,14*7A
$GPGSV,3,2,12,14,42,327,28,21,39,048,22,22,26,311,27,19,19,249,24*7A
$GPGSV,3,3,12,08,16,050,22,13,10,298,27,03,09,132,,09,03,191,*7C
$GPRMC,170456.000,A,2632.6862,N,07703.3387,W,0.62,208.20,220324,,,A*77
$GPVTG,208.20,T,,M,0.62,N,1.2,K,A*02
$GPGGA,170501.000,2632.6872,N,07703.3381,W,1,07,1.6,11.8,M,-33.0,M,,0000*5D
$GPGSA,A,3,14,02,21,07,22,08,13,,,,,,2.6,1.6,2.1*3B
$GPGSV,3,1,12,30,65,281,23,07,64,188,23,02,56,060,27,17,44,269,*7E
$GPGSV,3,2,12,14,42,327,28,21,39,048,22,22,26,311,27,19,19,249,24*7A
$GPGSV,3,3,12,08,16,050,21,13,10,298,27,03,09,132,,09,03,191,*7F
$GPRMC,170501.000,A,2632.6872,N,07703.3381,W,0.46,60.21,220324,,,A*48
$GPVTG,60.21,T,,M,0.46,N,0.9,K,A*33
$GPGGA,170506.000,2632.6888,N,07703.3383,W,1,07,1.6,15.0,M,-33.0,M,,0000*51
$GPGSA,A,3,14,02,21,07,22,08,13,,,,,,2.6,1.6,2.1*3B
$GPGSV,3,1,12,30,65,281,23,07,64,188,23,02,56,060,27,17,44,269,*7E
$GPGSV,3,2,12,14,42,327,28,21,39,048,22,22,26,311,26,19,19,249,24*7B
$GPGSV,3,3,12,08,16,050,22,13,10,298,27,03,09,132,,09,03,191,*7C
$GPRMC,170506.000,A,2632.6888,N,07703.3383,W,0.81,4.80,220324,,,A*7A
$GPVTG,4.80,T,,M,0.81,N,1.5,K,A*0C
$GPGGA,170511.000,2632.6897,N,07703.3386,W,1,07,1.6,16.7,M,-33.0,M,,0000*58
$GPGSA,A,3,14,02,21,07,22,08,13,,,,,,2.6,1.6,2.1*3B
$GPGSV,3,1,12,30,65,281,23,07,64,188,23,02,56,060,27,17,44,269,*7E
$GPGSV,3,2,12,14,42,327,28,21,39,048,23,22,26,311,26,19,19,249,24*7A
$GPGSV,3,3,12,08,16,050,22,13,10,298,27,03,09,132,,09,03,191,*7C
$GPRMC,170511.000,A,2632.6897,N,07703.3386,W,0.63,27.38,220324,,,A*49
$GPVTG,27.38,T,,M,0.63,N,1.2,K,A*35
$GPGGA,170516.000,2632.6892,N,07703.3389,W,1,07,1.6,17.4,M,-33.0,M,,0000*57
$GPGSA,A,3,14,02,21,07,22,08,13,,,,,,2.6,1.6,2.1*3B
$GPGSV,3,1,12,30,65,281,24,07,64,188,23,02,56,060,28,17,44,269,*76
$GPGSV,3,2,12,14,42,327,28,21,39,048,23,22,26,311,27,19,19,249,23*7C
$GPGSV,3,3,12,08,16,050,22,13,10,298,26,03,09,132,,09,03,191,*7D
$GPRMC,170516.000,A,2632.6892,N,07703.3389,W,0.24,148.41,220324,,,A*71
$GPVTG,148.41,T,,M,0.24,N,0.4,K,A*07
$GPGGA,170521.000,2632.6879,N,07703.3389,W,1,07,1.6,17.0,M,-33.0,M,,0000*52
$GPGSA,A,3,14,02,21,07,22,08,13,,,,,,2.6,1.6,2.1*3B
$GPGSV,3,1,12,30,65,281,24,07,64,188,23,02,56,060,28,17,44,269,*76
$GPGSV,3,2,12,14,42,327,28,21,39,048,22,22,26,311,26,19,19,249,24*7B
$GPGSV,3,3,12,08,16,050,22,13,10,298,25,03,09,132,,09,03,191,*7E
$GPRMC,170521.000,A,2632.6879,N,07703.3389,W,0.53,225.23,220324,,,A*7C
$GPVTG,225.23,T,,M,0.53,N,1.0,K,A*0E
$GPGGA,170526.000,2632.6860,N,07703.3387,W,1,07,1.6,15.3,M,-33.0,M,,0000*52
$GPGSA,A,3,14,02,21,07,22,08,13,,,,,,2.6,1.6,2.1*3B
$GPGSV,3,1,12,30,65,281,24,07,64,188,23,02,56,060,27,17,44,269,*79
$GPGSV,3,2,12,14,42,327,28,21,39,048,22,22,26,311,26,19,19,249,24*7B
$GPGSV,3,3,12,08,16,050,23,13,10,298,24,03,09,132,,09,03,191,*7E
$GPVTG,353.43,T,,M,0.19,N,0.4,K,A*03
$GPGGA,170531.000,2632.6859,N,07703.3389,W,1,07,1.6,13.3,M,-33.0,M,,0000*56
$GPGSA,A,3,14,02,21,07,22,08,13,,,,,,2.6,1.6,2.1*3B
$GPGSV,3,1,12,30,65,281,24,07,64,188,22,02,56,060,27,17,44,269,*78
$GPGSV,3,2,12,14,42,327,28,21,39,048,22,22,26,311,26,19,19,249,24*7B
$GPGSV,3,3,12,08,16,050,23,13,10,298,23,03,09,132,,09,03,191,*79
$GPRMC,170531.000,A,2632.6859,N,07703.3389,W,0.06,13.86,220324,,,A*47
$GPVTG,13.86,T,,M,0.06,N,0.1,K,A*36
$GPGGA,170536.000,2632.6861,N,07703.3391,W,1,07,1.6,13.9,M,-33.0,M,,0000*59
$GPGSA,A,3,14,02,21,07,22,08,13,,,,,,2.6,1.6,2.1*3B
$GPGSV,3,1,12,30,65,281,24,07,64,188,22,02,56,060,28,17,44,269,*77
$GPGSV,3,2,12,14,42,327,28,21,39,048,22,22,26,311,26,19,19,249,24*7B
$GPGSV,3,3,12,08,16,050,23,13,10,298,23,03,09,132,,09,03,191,*79
$GPRMC,170536.000,A,2632.6861,N,07703.3391,W,0.19,47.58,220324,,,A*4E
$GPVTG,47.58,T,,M,0.19,N,0.4,K,A*3F
$GPGGA,170541.000,2632.6850,N,07703.3385,W,1,07,1.6,11.6,M,-33.0,M,,0000*53
$GPGSA,A,3,14,02,21,07,22,08,13,,,,,,2.6,1.6,2.0*3A
$GPGSV,3,1,12,30,65,279,25,07,64,188,22,02,55,059,27,17,44,270,*7F
$GPGSV,3,2,12,14,43,327,28,21,39,048,23,22,26,312,26,19,20,250,24*7A
$GPGSV,3,3,12,08,15,050,24,13,10,297,22,03,10,132,,09,03,190,*7A
$GPRMC,170541.000,A,2632.6850,N,07703.3385,W,0.43,10.77,220324,,,A*49
$GPVTG,10.77,T,,M,0.43,N,0.8,K,A*33
$GPGGA,170546.000,2632.6853,N,07703.3389,W,1,07,1.6,10.7,M,-33.0,M,,0000*5B
$GPGSA,A,3,14,02,21,07,22,08,13,,,,,,2.6,1.6,2.0*3A
$GPGSV,3,1,12,30,65,279,25,07,64,188,22,02,55,059,27,17,44,270,*7F
$GPGSV,3,2,12,14,43,327,28,21,39,048,23,22,26,312,26,19,20,250,25*7B
$GPGSV,3,3,12,08,15,050,24,13,10,297,21,03,10,132,,09,03,190,*79
$GPRMC,170546.000,A,2632.6853,N,07703.3389,W,0.78,179.47,220324,,,A*74
$GPVTG,179.47,T,,M,0.78,N,1.4,K,A*0B
$GPGGA,170551.000,2632.6854,N,07703.3380,W,1,07,1.6,12.1,M,-33.0,M,,0000*57
$GPGSA,A,3,14,02,21,07,22,08,13,,,,,,2.6,1.6,2.0*3A
$GPGSV,3,1,12,30,65,279,25,07,64,188,22,02,55,059,27,17,44,270,18*76
$GPGSV,3,2,12,14,43,327,29,21,39,048,23,22,26,312,25,19,20,250,24*78
$GPGSV,3,3,12,08,15,050,24,13,10,297,22,03,10,132,,09,03,190,*7A
$GPRMC,170551.000,A,2632.6854,N,07703.3380,W,0.01,98.63,220324,,,A*4A
$GPVTG,98.63,T,,M,0.01,N,0.0,K,A*38
$GPGGA,170556.000,2632.6863,N,07703.3378,W,1,07,1.6,13.7,M,-33.0,M,,0000*54
$GPGSA,A,3,14,02,21,07,22,08,13,,,,,,2.6,1.6,2.0*3A
$GPGSV,3,1,12,30,65,279,25,07,64,188,22,02,55,059,27,17,44,270,18*76
$GPGSV,3,2,12,14,43,327,29,21,39,048,23,22,26,312,25,19,20,250,24*78
$GPGSV,3,3,12,08,15,050,24,13,10,297,21,03,10,132,,09,03,190,*79
$GPVTG,299.66,T,,M,0.27,N,0.5,K,A*0F
$GPGGA,170601.000,2632.6864,N,07703.3388,W,1,07,1.6,13.3,M,-33.0,M,,0000*59
$GPGSA,A,3,14,02,21,07,22,08,13,,,,,,2.6,1.6,2.0*3A
$GPGSV,3,1,12,30,65,279,25,07,64,188,22,02,55,059,27,17,44,270,18*76
$GPGSV,3,2,12,14,43,327,29,21,39,048,23,22,26,312,25,19,20,250,24*78
$GPGSV,3,3,12,08,15,050,25,13,10,297,22,03,10,132,,09,03,190,*7B
$GPRMC,170601.000,A,2632.6864,N,07703.3388,W,0.18,262.61,220324,,,A*7A
$GPVTG,262.61,T,,M,0.18,N,0.3,K,A*06
$GPGGA,170606.000,2632.6860,N,07703.3391,W,1,07,1.6,13.9,M,-33.0,M,,0000*58
$GPGSA,A,3,14,02,21,07,22,08,13,,,,,,2.6,1.6,2.0*3A
$GPGSV,3,1,12,30,65,279,25,07,64,188,21,02,55,059,28,17,44,270,19*7B
$GPGSV,3,2,12,14,43,327,29,21,39,048,23,22,26,312,25,19,20,250,24*78
$GPGSV,3,3,12,08,15,050,25,13,10,297,23,03,10,132,,09,03,190,*7A
$GPRMC,170606.000,A,2632.6860,N,07703.3391,W,0.49,344.15,220324,,,A*73
$GPVTG,344.15,T,,M,0.49,N,0.9,K,A*0E
$GPGGA,170611.000,2632.6868,N,07703.3390,W,1,07,1.6,14.5,M,-33.0,M,,0000*5C
$GPGSA,A,3,14,02,21,07,22,08,13,,,,,,2.6,1.6,2.0*3A
$GPGSV,3,1,12,30,65,279,26,07,64,188,20,02,55,058,28,17,44,270,20*72
$GPGSV,3,2,12,14,43,327,29,21,39,048,23,22,26,312,25,19,20,250,24*78
$GPGSV,3,3,12,08,15,050,26,13,10,297,23,03,10,131,,09,03,190,*7A
$GPRMC,170611.000,A,2632.6868,N,07703.3390,W,0.66,7.21,220324,,,A*72
$GPVTG,7.21,T,,M,0.66,N,1.2,K,A*0A
$GPGGA,170616.000,2632.6851,N,07703.3399,W,1,07,1.6,14.1,M,-33.0,M,,0000*5C
$GPGSA,A,3,14,02,21,07,22,08,13,,,,,,2.6,1.6,2.0*3A
$GPGSV,3,1,12,30,65,279,26,07,63,188,12,02,55,058,28,17,44,270,20*74
$GPGSV,3,2,12,14,43,327,29,21,39,048,22,22,26,312,25,19,20,250,24*79
$GPGSV,3,3,12,08,15,050,26,13,10,297,23,03,10,131,,09,03,190,*7A
$GPRMC,170616.000,A,2632.6851,N,07703.3399,W,0.91,26.03,220324,,,A*4D
$GPVTG,26.03,T,,M,0.91,N,1.7,K,A*34
$GPGGA,170621.000,2632.6842,N,07703.3393,W,1,06,3.9,14.2,M,-33.0,M,,0000*5F
$GPGSA,A,3,14,02,21,22,08,13,,,,,,,4.4,3.9,2.1*35
$GPGSV,3,1,12,30,65,279,27,07,63,188,,02,55,058,28,17,44,270,20*76
$GPGSV,3,2,12,14,43,327,29,21,39,048,21,22,26,312,24,19,20,250,23*7C
$GPGSV,3,3,12,08,15,050,26,13,10,297,22,03,10,131,,09,03,190,*7B
$GPRMC,170621.000,A,2632.6842,N,07703.3393,W,0.73,191.29,220324,,,A*78
$GPVTG,191.29,T,,M,0.73,N,1.4,K,A*0E
$GPGGA,170626.000,2632.6827,N,07703.3397,W,1,06,3.9,14.4,M,-33.0,M,,0000*59
$GPGSA,A,3,14,02,21,22,08,13,,,,,,,4.4,3.9,2.0*34
$GPGSV,3,1,12,30,65,279,27,07,63,188,,02,55,058,28,17,44,270,20*76
$GPGSV,3,2,12,14,43,327,29,21,39,048,21,22,26,312,24,19,20,250,23*7C
$GPGSV,3,3,12,08,15,050,26,13,10,297,23,03,10,131,,09,03,190,*7A
$GPRMC,170626.000,A,2632.6827,N,07703.3397,W,0.37,206.11,220324,,,A*7E
$GPVTG,206.11,T,,M,0.37,N,0.7,K,A*0A
$GPGGA,170631.000,2632.6846,N,07703.3399,W,1,07,1.6,13.3,M,-33.0,M,,0000*5A
$GPGSA,A,3,14,02,21,07,22,08,13,,,,,,2.6,1.6,2.0*3A
$GPGSV,3,1,12,30,65,279,26,07,63,188,19,02,55,058,29,17,44,270,20*7E
$GPGSV,3,2,12,14,43,327,29,21,39,048,21,22,26,312,23,19,20,250,23*7B
$GPGSV,3,3,12,08,15,050,27,13,10,297,22,03,10,131,,09,03,190,*7A
$GPVTG,187.65,T,,M,0.75,N,1.4,K,A*07
$GPGGA,170636.000,2632.6850,N,07703.3391,W,1,07,1.6,13.9,M,-33.0,M,,0000*58
$GPGSA,A,3,14,02,21,07,22,08,13,,,,,,2.6,1.6,2.0*3A
$GPGSV,3,1,12,30,65,279,27,07,63,188,18,02,55,058,29,17,44,270,20*7E
$GPGSV,3,2,12,14,43,327,30,21,39,048,22,22,26,312,22,19,20,250,22*70
$GPGSV,3,3,12,08,15,050,27,13,10,297,15,03,10,131,,09,03,190,*7E
$GPRMC,170636.000,A,2632.6850,N,07703.3391,W,0.12,83.53,220324,,,A*47
$GPVTG,83.53,T,,M,0.12,N,0.2,K,A*31
$GPGGA,170641.000,2632.6863,N,07703.3388,W,1,07,1.6,14.4,M,-33.0,M,,0000*5A
$GPGSA,A,3,14,02,21,07,22,08,13,,,,,,2.6,1.6,2.0*3A
$GPGSV,3,1,12,30,65,278,26,07,63,188,18,02,55,058,29,17,44,270,19*74
$GPGSV,3,2,12,14,43,328,30,21,39,047,23,22,26,312,18,19,20,250,22*78
$GPGSV,3,3,12,08,15,051,27,13,10,297,17,03,10,131,,09,03,190,*7D
$GPRMC,170641.000,A,2632.6863,N,07703.3388,W,1.73,181.68,220324,,,A*72
$GPVTG,181.68,T,,M,1.73,N,3.2,K,A*0F
$GPGGA,170646.000,2632.6848,N,07703.3396,W,1,07,1.6,11.3,M,-33.0,M,,0000*59
$GPGSA,A,3,14,02,21,07,22,08,13,,,,,,2.5,1.6,2.0*39
$GPGSV,3,1,12,30,65,278,26,07,63,187,17,02,55,058,29,17,44,270,18*75
$GPGSV,3,2,12,14,43,328,30,21,39,047,22,22,26,312,19,19,20,250,21*7B
$GPGSV,3,3,12,08,15,051,27,13,10,297,18,03,10,131,,09,03,190,*72
$GPRMC,170646.000,A,2632.6848,N,07703.3396,W,0.44,334.17,220324,,,A*72
$GPVTG,334.17,T,,M,0.44,N,0.8,K,A*07
$GPGGA,170651.000,2632.6833,N,07703.3401,W,1,07,1.6,7.5,M,-33.0,M,,0000*6B
$GPGSA,A,3,14,02,21,07,22,08,13,,,,,,2.5,1.6,2.0*39
$GPGSV,3,1,12,30,65,278,25,07,63,187,15,02,55,058,29,17,44,270,18*74
$GPGSV,3,2,12,14,43,328,31,21,39,047,15,22,26,312,18,19,20,250,20*7E
$GPGSV,3,3,12,08,15,051,28,13,10,297,18,03,10,131,,09,03,190,*7D
$GPRMC,170651.000,A,2632.6833,N,07703.3401,W,0.23,6.30,220324,,,A*77
$GPVTG,6.30,T,,M,0.23,N,0.4,K,A*0D
$GPGGA,170656.000,2632.6795,N,07703.3416,W,1,06,3.9,3.5,M,-33.0,M,,0000*61
$GPGSA,A,3,14,02,21,22,08,13,,,,,,,4.4,3.9,2.0*34
$GPGSV,3,1,12,30,65,278,25,07,63,187,,02,55,058,29,17,44,270,19*71
$GPGSV,3,2,12,14,43,328,31,21,39,047,19,22,26,312,17,19,20,250,20*7D
$GPGSV,3,3,12,08,15,051,28,13,10,297,19,03,10,131,,09,03,190,*7C
$GPRMC,170656.000,A,2632.6795,N,07703.3416,W,2.29,188.45,220324,,,A*78
$GPVTG,188.45,T,,M,2.29,N,4.2,K,A*02
$GPGGA,170701.000,2632.6751,N,07703.3423,W,1,06,3.9,-1.0,M,-33.0,M,,0000*46
$GPGSA,A,3,14,02,21,22,08,13,,,,,,,4.4,3.9,2.0*34
$GPGSV,3,1,12,30,65,278,25,07,63,187,,02,55,058,29,17,44,270,19*71
$GPGSV,3,2,12,14,43,328,31,21,39,047,20,22,26,312,16,19,20,250,19*7C
$GPGSV,3,3,12,08,15,051,28,13,10,297,18,03,10,131,,09,03,190,*7D
$GPVTG,181.27,T,,M,1.34,N,2.5,K,A*01
$GPGGA,170706.000,2632.6738,N,07703.3422,W,1,06,3.9,-3.2,M,-33.0,M,,0000*4F
$GPGSA,A,3,14,02,21,22,08,13,,,,,,,4.4,3.9,2.0*34
$GPGSV,3,1,12,30,65,278,25,07,63,187,,02,55,058,29,17,44,270,19*71
$GPGSV,3,2,12,14,43,328,31,21,39,047,20,22,26,312,14,19,20,250,19*7E
$GPGSV,3,3,12,08,15,051,28,13,10,297,18,03,10,131,,09,03,190,*7D
$GPRMC,170706.000,A,2632.6738,N,07703.3422,W,0.58,168.65,220324,,,A*74
$GPVTG,168.65,T,,M,0.58,N,1.1,K,A*0C
$GPGGA,170711.000,2632.6751,N,07703.3413,W,1,05,4.2,-1.4,M,-33.0,M,,0000*4F
$GPGSA,A,3,14,02,21,08,13,,,,,,,,4.6,4.2,2.1*3B
$GPGSV,3,1,12,30,65,278,24,07,63,187,,02,55,058,29,17,44,271,19*71
$GPGSV,3,2,12,14,43,328,32,21,38,047,20,22,27,312,,19,20,250,19*78
$GPGSV,3,3,12,08,15,051,28,13,10,297,17,03,10,131,,09,03,190,*72
$GPRMC,170711.000,A,2632.6751,N,07703.3413,W,0.16,43.68,220324,,,A*40
$GPVTG,43.68,T,,M,0.16,N,0.3,K,A*30
$GPGGA,170716.000,2632.6782,N,07703.3403,W,1,05,4.2,3.4,M,-33.0,M,,0000*68
$GPGSA,A,3,14,02,21,08,13,,,,,,,,4.7,4.2,2.0*3B
$GPGSV,3,1,12,30,65,277,24,07,63,187,,02,55,058,29,17,44,271,19*7E
$GPGSV,3,2,12,14,43,328,32,21,38,047,19,22,27,312,,19,20,251,20*79
$GPGSV,3,3,12,08,15,051,28,13,10,297,16,03,10,131,,09,03,190,*73
$GPRMC,170716.000,A,2632.6782,N,07703.3403,W,0.45,350.53,220324,,,A*77
$GPVTG,350.53,T,,M,0.45,N,0.8,K,A*04
$GPGGA,170721.000,2632.6737,N,07703.3418,W,1,05,4.2,-0.9,M,-33.0,M,,0000*4B
$GPGSA,A,3,14,02,21,08,13,,,,,,,,4.7,4.2,2.0*3B
$GPGSV,3,1,12,30,65,277,24,07,63,187,,02,55,058,29,17,44,271,19*7E
$GPGSV,3,2,12,14,43,328,32,21,38,047,20,22,27,312,,19,20,251,20*73
$GPGSV,3,3,12,08,15,051,29,13,10,297,15,03,10,131,,09,03,190,*71
$GPRMC,170721.000,A,2632.6737,N,07703.3418,W,1.55,196.02,220324,,,A*7B
$GPVTG,196.02,T,,M,1.55,N,2.9,K,A*0B
$GPGGA,170726.000,2632.6689,N,07703.3431,W,1,05,4.2,-5.4,M,-33.0,M,,0000*4B
$GPGSA,A,3,14,02,21,08,13,,,,,,,,4.7,4.2,2.0*3B
$GPGSV,3,1,12,30,65,277,24,07,63,187,,02,55,058,30,17,44,271,18*77
$GPGSV,3,2,12,14,43,328,33,21,38,047,20,22,27,312,,19,20,251,21*73
$GPGSV,3,3,12,08,15,051,29,13,10,297,14,03,10,131,,09,03,190,*70
$GPRMC,170726.000,A,2632.6689,N,07703.3431,W,1.46,180.53,220324,,,A*72
$GPVTG,180.53,T,,M,1.46,N,2.7,K,A*04
$GPGGA,170731.000,2632.6670,N,07703.3435,W,1,05,4.2,-7.6,M,-33.0,M,,0000*4F
$GPGSA,A,3,14,02,21,08,13,,,,,,,,4.7,4.2,2.0*3B
$GPGSV,3,1,12,30,65,277,23,07,63,187,,02,55,058,30,17,44,271,17*7F
$GPGSV,3,2,12,14,43,328,33,21,38,047,20,22,27,312,,19,20,251,22*70
$GPGSV,3,3,12,08,15,051,29,13,10,297,14,03,10,131,,09,03,190,*70
$GPVTG,170.68,T,,M,1.07,N,2.0,K,A*01
$GPGGA,170736.000,2632.6667,N,07703.3433,W,1,05,4.2,-7.4,M,-33.0,M,,0000*4A
$GPGSA,A,3,14,02,21,08,13,,,,,,,,4.7,4.2,2.0*3B
$GPGSV,3,1,12,30,65,277,23,07,63,187,,02,55,058,30,17,44,271,17*7F
$GPGSV,3,2,12,14,43,328,33,21,38,047,20,22,27,312,,19,20,251,22*70
$GPGSV,3,3,12,08,15,051,29,13,10,297,13,03,10,131,,09,03,190,*77
$GPRMC,170736.000,A,2632.6667,N,07703.3433,W,0.39,148.42,220324,,,A*7C
$GPVTG,148.42,T,,M,0.39,N,0.7,K,A*0B
$GPGGA,170741.000,2632.6661,N,07703.3434,W,1,05,4.2,-8.4,M,-33.0,M,,0000*44
$GPGSA,A,3,14,02,21,08,13,,,,,,,,4.7,4.2,2.0*3B
$GPGSV,3,1,12,30,65,277,23,07,63,187,,02,55,058,30,17,44,271,16*7E
$GPGSV,3,2,12,14,43,328,33,21,38,047,20,22,27,312,,19,20,251,22*70
$GPGSV,3,3,12,08,15,051,29,13,10,297,12,03,10,131,,09,03,190,*76
$GPRMC,170741.000,A,2632.6661,N,07703.3434,W,0.40,86.13,220324,,,A*44
$GPVTG,86.13,T,,M,0.40,N,0.7,K,A*32
$GPGGA,170746.000,2632.6630,N,07703.3444,W,1,04,4.5,-12.0,M,-33.0,M,,0000*79
$GPGSA,A,3,14,02,21,08,,,,,,,,,4.6,4.5,1.0*3C
$GPGSV,3,1,12,30,65,277,23,07,63,187,,02,55,057,30,17,44,271,16*71
$GPGSV,3,2,12,14,44,328,33,21,38,047,20,22,27,313,,19,20,251,22*76
$GPGSV,3,3,12,08,15,051,29,03,10,131,,13,10,297,,09,03,190,*75
$GPRMC,170746.000,A,2632.6630,N,07703.3444,W,0.76,187.11,220324,,,A*77
$GPVTG,187.11,T,,M,0.76,N,1.4,K,A*07
$GPGGA,170751.000,2632.6569,N,07703.3464,W,1,04,4.5,-17.9,M,-33.0,M,,0000*7E
$GPGSA,A,3,14,02,21,08,,,,,,,,,4.6,4.5,1.0*3C
$GPGSV,3,1,12,30,65,277,23,07,63,187,,02,55,057,30,17,44,271,16*71
$GPGSV,3,2,12,14,44,328,34,21,38,047,22,22,27,313,,19,20,251,23*72
$GPGSV,3,3,12,08,15,051,29,03,10,131,,13,10,297,,09,03,190,*75
$GPRMC,170751.000,A,2632.6569,N,07703.3464,W,1.65,193.07,220324,,,A*7D
$GPVTG,193.07,T,,M,1.65,N,3.1,K,A*01
$GPGGA,170756.000,2632.6520,N,07703.3478,W,1,05,4.2,-22.9,M,-33.0,M,,0000*79
$GPGSA,A,3,14,02,21,13,08,,,,,,,,4.7,4.2,2.0*3B
$GPGSV,3,1,12,30,65,277,24,07,63,187,,02,55,057,30,17,44,271,16*76
$GPGSV,3,2,12,14,44,328,34,21,38,047,22,22,27,313,,19,20,251,24*75
$GPGSV,3,3,12,08,15,051,29,03,10,131,,13,10,297,16,09,03,190,*72
$GPRMC,170756.000,A,2632.6520,N,07703.3478,W,1.38,179.30,220324,,,A*72
$GPVTG,179.30,T,,M,1.38,N,2.6,K,A*0F
$GPGGA,170801.000,2632.6497,N,07703.3486,W,1,04,4.5,-25.4,M,-33.0,M,,0000*74
$GPGSA,A,3,14,02,21,08,,,,,,,,,4.6,4.5,1.0*3C
$GPGSV,3,1,12,30,65,277,24,07,63,187,15,02,55,057,30,17,44,271,15*71
$GPGSV,3,2,12,14,44,328,34,21,38,047,23,22,27,313,,19,20,251,24*74
$GPGSV,3,3,12,08,15,051,29,03,10,131,,13,10,297,,09,03,190,*75
$GPVTG,188.70,T,,M,2.00,N,3.7,K,A*0D
$GPGGA,170806.000,2632.6476,N,07703.3492,W,1,04,4.5,-27.8,M,-33.0,M,,0000*77
$GPGSA,A,3,14,02,21,08,,,,,,,,,4.6,4.5,1.0*3C
$GPGSV,3,1,12,30,65,277,25,07,63,187,15,02,55,057,30,17,44,271,14*71
$GPGSV,3,2,12,14,44,328,34,21,38,047,24,22,27,313,17,19,20,251,25*74
$GPGSV,3,3,12,08,15,051,30,03,10,131,,13,10,297,,09,03,190,*7D
$GPRMC,170806.000,A,2632.6476,N,07703.3492,W,0.98,174.84,220324,,,A*77
$GPVTG,174.84,T,,M,0.98,N,1.8,K,A*0B
$GPGGA,170811.000,2632.6455,N,07703.3500,W,1,04,4.5,-31.1,M,-33.0,M,,0000*74
$GPGSA,A,3,14,02,21,08,,,,,,,,,4.6,4.5,1.0*3C
$GPGSV,3,1,12,30,66,276,26,07,62,187,16,02,54,057,30,17,45,271,*77
$GPGSV,3,2,12,14,44,328,33,21,38,047,23,22,27,313,16,19,20,251,25*75
$GPGSV,3,3,12,08,15,051,30,03,10,131,,13,10,296,,09,02,190,*7D
$GPRMC,170811.000,A,2632.6455,N,07703.3500,W,0.43,203.12,220324,,,A*70
$GPVTG,203.12,T,,M,0.43,N,0.8,K,A*00
$GPGGA,170816.000,2632.6450,N,07703.3499,W,1,04,4.5,-33.1,M,-33.0,M,,0000*75
$GPGSA,A,3,14,02,21,08,,,,,,,,,4.7,4.5,1.0*3D
$GPGSV,3,1,12,30,66,276,27,07,62,187,17,02,54,057,29,17,45,271,*7F
$GPGSV,3,2,12,14,44,328,33,21,38,047,23,22,27,313,16,19,20,251,25*75
$GPGSV,3,3,12,08,15,051,30,03,10,131,,13,10,296,,09,02,190,*7D
$GPRMC,170816.000,A,2632.6450,N,07703.3499,W,0.71,163.55,220324,,,A*74
$GPVTG,163.55,T,,M,0.71,N,1.3,K,A*0D
$GPGGA,170821.000,2632.6420,N,07703.3511,W,1,04,4.6,-36.8,M,-33.0,M,,0000*78
$GPGSA,A,3,14,02,21,08,,,,,,,,,4.7,4.6,1.0*3E
$GPGSV,3,1,12,30,66,276,27,07,62,187,18,02,54,057,29,17,45,271,*70
$GPGSV,3,2,12,14,44,328,33,21,38,047,22,22,27,313,17,19,20,251,25*75
$GPGSV,3,3,12,08,15,051,30,03,10,131,,13,10,296,,09,02,190,*7D
$GPRMC,170821.000,A,2632.6420,N,07703.3511,W,1.66,192.08,220324,,,A*77
$GPVTG,192.08,T,,M,1.66,N,3.1,K,A*0C
$GPGGA,170826.000,2632.6384,N,07703.3521,W,1,04,4.6,-40.4,M,-33.0,M,,0000*78
$GPGSA,A,3,14,02,21,08,,,,,,,,,4.7,4.6,1.0*3E
$GPGSV,3,1,12,30,66,276,28,07,62,187,18,02,54,057,29,17,45,271,*7F
$GPGSV,3,2,12,14,44,328,32,21,38,047,22,22,27,313,17,19,20,251,25*74
$GPGSV,3,3,12,08,15,051,30,03,10,131,,13,10,296,,09,02,190,*7D
$GPRMC,170826.000,A,2632.6384,N,07703.3521,W,0.59,183.16,220324,,,A*78
$GPVTG,183.16,T,,M,0.59,N,1.1,K,A*0C
$GPGGA,170831.000,2632.6357,N,07703.3525,W,1,04,4.6,-43.4,M,-33.0,M,,0000*77
$GPGSA,A,3,14,02,21,08,,,,,,,,,4.7,4.6,1.0*3E
$GPGSV,3,1,12,30,66,276,29,07,62,187,18,02,54,057,29,17,45,271,*7E
$GPGSV,3,2,12,14,44,328,32,21,38,047,21,22,27,313,17,19,20,251,25*77
$GPGSV,3,3,12,08,15,051,31,03,10,131,,13,10,296,,09,02,190,*7C
$GPVTG,180.36,T,,M,1.18,N,2.2,K,A*09
$GPGGA,170836.000,2632.6356,N,07703.3530,W,1,05,2.0,-45.2,M,-33.0,M,,0000*74
$GPGSA,A,3,14,02,21,08,07,,,,,,,,3.8,2.0,3.2*31
$GPGSV,3,1,12,30,66,276,30,07,62,187,19,02,54,057,28,17,45,271,*76
$GPGSV,3,2,12,14,44,328,32,21,38,047,22,22,27,313,17,19,20,251,26*77
$GPGSV,3,3,12,08,15,051,31,03,10,131,,13,10,296,,09,02,190,*7C
$GPRMC,170836.000,A,2632.6356,N,07703.3530,W,0.48,352.75,220324,,,A*7D
$GPVTG,352.75,T,,M,0.48,N,0.9,K,A*0E
$GPGGA,170841.000,2632.6387,N,07703.3516,W,1,05,2.0,-42.8,M,-33.0,M,,0000*71
$GPGSA,A,3,14,02,21,08,07,,,,,,,,3.8,2.0,3.2*31
$GPGSV,3,1,12,30,66,276,30,07,62,187,19,02,54,057,28,17,45,272,*75
$GPGSV,3,2,12,14,44,328,32,21,38,047,22,22,27,313,18,19,20,251,26*78
$GPGSV,3,3,12,08,14,051,31,03,10,130,,13,10,296,,09,02,190,*7C
$GPRMC,170841.000,A,2632.6387,N,07703.3516,W,0.26,103.20,220324,,,A*7B
$GPVTG,103.20,T,,M,0.26,N,0.5,K,A*0C
$GPGGA,170846.000,2632.6398,N,07703.3511,W,1,05,2.0,-41.1,M,-33.0,M,,0000*75
$GPGSA,A,3,14,02,21,08,07,,,,,,,,3.8,2.0,3.2*31
$GPGSV,3,1,12,30,66,276,31,07,62,187,19,02,54,057,28,17,45,272,*74
$GPGSV,3,2,12,14,44,328,31,21,38,047,22,22,27,313,18,19,20,251,26*7B
$GPGSV,3,3,12,08,14,051,31,03,10,130,,13,10,296,,09,02,190,*7C
$GPRMC,170846.000,A,2632.6398,N,07703.3511,W,0.54,112.86,220324,,,A*7C
$GPVTG,112.86,T,,M,0.54,N,1.0,K,A*01
$GPGGA,170851.000,2632.6448,N,07703.3495,W,1,07,1.5,-33.3,M,-33.0,M,,0000*77
$GPGSA,A,3,14,02,21,13,22,08,07,,,,,,2.5,1.5,2.0*3A
$GPGSV,3,1,12,30,66,276,31,07,62,187,19,02,54,057,28,17,45,272,*74
$GPGSV,3,2,12,14,44,328,31,21,38,047,23,22,27,313,19,19,20,251,26*7B
$GPGSV,3,3,12,08,14,051,32,03,10,130,,13,10,296,14,09,02,190,*7A
$GPRMC,170851.000,A,2632.6448,N,07703.3495,W,0.88,14.97,220324,,,A*4B
$GPVTG,14.97,T,,M,0.88,N,1.6,K,A*31
$GPGGA,170856.000,2632.6504,N,07703.3472,W,1,08,1.5,-23.5,M,-33.0,M,,0000*78
$GPGSA,A,3,14,02,21,13,22,08,30,07,,,,,2.3,1.5,1.8*34
$GPGSV,3,1,12,30,66,275,31,07,62,187,19,02,54,057,28,17,45,272,*77
$GPGSV,3,2,12,14,44,329,31,21,38,047,23,22,27,313,19,19,21,251,26*7B
$GPGSV,3,3,12,08,14,051,32,03,10,130,,13,10,296,13,09,02,189,*75
$GPRMC,170856.000,A,2632.6504,N,07703.3472,W,0.14,157.76,220324,,,A*70
$GPVTG,157.76,T,,M,0.14,N,0.3,K,A*09
$GPGGA,170901.000,2632.6546,N,07703.3462,W,1,08,1.5,-16.2,M,-33.0,M,,0000*7D
$GPGSA,A,3,14,02,21,13,22,08,30,07,,,,,2.3,1.5,1.8*34
$GPGSV,3,1,12,30,66,275,31,07,62,187,20,02,54,057,29,17,45,272,*7C
$GPGSV,3,2,12,14,44,329,31,21,38,047,24,22,27,313,20,19,21,251,26*76
$GPGSV,3,3,12,08,14,051,32,03,10,130,,13,10,296,13,09,02,189,*75
$GPVTG,356.99,T,,M,0.52,N,1.0,K,A*0B
$GPGGA,170906.000,2632.6651,N,07703.3430,W,1,08,1.5,-4.0,M,-33.0,M,,0000*49
$GPGSA,A,3,14,02,21,13,22,08,30,07,,,,,2.3,1.5,1.8*34
$GPGSV,3,1,12,30,66,275,31,07,62,187,20,02,54,057,29,17,45,272,*7C
$GPGSV,3,2,12,14,44,329,31,21,38,047,24,22,27,313,20,19,21,251,27*77
$GPGSV,3,3,12,08,14,051,32,03,10,130,,13,10,296,13,09,02,189,*75
$GPRMC,170906.000,A,2632.6651,N,07703.3430,W,0.74,25.90,220324,,,A*4B
$GPVTG,25.90,T,,M,0.74,N,1.4,K,A*35
$GPGGA,170911.000,2632.6734,N,07703.3413,W,1,07,1.7,6.3,M,-33.0,M,,0000*6D
$GPGSA,A,3,14,02,21,22,08,30,07,,,,,,3.1,1.7,2.6*3A
$GPGSV,3,1,12,30,66,275,32,07,62,187,19,02,54,056,29,17,45,272,*74
$GPGSV,3,2,12,14,44,329,31,21,38,047,24,22,27,313,20,19,21,251,27*77
$GPGSV,3,3,12,08,14,051,32,03,10,130,,13,10,296,,09,02,189,*77
$GPRMC,170911.000,A,2632.6734,N,07703.3413,W,0.51,58.06,220324,,,A*4C
$GPVTG,58.06,T,,M,0.51,N,0.9,K,A*3B
$GPGGA,170916.000,2632.6785,N,07703.3403,W,1,07,1.7,14.3,M,-33.0,M,,0000*52
$GPGSA,A,3,14,02,21,22,08,30,07,,,,,,3.1,1.7,2.6*3A
$GPGSV,3,1,12,30,66,275,32,07,62,187,20,02,54,056,29,17,45,272,*7E
$GPGSV,3,2,12,14,44,329,31,21,38,047,24,22,27,313,20,19,21,251,27*77
$GPGSV,3,3,12,08,14,051,33,03,10,130,,13,10,296,,09,02,189,*76
$GPRMC,170916.000,A,2632.6785,N,07703.3403,W,0.73,23.67,220324,,,A*4B
$GPVTG,23.67,T,,M,0.73,N,1.4,K,A*3C
$GPGGA,170921.000,2632.6810,N,07703.3401,W,1,07,1.7,17.3,M,-33.0,M,,0000*54
$GPGSA,A,3,14,02,21,22,08,30,07,,,,,,3.1,1.7,2.6*3A
$GPGSV,3,1,12,30,66,275,32,07,62,187,20,02,54,056,29,17,45,272,*7E
$GPGSV,3,2,12,14,44,329,31,21,38,047,24,22,27,313,19,19,21,251,27*7D
$GPGSV,3,3,12,08,14,051,32,03,10,130,,13,10,296,,09,02,189,*77
$GPRMC,170921.000,A,2632.6810,N,07703.3401,W,0.40,80.27,220324,,,A*43
$GPVTG,80.27,T,,M,0.40,N,0.7,K,A*33
$GPGGA,170926.000,2632.6822,N,07703.3400,W,1,07,1.7,19.7,M,-33.0,M,,0000*59
$GPGSA,A,3,14,02,21,22,08,30,07,,,,,,3.1,1.7,2.6*3A
$GPGSV,3,1,12,30,66,275,31,07,62,187,20,02,54,056,30,17,45,272,*75
$GPGSV,3,2,12,14,44,329,31,21,38,047,24,22,27,313,18,19,21,251,26*7D
$GPGSV,3,3,12,08,14,051,32,03,10,130,,13,10,296,,09,02,189,*77
$GPRMC,170926.000,A,2632.6822,N,07703.3400,W,0.32,12.95,220324,,,A*43
$GPVTG,12.95,T,,M,0.32,N,0.6,K,A*35
$GPGGA,170931.000,2632.6812,N,07703.3399,W,1,07,1.7,18.1,M,-33.0,M,,0000*5C
$GPGSA,A,3,14,02,21,22,08,30,07,,,,,,3.1,1.7,2.6*3A
$GPGSV,3,1,12,30,66,275,31,07,62,187,21,02,54,056,30,17,45,272,*74
$GPGSV,3,2,12,14,44,329,32,21,38,047,24,22,27,313,17,19,21,251,25*72
$GPGSV,3,3,12,08,14,051,32,03,10,130,,13,10,296,,09,02,189,*77
$GPVTG,20.08,T,,M,0.26,N,0.5,K,A*36
$GPGGA,170936.000,2632.6818,N,07703.3394,W,1,07,1.7,17.9,M,-33.0,M,,0000*5B
$GPGSA,A,3,14,02,21,22,08,30,07,,,,,,3.1,1.7,2.6*3A
$GPGSV,3,1,12,30,66,275,30,07,62,187,22,02,54,056,30,17,45,272,*76
$GPGSV,3,2,12,14,44,329,32,21,38,047,24,22,27,313,17,19,21,251,25*72
$GPGSV,3,3,12,08,14,051,32,03,10,130,,13,10,296,,09,02,189,*77
$GPRMC,170936.000,A,2632.6818,N,07703.3394,W,0.52,140.96,220324,,,A*72
$GPVTG,140.96,T,,M,0.52,N,1.0,K,A*01
$GPGGA,170941.000,2632.6819,N,07703.3386,W,1,07,1.7,17.6,M,-33.0,M,,0000*56
$GPGSA,A,3,14,02,21,22,08,30,07,,,,,,3.1,1.7,2.6*3A
$GPGSV,3,1,12,30,66,275,30,07,62,187,22,02,54,056,31,17,45,272,*77
$GPGSV,3,2,12,14,44,329,32,21,38,047,25,22,27,313,15,19,21,251,24*70
$GPGSV,3,3,12,08,14,051,32,03,11,130,,13,10,296,,09,02,189,*76
$GPRMC,170941.000,A,2632.6819,N,07703.3386,W,0.52,24.66,220324,,,A*4C
$GPVTG,24.66,T,,M,0.52,N,1.0,K,A*3D
$GPGGA,170946.000,2632.6813,N,07703.3383,W,1,06,1.9,14.7,M,-33.0,M,,0000*53
$GPGSA,A,3,14,02,21,08,30,07,,,,,,,3.7,1.9,3.2*37
$GPGSV,3,1,12,30,66,274,29,07,62,187,22,02,54,056,31,17,45,272,*7E
$GPGSV,3,2,12,14,44,329,32,21,37,047,25,22,27,313,,19,21,251,24*7B
$GPGSV,3,3,12,08,14,051,32,03,11,130,,13,10,296,,09,02,189,*76
$GPRMC,170946.000,A,2632.6813,N,07703.3383,W,0.54,164.14,220324,,,A*72
$GPVTG,164.14,T,,M,0.54,N,1.0,K,A*0B
$GPGGA,170951.000,2632.6805,N,07703.3384,W,1,06,1.9,11.8,M,-33.0,M,,0000*5F
$GPGSA,A,3,14,02,21,08,30,07,,,,,,,3.7,1.9,3.2*37
$GPGSV,3,1,12,30,66,274,29,07,62,187,23,02,54,056,32,17,45,272,*7C
$GPGSV,3,2,12,14,44,329,32,21,37,047,25,22,27,313,,19,21,251,24*7B
$GPGSV,3,3,12,08,14,051,32,03,11,130,,13,10,296,,09,02,189,*76
$GPRMC,170951.000,A,2632.6805,N,07703.3384,W,0.03,106.37,220324,,,A*73
$GPVTG,106.37,T,,M,0.03,N,0.1,K,A*0C
$GPGGA,170956.000,2632.6812,N,07703.3383,W,1,07,1.6,11.9,M,-33.0,M,,0000*56
$GPGSA,A,3,14,02,21,13,08,30,07,,,,,,2.4,1.6,1.8*30
$GPGSV,3,1,12,30,66,274,29,07,62,187,23,02,54,056,32,17,45,272,*7C
$GPGSV,3,2,12,14,44,329,31,21,37,047,25,22,27,313,,19,21,251,24*78
$GPGSV,3,3,12,08,14,051,32,03,11,130,,13,10,296,18,09,02,189,*7F
$GPRMC,170956.000,A,2632.6812,N,07703.3383,W,0.26,120.71,220324,,,A*74
$GPVTG,120.71,T,,M,0.26,N,0.5,K,A*09
$GPGGA,171001.000,2632.6805,N,07703.3385,W,1,07,1.6,10.6,M,-33.0,M,,0000*52
$GPGSA,A,3,14,02,21,13,08,30,07,,,,,,2.4,1.6,1.8*30
$GPGSV,3,1,12,30,66,274,29,07,62,187,23,02,54,056,32,17,45,272,*7C
$GPGSV,3,2,12,14,44,329,31,21,37,047,25,22,27,313,,19,21,251,24*78
$GPGSV,3,3,12,08,14,051,31,03,11,130,,13,10,296,18,09,02,189,*7C
$GPVTG,159.80,T,,M,0.35,N,0.6,K,A*08
$GPGGA,171006.000,2632.6794,N,07703.3387,W,1,07,1.5,8.3,M,-33.0,M,,0000*6F
$GPGSA,A,3,14,02,21,13,08,30,07,,,,,,2.4,1.5,1.8*33
$GPGSV,3,1,12,30,66,274,29,07,62,187,24,02,54,056,33,17,45,272,*7A
$GPGSV,3,2,12,14,44,329,31,21,37,047,26,22,27,313,,19,21,251,24*7B
$GPGSV,3,3,12,08,14,051,31,03,11,130,,13,10,296,18,09,02,189,*7C
$GPRMC,171006.000,A,2632.6794,N,07703.3387,W,0.61,214.03,220324,,,A*7E
$GPVTG,214.03,T,,M,0.61,N,1.1,K,A*0E
$GPGGA,171011.000,2632.6794,N,07703.3389,W,1,07,1.5,7.4,M,-33.0,M,,0000*6F
$GPGSA,A,3,14,02,21,13,08,30,07,,,,,,2.4,1.5,1.8*33
$GPGSV,3,1,12,30,66,274,29,07,62,187,24,02,54,056,33,17,45,272,*7A
$GPGSV,3,2,12,14,44,329,31,21,37,047,26,22,27,313,,19,21,251,24*7B
$GPGSV,3,3,12,08,14,051,31,03,11,130,,13,10,296,18,09,02,189,*7C
$GPRMC,171011.000,A,2632.6794,N,07703.3389,W,0.42,174.66,220324,,,A*71
$GPVTG,174.66,T,,M,0.42,N,0.8,K,A*01
$GPGGA,171016.000,2632.6796,N,07703.3394,W,1,07,1.5,5.6,M,-33.0,M,,0000*66
$GPGSA,A,3,14,02,21,13,08,30,07,,,,,,2.4,1.5,1.8*33
$GPGSV,3,1,12,30,66,274,29,07,61,187,25,02,54,056,33,17,45,273,*79
$GPGSV,3,2,12,14,44,329,31,21,37,046,26,22,27,313,,19,21,252,24*79
$GPGSV,3,3,12,08,14,052,31,03,11,130,,13,10,296,17,09,02,189,*70
$GPRMC,171016.000,A,2632.6796,N,07703.3394,W,0.33,253.16,220324,,,A*7F
$GPVTG,253.16,T,,M,0.33,N,0.6,K,A*08
$GPGGA,171021.000,2632.6812,N,07703.3393,W,1,07,1.5,6.4,M,-33.0,M,,0000*67
$GPGSA,A,3,14,02,21,13,08,30,07,,,,,,2.4,1.5,1.8*33
$GPGSV,3,1,12,30,66,274,29,07,61,187,25,02,54,056,34,17,45,273,19*76
$GPGSV,3,2,12,14,44,329,31,21,37,046,26,22,27,313,,19,21,252,24*79
$GPGSV,3,3,12,08,14,052,31,03,11,130,,13,10,296,16,09,02,189,*71
$GPRMC,171021.000,A,2632.6812,N,07703.3393,W,0.29,55.53,220324,,,A*41
$GPVTG,55.53,T,,M,0.29,N,0.5,K,A*35
$GPGGA,171026.000,2632.6802,N,07703.3392,W,1,08,1.5,5.3,M,-33.0,M,,0000*6B
$GPGSA,A,3,14,02,21,13,08,30,22,07,,,,,2.3,1.5,1.8*34
$GPGSV,3,1,12,30,66,274,29,07,61,187,25,02,54,056,34,17,45,273,21*7D
$GPGSV,3,2,12,14,44,329,31,21,37,046,26,22,27,313,16,19,21,252,25*7F
$GPGSV,3,3,12,08,14,052,31,03,11,130,,13,10,296,15,09,02,189,*72
$GPRMC,171026.000,A,2632.6802,N,07703.3392,W,0.66,164.63,220324,,,A*7D
$GPVTG,164.63,T,,M,0.66,N,1.2,K,A*08
$GPGGA,171031.000,2632.6804,N,07703.3386,W,1,08,1.4,6.6,M,-33.0,M,,0000*69
$GPGSA,A,3,14,02,21,13,08,30,22,07,,,,,2.3,1.4,1.8*35
$GPGSV,3,1,12,30,66,274,29,07,61,187,26,02,54,056,34,17,45,273,21*7E
$GPGSV,3,2,12,14,44,329,31,21,37,046,26,22,27,313,16,19,21,252,25*7F
$GPGSV,3,3,12,08,14,052,29,03,11,130,,13,10,296,16,09,02,189,*78
$GPRMC,171031.000,A,2632.6804,N,07703.3386,W,0.22,125.56,220324,,,A*7B
$GPVTG,125.56,T,,M,0.22,N,0.4,K,A*0C
$GPGGA,171036.000,2632.6815,N,07703.3387,W,1,08,1.4,7.3,M,-33.0,M,,0000*6B
$GPGSA,A,3,14,02,21,13,08,30,22,07,,,,,2.3,1.4,1.8*35
$GPGSV,3,1,12,30,66,274,29,07,61,187,27,02,54,056,34,17,45,273,22*7C
$GPGSV,3,2,12,14,44,329,31,21,37,046,25,22,27,313,17,19,21,252,24*7C
$GPGSV,3,3,12,08,14,052,29,03,11,130,,13,10,296,17,09,02,189,*79
$GPVTG,91.08,T,,M,0.27,N,0.5,K,A*3D
$GPGGA,171041.000,2632.6823,N,07703.3379,W,1,08,1.4,9.0,M,-33.0,M,,0000*62
$GPGSA,A,3,14,02,21,13,08,30,22,07,,,,,2.3,1.4,1.8*35
$GPGSV,3,1,12,30,66,274,29,07,61,187,28,02,54,056,34,17,45,273,22*73
$GPGSV,3,2,12,14,44,329,32,21,37,046,26,22,27,313,18,19,21,252,24*73
$GPGSV,3,3,12,08,14,052,29,03,11,130,,13,10,296,18,09,02,189,*76
$GPRMC,171041.000,A,2632.6823,N,07703.3379,W,0.29,113.97,220324,,,A*7A
$GPVTG,113.97,T,,M,0.29,N,0.5,K,A*0E
$GPGGA,171046.000,2632.6820,N,07703.3374,W,1,08,1.4,9.0,M,-33.0,M,,0000*6B
$GPGSA,A,3,14,02,21,13,08,30,22,07,,,,,2.3,1.4,1.8*35
$GPGSV,3,1,12,30,66,274,29,07,61,187,28,02,54,056,35,17,45,273,23*73
$GPGSV,3,2,12,14,44,329,32,21,37,046,26,22,27,313,19,19,21,252,24*72
$GPGSV,3,3,12,08,14,052,30,03,11,130,,13,10,296,18,09,02,189,*7E
$GPRMC,171046.000,A,2632.6820,N,07703.3374,W,0.50,118.89,220324,,,A*79
$GPVTG,118.89,T,,M,0.50,N,0.9,K,A*08
$GPGGA,171051.000,2632.6818,N,07703.3370,W,1,08,1.4,9.0,M,-33.0,M,,0000*62
$GPGSA,A,3,14,02,21,13,08,30,22,07,,,,,2.3,1.4,1.8*35
$GPGSV,3,1,12,30,66,274,29,07,61,187,28,02,54,056,35,17,45,273,24*74
$GPGSV,3,2,12,14,44,329,32,21,37,046,26,22,27,313,20,19,21,252,24*78
$GPGSV,3,3,12,08,14,052,30,03,11,130,,13,10,296,17,09,02,189,*71
$GPRMC,171051.000,A,2632.6818,N,07703.3370,W,0.22,122.75,220324,,,A*7F
$GPVTG,122.75,T,,M,0.22,N,0.4,K,A*0A
$GPGGA,171056.000,2632.6816,N,07703.3369,W,1,08,1.4,8.6,M,-33.0,M,,0000*64
$GPGSA,A,3,14,02,21,13,08,30,22,07,,,,,2.3,1.4,1.8*35
$GPGSV,3,1,12,30,66,274,29,07,61,187,28,02,54,056,35,17,45,273,24*74
$GPGSV,3,2,12,14,44,329,32,21,37,046,26,22,27,313,19,19,21,252,24*72
$GPGSV,3,3,12,08,14,052,29,03,11,130,,13,10,296,18,09,02,189,*76
$GPRMC,171056.000,A,2632.6816,N,07703.3369,W,0.18,146.30,220324,,,A*74
$GPVTG,146.30,T,,M,0.18,N,0.3,K,A*07
$GPGGA,171101.000,2632.6815,N,07703.3369,W,1,08,1.4,8.0,M,-33.0,M,,0000*62
$GPGSA,A,3,14,02,21,13,08,30,22,07,,,,,2.3,1.4,1.8*35
$GPGSV,3,1,12,30,66,274,29,07,61,187,28,02,54,056,35,17,45,273,25*75
$GPGSV,3,2,12,14,44,329,32,21,37,046,27,22,27,313,19,19,21,252,24*73
$GPGSV,3,3,12,08,14,052,29,03,11,130,,13,10,296,18,09,02,189,*76
$GPRMC,171101.000,A,2632.6815,N,07703.3369,W,0.22,140.82,220324,,,A*72
$GPVTG,140.82,T,,M,0.22,N,0.4,K,A*06
$GPGGA,171106.000,2632.6814,N,07703.3367,W,1,08,1.4,8.3,M,-33.0,M,,0000*69
$GPGSA,A,3,14,02,21,13,08,30,22,07,,,,,2.3,1.4,1.8*35
$GPGSV,3,1,12,30,66,274,29,07,61,187,29,02,54,056,35,17,45,273,25*74
$GPGSV,3,2,12,14,44,329,32,21,37,046,27,22,27,313,19,19,21,252,24*73
$GPRMC,171106.000,A,2632.6814,N,07703.3367,W,0.24,139.26,220324,,,A*7C
$GPVTG,139.26,T,,M,0.24,N,0.4,K,A*00
$GPGGA,171111.000,2632.6814,N,07703.3368,W,1,08,1.4,8.1,M,-33.0,M,,0000*62
$GPGSA,A,3,14,02,21,13,08,30,22,07,,,,,2.3,1.4,1.8*35
$GPGSV,3,1,12,30,66,274,29,07,61,187,29,02,54,056,35,17,45,273,26*77
$GPGSV,3,2,12,14,44,329,32,21,37,046,27,22,27,313,20,19,21,252,24*79
$GPGSV,3,3,12,08,14,052,28,03,11,130,,13,10,296,20,09,02,189,*7C
$GPRMC,171111.000,A,2632.6814,N,07703.3368,W,0.12,192.52,220324,,,A*72
$GPGGA,171116.000,2632.6814,N,07703.3369,W,1,08,1.4,7.9,M,-33.0,M,,0000*63
$GPGSA,A,3,14,02,21,13,08,30,22,07,,,,,2.3,1.4,1.8*35
$GPGSV,3,1,12,30,66,274,29,07,61,187,29,02,54,056,36,17,45,273,26*74
$GPGSV,3,2,12,14,44,329,32,21,37,046,27,22,27,313,20,19,21,252,24*79
$GPGSV,3,3,12,08,14,052,28,03,11,130,,13,10,296,21,09,02,189,*7D
$GPRMC,171116.000,A,2632.6814,N,07703.3369,W,0.43,137.69,220324,,,A*77
$GPVTG,137.69,T,,M,0.43,N,0.8,K,A*08
$GPGGA,171121.000,2632.6813,N,07703.3374,W,1,08,1.4,7.9,M,-33.0,M,,0000*6C
$GPGSA,A,3,14,02,21,13,08,30,22,07,,,,,2.3,1.4,1.7*3A
$GPGSV,3,1,12,30,66,274,29,07,61,187,29,02,54,056,36,17,45,273,26*74
$GPGSV,3,2,12,14,44,329,32,21,37,046,28,22,27,313,20,19,21,252,23*71
$GPGSV,3,3,12,08,14,052,27,03,11,130,,13,10,296,22,09,02,189,*71
$GPRMC,171121.000,A,2632.6813,N,07703.3374,W,0.13,216.56,220324,,,A*71
$GPVTG,216.56,T,,M,0.13,N,0.2,K,A*0B
$GPGGA,171126.000,2632.6812,N,07703.3378,W,1,08,1.4,7.8,M,-33.0,M,,0000*67
$GPGSA,A,3,14,02,21,13,08,30,22,07,,,,,2.3,1.4,1.7*3A
$GPGSV,3,1,12,30,66,274,29,07,61,187,29,02,54,056,36,17,45,273,27*75
$GPGSV,3,2,12,14,44,329,32,21,37,046,28,22,27,313,20,19,21,252,23*71
$GPGSV,3,3,12,08,14,052,27,03,11,130,,13,10,296,22,09,02,189,*71
$GPRMC,171126.000,A,2632.6812,N,07703.3378,W,0.18,224.56,220324,,,A*71
$GPVTG,224.56,T,,M,0.18,N,0.3,K,A*00
$GPGGA,171131.000,2632.6808,N,07703.3379,W,1,08,1.4,7.5,M,-33.0,M,,0000*66
$GPGSA,A,3,14,02,21,13,08,30,22,07,,,,,2.3,1.4,1.7*3A
$GPGSV,3,1,12,30,66,274,29,07,61,187,28,02,54,056,36,17,45,273,26*75
$GPGSV,3,2,12,14,44,329,31,21,37,046,28,22,27,313,21,19,21,252,23*73
$GPGSV,3,3,12,08,14,052,26,03,11,130,,13,10,296,22,09,02,189,*70
$GPRMC,171131.000,A,2632.6808,N,07703.3379,W,0.35,145.42,220324,,,A*73
$GPVTG,145.42,T,,M,0.35,N,0.6,K,A*0B
$GPGGA,171136.000,2632.6808,N,07703.3381,W,1,08,1.4,7.4,M,-33.0,M,,0000*67
$GPGSA,A,3,14,02,21,13,08,30,22,07,,,,,2.3,1.4,1.7*3A
$GPGSV,3,1,12,30,66,274,29,07,61,187,27,02,54,056,36,17,45,273,26*7A
$GPGSV,3,2,12,14,44,329,31,21,37,046,29,22,27,313,20,19,21,252,20*70
$GPGSV,3,3,12,08,14,052,23,03,11,130,,13,10,296,22,09,02,189,*75
$GPRMC,171136.000,A,2632.6808,N,07703.3381,W,0.25,159.32,220324,,,A*78
$GPVTG,159.32,T,,M,0.25,N,0.5,K,A*03
$GPGGA,171141.000,2632.6805,N,07703.3382,W,1,08,1.4,8.2,M,-33.0,M,,0000*60
$GPGSA,A,3,14,02,21,13,08,30,22,07,,,,,2.2,1.4,1.7*3B
$GPGSV,3,1,12,30,66,274,21,07,61,187,19,02,54,056,28,17,45,273,26*70
$GPGSV,3,2,12,14,44,329,29,21,37,046,20,22,27,313,21,19,21,252,19*7B
$GPGSV,3,3,12,08,14,052,17,03,11,130,,13,10,296,22,09,02,189,*72
$GPVTG,194.63,T,,M,0.91,N,1.7,K,A*0A
$GPGGA,171146.000,2632.6787,N,07703.3380,W,1,08,1.4,7.0,M,-33.0,M,,0000*6D
$GPGSA,A,3,14,02,21,13,08,30,22,07,,,,,2.2,1.4,1.7*3B
$GPGSV,3,1,12,30,66,274,30,07,61,187,22,02,54,056,34,17,45,273,25*76
$GPGSV,3,2,12,14,44,329,30,21,37,046,30,22,27,313,21,19,21,252,*7A
$GPGSV,3,3,12,08,14,052,21,03,11,130,,13,10,296,22,09,02,189,*77
$GPRMC,171146.000,A,2632.6787,N,07703.3380,W,0.25,163.08,220324,,,A*76
$GPVTG,163.08,T,,M,0.25,N,0.5,K,A*03
$GPGGA,171151.000,2632.6804,N,07703.3383,W,1,08,1.4,10.3,M,-33.0,M,,0000*59
$GPGSA,A,3,14,02,21,13,08,30,22,07,,,,,2.2,1.4,1.7*3B
$GPGSV,3,1,12,30,66,274,30,07,61,187,22,02,54,056,35,17,45,273,25*77
$GPGSV,3,2,12,14,44,329,31,21,37,046,29,22,27,313,21,19,21,252,16*74
$GPGSV,3,3,12,08,14,052,21,03,11,130,,13,10,296,22,09,02,189,*77
$GPRMC,171151.000,A,2632.6804,N,07703.3383,W,0.29,133.66,220324,,,A*76
$GPVTG,133.66,T,,M,0.29,N,0.5,K,A*02
$GPGGA,171156.000,2632.6814,N,07703.3387,W,1,08,1.4,11.7,M,-33.0,M,,0000*5E
$GPGSA,A,3,14,02,21,13,08,30,22,07,,,,,2.2,1.4,1.7*3B
$GPGSV,3,1,12,30,66,274,30,07,61,187,20,02,54,056,35,17,45,273,25*75
$GPGSV,3,2,12,14,44,329,30,21,37,046,29,22,27,313,22,19,21,252,16*76
$GPGSV,3,3,12,08,14,052,21,03,11,130,,13,10,296,22,09,02,189,*77
$GPRMC,171156.000,A,2632.6814,N,07703.3387,W,0.27,64.83,220324,,,A*42
$GPVTG,64.83,T,,M,0.27,N,0.5,K,A*34
$GPGGA,171201.000,2632.6825,N,07703.3389,W,1,08,1.4,13.5,M,-33.0,M,,0000*53
$GPGSA,A,3,14,02,21,13,08,30,22,07,,,,,2.2,1.4,1.7*3B
$GPGSV,3,1,12,30,66,274,30,07,61,187,21,02,54,056,32,17,45,273,15*70
$GPGSV,3,2,12,14,44,329,30,21,37,046,25,22,27,313,22,19,21,252,16*7A
$GPGSV,3,3,12,08,14,052,22,03,11,130,,13,10,296,21,09,02,189,*77
$GPRMC,171201.000,A,2632.6825,N,07703.3389,W,0.23,333.91,220324,,,A*79
$GPVTG,333.91,T,,M,0.23,N,0.4,K,A*03
$GPGGA,171206.000,2632.6824,N,07703.3387,W,1,08,1.4,13.8,M,-33.0,M,,0000*56
$GPGSA,A,3,14,02,21,13,08,30,22,07,,,,,2.2,1.4,1.7*3B
$GPGSV,3,1,12,30,66,274,25,07,61,187,27,02,54,056,33,17,45,273,20*75
$GPGSV,3,2,12,14,44,329,28,21,37,046,24,22,27,313,24,19,21,252,17*75
$GPGSV,3,3,12,08,14,052,22,03,11,130,,13,10,296,21,09,02,189,*77
$GPRMC,171206.000,A,2632.6824,N,07703.3387,W,0.27,160.03,220324,,,A*7A
$GPVTG,160.03,T,,M,0.27,N,0.5,K,A*09
$GPGGA,171211.000,2632.6817,N,07703.3390,W,1,08,1.4,13.8,M,-33.0,M,,0000*56
$GPGSA,A,3,14,02,21,13,08,30,22,07,,,,,2.2,1.4,1.7*3B
$GPGSV,3,1,12,30,66,274,28,07,61,187,27,02,54,056,36,17,45,273,22*7F
$GPGSV,3,2,12,14,44,329,29,21,37,046,28,22,27,313,23,19,21,252,18*70
$GPRMC,171211.000,A,2632.6817,N,07703.3390,W,0.08,67.25,220324,,,A*45
$GPVTG,67.25,T,,M,0.08,N,0.1,K,A*32
$GPGGA,171216.000,2632.6813,N,07703.3390,W,1,08,1.4,12.5,M,-33.0,M,,0000*59
$GPGSA,A,3,14,02,21,13,08,30,22,07,,,,,2.2,1.4,1.7*3B
$GPGSV,3,1,12,30,66,274,29,07,61,187,26,02,54,056,36,17,45,273,23*7E
$GPGSV,3,2,12,14,44,329,29,21,37,046,29,22,27,313,22,19,21,252,19*71
$GPGSV,3,3,12,08,14,052,21,03,11,130,,13,10,296,24,09,02,189,*71
$GPRMC,171216.000,A,2632.6813,N,07703.3390,W,0.18,57.64,220324,,,A*41
$GPGGA,171221.000,2632.6803,N,07703.3391,W,1,08,1.4,10.2,M,-33.0,M,,0000*58
$GPGSA,A,3,14,02,21,13,08,30,22,07,,,,,2.2,1.4,1.7*3B
$GPGSV,3,1,12,30,66,274,29,07,61,187,26,02,54,056,36,17,45,273,23*7E
$GPGSV,3,2,12,14,44,329,29,21,37,046,29,22,27,313,22,19,21,252,20*7B
$GPGSV,3,3,12,08,14,052,20,03,11,130,,13,10,296,24,09,02,189,*70
$GPRMC,171221.000,A,2632.6803,N,07703.3391,W,0.19,164.40,220324,,,A*73
$GPVTG,164.40,T,,M,0.19,N,0.4,K,A*06
$GPGGA,171226.000,2632.6802,N,07703.3390,W,1,08,1.4,8.3,M,-33.0,M,,0000*67
$GPGSA,A,3,14,02,21,13,08,30,22,07,,,,,2.2,1.4,1.7*3B
$GPGSV,3,1,12,30,66,274,29,07,61,187,26,02,54,056,36,17,45,273,23*7E
$GPGSV,3,2,12,14,44,329,29,21,37,046,29,22,27,313,21,19,21,252,20*78
$GPGSV,3,3,12,08,14,052,19,03,11,130,,13,10,296,24,09,02,189,*7A
$GPRMC,171226.000,A,2632.6802,N,07703.3390,W,0.17,125.71,220324,,,A*7D
$GPVTG,125.71,T,,M,0.17,N,0.3,K,A*08
$GPGGA,171231.000,2632.6800,N,07703.3391,W,1,08,1.4,7.2,M,-33.0,M,,0000*6C
$GPGSA,A,3,14,02,21,13,08,30,22,07,,,,,2.2,1.4,1.7*3B
$GPGSV,3,1,12,30,66,274,29,07,61,187,26,02,54,056,36,17,45,273,22*7F
$GPGSV,3,2,12,14,44,329,29,21,37,046,29,22,27,313,21,19,21,252,21*79
$GPGSV,3,3,12,08,14,052,18,03,11,130,,13,10,296,25,09,02,189,*7A
$GPRMC,171231.000,A,2632.6800,N,07703.3391,W,0.44,158.04,220324,,,A*76
$GPVTG,158.04,T,,M,0.44,N,0.8,K,A*0D
$GPGGA,171236.000,2632.6798,N,07703.3393,W,1,07,1.6,6.6,M,-33.0,M,,0000*6F
$GPGSA,A,3,14,02,21,13,30,22,07,,,,,,2.8,1.6,2.3*3C
$GPGSV,3,1,12,30,66,274,29,07,61,187,26,02,54,056,36,17,45,273,22*7F
$GPGSV,3,2,12,14,44,329,29,21,37,046,29,22,27,313,21,19,21,252,21*79
$GPGSV,3,3,12,08,14,052,,03,11,130,,13,10,296,25,09,02,189,*73
$GPRMC,171236.000,A,2632.6798,N,07703.3393,W,0.29,137.81,220324,,,A*72
$GPVTG,137.81,T,,M,0.29,N,0.5,K,A*0F
$GPGGA,171241.000,2632.6797,N,07703.3395,W,1,07,1.6,5.4,M,-33.0,M,,0000*67
$GPGSA,A,3,14,02,21,13,30,22,07,,,,,,2.8,1.6,2.3*3C
$GPGSV,3,1,12,30,66,274,28,07,61,187,26,02,54,056,35,17,45,273,22*7D
$GPGSV,3,2,12,14,44,329,29,21,37,046,29,22,27,313,20,19,21,252,21*78
$GPGSV,3,3,12,08,14,052,,03,11,130,,13,10,296,25,09,02,189,*73
$GPRMC,171241.000,A,2632.6797,N,07703.3395,W,0.10,261.73,220324,,,A*7C
$GPVTG,261.73,T,,M,0.10,N,0.2,K,A*0F
$GPGGA,171246.000,2632.6793,N,07703.3394,W,1,07,1.6,3.7,M,-33.0,M,,0000*60
$GPGSA,A,3,14,02,21,13,30,22,07,,,,,,2.8,1.6,2.3*3C
$GPGSV,3,1,12,30,66,274,28,07,61,187,27,02,54,056,35,17,45,273,21*7F
$GPGSV,3,2,12,14,44,329,28,21,37,046,29,22,27,313,20,19,21,252,21*79
$GPGSV,3,3,12,08,14,052,,03,11,130,,13,10,296,24,09,02,189,*72
$GPVTG,148.83,T,,M,0.10,N,0.2,K,A*08
$GPGGA,171251.000,2632.6793,N,07703.3394,W,1,07,1.6,3.4,M,-33.0,M,,0000*65
$GPGSA,A,3,14,02,21,13,30,22,07,,,,,,2.8,1.6,2.3*3C
$GPGSV,3,1,12,30,66,274,27,07,61,187,27,02,54,056,35,17,45,273,21*70
$GPGSV,3,2,12,14,44,329,28,21,37,046,29,22,27,313,19,19,21,252,20*72
$GPGSV,3,3,12,08,14,052,,03,11,130,,13,10,296,24,09,02,189,*72
$GPRMC,171251.000,A,2632.6793,N,07703.3394,W,0.20,279.10,220324,,,A*77
$GPVTG,279.10,T,,M,0.20,N,0.4,K,A*06
$GPGGA,171256.000,2632.6802,N,07703.3391,W,1,07,1.6,7.3,M,-33.0,M,,0000*63
$GPGSA,A,3,14,02,21,13,30,22,07,,,,,,2.8,1.6,2.3*3C
$GPGSV,3,1,12,30,66,274,27,07,61,187,22,02,54,056,35,17,45,273,21*75
$GPGSV,3,2,12,14,44,329,29,21,37,046,29,22,27,313,18,19,21,252,20*72
$GPGSV,3,3,12,08,14,052,,03,11,130,,13,10,296,24,09,02,189,*72
$GPRMC,171256.000,A,2632.6802,N,07703.3391,W,0.37,92.85,220324,,,A*4F
$GPVTG,92.85,T,,M,0.37,N,0.7,K,A*38
$GPGGA,171301.000,2632.6798,N,07703.3389,W,1,07,1.6,8.2,M,-33.0,M,,0000*6B
$GPGSA,A,3,14,02,21,13,30,22,07,,,,,,2.8,1.6,2.3*3C
$GPGSV,3,1,12,30,66,274,26,07,61,187,25,02,54,056,35,17,45,273,20*72
$GPGSV,3,2,12,14,44,329,29,21,37,046,29,22,27,313,19,19,21,252,20*73
$GPGSV,3,3,12,08,14,052,,03,11,130,,13,10,296,24,09,02,189,*72
$GPRMC,171301.000,A,2632.6798,N,07703.3389,W,0.16,187.92,220324,,,A*79
$GPVTG,187.92,T,,M,0.16,N,0.3,K,A*0C
$GPGGA,171306.000,2632.6813,N,07703.3394,W,1,08,1.4,10.3,M,-33.0,M,,0000*59
$GPGSA,A,3,14,02,21,13,08,30,22,07,,,,,2.2,1.4,1.7*3B
$GPGSV,3,1,12,30,66,274,26,07,61,187,25,02,54,056,35,17,45,273,19*78
$GPGSV,3,2,12,14,44,329,29,21,37,046,29,22,27,313,19,19,21,252,20*73
$GPGSV,3,3,12,08,14,052,15,03,11,130,,13,10,296,24,09,02,189,*76
$GPRMC,171306.000,A,2632.6813,N,07703.3394,W,0.38,276.72,220324,,,A*71
$GPVTG,276.72,T,,M,0.38,N,0.7,K,A*07
$GPGGA,171311.000,2632.6820,N,07703.3400,W,1,08,1.4,13.0,M,-33.0,M,,0000*55
$GPGSA,A,3,14,02,21,13,08,30,22,07,,,,,2.2,1.4,1.7*3B
$GPGSV,3,1,12,30,66,274,25,07,61,187,26,02,54,056,34,17,45,273,18*78
$GPGSV,3,2,12,14,44,329,29,21,37,046,29,22,27,313,19,19,21,252,20*73
$GPGSV,3,3,12,08,14,052,14,03,11,130,,13,10,296,24,09,02,189,*77
$GPRMC,171311.000,A,2632.6820,N,07703.3400,W,0.29,220.32,220324,,,A*7A
$GPVTG,220.32,T,,M,0.29,N,0.5,K,A*02
$GPGGA,171316.000,2632.6820,N,07703.3402,W,1,08,1.4,16.0,M,-33.0,M,,0000*55
$GPGSA,A,3,14,02,21,13,08,30,22,07,,,,,2.2,1.4,1.7*3B
$GPGSV,3,1,12,30,66,270,25,07,60,186,26,02,53,054,34,17,46,275,16*72
$GPGSV,3,2,12,14,45,330,29,21,36,046,29,22,28,314,18,19,22,253,20*70
$GPGSV,3,3,12,08,13,052,14,03,11,129,,13,10,294,24,09,01,188,*78
$GPVTG,347.74,T,,M,0.11,N,0.2,K,A*0C
$GPGGA,171321.000,2632.6820,N,07703.3404,W,1,07,1.6,18.3,M,-33.0,M,,0000*57
$GPGSA,A,3,14,02,21,13,30,22,07,,,,,,2.8,1.6,2.3*3C
$GPGSV,3,1,12,30,66,270,25,07,60,186,26,02,53,054,34,17,46,275,15*71
$GPGSV,3,2,12,14,45,330,29,21,36,046,29,22,28,314,18,19,22,253,19*7A
$GPGSV,3,3,12,08,13,052,,03,11,129,,13,10,294,24,09,01,188,*7D
$GPRMC,171321.000,A,2632.6820,N,07703.3404,W,0.15,253.24,220324,,,A*71
$GPVTG,253.24,T,,M,0.15,N,0.3,K,A*08
$GPGGA,171326.000,2632.6818,N,07703.3404,W,1,07,1.6,18.9,M,-33.0,M,,0000*51
$GPGSA,A,3,14,02,21,13,30,22,07,,,,,,2.8,1.6,2.3*3C
$GPGSV,3,1,12,30,66,270,26,07,60,186,26,02,53,054,33,17,46,275,14*74
$GPGSV,3,2,12,14,45,330,30,21,36,046,29,22,28,314,18,19,22,253,19*72
$GPGSV,3,3,12,08,13,052,,03,11,129,,13,10,294,24,09,01,188,*7D
$GPRMC,171326.000,A,2632.6818,N,07703.3404,W,0.03,108.81,220324,,,A*78
$GPVTG,108.81,T,,M,0.03,N,0.0,K,A*0E
$GPGGA,171331.000,2632.6811,N,07703.3399,W,1,07,1.6,17.5,M,-33.0,M,,0000*5E
$GPGSA,A,3,14,02,21,13,30,22,07,,,,,,2.8,1.6,2.3*3C
$GPGSV,3,1,12,30,66,270,26,07,60,186,26,02,53,054,33,17,46,275,13*73
$GPGSV,3,2,12,14,45,330,30,21,36,046,29,22,28,314,18,19,22,253,19*72
$GPGSV,3,3,12,08,13,052,,03,11,129,,13,10,294,24,09,01,188,*7D
$GPRMC,171331.000,A,2632.6811,N,07703.3399,W,0.15,247.27,220324,,,A*77
$GPVTG,247.27,T,,M,0.15,N,0.3,K,A*0E
$GPGGA,171336.000,2632.6807,N,07703.3403,W,1,08,1.4,18.0,M,-33.0,M,,0000*5D
$GPGSA,A,3,14,02,21,13,08,30,22,07,,,,,2.2,1.4,1.7*3B
$GPGSV,3,1,12,30,66,270,26,07,60,186,25,02,53,054,32,17,46,275,*73
$GPGSV,3,2,12,14,45,330,30,21,36,046,28,22,28,314,19,19,22,253,19*72
$GPGSV,3,3,12,08,13,052,13,03,11,129,,13,10,294,25,09,01,188,*7E
$GPRMC,171336.000,A,2632.6807,N,07703.3403,W,0.21,158.66,220324,,,A*7C
$GPVTG,158.66,T,,M,0.21,N,0.4,K,A*06
$GPGGA,171341.000,2632.6814,N,07703.3404,W,1,08,1.4,19.0,M,-33.0,M,,0000*59
$GPGSA,A,3,14,02,21,13,08,30,22,07,,,,,2.2,1.4,1.7*3B
$GPGSV,3,1,12,30,66,270,26,07,60,186,25,02,53,054,32,17,46,275,*73
$GPGSV,3,2,12,14,45,330,31,21,36,046,28,22,28,314,19,19,22,253,19*73
$GPGSV,3,3,12,08,13,052,15,03,11,129,,13,10,294,25,09,01,188,*78
$GPRMC,171341.000,A,2632.6814,N,07703.3404,W,0.23,205.65,220324,,,A*73
$GPVTG,205.65,T,,M,0.23,N,0.4,K,A*0C
$GPGGA,171346.000,2632.6792,N,07703.3400,W,1,08,1.4,15.5,M,-33.0,M,,0000*52
$GPGSA,A,3,14,02,21,13,08,30,22,07,,,,,2.2,1.4,1.7*3B
$GPGSV,3,1,12,30,66,270,25,07,60,186,24,02,53,054,32,17,46,275,*71
$GPGSV,3,2,12,14,45,330,30,21,36,046,28,22,28,314,19,19,22,253,10*7B
$GPGSV,3,3,12,08,13,052,15,03,11,129,,13,10,294,25,09,01,188,*78
$GPRMC,171346.000,A,2632.6792,N,07703.3400,W,1.14,167.02,220324,,,A*72
$GPVTG,167.02,T,,M,1.14,N,2.1,K,A*08
$GPGGA,171351.000,2632.6781,N,07703.3394,W,1,08,1.4,12.2,M,-33.0,M,,0000*5C
$GPGSA,A,3,14,02,21,13,08,30,22,07,,,,,2.2,1.4,1.7*3B
$GPGSV,3,1,12,30,66,270,25,07,60,186,24,02,53,054,31,17,46,275,*72
$GPGSV,3,2,12,14,45,330,30,21,36,046,28,22,28,314,20,19,22,253,18*79
$GPGSV,3,3,12,08,13,052,16,03,11,129,,13,10,294,25,09,01,188,*7B
$GPVTG,57.38,T,,M,0.27,N,0.5,K,A*34
$GPGGA,171356.000,2632.6785,N,07703.3391,W,1,08,1.4,9.4,M,-33.0,M,,0000*66
$GPGSA,A,3,14,02,21,13,08,30,22,07,,,,,2.2,1.4,1.7*3B
$GPGSV,3,1,12,30,66,270,26,07,60,186,24,02,53,054,31,17,46,275,*71
$GPGSV,3,2,12,14,45,330,30,21,36,046,27,22,28,314,21,19,22,253,22*7E
$GPGSV,3,3,12,08,13,052,19,03,11,129,,13,10,294,25,09,01,188,*74
$GPRMC,171356.000,A,2632.6785,N,07703.3391,W,0.44,165.27,220324,,,A*7B
$GPVTG,165.27,T,,M,0.44,N,0.8,K,A*02
$GPGGA,171401.000,2632.6794,N,07703.3390,W,1,08,1.4,8.4,M,-33.0,M,,0000*63
$GPGSA,A,3,14,02,21,13,08,30,22,07,,,,,2.2,1.4,1.7*3B
$GPGSV,3,1,12,30,66,270,26,07,60,186,23,02,53,054,31,17,46,275,18*7F
$GPGSV,3,2,12,14,45,330,30,21,36,046,27,22,28,314,20,19,22,253,22*7F
$GPGSV,3,3,12,08,13,052,19,03,11,129,,13,10,294,25,09,01,188,*74
$GPRMC,171401.000,A,2632.6794,N,07703.3390,W,0.58,193.89,220324,,,A*7F
$GPVTG,193.89,T,,M,0.58,N,1.1,K,A*0A
$GPGGA,171406.000,2632.6776,N,07703.3392,W,1,08,1.4,5.7,M,-33.0,M,,0000*64
$GPGSA,A,3,14,02,21,13,08,30,22,07,,,,,2.2,1.4,1.7*3B
$GPGSV,3,1,12,30,66,270,26,07,60,186,23,02,53,054,31,17,46,275,18*7F
$GPGSV,3,2,12,14,45,330,30,21,36,046,27,22,28,314,19,19,22,253,22*75
$GPGSV,3,3,12,08,13,052,19,03,11,129,,13,10,294,26,09,01,188,*77
$GPRMC,171406.000,A,2632.6776,N,07703.3392,W,0.23,324.27,220324,,,A*70
$GPVTG,324.27,T,,M,0.23,N,0.4,K,A*08
$GPGGA,171411.000,2632.6793,N,07703.3394,W,1,08,1.4,5.9,M,-33.0,M,,0000*61
$GPGSA,A,3,14,02,21,13,08,30,22,07,,,,,2.2,1.4,1.7*3B
$GPGSV,3,1,12,30,66,270,26,07,60,186,23,02,53,054,30,17,46,275,17*71
$GPGSV,3,2,12,14,45,330,30,21,36,046,26,22,28,314,19,19,22,253,21*77
$GPGSV,3,3,12,08,13,052,20,03,11,129,,13,10,294,26,09,01,188,*7D
$GPRMC,171411.000,A,2632.6793,N,07703.3394,W,0.35,64.41,220324,,,A*4B
$GPVTG,64.41,T,,M,0.35,N,0.7,K,A*3B
$GPGGA,171416.000,2632.6798,N,07703.3385,W,1,08,1.4,4.2,M,-33.0,M,,0000*67
$GPGSA,A,3,14,02,21,13,08,30,22,07,,,,,2.2,1.4,1.7*3B
$GPGSV,3,1,12,30,66,270,26,07,60,186,23,02,53,054,30,17,46,275,18*7E
$GPGSV,3,2,12,14,45,330,30,21,36,046,26,22,28,314,20,19,22,253,21*7D
$GPGSV,3,3,12,08,13,052,20,03,11,129,,13,10,294,26,09,01,188,*7D
$GPRMC,171416.000,A,2632.6798,N,07703.3385,W,0.70,156.28,220324,,,A*79
$GPVTG,156.28,T,,M,0.70,N,1.3,K,A*00
$GPGGA,171421.000,2632.6796,N,07703.3383,W,1,08,1.4,4.0,M,-33.0,M,,0000*69
$GPGSA,A,3,14,02,21,13,08,30,22,07,,,,,2.2,1.4,1.7*3B
$GPGSV,3,1,12,30,66,270,27,07,60,186,23,02,53,054,30,17,46,275,19*7E
$GPGSV,3,2,12,14,45,330,30,21,36,046,26,22,28,314,20,19,22,253,21*7D
$GPRMC,171421.000,A,2632.6796,N,07703.3383,W,0.37,330.30,220324,,,A*7D
$GPVTG,330.30,T,,M,0.37,N,0.7,K,A*0D
$GPGGA,171426.000,2632.6800,N,07703.3386,W,1,08,1.4,6.0,M,-33.0,M,,0000*69
$GPGSA,A,3,14,02,21,13,08,30,22,07,,,,,2.2,1.4,1.7*3B
$GPGSV,3,1,12,30,66,270,26,07,60,186,23,02,53,054,30,17,46,275,20*75
$GPGSV,3,2,12,14,45,330,30,21,36,046,26,22,28,314,20,19,22,253,21*7D
$GPGSV,3,3,12,08,13,052,19,03,11,129,,13,10,294,26,09,01,188,*77
$GPRMC,171426.000,A,2632.6800,N,07703.3386,W,0.87,183.09,220324,,,A*74
$GPGGA,171431.000,2632.6794,N,07703.3382,W,1,08,1.4,5.0,M,-33.0,M,,0000*6A
$GPGSA,A,3,14,02,21,13,08,30,22,07,,,,,2.2,1.4,1.7*3B
$GPGSV,3,1,12,30,66,270,26,07,60,186,22,02,53,054,30,17,46,275,20*74
$GPGSV,3,2,12,14,45,330,29,21,36,046,26,22,28,314,20,19,22,253,20*74
$GPGSV,3,3,12,08,13,052,18,03,11,129,,13,10,294,27,09,01,188,*77
$GPRMC,171431.000,A,2632.6794,N,07703.3382,W,0.42,92.34,220324,,,A*42
$GPVTG,92.34,T,,M,0.42,N,0.8,K,A*3F
$GPGGA,171436.000,2632.6800,N,07703.3383,W,1,08,1.4,6.0,M,-33.0,M,,0000*6D
$GPGSA,A,3,14,02,21,13,08,30,22,07,,,,,2.2,1.4,1.7*3B
$GPGSV,3,1,12,30,66,270,25,07,60,186,22,02,53,054,30,17,46,275,21*76
$GPGSV,3,2,12,14,45,330,29,21,36,046,26,22,28,314,21,19,22,253,19*7F
$GPGSV,3,3,12,08,13,052,18,03,11,129,,13,10,294,27,09,01,188,*77
$GPRMC,171436.000,A,2632.6800,N,07703.3383,W,0.19,117.80,220324,,,A*7B
$GPVTG,117.80,T,,M,0.19,N,0.4,K,A*0E
$GPGGA,171441.000,2632.6807,N,07703.3376,W,1,08,1.4,5.2,M,-33.0,M,,0000*61
$GPGSA,A,3,14,02,21,13,08,30,22,07,,,,,2.2,1.4,1.7*3B
$GPGSV,3,1,12,30,66,270,25,07,60,186,21,02,53,054,30,17,46,275,20*74
$GPGSV,3,2,12,14,45,330,30,21,36,046,25,22,28,314,22,19,22,253,18*76
$GPGSV,3,3,12,08,13,052,21,03,11,129,,13,10,294,27,09,01,188,*7D
$GPRMC,171441.000,A,2632.6807,N,07703.3376,W,0.26,317.73,220324,,,A*74
$GPVTG,317.73,T,,M,0.26,N,0.5,K,A*0D
$GPGGA,171446.000,2632.6822,N,07703.3380,W,1,08,1.4,6.7,M,-33.0,M,,0000*6E
$GPGSA,A,3,14,02,21,13,08,30,22,07,,,,,2.2,1.4,1.7*3B
$GPGSV,3,1,12,30,66,268,26,07,59,185,21,02,52,053,30,17,46,275,20*71
$GPGSV,3,2,12,14,46,331,30,21,36,045,25,22,29,315,21,19,22,254,17*7C
$GPGSV,3,3,12,08,13,053,22,03,12,128,,13,10,294,27,06,02,205,*77
$GPRMC,171446.000,A,2632.6822,N,07703.3380,W,0.44,167.03,220324,,,A*7B
$GPVTG,167.03,T,,M,0.44,N,0.8,K,A*06
$GPGGA,171451.000,2632.6843,N,07703.3375,W,1,08,1.4,7.6,M,-33.0,M,,0000*65
$GPGSA,A,3,14,02,21,13,08,30,22,07,,,,,2.2,1.4,1.7*3B
$GPGSV,3,1,12,30,66,268,26,07,59,185,20,02,52,053,30,17,46,275,21*71
$GPGSV,3,2,12,14,46,331,30,21,36,045,24,22,29,315,21,19,22,254,16*7C
$GPGSV,3,3,12,08,13,053,23,03,12,128,,13,10,294,27,06,02,205,*76
$GPRMC,171451.000,A,2632.6843,N,07703.3375,W,0.20,106.84,220324,,,A*7A
$GPVTG,106.84,T,,M,0.20,N,0.4,K,A*00
$GPGGA,171456.000,2632.6862,N,07703.3375,W,1,08,1.4,8.2,M,-33.0,M,,0000*6A
$GPGSA,A,3,14,02,21,13,08,30,22,07,,,,,2.2,1.4,1.7*3B
$GPGSV,3,1,12,30,66,268,26,07,59,185,20,02,52,053,30,17,46,275,21*71
$GPGSV,3,2,12,14,46,331,30,21,36,045,24,22,29,315,21,19,22,254,*7B
$GPGSV,3,3,12,08,13,053,24,03,12,128,,13,10,294,27,06,02,205,*71
$GPVTG,277.59,T,,M,0.02,N,0.0,K,A*01
$GPGGA,171501.000,2632.6860,N,07703.3377,W,1,08,1.4,8.4,M,-33.0,M,,0000*6F
$GPGSA,A,3,14,02,21,13,08,30,22,07,,,,,2.2,1.4,1.7*3B
$GPGSV,3,1,12,30,66,268,26,07,59,185,21,02,52,053,30,17,46,275,21*70
$GPGSV,3,2,12,14,46,331,30,21,36,045,24,22,29,315,21,19,22,254,*7B
$GPGSV,3,3,12,08,13,053,23,03,12,128,,13,10,294,28,06,02,205,*79
$GPRMC,171501.000,A,2632.6860,N,07703.3377,W,0.23,195.06,220324,,,A*7E
$GPVTG,195.06,T,,M,0.23,N,0.4,K,A*03
$GPGGA,171506.000,2632.6861,N,07703.3383,W,1,08,1.4,10.3,M,-33.0,M,,0000*5C
$GPGSA,A,3,14,02,21,13,08,30,22,07,,,,,2.2,1.4,1.7*3B
$GPGSV,3,1,12,30,66,268,25,07,59,185,21,02,52,053,29,17,46,275,22*78
$GPGSV,3,2,12,14,46,331,30,21,36,045,24,22,29,315,27,19,22,254,*7D
$GPGSV,3,3,12,08,13,053,23,03,12,128,,13,10,294,28,06,02,205,*79
$GPRMC,171506.000,A,2632.6861,N,07703.3383,W,0.26,245.27,220324,,,A*7B
$GPVTG,245.27,T,,M,0.26,N,0.5,K,A*0A
$GPGGA,171511.000,2632.6856,N,07703.3383,W,1,08,1.4,13.1,M,-33.0,M,,0000*5F
$GPGSA,A,3,14,02,21,13,08,30,22,07,,,,,2.2,1.4,1.7*3B
$GPGSV,3,1,12,30,66,268,20,07,59,185,21,02,52,053,28,17,46,275,22*7C
$GPGSV,3,2,12,14,46,331,29,21,36,045,25,22,29,315,27,19,22,254,*74
$GPGSV,3,3,12,08,13,053,23,03,12,128,,13,10,294,29,06,02,205,*78
$GPRMC,171511.000,A,2632.6856,N,07703.3383,W,0.96,185.17,220324,,,A*7E
$GPVTG,185.17,T,,M,0.96,N,1.8,K,A*01
$GPGGA,171516.000,2632.6840,N,07703.3382,W,1,08,1.3,14.7,M,-33.0,M,,0000*58
$GPGSA,A,3,14,02,21,13,08,30,22,07,,,,,2.2,1.3,1.7*3C
$GPGSV,3,1,12,30,66,268,19,07,59,185,21,02,52,053,27,17,46,276,22*7A
$GPGSV,3,2,12,14,46,331,29,21,35,045,24,22,29,315,27,19,22,254,*76
$GPGSV,3,3,12,08,13,053,22,03,12,128,,13,10,293,29,06,02,205,*7E
$GPRMC,171516.000,A,2632.6840,N,07703.3382,W,0.32,195.42,220324,,,A*70
$GPVTG,195.42,T,,M,0.32,N,0.6,K,A*01
$GPGGA,171521.000,2632.6834,N,07703.3380,W,1,08,1.3,16.6,M,-33.0,M,,0000*5E
$GPGSA,A,3,14,02,21,13,08,30,22,07,,,,,2.2,1.3,1.7*3C
$GPGSV,3,1,12,30,66,268,19,07,59,185,22,02,52,053,27,17,46,276,24*7F
$GPGSV,3,2,12,14,46,331,28,21,35,045,25,22,29,315,27,19,22,254,*76
$GPGSV,3,3,12,08,13,053,22,03,12,128,,13,10,293,29,06,02,205,*7E
$GPRMC,171521.000,A,2632.6834,N,07703.3380,W,0.31,201.76,220324,,,A*7F
$GPVTG,201.76,T,,M,0.31,N,0.6,K,A*0B
$GPGGA,171526.000,2632.6825,N,07703.3379,W,1,08,1.3,17.8,M,-33.0,M,,0000*50
$GPGSA,A,3,14,02,21,13,08,30,22,07,,,,,2.1,1.3,1.7*3F
$GPGSV,3,1,12,30,66,268,19,07,59,185,22,02,52,053,27,17,46,276,24*7F
$GPGSV,3,2,12,14,46,331,28,21,35,045,25,22,29,315,27,19,22,254,*76
$GPRMC,171526.000,A,2632.6825,N,07703.3379,W,0.85,180.52,220324,,,A*7D
$GPVTG,180.52,T,,M,0.85,N,1.6,K,A*09
$GPGGA,171531.000,2632.6826,N,07703.3392,W,1,08,1.3,18.4,M,-33.0,M,,0000*53
$GPGSA,A,3,14,02,21,13,08,30,22,07,,,,,2.1,1.3,1.7*3F
$GPGSV,3,1,12,30,66,268,19,07,59,185,22,02,52,053,27,17,46,276,25*7E
$GPGSV,3,2,12,14,46,331,27,21,35,045,25,22,29,315,27,19,22,254,*79
$GPGSV,3,3,12,08,13,053,22,03,12,128,,13,10,293,29,06,02,205,*7E
$GPRMC,171531.000,A,2632.6826,N,07703.3392,W,0.44,6.46,220324,,,A*7A
$GPGGA,171536.000,2632.6825,N,07703.3398,W,1,08,1.3,19.0,M,-33.0,M,,0000*58
$GPGSA,A,3,14,02,21,13,08,30,22,07,,,,,2.1,1.3,1.7*3F
$GPGSV,3,1,12,30,66,268,19,07,59,185,22,02,52,053,27,17,46,276,24*7F
$GPGSV,3,2,12,14,46,331,27,21,35,045,25,22,29,315,27,19,22,254,*79
$GPGSV,3,3,12,08,13,053,22,03,12,128,,13,10,293,29,06,02,205,*7E
$GPRMC,171536.000,A,2632.6825,N,07703.3398,W,0.13,83.23,220324,,,A*48
$GPVTG,83.23,T,,M,0.13,N,0.2,K,A*37
$GPGGA,171541.000,2632.6823,N,07703.3396,W,1,08,1.3,17.3,M,-33.0,M,,0000*5D
$GPGSA,A,3,14,02,21,13,08,30,22,07,,,,,2.1,1.3,1.7*3F
$GPGSV,3,1,12,30,66,268,19,07,59,185,22,02,52,053,27,17,46,276,24*7F
$GPGSV,3,2,12,14,46,331,27,21,35,045,25,22,29,315,26,19,22,254,*78
$GPGSV,3,3,12,08,13,053,23,03,12,128,,13,10,293,28,06,02,205,*7E
$GPRMC,171541.000,A,2632.6823,N,07703.3396,W,0.24,329.90,220324,,,A*7F
$GPVTG,329.90,T,,M,0.24,N,0.4,K,A*0E
$GPGGA,171546.000,2632.6812,N,07703.3395,W,1,08,1.3,17.0,M,-33.0,M,,0000*58
$GPGSA,A,3,14,02,21,13,08,30,22,07,,,,,2.1,1.3,1.7*3F
$GPGSV,3,1,12,30,66,267,20,07,59,185,22,02,52,053,27,14,46,331,27*78
$GPGSV,3,2,12,17,46,276,24,21,35,045,26,22,29,315,26,19,22,254,*79
$GPGSV,3,3,12,08,12,053,23,03,12,128,,13,10,293,28,06,02,205,*7F
$GPRMC,171546.000,A,2632.6812,N,07703.3395,W,0.50,168.69,220324,,,A*7B
$GPVTG,168.69,T,,M,0.50,N,0.9,K,A*01
$GPGGA,171551.000,2632.6803,N,07703.3398,W,1,08,1.3,18.3,M,-33.0,M,,0000*5F
$GPGSA,A,3,14,02,21,13,08,30,22,07,,,,,2.1,1.3,1.7*3F
$GPGSV,3,1,12,30,66,267,20,07,59,185,22,02,52,053,27,14,46,331,27*78
$GPGSV,3,2,12,17,46,276,24,21,35,045,26,22,29,315,26,19,22,254,*79
$GPGSV,3,3,12,08,12,053,23,03,12,128,,13,10,293,28,06,02,205,*7F
$GPRMC,171551.000,A,2632.6803,N,07703.3398,W,0.05,222.05,220324,,,A*77
$GPVTG,222.05,T,,M,0.05,N,0.1,K,A*0E
$GPGGA,171556.000,2632.6790,N,07703.3400,W,1,08,1.3,16.8,M,-33.0,M,,0000*5E
$GPGSA,A,3,14,02,21,13,08,30,22,07,,,,,2.1,1.3,1.7*3F
$GPGSV,3,1,12,30,66,267,24,07,59,185,22,02,52,053,28,14,46,331,28*7C
$GPGSV,3,2,12,17,46,276,23,21,35,045,25,22,29,315,17,19,22,254,*7F
$GPRMC,171556.000,A,2632.6790,N,07703.3400,W,0.11,233.99,220324,,,A*73
$GPVTG,233.99,T,,M,0.11,N,0.2,K,A*0D
$GPGGA,171601.000,2632.6806,N,07703.3403,W,1,08,1.3,18.9,M,-33.0,M,,0000*53
$GPGSA,A,3,14,02,21,13,08,30,22,07,,,,,2.1,1.3,1.7*3F
$GPGSV,3,1,12,30,66,267,23,07,59,185,22,02,52,053,28,14,46,331,27*74
$GPGSV,3,2,12,17,46,276,25,21,35,045,26,22,29,315,21,19,22,254,20*7D
$GPGSV,3,3,12,08,12,053,15,03,12,128,,13,10,293,22,06,02,205,*70
$GPRMC,171601.000,A,2632.6806,N,07703.3403,W,0.45,296.79,220324,,,A*71
$GPGGA,171606.000,2632.6826,N,07703.3391,W,1,08,1.3,21.5,M,-33.0,M,,0000*5C
$GPGSA,A,3,14,02,21,13,08,30,22,07,,,,,2.1,1.3,1.7*3F
$GPGSV,3,1,12,30,66,267,23,07,59,185,21,02,52,053,28,14,46,331,28*78
$GPGSV,3,2,12,17,46,276,25,21,35,045,26,22,29,315,22,19,22,254,20*7E
$GPGSV,3,3,12,08,12,053,15,03,12,128,,13,10,293,22,06,02,205,*70
$GPRMC,171606.000,A,2632.6826,N,07703.3391,W,0.90,9.12,220324,,,A*79
$GPVTG,9.12,T,,M,0.90,N,1.7,K,A*08
$GPGGA,171611.000,2632.6831,N,07703.3397,W,1,08,1.3,24.4,M,-33.0,M,,0000*5E
$GPGSA,A,3,14,02,21,13,08,30,22,07,,,,,2.1,1.3,1.7*3F
$GPGSV,3,1,12,30,66,267,23,07,59,185,21,02,52,053,28,14,46,331,28*78
$GPGSV,3,2,12,17,46,276,25,21,35,045,26,22,29,315,22,19,22,254,21*7F
$GPGSV,3,3,12,08,12,053,16,03,12,128,,13,10,293,22,06,02,205,*73
$GPRMC,171611.000,A,2632.6831,N,07703.3397,W,0.15,118.82,220324,,,A*7A
$GPVTG,118.82,T,,M,0.15,N,0.3,K,A*08
$GPGGA,171616.000,2632.6846,N,07703.3389,W,1,08,1.3,20.3,M,-33.0,M,,0000*55
$GPGSA,A,3,14,02,21,13,08,30,22,07,,,,,2.1,1.3,1.7*3F
$GPGSV,3,1,12,30,66,267,23,07,59,185,21,02,52,053,27,14,46,331,28*77
$GPGSV,3,2,12,17,46,276,24,21,35,045,26,22,29,315,22,19,22,254,22*7D
$GPGSV,3,3,12,08,12,053,16,03,12,128,,13,10,293,22,06,02,205,*73
$GPRMC,171616.000,A,2632.6846,N,07703.3389,W,0.10,92.34,220324,,,A*49
$GPVTG,92.34,T,,M,0.10,N,0.2,K,A*32
$GPGGA,171621.000,2632.6847,N,07703.3403,W,1,08,1.3,21.0,M,-33.0,M,,0000*57
$GPGSA,A,3,14,02,21,13,08,30,22,07,,,,,2.1,1.3,1.7*3F
$GPGSV,3,1,12,30,66,267,23,07,59,185,20,02,52,053,27,14,46,331,28*76
$GPGSV,3,2,12,17,46,276,24,21,35,045,25,22,29,315,22,19,22,254,22*7E
$GPGSV,3,3,12,08,12,053,15,03,12,128,,13,10,293,22,06,02,205,*70
$GPRMC,171621.000,A,2632.6847,N,07703.3403,W,1.06,204.40,220324,,,A*71
$GPVTG,204.40,T,,M,1.06,N,2.0,K,A*0A
$GPGGA,171626.000,2632.6843,N,07703.3390,W,1,08,1.3,24.3,M,-33.0,M,,0000*5F
$GPGSA,A,3,14,02,21,13,08,30,22,07,,,,,2.1,1.3,1.7*3F
$GPGSV,3,1,12,30,66,267,23,07,59,185,20,02,52,053,27,14,46,331,28*76
$GPGSV,3,2,12,17,46,276,24,21,35,045,25,22,29,315,22,19,22,254,24*78
$GPGSV,3,3,12,08,12,053,15,03,12,128,,13,10,293,21,06,02,205,*73
$GPRMC,171626.000,A,2632.6843,N,07703.3390,W,0.83,102.63,220324,,,A*77
$GPVTG,102.63,T,,M,0.83,N,1.5,K,A*04
$GPGGA,171631.000,2632.6838,N,07703.3392,W,1,08,1.3,23.5,M,-33.0,M,,0000*56
$GPGSA,A,3,14,02,21,13,08,30,22,07,,,,,2.1,1.3,1.7*3F
$GPGSV,3,1,12,30,66,267,23,07,59,185,20,02,52,053,27,14,46,331,28*76
$GPGSV,3,2,12,17,46,276,19,21,35,045,25,22,29,315,22,19,22,254,24*76
$GPGSV,3,3,12,08,12,053,14,03,12,128,,13,10,293,20,06,02,205,*73
$GPVTG,250.00,T,,M,0.88,N,1.6,K,A*0D
$GPGGA,171636.000,2632.6843,N,07703.3376,W,1,08,1.3,23.4,M,-33.0,M,,0000*56
$GPGSA,A,3,14,02,21,13,08,30,22,07,,,,,2.1,1.3,1.7*3F
$GPGSV,3,1,12,30,66,267,21,07,59,185,20,02,52,053,28,14,46,331,28*7B
$GPGSV,3,2,12,17,46,276,18,21,35,045,25,22,29,315,22,19,22,254,24*77
$GPGSV,3,3,12,08,12,053,14,03,12,128,,13,10,293,21,06,02,205,*72
$GPRMC,171636.000,A,2632.6843,N,07703.3376,W,0.57,191.05,220324,,,A*7D
$GPVTG,191.05,T,,M,0.57,N,1.1,K,A*03
$GPGGA,171641.000,2632.6828,N,07703.3385,W,1,08,1.3,22.7,M,-33.0,M,,0000*55
$GPGSA,A,3,14,02,21,13,08,30,22,07,,,,,2.1,1.3,1.7*3F
$GPGSV,3,1,12,30,66,267,19,07,59,185,19,02,52,053,29,14,46,331,28*7B
$GPGSV,3,2,12,17,46,276,17,21,35,045,24,22,29,315,21,19,22,254,24*7A
$GPGSV,3,3,12,08,12,053,15,03,12,128,,13,10,293,22,06,02,205,*70
$GPRMC,171641.000,A,2632.6828,N,07703.3385,W,0.40,212.95,220324,,,A*7B
$GPVTG,212.95,T,,M,0.40,N,0.7,K,A*03
$GPGGA,171646.000,2632.6824,N,07703.3384,W,1,05,4.5,18.8,M,-33.0,M,,0000*57
$GPGSA,A,3,14,02,21,13,22,,,,,,,,5.5,4.5,3.2*34
$GPGSV,3,1,12,30,66,267,15,07,59,185,18,02,52,053,29,14,46,331,28*76
$GPGSV,3,2,12,17,46,276,11,21,35,045,23,22,29,315,22,19,22,254,25*79
$GPGSV,3,3,12,08,12,053,17,03,12,128,,13,10,293,22,06,02,205,*72
$GPRMC,171646.000,A,2632.6824,N,07703.3384,W,1.36,140.44,220324,,,A*79
$GPVTG,140.44,T,,M,1.36,N,2.5,K,A*0B
$GPGGA,171651.000,2632.6822,N,07703.3370,W,1,08,1.3,15.2,M,-33.0,M,,0000*55
$GPGSA,A,3,14,02,21,13,08,30,22,07,,,,,2.1,1.3,1.7*3F
$GPGSV,3,1,12,30,66,267,14,07,59,185,17,02,52,053,29,14,46,331,28*78
$GPGSV,3,2,12,17,46,276,,21,35,045,23,22,29,315,23,19,22,254,25*78
$GPGSV,3,3,12,08,12,053,16,03,12,128,,13,10,293,22,06,02,205,*73
$GPRMC,171651.000,A,2632.6822,N,07703.3370,W,0.62,57.14,220324,,,A*40
$GPVTG,57.14,T,,M,0.62,N,1.2,K,A*3D
$GPGGA,171656.000,2632.6835,N,07703.3371,W,1,07,1.3,15.5,M,-33.0,M,,0000*5D
$GPGSA,A,3,14,02,21,13,08,22,07,,,,,,2.2,1.3,1.8*30
$GPGSV,3,1,12,30,66,267,,07,59,185,17,02,52,053,29,14,46,331,28*7D
$GPGSV,3,2,12,17,46,276,,21,35,045,23,22,29,315,23,19,22,254,25*78
$GPGSV,3,3,12,08,12,053,16,03,12,128,,13,10,293,22,06,02,205,*73
$GPRMC,171656.000,A,2632.6835,N,07703.3371,W,2.45,10.97,220324,,,A*4F
$GPVTG,10.97,T,,M,2.45,N,4.5,K,A*30
$GPGGA,171701.000,2632.6865,N,07703.3374,W,1,07,1.3,14.2,M,-33.0,M,,0000*58
$GPGSA,A,3,14,02,21,13,08,22,07,,,,,,2.2,1.3,1.8*30
$GPGSV,3,1,12,30,66,267,,07,59,185,16,02,52,053,29,14,46,331,29*7D
$GPGSV,3,2,12,17,46,276,,21,35,045,23,22,29,315,24,19,22,254,26*7C
$GPGSV,3,3,12,08,12,053,17,03,12,128,,13,10,293,23,06,02,205,*73
$GPVTG,21.98,T,,M,0.12,N,0.2,K,A*3E
$GPGGA,171706.000,2632.6858,N,07703.3384,W,1,06,4.0,17.6,M,-33.0,M,,0000*5E
$GPGSA,A,3,14,02,21,13,08,22,,,,,,,4.4,4.0,1.8*31
$GPGSV,3,1,12,30,66,267,,07,59,185,17,02,52,053,29,14,46,331,29*7C
$GPGSV,3,2,12,17,46,276,,21,35,045,23,22,29,315,25,19,22,254,26*7D
$GPGSV,3,3,12,08,12,053,16,03,12,128,,13,10,293,23,06,02,205,*72
$GPRMC,171706.000,A,2632.6858,N,07703.3384,W,1.38,183.78,220324,,,A*79
$GPVTG,183.78,T,,M,1.38,N,2.5,K,A*05
$GPGGA,171711.000,2632.6809,N,07703.3386,W,1,07,1.3,17.4,M,-33.0,M,,0000*5B
$GPGSA,A,3,14,02,21,13,08,22,07,,,,,,2.2,1.3,1.8*30
$GPGSV,3,1,12,30,66,267,,07,59,185,16,02,52,053,29,14,46,331,29*7D
$GPGSV,3,2,12,17,46,276,,21,35,045,24,22,29,315,26,19,22,254,26*79
$GPGSV,3,3,12,08,12,053,17,03,12,128,,13,10,293,23,06,02,205,*73
$GPRMC,171711.000,A,2632.6809,N,07703.3386,W,2.01,177.97,220324,,,A*7A
$GPVTG,177.97,T,,M,2.01,N,3.7,K,A*05
$GPGGA,171716.000,2632.6788,N,07703.3378,W,1,07,1.3,15.2,M,-33.0,M,,0000*5F
$GPGSA,A,3,14,02,21,13,08,22,07,,,,,,2.2,1.3,1.8*30
$GPGSV,3,1,12,30,66,267,,07,59,185,15,02,52,053,29,14,46,331,29*7E
$GPGSV,3,2,12,17,46,276,,21,35,045,24,22,29,315,26,19,22,254,26*79
$GPGSV,3,3,12,08,12,053,17,03,12,128,,13,10,293,22,06,02,205,*72
$GPRMC,171716.000,A,2632.6788,N,07703.3378,W,0.89,189.32,220324,,,A*76
$GPVTG,189.32,T,,M,0.89,N,1.6,K,A*0A
$GPGGA,171721.000,2632.6800,N,07703.3383,W,1,07,1.3,13.5,M,-33.0,M,,0000*51
$GPGSA,A,3,14,02,21,13,08,22,07,,,,,,2.2,1.3,1.8*30
$GPGSV,3,1,12,30,66,267,,07,59,185,15,02,52,053,29,14,46,331,29*7E
$GPGSV,3,2,12,17,46,276,,21,35,045,24,22,29,315,26,19,22,254,26*79
$GPGSV,3,3,12,08,12,053,18,03,12,128,,13,10,293,21,06,02,205,*7E
$GPRMC,171721.000,A,2632.6800,N,07703.3383,W,1.35,6.83,220324,,,A*73
$GPVTG,6.83,T,,M,1.35,N,2.5,K,A*00
$GPGGA,171726.000,2632.6805,N,07703.3383,W,1,07,1.3,15.2,M,-33.0,M,,0000*52
$GPGSA,A,3,14,02,21,13,08,22,07,,,,,,2.2,1.3,1.8*30
$GPGSV,3,1,12,30,66,267,,07,59,185,15,02,52,053,30,14,46,331,29*76
$GPGSV,3,2,12,17,46,276,,21,35,045,25,22,29,315,26,19,22,254,27*79
$GPGSV,3,3,12,08,12,053,18,03,12,128,,13,10,293,17,06,02,205,*7B
$GPRMC,171726.000,A,2632.6805,N,07703.3383,W,1.10,178.09,220324,,,A*7C
$GPVTG,178.09,T,,M,1.10,N,2.0,K,A*08
$GPGGA,171731.000,2632.6800,N,07703.3380,W,1,07,1.3,14.1,M,-33.0,M,,0000*50
$GPGSA,A,3,14,02,21,13,08,22,07,,,,,,2.2,1.3,1.8*30
$GPGSV,3,1,12,30,66,267,,07,59,185,16,02,52,053,30,14,46,331,29*75
$GPGSV,3,2,12,17,46,276,,21,35,045,25,22,29,315,26,19,22,254,27*79
$GPRMC,171731.000,A,2632.6800,N,07703.3380,W,0.26,120.87,220324,,,A*73
$GPVTG,120.87,T,,M,0.26,N,0.5,K,A*00
$GPGGA,171736.000,2632.6805,N,07703.3380,W,1,07,1.3,14.9,M,-33.0,M,,0000*5A
$GPGSA,A,3,14,02,21,13,08,22,07,,,,,,2.2,1.3,1.8*30
$GPGSV,3,1,12,30,66,267,,07,59,185,16,02,52,053,30,14,46,331,29*75
$GPGSV,3,2,12,17,46,276,,21,35,045,25,22,29,315,26,19,22,254,26*78
$GPGSV,3,3,12,08,12,053,17,03,12,128,,13,10,293,17,06,02,205,*74
$GPRMC,171736.000,A,2632.6805,N,07703.3380,W,0.49,39.55,220324,,,A*4E
$GPGGA,171741.000,2632.6794,N,07703.3387,W,1,08,1.3,18.2,M,-33.0,M,,0000*52
$GPGSA,A,3,14,02,21,13,30,08,22,07,,,,,2.1,1.3,1.6*3E
$GPGSV,3,1,12,30,66,267,14,07,59,185,16,02,52,053,30,14,46,331,29*70
$GPGSV,3,2,12,17,46,276,,21,35,045,25,22,29,315,27,19,22,254,27*78
$GPGSV,3,3,12,08,12,053,18,03,12,128,,13,10,293,16,06,02,205,*7A
$GPRMC,171741.000,A,2632.6794,N,07703.3387,W,2.34,179.39,220324,,,A*79
$GPVTG,179.39,T,,M,2.34,N,4.3,K,A*0A
$GPGGA,171746.000,2632.6795,N,07703.3394,W,1,08,1.3,18.2,M,-33.0,M,,0000*56
$GPGSA,A,3,14,02,21,13,30,08,22,07,,,,,2.1,1.3,1.6*3E
$GPGSV,3,1,12,30,66,267,17,07,59,185,16,02,52,053,26,14,46,331,28*75
$GPGSV,3,2,12,17,46,276,,21,35,045,24,22,29,315,21,19,22,254,21*79
$GPGSV,3,3,12,08,12,053,18,03,12,128,,13,10,293,16,06,02,205,*7A
$GPRMC,171746.000,A,2632.6795,N,07703.3394,W,0.57,235.69,220324,,,A*74
$GPVTG,235.69,T,,M,0.57,N,1.1,K,A*04
$GPGGA,171751.000,2632.6819,N,07703.3386,W,1,08,1.3,19.3,M,-33.0,M,,0000*58
$GPGSA,A,3,14,02,21,13,30,08,22,07,,,,,2.1,1.3,1.6*3E
$GPGSV,3,1,12,30,66,267,16,07,59,185,17,02,52,053,28,14,46,331,29*7A
$GPGSV,3,2,12,17,46,276,22,21,35,045,24,22,29,315,25,19,22,254,24*78
$GPGSV,3,3,12,08,12,053,18,03,12,128,,13,10,293,16,06,02,205,*7A
$GPRMC,171751.000,A,2632.6819,N,07703.3386,W,1.61,13.68,220324,,,A*49
$GPVTG,13.68,T,,M,1.61,N,3.0,K,A*34
$GPGGA,171756.000,2632.6825,N,07703.3393,W,1,08,1.3,19.6,M,-33.0,M,,0000*51
$GPGSA,A,3,14,02,21,13,30,08,22,07,,,,,2.1,1.3,1.6*3E
$GPGSV,3,1,12,30,66,267,16,07,59,185,17,02,52,053,29,14,46,331,29*7B
$GPGSV,3,2,12,17,46,276,21,21,35,045,24,22,29,315,26,19,22,254,25*79
$GPGSV,3,3,12,08,12,053,19,03,12,128,,13,10,293,16,06,02,205,*7B
$GPRMC,171756.000,A,2632.6825,N,07703.3393,W,0.32,42.33,220324,,,A*48
$GPVTG,42.33,T,,M,0.32,N,0.6,K,A*3C
$GPGGA,171801.000,2632.6816,N,07703.3390,W,1,08,1.3,18.7,M,-33.0,M,,0000*5F
$GPGSA,A,3,14,02,21,13,30,08,22,07,,,,,2.1,1.3,1.6*3E
$GPGSV,3,1,12,30,66,267,16,07,59,185,18,02,52,053,29,14,46,331,29*74
$GPGSV,3,2,12,17,46,276,22,21,35,045,23,22,29,315,26,19,22,254,26*7E
$GPGSV,3,3,12,08,12,053,19,03,12,128,,13,10,293,15,06,02,205,*78
$GPRMC,171801.000,A,2632.6816,N,07703.3390,W,0.96,144.97,220324,,,A*71
$GPVTG,144.97,T,,M,0.96,N,1.8,K,A*04
$GPGGA,171806.000,2632.6803,N,07703.3396,W,1,08,1.3,18.6,M,-33.0,M,,0000*5B
$GPGSA,A,3,14,02,21,13,30,08,22,07,,,,,2.1,1.3,1.6*3E
$GPGSV,3,1,12,30,66,267,17,07,59,185,17,02,52,053,30,14,46,331,28*73
$GPGSV,3,2,12,17,46,276,23,21,35,045,24,22,29,315,27,19,22,254,26*79
$GPGSV,3,3,12,08,12,053,18,03,12,128,,13,10,293,15,06,02,205,*79
$GPVTG,302.91,T,,M,0.14,N,0.3,K,A*02
$GPGGA,171811.000,2632.6803,N,07703.3411,W,1,08,1.3,21.6,M,-33.0,M,,0000*5F
$GPGSA,A,3,14,02,21,13,30,08,22,07,,,,,2.1,1.3,1.6*3E
$GPGSV,3,1,12,30,66,267,17,07,59,185,17,02,52,053,30,14,46,331,28*73
$GPGSV,3,2,12,17,46,276,23,21,35,045,24,22,29,315,27,19,22,254,26*79
$GPGSV,3,3,12,08,12,053,18,03,12,128,,13,10,293,16,06,02,205,*7A
$GPRMC,171811.000,A,2632.6803,N,07703.3411,W,0.20,108.08,220324,,,A*79
$GPVTG,108.08,T,,M,0.20,N,0.4,K,A*0A
$GPGGA,171816.000,2632.6799,N,07703.3416,W,1,08,1.3,24.8,M,-33.0,M,,0000*58
$GPGSA,A,3,14,02,21,13,30,08,22,07,,,,,2.1,1.3,1.6*3E
$GPGSV,3,1,12,30,66,267,17,07,59,185,17,02,52,053,30,14,46,331,28*73
$GPGSV,3,2,12,17,46,276,23,21,35,045,24,22,29,315,28,19,22,254,26*76
$GPGSV,3,3,12,08,12,053,17,03,12,128,,13,10,293,17,06,02,205,*74
$GPRMC,171816.000,A,2632.6799,N,07703.3416,W,1.27,188.49,220324,,,A*7E
$GPVTG,188.49,T,,M,1.27,N,2.4,K,A*03
$GPGGA,171821.000,2632.6803,N,07703.3416,W,1,08,1.3,24.0,M,-33.0,M,,0000*58
$GPGSA,A,3,14,02,21,13,30,08,22,07,,,,,2.1,1.3,1.6*3E
$GPGSV,3,1,12,30,66,267,19,07,59,185,19,02,52,053,29,14,46,331,28*7B
$GPGSV,3,2,12,17,46,276,24,21,35,045,23,22,29,315,22,19,22,254,25*7F
$GPGSV,3,3,12,08,12,053,17,03,12,128,,13,10,293,17,06,02,205,*74
$GPRMC,171821.000,A,2632.6803,N,07703.3416,W,0.28,125.56,220324,,,A*71
$GPVTG,125.56,T,,M,0.28,N,0.5,K,A*07
$GPGGA,171826.000,2632.6799,N,07703.3406,W,1,08,1.3,22.7,M,-33.0,M,,0000*53
$GPGSA,A,3,14,02,21,13,30,08,22,07,,,,,2.1,1.3,1.6*3E
$GPGSV,3,1,12,30,66,267,20,07,59,185,19,02,52,053,30,14,46,331,28*79
$GPGSV,3,2,12,17,46,276,24,21,35,045,23,22,29,315,26,19,22,254,24*7A
$GPGSV,3,3,12,08,12,053,18,03,12,128,,13,10,293,18,06,02,205,*74
$GPRMC,171826.000,A,2632.6799,N,07703.3406,W,0.32,69.37,220324,,,A*4E
$GPVTG,69.37,T,,M,0.32,N,0.6,K,A*31
$GPGGA,171831.000,2632.6802,N,07703.3417,W,1,08,1.3,29.4,M,-33.0,M,,0000*50
$GPGSA,A,3,14,02,21,13,30,08,22,07,,,,,2.1,1.3,1.6*3E
$GPGSV,3,1,12,30,66,267,21,07,59,185,19,02,52,053,30,14,46,331,27*77
$GPGSV,3,2,12,17,46,276,25,21,35,045,23,22,29,315,27,19,22,254,25*7B
$GPGSV,3,3,12,08,12,053,17,03,12,128,,13,10,293,19,06,02,205,*7A
$GPRMC,171831.000,A,2632.6802,N,07703.3417,W,0.31,342.39,220324,,,A*72
$GPVTG,342.39,T,,M,0.31,N,0.6,K,A*06
$GPGGA,171836.000,2632.6819,N,07703.3415,W,1,08,1.3,33.4,M,-33.0,M,,0000*54
$GPGSA,A,3,14,02,21,13,30,08,22,07,,,,,2.1,1.3,1.6*3E
$GPGSV,3,1,12,30,66,267,21,07,59,185,18,02,52,053,30,14,46,331,27*76
$GPGSV,3,2,12,17,46,276,25,21,35,045,23,22,29,315,28,19,22,254,25*74
$GPRMC,171836.000,A,2632.6819,N,07703.3415,W,0.64,221.04,220324,,,A*77
$GPVTG,221.04,T,,M,0.64,N,1.2,K,A*09
$GPGGA,171841.000,2632.6811,N,07703.3415,W,1,08,1.3,31.3,M,-33.0,M,,0000*59
$GPGSA,A,3,14,02,21,13,30,08,22,07,,,,,2.1,1.3,1.6*3E
$GPGSV,3,1,12,30,66,263,21,07,57,185,19,02,51,051,30,14,47,333,28*70
$GPGSV,3,2,12,17,47,278,25,21,34,044,23,22,30,316,27,19,23,255,25*7F
$GPGSV,3,3,12,03,13,127,,08,12,054,18,13,10,292,21,06,03,206,*74
$GPRMC,171841.000,A,2632.6811,N,07703.3415,W,0.24,50.05,220324,,,A*4E
$GPGGA,171846.000,2632.6809,N,07703.3400,W,1,08,1.3,29.4,M,-33.0,M,,0000*5D
$GPGSA,A,3,14,02,21,13,30,08,22,07,,,,,2.1,1.3,1.6*3E
$GPGSV,3,1,12,30,66,263,21,07,57,185,18,02,51,051,28,14,47,333,28*78
$GPGSV,3,2,12,17,47,278,25,21,34,044,23,22,30,316,27,19,23,255,25*7F
$GPGSV,3,3,12,03,13,127,,08,12,054,19,13,10,292,20,06,03,206,*74
$GPRMC,171846.000,A,2632.6809,N,07703.3400,W,0.59,120.35,220324,,,A*7B
$GPVTG,120.35,T,,M,0.59,N,1.1,K,A*04
$GPGGA,171851.000,2632.6792,N,07703.3401,W,1,08,1.3,28.3,M,-33.0,M,,0000*51
$GPGSA,A,3,14,02,21,13,30,08,22,07,,,,,2.1,1.3,1.6*3E
$GPGSV,3,1,12,30,66,263,22,07,57,185,19,02,51,051,29,14,47,333,28*7B
$GPGSV,3,2,12,17,47,278,24,21,34,044,22,22,30,316,27,19,23,255,25*7F
$GPGSV,3,3,12,03,13,127,,08,12,054,19,13,10,292,21,06,03,206,*75
$GPRMC,171851.000,A,2632.6792,N,07703.3401,W,0.76,207.81,220324,,,A*75
$GPVTG,207.81,T,,M,0.76,N,1.4,K,A*05
$GPGGA,171856.000,2632.6803,N,07703.3397,W,1,08,1.3,25.3,M,-33.0,M,,0000*54
$GPGSA,A,3,14,02,21,13,30,08,22,07,,,,,2.1,1.3,1.6*3E
$GPGSV,3,1,12,30,66,263,23,07,57,185,21,02,51,051,29,14,47,333,27*7E
$GPGSV,3,2,12,17,47,278,24,21,34,044,22,22,30,316,24,19,23,255,25*7C
$GPGSV,3,3,12,03,13,127,,08,12,054,19,13,10,292,21,06,03,206,*75
$GPRMC,171856.000,A,2632.6803,N,07703.3397,W,0.91,164.99,220324,,,A*7B
$GPVTG,164.99,T,,M,0.91,N,1.7,K,A*00
$GPGGA,171901.000,2632.6838,N,07703.3387,W,1,08,1.3,27.1,M,-33.0,M,,0000*5E
$GPGSA,A,3,14,02,21,13,30,08,22,07,,,,,2.1,1.3,1.6*3E
$GPGSV,3,1,12,30,66,263,23,07,57,185,22,02,51,051,29,14,47,333,24*7E
$GPGSV,3,2,12,17,47,278,24,21,34,044,22,22,30,316,26,19,23,255,23*78
$GPGSV,3,3,12,03,13,127,,08,12,054,19,13,10,292,22,06,03,206,*76
$GPRMC,171901.000,A,2632.6838,N,07703.3387,W,0.41,137.18,220324,,,A*73
$GPVTG,137.18,T,,M,0.41,N,0.8,K,A*0C
$GPGGA,171906.000,2632.6872,N,07703.3381,W,1,08,1.3,25.3,M,-33.0,M,,0000*51
$GPGSA,A,3,14,02,21,13,30,08,22,07,,,,,2.1,1.3,1.6*3E
$GPGSV,3,1,12,30,66,263,23,07,57,185,21,02,51,051,30,14,47,333,24*75
$GPGSV,3,2,12,17,47,278,23,21,34,044,21,22,30,316,27,19,23,255,24*7A
$GPGSV,3,3,12,03,13,127,,08,12,054,20,13,10,292,22,06,03,206,*7C
$GPRMC,171906.000,A,2632.6872,N,07703.3381,W,0.26,107.11,220324,,,A*77
$GPVTG,107.11,T,,M,0.26,N,0.5,K,A*0A
$GPGGA,171911.000,2632.6860,N,07703.3385,W,1,08,1.3,23.7,M,-33.0,M,,0000*52
$GPGSA,A,3,14,02,21,13,30,08,22,07,,,,,2.1,1.3,1.6*3E
$GPGSV,3,1,12,30,66,263,24,07,57,185,16,02,51,051,30,14,47,333,24*76
$GPGSV,3,2,12,17,47,278,23,21,34,044,19,22,30,316,26,19,23,255,25*71
$GPGSV,3,3,12,03,13,127,,08,12,054,20,13,10,292,22,06,03,206,*7C
$GPVTG,163.61,T,,M,0.86,N,1.6,K,A*07
$GPGGA,171916.000,2632.6881,N,07703.3387,W,1,08,1.3,21.9,M,-33.0,M,,0000*54
$GPGSA,A,3,14,02,21,13,30,08,22,07,,,,,2.1,1.3,1.6*3E
$GPGSV,3,1,12,30,66,263,25,07,57,185,16,02,51,051,29,14,47,333,25*7E
$GPGSV,3,2,12,17,47,278,23,21,34,044,18,22,30,316,26,19,23,255,25*70
$GPGSV,3,3,12,03,13,127,,08,12,054,21,13,10,292,22,06,03,206,*7D
$GPRMC,171916.000,A,2632.6881,N,07703.3387,W,0.72,337.96,220324,,,A*73
$GPVTG,337.96,T,,M,0.72,N,1.3,K,A*02
$GPGGA,171921.000,2632.6901,N,07703.3386,W,1,08,1.3,22.7,M,-33.0,M,,0000*55
$GPGSA,A,3,14,02,21,13,30,08,22,07,,,,,2.1,1.3,1.6*3E
$GPGSV,3,1,12,30,66,263,25,07,57,185,15,02,51,051,29,14,47,333,25*7D
$GPGSV,3,2,12,17,47,278,23,21,34,044,17,22,30,316,26,19,23,255,26*7C
$GPGSV,3,3,12,03,13,127,,08,12,054,21,13,10,292,22,06,03,206,*7D
$GPRMC,171921.000,A,2632.6901,N,07703.3386,W,0.86,334.32,220324,,,A*79
$GPVTG,334.32,T,,M,0.86,N,1.6,K,A*01
$GPGGA,171926.000,2632.6895,N,07703.3379,W,1,08,1.3,23.8,M,-33.0,M,,0000*50
$GPGSA,A,3,14,02,21,13,30,08,22,07,,,,,2.1,1.3,1.6*3E
$GPGSV,3,1,12,30,66,263,25,07,57,185,15,02,51,051,29,14,47,333,25*7D
$GPGSV,3,2,12,17,47,278,23,21,34,044,17,22,30,316,26,19,23,255,26*7C
$GPGSV,3,3,12,03,13,127,,08,12,054,22,13,10,292,22,06,03,206,*7E
$GPRMC,171926.000,A,2632.6895,N,07703.3379,W,0.93,153.01,220324,,,A*75
$GPVTG,153.01,T,,M,0.93,N,1.7,K,A*07
$GPGGA,171931.000,2632.6871,N,07703.3382,W,1,08,1.3,25.5,M,-33.0,M,,0000*53
$GPGSA,A,3,14,02,21,13,30,08,22,07,,,,,2.1,1.3,1.6*3E
$GPGSV,3,1,12,30,66,263,25,07,57,185,14,02,51,051,29,14,47,333,24*7D
$GPGSV,3,2,12,17,47,278,23,21,34,044,16,22,30,316,26,19,23,255,26*7D
$GPGSV,3,3,12,03,13,127,,08,12,054,22,13,10,292,22,06,03,206,*7E
$GPRMC,171931.000,A,2632.6871,N,07703.3382,W,1.00,156.45,220324,,,A*73
$GPVTG,156.45,T,,M,1.00,N,1.9,K,A*07
$GPGGA,171936.000,2632.6862,N,07703.3377,W,1,08,1.3,23.9,M,-33.0,M,,0000*56
$GPGSA,A,3,14,02,21,13,30,08,22,07,,,,,2.1,1.3,1.6*3E
$GPGSV,3,1,12,30,66,263,25,07,57,185,14,02,51,051,29,14,47,333,24*7D
$GPGSV,3,2,12,17,47,278,23,21,34,044,17,22,30,316,26,19,23,255,25*7F
$GPGSV,3,3,12,03,13,127,,08,12,054,21,13,10,292,22,06,03,206,*7D
$GPRMC,171936.000,A,2632.6862,N,07703.3377,W,1.65,169.88,220324,,,A*72
$GPVTG,169.88,T,,M,1.65,N,3.1,K,A*03
$GPGGA,171941.000,2632.6859,N,07703.3374,W,1,07,1.3,24.1,M,-33.0,M,,0000*5D
$GPGSA,A,3,14,02,13,30,08,22,07,,,,,,2.1,1.3,1.6*3D
$GPGSV,3,1,12,30,66,263,25,07,57,185,15,02,51,051,29,14,47,333,24*7C
$GPGSV,3,2,12,17,47,278,23,21,34,044,,22,30,316,26,19,23,255,25*79
$GPGSV,3,3,12,03,13,127,,08,12,054,21,13,10,292,22,06,03,206,*7D
$GPRMC,171941.000,A,2632.6859,N,07703.3374,W,1.25,182.35,220324,,,A*7E
$GPVTG,182.35,T,,M,1.25,N,2.3,K,A*07
$GPGGA,171946.000,2632.6853,N,07703.3376,W,1,08,1.3,25.1,M,-33.0,M,,0000*5C
$GPGSA,A,3,14,02,21,13,30,08,22,07,,,,,2.1,1.3,1.6*3E
$GPGSV,3,1,12,30,66,263,25,07,57,185,16,02,51,051,29,14,47,333,23*78
$GPGSV,3,2,12,17,47,278,23,21,34,044,25,22,30,316,25,19,23,255,20*78
$GPGSV,3,3,12,03,13,127,,08,12,054,21,13,10,292,21,06,03,206,*7E
$GPVTG,168.50,T,,M,0.55,N,1.0,K,A*06
$GPGGA,171951.000,2632.6858,N,07703.3377,W,1,07,1.3,26.1,M,-33.0,M,,0000*5C
$GPGSA,A,3,14,02,13,30,08,22,07,,,,,,2.1,1.3,1.6*3D
$GPGSV,3,1,12,30,66,263,26,07,57,185,16,02,51,051,29,14,47,333,23*7B
$GPGSV,3,2,12,17,47,278,23,21,34,044,,22,30,316,24,19,23,255,23*7D
$GPGSV,3,3,12,03,13,127,,08,12,054,21,13,10,292,21,06,03,206,*7E
$GPRMC,171951.000,A,2632.6858,N,07703.3377,W,0.88,188.04,220324,,,A*73
$GPVTG,188.04,T,,M,0.88,N,1.6,K,A*0F
$GPGGA,171956.000,2632.6859,N,07703.3385,W,1,08,1.3,28.6,M,-33.0,M,,0000*51
$GPGSA,A,3,14,02,21,13,30,08,22,07,,,,,2.0,1.3,1.6*3F
$GPGSV,3,1,12,30,66,263,27,07,57,185,18,02,51,051,29,14,47,333,23*74
$GPGSV,3,2,12,17,47,278,23,21,34,044,24,22,30,316,24,19,23,255,22*7A
$GPGSV,3,3,12,03,13,127,,08,12,054,21,13,10,292,20,06,03,206,*7F
$GPRMC,171956.000,A,2632.6859,N,07703.3385,W,1.28,181.48,220324,,,A*72
$GPVTG,181.48,T,,M,1.28,N,2.4,K,A*04
$GPGGA,172001.000,2632.6864,N,07703.3382,W,1,07,1.3,28.3,M,-33.0,M,,0000*5A
$GPGSA,A,3,14,02,13,30,08,22,07,,,,,,2.1,1.3,1.6*3D
$GPGSV,3,1,12,30,66,263,27,07,57,185,19,02,51,051,29,14,47,333,23*75
$GPGSV,3,2,12,17,47,278,23,21,34,044,,22,30,316,25,19,23,255,23*7C
$GPGSV,3,3,12,03,13,127,,08,12,054,21,13,10,292,20,06,03,206,*7F
$GPRMC,172001.000,A,2632.6864,N,07703.3382,W,0.09,47.37,220324,,,A*42
$GPVTG,47.37,T,,M,0.09,N,0.2,K,A*31
$GPGGA,172006.000,2632.6863,N,07703.3384,W,1,08,1.3,24.6,M,-33.0,M,,0000*5A
$GPGSA,A,3,14,02,21,13,30,08,22,07,,,,,2.0,1.3,1.6*3F
$GPGSV,3,1,12,30,66,263,28,07,57,185,19,02,51,051,29,14,47,333,22*7B
$GPGSV,3,2,12,17,47,278,23,21,34,044,25,22,30,316,25,19,23,255,22*7A
$GPGSV,3,3,12,03,13,127,,08,12,054,21,13,10,292,20,06,03,206,*7F
$GPRMC,172006.000,A,2632.6863,N,07703.3384,W,0.42,293.74,220324,,,A*77
$GPVTG,293.74,T,,M,0.42,N,0.8,K,A*08
$GPGGA,172011.000,2632.6854,N,07703.3388,W,1,07,1.3,22.3,M,-33.0,M,,0000*58
$GPGSA,A,3,14,02,13,30,08,22,07,,,,,,2.1,1.3,1.6*3D
$GPGSV,3,1,12,30,66,263,27,07,57,185,21,02,51,051,28,14,47,333,22*7E
$GPGSV,3,2,12,17,47,278,23,21,34,044,,22,30,316,25,19,23,255,19*75
$GPGSV,3,3,12,03,13,127,,08,12,054,21,13,10,292,20,06,03,206,*7F
$GPRMC,172011.000,A,2632.6854,N,07703.3388,W,0.29,104.79,220324,,,A*74
$GPVTG,104.79,T,,M,0.29,N,0.5,K,A*08
$GPGGA,172016.000,2632.6852,N,07703.3395,W,1,07,1.3,21.7,M,-33.0,M,,0000*52
$GPGSA,A,3,14,02,13,30,08,22,07,,,,,,2.1,1.3,1.6*3D
$GPGSV,3,1,12,30,66,263,28,07,57,185,22,02,51,051,28,14,47,333,21*71
$GPGSV,3,2,12,17,47,278,23,21,34,044,,22,30,316,26,19,23,255,20*7C
$GPGSV,3,3,12,03,13,127,,08,12,054,21,13,10,292,20,06,03,206,*7F
$GPVTG,136.79,T,,M,0.06,N,0.1,K,A*00
$GPGGA,172021.000,2632.6843,N,07703.3394,W,1,07,1.3,20.8,M,-33.0,M,,0000*59
$GPGSA,A,3,14,02,13,30,08,22,07,,,,,,2.1,1.3,1.6*3D
$GPGSV,3,1,12,30,66,263,28,07,57,185,23,02,51,051,28,14,47,333,21*70
$GPGSV,3,2,12,17,47,278,22,21,34,044,,22,30,316,27,19,23,255,20*7C
$GPGSV,3,3,12,03,13,127,,08,12,054,21,13,10,292,21,06,03,206,*7E
$GPRMC,172021.000,A,2632.6843,N,07703.3394,W,0.32,26.20,220324,,,A*4B
$GPVTG,26.20,T,,M,0.32,N,0.6,K,A*3C
$GPGGA,172026.000,2632.6814,N,07703.3388,W,1,07,1.3,15.9,M,-33.0,M,,0000*56
$GPGSA,A,3,14,02,13,30,08,22,07,,,,,,2.1,1.3,1.6*3D
$GPGSV,3,1,12,30,66,263,28,07,57,185,23,02,51,051,28,14,47,333,22*73
$GPGSV,3,2,12,17,47,278,22,21,34,044,,22,30,316,27,19,23,255,21*7D
$GPGSV,3,3,12,03,13,127,,08,12,054,21,13,10,292,21,06,03,206,*7E
$GPRMC,172026.000,A,2632.6814,N,07703.3388,W,0.68,173.54,220324,,,A*7E
$GPVTG,173.54,T,,M,0.68,N,1.3,K,A*05
$GPGGA,172031.000,2632.6816,N,07703.3390,W,1,08,1.3,15.0,M,-33.0,M,,0000*5D
$GPGSA,A,3,14,02,21,13,30,08,22,07,,,,,2.0,1.3,1.6*3F
$GPGSV,3,1,12,30,66,263,28,07,57,185,23,02,51,051,28,14,47,333,23*72
$GPGSV,3,2,12,17,47,278,21,21,34,044,28,22,30,316,26,19,23,255,21*75
$GPGSV,3,3,12,03,13,127,,08,12,054,21,13,10,292,20,06,03,206,*7F
$GPRMC,172031.000,A,2632.6816,N,07703.3390,W,0.24,39.26,220324,,,A*41
$GPVTG,39.26,T,,M,0.24,N,0.5,K,A*30
$GPGGA,172036.000,2632.6804,N,07703.3394,W,1,08,1.3,13.5,M,-33.0,M,,0000*5E
$GPGSA,A,3,14,02,21,13,30,08,22,07,,,,,2.0,1.3,1.6*3F
$GPGSV,3,1,12,30,66,263,28,07,57,185,23,02,51,051,28,14,47,333,24*75
$GPGSV,3,2,12,17,47,278,21,21,34,044,20,22,30,316,26,19,23,255,21*7D
$GPGSV,3,3,12,03,13,127,,08,12,054,22,13,10,292,20,06,03,206,*7C
$GPRMC,172036.000,A,2632.6804,N,07703.3394,W,0.52,246.36,220324,,,A*7B
$GPVTG,246.36,T,,M,0.52,N,1.0,K,A*0E
$GPGGA,172041.000,2632.6801,N,07703.3390,W,1,08,1.3,11.8,M,-33.0,M,,0000*50
$GPGSA,A,3,14,02,21,13,30,08,22,07,,,,,2.0,1.3,1.6*3F
$GPGSV,3,1,12,30,66,263,28,07,57,185,24,02,51,051,28,14,47,333,25*73
$GPGSV,3,2,12,17,47,278,21,21,34,044,14,22,30,316,26,19,23,255,21*7A
$GPGSV,3,3,12,03,13,127,,08,12,054,21,13,10,292,20,06,03,206,*7F
$GPRMC,172041.000,A,2632.6801,N,07703.3390,W,0.31,123.02,220324,,,A*78
$GPVTG,123.02,T,,M,0.31,N,0.6,K,A*0B
$GPGGA,172046.000,2632.6821,N,07703.3390,W,1,08,1.3,11.5,M,-33.0,M,,0000*58
$GPGSA,A,3,14,02,21,13,30,08,22,07,,,,,2.0,1.3,1.6*3F
$GPGSV,3,1,12,30,66,263,28,07,57,185,24,02,51,051,28,14,47,333,24*72
$GPGSV,3,2,12,17,47,278,21,21,34,044,15,22,30,316,26,19,23,255,22*78
$GPGSV,3,3,12,03,13,127,,08,12,054,21,13,10,292,20,06,03,206,*7F
$GPRMC,172046.000,A,2632.6821,N,07703.3390,W,0.42,26.44,220324,,,A*4F
$GPVTG,26.44,T,,M,0.42,N,0.8,K,A*37
$GPGGA,172051.000,2632.6828,N,07703.3395,W,1,08,1.3,12.8,M,-33.0,M,,0000*5C
$GPGSA,A,3,14,02,21,13,30,08,22,07,,,,,2.0,1.3,1.6*3F
$GPGSV,3,1,12,30,66,263,28,07,57,185,24,02,51,051,27,14,47,333,24*7D
$GPGSV,3,2,12,17,47,278,21,21,34,044,16,22,30,316,27,19,23,255,23*7B
$GPGSV,3,3,12,03,13,127,,08,12,054,21,13,10,292,19,06,03,206,*75
$GPVTG,341.74,T,,M,0.11,N,0.2,K,A*0A
$GPGGA,172056.000,2632.6830,N,07703.3393,W,1,08,1.3,14.4,M,-33.0,M,,0000*5E
$GPGSA,A,3,14,02,21,13,30,08,22,07,,,,,2.0,1.3,1.6*3F
$GPGSV,3,1,12,30,66,263,28,07,57,185,25,02,51,051,27,14,47,333,24*7C
$GPGSV,3,2,12,17,47,278,20,21,34,044,16,22,30,316,27,19,23,255,23*7A
$GPGSV,3,3,12,03,13,127,,08,12,054,22,13,10,292,19,06,03,206,*76
$GPRMC,172056.000,A,2632.6830,N,07703.3393,W,0.25,97.46,220324,,,A*44
$GPVTG,97.46,T,,M,0.25,N,0.5,K,A*33
$GPGGA,172101.000,2632.6831,N,07703.3393,W,1,08,1.3,14.2,M,-33.0,M,,0000*5A
$GPGSA,A,3,14,02,21,13,30,08,22,07,,,,,2.0,1.3,1.6*3F
$GPGSV,3,1,12,30,66,263,28,07,57,185,25,02,51,051,26,14,47,333,25*7C
$GPGSV,3,2,12,17,47,278,20,21,34,044,16,22,30,316,28,19,23,255,22*74
$GPGSV,3,3,12,03,13,127,,08,12,054,22,13,10,292,19,06,03,206,*76
$GPRMC,172101.000,A,2632.6831,N,07703.3393,W,0.34,132.68,220324,,,A*74
$GPVTG,132.68,T,,M,0.34,N,0.6,K,A*02
$GPGGA,172106.000,2632.6827,N,07703.3389,W,1,08,1.3,13.6,M,-33.0,M,,0000*52
$GPGSA,A,3,14,02,21,13,30,08,22,07,,,,,2.0,1.3,1.6*3F
$GPGSV,3,1,12,30,66,263,29,07,57,185,25,02,51,051,26,14,47,333,25*7D
$GPGSV,3,2,12,17,47,278,20,21,34,044,16,22,30,316,28,19,23,255,22*74
$GPGSV,3,3,12,03,13,127,,08,12,054,22,13,10,292,19,06,03,206,*76
$GPRMC,172106.000,A,2632.6827,N,07703.3389,W,0.33,222.24,220324,,,A*72
$GPVTG,222.24,T,,M,0.33,N,0.6,K,A*0F
$GPGGA,172111.000,2632.6826,N,07703.3386,W,1,08,1.3,13.6,M,-33.0,M,,0000*5A
$GPGSA,A,3,14,02,21,13,30,08,22,07,,,,,2.0,1.3,1.6*3F
$GPGSV,3,1,12,30,66,263,29,07,57,185,25,02,51,051,26,14,47,333,25*7D
$GPGSV,3,2,12,17,47,278,19,21,34,044,16,22,30,316,28,19,23,255,22*7E
$GPGSV,3,3,12,03,13,127,,08,12,054,22,13,10,292,18,06,03,206,*77
$GPRMC,172111.000,A,2632.6826,N,07703.3386,W,0.39,256.46,220324,,,A*77
$GPVTG,256.46,T,,M,0.39,N,0.7,K,A*03
$GPGGA,172116.000,2632.6820,N,07703.3388,W,1,08,1.2,12.2,M,-33.0,M,,0000*51
$GPGSA,A,3,14,02,21,13,30,08,22,07,,,,,2.0,1.2,1.6*3E
$GPGSV,3,1,12,30,66,263,29,07,57,185,25,02,51,051,25,14,47,333,25*7E
$GPGSV,3,2,12,17,47,278,19,21,34,044,16,22,30,316,28,19,23,255,21*7D
$GPGSV,3,3,12,03,13,127,,08,12,054,22,13,10,292,18,06,03,206,*77
$GPRMC,172116.000,A,2632.6820,N,07703.3388,W,0.19,48.91,220324,,,A*4D
$GPVTG,48.91,T,,M,0.19,N,0.3,K,A*32
$GPGGA,172121.000,2632.6818,N,07703.3390,W,1,08,1.2,11.8,M,-33.0,M,,0000*5E
$GPGSA,A,3,14,02,21,13,30,08,22,07,,,,,2.0,1.2,1.6*3E
$GPGSV,3,1,12,30,66,263,28,07,57,185,25,02,51,051,25,14,47,333,24*7E
$GPGSV,3,2,12,17,47,278,19,21,34,044,17,22,30,316,28,19,23,255,21*7C
$GPGSV,3,3,12,03,13,127,,08,12,054,22,13,10,292,19,06,03,206,*76
$GPRMC,172121.000,A,2632.6818,N,07703.3390,W,0.24,165.77,220324,,,A*73
$GPVTG,165.77,T,,M,0.24,N,0.4,K,A*0D
$GPGGA,172126.000,2632.6816,N,07703.3382,W,1,08,1.2,11.2,M,-33.0,M,,0000*5E
$GPGSA,A,3,14,02,21,13,30,08,22,07,,,,,2.0,1.2,1.6*3E
$GPGSV,3,1,12,30,66,263,28,07,57,185,26,02,51,051,25,14,47,333,24*7D
$GPGSV,3,2,12,17,47,278,20,21,34,044,16,22,30,316,29,19,23,255,21*76
$GPGSV,3,3,12,03,13,127,,08,12,054,22,13,10,292,19,06,03,206,*76
$GPVTG,212.26,T,,M,0.24,N,0.5,K,A*0B
$GPGGA,172131.000,2632.6819,N,07703.3384,W,1,08,1.2,11.6,M,-33.0,M,,0000*55
$GPGSA,A,3,14,02,21,13,30,08,22,07,,,,,2.0,1.2,1.6*3E
$GPGSV,3,1,12,30,66,263,28,07,57,185,26,02,51,051,25,14,47,333,24*7D
$GPGSV,3,2,12,17,47,278,20,21,34,044,16,22,30,316,29,19,23,255,21*76
$GPGSV,3,3,12,03,13,127,,08,12,054,22,13,10,292,20,06,03,206,*7C
$GPRMC,172131.000,A,2632.6819,N,07703.3384,W,0.64,68.24,220324,,,A*48
$GPVTG,68.24,T,,M,0.64,N,1.2,K,A*34
$GPGGA,172136.000,2632.6813,N,07703.3391,W,1,08,1.2,10.9,M,-33.0,M,,0000*52
$GPGSA,A,3,14,02,21,13,30,08,22,07,,,,,2.0,1.2,1.6*3E
$GPGSV,3,1,12,30,66,263,28,07,57,185,26,02,51,051,24,14,47,333,23*7B
$GPGSV,3,2,12,17,47,278,21,21,34,044,16,22,30,316,29,19,23,255,20*76
$GPGSV,3,3,12,03,13,127,,08,12,054,22,13,10,292,20,06,03,206,*7C
$GPRMC,172136.000,A,2632.6813,N,07703.3391,W,0.62,134.88,220324,,,A*79
$GPVTG,134.88,T,,M,0.62,N,1.2,K,A*0C
$GPGGA,172141.000,2632.6807,N,07703.3384,W,1,08,1.2,9.3,M,-33.0,M,,0000*61
$GPGSA,A,3,14,02,21,13,30,08,22,07,,,,,2.0,1.2,1.6*3E
$GPGSV,3,1,12,30,66,259,28,07,55,184,26,02,50,050,24,14,48,334,23*79
$GPGSV,3,2,12,17,47,280,20,21,33,044,16,22,31,317,30,19,24,256,19*71
$GPGSV,3,3,12,03,14,126,,08,11,055,22,13,10,291,20,06,04,206,*7C
$GPRMC,172141.000,A,2632.6807,N,07703.3384,W,0.24,149.77,220324,,,A*70
$GPVTG,149.77,T,,M,0.24,N,0.4,K,A*03
$GPGGA,172146.000,2632.6810,N,07703.3380,W,1,08,1.2,9.6,M,-33.0,M,,0000*61
$GPGSA,A,3,14,02,21,13,30,08,22,07,,,,,2.0,1.2,1.6*3E
$GPGSV,3,1,12,30,66,259,28,07,55,184,26,02,50,050,23,14,48,334,22*7F
$GPGSV,3,2,12,17,47,280,20,21,33,044,17,22,31,317,30,19,24,256,18*71
$GPGSV,3,3,12,03,14,126,,08,11,055,21,13,10,291,20,06,04,206,*7F
$GPRMC,172146.000,A,2632.6810,N,07703.3380,W,0.17,124.15,220324,,,A*7A
$GPVTG,124.15,T,,M,0.17,N,0.3,K,A*0B
$GPGGA,172151.000,2632.6811,N,07703.3385,W,1,08,1.2,10.0,M,-33.0,M,,0000*5D
$GPGSA,A,3,14,02,21,13,30,08,22,07,,,,,2.0,1.2,1.6*3E
$GPGSV,3,1,12,30,66,259,27,07,55,184,26,02,50,050,23,14,48,334,22*70
$GPGSV,3,2,12,17,47,280,20,21,33,044,17,22,31,317,30,19,24,256,12*7B
$GPGSV,3,3,12,03,14,126,,08,11,055,22,13,10,291,19,06,04,206,*76
$GPRMC,172151.000,A,2632.6811,N,07703.3385,W,0.78,219.09,220324,,,A*71
$GPVTG,219.09,T,,M,0.78,N,1.4,K,A*04
$GPGGA,172156.000,2632.6809,N,07703.3385,W,1,08,1.2,9.4,M,-33.0,M,,0000*6F
$GPGSA,A,3,14,02,21,13,30,08,22,07,,,,,2.0,1.2,1.6*3E
$GPGSV,3,1,12,30,66,259,27,07,55,184,26,02,50,050,23,14,48,334,22*70
$GPGSV,3,2,12,17,47,280,21,21,33,044,18,22,31,317,30,19,24,256,13*74
$GPRMC,172156.000,A,2632.6809,N,07703.3385,W,0.31,167.15,220324,,,A*75
$GPVTG,167.15,T,,M,0.31,N,0.6,K,A*0D
$GPGGA,172201.000,2632.6790,N,07703.3389,W,1,08,1.2,3.4,M,-33.0,M,,0000*67
$GPGSA,A,3,14,02,21,13,30,08,22,07,,,,,2.0,1.2,1.6*3E
$GPGSV,3,1,12,30,66,259,27,07,55,184,26,02,50,050,23,14,48,334,22*70
$GPGSV,3,2,12,17,47,280,21,21,33,044,18,22,31,317,30,19,24,256,15*72
$GPGSV,3,3,12,03,14,126,17,08,11,055,23,13,10,291,20,06,04,206,*7B
$GPRMC,172201.000,A,2632.6790,N,07703.3389,W,0.72,172.58,220324,,,A*7D
$GPGGA,172206.000,2632.6776,N,07703.3383,W,1,08,1.2,-0.7,M,-33.0,M,,0000*4F
$GPGSA,A,3,14,02,21,13,30,08,22,07,,,,,2.0,1.2,1.6*3E
$GPGSV,3,1,12,30,66,259,26,07,55,184,25,02,50,050,23,14,48,334,22*72
$GPGSV,3,2,12,17,47,280,22,21,33,044,19,22,31,317,30,19,24,256,16*73
$GPGSV,3,3,12,03,14,126,17,08,11,055,23,13,10,291,20,06,04,206,*7B
$GPRMC,172206.000,A,2632.6776,N,07703.3383,W,0.55,136.71,220324,,,A*76
$GPVTG,136.71,T,,M,0.55,N,1.0,K,A*0E
$GPGGA,172211.000,2632.6762,N,07703.3382,W,1,08,1.2,-5.7,M,-33.0,M,,0000*48
$GPGSA,A,3,14,02,21,13,30,08,22,07,,,,,2.0,1.2,1.6*3E
$GPGSV,3,1,12,30,66,259,26,07,55,184,26,02,50,050,23,14,48,334,22*71
$GPGSV,3,2,12,17,47,280,22,21,33,044,20,22,31,317,30,19,24,256,16*79
$GPGSV,3,3,12,03,14,126,16,08,11,055,23,13,10,291,20,06,04,206,*7A
$GPRMC,172211.000,A,2632.6762,N,07703.3382,W,0.30,191.23,220324,,,A*7D
$GPVTG,191.23,T,,M,0.30,N,0.6,K,A*00
$GPGGA,172216.000,2632.6768,N,07703.3377,W,1,07,1.5,-6.3,M,-33.0,M,,0000*40
$GPGSA,A,3,14,02,21,30,08,22,07,,,,,,2.8,1.5,2.4*32
$GPGSV,3,1,12,30,66,259,26,07,55,184,26,02,50,050,23,14,48,334,23*70
$GPGSV,3,2,12,17,47,280,23,21,33,044,20,22,31,317,30,19,24,256,17*79
$GPGSV,3,3,12,03,14,126,16,08,11,055,23,13,10,291,,06,04,206,*78
$GPRMC,172216.000,A,2632.6768,N,07703.3377,W,0.45,191.29,220324,,,A*72
$GPVTG,191.29,T,,M,0.45,N,0.8,K,A*06
$GPGGA,172221.000,2632.6766,N,07703.3384,W,1,08,1.2,-7.0,M,-33.0,M,,0000*4C
$GPGSA,A,3,14,02,21,13,30,08,22,07,,,,,2.0,1.2,1.6*3E
$GPGSV,3,1,12,30,66,259,26,07,55,184,27,02,50,050,24,14,48,334,24*71
$GPGSV,3,2,12,17,47,280,23,21,33,044,21,22,31,317,30,19,24,256,18*77
$GPGSV,3,3,12,03,14,126,16,08,11,055,23,13,10,291,19,06,04,206,*70
$GPRMC,172221.000,A,2632.6766,N,07703.3384,W,0.38,87.26,220324,,,A*47
$GPVTG,87.26,T,,M,0.38,N,0.7,K,A*3A
$GPGGA,172226.000,2632.6776,N,07703.3383,W,1,08,1.2,-7.9,M,-33.0,M,,0000*44
$GPGSA,A,3,14,02,21,13,30,08,22,07,,,,,2.0,1.2,1.6*3E
$GPGSV,3,1,12,30,66,259,26,07,55,184,27,02,50,050,24,14,48,334,25*70
$GPGSV,3,2,12,17,47,280,24,21,33,044,21,22,31,317,30,19,24,256,19*71
$GPGSV,3,3,12,03,14,126,15,08,11,055,23,13,10,291,20,06,04,206,*79
$GPRMC,172226.000,A,2632.6776,N,07703.3383,W,0.06,217.17,220324,,,A*72
$GPVTG,217.17,T,,M,0.06,N,0.1,K,A*08
$GPGGA,172231.000,2632.6776,N,07703.3386,W,1,08,1.2,-8.1,M,-33.0,M,,0000*40
$GPGSA,A,3,14,02,21,13,30,08,22,07,,,,,2.0,1.2,1.6*3E
$GPGSV,3,1,12,30,66,259,26,07,55,184,27,02,50,050,24,14,48,334,25*70
$GPGSV,3,2,12,17,47,280,24,21,33,044,22,22,31,317,30,19,24,256,20*78
$GPGSV,3,3,12,03,14,126,15,08,11,055,23,13,10,291,20,06,04,206,*79
$GPVTG,126.39,T,,M,0.29,N,0.5,K,A*0C
$GPGGA,172236.000,2632.6785,N,07703.3393,W,1,08,1.2,-5.6,M,-33.0,M,,0000*45
$GPGSA,A,3,14,02,21,13,30,08,22,07,,,,,2.0,1.2,1.6*3E
$GPGSV,3,1,12,30,66,259,26,07,55,184,27,02,50,050,24,14,48,334,25*70
$GPGSV,3,2,12,17,47,280,24,21,33,044,22,22,31,317,30,19,24,256,19*72
$GPGSV,3,3,12,03,14,126,15,08,11,055,23,13,10,291,20,06,04,206,*79
$GPRMC,172236.000,A,2632.6785,N,07703.3393,W,0.08,243.35,220324,,,A*71
$GPVTG,243.35,T,,M,0.08,N,0.1,K,A*07
$GPGGA,172241.000,2632.6786,N,07703.3387,W,1,08,1.2,-7.5,M,-33.0,M,,0000*42
$GPGSA,A,3,14,02,21,13,30,08,22,07,,,,,2.0,1.2,1.6*3E
$GPGSV,3,1,12,30,66,259,25,07,55,184,27,02,50,050,25,14,48,334,25*72
$GPGSV,3,2,12,17,47,280,23,21,33,044,22,22,31,317,30,19,24,256,20*7F
$GPGSV,3,3,12,03,14,126,15,08,11,055,22,13,10,291,20,06,04,206,*78
$GPRMC,172241.000,A,2632.6786,N,07703.3387,W,0.34,209.08,220324,,,A*78
$GPVTG,209.08,T,,M,0.34,N,0.6,K,A*0F
$GPGGA,172246.000,2632.6793,N,07703.3401,W,1,08,1.2,-4.3,M,-33.0,M,,0000*4D
$GPGSA,A,3,14,02,21,13,30,08,22,07,,,,,2.0,1.2,1.6*3E
$GPGSV,3,1,12,30,66,259,25,07,55,184,27,02,50,050,26,14,48,334,25*71
$GPGSV,3,2,12,17,47,280,24,21,33,044,22,22,31,317,30,19,24,256,20*78
$GPGSV,3,3,12,03,14,126,15,08,11,055,22,13,10,291,21,06,04,206,*79
$GPRMC,172246.000,A,2632.6793,N,07703.3401,W,0.33,243.63,220324,,,A*76
$GPVTG,243.63,T,,M,0.33,N,0.6,K,A*0B
$GPGGA,172251.000,2632.6794,N,07703.3409,W,1,08,1.2,-1.7,M,-33.0,M,,0000*45
$GPGSA,A,3,14,02,21,13,30,08,22,07,,,,,2.0,1.2,1.6*3E
$GPGSV,3,1,12,30,66,259,25,07,55,184,27,02,50,050,26,14,48,334,25*71
$GPGSV,3,2,12,17,47,280,24,21,33,044,22,22,31,317,30,19,24,256,20*78
$GPGSV,3,3,12,03,14,126,14,08,11,055,22,13,10,291,21,06,04,206,*78
$GPRMC,172251.000,A,2632.6794,N,07703.3409,W,0.48,233.44,220324,,,A*71
$GPVTG,233.44,T,,M,0.48,N,0.9,K,A*0A
$GPGGA,172256.000,2632.6789,N,07703.3413,W,1,08,1.2,-0.8,M,-33.0,M,,0000*4B
$GPGSA,A,3,14,02,21,13,30,08,22,07,,,,,2.0,1.2,1.6*3E
$GPGSV,3,1,12,30,66,259,25,07,55,184,28,02,50,050,26,14,48,334,25*7E
$GPGSV,3,2,12,17,47,280,24,21,33,044,23,22,31,317,30,19,24,256,19*73
$GPGSV,3,3,12,03,14,126,14,08,11,055,21,13,10,291,21,06,04,206,*7B
$GPRMC,172256.000,A,2632.6789,N,07703.3413,W,0.10,146.91,220324,,,A*75
$GPVTG,146.91,T,,M,0.10,N,0.2,K,A*05
$GPGGA,172301.000,2632.6786,N,07703.3416,W,1,08,1.2,0.7,M,-33.0,M,,0000*60
$GPGSA,A,3,14,02,21,13,30,08,22,07,,,,,2.0,1.2,1.6*3E
$GPGSV,3,1,12,30,66,259,25,07,55,184,28,02,50,050,26,14,48,334,25*7E
$GPGSV,3,2,12,17,47,280,25,21,33,044,23,22,31,317,30,19,24,256,19*72
$GPGSV,3,3,12,03,14,126,,08,11,055,21,13,10,291,20,06,04,206,*7F
$GPRMC,172301.000,A,2632.6786,N,07703.3416,W,0.25,236.03,220324,,,A*75
$GPVTG,236.03,T,,M,0.25,N,0.5,K,A*0B
$GPGGA,172306.000,2632.6782,N,07703.3411,W,1,08,1.2,-4.2,M,-33.0,M,,0000*48
$GPGSA,A,3,14,02,21,13,30,08,22,07,,,,,2.0,1.2,1.6*3E
$GPGSV,3,1,12,30,66,259,25,07,55,184,28,02,50,050,27,14,48,334,24*7E
$GPGSV,3,2,12,17,47,280,25,21,33,044,24,22,31,317,30,19,24,256,19*75
$GPGSV,3,3,12,03,14,126,,08,11,055,21,13,10,291,20,06,04,206,*7F
$GPVTG,137.31,T,,M,0.16,N,0.3,K,A*0E
$GPGGA,172311.000,2632.6772,N,07703.3400,W,1,08,1.2,-13.9,M,-33.0,M,,0000*7C
$GPGSA,A,3,14,02,21,13,30,08,22,07,,,,,2.0,1.2,1.6*3E
$GPGSV,3,1,12,30,66,259,25,07,55,184,28,02,50,050,27,14,48,334,24*7E
$GPGSV,3,2,12,17,47,280,25,21,33,044,24,22,31,317,30,19,24,256,19*75
$GPGSV,3,3,12,03,14,126,,08,11,055,21,13,10,291,20,06,04,206,*7F
$GPRMC,172311.000,A,2632.6772,N,07703.3400,W,0.35,171.09,220324,,,A*73
$GPVTG,171.09,T,,M,0.35,N,0.7,K,A*02
$GPGGA,172316.000,2632.6766,N,07703.3397,W,1,08,1.2,-17.6,M,-33.0,M,,0000*7C
$GPGSA,A,3,14,02,21,13,30,08,22,07,,,,,2.0,1.2,1.6*3E
$GPGSV,3,1,12,30,66,259,25,07,55,184,28,02,50,050,26,14,48,334,24*7F
$GPGSV,3,2,12,17,47,280,25,21,33,044,24,22,31,317,30,19,24,256,20*7F
$GPGSV,3,3,12,03,14,126,,08,11,055,21,13,10,291,18,06,04,206,*74
$GPRMC,172316.000,A,2632.6766,N,07703.3397,W,0.51,180.14,220324,,,A*78
$GPVTG,180.14,T,,M,0.51,N,0.9,K,A*0C
$GPGGA,172321.000,2632.6763,N,07703.3392,W,1,08,1.2,-20.1,M,-33.0,M,,0000*7B
$GPGSA,A,3,14,02,21,13,30,08,22,07,,,,,2.0,1.2,1.6*3E
$GPGSV,3,1,12,30,66,259,25,07,55,184,28,02,50,050,26,14,48,334,24*7F
$GPGSV,3,2,12,17,47,280,25,21,33,044,24,22,31,317,30,19,24,256,19*75
$GPGSV,3,3,12,03,14,126,,08,11,055,21,13,10,291,18,06,04,206,*74
$GPRMC,172321.000,A,2632.6763,N,07703.3392,W,0.36,123.71,220324,,,A*77
$GPVTG,123.71,T,,M,0.36,N,0.7,K,A*09
$GPGGA,172326.000,2632.6760,N,07703.3387,W,1,08,1.2,-21.8,M,-33.0,M,,0000*73
$GPGSA,A,3,14,02,21,13,30,08,22,07,,,,,2.0,1.2,1.6*3E
$GPGSV,3,1,12,30,66,259,25,07,55,184,28,02,50,050,26,14,48,334,24*7F
$GPGSV,3,2,12,17,47,280,,21,33,044,24,22,31,317,30,19,24,256,20*78
$GPGSV,3,3,12,03,14,126,,08,11,055,21,13,10,291,17,06,04,206,*7B
$GPRMC,172326.000,A,2632.6760,N,07703.3387,W,0.26,144.19,220324,,,A*79
$GPVTG,144.19,T,,M,0.26,N,0.5,K,A*05
$GPGGA,172331.000,2632.6781,N,07703.3393,W,1,08,1.2,-13.6,M,-33.0,M,,0000*70
$GPGSA,A,3,14,02,21,13,30,08,22,07,,,,,2.0,1.2,1.6*3E
$GPGSV,3,1,12,30,66,259,25,07,55,184,29,02,50,050,26,14,48,334,25*7F
$GPGSV,3,2,12,17,47,280,26,21,33,044,25,22,31,317,30,19,24,256,20*7D
$GPGSV,3,3,12,03,14,126,,08,11,055,20,13,10,291,17,06,04,206,*7A
$GPRMC,172331.000,A,2632.6781,N,07703.3393,W,0.47,73.37,220324,,,A*4B
$GPVTG,73.37,T,,M,0.47,N,0.9,K,A*37
$GPGGA,172336.000,2632.6794,N,07703.3401,W,1,08,1.2,-4.9,M,-33.0,M,,0000*46
$GPGSA,A,3,14,02,21,13,30,08,22,07,,,,,2.0,1.2,1.6*3E
$GPGSV,3,1,12,30,66,259,25,07,55,184,29,02,50,050,26,14,48,334,25*7F
$GPGSV,3,2,12,17,47,280,26,21,33,044,25,22,31,317,30,19,24,256,20*7D
$GPGSV,3,3,12,03,14,126,,08,11,055,20,13,10,291,18,06,04,206,*75
$GPRMC,172336.000,A,2632.6794,N,07703.3401,W,0.43,277.84,220324,,,A*7E
$GPVTG,277.84,T,,M,0.43,N,0.8,K,A*0C
$GPGGA,172341.000,2632.6803,N,07703.3413,W,1,08,1.2,3.8,M,-33.0,M,,0000*6F
$GPGSA,A,3,14,02,21,13,30,08,22,07,,,,,2.0,1.2,1.6*3E
$GPGSV,3,1,12,30,66,259,25,07,55,184,29,02,50,050,25,14,48,334,25*7C
$GPGSV,3,2,12,17,47,280,26,21,33,044,25,22,31,317,30,19,24,256,20*7D
$GPGSV,3,3,12,03,14,126,,08,11,055,20,13,10,291,18,06,04,206,*75
$GPVTG,336.84,T,,M,0.27,N,0.5,K,A*07
$GPGGA,172346.000,2632.6805,N,07703.3417,W,1,08,1.2,7.0,M,-33.0,M,,0000*66
$GPGSA,A,3,14,02,21,13,30,08,22,07,,,,,2.0,1.2,1.6*3E
$GPGSV,3,1,12,30,66,259,25,07,55,184,29,02,50,050,25,14,48,334,25*7C
$GPGSV,3,2,12,17,47,280,26,21,33,044,26,22,31,317,29,19,24,256,20*76
$GPGSV,3,3,12,03,14,126,,08,11,055,19,13,10,291,18,06,04,206,*7F
$GPRMC,172346.000,A,2632.6805,N,07703.3417,W,0.30,42.36,220324,,,A*40
$GPVTG,42.36,T,,M,0.30,N,0.6,K,A*3B
$GPGGA,172351.000,2632.6795,N,07703.3404,W,1,08,1.2,-1.6,M,-33.0,M,,0000*49
$GPGSA,A,3,14,02,21,13,30,08,22,07,,,,,2.0,1.2,1.6*3E
$GPGSV,3,1,12,30,66,259,26,07,55,184,29,02,50,050,25,14,48,334,25*7F
$GPGSV,3,2,12,17,47,280,26,21,33,044,26,22,31,317,29,19,24,256,20*76
$GPGSV,3,3,12,03,14,126,,08,11,055,19,13,10,291,18,06,04,206,*7F
$GPRMC,172351.000,A,2632.6795,N,07703.3404,W,0.40,240.31,220324,,,A*72
$GPVTG,240.31,T,,M,0.40,N,0.7,K,A*0A
$GPGGA,172356.000,2632.6785,N,07703.3396,W,1,08,1.2,-7.6,M,-33.0,M,,0000*45
$GPGSA,A,3,14,02,21,13,30,08,22,07,,,,,2.0,1.2,1.6*3E
$GPGSV,3,1,12,30,66,259,26,07,55,184,29,02,50,050,25,14,48,334,25*7F
$GPGSV,3,2,12,17,47,280,26,21,33,044,26,22,31,317,29,19,24,256,20*76
$GPGSV,3,3,12,03,14,126,,08,11,055,20,13,10,291,18,06,04,206,*75
$GPRMC,172356.000,A,2632.6785,N,07703.3396,W,0.75,105.33,220324,,,A*7E
$GPVTG,105.33,T,,M,0.75,N,1.4,K,A*0E
$GPGGA,172401.000,2632.6778,N,07703.3392,W,1,08,1.2,-11.4,M,-33.0,M,,0000*73
$GPGSA,A,3,14,02,21,13,30,08,22,07,,,,,2.0,1.2,1.6*3E
$GPGSV,3,1,12,30,66,259,26,07,55,184,29,02,50,050,24,14,48,334,25*7E
$GPGSV,3,2,12,17,47,280,26,21,33,044,26,22,31,317,29,19,24,256,21*77
$GPGSV,3,3,12,03,14,126,,08,11,055,20,13,10,291,19,06,04,206,*74
$GPRMC,172401.000,A,2632.6778,N,07703.3392,W,0.50,238.02,220324,,,A*75
$GPVTG,238.02,T,,M,0.50,N,0.9,K,A*0A
$GPGGA,172406.000,2632.6772,N,07703.3392,W,1,08,1.2,-14.8,M,-33.0,M,,0000*77
$GPGSA,A,3,14,02,21,13,30,08,22,07,,,,,2.0,1.2,1.5*3D
$GPGSV,3,1,12,30,66,259,25,07,55,184,29,02,50,050,24,14,48,334,25*7D
$GPGSV,3,2,12,17,47,280,26,21,33,044,27,22,31,317,29,19,24,256,21*76
$GPGSV,3,3,12,03,14,126,,08,11,055,21,13,10,291,19,06,04,206,*75
$GPRMC,172406.000,A,2632.6772,N,07703.3392,W,0.37,185.65,220324,,,A*7D
$GPVTG,185.65,T,,M,0.37,N,0.7,K,A*01
$GPGGA,172411.000,2632.6785,N,07703.3397,W,1,08,1.2,-7.6,M,-33.0,M,,0000*40
$GPGSA,A,3,14,02,21,13,30,08,22,07,,,,,2.0,1.2,1.5*3D
$GPGSV,3,1,12,30,66,259,18,07,55,184,29,02,50,050,24,14,48,334,25*73
$GPGSV,3,2,12,17,47,280,25,21,33,044,27,22,31,317,28,19,24,256,21*74
$GPGSV,3,3,12,03,14,126,,08,11,055,21,13,10,291,18,06,04,206,*74
$GPRMC,172411.000,A,2632.6785,N,07703.3397,W,0.16,290.70,220324,,,A*76
$GPVTG,290.70,T,,M,0.16,N,0.3,K,A*05
$GPGGA,172416.000,2632.6796,N,07703.3406,W,1,08,1.2,-0.1,M,-33.0,M,,0000*4A
$GPGSA,A,3,14,02,21,13,30,08,22,07,,,,,2.0,1.2,1.5*3D
$GPGSV,3,1,12,30,66,259,17,07,55,184,29,02,50,050,24,14,48,334,25*7C
$GPGSV,3,2,12,17,47,280,24,21,33,044,27,22,31,317,27,19,24,256,22*79
$GPGSV,3,3,12,03,14,126,,08,11,055,21,13,10,291,18,06,04,206,*74
$GPVTG,287.50,T,,M,0.27,N,0.5,K,A*05
$GPGGA,172421.000,2632.6809,N,07703.3411,W,1,08,1.2,10.1,M,-33.0,M,,0000*5D
$GPGSA,A,3,14,02,21,13,30,08,22,07,,,,,2.0,1.2,1.5*3D
$GPGSV,3,1,12,30,66,259,17,07,55,184,28,02,50,050,24,14,48,334,25*7D
$GPGSV,3,2,12,17,47,280,23,21,33,044,27,22,31,317,27,19,24,256,22*7E
$GPGSV,3,3,12,03,14,126,,08,11,055,21,13,10,291,18,06,04,206,*74
$GPRMC,172421.000,A,2632.6809,N,07703.3411,W,0.51,276.77,220324,,,A*7B
$GPVTG,276.77,T,,M,0.51,N,0.9,K,A*03
$GPGGA,172426.000,2632.6816,N,07703.3410,W,1,08,1.2,18.6,M,-33.0,M,,0000*5A
$GPGSA,A,3,14,02,21,13,30,08,22,07,,,,,2.0,1.2,1.5*3D
$GPGSV,3,1,12,30,66,259,17,07,55,184,28,02,50,050,23,14,48,334,25*7A
$GPGSV,3,2,12,17,47,280,23,21,33,044,27,22,31,317,27,19,24,256,22*7E
$GPGSV,3,3,12,03,14,126,,08,11,055,22,13,10,291,17,06,04,206,*78
$GPRMC,172426.000,A,2632.6816,N,07703.3410,W,0.23,72.59,220324,,,A*4C
$GPVTG,72.59,T,,M,0.23,N,0.4,K,A*31
$GPGGA,172431.000,2632.6823,N,07703.3414,W,1,08,1.2,23.0,M,-33.0,M,,0000*50
$GPGSA,A,3,14,02,21,13,30,08,22,07,,,,,2.0,1.2,1.5*3D
$GPGSV,3,1,12,30,66,259,18,07,55,184,28,02,50,050,23,14,48,334,26*76
$GPGSV,3,2,12,17,47,280,22,21,33,044,27,22,31,317,27,19,24,256,22*7F
$GPGSV,3,3,12,03,14,126,,08,11,055,21,13,10,291,17,06,04,206,*7B
$GPRMC,172431.000,A,2632.6823,N,07703.3414,W,0.49,293.30,220324,,,A*76
$GPVTG,293.30,T,,M,0.49,N,0.9,K,A*02
$GPGGA,172436.000,2632.6821,N,07703.3416,W,1,08,1.2,25.9,M,-33.0,M,,0000*58
$GPGSA,A,3,14,02,21,13,30,08,22,07,,,,,2.0,1.2,1.5*3D
$GPGSV,3,1,12,30,66,259,18,07,55,184,28,02,50,050,23,14,48,334,26*76
$GPGSV,3,2,12,17,47,280,19,21,33,044,27,22,31,317,26,19,24,256,23*77
$GPGSV,3,3,12,03,14,126,,08,11,055,21,13,10,291,18,06,04,206,*74
$GPRMC,172436.000,A,2632.6821,N,07703.3416,W,0.31,249.37,220324,,,A*7E
$GPVTG,249.37,T,,M,0.31,N,0.6,K,A*02
$GPGGA,172441.000,2632.6820,N,07703.3416,W,1,08,1.2,24.5,M,-33.0,M,,0000*54
$GPGSA,A,3,14,02,21,13,30,08,22,07,,,,,2.0,1.2,1.5*3D
$GPGSV,3,1,12,30,66,255,18,07,54,184,27,14,49,335,27,02,49,049,23*75
$GPGSV,3,2,12,17,48,282,19,21,32,043,27,22,32,318,27,19,24,258,24*78
$GPGSV,3,3,12,03,14,124,,13,10,289,18,08,10,056,21,06,06,206,*7F
$GPRMC,172441.000,A,2632.6820,N,07703.3416,W,0.10,7.67,220324,,,A*71
$GPVTG,7.67,T,,M,0.10,N,0.2,K,A*08
$GPGGA,172446.000,2632.6820,N,07703.3410,W,1,08,1.2,23.9,M,-33.0,M,,0000*5E
$GPGSA,A,3,14,02,21,13,30,08,22,07,,,,,2.0,1.2,1.5*3D
$GPGSV,3,1,12,30,66,255,16,07,54,184,27,14,49,335,27,02,49,049,23*7B
$GPGSV,3,2,12,17,48,282,19,21,32,043,26,22,32,318,27,19,24,258,24*79
$GPRMC,172446.000,A,2632.6820,N,07703.3410,W,0.85,84.31,220324,,,A*44
$GPVTG,84.31,T,,M,0.85,N,1.6,K,A*39
$GPGGA,172451.000,2632.6816,N,07703.3412,W,1,08,1.2,25.2,M,-33.0,M,,0000*52
$GPGSA,A,3,14,02,21,13,30,08,22,07,,,,,2.0,1.2,1.5*3D
$GPGSV,3,1,12,30,66,255,15,07,54,184,27,14,49,335,27,02,49,049,22*79
$GPGSV,3,2,12,17,48,282,19,21,32,043,26,22,32,318,27,19,24,258,24*79
$GPGSV,3,3,12,03,14,124,,13,10,289,18,08,10,056,21,06,06,206,*7F
$GPRMC,172451.000,A,2632.6816,N,07703.3412,W,0.61,82.17,220324,,,A*4D
$GPGGA,172456.000,2632.6810,N,07703.3411,W,1,08,1.2,24.1,M,-33.0,M,,0000*52
$GPGSA,A,3,14,02,21,13,30,08,22,07,,,,,2.0,1.2,1.5*3D
$GPGSV,3,1,12,30,66,255,15,07,54,184,26,14,49,335,28,02,49,049,22*77
$GPGSV,3,2,12,17,48,282,20,21,32,043,26,22,32,318,27,19,24,258,23*74
$GPGSV,3,3,12,03,14,124,,13,10,289,19,08,10,056,21,06,06,206,*7E
$GPRMC,172456.000,A,2632.6810,N,07703.3411,W,0.21,92.89,220324,,,A*4D
$GPVTG,92.89,T,,M,0.21,N,0.4,K,A*30
$GPGGA,172501.000,2632.6805,N,07703.3406,W,1,08,1.2,20.1,M,-33.0,M,,0000*57
$GPGSA,A,3,14,02,21,13,30,08,22,07,,,,,2.0,1.2,1.5*3D
$GPGSV,3,1,12,30,66,255,14,07,54,184,26,14,49,335,28,02,49,049,22*76
$GPGSV,3,2,12,17,48,282,21,21,32,043,26,22,32,318,28,19,24,258,23*7A
$GPGSV,3,3,12,03,14,124,,13,10,289,19,08,10,056,22,06,06,206,*7D
$GPRMC,172501.000,A,2632.6805,N,07703.3406,W,0.17,219.04,220324,,,A*7D
$GPVTG,219.04,T,,M,0.17,N,0.3,K,A*06
$GPGGA,172506.000,2632.6807,N,07703.3404,W,1,08,1.2,17.0,M,-33.0,M,,0000*55
$GPGSA,A,3,14,02,21,13,30,08,22,07,,,,,1.9,1.2,1.5*37
$GPGSV,3,1,12,30,66,255,15,07,54,184,26,14,49,335,28,02,49,049,22*77
$GPGSV,3,2,12,17,48,282,22,21,32,043,26,22,32,318,28,19,24,258,22*78
$GPGSV,3,3,12,03,14,124,,13,10,289,19,08,10,056,21,06,06,206,*7E
$GPRMC,172506.000,A,2632.6807,N,07703.3404,W,0.47,113.75,220324,,,A*70
$GPVTG,113.75,T,,M,0.47,N,0.9,K,A*06
$GPGGA,172511.000,2632.6812,N,07703.3402,W,1,08,1.2,13.3,M,-33.0,M,,0000*56
$GPGSA,A,3,14,02,21,13,30,08,22,07,,,,,1.9,1.2,1.5*37
$GPGSV,3,1,12,30,66,255,16,07,54,184,25,14,49,335,28,02,49,049,22*77
$GPGSV,3,2,12,17,48,282,23,21,32,043,25,22,32,318,28,19,24,258,22*7A
$GPGSV,3,3,12,03,14,124,,13,10,289,19,08,10,056,21,06,06,206,*7E
$GPRMC,172511.000,A,2632.6812,N,07703.3402,W,0.33,157.59,220324,,,A*79
$GPVTG,157.59,T,,M,0.33,N,0.6,K,A*04
$GPGGA,172516.000,2632.6795,N,07703.3418,W,1,08,1.2,12.2,M,-33.0,M,,0000*5A
$GPGSA,A,3,14,02,21,13,30,08,22,07,,,,,1.9,1.2,1.5*37
$GPGSV,3,1,12,30,66,255,17,07,54,184,24,14,49,335,29,02,49,049,22*76
$GPGSV,3,2,12,17,48,282,24,21,32,043,25,22,32,318,28,19,24,258,21*7E
$GPGSV,3,3,12,03,14,124,,13,10,289,19,08,10,056,21,06,06,206,*7E
$GPRMC,172516.000,A,2632.6795,N,07703.3418,W,0.84,169.58,220324,,,A*75
$GPVTG,169.58,T,,M,0.84,N,1.6,K,A*05
$GPGGA,172521.000,2632.6792,N,07703.3422,W,1,08,1.2,7.9,M,-33.0,M,,0000*6F
$GPGSA,A,3,14,02,21,13,30,08,22,07,,,,,1.9,1.2,1.5*37
$GPGSV,3,1,12,30,66,255,17,07,54,184,21,14,49,335,28,02,49,049,22*72
$GPGSV,3,2,12,17,48,282,24,21,32,043,25,22,32,318,27,19,24,258,22*72
$GPGSV,3,3,12,03,14,124,,13,10,289,19,08,10,056,21,06,06,206,*7E
$GPVTG,309.58,T,,M,0.23,N,0.4,K,A*0F
$GPGGA,172526.000,2632.6791,N,07703.3417,W,1,08,1.2,3.8,M,-33.0,M,,0000*68
$GPGSA,A,3,14,02,21,13,30,08,22,07,,,,,1.9,1.2,1.5*37
$GPGSV,3,1,12,30,66,255,18,07,54,184,20,14,49,335,29,02,49,049,22*7D
$GPGSV,3,2,12,17,48,282,24,21,32,043,25,22,32,318,28,19,24,258,22*7D
$GPGSV,3,3,12,03,14,124,,13,10,289,19,08,10,056,21,06,06,206,*7E
$GPRMC,172526.000,A,2632.6791,N,07703.3417,W,0.86,142.70,220324,,,A*7C
$GPVTG,142.70,T,,M,0.86,N,1.6,K,A*04
$GPGGA,172531.000,2632.6791,N,07703.3418,W,1,08,1.2,1.8,M,-33.0,M,,0000*63
$GPGSA,A,3,14,02,21,13,30,08,22,07,,,,,1.9,1.2,1.5*37
$GPGSV,3,1,12,30,66,255,20,07,54,184,21,14,49,335,29,02,49,049,23*76
$GPGSV,3,2,12,17,48,282,24,21,32,043,25,22,32,318,28,19,24,258,21*7E
$GPGSV,3,3,12,03,14,124,,13,10,289,19,08,10,056,21,06,06,206,*7E
$GPRMC,172531.000,A,2632.6791,N,07703.3418,W,1.28,181.00,220324,,,A*78
$GPVTG,181.00,T,,M,1.28,N,2.4,K,A*08
$GPGGA,172536.000,2632.6790,N,07703.3419,W,1,08,1.2,-0.2,M,-33.0,M,,0000*42
$GPGSA,A,3,14,02,21,13,30,08,22,07,,,,,1.9,1.2,1.5*37
$GPGSV,3,1,12,30,66,255,20,07,54,184,20,14,49,335,29,02,49,049,23*77
$GPGSV,3,2,12,17,48,282,24,21,32,043,25,22,32,318,28,19,24,258,21*7E
$GPGSV,3,3,12,03,14,124,,13,10,289,20,08,10,056,20,06,06,206,*75
$GPRMC,172536.000,A,2632.6790,N,07703.3419,W,0.43,291.49,220324,,,A*7C
$GPVTG,291.49,T,,M,0.43,N,0.8,K,A*05
$GPGGA,172541.000,2632.6802,N,07703.3419,W,1,08,1.2,1.3,M,-33.0,M,,0000*6B
$GPGSA,A,3,14,02,21,13,30,08,22,07,,,,,1.9,1.2,1.5*37
$GPGSV,3,1,12,30,66,255,20,07,54,184,21,14,49,335,29,02,49,049,24*71
$GPGSV,3,2,12,17,48,282,23,21,32,043,25,22,32,318,28,19,24,258,22*7A
$GPGSV,3,3,12,03,14,124,,13,10,289,20,08,10,056,20,06,06,206,*75
$GPRMC,172541.000,A,2632.6802,N,07703.3419,W,1.03,173.21,220324,,,A*7C
$GPVTG,173.21,T,,M,1.03,N,1.9,K,A*01
$GPGGA,172546.000,2632.6797,N,07703.3422,W,1,08,1.2,2.7,M,-33.0,M,,0000*60
$GPGSA,A,3,14,02,21,13,30,08,22,07,,,,,1.9,1.2,1.5*37
$GPGSV,3,1,12,30,66,254,21,07,53,183,21,14,49,336,29,02,48,048,23*75
$GPGSV,3,2,12,17,48,283,23,22,32,319,28,21,32,043,26,19,25,258,22*78
$GPGSV,3,3,12,03,15,124,,13,10,289,22,08,10,056,20,06,06,206,*76
$GPRMC,172546.000,A,2632.6797,N,07703.3422,W,0.41,66.06,220324,,,A*47
$GPVTG,66.06,T,,M,0.41,N,0.8,K,A*36
$GPGGA,172551.000,2632.6797,N,07703.3424,W,1,08,1.2,3.5,M,-33.0,M,,0000*63
$GPGSA,A,3,14,02,21,13,30,08,22,07,,,,,1.9,1.2,1.5*37
$GPGSV,3,1,12,30,66,254,20,07,53,183,22,14,49,336,30,02,48,048,24*78
$GPGSV,3,2,12,17,48,283,23,22,32,319,28,21,32,043,26,19,25,258,23*79
$GPRMC,172551.000,A,2632.6797,N,07703.3424,W,0.61,53.10,220324,,,A*44
$GPVTG,53.10,T,,M,0.61,N,1.1,K,A*3D
$GPGGA,172556.000,2632.6802,N,07703.3423,W,1,08,1.2,4.1,M,-33.0,M,,0000*63
$GPGSA,A,3,14,02,21,13,30,08,22,07,,,,,1.9,1.2,1.5*37
$GPGSV,3,1,12,30,66,254,19,07,53,183,23,14,49,336,30,02,48,048,23*74
$GPGSV,3,2,12,17,48,283,24,22,32,319,28,21,32,043,26,19,25,258,24*79
$GPGSV,3,3,12,03,15,124,,13,10,289,23,08,10,056,20,06,06,206,*77
$GPRMC,172556.000,A,2632.6802,N,07703.3423,W,0.46,55.98,220324,,,A*44
$GPGGA,172601.000,2632.6803,N,07703.3420,W,1,08,1.2,5.0,M,-33.0,M,,0000*60
$GPGSA,A,3,14,02,21,13,30,08,22,07,,,,,1.9,1.2,1.5*37
$GPGSV,3,1,12,30,66,254,18,07,53,183,23,14,49,336,30,02,48,048,23*75
$GPGSV,3,2,12,17,48,283,24,22,32,319,28,21,32,043,26,19,25,258,25*78
$GPGSV,3,3,12,03,15,124,,13,10,289,23,08,10,056,19,06,06,206,*7D
$GPRMC,172601.000,A,2632.6803,N,07703.3420,W,0.26,177.86,220324,,,A*7F
$GPVTG,177.86,T,,M,0.26,N,0.5,K,A*03
$GPGGA,172606.000,2632.6803,N,07703.3418,W,1,08,1.2,6.5,M,-33.0,M,,0000*6A
$GPGSA,A,3,14,02,21,13,30,08,22,07,,,,,1.9,1.2,1.5*37
$GPGSV,3,1,12,30,66,254,19,07,53,183,22,14,49,336,30,02,48,048,22*74
$GPGSV,3,2,12,17,48,283,23,22,32,319,27,21,32,043,25,19,25,258,24*72
$GPGSV,3,3,12,03,15,124,,13,10,289,23,08,10,056,20,06,06,206,*77
$GPRMC,172606.000,A,2632.6803,N,07703.3418,W,1.11,25.74,220324,,,A*4D
$GPVTG,25.74,T,,M,1.11,N,2.1,K,A*3B
$GPGGA,172611.000,2632.6799,N,07703.3415,W,1,08,1.2,7.4,M,-33.0,M,,0000*6D
$GPGSA,A,3,14,02,21,13,30,08,22,07,,,,,1.9,1.2,1.5*37
$GPGSV,3,1,12,30,66,254,24,07,53,183,17,14,49,336,30,02,48,048,21*7F
$GPGSV,3,2,12,17,48,283,24,22,32,319,28,21,32,043,26,19,25,258,25*78
$GPGSV,3,3,12,03,15,124,,13,10,289,24,08,10,056,19,06,06,206,*7A
$GPRMC,172611.000,A,2632.6799,N,07703.3415,W,1.03,168.16,220324,,,A*75
$GPVTG,168.16,T,,M,1.03,N,1.9,K,A*0F
$GPGGA,172616.000,2632.6794,N,07703.3409,W,1,08,1.2,7.9,M,-33.0,M,,0000*67
$GPGSA,A,3,14,02,21,13,30,08,22,07,,,,,1.9,1.2,1.5*37
$GPGSV,3,1,12,30,66,254,24,07,53,183,16,14,49,336,30,02,48,048,20*7F
$GPGSV,3,2,12,17,48,283,24,22,32,319,28,21,32,043,25,19,25,258,26*78
$GPGSV,3,3,12,03,15,124,,13,10,289,25,08,10,056,18,06,06,206,*7A
$GPRMC,172616.000,A,2632.6794,N,07703.3409,W,0.31,346.88,220324,,,A*7B
$GPVTG,346.88,T,,M,0.31,N,0.6,K,A*08
$GPGGA,172621.000,2632.6801,N,07703.3416,W,1,07,1.4,9.8,M,-33.0,M,,0000*68
$GPGSA,A,3,14,02,21,13,30,22,07,,,,,,2.5,1.4,2.1*31
$GPGSV,3,1,12,30,66,254,24,07,53,183,17,14,49,336,30,02,48,048,21*7F
$GPGSV,3,2,12,17,48,283,24,22,32,319,27,21,32,043,25,19,25,258,27*76
$GPGSV,3,3,12,03,15,124,,13,10,289,24,08,10,056,,06,06,206,*72
$GPRMC,172621.000,A,2632.6801,N,07703.3416,W,0.53,34.34,220324,,,A*47
$GPVTG,34.34,T,,M,0.53,N,1.0,K,A*3A
$GPGGA,172626.000,2632.6814,N,07703.3410,W,1,08,1.2,11.8,M,-33.0,M,,0000*5D
$GPGSA,A,3,14,02,21,13,30,08,22,07,,,,,1.9,1.2,1.5*37
$GPGSV,3,1,12,30,66,254,15,07,53,183,27,14,49,336,30,02,48,048,28*77
$GPGSV,3,2,12,17,48,283,19,22,32,319,27,21,32,043,18,19,25,258,27*76
$GPGSV,3,3,12,03,15,124,,13,10,289,18,08,10,056,19,06,06,206,*75
$GPVTG,230.59,T,,M,0.06,N,0.1,K,A*07
$GPGGA,172631.000,2632.6806,N,07703.3412,W,1,08,1.2,13.1,M,-33.0,M,,0000*51
$GPGSA,A,3,14,02,21,13,30,08,22,07,,,,,1.9,1.2,1.5*37
$GPGSV,3,1,12,30,66,254,24,07,53,183,15,14,49,336,30,02,48,048,20*7C
$GPGSV,3,2,12,17,48,283,21,22,32,319,27,21,32,043,25,19,25,258,25*71
$GPGSV,3,3,12,03,15,124,,13,10,289,27,08,10,056,19,06,06,206,*79
$GPRMC,172631.000,A,2632.6806,N,07703.3412,W,1.02,166.74,220324,,,A*72
$GPVTG,166.74,T,,M,1.02,N,1.9,K,A*04
$GPGGA,172636.000,2632.6800,N,07703.3411,W,1,07,1.9,13.4,M,-33.0,M,,0000*52
$GPGSA,A,3,14,02,21,13,30,08,22,,,,,,2.4,1.9,1.5*35
$GPGSV,3,1,12,30,66,254,24,07,53,183,16,14,49,336,30,02,48,048,19*75
$GPGSV,3,2,12,17,48,283,23,22,32,319,27,21,32,043,25,19,25,258,26*70
$GPGSV,3,3,12,03,15,124,,13,10,289,26,08,10,056,13,06,06,206,*72
$GPRMC,172636.000,A,2632.6800,N,07703.3411,W,1.78,163.00,220324,,,A*7B
$GPVTG,163.00,T,,M,1.78,N,3.3,K,A*07
$GPGGA,172641.000,2632.6815,N,07703.3405,W,1,08,1.2,14.3,M,-33.0,M,,0000*57
$GPGSA,A,3,14,02,21,13,30,08,22,07,,,,,1.9,1.2,1.5*37
$GPGSV,3,1,12,30,66,254,23,07,53,183,17,14,49,336,30,02,48,048,14*7E
$GPGSV,3,2,12,17,48,283,23,22,32,319,28,21,32,043,25,19,25,258,26*7F
$GPGSV,3,3,12,03,15,124,,13,10,289,27,08,10,056,12,06,06,206,*72
$GPRMC,172641.000,A,2632.6815,N,07703.3405,W,0.95,1.15,220324,,,A*79
$GPVTG,1.15,T,,M,0.95,N,1.8,K,A*0D
$GPGGA,172646.000,2632.6816,N,07703.3404,W,1,07,1.3,15.9,M,-33.0,M,,0000*57
$GPGSA,A,3,14,02,21,13,30,22,07,,,,,,2.5,1.3,2.1*36
$GPGSV,3,1,12,30,66,254,23,07,53,183,18,14,49,336,29,02,48,048,15*78
$GPGSV,3,2,12,17,48,283,23,22,32,319,27,21,32,043,25,19,25,258,26*70
$GPGSV,3,3,12,03,15,124,,13,10,289,27,08,10,056,,06,06,206,*71
$GPRMC,172646.000,A,2632.6816,N,07703.3404,W,0.76,192.11,220324,,,A*7E
$GPVTG,192.11,T,,M,0.76,N,1.4,K,A*03
$GPGGA,172651.000,2632.6812,N,07703.3409,W,1,07,1.3,19.3,M,-33.0,M,,0000*5E
$GPGSA,A,3,14,02,21,13,30,22,07,,,,,,2.5,1.3,2.1*36
$GPGSV,3,1,12,30,66,254,22,07,53,183,18,14,49,336,29,02,48,048,15*79
$GPGSV,3,2,12,17,48,283,22,22,32,319,27,21,32,043,25,19,25,258,25*72
$GPGSV,3,3,12,03,15,124,,13,10,289,27,08,10,056,,06,06,206,*71
$GPRMC,172651.000,A,2632.6812,N,07703.3409,W,0.54,201.95,220324,,,A*74
$GPVTG,201.95,T,,M,0.54,N,1.0,K,A*02
$GPGGA,172656.000,2632.6796,N,07703.3412,W,1,07,1.3,16.6,M,-33.0,M,,0000*5A
$GPGSA,A,3,14,02,21,13,30,22,07,,,,,,2.5,1.3,2.1*36
$GPGSV,3,1,12,30,66,254,22,07,53,183,19,14,49,336,29,02,48,048,14*79
$GPGSV,3,2,12,17,48,283,18,22,32,319,27,21,32,043,25,19,25,258,25*7B
$GPGSV,3,3,12,03,15,124,,13,10,289,27,08,10,056,,06,06,206,*71
$GPVTG,356.44,T,,M,0.38,N,0.7,K,A*01
$GPGGA,172701.000,2632.6780,N,07703.3404,W,1,07,1.3,12.4,M,-33.0,M,,0000*5F
$GPGSA,A,3,14,02,21,13,30,22,07,,,,,,2.5,1.3,2.1*36
$GPGSV,3,1,12,30,66,254,22,07,53,183,19,14,49,336,29,02,48,048,15*78
$GPGSV,3,2,12,17,48,283,17,22,32,319,27,21,32,043,26,19,25,258,25*77
$GPGSV,3,3,12,03,15,124,,13,10,289,25,08,10,056,,06,06,206,*73
$GPRMC,172701.000,A,2632.6780,N,07703.3404,W,2.04,172.09,220324,,,A*7C
$GPVTG,172.09,T,,M,2.04,N,3.8,K,A*0D
$GPGGA,172706.000,2632.6780,N,07703.3396,W,1,07,1.3,12.2,M,-33.0,M,,0000*52
$GPGSA,A,3,14,02,21,13,30,22,07,,,,,,2.5,1.3,2.1*36
$GPGSV,3,1,12,30,66,254,22,07,53,183,18,14,49,336,29,02,48,048,15*79
$GPGSV,3,2,12,17,48,283,18,22,32,319,28,21,32,043,26,19,25,258,25*77
$GPGSV,3,3,12,03,15,124,,13,10,289,25,08,10,056,,06,06,206,*73
$GPRMC,172706.000,A,2632.6780,N,07703.3396,W,0.63,165.80,220324,,,A*73
$GPVTG,165.80,T,,M,0.63,N,1.2,K,A*01
$GPGGA,172711.000,2632.6782,N,07703.3398,W,1,05,2.2,11.0,M,-33.0,M,,0000*59
$GPGSA,A,3,14,21,13,30,22,,,,,,,,3.1,2.2,2.2*37
$GPGSV,3,1,12,30,66,254,22,07,53,183,18,14,49,336,29,02,48,048,*7D
$GPGSV,3,2,12,17,48,283,18,22,32,319,28,21,32,043,26,19,25,258,26*74
$GPGSV,3,3,12,03,15,124,,13,10,289,25,08,10,056,,06,06,206,*73
$GPRMC,172711.000,A,2632.6782,N,07703.3398,W,0.59,163.91,220324,,,A*76
$GPVTG,163.91,T,,M,0.59,N,1.1,K,A*0D
$GPGGA,172716.000,2632.6819,N,07703.3397,W,1,05,2.2,6.8,M,-33.0,M,,0000*62
$GPGSA,A,3,14,21,13,30,22,,,,,,,,3.1,2.2,2.2*37
$GPGSV,3,1,12,30,66,254,23,07,53,183,,14,49,336,28,02,48,048,15*70
$GPGSV,3,2,12,17,48,283,18,22,32,319,28,21,32,043,26,19,25,258,26*74
$GPGSV,3,3,12,03,15,124,,13,10,289,25,08,10,056,,06,06,206,*73
$GPRMC,172716.000,A,2632.6819,N,07703.3397,W,0.42,35.94,220324,,,A*4E
$GPVTG,35.94,T,,M,0.42,N,0.8,K,A*38
$GPGGA,172721.000,2632.6815,N,07703.3396,W,1,06,2.1,7.9,M,-33.0,M,,0000*6B
$GPGSA,A,3,14,02,21,13,30,22,,,,,,,3.1,2.1,2.2*36
$GPGSV,3,1,12,30,66,254,24,07,53,183,,14,49,336,28,02,48,048,14*76
$GPGSV,3,2,12,17,48,283,17,22,32,319,27,21,32,043,26,19,25,258,27*75
$GPGSV,3,3,12,03,15,124,,13,10,289,25,08,10,056,,06,06,206,*73
$GPRMC,172721.000,A,2632.6815,N,07703.3396,W,0.36,170.02,220324,,,A*7B
$GPVTG,170.02,T,,M,0.36,N,0.7,K,A*0B
$GPGGA,172726.000,2632.6814,N,07703.3412,W,1,06,2.1,10.8,M,-33.0,M,,0000*51
$GPGSA,A,3,14,02,21,13,30,22,,,,,,,3.1,2.1,2.2*36
$GPGSV,3,1,12,30,66,254,24,07,53,183,,14,49,336,28,02,48,048,14*76
$GPGSV,3,2,12,17,48,283,18,22,32,319,27,21,32,043,26,19,25,258,27*7A
$GPRMC,172726.000,A,2632.6814,N,07703.3412,W,0.50,216.79,220324,,,A*79
$GPVTG,216.79,T,,M,0.50,N,0.9,K,A*0A
$GPGGA,172731.000,2632.6780,N,07703.3405,W,1,05,2.2,11.1,M,-33.0,M,,0000*5B
$GPGSA,A,3,14,21,13,30,22,,,,,,,,3.1,2.2,2.2*37
$GPGSV,3,1,12,30,66,254,23,07,53,183,,14,49,336,28,02,48,048,*74
$GPGSV,3,2,12,17,48,283,18,22,32,319,27,21,32,043,26,19,25,258,24*79
$GPGSV,3,3,12,03,15,124,,13,10,289,25,08,10,056,,06,06,206,*73
$GPRMC,172731.000,A,2632.6780,N,07703.3405,W,1.34,170.96,220324,,,A*7A
$GPVTG,170.96,T,,M,1.34,N,2.5,K,A*05
$GPGGA,172736.000,2632.6796,N,07703.3404,W,1,06,1.9,7.3,M,-33.0,M,,0000*64
$GPGSA,A,3,14,08,21,13,30,22,,,,,,,2.5,1.9,1.6*35
$GPGSV,3,1,12,30,66,254,24,07,53,183,,14,49,336,27,02,48,048,*7C
$GPGSV,3,2,12,17,48,283,18,22,32,319,27,21,32,043,26,19,25,258,22*7F
$GPGSV,3,3,12,03,15,124,,13,10,289,25,08,10,056,14,06,06,206,*76
$GPRMC,172736.000,A,2632.6796,N,07703.3404,W,0.14,120.73,220324,,,A*76
$GPVTG,120.73,T,,M,0.14,N,0.3,K,A*0C
$GPGGA,172741.000,2632.6762,N,07703.3392,W,1,08,1.2,5.8,M,-33.0,M,,0000*6B
$GPGSA,A,3,14,08,21,13,30,07,22,02,,,,,1.9,1.2,1.5*37
$GPGSV,3,1,12,30,66,254,23,07,53,183,18,14,49,336,27,02,48,048,20*70
$GPGSV,3,2,12,17,48,283,18,22,32,319,28,21,32,043,25,19,25,258,23*72
$GPGSV,3,3,12,03,15,124,,13,10,289,24,08,10,056,15,06,06,206,*76
$GPRMC,172741.000,A,2632.6762,N,07703.3392,W,0.98,141.05,220324,,,A*77
$GPVTG,141.05,T,,M,0.98,N,1.8,K,A*04
$GPGGA,172746.000,2632.6761,N,07703.3394,W,1,07,1.9,7.0,M,-33.0,M,,0000*67
$GPGSA,A,3,14,08,21,13,30,22,02,,,,,,2.4,1.9,1.5*35
$GPGSV,3,1,12,30,66,254,23,07,53,183,18,14,49,336,27,02,48,048,15*76
$GPGSV,3,2,12,17,48,283,18,22,32,319,28,21,32,043,25,19,25,258,22*73
$GPGSV,3,3,12,03,15,124,,13,10,289,24,08,10,056,16,06,06,206,*75
$GPRMC,172746.000,A,2632.6761,N,07703.3394,W,0.43,170.02,220324,,,A*76
$GPVTG,170.02,T,,M,0.43,N,0.8,K,A*06
$GPGGA,172751.000,2632.6776,N,07703.3391,W,1,08,1.2,6.1,M,-33.0,M,,0000*66
$GPGSA,A,3,14,08,21,13,30,07,22,02,,,,,1.9,1.2,1.5*37
$GPGSV,3,1,12,30,66,254,23,07,53,183,18,14,49,336,27,02,48,048,15*76
$GPGSV,3,2,12,17,48,283,18,22,32,319,27,21,32,043,24,19,25,258,23*7C
$GPGSV,3,3,12,03,15,124,16,13,10,289,24,08,10,056,17,06,06,206,*73
$GPRMC,172751.000,A,2632.6776,N,07703.3391,W,0.47,179.40,220324,,,A*78
$GPVTG,179.40,T,,M,0.47,N,0.9,K,A*0C
$GPGGA,172756.000,2632.6814,N,07703.3391,W,1,07,1.2,7.9,M,-33.0,M,,0000*6C
$GPGSA,A,3,14,08,21,13,30,07,22,,,,,,2.0,1.2,1.6*3C
$GPGSV,3,1,12,30,66,254,23,07,53,183,20,14,49,336,27,02,48,048,*79
$GPGSV,3,2,12,17,48,283,19,22,32,319,27,21,32,043,24,19,25,258,23*7D
$GPGSV,3,3,12,03,15,124,16,13,10,289,23,08,10,056,17,06,06,206,*74
$GPRMC,172756.000,A,2632.6814,N,07703.3391,W,0.90,290.52,220324,,,A*79
$GPVTG,290.52,T,,M,0.90,N,1.7,K,A*0E
$GPGGA,172801.000,2632.6819,N,07703.3382,W,1,07,1.2,11.6,M,-33.0,M,,0000*56
$GPGSA,A,3,14,08,21,13,30,07,22,,,,,,2.0,1.2,1.6*3C
$GPGSV,3,1,12,30,66,254,22,07,53,183,21,14,49,336,27,02,48,048,*79
$GPGSV,3,2,12,17,48,283,19,22,32,319,27,21,32,043,24,19,25,258,23*7D
$GPGSV,3,3,12,03,15,124,16,13,10,289,23,08,10,056,17,06,06,206,*74
$GPVTG,205.41,T,,M,0.37,N,0.7,K,A*0C
$GPGGA,172806.000,2632.6807,N,07703.3375,W,1,07,1.2,11.8,M,-33.0,M,,0000*58
$GPGSA,A,3,14,08,21,13,30,07,22,,,,,,2.0,1.2,1.6*3C
$GPGSV,3,1,12,30,66,254,22,07,53,183,21,14,49,336,28,02,48,048,*76
$GPGSV,3,2,12,17,48,283,18,22,32,319,27,21,32,043,24,19,25,258,23*7C
$GPGSV,3,3,12,03,15,124,16,13,10,289,22,08,10,056,17,06,06,206,*75
$GPRMC,172806.000,A,2632.6807,N,07703.3375,W,1.01,129.97,220324,,,A*7A
$GPVTG,129.97,T,,M,1.01,N,1.9,K,A*01
$GPGGA,172811.000,2632.6805,N,07703.3382,W,1,08,1.2,11.1,M,-33.0,M,,0000*52
$GPGSA,A,3,14,08,21,13,30,07,22,02,,,,,1.9,1.2,1.5*37
$GPGSV,3,1,12,30,66,254,22,07,53,183,21,14,49,336,28,02,48,048,19*7E
$GPGSV,3,2,12,17,48,283,19,22,32,319,26,21,32,043,24,19,25,258,22*7D
$GPGSV,3,3,12,03,15,124,16,13,10,289,22,08,10,056,18,06,06,206,*7A
$GPRMC,172811.000,A,2632.6805,N,07703.3382,W,0.76,276.72,220324,,,A*75
$GPVTG,276.72,T,,M,0.76,N,1.4,K,A*0F
$GPGGA,172816.000,2632.6804,N,07703.3391,W,1,08,1.2,9.6,M,-33.0,M,,0000*68
$GPGSA,A,3,14,08,21,13,30,07,22,02,,,,,1.9,1.2,1.5*37
$GPGSV,3,1,12,30,66,254,22,07,53,183,21,14,49,336,28,02,48,048,19*7E
$GPGSV,3,2,12,17,48,283,19,22,32,319,26,21,32,043,24,19,25,258,21*7E
$GPGSV,3,3,12,03,15,124,16,13,10,289,22,08,10,056,18,06,06,206,*7A
$GPRMC,172816.000,A,2632.6804,N,07703.3391,W,0.72,75.45,220324,,,A*40
$GPVTG,75.45,T,,M,0.72,N,1.3,K,A*39
$GPGGA,172821.000,2632.6809,N,07703.3383,W,1,08,1.2,9.2,M,-33.0,M,,0000*66
$GPGSA,A,3,14,08,21,13,30,07,22,02,,,,,1.9,1.2,1.5*37
$GPGSV,3,1,12,30,66,254,22,07,53,183,22,14,49,336,28,02,48,048,20*77
$GPGSV,3,2,12,17,48,283,20,22,32,319,26,21,32,043,24,19,25,258,21*74
$GPGSV,3,3,12,03,15,124,16,13,10,289,22,08,10,056,18,06,06,206,*7A
$GPRMC,172821.000,A,2632.6809,N,07703.3383,W,0.60,147.18,220324,,,A*71
$GPVTG,147.18,T,,M,0.60,N,1.1,K,A*00
$GPGGA,172826.000,2632.6815,N,07703.3391,W,1,08,1.2,6.5,M,-33.0,M,,0000*67
$GPGSA,A,3,14,08,21,13,30,07,22,02,,,,,1.9,1.2,1.5*37
$GPGSV,3,1,12,30,66,254,22,07,53,183,23,14,49,336,27,02,48,048,20*79
$GPGSV,3,2,12,17,48,283,20,22,32,319,25,21,32,043,24,19,25,258,21*77
$GPGSV,3,3,12,03,15,124,17,13,10,289,22,08,10,056,19,06,06,206,*7A
$GPRMC,172826.000,A,2632.6815,N,07703.3391,W,0.85,194.49,220324,,,A*79
$GPVTG,194.49,T,,M,0.85,N,1.6,K,A*06
$GPGGA,172831.000,2632.6822,N,07703.3393,W,1,08,1.2,3.9,M,-33.0,M,,0000*6E
$GPGSA,A,3,14,08,21,13,30,07,22,02,,,,,1.9,1.2,1.5*37
$GPGSV,3,1,12,30,66,254,22,07,53,183,24,14,49,336,28,02,48,048,20*71
$GPGSV,3,2,12,17,48,283,20,22,32,319,25,21,32,043,25,19,25,258,20*77
$GPGSV,3,3,12,03,15,124,18,13,10,289,22,08,10,056,20,06,06,206,*7F
$GPRMC,172831.000,A,2632.6822,N,07703.3393,W,0.31,219.17,220324,,,A*7B
$GPVTG,219.17,T,,M,0.31,N,0.6,K,A*05
$GPGGA,172836.000,2632.6814,N,07703.3390,W,1,08,1.2,1.0,M,-33.0,M,,0000*64
$GPGSA,A,3,14,08,21,13,30,07,22,02,,,,,1.9,1.2,1.5*37
$GPGSV,3,1,12,30,66,254,22,07,53,183,24,14,49,336,28,02,48,048,21*70
$GPGSV,3,2,12,17,48,283,20,22,32,319,24,21,32,043,25,19,25,258,19*7C
$GPGSV,3,3,12,03,15,124,18,13,10,289,23,08,10,056,20,06,06,206,*7E
$GPVTG,114.32,T,,M,0.39,N,0.7,K,A*05
$GPGGA,172841.000,2632.6807,N,07703.3411,W,1,08,1.2,-4.2,M,-33.0,M,,0000*42
$GPGSA,A,3,14,08,21,13,30,07,22,02,,,,,1.9,1.2,1.5*37
$GPGSV,3,1,12,30,66,254,21,07,53,183,25,14,49,336,27,02,48,048,21*7D
$GPGSV,3,2,12,17,48,283,21,22,32,319,24,21,32,043,26,19,25,258,19*7E
$GPGSV,3,3,12,03,15,124,18,13,10,289,23,08,10,056,20,06,06,206,*7E
$GPRMC,172841.000,A,2632.6807,N,07703.3411,W,0.34,139.98,220324,,,A*75
$GPVTG,139.98,T,,M,0.34,N,0.6,K,A*06
$GPGGA,172846.000,2632.6803,N,07703.3416,W,1,08,1.2,-5.7,M,-33.0,M,,0000*42
$GPGSA,A,3,14,08,21,13,30,07,22,02,,,,,1.9,1.2,1.5*37
$GPGSV,3,1,12,30,65,250,20,07,52,183,24,14,50,337,27,17,48,285,22*76
$GPGSV,3,2,12,02,47,047,22,22,33,319,24,21,30,042,26,19,25,259,*77
$GPGSV,3,3,12,03,15,123,17,13,10,287,23,08,09,057,20,06,07,206,*70
$GPRMC,172846.000,A,2632.6803,N,07703.3416,W,0.60,237.61,220324,,,A*7B
$GPVTG,237.61,T,,M,0.60,N,1.1,K,A*0A
$GPGGA,172851.000,2632.6806,N,07703.3419,W,1,08,1.2,-5.7,M,-33.0,M,,0000*4E
$GPGSA,A,3,14,08,21,13,30,07,22,02,,,,,1.9,1.2,1.5*37
$GPGSV,3,1,12,30,65,250,19,07,52,183,25,14,50,337,27,17,48,285,23*7C
$GPGSV,3,2,12,02,47,047,23,22,33,319,24,21,30,042,27,19,25,259,18*7E
$GPGSV,3,3,12,03,15,123,17,13,10,287,23,08,09,057,21,06,07,206,*71
$GPRMC,172851.000,A,2632.6806,N,07703.3419,W,0.19,142.98,220324,,,A*7E
$GPVTG,142.98,T,,M,0.19,N,0.4,K,A*07
$GPGGA,172856.000,2632.6812,N,07703.3410,W,1,08,1.2,-0.9,M,-33.0,M,,0000*4E
$GPGSA,A,3,14,08,21,13,30,07,22,02,,,,,1.9,1.2,1.5*37
$GPGSV,3,1,12,30,65,250,17,07,52,183,25,14,50,337,27,17,48,285,23*72
$GPGSV,3,2,12,02,47,047,24,22,33,319,24,21,30,042,27,19,25,259,19*78
$GPGSV,3,3,12,03,15,123,17,13,10,287,24,08,09,057,21,06,07,206,*76
$GPRMC,172856.000,A,2632.6812,N,07703.3410,W,0.14,82.00,220324,,,A*44
$GPVTG,82.00,T,,M,0.14,N,0.3,K,A*31
$GPGGA,172901.000,2632.6814,N,07703.3402,W,1,08,1.2,1.2,M,-33.0,M,,0000*6F
$GPGSA,A,3,14,08,21,13,30,07,22,02,,,,,1.9,1.2,1.5*37
$GPGSV,3,1,12,30,65,250,16,07,52,183,26,14,50,337,26,17,48,285,23*71
$GPGSV,3,2,12,02,47,047,25,22,33,319,24,21,30,042,28,19,25,259,19*76
$GPGSV,3,3,12,03,15,123,17,13,10,287,24,08,09,057,21,06,07,206,*76
$GPRMC,172901.000,A,2632.6814,N,07703.3402,W,0.06,80.14,220324,,,A*46
$GPVTG,80.14,T,,M,0.06,N,0.1,K,A*37
$GPGGA,172906.000,2632.6816,N,07703.3398,W,1,08,1.2,2.2,M,-33.0,M,,0000*6D
$GPGSA,A,3,14,08,21,13,30,07,22,02,,,,,1.9,1.2,1.5*37
$GPGSV,3,1,12,30,65,250,15,07,52,183,27,14,50,337,26,17,48,285,24*74
$GPGSV,3,2,12,02,47,047,25,22,33,319,25,21,30,042,28,19,25,259,20*7D
$GPGSV,3,3,12,03,15,123,17,13,10,287,24,08,09,057,21,06,07,206,*76
$GPRMC,172906.000,A,2632.6816,N,07703.3398,W,0.34,73.07,220324,,,A*48
$GPVTG,73.07,T,,M,0.34,N,0.6,K,A*3F
$GPGGA,172911.000,2632.6807,N,07703.3391,W,1,08,1.2,1.2,M,-33.0,M,,0000*61
$GPGSA,A,3,14,08,21,13,30,07,22,02,,,,,1.9,1.2,1.5*37
$GPGSV,3,1,12,30,65,250,23,07,52,183,27,14,50,337,26,17,48,285,24*71
$GPGSV,3,2,12,02,47,047,25,22,33,319,25,21,30,042,28,19,25,259,19*77
$GPGSV,3,3,12,03,15,123,18,13,10,287,23,08,09,057,21,06,07,206,*7E
$GPVTG,57.98,T,,M,0.20,N,0.4,K,A*38
$GPGGA,172916.000,2632.6792,N,07703.3393,W,1,08,1.2,-2.9,M,-33.0,M,,0000*42
$GPGSA,A,3,14,08,21,13,30,07,22,02,,,,,1.9,1.2,1.5*37
$GPGSV,3,1,12,30,65,250,17,07,52,183,26,14,50,337,25,17,48,285,24*74
$GPGSV,3,2,12,02,47,047,26,22,33,319,25,21,30,042,28,19,25,259,19*74
$GPGSV,3,3,12,03,15,123,18,13,10,287,23,08,09,057,21,06,07,206,*7E
$GPRMC,172916.000,A,2632.6792,N,07703.3393,W,0.06,76.88,220324,,,A*42
$GPVTG,76.88,T,,M,0.06,N,0.1,K,A*3B
$GPGGA,172921.000,2632.6797,N,07703.3388,W,1,08,1.2,-2.2,M,-33.0,M,,0000*42
$GPGSA,A,3,14,08,21,13,30,07,22,02,,,,,1.9,1.2,1.5*37
$GPGSV,3,1,12,30,65,250,18,07,52,183,27,14,50,337,25,17,48,285,25*7B
$GPGSV,3,2,12,02,47,047,26,22,33,319,26,21,30,042,27,19,25,259,19*78
$GPGSV,3,3,12,03,15,123,18,13,10,287,23,08,09,057,21,06,07,206,*7E
$GPRMC,172921.000,A,2632.6797,N,07703.3388,W,0.07,180.25,220324,,,A*77
$GPVTG,180.25,T,,M,0.07,N,0.1,K,A*05
$GPGGA,172926.000,2632.6799,N,07703.3380,W,1,08,1.1,-0.5,M,-33.0,M,,0000*45
$GPGSA,A,3,14,08,21,13,30,07,22,02,,,,,1.9,1.1,1.5*34
$GPGSV,3,1,12,30,65,250,18,07,52,183,28,14,50,337,25,17,48,285,25*74
$GPGSV,3,2,12,02,47,047,27,22,33,319,26,21,30,042,27,19,25,259,19*79
$GPGSV,3,3,12,03,15,123,18,13,10,287,22,08,09,057,21,06,07,206,*7F
$GPRMC,172926.000,A,2632.6799,N,07703.3380,W,0.17,299.64,220324,,,A*79
$GPVTG,299.64,T,,M,0.17,N,0.3,K,A*08
$GPGGA,172931.000,2632.6802,N,07703.3386,W,1,08,1.1,-0.0,M,-33.0,M,,0000*4D
$GPGSA,A,3,14,08,21,13,30,07,22,02,,,,,1.9,1.1,1.5*34
$GPGSV,3,1,12,30,65,250,17,07,52,183,29,14,50,337,25,17,48,285,25*7A
$GPGSV,3,2,12,02,47,047,27,22,33,319,26,21,30,042,28,19,25,259,19*76
$GPGSV,3,3,12,03,15,123,18,13,10,287,22,08,09,057,21,06,07,206,*7F
$GPRMC,172931.000,A,2632.6802,N,07703.3386,W,0.21,130.34,220324,,,A*74
$GPVTG,130.34,T,,M,0.21,N,0.4,K,A*0F
$GPGGA,172936.000,2632.6805,N,07703.3398,W,1,08,1.1,1.7,M,-33.0,M,,0000*69
$GPGSA,A,3,14,08,21,13,30,07,22,02,,,,,1.9,1.1,1.5*34
$GPGSV,3,1,12,30,65,250,17,07,52,183,29,14,50,337,24,17,48,285,25*7B
$GPGSV,3,2,12,02,47,047,27,22,33,319,26,21,30,042,28,19,25,259,18*77
$GPGSV,3,3,12,03,15,123,18,13,10,287,22,08,09,057,21,06,07,206,*7F
$GPRMC,172936.000,A,2632.6805,N,07703.3398,W,0.32,95.90,220324,,,A*49
$GPVTG,95.90,T,,M,0.32,N,0.6,K,A*3F
$GPGGA,172941.000,2632.6809,N,07703.3402,W,1,08,1.1,5.1,M,-33.0,M,,0000*63
$GPGSA,A,3,14,08,21,13,30,07,22,02,,,,,1.9,1.1,1.5*34
$GPGSV,3,1,12,30,65,250,17,07,52,183,29,14,50,337,24,17,48,285,25*7B
$GPGSV,3,2,12,02,47,047,28,22,33,319,27,21,30,042,28,19,25,259,19*78
$GPGSV,3,3,12,03,15,123,18,13,10,287,21,08,09,057,22,06,07,206,*7F
$GPRMC,172941.000,A,2632.6809,N,07703.3402,W,0.25,284.38,220324,,,A*77
$GPVTG,284.38,T,,M,0.25,N,0.5,K,A*0A
$GPGGA,172946.000,2632.6812,N,07703.3406,W,1,08,1.1,6.5,M,-33.0,M,,0000*6D
$GPGSA,A,3,14,08,21,13,30,07,22,02,,,,,1.9,1.1,1.5*34
$GPGSV,3,1,12,30,65,250,18,07,52,183,29,14,50,337,24,17,48,285,25*74
$GPGSV,3,2,12,02,47,047,28,22,33,319,27,21,30,042,27,19,25,259,20*7D
$GPGSV,3,3,12,03,15,123,17,13,10,287,21,08,09,057,22,06,07,206,*70
$GPVTG,189.03,T,,M,0.24,N,0.4,K,A*0C
$GPGGA,172951.000,2632.6813,N,07703.3407,W,1,08,1.1,8.4,M,-33.0,M,,0000*64
$GPGSA,A,3,14,08,21,13,30,07,22,02,,,,,1.9,1.1,1.5*34
$GPGSV,3,1,12,30,65,250,18,07,52,183,29,14,50,337,23,17,48,285,25*73
$GPGSV,3,2,12,02,47,047,29,22,33,319,27,21,30,042,27,19,25,259,20*7C
$GPGSV,3,3,12,03,15,123,18,13,10,287,21,08,09,057,22,06,07,206,*7F
$GPRMC,172951.000,A,2632.6813,N,07703.3407,W,0.30,76.81,220324,,,A*41
$GPVTG,76.81,T,,M,0.30,N,0.6,K,A*30
$GPGGA,172956.000,2632.6815,N,07703.3406,W,1,08,1.1,10.0,M,-33.0,M,,0000*59
$GPGSA,A,3,14,08,21,13,30,07,22,02,,,,,1.9,1.1,1.5*34
$GPGSV,3,1,12,30,65,250,18,07,52,183,29,14,50,337,22,17,48,285,25*72
$GPGSV,3,2,12,02,47,047,29,22,33,319,27,21,30,042,27,19,25,259,20*7C
$GPGSV,3,3,12,03,15,123,17,13,10,287,21,08,09,057,22,06,07,206,*70
$GPRMC,172956.000,A,2632.6815,N,07703.3406,W,0.31,106.05,220324,,,A*7A
$GPVTG,106.05,T,,M,0.31,N,0.6,K,A*0B
$GPGGA,173001.000,2632.6815,N,07703.3405,W,1,08,1.1,11.4,M,-33.0,M,,0000*55
$GPGSA,A,3,14,08,21,13,30,07,22,02,,,,,1.9,1.1,1.5*34
$GPGSV,3,1,12,30,65,250,19,07,52,183,29,14,50,337,21,17,48,285,25*70
$GPGSV,3,2,12,02,47,047,29,22,33,319,27,21,30,042,27,19,25,259,20*7C
$GPGSV,3,3,12,03,15,123,18,13,10,287,21,08,09,057,22,06,07,206,*7F
$GPRMC,173001.000,A,2632.6815,N,07703.3405,W,0.34,240.90,220324,,,A*7B
$GPVTG,240.90,T,,M,0.34,N,0.6,K,A*03
$GPGGA,173006.000,2632.6817,N,07703.3407,W,1,08,1.1,12.5,M,-33.0,M,,0000*50
$GPGSA,A,3,14,08,21,13,30,07,22,02,,,,,1.9,1.1,1.5*34
$GPGSV,3,1,12,30,65,250,18,07,52,183,29,14,50,337,21,17,48,285,26*72
$GPGSV,3,2,12,02,47,047,30,22,33,319,27,21,30,042,27,19,25,259,20*74
$GPGSV,3,3,12,03,15,123,18,13,10,287,21,08,09,057,22,06,07,206,*7F
$GPRMC,173006.000,A,2632.6817,N,07703.3407,W,0.41,148.38,220324,,,A*77
$GPVTG,148.38,T,,M,0.41,N,0.8,K,A*06
$GPGGA,173011.000,2632.6817,N,07703.3402,W,1,08,1.1,14.1,M,-33.0,M,,0000*51
$GPGSA,A,3,14,08,21,13,30,07,22,02,,,,,1.9,1.1,1.5*34
$GPGSV,3,1,12,30,65,250,18,07,52,183,29,14,50,337,19,17,48,285,26*79
$GPGSV,3,2,12,02,47,047,30,22,33,319,28,21,30,042,27,19,25,259,20*7B
$GPGSV,3,3,12,03,15,123,17,13,10,287,21,08,09,057,21,06,07,206,*73
$GPRMC,173011.000,A,2632.6817,N,07703.3402,W,0.27,84.44,220324,,,A*4E
$GPVTG,84.44,T,,M,0.27,N,0.5,K,A*31
$GPGGA,173016.000,2632.6817,N,07703.3399,W,1,08,1.1,15.3,M,-33.0,M,,0000*50
$GPGSA,A,3,14,08,21,13,30,07,22,02,,,,,1.9,1.1,1.5*34
$GPGSV,3,1,12,30,65,250,18,07,52,183,29,14,50,337,18,17,48,285,26*78
$GPGSV,3,2,12,02,47,047,31,22,33,319,28,21,30,042,27,19,25,259,19*70
$GPGSV,3,3,12,03,15,123,17,13,10,287,21,08,09,057,22,06,07,206,*70
$GPRMC,173016.000,A,2632.6817,N,07703.3399,W,0.19,113.32,220324,,,A*7F
$GPVTG,113.32,T,,M,0.19,N,0.4,K,A*03
$GPGGA,173021.000,2632.6820,N,07703.3401,W,1,08,1.1,17.5,M,-33.0,M,,0000*52
$GPGSA,A,3,14,08,21,13,30,07,22,02,,,,,1.9,1.1,1.5*34
$GPGSV,3,1,12,30,65,250,17,07,52,183,29,14,50,337,17,17,48,285,26*78
$GPGSV,3,2,12,02,47,047,31,22,33,319,28,21,30,042,27,19,25,259,20*7A
$GPGSV,3,3,12,03,15,123,17,13,10,287,21,08,09,057,22,06,07,206,*70
$GPVTG,24.41,T,,M,0.08,N,0.2,K,A*34
$GPGGA,173026.000,2632.6821,N,07703.3400,W,1,08,1.1,18.7,M,-33.0,M,,0000*58
$GPGSA,A,3,14,08,21,13,30,07,22,02,,,,,1.9,1.1,1.5*34
$GPGSV,3,1,12,30,65,250,17,07,52,183,29,14,50,337,17,17,48,285,26*78
$GPGSV,3,2,12,02,47,047,31,22,33,319,28,21,30,042,27,19,25,259,20*7A
$GPGSV,3,3,12,03,15,123,15,13,10,287,21,08,09,057,22,06,07,206,*72
$GPRMC,173026.000,A,2632.6821,N,07703.3400,W,0.40,105.47,220324,,,A*77
$GPVTG,105.47,T,,M,0.40,N,0.7,K,A*09
$GPGGA,173031.000,2632.6820,N,07703.3396,W,1,08,1.1,17.2,M,-33.0,M,,0000*5D
$GPGSA,A,3,14,08,21,13,30,07,22,02,,,,,1.9,1.1,1.5*34
$GPGSV,3,1,12,30,65,250,18,07,52,183,29,14,50,337,16,17,48,285,26*76
$GPGSV,3,2,12,02,47,047,31,22,33,319,27,21,30,042,26,19,25,259,21*75
$GPGSV,3,3,12,03,15,123,,13,10,287,21,08,09,057,22,06,07,206,*76
$GPRMC,173031.000,A,2632.6820,N,07703.3396,W,0.55,251.35,220324,,,A*7B
$GPVTG,251.35,T,,M,0.55,N,1.0,K,A*0C
$GPGGA,173036.000,2632.6822,N,07703.3398,W,1,08,1.1,16.7,M,-33.0,M,,0000*52
$GPGSA,A,3,14,08,21,13,30,07,22,02,,,,,1.9,1.1,1.5*34
$GPGSV,3,1,12,30,65,250,19,07,52,183,29,14,50,337,16,17,48,285,26*77
$GPGSV,3,2,12,02,47,047,32,22,33,319,27,21,30,042,25,19,25,259,21*75
$GPGSV,3,3,12,03,15,123,,13,10,287,21,08,09,057,21,06,07,206,*75
$GPRMC,173036.000,A,2632.6822,N,07703.3398,W,0.17,9.27,220324,,,A*7A
$GPVTG,9.27,T,,M,0.17,N,0.3,K,A*04
$GPGGA,173041.000,2632.6823,N,07703.3390,W,1,08,1.1,14.4,M,-33.0,M,,0000*5A
$GPGSA,A,3,14,08,21,13,30,07,22,02,,,,,1.9,1.1,1.5*34
$GPGSV,3,1,12,30,65,250,19,07,52,183,29,14,50,337,15,17,48,285,26*74
$GPGSV,3,2,12,02,47,047,32,22,33,319,27,21,30,042,24,19,25,259,21*74
$GPGSV,3,3,12,03,15,123,,13,10,287,20,08,09,057,21,06,07,206,*74
$GPRMC,173041.000,A,2632.6823,N,07703.3390,W,0.48,61.70,220324,,,A*45
$GPVTG,61.70,T,,M,0.48,N,0.9,K,A*38
$GPGGA,173046.000,2632.6822,N,07703.3392,W,1,07,1.3,14.2,M,-33.0,M,,0000*55
$GPGSA,A,3,08,21,13,30,07,22,02,,,,,,2.1,1.3,1.7*3A
$GPGSV,3,1,12,30,65,250,20,07,52,183,29,14,50,337,,17,48,285,26*7A
$GPGSV,3,2,12,02,47,047,32,22,33,319,26,21,30,042,20,19,25,259,21*71
$GPGSV,3,3,12,03,15,123,,13,10,287,21,08,09,057,21,06,07,206,*75
$GPRMC,173046.000,A,2632.6822,N,07703.3392,W,0.00,11.48,220324,,,A*41
$GPVTG,11.48,T,,M,0.00,N,0.0,K,A*31
$GPGGA,173051.000,2632.6818,N,07703.3387,W,1,08,1.1,13.5,M,-33.0,M,,0000*53
$GPGSA,A,3,14,08,21,13,30,07,22,02,,,,,1.9,1.1,1.5*34
$GPGSV,3,1,12,30,65,250,20,07,52,183,29,14,50,337,16,17,48,285,26*7D
$GPGSV,3,2,12,02,47,047,32,22,33,319,26,21,30,042,21,19,25,259,14*76
$GPRMC,173051.000,A,2632.6818,N,07703.3387,W,0.19,121.49,220324,,,A*71
$GPVTG,121.49,T,,M,0.19,N,0.3,K,A*09
$GPGGA,173056.000,2632.6811,N,07703.3377,W,1,08,1.1,11.0,M,-33.0,M,,0000*55
$GPGSA,A,3,14,08,21,13,30,07,22,02,,,,,1.9,1.1,1.5*34
$GPGSV,3,1,12,30,65,250,20,07,52,183,28,14,50,337,16,17,48,285,26*7C
$GPGSV,3,2,12,02,47,047,32,22,33,319,26,21,30,042,21,19,25,259,17*75
$GPGSV,3,3,12,03,15,123,,13,10,287,23,08,09,057,22,06,07,206,*74
$GPRMC,173056.000,A,2632.6811,N,07703.3377,W,0.16,142.44,220324,,,A*77
$GPGGA,173101.000,2632.6817,N,07703.3383,W,1,08,1.1,10.0,M,-33.0,M,,0000*5A
$GPGSA,A,3,14,08,21,13,30,07,22,02,,,,,1.9,1.1,1.5*34
$GPGSV,3,1,12,30,65,250,20,07,52,183,28,14,50,337,17,17,48,285,25*7E
$GPGSV,3,2,12,02,47,047,32,22,33,319,26,21,30,042,20,19,25,259,18*7B
$GPGSV,3,3,12,03,15,123,,13,10,287,22,08,09,057,22,06,07,206,*75
$GPRMC,173101.000,A,2632.6817,N,07703.3383,W,0.06,327.47,220324,,,A*7A
$GPVTG,327.47,T,,M,0.06,N,0.1,K,A*0F
$GPGGA,173106.000,2632.6816,N,07703.3387,W,1,08,1.1,9.5,M,-33.0,M,,0000*65
$GPGSA,A,3,14,08,21,13,30,07,22,02,,,,,1.9,1.1,1.5*34
$GPGSV,3,1,12,30,65,250,20,07,52,183,28,14,50,337,17,17,48,285,25*7E
$GPGSV,3,2,12,02,47,047,32,22,33,319,26,21,30,042,20,19,25,259,19*7A
$GPGSV,3,3,12,03,15,123,,13,10,287,22,08,09,057,22,06,07,206,*75
$GPRMC,173106.000,A,2632.6816,N,07703.3387,W,0.82,168.07,220324,,,A*79
$GPVTG,168.07,T,,M,0.82,N,1.5,K,A*0B
$GPGGA,173111.000,2632.6814,N,07703.3387,W,1,08,1.1,8.1,M,-33.0,M,,0000*64
$GPGSA,A,3,14,08,21,13,30,07,22,02,,,,,1.9,1.1,1.5*34
$GPGSV,3,1,12,30,65,250,20,07,52,183,28,14,50,337,16,17,48,285,26*7C
$GPGSV,3,2,12,02,47,047,32,22,33,319,25,21,30,042,20,19,25,259,20*73
$GPGSV,3,3,12,03,15,123,,13,10,287,22,08,09,057,22,06,07,206,*75
$GPRMC,173111.000,A,2632.6814,N,07703.3387,W,0.09,182.45,220324,,,A*7C
$GPVTG,182.45,T,,M,0.09,N,0.2,K,A*0C
$GPGGA,173116.000,2632.6818,N,07703.3393,W,1,08,1.1,7.0,M,-33.0,M,,0000*64
$GPGSA,A,3,14,08,21,13,30,07,22,02,,,,,1.9,1.1,1.5*34
$GPGSV,3,1,12,30,65,250,21,07,52,183,28,14,50,337,16,17,48,285,26*7D
$GPGSV,3,2,12,02,47,047,33,22,33,319,25,21,30,042,19,19,25,259,20*78
$GPGSV,3,3,12,03,15,123,,13,10,287,22,08,09,057,22,06,07,206,*75
$GPRMC,173116.000,A,2632.6818,N,07703.3393,W,0.29,237.25,220324,,,A*7B
$GPVTG,237.25,T,,M,0.29,N,0.5,K,A*02
$GPGGA,173121.000,2632.6819,N,07703.3394,W,1,08,1.1,6.6,M,-33.0,M,,0000*61
$GPGSA,A,3,14,08,21,13,30,07,22,02,,,,,1.9,1.1,1.5*34
$GPGSV,3,1,12,30,65,250,20,07,52,183,29,14,50,337,15,17,48,285,26*7E
$GPGSV,3,2,12,02,47,047,33,22,33,319,24,21,30,042,18,19,25,259,20*78
$GPGSV,3,3,12,03,15,123,17,13,10,287,22,08,09,057,23,06,07,206,*72
$GPRMC,173121.000,A,2632.6819,N,07703.3394,W,0.40,81.27,220324,,,A*4B
$GPVTG,81.27,T,,M,0.40,N,0.7,K,A*32
$GPGGA,173126.000,2632.6816,N,07703.3390,W,1,08,1.1,5.8,M,-33.0,M,,0000*60
$GPGSA,A,3,14,08,21,13,30,07,22,02,,,,,1.9,1.1,1.5*34
$GPGSV,3,1,12,30,65,250,19,07,52,183,28,14,50,337,16,17,48,285,25*75
$GPGSV,3,2,12,02,47,047,33,22,33,319,24,21,30,042,17,19,25,259,18*7C
$GPGSV,3,3,12,03,15,123,16,13,10,287,22,08,09,057,23,06,07,206,*73
$GPVTG,52.75,T,,M,0.43,N,0.8,K,A*37
$GPGGA,173131.000,2632.6821,N,07703.3398,W,1,08,1.1,4.0,M,-33.0,M,,0000*63
$GPGSA,A,3,14,08,21,13,30,07,22,02,,,,,1.9,1.1,1.5*34
$GPGSV,3,1,12,30,65,250,19,07,52,183,28,14,50,337,15,17,48,285,24*77
$GPGSV,3,2,12,02,47,047,33,22,33,319,24,21,30,042,16,19,25,259,18*7D
$GPGSV,3,3,12,03,15,123,16,13,10,287,22,08,09,057,23,06,07,206,*73
$GPRMC,173131.000,A,2632.6821,N,07703.3398,W,0.55,128.76,220324,,,A*7F
$GPVTG,128.76,T,,M,0.55,N,1.0,K,A*06
$GPGGA,173136.000,2632.6819,N,07703.3396,W,1,08,1.1,4.1,M,-33.0,M,,0000*60
$GPGSA,A,3,14,08,21,13,30,07,22,02,,,,,1.9,1.1,1.5*34
$GPGSV,3,1,12,30,65,250,20,07,52,183,28,14,50,337,15,17,48,285,24*7D
$GPGSV,3,2,12,02,47,047,33,22,33,319,24,21,30,042,17,19,25,259,17*73
$GPGSV,3,3,12,03,15,123,15,13,10,287,22,08,09,057,23,06,07,206,*70
$GPRMC,173136.000,A,2632.6819,N,07703.3396,W,0.31,71.14,220324,,,A*46
$GPVTG,71.14,T,,M,0.31,N,0.6,K,A*3A
$GPGGA,173141.000,2632.6814,N,07703.3395,W,1,08,1.1,3.8,M,-33.0,M,,0000*60
$GPGSA,A,3,14,08,21,13,30,07,22,02,,,,,1.8,1.1,1.5*35
$GPGSV,3,1,12,30,65,250,20,07,52,183,28,14,50,337,15,17,48,285,24*7D
$GPGSV,3,2,12,02,47,047,33,22,33,319,23,21,30,042,16,19,25,259,17*75
$GPGSV,3,3,12,03,15,123,15,13,10,287,22,08,09,057,23,06,07,206,*70
$GPRMC,173141.000,A,2632.6814,N,07703.3395,W,0.48,152.14,220324,,,A*76
$GPVTG,152.14,T,,M,0.48,N,0.9,K,A*0B
$GPGGA,173146.000,2632.6811,N,07703.3389,W,1,06,1.5,1.9,M,-33.0,M,,0000*66
$GPGSA,A,3,21,13,30,07,22,02,,,,,,,2.8,1.5,2.4*3D
$GPGSV,3,1,12,30,65,247,19,14,51,338,,07,50,183,28,17,49,287,24*7A
$GPGSV,3,2,12,02,46,046,33,22,34,320,24,21,29,042,16,19,26,261,13*7B
$GPGSV,3,3,12,03,16,122,16,13,10,286,22,06,08,206,,08,08,058,*70
$GPRMC,173146.000,A,2632.6811,N,07703.3389,W,0.24,222.50,220324,,,A*77
$GPVTG,222.50,T,,M,0.24,N,0.4,K,A*08
$GPGGA,173151.000,2632.6800,N,07703.3377,W,1,06,1.5,3.9,M,-33.0,M,,0000*63
$GPGSA,A,3,21,13,30,07,22,02,,,,,,,2.8,1.5,2.4*3D
$GPGSV,3,1,12,30,65,247,19,14,51,338,,07,50,183,28,17,49,287,23*7D
$GPGSV,3,2,12,02,46,046,32,22,34,320,24,21,29,042,16,19,26,261,*78
$GPGSV,3,3,12,03,16,122,17,13,10,286,22,06,08,206,20,08,08,058,*73
$GPRMC,173151.000,A,2632.6800,N,07703.3377,W,0.55,123.86,220324,,,A*7F
$GPVTG,123.86,T,,M,0.55,N,1.0,K,A*02
$GPGGA,173156.000,2632.6801,N,07703.3377,W,1,06,1.5,7.5,M,-33.0,M,,0000*6D
$GPGSA,A,3,21,13,30,07,22,02,,,,,,,2.8,1.5,2.4*3D
$GPGSV,3,1,12,30,65,247,20,14,51,338,,07,50,183,28,17,49,287,23*77
$GPGSV,3,2,12,02,46,046,32,22,34,320,24,21,29,042,16,19,26,261,*78
$GPGSV,3,3,12,03,16,122,17,13,10,286,22,06,08,206,20,08,08,058,*73
$GPVTG,262.25,T,,M,0.53,N,1.0,K,A*0B
$GPGGA,173201.000,2632.6805,N,07703.3378,W,1,06,1.5,4.3,M,-33.0,M,,0000*62
$GPGSA,A,3,21,13,30,07,22,02,,,,,,,2.8,1.5,2.4*3D
$GPGSV,3,1,12,30,65,247,20,14,51,338,,07,50,183,28,17,49,287,23*77
$GPGSV,3,2,12,02,46,046,32,22,34,320,24,21,29,042,17,19,26,261,*79
$GPGSV,3,3,12,03,16,122,17,13,10,286,22,06,08,206,20,08,08,058,*73
$GPRMC,173201.000,A,2632.6805,N,07703.3378,W,0.33,243.43,220324,,,A*7F
$GPVTG,243.43,T,,M,0.33,N,0.6,K,A*09
$GPGGA,173206.000,2632.6810,N,07703.3394,W,1,07,1.3,7.5,M,-33.0,M,,0000*61
$GPGSA,A,3,14,21,13,30,07,22,02,,,,,,2.4,1.3,2.0*36
$GPGSV,3,1,12,30,65,247,20,14,51,338,24,07,50,183,27,17,49,287,*7F
$GPGSV,3,2,12,02,46,046,30,22,34,320,23,21,29,042,21,19,26,261,*79
$GPGSV,3,3,12,03,16,122,17,13,10,286,21,06,08,206,20,08,08,058,*70
$GPRMC,173206.000,A,2632.6810,N,07703.3394,W,1.02,227.33,220324,,,A*78
$GPVTG,227.33,T,,M,1.02,N,1.9,K,A*01
$GPGGA,173211.000,2632.6815,N,07703.3391,W,1,07,1.3,7.7,M,-33.0,M,,0000*65
$GPGSA,A,3,14,21,13,30,07,22,02,,,,,,2.4,1.3,2.0*36
$GPGSV,3,1,12,30,65,247,20,14,51,338,19,07,50,183,27,17,49,287,21*72
$GPGSV,3,2,12,02,46,046,31,22,34,320,17,21,29,042,15,19,26,261,*78
$GPGSV,3,3,12,03,16,122,18,13,10,286,21,06,08,206,19,08,08,058,*75
$GPRMC,173211.000,A,2632.6815,N,07703.3391,W,0.66,59.83,220324,,,A*4D
$GPVTG,59.83,T,,M,0.66,N,1.2,K,A*39
$GPGGA,173216.000,2632.6823,N,07703.3390,W,1,07,1.3,7.6,M,-33.0,M,,0000*67
$GPGSA,A,3,14,21,13,30,07,22,02,,,,,,2.4,1.3,2.0*36
$GPGSV,3,1,12,30,65,247,20,14,51,338,19,07,50,183,27,17,49,287,22*71
$GPGSV,3,2,12,02,46,046,31,22,34,320,16,21,29,042,15,19,26,261,*79
$GPGSV,3,3,12,03,16,122,18,13,10,286,21,06,08,206,17,08,08,058,*7B
$GPRMC,173216.000,A,2632.6823,N,07703.3390,W,0.51,85.59,220324,,,A*4C
$GPVTG,85.59,T,,M,0.51,N,0.9,K,A*31
$GPGGA,173221.000,2632.6822,N,07703.3393,W,1,07,1.3,5.7,M,-33.0,M,,0000*62
$GPGSA,A,3,14,21,13,30,07,22,02,,,,,,2.4,1.3,2.0*36
$GPGSV,3,1,12,30,65,247,21,14,51,338,19,07,50,183,26,17,49,287,22*71
$GPGSV,3,2,12,02,46,046,31,22,34,320,17,21,29,042,16,19,26,261,*7B
$GPGSV,3,3,12,03,16,122,19,13,10,286,21,06,08,206,17,08,08,058,*7A
$GPRMC,173221.000,A,2632.6822,N,07703.3393,W,0.40,296.66,220324,,,A*76
$GPVTG,296.66,T,,M,0.40,N,0.7,K,A*03
$GPGGA,173226.000,2632.6827,N,07703.3414,W,1,07,1.3,8.1,M,-33.0,M,,0000*63
$GPGSA,A,3,14,21,13,30,07,22,02,,,,,,2.4,1.3,2.0*36
$GPGSV,3,1,12,30,65,247,20,14,51,338,20,07,50,183,25,17,49,287,22*79
$GPGSV,3,2,12,02,46,046,31,22,34,320,18,21,29,042,17,19,26,261,*75
$GPGSV,3,3,12,03,16,122,18,13,10,286,21,06,08,206,17,08,08,058,*7B
$GPRMC,173226.000,A,2632.6827,N,07703.3414,W,0.43,309.29,220324,,,A*73
$GPVTG,309.29,T,,M,0.43,N,0.8,K,A*03
$GPGGA,173231.000,2632.6826,N,07703.3425,W,1,07,1.3,12.5,M,-33.0,M,,0000*59
$GPGSA,A,3,14,21,13,30,07,22,02,,,,,,2.4,1.3,2.0*36
$GPGSV,3,1,12,30,65,247,20,14,51,338,19,07,50,183,24,17,49,287,*72
$GPGSV,3,2,12,02,46,046,23,22,34,320,24,21,29,042,21,19,26,261,*7C
$GPGSV,3,3,12,03,16,122,18,13,10,286,21,06,08,206,18,08,08,058,*74
$GPVTG,191.01,T,,M,0.55,N,1.0,K,A*04
$GPGGA,173236.000,2632.6815,N,07703.3411,W,1,07,1.3,9.6,M,-33.0,M,,0000*60
$GPGSA,A,3,14,21,13,30,07,22,02,,,,,,2.4,1.3,2.0*36
$GPGSV,3,1,12,30,65,247,20,14,51,338,20,07,50,183,24,17,49,287,19*70
$GPGSV,3,2,12,02,46,046,28,22,34,320,24,21,29,042,20,19,26,261,*76
$GPGSV,3,3,12,03,16,122,17,13,10,286,21,06,08,206,18,08,08,058,*7B
$GPRMC,173236.000,A,2632.6815,N,07703.3411,W,0.69,10.23,220324,,,A*4F
$GPVTG,10.23,T,,M,0.69,N,1.3,K,A*30
$GPGGA,173241.000,2632.6806,N,07703.3401,W,1,07,1.3,6.1,M,-33.0,M,,0000*6B
$GPGSA,A,3,14,21,13,30,07,22,02,,,,,,2.4,1.3,2.0*36
$GPGSV,3,1,12,30,65,247,20,14,51,338,21,07,50,183,24,17,49,287,19*71
$GPGSV,3,2,12,02,46,046,28,22,34,320,23,21,29,042,20,19,26,261,*71
$GPGSV,3,3,12,03,16,122,17,13,10,286,21,06,08,206,17,08,08,058,*74
$GPRMC,173241.000,A,2632.6806,N,07703.3401,W,0.33,23.21,220324,,,A*41
$GPVTG,23.21,T,,M,0.33,N,0.6,K,A*39
$GPGGA,173246.000,2632.6794,N,07703.3396,W,1,07,1.3,2.5,M,-33.0,M,,0000*61
$GPGSA,A,3,14,21,13,30,07,22,02,,,,,,2.4,1.3,2.0*36
$GPGSV,3,1,12,30,65,247,19,14,51,338,21,07,50,183,24,17,49,287,19*7B
$GPGSV,3,2,12,02,46,046,28,22,34,320,23,21,29,042,19,19,26,261,*7B
$GPGSV,3,3,12,03,16,122,16,13,10,286,21,06,08,206,17,08,08,058,*75
$GPRMC,173246.000,A,2632.6794,N,07703.3396,W,0.70,153.98,220324,,,A*78
$GPVTG,153.98,T,,M,0.70,N,1.3,K,A*0E
$GPGGA,173251.000,2632.6771,N,07703.3379,W,1,07,1.3,-0.5,M,-33.0,M,,0000*42
$GPGSA,A,3,14,21,13,30,07,22,02,,,,,,2.4,1.3,2.0*36
$GPGSV,3,1,12,30,65,247,19,14,51,338,20,07,50,183,23,17,49,287,19*7D
$GPGSV,3,2,12,02,46,046,28,22,34,320,22,21,29,042,20,19,26,261,*70
$GPGSV,3,3,12,03,16,122,16,13,10,286,21,06,08,206,17,08,08,058,*75
$GPRMC,173251.000,A,2632.6771,N,07703.3379,W,0.92,135.36,220324,,,A*7C
$GPVTG,135.36,T,,M,0.92,N,1.7,K,A*02
$GPGGA,173256.000,2632.6780,N,07703.3380,W,1,07,1.3,4.3,M,-33.0,M,,0000*62
$GPGSA,A,3,14,21,13,30,07,22,02,,,,,,2.4,1.3,2.0*36
$GPGSV,3,1,12,30,65,247,18,14,51,338,20,07,50,183,23,17,49,287,*74
$GPGSV,3,2,12,02,46,046,28,22,34,320,23,21,29,042,22,19,26,261,*73
$GPGSV,3,3,12,03,16,122,15,13,10,286,21,06,08,206,17,08,08,058,*76
$GPRMC,173256.000,A,2632.6780,N,07703.3380,W,0.10,332.24,220324,,,A*7F
$GPVTG,332.24,T,,M,0.10,N,0.2,K,A*0A
$GPGGA,173301.000,2632.6776,N,07703.3375,W,1,07,1.3,5.5,M,-33.0,M,,0000*65
$GPGSA,A,3,14,21,13,30,07,22,02,,,,,,2.4,1.3,2.0*36
$GPGSV,3,1,12,30,65,247,17,14,51,338,20,07,50,183,23,17,49,287,*7B
$GPGSV,3,2,12,02,46,046,28,22,34,320,23,21,29,042,19,19,26,261,*7B
$GPGSV,3,3,12,03,16,122,15,13,10,286,21,06,08,206,18,08,08,058,*79
$GPVTG,190.73,T,,M,0.48,N,0.9,K,A*04
$GPGGA,173306.000,2632.6796,N,07703.3389,W,1,07,1.3,9.8,M,-33.0,M,,0000*6E
$GPGSA,A,3,14,21,13,30,07,22,02,,,,,,2.4,1.3,2.0*36
$GPGSV,3,1,12,30,65,247,16,14,51,338,20,07,50,183,24,17,49,287,*7D
$GPGSV,3,2,12,02,46,046,28,22,34,320,23,21,29,042,19,19,26,261,*7B
$GPGSV,3,3,12,03,16,122,15,13,10,286,21,06,08,206,17,08,08,058,*76
$GPRMC,173306.000,A,2632.6796,N,07703.3389,W,0.22,305.15,220324,,,A*72
$GPVTG,305.15,T,,M,0.22,N,0.4,K,A*0B
$GPGGA,173311.000,2632.6814,N,07703.3383,W,1,07,1.3,11.0,M,-33.0,M,,0000*56
$GPGSA,A,3,14,21,13,30,07,22,02,,,,,,2.4,1.3,2.0*36
$GPGSV,3,1,12,30,65,247,16,14,51,338,20,07,50,183,24,17,49,287,*7D
$GPGSV,3,2,12,02,46,046,28,22,34,320,24,21,29,042,19,19,26,261,*7C
$GPGSV,3,3,12,03,16,122,,13,10,286,23,06,08,206,18,08,08,058,*7F
$GPRMC,173311.000,A,2632.6814,N,07703.3383,W,0.53,10.26,220324,,,A*4A
$GPVTG,10.26,T,,M,0.53,N,1.0,K,A*3F
$GPGGA,173316.000,2632.6811,N,07703.3383,W,1,07,1.3,10.9,M,-33.0,M,,0000*5C
$GPGSA,A,3,14,21,13,30,07,22,02,,,,,,2.4,1.3,2.0*36
$GPGSV,3,1,12,30,65,247,17,14,51,338,20,07,50,183,24,17,49,287,*7C
$GPGSV,3,2,12,02,46,046,28,22,34,320,24,21,29,042,19,19,26,261,*7C
$GPGSV,3,3,12,03,16,122,,13,10,286,23,06,08,206,19,08,08,058,*7E
$GPRMC,173316.000,A,2632.6811,N,07703.3383,W,0.13,149.27,220324,,,A*70
$GPVTG,149.27,T,,M,0.13,N,0.2,K,A*04
$GPGGA,173321.000,2632.6799,N,07703.3390,W,1,07,1.3,11.4,M,-33.0,M,,0000*59
$GPGSA,A,3,14,21,13,30,07,22,02,,,,,,2.4,1.3,2.0*36
$GPGSV,3,1,12,30,65,247,18,14,51,338,19,07,50,183,24,17,49,287,*79
$GPGSV,3,2,12,02,46,046,28,22,34,320,25,21,29,042,21,19,26,261,*76
$GPGSV,3,3,12,03,16,122,,13,10,286,24,06,08,206,19,08,08,058,*79
$GPRMC,173321.000,A,2632.6799,N,07703.3390,W,0.41,295.34,220324,,,A*7E
$GPVTG,295.34,T,,M,0.41,N,0.8,K,A*09
$GPGGA,173326.000,2632.6811,N,07703.3398,W,1,07,1.3,14.7,M,-33.0,M,,0000*5F
$GPGSA,A,3,14,21,13,30,07,22,02,,,,,,2.4,1.3,2.0*36
$GPGSV,3,1,12,30,65,247,18,14,51,338,20,07,50,183,24,17,49,287,20*71
$GPGSV,3,2,12,02,46,046,28,22,34,320,25,21,29,042,16,19,26,261,*72
$GPGSV,3,3,12,03,16,122,,13,10,286,24,06,08,206,20,08,08,058,*73
$GPRMC,173326.000,A,2632.6811,N,07703.3398,W,0.30,231.51,220324,,,A*75
$GPVTG,231.51,T,,M,0.30,N,0.6,K,A*0C
$GPGGA,173331.000,2632.6788,N,07703.3385,W,1,07,1.3,8.6,M,-33.0,M,,0000*66
$GPGSA,A,3,14,21,13,30,07,22,02,,,,,,2.4,1.3,2.0*36
$GPGSV,3,1,12,30,65,247,18,14,51,338,20,07,50,183,23,17,49,287,21*77
$GPGSV,3,2,12,02,46,046,28,22,34,320,25,21,29,042,17,19,26,261,*73
$GPGSV,3,3,12,03,16,122,,13,10,286,25,06,08,206,20,08,08,058,*72
$GPRMC,173331.000,A,2632.6788,N,07703.3385,W,0.58,144.73,220324,,,A*7F
$GPVTG,144.73,T,,M,0.58,N,1.1,K,A*05
$GPGGA,173336.000,2632.6796,N,07703.3381,W,1,07,1.3,9.2,M,-33.0,M,,0000*6F
$GPGSA,A,3,14,21,13,30,07,22,02,,,,,,2.4,1.3,2.0*36
$GPGSV,3,1,12,30,65,247,19,14,51,338,20,07,50,183,23,17,49,287,*75
$GPGSV,3,2,12,02,46,046,28,22,34,320,25,21,29,042,21,19,26,261,*76
$GPGSV,3,3,12,03,16,122,,13,10,286,26,06,08,206,21,08,08,058,*70
$GPVTG,160.39,T,,M,0.33,N,0.6,K,A*06
$GPGGA,173341.000,2632.6808,N,07703.3382,W,1,07,1.3,9.2,M,-33.0,M,,0000*64
$GPGSA,A,3,14,21,13,30,07,22,02,,,,,,2.4,1.3,2.0*36
$GPGSV,3,1,12,30,65,247,19,14,51,338,21,07,50,183,24,17,49,287,19*7B
$GPGSV,3,2,12,02,46,046,28,22,34,320,25,21,29,042,17,19,26,261,*73
$GPGSV,3,3,12,03,16,122,,13,10,286,26,06,08,206,21,08,08,058,*70
$GPRMC,173341.000,A,2632.6808,N,07703.3382,W,0.63,178.79,220324,,,A*75
$GPVTG,178.79,T,,M,0.63,N,1.2,K,A*0B
$GPGGA,173346.000,2632.6832,N,07703.3394,W,1,07,1.3,11.2,M,-33.0,M,,0000*54
$GPGSA,A,3,14,21,13,30,07,22,02,,,,,,2.4,1.3,2.0*36
$GPGSV,3,1,12,30,65,247,19,14,51,338,21,07,50,183,23,17,49,287,*74
$GPGSV,3,2,12,02,46,046,28,22,34,320,24,21,29,042,20,19,26,261,20*74
$GPGSV,3,3,12,03,16,122,,13,10,286,25,06,08,206,20,08,08,058,*72
$GPRMC,173346.000,A,2632.6832,N,07703.3394,W,0.30,309.65,220324,,,A*73
$GPVTG,309.65,T,,M,0.30,N,0.5,K,A*02
$GPGGA,173351.000,2632.6814,N,07703.3396,W,1,07,1.3,12.5,M,-33.0,M,,0000*50
$GPGSA,A,3,14,21,13,30,07,22,02,,,,,,2.4,1.3,2.0*36
$GPGSV,3,1,12,30,65,247,20,14,51,338,21,07,50,183,24,17,49,287,21*7A
$GPGSV,3,2,12,02,46,046,27,22,34,320,23,21,29,042,19,19,26,261,20*76
$GPGSV,3,3,12,03,16,122,,13,10,286,25,06,08,206,20,08,08,058,*72
$GPRMC,173351.000,A,2632.6814,N,07703.3396,W,0.79,162.36,220324,,,A*77
$GPVTG,162.36,T,,M,0.79,N,1.5,K,A*07
$GPGGA,173356.000,2632.6824,N,07703.3410,W,1,06,1.3,18.1,M,-33.0,M,,0000*52
$GPGSA,A,3,14,21,13,07,22,02,,,,,,,2.7,1.3,2.4*32
$GPGSV,3,1,12,30,65,247,07,14,51,338,21,07,50,183,23,17,49,287,20*79
$GPGSV,3,2,12,02,46,046,27,22,34,320,22,21,29,042,20,19,26,261,20*7D
$GPGSV,3,3,12,03,16,122,,13,10,286,25,06,08,206,20,08,08,058,*72
$GPRMC,173356.000,A,2632.6824,N,07703.3410,W,0.35,287.87,220324,,,A*70
$GPVTG,287.87,T,,M,0.35,N,0.7,K,A*0E
$GPGGA,173401.000,2632.6819,N,07703.3410,W,1,06,1.3,21.3,M,-33.0,M,,0000*51
$GPGSA,A,3,14,21,13,07,22,02,,,,,,,2.7,1.3,2.4*32
$GPGSV,3,1,12,30,65,247,,14,51,338,21,07,50,183,24,17,49,287,20*79
$GPGSV,3,2,12,02,46,046,27,22,34,320,22,21,29,042,19,19,26,261,20*77
$GPGSV,3,3,12,03,16,122,,13,10,286,25,06,08,206,20,08,08,058,*72
$GPRMC,173401.000,A,2632.6819,N,07703.3410,W,0.31,176.06,220324,,,A*7B
$GPVTG,176.06,T,,M,0.31,N,0.6,K,A*0F
$GPGGA,173406.000,2632.6811,N,07703.3406,W,1,07,1.3,23.2,M,-33.0,M,,0000*5B
$GPGSA,A,3,14,21,13,07,30,22,02,,,,,,2.3,1.3,2.0*31
$GPGSV,3,1,12,30,65,247,18,14,51,338,21,07,50,183,25,17,49,287,*73
$GPGSV,3,2,12,02,46,046,27,22,34,320,22,21,29,042,19,19,26,261,07*72
$GPGSV,3,3,12,03,16,122,,13,10,286,26,06,08,206,20,08,08,058,*71
$GPVTG,199.64,T,,M,0.51,N,0.9,K,A*03
$GPGGA,173411.000,2632.6810,N,07703.3413,W,1,07,1.3,26.3,M,-33.0,M,,0000*5C
$GPGSA,A,3,14,21,13,07,30,22,02,,,,,,2.3,1.3,2.0*31
$GPGSV,3,1,12,30,65,247,19,14,51,338,20,07,50,183,24,17,49,287,19*7A
$GPGSV,3,2,12,02,46,046,27,22,34,320,22,21,29,042,18,19,26,261,*74
$GPGSV,3,3,12,03,16,122,,13,10,286,27,06,08,206,21,08,08,058,*71
$GPRMC,173411.000,A,2632.6810,N,07703.3413,W,0.66,309.48,220324,,,A*72
$GPVTG,309.48,T,,M,0.66,N,1.2,K,A*08
$GPGGA,173416.000,2632.6824,N,07703.3410,W,1,07,1.3,21.3,M,-33.0,M,,0000*58
$GPGSA,A,3,14,21,13,07,30,22,02,,,,,,2.3,1.3,2.0*31
$GPGSV,3,1,12,30,65,247,20,14,51,338,19,07,50,183,23,17,49,287,*75
$GPGSV,3,2,12,02,46,046,26,22,34,320,21,21,29,042,17,19,26,261,*79
$GPGSV,3,3,12,03,16,122,,13,10,286,28,06,08,206,20,08,08,058,*7F
$GPRMC,173416.000,A,2632.6824,N,07703.3410,W,0.75,340.22,220324,,,A*72
$GPVTG,340.22,T,,M,0.75,N,1.4,K,A*0D
$GPGGA,173421.000,2632.6816,N,07703.3403,W,1,07,1.3,20.2,M,-33.0,M,,0000*5F
$GPGSA,A,3,14,21,13,07,30,22,02,,,,,,2.3,1.3,2.0*31
$GPGSV,3,1,12,30,65,247,20,14,51,338,18,07,50,183,23,17,49,287,*74
$GPGSV,3,2,12,02,46,046,26,22,34,320,21,21,29,042,16,19,26,261,*78
$GPGSV,3,3,12,03,16,122,,13,10,286,28,06,08,206,20,08,08,058,*7F
$GPRMC,173421.000,A,2632.6816,N,07703.3403,W,0.75,164.56,220324,,,A*72
$GPVTG,164.56,T,,M,0.75,N,1.4,K,A*0A
$GPGGA,173426.000,2632.6814,N,07703.3400,W,1,07,1.3,21.6,M,-33.0,M,,0000*5C
$GPGSA,A,3,14,21,13,07,30,22,02,,,,,,2.3,1.3,2.0*31
$GPGSV,3,1,12,30,65,247,20,14,51,338,17,07,50,183,23,17,49,287,*7B
$GPGSV,3,2,12,02,46,046,26,22,34,320,22,21,29,042,15,19,26,261,*78
$GPGSV,3,3,12,03,16,122,,13,10,286,28,06,08,206,20,08,08,058,*7F
$GPRMC,173426.000,A,2632.6814,N,07703.3400,W,0.51,215.45,220324,,,A*75
$GPVTG,215.45,T,,M,0.51,N,0.9,K,A*07
$GPGGA,173431.000,2632.6819,N,07703.3409,W,1,06,1.5,22.4,M,-33.0,M,,0000*58
$GPGSA,A,3,14,13,07,30,22,02,,,,,,,2.8,1.5,2.4*3B
$GPGSV,3,1,12,30,65,247,20,14,51,338,17,07,50,183,23,17,49,287,*7B
$GPGSV,3,2,12,02,46,046,27,22,34,320,22,21,29,042,,19,26,261,*7D
$GPGSV,3,3,12,03,16,122,,13,10,286,28,06,08,206,21,08,08,058,*7E
$GPRMC,173431.000,A,2632.6819,N,07703.3409,W,0.16,331.54,220324,,,A*73
$GPVTG,331.54,T,,M,0.16,N,0.3,K,A*09
$GPGGA,173436.000,2632.6811,N,07703.3404,W,1,06,1.5,23.7,M,-33.0,M,,0000*58
$GPGSA,A,3,14,13,07,30,22,02,,,,,,,2.8,1.5,2.4*3B
$GPGSV,3,1,12,30,65,247,15,14,51,338,17,07,50,183,22,17,49,287,*7C
$GPGSV,3,2,12,02,46,046,27,22,34,320,22,21,29,042,,19,26,261,*7D
$GPGSV,3,3,12,03,16,122,,13,10,286,27,06,08,206,21,08,08,058,*71
$GPVTG,345.71,T,,M,0.18,N,0.3,K,A*03
$GPGGA,173441.000,2632.6808,N,07703.3411,W,1,05,1.8,24.7,M,-33.0,M,,0000*5D
$GPGSA,A,3,14,13,07,22,02,,,,,,,,3.7,1.8,3.2*3C
$GPGSV,3,1,12,30,65,247,17,14,51,338,16,07,50,183,22,17,49,287,*7F
$GPGSV,3,2,12,02,46,046,27,22,34,320,22,21,29,042,,19,26,261,*7D
$GPGSV,3,3,12,03,16,122,,13,10,286,27,06,08,206,22,08,08,058,*72
$GPRMC,173441.000,A,2632.6808,N,07703.3411,W,0.35,301.06,220324,,,A*78
$GPVTG,301.06,T,,M,0.35,N,0.6,K,A*09
$GPGGA,173446.000,2632.6803,N,07703.3403,W,1,07,1.3,23.2,M,-33.0,M,,0000*59
$GPGSA,A,3,14,21,13,07,30,22,02,,,,,,2.3,1.3,2.0*31
$GPGSV,3,1,12,30,64,243,17,14,52,340,16,17,49,289,,07,49,182,21*72
$GPGSV,3,2,12,02,45,045,24,22,35,321,23,21,28,041,23,19,27,262,*7E
$GPGSV,3,3,12,03,17,120,,06,10,207,22,13,09,285,27,08,07,059,*7C
$GPRMC,173446.000,A,2632.6803,N,07703.3403,W,0.34,282.48,220324,,,A*76
$GPVTG,282.48,T,,M,0.34,N,0.6,K,A*08
$GPGGA,173451.000,2632.6786,N,07703.3393,W,1,05,1.7,21.3,M,-33.0,M,,0000*56
$GPGSA,A,3,13,07,30,22,02,,,,,,,,3.1,1.7,2.7*37
$GPGSV,3,1,12,30,64,243,17,14,52,340,,17,49,289,,07,49,182,22*76
$GPGSV,3,2,12,02,45,045,26,22,35,321,23,21,28,041,,19,27,262,*7D
$GPGSV,3,3,12,03,17,120,,06,10,207,21,13,09,285,27,08,07,059,*7F
$GPRMC,173451.000,A,2632.6786,N,07703.3393,W,0.95,163.69,220324,,,A*78
$GPVTG,163.69,T,,M,0.95,N,1.8,K,A*03
$GPGGA,173456.000,2632.6780,N,07703.3364,W,1,05,1.7,14.0,M,-33.0,M,,0000*5A
$GPGSA,A,3,13,07,30,22,02,,,,,,,,3.1,1.7,2.7*37
$GPGSV,3,1,12,30,64,243,19,14,52,340,,17,49,289,,07,49,182,22*78
$GPGSV,3,2,12,02,45,045,27,22,35,321,23,21,28,041,,19,27,262,*7C
$GPGSV,3,3,12,03,17,120,,06,10,207,21,13,09,285,27,08,07,059,*7F
$GPRMC,173456.000,A,2632.6780,N,07703.3364,W,0.84,32.59,220324,,,A*47
$GPVTG,32.59,T,,M,0.84,N,1.6,K,A*3B
$GPGGA,173501.000,2632.6797,N,07703.3341,W,1,06,1.5,7.0,M,-33.0,M,,0000*6B
$GPGSA,A,3,14,13,07,30,22,02,,,,,,,2.8,1.5,2.4*3B
$GPGSV,3,1,12,30,64,243,20,14,52,340,14,17,49,289,,07,49,182,22*77
$GPGSV,3,2,12,02,45,045,27,22,35,321,23,21,28,041,,19,27,262,*7C
$GPGSV,3,3,12,03,17,120,,06,10,207,21,13,09,285,27,08,07,059,*7F
$GPRMC,173501.000,A,2632.6797,N,07703.3341,W,0.50,95.88,220324,,,A*4D
$GPVTG,95.88,T,,M,0.50,N,0.9,K,A*3D
$GPGGA,173506.000,2632.6795,N,07703.3344,W,1,06,1.5,4.7,M,-33.0,M,,0000*6F
$GPGSA,A,3,14,13,07,30,22,02,,,,,,,2.8,1.5,2.3*3C
$GPGSV,3,1,12,30,64,243,20,14,52,340,14,17,49,289,,07,49,182,22*77
$GPGSV,3,2,12,02,45,045,27,22,35,321,23,21,28,041,,19,27,262,*7C
$GPGSV,3,3,12,03,17,120,,06,10,207,21,13,09,285,27,08,07,059,*7F
$GPVTG,170.04,T,,M,0.23,N,0.4,K,A*0A
$GPGGA,173511.000,2632.6787,N,07703.3345,W,1,07,1.3,2.2,M,-33.0,M,,0000*6F
$GPGSA,A,3,14,21,13,07,30,22,02,,,,,,2.3,1.3,2.0*31
$GPGSV,3,1,12,30,64,243,19,14,52,340,15,17,49,289,,07,49,182,22*7C
$GPGSV,3,2,12,02,45,045,28,22,35,321,23,21,28,041,16,19,27,262,*74
$GPGSV,3,3,12,03,17,120,,06,10,207,21,13,09,285,27,08,07,059,*7F
$GPRMC,173511.000,A,2632.6787,N,07703.3345,W,0.94,168.30,220324,,,A*71
$GPVTG,168.30,T,,M,0.94,N,1.7,K,A*0A
$GPGGA,173516.000,2632.6770,N,07703.3330,W,1,07,1.3,-4.0,M,-33.0,M,,0000*4B
$GPGSA,A,3,14,21,13,07,30,22,02,,,,,,2.3,1.3,2.0*31
$GPGSV,3,1,12,30,64,243,19,14,52,340,16,17,49,289,,07,49,182,22*7F
$GPGSV,3,2,12,02,45,045,28,22,35,321,23,21,28,041,15,19,27,262,20*75
$GPGSV,3,3,12,03,17,120,,06,10,207,21,13,09,285,27,08,07,059,*7F
$GPRMC,173516.000,A,2632.6770,N,07703.3330,W,0.58,132.16,220324,,,A*77
$GPVTG,132.16,T,,M,0.58,N,1.1,K,A*07
$GPGGA,173521.000,2632.6773,N,07703.3325,W,1,07,1.2,-7.8,M,-33.0,M,,0000*42
$GPGSA,A,3,14,21,13,07,30,22,02,,,,,,2.3,1.2,2.0*30
$GPGSV,3,1,12,30,64,243,18,14,52,340,17,17,49,289,,07,49,182,23*7E
$GPGSV,3,2,12,02,45,045,28,22,35,321,23,21,28,041,15,19,27,262,20*75
$GPGSV,3,3,12,03,17,120,17,06,10,207,21,13,09,285,27,08,07,059,*79
$GPRMC,173521.000,A,2632.6773,N,07703.3325,W,0.67,145.13,220324,,,A*7D
$GPVTG,145.13,T,,M,0.67,N,1.2,K,A*0D
$GPGGA,173526.000,2632.6786,N,07703.3337,W,1,07,1.2,-5.2,M,-33.0,M,,0000*44
$GPGSA,A,3,14,21,13,07,30,22,02,,,,,,2.3,1.2,2.0*30
$GPGSV,3,1,12,30,64,243,18,14,52,340,18,17,49,289,,07,49,182,23*71
$GPGSV,3,2,12,02,45,045,24,22,35,321,23,21,28,041,20,19,27,262,20*7F
$GPGSV,3,3,12,03,17,120,16,06,10,207,21,13,09,285,22,08,07,059,*7D
$GPRMC,173526.000,A,2632.6786,N,07703.3337,W,0.38,166.93,220324,,,A*70
$GPVTG,166.93,T,,M,0.38,N,0.7,K,A*0A
$GPGGA,173531.000,2632.6794,N,07703.3328,W,1,07,1.2,-7.3,M,-33.0,M,,0000*4C
$GPGSA,A,3,14,21,13,07,30,22,02,,,,,,2.3,1.2,2.0*30
$GPGSV,3,1,12,30,64,243,18,14,52,340,18,17,49,289,18,07,49,182,23*78
$GPGSV,3,2,12,02,45,045,27,22,35,321,22,21,28,041,16,19,27,262,21*79
$GPGSV,3,3,12,03,17,120,16,06,10,207,21,13,09,285,23,08,07,059,*7C
$GPRMC,173531.000,A,2632.6794,N,07703.3328,W,0.91,352.23,220324,,,A*76
$GPVTG,352.23,T,,M,0.91,N,1.7,K,A*06
$GPGGA,173536.000,2632.6799,N,07703.3313,W,1,07,1.2,-10.4,M,-33.0,M,,0000*7F
$GPGSA,A,3,14,21,13,07,30,22,02,,,,,,2.3,1.2,2.0*30
$GPGSV,3,1,12,30,64,243,18,14,52,340,18,17,49,289,18,07,49,182,23*78
$GPGSV,3,2,12,02,45,045,27,22,35,321,23,21,28,041,17,19,27,262,20*78
$GPRMC,173536.000,A,2632.6799,N,07703.3313,W,0.59,126.58,220324,,,A*7D
$GPVTG,126.58,T,,M,0.59,N,1.1,K,A*09
$GPGGA,173541.000,2632.6800,N,07703.3310,W,1,07,1.2,-14.3,M,-33.0,M,,0000*70
$GPGSA,A,3,14,21,13,07,30,22,02,,,,,,2.3,1.2,2.0*30
$GPGSV,3,1,12,30,64,243,18,14,52,340,19,17,49,289,18,07,49,182,22*78
$GPGSV,3,2,12,02,45,045,26,22,35,321,23,21,28,041,16,19,27,262,20*78
$GPGSV,3,3,12,03,17,120,17,06,10,207,23,13,09,285,24,08,07,059,*78
$GPRMC,173541.000,A,2632.6800,N,07703.3310,W,0.22,334.55,220324,,,A*71
$GPGGA,173546.000,2632.6780,N,07703.3329,W,1,07,1.2,-12.7,M,-33.0,M,,0000*78
$GPGSA,A,3,14,21,13,07,30,22,02,,,,,,2.3,1.2,2.0*30
$GPGSV,3,1,12,30,64,243,17,14,52,340,20,17,49,289,19,07,49,182,21*7F
$GPGSV,3,2,12,02,45,045,27,22,35,321,22,21,28,041,16,19,27,262,20*78
$GPGSV,3,3,12,03,17,120,17,06,10,207,23,13,09,285,24,08,07,059,*78
$GPRMC,173546.000,A,2632.6780,N,07703.3329,W,0.15,20.18,220324,,,A*40
$GPVTG,20.18,T,,M,0.15,N,0.3,K,A*31
$GPGGA,173551.000,2632.6792,N,07703.3334,W,1,06,1.3,-10.0,M,-33.0,M,,0000*74
$GPGSA,A,3,14,21,13,07,22,02,,,,,,,2.7,1.3,2.3*35
$GPGSV,3,1,12,30,64,243,,14,52,340,21,17,49,289,18,07,49,182,21*79
$GPGSV,3,2,12,02,45,045,27,22,35,321,22,21,28,041,16,19,27,262,20*78
$GPGSV,3,3,12,03,17,120,18,06,10,207,23,13,09,285,23,08,07,059,*70
$GPRMC,173551.000,A,2632.6792,N,07703.3334,W,0.85,358.34,220324,,,A*72
$GPVTG,358.34,T,,M,0.85,N,1.6,K,A*0E
$GPGGA,173556.000,2632.6809,N,07703.3350,W,1,06,1.3,-6.5,M,-33.0,M,,0000*4E
$GPGSA,A,3,14,21,13,07,22,02,,,,,,,2.6,1.3,2.3*34
$GPGSV,3,1,12,30,64,243,,14,52,340,21,17,49,289,,07,49,182,22*73
$GPGSV,3,2,12,02,45,045,27,22,35,321,22,21,28,041,16,19,27,262,20*78
$GPGSV,3,3,12,03,17,120,18,06,10,207,23,13,09,285,23,08,07,059,*70
$GPRMC,173556.000,A,2632.6809,N,07703.3350,W,0.22,250.76,220324,,,A*78
$GPVTG,250.76,T,,M,0.22,N,0.4,K,A*0F
$GPGGA,173601.000,2632.6811,N,07703.3361,W,1,07,1.2,-0.2,M,-33.0,M,,0000*45
$GPGSA,A,3,14,21,13,07,30,22,02,,,,,,2.3,1.2,1.9*3A
$GPGSV,3,1,12,30,64,243,18,14,52,340,22,17,49,289,,07,49,182,22*79
$GPGSV,3,2,12,02,45,045,28,22,35,321,22,21,28,041,15,19,27,262,20*74
$GPGSV,3,3,12,03,17,120,17,06,10,207,24,13,09,285,23,08,07,059,*78
$GPRMC,173601.000,A,2632.6811,N,07703.3361,W,0.87,191.67,220324,,,A*73
$GPVTG,191.67,T,,M,0.87,N,1.6,K,A*0D
$GPGGA,173606.000,2632.6789,N,07703.3361,W,1,07,1.2,1.3,M,-33.0,M,,0000*61
$GPGSA,A,3,14,21,13,07,30,22,02,,,,,,2.3,1.2,1.9*3A
$GPGSV,3,1,12,30,64,243,17,14,52,340,23,17,49,289,,07,49,182,22*77
$GPGSV,3,2,12,02,45,045,28,22,35,321,22,21,28,041,16,19,27,262,21*76
$GPGSV,3,3,12,03,17,120,16,06,10,207,23,13,09,285,23,08,07,059,*7E
$GPRMC,173606.000,A,2632.6789,N,07703.3361,W,0.62,273.53,220324,,,A*79
$GPVTG,273.53,T,,M,0.62,N,1.2,K,A*0A
$GPGGA,173611.000,2632.6806,N,07703.3375,W,1,07,1.2,7.5,M,-33.0,M,,0000*6A
$GPGSA,A,3,14,21,13,07,30,22,02,,,,,,2.3,1.2,1.9*3A
$GPGSV,3,1,12,30,64,243,17,14,52,340,24,17,49,289,,07,49,182,23*71
$GPGSV,3,2,12,02,45,045,28,22,35,321,22,21,28,041,16,19,27,262,22*75
$GPGSV,3,3,12,03,17,120,17,06,10,207,19,13,09,285,23,08,07,059,*76
$GPVTG,323.11,T,,M,0.31,N,0.6,K,A*0B
$GPGGA,173616.000,2632.6787,N,07703.3364,W,1,07,1.2,9.5,M,-33.0,M,,0000*65
$GPGSA,A,3,14,21,13,07,30,22,02,,,,,,2.3,1.2,1.9*3A
$GPGSV,3,1,12,30,64,243,17,14,52,340,24,17,49,289,,07,49,182,23*71
$GPGSV,3,2,12,02,45,045,29,22,35,321,22,21,28,041,16,19,27,262,23*75
$GPGSV,3,3,12,03,17,120,17,06,10,207,19,13,09,285,22,08,07,059,*77
$GPRMC,173616.000,A,2632.6787,N,07703.3364,W,0.70,150.16,220324,,,A*73
$GPVTG,150.16,T,,M,0.70,N,1.3,K,A*0B
$GPGGA,173621.000,2632.6782,N,07703.3369,W,1,07,1.2,12.7,M,-33.0,M,,0000*51
$GPGSA,A,3,14,21,13,07,30,22,02,,,,,,2.3,1.2,1.9*3A
$GPGSV,3,1,12,30,64,243,17,14,52,340,24,17,49,289,,07,49,182,23*71
$GPGSV,3,2,12,02,45,045,29,22,35,321,22,21,28,041,23,19,27,262,24*74
$GPGSV,3,3,12,03,17,120,17,06,10,207,19,13,09,285,22,08,07,059,*77
$GPRMC,173621.000,A,2632.6782,N,07703.3369,W,0.38,244.86,220324,,,A*7C
$GPVTG,244.86,T,,M,0.38,N,0.7,K,A*0D
$GPGGA,173626.000,2632.6798,N,07703.3391,W,1,07,1.2,19.1,M,-33.0,M,,0000*57
$GPGSA,A,3,14,21,13,07,30,22,02,,,,,,2.3,1.2,1.9*3A
$GPGSV,3,1,12,30,64,243,18,14,52,340,24,17,49,289,,07,49,182,23*7E
$GPGSV,3,2,12,02,45,045,29,22,35,321,22,21,28,041,22,19,27,262,24*75
$GPGSV,3,3,12,03,17,120,16,06,10,207,19,13,09,285,21,08,07,059,*75
$GPRMC,173626.000,A,2632.6798,N,07703.3391,W,0.52,318.81,220324,,,A*74
$GPVTG,318.81,T,,M,0.52,N,1.0,K,A*08
$GPGGA,173631.000,2632.6792,N,07703.3395,W,1,07,1.2,18.7,M,-33.0,M,,0000*58
$GPGSA,A,3,14,21,13,07,30,22,02,,,,,,2.3,1.2,1.9*3A
$GPGSV,3,1,12,30,64,243,18,14,52,340,25,17,49,289,,07,49,182,23*7F
$GPGSV,3,2,12,02,45,045,29,22,35,321,23,21,28,041,17,19,27,262,24*72
$GPGSV,3,3,12,03,17,120,15,06,10,207,19,13,09,285,20,08,07,059,*77
$GPRMC,173631.000,A,2632.6792,N,07703.3395,W,0.76,139.89,220324,,,A*73
$GPVTG,139.89,T,,M,0.76,N,1.4,K,A*03
$GPGGA,173636.000,2632.6795,N,07703.3403,W,1,07,1.2,18.9,M,-33.0,M,,0000*5E
$GPGSA,A,3,14,21,13,07,30,22,02,,,,,,2.3,1.2,1.9*3A
$GPGSV,3,1,12,30,64,243,20,14,52,340,26,17,49,289,,07,49,182,23*77
$GPGSV,3,2,12,02,45,045,29,22,35,321,23,21,28,041,18,19,27,262,25*7C
$GPGSV,3,3,12,03,17,120,15,06,10,207,19,13,09,285,20,08,07,059,*77
$GPRMC,173636.000,A,2632.6795,N,07703.3403,W,0.66,273.79,220324,,,A*78
$GPVTG,273.79,T,,M,0.66,N,1.2,K,A*06
$GPGGA,173641.000,2632.6799,N,07703.3399,W,1,07,1.2,17.6,M,-33.0,M,,0000*56
$GPGSA,A,3,14,21,13,07,30,22,02,,,,,,2.3,1.2,1.9*3A
$GPGSV,3,1,12,30,64,243,20,14,52,340,26,17,49,289,,07,49,182,20*74
$GPGSV,3,2,12,02,45,045,29,22,35,321,23,21,28,041,22,19,27,262,25*75
$GPGSV,3,3,12,03,17,120,15,06,10,207,19,13,09,285,20,08,07,059,*77
$GPVTG,11.96,T,,M,0.66,N,1.2,K,A*31
$GPGGA,173646.000,2632.6790,N,07703.3400,W,1,07,1.2,17.2,M,-33.0,M,,0000*5B
$GPGSA,A,3,14,21,13,07,30,22,02,,,,,,2.3,1.2,1.9*3A
$GPGSV,3,1,12,30,64,243,20,14,52,340,26,17,49,289,,07,49,182,21*75
$GPGSV,3,2,12,02,45,045,30,22,35,321,23,21,28,041,21,19,27,262,25*7E
$GPGSV,3,3,12,03,17,120,14,06,10,207,20,13,09,285,19,08,07,059,*76
$GPRMC,173646.000,A,2632.6790,N,07703.3400,W,0.37,171.47,220324,,,A*71
$GPVTG,171.47,T,,M,0.37,N,0.7,K,A*0A
$GPGGA,173651.000,2632.6783,N,07703.3413,W,1,07,1.2,13.8,M,-33.0,M,,0000*53
$GPGSA,A,3,14,21,13,07,30,22,02,,,,,,2.3,1.2,1.9*3A
$GPGSV,3,1,12,30,64,243,20,14,52,340,27,17,49,289,,07,49,182,22*77
$GPGSV,3,2,12,02,45,045,30,22,35,321,23,21,28,041,21,19,27,262,25*7E
$GPGSV,3,3,12,03,17,120,,06,10,207,20,13,09,285,17,08,07,059,*7D
$GPRMC,173651.000,A,2632.6783,N,07703.3413,W,0.73,184.37,220324,,,A*7A
$GPVTG,184.37,T,,M,0.73,N,1.4,K,A*05
$GPGGA,173656.000,2632.6798,N,07703.3416,W,1,07,1.2,9.8,M,-33.0,M,,0000*60
$GPGSA,A,3,14,21,13,07,30,22,02,,,,,,2.3,1.2,1.9*3A
$GPGSV,3,1,12,30,64,243,19,14,52,340,27,17,49,289,,07,49,182,22*7D
$GPGSV,3,2,12,02,45,045,30,22,35,321,23,21,28,041,20,19,27,262,24*7E
$GPGSV,3,3,12,03,17,120,,06,10,207,21,13,09,285,17,08,07,059,*7C
$GPRMC,173656.000,A,2632.6798,N,07703.3416,W,0.14,58.68,220324,,,A*49
$GPVTG,58.68,T,,M,0.14,N,0.3,K,A*38
$GPGGA,173701.000,2632.6771,N,07703.3413,W,1,07,1.2,4.3,M,-33.0,M,,0000*67
$GPGSA,A,3,14,21,13,07,30,22,02,,,,,,2.3,1.2,1.9*3A
$GPGSV,3,1,12,30,64,243,18,14,52,340,27,17,49,289,,07,49,182,22*7C
$GPGSV,3,2,12,02,45,045,30,22,35,321,22,21,28,041,19,19,27,262,21*70
$GPGSV,3,3,12,03,17,120,,06,10,207,21,13,09,285,19,08,07,059,*72
$GPRMC,173701.000,A,2632.6771,N,07703.3413,W,0.68,143.74,220324,,,A*75
$GPVTG,143.74,T,,M,0.68,N,1.3,K,A*04
$GPGGA,173706.000,2632.6770,N,07703.3409,W,1,07,1.2,3.7,M,-33.0,M,,0000*69
$GPGSA,A,3,14,21,13,07,30,22,02,,,,,,2.3,1.2,1.9*3A
$GPGSV,3,1,12,30,64,243,18,14,52,340,27,17,49,289,,07,49,182,21*7F
$GPGSV,3,2,12,02,45,045,29,22,35,321,22,21,28,041,19,19,27,262,21*78
$GPGSV,3,3,12,03,17,120,,06,10,207,21,13,09,285,18,08,07,059,*73
$GPRMC,173706.000,A,2632.6770,N,07703.3409,W,2.04,157.54,220324,,,A*77
$GPVTG,157.54,T,,M,2.04,N,3.8,K,A*02
$GPGGA,173711.000,2632.6745,N,07703.3403,W,1,07,1.2,5.7,M,-33.0,M,,0000*65
$GPGSA,A,3,14,21,13,07,30,22,02,,,,,,2.3,1.2,1.9*3A
$GPGSV,3,1,12,30,64,243,18,14,52,340,27,17,49,289,,07,49,182,21*7F
$GPGSV,3,2,12,02,45,045,29,22,35,321,22,21,28,041,20,19,27,262,21*72
$GPGSV,3,3,12,03,17,120,,06,10,207,20,13,09,285,18,08,07,059,*72
$GPRMC,173711.000,A,2632.6745,N,07703.3403,W,1.23,220.83,220324,,,A*72
$GPVTG,220.83,T,,M,1.23,N,2.3,K,A*07
$GPGGA,173716.000,2632.6758,N,07703.3409,W,1,07,1.2,5.0,M,-33.0,M,,0000*63
$GPGSA,A,3,14,21,13,07,30,22,02,,,,,,2.3,1.2,1.9*3A
$GPGSV,3,1,12,30,64,243,17,14,52,340,27,17,49,289,,07,49,182,21*70
$GPGSV,3,2,12,02,45,045,29,22,35,321,22,21,28,041,20,19,27,262,21*72
$GPGSV,3,3,12,03,17,120,,06,10,207,20,13,09,285,18,08,07,059,*72
$GPVTG,178.28,T,,M,0.82,N,1.5,K,A*07
$GPGGA,173721.000,2632.6777,N,07703.3415,W,1,07,1.2,9.9,M,-33.0,M,,0000*62
$GPGSA,A,3,14,21,13,07,30,22,02,,,,,,2.3,1.2,1.9*3A
$GPGSV,3,1,12,30,64,243,17,14,52,340,26,17,49,289,,07,49,182,21*71
$GPGSV,3,2,12,02,45,045,29,22,35,321,21,21,28,041,20,19,27,262,22*72
$GPGSV,3,3,12,03,17,120,,06,10,207,20,13,09,285,17,08,07,059,*7D
$GPRMC,173721.000,A,2632.6777,N,07703.3415,W,0.96,157.62,220324,,,A*74
$GPVTG,157.62,T,,M,0.96,N,1.8,K,A*0C
$GPGGA,173726.000,2632.6795,N,07703.3425,W,1,07,1.2,18.3,M,-33.0,M,,0000*50
$GPGSA,A,3,14,21,13,07,30,22,02,,,,,,2.3,1.2,1.9*3A
$GPGSV,3,1,12,30,64,243,17,14,52,340,26,17,49,289,,07,49,182,21*71
$GPGSV,3,2,12,02,45,045,28,22,35,321,22,21,28,041,21,19,27,262,22*71
$GPGSV,3,3,12,03,17,120,,06,10,207,20,13,09,285,16,08,07,059,*7C
$GPRMC,173726.000,A,2632.6795,N,07703.3425,W,0.42,187.11,220324,,,A*7C
$GPVTG,187.11,T,,M,0.42,N,0.8,K,A*0D
$GPGGA,173731.000,2632.6788,N,07703.3421,W,1,07,1.2,16.9,M,-33.0,M,,0000*5A
$GPGSA,A,3,14,21,13,07,30,22,02,,,,,,2.3,1.2,1.9*3A
$GPGSV,3,1,12,30,64,243,18,14,52,340,26,17,49,289,,07,49,182,22*7D
$GPGSV,3,2,12,02,45,045,28,22,35,321,22,21,28,041,21,19,27,262,23*70
$GPGSV,3,3,12,03,17,120,,06,10,207,20,13,09,285,15,08,07,059,*7F
$GPRMC,173731.000,A,2632.6788,N,07703.3421,W,1.01,146.81,220324,,,A*70
$GPVTG,146.81,T,,M,1.01,N,1.9,K,A*0F
$GPGGA,173736.000,2632.6780,N,07703.3418,W,1,07,1.2,18.3,M,-33.0,M,,0000*5B
$GPGSA,A,3,14,21,13,07,30,22,02,,,,,,2.3,1.2,1.9*3A
$GPGSV,3,1,12,30,64,243,18,14,52,340,26,17,49,289,,07,49,182,22*7D
$GPGSV,3,2,12,02,45,045,28,22,35,321,23,21,28,041,21,19,27,262,22*70
$GPGSV,3,3,12,03,17,120,,06,10,207,21,13,09,285,15,08,07,059,*7E
$GPRMC,173736.000,A,2632.6780,N,07703.3418,W,0.53,181.40,220324,,,A*75
$GPVTG,181.40,T,,M,0.53,N,1.0,K,A*06
$GPGGA,173741.000,2632.6790,N,07703.3420,W,1,07,1.2,15.4,M,-33.0,M,,0000*5B
$GPGSA,A,3,14,21,13,07,30,22,02,,,,,,2.3,1.2,1.9*3A
$GPGSV,3,1,12,30,64,243,19,14,52,340,26,17,49,289,,07,49,182,22*7C
$GPGSV,3,2,12,02,45,045,27,22,35,321,23,21,28,041,21,19,27,262,21*7C
$GPGSV,3,3,12,03,17,120,,06,10,207,21,13,09,285,15,08,07,059,*7E
$GPRMC,173741.000,A,2632.6790,N,07703.3420,W,0.20,126.57,220324,,,A*70
$GPVTG,126.57,T,,M,0.20,N,0.4,K,A*0C
$GPGGA,173746.000,2632.6787,N,07703.3415,W,1,07,1.2,13.6,M,-33.0,M,,0000*58
$GPGSA,A,3,14,21,13,07,30,22,02,,,,,,2.3,1.2,1.9*3A
$GPGSV,3,1,12,30,64,240,20,14,53,341,27,17,50,291,,07,47,182,22*7B
$GPGSV,3,2,12,02,44,044,27,22,36,322,23,19,28,264,20,21,27,041,21*7B
$GPGSV,3,3,12,03,18,119,,06,11,207,20,13,09,284,15,08,06,060,*71
$GPVTG,86.38,T,,M,0.63,N,1.2,K,A*3E
$GPGGA,173751.000,2632.6792,N,07703.3409,W,1,07,1.2,14.3,M,-33.0,M,,0000*55
$GPGSA,A,3,14,21,13,07,30,22,02,,,,,,2.3,1.2,1.9*3A
$GPGSV,3,1,12,30,64,240,22,14,53,341,27,17,50,291,,07,47,182,23*78
$GPGSV,3,2,12,02,44,044,27,22,36,322,23,19,28,264,18,21,27,041,22*73
$GPGSV,3,3,12,03,18,119,,06,11,207,20,13,09,284,14,08,06,060,*70
$GPRMC,173751.000,A,2632.6792,N,07703.3409,W,0.08,79.14,220324,,,A*4E
$GPVTG,79.14,T,,M,0.08,N,0.1,K,A*3F
$GPGGA,173756.000,2632.6781,N,07703.3405,W,1,07,1.2,9.3,M,-33.0,M,,0000*60
$GPGSA,A,3,14,21,13,07,30,22,02,,,,,,2.3,1.2,1.9*3A
$GPGSV,3,1,12,30,64,240,23,14,53,341,27,17,50,291,,07,47,182,24*7E
$GPGSV,3,2,12,02,44,044,28,22,36,322,22,19,28,264,19,21,27,041,22*7C
$GPGSV,3,3,12,03,18,119,,06,11,207,20,13,09,284,14,08,06,060,*70
$GPRMC,173756.000,A,2632.6781,N,07703.3405,W,0.27,222.82,220324,,,A*79
$GPVTG,222.82,T,,M,0.27,N,0.5,K,A*05
$GPGGA,173801.000,2632.6798,N,07703.3412,W,1,06,1.5,8.4,M,-33.0,M,,0000*63
$GPGSA,A,3,14,21,07,30,22,02,,,,,,,4.2,1.5,3.9*3A
$GPGSV,3,1,12,30,64,240,24,14,53,341,26,17,50,291,,07,47,182,24*78
$GPGSV,3,2,12,02,44,044,28,22,36,322,22,19,28,264,18,21,27,041,23*7C
$GPGSV,3,3,12,03,18,119,,06,11,207,20,13,09,284,,08,06,060,*75
$GPRMC,173801.000,A,2632.6798,N,07703.3412,W,0.16,287.44,220324,,,A*7D
$GPVTG,287.44,T,,M,0.16,N,0.3,K,A*04
$GPGGA,173806.000,2632.6803,N,07703.3403,W,1,06,1.5,0.7,M,-33.0,M,,0000*62
$GPGSA,A,3,14,21,07,30,22,02,,,,,,,4.2,1.5,3.9*3A
$GPGSV,3,1,12,30,64,240,25,14,53,341,26,17,50,291,,07,47,182,24*79
$GPGSV,3,2,12,02,44,044,28,22,36,322,21,19,28,264,18,21,27,041,22*7E
$GPGSV,3,3,12,03,18,119,,06,11,207,19,13,09,284,,08,06,060,*7F
$GPRMC,173806.000,A,2632.6803,N,07703.3403,W,0.49,111.60,220324,,,A*77
$GPVTG,111.60,T,,M,0.49,N,0.9,K,A*0E
$GPGGA,173811.000,2632.6798,N,07703.3417,W,1,06,1.5,-9.1,M,-33.0,M,,0000*4E
$GPGSA,A,3,14,21,07,30,22,02,,,,,,,4.2,1.5,3.9*3A
$GPGSV,3,1,12,30,64,240,25,14,53,341,27,17,50,291,,07,47,182,24*78
$GPGSV,3,2,12,02,44,044,27,22,36,322,21,19,28,264,18,21,27,041,22*71
$GPGSV,3,3,12,03,18,119,,06,11,207,19,13,09,284,,08,06,060,*7F
$GPRMC,173811.000,A,2632.6798,N,07703.3417,W,0.89,222.37,220324,,,A*74
$GPVTG,222.37,T,,M,0.89,N,1.6,K,A*0D
$GPGGA,173816.000,2632.6807,N,07703.3427,W,1,06,1.5,-7.6,M,-33.0,M,,0000*4A
$GPGSA,A,3,14,21,07,30,22,02,,,,,,,4.2,1.5,3.9*3A
$GPGSV,3,1,12,30,64,239,25,14,54,341,27,17,50,292,,07,47,182,24*72
$GPGSV,3,2,12,02,44,044,27,22,36,323,21,19,28,264,18,21,27,041,22*70
$GPGSV,3,3,12,03,18,119,,06,11,207,19,13,09,283,,08,06,060,*78
$GPVTG,314.49,T,,M,0.49,N,0.9,K,A*02
$GPGGA,173821.000,2632.6818,N,07703.3422,W,1,06,1.5,-2.0,M,-33.0,M,,0000*46
$GPGSA,A,3,14,21,07,30,22,02,,,,,,,4.2,1.5,3.9*3A
$GPGSV,3,1,12,30,64,239,25,14,54,341,27,17,50,292,,07,47,182,24*72
$GPGSV,3,2,12,02,44,044,28,22,36,323,20,19,28,264,22,21,27,041,23*76
$GPGSV,3,3,12,03,18,119,,06,11,207,17,13,09,283,,08,06,060,*76
$GPRMC,173821.000,A,2632.6818,N,07703.3422,W,0.79,122.48,220324,,,A*72
$GPVTG,122.48,T,,M,0.79,N,1.5,K,A*0A
$GPGGA,173826.000,2632.6825,N,07703.3425,W,1,06,1.5,-2.5,M,-33.0,M,,0000*4D
$GPGSA,A,3,14,21,07,30,22,02,,,,,,,4.2,1.5,3.9*3A
$GPGSV,3,1,12,30,64,239,25,14,54,341,28,17,50,292,,07,47,182,23*7A
$GPGSV,3,2,12,02,44,044,28,22,36,323,20,19,28,264,20,21,27,041,23*74
$GPGSV,3,3,12,03,18,119,,06,11,207,,13,09,283,,08,06,060,*70
$GPRMC,173826.000,A,2632.6825,N,07703.3425,W,0.78,84.64,220324,,,A*4E
$GPVTG,84.64,T,,M,0.78,N,1.4,K,A*39
$GPGGA,173831.000,2632.6812,N,07703.3410,W,1,06,1.5,2.1,M,-33.0,M,,0000*60
$GPGSA,A,3,14,21,07,30,22,02,,,,,,,4.2,1.5,3.9*3A
$GPGSV,3,1,12,30,64,239,25,14,54,341,28,17,50,292,,07,47,182,23*7A
$GPGSV,3,2,12,02,44,044,28,22,36,323,20,19,28,264,21,21,27,041,23*75
$GPGSV,3,3,12,03,18,119,,06,11,207,,13,09,283,,08,06,060,*70
$GPRMC,173831.000,A,2632.6812,N,07703.3410,W,0.63,111.60,220324,,,A*79
$GPVTG,111.60,T,,M,0.63,N,1.2,K,A*0C
$GPGGA,173836.000,2632.6813,N,07703.3408,W,1,07,1.2,0.3,M,-33.0,M,,0000*69
$GPGSA,A,3,13,14,21,07,30,22,02,,,,,,2.3,1.2,1.9*3A
$GPGSV,3,1,12,30,64,239,25,14,54,341,28,17,50,292,,07,47,182,24*7D
$GPGSV,3,2,12,02,44,044,29,22,36,323,19,19,28,264,21,21,27,041,24*79
$GPGSV,3,3,12,03,18,119,,06,11,207,,13,09,283,17,08,06,060,*76
$GPRMC,173836.000,A,2632.6813,N,07703.3408,W,0.26,181.91,220324,,,A*70
$GPVTG,181.91,T,,M,0.26,N,0.5,K,A*0C
$GPGGA,173841.000,2632.6812,N,07703.3404,W,1,07,1.2,1.7,M,-33.0,M,,0000*61
$GPGSA,A,3,13,14,21,07,30,22,02,,,,,,2.3,1.2,1.9*3A
$GPGSV,3,1,12,30,64,239,26,14,54,341,28,17,50,292,,07,47,182,24*7E
$GPGSV,3,2,12,02,44,044,29,22,36,323,19,19,28,264,21,21,27,041,25*78
$GPGSV,3,3,12,03,18,119,,06,11,207,,13,09,283,17,08,06,060,*76
$GPRMC,173841.000,A,2632.6812,N,07703.3404,W,0.52,129.96,220324,,,A*7B
$GPVTG,129.96,T,,M,0.52,N,1.0,K,A*0E
$GPGGA,173846.000,2632.6815,N,07703.3412,W,1,07,1.2,1.2,M,-33.0,M,,0000*63
$GPGSA,A,3,13,14,21,07,30,22,02,,,,,,2.3,1.2,1.9*3A
$GPGSV,3,1,12,30,64,239,26,14,54,341,28,17,50,292,,07,47,182,24*7E
$GPGSV,3,2,12,02,44,044,29,22,36,323,19,19,28,264,21,21,27,041,25*78
$GPRMC,173846.000,A,2632.6815,N,07703.3412,W,0.59,184.25,220324,,,A*78
$GPVTG,184.25,T,,M,0.59,N,1.1,K,A*0B
$GPGGA,173851.000,2632.6816,N,07703.3410,W,1,07,1.2,2.5,M,-33.0,M,,0000*60
$GPGSA,A,3,13,14,21,07,30,22,02,,,,,,2.3,1.2,1.9*3A
$GPGSV,3,1,12,30,64,239,26,14,54,341,28,17,50,292,,07,47,182,24*7E
$GPGSV,3,2,12,02,44,044,29,22,36,323,19,19,28,264,20,21,27,041,25*79
$GPGSV,3,3,12,03,18,119,,06,11,207,,13,09,283,19,08,06,060,*78
$GPRMC,173851.000,A,2632.6816,N,07703.3410,W,0.11,305.48,220324,,,A*73
$GPGGA,173856.000,2632.6811,N,07703.3401,W,1,07,1.2,4.6,M,-33.0,M,,0000*65
$GPGSA,A,3,13,14,21,07,30,22,02,,,,,,2.3,1.2,1.9*3A
$GPGSV,3,1,12,30,64,239,26,14,54,341,28,17,50,292,,07,47,182,24*7E
$GPGSV,3,2,12,02,44,044,29,22,36,323,18,19,28,264,20,21,27,041,25*78
$GPGSV,3,3,12,03,18,119,,06,11,207,,13,09,283,21,08,06,060,*73
$GPRMC,173856.000,A,2632.6811,N,07703.3401,W,0.55,139.78,220324,,,A*7D
$GPVTG,139.78,T,,M,0.55,N,1.0,K,A*08
$GPGGA,173901.000,2632.6797,N,07703.3388,W,1,07,1.2,5.3,M,-33.0,M,,0000*65
$GPGSA,A,3,13,14,21,07,30,22,02,,,,,,2.3,1.2,1.9*3A
$GPGSV,3,1,12,30,64,239,26,14,54,341,29,17,50,292,,07,47,182,23*78
$GPGSV,3,2,12,02,44,044,29,22,36,323,17,19,28,264,19,21,27,041,25*7D
$GPGSV,3,3,12,03,18,119,,06,11,207,,13,09,283,21,08,06,060,*73
$GPRMC,173901.000,A,2632.6797,N,07703.3388,W,0.24,99.04,220324,,,A*4F
$GPVTG,99.04,T,,M,0.24,N,0.4,K,A*3B
$GPGGA,173906.000,2632.6794,N,07703.3379,W,1,07,1.2,6.3,M,-33.0,M,,0000*6C
$GPGSA,A,3,13,14,21,07,30,22,02,,,,,,2.3,1.2,1.9*3A
$GPGSV,3,1,12,30,64,239,27,14,54,341,29,17,50,292,,07,47,182,23*79
$GPGSV,3,2,12,02,44,044,29,22,36,323,17,19,28,264,,21,27,041,26*76
$GPGSV,3,3,12,03,18,119,,06,11,207,,13,09,283,21,08,06,060,*73
$GPRMC,173906.000,A,2632.6794,N,07703.3379,W,0.21,115.69,220324,,,A*7E
$GPVTG,115.69,T,,M,0.21,N,0.4,K,A*00
$GPGGA,173911.000,2632.6790,N,07703.3372,W,1,07,1.2,6.6,M,-33.0,M,,0000*60
$GPGSA,A,3,13,14,21,07,30,22,02,,,,,,2.3,1.2,1.9*3A
$GPGSV,3,1,12,30,64,239,27,14,54,341,29,17,50,292,,07,47,182,22*78
$GPGSV,3,2,12,02,44,044,29,22,36,323,17,19,28,264,,21,27,041,26*76
$GPGSV,3,3,12,03,18,119,,06,11,207,,13,09,283,22,08,06,060,*70
$GPRMC,173911.000,A,2632.6790,N,07703.3372,W,0.16,53.65,220324,,,A*4C
$GPVTG,53.65,T,,M,0.16,N,0.3,K,A*3C
$GPGGA,173916.000,2632.6802,N,07703.3367,W,1,07,1.2,9.2,M,-33.0,M,,0000*6C
$GPGSA,A,3,13,14,21,07,30,22,02,,,,,,2.3,1.2,1.9*3A
$GPGSV,3,1,12,30,64,239,27,14,54,341,29,17,50,292,,07,47,182,21*7B
$GPGSV,3,2,12,02,44,044,29,22,36,323,17,19,28,264,,21,27,041,26*76
$GPGSV,3,3,12,03,18,119,,06,11,207,,13,09,283,21,08,06,060,*73
$GPVTG,246.50,T,,M,0.42,N,0.8,K,A*06
$GPGGA,173921.000,2632.6803,N,07703.3360,W,1,07,1.2,11.2,M,-33.0,M,,0000*57
$GPGSA,A,3,13,14,21,07,30,22,02,,,,,,2.3,1.2,1.9*3A
$GPGSV,3,1,12,30,64,239,27,14,54,341,30,17,50,292,,07,47,182,20*72
$GPGSV,3,2,12,02,44,044,29,22,36,323,18,19,28,264,,21,27,041,26*79
$GPGSV,3,3,12,03,18,119,,06,11,207,,13,09,283,20,08,06,060,*72
$GPRMC,173921.000,A,2632.6803,N,07703.3360,W,0.58,124.83,220324,,,A*7A
$GPVTG,124.83,T,,M,0.58,N,1.1,K,A*0C
$GPGGA,173926.000,2632.6800,N,07703.3355,W,1,07,1.2,13.3,M,-33.0,M,,0000*56
$GPGSA,A,3,13,14,21,07,30,22,02,,,,,,2.2,1.2,1.9*3B
$GPGSV,3,1,12,30,64,239,27,14,54,341,30,17,50,292,,07,47,182,20*72
$GPGSV,3,2,12,02,44,044,29,22,36,323,18,19,28,264,,21,27,041,27*78
$GPGSV,3,3,12,03,18,119,,06,11,207,,13,09,283,21,08,06,060,*73
$GPRMC,173926.000,A,2632.6800,N,07703.3355,W,0.10,300.12,220324,,,A*78
$GPVTG,300.12,T,,M,0.10,N,0.2,K,A*0E
$GPGGA,173931.000,2632.6790,N,07703.3354,W,1,07,1.2,15.9,M,-33.0,M,,0000*5B
$GPGSA,A,3,13,14,21,07,30,22,02,,,,,,2.2,1.2,1.9*3B
$GPGSV,3,1,12,30,64,239,27,14,54,341,30,17,50,292,,07,47,182,20*72
$GPGSV,3,2,12,02,44,044,29,22,36,323,19,19,28,264,,21,27,041,27*79
$GPGSV,3,3,12,03,18,119,,06,11,207,,13,09,283,21,08,06,060,*73
$GPRMC,173931.000,A,2632.6790,N,07703.3354,W,0.29,102.84,220324,,,A*7C
$GPVTG,102.84,T,,M,0.29,N,0.5,K,A*0C
$GPGGA,173936.000,2632.6785,N,07703.3358,W,1,07,1.2,14.8,M,-33.0,M,,0000*54
$GPGSA,A,3,13,14,21,07,30,22,02,,,,,,2.2,1.2,1.9*3B
$GPGSV,3,1,12,30,64,239,27,14,54,341,29,17,50,292,,07,47,182,19*70
$GPGSV,3,2,12,02,44,044,29,22,36,323,20,19,28,264,19,21,27,041,27*7B
$GPGSV,3,3,12,03,18,119,,06,11,207,,13,09,283,20,08,06,060,*72
$GPRMC,173936.000,A,2632.6785,N,07703.3358,W,0.07,216.91,220324,,,A*7D
$GPVTG,216.91,T,,M,0.07,N,0.1,K,A*06
$GPGGA,173941.000,2632.6798,N,07703.3367,W,1,07,1.2,12.4,M,-33.0,M,,0000*5E
$GPGSA,A,3,13,14,21,07,30,22,02,,,,,,2.2,1.2,1.9*3B
$GPGSV,3,1,12,30,64,239,28,14,54,341,29,17,50,292,,07,47,182,18*7E
$GPGSV,3,2,12,02,44,044,29,22,36,323,20,19,28,264,19,21,27,041,27*7B
$GPGSV,3,3,12,03,18,119,,06,11,207,,13,09,283,20,08,06,060,*72
$GPRMC,173941.000,A,2632.6798,N,07703.3367,W,0.54,108.38,220324,,,A*74
$GPVTG,108.38,T,,M,0.54,N,1.0,K,A*0F
$GPGGA,173946.000,2632.6804,N,07703.3375,W,1,07,1.2,10.3,M,-33.0,M,,0000*55
$GPGSA,A,3,13,14,21,07,30,22,02,,,,,,2.2,1.2,1.9*3B
$GPGSV,3,1,12,30,64,239,28,14,54,341,29,17,50,292,,07,47,182,18*7E
$GPGSV,3,2,12,02,44,044,29,22,36,323,21,19,28,264,18,21,27,041,27*7B
$GPGSV,3,3,12,03,18,119,,06,11,207,,13,09,283,19,08,06,060,*78
$GPVTG,142.52,T,,M,0.61,N,1.1,K,A*0A
$GPGGA,173951.000,2632.6796,N,07703.3369,W,1,07,1.2,10.3,M,-33.0,M,,0000*5A
$GPGSA,A,3,13,14,21,07,30,22,02,,,,,,2.2,1.2,1.9*3B
$GPGSV,3,1,12,30,64,239,29,14,54,341,29,17,50,292,,07,47,182,18*7F
$GPGSV,3,2,12,02,44,044,29,22,36,323,22,19,28,264,19,21,27,041,28*76
$GPGSV,3,3,12,03,18,119,,06,11,207,,13,09,283,19,08,06,060,*78
$GPRMC,173951.000,A,2632.6796,N,07703.3369,W,0.78,124.46,220324,,,A*7C
$GPVTG,124.46,T,,M,0.78,N,1.4,K,A*02
$GPGGA,173956.000,2632.6792,N,07703.3373,W,1,07,1.2,7.5,M,-33.0,M,,0000*62
$GPGSA,A,3,13,14,21,07,30,22,02,,,,,,2.2,1.2,1.9*3B
$GPGSV,3,1,12,30,64,239,29,14,54,341,29,17,50,292,,07,47,182,17*70
$GPGSV,3,2,12,02,44,044,28,22,36,323,22,19,28,264,19,21,27,041,28*77
$GPGSV,3,3,12,03,18,119,,06,11,207,,13,09,283,19,08,06,060,*78
$GPRMC,173956.000,A,2632.6792,N,07703.3373,W,0.38,284.16,220324,,,A*7C
$GPVTG,284.16,T,,M,0.38,N,0.7,K,A*08
$GPGGA,174001.000,2632.6799,N,07703.3385,W,1,07,1.2,6.8,M,-33.0,M,,0000*60
$GPGSA,A,3,13,14,21,07,30,22,02,,,,,,2.2,1.2,1.9*3B
$GPGSV,3,1,12,30,64,239,29,14,54,341,29,17,50,292,,07,47,182,16*71
$GPGSV,3,2,12,02,44,044,28,22,36,323,22,19,28,264,19,21,27,041,29*76
$GPGSV,3,3,12,03,18,119,,06,11,207,,13,09,283,17,08,06,060,*76
$GPRMC,174001.000,A,2632.6799,N,07703.3385,W,0.56,189.79,220324,,,A*7D
$GPVTG,189.79,T,,M,0.56,N,1.0,K,A*01
$GPGGA,174006.000,2632.6803,N,07703.3396,W,1,06,1.9,2.1,M,-33.0,M,,0000*6E
$GPGSA,A,3,13,14,21,30,22,02,,,,,,,2.7,1.9,2.0*38
$GPGSV,3,1,12,30,64,239,29,14,54,341,29,17,50,292,,07,47,182,*76
$GPGSV,3,2,12,02,44,044,28,22,36,323,22,19,28,264,19,21,27,041,29*76
$GPGSV,3,3,12,03,18,119,,06,11,207,,13,09,283,16,08,06,060,*77
$GPRMC,174006.000,A,2632.6803,N,07703.3396,W,0.55,142.26,220324,,,A*7A
$GPVTG,142.26,T,,M,0.55,N,1.0,K,A*0F
$GPGGA,174011.000,2632.6802,N,07703.3404,W,1,06,1.9,-2.4,M,-33.0,M,,0000*4D
$GPGSA,A,3,13,14,21,30,22,02,,,,,,,2.7,1.9,2.0*38
$GPGSV,3,1,12,30,64,239,30,14,54,341,30,17,50,292,,07,47,182,*76
$GPGSV,3,2,12,02,44,044,28,22,36,323,23,19,28,264,19,21,27,041,29*77
$GPGSV,3,3,12,03,18,119,,06,11,207,,13,09,283,15,08,06,060,*74
$GPRMC,174011.000,A,2632.6802,N,07703.3404,W,0.33,211.68,220324,,,A*7E
$GPVTG,211.68,T,,M,0.33,N,0.6,K,A*07
$GPGGA,174016.000,2632.6797,N,07703.3404,W,1,07,1.2,-5.1,M,-33.0,M,,0000*41
$GPGSA,A,3,13,14,21,07,30,22,02,,,,,,2.2,1.2,1.9*3B
$GPGSV,3,1,12,30,64,239,30,14,54,341,30,17,50,292,,07,47,182,17*70
$GPGSV,3,2,12,02,44,044,28,22,36,323,24,19,28,264,20,21,27,041,29*7A
$GPGSV,3,3,12,03,18,119,,06,11,207,,13,09,283,15,08,06,060,*74
$GPVTG,178.55,T,,M,0.75,N,1.4,K,A*04
$GPGGA,174021.000,2632.6782,N,07703.3400,W,1,07,1.2,-7.7,M,-33.0,M,,0000*41
$GPGSA,A,3,13,14,21,07,30,22,02,,,,,,2.2,1.2,1.9*3B
$GPGSV,3,1,12,30,64,239,30,14,54,341,30,17,50,292,,07,47,182,17*70
$GPGSV,3,2,12,02,44,044,28,22,36,323,24,19,28,264,19,21,27,041,29*70
$GPGSV,3,3,12,03,18,119,,06,11,207,,13,09,283,13,08,06,060,*72
$GPRMC,174021.000,A,2632.6782,N,07703.3400,W,1.04,183.77,220324,,,A*7D
$GPVTG,183.77,T,,M,1.04,N,1.9,K,A*0A
$GPGGA,174026.000,2632.6779,N,07703.3412,W,1,06,1.5,-11.6,M,-33.0,M,,0000*71
$GPGSA,A,3,14,21,07,30,22,02,,,,,,,4.1,1.5,3.8*38
$GPGSV,3,1,12,30,64,239,30,14,54,341,29,17,50,292,19,07,47,182,16*71
$GPGSV,3,2,12,02,44,044,28,22,36,323,25,19,28,264,19,21,27,041,29*71
$GPGSV,3,3,12,03,18,119,,06,11,207,,13,09,283,,08,06,060,*70
$GPRMC,174026.000,A,2632.6779,N,07703.3412,W,0.34,271.90,220324,,,A*78
$GPVTG,271.90,T,,M,0.34,N,0.6,K,A*01
$GPGGA,174031.000,2632.6769,N,07703.3407,W,1,06,1.5,-12.7,M,-33.0,M,,0000*70
$GPGSA,A,3,14,21,07,30,22,02,,,,,,,4.1,1.5,3.8*38
$GPGSV,3,1,12,30,64,239,30,14,54,341,30,17,50,292,19,07,47,182,16*79
$GPGSV,3,2,12,02,44,044,27,22,36,323,25,19,28,264,19,21,27,041,29*7E
$GPGSV,3,3,12,03,18,119,,06,11,207,,13,09,283,,08,06,060,*70
$GPRMC,174031.000,A,2632.6769,N,07703.3407,W,0.90,167.02,220324,,,A*7A
$GPVTG,167.02,T,,M,0.90,N,1.7,K,A*00
$GPGGA,174036.000,2632.6765,N,07703.3396,W,1,06,1.5,-10.7,M,-33.0,M,,0000*76
$GPGSA,A,3,14,21,07,30,22,02,,,,,,,4.1,1.5,3.8*38
$GPGSV,3,1,12,30,64,239,30,14,54,341,30,17,50,292,19,07,47,182,16*79
$GPGSV,3,2,12,02,44,044,27,22,36,323,25,19,28,264,18,21,27,041,29*7F
$GPGSV,3,3,12,03,18,119,,06,11,207,17,13,09,283,,08,06,060,*76
$GPRMC,174036.000,A,2632.6765,N,07703.3396,W,0.25,347.40,220324,,,A*76
$GPVTG,347.40,T,,M,0.25,N,0.5,K,A*0B
$GPGGA,174041.000,2632.6765,N,07703.3398,W,1,06,1.5,-10.4,M,-33.0,M,,0000*7B
$GPGSA,A,3,14,21,07,30,22,02,,,,,,,4.1,1.5,3.8*38
$GPGSV,3,1,12,30,64,239,30,14,54,341,30,17,50,292,20,07,47,182,15*70
$GPGSV,3,2,12,02,44,044,26,22,36,323,25,19,28,264,18,21,27,041,29*7E
$GPGSV,3,3,12,03,18,119,,06,11,207,18,13,09,283,,08,06,060,*79
$GPRMC,174041.000,A,2632.6765,N,07703.3398,W,0.55,153.23,220324,,,A*7D
$GPVTG,153.23,T,,M,0.55,N,1.0,K,A*0A
$GPGGA,174046.000,2632.6762,N,07703.3404,W,1,05,2.4,-13.3,M,-33.0,M,,0000*7C
$GPGSA,A,3,14,21,30,22,02,,,,,,,,5.3,2.4,4.7*36
$GPGSV,3,1,12,30,63,237,30,14,54,343,30,17,50,293,20,07,46,181,*7C
$GPGSV,3,2,12,02,43,043,25,22,37,323,26,19,28,265,18,21,26,040,30*76
$GPGSV,3,3,12,03,18,118,,06,12,207,19,13,09,282,,08,06,061,*7A
$GPRMC,174046.000,A,2632.6762,N,07703.3404,W,0.32,173.02,220324,,,A*7F
$GPVTG,173.02,T,,M,0.32,N,0.6,K,A*0D
$GPGGA,174051.000,2632.6765,N,07703.3404,W,1,05,2.3,-14.3,M,-33.0,M,,0000*7D
$GPGSA,A,3,14,21,30,22,02,,,,,,,,5.3,2.3,4.7*31
$GPGSV,3,1,12,30,63,237,30,14,54,343,30,17,50,293,19,07,46,181,*76
$GPGSV,3,2,12,02,43,043,25,22,37,323,27,19,28,265,18,21,26,040,30*77
$GPGSV,3,3,12,03,18,118,,06,12,207,20,13,09,282,,08,06,061,*70
$GPVTG,159.56,T,,M,0.29,N,0.5,K,A*0D
$GPGGA,174056.000,2632.6771,N,07703.3395,W,1,06,1.5,-11.9,M,-33.0,M,,0000*79
$GPGSA,A,3,14,21,07,30,22,02,,,,,,,4.1,1.5,3.8*38
$GPGSV,3,1,12,30,63,237,30,14,54,343,30,17,50,293,19,07,46,181,17*70
$GPGSV,3,2,12,02,43,043,25,22,37,323,27,19,28,265,19,21,26,040,30*76
$GPGSV,3,3,12,03,18,118,,06,12,207,20,13,09,282,,08,06,061,*70
$GPRMC,174056.000,A,2632.6771,N,07703.3395,W,0.58,146.16,220324,,,A*7C
$GPVTG,146.16,T,,M,0.58,N,1.1,K,A*04
$GPGGA,174101.000,2632.6770,N,07703.3398,W,1,06,1.5,-13.3,M,-33.0,M,,0000*7E
$GPGSA,A,3,14,21,07,30,22,02,,,,,,,4.1,1.5,3.8*38
$GPGSV,3,1,12,30,63,237,30,14,54,343,30,17,50,293,18,07,46,181,15*73
$GPGSV,3,2,12,02,43,043,25,22,37,323,27,19,28,265,18,21,26,040,30*77
$GPGSV,3,3,12,03,18,118,,06,12,207,21,13,09,282,,08,06,061,*71
$GPRMC,174101.000,A,2632.6770,N,07703.3398,W,0.43,169.35,220324,,,A*75
$GPVTG,169.35,T,,M,0.43,N,0.8,K,A*0A
$GPGGA,174106.000,2632.6774,N,07703.3397,W,1,06,1.5,-13.2,M,-33.0,M,,0000*73
$GPGSA,A,3,14,21,07,30,22,02,,,,,,,4.1,1.5,3.8*38
$GPGSV,3,1,12,30,63,237,30,14,54,343,30,17,50,293,18,07,46,181,15*73
$GPGSV,3,2,12,02,43,043,24,22,37,323,27,19,28,265,18,21,26,040,30*76
$GPGSV,3,3,12,03,18,118,,06,12,207,21,13,09,282,,08,06,061,*71
$GPRMC,174106.000,A,2632.6774,N,07703.3397,W,0.08,76.35,220324,,,A*49
$GPVTG,76.35,T,,M,0.08,N,0.2,K,A*30
$GPGGA,174111.000,2632.6775,N,07703.3397,W,1,07,1.2,-12.9,M,-33.0,M,,0000*78
$GPGSA,A,3,14,21,07,30,13,22,02,,,,,,2.2,1.2,1.9*3B
$GPGSV,3,1,12,30,63,237,30,14,54,343,30,17,50,293,19,07,46,181,14*73
$GPGSV,3,2,12,02,43,043,24,22,37,323,27,19,28,265,18,21,26,040,31*77
$GPGSV,3,3,12,03,18,118,,06,12,207,21,13,09,282,15,08,06,061,*75
$GPRMC,174111.000,A,2632.6775,N,07703.3397,W,0.70,170.39,220324,,,A*7A
$GPVTG,170.39,T,,M,0.70,N,1.3,K,A*04
$GPGGA,174116.000,2632.6774,N,07703.3399,W,1,07,1.2,-14.0,M,-33.0,M,,0000*7F
$GPGSA,A,3,14,21,07,30,13,22,02,,,,,,2.2,1.2,1.9*3B
$GPGSV,3,1,12,30,63,236,30,14,55,343,29,17,50,294,20,07,45,181,14*75
$GPGSV,3,2,12,02,43,043,24,22,37,323,27,19,28,265,18,21,26,040,31*77
$GPGSV,3,3,12,03,18,118,,06,12,207,22,13,09,282,16,08,06,061,*75
$GPRMC,174116.000,A,2632.6774,N,07703.3399,W,0.38,189.69,220324,,,A*7D
$GPVTG,189.69,T,,M,0.38,N,0.7,K,A*0E
$GPGGA,174121.000,2632.6771,N,07703.3387,W,1,07,1.2,-12.6,M,-33.0,M,,0000*71
$GPGSA,A,3,14,21,07,30,13,22,02,,,,,,2.2,1.2,1.9*3B
$GPGSV,3,1,12,30,63,236,31,14,55,343,29,17,50,294,20,07,45,181,14*74
$GPGSV,3,2,12,02,43,043,24,22,37,323,26,19,28,265,17,21,26,040,31*79
$GPGSV,3,3,12,03,18,118,,06,12,207,21,13,09,282,15,08,06,061,*75
$GPVTG,138.93,T,,M,1.54,N,2.8,K,A*07
$GPGGA,174126.000,2632.6775,N,07703.3385,W,1,07,1.2,-10.7,M,-33.0,M,,0000*73
$GPGSA,A,3,14,21,07,30,13,22,02,,,,,,2.2,1.2,1.9*3B
$GPGSV,3,1,12,30,63,236,30,14,55,343,29,17,50,294,21,07,45,181,16*76
$GPGSV,3,2,12,02,43,043,23,22,37,323,26,19,28,265,16,21,26,040,31*7F
$GPGSV,3,3,12,03,18,118,,06,12,207,21,13,09,282,15,08,06,061,*75
$GPRMC,174126.000,A,2632.6775,N,07703.3385,W,0.74,97.26,220324,,,A*4F
$GPVTG,97.26,T,,M,0.74,N,1.4,K,A*31
$GPGGA,174131.000,2632.6774,N,07703.3389,W,1,07,1.2,-11.8,M,-33.0,M,,0000*76
$GPGSA,A,3,14,21,07,30,13,22,02,,,,,,2.2,1.2,1.9*3B
$GPGSV,3,1,12,30,63,236,30,14,55,343,28,17,50,294,20,07,45,181,16*76
$GPGSV,3,2,12,02,43,043,23,22,37,323,26,19,28,265,16,21,26,040,32*7C
$GPGSV,3,3,12,03,18,118,,06,12,207,21,13,09,282,16,08,06,061,*76
$GPRMC,174131.000,A,2632.6774,N,07703.3389,W,1.08,144.39,220324,,,A*7F
$GPVTG,144.39,T,,M,1.08,N,2.0,K,A*0D
$GPGGA,174136.000,2632.6774,N,07703.3382,W,1,07,1.2,-10.5,M,-33.0,M,,0000*76
$GPGSA,A,3,14,21,07,30,13,22,02,,,,,,2.2,1.2,1.9*3B
$GPGSV,3,1,12,30,63,236,29,14,55,343,28,17,50,294,20,07,45,181,15*7D
$GPGSV,3,2,12,02,43,043,23,22,37,323,26,19,28,265,16,21,26,040,32*7C
$GPGSV,3,3,12,03,18,118,,06,12,207,21,13,09,282,17,08,06,061,*77
$GPRMC,174136.000,A,2632.6774,N,07703.3382,W,0.45,137.89,220324,,,A*74
$GPVTG,137.89,T,,M,0.45,N,0.8,K,A*00
$GPGGA,174141.000,2632.6779,N,07703.3378,W,1,07,1.2,-7.7,M,-33.0,M,,0000*4A
$GPGSA,A,3,14,21,07,30,13,22,02,,,,,,2.2,1.2,1.9*3B
$GPGSV,3,1,12,30,63,236,29,14,55,343,28,17,50,294,18,07,45,181,14*77
$GPGSV,3,2,12,02,43,043,22,22,37,323,26,19,28,265,16,21,26,040,32*7D
$GPGSV,3,3,12,03,18,118,,06,12,207,22,13,09,282,18,08,06,061,*7B
$GPRMC,174141.000,A,2632.6779,N,07703.3378,W,0.23,130.38,220324,,,A*71
$GPVTG,130.38,T,,M,0.23,N,0.4,K,A*01
$GPGGA,174146.000,2632.6793,N,07703.3388,W,1,06,1.9,-5.8,M,-33.0,M,,0000*41
$GPGSA,A,3,14,21,30,13,22,02,,,,,,,2.7,1.9,1.9*32
$GPGSV,3,1,12,30,63,236,29,14,55,343,27,17,50,294,18,07,45,181,*7D
$GPGSV,3,2,12,02,42,043,21,22,37,324,26,19,29,265,17,21,26,040,32*78
$GPGSV,3,3,12,03,19,118,,06,13,207,21,13,09,282,18,08,05,061,*7B
$GPRMC,174146.000,A,2632.6793,N,07703.3388,W,0.16,351.70,220324,,,A*72
$GPVTG,351.70,T,,M,0.16,N,0.3,K,A*09
$GPGGA,174151.000,2632.6811,N,07703.3390,W,1,06,1.9,1.4,M,-33.0,M,,0000*6E
$GPGSA,A,3,14,21,30,13,22,02,,,,,,,2.7,1.9,1.9*32
$GPGSV,3,1,12,30,63,236,29,14,55,343,25,17,50,294,18,07,45,181,*7F
$GPGSV,3,2,12,02,42,043,17,22,37,324,27,19,29,265,18,21,26,040,32*73
$GPGSV,3,3,12,03,19,118,,06,13,207,21,13,09,282,18,08,05,061,*7B
$GPRMC,174151.000,A,2632.6811,N,07703.3390,W,0.23,56.11,220324,,,A*4D
$GPVTG,56.11,T,,M,0.23,N,0.4,K,A*3B
$GPGGA,174156.000,2632.6825,N,07703.3392,W,1,06,1.9,6.8,M,-33.0,M,,0000*67
$GPGSA,A,3,14,21,30,13,22,02,,,,,,,2.7,1.9,1.9*32
$GPGSV,3,1,12,30,63,236,29,14,55,343,24,17,50,294,17,07,45,181,*71
$GPGSV,3,2,12,02,42,043,19,22,37,324,26,19,29,265,18,21,26,040,33*7D
$GPGSV,3,3,12,03,19,118,,06,13,207,20,13,09,282,18,08,05,061,*7A
$GPVTG,55.39,T,,M,0.45,N,0.8,K,A*3E
$GPGGA,174201.000,2632.6834,N,07703.3397,W,1,06,1.9,10.2,M,-33.0,M,,0000*5E
$GPGSA,A,3,14,21,30,13,22,02,,,,,,,2.7,1.9,1.9*32
$GPGSV,3,1,12,30,63,236,29,14,55,343,24,17,50,294,18,07,45,181,*7E
$GPGSV,3,2,12,02,42,043,20,22,37,324,26,19,29,265,18,21,26,040,33*77
$GPGSV,3,3,12,03,19,118,,06,13,207,19,13,09,282,18,08,05,061,*70
$GPRMC,174201.000,A,2632.6834,N,07703.3397,W,0.44,63.87,220324,,,A*43
$GPVTG,63.87,T,,M,0.44,N,0.8,K,A*3F
$GPGGA,174206.000,2632.6831,N,07703.3389,W,1,07,1.2,11.5,M,-33.0,M,,0000*5F
$GPGSA,A,3,14,21,07,30,13,22,02,,,,,,2.2,1.2,1.9*3B
$GPGSV,3,1,12,30,63,236,29,14,55,343,24,17,50,294,18,07,45,181,18*77
$GPGSV,3,2,12,02,42,043,20,22,37,324,26,19,29,265,18,21,26,040,33*77
$GPGSV,3,3,12,03,19,118,,06,13,207,20,13,09,282,18,08,05,061,*7A
$GPRMC,174206.000,A,2632.6831,N,07703.3389,W,0.54,31.41,220324,,,A*42
$GPVTG,31.41,T,,M,0.54,N,1.0,K,A*3A
$GPGGA,174211.000,2632.6829,N,07703.3385,W,1,07,1.2,11.4,M,-33.0,M,,0000*5D
$GPGSA,A,3,14,21,07,30,13,22,02,,,,,,2.2,1.2,1.8*3A
$GPGSV,3,1,12,30,63,236,29,14,55,343,24,17,50,294,18,07,45,181,20*7C
$GPGSV,3,2,12,02,42,043,20,22,37,324,26,19,29,265,19,21,26,040,33*76
$GPGSV,3,3,12,03,19,118,,06,13,207,20,13,09,282,18,08,05,061,*7A
$GPRMC,174211.000,A,2632.6829,N,07703.3385,W,0.78,79.70,220324,,,A*41
$GPVTG,79.70,T,,M,0.78,N,1.4,K,A*3E
$GPGGA,174216.000,2632.6816,N,07703.3382,W,1,07,1.2,7.8,M,-33.0,M,,0000*6A
$GPGSA,A,3,14,21,07,30,13,22,02,,,,,,2.2,1.2,1.8*3A
$GPGSV,3,1,12,30,63,236,29,14,55,343,24,17,50,294,18,07,45,181,20*7C
$GPGSV,3,2,12,02,42,043,20,22,37,324,26,19,29,265,20,21,26,040,33*7C
$GPGSV,3,3,12,03,19,118,,06,13,207,19,13,09,282,18,08,05,061,*70
$GPRMC,174216.000,A,2632.6816,N,07703.3382,W,0.21,48.86,220324,,,A*4A
$GPVTG,48.86,T,,M,0.21,N,0.4,K,A*38
$GPGGA,174221.000,2632.6809,N,07703.3383,W,1,07,1.2,5.9,M,-33.0,M,,0000*62
$GPGSA,A,3,14,21,07,30,13,22,02,,,,,,2.2,1.2,1.8*3A
$GPGSV,3,1,12,30,63,236,30,14,55,343,24,17,50,294,18,07,45,181,20*74
$GPGSV,3,2,12,02,42,043,21,22,37,324,26,19,29,265,21,21,26,040,33*7C
$GPGSV,3,3,12,03,19,118,,06,13,207,18,13,09,282,19,08,05,061,*70
$GPRMC,174221.000,A,2632.6809,N,07703.3383,W,0.37,231.02,220324,,,A*76
$GPVTG,231.02,T,,M,0.37,N,0.7,K,A*0C
$GPGGA,174226.000,2632.6817,N,07703.3399,W,1,07,1.2,4.6,M,-33.0,M,,0000*6F
$GPGSA,A,3,14,21,07,30,13,22,02,,,,,,2.2,1.2,1.8*3A
$GPGSV,3,1,12,30,63,236,30,14,55,343,23,17,50,294,17,07,45,181,20*7C
$GPGSV,3,2,12,02,42,043,21,22,37,324,25,19,29,265,21,21,26,040,33*7F
$GPGSV,3,3,12,03,19,118,,06,13,207,17,13,09,282,19,08,05,061,*7F
$GPVTG,243.43,T,,M,0.25,N,0.5,K,A*0D
$GPGGA,174231.000,2632.6818,N,07703.3408,W,1,07,1.2,3.3,M,-33.0,M,,0000*6B
$GPGSA,A,3,14,21,07,30,13,22,02,,,,,,2.2,1.2,1.8*3A
$GPGSV,3,1,12,30,63,236,30,14,55,343,22,17,50,294,17,07,45,181,20*7D
$GPGSV,3,2,12,02,42,043,22,22,37,324,25,19,29,265,22,21,26,040,34*78
$GPGSV,3,3,12,03,19,118,,06,13,207,,13,09,282,20,08,05,061,*73
$GPRMC,174231.000,A,2632.6818,N,07703.3408,W,0.61,210.43,220324,,,A*76
$GPVTG,210.43,T,,M,0.61,N,1.1,K,A*0E
$GPGGA,174236.000,2632.6827,N,07703.3403,W,1,07,1.2,6.1,M,-33.0,M,,0000*6C
$GPGSA,A,3,14,21,07,30,13,22,02,,,,,,2.2,1.2,1.8*3A
$GPGSV,3,1,12,30,63,236,30,14,55,343,22,17,50,294,16,07,45,181,21*7D
$GPGSV,3,2,12,02,42,043,22,22,37,324,26,19,29,265,23,21,26,040,34*7A
$GPGSV,3,3,12,03,19,118,,06,13,207,,13,09,282,20,08,05,061,*73
$GPRMC,174236.000,A,2632.6827,N,07703.3403,W,0.21,105.26,220324,,,A*76
$GPVTG,105.26,T,,M,0.21,N,0.4,K,A*0A
$GPGGA,174241.000,2632.6830,N,07703.3392,W,1,07,1.2,8.7,M,-33.0,M,,0000*6D
$GPGSA,A,3,14,21,07,30,13,22,02,,,,,,2.2,1.2,1.8*3A
$GPGSV,3,1,12,30,63,236,30,14,55,343,21,17,50,294,,07,45,181,21*79
$GPGSV,3,2,12,02,42,043,22,22,37,324,26,19,29,265,23,21,26,040,34*7A
$GPGSV,3,3,12,03,19,118,,06,13,207,,13,09,282,21,08,05,061,*72
$GPRMC,174241.000,A,2632.6830,N,07703.3392,W,0.59,131.84,220324,,,A*7F
$GPVTG,131.84,T,,M,0.59,N,1.1,K,A*0E
$GPGGA,174246.000,2632.6819,N,07703.3381,W,1,07,1.2,8.0,M,-33.0,M,,0000*64
$GPGSA,A,3,14,21,07,30,13,22,02,,,,,,2.2,1.2,1.8*3A
$GPGSV,3,1,12,30,63,236,30,14,55,343,21,17,50,294,,07,45,181,22*7A
$GPGSV,3,2,12,02,42,043,22,22,37,324,27,19,29,265,23,21,26,040,34*7B
$GPGSV,3,3,12,03,19,118,,06,13,207,,13,09,282,22,08,05,061,*71
$GPRMC,174246.000,A,2632.6819,N,07703.3381,W,0.47,133.87,220324,,,A*7F
$GPVTG,133.87,T,,M,0.47,N,0.9,K,A*09
$GPGGA,174251.000,2632.6816,N,07703.3377,W,1,07,1.2,8.6,M,-33.0,M,,0000*62
$GPGSA,A,3,14,21,07,30,13,22,02,,,,,,2.2,1.2,1.8*3A
$GPGSV,3,1,12,30,63,236,30,14,55,343,20,17,50,294,,07,45,181,22*7B
$GPGSV,3,2,12,02,42,043,22,22,37,324,27,19,29,265,23,21,26,040,34*7B
$GPGSV,3,3,12,03,19,118,,06,13,207,,13,09,282,21,08,05,061,*72
$GPRMC,174251.000,A,2632.6816,N,07703.3377,W,0.21,301.06,220324,,,A*75
$GPVTG,301.06,T,,M,0.21,N,0.4,K,A*0E
$GPGGA,174256.000,2632.6812,N,07703.3377,W,1,07,1.2,7.4,M,-33.0,M,,0000*6C
$GPGSA,A,3,14,21,07,30,13,22,02,,,,,,2.2,1.2,1.8*3A
$GPGSV,3,1,12,30,63,236,29,14,55,343,19,17,50,294,,07,45,181,23*78
$GPGSV,3,2,12,02,42,043,22,22,37,324,28,19,29,265,24,21,26,040,34*73
$GPGSV,3,3,12,03,19,118,,06,13,207,,13,09,282,21,08,05,061,*72
$GPVTG,142.20,T,,M,0.55,N,1.0,K,A*09
$GPGGA,174301.000,2632.6809,N,07703.3375,W,1,07,1.2,7.1,M,-33.0,M,,0000*62
$GPGSA,A,3,14,21,07,30,13,22,02,,,,,,2.2,1.2,1.8*3A
$GPGSV,3,1,12,30,63,236,29,14,55,343,20,17,50,294,,07,45,181,23*72
$GPGSV,3,2,12,02,42,043,21,22,37,324,28,19,29,265,24,21,26,040,34*70
$GPGSV,3,3,12,03,19,118,,06,13,207,18,13,09,282,22,08,05,061,*78
$GPRMC,174301.000,A,2632.6809,N,07703.3375,W,0.33,113.20,220324,,,A*7B
$GPVTG,113.20,T,,M,0.33,N,0.6,K,A*0A
$GPGGA,174306.000,2632.6804,N,07703.3368,W,1,07,1.2,6.7,M,-33.0,M,,0000*63
$GPGSA,A,3,14,21,07,30,13,22,02,,,,,,2.2,1.2,1.8*3A
$GPGSV,3,1,12,30,63,236,29,14,55,343,20,17,50,294,,07,45,181,24*75
$GPGSV,3,2,12,02,42,043,21,22,37,324,28,19,29,265,25,21,26,040,34*71
$GPGSV,3,3,12,03,19,118,,06,13,207,19,13,09,282,23,08,05,061,*78
$GPRMC,174306.000,A,2632.6804,N,07703.3368,W,0.23,130.92,220324,,,A*74
$GPVTG,130.92,T,,M,0.23,N,0.4,K,A*01
$GPGGA,174311.000,2632.6803,N,07703.3367,W,1,07,1.2,6.9,M,-33.0,M,,0000*63
$GPGSA,A,3,14,21,07,30,13,22,02,,,,,,2.2,1.2,1.8*3A
$GPGSV,3,1,12,30,63,236,29,14,55,343,20,17,50,294,,07,45,181,23*72
$GPGSV,3,2,12,02,42,043,21,22,37,324,28,19,29,265,25,21,26,040,34*71
$GPGSV,3,3,12,03,19,118,,06,13,207,19,13,09,282,23,08,05,061,*78
$GPRMC,174311.000,A,2632.6803,N,07703.3367,W,0.52,199.18,220324,,,A*7D
$GPVTG,199.18,T,,M,0.52,N,1.0,K,A*03
$GPGGA,174316.000,2632.6806,N,07703.3373,W,1,07,1.2,6.1,M,-33.0,M,,0000*6C
$GPGSA,A,3,14,21,07,30,13,22,02,,,,,,2.2,1.2,1.8*3A
$GPGSV,3,1,12,30,63,236,28,14,55,343,20,17,50,294,,07,45,181,23*73
$GPGSV,3,2,12,02,42,043,22,22,37,324,29,19,29,265,25,21,26,040,34*73
$GPGSV,3,3,12,03,19,118,,06,13,207,18,13,09,282,23,08,05,061,*79
$GPRMC,174316.000,A,2632.6806,N,07703.3373,W,0.31,114.77,220324,,,A*73
$GPVTG,114.77,T,,M,0.31,N,0.6,K,A*0D
$GPGGA,174321.000,2632.6814,N,07703.3373,W,1,07,1.2,5.3,M,-33.0,M,,0000*6A
$GPGSA,A,3,14,21,07,30,13,22,02,,,,,,2.2,1.2,1.8*3A
$GPGSV,3,1,12,30,63,236,23,14,55,343,20,17,50,294,,07,45,181,23*78
$GPGSV,3,2,12,02,42,043,22,22,37,324,29,19,29,265,25,21,26,040,24*72
$GPGSV,3,3,12,03,19,118,,06,13,207,18,13,09,282,13,08,05,061,*7A
$GPRMC,174321.000,A,2632.6814,N,07703.3373,W,1.01,99.99,220324,,,A*42
$GPVTG,99.99,T,,M,1.01,N,1.9,K,A*35
$GPGGA,174326.000,2632.6816,N,07703.3382,W,1,06,1.6,3.5,M,-33.0,M,,0000*64
$GPGSA,A,3,14,21,07,30,22,02,,,,,,,4.1,1.6,3.8*3B
$GPGSV,3,1,12,30,63,236,23,14,55,343,20,17,50,294,,07,45,181,23*78
$GPGSV,3,2,12,02,42,043,22,22,37,324,29,19,29,265,24,21,26,040,24*73
$GPRMC,174326.000,A,2632.6816,N,07703.3382,W,1.08,164.00,220324,,,A*73
$GPVTG,164.00,T,,M,1.08,N,2.0,K,A*05
$GPGGA,174331.000,2632.6802,N,07703.3374,W,1,06,1.6,6.9,M,-33.0,M,,0000*67
$GPGSA,A,3,14,21,07,30,22,02,,,,,,,4.1,1.6,3.8*3B
$GPGSV,3,1,12,30,63,236,23,14,55,343,20,17,50,294,21,07,45,181,21*79
$GPGSV,3,2,12,02,42,043,23,22,37,324,24,19,29,265,23,21,26,040,25*79
$GPGSV,3,3,12,03,19,118,,06,13,207,16,13,09,282,,08,05,061,*76
$GPRMC,174331.000,A,2632.6802,N,07703.3374,W,1.21,120.61,220324,,,A*75
$GPGGA,174336.000,2632.6801,N,07703.3374,W,1,06,1.6,2.8,M,-33.0,M,,0000*66
$GPGSA,A,3,14,21,07,30,22,02,,,,,,,4.1,1.6,3.8*3B
$GPGSV,3,1,12,30,63,236,23,14,55,343,21,17,50,294,19,07,45,181,20*72
$GPGSV,3,2,12,02,42,043,23,22,37,324,25,19,29,265,27,21,26,040,29*70
$GPGSV,3,3,12,03,19,118,,06,13,207,16,13,09,282,,08,05,061,*76
$GPRMC,174336.000,A,2632.6801,N,07703.3374,W,0.37,158.27,220324,,,A*7A
$GPVTG,158.27,T,,M,0.37,N,0.7,K,A*07
$GPGGA,174341.000,2632.6804,N,07703.3384,W,1,06,1.6,-1.8,M,-33.0,M,,0000*42
$GPGSA,A,3,14,21,07,30,22,02,,,,,,,4.1,1.6,3.8*3B
$GPGSV,3,1,12,30,63,236,22,14,55,343,22,17,50,294,19,07,45,181,20*70
$GPGSV,3,2,12,02,42,043,23,22,37,324,25,19,29,265,27,21,26,040,29*70
$GPGSV,3,3,12,03,19,118,,06,13,207,,13,09,282,,08,05,061,*71
$GPRMC,174341.000,A,2632.6804,N,07703.3384,W,0.53,204.80,220324,,,A*75
$GPVTG,204.80,T,,M,0.53,N,1.0,K,A*04
$GPGGA,174346.000,2632.6809,N,07703.3383,W,1,06,1.6,-0.6,M,-33.0,M,,0000*40
$GPGSA,A,3,14,21,07,30,22,02,,,,,,,4.1,1.6,3.8*3B
$GPGSV,3,1,12,30,63,236,22,14,55,343,22,17,50,294,19,07,45,181,21*71
$GPGSV,3,2,12,02,42,043,24,22,37,324,25,19,29,265,26,21,26,040,29*76
$GPGSV,3,3,12,03,19,118,,06,13,207,,13,09,282,,08,05,061,*71
$GPRMC,174346.000,A,2632.6809,N,07703.3383,W,0.41,196.79,220324,,,A*75
$GPVTG,196.79,T,,M,0.41,N,0.8,K,A*00
$GPGGA,174351.000,2632.6813,N,07703.3376,W,1,06,1.6,3.6,M,-33.0,M,,0000*69
$GPGSA,A,3,14,21,07,30,22,02,,,,,,,4.1,1.6,3.8*3B
$GPGSV,3,1,12,30,63,236,21,14,55,343,22,17,50,294,19,07,45,181,22*71
$GPGSV,3,2,12,02,42,043,24,22,37,324,24,19,29,265,26,21,26,040,29*77
$GPGSV,3,3,12,03,19,118,,06,13,207,,13,09,282,,08,05,061,*71
$GPRMC,174351.000,A,2632.6813,N,07703.3376,W,0.35,32.46,220324,,,A*42
$GPVTG,32.46,T,,M,0.35,N,0.6,K,A*3E
$GPGGA,174356.000,2632.6831,N,07703.3410,W,1,07,1.2,3.4,M,-33.0,M,,0000*6E
$GPGSA,A,3,13,14,21,07,30,22,02,,,,,,2.2,1.2,1.8*3A
$GPGSV,3,1,12,30,63,236,21,14,55,343,22,17,50,294,20,07,45,181,22*7B
$GPGSV,3,2,12,02,42,043,24,22,37,324,22,19,29,265,26,21,26,040,29*71
$GPGSV,3,3,12,03,19,118,,06,13,207,,13,09,282,17,08,05,061,*77
$GPVTG,313.53,T,,M,1.39,N,2.6,K,A*05
$GPGGA,174401.000,2632.6838,N,07703.3398,W,1,06,1.6,5.4,M,-33.0,M,,0000*66
$GPGSA,A,3,14,21,07,30,22,02,,,,,,,4.1,1.6,3.8*3B
$GPGSV,3,1,12,30,63,236,21,14,55,343,17,17,50,294,20,07,45,181,21*7E
$GPGSV,3,2,12,02,42,043,17,22,37,324,24,19,29,265,13,21,26,040,28*70
$GPGSV,3,3,12,03,19,118,,06,13,207,,13,09,282,,08,05,061,*71
$GPRMC,174401.000,A,2632.6838,N,07703.3398,W,1.27,123.24,220324,,,A*7E
$GPVTG,123.24,T,,M,1.27,N,2.3,K,A*0E
$GPGGA,174406.000,2632.6812,N,07703.3384,W,1,05,2.3,3.6,M,-33.0,M,,0000*65
$GPGSA,A,3,14,21,30,22,02,,,,,,,,5.1,2.3,4.6*32
$GPGSV,3,1,12,30,63,236,22,14,55,343,18,17,50,294,20,07,45,181,10*70
$GPGSV,3,2,12,02,42,043,19,22,37,324,30,19,29,265,23,21,26,040,29*79
$GPGSV,3,3,12,03,19,118,,06,13,207,19,13,09,282,,08,05,061,*79
$GPRMC,174406.000,A,2632.6812,N,07703.3384,W,0.59,193.27,220324,,,A*7C
$GPVTG,193.27,T,,M,0.59,N,1.1,K,A*0F
$GPGGA,174411.000,2632.6804,N,07703.3380,W,1,07,1.2,-0.0,M,-33.0,M,,0000*48
$GPGSA,A,3,14,21,07,30,13,22,02,,,,,,2.2,1.2,1.8*3A
$GPGSV,3,1,12,30,63,236,22,14,55,343,27,17,50,294,17,07,45,181,20*7B
$GPGSV,3,2,12,02,42,043,14,22,37,324,31,19,29,265,19,21,26,040,25*70
$GPGSV,3,3,12,03,19,118,,06,13,207,16,13,09,282,17,08,05,061,*70
$GPRMC,174411.000,A,2632.6804,N,07703.3380,W,0.30,99.22,220324,,,A*48
$GPVTG,99.22,T,,M,0.30,N,0.6,K,A*38
$GPGGA,174416.000,2632.6803,N,07703.3381,W,1,07,1.2,-2.7,M,-33.0,M,,0000*4C
$GPGSA,A,3,14,21,07,30,13,22,02,,,,,,2.2,1.2,1.8*3A
$GPGSV,3,1,12,30,63,236,29,14,55,343,20,17,50,294,15,07,45,181,20*75
$GPGSV,3,2,12,02,42,043,26,22,37,324,31,19,29,265,18,21,26,040,21*74
$GPGSV,3,3,12,03,19,118,,06,13,207,14,13,09,282,23,08,05,061,*75
$GPRMC,174416.000,A,2632.6803,N,07703.3381,W,0.54,161.09,220324,,,A*74
$GPVTG,161.09,T,,M,0.54,N,1.0,K,A*02
$GPGGA,174421.000,2632.6785,N,07703.3393,W,1,07,1.2,-7.8,M,-33.0,M,,0000*40
$GPGSA,A,3,14,21,07,30,13,22,02,,,,,,2.2,1.2,1.8*3A
$GPGSV,3,1,12,30,63,236,28,14,55,343,18,17,50,294,,07,45,181,20*7B
$GPGSV,3,2,12,02,42,043,17,22,37,324,31,19,29,265,,21,26,040,20*7E
$GPGSV,3,3,12,03,19,118,18,06,13,207,14,13,09,282,22,08,05,061,*7D
$GPRMC,174421.000,A,2632.6785,N,07703.3393,W,1.35,159.33,220324,,,A*76
$GPVTG,159.33,T,,M,1.35,N,2.5,K,A*00
$GPGGA,174426.000,2632.6800,N,07703.3422,W,1,06,1.3,-7.8,M,-33.0,M,,0000*48
$GPGSA,A,3,14,21,07,30,13,22,,,,,,,2.2,1.3,1.8*39
$GPGSV,3,1,12,30,63,236,14,14,55,343,17,17,50,294,,07,45,181,19*71
$GPGSV,3,2,12,02,42,043,,22,37,324,14,19,29,265,23,21,26,040,27*79
$GPRMC,174426.000,A,2632.6800,N,07703.3422,W,1.65,323.36,220324,,,A*71
$GPVTG,323.36,T,,M,1.65,N,3.1,K,A*0A
$GPGGA,174431.000,2632.6820,N,07703.3418,W,1,05,1.8,-4.6,M,-33.0,M,,0000*40
$GPGSA,A,3,21,07,02,30,13,,,,,,,,3.2,1.8,2.7*38
$GPGSV,3,1,12,30,63,236,14,14,55,343,,17,50,294,23,07,45,181,17*78
$GPGSV,3,2,12,02,42,043,14,22,37,324,,19,29,265,25,21,26,040,28*70
$GPGSV,3,3,12,03,19,118,16,06,13,207,19,13,09,282,17,08,05,061,*78
$GPRMC,174431.000,A,2632.6820,N,07703.3418,W,0.54,62.21,220324,,,A*4F
$GPGGA,174436.000,2632.6847,N,07703.3407,W,1,04,2.9,-5.7,M,-33.0,M,,0000*4B
$GPGSA,A,3,02,21,07,13,,,,,,,,,6.8,2.9,6.1*34
$GPGSV,3,1,12,30,63,236,14,14,55,343,,17,50,294,23,07,45,181,17*78
$GPGSV,3,2,12,02,42,043,20,22,37,324,,19,29,265,25,21,26,040,29*76
$GPGSV,3,3,12,03,19,118,16,06,13,207,18,13,09,282,18,08,05,061,*76
$GPRMC,174436.000,A,2632.6847,N,07703.3407,W,1.57,314.67,220324,,,A*75
$GPVTG,314.67,T,,M,1.57,N,2.9,K,A*02
$GPGGA,174441.000,2632.6816,N,07703.3361,W,1,05,1.8,-14.0,M,-33.0,M,,0000*7C
$GPGSA,A,3,02,21,07,30,13,,,,,,,,3.2,1.8,2.7*38
$GPGSV,3,1,12,30,63,236,17,14,55,343,,17,50,294,23,07,45,181,16*7A
$GPGSV,3,2,12,02,42,043,18,22,37,324,,19,29,265,25,21,26,040,29*7D
$GPGSV,3,3,12,03,19,118,16,06,13,207,18,13,09,282,19,08,05,061,*77
$GPRMC,174441.000,A,2632.6816,N,07703.3361,W,3.05,142.47,220324,,,A*70
$GPVTG,142.47,T,,M,3.05,N,5.7,K,A*0D
$GPGGA,174446.000,2632.6784,N,07703.3338,W,1,05,1.8,-14.6,M,-33.0,M,,0000*75
$GPGSA,A,3,02,21,07,30,13,,,,,,,,3.2,1.8,2.7*38
$GPGSV,3,1,12,30,62,233,16,14,56,345,,17,50,296,24,07,44,181,15*7D
$GPGSV,3,2,12,02,41,043,19,22,38,325,14,19,29,267,25,21,24,040,29*74
$GPGSV,3,3,12,03,19,116,16,06,14,208,18,13,09,281,20,08,05,062,*7B
$GPRMC,174446.000,A,2632.6784,N,07703.3338,W,2.36,154.18,220324,,,A*73
$GPVTG,154.18,T,,M,2.36,N,4.4,K,A*03
$GPGGA,174451.000,2632.6764,N,07703.3321,W,1,05,1.8,-21.9,M,-33.0,M,,0000*7C
$GPGSA,A,3,02,21,07,30,13,,,,,,,,3.2,1.8,2.7*38
$GPGSV,3,1,12,30,62,233,16,14,56,345,,17,50,296,24,07,44,181,14*7C
$GPGSV,3,2,12,02,41,043,19,22,38,325,,19,29,267,26,21,24,040,29*72
$GPGSV,3,3,12,03,19,116,16,06,14,208,18,13,09,281,20,08,05,062,*7B
$GPRMC,174451.000,A,2632.6764,N,07703.3321,W,0.86,6.09,220324,,,A*7C
$GPVTG,6.09,T,,M,0.86,N,1.6,K,A*0B
$GPGGA,174456.000,2632.6760,N,07703.3328,W,1,04,2.4,-18.1,M,-33.0,M,,0000*7A
$GPGSA,A,3,02,21,30,13,,,,,,,,,2.6,2.4,1.0*31
$GPGSV,3,1,12,30,62,233,17,14,56,345,15,17,50,296,24,07,44,181,*7C
$GPGSV,3,2,12,02,41,043,20,22,38,325,,19,29,267,26,21,24,040,29*78
$GPGSV,3,3,12,03,19,116,17,06,14,208,17,13,09,281,19,08,05,062,*7F
$GPVTG,205.21,T,,M,1.03,N,1.9,K,A*03
$GPGGA,174501.000,2632.6722,N,07703.3309,W,1,04,2.4,-16.1,M,-33.0,M,,0000*72
$GPGSA,A,3,02,21,30,13,,,,,,,,,2.6,2.4,1.0*31
$GPGSV,3,1,12,30,62,233,16,14,56,345,15,17,50,296,24,07,44,181,*7D
$GPGSV,3,2,12,02,41,043,20,22,38,325,,19,29,267,26,21,24,040,29*78
$GPGSV,3,3,12,03,19,116,17,06,14,208,16,13,09,281,19,08,05,062,*7E
$GPRMC,174501.000,A,2632.6722,N,07703.3309,W,2.29,147.00,220324,,,A*7A
$GPVTG,147.00,T,,M,2.29,N,4.2,K,A*00
$GPGGA,174506.000,2632.6774,N,07703.3334,W,1,04,2.4,-14.6,M,-33.0,M,,0000*7D
$GPGSA,A,3,02,21,30,13,,,,,,,,,2.6,2.4,1.0*31
$GPGSV,3,1,12,30,62,233,17,14,56,345,15,17,50,296,24,07,44,181,*7C
$GPGSV,3,2,12,02,41,043,19,22,38,325,,19,29,267,26,21,24,040,29*72
$GPGSV,3,3,12,03,19,116,16,06,14,208,15,13,09,281,17,08,05,062,*72
$GPRMC,174506.000,A,2632.6774,N,07703.3334,W,3.77,312.71,220324,,,A*7E
$GPVTG,312.71,T,,M,3.77,N,7.0,K,A*0F
$GPGGA,174511.000,2632.6870,N,07703.3410,W,1,06,1.8,-4.8,M,-33.0,M,,0000*43
$GPGSA,A,3,02,21,14,22,30,13,,,,,,,2.6,1.8,1.9*32
$GPGSV,3,1,12,30,62,233,27,14,56,345,15,17,50,296,24,07,44,181,*7F
$GPGSV,3,2,12,02,41,043,25,22,38,325,25,19,29,267,24,21,24,040,28*79
$GPGSV,3,3,12,03,19,116,15,06,14,208,16,13,09,281,18,08,05,062,*7D
$GPRMC,174511.000,A,2632.6870,N,07703.3410,W,1.85,321.78,220324,,,A*74
$GPVTG,321.78,T,,M,1.85,N,3.4,K,A*09
$GPGGA,174516.000,2632.6838,N,07703.3400,W,1,07,1.2,-0.4,M,-33.0,M,,0000*4A
$GPGSA,A,3,02,21,14,22,30,13,07,,,,,,2.1,1.2,1.8*39
$GPGSV,3,1,12,30,62,233,27,14,56,345,17,17,50,296,24,07,44,181,22*7D
$GPGSV,3,2,12,02,41,043,23,22,38,325,24,19,29,267,26,21,24,040,32*77
$GPGSV,3,3,12,03,19,116,16,06,14,208,18,13,09,281,24,08,05,062,*7F
$GPRMC,174516.000,A,2632.6838,N,07703.3400,W,0.69,331.41,220324,,,A*76
$GPVTG,331.41,T,,M,0.69,N,1.3,K,A*04
$GPGGA,174521.000,2632.6826,N,07703.3391,W,1,07,1.2,4.3,M,-33.0,M,,0000*60
$GPGSA,A,3,02,21,14,22,30,13,07,,,,,,2.1,1.2,1.8*39
$GPGSV,3,1,12,30,62,233,27,14,56,345,18,17,50,296,24,07,44,181,22*72
$GPGSV,3,2,12,02,41,043,23,22,38,325,23,19,29,267,26,21,24,040,33*71
$GPGSV,3,3,12,03,19,116,15,06,14,208,19,13,09,281,24,08,05,062,*7D
$GPRMC,174521.000,A,2632.6826,N,07703.3391,W,0.45,143.18,220324,,,A*77
$GPVTG,143.18,T,,M,0.45,N,0.8,K,A*0B
$GPGGA,174526.000,2632.6845,N,07703.3403,W,1,07,1.2,11.1,M,-33.0,M,,0000*58
$GPGSA,A,3,02,21,14,22,30,13,07,,,,,,2.1,1.2,1.8*39
$GPGSV,3,1,12,30,62,233,27,14,56,345,19,17,50,296,24,07,44,181,22*73
$GPGSV,3,2,12,02,41,043,23,22,38,325,23,19,29,267,26,21,24,040,33*71
$GPRMC,174526.000,A,2632.6845,N,07703.3403,W,0.57,318.47,220324,,,A*7C
$GPVTG,318.47,T,,M,0.57,N,1.1,K,A*06
$GPGGA,174531.000,2632.6844,N,07703.3387,W,1,07,1.2,15.2,M,-33.0,M,,0000*53
$GPGSA,A,3,02,21,14,22,30,13,07,,,,,,2.1,1.2,1.8*39
$GPGSV,3,1,12,30,62,233,27,14,56,345,20,17,50,296,25,07,44,181,22*78
$GPGSV,3,2,12,02,41,043,23,22,38,325,23,19,29,267,26,21,24,040,33*71
$GPGSV,3,3,12,03,19,116,16,06,14,208,19,13,09,281,23,08,05,062,*79
$GPRMC,174531.000,A,2632.6844,N,07703.3387,W,0.47,133.17,220324,,,A*7F
$GPGGA,174536.000,2632.6851,N,07703.3397,W,1,07,1.2,18.6,M,-33.0,M,,0000*58
$GPGSA,A,3,02,21,14,22,30,13,07,,,,,,2.1,1.2,1.8*39
$GPGSV,3,1,12,30,62,233,27,14,56,345,21,17,50,296,25,07,44,181,22*79
$GPGSV,3,2,12,02,41,043,23,22,38,325,23,19,29,267,26,21,24,040,33*71
$GPGSV,3,3,12,03,19,116,17,06,14,208,19,13,09,281,23,08,05,062,*78
$GPRMC,174536.000,A,2632.6851,N,07703.3397,W,0.26,315.51,220324,,,A*7E
$GPVTG,315.51,T,,M,0.26,N,0.5,K,A*0F
$GPGGA,174541.000,2632.6846,N,07703.3401,W,1,07,1.2,17.0,M,-33.0,M,,0000*5F
$GPGSA,A,3,02,21,14,22,30,13,07,,,,,,2.1,1.2,1.8*39
$GPGSV,3,1,12,30,62,233,27,14,56,345,22,17,50,296,26,07,44,181,22*79
$GPGSV,3,2,12,02,41,043,23,22,38,325,23,19,29,267,,21,24,040,33*75
$GPGSV,3,3,12,03,19,116,17,06,14,208,19,13,09,281,22,08,05,062,*79
$GPRMC,174541.000,A,2632.6846,N,07703.3401,W,1.05,152.85,220324,,,A*78
$GPVTG,152.85,T,,M,1.05,N,1.9,K,A*0A
$GPGGA,174546.000,2632.6829,N,07703.3393,W,1,07,1.2,12.2,M,-33.0,M,,0000*5A
$GPGSA,A,3,02,21,14,22,30,13,07,,,,,,2.1,1.2,1.8*39
$GPGSV,3,1,12,30,62,233,27,14,56,345,23,17,50,296,26,07,44,181,23*79
$GPGSV,3,2,12,02,41,043,24,22,38,325,22,19,29,267,25,21,24,040,33*74
$GPGSV,3,3,12,03,19,116,17,06,14,208,19,13,09,281,22,08,05,062,*79
$GPRMC,174546.000,A,2632.6829,N,07703.3393,W,0.40,280.46,220324,,,A*79
$GPVTG,280.46,T,,M,0.40,N,0.7,K,A*06
$GPGGA,174551.000,2632.6817,N,07703.3392,W,1,07,1.2,7.9,M,-33.0,M,,0000*6F
$GPGSA,A,3,02,21,14,22,30,13,07,,,,,,2.1,1.2,1.8*39
$GPGSV,3,1,12,30,62,233,27,14,56,345,23,17,50,296,27,07,44,181,23*78
$GPGSV,3,2,12,02,41,043,24,22,38,325,23,19,29,267,24,21,24,040,33*74
$GPGSV,3,3,12,03,19,116,17,06,14,208,20,13,09,281,21,08,05,062,*70
$GPRMC,174551.000,A,2632.6817,N,07703.3392,W,0.82,175.17,220324,,,A*70
$GPVTG,175.17,T,,M,0.82,N,1.5,K,A*06
$GPGGA,174556.000,2632.6811,N,07703.3389,W,1,07,1.2,6.8,M,-33.0,M,,0000*64
$GPGSA,A,3,02,21,14,22,30,13,07,,,,,,2.1,1.2,1.8*39
$GPGSV,3,1,12,30,62,233,27,14,56,345,23,17,50,296,27,07,44,181,22*79
$GPGSV,3,2,12,02,41,043,24,22,38,325,23,19,29,267,24,21,24,040,33*74
$GPGSV,3,3,12,03,19,116,16,06,14,208,19,13,09,281,21,08,05,062,*7B
$GPRMC,174556.000,A,2632.6811,N,07703.3389,W,0.76,139.52,220324,,,A*79
$GPVTG,139.52,T,,M,0.76,N,1.4,K,A*05
$GPGGA,174601.000,2632.6800,N,07703.3388,W,1,07,1.2,5.0,M,-33.0,M,,0000*6F
$GPGSA,A,3,02,21,14,22,30,13,07,,,,,,2.1,1.2,1.8*39
$GPGSV,3,1,12,30,62,233,26,14,56,345,23,17,50,296,27,07,44,181,22*78
$GPGSV,3,2,12,02,41,043,25,22,38,325,22,19,29,267,23,21,24,040,33*73
$GPGSV,3,3,12,03,19,116,16,06,14,208,18,13,09,281,20,08,05,062,*7B
$GPVTG,140.98,T,,M,0.60,N,1.1,K,A*0F
$GPGGA,174606.000,2632.6789,N,07703.3377,W,1,07,1.2,5.7,M,-33.0,M,,0000*61
$GPGSA,A,3,02,21,14,22,30,13,07,,,,,,2.1,1.2,1.8*39
$GPGSV,3,1,12,30,62,233,26,14,56,345,23,17,50,296,27,07,44,181,23*79
$GPGSV,3,2,12,02,41,043,25,22,38,325,22,19,29,267,20,21,24,040,33*70
$GPGSV,3,3,12,03,19,116,16,06,14,208,17,13,09,281,20,08,05,062,*74
$GPRMC,174606.000,A,2632.6789,N,07703.3377,W,0.79,131.88,220324,,,A*70
$GPVTG,131.88,T,,M,0.79,N,1.5,K,A*04
$GPGGA,174611.000,2632.6795,N,07703.3374,W,1,07,1.2,5.7,M,-33.0,M,,0000*69
$GPGSA,A,3,02,21,14,22,30,13,07,,,,,,2.1,1.2,1.8*39
$GPGSV,3,1,12,30,62,233,26,14,56,345,22,17,50,296,27,07,44,181,22*79
$GPGSV,3,2,12,02,41,043,25,22,38,325,19,19,29,267,20,21,24,040,33*78
$GPGSV,3,3,12,03,19,116,15,06,14,208,15,13,09,281,19,08,05,062,*7F
$GPRMC,174611.000,A,2632.6795,N,07703.3374,W,0.51,262.56,220324,,,A*74
$GPVTG,262.56,T,,M,0.51,N,0.9,K,A*05
$GPGGA,174616.000,2632.6802,N,07703.3391,W,1,07,1.2,5.2,M,-33.0,M,,0000*61
$GPGSA,A,3,02,21,14,22,30,13,07,,,,,,2.1,1.2,1.8*39
$GPGSV,3,1,12,30,62,233,21,14,56,345,22,17,50,296,26,07,44,181,22*7F
$GPGSV,3,2,12,02,41,043,25,22,38,325,20,19,29,267,19,21,24,040,33*78
$GPGSV,3,3,12,03,19,116,15,06,14,208,,13,09,281,20,08,05,062,*71
$GPRMC,174616.000,A,2632.6802,N,07703.3391,W,0.23,230.43,220324,,,A*7F
$GPVTG,230.43,T,,M,0.23,N,0.4,K,A*0E
$GPGGA,174621.000,2632.6804,N,07703.3396,W,1,07,1.2,7.0,M,-33.0,M,,0000*64
$GPGSA,A,3,02,21,14,22,30,13,07,,,,,,2.1,1.2,1.8*39
$GPGSV,3,1,12,30,62,233,22,14,56,345,23,17,50,296,26,07,44,181,23*7C
$GPGSV,3,2,12,02,41,043,25,22,38,325,20,19,29,267,19,21,24,040,33*78
$GPGSV,3,3,12,03,19,116,15,06,14,208,,13,09,281,20,08,05,062,*71
$GPRMC,174621.000,A,2632.6804,N,07703.3396,W,0.65,269.76,220324,,,A*72
$GPVTG,269.76,T,,M,0.65,N,1.2,K,A*01
$GPGGA,174626.000,2632.6806,N,07703.3396,W,1,07,1.2,9.2,M,-33.0,M,,0000*6D
$GPGSA,A,3,02,21,14,22,30,13,07,,,,,,2.1,1.2,1.8*39
$GPGSV,3,1,12,30,62,233,24,14,56,345,22,17,50,296,25,07,44,181,24*7F
$GPGSV,3,2,12,02,41,043,25,22,38,325,21,19,29,267,18,21,24,040,33*78
$GPGSV,3,3,12,03,19,116,,06,14,208,,13,09,281,20,08,05,062,*75
$GPRMC,174626.000,A,2632.6806,N,07703.3396,W,0.67,119.29,220324,,,A*7B
$GPVTG,119.29,T,,M,0.67,N,1.2,K,A*0D
$GPGGA,174631.000,2632.6807,N,07703.3393,W,1,07,1.2,5.5,M,-33.0,M,,0000*64
$GPGSA,A,3,02,21,14,22,30,13,07,,,,,,2.1,1.2,1.8*39
$GPGSV,3,1,12,30,62,233,25,14,56,345,22,17,50,296,25,07,44,181,25*7F
$GPGSV,3,2,12,02,41,043,24,22,38,325,21,19,29,267,17,21,24,040,32*77
$GPRMC,174631.000,A,2632.6807,N,07703.3393,W,0.09,82.99,220324,,,A*49
$GPVTG,82.99,T,,M,0.09,N,0.2,K,A*3C
$GPGGA,174636.000,2632.6812,N,07703.3407,W,1,07,1.2,2.8,M,-33.0,M,,0000*67
$GPGSA,A,3,02,21,14,22,30,13,07,,,,,,2.1,1.2,1.8*39
$GPGSV,3,1,12,30,62,233,25,14,56,345,22,17,50,296,24,07,44,181,25*7E
$GPGSV,3,2,12,02,41,043,24,22,38,325,22,19,29,267,16,21,24,040,32*75
$GPGSV,3,3,12,03,19,116,,06,14,208,,13,09,281,18,08,05,062,*7E
$GPRMC,174636.000,A,2632.6812,N,07703.3407,W,0.58,270.57,220324,,,A*79
$GPGGA,174641.000,2632.6809,N,07703.3407,W,1,07,1.2,3.2,M,-33.0,M,,0000*66
$GPGSA,A,3,02,21,14,22,30,13,07,,,,,,2.1,1.2,1.8*39
$GPGSV,3,1,12,30,62,233,25,14,56,345,23,17,50,296,24,07,44,181,26*7C
$GPGSV,3,2,12,02,41,043,24,22,38,325,22,19,29,267,,21,24,040,32*72
$GPGSV,3,3,12,03,19,116,,06,14,208,,13,09,281,18,08,05,062,*7E
$GPRMC,174641.000,A,2632.6809,N,07703.3407,W,0.47,116.78,220324,,,A*73
$GPVTG,116.78,T,,M,0.47,N,0.9,K,A*0E
$GPGGA,174646.000,2632.6807,N,07703.3397,W,1,07,1.2,1.2,M,-33.0,M,,0000*63
$GPGSA,A,3,02,21,14,22,30,13,07,,,,,,2.1,1.2,1.8*39
$GPGSV,3,1,12,30,62,233,26,14,56,345,24,17,50,296,24,07,44,181,25*7B
$GPGSV,3,2,12,02,41,043,24,22,38,325,23,19,29,267,,21,24,040,32*73
$GPGSV,3,3,12,03,19,116,,06,14,208,,13,09,281,17,08,05,062,*71
$GPRMC,174646.000,A,2632.6807,N,07703.3397,W,0.87,108.38,220324,,,A*73
$GPVTG,108.38,T,,M,0.87,N,1.6,K,A*07
$GPGGA,174651.000,2632.6805,N,07703.3399,W,1,07,1.2,-0.4,M,-33.0,M,,0000*43
$GPGSA,A,3,02,21,14,22,30,13,07,,,,,,2.1,1.2,1.8*39
$GPGSV,3,1,12,30,62,233,26,14,56,345,24,17,50,296,23,07,44,181,25*7C
$GPGSV,3,2,12,02,41,043,24,22,38,325,23,19,29,267,,21,24,040,32*73
$GPGSV,3,3,12,03,19,116,,06,14,208,,13,09,281,17,08,05,062,*71
$GPRMC,174651.000,A,2632.6805,N,07703.3399,W,0.57,282.90,220324,,,A*77
$GPVTG,282.90,T,,M,0.57,N,1.1,K,A*0E
$GPGGA,174656.000,2632.6803,N,07703.3402,W,1,07,1.2,-3.5,M,-33.0,M,,0000*45
$GPGSA,A,3,02,21,14,22,30,13,07,,,,,,2.1,1.2,1.8*39
$GPGSV,3,1,12,30,62,233,26,14,56,345,24,17,50,296,23,07,44,181,25*7C
$GPGSV,3,2,12,02,41,043,23,22,38,325,23,19,29,267,,21,24,040,32*74
$GPGSV,3,3,12,03,19,116,,06,14,208,,13,09,281,17,08,05,062,*71
$GPRMC,174656.000,A,2632.6803,N,07703.3402,W,0.79,116.46,220324,,,A*7A
$GPVTG,116.46,T,,M,0.79,N,1.5,K,A*03
$GPGGA,174701.000,2632.6796,N,07703.3393,W,1,07,1.2,-1.9,M,-33.0,M,,0000*44
$GPGSA,A,3,02,21,14,22,30,13,07,,,,,,2.1,1.2,1.8*39
$GPGSV,3,1,12,30,62,233,26,14,56,345,24,17,50,296,23,07,44,181,25*7C
$GPGSV,3,2,12,02,41,043,22,22,38,325,24,19,29,267,,21,24,040,32*72
$GPGSV,3,3,12,03,19,116,,06,14,208,,13,09,281,16,08,05,062,*70
$GPVTG,140.72,T,,M,0.47,N,0.9,K,A*07
$GPGGA,174706.000,2632.6794,N,07703.3388,W,1,07,1.2,-0.1,M,-33.0,M,,0000*42
$GPGSA,A,3,02,21,14,22,30,13,07,,,,,,2.1,1.2,1.8*39
$GPGSV,3,1,12,30,62,233,26,14,56,345,25,17,50,296,24,07,44,181,25*7A
$GPGSV,3,2,12,02,41,043,22,22,38,325,24,19,29,267,,21,24,040,31*71
$GPGSV,3,3,12,03,19,116,,06,14,208,,13,09,281,17,08,05,062,*71
$GPRMC,174706.000,A,2632.6794,N,07703.3388,W,0.23,224.45,220324,,,A*74
$GPVTG,224.45,T,,M,0.23,N,0.4,K,A*0D
$GPGGA,174711.000,2632.6801,N,07703.3389,W,1,07,1.2,1.8,M,-33.0,M,,0000*63
$GPGSA,A,3,02,21,14,22,30,13,07,,,,,,2.1,1.2,1.8*39
$GPGSV,3,1,12,30,62,233,26,14,56,345,25,17,50,296,23,07,44,181,24*7C
$GPGSV,3,2,12,02,41,043,22,22,38,325,24,19,29,267,,21,24,040,31*71
$GPGSV,3,3,12,03,19,116,,06,14,208,,13,09,281,17,08,05,062,*71
$GPRMC,174711.000,A,2632.6801,N,07703.3389,W,0.31,295.94,220324,,,A*75
$GPVTG,295.94,T,,M,0.31,N,0.6,K,A*0A
$GPGGA,174716.000,2632.6802,N,07703.3400,W,1,07,1.2,-0.5,M,-33.0,M,,0000*40
$GPGSA,A,3,02,21,14,22,30,13,07,,,,,,2.1,1.2,1.8*39
$GPGSV,3,1,12,30,62,233,26,14,56,345,25,17,50,296,23,07,44,181,24*7C
$GPGSV,3,2,12,02,41,043,22,22,38,325,24,19,29,267,,21,24,040,31*71
$GPGSV,3,3,12,03,19,116,,06,14,208,,13,09,281,18,08,05,062,*7E
$GPRMC,174716.000,A,2632.6802,N,07703.3400,W,0.33,169.01,220324,,,A*79
$GPVTG,169.01,T,,M,0.33,N,0.6,K,A*04
$GPGGA,174721.000,2632.6819,N,07703.3401,W,1,07,1.2,2.8,M,-33.0,M,,0000*6D
$GPGSA,A,3,02,21,14,22,30,13,07,,,,,,2.1,1.2,1.8*39
$GPGSV,3,1,12,30,62,233,26,14,56,345,25,17,50,296,24,07,44,181,23*7C
$GPGSV,3,2,12,02,41,043,22,22,38,325,24,19,29,267,,21,24,040,31*71
$GPGSV,3,3,12,03,19,116,,06,14,208,,13,09,281,18,08,05,062,*7E
$GPRMC,174721.000,A,2632.6819,N,07703.3401,W,0.87,338.62,220324,,,A*7A
$GPVTG,338.62,T,,M,0.87,N,1.6,K,A*09
$GPGGA,174726.000,2632.6828,N,07703.3407,W,1,07,1.2,5.2,M,-33.0,M,,0000*63
$GPGSA,A,3,02,21,14,22,30,13,07,,,,,,2.1,1.2,1.8*39
$GPGSV,3,1,12,30,62,233,27,14,56,345,25,17,50,296,23,07,44,181,22*7B
$GPGSV,3,2,12,02,41,043,22,22,38,325,24,19,29,267,,21,24,040,31*71
$GPGSV,3,3,12,03,19,116,,06,14,208,,13,09,281,19,08,05,062,*7F
$GPRMC,174726.000,A,2632.6828,N,07703.3407,W,0.30,122.41,220324,,,A*7D
$GPVTG,122.41,T,,M,0.30,N,0.6,K,A*0C
$GPGGA,174731.000,2632.6827,N,07703.3422,W,1,07,1.2,2.7,M,-33.0,M,,0000*6F
$GPGSA,A,3,02,21,14,22,30,13,07,,,,,,2.1,1.2,1.8*39
$GPGSV,3,1,12,30,62,233,27,14,56,345,26,17,50,296,23,07,44,181,21*7B
$GPGSV,3,2,12,02,41,043,21,22,38,325,23,19,29,267,16,21,24,040,31*72
$GPRMC,174731.000,A,2632.6827,N,07703.3422,W,0.82,135.94,220324,,,A*74
$GPVTG,135.94,T,,M,0.82,N,1.5,K,A*09
$GPGGA,174736.000,2632.6819,N,07703.3424,W,1,07,1.2,1.0,M,-33.0,M,,0000*67
$GPGSA,A,3,02,21,14,22,30,13,07,,,,,,2.1,1.2,1.8*39
$GPGSV,3,1,12,30,62,233,27,14,56,345,26,17,50,296,23,07,44,181,15*7C
$GPGSV,3,2,12,02,41,043,21,22,38,325,23,19,29,267,16,21,24,040,31*72
$GPGSV,3,3,12,03,19,116,,06,14,208,,13,09,281,20,08,05,062,*75
$GPRMC,174736.000,A,2632.6819,N,07703.3424,W,0.25,147.30,220324,,,A*7E
$GPGGA,174741.000,2632.6819,N,07703.3438,W,1,07,1.2,-3.7,M,-33.0,M,,0000*42
$GPGSA,A,3,02,21,14,22,30,13,07,,,,,,2.1,1.2,1.8*39
$GPGSV,3,1,12,30,62,233,27,14,56,345,26,17,50,296,23,07,44,181,15*7C
$GPGSV,3,2,12,02,41,043,21,22,38,325,22,19,29,267,16,21,24,040,31*73
$GPGSV,3,3,12,03,19,116,,06,14,208,,13,09,281,20,08,05,062,*75
$GPRMC,174741.000,A,2632.6819,N,07703.3438,W,0.43,146.28,220324,,,A*7B
$GPVTG,146.28,T,,M,0.43,N,0.8,K,A*0B
$GPGGA,174746.000,2632.6826,N,07703.3433,W,1,07,1.2,-2.4,M,-33.0,M,,0000*40
$GPGSA,A,3,02,21,14,22,30,13,07,,,,,,2.1,1.2,1.8*39
$GPGSV,3,1,12,30,61,230,27,14,57,346,26,17,51,299,23,07,42,181,14*77
$GPGSV,3,2,12,02,40,042,20,22,39,326,22,19,30,268,16,21,23,040,30*71
$GPGSV,3,3,12,03,20,115,,06,15,208,,13,08,279,21,08,04,063,*7A
$GPRMC,174746.000,A,2632.6826,N,07703.3433,W,1.34,342.52,220324,,,A*71
$GPVTG,342.52,T,,M,1.34,N,2.5,K,A*0E
$GPGGA,174751.000,2632.6828,N,07703.3415,W,1,06,1.8,3.4,M,-33.0,M,,0000*6B
$GPGSA,A,3,02,21,14,22,30,13,,,,,,,2.6,1.8,1.8*33
$GPGSV,3,1,12,30,61,230,27,14,57,346,25,17,51,299,22,07,42,181,*70
$GPGSV,3,2,12,02,40,042,19,22,39,326,23,19,30,268,17,21,23,040,30*7B
$GPGSV,3,3,12,03,20,115,,06,15,208,,13,08,279,21,08,04,063,*7A
$GPRMC,174751.000,A,2632.6828,N,07703.3415,W,0.04,74.13,220324,,,A*4C
$GPVTG,74.13,T,,M,0.04,N,0.1,K,A*39
$GPGGA,174756.000,2632.6814,N,07703.3397,W,1,06,1.8,6.9,M,-33.0,M,,0000*66
$GPGSA,A,3,02,21,14,22,30,13,,,,,,,2.6,1.8,1.8*33
$GPGSV,3,1,12,30,61,230,27,14,57,346,25,17,51,299,22,07,42,181,*70
$GPGSV,3,2,12,02,40,042,18,22,39,326,23,19,30,268,17,21,23,040,30*7A
$GPGSV,3,3,12,03,20,115,,06,15,208,,13,08,279,22,08,04,063,*79
$GPRMC,174756.000,A,2632.6814,N,07703.3397,W,0.44,148.16,220324,,,A*76
$GPVTG,148.16,T,,M,0.44,N,0.8,K,A*0F
$GPGGA,174801.000,2632.6805,N,07703.3390,W,1,06,1.8,6.3,M,-33.0,M,,0000*66
$GPGSA,A,3,02,21,14,22,30,13,,,,,,,2.6,1.8,1.8*33
$GPGSV,3,1,12,30,61,230,27,14,57,346,25,17,51,299,22,07,42,181,*70
$GPGSV,3,2,12,02,40,042,18,22,39,326,24,19,30,268,18,21,23,040,30*72
$GPGSV,3,3,12,03,20,115,,06,15,208,,13,08,279,23,08,04,063,*78
$GPVTG,208.12,T,,M,0.19,N,0.4,K,A*08
$GPGGA,174806.000,2632.6807,N,07703.3390,W,1,06,1.8,6.6,M,-33.0,M,,0000*66
$GPGSA,A,3,02,21,14,22,30,13,,,,,,,2.6,1.8,1.8*33
$GPGSV,3,1,12,30,61,230,27,14,57,346,25,17,51,299,22,07,42,181,*70
$GPGSV,3,2,12,02,40,042,18,22,39,326,24,19,30,268,18,21,23,040,30*72
$GPGSV,3,3,12,03,20,115,,06,15,208,,13,08,279,23,08,04,063,*78
$GPRMC,174806.000,A,2632.6807,N,07703.3390,W,0.16,282.72,220324,,,A*79
$GPVTG,282.72,T,,M,0.16,N,0.3,K,A*04
$GPGGA,174811.000,2632.6817,N,07703.3390,W,1,07,1.2,9.1,M,-33.0,M,,0000*62
$GPGSA,A,3,02,21,07,14,22,30,13,,,,,,2.1,1.2,1.8*39
$GPGSV,3,1,12,30,61,230,27,14,57,346,25,17,51,299,23,07,42,181,15*75
$GPGSV,3,2,12,02,40,042,17,22,39,326,25,19,30,268,18,21,23,040,30*7C
$GPGSV,3,3,12,03,20,115,,06,15,208,,13,08,279,23,08,04,063,*78
$GPRMC,174811.000,A,2632.6817,N,07703.3390,W,0.18,10.40,220324,,,A*48
$GPVTG,10.40,T,,M,0.18,N,0.3,K,A*32
$GPGGA,174816.000,2632.6813,N,07703.3385,W,1,07,1.2,7.8,M,-33.0,M,,0000*62
$GPGSA,A,3,02,21,07,14,22,30,13,,,,,,2.1,1.2,1.8*39
$GPGSV,3,1,12,30,61,230,27,14,57,346,25,17,51,299,22,07,42,181,14*75
$GPGSV,3,2,12,02,40,042,17,22,39,326,25,19,30,268,17,21,23,040,30*73
$GPGSV,3,3,12,03,20,115,,06,15,208,,13,08,279,24,08,04,063,*7F
$GPRMC,174816.000,A,2632.6813,N,07703.3385,W,0.12,39.75,220324,,,A*48
$GPVTG,39.75,T,,M,0.12,N,0.2,K,A*34
$GPGGA,174821.000,2632.6818,N,07703.3377,W,1,07,1.2,10.4,M,-33.0,M,,0000*5A
$GPGSA,A,3,02,21,07,14,22,30,13,,,,,,2.1,1.2,1.8*39
$GPGSV,3,1,12,30,61,230,27,14,57,346,25,17,51,299,23,07,42,181,15*75
$GPGSV,3,2,12,02,40,042,16,22,39,326,25,19,30,268,17,21,23,040,30*72
$GPGSV,3,3,12,03,20,115,,06,15,208,,13,08,279,24,08,04,063,*7F
$GPRMC,174821.000,A,2632.6818,N,07703.3377,W,0.86,355.91,220324,,,A*74
$GPVTG,355.91,T,,M,0.86,N,1.6,K,A*0F
$GPGGA,174826.000,2632.6824,N,07703.3377,W,1,07,1.2,12.7,M,-33.0,M,,0000*53
$GPGSA,A,3,02,21,07,14,22,30,13,,,,,,2.1,1.2,1.8*39
$GPGSV,3,1,12,30,61,230,27,14,57,346,25,17,51,299,23,07,42,181,16*76
$GPGSV,3,2,12,02,40,042,14,22,39,326,24,19,30,268,17,21,23,040,30*71
$GPGSV,3,3,12,03,20,115,,06,15,208,,13,08,279,25,08,04,063,*7E
$GPRMC,174826.000,A,2632.6824,N,07703.3377,W,0.83,338.41,220324,,,A*7F
$GPVTG,338.41,T,,M,0.83,N,1.5,K,A*0F
$GPGGA,174831.000,2632.6825,N,07703.3375,W,1,07,1.2,15.0,M,-33.0,M,,0000*56
$GPGSA,A,3,02,21,07,14,22,30,13,,,,,,2.1,1.2,1.8*39
$GPGSV,3,1,12,30,61,230,26,14,57,346,24,17,51,299,24,07,42,181,17*70
$GPGSV,3,2,12,02,40,042,16,22,39,326,24,19,30,268,16,21,23,040,30*72
$GPRMC,174831.000,A,2632.6825,N,07703.3375,W,0.93,160.84,220324,,,A*7D
$GPVTG,160.84,T,,M,0.93,N,1.7,K,A*0A
$GPGGA,174836.000,2632.6829,N,07703.3380,W,1,07,1.2,14.3,M,-33.0,M,,0000*55
$GPGSA,A,3,02,21,07,14,22,30,13,,,,,,2.1,1.2,1.7*36
$GPGSV,3,1,12,30,61,230,26,14,57,346,24,17,51,299,25,07,42,181,19*7F
$GPGSV,3,2,12,02,40,042,15,22,39,326,23,19,30,268,15,21,23,040,30*75
$GPGSV,3,3,12,03,20,115,,06,15,208,,13,08,279,25,08,04,063,*7E
$GPRMC,174836.000,A,2632.6829,N,07703.3380,W,0.52,169.71,220324,,,A*72
$GPGGA,174841.000,2632.6816,N,07703.3378,W,1,07,1.2,14.2,M,-33.0,M,,0000*5F
$GPGSA,A,3,02,21,07,14,22,30,13,,,,,,2.1,1.2,1.7*36
$GPGSV,3,1,12,30,61,230,26,14,57,346,24,17,51,299,25,07,42,181,19*7F
$GPGSV,3,2,12,02,40,042,15,22,39,326,23,19,30,268,14,21,23,040,29*7C
$GPGSV,3,3,12,03,20,115,,06,15,208,,13,08,279,25,08,04,063,*7E
$GPRMC,174841.000,A,2632.6816,N,07703.3378,W,0.22,111.17,220324,,,A*71
$GPVTG,111.17,T,,M,0.22,N,0.4,K,A*0E
$GPGGA,174846.000,2632.6812,N,07703.3373,W,1,07,1.2,13.8,M,-33.0,M,,0000*5A
$GPGSA,A,3,02,21,07,14,22,30,13,,,,,,2.1,1.2,1.7*36
$GPGSV,3,1,12,30,61,230,26,14,57,346,25,17,51,299,25,07,42,181,20*74
$GPGSV,3,2,12,02,40,042,14,22,39,326,24,19,30,268,,21,23,040,29*7F
$GPGSV,3,3,12,03,20,115,,06,15,208,,13,08,279,25,08,04,063,*7E
$GPRMC,174846.000,A,2632.6812,N,07703.3373,W,0.53,170.02,220324,,,A*7C
$GPVTG,170.02,T,,M,0.53,N,1.0,K,A*0E
$GPGGA,174851.000,2632.6806,N,07703.3369,W,1,07,1.2,13.2,M,-33.0,M,,0000*58
$GPGSA,A,3,02,21,07,14,22,30,13,,,,,,2.1,1.2,1.7*36
$GPGSV,3,1,12,30,61,230,26,14,57,346,24,17,51,299,25,07,42,181,19*7F
$GPGSV,3,2,12,02,40,042,14,22,39,326,24,19,30,268,,21,23,040,29*7F
$GPGSV,3,3,12,03,20,115,,06,15,208,,13,08,279,26,08,04,063,*7D
$GPRMC,174851.000,A,2632.6806,N,07703.3369,W,0.14,137.09,220324,,,A*7F
$GPVTG,137.09,T,,M,0.14,N,0.3,K,A*07
$GPGGA,174856.000,2632.6799,N,07703.3366,W,1,07,1.2,13.7,M,-33.0,M,,0000*5C
$GPGSA,A,3,02,21,07,14,22,30,13,,,,,,2.1,1.2,1.7*36
$GPGSV,3,1,12,30,61,230,25,14,57,346,24,17,51,299,25,07,42,181,19*7C
$GPGSV,3,2,12,02,40,042,14,22,39,326,24,19,30,268,,21,23,040,30*77
$GPGSV,3,3,12,03,20,115,,06,15,208,,13,08,279,25,08,04,063,*7E
$GPRMC,174856.000,A,2632.6799,N,07703.3366,W,0.30,117.11,220324,,,A*73
$GPVTG,117.11,T,,M,0.30,N,0.6,K,A*0F
$GPGGA,174901.000,2632.6806,N,07703.3369,W,1,07,1.2,13.4,M,-33.0,M,,0000*5A
$GPGSA,A,3,02,21,07,14,22,30,13,,,,,,2.1,1.2,1.7*36
$GPGSV,3,1,12,30,61,230,25,14,57,346,24,17,51,299,24,07,42,181,19*7D
$GPGSV,3,2,12,02,40,042,16,22,39,326,25,19,30,268,,21,23,040,30*74
$GPRMC,174901.000,A,2632.6806,N,07703.3369,W,0.15,86.60,220324,,,A*4E
$GPVTG,86.60,T,,M,0.15,N,0.3,K,A*32
$GPGGA,174906.000,2632.6800,N,07703.3376,W,1,07,1.2,13.0,M,-33.0,M,,0000*51
$GPGSA,A,3,02,21,07,14,22,30,13,,,,,,2.1,1.2,1.7*36
$GPGSV,3,1,12,30,61,230,25,14,57,346,24,17,51,299,24,07,42,181,20*77
$GPGSV,3,2,12,02,40,042,17,22,39,326,25,19,30,268,,21,23,040,30*75
$GPGSV,3,3,12,03,20,115,,06,15,208,,13,08,279,25,08,04,063,*7E
$GPRMC,174906.000,A,2632.6800,N,07703.3376,W,0.25,183.68,220324,,,A*7E
$GPGGA,174911.000,2632.6803,N,07703.3376,W,1,07,1.2,13.5,M,-33.0,M,,0000*51
$GPGSA,A,3,02,21,07,14,22,30,13,,,,,,2.1,1.2,1.7*36
$GPGSV,3,1,12,30,61,230,25,14,57,346,23,17,51,299,24,07,42,181,20*70
$GPGSV,3,2,12,02,40,042,20,22,39,326,25,19,30,268,,21,23,040,30*71
$GPGSV,3,3,12,03,20,115,,06,15,208,,13,08,279,25,08,04,063,*7E
$GPRMC,174911.000,A,2632.6803,N,07703.3376,W,0.42,156.88,220324,,,A*7C
$GPVTG,156.88,T,,M,0.42,N,0.8,K,A*01
$GPGGA,174916.000,2632.6791,N,07703.3369,W,1,07,1.2,13.6,M,-33.0,M,,0000*5F
$GPGSA,A,3,02,21,07,14,22,30,13,,,,,,2.1,1.2,1.7*36
$GPGSV,3,1,12,30,61,230,24,14,57,346,24,17,51,299,23,07,42,181,19*7B
$GPGSV,3,2,12,02,40,042,19,22,39,326,25,19,30,268,,21,23,040,30*7B
$GPGSV,3,3,12,03,20,115,,06,15,208,16,13,08,279,25,08,04,063,*79
$GPRMC,174916.000,A,2632.6791,N,07703.3369,W,0.40,138.25,220324,,,A*7C
$GPVTG,138.25,T,,M,0.40,N,0.7,K,A*03
$GPGGA,174921.000,2632.6781,N,07703.3366,W,1,07,1.2,10.8,M,-33.0,M,,0000*58
$GPGSA,A,3,02,21,07,14,22,30,13,,,,,,2.1,1.2,1.7*36
$GPGSV,3,1,12,30,61,230,24,14,57,346,24,17,51,299,23,07,42,181,19*7B
$GPGSV,3,2,12,02,40,042,19,22,39,326,25,19,30,268,,21,23,040,29*73
$GPGSV,3,3,12,03,20,115,,06,15,208,17,13,08,279,25,08,04,063,*78
$GPRMC,174921.000,A,2632.6781,N,07703.3366,W,0.37,166.21,220324,,,A*79
$GPVTG,166.21,T,,M,0.37,N,0.7,K,A*0C
$GPGGA,174926.000,2632.6779,N,07703.3368,W,1,07,1.2,7.7,M,-33.0,M,,0000*6F
$GPGSA,A,3,02,21,07,14,22,30,13,,,,,,2.1,1.2,1.7*36
$GPGSV,3,1,12,30,61,230,23,14,57,346,24,17,51,299,22,07,42,181,19*7D
$GPGSV,3,2,12,02,40,042,20,22,39,326,26,19,30,268,,21,23,040,29*7A
$GPGSV,3,3,12,03,20,115,,06,15,208,18,13,08,279,25,08,04,063,*77
$GPRMC,174926.000,A,2632.6779,N,07703.3368,W,0.19,69.18,220324,,,A*4F
$GPVTG,69.18,T,,M,0.19,N,0.4,K,A*37
$GPGGA,174931.000,2632.6786,N,07703.3374,W,1,07,1.1,6.3,M,-33.0,M,,0000*62
$GPGSA,A,3,02,21,07,14,22,30,13,,,,,,2.1,1.1,1.7*35
$GPGSV,3,1,12,30,61,230,23,14,57,346,23,17,51,299,22,07,42,181,18*7B
$GPGSV,3,2,12,02,40,042,20,22,39,326,26,19,30,268,,21,23,040,28*7B
$GPGSV,3,3,12,03,20,115,16,06,15,208,19,13,08,279,25,08,04,063,*71
$GPVTG,84.85,T,,M,0.03,N,0.1,K,A*3E
$GPGGA,174936.000,2632.6791,N,07703.3394,W,1,07,1.1,9.8,M,-33.0,M,,0000*69
$GPGSA,A,3,02,21,07,14,22,30,13,,,,,,2.1,1.1,1.7*35
$GPGSV,3,1,12,30,61,230,15,14,57,346,22,17,51,299,21,07,42,181,19*7D
$GPGSV,3,2,12,02,40,042,21,22,39,326,25,19,30,268,,21,23,040,28*79
$GPGSV,3,3,12,03,20,115,17,06,15,208,19,13,08,279,25,08,04,063,*70
$GPRMC,174936.000,A,2632.6791,N,07703.3394,W,0.23,155.34,220324,,,A*72
$GPVTG,155.34,T,,M,0.23,N,0.4,K,A*0E
$GPGGA,174941.000,2632.6799,N,07703.3396,W,1,07,1.1,12.1,M,-33.0,M,,0000*50
$GPGSA,A,3,02,21,07,14,22,30,13,,,,,,2.1,1.1,1.7*35
$GPGSV,3,1,12,30,61,230,21,14,57,346,23,17,51,299,20,07,42,181,20*70
$GPGSV,3,2,12,02,40,042,21,22,39,326,26,19,30,268,,21,23,040,28*7A
$GPGSV,3,3,12,03,20,115,17,06,15,208,19,13,08,279,25,08,04,063,*70
$GPRMC,174941.000,A,2632.6799,N,07703.3396,W,0.26,44.91,220324,,,A*43
$GPVTG,44.91,T,,M,0.26,N,0.5,K,A*34
$GPGGA,174946.000,2632.6796,N,07703.3396,W,1,07,1.1,11.0,M,-33.0,M,,0000*5A
$GPGSA,A,3,02,21,07,14,22,30,13,,,,,,2.1,1.1,1.7*35
$GPGSV,3,1,12,30,61,230,19,14,57,346,23,17,51,299,20,07,42,181,20*7B
$GPGSV,3,2,12,02,40,042,21,22,39,326,25,19,30,268,18,21,23,040,27*7F
$GPGSV,3,3,12,03,20,115,18,06,15,208,19,13,08,279,25,08,04,063,*7F
$GPRMC,174946.000,A,2632.6796,N,07703.3396,W,0.25,317.47,220324,,,A*76
$GPVTG,317.47,T,,M,0.25,N,0.5,K,A*09
$GPGGA,174951.000,2632.6796,N,07703.3392,W,1,07,1.1,10.2,M,-33.0,M,,0000*5B
$GPGSA,A,3,02,21,07,14,22,30,13,,,,,,2.1,1.1,1.7*35
$GPGSV,3,1,12,30,61,230,18,14,57,346,23,17,51,299,19,07,42,181,20*70
$GPGSV,3,2,12,02,40,042,22,22,39,326,25,19,30,268,18,21,23,040,26*7D
$GPGSV,3,3,12,03,20,115,18,06,15,208,19,13,08,279,25,08,04,063,*7F
$GPRMC,174951.000,A,2632.6796,N,07703.3392,W,0.85,159.59,220324,,,A*79
$GPVTG,159.59,T,,M,0.85,N,1.6,K,A*06
$GPGGA,174956.000,2632.6784,N,07703.3395,W,1,07,1.1,12.4,M,-33.0,M,,0000*5C
$GPGSA,A,3,02,21,07,14,22,30,13,,,,,,2.1,1.1,1.7*35
$GPGSV,3,1,12,30,61,230,18,14,57,346,22,17,51,299,19,07,42,181,20*71
$GPGSV,3,2,12,02,40,042,22,22,39,326,26,19,30,268,18,21,23,040,26*7E
$GPGSV,3,3,12,03,20,115,17,06,15,208,21,13,08,279,25,08,04,063,*7B
$GPRMC,174956.000,A,2632.6784,N,07703.3395,W,0.38,166.56,220324,,,A*7F
$GPVTG,166.56,T,,M,0.38,N,0.7,K,A*03
$GPGGA,175001.000,2632.6790,N,07703.3389,W,1,07,1.1,8.8,M,-33.0,M,,0000*69
$GPGSA,A,3,02,21,07,14,22,30,13,,,,,,2.1,1.1,1.7*35
$GPGSV,3,1,12,30,61,230,18,14,57,346,22,17,51,299,19,07,42,181,20*71
$GPGSV,3,2,12,02,40,042,23,22,39,326,26,19,30,268,18,21,23,040,26*7F
$GPGSV,3,3,12,03,20,115,17,06,15,208,21,13,08,279,25,08,04,063,*7B
$GPRMC,175001.000,A,2632.6790,N,07703.3389,W,0.40,346.57,220324,,,A*73
$GPVTG,346.57,T,,M,0.40,N,0.7,K,A*0D
$GPGGA,175006.000,2632.6799,N,07703.3395,W,1,07,1.1,8.2,M,-33.0,M,,0000*60
$GPGSA,A,3,02,21,07,14,22,30,13,,,,,,2.1,1.1,1.7*35
$GPGSV,3,1,12,30,61,230,19,14,57,346,22,17,51,299,19,07,42,181,20*70
$GPGSV,3,2,12,02,40,042,23,22,39,326,26,19,30,268,17,21,23,040,25*73
$GPGSV,3,3,12,03,20,115,17,06,15,208,22,13,08,279,25,08,04,063,*78
$GPVTG,164.80,T,,M,0.29,N,0.5,K,A*08
$GPGGA,175011.000,2632.6778,N,07703.3382,W,1,07,1.1,8.8,M,-33.0,M,,0000*65
$GPGSA,A,3,02,21,07,14,22,30,13,,,,,,2.1,1.1,1.7*35
$GPGSV,3,1,12,30,61,230,19,14,57,346,22,17,51,299,20,07,42,181,19*70
$GPGSV,3,2,12,02,40,042,22,22,39,326,26,19,30,268,17,21,23,040,25*72
$GPGSV,3,3,12,03,20,115,16,06,15,208,22,13,08,279,24,08,04,063,*78
$GPRMC,175011.000,A,2632.6778,N,07703.3382,W,0.31,3.07,220324,,,A*7E
$GPVTG,3.07,T,,M,0.31,N,0.6,K,A*0D
$GPGGA,175016.000,2632.6782,N,07703.3382,W,1,07,1.1,1.2,M,-33.0,M,,0000*64
$GPGSA,A,3,02,21,07,14,22,30,13,,,,,,2.1,1.1,1.7*35
$GPGSV,3,1,12,30,61,230,19,14,57,346,22,17,51,299,21,07,42,181,19*71
$GPGSV,3,2,12,02,40,042,17,22,39,326,26,19,30,268,16,21,23,040,24*74
$GPGSV,3,3,12,03,20,115,14,06,15,208,21,13,08,279,23,08,04,063,*7E
$GPRMC,175016.000,A,2632.6782,N,07703.3382,W,0.96,153.54,220324,,,A*73
$GPVTG,153.54,T,,M,0.96,N,1.8,K,A*0D
$GPGGA,175021.000,2632.6787,N,07703.3369,W,1,07,1.1,-4.6,M,-33.0,M,,0000*4C
$GPGSA,A,3,02,21,07,14,22,30,13,,,,,,2.1,1.1,1.7*35
$GPGSV,3,1,12,30,61,230,19,14,57,346,22,17,51,299,21,07,42,181,19*71
$GPGSV,3,2,12,02,40,042,19,22,39,326,26,19,30,268,15,21,23,040,24*79
$GPGSV,3,3,12,03,20,115,,06,15,208,21,13,08,279,23,08,04,063,*7B
$GPRMC,175021.000,A,2632.6787,N,07703.3369,W,0.11,289.31,220324,,,A*7F
$GPVTG,289.31,T,,M,0.11,N,0.2,K,A*0E
$GPGGA,175026.000,2632.6770,N,07703.3385,W,1,07,1.1,-3.0,M,-33.0,M,,0000*40
$GPGSA,A,3,02,21,07,14,22,30,13,,,,,,2.1,1.1,1.7*35
$GPGSV,3,1,12,30,61,230,18,14,57,346,22,17,51,299,21,07,42,181,19*70
$GPGSV,3,2,12,02,40,042,20,22,39,326,27,19,30,268,15,21,23,040,23*75
$GPGSV,3,3,12,03,20,115,,06,15,208,22,13,08,279,23,08,04,063,*78
$GPRMC,175026.000,A,2632.6770,N,07703.3385,W,1.13,182.70,220324,,,A*7C
$GPVTG,182.70,T,,M,1.13,N,2.1,K,A*01
$GPGGA,175031.000,2632.6768,N,07703.3377,W,1,07,1.1,-1.4,M,-33.0,M,,0000*44
$GPGSA,A,3,02,21,07,14,22,30,13,,,,,,2.1,1.1,1.7*35
$GPGSV,3,1,12,30,61,230,18,14,57,346,22,17,51,299,21,07,42,181,19*70
$GPGSV,3,2,12,02,40,042,20,22,39,326,27,19,30,268,,21,23,040,23*71
$GPGSV,3,3,12,03,20,115,,06,15,208,22,13,08,279,24,08,04,063,*7F
$GPRMC,175031.000,A,2632.6768,N,07703.3377,W,0.38,162.69,220324,,,A*70
$GPVTG,162.69,T,,M,0.38,N,0.7,K,A*0B
$GPGGA,175036.000,2632.6784,N,07703.3377,W,1,07,1.1,0.2,M,-33.0,M,,0000*6B
$GPGSA,A,3,02,21,07,14,22,30,13,,,,,,2.1,1.1,1.7*35
$GPGSV,3,1,12,30,61,230,17,14,57,346,22,17,51,299,21,07,42,181,21*74
$GPGSV,3,2,12,02,40,042,20,22,39,326,27,19,30,268,,21,23,040,22*70
$GPGSV,3,3,12,03,20,115,,06,15,208,21,13,08,279,23,08,04,063,*7B
$GPRMC,175036.000,A,2632.6784,N,07703.3377,W,0.31,90.37,220324,,,A*4B
$GPVTG,90.37,T,,M,0.31,N,0.6,K,A*34
$GPGGA,175041.000,2632.6785,N,07703.3366,W,1,07,1.1,-1.8,M,-33.0,M,,0000*4C
$GPGSA,A,3,02,21,07,14,22,30,13,,,,,,2.1,1.1,1.7*35
$GPGSV,3,1,12,30,61,230,17,14,57,346,17,17,51,299,20,07,42,181,21*73
$GPGSV,3,2,12,02,40,042,20,22,39,326,28,19,30,268,,21,23,040,22*7F
$GPGSV,3,3,12,03,20,115,,06,15,208,21,13,08,279,23,08,04,063,*7B
$GPVTG,284.28,T,,M,0.27,N,0.5,K,A*09
$GPGGA,175046.000,2632.6799,N,07703.3377,W,1,07,1.1,-1.6,M,-33.0,M,,0000*48
$GPGSA,A,3,02,21,07,14,22,30,13,,,,,,2.1,1.1,1.7*35
$GPGSV,3,1,12,30,60,228,18,14,58,348,19,17,51,301,20,07,41,180,21*79
$GPGSV,3,2,12,22,40,326,28,02,39,041,21,19,31,270,,21,22,040,22*74
$GPGSV,3,3,12,03,21,114,,06,16,208,21,13,08,278,23,08,03,064,*79
$GPRMC,175046.000,A,2632.6799,N,07703.3377,W,1.12,24.20,220324,,,A*49
$GPVTG,24.20,T,,M,1.12,N,2.1,K,A*38
$GPGGA,175051.000,2632.6808,N,07703.3377,W,1,07,1.1,-0.4,M,-33.0,M,,0000*4A
$GPGSA,A,3,02,21,07,14,22,30,13,,,,,,2.1,1.1,1.7*35
$GPGSV,3,1,12,30,60,228,18,14,58,348,19,17,51,301,19,07,41,180,22*70
$GPGSV,3,2,12,22,40,326,28,02,39,041,21,19,31,270,,21,22,040,22*74
$GPGSV,3,3,12,03,21,114,,06,16,208,21,13,08,278,22,08,03,064,*78
$GPRMC,175051.000,A,2632.6808,N,07703.3377,W,0.52,15.42,220324,,,A*4B
$GPVTG,15.42,T,,M,0.52,N,1.0,K,A*39
$GPGGA,175056.000,2632.6802,N,07703.3374,W,1,06,1.7,0.4,M,-33.0,M,,0000*6E
$GPGSA,A,3,02,21,07,14,22,30,,,,,,,4.1,1.7,3.7*35
$GPGSV,3,1,12,30,60,228,19,14,58,348,22,17,51,301,20,07,41,180,24*75
$GPGSV,3,2,12,22,40,326,29,02,39,041,15,19,31,270,,21,22,040,22*72
$GPGSV,3,3,12,03,21,114,,06,16,208,21,13,08,278,16,08,03,064,*7F
$GPRMC,175056.000,A,2632.6802,N,07703.3374,W,0.65,51.43,220324,,,A*40
$GPVTG,51.43,T,,M,0.65,N,1.2,K,A*3E
$GPGGA,175101.000,2632.6808,N,07703.3385,W,1,07,1.1,7.7,M,-33.0,M,,0000*6A
$GPGSA,A,3,02,21,07,14,22,30,13,,,,,,2.1,1.1,1.7*35
$GPGSV,3,1,12,30,60,228,19,14,58,348,19,17,51,301,22,07,41,180,24*7F
$GPGSV,3,2,12,22,40,326,29,02,39,041,17,19,31,270,,21,22,040,22*70
$GPGSV,3,3,12,03,21,114,,06,16,208,21,13,08,278,20,08,03,064,*7A
$GPRMC,175101.000,A,2632.6808,N,07703.3385,W,0.31,114.81,220324,,,A*78
$GPVTG,114.81,T,,M,0.31,N,0.6,K,A*04
$GPGGA,175106.000,2632.6809,N,07703.3375,W,1,07,1.1,9.9,M,-33.0,M,,0000*63
$GPGSA,A,3,02,21,07,14,22,30,13,,,,,,2.1,1.1,1.7*35
$GPGSV,3,1,12,30,60,228,19,14,58,348,18,17,51,301,21,07,41,180,24*7D
$GPGSV,3,2,12,22,40,326,29,02,39,041,17,19,31,270,,21,22,040,22*70
$GPGSV,3,3,12,03,21,114,,06,16,208,21,13,08,278,19,08,03,064,*70
$GPRMC,175106.000,A,2632.6809,N,07703.3375,W,1.72,47.21,220324,,,A*4A
$GPVTG,47.21,T,,M,1.72,N,3.2,K,A*38
$GPGGA,175111.000,2632.6814,N,07703.3360,W,1,06,1.7,12.8,M,-33.0,M,,0000*51
$GPGSA,A,3,02,21,07,14,22,30,,,,,,,4.1,1.7,3.7*35
$GPGSV,3,1,12,30,60,228,19,14,58,348,19,17,51,301,22,07,41,180,23*78
$GPGSV,3,2,12,22,40,326,29,02,39,041,17,19,31,270,,21,22,040,22*70
$GPGSV,3,3,12,03,21,114,,06,16,208,21,13,08,278,08,08,03,064,*70
$GPVTG,60.12,T,,M,0.34,N,0.6,K,A*39
$GPGGA,175116.000,2632.6808,N,07703.3366,W,1,06,1.7,7.6,M,-33.0,M,,0000*67
$GPGSA,A,3,02,21,07,14,22,30,,,,,,,4.1,1.7,3.7*35
$GPGSV,3,1,12,30,60,228,21,14,58,348,19,17,51,301,22,07,41,180,24*74
$GPGSV,3,2,12,22,40,326,29,02,39,041,17,19,31,270,,21,22,040,22*70
$GPGSV,3,3,12,03,21,114,,06,16,208,22,13,08,278,10,08,03,064,*7A
$GPRMC,175116.000,A,2632.6808,N,07703.3366,W,0.87,248.03,220324,,,A*7E
$GPVTG,248.03,T,,M,0.87,N,1.6,K,A*08
$GPGGA,175121.000,2632.6816,N,07703.3377,W,1,06,1.7,14.5,M,-33.0,M,,0000*5D
$GPGSA,A,3,02,21,07,14,22,30,,,,,,,4.1,1.7,3.7*35
$GPGSV,3,1,12,30,60,228,22,14,58,348,20,17,51,301,23,07,41,180,24*7C
$GPGSV,3,2,12,22,40,326,30,02,39,041,18,19,31,270,,21,22,040,22*77
$GPGSV,3,3,12,03,21,114,,06,16,208,21,13,08,278,,08,03,064,*78
$GPRMC,175121.000,A,2632.6816,N,07703.3377,W,1.27,71.46,220324,,,A*47
$GPVTG,71.46,T,,M,1.27,N,2.4,K,A*3B
$GPGGA,175126.000,2632.6809,N,07703.3380,W,1,06,1.7,15.8,M,-33.0,M,,0000*50
$GPGSA,A,3,02,21,07,14,22,30,,,,,,,4.1,1.7,3.7*35
$GPGSV,3,1,12,30,60,228,21,14,58,348,20,17,51,301,23,07,41,180,24*7F
$GPGSV,3,2,12,22,40,326,30,02,39,041,18,19,31,270,,21,22,040,22*77
$GPGSV,3,3,12,03,21,114,,06,16,208,21,13,08,278,,08,03,064,*78
$GPRMC,175126.000,A,2632.6809,N,07703.3380,W,0.52,41.72,220324,,,A*41
$GPVTG,41.72,T,,M,0.52,N,1.0,K,A*3B
$GPGGA,175131.000,2632.6810,N,07703.3359,W,1,07,1.1,22.6,M,-33.0,M,,0000*57
$GPGSA,A,3,02,21,07,14,22,30,13,,,,,,2.1,1.1,1.7*35
$GPGSV,3,1,12,30,60,228,15,14,58,348,21,17,51,301,23,07,41,180,25*78
$GPGSV,3,2,12,22,40,326,29,02,39,041,18,19,31,270,,21,22,040,22*7F
$GPGSV,3,3,12,03,21,114,,06,16,208,21,13,08,278,20,08,03,064,*7A
$GPRMC,175131.000,A,2632.6810,N,07703.3359,W,0.34,217.80,220324,,,A*77
$GPVTG,217.80,T,,M,0.34,N,0.6,K,A*00
$GPGGA,175136.000,2632.6797,N,07703.3367,W,1,06,1.7,19.9,M,-33.0,M,,0000*5D
$GPGSA,A,3,02,21,07,14,22,30,,,,,,,4.1,1.7,3.7*35
$GPGSV,3,1,12,30,60,228,17,14,58,348,21,17,51,301,24,07,41,180,24*7C
$GPGSV,3,2,12,22,40,326,28,02,39,041,18,19,31,270,19,21,22,040,13*74
$GPGSV,3,3,12,03,21,114,,06,16,208,21,13,08,278,,08,03,064,*78
$GPRMC,175136.000,A,2632.6797,N,07703.3367,W,0.21,240.48,220324,,,A*7F
$GPVTG,240.48,T,,M,0.21,N,0.4,K,A*00
$GPGGA,175141.000,2632.6804,N,07703.3363,W,1,07,1.1,12.9,M,-33.0,M,,0000*50
$GPGSA,A,3,02,21,07,14,22,30,13,,,,,,2.0,1.1,1.7*34
$GPGSV,3,1,12,30,60,228,24,14,58,348,19,17,51,301,24,07,41,180,26*75
$GPGSV,3,2,12,22,40,326,29,02,39,041,19,19,31,270,17,21,22,040,22*78
$GPGSV,3,3,12,03,21,114,,06,16,208,21,13,08,278,18,08,03,064,*71
$GPVTG,89.75,T,,M,0.15,N,0.3,K,A*39
$GPGGA,175146.000,2632.6800,N,07703.3381,W,1,06,1.2,7.7,M,-33.0,M,,0000*67
$GPGSA,A,3,02,21,07,22,30,13,,,,,,,2.4,1.2,2.0*32
$GPGSV,3,1,12,30,60,228,23,14,58,348,,17,51,301,25,07,41,180,27*7A
$GPGSV,3,2,12,22,40,326,30,02,39,041,20,19,31,270,17,21,22,040,23*7B
$GPGSV,3,3,12,03,21,114,,06,16,208,22,13,08,278,20,08,03,064,*79
$GPRMC,175146.000,A,2632.6800,N,07703.3381,W,0.51,217.89,220324,,,A*79
$GPVTG,217.89,T,,M,0.51,N,1.0,K,A*0D
$GPGGA,175151.000,2632.6796,N,07703.3378,W,1,06,1.2,4.1,M,-33.0,M,,0000*62
$GPGSA,A,3,02,21,07,14,22,13,,,,,,,2.3,1.2,1.9*39
$GPGSV,3,1,12,30,60,228,12,14,58,348,22,17,51,301,25,07,41,180,27*78
$GPGSV,3,2,12,22,40,326,26,02,39,041,20,19,31,270,17,21,22,040,22*7D
$GPGSV,3,3,12,03,21,114,,06,16,208,22,13,08,278,20,08,03,064,*79
$GPRMC,175151.000,A,2632.6796,N,07703.3378,W,0.45,71.65,220324,,,A*4C
$GPVTG,71.65,T,,M,0.45,N,0.8,K,A*31
$GPGGA,175156.000,2632.6789,N,07703.3378,W,1,07,1.1,-4.7,M,-33.0,M,,0000*42
$GPGSA,A,3,02,21,07,14,22,30,13,,,,,,2.0,1.1,1.7*34
$GPGSV,3,1,12,30,60,228,20,14,58,348,22,17,51,301,25,07,41,180,27*79
$GPGSV,3,2,12,22,40,326,31,02,39,041,21,19,31,270,17,21,22,040,21*79
$GPGSV,3,3,12,03,21,114,,06,16,208,21,13,08,278,19,08,03,064,*70
$GPRMC,175156.000,A,2632.6789,N,07703.3378,W,0.87,105.64,220324,,,A*78
$GPVTG,105.64,T,,M,0.87,N,1.6,K,A*03
$GPGGA,175201.000,2632.6798,N,07703.3383,W,1,07,1.1,-3.3,M,-33.0,M,,0000*44
$GPGSA,A,3,02,21,07,14,22,30,13,,,,,,2.0,1.1,1.7*34
$GPGSV,3,1,12,30,60,228,20,14,58,348,22,17,51,301,25,07,41,180,27*79
$GPGSV,3,2,12,22,40,326,29,02,39,041,21,19,31,270,16,21,22,040,29*79
$GPGSV,3,3,12,03,21,114,,06,16,208,22,13,08,278,23,08,03,064,*7A
$GPRMC,175201.000,A,2632.6798,N,07703.3383,W,0.39,89.02,220324,,,A*4D
$GPVTG,89.02,T,,M,0.39,N,0.7,K,A*33
$GPGGA,175206.000,2632.6796,N,07703.3381,W,1,07,1.1,-5.5,M,-33.0,M,,0000*4F
$GPGSA,A,3,02,21,07,14,22,30,13,,,,,,2.0,1.1,1.7*34
$GPGSV,3,1,12,30,60,228,21,14,58,348,22,17,51,301,24,07,41,180,27*79
$GPGSV,3,2,12,22,40,326,29,02,39,041,20,19,31,270,16,21,22,040,21*70
$GPGSV,3,3,12,03,21,114,,06,16,208,21,13,08,278,22,08,03,064,*78
$GPRMC,175206.000,A,2632.6796,N,07703.3381,W,0.53,144.42,220324,,,A*7E
$GPVTG,144.42,T,,M,0.53,N,1.0,K,A*0D
$GPGGA,175211.000,2632.6797,N,07703.3382,W,1,07,1.1,-10.4,M,-33.0,M,,0000*7E
$GPGSA,A,3,02,21,07,14,22,30,13,,,,,,2.0,1.1,1.7*34
$GPGSV,3,1,12,30,60,228,20,14,58,348,21,17,51,301,24,07,41,180,27*7B
$GPGSV,3,2,12,22,40,326,29,02,39,041,19,19,31,270,15,21,22,040,23*7B
$GPRMC,175211.000,A,2632.6797,N,07703.3382,W,0.40,194.96,220324,,,A*7C
$GPVTG,194.96,T,,M,0.40,N,0.7,K,A*0D
$GPGGA,175216.000,2632.6805,N,07703.3384,W,1,07,1.1,-5.8,M,-33.0,M,,0000*43
$GPGSA,A,3,02,21,07,14,22,30,13,,,,,,2.0,1.1,1.7*34
$GPGSV,3,1,12,30,60,228,17,14,58,348,23,17,51,301,25,07,41,180,27*7C
$GPGSV,3,2,12,22,40,326,29,02,39,041,20,19,31,270,16,21,22,040,22*73
$GPGSV,3,3,12,03,21,114,,06,16,208,22,13,08,278,22,08,03,064,*7B
$GPRMC,175216.000,A,2632.6805,N,07703.3384,W,0.55,89.94,220324,,,A*42
$GPGGA,175221.000,2632.6798,N,07703.3396,W,1,07,1.1,-1.7,M,-33.0,M,,0000*44
$GPGSA,A,3,02,21,07,14,22,30,13,,,,,,2.0,1.1,1.7*34
$GPGSV,3,1,12,30,60,228,18,14,58,348,24,17,51,301,25,07,41,180,27*74
$GPGSV,3,2,12,22,40,326,29,02,39,041,20,19,31,270,17,21,22,040,23*73
$GPGSV,3,3,12,03,21,114,,06,16,208,22,13,08,278,22,08,03,064,*7B
$GPRMC,175221.000,A,2632.6798,N,07703.3396,W,0.26,271.71,220324,,,A*74
$GPVTG,271.71,T,,M,0.26,N,0.5,K,A*0E
$GPGGA,175226.000,2632.6794,N,07703.3405,W,1,07,1.1,-1.6,M,-33.0,M,,0000*43
$GPGSA,A,3,02,21,07,14,22,30,13,,,,,,2.0,1.1,1.7*34
$GPGSV,3,1,12,30,60,228,18,14,58,348,24,17,51,301,25,07,41,180,21*72
$GPGSV,3,2,12,22,40,326,29,02,39,041,20,19,31,270,17,21,22,040,24*74
$GPGSV,3,3,12,03,21,114,,06,16,208,21,13,08,278,23,08,03,064,*79
$GPRMC,175226.000,A,2632.6794,N,07703.3405,W,0.50,261.36,220324,,,A*71
$GPVTG,261.36,T,,M,0.50,N,0.9,K,A*01
$GPGGA,175231.000,2632.6800,N,07703.3393,W,1,07,1.1,-0.2,M,-33.0,M,,0000*4A
$GPGSA,A,3,02,21,07,14,22,30,13,,,,,,2.0,1.1,1.7*34
$GPGSV,3,1,12,30,60,228,17,14,58,348,18,17,51,301,25,07,41,180,25*76
$GPGSV,3,2,12,22,40,326,29,02,39,041,20,19,31,270,17,21,22,040,16*75
$GPGSV,3,3,12,03,21,114,,06,16,208,21,13,08,278,16,08,03,064,*7F
$GPRMC,175231.000,A,2632.6800,N,07703.3393,W,1.55,67.92,220324,,,A*43
$GPVTG,67.92,T,,M,1.55,N,2.9,K,A*3D
$GPGGA,175236.000,2632.6799,N,07703.3380,W,1,07,1.1,1.3,M,-33.0,M,,0000*6D
$GPGSA,A,3,02,21,07,14,22,30,13,,,,,,2.0,1.1,1.7*34
$GPGSV,3,1,12,30,60,228,13,14,58,348,19,17,51,301,25,07,41,180,24*72
$GPGSV,3,2,12,22,40,326,29,02,39,041,20,19,31,270,16,21,22,040,19*7B
$GPGSV,3,3,12,03,21,114,19,06,16,208,20,13,08,278,18,08,03,064,*78
$GPRMC,175236.000,A,2632.6799,N,07703.3380,W,0.36,126.53,220324,,,A*74
$GPVTG,126.53,T,,M,0.36,N,0.7,K,A*0C
$GPGGA,175241.000,2632.6806,N,07703.3392,W,1,06,1.4,0.9,M,-33.0,M,,0000*68
$GPGSA,A,3,02,07,14,22,30,13,,,,,,,2.5,1.4,2.1*32
$GPGSV,3,1,12,30,60,228,14,14,58,348,19,17,51,301,26,07,41,180,17*76
$GPGSV,3,2,12,22,40,326,30,02,39,041,16,19,31,270,17,21,22,040,18*76
$GPGSV,3,3,12,03,21,114,19,06,16,208,20,13,08,278,25,08,03,064,*76
$GPRMC,175241.000,A,2632.6806,N,07703.3392,W,1.33,8.35,220324,,,A*77
$GPVTG,8.35,T,,M,1.33,N,2.5,K,A*05
$GPGGA,175246.000,2632.6821,N,07703.3397,W,1,07,1.1,3.5,M,-33.0,M,,0000*64
$GPGSA,A,3,02,21,07,14,22,30,13,,,,,,2.0,1.1,1.7*34
$GPGSV,3,1,12,30,60,228,16,14,58,348,20,17,51,301,23,07,41,180,25*7A
$GPGSV,3,2,12,22,40,326,30,02,39,041,17,19,31,270,22,21,22,040,25*7F
$GPGSV,3,3,12,03,21,114,18,06,16,208,20,13,08,278,24,08,03,064,*76
$GPVTG,151.54,T,,M,0.31,N,0.6,K,A*0D
$GPGGA,175251.000,2632.6816,N,07703.3399,W,1,07,1.1,8.0,M,-33.0,M,,0000*66
$GPGSA,A,3,02,21,07,14,22,30,13,,,,,,2.0,1.1,1.7*34
$GPGSV,3,1,12,30,60,228,15,14,58,348,25,17,51,301,25,07,41,180,20*7F
$GPGSV,3,2,12,22,40,326,24,02,39,041,17,19,31,270,23,21,22,040,27*79
$GPGSV,3,3,12,03,21,114,17,06,16,208,21,13,08,278,25,08,03,064,*79
$GPRMC,175251.000,A,2632.6816,N,07703.3399,W,0.85,317.57,220324,,,A*79
$GPVTG,317.57,T,,M,0.85,N,1.6,K,A*00
$GPGGA,175256.000,2632.6815,N,07703.3389,W,1,07,1.1,8.7,M,-33.0,M,,0000*64
$GPGSA,A,3,02,21,07,14,22,30,13,,,,,,2.0,1.1,1.7*34
$GPGSV,3,1,12,30,60,228,20,14,58,348,16,17,51,301,26,07,41,180,22*78
$GPGSV,3,2,12,22,40,326,30,02,39,041,18,19,31,270,15,21,22,040,14*76
$GPGSV,3,3,12,03,21,114,16,06,16,208,21,13,08,278,25,08,03,064,*78
$GPRMC,175256.000,A,2632.6815,N,07703.3389,W,0.57,250.14,220324,,,A*76
$GPVTG,250.14,T,,M,0.57,N,1.0,K,A*0C
$GPGGA,175301.000,2632.6821,N,07703.3415,W,1,07,1.1,12.1,M,-33.0,M,,0000*5F
$GPGSA,A,3,02,21,07,14,22,30,13,,,,,,2.0,1.1,1.7*34
$GPGSV,3,1,12,30,60,228,21,14,58,348,15,17,51,301,27,07,41,180,22*7B
$GPGSV,3,2,12,22,40,326,29,02,39,041,19,19,31,270,16,21,22,040,18*70
$GPGSV,3,3,12,03,21,114,17,06,16,208,20,13,08,278,24,08,03,064,*79
$GPRMC,175301.000,A,2632.6821,N,07703.3415,W,0.70,333.67,220324,,,A*75
$GPVTG,333.67,T,,M,0.70,N,1.3,K,A*0A
$GPGGA,175306.000,2632.6805,N,07703.3400,W,1,07,1.1,10.5,M,-33.0,M,,0000*5C
$GPGSA,A,3,02,21,07,14,22,30,13,,,,,,2.0,1.1,1.7*34
$GPGSV,3,1,12,30,60,228,16,14,58,348,17,17,51,301,26,07,41,180,23*7D
$GPGSV,3,2,12,22,40,326,24,02,39,041,19,19,31,270,17,21,22,040,24*73
$GPGSV,3,3,12,03,21,114,18,06,16,208,21,13,08,278,25,08,03,064,*76
$GPRMC,175306.000,A,2632.6805,N,07703.3400,W,0.55,91.16,220324,,,A*4A
$GPVTG,91.16,T,,M,0.55,N,1.0,K,A*33
$GPGGA,175311.000,2632.6792,N,07703.3390,W,1,07,1.1,10.1,M,-33.0,M,,0000*51
$GPGSA,A,3,02,21,07,14,22,30,13,,,,,,2.0,1.1,1.7*34
$GPGSV,3,1,12,30,60,228,17,14,58,348,21,17,51,301,27,07,41,180,24*7F
$GPGSV,3,2,12,22,40,326,25,02,39,041,19,19,31,270,17,21,22,040,24*72
$GPGSV,3,3,12,03,21,114,20,06,16,208,21,13,08,278,26,08,03,064,*7E
$GPRMC,175311.000,A,2632.6792,N,07703.3390,W,0.38,62.71,220324,,,A*45
$GPVTG,62.71,T,,M,0.38,N,0.7,K,A*33
$GPGGA,175316.000,2632.6799,N,07703.3389,W,1,07,1.1,9.9,M,-33.0,M,,0000*65
$GPGSA,A,3,02,21,07,14,22,30,13,,,,,,2.0,1.1,1.7*34
$GPGSV,3,1,12,30,60,228,19,14,58,348,27,17,51,301,26,07,41,180,24*76
$GPGSV,3,2,12,22,40,326,25,02,39,041,19,19,31,270,17,21,22,040,25*73
$GPRMC,175316.000,A,2632.6799,N,07703.3389,W,0.44,277.44,220324,,,A*7A
$GPVTG,277.44,T,,M,0.44,N,0.8,K,A*07
$GPGGA,175321.000,2632.6804,N,07703.3390,W,1,07,1.1,9.8,M,-33.0,M,,0000*63
$GPGSA,A,3,02,21,07,14,22,30,13,,,,,,2.0,1.1,1.7*34
$GPGSV,3,1,12,30,60,228,20,14,58,348,20,17,51,301,26,07,41,180,24*7B
$GPGSV,3,2,12,22,40,326,24,02,39,041,23,19,31,270,17,21,22,040,24*7A
$GPGSV,3,3,12,03,21,114,16,06,16,208,20,13,08,278,25,08,03,064,*79
$GPRMC,175321.000,A,2632.6804,N,07703.3390,W,0.33,284.76,220324,,,A*70
$GPGGA,175326.000,2632.6819,N,07703.3404,W,1,07,1.1,12.6,M,-33.0,M,,0000*56
$GPGSA,A,3,02,21,07,14,22,30,13,,,,,,2.0,1.1,1.7*34
$GPGSV,3,1,12,30,60,228,18,14,58,348,19,17,51,301,26,07,41,180,21*7F
$GPGSV,3,2,12,22,40,326,28,02,39,041,22,19,31,270,17,21,22,040,24*77
$GPGSV,3,3,12,03,21,114,18,06,16,208,19,13,08,278,25,08,03,064,*7D
$GPRMC,175326.000,A,2632.6819,N,07703.3404,W,0.55,111.50,220324,,,A*7A
$GPVTG,111.50,T,,M,0.55,N,1.0,K,A*08
$GPGGA,175331.000,2632.6817,N,07703.3408,W,1,07,1.1,11.6,M,-33.0,M,,0000*51
$GPGSA,A,3,02,21,07,14,22,30,13,,,,,,2.0,1.1,1.7*34
$GPGSV,3,1,12,30,60,228,18,14,58,348,18,17,51,301,25,07,41,180,21*7D
$GPGSV,3,2,12,22,40,326,31,02,39,041,21,19,31,270,17,21,22,040,19*72
$GPGSV,3,3,12,03,21,114,17,06,16,208,19,13,08,278,19,08,03,064,*7D
$GPRMC,175331.000,A,2632.6817,N,07703.3408,W,1.10,269.38,220324,,,A*7C
$GPVTG,269.38,T,,M,1.10,N,2.0,K,A*09
$GPGGA,175336.000,2632.6818,N,07703.3399,W,1,07,1.1,8.6,M,-33.0,M,,0000*6E
$GPGSA,A,3,02,21,07,14,22,30,13,,,,,,2.0,1.1,1.7*34
$GPGSV,3,1,12,30,60,228,16,14,58,348,18,17,51,301,24,07,41,180,21*72
$GPGSV,3,2,12,22,40,326,30,02,39,041,20,19,31,270,,21,22,040,19*74
$GPGSV,3,3,12,03,21,114,16,06,16,208,,13,08,278,21,08,03,064,*7F
$GPRMC,175336.000,A,2632.6818,N,07703.3399,W,0.57,101.77,220324,,,A*7F
$GPVTG,101.77,T,,M,0.57,N,1.1,K,A*0F
$GPGGA,175341.000,2632.6812,N,07703.3372,W,1,07,1.1,6.8,M,-33.0,M,,0000*61
$GPGSA,A,3,02,21,07,14,22,30,13,,,,,,2.0,1.1,1.7*34
$GPGSV,3,1,12,30,60,228,17,14,58,348,18,17,51,301,23,07,41,180,21*74
$GPGSV,3,2,12,22,40,326,30,02,39,041,19,19,31,270,,21,22,040,19*7E
$GPGSV,3,3,12,03,21,114,15,06,16,208,,13,08,278,21,08,03,064,*7C
$GPRMC,175341.000,A,2632.6812,N,07703.3372,W,1.63,37.54,220324,,,A*43
$GPVTG,37.54,T,,M,1.63,N,3.0,K,A*3F
$GPGGA,175346.000,2632.6812,N,07703.3373,W,1,06,1.2,4.7,M,-33.0,M,,0000*68
$GPGSA,A,3,02,21,07,14,22,13,,,,,,,2.2,1.2,1.9*38
$GPGSV,3,1,12,30,59,225,,14,59,350,18,17,51,303,24,22,41,327,30*70
$GPGSV,3,2,12,07,39,180,22,02,38,041,19,19,31,271,,03,22,112,16*73
$GPRMC,175346.000,A,2632.6812,N,07703.3373,W,1.25,106.74,220324,,,A*76
$GPVTG,106.74,T,,M,1.25,N,2.3,K,A*0E
$GPGGA,175351.000,2632.6798,N,07703.3362,W,1,07,1.1,6.0,M,-33.0,M,,0000*64
$GPGSA,A,3,02,21,07,14,22,30,13,,,,,,2.0,1.1,1.7*34
$GPGSV,3,1,12,30,59,225,26,14,59,350,16,17,51,303,24,22,41,327,30*7A
$GPGSV,3,2,12,07,39,180,22,02,38,041,20,19,31,271,18,03,22,112,*77
$GPGSV,3,3,12,21,21,039,21,06,18,209,18,13,08,277,22,08,02,065,*7F
$GPRMC,175351.000,A,2632.6798,N,07703.3362,W,0.84,90.01,220324,,,A*4B
$GPGGA,175356.000,2632.6788,N,07703.3358,W,1,06,1.2,5.6,M,-33.0,M,,0000*6C
$GPGSA,A,3,02,21,07,22,30,13,,,,,,,2.3,1.2,2.0*35
$GPGSV,3,1,12,30,59,225,26,14,59,350,,17,51,303,25,22,41,327,30*7C
$GPGSV,3,2,12,07,39,180,23,02,38,041,20,19,31,271,18,03,22,112,*76
$GPGSV,3,3,12,21,21,039,22,06,18,209,19,13,08,277,22,08,02,065,*7D
$GPRMC,175356.000,A,2632.6788,N,07703.3358,W,0.92,101.08,220324,,,A*73
$GPVTG,101.08,T,,M,0.92,N,1.7,K,A*08
$GPGGA,175401.000,2632.6790,N,07703.3351,W,1,05,1.3,6.5,M,-33.0,M,,0000*6B
$GPGSA,A,3,21,07,22,30,13,,,,,,,,2.4,1.3,2.0*31
$GPGSV,3,1,12,30,59,225,26,14,59,350,,17,51,303,25,22,41,327,30*7C
$GPGSV,3,2,12,07,39,180,23,02,38,041,11,19,31,271,19,03,22,112,*75
$GPGSV,3,3,12,21,21,039,22,06,18,209,19,13,08,277,22,08,02,065,*7D
$GPRMC,175401.000,A,2632.6790,N,07703.3351,W,0.47,44.15,220324,,,A*42
$GPVTG,44.15,T,,M,0.47,N,0.9,K,A*33
$GPGGA,175406.000,2632.6778,N,07703.3359,W,1,06,1.2,2.0,M,-33.0,M,,0000*61
$GPGSA,A,3,14,21,07,22,30,13,,,,,,,2.1,1.2,1.7*34
$GPGSV,3,1,12,30,59,225,25,14,59,350,19,17,51,303,25,22,41,327,29*7F
$GPGSV,3,2,12,07,39,180,24,02,38,041,,19,31,271,21,03,22,112,*79
$GPGSV,3,3,12,21,21,039,22,06,18,209,18,13,08,277,22,08,02,065,*7C
$GPRMC,175406.000,A,2632.6778,N,07703.3359,W,0.42,202.56,220324,,,A*79
$GPVTG,202.56,T,,M,0.42,N,0.8,K,A*00
$GPGGA,175411.000,2632.6783,N,07703.3356,W,1,07,1.1,-1.7,M,-33.0,M,,0000*47
$GPGSA,A,3,14,21,07,02,22,30,13,,,,,,2.0,1.1,1.7*34
$GPGSV,3,1,12,30,59,225,25,14,59,350,20,17,51,303,25,22,41,327,29*75
$GPGSV,3,2,12,07,39,180,22,02,38,041,18,19,31,271,21,03,22,112,*76
$GPGSV,3,3,12,21,21,039,23,06,18,209,17,13,08,277,22,08,02,065,*72
$GPRMC,175411.000,A,2632.6783,N,07703.3356,W,0.56,75.41,220324,,,A*45
$GPVTG,75.41,T,,M,0.56,N,1.0,K,A*38
$GPGGA,175416.000,2632.6789,N,07703.3361,W,1,07,1.1,-0.7,M,-33.0,M,,0000*4F
$GPGSA,A,3,14,21,07,02,22,30,13,,,,,,2.0,1.1,1.7*34
$GPGSV,3,1,12,30,59,225,25,14,59,350,19,17,51,303,25,22,41,327,29*7F
$GPGSV,3,2,12,07,39,180,23,02,38,041,18,19,31,271,21,03,22,112,*77
$GPGSV,3,3,12,21,21,039,23,06,18,209,17,13,08,277,22,08,02,065,*72
$GPVTG,138.48,T,,M,0.55,N,1.0,K,A*0A
$GPGGA,175421.000,2632.6788,N,07703.3371,W,1,07,1.1,3.3,M,-33.0,M,,0000*61
$GPGSA,A,3,14,21,07,02,22,30,13,,,,,,2.0,1.1,1.7*34
$GPGSV,3,1,12,30,59,225,24,14,59,350,18,17,51,303,24,22,41,327,29*7E
$GPGSV,3,2,12,07,39,180,24,02,38,041,19,19,31,271,21,03,22,112,*71
$GPGSV,3,3,12,21,21,039,24,06,18,209,17,13,08,277,23,08,02,065,*74
$GPRMC,175421.000,A,2632.6788,N,07703.3371,W,0.07,320.40,220324,,,A*7E
$GPVTG,320.40,T,,M,0.07,N,0.1,K,A*0E
$GPGGA,175426.000,2632.6782,N,07703.3369,W,1,07,1.1,4.0,M,-33.0,M,,0000*61
$GPGSA,A,3,14,21,07,02,22,30,13,,,,,,2.0,1.1,1.7*34
$GPGSV,3,1,12,30,59,225,16,14,59,350,18,17,51,303,24,22,41,327,29*7F
$GPGSV,3,2,12,07,39,180,19,02,38,041,20,19,31,271,21,03,22,112,*75
$GPGSV,3,3,12,21,21,039,24,06,18,209,19,13,08,277,22,08,02,065,*7B
$GPRMC,175426.000,A,2632.6782,N,07703.3369,W,0.92,110.62,220324,,,A*77
$GPVTG,110.62,T,,M,0.92,N,1.7,K,A*04
$GPGGA,175431.000,2632.6781,N,07703.3357,W,1,07,1.1,7.4,M,-33.0,M,,0000*6E
$GPGSA,A,3,14,21,07,02,22,30,13,,,,,,2.0,1.1,1.7*34
$GPGSV,3,1,12,30,59,225,16,14,59,350,17,17,51,303,21,22,41,327,29*75
$GPGSV,3,2,12,07,39,180,17,02,38,041,19,19,31,271,21,03,22,112,*71
$GPGSV,3,3,12,21,21,039,24,06,18,209,19,13,08,277,17,08,02,065,*7D
$GPRMC,175431.000,A,2632.6781,N,07703.3357,W,0.68,154.46,220324,,,A*7C
$GPVTG,154.46,T,,M,0.68,N,1.3,K,A*03
$GPGGA,175436.000,2632.6788,N,07703.3366,W,1,06,1.2,1.2,M,-33.0,M,,0000*60
$GPGSA,A,3,21,07,02,22,30,13,,,,,,,2.3,1.2,2.0*35
$GPGSV,3,1,12,30,59,225,18,14,59,350,,17,51,303,18,22,41,327,29*77
$GPGSV,3,2,12,07,39,180,16,02,38,041,17,19,31,271,21,03,22,112,*7E
$GPGSV,3,3,12,21,21,039,24,06,18,209,19,13,08,277,17,08,02,065,*7D
$GPRMC,175436.000,A,2632.6788,N,07703.3366,W,0.32,5.43,220324,,,A*7F
$GPVTG,5.43,T,,M,0.32,N,0.6,K,A*08
$GPGGA,175441.000,2632.6796,N,07703.3368,W,1,07,1.1,2.4,M,-33.0,M,,0000*66
$GPGSA,A,3,14,21,07,02,22,30,13,,,,,,2.0,1.1,1.7*34
$GPGSV,3,1,12,30,59,225,19,14,59,350,15,17,51,303,18,22,41,327,29*72
$GPGSV,3,2,12,07,39,180,16,02,38,041,16,19,31,271,21,03,22,112,*7F
$GPGSV,3,3,12,21,21,039,24,06,18,209,18,13,08,277,18,08,02,065,*73
$GPRMC,175441.000,A,2632.6796,N,07703.3368,W,0.17,80.26,220324,,,A*47
$GPVTG,80.26,T,,M,0.17,N,0.3,K,A*34
$GPGGA,175446.000,2632.6794,N,07703.3361,W,1,07,1.1,1.0,M,-33.0,M,,0000*6D
$GPGSA,A,3,14,21,07,02,22,30,13,,,,,,2.0,1.1,1.7*34
$GPGSV,3,1,12,30,59,225,19,14,59,350,15,17,51,303,19,22,41,327,29*73
$GPGSV,3,2,12,07,39,180,21,02,38,041,17,19,31,271,21,03,22,112,*7A
$GPGSV,3,3,12,21,21,039,24,06,18,209,17,13,08,277,19,08,02,065,*7D
$GPRMC,175446.000,A,2632.6794,N,07703.3361,W,0.46,87.51,220324,,,A*48
$GPVTG,87.51,T,,M,0.46,N,0.9,K,A*3D
$GPGGA,175451.000,2632.6788,N,07703.3340,W,1,07,1.1,0.2,M,-33.0,M,,0000*66
$GPGSA,A,3,14,21,07,02,22,30,13,,,,,,2.0,1.1,1.7*34
$GPGSV,3,1,12,30,59,225,17,14,59,350,15,17,51,303,19,22,41,327,29*7D
$GPGSV,3,2,12,07,39,180,22,02,38,041,17,19,31,271,22,03,22,112,*7A
$GPGSV,3,3,12,21,21,039,24,06,18,209,18,13,08,277,19,08,02,065,*72
$GPVTG,82.75,T,,M,0.92,N,1.7,K,A*38
$GPGGA,175456.000,2632.6775,N,07703.3345,W,1,06,1.2,1.8,M,-33.0,M,,0000*6F
$GPGSA,A,3,14,21,07,02,22,13,,,,,,,2.2,1.2,1.9*38
$GPGSV,3,1,12,30,59,225,,14,59,350,16,17,51,303,19,22,41,327,29*78
$GPGSV,3,2,12,07,39,180,22,02,38,041,17,19,31,271,22,03,22,112,*7A
$GPGSV,3,3,12,21,21,039,24,06,18,209,19,13,08,277,18,08,02,065,*72
$GPRMC,175456.000,A,2632.6775,N,07703.3345,W,0.44,341.52,220324,,,A*78
$GPVTG,341.52,T,,M,0.44,N,0.8,K,A*04
$GPGGA,175501.000,2632.6796,N,07703.3345,W,1,06,1.2,2.5,M,-33.0,M,,0000*6F
$GPGSA,A,3,14,21,07,02,22,13,,,,,,,2.2,1.2,1.9*38
$GPGSV,3,1,12,30,59,225,,14,59,350,17,17,51,303,09,22,41,327,29*78
$GPGSV,3,2,12,07,39,180,23,02,38,041,18,19,31,271,21,03,22,112,*77
$GPGSV,3,3,12,21,21,039,24,06,18,209,20,13,08,277,18,08,02,065,*78
$GPRMC,175501.000,A,2632.6796,N,07703.3345,W,0.24,40.08,220324,,,A*4D
$GPVTG,40.08,T,,M,0.24,N,0.4,K,A*33
$GPGGA,175506.000,2632.6805,N,07703.3357,W,1,07,1.1,1.6,M,-33.0,M,,0000*6C
$GPGSA,A,3,14,21,07,02,22,30,13,,,,,,2.0,1.1,1.7*34
$GPGSV,3,1,12,30,59,225,18,14,59,350,16,17,51,303,15,22,41,327,29*7D
$GPGSV,3,2,12,07,39,180,23,02,38,041,19,19,31,271,,03,22,112,*75
$GPGSV,3,3,12,21,21,039,23,06,18,209,20,13,08,277,19,08,02,065,*7E
$GPRMC,175506.000,A,2632.6805,N,07703.3357,W,0.55,126.52,220324,,,A*74
$GPVTG,126.52,T,,M,0.55,N,1.0,K,A*0E
$GPGGA,175511.000,2632.6811,N,07703.3359,W,1,07,1.1,1.6,M,-33.0,M,,0000*61
$GPGSA,A,3,14,21,07,02,22,30,13,,,,,,2.0,1.1,1.6*35
$GPGSV,3,1,12,30,59,225,17,14,59,350,16,17,51,303,14,22,41,327,29*73
$GPGSV,3,2,12,07,39,180,23,02,38,041,20,19,31,271,,03,22,112,*7F
$GPGSV,3,3,12,21,21,039,23,06,18,209,20,13,08,277,19,08,02,065,*7E
$GPRMC,175511.000,A,2632.6811,N,07703.3359,W,0.13,245.59,220324,,,A*76
$GPVTG,245.59,T,,M,0.13,N,0.2,K,A*02
$GPGGA,175516.000,2632.6807,N,07703.3373,W,1,07,1.1,-0.4,M,-33.0,M,,0000*47
$GPGSA,A,3,14,21,07,02,22,30,13,,,,,,2.0,1.1,1.6*35
$GPGSV,3,1,12,30,59,225,20,14,59,350,25,17,51,303,24,22,41,327,30*7C
$GPGSV,3,2,12,07,39,180,22,02,38,041,24,19,31,271,,03,22,112,*7A
$GPGSV,3,3,12,21,21,039,22,06,18,209,,13,08,277,19,08,02,065,*7D
$GPRMC,175516.000,A,2632.6807,N,07703.3373,W,0.39,123.09,220324,,,A*70
$GPVTG,123.09,T,,M,0.39,N,0.7,K,A*09
$GPGGA,175521.000,2632.6797,N,07703.3379,W,1,07,1.1,0.9,M,-33.0,M,,0000*6F
$GPGSA,A,3,14,21,07,02,22,30,13,,,,,,2.0,1.1,1.6*35
$GPGSV,3,1,12,30,59,225,21,14,59,350,14,17,51,303,10,22,41,327,30*78
$GPGSV,3,2,12,07,39,180,21,02,38,041,24,19,31,271,,03,22,112,*79
$GPGSV,3,3,12,21,21,039,21,06,18,209,14,13,08,277,19,08,02,065,*7B
$GPVTG,35.72,T,,M,0.84,N,1.6,K,A*35
$GPGGA,175526.000,2632.6801,N,07703.3385,W,1,07,1.1,-1.2,M,-33.0,M,,0000*4C
$GPGSA,A,3,14,21,07,02,22,30,13,,,,,,2.0,1.1,1.6*35
$GPGSV,3,1,12,30,59,225,24,14,59,350,17,17,51,303,23,22,41,327,30*7E
$GPGSV,3,2,12,07,39,180,20,02,38,041,22,19,31,271,,03,22,112,*7E
$GPGSV,3,3,12,21,21,039,30,06,18,209,16,13,08,277,18,08,02,065,*78
$GPRMC,175526.000,A,2632.6801,N,07703.3385,W,0.53,329.15,220324,,,A*75
$GPVTG,329.15,T,,M,0.53,N,1.0,K,A*06
$GPGGA,175531.000,2632.6799,N,07703.3394,W,1,07,1.1,0.5,M,-33.0,M,,0000*6F
$GPGSA,A,3,14,21,07,02,22,30,13,,,,,,2.0,1.1,1.6*35
$GPGSV,3,1,12,30,59,225,24,14,59,350,28,17,51,303,30,22,41,327,27*76
$GPGSV,3,2,12,07,39,180,20,02,38,041,19,19,31,271,21,03,22,112,*75
$GPGSV,3,3,12,21,21,039,23,06,18,209,17,13,08,277,20,08,02,065,*70
$GPRMC,175531.000,A,2632.6799,N,07703.3394,W,1.12,163.27,220324,,,A*74
$GPVTG,163.27,T,,M,1.12,N,2.1,K,A*0D
$GPGGA,175536.000,2632.6796,N,07703.3396,W,1,07,1.1,0.7,M,-33.0,M,,0000*67
$GPGSA,A,3,14,21,07,02,22,30,13,,,,,,2.0,1.1,1.6*35
$GPGSV,3,1,12,30,59,225,24,14,59,350,20,17,51,303,26,22,41,327,29*77
$GPGSV,3,2,12,07,39,180,14,02,38,041,19,19,31,271,22,03,22,112,*71
$GPGSV,3,3,12,21,21,039,25,06,18,209,15,13,08,277,23,08,02,065,*77
$GPRMC,175536.000,A,2632.6796,N,07703.3396,W,1.66,156.77,220324,,,A*7E
$GPVTG,156.77,T,,M,1.66,N,3.1,K,A*0C
$GPGGA,175541.000,2632.6796,N,07703.3391,W,1,06,1.7,2.6,M,-33.0,M,,0000*64
$GPGSA,A,3,14,21,02,22,30,13,,,,,,,2.4,1.7,1.7*31
$GPGSV,3,1,12,30,59,225,24,14,59,350,20,17,51,303,25,22,41,327,29*74
$GPGSV,3,2,12,07,39,180,,02,38,041,18,19,31,271,22,03,22,112,*75
$GPGSV,3,3,12,21,21,039,26,06,18,209,,13,08,277,24,08,02,065,*77
$GPRMC,175541.000,A,2632.6796,N,07703.3391,W,0.06,43.41,220324,,,A*4E
$GPVTG,43.41,T,,M,0.06,N,0.1,K,A*38
$GPGGA,175546.000,2632.6804,N,07703.3393,W,1,05,1.8,2.3,M,-33.0,M,,0000*6C
$GPGSA,A,3,14,21,22,30,13,,,,,,,,2.5,1.8,1.7*3D
$GPGSV,3,1,12,30,59,225,23,14,59,350,26,17,51,303,24,22,41,327,30*7C
$GPGSV,3,2,12,07,39,180,,02,38,041,,19,31,271,23,03,22,112,*7D
$GPGSV,3,3,12,21,21,039,26,06,18,209,,13,08,277,23,08,02,065,*70
$GPRMC,175546.000,A,2632.6804,N,07703.3393,W,0.86,162.23,220324,,,A*71
$GPVTG,162.23,T,,M,0.86,N,1.6,K,A*00
$GPGGA,175551.000,2632.6816,N,07703.3399,W,1,06,1.2,4.2,M,-33.0,M,,0000*6D
$GPGSA,A,3,07,14,21,22,30,13,,,,,,,2.0,1.2,1.6*34
$GPGSV,3,1,12,30,59,225,18,14,59,350,26,17,51,303,24,22,41,327,30*74
$GPGSV,3,2,12,07,39,180,18,02,38,041,,19,31,271,23,03,22,112,*74
$GPGSV,3,3,12,21,21,039,27,06,18,209,,13,08,277,19,08,02,065,*78
$GPVTG,164.51,T,,M,0.23,N,0.4,K,A*0F
$GPGGA,175556.000,2632.6814,N,07703.3397,W,1,05,1.8,3.8,M,-33.0,M,,0000*62
$GPGSA,A,3,14,21,22,30,13,,,,,,,,2.5,1.8,1.7*3D
$GPGSV,3,1,12,30,59,225,18,14,59,350,25,17,51,303,24,22,41,327,31*76
$GPGSV,3,2,12,07,39,180,19,02,38,041,,19,31,271,23,03,22,112,*75
$GPGSV,3,3,12,21,21,039,27,06,18,209,,13,08,277,19,08,02,065,*78
$GPRMC,175556.000,A,2632.6814,N,07703.3397,W,0.35,282.32,220324,,,A*70
$GPVTG,282.32,T,,M,0.35,N,0.6,K,A*04
$GPGGA,175601.000,2632.6803,N,07703.3391,W,1,06,1.2,6.7,M,-33.0,M,,0000*60
$GPGSA,A,3,07,14,21,22,30,13,,,,,,,2.0,1.2,1.6*34
$GPGSV,3,1,12,30,59,225,19,14,59,350,25,17,51,303,24,22,41,327,31*77
$GPGSV,3,2,12,07,39,180,18,02,38,041,,19,31,271,23,03,22,112,*74
$GPGSV,3,3,12,21,21,039,27,06,18,209,,13,08,277,18,08,02,065,*79
$GPRMC,175601.000,A,2632.6803,N,07703.3391,W,0.83,158.31,220324,,,A*7B
$GPVTG,158.31,T,,M,0.83,N,1.5,K,A*0C
$GPGGA,175606.000,2632.6803,N,07703.3389,W,1,05,1.8,3.3,M,-33.0,M,,0000*66
$GPGSA,A,3,14,21,22,30,13,,,,,,,,2.5,1.8,1.7*3D
$GPGSV,3,1,12,30,59,225,19,14,59,350,25,17,51,303,25,22,41,327,31*76
$GPGSV,3,2,12,07,39,180,18,02,38,041,,19,31,271,23,03,22,112,*74
$GPGSV,3,3,12,21,21,039,27,06,18,209,,13,08,277,17,08,02,065,*76
$GPRMC,175606.000,A,2632.6803,N,07703.3389,W,0.87,124.11,220324,,,A*78
$GPVTG,124.11,T,,M,0.87,N,1.6,K,A*02
$GPGGA,175611.000,2632.6797,N,07703.3379,W,1,06,1.2,0.4,M,-33.0,M,,0000*60
$GPGSA,A,3,07,14,21,22,30,13,,,,,,,2.0,1.2,1.6*34
$GPGSV,3,1,12,30,59,225,19,14,59,350,25,17,51,303,25,22,41,327,31*76
$GPGSV,3,2,12,07,39,180,18,02,38,041,,19,31,271,23,03,22,112,*74
$GPGSV,3,3,12,21,21,039,27,06,18,209,,13,08,277,17,08,02,065,*76
$GPRMC,175611.000,A,2632.6797,N,07703.3379,W,0.47,56.02,220324,,,A*49
$GPVTG,56.02,T,,M,0.47,N,0.9,K,A*36
$GPGGA,175616.000,2632.6782,N,07703.3386,W,1,06,1.2,-2.7,M,-33.0,M,,0000*4F
$GPGSA,A,3,07,14,21,22,30,13,,,,,,,2.0,1.2,1.6*34
$GPGSV,3,1,12,30,59,225,18,14,59,350,25,17,51,303,25,22,41,327,31*77
$GPGSV,3,2,12,07,39,180,18,02,38,041,,19,31,271,22,03,22,112,*75
$GPGSV,3,3,12,21,21,039,27,06,18,209,,13,08,277,17,08,02,065,*76
$GPRMC,175616.000,A,2632.6782,N,07703.3386,W,0.80,201.12,220324,,,A*70
$GPVTG,201.12,T,,M,0.80,N,1.5,K,A*01
$GPGGA,175621.000,2632.6772,N,07703.3396,W,1,05,1.2,-4.3,M,-33.0,M,,0000*44
$GPGSA,A,3,07,14,21,22,13,,,,,,,,2.2,1.2,1.8*3B
$GPGSV,3,1,12,30,59,225,18,14,59,350,25,17,51,303,25,22,41,327,32*74
$GPGSV,3,2,12,07,39,180,18,02,38,041,,19,31,271,22,03,22,112,*75
$GPGSV,3,3,12,21,21,039,27,06,18,209,,13,08,277,17,08,02,065,*76
$GPVTG,246.96,T,,M,0.59,N,1.1,K,A*0E
$GPGGA,175626.000,2632.6773,N,07703.3394,W,1,07,1.1,-6.7,M,-33.0,M,,0000*47
$GPGSA,A,3,07,14,21,02,22,30,13,,,,,,2.0,1.1,1.6*35
$GPGSV,3,1,12,30,59,225,24,14,59,350,31,17,51,303,29,22,41,327,32*72
$GPGSV,3,2,12,07,39,180,18,02,38,041,26,19,31,271,23,03,22,112,*70
$GPGSV,3,3,12,21,21,039,27,06,18,209,22,13,08,277,17,08,02,065,*76
$GPRMC,175626.000,A,2632.6773,N,07703.3394,W,0.15,98.81,220324,,,A*4A
$GPVTG,98.81,T,,M,0.15,N,0.3,K,A*32
$GPGGA,175631.000,2632.6799,N,07703.3402,W,1,07,1.1,-10.8,M,-33.0,M,,0000*75
$GPGSA,A,3,07,14,21,02,22,30,13,,,,,,2.0,1.1,1.6*35
$GPGSV,3,1,12,30,59,225,23,14,59,350,30,17,51,303,30,22,41,327,31*7F
$GPGSV,3,2,12,07,39,180,14,02,38,041,24,19,31,271,24,03,22,112,*79
$GPGSV,3,3,12,21,21,039,26,06,18,209,,13,08,277,18,08,02,065,*78
$GPRMC,175631.000,A,2632.6799,N,07703.3402,W,1.97,344.58,220324,,,A*7D
$GPVTG,344.58,T,,M,1.97,N,3.7,K,A*08
$GPGGA,175636.000,2632.6796,N,07703.3411,W,1,07,1.1,-13.2,M,-33.0,M,,0000*76
$GPGSA,A,3,07,14,21,02,22,30,13,,,,,,2.0,1.1,1.6*35
$GPGSV,3,1,12,30,59,225,24,14,59,350,29,17,51,303,30,22,41,327,31*70
$GPGSV,3,2,12,07,39,180,13,02,38,041,24,19,31,271,24,03,22,112,*7E
$GPGSV,3,3,12,21,21,039,26,06,18,209,,13,08,277,18,08,02,065,*78
$GPRMC,175636.000,A,2632.6796,N,07703.3411,W,0.73,126.98,220324,,,A*76
$GPVTG,126.98,T,,M,0.73,N,1.3,K,A*0F
$GPGGA,175641.000,2632.6789,N,07703.3390,W,1,07,1.1,-15.1,M,-33.0,M,,0000*73
$GPGSA,A,3,07,14,21,02,22,30,13,,,,,,2.0,1.1,1.6*35
$GPGSV,3,1,12,30,59,225,24,14,59,350,29,17,51,303,30,22,41,327,31*70
$GPGSV,3,2,12,07,39,180,12,02,38,041,24,19,31,271,24,03,22,112,*7F
$GPGSV,3,3,12,21,21,039,25,06,18,209,,13,08,277,18,08,02,065,*7B
$GPRMC,175641.000,A,2632.6789,N,07703.3390,W,0.32,24.27,220324,,,A*44
$GPVTG,24.27,T,,M,0.32,N,0.6,K,A*39
$GPGGA,175646.000,2632.6784,N,07703.3388,W,1,06,1.7,-17.5,M,-33.0,M,,0000*71
$GPGSA,A,3,14,21,02,22,30,13,,,,,,,2.4,1.7,1.7*31
$GPGSV,3,1,12,14,60,351,28,30,58,223,24,17,52,305,31,22,42,328,31*75
$GPGSV,3,2,12,07,38,180,,02,36,040,24,19,32,273,24,03,22,111,*70
$GPGSV,3,3,12,21,20,039,25,06,19,209,,13,07,275,17,08,02,066,*7A
$GPRMC,175646.000,A,2632.6784,N,07703.3388,W,0.40,117.85,220324,,,A*7B
$GPVTG,117.85,T,,M,0.40,N,0.7,K,A*04
$GPGGA,175651.000,2632.6781,N,07703.3381,W,1,07,1.1,-17.7,M,-33.0,M,,0000*7E
$GPGSA,A,3,07,14,21,02,22,30,13,,,,,,2.0,1.1,1.6*35
$GPGSV,3,1,12,14,60,351,28,30,58,223,24,17,52,305,30,22,42,328,31*74
$GPGSV,3,2,12,07,38,180,17,02,36,040,24,19,32,273,24,03,22,111,*76
$GPRMC,175651.000,A,2632.6781,N,07703.3381,W,0.31,119.45,220324,,,A*75
$GPVTG,119.45,T,,M,0.31,N,0.6,K,A*01
$GPGGA,175656.000,2632.6792,N,07703.3390,W,1,08,1.1,-17.6,M,-33.0,M,,0000*75
$GPGSA,A,3,07,14,21,02,22,30,13,17,,,,,1.8,1.1,1.5*3B
$GPGSV,3,1,12,14,60,351,28,30,58,223,23,17,52,305,30,22,42,328,31*73
$GPGSV,3,2,12,07,38,180,18,02,36,040,24,19,32,273,24,03,22,111,*79
$GPGSV,3,3,12,21,20,039,24,06,19,209,,13,07,275,19,08,02,066,*75
$GPRMC,175656.000,A,2632.6792,N,07703.3390,W,0.39,330.15,220324,,,A*74
$GPGGA,175701.000,2632.6801,N,07703.3396,W,1,08,1.1,-17.5,M,-33.0,M,,0000*76
$GPGSA,A,3,07,14,21,02,22,30,13,17,,,,,1.8,1.1,1.5*3B
$GPGSV,3,1,12,14,60,351,28,30,58,223,23,17,52,305,29,22,42,328,30*7A
$GPGSV,3,2,12,07,38,180,18,02,36,040,24,19,32,273,24,03,22,111,*79
$GPGSV,3,3,12,21,20,039,24,06,19,209,,13,07,275,19,08,02,066,*75
$GPRMC,175701.000,A,2632.6801,N,07703.3396,W,0.61,195.91,220324,,,A*78
$GPVTG,195.91,T,,M,0.61,N,1.1,K,A*0F
$GPGGA,175706.000,2632.6801,N,07703.3395,W,1,08,1.1,-16.5,M,-33.0,M,,0000*73
$GPGSA,A,3,07,14,21,02,22,30,13,17,,,,,1.8,1.1,1.5*3B
$GPGSV,3,1,12,14,60,351,28,30,58,223,23,17,52,305,29,22,42,328,30*7A
$GPGSV,3,2,12,07,38,180,18,02,36,040,24,19,32,273,24,03,22,111,*79
$GPGSV,3,3,12,21,20,039,25,06,19,209,,13,07,275,19,08,02,066,*74
$GPRMC,175706.000,A,2632.6801,N,07703.3395,W,0.25,238.76,220324,,,A*71
$GPVTG,238.76,T,,M,0.25,N,0.5,K,A*07
$GPGGA,175711.000,2632.6802,N,07703.3390,W,1,08,1.1,-16.4,M,-33.0,M,,0000*72
$GPGSA,A,3,07,14,21,02,22,30,13,17,,,,,1.8,1.1,1.5*3B
$GPGSV,3,1,12,14,60,351,28,30,58,223,23,17,52,305,28,22,42,328,30*7B
$GPGSV,3,2,12,07,38,180,18,02,36,040,23,19,32,273,24,03,22,111,*7E
$GPGSV,3,3,12,21,20,039,25,06,19,209,,13,07,275,18,08,02,066,*75
$GPRMC,175711.000,A,2632.6802,N,07703.3390,W,0.48,106.34,220324,,,A*72
$GPVTG,106.34,T,,M,0.48,N,0.9,K,A*08
$GPGGA,175716.000,2632.6798,N,07703.3395,W,1,08,1.1,-19.6,M,-33.0,M,,0000*71
$GPGSA,A,3,07,14,21,02,22,30,13,17,,,,,1.8,1.1,1.5*3B
$GPGSV,3,1,12,14,60,351,28,30,58,223,24,17,52,305,28,22,42,328,30*7C
$GPGSV,3,2,12,07,38,180,18,02,36,040,23,19,32,273,24,03,22,111,*7E
$GPGSV,3,3,12,21,20,039,25,06,19,209,,13,07,275,17,08,02,066,*7A
$GPRMC,175716.000,A,2632.6798,N,07703.3395,W,1.25,176.76,220324,,,A*77
$GPVTG,176.76,T,,M,1.25,N,2.3,K,A*0B
$GPGGA,175721.000,2632.6792,N,07703.3408,W,1,08,1.1,-19.9,M,-33.0,M,,0000*73
$GPGSA,A,3,07,14,21,02,22,30,13,17,,,,,1.8,1.1,1.5*3B
$GPGSV,3,1,12,14,60,351,29,30,58,223,24,17,52,305,28,22,42,328,30*7D
$GPGSV,3,2,12,07,38,180,18,02,36,040,23,19,32,273,24,03,22,111,*7E
$GPGSV,3,3,12,21,20,039,24,06,19,209,,13,07,275,18,08,02,066,*74
$GPRMC,175721.000,A,2632.6792,N,07703.3408,W,0.63,185.55,220324,,,A*74
$GPVTG,185.55,T,,M,0.63,N,1.2,K,A*07
$GPGGA,175726.000,2632.6811,N,07703.3412,W,1,08,1.1,-20.5,M,-33.0,M,,0000*7D
$GPGSA,A,3,07,14,21,02,22,30,13,17,,,,,1.8,1.1,1.5*3B
$GPGSV,3,1,12,14,60,351,29,30,58,223,24,17,52,305,28,22,42,328,30*7D
$GPGSV,3,2,12,07,38,180,18,02,36,040,22,19,32,273,24,03,22,111,*7F
$GPGSV,3,3,12,21,20,039,24,06,19,209,,13,07,275,17,08,02,066,*7B
$GPVTG,276.73,T,,M,0.80,N,1.5,K,A*06
$GPGGA,175731.000,2632.6817,N,07703.3415,W,1,08,1.1,-21.0,M,-33.0,M,,0000*7E
$GPGSA,A,3,07,14,21,02,22,30,13,17,,,,,1.8,1.1,1.5*3B
$GPGSV,3,1,12,14,60,351,29,30,58,223,23,17,52,305,28,22,42,328,30*7A
$GPGSV,3,2,12,07,38,180,16,02,36,040,22,19,32,273,24,03,22,111,*71
$GPGSV,3,3,12,21,20,039,24,06,19,209,,13,07,275,17,08,02,066,*7B
$GPRMC,175731.000,A,2632.6817,N,07703.3415,W,0.23,59.43,220324,,,A*48
$GPVTG,59.43,T,,M,0.23,N,0.4,K,A*33
$GPGGA,175736.000,2632.6809,N,07703.3397,W,1,08,1.1,-18.7,M,-33.0,M,,0000*76
$GPGSA,A,3,07,14,21,02,22,30,13,17,,,,,1.8,1.1,1.5*3B
$GPGSV,3,1,12,14,60,351,29,30,58,223,17,17,52,305,27,22,42,328,30*72
$GPGSV,3,2,12,07,38,180,17,02,36,040,22,19,32,273,18,03,22,111,*7F
$GPGSV,3,3,12,21,20,039,24,06,19,209,,13,07,275,18,08,02,066,*74
$GPRMC,175736.000,A,2632.6809,N,07703.3397,W,0.63,8.75,220324,,,A*78
$GPVTG,8.75,T,,M,0.63,N,1.2,K,A*01
$GPGGA,175741.000,2632.6809,N,07703.3390,W,1,08,1.1,-17.6,M,-33.0,M,,0000*7F
$GPGSA,A,3,07,14,21,02,22,30,13,17,,,,,1.8,1.1,1.5*3B
$GPGSV,3,1,12,14,60,351,30,30,58,223,22,17,52,305,27,22,42,328,30*7C
$GPGSV,3,2,12,07,38,180,18,02,36,040,22,19,32,273,21,03,22,111,*7A
$GPGSV,3,3,12,21,20,039,24,06,19,209,,13,07,275,18,08,02,066,*74
$GPRMC,175741.000,A,2632.6809,N,07703.3390,W,0.68,198.82,220324,,,A*74
$GPVTG,198.82,T,,M,0.68,N,1.3,K,A*0B
$GPGGA,175746.000,2632.6805,N,07703.3400,W,1,08,1.1,-17.0,M,-33.0,M,,0000*7C
$GPGSA,A,3,07,14,21,02,22,30,13,17,,,,,1.8,1.1,1.5*3B
$GPGSV,3,1,12,14,60,351,30,30,58,223,23,17,52,305,27,22,42,328,30*7D
$GPGSV,3,2,12,07,38,180,19,02,36,040,23,19,32,273,21,03,22,111,*7A
$GPGSV,3,3,12,21,20,039,24,06,19,209,,13,07,275,18,08,02,066,*74
$GPRMC,175746.000,A,2632.6805,N,07703.3400,W,0.32,243.85,220324,,,A*7C
$GPVTG,243.85,T,,M,0.32,N,0.6,K,A*02
$GPGGA,175751.000,2632.6808,N,07703.3405,W,1,08,1.1,-15.7,M,-33.0,M,,0000*77
$GPGSA,A,3,07,14,21,02,22,30,13,17,,,,,1.8,1.1,1.5*3B
$GPGSV,3,1,12,14,60,351,30,30,58,223,23,17,52,305,27,22,42,328,31*7C
$GPGSV,3,2,12,07,38,180,20,02,36,040,23,19,32,273,22,03,22,111,*73
$GPGSV,3,3,12,21,20,039,25,06,19,209,,13,07,275,19,08,02,066,*74
$GPRMC,175751.000,A,2632.6808,N,07703.3405,W,0.54,150.23,220324,,,A*7F
$GPVTG,150.23,T,,M,0.54,N,1.0,K,A*08
$GPGGA,175756.000,2632.6805,N,07703.3417,W,1,08,1.1,-13.5,M,-33.0,M,,0000*7A
$GPGSA,A,3,07,14,21,02,22,30,13,17,,,,,1.8,1.1,1.5*3B
$GPGSV,3,1,12,14,60,351,29,30,58,223,24,17,52,305,27,22,42,328,31*73
$GPGSV,3,2,12,07,38,180,19,02,36,040,22,19,32,273,22,03,22,111,*78
$GPRMC,175756.000,A,2632.6805,N,07703.3417,W,0.66,238.98,220324,,,A*7A
$GPVTG,238.98,T,,M,0.66,N,1.2,K,A*06
$GPGGA,175801.000,2632.6816,N,07703.3423,W,1,07,1.6,-11.8,M,-33.0,M,,0000*75
$GPGSA,A,3,14,21,02,22,30,13,17,,,,,,2.2,1.6,1.5*32
$GPGSV,3,1,12,14,60,351,30,30,58,223,23,17,52,305,27,22,42,328,31*7C
$GPGSV,3,2,12,07,38,180,11,02,36,040,21,19,32,273,22,03,22,111,17*75
$GPGSV,3,3,12,21,20,039,25,06,19,209,,13,07,275,21,08,02,066,*7F
$GPRMC,175801.000,A,2632.6816,N,07703.3423,W,0.54,153.68,220324,,,A*72
$GPGGA,175806.000,2632.6818,N,07703.3425,W,1,08,1.1,-14.9,M,-33.0,M,,0000*76
$GPGSA,A,3,07,14,21,02,22,30,13,17,,,,,1.8,1.1,1.5*3B
$GPGSV,3,1,12,14,60,351,29,30,58,223,23,17,52,305,27,22,42,328,31*74
$GPGSV,3,2,12,07,38,180,22,02,36,040,22,19,32,273,21,03,22,111,17*75
$GPGSV,3,3,12,21,20,039,25,06,19,209,19,13,07,275,21,08,02,066,*77
$GPRMC,175806.000,A,2632.6818,N,07703.3425,W,0.80,285.26,220324,,,A*76
$GPVTG,285.26,T,,M,0.80,N,1.5,K,A*0A
$GPGGA,175811.000,2632.6812,N,07703.3426,W,1,08,1.1,-13.9,M,-33.0,M,,0000*7E
$GPGSA,A,3,07,14,21,02,22,30,13,17,,,,,1.8,1.1,1.5*3B
$GPGSV,3,1,12,14,60,351,29,30,58,223,23,17,52,305,27,22,42,328,31*74
$GPGSV,3,2,12,07,38,180,21,02,36,040,22,19,32,273,21,03,22,111,17*76
$GPGSV,3,3,12,21,20,039,24,06,19,209,19,13,07,275,21,08,02,066,*76
$GPRMC,175811.000,A,2632.6812,N,07703.3426,W,0.14,127.41,220324,,,A*7E
$GPVTG,127.41,T,,M,0.14,N,0.3,K,A*0A
$GPGGA,175816.000,2632.6798,N,07703.3420,W,1,08,1.1,-13.0,M,-33.0,M,,0000*7B
$GPGSA,A,3,07,14,21,02,22,30,13,17,,,,,1.8,1.1,1.5*3B
$GPGSV,3,1,12,14,60,351,29,30,58,223,23,17,52,305,27,22,42,328,30*75
$GPGSV,3,2,12,07,38,180,17,02,36,040,22,19,32,273,21,03,22,111,18*7C
$GPGSV,3,3,12,21,20,039,25,06,19,209,20,13,07,275,21,08,02,066,*7D
$GPRMC,175816.000,A,2632.6798,N,07703.3420,W,0.13,129.84,220324,,,A*72
$GPVTG,129.84,T,,M,0.13,N,0.2,K,A*0B
$GPGGA,175821.000,2632.6809,N,07703.3404,W,1,08,1.1,-13.0,M,-33.0,M,,0000*7E
$GPGSA,A,3,07,14,21,02,22,30,13,17,,,,,1.8,1.1,1.5*3B
$GPGSV,3,1,12,14,60,351,21,30,58,223,23,17,52,305,21,22,42,328,20*7A
$GPGSV,3,2,12,07,38,180,18,02,36,040,22,19,32,273,20,03,22,111,18*72
$GPGSV,3,3,12,21,20,039,20,06,19,209,20,13,07,275,21,08,02,066,*78
$GPRMC,175821.000,A,2632.6809,N,07703.3404,W,1.32,33.90,220324,,,A*4A
$GPVTG,33.90,T,,M,1.32,N,2.4,K,A*32
$GPGGA,175826.000,2632.6808,N,07703.3375,W,1,08,1.1,-4.7,M,-33.0,M,,0000*48
$GPGSA,A,3,07,14,21,02,22,30,13,17,,,,,1.8,1.1,1.5*3B
$GPGSV,3,1,12,14,60,351,17,30,58,223,23,17,52,305,19,22,42,328,19*7E
$GPGSV,3,2,12,07,38,180,18,02,36,040,21,19,32,273,21,03,22,111,17*7F
$GPGSV,3,3,12,21,20,039,21,06,19,209,19,13,07,275,20,08,02,066,*72
$GPRMC,175826.000,A,2632.6808,N,07703.3375,W,0.52,146.06,220324,,,A*76
$GPVTG,146.06,T,,M,0.52,N,1.0,K,A*0E
$GPGGA,175831.000,2632.6794,N,07703.3370,W,1,08,1.1,-2.1,M,-33.0,M,,0000*41
$GPGSA,A,3,07,14,21,02,22,30,13,17,,,,,1.8,1.1,1.5*3B
$GPGSV,3,1,12,14,60,351,19,30,58,223,22,17,52,305,19,22,42,328,29*72
$GPGSV,3,2,12,07,38,180,18,02,36,040,18,19,32,273,16,03,22,111,17*71
$GPGSV,3,3,12,21,20,039,22,06,19,209,18,13,07,275,15,08,02,066,*76
$GPVTG,127.80,T,,M,0.34,N,0.6,K,A*00
$GPGGA,175836.000,2632.6800,N,07703.3374,W,1,07,1.6,3.3,M,-33.0,M,,0000*66
$GPGSA,A,3,14,21,02,22,30,13,17,,,,,,2.2,1.6,1.5*32
$GPGSV,3,1,12,14,60,351,21,30,58,223,23,17,52,305,18,22,42,328,28*78
$GPGSV,3,2,12,07,38,180,18,02,36,040,18,19,32,273,17,03,22,111,17*70
$GPGSV,3,3,12,21,20,039,21,06,19,209,,13,07,275,17,08,02,066,*7E
$GPRMC,175836.000,A,2632.6800,N,07703.3374,W,0.43,233.12,220324,,,A*7A
$GPVTG,233.12,T,,M,0.43,N,0.8,K,A*03
$GPGGA,175841.000,2632.6805,N,07703.3372,W,1,08,1.1,5.8,M,-33.0,M,,0000*60
$GPGSA,A,3,07,14,21,02,22,30,13,17,,,,,1.8,1.1,1.5*3B
$GPGSV,3,1,12,14,60,351,27,30,58,223,23,17,52,305,23,22,42,328,33*7C
$GPGSV,3,2,12,07,38,180,18,02,36,040,21,19,32,273,19,03,22,111,*72
$GPGSV,3,3,12,21,20,039,16,06,19,209,,13,07,275,17,08,02,066,*7A
$GPRMC,175841.000,A,2632.6805,N,07703.3372,W,0.47,111.03,220324,,,A*7E
$GPVTG,111.03,T,,M,0.47,N,0.9,K,A*05
$GPGGA,175846.000,2632.6806,N,07703.3373,W,1,08,1.1,8.6,M,-33.0,M,,0000*66
$GPGSA,A,3,07,14,21,02,22,30,13,17,,,,,1.8,1.1,1.5*3B
$GPGSV,3,1,12,14,60,351,26,30,58,223,23,17,52,305,18,22,42,328,33*75
$GPGSV,3,2,12,07,38,180,19,02,36,040,21,19,32,273,25,03,22,111,*7C
$GPGSV,3,3,12,21,20,039,25,06,19,209,,13,07,275,15,08,02,066,*78
$GPRMC,175846.000,A,2632.6806,N,07703.3373,W,0.88,111.62,220324,,,A*7F
$GPVTG,111.62,T,,M,0.88,N,1.6,K,A*0F
$GPGGA,175851.000,2632.6803,N,07703.3377,W,1,07,1.7,10.4,M,-33.0,M,,0000*53
$GPGSA,A,3,07,14,21,02,22,30,17,,,,,,3.9,1.7,3.5*3E
$GPGSV,3,1,12,14,60,351,23,30,58,223,18,17,52,305,18,22,42,328,33*78
$GPGSV,3,2,12,07,38,180,22,02,36,040,22,19,32,273,23,03,22,111,*71
$GPGSV,3,3,12,21,20,039,26,06,19,209,,13,07,275,,08,02,066,*7F
$GPRMC,175851.000,A,2632.6803,N,07703.3377,W,0.89,159.67,220324,,,A*70
$GPVTG,159.67,T,,M,0.89,N,1.7,K,A*06
$GPGGA,175856.000,2632.6806,N,07703.3388,W,1,08,1.1,8.8,M,-33.0,M,,0000*6D
$GPGSA,A,3,07,14,21,13,02,22,30,17,,,,,1.8,1.1,1.5*3B
$GPGSV,3,1,12,14,60,351,30,30,58,223,20,17,52,305,19,22,42,328,32*71
$GPGSV,3,2,12,07,38,180,20,02,36,040,23,19,32,273,22,03,22,111,*73
$GPGSV,3,3,12,21,20,039,26,06,19,209,,13,07,275,16,08,02,066,*78
$GPRMC,175856.000,A,2632.6806,N,07703.3388,W,0.44,170.70,220324,,,A*7E
$GPVTG,170.70,T,,M,0.44,N,0.8,K,A*04
$GPGGA,175901.000,2632.6791,N,07703.3390,W,1,08,1.1,5.3,M,-33.0,M,,0000*60
$GPGSA,A,3,07,14,21,13,02,22,30,17,,,,,1.8,1.1,1.5*3B
$GPGSV,3,1,12,14,60,351,30,30,58,223,20,17,52,305,18,22,42,328,31*73
$GPGSV,3,2,12,07,38,180,18,02,36,040,24,19,32,273,23,03,22,111,*7E
$GPRMC,175901.000,A,2632.6791,N,07703.3390,W,1.12,131.80,220324,,,A*7D
$GPVTG,131.80,T,,M,1.12,N,2.1,K,A*07
$GPGGA,175906.000,2632.6788,N,07703.3385,W,1,08,1.1,5.3,M,-33.0,M,,0000*6B
$GPGSA,A,3,07,14,21,13,02,22,30,17,,,,,1.8,1.1,1.5*3B
$GPGSV,3,1,12,14,60,351,30,30,58,223,19,17,52,305,18,22,42,328,31*79
$GPGSV,3,2,12,07,38,180,20,02,36,040,26,19,32,273,23,03,22,111,*77
$GPGSV,3,3,12,21,20,039,25,06,19,209,,13,07,275,18,08,02,066,*75
$GPRMC,175906.000,A,2632.6788,N,07703.3385,W,0.90,163.08,220324,,,A*7A
$GPGGA,175911.000,2632.6786,N,07703.3383,W,1,07,1.2,0.3,M,-33.0,M,,0000*6C
$GPGSA,A,3,07,14,13,02,22,30,17,,,,,,2.2,1.2,1.8*3F
$GPGSV,3,1,12,14,60,351,17,30,58,223,20,17,52,305,18,22,42,328,29*7F
$GPGSV,3,2,12,07,38,180,21,02,36,040,26,19,32,273,24,03,22,111,*71
$GPGSV,3,3,12,21,20,039,09,06,19,209,,13,07,275,17,08,02,066,*74
$GPRMC,175911.000,A,2632.6786,N,07703.3383,W,0.52,232.08,220324,,,A*7D
$GPVTG,232.08,T,,M,0.52,N,1.0,K,A*00
$GPGGA,175916.000,2632.6793,N,07703.3391,W,1,08,1.1,-2.6,M,-33.0,M,,0000*4A
$GPGSA,A,3,07,14,21,13,02,22,30,17,,,,,1.8,1.1,1.5*3B
$GPGSV,3,1,12,14,60,351,26,30,58,223,27,17,52,305,19,22,42,328,28*7A
$GPGSV,3,2,12,07,38,180,21,02,36,040,19,19,32,273,25,03,22,111,18*75
$GPGSV,3,3,12,21,20,039,24,06,19,209,,13,07,275,17,08,02,066,*7B
$GPRMC,175916.000,A,2632.6793,N,07703.3391,W,0.77,218.74,220324,,,A*79
$GPVTG,218.74,T,,M,0.77,N,1.4,K,A*00
$GPGGA,175921.000,2632.6796,N,07703.3384,W,1,08,1.1,-4.3,M,-33.0,M,,0000*4C
$GPGSA,A,3,07,14,21,13,02,22,30,17,,,,,1.8,1.1,1.5*3B
$GPGSV,3,1,12,14,60,351,26,30,58,223,24,17,52,305,20,22,42,328,29*72
$GPGSV,3,2,12,07,38,180,15,02,36,040,20,19,32,273,25,03,22,111,18*78
$GPGSV,3,3,12,21,20,039,25,06,19,209,,13,07,275,16,08,02,066,*7B
$GPRMC,175921.000,A,2632.6796,N,07703.3384,W,0.84,351.91,220324,,,A*77
$GPVTG,351.91,T,,M,0.84,N,1.5,K,A*0A
$GPGGA,175926.000,2632.6816,N,07703.3369,W,1,08,1.1,-1.0,M,-33.0,M,,0000*49
$GPGSA,A,3,07,14,21,13,02,22,30,17,,,,,1.8,1.1,1.5*3B
$GPGSV,3,1,12,14,60,351,21,30,58,223,22,17,52,305,19,22,42,328,28*78
$GPGSV,3,2,12,07,38,180,16,02,36,040,20,19,32,273,25,03,22,111,19*7A
$GPGSV,3,3,12,21,20,039,17,06,19,209,,13,07,275,14,08,02,066,*78
$GPRMC,175926.000,A,2632.6816,N,07703.3369,W,0.75,109.98,220324,,,A*7C
$GPVTG,109.98,T,,M,0.75,N,1.4,K,A*03
$GPGGA,175931.000,2632.6810,N,07703.3373,W,1,07,1.7,2.2,M,-33.0,M,,0000*67
$GPGSA,A,3,07,14,21,02,22,30,17,,,,,,3.9,1.7,3.5*3E
$GPGSV,3,1,12,14,60,351,31,30,58,223,21,17,52,305,19,22,42,328,28*7A
$GPGSV,3,2,12,07,38,180,16,02,36,040,24,19,32,273,25,03,22,111,19*7E
$GPGSV,3,3,12,21,20,039,25,06,19,209,,13,07,275,,08,02,066,*7C
$GPRMC,175931.000,A,2632.6810,N,07703.3373,W,0.70,129.97,220324,,,A*7F
$GPVTG,129.97,T,,M,0.70,N,1.3,K,A*0C
$GPGGA,175936.000,2632.6795,N,07703.3375,W,1,07,1.7,1.8,M,-33.0,M,,0000*6D
$GPGSA,A,3,07,14,21,02,22,30,17,,,,,,3.9,1.7,3.5*3E
$GPGSV,3,1,12,14,60,351,31,30,58,223,21,17,52,305,18,22,42,328,28*7B
$GPGSV,3,2,12,07,38,180,15,02,36,040,24,19,32,273,26,03,22,111,19*7E
$GPGSV,3,3,12,21,20,039,26,06,19,209,,13,07,275,,08,02,066,*7F
$GPVTG,131.42,T,,M,0.19,N,0.4,K,A*04
$GPGGA,175941.000,2632.6789,N,07703.3391,W,1,07,1.7,-0.4,M,-33.0,M,,0000*4A
$GPGSA,A,3,07,14,21,02,22,30,17,,,,,,3.9,1.7,3.5*3E
$GPGSV,3,1,12,14,60,351,31,30,58,223,21,17,52,305,18,22,42,328,28*7B
$GPGSV,3,2,12,07,38,180,16,02,36,040,24,19,32,273,25,03,22,111,18*7F
$GPGSV,3,3,12,21,20,039,26,06,19,209,,13,07,275,,08,02,066,*7F
$GPRMC,175941.000,A,2632.6789,N,07703.3391,W,0.52,180.88,220324,,,A*76
$GPVTG,180.88,T,,M,0.52,N,1.0,K,A*02
$GPGGA,175946.000,2632.6793,N,07703.3392,W,1,07,1.7,0.8,M,-33.0,M,,0000*64
$GPGSA,A,3,07,14,21,02,22,30,17,,,,,,3.9,1.7,3.5*3E
$GPGSV,3,1,12,14,60,351,30,30,58,223,22,17,52,305,19,22,42,328,28*78
$GPGSV,3,2,12,07,38,180,17,02,36,040,24,19,32,273,25,03,22,111,17*71
$GPGSV,3,3,12,21,20,039,26,06,19,209,,13,07,275,,08,02,066,*7F
$GPRMC,175946.000,A,2632.6793,N,07703.3392,W,0.44,173.42,220324,,,A*74
$GPVTG,173.42,T,,M,0.44,N,0.8,K,A*06
$GPGGA,175951.000,2632.6800,N,07703.3408,W,1,07,1.7,1.3,M,-33.0,M,,0000*69
$GPGSA,A,3,07,14,21,02,22,30,17,,,,,,3.9,1.7,3.5*3E
$GPGSV,3,1,12,14,60,351,30,30,58,223,22,17,52,305,19,22,42,328,29*79
$GPGSV,3,2,12,07,38,180,16,02,36,040,24,19,32,273,26,03,22,111,17*73
$GPGSV,3,3,12,21,20,039,26,06,19,209,,13,07,275,,08,02,066,*7F
$GPRMC,175951.000,A,2632.6800,N,07703.3408,W,0.59,0.24,220324,,,A*7A
$GPVTG,0.24,T,,M,0.59,N,1.1,K,A*07
$GPGGA,175956.000,2632.6802,N,07703.3413,W,1,07,1.7,0.9,M,-33.0,M,,0000*6D
$GPGSA,A,3,07,14,21,02,22,30,17,,,,,,3.9,1.7,3.5*3E
$GPGSV,3,1,12,14,61,353,25,30,57,221,23,17,52,308,19,22,43,329,29*7F
$GPGSV,3,2,12,07,36,179,17,02,35,040,23,19,32,274,26,03,23,110,16*78
$GPGSV,3,3,12,06,20,210,,21,19,039,25,13,07,274,,08,01,067,*77
$GPRMC,175956.000,A,2632.6802,N,07703.3413,W,0.81,100.81,220324,,,A*7E
$GPVTG,100.81,T,,M,0.81,N,1.5,K,A*08
$GPGGA,180001.000,2632.6795,N,07703.3395,W,1,07,1.7,6.1,M,-33.0,M,,0000*6A
$GPGSA,A,3,07,14,21,02,22,30,17,,,,,,3.9,1.7,3.5*3E
$GPGSV,3,1,12,14,61,353,29,30,57,221,23,17,52,308,18,22,43,329,24*7F
$GPGSV,3,2,12,07,36,179,17,02,35,040,22,19,32,274,25,03,23,110,17*7B
$GPGSV,3,3,12,06,20,210,,21,19,039,25,13,07,274,,08,01,067,*77
$GPRMC,180001.000,A,2632.6795,N,07703.3395,W,0.21,46.55,220324,,,A*47
$GPVTG,46.55,T,,M,0.21,N,0.4,K,A*38
$GPGGA,180006.000,2632.6789,N,07703.3372,W,1,08,1.0,9.4,M,-33.0,M,,0000*6B
$GPGSA,A,3,07,14,21,13,02,22,30,17,,,,,1.8,1.0,1.5*3A
$GPGSV,3,1,12,14,61,353,30,30,57,221,24,17,52,308,12,22,43,329,24*7A
$GPGSV,3,2,12,07,36,179,17,02,35,040,23,19,32,274,25,03,23,110,18*75
$GPGSV,3,3,12,06,20,210,,21,19,039,26,13,07,274,16,08,01,067,*73
$GPVTG,137.76,T,,M,1.60,N,3.0,K,A*0D
$GPGGA,180011.000,2632.6803,N,07703.3367,W,1,07,1.1,7.1,M,-33.0,M,,0000*61
$GPGSA,A,3,07,14,21,13,02,22,30,,,,,,1.9,1.1,1.6*3F
$GPGSV,3,1,12,14,61,353,30,30,57,221,25,17,52,308,,22,43,329,25*79
$GPGSV,3,2,12,07,36,179,16,02,35,040,23,19,32,274,26,03,23,110,17*78
$GPGSV,3,3,12,06,20,210,,21,19,039,26,13,07,274,16,08,01,067,*73
$GPRMC,180011.000,A,2632.6803,N,07703.3367,W,0.95,353.60,220324,,,A*75
$GPVTG,353.60,T,,M,0.95,N,1.8,K,A*0B
$GPGGA,180016.000,2632.6802,N,07703.3379,W,1,07,1.1,6.3,M,-33.0,M,,0000*6B
$GPGSA,A,3,07,14,21,13,02,22,30,,,,,,1.9,1.1,1.6*3F
$GPGSV,3,1,12,14,61,353,31,30,57,221,25,17,52,308,,22,43,329,25*78
$GPGSV,3,2,12,07,36,179,17,02,35,040,23,19,32,274,26,03,23,110,16*78
$GPGSV,3,3,12,06,20,210,,21,19,039,26,13,07,274,17,08,01,067,*72
$GPRMC,180016.000,A,2632.6802,N,07703.3379,W,0.03,325.49,220324,,,A*79
$GPVTG,325.49,T,,M,0.03,N,0.1,K,A*06
$GPGGA,180021.000,2632.6802,N,07703.3368,W,1,07,1.1,7.3,M,-33.0,M,,0000*6E
$GPGSA,A,3,07,14,21,13,02,22,30,,,,,,1.9,1.1,1.6*3F
$GPGSV,3,1,12,14,61,353,31,30,57,221,26,17,52,308,,22,43,329,25*7B
$GPGSV,3,2,12,07,36,179,17,02,35,040,23,19,32,274,25,03,23,110,*7C
$GPGSV,3,3,12,06,20,210,,21,19,039,26,13,07,274,17,08,01,067,*72
$GPRMC,180021.000,A,2632.6802,N,07703.3368,W,0.35,48.75,220324,,,A*4F
$GPVTG,48.75,T,,M,0.35,N,0.6,K,A*33
$GPGGA,180026.000,2632.6813,N,07703.3383,W,1,08,1.0,3.6,M,-33.0,M,,0000*63
$GPGSA,A,3,07,14,21,13,02,22,30,17,,,,,1.8,1.0,1.5*3A
$GPGSV,3,1,12,14,61,353,26,30,57,221,23,17,52,308,17,22,43,329,23*78
$GPGSV,3,2,12,07,36,179,19,02,35,040,23,19,32,274,25,03,23,110,*72
$GPGSV,3,3,12,06,20,210,,21,19,039,25,13,07,274,17,08,01,067,*71
$GPRMC,180026.000,A,2632.6813,N,07703.3383,W,0.42,348.04,220324,,,A*78
$GPVTG,348.04,T,,M,0.42,N,0.8,K,A*08
$GPGGA,180031.000,2632.6816,N,07703.3391,W,1,08,1.0,2.4,M,-33.0,M,,0000*60
$GPGSA,A,3,07,14,21,13,02,22,30,17,,,,,1.8,1.0,1.5*3A
$GPGSV,3,1,12,14,61,353,27,30,57,221,25,17,52,308,16,22,43,329,21*7C
$GPGSV,3,2,12,07,36,179,21,02,35,040,23,19,32,274,26,03,23,110,*7A
$GPGSV,3,3,12,06,20,210,,21,19,039,20,13,07,274,19,08,01,067,*7A
$GPRMC,180031.000,A,2632.6816,N,07703.3391,W,0.80,96.74,220324,,,A*41
$GPVTG,96.74,T,,M,0.80,N,1.5,K,A*3D
$GPGGA,180036.000,2632.6808,N,07703.3374,W,1,08,1.0,-1.9,M,-33.0,M,,0000*40
$GPGSA,A,3,07,14,21,13,02,22,30,17,,,,,1.8,1.0,1.5*3A
$GPGSV,3,1,12,14,61,353,15,30,57,221,25,17,52,308,16,22,43,329,17*78
$GPGSV,3,2,12,07,36,179,21,02,35,040,23,19,32,274,25,03,23,110,*79
$GPRMC,180036.000,A,2632.6808,N,07703.3374,W,1.05,215.01,220324,,,A*75
$GPVTG,215.01,T,,M,1.05,N,1.9,K,A*06
$GPGGA,180041.000,2632.6793,N,07703.3382,W,1,08,1.0,5.4,M,-33.0,M,,0000*60
$GPGSA,A,3,07,14,21,13,02,22,30,17,,,,,1.8,1.0,1.5*3A
$GPGSV,3,1,12,14,61,353,21,30,57,221,24,17,52,308,15,22,43,329,17*7D
$GPGSV,3,2,12,07,36,179,22,02,35,040,17,19,32,274,18,03,23,110,*73
$GPGSV,3,3,12,06,20,210,,21,19,039,18,13,07,274,20,08,01,067,*7B
$GPRMC,180041.000,A,2632.6793,N,07703.3382,W,0.76,173.87,220324,,,A*79
$GPGGA,180046.000,2632.6804,N,07703.3376,W,1,08,1.0,12.6,M,-33.0,M,,0000*59
$GPGSA,A,3,07,14,21,13,02,22,30,17,,,,,1.8,1.0,1.5*3A
$GPGSV,3,1,12,14,61,353,21,30,57,221,24,17,52,308,15,22,43,329,16*7C
$GPGSV,3,2,12,07,36,179,23,02,35,040,19,19,32,274,17,03,23,110,*73
$GPGSV,3,3,12,06,20,210,,21,19,039,17,13,07,274,19,08,01,067,*7E
$GPRMC,180046.000,A,2632.6804,N,07703.3376,W,1.15,66.15,220324,,,A*4E
$GPVTG,66.15,T,,M,1.15,N,2.1,K,A*3F
$GPGGA,180051.000,2632.6801,N,07703.3389,W,1,08,1.0,14.3,M,-33.0,M,,0000*59
$GPGSA,A,3,07,14,21,13,02,22,30,17,,,,,1.8,1.0,1.5*3A
$GPGSV,3,1,12,14,61,353,21,30,57,221,24,17,52,308,16,22,43,329,16*7F
$GPGSV,3,2,12,07,36,179,23,02,35,040,20,19,32,274,17,03,23,110,*79
$GPGSV,3,3,12,06,20,210,,21,19,039,16,13,07,274,18,08,01,067,*7E
$GPRMC,180051.000,A,2632.6801,N,07703.3389,W,1.07,74.75,220324,,,A*4B
$GPVTG,74.75,T,,M,1.07,N,2.0,K,A*38
$GPGGA,180056.000,2632.6797,N,07703.3379,W,1,08,1.0,9.4,M,-33.0,M,,0000*6A
$GPGSA,A,3,07,14,21,13,02,22,30,17,,,,,1.8,1.0,1.5*3A
$GPGSV,3,1,12,14,61,353,21,30,57,221,24,17,52,308,17,22,43,329,18*70
$GPGSV,3,2,12,07,36,179,24,02,35,040,20,19,32,274,,03,23,110,*78
$GPGSV,3,3,12,06,20,210,,21,19,039,15,13,07,274,15,08,01,067,*70
$GPRMC,180056.000,A,2632.6797,N,07703.3379,W,0.43,173.97,220324,,,A*78
$GPVTG,173.97,T,,M,0.43,N,0.8,K,A*09
$GPGGA,180101.000,2632.6799,N,07703.3385,W,1,08,1.0,6.4,M,-33.0,M,,0000*6B
$GPGSA,A,3,07,14,21,13,02,22,30,17,,,,,1.8,1.0,1.5*3A
$GPGSV,3,1,12,14,61,353,22,30,57,221,25,17,52,308,16,22,43,329,23*7B
$GPGSV,3,2,12,07,36,179,25,02,35,040,20,19,32,274,,03,23,110,*79
$GPGSV,3,3,12,06,20,210,,21,19,039,16,13,07,274,16,08,01,067,*70
$GPRMC,180101.000,A,2632.6799,N,07703.3385,W,0.18,79.77,220324,,,A*4D
$GPVTG,79.77,T,,M,0.18,N,0.3,K,A*39
$GPGGA,180106.000,2632.6792,N,07703.3374,W,1,06,1.3,-2.3,M,-33.0,M,,0000*4A
$GPGSA,A,3,07,14,13,02,22,30,,,,,,,2.3,1.3,1.9*38
$GPGSV,3,1,12,14,61,353,23,30,57,221,25,17,52,308,15,22,43,329,22*78
$GPGSV,3,2,12,07,36,179,25,02,35,040,19,19,32,274,,03,23,110,*73
$GPGSV,3,3,12,06,20,210,,21,19,039,17,13,07,274,15,08,01,067,*72
$GPVTG,158.14,T,,M,1.12,N,2.1,K,A*05
$GPGGA,180111.000,2632.6798,N,07703.3369,W,1,08,1.0,-0.1,M,-33.0,M,,0000*47
$GPGSA,A,3,07,14,21,13,02,22,30,17,,,,,1.8,1.0,1.5*3A
$GPGSV,3,1,12,14,61,353,21,30,57,221,25,17,52,308,16,22,43,329,17*7F
$GPGSV,3,2,12,07,36,179,25,02,35,040,19,19,32,274,,03,23,110,*73
$GPGSV,3,3,12,06,20,210,20,21,19,039,16,13,07,274,13,08,01,067,*77
$GPRMC,180111.000,A,2632.6798,N,07703.3369,W,0.40,278.56,220324,,,A*72
$GPVTG,278.56,T,,M,0.40,N,0.7,K,A*00
$GPGGA,180116.000,2632.6803,N,07703.3379,W,1,07,1.7,0.8,M,-33.0,M,,0000*60
$GPGSA,A,3,07,14,21,02,22,30,17,,,,,,3.8,1.7,3.4*3E
$GPGSV,3,1,12,14,61,353,31,30,57,221,25,17,52,308,22,22,43,329,27*7A
$GPGSV,3,2,12,07,36,179,25,02,35,040,27,19,32,274,,03,23,110,*7E
$GPGSV,3,3,12,06,20,210,20,21,19,039,26,13,07,274,,08,01,067,*76
$GPRMC,180116.000,A,2632.6803,N,07703.3379,W,0.57,239.47,220324,,,A*7A
$GPVTG,239.47,T,,M,0.57,N,1.1,K,A*04
$GPGGA,180121.000,2632.6820,N,07703.3406,W,1,07,1.7,-2.1,M,-33.0,M,,0000*4C
$GPGSA,A,3,07,14,21,02,22,30,17,,,,,,3.8,1.7,3.4*3E
$GPGSV,3,1,12,14,61,353,31,30,57,221,25,17,52,308,21,22,43,329,27*79
$GPGSV,3,2,12,07,36,179,24,02,35,040,25,19,32,274,21,03,23,110,*7E
$GPGSV,3,3,12,06,20,210,19,21,19,039,26,13,07,274,,08,01,067,*7C
$GPRMC,180121.000,A,2632.6820,N,07703.3406,W,0.43,289.54,220324,,,A*7C
$GPVTG,289.54,T,,M,0.43,N,0.8,K,A*00
$GPGGA,180126.000,2632.6818,N,07703.3415,W,1,08,1.0,-3.3,M,-33.0,M,,0000*49
$GPGSA,A,3,07,14,21,02,22,30,17,13,,,,,1.8,1.0,1.5*3A
$GPGSV,3,1,12,14,61,353,31,30,57,221,25,17,52,308,21,22,43,329,28*76
$GPGSV,3,2,12,07,36,179,24,02,35,040,25,19,32,274,21,03,23,110,*7E
$GPGSV,3,3,12,06,20,210,19,21,19,039,26,13,07,274,15,08,01,067,*78
$GPRMC,180126.000,A,2632.6818,N,07703.3415,W,0.26,159.33,220324,,,A*7E
$GPVTG,159.33,T,,M,0.26,N,0.5,K,A*01
$GPGGA,180131.000,2632.6817,N,07703.3418,W,1,08,1.0,-4.2,M,-33.0,M,,0000*4B
$GPGSA,A,3,07,14,21,02,22,30,17,13,,,,,1.8,1.0,1.5*3A
$GPGSV,3,1,12,14,61,353,30,30,57,221,25,17,52,308,22,22,43,329,28*74
$GPGSV,3,2,12,07,36,179,23,02,35,040,25,19,32,274,21,03,23,110,*79
$GPGSV,3,3,12,06,20,210,19,21,19,039,26,13,07,274,13,08,01,067,*7E
$GPRMC,180131.000,A,2632.6817,N,07703.3418,W,0.24,308.64,220324,,,A*7C
$GPVTG,308.64,T,,M,0.24,N,0.5,K,A*07
$GPGGA,180136.000,2632.6814,N,07703.3412,W,1,07,1.7,-5.2,M,-33.0,M,,0000*4C
$GPGSA,A,3,07,14,21,02,22,30,17,,,,,,3.8,1.7,3.4*3E
$GPGSV,3,1,12,14,61,353,30,30,57,221,25,17,52,308,22,22,43,329,29*75
$GPGSV,3,2,12,07,36,179,22,02,35,040,25,19,32,274,21,03,23,110,*78
$GPGSV,3,3,12,06,20,210,18,21,19,039,26,13,07,274,,08,01,067,*7D
$GPRMC,180136.000,A,2632.6814,N,07703.3412,W,0.21,124.16,220324,,,A*7E
$GPVTG,124.16,T,,M,0.21,N,0.4,K,A*0A
$GPGGA,180141.000,2632.6803,N,07703.3416,W,1,07,1.7,-3.8,M,-33.0,M,,0000*42
$GPGSA,A,3,07,14,21,02,22,30,17,,,,,,3.8,1.7,3.4*3E
$GPGSV,3,1,12,14,61,353,30,30,57,221,25,17,52,308,22,22,43,329,30*7D
$GPGSV,3,2,12,07,36,179,22,02,35,040,24,19,32,274,21,03,23,110,*79
$GPGSV,3,3,12,06,20,210,18,21,19,039,26,13,07,274,,08,01,067,*7D
$GPVTG,303.51,T,,M,0.36,N,0.7,K,A*0B
$GPGGA,180146.000,2632.6799,N,07703.3408,W,1,06,2.0,-4.0,M,-33.0,M,,0000*4C
$GPGSA,A,3,07,14,21,02,22,30,,,,,,,4.0,2.0,3.5*32
$GPGSV,3,1,12,14,61,353,30,30,57,221,25,17,52,308,20,22,43,329,30*7F
$GPGSV,3,2,12,07,36,179,15,02,35,040,24,19,32,274,21,03,23,110,*7D
$GPGSV,3,3,12,06,20,210,19,21,19,039,26,13,07,274,,08,01,067,*7C
$GPRMC,180146.000,A,2632.6799,N,07703.3408,W,1.17,158.60,220324,,,A*76
$GPVTG,158.60,T,,M,1.17,N,2.2,K,A*00
$GPGGA,180151.000,2632.6799,N,07703.3395,W,1,07,1.7,-3.0,M,-33.0,M,,0000*4B
$GPGSA,A,3,07,14,21,02,22,30,17,,,,,,3.8,1.7,3.4*3E
$GPGSV,3,1,12,14,61,353,30,30,57,221,25,17,52,308,19,22,43,329,31*74
$GPGSV,3,2,12,07,36,179,21,02,35,040,23,19,32,274,21,03,23,110,*7D
$GPGSV,3,3,12,06,20,210,19,21,19,039,24,13,07,274,,08,01,067,*7E
$GPRMC,180151.000,A,2632.6799,N,07703.3395,W,0.31,117.64,220324,,,A*79
$GPVTG,117.64,T,,M,0.31,N,0.6,K,A*0C
$GPGGA,180156.000,2632.6806,N,07703.3389,W,1,08,1.0,-1.0,M,-33.0,M,,0000*42
$GPGSA,A,3,07,14,21,02,22,30,17,13,,,,,1.8,1.0,1.5*3A
$GPGSV,3,1,12,14,61,353,30,30,57,221,25,17,52,308,19,22,43,329,31*74
$GPGSV,3,2,12,07,36,179,20,02,35,040,23,19,32,274,21,03,23,110,*7C
$GPGSV,3,3,12,06,20,210,20,21,19,039,24,13,07,274,16,08,01,067,*73
$GPRMC,180156.000,A,2632.6806,N,07703.3389,W,1.06,114.98,220324,,,A*7F
$GPVTG,114.98,T,,M,1.06,N,2.0,K,A*0D
$GPGGA,180201.000,2632.6806,N,07703.3389,W,1,08,1.0,1.0,M,-33.0,M,,0000*6E
$GPGSA,A,3,07,14,21,02,22,30,17,13,,,,,1.8,1.0,1.4*3B
$GPGSV,3,1,12,14,61,353,29,30,57,221,25,17,52,308,19,22,43,329,32*7F
$GPGSV,3,2,12,07,36,179,20,02,35,040,24,19,32,274,20,03,23,110,*7A
$GPGSV,3,3,12,06,20,210,20,21,19,039,24,13,07,274,19,08,01,067,*7C
$GPRMC,180201.000,A,2632.6806,N,07703.3389,W,0.47,181.77,220324,,,A*77
$GPVTG,181.77,T,,M,0.47,N,0.9,K,A*0F
$GPGGA,180206.000,2632.6807,N,07703.3397,W,1,08,1.0,2.2,M,-33.0,M,,0000*66
$GPGSA,A,3,07,14,21,02,22,30,17,13,,,,,1.8,1.0,1.4*3B
$GPGSV,3,1,12,14,61,353,28,30,57,221,21,17,52,308,18,22,43,329,32*7B
$GPGSV,3,2,12,07,36,179,20,02,35,040,28,19,32,274,21,03,23,110,*77
$GPGSV,3,3,12,06,20,210,,21,19,039,21,13,07,274,18,08,01,067,*7A
$GPRMC,180206.000,A,2632.6807,N,07703.3397,W,0.55,328.29,220324,,,A*77
$GPVTG,328.29,T,,M,0.55,N,1.0,K,A*0E
$GPGGA,180211.000,2632.6801,N,07703.3400,W,1,08,1.0,1.9,M,-33.0,M,,0000*67
$GPGSA,A,3,07,14,21,02,22,30,17,13,,,,,1.8,1.0,1.4*3B
$GPGSV,3,1,12,14,61,353,28,30,57,221,23,17,52,308,17,22,43,329,32*76
$GPGSV,3,2,12,07,36,179,21,02,35,040,27,19,32,274,22,03,23,110,*7A
$GPRMC,180211.000,A,2632.6801,N,07703.3400,W,0.30,148.04,220324,,,A*76
$GPVTG,148.04,T,,M,0.30,N,0.6,K,A*01
$GPGGA,180216.000,2632.6784,N,07703.3396,W,1,08,1.0,3.7,M,-33.0,M,,0000*66
$GPGSA,A,3,07,14,21,02,22,30,17,13,,,,,1.8,1.0,1.4*3B
$GPGSV,3,1,12,14,61,353,21,30,57,221,19,17,52,308,18,22,43,329,31*7A
$GPGSV,3,2,12,07,36,179,21,02,35,040,27,19,32,274,12,03,23,110,*79
$GPGSV,3,3,12,06,20,210,,21,19,039,21,13,07,274,19,08,01,067,*7B
$GPRMC,180216.000,A,2632.6784,N,07703.3396,W,0.58,148.44,220324,,,A*71
$GPGGA,180221.000,2632.6782,N,07703.3393,W,1,08,1.0,6.3,M,-33.0,M,,0000*60
$GPGSA,A,3,07,14,21,02,22,30,17,13,,,,,1.8,1.0,1.4*3B
$GPGSV,3,1,12,14,61,353,23,30,57,221,19,17,52,308,18,22,43,329,32*7B
$GPGSV,3,2,12,07,36,179,21,02,35,040,27,19,32,274,,03,23,110,*7A
$GPGSV,3,3,12,06,20,210,,21,19,039,22,13,07,274,20,08,01,067,*72
$GPRMC,180221.000,A,2632.6782,N,07703.3393,W,0.66,156.14,220324,,,A*71
$GPVTG,156.14,T,,M,0.66,N,1.2,K,A*09
$GPGGA,180226.000,2632.6781,N,07703.3384,W,1,08,1.0,9.7,M,-33.0,M,,0000*69
$GPGSA,A,3,07,14,21,02,22,30,17,13,,,,,1.8,1.0,1.4*3B
$GPGSV,3,1,12,14,61,353,23,30,57,221,19,17,52,308,18,22,43,329,32*7B
$GPGSV,3,2,12,07,36,179,21,02,35,040,27,19,32,274,,03,23,110,*7A
$GPGSV,3,3,12,06,20,210,,21,19,039,23,13,07,274,20,08,01,067,*73
$GPRMC,180226.000,A,2632.6781,N,07703.3384,W,1.02,124.66,220324,,,A*70
$GPVTG,124.66,T,,M,1.02,N,1.9,K,A*01
$GPGGA,180231.000,2632.6778,N,07703.3383,W,1,08,1.0,10.6,M,-33.0,M,,0000*57
$GPGSA,A,3,07,14,21,02,22,30,17,13,,,,,1.8,1.0,1.4*3B
$GPGSV,3,1,12,14,62,355,23,30,56,219,19,17,52,310,19,22,44,330,32*73
$GPGSV,3,2,12,07,35,179,20,02,34,040,15,19,33,276,24,03,24,108,*73
$GPGSV,3,3,12,06,21,210,,21,18,039,23,13,07,273,20,08,00,067,*75
$GPRMC,180231.000,A,2632.6778,N,07703.3383,W,0.66,133.47,220324,,,A*71
$GPVTG,133.47,T,,M,0.66,N,1.2,K,A*0C
$GPGGA,180236.000,2632.6793,N,07703.3373,W,1,08,1.0,11.1,M,-33.0,M,,0000*5C
$GPGSA,A,3,07,14,21,02,22,30,17,13,,,,,1.8,1.0,1.4*3B
$GPGSV,3,1,12,14,62,355,25,30,56,219,20,17,52,310,20,22,44,330,32*75
$GPGSV,3,2,12,07,35,179,20,02,34,040,25,19,33,276,19,03,24,108,*7E
$GPGSV,3,3,12,06,21,210,,21,18,039,27,13,07,273,20,08,00,067,*71
$GPRMC,180236.000,A,2632.6793,N,07703.3373,W,0.48,36.50,220324,,,A*42
$GPVTG,36.50,T,,M,0.48,N,0.9,K,A*38
$GPGGA,180241.000,2632.6795,N,07703.3369,W,1,08,1.0,12.5,M,-33.0,M,,0000*56
$GPGSA,A,3,07,14,21,02,22,30,17,13,,,,,1.8,1.0,1.4*3B
$GPGSV,3,1,12,14,62,355,25,30,56,219,20,17,52,310,20,22,44,330,33*74
$GPGSV,3,2,12,07,35,179,20,02,34,040,25,19,33,276,25,03,24,108,*71
$GPRMC,180241.000,A,2632.6795,N,07703.3369,W,0.68,159.96,220324,,,A*7F
$GPVTG,159.96,T,,M,0.68,N,1.3,K,A*03
$GPGGA,180246.000,2632.6798,N,07703.3378,W,1,08,1.0,15.9,M,-33.0,M,,0000*57
$GPGSA,A,3,07,14,21,02,22,30,17,13,,,,,1.8,1.0,1.4*3B
$GPGSV,3,1,12,14,62,355,25,30,56,219,20,17,52,310,20,22,44,330,34*73
$GPGSV,3,2,12,07,35,179,21,02,34,040,25,19,33,276,24,03,24,108,*71
$GPGSV,3,3,12,06,21,210,,21,18,039,20,13,07,273,18,08,00,067,*7D
$GPRMC,180246.000,A,2632.6798,N,07703.3378,W,0.85,158.71,220324,,,A*7E
$GPGGA,180251.000,2632.6788,N,07703.3375,W,1,07,1.6,11.1,M,-33.0,M,,0000*58
$GPGSA,A,3,14,21,02,22,30,17,13,,,,,,2.1,1.6,1.5*31
$GPGSV,3,1,12,14,62,355,25,30,56,219,18,17,52,310,20,22,44,330,35*79
$GPGSV,3,2,12,07,35,179,,02,34,040,26,19,33,276,29,03,24,108,*7C
$GPGSV,3,3,12,06,21,210,,21,18,039,26,13,07,273,18,08,00,067,*7B
$GPRMC,180251.000,A,2632.6788,N,07703.3375,W,0.24,187.11,220324,,,A*7B
$GPVTG,187.11,T,,M,0.24,N,0.4,K,A*01
$GPGGA,180256.000,2632.6795,N,07703.3386,W,1,08,1.0,7.4,M,-33.0,M,,0000*64
$GPGSA,A,3,07,14,21,02,22,30,17,13,,,,,1.8,1.0,1.4*3B
$GPGSV,3,1,12,14,62,355,21,30,56,219,19,17,52,310,20,22,44,330,35*7C
$GPGSV,3,2,12,07,35,179,19,02,34,040,26,19,33,276,28,03,24,108,*75
$GPGSV,3,3,12,06,21,210,17,21,18,039,19,13,07,273,20,08,00,067,*7A
$GPRMC,180256.000,A,2632.6795,N,07703.3386,W,0.61,148.57,220324,,,A*7C
$GPVTG,148.57,T,,M,0.61,N,1.1,K,A*05
$GPGGA,180301.000,2632.6796,N,07703.3374,W,1,08,1.0,5.1,M,-33.0,M,,0000*6E
$GPGSA,A,3,07,14,21,02,22,30,17,13,,,,,1.8,1.0,1.4*3B
$GPGSV,3,1,12,14,62,355,28,30,56,219,21,17,52,310,20,22,44,330,35*7E
$GPGSV,3,2,12,07,35,179,19,02,34,040,24,19,33,276,28,03,24,108,*77
$GPGSV,3,3,12,06,21,210,16,21,18,039,20,13,07,273,23,08,00,067,*72
$GPRMC,180301.000,A,2632.6796,N,07703.3374,W,0.58,155.17,220324,,,A*73
$GPVTG,155.17,T,,M,0.58,N,1.1,K,A*07
$GPGGA,180306.000,2632.6803,N,07703.3377,W,1,08,1.0,2.3,M,-33.0,M,,0000*6C
$GPGSA,A,3,07,14,21,02,22,30,17,13,,,,,1.8,1.0,1.4*3B
$GPGSV,3,1,12,14,62,355,26,30,56,219,21,17,52,310,20,22,44,330,30*75
$GPGSV,3,2,12,07,35,179,17,02,34,040,13,19,33,276,28,03,24,108,*7D
$GPGSV,3,3,12,06,21,210,17,21,18,039,20,13,07,273,24,08,00,067,*74
$GPRMC,180306.000,A,2632.6803,N,07703.3377,W,0.73,133.82,220324,,,A*71
$GPVTG,133.82,T,,M,0.73,N,1.4,K,A*07
$GPGGA,180311.000,2632.6804,N,07703.3369,W,1,08,1.0,2.1,M,-33.0,M,,0000*60
$GPGSA,A,3,07,14,21,02,22,30,17,13,,,,,1.8,1.0,1.4*3B
$GPGSV,3,1,12,14,62,355,27,30,56,219,20,17,52,310,24,22,44,330,32*73
$GPGSV,3,2,12,07,35,179,19,02,34,040,27,19,33,276,21,03,24,108,*7D
$GPGSV,3,3,12,06,21,210,17,21,18,039,21,13,07,273,15,08,00,067,*77
$GPRMC,180311.000,A,2632.6804,N,07703.3369,W,0.98,177.72,220324,,,A*75
$GPVTG,177.72,T,,M,0.98,N,1.8,K,A*01
$GPGGA,180316.000,2632.6793,N,07703.3369,W,1,08,1.0,1.9,M,-33.0,M,,0000*6D
$GPGSA,A,3,07,14,21,02,22,30,17,13,,,,,1.8,1.0,1.4*3B
$GPGSV,3,1,12,14,62,355,21,30,56,219,20,17,52,310,19,22,44,330,33*7A
$GPGSV,3,2,12,07,35,179,18,02,34,040,22,19,33,276,22,03,24,108,*7A
$GPGSV,3,3,12,06,21,210,17,21,18,039,20,13,07,273,16,08,00,067,*75
$GPVTG,7.93,T,,M,0.08,N,0.1,K,A*09
$GPGGA,180321.000,2632.6792,N,07703.3385,W,1,08,1.0,2.9,M,-33.0,M,,0000*69
$GPGSA,A,3,07,14,21,02,22,30,17,13,,,,,1.8,1.0,1.4*3B
$GPGSV,3,1,12,14,62,355,20,30,56,219,21,17,52,310,18,22,44,330,32*7A
$GPGSV,3,2,12,07,35,179,18,02,34,040,17,19,33,276,24,03,24,108,*7A
$GPGSV,3,3,12,06,21,210,18,21,18,039,20,13,07,273,22,08,00,067,*7D
$GPRMC,180321.000,A,2632.6792,N,07703.3385,W,0.77,260.91,220324,,,A*7D
$GPVTG,260.91,T,,M,0.77,N,1.4,K,A*04
$GPGGA,180326.000,2632.6793,N,07703.3391,W,1,08,1.0,6.1,M,-33.0,M,,0000*66
$GPGSA,A,3,07,14,21,02,22,30,17,13,,,,,1.8,1.0,1.4*3B
$GPGSV,3,1,12,14,62,355,21,30,56,219,22,17,52,310,18,22,44,330,32*78
$GPGSV,3,2,12,07,35,179,19,02,34,040,18,19,33,276,24,03,24,108,*74
$GPGSV,3,3,12,06,21,210,18,21,18,039,20,13,07,273,21,08,00,067,*7E
$GPRMC,180326.000,A,2632.6793,N,07703.3391,W,1.45,174.28,220324,,,A*7A
$GPVTG,174.28,T,,M,1.45,N,2.7,K,A*00
$GPGGA,180331.000,2632.6787,N,07703.3393,W,1,08,1.0,6.2,M,-33.0,M,,0000*64
$GPGSA,A,3,07,14,21,02,22,30,17,13,,,,,1.8,1.0,1.4*3B
$GPGSV,3,1,12,14,62,355,21,30,56,219,22,17,52,310,19,22,44,330,32*79
$GPGSV,3,2,12,07,35,179,20,02,34,040,18,19,33,276,25,03,24,108,*7F
$GPGSV,3,3,12,06,21,210,18,21,18,039,20,13,07,273,20,08,00,067,*7F
$GPRMC,180331.000,A,2632.6787,N,07703.3393,W,0.18,267.98,220324,,,A*78
$GPVTG,267.98,T,,M,0.18,N,0.3,K,A*05
$GPGGA,180336.000,2632.6790,N,07703.3376,W,1,08,1.0,4.7,M,-33.0,M,,0000*69
$GPGSA,A,3,07,14,21,02,22,30,17,13,,,,,1.8,1.0,1.4*3B
$GPGSV,3,1,12,14,62,355,31,30,56,219,23,17,52,310,20,22,44,330,32*73
$GPGSV,3,2,12,07,35,179,21,02,34,040,26,19,33,276,25,03,24,108,*73
$GPGSV,3,3,12,06,21,210,18,21,18,039,26,13,07,273,19,08,00,067,*73
$GPRMC,180336.000,A,2632.6790,N,07703.3376,W,0.36,34.64,220324,,,A*49
$GPVTG,34.64,T,,M,0.36,N,0.7,K,A*3A
$GPGGA,180341.000,2632.6788,N,07703.3351,W,1,07,1.1,4.9,M,-33.0,M,,0000*65
$GPGSA,A,3,07,14,21,02,22,17,13,,,,,,1.9,1.1,1.5*39
$GPGSV,3,1,12,14,62,355,14,30,56,219,10,17,52,310,20,22,44,330,25*72
$GPGSV,3,2,12,07,35,179,21,02,34,040,25,19,33,276,25,03,24,108,*70
$GPGSV,3,3,12,06,21,210,18,21,18,039,20,13,07,273,19,08,00,067,*75
$GPRMC,180341.000,A,2632.6788,N,07703.3351,W,1.32,113.62,220324,,,A*72
$GPVTG,113.62,T,,M,1.32,N,2.4,K,A*0C
$GPGGA,180346.000,2632.6798,N,07703.3355,W,1,07,1.1,4.5,M,-33.0,M,,0000*6B
$GPGSA,A,3,07,14,21,02,22,17,13,,,,,,1.9,1.1,1.5*39
$GPGSV,3,1,12,14,62,355,15,30,56,219,,17,52,310,20,22,44,330,26*71
$GPGSV,3,2,12,07,35,179,22,02,34,040,24,19,33,276,24,03,24,108,*73
$GPGSV,3,3,12,06,21,210,18,21,18,039,22,13,07,273,18,08,00,067,*76
$GPVTG,242.09,T,,M,0.38,N,0.7,K,A*0C
$GPGGA,180351.000,2632.6810,N,07703.3361,W,1,06,1.8,1.9,M,-33.0,M,,0000*64
$GPGSA,A,3,07,14,21,02,22,17,,,,,,,3.9,1.8,3.4*33
$GPGSV,3,1,12,14,62,355,16,30,56,219,,17,52,310,19,22,44,330,26*78
$GPGSV,3,2,12,07,35,179,22,02,34,040,23,19,33,276,24,03,24,108,*74
$GPGSV,3,3,12,06,21,210,17,21,18,039,22,13,07,273,,08,00,067,*70
$GPRMC,180351.000,A,2632.6810,N,07703.3361,W,0.57,89.48,220324,,,A*46
$GPVTG,89.48,T,,M,0.57,N,1.1,K,A*32
$GPGGA,180356.000,2632.6834,N,07703.3395,W,1,07,1.1,-5.1,M,-33.0,M,,0000*47
$GPGSA,A,3,07,14,21,02,22,17,13,,,,,,1.9,1.1,1.5*39
$GPGSV,3,1,12,14,62,355,16,30,56,219,,17,52,310,19,22,44,330,26*78
$GPGSV,3,2,12,07,35,179,22,02,34,040,23,19,33,276,24,03,24,108,*74
$GPGSV,3,3,12,06,21,210,17,21,18,039,22,13,07,273,17,08,00,067,*76
$GPRMC,180356.000,A,2632.6834,N,07703.3395,W,0.79,336.67,220324,,,A*7A
$GPVTG,336.67,T,,M,0.79,N,1.5,K,A*00
$GPGGA,180401.000,2632.6830,N,07703.3397,W,1,07,1.1,-7.7,M,-33.0,M,,0000*40
$GPGSA,A,3,07,14,21,02,22,17,13,,,,,,1.9,1.1,1.5*39
$GPGSV,3,1,12,14,62,355,17,30,56,219,,17,52,310,20,22,44,330,26*73
$GPGSV,3,2,12,07,35,179,21,02,34,040,23,19,33,276,24,03,24,108,*77
$GPGSV,3,3,12,06,21,210,18,21,18,039,22,13,07,273,18,08,00,067,*76
$GPRMC,180401.000,A,2632.6830,N,07703.3397,W,0.93,353.01,220324,,,A*7E
$GPVTG,353.01,T,,M,0.93,N,1.7,K,A*05
$GPGGA,180406.000,2632.6809,N,07703.3376,W,1,08,1.0,-2.9,M,-33.0,M,,0000*47
$GPGSA,A,3,07,14,21,02,22,30,17,13,,,,,1.8,1.0,1.4*3B
$GPGSV,3,1,12,14,62,355,16,30,56,219,17,17,52,310,21,22,44,330,25*76
$GPGSV,3,2,12,07,35,179,21,02,34,040,23,19,33,276,25,03,24,108,*76
$GPGSV,3,3,12,06,21,210,18,21,18,039,22,13,07,273,17,08,00,067,*79
$GPRMC,180406.000,A,2632.6809,N,07703.3376,W,1.18,173.89,220324,,,A*7E
$GPVTG,173.89,T,,M,1.18,N,2.2,K,A*01
$GPGGA,180411.000,2632.6809,N,07703.3370,W,1,07,1.8,-1.0,M,-33.0,M,,0000*4A
$GPGSA,A,3,07,14,21,02,22,30,17,,,,,,3.8,1.8,3.3*36
$GPGSV,3,1,12,14,62,355,16,30,56,219,20,17,52,310,21,22,44,330,25*72
$GPGSV,3,2,12,07,35,179,21,02,34,040,14,19,33,276,25,03,24,108,*72
$GPGSV,3,3,12,06,21,210,19,21,18,039,15,13,07,273,,08,00,067,*7A
$GPRMC,180411.000,A,2632.6809,N,07703.3370,W,1.41,82.60,220324,,,A*4A
$GPVTG,82.60,T,,M,1.41,N,2.6,K,A*31
$GPGGA,180416.000,2632.6823,N,07703.3361,W,1,08,1.0,1.9,M,-33.0,M,,0000*66
$GPGSA,A,3,07,14,21,02,22,30,17,13,,,,,1.8,1.0,1.4*3B
$GPGSV,3,1,12,14,62,355,17,30,56,219,20,17,52,310,19,22,44,330,12*7C
$GPGSV,3,2,12,07,35,179,21,02,34,040,16,19,33,276,25,03,24,108,*70
$GPGSV,3,3,12,06,21,210,18,21,18,039,19,13,07,273,18,08,00,067,*7E
$GPRMC,180416.000,A,2632.6823,N,07703.3361,W,1.19,92.16,220324,,,A*48
$GPVTG,92.16,T,,M,1.19,N,2.2,K,A*38
$GPGGA,180421.000,2632.6818,N,07703.3349,W,1,07,1.8,0.7,M,-33.0,M,,0000*68
$GPGSA,A,3,07,14,21,02,22,30,17,,,,,,3.8,1.8,3.3*36
$GPGSV,3,1,12,14,62,355,18,30,56,219,19,17,52,310,21,22,44,330,18*78
$GPGSV,3,2,12,07,35,179,12,02,34,040,17,19,33,276,20,03,24,108,*74
$GPGSV,3,3,12,06,21,210,18,21,18,039,19,13,07,273,11,08,00,067,*77
$GPVTG,29.44,T,,M,0.81,N,1.5,K,A*3B
$GPGGA,180426.000,2632.6821,N,07703.3369,W,1,04,8.2,1.6,M,-33.0,M,,0000*67
$GPGSA,A,3,14,21,22,17,,,,,,,,,9.9,8.2,5.5*38
$GPGSV,3,1,12,14,62,355,17,30,56,219,11,17,52,310,19,22,44,330,27*78
$GPGSV,3,2,12,07,35,179,,02,34,040,16,19,33,276,20,03,24,108,*76
$GPGSV,3,3,12,06,21,210,19,21,18,039,19,13,07,273,,08,00,067,*76
$GPRMC,180426.000,A,2632.6821,N,07703.3369,W,0.43,4.57,220324,,,A*75
$GPVTG,4.57,T,,M,0.43,N,0.8,K,A*04
$GPGGA,180431.000,2632.6820,N,07703.3361,W,1,06,1.1,7.5,M,-33.0,M,,0000*65
$GPGSA,A,3,13,14,21,02,22,07,,,,,,,2.0,1.1,1.7*37
$GPGSV,3,1,12,14,62,355,16,30,56,219,,17,52,310,,22,44,330,22*74
$GPGSV,3,2,12,07,35,179,15,02,34,040,16,19,33,276,21,03,24,108,*73
$GPGSV,3,3,12,06,21,210,19,21,18,039,18,13,07,273,17,08,00,067,*71
$GPRMC,180431.000,A,2632.6820,N,07703.3361,W,0.20,211.95,220324,,,A*77
$GPVTG,211.95,T,,M,0.20,N,0.4,K,A*05
$GPGGA,180436.000,2632.6819,N,07703.3348,W,6,00,50.0,11.5,M,-33.0,M,,0000*60
$GPGSA,A,2,,,,,,,,,,,,,50.0,50.0,50.0*06
$GPGSV,3,1,12,14,62,355,19,30,56,219,,17,52,310,,22,44,330,21*78
$GPGSV,3,2,12,07,35,179,16,02,34,040,,19,33,276,22,03,24,108,*74
$GPGSV,3,3,12,06,21,210,,21,18,039,,13,07,273,,08,00,067,*76
$GPRMC,180436.000,A,2632.6819,N,07703.3348,W,0.73,123.39,220324,,,E*77
$GPVTG,123.39,T,,M,0.73,N,1.3,K,N*0E
$GPGGA,180441.000,2632.6782,N,07703.3339,W,1,05,2.8,11.0,M,-33.0,M,,0000*53
$GPGSA,A,3,30,14,17,22,07,,,,,,,,5.5,2.8,4.7*3C
$GPGSV,3,1,12,14,62,355,18,30,56,219,18,17,52,310,14,22,44,330,20*74
$GPGSV,3,2,12,07,35,179,16,02,34,040,,19,33,276,21,03,24,108,*77
$GPGSV,3,3,12,06,21,210,,21,18,039,,13,07,273,,08,00,067,*76
$GPRMC,180441.000,A,2632.6782,N,07703.3339,W,1.91,197.13,220324,,,A*72
$GPVTG,197.13,T,,M,1.91,N,3.5,K,A*0F
$GPGGA,180446.000,2632.6777,N,07703.3347,W,1,05,2.8,20.4,M,-33.0,M,,0000*51
$GPGSA,A,3,30,14,17,22,07,,,,,,,,5.5,2.8,4.7*3C
$GPGSV,3,1,12,14,62,355,19,30,56,219,19,17,52,310,14,22,44,330,19*7E
$GPGSV,3,2,12,07,35,179,17,02,34,040,,19,33,276,20,03,24,108,*77
$GPRMC,180446.000,A,2632.6777,N,07703.3347,W,1.08,273.15,220324,,,A*79
$GPVTG,273.15,T,,M,1.08,N,2.0,K,A*04
$GPGGA,180451.000,2632.6779,N,07703.3385,W,1,04,3.0,25.8,M,-33.0,M,,0000*56
$GPGSA,A,3,30,14,17,07,,,,,,,,,7.3,3.0,6.6*32
$GPGSV,3,1,12,14,62,355,19,30,56,219,18,17,52,310,15,22,44,330,18*7F
$GPGSV,3,2,12,07,35,179,16,02,34,040,,19,33,276,20,03,24,108,*76
$GPGSV,3,3,12,06,21,210,,21,18,039,,13,07,273,,08,00,067,*76
$GPRMC,180451.000,A,2632.6779,N,07703.3385,W,3.85,265.11,220324,,,A*7B
$GPVTG,265.11,T,,M,3.85,N,7.1,K,A*04
$GPGGA,180456.000,2632.6763,N,07703.3436,W,1,04,3.4,25.9,M,-33.0,M,,0000*50
$GPGSA,A,3,30,14,17,22,,,,,,,,,3.6,3.4,1.0*31
$GPGSV,3,1,12,14,62,355,17,30,56,219,18,17,52,310,16,22,44,330,19*73
$GPGSV,3,2,12,07,35,179,,02,34,040,,19,33,276,21,03,24,108,*70
$GPGSV,3,3,12,06,21,210,,21,18,039,,13,07,273,,08,00,067,*76
$GPRMC,180456.000,A,2632.6763,N,07703.3436,W,4.52,262.86,220324,,,A*7C
$GPVTG,262.86,T,,M,4.52,N,8.4,K,A*0A
$GPGGA,180501.000,2632.6753,N,07703.3402,W,1,07,1.8,16.0,M,-33.0,M,,0000*53
$GPGSA,A,3,30,14,17,02,22,21,07,,,,,,3.8,1.8,3.3*36
$GPGSV,3,1,12,14,62,355,30,30,56,219,18,17,52,310,24,22,44,330,35*79
$GPGSV,3,2,12,07,35,179,24,02,34,040,29,19,33,276,22,03,24,108,*7E
$GPGSV,3,3,12,06,21,210,23,21,18,039,24,13,07,273,,08,00,067,*71
$GPRMC,180501.000,A,2632.6753,N,07703.3402,W,0.43,68.32,220324,,,A*48
$GPVTG,68.32,T,,M,0.43,N,0.8,K,A*3D
$GPGGA,180506.000,2632.6777,N,07703.3390,W,1,08,1.0,13.7,M,-33.0,M,,0000*5B
$GPGSA,A,3,30,14,17,02,22,21,07,13,,,,,1.8,1.0,1.4*3B
$GPGSV,3,1,12,14,62,355,30,30,56,219,20,17,52,310,25,22,44,330,36*70
$GPGSV,3,2,12,07,35,179,27,02,34,040,28,19,33,276,26,03,24,108,*78
$GPGSV,3,3,12,06,21,210,22,21,18,039,24,13,07,273,18,08,00,067,*79
$GPRMC,180506.000,A,2632.6777,N,07703.3390,W,0.83,260.45,220324,,,A*73
$GPVTG,260.45,T,,M,0.83,N,1.5,K,A*07
$GPGGA,180511.000,2632.6781,N,07703.3389,W,1,08,1.0,11.9,M,-33.0,M,,0000*50
$GPGSA,A,3,30,14,17,02,22,21,07,13,,,,,1.8,1.0,1.4*3B
$GPGSV,3,1,12,14,62,355,31,30,56,219,19,17,52,310,25,22,44,330,36*7B
$GPGSV,3,2,12,07,35,179,28,02,34,040,29,19,33,276,26,03,24,108,*76
$GPGSV,3,3,12,06,21,210,22,21,18,039,25,13,07,273,20,08,00,067,*73
$GPRMC,180511.000,A,2632.6781,N,07703.3389,W,0.09,187.46,220324,,,A*7F
$GPVTG,187.46,T,,M,0.09,N,0.2,K,A*0A
$GPGGA,180516.000,2632.6788,N,07703.3386,W,1,08,1.0,9.1,M,-33.0,M,,0000*60
$GPGSA,A,3,30,14,17,02,22,21,07,13,,,,,1.8,1.0,1.4*3B
$GPGSV,3,1,12,14,62,355,30,30,56,219,21,17,52,310,24,22,44,330,35*73
$GPGSV,3,2,12,07,35,179,17,02,34,040,29,19,33,276,23,03,24,108,*7F
$GPGSV,3,3,12,06,21,210,22,21,18,039,27,13,07,273,21,08,00,067,*70
$GPRMC,180516.000,A,2632.6788,N,07703.3386,W,0.36,230.87,220324,,,A*70
$GPVTG,230.87,T,,M,0.36,N,0.7,K,A*01
$GPGGA,180521.000,2632.6779,N,07703.3381,W,1,08,1.0,6.6,M,-33.0,M,,0000*65
$GPGSA,A,3,30,14,17,02,22,21,07,13,,,,,1.8,1.0,1.4*3B
$GPGSV,3,1,12,14,62,355,30,30,56,219,19,17,52,310,25,22,44,330,35*79
$GPGSV,3,2,12,07,35,179,18,02,34,040,28,19,33,276,25,03,24,108,*77
$GPGSV,3,3,12,06,21,210,21,21,18,039,26,13,07,273,20,08,00,067,*73
$GPVTG,168.50,T,,M,1.35,N,2.5,K,A*07
$GPGGA,180526.000,2632.6795,N,07703.3376,W,1,06,2.1,3.0,M,-33.0,M,,0000*67
$GPGSA,A,3,30,14,17,02,22,21,,,,,,,4.1,2.1,3.6*30
$GPGSV,3,1,12,14,62,355,32,30,56,219,19,17,52,310,24,22,44,330,35*7A
$GPGSV,3,2,12,07,35,179,,02,34,040,28,19,33,276,26,03,24,108,*7D
$GPGSV,3,3,12,06,21,210,18,21,18,039,25,13,07,273,,08,00,067,*78
$GPRMC,180526.000,A,2632.6795,N,07703.3376,W,1.25,351.55,220324,,,A*7A
$GPVTG,351.55,T,,M,1.25,N,2.3,K,A*0D
$GPGGA,180531.000,2632.6797,N,07703.3367,W,1,06,2.1,1.1,M,-33.0,M,,0000*60
$GPGSA,A,3,30,14,17,02,22,21,,,,,,,4.1,2.1,3.6*30
$GPGSV,3,1,12,14,63,357,32,30,55,217,20,17,52,312,22,22,45,331,35*7A
$GPGSV,3,2,12,19,34,277,26,07,33,179,,02,33,039,28,03,24,107,*7B
$GPGSV,3,3,12,06,23,211,19,21,17,039,25,13,06,272,,08,00,068,*7A
$GPRMC,180531.000,A,2632.6797,N,07703.3367,W,0.26,277.87,220324,,,A*76
$GPVTG,277.87,T,,M,0.26,N,0.5,K,A*01
$GPGGA,180536.000,2632.6784,N,07703.3374,W,1,06,2.1,-0.9,M,-33.0,M,,0000*43
$GPGSA,A,3,30,14,17,02,22,21,,,,,,,4.1,2.1,3.6*30
$GPGSV,3,1,12,14,63,357,32,30,55,217,19,17,52,312,23,22,45,331,35*71
$GPGSV,3,2,12,19,34,277,27,07,33,179,,02,33,039,28,03,24,107,*7A
$GPGSV,3,3,12,06,23,211,19,21,17,039,25,13,06,272,,08,00,068,*7A
$GPRMC,180536.000,A,2632.6784,N,07703.3374,W,1.17,177.39,220324,,,A*74
$GPVTG,177.39,T,,M,1.17,N,2.2,K,A*01
$GPGGA,180541.000,2632.6790,N,07703.3375,W,1,07,1.8,-3.2,M,-33.0,M,,0000*44
$GPGSA,A,3,30,14,17,02,22,21,07,,,,,,3.8,1.8,3.3*36
$GPGSV,3,1,12,14,63,357,33,30,55,217,19,17,52,312,23,22,45,331,34*71
$GPGSV,3,2,12,19,34,277,27,07,33,179,17,02,33,039,28,03,24,107,*7C
$GPGSV,3,3,12,06,23,211,19,21,17,039,25,13,06,272,,08,00,068,*7A
$GPRMC,180541.000,A,2632.6790,N,07703.3375,W,0.27,122.90,220324,,,A*71
$GPVTG,122.90,T,,M,0.27,N,0.5,K,A*05
$GPGGA,180546.000,2632.6788,N,07703.3384,W,1,07,1.8,-3.7,M,-33.0,M,,0000*41
$GPGSA,A,3,30,14,17,02,22,21,07,,,,,,3.8,1.8,3.3*36
$GPGSV,3,1,12,14,63,357,33,30,55,217,19,17,52,312,22,22,45,331,34*70
$GPGSV,3,2,12,19,34,277,27,07,33,179,16,02,33,039,28,03,24,107,*7D
$GPGSV,3,3,12,06,23,211,19,21,17,039,25,13,06,272,,08,00,068,*7A
$GPRMC,180546.000,A,2632.6788,N,07703.3384,W,0.46,291.12,220324,,,A*77
$GPVTG,291.12,T,,M,0.46,N,0.8,K,A*0E
$GPGGA,180551.000,2632.6782,N,07703.3382,W,1,07,1.8,-4.6,M,-33.0,M,,0000*4D
$GPGSA,A,3,30,14,17,02,22,21,07,,,,,,3.8,1.8,3.3*36
$GPGSV,3,1,12,14,63,357,33,30,55,217,20,17,52,312,22,22,45,331,34*7A
$GPGSV,3,2,12,19,34,277,28,07,33,179,16,02,33,039,29,03,24,107,*73
$GPGSV,3,3,12,06,23,211,19,21,17,039,25,13,06,272,,08,00,068,*7A
$GPVTG,157.25,T,,M,0.74,N,1.4,K,A*0F
$GPGGA,180556.000,2632.6788,N,07703.3388,W,1,07,1.8,-3.8,M,-33.0,M,,0000*43
$GPGSA,A,3,30,14,17,02,22,21,07,,,,,,3.8,1.8,3.3*36
$GPGSV,3,1,12,14,63,357,33,30,55,217,19,17,52,312,22,22,45,331,34*70
$GPGSV,3,2,12,19,34,277,28,07,33,179,21,02,33,039,28,03,24,107,*76
$GPGSV,3,3,12,06,23,211,20,21,17,039,25,13,06,272,,08,00,068,*70
$GPRMC,180556.000,A,2632.6788,N,07703.3388,W,0.75,188.84,220324,,,A*7E
$GPVTG,188.84,T,,M,0.75,N,1.4,K,A*07
$GPGGA,180601.000,2632.6786,N,07703.3378,W,1,07,1.6,0.8,M,-33.0,M,,0000*63
$GPGSA,A,3,30,14,17,19,02,22,21,,,,,,2.9,1.6,2.4*31
$GPGSV,3,1,12,14,63,357,33,30,55,217,20,17,52,312,21,22,45,331,34*79
$GPGSV,3,2,12,19,34,277,28,07,33,179,,02,33,039,29,03,24,107,*74
$GPGSV,3,3,12,06,23,211,20,21,16,039,24,13,06,272,,08,00,069,*71
$GPRMC,180601.000,A,2632.6786,N,07703.3378,W,0.28,20.06,220324,,,A*4F
$GPVTG,20.06,T,,M,0.28,N,0.5,K,A*36
$GPGGA,180606.000,2632.6792,N,07703.3371,W,1,07,1.6,2.8,M,-33.0,M,,0000*6A
$GPGSA,A,3,30,14,17,19,02,22,21,,,,,,2.9,1.6,2.4*31
$GPGSV,3,1,12,14,63,357,32,30,55,217,21,17,52,312,21,22,45,331,34*79
$GPGSV,3,2,12,19,34,277,28,07,33,179,,02,33,039,29,03,24,107,*74
$GPGSV,3,3,12,06,23,211,19,21,16,039,24,13,06,272,,08,00,069,*7B
$GPRMC,180606.000,A,2632.6792,N,07703.3371,W,0.50,355.61,220324,,,A*7B
$GPVTG,355.61,T,,M,0.50,N,0.9,K,A*05
$GPGGA,180611.000,2632.6798,N,07703.3370,W,1,08,1.2,3.5,M,-33.0,M,,0000*60
$GPGSA,A,3,30,14,17,19,02,22,21,07,,,,,2.6,1.2,2.3*3A
$GPGSV,3,1,12,14,63,357,32,30,55,217,22,17,52,312,20,22,45,331,34*7B
$GPGSV,3,2,12,19,34,277,28,07,33,179,17,02,33,039,29,03,24,107,*72
$GPGSV,3,3,12,06,23,211,19,21,16,039,24,13,06,272,,08,00,069,*7B
$GPRMC,180611.000,A,2632.6798,N,07703.3370,W,1.39,152.51,220324,,,A*7E
$GPVTG,152.51,T,,M,1.39,N,2.6,K,A*00
$GPGGA,180616.000,2632.6782,N,07703.3361,W,1,08,1.2,4.2,M,-33.0,M,,0000*6C
$GPGSA,A,3,30,14,17,19,02,22,21,07,,,,,2.6,1.2,2.3*3A
$GPGSV,3,1,12,14,63,357,32,30,55,217,22,17,52,312,20,22,45,331,34*7B
$GPGSV,3,2,12,19,34,277,28,07,33,179,18,02,33,039,29,03,24,107,*7D
$GPGSV,3,3,12,06,23,211,19,21,16,039,24,13,06,271,,08,00,069,*78
$GPRMC,180616.000,A,2632.6782,N,07703.3361,W,0.47,136.94,220324,,,A*71
$GPVTG,136.94,T,,M,0.47,N,0.9,K,A*0E
$GPGGA,180621.000,2632.6785,N,07703.3359,W,1,08,1.2,3.6,M,-33.0,M,,0000*67
$GPGSA,A,3,30,14,17,19,02,22,21,07,,,,,2.5,1.2,2.3*39
$GPGSV,3,1,12,14,63,357,32,30,55,217,22,17,52,312,20,22,45,331,34*7B
$GPGSV,3,2,12,19,34,277,29,07,33,179,18,02,33,039,29,03,24,107,*7C
$GPRMC,180621.000,A,2632.6785,N,07703.3359,W,0.27,343.66,220324,,,A*72
$GPVTG,343.66,T,,M,0.27,N,0.5,K,A*09
$GPGGA,180626.000,2632.6795,N,07703.3363,W,1,08,1.2,4.1,M,-33.0,M,,0000*68
$GPGSA,A,3,30,14,17,19,02,22,21,07,,,,,2.5,1.2,2.3*39
$GPGSV,3,1,12,14,63,357,32,30,55,217,22,17,52,312,20,22,45,331,34*7B
$GPGSV,3,2,12,19,34,277,28,07,33,179,16,02,33,039,29,03,24,107,*73
$GPGSV,3,3,12,06,23,211,19,21,16,039,25,13,06,271,,08,00,069,*79
$GPRMC,180626.000,A,2632.6795,N,07703.3363,W,0.70,349.32,220324,,,A*74
$GPGGA,180631.000,2632.6794,N,07703.3363,W,1,07,1.6,4.8,M,-33.0,M,,0000*6D
$GPGSA,A,3,30,14,17,19,02,22,21,,,,,,2.9,1.6,2.4*31
$GPGSV,3,1,12,14,63,357,32,30,55,217,22,17,52,312,20,22,45,331,34*7B
$GPGSV,3,2,12,19,34,277,29,07,33,179,,02,33,039,30,03,24,107,*7D
$GPGSV,3,3,12,06,23,211,18,21,16,039,25,13,06,271,,08,00,069,*78
$GPRMC,180631.000,A,2632.6794,N,07703.3363,W,0.35,140.94,220324,,,A*75
$GPVTG,140.94,T,,M,0.35,N,0.7,K,A*04
$GPGGA,180636.000,2632.6787,N,07703.3356,W,1,09,1.0,3.7,M,-33.0,M,,0000*6E
$GPGSA,A,3,30,14,17,19,02,22,21,13,07,,,,1.7,1.0,1.4*3C
$GPGSV,3,1,12,14,63,357,32,30,55,217,22,17,52,312,21,22,45,331,33*7D
$GPGSV,3,2,12,19,34,277,28,07,33,179,22,02,33,039,26,03,24,107,*7B
$GPGSV,3,3,12,06,23,211,18,21,16,039,25,13,06,271,14,08,00,069,*7D
$GPRMC,180636.000,A,2632.6787,N,07703.3356,W,0.99,128.60,220324,,,A*75
$GPVTG,128.60,T,,M,0.99,N,1.8,K,A*09
$GPGGA,180641.000,2632.6794,N,07703.3357,W,1,09,1.0,1.4,M,-33.0,M,,0000*6C
$GPGSA,A,3,30,14,17,19,02,22,21,13,07,,,,1.7,1.0,1.4*3C
$GPGSV,3,1,12,14,63,357,30,30,55,217,18,17,52,312,21,22,45,331,33*76
$GPGSV,3,2,12,19,34,277,28,07,33,179,22,02,33,039,26,03,24,107,*7B
$GPGSV,3,3,12,06,23,211,17,21,16,039,25,13,06,271,15,08,00,069,*73
$GPRMC,180641.000,A,2632.6794,N,07703.3357,W,0.39,223.15,220324,,,A*76
$GPVTG,223.15,T,,M,0.39,N,0.7,K,A*07
$GPGGA,180646.000,2632.6792,N,07703.3365,W,1,08,1.0,2.0,M,-33.0,M,,0000*6A
$GPGSA,A,3,30,14,19,02,22,21,13,07,,,,,1.8,1.0,1.5*34
$GPGSV,3,1,12,14,63,357,31,30,55,217,19,17,52,312,12,22,45,331,34*71
$GPGSV,3,2,12,19,34,277,28,07,33,179,16,02,33,039,27,03,24,107,*7D
$GPGSV,3,3,12,06,23,211,18,21,16,039,24,13,06,271,17,08,00,069,*7F
$GPRMC,180646.000,A,2632.6792,N,07703.3365,W,0.29,279.63,220324,,,A*79
$GPVTG,279.63,T,,M,0.29,N,0.5,K,A*0A
$GPGGA,180651.000,2632.6786,N,07703.3361,W,1,09,1.0,2.2,M,-33.0,M,,0000*6E
$GPGSA,A,3,30,14,17,19,02,22,21,13,07,,,,1.7,1.0,1.4*3C
$GPGSV,3,1,12,14,63,357,31,30,55,217,20,17,52,312,15,22,45,331,34*7C
$GPGSV,3,2,12,19,34,277,28,07,33,179,16,02,33,039,26,03,24,107,*7C
$GPGSV,3,3,12,06,23,211,19,21,16,039,24,13,06,271,18,08,00,069,*71
$GPRMC,180651.000,A,2632.6786,N,07703.3361,W,0.54,164.57,220324,,,A*7C
$GPVTG,164.57,T,,M,0.54,N,1.0,K,A*0C
$GPGGA,180656.000,2632.6788,N,07703.3354,W,1,07,1.3,5.8,M,-33.0,M,,0000*61
$GPGSA,A,3,30,17,19,02,22,21,07,,,,,,3.2,1.3,3.0*39
$GPGSV,3,1,12,14,63,357,18,30,55,217,17,17,52,312,25,22,45,331,25*70
$GPGSV,3,2,12,19,34,277,23,07,33,179,17,02,33,039,19,03,24,107,*7A
$GPGSV,3,3,12,06,23,211,19,21,16,039,24,13,06,271,,08,00,069,*78
$GPVTG,119.24,T,,M,0.79,N,1.5,K,A*08
$GPGGA,180701.000,2632.6813,N,07703.3366,W,1,08,1.2,7.3,M,-33.0,M,,0000*69
$GPGSA,A,3,30,14,17,19,02,22,21,07,,,,,2.5,1.2,2.3*39
$GPGSV,3,1,12,14,63,357,26,30,55,217,22,17,52,312,26,22,45,331,33*7F
$GPGSV,3,2,12,19,34,277,23,07,33,179,17,02,33,039,20,03,24,107,*70
$GPGSV,3,3,12,06,23,211,18,21,16,039,17,13,06,271,,08,00,069,*79
$GPRMC,180701.000,A,2632.6813,N,07703.3366,W,0.42,96.66,220324,,,A*45
$GPVTG,96.66,T,,M,0.42,N,0.8,K,A*3C
$GPGGA,180706.000,2632.6799,N,07703.3376,W,1,08,1.2,2.8,M,-33.0,M,,0000*6C
$GPGSA,A,3,30,14,17,19,02,22,21,07,,,,,2.5,1.2,2.3*39
$GPGSV,3,1,12,14,63,357,25,30,55,217,20,17,52,312,26,22,45,331,33*7E
$GPGSV,3,2,12,19,34,277,24,07,33,179,16,02,33,039,21,03,24,107,*77
$GPGSV,3,3,12,06,23,211,17,21,16,039,17,13,06,271,,08,00,069,*76
$GPRMC,180706.000,A,2632.6799,N,07703.3376,W,0.48,231.35,220324,,,A*7D
$GPVTG,231.35,T,,M,0.48,N,0.9,K,A*0E
$GPGGA,180711.000,2632.6801,N,07703.3380,W,1,09,1.0,4.1,M,-33.0,M,,0000*61
$GPGSA,A,3,30,14,17,19,02,22,21,13,07,,,,1.7,1.0,1.4*3C
$GPGSV,3,1,12,14,63,357,27,30,55,217,20,17,52,312,20,22,45,331,33*7A
$GPGSV,3,2,12,19,34,277,25,07,33,179,15,02,33,039,25,03,24,107,*71
$GPGSV,3,3,12,06,23,211,19,21,16,039,27,13,06,271,22,08,00,069,*7B
$GPRMC,180711.000,A,2632.6801,N,07703.3380,W,0.43,176.83,220324,,,A*7A
$GPVTG,176.83,T,,M,0.43,N,0.8,K,A*09
$GPGGA,180716.000,2632.6793,N,07703.3374,W,1,08,1.2,4.0,M,-33.0,M,,0000*6B
$GPGSA,A,3,30,14,17,19,02,22,21,07,,,,,2.5,1.2,2.2*38
$GPGSV,3,1,12,14,63,357,23,30,55,217,20,17,52,312,21,22,45,331,27*7A
$GPGSV,3,2,12,19,34,277,20,07,33,179,15,02,33,039,17,03,24,107,*75
$GPGSV,3,3,12,06,23,211,19,21,16,039,25,13,06,271,11,08,00,069,*79
$GPRMC,180716.000,A,2632.6793,N,07703.3374,W,1.85,179.54,220324,,,A*7C
$GPVTG,179.54,T,,M,1.85,N,3.4,K,A*08
$GPGGA,180721.000,2632.6784,N,07703.3363,W,1,08,1.5,2.9,M,-33.0,M,,0000*67
$GPGSA,A,3,30,14,17,19,02,22,21,13,,,,,2.1,1.5,1.4*3B
$GPGSV,3,1,12,14,63,357,28,30,55,217,21,17,52,312,21,22,45,331,35*73
$GPGSV,3,2,12,19,34,277,24,07,33,179,,02,33,039,26,03,24,107,*77
$GPGSV,3,3,12,06,23,211,20,21,16,039,26,13,06,271,16,08,00,069,*77
$GPRMC,180721.000,A,2632.6784,N,07703.3363,W,0.24,182.82,220324,,,A*7D
$GPVTG,182.82,T,,M,0.24,N,0.4,K,A*0E
$GPGGA,180726.000,2632.6783,N,07703.3361,W,1,08,1.5,0.7,M,-33.0,M,,0000*69
$GPGSA,A,3,30,14,17,19,02,22,21,13,,,,,2.1,1.5,1.4*3B
$GPGSV,3,1,12,14,63,357,28,30,55,217,22,17,52,312,22,22,45,331,35*73
$GPGSV,3,2,12,19,34,277,24,07,33,179,,02,33,039,26,03,24,107,*77
$GPGSV,3,3,12,06,23,211,21,21,16,039,26,13,06,271,17,08,00,069,*77
$GPVTG,323.32,T,,M,0.27,N,0.5,K,A*0E
$GPGGA,180731.000,2632.6791,N,07703.3357,W,1,08,1.5,2.1,M,-33.0,M,,0000*6D
$GPGSA,A,3,30,14,17,19,02,22,21,13,,,,,2.1,1.5,1.4*3B
$GPGSV,3,1,12,14,63,357,29,30,55,217,21,17,52,312,23,22,45,331,35*70
$GPGSV,3,2,12,19,34,277,25,07,33,179,,02,33,039,25,03,24,107,*75
$GPGSV,3,3,12,06,23,211,20,21,16,039,25,13,06,271,18,08,00,069,*7A
$GPRMC,180731.000,A,2632.6791,N,07703.3357,W,0.21,77.21,220324,,,A*48
$GPVTG,77.21,T,,M,0.21,N,0.4,K,A*39
$GPGGA,180736.000,2632.6801,N,07703.3362,W,1,08,1.5,2.3,M,-33.0,M,,0000*68
$GPGSA,A,3,30,14,17,19,02,22,21,13,,,,,2.1,1.5,1.4*3B
$GPGSV,3,1,12,14,63,357,28,30,55,217,22,17,52,312,23,22,45,331,35*72
$GPGSV,3,2,12,19,34,277,24,07,33,179,,02,33,039,25,03,24,107,*74
$GPGSV,3,3,12,06,23,211,20,21,16,039,25,13,06,271,19,08,00,069,*7B
$GPRMC,180736.000,A,2632.6801,N,07703.3362,W,0.67,127.67,220324,,,A*7B
$GPVTG,127.67,T,,M,0.67,N,1.2,K,A*0A
$GPGGA,180741.000,2632.6813,N,07703.3364,W,1,08,1.5,4.0,M,-33.0,M,,0000*68
$GPGSA,A,3,30,14,17,19,02,22,21,13,,,,,2.1,1.5,1.4*3B
$GPGSV,3,1,12,14,63,357,28,30,55,217,21,17,52,312,22,22,45,331,35*70
$GPGSV,3,2,12,19,34,277,24,07,33,179,,02,33,039,24,03,24,107,*75
$GPGSV,3,3,12,06,23,211,20,21,16,039,25,13,06,271,19,08,00,069,*7B
$GPRMC,180741.000,A,2632.6813,N,07703.3364,W,0.34,272.41,220324,,,A*7F
$GPVTG,272.41,T,,M,0.34,N,0.6,K,A*0E
$GPGGA,180746.000,2632.6802,N,07703.3371,W,1,08,1.5,3.1,M,-33.0,M,,0000*6D
$GPGSA,A,3,30,14,17,19,02,22,21,13,,,,,2.1,1.5,1.4*3B
$GPGSV,3,1,12,14,63,357,28,30,55,217,22,17,52,312,23,22,45,331,35*72
$GPGSV,3,2,12,19,34,277,23,07,33,179,,02,33,039,24,03,24,107,*72
$GPGSV,3,3,12,06,23,211,18,21,16,039,25,13,06,271,20,08,00,069,*7A
$GPRMC,180746.000,A,2632.6802,N,07703.3371,W,0.44,218.74,220324,,,A*71
$GPVTG,218.74,T,,M,0.44,N,0.8,K,A*0D
$GPGGA,180751.000,2632.6810,N,07703.3359,W,1,09,1.0,3.6,M,-33.0,M,,0000*61
$GPGSA,A,3,30,14,17,19,02,22,21,13,07,,,,1.7,1.0,1.4*3C
$GPGSV,3,1,12,14,63,357,28,30,55,217,21,17,52,312,23,22,45,331,35*71
$GPGSV,3,2,12,19,34,277,22,07,33,179,17,02,33,039,24,03,24,107,*75
$GPGSV,3,3,12,06,23,211,17,21,16,039,25,13,06,271,21,08,00,069,*74
$GPRMC,180751.000,A,2632.6810,N,07703.3359,W,0.96,116.97,220324,,,A*71
$GPVTG,116.97,T,,M,0.96,N,1.8,K,A*03
$GPGGA,180756.000,2632.6816,N,07703.3350,W,1,09,1.0,4.0,M,-33.0,M,,0000*68
$GPGSA,A,3,30,14,17,19,02,22,21,13,07,,,,1.7,1.0,1.4*3C
$GPGSV,3,1,12,14,63,357,28,30,55,217,21,17,52,312,24,22,45,331,35*76
$GPGSV,3,2,12,19,34,277,23,07,33,179,17,02,33,039,23,03,24,107,*73
$GPGSV,3,3,12,06,23,211,16,21,16,039,25,13,06,271,21,08,00,069,*75
$GPRMC,180756.000,A,2632.6816,N,07703.3350,W,0.16,249.55,220324,,,A*76
$GPVTG,249.55,T,,M,0.16,N,0.3,K,A*06
$GPGGA,180801.000,2632.6820,N,07703.3347,W,1,09,1.0,4.6,M,-33.0,M,,0000*60
$GPGSA,A,3,30,14,17,19,02,22,21,13,07,,,,1.7,1.0,1.4*3C
$GPGSV,3,1,12,14,63,357,28,30,55,217,21,17,52,312,24,22,45,331,35*76
$GPGSV,3,2,12,19,34,277,22,07,33,179,17,02,33,039,23,03,24,107,*72
$GPGSV,3,3,12,06,23,211,16,21,16,039,25,13,06,271,21,08,00,069,*75
$GPVTG,118.27,T,,M,0.53,N,1.0,K,A*07
$GPGGA,180806.000,2632.6805,N,07703.3349,W,1,09,1.0,6.8,M,-33.0,M,,0000*62
$GPGSA,A,3,30,14,17,19,02,22,21,13,07,,,,1.7,1.0,1.4*3C
$GPGSV,3,1,12,14,63,357,26,30,55,217,22,17,52,312,25,22,45,331,31*7E
$GPGSV,3,2,12,19,34,277,22,07,33,179,17,02,33,039,24,03,24,107,*75
$GPGSV,3,3,12,06,23,211,16,21,16,039,25,13,06,271,21,08,00,069,*75
$GPRMC,180806.000,A,2632.6805,N,07703.3349,W,0.40,74.26,220324,,,A*4D
$GPVTG,74.26,T,,M,0.40,N,0.7,K,A*39
$GPGGA,180811.000,2632.6797,N,07703.3337,W,1,09,1.0,9.4,M,-33.0,M,,0000*6A
$GPGSA,A,3,30,14,17,19,02,22,21,13,07,,,,1.7,1.0,1.4*3C
$GPGSV,3,1,12,14,63,357,27,30,55,217,21,17,52,312,26,22,45,331,28*77
$GPGSV,3,2,12,19,34,277,22,07,33,179,17,02,33,039,19,03,24,107,*7B
$GPGSV,3,3,12,06,23,211,15,21,16,039,26,13,06,271,21,08,00,069,*75
$GPRMC,180811.000,A,2632.6797,N,07703.3337,W,0.58,128.58,220324,,,A*7E
$GPVTG,128.58,T,,M,0.58,N,1.1,K,A*06
$GPGGA,180816.000,2632.6793,N,07703.3338,W,1,09,1.0,9.7,M,-33.0,M,,0000*65
$GPGSA,A,3,30,14,17,19,02,22,21,13,07,,,,1.7,1.0,1.4*3C
$GPGSV,3,1,12,14,63,357,27,30,55,217,22,17,52,312,25,22,45,331,31*7F
$GPGSV,3,2,12,19,34,277,18,07,33,179,17,02,33,039,24,03,24,107,*7C
$GPGSV,3,3,12,06,23,211,14,21,16,039,26,13,06,271,20,08,00,069,*75
$GPRMC,180816.000,A,2632.6793,N,07703.3338,W,0.26,221.50,220324,,,A*79
$GPVTG,221.50,T,,M,0.26,N,0.5,K,A*08
$GPGGA,180821.000,2632.6795,N,07703.3350,W,1,09,1.0,10.2,M,-33.0,M,,0000*54
$GPGSA,A,3,30,14,17,19,02,22,21,13,07,,,,1.7,1.0,1.4*3C
$GPGSV,3,1,12,14,63,357,28,30,55,217,22,17,52,312,26,22,45,331,31*73
$GPGSV,3,2,12,19,34,277,19,07,33,179,17,02,33,039,25,03,24,107,*7C
$GPGSV,3,3,12,06,23,211,,21,16,039,19,13,06,271,20,08,00,069,*7C
$GPRMC,180821.000,A,2632.6795,N,07703.3350,W,0.83,176.48,220324,,,A*72
$GPVTG,176.48,T,,M,0.83,N,1.5,K,A*0E
$GPGGA,180826.000,2632.6795,N,07703.3349,W,1,09,1.0,10.5,M,-33.0,M,,0000*5C
$GPGSA,A,3,30,14,17,19,02,22,21,13,07,,,,1.7,1.0,1.4*3C
$GPGSV,3,1,12,14,63,357,28,30,55,217,22,17,52,312,27,22,45,331,31*72
$GPGSV,3,2,12,19,34,277,21,07,33,179,18,02,33,039,25,03,24,107,*78
$GPGSV,3,3,12,06,23,211,,21,16,039,24,13,06,271,19,08,00,069,*78
$GPRMC,180826.000,A,2632.6795,N,07703.3349,W,0.85,120.31,220324,,,A*76
$GPVTG,120.31,T,,M,0.85,N,1.6,K,A*06
$GPGGA,180831.000,2632.6799,N,07703.3361,W,1,08,1.5,8.0,M,-33.0,M,,0000*64
$GPGSA,A,3,30,14,17,19,02,22,21,13,,,,,2.0,1.5,1.4*3A
$GPGSV,3,1,12,14,63,357,28,30,55,217,21,17,52,312,27,22,45,331,31*71
$GPGSV,3,2,12,19,34,277,22,07,33,179,07,02,33,039,25,03,24,107,*75
$GPGSV,3,3,12,06,23,211,,21,16,039,26,13,06,271,18,08,00,069,*7B
$GPRMC,180831.000,A,2632.6799,N,07703.3361,W,0.76,331.88,220324,,,A*7A
$GPVTG,331.88,T,,M,0.76,N,1.4,K,A*08
$GPGGA,180836.000,2632.6810,N,07703.3366,W,1,08,1.5,7.1,M,-33.0,M,,0000*64
$GPGSA,A,3,30,14,17,19,02,22,21,13,,,,,2.0,1.5,1.4*3A
$GPGSV,3,1,12,14,63,357,26,30,55,217,21,17,52,312,27,22,45,331,31*7F
$GPGSV,3,2,12,19,34,277,23,07,33,179,,02,33,039,25,03,24,107,*73
$GPGSV,3,3,12,06,23,211,,21,16,039,20,13,06,271,17,08,00,069,*72
$GPVTG,114.42,T,,M,0.29,N,0.5,K,A*01
$GPGGA,180841.000,2632.6821,N,07703.3355,W,1,09,1.0,6.6,M,-33.0,M,,0000*64
$GPGSA,A,3,30,14,17,19,02,22,21,13,07,,,,1.7,1.0,1.4*3C
$GPGSV,3,1,12,14,63,357,22,30,55,217,21,17,52,312,20,22,45,331,23*7F
$GPGSV,3,2,12,19,34,277,22,07,33,179,17,02,33,039,18,03,24,107,21*79
$GPGSV,3,3,12,06,23,211,,21,16,039,26,13,06,271,18,08,00,069,*7B
$GPRMC,180841.000,A,2632.6821,N,07703.3355,W,0.13,151.61,220324,,,A*76
$GPVTG,151.61,T,,M,0.13,N,0.2,K,A*0F
$GPGGA,180846.000,2632.6821,N,07703.3367,W,1,09,1.0,4.1,M,-33.0,M,,0000*67
$GPGSA,A,3,30,14,17,19,02,22,21,13,07,,,,1.7,1.0,1.4*3C
$GPGSV,3,1,12,14,63,357,27,30,55,217,20,17,52,312,27,22,45,331,34*7A
$GPGSV,3,2,12,19,34,277,21,07,33,179,17,02,33,039,26,03,24,107,15*70
$GPGSV,3,3,12,06,23,211,,21,16,039,22,13,06,271,17,08,00,069,*70
$GPRMC,180846.000,A,2632.6821,N,07703.3367,W,0.34,66.43,220324,,,A*40
$GPVTG,66.43,T,,M,0.34,N,0.6,K,A*3B
$GPGGA,180851.000,2632.6810,N,07703.3361,W,1,08,1.2,6.3,M,-33.0,M,,0000*66
$GPGSA,A,3,30,14,17,19,02,22,21,07,,,,,2.5,1.2,2.2*38
$GPGSV,3,1,12,14,63,357,17,30,55,217,20,17,52,312,27,22,45,331,24*78
$GPGSV,3,2,12,19,34,277,22,07,33,179,19,02,33,039,20,03,24,107,15*7B
$GPGSV,3,3,12,06,23,211,,21,16,039,23,13,06,271,,08,00,069,*77
$GPRMC,180851.000,A,2632.6810,N,07703.3361,W,0.73,175.71,220324,,,A*73
$GPVTG,175.71,T,,M,0.73,N,1.4,K,A*09
$GPGGA,180856.000,2632.6796,N,07703.3347,W,1,06,1.3,9.7,M,-33.0,M,,0000*60
$GPGSA,A,3,30,17,19,02,22,07,,,,,,,4.0,1.3,3.8*37
$GPGSV,3,1,12,14,63,357,18,30,55,217,20,17,52,312,26,22,45,331,36*75
$GPGSV,3,2,12,19,34,277,15,07,33,179,16,02,33,039,26,03,24,107,16*75
$GPGSV,3,3,12,06,23,211,,21,16,039,07,13,06,271,,08,00,069,*71
$GPRMC,180856.000,A,2632.6796,N,07703.3347,W,0.84,123.35,220324,,,A*7A
$GPVTG,123.35,T,,M,0.84,N,1.6,K,A*00
$GPGGA,180901.000,2632.6789,N,07703.3359,W,1,07,1.2,11.3,M,-33.0,M,,0000*5F
$GPGSA,A,3,30,14,17,02,22,13,07,,,,,,2.1,1.2,1.7*33
$GPGSV,3,1,12,14,63,357,20,30,55,217,21,17,52,312,22,22,45,331,36*7B
$GPGSV,3,2,12,19,34,277,,07,33,179,17,02,33,039,26,03,24,107,18*7E
$GPGSV,3,3,12,06,23,211,,21,16,039,,13,06,271,19,08,00,069,*7E
$GPRMC,180901.000,A,2632.6789,N,07703.3359,W,1.08,161.08,220324,,,A*75
$GPVTG,161.08,T,,M,1.08,N,2.0,K,A*08
$GPGGA,180906.000,2632.6800,N,07703.3373,W,1,08,1.0,11.9,M,-33.0,M,,0000*59
$GPGSA,A,3,30,14,17,21,02,22,13,07,,,,,1.7,1.0,1.4*34
$GPGSV,3,1,12,14,63,357,21,30,55,217,22,17,52,312,21,22,45,331,26*7B
$GPGSV,3,2,12,19,34,277,,07,33,179,16,02,33,039,20,03,24,107,18*79
$GPGSV,3,3,12,06,23,211,,21,16,039,25,13,06,271,18,08,00,069,*78
$GPVTG,288.76,T,,M,0.79,N,1.5,K,A*04
$GPGGA,180911.000,2632.6802,N,07703.3373,W,1,09,1.0,13.1,M,-33.0,M,,0000*56
$GPGSA,A,3,30,14,17,21,02,22,19,13,07,,,,1.7,1.0,1.4*3C
$GPGSV,3,1,12,14,63,357,16,30,55,217,23,17,52,312,30,22,45,331,38*71
$GPGSV,3,2,12,19,34,277,24,07,33,179,20,02,33,039,27,03,24,107,17*72
$GPGSV,3,3,12,06,23,211,,21,16,039,16,13,06,271,18,08,00,069,*78
$GPRMC,180911.000,A,2632.6802,N,07703.3373,W,0.48,146.28,220324,,,A*72
$GPGGA,180916.000,2632.6797,N,07703.3370,W,1,08,1.0,12.9,M,-33.0,M,,0000*59
$GPGSA,A,3,30,14,17,21,02,22,13,07,,,,,1.7,1.0,1.4*34
$GPGSV,3,1,11,14,64,000,26,30,53,215,19,17,52,315,30,22,46,332,36*73
$GPGSV,3,2,11,19,34,279,,07,32,178,20,02,31,039,28,03,25,105,*71
$GPGSV,3,3,11,06,24,211,,21,15,039,24,13,06,270,17*47
$GPRMC,180916.000,A,2632.6797,N,07703.3370,W,1.04,176.16,220324,,,A*72
$GPVTG,176.16,T,,M,1.04,N,1.9,K,A*07
$GPGGA,180921.000,2632.6798,N,07703.3373,W,1,07,1.5,12.7,M,-33.0,M,,0000*55
$GPGSA,A,3,30,14,17,21,02,22,13,,,,,,2.1,1.5,1.4*33
$GPGSV,3,1,11,14,64,000,24,30,53,215,28,17,52,315,24,22,46,332,35*75
$GPGSV,3,2,11,19,34,279,,07,32,178,,02,31,039,27,03,25,105,*7C
$GPGSV,3,3,11,06,24,211,,21,15,039,24,13,06,270,16*46
$GPRMC,180921.000,A,2632.6798,N,07703.3373,W,0.15,100.91,220324,,,A*75
$GPVTG,100.91,T,,M,0.15,N,0.3,K,A*03
$GPGGA,180926.000,2632.6802,N,07703.3376,W,1,08,1.0,7.4,M,-33.0,M,,0000*66
$GPGSA,A,3,30,14,17,21,02,22,13,07,,,,,1.7,1.0,1.4*34
$GPGSV,3,1,11,14,64,000,25,30,53,215,28,17,52,315,24,22,46,332,35*74
$GPGSV,3,2,11,19,34,279,,07,32,178,19,02,31,039,27,03,25,105,*74
$GPGSV,3,3,11,06,24,211,,21,15,039,24,13,06,270,16*46
$GPRMC,180926.000,A,2632.6802,N,07703.3376,W,0.17,156.08,220324,,,A*7A
$GPVTG,156.08,T,,M,0.17,N,0.3,K,A*02
$GPGGA,180931.000,2632.6802,N,07703.3378,W,1,09,1.0,3.5,M,-33.0,M,,0000*6A
$GPGSA,A,3,30,14,17,21,02,22,19,13,07,,,,1.7,1.0,1.4*3C
$GPGSV,3,1,11,14,64,000,19,30,53,215,27,17,52,315,25,22,46,332,35*75
$GPGSV,3,2,11,19,34,279,21,07,32,178,20,02,31,039,26,03,25,105,*7C
$GPGSV,3,3,11,06,24,211,18,21,15,039,27,13,06,270,16*4C
$GPRMC,180931.000,A,2632.6802,N,07703.3378,W,0.99,126.97,220324,,,A*75
$GPVTG,126.97,T,,M,0.99,N,1.8,K,A*0F
$GPGGA,180936.000,2632.6797,N,07703.3363,W,1,09,1.0,6.7,M,-33.0,M,,0000*63
$GPGSA,A,3,30,14,17,21,02,22,19,13,07,,,,1.7,1.0,1.4*3C
$GPGSV,3,1,11,14,64,000,21,30,53,215,26,17,52,315,25,22,46,332,35*7F
$GPGSV,3,2,11,19,34,279,19,07,32,178,19,02,31,039,26,03,25,105,*7D
$GPGSV,3,3,11,06,24,211,17,21,15,039,26,13,06,270,15*41
$GPVTG,132.33,T,,M,1.29,N,2.4,K,A*01
$GPGGA,180941.000,2632.6795,N,07703.3357,W,1,09,1.0,6.5,M,-33.0,M,,0000*64
$GPGSA,A,3,30,14,17,21,02,22,19,13,07,,,,1.7,1.0,1.4*3C
$GPGSV,3,1,11,14,64,000,22,30,53,215,25,17,52,315,25,22,46,332,34*7E
$GPGSV,3,2,11,19,34,279,21,07,32,178,18,02,31,039,27,03,25,105,*76
$GPGSV,3,3,11,06,24,211,17,21,15,039,26,13,06,270,14*40
$GPRMC,180941.000,A,2632.6795,N,07703.3357,W,0.60,120.60,220324,,,A*76
$GPVTG,120.60,T,,M,0.60,N,1.1,K,A*0E
$GPGGA,180946.000,2632.6795,N,07703.3343,W,1,09,1.0,11.5,M,-33.0,M,,0000*50
$GPGSA,A,3,30,14,17,21,02,22,19,13,07,,,,1.7,1.0,1.4*3C
$GPGSV,3,1,11,14,64,000,22,30,53,215,24,17,52,315,24,22,46,332,34*7E
$GPGSV,3,2,11,19,34,279,21,07,32,178,16,02,31,039,27,03,25,105,19*70
$GPGSV,3,3,11,06,24,211,16,21,15,039,26,13,06,270,13*46
$GPRMC,180946.000,A,2632.6795,N,07703.3343,W,0.49,131.64,220324,,,A*7B
$GPVTG,131.64,T,,M,0.49,N,0.9,K,A*08
$GPGGA,180951.000,2632.6786,N,07703.3355,W,1,09,1.0,9.7,M,-33.0,M,,0000*68
$GPGSA,A,3,30,14,17,21,02,22,19,13,07,,,,1.7,1.0,1.4*3C
$GPGSV,3,1,11,14,64,000,18,30,53,215,20,17,52,315,16,22,46,332,21*76
$GPGSV,3,2,11,19,34,279,23,07,32,178,18,02,31,039,18,03,25,105,*78
$GPGSV,3,3,11,06,24,211,20,21,15,039,22,13,06,270,23*44
$GPRMC,180951.000,A,2632.6786,N,07703.3355,W,1.21,156.52,220324,,,A*73
$GPVTG,156.52,T,,M,1.21,N,2.2,K,A*0A
$GPGGA,180956.000,2632.6776,N,07703.3365,W,1,09,1.0,10.2,M,-33.0,M,,0000*5E
$GPGSA,A,3,30,14,17,21,02,22,19,13,07,,,,1.7,1.0,1.4*3C
$GPGSV,3,1,11,14,64,000,17,30,53,215,25,17,52,315,20,22,46,332,33*7A
$GPGSV,3,2,11,19,34,279,23,07,32,178,17,02,31,039,23,03,25,105,*7F
$GPGSV,3,3,11,06,24,211,20,21,15,039,26,13,06,270,16*46
$GPRMC,180956.000,A,2632.6776,N,07703.3365,W,1.14,297.69,220324,,,A*78
$GPVTG,297.69,T,,M,1.14,N,2.1,K,A*09
$GPGGA,181001.000,2632.6787,N,07703.3356,W,1,09,1.0,12.4,M,-33.0,M,,0000*5E
$GPGSA,A,3,30,14,17,21,02,22,19,13,07,,,,1.7,1.0,1.4*3C
$GPGSV,3,1,11,14,64,000,16,30,53,215,26,17,52,315,23,22,46,332,33*7B
$GPGSV,3,2,11,19,34,279,23,07,32,178,18,02,31,039,27,03,25,105,*74
$GPGSV,3,3,11,06,24,211,19,21,15,039,26,13,06,270,16*4C
$GPRMC,181001.000,A,2632.6787,N,07703.3356,W,0.60,114.27,220324,,,A*7C
$GPVTG,114.27,T,,M,0.60,N,1.1,K,A*0A
$GPGGA,181006.000,2632.6791,N,07703.3345,W,1,09,1.0,14.4,M,-33.0,M,,0000*5A
$GPGSA,A,3,30,14,17,21,02,22,19,13,07,,,,1.7,1.0,1.4*3C
$GPGSV,3,1,11,14,64,000,15,30,53,215,25,17,52,315,23,22,46,332,34*7C
$GPGSV,3,2,11,19,34,279,23,07,32,178,18,02,31,039,27,03,25,105,20*76
$GPGSV,3,3,11,06,24,211,18,21,15,039,26,13,06,270,15*4E
$GPVTG,159.77,T,,M,0.69,N,1.3,K,A*0D
$GPGGA,181011.000,2632.6793,N,07703.3362,W,1,08,1.2,7.1,M,-33.0,M,,0000*6F
$GPGSA,A,3,30,14,17,21,02,22,19,07,,,,,2.5,1.2,2.2*38
$GPGSV,3,1,11,14,64,000,15,30,53,215,25,17,52,315,24,22,46,332,34*7B
$GPGSV,3,2,11,19,34,279,23,07,32,178,18,02,31,039,27,03,25,105,20*76
$GPGSV,3,3,11,06,24,211,,21,15,039,26,13,06,270,*43
$GPRMC,181011.000,A,2632.6793,N,07703.3362,W,0.30,154.73,220324,,,A*7F
$GPVTG,154.73,T,,M,0.30,N,0.6,K,A*0C
$GPGGA,181016.000,2632.6788,N,07703.3351,W,1,08,1.0,7.8,M,-33.0,M,,0000*69
$GPGSA,A,3,30,14,17,21,02,22,13,07,,,,,1.7,1.0,1.4*34
$GPGSV,3,1,11,14,64,000,16,30,53,215,24,17,52,315,23,22,46,332,33*79
$GPGSV,3,2,11,19,34,279,,07,32,178,18,02,31,039,28,03,25,105,19*72
$GPGSV,3,3,11,06,24,211,,21,15,039,26,13,06,270,19*4B
$GPRMC,181016.000,A,2632.6788,N,07703.3351,W,0.21,237.85,220324,,,A*7D
$GPVTG,237.85,T,,M,0.21,N,0.4,K,A*01
$GPGGA,181021.000,2632.6800,N,07703.3370,W,1,09,1.0,8.5,M,-33.0,M,,0000*62
$GPGSA,A,3,30,14,17,21,02,22,19,13,07,,,,1.7,1.0,1.3*3B
$GPGSV,3,1,11,14,64,000,17,30,53,215,23,17,52,315,19,22,46,332,26*72
$GPGSV,3,2,11,19,34,279,23,07,32,178,20,02,31,039,26,03,25,105,*7E
$GPGSV,3,3,11,06,24,211,26,21,15,039,19,13,06,270,20*49
$GPRMC,181021.000,A,2632.6800,N,07703.3370,W,0.32,208.27,220324,,,A*73
$GPVTG,208.27,T,,M,0.32,N,0.6,K,A*05
$GPGGA,181026.000,2632.6813,N,07703.3375,W,1,08,1.0,7.1,M,-33.0,M,,0000*68
$GPGSA,A,3,30,14,17,21,02,22,13,07,,,,,1.7,1.0,1.3*33
$GPGSV,3,1,11,14,64,000,27,30,53,215,24,17,52,315,22,22,46,332,32*7B
$GPGSV,3,2,11,19,34,279,,07,32,178,13,02,31,039,23,03,25,105,*7A
$GPGSV,3,3,11,06,24,211,18,21,15,039,19,13,06,270,20*44
$GPRMC,181026.000,A,2632.6813,N,07703.3375,W,0.48,129.83,220324,,,A*70
$GPVTG,129.83,T,,M,0.48,N,0.9,K,A*09
$GPGGA,181031.000,2632.6814,N,07703.3372,W,1,08,1.5,6.8,M,-33.0,M,,0000*63
$GPGSA,A,3,30,14,17,21,02,22,19,13,,,,,2.0,1.5,1.4*3A
$GPGSV,3,1,11,14,64,000,28,30,53,215,25,17,52,315,26,22,46,332,32*71
$GPGSV,3,2,11,19,34,279,20,07,32,178,,02,31,039,20,03,25,105,*79
$GPGSV,3,3,11,06,24,211,18,21,15,039,22,13,06,270,21*4D
$GPRMC,181031.000,A,2632.6814,N,07703.3372,W,1.10,99.37,220324,,,A*4F
$GPVTG,99.37,T,,M,1.10,N,2.0,K,A*3B
$GPGGA,181036.000,2632.6816,N,07703.3371,W,1,08,1.5,8.8,M,-33.0,M,,0000*6B
$GPGSA,A,3,30,14,17,21,02,22,19,13,,,,,2.0,1.5,1.4*3A
$GPGSV,3,1,11,14,64,000,28,30,53,215,25,17,52,315,33,22,46,332,32*75
$GPGSV,3,2,11,19,34,279,29,07,32,178,,02,31,039,33,03,25,105,*72
$GPGSV,3,3,11,06,24,211,18,21,15,039,27,13,06,270,20*49
$GPRMC,181036.000,A,2632.6816,N,07703.3371,W,0.29,195.67,220324,,,A*7A
$GPGGA,181041.000,2632.6814,N,07703.3374,W,1,09,1.0,8.2,M,-33.0,M,,0000*62
$GPGSA,A,3,30,14,17,21,02,22,19,13,07,,,,1.7,1.0,1.3*3B
$GPGSV,3,1,12,14,64,000,24,30,53,215,23,17,52,315,21,22,46,332,29*75
$GPGSV,3,2,12,19,34,279,22,07,32,178,19,02,31,039,27,03,25,105,*77
$GPGSV,3,3,12,06,24,211,19,21,15,039,28,13,06,270,21,46,00,000,23*76
$GPRMC,181041.000,A,2632.6814,N,07703.3374,W,0.72,52.46,220324,,,A*4A
$GPVTG,52.46,T,,M,0.72,N,1.3,K,A*3F
$GPGGA,181046.000,2632.6809,N,07703.3361,W,1,09,1.0,6.1,M,-33.0,M,,0000*60
$GPGSA,A,3,30,14,17,21,02,22,19,13,07,,,,1.7,1.0,1.3*3B
$GPGSV,3,1,12,14,64,000,24,30,53,215,25,17,52,315,22,22,46,332,31*79
$GPGSV,3,2,12,19,34,279,22,07,32,178,20,02,31,039,33,03,25,105,*78
$GPGSV,3,3,12,06,24,211,19,21,15,039,18,13,06,270,20,46,00,000,27*70
$GPRMC,181046.000,A,2632.6809,N,07703.3361,W,0.60,123.84,220324,,,A*7F
$GPVTG,123.84,T,,M,0.60,N,1.1,K,A*07
$GPGGA,181051.000,2632.6808,N,07703.3361,W,1,09,1.0,2.0,M,-33.0,M,,0000*62
$GPGSA,A,3,30,14,17,21,02,22,13,07,19,,,,1.7,1.0,1.3*3B
$GPGSV,3,1,11,14,64,000,32,30,53,215,25,17,52,315,28,22,46,332,37*71
$GPGSV,3,2,11,19,34,279,28,07,32,178,22,02,31,039,24,03,25,105,*75
$GPGSV,3,3,11,06,24,211,23,21,15,039,23,13,06,270,21*44
$GPRMC,181051.000,A,2632.6808,N,07703.3361,W,0.29,129.86,220324,,,A*7D
$GPVTG,129.86,T,,M,0.29,N,0.5,K,A*07
$GPGGA,181056.000,2632.6805,N,07703.3366,W,1,09,1.0,-1.0,M,-33.0,M,,0000*41
$GPGSA,A,3,30,14,17,21,02,22,13,07,19,,,,1.7,1.0,1.3*3B
$GPGSV,3,1,12,14,64,000,31,30,53,215,25,17,52,315,28,22,46,332,33*75
$GPGSV,3,2,12,19,34,279,26,07,32,178,22,02,31,039,24,03,25,105,*78
$GPGSV,3,3,12,06,24,211,23,21,15,039,17,13,06,270,22,46,00,000,28*7B
$GPRMC,181056.000,A,2632.6805,N,07703.3366,W,0.44,199.04,220324,,,A*7A
$GPVTG,199.04,T,,M,0.44,N,0.8,K,A*00
$GPGGA,181101.000,2632.6801,N,07703.3365,W,1,09,1.0,1.4,M,-33.0,M,,0000*6C
$GPGSA,A,3,30,14,17,21,02,22,13,07,19,,,,1.7,1.0,1.3*3B
$GPGSV,3,1,12,14,64,000,23,30,53,215,22,17,52,315,24,22,46,332,33*7D
$GPGSV,3,2,12,19,34,279,30,07,32,178,23,02,31,039,20,03,25,105,*7A
$GPGSV,3,3,12,06,24,211,23,21,15,039,29,13,06,270,22,46,00,000,29*77
$GPRMC,181101.000,A,2632.6801,N,07703.3365,W,0.26,15.82,220324,,,A*41
$GPVTG,15.82,T,,M,0.26,N,0.5,K,A*32
$GPGGA,181106.000,2632.6801,N,07703.3376,W,1,09,1.0,-0.4,M,-33.0,M,,0000*45
$GPGSA,A,3,30,14,17,21,02,22,13,07,19,,,,1.7,1.0,1.3*3B
$GPGSV,3,1,12,14,64,000,24,30,53,215,28,17,52,315,24,22,46,332,34*77
$GPGSV,3,2,12,19,34,279,22,07,32,178,23,02,31,039,23,03,25,105,*7A
$GPGSV,3,3,12,06,24,211,22,21,15,039,24,13,06,270,22,46,00,000,25*77
$GPRMC,181106.000,A,2632.6801,N,07703.3376,W,0.65,285.03,220324,,,A*71
$GPVTG,285.03,T,,M,0.65,N,1.2,K,A*01
$GPGGA,181111.000,2632.6811,N,07703.3384,W,1,08,1.2,1.0,M,-33.0,M,,0000*64
$GPGSA,A,3,30,14,17,21,02,22,19,07,,,,,2.5,1.2,2.2*38
$GPGSV,3,1,11,14,64,000,24,30,53,215,27,17,52,315,33,22,46,332,29*71
$GPGSV,3,2,11,19,34,279,26,07,32,178,19,02,31,039,29,03,25,105,*7E
$GPGSV,3,3,11,06,24,211,16,21,15,039,21,13,06,270,10*42
$GPVTG,183.72,T,,M,0.27,N,0.5,K,A*02
$GPGGA,181116.000,2632.6797,N,07703.3370,W,1,09,1.0,0.7,M,-33.0,M,,0000*6C
$GPGSA,A,3,30,14,17,21,02,22,19,13,07,,,,1.7,1.0,1.3*3B
$GPGSV,3,1,11,14,64,000,23,30,53,215,33,17,52,315,28,22,46,332,25*75
$GPGSV,3,2,11,19,34,279,21,07,32,178,25,02,31,039,21,03,25,105,*7E
$GPGSV,3,3,11,06,24,211,31,21,15,039,21,13,06,270,22*46
$GPRMC,181116.000,A,2632.6797,N,07703.3370,W,0.50,197.24,220324,,,A*75
$GPVTG,197.24,T,,M,0.50,N,0.9,K,A*08
$GPGGA,181121.000,2632.6780,N,07703.3377,W,1,08,1.1,0.3,M,-33.0,M,,0000*6D
$GPGSA,A,3,30,14,17,02,22,19,13,07,,,,,2.0,1.1,1.6*38
$GPGSV,3,1,11,14,64,000,22,30,53,215,33,17,52,315,15,22,46,332,23*7C
$GPGSV,3,2,11,19,34,279,27,07,32,178,32,02,31,039,18,03,25,105,*74
$GPGSV,3,3,11,06,24,211,21,21,15,039,11,13,06,270,30*47
$GPRMC,181121.000,A,2632.6780,N,07703.3377,W,0.50,234.45,220324,,,A*7D
$GPVTG,234.45,T,,M,0.50,N,0.9,K,A*05
$GPGGA,181126.000,2632.6773,N,07703.3377,W,1,09,1.0,-0.2,M,-33.0,M,,0000*4A
$GPGSA,A,3,30,14,17,21,02,22,19,13,07,,,,1.7,1.0,1.3*3B
$GPGSV,3,1,11,14,64,000,22,30,53,215,34,17,52,315,28,22,46,332,25*73
$GPGSV,3,2,11,19,34,279,27,07,32,178,33,02,31,039,17,03,25,105,*7A
$GPGSV,3,3,11,06,24,211,20,21,15,039,14,13,06,270,29*4B
$GPRMC,181126.000,A,2632.6773,N,07703.3377,W,0.32,72.16,220324,,,A*44
$GPVTG,72.16,T,,M,0.32,N,0.6,K,A*38
$GPGGA,181131.000,2632.6769,N,07703.3386,W,1,09,1.0,-1.1,M,-33.0,M,,0000*4B
$GPGSA,A,3,30,14,17,21,02,22,19,13,07,,,,1.7,1.0,1.3*3B
$GPGSV,3,1,11,14,64,000,23,30,53,215,34,17,52,315,21,22,46,332,24*7A
$GPGSV,3,2,11,19,34,279,27,07,32,178,34,02,31,039,17,03,25,105,*7D
$GPGSV,3,3,11,06,24,211,20,21,15,039,15,13,06,270,28*4B
$GPRMC,181131.000,A,2632.6769,N,07703.3386,W,0.41,194.61,220324,,,A*7A
$GPVTG,194.61,T,,M,0.41,N,0.8,K,A*0B
$GPGGA,181136.000,2632.6770,N,07703.3392,W,1,09,1.0,-3.1,M,-33.0,M,,0000*43
$GPGSA,A,3,30,14,17,21,02,22,19,13,07,,,,1.7,1.0,1.3*3B
$GPGSV,3,1,11,14,64,000,23,30,53,215,35,17,52,315,21,22,46,332,25*7A
$GPGSV,3,2,11,19,34,279,26,07,32,178,34,02,31,039,15,03,25,105,*7E
$GPGSV,3,3,11,06,24,211,19,21,15,039,15,13,06,270,27*4E
$GPRMC,181136.000,A,2632.6770,N,07703.3392,W,0.38,116.36,220324,,,A*76
$GPVTG,116.36,T,,M,0.38,N,0.7,K,A*02
$GPGGA,181141.000,2632.6777,N,07703.3402,W,1,09,1.0,-3.2,M,-33.0,M,,0000*49
$GPGSA,A,3,30,14,17,21,02,22,19,13,07,,,,1.7,1.0,1.3*3B
$GPGSV,3,1,11,14,64,000,22,30,53,215,35,17,52,315,20,22,46,332,25*7A
$GPGSV,3,2,11,19,34,279,25,07,32,178,34,02,31,039,15,03,25,105,*7D
$GPGSV,3,3,11,06,24,211,20,21,15,039,16,13,06,270,27*47
$GPVTG,221.28,T,,M,0.41,N,0.8,K,A*0B
$GPGGA,181146.000,2632.6778,N,07703.3409,W,1,09,1.0,-3.3,M,-33.0,M,,0000*4B
$GPGSA,A,3,30,14,17,21,02,22,19,13,07,,,,1.6,1.0,1.3*3A
$GPGSV,3,1,11,14,64,000,22,30,53,215,35,17,52,315,20,22,46,332,25*7A
$GPGSV,3,2,11,19,34,279,25,07,32,178,35,02,31,039,15,03,25,105,*7C
$GPGSV,3,3,11,06,24,211,19,21,15,039,17,13,06,270,27*4C
$GPRMC,181146.000,A,2632.6778,N,07703.3409,W,0.32,89.65,220324,,,A*47
$GPVTG,89.65,T,,M,0.32,N,0.6,K,A*38
$GPGGA,181151.000,2632.6774,N,07703.3411,W,1,09,1.0,-2.9,M,-33.0,M,,0000*43
$GPGSA,A,3,30,14,17,21,02,22,13,07,19,,,,1.6,1.0,1.3*3A
$GPGSV,3,1,11,14,64,000,22,30,53,215,32,17,52,315,24,22,46,332,25*79
$GPGSV,3,2,11,19,34,279,27,07,32,178,29,02,31,039,22,03,25,105,18*7E
$GPGSV,3,3,11,06,24,211,30,21,15,039,17,13,06,270,27*47
$GPRMC,181151.000,A,2632.6774,N,07703.3411,W,0.40,79.78,220324,,,A*42
$GPVTG,79.78,T,,M,0.40,N,0.7,K,A*3F
$GPGGA,181156.000,2632.6793,N,07703.3389,W,1,09,1.0,-6.9,M,-33.0,M,,0000*4F
$GPGSA,A,3,30,14,17,21,02,22,13,07,19,,,,1.6,1.0,1.3*3A
$GPGSV,3,1,11,14,64,000,22,30,53,215,26,17,52,315,23,22,46,332,23*7D
$GPGSV,3,2,11,19,34,279,24,07,32,178,23,02,31,039,24,03,25,105,*78
$GPGSV,3,3,11,06,24,211,23,21,15,039,26,13,06,270,23*43
$GPRMC,181156.000,A,2632.6793,N,07703.3389,W,1.00,333.33,220324,,,A*7D
$GPVTG,333.33,T,,M,1.00,N,1.9,K,A*07
$GPGGA,181201.000,2632.6813,N,07703.3386,W,1,09,1.0,-8.0,M,-33.0,M,,0000*41
$GPGSA,A,3,30,14,17,21,02,22,13,07,19,,,,1.6,1.0,1.3*3A
$GPGSV,3,1,11,14,64,000,25,30,53,215,27,17,52,315,24,22,46,332,25*7A
$GPGSV,3,2,11,19,34,279,25,07,32,178,24,02,31,039,36,03,25,105,28*77
$GPGSV,3,3,11,06,24,211,26,21,15,039,32,13,06,270,17*44
$GPRMC,181201.000,A,2632.6813,N,07703.3386,W,0.98,56.04,220324,,,A*40
$GPVTG,56.04,T,,M,0.98,N,1.8,K,A*32
$GPGGA,181206.000,2632.6817,N,07703.3378,W,1,08,1.0,-6.2,M,-33.0,M,,0000*4E
$GPGSA,A,3,30,14,17,21,02,22,13,07,,,,,1.7,1.0,1.3*33
$GPGSV,3,1,11,14,64,000,25,30,53,215,30,17,52,315,24,22,46,332,21*78
$GPGSV,3,2,11,19,34,279,,07,32,178,30,02,31,039,29,03,25,105,30*72
$GPGSV,3,3,11,06,24,211,26,21,15,039,26,13,06,270,25*40
$GPRMC,181206.000,A,2632.6817,N,07703.3378,W,0.70,342.66,220324,,,A*76
$GPVTG,342.66,T,,M,0.70,N,1.3,K,A*0D
$GPGGA,181211.000,2632.6823,N,07703.3385,W,1,09,1.0,-3.6,M,-33.0,M,,0000*4D
$GPGSA,A,3,30,14,17,21,02,22,13,07,19,,,,1.6,1.0,1.3*3A
$GPGSV,3,1,11,14,64,000,31,30,53,215,34,17,52,315,33,22,46,332,29*77
$GPGSV,3,2,11,19,34,279,33,07,32,178,27,02,31,039,23,03,25,105,*7D
$GPGSV,3,3,11,06,24,211,34,21,15,039,20,13,06,270,25*45
$GPVTG,224.90,T,,M,0.63,N,1.2,K,A*06
$GPGGA,181216.000,2632.6821,N,07703.3374,W,1,09,1.0,-0.7,M,-33.0,M,,0000*44
$GPGSA,A,3,30,14,17,21,02,22,13,07,19,,,,1.6,1.0,1.3*3A
$GPGSV,3,1,11,14,66,002,28,17,52,317,28,30,52,214,31,22,48,333,29*7D
$GPGSV,3,2,11,19,35,281,28,07,30,178,22,02,30,039,25,03,26,104,22*73
$GPGSV,3,3,11,06,25,212,18,21,14,039,32,13,05,269,24*41
$GPRMC,181216.000,A,2632.6821,N,07703.3374,W,0.70,198.41,220324,,,A*7E
$GPVTG,198.41,T,,M,0.70,N,1.3,K,A*0D
$GPGGA,181221.000,2632.6813,N,07703.3386,W,1,08,1.0,0.1,M,-33.0,M,,0000*66
$GPGSA,A,3,30,14,17,21,02,22,13,07,,,,,1.7,1.0,1.3*33
$GPGSV,3,1,11,14,66,002,23,17,52,317,21,30,52,214,31,22,48,333,15*70
$GPGSV,3,2,11,19,35,281,,07,30,178,22,02,30,039,28,03,26,104,*74
$GPGSV,3,3,11,06,25,212,24,21,14,039,18,13,05,269,17*46
$GPRMC,181221.000,A,2632.6813,N,07703.3386,W,0.74,119.85,220324,,,A*73
$GPVTG,119.85,T,,M,0.74,N,1.4,K,A*0F
$GPGGA,181226.000,2632.6819,N,07703.3384,W,1,07,1.2,1.4,M,-33.0,M,,0000*60
$GPGSA,A,3,30,14,17,02,22,13,07,,,,,,2.0,1.2,1.6*33
$GPGSV,3,1,11,14,66,002,13,17,52,317,22,30,52,214,31,22,48,333,25*73
$GPGSV,3,2,11,19,35,281,,07,30,178,22,02,30,039,27,03,26,104,23*7A
$GPGSV,3,3,11,06,25,212,23,21,14,039,15,13,05,269,14*4F
$GPRMC,181226.000,A,2632.6819,N,07703.3384,W,2.03,100.69,220324,,,A*74
$GPVTG,100.69,T,,M,2.03,N,3.8,K,A*09
$GPGGA,181231.000,2632.6812,N,07703.3377,W,1,05,1.5,2.2,M,-33.0,M,,0000*61
$GPGSA,A,3,30,17,02,22,07,,,,,,,,1.8,1.5,1.0*3E
$GPGSV,3,1,11,14,66,002,,17,52,317,23,30,52,213,30,22,48,333,21*72
$GPGSV,3,2,11,19,35,281,,02,30,039,24,07,30,178,22,03,26,104,*78
$GPGSV,3,3,11,06,26,212,22,21,14,039,,13,05,269,*4C
$GPRMC,181231.000,A,2632.6812,N,07703.3377,W,0.82,102.06,220324,,,A*75
$GPVTG,102.06,T,,M,0.82,N,1.5,K,A*06
$GPGGA,181236.000,2632.6802,N,07703.3371,W,1,05,1.5,1.7,M,-33.0,M,,0000*67
$GPGSA,A,3,30,17,02,22,07,,,,,,,,1.8,1.5,1.0*3E
$GPGSV,3,1,11,14,66,002,,17,52,317,23,30,52,213,30,22,48,333,23*70
$GPGSV,3,2,11,19,35,281,,02,30,039,24,07,30,178,22,03,26,104,*78
$GPGSV,3,3,11,06,26,212,21,21,14,039,,13,05,269,*4F
$GPVTG,115.86,T,,M,0.47,N,0.9,K,A*0C
$GPGGA,181241.000,2632.6803,N,07703.3383,W,1,05,1.5,1.1,M,-33.0,M,,0000*6D
$GPGSA,A,3,30,17,02,22,07,,,,,,,,1.8,1.5,1.0*3E
$GPGSV,3,1,11,14,66,002,,17,52,317,24,30,52,213,30,22,48,333,23*77
$GPGSV,3,2,11,19,35,281,,02,30,039,25,07,30,178,21,03,26,104,*7A
$GPGSV,3,3,11,06,26,212,21,21,14,039,,13,05,269,*4F
$GPRMC,181241.000,A,2632.6803,N,07703.3383,W,0.18,275.10,220324,,,A*7E
$GPVTG,275.10,T,,M,0.18,N,0.3,K,A*06
$GPGGA,181246.000,2632.6804,N,07703.3390,W,1,06,2.0,-1.9,M,-33.0,M,,0000*4F
$GPGSA,A,3,30,14,17,02,22,07,,,,,,,4.5,2.0,4.0*30
$GPGSV,3,1,11,14,66,002,20,17,52,317,24,30,52,213,30,22,48,333,23*75
$GPGSV,3,2,11,19,35,281,,02,30,039,26,07,30,178,21,06,26,212,22*78
$GPGSV,3,3,11,03,26,104,,21,14,039,,13,05,269,*4D
$GPRMC,181246.000,A,2632.6804,N,07703.3390,W,0.51,126.43,220324,,,A*72
$GPVTG,126.43,T,,M,0.51,N,0.9,K,A*02
$GPGGA,181251.000,2632.6813,N,07703.3403,W,1,06,2.0,-4.6,M,-33.0,M,,0000*48
$GPGSA,A,3,30,14,17,02,22,07,,,,,,,4.5,2.0,4.0*30
$GPGSV,3,1,11,14,66,002,20,17,52,317,23,30,52,213,30,22,48,333,23*72
$GPGSV,3,2,11,19,35,281,,02,30,039,30,07,30,178,23,06,26,212,22*7D
$GPGSV,3,3,11,03,26,104,,21,14,039,,13,05,269,*4D
$GPRMC,181251.000,A,2632.6813,N,07703.3403,W,0.21,78.75,220324,,,A*47
$GPVTG,78.75,T,,M,0.21,N,0.4,K,A*37
$GPGGA,181256.000,2632.6816,N,07703.3406,W,1,07,1.2,-6.0,M,-33.0,M,,0000*4B
$GPGSA,A,3,30,14,17,13,02,22,07,,,,,,2.0,1.2,1.6*33
$GPGSV,3,1,11,14,66,002,20,17,52,317,23,30,52,213,31,22,48,333,23*73
$GPGSV,3,2,11,19,35,281,,02,30,039,30,07,30,178,24,06,26,212,23*7B
$GPGSV,3,3,11,03,26,104,22,21,14,039,,13,05,269,16*4A
$GPRMC,181256.000,A,2632.6816,N,07703.3406,W,0.68,300.88,220324,,,A*73
$GPVTG,300.88,T,,M,0.68,N,1.3,K,A*02
$GPGGA,181301.000,2632.6811,N,07703.3394,W,1,07,1.2,-4.4,M,-33.0,M,,0000*45
$GPGSA,A,3,30,14,17,13,02,22,07,,,,,,2.0,1.2,1.6*33
$GPGSV,3,1,11,14,66,002,20,17,52,317,23,30,52,213,30,22,48,333,23*72
$GPGSV,3,2,11,19,35,281,,02,30,039,30,07,30,178,23,06,26,212,23*7C
$GPRMC,181301.000,A,2632.6811,N,07703.3394,W,0.36,262.27,220324,,,A*70
$GPVTG,262.27,T,,M,0.36,N,0.7,K,A*0C
$GPGGA,181306.000,2632.6813,N,07703.3382,W,1,06,2.0,0.6,M,-33.0,M,,0000*6C
$GPGSA,A,3,30,14,17,02,22,07,,,,,,,4.4,2.0,4.0*31
$GPGSV,3,1,11,14,66,002,21,17,52,317,23,30,52,213,30,22,48,333,23*73
$GPGSV,3,2,11,19,35,281,,02,30,039,30,07,30,178,22,06,26,212,22*7C
$GPGSV,3,3,11,03,26,104,,21,14,039,,13,05,269,*4D
$GPRMC,181306.000,A,2632.6813,N,07703.3382,W,0.18,63.05,220324,,,A*4D
$GPVTG,63.05,T,,M,0.18,N,0.3,K,A*37
$GPGGA,181311.000,2632.6803,N,07703.3363,W,1,06,2.0,3.3,M,-33.0,M,,0000*62
$GPGSA,A,3,30,14,17,02,22,07,,,,,,,4.4,2.0,4.0*31
$GPGSV,3,1,11,14,66,002,21,17,52,317,23,30,52,213,29,22,48,333,25*7D
$GPGSV,3,2,11,19,35,281,,02,30,039,30,07,30,178,21,06,26,212,23*7E
$GPGSV,3,3,11,03,26,104,,21,14,039,,13,05,269,*4D
$GPRMC,181311.000,A,2632.6803,N,07703.3363,W,1.23,130.02,220324,,,A*7C
$GPVTG,130.02,T,,M,1.23,N,2.3,K,A*0C
$GPGGA,181316.000,2632.6802,N,07703.3366,W,1,06,2.0,2.5,M,-33.0,M,,0000*66
$GPGSA,A,3,30,14,17,02,22,07,,,,,,,4.4,2.0,4.0*31
$GPGSV,3,1,11,14,66,002,21,17,52,317,23,30,52,213,29,22,48,333,26*7E
$GPGSV,3,2,11,19,35,281,,02,30,039,31,07,30,178,21,06,26,212,23*7F
$GPGSV,3,3,11,03,26,104,22,21,14,039,,13,05,269,*4D
$GPRMC,181316.000,A,2632.6802,N,07703.3366,W,0.11,210.08,220324,,,A*74
$GPVTG,210.08,T,,M,0.11,N,0.2,K,A*04
$GPGGA,181321.000,2632.6810,N,07703.3374,W,1,07,1.9,3.7,M,-33.0,M,,0000*6A
$GPGSA,A,3,30,14,17,02,22,21,07,,,,,,3.6,1.9,3.0*3A
$GPGSV,3,1,11,14,66,002,21,17,52,317,23,30,52,213,30,22,48,333,26*76
$GPGSV,3,2,11,19,35,281,,02,30,039,31,07,30,178,19,06,26,212,23*74
$GPGSV,3,3,11,03,26,104,,21,14,039,19,13,05,269,*45
$GPRMC,181321.000,A,2632.6810,N,07703.3374,W,0.59,117.70,220324,,,A*77
$GPVTG,117.70,T,,M,0.59,N,1.1,K,A*01
$GPGGA,181326.000,2632.6811,N,07703.3380,W,1,07,1.9,4.8,M,-33.0,M,,0000*6F
$GPGSA,A,3,30,14,17,02,22,21,07,,,,,,3.6,1.9,3.0*3A
$GPGSV,3,1,11,14,66,002,22,17,52,317,23,30,52,213,30,22,48,333,26*75
$GPGSV,3,2,11,19,35,281,,02,30,039,29,07,30,178,18,06,26,212,23*7C
$GPGSV,3,3,11,03,26,104,,21,14,039,21,13,05,269,*4E
$GPRMC,181326.000,A,2632.6811,N,07703.3380,W,0.20,51.98,220324,,,A*41
$GPVTG,51.98,T,,M,0.20,N,0.4,K,A*3E
$GPGGA,181331.000,2632.6805,N,07703.3367,W,1,07,1.9,7.3,M,-33.0,M,,0000*6D
$GPGSA,A,3,30,14,17,02,22,21,07,,,,,,3.6,1.9,3.0*3A
$GPGSV,3,1,11,14,66,002,23,17,52,317,23,30,52,213,30,22,48,333,25*77
$GPGSV,3,2,11,19,35,281,,02,30,039,28,07,30,178,18,06,26,212,23*7D
$GPGSV,3,3,11,03,26,104,,21,14,039,22,13,05,269,*4D
$GPVTG,133.72,T,,M,0.82,N,1.5,K,A*07
$GPGGA,181336.000,2632.6799,N,07703.3366,W,1,07,1.9,0.8,M,-33.0,M,,0000*6D
$GPGSA,A,3,30,14,17,02,22,21,07,,,,,,3.6,1.9,3.0*3A
$GPGSV,3,1,11,14,66,002,24,17,52,317,23,30,52,213,30,22,48,333,23*76
$GPGSV,3,2,11,19,35,281,,02,30,039,28,07,30,178,18,06,26,212,23*7D
$GPGSV,3,3,11,03,26,104,,21,14,039,20,13,05,269,*4F
$GPRMC,181336.000,A,2632.6799,N,07703.3366,W,0.80,274.81,220324,,,A*70
$GPVTG,274.81,T,,M,0.80,N,1.5,K,A*09
$GPGGA,181341.000,2632.6813,N,07703.3387,W,1,08,1.0,2.2,M,-33.0,M,,0000*61
$GPGSA,A,3,30,14,17,02,22,13,21,07,,,,,1.7,1.0,1.3*33
$GPGSV,3,1,11,14,66,002,25,17,52,317,23,30,52,213,30,22,48,333,28*7C
$GPGSV,3,2,11,19,35,281,,02,30,039,28,07,30,178,16,06,26,212,24*74
$GPGSV,3,3,11,03,26,104,,21,14,039,19,13,05,269,16*42
$GPRMC,181341.000,A,2632.6813,N,07703.3387,W,0.24,24.67,220324,,,A*43
$GPVTG,24.67,T,,M,0.24,N,0.4,K,A*38
$GPGGA,181346.000,2632.6821,N,07703.3402,W,1,07,1.9,-1.9,M,-33.0,M,,0000*4E
$GPGSA,A,3,30,14,17,02,22,21,07,,,,,,3.6,1.9,3.0*3A
$GPGSV,3,1,11,14,66,002,25,17,52,317,24,30,52,213,30,22,48,333,28*7B
$GPGSV,3,2,11,19,35,281,,02,30,039,29,07,30,178,15,06,26,212,24*76
$GPGSV,3,3,11,03,26,104,,21,14,039,25,13,05,269,*4A
$GPRMC,181346.000,A,2632.6821,N,07703.3402,W,0.03,265.62,220324,,,A*78
$GPVTG,265.62,T,,M,0.03,N,0.1,K,A*0A
$GPGGA,181351.000,2632.6828,N,07703.3396,W,1,07,1.9,2.6,M,-33.0,M,,0000*6A
$GPGSA,A,3,30,14,17,02,22,21,07,,,,,,3.6,1.9,3.0*3A
$GPGSV,3,1,11,14,66,002,24,17,52,317,25,30,52,213,22,22,48,333,27*77
$GPGSV,3,2,11,19,35,281,,02,30,039,29,07,30,178,15,06,26,212,17*76
$GPGSV,3,3,11,03,26,104,21,21,14,039,26,13,05,269,*4A
$GPRMC,181351.000,A,2632.6828,N,07703.3396,W,0.53,21.73,220324,,,A*4A
$GPVTG,21.73,T,,M,0.53,N,1.0,K,A*3D
$GPGGA,181356.000,2632.6814,N,07703.3376,W,1,09,1.0,4.1,M,-33.0,M,,0000*6A
$GPGSA,A,3,30,14,17,13,02,22,21,07,19,,,,1.6,1.0,1.3*3A
$GPGSV,3,1,11,14,66,002,24,17,52,317,25,30,52,213,30,22,48,333,27*74
$GPGSV,3,2,11,19,35,281,29,02,30,039,22,07,30,178,29,06,26,212,32*7E
$GPGSV,3,3,11,03,26,104,,21,14,039,17,13,05,269,31*49
$GPVTG,188.75,T,,M,1.12,N,2.1,K,A*0F
$GPGGA,181401.000,2632.6823,N,07703.3386,W,1,09,1.0,4.7,M,-33.0,M,,0000*62
$GPGSA,A,3,30,14,17,13,02,22,21,07,19,,,,1.6,1.0,1.3*3A
$GPGSV,3,1,11,14,66,003,24,17,53,318,25,30,51,213,34,22,48,334,27*7B
$GPGSV,3,2,11,19,35,281,18,02,30,039,22,07,29,178,27,06,26,212,27*7E
$GPGSV,3,3,11,03,26,103,23,21,14,039,20,13,05,268,21*4B
$GPRMC,181401.000,A,2632.6823,N,07703.3386,W,0.40,100.17,220324,,,A*70
$GPVTG,100.17,T,,M,0.40,N,0.7,K,A*09
$GPGGA,181406.000,2632.6824,N,07703.3394,W,1,08,1.4,3.7,M,-33.0,M,,0000*63
$GPGSA,A,3,30,14,17,13,02,22,21,19,,,,,2.0,1.4,1.3*3C
$GPGSV,3,1,11,14,66,003,30,17,53,318,28,30,51,213,35,22,48,334,17*71
$GPGSV,3,2,11,19,35,281,34,02,30,039,21,07,29,178,15,06,26,212,33*77
$GPGSV,3,3,11,03,26,103,11,21,14,039,21,13,05,268,27*4D
$GPRMC,181406.000,A,2632.6824,N,07703.3394,W,0.21,131.52,220324,,,A*77
$GPVTG,131.52,T,,M,0.21,N,0.4,K,A*0E
$GPGGA,181411.000,2632.6823,N,07703.3400,W,1,09,1.0,1.9,M,-33.0,M,,0000*61
$GPGSA,A,3,30,14,17,13,02,22,21,07,19,,,,1.6,1.0,1.3*3A
$GPGSV,3,1,11,14,66,003,29,17,53,318,24,30,51,213,36,22,48,334,23*71
$GPGSV,3,2,11,19,35,281,33,02,30,039,17,07,29,178,17,06,26,212,33*77
$GPGSV,3,3,11,03,26,103,14,21,14,039,26,13,05,268,28*40
$GPRMC,181411.000,A,2632.6823,N,07703.3400,W,0.75,120.32,220324,,,A*7B
$GPVTG,120.32,T,,M,0.75,N,1.4,K,A*08
$GPGGA,181416.000,2632.6818,N,07703.3403,W,1,09,1.0,2.2,M,-33.0,M,,0000*65
$GPGSA,A,3,30,14,17,13,02,22,21,07,19,,,,1.6,1.0,1.3*3A
$GPGSV,3,1,11,14,66,003,29,17,53,318,25,30,51,213,36,22,48,334,22*71
$GPGSV,3,2,11,19,35,281,32,02,30,039,22,07,29,178,18,06,26,212,33*7F
$GPGSV,3,3,11,03,26,103,14,21,14,039,26,13,05,268,28*40
$GPRMC,181416.000,A,2632.6818,N,07703.3403,W,0.14,47.83,220324,,,A*4A
$GPVTG,47.83,T,,M,0.14,N,0.3,K,A*33
$GPGGA,181421.000,2632.6820,N,07703.3405,W,1,09,1.0,3.3,M,-33.0,M,,0000*6C
$GPGSA,A,3,30,14,17,13,02,22,21,07,19,,,,1.6,1.0,1.3*3A
$GPGSV,3,1,11,14,66,003,26,17,53,318,25,30,51,213,26,22,48,334,22*7F
$GPGSV,3,2,11,19,35,281,26,02,30,039,26,07,29,178,26,06,26,212,26*77
$GPGSV,3,3,11,03,26,103,29,21,14,039,24,13,05,268,17*40
$GPRMC,181421.000,A,2632.6820,N,07703.3405,W,0.37,254.71,220324,,,A*7F
$GPVTG,254.71,T,,M,0.37,N,0.7,K,A*0B
$GPGGA,181426.000,2632.6828,N,07703.3404,W,1,09,1.0,4.7,M,-33.0,M,,0000*61
$GPGSA,A,3,30,14,17,13,02,22,21,07,19,,,,1.6,1.0,1.3*3A
$GPGSV,3,1,11,14,66,003,28,17,53,318,27,30,51,213,26,22,48,334,24*75
$GPGSV,3,2,11,19,35,281,26,02,30,039,26,07,29,178,35,06,26,212,28*7B
$GPGSV,3,3,11,03,26,103,29,21,14,039,32,13,05,268,18*48
$GPVTG,350.20,T,,M,0.87,N,1.6,K,A*01
$GPGGA,181431.000,2632.6824,N,07703.3402,W,1,09,1.0,6.9,M,-33.0,M,,0000*61
$GPGSA,A,3,30,14,17,13,02,22,21,07,19,,,,1.6,1.0,1.3*3A
$GPGSV,3,1,11,14,66,003,25,17,53,318,26,30,51,213,37,22,48,334,23*7E
$GPGSV,3,2,11,19,35,281,19,02,30,039,24,07,29,178,31,06,26,212,30*78
$GPGSV,3,3,11,03,26,103,32,21,14,039,18,13,05,268,22*43
$GPRMC,181431.000,A,2632.6824,N,07703.3402,W,1.52,99.21,220324,,,A*49
$GPVTG,99.21,T,,M,1.52,N,2.8,K,A*32
$GPGGA,181436.000,2632.6820,N,07703.3386,W,1,09,1.0,5.7,M,-33.0,M,,0000*64
$GPGSA,A,3,30,14,17,13,02,22,21,07,19,,,,1.6,1.0,1.3*3A
$GPGSV,3,1,11,14,66,003,26,17,53,318,26,30,51,213,34,22,48,334,23*7E
$GPGSV,3,2,11,19,35,281,24,02,30,039,32,07,29,178,34,06,26,212,30*74
$GPGSV,3,3,11,03,26,103,36,21,14,039,24,13,05,268,24*4E
$GPRMC,181436.000,A,2632.6820,N,07703.3386,W,0.42,209.15,220324,,,A*7D
$GPVTG,209.15,T,,M,0.42,N,0.8,K,A*0C
$GPGGA,181441.000,2632.6820,N,07703.3392,W,1,09,1.0,3.4,M,-33.0,M,,0000*64
$GPGSA,A,3,30,14,17,13,02,22,21,07,19,,,,1.6,1.0,1.3*3A
$GPGSV,3,1,11,14,66,003,27,17,53,318,30,30,51,213,32,22,48,334,31*7D
$GPGSV,3,2,11,19,35,281,35,02,30,039,24,07,29,178,33,06,26,212,32*76
$GPGSV,3,3,11,03,26,103,23,21,14,039,24,13,05,268,27*49
$GPRMC,181441.000,A,2632.6820,N,07703.3392,W,1.15,125.26,220324,,,A*76
$GPVTG,125.26,T,,M,1.15,N,2.1,K,A*09
$GPGGA,181446.000,2632.6827,N,07703.3388,W,1,09,1.0,1.9,M,-33.0,M,,0000*60
$GPGSA,A,3,30,14,17,13,02,22,21,07,19,,,,1.6,1.0,1.3*3A
$GPGSV,3,1,11,14,66,003,31,17,53,318,27,30,51,213,28,22,48,334,26*71
$GPGSV,3,2,11,19,35,281,17,02,30,039,25,07,29,178,28,06,26,212,33*7C
$GPGSV,3,3,11,03,26,103,27,21,14,039,30,13,05,268,17*4B
$GPRMC,181446.000,A,2632.6827,N,07703.3388,W,0.37,327.49,220324,,,A*75
$GPVTG,327.49,T,,M,0.37,N,0.7,K,A*05
$GPGGA,181451.000,2632.6832,N,07703.3379,W,1,09,1.0,-0.0,M,-33.0,M,,0000*49
$GPGSA,A,3,30,14,17,13,02,22,21,07,19,,,,1.6,1.0,1.3*3A
$GPGSV,3,1,11,14,66,004,28,17,53,319,30,30,51,212,24,22,48,334,20*72
$GPGSV,3,2,11,19,35,282,22,02,29,039,35,07,29,178,33,06,27,213,27*7F
$GPGSV,3,3,11,03,26,103,33,21,13,039,31,13,05,268,19*46
$GPRMC,181451.000,A,2632.6832,N,07703.3379,W,0.14,56.59,220324,,,A*4C
$GPVTG,56.59,T,,M,0.14,N,0.3,K,A*34
$GPGGA,181456.000,2632.6832,N,07703.3376,W,1,09,1.0,-1.5,M,-33.0,M,,0000*45
$GPGSA,A,3,30,14,17,13,02,22,21,07,19,,,,1.6,1.0,1.3*3A
$GPGSV,3,1,11,14,66,004,31,17,53,319,31,30,51,212,28,22,48,334,24*73
$GPGSV,3,2,11,19,35,282,21,02,29,039,29,07,29,178,34,06,27,213,26*77
$GPRMC,181456.000,A,2632.6832,N,07703.3376,W,0.56,263.17,220324,,,A*7C
$GPVTG,263.17,T,,M,0.56,N,1.0,K,A*0E
$GPGGA,181501.000,2632.6831,N,07703.3376,W,1,09,1.0,-1.7,M,-33.0,M,,0000*47
$GPGSA,A,3,30,14,17,13,02,22,21,07,19,,,,1.6,1.0,1.3*3A
$GPGSV,3,1,11,14,66,004,31,17,53,319,32,30,51,212,24,22,48,334,36*7F
$GPGSV,3,2,11,19,35,282,31,02,29,039,33,07,29,178,25,06,27,213,25*7E
$GPGSV,3,3,11,03,26,103,23,21,13,039,31,13,05,268,29*44
$GPRMC,181501.000,A,2632.6831,N,07703.3376,W,1.06,205.37,220324,,,A*7A
$GPGGA,181506.000,2632.6824,N,07703.3380,W,1,09,1.0,-3.0,M,-33.0,M,,0000*48
$GPGSA,A,3,30,14,17,13,02,22,21,07,19,,,,1.6,1.0,1.3*3A
$GPGSV,3,1,11,14,66,004,27,17,53,319,27,30,51,212,33,22,48,334,30*7C
$GPGSV,3,2,11,19,35,282,31,02,29,039,25,07,29,178,28,06,27,213,26*77
$GPGSV,3,3,11,03,26,103,23,21,13,039,24,13,05,268,31*49
$GPRMC,181506.000,A,2632.6824,N,07703.3380,W,0.25,267.94,220324,,,A*7D
$GPVTG,267.94,T,,M,0.25,N,0.5,K,A*01
$GPGGA,181511.000,2632.6813,N,07703.3376,W,1,09,1.0,-1.7,M,-33.0,M,,0000*46
$GPGSA,A,3,30,14,17,13,02,22,21,07,19,,,,1.6,1.0,1.3*3A
$GPGSV,3,1,11,14,66,004,32,17,53,319,32,30,51,212,25,22,48,334,34*7F
$GPGSV,3,2,11,19,35,282,31,02,29,039,33,07,29,178,22,06,27,213,21*7D
$GPGSV,3,3,11,03,26,103,23,21,13,039,33,13,05,268,26*49
$GPRMC,181511.000,A,2632.6813,N,07703.3376,W,0.30,143.00,220324,,,A*7A
$GPVTG,143.00,T,,M,0.30,N,0.6,K,A*0E
$GPGGA,181516.000,2632.6808,N,07703.3378,W,1,09,1.0,-0.1,M,-33.0,M,,0000*42
$GPGSA,A,3,30,14,17,13,02,22,21,07,19,,,,1.6,1.0,1.3*3A
$GPGSV,3,1,11,14,66,004,27,17,53,319,22,30,51,212,25,22,48,334,28*77
$GPGSV,3,2,11,19,35,282,29,02,29,039,27,07,29,178,20,06,27,213,22*70
$GPGSV,3,3,11,03,26,103,10,21,13,039,33,13,05,268,24*4B
$GPRMC,181516.000,A,2632.6808,N,07703.3378,W,0.09,5.61,220324,,,A*77
$GPVTG,5.61,T,,M,0.09,N,0.2,K,A*04
$GPGGA,181521.000,2632.6794,N,07703.3368,W,1,09,1.0,3.3,M,-33.0,M,,0000*61
$GPGSA,A,3,30,14,17,13,02,22,21,07,19,,,,1.6,1.0,1.3*3A
$GPGSV,3,1,11,14,66,004,23,17,53,319,26,30,51,212,25,22,48,334,29*76
$GPGSV,3,2,11,19,35,282,25,02,29,039,23,07,29,178,21,06,27,213,22*79
$GPGSV,3,3,11,03,26,103,,21,13,039,21,13,05,268,20*4D
$GPRMC,181521.000,A,2632.6794,N,07703.3368,W,0.47,199.20,220324,,,A*73
$GPVTG,199.20,T,,M,0.47,N,0.9,K,A*04
$GPGGA,181526.000,2632.6785,N,07703.3380,W,1,09,1.0,3.9,M,-33.0,M,,0000*6A
$GPGSA,A,3,30,14,17,13,02,22,21,07,19,,,,1.6,1.0,1.3*3A
$GPGSV,3,1,11,14,66,004,23,17,53,319,30,30,51,212,26,22,48,334,28*73
$GPGSV,3,2,11,19,35,282,25,02,29,039,19,07,29,178,21,06,27,213,22*70
$GPGSV,3,3,11,03,26,103,,21,13,039,18,13,05,268,20*47
$GPVTG,198.52,T,,M,1.73,N,3.2,K,A*0E
$GPGGA,181531.000,2632.6769,N,07703.3381,W,1,08,1.1,4.3,M,-33.0,M,,0000*62
$GPGSA,A,3,30,14,17,13,02,22,07,19,,,,,1.9,1.1,1.6*32
$GPGSV,3,1,11,14,66,004,22,17,53,319,23,30,51,212,26,22,48,334,23*7B
$GPGSV,3,2,11,19,35,282,24,02,29,039,19,07,29,178,24,06,27,213,22*74
$GPGSV,3,3,11,03,26,103,25,21,13,039,,13,05,268,20*49
$GPRMC,181531.000,A,2632.6769,N,07703.3381,W,0.65,169.75,220324,,,A*78
$GPVTG,169.75,T,,M,0.65,N,1.2,K,A*01
$GPGGA,181536.000,2632.6764,N,07703.3393,W,1,08,1.1,3.7,M,-33.0,M,,0000*68
$GPGSA,A,3,30,14,17,13,02,22,07,19,,,,,1.9,1.1,1.6*32
$GPGSV,3,1,11,14,66,004,23,17,53,319,24,30,51,212,34,22,48,334,26*7B
$GPGSV,3,2,11,19,35,282,29,02,29,039,19,07,29,178,34,06,27,213,35*7E
$GPGSV,3,3,11,03,26,103,23,21,13,039,,13,05,268,26*49
$GPRMC,181536.000,A,2632.6764,N,07703.3393,W,1.10,290.30,220324,,,A*76
$GPVTG,290.30,T,,M,1.10,N,2.0,K,A*07
$GPGGA,181541.000,2632.6773,N,07703.3407,W,1,08,1.1,1.5,M,-33.0,M,,0000*64
$GPGSA,A,3,30,14,17,13,02,22,07,19,,,,,1.9,1.1,1.6*32
$GPGSV,3,1,11,14,66,004,25,17,53,319,24,30,51,212,32,22,48,334,25*78
$GPGSV,3,2,11,19,35,282,27,02,29,039,20,07,29,178,31,06,27,213,35*7F
$GPGSV,3,3,11,03,26,103,20,21,13,039,,13,05,268,27*4B
$GPRMC,181541.000,A,2632.6773,N,07703.3407,W,1.02,294.05,220324,,,A*7B
$GPVTG,294.05,T,,M,1.02,N,1.9,K,A*0C
$GPGGA,181546.000,2632.6776,N,07703.3425,W,1,08,1.2,2.1,M,-33.0,M,,0000*62
$GPGSA,A,3,30,14,17,02,22,21,07,19,,,,,2.4,1.2,2.1*3A
$GPGSV,3,1,11,14,66,004,27,17,53,319,24,30,51,212,32,22,48,334,26*79
$GPGSV,3,2,11,19,35,282,23,02,29,039,28,07,29,178,41,06,27,213,31*70
$GPGSV,3,3,11,03,26,103,19,21,13,039,20,13,05,268,*46
$GPRMC,181546.000,A,2632.6776,N,07703.3425,W,1.53,278.89,220324,,,A*7B
$GPVTG,278.89,T,,M,1.53,N,2.8,K,A*0C
$GPGGA,181551.000,2632.6787,N,07703.3433,W,1,09,1.0,3.0,M,-33.0,M,,0000*6E
$GPGSA,A,3,30,14,17,13,02,22,21,07,19,,,,1.6,1.0,1.3*3A
$GPGSV,3,1,11,14,66,004,24,17,53,319,20,30,51,212,32,22,48,334,23*7B
$GPGSV,3,2,11,19,35,282,25,02,29,039,22,07,29,178,36,06,27,213,37*7A
$GPGSV,3,3,11,03,26,103,19,21,13,039,20,13,05,268,16*41
$GPRMC,181551.000,A,2632.6787,N,07703.3433,W,0.63,280.19,220324,,,A*78
$GPVTG,280.19,T,,M,0.63,N,1.2,K,A*09
$GPGGA,181556.000,2632.6793,N,07703.3438,W,1,09,1.0,2.9,M,-33.0,M,,0000*6F
$GPGSA,A,3,30,14,17,13,02,22,21,07,19,,,,1.6,1.0,1.3*3A
$GPGSV,3,1,11,14,66,004,24,17,53,319,34,30,51,212,33,22,48,334,31*7C
$GPGSV,3,2,11,19,35,282,36,02,29,039,28,07,29,178,29,06,27,213,36*7D
$GPGSV,3,3,11,03,26,103,18,21,13,039,23,13,05,268,22*44
$GPVTG,144.56,T,,M,0.58,N,1.1,K,A*02
$GPGGA,181601.000,2632.6798,N,07703.3445,W,1,09,1.0,3.5,M,-33.0,M,,0000*62
$GPGSA,A,3,30,14,17,13,02,22,21,07,19,,,,1.6,1.0,1.3*3A
$GPGSV,3,1,11,14,66,004,25,17,53,319,36,30,51,212,32,22,48,334,32*7D
$GPGSV,3,2,11,19,35,282,31,02,29,039,31,07,29,178,31,06,27,213,30*7D
$GPGSV,3,3,11,03,26,103,19,21,13,039,20,13,05,268,21*45
$GPRMC,181601.000,A,2632.6798,N,07703.3445,W,0.58,274.69,220324,,,A*75
$GPVTG,274.69,T,,M,0.58,N,1.1,K,A*0E
$GPGGA,181606.000,2632.6801,N,07703.3446,W,1,09,1.0,1.1,M,-33.0,M,,0000*6F
$GPGSA,A,3,30,14,17,13,02,22,21,07,19,,,,1.6,1.0,1.3*3A
$GPGSV,3,1,11,14,66,004,30,17,53,319,34,30,51,212,32,22,48,334,26*7E
$GPGSV,3,2,11,19,35,282,36,02,29,039,32,07,29,178,24,06,27,213,31*7C
$GPGSV,3,3,11,03,26,103,19,21,13,039,27,13,05,268,21*42
$GPRMC,181606.000,A,2632.6801,N,07703.3446,W,0.30,60.29,220324,,,A*43
$GPVTG,60.29,T,,M,0.30,N,0.6,K,A*35
$GPGGA,181611.000,2632.6801,N,07703.3438,W,1,09,1.0,0.6,M,-33.0,M,,0000*66
$GPGSA,A,3,30,14,17,13,02,22,21,07,19,,,,1.6,1.0,1.3*3A
$GPGSV,3,1,11,14,66,004,28,17,53,319,31,30,51,212,24,22,48,334,34*76
$GPGSV,3,2,11,19,35,282,29,02,29,039,35,07,29,178,26,06,27,213,22*75
$GPGSV,3,3,11,03,26,103,19,21,13,039,32,13,05,268,15*41
$GPRMC,181611.000,A,2632.6801,N,07703.3438,W,1.18,129.11,220324,,,A*70
$GPVTG,129.11,T,,M,1.18,N,2.2,K,A*0F
$GPGGA,181616.000,2632.6793,N,07703.3437,W,1,09,1.0,3.4,M,-33.0,M,,0000*6B
$GPGSA,A,3,30,14,17,13,02,22,21,07,19,,,,1.6,1.0,1.3*3A
$GPGSV,3,1,11,14,66,004,29,17,53,319,27,30,51,212,27,22,48,334,29*7F
$GPGSV,3,2,11,19,35,282,20,02,29,039,31,07,29,178,32,06,27,213,24*7B
$GPGSV,3,3,11,03,26,103,30,21,13,039,31,13,05,268,15*49
$GPRMC,181616.000,A,2632.6793,N,07703.3437,W,0.44,254.99,220324,,,A*7D
$GPVTG,254.99,T,,M,0.44,N,0.8,K,A*06
$GPGGA,181621.000,2632.6798,N,07703.3454,W,1,09,1.0,3.5,M,-33.0,M,,0000*60
$GPGSA,A,3,30,14,17,13,02,22,21,07,19,,,,1.6,1.0,1.3*3A
$GPGSV,3,1,11,14,66,004,28,17,53,319,20,30,51,212,35,22,48,334,22*71
$GPGSV,3,2,11,19,35,282,29,02,29,039,25,07,29,178,39,06,27,213,34*7D
$GPGSV,3,3,11,03,26,103,30,21,13,039,23,13,05,268,22*4E
$GPRMC,181621.000,A,2632.6798,N,07703.3454,W,1.18,339.40,220324,,,A*71
$GPVTG,339.40,T,,M,1.18,N,2.2,K,A*08
$GPGGA,181626.000,2632.6804,N,07703.3460,W,1,10,0.9,5.0,M,-33.0,M,,0000*69
$GPGSA,A,3,30,14,17,13,02,22,21,07,06,19,,,1.6,0.9,1.3*34
$GPGSV,3,1,11,14,67,005,22,17,53,320,21,30,50,211,32,22,49,335,22*75
$GPGSV,3,2,11,19,36,283,30,02,29,039,27,07,28,178,34,06,27,213,34*79
$GPGSV,3,3,11,03,26,102,32,21,13,039,23,13,05,267,20*40
$GPVTG,29.49,T,,M,0.20,N,0.4,K,A*3D
$GPGGA,181631.000,2632.6802,N,07703.3460,W,1,09,0.9,5.1,M,-33.0,M,,0000*60
$GPGSA,A,3,30,17,13,02,22,21,07,06,19,,,,1.7,0.9,1.5*36
$GPGSV,3,1,11,14,67,006,08,17,53,320,25,30,50,211,32,22,49,335,24*7C
$GPGSV,3,2,11,19,36,283,30,02,29,039,18,07,28,178,35,06,27,213,34*74
$GPGSV,3,3,11,03,26,102,30,21,13,039,23,13,05,267,20*42
$GPRMC,181631.000,A,2632.6802,N,07703.3460,W,0.14,42.85,220324,,,A*40
$GPVTG,42.85,T,,M,0.14,N,0.3,K,A*30
$GPGGA,181636.000,2632.6805,N,07703.3467,W,1,09,1.2,3.4,M,-33.0,M,,0000*6E
$GPGSA,A,3,30,14,17,02,22,21,07,06,19,,,,2.2,1.2,1.9*31
$GPGSV,3,1,11,14,67,006,23,17,53,320,19,30,50,211,31,22,49,335,23*7E
$GPGSV,3,2,11,19,36,283,25,02,29,039,25,07,28,178,36,06,27,213,30*79
$GPGSV,3,3,11,03,26,102,35,21,13,039,23,13,05,267,*45
$GPRMC,181636.000,A,2632.6805,N,07703.3467,W,0.18,252.30,220324,,,A*76
$GPVTG,252.30,T,,M,0.18,N,0.3,K,A*01
$GPGGA,181641.000,2632.6802,N,07703.3470,W,1,10,0.9,3.2,M,-33.0,M,,0000*6B
$GPGSA,A,3,30,14,17,13,02,22,21,07,06,19,,,1.6,0.9,1.3*34
$GPGSV,3,1,11,14,67,006,25,17,53,320,22,30,50,211,31,22,49,335,22*71
$GPGSV,3,2,11,19,36,283,32,02,29,039,24,07,28,178,37,06,27,213,29*77
$GPGSV,3,3,11,03,26,102,32,21,13,039,22,13,05,267,17*45
$GPRMC,181641.000,A,2632.6802,N,07703.3470,W,0.17,55.58,220324,,,A*43
$GPVTG,55.58,T,,M,0.17,N,0.3,K,A*35
$GPGGA,181646.000,2632.6798,N,07703.3467,W,1,10,0.9,3.2,M,-33.0,M,,0000*66
$GPGSA,A,3,30,14,17,13,02,22,21,07,06,19,,,1.6,0.9,1.3*34
$GPGSV,3,1,11,14,67,006,23,17,53,320,18,30,50,211,32,22,49,335,24*7B
$GPGSV,3,2,11,19,36,283,23,02,29,039,24,07,28,178,36,06,27,213,29*76
$GPGSV,3,3,11,03,26,102,32,21,13,039,22,13,05,267,22*43
$GPRMC,181646.000,A,2632.6798,N,07703.3467,W,0.30,193.70,220324,,,A*7A
$GPVTG,193.70,T,,M,0.30,N,0.6,K,A*04
$GPGGA,181651.000,2632.6796,N,07703.3469,W,1,10,0.9,3.3,M,-33.0,M,,0000*61
$GPGSA,A,3,30,14,17,13,02,22,21,07,06,19,,,1.6,0.9,1.3*34
$GPGSV,3,1,11,14,67,006,28,17,53,320,20,30,50,211,28,22,49,335,24*70
$GPGSV,3,2,11,19,36,283,27,02,29,039,24,07,28,178,35,06,27,213,26*7E
$GPGSV,3,3,11,03,26,102,27,21,13,039,21,13,05,267,23*45
$GPRMC,181651.000,A,2632.6796,N,07703.3469,W,0.22,198.38,220324,,,A*78
$GPVTG,198.38,T,,M,0.22,N,0.4,K,A*02
$GPGGA,181656.000,2632.6799,N,07703.3472,W,1,10,0.9,3.2,M,-33.0,M,,0000*62
$GPGSA,A,3,30,14,17,13,02,22,21,07,06,19,,,1.6,0.9,1.3*34
$GPGSV,3,1,11,14,67,006,30,17,53,320,15,30,50,211,30,22,49,335,19*78
$GPGSV,3,2,11,19,36,283,29,02,29,039,21,07,28,178,36,06,27,213,30*71
$GPGSV,3,3,11,03,26,102,32,21,13,039,24,13,05,267,22*45
$GPVTG,74.22,T,,M,0.48,N,0.9,K,A*3B
$GPGGA,181701.000,2632.6800,N,07703.3471,W,1,11,0.8,2.7,M,-33.0,M,,0000*69
$GPGSA,A,3,30,14,17,13,02,22,03,21,07,06,19,,1.5,0.8,1.3*35
$GPGSV,3,1,11,14,67,006,25,17,53,321,18,30,50,211,31,22,49,335,22*79
$GPGSV,3,2,11,19,36,283,30,02,28,039,27,07,28,178,36,06,28,213,30*71
$GPGSV,3,3,11,03,26,102,32,21,12,039,24,13,05,267,22*44
$GPRMC,181701.000,A,2632.6800,N,07703.3471,W,0.09,96.31,220324,,,A*4A
$GPVTG,96.31,T,,M,0.09,N,0.2,K,A*3B
$GPGGA,181706.000,2632.6799,N,07703.3471,W,1,11,0.8,2.1,M,-33.0,M,,0000*67
$GPGSA,A,3,30,14,17,13,02,22,03,21,07,06,19,,1.5,0.8,1.3*35
$GPGSV,3,1,11,14,67,006,26,17,53,321,18,30,50,211,32,22,49,335,22*79
$GPGSV,3,2,11,19,36,283,31,02,28,039,26,07,28,178,37,06,28,213,30*70
$GPGSV,3,3,11,03,26,102,31,21,12,039,26,13,05,267,23*44
$GPRMC,181706.000,A,2632.6799,N,07703.3471,W,0.07,243.99,220324,,,A*74
$GPVTG,243.99,T,,M,0.07,N,0.1,K,A*0E
$GPGGA,181711.000,2632.6796,N,07703.3474,W,1,10,0.9,0.6,M,-33.0,M,,0000*6E
$GPGSA,A,3,30,14,17,13,02,22,03,07,06,19,,,1.7,0.9,1.5*33
$GPGSV,3,1,11,14,67,006,22,17,53,321,21,30,50,211,32,22,49,335,22*77
$GPGSV,3,2,11,19,36,283,32,02,28,039,22,07,28,178,37,06,28,213,25*73
$GPGSV,3,3,11,03,26,102,25,21,12,039,09,13,05,267,35*4B
$GPRMC,181711.000,A,2632.6796,N,07703.3474,W,0.46,157.59,220324,,,A*77
$GPVTG,157.59,T,,M,0.46,N,0.9,K,A*09
$GPGGA,181716.000,2632.6790,N,07703.3476,W,1,10,0.9,-0.2,M,-33.0,M,,0000*44
$GPGSA,A,3,30,14,17,13,02,22,03,07,06,19,,,1.7,0.9,1.5*33
$GPGSV,3,1,11,14,67,006,18,17,53,321,23,30,50,211,33,22,49,335,28*77
$GPGSV,3,2,11,19,36,283,33,02,28,039,15,07,28,178,36,06,28,213,25*77
$GPGSV,3,3,11,03,26,102,17,21,12,039,08,13,05,267,36*48
$GPRMC,181716.000,A,2632.6790,N,07703.3476,W,0.64,232.03,220324,,,A*7B
$GPVTG,232.03,T,,M,0.64,N,1.2,K,A*0C
$GPGGA,181721.000,2632.6788,N,07703.3481,W,1,11,0.8,-0.5,M,-33.0,M,,0000*46
$GPGSA,A,3,30,14,17,13,02,22,03,21,07,06,19,,1.5,0.8,1.3*35
$GPGSV,3,1,11,14,67,006,21,17,53,321,19,30,50,211,32,22,49,335,28*75
$GPGSV,3,2,11,19,36,283,33,02,28,039,21,07,28,178,36,06,28,213,14*72
$GPGSV,3,3,11,03,26,102,31,21,12,039,19,13,05,267,35*4F
$GPRMC,181721.000,A,2632.6788,N,07703.3481,W,0.09,197.10,220324,,,A*7B
$GPVTG,197.10,T,,M,0.09,N,0.2,K,A*08
$GPGGA,181726.000,2632.6789,N,07703.3481,W,1,11,0.8,-0.2,M,-33.0,M,,0000*47
$GPGSA,A,3,30,14,17,13,02,22,03,21,07,06,19,,1.5,0.8,1.3*35
$GPGSV,3,1,11,14,67,006,22,17,53,321,20,30,50,211,30,22,49,335,27*71
$GPGSV,3,2,11,19,36,283,32,02,28,039,22,07,28,178,36,06,28,213,15*71
$GPRMC,181726.000,A,2632.6789,N,07703.3481,W,0.12,215.22,220324,,,A*7F
$GPVTG,215.22,T,,M,0.12,N,0.2,K,A*0A
$GPGGA,181731.000,2632.6789,N,07703.3481,W,1,11,0.8,0.2,M,-33.0,M,,0000*6C
$GPGSA,A,3,30,14,17,13,02,22,03,21,07,06,19,,1.5,0.8,1.3*35
$GPGSV,3,1,11,14,67,006,23,17,53,321,14,30,50,211,31,22,49,335,28*79
$GPGSV,3,2,11,19,36,283,32,02,28,039,23,07,28,178,35,06,28,213,17*71
$GPGSV,3,3,11,03,26,102,32,21,12,039,20,13,05,267,34*47
$GPRMC,181731.000,A,2632.6789,N,07703.3481,W,0.03,120.84,220324,,,A*70
$GPGGA,181736.000,2632.6790,N,07703.3481,W,1,11,0.8,-0.2,M,-33.0,M,,0000*4E
$GPGSA,A,3,30,14,17,13,02,22,03,21,07,06,19,,1.5,0.8,1.3*35
$GPGSV,3,1,11,14,67,006,24,17,53,321,13,30,50,211,31,22,49,335,28*79
$GPGSV,3,2,11,19,36,283,31,02,28,039,23,07,28,178,35,06,28,213,18*7D
$GPGSV,3,3,11,03,26,102,32,21,12,039,21,13,05,267,34*46
$GPRMC,181736.000,A,2632.6790,N,07703.3481,W,0.06,223.71,220324,,,A*70
$GPVTG,223.71,T,,M,0.06,N,0.1,K,A*0F
$GPGGA,181741.000,2632.6797,N,07703.3477,W,1,11,0.8,1.1,M,-33.0,M,,0000*6F
$GPGSA,A,3,30,14,17,13,02,22,03,21,07,06,19,,1.5,0.8,1.3*35
$GPGSV,3,1,11,14,67,006,30,17,53,321,30,30,50,211,31,22,49,335,33*77
$GPGSV,3,2,11,19,36,283,38,02,28,039,30,07,28,178,24,06,28,213,25*78
$GPGSV,3,3,11,03,26,102,25,21,12,039,24,13,05,267,28*48
$GPRMC,181741.000,A,2632.6797,N,07703.3477,W,0.55,90.38,220324,,,A*4F
$GPVTG,90.38,T,,M,0.55,N,1.0,K,A*3E
$GPGGA,181746.000,2632.6793,N,07703.3468,W,1,10,1.0,1.5,M,-33.0,M,,0000*6E
$GPGSA,A,3,30,14,17,02,22,03,21,07,06,19,,,2.1,1.0,1.9*33
$GPGSV,3,1,11,14,67,006,26,17,53,321,24,30,50,211,30,22,49,335,25*73
$GPGSV,3,2,11,19,36,283,32,02,28,039,22,07,28,178,34,06,28,213,34*70
$GPGSV,3,3,11,03,26,102,26,21,12,039,27,13,05,267,*42
$GPRMC,181746.000,A,2632.6793,N,07703.3468,W,0.64,283.68,220324,,,A*75
$GPVTG,283.68,T,,M,0.64,N,1.2,K,A*0B
$GPGGA,181751.000,2632.6794,N,07703.3465,W,1,11,0.8,1.5,M,-33.0,M,,0000*6A
$GPGSA,A,3,30,14,17,13,02,22,03,21,07,06,19,,1.5,0.8,1.3*35
$GPGSV,3,1,11,14,67,006,22,17,53,321,25,30,50,211,38,22,49,335,21*7A
$GPGSV,3,2,11,19,36,283,29,02,28,039,30,07,28,178,39,06,28,213,35*75
$GPGSV,3,3,11,03,26,102,32,21,12,039,19,13,05,267,19*42
$GPRMC,181751.000,A,2632.6794,N,07703.3465,W,0.22,161.38,220324,,,A*71
$GPVTG,161.38,T,,M,0.22,N,0.4,K,A*04
$GPGGA,181756.000,2632.6793,N,07703.3466,W,1,11,0.8,1.3,M,-33.0,M,,0000*6F
$GPGSA,A,3,30,14,17,13,02,22,03,21,07,06,19,,1.5,0.8,1.3*35
$GPGSV,3,1,11,14,67,006,26,17,53,321,25,30,50,211,37,22,49,335,21*71
$GPGSV,3,2,11,19,36,283,29,02,28,039,23,07,28,178,39,06,28,213,35*77
$GPGSV,3,3,11,03,26,102,25,21,12,039,28,13,05,267,18*47
$GPRMC,181756.000,A,2632.6793,N,07703.3466,W,0.12,223.22,220324,,,A*7F
$GPVTG,223.22,T,,M,0.12,N,0.2,K,A*0F
$GPGGA,181801.000,2632.6792,N,07703.3467,W,1,11,0.8,1.5,M,-33.0,M,,0000*64
$GPGSA,A,3,30,14,17,13,02,22,03,21,07,06,19,,1.5,0.8,1.3*35
$GPGSV,3,1,11,14,67,006,26,17,53,321,25,30,50,211,37,22,49,335,21*71
$GPGSV,3,2,11,19,36,283,30,02,28,039,24,07,28,178,39,06,28,213,35*78
$GPGSV,3,3,11,03,26,102,29,21,12,039,26,13,05,267,18*45
$GPVTG,124.15,T,,M,0.04,N,0.1,K,A*0B
$GPGGA,181806.000,2632.6791,N,07703.3458,W,1,11,0.8,1.2,M,-33.0,M,,0000*6B
$GPGSA,A,3,30,14,17,13,02,22,03,21,07,06,19,,1.5,0.8,1.3*35
$GPGSV,3,1,11,14,67,006,29,17,53,321,32,30,50,211,28,22,49,335,28*7F
$GPGSV,3,2,11,19,36,283,35,02,28,039,37,07,28,178,23,06,28,213,20*70
$GPGSV,3,3,11,03,26,102,24,21,12,039,36,13,05,267,18*49
$GPRMC,181806.000,A,2632.6791,N,07703.3458,W,0.67,136.43,220324,,,A*78
$GPVTG,136.43,T,,M,0.67,N,1.2,K,A*0C
$GPGGA,181811.000,2632.6776,N,07703.3439,W,1,11,0.8,0.5,M,-33.0,M,,0000*65
$GPGSA,A,3,30,14,17,13,02,22,03,21,07,06,19,,1.5,0.8,1.3*35
$GPGSV,3,1,11,14,67,006,25,17,53,321,33,30,50,211,28,22,49,335,34*7F
$GPGSV,3,2,11,19,36,283,35,02,28,039,35,07,28,178,23,06,28,213,26*74
$GPGSV,3,3,11,03,26,102,25,21,12,039,30,13,05,267,27*42
$GPRMC,181811.000,A,2632.6776,N,07703.3439,W,1.85,123.31,220324,,,A*7C
$GPVTG,123.31,T,,M,1.85,N,3.4,K,A*04
$GPGGA,181816.000,2632.6758,N,07703.3414,W,1,11,0.8,2.0,M,-33.0,M,,0000*66
$GPGSA,A,3,30,14,17,13,02,22,03,21,07,06,19,,1.5,0.8,1.3*35
$GPGSV,3,1,11,14,67,006,27,17,53,321,33,30,50,211,27,22,49,335,34*72
$GPGSV,3,2,11,19,36,283,36,02,28,039,26,07,28,178,23,06,28,213,19*79
$GPGSV,3,3,11,03,26,102,21,21,12,039,24,13,05,267,32*47
$GPRMC,181816.000,A,2632.6758,N,07703.3414,W,1.78,146.70,220324,,,A*7C
$GPVTG,146.70,T,,M,1.78,N,3.3,K,A*07
$GPGGA,181821.000,2632.6735,N,07703.3394,W,1,11,0.8,2.6,M,-33.0,M,,0000*60
$GPGSA,A,3,30,14,17,13,02,22,03,21,07,06,19,,1.5,0.8,1.3*35
$GPGSV,3,1,11,14,67,006,30,17,53,321,34,30,50,211,27,22,49,335,35*72
$GPGSV,3,2,11,19,36,283,35,02,28,039,24,07,28,178,24,06,28,213,21*74
$GPGSV,3,3,11,03,26,102,24,21,12,039,18,13,05,267,24*4A
$GPRMC,181821.000,A,2632.6735,N,07703.3394,W,1.69,154.47,220324,,,A*7B
$GPVTG,154.47,T,,M,1.69,N,3.1,K,A*02
$GPGGA,181826.000,2632.6729,N,07703.3365,W,1,10,0.9,0.9,M,-33.0,M,,0000*69
$GPGSA,A,3,30,14,17,13,02,22,03,07,06,19,,,1.7,0.9,1.5*33
$GPGSV,3,1,11,14,67,006,27,17,53,321,34,30,50,211,34,22,49,335,27*75
$GPGSV,3,2,11,19,36,283,36,02,28,039,29,07,28,178,30,06,28,213,29*77
$GPGSV,3,3,11,03,26,102,24,21,12,039,,13,05,267,29*4E
$GPRMC,181826.000,A,2632.6729,N,07703.3365,W,2.10,86.77,220324,,,A*4F
$GPVTG,86.77,T,,M,2.10,N,3.9,K,A*3A
$GPGGA,181831.000,2632.6739,N,07703.3341,W,1,11,0.8,2.3,M,-33.0,M,,0000*60
$GPGSA,A,3,30,14,17,13,02,22,03,21,07,06,19,,1.5,0.8,1.3*35
$GPGSV,3,1,11,14,67,006,27,17,53,321,34,30,50,211,35,22,49,335,29*7A
$GPGSV,3,2,11,19,36,283,35,02,28,039,24,07,28,178,33,06,28,213,30*72
$GPGSV,3,3,11,03,26,102,23,21,12,039,18,13,05,267,22*4B
$GPVTG,74.64,T,,M,1.80,N,3.3,K,A*35
$GPGGA,181836.000,2632.6742,N,07703.3315,W,1,11,0.8,3.3,M,-33.0,M,,0000*6B
$GPGSA,A,3,30,14,17,13,02,22,03,21,07,06,19,,1.5,0.8,1.3*35
$GPGSV,3,1,11,14,67,006,27,17,53,321,35,30,50,211,34,22,49,335,32*70
$GPGSV,3,2,11,19,36,283,36,02,28,039,29,07,28,178,24,06,28,213,31*7B
$GPGSV,3,3,11,03,26,102,22,21,12,039,27,13,05,267,27*43
$GPRMC,181836.000,A,2632.6742,N,07703.3315,W,1.94,90.54,220324,,,A*4D
$GPVTG,90.54,T,,M,1.94,N,3.6,K,A*3C
$GPGGA,181841.000,2632.6742,N,07703.3283,W,1,11,0.8,2.1,M,-33.0,M,,0000*66
$GPGSA,A,3,30,14,17,13,02,22,03,21,07,06,19,,1.5,0.8,1.2*34
$GPGSV,3,1,11,14,67,006,28,17,53,321,35,30,50,211,30,22,49,335,30*79
$GPGSV,3,2,11,19,36,283,35,02,28,039,28,07,28,178,23,06,28,213,31*7E
$GPGSV,3,3,11,03,26,102,22,21,12,039,19,13,05,267,23*4A
$GPRMC,181841.000,A,2632.6742,N,07703.3283,W,1.19,98.63,220324,,,A*4A
$GPVTG,98.63,T,,M,1.19,N,2.2,K,A*30
$GPGGA,181846.000,2632.6745,N,07703.3276,W,1,10,0.9,3.5,M,-33.0,M,,0000*69
$GPGSA,A,3,30,14,17,13,02,22,03,07,06,19,,,1.7,0.9,1.5*33
$GPGSV,3,1,11,14,67,006,27,17,53,321,30,30,50,211,38,22,49,335,28*72
$GPGSV,3,2,11,19,36,283,33,02,28,039,21,07,28,178,33,06,28,213,32*73
$GPGSV,3,3,11,03,26,102,23,21,12,039,21,13,05,267,31*43
$GPRMC,181846.000,A,2632.6745,N,07703.3276,W,0.17,338.54,220324,,,A*72
$GPVTG,338.54,T,,M,0.17,N,0.3,K,A*01
$GPGGA,181851.000,2632.6741,N,07703.3264,W,1,11,0.8,3.8,M,-33.0,M,,0000*65
$GPGSA,A,3,30,14,17,13,02,22,03,21,07,06,19,,1.5,0.8,1.2*34
$GPGSV,3,1,11,14,67,006,25,17,53,321,28,30,50,211,33,22,49,335,23*79
$GPGSV,3,2,11,19,36,283,30,02,28,039,25,07,28,178,35,06,28,213,33*73
$GPGSV,3,3,11,03,26,102,22,21,12,039,20,13,05,267,23*40
$GPRMC,181851.000,A,2632.6741,N,07703.3264,W,0.96,102.43,220324,,,A*77
$GPVTG,102.43,T,,M,0.96,N,1.8,K,A*0F
$GPGGA,181856.000,2632.6737,N,07703.3252,W,1,10,1.0,4.9,M,-33.0,M,,0000*68
$GPGSA,A,3,30,14,17,02,22,03,21,07,06,19,,,2.1,1.0,1.8*32
$GPGSV,3,1,11,14,67,006,24,17,53,321,19,30,50,211,31,22,49,335,28*73
$GPGSV,3,2,11,19,36,283,33,02,28,039,13,07,28,178,37,06,28,213,33*77
$GPGSV,3,3,11,03,26,102,31,21,12,039,20,13,05,267,21*40
$GPRMC,181856.000,A,2632.6737,N,07703.3252,W,0.11,183.82,220324,,,A*7F
$GPVTG,183.82,T,,M,0.11,N,0.2,K,A*0F
$GPGGA,181901.000,2632.6736,N,07703.3244,W,1,10,1.0,7.2,M,-33.0,M,,0000*65
$GPGSA,A,3,30,14,17,02,22,03,21,07,06,19,,,2.1,1.0,1.8*32
$GPGSV,3,1,11,14,67,006,23,17,53,321,33,30,50,211,34,22,49,335,29*78
$GPGSV,3,2,11,19,36,283,38,02,28,039,26,07,28,178,26,06,28,213,33*7A
$GPRMC,181901.000,A,2632.6736,N,07703.3244,W,0.87,48.26,220324,,,A*4D
$GPVTG,48.26,T,,M,0.87,N,1.6,K,A*3D
$GPGGA,181906.000,2632.6751,N,07703.3224,W,1,10,1.0,9.3,M,-33.0,M,,0000*6A
$GPGSA,A,3,30,14,17,02,22,03,21,07,06,19,,,2.1,1.0,1.8*32
$GPGSV,3,1,11,14,67,006,26,17,53,321,33,30,50,211,35,22,49,335,29*7C
$GPGSV,3,2,11,19,36,283,34,02,28,039,23,07,28,178,29,06,28,213,32*7D
$GPGSV,3,3,11,03,26,102,23,21,12,039,21,13,05,267,17*47
$GPRMC,181906.000,A,2632.6751,N,07703.3224,W,1.28,54.69,220324,,,A*4F
$GPGGA,181911.000,2632.6769,N,07703.3207,W,1,10,1.0,11.7,M,-33.0,M,,0000*5B
$GPGSA,A,3,30,14,17,02,22,03,21,07,06,19,,,2.1,1.0,1.8*32
$GPGSV,3,1,11,14,67,006,26,17,53,321,33,30,50,211,35,22,49,335,29*7C
$GPGSV,3,2,11,19,36,283,35,02,28,039,23,07,28,178,26,06,28,213,32*73
$GPGSV,3,3,11,03,26,102,23,21,12,039,21,13,05,267,19*49
$GPRMC,181911.000,A,2632.6769,N,07703.3207,W,0.84,23.67,220324,,,A*4A
$GPVTG,23.67,T,,M,0.84,N,1.6,K,A*36
$GPGGA,181916.000,2632.6779,N,07703.3198,W,1,10,1.0,16.8,M,-33.0,M,,0000*50
$GPGSA,A,3,30,14,17,02,22,03,21,07,06,19,,,2.1,1.0,1.8*32
$GPGSV,3,1,11,14,67,006,26,17,53,321,33,30,50,211,35,22,49,335,30*74
$GPGSV,3,2,11,19,36,283,36,02,28,039,23,07,28,178,27,06,28,213,31*72
$GPGSV,3,3,11,03,26,102,23,21,12,039,29,13,05,267,17*4F
$GPRMC,181916.000,A,2632.6779,N,07703.3198,W,1.23,92.60,220324,,,A*48
$GPVTG,92.60,T,,M,1.23,N,2.3,K,A*31
$GPGGA,181921.000,2632.6789,N,07703.3175,W,1,10,1.0,19.8,M,-33.0,M,,0000*57
$GPGSA,A,3,30,14,17,02,22,03,21,07,06,19,,,2.1,1.0,1.8*32
$GPGSV,3,1,11,14,67,006,25,17,53,321,33,30,50,211,34,22,49,335,30*76
$GPGSV,3,2,11,19,36,283,35,02,28,039,24,07,28,178,27,06,28,213,23*75
$GPGSV,3,3,11,03,26,102,23,21,12,039,25,13,05,267,17*43
$GPRMC,181921.000,A,2632.6789,N,07703.3175,W,1.39,92.68,220324,,,A*43
$GPVTG,92.68,T,,M,1.39,N,2.6,K,A*37
$GPGGA,181926.000,2632.6804,N,07703.3157,W,1,10,1.0,21.9,M,-33.0,M,,0000*50
$GPGSA,A,3,30,14,17,02,22,03,21,07,06,19,,,2.1,1.0,1.8*32
$GPGSV,3,1,11,14,67,006,25,17,53,321,33,30,50,211,34,22,49,335,30*76
$GPGSV,3,2,11,19,36,283,36,02,28,039,22,07,28,178,31,06,28,213,35*70
$GPGSV,3,3,11,03,26,102,23,21,12,039,19,13,05,267,23*4B
$GPRMC,181926.000,A,2632.6804,N,07703.3157,W,2.16,55.81,220324,,,A*4C
$GPVTG,55.81,T,,M,2.16,N,4.0,K,A*35
$GPGGA,181931.000,2632.6819,N,07703.3129,W,1,10,1.0,21.5,M,-33.0,M,,0000*5F
$GPGSA,A,3,30,14,17,02,22,03,21,07,06,19,,,2.1,1.0,1.8*32
$GPGSV,3,1,11,14,67,006,26,17,53,321,33,30,50,211,35,22,49,335,31*75
$GPGSV,3,2,11,19,36,283,36,02,28,039,23,07,28,178,31,06,28,213,35*71
$GPGSV,3,3,11,03,26,102,23,21,12,039,22,13,05,267,23*43
$GPVTG,72.12,T,,M,1.79,N,3.3,K,A*34
$GPGGA,181936.000,2632.6834,N,07703.3094,W,1,10,1.0,15.8,M,-33.0,M,,0000*5A
$GPGSA,A,3,30,14,17,02,22,03,21,07,06,19,,,2.1,1.0,1.8*32
$GPGSV,3,1,11,14,67,006,28,17,53,321,25,30,50,211,27,22,49,335,26*79
$GPGSV,3,2,11,19,36,283,24,02,28,039,29,07,28,178,32,06,28,213,26*79
$GPGSV,3,3,11,03,26,102,29,21,12,039,35,13,05,267,17*48
$GPRMC,181936.000,A,2632.6834,N,07703.3094,W,0.98,62.23,220324,,,A*48
$GPVTG,62.23,T,,M,0.98,N,1.8,K,A*30
$GPGGA,181941.000,2632.6845,N,07703.3071,W,1,10,1.0,11.6,M,-33.0,M,,0000*5D
$GPGSA,A,3,30,14,17,02,22,03,21,07,06,19,,,2.1,1.0,1.8*32
$GPGSV,3,1,11,14,67,006,27,17,53,321,33,30,50,211,29,22,49,335,31*79
$GPGSV,3,2,11,19,36,283,35,02,28,039,23,07,28,178,27,06,28,213,33*73
$GPGSV,3,3,11,03,26,102,20,21,12,039,22,13,05,267,27*44
$GPRMC,181941.000,A,2632.6845,N,07703.3071,W,2.26,72.68,220324,,,A*4C
$GPVTG,72.68,T,,M,2.26,N,4.2,K,A*36
$GPGGA,181946.000,2632.6859,N,07703.3050,W,1,10,1.0,8.4,M,-33.0,M,,0000*6E
$GPGSA,A,3,30,14,17,02,22,03,21,07,06,19,,,2.1,1.0,1.8*32
$GPGSV,3,1,11,14,67,006,26,17,53,321,33,30,50,211,26,22,49,335,30*76
$GPGSV,3,2,11,19,36,283,35,02,28,039,24,07,28,178,24,06,28,213,25*70
$GPGSV,3,3,11,03,26,102,21,21,12,039,22,13,05,267,18*49
$GPRMC,181946.000,A,2632.6859,N,07703.3050,W,1.91,61.48,220324,,,A*4A
$GPVTG,61.48,T,,M,1.91,N,3.5,K,A*39
$GPGGA,181951.000,2632.6871,N,07703.3021,W,1,10,1.0,9.2,M,-33.0,M,,0000*63
$GPGSA,A,3,30,14,17,02,22,03,21,07,06,19,,,2.1,1.0,1.8*32
$GPGSV,3,1,11,14,67,006,26,17,53,321,33,30,50,211,29,22,49,335,29*71
$GPGSV,3,2,11,19,36,283,31,02,28,039,23,07,28,178,27,06,28,213,32*76
$GPGSV,3,3,11,03,26,102,22,21,12,039,22,13,05,267,20*41
$GPRMC,181951.000,A,2632.6871,N,07703.3021,W,1.84,61.69,220324,,,A*47
$GPVTG,61.69,T,,M,1.84,N,3.4,K,A*3F
$GPGGA,181956.000,2632.6885,N,07703.2998,W,1,10,1.0,8.5,M,-33.0,M,,0000*63
$GPGSA,A,3,30,14,17,02,22,03,21,07,06,19,,,2.1,1.0,1.8*32
$GPGSV,3,1,11,14,67,006,26,17,53,321,34,30,50,211,30,22,49,335,29*7E
$GPGSV,3,2,11,19,36,283,32,02,28,039,23,07,28,178,30,06,28,213,24*74
$GPGSV,3,3,11,03,26,102,23,21,12,039,23,13,05,267,21*40
$GPRMC,181956.000,A,2632.6885,N,07703.2998,W,1.69,59.88,220324,,,A*46
$GPVTG,59.88,T,,M,1.69,N,3.1,K,A*3D
$GPGGA,182001.000,2632.6895,N,07703.2965,W,1,10,1.0,9.9,M,-33.0,M,,0000*65
$GPGSA,A,3,30,14,17,02,22,03,21,07,06,19,,,2.1,1.0,1.8*32
$GPGSV,3,1,11,14,68,009,26,17,53,323,34,22,50,336,29,30,49,210,31*7F
$GPGSV,3,2,11,19,36,285,32,06,29,214,25,02,27,039,23,03,27,100,21*7E
$GPRMC,182001.000,A,2632.6895,N,07703.2965,W,1.95,58.13,220324,,,A*4D
$GPVTG,58.13,T,,M,1.95,N,3.6,K,A*3A
$GPGGA,182006.000,2632.6902,N,07703.2935,W,1,10,1.0,11.4,M,-33.0,M,,0000*5C
$GPGSA,A,3,30,14,17,02,22,03,21,07,06,19,,,2.1,1.0,1.8*32
$GPGSV,3,1,11,14,68,009,26,17,53,323,33,22,50,336,29,30,49,210,32*7B
$GPGSV,3,2,11,19,36,285,32,06,29,214,29,02,27,039,23,03,27,100,21*72
$GPGSV,3,3,11,07,27,177,32,21,11,039,23,13,04,266,24*41
$GPRMC,182006.000,A,2632.6902,N,07703.2935,W,2.32,72.94,220324,,,A*49
$GPGGA,182011.000,2632.6913,N,07703.2903,W,1,10,1.0,12.0,M,-33.0,M,,0000*58
$GPGSA,A,3,30,14,17,02,22,03,21,07,06,19,,,2.1,1.0,1.8*32
$GPGSV,3,1,11,14,68,009,26,17,53,323,33,22,50,336,29,30,49,210,32*7B
$GPGSV,3,2,11,19,36,285,33,06,29,214,29,02,27,039,23,03,27,100,21*73
$GPGSV,3,3,11,07,27,177,32,21,11,039,23,13,04,266,26*43
$GPRMC,182011.000,A,2632.6913,N,07703.2903,W,2.24,72.59,220324,,,A*4C
$GPVTG,72.59,T,,M,2.24,N,4.2,K,A*36
$GPGGA,182016.000,2632.6928,N,07703.2870,W,1,10,1.0,12.0,M,-33.0,M,,0000*52
$GPGSA,A,3,30,14,17,02,22,03,21,07,06,19,,,2.1,1.0,1.8*32
$GPGSV,3,1,11,14,68,009,26,17,53,323,33,22,50,336,29,30,49,210,32*7B
$GPGSV,3,2,11,19,36,285,30,06,29,214,35,02,27,039,23,03,27,100,21*7D
$GPGSV,3,3,11,07,27,177,31,21,11,039,23,13,04,266,20*46
$GPRMC,182016.000,A,2632.6928,N,07703.2870,W,2.14,62.19,220324,,,A*40
$GPVTG,62.19,T,,M,2.14,N,4.0,K,A*32
$GPGGA,182021.000,2632.6942,N,07703.2849,W,1,09,1.0,10.8,M,-33.0,M,,0000*52
$GPGSA,A,3,30,14,17,02,22,03,07,06,19,,,,2.6,1.0,2.4*39
$GPGSV,3,1,12,14,68,009,25,17,53,323,33,22,50,336,29,30,49,210,33*7A
$GPGSV,3,2,12,19,36,285,37,06,29,214,35,02,27,039,18,03,27,100,20*70
$GPGSV,3,3,12,07,27,177,36,21,11,039,,13,04,266,21,48,21,253,35*7F
$GPRMC,182021.000,A,2632.6942,N,07703.2849,W,1.23,23.55,220324,,,A*48
$GPVTG,23.55,T,,M,1.23,N,2.3,K,A*3D
$GPGGA,182026.000,2632.6964,N,07703.2836,W,1,10,1.0,8.5,M,-33.0,M,,0000*65
$GPGSA,A,3,30,14,17,02,22,03,21,07,06,19,,,2.1,1.0,1.8*32
$GPGSV,3,1,12,14,68,009,21,17,53,323,25,22,50,336,26,30,49,210,32*77
$GPGSV,3,2,12,19,36,285,37,06,29,214,29,02,27,039,19,03,27,100,20*7C
$GPGSV,3,3,12,07,27,177,35,21,11,039,17,13,04,266,37,48,21,253,31*79
$GPRMC,182026.000,A,2632.6964,N,07703.2836,W,1.29,18.11,220324,,,A*41
$GPVTG,18.11,T,,M,1.29,N,2.4,K,A*38
$GPGGA,182031.000,2632.6985,N,07703.2821,W,1,10,1.0,8.0,M,-33.0,M,,0000*6F
$GPGSA,A,3,30,14,17,02,22,03,21,07,06,19,,,2.1,1.0,1.8*32
$GPGSV,3,1,12,14,68,009,22,17,53,323,29,22,50,336,28,30,49,210,34*70
$GPGSV,3,2,12,19,36,285,33,06,29,214,30,02,27,039,20,03,27,100,20*7A
$GPRMC,182031.000,A,2632.6985,N,07703.2821,W,0.63,53.49,220324,,,A*43
$GPVTG,53.49,T,,M,0.63,N,1.2,K,A*30
$GPGGA,182036.000,2632.6988,N,07703.2816,W,1,10,1.0,4.3,M,-33.0,M,,0000*6E
$GPGSA,A,3,30,14,17,02,22,03,21,07,06,19,,,2.1,1.0,1.8*32
$GPGSV,3,1,12,14,68,009,22,17,53,323,30,22,50,336,25,30,49,210,34*75
$GPGSV,3,2,12,19,36,285,33,06,29,214,36,02,27,039,20,03,27,100,21*7D
$GPGSV,3,3,12,07,27,177,35,21,11,039,17,13,04,266,25,48,21,253,30*7B
$GPRMC,182036.000,A,2632.6988,N,07703.2816,W,0.18,156.64,220324,,,A*7A
$GPGGA,182041.000,2632.6990,N,07703.2813,W,1,10,1.0,3.8,M,-33.0,M,,0000*6E
$GPGSA,A,3,30,14,17,02,22,03,21,07,06,19,,,2.1,1.0,1.8*32
$GPGSV,3,1,12,14,68,009,23,17,53,323,31,22,50,336,32,30,49,210,36*71
$GPGSV,3,2,12,19,36,285,34,06,29,214,36,02,27,039,20,03,27,100,21*7A
$GPGSV,3,3,12,07,27,177,35,21,11,039,16,13,04,266,27,48,21,253,30*78
$GPRMC,182041.000,A,2632.6990,N,07703.2813,W,0.82,66.37,220324,,,A*41
$GPVTG,66.37,T,,M,0.82,N,1.5,K,A*37
$GPGGA,182046.000,2632.7001,N,07703.2793,W,1,10,1.0,5.2,M,-33.0,M,,0000*62
$GPGSA,A,3,30,14,17,02,22,03,21,07,06,19,,,2.1,1.0,1.8*32
$GPGSV,3,1,12,14,68,009,27,17,53,323,30,22,50,336,31,30,49,210,34*75
$GPGSV,3,2,12,19,36,285,33,06,29,214,27,02,27,039,20,03,27,100,22*7E
$GPGSV,3,3,12,07,27,177,36,21,11,039,20,13,04,266,21,48,21,253,30*78
$GPRMC,182046.000,A,2632.7001,N,07703.2793,W,1.65,48.96,220324,,,A*4E
$GPVTG,48.96,T,,M,1.65,N,3.0,K,A*3F
$GPGGA,182051.000,2632.7021,N,07703.2777,W,1,10,1.0,5.1,M,-33.0,M,,0000*6F
$GPGSA,A,3,30,14,17,02,22,03,21,07,06,19,,,2.1,1.0,1.8*32
$GPGSV,3,1,12,14,68,009,27,17,53,323,32,22,50,336,28,30,49,210,36*7D
$GPGSV,3,2,12,19,36,285,34,06,29,214,32,02,27,039,22,03,27,100,23*7E
$GPGSV,3,3,12,07,27,177,34,21,11,039,21,13,04,266,28,48,21,253,31*73
$GPRMC,182051.000,A,2632.7021,N,07703.2777,W,2.18,60.16,220324,,,A*4B
$GPVTG,60.16,T,,M,2.18,N,4.0,K,A*33
$GPGGA,182056.000,2632.7036,N,07703.2741,W,1,10,1.0,7.0,M,-33.0,M,,0000*68
$GPGSA,A,3,30,14,17,02,22,03,21,07,06,19,,,2.1,1.0,1.8*32
$GPGSV,3,1,12,14,68,009,27,17,53,323,32,22,50,336,32,30,49,210,31*71
$GPGSV,3,2,12,19,36,285,29,06,29,214,32,02,27,039,22,03,27,100,24*75
$GPGSV,3,3,12,07,27,177,36,21,11,039,22,13,04,266,21,48,21,253,23*78
$GPRMC,182056.000,A,2632.7036,N,07703.2741,W,2.07,68.26,220324,,,A*4A
$GPVTG,68.26,T,,M,2.07,N,3.8,K,A*39
$GPGGA,182101.000,2632.7050,N,07703.2713,W,1,10,1.0,9.1,M,-33.0,M,,0000*63
$GPGSA,A,3,30,14,17,02,22,03,21,07,06,19,,,2.1,1.0,1.8*32
$GPGSV,3,1,12,14,68,009,26,17,53,323,27,22,50,336,24,30,49,210,32*70
$GPGSV,3,2,12,19,36,285,30,06,29,214,25,02,27,039,22,03,27,100,19*75
$GPGSV,3,3,12,07,27,177,34,21,11,039,21,13,04,266,30,48,21,253,28*72
$GPRMC,182101.000,A,2632.7050,N,07703.2713,W,1.63,39.42,220324,,,A*49
$GPVTG,39.42,T,,M,1.63,N,3.0,K,A*36
$GPGGA,182106.000,2632.7067,N,07703.2682,W,1,10,1.0,9.1,M,-33.0,M,,0000*69
$GPGSA,A,3,30,14,17,02,22,03,21,07,06,19,,,2.1,1.0,1.8*32
$GPGSV,3,1,12,14,68,009,26,17,53,323,30,22,50,336,30,30,49,210,33*72
$GPGSV,3,2,12,19,36,285,30,06,29,214,26,02,27,039,22,03,27,100,22*7E
$GPRMC,182106.000,A,2632.7067,N,07703.2682,W,2.03,53.12,220324,,,A*4F
$GPVTG,53.12,T,,M,2.03,N,3.8,K,A*32
$GPGGA,182111.000,2632.7085,N,07703.2659,W,1,10,1.0,9.6,M,-33.0,M,,0000*62
$GPGSA,A,3,30,14,17,02,22,03,21,07,06,19,,,2.1,1.0,1.8*32
$GPGSV,3,1,12,14,68,009,25,17,53,323,31,22,50,336,32,30,49,210,28*78
$GPGSV,3,2,12,19,36,285,26,06,29,214,31,02,27,039,15,03,27,100,23*7A
$GPGSV,3,3,12,07,27,177,37,21,11,039,16,13,04,266,32,48,21,253,36*78
$GPRMC,182111.000,A,2632.7085,N,07703.2659,W,2.16,61.86,220324,,,A*4B
$GPGGA,182116.000,2632.7098,N,07703.2632,W,1,10,1.0,9.6,M,-33.0,M,,0000*64
$GPGSA,A,3,30,14,17,02,22,03,21,07,06,19,,,2.1,1.0,1.8*32
$GPGSV,3,1,12,14,68,009,26,17,53,323,31,22,50,336,33,30,49,210,31*72
$GPGSV,3,2,12,19,36,285,26,06,29,214,31,02,27,039,21,03,27,100,22*7C
$GPGSV,3,3,12,07,27,177,29,21,11,039,23,13,04,266,29,48,21,253,33*7E
$GPRMC,182116.000,A,2632.7098,N,07703.2632,W,1.79,61.03,220324,,,A*4A
$GPVTG,61.03,T,,M,1.79,N,3.3,K,A*36
$GPGGA,182121.000,2632.7111,N,07703.2598,W,1,09,1.0,11.5,M,-33.0,M,,0000*51
$GPGSA,A,3,30,14,17,02,22,03,07,06,19,,,,2.6,1.0,2.4*39
$GPGSV,3,1,12,14,68,009,26,17,53,323,32,22,50,336,33,30,49,210,32*72
$GPGSV,3,2,12,19,36,285,32,06,29,214,31,02,27,039,21,03,27,100,21*7A
$GPGSV,3,3,12,07,27,177,31,21,11,039,,13,04,266,18,48,21,253,35*72
$GPRMC,182121.000,A,2632.7111,N,07703.2598,W,2.25,66.95,220324,,,A*4F
$GPVTG,66.95,T,,M,2.25,N,4.2,K,A*32
$GPGGA,182126.000,2632.7124,N,07703.2561,W,1,09,1.0,12.4,M,-33.0,M,,0000*54
$GPGSA,A,3,30,14,17,02,22,03,07,06,19,,,,2.6,1.0,2.4*39
$GPGSV,3,1,12,14,68,009,25,17,53,323,32,22,50,336,30,30,49,210,38*78
$GPGSV,3,2,12,19,36,285,31,06,29,214,36,02,27,039,21,03,27,100,23*7C
$GPGSV,3,3,12,07,27,177,31,21,11,039,,13,04,266,29,48,21,253,33*76
$GPRMC,182126.000,A,2632.7124,N,07703.2561,W,2.83,60.58,220324,,,A*43
$GPVTG,60.58,T,,M,2.83,N,5.2,K,A*38
$GPGGA,182131.000,2632.7139,N,07703.2531,W,1,09,1.0,12.1,M,-33.0,M,,0000*5E
$GPGSA,A,3,30,14,17,02,22,03,07,06,19,,,,2.6,1.0,2.4*39
$GPGSV,3,1,12,14,68,009,25,17,53,323,29,22,50,336,30,30,49,210,36*7C
$GPGSV,3,2,12,19,36,285,28,06,29,214,37,02,27,039,20,03,27,100,23*74
$GPGSV,3,3,12,07,27,177,32,21,11,039,,13,04,266,30,48,21,253,31*7F
$GPRMC,182131.000,A,2632.7139,N,07703.2531,W,1.97,61.92,220324,,,A*4D
$GPVTG,61.92,T,,M,1.97,N,3.7,K,A*3A
$GPGGA,182136.000,2632.7156,N,07703.2512,W,1,09,1.0,10.5,M,-33.0,M,,0000*57
$GPGSA,A,3,30,14,17,02,22,03,07,06,19,,,,2.6,1.0,2.4*39
$GPGSV,3,1,12,14,68,009,25,17,53,323,26,22,50,336,22,30,49,210,35*73
$GPGSV,3,2,12,19,36,285,30,06,29,214,36,02,27,039,20,03,27,100,23*7C
$GPGSV,3,3,12,07,27,177,32,21,11,039,,13,04,266,16,48,21,253,33*79
$GPRMC,182136.000,A,2632.7156,N,07703.2512,W,1.64,60.32,220324,,,A*45
$GPVTG,60.32,T,,M,1.64,N,3.0,K,A*3A
$GPGGA,182141.000,2632.7175,N,07703.2487,W,1,09,1.0,9.8,M,-33.0,M,,0000*6E
$GPGSA,A,3,30,14,17,02,22,03,07,06,19,,,,2.6,1.0,2.4*39
$GPGSV,3,1,12,14,68,009,25,17,53,323,30,22,50,336,30,30,49,210,35*77
$GPGSV,3,2,12,19,36,285,29,06,29,214,36,02,27,039,19,03,27,100,23*7E
$GPGSV,3,3,12,07,27,177,33,21,11,039,,13,04,266,22,48,21,253,35*79
$GPVTG,59.90,T,,M,1.91,N,3.5,K,A*37
$GPGGA,182146.000,2632.7194,N,07703.2455,W,1,10,1.0,10.0,M,-33.0,M,,0000*51
$GPGSA,A,3,30,14,17,02,22,03,21,07,06,19,,,2.0,1.0,1.8*33
$GPGSV,3,1,12,14,68,009,25,17,53,323,30,22,50,336,31,30,49,210,34*77
$GPGSV,3,2,12,19,36,285,30,06,29,214,35,02,27,039,20,03,27,100,23*7F
$GPGSV,3,3,12,07,27,177,34,21,11,039,17,13,04,266,22,48,21,253,34*79
$GPRMC,182146.000,A,2632.7194,N,07703.2455,W,1.33,53.85,220324,,,A*40
$GPVTG,53.85,T,,M,1.33,N,2.5,K,A*30
$GPGGA,182151.000,2632.7202,N,07703.2420,W,2,10,1.0,10.8,M,-33.0,M,3.8,0000*77
$GPGSA,A,3,30,14,17,02,22,03,21,07,06,19,,,2.0,1.0,1.8*33
$GPGSV,3,1,12,14,68,009,25,17,53,323,31,22,50,336,33,30,49,210,34*74
$GPGSV,3,2,12,19,36,285,32,06,29,214,33,02,27,039,21,03,27,100,19*73
$GPGSV,3,3,12,07,27,177,33,21,11,039,16,13,04,266,19,48,21,253,35*76
$GPRMC,182151.000,A,2632.7202,N,07703.2420,W,2.25,75.27,220324,,,D*45
$GPVTG,75.27,T,,M,2.25,N,4.2,K,D*3C
$GPGGA,182156.000,2632.7215,N,07703.2388,W,2,10,1.0,10.3,M,-33.0,M,1.8,0000*7A
$GPGSA,A,3,30,14,17,02,22,03,21,07,06,19,,,2.0,1.0,1.8*33
$GPGSV,3,1,12,14,68,009,25,17,53,323,31,22,50,336,28,30,49,210,33*79
$GPGSV,3,2,12,19,36,285,33,06,29,214,33,02,27,039,21,03,27,100,20*78
$GPGSV,3,3,12,07,27,177,33,21,11,039,16,13,04,266,23,48,21,253,36*7C
$GPRMC,182156.000,A,2632.7215,N,07703.2388,W,2.12,71.05,220324,,,D*41
$GPVTG,71.05,T,,M,2.12,N,3.9,K,D*30
$GPGGA,182201.000,2632.7231,N,07703.2350,W,2,10,1.0,9.5,M,-33.0,M,1.8,0000*46
$GPGSA,A,3,30,14,17,02,22,03,21,07,06,19,,,2.0,1.0,1.8*33
$GPGSV,3,1,12,14,68,009,25,17,53,323,30,22,50,336,30,30,49,210,33*71
$GPGSV,3,2,12,19,36,285,25,06,29,214,35,02,27,039,21,03,27,100,21*78
$GPGSV,3,3,12,07,27,177,34,21,11,039,16,13,04,266,24,48,21,253,34*7E
$GPRMC,182201.000,A,2632.7231,N,07703.2350,W,1.89,66.47,220324,,,D*42
$GPVTG,66.47,T,,M,1.89,N,3.5,K,D*3D
$GPGGA,182206.000,2632.7241,N,07703.2317,W,2,10,1.0,10.4,M,-33.0,M,1.8,0000*7C
$GPGSA,A,3,30,14,17,02,22,03,21,07,06,19,,,2.0,1.0,1.8*33
$GPGSV,3,1,12,14,68,009,25,17,53,323,31,22,50,336,31,30,49,210,33*71
$GPGSV,3,2,12,19,36,285,33,06,29,214,35,02,27,039,21,03,27,100,21*7F
$GPGSV,3,3,12,07,27,177,34,21,11,039,17,13,04,266,23,48,21,253,33*7F
$GPRMC,182206.000,A,2632.7241,N,07703.2317,W,1.61,72.18,220324,,,D*48
$GPVTG,72.18,T,,M,1.61,N,3.0,K,D*31
$GPGGA,182211.000,2632.7255,N,07703.2276,W,2,10,1.0,9.5,M,-33.0,M,1.8,0000*40
$GPGSA,A,3,30,14,17,02,22,03,21,07,06,19,,,2.0,1.0,1.8*33
$GPGSV,3,1,12,14,68,009,17,17,53,323,32,22,50,336,32,30,49,210,34*77
$GPGSV,3,2,12,19,36,285,33,06,29,214,36,02,27,039,20,03,27,100,21*7D
$GPGSV,3,3,12,07,27,177,34,21,11,039,15,13,04,266,23,48,21,253,30*7E
$GPRMC,182211.000,A,2632.7255,N,07703.2276,W,2.67,74.58,220324,,,D*4A
$GPVTG,74.58,T,,M,2.67,N,5.0,K,D*30
$GPGGA,182216.000,2632.7258,N,07703.2238,W,2,09,1.0,9.5,M,-33.0,M,6.8,0000*4F
$GPGSA,A,3,30,14,17,02,22,03,07,06,19,,,,2.6,1.0,2.4*39
$GPGSV,3,1,12,14,68,009,22,17,53,323,21,22,50,336,25,30,49,210,34*75
$GPGSV,3,2,12,19,36,285,23,06,29,214,35,02,27,039,20,03,27,100,21*7F
$GPGSV,3,3,12,07,27,177,34,21,11,039,,13,04,266,23,48,21,253,27*7C
$GPRMC,182216.000,A,2632.7258,N,07703.2238,W,1.89,98.54,220324,,,D*47
$GPVTG,98.54,T,,M,1.89,N,3.5,K,D*3E
$GPGGA,182221.000,2632.7274,N,07703.2196,W,2,10,1.0,9.5,M,-33.0,M,11.8,0000*7C
$GPGSA,A,3,30,14,17,02,22,03,21,07,06,19,,,2.0,1.0,1.8*33
$GPGSV,3,1,11,14,68,009,26,17,53,323,33,22,50,336,33,30,49,210,33*71
$GPGSV,3,2,11,19,36,285,31,06,29,214,32,02,27,039,26,03,27,100,21*7E
$GPGSV,3,3,11,07,27,177,34,21,11,039,22,13,04,266,22*40
$GPVTG,76.86,T,,M,2.16,N,4.0,K,D*36
$GPGGA,182226.000,2632.7287,N,07703.2167,W,2,10,1.0,7.2,M,-33.0,M,16.8,0000*77
$GPGSA,A,3,30,14,17,02,22,03,21,07,06,19,,,2.0,1.0,1.8*33
$GPGSV,3,1,11,14,68,009,26,17,53,323,32,22,50,336,33,30,49,210,34*77
$GPGSV,3,2,11,19,36,285,34,06,29,214,32,02,27,039,25,03,27,100,20*79
$GPGSV,3,3,11,07,27,177,33,21,11,039,18,13,04,266,22*4E
$GPRMC,182226.000,A,2632.7287,N,07703.2167,W,2.09,82.79,220324,,,D*40
$GPVTG,82.79,T,,M,2.09,N,3.9,K,D*3D
$GPGGA,182231.000,2632.7298,N,07703.2131,W,1,10,1.0,6.0,M,-33.0,M,,0000*6D
$GPGSA,A,3,30,14,17,02,22,03,21,07,06,19,,,2.0,1.0,1.8*33
$GPGSV,3,1,11,14,68,009,26,17,53,323,33,22,50,336,33,30,49,210,33*71
$GPGSV,3,2,11,19,36,285,34,06,29,214,32,02,27,039,24,03,27,100,20*78
$GPGSV,3,3,11,07,27,177,33,21,11,039,17,13,04,266,31*43
$GPRMC,182231.000,A,2632.7298,N,07703.2131,W,1.60,63.66,220324,,,A*43
$GPVTG,63.66,T,,M,1.60,N,3.0,K,A*3C
$GPGGA,182236.000,2632.7306,N,07703.2099,W,1,10,1.0,9.0,M,-33.0,M,,0000*60
$GPGSA,A,3,30,14,17,02,22,03,21,07,06,19,,,2.0,1.0,1.8*33
$GPGSV,3,1,11,14,68,009,26,17,53,323,33,22,50,336,32,30,49,210,32*71
$GPGSV,3,2,11,19,36,285,33,06,29,214,32,02,27,039,24,03,27,100,20*7F
$GPGSV,3,3,11,07,27,177,30,21,11,039,18,13,04,266,22*4D
$GPRMC,182236.000,A,2632.7306,N,07703.2099,W,0.87,73.08,220324,,,A*40
$GPVTG,73.08,T,,M,0.87,N,1.6,K,A*39
$GPGGA,182241.000,2632.7313,N,07703.2073,W,1,09,1.0,11.2,M,-33.0,M,,0000*53
$GPGSA,A,3,30,14,17,02,22,03,07,06,19,,,,2.6,1.0,2.4*39
$GPGSV,3,1,11,14,68,009,26,17,53,323,33,22,50,336,32,30,49,210,32*71
$GPGSV,3,2,11,19,36,285,36,06,29,214,33,02,27,039,23,03,27,100,21*7D
$GPGSV,3,3,11,07,27,177,31,21,11,039,16,13,04,266,24*44
$GPRMC,182241.000,A,2632.7313,N,07703.2073,W,1.59,79.23,220324,,,A*41
$GPVTG,79.23,T,,M,1.59,N,2.9,K,A*34
$GPGGA,182246.000,2632.7320,N,07703.2032,W,1,09,1.0,13.5,M,-33.0,M,,0000*54
$GPGSA,A,3,30,14,17,02,22,03,07,06,19,,,,2.6,1.0,2.4*39
$GPGSV,3,1,11,14,68,009,26,17,53,323,28,22,50,336,32,30,49,210,33*7A
$GPGSV,3,2,11,19,36,285,27,06,29,214,35,02,27,039,16,03,27,100,22*7E
$GPGSV,3,3,11,07,27,177,35,21,11,039,,13,04,266,31*43
$GPRMC,182246.000,A,2632.7320,N,07703.2032,W,1.89,78.35,220324,,,A*48
$GPVTG,78.35,T,,M,1.89,N,3.5,K,A*32
$GPGGA,182251.000,2632.7333,N,07703.1987,W,1,09,1.0,13.2,M,-33.0,M,,0000*53
$GPGSA,A,3,30,14,17,02,22,03,07,06,19,,,,2.6,1.0,2.4*39
$GPGSV,3,1,11,14,68,009,19,17,53,323,20,22,50,336,24,30,49,210,33*79
$GPGSV,3,2,11,19,36,285,34,06,29,214,34,02,27,039,15,03,27,100,22*7E
$GPGSV,3,3,11,07,27,177,29,21,11,039,,13,04,266,32*4D
$GPVTG,79.35,T,,M,2.46,N,4.6,K,A*37
$GPGGA,182256.000,2632.7340,N,07703.1940,W,1,09,1.0,13.7,M,-33.0,M,,0000*5E
$GPGSA,A,3,30,14,17,02,22,03,07,06,19,,,,2.6,1.0,2.4*39
$GPGSV,3,1,11,14,68,009,27,17,53,323,28,22,50,336,33,30,49,210,34*7D
$GPGSV,3,2,11,19,36,285,21,06,29,214,35,02,27,039,20,03,27,100,21*7E
$GPGSV,3,3,11,07,27,177,29,21,11,039,,13,04,266,25*4B
$GPRMC,182256.000,A,2632.7340,N,07703.1940,W,2.30,66.35,220324,,,A*4E
$GPVTG,66.35,T,,M,2.30,N,4.3,K,A*3D
$GPGGA,182301.000,2632.7357,N,07703.1912,W,1,10,1.0,12.7,M,-33.0,M,,0000*55
$GPGSA,A,3,30,14,17,02,22,03,21,07,06,19,,,2.0,1.0,1.8*33
$GPGSV,3,1,11,14,69,012,27,17,53,325,29,22,52,337,33,30,48,209,34*7B
$GPGSV,3,2,11,19,37,286,30,06,30,214,35,03,28,098,22,02,26,039,21*78
$GPGSV,3,3,11,07,25,177,30,21,10,039,17,13,04,265,26*46
$GPRMC,182301.000,A,2632.7357,N,07703.1912,W,2.55,67.50,220324,,,A*4D
$GPVTG,67.50,T,,M,2.55,N,4.7,K,A*38
$GPGGA,182306.000,2632.7364,N,07703.1875,W,1,09,1.0,15.4,M,-33.0,M,,0000*5E
$GPGSA,A,3,30,14,17,22,03,21,07,06,19,,,,2.1,1.0,1.8*30
$GPGSV,3,1,11,14,69,012,27,17,53,325,29,22,52,337,25,30,48,209,34*7C
$GPGSV,3,2,11,19,37,286,33,06,30,214,30,03,28,098,21,02,26,039,*7E
$GPGSV,3,3,11,07,25,177,33,21,10,039,16,13,04,265,18*49
$GPRMC,182306.000,A,2632.7364,N,07703.1875,W,1.68,74.21,220324,,,A*43
$GPVTG,74.21,T,,M,1.68,N,3.1,K,A*30
$GPGGA,182311.000,2632.7378,N,07703.1840,W,1,09,1.0,15.5,M,-33.0,M,,0000*52
$GPGSA,A,3,30,14,17,22,03,21,07,06,19,,,,2.1,1.0,1.8*30
$GPGSV,3,1,11,14,69,012,25,17,53,325,24,22,52,337,18,30,48,209,34*7D
$GPGSV,3,2,11,19,37,286,24,06,30,214,31,03,28,098,21,02,26,039,*79
$GPGSV,3,3,11,07,25,177,27,21,10,039,15,13,04,265,18*4F
$GPRMC,182311.000,A,2632.7378,N,07703.1840,W,2.05,62.67,220324,,,A*43
$GPVTG,62.67,T,,M,2.05,N,3.8,K,A*34
$GPGGA,182316.000,2632.7391,N,07703.1813,W,1,10,1.0,13.7,M,-33.0,M,,0000*58
$GPGSA,A,3,30,14,17,02,22,03,21,07,06,19,,,2.0,1.0,1.8*33
$GPGSV,3,1,11,14,69,012,26,17,53,325,33,22,52,337,32,30,48,209,34*70
$GPGSV,3,2,11,19,37,286,31,06,30,214,32,03,28,098,21,02,26,039,25*79
$GPGSV,3,3,11,07,25,177,24,21,10,039,22,13,04,265,16*46
$GPRMC,182316.000,A,2632.7391,N,07703.1813,W,1.50,60.75,220324,,,A*47
$GPVTG,60.75,T,,M,1.50,N,2.8,K,A*37
$GPGGA,182321.000,2632.7417,N,07703.1789,W,1,10,1.0,11.6,M,-33.0,M,,0000*5A
$GPGSA,A,3,30,14,17,02,22,03,21,07,06,19,,,2.0,1.0,1.8*33
$GPGSV,3,1,11,14,69,012,26,17,53,325,32,22,52,337,32,30,48,209,35*70
$GPGSV,3,2,11,19,37,286,35,06,30,214,32,03,28,098,20,02,26,039,24*7D
$GPGSV,3,3,11,07,25,177,29,21,10,039,24,13,04,265,16*4D
$GPVTG,55.83,T,,M,1.79,N,3.3,K,A*39
$GPGGA,182326.000,2632.7432,N,07703.1772,W,1,10,1.0,13.7,M,-33.0,M,,0000*5D
$GPGSA,A,3,30,14,17,02,22,03,21,07,06,19,,,2.0,1.0,1.8*33
$GPGSV,3,1,11,14,69,012,22,17,53,325,29,22,52,337,31,30,48,209,36*7E
$GPGSV,3,2,11,19,37,286,35,06,30,214,32,03,28,098,20,02,26,039,24*7D
$GPGSV,3,3,11,07,25,177,28,21,10,039,29,13,04,265,17*40
$GPRMC,182326.000,A,2632.7432,N,07703.1772,W,1.43,34.23,220324,,,A*42
$GPVTG,34.23,T,,M,1.43,N,2.7,K,A*38
$GPGGA,182331.000,2632.7453,N,07703.1749,W,1,10,1.0,15.0,M,-33.0,M,,0000*55
$GPGSA,A,3,30,14,17,02,22,03,21,07,06,19,,,2.0,1.0,1.8*33
$GPGSV,3,1,11,14,69,012,23,17,53,325,29,22,52,337,30,30,48,209,37*7F
$GPGSV,3,2,11,19,37,286,35,06,30,214,32,03,28,098,20,02,26,039,19*73
$GPGSV,3,3,11,07,25,177,32,21,10,039,18,13,04,265,25*48
$GPRMC,182331.000,A,2632.7453,N,07703.1749,W,2.29,56.27,220324,,,A*44
$GPVTG,56.27,T,,M,2.29,N,4.2,K,A*34
$GPGGA,182336.000,2632.7471,N,07703.1723,W,1,10,1.0,17.7,M,-33.0,M,,0000*5B
$GPGSA,A,3,30,14,17,02,22,03,21,07,06,19,,,2.0,1.0,1.8*33
$GPGSV,3,1,11,14,69,012,24,17,53,325,29,22,52,337,30,30,48,209,36*79
$GPGSV,3,2,11,19,37,286,35,06,30,214,34,03,28,098,22,02,26,039,23*7E
$GPGSV,3,3,11,07,25,177,32,21,10,039,21,13,04,265,26*41
$GPRMC,182336.000,A,2632.7471,N,07703.1723,W,1.29,44.47,220324,,,A*49
$GPVTG,44.47,T,,M,1.29,N,2.4,K,A*32
$GPGGA,182341.000,2632.7491,N,07703.1701,W,1,10,1.0,21.9,M,-33.0,M,,0000*5E
$GPGSA,A,3,30,14,17,02,22,03,21,07,06,19,,,2.0,1.0,1.8*33
$GPGSV,3,1,11,14,69,012,24,17,53,325,28,22,52,337,29,30,48,209,32*74
$GPGSV,3,2,11,19,37,286,34,06,30,214,39,03,28,098,23,02,26,039,22*72
$GPGSV,3,3,11,07,25,177,32,21,10,039,21,13,04,265,28*4F
$GPRMC,182341.000,A,2632.7491,N,07703.1701,W,1.58,38.56,220324,,,A*4A
$GPVTG,38.56,T,,M,1.58,N,2.9,K,A*32
$GPGGA,182346.000,2632.7511,N,07703.1681,W,1,10,1.0,24.3,M,-33.0,M,,0000*56
$GPGSA,A,3,30,14,17,02,22,03,21,07,06,19,,,2.0,1.0,1.8*33
$GPGSV,3,1,11,14,69,012,23,17,53,325,29,22,52,337,29,30,48,209,33*73
$GPGSV,3,2,11,19,37,286,34,06,30,214,35,03,28,098,22,02,26,039,21*7C
$GPGSV,3,3,11,07,25,177,31,21,10,039,21,13,04,265,29*4D
$GPRMC,182346.000,A,2632.7511,N,07703.1681,W,1.63,19.49,220324,,,A*48
$GPVTG,19.49,T,,M,1.63,N,3.0,K,A*3F
$GPGGA,182351.000,2632.7536,N,07703.1653,W,1,10,1.0,25.1,M,-33.0,M,,0000*59
$GPGSA,A,3,30,14,17,02,22,03,21,07,06,19,,,2.0,1.0,1.8*33
$GPGSV,3,1,11,14,69,012,24,17,53,325,29,22,52,337,29,30,48,209,34*73
$GPGSV,3,2,11,19,37,286,34,06,30,214,33,03,28,098,21,02,26,039,21*79
$GPRMC,182351.000,A,2632.7536,N,07703.1653,W,1.76,35.33,220324,,,A*43
$GPVTG,35.33,T,,M,1.76,N,3.3,K,A*3B
$GPGGA,182356.000,2632.7562,N,07703.1633,W,1,10,1.0,25.2,M,-33.0,M,,0000*5A
$GPGSA,A,3,30,14,17,02,22,03,21,07,06,19,,,2.0,1.0,1.8*33
$GPGSV,3,1,11,14,69,012,23,17,53,325,29,22,52,337,29,30,48,209,33*73
$GPGSV,3,2,11,19,37,286,34,06,30,214,34,03,28,098,21,02,26,039,20*7F
$GPGSV,3,3,11,07,25,177,37,21,10,039,20,13,04,265,37*45
$GPRMC,182356.000,A,2632.7562,N,07703.1633,W,2.10,40.38,220324,,,A*49
$GPGGA,182401.000,2632.7587,N,07703.1614,W,1,10,1.0,25.0,M,-33.0,M,,0000*53
$GPGSA,A,3,30,14,17,02,22,03,21,07,06,19,,,2.0,1.0,1.8*33
$GPGSV,3,1,11,14,69,012,23,17,53,325,29,22,52,337,28,30,48,209,32*73
$GPGSV,3,2,11,19,37,286,35,06,30,214,34,03,28,098,20,02,26,039,20*7F
$GPGSV,3,3,11,07,25,177,32,21,10,039,20,13,04,265,37*40
$GPRMC,182401.000,A,2632.7587,N,07703.1614,W,2.17,25.79,220324,,,A*43
$GPVTG,25.79,T,,M,2.17,N,4.0,K,A*34
$GPGGA,182406.000,2632.7614,N,07703.1595,W,1,10,1.0,24.1,M,-33.0,M,,0000*57
$GPGSA,A,3,30,14,17,02,22,03,21,07,06,19,,,2.0,1.0,1.8*33
$GPGSV,3,1,11,14,69,012,23,17,53,325,30,22,52,337,28,30,48,209,36*7F
$GPGSV,3,2,11,19,37,286,36,06,30,214,33,03,28,098,20,02,26,039,19*71
$GPGSV,3,3,11,07,25,177,30,21,10,039,19,13,04,265,38*47
$GPRMC,182406.000,A,2632.7614,N,07703.1595,W,1.51,26.77,220324,,,A*4B
$GPVTG,26.77,T,,M,1.51,N,2.8,K,A*36
$GPGGA,182411.000,2632.7642,N,07703.1559,W,1,10,1.0,21.7,M,-33.0,M,,0000*51
$GPGSA,A,3,30,14,17,02,22,03,21,07,06,19,,,2.0,1.0,1.8*33
$GPGSV,3,1,11,14,69,012,23,17,53,325,31,22,52,337,37,30,48,209,26*71
$GPGSV,3,2,11,19,37,286,36,06,30,214,32,03,28,098,21,02,26,039,33*79
$GPGSV,3,3,11,07,25,177,26,21,10,039,28,13,04,265,32*48
$GPRMC,182411.000,A,2632.7642,N,07703.1559,W,1.73,75.50,220324,,,A*4D
$GPVTG,75.50,T,,M,1.73,N,3.2,K,A*3E
$GPGGA,182416.000,2632.7666,N,07703.1535,W,1,09,1.0,19.9,M,-33.0,M,,0000*57
$GPGSA,A,3,30,14,17,02,22,03,07,06,19,,,,2.6,1.0,2.4*39
$GPGSV,3,1,11,14,69,012,23,17,53,325,31,22,52,337,27,30,48,209,34*73
$GPGSV,3,2,11,19,37,286,37,06,30,214,37,03,28,098,22,02,26,039,20*7C
$GPGSV,3,3,11,07,25,177,32,21,10,039,,13,04,265,32*47
$GPRMC,182416.000,A,2632.7666,N,07703.1535,W,1.92,51.19,220324,,,A*42
$GPVTG,51.19,T,,M,1.92,N,3.6,K,A*3E
$GPGGA,182421.000,2632.7688,N,07703.1502,W,1,09,1.0,17.8,M,-33.0,M,,0000*58
$GPGSA,A,3,30,14,17,02,22,03,07,06,19,,,,2.6,1.0,2.4*39
$GPGSV,3,1,11,14,69,012,24,17,53,325,32,22,52,337,32,30,48,209,33*74
$GPGSV,3,2,11,19,37,286,37,06,30,214,37,03,28,098,24,02,26,039,22*78
$GPGSV,3,3,11,07,25,177,33,21,10,039,,13,04,265,28*4D
$GPVTG,48.46,T,,M,2.07,N,3.8,K,A*3D
$GPGGA,182426.000,2632.7703,N,07703.1477,W,1,10,1.0,18.8,M,-33.0,M,,0000*59
$GPGSA,A,3,30,14,17,02,22,03,21,07,06,19,,,2.0,1.0,1.8*33
$GPGSV,3,1,11,14,69,012,24,17,53,325,32,22,52,337,32,30,48,209,31*76
$GPGSV,3,2,11,19,37,286,37,06,30,214,37,03,28,098,24,02,26,039,24*7E
$GPGSV,3,3,11,07,25,177,33,21,10,039,18,13,04,265,26*4A
$GPRMC,182426.000,A,2632.7703,N,07703.1477,W,1.43,56.96,220324,,,A*48
$GPVTG,56.96,T,,M,1.43,N,2.6,K,A*33
$GPGGA,182431.000,2632.7716,N,07703.1440,W,1,10,1.0,21.0,M,-33.0,M,,0000*5D
$GPGSA,A,3,30,14,17,02,22,03,21,07,06,19,,,2.0,1.0,1.8*33
$GPGSV,3,1,11,14,69,012,25,17,53,325,32,22,52,337,31,30,48,209,31*74
$GPGSV,3,2,11,19,37,286,35,06,30,214,37,03,28,098,24,02,26,039,24*7C
$GPGSV,3,3,11,07,25,177,33,21,10,039,17,13,04,265,30*42
$GPRMC,182431.000,A,2632.7716,N,07703.1440,W,1.93,71.46,220324,,,A*4B
$GPVTG,71.46,T,,M,1.93,N,3.6,K,A*37
$GPGGA,182436.000,2632.7733,N,07703.1403,W,1,10,1.0,19.7,M,-33.0,M,,0000*56
$GPGSA,A,3,30,14,17,02,22,03,21,07,06,19,,,2.0,1.0,1.8*33
$GPGSV,3,1,11,14,69,012,24,17,53,325,33,22,52,337,32,30,48,209,32*74
$GPGSV,3,2,11,19,37,286,33,06,30,214,37,03,28,098,24,02,26,039,25*7B
$GPGSV,3,3,11,07,25,177,34,21,10,039,19,13,04,265,29*43
$GPRMC,182436.000,A,2632.7733,N,07703.1403,W,2.55,71.96,220324,,,A*48
$GPVTG,71.96,T,,M,2.55,N,4.7,K,A*35
$GPGGA,182441.000,2632.7744,N,07703.1365,W,1,10,1.0,19.0,M,-33.0,M,,0000*56
$GPGSA,A,3,30,14,17,02,22,03,21,07,06,19,,,2.0,1.0,1.8*33
$GPGSV,3,1,11,14,69,012,25,17,53,325,33,22,52,337,32,30,48,209,33*74
$GPGSV,3,2,11,19,37,286,35,06,30,214,32,03,28,098,23,02,26,039,24*7E
$GPGSV,3,3,11,07,25,177,26,21,10,039,18,13,04,265,28*40
$GPRMC,182441.000,A,2632.7744,N,07703.1365,W,2.24,70.82,220324,,,A*4D
$GPVTG,70.82,T,,M,2.24,N,4.1,K,A*31
$GPGGA,182446.000,2632.7759,N,07703.1330,W,1,10,1.0,20.8,M,-33.0,M,,0000*5F
$GPGSA,A,3,30,14,17,02,22,03,21,07,06,19,,,2.0,1.0,1.8*33
$GPGSV,3,1,11,14,69,012,25,17,53,325,33,22,52,337,32,30,48,209,33*74
$GPGSV,3,2,11,19,37,286,35,06,30,214,34,03,28,098,24,02,26,039,23*78
$GPGSV,3,3,11,07,25,177,35,21,10,039,18,13,04,265,29*43
$GPRMC,182446.000,A,2632.7759,N,07703.1330,W,2.35,63.60,220324,,,A*48
$GPVTG,63.60,T,,M,2.35,N,4.4,K,A*3A
$GPGGA,182451.000,2632.7775,N,07703.1296,W,1,10,1.0,18.8,M,-33.0,M,,0000*51
$GPGSA,A,3,30,14,17,02,22,03,21,07,06,19,,,2.0,1.0,1.8*33
$GPGSV,3,1,11,14,69,012,26,17,53,325,32,22,52,337,32,30,48,209,33*76
$GPGSV,3,2,11,19,37,286,33,06,30,214,35,03,28,098,23,02,26,039,24*7F
$GPRMC,182451.000,A,2632.7775,N,07703.1296,W,1.94,73.71,220324,,,A*44
$GPVTG,73.71,T,,M,1.94,N,3.6,K,A*36
$GPGGA,182456.000,2632.7785,N,07703.1260,W,1,10,1.0,18.2,M,-33.0,M,,0000*5A
$GPGSA,A,3,30,14,17,02,22,03,21,07,06,19,,,2.0,1.0,1.8*33
$GPGSV,3,1,11,14,70,014,26,17,53,326,32,22,52,337,31,30,47,208,34*71
$GPGSV,3,2,11,19,37,287,31,06,31,215,35,03,28,098,23,02,25,039,23*78
$GPGSV,3,3,11,07,24,177,30,21,10,040,16,13,03,264,24*4C
$GPRMC,182456.000,A,2632.7785,N,07703.1260,W,1.58,63.18,220324,,,A*4B
$GPGGA,182501.000,2632.7794,N,07703.1238,W,1,10,1.0,20.4,M,-33.0,M,,0000*59
$GPGSA,A,3,30,14,17,02,22,03,21,07,06,19,,,2.0,1.0,1.8*33
$GPGSV,3,1,11,14,70,014,26,17,53,326,32,22,52,337,32,30,47,208,34*72
$GPGSV,3,2,11,19,37,287,31,06,31,215,30,03,28,098,22,02,25,039,23*7C
$GPGSV,3,3,11,07,24,177,35,21,10,040,14,13,03,264,16*4A
$GPRMC,182501.000,A,2632.7794,N,07703.1238,W,1.43,73.65,220324,,,A*44
$GPVTG,73.65,T,,M,1.43,N,2.7,K,A*39
$GPGGA,182506.000,2632.7807,N,07703.1205,W,1,09,1.0,20.5,M,-33.0,M,,0000*5C
$GPGSA,A,3,30,14,17,02,22,03,07,06,19,,,,2.6,1.0,2.3*3E
$GPGSV,3,1,11,14,70,014,25,17,53,326,32,22,52,337,32,30,47,208,35*70
$GPGSV,3,2,11,19,37,287,32,06,31,215,31,03,28,098,21,02,25,039,20*7E
$GPGSV,3,3,11,07,24,177,36,21,10,040,,13,03,264,17*4D
$GPRMC,182506.000,A,2632.7807,N,07703.1205,W,2.20,77.09,220324,,,A*40
$GPVTG,77.09,T,,M,2.20,N,4.1,K,A*31
$GPGGA,182511.000,2632.7824,N,07703.1160,W,1,09,1.0,19.4,M,-33.0,M,,0000*50
$GPGSA,A,3,30,14,17,02,22,03,07,06,19,,,,2.6,1.0,2.3*3E
$GPGSV,3,1,11,14,70,014,25,17,53,326,32,22,52,337,32,30,47,208,34*71
$GPGSV,3,2,11,19,37,287,32,06,31,215,32,03,28,098,21,02,25,039,27*7A
$GPGSV,3,3,11,07,24,177,30,21,10,040,,13,03,264,17*4B
$GPRMC,182511.000,A,2632.7824,N,07703.1160,W,3.06,77.20,220324,,,A*49
$GPVTG,77.20,T,,M,3.06,N,5.7,K,A*38
$GPGGA,182516.000,2632.7836,N,07703.1122,W,1,10,1.0,19.5,M,-33.0,M,,0000*5B
$GPGSA,A,3,30,14,17,02,22,03,21,07,06,19,,,2.0,1.0,1.8*33
$GPGSV,3,1,11,14,70,014,25,17,53,326,32,22,52,337,32,30,47,208,35*70
$GPGSV,3,2,11,19,37,287,33,06,31,215,28,03,28,098,21,02,25,039,21*76
$GPGSV,3,3,11,07,24,177,31,21,10,040,21,13,03,264,18*46
$GPRMC,182516.000,A,2632.7836,N,07703.1122,W,1.83,82.00,220324,,,A*4C
$GPVTG,82.00,T,,M,1.83,N,3.4,K,A*3A
$GPGGA,182521.000,2632.7850,N,07703.1085,W,1,10,1.0,20.7,M,-33.0,M,,0000*5B
$GPGSA,A,3,30,14,17,02,22,03,21,07,06,19,,,2.0,1.0,1.8*33
$GPGSV,3,1,11,14,70,014,25,17,53,326,32,22,52,337,32,30,47,208,35*70
$GPGSV,3,2,11,19,37,287,33,06,31,215,30,03,28,098,21,02,25,039,22*7C
$GPGSV,3,3,11,07,24,177,29,21,10,040,20,13,03,264,19*4F
$GPVTG,72.10,T,,M,2.02,N,3.7,K,A*3D
$GPGGA,182526.000,2632.7861,N,07703.1043,W,1,10,1.0,20.2,M,-33.0,M,,0000*51
$GPGSA,A,3,30,14,17,02,22,03,21,07,06,19,,,2.0,1.0,1.8*33
$GPGSV,3,1,12,14,70,014,25,17,53,326,32,22,52,337,32,30,47,208,34*72
$GPGSV,3,2,12,19,37,287,33,06,31,215,31,03,28,098,21,02,25,039,20*7C
$GPGSV,3,3,12,07,24,177,30,21,10,040,19,13,03,264,20,48,21,253,29*74
$GPRMC,182526.000,A,2632.7861,N,07703.1043,W,1.58,76.56,220324,,,A*45
$GPVTG,76.56,T,,M,1.58,N,2.9,K,A*38
$GPGGA,182531.000,2632.7869,N,07703.1008,W,1,10,1.0,20.3,M,-33.0,M,,0000*51
$GPGSA,A,3,30,14,17,02,22,03,21,07,06,19,,,2.0,1.0,1.8*33
$GPGSV,3,1,12,14,70,014,26,17,53,326,32,22,52,337,32,30,47,208,34*71
$GPGSV,3,2,12,19,37,287,34,06,31,215,31,03,28,098,21,02,25,039,18*70
$GPGSV,3,3,12,07,24,177,31,21,10,040,18,13,03,264,21,48,21,253,24*78
$GPRMC,182531.000,A,2632.7869,N,07703.1008,W,2.16,83.58,220324,,,A*49
$GPVTG,83.58,T,,M,2.16,N,4.0,K,A*3A
$GPGGA,182536.000,2632.7877,N,07703.0972,W,1,10,1.0,21.5,M,-33.0,M,,0000*5B
$GPGSA,A,3,30,14,17,02,22,03,21,07,06,19,,,2.0,1.0,1.7*3C
$GPGSV,3,1,12,14,70,014,26,17,53,326,32,22,52,337,32,30,47,208,34*71
$GPGSV,3,2,12,19,37,287,33,06,31,215,32,03,28,098,20,02,25,039,20*7E
$GPGSV,3,3,12,07,24,177,31,21,10,040,17,13,03,264,20,48,21,253,34*77
$GPRMC,182536.000,A,2632.7877,N,07703.0972,W,1.77,80.47,220324,,,A*4D
$GPVTG,80.47,T,,M,1.77,N,3.3,K,A*37
$GPGGA,182541.000,2632.7885,N,07703.0938,W,2,10,1.0,21.9,M,-33.0,M,1.8,0000*70
$GPGSA,A,3,30,14,17,02,22,03,21,07,06,19,,,2.0,1.0,1.7*3C
$GPGSV,3,1,12,14,70,014,24,17,53,326,32,22,52,337,32,30,47,208,34*73
$GPGSV,3,2,12,19,37,287,33,06,31,215,32,03,28,098,21,02,25,039,19*75
$GPGSV,3,3,12,07,24,177,32,21,10,040,16,13,03,264,20,48,21,253,35*74
$GPRMC,182541.000,A,2632.7885,N,07703.0938,W,2.19,77.89,220324,,,D*4A
$GPVTG,77.89,T,,M,2.19,N,4.0,K,D*37
$GPGGA,182546.000,2632.7895,N,07703.0900,W,2,10,1.0,21.9,M,-33.0,M,1.8,0000*7D
$GPGSA,A,3,30,14,17,02,22,03,21,07,06,19,,,2.0,1.0,1.7*3C
$GPGSV,3,1,12,14,70,014,25,17,53,326,30,22,52,337,30,30,47,208,34*72
$GPGSV,3,2,12,19,37,287,29,06,31,215,32,03,28,098,21,02,25,039,19*7E
$GPGSV,3,3,12,07,24,177,30,21,10,040,15,13,03,264,,48,21,253,33*71
$GPRMC,182546.000,A,2632.7895,N,07703.0900,W,1.74,82.35,220324,,,D*42
$GPVTG,82.35,T,,M,1.74,N,3.2,K,D*37
$GPGGA,182551.000,2632.7899,N,07703.0872,W,2,10,1.0,21.5,M,-33.0,M,4.8,0000*7A
$GPGSA,A,3,30,14,17,02,22,03,21,07,06,19,,,2.0,1.0,1.7*3C
$GPGSV,3,1,12,14,70,014,23,17,53,326,30,22,52,337,30,30,47,208,34*74
$GPGSV,3,2,12,19,37,287,33,06,31,215,32,03,28,098,21,02,25,039,19*75
$GPGSV,3,3,12,07,24,177,27,21,10,040,19,13,03,264,,48,21,253,29*70
$GPRMC,182551.000,A,2632.7899,N,07703.0872,W,2.06,72.08,220324,,,D*4B
$GPVTG,72.08,T,,M,2.06,N,3.8,K,D*3A
$GPGGA,182556.000,2632.7916,N,07703.0845,W,2,10,1.0,19.3,M,-33.0,M,2.8,0000*74
$GPGSA,A,3,30,14,17,02,22,03,21,07,06,19,,,2.0,1.0,1.7*3C
$GPGSV,3,1,12,14,70,014,26,17,53,326,34,22,52,337,33,30,47,208,35*77
$GPGSV,3,2,12,19,37,287,32,06,31,215,33,03,28,098,21,02,25,039,20*7F
$GPRMC,182556.000,A,2632.7916,N,07703.0845,W,1.92,75.93,220324,,,D*45
$GPVTG,75.93,T,,M,1.92,N,3.6,K,D*3F
$GPGGA,182601.000,2632.7925,N,07703.0808,W,2,10,1.0,18.2,M,-33.0,M,4.8,0000*7A
$GPGSA,A,3,30,14,17,02,22,03,21,07,06,19,,,2.0,1.0,1.7*3C
$GPGSV,3,1,12,14,70,014,23,17,53,326,34,22,52,337,33,30,47,208,35*72
$GPGSV,3,2,12,19,37,287,34,06,31,215,33,03,28,098,21,02,25,039,21*78
$GPGSV,3,3,12,07,24,177,31,21,10,040,19,13,03,264,,48,21,253,33*7C
$GPRMC,182601.000,A,2632.7925,N,07703.0808,W,2.36,83.85,220324,,,D*4E
$GPGGA,182606.000,2632.7935,N,07703.0765,W,2,10,1.0,17.5,M,-33.0,M,1.8,0000*75
$GPGSA,A,3,30,14,17,02,22,03,21,07,06,19,,,2.0,1.0,1.7*3C
$GPGSV,3,1,12,14,70,014,25,17,53,326,33,22,52,337,33,30,47,208,35*73
$GPGSV,3,2,12,19,37,287,34,06,31,215,35,03,28,098,21,02,25,039,22*7D
$GPGSV,3,3,12,07,24,177,26,21,10,040,20,13,03,264,,48,21,253,36*75
$GPRMC,182606.000,A,2632.7935,N,07703.0765,W,2.15,77.32,220324,,,D*4A
$GPVTG,77.32,T,,M,2.15,N,4.0,K,D*3B
$GPGGA,182611.000,2632.7949,N,07703.0729,W,2,10,1.0,16.4,M,-33.0,M,4.8,0000*75
$GPGSA,A,3,30,14,17,02,22,03,21,07,06,19,,,2.0,1.0,1.7*3C
$GPGSV,3,1,12,14,70,014,25,17,53,326,33,22,52,337,33,30,47,208,35*73
$GPGSV,3,2,12,19,37,287,36,06,31,215,34,03,28,098,22,02,25,039,22*7D
$GPGSV,3,3,12,07,24,177,32,21,10,040,20,13,03,264,,48,21,253,26*71
$GPRMC,182611.000,A,2632.7949,N,07703.0729,W,1.66,62.35,220324,,,D*4B
$GPVTG,62.35,T,,M,1.66,N,3.1,K,D*39
$GPGGA,182616.000,2632.7961,N,07703.0694,W,2,10,1.0,16.9,M,-33.0,M,9.8,0000*7F
$GPGSA,A,3,30,14,17,02,22,03,21,07,06,19,,,2.0,1.0,1.7*3C
$GPGSV,3,1,12,14,70,014,25,17,53,326,33,22,52,337,33,30,47,208,35*73
$GPGSV,3,2,12,19,37,287,31,06,31,215,34,03,28,098,21,02,25,039,23*78
$GPGSV,3,3,12,07,24,177,31,21,10,040,21,13,03,264,18,48,21,253,31*7C
$GPRMC,182616.000,A,2632.7961,N,07703.0694,W,2.07,74.26,220324,,,D*40
$GPVTG,74.26,T,,M,2.07,N,3.8,K,D*31
$GPGGA,182621.000,2632.7974,N,07703.0655,W,2,10,1.0,17.2,M,-33.0,M,14.8,0000*44
$GPGSA,A,3,30,14,17,02,22,03,21,07,06,19,,,2.0,1.0,1.7*3C
$GPGSV,3,1,12,14,70,014,25,17,53,326,33,22,52,337,33,30,47,208,35*73
$GPGSV,3,2,12,19,37,287,36,06,31,215,34,03,28,098,21,02,25,039,23*7F
$GPGSV,3,3,12,07,24,177,32,21,10,040,22,13,03,264,18,48,21,253,34*79
$GPRMC,182621.000,A,2632.7974,N,07703.0655,W,2.14,70.88,220324,,,D*4F
$GPVTG,70.88,T,,M,2.14,N,4.0,K,D*3C
$GPGGA,182626.000,2632.7984,N,07703.0609,W,2,10,1.0,18.9,M,-33.0,M,2.8,0000*76
$GPGSA,A,3,30,14,17,02,22,03,21,07,06,19,,,2.0,1.0,1.7*3C
$GPGSV,3,1,12,14,70,014,25,17,53,326,33,22,52,337,33,30,47,208,35*73
$GPGSV,3,2,12,19,37,287,32,06,31,215,33,03,28,098,20,02,25,039,24*7A
$GPGSV,3,3,12,07,24,177,32,21,10,040,23,13,03,264,17,48,21,253,35*76
$GPRMC,182626.000,A,2632.7984,N,07703.0609,W,2.24,80.26,220324,,,D*46
$GPVTG,80.26,T,,M,2.24,N,4.1,K,D*35
$GPGGA,182631.000,2632.7996,N,07703.0564,W,2,10,1.0,16.7,M,-33.0,M,1.8,0000*78
$GPGSA,A,3,30,14,17,02,22,03,21,07,06,19,,,2.0,1.0,1.7*3C
$GPGSV,3,1,12,14,70,014,25,17,53,326,33,22,52,337,33,30,47,208,34*72
$GPGSV,3,2,12,19,37,287,31,06,31,215,33,03,28,098,20,02,25,039,24*79
$GPGSV,3,3,12,07,24,177,32,21,10,040,22,13,03,264,17,48,21,253,36*74
$GPRMC,182631.000,A,2632.7996,N,07703.0564,W,3.19,74.09,220324,,,D*42
$GPVTG,74.09,T,,M,3.19,N,5.9,K,D*35
$GPGGA,182636.000,2632.8011,N,07703.0516,W,2,10,1.0,14.7,M,-33.0,M,1.8,0000*71
$GPGSA,A,3,30,14,17,02,22,03,21,07,06,19,,,2.0,1.0,1.7*3C
$GPGSV,3,1,12,14,70,014,25,17,53,326,32,22,52,337,33,30,47,208,34*73
$GPGSV,3,2,12,19,37,287,32,06,31,215,33,03,28,098,20,02,25,039,24*7A
$GPGSV,3,3,12,07,24,177,33,21,10,040,21,13,03,264,16,48,21,253,32*73
$GPVTG,78.87,T,,M,3.75,N,6.9,K,D*36
$GPGGA,182641.000,2632.8018,N,07703.0462,W,2,10,1.0,15.3,M,-33.0,M,6.8,0000*78
$GPGSA,A,3,30,14,17,02,22,03,21,07,06,19,,,2.0,1.0,1.7*3C
$GPGSV,3,1,12,14,70,014,24,17,53,326,31,22,52,337,32,30,47,208,33*77
$GPGSV,3,2,12,19,37,287,29,06,31,215,34,03,28,098,21,02,25,039,24*76
$GPGSV,3,3,12,07,24,177,33,21,10,040,20,13,03,264,17,48,21,253,33*72
$GPRMC,182641.000,A,2632.8018,N,07703.0462,W,2.75,77.67,220324,,,D*42
$GPVTG,77.67,T,,M,2.75,N,5.1,K,D*3D
$GPGGA,182646.000,2632.8031,N,07703.0418,W,2,10,1.0,13.4,M,-33.0,M,1.8,0000*7F
$GPGSA,A,3,30,14,17,02,22,03,21,07,06,19,,,2.0,1.0,1.7*3C
$GPGSV,3,1,12,14,70,014,25,17,53,326,31,22,52,337,32,30,47,208,33*76
$GPGSV,3,2,12,19,37,287,30,06,31,215,34,03,28,098,20,02,25,039,24*7F
$GPGSV,3,3,12,07,24,177,33,21,10,040,19,13,03,264,26,48,21,253,36*7F
$GPRMC,182646.000,A,2632.8031,N,07703.0418,W,2.61,75.27,220324,,,D*40
$GPVTG,75.27,T,,M,2.61,N,4.8,K,D*36
$GPGGA,182651.000,2632.8042,N,07703.0373,W,2,10,1.0,11.3,M,-33.0,M,2.8,0000*71
$GPGSA,A,3,30,14,17,02,22,03,21,07,06,19,,,2.0,1.0,1.7*3C
$GPGSV,3,1,12,14,70,014,25,17,53,326,32,22,52,337,32,30,47,208,33*75
$GPGSV,3,2,12,19,37,287,33,06,31,215,34,03,28,098,20,02,25,039,25*7D
$GPGSV,3,3,12,07,24,177,33,21,10,040,18,13,03,264,26,48,21,253,37*7F
$GPRMC,182651.000,A,2632.8042,N,07703.0373,W,2.93,73.72,220324,,,D*43
$GPVTG,73.72,T,,M,2.93,N,5.4,K,D*30
$GPGGA,182656.000,2632.8055,N,07703.0330,W,2,10,1.0,9.1,M,-33.0,M,2.8,0000*4C
$GPGSA,A,3,30,14,17,02,22,03,21,07,06,19,,,2.0,1.0,1.7*3C
$GPGSV,3,1,12,14,70,014,25,17,53,326,32,22,52,337,32,30,47,208,33*75
$GPGSV,3,2,12,19,37,287,33,06,31,215,34,03,28,098,20,02,25,039,22*7A
$GPGSV,3,3,12,07,24,177,33,21,10,040,16,13,03,264,26,48,21,253,36*70
$GPRMC,182656.000,A,2632.8055,N,07703.0330,W,3.62,76.40,220324,,,D*4E
$GPVTG,76.40,T,,M,3.62,N,6.7,K,D*3B
$GPGGA,182701.000,2632.8073,N,07703.0292,W,2,10,1.0,6.4,M,-33.0,M,1.8,0000*4B
$GPGSA,A,3,30,14,17,02,22,03,21,07,06,19,,,2.0,1.0,1.7*3C
$GPGSV,3,1,12,14,70,014,26,17,53,326,31,22,52,337,32,30,47,208,33*75
$GPGSV,3,2,12,19,37,287,33,06,31,215,34,03,28,098,20,02,25,039,23*7B
$GPGSV,3,3,12,07,24,177,27,21,10,040,16,13,03,264,,48,21,253,36*71
$GPRMC,182701.000,A,2632.8073,N,07703.0292,W,2.43,70.40,220324,,,D*44
$GPVTG,70.40,T,,M,2.43,N,4.5,K,D*3F
$GPGGA,182706.000,2632.8086,N,07703.0263,W,2,10,1.0,6.0,M,-33.0,M,5.8,0000*48
$GPGSA,A,3,30,14,17,02,22,03,21,07,06,19,,,2.0,1.0,1.7*3C
$GPGSV,3,1,12,14,70,014,25,17,53,326,31,22,52,337,32,30,47,208,34*71
$GPGSV,3,2,12,19,37,287,33,06,31,215,34,03,28,098,21,02,25,039,23*7A
$GPGSV,3,3,12,07,24,177,35,21,10,040,23,13,03,264,19,48,21,253,35*7F
$GPRMC,182706.000,A,2632.8086,N,07703.0263,W,2.07,79.14,220324,,,D*4F
$GPVTG,79.14,T,,M,2.07,N,3.8,K,D*3D
$GPGGA,182711.000,2632.8093,N,07703.0221,W,2,10,1.0,7.8,M,-33.0,M,1.8,0000*41
$GPGSA,A,3,30,14,17,02,22,03,21,07,06,19,,,2.0,1.0,1.7*3C
$GPGSV,3,1,12,14,70,014,25,17,53,326,32,22,52,337,32,30,47,208,34*72
$GPGSV,3,2,12,19,37,287,33,06,31,215,33,03,28,098,20,02,25,039,24*7B
$GPGSV,3,3,12,07,24,177,33,21,10,040,23,13,03,264,19,48,21,253,36*7A
$GPRMC,182711.000,A,2632.8093,N,07703.0221,W,2.50,70.93,220324,,,D*4F
$GPVTG,70.93,T,,M,2.50,N,4.6,K,D*30
$GPGGA,182716.000,2632.8101,N,07703.0178,W,2,10,1.0,8.1,M,-33.0,M,4.8,0000*40
$GPGSA,A,3,30,14,17,02,22,03,21,07,06,19,,,2.0,1.0,1.7*3C
$GPGSV,3,1,12,14,70,014,25,17,53,326,32,22,52,337,32,30,47,208,35*73
$GPGSV,3,2,12,19,37,287,33,06,31,215,34,03,28,098,22,02,25,039,21*7B
$GPGSV,3,3,12,07,24,177,28,21,10,040,22,13,03,264,29,48,21,253,32*76
$GPVTG,73.62,T,,M,2.54,N,4.7,K,D*38
$GPGGA,182721.000,2632.8107,N,07703.0142,W,2,10,1.0,9.7,M,-33.0,M,9.8,0000*41
$GPGSA,A,3,30,14,17,02,22,03,21,07,06,19,,,2.0,1.0,1.7*3C
$GPGSV,3,1,12,14,70,014,24,17,53,326,33,22,52,337,33,30,47,208,35*72
$GPGSV,3,2,12,19,37,287,34,06,31,215,33,03,28,098,21,02,25,039,21*78
$GPGSV,3,3,12,07,24,177,32,21,10,040,19,13,03,264,25,48,21,253,29*73
$GPRMC,182721.000,A,2632.8107,N,07703.0142,W,1.80,78.20,220324,,,D*48
$GPVTG,78.20,T,,M,1.80,N,3.3,K,D*3C
$GPGGA,182726.000,2632.8115,N,07703.0102,W,2,10,1.0,10.6,M,-33.0,M,3.8,0000*72
$GPGSA,A,3,30,14,17,02,22,03,21,07,06,19,,,2.0,1.0,1.7*3C
$GPGSV,3,1,12,14,70,014,25,17,53,326,33,22,52,337,33,30,47,208,35*73
$GPGSV,3,2,12,19,37,287,34,06,31,215,33,03,28,098,20,02,25,039,24*7C
$GPGSV,3,3,12,07,24,177,33,21,10,040,19,13,03,264,24,48,21,253,28*72
$GPRMC,182726.000,A,2632.8115,N,07703.0102,W,1.91,77.35,220324,,,D*43
$GPVTG,77.35,T,,M,1.91,N,3.5,K,D*31
$GPGGA,182731.000,2632.8125,N,07703.0061,W,2,10,1.0,11.7,M,-33.0,M,8.8,0000*78
$GPGSA,A,3,30,14,17,02,22,03,21,07,06,19,,,2.0,1.0,1.7*3C
$GPGSV,3,1,12,14,70,014,25,17,53,326,33,22,52,337,32,30,47,208,35*72
$GPGSV,3,2,12,19,37,287,34,06,31,215,34,03,28,098,20,02,25,039,24*7B
$GPGSV,3,3,12,07,24,177,33,21,10,040,19,13,03,264,22,48,21,253,30*7D
$GPRMC,182731.000,A,2632.8125,N,07703.0061,W,1.87,77.27,220324,,,D*46
$GPVTG,77.27,T,,M,1.87,N,3.5,K,D*35
$GPGGA,182736.000,2632.8130,N,07703.0016,W,2,10,1.0,15.3,M,-33.0,M,13.8,0000*41
$GPGSA,A,3,30,14,17,02,22,03,21,07,06,19,,,2.0,1.0,1.7*3C
$GPGSV,3,1,12,14,70,014,25,17,53,326,32,22,52,337,32,30,47,208,34*72
$GPGSV,3,2,12,19,37,287,37,06,31,215,35,03,28,098,21,02,25,039,24*78
$GPGSV,3,3,12,07,24,177,33,21,10,040,27,13,03,264,24,48,21,253,32*74
$GPRMC,182736.000,A,2632.8130,N,07703.0016,W,1.74,81.16,220324,,,D*42
$GPVTG,81.16,T,,M,1.74,N,3.2,K,D*35
$GPGGA,182741.000,2632.8137,N,07702.9980,W,1,10,1.0,18.0,M,-33.0,M,,0000*51
$GPGSA,A,3,30,14,17,02,22,03,21,07,06,19,,,2.0,1.0,1.7*3C
$GPGSV,3,1,12,14,70,014,25,17,53,326,33,22,52,337,33,30,47,208,34*72
$GPGSV,3,2,12,19,37,287,36,06,31,215,35,03,28,098,21,02,25,039,24*79
$GPGSV,3,3,12,07,24,177,33,21,10,040,23,13,03,264,19,48,21,253,31*7D
$GPRMC,182741.000,A,2632.8137,N,07702.9980,W,1.10,79.51,220324,,,A*48
$GPVTG,79.51,T,,M,1.10,N,2.0,K,A*35
$GPGGA,182746.000,2632.8146,N,07702.9946,W,1,10,1.0,20.4,M,-33.0,M,,0000*55
$GPGSA,A,3,30,14,17,02,22,03,21,07,06,19,,,2.0,1.0,1.7*3C
$GPGSV,3,1,12,14,70,014,25,17,53,326,34,22,52,337,33,30,47,208,34*75
$GPGSV,3,2,12,19,37,287,35,06,31,215,35,03,28,098,20,02,25,039,23*7C
$GPGSV,3,3,12,07,24,177,34,21,10,040,23,13,03,264,18,48,21,253,30*7A
$GPRMC,182746.000,A,2632.8146,N,07702.9946,W,2.35,74.02,220324,,,A*4C
$GPVTG,74.02,T,,M,2.35,N,4.4,K,A*38
$GPGGA,182751.000,2632.8159,N,07702.9909,W,1,10,1.0,21.4,M,-33.0,M,,0000*57
$GPGSA,A,3,30,14,17,02,22,03,21,07,06,19,,,2.0,1.0,1.7*3C
$GPGSV,3,1,12,14,70,014,25,17,53,326,34,22,52,337,33,30,47,208,35*74
$GPGSV,3,2,12,19,37,287,35,06,31,215,35,03,28,098,20,02,25,039,24*7B
$GPRMC,182751.000,A,2632.8159,N,07702.9909,W,1.92,71.76,220324,,,A*47
$GPVTG,71.76,T,,M,1.92,N,3.6,K,A*35
$GPGGA,182756.000,2632.8172,N,07702.9874,W,2,10,1.0,22.8,M,-33.0,M,2.8,0000*7A
$GPGSA,A,3,30,14,17,02,22,03,21,07,06,19,,,2.0,1.0,1.7*3C
$GPGSV,3,1,12,14,71,017,25,22,53,338,33,17,53,329,33,30,46,207,36*7D
$GPGSV,3,2,12,19,38,289,36,06,32,216,35,03,28,096,20,02,24,039,24*76
$GPGSV,3,3,12,07,23,176,33,21,09,040,22,13,03,263,23,48,29,248,32*7D
$GPRMC,182756.000,A,2632.8172,N,07702.9874,W,1.99,68.67,220324,,,D*44
$GPGGA,182801.000,2632.8187,N,07702.9837,W,2,10,1.0,22.9,M,-33.0,M,1.8,0000*78
$GPGSA,A,3,30,14,17,02,22,03,21,07,06,19,,,2.0,1.0,1.7*3C
$GPGSV,3,1,12,14,71,017,25,22,53,338,33,17,53,329,33,30,46,207,36*7D
$GPGSV,3,2,12,19,38,289,37,06,32,216,36,03,28,096,20,02,24,039,24*74
$GPGSV,3,3,12,07,23,176,28,21,09,040,20,13,03,263,29,48,29,248,33*7E
$GPRMC,182801.000,A,2632.8187,N,07702.9837,W,1.84,66.24,220324,,,D*41
$GPVTG,66.24,T,,M,1.84,N,3.4,K,D*34
$GPGGA,182806.000,2632.8202,N,07702.9805,W,2,10,1.0,24.0,M,-33.0,M,1.8,0000*7F
$GPGSA,A,3,30,14,17,02,22,03,21,07,06,19,,,2.0,1.0,1.7*3C
$GPGSV,3,1,12,14,71,017,26,22,53,338,32,17,53,329,33,30,46,207,36*7F
$GPGSV,3,2,12,19,38,289,37,06,32,216,36,03,28,096,21,02,24,039,24*75
$GPGSV,3,3,12,07,23,176,32,21,09,040,21,13,03,263,29,48,29,248,35*72
$GPRMC,182806.000,A,2632.8202,N,07702.9805,W,2.07,70.04,220324,,,D*44
$GPVTG,70.04,T,,M,2.07,N,3.8,K,D*35
$GPGGA,182811.000,2632.8218,N,07702.9771,W,2,10,1.0,24.7,M,-33.0,M,1.8,0000*79
$GPGSA,A,3,30,14,17,02,22,03,21,07,06,19,,,2.0,1.0,1.7*3C
$GPGSV,3,1,12,14,71,017,26,22,53,338,32,17,53,329,30,30,46,207,36*7C
$GPGSV,3,2,12,19,38,289,27,06,32,216,36,03,28,096,22,02,24,039,24*77
$GPGSV,3,3,12,07,23,176,26,21,09,040,20,13,03,263,33,48,29,248,35*7D
$GPRMC,182811.000,A,2632.8218,N,07702.9771,W,2.58,70.68,220324,,,D*45
$GPVTG,70.68,T,,M,2.58,N,4.8,K,D*32
$GPGGA,182816.000,2632.8236,N,07702.9742,W,2,10,1.0,21.5,M,-33.0,M,1.8,0000*75
$GPGSA,A,3,30,14,17,02,22,03,21,07,06,19,,,2.0,1.0,1.7*3C
$GPGSV,3,1,12,14,71,017,25,22,53,338,26,17,53,329,29,30,46,207,36*72
$GPGSV,3,2,12,19,38,289,35,06,32,216,36,03,28,096,23,02,24,039,24*75
$GPGSV,3,3,12,07,23,176,27,21,09,040,20,13,03,263,35,48,29,248,33*7C
$GPRMC,182816.000,A,2632.8236,N,07702.9742,W,2.43,69.21,220324,,,D*41
$GPVTG,69.21,T,,M,2.43,N,4.5,K,D*30
$GPGGA,182821.000,2632.8253,N,07702.9711,W,2,10,1.0,21.5,M,-33.0,M,3.8,0000*76
$GPGSA,A,3,30,14,17,02,22,03,21,07,06,19,,,2.0,1.0,1.7*3C
$GPGSV,3,1,12,14,71,017,26,22,53,338,29,17,53,329,31,30,46,207,35*74
$GPGSV,3,2,12,19,38,289,36,06,32,216,35,03,28,096,23,02,24,039,24*75
$GPGSV,3,3,12,07,23,176,27,21,09,040,20,13,03,263,19,48,29,248,30*71
$GPRMC,182821.000,A,2632.8253,N,07702.9711,W,2.00,60.70,220324,,,D*4A
$GPVTG,60.70,T,,M,2.00,N,3.7,K,D*3F
$GPGGA,182826.000,2632.8269,N,07702.9670,W,2,10,1.0,21.6,M,-33.0,M,2.8,0000*7C
$GPGSA,A,3,30,14,17,02,22,03,21,07,06,19,,,2.0,1.0,1.7*3C
$GPGSV,3,1,12,14,71,018,26,22,54,338,30,17,53,329,31,30,45,206,35*76
$GPGSV,3,2,12,19,38,289,34,06,32,216,36,03,28,096,22,02,24,039,24*75
$GPGSV,3,3,12,07,23,176,32,21,08,040,19,13,03,263,26,48,29,248,34*76
$GPRMC,182826.000,A,2632.8269,N,07702.9670,W,2.45,67.40,220324,,,D*47
$GPVTG,67.40,T,,M,2.45,N,4.5,K,D*3F
$GPGGA,182831.000,2632.8286,N,07702.9630,W,2,10,1.0,20.4,M,-33.0,M,1.8,0000*7F
$GPGSA,A,3,30,14,17,02,22,03,21,07,06,19,,,2.0,1.0,1.7*3C
$GPGSV,3,1,12,14,71,018,25,22,54,338,30,17,53,329,31,30,45,206,36*76
$GPGSV,3,2,12,19,38,289,35,06,32,216,37,03,28,096,21,02,24,039,24*76
$GPGSV,3,3,12,07,23,176,32,21,08,040,18,13,03,263,25,48,29,248,34*74
$GPVTG,68.64,T,,M,2.11,N,3.9,K,D*3C
$GPGGA,182836.000,2632.8300,N,07702.9589,W,2,10,1.0,18.8,M,-33.0,M,1.8,0000*71
$GPGSA,A,3,30,14,17,02,22,03,21,07,06,19,,,2.0,1.0,1.7*3C
$GPGSV,3,1,12,14,71,018,25,22,54,338,31,17,53,329,32,30,45,206,35*77
$GPGSV,3,2,12,19,38,289,36,06,32,216,36,03,28,096,22,02,24,039,23*70
$GPGSV,3,3,12,07,23,176,31,21,08,040,17,13,03,263,25,48,29,248,35*79
$GPRMC,182836.000,A,2632.8300,N,07702.9589,W,2.02,68.22,220324,,,D*45
$GPVTG,68.22,T,,M,2.02,N,3.7,K,D*32
$GPGGA,182841.000,2632.8316,N,07702.9553,W,2,09,1.0,18.9,M,-33.0,M,1.8,0000*78
$GPGSA,A,3,30,14,17,02,22,03,07,06,19,,,,2.5,1.0,2.3*3D
$GPGSV,3,1,12,14,71,018,26,22,54,338,30,17,53,329,31,30,45,206,35*76
$GPGSV,3,2,12,19,38,289,33,06,32,216,35,03,28,096,22,02,24,039,23*76
$GPGSV,3,3,12,07,23,176,30,21,08,040,,13,03,263,17,48,29,248,35*7F
$GPRMC,182841.000,A,2632.8316,N,07702.9553,W,2.16,68.81,220324,,,D*49
$GPVTG,68.81,T,,M,2.16,N,4.0,K,D*3E
$GPGGA,182846.000,2632.8333,N,07702.9511,W,2,09,1.0,17.7,M,-33.0,M,4.8,0000*7A
$GPGSA,A,3,30,14,17,02,22,03,07,06,19,,,,2.5,1.0,2.3*3D
$GPGSV,3,1,12,14,71,018,25,22,54,338,31,17,53,329,31,30,45,206,35*74
$GPGSV,3,2,12,19,38,289,34,06,32,216,36,03,28,096,22,02,24,039,23*72
$GPGSV,3,3,12,07,23,176,31,21,08,040,,13,03,263,22,48,29,248,36*7B
$GPRMC,182846.000,A,2632.8333,N,07702.9511,W,2.86,63.27,220324,,,D*41
$GPVTG,63.27,T,,M,2.86,N,5.3,K,D*32
$GPGGA,182851.000,2632.8353,N,07702.9476,W,2,09,1.0,16.6,M,-33.0,M,3.8,0000*7D
$GPGSA,A,3,30,14,17,02,22,03,07,06,19,,,,2.5,1.0,2.3*3D
$GPGSV,3,1,12,14,71,018,25,22,54,338,31,17,53,329,32,30,45,206,34*76
$GPGSV,3,2,12,19,38,289,33,06,32,216,35,03,28,096,22,02,24,039,23*76
$GPGSV,3,3,12,07,23,176,27,21,08,040,,13,03,263,22,48,29,248,28*73
$GPRMC,182851.000,A,2632.8353,N,07702.9476,W,2.41,65.57,220324,,,D*4B
$GPVTG,65.57,T,,M,2.41,N,4.5,K,D*3F
$GPGGA,182856.000,2632.8375,N,07702.9442,W,2,09,1.0,15.7,M,-33.0,M,8.8,0000*70
$GPGSA,A,3,30,14,17,02,22,03,07,06,19,,,,2.5,1.0,2.3*3D
$GPGSV,3,1,12,14,71,018,24,22,54,338,31,17,53,329,32,30,45,206,35*76
$GPGSV,3,2,12,19,38,289,33,06,32,216,35,03,28,096,23,02,24,039,23*77
$GPGSV,3,3,12,07,23,176,32,21,08,040,,13,03,263,21,48,29,248,27*7B
$GPRMC,182856.000,A,2632.8375,N,07702.9442,W,2.69,57.84,220324,,,D*4A
$GPVTG,57.84,T,,M,2.69,N,5.0,K,D*3E
$GPGGA,182901.000,2632.8398,N,07702.9411,W,2,09,1.0,13.3,M,-33.0,M,13.8,0000*4E
$GPGSA,A,3,30,14,17,02,22,03,07,06,19,,,,2.5,1.0,2.3*3D
$GPGSV,3,1,12,14,71,018,24,22,54,338,31,17,53,329,32,30,45,206,34*77
$GPGSV,3,2,12,19,38,289,30,06,32,216,34,03,28,096,24,02,24,039,22*73
$GPGSV,3,3,12,07,23,176,29,21,08,040,,13,03,263,16,48,29,248,34*77
$GPRMC,182901.000,A,2632.8398,N,07702.9411,W,2.32,52.86,220324,,,D*45
$GPVTG,52.86,T,,M,2.32,N,4.3,K,D*35
$GPGGA,182906.000,2632.8413,N,07702.9373,W,1,09,1.0,11.6,M,-33.0,M,,0000*5E
$GPGSA,A,3,30,14,17,02,22,03,07,06,19,,,,2.5,1.0,2.3*3D
$GPGSV,3,1,12,14,71,018,24,22,54,338,27,17,53,329,28,30,45,206,34*7B
$GPGSV,3,2,12,19,38,289,34,06,32,216,34,03,28,096,24,02,24,039,22*77
$GPRMC,182906.000,A,2632.8413,N,07702.9373,W,2.48,70.42,220324,,,A*45
$GPVTG,70.42,T,,M,2.48,N,4.6,K,A*30
$GPGGA,182911.000,2632.8425,N,07702.9331,W,1,09,1.0,14.2,M,-33.0,M,,0000*5A
$GPGSA,A,3,30,14,17,02,22,03,07,06,19,,,,2.5,1.0,2.2*3C
$GPGSV,3,1,12,14,71,018,25,22,54,338,35,17,53,329,35,30,45,206,33*72
$GPGSV,3,2,12,19,38,289,18,06,32,216,28,03,28,096,24,02,24,039,23*75
$GPGSV,3,3,12,07,23,176,26,21,08,040,,13,03,263,16,48,29,248,31*7D
$GPRMC,182911.000,A,2632.8425,N,07702.9331,W,2.90,75.08,220324,,,A*4E
$GPGGA,182916.000,2632.8431,N,07702.9279,W,1,09,1.0,15.9,M,-33.0,M,,0000*5F
$GPGSA,A,3,30,14,17,02,22,03,07,06,19,,,,2.5,1.0,2.2*3C
$GPGSV,3,1,11,14,71,018,25,22,54,338,35,17,53,329,34,30,45,206,34*77
$GPGSV,3,2,11,19,38,289,30,06,32,216,31,03,28,096,23,02,24,039,22*72
$GPGSV,3,3,11,07,23,176,27,21,08,040,,13,03,263,15*47
$GPRMC,182916.000,A,2632.8431,N,07702.9279,W,2.49,76.86,220324,,,A*40
$GPVTG,76.86,T,,M,2.49,N,4.6,K,A*3F
$GPGGA,182921.000,2632.8450,N,07702.9261,W,1,09,1.0,16.4,M,-33.0,M,,0000*5B
$GPGSA,A,3,30,14,17,02,22,03,07,06,19,,,,2.5,1.0,2.2*3C
$GPGSV,3,1,12,14,71,018,23,22,54,338,27,17,53,329,31,30,45,206,34*74
$GPGSV,3,2,12,19,38,289,31,06,32,216,25,03,28,096,23,02,24,039,22*75
$GPGSV,3,3,12,07,23,176,25,21,08,040,,13,03,263,15,48,29,248,25*78
$GPRMC,182921.000,A,2632.8450,N,07702.9261,W,1.71,64.32,220324,,,A*4E
$GPVTG,64.32,T,,M,1.71,N,3.2,K,A*38
$GPGGA,182926.000,2632.8464,N,07702.9229,W,1,09,1.0,13.1,M,-33.0,M,,0000*57
$GPGSA,A,3,30,14,17,02,22,03,07,06,19,,,,2.5,1.0,2.2*3C
$GPGSV,3,1,12,14,71,018,25,22,54,338,31,17,53,329,33,30,45,206,34*77
$GPGSV,3,2,12,19,38,289,26,06,32,216,26,03,28,096,24,02,24,039,22*77
$GPGSV,3,3,12,07,23,176,26,21,08,040,,13,03,263,,48,29,248,27*7D
$GPRMC,182926.000,A,2632.8464,N,07702.9229,W,2.23,67.85,220324,,,A*49
$GPVTG,67.85,T,,M,2.23,N,4.1,K,A*37
$GPGGA,182931.000,2632.8479,N,07702.9184,W,1,09,1.0,11.2,M,-33.0,M,,0000*58
$GPGSA,A,3,30,14,17,02,22,03,07,06,19,,,,2.5,1.0,2.2*3C
$GPGSV,3,1,11,14,71,018,25,22,54,338,29,17,53,329,30,30,45,206,33*79
$GPGSV,3,2,11,19,38,289,35,06,32,216,30,03,28,096,24,02,24,039,22*71
$GPGSV,3,3,11,07,23,176,27,21,08,040,,13,03,263,*43
$GPRMC,182931.000,A,2632.8479,N,07702.9184,W,2.40,68.25,220324,,,A*47
$GPVTG,68.25,T,,M,2.40,N,4.4,K,A*32
$GPGGA,182936.000,2632.8496,N,07702.9146,W,1,10,1.0,10.1,M,-33.0,M,,0000*5A
$GPGSA,A,3,30,14,17,21,02,22,03,07,06,19,,,1.9,1.0,1.7*36
$GPGSV,3,1,11,14,71,018,24,22,54,338,29,17,53,329,29,30,45,206,35*76
$GPGSV,3,2,11,19,38,289,31,06,32,216,39,03,28,096,24,02,24,039,22*7C
$GPRMC,182936.000,A,2632.8496,N,07702.9146,W,2.35,58.41,220324,,,A*4C
$GPVTG,58.41,T,,M,2.35,N,4.3,K,A*36
$GPGGA,182941.000,2632.8518,N,07702.9115,W,1,10,1.0,9.7,M,-33.0,M,,0000*65
$GPGSA,A,3,30,14,17,21,02,22,03,07,06,19,,,1.9,1.0,1.7*36
$GPGSV,3,1,12,14,71,018,24,22,54,338,29,17,53,329,30,30,45,206,36*7E
$GPGSV,3,2,12,19,38,289,28,06,32,216,38,03,28,096,23,02,24,039,21*72
$GPGSV,3,3,12,07,23,176,29,21,08,040,14,13,03,263,,48,29,248,28*78
$GPRMC,182941.000,A,2632.8518,N,07702.9115,W,2.32,50.26,220324,,,A*43
$GPGGA,182946.000,2632.8538,N,07702.9085,W,1,10,1.0,7.8,M,-33.0,M,,0000*69
$GPGSA,A,3,30,14,17,21,02,22,03,07,06,19,,,1.9,1.0,1.7*36
$GPGSV,3,1,12,14,71,018,24,22,54,338,28,17,53,329,31,30,45,206,36*7E
$GPGSV,3,2,12,19,38,289,37,06,32,216,36,03,28,096,23,02,24,039,22*71
$GPGSV,3,3,12,07,23,176,29,21,08,040,13,13,03,263,16,48,29,248,29*79
$GPRMC,182946.000,A,2632.8538,N,07702.9085,W,2.69,60.33,220324,,,A*47
$GPVTG,60.33,T,,M,2.69,N,5.0,K,A*33
$GPGGA,182951.000,2632.8559,N,07702.9055,W,1,10,1.0,8.2,M,-33.0,M,,0000*60
$GPGSA,A,3,30,14,17,21,02,22,03,07,06,19,,,1.9,1.0,1.7*36
$GPGSV,3,1,12,14,71,018,25,22,54,338,28,17,53,329,25,30,45,206,37*7B
$GPGSV,3,2,12,19,38,289,36,06,32,216,36,03,28,096,24,02,24,039,23*76
$GPGSV,3,3,12,07,23,176,27,21,08,040,13,13,03,263,,48,29,248,27*7E
$GPRMC,182951.000,A,2632.8559,N,07702.9055,W,2.32,45.83,220324,,,A*49
$GPVTG,45.83,T,,M,2.32,N,4.3,K,A*33
$GPGGA,182956.000,2632.8575,N,07702.9005,W,1,10,1.0,5.3,M,-33.0,M,,0000*60
$GPGSA,A,3,30,14,17,21,02,22,03,07,06,19,,,1.9,1.0,1.7*36
$GPGSV,3,1,12,14,71,018,25,22,54,338,33,17,53,329,34,30,45,206,35*73
$GPGSV,3,2,12,19,38,289,32,06,32,216,33,03,28,096,23,02,24,039,28*7B
$GPGSV,3,3,12,07,23,176,24,21,08,040,22,13,03,263,,48,29,248,28*70
$GPRMC,182956.000,A,2632.8575,N,07702.9005,W,2.55,83.60,220324,,,A*43
$GPVTG,83.60,T,,M,2.55,N,4.7,K,A*31
$GPGGA,183001.000,2632.8576,N,07702.8961,W,1,10,1.0,5.1,M,-33.0,M,,0000*61
$GPGSA,A,3,30,14,17,21,02,22,03,07,06,19,,,1.9,1.0,1.7*36
$GPGSV,3,1,12,14,71,018,30,22,54,338,32,17,53,329,28,30,45,206,35*7B
$GPGSV,3,2,12,19,38,289,33,06,32,216,30,03,28,096,23,02,24,039,28*79
$GPGSV,3,3,12,07,23,176,26,21,08,040,21,13,03,263,,48,29,248,27*7E
$GPRMC,183001.000,A,2632.8576,N,07702.8961,W,2.28,90.26,220324,,,A*4A
$GPVTG,90.26,T,,M,2.28,N,4.2,K,A*3E
$GPGGA,183006.000,2632.8576,N,07702.8924,W,1,10,1.0,6.5,M,-33.0,M,,0000*60
$GPGSA,A,3,30,14,17,21,02,22,03,07,06,19,,,1.9,1.0,1.7*36
$GPGSV,3,1,12,14,71,018,29,22,54,338,30,17,53,329,28,30,45,206,35*71
$GPGSV,3,2,12,19,38,289,31,06,32,216,33,03,28,096,23,02,24,039,25*75
$GPGSV,3,3,12,07,23,176,27,21,08,040,22,13,03,263,,48,29,248,33*79
$GPRMC,183006.000,A,2632.8576,N,07702.8924,W,2.14,85.88,220324,,,A*43
$GPVTG,85.88,T,,M,2.14,N,4.0,K,A*33
$GPGGA,183011.000,2632.8576,N,07702.8886,W,1,10,1.0,6.2,M,-33.0,M,,0000*68
$GPGSA,A,3,30,14,17,21,02,22,03,07,06,19,,,1.9,1.0,1.7*36
$GPGSV,3,1,12,14,71,018,27,22,54,338,28,17,53,329,29,30,45,206,33*71
$GPGSV,3,2,12,19,38,289,32,06,32,216,33,03,28,096,22,02,24,039,26*74
$GPRMC,183011.000,A,2632.8576,N,07702.8886,W,2.18,102.56,220324,,,A*7D
$GPVTG,102.56,T,,M,2.18,N,4.0,K,A*02
$GPGGA,183016.000,2632.8567,N,07702.8841,W,1,10,1.0,5.7,M,-33.0,M,,0000*62
$GPGSA,A,3,30,14,17,21,02,22,03,07,06,19,,,1.9,1.0,1.7*36
$GPGSV,3,1,12,14,71,018,28,22,54,338,35,17,53,329,35,30,45,206,25*78
$GPGSV,3,2,12,19,38,289,37,06,32,216,22,03,28,096,22,02,24,039,24*73
$GPGSV,3,3,12,07,23,176,22,21,08,040,21,13,03,263,16,48,29,248,28*72
$GPRMC,183016.000,A,2632.8567,N,07702.8841,W,2.54,99.72,220324,,,A*4C
$GPGGA,183021.000,2632.8557,N,07702.8806,W,1,10,1.0,5.8,M,-33.0,M,,0000*69
$GPGSA,A,3,30,14,17,21,02,22,03,07,06,19,,,1.9,1.0,1.7*36
$GPGSV,3,1,12,14,71,018,28,22,54,338,36,17,53,329,35,30,45,206,30*7F
$GPGSV,3,2,12,19,38,289,36,06,32,216,31,03,28,096,20,02,24,039,28*7E
$GPGSV,3,3,12,07,23,176,21,21,08,040,20,13,03,263,,48,29,248,24*7B
$GPRMC,183021.000,A,2632.8557,N,07702.8806,W,2.40,104.55,220324,,,A*7D
$GPVTG,104.55,T,,M,2.40,N,4.4,K,A*0E
$GPGGA,183026.000,2632.8551,N,07702.8779,W,1,10,1.0,4.7,M,-33.0,M,,0000*61
$GPGSA,A,3,30,14,17,21,02,22,03,07,06,19,,,1.9,1.0,1.7*36
$GPGSV,3,1,12,14,71,018,28,22,54,338,31,17,53,329,33,30,45,206,26*79
$GPGSV,3,2,12,19,38,289,35,06,32,216,20,03,28,096,19,02,24,039,27*78
$GPGSV,3,3,12,07,23,176,22,21,08,040,12,13,03,263,,48,29,248,31*7D
$GPRMC,183026.000,A,2632.8551,N,07702.8779,W,2.62,127.57,220324,,,A*78
$GPVTG,127.57,T,,M,2.62,N,4.9,K,A*00
$GPGGA,183031.000,2632.8527,N,07702.8751,W,1,10,1.0,2.9,M,-33.0,M,,0000*64
$GPGSA,A,3,30,14,17,21,02,22,03,07,06,19,,,1.9,1.0,1.7*36
$GPGSV,3,1,12,14,71,018,25,22,54,338,35,17,53,329,34,30,45,206,26*77
$GPGSV,3,2,12,19,38,289,36,06,32,216,20,03,28,096,21,02,24,039,30*76
$GPGSV,3,3,12,07,23,176,21,21,08,040,20,13,03,263,,48,29,248,30*7E
$GPRMC,183031.000,A,2632.8527,N,07702.8751,W,2.01,129.53,220324,,,A*7A
$GPVTG,129.53,T,,M,2.01,N,3.7,K,A*06
$GPGGA,183036.000,2632.8504,N,07702.8723,W,1,10,1.0,0.3,M,-33.0,M,,0000*6F
$GPGSA,A,3,30,14,17,21,02,22,03,07,06,19,,,1.9,1.0,1.7*36
$GPGSV,3,1,12,14,71,018,25,22,54,338,35,17,53,329,35,30,45,206,26*76
$GPGSV,3,2,12,19,38,289,36,06,32,216,21,03,28,096,22,02,24,039,29*7C
$GPGSV,3,3,12,07,23,176,21,21,08,040,24,13,03,263,,48,29,248,30*7A
$GPRMC,183036.000,A,2632.8504,N,07702.8723,W,2.27,139.81,220324,,,A*73
$GPVTG,139.81,T,,M,2.27,N,4.2,K,A*0E
$GPGGA,183041.000,2632.8468,N,07702.8695,W,1,10,1.0,-0.6,M,-33.0,M,,0000*40
$GPGSA,A,3,30,14,17,21,02,22,03,07,06,19,,,1.9,1.0,1.7*36
$GPGSV,3,1,12,14,71,018,25,22,54,338,33,17,53,329,35,30,45,206,26*70
$GPGSV,3,2,12,19,38,289,35,06,32,216,21,03,28,096,24,02,24,039,29*79
$GPGSV,3,3,12,07,23,176,22,21,08,040,24,13,03,263,,48,29,248,31*78
$GPRMC,183041.000,A,2632.8468,N,07702.8695,W,2.89,135.15,220324,,,A*71
$GPVTG,135.15,T,,M,2.89,N,5.4,K,A*0C
$GPGGA,183046.000,2632.8427,N,07702.8656,W,1,10,1.0,-0.3,M,-33.0,M,,0000*46
$GPGSA,A,3,30,14,17,21,02,22,03,07,06,19,,,1.9,1.0,1.7*36
$GPGSV,3,1,12,14,71,018,28,22,54,338,32,17,53,329,35,30,45,206,26*7C
$GPGSV,3,2,12,19,38,289,35,06,32,216,21,03,28,096,27,02,24,039,24*77
$GPGSV,3,3,12,07,23,176,23,21,08,040,17,13,03,263,,48,29,248,30*78
$GPVTG,141.25,T,,M,2.71,N,5.0,K,A*0F
$GPGGA,183051.000,2632.8402,N,07702.8631,W,1,10,1.0,1.0,M,-33.0,M,,0000*69
$GPGSA,A,3,30,14,17,21,02,22,03,07,06,19,,,1.9,1.0,1.7*36
$GPGSV,3,1,12,14,71,018,28,22,54,338,32,17,53,329,34,30,45,206,25*7E
$GPGSV,3,2,12,19,38,289,35,06,32,216,21,03,28,096,27,02,24,039,37*75
$GPGSV,3,3,12,07,23,176,23,21,08,040,29,13,03,263,,48,29,248,29*7D
$GPRMC,183051.000,A,2632.8402,N,07702.8631,W,2.53,135.03,220324,,,A*72
$GPGGA,183056.000,2632.8379,N,07702.8600,W,1,10,1.0,1.6,M,-33.0,M,,0000*61
$GPGSA,A,3,30,14,17,21,02,22,03,07,06,19,,,1.9,1.0,1.7*36
$GPGSV,3,1,12,14,71,018,27,22,54,338,32,17,53,329,34,30,45,206,26*72
$GPGSV,3,2,12,19,38,289,36,06,32,216,22,03,28,096,26,02,24,039,33*70
$GPGSV,3,3,12,07,23,176,23,21,08,040,28,13,03,263,26,48,29,248,31*71
$GPRMC,183056.000,A,2632.8379,N,07702.8600,W,2.49,127.59,220324,,,A*7B
$GPVTG,127.59,T,,M,2.49,N,4.6,K,A*08
$GPGGA,183101.000,2632.8359,N,07702.8568,W,1,10,1.0,2.4,M,-33.0,M,,0000*6C
$GPGSA,A,3,30,14,17,21,02,22,03,07,06,19,,,1.9,1.0,1.7*36
$GPGSV,3,1,12,14,71,018,27,22,54,338,33,17,53,329,34,30,45,206,25*70
$GPGSV,3,2,12,19,38,289,37,06,32,216,27,03,28,096,23,02,24,039,25*76
$GPGSV,3,3,12,07,23,176,23,21,08,040,16,13,03,263,27,48,29,248,30*7C
$GPRMC,183101.000,A,2632.8359,N,07702.8568,W,2.15,125.14,220324,,,A*75
$GPVTG,125.14,T,,M,2.15,N,4.0,K,A*0C
$GPGGA,183106.000,2632.8342,N,07702.8532,W,1,10,1.0,1.0,M,-33.0,M,,0000*69
$GPGSA,A,3,30,14,17,21,02,22,03,07,06,19,,,1.9,1.0,1.7*36
$GPGSV,3,1,12,14,71,018,27,22,54,338,33,17,53,329,33,30,45,206,26*74
$GPGSV,3,2,12,19,38,289,38,06,32,216,27,03,28,096,22,02,24,039,32*7E
$GPGSV,3,3,12,07,23,176,23,21,08,040,27,13,03,263,25,48,29,248,33*7F
$GPRMC,183106.000,A,2632.8342,N,07702.8532,W,2.60,119.62,220324,,,A*7B
$GPVTG,119.62,T,,M,2.60,N,4.8,K,A*08
$GPGGA,183111.000,2632.8327,N,07702.8499,W,1,10,1.0,0.7,M,-33.0,M,,0000*6A
$GPGSA,A,3,30,14,17,21,02,22,03,07,06,19,,,1.9,1.0,1.7*36
$GPGSV,3,1,12,14,71,018,27,22,54,338,33,17,53,329,33,30,45,206,32*71
$GPGSV,3,2,12,19,38,289,34,06,32,216,32,03,28,096,18,02,24,039,24*78
$GPGSV,3,3,12,07,23,176,26,21,08,040,14,13,03,263,23,48,29,248,32*7D
$GPRMC,183111.000,A,2632.8327,N,07702.8499,W,2.01,97.65,220324,,,A*49
$GPVTG,97.65,T,,M,2.01,N,3.7,K,A*37
$GPGGA,183116.000,2632.8327,N,07702.8473,W,1,10,1.0,3.2,M,-33.0,M,,0000*6F
$GPGSA,A,3,30,14,17,21,02,22,03,07,06,19,,,1.9,1.0,1.7*36
$GPGSV,3,1,12,14,71,018,27,22,54,338,32,17,53,329,30,30,45,206,22*72
$GPGSV,3,2,12,19,38,289,28,06,32,216,20,03,28,096,18,02,24,039,24*76
$GPGSV,3,3,12,07,23,176,17,21,08,040,21,13,03,263,22,48,29,248,32*78
$GPRMC,183116.000,A,2632.8327,N,07702.8473,W,1.49,119.78,220324,,,A*7E
$GPVTG,119.78,T,,M,1.49,N,2.8,K,A*0D
$GPGGA,183121.000,2632.8320,N,07702.8438,W,2,10,1.0,3.7,M,-33.0,M,5.8,0000*46
$GPGSA,A,3,30,14,17,21,02,22,03,07,06,19,,,1.9,1.0,1.7*36
$GPGSV,3,1,12,14,71,018,27,22,54,338,32,17,53,329,35,30,45,206,24*71
$GPGSV,3,2,12,19,38,289,33,06,32,216,25,03,28,096,20,02,24,039,25*73
$GPGSV,3,3,12,07,23,176,27,21,08,040,21,13,03,263,13,48,29,248,24*7E
$GPVTG,109.20,T,,M,2.03,N,3.8,K,D*08
$GPGGA,183126.000,2632.8305,N,07702.8402,W,2,10,1.0,4.7,M,-33.0,M,2.8,0000*4F
$GPGSA,A,3,30,14,17,21,02,22,03,07,06,19,,,1.9,1.0,1.6*37
$GPGSV,3,1,12,14,72,022,28,22,55,339,33,17,53,331,35,30,44,205,26*7C
$GPGSV,3,2,12,19,38,291,34,06,34,217,27,03,29,094,21,02,23,039,26*7E
$GPGSV,3,3,12,07,22,176,25,21,07,040,18,13,02,261,,11,00,217,*72
$GPRMC,183126.000,A,2632.8305,N,07702.8402,W,2.49,112.24,220324,,,D*7F
$GPGGA,183131.000,2632.8286,N,07702.8363,W,2,10,1.0,5.0,M,-33.0,M,1.8,0000*46
$GPGSA,A,3,30,14,17,21,02,22,03,07,06,19,,,1.9,1.0,1.6*37
$GPGSV,3,1,12,14,72,022,25,22,55,339,32,17,53,331,30,30,44,205,25*76
$GPGSV,3,2,12,19,38,291,35,06,34,217,22,03,29,094,24,02,23,039,35*7D
$GPGSV,3,3,12,07,22,176,24,21,07,040,29,13,02,261,18,11,00,217,*78
$GPRMC,183131.000,A,2632.8286,N,07702.8363,W,2.37,130.65,220324,,,D*7F
$GPVTG,130.65,T,,M,2.37,N,4.4,K,D*0F
$GPGGA,183136.000,2632.8273,N,07702.8327,W,2,10,1.0,4.0,M,-33.0,M,6.8,0000*4D
$GPGSA,A,3,30,14,17,21,02,22,03,07,06,19,,,1.9,1.0,1.6*37
$GPGSV,3,1,12,14,72,022,26,22,55,339,34,17,53,331,32,30,44,205,24*70
$GPGSV,3,2,12,19,38,291,36,06,34,217,30,03,29,094,22,02,23,039,27*78
$GPGSV,3,3,12,07,22,176,24,21,07,040,26,13,02,261,19,11,00,217,*76
$GPRMC,183136.000,A,2632.8273,N,07702.8327,W,2.48,116.70,220324,,,D*7A
$GPVTG,116.70,T,,M,2.48,N,4.6,K,D*05
$GPGGA,183141.000,2632.8257,N,07702.8296,W,2,10,1.0,4.9,M,-33.0,M,11.8,0000*7F
$GPGSA,A,3,30,14,17,21,02,22,03,07,06,19,,,1.9,1.0,1.6*37
$GPGSV,3,1,12,14,72,022,26,22,55,339,30,17,53,331,31,30,44,205,24*77
$GPGSV,3,2,12,19,38,291,30,06,34,217,26,03,29,094,22,02,23,039,24*7A
$GPGSV,3,3,12,07,22,176,24,21,07,040,20,13,02,261,22,11,00,217,*78
$GPRMC,183141.000,A,2632.8257,N,07702.8296,W,1.86,114.90,220324,,,D*7A
$GPVTG,114.90,T,,M,1.86,N,3.4,K,D*0D
$GPGGA,183146.000,2632.8238,N,07702.8256,W,2,10,1.0,2.4,M,-33.0,M,4.8,0000*42
$GPGSA,A,3,30,14,17,21,02,22,03,07,06,19,,,1.9,1.0,1.6*37
$GPGSV,3,1,12,14,72,022,26,22,55,339,33,17,53,331,33,30,44,205,25*77
$GPGSV,3,2,12,19,38,291,37,06,34,217,21,03,29,094,26,02,23,039,32*79
$GPGSV,3,3,12,07,22,176,25,21,07,040,27,13,02,261,19,11,00,217,*76
$GPRMC,183146.000,A,2632.8238,N,07702.8256,W,2.32,124.96,220324,,,D*71
$GPVTG,124.96,T,,M,2.32,N,4.3,K,D*04
$GPGGA,183151.000,2632.8213,N,07702.8247,W,2,10,1.0,1.9,M,-33.0,M,9.8,0000*4E
$GPGSA,A,3,30,14,17,21,02,22,03,07,06,19,,,1.9,1.0,1.6*37
$GPGSV,3,1,12,14,72,022,29,22,55,339,27,17,53,331,24,30,44,205,25*7B
$GPGSV,3,2,12,19,38,291,24,06,34,217,23,03,29,094,34,02,23,039,38*70
$GPGSV,3,3,12,07,22,176,24,21,07,040,33,13,02,261,18,11,00,217,*73
$GPRMC,183151.000,A,2632.8213,N,07702.8247,W,2.62,236.68,220324,,,D*7A
$GPVTG,236.68,T,,M,2.62,N,4.9,K,D*0A
$GPGGA,183156.000,2632.8196,N,07702.8286,W,2,10,1.0,0.9,M,-33.0,M,14.8,0000*77
$GPGSA,A,3,30,14,17,21,02,22,03,07,06,19,,,1.9,1.0,1.6*37
$GPGSV,3,1,12,14,72,022,29,22,55,339,24,17,53,331,24,30,44,205,29*74
$GPGSV,3,2,12,19,38,291,23,06,34,217,23,03,29,094,35,02,23,039,33*7D
$GPRMC,183156.000,A,2632.8196,N,07702.8286,W,2.12,250.79,220324,,,D*79
$GPVTG,250.79,T,,M,2.12,N,3.9,K,D*0A
$GPGGA,183201.000,2632.8179,N,07702.8311,W,1,10,1.0,0.7,M,-33.0,M,,0000*66
$GPGSA,A,3,30,14,17,21,02,22,03,07,06,19,,,1.9,1.0,1.6*37
$GPGSV,3,1,12,14,72,022,29,22,55,339,26,17,53,331,27,30,44,205,26*7A
$GPGSV,3,2,12,19,38,291,23,06,34,217,24,03,29,094,34,02,23,039,34*7C
$GPGSV,3,3,12,07,22,176,23,21,07,040,26,13,02,261,16,11,00,217,*7E
$GPRMC,183201.000,A,2632.8179,N,07702.8311,W,2.10,229.56,220324,,,A*72
$GPGGA,183206.000,2632.8153,N,07702.8328,W,1,10,1.0,1.0,M,-33.0,M,,0000*65
$GPGSA,A,3,30,14,17,21,02,22,03,07,06,19,,,1.9,1.0,1.6*37
$GPGSV,3,1,12,14,72,022,30,22,55,339,32,17,53,331,28,30,44,205,26*78
$GPGSV,3,2,12,19,38,291,24,06,34,217,24,03,29,094,33,02,23,039,32*7A
$GPGSV,3,3,12,07,22,176,20,21,07,040,27,13,02,261,,11,00,217,*7B
$GPRMC,183206.000,A,2632.8153,N,07702.8328,W,2.12,229.48,220324,,,A*7A
$GPVTG,229.48,T,,M,2.12,N,3.9,K,A*03
$GPGGA,183211.000,2632.8131,N,07702.8354,W,1,10,1.0,0.4,M,-33.0,M,,0000*69
$GPGSA,A,3,30,14,17,21,02,22,03,07,06,19,,,1.9,1.0,1.6*37
$GPGSV,3,1,12,14,72,022,30,22,55,339,31,17,53,331,28,30,44,205,25*78
$GPGSV,3,2,12,19,38,291,24,06,34,217,23,03,29,094,39,02,23,039,30*75
$GPGSV,3,3,12,07,22,176,19,21,07,040,30,13,02,261,,11,00,217,*77
$GPRMC,183211.000,A,2632.8131,N,07702.8354,W,1.99,221.61,220324,,,A*70
$GPVTG,221.61,T,,M,1.99,N,3.7,K,A*0E
$GPGGA,183216.000,2632.8107,N,07702.8377,W,1,10,1.0,1.2,M,-33.0,M,,0000*6D
$GPGSA,A,3,30,14,17,21,02,22,03,07,06,19,,,1.9,1.0,1.6*37
$GPGSV,3,1,12,14,72,022,26,22,55,339,30,17,53,331,25,30,44,205,23*75
$GPGSV,3,2,12,19,38,291,25,06,34,217,21,03,29,094,31,02,23,039,31*7F
$GPGSV,3,3,12,07,22,176,20,21,07,040,31,13,02,261,,11,00,217,*7C
$GPRMC,183216.000,A,2632.8107,N,07702.8377,W,1.86,235.36,220324,,,A*7A
$GPVTG,235.36,T,,M,1.86,N,3.5,K,A*05
$GPGGA,183221.000,2632.8089,N,07702.8400,W,1,10,1.0,1.4,M,-33.0,M,,0000*6F
$GPGSA,A,3,30,14,17,21,02,22,03,07,06,19,,,1.9,1.0,1.6*37
$GPGSV,3,1,12,14,72,022,30,22,55,339,31,17,53,331,27,30,44,205,23*71
$GPGSV,3,2,12,19,38,291,25,06,34,217,20,03,29,094,36,02,23,039,34*7C
$GPGSV,3,3,12,07,22,176,19,21,07,040,34,13,02,261,,11,00,217,*73
$GPRMC,183221.000,A,2632.8089,N,07702.8400,W,2.28,231.26,220324,,,A*7C
$GPVTG,231.26,T,,M,2.28,N,4.2,K,A*07
$GPGGA,183226.000,2632.8074,N,07702.8422,W,1,10,1.0,4.7,M,-33.0,M,,0000*6C
$GPGSA,A,3,30,14,17,21,02,22,03,07,06,19,,,1.9,1.0,1.6*37
$GPGSV,3,1,12,14,72,022,29,22,55,339,32,17,53,331,27,30,44,205,23*7A
$GPGSV,3,2,12,19,38,291,25,06,34,217,20,03,29,094,35,02,23,039,35*7E
$GPGSV,3,3,12,07,22,176,20,21,07,040,35,13,02,261,,11,00,217,*78
$GPRMC,183226.000,A,2632.8074,N,07702.8422,W,1.87,221.43,220324,,,A*7D
$GPVTG,221.43,T,,M,1.87,N,3.5,K,A*03
$GPGGA,183231.000,2632.8059,N,07702.8444,W,1,10,1.0,6.4,M,-33.0,M,,0000*64
$GPGSA,A,3,30,14,17,21,02,22,03,07,06,19,,,1.9,1.0,1.6*37
$GPGSV,3,1,12,14,72,022,28,22,55,339,33,17,53,331,28,30,44,205,23*75
$GPGSV,3,2,12,19,38,291,25,06,34,217,19,03,29,094,29,02,23,039,35*79
$GPGSV,3,3,12,07,22,176,19,21,07,040,36,13,02,261,,11,00,217,*71
$GPVTG,227.90,T,,M,1.55,N,2.9,K,A*09
$GPGGA,183236.000,2632.8044,N,07702.8465,W,1,10,1.0,8.3,M,-33.0,M,,0000*65
$GPGSA,A,3,30,14,17,21,02,22,03,07,06,19,,,1.9,1.0,1.6*37
$GPGSV,3,1,12,14,72,022,28,22,55,339,32,17,53,331,29,30,44,205,22*74
$GPGSV,3,2,12,19,38,291,25,06,34,217,18,03,29,094,28,02,23,039,35*79
$GPGSV,3,3,12,07,22,176,19,21,07,040,36,13,02,261,,11,00,217,*71
$GPRMC,183236.000,A,2632.8044,N,07702.8465,W,1.76,230.32,220324,,,A*74
$GPVTG,230.32,T,,M,1.76,N,3.3,K,A*0D
$GPGGA,183241.000,2632.8028,N,07702.8492,W,1,10,1.0,9.1,M,-33.0,M,,0000*64
$GPGSA,A,3,30,14,17,21,02,22,03,07,06,19,,,1.9,1.0,1.6*37
$GPGSV,3,1,12,14,72,022,28,22,55,339,32,17,53,331,29,30,44,205,22*74
$GPGSV,3,2,12,19,38,291,24,06,34,217,18,03,29,094,30,02,23,039,35*71
$GPGSV,3,3,12,07,22,176,20,21,07,040,36,13,02,261,,11,00,217,*7B
$GPRMC,183241.000,A,2632.8028,N,07702.8492,W,2.15,231.20,220324,,,A*72
$GPVTG,231.20,T,,M,2.15,N,4.0,K,A*0D
$GPGGA,183246.000,2632.8013,N,07702.8527,W,1,10,1.0,8.0,M,-33.0,M,,0000*64
$GPGSA,A,3,30,14,17,21,02,22,03,07,06,19,,,1.9,1.0,1.6*37
$GPGSV,3,1,12,14,72,022,28,22,55,339,32,17,53,331,29,30,44,205,23*75
$GPGSV,3,2,12,19,38,291,24,06,34,217,18,03,29,094,30,02,23,039,36*72
$GPGSV,3,3,12,07,22,176,20,21,07,040,36,13,02,261,,11,00,217,*7B
$GPRMC,183246.000,A,2632.8013,N,07702.8527,W,1.98,231.27,220324,,,A*73
$GPVTG,231.27,T,,M,1.98,N,3.7,K,A*0C
$GPGGA,183251.000,2632.7996,N,07702.8550,W,1,10,1.0,12.1,M,-33.0,M,,0000*53
$GPGSA,A,3,30,14,17,21,02,22,03,07,06,19,,,1.9,1.0,1.6*37
$GPGSV,3,1,12,14,72,022,28,22,55,339,32,17,53,331,29,30,44,205,22*74
$GPGSV,3,2,12,19,38,291,25,06,34,217,19,03,29,094,37,02,23,039,36*75
$GPGSV,3,3,12,07,22,176,20,21,07,040,36,13,02,261,,11,00,217,*7B
$GPRMC,183251.000,A,2632.7996,N,07702.8550,W,2.04,236.56,220324,,,A*79
$GPVTG,236.56,T,,M,2.04,N,3.8,K,A*04
$GPGGA,183256.000,2632.7980,N,07702.8572,W,1,10,1.0,15.1,M,-33.0,M,,0000*54
$GPGSA,A,3,30,14,17,21,02,22,03,07,06,19,,,1.9,1.0,1.6*37
$GPGSV,3,1,12,14,72,022,28,22,55,339,31,17,53,331,29,30,44,205,22*77
$GPGSV,3,2,12,19,38,291,24,06,34,217,19,03,29,094,28,02,23,039,35*79
$GPGSV,3,3,12,07,22,176,20,21,07,040,36,13,02,261,,11,00,217,*7B
$GPRMC,183256.000,A,2632.7980,N,07702.8572,W,1.61,237.86,220324,,,A*75
$GPVTG,237.86,T,,M,1.61,N,3.0,K,A*00
$GPGGA,183301.000,2632.7965,N,07702.8599,W,1,10,1.0,16.4,M,-33.0,M,,0000*5F
$GPGSA,A,3,30,14,17,21,02,22,03,07,06,19,,,1.9,1.0,1.6*37
$GPGSV,3,1,12,14,72,022,28,22,55,339,32,17,53,331,29,30,44,205,23*75
$GPGSV,3,2,12,19,38,291,24,06,34,217,20,03,29,094,36,02,23,039,34*7D
$GPGSV,3,3,12,07,22,176,20,21,07,040,36,13,02,261,,11,00,217,*7B
$GPRMC,183301.000,A,2632.7965,N,07702.8599,W,1.92,232.64,220324,,,A*7D
$GPVTG,232.64,T,,M,1.92,N,3.6,K,A*03
$GPGGA,183306.000,2632.7947,N,07702.8619,W,1,10,1.0,18.5,M,-33.0,M,,0000*5C
$GPGSA,A,3,30,14,17,21,02,22,03,07,06,19,,,1.9,1.0,1.6*37
$GPGSV,3,1,12,14,72,022,29,22,55,339,31,17,53,331,28,30,44,205,24*71
$GPGSV,3,2,12,19,38,291,25,06,34,217,20,03,29,094,36,02,23,039,29*70
$GPRMC,183306.000,A,2632.7947,N,07702.8619,W,1.91,237.21,220324,,,A*76
$GPVTG,237.21,T,,M,1.91,N,3.5,K,A*07
$GPGGA,183311.000,2632.7922,N,07702.8664,W,1,10,1.0,14.5,M,-33.0,M,,0000*5F
$GPGSA,A,3,30,14,17,21,02,22,03,07,06,19,,,1.9,1.0,1.6*37
$GPGSV,3,1,12,14,72,022,29,22,55,339,31,17,53,331,28,30,44,205,24*71
$GPGSV,3,2,12,19,38,291,25,06,34,217,21,03,29,094,36,02,23,039,31*78
$GPGSV,3,3,12,07,22,176,19,21,07,040,25,13,02,261,,11,00,217,*73
$GPRMC,183311.000,A,2632.7922,N,07702.8664,W,2.04,239.62,220324,,,A*7F
$GPGGA,183316.000,2632.7904,N,07702.8689,W,1,10,1.0,15.2,M,-33.0,M,,0000*59
$GPGSA,A,3,30,14,17,21,02,22,03,07,06,19,,,1.9,1.0,1.6*37
$GPGSV,3,1,12,14,72,022,28,22,55,339,31,17,53,331,28,30,44,205,24*70
$GPGSV,3,2,12,19,38,291,25,06,34,217,21,03,29,094,37,02,23,039,33*7B
$GPGSV,3,3,12,07,22,176,18,21,07,040,26,13,02,261,,11,00,217,*71
$GPRMC,183316.000,A,2632.7904,N,07702.8689,W,1.99,237.06,220324,,,A*74
$GPVTG,237.06,T,,M,1.99,N,3.7,K,A*08
$GPGGA,183321.000,2632.7890,N,07702.8715,W,1,10,1.0,15.4,M,-33.0,M,,0000*53
$GPGSA,A,3,30,14,17,21,02,22,03,07,06,19,,,1.9,1.0,1.6*37
$GPGSV,3,1,12,14,72,022,28,22,55,339,31,17,53,331,28,30,44,205,23*77
$GPGSV,3,2,12,19,38,291,25,06,34,217,21,03,29,094,36,02,23,039,32*7B
$GPGSV,3,3,12,07,22,176,17,21,07,040,25,13,02,261,,11,00,217,*7D
$GPRMC,183321.000,A,2632.7890,N,07702.8715,W,1.99,244.25,220324,,,A*7D
$GPVTG,244.25,T,,M,1.99,N,3.7,K,A*0D
$GPGGA,183326.000,2632.7875,N,07702.8738,W,1,10,1.0,18.2,M,-33.0,M,,0000*5B
$GPGSA,A,3,30,14,17,21,02,22,03,07,06,19,,,1.9,1.0,1.6*37
$GPGSV,3,1,12,14,72,024,28,22,56,340,31,17,53,333,29,30,43,205,23*78
$GPGSV,3,2,12,19,39,292,25,06,35,217,20,03,29,093,34,02,22,039,33*7C
$GPGSV,3,3,12,07,21,176,17,21,07,040,26,13,02,261,,11,01,217,*7C
$GPRMC,183326.000,A,2632.7875,N,07702.8738,W,1.56,260.40,220324,,,A*78
$GPVTG,260.40,T,,M,1.56,N,2.9,K,A*04
$GPGGA,183331.000,2632.7858,N,07702.8781,W,1,09,1.0,15.4,M,-33.0,M,,0000*53
$GPGSA,A,3,30,14,17,21,02,22,03,07,19,,,,1.9,1.0,1.6*31
$GPGSV,3,1,12,14,72,024,28,22,56,340,31,17,53,333,29,30,43,205,18*70
$GPGSV,3,2,12,19,39,292,26,06,35,217,,03,29,093,26,02,22,039,34*79
$GPGSV,3,3,12,07,21,176,17,21,07,040,32,13,02,261,,11,01,217,*79
$GPRMC,183331.000,A,2632.7858,N,07702.8781,W,1.92,247.56,220324,,,A*79
$GPVTG,247.56,T,,M,1.92,N,3.6,K,A*00
$GPGGA,183336.000,2632.7839,N,07702.8812,W,1,10,1.0,15.6,M,-33.0,M,,0000*5C
$GPGSA,A,3,30,14,17,21,02,22,03,06,07,19,,,1.9,1.0,1.6*37
$GPGSV,3,1,12,14,72,024,28,22,56,340,31,17,53,333,29,30,43,205,18*70
$GPGSV,3,2,12,19,39,292,26,06,35,217,16,03,29,093,31,02,22,039,35*79
$GPGSV,3,3,12,07,21,176,16,21,07,040,33,13,02,261,,11,01,217,*79
$GPRMC,183336.000,A,2632.7839,N,07702.8812,W,2.14,237.94,220324,,,A*78
$GPVTG,237.94,T,,M,2.14,N,4.0,K,A*05
$GPGGA,183341.000,2632.7813,N,07702.8866,W,1,10,1.0,10.4,M,-33.0,M,,0000*50
$GPGSA,A,3,30,14,17,21,02,22,03,06,07,19,,,1.9,1.0,1.6*37
$GPGSV,3,1,12,14,72,024,28,22,56,340,31,17,53,333,29,30,43,205,19*71
$GPGSV,3,2,12,19,39,292,26,06,35,217,17,03,29,093,24,02,22,039,35*7C
$GPGSV,3,3,12,07,21,176,16,21,07,040,33,13,02,261,,11,01,217,*79
$GPVTG,260.52,T,,M,2.29,N,4.2,K,A*01
$GPGGA,183346.000,2632.7789,N,07702.8926,W,1,10,1.0,5.3,M,-33.0,M,,0000*6D
$GPGSA,A,3,30,14,17,21,02,22,03,06,07,19,,,1.9,1.0,1.6*37
$GPGSV,3,1,12,14,72,024,28,22,56,340,31,17,53,333,29,30,43,205,20*7B
$GPGSV,3,2,12,19,39,292,26,06,35,217,18,03,29,093,22,02,22,039,36*76
$GPGSV,3,3,12,07,21,176,18,21,07,040,34,13,02,261,,11,01,217,*70
$GPRMC,183346.000,A,2632.7789,N,07702.8926,W,2.18,257.90,220324,,,A*73
$GPVTG,257.90,T,,M,2.18,N,4.0,K,A*0B
$GPGGA,183351.000,2632.7768,N,07702.8964,W,1,10,1.0,4.5,M,-33.0,M,,0000*65
$GPGSA,A,3,30,14,17,21,02,22,03,06,07,19,,,1.9,1.0,1.6*37
$GPGSV,3,1,12,14,72,024,28,22,56,340,31,17,53,333,30,30,43,205,21*72
$GPGSV,3,2,12,19,39,292,25,06,35,217,18,03,29,093,23,02,22,039,37*75
$GPGSV,3,3,12,07,21,176,18,21,07,040,35,13,02,261,,11,01,217,*71
$GPRMC,183351.000,A,2632.7768,N,07702.8964,W,1.91,249.97,220324,,,A*76
$GPVTG,249.97,T,,M,1.91,N,3.5,K,A*03
$GPGGA,183356.000,2632.7744,N,07702.8981,W,1,09,1.0,6.8,M,-33.0,M,,0000*60
$GPGSA,A,3,30,14,17,21,02,22,03,07,19,,,,1.9,1.0,1.6*31
$GPGSV,3,1,12,14,72,024,27,22,56,340,32,17,53,333,30,30,43,205,21*7E
$GPGSV,3,2,12,19,39,292,25,06,35,217,,03,29,093,26,02,22,039,37*79
$GPGSV,3,3,12,07,21,176,18,21,07,040,35,13,02,261,,11,01,217,*71
$GPRMC,183356.000,A,2632.7744,N,07702.8981,W,1.82,222.55,220324,,,A*75
$GPVTG,222.55,T,,M,1.82,N,3.4,K,A*03
$GPGGA,183401.000,2632.7724,N,07702.9015,W,1,09,1.0,6.5,M,-33.0,M,,0000*6B
$GPGSA,A,3,30,14,17,21,02,22,03,07,19,,,,1.9,1.0,1.6*31
$GPGSV,3,1,12,14,72,024,28,22,56,340,32,17,53,333,30,30,43,205,21*71
$GPGSV,3,2,12,19,39,292,25,06,35,217,,03,29,093,25,02,22,039,37*7A
$GPGSV,3,3,12,07,21,176,17,21,07,040,36,13,02,261,,11,01,217,*7D
$GPRMC,183401.000,A,2632.7724,N,07702.9015,W,1.93,238.29,220324,,,A*73
$GPVTG,238.29,T,,M,1.93,N,3.6,K,A*01
$GPGGA,183406.000,2632.7699,N,07702.9041,W,1,09,1.0,6.9,M,-33.0,M,,0000*66
$GPGSA,A,3,30,14,17,21,02,22,03,07,19,,,,1.9,1.0,1.6*31
$GPGSV,3,1,12,14,72,024,28,22,56,340,31,17,53,333,30,30,43,205,21*72
$GPGSV,3,2,12,19,39,292,25,06,35,217,,03,29,093,20,02,22,039,38*70
$GPGSV,3,3,12,07,21,176,17,21,07,040,35,13,02,261,,11,01,217,*7E
$GPRMC,183406.000,A,2632.7699,N,07702.9041,W,1.97,230.70,220324,,,A*72
$GPVTG,230.70,T,,M,1.97,N,3.6,K,A*01
$GPGGA,183411.000,2632.7687,N,07702.9075,W,1,09,1.0,7.6,M,-33.0,M,,0000*66
$GPGSA,A,3,30,14,17,21,02,22,03,07,19,,,,1.9,1.0,1.6*31
$GPGSV,3,1,12,14,72,024,29,22,56,340,31,17,53,333,30,30,43,205,19*78
$GPGSV,3,2,12,19,39,292,24,06,35,217,,03,29,093,23,02,22,039,38*72
$GPGSV,3,3,12,07,21,176,16,21,07,040,35,13,02,261,,11,01,217,*7F
$GPRMC,183411.000,A,2632.7687,N,07702.9075,W,1.52,265.77,220324,,,A*72
$GPVTG,265.77,T,,M,1.52,N,2.8,K,A*00
$GPGGA,183416.000,2632.7669,N,07702.9106,W,1,10,1.0,7.9,M,-33.0,M,,0000*63
$GPGSA,A,3,30,14,17,21,02,22,03,06,07,19,,,1.9,1.0,1.6*37
$GPGSV,3,1,12,14,72,024,30,22,56,340,32,17,53,333,31,30,43,205,21*79
$GPGSV,3,2,12,19,39,292,22,06,35,217,19,03,29,093,23,02,22,039,36*72
$GPGSV,3,3,12,07,21,176,18,21,07,040,26,13,02,261,,11,01,217,*73
$GPVTG,218.92,T,,M,1.69,N,3.1,K,A*01
$GPGGA,183421.000,2632.7643,N,07702.9110,W,1,10,1.0,11.4,M,-33.0,M,,0000*52
$GPGSA,A,3,30,14,17,21,02,22,03,06,07,19,,,1.9,1.0,1.6*37
$GPGSV,3,1,12,14,72,024,30,22,56,340,32,17,53,333,31,30,43,205,21*79
$GPGSV,3,2,12,19,39,292,21,06,35,217,19,03,29,093,27,02,22,039,26*74
$GPGSV,3,3,12,07,21,176,18,21,07,040,34,13,02,261,,11,01,217,*70
$GPRMC,183421.000,A,2632.7643,N,07702.9110,W,0.92,217.31,220324,,,A*71
$GPVTG,217.31,T,,M,0.92,N,1.7,K,A*06
$GPGGA,183426.000,2632.7627,N,07702.9113,W,1,09,1.0,17.0,M,-33.0,M,,0000*5E
$GPGSA,A,3,30,14,17,21,02,22,03,07,19,,,,1.9,1.0,1.6*31
$GPGSV,3,1,12,14,72,024,30,22,56,340,33,17,53,333,32,30,43,205,21*7B
$GPGSV,3,2,12,19,39,292,21,06,35,217,,03,29,093,32,02,22,039,28*76
$GPGSV,3,3,12,07,21,176,19,21,07,040,35,13,02,261,,11,01,217,*70
$GPRMC,183426.000,A,2632.7627,N,07702.9113,W,0.39,223.63,220324,,,A*76
$GPVTG,223.63,T,,M,0.39,N,0.7,K,A*06
$GPGGA,183431.000,2632.7604,N,07702.9118,W,1,10,1.0,20.7,M,-33.0,M,,0000*59
$GPGSA,A,3,30,14,17,21,02,22,03,06,07,19,,,1.9,1.0,1.6*37
$GPGSV,3,1,12,14,72,024,31,22,56,340,33,17,53,333,32,30,43,205,21*7A
$GPGSV,3,2,12,19,39,292,27,06,35,217,20,03,29,093,32,02,22,039,32*79
$GPGSV,3,3,12,07,21,176,19,21,07,040,36,13,02,261,,11,01,217,*73
$GPRMC,183431.000,A,2632.7604,N,07702.9118,W,1.29,190.17,220324,,,A*72
$GPVTG,190.17,T,,M,1.29,N,2.4,K,A*0F
$GPGGA,183436.000,2632.7583,N,07702.9130,W,1,09,1.0,24.1,M,-33.0,M,,0000*52
$GPGSA,A,3,30,14,17,21,02,22,03,07,19,,,,1.9,1.0,1.6*31
$GPGSV,3,1,12,14,72,024,31,22,56,340,34,17,53,333,33,30,43,205,17*79
$GPGSV,3,2,12,19,39,292,17,06,35,217,,03,29,093,33,02,22,039,31*7A
$GPGSV,3,3,12,07,21,176,18,21,07,040,36,13,02,261,,11,01,217,*72
$GPRMC,183436.000,A,2632.7583,N,07702.9130,W,0.56,225.57,220324,,,A*73
$GPVTG,225.57,T,,M,0.56,N,1.0,K,A*08
$GPGGA,183441.000,2632.7570,N,07702.9147,W,1,09,1.0,26.5,M,-33.0,M,,0000*58
$GPGSA,A,3,30,14,17,21,02,22,03,07,19,,,,1.9,1.0,1.6*31
$GPGSV,3,1,12,14,72,024,31,22,56,340,34,17,53,333,33,30,43,205,20*7D
$GPGSV,3,2,12,19,39,292,21,06,35,217,,03,29,093,34,02,22,039,32*7B
$GPGSV,3,3,12,07,21,176,19,21,07,040,26,13,02,261,,11,01,217,*72
$GPRMC,183441.000,A,2632.7570,N,07702.9147,W,1.51,216.38,220324,,,A*70
$GPVTG,216.38,T,,M,1.51,N,2.8,K,A*0C
$GPGGA,183446.000,2632.7550,N,07702.9164,W,1,10,1.0,28.0,M,-33.0,M,,0000*5F
$GPGSA,A,3,30,14,17,21,02,22,03,06,07,19,,,1.9,1.0,1.6*37
$GPGSV,3,1,12,14,72,024,31,22,56,340,34,17,53,333,33,30,43,205,20*7D
$GPGSV,3,2,12,19,39,292,21,06,35,217,18,03,29,093,33,02,22,039,28*7E
$GPGSV,3,3,12,07,21,176,20,21,07,040,32,13,02,261,,11,01,217,*7D
$GPRMC,183446.000,A,2632.7550,N,07702.9164,W,1.15,192.25,220324,,,A*77
$GPVTG,192.25,T,,M,1.15,N,2.1,K,A*06
$GPGGA,183451.000,2632.7535,N,07702.9183,W,1,10,1.0,28.9,M,-33.0,M,,0000*5A
$GPGSA,A,3,30,14,17,21,02,22,03,06,07,19,,,1.9,1.0,1.6*37
$GPGSV,3,1,12,14,72,024,32,22,56,340,34,17,53,333,32,30,43,205,21*7E
$GPGSV,3,2,12,19,39,292,22,06,35,217,19,03,29,093,37,02,22,039,36*77
$GPGSV,3,3,12,07,21,176,20,21,07,040,20,13,02,261,,11,01,217,*7E
$GPVTG,203.51,T,,M,1.20,N,2.2,K,A*0B
$GPGGA,183456.000,2632.7505,N,07702.9200,W,1,10,1.0,30.7,M,-33.0,M,,0000*51
$GPGSA,A,3,30,14,17,21,02,22,03,06,07,19,,,1.9,1.0,1.6*37
$GPGSV,3,1,12,14,72,024,31,22,56,340,33,17,53,333,33,30,43,205,20*7A
$GPGSV,3,2,12,19,39,292,24,06,35,217,18,03,29,093,29,02,22,039,34*7D
$GPGSV,3,3,12,07,21,176,18,21,07,040,28,13,02,261,,11,01,217,*7D
$GPRMC,183456.000,A,2632.7505,N,07702.9200,W,1.48,211.89,220324,,,A*71
$GPGGA,183501.000,2632.7493,N,07702.9228,W,1,06,2.0,31.2,M,-33.0,M,,0000*56
$GPGSA,A,3,17,21,02,22,03,19,,,,,,,3.2,2.0,2.6*39
$GPGSV,3,1,12,14,72,024,18,22,56,340,24,17,53,333,23,30,43,205,15*70
$GPGSV,3,2,12,19,39,292,22,06,35,217,,03,29,093,17,02,22,039,36*7D
$GPGSV,3,3,12,07,21,176,17,21,07,040,29,13,02,261,,11,01,217,*73
$GPRMC,183501.000,A,2632.7493,N,07702.9228,W,1.83,267.78,220324,,,A*7E
$GPVTG,267.78,T,,M,1.83,N,3.4,K,A*0C
$GPGGA,183506.000,2632.7472,N,07702.9249,W,1,10,1.0,26.6,M,-33.0,M,,0000*5F
$GPGSA,A,3,30,14,17,21,02,22,03,06,07,19,,,1.9,1.0,1.6*37
$GPGSV,3,1,12,14,72,024,18,22,56,340,22,17,53,333,20,30,43,205,16*76
$GPGSV,3,2,12,19,39,292,21,06,35,217,15,03,29,093,17,02,22,039,28*75
$GPGSV,3,3,12,07,21,176,17,21,07,040,16,13,02,261,,11,01,217,*7F
$GPRMC,183506.000,A,2632.7472,N,07702.9249,W,0.99,202.17,220324,,,A*71
$GPVTG,202.17,T,,M,0.99,N,1.8,K,A*02
$GPGGA,183511.000,2632.7461,N,07702.9282,W,1,06,1.6,24.3,M,-33.0,M,,0000*5A
$GPGSA,A,3,14,17,02,22,03,07,,,,,,,2.9,1.6,2.5*3C
$GPGSV,3,1,12,14,72,024,18,22,56,340,15,17,53,333,14,30,43,205,15*76
$GPGSV,3,2,12,19,39,292,15,06,35,217,16,03,29,093,16,02,22,039,15*7E
$GPGSV,3,3,12,07,21,176,16,21,07,040,,13,02,261,16,11,01,217,*7E
$GPRMC,183511.000,A,2632.7461,N,07702.9282,W,2.43,264.08,220324,,,A*79
$GPVTG,264.08,T,,M,2.43,N,4.5,K,A*01
$GPGGA,183516.000,2632.7442,N,07702.9344,W,1,04,3.8,20.3,M,-33.0,M,,0000*5D
$GPGSA,A,3,14,17,02,22,,,,,,,,,4.0,3.8,1.0*3D
$GPGSV,3,1,12,14,72,024,16,22,56,340,15,17,53,333,17,30,43,205,*7F
$GPGSV,3,2,12,19,39,292,,06,35,217,,03,29,093,15,02,22,039,14*7F
$GPGSV,3,3,12,07,21,176,,21,07,040,,13,02,261,14,11,01,217,*7B
$GPRMC,183516.000,A,2632.7442,N,07702.9344,W,3.84,190.53,220324,,,A*78
$GPVTG,190.53,T,,M,3.84,N,7.1,K,A*0A
$GPGGA,183521.000,2632.7390,N,07702.9333,W,6,00,50.0,22.2,M,-33.0,M,,0000*6F
$GPGSA,A,2,,,,,,,,,,,,,50.0,50.0,50.0*06
$GPGSV,3,1,12,14,72,024,15,22,56,340,16,17,53,333,17,30,43,205,*7F
$GPGSV,3,2,12,19,39,292,,06,35,217,,03,29,093,,02,22,039,*7E
$GPGSV,3,3,12,07,21,176,,21,07,040,,13,02,261,,11,01,217,*7E
$GPVTG,164.43,T,,M,4.04,N,7.5,K,N*04
$GPGGA,183526.000,2632.7341,N,07702.9414,W,1,03,37.4,22.2,M,-33.0,M,,0000*67
$GPGSA,A,2,14,17,22,,,,,,,,,,37.4,37.4,1.0*31
$GPGSV,3,1,12,14,72,024,14,22,56,340,17,17,53,333,19,30,43,205,*71
$GPGSV,3,2,12,19,39,292,,06,35,217,,03,29,093,,02,22,039,*7E
$GPGSV,3,3,12,07,21,176,,21,07,040,,13,02,261,,11,01,217,*7E
$GPRMC,183526.000,A,2632.7341,N,07702.9414,W,6.02,252.14,220324,,,A*78
$GPVTG,252.14,T,,M,6.02,N,11.2,K,N*34
$GPGGA,183531.000,2632.7278,N,07702.9571,W,6,00,50.0,21.7,M,-33.0,M,,0000*6F
$GPGSA,A,2,,,,,,,,,,,,,50.0,50.0,50.0*06
$GPGSV,3,1,12,14,72,024,,22,56,340,17,17,53,333,20,30,43,205,*7E
$GPGSV,3,2,12,19,39,292,,06,35,217,,03,29,093,,02,22,039,*7E
$GPGSV,3,3,12,07,21,176,,21,07,040,,13,02,261,,11,01,217,*7E
$GPRMC,183531.000,A,2632.7278,N,07702.9571,W,9.06,250.10,220324,,,E*7E
$GPVTG,250.10,T,,M,9.06,N,16.8,K,N*34
$GPGGA,183536.000,2632.7236,N,07702.9702,W,6,00,50.0,21.5,M,-33.0,M,,0000*66
$GPGSA,A,2,,,,,,,,,,,,,50.0,50.0,50.0*06
$GPGSV,3,1,12,14,72,024,,22,56,340,18,17,53,333,20,30,43,205,*71
$GPGSV,3,2,12,19,39,292,,06,35,217,,03,29,093,,02,22,039,*7E
$GPGSV,3,3,12,07,21,176,,21,07,040,,13,02,261,,11,01,217,*7E
$GPRMC,183536.000,A,2632.7236,N,07702.9702,W,9.06,250.10,220324,,,E*75
$GPVTG,250.10,T,,M,9.06,N,16.8,K,N*34
$GPGGA,183541.000,2632.7354,N,07702.9657,W,1,03,17.7,21.9,M,-33.0,M,,0000*6E
$GPGSA,A,2,17,30,22,,,,,,,,,,17.7,17.7,1.0*37
$GPGSV,3,1,12,14,72,024,,22,56,340,18,17,53,333,20,30,43,205,17*77
$GPGSV,3,2,12,19,39,292,,06,35,217,,03,29,093,,02,22,039,*7E
$GPGSV,3,3,12,07,21,176,,21,07,040,,13,02,261,,11,01,217,*7E
$GPRMC,183541.000,A,2632.7354,N,07702.9657,W,7.99,237.18,220324,,,A*74
$GPVTG,237.18,T,,M,7.99,N,14.8,K,N*37
$GPGGA,183546.000,2632.7351,N,07702.9255,W,1,04,3.3,23.1,M,-33.0,M,,0000*56
$GPGSA,A,3,14,17,30,22,,,,,,,,,3.5,3.3,1.0*35
$GPGSV,3,1,12,14,72,024,16,22,56,340,19,17,53,333,20,30,43,205,17*71
$GPGSV,3,2,12,19,39,292,,06,35,217,,03,29,093,,02,22,039,*7E
$GPGSV,3,3,12,07,21,176,,21,07,040,,13,02,261,,11,01,217,*7E
$GPVTG,72.89,T,,M,4.84,N,9.0,K,A*38
$GPGGA,183551.000,2632.7333,N,07702.9253,W,1,04,3.3,23.1,M,-33.0,M,,0000*52
$GPGSA,A,3,14,17,30,22,,,,,,,,,3.5,3.3,1.0*35
$GPGSV,3,1,12,14,72,024,16,22,56,340,19,17,53,333,18,30,43,205,18*75
$GPGSV,3,2,12,19,39,292,,06,35,217,,03,29,093,,02,22,039,*7E
$GPGSV,3,3,12,07,21,176,,21,07,040,,13,02,261,,11,01,217,*7E
$GPRMC,183551.000,A,2632.7333,N,07702.9253,W,0.29,108.29,220324,,,A*75
$GPVTG,108.29,T,,M,0.29,N,0.5,K,A*01
$GPGGA,183556.000,2632.7302,N,07702.9220,W,1,04,3.5,23.4,M,-33.0,M,,0000*50
$GPGSA,A,3,14,06,30,22,,,,,,,,,3.6,3.5,1.0*30
$GPGSV,3,1,12,14,72,024,17,22,56,340,18,17,53,333,,30,43,205,17*73
$GPGSV,3,2,12,19,39,292,,06,35,217,15,03,29,093,,02,22,039,*7A
$GPGSV,3,3,12,07,21,176,,21,07,040,,13,02,261,,11,01,217,*7E
$GPRMC,183556.000,A,2632.7302,N,07702.9220,W,4.29,132.73,220324,,,A*76
$GPVTG,132.73,T,,M,4.29,N,7.9,K,A*08
$GPGGA,183601.000,2632.7254,N,07702.9103,W,1,03,4.1,22.7,M,-33.0,M,,0000*57
$GPGSA,A,2,14,30,22,,,,,,,,,,4.2,4.1,1.0*37
$GPGSV,3,1,12,14,72,024,18,22,56,340,17,17,53,333,,30,43,205,17*73
$GPGSV,3,2,12,19,39,292,,06,35,217,,03,29,093,,02,22,039,*7E
$GPGSV,3,3,12,07,21,176,,21,07,040,,13,02,261,,11,01,217,*7E
$GPRMC,183601.000,A,2632.7254,N,07702.9103,W,8.05,108.32,220324,,,A*79
$GPVTG,108.32,T,,M,8.05,N,14.9,K,N*3B
$GPGGA,183606.000,2632.7217,N,07702.8869,W,1,03,4.1,22.4,M,-33.0,M,,0000*50
$GPGSA,A,2,14,30,22,,,,,,,,,,4.2,4.1,1.0*37
$GPGSV,3,1,12,14,72,024,18,22,56,340,15,17,53,333,16,30,43,205,16*77
$GPGSV,3,2,12,19,39,292,,06,35,217,,03,29,093,,02,22,039,*7E
$GPGSV,3,3,12,07,21,176,,21,07,040,,13,02,261,,11,01,217,*7E
$GPRMC,183606.000,A,2632.7217,N,07702.8869,W,12.32,107.78,220324,,,A*43
$GPVTG,107.78,T,,M,12.32,N,22.8,K,A*0E
$GPGGA,183611.000,2632.7151,N,07702.8651,W,6,00,50.0,22.6,M,-33.0,M,,0000*64
$GPGSA,A,2,,,,,,,,,,,,,50.0,50.0,50.0*06
$GPGSV,3,1,12,14,72,024,18,22,56,340,15,17,53,333,17,30,43,205,*71
$GPGSV,3,2,12,19,39,292,,06,35,217,,03,29,093,,02,22,039,14*7B
$GPGSV,3,3,12,07,21,176,,21,07,040,,13,02,261,,11,01,217,*7E
$GPVTG,112.14,T,,M,13.41,N,24.8,K,N*0C
$GPGGA,183616.000,2632.7080,N,07702.8459,W,6,00,50.0,22.7,M,-33.0,M,,0000*65
$GPGSA,A,2,,,,,,,,,,,,,50.0,50.0,50.0*06
$GPGSV,3,1,12,14,72,024,17,22,56,340,15,17,53,333,17,30,43,205,*7E
$GPGSV,3,2,12,19,39,292,,06,35,217,,03,29,093,,02,22,039,14*7B
$GPGSV,3,3,12,07,21,176,,21,07,040,,13,02,261,,11,01,217,*7E
$GPRMC,183616.000,A,2632.7080,N,07702.8459,W,13.41,112.14,220324,,,E*4E
$GPVTG,112.14,T,,M,13.41,N,24.8,K,N*0C
$GPGGA,183621.000,2632.7010,N,07702.8266,W,6,00,50.0,22.8,M,-33.0,M,,0000*6D
$GPGSA,A,2,,,,,,,,,,,,,50.0,50.0,50.0*06
$GPGSV,3,1,12,14,72,024,17,22,56,340,15,17,53,333,,30,43,205,*78
$GPGSV,3,2,12,19,39,292,,06,35,217,,03,29,093,,02,22,039,13*7C
$GPGSV,3,3,12,07,21,176,,21,07,040,,13,02,261,,11,01,217,*7E
$GPRMC,183621.000,A,2632.7010,N,07702.8266,W,13.41,112.14,220324,,,E*49
$GPVTG,112.14,T,,M,13.41,N,24.8,K,N*0C
$GPGGA,183806.000,2632.5085,N,07703.1618,W,1,03,50.0,19.0,M,-33.0,M,,0000*69
$GPGSA,A,2,17,22,14,,,,,,,,,,50.0,50.0,1.0*31
$GPGSV,3,1,12,14,73,029,17,22,57,341,14,17,53,335,15,30,42,204,*77
$GPGSV,3,2,12,19,39,294,,06,36,218,,03,29,091,,02,21,039,*75
$GPGSV,3,3,12,07,19,175,,21,06,040,,11,02,217,,13,02,259,*7F
$GPRMC,183806.000,A,2632.5085,N,07703.1618,W,23.48,233.34,220324,,,A*45
$GPVTG,233.34,T,,M,23.48,N,43.5,K,N*08
$GPGGA,183811.000,2632.5537,N,07703.1284,W,6,00,50.0,19.8,M,-33.0,M,,0000*6E
$GPGSA,A,2,,,,,,,,,,,,,50.0,50.0,50.0*06
$GPGSV,3,1,12,14,73,029,10,22,57,341,18,17,53,335,,30,42,204,16*7F
$GPGSV,3,2,12,19,39,294,,06,36,218,,03,29,091,13,02,21,039,*77
$GPGSV,3,3,12,07,19,175,,21,06,040,,11,02,217,,13,02,259,*7F
$GPRMC,183811.000,A,2632.5537,N,07703.1284,W,17.90,237.36,220324,,,E*4E
$GPVTG,237.36,T,,M,17.90,N,33.1,K,N*0F
$GPGGA,183816.000,2632.7284,N,07702.9490,W,1,03,2.6,-64.2,M,-33.0,M,,0000*76
$GPGSA,A,2,02,22,30,,,,,,,,,,2.8,2.6,1.0*3D
$GPGSV,3,1,12,14,73,029,11,22,57,341,16,17,53,335,,30,42,204,13*75
$GPGSV,3,2,12,19,39,294,,06,36,218,,03,29,091,17,02,21,039,16*74
$GPGSV,3,3,12,07,19,175,,21,06,040,,11,02,217,,13,02,259,*7F
$GPRMC,183816.000,A,2632.7284,N,07702.9490,W,4.09,199.93,220324,,,A*70
$GPVTG,199.93,T,,M,4.09,N,7.6,K,A*0A
$GPGGA,183821.000,2632.7256,N,07702.9501,W,1,04,1.5,-43.5,M,-33.0,M,,0000*71
$GPGSA,A,3,22,30,03,17,,,,,,,,,1.8,1.5,1.0*38
$GPGSV,3,1,12,14,73,029,12,22,57,341,16,17,53,335,14,30,42,204,13*73
$GPGSV,3,2,12,19,39,294,,06,36,218,,03,29,091,16,02,21,039,*72
$GPGSV,3,3,12,07,19,175,,21,06,040,,11,02,217,,13,02,259,*7F
$GPRMC,183821.000,A,2632.7256,N,07702.9501,W,2.49,210.36,220324,,,A*7D
$GPGGA,183826.000,2632.7304,N,07702.9476,W,1,03,1.7,-42.2,M,-33.0,M,,0000*72
$GPGSA,A,2,22,30,03,,,,,,,,,,2.0,1.7,1.0*36
$GPGSV,3,1,12,14,73,029,12,22,57,341,15,17,53,335,,30,42,204,16*70
$GPGSV,3,2,12,19,39,294,,06,36,218,,03,29,091,15,02,21,039,*71
$GPGSV,3,3,12,07,19,175,,21,06,040,,11,02,217,,13,02,259,*7F
$GPRMC,183826.000,A,2632.7304,N,07702.9476,W,6.76,19.71,220324,,,A*4D
$GPVTG,19.71,T,,M,6.76,N,12.5,K,A*02
$GPGGA,183831.000,2632.7368,N,07702.9502,W,1,05,1.5,-22.1,M,-33.0,M,,0000*7D
$GPGSA,A,3,19,22,14,30,03,,,,,,,,3.5,1.5,3.1*3F
$GPGSV,3,1,12,14,73,029,13,22,57,341,14,17,53,335,,30,42,204,18*7E
$GPGSV,3,2,12,19,39,294,20,06,36,218,,03,29,091,14,02,21,039,*72
$GPGSV,3,3,12,07,19,175,,21,06,040,,11,02,217,,13,02,259,*7F
$GPRMC,183831.000,A,2632.7368,N,07702.9502,W,1.33,325.38,220324,,,A*74
$GPVTG,325.38,T,,M,1.33,N,2.5,K,A*04
$GPGGA,183836.000,2632.7364,N,07702.9519,W,1,08,1.1,-7.9,M,-33.0,M,,0000*4A
$GPGSA,A,3,19,14,30,03,17,02,06,22,,,,,2.4,1.1,2.2*3B
$GPGSV,3,1,12,14,73,029,25,22,57,341,28,17,53,335,21,30,42,204,24*78
$GPGSV,3,2,12,19,39,294,28,06,36,218,23,03,29,091,14,02,21,039,17*7D
$GPGSV,3,3,12,07,19,175,,21,06,040,,11,02,217,,13,02,259,*7F
$GPRMC,183836.000,A,2632.7364,N,07702.9519,W,1.10,240.63,220324,,,A*78
$GPVTG,240.63,T,,M,1.10,N,2.0,K,A*0C
$GPGGA,183841.000,2632.7297,N,07702.9485,W,1,10,1.0,11.9,M,-33.0,M,,0000*51
$GPGSA,A,3,19,21,14,30,03,17,02,06,07,22,,,1.8,1.0,1.5*35
$GPGSV,3,1,12,14,73,029,23,22,57,341,30,17,53,335,29,30,42,204,25*7E
$GPGSV,3,2,12,19,39,294,28,06,36,218,24,03,29,091,23,02,21,039,16*7F
$GPGSV,3,3,12,07,19,175,16,21,06,040,14,11,02,217,,13,02,259,*7D
$GPRMC,183841.000,A,2632.7297,N,07702.9485,W,1.15,212.61,220324,,,A*71
$GPVTG,212.61,T,,M,1.15,N,2.1,K,A*0D
$GPGGA,183846.000,2632.7282,N,07702.9460,W,1,09,1.0,10.1,M,-33.0,M,,0000*58
$GPGSA,A,3,19,21,14,03,17,02,06,07,22,,,,1.8,1.0,1.5*36
$GPGSV,3,1,12,14,73,029,32,22,57,341,30,17,53,335,28,30,42,204,24*7E
$GPGSV,3,2,12,19,39,294,28,06,36,218,23,03,29,091,26,02,21,039,22*7A
$GPGSV,3,3,12,07,19,175,17,21,06,040,16,11,02,217,,13,02,259,*7E
$GPRMC,183846.000,A,2632.7282,N,07702.9460,W,1.09,231.94,220324,,,A*7F
$GPVTG,231.94,T,,M,1.09,N,2.0,K,A*0A
$GPGGA,183851.000,2632.7262,N,07702.9468,W,1,10,1.0,9.1,M,-33.0,M,,0000*68
$GPGSA,A,3,19,21,14,30,03,17,02,06,07,22,,,1.8,1.0,1.5*35
$GPGSV,3,1,12,14,73,029,27,22,57,341,29,17,53,335,29,30,42,204,24*73
$GPGSV,3,2,12,19,39,294,27,06,36,218,23,03,29,091,33,02,21,039,23*70
$GPGSV,3,3,12,07,19,175,16,21,06,040,20,11,02,217,,13,02,259,*7A
$GPVTG,207.59,T,,M,1.90,N,3.5,K,A*0A
$GPGGA,183856.000,2632.7238,N,07702.9481,W,1,10,1.0,8.7,M,-33.0,M,,0000*60
$GPGSA,A,3,19,21,14,30,03,17,02,06,07,22,,,1.8,1.0,1.5*35
$GPGSV,3,1,12,14,73,029,29,22,57,341,29,17,53,335,35,30,42,204,25*71
$GPGSV,3,2,12,19,39,294,23,06,36,218,23,03,29,091,24,02,21,039,22*73
$GPGSV,3,3,12,07,19,175,16,21,06,040,13,11,02,217,,13,02,259,*7A
$GPRMC,183856.000,A,2632.7238,N,07702.9481,W,1.49,190.71,220324,,,A*77
$GPVTG,190.71,T,,M,1.49,N,2.8,K,A*05
$GPGGA,183901.000,2632.7212,N,07702.9492,W,1,09,1.1,7.7,M,-33.0,M,,0000*6F
$GPGSA,A,3,19,14,30,03,17,02,06,07,22,,,,2.3,1.1,2.0*39
$GPGSV,3,1,12,14,73,029,29,22,57,341,33,17,53,335,27,30,42,204,26*7A
$GPGSV,3,2,12,19,39,294,26,06,36,218,23,03,29,091,35,02,21,039,25*71
$GPGSV,3,3,12,07,19,175,18,21,06,040,,11,02,217,,13,02,259,*76
$GPRMC,183901.000,A,2632.7212,N,07702.9492,W,1.42,228.89,220324,,,A*72
$GPVTG,228.89,T,,M,1.42,N,2.6,K,A*07
$GPGGA,183906.000,2632.7192,N,07702.9482,W,1,09,1.1,5.9,M,-33.0,M,,0000*6E
$GPGSA,A,3,19,14,30,03,17,02,06,07,22,,,,2.3,1.1,2.0*39
$GPGSV,3,1,12,14,73,029,31,22,57,341,36,17,53,335,34,30,42,204,29*7B
$GPGSV,3,2,12,19,39,294,34,06,36,218,27,03,29,091,30,02,21,039,30*77
$GPGSV,3,3,12,07,19,175,17,21,06,040,,11,02,217,,13,02,259,*79
$GPRMC,183906.000,A,2632.7192,N,07702.9482,W,1.80,129.89,220324,,,A*73
$GPVTG,129.89,T,,M,1.80,N,3.3,K,A*0F
$GPGGA,183911.000,2632.7182,N,07702.9472,W,1,10,1.0,6.1,M,-33.0,M,,0000*64
$GPGSA,A,3,19,21,14,30,03,17,02,06,07,22,,,1.8,1.0,1.5*35
$GPGSV,3,1,12,14,73,029,31,22,57,341,19,17,53,335,27,30,42,204,29*74
$GPGSV,3,2,12,19,39,294,24,06,36,218,19,03,29,091,19,02,21,039,32*72
$GPGSV,3,3,12,07,19,175,15,21,06,040,13,11,02,217,,13,02,259,*79
$GPRMC,183911.000,A,2632.7182,N,07702.9472,W,0.35,194.54,220324,,,A*72
$GPVTG,194.54,T,,M,0.35,N,0.6,K,A*00
$GPGGA,183916.000,2632.7178,N,07702.9471,W,1,08,1.1,6.1,M,-33.0,M,,0000*6D
$GPGSA,A,3,19,14,30,03,17,02,06,22,,,,,2.4,1.1,2.2*3B
$GPGSV,3,1,12,14,73,029,32,22,57,341,35,17,53,335,33,30,42,204,29*7C
$GPGSV,3,2,12,19,39,294,19,06,36,218,23,03,29,091,19,02,21,039,34*73
$GPGSV,3,3,12,07,19,175,,21,06,040,,11,02,217,,13,02,259,*7F
$GPRMC,183916.000,A,2632.7178,N,07702.9471,W,0.12,165.87,220324,,,A*76
$GPVTG,165.87,T,,M,0.12,N,0.2,K,A*01
$GPGGA,183921.000,2632.7176,N,07702.9473,W,1,08,1.1,4.9,M,-33.0,M,,0000*6F
$GPGSA,A,3,19,14,30,03,17,02,06,22,,,,,2.4,1.1,2.2*3B
$GPGSV,3,1,12,14,73,029,20,22,57,341,32,17,53,335,30,30,42,204,23*71
$GPGSV,3,2,12,19,39,294,28,06,36,218,24,03,29,091,14,02,21,039,26*78
$GPGSV,3,3,12,07,19,175,,21,06,040,,11,02,217,,13,02,259,*7F
$GPRMC,183921.000,A,2632.7176,N,07702.9473,W,0.48,232.83,220324,,,A*74
$GPVTG,232.83,T,,M,0.48,N,0.9,K,A*00
$GPGGA,183926.000,2632.7179,N,07702.9474,W,1,08,1.1,2.1,M,-33.0,M,,0000*6E
$GPGSA,A,3,19,14,30,03,17,02,06,22,,,,,2.4,1.1,2.1*38
$GPGSV,3,1,12,14,74,034,18,22,58,342,24,17,53,337,18,30,41,203,19*7F
$GPGSV,3,2,12,19,40,295,22,06,37,219,25,03,30,090,14,02,20,039,24*76
$GPGSV,3,3,12,07,18,175,,21,05,041,,11,03,218,,13,01,258,*70
$GPVTG,315.78,T,,M,0.87,N,1.6,K,A*0D
$GPGGA,183931.000,2632.7143,N,07702.9465,W,1,05,1.6,2.0,M,-33.0,M,,0000*6A
$GPGSA,A,3,19,14,03,06,22,,,,,,,,3.6,1.6,3.2*39
$GPGSV,3,1,12,14,74,034,17,22,58,342,15,17,53,337,,30,41,203,12*70
$GPGSV,3,2,12,19,40,295,20,06,37,219,16,03,30,090,12,02,20,039,*74
$GPGSV,3,3,12,07,18,175,,21,05,041,,11,03,218,,13,01,258,*70
$GPRMC,183931.000,A,2632.7143,N,07702.9465,W,5.12,186.90,220324,,,A*70
$GPVTG,186.90,T,,M,5.12,N,9.5,K,A*01
$GPGGA,183936.000,2632.7091,N,07702.9483,W,1,03,5.5,-1.9,M,-33.0,M,,0000*4D
$GPGSA,A,2,19,14,22,,,,,,,,,,5.6,5.5,1.0*3C
$GPGSV,3,1,12,14,74,034,16,22,58,342,13,17,53,337,,30,41,203,*74
$GPGSV,3,2,12,19,40,295,18,06,37,219,,03,30,090,,02,20,039,*7B
$GPGSV,3,3,12,07,18,175,,21,05,041,,11,03,218,,13,01,258,*70
$GPRMC,183936.000,A,2632.7091,N,07702.9483,W,4.57,179.81,220324,,,A*71
$GPVTG,179.81,T,,M,4.57,N,8.5,K,N*0F
$GPGGA,183941.000,2632.7008,N,07702.9401,W,1,04,2.9,-1.2,M,-33.0,M,,0000*40
$GPGSA,A,3,19,17,06,22,,,,,,,,,3.1,2.9,1.0*32
$GPGSV,3,1,12,14,74,034,,22,58,342,18,17,53,337,23,30,41,203,*79
$GPGSV,3,2,12,19,40,295,25,06,37,219,16,03,30,090,,02,20,039,*72
$GPGSV,3,3,12,07,18,175,,21,05,041,,11,03,218,,13,01,258,*70
$GPRMC,183941.000,A,2632.7008,N,07702.9401,W,7.31,146.05,220324,,,A*78
$GPVTG,146.05,T,,M,7.31,N,13.5,K,A*39
$GPGGA,183946.000,2632.7047,N,07702.9434,W,1,07,1.3,-0.7,M,-33.0,M,,0000*44
$GPGSA,A,3,19,17,03,14,02,06,22,,,,,,2.5,1.3,2.1*38
$GPGSV,3,1,12,14,74,034,23,22,58,342,26,17,53,337,31,30,41,203,*76
$GPGSV,3,2,12,19,40,295,25,06,37,219,20,03,30,090,24,02,20,039,27*74
$GPGSV,3,3,12,07,18,175,,21,05,041,,11,03,218,,13,01,258,*70
$GPRMC,183946.000,A,2632.7047,N,07702.9434,W,0.61,316.34,220324,,,A*75
$GPVTG,316.34,T,,M,0.61,N,1.1,K,A*09
$GPGGA,183951.000,2632.7115,N,07702.9449,W,1,05,2.2,-2.4,M,-33.0,M,,0000*4F
$GPGSA,A,3,19,17,03,02,22,,,,,,,,4.0,2.2,3.3*39
$GPGSV,3,1,12,14,74,034,15,22,58,342,25,17,53,337,25,30,41,203,*75
$GPGSV,3,2,12,19,40,295,26,06,37,219,18,03,30,090,15,02,20,039,24*7D
$GPGSV,3,3,12,07,18,175,,21,05,041,,11,03,218,,13,01,258,*70
$GPRMC,183951.000,A,2632.7115,N,07702.9449,W,0.97,173.14,220324,,,A*75
$GPVTG,173.14,T,,M,0.97,N,1.8,K,A*0A
$GPGGA,183956.000,2632.7147,N,07702.9453,W,1,04,4.6,-8.5,M,-33.0,M,,0000*4C
$GPGSA,A,3,19,17,03,14,,,,,,,,,5.7,4.6,3.4*3D
$GPGSV,3,1,12,14,74,034,15,22,58,342,13,17,53,337,15,30,41,203,*73
$GPGSV,3,2,12,19,40,295,23,06,37,219,,03,30,090,19,02,20,039,*7B
$GPGSV,3,3,12,07,18,175,,21,05,041,,11,03,218,,13,01,258,*70
$GPRMC,183956.000,A,2632.7147,N,07702.9453,W,0.83,282.05,220324,,,A*76
$GPGGA,184001.000,2632.7084,N,07702.9430,W,1,04,2.5,-11.2,M,-33.0,M,,0000*71
$GPGSA,A,3,03,14,02,22,,,,,,,,,2.7,2.5,1.0*35
$GPGSV,3,1,12,14,74,034,14,22,58,342,13,17,53,337,13,30,41,203,*74
$GPGSV,3,2,12,19,40,295,,06,37,219,,03,30,090,20,02,20,039,25*77
$GPGSV,3,3,12,07,18,175,,21,05,041,,11,03,218,,13,01,258,*70
$GPRMC,184001.000,A,2632.7084,N,07702.9430,W,4.30,148.12,220324,,,A*7E
$GPVTG,148.12,T,,M,4.30,N,8.0,K,A*0C
$GPGGA,184006.000,2632.7094,N,07702.9354,W,1,04,2.5,-14.6,M,-33.0,M,,0000*73
$GPGSA,A,3,03,14,02,22,,,,,,,,,2.7,2.5,1.0*35
$GPGSV,3,1,12,14,74,034,14,22,58,342,14,17,53,337,,30,41,203,*71
$GPGSV,3,2,12,19,40,295,,06,37,219,,03,30,090,20,02,20,039,25*77
$GPGSV,3,3,12,07,18,175,,21,05,041,,11,03,218,,13,01,258,*70
$GPRMC,184006.000,A,2632.7094,N,07702.9354,W,2.90,89.78,220324,,,A*41
$GPVTG,89.78,T,,M,2.90,N,5.4,K,A*39
$GPGGA,184011.000,2632.7068,N,07702.9381,W,1,04,2.3,-14.6,M,-33.0,M,,0000*78
$GPGSA,A,3,07,03,14,02,,,,,,,,,3.2,2.3,2.3*30
$GPGSV,3,1,12,14,74,034,14,22,58,342,14,17,53,337,,30,41,203,*71
$GPGSV,3,2,12,19,40,295,,06,37,219,,03,30,090,21,02,20,039,18*78
$GPGSV,3,3,12,07,18,175,14,21,05,041,,11,03,218,,13,01,258,*75
$GPRMC,184011.000,A,2632.7068,N,07702.9381,W,1.02,247.80,220324,,,A*73
$GPVTG,247.80,T,,M,1.02,N,1.9,K,A*0F
$GPGGA,184016.000,2632.7056,N,07702.9405,W,6,00,50.0,-16.0,M,-33.0,M,,0000*4A
$GPGSA,A,2,,,,,,,,,,,,,50.0,50.0,50.0*06
$GPGSV,3,1,12,14,74,034,,22,58,342,,17,53,337,,30,41,203,*71
$GPGSV,3,2,12,19,40,295,,06,37,219,,03,30,090,,02,20,039,12*71
$GPGSV,3,3,12,07,18,175,14,21,05,041,,11,03,218,,13,01,258,*75
$GPRMC,184016.000,A,2632.7056,N,07702.9405,W,1.16,263.31,220324,,,E*7F
$GPVTG,263.31,T,,M,1.16,N,2.1,K,N*02
$GPGGA,184021.000,2632.7054,N,07702.9423,W,6,00,50.0,-16.8,M,-33.0,M,,0000*40
$GPGSA,A,2,,,,,,,,,,,,,50.0,50.0,50.0*06
$GPGSV,3,1,12,14,74,034,,22,58,342,,17,53,337,,30,41,203,*71
$GPGSV,3,2,12,19,40,295,,06,37,219,,03,30,090,,02,20,039,*72
$GPGSV,3,3,12,07,18,175,14,21,05,041,,11,03,218,,13,01,258,*75
$GPVTG,263.31,T,,M,1.16,N,2.1,K,N*02
$GPGGA,184026.000,2632.7053,N,07702.9441,W,6,00,50.0,-17.6,M,-33.0,M,,0000*4B
$GPGSA,A,2,,,,,,,,,,,,,50.0,50.0,50.0*06
$GPGSV,3,1,12,14,74,034,,22,58,342,,17,53,337,,30,41,203,*71
$GPGSV,3,2,12,19,40,295,,06,37,219,,03,30,090,,02,20,039,*72
$GPGSV,3,3,12,07,18,175,15,21,05,041,,11,03,218,,13,01,258,*74
$GPRMC,184026.000,A,2632.7053,N,07702.9441,W,1.16,263.31,220324,,,E*79
$GPVTG,263.31,T,,M,1.16,N,2.1,K,N*02
$GPGGA,185646.000,2632.7008,N,07702.9507,W,1,03,3.2,-13.7,M,-33.0,M,,0000*72
$GPGSA,A,2,17,03,02,,,,,,,,,,3.3,3.2,1.0*34
$GPGSV,3,1,12,14,76,063,,22,64,348,18,17,53,348,23,06,43,225,*77
$GPGSV,3,2,12,19,42,304,,30,34,198,,03,31,081,32,02,14,040,20*7E
$GPGSV,3,3,12,07,12,173,,11,08,221,,24,03,317,,21,00,042,*77
$GPRMC,185646.000,A,2632.7008,N,07702.9507,W,2.56,208.20,220324,,,A*7B
$GPVTG,208.20,T,,M,2.56,N,4.7,K,A*07
$GPGGA,185651.000,2632.6998,N,07702.9514,W,1,04,2.8,-14.6,M,-33.0,M,,0000*7D
$GPGSA,A,3,17,22,03,02,,,,,,,,,3.0,2.8,1.0*3D
$GPGSV,3,1,12,14,76,063,,22,64,348,18,17,53,348,23,06,43,225,*77
$GPGSV,3,2,12,19,42,304,,30,34,198,,03,31,081,32,02,14,040,20*7E
$GPGSV,3,3,12,07,12,173,,11,08,221,,24,03,317,,21,00,042,*77
$GPRMC,185651.000,A,2632.6998,N,07702.9514,W,0.73,120.83,220324,,,A*7B
$GPVTG,120.83,T,,M,0.73,N,1.4,K,A*04
$GPGGA,185656.000,2632.7025,N,07702.9522,W,1,04,2.8,-13.8,M,-33.0,M,,0000*78
$GPGSA,A,3,17,22,03,02,,,,,,,,,3.0,2.8,1.0*3D
$GPGSV,3,1,12,14,76,063,,22,64,348,18,17,53,348,22,06,43,225,*76
$GPGSV,3,2,12,19,42,304,,30,34,198,,03,31,081,32,02,14,040,20*7E
$GPGSV,3,3,12,07,12,173,,11,08,221,,24,03,317,,21,00,042,*77
$GPRMC,185656.000,A,2632.7025,N,07702.9522,W,1.52,197.56,220324,,,A*71
$GPVTG,197.56,T,,M,1.52,N,2.8,K,A*0D
$GPGGA,185701.000,2632.7017,N,07702.9508,W,1,04,2.8,-13.2,M,-33.0,M,,0000*78
$GPGSA,A,3,17,22,03,02,,,,,,,,,3.0,2.8,1.0*3D
$GPGSV,3,1,12,14,76,063,,22,64,348,18,17,53,348,22,06,43,225,*76
$GPGSV,3,2,12,19,42,304,,30,34,198,,03,31,081,32,02,14,040,20*7E
$GPGSV,3,3,12,07,12,173,,11,08,221,,24,03,317,,21,00,042,*77
$GPVTG,180.70,T,,M,0.84,N,1.6,K,A*08
$GPGGA,185706.000,2632.7023,N,07702.9503,W,1,04,2.8,-13.3,M,-33.0,M,,0000*72
$GPGSA,A,3,17,22,03,02,,,,,,,,,3.0,2.8,1.0*3D
$GPGSV,3,1,12,14,76,063,,22,64,348,18,17,53,348,22,06,43,225,*76
$GPGSV,3,2,12,19,42,304,,30,34,198,,03,31,081,32,02,14,040,20*7E
$GPGSV,3,3,12,07,12,173,,11,08,221,,24,03,317,,21,00,042,*77
$GPRMC,185706.000,A,2632.7023,N,07702.9503,W,0.81,158.38,220324,,,A*74
$GPVTG,158.38,T,,M,0.81,N,1.5,K,A*07
$GPGGA,185711.000,2632.7027,N,07702.9506,W,1,04,2.8,-13.7,M,-33.0,M,,0000*71
$GPGSA,A,3,17,22,03,02,,,,,,,,,3.0,2.8,1.0*3D
$GPGSV,3,1,12,14,76,063,,22,64,348,19,17,53,348,22,06,43,225,*77
$GPGSV,3,2,12,19,42,304,,30,34,198,,03,31,081,32,02,14,040,20*7E
$GPGSV,3,3,12,07,12,173,,11,08,221,,24,03,317,,21,00,042,*77
$GPRMC,185711.000,A,2632.7027,N,07702.9506,W,1.08,193.71,220324,,,A*79
$GPVTG,193.71,T,,M,1.08,N,2.0,K,A*0B
$GPGGA,185716.000,2632.7025,N,07702.9485,W,1,04,2.8,-13.1,M,-33.0,M,,0000*78
$GPGSA,A,3,17,22,03,02,,,,,,,,,3.0,2.8,1.0*3D
$GPGSV,3,1,12,14,76,063,,22,64,348,19,17,53,348,22,06,43,225,*77
$GPGSV,3,2,12,19,42,304,,30,34,198,,03,31,081,32,02,14,040,20*7E
$GPGSV,3,3,12,07,12,173,,11,08,221,,24,03,317,,21,00,042,*77
$GPRMC,185716.000,A,2632.7025,N,07702.9485,W,0.82,176.01,220324,,,A*79
$GPVTG,176.01,T,,M,0.82,N,1.5,K,A*02
$GPGGA,185721.000,2632.7025,N,07702.9489,W,1,03,9.0,-12.4,M,-33.0,M,,0000*70
$GPGSA,A,2,17,22,03,,,,,,,,,,9.1,9.0,1.0*36
$GPGSV,3,1,12,14,76,063,,22,64,348,20,17,53,348,23,06,43,225,*7C
$GPGSV,3,2,12,19,42,304,,30,34,198,,03,31,081,25,02,14,040,11*7A
$GPGSV,3,3,12,07,12,173,,11,08,221,,24,03,317,,21,00,042,*77
$GPRMC,185721.000,A,2632.7025,N,07702.9489,W,1.98,196.40,220324,,,A*70
$GPVTG,196.40,T,,M,1.98,N,3.7,K,N*0C
$GPGGA,185726.000,2632.7123,N,07702.9387,W,1,04,3.7,15.5,M,-33.0,M,,0000*58
$GPGSA,A,3,17,22,03,07,,,,,,,,,8.4,3.7,7.5*3A
$GPGSV,3,1,11,14,76,069,,22,65,349,22,17,53,351,25,06,45,226,*7C
$GPGSV,3,2,11,19,43,306,,30,33,197,,03,31,080,25,02,13,040,11*74
$GPGSV,3,3,11,07,11,173,20,11,09,221,,24,04,317,*46
$GPRMC,185726.000,A,2632.7123,N,07702.9387,W,0.43,106.10,220324,,,A*72
$GPVTG,106.10,T,,M,0.43,N,0.8,K,A*04
$GPGGA,185731.000,2632.7140,N,07702.9356,W,1,05,1.8,20.7,M,-33.0,M,,0000*5F
$GPGSA,A,3,17,22,03,07,02,,,,,,,,3.0,1.8,2.4*3E
$GPGSV,3,1,11,14,76,069,,22,65,349,22,17,53,351,25,06,45,226,*7C
$GPGSV,3,2,11,19,43,306,,30,33,197,,03,31,080,25,02,13,040,13*76
$GPGSV,3,3,11,07,11,173,20,11,09,221,,24,04,317,*46
$GPRMC,185731.000,A,2632.7140,N,07702.9356,W,0.04,334.88,220324,,,A*7C
$GPGGA,185736.000,2632.7147,N,07702.9349,W,1,04,2.8,30.3,M,-33.0,M,,0000*56
$GPGSA,A,3,17,22,03,02,,,,,,,,,3.0,2.8,1.0*3D
$GPGSV,3,1,11,14,76,069,,22,65,349,22,17,53,351,26,06,45,226,*7F
$GPGSV,3,2,11,19,43,306,,30,33,197,,03,31,080,25,02,13,040,13*76
$GPGSV,3,3,11,07,11,173,,11,09,221,,24,04,317,*44
$GPRMC,185736.000,A,2632.7147,N,07702.9349,W,1.40,31.46,220324,,,A*47
$GPVTG,31.46,T,,M,1.40,N,2.6,K,A*3C
$GPGGA,185741.000,2632.7175,N,07702.9340,W,1,05,1.8,29.6,M,-33.0,M,,0000*51
$GPGSA,A,3,17,22,03,07,02,,,,,,,,3.0,1.8,2.4*3E
$GPGSV,3,1,11,14,76,069,,22,65,349,22,17,53,351,26,06,45,226,*7F
$GPGSV,3,2,11,19,43,306,,30,33,197,,03,31,080,25,02,13,040,13*76
$GPGSV,3,3,11,07,11,173,19,11,09,221,,24,04,317,*4C
$GPRMC,185741.000,A,2632.7175,N,07702.9340,W,2.14,20.86,220324,,,A*41
$GPVTG,20.86,T,,M,2.14,N,4.0,K,A*32
$GPGGA,185746.000,2632.7152,N,07702.9366,W,1,05,1.8,25.3,M,-33.0,M,,0000*5E
$GPGSA,A,3,17,22,03,07,02,,,,,,,,3.0,1.8,2.4*3E
$GPGSV,3,1,11,14,76,069,,22,65,349,23,17,53,351,26,06,45,226,*7E
$GPGSV,3,2,11,19,43,306,,30,33,197,,03,31,080,25,02,13,040,13*76
$GPGSV,3,3,11,07,11,173,19,11,09,221,,24,04,317,*4C
$GPRMC,185746.000,A,2632.7152,N,07702.9366,W,0.32,290.53,220324,,,A*70
$GPVTG,290.53,T,,M,0.32,N,0.6,K,A*07
$GPGGA,185751.000,2632.7153,N,07702.9370,W,1,03,8.8,23.8,M,-33.0,M,,0000*5C
$GPGSA,A,2,17,22,03,,,,,,,,,,8.9,8.8,1.0*36
$GPGSV,3,1,11,14,76,069,,22,65,349,23,17,53,351,26,06,45,226,*7E
$GPGSV,3,2,11,19,43,306,,30,33,197,,03,31,080,25,02,13,040,*74
$GPGSV,3,3,11,07,11,173,18,11,09,221,,24,04,317,*4D
$GPRMC,185751.000,A,2632.7153,N,07702.9370,W,0.75,37.40,220324,,,A*4E
$GPVTG,37.40,T,,M,0.75,N,1.4,K,A*3A
$GPGGA,185756.000,2632.7175,N,07702.9370,W,1,04,3.7,18.5,M,-33.0,M,,0000*59
$GPGSA,A,3,17,22,03,07,,,,,,,,,8.3,3.7,7.4*3C
$GPGSV,3,1,11,14,76,069,,22,65,349,23,17,53,351,26,06,45,226,*7E
$GPGSV,3,2,11,19,43,306,,30,33,197,,03,31,080,25,02,13,040,*74
$GPGSV,3,3,11,07,11,173,19,11,09,221,,24,04,317,*4C
$GPRMC,185756.000,A,2632.7175,N,07702.9370,W,0.87,337.43,220324,,,A*70
$GPGGA,185801.000,2632.7171,N,07702.9371,W,1,04,3.7,13.7,M,-33.0,M,,0000*58
$GPGSA,A,3,17,22,03,07,,,,,,,,,8.3,3.7,7.4*3C
$GPGSV,3,1,11,14,76,069,,22,65,349,23,17,53,351,26,06,45,226,*7E
$GPGSV,3,2,11,19,43,306,,30,33,197,,03,31,080,25,02,13,040,*74
$GPGSV,3,3,11,07,11,173,19,11,09,221,,24,04,317,*4C
$GPRMC,185801.000,A,2632.7171,N,07702.9371,W,0.96,176.67,220324,,,A*79
$GPVTG,176.67,T,,M,0.96,N,1.8,K,A*0A
$GPGGA,185806.000,2632.7157,N,07702.9370,W,1,04,3.7,10.6,M,-33.0,M,,0000*58
$GPGSA,A,3,17,22,03,07,,,,,,,,,8.2,3.7,7.4*3D
$GPGSV,3,1,11,14,76,069,,22,65,349,23,17,53,351,26,06,45,226,*7E
$GPGSV,3,2,11,19,43,306,,30,33,197,,03,31,080,25,02,13,040,*74
$GPGSV,3,3,11,07,11,173,18,11,09,221,,24,04,317,*4D
$GPRMC,185806.000,A,2632.7157,N,07702.9370,W,0.64,242.53,220324,,,A*75
$GPVTG,242.53,T,,M,0.64,N,1.2,K,A*0E
$GPGGA,185811.000,2632.7168,N,07702.9368,W,1,05,2.1,11.9,M,-33.0,M,,0000*53
$GPGSA,A,3,17,22,03,07,14,,,,,,,,3.6,2.1,2.9*38
$GPGSV,3,1,11,14,76,069,14,22,65,349,23,17,53,351,27,06,45,226,*7A
$GPGSV,3,2,11,19,43,306,,30,33,197,,03,31,080,25,02,13,040,*74
$GPGSV,3,3,11,07,11,173,18,11,09,221,,24,04,317,*4D
$GPRMC,185811.000,A,2632.7168,N,07702.9368,W,1.47,3.23,220324,,,A*76
$GPVTG,3.23,T,,M,1.47,N,2.7,K,A*08
$GPGGA,185816.000,2632.7188,N,07702.9398,W,1,05,2.1,2.6,M,-33.0,M,,0000*68
$GPGSA,A,3,17,22,03,07,14,,,,,,,,3.6,2.1,2.9*38
$GPGSV,3,1,11,14,76,069,15,22,65,349,23,17,53,351,27,06,45,226,*7B
$GPGSV,3,2,11,19,43,306,,30,33,197,,03,31,080,25,02,13,040,*74
$GPGSV,3,3,11,07,11,173,19,11,09,221,,24,04,317,*4C
$GPRMC,185816.000,A,2632.7188,N,07702.9398,W,0.89,283.11,220324,,,A*78
$GPVTG,283.11,T,,M,0.89,N,1.7,K,A*03
$GPGGA,185821.000,2632.7185,N,07702.9394,W,1,04,3.7,4.5,M,-33.0,M,,0000*6E
$GPGSA,A,3,17,22,03,07,,,,,,,,,8.2,3.7,7.3*3A
$GPGSV,3,1,11,14,76,069,15,22,65,349,23,17,53,351,27,06,45,226,*7B
$GPGSV,3,2,11,19,43,306,,30,33,197,,03,31,080,25,02,13,040,*74
$GPGSV,3,3,11,07,11,173,19,11,09,221,,24,04,317,*4C
$GPRMC,185821.000,A,2632.7185,N,07702.9394,W,0.08,285.28,220324,,,A*78
$GPGGA,185826.000,2632.7179,N,07702.9380,W,1,05,2.1,8.4,M,-33.0,M,,0000*64
$GPGSA,A,3,17,22,03,07,14,,,,,,,,3.6,2.1,2.9*38
$GPGSV,3,1,11,14,76,069,15,22,65,349,22,17,53,351,27,06,45,226,*7A
$GPGSV,3,2,11,19,43,306,,30,33,197,,03,31,080,25,02,13,040,*74
$GPGSV,3,3,11,07,11,173,14,11,09,221,,24,04,317,*41
$GPRMC,185826.000,A,2632.7179,N,07702.9380,W,0.79,191.33,220324,,,A*73
$GPVTG,191.33,T,,M,0.79,N,1.5,K,A*0E
$GPGGA,185831.000,2632.7185,N,07702.9387,W,1,04,3.7,4.1,M,-33.0,M,,0000*69
$GPGSA,A,3,17,22,03,07,,,,,,,,,8.1,3.7,7.3*39
$GPGSV,3,1,11,14,76,069,15,22,65,349,23,17,53,351,27,06,45,226,*7B
$GPGSV,3,2,11,19,43,306,,30,33,197,,03,31,080,25,02,13,040,*74
$GPGSV,3,3,11,07,11,173,13,11,09,221,,24,04,317,*46
$GPRMC,185831.000,A,2632.7185,N,07702.9387,W,1.73,211.95,220324,,,A*7D
$GPVTG,211.95,T,,M,1.73,N,3.2,K,A*07
$GPGGA,185836.000,2632.7181,N,07702.9378,W,1,05,2.1,5.9,M,-33.0,M,,0000*65
$GPGSA,A,3,17,22,03,07,14,,,,,,,,3.6,2.1,2.9*38
$GPGSV,3,1,11,14,76,069,15,22,65,349,22,17,53,351,27,06,45,226,*7A
$GPGSV,3,2,11,19,43,306,,30,33,197,,03,31,080,25,02,13,040,*74
$GPGSV,3,3,11,07,11,173,16,11,09,221,,24,04,317,*43
$GPRMC,185836.000,A,2632.7181,N,07702.9378,W,0.35,98.59,220324,,,A*4E
$GPVTG,98.59,T,,M,0.35,N,0.6,K,A*30
$GPGGA,185841.000,2632.7200,N,07702.9365,W,1,05,2.1,5.2,M,-33.0,M,,0000*68
$GPGSA,A,3,17,22,03,07,14,,,,,,,,3.6,2.1,2.9*38
$GPGSV,3,1,11,14,76,069,15,22,65,349,22,17,53,351,27,06,45,226,*7A
$GPGSV,3,2,11,19,43,306,,30,33,197,,03,31,080,25,02,13,040,*74
$GPGSV,3,3,11,07,11,173,17,11,09,221,,24,04,317,*42
$GPRMC,185841.000,A,2632.7200,N,07702.9365,W,0.12,240.38,220324,,,A*7D
$GPVTG,240.38,T,,M,0.12,N,0.2,K,A*01
$GPGGA,185846.000,2632.7208,N,07702.9368,W,1,05,2.1,-1.3,M,-33.0,M,,0000*42
$GPGSA,A,3,17,22,03,07,14,,,,,,,,3.6,2.1,2.9*38
$GPGSV,3,1,11,14,76,069,16,22,65,349,23,17,53,351,28,06,45,226,*77
$GPGSV,3,2,11,19,43,306,,30,33,197,,03,31,080,25,02,13,040,*74
$GPGSV,3,3,11,07,11,173,18,11,09,221,,24,04,317,*4D
$GPRMC,185846.000,A,2632.7208,N,07702.9368,W,0.33,7.50,220324,,,A*73
$GPGGA,185851.000,2632.7219,N,07702.9375,W,1,05,2.1,-4.1,M,-33.0,M,,0000*4F
$GPGSA,A,3,17,22,03,07,14,,,,,,,,3.6,2.1,2.9*38
$GPGSV,3,1,11,14,76,069,16,22,65,349,22,17,53,351,28,06,45,226,*76
$GPGSV,3,2,11,19,43,306,,30,33,197,,03,31,080,25,02,13,040,*74
$GPGSV,3,3,11,07,11,173,18,11,09,221,,24,04,317,*4D
$GPRMC,185851.000,A,2632.7219,N,07702.9375,W,0.68,344.23,220324,,,A*77
$GPVTG,344.23,T,,M,0.68,N,1.3,K,A*03
$GPGGA,185856.000,2632.7230,N,07702.9380,W,1,04,3.6,-10.0,M,-33.0,M,,0000*7A
$GPGSA,A,3,17,22,03,07,,,,,,,,,8.0,3.6,7.1*3B
$GPGSV,3,1,11,14,76,069,16,22,65,349,22,17,53,351,28,06,45,226,*76
$GPGSV,3,2,11,19,43,306,,30,33,197,,03,31,080,25,02,13,040,*74
$GPGSV,3,3,11,07,11,173,18,11,09,221,,24,04,317,*4D
$GPRMC,185856.000,A,2632.7230,N,07702.9380,W,0.37,276.33,220324,,,A*7A
$GPVTG,276.33,T,,M,0.37,N,0.7,K,A*0D
$GPGGA,185901.000,2632.7212,N,07702.9396,W,1,06,1.7,-10.5,M,-33.0,M,,0000*7A
$GPGSA,A,3,17,22,03,07,02,14,,,,,,,2.4,1.7,1.7*31
$GPGSV,3,1,11,14,76,069,16,22,65,349,22,17,53,351,28,06,45,226,*76
$GPGSV,3,2,11,19,43,306,,30,33,197,,03,31,080,25,02,13,040,14*71
$GPGSV,3,3,11,07,11,173,17,11,09,221,,24,04,317,*42
$GPRMC,185901.000,A,2632.7212,N,07702.9396,W,0.54,337.41,220324,,,A*7A
$GPVTG,337.41,T,,M,0.54,N,1.0,K,A*0F
$GPGGA,185906.000,2632.7211,N,07702.9387,W,1,05,1.9,-6.6,M,-33.0,M,,0000*47
$GPGSA,A,3,17,22,03,07,02,,,,,,,,3.0,1.9,2.3*38
$GPGSV,3,1,11,14,76,069,16,22,65,349,22,17,53,351,28,06,45,226,*76
$GPGSV,3,2,11,19,43,306,,30,33,197,,03,31,080,26,02,13,040,15*73
$GPGSV,3,3,11,07,11,173,16,11,09,221,,24,04,317,*43
$GPRMC,185906.000,A,2632.7211,N,07702.9387,W,0.60,5.37,220324,,,A*7A
$GPVTG,5.37,T,,M,0.60,N,1.1,K,A*0A
$GPGGA,185911.000,2632.7199,N,07702.9386,W,1,06,1.7,-2.5,M,-33.0,M,,0000*49
$GPGSA,A,3,17,22,03,07,02,14,,,,,,,2.4,1.7,1.7*31
$GPGSV,3,1,11,14,76,069,16,22,65,349,22,17,53,351,28,06,45,226,*76
$GPGSV,3,2,11,19,43,306,,30,33,197,,03,31,080,26,02,13,040,15*73
$GPGSV,3,3,11,07,11,173,15,11,09,221,,24,04,317,*40
$GPVTG,165.26,T,,M,0.71,N,1.3,K,A*0F
$GPGGA,185916.000,2632.7188,N,07702.9375,W,1,06,1.7,3.1,M,-33.0,M,,0000*6A
$GPGSA,A,3,17,22,03,07,02,14,,,,,,,2.4,1.7,1.7*31
$GPGSV,3,1,11,14,76,069,16,22,65,349,22,17,53,351,28,06,45,226,*76
$GPGSV,3,2,11,19,43,306,,30,33,197,,03,31,080,26,02,13,040,15*73
$GPGSV,3,3,11,07,11,173,15,11,09,221,,24,04,317,*40
$GPRMC,185916.000,A,2632.7188,N,07702.9375,W,0.88,92.25,220324,,,A*4E
$GPVTG,92.25,T,,M,0.88,N,1.6,K,A*36
$GPGGA,185921.000,2632.7156,N,07702.9404,W,1,06,1.7,1.5,M,-33.0,M,,0000*6A
$GPGSA,A,3,17,22,03,07,02,14,,,,,,,2.4,1.7,1.7*31
$GPGSV,3,1,11,14,76,069,16,22,65,349,22,17,53,351,28,06,45,226,*76
$GPGSV,3,2,11,19,43,306,,30,33,197,,03,31,080,26,02,13,040,15*73
$GPGSV,3,3,11,07,11,173,14,11,09,221,,24,04,317,*41
$GPRMC,185921.000,A,2632.7156,N,07702.9404,W,2.00,203.59,220324,,,A*7B
$GPVTG,203.59,T,,M,2.00,N,3.7,K,A*06
$GPGGA,185926.000,2632.7122,N,07702.9421,W,1,06,1.7,-2.7,M,-33.0,M,,0000*45
$GPGSA,A,3,17,22,03,07,02,14,,,,,,,2.4,1.7,1.7*31
$GPGSV,3,1,11,14,76,069,16,22,65,349,22,17,53,351,28,06,45,226,*76
$GPGSV,3,2,11,19,43,306,,30,33,197,,03,31,080,26,02,13,040,14*72
$GPGSV,3,3,11,07,11,173,14,11,09,221,,24,04,317,*41
$GPRMC,185926.000,A,2632.7122,N,07702.9421,W,1.52,202.20,220324,,,A*73
$GPVTG,202.20,T,,M,1.52,N,2.8,K,A*03
$GPGGA,185931.000,2632.7136,N,07702.9419,W,1,05,2.4,-2.8,M,-33.0,M,,0000*41
$GPGSA,A,3,17,22,03,02,14,,,,,,,,2.6,2.4,1.0*33
$GPGSV,3,1,11,14,76,069,16,22,65,349,22,17,53,351,28,06,45,226,*76
$GPGSV,3,2,11,19,43,306,,30,33,197,,03,31,080,26,02,13,040,15*73
$GPGSV,3,3,11,07,11,173,14,11,09,221,,24,04,317,*41
$GPRMC,185931.000,A,2632.7136,N,07702.9419,W,0.93,22.10,220324,,,A*44
$GPVTG,22.10,T,,M,0.93,N,1.7,K,A*30
$GPGGA,185936.000,2632.7176,N,07702.9395,W,1,06,1.7,5.2,M,-33.0,M,,0000*62
$GPGSA,A,3,17,22,03,07,02,14,,,,,,,2.4,1.7,1.7*31
$GPGSV,3,1,11,14,76,069,16,22,65,349,22,17,53,351,28,06,45,226,*76
$GPGSV,3,2,11,19,43,306,,30,33,197,,03,31,080,26,02,13,040,16*70
$GPGSV,3,3,11,07,11,173,15,11,09,221,,24,04,317,*40
$GPVTG,8.21,T,,M,1.88,N,3.5,K,A*01
$GPGGA,185941.000,2632.7169,N,07702.9377,W,1,06,1.7,10.1,M,-33.0,M,,0000*57
$GPGSA,A,3,17,22,03,07,02,14,,,,,,,2.4,1.7,1.7*31
$GPGSV,3,1,11,14,76,069,16,22,65,349,21,17,53,351,28,06,45,226,*75
$GPGSV,3,2,11,19,43,306,,30,33,197,,03,31,080,26,02,13,040,15*73
$GPGSV,3,3,11,07,11,173,16,11,09,221,,24,04,317,*43
$GPRMC,185941.000,A,2632.7169,N,07702.9377,W,1.30,146.95,220324,,,A*70
$GPVTG,146.95,T,,M,1.30,N,2.4,K,A*06
$GPGGA,185946.000,2632.7174,N,07702.9384,W,1,05,2.1,5.7,M,-33.0,M,,0000*64
$GPGSA,A,3,17,22,03,07,14,,,,,,,,3.5,2.1,2.9*3B
$GPGSV,3,1,11,14,76,069,16,22,65,349,21,17,53,351,28,06,45,226,*75
$GPGSV,3,2,11,19,43,306,,30,33,197,,03,31,080,26,02,13,040,*77
$GPGSV,3,3,11,07,11,173,16,11,09,221,,24,04,317,*43
$GPRMC,185946.000,A,2632.7174,N,07702.9384,W,0.80,218.95,220324,,,A*75
$GPVTG,218.95,T,,M,0.80,N,1.5,K,A*06
$GPGGA,185951.000,2632.7155,N,07702.9397,W,1,05,2.1,7.1,M,-33.0,M,,0000*67
$GPGSA,A,3,17,22,03,07,14,,,,,,,,3.5,2.1,2.8*3A
$GPGSV,3,1,11,14,76,069,16,22,65,349,21,17,53,351,28,06,45,226,*75
$GPGSV,3,2,11,19,43,306,,30,33,197,,03,31,080,26,02,13,040,*77
$GPGSV,3,3,11,07,11,173,16,11,09,221,,24,04,317,*43
$GPRMC,185951.000,A,2632.7155,N,07702.9397,W,1.43,190.55,220324,,,A*73
$GPVTG,190.55,T,,M,1.43,N,2.6,K,A*07
$GPGGA,185956.000,2632.7161,N,07702.9384,W,1,05,2.1,6.9,M,-33.0,M,,0000*6C
$GPGSA,A,3,17,22,03,07,14,,,,,,,,3.5,2.1,2.8*3A
$GPGSV,3,1,11,14,76,069,16,22,65,349,20,17,53,351,28,06,45,226,*74
$GPGSV,3,2,11,19,43,306,,30,33,197,,03,31,080,26,02,13,040,*77
$GPGSV,3,3,11,07,11,173,17,11,09,221,,24,04,317,*42
$GPRMC,185956.000,A,2632.7161,N,07702.9384,W,0.24,143.95,220324,,,A*73
$GPVTG,143.95,T,,M,0.24,N,0.4,K,A*05
$GPGGA,190001.000,2632.7148,N,07702.9392,W,1,05,2.1,4.2,M,-33.0,M,,0000*66
$GPGSA,A,3,17,22,03,07,14,,,,,,,,3.5,2.1,2.8*3A
$GPGSV,3,1,11,14,76,069,16,22,65,349,20,17,53,351,28,06,45,226,*74
$GPGSV,3,2,11,19,43,306,,30,33,197,,03,31,080,27,02,13,040,*76
$GPGSV,3,3,11,07,11,173,17,11,09,221,,24,04,317,*42
$GPRMC,190001.000,A,2632.7148,N,07702.9392,W,1.36,181.81,220324,,,A*79
$GPGGA,190006.000,2632.7155,N,07702.9391,W,1,06,1.7,6.3,M,-33.0,M,,0000*6B
$GPGSA,A,3,17,22,03,07,14,02,,,,,,,2.4,1.7,1.7*31
$GPGSV,3,1,11,14,76,069,16,22,65,349,20,17,53,351,28,06,45,226,*74
$GPGSV,3,2,11,19,43,306,,30,33,197,,03,31,080,27,02,13,040,14*73
$GPGSV,3,3,11,07,11,173,17,11,09,221,,24,04,317,*42
$GPRMC,190006.000,A,2632.7155,N,07702.9391,W,0.82,28.14,220324,,,A*41
$GPVTG,28.14,T,,M,0.82,N,1.5,K,A*3C
$GPGGA,190011.000,2632.7178,N,07702.9390,W,1,06,1.7,4.4,M,-33.0,M,,0000*66
$GPGSA,A,3,17,22,03,07,14,02,,,,,,,2.4,1.7,1.7*31
$GPGSV,3,1,11,14,76,069,16,22,65,349,20,17,53,351,27,06,45,226,*7B
$GPGSV,3,2,11,19,43,306,,30,33,197,,03,31,080,27,02,13,040,14*73
$GPGSV,3,3,11,07,11,173,18,11,09,221,,24,04,317,*4D
$GPRMC,190011.000,A,2632.7178,N,07702.9390,W,1.12,0.06,220324,,,A*78
$GPVTG,0.06,T,,M,1.12,N,2.1,K,A*0A
$GPGGA,190016.000,2632.7180,N,07702.9391,W,1,06,1.7,2.5,M,-33.0,M,,0000*60
$GPGSA,A,3,17,22,03,07,14,02,,,,,,,2.4,1.7,1.7*31
$GPGSV,3,1,11,14,76,069,16,22,65,349,20,17,53,351,27,06,45,226,*7B
$GPGSV,3,2,11,19,43,306,,30,33,197,,03,31,080,27,02,13,040,15*72
$GPGSV,3,3,11,07,11,173,19,11,09,221,,24,04,317,*4C
$GPRMC,190016.000,A,2632.7180,N,07702.9391,W,0.74,21.46,220324,,,A*4F
$GPVTG,21.46,T,,M,0.74,N,1.4,K,A*3A
$GPGGA,190021.000,2632.7184,N,07702.9381,W,1,06,1.7,3.1,M,-33.0,M,,0000*64
$GPGSA,A,3,17,22,03,07,14,02,,,,,,,2.4,1.7,1.7*31
$GPGSV,3,1,11,14,76,069,16,22,65,349,20,17,53,351,27,06,45,226,*7B
$GPGSV,3,2,11,19,43,306,,30,33,197,,03,31,080,27,02,13,040,14*73
$GPGSV,3,3,11,07,11,173,19,11,09,221,,24,04,317,*4C
$GPRMC,190021.000,A,2632.7184,N,07702.9381,W,0.35,9.92,220324,,,A*78
$GPVTG,9.92,T,,M,0.35,N,0.6,K,A*0F
$GPGGA,190026.000,2632.7183,N,07702.9402,W,1,06,1.7,3.6,M,-33.0,M,,0000*6F
$GPGSA,A,3,17,22,03,07,14,02,,,,,,,2.4,1.7,1.7*31
$GPGSV,3,1,11,14,76,076,16,22,67,351,19,17,53,353,27,06,46,227,*74
$GPGSV,3,2,11,19,43,308,,30,32,197,,03,31,078,26,02,12,041,15*7B
$GPGSV,3,3,11,11,10,222,,07,10,172,20,24,05,316,*4D
$GPVTG,250.97,T,,M,1.58,N,2.9,K,A*03
$GPGGA,190031.000,2632.7169,N,07702.9396,W,1,05,1.9,6.2,M,-33.0,M,,0000*6B
$GPGSA,A,3,17,22,03,07,02,,,,,,,,3.0,1.9,2.3*38
$GPGSV,3,1,11,14,76,076,16,22,67,351,19,17,53,353,27,06,46,227,*74
$GPGSV,3,2,11,19,43,308,,30,32,197,,03,31,078,26,02,12,041,15*7B
$GPGSV,3,3,11,11,10,222,,07,10,172,21,24,05,316,*4C
$GPRMC,190031.000,A,2632.7169,N,07702.9396,W,0.76,99.62,220324,,,A*4D
$GPVTG,99.62,T,,M,0.76,N,1.4,K,A*3D
$GPGGA,190036.000,2632.7180,N,07702.9397,W,1,06,1.7,2.9,M,-33.0,M,,0000*68
$GPGSA,A,3,17,22,03,07,14,02,,,,,,,2.4,1.7,1.7*31
$GPGSV,3,1,11,14,76,076,16,22,67,351,19,17,53,353,27,06,46,227,*74
$GPGSV,3,2,11,19,43,308,,30,32,197,,03,31,078,26,02,12,041,14*7A
$GPGSV,3,3,11,11,10,222,,07,10,172,22,24,05,316,*4F
$GPRMC,190036.000,A,2632.7180,N,07702.9397,W,0.14,94.45,220324,,,A*40
$GPVTG,94.45,T,,M,0.14,N,0.3,K,A*37
$GPGGA,190041.000,2632.7177,N,07702.9394,W,1,06,1.7,8.9,M,-33.0,M,,0000*69
$GPGSA,A,3,17,22,03,07,14,02,,,,,,,2.4,1.7,1.7*31
$GPGSV,3,1,11,14,76,076,16,22,67,351,19,17,53,353,28,06,46,227,*7B
$GPGSV,3,2,11,19,43,308,,30,32,197,,03,31,078,26,02,12,041,15*7B
$GPGSV,3,3,11,11,10,222,,07,10,172,22,24,05,316,*4F
$GPRMC,190041.000,A,2632.7177,N,07702.9394,W,1.23,60.77,220324,,,A*44
$GPVTG,60.77,T,,M,1.23,N,2.3,K,A*3A
$GPGGA,190046.000,2632.7186,N,07702.9385,W,1,06,1.7,7.3,M,-33.0,M,,0000*65
$GPGSA,A,3,17,22,03,07,14,02,,,,,,,2.4,1.7,1.7*31
$GPGSV,3,1,11,14,76,076,16,22,67,351,18,17,53,353,28,06,46,227,*7A
$GPGSV,3,2,11,19,43,308,,30,32,197,,03,31,078,26,02,12,041,14*7A
$GPGSV,3,3,11,11,10,222,,07,10,172,22,24,05,316,*4F
$GPRMC,190046.000,A,2632.7186,N,07702.9385,W,0.69,1.97,220324,,,A*7B
$GPVTG,1.97,T,,M,0.69,N,1.3,K,A*0F
$GPGGA,190051.000,2632.7179,N,07702.9390,W,1,06,1.7,7.0,M,-33.0,M,,0000*64
$GPGSA,A,3,17,22,03,07,14,02,,,,,,,2.4,1.7,1.7*31
$GPGSV,3,1,11,14,76,076,16,22,67,351,18,17,53,353,28,06,46,227,*7A
$GPGSV,3,2,11,19,43,308,,30,32,197,,03,31,078,26,02,12,041,15*7B
$GPGSV,3,3,11,11,10,222,,07,10,172,22,24,05,316,*4F
$GPRMC,190051.000,A,2632.7179,N,07702.9390,W,0.48,236.01,220324,,,A*73
$GPGGA,190056.000,2632.7170,N,07702.9397,W,1,06,1.7,7.2,M,-33.0,M,,0000*6F
$GPGSA,A,3,17,22,03,07,14,02,,,,,,,2.4,1.7,1.7*31
$GPGSV,3,1,11,14,76,076,16,22,67,351,18,17,53,353,28,06,46,227,*7A
$GPGSV,3,2,11,19,43,308,,30,32,197,,03,31,078,26,02,12,041,15*7B
$GPGSV,3,3,11,11,10,222,,07,10,172,22,24,05,316,*4F
$GPRMC,190056.000,A,2632.7170,N,07702.9397,W,0.57,208.46,220324,,,A*7A
$GPVTG,208.46,T,,M,0.57,N,1.1,K,A*07
$GPGGA,190101.000,2632.7149,N,07702.9400,W,1,05,1.9,15.4,M,-33.0,M,,0000*57
$GPGSA,A,3,17,22,03,07,02,,,,,,,,3.0,1.9,2.3*38
$GPGSV,3,1,11,14,76,076,16,22,67,351,18,17,53,353,28,06,46,227,*7A
$GPGSV,3,2,11,19,43,308,,30,32,197,,03,31,078,26,02,12,041,15*7B
$GPGSV,3,3,11,11,10,222,,07,10,172,22,24,05,316,*4F
$GPRMC,190101.000,A,2632.7149,N,07702.9400,W,0.90,212.45,220324,,,A*79
$GPVTG,212.45,T,,M,0.90,N,1.7,K,A*02
$GPGGA,190106.000,2632.7129,N,07702.9381,W,1,03,1.8,23.6,M,-33.0,M,,0000*58
$GPGSA,A,2,17,03,07,,,,,,,,,,2.0,1.8,1.0*3B
$GPGSV,3,1,11,14,76,076,16,22,67,351,18,17,53,353,28,06,46,227,*7A
$GPGSV,3,2,11,19,43,308,,30,32,197,,03,31,078,26,02,12,041,*7F
$GPGSV,3,3,11,11,10,222,,07,10,172,22,24,05,316,*4F
$GPRMC,190106.000,A,2632.7129,N,07702.9381,W,0.87,155.61,220324,,,A*76
$GPVTG,155.61,T,,M,0.87,N,1.6,K,A*03
$GPGGA,190111.000,2632.7125,N,07702.9366,W,1,04,2.1,28.3,M,-33.0,M,,0000*58
$GPGSA,A,3,17,03,07,14,,,,,,,,,3.5,2.1,2.8*3A
$GPGSV,3,1,11,14,76,076,16,22,67,351,18,17,53,353,28,06,46,227,*7A
$GPGSV,3,2,11,19,43,308,,30,32,197,,03,31,078,26,02,12,041,*7F
$GPGSV,3,3,11,11,10,222,,07,10,172,23,24,05,316,*4E
$GPRMC,190111.000,A,2632.7125,N,07702.9366,W,0.90,85.42,220324,,,A*4E
$GPVTG,85.42,T,,M,0.90,N,1.7,K,A*39
$GPGGA,190116.000,2632.7141,N,07702.9378,W,1,05,2.1,21.0,M,-33.0,M,,0000*59
$GPGSA,A,3,17,22,03,07,14,,,,,,,,3.5,2.1,2.8*3A
$GPGSV,3,1,11,14,76,076,16,22,67,351,18,17,53,353,28,06,46,227,*7A
$GPGSV,3,2,11,19,43,308,,30,32,197,,03,31,078,26,02,12,041,*7F
$GPGSV,3,3,11,11,10,222,,07,10,172,22,24,05,316,*4F
$GPVTG,91.14,T,,M,0.37,N,0.7,K,A*33
$GPGGA,190121.000,2632.7143,N,07702.9376,W,1,05,2.1,22.1,M,-33.0,M,,0000*53
$GPGSA,A,3,17,22,03,07,14,,,,,,,,3.5,2.1,2.8*3A
$GPGSV,3,1,11,14,76,076,15,22,67,351,18,17,53,353,28,06,46,227,*79
$GPGSV,3,2,11,19,43,308,,30,32,197,,03,31,078,26,02,12,041,*7F
$GPGSV,3,3,11,11,10,222,,07,10,172,22,24,05,316,*4F
$GPRMC,190121.000,A,2632.7143,N,07702.9376,W,0.24,94.37,220324,,,A*41
$GPVTG,94.37,T,,M,0.24,N,0.4,K,A*36
$GPGGA,190126.000,2632.7151,N,07702.9368,W,1,05,2.1,17.0,M,-33.0,M,,0000*5F
$GPGSA,A,3,17,22,03,07,14,,,,,,,,3.5,2.1,2.8*3A
$GPGSV,3,1,11,14,76,076,16,22,67,351,17,17,53,353,28,06,46,227,*75
$GPGSV,3,2,11,19,43,308,,30,32,197,,03,31,078,26,02,12,041,*7F
$GPGSV,3,3,11,11,10,222,,07,10,172,22,24,05,316,*4F
$GPRMC,190126.000,A,2632.7151,N,07702.9368,W,0.93,29.18,220324,,,A*4D
$GPVTG,29.18,T,,M,0.93,N,1.7,K,A*33
$GPGGA,190131.000,2632.7180,N,07702.9378,W,1,05,2.1,7.9,M,-33.0,M,,0000*6C
$GPGSA,A,3,17,22,03,07,14,,,,,,,,3.5,2.1,2.8*3A
$GPGSV,3,1,11,14,76,076,16,22,67,351,17,17,53,353,28,06,46,227,*75
$GPGSV,3,2,11,19,43,308,,30,32,197,,03,31,078,27,02,12,041,*7E
$GPGSV,3,3,11,11,10,222,,07,10,172,22,24,05,316,*4F
$GPRMC,190131.000,A,2632.7180,N,07702.9378,W,0.45,16.51,220324,,,A*4C
$GPVTG,16.51,T,,M,0.45,N,0.8,K,A*37
$GPGGA,190136.000,2632.7193,N,07702.9374,W,1,05,2.1,1.8,M,-33.0,M,,0000*62
$GPGSA,A,3,17,22,03,07,14,,,,,,,,3.5,2.1,2.8*3A
$GPGSV,3,1,11,14,76,076,16,22,67,351,17,17,53,353,28,06,46,227,*75
$GPGSV,3,2,11,19,43,308,,30,32,197,,03,31,078,26,02,12,041,*7F
$GPGSV,3,3,11,11,10,222,,07,10,172,22,24,05,316,*4F
$GPRMC,190136.000,A,2632.7193,N,07702.9374,W,0.30,300.09,220324,,,A*7E
$GPVTG,300.09,T,,M,0.30,N,0.5,K,A*01
$GPGGA,190141.000,2632.7186,N,07702.9377,W,1,05,2.1,2.9,M,-33.0,M,,0000*67
$GPGSA,A,3,17,22,03,07,14,,,,,,,,3.4,2.1,2.8*3B
$GPGSV,3,1,11,14,76,076,16,22,67,351,17,17,53,353,28,06,46,227,*75
$GPGSV,3,2,11,19,43,308,,30,32,197,,03,31,078,26,02,12,041,*7F
$GPGSV,3,3,11,11,10,222,,07,10,172,22,24,05,316,*4F
$GPRMC,190141.000,A,2632.7186,N,07702.9377,W,0.44,285.36,220324,,,A*7A
$GPGGA,190146.000,2632.7186,N,07702.9385,W,1,04,2.1,1.4,M,-33.0,M,,0000*62
$GPGSA,A,3,17,03,07,14,,,,,,,,,3.5,2.1,2.8*3A
$GPGSV,3,1,11,14,76,076,16,22,67,351,18,17,53,353,29,06,46,227,*7B
$GPGSV,3,2,11,19,43,308,,30,32,197,,03,31,078,26,02,12,041,*7F
$GPGSV,3,3,11,11,10,222,,07,10,172,22,24,05,316,*4F
$GPRMC,190146.000,A,2632.7186,N,07702.9385,W,0.23,312.82,220324,,,A*71
$GPVTG,312.82,T,,M,0.23,N,0.4,K,A*02
$GPGGA,190151.000,2632.7186,N,07702.9393,W,1,05,2.1,0.9,M,-33.0,M,,0000*6E
$GPGSA,A,3,17,22,03,07,14,,,,,,,,3.4,2.1,2.8*3B
$GPGSV,3,1,11,14,76,076,16,22,67,351,18,17,53,353,29,06,46,227,*7B
$GPGSV,3,2,11,19,43,308,,30,32,197,,03,31,078,26,02,12,041,*7F
$GPGSV,3,3,11,11,10,222,,07,10,172,23,24,05,316,*4E
$GPRMC,190151.000,A,2632.7186,N,07702.9393,W,0.28,1.16,220324,,,A*77
$GPVTG,1.16,T,,M,0.28,N,0.5,K,A*04
$GPGGA,190156.000,2632.7189,N,07702.9406,W,1,05,2.1,-1.8,M,-33.0,M,,0000*40
$GPGSA,A,3,17,22,03,07,14,,,,,,,,3.4,2.1,2.8*3B
$GPGSV,3,1,11,14,76,076,16,22,67,351,18,17,53,353,29,06,46,227,*7B
$GPGSV,3,2,11,19,43,308,,30,32,197,,03,31,078,26,02,12,041,*7F
$GPGSV,3,3,11,11,10,222,,07,10,172,23,24,05,316,*4E
$GPRMC,190156.000,A,2632.7189,N,07702.9406,W,0.41,220.06,220324,,,A*7B
$GPVTG,220.06,T,,M,0.41,N,0.8,K,A*06
$GPGGA,190201.000,2632.7173,N,07702.9391,W,1,05,2.1,5.8,M,-33.0,M,,0000*64
$GPGSA,A,3,17,22,03,07,14,,,,,,,,3.4,2.1,2.7*34
$GPGSV,3,1,11,14,76,076,17,22,67,351,18,17,53,353,29,06,46,227,*7A
$GPGSV,3,2,11,19,43,308,,30,32,197,,03,31,078,26,02,12,041,*7F
$GPGSV,3,3,11,11,10,222,,07,10,172,23,24,05,316,*4E
$GPRMC,190201.000,A,2632.7173,N,07702.9391,W,0.37,109.31,220324,,,A*7B
$GPVTG,109.31,T,,M,0.37,N,0.7,K,A*04
$GPGGA,190206.000,2632.7180,N,07702.9392,W,1,05,2.1,5.1,M,-33.0,M,,0000*65
$GPGSA,A,3,17,22,03,07,14,,,,,,,,3.4,2.1,2.7*34
$GPGSV,3,1,11,14,76,076,17,22,67,351,18,17,53,353,29,06,46,227,*7A
$GPGSV,3,2,11,19,43,308,,30,32,197,,03,31,078,26,02,12,041,*7F
$GPGSV,3,3,11,11,10,222,,07,10,172,23,24,05,316,*4E
$GPRMC,190206.000,A,2632.7180,N,07702.9392,W,0.05,245.87,220324,,,A*74
$GPGGA,190211.000,2632.7176,N,07702.9393,W,1,05,2.1,7.7,M,-33.0,M,,0000*6F
$GPGSA,A,3,17,22,03,07,14,,,,,,,,3.4,2.1,2.7*34
$GPGSV,3,1,11,14,76,076,18,22,67,351,18,17,53,353,29,06,46,227,*75
$GPGSV,3,2,11,19,43,308,,30,32,197,,03,31,078,26,02,12,041,*7F
$GPGSV,3,3,11,11,10,222,,07,10,172,23,24,05,316,*4E
$GPRMC,190211.000,A,2632.7176,N,07702.9393,W,0.58,172.05,220324,,,A*7F
$GPVTG,172.05,T,,M,0.58,N,1.1,K,A*01
$GPGGA,190216.000,2632.7167,N,07702.9392,W,1,05,2.1,10.0,M,-33.0,M,,0000*58
$GPGSA,A,3,17,22,03,07,14,,,,,,,,3.4,2.1,2.7*34
$GPGSV,3,1,11,14,76,076,18,22,67,351,18,17,53,353,28,06,46,227,*74
$GPGSV,3,2,11,19,43,308,,30,32,197,,03,31,078,26,02,12,041,*7F
$GPGSV,3,3,11,11,10,222,,07,10,172,24,24,05,316,*49
$GPRMC,190216.000,A,2632.7167,N,07702.9392,W,0.46,85.95,220324,,,A*46
$GPVTG,85.95,T,,M,0.46,N,0.8,K,A*36
$GPGGA,190221.000,2632.7164,N,07702.9378,W,1,04,3.5,14.7,M,-33.0,M,,0000*5C
$GPGSA,A,3,17,22,03,07,,,,,,,,,7.3,3.5,6.4*30
$GPGSV,3,1,11,14,76,076,18,22,67,351,18,17,53,353,28,06,46,227,*74
$GPGSV,3,2,11,19,43,308,,30,32,197,,03,31,078,26,02,12,041,*7F
$GPGSV,3,3,11,11,10,222,,07,10,172,24,24,05,316,*49
$GPRMC,190221.000,A,2632.7164,N,07702.9378,W,0.33,138.41,220324,,,A*79
$GPVTG,138.41,T,,M,0.33,N,0.6,K,A*04
$GPGGA,190226.000,2632.7161,N,07702.9369,W,1,05,2.1,16.9,M,-33.0,M,,0000*56
$GPGSA,A,3,17,22,03,07,14,,,,,,,,3.4,2.1,2.7*34
$GPGSV,3,1,11,14,76,076,19,22,67,351,18,17,53,353,28,06,46,227,*75
$GPGSV,3,2,11,19,43,308,,30,32,197,,03,31,078,26,02,12,041,*7F
$GPGSV,3,3,11,11,10,222,,07,10,172,24,24,05,316,*49
$GPRMC,190226.000,A,2632.7161,N,07702.9369,W,0.32,186.61,220324,,,A*7D
$GPVTG,186.61,T,,M,0.32,N,0.6,K,A*02
$GPGGA,190231.000,2632.7172,N,07702.9374,W,1,05,2.1,12.3,M,-33.0,M,,0000*50
$GPGSA,A,3,17,22,03,07,14,,,,,,,,3.4,2.1,2.7*34
$GPGSV,3,1,11,14,76,076,19,22,67,351,18,17,53,353,28,06,46,227,*75
$GPGSV,3,2,11,19,43,308,,30,32,197,,03,31,078,26,02,12,041,*7F
$GPGSV,3,3,11,11,10,222,,07,10,172,24,24,05,316,*49
$GPVTG,341.83,T,,M,0.40,N,0.7,K,A*03
$GPGGA,190236.000,2632.7186,N,07702.9380,W,1,05,2.1,5.9,M,-33.0,M,,0000*6B
$GPGSA,A,3,17,22,03,07,14,,,,,,,,3.4,2.1,2.7*34
$GPGSV,3,1,11,14,76,076,19,22,67,351,18,17,53,353,28,06,46,227,*75
$GPGSV,3,2,11,19,43,308,,30,32,197,,03,31,078,26,02,12,041,*7F
$GPGSV,3,3,11,11,10,222,,07,10,172,24,24,05,316,*49
$GPRMC,190236.000,A,2632.7186,N,07702.9380,W,0.62,28.68,220324,,,A*4B
$GPVTG,28.68,T,,M,0.62,N,1.2,K,A*3E
$GPGGA,190241.000,2632.7204,N,07702.9395,W,1,05,2.1,-0.9,M,-33.0,M,,0000*4E
$GPGSA,A,3,17,22,03,07,14,,,,,,,,3.4,2.1,2.7*34
$GPGSV,3,1,11,14,76,076,19,22,67,351,18,17,53,353,28,06,46,227,*75
$GPGSV,3,2,11,19,43,308,,30,32,197,,03,31,078,26,02,12,041,*7F
$GPGSV,3,3,11,11,10,222,,07,10,172,23,24,05,316,*4E
$GPRMC,190241.000,A,2632.7204,N,07702.9395,W,1.00,323.63,220324,,,A*70
$GPVTG,323.63,T,,M,1.00,N,1.9,K,A*03
$GPGGA,190246.000,2632.7212,N,07702.9395,W,1,05,2.1,-0.6,M,-33.0,M,,0000*41
$GPGSA,A,3,17,22,03,07,14,,,,,,,,3.4,2.1,2.7*34
$GPGSV,3,1,11,14,76,076,19,22,67,351,19,17,53,353,28,06,46,227,*74
$GPGSV,3,2,11,19,43,308,,30,32,197,,03,31,078,27,02,12,041,*7E
$GPGSV,3,3,11,11,10,222,,07,10,172,23,24,05,316,*4E
$GPRMC,190246.000,A,2632.7212,N,07702.9395,W,0.43,351.45,220324,,,A*77
$GPVTG,351.45,T,,M,0.43,N,0.8,K,A*04
$GPGGA,190251.000,2632.7230,N,07702.9397,W,1,04,2.1,-8.2,M,-33.0,M,,0000*48
$GPGSA,A,3,17,03,07,14,,,,,,,,,3.5,2.1,2.8*3A
$GPGSV,3,1,11,14,76,076,19,22,67,351,18,17,53,353,28,06,46,227,*75
$GPGSV,3,2,11,19,43,308,,30,32,197,,03,31,078,27,02,12,041,*7E
$GPGSV,3,3,11,11,10,222,,07,10,172,23,24,05,316,*4E
$GPRMC,190251.000,A,2632.7230,N,07702.9397,W,0.98,4.42,220324,,,A*71
$GPVTG,4.42,T,,M,0.98,N,1.8,K,A*07
$GPGGA,190256.000,2632.7217,N,07702.9397,W,1,04,2.1,-5.9,M,-33.0,M,,0000*4C
$GPGSA,A,3,17,03,07,14,,,,,,,,,3.5,2.1,2.7*35
$GPGSV,3,1,11,14,76,076,19,22,67,351,18,17,53,353,28,06,46,227,*75
$GPGSV,3,2,11,19,43,308,,30,32,197,,03,31,078,27,02,12,041,*7E
$GPGSV,3,3,11,11,10,222,,07,10,172,22,24,05,316,*4F
$GPRMC,190256.000,A,2632.7217,N,07702.9397,W,0.61,36.52,220324,,,A*45
$GPGGA,190301.000,2632.7206,N,07702.9403,W,1,05,2.1,-6.1,M,-33.0,M,,0000*4F
$GPGSA,A,3,17,22,03,07,14,,,,,,,,3.4,2.1,2.7*34
$GPGSV,3,1,11,14,76,076,19,22,67,351,18,17,53,353,28,06,46,227,*75
$GPGSV,3,2,11,19,43,308,,30,32,197,,03,31,078,27,02,12,041,*7E
$GPGSV,3,3,11,11,10,222,,07,10,172,22,24,05,316,*4F
$GPRMC,190301.000,A,2632.7206,N,07702.9403,W,0.44,232.54,220324,,,A*7B
$GPVTG,232.54,T,,M,0.44,N,0.8,K,A*07
$GPGGA,190306.000,2632.7192,N,07702.9391,W,1,05,2.1,1.9,M,-33.0,M,,0000*68
$GPGSA,A,3,17,22,03,07,14,,,,,,,,3.4,2.1,2.7*34
$GPGSV,3,1,11,14,76,076,19,22,67,351,19,17,53,353,28,06,46,227,*74
$GPGSV,3,2,11,19,43,308,,30,32,197,,03,31,078,27,02,12,041,*7E
$GPGSV,3,3,11,11,10,222,,07,10,172,22,24,05,316,*4F
$GPRMC,190306.000,A,2632.7192,N,07702.9391,W,0.78,173.98,220324,,,A*77
$GPVTG,173.98,T,,M,0.78,N,1.4,K,A*03
$GPGGA,190311.000,2632.7181,N,07702.9395,W,1,05,2.1,5.8,M,-33.0,M,,0000*6D
$GPGSA,A,3,17,22,03,07,14,,,,,,,,3.4,2.1,2.7*34
$GPGSV,3,1,11,14,76,076,18,22,67,351,19,17,53,353,28,06,46,227,*75
$GPGSV,3,2,11,19,43,308,,30,32,197,,03,31,078,27,02,12,041,*7E
$GPGSV,3,3,11,11,10,222,,07,10,172,22,24,05,316,*4F
$GPRMC,190311.000,A,2632.7181,N,07702.9395,W,0.49,187.44,220324,,,A*7F
$GPVTG,187.44,T,,M,0.49,N,0.9,K,A*07
$GPGGA,190316.000,2632.7179,N,07702.9385,W,1,05,2.1,6.2,M,-33.0,M,,0000*65
$GPGSA,A,3,17,22,03,07,14,,,,,,,,3.4,2.1,2.7*34
$GPGSV,3,1,11,14,76,076,18,22,67,351,19,17,53,353,28,06,46,227,*75
$GPGSV,3,2,11,19,43,308,,30,32,197,,03,31,078,27,02,12,041,*7E
$GPGSV,3,3,11,11,10,222,,07,10,172,22,24,05,316,*4F
$GPRMC,190316.000,A,2632.7179,N,07702.9385,W,0.63,130.69,220324,,,A*75
$GPVTG,130.69,T,,M,0.63,N,1.2,K,A*06
$GPGGA,190321.000,2632.7165,N,07702.9380,W,1,05,2.1,14.0,M,-33.0,M,,0000*58
$GPGSA,A,3,17,22,03,07,14,,,,,,,,3.4,2.1,2.7*34
$GPGSV,3,1,11,14,76,076,18,22,67,351,19,17,53,353,28,06,46,227,*75
$GPGSV,3,2,11,19,43,308,,30,32,197,,03,31,078,27,02,12,041,*7E
$GPGSV,3,3,11,11,10,222,,07,10,172,21,24,05,316,*4C
$GPVTG,160.12,T,,M,1.08,N,2.0,K,A*02
$GPGGA,190326.000,2632.7149,N,07702.9378,W,1,05,2.1,16.1,M,-33.0,M,,0000*55
$GPGSA,A,3,17,22,03,07,14,,,,,,,,3.4,2.1,2.7*34
$GPGSV,3,1,11,14,75,082,18,22,68,352,20,17,53,355,29,06,47,229,*73
$GPGSV,3,2,11,19,44,309,,03,31,076,27,30,30,196,,11,12,222,*70
$GPGSV,3,3,11,02,11,041,,07,08,172,21,24,06,315,*41
$GPRMC,190326.000,A,2632.7149,N,07702.9378,W,0.96,167.79,220324,,,A*7E
$GPVTG,167.79,T,,M,0.96,N,1.8,K,A*05
$GPGGA,190331.000,2632.7141,N,07702.9365,W,1,05,2.1,20.6,M,-33.0,M,,0000*55
$GPGSA,A,3,17,22,03,07,14,,,,,,,,3.4,2.1,2.7*34
$GPGSV,3,1,11,14,75,082,17,22,68,352,20,17,53,355,29,06,47,229,*7C
$GPGSV,3,2,11,19,44,309,,03,31,076,27,30,30,196,,11,12,222,*70
$GPGSV,3,3,11,02,11,041,,07,08,172,20,24,06,315,*40
$GPRMC,190331.000,A,2632.7141,N,07702.9365,W,1.13,152.47,220324,,,A*7B
$GPVTG,152.47,T,,M,1.13,N,2.1,K,A*08
$GPGGA,190336.000,2632.7134,N,07702.9366,W,1,05,2.1,21.4,M,-33.0,M,,0000*50
$GPGSA,A,3,17,22,03,07,14,,,,,,,,3.4,2.1,2.7*34
$GPGSV,3,1,11,14,75,082,17,22,68,352,20,17,53,355,29,06,47,229,*7C
$GPGSV,3,2,11,19,44,309,,03,31,076,27,30,30,196,,11,12,222,*70
$GPGSV,3,3,11,02,11,041,,07,08,172,20,24,06,315,*40
$GPRMC,190336.000,A,2632.7134,N,07702.9366,W,0.58,180.26,220324,,,A*7B
$GPVTG,180.26,T,,M,0.58,N,1.1,K,A*0D
$GPGGA,190341.000,2632.7131,N,07702.9363,W,1,05,2.1,18.9,M,-33.0,M,,0000*57
$GPGSA,A,3,17,22,03,07,14,,,,,,,,3.4,2.1,2.7*34
$GPGSV,3,1,11,14,75,082,17,22,68,352,20,17,53,355,28,06,47,229,*7D
$GPGSV,3,2,11,19,44,309,,03,31,076,27,30,30,196,,11,12,222,*70
$GPGSV,3,3,11,02,11,041,,07,08,172,20,24,06,315,*40
$GPRMC,190341.000,A,2632.7131,N,07702.9363,W,0.75,94.71,220324,,,A*42
$GPVTG,94.71,T,,M,0.75,N,1.4,K,A*31
$GPGGA,190346.000,2632.7151,N,07702.9374,W,1,05,2.1,10.3,M,-33.0,M,,0000*52
$GPGSA,A,3,17,22,03,07,14,,,,,,,,3.4,2.1,2.7*34
$GPGSV,3,1,11,14,75,082,17,22,68,352,20,17,53,355,28,06,47,229,*7D
$GPGSV,3,2,11,19,44,309,,03,31,076,28,30,30,196,,11,12,222,*7F
$GPGSV,3,3,11,02,11,041,,07,08,172,20,24,06,315,*40
$GPRMC,190346.000,A,2632.7151,N,07702.9374,W,0.19,273.21,220324,,,A*71
$GPGGA,190351.000,2632.7163,N,07702.9389,W,1,05,2.1,3.9,M,-33.0,M,,0000*6F
$GPGSA,A,3,17,22,03,07,14,,,,,,,,3.4,2.1,2.7*34
$GPGSV,3,1,11,14,75,082,16,22,68,352,19,17,53,355,28,06,47,229,*76
$GPGSV,3,2,11,19,44,309,,03,31,076,28,30,30,196,,11,12,222,*7F
$GPGSV,3,3,11,02,11,041,,07,08,172,20,24,06,315,*40
$GPRMC,190351.000,A,2632.7163,N,07702.9389,W,0.21,286.41,220324,,,A*73
$GPVTG,286.41,T,,M,0.21,N,0.4,K,A*03
$GPGGA,190356.000,2632.7159,N,07702.9383,W,1,05,2.1,8.1,M,-33.0,M,,0000*68
$GPGSA,A,3,17,22,03,07,14,,,,,,,,3.4,2.1,2.7*34
$GPGSV,3,1,11,14,75,082,16,22,68,352,19,17,53,355,28,06,47,229,*76
$GPGSV,3,2,11,19,44,309,,03,31,076,28,30,30,196,,11,12,222,*7F
$GPGSV,3,3,11,02,11,041,,07,08,172,20,24,06,315,*40
$GPRMC,190356.000,A,2632.7159,N,07702.9383,W,0.26,334.84,220324,,,A*71
$GPVTG,334.84,T,,M,0.26,N,0.5,K,A*04
$GPGGA,190401.000,2632.7186,N,07702.9390,W,1,05,2.1,-0.8,M,-33.0,M,,0000*41
$GPGSA,A,3,17,22,03,07,14,,,,,,,,3.4,2.1,2.7*34
$GPGSV,3,1,11,14,75,082,15,22,68,352,19,17,53,355,28,06,47,229,*75
$GPGSV,3,2,11,19,44,309,,03,31,076,28,30,30,196,,11,12,222,*7F
$GPGSV,3,3,11,02,11,041,,07,08,172,20,24,06,315,*40
$GPRMC,190401.000,A,2632.7186,N,07702.9390,W,0.87,28.33,220324,,,A*4D
$GPVTG,28.33,T,,M,0.87,N,1.6,K,A*3F
$GPGGA,190406.000,2632.7184,N,07702.9394,W,1,04,3.4,-5.9,M,-33.0,M,,0000*41
$GPGSA,A,3,17,22,03,07,,,,,,,,,7.0,3.4,6.1*37
$GPGSV,3,1,11,14,75,082,14,22,68,352,19,17,53,355,28,06,47,229,*74
$GPGSV,3,2,11,19,44,309,,03,31,076,28,30,30,196,,11,12,222,*7F
$GPGSV,3,3,11,02,11,041,,07,08,172,20,24,06,315,*40
$GPRMC,190406.000,A,2632.7184,N,07702.9394,W,0.75,252.29,220324,,,A*75
$GPVTG,252.29,T,,M,0.75,N,1.4,K,A*04
$GPGGA,190411.000,2632.7165,N,07702.9405,W,1,04,3.4,-1.6,M,-33.0,M,,0000*4C
$GPGSA,A,3,17,22,03,07,,,,,,,,,6.9,3.4,6.1*3F
$GPGSV,3,1,11,14,75,082,15,22,68,352,19,17,53,355,28,06,47,229,*75
$GPGSV,3,2,11,19,44,309,,03,31,076,29,30,30,196,,11,12,222,*7E
$GPGSV,3,3,11,02,11,041,,07,08,172,20,24,06,315,*40
$GPRMC,190411.000,A,2632.7165,N,07702.9405,W,0.34,40.65,220324,,,A*4F
$GPGGA,190416.000,2632.7168,N,07702.9398,W,1,03,1.8,-2.7,M,-33.0,M,,0000*4E
$GPGSA,A,2,17,03,07,,,,,,,,,,2.1,1.8,1.0*3A
$GPGSV,3,1,11,14,75,083,14,22,68,353,18,17,53,355,28,06,47,229,*75
$GPGSV,3,2,11,19,44,310,,03,31,076,29,30,30,196,,11,12,223,*77
$GPGSV,3,3,11,02,11,041,,07,08,171,19,24,06,314,*48
$GPRMC,190416.000,A,2632.7168,N,07702.9398,W,1.72,33.61,220324,,,A*45
$GPVTG,33.61,T,,M,1.72,N,3.2,K,A*3F
$GPGGA,190421.000,2632.7193,N,07702.9398,W,1,04,2.1,-10.0,M,-33.0,M,,0000*77
$GPGSA,A,3,17,03,07,14,,,,,,,,,3.4,2.1,2.7*34
$GPGSV,3,1,11,14,75,083,14,22,68,353,18,17,53,355,28,06,47,229,*75
$GPGSV,3,2,11,19,44,310,,03,31,076,29,30,30,196,,11,12,223,*77
$GPGSV,3,3,11,02,11,041,,07,08,171,19,24,06,314,*48
$GPRMC,190421.000,A,2632.7193,N,07702.9398,W,0.61,283.70,220324,,,A*7F
$GPVTG,283.70,T,,M,0.61,N,1.1,K,A*04
$GPGGA,190426.000,2632.7190,N,07702.9410,W,1,05,2.1,-10.5,M,-33.0,M,,0000*70
$GPGSA,A,3,17,22,03,07,14,,,,,,,,3.4,2.1,2.6*35
$GPGSV,3,1,11,14,75,083,13,22,68,353,18,17,53,355,28,06,47,229,*72
$GPGSV,3,2,11,19,44,310,,03,31,076,29,30,30,196,,11,12,223,*77
$GPGSV,3,3,11,02,11,041,,07,08,171,19,24,06,314,*48
$GPRMC,190426.000,A,2632.7190,N,07702.9410,W,0.64,208.48,220324,,,A*71
$GPVTG,208.48,T,,M,0.64,N,1.2,K,A*0A
$GPGGA,190431.000,2632.7200,N,07702.9406,W,1,05,2.1,-10.9,M,-33.0,M,,0000*77
$GPGSA,A,3,17,22,03,07,14,,,,,,,,3.4,2.1,2.6*35
$GPGSV,3,1,11,14,75,083,13,22,68,353,17,17,53,355,28,06,47,229,*7D
$GPGSV,3,2,11,19,44,310,,03,31,076,29,30,30,196,,11,12,223,*77
$GPGSV,3,3,11,02,11,041,,07,08,171,19,24,06,314,*48
$GPRMC,190431.000,A,2632.7200,N,07702.9406,W,0.54,341.18,220324,,,A*70
$GPVTG,341.18,T,,M,0.54,N,1.0,K,A*02
$GPGGA,190436.000,2632.7195,N,07702.9395,W,1,04,3.4,-6.5,M,-33.0,M,,0000*4C
$GPGSA,A,3,17,22,03,07,,,,,,,,,6.9,3.4,6.0*3E
$GPGSV,3,1,11,14,75,083,14,22,68,353,17,17,53,355,28,06,47,229,*7A
$GPGSV,3,2,11,19,44,310,,03,31,076,29,30,30,196,,11,12,223,*77
$GPGSV,3,3,11,02,11,041,,07,08,171,19,24,06,314,*48
$GPVTG,62.79,T,,M,0.86,N,1.6,K,A*3E
$GPGGA,190441.000,2632.7195,N,07702.9394,W,1,04,3.4,-10.5,M,-33.0,M,,0000*7A
$GPGSA,A,3,17,22,03,07,,,,,,,,,6.9,3.4,6.0*3E
$GPGSV,3,1,11,14,75,083,14,22,68,353,17,17,53,355,29,06,47,229,*7B
$GPGSV,3,2,11,19,44,310,,03,31,076,30,30,30,196,,11,12,223,*7F
$GPGSV,3,3,11,02,11,041,,07,08,171,19,24,06,314,*48
$GPRMC,190441.000,A,2632.7195,N,07702.9394,W,0.46,221.49,220324,,,A*74
$GPVTG,221.49,T,,M,0.46,N,0.8,K,A*0B
$GPGGA,190446.000,2632.7172,N,07702.9394,W,1,05,2.1,-4.2,M,-33.0,M,,0000*43
$GPGSA,A,3,17,22,03,07,14,,,,,,,,3.3,2.1,2.6*32
$GPGSV,3,1,11,14,75,083,14,22,68,353,17,17,53,355,29,06,47,229,*7B
$GPGSV,3,2,11,19,44,310,,03,31,076,30,30,30,196,,11,12,223,*7F
$GPGSV,3,3,11,02,11,041,,07,08,171,19,24,06,314,*48
$GPRMC,190446.000,A,2632.7172,N,07702.9394,W,0.09,50.62,220324,,,A*4C
$GPVTG,50.62,T,,M,0.09,N,0.2,K,A*37
$GPGGA,190451.000,2632.7153,N,07702.9388,W,1,05,2.1,7.3,M,-33.0,M,,0000*64
$GPGSA,A,3,17,22,03,07,14,,,,,,,,3.3,2.1,2.6*32
$GPGSV,3,1,11,14,75,083,13,22,68,353,17,17,53,355,29,06,47,229,*7C
$GPGSV,3,2,11,19,44,310,,03,31,076,30,30,30,196,,11,12,223,*7F
$GPGSV,3,3,11,02,11,041,,07,08,171,19,24,06,314,*48
$GPRMC,190451.000,A,2632.7153,N,07702.9388,W,0.84,161.18,220324,,,A*7F
$GPVTG,161.18,T,,M,0.84,N,1.6,K,A*09
$GPGGA,190456.000,2632.7135,N,07702.9380,W,1,03,1.8,16.4,M,-33.0,M,,0000*50
$GPGSA,A,2,17,03,07,,,,,,,,,,2.1,1.8,1.0*3A
$GPGSV,3,1,11,14,75,083,14,22,68,353,17,17,53,355,29,06,47,229,*7B
$GPGSV,3,2,11,19,44,310,,03,31,076,30,30,30,196,,11,12,223,*7F
$GPGSV,3,3,11,02,11,041,,07,08,171,20,24,06,314,*42
$GPRMC,190456.000,A,2632.7135,N,07702.9380,W,0.83,172.72,220324,,,A*79
$GPVTG,172.72,T,,M,0.83,N,1.5,K,A*03
$GPGGA,190501.000,2632.7130,N,07702.9379,W,1,05,2.1,18.0,M,-33.0,M,,0000*56
$GPGSA,A,3,17,22,03,07,14,,,,,,,,3.3,2.1,2.6*32
$GPGSV,3,1,11,14,75,083,15,22,68,353,17,17,53,355,29,06,47,229,*7A
$GPGSV,3,2,11,19,44,310,,03,31,076,30,30,30,196,,11,12,223,*7F
$GPGSV,3,3,11,02,11,041,,07,08,171,19,24,06,314,*48
$GPRMC,190501.000,A,2632.7130,N,07702.9379,W,0.83,107.58,220324,,,A*73
$GPGGA,190506.000,2632.7120,N,07702.9379,W,1,03,1.8,20.6,M,-33.0,M,,0000*51
$GPGSA,A,2,17,03,07,,,,,,,,,,2.1,1.8,1.0*3A
$GPGSV,3,1,11,14,75,083,15,22,68,353,16,17,53,355,29,06,47,229,*7B
$GPGSV,3,2,11,19,44,310,,03,31,076,30,30,30,196,,11,12,223,*7F
$GPGSV,3,3,11,02,11,041,,07,08,171,19,24,06,314,*48
$GPRMC,190506.000,A,2632.7120,N,07702.9379,W,0.89,160.38,220324,,,A*78
$GPVTG,160.38,T,,M,0.89,N,1.7,K,A*06
$GPGGA,190511.000,2632.7110,N,07702.9381,W,1,04,3.4,24.6,M,-33.0,M,,0000*5E
$GPGSA,A,3,17,22,03,07,,,,,,,,,6.8,3.4,5.9*35
$GPGSV,3,1,11,14,75,083,14,22,68,353,16,17,53,355,29,06,47,229,*7A
$GPGSV,3,2,11,19,44,310,,03,31,076,30,30,30,196,,11,12,223,*7F
$GPGSV,3,3,11,02,11,041,,07,08,171,19,24,06,314,*48
$GPRMC,190511.000,A,2632.7110,N,07702.9381,W,0.23,163.83,220324,,,A*79
$GPVTG,163.83,T,,M,0.23,N,0.4,K,A*07
$GPGGA,190516.000,2632.7119,N,07702.9376,W,1,04,3.4,21.3,M,-33.0,M,,0000*58
$GPGSA,A,3,17,22,03,07,,,,,,,,,6.8,3.4,5.9*35
$GPGSV,3,1,11,14,75,083,14,22,68,353,15,17,53,355,29,06,47,229,*79
$GPGSV,3,2,11,19,44,310,,03,31,076,30,30,30,196,,11,12,223,*7F
$GPGSV,3,3,11,02,11,041,,07,08,171,19,24,06,314,*48
$GPRMC,190516.000,A,2632.7119,N,07702.9376,W,0.56,175.02,220324,,,A*73
$GPVTG,175.02,T,,M,0.56,N,1.0,K,A*0E
$GPGGA,190521.000,2632.7150,N,07702.9370,W,1,03,1.8,13.5,M,-33.0,M,,0000*59
$GPGSA,A,2,17,03,07,,,,,,,,,,2.1,1.8,1.0*3A
$GPGSV,3,1,11,14,75,083,,22,68,353,16,17,53,355,29,06,47,229,*7F
$GPGSV,3,2,11,19,44,310,,03,31,076,30,30,30,196,,11,12,223,*7F
$GPGSV,3,3,11,02,11,041,,07,08,171,19,24,06,314,*48
$GPRMC,190521.000,A,2632.7150,N,07702.9370,W,0.43,28.01,220324,,,A*42
$GPVTG,28.01,T,,M,0.43,N,0.8,K,A*39
$GPGGA,190526.000,2632.7150,N,07702.9374,W,1,04,3.4,13.9,M,-33.0,M,,0000*5F
$GPGSA,A,3,17,22,03,07,,,,,,,,,6.7,3.4,5.8*3B
$GPGSV,3,1,11,14,75,083,,22,68,353,15,17,53,355,29,06,47,229,*7C
$GPGSV,3,2,11,19,44,310,,03,31,076,30,30,30,196,,11,12,223,*7F
$GPGSV,3,3,11,02,11,041,,07,08,171,19,24,06,314,*48
$GPRMC,190526.000,A,2632.7150,N,07702.9374,W,0.77,33.48,220324,,,A*41
$GPGGA,190531.000,2632.7144,N,07702.9385,W,1,04,3.4,9.5,M,-33.0,M,,0000*65
$GPGSA,A,3,17,22,03,07,,,,,,,,,6.7,3.4,5.8*3B
$GPGSV,3,1,11,14,75,083,,22,68,353,16,17,53,355,29,06,47,229,*7F
$GPGSV,3,2,11,19,44,310,,03,31,076,30,30,30,196,,11,12,223,*7F
$GPGSV,3,3,11,02,11,041,,07,08,171,19,24,06,314,*48
$GPRMC,190531.000,A,2632.7144,N,07702.9385,W,0.35,353.15,220324,,,A*77
$GPVTG,353.15,T,,M,0.35,N,0.6,K,A*0C
$GPGGA,190536.000,2632.7140,N,07702.9386,W,1,04,3.4,10.9,M,-33.0,M,,0000*51
$GPGSA,A,3,17,22,03,07,,,,,,,,,6.7,3.4,5.8*3B
$GPGSV,3,1,11,14,75,083,,22,68,353,16,17,53,355,30,06,47,229,*77
$GPGSV,3,2,11,19,44,310,,03,31,076,30,30,30,196,,11,12,223,*7F
$GPGSV,3,3,11,02,11,041,,07,08,171,18,24,06,314,*49
$GPRMC,190536.000,A,2632.7140,N,07702.9386,W,0.41,78.36,220324,,,A*4F
$GPVTG,78.36,T,,M,0.41,N,0.8,K,A*3A
$GPGGA,190541.000,2632.7071,N,07702.9370,W,1,05,2.2,30.4,M,-33.0,M,,0000*52
$GPGSA,A,3,17,22,03,07,19,,,,,,,,4.6,2.2,4.0*3E
$GPGSV,3,1,11,14,75,083,,22,68,353,16,17,53,355,30,06,47,229,*77
$GPGSV,3,2,11,19,44,310,16,03,31,076,30,30,30,196,,11,12,223,*78
$GPGSV,3,3,11,02,11,041,,07,08,171,17,24,06,314,*46
$GPRMC,190541.000,A,2632.7071,N,07702.9370,W,0.79,190.86,220324,,,A*72
$GPVTG,190.86,T,,M,0.79,N,1.5,K,A*01
$GPGGA,190546.000,2632.7065,N,07702.9389,W,1,05,2.2,26.2,M,-33.0,M,,0000*57
$GPGSA,A,3,17,22,03,07,19,,,,,,,,4.6,2.2,4.0*3E
$GPGSV,3,1,11,14,75,083,,22,68,353,16,17,53,355,30,06,47,229,*77
$GPGSV,3,2,11,19,44,310,16,03,31,076,30,30,30,196,,11,12,223,*78
$GPGSV,3,3,11,02,11,041,,07,08,171,16,24,06,314,*47
$GPRMC,190546.000,A,2632.7065,N,07702.9389,W,1.53,174.98,220324,,,A*7A
$GPVTG,174.98,T,,M,1.53,N,2.8,K,A*03
$GPGGA,190551.000,2632.7061,N,07702.9384,W,1,04,3.4,22.4,M,-33.0,M,,0000*5C
$GPGSA,A,3,17,22,03,07,,,,,,,,,6.7,3.4,5.8*3B
$GPGSV,3,1,11,14,75,083,,22,68,353,16,17,53,355,30,06,47,229,*77
$GPGSV,3,2,11,19,44,310,16,03,31,076,30,30,30,196,,11,12,223,*78
$GPGSV,3,3,11,02,11,041,,07,08,171,16,24,06,314,*47
$GPRMC,190551.000,A,2632.7061,N,07702.9384,W,0.05,328.88,220324,,,A*7D
$GPGGA,190556.000,2632.7091,N,07702.9379,W,1,05,2.2,15.7,M,-33.0,M,,0000*57
$GPGSA,A,3,17,22,03,07,19,,,,,,,,4.5,2.2,4.0*3D
$GPGSV,3,1,11,14,75,083,,22,68,353,16,17,53,355,30,06,47,229,*77
$GPGSV,3,2,11,19,44,310,16,03,31,076,30,30,30,196,,11,12,223,*78
$GPGSV,3,3,11,02,11,041,,07,08,171,16,24,06,314,*47
$GPRMC,190556.000,A,2632.7091,N,07702.9379,W,0.88,45.42,220324,,,A*4C
$GPVTG,45.42,T,,M,0.88,N,1.6,K,A*3D
$GPGGA,190601.000,2632.7099,N,07702.9390,W,1,04,1.4,15.3,M,-33.0,M,,0000*59
$GPGSA,A,3,17,03,07,19,,,,,,,,,1.7,1.4,1.0*3A
$GPGSV,3,1,11,14,75,083,,22,68,353,15,17,53,355,30,06,47,229,*74
$GPGSV,3,2,11,19,44,310,15,03,31,076,30,30,30,196,,11,12,223,*7B
$GPGSV,3,3,11,02,11,041,,07,08,171,16,24,06,314,*47
$GPRMC,190601.000,A,2632.7099,N,07702.9390,W,0.51,297.52,220324,,,A*7A
$GPVTG,297.52,T,,M,0.51,N,0.9,K,A*0B
$GPGGA,190606.000,2632.7109,N,07702.9406,W,1,05,2.1,14.9,M,-33.0,M,,0000*52
$GPGSA,A,3,17,22,03,07,19,,,,,,,,4.5,2.1,4.0*3E
$GPGSV,3,1,11,14,75,083,,22,68,353,15,17,53,355,31,06,47,229,*75
$GPGSV,3,2,11,19,44,310,14,03,31,076,30,30,30,196,,11,12,223,*7A
$GPGSV,3,3,11,02,11,041,,07,08,171,17,24,06,314,*46
$GPRMC,190606.000,A,2632.7109,N,07702.9406,W,0.74,280.67,220324,,,A*7A
$GPVTG,280.67,T,,M,0.74,N,1.4,K,A*00
$GPGGA,190611.000,2632.7086,N,07702.9414,W,1,05,2.1,19.2,M,-33.0,M,,0000*57
$GPGSA,A,3,17,22,03,07,19,,,,,,,,4.5,2.1,4.0*3E
$GPGSV,3,1,11,14,75,083,,22,68,353,15,17,53,355,31,06,47,229,*75
$GPGSV,3,2,11,19,44,310,14,03,31,076,31,30,30,196,,11,12,223,*7B
$GPGSV,3,3,11,02,11,041,,07,08,171,16,24,06,314,*47
$GPRMC,190611.000,A,2632.7086,N,07702.9414,W,1.15,157.61,220324,,,A*70
$GPVTG,157.61,T,,M,1.15,N,2.1,K,A*0F
$GPGGA,190616.000,2632.7083,N,07702.9409,W,1,04,5.2,17.5,M,-33.0,M,,0000*55
$GPGSA,A,3,17,22,03,19,,,,,,,,,6.6,5.2,4.1*3D
$GPGSV,3,1,11,14,75,083,,22,68,353,15,17,53,355,31,06,47,229,*75
$GPGSV,3,2,11,19,44,310,14,03,31,076,31,30,30,196,,11,12,223,*7B
$GPGSV,3,3,11,02,11,041,,07,08,171,,24,06,314,*40
$GPRMC,190616.000,A,2632.7083,N,07702.9409,W,1.39,48.52,220324,,,A*4F
$GPGGA,190621.000,2632.7122,N,07702.9362,W,1,04,1.4,23.4,M,-33.0,M,,0000*55
$GPGSA,A,3,17,03,07,19,,,,,,,,,1.7,1.4,1.0*3A
$GPGSV,3,1,11,14,75,083,,22,68,353,15,17,53,355,31,06,47,229,*75
$GPGSV,3,2,11,19,44,310,14,03,31,076,31,30,30,196,,11,12,223,*7B
$GPGSV,3,3,11,02,11,041,,07,08,171,21,24,06,314,*43
$GPRMC,190621.000,A,2632.7122,N,07702.9362,W,3.53,34.31,220324,,,A*4B
$GPVTG,34.31,T,,M,3.53,N,6.5,K,A*3E
$GPGGA,190626.000,2632.7104,N,07702.9345,W,1,04,3.3,28.4,M,-33.0,M,,0000*5D
$GPGSA,A,3,17,22,03,07,,,,,,,,,6.6,3.3,5.7*32
$GPGSV,3,1,11,14,75,083,,22,68,353,15,17,53,355,31,06,47,229,*75
$GPGSV,3,2,11,19,44,310,13,03,31,076,31,30,30,196,,11,12,223,*7C
$GPGSV,3,3,11,02,11,041,,07,08,171,20,24,06,314,*42
$GPRMC,190626.000,A,2632.7104,N,07702.9345,W,1.42,82.19,220324,,,A*48
$GPVTG,82.19,T,,M,1.42,N,2.6,K,A*3C
$GPGGA,190631.000,2632.7099,N,07702.9338,W,1,04,1.4,34.3,M,-33.0,M,,0000*5B
$GPGSA,A,3,17,03,07,19,,,,,,,,,1.7,1.4,1.0*3A
$GPGSV,3,1,11,14,75,083,,22,68,353,15,17,53,355,31,06,47,229,*75
$GPGSV,3,2,11,19,44,310,14,03,31,076,31,30,30,196,,11,12,223,*7B
$GPGSV,3,3,11,02,11,041,,07,08,171,19,24,06,314,*48
$GPRMC,190631.000,A,2632.7099,N,07702.9338,W,0.23,98.52,220324,,,A*43
$GPVTG,98.52,T,,M,0.23,N,0.4,K,A*3E
$GPGGA,190636.000,2632.7092,N,07702.9355,W,1,05,2.1,43.2,M,-33.0,M,,0000*5A
$GPGSA,A,3,17,22,03,07,19,,,,,,,,4.5,2.1,3.9*30
$GPGSV,3,1,11,14,75,083,,22,68,353,16,17,53,355,31,06,47,229,*76
$GPGSV,3,2,11,19,44,310,14,03,31,076,31,30,30,196,,11,12,223,*7B
$GPGSV,3,3,11,02,11,041,,07,08,171,19,24,06,314,*48
$GPRMC,190636.000,A,2632.7092,N,07702.9355,W,0.97,176.13,220324,,,A*7F
$GPVTG,176.13,T,,M,0.97,N,1.8,K,A*08
$GPGGA,190641.000,2632.7102,N,07702.9349,W,1,04,3.3,37.8,M,-33.0,M,,0000*54
$GPGSA,A,3,17,22,03,07,,,,,,,,,6.6,3.3,5.6*33
$GPGSV,3,1,11,14,75,083,,22,68,353,16,17,53,355,31,06,47,229,*76
$GPGSV,3,2,11,19,44,310,14,03,31,076,31,30,30,196,,11,12,223,*7B
$GPGSV,3,3,11,02,11,041,,07,08,171,19,24,06,314,*48
$GPVTG,116.91,T,,M,0.39,N,0.7,K,A*0E
$GPGGA,190646.000,2632.7084,N,07702.9358,W,1,04,3.3,41.1,M,-33.0,M,,0000*54
$GPGSA,A,3,17,22,03,07,,,,,,,,,6.5,3.3,5.6*30
$GPGSV,3,1,11,14,75,083,,22,68,353,16,17,53,355,31,06,47,229,*76
$GPGSV,3,2,11,19,44,310,13,03,31,076,31,30,30,196,,11,12,223,*7C
$GPGSV,3,3,11,02,11,041,,07,08,171,19,24,06,314,*48
$GPRMC,190646.000,A,2632.7084,N,07702.9358,W,0.36,233.70,220324,,,A*7E
$GPVTG,233.70,T,,M,0.36,N,0.7,K,A*0A
$GPGGA,190651.000,2632.7104,N,07702.9371,W,1,05,2.1,34.3,M,-33.0,M,,0000*52
$GPGSA,A,3,17,22,03,07,19,,,,,,,,4.5,2.1,3.9*30
$GPGSV,3,1,11,14,75,083,,22,68,353,16,17,53,355,31,06,47,229,*76
$GPGSV,3,2,11,19,44,310,14,03,31,076,31,30,30,196,,11,12,223,*7B
$GPGSV,3,3,11,02,11,041,,07,08,171,19,24,06,314,*48
$GPRMC,190651.000,A,2632.7104,N,07702.9371,W,0.16,300.34,220324,,,A*79
$GPVTG,300.34,T,,M,0.16,N,0.3,K,A*0D
$GPGGA,190656.000,2632.7109,N,07702.9380,W,1,05,2.1,29.2,M,-33.0,M,,0000*5B
$GPGSA,A,3,17,22,03,07,19,,,,,,,,4.5,2.1,3.9*30
$GPGSV,3,1,11,14,75,083,16,22,68,353,17,17,53,355,31,06,47,229,*70
$GPGSV,3,2,11,19,44,310,13,03,31,076,31,30,30,196,,11,12,223,*7C
$GPGSV,3,3,11,02,11,041,,07,08,171,19,24,06,314,*48
$GPRMC,190656.000,A,2632.7109,N,07702.9380,W,0.92,18.66,220324,,,A*4C
$GPVTG,18.66,T,,M,0.92,N,1.7,K,A*39
$GPGGA,190701.000,2632.7144,N,07702.9371,W,1,04,3.3,21.5,M,-33.0,M,,0000*52
$GPGSA,A,3,17,22,03,07,,,,,,,,,6.5,3.3,5.6*30
$GPGSV,3,1,11,14,75,083,16,22,68,353,17,17,53,355,31,06,47,229,*70
$GPGSV,3,2,11,19,44,310,,03,31,076,31,30,30,196,,11,12,223,*7E
$GPGSV,3,3,11,02,11,041,,07,08,171,19,24,06,314,*48
$GPRMC,190701.000,A,2632.7144,N,07702.9371,W,2.17,10.54,220324,,,A*4E
$GPVTG,10.54,T,,M,2.17,N,4.0,K,A*3D
$GPGGA,190706.000,2632.7174,N,07702.9372,W,1,04,3.3,9.6,M,-33.0,M,,0000*6C
$GPGSA,A,3,17,22,03,07,,,,,,,,,6.5,3.3,5.6*30
$GPGSV,3,1,11,14,75,083,17,22,68,353,17,17,53,355,31,06,47,229,*71
$GPGSV,3,2,11,19,44,310,,03,31,076,31,30,30,196,,11,12,223,*7E
$GPGSV,3,3,11,02,11,041,,07,08,171,19,24,06,314,*48
$GPRMC,190706.000,A,2632.7174,N,07702.9372,W,1.02,346.45,220324,,,A*7E
$GPGGA,190711.000,2632.7195,N,07702.9382,W,1,05,2.1,-4.5,M,-33.0,M,,0000*4B
$GPGSA,A,3,17,22,03,07,14,,,,,,,,3.3,2.1,2.5*31
$GPGSV,3,1,11,14,75,083,17,22,68,353,18,17,53,355,31,06,47,229,*7E
$GPGSV,3,2,11,19,44,310,,03,31,076,31,30,30,196,,11,12,223,*7E
$GPGSV,3,3,11,02,11,041,,07,08,171,18,24,06,314,*49
$GPRMC,190711.000,A,2632.7195,N,07702.9382,W,0.45,262.25,220324,,,A*7B
$GPVTG,262.25,T,,M,0.45,N,0.8,K,A*05
$GPGGA,190716.000,2632.7192,N,07702.9404,W,1,05,2.1,-16.0,M,-33.0,M,,0000*74
$GPGSA,A,3,17,22,03,07,14,,,,,,,,3.3,2.1,2.5*31
$GPGSV,3,1,11,14,75,089,17,22,69,354,18,17,52,358,31,06,49,231,*79
$GPGSV,3,2,11,19,44,312,,03,31,074,31,30,29,195,,11,13,223,*74
$GPGSV,3,3,11,02,10,041,,07,07,171,18,24,06,313,*40
$GPRMC,190716.000,A,2632.7192,N,07702.9404,W,1.15,302.57,220324,,,A*74
$GPVTG,302.57,T,,M,1.15,N,2.1,K,A*08
$GPGGA,190721.000,2632.7201,N,07702.9405,W,1,04,3.3,-17.8,M,-33.0,M,,0000*73
$GPGSA,A,3,17,22,03,07,,,,,,,,,6.5,3.3,5.5*33
$GPGSV,3,1,11,14,75,089,17,22,69,354,18,17,52,358,31,06,49,231,*79
$GPGSV,3,2,11,19,44,312,,03,31,074,31,30,29,195,,11,13,223,*74
$GPGSV,3,3,11,02,10,041,,07,07,171,18,24,06,313,*40
$GPRMC,190721.000,A,2632.7201,N,07702.9405,W,0.68,334.57,220324,,,A*76
$GPVTG,334.57,T,,M,0.68,N,1.3,K,A*07
$GPGGA,190726.000,2632.7210,N,07702.9414,W,1,04,3.3,-26.3,M,-33.0,M,,0000*7D
$GPGSA,A,3,17,22,03,07,,,,,,,,,6.5,3.3,5.5*33
$GPGSV,3,1,11,14,75,089,17,22,69,354,18,17,52,358,31,06,49,231,*79
$GPGSV,3,2,11,19,44,312,,03,31,074,31,30,29,195,,11,13,223,*74
$GPGSV,3,3,11,02,10,041,,07,07,171,19,24,06,313,*41
$GPRMC,190726.000,A,2632.7210,N,07702.9414,W,0.96,323.71,220324,,,A*72
$GPVTG,323.71,T,,M,0.96,N,1.8,K,A*0F
$GPGGA,190731.000,2632.7233,N,07702.9423,W,1,04,3.3,-37.4,M,-33.0,M,,0000*79
$GPGSA,A,3,17,22,03,07,,,,,,,,,6.4,3.3,5.5*32
$GPGSV,3,1,11,14,75,089,16,22,69,354,19,17,52,358,31,06,49,231,*79
$GPGSV,3,2,11,19,44,312,,03,31,074,31,30,29,195,,11,13,223,*74
$GPGSV,3,3,11,02,10,041,,07,07,171,19,24,06,313,*41
$GPRMC,190731.000,A,2632.7233,N,07702.9423,W,1.30,346.93,220324,,,A*73
$GPGGA,190736.000,2632.7239,N,07702.9411,W,1,04,3.3,-31.3,M,-33.0,M,,0000*74
$GPGSA,A,3,17,22,03,07,,,,,,,,,6.4,3.3,5.5*32
$GPGSV,3,1,11,14,75,089,17,22,69,354,19,17,52,358,31,06,49,231,*78
$GPGSV,3,2,11,19,44,312,,03,31,074,31,30,29,195,,11,13,223,*74
$GPGSV,3,3,11,02,10,041,,07,07,171,19,24,06,313,*41
$GPRMC,190736.000,A,2632.7239,N,07702.9411,W,2.10,5.60,220324,,,A*76
$GPVTG,5.60,T,,M,2.10,N,3.9,K,A*07
$GPGGA,190741.000,2632.7262,N,07702.9401,W,1,04,3.3,-32.7,M,-33.0,M,,0000*7C
$GPGSA,A,3,17,22,03,07,,,,,,,,,6.4,3.3,5.5*32
$GPGSV,3,1,11,14,75,089,17,22,69,354,19,17,52,358,31,06,49,231,*78
$GPGSV,3,2,11,19,44,312,,03,31,074,31,30,29,195,,11,13,223,*74
$GPGSV,3,3,11,02,10,041,,07,07,171,19,24,06,313,*41
$GPRMC,190741.000,A,2632.7262,N,07702.9401,W,0.35,315.53,220324,,,A*7E
$GPVTG,315.53,T,,M,0.35,N,0.7,K,A*0D
$GPGGA,190746.000,2632.7253,N,07702.9399,W,1,04,3.3,-27.8,M,-33.0,M,,0000*74
$GPGSA,A,3,17,22,03,07,,,,,,,,,6.4,3.3,5.5*32
$GPGSV,3,1,11,14,75,089,17,22,69,354,19,17,52,358,31,06,49,231,*78
$GPGSV,3,2,11,19,44,312,,03,31,074,31,30,29,195,,11,13,223,*74
$GPGSV,3,3,11,02,10,041,,07,07,171,19,24,06,313,*41
$GPRMC,190746.000,A,2632.7253,N,07702.9399,W,0.15,260.90,220324,,,A*73
$GPVTG,260.90,T,,M,0.15,N,0.3,K,A*07
$GPGGA,190751.000,2632.7225,N,07702.9390,W,1,05,2.1,-16.5,M,-33.0,M,,0000*77
$GPGSA,A,3,17,22,03,07,14,,,,,,,,3.3,2.1,2.5*31
$GPGSV,3,1,11,14,75,089,17,22,69,354,19,17,52,358,31,06,49,231,*78
$GPGSV,3,2,11,19,44,312,,03,31,074,31,30,29,195,,11,13,223,*74
$GPGSV,3,3,11,02,10,041,,07,07,171,19,24,06,313,*41
$GPRMC,190751.000,A,2632.7225,N,07702.9390,W,0.50,119.03,220324,,,A*7B
$GPVTG,119.03,T,,M,0.50,N,0.9,K,A*0B
$GPGGA,190756.000,2632.7199,N,07702.9375,W,1,04,3.3,-3.0,M,-33.0,M,,0000*4C
$GPGSA,A,3,17,22,03,07,,,,,,,,,6.4,3.3,5.5*32
$GPGSV,3,1,11,14,75,089,17,22,69,354,19,17,52,358,31,06,49,231,*78
$GPGSV,3,2,11,19,44,312,,03,31,074,31,30,29,195,,11,13,223,*74
$GPGSV,3,3,11,02,10,041,,07,07,171,19,24,06,313,*41
$GPVTG,106.27,T,,M,0.63,N,1.2,K,A*09
$GPGGA,190801.000,2632.7186,N,07702.9363,W,1,05,2.1,0.5,M,-33.0,M,,0000*61
$GPGSA,A,3,17,22,03,07,14,,,,,,,,3.3,2.1,2.5*31
$GPGSV,3,1,11,14,75,089,17,22,69,354,20,17,52,358,31,06,49,231,*72
$GPGSV,3,2,11,19,44,312,,03,31,074,31,30,29,195,,11,13,223,*74
$GPGSV,3,3,11,02,10,041,,07,07,171,18,24,06,313,*40
$GPRMC,190801.000,A,2632.7186,N,07702.9363,W,0.93,127.93,220324,,,A*7C
$GPVTG,127.93,T,,M,0.93,N,1.7,K,A*0F
$GPGGA,190806.000,2632.7165,N,07702.9359,W,1,05,2.1,8.5,M,-33.0,M,,0000*6A
$GPGSA,A,3,17,22,03,07,14,,,,,,,,3.3,2.1,2.5*31
$GPGSV,3,1,11,14,75,089,17,22,69,354,20,17,52,358,31,06,49,231,*72
$GPGSV,3,2,11,19,44,312,,03,31,074,31,30,29,195,,11,13,223,*74
$GPGSV,3,3,11,02,10,041,,07,07,171,18,24,06,313,*40
$GPRMC,190806.000,A,2632.7165,N,07702.9359,W,1.57,170.00,220324,,,A*7E
$GPVTG,170.00,T,,M,1.57,N,2.9,K,A*03
$GPGGA,190811.000,2632.7163,N,07702.9360,W,1,05,2.1,11.4,M,-33.0,M,,0000*59
$GPGSA,A,3,17,22,03,07,14,,,,,,,,3.3,2.1,2.5*31
$GPGSV,3,1,11,14,75,089,17,22,69,354,20,17,52,358,30,06,49,231,*73
$GPGSV,3,2,11,19,44,312,,03,31,074,31,30,29,195,,11,13,223,*74
$GPGSV,3,3,11,02,10,041,,07,07,171,18,24,06,313,*40
$GPRMC,190811.000,A,2632.7163,N,07702.9360,W,0.87,159.66,220324,,,A*73
$GPVTG,159.66,T,,M,0.87,N,1.6,K,A*08
$GPGGA,190816.000,2632.7147,N,07702.9350,W,1,04,3.3,14.5,M,-33.0,M,,0000*5D
$GPGSA,A,3,17,22,03,07,,,,,,,,,6.3,3.3,5.4*34
$GPGSV,3,1,11,14,75,089,18,22,69,354,19,17,52,358,30,06,49,231,*76
$GPGSV,3,2,11,19,44,312,,03,31,074,31,30,29,195,,11,13,223,*74
$GPGSV,3,3,11,02,10,041,,07,07,171,18,24,06,313,*40
$GPRMC,190816.000,A,2632.7147,N,07702.9350,W,0.98,173.12,220324,,,A*74
$GPVTG,173.12,T,,M,0.98,N,1.8,K,A*03
$GPGGA,190821.000,2632.7143,N,07702.9345,W,1,05,2.1,16.6,M,-33.0,M,,0000*5A
$GPGSA,A,3,17,22,03,07,14,,,,,,,,3.3,2.1,2.5*31
$GPGSV,3,1,11,14,75,089,18,22,69,354,19,17,52,358,30,06,49,231,*76
$GPGSV,3,2,11,19,44,312,,03,31,074,31,30,29,195,,11,13,223,*74
$GPGSV,3,3,11,02,10,041,,07,07,171,18,24,06,313,*40
$GPRMC,190821.000,A,2632.7143,N,07702.9345,W,0.42,138.85,220324,,,A*76
$GPGGA,190826.000,2632.7137,N,07702.9348,W,1,04,3.3,23.5,M,-33.0,M,,0000*54
$GPGSA,A,3,17,22,03,07,,,,,,,,,6.3,3.3,5.4*34
$GPGSV,3,1,11,14,75,089,17,22,69,354,20,17,52,358,30,06,49,231,*73
$GPGSV,3,2,11,19,44,312,,03,31,074,31,30,29,195,,11,13,223,*74
$GPGSV,3,3,11,02,10,041,,07,07,171,18,24,06,313,*40
$GPRMC,190826.000,A,2632.7137,N,07702.9348,W,0.59,88.40,220324,,,A*46
$GPVTG,88.40,T,,M,0.59,N,1.1,K,A*35
$GPGGA,190831.000,2632.7140,N,07702.9345,W,1,04,3.3,24.5,M,-33.0,M,,0000*58
$GPGSA,A,3,17,22,03,07,,,,,,,,,6.3,3.3,5.4*34
$GPGSV,3,1,11,14,75,089,18,22,69,354,20,17,52,358,30,06,49,231,*7C
$GPGSV,3,2,11,19,44,312,,03,31,074,31,30,29,195,,11,13,223,*74
$GPGSV,3,3,11,02,10,041,,07,07,171,18,24,06,313,*40
$GPRMC,190831.000,A,2632.7140,N,07702.9345,W,0.62,150.87,220324,,,A*7A
$GPVTG,150.87,T,,M,0.62,N,1.1,K,A*02
$GPGGA,190836.000,2632.7130,N,07702.9356,W,1,05,2.1,23.5,M,-33.0,M,,0000*5F
$GPGSA,A,3,17,22,03,07,14,,,,,,,,3.2,2.1,2.5*30
$GPGSV,3,1,11,14,75,089,18,22,69,354,20,17,52,358,30,06,49,231,*7C
$GPGSV,3,2,11,19,44,312,,03,31,074,31,30,29,195,,11,13,223,*74
$GPGSV,3,3,11,02,10,041,,07,07,171,18,24,06,313,*40
$GPRMC,190836.000,A,2632.7130,N,07702.9356,W,0.42,54.80,220324,,,A*48
$GPVTG,54.80,T,,M,0.42,N,0.8,K,A*3A
$GPGGA,190841.000,2632.7147,N,07702.9363,W,1,05,2.1,17.0,M,-33.0,M,,0000*5B
$GPGSA,A,3,17,22,03,07,14,,,,,,,,3.2,2.1,2.5*30
$GPGSV,3,1,11,14,75,089,17,22,69,354,19,17,52,358,30,06,49,231,*79
$GPGSV,3,2,11,19,44,312,,03,31,074,31,30,29,195,,11,13,223,*74
$GPGSV,3,3,11,02,10,041,,07,07,171,19,24,06,313,*41
$GPRMC,190841.000,A,2632.7147,N,07702.9363,W,0.15,351.92,220324,,,A*79
$GPVTG,351.92,T,,M,0.15,N,0.3,K,A*06
$GPGGA,190846.000,2632.7155,N,07702.9362,W,1,05,2.1,15.1,M,-33.0,M,,0000*5D
$GPGSA,A,3,17,22,03,07,14,,,,,,,,3.2,2.1,2.5*30
$GPGSV,3,1,11,14,75,089,17,22,69,354,19,17,52,358,30,06,49,231,*79
$GPGSV,3,2,11,19,44,312,,03,31,074,31,30,29,195,,11,13,223,*74
$GPGSV,3,3,11,02,10,041,,07,07,171,20,24,06,313,*4B
$GPRMC,190846.000,A,2632.7155,N,07702.9362,W,0.55,194.30,220324,,,A*7B
$GPGGA,190851.000,2632.7173,N,07702.9364,W,1,05,2.1,7.8,M,-33.0,M,,0000*63
$GPGSA,A,3,17,22,03,07,14,,,,,,,,3.2,2.1,2.5*30
$GPGSV,3,1,11,14,75,089,18,22,69,354,19,17,52,358,30,06,49,231,*76
$GPGSV,3,2,11,19,44,312,,03,31,074,32,30,29,195,,11,13,223,*77
$GPGSV,3,3,11,02,10,041,,07,07,171,21,24,06,313,*4A
$GPRMC,190851.000,A,2632.7173,N,07702.9364,W,0.60,358.30,220324,,,A*7B
$GPVTG,358.30,T,,M,0.60,N,1.1,K,A*06
$GPGGA,190856.000,2632.7193,N,07702.9365,W,1,05,2.1,4.9,M,-33.0,M,,0000*69
$GPGSA,A,3,17,22,03,07,14,,,,,,,,3.2,2.1,2.5*30
$GPGSV,3,1,11,14,75,089,18,22,69,354,19,17,52,358,30,06,49,231,*76
$GPGSV,3,2,11,19,44,312,,03,31,074,32,30,29,195,,11,13,223,*77
$GPGSV,3,3,11,02,10,041,,07,07,171,21,24,06,313,*4A
$GPRMC,190856.000,A,2632.7193,N,07702.9365,W,1.36,3.53,220324,,,A*79
$GPVTG,3.53,T,,M,1.36,N,2.5,K,A*0B
$GPGGA,190901.000,2632.7178,N,07702.9362,W,1,05,2.1,7.6,M,-33.0,M,,0000*64
$GPGSA,A,3,17,22,03,07,14,,,,,,,,3.2,2.1,2.5*30
$GPGSV,3,1,11,14,75,089,18,22,69,354,19,17,52,358,30,06,49,231,*76
$GPGSV,3,2,11,19,44,312,,03,31,074,32,30,29,195,,11,13,223,*77
$GPGSV,3,3,11,02,10,041,,07,07,171,20,24,06,313,*4B
$GPRMC,190901.000,A,2632.7178,N,07702.9362,W,0.38,18.00,220324,,,A*4B
$GPVTG,18.00,T,,M,0.38,N,0.7,K,A*38
$GPGGA,190906.000,2632.7169,N,07702.9370,W,1,05,2.1,10.1,M,-33.0,M,,0000*51
$GPGSA,A,3,17,22,03,07,14,,,,,,,,3.2,2.1,2.5*30
$GPGSV,3,1,11,14,75,089,18,22,69,354,19,17,52,358,30,06,49,231,*76
$GPGSV,3,2,11,19,44,312,,03,31,074,32,30,29,195,,11,13,223,*77
$GPGSV,3,3,11,02,10,041,,07,07,171,20,24,06,313,*4B
$GPRMC,190906.000,A,2632.7169,N,07702.9370,W,0.37,172.14,220324,,,A*78
$GPVTG,172.14,T,,M,0.37,N,0.7,K,A*0F
$GPGGA,190911.000,2632.7161,N,07702.9369,W,1,05,2.1,14.1,M,-33.0,M,,0000*53
$GPGSA,A,3,17,22,03,07,14,,,,,,,,3.2,2.1,2.5*30
$GPGSV,3,1,11,14,75,089,18,22,69,354,19,17,52,358,30,06,49,231,*76
$GPGSV,3,2,11,19,44,312,,03,31,074,32,30,29,195,,11,13,223,*77
$GPGSV,3,3,11,02,10,041,,07,07,171,21,24,06,313,*4A
$GPVTG,145.19,T,,M,0.01,N,0.0,K,A*04
$GPGGA,190916.000,2632.7155,N,07702.9362,W,1,04,3.3,14.3,M,-33.0,M,,0000*58
$GPGSA,A,3,17,22,03,07,,,,,,,,,6.2,3.3,5.3*32
$GPGSV,3,1,11,14,75,089,18,22,69,354,19,17,52,358,30,06,49,231,*76
$GPGSV,3,2,11,19,44,312,,03,31,074,32,30,29,195,,11,13,223,*77
$GPGSV,3,3,11,02,10,041,,07,07,171,21,24,06,313,*4A
$GPRMC,190916.000,A,2632.7155,N,07702.9362,W,0.58,176.58,220324,,,A*70
$GPVTG,176.58,T,,M,0.58,N,1.1,K,A*0D
$GPGGA,190921.000,2632.7142,N,07702.9343,W,1,05,2.1,20.2,M,-33.0,M,,0000*5D
$GPGSA,A,3,17,22,03,07,14,,,,,,,,3.2,2.1,2.5*30
$GPGSV,3,1,11,14,75,089,18,22,69,354,18,17,52,358,30,06,49,231,*77
$GPGSV,3,2,11,19,44,312,,03,31,074,32,30,29,195,,11,13,223,*77
$GPGSV,3,3,11,02,10,041,,07,07,171,21,24,06,313,*4A
$GPRMC,190921.000,A,2632.7142,N,07702.9343,W,0.84,91.10,220324,,,A*44
$GPVTG,91.10,T,,M,0.84,N,1.6,K,A*3F
$GPGGA,190926.000,2632.7168,N,07702.9347,W,1,05,2.1,11.3,M,-33.0,M,,0000*55
$GPGSA,A,3,17,22,03,07,14,,,,,,,,3.2,2.1,2.5*30
$GPGSV,3,1,11,14,75,089,18,22,69,354,18,17,52,358,30,06,49,231,*77
$GPGSV,3,2,11,19,44,312,,03,31,074,32,30,29,195,,11,13,223,*77
$GPGSV,3,3,11,02,10,041,,07,07,171,21,24,06,313,*4A
$GPRMC,190926.000,A,2632.7168,N,07702.9347,W,0.25,46.16,220324,,,A*48
$GPVTG,46.16,T,,M,0.25,N,0.5,K,A*3A
$GPGGA,190931.000,2632.7159,N,07702.9350,W,1,05,2.1,10.9,M,-33.0,M,,0000*5C
$GPGSA,A,3,17,22,03,07,14,,,,,,,,3.2,2.1,2.5*30
$GPGSV,3,1,11,14,75,089,18,22,69,354,18,17,52,358,30,06,49,231,*77
$GPGSV,3,2,11,19,44,312,,03,31,074,32,30,29,195,,11,13,223,*77
$GPGSV,3,3,11,02,10,041,,07,07,171,21,24,06,313,*4A
$GPRMC,190931.000,A,2632.7159,N,07702.9350,W,0.42,220.80,220324,,,A*76
$GPVTG,220.80,T,,M,0.42,N,0.8,K,A*0B
$GPGGA,190936.000,2632.7165,N,07702.9355,W,1,04,2.2,8.5,M,-33.0,M,,0000*66
$GPGSA,A,3,17,03,07,14,,,,,,,,,3.3,2.2,2.5*32
$GPGSV,3,1,11,14,75,089,18,22,69,354,18,17,52,358,30,06,49,231,*77
$GPGSV,3,2,11,19,44,312,,03,31,074,32,30,29,195,,11,13,223,*77
$GPGSV,3,3,11,02,10,041,,07,07,171,21,24,06,313,*4A
$GPRMC,190936.000,A,2632.7165,N,07702.9355,W,0.73,1.90,220324,,,A*79
$GPGGA,190941.000,2632.7170,N,07702.9363,W,1,04,2.2,5.8,M,-33.0,M,,0000*67
$GPGSA,A,3,17,03,07,14,,,,,,,,,3.3,2.2,2.5*32
$GPGSV,3,1,11,14,75,089,17,22,69,354,18,17,52,358,29,06,49,231,*70
$GPGSV,3,2,11,19,44,312,,03,31,074,32,30,29,195,,11,13,223,*77
$GPGSV,3,3,11,02,10,041,,07,07,171,21,24,06,313,*4A
$GPRMC,190941.000,A,2632.7170,N,07702.9363,W,0.34,228.05,220324,,,A*7E
$GPVTG,228.05,T,,M,0.34,N,0.6,K,A*01
$GPGGA,190946.000,2632.7176,N,07702.9381,W,1,05,2.1,1.8,M,-33.0,M,,0000*6C
$GPGSA,A,3,17,22,03,07,14,,,,,,,,3.2,2.1,2.4*31
$GPGSV,3,1,11,14,75,089,18,22,69,354,17,17,52,358,29,06,49,231,*70
$GPGSV,3,2,11,19,44,312,,03,31,074,32,30,29,195,,11,13,223,*77
$GPGSV,3,3,11,02,10,041,,07,07,171,21,24,06,313,*4A
$GPRMC,190946.000,A,2632.7176,N,07702.9381,W,0.34,331.60,220324,,,A*79
$GPVTG,331.60,T,,M,0.34,N,0.6,K,A*0B
$GPGGA,190951.000,2632.7186,N,07702.9386,W,1,05,2.1,-0.6,M,-33.0,M,,0000*40
$GPGSA,A,3,17,22,03,07,14,,,,,,,,3.2,2.1,2.4*31
$GPGSV,3,1,11,14,75,089,18,22,69,354,17,17,52,358,29,06,49,231,*70
$GPGSV,3,2,11,19,44,312,,03,31,074,32,30,29,195,,11,13,223,*77
$GPGSV,3,3,11,02,10,041,,07,07,171,21,24,06,313,*4A
$GPRMC,190951.000,A,2632.7186,N,07702.9386,W,0.48,344.67,220324,,,A*79
$GPVTG,344.67,T,,M,0.48,N,0.9,K,A*0A
$GPGGA,190956.000,2632.7188,N,07702.9388,W,1,03,1.9,-1.4,M,-33.0,M,,0000*49
$GPGSA,A,2,17,03,07,,,,,,,,,,2.1,1.9,1.0*3B
$GPGSV,3,1,11,14,75,089,17,22,69,354,16,17,52,358,29,06,49,231,*7E
$GPGSV,3,2,11,19,44,312,,03,31,074,32,30,29,195,,11,13,223,*77
$GPGSV,3,3,11,02,10,041,,07,07,171,22,24,06,313,*49
$GPRMC,190956.000,A,2632.7188,N,07702.9388,W,0.59,30.68,220324,,,A*41
$GPVTG,30.68,T,,M,0.59,N,1.1,K,A*3C
$GPGGA,191001.000,2632.7176,N,07702.9382,W,1,04,2.2,4.3,M,-33.0,M,,0000*68
$GPGSA,A,3,17,03,07,14,,,,,,,,,3.3,2.2,2.5*32
$GPGSV,3,1,11,14,75,089,17,22,69,354,16,17,52,358,29,06,49,231,*7E
$GPGSV,3,2,11,19,44,312,,03,31,074,32,30,29,195,,11,13,223,*77
$GPGSV,3,3,11,02,10,041,,07,07,171,22,24,06,313,*49
$GPRMC,191001.000,A,2632.7176,N,07702.9382,W,0.20,99.81,220324,,,A*4A
$GPGGA,191006.000,2632.7189,N,07702.9397,W,1,05,1.6,0.3,M,-33.0,M,,0000*69
$GPGSA,A,3,17,03,07,19,14,,,,,,,,2.8,1.6,2.3*31
$GPGSV,3,1,11,14,75,089,16,22,69,354,,17,52,358,29,06,49,231,*78
$GPGSV,3,2,11,19,44,312,15,03,31,074,32,30,29,195,,11,13,223,*73
$GPGSV,3,3,11,02,10,041,,07,07,171,22,24,06,313,*49
$GPRMC,191006.000,A,2632.7189,N,07702.9397,W,0.83,26.33,220324,,,A*4D
$GPVTG,26.33,T,,M,0.83,N,1.5,K,A*36
$GPGGA,191011.000,2632.7195,N,07702.9376,W,1,04,1.4,2.9,M,-33.0,M,,0000*66
$GPGSA,A,3,17,03,07,19,,,,,,,,,1.7,1.4,1.0*3A
$GPGSV,3,1,11,14,75,089,16,22,69,354,,17,52,358,29,06,49,231,*78
$GPGSV,3,2,11,19,44,312,15,03,31,074,32,30,29,195,,11,13,223,*73
$GPGSV,3,3,11,02,10,041,,07,07,171,22,24,06,313,*49
$GPRMC,191011.000,A,2632.7195,N,07702.9376,W,1.01,68.39,220324,,,A*42
$GPVTG,68.39,T,,M,1.01,N,1.9,K,A*31
$GPGGA,191016.000,2632.7195,N,07702.9365,W,1,04,1.4,3.4,M,-33.0,M,,0000*6F
$GPGSA,A,3,17,03,07,19,,,,,,,,,1.7,1.4,1.0*3A
$GPGSV,3,1,11,14,74,095,16,22,71,356,,17,52,000,29,06,50,232,*7A
$GPGSV,3,2,11,19,44,314,15,03,31,073,31,30,28,194,,11,14,224,*71
$GPGSV,3,3,11,02,09,042,,24,07,312,,07,06,171,22*43
$GPRMC,191016.000,A,2632.7195,N,07702.9365,W,0.41,0.48,220324,,,A*7A
$GPVTG,0.48,T,,M,0.41,N,0.8,K,A*0C
$GPGGA,191021.000,2632.7190,N,07702.9373,W,1,05,1.6,5.4,M,-33.0,M,,0000*6C
$GPGSA,A,3,17,03,07,19,14,,,,,,,,2.8,1.6,2.3*31
$GPGSV,3,1,11,14,74,095,15,22,71,356,,17,52,000,28,06,50,232,*78
$GPGSV,3,2,11,19,44,314,16,03,31,073,31,30,28,194,,11,14,224,*72
$GPGSV,3,3,11,02,09,042,,24,07,312,,07,06,171,22*43
$GPRMC,191021.000,A,2632.7190,N,07702.9373,W,0.41,280.63,220324,,,A*7F
$GPVTG,280.63,T,,M,0.41,N,0.8,K,A*0F
$GPGGA,191026.000,2632.7181,N,07702.9361,W,1,05,1.6,9.3,M,-33.0,M,,0000*63
$GPGSA,A,3,17,03,07,19,14,,,,,,,,2.8,1.6,2.3*31
$GPGSV,3,1,11,14,74,095,15,22,71,356,,17,52,000,28,06,50,232,*78
$GPGSV,3,2,11,19,44,314,15,03,31,073,31,30,28,194,,11,14,224,*71
$GPGSV,3,3,11,02,09,042,,24,07,312,,07,06,171,22*43
$GPRMC,191026.000,A,2632.7181,N,07702.9361,W,0.95,203.46,220324,,,A*7E
$GPGGA,191031.000,2632.7186,N,07702.9344,W,1,04,1.4,7.9,M,-33.0,M,,0000*62
$GPGSA,A,3,17,03,07,19,,,,,,,,,1.7,1.4,1.0*3A
$GPGSV,3,1,11,14,74,095,14,22,71,356,,17,52,000,28,06,50,232,*79
$GPGSV,3,2,11,19,44,314,15,03,31,073,31,30,28,194,,11,14,224,*71
$GPGSV,3,3,11,02,09,042,,24,07,312,,07,06,171,22*43
$GPRMC,191031.000,A,2632.7186,N,07702.9344,W,1.08,96.25,220324,,,A*46
$GPVTG,96.25,T,,M,1.08,N,2.0,K,A*3E
$GPGGA,191036.000,2632.7201,N,07702.9351,W,1,04,1.4,3.4,M,-33.0,M,,0000*64
$GPGSA,A,3,17,03,07,19,,,,,,,,,1.7,1.4,1.0*3A
$GPGSV,3,1,11,14,74,095,,22,71,356,,17,52,000,28,06,50,232,*7C
$GPGSV,3,2,11,19,44,314,15,03,31,073,31,30,28,194,,11,14,224,*71
$GPGSV,3,3,11,02,09,042,,24,07,312,,07,06,171,22*43
$GPRMC,191036.000,A,2632.7201,N,07702.9351,W,0.90,49.91,220324,,,A*44
$GPVTG,49.91,T,,M,0.90,N,1.7,K,A*37
$GPGGA,191041.000,2632.7198,N,07702.9355,W,1,04,1.4,4.0,M,-33.0,M,,0000*60
$GPGSA,A,3,17,03,07,19,,,,,,,,,1.7,1.4,1.0*3A
$GPGSV,3,1,11,14,74,095,,22,71,356,,17,52,000,28,06,50,232,*7C
$GPGSV,3,2,11,19,44,314,14,03,31,073,31,30,28,194,,11,14,224,*70
$GPGSV,3,3,11,02,09,042,,24,07,312,,07,06,171,22*43
$GPRMC,191041.000,A,2632.7198,N,07702.9355,W,0.31,325.33,220324,,,A*79
$GPVTG,325.33,T,,M,0.31,N,0.6,K,A*0D
$GPGGA,191046.000,2632.7198,N,07702.9364,W,1,03,1.9,4.2,M,-33.0,M,,0000*6D
$GPGSA,A,2,17,03,07,,,,,,,,,,2.1,1.9,1.0*3B
$GPGSV,3,1,11,14,74,095,,22,71,356,,17,52,000,28,06,50,232,*7C
$GPGSV,3,2,11,19,44,314,14,03,31,073,31,30,28,194,,11,14,224,*70
$GPGSV,3,3,11,02,09,042,,24,07,312,,07,06,171,21*40
$GPRMC,191046.000,A,2632.7198,N,07702.9364,W,0.49,258.63,220324,,,A*7D
$GPVTG,258.63,T,,M,0.49,N,0.9,K,A*03
$GPGGA,191051.000,2632.7192,N,07702.9379,W,1,04,1.4,4.5,M,-33.0,M,,0000*60
$GPGSA,A,3,17,03,07,19,,,,,,,,,1.7,1.4,1.0*3A
$GPGSV,3,1,11,14,74,095,,22,71,356,,17,52,000,28,06,50,232,*7C
$GPGSV,3,2,11,19,44,314,13,03,31,073,31,30,28,194,,11,14,224,*77
$GPGSV,3,3,11,02,09,042,,24,07,312,,07,06,171,21*40
$GPRMC,191051.000,A,2632.7192,N,07702.9379,W,1.38,208.77,220324,,,A*7A
$GPGGA,191056.000,2632.7190,N,07702.9373,W,1,04,1.4,6.1,M,-33.0,M,,0000*69
$GPGSA,A,3,17,03,07,19,,,,,,,,,1.7,1.4,1.0*3A
$GPGSV,3,1,11,14,74,095,,22,71,356,,17,52,000,28,06,50,232,*7C
$GPGSV,3,2,11,19,44,314,13,03,31,073,31,30,28,194,,11,14,224,*77
$GPGSV,3,3,11,02,09,042,,24,07,312,,07,06,171,21*40
$GPRMC,191056.000,A,2632.7190,N,07702.9373,W,0.45,317.14,220324,,,A*74
$GPVTG,317.14,T,,M,0.45,N,0.8,K,A*04
$GPGGA,191101.000,2632.7187,N,07702.9372,W,1,04,1.4,7.4,M,-33.0,M,,0000*69
$GPGSA,A,3,17,03,07,19,,,,,,,,,1.7,1.4,1.0*3A
$GPGSV,3,1,11,14,74,095,,22,71,356,,17,52,000,28,06,50,232,*7C
$GPGSV,3,2,11,19,44,314,12,03,31,073,31,30,28,194,,11,14,224,*76
$GPGSV,3,3,11,02,09,042,,24,07,312,,07,06,171,21*40
$GPRMC,191101.000,A,2632.7187,N,07702.9372,W,0.71,21.85,220324,,,A*49
$GPVTG,21.85,T,,M,0.71,N,1.3,K,A*37
$GPGGA,191106.000,2632.7183,N,07702.9370,W,1,04,1.4,7.6,M,-33.0,M,,0000*6A
$GPGSA,A,3,17,03,07,19,,,,,,,,,1.7,1.4,1.0*3A
$GPGSV,3,1,11,14,74,095,,22,71,356,,17,52,000,28,06,50,232,*7C
$GPGSV,3,2,11,19,44,314,12,03,31,073,31,30,28,194,,11,14,224,*76
$GPGSV,3,3,11,02,09,042,,24,07,312,,07,06,171,22*43
$GPRMC,191106.000,A,2632.7183,N,07702.9370,W,0.38,81.10,220324,,,A*43
$GPVTG,81.10,T,,M,0.38,N,0.7,K,A*39
$GPGGA,191111.000,2632.7186,N,07702.9358,W,1,03,1.9,8.4,M,-33.0,M,,0000*64
$GPGSA,A,2,17,03,07,,,,,,,,,,2.2,1.9,1.0*38
$GPGSV,3,1,11,14,74,095,,22,71,356,,17,52,000,28,06,50,232,*7C
$GPGSV,3,2,11,19,44,314,,03,31,073,31,30,28,194,,11,14,224,*75
$GPGSV,3,3,11,02,09,042,,24,07,312,,07,06,171,22*43
$GPRMC,191111.000,A,2632.7186,N,07702.9358,W,0.39,70.73,220324,,,A*40
$GPVTG,70.73,T,,M,0.39,N,0.7,K,N*3C
$GPGGA,191116.000,2632.7180,N,07702.9362,W,1,03,1.9,9.1,M,-33.0,M,,0000*68
$GPGSA,A,2,17,03,07,,,,,,,,,,2.2,1.9,1.0*38
$GPGSV,3,1,11,14,74,095,,22,71,356,,17,52,000,28,06,50,232,*7C
$GPGSV,3,2,11,19,44,314,,03,31,073,31,30,28,194,,11,14,224,*75
$GPGSV,3,3,11,02,09,042,,24,07,312,,07,06,171,22*43
$GPRMC,191116.000,A,2632.7180,N,07702.9362,W,0.85,189.30,220324,,,A*7F
$GPGGA,191121.000,2632.7180,N,07702.9363,W,1,03,1.9,9.2,M,-33.0,M,,0000*6E
$GPGSA,A,2,17,03,07,,,,,,,,,,2.2,1.9,1.0*38
$GPGSV,3,1,11,14,74,095,,22,71,356,,17,52,000,28,06,50,232,*7C
$GPGSV,3,2,11,19,44,314,,03,31,073,31,30,28,194,,11,14,224,*75
$GPGSV,3,3,11,02,09,042,,24,07,312,,07,06,171,22*43
$GPRMC,191121.000,A,2632.7180,N,07702.9363,W,0.62,29.46,220324,,,A*49
$GPVTG,29.46,T,,M,0.62,N,1.1,K,N*3F
$GPGGA,191126.000,2632.7177,N,07702.9366,W,1,03,1.9,9.2,M,-33.0,M,,0000*64
$GPGSA,A,2,17,03,07,,,,,,,,,,2.2,1.9,1.0*38
$GPGSV,3,1,11,14,74,095,,22,71,356,,17,52,000,28,06,50,232,*7C
$GPGSV,3,2,11,19,44,314,,03,31,073,30,30,28,194,,11,14,224,*74
$GPGSV,3,3,11,02,09,042,,24,07,312,,07,06,171,21*40
$GPRMC,191126.000,A,2632.7177,N,07702.9366,W,0.09,144.68,220324,,,A*78
$GPVTG,144.68,T,,M,0.09,N,0.2,K,N*06
$GPGGA,191131.000,2632.7168,N,07702.9369,W,1,03,1.9,9.2,M,-33.0,M,,0000*63
$GPGSA,A,2,17,03,07,,,,,,,,,,2.2,1.9,1.0*38
$GPGSV,3,1,11,14,74,095,,22,71,356,,17,52,000,28,06,50,232,*7C
$GPGSV,3,2,11,19,44,314,,03,31,073,30,30,28,194,,11,14,224,*74
$GPGSV,3,3,11,02,09,042,,24,07,312,,07,06,171,21*40
$GPRMC,191131.000,A,2632.7168,N,07702.9369,W,0.27,187.01,220324,,,A*73
$GPVTG,187.01,T,,M,0.27,N,0.5,K,N*0D
$GPGGA,191136.000,2632.7168,N,07702.9369,W,1,03,1.9,9.3,M,-33.0,M,,0000*65
$GPGSA,A,2,17,03,07,,,,,,,,,,2.2,1.9,1.0*38
$GPGSV,3,1,11,14,74,095,,22,71,356,,17,52,000,28,06,50,232,*7C
$GPGSV,3,2,11,19,44,314,,03,31,073,30,30,28,194,,11,14,224,*74
$GPGSV,3,3,11,02,09,042,,24,07,312,,07,06,171,20*41
$GPVTG,124.52,T,,M,0.24,N,0.4,K,N*00
$GPGGA,191141.000,2632.7165,N,07702.9369,W,1,03,1.9,9.3,M,-33.0,M,,0000*68
$GPGSA,A,2,17,03,07,,,,,,,,,,2.2,1.9,1.0*38
$GPGSV,3,1,11,14,74,095,,22,71,356,,17,52,000,29,06,50,232,*7D
$GPGSV,3,2,11,19,44,314,,03,31,073,30,30,28,194,,11,14,224,*74
$GPGSV,3,3,11,02,09,042,,24,07,312,,07,06,171,20*41
$GPRMC,191141.000,A,2632.7165,N,07702.9369,W,0.27,155.98,220324,,,A*76
$GPVTG,155.98,T,,M,0.27,N,0.5,K,N*02
$GPGGA,191146.000,2632.7169,N,07702.9371,W,1,03,1.9,9.1,M,-33.0,M,,0000*68
$GPGSA,A,2,17,03,07,,,,,,,,,,2.2,1.9,1.0*38
$GPGSV,3,1,11,14,74,095,,22,71,356,,17,52,000,29,06,50,232,*7D
$GPGSV,3,2,11,19,44,314,,03,31,073,30,30,28,194,,11,14,224,*74
$GPGSV,3,3,11,02,09,042,,24,07,312,,07,06,171,18*4A
$GPRMC,191146.000,A,2632.7169,N,07702.9371,W,0.99,22.70,220324,,,A*46
$GPVTG,22.70,T,,M,0.99,N,1.8,K,N*3C
$GPGGA,191151.000,2632.7190,N,07702.9369,W,1,03,1.9,8.9,M,-33.0,M,,0000*68
$GPGSA,A,2,17,03,07,,,,,,,,,,2.2,1.9,1.0*38
$GPGSV,3,1,11,14,74,095,,22,71,356,,17,52,000,29,06,50,232,*7D
$GPGSV,3,2,11,19,44,314,,03,31,073,30,30,28,194,,11,14,224,*74
$GPGSV,3,3,11,02,09,042,,24,07,312,,07,06,171,18*4A
$GPRMC,191151.000,A,2632.7190,N,07702.9369,W,0.68,40.80,220324,,,A*4A
$GPVTG,40.80,T,,M,0.68,N,1.3,K,N*32
$GPGGA,191156.000,2632.7192,N,07702.9368,W,1,03,1.9,8.8,M,-33.0,M,,0000*6D
$GPGSA,A,2,17,03,07,,,,,,,,,,2.2,1.9,1.0*38
$GPGSV,3,1,11,14,74,095,,22,71,356,,17,52,000,29,06,50,232,*7D
$GPGSV,3,2,11,19,44,314,,03,31,073,30,30,28,194,,11,14,224,*74
$GPGSV,3,3,11,02,09,042,,24,07,312,,07,06,171,18*4A
$GPRMC,191156.000,A,2632.7192,N,07702.9368,W,0.71,25.33,220324,,,A*4D
$GPVTG,25.33,T,,M,0.71,N,1.3,K,N*31
$GPGGA,191201.000,2632.7177,N,07702.9373,W,1,03,1.9,8.8,M,-33.0,M,,0000*6D
$GPGSA,A,2,17,03,07,,,,,,,,,,2.2,1.9,1.0*38
$GPGSV,3,1,11,14,74,095,,22,71,356,,17,52,000,29,06,50,232,*7D
$GPGSV,3,2,11,19,44,314,,03,31,073,30,30,28,194,,11,14,224,*74
$GPGSV,3,3,11,02,09,042,,24,07,312,,07,06,171,18*4A
$GPRMC,191201.000,A,2632.7177,N,07702.9373,W,1.72,195.56,220324,,,A*76
$GPGGA,191206.000,2632.7147,N,07702.9374,W,1,04,2.1,13.7,M,-33.0,M,,0000*57
$GPGSA,A,3,17,02,03,07,,,,,,,,,3.2,2.1,2.4*36
$GPGSV,3,1,11,14,74,095,,22,71,356,,17,52,000,29,06,50,232,*7D
$GPGSV,3,2,11,19,44,314,,03,31,073,30,30,28,194,,11,14,224,*74
$GPGSV,3,3,11,02,09,042,14,24,07,312,,07,06,171,18*4F
$GPRMC,191206.000,A,2632.7147,N,07702.9374,W,0.19,112.59,220324,,,A*79
$GPVTG,112.59,T,,M,0.19,N,0.3,K,A*08
$GPGGA,191211.000,2632.7132,N,07702.9360,W,1,04,2.1,23.1,M,-33.0,M,,0000*53
$GPGSA,A,3,17,02,03,07,,,,,,,,,3.2,2.1,2.4*36
$GPGSV,3,1,11,14,74,095,,22,71,356,,17,52,000,29,06,50,232,*7D
$GPGSV,3,2,11,19,44,314,,03,31,073,30,30,28,194,,11,14,224,*74
$GPGSV,3,3,11,02,09,042,14,24,07,312,,07,06,171,18*4F
$GPRMC,191211.000,A,2632.7132,N,07702.9360,W,0.23,133.85,220324,,,A*73
$GPVTG,133.85,T,,M,0.23,N,0.4,K,A*04
$GPGGA,191216.000,2632.7120,N,07702.9347,W,1,04,2.1,31.3,M,-33.0,M,,0000*53
$GPGSA,A,3,17,02,03,07,,,,,,,,,3.2,2.1,2.4*36
$GPGSV,3,1,11,14,74,095,,22,71,356,,17,52,000,29,06,50,232,*7D
$GPGSV,3,2,11,19,44,314,,03,31,073,30,30,28,194,,11,14,224,*74
$GPGSV,3,3,11,02,09,042,15,24,07,312,,07,06,171,18*4E
$GPRMC,191216.000,A,2632.7120,N,07702.9347,W,0.43,58.12,220324,,,A*46
$GPVTG,58.12,T,,M,0.43,N,0.8,K,A*3C
$GPGGA,191221.000,2632.7091,N,07702.9344,W,1,04,2.1,39.2,M,-33.0,M,,0000*56
$GPGSA,A,3,17,02,03,07,,,,,,,,,3.2,2.1,2.4*36
$GPGSV,3,1,11,14,74,095,,22,71,356,,17,52,000,29,06,50,232,*7D
$GPGSV,3,2,11,19,44,314,,03,31,073,31,30,28,194,,11,14,224,*75
$GPGSV,3,3,11,02,09,042,15,24,07,312,,07,06,171,18*4E
$GPRMC,191221.000,A,2632.7091,N,07702.9344,W,1.83,183.31,220324,,,A*71
$GPVTG,183.31,T,,M,1.83,N,3.4,K,A*08
$GPGGA,191226.000,2632.7069,N,07702.9340,W,1,04,2.1,45.8,M,-33.0,M,,0000*53
$GPGSA,A,3,17,02,03,07,,,,,,,,,3.2,2.1,2.4*36
$GPGSV,3,1,11,14,74,095,,22,71,356,,17,52,000,29,06,50,232,*7D
$GPGSV,3,2,11,19,44,314,,03,31,073,31,30,28,194,,11,14,224,*75
$GPGSV,3,3,11,02,09,042,14,24,07,312,,07,06,171,18*4F
$GPRMC,191226.000,A,2632.7069,N,07702.9340,W,1.41,164.62,220324,,,A*74
$GPGGA,191231.000,2632.7060,N,07702.9332,W,1,04,2.1,51.6,M,-33.0,M,,0000*52
$GPGSA,A,3,17,02,03,07,,,,,,,,,3.2,2.1,2.4*36
$GPGSV,3,1,11,14,74,095,,22,71,356,,17,52,000,29,06,50,232,*7D
$GPGSV,3,2,11,19,44,314,,03,31,073,31,30,28,194,,11,14,224,*75
$GPGSV,3,3,11,02,09,042,14,24,07,312,,07,06,171,17*40
$GPRMC,191231.000,A,2632.7060,N,07702.9332,W,1.24,69.84,220324,,,A*49
$GPVTG,69.84,T,,M,1.24,N,2.3,K,A*38
$GPGGA,191236.000,2632.7073,N,07702.9322,W,1,04,2.1,52.4,M,-33.0,M,,0000*57
$GPGSA,A,3,17,02,03,07,,,,,,,,,3.2,2.1,2.4*36
$GPGSV,3,1,11,14,74,095,,22,71,356,,17,52,000,29,06,50,232,*7D
$GPGSV,3,2,11,19,44,314,,03,31,073,31,30,28,194,,11,14,224,*75
$GPGSV,3,3,11,02,09,042,15,24,07,312,,07,06,171,17*41
$GPRMC,191236.000,A,2632.7073,N,07702.9322,W,1.15,63.04,220324,,,A*4D
$GPVTG,63.04,T,,M,1.15,N,2.1,K,A*3A
$GPGGA,191241.000,2632.7096,N,07702.9329,W,1,04,2.1,43.3,M,-33.0,M,,0000*50
$GPGSA,A,3,17,02,03,07,,,,,,,,,3.2,2.1,2.4*36
$GPGSV,3,1,11,14,74,095,,22,71,356,,17,52,000,29,06,50,232,*7D
$GPGSV,3,2,11,19,44,314,,03,31,073,31,30,28,194,,11,14,224,*75
$GPGSV,3,3,11,02,09,042,15,24,07,312,,07,06,171,18*4E
$GPRMC,191241.000,A,2632.7096,N,07702.9329,W,0.15,90.84,220324,,,A*48
$GPVTG,90.84,T,,M,0.15,N,0.3,K,A*3F
$GPGGA,191246.000,2632.7088,N,07702.9336,W,1,04,2.1,42.1,M,-33.0,M,,0000*55
$GPGSA,A,3,17,02,03,07,,,,,,,,,3.2,2.1,2.4*36
$GPGSV,3,1,11,14,74,095,,22,71,356,,17,52,000,29,06,50,232,*7D
$GPGSV,3,2,11,19,44,314,,03,31,073,31,30,28,194,,11,14,224,*75
$GPGSV,3,3,11,02,09,042,15,24,07,312,,07,06,171,17*41
$GPVTG,189.15,T,,M,0.68,N,1.3,K,A*05
$GPGGA,191251.000,2632.7098,N,07702.9338,W,1,04,2.1,39.8,M,-33.0,M,,0000*59
$GPGSA,A,3,17,02,03,07,,,,,,,,,3.2,2.1,2.4*36
$GPGSV,3,1,11,14,74,095,,22,71,356,,17,52,000,29,06,50,232,*7D
$GPGSV,3,2,11,19,44,314,,03,31,073,31,30,28,194,,11,14,224,*75
$GPGSV,3,3,11,02,09,042,15,24,07,312,,07,06,171,17*41
$GPRMC,191251.000,A,2632.7098,N,07702.9338,W,0.48,36.45,220324,,,A*4E
$GPVTG,36.45,T,,M,0.48,N,0.9,K,A*3C
$GPGGA,191256.000,2632.7111,N,07702.9338,W,1,04,2.1,36.5,M,-33.0,M,,0000*5C
$GPGSA,A,3,17,02,03,07,,,,,,,,,3.2,2.1,2.4*36
$GPGSV,3,1,11,14,74,095,,22,71,356,,17,52,000,29,06,50,232,*7D
$GPGSV,3,2,11,19,44,314,,03,31,073,31,30,28,194,,11,14,224,*75
$GPGSV,3,3,11,02,09,042,15,24,07,312,,07,06,171,17*41
$GPRMC,191256.000,A,2632.7111,N,07702.9338,W,0.22,103.83,220324,,,A*78
$GPVTG,103.83,T,,M,0.22,N,0.4,K,A*00
$GPGGA,191301.000,2632.7114,N,07702.9345,W,1,04,2.1,32.2,M,-33.0,M,,0000*53
$GPGSA,A,3,17,02,03,07,,,,,,,,,3.2,2.1,2.4*36
$GPGSV,3,1,11,14,74,095,,22,71,356,,17,52,000,29,06,50,232,*7D
$GPGSV,3,2,11,19,44,314,,03,31,073,31,30,28,194,,11,14,224,*75
$GPGSV,3,3,11,02,09,042,15,24,07,312,,07,06,171,17*41
$GPRMC,191301.000,A,2632.7114,N,07702.9345,W,0.11,342.54,220324,,,A*79
$GPVTG,342.54,T,,M,0.11,N,0.2,K,A*0B
$GPGGA,191306.000,2632.7130,N,07702.9347,W,1,04,2.1,27.5,M,-33.0,M,,0000*53
$GPGSA,A,3,17,02,03,07,,,,,,,,,3.2,2.1,2.4*36
$GPGSV,3,1,11,14,74,095,,22,71,356,,17,52,000,29,06,50,232,*7D
$GPGSV,3,2,11,19,44,314,,03,31,073,31,30,28,194,,11,14,224,*75
$GPGSV,3,3,11,02,09,042,15,24,07,312,,07,06,171,17*41
$GPRMC,191306.000,A,2632.7130,N,07702.9347,W,1.39,17.87,220324,,,A*4C
$GPVTG,17.87,T,,M,1.39,N,2.6,K,A*3B
$GPGGA,191311.000,2632.7138,N,07702.9341,W,1,04,2.1,28.4,M,-33.0,M,,0000*55
$GPGSA,A,3,17,02,03,07,,,,,,,,,3.2,2.1,2.4*36
$GPGSV,3,1,11,14,74,095,,22,71,356,,17,52,000,29,06,50,232,*7D
$GPGSV,3,2,11,19,44,314,,03,31,073,31,30,28,194,,11,14,224,*75
$GPGSV,3,3,11,02,09,042,15,24,07,312,,07,06,171,16*40
$GPVTG,164.15,T,,M,0.26,N,0.5,K,A*0B
$GPGGA,191316.000,2632.7116,N,07702.9350,W,1,04,2.1,29.0,M,-33.0,M,,0000*5B
$GPGSA,A,3,17,02,03,07,,,,,,,,,3.2,2.1,2.4*36
$GPGSV,3,1,11,14,73,100,,22,72,358,,17,52,002,30,06,51,234,*77
$GPGSV,3,2,11,19,45,315,,03,31,071,31,30,26,193,,11,15,225,*7E
$GPGSV,3,3,11,02,08,042,15,24,07,311,,07,05,170,16*40
$GPRMC,191316.000,A,2632.7116,N,07702.9350,W,1.74,204.32,220324,,,A*78
$GPVTG,204.32,T,,M,1.74,N,3.2,K,A*09
$GPGGA,191321.000,2632.7105,N,07702.9356,W,1,04,2.1,28.2,M,-33.0,M,,0000*58
$GPGSA,A,3,17,02,03,07,,,,,,,,,3.2,2.1,2.4*36
$GPGSV,3,1,11,14,73,100,,22,72,358,,17,52,002,30,06,51,234,*77
$GPGSV,3,2,11,19,45,315,,03,31,071,31,30,26,193,,11,15,225,*7E
$GPGSV,3,3,11,02,08,042,15,24,07,311,,07,05,170,16*40
$GPRMC,191321.000,A,2632.7105,N,07702.9356,W,0.18,28.61,220324,,,A*49
$GPVTG,28.61,T,,M,0.18,N,0.3,K,A*3A
$GPGGA,191326.000,2632.7106,N,07702.9358,W,1,04,2.1,27.5,M,-33.0,M,,0000*5A
$GPGSA,A,3,17,02,03,07,,,,,,,,,3.2,2.1,2.4*36
$GPGSV,3,1,11,14,73,100,,22,72,358,,17,52,002,30,06,51,234,*77
$GPGSV,3,2,11,19,45,315,,03,31,071,31,30,26,193,,11,15,225,*7E
$GPGSV,3,3,11,02,08,042,15,24,07,311,,07,05,170,17*41
$GPRMC,191326.000,A,2632.7106,N,07702.9358,W,0.51,203.64,220324,,,A*70
$GPVTG,203.64,T,,M,0.51,N,0.9,K,A*03
$GPGGA,191331.000,2632.7098,N,07702.9360,W,1,03,4.0,28.3,M,-33.0,M,,0000*58
$GPGSA,A,2,17,02,03,,,,,,,,,,4.1,4.0,1.0*34
$GPGSV,3,1,11,14,73,100,,22,72,358,,17,52,002,30,06,51,234,*77
$GPGSV,3,2,11,19,45,315,,03,31,071,31,30,26,193,,11,15,225,*7E
$GPGSV,3,3,11,02,08,042,15,24,07,311,,07,05,170,08*4F
$GPRMC,191331.000,A,2632.7098,N,07702.9360,W,0.51,187.12,220324,,,A*75
$GPVTG,187.12,T,,M,0.51,N,0.9,K,N*02
$GPGGA,191336.000,2632.7099,N,07702.9363,W,1,03,4.0,26.8,M,-33.0,M,,0000*58
$GPGSA,A,2,17,02,03,,,,,,,,,,4.1,4.0,1.0*34
$GPGSV,3,1,11,14,73,100,,22,72,358,,17,52,002,30,06,51,234,*77
$GPGSV,3,2,11,19,45,315,,03,31,071,31,30,26,193,,11,15,225,*7E
$GPGSV,3,3,11,02,08,042,15,24,07,311,,07,05,170,*47
$GPRMC,191336.000,A,2632.7099,N,07702.9363,W,0.54,39.77,220324,,,A*42
$GPGGA,191341.000,2632.7116,N,07702.9360,W,1,03,4.0,23.6,M,-33.0,M,,0000*56
$GPGSA,A,2,17,02,03,,,,,,,,,,4.1,4.0,1.0*34
$GPGSV,3,1,11,14,73,100,,22,72,358,,17,52,002,30,06,51,234,*77
$GPGSV,3,2,11,19,45,315,,03,31,071,31,30,26,193,,11,15,225,*7E
$GPGSV,3,3,11,02,08,042,14,24,07,311,,07,05,170,*46
$GPRMC,191341.000,A,2632.7116,N,07702.9360,W,0.79,194.82,220324,,,A*74
$GPVTG,194.82,T,,M,0.79,N,1.5,K,N*0E
$GPGGA,191346.000,2632.7143,N,07702.9355,W,1,03,4.0,19.7,M,-33.0,M,,0000*5F
$GPGSA,A,2,17,02,03,,,,,,,,,,4.1,4.0,1.0*34
$GPGSV,3,1,11,14,73,100,,22,72,358,,17,52,002,30,06,51,234,*77
$GPGSV,3,2,11,19,45,315,,03,31,071,31,30,26,193,,11,15,225,*7E
$GPGSV,3,3,11,02,08,042,14,24,07,311,,07,05,170,*46
$GPRMC,191346.000,A,2632.7143,N,07702.9355,W,0.85,33.71,220324,,,A*46
$GPVTG,33.71,T,,M,0.85,N,1.6,K,N*3E
$GPGGA,191351.000,2632.7181,N,07702.9343,W,1,03,4.0,18.0,M,-33.0,M,,0000*56
$GPGSA,A,2,17,02,03,,,,,,,,,,4.1,4.0,1.0*34
$GPGSV,3,1,11,14,73,100,,22,72,358,,17,52,002,30,06,51,234,*77
$GPGSV,3,2,11,19,45,315,,03,31,071,31,30,26,193,,11,15,225,*7E
$GPGSV,3,3,11,02,08,042,14,24,07,311,,07,05,170,*46
$GPRMC,191351.000,A,2632.7181,N,07702.9343,W,1.73,26.35,220324,,,A*45
$GPVTG,26.35,T,,M,1.73,N,3.2,K,N*34
$GPGGA,191356.000,2632.7141,N,07702.9373,W,1,04,2.1,13.6,M,-33.0,M,,0000*53
$GPGSA,A,3,17,02,03,07,,,,,,,,,3.2,2.1,2.4*36
$GPGSV,3,1,11,14,73,100,,22,72,358,,17,52,002,30,06,51,234,*77
$GPGSV,3,2,11,19,45,315,,03,31,071,31,30,26,193,,11,15,225,*7E
$GPGSV,3,3,11,02,08,042,15,24,07,311,,07,05,170,20*45
$GPVTG,180.82,T,,M,0.29,N,0.5,K,A*00
$GPGGA,191401.000,2632.7124,N,07702.9364,W,1,04,2.1,20.2,M,-33.0,M,,0000*57
$GPGSA,A,3,17,02,03,07,,,,,,,,,3.2,2.1,2.4*36
$GPGSV,3,1,11,14,73,100,,22,72,358,,17,52,002,30,06,51,234,*77
$GPGSV,3,2,11,19,45,315,,03,31,071,31,30,26,193,,11,15,225,*7E
$GPGSV,3,3,11,02,08,042,15,24,07,311,,07,05,170,20*45
$GPRMC,191401.000,A,2632.7124,N,07702.9364,W,0.50,157.99,220324,,,A*7C
$GPVTG,157.99,T,,M,0.50,N,0.9,K,A*02
$GPGGA,191406.000,2632.7110,N,07702.9349,W,1,04,2.1,29.0,M,-33.0,M,,0000*53
$GPGSA,A,3,17,02,03,07,,,,,,,,,3.2,2.1,2.4*36
$GPGSV,3,1,11,14,73,100,,22,72,358,,17,52,002,29,06,51,234,*7F
$GPGSV,3,2,11,19,45,315,,03,31,071,31,30,26,193,,11,15,225,*7E
$GPGSV,3,3,11,02,08,042,15,24,07,311,,07,05,170,20*45
$GPRMC,191406.000,A,2632.7110,N,07702.9349,W,0.72,97.73,220324,,,A*4A
$GPVTG,97.73,T,,M,0.72,N,1.3,K,A*30
$GPGGA,191411.000,2632.7104,N,07702.9340,W,1,04,2.1,33.0,M,-33.0,M,,0000*52
$GPGSA,A,3,17,02,03,07,,,,,,,,,3.2,2.1,2.4*36
$GPGSV,3,1,11,14,73,100,,22,72,358,,17,52,002,29,06,51,234,*7F
$GPGSV,3,2,11,19,45,315,,03,31,071,31,30,26,193,,11,15,225,*7E
$GPGSV,3,3,11,02,08,042,15,24,07,311,,07,05,170,20*45
$GPRMC,191411.000,A,2632.7104,N,07702.9340,W,0.63,113.22,220324,,,A*79
$GPVTG,113.22,T,,M,0.63,N,1.2,K,A*08
$GPGGA,191416.000,2632.7081,N,07702.9337,W,1,04,2.2,39.0,M,-33.0,M,,0000*50
$GPGSA,A,3,17,02,03,07,,,,,,,,,3.2,2.2,2.4*35
$GPGSV,3,1,11,14,73,100,,22,72,358,,17,52,002,29,06,51,234,*7F
$GPGSV,3,2,11,19,45,315,,03,31,071,31,30,26,193,,11,15,225,*7E
$GPGSV,3,3,11,02,08,042,15,24,07,311,,07,05,170,19*4F
$GPRMC,191416.000,A,2632.7081,N,07702.9337,W,0.76,164.43,220324,,,A*71
$GPVTG,164.43,T,,M,0.76,N,1.4,K,A*0D
$GPGGA,191421.000,2632.7075,N,07702.9348,W,1,04,2.2,34.0,M,-33.0,M,,0000*5A
$GPGSA,A,3,17,02,03,07,,,,,,,,,3.2,2.2,2.4*35
$GPGSV,3,1,11,14,73,100,,22,72,358,,17,52,002,29,06,51,234,*7F
$GPGSV,3,2,11,19,45,315,,03,31,071,31,30,26,193,,11,15,225,*7E
$GPGSV,3,3,11,02,08,042,15,24,07,311,,07,05,170,18*4E
$GPVTG,44.25,T,,M,0.79,N,1.5,K,A*30
$GPGGA,191426.000,2632.7101,N,07702.9339,W,1,04,2.2,32.9,M,-33.0,M,,0000*56
$GPGSA,A,3,17,02,03,07,,,,,,,,,3.2,2.2,2.4*35
$GPGSV,3,1,11,14,73,100,,22,72,358,,17,52,002,29,06,51,234,*7F
$GPGSV,3,2,11,19,45,315,,03,31,071,31,30,26,193,,11,15,225,*7E
$GPGSV,3,3,11,02,08,042,15,24,07,311,,07,05,170,18*4E
$GPRMC,191426.000,A,2632.7101,N,07702.9339,W,0.48,159.02,220324,,,A*73
$GPVTG,159.02,T,,M,0.48,N,0.9,K,A*07
$GPGGA,191431.000,2632.7114,N,07702.9339,W,1,04,2.2,29.9,M,-33.0,M,,0000*5E
$GPGSA,A,3,17,02,03,07,,,,,,,,,3.2,2.2,2.4*35
$GPGSV,3,1,11,14,73,100,,22,72,358,,17,52,002,29,06,51,234,*7F
$GPGSV,3,2,11,19,45,315,,03,31,071,31,30,26,193,,11,15,225,*7E
$GPGSV,3,3,11,02,08,042,15,24,07,311,,07,05,170,18*4E
$GPRMC,191431.000,A,2632.7114,N,07702.9339,W,1.53,15.71,220324,,,A*47
$GPVTG,15.71,T,,M,1.53,N,2.8,K,A*32
$GPGGA,191436.000,2632.7114,N,07702.9337,W,1,05,2.1,32.9,M,-33.0,M,,0000*5F
$GPGSA,A,3,17,02,03,07,22,,,,,,,,2.9,2.1,2.0*38
$GPGSV,3,1,11,14,73,100,,22,72,358,14,17,52,002,29,06,51,234,*7A
$GPGSV,3,2,11,19,45,315,,03,31,071,31,30,26,193,,11,15,225,*7E
$GPGSV,3,3,11,02,08,042,15,24,07,311,,07,05,170,17*41
$GPRMC,191436.000,A,2632.7114,N,07702.9337,W,0.77,13.54,220324,,,A*48
$GPVTG,13.54,T,,M,0.77,N,1.4,K,A*3B
$GPGGA,191441.000,2632.7088,N,07702.9342,W,1,05,2.1,37.5,M,-33.0,M,,0000*50
$GPGSA,A,3,17,02,03,07,22,,,,,,,,2.9,2.1,2.0*38
$GPGSV,3,1,11,14,73,100,,22,72,358,13,17,52,002,29,06,51,234,*7D
$GPGSV,3,2,11,19,45,315,,03,31,071,31,30,26,193,,11,15,225,*7E
$GPGSV,3,3,11,02,08,042,13,24,07,311,,07,05,170,17*47
$GPRMC,191441.000,A,2632.7088,N,07702.9342,W,1.28,199.04,220324,,,A*73
$GPVTG,199.04,T,,M,1.28,N,2.4,K,A*05
$GPGGA,191446.000,2632.7090,N,07702.9340,W,1,05,2.1,39.5,M,-33.0,M,,0000*52
$GPGSA,A,3,17,02,03,07,22,,,,,,,,2.9,2.1,2.0*38
$GPGSV,3,1,11,14,73,100,,22,72,358,14,17,52,002,29,06,51,234,*7A
$GPGSV,3,2,11,19,45,315,,03,31,071,31,30,26,193,,11,15,225,*7E
$GPGSV,3,3,11,02,08,042,13,24,07,311,,07,05,170,17*47
$GPRMC,191446.000,A,2632.7090,N,07702.9340,W,1.06,179.70,220324,,,A*7E
$GPGGA,191451.000,2632.7098,N,07702.9337,W,1,04,2.2,36.4,M,-33.0,M,,0000*50
$GPGSA,A,3,17,02,03,07,,,,,,,,,3.2,2.2,2.4*35
$GPGSV,3,1,11,14,73,100,,22,72,358,14,17,52,002,29,06,51,234,*7A
$GPGSV,3,2,11,19,45,315,,03,31,071,31,30,26,193,,11,15,225,*7E
$GPGSV,3,3,11,02,08,042,13,24,07,311,,07,05,170,18*48
$GPRMC,191451.000,A,2632.7098,N,07702.9337,W,0.62,96.32,220324,,,A*45
$GPVTG,96.32,T,,M,0.62,N,1.2,K,A*34
$GPGGA,191456.000,2632.7131,N,07702.9327,W,1,03,4.1,31.2,M,-33.0,M,,0000*57
$GPGSA,A,2,17,02,03,,,,,,,,,,4.2,4.1,1.0*36
$GPGSV,3,1,11,14,73,100,,22,72,358,13,17,52,002,29,06,51,234,*7D
$GPGSV,3,2,11,19,45,315,,03,31,071,31,30,26,193,,11,15,225,*7E
$GPGSV,3,3,11,02,08,042,12,24,07,311,,07,05,170,19*48
$GPRMC,191456.000,A,2632.7131,N,07702.9327,W,2.52,29.81,220324,,,A*4C
$GPVTG,29.81,T,,M,2.52,N,4.7,K,A*39
$GPGGA,191501.000,2632.7189,N,07702.9301,W,6,00,50.0,29.2,M,-33.0,M,,0000*6E
$GPGSA,A,2,,,,,,,,,,,,,50.0,50.0,50.0*06
$GPGSV,3,1,11,14,73,100,,22,72,358,14,17,52,002,29,06,51,234,*7A
$GPGSV,3,2,11,19,45,315,,03,31,071,31,30,26,193,,11,15,225,*7E
$GPGSV,3,3,11,02,08,042,,24,07,311,,07,05,170,19*4B
$GPRMC,191501.000,A,2632.7189,N,07702.9301,W,4.14,24.58,220324,,,E*41
$GPVTG,24.58,T,,M,4.14,N,7.7,K,N*38
$GPGGA,191506.000,2632.7238,N,07702.9284,W,1,03,4.8,27.7,M,-33.0,M,,0000*5A
$GPGSA,A,2,17,03,22,,,,,,,,,,4.9,4.8,1.0*36
$GPGSV,3,1,11,14,73,100,,22,72,358,15,17,52,002,29,06,51,234,*7B
$GPGSV,3,2,11,19,45,315,,03,31,071,31,30,26,193,,11,15,225,*7E
$GPGSV,3,3,11,02,08,042,,24,07,311,,07,05,170,20*41
$GPRMC,191506.000,A,2632.7238,N,07702.9284,W,2.62,22.75,220324,,,A*49
$GPVTG,22.75,T,,M,2.62,N,4.8,K,N*3A
$GPGGA,191511.000,2632.7190,N,07702.9307,W,1,03,4.8,28.7,M,-33.0,M,,0000*58
$GPGSA,A,2,17,03,22,,,,,,,,,,4.9,4.8,1.0*36
$GPGSV,3,1,11,14,73,100,,22,72,358,14,17,52,002,29,06,51,234,*7A
$GPGSV,3,2,11,19,45,315,,03,31,071,31,30,26,193,,11,15,225,*7E
$GPGSV,3,3,11,02,08,042,,24,07,311,,07,05,170,20*41
$GPRMC,191511.000,A,2632.7190,N,07702.9307,W,2.16,200.95,220324,,,A*7B
$GPGGA,191516.000,2632.7208,N,07702.9299,W,1,03,4.8,27.9,M,-33.0,M,,0000*5A
$GPGSA,A,2,17,03,22,,,,,,,,,,4.9,4.8,1.0*36
$GPGSV,3,1,11,14,73,100,,22,72,358,15,17,52,002,29,06,51,234,*7B
$GPGSV,3,2,11,19,45,315,,03,31,071,31,30,26,193,,11,15,225,*7E
$GPGSV,3,3,11,02,08,042,,24,07,311,,07,05,170,20*41
$GPRMC,191516.000,A,2632.7208,N,07702.9299,W,0.78,189.28,220324,,,A*76
$GPVTG,189.28,T,,M,0.78,N,1.5,K,N*03
$GPGGA,191521.000,2632.7197,N,07702.9302,W,1,03,4.8,28.5,M,-33.0,M,,0000*5B
$GPGSA,A,2,17,03,22,,,,,,,,,,4.9,4.8,1.0*36
$GPGSV,3,1,11,14,73,100,,22,72,358,15,17,52,002,28,06,51,234,*7A
$GPGSV,3,2,11,19,45,315,,03,31,071,31,30,26,193,,11,15,225,*7E
$GPGSV,3,3,11,02,08,042,,24,07,311,,07,05,170,20*41
$GPRMC,191521.000,A,2632.7197,N,07702.9302,W,1.01,35.14,220324,,,A*42
$GPVTG,35.14,T,,M,1.01,N,1.9,K,N*39
$GPGGA,191526.000,2632.7271,N,07702.9273,W,1,03,4.8,28.1,M,-33.0,M,,0000*54
$GPGSA,A,2,17,03,22,,,,,,,,,,4.9,4.8,1.0*36
$GPGSV,3,1,11,14,73,100,,22,72,358,14,17,52,002,28,06,51,234,*7B
$GPGSV,3,2,11,19,45,315,,03,31,071,31,30,26,193,,11,15,225,*7E
$GPGSV,3,3,11,02,08,042,,24,07,311,,07,05,170,20*41
$GPRMC,191526.000,A,2632.7271,N,07702.9273,W,4.15,23.10,220324,,,A*4A
$GPVTG,23.10,T,,M,4.15,N,7.7,K,N*32
$GPGGA,191531.000,2632.7271,N,07702.9273,W,6,00,50.0,28.7,M,-33.0,M,,0000*69
$GPGSA,A,2,,,,,,,,,,,,,50.0,50.0,50.0*06
$GPGSV,3,1,11,14,73,100,,22,72,358,15,17,52,002,28,06,51,234,*7A
$GPGSV,3,2,11,19,45,315,,03,31,071,31,30,26,193,,11,15,225,*7E
$GPGSV,3,3,11,02,08,042,,24,07,311,,07,05,170,20*41
$GPVTG,23.92,T,,M,2.20,N,4.1,K,N*3D
$GPGGA,191536.000,2632.7235,N,07702.9287,W,1,03,4.8,29.6,M,-33.0,M,,0000*58
$GPGSA,A,2,17,03,22,,,,,,,,,,4.9,4.8,1.0*36
$GPGSV,3,1,11,14,73,100,,22,72,358,14,17,52,002,28,06,51,234,*7B
$GPGSV,3,2,11,19,45,315,,03,31,071,31,30,26,193,,11,15,225,*7E
$GPGSV,3,3,11,02,08,042,,24,07,311,,07,05,170,19*4B
$GPRMC,191536.000,A,2632.7235,N,07702.9287,W,0.59,196.57,220324,,,A*70
$GPVTG,196.57,T,,M,0.59,N,1.1,K,N*02
$GPGGA,191541.000,2632.7202,N,07702.9302,W,6,00,50.0,29.8,M,-33.0,M,,0000*63
$GPGSA,A,2,,,,,,,,,,,,,50.0,50.0,50.0*06
$GPGSV,3,1,11,14,73,100,,22,72,358,13,17,52,002,28,06,51,234,*7C
$GPGSV,3,2,11,19,45,315,,03,31,071,31,30,26,193,,11,15,225,*7E
$GPGSV,3,3,11,02,08,042,,24,07,311,,07,05,170,*43
$GPRMC,191541.000,A,2632.7202,N,07702.9302,W,3.72,204.78,220324,,,E*73
$GPVTG,204.78,T,,M,3.72,N,6.9,K,N*02
$GPGGA,191546.000,2632.7087,N,07702.9352,W,1,03,4.8,30.7,M,-33.0,M,,0000*54
$GPGSA,A,2,17,03,22,,,,,,,,,,4.9,4.8,1.0*36
$GPGSV,3,1,11,14,73,100,,22,72,358,13,17,52,002,28,06,51,234,*7C
$GPGSV,3,2,11,19,45,315,,03,31,071,31,30,26,193,,11,15,225,*7E
$GPGSV,3,3,11,02,08,042,,24,07,311,,07,05,170,19*4B
$GPRMC,191546.000,A,2632.7087,N,07702.9352,W,7.41,201.36,220324,,,A*71
$GPVTG,201.36,T,,M,7.41,N,13.7,K,N*33
$GPGGA,191551.000,2632.6991,N,07702.9394,W,6,00,50.0,31.3,M,-33.0,M,,0000*6F
$GPGSA,A,2,,,,,,,,,,,,,50.0,50.0,50.0*06
$GPGSV,3,1,11,14,73,100,,22,72,358,13,17,52,002,28,06,51,234,*7C
$GPGSV,3,2,11,19,45,315,,03,31,071,31,30,26,193,,11,15,225,*7E
$GPGSV,3,3,11,02,08,042,,24,07,311,,07,05,170,19*4B
$GPRMC,191551.000,A,2632.6991,N,07702.9394,W,7.41,201.36,220324,,,E*76
$GPVTG,201.36,T,,M,7.41,N,13.7,K,N*33
$GPGGA,191556.000,2632.6895,N,07702.9436,W,6,00,50.0,31.9,M,-33.0,M,,0000*68
$GPGSA,A,2,,,,,,,,,,,,,50.0,50.0,50.0*06
$GPGSV,3,1,11,14,73,100,,22,72,358,13,17,52,002,28,06,51,234,*7C
$GPGSV,3,2,11,19,45,315,,03,31,071,31,30,26,193,,11,15,225,*7E
$GPGSV,3,3,11,02,08,042,,24,07,311,,07,05,170,18*4A
$GPRMC,191556.000,A,2632.6895,N,07702.9436,W,7.41,201.36,220324,,,E*7B
$GPGGA,191601.000,2632.7062,N,07702.9358,W,1,03,4.7,28.5,M,-33.0,M,,0000*51
$GPGSA,A,2,17,03,22,,,,,,,,,,4.8,4.7,1.0*38
$GPGSV,3,1,11,14,73,100,,22,72,358,13,17,52,002,27,06,51,234,*73
$GPGSV,3,2,11,19,45,315,,03,31,071,31,30,26,193,,11,15,225,*7E
$GPGSV,3,3,11,02,08,042,,24,07,311,,07,05,170,18*4A
$GPRMC,191601.000,A,2632.7062,N,07702.9358,W,1.41,32.69,220324,,,A*4E
$GPVTG,32.69,T,,M,1.41,N,2.6,K,N*3C
$GPGGA,191606.000,2632.7218,N,07702.9290,W,1,03,4.7,26.3,M,-33.0,M,,0000*54
$GPGSA,A,2,17,03,22,,,,,,,,,,4.8,4.7,1.0*38
$GPGSV,3,1,11,14,73,100,,22,72,358,13,17,52,002,27,06,51,234,*73
$GPGSV,3,2,11,19,45,315,,03,31,071,31,30,26,193,,11,15,225,*7E
$GPGSV,3,3,11,02,08,042,,24,07,311,,07,05,170,*43
$GPRMC,191606.000,A,2632.7218,N,07702.9290,W,4.74,27.09,220324,,,A*42
$GPVTG,27.09,T,,M,4.74,N,8.8,K,N*39
$GPGGA,191611.000,2632.7319,N,07702.9246,W,1,03,4.7,26.0,M,-33.0,M,,0000*5A
$GPGSA,A,2,17,03,22,,,,,,,,,,4.8,4.7,1.0*38
$GPGSV,3,1,11,14,73,100,,22,72,358,13,17,52,002,27,06,51,234,*73
$GPGSV,3,2,11,19,45,315,,03,31,071,31,30,26,193,,11,15,225,*7E
$GPGSV,3,3,11,02,08,042,,24,07,311,,07,05,170,18*4A
$GPRMC,191611.000,A,2632.7319,N,07702.9246,W,5.34,23.49,220324,,,A*4A
$GPVTG,23.49,T,,M,5.34,N,9.9,K,N*3C
$GPGGA,191616.000,2632.7389,N,07702.9212,W,1,03,4.7,26.0,M,-33.0,M,,0000*55
$GPGSA,A,2,17,03,22,,,,,,,,,,4.8,4.7,1.0*38
$GPGSV,3,1,11,22,73,000,12,14,73,105,,17,52,004,27,06,52,236,*7F
$GPGSV,3,2,11,19,45,317,,03,31,069,31,30,25,193,,11,16,226,*76
$GPGSV,3,3,11,24,08,310,,02,07,043,,07,04,169,19*42
$GPRMC,191616.000,A,2632.7389,N,07702.9212,W,3.94,21.83,220324,,,A*4D
$GPVTG,21.83,T,,M,3.94,N,7.3,K,N*30
$GPGGA,191621.000,2632.7440,N,07702.9189,W,6,00,50.0,25.7,M,-33.0,M,,0000*64
$GPGSA,A,2,,,,,,,,,,,,,50.0,50.0,50.0*06
$GPGSV,3,1,11,22,73,000,,14,73,105,,17,52,004,27,06,52,236,*7C
$GPGSV,3,2,11,19,45,317,,03,31,069,31,30,25,193,,11,16,226,*76
$GPGSV,3,3,11,24,08,310,,02,07,043,11,07,04,169,20*48
$GPRMC,191621.000,A,2632.7440,N,07702.9189,W,3.94,21.83,220324,,,E*4E
$GPGGA,191626.000,2632.7491,N,07702.9167,W,6,00,50.0,25.3,M,-33.0,M,,0000*6B
$GPGSA,A,2,,,,,,,,,,,,,50.0,50.0,50.0*06
$GPGSV,3,1,11,22,73,000,,14,73,105,,17,52,004,27,06,52,236,*7C
$GPGSV,3,2,11,19,45,317,,03,31,069,31,30,25,193,,11,16,226,*76
$GPGSV,3,3,11,24,08,310,,02,07,043,11,07,04,169,20*48
$GPRMC,191626.000,A,2632.7491,N,07702.9167,W,3.94,21.83,220324,,,E*45
$GPVTG,21.83,T,,M,3.94,N,7.3,K,N*30
$GPGGA,191711.000,2632.6780,N,07702.9454,W,1,03,7.1,19.5,M,-33.0,M,,0000*57
$GPGSA,A,2,17,03,19,,,,,,,,,,7.2,7.1,1.0*3C
$GPGSV,3,1,11,22,73,000,,14,73,105,,17,52,004,25,06,52,236,*7E
$GPGSV,3,2,11,19,45,317,17,03,31,069,31,30,25,193,,11,16,226,*70
$GPGSV,3,3,11,24,08,310,,02,07,043,,07,04,169,19*42
$GPRMC,191711.000,A,2632.6780,N,07702.9454,W,9.00,192.32,220324,,,A*77
$GPVTG,192.32,T,,M,9.00,N,16.7,K,N*30
$GPGGA,191716.000,2632.6755,N,07702.9488,W,1,03,7.1,21.8,M,-33.0,M,,0000*5F
$GPGSA,A,2,17,03,19,,,,,,,,,,7.2,7.1,1.0*3C
$GPGSV,3,1,11,22,73,000,,14,73,105,,17,52,004,25,06,52,236,*7E
$GPGSV,3,2,11,19,45,317,16,03,31,069,31,30,25,193,,11,16,226,*71
$GPGSV,3,3,11,24,08,310,,02,07,043,,07,04,169,19*42
$GPRMC,191716.000,A,2632.6755,N,07702.9488,W,3.10,203.40,220324,,,A*7C
$GPVTG,203.40,T,,M,3.10,N,5.7,K,N*07
$GPGGA,191721.000,2632.6889,N,07702.9446,W,1,03,7.2,23.1,M,-33.0,M,,0000*5F
$GPGSA,A,2,17,03,19,,,,,,,,,,7.2,7.2,1.0*3F
$GPGSV,3,1,11,22,73,000,,14,73,105,,17,52,004,25,06,52,236,*7E
$GPGSV,3,2,11,19,45,317,16,03,31,069,31,30,25,193,,11,16,226,*71
$GPGSV,3,3,11,24,08,310,,02,07,043,,07,04,169,19*42
$GPRMC,191721.000,A,2632.6889,N,07702.9446,W,1.13,5.46,220324,,,A*77
$GPVTG,5.46,T,,M,1.13,N,2.1,K,N*05
$GPGGA,191726.000,2632.6927,N,07702.9438,W,1,03,7.2,24.6,M,-33.0,M,,0000*54
$GPGSA,A,2,17,03,19,,,,,,,,,,7.2,7.2,1.0*3F
$GPGSV,3,1,11,22,73,000,,14,73,105,,17,52,004,25,06,52,236,*7E
$GPGSV,3,2,11,19,45,317,15,03,31,069,31,30,25,193,,11,16,226,*72
$GPGSV,3,3,11,24,08,310,,02,07,043,,07,04,169,18*43
$GPRMC,191726.000,A,2632.6927,N,07702.9438,W,0.18,208.32,220324,,,A*7A
$GPGGA,191731.000,2632.7015,N,07702.9381,W,1,03,7.2,25.1,M,-33.0,M,,0000*58
$GPGSA,A,2,17,03,19,,,,,,,,,,7.3,7.2,1.0*3E
$GPGSV,3,1,11,22,73,000,,14,73,105,,17,52,004,25,06,52,236,*7E
$GPGSV,3,2,11,19,45,317,15,03,31,069,31,30,25,193,,11,16,226,*72
$GPGSV,3,3,11,24,08,310,,02,07,043,,07,04,169,18*43
$GPRMC,191731.000,A,2632.7015,N,07702.9381,W,2.81,29.21,220324,,,A*41
$GPVTG,29.21,T,,M,2.81,N,5.2,K,N*36
$GPGGA,191736.000,2632.7080,N,07702.9365,W,1,03,7.2,26.1,M,-33.0,M,,0000*5A
$GPGSA,A,2,17,03,19,,,,,,,,,,7.3,7.2,1.0*3E
$GPGSV,3,1,11,22,73,000,,14,73,105,,17,52,004,25,06,52,236,*7E
$GPGSV,3,2,11,19,45,317,16,03,31,069,31,30,25,193,,11,16,226,*71
$GPGSV,3,3,11,24,08,310,,02,07,043,,07,04,169,18*43
$GPRMC,191736.000,A,2632.7080,N,07702.9365,W,4.44,356.08,220324,,,A*7F
$GPVTG,356.08,T,,M,4.44,N,8.2,K,N*04
$GPGGA,191741.000,2632.7079,N,07702.9380,W,6,00,50.0,26.8,M,-33.0,M,,0000*6A
$GPGSA,A,2,,,,,,,,,,,,,50.0,50.0,50.0*06
$GPGSV,3,1,11,22,73,000,,14,73,105,,17,52,004,25,06,52,236,*7E
$GPGSV,3,2,11,19,45,317,16,03,31,069,31,30,25,193,,11,16,226,*71
$GPGSV,3,3,11,24,08,310,,02,07,043,,07,04,169,18*43
$GPRMC,191741.000,A,2632.7079,N,07702.9380,W,2.06,352.05,220324,,,E*7F
$GPVTG,352.05,T,,M,2.06,N,3.8,K,N*0C
$GPGGA,191746.000,2632.6995,N,07702.9418,W,1,03,7.2,27.7,M,-33.0,M,,0000*5B
$GPGSA,A,2,17,03,19,,,,,,,,,,7.3,7.2,1.0*3E
$GPGSV,3,1,11,22,73,000,,14,73,105,,17,52,004,25,06,52,236,*7E
$GPGSV,3,2,11,19,45,317,16,03,31,069,31,30,25,193,,11,16,226,*71
$GPGSV,3,3,11,24,08,310,,02,07,043,,07,04,169,19*42
$GPVTG,190.78,T,,M,1.94,N,3.6,K,N*0C
$GPGGA,191751.000,2632.6996,N,07702.9402,W,6,00,50.0,28.2,M,-33.0,M,,0000*6B
$GPGSA,A,2,,,,,,,,,,,,,50.0,50.0,50.0*06
$GPGSV,3,1,11,22,73,000,,14,73,105,,17,52,004,25,06,52,236,*7E
$GPGSV,3,2,11,19,45,317,17,03,31,069,31,30,25,193,,11,16,226,*70
$GPGSV,3,3,11,24,08,310,,02,07,043,,07,04,169,18*43
$GPRMC,191751.000,A,2632.6996,N,07702.9402,W,0.98,195.29,220324,,,E*78
$GPVTG,195.29,T,,M,0.98,N,1.8,K,N*0C
$GPGGA,191756.000,2632.6888,N,07702.9461,W,1,03,7.3,28.8,M,-33.0,M,,0000*58
$GPGSA,A,2,17,03,19,,,,,,,,,,7.3,7.3,1.0*3F
$GPGSV,3,1,11,22,73,000,,14,73,105,,17,52,004,25,06,52,236,*7E
$GPGSV,3,2,11,19,45,317,17,03,31,069,31,30,25,193,,11,16,226,*70
$GPGSV,3,3,11,24,08,310,,02,07,043,,07,04,169,19*42
$GPRMC,191756.000,A,2632.6888,N,07702.9461,W,4.72,197.50,220324,,,A*7C
$GPVTG,197.50,T,,M,4.72,N,8.7,K,N*06
$GPGGA,191801.000,2632.6984,N,07702.9441,W,1,04,4.8,12.7,M,-33.0,M,,0000*53
$GPGSA,A,3,17,03,19,02,,,,,,,,,6.0,4.8,3.6*32
$GPGSV,3,1,11,22,73,000,,14,73,105,15,17,52,004,25,06,52,236,*7A
$GPGSV,3,2,11,19,45,317,17,03,31,069,31,30,25,193,,11,16,226,*70
$GPGSV,3,3,11,24,08,310,,02,07,043,13,07,04,169,19*40
$GPRMC,191801.000,A,2632.6984,N,07702.9441,W,0.70,190.31,220324,,,A*78
$GPVTG,190.31,T,,M,0.70,N,1.3,K,A*02
$GPGGA,191806.000,2632.7054,N,07702.9440,W,1,04,4.8,5.3,M,-33.0,M,,0000*62
$GPGSA,A,3,17,03,19,02,,,,,,,,,6.0,4.8,3.6*32
$GPGSV,3,1,11,22,73,000,,14,73,105,15,17,52,004,25,06,52,236,*7A
$GPGSV,3,2,11,19,45,317,17,03,31,069,30,30,25,193,,11,16,226,*71
$GPGSV,3,3,11,24,08,310,,02,07,043,13,07,04,169,19*40
$GPRMC,191806.000,A,2632.7054,N,07702.9440,W,2.14,212.77,220324,,,A*70
$GPVTG,212.77,T,,M,2.14,N,4.0,K,A*0F
$GPGGA,191811.000,2632.7049,N,07702.9426,W,1,04,4.8,17.2,M,-33.0,M,,0000*5A
$GPGSA,A,3,17,03,19,02,,,,,,,,,6.0,4.8,3.6*32
$GPGSV,3,1,11,22,73,000,,14,73,105,16,17,52,004,25,06,52,236,*79
$GPGSV,3,2,11,19,45,317,17,03,31,069,30,30,25,193,,11,16,226,*71
$GPGSV,3,3,11,24,08,310,,02,07,043,13,07,04,169,19*40
$GPVTG,4.59,T,,M,0.63,N,1.2,K,A*03
$GPGGA,191816.000,2632.7027,N,07702.9429,W,1,04,4.8,20.3,M,-33.0,M,,0000*5F
$GPGSA,A,3,17,03,19,02,,,,,,,,,6.0,4.8,3.6*32
$GPGSV,3,1,11,22,73,000,,14,73,105,16,17,52,004,25,06,52,236,*79
$GPGSV,3,2,11,19,45,317,17,03,31,069,30,30,25,193,,11,16,226,*71
$GPGSV,3,3,11,24,08,310,,02,07,043,14,07,04,169,19*47
$GPRMC,191816.000,A,2632.7027,N,07702.9429,W,2.33,195.61,220324,,,A*74
$GPVTG,195.61,T,,M,2.33,N,4.3,K,A*02
$GPGGA,191821.000,2632.6990,N,07702.9417,W,1,04,4.8,29.9,M,-33.0,M,,0000*51
$GPGSA,A,3,17,03,19,02,,,,,,,,,6.0,4.8,3.6*32
$GPGSV,3,1,11,22,73,000,,14,73,105,15,17,52,004,25,06,52,236,*7A
$GPGSV,3,2,11,19,45,317,16,03,31,069,30,30,25,193,,11,16,226,*70
$GPGSV,3,3,11,24,08,310,,02,07,043,13,07,04,169,19*40
$GPRMC,191821.000,A,2632.6990,N,07702.9417,W,3.70,189.81,220324,,,A*7C
$GPVTG,189.81,T,,M,3.70,N,6.8,K,A*0E
$GPGGA,191826.000,2632.7000,N,07702.9404,W,1,03,7.4,36.1,M,-33.0,M,,0000*5B
$GPGSA,A,2,17,03,19,,,,,,,,,,7.4,7.4,1.0*3F
$GPGSV,3,1,11,22,73,000,,14,73,105,16,17,52,004,25,06,52,236,*79
$GPGSV,3,2,11,19,45,317,17,03,31,069,30,30,25,193,,11,16,226,*71
$GPGSV,3,3,11,24,08,310,,02,07,043,,07,04,169,18*43
$GPRMC,191826.000,A,2632.7000,N,07702.9404,W,0.57,153.10,220324,,,A*71
$GPVTG,153.10,T,,M,0.57,N,1.1,K,A*09
$GPGGA,191831.000,2632.6966,N,07702.9409,W,1,03,7.4,32.1,M,-33.0,M,,0000*5C
$GPGSA,A,2,17,03,19,,,,,,,,,,7.4,7.4,1.0*3F
$GPGSV,3,1,11,22,73,000,,14,73,105,16,17,52,004,25,06,52,236,*79
$GPGSV,3,2,11,19,45,317,17,03,31,069,30,30,25,193,,11,16,226,*71
$GPGSV,3,3,11,24,08,310,,02,07,043,,07,04,169,17*4C
$GPRMC,191831.000,A,2632.6966,N,07702.9409,W,0.31,32.84,220324,,,A*49
$GPVTG,32.84,T,,M,0.31,N,0.6,K,A*34
$GPGGA,191836.000,2632.7001,N,07702.9372,W,1,03,7.4,33.6,M,-33.0,M,,0000*5F
$GPGSA,A,2,17,03,19,,,,,,,,,,7.5,7.4,1.0*3E
$GPGSV,3,1,11,22,73,000,,14,73,105,16,17,52,004,25,06,52,236,*79
$GPGSV,3,2,11,19,45,317,17,03,31,069,30,30,25,193,,11,16,226,*71
$GPGSV,3,3,11,24,08,310,,02,07,043,,07,04,169,17*4C
$GPRMC,191836.000,A,2632.7001,N,07702.9372,W,4.32,51.87,220324,,,A*4D
$GPGGA,191841.000,2632.7023,N,07702.9355,W,1,03,7.4,36.7,M,-33.0,M,,0000*5E
$GPGSA,A,2,17,03,19,,,,,,,,,,7.5,7.4,1.0*3E
$GPGSV,3,1,11,22,73,000,,14,73,105,16,17,52,004,25,06,52,236,*79
$GPGSV,3,2,11,19,45,317,16,03,31,069,30,30,25,193,,11,16,226,*70
$GPGSV,3,3,11,24,08,310,,02,07,043,,07,04,169,17*4C
$GPRMC,191841.000,A,2632.7023,N,07702.9355,W,1.98,8.01,220324,,,A*7F
$GPVTG,8.01,T,,M,1.98,N,3.7,K,N*0F
$GPGGA,191846.000,2632.7000,N,07702.9387,W,1,03,7.4,36.1,M,-33.0,M,,0000*51
$GPGSA,A,2,17,03,19,,,,,,,,,,7.5,7.4,1.0*3E
$GPGSV,3,1,11,22,73,000,,14,73,105,16,17,52,004,25,06,52,236,*79
$GPGSV,3,2,11,19,45,317,17,03,31,069,30,30,25,193,,11,16,226,*71
$GPGSV,3,3,11,24,08,310,,02,07,043,,07,04,169,16*4D
$GPRMC,191846.000,A,2632.7000,N,07702.9387,W,1.31,174.85,220324,,,A*73
$GPVTG,174.85,T,,M,1.31,N,2.4,K,A*07
$GPGGA,191851.000,2632.6977,N,07702.9409,W,1,03,7.4,34.2,M,-33.0,M,,0000*5F
$GPGSA,A,2,17,03,19,,,,,,,,,,7.5,7.4,1.0*3E
$GPGSV,3,1,11,22,73,000,,14,73,105,17,17,52,004,25,06,52,236,*78
$GPGSV,3,2,11,19,45,317,17,03,31,069,30,30,25,193,,11,16,226,*71
$GPGSV,3,3,11,24,08,310,,02,07,043,,07,04,169,15*4E
$GPRMC,191851.000,A,2632.6977,N,07702.9409,W,0.61,44.99,220324,,,A*47
$GPVTG,44.99,T,,M,0.61,N,1.1,K,A*3A
$GPGGA,191856.000,2632.6968,N,07702.9411,W,1,03,7.5,31.2,M,-33.0,M,,0000*5B
$GPGSA,A,2,17,03,19,,,,,,,,,,7.5,7.5,1.0*3F
$GPGSV,3,1,11,22,73,000,,14,73,105,16,17,52,004,25,06,52,236,*79
$GPGSV,3,2,11,19,45,317,16,03,31,069,30,30,25,193,,11,16,226,*70
$GPGSV,3,3,11,24,08,310,,02,07,043,,07,04,169,15*4E
$GPRMC,191856.000,A,2632.6968,N,07702.9411,W,0.30,304.78,220324,,,A*7B
$GPVTG,304.78,T,,M,0.30,N,0.6,K,A*00
$GPGGA,191901.000,2632.6938,N,07702.9427,W,1,03,7.5,29.3,M,-33.0,M,,0000*50
$GPGSA,A,2,17,03,19,,,,,,,,,,7.5,7.5,1.0*3F
$GPGSV,3,1,11,22,73,000,,14,73,105,16,17,52,004,25,06,52,236,*79
$GPGSV,3,2,11,19,45,317,17,03,31,069,30,30,25,193,,11,16,226,*71
$GPGSV,3,3,11,24,08,310,,02,07,043,,07,04,169,15*4E
$GPRMC,191901.000,A,2632.6938,N,07702.9427,W,2.20,203.21,220324,,,A*71
$GPGGA,191906.000,2632.6948,N,07702.9403,W,1,03,7.5,29.8,M,-33.0,M,,0000*5D
$GPGSA,A,2,17,03,19,,,,,,,,,,7.6,7.5,1.0*3C
$GPGSV,3,1,11,22,73,000,,14,73,105,16,17,52,004,25,06,52,236,*79
$GPGSV,3,2,11,19,45,317,16,03,31,069,31,30,25,193,,11,16,226,*71
$GPGSV,3,3,11,24,08,310,,02,07,043,,07,04,169,15*4E
$GPRMC,191906.000,A,2632.6948,N,07702.9403,W,2.08,63.60,220324,,,A*4C
$GPVTG,63.60,T,,M,2.08,N,3.9,K,N*31
$GPGGA,191911.000,2632.6925,N,07702.9418,W,1,03,7.5,28.2,M,-33.0,M,,0000*51
$GPGSA,A,2,17,03,19,,,,,,,,,,7.6,7.5,1.0*3C
$GPGSV,3,1,11,22,73,000,,14,73,105,16,17,52,004,25,06,52,236,*79
$GPGSV,3,2,11,19,45,317,16,03,31,069,31,30,25,193,,11,16,226,*71
$GPGSV,3,3,11,24,08,310,,02,07,043,,07,04,169,16*4D
$GPRMC,191911.000,A,2632.6925,N,07702.9418,W,0.62,116.65,220324,,,A*73
$GPVTG,116.65,T,,M,0.62,N,1.1,K,A*0C
$GPGGA,191916.000,2632.6926,N,07702.9416,W,1,03,7.5,28.5,M,-33.0,M,,0000*5C
$GPGSA,A,2,17,03,19,,,,,,,,,,7.6,7.5,1.0*3C
$GPGSV,3,1,11,22,75,003,,14,72,109,16,06,53,238,,17,52,006,26*7F
$GPGSV,3,2,11,19,46,319,16,03,30,068,31,30,24,192,,11,17,226,*7D
$GPGSV,3,3,11,24,09,309,,02,06,043,,07,03,169,17*43
$GPRMC,191916.000,A,2632.6926,N,07702.9416,W,0.57,180.75,220324,,,A*71
$GPVTG,180.75,T,,M,0.57,N,1.1,K,A*04
$GPGGA,191921.000,2632.6937,N,07702.9401,W,1,03,7.5,31.4,M,-33.0,M,,0000*57
$GPGSA,A,2,17,03,19,,,,,,,,,,7.6,7.5,1.0*3C
$GPGSV,3,1,11,22,75,003,,14,72,109,16,06,53,238,,17,52,006,26*7F
$GPGSV,3,2,11,19,46,319,16,03,30,068,31,30,24,192,,11,17,226,*7D
$GPGSV,3,3,11,24,09,309,,02,06,043,,07,03,169,17*43
$GPRMC,191921.000,A,2632.6937,N,07702.9401,W,0.98,260.12,220324,,,A*7C
$GPVTG,260.12,T,,M,0.98,N,1.8,K,A*02
$GPGGA,191926.000,2632.6968,N,07702.9398,W,1,03,7.6,31.9,M,-33.0,M,,0000*53
$GPGSA,A,2,17,03,19,,,,,,,,,,7.6,7.6,1.0*3F
$GPGSV,3,1,11,22,75,003,,14,72,109,15,06,53,238,,17,52,006,26*7C
$GPGSV,3,2,11,19,46,319,16,03,30,068,31,30,24,192,,11,17,226,*7D
$GPGSV,3,3,11,24,09,309,,02,06,043,,07,03,169,17*43
$GPRMC,191926.000,A,2632.6968,N,07702.9398,W,2.77,10.69,220324,,,A*4C
$GPGGA,191931.000,2632.7067,N,07702.9393,W,1,04,3.5,20.0,M,-33.0,M,,0000*50
$GPGSA,A,3,17,03,19,14,,,,,,,,,6.2,3.5,5.1*3C
$GPGSV,3,1,11,22,75,003,,14,72,109,14,06,53,238,,17,52,006,26*7D
$GPGSV,3,2,11,19,46,319,16,03,30,068,31,30,24,192,,11,17,226,*7D
$GPGSV,3,3,11,24,09,309,,02,06,043,,07,03,169,17*43
$GPRMC,191931.000,A,2632.7067,N,07702.9393,W,6.33,12.54,220324,,,A*4E
$GPVTG,12.54,T,,M,6.33,N,11.7,K,A*0E
$GPGGA,191936.000,2632.7130,N,07702.9371,W,1,03,7.6,18.6,M,-33.0,M,,0000*55
$GPGSA,A,2,17,03,19,,,,,,,,,,7.7,7.6,1.0*3E
$GPGSV,3,1,11,22,75,003,,14,72,109,13,06,53,238,,17,52,006,26*7A
$GPGSV,3,2,11,19,46,319,16,03,30,068,31,30,24,192,,11,17,226,*7D
$GPGSV,3,3,11,24,09,309,,02,06,043,,07,03,169,17*43
$GPRMC,191936.000,A,2632.7130,N,07702.9371,W,5.69,3.81,220324,,,A*72
$GPVTG,3.81,T,,M,5.69,N,10.5,K,A*39
$GPGGA,191941.000,2632.7151,N,07702.9375,W,1,03,2.9,16.8,M,-33.0,M,,0000*5C
$GPGSA,A,2,17,03,14,,,,,,,,,,3.0,2.9,1.0*3A
$GPGSV,3,1,11,22,75,003,,14,72,109,13,06,53,238,,17,52,006,26*7A
$GPGSV,3,2,11,19,46,319,16,03,30,068,31,30,24,192,,11,17,226,*7D
$GPGSV,3,3,11,24,09,309,,02,06,043,,07,03,169,17*43
$GPRMC,191941.000,A,2632.7151,N,07702.9375,W,1.79,357.74,220324,,,A*7C
$GPVTG,357.74,T,,M,1.79,N,3.3,K,A*00
$GPGGA,191946.000,2632.7139,N,07702.9375,W,1,03,7.6,9.3,M,-33.0,M,,0000*6A
$GPGSA,A,2,17,03,19,,,,,,,,,,7.7,7.6,1.0*3E
$GPGSV,3,1,11,22,75,003,,14,72,109,13,06,53,238,,17,52,006,26*7A
$GPGSV,3,2,11,19,46,319,17,03,30,068,31,30,24,192,,11,17,226,*7C
$GPGSV,3,3,11,24,09,309,,02,06,043,,07,03,169,17*43
$GPRMC,191946.000,A,2632.7139,N,07702.9375,W,0.10,221.70,220324,,,A*7F
$GPVTG,221.70,T,,M,0.10,N,0.2,K,A*08
$GPGGA,191951.000,2632.7136,N,07702.9386,W,1,03,7.6,4.8,M,-33.0,M,,0000*69
$GPGSA,A,2,17,03,19,,,,,,,,,,7.7,7.6,1.0*3E
$GPGSV,3,1,11,22,75,003,,14,72,109,13,06,53,238,,17,52,006,25*79
$GPGSV,3,2,11,19,46,319,17,03,30,068,31,30,24,192,,11,17,226,*7C
$GPGSV,3,3,11,24,09,309,,02,06,043,,07,03,169,18*4C
$GPRMC,191951.000,A,2632.7136,N,07702.9386,W,2.65,195.06,220324,,,A*77
$GPGGA,191956.000,2632.7095,N,07702.9397,W,1,03,7.7,1.2,M,-33.0,M,,0000*68
$GPGSA,A,2,17,03,19,,,,,,,,,,7.7,7.7,1.0*3F
$GPGSV,3,1,11,22,75,003,,14,72,109,13,06,53,238,,17,52,006,25*79
$GPGSV,3,2,11,19,46,319,18,03,30,068,31,30,24,192,,11,17,226,*73
$GPGSV,3,3,11,24,09,309,,02,06,043,,07,03,169,17*43
$GPRMC,191956.000,A,2632.7095,N,07702.9397,W,3.11,192.18,220324,,,A*72
$GPVTG,192.18,T,,M,3.11,N,5.8,K,A*00
$GPGGA,192001.000,2632.7066,N,07702.9419,W,6,00,50.0,-2.0,M,-33.0,M,,0000*70
$GPGSA,A,2,,,,,,,,,,,,,50.0,50.0,50.0*06
$GPGSV,3,1,11,22,75,003,,14,72,109,,06,53,238,,17,52,006,25*7B
$GPGSV,3,2,11,19,46,319,18,03,30,068,31,30,24,192,,11,17,226,*73
$GPGSV,3,3,11,24,09,309,,02,06,043,,07,03,169,17*43
$GPRMC,192001.000,A,2632.7066,N,07702.9419,W,2.86,196.46,220324,,,E*73
$GPVTG,196.46,T,,M,2.86,N,5.3,K,N*04
$GPGGA,192006.000,2632.7046,N,07702.9432,W,6,00,50.0,-1.4,M,-33.0,M,,0000*7B
$GPGSA,A,2,,,,,,,,,,,,,50.0,50.0,50.0*06
$GPGSV,3,1,11,22,75,003,,14,72,109,,06,53,238,,17,52,006,25*7B
$GPGSV,3,2,11,19,46,319,18,03,30,068,31,30,24,192,,11,17,226,*73
$GPGSV,3,3,11,24,09,309,,02,06,043,,07,03,169,17*43
$GPRMC,192006.000,A,2632.7046,N,07702.9432,W,1.81,183.41,220324,,,E*78
$GPVTG,183.41,T,,M,1.81,N,3.4,K,N*02
$GPGGA,192011.000,2632.7067,N,07702.9408,W,1,03,7.7,1.8,M,-33.0,M,,0000*67
$GPGSA,A,2,17,03,19,,,,,,,,,,7.8,7.7,1.0*30
$GPGSV,3,1,11,22,75,003,,14,72,109,,06,53,238,,17,52,006,25*7B
$GPGSV,3,2,11,19,46,319,18,03,30,068,31,30,24,192,,11,17,226,*73
$GPGSV,3,3,11,24,09,309,,02,06,043,,07,03,169,16*42
$GPVTG,238.99,T,,M,1.03,N,1.9,K,N*01
$GPGGA,192016.000,2632.7128,N,07702.9394,W,1,03,7.7,3.6,M,-33.0,M,,0000*64
$GPGSA,A,2,17,03,19,,,,,,,,,,7.8,7.7,1.0*30
$GPGSV,3,1,11,22,75,003,,14,72,109,,06,53,238,,17,52,006,25*7B
$GPGSV,3,2,11,19,46,319,18,03,30,068,30,30,24,192,,11,17,226,*72
$GPGSV,3,3,11,24,09,309,,02,06,043,,07,03,169,16*42
$GPRMC,192016.000,A,2632.7128,N,07702.9394,W,1.08,47.85,220324,,,A*4F
$GPVTG,47.85,T,,M,1.08,N,2.0,K,N*37
$GPGGA,192021.000,2632.7120,N,07702.9390,W,1,03,7.7,3.9,M,-33.0,M,,0000*63
$GPGSA,A,2,17,03,19,,,,,,,,,,7.8,7.7,1.0*30
$GPGSV,3,1,11,22,75,003,,14,72,109,,06,53,238,,17,52,006,25*7B
$GPGSV,3,2,11,19,46,319,18,03,30,068,30,30,24,192,,11,17,226,*72
$GPGSV,3,3,11,24,09,309,,02,06,043,,07,03,169,15*41
$GPRMC,192021.000,A,2632.7120,N,07702.9390,W,0.39,355.00,220324,,,A*79
$GPVTG,355.00,T,,M,0.39,N,0.7,K,N*0C
$GPGGA,192026.000,2632.7211,N,07702.9361,W,1,03,7.8,4.5,M,-33.0,M,,0000*6F
$GPGSA,A,2,17,03,19,,,,,,,,,,7.8,7.8,1.0*3F
$GPGSV,3,1,11,22,75,003,,14,72,109,,06,53,238,,17,52,006,24*7A
$GPGSV,3,2,11,19,46,319,18,03,30,068,30,30,24,192,,11,17,226,*72
$GPGSV,3,3,11,24,09,309,,02,06,043,,07,03,169,15*41
$GPRMC,192026.000,A,2632.7211,N,07702.9361,W,2.51,22.24,220324,,,A*48
$GPVTG,22.24,T,,M,2.51,N,4.7,K,N*31
$GPGGA,192031.000,2632.7275,N,07702.9340,W,1,03,7.8,5.0,M,-33.0,M,,0000*6C
$GPGSA,A,2,17,03,19,,,,,,,,,,7.8,7.8,1.0*3F
$GPGSV,3,1,11,22,75,003,,14,72,109,,06,53,238,,17,52,006,24*7A
$GPGSV,3,2,11,19,46,319,18,03,30,068,30,30,24,192,,11,17,226,*72
$GPGSV,3,3,11,24,09,309,,02,06,043,,07,03,169,14*40
$GPRMC,192031.000,A,2632.7275,N,07702.9340,W,2.82,1.77,220324,,,A*76
$GPVTG,1.77,T,,M,2.82,N,5.2,K,N*0C
$GPGGA,192036.000,2632.7345,N,07702.9318,W,1,03,7.8,5.5,M,-33.0,M,,0000*61
$GPGSA,A,2,17,03,19,,,,,,,,,,7.9,7.8,1.0*3E
$GPGSV,3,1,11,22,75,003,,14,72,109,,06,53,238,,17,52,006,24*7A
$GPGSV,3,2,11,19,46,319,18,03,30,068,30,30,24,192,,11,17,226,*72
$GPGSV,3,3,11,24,09,309,,02,06,043,,07,03,169,*45
$GPRMC,192036.000,A,2632.7345,N,07702.9318,W,3.67,20.67,220324,,,A*46
$GPGGA,192041.000,2632.7393,N,07702.9298,W,6,00,50.0,5.7,M,-33.0,M,,0000*5F
$GPGSA,A,2,,,,,,,,,,,,,50.0,50.0,50.0*06
$GPGSV,3,1,11,22,75,003,,14,72,109,,06,53,238,,17,52,006,24*7A
$GPGSV,3,2,11,19,46,319,18,03,30,068,30,30,24,192,,11,17,226,*72
$GPGSV,3,3,11,24,09,309,,02,06,043,,07,03,169,*45
$GPRMC,192041.000,A,2632.7393,N,07702.9298,W,3.67,20.67,220324,,,E*40
$GPVTG,20.67,T,,M,3.67,N,6.8,K,N*3D
$GPGGA,192046.000,2632.7414,N,07702.9297,W,1,03,7.8,5.9,M,-33.0,M,,0000*6F
$GPGSA,A,2,17,03,19,,,,,,,,,,7.9,7.8,1.0*3E
$GPGSV,3,1,11,22,75,003,,14,72,109,,06,53,238,,17,52,006,24*7A
$GPGSV,3,2,11,19,46,319,18,03,30,068,30,30,24,192,,11,17,226,*72
$GPGSV,3,3,11,24,09,309,,02,06,043,,07,03,169,*45
$GPRMC,192046.000,A,2632.7414,N,07702.9297,W,2.61,26.57,220324,,,A*46
$GPVTG,26.57,T,,M,2.61,N,4.8,K,N*3D
$GPGGA,192051.000,2632.7244,N,07702.9337,W,1,03,7.9,6.7,M,-33.0,M,,0000*6D
$GPGSA,A,2,17,03,19,,,,,,,,,,7.9,7.9,1.0*3F
$GPGSV,3,1,11,22,75,003,,14,72,109,,06,53,238,,17,52,006,24*7A
$GPGSV,3,2,11,19,46,319,18,03,30,068,30,30,24,192,,11,17,226,*72
$GPGSV,3,3,11,24,09,309,,02,06,043,,07,03,169,*45
$GPRMC,192051.000,A,2632.7244,N,07702.9337,W,3.34,183.77,220324,,,A*75
$GPVTG,183.77,T,,M,3.34,N,6.2,K,N*08
$GPGGA,192056.000,2632.7141,N,07702.9368,W,1,03,7.9,7.4,M,-33.0,M,,0000*64
$GPGSA,A,2,17,03,19,,,,,,,,,,7.9,7.9,1.0*3F
$GPGSV,3,1,11,22,75,003,,14,72,109,,06,53,238,,17,52,006,23*7D
$GPGSV,3,2,11,19,46,319,17,03,30,068,30,30,24,192,,11,17,226,*7D
$GPGSV,3,3,11,24,09,309,,02,06,043,,07,03,169,*45
$GPVTG,185.49,T,,M,4.45,N,8.2,K,N*0C
$GPGGA,192101.000,2632.6983,N,07702.9427,W,1,03,7.9,8.2,M,-33.0,M,,0000*65
$GPGSA,A,2,17,03,19,,,,,,,,,,8.0,7.9,1.0*39
$GPGSV,3,1,11,22,75,003,,14,72,109,,06,53,238,,17,52,006,23*7D
$GPGSV,3,2,11,19,46,319,17,03,30,068,29,30,24,192,,11,17,226,*75
$GPGSV,3,3,11,24,09,309,,02,06,043,,07,03,169,*45
$GPRMC,192101.000,A,2632.6983,N,07702.9427,W,8.58,197.93,220324,,,A*78
$GPVTG,197.93,T,,M,8.58,N,15.9,K,N*3F
$GPGGA,192106.000,2632.6887,N,07702.9482,W,1,03,7.9,9.0,M,-33.0,M,,0000*6B
$GPGSA,A,2,17,03,19,,,,,,,,,,8.0,7.9,1.0*39
$GPGSV,3,1,11,22,75,003,,14,72,109,,06,53,238,,17,52,006,23*7D
$GPGSV,3,2,11,19,46,319,17,03,30,068,29,30,24,192,,11,17,226,*75
$GPGSV,3,3,11,24,09,309,,02,06,043,,07,03,169,*45
$GPRMC,192106.000,A,2632.6887,N,07702.9482,W,8.06,198.35,220324,,,A*7D
$GPVTG,198.35,T,,M,8.06,N,14.9,K,N*36
$GPGGA,192111.000,2632.6826,N,07702.9479,W,1,03,7.9,9.6,M,-33.0,M,,0000*64
$GPGSA,A,2,17,03,19,,,,,,,,,,8.0,7.9,1.0*39
$GPGSV,3,1,11,22,75,003,,14,72,109,,06,53,238,,17,52,006,23*7D
$GPGSV,3,2,11,19,46,319,17,03,30,068,29,30,24,192,,11,17,226,*75
$GPGSV,3,3,11,24,09,309,,02,06,043,,07,03,169,*45
$GPRMC,192111.000,A,2632.6826,N,07702.9479,W,5.89,189.41,220324,,,A*7D
$GPVTG,189.41,T,,M,5.89,N,10.9,K,N*3B
$GPGGA,192116.000,2632.6792,N,07702.9472,W,1,03,8.0,10.2,M,-33.0,M,,0000*52
$GPGSA,A,2,17,03,19,,,,,,,,,,8.0,8.0,1.0*3F
$GPGSV,3,1,11,22,75,003,,14,72,109,,06,53,238,,17,52,006,23*7D
$GPGSV,3,2,11,19,46,319,17,03,30,068,29,30,24,192,,11,17,226,*75
$GPGSV,3,3,11,24,09,309,,02,06,043,,07,03,169,*45
$GPRMC,192116.000,A,2632.6792,N,07702.9472,W,3.40,199.36,220324,,,A*73
$GPVTG,199.36,T,,M,3.40,N,6.3,K,N*04
$GPGGA,192121.000,2632.6962,N,07702.9441,W,1,03,8.0,11.0,M,-33.0,M,,0000*54
$GPGSA,A,2,17,03,19,,,,,,,,,,8.0,8.0,1.0*3F
$GPGSV,3,1,11,22,75,003,,14,72,109,,06,53,238,,17,52,006,23*7D
$GPGSV,3,2,11,19,46,319,18,03,30,068,29,30,24,192,,11,17,226,*7A
$GPGSV,3,3,11,24,09,309,,02,06,043,,07,03,169,*45
$GPRMC,192121.000,A,2632.6962,N,07702.9441,W,2.55,11.25,220324,,,A*40
$GPGGA,192126.000,2632.7057,N,07702.9396,W,1,03,8.0,11.8,M,-33.0,M,,0000*58
$GPGSA,A,2,17,03,19,,,,,,,,,,8.1,8.0,1.0*3E
$GPGSV,3,1,11,22,75,003,,14,72,109,,06,53,238,,17,52,006,22*7C
$GPGSV,3,2,11,19,46,319,18,03,30,068,29,30,24,192,,11,17,226,*7A
$GPGSV,3,3,11,24,09,309,,02,06,043,,07,03,169,*45
$GPRMC,192126.000,A,2632.7057,N,07702.9396,W,3.40,27.94,220324,,,A*4E
$GPVTG,27.94,T,,M,3.40,N,6.3,K,N*38
$GPGGA,192131.000,2632.7131,N,07702.9359,W,1,03,8.0,12.4,M,-33.0,M,,0000*53
$GPGSA,A,2,17,03,19,,,,,,,,,,8.1,8.0,1.0*3E
$GPGSV,3,1,11,22,75,003,,14,72,109,,06,53,238,,17,52,006,22*7C
$GPGSV,3,2,11,19,46,319,19,03,30,068,29,30,24,192,,11,17,226,*7B
$GPGSV,3,3,11,24,09,309,,02,06,043,,07,03,169,*45
$GPRMC,192131.000,A,2632.7131,N,07702.9359,W,4.08,20.29,220324,,,A*40
$GPVTG,20.29,T,,M,4.08,N,7.6,K,N*36
$GPGGA,192136.000,2632.7019,N,07702.9367,W,1,03,8.0,13.1,M,-33.0,M,,0000*56
$GPGSA,A,2,17,03,19,,,,,,,,,,8.1,8.0,1.0*3E
$GPGSV,3,1,11,22,75,003,,14,72,109,,06,53,238,,17,52,006,22*7C
$GPGSV,3,2,11,19,46,319,19,03,30,068,29,30,24,192,,11,17,226,*7B
$GPGSV,3,3,11,24,09,309,,02,06,043,,07,03,169,*45
$GPRMC,192136.000,A,2632.7019,N,07702.9367,W,1.26,178.12,220324,,,A*7C
$GPVTG,178.12,T,,M,1.26,N,2.3,K,N*0B
$GPGGA,192141.000,2632.7075,N,07702.9355,W,1,03,8.0,13.9,M,-33.0,M,,0000*55
$GPGSA,A,2,17,03,19,,,,,,,,,,8.1,8.0,1.0*3E
$GPGSV,3,1,11,22,75,003,,14,72,109,,06,53,238,,17,52,006,21*7F
$GPGSV,3,2,11,19,46,319,20,03,30,068,29,30,24,192,,11,17,226,*71
$GPGSV,3,3,11,24,09,309,,02,06,043,,07,03,169,*45
$GPRMC,192141.000,A,2632.7075,N,07702.9355,W,1.71,3.19,220324,,,A*73
$GPVTG,3.19,T,,M,1.71,N,3.2,K,N*0F
$GPGGA,192146.000,2632.7264,N,07702.9324,W,1,03,8.1,14.8,M,-33.0,M,,0000*51
$GPGSA,A,2,17,03,19,,,,,,,,,,8.1,8.1,1.0*3F
$GPGSV,3,1,11,22,75,003,,14,72,109,,06,53,238,,17,52,006,20*7E
$GPGSV,3,2,11,19,46,319,20,03,30,068,29,30,24,192,,11,17,226,*71
$GPGSV,3,3,11,24,09,309,,02,06,043,,07,03,169,*45
$GPRMC,192146.000,A,2632.7264,N,07702.9324,W,4.92,3.61,220324,,,A*77
$GPGGA,192151.000,2632.7406,N,07702.9291,W,1,03,8.1,15.6,M,-33.0,M,,0000*55
$GPGSA,A,2,17,03,19,,,,,,,,,,8.2,8.1,1.0*3C
$GPGSV,3,1,11,22,75,003,,14,72,109,,06,53,238,,17,52,006,20*7E
$GPGSV,3,2,11,19,46,319,21,03,30,068,29,30,24,192,,11,17,226,*70
$GPGSV,3,3,11,24,09,309,,02,06,043,,07,03,169,*45
$GPRMC,192151.000,A,2632.7406,N,07702.9291,W,5.40,8.89,220324,,,A*7F
$GPVTG,8.89,T,,M,5.40,N,10.0,K,N*3B
$GPGGA,192156.000,2632.7234,N,07702.9321,W,1,03,8.1,16.3,M,-33.0,M,,0000*59
$GPGSA,A,2,17,03,19,,,,,,,,,,8.2,8.1,1.0*3C
$GPGSV,3,1,11,22,75,003,,14,72,109,,06,53,238,,17,52,006,19*74
$GPGSV,3,2,11,19,46,319,21,03,30,068,29,30,24,192,,11,17,226,*70
$GPGSV,3,3,11,24,09,309,,02,06,043,,07,03,169,*45
$GPRMC,192156.000,A,2632.7234,N,07702.9321,W,1.91,204.53,220324,,,A*74
$GPVTG,204.53,T,,M,1.91,N,3.5,K,N*0D
$GPGGA,192201.000,2632.7268,N,07702.9304,W,1,03,8.1,17.0,M,-33.0,M,,0000*54
$GPGSA,A,2,17,03,19,,,,,,,,,,8.2,8.1,1.0*3C
$GPGSV,3,1,11,22,75,003,,14,72,109,,06,53,238,,17,52,006,19*74
$GPGSV,3,2,11,19,46,319,21,03,30,068,29,30,24,192,,11,17,226,*70
$GPGSV,3,3,11,24,09,309,,02,06,043,,07,03,169,*45
$GPRMC,192201.000,A,2632.7268,N,07702.9304,W,0.89,25.50,220324,,,A*41
$GPVTG,25.50,T,,M,0.89,N,1.6,K,N*36
$GPGGA,192206.000,2632.7289,N,07702.9312,W,1,03,8.1,17.8,M,-33.0,M,,0000*53
$GPGSA,A,2,17,03,19,,,,,,,,,,8.2,8.1,1.0*3C
$GPGSV,3,1,11,22,75,003,,14,72,109,,06,53,238,,17,52,006,18*75
$GPGSV,3,2,11,19,46,319,21,03,30,068,29,30,24,192,,11,17,226,*70
$GPGSV,3,3,11,24,09,309,,02,06,043,,07,03,169,*45
$GPVTG,28.16,T,,M,0.91,N,1.7,K,N*31
$GPGGA,192211.000,2632.7341,N,07702.9311,W,1,03,8.2,18.5,M,-33.0,M,,0000*52
$GPGSA,A,2,17,03,19,,,,,,,,,,8.2,8.2,1.0*3F
$GPGSV,3,1,11,22,75,003,,14,72,109,,06,53,238,,17,52,006,18*75
$GPGSV,3,2,11,19,46,319,21,03,30,068,29,30,24,192,,11,17,226,*70
$GPGSV,3,3,11,24,09,309,,02,06,043,,07,03,169,*45
$GPRMC,192211.000,A,2632.7341,N,07702.9311,W,3.02,3.94,220324,,,A*72
$GPVTG,3.94,T,,M,3.02,N,5.6,K,N*0E
$GPGGA,192216.000,2632.7346,N,07702.9302,W,1,03,8.2,19.1,M,-33.0,M,,0000*55
$GPGSA,A,2,17,03,19,,,,,,,,,,8.3,8.2,1.0*3E
$GPGSV,3,1,11,22,76,006,,14,71,113,,06,54,240,,17,52,008,18*7D
$GPGSV,3,2,11,19,46,321,20,03,30,066,29,30,23,191,,11,18,227,*7E
$GPGSV,3,3,11,24,09,308,,02,05,044,,07,02,168,*40
$GPRMC,192216.000,A,2632.7346,N,07702.9302,W,0.63,22.78,220324,,,A*45
$GPVTG,22.78,T,,M,0.63,N,1.2,K,N*3B
$GPGGA,192221.000,2632.7094,N,07702.9359,W,1,03,8.2,19.7,M,-33.0,M,,0000*55
$GPGSA,A,2,17,03,19,,,,,,,,,,8.3,8.2,1.0*3E
$GPGSV,3,1,11,22,76,006,,14,71,113,,06,54,240,,17,52,008,18*7D
$GPGSV,3,2,11,19,46,321,20,03,30,066,29,30,23,191,,11,18,227,*7E
$GPGSV,3,3,11,24,09,308,,02,05,044,,07,02,168,*40
$GPRMC,192221.000,A,2632.7094,N,07702.9359,W,7.74,195.08,220324,,,A*78
$GPVTG,195.08,T,,M,7.74,N,14.3,K,N*35
$GPGGA,192226.000,2632.6924,N,07702.9365,W,1,03,8.2,20.0,M,-33.0,M,,0000*53
$GPGSA,A,2,17,03,19,,,,,,,,,,8.3,8.2,1.0*3E
$GPGSV,3,1,11,22,76,006,,14,71,113,,06,54,240,,17,52,008,18*7D
$GPGSV,3,2,11,19,46,321,20,03,30,066,29,30,23,191,,11,18,227,*7E
$GPGSV,3,3,11,24,09,308,,02,05,044,,07,02,168,*40
$GPRMC,192226.000,A,2632.6924,N,07702.9365,W,9.64,189.70,220324,,,A*7E
$GPVTG,189.70,T,,M,9.64,N,17.9,K,N*31
$GPGGA,192231.000,2632.7014,N,07702.9351,W,1,03,8.3,20.7,M,-33.0,M,,0000*5F
$GPGSA,A,2,17,03,19,,,,,,,,,,8.3,8.3,1.0*3F
$GPGSV,3,1,11,22,76,006,,14,71,113,,06,54,240,,17,52,008,17*72
$GPGSV,3,2,11,19,46,321,20,03,30,066,30,30,23,191,,11,18,227,*76
$GPGSV,3,3,11,24,09,308,,02,05,044,,07,02,168,*40
$GPRMC,192231.000,A,2632.7014,N,07702.9351,W,0.81,189.46,220324,,,A*73
$GPGGA,192236.000,2632.7008,N,07702.9364,W,1,03,8.3,21.4,M,-33.0,M,,0000*51
$GPGSA,A,2,17,03,19,,,,,,,,,,8.3,8.3,1.0*3F
$GPGSV,3,1,11,22,76,006,,14,71,113,,06,54,240,,17,52,008,17*72
$GPGSV,3,2,11,19,46,321,19,03,30,066,30,30,23,191,,11,18,227,*7C
$GPGSV,3,3,11,24,09,308,,02,05,044,,07,02,168,*40
$GPRMC,192236.000,A,2632.7008,N,07702.9364,W,3.30,3.78,220324,,,A*78
$GPVTG,3.78,T,,M,3.30,N,6.1,K,N*09
$GPGGA,192241.000,2632.6853,N,07702.9417,W,1,03,8.3,22.1,M,-33.0,M,,0000*53
$GPGSA,A,2,17,03,19,,,,,,,,,,8.4,8.3,1.0*38
$GPGSV,3,1,11,22,76,006,,14,71,113,,06,54,240,,17,52,008,17*72
$GPGSV,3,2,11,19,46,321,19,03,30,066,30,30,23,191,,11,18,227,*7C
$GPGSV,3,3,11,24,09,308,,02,05,044,,07,02,168,*40
$GPRMC,192241.000,A,2632.6853,N,07702.9417,W,4.27,192.62,220324,,,A*7F
$GPVTG,192.62,T,,M,4.27,N,7.9,K,N*03
$GPGGA,192246.000,2632.6919,N,07702.9392,W,1,03,8.3,22.6,M,-33.0,M,,0000*56
$GPGSA,A,2,17,03,19,,,,,,,,,,8.4,8.3,1.0*38
$GPGSV,3,1,11,22,76,006,,14,71,113,,06,54,240,,17,52,008,17*72
$GPGSV,3,2,11,19,46,321,19,03,30,066,30,30,23,191,,11,18,227,*7C
$GPGSV,3,3,11,24,09,308,,02,05,044,,07,02,168,*40
$GPRMC,192246.000,A,2632.6919,N,07702.9392,W,1.17,79.18,220324,,,A*42
$GPVTG,79.18,T,,M,1.17,N,2.2,K,N*32
$GPGGA,192251.000,2632.6894,N,07702.9384,W,6,00,50.0,23.1,M,-33.0,M,,0000*6F
$GPGSA,A,2,,,,,,,,,,,,,50.0,50.0,50.0*06
$GPGSV,3,1,11,22,76,006,,14,71,113,,06,54,240,,17,52,008,17*72
$GPGSV,3,2,11,19,46,321,18,03,30,066,30,30,23,191,,11,18,227,*7D
$GPGSV,3,3,11,24,09,308,,02,05,044,,07,02,168,*40
$GPVTG,105.04,T,,M,0.86,N,1.6,K,N*0B
$GPGGA,192256.000,2632.6943,N,07702.9391,W,1,03,8.4,23.6,M,-33.0,M,,0000*5D
$GPGSA,A,2,17,03,19,,,,,,,,,,8.4,8.4,1.0*3F
$GPGSV,3,1,11,22,76,006,,14,71,113,,06,54,240,,17,52,008,16*73
$GPGSV,3,2,11,19,46,321,18,03,30,066,29,30,23,191,,11,18,227,*75
$GPGSV,3,3,11,24,09,308,,02,05,044,,07,02,168,*40
$GPRMC,192256.000,A,2632.6943,N,07702.9391,W,4.13,1.16,220324,,,A*7F
$GPVTG,1.16,T,,M,4.13,N,7.7,K,N*02
$GPGGA,192301.000,2632.7168,N,07702.9360,W,6,00,50.0,24.1,M,-33.0,M,,0000*6D
$GPGSA,A,2,,,,,,,,,,,,,50.0,50.0,50.0*06
$GPGSV,3,1,11,22,76,006,,14,71,113,,06,54,240,,17,52,008,15*70
$GPGSV,3,2,11,19,46,321,18,03,30,066,30,30,23,191,,11,18,227,*7D
$GPGSV,3,3,11,24,09,308,,02,05,044,,07,02,168,16*47
$GPRMC,192301.000,A,2632.7168,N,07702.9360,W,10.62,9.47,220324,,,E*49
$GPVTG,9.47,T,,M,10.62,N,19.7,K,N*02
$GPGGA,192306.000,2632.7374,N,07702.9339,W,1,03,8.4,24.6,M,-33.0,M,,0000*53
$GPGSA,A,2,17,03,19,,,,,,,,,,8.5,8.4,1.0*3E
$GPGSV,3,1,11,22,76,006,,14,71,113,,06,54,240,,17,52,008,14*71
$GPGSV,3,2,11,19,46,321,18,03,30,066,30,30,23,191,,11,18,227,*7D
$GPGSV,3,3,11,24,09,308,,02,05,044,,07,02,168,17*46
$GPRMC,192306.000,A,2632.7374,N,07702.9339,W,11.48,8.43,220324,,,A*45
$GPVTG,8.43,T,,M,11.48,N,21.3,K,N*01
$GPGGA,192311.000,2632.7532,N,07702.9313,W,6,00,50.0,24.7,M,-33.0,M,,0000*65
$GPGSA,A,2,,,,,,,,,,,,,50.0,50.0,50.0*06
$GPGSV,3,1,11,22,76,006,,14,71,113,,06,54,240,,17,52,008,*74
$GPGSV,3,2,11,19,46,321,18,03,30,066,30,30,23,191,,11,18,227,*7D
$GPGSV,3,3,11,24,09,308,,02,05,044,,07,02,168,17*46
$GPRMC,192311.000,A,2632.7532,N,07702.9313,W,11.48,8.43,220324,,,E*4B
$GPVTG,8.43,T,,M,11.48,N,21.3,K,N*01
$GPGGA,192316.000,2632.7691,N,07702.9287,W,6,00,50.0,24.9,M,-33.0,M,,0000*6A
$GPGSA,A,2,,,,,,,,,,,,,50.0,50.0,50.0*06
$GPGSV,3,1,11,22,76,006,,14,71,113,,06,54,240,,17,52,008,*74
$GPGSV,3,2,11,19,46,321,18,03,30,066,30,30,23,191,,11,18,227,*7D
$GPGSV,3,3,11,24,09,308,,02,05,044,,07,02,168,17*46
$GPRMC,192316.000,A,2632.7691,N,07702.9287,W,11.48,8.43,220324,,,E*4A
$GPGGA,192346.000,2632.7925,N,07702.9251,W,1,03,8.6,25.6,M,-33.0,M,,0000*55
$GPGSA,A,2,17,03,19,,,,,,,,,,8.6,8.6,1.0*3F
$GPGSV,3,1,11,22,76,006,,14,71,113,,06,54,240,,17,52,008,16*73
$GPGSV,3,2,11,19,46,321,19,03,30,066,29,30,23,191,,11,18,227,*74
$GPGSV,3,3,11,24,09,308,,02,05,044,,07,02,168,*40
$GPRMC,192346.000,A,2632.7925,N,07702.9251,W,0.88,354.36,220324,,,A*74
$GPVTG,354.36,T,,M,0.88,N,1.6,K,N*02
$GPGGA,192351.000,2632.7415,N,07702.9293,W,1,03,8.6,26.5,M,-33.0,M,,0000*53
$GPGSA,A,2,17,03,19,,,,,,,,,,8.7,8.6,1.0*3E
$GPGSV,3,1,11,22,76,006,,14,71,113,,06,54,240,,17,52,008,16*73
$GPGSV,3,2,11,19,46,321,19,03,30,066,29,30,23,191,,11,18,227,*74
$GPGSV,3,3,11,24,09,308,,02,05,044,,07,02,168,*40
$GPRMC,192351.000,A,2632.7415,N,07702.9293,W,9.69,181.35,220324,,,A*7D
$GPVTG,181.35,T,,M,9.69,N,17.9,K,N*35
$GPGGA,192356.000,2632.7098,N,07702.9354,W,1,03,8.6,27.4,M,-33.0,M,,0000*5F
$GPGSA,A,2,17,03,19,,,,,,,,,,8.7,8.6,1.0*3E
$GPGSV,3,1,11,22,76,006,,14,71,113,,06,54,240,,17,52,008,17*72
$GPGSV,3,2,11,19,46,321,19,03,30,066,29,30,23,191,,11,18,227,*74
$GPGSV,3,3,11,24,09,308,,02,05,044,,07,02,168,*40
$GPRMC,192356.000,A,2632.7098,N,07702.9354,W,11.67,190.85,220324,,,A*4D
$GPVTG,190.85,T,,M,11.67,N,21.6,K,N*03
$GPGGA,192401.000,2632.6932,N,07702.9395,W,6,00,50.0,27.6,M,-33.0,M,,0000*62
$GPGSA,A,2,,,,,,,,,,,,,50.0,50.0,50.0*06
$GPGSV,3,1,11,22,76,006,,14,71,113,,06,54,240,,17,52,008,18*7D
$GPGSV,3,2,11,19,46,321,19,03,30,066,29,30,23,191,,11,18,227,*74
$GPGSV,3,3,11,24,09,308,,02,05,044,,07,02,168,*40
$GPRMC,192401.000,A,2632.6932,N,07702.9395,W,11.54,193.66,220324,,,E*47
$GPVTG,193.66,T,,M,11.54,N,21.4,K,N*0F
$GPGGA,192406.000,2632.6788,N,07702.9406,W,1,03,8.7,28.3,M,-33.0,M,,0000*53
$GPGSA,A,2,17,03,19,,,,,,,,,,8.7,8.7,1.0*3F
$GPGSV,3,1,11,22,76,006,,14,71,113,,06,54,240,,17,52,008,18*7D
$GPGSV,3,2,11,19,46,321,20,03,30,066,29,30,23,191,,11,18,227,*7E
$GPGSV,3,3,11,24,09,308,,02,05,044,,07,02,168,*40
$GPRMC,192406.000,A,2632.6788,N,07702.9406,W,9.75,193.88,220324,,,A*7C
$GPGGA,192411.000,2632.6698,N,07702.9434,W,1,03,8.7,29.1,M,-33.0,M,,0000*57
$GPGSA,A,2,17,03,19,,,,,,,,,,8.8,8.7,1.0*30
$GPGSV,3,1,11,22,76,006,,14,71,113,,06,54,240,,17,52,008,18*7D
$GPGSV,3,2,11,19,46,321,20,03,30,066,29,30,23,191,,11,18,227,*7E
$GPGSV,3,3,11,24,09,308,,02,05,044,,07,02,168,17*46
$GPRMC,192411.000,A,2632.6698,N,07702.9434,W,6.67,194.81,220324,,,A*79
$GPVTG,194.81,T,,M,6.67,N,12.3,K,N*30
$GPGGA,192416.000,2632.6779,N,07702.9407,W,1,03,8.7,29.8,M,-33.0,M,,0000*57
$GPGSA,A,2,17,03,19,,,,,,,,,,8.8,8.7,1.0*30
$GPGSV,3,1,11,22,76,006,,14,71,113,,06,54,240,,17,52,008,19*7C
$GPGSV,3,2,11,19,46,321,20,03,30,066,29,30,23,191,,11,18,227,*7E
$GPGSV,3,3,11,24,09,308,,02,05,044,,07,02,168,16*47
$GPRMC,192416.000,A,2632.6779,N,07702.9407,W,0.68,32.69,220324,,,A*42
$GPVTG,32.69,T,,M,0.68,N,1.3,K,N*30
$GPGGA,192421.000,2632.6740,N,07702.9417,W,1,03,8.7,30.4,M,-33.0,M,,0000*5C
$GPGSA,A,2,17,03,19,,,,,,,,,,8.8,8.7,1.0*30
$GPGSV,3,1,11,22,76,006,,14,71,113,,06,54,240,,17,52,008,19*7C
$GPGSV,3,2,11,19,46,321,20,03,30,066,29,30,23,191,,11,18,227,*7E
$GPGSV,3,3,11,24,09,308,,02,05,044,,07,02,168,17*46
$GPRMC,192421.000,A,2632.6740,N,07702.9417,W,1.40,214.09,220324,,,A*76
$GPVTG,214.09,T,,M,1.40,N,2.6,K,N*0D
$GPGGA,192426.000,2632.6848,N,07702.9395,W,1,03,8.8,31.0,M,-33.0,M,,0000*5B
$GPGSA,A,2,17,03,19,,,,,,,,,,8.8,8.8,1.0*3F
$GPGSV,3,1,11,22,76,006,,14,71,113,,06,54,240,,17,52,008,19*7C
$GPGSV,3,2,11,19,46,321,20,03,30,066,29,30,23,191,,11,18,227,*7E
$GPGSV,3,3,11,24,09,308,,02,05,044,,07,02,168,17*46
$GPVTG,20.17,T,,M,3.56,N,6.6,K,N*36
$GPGGA,192431.000,2632.6795,N,07702.9406,W,1,03,8.8,31.5,M,-33.0,M,,0000*5A
$GPGSA,A,2,17,03,19,,,,,,,,,,8.9,8.8,1.0*3E
$GPGSV,3,1,11,22,76,006,,14,71,113,,06,54,240,,17,52,008,20*76
$GPGSV,3,2,11,19,46,321,21,03,30,066,29,30,23,191,,11,18,227,*7F
$GPGSV,3,3,11,24,09,308,,02,05,044,,07,02,168,17*46
$GPRMC,192431.000,A,2632.6795,N,07702.9406,W,1.77,194.32,220324,,,A*78
$GPVTG,194.32,T,,M,1.77,N,3.3,K,N*0E
$GPGGA,192436.000,2632.6755,N,07702.9411,W,1,03,8.8,31.9,M,-33.0,M,,0000*5B
$GPGSA,A,2,17,03,19,,,,,,,,,,8.9,8.8,1.0*3E
$GPGSV,3,1,11,22,76,006,,14,71,113,,06,54,240,,17,52,008,20*76
$GPGSV,3,2,11,19,46,321,20,03,30,066,29,30,23,191,,11,18,227,*7E
$GPGSV,3,3,11,24,09,308,,02,05,044,,07,02,168,16*47
$GPRMC,192436.000,A,2632.6755,N,07702.9411,W,2.79,206.74,220324,,,A*72
$GPVTG,206.74,T,,M,2.79,N,5.2,K,N*0E
$GPGGA,192441.000,2632.6911,N,07702.9392,W,1,03,8.8,32.6,M,-33.0,M,,0000*55
$GPGSA,A,2,17,03,19,,,,,,,,,,8.9,8.8,1.0*3E
$GPGSV,3,1,11,22,76,006,,14,71,113,,06,54,240,,17,52,008,20*76
$GPGSV,3,2,11,19,46,321,21,03,30,066,29,30,23,191,,11,18,227,*7F
$GPGSV,3,3,11,24,09,308,,02,05,044,,07,02,168,*40
$GPRMC,192441.000,A,2632.6911,N,07702.9392,W,5.09,3.65,220324,,,A*77
$GPVTG,3.65,T,,M,5.09,N,9.4,K,N*03
$GPGGA,192446.000,2632.6869,N,07702.9400,W,1,03,8.9,32.8,M,-33.0,M,,0000*5F
$GPGSA,A,2,17,03,19,,,,,,,,,,8.9,8.9,1.0*3F
$GPGSV,3,1,11,22,76,006,,14,71,113,,06,54,240,,17,52,008,20*76
$GPGSV,3,2,11,19,46,321,21,03,30,066,29,30,23,191,,11,18,227,*7F
$GPGSV,3,3,11,24,09,308,,02,05,044,,07,02,168,*40
$GPRMC,192446.000,A,2632.6869,N,07702.9400,W,2.95,11.17,220324,,,A*46
$GPVTG,11.17,T,,M,2.95,N,5.5,K,N*3A
$GPGGA,192451.000,2632.6888,N,07702.9390,W,1,03,8.9,33.1,M,-33.0,M,,0000*50
$GPGSA,A,2,17,03,19,,,,,,,,,,8.9,8.9,1.0*3F
$GPGSV,3,1,11,22,76,006,,14,71,113,,06,54,240,,17,52,008,20*76
$GPGSV,3,2,11,19,46,321,21,03,30,066,29,30,23,191,,11,18,227,*7F
$GPGSV,3,3,11,24,09,308,,02,05,044,,07,02,168,*40
$GPRMC,192451.000,A,2632.6888,N,07702.9390,W,0.84,117.98,220324,,,A*73
$GPGGA,192456.000,2632.6709,N,07702.9425,W,1,03,8.9,33.2,M,-33.0,M,,0000*5B
$GPGSA,A,2,17,03,19,,,,,,,,,,9.0,8.9,1.0*37
$GPGSV,3,1,11,22,76,006,,14,71,113,,06,54,240,,17,52,008,20*76
$GPGSV,3,2,11,19,46,321,21,03,30,066,29,30,23,191,,11,18,227,*7F
$GPGSV,3,3,11,24,09,308,,02,05,044,,07,02,168,18*49
$GPRMC,192456.000,A,2632.6709,N,07702.9425,W,5.30,194.56,220324,,,A*78
$GPVTG,194.56,T,,M,5.30,N,9.8,K,N*0A
$GPGGA,192501.000,2632.6867,N,07702.9395,W,1,03,8.9,33.5,M,-33.0,M,,0000*54
$GPGSA,A,2,17,03,19,,,,,,,,,,9.0,8.9,1.0*37
$GPGSV,3,1,11,22,76,006,,14,71,113,,06,54,240,,17,52,008,21*77
$GPGSV,3,2,11,19,46,321,21,03,30,066,29,30,23,191,,11,18,227,*7F
$GPGSV,3,3,11,24,09,308,,02,05,044,,07,02,168,17*46
$GPRMC,192501.000,A,2632.6867,N,07702.9395,W,2.53,7.70,220324,,,A*7D
$GPVTG,7.70,T,,M,2.53,N,4.7,K,N*05
$GPGGA,192506.000,2632.6878,N,07702.9404,W,1,03,9.0,33.8,M,-33.0,M,,0000*57
$GPGSA,A,2,17,03,19,,,,,,,,,,9.0,9.0,1.0*3F
$GPGSV,3,1,11,22,76,006,,14,71,113,,06,54,240,,17,52,008,21*77
$GPGSV,3,2,11,19,46,321,21,03,30,066,29,30,23,191,,11,18,227,*7F
$GPGSV,3,3,11,24,09,308,,02,05,044,,07,02,168,17*46
$GPRMC,192506.000,A,2632.6878,N,07702.9404,W,1.15,29.96,220324,,,A*4E
$GPVTG,29.96,T,,M,1.15,N,2.1,K,N*30
$GPGGA,192511.000,2632.6918,N,07702.9385,W,1,03,9.0,34.0,M,-33.0,M,,0000*57
$GPGSA,A,2,17,03,19,,,,,,,,,,9.1,9.0,1.0*3E
$GPGSV,3,1,11,22,76,006,,14,71,113,,06,54,240,,17,52,008,21*77
$GPGSV,3,2,11,19,46,321,21,03,30,066,29,30,23,191,,11,18,227,*7F
$GPGSV,3,3,11,24,09,308,,02,05,044,,07,02,168,17*46
$GPRMC,192511.000,A,2632.6918,N,07702.9385,W,2.03,29.12,220324,,,A*49
$GPVTG,29.12,T,,M,2.03,N,3.8,K,N*30
$GPGGA,192516.000,2632.7030,N,07702.9365,W,1,03,9.0,34.2,M,-33.0,M,,0000*5E
$GPGSA,A,2,17,03,19,,,,,,,,,,9.1,9.0,1.0*3E
$GPGSV,3,1,11,22,77,009,,14,70,116,,06,55,242,,17,52,010,21*77
$GPGSV,3,2,11,19,47,323,22,03,30,065,29,30,22,191,,11,19,228,*73
$GPGSV,3,3,11,24,10,307,,02,04,044,,07,01,168,16*42
$GPRMC,192516.000,A,2632.7030,N,07702.9365,W,3.87,15.17,220324,,,A*45
$GPGGA,192521.000,2632.7086,N,07702.9349,W,1,03,9.0,34.4,M,-33.0,M,,0000*5F
$GPGSA,A,2,17,03,19,,,,,,,,,,9.1,9.0,1.0*3E
$GPGSV,3,1,11,22,77,009,,14,70,116,,06,55,242,,17,52,010,21*77
$GPGSV,3,2,11,19,47,323,22,03,30,065,29,30,22,191,,11,19,228,*73
$GPGSV,3,3,11,24,10,307,,02,04,044,,07,01,168,14*40
$GPRMC,192521.000,A,2632.7086,N,07702.9349,W,4.39,23.79,220324,,,A*4D
$GPVTG,23.79,T,,M,4.39,N,8.1,K,N*3A
$GPGGA,192526.000,2632.7109,N,07702.9338,W,1,03,9.1,34.6,M,-33.0,M,,0000*5B
$GPGSA,A,2,17,03,19,,,,,,,,,,9.1,9.1,1.0*3F
$GPGSV,3,1,11,22,77,009,,14,70,116,,06,55,242,,17,52,010,21*77
$GPGSV,3,2,11,19,47,323,22,03,30,065,29,30,22,191,,11,19,228,*73
$GPGSV,3,3,11,24,10,307,,02,04,044,,07,01,168,*45
$GPRMC,192526.000,A,2632.7109,N,07702.9338,W,1.89,6.95,220324,,,A*71
$GPVTG,6.95,T,,M,1.89,N,3.5,K,N*0E
$GPGGA,192531.000,2632.7009,N,07702.9370,W,1,03,9.1,34.7,M,-33.0,M,,0000*51
$GPGSA,A,2,17,03,19,,,,,,,,,,9.2,9.1,1.0*3C
$GPGSV,3,1,11,22,77,009,,14,70,116,,06,55,242,,17,52,010,22*74
$GPGSV,3,2,11,19,47,323,21,03,30,065,29,30,22,191,,11,19,228,*70
$GPGSV,3,3,11,24,10,307,,02,04,044,,07,01,168,*45
$GPRMC,192531.000,A,2632.7009,N,07702.9370,W,2.70,190.91,220324,,,A*75
$GPVTG,190.91,T,,M,2.70,N,5.0,K,N*02
$GPGGA,192536.000,2632.6986,N,07702.9375,W,1,03,9.1,34.8,M,-33.0,M,,0000*53
$GPGSA,A,2,17,03,19,,,,,,,,,,9.2,9.1,1.0*3C
$GPGSV,3,1,11,22,77,009,,14,70,116,,06,55,242,,17,52,010,22*74
$GPGSV,3,2,11,19,47,323,22,03,30,065,29,30,22,191,,11,19,228,*73
$GPGSV,3,3,11,24,10,307,,02,04,044,,07,01,168,*45
$GPVTG,182.56,T,,M,1.59,N,2.9,K,N*0C
$GPGGA,192541.000,2632.6900,N,07702.9392,W,1,03,9.2,34.8,M,-33.0,M,,0000*57
$GPGSA,A,2,17,03,19,,,,,,,,,,9.2,9.2,1.0*3F
$GPGSV,3,1,11,22,77,009,,14,70,116,,06,55,242,,17,52,010,21*77
$GPGSV,3,2,11,19,47,323,22,03,30,065,29,30,22,191,,11,19,228,*73
$GPGSV,3,3,11,24,10,307,,02,04,044,,07,01,168,*45
$GPRMC,192541.000,A,2632.6900,N,07702.9392,W,2.65,196.29,220324,,,A*7E
$GPVTG,196.29,T,,M,2.65,N,4.9,K,N*0B
$GPGGA,192546.000,2632.6812,N,07702.9405,W,1,03,9.2,34.9,M,-33.0,M,,0000*5A
$GPGSA,A,2,17,03,19,,,,,,,,,,9.2,9.2,1.0*3F
$GPGSV,3,1,11,22,77,009,,14,70,116,,06,55,242,,17,52,010,21*77
$GPGSV,3,2,11,19,47,323,21,03,30,065,29,30,22,191,,11,19,228,*70
$GPGSV,3,3,11,24,10,307,,02,04,044,,07,01,168,*45
$GPRMC,192546.000,A,2632.6812,N,07702.9405,W,4.26,189.32,220324,,,A*77
$GPVTG,189.32,T,,M,4.26,N,7.9,K,N*0D
$GPGGA,192551.000,2632.6800,N,07702.9394,W,1,03,9.2,35.0,M,-33.0,M,,0000*58
$GPGSA,A,2,17,03,19,,,,,,,,,,9.3,9.2,1.0*3E
$GPGSV,3,1,11,22,77,009,,14,70,116,,06,55,242,,17,52,010,22*74
$GPGSV,3,2,11,19,47,323,21,03,30,065,29,30,22,191,,11,19,228,*70
$GPGSV,3,3,11,24,10,307,,02,04,044,,07,01,168,*45
$GPRMC,192551.000,A,2632.6800,N,07702.9394,W,0.94,153.76,220324,,,A*77
$GPVTG,153.76,T,,M,0.94,N,1.7,K,N*0F
$GPGGA,192556.000,2632.6839,N,07702.9393,W,1,03,9.2,35.2,M,-33.0,M,,0000*50
$GPGSA,A,2,17,03,19,,,,,,,,,,9.3,9.2,1.0*3E
$GPGSV,3,1,11,22,77,009,,14,70,116,,06,55,242,,17,52,010,22*74
$GPGSV,3,2,11,19,47,323,21,03,30,065,29,30,22,191,,11,19,228,*70
$GPGSV,3,3,11,24,10,307,,02,04,044,,07,01,168,*45
$GPRMC,192556.000,A,2632.6839,N,07702.9393,W,0.80,91.30,220324,,,A*45
$GPVTG,91.30,T,,M,0.80,N,1.5,K,N*35
$GPGGA,192601.000,2632.6869,N,07702.9388,W,1,03,9.3,35.4,M,-33.0,M,,0000*59
$GPGSA,A,2,17,03,19,,,,,,,,,,9.3,9.3,1.0*3F
$GPGSV,3,1,11,22,77,009,,14,70,116,,06,55,242,,17,52,010,22*74
$GPGSV,3,2,11,19,47,323,21,03,30,065,29,30,22,191,,11,19,228,*70
$GPGSV,3,3,11,24,10,307,,02,04,044,,07,01,168,*45
$GPRMC,192601.000,A,2632.6869,N,07702.9388,W,2.02,4.27,220324,,,A*79
$GPGGA,192606.000,2632.6805,N,07702.9412,W,1,03,9.3,35.5,M,-33.0,M,,0000*51
$GPGSA,A,2,17,03,19,,,,,,,,,,9.3,9.3,1.0*3F
$GPGSV,3,1,11,22,77,009,,14,70,116,,06,55,242,,17,52,010,22*74
$GPGSV,3,2,11,19,47,323,21,03,30,065,29,30,22,191,,11,19,228,*70
$GPGSV,3,3,11,24,10,307,,02,04,044,,07,01,168,*45
$GPRMC,192606.000,A,2632.6805,N,07702.9412,W,1.09,195.15,220324,,,A*70
$GPVTG,195.15,T,,M,1.09,N,2.0,K,N*01
$GPGGA,192611.000,2632.6908,N,07702.9394,W,1,03,9.3,35.7,M,-33.0,M,,0000*50
$GPGSA,A,2,17,03,19,,,,,,,,,,9.4,9.3,1.0*38
$GPGSV,3,1,11,22,77,009,,14,70,116,,06,55,242,,17,52,010,21*77
$GPGSV,3,2,11,19,47,323,21,03,30,065,29,30,22,191,,11,19,228,*70
$GPGSV,3,3,11,24,10,307,,02,04,044,,07,01,168,*45
$GPRMC,192611.000,A,2632.6908,N,07702.9394,W,2.39,7.20,220324,,,A*7F
$GPVTG,7.20,T,,M,2.39,N,4.4,K,N*0F
$GPGGA,192616.000,2632.6889,N,07702.9401,W,1,03,9.3,35.8,M,-33.0,M,,0000*5B
$GPGSA,A,2,17,03,19,,,,,,,,,,9.4,9.3,1.0*38
$GPGSV,3,1,11,22,77,009,,14,70,116,,06,55,242,,17,52,010,21*77
$GPGSV,3,2,11,19,47,323,21,03,30,065,29,30,22,191,,11,19,228,*70
$GPGSV,3,3,11,24,10,307,,02,04,044,,07,01,168,13*47
$GPRMC,192616.000,A,2632.6889,N,07702.9401,W,0.98,146.69,220324,,,A*7B
$GPVTG,146.69,T,,M,0.98,N,1.8,K,N*06
$GPGGA,192621.000,2632.6854,N,07702.9388,W,1,03,9.4,35.7,M,-33.0,M,,0000*51
$GPGSA,A,2,17,03,19,,,,,,,,,,9.4,9.4,1.0*3F
$GPGSV,3,1,11,22,77,009,,14,70,116,,06,55,242,,17,52,010,21*77
$GPGSV,3,2,11,19,47,323,20,03,30,065,29,30,22,191,,11,19,228,*71
$GPGSV,3,3,11,24,10,307,,02,04,044,,07,01,168,*45
$GPRMC,192621.000,A,2632.6854,N,07702.9388,W,1.59,135.59,220324,,,A*72
$GPVTG,135.59,T,,M,1.59,N,2.9,K,N*0F
$GPGGA,192626.000,2632.6944,N,07702.9369,W,1,03,9.4,35.8,M,-33.0,M,,0000*56
$GPGSA,A,2,17,03,19,,,,,,,,,,9.5,9.4,1.0*3E
$GPGSV,3,1,11,22,77,009,,14,70,116,,06,55,242,,17,52,010,21*77
$GPGSV,3,2,11,19,47,323,20,03,30,065,29,30,22,191,,11,19,228,*71
$GPGSV,3,3,11,24,10,307,,02,04,044,,07,01,168,*45
$GPRMC,192626.000,A,2632.6944,N,07702.9369,W,2.61,12.62,220324,,,A*4E
$GPGGA,192631.000,2632.7028,N,07702.9348,W,1,03,9.4,35.9,M,-33.0,M,,0000*50
$GPGSA,A,2,17,03,19,,,,,,,,,,9.5,9.4,1.0*3E
$GPGSV,3,1,11,22,77,009,,14,70,116,,06,55,242,,17,52,010,21*77
$GPGSV,3,2,11,19,47,323,20,03,30,065,29,30,22,191,,11,19,228,*71
$GPGSV,3,3,11,24,10,307,,02,04,044,,07,01,168,*45
$GPRMC,192631.000,A,2632.7028,N,07702.9348,W,4.34,13.37,220324,,,A*4E
$GPVTG,13.37,T,,M,4.34,N,8.0,K,N*3F
$GPGGA,192636.000,2632.6919,N,07702.9369,W,1,03,9.5,35.9,M,-33.0,M,,0000*5F
$GPGSA,A,2,17,03,19,,,,,,,,,,9.5,9.5,1.0*3F
$GPGSV,3,1,11,22,77,009,,14,70,116,,06,55,242,,17,52,010,20*76
$GPGSV,3,2,11,19,47,323,20,03,30,065,29,30,22,191,,11,19,228,*71
$GPGSV,3,3,11,24,10,307,,02,04,044,,07,01,168,*45
$GPRMC,192636.000,A,2632.6919,N,07702.9369,W,0.24,265.24,220324,,,A*74
$GPVTG,265.24,T,,M,0.24,N,0.4,K,N*07
$GPGGA,192641.000,2632.6781,N,07702.9404,W,1,03,9.5,35.9,M,-33.0,M,,0000*5C
$GPGSA,A,2,17,03,19,,,,,,,,,,9.5,9.5,1.0*3F
$GPGSV,3,1,11,22,77,009,,14,70,116,,06,55,242,,17,52,010,20*76
$GPGSV,3,2,11,19,47,323,20,03,30,065,29,30,22,191,,11,19,228,*71
$GPGSV,3,3,11,24,10,307,,02,04,044,,07,01,168,*45
$GPRMC,192641.000,A,2632.6781,N,07702.9404,W,5.20,189.31,220324,,,A*73
$GPVTG,189.31,T,,M,5.20,N,9.6,K,N*08
$GPGGA,192646.000,2632.6794,N,07702.9391,W,1,03,9.5,35.9,M,-33.0,M,,0000*54
$GPGSA,A,2,17,03,19,,,,,,,,,,9.6,9.5,1.0*3C
$GPGSV,3,1,11,22,77,009,,14,70,116,,06,55,242,,17,52,010,20*76
$GPGSV,3,2,11,19,47,323,19,03,30,065,29,30,22,191,,11,19,228,*7B
$GPGSV,3,3,11,24,10,307,,02,04,044,,07,01,168,*45
$GPVTG,205.82,T,,M,1.82,N,3.4,K,N*03
$GPGGA,192651.000,2632.6725,N,07702.9409,W,1,03,9.5,35.9,M,-33.0,M,,0000*5E
$GPGSA,A,2,17,03,19,,,,,,,,,,9.6,9.5,1.0*3C
$GPGSV,3,1,11,22,77,009,,14,70,116,,06,55,242,,17,52,010,20*76
$GPGSV,3,2,11,19,47,323,20,03,30,065,29,30,22,191,,11,19,228,*71
$GPGSV,3,3,11,24,10,307,,02,04,044,,07,01,168,*45
$GPRMC,192651.000,A,2632.6725,N,07702.9409,W,3.13,212.16,220324,,,A*73
$GPVTG,212.16,T,,M,3.13,N,5.8,K,N*08
$GPGGA,192656.000,2632.6688,N,07702.9436,W,1,03,9.6,36.1,M,-33.0,M,,0000*5B
$GPGSA,A,2,17,03,19,,,,,,,,,,9.6,9.6,1.0*3F
$GPGSV,3,1,11,22,77,009,,14,70,116,,06,55,242,,17,52,010,20*76
$GPGSV,3,2,11,19,47,323,19,03,30,065,29,30,22,191,,11,19,228,*7B
$GPGSV,3,3,11,24,10,307,,02,04,044,,07,01,168,*45
$GPRMC,192656.000,A,2632.6688,N,07702.9436,W,1.24,208.71,220324,,,A*72
$GPVTG,208.71,T,,M,1.24,N,2.3,K,N*08
$GPGGA,192701.000,2632.6621,N,07702.9459,W,1,03,9.6,36.2,M,-33.0,M,,0000*51
$GPGSA,A,2,17,03,19,,,,,,,,,,9.7,9.6,1.0*3E
$GPGSV,3,1,11,22,77,009,,14,70,116,,06,55,242,,17,52,010,19*7C
$GPGSV,3,2,11,19,47,323,20,03,30,065,29,30,22,191,,11,19,228,*71
$GPGSV,3,3,11,24,10,307,,02,04,044,,07,01,168,*45
$GPRMC,192701.000,A,2632.6621,N,07702.9459,W,2.99,188.05,220324,,,A*76
$GPVTG,188.05,T,,M,2.99,N,5.5,K,N*04
$GPGGA,192706.000,2632.6659,N,07702.9458,W,1,03,9.6,36.3,M,-33.0,M,,0000*59
$GPGSA,A,2,17,03,19,,,,,,,,,,9.7,9.6,1.0*3E
$GPGSV,3,1,11,22,77,009,,14,70,116,,06,55,242,,17,52,010,19*7C
$GPGSV,3,2,11,19,47,323,19,03,30,065,29,30,22,191,,11,19,228,*7B
$GPGSV,3,3,11,24,10,307,,02,04,044,,07,01,168,*45
$GPRMC,192706.000,A,2632.6659,N,07702.9458,W,0.15,269.55,220324,,,A*70
$GPVTG,269.55,T,,M,0.15,N,0.3,K,N*08
$GPGGA,192711.000,2632.6698,N,07702.9443,W,6,00,50.0,36.4,M,-33.0,M,,0000*61
$GPGSA,A,2,,,,,,,,,,,,,50.0,50.0,50.0*06
$GPGSV,3,1,11,22,77,009,,14,70,116,,06,55,242,,17,52,010,18*7D
$GPGSV,3,2,11,19,47,323,19,03,30,065,29,30,22,191,,11,19,228,*7B
$GPGSV,3,3,11,24,10,307,,02,04,044,,07,01,168,*45
$GPRMC,192711.000,A,2632.6698,N,07702.9443,W,1.09,27.02,220324,,,E*43
$GPGGA,192716.000,2632.6502,N,07702.9467,W,1,03,9.7,36.3,M,-33.0,M,,0000*58
$GPGSA,A,2,17,03,19,,,,,,,,,,9.7,9.7,1.0*3F
$GPGSV,3,1,11,22,77,009,,14,70,116,,06,55,242,,17,52,010,18*7D
$GPGSV,3,2,11,19,47,323,19,03,30,065,29,30,22,191,,11,19,228,*7B
$GPGSV,3,3,11,24,10,307,,02,04,044,,07,01,168,*45
$GPRMC,192716.000,A,2632.6502,N,07702.9467,W,6.36,176.20,220324,,,A*78
$GPVTG,176.20,T,,M,6.36,N,11.8,K,N*3B
$GPGGA,192721.000,2632.6545,N,07702.9457,W,6,00,50.0,36.4,M,-33.0,M,,0000*64
$GPGSA,A,2,,,,,,,,,,,,,50.0,50.0,50.0*06
$GPGSV,3,1,11,22,77,009,,14,70,116,,06,55,242,,17,52,010,17*72
$GPGSV,3,2,11,19,47,323,19,03,30,065,29,30,22,191,,11,19,228,*7B
$GPGSV,3,3,11,24,10,307,,02,04,044,,07,01,168,*45
$GPRMC,192721.000,A,2632.6545,N,07702.9457,W,1.03,236.45,220324,,,E*7D
$GPVTG,236.45,T,,M,1.03,N,1.9,K,N*0E
$GPGGA,192726.000,2632.6598,N,07702.9446,W,6,00,50.0,36.5,M,-33.0,M,,0000*62
$GPGSA,A,2,,,,,,,,,,,,,50.0,50.0,50.0*06
$GPGSV,3,1,11,22,77,009,,14,70,116,,06,55,242,,17,52,010,16*73
$GPGSV,3,2,11,19,47,323,19,03,30,065,29,30,22,191,,11,19,228,*7B
$GPGSV,3,3,11,24,10,307,,02,04,044,,07,01,168,*45
$GPRMC,192726.000,A,2632.6598,N,07702.9446,W,1.15,13.26,220324,,,E*4D
$GPVTG,13.26,T,,M,1.15,N,2.1,K,N*32
$GPGGA,192731.000,2632.6564,N,07702.9454,W,1,03,9.8,36.5,M,-33.0,M,,0000*54
$GPGSA,A,2,17,03,19,,,,,,,,,,9.8,9.8,1.0*3F
$GPGSV,3,1,11,22,77,009,,14,70,116,,06,55,242,,17,52,010,15*70
$GPGSV,3,2,11,19,47,323,19,03,30,065,29,30,22,191,,11,19,228,*7B
$GPGSV,3,3,11,24,10,307,,02,04,044,,07,01,168,*45
$GPRMC,192731.000,A,2632.6564,N,07702.9454,W,1.56,150.17,220324,,,A*7C
$GPVTG,150.17,T,,M,1.56,N,2.9,K,N*09
$GPGGA,192736.000,2632.6539,N,07702.9460,W,1,03,9.8,36.5,M,-33.0,M,,0000*5C
$GPGSA,A,2,17,03,19,,,,,,,,,,9.9,9.8,1.0*3E
$GPGSV,3,1,11,22,77,009,,14,70,116,,06,55,242,,17,52,010,14*71
$GPGSV,3,2,11,19,47,323,19,03,30,065,29,30,22,191,,11,19,228,*7B
$GPGSV,3,3,11,24,10,307,,02,04,044,,07,01,168,*45
$GPRMC,192736.000,A,2632.6539,N,07702.9460,W,1.33,217.72,220324,,,A*74
$GPGGA,192741.000,2632.6659,N,07702.9423,W,1,03,9.9,36.5,M,-33.0,M,,0000*5F
$GPGSA,A,2,17,03,19,,,,,,,,,,9.9,9.9,1.0*3F
$GPGSV,3,1,11,22,77,009,,14,70,116,,06,55,242,,17,52,010,14*71
$GPGSV,3,2,11,19,47,323,19,03,30,065,30,30,22,191,,11,19,228,*73
$GPGSV,3,3,11,24,10,307,,02,04,044,,07,01,168,*45
$GPRMC,192741.000,A,2632.6659,N,07702.9423,W,3.17,16.00,220324,,,A*44
$GPVTG,16.00,T,,M,3.17,N,5.9,K,N*3C
$GPGGA,192746.000,2632.6651,N,07702.9413,W,1,03,9.9,36.4,M,-33.0,M,,0000*52
$GPGSA,A,2,17,03,19,,,,,,,,,,9.9,9.9,1.0*3F
$GPGSV,3,1,11,22,77,009,,14,70,116,,06,55,242,,17,52,010,14*71
$GPGSV,3,2,11,19,47,323,19,03,30,065,30,30,22,191,,11,19,228,*73
$GPGSV,3,3,11,24,10,307,,02,04,044,,07,01,168,*45
$GPRMC,192746.000,A,2632.6651,N,07702.9413,W,3.89,13.61,220324,,,A*4D
$GPVTG,13.61,T,,M,3.89,N,7.2,K,N*30
$GPGGA,192751.000,2632.6745,N,07702.9401,W,1,03,9.9,36.5,M,-33.0,M,,0000*52
$GPGSA,A,2,17,03,19,,,,,,,,,,10.0,9.9,1.0*0E
$GPGSV,3,1,11,22,77,009,,14,70,116,,06,55,242,,17,52,010,13*76
$GPGSV,3,2,11,19,47,323,19,03,30,065,30,30,22,191,,11,19,228,*73
$GPGSV,3,3,11,24,10,307,,02,04,044,,07,01,168,*45
$GPRMC,192751.000,A,2632.6745,N,07702.9401,W,5.01,4.53,220324,,,A*7D
$GPVTG,4.53,T,,M,5.01,N,9.3,K,N*0E
$GPGGA,192756.000,2632.6572,N,07702.9456,W,1,03,10.0,36.5,M,-33.0,M,,0000*60
$GPGSA,A,2,17,03,19,,,,,,,,,,10.0,10.0,1.0*3F
$GPGSV,3,1,11,22,77,009,,14,70,116,,06,55,242,,17,52,010,14*71
$GPGSV,3,2,11,19,47,323,19,03,30,065,30,30,22,191,,11,19,228,*73
$GPGSV,3,3,11,24,10,307,,02,04,044,,07,01,168,*45
$GPVTG,207.93,T,,M,2.48,N,4.6,K,N*01
$GPGGA,192801.000,2632.6646,N,07702.9441,W,1,03,10.0,36.6,M,-33.0,M,,0000*6C
$GPGSA,A,2,17,03,19,,,,,,,,,,10.0,10.0,1.0*3F
$GPGSV,3,1,11,22,77,009,,14,70,116,,06,55,242,,17,52,010,14*71
$GPGSV,3,2,11,19,47,323,19,03,30,065,30,30,22,191,,11,19,228,*73
$GPGSV,3,3,11,24,10,307,,02,04,044,,07,01,168,*45
$GPRMC,192801.000,A,2632.6646,N,07702.9441,W,1.77,58.51,220324,,,A*4F
$GPVTG,58.51,T,,M,1.77,N,3.3,K,N*3A
$GPGGA,192806.000,2632.6844,N,07702.9388,W,1,03,10.0,36.8,M,-33.0,M,,0000*6B
$GPGSA,A,2,17,03,19,,,,,,,,,,10.1,10.0,1.0*3E
$GPGSV,3,1,11,22,77,009,,14,70,116,,06,55,242,,17,52,010,13*76
$GPGSV,3,2,11,19,47,323,19,03,30,065,30,30,22,191,,11,19,228,*73
$GPGSV,3,3,11,24,10,307,,02,04,044,,07,01,168,*45
$GPRMC,192806.000,A,2632.6844,N,07702.9388,W,5.32,24.69,220324,,,A*43
$GPVTG,24.69,T,,M,5.32,N,9.9,K,N*3F
$GPGGA,192811.000,2632.6939,N,07702.9379,W,1,03,10.1,37.0,M,-33.0,M,,0000*60
$GPGSA,A,2,17,03,19,,,,,,,,,,10.1,10.1,1.0*3F
$GPGSV,3,1,11,22,77,009,,14,70,116,,06,55,242,,17,52,010,13*76
$GPGSV,3,2,11,19,47,323,19,03,30,065,30,30,22,191,,11,19,228,*73
$GPGSV,3,3,11,24,10,307,,02,04,044,,07,01,168,*45
$GPRMC,192811.000,A,2632.6939,N,07702.9379,W,4.61,8.45,220324,,,A*77
$GPVTG,8.45,T,,M,4.61,N,8.5,K,N*05
$GPGGA,192816.000,2632.6998,N,07702.9381,W,6,00,50.0,37.0,M,-33.0,M,,0000*6A
$GPGSA,A,2,,,,,,,,,,,,,50.0,50.0,50.0*06
$GPGSV,3,1,11,22,78,013,,14,69,120,,06,56,244,,17,51,012,*79
$GPGSV,3,2,11,19,47,325,19,03,29,063,30,30,21,190,,11,21,229,*73
$GPGSV,3,3,11,24,10,306,,02,03,045,,07,00,167,*4C
$GPRMC,192816.000,A,2632.6998,N,07702.9381,W,3.92,8.34,220324,,,E*75
$GPVTG,8.34,T,,M,3.92,N,7.3,K,N*01
$GPGGA,192821.000,2632.7052,N,07702.9372,W,6,00,50.0,37.0,M,-33.0,M,,0000*6C
$GPGSA,A,2,,,,,,,,,,,,,50.0,50.0,50.0*06
$GPGSV,3,1,11,22,78,013,,14,69,120,,06,56,244,,17,51,012,*79
$GPGSV,3,2,11,19,47,325,19,03,29,063,30,30,21,190,,11,21,229,*73
$GPGSV,3,3,11,24,10,306,,02,03,045,,07,00,167,*4C
$GPRMC,192821.000,A,2632.7052,N,07702.9372,W,3.92,8.34,220324,,,E*73
$GPGGA,192826.000,2632.7106,N,07702.9363,W,6,00,50.0,37.0,M,-33.0,M,,0000*6B
$GPGSA,A,2,,,,,,,,,,,,,50.0,50.0,50.0*06
$GPGSV,3,1,11,22,78,013,,14,69,120,,06,56,244,,17,51,012,*79
$GPGSV,3,2,11,19,47,325,19,03,29,063,30,30,21,190,,11,21,229,*73
$GPGSV,3,3,11,24,10,306,,02,03,045,,07,00,167,*4C
$GPRMC,192826.000,A,2632.7106,N,07702.9363,W,3.92,8.34,220324,,,E*74
$GPVTG,8.34,T,,M,3.92,N,7.3,K,N*01
$GPGGA,192831.000,2632.6709,N,07702.9388,W,1,03,10.2,36.7,M,-33.0,M,,0000*64
$GPGSA,A,2,17,03,19,,,,,,,,,,10.2,10.2,1.0*3F
$GPGSV,3,1,11,22,78,013,,14,69,120,,06,56,244,,17,51,012,14*7C
$GPGSV,3,2,11,19,47,325,19,03,29,063,30,30,21,190,,11,21,229,*73
$GPGSV,3,3,11,24,10,306,,02,03,045,,07,00,167,*4C
$GPRMC,192831.000,A,2632.6709,N,07702.9388,W,6.81,197.99,220324,,,A*7C
$GPVTG,197.99,T,,M,6.81,N,12.6,K,N*37
$GPGGA,192836.000,2632.6520,N,07702.9460,W,1,03,10.2,36.7,M,-33.0,M,,0000*6B
$GPGSA,A,2,17,03,19,,,,,,,,,,10.3,10.2,1.0*3E
$GPGSV,3,1,11,22,78,013,,14,69,120,,06,56,244,,17,51,012,13*7B
$GPGSV,3,2,11,19,47,325,19,03,29,063,30,30,21,190,,11,21,229,*73
$GPGSV,3,3,11,24,10,306,,02,03,045,,07,00,167,*4C
$GPRMC,192836.000,A,2632.6520,N,07702.9460,W,8.26,199.59,220324,,,A*72
$GPVTG,199.59,T,,M,8.26,N,15.3,K,N*34
$GPGGA,192841.000,2632.6500,N,07702.9466,W,6,00,50.0,36.7,M,-33.0,M,,0000*6D
$GPGSA,A,2,,,,,,,,,,,,,50.0,50.0,50.0*06
$GPGSV,3,1,11,22,78,013,,14,69,120,,06,56,244,,17,51,012,13*7B
$GPGSV,3,2,11,19,47,325,19,03,29,063,30,30,21,190,,11,21,229,*73
$GPGSV,3,3,11,24,10,306,,02,03,045,,07,00,167,*4C
$GPVTG,189.39,T,,M,5.36,N,9.9,K,N*08
$GPGGA,192846.000,2632.6776,N,07702.9432,W,1,03,10.3,36.9,M,-33.0,M,,0000*65
$GPGSA,A,2,17,03,19,,,,,,,,,,10.3,10.3,1.0*3F
$GPGSV,3,1,11,22,78,013,,14,69,120,,06,56,244,,17,51,012,14*7C
$GPGSV,3,2,11,19,47,325,19,03,29,063,31,30,21,190,,11,21,229,*72
$GPGSV,3,3,11,24,10,306,,02,03,045,,07,00,167,*4C
$GPRMC,192846.000,A,2632.6776,N,07702.9432,W,5.84,356.05,220324,,,A*7E
$GPVTG,356.05,T,,M,5.84,N,10.8,K,N*37
$GPGGA,192851.000,2632.6706,N,07702.9432,W,1,03,10.3,36.9,M,-33.0,M,,0000*64
$GPGSA,A,2,17,03,19,,,,,,,,,,10.4,10.3,1.0*38
$GPGSV,3,1,11,22,78,013,,14,69,120,,06,56,244,,17,51,012,14*7C
$GPGSV,3,2,11,19,47,325,19,03,29,063,30,30,21,190,,11,21,229,*73
$GPGSV,3,3,11,24,10,306,,02,03,045,,07,00,167,*4C
$GPRMC,192851.000,A,2632.6706,N,07702.9432,W,1.14,107.21,220324,,,A*72
$GPVTG,107.21,T,,M,1.14,N,2.1,K,N*00
$GPGGA,192856.000,2632.6612,N,07702.9489,W,1,03,10.4,37.0,M,-33.0,M,,0000*68
$GPGSA,A,2,17,03,19,,,,,,,,,,10.4,10.4,1.0*3F
$GPGSV,3,1,11,22,78,013,,14,69,120,,06,56,244,,17,51,012,14*7C
$GPGSV,3,2,11,19,47,325,19,03,29,063,30,30,21,190,,11,21,229,*73
$GPGSV,3,3,11,24,10,306,,02,03,045,,07,00,167,*4C
$GPRMC,192856.000,A,2632.6612,N,07702.9489,W,3.83,221.61,220324,,,A*7E
$GPVTG,221.61,T,,M,3.83,N,7.1,K,N*0A
$GPGGA,192901.000,2632.6896,N,07702.9449,W,1,03,10.4,37.1,M,-33.0,M,,0000*64
$GPGSA,A,2,17,03,19,,,,,,,,,,10.4,10.4,1.0*3F
$GPGSV,3,1,11,22,78,013,,14,69,120,,06,56,244,,17,51,012,15*7D
$GPGSV,3,2,11,19,47,325,19,03,29,063,30,30,21,190,,11,21,229,*73
$GPGSV,3,3,11,24,10,306,,02,03,045,,07,00,167,*4C
$GPRMC,192901.000,A,2632.6896,N,07702.9449,W,7.36,6.83,220324,,,A*72
$GPVTG,6.83,T,,M,7.36,N,13.6,K,N*39
$GPGGA,192906.000,2632.7307,N,07702.9349,W,1,03,10.4,37.3,M,-33.0,M,,0000*64
$GPGSA,A,2,17,03,19,,,,,,,,,,10.5,10.4,1.0*3E
$GPGSV,3,1,11,22,78,013,,14,69,120,,06,56,244,,17,51,012,14*7C
$GPGSV,3,2,11,19,47,325,19,03,29,063,30,30,21,190,,11,21,229,*73
$GPGSV,3,3,11,24,10,306,,02,03,045,,07,00,167,*4C
$GPRMC,192906.000,A,2632.7307,N,07702.9349,W,15.15,12.05,220324,,,A*79
$GPGGA,192911.000,2632.7456,N,07702.9283,W,6,00,50.0,37.2,M,-33.0,M,,0000*63
$GPGSA,A,2,,,,,,,,,,,,,50.0,50.0,50.0*06
$GPGSV,3,1,11,22,78,013,,14,69,120,,06,56,244,,17,51,012,15*7D
$GPGSV,3,2,11,19,47,325,19,03,29,063,30,30,21,190,,11,21,229,*73
$GPGSV,3,3,11,24,10,306,,02,03,045,,07,00,167,*4C
$GPRMC,192911.000,A,2632.7456,N,07702.9283,W,12.66,16.55,220324,,,E*7D
$GPVTG,16.55,T,,M,12.66,N,23.5,K,N*32
$GPGGA,192916.000,2632.7625,N,07702.9227,W,6,00,50.0,37.2,M,-33.0,M,,0000*6C
$GPGSA,A,2,,,,,,,,,,,,,50.0,50.0,50.0*06
$GPGSV,3,1,11,22,78,013,,14,69,120,,06,56,244,,17,51,012,15*7D
$GPGSV,3,2,11,19,47,325,19,03,29,063,30,30,21,190,,11,21,229,*73
$GPGSV,3,3,11,24,10,306,,02,03,045,,07,00,167,*4C
$GPRMC,192916.000,A,2632.7625,N,07702.9227,W,12.66,16.55,220324,,,E*72
$GPVTG,16.55,T,,M,12.66,N,23.5,K,N*32
$GPGGA,192921.000,2632.7794,N,07702.9171,W,6,00,50.0,37.3,M,-33.0,M,,0000*62
$GPGSA,A,2,,,,,,,,,,,,,50.0,50.0,50.0*06
$GPGSV,3,1,11,22,78,013,,14,69,120,,06,56,244,,17,51,012,16*7E
$GPGSV,3,2,11,19,47,325,19,03,29,063,30,30,21,190,,11,21,229,*73
$GPGSV,3,3,11,24,10,306,,02,03,045,,07,00,167,*4C
$GPRMC,192921.000,A,2632.7794,N,07702.9171,W,12.66,16.55,220324,,,E*7D
$GPVTG,16.55,T,,M,12.66,N,23.5,K,N*32
$GPGGA,192926.000,2632.7238,N,07702.9298,W,1,04,3.5,37.2,M,-33.0,M,,0000*53
$GPGSA,A,3,17,14,03,19,,,,,,,,,6.9,3.5,5.9*3F
$GPGSV,3,1,11,22,78,013,,14,69,120,14,06,56,244,,17,51,012,16*7B
$GPGSV,3,2,11,19,47,325,19,03,29,063,30,30,21,190,,11,21,229,*73
$GPGSV,3,3,11,24,10,306,,02,03,045,,07,00,167,*4C
$GPRMC,192926.000,A,2632.7238,N,07702.9298,W,1.57,87.47,220324,,,A*42
$GPVTG,87.47,T,,M,1.57,N,2.9,K,A*39
$GPGGA,192931.000,2632.7214,N,07702.9315,W,1,04,3.5,29.1,M,-33.0,M,,0000*53
$GPGSA,A,3,17,14,03,19,,,,,,,,,6.9,3.5,5.9*3F
$GPGSV,3,1,11,22,78,013,,14,69,120,15,06,56,244,,17,51,012,16*7A
$GPGSV,3,2,11,19,47,325,20,03,29,063,30,30,21,190,,11,21,229,*79
$GPGSV,3,3,11,24,10,306,,02,03,045,,07,00,167,*4C
$GPRMC,192931.000,A,2632.7214,N,07702.9315,W,2.35,203.47,220324,,,A*77
$GPGGA,192936.000,2632.7269,N,07702.9314,W,1,03,10.7,38.9,M,-33.0,M,,0000*60
$GPGSA,A,2,17,03,19,,,,,,,,,,10.7,10.7,1.0*3F
$GPGSV,3,1,11,22,78,013,,14,69,120,16,06,56,244,,17,51,012,16*79
$GPGSV,3,2,11,19,47,325,20,03,29,063,30,30,21,190,,11,21,229,*79
$GPGSV,3,3,11,24,10,306,,02,03,045,,07,00,167,*4C
$GPRMC,192936.000,A,2632.7269,N,07702.9314,W,0.60,268.26,220324,,,A*73
$GPVTG,268.26,T,,M,0.60,N,1.1,K,A*03
$GPGGA,192941.000,2632.7227,N,07702.9315,W,1,03,10.7,32.6,M,-33.0,M,,0000*6E
$GPGSA,A,2,17,03,19,,,,,,,,,,10.7,10.7,1.0*3F
$GPGSV,3,1,11,22,78,013,,14,69,120,16,06,56,244,,17,51,012,16*79
$GPGSV,3,2,11,19,47,325,19,03,29,063,30,30,21,190,,11,21,229,*73
$GPGSV,3,3,11,24,10,306,,02,03,045,,07,00,167,*4C
$GPRMC,192941.000,A,2632.7227,N,07702.9315,W,1.64,143.47,220324,,,A*70
$GPVTG,143.47,T,,M,1.64,N,3.0,K,A*08
$GPGGA,192946.000,2632.7215,N,07702.9307,W,1,03,2.4,31.4,M,-33.0,M,,0000*5A
$GPGSA,A,2,14,03,19,,,,,,,,,,2.6,2.4,1.0*3E
$GPGSV,3,1,11,22,78,013,,14,69,120,16,06,56,244,,17,51,012,15*7A
$GPGSV,3,2,11,19,47,325,19,03,29,063,30,30,21,190,,11,21,229,*73
$GPGSV,3,3,11,24,10,306,,02,03,045,,07,00,167,*4C
$GPRMC,192946.000,A,2632.7215,N,07702.9307,W,1.77,179.74,220324,,,A*7E
$GPVTG,179.74,T,,M,1.77,N,3.3,K,A*00
$GPGGA,192951.000,2632.7165,N,07702.9334,W,1,04,3.5,26.2,M,-33.0,M,,0000*5F
$GPGSA,A,3,17,14,03,19,,,,,,,,,6.9,3.5,6.0*35
$GPGSV,3,1,11,22,78,013,,14,69,120,16,06,56,244,,17,51,012,16*79
$GPGSV,3,2,11,19,47,325,19,03,29,063,30,30,21,190,,11,21,229,*73
$GPGSV,3,3,11,24,10,306,,02,03,045,,07,00,167,*4C
$GPRMC,192951.000,A,2632.7165,N,07702.9334,W,1.43,229.49,220324,,,A*73
$GPVTG,229.49,T,,M,1.43,N,2.6,K,A*0B
$GPGGA,192956.000,2632.7149,N,07702.9323,W,1,04,3.5,25.4,M,-33.0,M,,0000*55
$GPGSA,A,3,17,14,03,19,,,,,,,,,6.9,3.5,6.0*35
$GPGSV,3,1,11,22,78,013,,14,69,120,16,06,56,244,,17,51,012,16*79
$GPGSV,3,2,11,19,47,325,19,03,29,063,30,30,21,190,,11,21,229,*73
$GPGSV,3,3,11,24,10,306,,02,03,045,,07,00,167,*4C
$GPRMC,192956.000,A,2632.7149,N,07702.9323,W,1.34,170.76,220324,,,A*7F
$GPGGA,193001.000,2632.7115,N,07702.9360,W,1,03,2.4,18.5,M,-33.0,M,,0000*59
$GPGSA,A,2,14,03,19,,,,,,,,,,2.6,2.4,1.0*3E
$GPGSV,3,1,11,22,78,013,,14,69,120,16,06,56,244,,17,51,012,16*79
$GPGSV,3,2,11,19,47,325,19,03,29,063,30,30,21,190,,11,21,229,*73
$GPGSV,3,3,11,24,10,306,,02,03,045,,07,00,167,*4C
$GPRMC,193001.000,A,2632.7115,N,07702.9360,W,4.94,200.32,220324,,,A*70
$GPVTG,200.32,T,,M,4.94,N,9.2,K,A*0C
$GPGGA,193006.000,2632.7082,N,07702.9382,W,6,00,50.0,15.4,M,-33.0,M,,0000*66
$GPGSA,A,2,,,,,,,,,,,,,50.0,50.0,50.0*06
$GPGSV,3,1,11,22,78,013,,14,69,120,15,06,56,244,,17,51,012,16*7A
$GPGSV,3,2,11,19,47,325,19,03,29,063,30,30,21,190,,11,21,229,*73
$GPGSV,3,3,11,24,10,306,,02,03,045,,07,00,167,*4C
$GPRMC,193006.000,A,2632.7082,N,07702.9382,W,2.78,188.07,220324,,,E*71
$GPVTG,188.07,T,,M,2.78,N,5.2,K,N*0E
$GPGGA,193011.000,2632.7135,N,07702.9408,W,1,03,2.4,4.5,M,-33.0,M,,0000*6E
$GPGSA,A,2,14,03,19,,,,,,,,,,2.6,2.4,1.0*3E
$GPGSV,3,1,11,22,78,013,,14,69,120,15,06,56,244,,17,51,012,15*79
$GPGSV,3,2,11,19,47,325,19,03,29,063,30,30,21,190,,11,21,229,*73
$GPGSV,3,3,11,24,10,306,,02,03,045,,07,00,167,*4C
$GPRMC,193011.000,A,2632.7135,N,07702.9408,W,2.14,356.92,220324,,,A*7C
$GPVTG,356.92,T,,M,2.14,N,4.0,K,A*05
$GPGGA,193016.000,2632.7126,N,07702.9407,W,1,04,3.5,-3.4,M,-33.0,M,,0000*48
$GPGSA,A,3,17,14,03,19,,,,,,,,,6.9,3.5,6.0*35
$GPGSV,3,1,11,22,78,013,,14,69,120,14,06,56,244,,17,51,012,15*78
$GPGSV,3,2,11,19,47,325,19,03,29,063,30,30,21,190,,11,21,229,*73
$GPGSV,3,3,11,24,10,306,,02,03,045,,07,00,167,*4C
$GPRMC,193016.000,A,2632.7126,N,07702.9407,W,0.33,209.06,220324,,,A*77
$GPVTG,209.06,T,,M,0.33,N,0.6,K,A*06
$GPGGA,193021.000,2632.7130,N,07702.9396,W,1,04,3.5,-4.0,M,-33.0,M,,0000*47
$GPGSA,A,3,17,14,03,19,,,,,,,,,6.9,3.5,6.0*35
$GPGSV,3,1,11,22,78,013,,14,69,120,14,06,56,244,,17,51,012,15*78
$GPGSV,3,2,11,19,47,325,18,03,29,063,30,30,21,190,,11,21,229,*72
$GPGSV,3,3,11,24,10,306,,02,03,045,,07,00,167,*4C
$GPRMC,193021.000,A,2632.7130,N,07702.9396,W,1.83,161.78,220324,,,A*75
$GPGGA,193026.000,2632.7045,N,07702.9389,W,1,04,3.5,-7.1,M,-33.0,M,,0000*4F
$GPGSA,A,3,17,14,03,19,,,,,,,,,6.9,3.5,6.0*35
$GPGSV,3,1,11,22,78,013,,14,69,120,13,06,56,244,,17,51,012,15*7F
$GPGSV,3,2,11,19,47,325,18,03,29,063,30,30,21,190,,11,21,229,*72
$GPGSV,3,3,11,24,10,306,,02,03,045,,07,00,167,*4C
$GPRMC,193026.000,A,2632.7045,N,07702.9389,W,6.48,181.63,220324,,,A*7B
$GPVTG,181.63,T,,M,6.48,N,12.0,K,N*36
$GPGGA,193031.000,2632.7005,N,07702.9401,W,1,03,11.1,-0.5,M,-33.0,M,,0000*79
$GPGSA,A,2,17,03,19,,,,,,,,,,11.1,11.1,1.0*3F
$GPGSV,3,1,11,22,78,013,,14,69,120,,06,56,244,,17,51,012,16*7E
$GPGSV,3,2,11,19,47,325,18,03,29,063,30,30,21,190,,11,21,229,*72
$GPGSV,3,3,11,24,10,306,,02,03,045,,07,00,167,19*44
$GPRMC,193031.000,A,2632.7005,N,07702.9401,W,3.94,179.19,220324,,,A*70
$GPVTG,179.19,T,,M,3.94,N,7.3,K,N*0F
$GPGGA,193036.000,2632.6998,N,07702.9415,W,1,03,11.1,1.3,M,-33.0,M,,0000*5D
$GPGSA,A,2,17,03,19,,,,,,,,,,11.2,11.1,1.0*3C
$GPGSV,3,1,11,22,78,013,,14,69,120,,06,56,244,,17,51,012,16*7E
$GPGSV,3,2,11,19,47,325,18,03,29,063,31,30,21,190,,11,21,229,*73
$GPGSV,3,3,11,24,10,306,,02,03,045,,07,00,167,18*45
$GPRMC,193036.000,A,2632.6998,N,07702.9415,W,1.68,246.85,220324,,,A*75
$GPVTG,246.85,T,,M,1.68,N,3.1,K,N*02
$GPGGA,193041.000,2632.7139,N,07702.9385,W,6,00,50.0,4.8,M,-33.0,M,,0000*5F
$GPGSA,A,2,,,,,,,,,,,,,50.0,50.0,50.0*06
$GPGSV,3,1,11,22,78,013,,14,69,120,,06,56,244,,17,51,012,16*7E
$GPGSV,3,2,11,19,47,325,18,03,29,063,31,30,21,190,,11,21,229,*73
$GPGSV,3,3,11,24,10,306,,02,03,045,,07,00,167,16*4B
$GPRMC,193041.000,A,2632.7139,N,07702.9385,W,5.87,3.28,220324,,,E*7C
$GPVTG,3.28,T,,M,5.87,N,10.9,K,N*39
$GPGGA,193046.000,2632.7137,N,07702.9426,W,1,03,11.2,4.8,M,-33.0,M,,0000*5B
$GPGSA,A,2,17,03,19,,,,,,,,,,11.3,11.2,1.0*3E
$GPGSV,3,1,11,22,78,013,,14,69,120,,06,56,244,,17,51,012,16*7E
$GPGSV,3,2,11,19,47,325,18,03,29,063,31,30,21,190,,11,21,229,*73
$GPGSV,3,3,11,24,10,306,,02,03,045,,07,00,167,*4C
$GPRMC,193046.000,A,2632.7137,N,07702.9426,W,2.40,342.70,220324,,,A*78
$GPGGA,193051.000,2632.7192,N,07702.9388,W,1,03,11.3,5.3,M,-33.0,M,,0000*5A
$GPGSA,A,2,17,03,19,,,,,,,,,,11.3,11.3,1.0*3F
$GPGSV,3,1,11,22,78,013,,14,69,120,,06,56,244,,17,51,012,15*7D
$GPGSV,3,2,11,19,47,325,18,03,29,063,31,30,21,190,,11,21,229,*73
$GPGSV,3,3,11,24,10,306,,02,03,045,,07,00,167,*4C
$GPRMC,193051.000,A,2632.7192,N,07702.9388,W,1.33,17.93,220324,,,A*4B
$GPVTG,17.93,T,,M,1.33,N,2.5,K,N*38
$GPGGA,193056.000,2632.7335,N,07702.9371,W,6,00,50.0,6.0,M,-33.0,M,,0000*56
$GPGSA,A,2,,,,,,,,,,,,,50.0,50.0,50.0*06
$GPGSV,3,1,11,22,78,013,,14,69,120,,06,56,244,,17,51,012,15*7D
$GPGSV,3,2,11,19,47,325,18,03,29,063,31,30,21,190,,11,21,229,*73
$GPGSV,3,3,11,24,10,306,,02,03,045,,07,00,167,16*4B
$GPRMC,193056.000,A,2632.7335,N,07702.9371,W,4.39,16.73,220324,,,E*41
$GPVTG,16.73,T,,M,4.39,N,8.1,K,N*36
$GPGGA,193101.000,2632.7147,N,07702.9374,W,1,03,11.4,7.0,M,-33.0,M,,0000*53
$GPGSA,A,2,17,03,19,,,,,,,,,,11.4,11.4,1.0*3F
$GPGSV,3,1,11,22,78,013,,14,69,120,,06,56,244,,17,51,012,15*7D
$GPGSV,3,2,11,19,47,325,18,03,29,063,31,30,21,190,,11,21,229,*73
$GPGSV,3,3,11,24,10,306,,02,03,045,,07,00,167,16*4B
$GPRMC,193101.000,A,2632.7147,N,07702.9374,W,5.06,183.00,220324,,,A*70
$GPVTG,183.00,T,,M,5.06,N,9.4,K,N*06
$GPGGA,193106.000,2632.6897,N,07702.9432,W,1,03,11.4,7.4,M,-33.0,M,,0000*50
$GPGSA,A,2,17,03,19,,,,,,,,,,11.4,11.4,1.0*3F
$GPGSV,3,1,11,22,78,013,,14,69,120,,06,56,244,,17,51,012,15*7D
$GPGSV,3,2,11,19,47,325,18,03,29,063,31,30,21,190,,11,21,229,*73
$GPGSV,3,3,11,24,10,306,,02,03,045,,07,00,167,16*4B
$GPVTG,192.42,T,,M,9.40,N,17.4,K,N*31
$GPGGA,193111.000,2632.6751,N,07702.9458,W,1,03,11.4,8.2,M,-33.0,M,,0000*56
$GPGSA,A,2,17,03,19,,,,,,,,,,11.5,11.4,1.0*3E
$GPGSV,3,1,11,22,78,013,,14,69,120,,06,56,244,,17,51,012,16*7E
$GPGSV,3,2,11,19,47,325,18,03,29,063,31,30,21,190,,11,21,229,*73
$GPGSV,3,3,11,24,10,306,,02,03,045,,07,00,167,15*48
$GPRMC,193111.000,A,2632.6751,N,07702.9458,W,9.14,191.11,220324,,,A*74
$GPVTG,191.11,T,,M,9.14,N,16.9,K,N*39
$GPGGA,193116.000,2632.6782,N,07702.9447,W,6,00,50.0,8.5,M,-33.0,M,,0000*53
$GPGSA,A,2,,,,,,,,,,,,,50.0,50.0,50.0*06
$GPGSV,3,1,10,22,79,018,,14,67,123,,06,57,246,,17,51,015,15*7F
$GPGSV,3,2,10,19,47,327,18,03,29,062,31,11,22,230,,30,19,189,*79
$GPGSV,3,3,10,24,10,305,,02,02,045,*78
$GPRMC,193116.000,A,2632.6782,N,07702.9447,W,5.02,189.96,220324,,,E*7A
$GPVTG,189.96,T,,M,5.02,N,9.3,K,N*00
$GPGGA,193121.000,2632.6854,N,07702.9430,W,1,03,11.5,9.2,M,-33.0,M,,0000*51
$GPGSA,A,2,17,03,19,,,,,,,,,,11.6,11.5,1.0*3C
$GPGSV,3,1,10,22,79,018,,14,67,123,,06,57,246,,17,51,015,16*7C
$GPGSV,3,2,10,19,47,327,18,03,29,062,31,11,22,230,,30,19,189,*79
$GPGSV,3,3,10,24,10,305,,02,02,045,*78
$GPRMC,193121.000,A,2632.6854,N,07702.9430,W,1.30,157.18,220324,,,A*7E
$GPVTG,157.18,T,,M,1.30,N,2.4,K,N*0C
$GPGGA,193126.000,2632.6946,N,07702.9407,W,1,03,11.6,9.9,M,-33.0,M,,0000*58
$GPGSA,A,2,17,03,19,,,,,,,,,,11.6,11.6,1.0*3F
$GPGSV,3,1,10,22,79,018,,14,67,123,,06,57,246,,17,51,015,15*7F
$GPGSV,3,2,10,19,47,327,18,03,29,062,31,11,22,230,,30,19,189,*79
$GPGSV,3,3,10,24,10,305,,02,02,045,*78
$GPRMC,193126.000,A,2632.6946,N,07702.9407,W,2.24,13.29,220324,,,A*4A
$GPVTG,13.29,T,,M,2.24,N,4.2,K,N*39
$GPGGA,193131.000,2632.7176,N,07702.9366,W,1,03,11.6,10.6,M,-33.0,M,,0000*63
$GPGSA,A,2,17,03,19,,,,,,,,,,11.7,11.6,1.0*3E
$GPGSV,3,1,10,22,79,018,,14,67,123,,06,57,246,,17,51,015,15*7F
$GPGSV,3,2,10,19,47,327,19,03,29,062,31,11,22,230,,30,19,189,*78
$GPGSV,3,3,10,24,10,305,,02,02,045,*78
$GPRMC,193131.000,A,2632.7176,N,07702.9366,W,9.67,7.43,220324,,,A*73
$GPGGA,193136.000,2632.7153,N,07702.9375,W,1,03,11.7,11.4,M,-33.0,M,,0000*63
$GPGSA,A,2,17,03,19,,,,,,,,,,11.7,11.7,1.0*3F
$GPGSV,3,1,10,22,79,018,,14,67,123,,06,57,246,,17,51,015,14*7E
$GPGSV,3,2,10,19,47,327,19,03,29,062,31,11,22,230,,30,19,189,*78
$GPGSV,3,3,10,24,10,305,,02,02,045,*78
$GPRMC,193136.000,A,2632.7153,N,07702.9375,W,3.99,4.28,220324,,,A*74
$GPVTG,4.28,T,,M,3.99,N,7.4,K,N*0C
$GPGGA,193141.000,2632.7011,N,07702.9428,W,6,00,50.0,11.7,M,-33.0,M,,0000*6E
$GPGSA,A,2,,,,,,,,,,,,,50.0,50.0,50.0*06
$GPGSV,3,1,10,22,79,018,,14,67,123,,06,57,246,,17,51,015,14*7E
$GPGSV,3,2,10,19,47,327,19,03,29,062,31,11,22,230,,30,19,189,*78
$GPGSV,3,3,10,24,10,305,,02,02,045,*78
$GPRMC,193141.000,A,2632.7011,N,07702.9428,W,2.44,236.79,220324,,,E*7E
$GPVTG,236.79,T,,M,2.44,N,4.5,K,N*08
$GPGGA,193146.000,2632.6583,N,07702.9479,W,1,03,11.8,12.2,M,-33.0,M,,0000*6D
$GPGSA,A,2,17,03,19,,,,,,,,,,11.8,11.8,1.0*3F
$GPGSV,3,1,10,22,79,018,,14,67,123,,06,57,246,,17,51,015,13*79
$GPGSV,3,2,10,19,47,327,19,03,29,062,31,11,22,230,,30,19,189,*78
$GPGSV,3,3,10,24,10,305,,02,02,045,*78
$GPRMC,193146.000,A,2632.6583,N,07702.9479,W,12.85,189.08,220324,,,A*4B
$GPVTG,189.08,T,,M,12.85,N,23.8,K,N*0D
$GPGGA,193151.000,2632.6503,N,07702.9485,W,6,00,50.0,13.0,M,-33.0,M,,0000*6A
$GPGSA,A,2,,,,,,,,,,,,,50.0,50.0,50.0*06
$GPGSV,3,1,10,22,79,018,,14,67,123,,06,57,246,,17,51,015,*7B
$GPGSV,3,2,10,19,47,327,19,03,29,062,31,11,22,230,,30,19,189,*78
$GPGSV,3,3,10,24,10,305,,02,02,045,*78
$GPRMC,193151.000,A,2632.6503,N,07702.9485,W,8.48,186.87,220324,,,E*70
$GPGGA,193156.000,2632.6386,N,07702.9500,W,6,00,50.0,13.1,M,-33.0,M,,0000*6B
$GPGSA,A,2,,,,,,,,,,,,,50.0,50.0,50.0*06
$GPGSV,3,1,10,22,79,018,,14,67,123,,06,57,246,,17,51,015,*7B
$GPGSV,3,2,10,19,47,327,20,03,29,062,31,11,22,230,,30,19,189,*72
$GPGSV,3,3,10,24,10,305,,02,02,045,*78
$GPRMC,193156.000,A,2632.6386,N,07702.9500,W,8.48,186.87,220324,,,E*70
$GPVTG,186.87,T,,M,8.48,N,15.7,K,N*35
$GPGGA,193201.000,2632.6268,N,07702.9516,W,6,00,50.0,13.1,M,-33.0,M,,0000*6C
$GPGSA,A,2,,,,,,,,,,,,,50.0,50.0,50.0*06
$GPGSV,3,1,10,22,79,018,,14,67,123,,06,57,246,,17,51,015,*7B
$GPGSV,3,2,10,19,47,327,20,03,29,062,31,11,22,230,,30,19,189,*72
$GPGSV,3,3,10,24,10,305,,02,02,045,*78
$GPRMC,193201.000,A,2632.6268,N,07702.9516,W,8.48,186.87,220324,,,E*77
$GPVTG,186.87,T,,M,8.48,N,15.7,K,N*35
$GPGGA,193216.000,2632.6825,N,07702.9421,W,1,03,12.1,15.5,M,-33.0,M,,0000*6D
$GPGSA,A,2,17,03,19,,,,,,,,,,12.1,12.1,1.0*3F
$GPGSV,3,1,10,22,79,018,,14,67,123,,06,57,246,,17,51,015,14*7E
$GPGSV,3,2,10,19,47,327,21,03,29,062,31,11,22,230,,30,19,189,*73
$GPGSV,3,3,10,24,10,305,,02,02,045,*78
$GPRMC,193216.000,A,2632.6825,N,07702.9421,W,9.23,18.66,220324,,,A*46
$GPVTG,18.66,T,,M,9.23,N,17.1,K,N*04
$GPGGA,193221.000,2632.7130,N,07702.9413,W,6,00,50.0,16.0,M,-33.0,M,,0000*61
$GPGSA,A,2,,,,,,,,,,,,,50.0,50.0,50.0*06
$GPGSV,3,1,10,22,79,018,,14,67,123,,06,57,246,,17,51,015,14*7E
$GPGSV,3,2,10,19,47,327,21,03,29,062,32,11,22,230,,30,19,189,*70
$GPGSV,3,3,10,24,10,305,,02,02,045,*78
$GPVTG,2.71,T,,M,15.80,N,29.3,K,N*02
$GPGGA,193226.000,2632.7577,N,07702.9318,W,1,03,12.2,16.9,M,-33.0,M,,0000*64
$GPGSA,A,2,17,03,19,,,,,,,,,,12.2,12.2,1.0*3F
$GPGSV,3,1,10,22,79,018,,14,67,123,,06,57,246,,17,51,015,15*7F
$GPGSV,3,2,10,19,47,327,21,03,29,062,32,11,22,230,,30,19,189,*70
$GPGSV,3,3,10,24,10,305,,02,02,045,*78
$GPRMC,193226.000,A,2632.7577,N,07702.9318,W,21.18,8.86,220324,,,A*4E
$GPVTG,8.86,T,,M,21.18,N,39.2,K,N*06
$GPGGA,193231.000,2632.7823,N,07702.9265,W,1,03,12.2,17.9,M,-33.0,M,,0000*64
$GPGSA,A,2,17,03,19,,,,,,,,,,12.3,12.2,1.0*3E
$GPGSV,3,1,10,22,79,018,,14,67,123,,06,57,246,,17,51,015,15*7F
$GPGSV,3,2,10,19,47,327,21,03,29,062,32,11,22,230,,30,19,189,*70
$GPGSV,3,3,10,24,10,305,,02,02,045,*78
$GPRMC,193231.000,A,2632.7823,N,07702.9265,W,19.41,8.75,220324,,,A*44
$GPVTG,8.75,T,,M,19.41,N,36.0,K,N*00
$GPGGA,193236.000,2632.8038,N,07702.9213,W,6,00,50.0,18.3,M,-33.0,M,,0000*6A
$GPGSA,A,2,,,,,,,,,,,,,50.0,50.0,50.0*06
$GPGSV,3,1,10,22,79,018,,14,67,123,,06,57,246,,17,51,015,14*7E
$GPGSV,3,2,10,19,47,327,21,03,29,062,32,11,22,230,,30,19,189,*70
$GPGSV,3,3,10,24,10,305,,02,02,045,*78
$GPRMC,193236.000,A,2632.8038,N,07702.9213,W,18.07,9.97,220324,,,E*45
$GPVTG,9.97,T,,M,18.07,N,33.5,K,N*0E
$GPGGA,193241.000,2632.8286,N,07702.9164,W,6,00,50.0,18.5,M,-33.0,M,,0000*68
$GPGSA,A,2,,,,,,,,,,,,,50.0,50.0,50.0*06
$GPGSV,3,1,10,22,79,018,,14,67,123,,06,57,246,,17,51,015,14*7E
$GPGSV,3,2,10,19,47,327,21,03,29,062,32,11,22,230,,30,19,189,*70
$GPGSV,3,3,10,24,10,305,,02,02,045,*78
$GPVTG,9.97,T,,M,18.07,N,33.5,K,N*0E
$GPGGA,193246.000,2632.8534,N,07702.9116,W,6,00,50.0,18.7,M,-33.0,M,,0000*66
$GPGSA,A,2,,,,,,,,,,,,,50.0,50.0,50.0*06
$GPGSV,3,1,10,22,79,018,,14,67,123,,06,57,246,,17,51,015,14*7E
$GPGSV,3,2,10,19,47,327,21,03,29,062,32,11,22,230,,30,19,189,*70
$GPGSV,3,3,10,24,10,305,,02,02,045,*78
$GPRMC,193246.000,A,2632.8534,N,07702.9116,W,18.07,9.97,220324,,,E*4D
$GPVTG,9.97,T,,M,18.07,N,33.5,K,N*0E
$GPGGA,193521.000,2632.6724,N,07702.9444,W,1,03,14.3,26.6,M,-33.0,M,,0000*64
$GPGSA,A,2,17,03,19,,,,,,,,,,14.4,14.3,1.0*38
$GPGSV,3,1,10,22,80,024,,14,66,125,,06,58,249,,17,51,017,17*71
$GPGSV,3,2,10,19,48,329,19,03,28,060,30,11,23,231,,30,18,189,*7A
$GPGSV,3,3,10,24,11,303,16,02,01,046,*78
$GPRMC,193521.000,A,2632.6724,N,07702.9444,W,23.53,189.04,220324,,,A*4A
$GPVTG,189.04,T,,M,23.53,N,43.6,K,N*00
$GPGGA,193526.000,2632.6864,N,07702.9395,W,1,03,14.4,30.4,M,-33.0,M,,0000*61
$GPGSA,A,2,17,03,19,,,,,,,,,,14.4,14.4,1.0*3F
$GPGSV,3,1,10,22,80,024,,14,66,125,,06,58,249,,17,51,017,17*71
$GPGSV,3,2,10,19,48,329,19,03,28,060,30,11,23,231,,30,18,189,*7A
$GPGSV,3,3,10,24,11,303,16,02,01,046,*78
$GPRMC,193526.000,A,2632.6864,N,07702.9395,W,12.02,185.51,220324,,,A*47
$GPVTG,185.51,T,,M,12.02,N,22.3,K,N*08
$GPGGA,193531.000,2632.6853,N,07702.9408,W,1,03,14.5,33.4,M,-33.0,M,,0000*62
$GPGSA,A,2,17,03,19,,,,,,,,,,14.5,14.5,1.0*3F
$GPGSV,3,1,10,22,80,024,,14,66,125,,06,58,249,,17,51,017,18*7E
$GPGSV,3,2,10,19,48,329,19,03,28,060,30,11,23,231,,30,18,189,*7A
$GPGSV,3,3,10,24,11,303,17,02,01,046,*79
$GPVTG,199.29,T,,M,7.60,N,14.1,K,N*3D
$GPGGA,193536.000,2632.6593,N,07702.9455,W,1,03,14.5,33.7,M,-33.0,M,,0000*6F
$GPGSA,A,2,17,03,19,,,,,,,,,,14.6,14.5,1.0*3C
$GPGSV,3,1,10,22,80,024,,14,66,125,,06,58,249,,17,51,017,18*7E
$GPGSV,3,2,10,19,48,329,19,03,28,060,30,11,23,231,,30,18,189,*7A
$GPGSV,3,3,10,24,11,303,16,02,01,046,*78
$GPRMC,193536.000,A,2632.6593,N,07702.9455,W,10.95,186.64,220324,,,A*41
$GPVTG,186.64,T,,M,10.95,N,20.3,K,N*03
$GPGGA,193541.000,2632.6664,N,07702.9408,W,1,03,14.6,34.3,M,-33.0,M,,0000*6C
$GPGSA,A,2,17,03,19,,,,,,,,,,14.7,14.6,1.0*3E
$GPGSV,3,1,10,22,80,024,,14,66,125,,06,58,249,,17,51,017,19*7F
$GPGSV,3,2,10,19,48,329,20,03,28,060,30,11,23,231,,30,18,189,*70
$GPGSV,3,3,10,24,11,303,16,02,01,046,*78
$GPRMC,193541.000,A,2632.6664,N,07702.9408,W,3.26,188.35,220324,,,A*72
$GPVTG,188.35,T,,M,3.26,N,6.0,K,N*04
$GPGGA,193546.000,2632.6636,N,07702.9414,W,1,03,14.7,34.6,M,-33.0,M,,0000*65
$GPGSA,A,2,17,03,19,,,,,,,,,,14.7,14.7,1.0*3F
$GPGSV,3,1,10,22,80,024,,14,66,125,,06,58,249,,17,51,017,19*7F
$GPGSV,3,2,10,19,48,329,20,03,28,060,30,11,23,231,,30,18,189,*70
$GPGSV,3,3,10,24,11,303,16,02,01,046,*78
$GPRMC,193546.000,A,2632.6636,N,07702.9414,W,1.92,162.21,220324,,,A*73
$GPVTG,162.21,T,,M,1.92,N,3.6,K,N*0B
$GPGGA,193551.000,2632.6464,N,07702.9440,W,1,03,14.8,34.4,M,-33.0,M,,0000*6A
$GPGSA,A,2,17,03,19,,,,,,,,,,14.8,14.8,1.0*3F
$GPGSV,3,1,10,22,80,024,,14,66,125,,06,58,249,,17,51,017,20*75
$GPGSV,3,2,10,19,48,329,20,03,28,060,30,11,23,231,,30,18,189,*70
$GPGSV,3,3,10,24,11,303,16,02,01,046,*78
$GPRMC,193551.000,A,2632.6464,N,07702.9440,W,4.93,183.48,220324,,,A*75
$GPVTG,183.48,T,,M,4.93,N,9.1,K,N*02
$GPGGA,193556.000,2632.6352,N,07702.9452,W,1,03,14.9,34.8,M,-33.0,M,,0000*61
$GPGSA,A,2,17,03,19,,,,,,,,,,14.9,14.9,1.0*3F
$GPGSV,3,1,10,22,80,024,,14,66,125,,06,58,249,,17,51,017,20*75
$GPGSV,3,2,10,19,48,329,21,03,28,060,30,11,23,231,,30,18,189,*71
$GPGSV,3,3,10,24,11,303,15,02,01,046,*7B
$GPRMC,193556.000,A,2632.6352,N,07702.9452,W,6.29,188.76,220324,,,A*76
$GPGGA,193601.000,2632.6434,N,07702.9445,W,1,03,14.9,35.9,M,-33.0,M,,0000*61
$GPGSA,A,2,17,03,19,,,,,,,,,,15.0,14.9,1.0*37
$GPGSV,3,1,10,22,80,024,,14,66,125,,06,58,249,,17,51,017,20*75
$GPGSV,3,2,10,19,48,329,21,03,28,060,30,11,23,231,,30,18,189,*71
$GPGSV,3,3,10,24,11,303,15,02,01,046,*7B
$GPRMC,193601.000,A,2632.6434,N,07702.9445,W,0.77,160.10,220324,,,A*7D
$GPVTG,160.10,T,,M,0.77,N,1.4,K,N*01
$GPGGA,193606.000,2632.6460,N,07702.9430,W,1,03,15.0,35.8,M,-33.0,M,,0000*6C
$GPGSA,A,2,17,03,19,,,,,,,,,,15.1,15.0,1.0*3E
$GPGSV,3,1,10,22,80,024,,14,66,125,,06,58,249,,17,51,017,20*75
$GPGSV,3,2,10,19,48,329,21,03,28,060,30,11,23,231,,30,18,189,*71
$GPGSV,3,3,10,24,11,303,15,02,01,046,*7B
$GPRMC,193606.000,A,2632.6460,N,07702.9430,W,1.17,335.42,220324,,,A*7B
$GPVTG,335.42,T,,M,1.17,N,2.2,K,N*06
$GPGGA,193611.000,2632.6718,N,07702.9370,W,1,03,15.1,36.2,M,-33.0,M,,0000*6D
$GPGSA,A,2,17,03,19,,,,,,,,,,15.1,15.1,1.0*3F
$GPGSV,3,1,10,22,80,024,,14,66,125,,06,58,249,,17,51,017,20*75
$GPGSV,3,2,10,19,48,329,21,03,28,060,30,11,23,231,,30,18,189,*71
$GPGSV,3,3,10,24,11,303,15,02,01,046,*7B
$GPRMC,193611.000,A,2632.6718,N,07702.9370,W,8.41,13.52,220324,,,A*4E
$GPVTG,13.52,T,,M,8.41,N,15.6,K,N*08
$GPGGA,193616.000,2632.6876,N,07702.9357,W,1,03,15.2,36.6,M,-33.0,M,,0000*6F
$GPGSA,A,2,17,03,19,,,,,,,,,,15.2,15.2,1.0*3F
$GPGSV,3,1,10,22,80,024,,14,66,125,,06,58,249,,17,51,017,20*75
$GPGSV,3,2,10,19,48,329,21,03,28,060,30,11,23,231,,30,18,189,*71
$GPGSV,3,3,10,24,11,303,15,02,01,046,*7B
$GPRMC,193616.000,A,2632.6876,N,07702.9357,W,9.38,6.34,220324,,,A*70
$GPGGA,193621.000,2632.7003,N,07702.9334,W,1,03,15.3,36.8,M,-33.0,M,,0000*6A
$GPGSA,A,2,17,03,19,,,,,,,,,,15.3,15.3,1.0*3F
$GPGSV,3,1,10,22,80,024,,14,66,125,,06,58,249,,17,51,017,20*75
$GPGSV,3,2,10,19,48,329,21,03,28,060,30,11,23,231,,30,18,189,*71
$GPGSV,3,3,10,24,11,303,14,02,01,046,*7A
$GPRMC,193621.000,A,2632.7003,N,07702.9334,W,9.23,13.46,220324,,,A*41
$GPVTG,13.46,T,,M,9.23,N,17.1,K,N*0D
$GPGGA,193626.000,2632.6834,N,07702.9373,W,1,03,15.4,36.2,M,-33.0,M,,0000*6E
$GPGSA,A,2,17,03,19,,,,,,,,,,15.4,15.4,1.0*3F
$GPGSV,3,1,10,22,80,024,,14,66,125,,06,58,249,,17,51,017,20*75
$GPGSV,3,2,10,19,48,329,21,03,28,060,29,11,23,231,,30,18,189,*79
$GPGSV,3,3,10,24,11,303,,02,01,046,*7F
$GPRMC,193626.000,A,2632.6834,N,07702.9373,W,0.87,39.08,220324,,,A*4D
$GPVTG,39.08,T,,M,0.87,N,1.6,K,N*38
$GPGGA,193631.000,2632.6965,N,07702.9365,W,1,03,15.4,36.9,M,-33.0,M,,0000*61
$GPGSA,A,2,17,03,19,,,,,,,,,,15.5,15.4,1.0*3E
$GPGSV,3,1,10,22,80,024,,14,66,125,,06,58,249,,17,51,017,19*7F
$GPGSV,3,2,10,19,48,329,21,03,28,060,29,11,23,231,,30,18,189,*79
$GPGSV,3,3,10,24,11,303,,02,01,046,*7F
$GPRMC,193631.000,A,2632.6965,N,07702.9365,W,3.75,8.61,220324,,,A*7A
$GPVTG,8.61,T,,M,3.75,N,6.9,K,N*03
$GPGGA,193636.000,2632.6872,N,07702.9386,W,1,03,15.5,36.6,M,-33.0,M,,0000*62
$GPGSA,A,2,17,03,19,,,,,,,,,,15.6,15.5,1.0*3C
$GPGSV,3,1,10,22,80,024,,14,66,125,,06,58,249,,17,51,017,19*7F
$GPGSV,3,2,10,19,48,329,21,03,28,060,29,11,23,231,,30,18,189,*79
$GPGSV,3,3,10,24,11,303,,02,01,046,*7F
$GPVTG,77.86,T,,M,0.36,N,0.7,K,N*3E
$GPGGA,193641.000,2632.6695,N,07702.9410,W,1,03,15.6,36.3,M,-33.0,M,,0000*6B
$GPGSA,A,2,17,03,19,,,,,,,,,,15.7,15.6,1.0*3E
$GPGSV,3,1,10,22,80,024,,14,66,125,,06,58,249,,17,51,017,19*7F
$GPGSV,3,2,10,19,48,329,21,03,28,060,29,11,23,231,,30,18,189,*79
$GPGSV,3,3,10,24,11,303,,02,01,046,*7F
$GPRMC,193641.000,A,2632.6695,N,07702.9410,W,5.79,181.03,220324,,,A*76
$GPVTG,181.03,T,,M,5.79,N,10.7,K,N*34
$GPGGA,193646.000,2632.6459,N,07702.9433,W,1,03,15.7,35.8,M,-33.0,M,,0000*66
$GPGSA,A,2,17,03,19,,,,,,,,,,15.7,15.7,1.0*3F
$GPGSV,3,1,10,22,80,024,,14,66,125,,06,58,249,,17,51,017,19*7F
$GPGSV,3,2,10,19,48,329,21,03,28,060,29,11,23,231,,30,18,189,*79
$GPGSV,3,3,10,24,11,303,,02,01,046,*7F
$GPRMC,193646.000,A,2632.6459,N,07702.9433,W,9.32,186.62,220324,,,A*71
$GPVTG,186.62,T,,M,9.32,N,17.3,K,N*34
$GPGGA,193651.000,2632.6459,N,07702.9433,W,1,03,15.8,36.2,M,-33.0,M,,0000*66
$GPGSA,A,2,17,03,19,,,,,,,,,,15.8,15.8,1.0*3F
$GPGSV,3,1,10,22,80,024,,14,66,125,,06,58,249,,17,51,017,18*7E
$GPGSV,3,2,10,19,48,329,20,03,28,060,29,11,23,231,,30,18,189,*78
$GPGSV,3,3,10,24,11,303,,02,01,046,*7F
$GPRMC,193651.000,A,2632.6459,N,07702.9433,W,5.23,197.17,220324,,,A*79
$GPVTG,197.17,T,,M,5.23,N,9.7,K,N*01
$GPGGA,193656.000,2632.6556,N,07702.9430,W,6,00,50.0,36.6,M,-33.0,M,,0000*65
$GPGSA,A,2,,,,,,,,,,,,,50.0,50.0,50.0*06
$GPGSV,3,1,10,22,80,024,,14,66,125,,06,58,249,,17,51,017,18*7E
$GPGSV,3,2,10,19,48,329,20,03,28,060,29,11,23,231,,30,18,189,*78
$GPGSV,3,3,10,24,11,303,,02,01,046,*7F
$GPRMC,193656.000,A,2632.6556,N,07702.9430,W,1.07,251.32,220324,,,E*7B
$GPVTG,251.32,T,,M,1.07,N,2.0,K,N*01
$GPGGA,193701.000,2632.6586,N,07702.9450,W,1,03,16.0,36.7,M,-33.0,M,,0000*6A
$GPGSA,A,2,17,03,19,,,,,,,,,,16.0,16.0,1.0*3F
$GPGSV,3,1,10,22,80,024,,14,66,125,,06,58,249,,17,51,017,19*7F
$GPGSV,3,2,10,19,48,329,20,03,28,060,29,11,23,231,,30,18,189,*78
$GPGSV,3,3,10,24,11,303,,02,01,046,*7F
$GPRMC,193701.000,A,2632.6586,N,07702.9450,W,1.18,179.13,220324,,,A*73
$GPGGA,193706.000,2632.6587,N,07702.9433,W,1,03,16.1,36.8,M,-33.0,M,,0000*67
$GPGSA,A,2,17,03,19,,,,,,,,,,16.1,16.1,1.0*3F
$GPGSV,3,1,10,22,80,024,,14,66,125,,06,58,249,,17,51,017,19*7F
$GPGSV,3,2,10,19,48,329,20,03,28,060,29,11,23,231,,30,18,189,*78
$GPGSV,3,3,10,24,11,303,,02,01,046,*7F
$GPRMC,193706.000,A,2632.6587,N,07702.9433,W,1.25,57.29,220324,,,A*4A
$GPVTG,57.29,T,,M,1.25,N,2.3,K,N*3C
$GPGGA,193711.000,2632.6438,N,07702.9440,W,1,03,16.2,36.7,M,-33.0,M,,0000*6C
$GPGSA,A,2,17,03,19,,,,,,,,,,16.2,16.2,1.0*3F
$GPGSV,3,1,10,22,80,024,,14,66,125,,06,58,249,,17,51,017,20*75
$GPGSV,3,2,10,19,48,329,20,03,28,060,29,11,23,231,,30,18,189,*78
$GPGSV,3,3,10,24,11,303,,02,01,046,*7F
$GPRMC,193711.000,A,2632.6438,N,07702.9440,W,3.86,195.44,220324,,,A*72
$GPVTG,195.44,T,,M,3.86,N,7.2,K,N*07
$GPGGA,193716.000,2632.6325,N,07702.9459,W,1,03,16.3,36.7,M,-33.0,M,,0000*69
$GPGSA,A,2,17,03,19,,,,,,,,,,16.3,16.3,1.0*3F
$GPGSV,3,1,10,22,81,032,,14,65,128,,06,59,251,,17,51,019,20*7B
$GPGSV,3,2,10,19,48,331,20,03,28,059,29,11,24,232,,30,17,188,*71
$GPGSV,3,3,10,24,11,302,,02,00,046,*7F
$GPRMC,193716.000,A,2632.6325,N,07702.9459,W,4.83,178.12,220324,,,A*74
$GPVTG,178.12,T,,M,4.83,N,8.9,K,N*01
$GPGGA,193721.000,2632.6368,N,07702.9453,W,1,03,16.4,36.6,M,-33.0,M,,0000*68
$GPGSA,A,2,17,03,19,,,,,,,,,,16.4,16.4,1.0*3F
$GPGSV,3,1,10,22,81,032,,14,65,128,,06,59,251,,17,51,019,20*7B
$GPGSV,3,2,10,19,48,331,20,03,28,059,29,11,24,232,,30,17,188,*71
$GPGSV,3,3,10,24,11,302,,02,00,046,*7F
$GPRMC,193721.000,A,2632.6368,N,07702.9453,W,1.85,196.80,220324,,,A*7B
$GPGGA,193726.000,2632.6451,N,07702.9422,W,1,03,16.5,36.9,M,-33.0,M,,0000*6A
$GPGSA,A,2,17,03,19,,,,,,,,,,16.5,16.5,1.0*3F
$GPGSV,3,1,10,22,81,032,,14,65,128,,06,59,251,,17,51,019,20*7B
$GPGSV,3,2,10,19,48,331,20,03,28,059,29,11,24,232,,30,17,188,*71
$GPGSV,3,3,10,24,11,302,,02,00,046,*7F
$GPRMC,193726.000,A,2632.6451,N,07702.9422,W,2.46,13.19,220324,,,A*47
$GPVTG,13.19,T,,M,2.46,N,4.6,K,N*3A
$GPGGA,193731.000,2632.6412,N,07702.9439,W,1,03,16.6,36.8,M,-33.0,M,,0000*63
$GPGSA,A,2,17,03,19,,,,,,,,,,16.6,16.6,1.0*3F
$GPGSV,3,1,10,22,81,032,,14,65,128,,06,59,251,,17,51,019,20*7B
$GPGSV,3,2,10,19,48,331,20,03,28,059,29,11,24,232,,30,17,188,*71
$GPGSV,3,3,10,24,11,302,,02,00,046,*7F
$GPRMC,193731.000,A,2632.6412,N,07702.9439,W,0.42,106.52,220324,,,A*70
$GPVTG,106.52,T,,M,0.42,N,0.8,K,N*0C
$GPGGA,193736.000,2632.6360,N,07702.9453,W,1,03,16.7,36.8,M,-33.0,M,,0000*6B
$GPGSA,A,2,17,03,19,,,,,,,,,,16.7,16.7,1.0*3F
$GPGSV,3,1,10,22,81,032,,14,65,128,,06,59,251,,17,51,019,20*7B
$GPGSV,3,2,10,19,48,331,20,03,28,059,29,11,24,232,,30,17,188,*71
$GPGSV,3,3,10,24,11,302,,02,00,046,*7F
$GPRMC,193736.000,A,2632.6360,N,07702.9453,W,1.49,205.45,220324,,,A*75
$GPVTG,205.45,T,,M,1.49,N,2.8,K,N*02
$GPGGA,193741.000,2632.6578,N,07702.9430,W,1,03,16.8,37.3,M,-33.0,M,,0000*64
$GPGSA,A,2,17,03,19,,,,,,,,,,16.8,16.8,1.0*3F
$GPGSV,3,1,10,22,81,032,,14,65,128,,06,59,251,,17,51,019,20*7B
$GPGSV,3,2,10,19,48,331,20,03,28,059,29,11,24,232,,30,17,188,*71
$GPGSV,3,3,10,24,11,302,,02,00,046,*7F
$GPVTG,3.77,T,,M,5.27,N,9.8,K,N*00
$GPGGA,193746.000,2632.6654,N,07702.9411,W,1,03,16.9,37.2,M,-33.0,M,,0000*6D
$GPGSA,A,2,17,03,19,,,,,,,,,,16.9,16.9,1.0*3F
$GPGSV,3,1,10,22,81,032,,14,65,128,,06,59,251,,17,51,019,20*7B
$GPGSV,3,2,10,19,48,331,20,03,28,059,29,11,24,232,,30,17,188,*71
$GPGSV,3,3,10,24,11,302,,02,00,046,*7F
$GPRMC,193746.000,A,2632.6654,N,07702.9411,W,5.88,356.15,220324,,,A*7D
$GPVTG,356.15,T,,M,5.88,N,10.9,K,N*3B
$GPGGA,193751.000,2632.6634,N,07702.9412,W,1,03,17.0,37.0,M,-33.0,M,,0000*64
$GPGSA,A,2,17,03,19,,,,,,,,,,17.0,17.0,1.0*3F
$GPGSV,3,1,10,22,81,032,,14,65,128,,06,59,251,,17,51,019,20*7B
$GPGSV,3,2,10,19,48,331,20,03,28,059,29,11,24,232,,30,17,188,*71
$GPGSV,3,3,10,24,11,302,,02,00,046,*7F
$GPRMC,193751.000,A,2632.6634,N,07702.9412,W,2.01,25.96,220324,,,A*44
$GPVTG,25.96,T,,M,2.01,N,3.7,K,N*3D
$GPGGA,193756.000,2632.6523,N,07702.9428,W,1,03,17.1,36.8,M,-33.0,M,,0000*67
$GPGSA,A,2,17,03,19,,,,,,,,,,17.1,17.1,1.0*3F
$GPGSV,3,1,10,22,81,032,,14,65,128,,06,59,251,,17,51,019,20*7B
$GPGSV,3,2,10,19,48,331,20,03,28,059,28,11,24,232,,30,17,188,*70
$GPGSV,3,3,10,24,11,302,,02,00,046,*7F
$GPRMC,193756.000,A,2632.6523,N,07702.9428,W,2.14,185.84,220324,,,A*73
$GPVTG,185.84,T,,M,2.14,N,4.0,K,N*01
$GPGGA,193801.000,2632.6453,N,07702.9445,W,1,03,17.2,36.7,M,-33.0,M,,0000*6B
$GPGSA,A,2,17,03,19,,,,,,,,,,17.2,17.2,1.0*3F
$GPGSV,3,1,10,22,81,032,,14,65,128,,06,59,251,,17,51,019,20*7B
$GPGSV,3,2,10,19,48,331,20,03,28,059,28,11,24,232,,30,17,188,*70
$GPGSV,3,3,10,24,11,302,,02,00,046,*7F
$GPVTG,192.89,T,,M,3.84,N,7.1,K,N*00
$GPGGA,193806.000,2632.6409,N,07702.9430,W,1,03,17.3,36.7,M,-33.0,M,,0000*60
$GPGSA,A,2,17,03,19,,,,,,,,,,17.3,17.3,1.0*3F
$GPGSV,3,1,10,22,81,032,,14,65,128,,06,59,251,,17,51,019,20*7B
$GPGSV,3,2,10,19,48,331,21,03,28,059,28,11,24,232,,30,17,188,*71
$GPGSV,3,3,10,24,11,302,,02,00,046,*7F
$GPRMC,193806.000,A,2632.6409,N,07702.9430,W,4.77,184.64,220324,,,A*75
$GPVTG,184.64,T,,M,4.77,N,8.8,K,N*09
$GPGGA,193811.000,2632.6408,N,07702.9422,W,1,03,17.4,37.0,M,-33.0,M,,0000*65
$GPGSA,A,2,17,03,19,,,,,,,,,,17.5,17.4,1.0*3E
$GPGSV,3,1,10,22,81,032,,14,65,128,,06,59,251,,17,51,019,19*71
$GPGSV,3,2,10,19,48,331,21,03,28,059,28,11,24,232,,30,17,188,*71
$GPGSV,3,3,10,24,11,302,,02,00,046,*7F
$GPRMC,193811.000,A,2632.6408,N,07702.9422,W,3.79,177.49,220324,,,A*7B
$GPVTG,177.49,T,,M,3.79,N,7.0,K,N*04
$GPGGA,193816.000,2632.6634,N,07702.9373,W,1,03,17.5,37.4,M,-33.0,M,,0000*69
$GPGSA,A,2,17,03,19,,,,,,,,,,17.6,17.5,1.0*3C
$GPGSV,3,1,10,22,81,032,,14,65,128,,06,59,251,,17,51,019,19*71
$GPGSV,3,2,10,19,48,331,21,03,28,059,29,11,24,232,,30,17,188,*70
$GPGSV,3,3,10,24,11,302,,02,00,046,*7F
$GPRMC,193816.000,A,2632.6634,N,07702.9373,W,4.64,2.44,220324,,,A*77
$GPVTG,2.44,T,,M,4.64,N,8.6,K,N*08
$GPGGA,193821.000,2632.6702,N,07702.9393,W,1,03,17.7,37.6,M,-33.0,M,,0000*67
$GPGSA,A,2,17,03,19,,,,,,,,,,17.7,17.7,1.0*3F
$GPGSV,3,1,10,22,81,032,,14,65,128,,06,59,251,,17,51,019,19*71
$GPGSV,3,2,10,19,48,331,21,03,28,059,28,11,24,232,,30,17,188,*71
$GPGSV,3,3,10,24,11,302,,02,00,046,*7F
$GPVTG,347.71,T,,M,4.00,N,7.4,K,N*03
$GPGGA,193826.000,2632.6783,N,07702.9367,W,1,03,17.8,37.7,M,-33.0,M,,0000*6C
$GPGSA,A,2,17,03,19,,,,,,,,,,17.8,17.8,1.0*3F
$GPGSV,3,1,10,22,81,032,,14,65,128,,06,59,251,,17,51,019,18*70
$GPGSV,3,2,10,19,48,331,21,03,28,059,28,11,24,232,,30,17,188,*71
$GPGSV,3,3,10,24,11,302,,02,00,046,*7F
$GPRMC,193826.000,A,2632.6783,N,07702.9367,W,3.52,1.77,220324,,,A*7D
$GPVTG,1.77,T,,M,3.52,N,6.5,K,N*04
$GPGGA,193831.000,2632.6786,N,07702.9369,W,1,03,17.9,37.4,M,-33.0,M,,0000*63
$GPGSA,A,2,17,03,19,,,,,,,,,,17.9,17.9,1.0*3F
$GPGSV,3,1,10,22,81,032,,14,65,128,,06,59,251,,17,51,019,18*70
$GPGSV,3,2,10,19,48,331,21,03,28,059,28,11,24,232,,30,17,188,*71
$GPGSV,3,3,10,24,11,302,,02,00,046,*7F
$GPRMC,193831.000,A,2632.6786,N,07702.9369,W,1.79,10.74,220324,,,A*48
$GPVTG,10.74,T,,M,1.79,N,3.3,K,N*3F
$GPGGA,193836.000,2632.6674,N,07702.9392,W,6,00,50.0,37.1,M,-33.0,M,,0000*67
$GPGSA,A,2,,,,,,,,,,,,,50.0,50.0,50.0*06
$GPGSV,3,1,10,22,81,032,,14,65,128,,06,59,251,,17,51,019,18*70
$GPGSV,3,2,10,19,48,331,21,03,28,059,28,11,24,232,,30,17,188,*71
$GPGSV,3,3,10,24,11,302,,02,00,046,*7F
$GPRMC,193836.000,A,2632.6674,N,07702.9392,W,1.04,200.71,220324,,,E*7F
$GPVTG,200.71,T,,M,1.04,N,1.9,K,N*0B
$GPGGA,193841.000,2632.6605,N,07702.9375,W,1,03,18.1,37.0,M,-33.0,M,,0000*60
$GPGSA,A,2,17,03,19,,,,,,,,,,18.2,18.1,1.0*3C
$GPGSV,3,1,10,22,81,032,,14,65,128,,06,59,251,,17,51,019,18*70
$GPGSV,3,2,10,19,48,331,21,03,28,059,28,11,24,232,,30,17,188,*71
$GPGSV,3,3,10,24,11,302,,02,00,046,*7F
$GPVTG,198.18,T,,M,2.15,N,4.0,K,N*09
$GPGGA,193846.000,2632.6804,N,07702.9371,W,1,03,18.3,37.5,M,-33.0,M,,0000*6B
$GPGSA,A,2,17,03,19,,,,,,,,,,18.3,18.3,1.0*3F
$GPGSV,3,1,10,22,81,032,,14,65,128,,06,59,251,,17,51,019,17*7F
$GPGSV,3,2,10,19,48,331,21,03,28,059,28,11,24,232,,30,17,188,*71
$GPGSV,3,3,10,24,11,302,,02,00,046,*7F
$GPRMC,193846.000,A,2632.6804,N,07702.9371,W,4.11,348.43,220324,,,A*75
$GPVTG,348.43,T,,M,4.11,N,7.6,K,N*0F
$GPGGA,193851.000,2632.6663,N,07702.9386,W,1,03,18.4,37.5,M,-33.0,M,,0000*6D
$GPGSA,A,2,17,03,19,,,,,,,,,,18.4,18.4,1.0*3F
$GPGSV,3,1,10,22,81,032,,14,65,128,,06,59,251,,17,51,019,17*7F
$GPGSV,3,2,10,19,48,331,20,03,28,059,28,11,24,232,,30,17,188,*70
$GPGSV,3,3,10,24,11,302,,02,00,046,*7F
$GPRMC,193851.000,A,2632.6663,N,07702.9386,W,2.89,185.64,220324,,,A*75
$GPVTG,185.64,T,,M,2.89,N,5.3,K,N*09
$GPGGA,193856.000,2632.6759,N,07702.9378,W,6,00,50.0,37.8,M,-33.0,M,,0000*62
$GPGSA,A,2,,,,,,,,,,,,,50.0,50.0,50.0*06
$GPGSV,3,1,10,22,81,032,,14,65,128,,06,59,251,,17,51,019,17*7F
$GPGSV,3,2,10,19,48,331,20,03,28,059,27,11,24,232,,30,17,188,*7F
$GPGSV,3,3,10,24,11,302,,02,00,046,*7F
$GPRMC,193856.000,A,2632.6759,N,07702.9378,W,0.77,344.29,220324,,,E*7A
$GPVTG,344.29,T,,M,0.77,N,1.4,K,N*0F
$GPGGA,193901.000,2632.6466,N,07702.9440,W,1,03,18.6,37.1,M,-33.0,M,,0000*65
$GPGSA,A,2,17,03,19,,,,,,,,,,18.7,18.6,1.0*3E
$GPGSV,3,1,10,22,81,032,,14,65,128,,06,59,251,,17,51,019,17*7F
$GPGSV,3,2,10,19,48,331,20,03,28,059,27,11,24,232,,30,17,188,*7F
$GPGSV,3,3,10,24,11,302,,02,00,046,*7F
$GPRMC,193901.000,A,2632.6466,N,07702.9440,W,8.14,189.25,220324,,,A*7C
$GPVTG,189.25,T,,M,8.14,N,15.1,K,N*3D
$GPGGA,193906.000,2632.6253,N,07702.9456,W,6,00,50.0,36.7,M,-33.0,M,,0000*6C
$GPGSA,A,2,,,,,,,,,,,,,50.0,50.0,50.0*06
$GPGSV,3,1,10,22,81,032,,14,65,128,,06,59,251,,17,51,019,17*7F
$GPGSV,3,2,10,19,48,331,20,03,28,059,27,11,24,232,,30,17,188,*7F
$GPGSV,3,3,10,24,11,302,,02,00,046,*7F
$GPRMC,193906.000,A,2632.6253,N,07702.9456,W,9.29,187.34,220324,,,E*79
$GPGGA,193911.000,2632.6166,N,07702.9457,W,6,00,50.0,36.9,M,-33.0,M,,0000*60
$GPGSA,A,2,,,,,,,,,,,,,50.0,50.0,50.0*06
$GPGSV,3,1,10,22,81,032,,14,65,128,,06,59,251,,17,51,019,17*7F
$GPGSV,3,2,10,19,48,331,21,03,28,059,27,11,24,232,,30,17,188,*7E
$GPGSV,3,3,10,24,11,302,,02,00,046,*7F
$GPRMC,193911.000,A,2632.6166,N,07702.9457,W,8.42,180.34,220324,,,E*70
$GPVTG,180.34,T,,M,8.42,N,15.6,K,N*30
$GPGGA,193916.000,2632.5914,N,07702.9459,W,6,00,50.0,36.9,M,-33.0,M,,0000*67
$GPGSA,A,2,,,,,,,,,,,,,50.0,50.0,50.0*06
$GPGSV,3,1,10,22,81,032,,14,65,128,,06,59,251,,17,51,019,17*7F
$GPGSV,3,2,10,19,48,331,20,03,28,059,27,11,24,232,,30,17,188,*7F
$GPGSV,3,3,10,24,11,302,,02,00,046,*7F
$GPRMC,193916.000,A,2632.5914,N,07702.9459,W,13.23,185.36,220324,,,E*4D
$GPVTG,185.36,T,,M,13.23,N,24.5,K,N*0B
$GPGGA,193921.000,2632.5969,N,07702.9466,W,6,00,50.0,37.0,M,-33.0,M,,0000*6D
$GPGSA,A,2,,,,,,,,,,,,,50.0,50.0,50.0*06
$GPGSV,3,1,10,22,81,032,,14,65,128,,06,59,251,,17,51,019,17*7F
$GPGSV,3,2,10,19,48,331,20,03,28,059,26,11,24,232,,30,17,188,*7E
$GPGSV,3,3,10,24,11,302,,02,00,046,*7F
$GPRMC,193921.000,A,2632.5969,N,07702.9466,W,6.36,181.54,220324,,,E*7F
$GPVTG,181.54,T,,M,6.36,N,11.8,K,N*30
$GPGGA,193926.000,2632.6093,N,07702.9460,W,1,03,19.3,38.3,M,-33.0,M,,0000*65
$GPGSA,A,2,17,03,19,,,,,,,,,,19.3,19.3,1.0*3F
$GPGSV,3,1,10,22,81,032,,14,65,128,,06,59,251,,17,51,019,17*7F
$GPGSV,3,2,10,19,48,331,20,03,28,059,26,11,24,232,,30,17,188,*7E
$GPGSV,3,3,10,24,11,302,,02,00,046,*7F
$GPRMC,193926.000,A,2632.6093,N,07702.9460,W,3.59,184.05,220324,,,A*78
$GPGGA,193931.000,2632.6153,N,07702.9473,W,1,03,19.5,38.7,M,-33.0,M,,0000*6E
$GPGSA,A,2,17,03,19,,,,,,,,,,19.5,19.5,1.0*3F
$GPGSV,3,1,10,22,81,032,,14,65,128,,06,59,251,,17,51,019,16*7E
$GPGSV,3,2,10,19,48,331,21,03,28,059,26,11,24,232,,30,17,188,*7F
$GPGSV,3,3,10,24,11,302,,02,00,046,*7F
$GPRMC,193931.000,A,2632.6153,N,07702.9473,W,1.00,194.94,220324,,,A*76
$GPVTG,194.94,T,,M,1.00,N,1.9,K,N*0A
$GPGGA,193936.000,2632.6260,N,07702.9459,W,1,03,19.6,38.7,M,-33.0,M,,0000*61
$GPGSA,A,2,17,03,19,,,,,,,,,,19.6,19.6,1.0*3F
$GPGSV,3,1,10,22,81,032,,14,65,128,,06,59,251,,17,51,019,16*7E
$GPGSV,3,2,10,19,48,331,21,03,28,059,25,11,24,232,,30,17,188,*7C
$GPGSV,3,3,10,24,11,302,,02,00,046,*7F
$GPRMC,193936.000,A,2632.6260,N,07702.9459,W,2.78,0.34,220324,,,A*70
$GPVTG,0.34,T,,M,2.78,N,5.2,K,N*0F
$GPGGA,193941.000,2632.6621,N,07702.9377,W,1,03,19.7,39.9,M,-33.0,M,,0000*65
$GPGSA,A,2,17,03,19,,,,,,,,,,19.8,19.7,1.0*30
$GPGSV,3,1,10,22,81,032,,14,65,128,,06,59,251,,17,51,019,16*7E
$GPGSV,3,2,10,19,48,331,21,03,28,059,25,11,24,232,,30,17,188,*7C
$GPGSV,3,3,10,24,11,302,,02,00,046,*7F
$GPRMC,193941.000,A,2632.6621,N,07702.9377,W,8.22,15.17,220324,,,A*4A
$GPVTG,15.17,T,,M,8.22,N,15.2,K,N*0E
$GPGGA,193946.000,2632.6531,N,07702.9361,W,1,03,19.9,39.5,M,-33.0,M,,0000*65
$GPGSA,A,2,17,03,19,,,,,,,,,,19.9,19.9,1.0*3F
$GPGSV,3,1,10,22,81,032,,14,65,128,,06,59,251,,17,51,019,17*7F
$GPGSV,3,2,10,19,48,331,21,03,28,059,24,11,24,232,,30,17,188,*7D
$GPGSV,3,3,10,24,11,302,,02,00,046,*7F
$GPVTG,16.14,T,,M,3.98,N,7.4,K,N*31
$GPGGA,193951.000,2632.6621,N,07702.9361,W,1,03,20.0,39.8,M,-33.0,M,,0000*6F
$GPGSA,A,2,17,03,19,,,,,,,,,,20.1,20.0,1.0*3E
$GPGSV,3,1,10,22,81,032,,14,65,128,,06,59,251,,17,51,019,17*7F
$GPGSV,3,2,10,19,48,331,22,03,28,059,24,11,24,232,,30,17,188,*7E
$GPGSV,3,3,10,24,11,302,,02,00,046,*7F
$GPRMC,193951.000,A,2632.6621,N,07702.9361,W,5.74,14.22,220324,,,A*45
$GPVTG,14.22,T,,M,5.74,N,10.6,K,N*06
$GPGGA,193956.000,2632.6652,N,07702.9344,W,1,03,20.2,39.5,M,-33.0,M,,0000*64
$GPGSA,A,2,17,03,19,,,,,,,,,,20.2,20.2,1.0*3F
$GPGSV,3,1,10,22,81,032,,14,65,128,,06,59,251,,17,51,019,17*7F
$GPGSV,3,2,10,19,48,331,21,03,28,059,24,11,24,232,,30,17,188,*7D
$GPGSV,3,3,10,24,11,302,,02,00,046,*7F
$GPRMC,193956.000,A,2632.6652,N,07702.9344,W,4.47,2.39,220324,,,A*7D
$GPVTG,2.39,T,,M,4.47,N,8.3,K,N*06
$GPGGA,194001.000,2632.6837,N,07702.9321,W,1,03,20.3,40.2,M,-33.0,M,,0000*6E
$GPGSA,A,2,17,03,19,,,,,,,,,,20.4,20.3,1.0*38
$GPGSV,3,1,10,22,81,032,,14,65,128,,06,59,251,,17,51,019,17*7F
$GPGSV,3,2,10,19,48,331,22,03,28,059,23,11,24,232,,30,17,188,*79
$GPGSV,3,3,10,24,11,302,,02,00,046,*7F
$GPRMC,194001.000,A,2632.6837,N,07702.9321,W,7.51,358.66,220324,,,A*7D
$GPVTG,358.66,T,,M,7.51,N,13.9,K,N*34
$GPGGA,194006.000,2632.6923,N,07702.9333,W,1,03,20.5,40.1,M,-33.0,M,,0000*6B
$GPGSA,A,2,17,03,19,,,,,,,,,,20.5,20.5,1.0*3F
$GPGSV,3,1,10,22,81,032,,14,65,128,,06,59,251,,17,51,019,17*7F
$GPGSV,3,2,10,19,48,331,21,03,28,059,23,11,24,232,,30,17,188,*7A
$GPGSV,3,3,10,24,11,302,,02,00,046,*7F
$GPVTG,4.84,T,,M,7.71,N,14.3,K,N*3D
$GPGGA,194011.000,2632.6845,N,07702.9345,W,6,00,50.0,40.0,M,-33.0,M,,0000*6A
$GPGSA,A,2,,,,,,,,,,,,,50.0,50.0,50.0*06
$GPGSV,3,1,10,22,81,032,,14,65,128,,06,59,251,,17,51,019,17*7F
$GPGSV,3,2,10,19,48,331,21,03,28,059,23,11,24,232,,30,17,188,*7A
$GPGSV,3,3,10,24,11,302,,02,00,046,*7F
$GPRMC,194011.000,A,2632.6845,N,07702.9345,W,1.61,10.73,220324,,,E*41
$GPVTG,10.73,T,,M,1.61,N,3.0,K,N*32
$GPGGA,194016.000,2632.6510,N,07702.9388,W,6,00,50.0,39.3,M,-33.0,M,,0000*6C
$GPGSA,A,2,,,,,,,,,,,,,50.0,50.0,50.0*06
$GPGSV,3,1,10,22,82,041,,14,64,130,,06,60,254,,17,51,021,17*74
$GPGSV,3,2,10,19,48,333,21,03,27,057,22,11,25,233,,30,16,187,*76
$GPGSV,3,3,10,24,11,301,,20,00,201,*7D
$GPRMC,194016.000,A,2632.6510,N,07702.9388,W,8.68,185.46,220324,,,E*71
$GPVTG,185.46,T,,M,8.68,N,16.1,K,N*3C
$GPGGA,194021.000,2632.6211,N,07702.9410,W,1,03,21.0,38.6,M,-33.0,M,,0000*6E
$GPGSA,A,2,17,03,19,,,,,,,,,,21.0,21.0,1.0*3F
$GPGSV,3,1,10,22,82,041,,14,64,130,,06,60,254,,17,51,021,18*7B
$GPGSV,3,2,10,19,48,333,21,03,27,057,22,11,25,233,,30,16,187,*76
$GPGSV,3,3,10,24,11,301,,20,00,201,*7D
$GPRMC,194021.000,A,2632.6211,N,07702.9410,W,14.56,175.55,220324,,,A*4C
$GPVTG,175.55,T,,M,14.56,N,27.0,K,N*02
$GPGGA,194026.000,2632.5847,N,07702.9487,W,1,03,21.2,37.9,M,-33.0,M,,0000*6F
$GPGSA,A,2,17,03,19,,,,,,,,,,21.2,21.2,1.0*3F
$GPGSV,3,1,10,22,82,041,,14,64,130,,06,60,254,,17,51,021,18*7B
$GPGSV,3,2,10,19,48,333,21,03,27,057,22,11,25,233,,30,16,187,*76
$GPGSV,3,3,10,24,11,301,,20,00,201,*7D
$GPVTG,188.88,T,,M,18.97,N,35.1,K,N*03
$GPGGA,194031.000,2632.5805,N,07702.9494,W,1,03,21.3,37.9,M,-33.0,M,,0000*6C
$GPGSA,A,2,17,03,19,,,,,,,,,,21.4,21.3,1.0*38
$GPGSV,3,1,10,22,82,041,,14,64,130,,06,60,254,,17,51,021,18*7B
$GPGSV,3,2,10,19,48,333,21,03,27,057,22,11,25,233,,30,16,187,*76
$GPGSV,3,3,10,24,11,301,,20,00,201,*7D
$GPRMC,194031.000,A,2632.5805,N,07702.9494,W,13.47,188.36,220324,,,A*4D
$GPVTG,188.36,T,,M,13.47,N,24.9,K,N*08
$GPGGA,194036.000,2632.5804,N,07702.9476,W,6,00,50.0,38.6,M,-33.0,M,,0000*67
$GPGSA,A,2,,,,,,,,,,,,,50.0,50.0,50.0*06
$GPGSV,3,1,10,22,82,041,,14,64,130,,06,60,254,,17,51,021,18*7B
$GPGSV,3,2,10,19,48,333,21,03,27,057,22,11,25,233,,30,16,187,*76
$GPGSV,3,3,10,24,11,301,,20,00,201,*7D
$GPRMC,194036.000,A,2632.5804,N,07702.9476,W,10.48,191.68,220324,,,E*4C
$GPVTG,191.68,T,,M,10.48,N,19.4,K,N*04
$GPGGA,194041.000,2632.6118,N,07702.9447,W,1,03,21.7,40.1,M,-33.0,M,,0000*6F
$GPGSA,A,2,17,03,19,,,,,,,,,,21.7,21.7,1.0*3F
$GPGSV,3,1,10,22,82,041,,14,64,130,,06,60,254,,17,51,021,18*7B
$GPGSV,3,2,10,19,48,333,20,03,27,057,22,11,25,233,,30,16,187,*77
$GPGSV,3,3,10,24,11,301,,20,00,201,*7D
$GPRMC,194041.000,A,2632.6118,N,07702.9447,W,1.31,96.24,220324,,,A*4D
$GPVTG,96.24,T,,M,1.31,N,2.4,K,N*3E
$GPGGA,194046.000,2632.6351,N,07702.9424,W,1,03,21.9,41.2,M,-33.0,M,,0000*6E
$GPGSA,A,2,17,03,19,,,,,,,,,,21.9,21.9,1.0*3F
$GPGSV,3,1,10,22,82,041,,14,64,130,,06,60,254,,17,51,021,18*7B
$GPGSV,3,2,10,19,48,333,20,03,27,057,22,11,25,233,,30,16,187,*77
$GPGSV,3,3,10,24,11,301,,20,00,201,*7D
$GPVTG,357.84,T,,M,3.45,N,6.4,K,N*0F
$GPGGA,194051.000,2632.6274,N,07702.9424,W,1,03,22.1,41.1,M,-33.0,M,,0000*66
$GPGSA,A,2,17,03,19,,,,,,,,,,22.1,22.1,1.0*3F
$GPGSV,3,1,10,22,82,041,,14,64,130,,06,60,254,,17,51,021,19*7A
$GPGSV,3,2,10,19,48,333,20,03,27,057,22,11,25,233,,30,16,187,*77
$GPGSV,3,3,10,24,11,301,,20,00,201,*7D
$GPRMC,194051.000,A,2632.6274,N,07702.9424,W,0.22,263.88,220324,,,A*7D
$GPVTG,263.88,T,,M,0.22,N,0.4,K,N*01
$GPGGA,194056.000,2632.5961,N,07702.9447,W,1,03,22.2,39.4,M,-33.0,M,,0000*61
$GPGSA,A,2,17,03,19,,,,,,,,,,22.3,22.2,1.0*3E
$GPGSV,3,1,10,22,82,041,,14,64,130,,06,60,254,,17,51,021,19*7A
$GPGSV,3,2,10,19,48,333,20,03,27,057,22,11,25,233,,30,16,187,*77
$GPGSV,3,3,10,24,11,301,,20,00,201,*7D
$GPRMC,194056.000,A,2632.5961,N,07702.9447,W,6.07,198.52,220324,,,A*72
$GPVTG,198.52,T,,M,6.07,N,11.2,K,N*36
$GPGGA,194101.000,2632.5828,N,07702.9466,W,1,03,22.4,39.1,M,-33.0,M,,0000*6E
$GPGSA,A,2,17,03,19,,,,,,,,,,22.5,22.4,1.0*3E
$GPGSV,3,1,10,22,82,041,,14,64,130,,06,60,254,,17,51,021,20*70
$GPGSV,3,2,10,19,48,333,20,03,27,057,22,11,25,233,,30,16,187,*77
$GPGSV,3,3,10,24,11,301,,20,00,201,*7D
$GPRMC,194101.000,A,2632.5828,N,07702.9466,W,5.72,189.71,220324,,,A*7E
$GPVTG,189.71,T,,M,5.72,N,10.6,K,N*33
$GPGGA,194106.000,2632.5859,N,07702.9475,W,1,03,22.6,39.6,M,-33.0,M,,0000*68
$GPGSA,A,2,17,03,19,,,,,,,,,,22.6,22.6,1.0*3F
$GPGSV,3,1,10,22,82,041,,14,64,130,,06,60,254,,17,51,021,19*7A
$GPGSV,3,2,10,19,48,333,20,03,27,057,22,11,25,233,,30,16,187,*77
$GPGSV,3,3,10,24,11,301,,20,00,201,*7D
$GPRMC,194106.000,A,2632.5859,N,07702.9475,W,4.61,203.94,220324,,,A*74
$GPVTG,203.94,T,,M,4.61,N,8.5,K,N*00
$GPGGA,194111.000,2632.6151,N,07702.9438,W,1,03,22.8,40.7,M,-33.0,M,,0000*64
$GPGSA,A,2,17,03,19,,,,,,,,,,22.8,22.8,1.0*3F
$GPGSV,3,1,10,22,82,041,,14,64,130,,06,60,254,,17,51,021,19*7A
$GPGSV,3,2,10,19,48,333,20,03,27,057,22,11,25,233,,30,16,187,*77
$GPGSV,3,3,10,24,11,301,,20,00,201,*7D
$GPRMC,194111.000,A,2632.6151,N,07702.9438,W,3.38,32.26,220324,,,A*4B
$GPGGA,194116.000,2632.6128,N,07702.9441,W,1,03,23.0,40.6,M,-33.0,M,,0000*6B
$GPGSA,A,2,17,03,19,,,,,,,,,,23.0,23.0,1.0*3F
$GPGSV,3,1,10,22,82,041,,14,64,130,,06,60,254,,17,51,021,19*7A
$GPGSV,3,2,10,19,48,333,20,03,27,057,22,11,25,233,,30,16,187,*77
$GPGSV,3,3,10,24,11,301,,20,00,201,*7D
$GPRMC,194116.000,A,2632.6128,N,07702.9441,W,0.91,38.08,220324,,,A*4A
$GPVTG,38.08,T,,M,0.91,N,1.7,K,N*3F
$GPGGA,194121.000,2632.5754,N,07702.9494,W,1,03,23.2,40.0,M,-33.0,M,,0000*6D
$GPGSA,A,2,17,03,19,,,,,,,,,,23.3,23.2,1.0*3E
$GPGSV,3,1,10,22,82,041,,14,64,130,,06,60,254,,17,51,021,19*7A
$GPGSV,3,2,10,19,48,333,19,03,27,057,22,11,25,233,,30,16,187,*7D
$GPGSV,3,3,10,24,11,301,,20,00,201,*7D
$GPRMC,194121.000,A,2632.5754,N,07702.9494,W,8.84,186.69,220324,,,A*77
$GPVTG,186.69,T,,M,8.84,N,16.4,K,N*35
$GPGGA,194126.000,2632.5468,N,07702.9491,W,1,03,23.4,38.7,M,-33.0,M,,0000*6D
$GPGSA,A,2,17,03,19,,,,,,,,,,23.5,23.4,1.0*3E
$GPGSV,3,1,10,22,82,041,,14,64,130,,06,60,254,,17,51,021,19*7A
$GPGSV,3,2,10,19,48,333,19,03,27,057,21,11,25,233,,30,16,187,*7E
$GPGSV,3,3,10,24,11,301,,20,00,201,*7D
$GPRMC,194126.000,A,2632.5468,N,07702.9491,W,12.48,185.03,220324,,,A*4D
$GPVTG,185.03,T,,M,12.48,N,23.1,K,N*02
$GPGGA,194131.000,2632.5203,N,07702.9543,W,1,03,23.7,38.2,M,-33.0,M,,0000*68
$GPGSA,A,2,17,03,19,,,,,,,,,,23.7,23.7,1.0*3F
$GPGSV,3,1,10,22,82,041,,14,64,130,,06,60,254,,17,51,021,19*7A
$GPGSV,3,2,10,19,48,333,19,03,27,057,21,11,25,233,,30,16,187,*7E
$GPGSV,3,3,10,24,11,301,,20,00,201,*7D
$GPRMC,194131.000,A,2632.5203,N,07702.9543,W,13.71,188.31,220324,,,A*49
$GPGGA,194136.000,2632.5029,N,07702.9564,W,6,00,50.0,38.4,M,-33.0,M,,0000*61
$GPGSA,A,2,,,,,,,,,,,,,50.0,50.0,50.0*06
$GPGSV,3,1,10,22,82,041,,14,64,130,,06,60,254,,17,51,021,19*7A
$GPGSV,3,2,10,19,48,333,18,03,27,057,21,11,25,233,,30,16,187,*7F
$GPGSV,3,3,10,24,11,301,,20,00,201,*7D
$GPRMC,194136.000,A,2632.5029,N,07702.9564,W,15.02,186.07,220324,,,E*4C
$GPVTG,186.07,T,,M,15.02,N,27.8,K,N*01
$GPGGA,194141.000,2632.5224,N,07702.9567,W,1,03,24.1,40.1,M,-33.0,M,,0000*61
$GPGSA,A,2,17,03,19,,,,,,,,,,24.1,24.1,1.0*3F
$GPGSV,3,1,10,22,82,041,,14,64,130,,06,60,254,,17,51,021,19*7A
$GPGSV,3,2,10,19,48,333,18,03,27,057,21,11,25,233,,30,16,187,*7F
$GPGSV,3,3,10,24,11,301,,20,00,201,*7D
$GPRMC,194141.000,A,2632.5224,N,07702.9567,W,6.70,196.76,220324,,,A*74
$GPVTG,196.76,T,,M,6.70,N,12.4,K,N*3B
$GPGGA,194146.000,2632.5424,N,07702.9494,W,1,03,24.3,41.7,M,-33.0,M,,0000*68
$GPGSA,A,2,17,03,19,,,,,,,,,,24.3,24.3,1.0*3F
$GPGSV,3,1,10,22,82,041,,14,64,130,,06,60,254,,17,51,021,19*7A
$GPGSV,3,2,10,19,48,333,18,03,27,057,21,11,25,233,,30,16,187,*7F
$GPGSV,3,3,10,24,11,301,,20,00,201,*7D
$GPRMC,194146.000,A,2632.5424,N,07702.9494,W,3.00,128.07,220324,,,A*79
$GPVTG,128.07,T,,M,3.00,N,5.6,K,N*0E
$GPGGA,194151.000,2632.5482,N,07702.9486,W,6,00,50.0,42.3,M,-33.0,M,,0000*62
$GPGSA,A,2,,,,,,,,,,,,,50.0,50.0,50.0*06
$GPGSV,3,1,10,22,82,041,,14,64,130,,06,60,254,,17,51,021,19*7A
$GPGSV,3,2,10,19,48,333,17,03,27,057,21,11,25,233,,30,16,187,*70
$GPGSV,3,3,10,24,11,301,,20,00,201,*7D
$GPVTG,56.96,T,,M,0.39,N,0.7,K,N*33
$GPGGA,194156.000,2632.5947,N,07702.9499,W,1,03,24.8,44.2,M,-33.0,M,,0000*67
$GPGSA,A,2,17,03,19,,,,,,,,,,24.8,24.8,1.0*3F
$GPGSV,3,1,10,22,82,041,,14,64,130,,06,60,254,,17,51,021,19*7A
$GPGSV,3,2,10,19,48,333,17,03,27,057,21,11,25,233,,30,16,187,*70
$GPGSV,3,3,10,24,11,301,,20,00,201,*7D
$GPRMC,194156.000,A,2632.5947,N,07702.9499,W,9.30,2.22,220324,,,A*7A
$GPVTG,2.22,T,,M,9.30,N,17.2,K,N*3E
$GPGGA,194201.000,2632.6226,N,07702.9431,W,1,03,25.0,45.0,M,-33.0,M,,0000*61
$GPGSA,A,2,17,03,19,,,,,,,,,,25.0,25.0,1.0*3F
$GPGSV,3,1,10,22,82,041,,14,64,130,,06,60,254,,17,51,021,20*70
$GPGSV,3,2,10,19,48,333,17,03,27,057,21,11,25,233,,30,16,187,*70
$GPGSV,3,3,10,24,11,301,,20,00,201,*7D
$GPRMC,194201.000,A,2632.6226,N,07702.9431,W,11.81,30.72,220324,,,A*71
$GPVTG,30.72,T,,M,11.81,N,21.9,K,N*37
$GPGGA,194206.000,2632.6291,N,07702.9398,W,1,03,25.3,44.3,M,-33.0,M,,0000*6F
$GPGSA,A,2,17,03,19,,,,,,,,,,25.3,25.3,1.0*3F
$GPGSV,3,1,10,22,82,041,,14,64,130,,06,60,254,,17,51,021,20*70
$GPGSV,3,2,10,19,48,333,17,03,27,057,21,11,25,233,,30,16,187,*70
$GPGSV,3,3,10,24,11,301,,20,00,201,*7D
$GPRMC,194206.000,A,2632.6291,N,07702.9398,W,9.41,17.19,220324,,,A*43
$GPVTG,17.19,T,,M,9.41,N,17.4,K,N*02
$GPGGA,194211.000,2632.6202,N,07702.9426,W,1,03,25.5,43.3,M,-33.0,M,,0000*60
$GPGSA,A,2,17,03,19,,,,,,,,,,25.5,25.5,1.0*3F
$GPGSV,3,1,10,22,82,041,,14,64,130,,06,60,254,,17,51,021,20*70
$GPGSV,3,2,10,19,48,333,17,03,27,057,21,11,25,233,,30,16,187,*70
$GPGSV,3,3,10,24,11,301,,20,00,201,*7D
$GPVTG,8.75,T,,M,4.53,N,8.4,K,N*06
$GPGGA,194216.000,2632.5995,N,07702.9474,W,1,03,25.8,41.5,M,-33.0,M,,0000*6F
$GPGSA,A,2,17,03,19,,,,,,,,,,25.8,25.8,1.0*3F
$GPGSV,3,1,10,22,82,041,,14,64,130,,06,60,254,,17,51,021,20*70
$GPGSV,3,2,10,19,48,333,17,03,27,057,21,11,25,233,,30,16,187,*70
$GPGSV,3,3,10,24,11,301,,20,00,201,*7D
$GPRMC,194216.000,A,2632.5995,N,07702.9474,W,1.06,245.34,220324,,,A*7A
$GPVTG,245.34,T,,M,1.06,N,2.0,K,N*03
$GPGGA,194221.000,2632.5705,N,07702.9540,W,1,03,26.0,39.7,M,-33.0,M,,0000*6C
$GPGSA,A,2,17,03,19,,,,,,,,,,26.1,26.0,1.0*3E
$GPGSV,3,1,10,22,82,041,,14,64,130,,06,60,254,,17,51,021,20*70
$GPGSV,3,2,10,19,48,333,17,03,27,057,21,11,25,233,,30,16,187,*70
$GPGSV,3,3,10,24,11,301,,20,00,201,*7D
$GPRMC,194221.000,A,2632.5705,N,07702.9540,W,7.86,183.55,220324,,,A*7F
$GPVTG,183.55,T,,M,7.86,N,14.6,K,N*32
$GPGGA,194226.000,2632.5372,N,07702.9550,W,1,03,26.3,39.3,M,-33.0,M,,0000*69
$GPGSA,A,2,17,03,19,,,,,,,,,,26.3,26.3,1.0*3F
$GPGSV,3,1,10,22,82,041,,14,64,130,,06,60,254,,17,51,021,20*70
$GPGSV,3,2,10,19,48,333,17,03,27,057,21,11,25,233,,30,16,187,*70
$GPGSV,3,3,10,24,11,301,,20,00,201,*7D
$GPRMC,194226.000,A,2632.5372,N,07702.9550,W,13.74,181.28,220324,,,A*4D
$GPVTG,181.28,T,,M,13.74,N,25.4,K,N*02
$GPGGA,194231.000,2632.5356,N,07702.9546,W,1,03,26.6,40.3,M,-33.0,M,,0000*65
$GPGSA,A,2,17,03,19,,,,,,,,,,26.6,26.6,1.0*3F
$GPGSV,3,1,10,22,82,041,,14,64,130,,06,60,254,,17,51,021,20*70
$GPGSV,3,2,10,19,48,333,17,03,27,057,21,11,25,233,,30,16,187,*70
$GPGSV,3,3,10,24,11,301,,20,00,201,*7D
$GPRMC,194231.000,A,2632.5356,N,07702.9546,W,11.55,187.92,220324,,,A*4C
$GPVTG,187.92,T,,M,11.55,N,21.4,K,N*00
$GPGGA,194236.000,2632.5293,N,07702.9564,W,1,03,26.8,40.7,M,-33.0,M,,0000*60
$GPGSA,A,2,17,03,19,,,,,,,,,,26.9,26.8,1.0*3E
$GPGSV,3,1,10,22,82,041,,14,64,130,,06,60,254,,17,51,021,20*70
$GPGSV,3,2,10,19,48,333,17,03,27,057,21,11,25,233,,30,16,187,*70
$GPGSV,3,3,10,24,11,301,,20,00,201,*7D
$GPRMC,194236.000,A,2632.5293,N,07702.9564,W,9.19,191.70,220324,,,A*79
$GPGGA,194241.000,2632.5443,N,07702.9526,W,6,00,50.0,41.7,M,-33.0,M,,0000*61
$GPGSA,A,2,,,,,,,,,,,,,50.0,50.0,50.0*06
$GPGSV,3,1,10,22,82,041,,14,64,130,,06,60,254,,17,51,021,20*70
$GPGSV,3,2,10,19,48,333,17,03,27,057,21,11,25,233,,30,16,187,*70
$GPGSV,3,3,10,24,11,301,,20,00,201,*7D
$GPRMC,194241.000,A,2632.5443,N,07702.9526,W,2.79,163.33,220324,,,E*77
$GPVTG,163.33,T,,M,2.79,N,5.2,K,N*0D
$GPGGA,194246.000,2632.5705,N,07702.9475,W,1,03,27.4,42.8,M,-33.0,M,,0000*6C
$GPGSA,A,2,17,03,19,,,,,,,,,,27.4,27.4,1.0*3F
$GPGSV,3,1,10,22,82,041,,14,64,130,,06,60,254,,17,51,021,19*7A
$GPGSV,3,2,10,19,48,333,16,03,27,057,21,11,25,233,,30,16,187,*71
$GPGSV,3,3,10,24,11,301,,20,00,201,*7D
$GPRMC,194246.000,A,2632.5705,N,07702.9475,W,5.97,37.83,220324,,,A*4E
$GPVTG,37.83,T,,M,5.97,N,11.1,K,N*07
$GPGGA,194251.000,2632.5790,N,07702.9471,W,1,03,27.7,43.8,M,-33.0,M,,0000*60
$GPGSA,A,2,17,03,19,,,,,,,,,,27.7,27.7,1.0*3F
$GPGSV,3,1,10,22,82,041,,14,64,130,,06,60,254,,17,51,021,19*7A
$GPGSV,3,2,10,19,48,333,16,03,27,057,21,11,25,233,,30,16,187,*71
$GPGSV,3,3,10,24,11,301,,20,00,201,*7D
$GPRMC,194251.000,A,2632.5790,N,07702.9471,W,3.99,34.50,220324,,,A*45
$GPVTG,34.50,T,,M,3.99,N,7.4,K,N*30
$GPGGA,194256.000,2632.5901,N,07702.9471,W,1,03,28.0,44.1,M,-33.0,M,,0000*67
$GPGSA,A,2,17,03,19,,,,,,,,,,28.0,28.0,1.0*3F
$GPGSV,3,1,10,22,82,041,,14,64,130,,06,60,254,,17,51,021,19*7A
$GPGSV,3,2,10,19,48,333,16,03,27,057,20,11,25,233,,30,16,187,*70
$GPGSV,3,3,10,24,11,301,,20,00,201,*7D
$GPRMC,194256.000,A,2632.5901,N,07702.9471,W,6.06,330.73,220324,,,A*71
$GPGGA,194301.000,2632.6070,N,07702.9522,W,1,03,28.3,44.6,M,-33.0,M,,0000*6B
$GPGSA,A,2,17,03,19,,,,,,,,,,28.4,28.3,1.0*38
$GPGSV,3,1,10,22,82,041,,14,64,130,,06,60,254,,17,51,021,19*7A
$GPGSV,3,2,10,19,48,333,16,03,27,057,20,11,25,233,,30,16,187,*70
$GPGSV,3,3,10,24,11,301,,20,00,201,*7D
$GPRMC,194301.000,A,2632.6070,N,07702.9522,W,7.40,348.66,220324,,,A*71
$GPVTG,348.66,T,,M,7.40,N,13.7,K,N*3B
$GPGGA,194306.000,2632.5918,N,07702.9513,W,1,03,28.6,43.0,M,-33.0,M,,0000*6E
$GPGSA,A,2,17,03,19,,,,,,,,,,28.7,28.6,1.0*3E
$GPGSV,3,1,10,22,82,041,,14,64,130,,06,60,254,,17,51,021,19*7A
$GPGSV,3,2,10,19,48,333,16,03,27,057,20,11,25,233,,30,16,187,*70
$GPGSV,3,3,10,24,11,301,,20,00,201,*7D
$GPRMC,194306.000,A,2632.5918,N,07702.9513,W,1.40,320.40,220324,,,A*7C
$GPVTG,320.40,T,,M,1.40,N,2.6,K,N*06
$GPGGA,194311.000,2632.5590,N,07702.9555,W,1,03,29.0,41.0,M,-33.0,M,,0000*63
$GPGSA,A,2,17,03,19,,,,,,,,,,29.0,29.0,1.0*3F
$GPGSV,3,1,10,22,82,041,,14,64,130,,06,60,254,,17,51,021,19*7A
$GPGSV,3,2,10,19,48,333,16,03,27,057,20,11,25,233,,30,16,187,*70
$GPGSV,3,3,10,24,11,301,,20,00,201,*7D
$GPRMC,194311.000,A,2632.5590,N,07702.9555,W,6.81,182.59,220324,,,A*7C
$GPVTG,182.59,T,,M,6.81,N,12.6,K,N*3F
$GPGGA,194316.000,2632.5382,N,07702.9525,W,1,03,29.3,39.2,M,-33.0,M,,0000*68
$GPGSA,A,2,17,03,19,,,,,,,,,,29.3,29.3,1.0*3F
$GPGSV,3,1,10,22,83,053,,14,62,132,,06,61,257,,17,51,023,19*7C
$GPGSV,3,2,10,19,49,335,16,03,27,056,21,11,26,234,,30,15,187,*70
$GPGSV,3,3,10,24,12,300,,20,01,201,*7E
$GPVTG,179.33,T,,M,7.46,N,13.8,K,N*32
$GPGGA,194321.000,2632.5323,N,07702.9476,W,1,03,29.6,39.5,M,-33.0,M,,0000*62
$GPGSA,A,2,17,03,19,,,,,,,,,,29.7,29.6,1.0*3E
$GPGSV,3,1,10,22,83,053,,14,62,132,,06,61,257,,17,51,023,19*7C
$GPGSV,3,2,10,19,49,335,16,03,27,056,20,11,26,234,,30,15,187,*71
$GPGSV,3,3,10,24,12,300,,20,01,201,*7E
$GPRMC,194321.000,A,2632.5323,N,07702.9476,W,8.92,180.12,220324,,,A*70
$GPVTG,180.12,T,,M,8.92,N,16.5,K,N*39
$GPGGA,194326.000,2632.5248,N,07702.9432,W,1,03,30.0,39.3,M,-33.0,M,,0000*61
$GPGSA,A,2,17,03,19,,,,,,,,,,30.0,30.0,1.0*3F
$GPGSV,3,1,10,22,83,053,,14,62,132,,06,61,257,14,17,51,023,18*78
$GPGSV,3,2,10,19,49,335,16,03,27,056,20,11,26,234,,30,15,187,*71
$GPGSV,3,3,10,24,12,300,,20,01,201,*7E
$GPRMC,194326.000,A,2632.5248,N,07702.9432,W,8.03,179.75,220324,,,A*74
$GPVTG,179.75,T,,M,8.03,N,14.9,K,N*38
$GPGGA,194331.000,2632.5378,N,07702.9400,W,1,03,30.4,41.1,M,-33.0,M,,0000*6D
$GPGSA,A,2,17,03,19,,,,,,,,,,30.4,30.4,1.0*3F
$GPGSV,3,1,10,22,83,053,,14,62,132,,06,61,257,15,17,51,023,19*78
$GPGSV,3,2,10,19,49,335,16,03,27,056,20,11,26,234,,30,15,187,*71
$GPGSV,3,3,10,24,12,300,,20,01,201,*7E
$GPRMC,194331.000,A,2632.5378,N,07702.9400,W,5.60,156.01,220324,,,A*77
$GPVTG,156.01,T,,M,5.60,N,10.4,K,A*38
$GPGGA,194336.000,2632.5530,N,07702.9343,W,1,03,30.7,47.4,M,-33.0,M,,0000*60
$GPGSA,A,2,17,03,19,,,,,,,,,,30.7,30.7,1.0*3F
$GPGSV,3,1,10,22,83,053,,14,62,132,,06,61,257,15,17,51,023,19*78
$GPGSV,3,2,10,19,49,335,16,03,27,056,20,11,26,234,,30,15,187,*71
$GPGSV,3,3,10,24,12,300,,20,01,201,*7E
$GPRMC,194336.000,A,2632.5530,N,07702.9343,W,3.27,163.46,220324,,,A*7A
$GPVTG,163.46,T,,M,3.27,N,6.1,K,A*0A
$GPGGA,194341.000,2632.5490,N,07702.9354,W,6,00,50.0,48.2,M,-33.0,M,,0000*61
$GPGSA,A,2,,,,,,,,,,,,,50.0,50.0,50.0*06
$GPGSV,3,1,10,22,83,053,,14,62,132,,06,61,257,15,17,51,023,19*78
$GPGSV,3,2,10,19,49,335,16,03,27,056,19,11,26,234,,30,15,187,*7B
$GPGSV,3,3,10,24,12,300,,20,01,201,*7E
$GPRMC,194341.000,A,2632.5490,N,07702.9354,W,4.24,182.87,220324,,,E*75
$GPGGA,194346.000,2632.5582,N,07702.9411,W,1,03,31.5,52.3,M,-33.0,M,,0000*6E
$GPGSA,A,2,17,03,19,,,,,,,,,,31.5,31.5,1.0*3F
$GPGSV,3,1,10,22,83,053,,14,62,132,,06,61,257,15,17,51,023,19*78
$GPGSV,3,2,10,19,49,335,16,03,27,056,19,11,26,234,,30,15,187,*7B
$GPGSV,3,3,10,24,12,300,,20,01,201,*7E
$GPRMC,194346.000,A,2632.5582,N,07702.9411,W,0.77,146.89,220324,,,A*76
$GPVTG,146.89,T,,M,0.77,N,1.4,K,A*0A
$GPGGA,194351.000,2632.5614,N,07702.9449,W,1,03,31.9,48.7,M,-33.0,M,,0000*6A
$GPGSA,A,2,17,03,19,,,,,,,,,,31.9,31.9,1.0*3F
$GPGSV,3,1,10,22,83,053,,14,62,132,,06,61,257,,17,51,023,19*7C
$GPGSV,3,2,10,19,49,335,16,03,27,056,19,11,26,234,,30,15,187,*7B
$GPGSV,3,3,10,24,12,300,,20,01,201,*7E
$GPRMC,194351.000,A,2632.5614,N,07702.9449,W,3.49,325.80,220324,,,A*71
$GPVTG,325.80,T,,M,3.49,N,6.5,K,N*03
$GPGGA,194356.000,2632.5597,N,07702.9459,W,1,03,32.3,44.2,M,-33.0,M,,0000*64
$GPGSA,A,2,17,03,19,,,,,,,,,,32.3,32.3,1.0*3F
$GPGSV,3,1,10,22,83,053,,14,62,132,,06,61,257,,17,51,023,19*7C
$GPGSV,3,2,10,19,49,335,16,03,27,056,19,11,26,234,,30,15,187,*7B
$GPGSV,3,3,10,24,12,300,,20,01,201,*7E
$GPRMC,194356.000,A,2632.5597,N,07702.9459,W,1.15,27.10,220324,,,A*4C
$GPVTG,27.10,T,,M,1.15,N,2.1,K,N*30
$GPGGA,194401.000,2632.5802,N,07702.9429,W,1,03,32.7,51.2,M,-33.0,M,,0000*67
$GPGSA,A,2,17,03,19,,,,,,,,,,32.7,32.7,1.0*3F
$GPGSV,3,1,10,22,83,053,,14,62,132,,06,61,257,,17,51,023,19*7C
$GPGSV,3,2,10,19,49,335,16,03,27,056,20,11,26,234,,30,15,187,*71
$GPGSV,3,3,10,24,12,300,,20,01,201,*7E
$GPRMC,194401.000,A,2632.5802,N,07702.9429,W,7.57,358.52,220324,,,A*72
$GPGGA,194406.000,2632.5962,N,07702.9409,W,1,03,33.1,52.4,M,-33.0,M,,0000*67
$GPGSA,A,2,17,03,19,,,,,,,,,,33.1,33.1,1.0*3F
$GPGSV,3,1,10,22,83,053,,14,62,132,,06,61,257,,17,51,023,20*76
$GPGSV,3,2,10,19,49,335,17,03,27,056,19,11,26,234,,30,15,187,*7A
$GPGSV,3,3,10,24,12,300,,20,01,201,*7E
$GPRMC,194406.000,A,2632.5962,N,07702.9409,W,8.63,18.45,220324,,,A*49
$GPVTG,18.45,T,,M,8.63,N,16.0,K,N*00
$GPGGA,194411.000,2632.5877,N,07702.9404,W,1,03,33.6,48.1,M,-33.0,M,,0000*60
$GPGSA,A,2,17,03,19,,,,,,,,,,33.6,33.6,1.0*3F
$GPGSV,3,1,10,22,83,053,,14,62,132,,06,61,257,,17,51,023,20*76
$GPGSV,3,2,10,19,49,335,17,03,27,056,19,11,26,234,,30,15,187,*7A
$GPGSV,3,3,10,24,12,300,,20,01,201,*7E
$GPRMC,194411.000,A,2632.5877,N,07702.9404,W,3.28,5.38,220324,,,A*75
$GPVTG,5.38,T,,M,3.28,N,6.1,K,N*02
$GPGGA,194416.000,2632.5710,N,07702.9467,W,1,03,34.0,45.4,M,-33.0,M,,0000*65
$GPGSA,A,2,17,03,19,,,,,,,,,,34.0,34.0,1.0*3F
$GPGSV,3,1,10,22,83,053,,14,62,132,,06,61,257,,17,51,023,20*76
$GPGSV,3,2,10,19,49,335,17,03,27,056,19,11,26,234,,30,15,187,*7A
$GPGSV,3,3,10,24,12,300,,20,01,201,*7E
$GPRMC,194416.000,A,2632.5710,N,07702.9467,W,2.02,216.46,220324,,,A*79
$GPVTG,216.46,T,,M,2.02,N,3.7,K,N*01
$GPGGA,194421.000,2632.5560,N,07702.9457,W,1,03,34.5,43.5,M,-33.0,M,,0000*65
$GPGSA,A,2,17,03,19,,,,,,,,,,34.5,34.5,1.0*3F
$GPGSV,3,1,10,22,83,053,,14,62,132,,06,61,257,,17,51,023,20*76
$GPGSV,3,2,10,19,49,335,17,03,27,056,19,11,26,234,,30,15,187,*7A
$GPGSV,3,3,10,24,12,300,,20,01,201,*7E
$GPVTG,160.54,T,,M,5.20,N,9.6,K,N*0C
$GPGGA,194426.000,2632.5439,N,07702.9432,W,1,03,35.0,42.9,M,-33.0,M,,0000*65
$GPGSA,A,2,17,03,19,,,,,,,,,,35.0,35.0,1.0*3F
$GPGSV,3,1,10,22,83,053,,14,62,132,,06,61,257,,17,51,023,20*76
$GPGSV,3,2,10,19,49,335,18,03,27,056,19,11,26,234,,30,15,187,*75
$GPGSV,3,3,10,24,12,300,,20,01,201,*7E
$GPRMC,194426.000,A,2632.5439,N,07702.9432,W,5.15,172.83,220324,,,A*7B
$GPVTG,172.83,T,,M,5.15,N,9.5,K,N*00
$GPGGA,194431.000,2632.5487,N,07702.9461,W,1,03,35.4,43.6,M,-33.0,M,,0000*6A
$GPGSA,A,2,17,03,19,,,,,,,,,,35.5,35.4,1.0*3E
$GPGSV,3,1,10,22,83,053,,14,62,132,,06,61,257,,17,51,023,20*76
$GPGSV,3,2,10,19,49,335,18,03,27,056,19,11,26,234,,30,15,187,*75
$GPGSV,3,3,10,24,12,300,,20,01,201,*7E
$GPRMC,194431.000,A,2632.5487,N,07702.9461,W,4.32,213.88,220324,,,A*75
$GPVTG,213.88,T,,M,4.32,N,8.0,K,N*0F
$GPGGA,194436.000,2632.5366,N,07702.9469,W,6,00,50.0,43.9,M,-33.0,M,,0000*61
$GPGSA,A,2,,,,,,,,,,,,,50.0,50.0,50.0*06
$GPGSV,3,1,10,22,83,053,,14,62,132,,06,61,257,,17,51,023,20*76
$GPGSV,3,2,10,19,49,335,17,03,27,056,19,11,26,234,,30,15,187,*7A
$GPGSV,3,3,10,24,12,300,,20,01,201,*7E
$GPRMC,194436.000,A,2632.5366,N,07702.9469,W,6.78,181.71,220324,,,E*74
$GPVTG,181.71,T,,M,6.78,N,12.6,K,N*30
$GPGGA,194441.000,2632.4977,N,07702.9551,W,1,03,36.5,40.4,M,-33.0,M,,0000*6F
$GPGSA,A,2,17,03,19,,,,,,,,,,36.5,36.5,1.0*3F
$GPGSV,3,1,10,22,83,053,,14,62,132,,06,61,257,,17,51,023,20*76
$GPGSV,3,2,10,19,49,335,17,03,27,056,19,11,26,234,,30,15,187,*7A
$GPGSV,3,3,10,24,12,300,,20,01,201,*7E
$GPVTG,186.99,T,,M,10.69,N,19.8,K,N*03
$GPGGA,194446.000,2632.4502,N,07702.9590,W,1,03,37.0,36.6,M,-33.0,M,,0000*6C
$GPGSA,A,2,17,03,19,,,,,,,,,,37.0,37.0,1.0*3F
$GPGSV,3,1,10,22,83,053,,14,62,132,,06,61,257,,17,51,023,20*76
$GPGSV,3,2,10,19,49,335,17,03,27,056,19,11,26,234,,30,15,187,*7A
$GPGSV,3,3,10,24,12,300,,20,01,201,*7E
$GPRMC,194446.000,A,2632.4502,N,07702.9590,W,13.42,183.22,220324,,,A*4C
$GPVTG,183.22,T,,M,13.42,N,24.9,K,N*03
$GPGGA,194451.000,2632.4347,N,07702.9640,W,1,03,37.5,36.9,M,-33.0,M,,0000*69
$GPGSA,A,2,17,03,19,,,,,,,,,,37.6,37.5,1.0*3C
$GPGSV,3,1,10,22,83,053,,14,62,132,,06,61,257,,17,51,023,20*76
$GPGSV,3,2,10,19,49,335,17,03,27,056,19,11,26,234,,30,15,187,*7A
$GPGSV,3,3,10,24,12,300,,20,01,201,*7E
$GPRMC,194451.000,A,2632.4347,N,07702.9640,W,11.74,183.59,220324,,,A*48
$GPVTG,183.59,T,,M,11.74,N,21.7,K,N*03
$GPGGA,194456.000,2632.4426,N,07702.9615,W,6,00,50.0,37.5,M,-33.0,M,,0000*63
$GPGSA,A,2,,,,,,,,,,,,,50.0,50.0,50.0*06
$GPGSV,3,1,10,22,83,053,,14,62,132,,06,61,257,,17,51,023,20*76
$GPGSV,3,2,10,19,49,335,17,03,27,056,19,11,26,234,,30,15,187,*7A
$GPGSV,3,3,10,24,12,300,,20,01,201,*7E
$GPRMC,194456.000,A,2632.4426,N,07702.9615,W,6.60,187.39,220324,,,E*7A
$GPVTG,187.39,T,,M,6.60,N,12.2,K,N*37
$GPGGA,194501.000,2632.4204,N,07702.9748,W,1,03,38.7,37.6,M,-33.0,M,,0000*61
$GPGSA,A,2,17,03,19,,,,,,,,,,38.7,38.7,1.0*3F
$GPGSV,3,1,10,22,83,053,,14,62,132,,06,61,257,,17,51,023,20*76
$GPGSV,3,2,10,19,49,335,16,03,27,056,20,11,26,234,,30,15,187,*71
$GPGSV,3,3,10,24,12,300,,20,01,201,*7E
$GPRMC,194501.000,A,2632.4204,N,07702.9748,W,9.66,216.11,220324,,,A*7A
$GPVTG,216.11,T,,M,9.66,N,17.9,K,N*31
$GPGGA,194506.000,2632.4321,N,07702.9643,W,6,00,50.0,39.1,M,-33.0,M,,0000*6E
$GPGSA,A,2,,,,,,,,,,,,,50.0,50.0,50.0*06
$GPGSV,3,1,10,22,83,053,,14,62,132,,06,61,257,,17,51,023,20*76
$GPGSV,3,2,10,19,49,335,16,03,27,056,19,11,26,234,,30,15,187,*7B
$GPGSV,3,3,10,24,12,300,,20,01,201,*7E
$GPRMC,194506.000,A,2632.4321,N,07702.9643,W,5.27,134.69,220324,,,E*70
$GPGGA,194511.000,2632.4557,N,07702.9653,W,1,03,39.9,41.6,M,-33.0,M,,0000*64
$GPGSA,A,2,17,03,19,,,,,,,,,,39.9,39.9,1.0*3F
$GPGSV,3,1,10,22,83,053,,14,62,132,,06,61,257,,17,51,023,19*7C
$GPGSV,3,2,10,19,49,335,16,03,27,056,19,11,26,234,,30,15,187,*7B
$GPGSV,3,3,10,24,12,300,,20,01,201,*7E
$GPRMC,194511.000,A,2632.4557,N,07702.9653,W,3.61,336.58,220324,,,A*72
$GPVTG,336.58,T,,M,3.61,N,6.7,K,N*0C
$GPGGA,194516.000,2632.4838,N,07702.9611,W,1,03,40.6,43.7,M,-33.0,M,,0000*63
$GPGSA,A,2,17,03,19,,,,,,,,,,40.6,40.6,1.0*3F
$GPGSV,3,1,10,22,83,053,,14,62,132,,06,61,257,,17,51,023,19*7C
$GPGSV,3,2,10,19,49,335,16,03,27,056,19,11,26,234,,30,15,187,*7B
$GPGSV,3,3,10,24,12,300,,20,01,201,*7E
$GPRMC,194516.000,A,2632.4838,N,07702.9611,W,7.36,356.35,220324,,,A*7C
$GPVTG,356.35,T,,M,7.36,N,13.6,K,N*32
$GPGGA,194521.000,2632.5231,N,07702.9600,W,1,03,41.3,44.7,M,-33.0,M,,0000*66
$GPGSA,A,2,17,03,19,,,,,,,,,,41.3,41.3,1.0*3F
$GPGSV,3,1,10,22,83,053,,14,62,132,,06,61,257,,17,51,023,19*7C
$GPGSV,3,2,10,19,49,335,16,03,27,056,19,11,26,234,,30,15,187,*7B
$GPGSV,3,3,10,24,12,300,,20,01,201,*7E
$GPRMC,194521.000,A,2632.5231,N,07702.9600,W,13.08,12.46,220324,,,A*75
$GPVTG,12.46,T,,M,13.08,N,24.2,K,N*3D
$GPGGA,194526.000,2632.5400,N,07702.9607,W,1,03,42.0,44.7,M,-33.0,M,,0000*62
$GPGSA,A,2,17,03,19,,,,,,,,,,42.0,42.0,1.0*3F
$GPGSV,3,1,10,22,83,053,,14,62,132,,06,61,257,,17,51,023,19*7C
$GPGSV,3,2,10,19,49,335,16,03,27,056,19,11,26,234,,30,15,187,*7B
$GPGSV,3,3,10,24,12,300,,20,01,201,*7E
$GPRMC,194526.000,A,2632.5400,N,07702.9607,W,10.94,6.66,220324,,,A*40
$GPGGA,194531.000,2632.5248,N,07702.9627,W,6,00,50.0,41.6,M,-33.0,M,,0000*6F
$GPGSA,A,2,,,,,,,,,,,,,50.0,50.0,50.0*06
$GPGSV,3,1,10,22,83,053,,14,62,132,,06,61,257,,17,51,023,19*7C
$GPGSV,3,2,10,19,49,335,15,03,27,056,19,11,26,234,,30,15,187,*78
$GPGSV,3,3,10,24,12,300,,20,01,201,*7E
$GPRMC,194531.000,A,2632.5248,N,07702.9627,W,7.46,1.15,220324,,,E*70
$GPVTG,1.15,T,,M,7.46,N,13.8,K,N*38
$GPGGA,194536.000,2632.5104,N,07702.9545,W,1,03,43.4,40.4,M,-33.0,M,,0000*65
$GPGSA,A,2,17,03,19,,,,,,,,,,43.4,43.4,1.0*3F
$GPGSV,3,1,10,22,83,053,,14,62,132,,06,61,257,,17,51,023,20*76
$GPGSV,3,2,10,19,49,335,15,03,27,056,19,11,26,234,,30,15,187,*78
$GPGSV,3,3,10,24,12,300,,20,01,201,*7E
$GPRMC,194536.000,A,2632.5104,N,07702.9545,W,2.57,59.52,220324,,,A*44
$GPVTG,59.52,T,,M,2.57,N,4.8,K,N*35
$GPGGA,194541.000,2632.4938,N,07702.9560,W,1,03,44.2,39.1,M,-33.0,M,,0000*6E
$GPGSA,A,2,17,03,19,,,,,,,,,,44.2,44.2,1.0*3F
$GPGSV,3,1,10,22,83,053,,14,62,132,,06,61,257,,17,51,023,20*76
$GPGSV,3,2,10,19,49,335,15,03,27,056,19,11,26,234,,30,15,187,*78
$GPGSV,3,3,10,24,12,300,,20,01,201,*7E
$GPRMC,194541.000,A,2632.4938,N,07702.9560,W,0.78,178.44,220324,,,A*7F
$GPVTG,178.44,T,,M,0.78,N,1.4,K,N*06
$GPGGA,194546.000,2632.4772,N,07702.9580,W,1,03,45.0,38.3,M,-33.0,M,,0000*67
$GPGSA,A,2,17,03,19,,,,,,,,,,45.0,45.0,1.0*3F
$GPGSV,3,1,10,22,83,053,,14,62,132,,06,61,257,,17,51,023,20*76
$GPGSV,3,2,10,19,49,335,15,03,27,056,19,11,26,234,,30,15,187,*78
$GPGSV,3,3,10,24,12,300,,20,01,201,*7E
$GPVTG,205.29,T,,M,3.99,N,7.4,K,N*0E
$GPGGA,194551.000,2632.4481,N,07702.9586,W,1,03,45.8,37.4,M,-33.0,M,,0000*68
$GPGSA,A,2,17,03,19,,,,,,,,,,45.8,45.8,1.0*3F
$GPGSV,3,1,10,22,83,053,,14,62,132,,06,61,257,,17,51,023,20*76
$GPGSV,3,2,10,19,49,335,15,03,27,056,19,11,26,234,,30,15,187,*78
$GPGSV,3,3,10,24,12,300,,20,01,201,*7E
$GPRMC,194551.000,A,2632.4481,N,07702.9586,W,9.26,193.35,220324,,,A*78
$GPVTG,193.35,T,,M,9.26,N,17.2,K,N*36
$GPGGA,194556.000,2632.4573,N,07702.9563,W,6,00,50.0,39.6,M,-33.0,M,,0000*6C
$GPGSA,A,2,,,,,,,,,,,,,50.0,50.0,50.0*06
$GPGSV,3,1,10,22,83,053,,14,62,132,,06,61,257,,17,51,023,20*76
$GPGSV,3,2,10,19,49,335,15,03,27,056,19,11,26,234,,30,15,187,*78
$GPGSV,3,3,10,24,12,300,,20,01,201,*7E
$GPRMC,194556.000,A,2632.4573,N,07702.9563,W,6.89,183.97,220324,,,E*7F
$GPVTG,183.97,T,,M,6.89,N,12.8,K,N*3A
$GPGGA,194601.000,2632.4976,N,07702.9479,W,1,03,47.6,42.8,M,-33.0,M,,0000*68
$GPGSA,A,2,17,03,19,,,,,,,,,,47.6,47.6,1.0*3F
$GPGSV,3,1,10,22,83,053,,14,62,132,,06,61,257,,17,51,023,19*7C
$GPGSV,3,2,10,19,49,335,14,03,27,056,18,11,26,234,,30,15,187,*78
$GPGSV,3,3,10,24,12,300,,20,01,201,*7E
$GPRMC,194601.000,A,2632.4976,N,07702.9479,W,1.16,30.75,220324,,,A*4D
$GPVTG,30.75,T,,M,1.16,N,2.1,K,N*36
$GPGGA,194606.000,2632.4759,N,07702.9521,W,1,03,48.5,41.9,M,-33.0,M,,0000*6E
$GPGSA,A,2,17,03,19,,,,,,,,,,48.5,48.5,1.0*3F
$GPGSV,3,1,10,22,83,053,,14,62,132,,06,61,257,,17,51,023,20*76
$GPGSV,3,2,10,19,49,335,14,03,27,056,18,11,26,234,,30,15,187,*78
$GPGSV,3,3,10,24,12,300,,20,01,201,*7E
$GPVTG,154.06,T,,M,4.94,N,9.2,K,N*06
$GPGGA,194611.000,2632.4811,N,07702.9536,W,1,03,49.4,43.3,M,-33.0,M,,0000*65
$GPGSA,A,2,17,03,19,,,,,,,,,,49.5,49.4,1.0*3E
$GPGSV,3,1,10,22,83,053,,14,62,132,,06,61,257,,17,51,023,20*76
$GPGSV,3,2,10,19,49,335,14,03,27,056,18,11,26,234,,30,15,187,*78
$GPGSV,3,3,10,24,12,300,,20,01,201,*7E
$GPRMC,194611.000,A,2632.4811,N,07702.9536,W,3.01,233.18,220324,,,A*78
$GPVTG,233.18,T,,M,3.01,N,5.6,K,N*08
$GPGGA,194616.000,2632.4880,N,07702.9549,W,1,03,50.0,44.1,M,-33.0,M,,0000*6B
$GPGSA,A,2,17,03,19,,,,,,,,,,50.0,50.0,1.0*3F
$GPGSV,3,1,10,22,83,066,,06,61,259,,14,61,134,,17,50,025,20*7C
$GPGSV,3,2,10,19,49,337,14,11,27,235,,03,26,055,18,30,14,186,*78
$GPGSV,3,3,10,24,12,299,,20,02,201,*7C
$GPRMC,194616.000,A,2632.4880,N,07702.9549,W,2.42,217.10,220324,,,A*77
$GPVTG,217.10,T,,M,2.42,N,4.5,K,N*02
$GPGGA,194621.000,2632.4708,N,07702.9558,W,1,03,50.0,42.8,M,-33.0,M,,0000*6F
$GPGSA,A,2,17,03,19,,,,,,,,,,50.0,50.0,1.0*3F
$GPGSV,3,1,10,22,83,066,,06,61,259,,14,61,134,,17,50,025,20*7C
$GPGSV,3,2,10,19,49,337,13,11,27,235,,03,26,055,17,30,14,186,*70
$GPGSV,3,3,10,24,12,299,,20,02,201,*7C
$GPRMC,194621.000,A,2632.4708,N,07702.9558,W,4.60,174.09,220324,,,A*74
$GPVTG,174.09,T,,M,4.60,N,8.5,K,N*06
$GPGGA,194626.000,2632.4740,N,07702.9538,W,6,00,50.0,44.5,M,-33.0,M,,0000*6D
$GPGSA,A,2,,,,,,,,,,,,,50.0,50.0,50.0*06
$GPGSV,3,1,10,22,83,066,,06,61,259,,14,61,134,,17,50,025,20*7C
$GPGSV,3,2,10,19,49,337,14,11,27,235,,03,26,055,17,30,14,186,*77
$GPGSV,3,3,10,24,12,299,,20,02,201,*7C
$GPRMC,194626.000,A,2632.4740,N,07702.9538,W,3.27,177.66,220324,,,E*73
$GPVTG,177.66,T,,M,3.27,N,6.1,K,N*02
$GPGGA,194631.000,2632.4854,N,07702.9508,W,1,03,50.0,48.6,M,-33.0,M,,0000*69
$GPGSA,A,2,17,03,19,,,,,,,,,,50.0,50.0,1.0*3F
$GPGSV,3,1,10,22,83,066,,06,61,259,,14,61,134,,17,50,025,20*7C
$GPGSV,3,2,10,19,49,337,14,11,27,235,,03,26,055,17,30,14,186,*77
$GPGSV,3,3,10,24,12,299,,20,02,201,*7C
$GPRMC,194631.000,A,2632.4854,N,07702.9508,W,2.57,170.90,220324,,,A*70
$GPGGA,194636.000,2632.5157,N,07702.9435,W,1,03,50.0,50.8,M,-33.0,M,,0000*6D
$GPGSA,A,2,17,03,19,,,,,,,,,,50.0,50.0,1.0*3F
$GPGSV,3,1,10,22,83,066,,06,61,259,,14,61,134,,17,50,025,20*7C
$GPGSV,3,2,10,19,49,337,14,11,27,235,,03,26,055,17,30,14,186,*77
$GPGSV,3,3,10,24,12,299,,20,02,201,*7C
$GPRMC,194636.000,A,2632.5157,N,07702.9435,W,4.10,40.00,220324,,,A*4D
$GPVTG,40.00,T,,M,4.10,N,7.6,K,N*32
$GPGGA,194641.000,2632.5308,N,07702.9369,W,1,03,50.0,50.4,M,-33.0,M,,0000*67
$GPGSA,A,2,17,03,19,,,,,,,,,,50.0,50.0,1.0*3F
$GPGSV,3,1,10,22,83,066,,06,61,259,,14,61,134,,17,50,025,20*7C
$GPGSV,3,2,10,19,49,337,14,11,27,235,,03,26,055,17,30,14,186,*77
$GPGSV,3,3,10,24,12,299,,20,02,201,*7C
$GPRMC,194641.000,A,2632.5308,N,07702.9369,W,6.44,33.82,220324,,,A*46
$GPVTG,33.82,T,,M,6.44,N,11.9,K,N*07
$GPGGA,194646.000,2632.5504,N,07702.9326,W,1,03,50.0,50.1,M,-33.0,M,,0000*64
$GPGSA,A,2,17,03,19,,,,,,,,,,50.0,50.0,1.0*3F
$GPGSV,3,1,10,22,83,066,,06,61,259,,14,61,134,,17,50,025,20*7C
$GPGSV,3,2,10,19,49,337,14,11,27,235,,03,26,055,17,30,14,186,*77
$GPGSV,3,3,10,24,12,299,,20,02,201,*7C
$GPRMC,194646.000,A,2632.5504,N,07702.9326,W,7.85,10.33,220324,,,A*47
$GPVTG,10.33,T,,M,7.85,N,14.5,K,N*09
$GPGGA,194651.000,2632.5566,N,07702.9355,W,1,03,50.0,47.0,M,-33.0,M,,0000*65
$GPGSA,A,2,17,03,19,,,,,,,,,,50.0,50.0,1.0*3F
$GPGSV,3,1,10,22,83,066,,06,61,259,,14,61,134,,17,50,025,20*7C
$GPGSV,3,2,10,19,49,337,14,11,27,235,,03,26,055,17,30,14,186,*77
$GPGSV,3,3,10,24,12,299,,20,02,201,*7C
$GPRMC,194651.000,A,2632.5566,N,07702.9355,W,7.81,349.17,220324,,,A*7C
$GPGGA,194656.000,2632.5291,N,07702.9422,W,1,03,50.0,41.3,M,-33.0,M,,0000*6F
$GPGSA,A,2,17,03,19,,,,,,,,,,50.0,50.0,1.0*3F
$GPGSV,3,1,10,22,83,066,,06,61,259,,14,61,134,,17,50,025,21*7D
$GPGSV,3,2,10,19,49,337,13,11,27,235,,03,26,055,17,30,14,186,*70
$GPGSV,3,3,10,24,12,299,,20,02,201,*7C
$GPRMC,194656.000,A,2632.5291,N,07702.9422,W,4.03,266.33,220324,,,A*70
$GPVTG,266.33,T,,M,4.03,N,7.5,K,N*05
$GPGGA,194701.000,2632.5173,N,07702.9448,W,1,03,50.0,42.3,M,-33.0,M,,0000*6C
$GPGSA,A,2,17,03,19,,,,,,,,,,50.0,50.0,1.0*3F
$GPGSV,3,1,10,22,83,066,,06,61,259,,14,61,134,,17,50,025,21*7D
$GPGSV,3,2,10,19,49,337,13,11,27,235,,03,26,055,17,30,14,186,*70
$GPGSV,3,3,10,24,12,299,,20,02,201,*7C
$GPRMC,194701.000,A,2632.5173,N,07702.9448,W,5.28,206.97,220324,,,A*70
$GPVTG,206.97,T,,M,5.28,N,9.8,K,N*06
$GPGGA,194706.000,2632.5209,N,07702.9440,W,1,03,50.0,43.6,M,-33.0,M,,0000*69
$GPGSA,A,2,17,03,19,,,,,,,,,,50.0,50.0,1.0*3F
$GPGSV,3,1,10,22,83,066,,06,61,259,,14,61,134,,17,50,025,21*7D
$GPGSV,3,2,10,19,49,337,14,11,27,235,,03,26,055,17,30,14,186,*77
$GPGSV,3,3,10,24,12,299,,20,02,201,*7C
$GPRMC,194706.000,A,2632.5209,N,07702.9440,W,3.20,195.04,220324,,,A*7C
$GPVTG,195.04,T,,M,3.20,N,5.9,K,N*06
$GPGGA,194711.000,2632.4934,N,07702.9485,W,1,03,50.0,38.7,M,-33.0,M,,0000*6F
$GPGSA,A,2,17,03,19,,,,,,,,,,50.0,50.0,1.0*3F
$GPGSV,3,1,10,22,83,066,,06,61,259,,14,61,134,,17,50,025,20*7C
$GPGSV,3,2,10,19,49,337,14,11,27,235,,03,26,055,17,30,14,186,*77
$GPGSV,3,3,10,24,12,299,,20,02,201,*7C
$GPVTG,184.78,T,,M,8.31,N,15.4,K,N*3A
$GPGGA,194716.000,2632.4724,N,07702.9492,W,1,03,50.0,38.7,M,-33.0,M,,0000*61
$GPGSA,A,2,17,03,19,,,,,,,,,,50.0,50.0,1.0*3F
$GPGSV,3,1,10,22,83,066,,06,61,259,,14,61,134,,17,50,025,21*7D
$GPGSV,3,2,10,19,49,337,14,11,27,235,,03,26,055,17,30,14,186,*77
$GPGSV,3,3,10,24,12,299,,20,02,201,*7C
$GPRMC,194716.000,A,2632.4724,N,07702.9492,W,11.28,179.29,220324,,,A*4F
$GPVTG,179.29,T,,M,11.28,N,20.9,K,N*07
$GPGGA,194721.000,2632.4409,N,07702.9523,W,6,00,50.0,36.3,M,-33.0,M,,0000*6C
$GPGSA,A,2,,,,,,,,,,,,,50.0,50.0,50.0*06
$GPGSV,3,1,10,22,83,066,,06,61,259,,14,61,134,,17,50,025,21*7D
$GPGSV,3,2,10,19,49,337,15,11,27,235,,03,26,055,16,30,14,186,*77
$GPGSV,3,3,10,24,12,299,,20,02,201,*7C
$GPRMC,194721.000,A,2632.4409,N,07702.9523,W,14.99,185.71,220324,,,E*49
$GPVTG,185.71,T,,M,14.99,N,27.8,K,N*00
$GPGGA,194726.000,2632.4058,N,07702.9509,W,6,00,50.0,33.7,M,-33.0,M,,0000*62
$GPGSA,A,2,,,,,,,,,,,,,50.0,50.0,50.0*06
$GPGSV,3,1,10,22,83,066,,06,61,259,,14,61,134,,17,50,025,21*7D
$GPGSV,3,2,10,19,49,337,15,11,27,235,,03,26,055,16,30,14,186,*77
$GPGSV,3,3,10,24,12,299,,20,02,201,*7C
$GPRMC,194726.000,A,2632.4058,N,07702.9509,W,18.07,173.89,220324,,,E*43
$GPVTG,173.89,T,,M,18.07,N,33.5,K,N*0D
$GPGGA,194731.000,2632.3892,N,07702.9577,W,6,00,50.0,35.6,M,-33.0,M,,0000*63
$GPGSA,A,2,,,,,,,,,,,,,50.0,50.0,50.0*06
$GPGSV,3,1,10,22,83,066,,06,61,259,,14,61,134,,17,50,025,21*7D
$GPGSV,3,2,10,19,49,337,15,11,27,235,,03,26,055,16,30,14,186,*77
$GPGSV,3,3,10,24,12,299,,20,02,201,*7C
$GPVTG,191.98,T,,M,15.56,N,28.8,K,N*0F
$GPGGA,194736.000,2632.3900,N,07702.9669,W,1,03,50.0,32.0,M,-33.0,M,,0000*67
$GPGSA,A,2,17,03,19,,,,,,,,,,50.0,50.0,1.0*3F
$GPGSV,3,1,10,22,83,066,,06,61,259,14,14,61,134,,17,50,025,22*7B
$GPGSV,3,2,10,19,49,337,16,11,27,235,,03,26,055,16,30,14,186,*74
$GPGSV,3,3,10,24,12,299,,20,02,201,*7C
$GPRMC,194736.000,A,2632.3900,N,07702.9669,W,9.70,189.20,220324,,,A*76
$GPVTG,189.20,T,,M,9.70,N,18.0,K,A*38
$GPGGA,194741.000,2632.3968,N,07702.9644,W,1,03,50.0,37.2,M,-33.0,M,,0000*61
$GPGSA,A,2,17,03,19,,,,,,,,,,50.0,50.0,1.0*3F
$GPGSV,3,1,10,22,83,066,,06,61,259,15,14,61,134,,17,50,025,22*7A
$GPGSV,3,2,10,19,49,337,16,11,27,235,,03,26,055,15,30,14,186,*77
$GPGSV,3,3,10,24,12,299,,20,02,201,*7C
$GPRMC,194741.000,A,2632.3968,N,07702.9644,W,8.55,170.28,220324,,,A*7F
$GPVTG,170.28,T,,M,8.55,N,15.8,K,N*3A
$GPGGA,194746.000,2632.3934,N,07702.9550,W,1,03,50.0,37.4,M,-33.0,M,,0000*6F
$GPGSA,A,2,17,03,19,,,,,,,,,,50.0,50.0,1.0*3F
$GPGSV,3,1,10,22,83,066,,06,61,259,15,14,61,134,,17,50,025,22*7A
$GPGSV,3,2,10,19,49,337,16,11,27,235,,03,26,055,15,30,14,186,*77
$GPGSV,3,3,10,24,12,299,,20,02,201,*7C
$GPRMC,194746.000,A,2632.3934,N,07702.9550,W,4.93,150.79,220324,,,A*77
$GPVTG,150.79,T,,M,4.93,N,9.1,K,N*0E
$GPGGA,194751.000,2632.3874,N,07702.9513,W,6,00,50.0,37.3,M,-33.0,M,,0000*68
$GPGSA,A,2,,,,,,,,,,,,,50.0,50.0,50.0*06
$GPGSV,3,1,10,22,83,066,,06,61,259,14,14,61,134,,17,50,025,22*7B
$GPGSV,3,2,10,19,49,337,16,11,27,235,,03,26,055,15,30,14,186,*77
$GPGSV,3,3,10,24,12,299,,20,02,201,*7C
$GPRMC,194751.000,A,2632.3874,N,07702.9513,W,4.93,150.79,220324,,,E*77
$GPVTG,150.79,T,,M,4.93,N,9.1,K,N*0E
$GPGGA,194756.000,2632.3892,N,07702.9534,W,1,03,50.0,33.4,M,-33.0,M,,0000*65
$GPGSA,A,2,17,03,19,,,,,,,,,,50.0,50.0,1.0*3F
$GPGSV,3,1,10,22,83,066,,06,61,259,14,14,61,134,,17,50,025,23*7A
$GPGSV,3,2,10,19,49,337,16,11,27,235,,03,26,055,15,30,14,186,*77
$GPGSV,3,3,10,24,12,299,,20,02,201,*7C
$GPRMC,194756.000,A,2632.3892,N,07702.9534,W,2.82,141.77,220324,,,A*71
$GPGGA,194801.000,2632.3879,N,07702.9531,W,6,00,50.0,43.2,M,-33.0,M,,0000*6D
$GPGSA,A,2,,,,,,,,,,,,,50.0,50.0,50.0*06
$GPGSV,3,1,10,22,83,066,,06,61,259,14,14,61,134,,17,50,025,23*7A
$GPGSV,3,2,10,19,49,337,16,11,27,235,,03,26,055,15,30,14,186,*77
$GPGSV,3,3,10,24,12,299,,20,02,201,*7C
$GPRMC,194801.000,A,2632.3879,N,07702.9531,W,0.75,3.12,220324,,,E*76
$GPVTG,3.12,T,,M,0.75,N,1.4,K,N*05
$GPGGA,194806.000,2632.3926,N,07702.9583,W,1,03,50.0,48.6,M,-33.0,M,,0000*63
$GPGSA,A,2,17,03,19,,,,,,,,,,50.0,50.0,1.0*3F
$GPGSV,3,1,10,22,83,066,,06,61,259,,14,61,134,,17,50,025,23*7F
$GPGSV,3,2,10,19,49,337,16,11,27,235,,03,26,055,15,30,14,186,*77
$GPGSV,3,3,10,24,12,299,,20,02,201,*7C
$GPRMC,194806.000,A,2632.3926,N,07702.9583,W,4.53,334.66,220324,,,A*73
$GPVTG,334.66,T,,M,4.53,N,8.4,K,N*08
$GPGGA,194811.000,2632.4006,N,07702.9638,W,6,00,50.0,48.7,M,-33.0,M,,0000*6F
$GPGSA,A,2,,,,,,,,,,,,,50.0,50.0,50.0*06
$GPGSV,3,1,10,22,83,066,,06,61,259,,14,61,134,,17,50,025,23*7F
$GPGSV,3,2,10,19,49,337,17,11,27,235,,03,26,055,16,30,14,186,*75
$GPGSV,3,3,10,24,12,299,,20,02,201,*7C
$GPRMC,194811.000,A,2632.4006,N,07702.9638,W,5.60,331.63,220324,,,E*7F
$GPVTG,331.63,T,,M,5.60,N,10.4,K,N*30
$GPGGA,194816.000,2632.4072,N,07702.9622,W,1,03,50.0,47.9,M,-33.0,M,,0000*65
$GPGSA,A,2,17,03,19,,,,,,,,,,50.0,50.0,1.0*3F
$GPGSV,3,1,10,22,83,066,,06,61,259,,14,61,134,,17,50,025,23*7F
$GPGSV,3,2,10,19,49,337,16,11,27,235,,03,26,055,15,30,14,186,*77
$GPGSV,3,3,10,24,12,299,,20,02,201,*7C
$GPRMC,194816.000,A,2632.4072,N,07702.9622,W,5.46,41.54,220324,,,A*40
$GPGGA,194821.000,2632.4131,N,07702.9551,W,6,00,50.0,44.5,M,-33.0,M,,0000*6B
$GPGSA,A,2,,,,,,,,,,,,,50.0,50.0,50.0*06
$GPGSV,3,1,10,22,83,066,,06,61,259,,14,61,134,,17,50,025,23*7F
$GPGSV,3,2,10,19,49,337,16,11,27,235,,03,26,055,15,30,14,186,*77
$GPGSV,3,3,10,24,12,299,,20,02,201,*7C
$GPRMC,194821.000,A,2632.4131,N,07702.9551,W,4.63,53.84,220324,,,E*49
$GPVTG,53.84,T,,M,4.63,N,8.6,K,N*37
$GPGGA,194826.000,2632.4227,N,07702.9604,W,1,03,50.0,48.8,M,-33.0,M,,0000*6E
$GPGSA,A,2,17,03,19,,,,,,,,,,50.0,50.0,1.0*3F
$GPGSV,3,1,10,22,83,066,,06,61,259,,14,61,134,,17,50,025,23*7F
$GPGSV,3,2,10,19,49,337,17,11,27,235,,03,26,055,15,30,14,186,*76
$GPGSV,3,3,10,24,12,299,,20,02,201,*7C
$GPRMC,194826.000,A,2632.4227,N,07702.9604,W,7.18,349.31,220324,,,A*74
$GPVTG,349.31,T,,M,7.18,N,13.3,K,N*31
$GPGGA,194831.000,2632.4317,N,07702.9594,W,6,00,50.0,48.7,M,-33.0,M,,0000*6B
$GPGSA,A,2,,,,,,,,,,,,,50.0,50.0,50.0*06
$GPGSV,3,1,10,22,83,066,,06,61,259,,14,61,134,,17,50,025,23*7F
$GPGSV,3,2,10,19,49,337,17,11,27,235,,03,26,055,15,30,14,186,*76
$GPGSV,3,3,10,24,12,299,,20,02,201,*7C
$GPRMC,194831.000,A,2632.4317,N,07702.9594,W,6.84,0.72,220324,,,E*73
$GPVTG,0.72,T,,M,6.84,N,12.7,K,N*39
$GPGGA,194836.000,2632.4388,N,07702.9552,W,6,00,50.0,46.9,M,-33.0,M,,0000*60
$GPGSA,A,2,,,,,,,,,,,,,50.0,50.0,50.0*06
$GPGSV,3,1,10,22,83,066,,06,61,259,,14,61,134,,17,50,025,23*7F
$GPGSV,3,2,10,19,49,337,17,11,27,235,,03,26,055,15,30,14,186,*76
$GPGSV,3,3,10,24,12,299,,20,02,201,*7C
$GPVTG,18.92,T,,M,5.39,N,10.0,K,N*0E
$GPGGA,194841.000,2632.4424,N,07702.9505,W,6,00,50.0,39.2,M,-33.0,M,,0000*60
$GPGSA,A,2,,,,,,,,,,,,,50.0,50.0,50.0*06
$GPGSV,3,1,10,22,83,066,,06,61,259,,14,61,134,,17,50,025,23*7F
$GPGSV,3,2,10,19,49,337,17,11,27,235,,03,26,055,15,30,14,186,*76
$GPGSV,3,3,10,24,12,299,,20,02,201,*7C
$GPRMC,194841.000,A,2632.4424,N,07702.9505,W,2.96,33.86,220324,,,E*47
$GPVTG,33.86,T,,M,2.96,N,5.5,K,N*31
$GPGGA,194846.000,2632.4310,N,07702.9565,W,1,03,50.0,35.2,M,-33.0,M,,0000*69
$GPGSA,A,2,17,03,19,,,,,,,,,,50.0,50.0,1.0*3F
$GPGSV,3,1,10,22,83,066,,06,61,259,,14,61,134,,17,50,025,23*7F
$GPGSV,3,2,10,19,49,337,17,11,27,235,,03,26,055,16,30,14,186,*75
$GPGSV,3,3,10,24,12,299,,20,02,201,*7C
$GPRMC,194846.000,A,2632.4310,N,07702.9565,W,4.95,253.21,220324,,,A*7E
$GPVTG,253.21,T,,M,4.95,N,9.2,K,N*06
$GPGGA,194851.000,2632.4301,N,07702.9615,W,1,03,50.0,39.0,M,-33.0,M,,0000*65
$GPGSA,A,2,17,03,19,,,,,,,,,,50.0,50.0,1.0*3F
$GPGSV,3,1,10,22,83,066,,06,61,259,,14,61,134,,17,50,025,23*7F
$GPGSV,3,2,10,19,49,337,17,11,27,235,,03,26,055,16,30,14,186,*75
$GPGSV,3,3,10,24,12,299,,20,02,201,*7C
$GPRMC,194851.000,A,2632.4301,N,07702.9615,W,0.63,274.93,220324,,,A*7D
$GPVTG,274.93,T,,M,0.63,N,1.2,K,N*0F
$GPGGA,194856.000,2632.4473,N,07702.9529,W,1,03,50.0,40.9,M,-33.0,M,,0000*6B
$GPGSA,A,2,17,03,19,,,,,,,,,,50.0,50.0,1.0*3F
$GPGSV,3,1,10,22,83,066,,06,61,259,,14,61,134,,17,50,025,23*7F
$GPGSV,3,2,10,19,49,337,17,11,27,235,,03,26,055,16,30,14,186,*75
$GPGSV,3,3,10,24,12,299,,20,02,201,*7C
$GPVTG,41.03,T,,M,5.68,N,10.5,K,N*0B
$GPGGA,194901.000,2632.4683,N,07702.9475,W,1,03,50.0,44.7,M,-33.0,M,,0000*67
$GPGSA,A,2,17,03,19,,,,,,,,,,50.0,50.0,1.0*3F
$GPGSV,3,1,10,22,83,066,,06,61,259,,14,61,134,,17,50,025,23*7F
$GPGSV,3,2,10,19,49,337,17,11,27,235,,03,26,055,16,30,14,186,*75
$GPGSV,3,3,10,24,12,299,,20,02,201,*7C
$GPRMC,194901.000,A,2632.4683,N,07702.9475,W,9.05,8.64,220324,,,A*7A
$GPVTG,8.64,T,,M,9.05,N,16.8,K,N*3B
$GPGGA,194906.000,2632.4878,N,07702.9485,W,1,03,50.0,45.1,M,-33.0,M,,0000*62
$GPGSA,A,2,17,03,19,,,,,,,,,,50.0,50.0,1.0*3F
$GPGSV,3,1,10,22,83,066,,06,61,259,,14,61,134,,17,50,025,23*7F
$GPGSV,3,2,10,19,49,337,17,11,27,235,,03,26,055,16,30,14,186,*75
$GPGSV,3,3,10,24,12,299,,20,02,201,*7C
$GPRMC,194906.000,A,2632.4878,N,07702.9485,W,10.51,1.55,220324,,,A*4A
$GPVTG,1.55,T,,M,10.51,N,19.5,K,N*0B
$GPGGA,194911.000,2632.5101,N,07702.9418,W,6,00,50.0,41.1,M,-33.0,M,,0000*66
$GPGSA,A,2,,,,,,,,,,,,,50.0,50.0,50.0*06
$GPGSV,3,1,10,22,83,066,,06,61,259,,14,61,134,,17,50,025,23*7F
$GPGSV,3,2,10,19,49,337,18,11,27,235,,03,26,055,16,30,14,186,*7A
$GPGSV,3,3,10,24,12,299,,20,02,201,*7C
$GPRMC,194911.000,A,2632.5101,N,07702.9418,W,11.88,2.87,220324,,,E*43
$GPVTG,2.87,T,,M,11.88,N,22.0,K,N*0F
$GPGGA,194916.000,2632.5295,N,07702.9467,W,6,00,50.0,39.5,M,-33.0,M,,0000*6C
$GPGSA,A,2,,,,,,,,,,,,,50.0,50.0,50.0*06
$GPGSV,3,1,10,22,83,080,,06,62,262,,14,60,136,,17,50,027,23*7D
$GPGSV,3,2,10,19,50,339,18,11,28,236,,03,25,053,16,30,13,185,*71
$GPGSV,3,3,10,24,12,297,,20,04,201,*74
$GPVTG,353.53,T,,M,12.95,N,24.0,K,N*08
$GPGGA,194921.000,2632.5364,N,07702.9423,W,1,03,50.0,35.3,M,-33.0,M,,0000*69
$GPGSA,A,2,17,03,19,,,,,,,,,,50.0,50.0,1.0*3F
$GPGSV,3,1,10,22,83,080,,06,62,262,,14,60,136,,17,50,027,23*7D
$GPGSV,3,2,10,19,50,339,18,11,28,236,,03,25,053,16,30,13,185,*71
$GPGSV,3,3,10,24,12,297,,20,04,201,*74
$GPRMC,194921.000,A,2632.5364,N,07702.9423,W,8.58,3.85,220324,,,A*7B
$GPVTG,3.85,T,,M,8.58,N,15.9,K,N*34
$GPGGA,194926.000,2632.5575,N,07702.9499,W,1,03,50.0,33.4,M,-33.0,M,,0000*68
$GPGSA,A,2,17,03,19,,,,,,,,,,50.0,50.0,1.0*3F
$GPGSV,3,1,10,22,83,080,,06,62,262,,14,60,136,,17,50,027,23*7D
$GPGSV,3,2,10,19,50,339,18,11,28,236,,03,25,053,16,30,13,185,*71
$GPGSV,3,3,10,24,12,297,,20,04,201,*74
$GPRMC,194926.000,A,2632.5575,N,07702.9499,W,11.35,337.32,220324,,,A*40
$GPVTG,337.32,T,,M,11.35,N,21.0,K,N*01
$GPGGA,194931.000,2632.5817,N,07702.9518,W,1,03,50.0,38.8,M,-33.0,M,,0000*68
$GPGSA,A,2,17,03,19,,,,,,,,,,50.0,50.0,1.0*3F
$GPGSV,3,1,10,22,83,080,,06,62,262,,14,60,136,,17,50,027,23*7D
$GPGSV,3,2,10,19,50,339,18,11,28,236,,03,25,053,16,30,13,185,*71
$GPGSV,3,3,10,24,12,297,,20,04,201,*74
$GPRMC,194931.000,A,2632.5817,N,07702.9518,W,13.88,1.85,220324,,,A*49
$GPVTG,1.85,T,,M,13.88,N,25.7,K,N*0C
$GPGGA,194936.000,2632.5918,N,07702.9491,W,1,03,50.0,35.4,M,-33.0,M,,0000*60
$GPGSA,A,2,17,03,19,,,,,,,,,,50.0,50.0,1.0*3F
$GPGSV,3,1,10,22,83,080,,06,62,262,,14,60,136,,17,50,027,23*7D
$GPGSV,3,2,10,19,50,339,18,11,28,236,,03,25,053,17,30,13,185,*70
$GPGSV,3,3,10,24,12,297,,20,04,201,*74
$GPVTG,14.99,T,,M,10.17,N,18.8,K,N*31
$GPGGA,194941.000,2632.5785,N,07702.9472,W,1,03,50.0,32.7,M,-33.0,M,,0000*63
$GPGSA,A,2,17,03,19,,,,,,,,,,50.0,50.0,1.0*3F
$GPGSV,3,1,10,22,83,080,,06,62,262,,14,60,136,,17,50,027,23*7D
$GPGSV,3,2,10,19,50,339,18,11,28,236,,03,25,053,17,30,13,185,*70
$GPGSV,3,3,10,24,12,297,,20,04,201,*74
$GPRMC,194941.000,A,2632.5785,N,07702.9472,W,3.39,74.32,220324,,,A*42
$GPVTG,74.32,T,,M,3.39,N,6.3,K,N*3C
$GPGGA,194946.000,2632.5757,N,07702.9433,W,1,03,50.0,37.8,M,-33.0,M,,0000*64
$GPGSA,A,2,17,03,19,,,,,,,,,,50.0,50.0,1.0*3F
$GPGSV,3,1,10,22,83,080,,06,62,262,,14,60,136,,17,50,027,23*7D
$GPGSV,3,2,10,19,50,339,18,11,28,236,,03,25,053,18,30,13,185,*7F
$GPGSV,3,3,10,24,12,297,,20,04,201,*74
$GPRMC,194946.000,A,2632.5757,N,07702.9433,W,3.17,22.12,220324,,,A*42
$GPVTG,22.12,T,,M,3.17,N,5.9,K,N*38
$GPGGA,194951.000,2632.5827,N,07702.9394,W,6,00,50.0,36.0,M,-33.0,M,,0000*6D
$GPGSA,A,2,,,,,,,,,,,,,50.0,50.0,50.0*06
$GPGSV,3,1,10,22,83,080,,06,62,262,,14,60,136,,17,50,027,23*7D
$GPGSV,3,2,10,19,50,339,18,11,28,236,,03,25,053,18,30,13,185,*7F
$GPGSV,3,3,10,24,12,297,,20,04,201,*74
$GPRMC,194951.000,A,2632.5827,N,07702.9394,W,3.32,42.60,220324,,,E*46
$GPVTG,42.60,T,,M,3.32,N,6.1,K,N*37
$GPGGA,194956.000,2632.5889,N,07702.9440,W,1,03,50.0,33.6,M,-33.0,M,,0000*67
$GPGSA,A,2,17,03,19,,,,,,,,,,50.0,50.0,1.0*3F
$GPGSV,3,1,10,22,83,080,,06,62,262,,14,60,136,,17,50,027,23*7D
$GPGSV,3,2,10,19,50,339,18,11,28,236,,03,25,053,18,30,13,185,*7F
$GPGSV,3,3,10,24,12,297,,20,04,201,*74
$GPVTG,337.81,T,,M,2.24,N,4.1,K,N*0D
$GPGGA,195001.000,2632.6267,N,07702.9397,W,1,03,50.0,27.9,M,-33.0,M,,0000*63
$GPGSA,A,2,17,03,19,,,,,,,,,,50.0,50.0,1.0*3F
$GPGSV,3,1,10,22,83,080,,06,62,262,,14,60,136,,17,50,027,23*7D
$GPGSV,3,2,10,19,50,339,18,11,28,236,,03,25,053,18,30,13,185,*7F
$GPGSV,3,3,10,24,12,297,,20,04,201,*74
$GPRMC,195001.000,A,2632.6267,N,07702.9397,W,6.56,5.11,220324,,,A*73
$GPVTG,5.11,T,,M,6.56,N,12.1,K,N*30
$GPGGA,195006.000,2632.6078,N,07702.9417,W,6,00,50.0,32.9,M,-33.0,M,,0000*67
$GPGSA,A,2,,,,,,,,,,,,,50.0,50.0,50.0*06
$GPGSV,3,1,10,22,83,080,,06,62,262,,14,60,136,,17,50,027,23*7D
$GPGSV,3,2,10,19,50,339,18,11,28,236,,03,25,053,17,30,13,185,*70
$GPGSV,3,3,10,24,12,297,,20,04,201,*74
$GPRMC,195006.000,A,2632.6078,N,07702.9417,W,3.42,10.19,220324,,,E*4F
$GPVTG,10.19,T,,M,3.42,N,6.3,K,N*3B
$GPGGA,195011.000,2632.5994,N,07702.9436,W,1,03,50.0,36.1,M,-33.0,M,,0000*62
$GPGSA,A,2,17,03,19,,,,,,,,,,50.0,50.0,1.1*3E
$GPGSV,3,1,10,22,83,080,,06,62,262,,14,60,136,,17,50,027,22*7C
$GPGSV,3,2,10,19,50,339,18,11,28,236,,03,25,053,17,30,13,185,*70
$GPGSV,3,3,10,24,12,297,,20,04,201,*74
$GPRMC,195011.000,A,2632.5994,N,07702.9436,W,3.92,350.24,220324,,,A*72
$GPVTG,350.24,T,,M,3.92,N,7.3,K,N*0E
$GPGGA,195016.000,2632.5886,N,07702.9548,W,1,03,50.0,33.1,M,-33.0,M,,0000*6A
$GPGSA,A,2,17,03,19,,,,,,,,,,50.0,50.0,50.0*0B
$GPGSV,3,1,10,22,83,080,,06,62,262,,14,60,136,,17,50,027,22*7C
$GPGSV,3,2,10,19,50,339,18,11,28,236,,03,25,053,17,30,13,185,*70
$GPGSV,3,3,10,24,12,297,,20,04,201,*74
$GPVTG,245.45,T,,M,2.59,N,4.8,K,N*02
$GPGGA,195021.000,2632.5545,N,07702.9596,W,1,03,50.0,39.3,M,-33.0,M,,0000*67
$GPGSA,A,2,17,03,19,,,,,,,,,,50.0,50.0,50.0*0B
$GPGSV,3,1,10,22,83,080,,06,62,262,,14,60,136,,17,50,027,22*7C
$GPGSV,3,2,10,19,50,339,18,11,28,236,,03,25,053,17,30,13,185,*70
$GPGSV,3,3,10,24,12,297,,20,04,201,*74
$GPRMC,195021.000,A,2632.5545,N,07702.9596,W,4.59,225.24,220324,,,A*79
$GPVTG,225.24,T,,M,4.59,N,8.5,K,N*04
$GPGGA,195026.000,2632.5280,N,07702.9641,W,6,00,50.0,41.9,M,-33.0,M,,0000*66
$GPGSA,A,2,,,,,,,,,,,,,50.0,50.0,50.0*06
$GPGSV,3,1,10,22,83,080,,06,62,262,,14,60,136,,17,50,027,22*7C
$GPGSV,3,2,10,19,50,339,18,11,28,236,,03,25,053,17,30,13,185,*70
$GPGSV,3,3,10,24,12,297,,20,04,201,*74
$GPRMC,195026.000,A,2632.5280,N,07702.9641,W,6.49,204.09,220324,,,E*72
$GPVTG,204.09,T,,M,6.49,N,12.0,K,N*35
$GPGGA,195031.000,2632.5147,N,07702.9589,W,1,03,50.0,42.0,M,-33.0,M,,0000*61
$GPGSA,A,2,17,03,19,,,,,,,,,,50.0,50.0,1.0*3F
$GPGSV,3,1,10,22,83,080,,06,62,262,,14,60,136,,17,50,027,21*7F
$GPGSV,3,2,10,19,50,339,18,11,28,236,,03,25,053,16,30,13,185,*71
$GPGSV,3,3,10,24,12,297,,20,04,201,*74
$GPRMC,195031.000,A,2632.5147,N,07702.9589,W,7.47,165.79,220324,,,A*73
$GPVTG,165.79,T,,M,7.47,N,13.8,K,N*30
$GPGGA,195036.000,2632.4985,N,07702.9471,W,1,03,50.0,43.5,M,-33.0,M,,0000*63
$GPGSA,A,2,17,03,19,,,,,,,,,,50.0,50.0,1.0*3F
$GPGSV,3,1,10,22,83,080,,06,62,262,,14,60,136,,17,50,027,21*7F
$GPGSV,3,2,10,19,50,339,18,11,28,236,,03,25,053,17,30,13,185,*70
$GPGSV,3,3,10,24,12,297,,20,04,201,*74
$GPVTG,158.30,T,,M,9.49,N,17.6,K,N*39
$GPGGA,195041.000,2632.4840,N,07702.9521,W,1,03,50.0,42.8,M,-33.0,M,,0000*63
$GPGSA,A,2,17,03,19,,,,,,,,,,50.0,50.0,1.0*3F
$GPGSV,3,1,10,22,83,080,,06,62,262,,14,60,136,,17,50,027,21*7F
$GPGSV,3,2,10,19,50,339,18,11,28,236,,03,25,053,16,30,13,185,*71
$GPGSV,3,3,10,24,12,297,,20,04,201,*74
$GPRMC,195041.000,A,2632.4840,N,07702.9521,W,10.71,185.25,220324,,,A*4D
$GPVTG,185.25,T,,M,10.71,N,19.8,K,N*0E
$GPGGA,195046.000,2632.5044,N,07702.9534,W,1,03,50.0,38.7,M,-33.0,M,,0000*6F
$GPGSA,A,2,17,03,19,,,,,,,,,,50.0,50.0,1.0*3F
$GPGSV,3,1,10,22,83,080,,06,62,262,,14,60,136,,17,50,027,21*7F
$GPGSV,3,2,10,19,50,339,17,11,28,236,,03,25,053,16,30,13,185,*7E
$GPGSV,3,3,10,24,12,297,,20,04,201,*74
$GPRMC,195046.000,A,2632.5044,N,07702.9534,W,7.10,201.63,220324,,,A*7F
$GPVTG,201.63,T,,M,7.10,N,13.1,K,N*31
$GPGGA,195051.000,2632.5098,N,07702.9564,W,1,03,50.0,40.0,M,-33.0,M,,0000*65
$GPGSA,A,2,17,03,19,,,,,,,,,,50.0,50.0,1.0*3F
$GPGSV,3,1,10,22,83,080,,06,62,262,,14,60,136,,17,50,027,21*7F
$GPGSV,3,2,10,19,50,339,18,11,28,236,,03,25,053,16,30,13,185,*71
$GPGSV,3,3,10,24,12,297,,20,04,201,*74
$GPRMC,195051.000,A,2632.5098,N,07702.9564,W,6.09,251.15,220324,,,A*70
$GPVTG,251.15,T,,M,6.09,N,11.3,K,N*3C
$GPGGA,195056.000,2632.5014,N,07702.9635,W,6,00,50.0,37.4,M,-33.0,M,,0000*61
$GPGSA,A,2,,,,,,,,,,,,,50.0,50.0,50.0*06
$GPGSV,3,1,10,22,83,080,,06,62,262,13,14,60,136,,17,50,027,21*7D
$GPGSV,3,2,10,19,50,339,17,11,28,236,,03,25,053,15,30,13,185,*7D
$GPGSV,3,3,10,24,12,297,,20,04,201,*74
$GPRMC,195056.000,A,2632.5014,N,07702.9635,W,7.54,203.02,220324,,,E*78
$GPVTG,203.02,T,,M,7.54,N,14.0,K,N*32
$GPGGA,195101.000,2632.4901,N,07702.9571,W,1,03,50.0,39.6,M,-33.0,M,,0000*65
$GPGSA,A,2,17,03,19,,,,,,,,,,50.0,50.0,1.0*3F
$GPGSV,3,1,10,22,83,080,,06,62,262,15,14,60,136,,17,50,027,21*7B
$GPGSV,3,2,10,19,50,339,17,11,28,236,,03,25,053,15,30,13,185,*7D
$GPGSV,3,3,10,24,12,297,,20,04,201,*74
$GPRMC,195101.000,A,2632.4901,N,07702.9571,W,5.25,145.87,220324,,,A*78
$GPGGA,195106.000,2632.4716,N,07702.9480,W,6,00,50.0,38.9,M,-33.0,M,,0000*6F
$GPGSA,A,2,,,,,,,,,,,,,50.0,50.0,50.0*06
$GPGSV,3,1,10,22,83,080,,06,62,262,15,14,60,136,,17,50,027,21*7B
$GPGSV,3,2,10,19,50,339,18,11,28,236,,03,25,053,15,30,13,185,*72
$GPGSV,3,3,10,24,12,297,,20,04,201,*74
$GPRMC,195106.000,A,2632.4716,N,07702.9480,W,10.94,156.34,220324,,,E*48
$GPVTG,156.34,T,,M,10.94,N,20.3,K,N*0A
$GPGGA,195111.000,2632.4780,N,07702.9567,W,1,03,50.0,39.3,M,-33.0,M,,0000*61
$GPGSA,A,2,17,03,19,,,,,,,,,,50.0,50.0,1.0*3F
$GPGSV,3,1,10,22,83,080,,06,62,262,15,14,60,136,,17,50,027,21*7B
$GPGSV,3,2,10,19,50,339,17,11,28,236,,03,25,053,14,30,13,185,*7C
$GPGSV,3,3,10,24,12,297,,20,04,201,*74
$GPRMC,195111.000,A,2632.4780,N,07702.9567,W,3.42,284.38,220324,,,A*74
$GPVTG,284.38,T,,M,3.42,N,6.3,K,A*08
$GPGGA,195116.000,2632.4879,N,07702.9630,W,1,03,50.0,39.4,M,-33.0,M,,0000*69
$GPGSA,A,2,17,03,19,,,,,,,,,,50.0,50.0,1.0*3F
$GPGSV,3,1,10,22,83,080,,06,62,262,15,14,60,136,,17,50,027,21*7B
$GPGSV,3,2,10,19,50,339,17,11,28,236,,03,25,053,14,30,13,185,*7C
$GPGSV,3,3,10,24,12,297,,20,04,201,*74
$GPRMC,195116.000,A,2632.4879,N,07702.9630,W,2.00,282.45,220324,,,A*70
$GPVTG,282.45,T,,M,2.00,N,3.7,K,A*02
$GPGGA,195121.000,2632.4597,N,07702.9667,W,6,00,50.0,44.7,M,-33.0,M,,0000*6F
$GPGSA,A,2,,,,,,,,,,,,,50.0,50.0,50.0*06
$GPGSV,3,1,10,22,83,080,,06,62,262,14,14,60,136,,17,50,027,21*7A
$GPGSV,3,2,10,19,50,339,17,11,28,236,,03,25,053,,30,13,185,*79
$GPGSV,3,3,10,24,12,297,,20,04,201,*74
$GPRMC,195121.000,A,2632.4597,N,07702.9667,W,3.36,308.15,220324,,,E*7D
$GPGGA,195126.000,2632.4625,N,07702.9708,W,6,00,50.0,45.8,M,-33.0,M,,0000*64
$GPGSA,A,2,,,,,,,,,,,,,50.0,50.0,50.0*06
$GPGSV,3,1,10,22,83,080,,06,62,262,14,14,60,136,,17,50,027,21*7A
$GPGSV,3,2,10,19,50,339,17,11,28,236,,03,25,053,,30,13,185,*79
$GPGSV,3,3,10,24,12,297,,20,04,201,*74
$GPRMC,195126.000,A,2632.4625,N,07702.9708,W,3.36,308.15,220324,,,E*78
$GPVTG,308.15,T,,M,3.36,N,6.2,K,N*0F
$GPGGA,195131.000,2632.4654,N,07702.9749,W,6,00,50.0,46.8,M,-33.0,M,,0000*62
$GPGSA,A,2,,,,,,,,,,,,,50.0,50.0,50.0*06
$GPGSV,3,1,10,22,83,080,,06,62,262,13,14,60,136,,17,50,027,21*7D
$GPGSV,3,2,10,19,50,339,16,11,28,236,,03,25,053,,30,13,185,*78
$GPGSV,3,3,10,24,12,297,,20,04,201,*74
$GPRMC,195131.000,A,2632.4654,N,07702.9749,W,3.36,308.15,220324,,,E*7D
$GPVTG,308.15,T,,M,3.36,N,6.2,K,N*0F
$GPGGA,195751.000,2632.7112,N,07702.9381,W,1,03,25.7,15.3,M,-33.0,M,,0000*68
$GPGSA,A,2,17,03,19,,,,,,,,,,25.7,25.7,1.0*3F
$GPGSV,3,1,10,22,82,105,,06,63,269,,14,57,139,16,19,50,343,15*7C
$GPGSV,3,2,10,17,50,031,23,11,30,238,,03,24,051,15,24,12,295,*7D
$GPGSV,3,3,10,30,11,184,,20,06,200,*70
$GPRMC,195751.000,A,2632.7112,N,07702.9381,W,3.60,111.29,220324,,,A*79
$GPVTG,111.29,T,,M,3.60,N,6.7,K,A*03
$GPGGA,195756.000,2632.7150,N,07702.9342,W,1,03,25.4,18.8,M,-33.0,M,,0000*63
$GPGSA,A,2,17,03,19,,,,,,,,,,25.4,25.4,1.0*3F
$GPGSV,3,1,10,22,82,105,,06,63,269,,14,57,139,11,19,50,343,13*7D
$GPGSV,3,2,10,17,50,031,19,11,30,238,,03,24,051,13,24,12,295,*72
$GPGSV,3,3,10,30,11,184,,20,06,200,*70
$GPVTG,1.42,T,,M,2.63,N,4.9,K,N*0F
$GPGGA,195801.000,2632.7106,N,07702.9358,W,1,03,4.4,6.1,M,-33.0,M,,0000*63
$GPGSA,A,2,17,03,14,,,,,,,,,,4.5,4.4,1.0*33
$GPGSV,3,1,10,22,82,105,,06,63,269,,14,57,139,15,19,50,343,13*79
$GPGSV,3,2,10,17,50,031,23,11,30,238,,03,24,051,14,24,12,295,*7C
$GPGSV,3,3,10,30,11,184,,20,06,200,*70
$GPRMC,195801.000,A,2632.7106,N,07702.9358,W,1.75,137.97,220324,,,A*75
$GPVTG,137.97,T,,M,1.75,N,3.2,K,A*04
$GPGGA,195806.000,2632.7112,N,07702.9393,W,1,04,3.5,-0.1,M,-33.0,M,,0000*4C
$GPGSA,A,3,17,03,19,14,,,,,,,,,7.2,3.5,6.3*3C
$GPGSV,3,1,10,22,82,105,,06,63,269,,14,57,139,16,19,50,343,12*7B
$GPGSV,3,2,10,17,50,031,23,11,30,238,,03,24,051,15,24,12,295,*7D
$GPGSV,3,3,10,30,11,184,,20,06,200,*70
$GPRMC,195806.000,A,2632.7112,N,07702.9393,W,1.10,341.85,220324,,,A*73
$GPVTG,341.85,T,,M,1.10,N,2.0,K,A*04
$GPGGA,195811.000,2632.7148,N,07702.9399,W,1,03,4.4,2.9,M,-33.0,M,,0000*69
$GPGSA,A,2,17,03,14,,,,,,,,,,4.5,4.4,1.0*33
$GPGSV,3,1,10,22,82,105,,06,63,269,,14,57,139,16,19,50,343,13*7A
$GPGSV,3,2,10,17,50,031,23,11,30,238,,03,24,051,16,24,12,295,*7E
$GPGSV,3,3,10,30,11,184,,20,06,200,*70
$GPRMC,195811.000,A,2632.7148,N,07702.9399,W,0.97,209.88,220324,,,A*7E
$GPVTG,209.88,T,,M,0.97,N,1.8,K,A*01
$GPGGA,195816.000,2632.7139,N,07702.9429,W,1,03,24.3,-6.8,M,-33.0,M,,0000*79
$GPGSA,A,2,17,03,19,,,,,,,,,,24.4,24.3,1.0*38
$GPGSV,3,1,10,22,81,114,,06,64,272,,14,56,140,16,19,51,345,14*7B
$GPGSV,3,2,10,17,49,033,23,11,31,240,,03,23,050,16,24,13,294,*7C
$GPGSV,3,3,10,30,10,183,,20,07,200,*77
$GPVTG,21.58,T,,M,1.34,N,2.5,K,A*32
$GPGGA,195821.000,2632.7212,N,07702.9425,W,1,04,3.5,5.0,M,-33.0,M,,0000*69
$GPGSA,A,3,17,03,19,14,,,,,,,,,7.2,3.5,6.3*3C
$GPGSV,3,1,10,22,81,114,,06,64,272,,14,56,140,16,19,51,345,14*7B
$GPGSV,3,2,10,17,49,033,22,11,31,240,,03,23,050,16,24,13,294,*7D
$GPGSV,3,3,10,30,10,183,,20,07,200,*77
$GPRMC,195821.000,A,2632.7212,N,07702.9425,W,2.47,316.97,220324,,,A*7F
$GPVTG,316.97,T,,M,2.47,N,4.6,K,A*04
$GPGGA,195826.000,2632.7189,N,07702.9466,W,1,04,3.5,3.2,M,-33.0,M,,0000*6C
$GPGSA,A,3,17,03,19,14,,,,,,,,,7.2,3.5,6.3*3C
$GPGSV,3,1,10,22,81,114,,06,64,272,,14,56,140,16,19,51,345,14*7B
$GPGSV,3,2,10,17,49,033,22,11,31,240,,03,23,050,17,24,13,294,*7C
$GPGSV,3,3,10,30,10,183,,20,07,200,*77
$GPRMC,195826.000,A,2632.7189,N,07702.9466,W,1.00,40.16,220324,,,A*47
$GPVTG,40.16,T,,M,1.00,N,1.8,K,A*36
$GPGGA,195831.000,2632.7177,N,07702.9446,W,1,04,3.5,6.2,M,-33.0,M,,0000*6C
$GPGSA,A,3,17,03,19,14,,,,,,,,,7.2,3.5,6.3*3C
$GPGSV,3,1,10,22,81,114,,06,64,272,,14,56,140,16,19,51,345,14*7B
$GPGSV,3,2,10,17,49,033,22,11,31,240,,03,23,050,17,24,13,294,*7C
$GPGSV,3,3,10,30,10,183,,20,07,200,*77
$GPRMC,195831.000,A,2632.7177,N,07702.9446,W,0.66,332.26,220324,,,A*76
$GPVTG,332.26,T,,M,0.66,N,1.2,K,A*08
$GPGGA,195836.000,2632.7220,N,07702.9477,W,1,03,3.2,4.0,M,-33.0,M,,0000*68
$GPGSA,A,2,17,19,14,,,,,,,,,,3.4,3.2,1.0*3F
$GPGSV,3,1,10,22,81,114,,06,64,272,,14,56,140,17,19,51,345,14*7A
$GPGSV,3,2,10,17,49,033,22,11,31,240,,03,23,050,18,24,13,294,*73
$GPGSV,3,3,10,30,10,183,,20,07,200,*77
$GPRMC,195836.000,A,2632.7220,N,07702.9477,W,1.95,329.87,220324,,,A*7E
$GPVTG,329.87,T,,M,1.95,N,3.6,K,A*02
$GPGGA,195841.000,2632.7219,N,07702.9447,W,1,04,3.5,11.5,M,-33.0,M,,0000*50
$GPGSA,A,3,17,03,19,14,,,,,,,,,7.2,3.5,6.3*3C
$GPGSV,3,1,10,22,81,114,,06,64,272,,14,56,140,17,19,51,345,15*7B
$GPGSV,3,2,10,17,49,033,22,11,31,240,,03,23,050,17,24,13,294,*7C
$GPGSV,3,3,10,30,10,183,,20,07,200,*77
$GPRMC,195841.000,A,2632.7219,N,07702.9447,W,1.40,343.34,220324,,,A*7B
$GPGGA,195846.000,2632.7224,N,07702.9415,W,1,03,3.2,14.1,M,-33.0,M,,0000*5F
$GPGSA,A,2,17,19,14,,,,,,,,,,3.4,3.2,1.0*3F
$GPGSV,3,1,10,22,81,114,,06,64,272,,14,56,140,17,19,51,345,17*79
$GPGSV,3,2,10,17,49,033,22,11,31,240,,03,23,050,17,24,13,294,*7C
$GPGSV,3,3,10,30,10,183,,20,07,200,*77
$GPRMC,195846.000,A,2632.7224,N,07702.9415,W,3.88,120.09,220324,,,A*7A
$GPVTG,120.09,T,,M,3.88,N,7.2,K,N*0E
$GPGGA,195851.000,2632.7189,N,07702.9403,W,1,04,3.5,11.9,M,-33.0,M,,0000*57
$GPGSA,A,3,17,03,19,14,,,,,,,,,7.2,3.5,6.3*3C
$GPGSV,3,1,10,22,81,114,,06,64,272,,14,56,140,16,19,51,345,17*78
$GPGSV,3,2,10,17,49,033,22,11,31,240,,03,23,050,17,24,13,294,*7C
$GPGSV,3,3,10,30,10,183,,20,07,200,*77
$GPRMC,195851.000,A,2632.7189,N,07702.9403,W,1.49,62.44,220324,,,A*4E
$GPVTG,62.44,T,,M,1.49,N,2.8,K,A*3F
$GPGGA,195856.000,2632.7164,N,07702.9363,W,1,04,3.5,11.4,M,-33.0,M,,0000*5F
$GPGSA,A,3,17,03,19,14,,,,,,,,,7.2,3.5,6.3*3C
$GPGSV,3,1,10,22,81,114,,06,64,272,,14,56,140,16,19,51,345,18*77
$GPGSV,3,2,10,17,49,033,22,11,31,240,,03,23,050,17,24,13,294,*7C
$GPGSV,3,3,10,30,10,183,,20,07,200,*77
$GPRMC,195856.000,A,2632.7164,N,07702.9363,W,3.52,110.51,220324,,,A*73
$GPVTG,110.51,T,,M,3.52,N,6.5,K,N*01
$GPGGA,195901.000,2632.7158,N,07702.9445,W,1,04,3.5,1.1,M,-33.0,M,,0000*64
$GPGSA,A,3,17,03,19,14,,,,,,,,,7.2,3.5,6.3*3C
$GPGSV,3,1,10,22,81,114,,06,64,272,,14,56,140,15,19,51,345,18*74
$GPGSV,3,2,10,17,49,033,22,11,31,240,,03,23,050,16,24,13,294,*7D
$GPGSV,3,3,10,30,10,183,,20,07,200,*77
$GPRMC,195901.000,A,2632.7158,N,07702.9445,W,3.01,340.31,220324,,,A*7B
$GPGGA,195906.000,2632.7180,N,07702.9497,W,1,04,3.5,-4.4,M,-33.0,M,,0000*44
$GPGSA,A,3,17,03,19,14,,,,,,,,,7.2,3.5,6.2*3D
$GPGSV,3,1,10,22,81,114,,06,64,272,,14,56,140,14,19,51,345,18*75
$GPGSV,3,2,10,17,49,033,23,11,31,240,,03,23,050,16,24,13,294,*7C
$GPGSV,3,3,10,30,10,183,,20,07,200,*77
$GPRMC,195906.000,A,2632.7180,N,07702.9497,W,2.80,356.77,220324,,,A*7B
$GPVTG,356.77,T,,M,2.80,N,5.2,K,A*00
$GPGGA,195911.000,2632.7192,N,07702.9449,W,1,03,21.8,1.1,M,-33.0,M,,0000*55
$GPGSA,A,2,17,03,19,,,,,,,,,,21.8,21.8,1.0*3F
$GPGSV,3,1,10,22,81,114,,06,64,272,,14,56,140,14,19,51,345,18*75
$GPGSV,3,2,10,17,49,033,23,11,31,240,,03,23,050,16,24,13,294,*7C
$GPGSV,3,3,10,30,10,183,,20,07,200,*77
$GPRMC,195911.000,A,2632.7192,N,07702.9449,W,3.18,74.59,220324,,,A*42
$GPVTG,74.59,T,,M,3.18,N,5.9,K,N*3B
$GPGGA,195916.000,2632.7189,N,07702.9438,W,1,03,21.6,-1.5,M,-33.0,M,,0000*79
$GPGSA,A,2,17,03,19,,,,,,,,,,21.6,21.6,1.0*3F
$GPGSV,3,1,10,22,81,114,,06,64,272,,14,56,140,,19,51,345,19*71
$GPGSV,3,2,10,17,49,033,23,11,31,240,,03,23,050,16,24,13,294,*7C
$GPGSV,3,3,10,30,10,183,,20,07,200,*77
$GPRMC,195916.000,A,2632.7189,N,07702.9438,W,2.51,59.65,220324,,,A*45
$GPVTG,59.65,T,,M,2.51,N,4.6,K,N*39
$GPGGA,195921.000,2632.7206,N,07702.9418,W,1,03,21.4,2.1,M,-33.0,M,,0000*53
$GPGSA,A,2,17,03,19,,,,,,,,,,21.4,21.4,1.0*3F
$GPGSV,3,1,10,22,81,114,,06,64,272,,14,56,140,,19,51,345,19*71
$GPGSV,3,2,10,17,49,033,23,11,31,240,,03,23,050,16,24,13,294,*7C
$GPGSV,3,3,10,30,10,183,,20,07,200,*77
$GPVTG,21.22,T,,M,1.97,N,3.6,K,N*3B
$GPGGA,195926.000,2632.7284,N,07702.9402,W,6,00,50.0,-2.0,M,-33.0,M,,0000*7F
$GPGSA,A,2,,,,,,,,,,,,,50.0,50.0,50.0*06
$GPGSV,3,1,10,22,81,114,,06,64,272,,14,56,140,,19,51,345,20*7B
$GPGSV,3,2,10,17,49,033,24,11,31,240,,03,23,050,16,24,13,294,*7B
$GPGSV,3,3,10,30,10,183,,20,07,200,*77
$GPRMC,195926.000,A,2632.7284,N,07702.9402,W,4.44,35.30,220324,,,E*4D
$GPVTG,35.30,T,,M,4.44,N,8.2,K,N*39
$GPGGA,195931.000,2632.7544,N,07702.9407,W,1,03,21.0,-7.7,M,-33.0,M,,0000*77
$GPGSA,A,2,17,03,19,,,,,,,,,,21.0,21.0,1.0*3F
$GPGSV,3,1,10,22,81,114,,06,64,272,,14,56,140,,19,51,345,20*7B
$GPGSV,3,2,10,17,49,033,24,11,31,240,,03,23,050,16,24,13,294,*7B
$GPGSV,3,3,10,30,10,183,,20,07,200,*77
$GPRMC,195931.000,A,2632.7544,N,07702.9407,W,12.36,351.59,220324,,,A*4D
$GPVTG,351.59,T,,M,12.36,N,22.9,K,N*06
$GPGGA,195936.000,2632.7659,N,07702.9404,W,6,00,50.0,-8.4,M,-33.0,M,,0000*72
$GPGSA,A,2,,,,,,,,,,,,,50.0,50.0,50.0*06
$GPGSV,3,1,10,22,81,114,,06,64,272,,14,56,140,,19,51,345,20*7B
$GPGSV,3,2,10,17,49,033,24,11,31,240,,03,23,050,16,24,13,294,*7B
$GPGSV,3,3,10,30,10,183,,20,07,200,*77
$GPRMC,195936.000,A,2632.7659,N,07702.9404,W,8.99,1.21,220324,,,E*75
$GPVTG,1.21,T,,M,8.99,N,16.6,K,N*39
$GPGGA,195941.000,2632.7426,N,07702.9420,W,1,03,20.6,-4.7,M,-33.0,M,,0000*74
$GPGSA,A,2,17,03,19,,,,,,,,,,20.6,20.6,1.0*3F
$GPGSV,3,1,10,22,81,114,,06,64,272,,14,56,140,,19,51,345,20*7B
$GPGSV,3,2,10,17,49,033,24,11,31,240,,03,23,050,15,24,13,294,*78
$GPGSV,3,3,10,30,10,183,,20,07,200,*77
$GPVTG,101.84,T,,M,1.71,N,3.2,K,N*08
$GPGGA,195946.000,2632.7176,N,07702.9422,W,1,03,20.4,-1.4,M,-33.0,M,,0000*75
$GPGSA,A,2,17,03,19,,,,,,,,,,20.4,20.4,1.0*3F
$GPGSV,3,1,10,22,81,114,,06,64,272,,14,56,140,,19,51,345,21*7A
$GPGSV,3,2,10,17,49,033,24,11,31,240,,03,23,050,15,24,13,294,*78
$GPGSV,3,3,10,30,10,183,,20,07,200,*77
$GPRMC,195946.000,A,2632.7176,N,07702.9422,W,4.21,198.48,220324,,,A*79
$GPVTG,198.48,T,,M,4.21,N,7.8,K,N*06
$GPGGA,195951.000,2632.7091,N,07702.9449,W,1,03,20.2,-0.5,M,-33.0,M,,0000*70
$GPGSA,A,2,17,03,19,,,,,,,,,,20.2,20.2,1.0*3F
$GPGSV,3,1,10,22,81,114,,06,64,272,,14,56,140,,19,51,345,21*7A
$GPGSV,3,2,10,17,49,033,24,11,31,240,,03,23,050,16,24,13,294,*7B
$GPGSV,3,3,10,30,10,183,,20,07,200,*77
$GPRMC,195951.000,A,2632.7091,N,07702.9449,W,4.51,177.04,220324,,,A*74
$GPVTG,177.04,T,,M,4.51,N,8.4,K,N*0B
$GPGGA,195956.000,2632.6784,N,07702.9494,W,1,03,20.0,0.2,M,-33.0,M,,0000*5D
$GPGSA,A,2,17,03,19,,,,,,,,,,20.1,20.0,1.0*3E
$GPGSV,3,1,10,22,81,114,,06,64,272,,14,56,140,,19,51,345,21*7A
$GPGSV,3,2,10,17,49,033,24,11,31,240,,03,23,050,16,24,13,294,*7B
$GPGSV,3,3,10,30,10,183,,20,07,200,*77
$GPRMC,195956.000,A,2632.6784,N,07702.9494,W,10.95,182.78,220324,,,A*4D
$GPVTG,182.78,T,,M,10.95,N,20.3,K,N*0A
$GPGGA,200001.000,2632.6553,N,07702.9516,W,1,03,19.9,1.5,M,-33.0,M,,0000*5F
$GPGSA,A,2,17,03,19,,,,,,,,,,19.9,19.9,1.0*3F
$GPGSV,3,1,10,22,81,114,,06,64,272,,14,56,140,,19,51,345,22*79
$GPGSV,3,2,10,17,49,033,24,11,31,240,,03,23,050,16,24,13,294,*7B
$GPGSV,3,3,10,30,10,183,,20,07,200,*77
$GPRMC,200001.000,A,2632.6553,N,07702.9516,W,11.45,187.54,220324,,,A*4D
$GPVTG,187.54,T,,M,11.45,N,21.2,K,N*0D
$GPGGA,200006.000,2632.6698,N,07702.9476,W,1,03,19.7,2.3,M,-33.0,M,,0000*50
$GPGSA,A,2,17,03,19,,,,,,,,,,19.7,19.7,1.0*3F
$GPGSV,3,1,10,22,81,114,,06,64,272,,14,56,140,,19,51,345,22*79
$GPGSV,3,2,10,17,49,033,24,11,31,240,,03,23,050,16,24,13,294,*7B
$GPGSV,3,3,10,30,10,183,,20,07,200,*77
$GPRMC,200006.000,A,2632.6698,N,07702.9476,W,2.37,180.97,220324,,,A*76
$GPGGA,200011.000,2632.7069,N,07702.9435,W,1,03,19.5,1.2,M,-33.0,M,,0000*58
$GPGSA,A,2,17,03,19,,,,,,,,,,19.5,19.5,1.0*3F
$GPGSV,3,1,10,22,81,114,,06,64,272,,14,56,140,,19,51,345,22*79
$GPGSV,3,2,10,17,49,033,24,11,31,240,,03,23,050,16,24,13,294,*7B
$GPGSV,3,3,10,30,10,183,,20,07,200,*77
$GPRMC,200011.000,A,2632.7069,N,07702.9435,W,5.81,2.12,220324,,,A*72
$GPVTG,2.12,T,,M,5.81,N,10.8,K,N*36
$GPGGA,200016.000,2632.7222,N,07702.9390,W,1,03,19.3,-0.2,M,-33.0,M,,0000*70
$GPGSA,A,2,17,03,19,,,,,,,,,,19.4,19.3,1.0*38
$GPGSV,3,1,10,22,81,114,,06,64,272,,14,56,140,,19,51,345,22*79
$GPGSV,3,2,10,17,49,033,24,11,31,240,,03,23,050,16,24,13,294,*7B
$GPGSV,3,3,10,30,10,183,,20,07,200,*77
$GPRMC,200016.000,A,2632.7222,N,07702.9390,W,3.59,23.12,220324,,,A*40
$GPVTG,23.12,T,,M,3.59,N,6.6,K,N*3F
$GPGGA,200021.000,2632.7123,N,07702.9453,W,6,00,50.0,1.0,M,-33.0,M,,0000*5A
$GPGSA,A,2,,,,,,,,,,,,,50.0,50.0,50.0*06
$GPGSV,3,1,10,22,81,114,,06,64,272,,14,56,140,,19,51,345,23*78
$GPGSV,3,2,10,17,49,033,24,11,31,240,,03,23,050,16,24,13,294,*7B
$GPGSV,3,3,10,30,10,183,,20,07,200,*77
$GPRMC,200021.000,A,2632.7123,N,07702.9453,W,0.35,247.24,220324,,,E*76
$GPVTG,247.24,T,,M,0.35,N,0.6,K,N*05
$GPGGA,200026.000,2632.6969,N,07702.9517,W,1,03,19.0,3.1,M,-33.0,M,,0000*51
$GPGSA,A,2,17,03,19,,,,,,,,,,19.0,19.0,1.0*3F
$GPGSV,3,1,10,22,81,114,,06,64,272,,14,56,140,,19,51,345,23*78
$GPGSV,3,2,10,17,49,033,24,11,31,240,,03,23,050,16,24,13,294,*7B
$GPGSV,3,3,10,30,10,183,,20,07,200,*77
$GPRMC,200026.000,A,2632.6969,N,07702.9517,W,4.28,181.85,220324,,,A*79
$GPGGA,200031.000,2632.7024,N,07702.9461,W,1,03,18.9,3.2,M,-33.0,M,,0000*5D
$GPGSA,A,2,17,03,19,,,,,,,,,,18.9,18.9,1.0*3F
$GPGSV,3,1,10,22,81,114,,06,64,272,,14,56,140,,19,51,345,23*78
$GPGSV,3,2,10,17,49,033,24,11,31,240,,03,23,050,16,24,13,294,*7B
$GPGSV,3,3,10,30,10,183,,20,07,200,*77
$GPRMC,200031.000,A,2632.7024,N,07702.9461,W,2.30,91.53,220324,,,A*4A
$GPVTG,91.53,T,,M,2.30,N,4.3,K,N*3A
$GPGGA,200036.000,2632.7142,N,07702.9464,W,1,03,18.7,3.3,M,-33.0,M,,0000*51
$GPGSA,A,2,17,03,19,,,,,,,,,,18.7,18.7,1.0*3F
$GPGSV,3,1,10,22,81,114,,06,64,272,,14,56,140,,19,51,345,23*78
$GPGSV,3,2,10,17,49,033,25,11,31,240,,03,23,050,17,24,13,294,*7B
$GPGSV,3,3,10,30,10,183,,20,07,200,*77
$GPRMC,200036.000,A,2632.7142,N,07702.9464,W,4.75,342.62,220324,,,A*71
$GPVTG,342.62,T,,M,4.75,N,8.8,K,N*05
$GPGGA,200041.000,2632.7234,N,07702.9480,W,1,03,18.6,4.3,M,-33.0,M,,0000*5F
$GPGSA,A,2,17,03,19,,,,,,,,,,18.6,18.6,1.0*3F
$GPGSV,3,1,10,22,81,114,,06,64,272,,14,56,140,,19,51,345,24*7F
$GPGSV,3,2,10,17,49,033,25,11,31,240,,03,23,050,17,24,13,294,*7B
$GPGSV,3,3,10,30,10,183,,20,07,200,*77
$GPRMC,200041.000,A,2632.7234,N,07702.9480,W,3.00,352.09,220324,,,A*70
$GPVTG,352.09,T,,M,3.00,N,5.6,K,N*0F
$GPGGA,200046.000,2632.7391,N,07702.9433,W,1,03,18.4,3.7,M,-33.0,M,,0000*5F
$GPGSA,A,2,17,03,19,,,,,,,,,,18.4,18.4,1.0*3F
$GPGSV,3,1,10,22,81,114,,06,64,272,,14,56,140,,19,51,345,24*7F
$GPGSV,3,2,10,17,49,033,25,11,31,240,,03,23,050,17,24,13,294,*7B
$GPGSV,3,3,10,30,10,183,,20,07,200,*77
$GPVTG,43.69,T,,M,4.77,N,8.8,K,N*3E
$GPGGA,200051.000,2632.7365,N,07702.9397,W,1,03,18.3,5.0,M,-33.0,M,,0000*5D
$GPGSA,A,2,17,03,19,,,,,,,,,,18.3,18.3,1.0*3F
$GPGSV,3,1,10,22,81,114,,06,64,272,,14,56,140,,19,51,345,24*7F
$GPGSV,3,2,10,17,49,033,25,11,31,240,,03,23,050,18,24,13,294,*74
$GPGSV,3,3,10,30,10,183,,20,07,200,*77
$GPRMC,200051.000,A,2632.7365,N,07702.9397,W,0.81,63.47,220324,,,A*44
$GPVTG,63.47,T,,M,0.81,N,1.5,K,N*39
$GPGGA,200056.000,2632.7393,N,07702.9384,W,1,03,18.1,7.3,M,-33.0,M,,0000*52
$GPGSA,A,2,17,03,19,,,,,,,,,,18.1,18.1,1.0*3F
$GPGSV,3,1,10,22,81,114,,06,64,272,,14,56,140,,19,51,345,24*7F
$GPGSV,3,2,10,17,49,033,25,11,31,240,,03,23,050,18,24,13,294,*74
$GPGSV,3,3,10,30,10,183,,20,07,200,*77
$GPRMC,200056.000,A,2632.7393,N,07702.9384,W,3.47,32.57,220324,,,A*44
$GPVTG,32.57,T,,M,3.47,N,6.4,K,N*33
$GPGGA,200101.000,2632.7362,N,07702.9397,W,1,03,18.0,9.0,M,-33.0,M,,0000*51
$GPGSA,A,2,17,03,19,,,,,,,,,,18.0,18.0,1.0*3F
$GPGSV,3,1,10,22,81,114,,06,64,272,,14,56,140,,19,51,345,25*7E
$GPGSV,3,2,10,17,49,033,25,11,31,240,,03,23,050,18,24,13,294,*74
$GPGSV,3,3,10,30,10,183,,20,07,200,*77
$GPRMC,200101.000,A,2632.7362,N,07702.9397,W,1.11,11.86,220324,,,A*47
$GPVTG,11.86,T,,M,1.11,N,2.0,K,N*3F
$GPGGA,200106.000,2632.7389,N,07702.9399,W,1,03,17.8,10.4,M,-33.0,M,,0000*66
$GPGSA,A,2,17,03,19,,,,,,,,,,17.8,17.8,1.0*3F
$GPGSV,3,1,10,22,81,114,,06,64,272,,14,56,140,,19,51,345,25*7E
$GPGSV,3,2,10,17,49,033,25,11,31,240,,03,23,050,19,24,13,294,*75
$GPGSV,3,3,10,30,10,183,,20,07,200,*77
$GPVTG,351.77,T,,M,1.56,N,2.9,K,N*0C
$GPGGA,200111.000,2632.7238,N,07702.9419,W,1,03,17.7,12.0,M,-33.0,M,,0000*6D
$GPGSA,A,2,17,03,19,,,,,,,,,,17.7,17.7,1.0*3F
$GPGSV,3,1,10,22,81,114,,06,64,272,,14,56,140,,19,51,345,25*7E
$GPGSV,3,2,10,17,49,033,25,11,31,240,,03,23,050,18,24,13,294,*74
$GPGSV,3,3,10,30,10,183,,20,07,200,*77
$GPRMC,200111.000,A,2632.7238,N,07702.9419,W,4.32,206.18,220324,,,A*7E
$GPVTG,206.18,T,,M,4.32,N,8.0,K,N*02
$GPGGA,200116.000,2632.7236,N,07702.9433,W,1,03,17.5,13.1,M,-33.0,M,,0000*6E
$GPGSA,A,2,17,03,19,,,,,,,,,,17.6,17.5,1.0*3C
$GPGSV,3,1,11,22,80,122,,06,64,276,,14,54,141,,19,51,347,25*7E
$GPGSV,3,2,11,17,49,035,26,11,32,241,,03,23,049,18,24,13,292,*7C
$GPGSV,3,3,11,30,09,182,,20,08,200,,09,00,129,*43
$GPRMC,200116.000,A,2632.7236,N,07702.9433,W,2.77,194.22,220324,,,A*79
$GPVTG,194.22,T,,M,2.77,N,5.1,K,N*08
$GPGGA,200121.000,2632.7258,N,07702.9424,W,6,00,50.0,13.6,M,-33.0,M,,0000*61
$GPGSA,A,2,,,,,,,,,,,,,50.0,50.0,50.0*06
$GPGSV,3,1,11,22,80,122,,06,64,276,,14,54,141,,19,51,347,25*7E
$GPGSV,3,2,11,17,49,035,26,11,32,241,,03,23,049,18,24,13,292,*7C
$GPGSV,3,3,11,30,09,182,,20,08,200,,09,00,129,*43
$GPRMC,200121.000,A,2632.7258,N,07702.9424,W,1.30,149.02,220324,,,E*75
$GPVTG,149.02,T,,M,1.30,N,2.4,K,N*08
$GPGGA,200126.000,2632.7256,N,07702.9402,W,1,03,17.3,14.6,M,-33.0,M,,0000*6F
$GPGSA,A,2,17,03,19,,,,,,,,,,17.3,17.3,1.0*3F
$GPGSV,3,1,11,22,80,122,,06,64,276,,14,54,141,,19,51,347,25*7E
$GPGSV,3,2,11,17,49,035,26,11,32,241,,03,23,049,18,24,13,292,*7C
$GPGSV,3,3,11,30,09,182,,20,08,200,,09,00,129,*43
$GPVTG,199.88,T,,M,1.39,N,2.6,K,N*0C
$GPGGA,200131.000,2632.7304,N,07702.9406,W,1,03,17.1,15.5,M,-33.0,M,,0000*6B
$GPGSA,A,2,17,03,19,,,,,,,,,,17.2,17.1,1.0*3C
$GPGSV,3,1,11,22,80,122,,06,64,276,,14,54,141,,19,51,347,25*7E
$GPGSV,3,2,11,17,49,035,26,11,32,241,,03,23,049,18,24,13,292,*7C
$GPGSV,3,3,11,30,09,182,,20,08,200,,09,00,129,*43
$GPRMC,200131.000,A,2632.7304,N,07702.9406,W,0.20,95.29,220324,,,A*41
$GPVTG,95.29,T,,M,0.20,N,0.4,K,N*33
$GPGGA,200136.000,2632.7239,N,07702.9409,W,1,03,17.0,16.6,M,-33.0,M,,0000*6D
$GPGSA,A,2,17,03,19,,,,,,,,,,17.0,17.0,1.0*3F
$GPGSV,3,1,11,22,80,122,,06,64,276,,14,54,141,,19,51,347,25*7E
$GPGSV,3,2,11,17,49,035,26,11,32,241,,03,23,049,18,24,13,292,*7C
$GPGSV,3,3,11,30,09,182,,20,08,200,,09,00,129,*43
$GPRMC,200136.000,A,2632.7239,N,07702.9409,W,1.93,174.47,220324,,,A*79
$GPVTG,174.47,T,,M,1.93,N,3.6,K,N*0D
$GPGGA,200141.000,2632.7257,N,07702.9381,W,1,03,16.9,17.3,M,-33.0,M,,0000*6E
$GPGSA,A,2,17,03,19,,,,,,,,,,16.9,16.9,1.0*3F
$GPGSV,3,1,11,22,80,122,,06,64,276,,14,54,141,,19,51,347,26*7D
$GPGSV,3,2,11,17,49,035,26,11,32,241,,03,23,049,18,24,13,292,*7C
$GPGSV,3,3,11,30,09,182,,20,08,200,,09,00,129,*43
$GPRMC,200141.000,A,2632.7257,N,07702.9381,W,0.98,143.41,220324,,,A*7E
$GPVTG,143.41,T,,M,0.98,N,1.8,K,N*09
$GPGGA,200146.000,2632.7299,N,07702.9356,W,1,03,16.8,17.8,M,-33.0,M,,0000*6B
$GPGSA,A,2,17,03,19,,,,,,,,,,16.8,16.8,1.0*3F
$GPGSV,3,1,11,22,80,122,,06,64,276,,14,54,141,,19,51,347,26*7D
$GPGSV,3,2,11,17,49,035,26,11,32,241,,03,23,049,19,24,13,292,*7D
$GPGSV,3,3,11,30,09,182,,20,08,200,,09,00,129,*43
$GPRMC,200146.000,A,2632.7299,N,07702.9356,W,1.32,24.43,220324,,,A*42
$GPVTG,24.43,T,,M,1.32,N,2.4,K,N*35
$GPGGA,200151.000,2632.7366,N,07702.9365,W,1,03,16.6,18.3,M,-33.0,M,,0000*66
$GPGSA,A,2,17,03,19,,,,,,,,,,16.7,16.6,1.0*3E
$GPGSV,3,1,11,22,80,122,,06,64,276,,14,54,141,,19,51,347,26*7D
$GPGSV,3,2,11,17,49,035,26,11,32,241,,03,23,049,20,24,13,292,*77
$GPGSV,3,3,11,30,09,182,,20,08,200,,09,00,129,*43
$GPVTG,347.86,T,,M,2.25,N,4.2,K,N*0F
$GPGGA,200156.000,2632.7398,N,07702.9382,W,1,03,16.5,18.4,M,-33.0,M,,0000*6D
$GPGSA,A,2,17,03,19,,,,,,,,,,16.5,16.5,1.0*3F
$GPGSV,3,1,11,22,80,122,,06,64,276,,14,54,141,,19,51,347,26*7D
$GPGSV,3,2,11,17,49,035,26,11,32,241,,03,23,049,20,24,13,292,*77
$GPGSV,3,3,11,30,09,182,,20,08,200,,09,00,129,*43
$GPRMC,200156.000,A,2632.7398,N,07702.9382,W,1.97,19.61,220324,,,A*4B
$GPVTG,19.61,T,,M,1.97,N,3.7,K,N*36
$GPGGA,200201.000,2632.7369,N,07702.9417,W,1,03,16.4,18.9,M,-33.0,M,,0000*65
$GPGSA,A,2,17,03,19,,,,,,,,,,16.4,16.4,1.0*3F
$GPGSV,3,1,11,22,80,122,,06,64,276,,14,54,141,,19,51,347,26*7D
$GPGSV,3,2,11,17,49,035,26,11,32,241,,03,23,049,21,24,13,292,*76
$GPGSV,3,3,11,30,09,182,,20,08,200,,09,00,129,*43
$GPRMC,200201.000,A,2632.7369,N,07702.9417,W,0.72,217.46,220324,,,A*7C
$GPVTG,217.46,T,,M,0.72,N,1.3,K,N*03
$GPGGA,200206.000,2632.7407,N,07702.9404,W,1,03,16.3,19.9,M,-33.0,M,,0000*69
$GPGSA,A,2,17,03,19,,,,,,,,,,16.3,16.3,1.0*3F
$GPGSV,3,1,11,22,80,122,,06,64,276,,14,54,141,,19,51,347,26*7D
$GPGSV,3,2,11,17,49,035,26,11,32,241,,03,23,049,20,24,13,292,*77
$GPGSV,3,3,11,30,09,182,,20,08,200,,09,00,129,*43
$GPRMC,200206.000,A,2632.7407,N,07702.9404,W,0.97,343.30,220324,,,A*7C
$GPVTG,343.30,T,,M,0.97,N,1.8,K,N*02
$GPGGA,200211.000,2632.7307,N,07702.9394,W,1,03,16.2,21.7,M,-33.0,M,,0000*62
$GPGSA,A,2,17,03,19,,,,,,,,,,16.2,16.2,1.0*3F
$GPGSV,3,1,11,22,80,122,,06,64,276,,14,54,141,,19,51,347,26*7D
$GPGSV,3,2,11,17,49,035,26,11,32,241,,03,23,049,20,24,13,292,*77
$GPGSV,3,3,11,30,09,182,,20,08,200,,09,00,129,*43
$GPRMC,200211.000,A,2632.7307,N,07702.9394,W,2.34,187.38,220324,,,A*7A
$GPVTG,187.38,T,,M,2.34,N,4.3,K,N*05
$GPGGA,200216.000,2632.7321,N,07702.9372,W,1,03,16.0,22.5,M,-33.0,M,,0000*6A
$GPGSA,A,2,17,03,19,,,,,,,,,,16.1,16.0,1.0*3E
$GPGSV,3,1,11,22,80,122,,06,64,276,,14,54,141,,19,51,347,27*7C
$GPGSV,3,2,11,17,49,035,26,11,32,241,,03,23,049,20,24,13,292,*77
$GPGSV,3,3,11,30,09,182,,20,08,200,,09,00,129,*43
$GPRMC,200216.000,A,2632.7321,N,07702.9372,W,1.18,178.31,220324,,,A*75
$GPGGA,200221.000,2632.7321,N,07702.9375,W,1,03,15.9,22.9,M,-33.0,M,,0000*6F
$GPGSA,A,2,17,03,19,,,,,,,,,,16.0,15.9,1.0*35
$GPGSV,3,1,11,22,80,122,,06,64,276,,14,54,141,,19,51,347,27*7C
$GPGSV,3,2,11,17,49,035,26,11,32,241,,03,23,049,20,24,13,292,*77
$GPGSV,3,3,11,30,09,182,,20,08,200,,09,00,129,*43
$GPRMC,200221.000,A,2632.7321,N,07702.9375,W,0.09,105.83,220324,,,A*74
$GPVTG,105.83,T,,M,0.09,N,0.2,K,N*06
$GPGGA,200226.000,2632.7504,N,07702.9340,W,1,03,15.8,22.8,M,-33.0,M,,0000*6F
$GPGSA,A,2,17,03,19,,,,,,,,,,15.8,15.8,1.0*3F
$GPGSV,3,1,11,22,80,122,,06,64,276,,14,54,141,,19,51,347,27*7C
$GPGSV,3,2,11,17,49,035,26,11,32,241,,03,23,049,20,24,13,292,*77
$GPGSV,3,3,11,30,09,182,,20,08,200,,09,00,129,*43
$GPRMC,200226.000,A,2632.7504,N,07702.9340,W,4.66,14.44,220324,,,A*43
$GPVTG,14.44,T,,M,4.66,N,8.6,K,N*3D
$GPGGA,200231.000,2632.7547,N,07702.9335,W,1,03,15.7,23.3,M,-33.0,M,,0000*69
$GPGSA,A,2,17,03,19,,,,,,,,,,15.7,15.7,1.0*3F
$GPGSV,3,1,11,22,80,122,,06,64,276,,14,54,141,,19,51,347,27*7C
$GPGSV,3,2,11,17,49,035,27,11,32,241,,03,23,049,19,24,13,292,*7C
$GPGSV,3,3,11,30,09,182,,20,08,200,,09,00,129,*43
$GPRMC,200231.000,A,2632.7547,N,07702.9335,W,4.08,4.18,220324,,,A*70
$GPVTG,4.18,T,,M,4.08,N,7.6,K,N*02
$GPGGA,200236.000,2632.7780,N,07702.9290,W,1,03,15.6,23.5,M,-33.0,M,,0000*6E
$GPGSA,A,2,17,03,19,,,,,,,,,,15.6,15.6,1.0*3F
$GPGSV,3,1,11,22,80,122,,06,64,276,,14,54,141,,19,51,347,27*7C
$GPGSV,3,2,11,17,49,035,27,11,32,241,,03,23,049,19,24,13,292,*7C
$GPGSV,3,3,11,30,09,182,,20,08,200,,09,00,129,*43
$GPVTG,7.14,T,,M,8.63,N,16.0,K,N*3A
$GPGGA,200241.000,2632.7692,N,07702.9312,W,1,03,15.5,24.4,M,-33.0,M,,0000*62
$GPGSA,A,2,17,03,19,,,,,,,,,,15.5,15.5,1.0*3F
$GPGSV,3,1,11,22,80,122,,06,64,276,,14,54,141,,19,51,347,27*7C
$GPGSV,3,2,11,17,49,035,27,11,32,241,,03,23,049,18,24,13,292,*7D
$GPGSV,3,3,11,30,09,182,,20,08,200,,09,00,129,*43
$GPRMC,200241.000,A,2632.7692,N,07702.9312,W,2.39,19.41,220324,,,A*4D
$GPVTG,19.41,T,,M,2.39,N,4.4,K,N*37
$GPGGA,200246.000,2632.7629,N,07702.9317,W,1,03,15.4,25.3,M,-33.0,M,,0000*67
$GPGSA,A,2,17,03,19,,,,,,,,,,15.4,15.4,1.0*3F
$GPGSV,3,1,11,22,80,122,,06,64,276,,14,54,141,,19,51,347,28*73
$GPGSV,3,2,11,17,49,035,27,11,32,241,,03,23,049,18,24,13,292,*7D
$GPGSV,3,3,11,30,09,182,15,20,08,200,,09,00,129,*47
$GPRMC,200246.000,A,2632.7629,N,07702.9317,W,1.08,116.48,220324,,,A*79
$GPVTG,116.48,T,,M,1.08,N,2.0,K,A*0C
$GPGGA,200251.000,2632.7571,N,07702.9337,W,1,03,15.3,27.3,M,-33.0,M,,0000*68
$GPGSA,A,2,17,03,19,,,,,,,,,,15.3,15.3,1.0*3F
$GPGSV,3,1,11,22,80,122,,06,64,276,,14,54,141,,19,51,347,28*73
$GPGSV,3,2,11,17,49,035,27,11,32,241,,03,23,049,18,24,13,292,*7D
$GPGSV,3,3,11,30,09,182,15,20,08,200,,09,00,129,*47
$GPRMC,200251.000,A,2632.7571,N,07702.9337,W,1.53,201.03,220324,,,A*77
$GPVTG,201.03,T,,M,1.53,N,2.8,K,A*00
$GPGGA,200256.000,2632.7579,N,07702.9317,W,1,03,15.2,26.7,M,-33.0,M,,0000*61
$GPGSA,A,2,17,03,19,,,,,,,,,,15.2,15.2,1.0*3F
$GPGSV,3,1,11,22,80,122,,06,64,276,,14,54,141,,19,51,347,28*73
$GPGSV,3,2,11,17,49,035,27,11,32,241,,03,23,049,18,24,13,292,*7D
$GPGSV,3,3,11,30,09,182,15,20,08,200,,09,00,129,*47
$GPRMC,200256.000,A,2632.7579,N,07702.9317,W,1.42,98.05,220324,,,A*4E
$GPVTG,98.05,T,,M,1.42,N,2.6,K,A*3A
$GPGGA,200301.000,2632.7612,N,07702.9292,W,1,03,15.1,24.4,M,-33.0,M,,0000*62
$GPGSA,A,2,17,03,19,,,,,,,,,,15.1,15.1,1.0*3F
$GPGSV,3,1,11,22,80,126,,06,65,278,,14,54,142,,19,51,349,28*75
$GPGSV,3,2,11,17,49,036,27,11,32,242,,03,22,048,18,24,13,291,*7E
$GPGSV,3,3,11,20,09,200,,30,08,182,16,09,00,128,*45
$GPVTG,104.64,T,,M,1.32,N,2.4,K,A*0C
$GPGGA,200306.000,2632.7626,N,07702.9298,W,1,03,15.0,24.3,M,-33.0,M,,0000*6E
$GPGSA,A,2,17,03,19,,,,,,,,,,15.0,15.0,1.0*3F
$GPGSV,3,1,11,22,80,126,,06,65,278,,14,54,142,,19,51,349,28*75
$GPGSV,3,2,11,17,49,036,27,11,32,242,,03,22,048,18,24,13,291,*7E
$GPGSV,3,3,11,20,09,200,,30,08,182,16,09,00,128,*45
$GPRMC,200306.000,A,2632.7626,N,07702.9298,W,1.47,243.34,220324,,,A*76
$GPVTG,243.34,T,,M,1.47,N,2.7,K,A*08
$GPGGA,200311.000,2632.7607,N,07702.9324,W,1,03,14.9,26.9,M,-33.0,M,,0000*6D
$GPGSA,A,2,17,03,19,,,,,,,,,,14.9,14.9,1.0*3F
$GPGSV,3,1,11,22,80,126,,06,65,278,,14,54,142,,19,51,349,28*75
$GPGSV,3,2,11,17,49,036,27,11,32,242,,03,22,048,17,24,13,291,*71
$GPGSV,3,3,11,20,09,200,,30,08,182,15,09,00,128,*46
$GPRMC,200311.000,A,2632.7607,N,07702.9324,W,1.11,179.69,220324,,,A*74
$GPVTG,179.69,T,,M,1.11,N,2.0,K,A*0E
$GPGGA,200316.000,2632.7603,N,07702.9310,W,6,00,50.0,27.8,M,-33.0,M,,0000*64
$GPGSA,A,2,,,,,,,,,,,,,50.0,50.0,50.0*06
$GPGSV,3,1,11,22,80,126,,06,65,278,,14,54,142,,19,51,349,28*75
$GPGSV,3,2,11,17,49,036,27,11,32,242,,03,22,048,17,24,13,291,*71
$GPGSV,3,3,11,20,09,200,,30,08,182,15,09,00,128,*46
$GPRMC,200316.000,A,2632.7603,N,07702.9310,W,1.37,30.83,220324,,,E*48
$GPVTG,30.83,T,,M,1.37,N,2.5,K,N*38
$GPGGA,200321.000,2632.7603,N,07702.9343,W,1,03,14.7,31.1,M,-33.0,M,,0000*6B
$GPGSA,A,2,17,03,19,,,,,,,,,,14.7,14.7,1.0*3F
$GPGSV,3,1,11,22,80,126,,06,65,278,,14,54,142,,19,51,349,28*75
$GPGSV,3,2,11,17,49,036,27,11,32,242,,03,22,048,17,24,13,291,*71
$GPGSV,3,3,11,20,09,200,,30,08,182,15,09,00,128,*46
$GPRMC,200321.000,A,2632.7603,N,07702.9343,W,1.13,9.16,220324,,,A*7E
$GPVTG,9.16,T,,M,1.13,N,2.1,K,A*03
$GPGGA,200326.000,2632.7595,N,07702.9339,W,1,03,14.6,32.6,M,-33.0,M,,0000*68
$GPGSA,A,2,17,03,19,,,,,,,,,,14.6,14.6,1.0*3F
$GPGSV,3,1,11,22,80,126,,06,65,278,,14,54,142,,19,51,349,28*75
$GPGSV,3,2,11,17,49,036,28,11,32,242,,03,22,048,17,24,13,291,*7E
$GPGSV,3,3,11,20,09,200,,30,08,182,15,09,00,128,*46
$GPRMC,200326.000,A,2632.7595,N,07702.9339,W,0.30,121.91,220324,,,A*7C
$GPGGA,200331.000,2632.7567,N,07702.9358,W,1,03,14.5,37.9,M,-33.0,M,,0000*6D
$GPGSA,A,2,17,03,19,,,,,,,,,,14.5,14.5,1.0*3F
$GPGSV,3,1,11,22,80,126,,06,65,278,,14,54,142,,19,51,349,28*75
$GPGSV,3,2,11,17,49,036,28,11,32,242,,03,22,048,17,24,13,291,*7E
$GPGSV,3,3,11,20,09,200,,30,08,182,14,09,00,128,*47
$GPRMC,200331.000,A,2632.7567,N,07702.9358,W,1.07,6.97,220324,,,A*77
$GPVTG,6.97,T,,M,1.07,N,2.0,K,A*01
$GPGGA,200336.000,2632.7572,N,07702.9340,W,1,03,14.4,38.6,M,-33.0,M,,0000*66
$GPGSA,A,2,17,03,19,,,,,,,,,,14.4,14.4,1.0*3F
$GPGSV,3,1,11,22,80,126,,06,65,278,,14,54,142,,19,51,349,28*75
$GPGSV,3,2,11,17,49,036,28,11,32,242,,03,22,048,17,24,13,291,*7E
$GPGSV,3,3,11,20,09,200,,30,08,182,14,09,00,128,*47
$GPRMC,200336.000,A,2632.7572,N,07702.9340,W,0.65,349.97,220324,,,A*70
$GPVTG,349.97,T,,M,0.65,N,1.2,K,A*0D
$GPGGA,200341.000,2632.7584,N,07702.9323,W,1,03,14.3,37.7,M,-33.0,M,,0000*63
$GPGSA,A,2,17,03,19,,,,,,,,,,14.3,14.3,1.0*3F
$GPGSV,3,1,11,22,80,126,,06,65,278,,14,54,142,,19,51,349,27*7A
$GPGSV,3,2,11,17,49,036,28,11,32,242,,03,22,048,16,24,13,291,*7F
$GPGSV,3,3,11,20,09,200,,30,08,182,14,09,00,128,*47
$GPRMC,200341.000,A,2632.7584,N,07702.9323,W,0.45,245.05,220324,,,A*78
$GPVTG,245.05,T,,M,0.45,N,0.8,K,A*02
$GPGGA,200346.000,2632.7586,N,07702.9309,W,1,03,14.2,35.2,M,-33.0,M,,0000*68
$GPGSA,A,2,17,03,19,,,,,,,,,,14.2,14.2,1.0*3F
$GPGSV,3,1,11,22,80,126,,06,65,278,,14,54,142,,19,51,349,27*7A
$GPGSV,3,2,11,17,49,036,28,11,32,242,,03,22,048,16,24,13,291,*7F
$GPGSV,3,3,11,20,09,200,,30,08,182,14,09,00,128,*47
$GPRMC,200346.000,A,2632.7586,N,07702.9309,W,1.41,134.27,220324,,,A*75
$GPVTG,134.27,T,,M,1.41,N,2.6,K,A*0E
$GPGGA,200351.000,2632.7597,N,07702.9289,W,1,03,14.1,32.4,M,-33.0,M,,0000*65
$GPGSA,A,2,17,03,19,,,,,,,,,,14.2,14.1,1.0*3C
$GPGSV,3,1,11,22,79,127,,06,65,279,,14,53,142,,19,51,349,27*7B
$GPGSV,3,2,11,17,49,037,27,11,33,242,,03,22,048,15,24,13,291,*73
$GPGSV,3,3,11,20,09,200,,30,08,182,14,09,00,128,*47
$GPRMC,200351.000,A,2632.7597,N,07702.9289,W,1.76,106.64,220324,,,A*78
$GPGGA,200356.000,2632.7590,N,07702.9298,W,1,03,14.0,32.3,M,-33.0,M,,0000*63
$GPGSA,A,2,17,03,19,,,,,,,,,,14.1,14.0,1.0*3E
$GPGSV,3,1,11,22,79,127,,06,65,279,,14,53,142,,19,51,349,27*7B
$GPGSV,3,2,11,17,49,037,27,11,33,242,,03,22,048,16,24,13,291,*70
$GPGSV,3,3,11,20,09,200,,30,08,182,14,09,00,128,*47
$GPRMC,200356.000,A,2632.7590,N,07702.9298,W,0.85,265.57,220324,,,A*73
$GPVTG,265.57,T,,M,0.85,N,1.6,K,A*04
$GPGGA,200401.000,2632.7587,N,07702.9313,W,1,03,13.9,31.9,M,-33.0,M,,0000*65
$GPGSA,A,2,17,03,19,,,,,,,,,,14.0,13.9,1.0*31
$GPGSV,3,1,11,22,79,127,,06,65,279,,14,53,142,,19,51,349,27*7B
$GPGSV,3,2,11,17,49,037,27,11,33,242,,03,22,048,16,24,13,291,*70
$GPGSV,3,3,11,20,09,200,,30,08,182,14,09,00,128,*47
$GPRMC,200401.000,A,2632.7587,N,07702.9313,W,0.86,191.12,220324,,,A*78
$GPVTG,191.12,T,,M,0.86,N,1.6,K,A*0E
$GPGGA,200406.000,2632.7595,N,07702.9311,W,1,03,13.9,31.2,M,-33.0,M,,0000*68
$GPGSA,A,2,17,03,19,,,,,,,,,,13.9,13.9,1.0*3F
$GPGSV,3,1,11,22,79,127,,06,65,279,,14,53,142,,19,51,349,27*7B
$GPGSV,3,2,11,17,49,037,27,11,33,242,,03,22,048,16,24,13,291,*70
$GPGSV,3,3,11,20,09,200,,30,08,182,13,09,00,128,*40
$GPRMC,200406.000,A,2632.7595,N,07702.9311,W,0.63,70.87,220324,,,A*47
$GPVTG,70.87,T,,M,0.63,N,1.2,K,A*33
$GPGGA,200411.000,2632.7594,N,07702.9316,W,1,03,13.8,33.7,M,-33.0,M,,0000*6E
$GPGSA,A,2,17,03,19,,,,,,,,,,13.8,13.8,1.0*3F
$GPGSV,3,1,11,22,79,127,,06,65,279,,14,53,142,,19,51,349,27*7B
$GPGSV,3,2,11,17,49,037,27,11,33,242,,03,22,048,16,24,13,291,*70
$GPGSV,3,3,11,20,09,200,,30,08,182,14,09,00,128,*47
$GPRMC,200411.000,A,2632.7594,N,07702.9316,W,1.84,15.56,220324,,,A*40
$GPVTG,15.56,T,,M,1.84,N,3.4,K,A*30
$GPGGA,200416.000,2632.7614,N,07702.9310,W,1,03,13.7,34.6,M,-33.0,M,,0000*6D
$GPGSA,A,2,17,03,19,,,,,,,,,,13.7,13.7,1.0*3F
$GPGSV,3,1,11,22,79,127,,06,65,279,,14,53,142,,19,51,349,27*7B
$GPGSV,3,2,11,17,49,037,27,11,33,242,,03,22,048,17,24,13,291,*71
$GPGSV,3,3,11,20,09,200,,30,08,182,14,09,00,128,*47
$GPRMC,200416.000,A,2632.7614,N,07702.9310,W,1.22,15.97,220324,,,A*4B
$GPGGA,200421.000,2632.7616,N,07702.9312,W,1,03,13.6,35.2,M,-33.0,M,,0000*6D
$GPGSA,A,2,17,03,19,,,,,,,,,,13.6,13.6,1.0*3F
$GPGSV,3,1,11,22,79,127,,06,65,279,,14,53,142,,19,51,349,27*7B
$GPGSV,3,2,11,17,49,037,27,11,33,242,,03,22,048,16,24,13,291,*70
$GPGSV,3,3,11,20,09,200,,30,08,182,13,09,00,128,*40
$GPRMC,200421.000,A,2632.7616,N,07702.9312,W,0.68,230.23,220324,,,A*7A
$GPVTG,230.23,T,,M,0.68,N,1.3,K,A*01
$GPGGA,200426.000,2632.7604,N,07702.9320,W,1,03,13.5,36.9,M,-33.0,M,,0000*63
$GPGSA,A,2,17,03,19,,,,,,,,,,13.6,13.5,1.0*3C
$GPGSV,3,1,11,22,79,127,,06,65,279,,14,53,142,,19,51,349,27*7B
$GPGSV,3,2,11,17,49,037,27,11,33,242,,03,22,048,16,24,13,291,*70
$GPGSV,3,3,11,20,09,200,,30,08,182,14,09,00,128,*47
$GPRMC,200426.000,A,2632.7604,N,07702.9320,W,0.93,222.56,220324,,,A*7A
$GPVTG,222.56,T,,M,0.93,N,1.7,K,A*00
$GPGGA,200431.000,2632.7579,N,07702.9327,W,1,03,13.4,39.0,M,-33.0,M,,0000*6C
$GPGSA,A,2,17,03,19,,,,,,,,,,13.5,13.4,1.0*3E
$GPGSV,3,1,11,22,79,127,,06,65,279,,14,53,142,,19,51,349,27*7B
$GPGSV,3,2,11,17,49,037,26,11,33,242,,03,22,048,15,24,13,291,*72
$GPGSV,3,3,11,20,09,200,,30,08,182,,09,00,128,*42
$GPRMC,200431.000,A,2632.7579,N,07702.9327,W,1.59,201.98,220324,,,A*76
$GPVTG,201.98,T,,M,1.59,N,2.9,K,N*06
$GPGGA,200436.000,2632.7598,N,07702.9325,W,1,03,13.4,36.4,M,-33.0,M,,0000*6D
$GPGSA,A,2,17,03,19,,,,,,,,,,13.4,13.4,1.0*3F
$GPGSV,3,1,11,22,79,127,,06,65,279,,14,53,142,,19,51,349,27*7B
$GPGSV,3,2,11,17,49,037,26,11,33,242,,03,22,048,15,24,13,291,*72
$GPGSV,3,3,11,20,09,200,,30,08,182,,09,00,128,*42
$GPRMC,200436.000,A,2632.7598,N,07702.9325,W,1.39,260.68,220324,,,A*72
$GPVTG,260.68,T,,M,1.39,N,2.6,K,N*07
$GPGGA,200441.000,2632.7659,N,07702.9322,W,1,03,13.3,34.4,M,-33.0,M,,0000*61
$GPGSA,A,2,17,03,19,,,,,,,,,,13.3,13.3,1.0*3F
$GPGSV,3,1,11,22,79,127,,06,65,279,,14,53,142,,19,51,349,27*7B
$GPGSV,3,2,11,17,49,037,26,11,33,242,,03,22,048,15,24,13,291,*72
$GPGSV,3,3,11,20,09,200,,30,08,182,,09,00,128,*42
$GPRMC,200441.000,A,2632.7659,N,07702.9322,W,1.27,11.41,220324,,,A*4B
$GPGGA,200446.000,2632.7718,N,07702.9313,W,1,03,13.2,33.7,M,-33.0,M,,0000*65
$GPGSA,A,2,17,03,19,,,,,,,,,,13.2,13.2,1.0*3F
$GPGSV,3,1,11,22,79,127,,06,65,279,,14,53,142,,19,51,349,27*7B
$GPGSV,3,2,11,17,49,037,26,11,33,242,,03,22,048,15,24,13,291,*72
$GPGSV,3,3,11,20,09,200,,30,08,182,,09,00,128,*42
$GPRMC,200446.000,A,2632.7718,N,07702.9313,W,1.28,328.17,220324,,,A*7F
$GPVTG,328.17,T,,M,1.28,N,2.4,K,N*00
$GPGGA,200451.000,2632.7725,N,07702.9314,W,6,00,50.0,34.0,M,-33.0,M,,0000*6B
$GPGSA,A,2,,,,,,,,,,,,,50.0,50.0,50.0*06
$GPGSV,3,1,11,22,79,127,,06,65,279,,14,53,142,,19,51,349,27*7B
$GPGSV,3,2,11,17,49,037,26,11,33,242,,03,22,048,15,24,13,291,*72
$GPGSV,3,3,11,20,09,200,,30,08,182,,09,00,128,*42
$GPRMC,200451.000,A,2632.7725,N,07702.9314,W,0.55,290.71,220324,,,E*7D
$GPVTG,290.71,T,,M,0.55,N,1.0,K,N*0E
$GPGGA,200456.000,2632.7838,N,07702.9268,W,1,03,13.1,33.4,M,-33.0,M,,0000*64
$GPGSA,A,2,17,03,19,,,,,,,,,,13.1,13.1,1.0*3F
$GPGSV,3,1,11,22,79,127,,06,65,279,,14,53,142,,19,51,349,27*7B
$GPGSV,3,2,11,17,49,037,26,11,33,242,,03,22,048,15,24,13,291,*72
$GPGSV,3,3,11,20,09,200,,30,08,182,,09,00,128,*42
$GPRMC,200456.000,A,2632.7838,N,07702.9268,W,3.72,16.19,220324,,,A*43
$GPVTG,16.19,T,,M,3.72,N,6.9,K,N*34
$GPGGA,200501.000,2632.7840,N,07702.9276,W,1,03,13.0,32.1,M,-33.0,M,,0000*62
$GPGSA,A,2,17,03,19,,,,,,,,,,13.0,13.0,1.0*3F
$GPGSV,3,1,11,22,79,127,,06,65,279,,14,53,142,,19,51,349,27*7B
$GPGSV,3,2,11,17,49,037,27,11,33,242,,03,22,048,15,24,13,291,*73
$GPGSV,3,3,11,20,09,200,,30,08,182,20,09,00,128,*40
$GPVTG,231.64,T,,M,0.49,N,0.9,K,A*0B
$GPGGA,200506.000,2632.7845,N,07702.9264,W,1,03,12.9,31.4,M,-33.0,M,,0000*6D
$GPGSA,A,2,17,03,19,,,,,,,,,,12.9,12.9,1.0*3F
$GPGSV,3,1,11,22,79,127,,06,65,279,,14,53,142,,19,51,349,26*7A
$GPGSV,3,2,11,17,49,037,27,11,33,242,,03,22,048,15,24,13,291,*73
$GPGSV,3,3,11,20,09,200,,30,08,182,19,09,00,128,*4A
$GPRMC,200506.000,A,2632.7845,N,07702.9264,W,1.54,38.58,220324,,,A*4E
$GPVTG,38.58,T,,M,1.54,N,2.9,K,A*30
$GPGGA,200511.000,2632.7839,N,07702.9282,W,1,03,12.8,32.3,M,-33.0,M,,0000*6D
$GPGSA,A,2,17,03,19,,,,,,,,,,12.9,12.8,1.0*3E
$GPGSV,3,1,11,22,79,127,,06,65,279,,14,53,142,,19,51,349,26*7A
$GPGSV,3,2,11,17,49,037,27,11,33,242,,03,22,048,15,24,13,291,*73
$GPGSV,3,3,11,20,09,200,,30,08,182,18,09,00,128,*4B
$GPRMC,200511.000,A,2632.7839,N,07702.9282,W,0.58,299.28,220324,,,A*78
$GPVTG,299.28,T,,M,0.58,N,1.1,K,A*08
$GPGGA,200516.000,2632.7830,N,07702.9291,W,1,03,12.8,33.4,M,-33.0,M,,0000*67
$GPGSA,A,2,17,03,19,,,,,,,,,,12.8,12.8,1.0*3F
$GPGSV,3,1,11,22,79,127,,06,65,279,,14,53,142,,19,51,349,26*7A
$GPGSV,3,2,11,17,49,037,26,11,33,242,,03,22,048,15,24,13,291,*72
$GPGSV,3,3,11,20,09,200,,30,08,182,19,09,00,128,*4A
$GPRMC,200516.000,A,2632.7830,N,07702.9291,W,1.71,239.50,220324,,,A*7B
$GPVTG,239.50,T,,M,1.71,N,3.2,K,A*06
$GPGGA,200521.000,2632.7828,N,07702.9306,W,1,03,12.7,33.9,M,-33.0,M,,0000*67
$GPGSA,A,2,17,03,19,,,,,,,,,,12.7,12.7,1.0*3F
$GPGSV,3,1,11,22,79,127,,06,65,279,,14,53,142,,19,51,349,26*7A
$GPGSV,3,2,11,17,49,037,26,11,33,242,,03,22,048,15,24,13,291,*72
$GPGSV,3,3,11,20,09,200,,30,08,182,19,09,00,128,*4A
$GPRMC,200521.000,A,2632.7828,N,07702.9306,W,0.20,347.17,220324,,,A*77
$GPVTG,347.17,T,,M,0.20,N,0.4,K,A*0D
$GPGGA,200526.000,2632.7826,N,07702.9304,W,1,03,12.6,35.1,M,-33.0,M,,0000*63
$GPGSA,A,2,17,03,19,,,,,,,,,,12.7,12.6,1.0*3E
$GPGSV,3,1,11,22,79,127,,06,65,279,,14,53,142,,19,51,349,26*7A
$GPGSV,3,2,11,17,49,037,26,11,33,242,,03,22,048,15,24,13,291,*72
$GPGSV,3,3,11,20,09,200,,30,08,182,18,09,00,128,*4B
$GPVTG,343.54,T,,M,0.32,N,0.6,K,A*0F
$GPGGA,200531.000,2632.7818,N,07702.9325,W,1,03,12.5,37.5,M,-33.0,M,,0000*6E
$GPGSA,A,2,17,03,19,,,,,,,,,,12.6,12.5,1.0*3C
$GPGSV,3,1,11,22,79,127,,06,65,279,,14,53,142,,19,51,349,26*7A
$GPGSV,3,2,11,17,49,037,27,11,33,242,,03,22,048,16,24,13,291,*70
$GPGSV,3,3,11,20,09,200,,30,08,182,18,09,00,128,*4B
$GPRMC,200531.000,A,2632.7818,N,07702.9325,W,1.60,302.70,220324,,,A*71
$GPVTG,302.70,T,,M,1.60,N,3.0,K,N*00
$GPGGA,200536.000,2632.7810,N,07702.9310,W,1,03,12.5,37.1,M,-33.0,M,,0000*63
$GPGSA,A,2,17,03,19,,,,,,,,,,12.5,12.5,1.0*3F
$GPGSV,3,1,11,22,79,127,,06,65,279,,14,53,142,,19,51,349,26*7A
$GPGSV,3,2,11,17,49,037,27,11,33,242,,03,22,048,16,24,13,291,*70
$GPGSV,3,3,11,20,09,200,,30,08,182,18,09,00,128,*4B
$GPRMC,200536.000,A,2632.7810,N,07702.9310,W,0.98,229.28,220324,,,A*7B
$GPVTG,229.28,T,,M,0.98,N,1.8,K,A*06
$GPGGA,200541.000,2632.7803,N,07702.9303,W,1,03,12.4,38.1,M,-33.0,M,,0000*6D
$GPGSA,A,2,17,03,19,,,,,,,,,,12.4,12.4,1.0*3F
$GPGSV,3,1,11,22,79,127,,06,65,279,,14,53,142,,19,51,349,26*7A
$GPGSV,3,2,11,17,49,037,27,11,33,242,,03,22,048,15,24,13,291,*73
$GPGSV,3,3,11,20,09,200,,30,08,182,18,09,00,128,*4B
$GPRMC,200541.000,A,2632.7803,N,07702.9303,W,0.93,269.76,220324,,,A*7F
$GPVTG,269.76,T,,M,0.93,N,1.7,K,A*0D
$GPGGA,200546.000,2632.7752,N,07702.9312,W,1,03,12.3,44.7,M,-33.0,M,,0000*6B
$GPGSA,A,2,17,03,19,,,,,,,,,,12.4,12.3,1.0*38
$GPGSV,3,1,11,22,79,127,,06,65,279,,14,53,142,,19,51,349,26*7A
$GPGSV,3,2,11,17,49,037,27,11,33,242,,03,22,048,15,24,13,291,*73
$GPGSV,3,3,11,20,09,200,,30,08,182,19,09,00,128,*4A
$GPRMC,200546.000,A,2632.7752,N,07702.9312,W,0.67,156.74,220324,,,A*75
$GPVTG,156.74,T,,M,0.67,N,1.2,K,A*0E
$GPGGA,200551.000,2632.7704,N,07702.9309,W,1,03,12.3,51.1,M,-33.0,M,,0000*66
$GPGSA,A,2,17,03,19,,,,,,,,,,12.3,12.3,1.0*3F
$GPGSV,3,1,11,22,79,127,,06,65,279,,14,53,142,,19,51,349,27*7B
$GPGSV,3,2,11,17,49,037,27,11,33,242,,03,22,048,16,24,13,291,*70
$GPGSV,3,3,11,20,09,200,,30,08,182,19,09,00,128,*4A
$GPRMC,200551.000,A,2632.7704,N,07702.9309,W,1.53,112.21,220324,,,A*7C
$GPGGA,200556.000,2632.7703,N,07702.9292,W,1,03,12.2,50.9,M,-33.0,M,,0000*6D
$GPGSA,A,2,17,03,19,,,,,,,,,,12.2,12.2,1.0*3F
$GPGSV,3,1,11,22,79,127,,06,65,279,,14,53,142,,19,51,349,27*7B
$GPGSV,3,2,11,17,49,037,26,11,33,242,,03,22,048,16,24,13,291,*71
$GPGSV,3,3,11,20,09,200,,30,08,182,19,09,00,128,*4A
$GPRMC,200556.000,A,2632.7703,N,07702.9292,W,0.37,82.09,220324,,,A*4E
$GPVTG,82.09,T,,M,0.37,N,0.7,K,A*3D
$GPGGA,200601.000,2632.7672,N,07702.9327,W,1,03,12.1,55.7,M,-33.0,M,,0000*6C
$GPGSA,A,2,17,03,19,,,,,,,,,,12.2,12.1,1.0*3C
$GPGSV,3,1,11,22,79,127,,06,65,279,,14,53,142,,19,51,349,27*7B
$GPGSV,3,2,11,17,49,037,26,11,33,242,,03,22,048,16,24,13,291,*71
$GPGSV,3,3,11,20,09,200,,30,08,182,19,09,00,128,*4A
$GPRMC,200601.000,A,2632.7672,N,07702.9327,W,1.75,248.70,220324,,,A*7A
$GPVTG,248.70,T,,M,1.75,N,3.2,K,A*06
$GPGGA,200606.000,2632.7671,N,07702.9310,W,1,03,12.1,54.9,M,-33.0,M,,0000*63
$GPGSA,A,2,17,03,19,,,,,,,,,,12.1,12.1,1.0*3F
$GPGSV,3,1,11,22,79,127,,06,65,279,,14,53,142,,19,51,349,27*7B
$GPGSV,3,2,11,17,49,037,26,11,33,242,,03,22,048,16,24,13,291,*71
$GPGSV,3,3,11,20,09,200,,30,08,182,19,09,00,128,*4A
$GPRMC,200606.000,A,2632.7671,N,07702.9310,W,1.19,68.80,220324,,,A*4F
$GPVTG,68.80,T,,M,1.19,N,2.2,K,A*32
$GPGGA,200611.000,2632.7677,N,07702.9284,W,1,03,12.0,52.4,M,-33.0,M,,0000*65
$GPGSA,A,2,17,03,19,,,,,,,,,,12.0,12.0,1.0*3F
$GPGSV,3,1,11,22,79,127,,06,65,279,,14,53,142,,19,51,349,27*7B
$GPGSV,3,2,11,17,49,037,26,11,33,242,,03,22,048,16,24,13,291,*71
$GPGSV,3,3,11,20,09,200,,30,08,182,18,09,00,128,*4B
$GPRMC,200611.000,A,2632.7677,N,07702.9284,W,0.78,102.21,220324,,,A*73
$GPVTG,102.21,T,,M,0.78,N,1.4,K,A*07
$GPGGA,200616.000,2632.7683,N,07702.9295,W,6,00,50.0,51.2,M,-33.0,M,,0000*6E
$GPGSA,A,2,,,,,,,,,,,,,50.0,50.0,50.0*06
$GPGSV,3,1,11,22,79,127,,06,65,279,,14,53,142,,19,51,349,28*74
$GPGSV,3,2,11,17,49,037,26,11,33,242,,03,22,048,16,24,13,291,*71
$GPGSV,3,3,11,20,09,200,,30,08,182,19,09,00,128,*4A
$GPRMC,200616.000,A,2632.7683,N,07702.9295,W,1.08,272.43,220324,,,E*7D
$GPGGA,200621.000,2632.7698,N,07702.9251,W,1,03,11.9,45.9,M,-33.0,M,,0000*6E
$GPGSA,A,2,17,03,19,,,,,,,,,,11.9,11.9,1.0*3F
$GPGSV,3,1,11,22,79,127,,06,65,279,,14,53,142,,19,51,349,28*74
$GPGSV,3,2,11,17,49,037,26,11,33,242,,03,22,048,15,24,13,291,*72
$GPGSV,3,3,11,20,09,200,,30,08,182,19,09,00,128,*4A
$GPRMC,200621.000,A,2632.7698,N,07702.9251,W,0.85,99.29,220324,,,A*40
$GPVTG,99.29,T,,M,0.85,N,1.6,K,A*3C
$GPGGA,200626.000,2632.7715,N,07702.9248,W,1,03,11.8,39.4,M,-33.0,M,,0000*62
$GPGSA,A,2,17,03,19,,,,,,,,,,11.9,11.8,1.0*3E
$GPGSV,3,1,11,22,79,127,,06,65,279,,14,53,142,,19,51,349,28*74
$GPGSV,3,2,11,17,49,037,26,11,33,242,,03,22,048,16,24,13,291,*71
$GPGSV,3,3,11,20,09,200,,30,08,182,19,09,00,128,*4A
$GPRMC,200626.000,A,2632.7715,N,07702.9248,W,1.66,198.49,220324,,,A*71
$GPVTG,198.49,T,,M,1.66,N,3.1,K,A*03
$GPGGA,200631.000,2632.7718,N,07702.9262,W,1,03,11.8,37.1,M,-33.0,M,,0000*6A
$GPGSA,A,2,17,03,19,,,,,,,,,,11.8,11.8,1.0*3F
$GPGSV,3,1,11,22,79,127,,06,65,279,,14,53,142,,19,51,349,28*74
$GPGSV,3,2,11,17,49,037,26,11,33,242,,03,22,048,16,24,13,291,*71
$GPGSV,3,3,11,20,09,200,,30,08,182,18,09,00,128,*4B
$GPRMC,200631.000,A,2632.7718,N,07702.9262,W,1.50,298.12,220324,,,A*7A
$GPVTG,298.12,T,,M,1.50,N,2.8,K,A*03
$GPGGA,200636.000,2632.7735,N,07702.9271,W,1,03,11.7,37.1,M,-33.0,M,,0000*6F
$GPGSA,A,2,17,03,19,,,,,,,,,,11.7,11.7,1.0*3F
$GPGSV,3,1,11,22,79,127,,06,65,279,,14,53,142,,19,51,349,28*74
$GPGSV,3,2,11,17,49,037,26,11,33,242,,03,22,048,17,24,13,291,*70
$GPGSV,3,3,11,20,09,200,,30,08,182,17,09,00,128,*44
$GPRMC,200636.000,A,2632.7735,N,07702.9271,W,1.26,306.52,220324,,,A*73
$GPVTG,306.52,T,,M,1.26,N,2.3,K,A*0B
$GPGGA,200641.000,2632.7698,N,07702.9276,W,6,00,50.0,39.1,M,-33.0,M,,0000*66
$GPGSA,A,2,,,,,,,,,,,,,50.0,50.0,50.0*06
$GPGSV,3,1,11,22,79,127,,06,65,279,,14,53,142,,19,51,349,28*74
$GPGSV,3,2,11,17,49,037,25,11,33,242,,03,22,048,16,24,13,291,*72
$GPGSV,3,3,11,20,09,200,,30,08,182,16,09,00,128,*45
$GPRMC,200641.000,A,2632.7698,N,07702.9276,W,3.37,179.90,220324,,,E*70
$GPGGA,200646.000,2632.7699,N,07702.9267,W,1,03,11.6,39.0,M,-33.0,M,,0000*66
$GPGSA,A,2,17,03,19,,,,,,,,,,11.6,11.6,1.0*3F
$GPGSV,3,1,11,22,79,127,,06,65,279,,14,53,142,,19,51,349,28*74
$GPGSV,3,2,11,17,49,037,25,11,33,242,,03,22,048,16,24,13,291,*72
$GPGSV,3,3,11,20,09,200,,30,08,182,16,09,00,128,*45
$GPRMC,200646.000,A,2632.7699,N,07702.9267,W,1.08,68.14,220324,,,A*41
$GPVTG,68.14,T,,M,1.08,N,2.0,K,A*3D
$GPGGA,200651.000,2632.7685,N,07702.9290,W,1,03,11.5,41.5,M,-33.0,M,,0000*6C
$GPGSA,A,2,17,03,19,,,,,,,,,,11.6,11.5,1.0*3C
$GPGSV,3,1,11,22,78,132,,06,65,283,,14,52,143,,19,51,351,28*7D
$GPGSV,3,2,11,17,49,039,25,11,34,243,,03,21,047,16,24,13,290,*77
$GPGSV,3,3,11,20,11,200,,30,07,181,17,09,01,127,*4F
$GPRMC,200651.000,A,2632.7685,N,07702.9290,W,0.72,242.98,220324,,,A*70
$GPVTG,242.98,T,,M,0.72,N,1.3,K,A*0F
$GPGGA,200656.000,2632.7675,N,07702.9302,W,1,03,11.5,42.0,M,-33.0,M,,0000*68
$GPGSA,A,2,17,03,19,,,,,,,,,,11.5,11.5,1.0*3F
$GPGSV,3,1,11,22,78,132,,06,65,283,,14,52,143,,19,51,351,28*7D
$GPGSV,3,2,11,17,49,039,25,11,34,243,,03,21,047,15,24,13,290,*74
$GPGSV,3,3,11,20,11,200,,30,07,181,16,09,01,127,*4E
$GPRMC,200656.000,A,2632.7675,N,07702.9302,W,0.94,259.06,220324,,,A*77
$GPVTG,259.06,T,,M,0.94,N,1.7,K,A*0E
$GPGGA,200701.000,2632.7653,N,07702.9322,W,6,00,50.0,44.7,M,-33.0,M,,0000*68
$GPGSA,A,2,,,,,,,,,,,,,50.0,50.0,50.0*06
$GPGSV,3,1,11,22,78,132,,06,65,283,,14,52,143,,19,51,351,28*7D
$GPGSV,3,2,11,17,49,039,25,11,34,243,,03,21,047,15,24,13,290,*74
$GPGSV,3,3,11,20,11,200,,30,07,181,17,09,01,127,*4F
$GPRMC,200701.000,A,2632.7653,N,07702.9322,W,1.68,235.49,220324,,,E*75
$GPVTG,235.49,T,,M,1.68,N,3.1,K,N*06
$GPGGA,200706.000,2632.7607,N,07702.9329,W,1,03,11.3,49.2,M,-33.0,M,,0000*6F
$GPGSA,A,2,17,03,19,,,,,,,,,,11.4,11.3,1.0*38
$GPGSV,3,1,11,22,78,132,,06,65,283,,14,52,143,,19,51,351,28*7D
$GPGSV,3,2,11,17,49,039,25,11,34,243,,03,21,047,15,24,13,290,*74
$GPGSV,3,3,11,20,11,200,,30,07,181,16,09,01,127,*4E
$GPRMC,200706.000,A,2632.7607,N,07702.9329,W,1.18,178.70,220324,,,A*7B
$GPGGA,200711.000,2632.7579,N,07702.9332,W,1,03,11.3,51.9,M,-33.0,M,,0000*6B
$GPGSA,A,2,17,03,19,,,,,,,,,,11.3,11.3,1.0*3F
$GPGSV,3,1,11,22,78,132,,06,65,283,,14,52,143,,19,51,351,28*7D
$GPGSV,3,2,11,17,49,039,25,11,34,243,,03,21,047,15,24,13,290,*74
$GPGSV,3,3,11,20,11,200,,30,07,181,17,09,01,127,*4F
$GPRMC,200711.000,A,2632.7579,N,07702.9332,W,2.15,226.40,220324,,,A*78
$GPVTG,226.40,T,,M,2.15,N,4.0,K,A*0D
$GPGGA,200716.000,2632.7573,N,07702.9333,W,6,00,50.0,52.5,M,-33.0,M,,0000*6A
$GPGSA,A,2,,,,,,,,,,,,,50.0,50.0,50.0*06
$GPGSV,3,1,11,22,78,132,,06,65,283,,14,52,143,,19,51,351,29*7C
$GPGSV,3,2,11,17,49,039,25,11,34,243,,03,21,047,15,24,13,290,*74
$GPGSV,3,3,11,20,11,200,,30,07,181,18,09,01,127,*40
$GPRMC,200716.000,A,2632.7573,N,07702.9333,W,0.39,98.39,220324,,,E*45
$GPVTG,98.39,T,,M,0.39,N,0.7,K,N*34
$GPGGA,200721.000,2632.7580,N,07702.9287,W,1,03,11.2,48.9,M,-33.0,M,,0000*68
$GPGSA,A,2,17,03,19,,,,,,,,,,11.2,11.2,1.0*3F
$GPGSV,3,1,11,22,78,132,,06,65,283,,14,52,143,,19,51,351,29*7C
$GPGSV,3,2,11,17,49,039,25,11,34,243,,03,21,047,16,24,13,290,*77
$GPGSV,3,3,11,20,11,200,,30,07,181,18,09,01,127,*40
$GPRMC,200721.000,A,2632.7580,N,07702.9287,W,0.47,121.17,220324,,,A*71
$GPVTG,121.17,T,,M,0.47,N,0.9,K,A*03
$GPGGA,200726.000,2632.7612,N,07702.9312,W,1,03,11.1,42.9,M,-33.0,M,,0000*63
$GPGSA,A,2,17,03,19,,,,,,,,,,11.2,11.1,1.0*3C
$GPGSV,3,1,11,22,78,132,,06,65,283,,14,52,143,,19,51,351,29*7C
$GPGSV,3,2,11,17,49,039,25,11,34,243,,03,21,047,16,24,13,290,*77
$GPGSV,3,3,11,20,11,200,,30,07,181,18,09,01,127,*40
$GPRMC,200726.000,A,2632.7612,N,07702.9312,W,0.81,255.28,220324,,,A*75
$GPVTG,255.28,T,,M,0.81,N,1.5,K,A*08
$GPGGA,200731.000,2632.7632,N,07702.9299,W,6,00,50.0,38.8,M,-33.0,M,,0000*69
$GPGSA,A,2,,,,,,,,,,,,,50.0,50.0,50.0*06
$GPGSV,3,1,11,22,78,132,,06,65,283,,14,52,143,,19,51,351,29*7C
$GPGSV,3,2,11,17,49,039,25,11,34,243,,03,21,047,16,24,13,290,*77
$GPGSV,3,3,11,20,11,200,,30,07,181,19,09,01,127,*41
$GPRMC,200731.000,A,2632.7632,N,07702.9299,W,0.68,20.82,220324,,,E*40
$GPGGA,200736.000,2632.7625,N,07702.9313,W,1,03,11.0,40.3,M,-33.0,M,,0000*6E
$GPGSA,A,2,17,03,19,,,,,,,,,,11.1,11.0,1.0*3E
$GPGSV,3,1,11,22,78,132,,06,65,283,,14,52,143,,19,51,351,30*74
$GPGSV,3,2,11,17,49,039,25,11,34,243,,03,21,047,16,24,13,290,*77
$GPGSV,3,3,11,20,11,200,,30,07,181,19,09,01,127,*41
$GPRMC,200736.000,A,2632.7625,N,07702.9313,W,1.05,224.91,220324,,,A*78
$GPVTG,224.91,T,,M,1.05,N,1.9,K,A*0D
$GPGGA,200741.000,2632.7614,N,07702.9308,W,1,03,11.0,42.5,M,-33.0,M,,0000*62
$GPGSA,A,2,17,03,19,,,,,,,,,,11.0,11.0,1.0*3F
$GPGSV,3,1,11,22,78,132,,06,65,283,,14,52,143,,19,51,351,30*74
$GPGSV,3,2,11,17,49,039,25,11,34,243,,03,21,047,17,24,13,290,*76
$GPGSV,3,3,11,20,11,200,,30,07,181,19,09,01,127,*41
$GPRMC,200741.000,A,2632.7614,N,07702.9308,W,1.45,64.95,220324,,,A*46
$GPVTG,64.95,T,,M,1.45,N,2.7,K,A*36
$GPGGA,200746.000,2632.7607,N,07702.9265,W,1,03,10.9,44.2,M,-33.0,M,,0000*64
$GPGSA,A,2,17,03,19,,,,,,,,,,10.9,10.9,1.0*3F
$GPGSV,3,1,11,22,78,132,,06,65,283,,14,52,143,,19,51,351,29*7C
$GPGSV,3,2,11,17,49,039,25,11,34,243,,03,21,047,16,24,13,290,*77
$GPGSV,3,3,11,20,11,200,,30,07,181,19,09,01,127,*41
$GPRMC,200746.000,A,2632.7607,N,07702.9265,W,0.84,85.59,220324,,,A*4A
$GPVTG,85.59,T,,M,0.84,N,1.6,K,A*37
$GPGGA,200751.000,2632.7583,N,07702.9276,W,1,03,10.8,48.8,M,-33.0,M,,0000*68
$GPGSA,A,2,17,03,19,,,,,,,,,,10.9,10.8,1.0*3E
$GPGSV,3,1,11,22,78,132,,06,65,283,,14,52,143,,19,51,351,29*7C
$GPGSV,3,2,11,17,49,039,25,11,34,243,,03,21,047,16,24,13,290,*77
$GPGSV,3,3,11,20,11,200,,30,07,181,20,09,01,127,*4B
$GPRMC,200751.000,A,2632.7583,N,07702.9276,W,0.67,293.15,220324,,,A*71
$GPVTG,293.15,T,,M,0.67,N,1.2,K,A*03
$GPGGA,200756.000,2632.7561,N,07702.9306,W,1,03,10.8,52.8,M,-33.0,M,,0000*6E
$GPGSA,A,2,17,03,19,,,,,,,,,,10.8,10.8,1.0*3F
$GPGSV,3,1,11,22,78,132,,06,65,283,,14,52,143,,19,51,351,29*7C
$GPGSV,3,2,11,17,49,039,25,11,34,243,,03,21,047,16,24,13,290,*77
$GPGSV,3,3,11,20,11,200,,30,07,181,19,09,01,127,*41
$GPRMC,200756.000,A,2632.7561,N,07702.9306,W,0.34,199.03,220324,,,A*74
$GPGGA,200801.000,2632.7559,N,07702.9295,W,1,03,10.7,53.0,M,-33.0,M,,0000*65
$GPGSA,A,2,17,03,19,,,,,,,,,,10.8,10.7,1.0*30
$GPGSV,3,1,11,22,78,132,,06,65,283,,14,52,143,,19,51,351,29*7C
$GPGSV,3,2,11,17,49,039,24,11,34,243,,03,21,047,16,24,13,290,*76
$GPGSV,3,3,11,20,11,200,,30,07,181,19,09,01,127,*41
$GPRMC,200801.000,A,2632.7559,N,07702.9295,W,0.85,57.63,220324,,,A*46
$GPVTG,57.63,T,,M,0.85,N,1.6,K,A*30
$GPGGA,200806.000,2632.7562,N,07702.9280,W,1,03,10.7,51.8,M,-33.0,M,,0000*64
$GPGSA,A,2,17,03,19,,,,,,,,,,10.7,10.7,1.0*3F
$GPGSV,3,1,11,22,78,132,,06,65,283,,14,52,143,,19,51,351,29*7C
$GPGSV,3,2,11,17,49,039,24,11,34,243,,03,21,047,16,24,13,290,*76
$GPGSV,3,3,11,20,11,200,,30,07,181,19,09,01,127,*41
$GPRMC,200806.000,A,2632.7562,N,07702.9280,W,0.95,173.60,220324,,,A*78
$GPVTG,173.60,T,,M,0.95,N,1.8,K,A*0B
$GPGGA,200811.000,2632.7585,N,07702.9259,W,1,03,10.6,45.7,M,-33.0,M,,0000*64
$GPGSA,A,2,17,03,19,,,,,,,,,,10.7,10.6,1.0*3E
$GPGSV,3,1,11,22,78,132,,06,65,283,,14,52,143,,19,51,351,29*7C
$GPGSV,3,2,11,17,49,039,24,11,34,243,,03,21,047,16,24,13,290,*76
$GPGSV,3,3,11,20,11,200,,30,07,181,19,09,01,127,*41
$GPRMC,200811.000,A,2632.7585,N,07702.9259,W,0.02,159.07,220324,,,A*74
$GPVTG,159.07,T,,M,0.02,N,0.0,K,A*05
$GPGGA,200816.000,2632.7624,N,07702.9264,W,1,03,10.6,36.6,M,-33.0,M,,0000*60
$GPGSA,A,2,17,03,19,,,,,,,,,,10.6,10.6,1.0*3F
$GPGSV,3,1,11,22,78,132,,06,65,283,,14,52,143,,19,51,351,29*7C
$GPGSV,3,2,11,17,49,039,24,11,34,243,,03,21,047,16,24,13,290,*76
$GPGSV,3,3,11,20,11,200,,30,07,181,18,09,01,127,*40
$GPRMC,200816.000,A,2632.7624,N,07702.9264,W,1.60,351.24,220324,,,A*7B
$GPVTG,351.24,T,,M,1.60,N,3.0,K,A*08
$GPGGA,200821.000,2632.7637,N,07702.9284,W,1,03,10.5,35.6,M,-33.0,M,,0000*68
$GPGSA,A,2,17,03,19,,,,,,,,,,10.6,10.5,1.0*3C
$GPGSV,3,1,11,22,78,132,,06,65,283,,14,52,143,,19,51,351,29*7C
$GPGSV,3,2,11,17,49,039,24,11,34,243,,03,21,047,15,24,13,290,*75
$GPGSV,3,3,11,20,11,200,,30,07,181,18,09,01,127,*40
$GPRMC,200821.000,A,2632.7637,N,07702.9284,W,1.50,24.80,220324,,,A*4F
$GPGGA,200826.000,2632.7613,N,07702.9274,W,1,03,10.5,40.3,M,-33.0,M,,0000*61
$GPGSA,A,2,17,03,19,,,,,,,,,,10.5,10.5,1.0*3F
$GPGSV,3,1,11,22,78,132,,06,65,283,,14,52,143,,19,51,351,29*7C
$GPGSV,3,2,11,17,49,039,24,11,34,243,,03,21,047,15,24,13,290,*75
$GPGSV,3,3,11,20,11,200,,30,07,181,19,09,01,127,*41
$GPRMC,200826.000,A,2632.7613,N,07702.9274,W,1.53,90.21,220324,,,A*46
$GPVTG,90.21,T,,M,1.53,N,2.8,K,A*3A
$GPGGA,200831.000,2632.7598,N,07702.9275,W,1,03,10.4,41.2,M,-33.0,M,,0000*67
$GPGSA,A,2,17,03,19,,,,,,,,,,10.5,10.4,1.0*3E
$GPGSV,3,1,11,22,78,132,,06,65,283,,14,52,143,,19,51,351,30*74
$GPGSV,3,2,11,17,49,039,24,11,34,243,,03,21,047,16,24,13,290,*76
$GPGSV,3,3,11,20,11,200,,30,07,181,18,09,01,127,*40
$GPRMC,200831.000,A,2632.7598,N,07702.9275,W,2.51,202.31,220324,,,A*78
$GPVTG,202.31,T,,M,2.51,N,4.6,K,A*0B
$GPGGA,200836.000,2632.7597,N,07702.9284,W,6,00,50.0,40.3,M,-33.0,M,,0000*65
$GPGSA,A,2,,,,,,,,,,,,,50.0,50.0,50.0*06
$GPGSV,3,1,11,22,78,132,,06,65,283,,14,52,143,,19,51,351,30*74
$GPGSV,3,2,11,17,49,039,25,11,34,243,,03,21,047,,24,13,290,*70
$GPGSV,3,3,11,20,11,200,,30,07,181,17,09,01,127,*4F
$GPRMC,200836.000,A,2632.7597,N,07702.9284,W,0.81,62.65,220324,,,E*40
$GPVTG,62.65,T,,M,0.81,N,1.5,K,N*38
$GPGGA,200841.000,2632.7603,N,07702.9273,W,6,00,50.0,40.2,M,-33.0,M,,0000*62
$GPGSA,A,2,,,,,,,,,,,,,50.0,50.0,50.0*06
$GPGSV,3,1,11,22,78,132,,06,65,283,,14,52,143,,19,51,351,30*74
$GPGSV,3,2,11,17,49,039,25,11,34,243,,03,21,047,,24,13,290,*70
$GPGSV,3,3,11,20,11,200,,30,07,181,17,09,01,127,*4F
$GPRMC,200841.000,A,2632.7603,N,07702.9273,W,0.81,62.65,220324,,,E*46
$GPVTG,62.65,T,,M,0.81,N,1.5,K,N*38
$GPGGA,200846.000,2632.7592,N,07702.9322,W,1,03,10.3,40.6,M,-33.0,M,,0000*6C
$GPGSA,A,2,17,03,19,,,,,,,,,,10.4,10.3,1.0*38
$GPGSV,3,1,11,22,78,132,,06,65,283,,14,52,143,,19,51,351,30*74
$GPGSV,3,2,11,17,49,039,25,11,34,243,,03,21,047,17,24,13,290,*76
$GPGSV,3,3,11,20,11,200,,30,07,181,17,09,01,127,*4F
$GPRMC,200846.000,A,2632.7592,N,07702.9322,W,1.78,249.81,220324,,,A*7D
$GPGGA,200851.000,2632.7637,N,07702.9313,W,1,03,10.3,36.9,M,-33.0,M,,0000*6A
$GPGSA,A,2,17,03,19,,,,,,,,,,10.3,10.3,1.0*3F
$GPGSV,3,1,11,22,78,132,,06,65,283,,14,52,143,,19,51,351,30*74
$GPGSV,3,2,11,17,49,039,25,11,34,243,,03,21,047,17,24,13,290,*76
$GPGSV,3,3,11,20,11,200,,30,07,181,16,09,01,127,*4E
$GPRMC,200851.000,A,2632.7637,N,07702.9313,W,1.02,317.45,220324,,,A*7A
$GPVTG,317.45,T,,M,1.02,N,1.9,K,A*02
$GPGGA,200856.000,2632.7631,N,07702.9290,W,1,03,10.2,38.9,M,-33.0,M,,0000*6E
$GPGSA,A,2,17,03,19,,,,,,,,,,10.3,10.2,1.0*3E
$GPGSV,3,1,11,22,78,132,,06,65,283,,14,52,143,,19,51,351,30*74
$GPGSV,3,2,11,17,49,039,25,11,34,243,,03,21,047,17,24,13,290,*76
$GPGSV,3,3,11,20,11,200,,30,07,181,16,09,01,127,*4E
$GPRMC,200856.000,A,2632.7631,N,07702.9290,W,0.31,104.20,220324,,,A*73
$GPVTG,104.20,T,,M,0.31,N,0.6,K,A*0E
$GPGGA,200901.000,2632.7608,N,07702.9275,W,1,03,10.2,39.7,M,-33.0,M,,0000*63
$GPGSA,A,2,17,03,19,,,,,,,,,,10.2,10.2,1.0*3F
$GPGSV,3,1,11,22,78,132,,06,65,283,,14,52,143,,19,51,351,30*74
$GPGSV,3,2,11,17,49,039,26,11,34,243,,03,21,047,17,24,13,290,*75
$GPGSV,3,3,11,20,11,200,,30,07,181,16,09,01,127,*4E
$GPRMC,200901.000,A,2632.7608,N,07702.9275,W,0.70,197.78,220324,,,A*73
$GPVTG,197.78,T,,M,0.70,N,1.3,K,A*08
$GPGGA,200906.000,2632.7622,N,07702.9273,W,1,03,10.1,37.6,M,-33.0,M,,0000*66
$GPGSA,A,2,17,03,19,,,,,,,,,,10.2,10.1,1.0*3C
$GPGSV,3,1,11,22,78,132,,06,65,283,,14,52,143,,19,51,351,30*74
$GPGSV,3,2,11,17,49,039,26,11,34,243,,03,21,047,17,24,13,290,*75
$GPGSV,3,3,11,20,11,200,,30,07,181,16,09,01,127,*4E
$GPVTG,339.25,T,,M,0.95,N,1.8,K,A*06
$GPGGA,200911.000,2632.7626,N,07702.9262,W,1,03,10.1,35.3,M,-33.0,M,,0000*63
$GPGSA,A,2,17,03,19,,,,,,,,,,10.1,10.1,1.0*3F
$GPGSV,3,1,11,22,78,132,,06,65,283,,14,52,143,,19,51,351,30*74
$GPGSV,3,2,11,17,49,039,26,11,34,243,,03,21,047,16,24,13,290,*74
$GPGSV,3,3,11,20,11,200,,30,07,181,15,09,01,127,*4D
$GPRMC,200911.000,A,2632.7626,N,07702.9262,W,1.46,203.23,220324,,,A*7C
$GPVTG,203.23,T,,M,1.46,N,2.7,K,A*0B
$GPGGA,200916.000,2632.7584,N,07702.9257,W,1,03,10.0,39.1,M,-33.0,M,,0000*66
$GPGSA,A,2,17,03,19,,,,,,,,,,10.1,10.0,1.0*3E
$GPGSV,3,1,11,22,78,132,,06,65,283,,14,52,143,,19,51,351,30*74
$GPGSV,3,2,11,17,49,039,26,11,34,243,,03,21,047,16,24,13,290,*74
$GPGSV,3,3,11,20,11,200,,30,07,181,14,09,01,127,*4C
$GPRMC,200916.000,A,2632.7584,N,07702.9257,W,1.00,187.05,220324,,,A*7F
$GPVTG,187.05,T,,M,1.00,N,1.8,K,A*0E
$GPGGA,200921.000,2632.7563,N,07702.9265,W,1,03,10.0,41.3,M,-33.0,M,,0000*67
$GPGSA,A,2,17,03,19,,,,,,,,,,10.0,10.0,1.0*3F
$GPGSV,3,1,11,22,78,132,,06,65,283,,14,52,143,,19,51,351,30*74
$GPGSV,3,2,11,17,49,039,26,11,34,243,,03,21,047,16,24,13,290,*74
$GPGSV,3,3,11,20,11,200,,30,07,181,,09,01,127,*49
$GPRMC,200921.000,A,2632.7563,N,07702.9265,W,0.63,136.31,220324,,,A*7A
$GPVTG,136.31,T,,M,0.63,N,1.2,K,N*02
$GPGGA,200926.000,2632.7537,N,07702.9281,W,1,03,9.9,41.9,M,-33.0,M,,0000*50
$GPGSA,A,2,17,03,19,,,,,,,,,,10.0,9.9,1.0*0E
$GPGSV,3,1,11,22,78,132,,06,65,283,,14,52,143,,19,51,351,30*74
$GPGSV,3,2,11,17,49,039,26,11,34,243,,03,21,047,17,24,13,290,*75
$GPGSV,3,3,11,20,11,200,,30,07,181,,09,01,127,*49
$GPRMC,200926.000,A,2632.7537,N,07702.9281,W,2.57,209.81,220324,,,A*77
$GPVTG,209.81,T,,M,2.57,N,4.8,K,N*0C
$GPGGA,200931.000,2632.7494,N,07702.9288,W,1,03,9.9,42.8,M,-33.0,M,,0000*55
$GPGSA,A,2,17,03,19,,,,,,,,,,9.9,9.9,1.0*3F
$GPGSV,3,1,11,22,78,132,,06,65,283,,14,52,143,,19,51,351,30*74
$GPGSV,3,2,11,17,49,039,26,11,34,243,,03,21,047,17,24,13,290,*75
$GPGSV,3,3,11,20,11,200,,30,07,181,,09,01,127,*49
$GPVTG,149.57,T,,M,1.61,N,3.0,K,N*09
$GPGGA,200936.000,2632.7524,N,07702.9270,W,1,03,9.9,42.4,M,-33.0,M,,0000*53
$GPGSA,A,2,17,03,19,,,,,,,,,,9.9,9.9,1.0*3F
$GPGSV,3,1,11,22,78,132,,06,65,283,,14,52,143,,19,51,351,31*75
$GPGSV,3,2,11,17,49,039,26,11,34,243,,03,21,047,17,24,13,290,*75
$GPGSV,3,3,11,20,11,200,,30,07,181,,09,01,127,*49
$GPRMC,200936.000,A,2632.7524,N,07702.9270,W,1.49,17.03,220324,,,A*41
$GPVTG,17.03,T,,M,1.49,N,2.8,K,N*31
$GPGGA,200941.000,2632.7422,N,07702.9306,W,1,03,9.8,42.6,M,-33.0,M,,0000*57
$GPGSA,A,2,17,03,19,,,,,,,,,,9.9,9.8,1.0*3E
$GPGSV,3,1,11,22,78,132,,06,65,283,,14,52,143,,19,51,351,30*74
$GPGSV,3,2,11,17,49,039,26,11,34,243,,03,21,047,17,24,13,290,*75
$GPGSV,3,3,11,20,11,200,,30,07,181,,09,01,127,*49
$GPRMC,200941.000,A,2632.7422,N,07702.9306,W,2.69,194.69,220324,,,A*71
$GPVTG,194.69,T,,M,2.69,N,5.0,K,N*09
$GPGGA,200946.000,2632.7420,N,07702.9303,W,1,03,9.8,42.4,M,-33.0,M,,0000*55
$GPGSA,A,2,17,03,19,,,,,,,,,,9.8,9.8,1.0*3F
$GPGSV,3,1,11,22,78,132,,06,65,283,,14,52,143,,19,51,351,30*74
$GPGSV,3,2,11,17,49,039,26,11,34,243,,03,21,047,17,24,13,290,*75
$GPGSV,3,3,11,20,11,200,,30,07,181,,09,01,127,*49
$GPRMC,200946.000,A,2632.7420,N,07702.9303,W,0.82,178.80,220324,,,A*73
$GPVTG,178.80,T,,M,0.82,N,1.5,K,N*0A
$GPGGA,200951.000,2632.7468,N,07702.9293,W,1,03,9.7,42.2,M,-33.0,M,,0000*5E
$GPGSA,A,2,17,03,19,,,,,,,,,,9.8,9.7,1.0*30
$GPGSV,3,1,11,22,77,136,,06,65,286,,19,52,353,30,14,50,145,*7F
$GPGSV,3,2,11,17,48,041,26,11,35,245,,03,20,046,17,24,13,288,*75
$GPGSV,3,3,11,20,12,200,,30,06,180,,09,01,126,*4B
$GPRMC,200951.000,A,2632.7468,N,07702.9293,W,0.52,340.86,220324,,,A*73
$GPVTG,340.86,T,,M,0.52,N,1.0,K,N*0D
$GPGGA,200956.000,2632.7522,N,07702.9277,W,1,03,9.7,42.0,M,-33.0,M,,0000*5E
$GPGSA,A,2,17,03,19,,,,,,,,,,9.7,9.7,1.0*3F
$GPGSV,3,1,11,22,77,136,,06,65,286,,19,52,353,30,14,50,145,*7F
$GPGSV,3,2,11,17,48,041,26,11,35,245,,03,20,046,17,24,13,288,*75
$GPGSV,3,3,11,20,12,200,,30,06,180,,09,01,126,*4B
$GPRMC,200956.000,A,2632.7522,N,07702.9277,W,2.22,27.08,220324,,,A*40
$GPGGA,201001.000,2632.7535,N,07702.9278,W,1,03,9.6,42.0,M,-33.0,M,,0000*5C
$GPGSA,A,2,17,03,19,,,,,,,,,,9.7,9.6,1.0*3E
$GPGSV,3,1,11,22,77,136,,06,65,286,,19,52,353,30,14,50,145,*7F
$GPGSV,3,2,11,17,48,041,26,11,35,245,,03,20,046,18,24,13,288,*7A
$GPGSV,3,3,11,20,12,200,,30,06,180,,09,01,126,*4B
$GPRMC,201001.000,A,2632.7535,N,07702.9278,W,0.65,358.94,220324,,,A*7C
$GPVTG,358.94,T,,M,0.65,N,1.2,K,N*01
$GPGGA,201006.000,2632.7596,N,07702.9272,W,1,03,9.6,41.7,M,-33.0,M,,0000*5C
$GPGSA,A,2,17,03,19,,,,,,,,,,9.7,9.6,1.0*3E
$GPGSV,3,1,11,22,77,136,,06,65,286,,19,52,353,30,14,50,145,*7F
$GPGSV,3,2,11,17,48,041,26,11,35,245,,03,20,046,18,24,13,288,*7A
$GPGSV,3,3,11,20,12,200,,30,06,180,,09,01,126,*4B
$GPRMC,201006.000,A,2632.7596,N,07702.9272,W,1.66,340.66,220324,,,A*7E
$GPVTG,340.66,T,,M,1.66,N,3.1,K,N*06
$GPGGA,201011.000,2632.7553,N,07702.9281,W,1,03,9.6,41.9,M,-33.0,M,,0000*51
$GPGSA,A,2,17,03,19,,,,,,,,,,9.6,9.6,1.0*3F
$GPGSV,3,1,11,22,77,136,,06,65,286,,19,52,353,30,14,50,145,*7F
$GPGSV,3,2,11,17,48,041,26,11,35,245,,03,20,046,18,24,13,288,*7A
$GPGSV,3,3,11,20,12,200,,30,06,180,,09,01,126,*4B
$GPRMC,201011.000,A,2632.7553,N,07702.9281,W,0.95,56.10,220324,,,A*45
$GPVTG,56.10,T,,M,0.95,N,1.8,K,N*35
$GPGGA,201016.000,2632.7444,N,07702.9303,W,1,03,9.5,42.0,M,-33.0,M,,0000*53
$GPGSA,A,2,17,03,19,,,,,,,,,,9.6,9.5,1.0*3C
$GPGSV,3,1,11,22,77,136,,06,65,286,,19,52,353,30,14,50,145,*7F
$GPGSV,3,2,11,17,48,041,27,11,35,245,,03,20,046,18,24,13,288,*7B
$GPGSV,3,3,11,20,12,200,,30,06,180,,09,01,126,*4B
$GPVTG,182.17,T,,M,2.51,N,4.6,K,N*0B
$GPGGA,201021.000,2632.7470,N,07702.9291,W,1,03,9.5,41.7,M,-33.0,M,,0000*5E
$GPGSA,A,2,17,03,19,,,,,,,,,,9.5,9.5,1.0*3F
$GPGSV,3,1,11,22,77,136,,06,65,286,,19,52,353,30,14,50,145,*7F
$GPGSV,3,2,11,17,48,041,27,11,35,245,,03,20,046,19,24,13,288,*7A
$GPGSV,3,3,11,20,12,200,,30,06,180,,09,01,126,*4B
$GPRMC,201021.000,A,2632.7470,N,07702.9291,W,0.19,33.18,220324,,,A*48
$GPVTG,33.18,T,,M,0.19,N,0.4,K,N*37
$GPGGA,201026.000,2632.7499,N,07702.9284,W,1,03,9.4,41.6,M,-33.0,M,,0000*5A
$GPGSA,A,2,17,03,19,,,,,,,,,,9.5,9.4,1.0*3E
$GPGSV,3,1,11,22,77,136,,06,65,286,,19,52,353,30,14,50,145,*7F
$GPGSV,3,2,11,17,48,041,27,11,35,245,,03,20,046,19,24,13,288,*7A
$GPGSV,3,3,11,20,12,200,,30,06,180,,09,01,126,*4B
$GPRMC,201026.000,A,2632.7499,N,07702.9284,W,0.58,6.71,220324,,,A*70
$GPVTG,6.71,T,,M,0.58,N,1.1,K,N*0F
$GPGGA,201031.000,2632.7502,N,07702.9285,W,1,03,9.4,41.7,M,-33.0,M,,0000*5F
$GPGSA,A,2,17,03,19,,,,,,,,,,9.5,9.4,1.0*3E
$GPGSV,3,1,11,22,77,136,,06,65,286,,19,52,353,30,14,50,145,*7F
$GPGSV,3,2,11,17,48,041,27,11,35,245,,03,20,046,19,24,13,288,*7A
$GPGSV,3,3,11,20,12,200,,30,06,180,16,09,01,126,*4C
$GPRMC,201031.000,A,2632.7502,N,07702.9285,W,0.59,171.79,220324,,,A*7C
$GPVTG,171.79,T,,M,0.59,N,1.1,K,A*08
$GPGGA,201036.000,2632.7456,N,07702.9298,W,1,03,9.4,43.3,M,-33.0,M,,0000*52
$GPGSA,A,2,17,03,19,,,,,,,,,,9.4,9.4,1.0*3F
$GPGSV,3,1,11,22,77,136,,06,65,286,,19,52,353,30,14,50,145,*7F
$GPGSV,3,2,11,17,48,041,27,11,35,245,,03,20,046,19,24,13,288,*7A
$GPGSV,3,3,11,20,12,200,,30,06,180,17,09,01,126,*4D
$GPRMC,201036.000,A,2632.7456,N,07702.9298,W,1.06,289.01,220324,,,A*77
$GPVTG,289.01,T,,M,1.06,N,2.0,K,A*0A
$GPGGA,201041.000,2632.7490,N,07702.9282,W,1,03,9.3,40.9,M,-33.0,M,,0000*5D
$GPGSA,A,2,17,03,19,,,,,,,,,,9.4,9.3,1.0*38
$GPGSV,3,1,11,22,77,136,,06,65,286,,19,52,353,30,14,50,145,*7F
$GPGSV,3,2,11,17,48,041,27,11,35,245,,03,20,046,19,24,13,288,*7A
$GPGSV,3,3,11,20,12,200,,30,06,180,18,09,01,126,*42
$GPRMC,201041.000,A,2632.7490,N,07702.9282,W,0.99,190.11,220324,,,A*7B
$GPGGA,201046.000,2632.7523,N,07702.9276,W,1,03,9.3,39.0,M,-33.0,M,,0000*5F
$GPGSA,A,2,17,03,19,,,,,,,,,,9.3,9.3,1.0*3F
$GPGSV,3,1,11,22,77,136,,06,65,286,,19,52,353,30,14,50,145,*7F
$GPGSV,3,2,11,17,48,041,27,11,35,245,,03,20,046,19,24,13,288,*7A
$GPGSV,3,3,11,20,12,200,,30,06,180,18,09,01,126,*42
$GPRMC,201046.000,A,2632.7523,N,07702.9276,W,1.75,22.70,220324,,,A*42
$GPVTG,22.70,T,,M,1.75,N,3.2,K,A*38
$GPGGA,201051.000,2632.7521,N,07702.9280,W,1,03,9.3,39.7,M,-33.0,M,,0000*55
$GPGSA,A,2,17,03,19,,,,,,,,,,9.3,9.3,1.0*3F
$GPGSV,3,1,11,22,77,136,,06,65,286,,19,52,353,30,14,50,145,*7F
$GPGSV,3,2,11,17,48,041,27,11,35,245,,03,20,046,19,24,13,288,*7A
$GPGSV,3,3,11,20,12,200,,30,06,180,18,09,01,126,*42
$GPRMC,201051.000,A,2632.7521,N,07702.9280,W,1.27,11.68,220324,,,A*41
$GPVTG,11.68,T,,M,1.27,N,2.4,K,A*31
$GPGGA,201056.000,2632.7540,N,07702.9268,W,1,03,9.2,37.8,M,-33.0,M,,0000*53
$GPGSA,A,2,17,03,19,,,,,,,,,,9.3,9.2,1.0*3E
$GPGSV,3,1,11,22,77,136,,06,65,286,,19,52,353,30,14,50,145,*7F
$GPGSV,3,2,11,17,48,041,27,11,35,245,,03,20,046,19,24,13,288,*7A
$GPGSV,3,3,11,20,12,200,,30,06,180,19,09,01,126,*43
$GPRMC,201056.000,A,2632.7540,N,07702.9268,W,1.37,81.78,220324,,,A*4E
$GPVTG,81.78,T,,M,1.37,N,2.5,K,A*39
$GPGGA,201101.000,2632.7534,N,07702.9281,W,1,03,9.2,39.0,M,-33.0,M,,0000*52
$GPGSA,A,2,17,03,19,,,,,,,,,,9.2,9.2,1.0*3F
$GPGSV,3,1,11,22,77,136,,06,65,286,,19,52,353,29,14,50,145,*77
$GPGSV,3,2,11,17,48,041,27,11,35,245,,03,20,046,20,24,13,288,*70
$GPGSV,3,3,11,20,12,200,,30,06,180,19,09,01,126,*43
$GPRMC,201101.000,A,2632.7534,N,07702.9281,W,0.84,220.42,220324,,,A*70
$GPVTG,220.42,T,,M,0.84,N,1.6,K,A*00
$GPGGA,201106.000,2632.7532,N,07702.9283,W,1,03,9.1,40.1,M,-33.0,M,,0000*5D
$GPGSA,A,2,17,03,19,,,,,,,,,,9.2,9.1,1.0*3C
$GPGSV,3,1,11,22,77,136,,06,65,286,,19,52,353,29,14,50,145,*77
$GPGSV,3,2,11,17,48,041,27,11,35,245,,03,20,046,20,24,13,288,*70
$GPGSV,3,3,11,20,12,200,,30,06,180,19,09,01,126,*43
$GPRMC,201106.000,A,2632.7532,N,07702.9283,W,0.60,359.06,220324,,,A*76
$GPGGA,201111.000,2632.7525,N,07702.9290,W,1,03,9.1,41.7,M,-33.0,M,,0000*58
$GPGSA,A,2,17,03,19,,,,,,,,,,9.2,9.1,1.0*3C
$GPGSV,3,1,11,22,77,136,,06,65,286,,19,52,353,29,14,50,145,*77
$GPGSV,3,2,11,17,48,041,27,11,35,245,,03,20,046,20,24,13,288,*70
$GPGSV,3,3,11,20,12,200,,30,06,180,19,09,01,126,*43
$GPRMC,201111.000,A,2632.7525,N,07702.9290,W,0.63,286.76,220324,,,A*73
$GPVTG,286.76,T,,M,0.63,N,1.2,K,A*06
$GPGGA,201116.000,2632.7517,N,07702.9288,W,1,03,9.1,42.0,M,-33.0,M,,0000*53
$GPGSA,A,2,17,03,19,,,,,,,,,,9.1,9.1,1.0*3F
$GPGSV,3,1,11,22,77,136,,06,65,286,,19,52,353,29,14,50,145,*77
$GPGSV,3,2,11,17,48,041,27,11,35,245,,03,20,046,20,24,13,288,*70
$GPGSV,3,3,11,20,12,200,,30,06,180,19,09,01,126,*43
$GPRMC,201116.000,A,2632.7517,N,07702.9288,W,0.54,183.63,220324,,,A*7A
$GPVTG,183.63,T,,M,0.54,N,1.0,K,A*02
$GPGGA,201121.000,2632.7502,N,07702.9296,W,1,03,9.0,43.3,M,-33.0,M,,0000*5F
$GPGSA,A,2,17,03,19,,,,,,,,,,9.1,9.0,1.0*3E
$GPGSV,3,1,11,22,77,136,,06,65,286,,19,52,353,29,14,50,145,*77
$GPGSV,3,2,11,17,48,041,28,11,35,245,,03,20,046,20,24,13,288,*7F
$GPGSV,3,3,11,20,12,200,,30,06,180,18,09,01,126,*42
$GPRMC,201121.000,A,2632.7502,N,07702.9296,W,1.49,187.25,220324,,,A*7E
$GPVTG,187.25,T,,M,1.49,N,2.8,K,A*02
$GPGGA,201126.000,2632.7476,N,07702.9311,W,1,03,9.0,46.2,M,-33.0,M,,0000*50
$GPGSA,A,2,17,03,19,,,,,,,,,,9.1,9.0,1.0*3E
$GPGSV,3,1,11,22,77,136,,06,65,286,,19,52,353,29,14,50,145,*77
$GPGSV,3,2,11,17,48,041,28,11,35,245,,03,20,046,20,24,13,288,*7F
$GPGSV,3,3,11,20,12,200,,30,06,180,17,09,01,126,*4D
$GPVTG,269.15,T,,M,0.96,N,1.8,K,A*02
$GPGGA,201131.000,2632.7483,N,07702.9303,W,1,03,9.0,44.1,M,-33.0,M,,0000*5E
$GPGSA,A,2,17,03,19,,,,,,,,,,9.0,9.0,1.0*3F
$GPGSV,3,1,11,22,77,136,,06,65,286,,19,52,353,29,14,50,145,*77
$GPGSV,3,2,11,17,48,041,28,11,35,245,,03,20,046,20,24,13,288,*7F
$GPGSV,3,3,11,20,12,200,,30,06,180,,09,01,126,*4B
$GPRMC,201131.000,A,2632.7483,N,07702.9303,W,0.50,229.18,220324,,,A*7A
$GPVTG,229.18,T,,M,0.50,N,0.9,K,N*0E
$GPGGA,201136.000,2632.7492,N,07702.9296,W,1,03,8.9,43.4,M,-33.0,M,,0000*5E
$GPGSA,A,2,17,03,19,,,,,,,,,,9.0,8.9,1.0*37
$GPGSV,3,1,11,22,77,136,,06,65,286,,19,52,353,29,14,50,145,*77
$GPGSV,3,2,11,17,48,041,28,11,35,245,,03,20,046,20,24,13,288,*7F
$GPGSV,3,3,11,20,12,200,,30,06,180,,09,01,126,*4B
$GPRMC,201136.000,A,2632.7492,N,07702.9296,W,0.68,16.01,220324,,,A*4D
$GPVTG,16.01,T,,M,0.68,N,1.3,K,N*38
$GPGGA,201141.000,2632.7501,N,07702.9291,W,1,03,8.9,43.7,M,-33.0,M,,0000*51
$GPGSA,A,2,17,03,19,,,,,,,,,,9.0,8.9,1.0*37
$GPGSV,3,1,11,22,77,136,,06,65,286,,19,52,353,29,14,50,145,*77
$GPGSV,3,2,11,17,48,041,28,11,35,245,,03,20,046,19,24,13,288,*75
$GPGSV,3,3,11,20,12,200,,30,06,180,,09,01,126,*4B
$GPRMC,201141.000,A,2632.7501,N,07702.9291,W,1.18,2.32,220324,,,A*72
$GPVTG,2.32,T,,M,1.18,N,2.2,K,N*09
$GPGGA,201146.000,2632.7483,N,07702.9298,W,1,03,8.9,43.9,M,-33.0,M,,0000*5A
$GPGSA,A,2,17,03,19,,,,,,,,,,8.9,8.9,1.0*3F
$GPGSV,3,1,11,22,77,136,,06,65,286,,19,52,353,30,14,50,145,*7F
$GPGSV,3,2,11,17,48,041,27,11,35,245,,03,20,046,19,24,13,288,*7A
$GPGSV,3,3,11,20,12,200,,30,06,180,,09,01,126,*4B
$GPRMC,201146.000,A,2632.7483,N,07702.9298,W,0.80,233.52,220324,,,A*71
$GPVTG,233.52,T,,M,0.80,N,1.5,K,N*0B
$GPGGA,201151.000,2632.7465,N,07702.9300,W,1,03,8.8,43.8,M,-33.0,M,,0000*54
$GPGSA,A,2,17,03,19,,,,,,,,,,8.9,8.8,1.0*3E
$GPGSV,3,1,11,22,77,136,,06,65,286,,19,52,353,29,14,50,145,*77
$GPGSV,3,2,11,17,48,041,27,11,35,245,,03,20,046,19,24,13,288,*7A
$GPGSV,3,3,11,20,12,200,,30,06,180,,09,01,126,*4B
$GPRMC,201151.000,A,2632.7465,N,07702.9300,W,0.42,106.54,220324,,,A*72
$GPGGA,201156.000,2632.7444,N,07702.9307,W,1,03,8.8,43.7,M,-33.0,M,,0000*58
$GPGSA,A,2,17,03,19,,,,,,,,,,8.9,8.8,1.0*3E
$GPGSV,3,1,11,22,77,136,,06,65,286,,19,52,353,30,14,50,145,*7F
$GPGSV,3,2,11,17,48,041,28,11,35,245,,03,20,046,19,24,13,288,*75
$GPGSV,3,3,11,20,12,200,,30,06,180,,09,01,126,*4B
$GPRMC,201156.000,A,2632.7444,N,07702.9307,W,0.88,180.24,220324,,,A*7E
$GPVTG,180.24,T,,M,0.88,N,1.6,K,N*0A
$GPGGA,201201.000,2632.7436,N,07702.9310,W,1,03,8.8,43.4,M,-33.0,M,,0000*59
$GPGSA,A,2,17,03,19,,,,,,,,,,8.8,8.8,1.0*3F
$GPGSV,3,1,11,22,77,136,,06,65,286,,19,52,353,30,14,50,145,*7F
$GPGSV,3,2,11,17,48,041,28,11,35,245,,03,20,046,19,24,13,288,*75
$GPGSV,3,3,11,20,12,200,,30,06,180,,09,01,126,*4B
$GPRMC,201201.000,A,2632.7436,N,07702.9310,W,0.88,63.49,220324,,,A*4B
$GPVTG,63.49,T,,M,0.88,N,1.6,K,N*3D
$GPGGA,201206.000,2632.7491,N,07702.9298,W,1,03,8.7,43.2,M,-33.0,M,,0000*5B
$GPGSA,A,2,17,03,19,,,,,,,,,,8.8,8.7,1.0*30
$GPGSV,3,1,11,22,77,136,,06,65,286,,19,52,353,29,14,50,145,*77
$GPGSV,3,2,11,17,48,041,28,11,35,245,,03,20,046,20,24,13,288,*7F
$GPGSV,3,3,11,20,12,200,,30,06,180,18,09,01,126,*42
$GPRMC,201206.000,A,2632.7491,N,07702.9298,W,2.88,4.42,220324,,,A*78
$GPVTG,4.42,T,,M,2.88,N,5.3,K,A*0B
$GPGGA,201211.000,2632.7496,N,07702.9299,W,1,03,8.7,43.3,M,-33.0,M,,0000*5A
$GPGSA,A,2,17,03,19,,,,,,,,,,8.8,8.7,1.0*30
$GPGSV,3,1,11,22,77,136,,06,65,286,,19,52,353,29,14,50,145,*77
$GPGSV,3,2,11,17,48,041,28,11,35,245,,03,20,046,20,24,13,288,*7F
$GPGSV,3,3,11,20,12,200,,30,06,180,17,09,01,126,*4D
$GPRMC,201211.000,A,2632.7496,N,07702.9299,W,0.59,230.16,220324,,,A*72
$GPVTG,230.16,T,,M,0.59,N,1.1,K,A*07
$GPGGA,201216.000,2632.7479,N,07702.9305,W,1,03,8.7,44.2,M,-33.0,M,,0000*5E
$GPGSA,A,2,17,03,19,,,,,,,,,,8.7,8.7,1.0*3F
$GPGSV,3,1,11,22,77,136,,06,65,286,,19,52,353,29,14,50,145,*77
$GPGSV,3,2,11,17,48,041,28,11,35,245,,03,20,046,20,24,13,288,*7F
$GPGSV,3,3,11,20,12,200,,30,06,180,17,09,01,126,*4D
$GPRMC,201216.000,A,2632.7479,N,07702.9305,W,1.00,129.82,220324,,,A*7B
$GPGGA,201221.000,2632.7475,N,07702.9297,W,1,03,8.6,42.8,M,-33.0,M,,0000*51
$GPGSA,A,2,17,03,19,,,,,,,,,,8.7,8.6,1.0*3E
$GPGSV,3,1,11,22,77,136,,06,65,286,,19,52,353,29,14,50,145,*77
$GPGSV,3,2,11,17,48,041,28,11,35,245,,03,20,046,20,24,13,288,*7F
$GPGSV,3,3,11,20,12,200,,30,06,180,16,09,01,126,*4C
$GPRMC,201221.000,A,2632.7475,N,07702.9297,W,0.17,222.38,220324,,,A*77
$GPVTG,222.38,T,,M,0.17,N,0.3,K,A*01
$GPGGA,201226.000,2632.7499,N,07702.9287,W,1,03,8.6,40.5,M,-33.0,M,,0000*5A
$GPGSA,A,2,17,03,19,,,,,,,,,,8.7,8.6,1.0*3E
$GPGSV,3,1,11,22,77,136,,06,65,286,,19,52,353,29,14,50,145,*77
$GPGSV,3,2,11,17,48,041,28,11,35,245,,03,20,046,20,24,13,288,*7F
$GPGSV,3,3,11,20,12,200,,30,06,180,16,09,01,126,*4C
$GPRMC,201226.000,A,2632.7499,N,07702.9287,W,1.18,180.84,220324,,,A*71
$GPVTG,180.84,T,,M,1.18,N,2.2,K,A*00
$GPGGA,201231.000,2632.7488,N,07702.9302,W,1,03,8.6,41.9,M,-33.0,M,,0000*5D
$GPGSA,A,2,17,03,19,,,,,,,,,,8.6,8.6,1.0*3F
$GPGSV,3,1,11,22,77,136,,06,65,286,,19,52,353,29,14,50,145,*77
$GPGSV,3,2,11,17,48,041,28,11,35,245,,03,20,046,20,24,13,288,*7F
$GPGSV,3,3,11,20,12,200,,30,06,180,17,09,01,126,*4D
$GPRMC,201231.000,A,2632.7488,N,07702.9302,W,0.37,289.46,220324,,,A*73
$GPVTG,289.46,T,,M,0.37,N,0.7,K,A*0F
$GPGGA,201236.000,2632.7490,N,07702.9297,W,1,03,8.5,41.3,M,-33.0,M,,0000*57
$GPGSA,A,2,17,03,19,,,,,,,,,,8.6,8.5,1.0*3C
$GPGSV,3,1,11,22,77,136,,06,65,286,,19,52,353,29,14,50,145,*77
$GPGSV,3,2,11,17,48,041,28,11,35,245,,03,20,046,20,24,13,288,*7F
$GPGSV,3,3,11,20,12,200,,30,06,180,18,09,01,126,*42
$GPVTG,25.62,T,,M,0.40,N,0.7,K,A*3D
$GPGGA,201241.000,2632.7487,N,07702.9298,W,1,03,8.5,41.6,M,-33.0,M,,0000*5B
$GPGSA,A,2,17,03,19,,,,,,,,,,8.6,8.5,1.0*3C
$GPGSV,3,1,11,22,77,136,,06,65,286,,19,52,353,29,14,50,145,*77
$GPGSV,3,2,11,17,48,041,28,11,35,245,,03,20,046,20,24,13,288,*7F
$GPGSV,3,3,11,20,12,200,,30,06,180,19,09,01,126,*43
$GPRMC,201241.000,A,2632.7487,N,07702.9298,W,0.60,185.24,220324,,,A*70
$GPVTG,185.24,T,,M,0.60,N,1.1,K,A*01
$GPGGA,201246.000,2632.7481,N,07702.9306,W,1,03,8.5,42.6,M,-33.0,M,,0000*5F
$GPGSA,A,2,17,03,19,,,,,,,,,,8.5,8.5,1.0*3F
$GPGSV,3,1,11,22,77,136,,06,65,286,,19,52,353,29,14,50,145,*77
$GPGSV,3,2,11,17,48,041,28,11,35,245,,03,20,046,19,24,13,288,*75
$GPGSV,3,3,11,20,12,200,,30,06,180,19,09,01,126,*43
$GPRMC,201246.000,A,2632.7481,N,07702.9306,W,0.36,21.01,220324,,,A*4C
$GPVTG,21.01,T,,M,0.36,N,0.7,K,A*3D
$GPGGA,201251.000,2632.7478,N,07702.9307,W,1,03,8.4,43.5,M,-33.0,M,,0000*5D
$GPGSA,A,2,17,03,19,,,,,,,,,,8.5,8.4,1.0*3E
$GPGSV,3,1,11,22,76,140,,06,65,290,,19,52,356,29,14,49,146,*7E
$GPGSV,3,2,11,17,48,043,28,11,36,246,,03,19,045,19,20,13,200,*7A
$GPGSV,3,3,11,24,13,287,,30,05,179,20,09,02,125,17*40
$GPRMC,201251.000,A,2632.7478,N,07702.9307,W,0.26,311.95,220324,,,A*71
$GPVTG,311.95,T,,M,0.26,N,0.5,K,A*03
$GPGGA,201256.000,2632.7484,N,07702.9300,W,1,03,8.4,43.6,M,-33.0,M,,0000*5D
$GPGSA,A,2,17,03,19,,,,,,,,,,8.5,8.4,1.0*3E
$GPGSV,3,1,11,22,76,140,,06,65,290,,19,52,356,29,14,49,146,*7E
$GPGSV,3,2,11,17,48,043,28,11,36,246,,03,19,045,20,20,13,200,*70
$GPGSV,3,3,11,24,13,287,,30,05,179,19,09,02,125,*4C
$GPRMC,201256.000,A,2632.7484,N,07702.9300,W,0.97,42.49,220324,,,A*4C
$GPVTG,42.49,T,,M,0.97,N,1.8,K,A*31
$GPGGA,201301.000,2632.7491,N,07702.9288,W,1,03,8.4,40.9,M,-33.0,M,,0000*57
$GPGSA,A,2,17,03,19,,,,,,,,,,8.4,8.4,1.0*3F
$GPGSV,3,1,11,22,76,140,,06,65,290,,19,52,356,29,14,49,146,*7E
$GPGSV,3,2,11,17,48,043,28,11,36,246,,03,19,045,20,20,13,200,*70
$GPGSV,3,3,11,24,13,287,,30,05,179,19,09,02,125,*4C
$GPRMC,201301.000,A,2632.7491,N,07702.9288,W,0.42,82.36,220324,,,A*46
$GPGGA,201306.000,2632.7483,N,07702.9297,W,1,03,8.4,43.0,M,-33.0,M,,0000*57
$GPGSA,A,2,17,03,19,,,,,,,,,,8.4,8.4,1.0*3F
$GPGSV,3,1,11,22,76,140,,06,65,290,,19,52,356,29,14,49,146,*7E
$GPGSV,3,2,11,17,48,043,28,11,36,246,,03,19,045,20,20,13,200,*70
$GPGSV,3,3,11,24,13,287,,30,05,179,19,09,02,125,*4C
$GPRMC,201306.000,A,2632.7483,N,07702.9297,W,0.45,55.97,220324,,,A*4A
$GPVTG,55.97,T,,M,0.45,N,0.8,K,A*3A
$GPGGA,201311.000,2632.7499,N,07702.9286,W,1,03,8.3,39.1,M,-33.0,M,,0000*51
$GPGSA,A,2,17,03,19,,,,,,,,,,8.4,8.3,1.0*38
$GPGSV,3,1,11,22,76,140,,06,65,290,,19,52,356,30,14,49,146,*76
$GPGSV,3,2,11,17,48,043,28,11,36,246,,03,19,045,20,20,13,200,*70
$GPGSV,3,3,11,24,13,287,,30,05,179,19,09,02,125,*4C
$GPRMC,201311.000,A,2632.7499,N,07702.9286,W,0.51,268.60,220324,,,A*76
$GPVTG,268.60,T,,M,0.51,N,0.9,K,A*0A
$GPGGA,201316.000,2632.7506,N,07702.9283,W,1,03,8.3,36.2,M,-33.0,M,,0000*58
$GPGSA,A,2,17,03,19,,,,,,,,,,8.4,8.3,1.0*38
$GPGSV,3,1,11,22,76,140,14,06,65,290,,19,52,356,30,14,49,146,*73
$GPGSV,3,2,11,17,48,043,28,11,36,246,,03,19,045,20,20,13,200,*70
$GPGSV,3,3,11,24,13,287,,30,05,179,19,09,02,125,*4C
$GPRMC,201316.000,A,2632.7506,N,07702.9283,W,0.53,63.38,220324,,,A*45
$GPVTG,63.38,T,,M,0.53,N,1.0,K,A*34
$GPGGA,201321.000,2632.7517,N,07702.9280,W,1,03,8.3,33.2,M,-33.0,M,,0000*5A
$GPGSA,A,2,17,03,19,,,,,,,,,,8.3,8.3,1.0*3F
$GPGSV,3,1,11,22,76,140,15,06,65,290,,19,52,356,30,14,49,146,*72
$GPGSV,3,2,11,17,48,043,28,11,36,246,,03,19,045,20,20,13,200,*70
$GPGSV,3,3,11,24,13,287,,30,05,179,18,09,02,125,*4D
$GPRMC,201321.000,A,2632.7517,N,07702.9280,W,0.67,62.42,220324,,,A*49
$GPVTG,62.42,T,,M,0.67,N,1.2,K,A*3D
$GPGGA,201326.000,2632.7526,N,07702.9288,W,1,03,8.2,32.8,M,-33.0,M,,0000*5D
$GPGSA,A,2,17,03,19,,,,,,,,,,8.3,8.2,1.0*3E
$GPGSV,3,1,11,22,76,140,15,06,65,290,,19,52,356,30,14,49,146,*72
$GPGSV,3,2,11,17,48,043,28,11,36,246,,03,19,045,20,20,13,200,*70
$GPGSV,3,3,11,24,13,287,,30,05,179,17,09,02,125,*42
$GPRMC,201326.000,A,2632.7526,N,07702.9288,W,1.19,12.08,220324,,,A*45
$GPGGA,201331.000,2632.7543,N,07702.9290,W,1,03,8.2,34.5,M,-33.0,M,,0000*5A
$GPGSA,A,2,17,03,19,,,,,,,,,,8.3,8.2,1.0*3E
$GPGSV,3,1,11,22,76,140,15,06,65,290,,19,52,356,30,14,49,146,*72
$GPGSV,3,2,11,17,48,043,28,11,36,246,,03,19,045,20,20,13,200,*70
$GPGSV,3,3,11,24,13,287,,30,05,179,16,09,02,125,16*44
$GPRMC,201331.000,A,2632.7543,N,07702.9290,W,1.31,0.03,220324,,,A*7B
$GPVTG,0.03,T,,M,1.31,N,2.4,K,A*0B
$GPGGA,201336.000,2632.7530,N,07702.9298,W,1,03,8.2,37.9,M,-33.0,M,,0000*5E
$GPGSA,A,2,17,03,19,,,,,,,,,,8.2,8.2,1.0*3F
$GPGSV,3,1,11,22,76,140,15,06,65,290,,19,52,356,30,14,49,146,*72
$GPGSV,3,2,11,17,48,043,28,11,36,246,,03,19,045,19,20,13,200,*7A
$GPGSV,3,3,11,24,13,287,,30,05,179,15,09,02,125,17*46
$GPRMC,201336.000,A,2632.7530,N,07702.9298,W,1.30,158.04,220324,,,A*7A
$GPVTG,158.04,T,,M,1.30,N,2.4,K,A*01
$GPGGA,201341.000,2632.7508,N,07702.9296,W,1,03,8.1,38.6,M,-33.0,M,,0000*58
$GPGSA,A,2,17,03,19,,,,,,,,,,8.2,8.1,1.0*3C
$GPGSV,3,1,11,22,76,140,15,06,65,290,,19,52,356,30,14,49,146,*72
$GPGSV,3,2,11,17,48,043,28,11,36,246,,03,19,045,19,20,13,200,*7A
$GPGSV,3,3,11,24,13,287,,30,05,179,14,09,02,125,17*47
$GPRMC,201341.000,A,2632.7508,N,07702.9296,W,0.46,162.82,220324,,,A*78
$GPVTG,162.82,T,,M,0.46,N,0.9,K,A*09
$GPGGA,201346.000,2632.7416,N,07702.9303,W,6,00,50.0,32.4,M,-33.0,M,,0000*6C
$GPGSA,A,2,,,,,,,,,,,,,50.0,50.0,50.0*06
$GPGSV,3,1,11,22,76,140,,06,65,290,,19,52,356,17,14,49,146,*73
$GPGSV,3,2,11,17,48,043,20,11,36,246,,03,19,045,19,20,13,200,*72
$GPGSV,3,3,11,24,13,287,,30,05,179,,09,02,125,24*42
$GPRMC,201346.000,A,2632.7416,N,07702.9303,W,3.24,40.25,220324,,,E*43
$GPVTG,40.25,T,,M,3.24,N,6.0,K,N*32
$GPGGA,201351.000,2632.7333,N,07702.9258,W,1,04,3.3,25.6,M,-33.0,M,,0000*57
$GPGSA,A,3,17,03,19,30,,,,,,,,,4.9,3.3,3.6*34
$GPGSV,3,1,11,22,76,140,,06,65,290,,19,52,356,15,14,49,146,*71
$GPGSV,3,2,11,17,48,043,17,11,36,246,,03,19,045,18,20,13,200,*77
$GPGSV,3,3,11,24,13,287,,30,05,179,20,09,02,125,23*47
$GPRMC,201351.000,A,2632.7333,N,07702.9258,W,0.78,100.62,220324,,,A*72
$GPGGA,201356.000,2632.7242,N,07702.9387,W,1,04,3.3,13.3,M,-33.0,M,,0000*54
$GPGSA,A,3,17,03,19,30,,,,,,,,,4.9,3.3,3.6*34
$GPGSV,3,1,11,22,76,140,,06,65,290,,19,52,356,15,14,49,146,*71
$GPGSV,3,2,11,17,48,043,16,11,36,246,,03,19,045,17,20,13,200,*79
$GPGSV,3,3,11,24,13,287,,30,05,179,27,09,02,125,25*46
$GPRMC,201356.000,A,2632.7242,N,07702.9387,W,6.89,279.70,220324,,,A*77
$GPVTG,279.70,T,,M,6.89,N,12.8,K,A*3A
$GPGGA,201401.000,2632.7182,N,07702.9413,W,1,04,2.1,13.9,M,-33.0,M,,0000*5D
$GPGSA,A,3,03,19,30,14,,,,,,,,,2.8,2.1,1.9*3E
$GPGSV,3,1,11,22,76,140,,06,65,290,,19,52,356,22,14,49,146,17*73
$GPGSV,3,2,11,17,48,043,,11,36,246,,03,19,045,17,20,13,200,*7E
$GPGSV,3,3,11,24,13,287,,30,05,179,18,09,02,125,20*4F
$GPRMC,201401.000,A,2632.7182,N,07702.9413,W,0.51,213.27,220324,,,A*7A
$GPVTG,213.27,T,,M,0.51,N,1.0,K,A*0D
$GPGGA,201406.000,2632.7159,N,07702.9373,W,1,04,2.1,16.2,M,-33.0,M,,0000*53
$GPGSA,A,3,03,19,30,14,,,,,,,,,2.8,2.1,1.9*3E
$GPGSV,3,1,11,22,76,140,,06,65,290,,19,52,356,22,14,49,146,16*72
$GPGSV,3,2,11,17,48,043,,11,36,246,,03,19,045,18,20,13,200,*71
$GPGSV,3,3,11,24,13,287,,30,05,179,24,09,02,125,21*41
$GPRMC,201406.000,A,2632.7159,N,07702.9373,W,1.41,161.52,220324,,,A*7E
$GPVTG,161.52,T,,M,1.41,N,2.6,K,A*0C
$GPGGA,201411.000,2632.7135,N,07702.9362,W,1,04,1.8,13.3,M,-33.0,M,,0000*51
$GPGSA,A,3,03,19,30,06,,,,,,,,,2.1,1.8,1.0*37
$GPGSV,3,1,11,22,76,140,,06,65,290,15,19,52,356,23,14,49,146,15*74
$GPGSV,3,2,11,17,48,043,15,11,36,246,,03,19,045,19,20,13,200,*74
$GPGSV,3,3,11,24,13,287,,30,05,179,23,09,02,125,21*46
$GPRMC,201411.000,A,2632.7135,N,07702.9362,W,1.30,221.66,220324,,,A*74
$GPVTG,221.66,T,,M,1.30,N,2.4,K,A*08
$GPGGA,201416.000,2632.7158,N,07702.9439,W,1,05,2.0,1.0,M,-33.0,M,,0000*6E
$GPGSA,A,3,17,03,19,30,14,,,,,,,,2.7,2.0,1.8*37
$GPGSV,3,1,11,22,76,140,,06,65,290,14,19,52,356,23,14,49,146,16*76
$GPGSV,3,2,11,17,48,043,14,11,36,246,,03,19,045,22,20,13,200,*7D
$GPGSV,3,3,11,24,13,287,,30,05,179,16,09,02,125,22*43
$GPVTG,295.67,T,,M,2.06,N,3.8,K,A*0D
$GPGGA,201421.000,2632.7163,N,07702.9463,W,1,05,2.0,-4.3,M,-33.0,M,,0000*46
$GPGSA,A,3,17,03,19,30,14,,,,,,,,2.7,2.0,1.8*37
$GPGSV,3,1,11,22,76,140,,06,65,290,,19,52,356,23,14,49,146,15*70
$GPGSV,3,2,11,17,48,043,15,11,36,246,,03,19,045,25,20,13,200,*7B
$GPGSV,3,3,11,24,13,287,,30,05,179,17,09,02,125,23*43
$GPRMC,201421.000,A,2632.7163,N,07702.9463,W,1.17,284.55,220324,,,A*78
$GPVTG,284.55,T,,M,1.17,N,2.2,K,A*04
$GPGGA,201426.000,2632.7183,N,07702.9486,W,1,03,2.4,-9.7,M,-33.0,M,,0000*4F
$GPGSA,A,2,03,19,30,,,,,,,,,,2.6,2.4,1.0*38
$GPGSV,3,1,11,22,76,140,,06,65,290,,19,52,356,24,14,49,146,*73
$GPGSV,3,2,11,17,48,043,15,11,36,246,,03,19,045,25,20,13,200,*7B
$GPGSV,3,3,11,24,13,287,,30,05,179,19,09,02,125,23*4D
$GPRMC,201426.000,A,2632.7183,N,07702.9486,W,1.46,280.66,220324,,,A*7A
$GPVTG,280.66,T,,M,1.46,N,2.7,K,A*01
$GPGGA,201431.000,2632.7165,N,07702.9453,W,1,03,2.4,-8.0,M,-33.0,M,,0000*4F
$GPGSA,A,2,03,19,30,,,,,,,,,,2.6,2.4,1.0*38
$GPGSV,3,1,11,22,76,140,,06,65,290,,19,52,356,23,14,49,146,*74
$GPGSV,3,2,11,17,48,043,16,11,36,246,,03,19,045,20,20,13,200,*7D
$GPGSV,3,3,11,24,13,287,,30,05,179,18,09,02,125,18*44
$GPRMC,201431.000,A,2632.7165,N,07702.9453,W,1.92,185.43,220324,,,A*74
$GPVTG,185.43,T,,M,1.92,N,3.6,K,A*09
$GPGGA,201436.000,2632.7153,N,07702.9430,W,1,04,3.3,-1.8,M,-33.0,M,,0000*48
$GPGSA,A,3,17,03,19,30,,,,,,,,,4.8,3.3,3.6*35
$GPGSV,3,1,11,22,76,140,,06,65,290,,19,52,356,20,14,49,146,*77
$GPGSV,3,2,11,17,48,043,16,11,36,246,,03,19,045,20,20,13,200,*7D
$GPGSV,3,3,11,24,13,287,,30,05,179,18,09,02,125,19*45
$GPRMC,201436.000,A,2632.7153,N,07702.9430,W,0.41,191.89,220324,,,A*7F
$GPVTG,191.89,T,,M,0.41,N,0.8,K,A*08
$GPGGA,201441.000,2632.7161,N,07702.9457,W,1,03,7.8,-9.1,M,-33.0,M,,0000*41
$GPGSA,A,2,17,03,19,,,,,,,,,,7.9,7.8,1.0*3E
$GPGSV,3,1,11,22,76,140,,06,65,290,,19,52,356,21,14,49,146,*76
$GPGSV,3,2,11,17,48,043,17,11,36,246,,03,19,045,21,20,13,200,*7D
$GPGSV,3,3,11,24,13,287,,30,05,179,,09,02,125,20*46
$GPRMC,201441.000,A,2632.7161,N,07702.9457,W,0.42,268.94,220324,,,A*75
$GPGGA,201446.000,2632.7133,N,07702.9431,W,1,04,3.6,-11.9,M,-33.0,M,,0000*7D
$GPGSA,A,3,17,03,19,14,,,,,,,,,6.1,3.6,4.9*35
$GPGSV,3,1,11,22,76,140,,06,65,290,,19,52,356,22,14,49,146,16*72
$GPGSV,3,2,11,17,48,043,18,11,36,246,,03,19,045,21,20,13,200,*72
$GPGSV,3,3,11,24,13,287,,30,05,179,,09,02,125,20*46
$GPRMC,201446.000,A,2632.7133,N,07702.9431,W,1.31,182.39,220324,,,A*70
$GPVTG,182.39,T,,M,1.31,N,2.4,K,A*09
$GPGGA,201451.000,2632.7144,N,07702.9429,W,1,06,2.0,-14.6,M,-33.0,M,,0000*7D
$GPGSA,A,3,17,03,19,14,22,30,,,,,,,2.5,2.0,1.5*38
$GPGSV,3,1,11,22,76,140,16,06,65,290,,19,52,356,22,14,49,146,16*75
$GPGSV,3,2,11,17,48,043,18,11,36,246,,03,19,045,21,20,13,200,*72
$GPGSV,3,3,11,24,13,287,,30,05,179,15,09,02,125,19*48
$GPRMC,201451.000,A,2632.7144,N,07702.9429,W,0.04,307.13,220324,,,A*7F
$GPVTG,307.13,T,,M,0.04,N,0.1,K,A*0E
$GPGGA,201456.000,2632.7142,N,07702.9383,W,1,05,2.5,-0.9,M,-33.0,M,,0000*47
$GPGSA,A,3,17,03,19,22,30,,,,,,,,3.0,2.5,1.7*3E
$GPGSV,3,1,11,22,76,140,15,06,65,290,,19,52,356,22,14,49,146,16*76
$GPGSV,3,2,11,17,48,043,19,11,36,246,,03,19,045,21,20,13,200,*73
$GPGSV,3,3,11,24,13,287,,30,05,179,16,09,02,125,18*4A
$GPRMC,201456.000,A,2632.7142,N,07702.9383,W,0.43,130.34,220324,,,A*79
$GPVTG,130.34,T,,M,0.43,N,0.8,K,A*07
$GPGGA,201501.000,2632.7122,N,07702.9354,W,1,05,2.0,8.8,M,-33.0,M,,0000*69
$GPGSA,A,3,17,03,19,14,30,,,,,,,,2.7,2.0,1.8*37
$GPGSV,3,1,11,22,76,140,,06,65,290,,19,52,356,22,14,49,146,14*70
$GPGSV,3,2,11,17,48,043,18,11,36,246,,03,19,045,22,20,13,200,*71
$GPGSV,3,3,11,24,13,287,,30,05,179,16,09,02,125,18*4A
$GPRMC,201501.000,A,2632.7122,N,07702.9354,W,1.71,103.82,220324,,,A*7B
$GPVTG,103.82,T,,M,1.71,N,3.2,K,A*03
$GPGGA,201506.000,2632.7152,N,07702.9339,W,1,04,2.1,14.5,M,-33.0,M,,0000*52
$GPGSA,A,3,03,19,14,30,,,,,,,,,2.8,2.1,1.9*3E
$GPGSV,3,1,11,22,76,140,,06,65,290,,19,52,356,23,14,49,146,14*71
$GPGSV,3,2,11,17,48,043,18,11,36,246,,03,19,045,22,20,13,200,*71
$GPGSV,3,3,11,24,13,287,,30,05,179,18,09,02,125,17*4B
$GPVTG,64.89,T,,M,1.00,N,1.9,K,A*37
$GPGGA,201511.000,2632.7155,N,07702.9341,W,1,04,3.1,9.3,M,-33.0,M,,0000*67
$GPGSA,A,3,17,19,14,30,,,,,,,,,4.5,3.1,3.2*38
$GPGSV,3,1,11,22,76,140,,06,65,290,,19,52,356,19,14,49,146,15*79
$GPGSV,3,2,11,17,48,043,17,11,36,246,,03,19,045,08,20,13,200,*76
$GPGSV,3,3,11,24,13,287,,30,05,179,21,09,02,125,17*41
$GPRMC,201511.000,A,2632.7155,N,07702.9341,W,2.64,113.45,220324,,,A*73
$GPVTG,113.45,T,,M,2.64,N,4.9,K,A*02
$GPGGA,201516.000,2632.7139,N,07702.9320,W,1,03,8.3,7.0,M,-33.0,M,,0000*6E
$GPGSA,A,2,03,14,30,,,,,,,,,,8.4,8.3,1.0*30
$GPGSV,3,1,11,22,76,140,,06,65,290,,19,52,356,,14,49,146,14*70
$GPGSV,3,2,11,17,48,043,,11,36,246,,03,19,045,15,20,13,200,*7C
$GPGSV,3,3,11,24,13,287,,30,05,179,20,09,02,125,22*46
$GPRMC,201516.000,A,2632.7139,N,07702.9320,W,3.93,101.75,220324,,,A*70
$GPVTG,101.75,T,,M,3.93,N,7.3,K,N*0D
                                                                                                                              
                                                                                                                              
                                                                                                                              
                       