$ADVER,3080,2.4P
$GPRMC,170638.000,A,4532.9661,N,12253.2738,W,58.05,117.91,210324,,,A*47
$GPGGA,170643.000,4532.9280,N,12253.1727,W,1,05,3.2,66.2,M,-19.5,M,,0000*58
$GPGSA,A,3,22,07,17,30,13,,,,,,,,4.8,3.2,3.6*3A
$GPGSV,3,1,12,22,75,287,34,30,57,121,38,17,56,165,37,13,55,259,39*7D
$GPGSV,3,2,12,07,25,121,33,14,75,036,38,19,30,188,35,02,22,071,33*78
$GPGSV,3,3,12,01,19,082,,21,18,055,33,24,04,305,23,08,02,038,*77
$GPRMC,170643.000,A,4532.9280,N,12253.1727,W,57.46,118.19,210324,,,A*4A
$GPVTG,118.19,T,,M,57.46,N,106.4,K,A*3E
$GPGGA,170648.000,4532.8907,N,12253.0734,W,1,05,3.2,63.1,M,-19.5,M,,0000*53
$GPGSA,A,3,22,07,17,30,13,,,,,,,,4.8,3.2,3.6*3A
$GPGSV,3,1,12,22,75,288,34,14,75,036,38,30,57,121,38,17,56,165,37*7D
$GPGSV,3,2,12,13,55,259,39,19,30,188,35,07,24,121,33,02,22,071,30*75
$GPGSV,3,3,12,01,19,082,,21,18,054,26,24,04,305,22,08,02,038,*73
$GPRMC,170648.000,A,4532.8907,N,12253.0734,W,56.48,118.09,210324,,,A*49
$GPVTG,118.09,T,,M,56.48,N,104.6,K,A*30
$GPGGA,170653.000,4532.8543,N,12252.9760,W,1,07,1.5,62.0,M,-19.5,M,,0000*5B
$GPGSA,A,3,22,07,17,30,13,02,19,,,,,,2.8,1.5,2.4*30
$GPGSV,3,1,12,22,75,288,33,14,75,036,38,30,57,121,39,17,56,165,37*7B
$GPGSV,3,2,12,13,55,259,39,19,30,188,35,07,24,121,33,02,22,071,32*77
$GPGSV,3,3,12,01,19,082,,21,18,054,31,24,04,305,17,08,02,038,*73
$GPVTG,118.22,T,,M,55.62,N,103.0,K,A*33
$GPGGA,170658.000,4532.8168,N,12252.8765,W,2,07,1.5,65.3,M,-19.5,M,,0000*5E
$GPGSA,A,3,22,07,17,30,13,02,19,,,,,,2.8,1.5,2.4*30
$GPGSV,3,1,12,22,75,288,25,14,75,036,24,30,57,121,34,17,56,165,30*7B
$GPGSV,3,2,12,13,55,259,31,19,30,188,27,07,24,121,33,02,22,071,28*77
$GPGSV,3,3,12,01,19,082,,21,18,054,31,24,04,305,17,08,02,038,*73
$GPRMC,170658.000,A,4532.8168,N,12252.8765,W,57.98,118.23,210324,,,D*45
$GPVTG,118.23,T,,M,57.98,N,107.4,K,D*30
$GPGGA,170703.000,4532.7791,N,12252.7748,W,2,07,1.5,67.3,M,-19.5,M,,0000*5C
$GPGSA,A,3,22,07,17,30,13,02,19,,,,,,2.8,1.5,2.4*30
$GPGSV,3,1,12,22,75,288,37,14,75,036,39,30,57,121,37,17,56,165,33*74
$GPGSV,3,2,12,13,55,259,38,19,30,188,36,07,24,121,25,02,22,071,32*72
$GPGSV,3,3,12,01,19,082,,21,18,054,33,24,04,305,18,08,02,038,*7E
$GPRMC,170703.000,A,4532.7791,N,12252.7748,W,57.93,118.01,210324,,,D*4E
$GPVTG,118.01,T,,M,57.93,N,107.3,K,D*3C
$GPGGA,170708.000,4532.7416,N,12252.6740,W,2,07,1.5,68.8,M,-19.5,M,2.8,0000*72
$GPGSA,A,3,22,07,17,30,13,02,19,,,,,,2.8,1.5,2.4*30
$GPGSV,3,1,12,22,75,288,37,14,75,036,40,30,57,121,38,17,56,165,34*72
$GPGSV,3,2,12,13,55,259,38,19,30,188,36,07,24,121,24,02,22,071,32*73
$GPGSV,3,3,12,01,19,082,23,21,18,054,34,24,04,305,23,08,02,038,*70
$GPRMC,170708.000,A,4532.7416,N,12252.6740,W,57.36,118.20,210324,,,D*4C
$GPVTG,118.20,T,,M,57.36,N,106.2,K,D*30
$GPGGA,170713.000,4532.7044,N,12252.5748,W,2,07,1.5,70.4,M,-19.5,M,,0000*51
$GPGSA,A,3,22,07,17,30,13,02,19,,,,,,2.8,1.5,2.4*30
$GPGSV,3,1,12,22,75,288,37,14,75,036,40,30,57,121,39,17,56,165,34*73
$GPGSV,3,2,12,13,55,259,38,19,30,188,36,07,24,121,24,02,22,071,32*73
$GPGSV,3,3,12,01,19,082,23,21,18,054,34,24,04,305,26,08,02,038,*75
$GPRMC,170713.000,A,4532.7044,N,12252.5748,W,56.67,118.22,210324,,,D*49
$GPVTG,118.22,T,,M,56.67,N,104.9,K,D*3E
$GPGGA,170718.000,4532.6669,N,12252.4765,W,2,07,1.5,72.0,M,-19.5,M,2.8,0000*7E
$GPGSA,A,3,22,07,17,30,13,02,19,,,,,,2.8,1.5,2.4*30
$GPGSV,3,1,12,22,75,288,37,14,75,036,40,30,57,121,39,17,56,165,34*73
$GPGSV,3,2,12,13,55,259,38,19,30,188,36,07,24,121,23,02,22,071,32*74
$GPGSV,3,3,12,01,19,082,23,21,18,054,35,24,04,305,26,08,02,038,*74
$GPRMC,170718.000,A,4532.6669,N,12252.4765,W,56.44,118.58,210324,,,D*48
$GPVTG,118.58,T,,M,56.44,N,104.5,K,D*3E
$GPGGA,170723.000,4532.6291,N,12252.3786,W,2,07,1.5,73.0,M,-19.5,M,7.8,0000*7B
$GPGSA,A,3,22,07,17,30,13,02,19,,,,,,2.8,1.5,2.4*30
$GPGSV,3,1,12,22,75,288,38,14,75,036,40,30,57,121,39,17,56,165,34*7C
$GPGSV,3,2,12,13,55,259,38,19,30,188,28,07,24,121,22,02,22,071,32*7A
$GPGSV,3,3,12,01,19,082,23,21,18,054,35,24,04,305,26,08,02,038,*74
$GPRMC,170723.000,A,4532.6291,N,12252.3786,W,56.53,118.97,210324,,,D*4C
$GPVTG,118.97,T,,M,56.53,N,104.7,K,D*39
$GPGGA,170728.000,4532.5919,N,12252.2816,W,2,07,1.5,75.3,M,-19.5,M,,0000*5B
$GPGSA,A,3,22,07,17,30,13,02,19,,,,,,2.8,1.5,2.4*30
$GPGSV,3,1,12,22,75,288,38,14,75,036,40,30,57,121,39,17,56,165,35*7D
$GPGSV,3,2,12,13,55,259,38,19,30,188,35,07,24,121,22,02,22,071,32*76
$GPGSV,3,3,12,01,19,082,23,21,18,054,35,24,04,305,26,08,02,038,*74
$GPVTG,118.39,T,,M,55.86,N,103.5,K,D*33
$GPGGA,170733.000,4532.5550,N,12252.1848,W,2,07,1.5,77.3,M,-19.5,M,,0000*5A
$GPGSA,A,3,22,07,17,30,13,02,19,,,,,,2.8,1.5,2.4*30
$GPGSV,3,1,12,22,75,288,38,14,75,036,40,30,57,121,40,17,56,165,35*73
$GPGSV,3,2,12,13,55,259,38,19,30,188,36,07,24,121,22,02,22,071,32*75
$GPGSV,3,3,12,01,19,082,24,21,18,054,35,24,04,305,26,08,02,038,*73
$GPRMC,170733.000,A,4532.5550,N,12252.1848,W,55.58,118.56,210324,,,D*4E
$GPGGA,170738.000,4532.5188,N,12252.0889,W,2,08,1.5,78.8,M,-19.5,M,1.8,0000*70
$GPGSA,A,3,22,07,17,30,13,02,19,14,,,,,2.6,1.5,2.2*3D
$GPGSV,3,1,12,22,75,289,38,14,75,037,40,30,57,122,40,17,56,164,35*71
$GPGSV,3,2,12,13,55,258,38,19,31,188,37,07,24,121,28,02,22,071,32*7E
$GPGSV,3,3,12,21,18,054,35,24,04,305,25,08,02,038,,23,01,332,*77
$GPRMC,170738.000,A,4532.5188,N,12252.0889,W,54.73,118.02,210324,,,D*41
$GPVTG,118.02,T,,M,54.73,N,101.4,K,D*33
$GPGGA,170743.000,4532.4837,N,12251.9946,W,2,08,1.5,79.2,M,-19.5,M,5.8,0000*77
$GPGSA,A,3,22,07,17,30,13,02,19,14,,,,,2.6,1.5,2.2*3D
$GPGSV,3,1,12,22,75,289,36,14,75,037,38,30,57,122,40,17,56,164,34*71
$GPGSV,3,2,12,13,55,258,36,19,31,188,35,07,24,121,27,02,22,071,32*7D
$GPGSV,3,3,12,21,18,054,33,24,04,305,19,08,02,038,,23,01,332,*7E
$GPRMC,170743.000,A,4532.4837,N,12251.9946,W,53.46,118.27,210324,,,D*4F
$GPVTG,118.27,T,,M,53.46,N,99.0,K,D*01
$GPGGA,170748.000,4532.4490,N,12251.9029,W,2,08,1.5,80.7,M,-19.5,M,10.8,0000*4A
$GPGSA,A,3,22,07,17,30,13,02,19,14,,,,,2.6,1.5,2.2*3D
$GPGSV,3,1,12,22,75,289,37,14,75,037,39,30,57,122,40,17,56,164,35*70
$GPGSV,3,2,12,13,55,258,37,19,31,188,37,07,24,121,27,02,22,071,33*7F
$GPGSV,3,3,12,21,18,054,34,24,04,305,27,08,02,038,,23,01,332,*74
$GPRMC,170748.000,A,4532.4490,N,12251.9029,W,52.48,118.08,210324,,,D*47
$GPVTG,118.08,T,,M,52.48,N,97.2,K,D*0F
$GPGGA,170753.000,4532.4145,N,12251.8115,W,2,08,1.5,81.7,M,-19.5,M,0.8,0000*72
$GPGSA,A,3,22,07,17,30,13,02,19,14,,,,,2.6,1.5,2.2*3D
$GPGSV,3,1,12,22,75,289,38,14,75,037,39,30,57,122,40,17,56,164,35*7F
$GPGSV,3,2,12,13,55,258,38,19,31,188,37,07,24,121,28,02,22,071,33*7F
$GPGSV,3,3,12,21,18,054,34,24,04,305,26,08,02,038,,23,01,332,*75
$GPRMC,170753.000,A,4532.4145,N,12251.8115,W,52.92,118.14,210324,,,D*45
$GPVTG,118.14,T,,M,52.92,N,98.0,K,D*08
$GPGGA,170758.000,4532.3791,N,12251.7183,W,2,08,1.5,81.3,M,-19.5,M,1.8,0000*74
$GPGSA,A,3,22,07,17,30,13,02,19,14,,,,,2.6,1.5,2.2*3D
$GPGSV,3,1,12,22,75,289,38,14,75,037,40,30,57,122,40,17,56,164,36*72
$GPGSV,3,2,12,13,55,258,38,19,31,188,37,07,24,121,28,02,22,071,33*7F
$GPGSV,3,3,12,21,18,054,34,24,04,305,17,08,02,038,,23,01,332,*77
$GPRMC,170758.000,A,4532.3791,N,12251.7183,W,54.92,118.10,210324,,,D*44
$GPVTG,118.10,T,,M,54.92,N,101.7,K,D*3C
$GPGGA,170803.000,4532.3421,N,12251.6203,W,2,08,1.5,79.8,M,-19.5,M,1.8,0000*7B
$GPGSA,A,3,22,07,17,30,13,02,19,14,,,,,2.6,1.5,2.2*3D
$GPGSV,3,1,12,22,75,289,38,14,75,037,40,30,57,122,40,17,56,164,36*72
$GPGSV,3,2,12,13,55,258,38,19,31,188,38,07,24,121,29,02,22,071,33*71
$GPGSV,3,3,12,21,18,054,35,24,04,305,16,08,02,038,,23,01,332,*77
$GPVTG,118.16,T,,M,57.67,N,106.8,K,D*3B
$GPGGA,170808.000,4532.3037,N,12251.5182,W,2,09,1.3,75.7,M,-19.5,M,4.8,0000*7B
$GPGSA,A,3,22,07,17,30,13,02,21,19,14,,,,2.3,1.3,1.8*34
$GPGSV,3,1,12,22,76,290,38,14,75,037,40,17,57,164,36,30,56,122,39*77
$GPGSV,3,2,12,13,55,258,39,15,32,294,31,19,31,188,35,07,24,122,30*7A
$GPGSV,3,3,12,02,22,071,33,21,18,054,35,24,05,305,17,08,01,038,*72
$GPRMC,170808.000,A,4532.3037,N,12251.5182,W,59.67,118.08,210324,,,D*48
$GPGGA,170813.000,4532.2648,N,12251.4154,W,2,09,1.3,72.1,M,-19.5,M,3.8,0000*72
$GPGSA,A,3,22,07,17,30,13,02,21,19,14,,,,2.3,1.3,1.8*34
$GPGSV,3,1,12,22,76,290,38,14,75,038,39,17,57,164,36,30,56,122,40*78
$GPGSV,3,2,12,13,55,258,39,15,32,294,31,19,31,188,31,07,24,122,30*7E
$GPGSV,3,3,12,02,22,071,33,21,18,054,35,24,05,305,17,08,01,038,*72
$GPRMC,170813.000,A,4532.2648,N,12251.4154,W,57.61,118.37,210324,,,D*43
$GPVTG,118.37,T,,M,57.61,N,106.7,K,D*31
$GPGGA,170818.000,4532.2284,N,12251.3183,W,2,09,1.3,71.4,M,-19.5,M,2.8,0000*77
$GPGSA,A,3,22,07,17,30,13,02,21,19,14,,,,2.3,1.3,1.8*34
$GPGSV,3,1,12,22,76,290,38,14,74,038,40,17,57,164,36,30,56,122,40*77
$GPGSV,3,2,12,13,55,258,39,15,32,294,32,19,31,188,36,07,24,122,30*7A
$GPGSV,3,3,12,02,22,071,33,21,18,054,35,24,05,305,24,08,01,038,*72
$GPRMC,170818.000,A,4532.2284,N,12251.3183,W,54.40,118.03,210324,,,D*46
$GPVTG,118.03,T,,M,54.40,N,100.7,K,D*30
$GPGGA,170823.000,4532.1927,N,12251.2241,W,2,09,1.3,72.8,M,-19.5,M,1.8,0000*7E
$GPGSA,A,3,22,07,17,30,13,02,21,19,14,,,,2.3,1.3,1.8*34
$GPGSV,3,1,12,22,76,290,38,14,74,038,40,17,57,164,35,30,56,122,40*74
$GPGSV,3,2,12,13,55,258,39,15,32,294,33,19,31,188,36,07,24,122,29*73
$GPGSV,3,3,12,02,22,071,33,21,18,054,35,24,05,305,24,08,01,038,*72
$GPRMC,170823.000,A,4532.1927,N,12251.2241,W,53.90,118.33,210324,,,D*4A
$GPVTG,118.33,T,,M,53.90,N,99.8,K,D*07
$GPGGA,170828.000,4532.1581,N,12251.1323,W,2,09,1.3,75.4,M,-19.5,M,1.8,0000*78
$GPGSA,A,3,22,07,17,30,13,02,21,19,14,,,,2.3,1.3,1.8*34
$GPGSV,3,1,12,22,76,290,38,14,74,038,40,17,57,164,35,30,56,122,40*74
$GPGSV,3,2,12,13,55,258,38,15,32,294,33,19,31,188,37,07,24,122,29*73
$GPGSV,3,3,12,02,22,071,33,21,18,054,35,24,05,305,24,08,01,038,*72
$GPRMC,170828.000,A,4532.1581,N,12251.1323,W,50.90,118.07,210324,,,D*43
$GPVTG,118.07,T,,M,50.90,N,94.3,K,D*05
$GPGGA,170833.000,4532.1242,N,12251.0424,W,2,09,1.3,77.7,M,-19.5,M,1.8,0000*7A
$GPGSA,A,3,22,07,17,30,13,02,21,19,14,,,,2.3,1.3,1.8*34
$GPGSV,3,1,12,22,76,290,39,14,74,038,40,17,57,164,35,30,56,122,40*75
$GPGSV,3,2,12,13,55,258,38,15,32,294,33,19,31,188,37,07,24,122,30*7B
$GPGSV,3,3,12,02,22,071,33,21,18,054,35,24,05,305,25,08,01,038,*73
$GPRMC,170833.000,A,4532.1242,N,12251.0424,W,52.61,118.26,210324,,,D*4F
$GPVTG,118.26,T,,M,52.61,N,97.4,K,D*0E
$GPGGA,170838.000,4532.0895,N,12250.9510,W,2,10,1.0,78.9,M,-19.5,M,3.8,0000*76
$GPGSA,A,3,22,07,17,30,13,02,21,19,14,15,,,1.8,1.0,1.5*36
$GPGSV,3,1,12,22,76,290,39,14,74,038,40,17,57,164,35,30,56,122,40*75
$GPGSV,3,2,12,13,55,257,38,15,32,294,34,19,31,188,37,07,24,122,30*73
$GPRMC,170838.000,A,4532.0895,N,12250.9510,W,51.43,118.16,210324,,,D*4B
$GPVTG,118.16,T,,M,51.43,N,95.2,K,D*0A
$GPGGA,170843.000,4532.0568,N,12250.8644,W,2,10,1.0,79.4,M,-19.5,M,3.8,0000*7A
$GPGSA,A,3,22,07,17,30,13,02,21,19,14,15,,,1.8,1.0,1.5*36
$GPGSV,3,1,12,22,76,291,38,14,74,038,40,17,57,164,35,30,56,122,40*75
$GPGSV,3,2,12,13,55,257,38,15,32,294,34,19,31,188,37,07,24,122,30*73
$GPGSV,3,3,12,02,22,070,33,21,18,054,36,24,05,305,26,08,01,038,*72
$GPRMC,170843.000,A,4532.0568,N,12250.8644,W,49.28,118.01,210324,,,D*49
$GPGGA,170848.000,4532.0249,N,12250.7798,W,2,10,1.0,78.9,M,-19.5,M,2.8,0000*77
$GPGSA,A,3,22,07,17,30,13,02,21,19,14,15,,,1.8,1.0,1.5*36
$GPGSV,3,1,12,22,76,291,38,14,74,038,40,17,57,164,35,30,56,122,40*75
$GPGSV,3,2,12,13,55,257,38,15,32,294,33,19,31,188,37,07,24,122,30*74
$GPGSV,3,3,12,02,22,070,32,21,18,054,36,24,05,305,26,08,01,038,*73
$GPRMC,170848.000,A,4532.0249,N,12250.7798,W,49.03,118.02,210324,,,D*43
$GPVTG,118.02,T,,M,49.03,N,90.8,K,D*0D
$GPGGA,170853.000,4531.9922,N,12250.6934,W,2,10,1.0,77.3,M,-19.5,M,1.8,0000*7E
$GPGSA,A,3,22,07,17,30,13,02,21,19,14,15,,,1.8,1.0,1.5*36
$GPGSV,3,1,12,22,76,291,38,14,74,038,39,17,57,164,35,30,56,122,40*7B
$GPGSV,3,2,12,13,55,257,38,15,32,294,32,19,31,188,37,07,24,122,30*75
$GPGSV,3,3,12,02,22,070,33,21,18,054,36,24,05,305,19,08,01,038,*7E
$GPRMC,170853.000,A,4531.9922,N,12250.6934,W,49.89,118.36,210324,,,D*49
$GPVTG,118.36,T,,M,49.89,N,92.4,K,D*06
$GPGGA,170858.000,4531.9592,N,12250.6062,W,2,10,1.0,74.8,M,-19.5,M,1.8,0000*70
$GPGSA,A,3,22,07,17,30,13,02,21,19,14,15,,,1.8,1.0,1.5*36
$GPGSV,3,1,12,22,76,291,38,14,74,038,39,17,57,164,35,30,56,122,39*75
$GPGSV,3,2,12,13,55,257,38,15,32,294,32,19,31,188,38,07,24,122,31*7B
$GPGSV,3,3,12,02,22,070,33,21,18,054,36,24,05,305,,08,01,038,*76
$GPRMC,170858.000,A,4531.9592,N,12250.6062,W,50.33,118.21,210324,,,D*40
$GPVTG,118.21,T,,M,50.33,N,93.2,K,D*0E
$GPGGA,170903.000,4531.9268,N,12250.5197,W,2,10,1.0,71.7,M,-19.5,M,3.8,0000*7D
$GPGSA,A,3,22,07,17,30,13,02,21,19,14,15,,,1.8,1.0,1.5*36
$GPGSV,3,1,12,22,76,291,35,14,74,038,37,17,57,164,35,30,56,122,37*78
$GPGSV,3,2,12,13,55,257,32,15,32,294,19,19,31,188,37,07,24,122,28*7F
$GPGSV,3,3,12,02,22,070,31,21,18,054,32,24,05,305,,08,01,038,*70
$GPRMC,170903.000,A,4531.9268,N,12250.5197,W,48.82,117.71,210324,,,D*4C
$GPVTG,117.71,T,,M,48.82,N,90.4,K,D*02
$GPGGA,170908.000,4531.8953,N,12250.4359,W,2,10,1.0,69.7,M,-19.5,M,8.8,0000*77
$GPGSA,A,3,22,07,17,30,13,02,21,19,14,15,,,1.8,1.0,1.5*36
$GPGSV,3,1,12,22,76,291,38,14,74,038,39,17,57,164,35,30,56,122,40*7B
$GPGSV,3,2,12,13,55,257,38,15,32,294,32,19,31,188,38,07,24,122,31*7B
$GPGSV,3,3,12,02,22,070,31,21,18,054,34,24,05,305,,08,01,038,*76
$GPRMC,170908.000,A,4531.8953,N,12250.4359,W,47.74,118.01,210324,,,D*4A
$GPVTG,118.01,T,,M,47.74,N,88.4,K,D*05
$GPGGA,170913.000,4531.8642,N,12250.3539,W,2,10,1.0,68.9,M,-19.5,M,1.8,0000*73
$GPGSA,A,3,22,07,17,30,13,02,21,19,14,15,,,1.8,1.0,1.5*36
$GPGSV,3,1,12,22,76,291,38,14,74,038,40,17,57,164,35,30,56,122,40*75
$GPGSV,3,2,12,13,55,257,38,15,32,294,33,19,31,188,38,07,24,122,31*7A
$GPGSV,3,3,12,02,22,070,31,21,18,053,35,24,05,305,27,23,01,331,*76
$GPRMC,170913.000,A,4531.8642,N,12250.3539,W,46.57,118.26,210324,,,D*4D
$GPVTG,118.26,T,,M,46.57,N,86.3,K,D*09
$GPGGA,170918.000,4531.8348,N,12250.2765,W,2,09,1.0,67.9,M,-19.5,M,3.8,0000*78
$GPGSA,A,3,22,07,17,30,13,02,21,19,15,,,,2.0,1.0,1.8*35
$GPGSV,3,1,12,22,76,292,25,14,74,039,,17,57,164,24,30,56,122,31*79
$GPGSV,3,2,12,13,55,257,24,15,32,293,14,19,31,188,30,07,23,122,28*72
$GPGSV,3,3,12,02,22,070,22,21,18,053,26,24,05,305,27,23,01,331,*76
$GPVTG,118.90,T,,M,43.65,N,80.8,K,D*0D
$GPGGA,170923.000,4531.8049,N,12250.1974,W,2,10,1.0,69.1,M,-19.5,M,8.8,0000*7A
$GPGSA,A,3,22,07,17,30,13,02,21,19,14,15,,,1.8,1.0,1.5*36
$GPGSV,3,1,12,22,76,292,37,14,74,039,40,17,57,164,33,30,56,122,39*70
$GPGSV,3,2,12,13,55,257,36,15,32,293,33,19,31,188,36,07,23,122,31*7A
$GPGSV,3,3,12,02,22,070,30,21,18,053,35,24,05,305,26,23,01,331,*76
$GPRMC,170923.000,A,4531.8049,N,12250.1974,W,45.94,118.13,210324,,,D*4E
$GPGGA,170928.000,4531.7747,N,12250.1181,W,2,10,1.0,71.2,M,-19.5,M,13.8,0000*45
$GPGSA,A,3,22,07,17,30,13,02,21,19,14,15,,,1.8,1.0,1.5*36
$GPGSV,3,1,12,22,76,292,38,14,74,039,40,17,57,164,34,30,56,122,40*76
$GPGSV,3,2,12,13,55,257,37,15,32,293,34,19,31,188,36,07,23,122,32*7F
$GPGSV,3,3,12,02,22,070,31,21,18,053,35,24,05,305,27,23,01,331,*76
$GPRMC,170928.000,A,4531.7747,N,12250.1181,W,44.53,118.10,210324,,,D*48
$GPVTG,118.10,T,,M,44.53,N,82.5,K,D*08
$GPGGA,170933.000,4531.7454,N,12250.0407,W,1,10,1.0,73.5,M,-19.5,M,,0000*56
$GPGSA,A,3,22,07,17,30,13,02,21,19,14,15,,,1.8,1.0,1.5*36
$GPGSV,3,1,12,22,76,292,38,14,74,039,40,17,57,164,34,30,56,122,40*76
$GPGSV,3,2,12,13,55,257,37,15,32,293,35,19,31,188,34,07,23,122,32*7C
$GPGSV,3,3,12,02,22,070,31,21,18,053,35,24,05,305,27,23,01,331,*76
$GPRMC,170933.000,A,4531.7454,N,12250.0407,W,44.92,118.28,210324,,,A*4A
$GPVTG,118.28,T,,M,44.92,N,83.2,K,A*0D
$GPGGA,170938.000,4531.7152,N,12249.9605,W,1,10,1.0,75.7,M,-19.5,M,,0000*5B
$GPGSA,A,3,22,07,17,30,13,02,21,19,14,15,,,1.8,1.0,1.5*36
$GPGSV,3,1,12,22,76,292,39,14,74,039,40,17,57,164,35,30,56,122,40*76
$GPGSV,3,2,12,13,55,257,38,15,32,293,35,19,31,188,36,07,23,122,33*70
$GPGSV,3,3,12,02,22,070,32,21,18,053,36,24,05,305,27,23,01,331,*76
$GPRMC,170938.000,A,4531.7152,N,12249.9605,W,46.83,118.17,210324,,,A*4D
$GPVTG,118.17,T,,M,46.83,N,86.7,K,A*03
$GPGGA,170943.000,4531.6841,N,12249.8788,W,1,10,1.0,77.0,M,-19.5,M,,0000*5D
$GPGSA,A,3,22,07,17,30,13,02,21,19,14,15,,,1.8,1.0,1.5*36
$GPGSV,3,1,12,22,76,292,39,14,74,039,40,17,57,164,35,30,56,122,40*76
$GPGSV,3,2,12,13,55,256,38,15,32,293,35,19,31,188,37,07,23,122,33*70
$GPGSV,3,3,12,02,22,070,33,21,18,053,35,24,05,305,25,23,01,331,*76
$GPRMC,170943.000,A,4531.6841,N,12249.8788,W,45.97,118.16,210324,,,A*49
$GPVTG,118.16,T,,M,45.97,N,85.1,K,A*01
$GPGGA,170948.000,4531.6539,N,12249.7988,W,1,10,1.0,77.9,M,-19.5,M,,0000*5C
$GPGSA,A,3,22,07,17,30,13,02,21,19,14,15,,,1.8,1.0,1.5*36
$GPGSV,3,1,12,22,76,292,39,14,74,039,40,17,57,164,36,30,56,122,40*75
$GPGSV,3,2,12,13,55,256,38,15,32,293,35,19,32,188,37,07,23,122,33*73
$GPGSV,3,3,12,02,22,070,33,21,18,053,35,24,05,305,21,23,01,331,*72
$GPRMC,170948.000,A,4531.6539,N,12249.7988,W,46.21,118.15,210324,,,A*4C
$GPVTG,118.15,T,,M,46.21,N,85.6,K,A*0B
$GPGGA,170953.000,4531.6236,N,12249.7184,W,2,10,1.0,78.4,M,-19.5,M,1.8,0000*7C
$GPGSA,A,3,22,07,17,30,13,02,21,19,14,15,,,1.8,1.0,1.5*36
$GPGSV,3,1,12,22,76,292,39,14,74,039,40,17,57,164,36,30,56,122,40*75
$GPGSV,3,2,12,13,55,256,38,15,32,293,35,19,32,188,37,07,23,122,33*73
$GPRMC,170953.000,A,4531.6236,N,12249.7184,W,46.71,118.33,210324,,,D*4E
$GPVTG,118.33,T,,M,46.71,N,86.5,K,D*0F
$GPGGA,170958.000,4531.5927,N,12249.6367,W,2,10,1.0,78.9,M,-19.5,M,1.8,0000*7C
$GPGSA,A,3,22,07,17,30,13,02,21,19,14,15,,,1.8,1.0,1.5*36
$GPGSV,3,1,12,22,76,292,39,14,74,039,40,17,57,164,36,30,56,122,41*74
$GPGSV,3,2,12,13,55,256,38,15,32,293,35,19,32,188,38,07,23,122,33*7C
$GPGSV,3,3,12,02,22,070,33,21,18,053,35,24,05,305,28,23,01,331,*7B
$GPRMC,170958.000,A,4531.5927,N,12249.6367,W,47.47,118.12,210324,,,D*44
$GPGGA,171003.000,4531.5605,N,12249.5524,W,2,10,1.0,79.4,M,-19.5,M,1.8,0000*7B
$GPGSA,A,3,22,07,17,30,13,02,21,19,14,15,,,1.8,1.0,1.5*36
$GPGSV,3,1,12,22,76,292,39,14,74,039,40,17,57,164,36,30,56,122,41*74
$GPGSV,3,2,12,13,55,256,38,15,32,293,35,19,32,188,37,07,23,122,33*73
$GPGSV,3,3,12,02,22,070,34,21,18,053,35,24,05,305,28,23,01,331,*7C
$GPRMC,171003.000,A,4531.5605,N,12249.5524,W,49.16,118.52,210324,,,D*41
$GPVTG,118.52,T,,M,49.16,N,91.0,K,D*05
$GPGGA,171008.000,4531.5283,N,12249.4669,W,2,10,1.0,80.1,M,-19.5,M,2.8,0000*71
$GPGSA,A,3,22,07,17,30,13,02,21,19,14,15,,,1.8,1.0,1.5*36
$GPGSV,3,1,12,22,76,292,39,14,74,039,40,17,57,164,36,30,56,122,41*74
$GPGSV,3,2,12,13,55,256,38,15,32,293,35,19,32,188,38,07,23,122,34*7B
$GPGSV,3,3,12,02,22,070,34,21,18,053,35,24,05,305,28,23,01,331,*7C
$GPRMC,171008.000,A,4531.5283,N,12249.4669,W,48.21,118.02,210324,,,D*4B
$GPVTG,118.02,T,,M,48.21,N,89.3,K,D*0F
$GPGGA,171013.000,4531.4966,N,12249.3831,W,2,10,1.0,80.3,M,-19.5,M,5.8,0000*7B
$GPGSA,A,3,22,07,17,30,13,02,21,19,14,15,,,1.8,1.0,1.5*36
$GPGSV,3,1,12,22,76,292,39,14,74,039,40,17,57,164,36,30,56,122,41*74
$GPGSV,3,2,12,13,55,256,38,15,32,293,35,19,32,188,31,07,23,122,34*72
$GPGSV,3,3,12,02,22,070,35,21,18,053,35,24,05,305,27,23,01,331,*72
$GPRMC,171013.000,A,4531.4966,N,12249.3831,W,48.55,118.31,210324,,,D*47
$GPVTG,118.31,T,,M,48.55,N,89.9,K,D*06
$GPGGA,171018.000,4531.4644,N,12249.2981,W,2,10,1.0,80.5,M,-19.5,M,1.8,0000*76
$GPGSA,A,3,22,07,17,30,13,02,21,19,14,15,,,1.8,1.0,1.5*36
$GPGSV,3,1,12,22,76,293,39,14,74,039,40,17,58,164,36,30,55,123,41*78
$GPGSV,3,2,12,13,55,256,38,15,32,293,35,19,32,188,34,07,23,122,34*77
$GPGSV,3,3,12,02,22,070,34,21,18,053,35,24,05,305,27,23,01,331,*73
$GPRMC,171018.000,A,4531.4644,N,12249.2981,W,48.21,117.97,210324,,,D*48
$GPVTG,117.97,T,,M,48.21,N,89.3,K,D*0C
$GPGGA,171023.000,4531.4333,N,12249.2161,W,2,10,1.0,81.2,M,-19.5,M,1.8,0000*7B
$GPGSA,A,3,22,07,17,30,13,02,21,19,14,15,,,1.8,1.0,1.5*36
$GPGSV,3,1,12,22,76,293,39,14,74,039,40,17,58,164,36,30,55,123,42*7B
$GPGSV,3,2,12,13,55,256,38,15,32,293,35,19,32,188,37,07,23,122,34*74
$GPGSV,3,3,12,02,22,070,29,21,18,053,34,24,05,305,28,23,01,331,*71
$GPRMC,171023.000,A,4531.4333,N,12249.2161,W,46.82,118.44,210324,,,D*45
$GPVTG,118.44,T,,M,46.82,N,86.7,K,D*01
$GPGGA,171028.000,4531.4027,N,12249.1353,W,2,11,0.9,82.3,M,-19.5,M,1.8,0000*7D
$GPGSA,A,3,22,07,17,30,13,02,21,19,14,24,15,,1.5,0.9,1.2*32
$GPGSV,3,1,12,22,76,293,39,14,74,039,40,17,58,164,36,30,55,123,42*7B
$GPGSV,3,2,12,13,55,256,38,15,32,293,35,19,32,188,38,07,23,122,34*7B
$GPGSV,3,3,12,02,22,070,32,21,18,053,34,24,05,305,28,23,01,331,*7B
$GPRMC,171028.000,A,4531.4027,N,12249.1353,W,46.88,118.28,210324,,,D*48
$GPVTG,118.28,T,,M,46.88,N,86.8,K,D*0E
$GPGGA,171033.000,4531.3722,N,12249.0541,W,2,11,0.9,83.0,M,-19.5,M,1.8,0000*74
$GPGSA,A,3,22,07,17,30,13,02,21,19,14,24,15,,1.5,0.9,1.2*32
$GPGSV,3,1,12,22,76,294,39,14,74,040,40,17,58,164,36,30,55,123,42*72
$GPGSV,3,2,12,13,55,256,38,19,32,188,38,15,32,293,35,07,23,122,34*7B
$GPRMC,171033.000,A,4531.3722,N,12249.0541,W,47.15,118.29,210324,,,D*47
$GPVTG,118.29,T,,M,47.15,N,87.3,K,D*00
$GPGGA,171038.000,4531.3411,N,12248.9714,W,2,11,0.9,82.9,M,-19.5,M,3.8,0000*7C
$GPGSA,A,3,22,07,17,30,13,02,21,19,14,24,15,,1.5,0.9,1.2*32
$GPGSV,3,1,12,22,76,294,39,14,74,040,40,17,58,164,36,30,55,123,42*72
$GPGSV,3,2,12,13,55,256,38,19,32,188,38,15,32,293,35,07,23,122,34*7B
$GPGSV,3,3,12,02,22,070,34,21,18,053,34,24,05,305,26,23,01,331,*73
$GPRMC,171038.000,A,4531.3411,N,12248.9714,W,47.28,118.27,210324,,,D*45
$GPGGA,171043.000,4531.3103,N,12248.8893,W,2,10,1.0,82.6,M,-19.5,M,5.8,0000*77
$GPGSA,A,3,22,07,17,30,13,02,21,19,14,15,,,1.8,1.0,1.5*36
$GPGSV,3,1,12,22,76,294,38,14,74,040,39,17,58,164,36,30,55,123,40*7F
$GPGSV,3,2,12,13,55,256,38,19,32,188,38,15,32,293,32,07,23,122,33*7B
$GPGSV,3,3,12,02,22,070,34,21,18,053,34,24,05,305,15,23,01,331,*73
$GPRMC,171043.000,A,4531.3103,N,12248.8893,W,47.34,118.08,210324,,,D*4E
$GPVTG,118.08,T,,M,47.34,N,87.7,K,D*04
$GPGGA,171048.000,4531.2795,N,12248.8075,W,2,11,0.9,81.4,M,-19.5,M,10.8,0000*48
$GPGSA,A,3,22,07,17,30,13,02,21,19,14,24,15,,1.5,0.9,1.2*32
$GPGSV,3,1,12,22,76,294,38,14,74,040,39,17,58,164,36,30,55,123,41*7E
$GPGSV,3,2,12,13,55,256,38,19,32,188,39,15,32,293,34,07,23,122,34*7B
$GPGSV,3,3,12,02,22,070,34,21,18,053,34,24,05,305,27,23,01,331,*72
$GPRMC,171048.000,A,4531.2795,N,12248.8075,W,46.66,118.34,210324,,,D*44
$GPVTG,118.34,T,,M,46.66,N,86.4,K,D*0F
$GPGGA,171053.000,4531.2497,N,12248.7277,W,2,11,0.9,80.7,M,-19.5,M,15.8,0000*4B
$GPGSA,A,3,22,07,17,30,13,02,21,19,14,24,15,,1.5,0.9,1.2*32
$GPGSV,3,1,12,22,76,294,38,14,74,040,39,17,58,164,36,30,55,123,41*7E
$GPGSV,3,2,12,13,55,256,39,19,32,188,39,15,32,293,34,07,23,122,35*7B
$GPGSV,3,3,12,02,22,070,34,21,18,053,35,24,05,305,27,23,01,331,*73
$GPRMC,171053.000,A,4531.2497,N,12248.7277,W,45.66,116.34,210324,,,D*4D
$GPVTG,116.34,T,,M,45.66,N,84.6,K,D*02
$GPGGA,171058.000,4531.2188,N,12248.6421,W,1,11,0.9,81.0,M,-19.5,M,,0000*58
$GPGSA,A,3,22,07,17,30,13,02,21,19,14,24,15,,1.5,0.9,1.2*32
$GPGSV,3,1,12,22,76,294,23,14,74,040,23,17,58,164,24,30,55,123,29*72
$GPGSV,3,2,12,13,55,256,23,19,32,188,24,15,32,293,18,07,23,122,21*77
$GPGSV,3,3,12,02,22,070,25,21,18,053,19,24,05,305,12,23,01,331,*7B
$GPRMC,171058.000,A,4531.2188,N,12248.6421,W,50.76,116.50,210324,,,A*4B
$GPVTG,116.50,T,,M,50.76,N,94.0,K,A*07
$GPGGA,171103.000,4531.1850,N,12248.5504,W,1,10,1.0,80.1,M,-19.5,M,,0000*54
$GPGSA,A,3,22,07,17,30,13,02,21,19,14,15,,,1.8,1.0,1.5*36
$GPGSV,3,1,12,22,76,294,21,14,74,040,25,17,58,164,21,30,55,123,29*73
$GPGSV,3,2,12,13,55,256,27,19,32,188,21,15,32,293,16,07,23,122,21*78
$GPGSV,3,3,12,02,22,070,27,21,18,053,19,24,05,305,,23,01,331,*7A
$GPRMC,171103.000,A,4531.1850,N,12248.5504,W,52.88,117.49,210324,,,A*44
$GPVTG,117.49,T,,M,52.88,N,97.9,K,A*07
$GPGGA,171108.000,4531.1499,N,12248.4566,W,1,10,1.0,78.7,M,-19.5,M,,0000*52
$GPGSA,A,3,22,07,17,30,13,02,21,19,14,15,,,1.8,1.0,1.5*36
$GPGSV,3,1,12,22,76,294,26,14,74,040,25,17,58,164,29,30,55,123,27*72
$GPGSV,3,2,12,13,55,256,25,19,32,188,21,15,32,293,20,07,23,122,30*7F
$GPGSV,3,3,12,02,22,070,31,21,18,053,28,24,05,305,,23,01,331,*7F
$GPRMC,171108.000,A,4531.1499,N,12248.4566,W,54.01,117.99,210324,,,A*49
$GPVTG,117.99,T,,M,54.01,N,100.0,K,A*3B
$GPGGA,171113.000,4531.1142,N,12248.3628,W,1,10,1.0,78.5,M,-19.5,M,,0000*57
$GPGSA,A,3,22,07,17,30,13,02,21,19,14,15,,,1.8,1.0,1.5*36
$GPGSV,3,1,12,22,76,294,25,14,74,040,25,17,58,164,29,30,55,123,25*73
$GPGSV,3,2,12,13,55,256,18,19,32,188,16,15,32,293,21,07,23,122,31*75
$GPGSV,3,3,12,02,22,070,32,21,18,053,28,24,05,305,,23,01,331,*7C
$GPVTG,118.61,T,,M,53.76,N,99.6,K,A*03
$GPGGA,171118.000,4531.0783,N,12248.2698,W,1,10,1.0,80.7,M,-19.5,M,,0000*59
$GPGSA,A,3,22,07,17,30,13,02,21,19,14,15,,,1.8,1.0,1.5*36
$GPGSV,3,1,12,22,76,295,25,14,73,040,26,17,58,163,29,30,55,123,27*73
$GPGSV,3,2,12,13,55,255,18,19,32,188,22,15,32,292,21,07,23,122,31*70
$GPGSV,3,3,12,02,22,069,32,21,18,053,28,24,06,305,,23,01,331,*77
$GPRMC,171118.000,A,4531.0783,N,12248.2698,W,53.57,118.16,210324,,,A*49
$GPGGA,171123.000,4531.0430,N,12248.1765,W,1,10,1.0,81.5,M,-19.5,M,,0000*59
$GPGSA,A,3,22,07,17,30,13,02,21,19,14,15,,,1.8,1.0,1.5*36
$GPGSV,3,1,12,22,76,295,25,14,73,040,27,17,58,163,18,30,55,123,27*70
$GPGSV,3,2,12,13,55,255,28,19,32,188,22,15,32,292,21,07,23,122,28*7B
$GPGSV,3,3,12,02,22,069,32,21,18,053,25,24,06,305,,23,01,331,*7A
$GPRMC,171123.000,A,4531.0430,N,12248.1765,W,53.90,118.14,210324,,,A*43
$GPVTG,118.14,T,,M,53.90,N,99.8,K,A*07
$GPGGA,171128.000,4531.0078,N,12248.0857,W,1,11,0.9,82.8,M,-19.5,M,,0000*52
$GPGSA,A,3,22,07,17,30,13,02,21,19,14,15,24,,1.5,0.9,1.2*32
$GPGSV,3,1,12,22,76,295,25,14,73,040,26,17,58,163,23,30,55,123,26*78
$GPGSV,3,2,12,13,55,255,26,19,32,188,23,15,32,292,27,07,23,122,25*7F
$GPGSV,3,3,12,02,22,069,25,21,18,053,22,24,06,305,20,23,01,331,*79
$GPRMC,171128.000,A,4531.0078,N,12248.0857,W,53.03,118.72,210324,,,A*45
$GPVTG,118.72,T,,M,53.03,N,98.2,K,A*06
$GPGGA,171133.000,4530.9740,N,12247.9959,W,1,11,0.9,85.0,M,-19.5,M,,0000*5A
$GPGSA,A,3,22,07,17,30,13,02,21,19,14,15,24,,1.5,0.9,1.2*32
$GPGSV,3,1,12,22,76,295,24,14,73,040,27,17,58,163,20,30,55,123,19*77
$GPGSV,3,2,12,13,55,255,25,19,32,188,23,15,32,292,27,07,23,122,24*7D
$GPGSV,3,3,12,02,22,069,25,21,18,053,22,24,06,305,19,23,01,331,*73
$GPRMC,171133.000,A,4530.9740,N,12247.9959,W,51.49,119.10,210324,,,A*4B
$GPVTG,119.10,T,,M,51.49,N,95.4,K,A*04
$GPGGA,171138.000,4530.9420,N,12247.9083,W,1,11,0.9,90.3,M,-19.5,M,,0000*5D
$GPGSA,A,3,22,07,17,30,13,02,21,19,14,15,24,,1.5,0.9,1.2*32
$GPGSV,3,1,12,22,76,295,24,14,73,040,27,17,58,163,21,30,55,123,19*76
$GPGSV,3,2,12,13,55,255,25,19,32,188,23,15,32,292,27,07,23,122,24*7D
$GPGSV,3,3,12,02,22,069,27,21,18,053,22,24,06,305,14,23,01,331,*7C
$GPRMC,171138.000,A,4530.9420,N,12247.9083,W,49.51,117.76,210324,,,A*45
$GPVTG,117.76,T,,M,49.51,N,91.7,K,A*0D
$GPGGA,171143.000,4530.9107,N,12247.8242,W,1,10,1.0,96.4,M,-19.5,M,,0000*57
$GPGSA,A,3,22,07,17,30,13,02,21,19,14,15,,,1.8,1.0,1.5*36
$GPGSV,3,1,12,22,76,295,23,14,73,040,26,17,58,163,21,30,55,123,20*7A
$GPGSV,3,2,12,13,55,255,25,19,32,188,23,15,32,292,26,07,23,122,23*7B
$GPGSV,3,3,12,02,22,069,29,21,18,053,23,24,06,305,,23,01,331,*76
$GPRMC,171143.000,A,4530.9107,N,12247.8242,W,47.40,118.39,210324,,,A*4D
$GPVTG,118.39,T,,M,47.40,N,87.8,K,A*0F
$GPGGA,171148.000,4530.8798,N,12247.7425,W,1,10,1.0,105.8,M,-19.5,M,,0000*62
$GPGSA,A,3,22,07,17,30,13,02,21,19,14,15,,,1.8,1.0,1.5*36
$GPGSV,3,1,12,22,76,296,21,14,73,041,26,17,58,163,21,13,55,255,24*7D
$GPGSV,3,2,12,30,55,123,24,19,32,188,24,15,32,292,26,07,23,123,22*7E
$GPRMC,171148.000,A,4530.8798,N,12247.7425,W,45.57,117.63,210324,,,A*4B
$GPVTG,117.63,T,,M,45.57,N,84.4,K,A*04
$GPGGA,171153.000,4530.8515,N,12247.6638,W,1,11,0.9,109.7,M,-19.5,M,,0000*6A
$GPGSA,A,3,22,07,17,30,13,02,21,19,14,15,24,,1.5,0.9,1.2*32
$GPGSV,3,1,12,22,76,296,22,14,73,041,27,17,58,163,21,13,55,255,24*7F
$GPGSV,3,2,12,30,55,123,23,19,32,188,26,15,32,292,26,07,23,123,24*7D
$GPGSV,3,3,12,02,22,069,30,21,17,052,24,24,06,305,20,23,01,331,*75
$GPRMC,171153.000,A,4530.8515,N,12247.6638,W,45.89,117.55,210324,,,A*4F
$GPGGA,171158.000,4530.8217,N,12247.5821,W,1,10,0.9,116.8,M,-19.5,M,,0000*61
$GPGSA,A,3,22,07,30,13,02,21,19,14,15,24,,,1.5,0.9,1.2*34
$GPGSV,3,1,12,22,76,296,22,14,73,041,27,17,58,163,12,13,55,255,24*7F
$GPGSV,3,2,12,30,55,123,24,19,32,188,26,15,32,292,20,07,23,123,25*7D
$GPGSV,3,3,12,02,22,069,31,21,17,052,25,24,06,305,18,23,01,331,*7E
$GPRMC,171158.000,A,4530.8217,N,12247.5821,W,46.33,117.26,210324,,,A*42
$GPVTG,117.26,T,,M,46.33,N,85.8,K,A*09
$GPGGA,171203.000,4530.7908,N,12247.4980,W,1,10,0.9,123.1,M,-19.5,M,,0000*62
$GPGSA,A,3,22,07,30,13,02,21,19,14,15,24,,,1.5,0.9,1.2*34
$GPGSV,3,1,12,22,76,296,22,14,73,041,27,17,58,163,,13,55,255,23*7B
$GPGSV,3,2,12,30,55,123,24,19,32,188,27,15,32,292,19,07,23,123,25*76
$GPGSV,3,3,12,02,22,069,31,21,17,052,26,24,06,305,18,23,01,331,*7D
$GPRMC,171203.000,A,4530.7908,N,12247.4980,W,48.80,117.14,210324,,,A*49
$GPVTG,117.14,T,,M,48.80,N,90.4,K,A*06
$GPGGA,171208.000,4530.7596,N,12247.4118,W,1,11,0.9,126.0,M,-19.5,M,,0000*6E
$GPGSA,A,3,22,07,17,30,13,02,21,19,14,15,24,,1.5,0.9,1.2*32
$GPGSV,3,1,12,22,76,296,22,14,73,041,26,17,58,163,17,13,55,255,22*7D
$GPGSV,3,2,12,30,55,123,25,19,32,188,27,15,32,292,19,07,23,123,25*77
$GPGSV,3,3,12,02,22,069,31,21,17,052,26,24,06,305,18,23,01,331,*7D
$GPRMC,171208.000,A,4530.7596,N,12247.4118,W,48.49,117.26,210324,,,A*44
$GPVTG,117.26,T,,M,48.49,N,89.8,K,A*06
$GPGGA,171213.000,4530.7278,N,12247.3257,W,1,11,0.9,128.5,M,-19.5,M,,0000*67
$GPGSA,A,3,22,07,17,30,13,02,21,19,14,15,24,,1.5,0.9,1.2*32
$GPGSV,3,1,12,22,77,296,22,14,73,041,26,17,59,163,18,13,55,254,22*73
$GPGSV,3,2,12,30,55,123,25,19,33,188,27,15,32,292,19,02,22,069,31*78
$GPGSV,3,3,12,07,22,123,25,21,17,052,21,24,06,305,18,23,01,330,*74
$GPRMC,171213.000,A,4530.7278,N,12247.3257,W,48.28,117.85,210324,,,A*48
$GPVTG,117.85,T,,M,48.28,N,89.4,K,A*04
$GPGGA,171218.000,4530.6962,N,12247.2389,W,1,11,0.9,134.0,M,-19.5,M,,0000*66
$GPGSA,A,3,22,07,17,30,13,02,21,19,14,15,24,,1.5,0.9,1.2*32
$GPGSV,3,1,12,22,77,297,22,14,73,041,26,17,59,163,18,13,55,254,22*72
$GPGSV,3,2,12,30,55,123,25,19,33,188,26,15,32,292,19,02,22,069,31*79
$GPGSV,3,3,12,07,22,123,25,21,17,052,24,24,06,305,18,23,01,330,*71
$GPRMC,171218.000,A,4530.6962,N,12247.2389,W,50.28,118.02,210324,,,A*48
$GPVTG,118.02,T,,M,50.28,N,93.1,K,A*03
$GPGGA,171223.000,4530.6614,N,12247.1502,W,1,11,0.9,133.8,M,-19.5,M,,0000*69
$GPGSA,A,3,22,07,17,30,13,02,21,19,14,15,24,,1.5,0.9,1.2*32
$GPGSV,3,1,12,22,77,297,23,14,73,041,25,17,59,163,21,13,55,254,22*7A
$GPGSV,3,2,12,30,55,123,25,19,33,188,26,15,32,292,19,02,22,069,30*78
$GPGSV,3,3,12,07,22,123,24,21,17,052,19,24,06,305,19,23,01,330,*7F
$GPRMC,171223.000,A,4530.6614,N,12247.1502,W,51.72,118.34,210324,,,A*43
$GPVTG,118.34,T,,M,51.72,N,95.8,K,A*07
$GPGGA,171228.000,4530.6274,N,12247.0575,W,1,10,0.9,135.1,M,-19.5,M,,0000*6F
$GPGSA,A,3,22,07,30,13,02,21,19,14,15,24,,,1.5,0.9,1.2*34
$GPGSV,3,1,12,22,77,297,24,14,73,041,25,17,59,163,,13,55,254,22*7E
$GPGSV,3,2,12,30,55,123,26,19,33,188,26,15,32,292,18,02,22,069,31*7B
$GPGSV,3,3,12,07,22,123,26,21,17,052,25,24,06,305,18,23,01,330,*73
$GPVTG,117.50,T,,M,53.59,N,99.2,K,A*07
$GPGGA,171233.000,4530.5930,N,12246.9623,W,1,10,0.9,136.9,M,-19.5,M,,0000*6E
$GPGSA,A,3,22,07,30,13,02,21,19,14,15,24,,,1.5,0.9,1.2*34
$GPGSV,3,1,12,22,77,297,24,14,73,041,25,17,59,163,,13,55,254,23*7F
$GPGSV,3,2,12,30,55,123,27,19,33,188,27,15,32,292,18,02,22,069,31*7B
$GPGSV,3,3,12,07,22,123,27,21,17,052,26,24,06,305,18,23,01,330,*71
$GPRMC,171233.000,A,4530.5930,N,12246.9623,W,54.46,117.23,210324,,,A*4A
$GPVTG,117.23,T,,M,54.46,N,100.9,K,A*30
$GPGGA,171238.000,4530.5586,N,12246.8659,W,1,10,0.9,139.4,M,-19.5,M,,0000*6A
$GPGSA,A,3,22,07,30,13,02,21,19,14,15,24,,,1.5,0.9,1.2*34
$GPGSV,3,1,12,22,77,297,24,14,73,041,25,17,59,163,,13,55,254,29*75
$GPGSV,3,2,12,30,55,123,27,19,33,188,21,15,32,292,26,02,22,069,31*70
$GPGSV,3,3,12,07,22,123,23,21,17,052,16,24,06,305,17,23,01,330,*79
$GPRMC,171238.000,A,4530.5586,N,12246.8659,W,54.97,116.94,210324,,,A*4D
$GPVTG,116.94,T,,M,54.97,N,101.8,K,A*31
$GPGGA,171243.000,4530.5235,N,12246.7694,W,1,11,0.9,141.5,M,-19.5,M,,0000*68
$GPGSA,A,3,22,07,17,30,13,02,21,19,14,15,24,,1.5,0.9,1.2*32
$GPGSV,3,1,12,22,77,297,16,14,73,041,26,17,59,163,24,13,55,254,22*7A
$GPGSV,3,2,12,30,55,123,28,19,33,188,19,15,32,292,19,02,22,069,35*7C
$GPGSV,3,3,12,07,22,123,32,21,17,052,28,24,06,305,16,23,01,330,*75
$GPRMC,171243.000,A,4530.5235,N,12246.7694,W,56.17,115.96,210324,,,A*4B
$GPVTG,115.96,T,,M,56.17,N,104.0,K,A*37
$GPGGA,171248.000,4530.4897,N,12246.6674,W,1,11,0.9,144.3,M,-19.5,M,,0000*6C
$GPGSA,A,3,22,07,17,30,13,02,21,19,14,15,24,,1.5,0.9,1.2*32
$GPGSV,3,1,12,22,77,298,18,14,73,042,26,17,59,163,25,13,55,254,14*7C
$GPGSV,3,2,12,30,54,123,23,19,33,188,20,15,32,292,25,02,22,069,25*72
$GPGSV,3,3,12,07,22,123,31,21,17,052,30,24,06,305,16,23,01,330,*7F
$GPRMC,171248.000,A,4530.4897,N,12246.6674,W,56.67,113.83,210324,,,A*49
$GPVTG,113.83,T,,M,56.67,N,104.9,K,A*3B
$GPGGA,171253.000,4530.4599,N,12246.5631,W,1,11,0.9,146.0,M,-19.5,M,,0000*66
$GPGSA,A,3,22,07,17,30,13,02,21,19,14,15,24,,1.5,0.9,1.2*32
$GPGSV,3,1,12,22,77,298,20,14,73,042,27,17,59,163,26,13,55,254,15*74
$GPGSV,3,2,12,30,54,123,15,19,33,188,21,15,32,292,26,02,22,069,28*78
$GPGSV,3,3,12,07,22,123,30,21,17,052,30,24,06,305,15,23,01,330,*7D
$GPRMC,171253.000,A,4530.4599,N,12246.5631,W,57.15,111.21,210324,,,A*4C
$GPVTG,111.21,T,,M,57.15,N,105.8,K,A*35
$GPGGA,171258.000,4530.4315,N,12246.4552,W,1,10,1.0,147.5,M,-19.5,M,,0000*65
$GPGSA,A,3,22,07,17,30,13,02,21,19,14,15,,,1.8,1.0,1.5*36
$GPGSV,3,1,12,22,77,298,21,14,73,042,28,17,59,163,26,13,55,254,17*78
$GPGSV,3,2,12,30,54,123,26,19,33,188,20,15,32,292,20,02,22,069,32*74
$GPGSV,3,3,12,07,22,123,25,21,17,052,29,24,06,305,,23,01,330,*75
$GPRMC,171258.000,A,4530.4315,N,12246.4552,W,58.18,109.06,210324,,,A*4C
$GPVTG,109.06,T,,M,58.18,N,107.7,K,A*36
$GPGGA,171303.000,4530.4081,N,12246.3450,W,1,11,0.9,145.9,M,-19.5,M,,0000*67
$GPGSA,A,3,22,07,17,30,13,02,21,19,14,15,24,,1.5,0.9,1.2*32
$GPGSV,3,1,12,22,77,298,23,14,73,042,28,17,59,163,24,13,55,254,18*77
$GPGSV,3,2,12,30,54,123,27,19,33,188,21,15,32,292,21,02,22,069,33*74
$GPGSV,3,3,12,07,22,123,25,21,17,052,25,24,06,305,17,23,01,330,*7F
$GPRMC,171303.000,A,4530.4081,N,12246.3450,W,58.26,105.86,210324,,,A*40
$GPVTG,105.86,T,,M,58.26,N,107.9,K,A*31
$GPGGA,171308.000,4530.3882,N,12246.2336,W,1,11,0.9,148.4,M,-19.5,M,,0000*66
$GPGSA,A,3,22,07,17,30,13,02,21,19,14,15,24,,1.5,0.9,1.2*32
$GPGSV,3,1,12,22,77,298,24,14,73,042,28,17,59,163,18,13,55,254,18*7F
$GPGSV,3,2,12,30,54,123,29,19,33,188,20,15,32,292,20,02,22,069,33*7A
$GPRMC,171308.000,A,4530.3882,N,12246.2336,W,57.74,103.64,210324,,,A*43
$GPVTG,103.64,T,,M,57.74,N,106.9,K,A*32
$GPGGA,171313.000,4530.3716,N,12246.1225,W,1,10,1.0,150.3,M,-19.5,M,,0000*69
$GPGSA,A,3,22,07,17,30,13,02,21,19,14,15,,,1.8,1.0,1.5*36
$GPGSV,3,1,12,22,77,298,24,14,73,042,29,17,59,163,17,13,55,254,20*7A
$GPGSV,3,2,12,30,54,123,30,19,33,188,20,15,32,292,21,02,22,069,32*72
$GPGSV,3,3,12,07,22,123,25,21,17,052,25,24,06,305,,23,01,330,*79
$GPRMC,171313.000,A,4530.3716,N,12246.1225,W,56.98,101.09,210324,,,A*41
$GPGGA,171318.000,4530.3587,N,12246.0129,W,1,10,1.0,155.3,M,-19.5,M,,0000*63
$GPGSA,A,3,22,07,17,30,13,02,21,19,14,15,,,1.8,1.0,1.5*36
$GPGSV,3,1,12,22,77,298,24,14,73,042,31,17,59,163,18,13,55,253,22*79
$GPGSV,3,2,12,30,54,124,30,19,33,188,27,15,32,291,21,02,22,068,31*73
$GPGSV,3,3,12,07,22,123,24,21,17,052,25,24,06,306,,23,01,330,*7B
$GPRMC,171318.000,A,4530.3587,N,12246.0129,W,54.50,98.84,210324,,,A*7C
$GPVTG,98.84,T,,M,54.50,N,100.9,K,A*0C
$GPGGA,171323.000,4530.3484,N,12245.9084,W,1,10,1.0,158.1,M,-19.5,M,,0000*6A
$GPGSA,A,3,22,07,17,30,13,02,21,19,14,15,,,1.8,1.0,1.5*36
$GPGSV,3,1,12,22,77,298,23,14,73,042,32,17,59,163,17,13,55,253,24*74
$GPGSV,3,2,12,30,54,124,30,19,33,188,25,15,32,291,21,02,22,068,25*74
$GPGSV,3,3,12,07,22,123,24,21,17,052,28,24,06,306,,23,01,330,*76
$GPRMC,171323.000,A,4530.3484,N,12245.9084,W,53.13,96.61,210324,,,A*7F
$GPVTG,96.61,T,,M,53.13,N,98.4,K,A*34
$GPGGA,171328.000,4530.3420,N,12245.8057,W,1,10,1.0,163.3,M,-19.5,M,,0000*6A
$GPGSA,A,3,22,07,17,30,13,02,21,19,14,15,,,1.8,1.0,1.5*36
$GPGSV,3,1,12,22,77,298,22,14,73,042,33,17,59,163,18,13,55,253,25*7A
$GPGSV,3,2,12,30,54,124,29,19,33,188,26,15,32,291,20,02,22,068,24*7F
$GPGSV,3,3,12,07,22,123,23,21,17,052,32,24,06,306,,23,01,330,*7A
$GPRMC,171328.000,A,4530.3420,N,12245.8057,W,52.00,94.22,210324,,,A*73
$GPVTG,94.22,T,,M,52.00,N,96.3,K,A*3B
$GPGGA,171333.000,4530.3380,N,12245.7046,W,1,10,1.0,171.1,M,-19.5,M,,0000*63
$GPGSA,A,3,22,07,17,30,13,02,21,19,14,15,,,1.8,1.0,1.5*36
$GPGSV,3,1,12,22,77,298,22,14,73,042,33,17,59,163,22,13,55,253,26*70
$GPGSV,3,2,12,30,54,124,28,19,33,188,25,15,32,291,26,02,22,068,23*7C
$GPGSV,3,3,12,07,22,123,23,21,17,052,32,24,06,306,,23,01,330,*7A
$GPRMC,171333.000,A,4530.3380,N,12245.7046,W,49.48,91.53,210324,,,A*7E
$GPVTG,91.53,T,,M,49.48,N,91.6,K,A*3C
$GPGGA,171338.000,4530.3375,N,12245.6071,W,1,11,0.9,177.4,M,-19.5,M,,0000*6D
$GPGSA,A,3,22,07,17,30,13,02,21,19,14,15,24,,1.5,0.9,1.2*32
$GPGSV,3,1,12,22,77,298,21,14,73,042,33,17,59,163,24,13,55,253,26*75
$GPGSV,3,2,12,30,54,124,23,19,33,188,25,15,32,291,28,02,22,068,24*7E
$GPGSV,3,3,12,07,22,123,25,21,17,052,26,24,06,306,20,23,01,330,*7B
$GPRMC,171338.000,A,4530.3375,N,12245.6071,W,49.91,88.24,210324,,,A*76
$GPVTG,88.24,T,,M,49.91,N,92.4,K,A*31
$GPGGA,171343.000,4530.3401,N,12245.5067,W,1,11,0.9,184.4,M,-19.5,M,,0000*6D
$GPGSA,A,3,22,07,17,30,13,02,21,19,14,15,24,,1.5,0.9,1.2*32
$GPGSV,3,1,12,22,77,298,21,14,73,042,33,17,59,163,25,13,55,253,26*74
$GPGSV,3,2,12,30,54,124,21,19,33,188,25,15,32,291,29,02,22,068,24*7D
$GPRMC,171343.000,A,4530.3401,N,12245.5067,W,52.04,87.07,210324,,,A*72
$GPVTG,87.07,T,,M,52.04,N,96.4,K,A*3D
$GPGGA,171348.000,4530.3447,N,12245.3993,W,1,09,1.1,190.2,M,-19.5,M,,0000*63
$GPGSA,A,3,22,17,30,13,02,21,19,14,15,,,,1.9,1.1,1.6*32
$GPGSV,3,1,12,22,77,299,20,14,72,042,33,17,59,162,27,13,54,253,26*77
$GPGSV,3,2,12,30,54,124,22,19,33,188,22,15,32,291,29,02,23,068,24*78
$GPGSV,3,3,12,07,22,123,10,21,17,052,28,24,07,306,,23,01,330,*70
$GPRMC,171348.000,A,4530.3447,N,12245.3993,W,55.76,85.53,210324,,,A*7E
$GPGGA,171353.000,4530.3529,N,12245.2882,W,1,09,1.0,195.4,M,-19.5,M,,0000*62
$GPGSA,A,3,22,07,17,13,02,21,19,14,15,,,,1.9,1.0,1.6*37
$GPGSV,3,1,12,22,77,299,20,14,72,042,32,17,59,162,27,13,54,253,27*77
$GPGSV,3,2,12,30,54,124,12,19,33,188,22,15,32,291,29,02,23,068,17*7B
$GPGSV,3,3,12,07,22,123,24,21,17,052,29,24,07,306,,23,01,330,*76
$GPRMC,171353.000,A,4530.3529,N,12245.2882,W,55.94,83.51,210324,,,A*75
$GPVTG,83.51,T,,M,55.94,N,103.6,K,A*0B
$GPGGA,171358.000,4530.3641,N,12245.1789,W,1,10,1.0,201.8,M,-19.5,M,,0000*69
$GPGSA,A,3,22,07,17,30,13,02,21,19,14,15,,,1.8,1.0,1.5*36
$GPGSV,3,1,12,22,77,299,20,14,72,042,31,17,59,162,28,13,54,253,26*7A
$GPGSV,3,2,12,30,54,124,13,19,33,188,16,15,32,291,28,02,23,068,24*7C
$GPGSV,3,3,12,07,22,123,23,21,17,052,18,24,07,306,,23,01,330,*73
$GPRMC,171358.000,A,4530.3641,N,12245.1789,W,56.14,80.08,210324,,,A*70
$GPVTG,80.08,T,,M,56.14,N,104.0,K,A*0E
$GPGGA,171403.000,4530.3783,N,12245.0710,W,1,11,0.9,208.6,M,-19.5,M,,0000*60
$GPGSA,A,3,22,07,17,30,13,02,21,19,14,15,24,,1.5,0.9,1.2*32
$GPGSV,3,1,12,22,77,299,20,14,72,042,31,17,59,162,29,13,54,253,22*7F
$GPGSV,3,2,12,30,54,124,23,19,33,188,19,15,32,291,28,02,23,068,24*70
$GPGSV,3,3,12,07,22,123,17,21,17,052,19,24,07,306,12,23,01,330,*76
$GPRMC,171403.000,A,4530.3783,N,12245.0710,W,55.42,78.62,210324,,,A*7C
$GPVTG,78.62,T,,M,55.42,N,102.6,K,A*05
$GPGGA,171408.000,4530.3956,N,12244.9637,W,1,10,1.0,212.0,M,-19.5,M,,0000*65
$GPGSA,A,3,22,07,17,30,13,02,21,19,14,15,,,1.8,1.0,1.5*36
$GPGSV,3,1,12,22,77,299,20,14,72,042,31,17,59,162,29,13,54,253,21*7C
$GPGSV,3,2,12,30,54,124,22,19,33,188,26,15,32,291,28,02,23,068,21*78
$GPGSV,3,3,12,07,22,123,18,21,17,052,22,24,07,306,,23,01,330,*72
$GPRMC,171408.000,A,4530.3956,N,12244.9637,W,56.53,75.87,210324,,,A*78
$GPVTG,75.87,T,,M,56.53,N,104.7,K,A*07
$GPGGA,171413.000,4530.4148,N,12244.8570,W,1,10,1.0,214.6,M,-19.5,M,,0000*6E
$GPGSA,A,3,22,07,17,30,13,02,21,19,14,15,,,1.8,1.0,1.5*36
$GPGSV,3,1,12,22,77,299,24,14,72,042,28,17,59,162,29,13,54,253,28*79
$GPGSV,3,2,12,30,54,124,22,19,33,188,28,15,32,291,22,02,23,068,24*79
$GPGSV,3,3,12,07,22,123,18,21,17,052,23,24,07,306,,23,01,330,*73
$GPRMC,171413.000,A,4530.4148,N,12244.8570,W,54.84,74.01,210324,,,A*74
$GPVTG,74.01,T,,M,54.84,N,101.6,K,A*04
$GPGGA,171418.000,4530.4373,N,12244.7531,W,1,10,1.0,216.7,M,-19.5,M,,0000*66
$GPGSA,A,3,22,07,17,30,13,02,21,19,14,15,,,1.8,1.0,1.5*36
$GPGSV,3,1,12,22,77,300,16,14,72,043,28,17,60,162,30,13,54,253,29*7B
$GPGSV,3,2,12,30,54,124,22,19,34,189,28,15,32,291,21,02,23,068,24*7C
$GPRMC,171418.000,A,4530.4373,N,12244.7531,W,55.56,71.15,210324,,,A*71
$GPVTG,71.15,T,,M,55.56,N,102.9,K,A*06
$GPGGA,171423.000,4530.4631,N,12244.6472,W,1,10,1.0,218.0,M,-19.5,M,,0000*63
$GPGSA,A,3,22,07,17,30,13,02,21,19,14,15,,,1.8,1.0,1.5*36
$GPGSV,3,1,12,22,77,300,16,14,72,043,22,17,60,162,30,13,54,253,29*71
$GPGSV,3,2,12,30,54,124,22,19,34,189,24,15,32,291,28,02,23,068,26*7B
$GPGSV,3,3,12,07,22,123,18,21,17,051,23,24,07,306,,23,01,330,*70
$GPRMC,171423.000,A,4530.4631,N,12244.6472,W,57.41,69.66,210324,,,A*74
$GPGGA,171428.000,4530.4911,N,12244.5413,W,1,10,1.0,218.7,M,-19.5,M,,0000*66
$GPGSA,A,3,22,07,17,30,13,02,21,19,14,15,,,1.8,1.0,1.5*36
$GPGSV,3,1,12,22,77,300,23,14,72,043,16,17,60,162,30,13,54,253,29*70
$GPGSV,3,2,12,30,54,124,23,19,34,189,19,15,32,291,30,02,23,068,26*7D
$GPGSV,3,3,12,07,22,123,19,21,17,051,22,24,07,306,,23,01,330,*70
$GPRMC,171428.000,A,4530.4911,N,12244.5413,W,55.36,69.27,210324,,,A*71
$GPVTG,69.27,T,,M,55.36,N,102.5,K,A*04
$GPGGA,171433.000,4530.5142,N,12244.4449,W,1,10,1.0,224.8,M,-19.5,M,,0000*6D
$GPGSA,A,3,22,07,17,30,13,02,21,19,14,15,,,1.8,1.0,1.5*36
$GPGSV,3,1,12,22,77,300,25,14,72,043,17,17,60,162,31,13,54,253,29*76
$GPGSV,3,2,12,30,54,124,24,19,34,189,26,15,32,291,29,02,23,068,15*7E
$GPGSV,3,3,12,07,22,123,26,21,17,051,25,24,07,306,,23,01,330,*7B
$GPRMC,171433.000,A,4530.5142,N,12244.4449,W,50.14,74.57,210324,,,A*74
$GPVTG,74.57,T,,M,50.14,N,92.9,K,A*3E
$GPGGA,171438.000,4530.5250,N,12244.3532,W,1,10,1.0,234.3,M,-19.5,M,,0000*66
$GPGSA,A,3,22,07,17,30,13,02,21,19,14,15,,,1.8,1.0,1.5*36
$GPGSV,3,1,12,22,77,300,13,14,72,043,26,17,60,162,31,13,54,253,22*7A
$GPGSV,3,2,12,30,54,124,25,19,34,189,19,15,32,291,27,02,23,068,27*7C
$GPGSV,3,3,12,07,22,123,27,21,17,051,26,24,07,306,,23,01,330,*79
$GPRMC,171438.000,A,4530.5250,N,12244.3532,W,44.12,86.78,210324,,,A*76
$GPVTG,86.78,T,,M,44.12,N,81.7,K,A*31
$GPGGA,171443.000,4530.5245,N,12244.2732,W,1,10,1.0,236.3,M,-19.5,M,,0000*6F
$GPGSA,A,3,22,07,17,30,13,02,21,19,14,15,,,1.8,1.0,1.5*36
$GPGSV,3,1,12,22,77,300,25,14,72,043,27,17,60,162,30,13,54,253,26*7B
$GPGSV,3,2,12,30,54,124,26,19,34,189,20,15,32,291,27,02,23,068,21*73
$GPGSV,3,3,12,07,22,123,28,21,17,051,26,24,07,306,,23,01,330,*76
$GPRMC,171443.000,A,4530.5245,N,12244.2732,W,40.42,90.94,210324,,,A*79
$GPVTG,90.94,T,,M,40.42,N,74.9,K,A*31
$GPGGA,171448.000,4530.5222,N,12244.1910,W,1,09,1.0,236.7,M,-19.5,M,,0000*64
$GPGSA,A,3,22,07,17,30,13,21,19,14,15,,,,1.8,1.0,1.5*34
$GPGSV,3,1,12,22,77,301,27,14,72,043,27,17,60,162,29,13,54,252,26*71
$GPGSV,3,2,12,30,53,124,27,19,34,189,21,15,32,291,26,02,23,068,11*76
$GPGSV,3,3,12,07,21,123,28,21,17,051,31,24,07,306,,23,01,329,*7B
$GPRMC,171448.000,A,4530.5222,N,12244.1910,W,42.71,92.17,210324,,,A*75
$GPVTG,92.17,T,,M,42.71,N,79.1,K,A*3F
$GPGGA,171453.000,4530.5205,N,12244.1049,W,1,09,1.0,239.9,M,-19.5,M,,0000*6F
$GPGSA,A,3,22,07,17,30,13,21,19,14,15,,,,1.8,1.0,1.5*34
$GPGSV,3,1,12,22,77,301,29,14,72,043,14,17,60,162,29,13,54,252,29*70
$GPGSV,3,2,12,30,53,124,26,19,34,189,13,15,32,291,26,02,23,068,*76
$GPRMC,171453.000,A,4530.5205,N,12244.1049,W,44.84,92.02,210324,,,A*77
$GPVTG,92.02,T,,M,44.84,N,83.0,K,A*33
$GPGGA,171458.000,4530.5193,N,12244.0149,W,1,10,1.0,238.2,M,-19.5,M,,0000*6A
$GPGSA,A,3,22,07,17,30,13,02,21,19,14,15,,,1.8,1.0,1.5*36
$GPGSV,3,1,12,22,77,301,29,14,72,043,26,17,60,162,30,13,54,252,29*79
$GPGSV,3,2,12,30,53,124,25,19,34,189,14,15,32,291,26,02,23,068,26*76
$GPGSV,3,3,12,07,21,123,29,21,17,051,31,24,07,306,,23,01,329,*7A
$GPRMC,171458.000,A,4530.5193,N,12244.0149,W,46.51,89.90,210324,,,A*7B
$GPGGA,171503.000,4530.5225,N,12243.9247,W,1,10,1.0,231.0,M,-19.5,M,,0000*63
$GPGSA,A,3,22,07,17,30,13,02,21,19,14,15,,,1.8,1.0,1.5*36
$GPGSV,3,1,12,22,77,301,28,14,72,043,34,17,60,162,30,13,54,252,29*7B
$GPGSV,3,2,12,30,53,124,20,19,34,189,21,15,32,291,27,02,23,068,24*76
$GPGSV,3,3,12,07,21,123,20,21,17,051,30,24,07,306,,23,01,329,*72
$GPRMC,171503.000,A,4530.5225,N,12243.9247,W,46.73,82.83,210324,,,A*70
$GPVTG,82.83,T,,M,46.73,N,86.5,K,A*31
$GPGGA,171508.000,4530.5367,N,12243.8326,W,1,09,1.1,225.9,M,-19.5,M,,0000*6D
$GPGSA,A,3,22,17,30,13,02,21,19,14,15,,,,1.9,1.1,1.6*32
$GPGSV,3,1,12,22,77,301,28,14,72,043,34,17,60,162,29,13,54,252,19*70
$GPGSV,3,2,12,30,53,124,22,19,34,189,24,15,32,291,22,02,23,068,15*76
$GPGSV,3,3,12,07,21,123,,21,17,051,25,24,07,306,,23,01,329,*74
$GPRMC,171508.000,A,4530.5367,N,12243.8326,W,49.12,74.32,210324,,,A*70
$GPVTG,74.32,T,,M,49.12,N,91.0,K,A*39
$GPGGA,171513.000,4530.5580,N,12243.7380,W,1,08,1.6,219.1,M,-19.5,M,,0000*6A
$GPGSA,A,3,22,02,17,30,13,21,14,15,,,,,2.6,1.6,2.1*35
$GPGSV,3,1,12,22,77,301,28,14,72,043,34,17,60,162,24,13,54,252,28*7F
$GPGSV,3,2,12,30,53,124,22,19,34,189,10,15,32,291,23,02,23,068,25*73
$GPGSV,3,3,12,07,21,123,,21,17,051,25,24,07,306,,23,01,329,*74
$GPRMC,171513.000,A,4530.5580,N,12243.7380,W,50.12,71.42,210324,,,A*7C
$GPVTG,71.42,T,,M,50.12,N,92.8,K,A*38
$GPGGA,171518.000,4530.5729,N,12243.6410,W,1,08,1.6,211.6,M,-19.5,M,,0000*60
$GPGSA,A,3,22,02,17,30,13,15,21,14,,,,,2.6,1.6,2.1*35
$GPGSV,3,1,12,22,77,302,28,14,72,044,26,17,60,162,23,13,54,252,26*71
$GPGSV,3,2,12,30,53,124,25,19,34,189,,15,32,290,29,02,23,067,23*77
$GPGSV,3,3,12,07,21,124,,21,17,051,30,24,07,306,,23,01,329,*77
$GPRMC,171518.000,A,4530.5729,N,12243.6410,W,49.75,83.54,210324,,,A*7A
$GPVTG,83.54,T,,M,49.75,N,92.1,K,A*32
$GPGGA,171523.000,4530.5674,N,12243.5467,W,1,08,1.1,203.7,M,-19.5,M,,0000*67
$GPGSA,A,3,22,02,17,30,15,21,19,14,,,,,2.0,1.1,1.6*3A
$GPGSV,3,1,12,22,77,302,27,14,72,044,22,17,60,162,22,13,54,252,22*7F
$GPGSV,3,2,12,30,53,124,29,19,34,189,21,15,32,290,18,02,23,067,27*7E
$GPGSV,3,3,12,07,21,124,,21,17,051,18,24,07,306,,23,01,329,*7D
$GPRMC,171523.000,A,4530.5674,N,12243.5467,W,47.20,100.74,210324,,,A*4E
$GPVTG,100.74,T,,M,47.20,N,87.4,K,A*05
$GPGGA,171528.000,4530.5409,N,12243.4585,W,1,10,1.0,202.5,M,-19.5,M,,0000*63
$GPGSA,A,3,22,02,17,30,13,15,21,19,14,07,,,1.8,1.0,1.5*36
$GPGSV,3,1,12,22,77,302,20,14,72,044,20,17,60,162,31,13,54,252,17*7E
$GPGSV,3,2,12,30,53,124,27,19,34,189,16,15,32,290,20,02,23,067,27*7F
$GPGSV,3,3,12,07,21,124,32,21,17,051,19,24,07,306,,23,01,329,*7D
$GPVTG,116.80,T,,M,47.04,N,87.1,K,A*0A
$GPGGA,171533.000,4530.5034,N,12243.3789,W,1,09,1.2,198.4,M,-19.5,M,,0000*61
$GPGSA,A,3,22,02,17,30,13,15,21,14,07,,,,2.0,1.2,1.6*34
$GPGSV,3,1,12,22,77,302,20,14,72,044,25,17,60,162,27,13,54,252,24*7C
$GPGSV,3,2,12,30,53,124,27,19,34,189,,15,32,290,28,02,23,067,23*74
$GPGSV,3,3,12,07,21,124,31,21,17,051,19,24,07,306,,23,01,329,*7E
$GPRMC,171533.000,A,4530.5034,N,12243.3789,W,49.52,123.45,210324,,,A*40
$GPGGA,171538.000,4530.4643,N,12243.2936,W,1,09,1.2,193.0,M,-19.5,M,,0000*69
$GPGSA,A,3,22,02,17,30,13,15,21,14,07,,,,2.0,1.2,1.6*34
$GPGSV,3,1,12,22,77,302,19,14,72,044,25,17,60,162,30,13,54,252,15*72
$GPGSV,3,2,12,30,53,124,23,19,34,189,,15,32,290,28,02,23,067,24*77
$GPGSV,3,3,12,07,21,124,31,21,17,051,16,24,07,306,,23,01,329,*71
$GPRMC,171538.000,A,4530.4643,N,12243.2936,W,51.65,117.30,210324,,,A*4F
$GPVTG,117.30,T,,M,51.65,N,95.7,K,A*05
$GPGGA,171543.000,4530.4393,N,12243.1982,W,1,10,1.0,187.4,M,-19.5,M,,0000*6A
$GPGSA,A,3,22,02,17,30,13,15,21,19,14,07,,,1.8,1.0,1.5*36
$GPGSV,3,1,12,22,77,302,20,14,72,044,29,17,60,162,30,13,54,252,21*73
$GPGSV,3,2,12,30,53,124,20,19,34,189,21,15,32,290,17,02,23,067,25*7A
$GPGSV,3,3,12,07,21,124,25,21,17,051,24,24,07,306,,23,01,329,*75
$GPRMC,171543.000,A,4530.4393,N,12243.1982,W,50.78,108.92,210324,,,A*4C
$GPVTG,108.92,T,,M,50.78,N,94.0,K,A*08
$GPGGA,171548.000,4530.4181,N,12243.1011,W,1,10,1.0,186.2,M,-19.5,M,,0000*64
$GPGSA,A,3,22,02,17,30,13,15,21,19,14,07,,,1.8,1.0,1.5*36
$GPGSV,3,1,12,22,77,302,22,14,72,044,26,17,60,162,29,13,54,252,19*7D
$GPGSV,3,2,12,30,53,124,14,19,34,189,19,15,32,290,16,02,23,067,23*71
$GPGSV,3,3,12,07,21,124,25,21,17,051,19,24,07,306,,23,01,329,*7B
$GPRMC,171548.000,A,4530.4181,N,12243.1011,W,52.32,108.43,210324,,,A*45
$GPVTG,108.43,T,,M,52.32,N,96.9,K,A*03
$GPGGA,171553.000,4530.3937,N,12243.0025,W,1,10,1.0,179.6,M,-19.5,M,,0000*6E
$GPGSA,A,3,22,02,17,30,13,15,21,19,14,07,,,1.8,1.0,1.5*36
$GPGSV,3,1,12,22,77,302,22,14,72,044,26,17,60,162,30,13,54,252,19*75
$GPGSV,3,2,12,30,53,124,27,19,34,189,19,15,32,290,17,02,23,067,27*74
$GPGSV,3,3,12,07,21,124,15,21,17,051,26,24,07,306,,23,01,329,*74
$GPRMC,171553.000,A,4530.3937,N,12243.0025,W,53.46,108.56,210324,,,A*4D
$GPVTG,108.56,T,,M,53.46,N,99.0,K,A*03
$GPGGA,171558.000,4530.3821,N,12242.8998,W,1,08,1.5,175.0,M,-19.5,M,,0000*63
$GPGSA,A,3,22,02,17,30,13,15,21,14,,,,,2.6,1.5,2.1*36
$GPGSV,3,1,12,22,77,302,23,14,72,044,34,17,60,162,23,13,54,252,29*76
$GPGSV,3,2,12,30,53,124,24,19,34,189,,15,32,290,20,02,23,067,25*79
$GPGSV,3,3,12,07,21,124,,21,17,051,27,24,07,306,,23,01,329,*71
$GPRMC,171558.000,A,4530.3821,N,12242.8998,W,52.20,92.02,210324,,,A*74
$GPVTG,92.02,T,,M,52.20,N,96.7,K,A*39
$GPGGA,171603.000,4530.3909,N,12242.8093,W,1,08,1.5,174.8,M,-19.5,M,,0000*6E
$GPGSA,A,3,22,02,17,30,13,15,21,14,,,,,2.6,1.5,2.1*36
$GPGSV,3,1,12,22,77,302,28,14,72,044,34,17,60,162,28,13,54,252,24*7B
$GPGSV,3,2,12,30,53,124,28,19,34,189,,15,32,290,18,02,23,067,23*78
$GPGSV,3,3,12,07,21,124,,21,17,051,14,24,07,306,,23,01,329,*71
$GPVTG,79.98,T,,M,41.34,N,76.6,K,A*37
$GPGGA,171608.000,4530.4049,N,12242.7278,W,1,08,1.5,169.8,M,-19.5,M,,0000*6B
$GPGSA,A,3,22,02,17,30,13,15,21,14,,,,,2.6,1.5,2.1*36
$GPGSV,3,1,12,22,77,302,29,14,72,044,34,17,60,162,31,13,54,252,18*7D
$GPGSV,3,2,12,30,53,124,27,19,34,189,,15,32,290,18,02,23,067,25*71
$GPGSV,3,3,12,07,21,124,,21,17,051,12,24,07,306,,23,01,329,*77
$GPRMC,171608.000,A,4530.4049,N,12242.7278,W,43.48,78.26,210324,,,A*75
$GPVTG,78.26,T,,M,43.48,N,80.5,K,A*30
$GPGGA,171613.000,4530.4205,N,12242.6382,W,1,08,1.5,165.2,M,-19.5,M,,0000*68
$GPGSA,A,3,22,02,17,30,13,15,21,14,,,,,2.6,1.5,2.1*36
$GPGSV,3,1,12,22,77,302,28,14,72,044,32,17,60,162,20,13,54,252,21*70
$GPGSV,3,2,12,30,53,124,19,19,34,189,,15,32,290,25,02,23,067,25*72
$GPGSV,3,3,12,07,21,124,,21,17,051,25,24,07,306,,23,01,329,*73
$GPRMC,171613.000,A,4530.4205,N,12242.6382,W,45.91,75.28,210324,,,A*71
$GPVTG,75.28,T,,M,45.91,N,85.0,K,A*31
$GPGGA,171618.000,4530.4452,N,12242.5652,W,1,07,1.6,160.7,M,-19.5,M,,0000*60
$GPGSA,A,3,22,17,30,13,15,21,14,,,,,,2.7,1.6,2.2*35
$GPGSV,3,1,12,22,77,302,28,14,72,044,32,17,60,162,21,13,54,252,30*71
$GPGSV,3,2,12,30,53,124,29,19,34,189,,15,32,290,16,02,23,067,12*75
$GPGSV,3,3,12,07,21,124,,21,17,051,23,24,07,306,,23,01,329,*75
$GPRMC,171618.000,A,4530.4452,N,12242.5652,W,36.88,54.90,210324,,,A*79
$GPVTG,54.90,T,,M,36.88,N,68.3,K,A*3D
$GPGGA,171623.000,4530.4772,N,12242.5285,W,1,06,1.9,154.2,M,-19.5,M,,0000*6B
$GPGSA,A,3,22,17,30,13,21,14,,,,,,,3.2,1.9,2.6*3E
$GPGSV,3,1,12,22,77,302,21,14,72,044,33,17,60,162,24,13,54,252,23*7E
$GPGSV,3,2,12,30,53,124,20,19,34,189,,15,32,290,16,02,23,067,*7F
$GPGSV,3,3,12,07,21,124,,21,17,051,15,24,07,306,,23,01,329,*70
$GPRMC,171623.000,A,4530.4772,N,12242.5285,W,28.40,36.37,210324,,,A*7C
$GPVTG,36.37,T,,M,28.40,N,52.6,K,A*33
$GPGGA,171628.000,4530.5140,N,12242.5001,W,1,08,1.1,150.6,M,-19.5,M,,0000*6E
$GPGSA,A,3,22,19,17,30,13,15,21,14,,,,,2.0,1.1,1.7*3B
$GPGSV,3,1,12,22,77,302,22,14,72,044,32,17,60,162,25,13,54,252,19*74
$GPGSV,3,2,12,30,53,124,20,19,34,189,26,15,32,290,15,02,23,067,*78
$GPGSV,3,3,12,07,21,124,,21,17,051,19,24,07,306,,23,01,329,*7C
$GPRMC,171628.000,A,4530.5140,N,12242.5001,W,29.22,25.56,210324,,,A*7F
$GPVTG,25.56,T,,M,29.22,N,54.1,K,A*32
$GPGGA,171633.000,4530.5520,N,12242.4757,W,1,08,1.1,149.4,M,-19.5,M,,0000*69
$GPGSA,A,3,22,19,17,30,13,15,21,14,,,,,2.0,1.1,1.7*3B
$GPGSV,3,1,12,22,77,302,21,14,72,044,31,17,60,162,24,13,54,252,29*76
$GPGSV,3,2,12,30,53,124,29,19,34,189,28,15,32,290,14,02,23,067,*7E
$GPRMC,171633.000,A,4530.5520,N,12242.4757,W,30.60,23.25,210324,,,A*7E
$GPVTG,23.25,T,,M,30.60,N,56.7,K,A*3A
$GPGGA,171638.000,4530.5885,N,12242.4527,W,1,07,1.5,144.6,M,-19.5,M,,0000*61
$GPGSA,A,3,22,19,17,30,13,21,14,,,,,,2.5,1.5,1.9*30
$GPGSV,3,1,12,22,77,302,27,14,72,044,32,17,60,162,25,13,54,252,30*7A
$GPGSV,3,2,12,30,53,124,23,19,34,189,27,15,32,290,,02,23,067,*7E
$GPGSV,3,3,12,07,21,124,,21,17,051,19,24,07,306,,23,01,329,*7C
$GPRMC,171638.000,A,4530.5885,N,12242.4527,W,28.23,25.65,210324,,,A*7E
$GPGGA,171643.000,4530.6224,N,12242.4277,W,1,09,1.1,137.6,M,-19.5,M,,0000*63
$GPGSA,A,3,22,19,17,30,13,02,21,15,14,,,,2.0,1.1,1.6*38
$GPGSV,3,1,12,22,77,302,29,14,72,044,30,17,60,162,25,13,54,252,31*77
$GPGSV,3,2,12,30,53,124,23,19,34,189,22,15,32,290,27,02,23,067,28*74
$GPGSV,3,3,12,07,21,124,,21,17,051,19,24,07,306,,23,01,329,*7C
$GPRMC,171643.000,A,4530.6224,N,12242.4277,W,27.39,32.80,210324,,,A*7B
$GPVTG,32.80,T,,M,27.39,N,50.7,K,A*39
$GPGGA,171648.000,4530.6531,N,12242.3944,W,1,08,1.2,129.7,M,-19.5,M,,0000*6B
$GPGSA,A,3,22,19,17,30,13,02,21,15,,,,,2.3,1.2,1.9*32
$GPGSV,3,1,12,22,77,305,29,14,71,045,12,17,61,161,23,13,54,251,23*76
$GPGSV,3,2,12,30,53,125,31,19,35,189,28,15,32,290,13,02,23,067,18*79
$GPGSV,3,3,12,07,21,124,,21,17,050,28,24,08,306,,23,01,329,*70
$GPRMC,171648.000,A,4530.6531,N,12242.3944,W,27.66,41.92,210324,,,A*72
$GPVTG,41.92,T,,M,27.66,N,51.2,K,A*30
$GPGGA,171653.000,4530.6797,N,12242.3514,W,1,09,1.1,126.8,M,-19.5,M,,0000*64
$GPGSA,A,3,22,19,17,30,13,02,21,15,14,,,,2.0,1.1,1.6*38
$GPGSV,3,1,12,22,77,305,28,14,71,045,26,17,61,161,26,13,54,251,23*75
$GPGSV,3,2,12,30,53,125,31,19,35,189,21,15,32,290,24,02,23,067,20*7F
$GPGSV,3,3,12,07,21,124,,21,17,050,23,24,08,306,,23,01,329,*7B
$GPRMC,171653.000,A,4530.6797,N,12242.3514,W,28.41,52.76,210324,,,A*7D
$GPVTG,52.76,T,,M,28.41,N,52.6,K,A*35
$GPGGA,171658.000,4530.7012,N,12242.3041,W,1,09,1.1,124.2,M,-19.5,M,,0000*69
$GPGSA,A,3,22,19,17,30,13,02,21,15,14,,,,2.0,1.1,1.6*38
$GPGSV,3,1,12,22,77,305,21,14,71,045,26,17,61,161,29,13,54,251,28*78
$GPGSV,3,2,12,30,53,125,24,19,35,189,23,15,32,290,21,02,23,067,28*74
$GPGSV,3,3,12,07,21,124,,21,17,050,19,24,08,306,,23,01,329,*72
$GPRMC,171658.000,A,4530.7012,N,12242.3041,W,26.31,58.60,210324,,,A*7C
$GPVTG,58.60,T,,M,26.31,N,48.7,K,A*3B
$GPGGA,171703.000,4530.7199,N,12242.2593,W,1,08,1.5,122.2,M,-19.5,M,,0000*6C
$GPGSA,A,3,22,19,17,30,13,02,21,14,,,,,2.4,1.5,1.9*33
$GPGSV,3,1,12,22,77,305,21,14,71,045,25,17,61,161,23,13,54,251,29*70
$GPGSV,3,2,12,30,53,125,23,19,35,189,24,15,32,290,15,02,23,067,29*72
$GPGSV,3,3,12,07,21,124,,21,17,050,14,24,08,306,,23,01,329,*7F
$GPRMC,171703.000,A,4530.7199,N,12242.2593,W,26.54,59.31,210324,,,A*7C
$GPVTG,59.31,T,,M,26.54,N,49.2,K,A*39
$GPGGA,171708.000,4530.7389,N,12242.2155,W,1,08,1.5,124.0,M,-19.5,M,,0000*6E
$GPGSA,A,3,22,19,17,30,13,02,21,14,,,,,2.4,1.5,1.9*33
$GPGSV,3,1,12,22,77,305,21,14,71,045,32,17,61,161,26,13,54,251,29*73
$GPGSV,3,2,12,30,53,125,24,19,35,189,28,15,32,290,,02,23,067,29*7D
$GPGSV,3,3,12,07,21,124,,21,17,050,14,24,08,306,,23,01,329,*7F
$GPVTG,58.53,T,,M,25.84,N,47.9,K,A*37
$GPGGA,171713.000,4530.7553,N,12242.1765,W,1,08,1.5,124.7,M,-19.5,M,,0000*64
$GPGSA,A,3,22,19,17,30,13,02,21,14,,,,,2.4,1.5,1.9*33
$GPGSV,3,1,12,22,77,305,22,14,71,045,33,17,61,161,25,13,54,251,28*73
$GPGSV,3,2,12,30,53,125,25,19,35,189,28,15,32,290,,02,23,067,30*74
$GPGSV,3,3,12,07,21,124,,21,17,050,24,24,08,306,,23,01,329,*7C
$GPRMC,171713.000,A,4530.7553,N,12242.1765,W,21.04,55.21,210324,,,A*78
$GPVTG,55.21,T,,M,21.04,N,39.0,K,A*33
$GPGGA,171718.000,4530.7733,N,12242.1439,W,1,07,1.6,123.5,M,-19.5,M,,0000*68
$GPGSA,A,3,19,17,30,13,02,21,14,,,,,,2.6,1.6,2.0*38
$GPGSV,3,1,12,22,78,306,10,14,71,045,34,17,61,161,27,13,54,250,28*7A
$GPGSV,3,2,12,30,52,125,25,19,35,189,25,15,32,289,,02,23,066,29*79
$GPGSV,3,3,12,07,20,124,,21,17,050,23,24,08,306,,23,01,328,*7B
$GPRMC,171718.000,A,4530.7733,N,12242.1439,W,21.29,50.24,210324,,,A*72
$GPVTG,50.24,T,,M,21.29,N,39.4,K,A*38
$GPGGA,171723.000,4530.7928,N,12242.1170,W,1,07,1.6,118.3,M,-19.5,M,,0000*62
$GPGSA,A,3,19,17,30,13,02,21,14,,,,,,2.6,1.6,2.0*38
$GPGSV,3,1,12,22,78,306,,14,71,045,34,17,61,161,28,13,54,250,28*74
$GPGSV,3,2,12,30,52,125,29,19,35,189,21,15,32,289,,02,23,066,20*78
$GPGSV,3,3,12,07,20,124,,21,17,050,28,24,08,306,,23,01,328,*70
$GPRMC,171723.000,A,4530.7928,N,12242.1170,W,17.83,41.29,210324,,,A*7E
$GPVTG,41.29,T,,M,17.83,N,33.0,K,A*3E
$GPGGA,171728.000,4530.8121,N,12242.0969,W,1,07,1.6,111.4,M,-19.5,M,,0000*68
$GPGSA,A,3,19,17,30,13,02,21,14,,,,,,2.6,1.6,2.0*38
$GPGSV,3,1,12,22,78,306,,14,71,045,33,17,61,161,28,13,54,250,29*72
$GPGSV,3,2,12,30,52,125,28,19,35,189,22,15,32,289,,02,23,066,24*7E
$GPGSV,3,3,12,07,20,124,,21,17,050,28,24,08,306,,23,01,328,*70
$GPRMC,171728.000,A,4530.8121,N,12242.0969,W,15.59,35.76,210324,,,A*76
$GPVTG,35.76,T,,M,15.59,N,28.9,K,A*31
$GPGGA,171733.000,4530.8262,N,12242.0843,W,1,07,1.6,105.0,M,-19.5,M,,0000*6E
$GPGSA,A,3,19,17,30,13,02,21,14,,,,,,2.6,1.6,2.0*38
$GPGSV,3,1,12,22,78,306,,14,71,045,33,17,61,161,22,13,54,250,28*79
$GPGSV,3,2,12,30,52,125,29,19,35,189,21,15,32,289,,02,23,066,26*7E
$GPGSV,3,3,12,07,20,124,,21,17,050,27,24,08,306,,23,01,328,*7F
$GPRMC,171733.000,A,4530.8262,N,12242.0843,W,11.69,31.68,210324,,,A*7D
$GPVTG,31.68,T,,M,11.69,N,21.6,K,A*3B
$GPGGA,171738.000,4530.8393,N,12242.0705,W,1,08,1.5,101.8,M,-19.5,M,,0000*67
$GPGSA,A,3,22,19,17,30,13,02,21,14,,,,,2.4,1.5,1.9*33
$GPGSV,3,1,12,22,78,306,15,14,71,045,33,17,61,161,21,13,54,250,20*76
$GPGSV,3,2,12,30,52,125,29,19,35,189,22,15,32,289,,02,23,066,17*7F
$GPRMC,171738.000,A,4530.8393,N,12242.0705,W,13.18,34.57,210324,,,A*79
$GPVTG,34.57,T,,M,13.18,N,24.4,K,A*31
$GPGGA,171743.000,4530.8575,N,12242.0547,W,1,09,1.1,101.8,M,-19.5,M,,0000*64
$GPGSA,A,3,22,19,17,30,13,02,21,15,14,,,,2.0,1.1,1.6*38
$GPGSV,3,1,12,22,78,306,23,14,71,045,34,17,61,161,17,13,54,250,20*71
$GPGSV,3,2,12,30,52,125,29,19,35,189,16,15,32,289,13,02,23,066,19*74
$GPGSV,3,3,12,07,20,124,,21,17,050,19,24,08,306,,23,01,328,*72
$GPRMC,171743.000,A,4530.8575,N,12242.0547,W,18.42,31.27,210324,,,A*79
$GPGGA,171748.000,4530.8837,N,12242.0310,W,1,08,1.1,101.1,M,-19.5,M,,0000*68
$GPGSA,A,3,22,19,17,30,13,21,15,14,,,,,2.1,1.1,1.7*3A
$GPGSV,3,1,12,22,78,307,24,14,71,045,34,17,61,161,17,13,54,250,20*77
$GPGSV,3,2,12,30,52,125,29,19,35,189,17,15,32,289,21,02,23,066,07*7B
$GPGSV,3,3,12,07,20,124,,21,17,050,20,24,08,306,,23,01,328,*78
$GPRMC,171748.000,A,4530.8837,N,12242.0310,W,21.72,30.97,210324,,,A*7E
$GPVTG,30.97,T,,M,21.72,N,40.2,K,A*30
$GPGGA,171753.000,4530.9082,N,12242.0056,W,1,08,1.1,98.0,M,-19.5,M,,0000*54
$GPGSA,A,3,22,19,17,30,13,21,15,14,,,,,2.1,1.1,1.7*3A
$GPGSV,3,1,12,22,78,307,31,14,71,045,34,17,61,161,18,13,54,250,21*7D
$GPGSV,3,2,12,30,52,125,28,19,35,189,24,15,32,289,21,02,23,066,*7D
$GPGSV,3,3,12,07,20,124,,21,17,050,26,24,08,306,,23,01,328,*7E
$GPRMC,171753.000,A,4530.9082,N,12242.0056,W,18.46,38.42,210324,,,A*7F
$GPVTG,38.42,T,,M,18.46,N,34.2,K,A*3E
$GPGGA,171758.000,4530.9250,N,12241.9843,W,1,08,1.1,94.2,M,-19.5,M,,0000*5A
$GPGSA,A,3,22,19,17,30,13,21,15,14,,,,,2.1,1.1,1.7*3A
$GPGSV,3,1,12,22,78,307,32,14,71,045,25,17,61,161,15,13,54,250,30*73
$GPGSV,3,2,12,30,52,125,22,19,35,189,17,15,32,289,20,02,23,066,*76
$GPGSV,3,3,12,07,20,124,,21,17,050,14,24,08,306,,23,01,328,*7F
$GPRMC,171758.000,A,4530.9250,N,12241.9843,W,15.66,43.69,210324,,,A*75
$GPVTG,43.69,T,,M,15.66,N,29.0,K,A*3A
$GPGGA,171803.000,4530.9386,N,12241.9615,W,1,05,3.6,96.6,M,-19.5,M,,0000*52
$GPGSA,A,3,22,13,21,15,14,,,,,,,,4.4,3.6,2.6*33
$GPGSV,3,1,12,22,78,307,33,14,71,045,25,17,61,161,11,13,54,250,24*73
$GPGSV,3,2,12,30,52,125,,19,35,189,,15,32,289,20,02,23,066,*70
$GPGSV,3,3,12,07,20,124,,21,17,050,15,24,08,306,,23,01,328,*7E
$GPRMC,171803.000,A,4530.9386,N,12241.9615,W,15.40,54.63,210324,,,A*7B
$GPVTG,54.63,T,,M,15.40,N,28.5,K,A*36
$GPGGA,171808.000,4530.9484,N,12241.9344,W,6,00,50.0,97.3,M,-19.5,M,,0000*6B
$GPGSA,A,2,,,,,,,,,,,,,50.0,50.0,50.0*06
$GPGSV,3,1,12,22,78,307,10,14,71,045,12,17,61,161,,13,54,250,14*75
$GPGSV,3,2,12,30,52,125,,19,35,189,,15,32,289,13,02,23,066,*70
$GPGSV,3,3,12,07,20,124,,21,17,050,,24,08,306,,23,01,328,*7A
$GPVTG,65.56,T,,M,14.65,N,27.1,K,N*30
$GPGGA,171813.000,4530.9568,N,12241.9080,W,6,00,50.0,97.1,M,-19.5,M,,0000*6B
$GPGSA,A,2,,,,,,,,,,,,,50.0,50.0,50.0*06
$GPGSV,3,1,12,22,78,307,,14,71,045,,17,61,161,,13,54,250,*72
$GPGSV,3,2,12,30,52,125,,19,35,189,,15,32,289,,02,23,066,*72
$GPGSV,3,3,12,07,20,124,,21,17,050,,24,08,306,,23,01,328,*7A
$GPRMC,171813.000,A,4530.9568,N,12241.9080,W,14.65,65.56,210324,,,E*70
$GPVTG,65.56,T,,M,14.65,N,27.1,K,N*30
$GPGGA,171818.000,4530.9653,N,12241.8817,W,6,00,50.0,96.9,M,-19.5,M,,0000*65
$GPGSA,A,2,,,,,,,,,,,,,50.0,50.0,50.0*06
$GPGSV,3,1,12,22,78,307,,14,71,045,,17,61,161,,13,54,250,*72
$GPGSV,3,2,12,30,52,125,,19,35,189,,15,32,289,,02,23,066,*72
$GPGSV,3,3,12,07,20,124,,21,17,050,,24,08,306,,23,01,328,*7A
$GPRMC,171818.000,A,4530.9653,N,12241.8817,W,14.65,65.56,210324,,,E*77
$GPVTG,65.56,T,,M,14.65,N,27.1,K,N*30
$GPGGA,171838.000,4530.9535,N,12241.7208,W,1,04,4.5,95.0,M,-19.5,M,,0000*52
$GPGSA,A,3,30,02,21,07,,,,,,,,,4.6,4.5,1.0*35
$GPGSV,3,1,12,22,78,307,28,14,71,045,,17,61,161,,13,54,250,*78
$GPGSV,3,2,12,30,52,125,33,19,35,189,,15,32,289,,02,23,066,33*72
$GPGSV,3,3,12,07,20,124,25,21,17,050,28,24,08,306,,23,01,328,*77
$GPRMC,171838.000,A,4530.9535,N,12241.7208,W,22.49,95.44,210324,,,A*7E
$GPVTG,95.44,T,,M,22.49,N,41.7,K,N*31
$GPGGA,171843.000,4530.9167,N,12241.6019,W,1,08,1.1,66.8,M,-19.5,M,,0000*57
$GPGSA,A,3,30,02,21,22,14,15,19,13,,,,,2.0,1.1,1.7*3F
$GPGSV,3,1,12,22,78,307,28,14,71,045,25,17,61,161,,13,54,250,19*77
$GPGSV,3,2,12,30,52,125,32,19,35,189,25,15,32,289,25,02,23,066,33*73
$GPGSV,3,3,12,07,20,124,23,21,17,050,28,24,08,306,,23,01,328,*71
$GPRMC,171843.000,A,4530.9167,N,12241.6019,W,35.22,103.48,210324,,,A*4B
$GPVTG,103.48,T,,M,35.22,N,65.2,K,A*04
$GPGGA,171848.000,4530.9055,N,12241.5326,W,1,10,1.0,65.8,M,-19.5,M,,0000*5B
$GPGSA,A,3,30,02,21,22,07,14,15,19,17,13,,,1.8,1.0,1.5*36
$GPGSV,3,1,12,22,78,307,28,14,71,045,24,17,61,161,20,13,54,250,22*7C
$GPGSV,3,2,12,30,52,125,31,19,35,189,21,15,32,289,17,02,23,066,31*77
$GPGSV,3,3,12,07,20,124,26,21,17,050,28,24,08,306,,23,01,328,*74
$GPRMC,171848.000,A,4530.9055,N,12241.5326,W,35.74,106.43,210324,,,A*41
$GPVTG,106.43,T,,M,35.74,N,66.2,K,A*0A
$GPGGA,171853.000,4530.8893,N,12241.4689,W,1,10,1.0,65.4,M,-19.5,M,,0000*5F
$GPGSA,A,3,30,02,21,22,07,14,15,19,17,13,,,1.8,1.0,1.5*36
$GPGSV,3,1,12,22,78,307,29,14,71,045,26,17,61,161,14,13,54,250,22*78
$GPGSV,3,2,12,30,52,125,29,19,35,189,22,15,32,289,19,02,23,066,26*75
$GPGSV,3,3,12,07,20,124,25,21,17,050,21,24,08,306,,23,01,328,*7E
$GPVTG,113.95,T,,M,29.62,N,54.8,K,A*04
$GPGGA,171858.000,4530.8671,N,12241.4297,W,1,09,1.0,67.4,M,-19.5,M,,0000*57
$GPGSA,A,3,30,02,21,22,07,14,15,19,13,,,,1.9,1.0,1.6*32
$GPGSV,3,1,12,22,78,307,29,14,71,045,31,17,61,161,,13,54,250,25*7C
$GPGSV,3,2,12,30,52,125,20,19,35,189,16,15,32,289,27,02,23,066,28*78
$GPGSV,3,3,12,07,20,124,16,21,17,050,21,24,08,306,,23,01,328,*7E
$GPRMC,171858.000,A,4530.8671,N,12241.4297,W,23.30,134.34,210324,,,A*4D
$GPVTG,134.34,T,,M,23.30,N,43.2,K,A*0B
$GPGGA,171903.000,4530.8417,N,12241.4045,W,1,08,1.4,63.8,M,-19.5,M,,0000*5A
$GPGSA,A,3,30,21,22,07,14,19,17,13,,,,,2.3,1.4,1.9*30
$GPGSV,3,1,12,22,78,307,22,14,71,045,33,17,61,161,25,13,54,250,27*70
$GPGSV,3,2,12,30,52,125,31,19,35,189,23,15,32,289,25,02,23,066,21*75
$GPGSV,3,3,12,07,20,124,22,21,17,050,20,24,08,306,,23,01,328,*78
$GPRMC,171903.000,A,4530.8417,N,12241.4045,W,24.19,149.85,210324,,,A*41
$GPVTG,149.85,T,,M,24.19,N,44.8,K,A*0A
$GPGGA,171908.000,4530.8094,N,12241.3874,W,1,05,1.7,60.7,M,-19.5,M,,0000*51
$GPGSA,A,3,30,14,07,15,19,,,,,,,,3.0,1.7,2.5*3D
$GPGSV,3,1,12,22,78,307,,14,71,045,32,17,61,161,,13,54,250,*73
$GPGSV,3,2,12,30,52,125,25,19,35,189,23,15,32,289,14,02,23,066,*71
$GPGSV,3,3,12,07,20,124,18,21,17,050,,24,08,306,,23,01,328,*73
$GPRMC,171908.000,A,4530.8094,N,12241.3874,W,24.41,166.34,210324,,,A*42
$GPVTG,166.34,T,,M,24.41,N,45.2,K,A*0B
$GPGGA,171913.000,4530.7661,N,12241.3765,W,1,10,1.0,61.6,M,-19.5,M,,0000*54
$GPGSA,A,3,30,14,02,22,07,21,15,19,17,13,,,1.8,1.0,1.5*36
$GPGSV,3,1,12,22,78,307,18,14,71,045,30,17,61,161,28,13,54,250,28*78
$GPGSV,3,2,12,30,52,125,32,19,35,189,30,15,32,289,22,02,23,066,21*73
$GPGSV,3,3,12,07,20,124,32,21,17,050,25,24,08,306,,23,01,328,*7C
$GPRMC,171913.000,A,4530.7661,N,12241.3765,W,30.92,166.78,210324,,,A*47
$GPVTG,166.78,T,,M,30.92,N,57.3,K,A*0A
$GPGGA,171918.000,4530.7217,N,12241.3565,W,1,09,1.1,61.5,M,-19.5,M,,0000*52
$GPGSA,A,3,30,14,02,22,21,15,19,17,13,,,,2.0,1.1,1.6*38
$GPGSV,3,1,12,22,78,307,18,14,71,045,26,17,61,161,26,13,54,250,27*7E
$GPGSV,3,2,12,30,52,125,32,19,35,189,19,15,32,289,24,02,23,066,29*76
$GPGSV,3,3,12,07,20,124,18,21,17,050,24,24,08,306,,23,01,328,*75
$GPRMC,171918.000,A,4530.7217,N,12241.3565,W,36.49,160.04,210324,,,A*46
$GPVTG,160.04,T,,M,36.49,N,67.6,K,A*01
$GPGGA,171923.000,4530.6714,N,12241.3266,W,1,09,1.1,62.9,M,-19.4,M,,0000*57
$GPGSA,A,3,30,14,02,22,07,15,19,17,13,,,,1.9,1.1,1.6*36
$GPGSV,3,1,12,22,78,307,17,14,71,045,31,17,61,161,15,13,54,250,26*76
$GPGSV,3,2,12,30,52,125,31,19,35,189,18,15,32,289,19,02,23,066,26*75
$GPGSV,3,3,12,07,20,124,28,21,17,050,,24,08,306,,23,01,328,*70
$GPRMC,171923.000,A,4530.6714,N,12241.3266,W,39.83,156.01,210324,,,A*44
$GPVTG,156.01,T,,M,39.83,N,73.8,K,A*03
$GPGGA,171928.000,4530.6227,N,12241.2874,W,1,10,1.0,63.7,M,-19.4,M,,0000*57
$GPGSA,A,3,30,14,02,22,07,21,15,19,17,13,,,1.8,1.0,1.5*36
$GPGSV,3,1,12,22,78,307,18,14,71,045,33,17,61,161,27,13,54,250,28*74
$GPGSV,3,2,12,30,52,125,24,19,35,189,19,15,32,289,28,02,23,066,32*77
$GPGSV,3,3,12,07,20,124,29,21,17,050,19,24,08,306,,23,01,328,*79
$GPVTG,146.17,T,,M,40.80,N,75.6,K,A*00
$GPGGA,171933.000,4530.5765,N,12241.2352,W,1,09,1.1,62.7,M,-19.4,M,,0000*5A
$GPGSA,A,3,30,14,02,22,07,15,19,17,13,,,,1.9,1.1,1.6*36
$GPGSV,3,1,12,22,78,307,21,14,71,045,32,17,61,161,28,13,54,250,29*71
$GPGSV,3,2,12,30,52,125,24,19,35,189,20,15,32,289,20,02,23,066,32*75
$GPGSV,3,3,12,07,20,124,18,21,17,050,11,24,08,306,,23,01,328,*73
$GPRMC,171933.000,A,4530.5765,N,12241.2352,W,42.39,138.69,210324,,,A*4C
$GPVTG,138.69,T,,M,42.39,N,78.5,K,A*0E
$GPGGA,171938.000,4530.5339,N,12241.1761,W,1,08,1.2,60.4,M,-19.4,M,,0000*58
$GPGSA,A,3,30,14,02,22,15,19,17,13,,,,,2.2,1.2,1.8*34
$GPGSV,3,1,12,22,78,307,21,14,71,045,33,17,61,161,28,13,54,250,17*7D
$GPGSV,3,2,12,30,52,125,21,19,35,189,13,15,32,289,16,02,23,066,29*7F
$GPGSV,3,3,12,07,20,124,18,21,17,050,,24,08,306,,23,01,328,*73
$GPRMC,171938.000,A,4530.5339,N,12241.1761,W,43.40,135.30,210324,,,A*43
$GPVTG,135.30,T,,M,43.40,N,80.4,K,A*06
$GPGGA,171943.000,4530.4916,N,12241.1091,W,1,09,1.2,56.2,M,-19.4,M,,0000*58
$GPGSA,A,3,30,14,02,22,07,21,15,17,13,,,,2.0,1.2,1.6*34
$GPGSV,3,1,12,22,78,307,14,14,71,045,33,17,61,161,25,13,54,250,12*73
$GPGSV,3,2,12,30,52,125,20,19,35,189,,15,32,289,19,02,23,066,30*7B
$GPGSV,3,3,12,07,20,124,18,21,17,050,22,24,08,306,,23,01,328,*73
$GPRMC,171943.000,A,4530.4916,N,12241.1091,W,47.60,133.00,210324,,,A*42
$GPVTG,133.00,T,,M,47.60,N,88.2,K,A*0B
$GPGGA,171948.000,4530.4428,N,12241.0400,W,1,10,1.0,53.2,M,-19.4,M,,0000*51
$GPGSA,A,3,30,14,02,22,07,21,15,19,17,13,,,1.8,1.0,1.5*36
$GPGSV,3,1,12,22,78,307,13,14,71,045,33,17,61,161,24,13,54,250,19*7E
$GPGSV,3,2,12,30,52,125,20,19,35,189,19,15,32,289,20,02,23,066,25*7D
$GPGSV,3,3,12,07,20,124,17,21,17,050,17,24,08,306,,23,01,328,*7A
$GPRMC,171948.000,A,4530.4428,N,12241.0400,W,49.37,133.84,210324,,,A*44
$GPVTG,133.84,T,,M,49.37,N,91.4,K,A*05
$GPGGA,171953.000,4530.3974,N,12240.9727,W,1,09,1.1,49.6,M,-19.4,M,,0000*50
$GPGSA,A,3,30,14,02,22,07,15,19,17,13,,,,1.9,1.1,1.6*36
$GPGSV,3,1,12,22,78,307,26,14,71,045,32,17,61,161,31,13,54,250,26*71
$GPGSV,3,2,12,30,52,125,23,19,35,189,18,15,32,289,20,02,23,066,30*7B
$GPGSV,3,3,12,07,20,124,17,21,17,050,,24,08,306,,23,01,328,*7C
$GPRMC,171953.000,A,4530.3974,N,12240.9727,W,46.55,133.16,210324,,,A*43
$GPVTG,133.16,T,,M,46.55,N,86.2,K,A*05
$GPGGA,171958.000,4530.3568,N,12240.8986,W,1,10,1.0,45.9,M,-19.4,M,,0000*54
$GPGSA,A,3,30,14,02,22,07,21,15,19,17,13,,,1.8,1.0,1.5*36
$GPGSV,3,1,12,22,78,307,27,14,71,045,25,17,61,161,32,13,54,250,24*77
$GPGSV,3,2,12,30,52,125,31,19,35,189,18,15,32,289,22,02,23,066,30*7A
$GPGSV,3,3,12,07,20,124,27,21,17,050,30,24,08,306,,23,01,328,*7C
$GPRMC,171958.000,A,4530.3568,N,12240.8986,W,47.74,121.58,210324,,,A*46
$GPVTG,121.58,T,,M,47.74,N,88.4,K,A*06
$GPGGA,172003.000,4530.3299,N,12240.8067,W,1,10,1.0,45.3,M,-19.4,M,,0000*55
$GPGSA,A,3,30,14,02,22,07,21,15,19,17,13,,,1.8,1.0,1.5*36
$GPGSV,3,1,12,22,78,307,23,14,71,045,20,17,61,161,29,13,54,250,26*7E
$GPGSV,3,2,12,30,52,125,32,19,35,189,17,15,32,289,16,02,23,066,32*73
$GPRMC,172003.000,A,4530.3299,N,12240.8067,W,50.28,107.46,210324,,,A*49
$GPVTG,107.46,T,,M,50.28,N,93.1,K,A*0D
$GPGGA,172008.000,4530.3195,N,12240.7019,W,1,10,1.0,42.3,M,-19.4,M,,0000*50
$GPGSA,A,3,30,14,02,22,07,21,15,19,17,13,,,1.8,1.0,1.5*36
$GPGSV,3,1,12,22,78,307,23,14,71,045,27,17,61,161,19,13,54,250,18*77
$GPGSV,3,2,12,30,52,125,24,19,35,189,16,15,32,289,17,02,23,066,31*77
$GPGSV,3,3,12,07,20,124,16,21,17,050,31,24,08,306,,23,01,328,*7F
$GPRMC,172008.000,A,4530.3195,N,12240.7019,W,53.60,95.17,210324,,,A*7A
$GPGGA,172013.000,4530.3104,N,12240.5981,W,1,10,1.0,39.8,M,-19.4,M,,0000*5F
$GPGSA,A,3,30,14,02,22,07,21,15,19,17,13,,,1.8,1.0,1.5*36
$GPGSV,3,1,12,22,78,307,23,14,71,045,32,17,61,161,28,13,54,250,18*71
$GPGSV,3,2,12,30,52,125,28,19,35,189,27,15,32,289,22,02,23,066,29*76
$GPGSV,3,3,12,07,20,124,16,21,17,050,31,24,08,306,,23,01,328,*7F
$GPRMC,172013.000,A,4530.3104,N,12240.5981,W,49.92,98.52,210324,,,A*78
$GPVTG,98.52,T,,M,49.92,N,92.4,K,A*32
$GPGGA,172018.000,4530.3011,N,12240.5043,W,1,10,1.0,40.7,M,-19.4,M,,0000*57
$GPGSA,A,3,30,14,02,22,07,21,15,19,17,13,,,1.8,1.0,1.5*36
$GPGSV,3,1,12,22,78,307,24,14,71,045,33,17,61,161,29,13,54,250,27*7A
$GPGSV,3,2,12,30,52,125,26,19,35,189,26,15,32,289,22,02,23,066,29*79
$GPGSV,3,3,12,07,20,124,18,21,17,050,32,24,08,306,,23,01,328,*72
$GPRMC,172018.000,A,4530.3011,N,12240.5043,W,46.09,97.06,210324,,,A*72
$GPVTG,97.06,T,,M,46.09,N,85.3,K,A*30
$GPGGA,172023.000,4530.3055,N,12240.4156,W,1,11,0.9,45.0,M,-19.4,M,,0000*50
$GPGSA,A,3,30,14,02,22,07,21,15,19,17,13,24,,1.5,0.9,1.2*32
$GPGSV,3,1,12,22,78,307,24,14,71,045,29,17,61,161,26,13,54,250,22*7B
$GPGSV,3,2,12,30,52,125,19,19,35,189,21,15,32,289,29,02,23,066,17*74
$GPGSV,3,3,12,07,20,124,17,21,17,050,27,24,08,306,22,23,01,328,*79
$GPRMC,172023.000,A,4530.3055,N,12240.4156,W,43.85,78.06,210324,,,A*7E
$GPVTG,78.06,T,,M,43.85,N,81.2,K,A*35
$GPGGA,172028.000,4530.3403,N,12240.3439,W,1,09,1.0,53.3,M,-19.4,M,,0000*52
$GPGSA,A,3,30,14,02,07,15,19,17,13,24,,,,1.7,1.0,1.4*3D
$GPGSV,3,1,12,22,78,307,11,14,71,045,29,17,61,161,26,13,54,250,22*7D
$GPGSV,3,2,12,30,52,125,23,19,35,189,29,15,32,289,21,02,23,066,28*71
$GPGSV,3,3,12,07,20,124,18,21,17,050,,24,08,306,22,23,01,328,*73
$GPRMC,172028.000,A,4530.3403,N,12240.3439,W,43.47,47.88,210324,,,A*7D
$GPVTG,47.88,T,,M,43.47,N,80.5,K,A*37
$GPGGA,172033.000,4530.3860,N,12240.2871,W,1,11,0.9,57.6,M,-19.4,M,,0000*50
$GPGSA,A,3,30,14,02,22,07,21,15,19,17,13,24,,1.5,0.9,1.2*32
$GPGSV,3,1,12,22,78,307,20,14,71,045,29,17,61,161,27,13,54,250,24*78
$GPGSV,3,2,12,30,52,125,30,19,35,189,28,15,32,289,23,02,23,066,27*7F
$GPGSV,3,3,12,07,20,124,18,21,17,050,20,24,08,306,21,23,01,328,*72
$GPRMC,172033.000,A,4530.3860,N,12240.2871,W,42.72,42.54,210324,,,A*7C
$GPVTG,42.54,T,,M,42.72,N,79.1,K,A*36
$GPGGA,172038.000,4530.4249,N,12240.2301,W,1,10,1.0,59.5,M,-19.4,M,,0000*55
$GPGSA,A,3,30,14,02,22,07,15,19,17,13,24,,,1.6,1.0,1.2*3A
$GPGSV,3,1,12,22,78,307,25,14,71,045,23,17,61,161,27,13,54,250,24*77
$GPGSV,3,2,12,30,52,125,22,19,35,189,28,15,32,289,24,02,23,066,23*7F
$GPRMC,172038.000,A,4530.4249,N,12240.2301,W,38.88,49.07,210324,,,A*78
$GPVTG,49.07,T,,M,38.88,N,72.0,K,A*39
$GPGGA,172043.000,4530.4605,N,12240.1712,W,1,10,1.0,61.1,M,-19.4,M,,0000*5F
$GPGSA,A,3,30,14,02,22,07,15,19,17,13,24,,,1.6,1.0,1.2*3A
$GPGSV,3,1,12,22,78,307,26,14,71,045,25,17,61,161,27,13,54,250,24*72
$GPGSV,3,2,12,30,52,125,23,19,35,189,25,15,32,289,23,02,23,066,24*73
$GPGSV,3,3,12,07,20,124,18,21,17,050,,24,08,306,20,23,01,328,*71
$GPRMC,172043.000,A,4530.4605,N,12240.1712,W,38.95,49.26,210324,,,A*72
$GPGGA,172048.000,4530.4940,N,12240.1139,W,1,10,1.0,59.6,M,-19.4,M,,0000*59
$GPGSA,A,3,30,14,02,22,07,15,19,17,13,24,,,1.6,1.0,1.2*3A
$GPGSV,3,1,12,22,78,313,28,14,70,047,27,17,63,159,28,13,53,248,23*77
$GPGSV,3,2,12,30,51,126,23,19,37,189,23,15,33,288,23,02,23,065,25*75
$GPGSV,3,3,12,07,19,125,18,21,17,049,,24,09,306,21,23,01,327,*7D
$GPRMC,172048.000,A,4530.4940,N,12240.1139,W,37.04,49.89,210324,,,A*7A
$GPVTG,49.89,T,,M,37.04,N,68.6,K,A*39
$GPGGA,172053.000,4530.5274,N,12240.0572,W,1,11,0.9,57.0,M,-19.4,M,,0000*55
$GPGSA,A,3,30,14,02,22,07,21,15,19,17,13,24,,1.5,0.9,1.2*32
$GPGSV,3,1,12,22,78,313,25,14,70,047,32,17,63,159,28,13,53,248,23*7E
$GPGSV,3,2,12,30,51,126,23,19,37,189,23,15,33,288,21,02,23,065,26*74
$GPGSV,3,3,12,07,19,125,18,21,17,049,23,24,09,306,21,23,01,327,*7C
$GPRMC,172053.000,A,4530.5274,N,12240.0572,W,37.60,48.67,210324,,,A*74
$GPVTG,48.67,T,,M,37.60,N,69.6,K,A*3B
$GPGGA,172058.000,4530.5676,N,12240.0082,W,1,11,0.9,56.1,M,-19.4,M,,0000*52
$GPGSA,A,3,30,14,02,22,07,21,15,19,17,13,24,,1.5,0.9,1.2*32
$GPGSV,3,1,12,22,78,313,20,14,70,047,27,17,63,159,27,13,53,248,24*77
$GPGSV,3,2,12,30,51,126,29,19,37,189,24,15,33,288,20,02,23,065,26*78
$GPGSV,3,3,12,07,19,125,17,21,17,049,25,24,09,306,22,23,01,327,*76
$GPRMC,172058.000,A,4530.5676,N,12240.0082,W,38.46,31.44,210324,,,A*77
$GPVTG,31.44,T,,M,38.46,N,71.2,K,A*32
$GPGGA,172103.000,4530.6204,N,12239.9919,W,1,11,0.9,49.3,M,-19.4,M,,0000*5F
$GPGSA,A,3,30,14,02,22,07,21,15,19,17,13,24,,1.5,0.9,1.2*32
$GPGSV,3,1,12,22,78,313,22,14,70,047,16,17,63,159,25,13,53,248,31*71
$GPGSV,3,2,12,30,51,126,18,19,37,189,25,15,33,288,26,02,23,065,16*7E
$GPGSV,3,3,12,07,19,125,17,21,17,049,16,24,09,306,28,23,01,327,*7C
$GPRMC,172103.000,A,4530.6204,N,12239.9919,W,37.55,6.68,210324,,,A*41
$GPVTG,6.68,T,,M,37.55,N,69.5,K,A*0B
$GPGGA,172108.000,4530.6677,N,12239.9989,W,1,09,1.0,44.8,M,-19.4,M,,0000*5A
$GPGSA,A,3,30,14,02,22,07,15,19,13,24,,,,1.6,1.0,1.3*3D
$GPGSV,3,1,12,22,78,313,24,14,70,047,25,17,63,159,18,13,53,248,35*7D
$GPGSV,3,2,12,30,51,126,26,19,37,189,23,15,33,288,25,02,23,065,15*75
$GPGSV,3,3,12,07,19,125,22,21,17,049,,24,09,306,31,23,01,327,*75
$GPRMC,172108.000,A,4530.6677,N,12239.9989,W,32.99,346.98,210324,,,A*4E
$GPVTG,346.98,T,,M,32.99,N,61.1,K,A*0A
$GPGGA,172113.000,4530.7103,N,12240.0235,W,1,10,1.0,39.6,M,-19.4,M,,0000*52
$GPGSA,A,3,30,14,02,22,07,15,19,17,13,24,,,1.6,1.0,1.2*3A
$GPGSV,3,1,12,22,78,313,16,14,70,047,26,17,63,159,21,13,53,248,33*73
$GPGSV,3,2,12,30,51,126,26,19,37,189,28,15,33,288,29,02,23,065,16*71
$GPRMC,172113.000,A,4530.7103,N,12240.0235,W,33.18,339.33,210324,,,A*4B
$GPVTG,339.33,T,,M,33.18,N,61.5,K,A*0F
$GPGGA,172118.000,4530.7554,N,12240.0424,W,1,11,0.9,34.0,M,-19.4,M,,0000*5B
$GPGSA,A,3,30,14,02,22,07,21,15,19,17,13,24,,1.5,0.9,1.2*32
$GPGSV,3,1,12,22,78,313,16,14,70,047,22,17,63,159,23,13,53,248,32*74
$GPGSV,3,2,12,30,51,126,24,19,37,189,28,15,33,288,31,02,23,065,22*7D
$GPGSV,3,3,12,07,19,125,26,21,17,049,21,24,09,306,29,23,01,327,*7B
$GPRMC,172118.000,A,4530.7554,N,12240.0424,W,34.78,352.01,210324,,,A*4D
$GPGGA,172123.000,4530.8007,N,12240.0439,W,1,11,0.9,30.1,M,-19.4,M,,0000*56
$GPGSA,A,3,30,14,02,22,07,21,15,19,17,13,24,,1.5,0.9,1.2*32
$GPGSV,3,1,12,22,78,313,15,14,70,047,15,17,63,159,17,13,53,248,24*73
$GPGSV,3,2,12,30,51,126,16,19,37,189,22,15,33,288,36,02,23,065,20*73
$GPGSV,3,3,12,07,19,125,21,21,17,049,23,24,09,306,24,23,01,327,*73
$GPRMC,172123.000,A,4530.8007,N,12240.0439,W,31.17,1.58,210324,,,A*40
$GPVTG,1.58,T,,M,31.17,N,57.7,K,A*00
$GPGGA,172128.000,4530.8484,N,12240.0391,W,1,11,0.9,22.2,M,-19.4,M,,0000*57
$GPGSA,A,3,30,14,02,22,07,21,15,19,17,13,24,,1.5,0.9,1.2*32
$GPGSV,3,1,12,22,78,313,17,14,70,047,15,17,63,159,24,13,53,248,24*71
$GPGSV,3,2,12,30,51,126,14,19,37,189,24,15,33,288,35,02,23,065,22*76
$GPGSV,3,3,12,07,19,125,21,21,17,049,24,24,09,306,26,23,01,327,*76
$GPRMC,172128.000,A,4530.8484,N,12240.0391,W,37.46,4.06,210324,,,A*4D
$GPVTG,4.06,T,,M,37.46,N,69.4,K,A*02
$GPGGA,172133.000,4530.9092,N,12240.0308,W,1,11,0.9,16.6,M,-19.4,M,,0000*5C
$GPGSA,A,3,30,14,02,22,07,21,15,19,17,13,24,,1.5,0.9,1.2*32
$GPGSV,3,1,12,22,78,313,18,14,70,047,15,17,63,159,24,13,53,248,23*79
$GPGSV,3,2,12,30,51,126,15,19,37,189,23,15,33,288,34,02,23,065,21*72
$GPGSV,3,3,12,07,19,125,23,21,17,049,21,24,09,306,28,23,01,327,*7F
$GPRMC,172133.000,A,4530.9092,N,12240.0308,W,47.60,4.80,210324,,,A*48
$GPVTG,4.80,T,,M,47.60,N,88.2,K,A*06
$GPGGA,172138.000,4530.9764,N,12240.0193,W,1,11,0.9,14.9,M,-19.4,M,,0000*54
$GPGSA,A,3,30,14,02,22,07,21,15,19,17,13,24,,1.5,0.9,1.2*32
$GPGSV,3,1,12,22,78,313,17,14,70,047,25,17,63,159,19,13,53,248,13*78
$GPGSV,3,2,12,30,51,126,27,19,37,189,23,15,33,288,33,02,23,065,15*73
$GPGSV,3,3,12,07,19,125,17,21,17,049,19,24,09,306,25,23,01,327,*7E
$GPRMC,172138.000,A,4530.9764,N,12240.0193,W,48.61,9.73,210324,,,A*42
$GPVTG,9.73,T,,M,48.61,N,90.0,K,A*02
$GPGGA,172143.000,4531.0396,N,12239.9983,W,1,10,1.0,6.5,M,-19.4,M,,0000*61
$GPGSA,A,3,30,14,02,22,21,15,19,17,13,24,,,1.7,1.0,1.4*39
$GPGSV,3,1,12,22,78,313,17,14,70,047,24,17,63,159,19,13,53,248,17*7D
$GPGSV,3,2,12,30,51,126,22,19,37,189,18,15,33,288,23,02,23,065,14*7E
$GPGSV,3,3,12,07,19,125,,21,17,049,14,24,09,306,13,23,01,327,*70
$GPRMC,172143.000,A,4531.0396,N,12239.9983,W,46.56,14.09,210324,,,A*7A
$GPVTG,14.09,T,,M,46.56,N,86.2,K,A*3C
$GPGGA,172148.000,4531.1049,N,12239.9710,W,1,06,2.7,6.2,M,-19.4,M,,0000*6A
$GPGSA,A,3,30,14,02,21,19,17,,,,,,,3.4,2.7,2.1*3A
$GPGSV,3,1,12,22,78,313,17,14,70,047,25,17,63,159,19,13,53,248,*7A
$GPGSV,3,2,12,30,51,126,25,19,37,189,22,15,33,288,19,02,23,065,14*79
$GPGSV,3,3,12,07,19,125,,21,17,049,14,24,09,306,,23,01,327,*72
$GPRMC,172148.000,A,4531.1049,N,12239.9710,W,49.25,14.64,210324,,,A*75
$GPVTG,14.64,T,,M,49.25,N,91.2,K,A*3A
$GPGGA,172153.000,4531.1708,N,12239.9530,W,1,08,1.3,10.6,M,-19.4,M,,0000*58
$GPGSA,A,3,30,14,22,07,15,19,24,13,,,,,1.8,1.3,1.3*32
$GPGSV,3,1,12,22,78,313,24,14,70,047,28,17,63,159,,13,53,248,28*75
$GPGSV,3,2,12,30,51,126,13,19,37,189,18,15,33,288,20,02,23,065,18*73
$GPGSV,3,3,12,07,19,125,13,21,17,049,,24,09,306,13,23,01,327,*77
$GPVTG,10.18,T,,M,48.53,N,89.9,K,A*37
$GPGGA,172158.000,4531.2301,N,12239.9261,W,1,10,1.0,15.5,M,-19.4,M,,0000*52
$GPGSA,A,3,30,14,02,22,07,21,15,19,17,13,,,1.8,1.0,1.5*36
$GPGSV,3,1,12,22,78,313,14,14,70,047,28,17,63,159,22,13,53,248,19*74
$GPGSV,3,2,12,30,51,126,26,19,37,189,21,15,33,288,27,02,23,065,19*79
$GPGSV,3,3,12,07,19,125,12,21,17,049,25,24,09,306,,23,01,327,*73
$GPRMC,172158.000,A,4531.2301,N,12239.9261,W,46.68,14.41,210324,,,A*7A
$GPVTG,14.41,T,,M,46.68,N,86.4,K,A*3B
$GPGGA,172203.000,4531.2930,N,12239.9075,W,1,10,0.9,17.5,M,-19.4,M,,0000*5A
$GPGSA,A,3,14,02,22,07,21,15,19,17,24,13,,,1.5,0.9,1.2*31
$GPGSV,3,1,12,22,78,313,13,14,70,047,17,17,63,159,29,13,53,248,25*7B
$GPGSV,3,2,12,30,51,126,16,19,37,189,21,15,33,288,28,02,23,065,28*77
$GPGSV,3,3,12,07,19,125,15,21,17,049,24,24,09,306,24,23,01,327,*73
$GPRMC,172203.000,A,4531.2930,N,12239.9075,W,46.42,7.75,210324,,,A*45
$GPVTG,7.75,T,,M,46.42,N,86.0,K,A*02
$GPGGA,172208.000,4531.3552,N,12239.9067,W,1,10,1.0,21.9,M,-19.4,M,,0000*5A
$GPGSA,A,3,30,14,02,22,07,15,19,17,24,13,,,1.6,1.0,1.2*3A
$GPGSV,3,1,12,22,78,313,26,14,70,047,17,17,63,159,18,13,53,248,30*7B
$GPGSV,3,2,12,30,51,126,26,19,37,189,20,15,33,288,35,02,23,065,26*77
$GPGSV,3,3,12,07,19,125,25,21,17,049,,24,09,306,25,23,01,327,*77
$GPRMC,172208.000,A,4531.3552,N,12239.9067,W,44.23,1.69,210324,,,A*4A
$GPVTG,1.69,T,,M,44.23,N,81.9,K,A*02
$GPGGA,172213.000,4531.4111,N,12239.9050,W,1,11,0.9,21.7,M,-19.4,M,,0000*57
$GPGSA,A,3,30,14,02,22,07,21,15,19,17,24,13,,1.5,0.9,1.2*32
$GPGSV,3,1,12,22,78,313,30,14,70,047,23,17,63,159,18,13,53,248,29*73
$GPGSV,3,2,12,30,51,126,25,19,37,189,14,15,33,288,35,02,23,065,27*72
$GPGSV,3,3,12,07,19,125,21,21,17,049,21,24,09,306,27,23,01,327,*72
$GPRMC,172213.000,A,4531.4111,N,12239.9050,W,40.56,3.68,210324,,,A*45
$GPVTG,3.68,T,,M,40.56,N,75.1,K,A*04
$GPGGA,172218.000,4531.4655,N,12239.8843,W,1,10,1.0,25.3,M,-19.4,M,,0000*59
$GPGSA,A,3,30,14,02,22,21,15,19,17,24,13,,,1.8,1.0,1.4*36
$GPGSV,3,1,12,22,78,313,23,14,70,047,28,17,63,159,13,13,53,248,23*7B
$GPGSV,3,2,12,30,51,126,24,19,37,189,24,15,33,288,25,02,23,065,24*72
$GPGSV,3,3,12,07,19,125,,21,17,049,21,24,09,306,16,23,01,327,*73
$GPRMC,172218.000,A,4531.4655,N,12239.8843,W,40.19,24.12,210324,,,A*71
$GPVTG,24.12,T,,M,40.19,N,74.4,K,A*33
$GPGGA,172223.000,4531.5048,N,12239.8213,W,1,11,0.9,30.1,M,-19.4,M,,0000*5A
$GPGSA,A,3,30,14,02,22,07,21,15,19,17,24,13,,1.5,0.9,1.2*32
$GPGSV,3,1,12,22,78,313,31,14,70,047,23,17,63,159,30,13,53,248,27*76
$GPGSV,3,2,12,30,51,126,31,19,37,189,24,15,33,288,25,02,23,065,30*73
$GPGSV,3,3,12,07,19,125,20,21,17,049,20,24,09,306,16,23,01,327,*70
$GPRMC,172223.000,A,4531.5048,N,12239.8213,W,43.10,59.44,210324,,,A*7E
$GPVTG,59.44,T,,M,43.10,N,79.8,K,A*31
$GPGGA,172228.000,4531.5168,N,12239.7325,W,1,11,0.9,28.9,M,-19.4,M,,0000*58
$GPGSA,A,3,30,14,02,22,07,21,15,19,17,24,13,,1.5,0.9,1.2*32
$GPGSV,3,1,12,22,78,313,22,14,70,047,29,17,63,159,29,13,53,248,22*73
$GPGSV,3,2,12,30,51,126,19,19,37,189,23,15,33,288,28,02,23,065,22*70
$GPGSV,3,3,12,07,19,125,16,21,17,049,30,24,09,306,20,23,01,327,*71
$GPVTG,79.08,T,,M,45.81,N,84.8,K,A*37
$GPGGA,172233.000,4531.5296,N,12239.6439,W,1,11,0.9,27.1,M,-19.4,M,,0000*5C
$GPGSA,A,3,30,14,02,22,07,21,15,19,17,24,13,,1.5,0.9,1.2*32
$GPGSV,3,1,12,22,78,313,14,14,70,047,22,17,63,159,24,13,53,248,21*73
$GPGSV,3,2,12,30,51,126,22,19,37,189,21,15,33,288,21,02,23,065,13*71
$GPGSV,3,3,12,07,19,125,12,21,17,049,13,24,09,306,18,23,01,327,*7F
$GPRMC,172233.000,A,4531.5296,N,12239.6439,W,44.36,71.14,210324,,,A*72
$GPVTG,71.14,T,,M,44.36,N,82.2,K,A*33
$GPGGA,172238.000,4531.5619,N,12239.5650,W,1,09,1.1,24.6,M,-19.4,M,,0000*5E
$GPGSA,A,3,30,14,02,22,21,15,19,17,13,,,,2.0,1.1,1.7*39
$GPGSV,3,1,12,22,78,313,23,14,70,047,19,17,63,159,29,13,53,248,26*75
$GPGSV,3,2,12,30,51,126,17,19,37,189,27,15,33,288,22,02,23,065,31*72
$GPGSV,3,3,12,07,19,125,,21,17,049,25,24,09,306,,23,01,327,*70
$GPRMC,172238.000,A,4531.5619,N,12239.5650,W,47.02,56.19,210324,,,A*78
$GPVTG,56.19,T,,M,47.02,N,87.1,K,A*39
$GPGGA,172243.000,4531.6034,N,12239.4880,W,1,09,1.1,26.9,M,-19.4,M,,0000*57
$GPGSA,A,3,30,14,02,22,21,15,19,17,13,,,,2.0,1.1,1.7*39
$GPGSV,3,1,12,22,78,313,23,14,70,047,21,17,63,159,30,13,53,248,26*76
$GPGSV,3,2,12,30,51,126,16,19,37,189,29,15,33,288,20,02,23,065,32*7C
$GPGSV,3,3,12,07,19,125,,21,17,049,25,24,09,306,,23,01,327,*70
$GPRMC,172243.000,A,4531.6034,N,12239.4880,W,49.33,54.26,210324,,,A*7E
$GPVTG,54.26,T,,M,49.33,N,91.4,K,A*39
$GPGGA,172248.000,4531.6437,N,12239.4067,W,1,09,1.1,30.4,M,-19.4,M,,0000*50
$GPGSA,A,3,30,14,02,22,21,15,19,17,13,,,,2.0,1.1,1.7*39
$GPGSV,3,1,12,22,78,313,25,14,70,047,22,17,63,159,30,13,53,248,27*72
$GPGSV,3,2,12,30,51,126,17,19,37,189,23,15,33,288,20,02,23,065,31*74
$GPGSV,3,3,12,07,19,125,,21,17,049,25,24,09,306,,23,01,327,*70
$GPRMC,172248.000,A,4531.6437,N,12239.4067,W,49.92,57.37,210324,,,A*7B
$GPVTG,57.37,T,,M,49.92,N,92.4,K,A*32
$GPGGA,172253.000,4531.6759,N,12239.3206,W,1,09,1.1,32.6,M,-19.4,M,,0000*53
$GPGSA,A,3,30,14,02,22,21,15,19,17,13,,,,2.0,1.1,1.7*39
$GPGSV,3,1,12,22,78,313,27,14,70,047,23,17,63,159,30,13,53,248,28*7E
$GPGSV,3,2,12,30,51,126,17,19,37,189,22,15,33,288,29,02,23,065,26*7A
$GPGSV,3,3,12,07,19,125,,21,17,049,17,24,09,306,,23,01,327,*71
$GPRMC,172253.000,A,4531.6759,N,12239.3206,W,48.17,64.41,210324,,,A*75
$GPVTG,64.41,T,,M,48.17,N,89.2,K,A*33
$GPGGA,172258.000,4531.7018,N,12239.2318,W,1,09,1.1,36.8,M,-19.4,M,,0000*5E
$GPGSA,A,3,30,14,02,22,21,15,19,17,13,,,,2.0,1.1,1.7*39
$GPGSV,3,1,12,22,78,313,27,14,70,047,25,17,63,159,30,13,53,248,27*77
$GPGSV,3,2,12,30,51,126,24,19,37,189,15,15,33,288,28,02,23,065,15*7F
$GPGSV,3,3,12,07,19,125,,21,17,049,21,24,09,306,,23,01,327,*74
$GPRMC,172258.000,A,4531.7018,N,12239.2318,W,49.10,69.27,210324,,,A*79
$GPVTG,69.27,T,,M,49.10,N,90.9,K,A*3B
$GPGGA,172303.000,4531.7245,N,12239.1366,W,1,09,1.1,38.0,M,-19.4,M,,0000*57
$GPGSA,A,3,30,14,02,22,21,15,19,17,13,,,,2.0,1.1,1.7*39
$GPGSV,3,1,12,22,78,313,25,14,70,047,26,17,63,159,26,13,53,248,24*72
$GPGSV,3,2,12,30,51,126,19,19,37,189,15,15,33,288,26,02,23,065,17*7D
$GPGSV,3,3,12,07,19,125,,21,17,049,23,24,09,306,,23,01,327,*76
$GPVTG,69.76,T,,M,52.24,N,96.7,K,A*3A
$GPGGA,172308.000,4531.7499,N,12239.0414,W,1,09,1.1,42.1,M,-19.4,M,,0000*54
$GPGSA,A,3,30,14,02,22,21,15,19,17,13,,,,2.0,1.1,1.7*39
$GPGSV,3,1,12,22,78,313,25,14,70,047,26,17,63,159,28,13,53,248,15*7E
$GPGSV,3,2,12,30,51,126,19,19,37,189,15,15,33,288,26,02,23,065,17*7D
$GPGSV,3,3,12,07,19,125,,21,17,049,24,24,09,306,,23,01,327,*71
$GPRMC,172308.000,A,4531.7499,N,12239.0414,W,50.68,69.41,210324,,,A*7E
$GPVTG,69.41,T,,M,50.68,N,93.9,K,A*3F
$GPGGA,172313.000,4531.7741,N,12238.9476,W,1,10,1.0,42.4,M,-19.4,M,,0000*58
$GPGSA,A,3,30,14,02,22,24,21,15,19,17,13,,,1.8,1.0,1.4*36
$GPGSV,3,1,12,22,78,313,26,14,70,047,26,17,63,159,29,13,53,248,16*7F
$GPGSV,3,2,12,30,51,126,19,19,37,189,14,15,33,288,26,02,23,065,17*7C
$GPGSV,3,3,12,07,19,125,,21,17,049,24,24,09,306,20,23,01,327,*73
$GPRMC,172313.000,A,4531.7741,N,12238.9476,W,52.02,71.43,210324,,,A*7B
$GPVTG,71.43,T,,M,52.02,N,96.3,K,A*35
$GPGGA,172318.000,4531.7904,N,12238.8506,W,1,11,0.9,43.0,M,-19.4,M,,0000*57
$GPGSA,A,3,30,14,02,22,24,21,15,19,17,07,13,,1.5,0.9,1.2*32
$GPGSV,3,1,12,22,78,313,26,14,70,047,27,17,63,159,29,13,53,248,16*7E
$GPGSV,3,2,12,30,51,126,19,19,37,189,23,15,33,288,27,02,23,065,28*75
$GPGSV,3,3,12,07,19,125,19,21,17,049,25,24,09,306,19,23,01,327,*70
$GPRMC,172318.000,A,4531.7904,N,12238.8506,W,50.48,82.56,210324,,,A*7C
$GPVTG,82.56,T,,M,50.48,N,93.5,K,A*32
$GPGGA,172323.000,4531.7957,N,12238.7523,W,1,11,0.9,47.2,M,-19.4,M,,0000*57
$GPGSA,A,3,30,14,02,22,24,21,15,19,17,07,13,,1.5,0.9,1.2*32
$GPGSV,3,1,12,22,78,313,25,14,70,047,28,17,63,159,29,13,53,248,17*73
$GPGSV,3,2,12,30,51,126,19,19,37,189,25,15,33,288,27,02,23,065,29*72
$GPGSV,3,3,12,07,19,125,16,21,17,049,26,24,09,306,18,23,01,327,*7D
$GPRMC,172323.000,A,4531.7957,N,12238.7523,W,49.75,86.48,210324,,,A*77
$GPVTG,86.48,T,,M,49.75,N,92.1,K,A*3A
$GPGGA,172328.000,4531.8012,N,12238.6561,W,1,11,0.9,47.6,M,-19.4,M,,0000*58
$GPGSA,A,3,30,14,02,22,24,21,15,19,17,07,13,,1.5,0.9,1.2*32
$GPGSV,3,1,12,22,78,313,19,14,70,047,27,17,63,159,29,13,53,248,17*73
$GPGSV,3,2,12,30,51,126,20,19,37,189,24,15,33,288,26,02,23,065,28*79
$GPGSV,3,3,12,07,19,125,17,21,17,049,22,24,09,306,17,23,01,327,*77
$GPRMC,172328.000,A,4531.8012,N,12238.6561,W,48.98,85.63,210324,,,A*74
$GPVTG,85.63,T,,M,48.98,N,90.7,K,A*36
$GPGGA,172333.000,4531.8054,N,12238.5599,W,1,10,1.0,49.6,M,-19.4,M,,0000*53
$GPGSA,A,3,30,14,02,22,21,15,19,17,07,13,,,1.8,1.0,1.5*36
$GPGSV,3,1,12,22,78,313,22,14,70,047,28,17,63,159,29,13,53,248,16*75
$GPGSV,3,2,12,30,51,126,20,19,37,189,22,15,33,288,27,02,23,065,29*7F
$GPGSV,3,3,12,07,19,125,16,21,17,049,25,24,09,306,,23,01,327,*77
$GPRMC,172333.000,A,4531.8054,N,12238.5599,W,48.30,86.02,210324,,,A*7E
$GPVTG,86.02,T,,M,48.30,N,89.4,K,A*3B
$GPGGA,172338.000,4531.8096,N,12238.4651,W,1,09,1.0,50.7,M,-19.4,M,,0000*51
$GPGSA,A,3,30,14,02,22,21,15,19,17,07,,,,1.8,1.0,1.5*34
$GPGSV,3,1,12,22,78,313,23,14,70,047,28,17,63,159,29,13,53,248,*73
$GPGSV,3,2,12,30,51,126,21,19,37,189,25,15,33,288,27,02,23,065,29*79
$GPRMC,172338.000,A,4531.8096,N,12238.4651,W,47.33,86.13,210324,,,A*71
$GPVTG,86.13,T,,M,47.33,N,87.7,K,A*3A
$GPGGA,172343.000,4531.8136,N,12238.3737,W,1,10,0.9,50.7,M,-19.4,M,,0000*50
$GPGSA,A,3,30,14,02,22,24,21,15,19,17,07,,,1.5,0.9,1.2*30
$GPGSV,3,1,12,22,79,320,23,14,69,049,29,17,64,158,29,13,53,245,*7E
$GPGSV,3,2,12,30,50,127,21,19,38,189,25,15,33,286,27,02,23,064,29*79
$GPGSV,3,3,12,07,18,126,16,21,17,047,28,24,10,307,15,23,00,326,*7B
$GPRMC,172343.000,A,4531.8136,N,12238.3737,W,45.74,86.61,210324,,,A*74
$GPGGA,172348.000,4531.8177,N,12238.2872,W,1,11,0.9,50.3,M,-19.4,M,,0000*54
$GPGSA,A,3,30,14,02,22,24,21,15,19,17,07,13,,1.5,0.9,1.2*32
$GPGSV,3,1,12,22,79,320,23,14,69,050,28,17,64,158,29,13,52,245,21*75
$GPGSV,3,2,12,30,49,127,21,19,38,189,25,15,33,286,27,02,23,064,28*70
$GPGSV,3,3,12,07,18,126,16,21,17,047,28,24,10,307,14,23,00,326,*7A
$GPRMC,172348.000,A,4531.8177,N,12238.2872,W,44.31,85.17,210324,,,A*77
$GPVTG,85.17,T,,M,44.31,N,82.1,K,A*3F
$GPGGA,172353.000,4531.8267,N,12238.1952,W,1,09,1.1,51.1,M,-19.4,M,,0000*5F
$GPGSA,A,3,30,14,02,22,15,21,19,17,13,,,,2.0,1.1,1.7*39
$GPGSV,3,1,12,22,79,320,20,14,69,050,26,17,64,158,30,13,52,245,21*70
$GPGSV,3,2,12,30,49,127,21,19,38,189,14,15,33,286,30,02,23,064,26*7A
$GPGSV,3,3,12,07,18,126,,21,17,047,30,24,10,307,,23,00,326,*71
$GPRMC,172353.000,A,4531.8267,N,12238.1952,W,48.60,82.73,210324,,,A*72
$GPVTG,82.73,T,,M,48.60,N,90.0,K,A*30
$GPGGA,172358.000,4531.8430,N,12238.1006,W,1,10,1.0,54.5,M,-19.4,M,,0000*50
$GPGSA,A,3,30,14,02,22,15,21,19,17,24,13,,,1.8,1.0,1.4*36
$GPGSV,3,1,12,22,79,320,19,14,69,050,26,17,64,158,29,13,52,245,14*74
$GPGSV,3,2,12,30,49,127,22,19,38,189,16,15,33,286,20,02,23,064,21*7D
$GPGSV,3,3,12,07,18,126,,21,17,047,22,24,10,307,26,23,00,326,*76
$GPRMC,172358.000,A,4531.8430,N,12238.1006,W,49.67,68.96,210324,,,A*7C
$GPVTG,68.96,T,,M,49.67,N,92.0,K,A*3B
$GPGGA,172403.000,4531.8826,N,12238.0175,W,1,10,1.0,54.0,M,-19.4,M,,0000*53
$GPGSA,A,3,30,14,02,22,15,21,19,17,24,13,,,1.8,1.0,1.4*36
$GPGSV,3,1,12,22,79,320,20,14,69,050,31,17,64,158,26,13,52,245,19*7A
$GPGSV,3,2,12,30,49,127,20,19,38,189,29,15,33,286,20,02,23,064,28*7A
$GPGSV,3,3,12,07,18,126,,21,17,047,20,24,10,307,16,23,00,326,*77
$GPRMC,172403.000,A,4531.8826,N,12238.0175,W,52.33,46.28,210324,,,A*78
$GPVTG,46.28,T,,M,52.33,N,96.9,K,A*34
$GPGGA,172408.000,4531.9441,N,12237.9614,W,1,09,1.1,51.6,M,-19.4,M,,0000*58
$GPGSA,A,3,30,14,02,22,15,21,19,17,13,,,,2.0,1.1,1.7*39
$GPGSV,3,1,12,22,79,320,21,14,69,050,30,17,64,158,27,13,52,245,22*73
$GPGSV,3,2,12,30,49,127,27,19,38,189,29,15,33,286,24,02,23,064,27*76
$GPGSV,3,3,12,07,18,126,,21,17,047,20,24,10,307,,23,00,326,*70
$GPRMC,172408.000,A,4531.9441,N,12237.9614,W,52.55,32.69,210324,,,A*7F
$GPVTG,32.69,T,,M,52.55,N,97.3,K,A*39
$GPGGA,172413.000,4532.0044,N,12237.9042,W,1,09,1.1,47.4,M,-19.4,M,,0000*59
$GPGSA,A,3,30,14,02,22,15,21,19,17,13,,,,2.0,1.1,1.7*39
$GPGSV,3,1,12,22,79,321,22,14,68,050,30,17,64,158,22,13,52,245,21*76
$GPGSV,3,2,12,30,49,127,27,19,38,189,30,15,33,286,24,02,23,063,21*7F
$GPRMC,172413.000,A,4532.0044,N,12237.9042,W,51.26,39.10,210324,,,A*79
$GPVTG,39.10,T,,M,51.26,N,94.9,K,A*32
$GPGGA,172418.000,4532.0463,N,12237.8247,W,1,10,1.0,49.5,M,-19.4,M,,0000*53
$GPGSA,A,3,30,14,02,22,15,21,24,19,17,13,,,1.8,1.0,1.4*36
$GPGSV,3,1,12,22,79,321,25,14,68,050,22,17,64,158,24,13,52,245,21*74
$GPGSV,3,2,12,30,49,127,26,19,38,189,19,15,33,286,24,02,23,063,20*74
$GPGSV,3,3,12,07,18,126,,21,17,047,24,24,11,307,20,23,00,326,*77
$GPRMC,172418.000,A,4532.0463,N,12237.8247,W,48.74,60.03,210324,,,A*74
$GPGGA,172423.000,4532.0606,N,12237.7298,W,1,10,1.0,46.8,M,-19.4,M,,0000*55
$GPGSA,A,3,30,14,02,22,15,21,24,19,17,13,,,1.8,1.0,1.4*36
$GPGSV,3,1,12,22,79,321,30,14,68,050,23,17,64,158,18,13,52,245,28*77
$GPGSV,3,2,12,30,49,127,27,19,38,189,27,15,33,286,30,02,23,063,29*74
$GPGSV,3,3,12,07,18,126,,21,17,047,26,24,11,307,16,23,00,326,*70
$GPRMC,172423.000,A,4532.0606,N,12237.7298,W,49.72,85.22,210324,,,A*7F
$GPVTG,85.22,T,,M,49.72,N,92.1,K,A*32
$GPGGA,172428.000,4532.0444,N,12237.6309,W,1,10,1.0,41.7,M,-19.4,M,,0000*5A
$GPGSA,A,3,30,14,02,22,15,21,24,19,17,13,,,1.8,1.0,1.5*37
$GPGSV,3,1,12,22,79,321,24,14,68,050,26,17,64,158,29,13,52,245,21*7C
$GPGSV,3,2,12,30,49,127,29,19,38,189,17,15,33,286,25,02,23,063,28*7C
$GPGSV,3,3,12,07,18,126,,21,17,047,31,24,11,307,15,23,00,326,*75
$GPRMC,172428.000,A,4532.0444,N,12237.6309,W,51.46,106.83,210324,,,A*47
$GPVTG,106.83,T,,M,51.46,N,95.3,K,A*08
$GPGGA,172433.000,4532.0202,N,12237.5326,W,1,11,0.9,41.7,M,-19.4,M,,0000*53
$GPGSA,A,3,30,14,02,22,15,21,24,19,17,07,13,,1.5,0.9,1.2*32
$GPGSV,3,1,12,22,79,321,17,14,68,050,17,17,64,158,15,13,52,245,16*75
$GPGSV,3,2,12,30,49,127,18,19,38,189,18,15,33,286,14,02,23,063,21*7A
$GPGSV,3,3,12,07,18,126,17,21,17,047,14,24,11,307,16,23,00,326,*77
$GPRMC,172433.000,A,4532.0202,N,12237.5326,W,53.04,111.28,210324,,,A*44
$GPVTG,111.28,T,,M,53.04,N,98.2,K,A*07
$GPGGA,172438.000,4531.9973,N,12237.4340,W,1,11,0.9,45.9,M,-19.4,M,,0000*54
$GPGSA,A,3,30,14,02,22,15,21,24,19,17,07,13,,1.5,0.9,1.2*32
$GPGSV,3,1,12,22,79,321,27,14,68,050,30,17,64,158,24,13,52,245,23*77
$GPGSV,3,2,12,30,49,127,26,19,38,189,18,15,33,286,24,02,23,063,30*74
$GPGSV,3,3,12,07,18,126,26,21,17,047,27,24,11,307,16,23,00,326,*75
$GPRMC,172438.000,A,4531.9973,N,12237.4340,W,51.42,107.99,210324,,,A*44
$GPVTG,107.99,T,,M,51.42,N,95.2,K,A*07
$GPGGA,172443.000,4531.9740,N,12237.3370,W,1,11,0.9,50.3,M,-19.4,M,,0000*5C
$GPGSA,A,3,30,14,02,22,15,21,24,19,17,07,13,,1.5,0.9,1.2*32
$GPGSV,3,1,12,22,79,322,23,14,68,050,28,17,64,157,22,13,52,245,16*76
$GPGSV,3,2,12,30,49,128,24,19,39,189,18,15,33,286,17,02,23,063,28*71
$GPGSV,3,3,12,07,17,126,22,21,17,047,27,24,11,307,16,23,00,326,*7E
$GPRMC,172443.000,A,4531.9740,N,12237.3370,W,51.91,108.04,210324,,,A*47
$GPVTG,108.04,T,,M,51.91,N,96.1,K,A*02
$GPGGA,172448.000,4531.9510,N,12237.2403,W,1,11,0.9,52.2,M,-19.4,M,,0000*51
$GPGSA,A,3,30,14,02,22,15,21,24,19,17,07,13,,1.5,0.9,1.2*32
$GPGSV,3,1,12,22,79,322,26,14,68,050,30,17,64,157,25,13,52,245,18*73
$GPGSV,3,2,12,30,49,128,26,19,39,189,20,15,33,286,22,02,23,063,30*77
$GPRMC,172448.000,A,4531.9510,N,12237.2403,W,51.37,108.17,210324,,,A*47
$GPVTG,108.17,T,,M,51.37,N,95.1,K,A*0F
$GPGGA,172453.000,4531.9281,N,12237.1437,W,1,11,0.9,53.6,M,-19.4,M,,0000*55
$GPGSA,A,3,30,14,02,22,15,21,24,19,17,07,13,,1.5,0.9,1.2*32
$GPGSV,3,1,12,22,79,322,26,14,68,050,30,17,64,157,25,13,52,245,19*72
$GPGSV,3,2,12,30,49,128,26,19,39,189,20,15,33,286,23,02,23,063,31*77
$GPGSV,3,3,12,07,17,126,25,21,17,047,27,24,11,307,17,23,00,326,*78
$GPRMC,172453.000,A,4531.9281,N,12237.1437,W,52.50,108.59,210324,,,A*4E
$GPGGA,172458.000,4531.9011,N,12237.0463,W,1,11,0.9,56.1,M,-19.4,M,,0000*57
$GPGSA,A,3,30,14,02,22,15,21,24,19,17,07,13,,1.5,0.9,1.2*32
$GPGSV,3,1,12,22,79,322,27,14,68,050,30,17,64,157,28,13,52,245,18*7F
$GPGSV,3,2,12,30,49,128,32,19,39,189,20,15,33,286,23,02,23,063,27*75
$GPGSV,3,3,12,07,17,126,26,21,17,047,25,24,11,307,16,23,00,326,*78
$GPRMC,172458.000,A,4531.9011,N,12237.0463,W,53.11,115.44,210324,,,A*4A
$GPVTG,115.44,T,,M,53.11,N,98.4,K,A*0B
$GPGGA,172503.000,4531.8605,N,12236.9640,W,1,09,1.1,58.9,M,-19.4,M,,0000*57
$GPGSA,A,3,30,14,02,22,15,21,17,07,13,,,,1.9,1.1,1.5*3E
$GPGSV,3,1,12,22,79,322,27,14,68,050,30,17,64,157,18,13,52,245,26*71
$GPGSV,3,2,12,30,49,128,32,19,39,189,10,15,33,286,24,02,23,063,28*7E
$GPGSV,3,3,12,07,17,126,18,21,17,047,26,24,11,307,,23,00,326,*71
$GPRMC,172503.000,A,4531.8605,N,12236.9640,W,50.73,129.81,210324,,,A*4D
$GPVTG,129.81,T,,M,50.73,N,94.0,K,A*02
$GPGGA,172508.000,4531.8122,N,12236.8914,W,1,09,1.3,59.9,M,-19.4,M,,0000*52
$GPGSA,A,3,30,14,02,22,21,19,17,07,13,,,,2.2,1.3,1.8*35
$GPGSV,3,1,12,22,79,322,14,14,68,050,22,17,64,157,21,13,52,245,17*7A
$GPGSV,3,2,12,30,49,128,18,19,39,189,13,15,33,286,18,02,23,063,23*71
$GPGSV,3,3,12,07,17,126,17,21,17,047,16,24,11,307,,23,00,326,*7D
$GPRMC,172508.000,A,4531.8122,N,12236.8914,W,51.06,132.81,210324,,,A*42
$GPVTG,132.81,T,,M,51.06,N,94.6,K,A*0D
$GPGGA,172513.000,4531.7663,N,12236.8222,W,1,10,1.0,61.3,M,-19.4,M,,0000*51
$GPGSA,A,3,30,14,02,22,15,21,19,17,07,13,,,1.8,1.0,1.5*36
$GPGSV,3,1,12,22,79,322,26,14,68,050,31,17,64,157,25,13,52,245,23*7A
$GPGSV,3,2,12,30,49,128,28,19,39,189,15,15,33,286,28,02,23,063,31*74
$GPGSV,3,3,12,07,17,126,18,21,17,047,20,24,11,307,,23,00,326,*77
$GPRMC,172513.000,A,4531.7663,N,12236.8222,W,47.31,132.78,210324,,,A*4E
$GPVTG,132.78,T,,M,47.31,N,87.6,K,A*0A
$GPGGA,172518.000,4531.7223,N,12236.7546,W,1,09,1.1,62.1,M,-19.4,M,,0000*58
$GPGSA,A,3,30,14,02,22,15,21,17,07,13,,,,1.9,1.1,1.5*3E
$GPGSV,3,1,12,22,79,324,25,14,68,050,31,17,65,157,20,13,52,244,23*7A
$GPGSV,3,2,12,30,49,128,28,19,39,189,,15,33,285,28,02,23,063,31*73
$GPGSV,3,3,12,07,17,126,17,21,17,047,22,24,11,307,,23,00,325,*79
$GPRMC,172518.000,A,4531.7223,N,12236.7546,W,46.56,131.82,210324,,,A*49
$GPVTG,131.82,T,,M,46.56,N,86.2,K,A*09
$GPGGA,172523.000,4531.6816,N,12236.6816,W,1,08,1.5,63.1,M,-19.4,M,,0000*50
$GPGSA,A,3,30,14,02,22,15,21,17,13,,,,,2.5,1.5,2.0*34
$GPGSV,3,1,12,22,79,324,25,14,68,050,26,17,65,157,28,13,52,244,24*73
$GPGSV,3,2,12,30,49,128,30,19,39,189,,15,33,285,23,02,23,063,26*77
$GPGSV,3,3,12,07,17,126,,21,17,047,28,24,11,307,,23,00,325,*75
$GPRMC,172523.000,A,4531.6816,N,12236.6816,W,47.87,123.87,210324,,,A*4E
$GPVTG,123.87,T,,M,47.87,N,88.7,K,A*09
$GPGGA,172528.000,4531.6529,N,12236.5989,W,1,09,1.1,60.7,M,-19.4,M,,0000*5E
$GPGSA,A,3,30,14,02,22,15,21,07,17,13,,,,1.9,1.1,1.5*3E
$GPGSV,3,1,12,22,79,324,26,14,68,050,21,17,65,157,26,13,52,244,25*78
$GPGSV,3,2,12,30,49,128,20,19,39,189,,15,33,285,24,02,23,063,31*77
$GPGSV,3,3,12,07,17,126,21,21,17,047,22,24,11,307,,23,00,325,*7C
$GPVTG,110.35,T,,M,47.07,N,87.2,K,A*02
$GPGGA,172533.000,4531.6381,N,12236.5054,W,1,09,1.1,60.4,M,-19.4,M,,0000*5A
$GPGSA,A,3,30,14,02,22,15,21,07,17,13,,,,1.9,1.1,1.5*3E
$GPGSV,3,1,12,22,79,324,25,14,68,050,19,17,65,157,13,13,52,244,23*70
$GPGSV,3,2,12,30,49,128,24,19,39,189,,15,33,285,14,02,23,063,29*79
$GPGSV,3,3,12,07,17,126,14,21,17,047,24,24,11,307,,23,00,325,*7C
$GPRMC,172533.000,A,4531.6381,N,12236.5054,W,49.35,99.21,210324,,,A*7C
$GPVTG,99.21,T,,M,49.35,N,91.4,K,A*39
$GPGGA,172538.000,4531.6347,N,12236.4091,W,1,10,1.0,60.7,M,-19.4,M,,0000*59
$GPGSA,A,3,30,14,02,22,15,21,19,17,24,13,,,1.8,1.0,1.5*37
$GPGSV,3,1,12,22,79,324,17,14,68,050,20,17,65,157,28,13,52,244,23*73
$GPGSV,3,2,12,30,49,128,28,19,39,189,21,15,33,285,16,02,23,063,27*7A
$GPGSV,3,3,12,07,17,126,,21,17,047,27,24,11,307,21,23,00,325,*79
$GPRMC,172538.000,A,4531.6347,N,12236.4091,W,46.68,89.25,210324,,,A*77
$GPVTG,89.25,T,,M,46.68,N,86.4,K,A*3D
$GPGGA,172543.000,4531.6470,N,12236.3206,W,1,11,0.9,64.3,M,-19.4,M,,0000*54
$GPGSA,A,3,30,14,02,22,15,21,07,19,17,24,13,,1.5,0.9,1.2*32
$GPGSV,3,1,12,22,79,324,18,14,68,050,20,17,65,157,28,13,52,244,19*75
$GPGSV,3,2,12,30,49,128,22,19,39,189,20,15,33,285,24,02,23,063,18*7C
$GPGSV,3,3,12,07,17,126,18,21,17,047,27,24,11,307,17,23,00,325,*75
$GPRMC,172543.000,A,4531.6470,N,12236.3206,W,45.45,74.32,210324,,,A*7B
$GPVTG,74.32,T,,M,45.45,N,84.2,K,A*31
$GPGGA,172548.000,4531.6731,N,12236.2383,W,1,11,0.9,71.4,M,-19.4,M,,0000*57
$GPGSA,A,3,30,14,02,22,15,21,07,19,17,24,13,,1.5,0.9,1.2*32
$GPGSV,3,1,12,22,79,324,19,14,68,050,20,17,65,157,28,13,52,244,20*7E
$GPGSV,3,2,12,30,49,128,17,19,39,189,20,15,33,285,23,02,23,063,27*71
$GPGSV,3,3,12,07,17,126,17,21,17,047,22,24,11,307,18,23,00,325,*70
$GPRMC,172548.000,A,4531.6731,N,12236.2383,W,47.07,64.18,210324,,,A*76
$GPVTG,64.18,T,,M,47.07,N,87.2,K,A*3F
$GPGGA,172553.000,4531.7105,N,12236.1578,W,1,10,1.0,72.0,M,-19.4,M,,0000*52
$GPGSA,A,3,30,14,02,22,15,21,19,17,24,13,,,1.8,1.0,1.5*37
$GPGSV,3,1,12,22,79,324,18,14,68,050,21,17,65,157,28,13,52,244,25*7B
$GPGSV,3,2,12,30,49,128,15,19,39,189,24,15,33,285,23,02,23,063,29*79
$GPGSV,3,3,12,07,17,126,,21,17,047,23,24,11,307,19,23,00,325,*76
$GPRMC,172553.000,A,4531.7105,N,12236.1578,W,49.53,54.28,210324,,,A*72
$GPVTG,54.28,T,,M,49.53,N,91.7,K,A*32
$GPGGA,172558.000,4531.7518,N,12236.0801,W,1,08,1.2,69.1,M,-19.4,M,,0000*53
$GPGSA,A,3,14,02,22,15,21,19,17,13,,,,,2.1,1.2,1.7*38
$GPGSV,3,1,12,22,79,324,24,14,68,050,13,17,65,157,23,13,52,244,22*79
$GPGSV,3,2,12,30,49,128,,19,39,189,25,15,33,285,22,02,23,063,26*72
$GPGSV,3,3,12,07,17,126,,21,17,047,21,24,11,307,10,23,00,325,*7D
$GPRMC,172558.000,A,4531.7518,N,12236.0801,W,47.90,52.52,210324,,,A*79
$GPVTG,52.52,T,,M,47.90,N,88.7,K,A*30
$GPGGA,172603.000,4531.7918,N,12236.0058,W,1,08,1.2,68.2,M,-19.4,M,,0000*54
$GPGSA,A,3,14,02,22,15,21,19,17,13,,,,,2.1,1.2,1.7*38
$GPGSV,3,1,12,22,79,324,24,14,68,050,13,17,65,157,24,13,52,244,24*78
$GPGSV,3,2,12,30,49,128,,19,39,189,25,15,33,285,20,02,23,063,27*71
$GPGSV,3,3,12,07,17,126,,21,17,047,20,24,11,307,,23,00,325,*7D
$GPVTG,52.93,T,,M,48.42,N,89.7,K,A*3C
$GPGGA,172608.000,4531.8335,N,12235.9262,W,1,09,1.1,73.9,M,-19.4,M,,0000*57
$GPGSA,A,3,24,14,02,22,15,21,19,17,13,,,,1.8,1.1,1.5*35
$GPGSV,3,1,12,22,79,324,24,14,68,050,14,17,65,157,24,13,52,244,24*7F
$GPGSV,3,2,12,30,49,128,,19,39,189,24,15,33,285,19,02,23,063,28*75
$GPGSV,3,3,12,07,17,126,,21,17,047,20,24,11,307,21,23,00,325,*7E
$GPRMC,172608.000,A,4531.8335,N,12235.9262,W,51.09,54.69,210324,,,A*75
$GPVTG,54.69,T,,M,51.09,N,94.6,K,A*35
$GPGGA,172613.000,4531.8762,N,12235.8418,W,1,10,0.9,80.6,M,-19.4,M,,0000*53
$GPGSA,A,3,24,14,02,22,15,21,07,19,17,13,,,1.5,0.9,1.2*31
$GPGSV,3,1,12,22,79,324,24,14,68,050,19,17,65,157,23,13,52,244,24*75
$GPGSV,3,2,12,30,49,128,,19,39,189,25,15,33,285,21,02,23,063,28*7F
$GPGSV,3,3,12,07,17,126,19,21,17,047,20,24,11,307,22,23,00,325,*75
$GPRMC,172613.000,A,4531.8762,N,12235.8418,W,52.51,53.53,210324,,,A*73
$GPVTG,53.53,T,,M,52.51,N,97.2,K,A*32
$GPGGA,172618.000,4531.9183,N,12235.7607,W,1,11,0.9,81.3,M,-19.4,M,,0000*56
$GPGSA,A,3,24,14,02,22,15,21,07,19,17,30,13,,1.5,0.9,1.2*32
$GPGSV,3,1,12,22,79,324,24,14,68,050,24,17,65,157,23,13,52,244,25*7A
$GPGSV,3,2,12,30,49,128,21,19,39,189,25,15,33,285,21,02,23,063,29*7D
$GPGSV,3,3,12,07,17,126,18,21,17,047,20,24,11,307,23,23,00,325,*75
$GPRMC,172618.000,A,4531.9183,N,12235.7607,W,50.50,53.32,210324,,,A*77
$GPVTG,53.32,T,,M,50.50,N,93.5,K,A*35
$GPGGA,172623.000,4531.9595,N,12235.6817,W,1,11,0.9,80.6,M,-19.4,M,,0000*57
$GPGSA,A,3,24,14,02,22,15,21,07,19,17,30,13,,1.5,0.9,1.2*32
$GPGSV,3,1,12,22,79,324,23,14,68,050,23,17,65,157,23,13,52,244,24*7B
$GPGSV,3,2,12,30,49,128,22,19,39,189,26,15,33,285,21,02,23,063,29*7D
$GPGSV,3,3,12,07,17,126,18,21,17,047,20,24,11,307,22,23,00,325,*74
$GPRMC,172623.000,A,4531.9595,N,12235.6817,W,49.71,54.06,210324,,,A*79
$GPVTG,54.06,T,,M,49.71,N,92.1,K,A*3B
$GPGGA,172628.000,4531.9994,N,12235.6062,W,1,11,0.9,78.4,M,-19.4,M,,0000*5E
$GPGSA,A,3,24,14,02,22,15,21,07,19,17,30,13,,1.5,0.9,1.2*32
$GPGSV,3,1,12,22,79,324,23,14,68,050,23,17,65,157,22,13,52,244,24*7A
$GPGSV,3,2,12,30,49,128,22,19,39,189,26,15,33,285,22,02,23,063,30*76
$GPGSV,3,3,12,07,17,126,18,21,17,047,20,24,11,307,22,23,00,325,*74
$GPRMC,172628.000,A,4531.9994,N,12235.6062,W,47.33,53.43,210324,,,A*7B
$GPVTG,53.43,T,,M,47.33,N,87.7,K,A*37
$GPGGA,172633.000,4532.0379,N,12235.5340,W,1,10,1.0,79.5,M,-19.4,M,,0000*5E
$GPGSA,A,3,24,14,02,22,15,21,19,17,30,13,,,1.8,1.0,1.5*37
$GPGSV,3,1,12,22,79,324,21,14,68,050,18,17,65,157,17,13,52,244,22*70
$GPGSV,3,2,12,30,49,128,17,19,39,189,23,15,33,285,18,02,23,063,29*74
$GPGSV,3,3,12,07,17,126,,21,17,047,20,24,11,307,23,23,00,325,*7C
$GPRMC,172633.000,A,4532.0379,N,12235.5340,W,45.63,54.08,210324,,,A*7D
$GPVTG,54.08,T,,M,45.63,N,84.5,K,A*39
$GPGGA,172638.000,4532.0768,N,12235.4572,W,1,10,1.0,77.5,M,-19.4,M,,0000*59
$GPGSA,A,3,24,14,02,22,15,21,19,17,30,13,,,1.8,1.0,1.5*37
$GPGSV,3,1,12,22,79,324,25,14,68,050,19,17,65,157,19,13,52,244,32*7A
$GPGSV,3,2,12,30,49,128,25,19,39,189,23,15,33,285,23,02,23,063,30*75
$GPRMC,172638.000,A,4532.0768,N,12235.4572,W,49.15,54.30,210324,,,A*72
$GPVTG,54.30,T,,M,49.15,N,91.0,K,A*3E
$GPGGA,172643.000,4532.1120,N,12235.3737,W,1,10,1.0,77.1,M,-19.4,M,,0000*5E
$GPGSA,A,3,24,14,02,22,15,21,19,17,30,13,,,1.8,1.0,1.5*37
$GPGSV,3,1,12,22,79,324,14,14,68,050,21,17,65,157,20,13,52,244,31*7A
$GPGSV,3,2,12,30,49,128,27,19,39,189,23,15,33,285,24,02,23,063,30*70
$GPGSV,3,3,12,07,17,126,,21,17,047,27,24,11,307,16,23,00,325,*7D
$GPRMC,172643.000,A,4532.1120,N,12235.3737,W,48.10,63.89,210324,,,A*73
$GPGGA,172648.000,4532.1332,N,12235.2848,W,1,10,1.0,78.3,M,-19.3,M,,0000*58
$GPGSA,A,3,24,14,02,22,15,21,19,17,30,13,,,1.8,1.0,1.5*37
$GPGSV,3,1,12,22,79,324,19,14,68,050,22,17,65,157,30,13,52,244,28*7D
$GPGSV,3,2,12,30,49,128,19,19,39,189,29,15,33,285,31,02,23,063,23*71
$GPGSV,3,3,12,07,17,126,,21,17,047,29,24,11,307,17,23,00,325,*72
$GPRMC,172648.000,A,4532.1332,N,12235.2848,W,47.89,77.60,210324,,,A*72
$GPVTG,77.60,T,,M,47.89,N,88.7,K,A*3E
$GPGGA,172653.000,4532.1381,N,12235.1927,W,1,10,1.0,72.3,M,-19.3,M,,0000*5B
$GPGSA,A,3,24,14,02,22,15,21,19,17,30,13,,,1.8,1.0,1.5*37
$GPGSV,3,1,12,22,79,324,23,14,68,050,23,17,65,157,29,13,52,244,28*7D
$GPGSV,3,2,12,30,49,128,23,19,39,189,22,15,33,285,19,02,23,063,28*72
$GPGSV,3,3,12,07,17,126,,21,17,047,27,24,11,307,16,23,00,325,*7D
$GPRMC,172653.000,A,4532.1381,N,12235.1927,W,46.50,91.02,210324,,,A*72
$GPVTG,91.02,T,,M,46.50,N,86.1,K,A*3F
$GPGGA,172658.000,4532.1292,N,12235.1022,W,1,11,0.9,71.0,M,-19.3,M,,0000*56
$GPGSA,A,3,24,14,02,22,15,21,07,19,17,30,13,,1.5,0.9,1.2*32
$GPGSV,3,1,12,22,79,324,28,14,68,050,30,17,65,157,28,13,52,244,18*76
$GPGSV,3,2,12,30,49,128,30,19,39,189,24,15,33,285,17,02,23,063,32*73
$GPGSV,3,3,12,07,17,126,25,21,17,047,24,24,11,307,20,23,00,325,*7C
$GPRMC,172658.000,A,4532.1292,N,12235.1022,W,47.01,103.43,210324,,,A*4C
$GPVTG,103.43,T,,M,47.01,N,87.1,K,A*04
$GPGGA,172703.000,4532.1042,N,12235.0119,W,1,10,1.0,70.4,M,-19.3,M,,0000*52
$GPGSA,A,3,14,02,22,15,21,07,19,17,30,13,,,1.7,1.0,1.4*38
$GPGSV,3,1,12,22,79,324,32,14,68,050,23,17,65,157,34,13,52,244,28*71
$GPGSV,3,2,12,30,49,128,20,19,39,189,29,15,33,285,29,02,23,063,20*71
$GPGSV,3,3,12,07,17,126,21,21,17,047,30,24,11,307,10,23,00,325,*7E
$GPRMC,172703.000,A,4532.1042,N,12235.0119,W,48.09,116.10,210324,,,A*41
$GPVTG,116.10,T,,M,48.09,N,89.1,K,A*0F
$GPGGA,172708.000,4532.0712,N,12234.9276,W,1,11,0.9,72.3,M,-19.3,M,,0000*54
$GPGSA,A,3,24,14,02,22,15,21,07,19,17,30,13,,1.5,0.9,1.2*32
$GPGSV,3,1,12,22,79,324,32,14,68,050,15,17,65,157,34,13,52,244,28*74
$GPGSV,3,2,12,30,49,128,24,19,39,189,28,15,33,285,31,02,23,063,23*7E
$GPGSV,3,3,12,07,17,126,22,21,17,047,29,24,11,307,14,23,00,325,*71
$GPRMC,172708.000,A,4532.0712,N,12234.9276,W,49.27,119.55,210324,,,A*48
$GPVTG,119.55,T,,M,49.27,N,91.2,K,A*06
$GPGGA,172713.000,4532.0378,N,12234.8403,W,1,11,0.9,74.4,M,-19.3,M,,0000*52
$GPGSA,A,3,24,14,02,22,15,21,07,19,17,30,13,,1.5,0.9,1.2*32
$GPGSV,3,1,12,22,79,324,33,14,68,050,19,17,65,157,35,13,52,244,28*78
$GPGSV,3,2,12,30,49,128,24,19,39,189,31,15,33,285,31,02,23,063,24*71
$GPGSV,3,3,12,07,17,126,22,21,17,047,28,24,11,307,14,23,00,325,*70
$GPRMC,172713.000,A,4532.0378,N,12234.8403,W,50.36,116.81,210324,,,A*41
$GPVTG,116.81,T,,M,50.36,N,93.3,K,A*0B
$GPGGA,172718.000,4532.0063,N,12234.7526,W,1,06,1.5,73.2,M,-19.3,M,,0000*53
$GPGSA,A,3,14,22,15,07,19,13,,,,,,,2.6,1.5,2.1*3D
$GPGSV,3,1,12,22,79,324,32,14,68,050,24,17,65,157,28,13,52,244,23*70
$GPGSV,3,2,12,30,49,128,,19,39,189,29,15,33,285,30,02,23,063,*79
$GPGSV,3,3,12,07,17,126,22,21,17,047,17,24,11,307,,23,00,325,*79
$GPVTG,116.45,T,,M,49.59,N,91.8,K,A*0B
$GPGGA,172723.000,4531.9763,N,12234.6653,W,1,09,1.0,76.1,M,-19.3,M,,0000*5A
$GPGSA,A,3,14,30,22,15,21,07,19,17,13,,,,1.8,1.0,1.5*34
$GPGSV,3,1,12,22,79,324,30,14,68,050,24,17,65,157,34,13,52,244,25*79
$GPGSV,3,2,12,30,49,128,23,19,39,189,31,15,33,285,30,02,23,063,*71
$GPGSV,3,3,12,07,17,126,23,21,17,047,26,24,11,307,,23,00,325,*7A
$GPRMC,172723.000,A,4531.9763,N,12234.6653,W,48.70,116.44,210324,,,A*4D
$GPVTG,116.44,T,,M,48.70,N,90.2,K,A*0B
$GPGGA,172728.000,4531.9474,N,12234.5813,W,1,10,0.9,78.7,M,-19.3,M,,0000*55
$GPGSA,A,3,14,30,22,15,21,07,19,17,24,13,,,1.5,0.9,1.2*30
$GPGSV,3,1,12,22,79,324,31,14,68,050,25,17,65,157,34,13,52,244,26*7A
$GPGSV,3,2,12,30,49,128,14,19,39,189,31,15,33,285,30,02,23,063,*75
$GPGSV,3,3,12,07,17,126,24,21,17,047,28,24,11,307,20,23,00,325,*71
$GPRMC,172728.000,A,4531.9474,N,12234.5813,W,45.56,115.90,210324,,,A*49
$GPVTG,115.90,T,,M,45.56,N,84.4,K,A*0B
$GPGGA,172733.000,4531.9200,N,12234.5000,W,1,10,0.9,81.1,M,-19.3,M,,0000*50
$GPGSA,A,3,02,14,30,22,15,21,07,19,24,13,,,1.6,0.9,1.3*36
$GPGSV,3,1,12,22,79,324,31,14,68,050,26,17,65,157,22,13,52,244,27*7F
$GPGSV,3,2,12,30,49,128,26,19,39,189,22,15,33,285,31,02,23,063,24*71
$GPGSV,3,3,12,07,17,126,20,21,17,047,29,24,11,307,20,23,00,325,*74
$GPRMC,172733.000,A,4531.9200,N,12234.5000,W,45.33,114.71,210324,,,A*41
$GPVTG,114.71,T,,M,45.33,N,83.9,K,A*0C
$GPGGA,172738.000,4531.8966,N,12234.4148,W,1,11,0.9,82.0,M,-19.3,M,,0000*5E
$GPGSA,A,3,02,14,30,22,15,21,07,19,17,24,13,,1.5,0.9,1.2*32
$GPGSV,3,1,12,22,79,324,31,14,68,050,31,17,65,157,26,13,52,244,18*71
$GPGSV,3,2,12,30,49,128,26,19,39,189,28,15,33,285,23,02,23,063,28*74
$GPGSV,3,3,12,07,17,126,27,21,17,047,23,24,11,307,19,23,00,325,*73
$GPRMC,172738.000,A,4531.8966,N,12234.4148,W,47.55,107.22,210324,,,A*4A
$GPVTG,107.22,T,,M,47.55,N,88.1,K,A*09
$GPGGA,172743.000,4531.8831,N,12234.3200,W,1,10,0.9,83.0,M,-19.3,M,,0000*59
$GPGSA,A,3,02,14,30,22,15,21,07,19,24,13,,,1.6,0.9,1.3*36
$GPGSV,3,1,12,22,79,324,32,14,68,050,30,17,65,157,07,13,52,244,28*73
$GPGSV,3,2,12,30,49,128,32,19,39,189,24,15,33,285,21,02,23,063,33*75
$GPGSV,3,3,12,07,17,126,22,21,17,047,23,24,11,307,19,23,00,325,*76
$GPRMC,172743.000,A,4531.8831,N,12234.3200,W,50.15,97.84,210324,,,A*7B
$GPVTG,97.84,T,,M,50.15,N,92.9,K,A*3C
$GPGGA,172748.000,4531.8804,N,12234.2213,W,1,11,0.9,82.0,M,-19.3,M,,0000*57
$GPGSA,A,3,02,14,30,22,15,21,07,19,17,24,13,,1.5,0.9,1.2*32
$GPGSV,3,1,12,22,79,324,31,14,68,050,22,17,65,157,29,13,52,244,30*76
$GPGSV,3,2,12,30,49,128,27,19,39,189,21,15,33,285,28,02,23,063,31*7F
$GPGSV,3,3,12,07,17,126,30,21,17,047,24,24,11,307,23,23,00,325,*7B
$GPRMC,172748.000,A,4531.8804,N,12234.2213,W,50.57,88.30,210324,,,A*72
$GPVTG,88.30,T,,M,50.57,N,93.7,K,A*34
$GPGGA,172753.000,4531.8889,N,12234.1214,W,1,11,0.9,80.8,M,-19.3,M,,0000*56
$GPGSA,A,3,02,14,30,22,15,21,07,19,17,24,13,,1.5,0.9,1.2*32
$GPGSV,3,1,12,22,79,324,26,14,68,050,23,17,65,157,29,13,52,244,31*70
$GPGSV,3,2,12,30,49,128,28,19,39,189,22,15,33,285,29,02,23,063,24*76
$GPRMC,172753.000,A,4531.8889,N,12234.1214,W,51.38,79.48,210324,,,A*70
$GPVTG,79.48,T,,M,51.38,N,95.2,K,A*3E
$GPGGA,172758.000,4531.9078,N,12234.0216,W,1,11,0.9,78.6,M,-19.3,M,,0000*50
$GPGSA,A,3,02,14,30,22,15,21,07,19,17,24,13,,1.5,0.9,1.2*32
$GPGSV,3,1,12,22,79,324,27,14,68,050,24,17,65,157,30,13,52,244,31*7E
$GPGSV,3,2,12,30,49,128,33,19,39,189,26,15,33,285,29,02,23,063,26*7A
$GPGSV,3,3,12,07,17,126,26,21,17,047,24,24,11,307,19,23,00,325,*75
$GPRMC,172758.000,A,4531.9078,N,12234.0216,W,52.57,69.47,210324,,,A*7B
$GPGGA,172803.000,4531.9416,N,12233.9277,W,1,10,0.9,81.7,M,-19.3,M,,0000*52
$GPGSA,A,3,02,14,30,22,15,21,07,19,17,24,,,1.5,0.9,1.2*30
$GPGSV,3,1,12,22,79,324,27,14,68,050,23,17,65,157,21,13,52,244,*7B
$GPGSV,3,2,12,30,49,128,25,19,39,189,24,15,33,285,18,02,23,063,31*7B
$GPGSV,3,3,12,07,17,126,16,21,17,047,26,24,11,307,18,23,00,325,*75
$GPRMC,172803.000,A,4531.9416,N,12233.9277,W,54.68,61.72,210324,,,A*7B
$GPVTG,61.72,T,,M,54.68,N,101.3,K,A*03
$GPGGA,172808.000,4531.9841,N,12233.8396,W,1,04,3.3,83.6,M,-19.3,M,,0000*57
$GPGSA,A,3,14,30,17,24,,,,,,,,,5.0,3.3,3.7*35
$GPGSV,3,1,12,22,79,324,29,14,68,050,13,17,65,157,27,13,52,244,*70
$GPGSV,3,2,12,30,49,128,15,19,39,189,,15,33,285,09,02,23,063,25*7B
$GPGSV,3,3,12,07,17,126,,21,17,047,11,24,11,307,18,23,00,325,*76
$GPRMC,172808.000,A,4531.9841,N,12233.8396,W,53.63,54.38,210324,,,A*75
$GPVTG,54.38,T,,M,53.63,N,99.3,K,N*38
$GPGGA,172813.000,4532.0389,N,12233.7640,W,1,09,1.4,80.3,M,-19.3,M,,0000*57
$GPGSA,A,3,02,14,30,22,15,21,13,17,24,,,,2.2,1.4,1.8*3F
$GPGSV,3,1,12,22,79,324,19,14,68,050,12,17,65,157,23,13,52,244,24*70
$GPGSV,3,2,12,30,49,128,24,19,39,189,,15,33,285,25,02,23,063,18*79
$GPGSV,3,3,12,07,17,126,,21,17,047,23,24,11,307,18,23,00,325,*77
$GPRMC,172813.000,A,4532.0389,N,12233.7640,W,55.50,44.19,210324,,,A*7F
$GPVTG,44.19,T,,M,55.50,N,102.8,K,A*0B
$GPGGA,172818.000,4532.0978,N,12233.6939,W,1,10,1.0,81.2,M,-19.3,M,,0000*54
$GPGSA,A,3,02,14,30,22,15,21,13,19,17,24,,,1.8,1.0,1.5*37
$GPGSV,3,1,12,22,79,331,29,14,67,052,24,17,66,155,31,13,51,242,24*78
$GPGSV,3,2,12,30,47,129,20,19,40,189,23,15,33,284,28,02,23,062,16*7E
$GPGSV,3,3,12,21,16,046,14,07,16,127,,24,12,307,17,23,00,324,*7E
$GPRMC,172818.000,A,4532.0978,N,12233.6939,W,57.16,37.09,210324,,,A*75
$GPVTG,37.09,T,,M,57.16,N,105.9,K,A*08
$GPGGA,172823.000,4532.1687,N,12233.6360,W,1,10,1.0,80.8,M,-19.3,M,,0000*5F
$GPGSA,A,3,02,14,30,22,15,21,13,19,17,24,,,1.8,1.0,1.5*37
$GPGSV,3,1,12,22,79,331,24,14,67,052,31,17,66,155,31,13,51,242,24*71
$GPGSV,3,2,12,30,47,129,21,19,40,189,32,15,33,284,22,02,23,062,16*75
$GPGSV,3,3,12,21,16,046,13,07,16,127,,24,12,307,26,23,00,324,*7B
$GPRMC,172823.000,A,4532.1687,N,12233.6360,W,57.69,25.60,210324,,,A*71
$GPVTG,25.60,T,,M,57.69,N,106.8,K,A*0E
$GPGGA,172828.000,4532.2457,N,12233.6024,W,1,09,1.1,84.1,M,-19.3,M,,0000*5F
$GPGSA,A,3,02,14,30,22,15,13,19,17,24,,,,1.9,1.1,1.6*37
$GPGSV,3,1,12,22,79,331,25,14,67,052,21,17,66,155,27,13,51,242,19*78
$GPGSV,3,2,12,30,47,129,27,19,40,189,21,15,33,284,32,02,23,062,15*73
$GPGSV,3,3,12,21,16,046,,07,16,127,,24,12,307,26,23,00,324,*79
$GPVTG,12.97,T,,M,56.96,N,105.5,K,A*0D
$GPGGA,172833.000,4532.3207,N,12233.5895,W,1,08,1.2,88.0,M,-19.3,M,,0000*59
$GPGSA,A,3,02,14,30,15,13,19,17,24,,,,,2.3,1.2,2.0*38
$GPGSV,3,1,12,22,79,331,14,14,67,052,22,17,66,155,27,13,51,242,30*72
$GPGSV,3,2,12,30,47,129,20,19,40,189,22,15,33,284,27,02,23,062,13*75
$GPGSV,3,3,12,21,16,046,,07,16,127,,24,12,307,20,23,00,324,*7F
$GPRMC,172833.000,A,4532.3207,N,12233.5895,W,54.19,5.03,210324,,,A*4F
$GPVTG,5.03,T,,M,54.19,N,100.4,K,A*37
$GPGGA,172838.000,4532.3952,N,12233.5850,W,1,08,1.4,90.2,M,-19.3,M,,0000*5D
$GPGSA,A,3,14,30,22,15,13,19,17,24,,,,,2.5,1.4,2.0*3A
$GPGSV,3,1,12,22,79,331,27,14,67,052,28,17,66,155,30,13,51,242,20*7F
$GPGSV,3,2,12,30,47,129,22,19,40,189,17,15,33,284,17,02,23,062,*70
$GPGSV,3,3,12,21,16,046,,07,16,127,,24,12,307,20,23,00,324,*7F
$GPRMC,172838.000,A,4532.3952,N,12233.5850,W,53.44,4.89,210324,,,A*4A
$GPVTG,4.89,T,,M,53.44,N,99.0,K,A*0E
$GPGGA,172843.000,4532.4681,N,12233.5684,W,1,08,1.4,81.8,M,-19.3,M,,0000*5A
$GPGSA,A,3,14,30,22,15,13,19,17,24,,,,,2.5,1.4,2.0*3A
$GPGSV,3,1,12,22,79,331,29,14,67,052,24,17,66,155,28,13,51,242,21*75
$GPGSV,3,2,12,30,47,129,30,19,40,189,18,15,33,284,27,02,23,062,*7F
$GPGSV,3,3,12,21,16,046,,07,16,127,,24,12,307,15,23,00,324,*79
$GPRMC,172843.000,A,4532.4681,N,12233.5684,W,51.96,9.44,210324,,,A*46
$GPVTG,9.44,T,,M,51.96,N,96.2,K,A*02
$GPGGA,172848.000,4532.5383,N,12233.5492,W,1,08,1.4,77.2,M,-19.3,M,,0000*51
$GPGSA,A,3,14,30,22,15,13,19,17,24,,,,,2.5,1.4,2.0*3A
$GPGSV,3,1,12,22,79,332,29,14,67,053,16,17,66,155,29,13,51,242,26*70
$GPGSV,3,2,12,30,47,129,28,19,41,189,16,15,33,283,26,02,23,061,*7C
$GPGSV,3,3,12,21,16,045,,07,16,127,,24,12,307,14,23,00,324,*7B
$GPRMC,172848.000,A,4532.5383,N,12233.5492,W,50.01,10.37,210324,,,A*7D
$GPVTG,10.37,T,,M,50.01,N,92.6,K,A*31
$GPGGA,172853.000,4532.6034,N,12233.5396,W,1,09,1.1,73.2,M,-19.3,M,,0000*54
$GPGSA,A,3,02,14,30,22,15,13,19,17,24,,,,1.9,1.1,1.6*37
$GPGSV,3,1,12,22,79,332,28,14,67,053,22,17,66,155,22,13,51,242,17*7F
$GPGSV,3,2,12,30,47,129,29,19,41,189,18,15,33,283,22,02,23,061,21*74
$GPGSV,3,3,12,21,16,045,,07,16,127,,24,12,307,13,23,00,324,*7C
$GPRMC,172853.000,A,4532.6034,N,12233.5396,W,48.15,1.64,210324,,,A*42
$GPVTG,1.64,T,,M,48.15,N,89.2,K,A*05
$GPGGA,172858.000,4532.6701,N,12233.5373,W,6,00,50.0,71.2,M,-19.3,M,,0000*6C
$GPGSA,A,2,,,,,,,,,,,,,50.0,50.0,50.0*06
$GPGSV,3,1,12,22,79,332,,14,67,053,,17,66,155,,13,51,242,*73
$GPGSV,3,2,12,30,47,129,,19,41,189,,15,33,283,,02,23,061,*75
$GPGSV,3,3,12,21,16,045,,07,16,127,,24,12,307,,23,00,324,*7E
$GPRMC,172858.000,A,4532.6701,N,12233.5373,W,47.72,1.18,210324,,,E*42
$GPVTG,1.18,T,,M,47.72,N,88.4,K,N*08
$GPGGA,172903.000,4532.7250,N,12233.5719,W,1,04,2.7,71.1,M,-19.3,M,,0000*5B
$GPGSA,A,3,14,13,30,17,,,,,,,,,8.5,2.7,8.0*30
$GPGSV,3,1,12,22,79,332,,14,67,053,31,17,66,155,27,13,51,242,27*71
$GPGSV,3,2,12,30,47,129,30,19,41,189,,15,33,283,,02,23,061,*76
$GPGSV,3,3,12,21,16,045,,07,16,127,,24,12,307,,23,00,324,*7E
$GPRMC,172903.000,A,4532.7250,N,12233.5719,W,41.98,343.04,210324,,,A*4B
$GPGGA,172908.000,4532.7824,N,12233.5913,W,1,07,1.3,67.0,M,-19.3,M,,0000*5F
$GPGSA,A,3,14,13,30,17,15,02,19,,,,,,2.6,1.3,2.3*39
$GPGSV,3,1,12,22,79,332,,14,67,053,30,17,66,155,22,13,51,242,28*7A
$GPGSV,3,2,12,30,47,129,24,19,41,189,15,15,33,283,17,02,23,061,19*79
$GPGSV,3,3,12,21,16,045,,07,16,127,,24,12,307,,23,00,324,*7E
$GPRMC,172908.000,A,4532.7824,N,12233.5913,W,41.91,348.10,210324,,,A*4A
$GPVTG,348.10,T,,M,41.91,N,77.6,K,A*08
$GPGGA,172913.000,4532.8362,N,12233.6016,W,1,07,1.3,69.5,M,-19.3,M,,0000*57
$GPGSA,A,3,14,13,30,17,15,02,19,,,,,,2.6,1.3,2.3*39
$GPGSV,3,1,12,22,79,332,,14,67,053,30,17,66,155,20,13,51,242,19*7A
$GPGSV,3,2,12,30,47,129,24,19,41,189,16,15,33,283,19,02,23,061,18*75
$GPGSV,3,3,12,21,16,045,,07,16,127,,24,12,307,,23,00,324,*7E
$GPRMC,172913.000,A,4532.8362,N,12233.6016,W,38.15,351.82,210324,,,A*48
$GPVTG,351.82,T,,M,38.15,N,70.7,K,A*0F
$GPGGA,172918.000,4532.8900,N,12233.6138,W,1,08,1.1,68.9,M,-19.3,M,,0000*5F
$GPGSA,A,3,14,13,30,22,15,02,19,07,,,,,2.0,1.1,1.7*3B
$GPGSV,3,1,12,22,79,333,23,14,66,053,30,17,66,154,,13,51,242,15*74
$GPGSV,3,2,12,30,47,129,16,19,41,189,17,15,33,283,21,02,23,061,16*70
$GPGSV,3,3,12,21,16,045,,07,16,127,18,24,13,307,,23,00,324,*76
$GPRMC,172918.000,A,4532.8900,N,12233.6138,W,39.35,349.08,210324,,,A*48
$GPVTG,349.08,T,,M,39.35,N,72.9,K,A*0B
$GPGGA,172923.000,4532.9477,N,12233.6360,W,1,10,1.0,57.1,M,-19.3,M,,0000*58
$GPGSA,A,3,14,13,30,22,15,02,19,07,24,17,,,1.6,1.0,1.2*3A
$GPGSV,3,1,12,22,79,333,25,14,66,053,21,17,66,154,22,13,51,242,28*7C
$GPGSV,3,2,12,30,47,129,16,19,41,189,18,15,33,283,21,02,23,061,15*7C
$GPGSV,3,3,12,21,16,045,,07,16,127,18,24,13,307,18,23,00,324,*7F
$GPRMC,172923.000,A,4532.9477,N,12233.6360,W,44.24,340.01,210324,,,A*49
$GPVTG,340.01,T,,M,44.24,N,81.9,K,A*0D
$GPGGA,172928.000,4532.9997,N,12233.6837,W,1,09,1.0,51.6,M,-19.3,M,,0000*50
$GPGSA,A,3,14,13,30,22,15,02,19,07,24,,,,1.6,1.0,1.3*3D
$GPGSV,3,1,12,22,79,333,26,14,66,053,15,17,66,154,,13,51,242,34*75
$GPGSV,3,2,12,30,47,129,22,19,41,189,24,15,33,283,26,02,23,061,25*70
$GPGSV,3,3,12,21,16,045,,07,16,127,18,24,13,307,25,23,00,324,*71
$GPRMC,172928.000,A,4532.9997,N,12233.6837,W,42.68,323.12,210324,,,A*41
$GPVTG,323.12,T,,M,42.68,N,79.0,K,A*0A
$GPGGA,172933.000,4533.0457,N,12233.7406,W,1,07,1.5,47.7,M,-19.3,M,,0000*51
$GPGSA,A,3,14,13,30,15,19,07,17,,,,,,2.4,1.5,1.9*31
$GPGSV,3,1,12,22,79,333,11,14,66,053,25,17,66,154,28,13,51,242,22*7F
$GPGSV,3,2,12,30,47,129,26,19,41,189,20,15,33,283,15,02,23,061,*77
$GPGSV,3,3,12,21,16,045,,07,16,127,16,24,13,307,,23,00,324,*78
$GPVTG,317.23,T,,M,42.88,N,79.4,K,A*05
$GPGGA,172938.000,4533.0862,N,12233.8001,W,1,07,1.7,43.1,M,-19.3,M,,0000*5C
$GPGSA,A,3,14,13,30,15,22,19,17,,,,,,3.8,1.7,3.4*36
$GPGSV,3,1,12,22,79,333,22,14,66,053,27,17,66,154,29,13,51,242,29*77
$GPGSV,3,2,12,30,47,129,28,19,41,189,23,15,33,283,27,02,23,061,*7B
$GPGSV,3,3,12,21,16,045,,07,16,127,,24,13,307,,23,00,324,*7F
$GPRMC,172938.000,A,4533.0862,N,12233.8001,W,39.65,314.92,210324,,,A*4D
$GPVTG,314.92,T,,M,39.65,N,73.4,K,A*09
$GPGGA,172943.000,4533.1266,N,12233.8594,W,1,09,1.1,41.2,M,-19.3,M,,0000*5F
$GPGSA,A,3,14,13,30,07,15,22,19,02,17,,,,1.9,1.1,1.5*35
$GPGSV,3,1,12,22,79,333,24,14,66,053,28,17,66,154,17,13,51,242,19*70
$GPGSV,3,2,12,30,47,129,28,19,41,189,21,15,33,283,26,02,23,061,22*78
$GPGSV,3,3,12,21,16,045,,07,16,127,15,24,13,307,,23,00,324,*7B
$GPRMC,172943.000,A,4533.1266,N,12233.8594,W,44.05,315.28,210324,,,A*4B
$GPVTG,315.28,T,,M,44.05,N,81.6,K,A*0A
$GPGGA,172948.000,4533.1737,N,12233.9219,W,1,09,1.1,36.0,M,-19.3,M,,0000*54
$GPGSA,A,3,14,13,30,07,15,22,19,02,17,,,,1.9,1.1,1.5*35
$GPGSV,3,1,12,22,79,333,16,14,66,053,20,17,66,154,24,13,51,242,19*79
$GPGSV,3,2,12,30,47,129,27,19,41,189,14,15,33,283,21,02,23,061,18*7F
$GPGSV,3,3,12,21,16,045,,07,16,127,16,24,13,307,,23,00,324,*78
$GPRMC,172948.000,A,4533.1737,N,12233.9219,W,46.08,318.91,210324,,,A*42
$GPVTG,318.91,T,,M,46.08,N,85.3,K,A*0B
$GPGGA,172953.000,4533.2280,N,12233.9688,W,1,08,1.4,35.4,M,-19.3,M,,0000*5B
$GPGSA,A,3,14,13,30,15,22,02,24,17,,,,,2.3,1.4,1.8*3D
$GPGSV,3,1,12,22,79,333,22,14,66,053,23,17,66,154,25,13,51,242,15*70
$GPGSV,3,2,12,30,47,129,28,19,41,189,,15,33,283,22,02,23,061,16*78
$GPGSV,3,3,12,21,16,045,,07,16,127,,24,13,307,17,23,00,324,*79
$GPRMC,172953.000,A,4533.2280,N,12233.9688,W,45.04,333.45,210324,,,A*41
$GPVTG,333.45,T,,M,45.04,N,83.4,K,A*05
$GPGGA,172958.000,4533.2885,N,12233.9962,W,1,08,1.4,30.2,M,-19.3,M,,0000*57
$GPGSA,A,3,14,13,30,15,22,02,24,17,,,,,2.3,1.4,1.8*3D
$GPGSV,3,1,12,22,79,333,25,14,66,053,29,17,66,154,28,13,51,242,18*7D
$GPGSV,3,2,12,30,47,129,29,19,41,189,,15,33,283,27,02,23,061,16*7C
$GPGSV,3,3,12,21,16,045,,07,16,127,,24,13,307,18,23,00,324,*76
$GPRMC,172958.000,A,4533.2885,N,12233.9962,W,46.09,345.83,210324,,,A*4B
$GPVTG,345.83,T,,M,46.09,N,85.4,K,A*06
$GPGGA,173003.000,4533.3560,N,12234.0080,W,1,10,1.0,26.8,M,-19.3,M,,0000*5D
$GPGSA,A,3,14,13,30,19,15,22,02,24,17,21,,,1.8,1.0,1.5*37
$GPGSV,3,1,12,22,79,333,26,14,66,053,30,17,66,154,28,13,51,242,26*7B
$GPGSV,3,2,12,30,47,129,29,19,41,189,21,15,33,283,29,02,23,061,16*71
$GPGSV,3,3,12,21,16,045,19,07,16,127,,24,13,307,19,23,00,324,*7F
$GPRMC,173003.000,A,4533.3560,N,12234.0080,W,51.92,358.21,210324,,,A*41
$GPVTG,358.21,T,,M,51.92,N,96.1,K,A*01
$GPGGA,173008.000,4533.4294,N,12233.9965,W,1,11,0.9,24.0,M,-19.3,M,,0000*52
$GPGSA,A,3,14,13,30,19,15,22,07,02,24,17,21,,1.5,0.9,1.2*32
$GPGSV,3,1,12,22,79,333,26,14,66,053,31,17,66,154,31,13,51,242,26*72
$GPGSV,3,2,12,30,47,129,31,19,41,189,29,15,33,283,21,02,23,061,21*7C
$GPGSV,3,3,12,21,16,045,16,07,16,127,13,24,13,307,12,23,00,324,*79
$GPVTG,10.43,T,,M,52.64,N,97.5,K,A*35
$GPGGA,173013.000,4533.4985,N,12233.9637,W,1,10,1.0,20.1,M,-19.3,M,,0000*57
$GPGSA,A,3,14,13,30,19,15,22,07,02,17,21,,,1.7,1.0,1.4*38
$GPGSV,3,1,12,22,79,333,25,14,66,053,30,17,66,154,32,13,51,242,26*73
$GPGSV,3,2,12,30,47,129,27,19,41,189,23,15,33,283,20,02,23,061,17*75
$GPGSV,3,3,12,21,16,045,25,07,16,127,14,24,13,307,15,23,00,324,*79
$GPRMC,173013.000,A,4533.4985,N,12233.9637,W,52.30,24.58,210324,,,A*79
$GPGGA,173018.000,4533.5558,N,12233.9086,W,1,10,1.0,16.2,M,-19.3,M,,0000*5B
$GPGSA,A,3,14,13,30,19,15,22,07,02,17,21,,,1.7,1.0,1.4*38
$GPGSV,3,1,12,22,79,333,26,14,66,053,29,17,66,154,33,13,51,242,27*78
$GPGSV,3,2,12,30,47,129,25,19,41,189,21,15,33,283,22,02,23,061,24*77
$GPGSV,3,3,12,21,16,045,15,07,16,127,15,24,13,307,,23,00,324,*7F
$GPRMC,173018.000,A,4533.5558,N,12233.9086,W,48.30,37.71,210324,,,A*71
$GPVTG,37.71,T,,M,48.30,N,89.5,K,A*34
$GPGGA,173023.000,4533.6027,N,12233.8439,W,1,11,0.9,17.0,M,-19.3,M,,0000*56
$GPGSA,A,3,14,13,30,19,15,22,07,02,24,17,21,,1.5,0.9,1.2*32
$GPGSV,3,1,12,22,79,333,26,14,66,053,29,17,66,154,32,13,51,242,28*76
$GPGSV,3,2,12,30,47,129,26,19,41,189,28,15,33,283,24,02,23,061,25*7A
$GPGSV,3,3,12,21,16,045,12,07,16,127,15,24,13,307,23,23,00,324,*79
$GPRMC,173023.000,A,4533.6027,N,12233.8439,W,45.47,42.70,210324,,,A*78
$GPVTG,42.70,T,,M,45.47,N,84.2,K,A*30
$GPGGA,173028.000,4533.6465,N,12233.7840,W,6,00,50.0,15.2,M,-19.3,M,,0000*69
$GPGSA,A,2,,,,,,,,,,,,,50.0,50.0,50.0*06
$GPGSV,3,1,12,22,79,333,08,14,66,053,08,17,66,154,12,13,51,242,12*72
$GPGSV,3,2,12,30,47,129,11,19,41,189,18,15,33,283,08,02,23,061,18*7D
$GPGSV,3,3,12,21,16,045,,07,16,127,,24,13,307,09,23,00,324,*76
$GPRMC,173028.000,A,4533.6465,N,12233.7840,W,42.75,44.23,210324,,,E*7E
$GPVTG,44.23,T,,M,42.75,N,79.2,K,N*3B
$GPGGA,173033.000,4533.6870,N,12233.7270,W,1,10,1.0,17.0,M,-19.3,M,,0000*50
$GPGSA,A,3,14,13,30,19,15,22,21,02,24,17,,,1.8,1.0,1.5*37
$GPGSV,3,1,12,22,79,333,20,14,66,053,23,17,66,154,28,13,51,242,30*78
$GPGSV,3,2,12,30,47,129,23,19,41,189,23,15,33,283,27,02,23,061,25*77
$GPGSV,3,3,12,21,16,045,15,07,16,127,,24,13,307,25,23,00,324,*7C
$GPRMC,173033.000,A,4533.6870,N,12233.7270,W,40.68,43.62,210324,,,A*7D
$GPVTG,43.62,T,,M,40.68,N,75.3,K,A*35
$GPGGA,173038.000,4533.7272,N,12233.6745,W,1,10,1.0,20.5,M,-19.3,M,,0000*51
$GPGSA,A,3,14,13,30,19,15,22,21,02,24,17,,,1.8,1.0,1.5*37
$GPGSV,3,1,12,22,79,333,19,14,66,053,15,17,66,154,27,13,51,242,30*78
$GPGSV,3,2,12,30,47,129,17,19,41,189,25,15,33,283,27,02,23,061,25*76
$GPGSV,3,3,12,21,16,045,13,07,16,127,,24,13,307,21,23,00,324,*7E
$GPRMC,173038.000,A,4533.7272,N,12233.6745,W,38.60,43.07,210324,,,A*79
$GPVTG,43.07,T,,M,38.60,N,71.5,K,A*33
$GPGGA,173043.000,4533.7673,N,12233.6236,W,1,10,1.0,24.9,M,-19.3,M,,0000*51
$GPGSA,A,3,14,13,30,19,15,22,21,02,24,17,,,1.8,1.0,1.5*37
$GPGSV,3,1,12,22,79,333,19,14,66,053,17,17,66,154,27,13,51,242,30*7A
$GPGSV,3,2,12,30,47,129,18,19,41,189,26,15,33,283,27,02,23,061,26*79
$GPGSV,3,3,12,21,16,045,13,07,16,127,,24,13,307,22,23,00,324,*7D
$GPVTG,42.90,T,,M,37.75,N,69.9,K,A*32
$GPGGA,173048.000,4533.8046,N,12233.5749,W,1,10,1.0,28.5,M,-19.3,M,,0000*5B
$GPGSA,A,3,14,13,30,19,15,22,21,02,24,17,,,1.8,1.0,1.5*37
$GPGSV,3,1,12,22,79,337,18,17,67,153,28,14,66,054,22,13,51,241,30*74
$GPGSV,3,2,12,30,46,130,20,19,41,189,26,15,33,282,28,02,23,060,25*77
$GPGSV,3,3,12,21,16,045,14,07,15,127,,24,13,307,23,23,00,323,*7F
$GPRMC,173048.000,A,4533.8046,N,12233.5749,W,34.92,42.52,210324,,,A*7B
$GPVTG,42.52,T,,M,34.92,N,64.7,K,A*35
$GPGGA,173053.000,4533.8370,N,12233.5316,W,1,11,0.9,31.6,M,-19.3,M,,0000*5B
$GPGSA,A,3,14,13,30,19,15,22,21,02,24,17,07,,1.5,0.9,1.2*32
$GPGSV,3,1,12,22,79,337,18,17,67,153,29,14,66,054,21,13,51,241,30*76
$GPGSV,3,2,12,30,46,130,21,19,41,189,25,15,33,282,30,02,23,060,25*7C
$GPGSV,3,3,12,21,16,045,16,07,15,127,23,24,13,307,22,23,00,323,*7D
$GPRMC,173053.000,A,4533.8370,N,12233.5316,W,31.78,42.28,210324,,,A*75
$GPVTG,42.28,T,,M,31.78,N,58.8,K,A*39
$GPGGA,173058.000,4533.8700,N,12233.4882,W,1,10,1.0,36.0,M,-19.3,M,,0000*5C
$GPGSA,A,3,14,13,30,19,15,22,21,02,17,07,,,1.7,1.0,1.4*38
$GPGSV,3,1,12,22,79,337,19,17,67,153,29,14,66,054,21,13,51,241,29*7F
$GPGSV,3,2,12,30,46,130,23,19,41,189,25,15,33,282,30,02,23,060,25*7E
$GPGSV,3,3,12,21,16,045,17,07,15,127,20,24,13,307,13,23,00,323,*7D
$GPRMC,173058.000,A,4533.8700,N,12233.4882,W,35.18,42.66,210324,,,A*72
$GPVTG,42.66,T,,M,35.18,N,65.2,K,A*35
$GPGGA,173103.000,4533.9097,N,12233.4336,W,1,10,1.0,40.2,M,-19.3,M,,0000*5C
$GPGSA,A,3,14,13,30,19,15,22,21,02,17,07,,,1.7,1.0,1.4*38
$GPGSV,3,1,12,22,79,337,19,17,67,153,30,14,66,054,22,13,51,241,29*74
$GPGSV,3,2,12,30,46,130,23,19,41,189,25,15,33,282,29,02,23,060,25*76
$GPGSV,3,3,12,21,16,045,16,07,15,127,15,24,13,307,,23,00,323,*78
$GPRMC,173103.000,A,4533.9097,N,12233.4336,W,42.73,44.35,210324,,,A*7C
$GPVTG,44.35,T,,M,42.73,N,79.1,K,A*36
$GPGGA,173108.000,4533.9537,N,12233.3762,W,1,10,1.0,43.1,M,-19.3,M,,0000*5A
$GPGSA,A,3,14,13,30,19,15,22,21,02,17,07,,,1.7,1.0,1.4*38
$GPGSV,3,1,12,22,79,337,19,17,67,153,30,14,66,054,21,13,51,241,29*77
$GPGSV,3,2,12,30,46,130,24,19,41,189,25,15,33,282,29,02,23,060,25*71
$GPGSV,3,3,12,21,16,045,16,07,15,127,17,24,13,307,,23,00,323,*7A
$GPRMC,173108.000,A,4533.9537,N,12233.3762,W,41.99,42.07,210324,,,A*7A
$GPVTG,42.07,T,,M,41.99,N,77.8,K,A*31
$GPGGA,173113.000,4533.9959,N,12233.3191,W,1,11,0.9,42.7,M,-19.3,M,,0000*50
$GPGSA,A,3,14,13,30,19,15,22,21,02,24,17,07,,1.5,0.9,1.2*32
$GPGSV,3,1,12,22,79,337,18,17,67,153,30,14,66,054,21,13,51,241,29*76
$GPGSV,3,2,12,30,46,130,25,19,41,189,24,15,33,282,29,02,23,060,25*71
$GPGSV,3,3,12,21,16,045,16,07,15,127,17,24,13,307,25,23,00,323,*7D
$GPRMC,173113.000,A,4533.9959,N,12233.3191,W,41.92,42.96,210324,,,A*7D
$GPVTG,42.96,T,,M,41.92,N,77.6,K,A*3C
$GPGGA,173118.000,4534.0382,N,12233.2576,W,1,11,0.9,40.4,M,-19.3,M,,0000*54
$GPGSA,A,3,14,13,30,19,15,22,21,02,24,17,07,,1.5,0.9,1.2*32
$GPGSV,3,1,12,22,79,337,20,17,67,153,31,14,66,054,22,13,51,241,29*7F
$GPGSV,3,2,12,30,46,130,25,19,41,189,25,15,33,282,28,02,23,060,25*71
$GPRMC,173118.000,A,4534.0382,N,12233.2576,W,44.53,46.87,210324,,,A*74
$GPVTG,46.87,T,,M,44.53,N,82.5,K,A*39
$GPGGA,173123.000,4534.0795,N,12233.1913,W,1,11,0.9,38.9,M,-19.3,M,,0000*50
$GPGSA,A,3,14,13,30,19,15,22,21,02,24,17,07,,1.5,0.9,1.2*32
$GPGSV,3,1,12,22,79,337,21,17,67,153,31,14,66,054,23,13,51,241,30*77
$GPGSV,3,2,12,30,46,130,25,19,41,189,25,15,33,282,28,02,23,060,27*73
$GPGSV,3,3,12,21,16,045,17,07,15,127,16,24,13,307,23,23,00,323,*7B
$GPRMC,173123.000,A,4534.0795,N,12233.1913,W,45.48,47.73,210324,,,A*73
$GPGGA,173128.000,4534.1223,N,12233.1234,W,1,11,0.9,38.2,M,-19.3,M,,0000*57
$GPGSA,A,3,14,13,30,19,15,22,21,02,24,17,07,,1.5,0.9,1.2*32
$GPGSV,3,1,12,22,79,337,21,17,67,153,31,14,66,054,23,13,51,241,29*7F
$GPGSV,3,2,12,30,46,130,25,19,41,189,26,15,33,282,28,02,23,060,27*70
$GPGSV,3,3,12,21,16,045,17,07,15,127,15,24,13,307,22,23,00,323,*79
$GPRMC,173128.000,A,4534.1223,N,12233.1234,W,46.85,48.42,210324,,,A*70
$GPVTG,48.42,T,,M,46.85,N,86.8,K,A*3E
$GPGGA,173133.000,4534.1649,N,12233.0534,W,1,11,0.9,38.6,M,-19.3,M,,0000*57
$GPGSA,A,3,14,13,30,19,15,22,21,02,24,17,07,,1.5,0.9,1.2*32
$GPGSV,3,1,12,22,79,337,20,17,67,153,30,14,66,054,24,13,51,241,29*78
$GPGSV,3,2,12,30,46,130,25,19,41,189,27,15,33,282,23,02,23,060,28*75
$GPGSV,3,3,12,21,16,045,18,07,15,127,15,24,13,307,20,23,00,323,*74
$GPRMC,173133.000,A,4534.1649,N,12233.0534,W,45.77,49.02,210324,,,A*7F
$GPVTG,49.02,T,,M,45.77,N,84.8,K,A*37
$GPGGA,173138.000,4534.2084,N,12232.9915,W,1,10,0.9,37.0,M,-19.3,M,,0000*57
$GPGSA,A,3,14,13,30,19,15,22,21,24,17,07,,,1.5,0.9,1.2*30
$GPGSV,3,1,12,22,79,337,28,17,67,153,31,14,66,054,25,13,51,241,29*70
$GPGSV,3,2,12,30,46,130,30,19,41,189,16,15,33,282,23,02,23,060,*79
$GPGSV,3,3,12,21,16,045,19,07,15,127,15,24,13,307,23,23,00,323,*76
$GPRMC,173138.000,A,4534.2084,N,12232.9915,W,44.29,36.02,210324,,,A*75
$GPVTG,36.02,T,,M,44.29,N,82.0,K,A*3B
$GPGGA,173143.000,4534.2692,N,12232.9693,W,1,09,1.0,33.9,M,-19.3,M,,0000*56
$GPGSA,A,3,13,30,19,15,22,21,24,17,07,,,,1.7,1.0,1.4*39
$GPGSV,3,1,12,22,79,337,29,17,67,153,18,14,66,054,24,13,51,241,18*79
$GPGSV,3,2,12,30,46,130,29,19,41,189,27,15,33,282,18,02,23,060,*7B
$GPGSV,3,3,12,21,16,045,18,07,15,127,13,24,13,307,27,23,00,323,*75
$GPRMC,173143.000,A,4534.2692,N,12232.9693,W,46.05,4.87,210324,,,A*49
$GPVTG,4.87,T,,M,46.05,N,85.3,K,A*0F
$GPGGA,173148.000,4534.3318,N,12232.9978,W,1,11,0.9,26.7,M,-19.3,M,,0000*5A
$GPGSA,A,3,14,13,30,19,15,22,21,02,24,17,07,,1.5,0.9,1.2*32
$GPGSV,3,1,12,22,79,337,23,17,67,153,27,14,66,054,26,13,51,241,32*75
$GPGSV,3,2,12,30,46,130,21,19,41,189,27,15,33,282,27,02,23,060,16*78
$GPGSV,3,3,12,21,16,045,13,07,15,127,23,24,13,307,26,23,00,323,*7C
$GPRMC,173148.000,A,4534.3318,N,12232.9978,W,47.50,333.91,210324,,,A*4F
$GPVTG,333.91,T,,M,47.50,N,88.0,K,A*00
$GPGGA,173153.000,4534.3745,N,12233.0672,W,1,11,0.9,20.7,M,-19.3,M,,0000*57
$GPGSA,A,3,14,13,30,19,15,22,21,02,24,17,07,,1.5,0.9,1.2*32
$GPGSV,3,1,12,22,79,337,23,17,67,153,25,14,66,054,27,13,51,241,32*76
$GPGSV,3,2,12,30,46,130,26,19,41,189,22,15,33,282,26,02,23,060,21*7F
$GPRMC,173153.000,A,4534.3745,N,12233.0672,W,47.04,302.41,210324,,,A*4A
$GPVTG,302.41,T,,M,47.04,N,87.1,K,A*00
$GPGGA,173158.000,4534.3980,N,12233.1652,W,1,10,0.9,14.3,M,-19.3,M,,0000*5A
$GPGSA,A,3,14,13,30,19,15,22,21,24,17,07,,,1.5,0.9,1.2*30
$GPGSV,3,1,12,22,79,337,23,17,67,153,31,14,66,054,28,13,51,241,26*79
$GPGSV,3,2,12,30,46,130,26,19,41,189,23,15,33,282,29,02,23,060,*72
$GPGSV,3,3,12,21,16,045,14,07,15,127,17,24,13,307,18,23,00,323,*71
$GPRMC,173158.000,A,4534.3980,N,12233.1652,W,53.09,288.73,210324,,,A*4F
$GPGGA,173203.000,4534.4268,N,12233.2560,W,1,08,1.2,15.2,M,-19.3,M,,0000*5F
$GPGSA,A,3,14,13,30,19,15,02,24,17,,,,,2.4,1.2,2.1*3E
$GPGSV,3,1,12,22,79,337,,17,67,153,30,14,66,054,29,13,51,241,36*79
$GPGSV,3,2,12,30,46,130,26,19,41,189,22,15,33,282,23,02,23,060,20*7B
$GPGSV,3,3,12,21,16,045,,07,15,127,08,24,13,307,18,23,00,323,*7A
$GPRMC,173203.000,A,4534.4268,N,12233.2560,W,47.06,302.45,210324,,,A*45
$GPVTG,302.45,T,,M,47.06,N,87.2,K,A*05
$GPGGA,173208.000,4534.4635,N,12233.3310,W,1,08,1.4,14.6,M,-19.3,M,,0000*5B
$GPGSA,A,3,14,13,30,15,22,02,24,17,,,,,2.3,1.4,1.8*3D
$GPGSV,3,1,12,22,79,337,24,17,67,153,27,14,66,054,28,13,51,241,35*7B
$GPGSV,3,2,12,30,46,130,28,19,41,189,09,15,33,282,27,02,23,060,23*7B
$GPGSV,3,3,12,21,16,045,,07,15,127,11,24,13,307,19,23,00,323,*73
$GPRMC,173208.000,A,4534.4635,N,12233.3310,W,44.38,306.20,210324,,,A*4B
$GPVTG,306.20,T,,M,44.38,N,82.2,K,A*09
$GPGGA,173213.000,4534.4990,N,12233.3962,W,1,11,0.9,15.2,M,-19.3,M,,0000*5F
$GPGSA,A,3,14,13,30,19,15,22,02,21,24,17,07,,1.5,0.9,1.2*32
$GPGSV,3,1,12,22,79,337,14,17,67,153,23,14,66,054,28,13,51,241,33*7A
$GPGSV,3,2,12,30,46,130,28,19,41,189,14,15,33,282,28,02,23,060,19*71
$GPGSV,3,3,12,21,16,045,15,07,15,127,16,24,13,307,19,23,00,323,*70
$GPRMC,173213.000,A,4534.4990,N,12233.3962,W,38.48,305.26,210324,,,A*47
$GPVTG,305.26,T,,M,38.48,N,71.3,K,A*0D
$GPGGA,173218.000,4534.5269,N,12233.4579,W,1,10,1.0,20.7,M,-19.3,M,,0000*53
$GPGSA,A,3,14,13,30,19,15,22,02,24,17,07,,,1.6,1.0,1.2*3A
$GPGSV,3,1,12,22,79,337,16,17,67,153,24,14,66,054,29,13,51,241,34*79
$GPGSV,3,2,12,30,46,130,28,19,41,189,24,15,33,282,19,02,23,060,19*70
$GPGSV,3,3,12,21,16,045,,07,15,127,17,24,13,307,18,23,00,323,*74
$GPRMC,173218.000,A,4534.5269,N,12233.4579,W,36.91,299.93,210324,,,A*41
$GPVTG,299.93,T,,M,36.91,N,68.4,K,A*02
$GPGGA,173223.000,4534.5537,N,12233.5266,W,1,10,1.0,19.5,M,-19.3,M,,0000*57
$GPGSA,A,3,14,13,30,19,15,22,02,24,17,07,,,1.6,1.0,1.2*3A
$GPGSV,3,1,12,22,79,337,24,17,67,153,30,14,66,054,30,13,51,241,34*75
$GPGSV,3,2,12,30,46,130,27,19,41,189,24,15,33,282,19,02,23,060,27*72
$GPGSV,3,3,12,21,16,045,,07,15,127,17,24,13,307,17,23,00,323,*7B
$GPRMC,173223.000,A,4534.5537,N,12233.5266,W,41.62,298.75,210324,,,A*48
$GPVTG,298.75,T,,M,41.62,N,77.1,K,A*0C
$GPGGA,173228.000,4534.5821,N,12233.5992,W,1,11,0.9,18.2,M,-19.3,M,,0000*59
$GPGSA,A,3,14,13,30,19,15,22,02,21,24,17,07,,1.5,0.9,1.2*32
$GPGSV,3,1,12,22,79,337,24,17,67,153,31,14,66,054,30,13,51,241,33*73
$GPGSV,3,2,12,30,46,130,27,19,41,189,24,15,33,282,20,02,23,060,28*77
$GPGSV,3,3,12,21,16,045,18,07,15,127,19,24,13,307,18,23,00,323,*73
$GPRMC,173228.000,A,4534.5821,N,12233.5992,W,41.36,298.96,210324,,,A*45
$GPVTG,298.96,T,,M,41.36,N,76.6,K,A*06
$GPGGA,173233.000,4534.6103,N,12233.6711,W,1,07,1.2,18.5,M,-19.3,M,,0000*55
$GPGSA,A,3,13,30,19,15,21,24,07,,,,,,2.7,1.2,2.4*3D
$GPGSV,3,1,12,22,79,337,12,17,67,153,,14,66,054,18,13,51,241,13*7C
$GPGSV,3,2,12,30,46,130,20,19,41,189,21,15,33,282,13,02,23,060,17*79
$GPGSV,3,3,12,21,16,045,17,07,15,127,20,24,13,307,17,23,00,323,*79
$GPVTG,299.09,T,,M,41.50,N,76.9,K,A*0E
$GPGGA,173238.000,4534.6368,N,12233.7402,W,1,11,0.9,19.2,M,-19.3,M,,0000*5A
$GPGSA,A,3,14,13,30,19,15,22,02,21,24,17,07,,1.5,0.9,1.2*32
$GPGSV,3,1,12,22,79,337,22,17,67,153,31,14,66,054,29,13,51,241,33*7D
$GPGSV,3,2,12,30,46,130,23,19,41,189,23,15,33,282,21,02,23,060,13*7D
$GPGSV,3,3,12,21,16,045,17,07,15,127,19,24,13,307,17,23,00,323,*73
$GPRMC,173238.000,A,4534.6368,N,12233.7402,W,38.68,299.36,210324,,,A*49
$GPVTG,299.36,T,,M,38.68,N,71.6,K,A*0F
$GPGGA,173243.000,4534.6629,N,12233.8047,W,1,11,0.9,19.0,M,-19.3,M,,0000*5E
$GPGSA,A,3,14,13,30,19,15,22,02,21,24,17,07,,1.5,0.9,1.2*32
$GPGSV,3,1,12,22,79,337,23,17,67,153,31,14,66,054,30,13,51,241,33*74
$GPGSV,3,2,12,30,46,130,24,19,41,189,23,15,33,282,21,02,23,060,17*7E
$GPGSV,3,3,12,21,16,045,16,07,15,127,19,24,13,307,17,23,00,323,*72
$GPRMC,173243.000,A,4534.6629,N,12233.8047,W,35.89,298.73,210324,,,A*4D
$GPVTG,298.73,T,,M,35.89,N,66.5,K,A*08
$GPGGA,173248.000,4534.6852,N,12233.8668,W,1,11,0.9,15.7,M,-19.3,M,,0000*57
$GPGSA,A,3,14,13,30,19,15,22,02,21,24,17,07,,1.5,0.9,1.2*32
$GPGSV,3,1,12,22,79,337,22,17,67,153,31,14,66,054,30,13,51,241,33*75
$GPGSV,3,2,12,30,46,130,24,19,41,189,23,15,33,282,21,02,23,060,23*79
$GPGSV,3,3,12,21,16,045,17,07,15,127,19,24,13,307,18,23,00,323,*7C
$GPRMC,173248.000,A,4534.6852,N,12233.8668,W,36.86,297.91,210324,,,A*40
$GPVTG,297.91,T,,M,36.86,N,68.3,K,A*0F
$GPGGA,173253.000,4534.7106,N,12233.9325,W,1,11,0.9,18.1,M,-19.3,M,,0000*52
$GPGSA,A,3,14,13,30,19,15,22,02,21,24,17,07,,1.5,0.9,1.2*32
$GPGSV,3,1,12,22,79,337,16,17,67,153,31,14,66,054,25,13,51,241,29*7D
$GPGSV,3,2,12,30,46,130,25,19,41,189,15,15,33,282,23,02,23,060,17*78
$GPGSV,3,3,12,21,16,045,17,07,15,127,13,24,13,307,18,23,00,323,*76
$GPRMC,173253.000,A,4534.7106,N,12233.9325,W,38.87,298.71,210324,,,A*40
$GPVTG,298.71,T,,M,38.87,N,72.0,K,A*09
$GPGGA,173258.000,4534.7364,N,12233.9990,W,1,11,0.9,17.6,M,-19.3,M,,0000*53
$GPGSA,A,3,14,13,30,19,15,22,02,21,24,17,07,,1.5,0.9,1.2*32
$GPGSV,3,1,12,22,79,337,24,17,67,153,31,14,66,054,26,13,51,241,28*7E
$GPGSV,3,2,12,30,46,130,25,19,41,189,24,15,33,282,18,02,23,060,20*76
$GPGSV,3,3,12,21,16,045,16,07,15,127,16,24,13,307,17,23,00,323,*7D
$GPRMC,173258.000,A,4534.7364,N,12233.9990,W,36.38,298.26,210324,,,A*41
$GPVTG,298.26,T,,M,36.38,N,67.4,K,A*01
$GPGGA,173303.000,4534.7595,N,12234.0581,W,1,11,0.9,16.8,M,-19.3,M,,0000*59
$GPGSA,A,3,14,13,30,19,15,22,02,21,24,17,07,,1.5,0.9,1.2*32
$GPGSV,3,1,12,22,79,337,22,17,67,153,31,14,66,054,27,13,51,241,28*79
$GPGSV,3,2,12,30,46,130,25,19,41,189,23,15,33,282,15,02,23,060,22*7E
$GPGSV,3,3,12,21,16,045,16,07,15,127,16,24,13,307,16,23,00,323,*7C
$GPRMC,173303.000,A,4534.7595,N,12234.0581,W,33.23,299.32,210324,,,A*4F
$GPVTG,299.32,T,,M,33.23,N,61.5,K,A*0D
$GPGGA,173308.000,4534.7812,N,12234.1122,W,1,11,0.9,15.2,M,-19.3,M,,0000*55
$GPGSA,A,3,14,13,30,19,15,22,02,21,24,17,07,,1.5,0.9,1.2*32
$GPGSV,3,1,12,22,79,337,21,17,67,153,31,14,66,054,28,13,51,241,28*75
$GPGSV,3,2,12,30,46,130,26,19,41,189,24,15,33,282,15,02,23,060,22*7A
$GPGSV,3,3,12,21,16,045,15,07,15,127,16,24,13,307,16,23,00,323,*7F
$GPRMC,173308.000,A,4534.7812,N,12234.1122,W,30.31,299.37,210324,,,A*4F
$GPVTG,299.37,T,,M,30.31,N,56.1,K,A*08
$GPGGA,173313.000,4534.8002,N,12234.1614,W,1,11,0.9,12.8,M,-19.3,M,,0000*56
$GPGSA,A,3,14,13,30,19,15,22,02,21,24,17,07,,1.5,0.9,1.2*32
$GPGSV,3,1,12,22,79,343,20,17,68,151,31,14,65,055,29,13,50,239,28*77
$GPGSV,3,2,12,30,45,130,26,19,43,189,24,15,33,281,15,02,23,059,22*72
$GPGSV,3,3,12,21,16,044,15,24,14,307,16,07,14,128,15,23,00,323,*74
$GPVTG,300.03,T,,M,27.05,N,50.1,K,A*09
$GPGGA,173318.000,4534.8175,N,12234.2045,W,1,10,1.0,13.3,M,-19.3,M,,0000*5E
$GPGSA,A,3,14,13,30,19,15,22,02,21,24,17,,,1.9,1.0,1.6*35
$GPGSV,3,1,12,22,79,343,20,17,68,151,31,14,65,055,29,13,50,239,29*76
$GPGSV,3,2,12,30,45,130,25,19,43,189,25,15,33,281,14,02,23,059,22*71
$GPGSV,3,3,12,21,16,044,15,24,14,307,16,07,14,128,,23,00,323,*70
$GPRMC,173318.000,A,4534.8175,N,12234.2045,W,21.48,301.49,210324,,,A*4D
$GPVTG,301.49,T,,M,21.48,N,39.8,K,A*0F
$GPGGA,173323.000,4534.8277,N,12234.2307,W,1,10,1.0,12.9,M,-19.3,M,,0000*59
$GPGSA,A,3,14,13,30,19,15,22,02,21,24,17,,,1.9,1.0,1.6*35
$GPGSV,3,1,12,22,79,343,19,17,68,151,31,14,65,055,29,13,50,239,29*7C
$GPGSV,3,2,12,30,45,130,25,19,43,189,25,15,33,281,15,02,23,059,22*70
$GPGSV,3,3,12,21,16,044,15,24,14,307,17,07,14,128,,23,00,323,*71
$GPRMC,173323.000,A,4534.8277,N,12234.2307,W,10.97,296.41,210324,,,A*46
$GPVTG,296.41,T,,M,10.97,N,20.3,K,A*0B
$GPGGA,173328.000,4534.8305,N,12234.2394,W,1,10,1.0,11.9,M,-19.3,M,,0000*5F
$GPGSA,A,3,14,13,30,19,15,22,02,21,24,17,,,1.9,1.0,1.6*35
$GPGSV,3,1,12,22,79,343,18,17,68,151,30,14,65,055,29,13,50,239,29*7C
$GPGSV,3,2,12,30,45,130,25,19,43,189,25,15,33,281,16,02,23,059,24*75
$GPGSV,3,3,12,21,16,044,21,24,14,307,19,07,14,128,,23,00,323,*78
$GPRMC,173328.000,A,4534.8305,N,12234.2394,W,3.30,300.42,210324,,,A*71
$GPVTG,300.42,T,,M,3.30,N,6.1,K,A*0F
$GPGGA,173333.000,4534.8304,N,12234.2405,W,1,11,0.9,12.4,M,-19.3,M,,0000*5C
$GPGSA,A,3,14,13,30,19,15,22,02,21,24,17,07,,1.5,0.9,1.2*32
$GPGSV,3,1,12,22,79,343,18,17,68,151,30,14,65,055,28,13,50,239,29*7D
$GPGSV,3,2,12,30,45,130,26,19,43,189,25,15,33,281,16,02,23,059,24*76
$GPGSV,3,3,12,21,16,044,21,24,14,307,18,07,14,128,19,23,00,323,*71
$GPRMC,173333.000,A,4534.8304,N,12234.2405,W,0.12,23.15,210324,,,A*46
$GPVTG,23.15,T,,M,0.12,N,0.2,K,A*39
$GPGGA,173338.000,4534.8305,N,12234.2401,W,1,09,1.1,11.8,M,-19.3,M,,0000*5D
$GPGSA,A,3,14,13,30,19,15,22,02,17,07,,,,1.9,1.1,1.5*35
$GPGSV,3,1,12,22,79,343,19,17,68,151,31,14,65,055,28,13,50,239,29*7D
$GPGSV,3,2,12,30,45,130,26,19,43,189,25,15,33,281,24,02,23,059,24*77
$GPGSV,3,3,12,21,16,044,08,24,14,307,,07,14,128,19,23,00,323,*73
$GPRMC,173338.000,A,4534.8305,N,12234.2401,W,0.30,34.11,210324,,,A*4A
$GPVTG,34.11,T,,M,0.30,N,0.5,K,A*3C
$GPGGA,173343.000,4534.8317,N,12234.2437,W,1,10,1.0,12.4,M,-19.3,M,,0000*51
$GPGSA,A,3,14,13,30,19,15,22,02,21,17,07,,,1.7,1.0,1.4*38
$GPGSV,3,1,12,22,79,344,19,17,68,151,31,14,65,055,28,13,50,239,29*7A
$GPGSV,3,2,12,30,45,130,26,19,43,189,25,15,33,281,24,02,23,059,25*76
$GPGSV,3,3,12,21,16,044,14,24,14,307,,07,14,128,19,23,00,322,*7F
$GPRMC,173343.000,A,4534.8317,N,12234.2437,W,4.78,295.91,210324,,,A*79
$GPVTG,295.91,T,,M,4.78,N,8.8,K,A*00
$GPGGA,173348.000,4534.8372,N,12234.2576,W,1,10,1.0,15.9,M,-19.3,M,,0000*57
$GPGSA,A,3,14,13,30,19,15,22,02,21,17,07,,,1.7,1.0,1.4*38
$GPGSV,3,1,12,22,79,344,20,17,68,151,31,14,65,055,28,13,50,239,29*70
$GPGSV,3,2,12,30,45,130,26,19,43,189,25,15,33,281,23,02,23,059,24*70
$GPRMC,173348.000,A,4534.8372,N,12234.2576,W,11.12,299.03,210324,,,A*4A
$GPVTG,299.03,T,,M,11.12,N,20.6,K,A*0B
$GPGGA,173353.000,4534.8491,N,12234.2860,W,1,09,1.1,15.8,M,-19.3,M,,0000*55
$GPGSA,A,3,14,13,30,19,15,22,02,17,07,,,,1.9,1.1,1.5*35
$GPGSV,3,1,12,22,79,344,20,17,68,151,31,14,65,055,28,13,50,239,28*71
$GPGSV,3,2,12,30,45,130,25,19,43,189,22,15,33,281,24,02,23,059,23*74
$GPGSV,3,3,12,21,16,044,,24,14,307,,07,14,128,20,23,00,322,*70
$GPRMC,173353.000,A,4534.8491,N,12234.2860,W,19.97,300.45,210324,,,A*46
$GPGGA,173358.000,4534.8645,N,12234.3239,W,1,09,1.1,14.7,M,-19.3,M,,0000*5C
$GPGSA,A,3,14,13,30,19,15,22,02,17,07,,,,1.9,1.1,1.5*35
$GPGSV,3,1,12,22,79,344,20,17,68,151,30,14,65,055,29,13,50,239,28*71
$GPGSV,3,2,12,30,45,130,25,19,43,189,22,15,33,281,23,02,23,059,21*71
$GPGSV,3,3,12,21,16,044,,24,14,307,,07,14,128,19,23,00,322,*7A
$GPRMC,173358.000,A,4534.8645,N,12234.3239,W,24.00,299.19,210324,,,A*49
$GPVTG,299.19,T,,M,24.00,N,44.5,K,A*04
$GPGGA,173403.000,4534.8811,N,12234.3685,W,1,09,1.1,17.5,M,-19.3,M,,0000*58
$GPGSA,A,3,14,13,30,19,15,22,02,17,07,,,,1.9,1.1,1.5*35
$GPGSV,3,1,12,22,79,344,20,17,68,151,31,14,65,055,29,13,50,239,28*70
$GPGSV,3,2,12,30,45,130,25,19,43,189,22,15,33,281,22,02,23,059,22*73
$GPGSV,3,3,12,21,16,044,,24,14,307,,07,14,128,19,23,00,322,*7A
$GPRMC,173403.000,A,4534.8811,N,12234.3685,W,27.06,298.03,210324,,,A*43
$GPVTG,298.03,T,,M,27.06,N,50.1,K,A*0A
$GPGGA,173408.000,4534.8983,N,12234.4137,W,1,09,1.1,18.1,M,-19.3,M,,0000*5B
$GPGSA,A,3,14,13,30,19,15,22,02,17,07,,,,1.9,1.1,1.5*35
$GPGSV,3,1,12,22,79,344,19,17,68,151,31,14,65,055,30,13,50,239,29*73
$GPGSV,3,2,12,30,45,130,25,19,43,189,23,15,33,281,21,02,23,059,23*70
$GPGSV,3,3,12,21,16,044,,24,14,307,,07,14,128,18,23,00,322,*7B
$GPRMC,173408.000,A,4534.8983,N,12234.4137,W,23.86,296.87,210324,,,A*45
$GPVTG,296.87,T,,M,23.86,N,44.2,K,A*02
$GPGGA,173413.000,4534.9136,N,12234.4544,W,1,08,1.1,13.8,M,-19.3,M,,0000*55
$GPGSA,A,3,14,13,30,19,15,02,17,07,,,,,2.0,1.1,1.7*3D
$GPGSV,3,1,11,22,79,345,,17,68,150,32,14,64,056,30,13,50,238,30*70
$GPGSV,3,2,11,30,45,130,25,19,43,189,24,15,33,280,21,02,23,059,23*75
$GPGSV,3,3,11,21,16,043,,24,15,307,,07,14,128,16*42
$GPRMC,173413.000,A,4534.9136,N,12234.4544,W,21.86,298.08,210324,,,A*43
$GPVTG,298.08,T,,M,21.86,N,40.5,K,A*0A
$GPGGA,173418.000,4534.9269,N,12234.4919,W,1,08,1.1,14.5,M,-19.3,M,,0000*59
$GPGSA,A,3,14,13,30,19,15,02,17,07,,,,,2.0,1.1,1.7*3D
$GPGSV,3,1,11,22,79,345,,17,68,150,32,14,64,056,23,13,50,238,31*73
$GPGSV,3,2,11,30,45,130,26,19,43,189,25,15,33,280,22,02,23,059,23*74
$GPGSV,3,3,11,21,16,043,,24,15,307,,07,14,128,16*42
$GPRMC,173418.000,A,4534.9269,N,12234.4919,W,23.01,298.76,210324,,,A*41
$GPVTG,298.76,T,,M,23.01,N,42.6,K,A*0F
$GPGGA,173423.000,4534.9439,N,12234.5364,W,1,09,1.0,12.2,M,-19.3,M,,0000*52
$GPGSA,A,3,14,13,30,19,15,24,02,17,07,,,,1.7,1.0,1.4*3D
$GPGSV,3,1,11,22,79,345,,17,68,150,32,14,64,056,29,13,50,238,31*79
$GPGSV,3,2,11,30,45,130,26,19,43,189,26,15,33,280,21,02,23,059,23*74
$GPGSV,3,3,11,21,16,043,,24,15,307,18,07,14,128,16*4B
$GPVTG,298.76,T,,M,27.46,N,50.8,K,A*05
$GPGGA,173428.000,4534.9624,N,12234.5848,W,1,09,1.0,10.5,M,-19.3,M,,0000*57
$GPGSA,A,3,14,13,30,19,15,24,02,17,07,,,,1.7,1.0,1.4*3D
$GPGSV,3,1,11,22,79,345,,17,68,150,32,14,64,056,29,13,50,238,32*7A
$GPGSV,3,2,11,30,45,130,26,19,43,189,26,15,33,280,21,02,23,059,23*74
$GPGSV,3,3,11,21,16,043,,24,15,307,18,07,14,128,18*45
$GPRMC,173428.000,A,4534.9624,N,12234.5848,W,28.75,299.27,210324,,,A*46
$GPVTG,299.27,T,,M,28.75,N,53.2,K,A*06
$GPGGA,173433.000,4534.9817,N,12234.6353,W,1,09,1.0,12.0,M,-19.3,M,,0000*56
$GPGSA,A,3,14,13,30,19,15,24,02,17,07,,,,1.7,1.0,1.4*3D
$GPGSV,3,1,11,22,79,345,,17,68,150,32,14,64,056,29,13,50,238,32*7A
$GPGSV,3,2,11,30,45,130,26,19,43,189,26,15,33,280,22,02,23,059,23*77
$GPGSV,3,3,11,21,16,043,,24,15,307,17,07,14,128,18*4A
$GPRMC,173433.000,A,4534.9817,N,12234.6353,W,29.42,299.12,210324,,,A*43
$GPVTG,299.12,T,,M,29.42,N,54.5,K,A*05
$GPGGA,173438.000,4535.0019,N,12234.6851,W,1,08,1.1,13.9,M,-19.3,M,,0000*52
$GPGSA,A,3,14,13,30,19,15,02,17,07,,,,,2.0,1.1,1.7*3D
$GPGSV,3,1,11,22,79,345,,17,68,150,31,14,64,056,28,13,50,238,32*78
$GPGSV,3,2,11,30,45,130,26,19,43,189,21,15,33,280,23,02,23,059,22*70
$GPGSV,3,3,11,21,16,043,,24,15,307,,07,14,128,18*4C
$GPRMC,173438.000,A,4535.0019,N,12234.6851,W,29.98,299.80,210324,,,A*43
$GPVTG,299.80,T,,M,29.98,N,55.5,K,A*08
$GPGGA,173443.000,4535.0228,N,12234.7378,W,1,09,1.1,15.4,M,-19.3,M,,0000*55
$GPGSA,A,3,14,13,30,19,15,22,02,17,07,,,,1.9,1.1,1.5*35
$GPGSV,3,1,11,22,79,345,19,17,68,150,31,14,64,056,23,13,50,238,30*79
$GPGSV,3,2,11,30,45,130,27,19,43,189,23,15,33,280,23,02,23,059,18*7A
$GPGSV,3,3,11,21,16,043,,24,15,307,,07,14,128,19*4D
$GPRMC,173443.000,A,4535.0228,N,12234.7378,W,30.69,299.82,210324,,,A*4A
$GPVTG,299.82,T,,M,30.69,N,56.8,K,A*02
$GPGGA,173448.000,4535.0427,N,12234.7893,W,1,10,1.0,20.7,M,-19.3,M,,0000*55
$GPGSA,A,3,14,13,30,19,15,22,02,24,17,07,,,1.6,1.0,1.2*3A
$GPGSV,3,1,11,22,79,345,20,17,68,150,32,14,64,056,27,13,50,238,32*76
$GPGSV,3,2,11,30,45,130,27,19,43,189,22,15,33,280,23,02,23,059,17*74
$GPGSV,3,3,11,21,16,043,,24,15,307,20,07,14,128,15*43
$GPRMC,173448.000,A,4535.0427,N,12234.7893,W,29.11,297.81,210324,,,A*4C
$GPVTG,297.81,T,,M,29.11,N,53.9,K,A*0C
$GPGGA,173453.000,4535.0622,N,12234.8377,W,1,10,1.0,22.4,M,-19.3,M,,0000*57
$GPGSA,A,3,14,13,30,19,15,22,02,21,17,07,,,1.7,1.0,1.4*38
$GPGSV,3,1,11,22,79,345,19,17,68,150,32,14,64,056,27,13,50,238,32*7C
$GPGSV,3,2,11,30,45,130,27,19,43,189,19,15,33,280,23,02,23,059,18*73
$GPGSV,3,3,11,21,16,043,17,24,15,307,07,07,14,128,14*41
$GPVTG,300.87,T,,M,26.96,N,49.9,K,A*0E
$GPGGA,173458.000,4535.0805,N,12234.8835,W,1,09,1.1,23.6,M,-19.3,M,,0000*50
$GPGSA,A,3,14,13,30,19,15,22,02,17,07,,,,1.9,1.1,1.5*35
$GPGSV,3,1,11,22,79,345,19,17,68,150,32,14,64,056,27,13,50,238,32*7C
$GPGSV,3,2,11,30,45,130,27,19,43,189,20,15,33,280,24,02,23,059,19*7F
$GPGSV,3,3,11,21,16,043,,24,15,307,,07,14,128,15*41
$GPRMC,173458.000,A,4535.0805,N,12234.8835,W,26.13,298.35,210324,,,A*4F
$GPVTG,298.35,T,,M,26.13,N,48.4,K,A*06
$GPGGA,173503.000,4535.0998,N,12234.9306,W,1,10,1.0,24.0,M,-19.3,M,,0000*58
$GPGSA,A,3,14,13,30,19,15,22,02,24,17,07,,,1.6,1.0,1.2*3A
$GPGSV,3,1,11,22,79,345,19,17,68,150,32,14,64,056,28,13,50,238,32*73
$GPGSV,3,2,11,30,45,130,27,19,43,189,19,15,33,280,25,02,23,059,19*74
$GPGSV,3,3,11,21,16,043,,24,15,307,16,07,14,128,16*45
$GPRMC,173503.000,A,4535.0998,N,12234.9306,W,27.92,300.45,210324,,,A*40
$GPVTG,300.45,T,,M,27.92,N,51.7,K,A*02
$GPGGA,173508.000,4535.1187,N,12234.9799,W,1,10,1.0,23.4,M,-19.3,M,,0000*55
$GPGSA,A,3,14,13,30,19,15,22,02,24,17,07,,,1.6,1.0,1.2*3A
$GPGSV,3,1,11,22,79,345,19,17,68,150,33,14,64,056,28,13,50,238,32*72
$GPGSV,3,2,11,30,45,130,27,19,43,189,19,15,33,280,25,02,23,059,18*75
$GPGSV,3,3,11,21,16,043,,24,15,307,18,07,14,128,16*4B
$GPRMC,173508.000,A,4535.1187,N,12234.9799,W,29.64,296.90,210324,,,A*4F
$GPVTG,296.90,T,,M,29.64,N,54.9,K,A*08
$GPGGA,173513.000,4535.1380,N,12235.0293,W,1,10,1.0,24.0,M,-19.3,M,,0000*5E
$GPGSA,A,3,14,13,30,19,15,22,02,24,17,07,,,1.6,1.0,1.2*3A
$GPGSV,3,1,11,22,79,345,21,17,68,150,33,14,64,056,28,13,50,238,32*79
$GPGSV,3,2,11,30,45,130,27,19,43,189,19,15,33,280,25,02,23,059,19*74
$GPGSV,3,3,11,21,16,043,,24,15,307,19,07,14,128,14*48
$GPRMC,173513.000,A,4535.1380,N,12235.0293,W,24.83,298.21,210324,,,A*47
$GPVTG,298.21,T,,M,24.83,N,46.0,K,A*02
$GPGGA,173518.000,4535.1560,N,12235.0681,W,1,10,1.0,25.0,M,-19.3,M,,0000*5B
$GPGSA,A,3,14,13,30,19,15,22,02,24,21,17,,,1.9,1.0,1.6*35
$GPGSV,3,1,11,22,79,345,20,17,68,150,27,14,64,056,27,13,50,238,31*71
$GPGSV,3,2,11,30,45,130,27,19,43,189,20,15,33,280,24,02,23,059,19*7F
$GPGSV,3,3,11,21,16,043,14,24,15,307,19,07,14,128,*48
$GPRMC,173518.000,A,4535.1560,N,12235.0681,W,23.36,311.48,210324,,,A*45
$GPVTG,311.48,T,,M,23.36,N,43.3,K,A*02
$GPGGA,173523.000,4535.1837,N,12235.0980,W,1,11,0.9,25.9,M,-19.3,M,,0000*52
$GPGSA,A,3,14,13,30,19,15,22,02,24,21,17,07,,1.5,0.9,1.2*32
$GPGSV,3,1,11,22,79,345,28,17,68,150,27,14,64,056,28,13,50,238,30*77
$GPGSV,3,2,11,30,45,130,21,19,43,189,28,15,33,280,26,02,23,059,19*73
$GPGSV,3,3,11,21,16,043,16,24,15,307,23,07,14,128,20*41
$GPVTG,329.77,T,,M,23.89,N,44.2,K,A*07
$GPGGA,173528.000,4535.2120,N,12235.1229,W,1,10,0.9,22.5,M,-19.3,M,,0000*56
$GPGSA,A,3,14,13,30,19,15,22,24,21,17,07,,,1.5,0.9,1.2*30
$GPGSV,3,1,11,22,79,345,28,17,68,150,27,14,64,056,27,13,50,238,29*70
$GPGSV,3,2,11,30,45,130,21,19,43,189,28,15,33,280,28,02,23,059,*75
$GPGSV,3,3,11,21,16,043,15,24,15,307,19,07,14,128,21*4A
$GPRMC,173528.000,A,4535.2120,N,12235.1229,W,23.63,323.45,210324,,,A*4E
$GPVTG,323.45,T,,M,23.63,N,43.8,K,A*05
$GPGGA,173533.000,4535.2383,N,12235.1564,W,1,11,0.9,17.7,M,-19.3,M,,0000*5C
$GPGSA,A,3,14,13,30,19,15,22,02,24,21,17,07,,1.5,0.9,1.2*32
$GPGSV,3,1,11,22,79,345,27,17,68,150,28,14,64,056,28,13,50,238,29*7F
$GPGSV,3,2,11,30,45,130,22,19,43,189,26,15,33,280,24,02,23,059,19*7C
$GPGSV,3,3,11,21,16,043,21,24,15,307,17,07,14,128,19*48
$GPRMC,173533.000,A,4535.2383,N,12235.1564,W,25.44,314.12,210324,,,A*44
$GPVTG,314.12,T,,M,25.44,N,47.1,K,A*0D
$GPGGA,173538.000,4535.2592,N,12235.1936,W,1,11,0.9,16.7,M,-19.3,M,,0000*5B
$GPGSA,A,3,14,13,30,19,15,22,02,24,21,17,07,,1.5,0.9,1.2*32
$GPGSV,3,1,11,22,79,345,20,17,68,150,29,14,64,056,28,13,50,238,29*79
$GPGSV,3,2,11,30,45,130,29,19,43,189,15,15,33,280,25,02,23,059,23*7F
$GPGSV,3,3,11,21,16,043,15,24,15,307,18,07,14,128,13*4A
$GPRMC,173538.000,A,4535.2592,N,12235.1936,W,23.17,303.29,210324,,,A*4C
$GPVTG,303.29,T,,M,23.17,N,42.9,K,A*0E
$GPGGA,173543.000,4535.2750,N,12235.2327,W,1,11,0.9,19.2,M,-19.3,M,,0000*58
$GPGSA,A,3,14,13,30,19,15,22,02,24,21,17,07,,1.5,0.9,1.2*32
$GPGSV,3,1,11,22,79,349,20,17,69,149,31,14,64,056,27,13,49,237,30*75
$GPGSV,3,2,11,30,44,131,28,19,44,189,17,15,33,280,24,02,23,058,22*7A
$GPGSV,3,3,11,21,15,043,18,24,15,307,19,07,13,128,15*44
$GPRMC,173543.000,A,4535.2750,N,12235.2327,W,23.80,300.09,210324,,,A*4A
$GPVTG,300.09,T,,M,23.80,N,44.1,K,A*0F
$GPGGA,173548.000,4535.2925,N,12235.2727,W,1,10,1.0,22.2,M,-19.3,M,,0000*5A
$GPGSA,A,3,14,13,30,19,15,22,02,24,17,07,,,1.6,1.0,1.2*3A
$GPGSV,3,1,11,22,79,349,20,17,69,149,31,14,64,056,27,13,49,237,30*75
$GPGSV,3,2,11,30,44,131,27,19,44,189,24,15,33,279,17,02,23,058,16*74
$GPGSV,3,3,11,21,15,043,,24,15,307,18,07,13,128,14*4D
$GPRMC,173548.000,A,4535.2925,N,12235.2727,W,23.59,304.28,210324,,,A*4A
$GPVTG,304.28,T,,M,23.59,N,43.7,K,A*0D
$GPGGA,173553.000,4535.3104,N,12235.3109,W,1,09,1.2,24.4,M,-19.3,M,,0000*5B
$GPGSA,A,3,14,13,30,19,15,22,24,17,07,,,,1.8,1.2,1.3*35
$GPGSV,3,1,11,22,79,349,21,17,69,149,31,14,64,056,27,13,49,237,31*75
$GPGSV,3,2,11,30,44,131,27,19,44,189,23,15,33,279,23,02,23,058,*73
$GPGSV,3,3,11,21,15,043,,24,15,307,18,07,13,128,15*4C
$GPRMC,173553.000,A,4535.3104,N,12235.3109,W,24.98,301.06,210324,,,A*42
$GPVTG,301.06,T,,M,24.98,N,46.3,K,A*0F
$GPGGA,173558.000,4535.3292,N,12235.3570,W,1,09,1.2,23.4,M,-19.3,M,,0000*51
$GPGSA,A,3,14,13,30,19,15,22,24,17,07,,,,1.8,1.2,1.3*35
$GPGSV,3,1,11,22,79,349,23,17,69,149,34,14,64,056,27,13,49,237,32*71
$GPGSV,3,2,11,30,44,131,27,19,44,189,23,15,33,279,20,02,23,058,*70
$GPGSV,3,3,11,21,15,043,,24,15,307,17,07,13,128,15*43
$GPVTG,298.71,T,,M,28.31,N,52.4,K,A*03
$GPGGA,173603.000,4535.3473,N,12235.4038,W,1,10,0.9,21.8,M,-19.3,M,,0000*57
$GPGSA,A,3,14,13,30,19,15,22,02,24,17,07,,,1.6,0.9,1.2*32
$GPGSV,3,1,11,22,79,349,28,17,69,149,33,14,64,056,27,13,49,237,32*7D
$GPGSV,3,2,11,30,44,131,27,19,44,189,24,15,33,279,20,02,23,058,14*72
$GPGSV,3,3,11,21,15,043,,24,15,307,16,07,13,128,18*4F
$GPRMC,173603.000,A,4535.3473,N,12235.4038,W,24.95,297.98,210324,,,A*41
$GPVTG,297.98,T,,M,24.95,N,46.2,K,A*0A
$GPGGA,173608.000,4535.3621,N,12235.4436,W,1,10,0.9,21.1,M,-19.3,M,,0000*5A
$GPGSA,A,3,14,13,30,19,15,22,02,24,17,07,,,1.6,0.9,1.2*32
$GPGSV,3,1,11,22,79,349,26,17,69,149,33,14,64,056,28,13,49,237,32*7C
$GPGSV,3,2,11,30,44,131,27,19,44,189,31,15,33,279,20,02,23,058,19*7B
$GPGSV,3,3,11,21,15,043,,24,15,307,15,07,13,128,22*45
$GPRMC,173608.000,A,4535.3621,N,12235.4436,W,21.93,298.46,210324,,,A*4A
$GPVTG,298.46,T,,M,21.93,N,40.6,K,A*07
$GPGGA,173613.000,4535.3767,N,12235.4769,W,1,10,1.0,19.6,M,-19.3,M,,0000*5E
$GPGSA,A,3,14,13,30,19,15,22,02,24,17,21,,,1.9,1.0,1.6*35
$GPGSV,3,1,12,22,79,349,25,17,69,149,32,14,64,056,28,13,49,237,32*7D
$GPGSV,3,2,12,30,44,131,27,19,44,189,31,15,33,279,21,02,23,058,18*78
$GPGSV,3,3,12,21,15,043,24,24,15,307,16,07,13,128,,48,36,194,28*7C
$GPRMC,173613.000,A,4535.3767,N,12235.4769,W,17.78,300.52,210324,,,A*4F
$GPVTG,300.52,T,,M,17.78,N,32.9,K,A*08
$GPGGA,173618.000,4535.3855,N,12235.5004,W,1,10,1.0,14.6,M,-19.3,M,,0000*5B
$GPGSA,A,3,14,13,30,19,15,22,02,24,17,21,,,1.9,1.0,1.6*35
$GPGSV,3,1,12,22,79,350,25,17,69,148,32,14,64,057,28,13,49,237,24*72
$GPGSV,3,2,12,19,44,189,31,30,44,131,26,15,33,279,23,02,23,058,16*75
$GPGSV,3,3,12,24,15,307,20,21,15,043,18,07,13,129,,48,36,194,25*7A
$GPRMC,173618.000,A,4535.3855,N,12235.5004,W,10.83,293.68,210324,,,A*46
$GPVTG,293.68,T,,M,10.83,N,20.1,K,A*02
$GPGGA,173623.000,4535.3849,N,12235.5076,W,1,09,1.2,13.3,M,-19.3,M,,0000*53
$GPGSA,A,3,14,13,30,19,15,22,24,17,07,,,,1.8,1.2,1.3*35
$GPGSV,3,1,11,22,79,350,26,17,69,148,31,14,64,057,17,13,49,237,25*7C
$GPGSV,3,2,11,19,44,189,25,30,44,131,27,15,33,279,22,02,23,058,*74
$GPGSV,3,3,11,24,15,307,20,21,15,043,17,07,13,129,22*44
$GPRMC,173623.000,A,4535.3849,N,12235.5076,W,2.75,272.78,210324,,,A*72
$GPVTG,272.78,T,,M,2.75,N,5.1,K,A*01
$GPGGA,173628.000,4535.3844,N,12235.5127,W,1,09,1.1,9.3,M,-19.3,M,,0000*68
$GPGSA,A,3,14,13,30,19,15,22,02,17,07,,,,1.8,1.1,1.5*34
$GPGSV,3,1,11,22,79,350,27,17,69,148,32,14,64,057,25,13,49,237,28*72
$GPGSV,3,2,11,19,44,189,26,30,44,131,28,15,33,279,24,02,23,058,19*76
$GPRMC,173628.000,A,4535.3844,N,12235.5127,W,2.06,275.57,210324,,,A*7F
$GPVTG,275.57,T,,M,2.06,N,3.8,K,A*00
$GPGGA,173633.000,4535.3841,N,12235.5157,W,1,10,1.0,7.7,M,-19.3,M,,0000*63
$GPGSA,A,3,14,13,30,19,15,22,02,17,07,21,,,1.7,1.0,1.4*38
$GPGSV,3,1,11,22,79,350,28,17,69,148,33,14,64,057,25,13,49,237,23*77
$GPGSV,3,2,11,19,44,189,26,30,44,131,28,15,33,279,31,02,23,058,20*78
$GPGSV,3,3,11,24,15,307,,21,15,043,14,07,13,129,21*46
$GPRMC,173633.000,A,4535.3841,N,12235.5157,W,0.62,277.41,210324,,,A*72
$GPGGA,173638.000,4535.3850,N,12235.5176,W,1,10,1.0,8.8,M,-19.3,M,,0000*6B
$GPGSA,A,3,14,13,30,19,15,22,02,17,07,21,,,1.7,1.0,1.4*38
$GPGSV,3,1,11,22,79,350,28,17,69,148,34,14,64,057,25,13,49,237,23*70
$GPGSV,3,2,11,19,44,189,22,30,44,131,29,15,33,279,31,02,23,058,19*77
$GPGSV,3,3,11,24,15,307,,21,15,043,15,07,13,129,21*47
$GPRMC,173638.000,A,4535.3850,N,12235.5176,W,1.51,258.45,210324,,,A*72
$GPVTG,258.45,T,,M,1.51,N,2.8,K,A*0C
$GPGGA,173643.000,4535.3822,N,12235.5216,W,1,10,1.0,10.7,M,-19.3,M,,0000*51
$GPGSA,A,3,14,13,30,19,15,22,02,17,07,21,,,1.7,1.0,1.4*38
$GPGSV,3,1,11,22,79,350,28,17,69,148,34,14,64,057,24,13,49,237,29*7B
$GPGSV,3,2,11,19,44,189,21,30,44,131,29,15,33,279,22,02,23,058,18*77
$GPGSV,3,3,11,24,15,307,,21,15,043,16,07,13,129,18*4E
$GPRMC,173643.000,A,4535.3822,N,12235.5216,W,1.31,247.59,210324,,,A*7B
$GPVTG,247.59,T,,M,1.31,N,2.4,K,A*05
$GPGGA,173648.000,4535.3801,N,12235.5267,W,1,10,1.0,17.3,M,-19.3,M,,0000*5E
$GPGSA,A,3,14,13,30,19,15,22,02,17,07,21,,,1.7,1.0,1.4*38
$GPGSV,3,1,11,22,79,350,27,17,69,148,35,14,64,057,25,13,49,237,24*79
$GPGSV,3,2,11,19,44,189,21,30,44,131,20,15,33,279,22,02,23,058,18*7E
$GPGSV,3,3,11,24,15,307,,21,15,043,18,07,13,129,23*48
$GPRMC,173648.000,A,4535.3801,N,12235.5267,W,3.65,253.33,210324,,,A*7D
$GPVTG,253.33,T,,M,3.65,N,6.8,K,A*07
$GPGGA,173653.000,4535.3780,N,12235.5342,W,1,10,1.0,22.5,M,-19.3,M,,0000*54
$GPGSA,A,3,14,13,30,19,15,22,02,17,07,21,,,1.7,1.0,1.4*38
$GPGSV,3,1,11,22,79,350,27,17,69,148,32,14,64,057,25,13,49,237,27*7D
$GPGSV,3,2,11,19,44,189,21,30,44,131,20,15,33,279,21,02,23,058,20*76
$GPGSV,3,3,11,24,15,307,,21,15,043,24,07,13,129,23*47
$GPRMC,173653.000,A,4535.3780,N,12235.5342,W,3.26,255.18,210324,,,A*7F
$GPVTG,255.18,T,,M,3.26,N,6.0,K,A*07
$GPGGA,173658.000,4535.3761,N,12235.5413,W,1,09,1.2,25.7,M,-19.3,M,,0000*5C
$GPGSA,A,3,14,13,30,19,15,22,02,17,21,,,,2.0,1.2,1.7*3A
$GPGSV,3,1,11,22,79,350,22,17,69,148,29,14,64,057,26,13,49,237,23*75
$GPGSV,3,2,11,19,44,189,21,30,44,131,21,15,33,279,20,02,23,058,20*76
$GPRMC,173658.000,A,4535.3761,N,12235.5413,W,2.69,255.57,210324,,,A*79
$GPVTG,255.57,T,,M,2.69,N,5.0,K,A*05
$GPGGA,173703.000,4535.3727,N,12235.5468,W,1,10,1.0,27.8,M,-19.3,M,,0000*5A
$GPGSA,A,3,14,13,30,19,15,22,02,24,17,21,,,1.9,1.0,1.6*35
$GPGSV,3,1,11,22,79,350,22,17,69,148,29,14,64,057,22,13,49,237,26*74
$GPGSV,3,2,11,19,44,189,21,30,44,131,22,15,33,279,20,02,23,058,21*74
$GPGSV,3,3,11,24,15,307,17,21,15,043,19,07,13,129,*4E
$GPRMC,173703.000,A,4535.3727,N,12235.5468,W,1.62,270.35,210324,,,A*73
$GPGGA,173708.000,4535.3713,N,12235.5491,W,1,10,1.0,35.6,M,-19.3,M,,0000*5D
$GPGSA,A,3,14,13,30,19,15,22,02,24,17,21,,,1.9,1.0,1.6*35
$GPGSV,3,1,11,22,79,350,22,17,69,148,29,14,64,057,22,13,49,237,17*76
$GPGSV,3,2,11,19,44,189,25,30,44,131,27,15,33,279,26,02,23,058,21*73
$GPGSV,3,3,11,24,15,307,17,21,15,043,19,07,13,129,*4E
$GPRMC,173708.000,A,4535.3713,N,12235.5491,W,0.56,62.10,210324,,,A*49
$GPVTG,62.10,T,,M,0.56,N,1.0,K,A*3A
$GPGGA,173713.000,4535.3730,N,12235.5521,W,1,10,1.0,47.2,M,-19.3,M,,0000*5D
$GPGSA,A,3,14,13,30,19,15,22,02,07,17,21,,,1.7,1.0,1.4*38
$GPGSV,3,1,11,22,79,350,25,17,69,148,27,14,64,057,22,13,49,237,18*70
$GPGSV,3,2,11,19,44,189,21,30,44,131,26,15,33,279,26,02,23,058,21*76
$GPGSV,3,3,11,24,15,307,,21,15,043,21,07,13,129,16*44
$GPRMC,173713.000,A,4535.3730,N,12235.5521,W,1.29,341.14,210324,,,A*77
$GPVTG,341.14,T,,M,1.29,N,2.4,K,A*02
$GPGGA,173718.000,4535.3760,N,12235.5532,W,1,11,0.9,41.3,M,-19.3,M,,0000*5F
$GPGSA,A,3,14,13,30,19,15,22,02,24,07,17,21,,1.5,0.9,1.2*32
$GPGSV,3,1,11,22,79,350,25,17,69,148,33,14,64,057,28,13,49,237,29*7D
$GPGSV,3,2,11,19,44,189,26,30,44,131,33,15,33,279,33,02,23,058,37*76
$GPGSV,3,3,11,24,15,307,19,21,15,043,31,07,13,129,23*4B
$GPRMC,173718.000,A,4535.3760,N,12235.5532,W,0.86,352.33,210324,,,A*78
$GPVTG,352.33,T,,M,0.86,N,1.6,K,A*00
$GPGGA,173723.000,4535.3767,N,12235.5515,W,1,11,0.9,36.2,M,-19.3,M,,0000*54
$GPGSA,A,3,14,13,30,19,15,22,02,24,07,17,21,,1.5,0.9,1.2*32
$GPGSV,3,1,11,22,79,350,25,17,69,148,28,14,64,057,25,13,49,237,24*77
$GPGSV,3,2,11,19,44,189,17,30,44,131,26,15,33,279,26,02,23,058,33*70
$GPGSV,3,3,11,24,15,307,18,21,15,043,30,07,13,129,20*48
$GPRMC,173723.000,A,4535.3767,N,12235.5515,W,0.80,178.77,210324,,,A*7E
$GPVTG,178.77,T,,M,0.80,N,1.5,K,A*0F
$GPGGA,173728.000,4535.3780,N,12235.5508,W,1,11,0.9,33.6,M,-19.3,M,,0000*5B
$GPGSA,A,3,14,13,30,19,15,22,02,24,07,17,21,,1.5,0.9,1.2*32
$GPGSV,3,1,11,22,79,350,25,17,69,148,28,14,64,057,31,13,49,237,25*73
$GPGSV,3,2,11,19,44,189,23,30,44,131,26,15,33,279,26,02,23,058,40*73
$GPRMC,173728.000,A,4535.3780,N,12235.5508,W,0.64,151.93,210324,,,A*7B
$GPVTG,151.93,T,,M,0.64,N,1.2,K,A*03
$GPGGA,173733.000,4535.3803,N,12235.5498,W,1,11,0.9,34.5,M,-19.3,M,,0000*59
$GPGSA,A,3,14,13,30,19,15,22,02,24,07,17,21,,1.5,0.9,1.2*32
$GPGSV,3,1,11,22,79,350,25,17,69,148,27,14,64,057,30,13,49,237,24*7C
$GPGSV,3,2,11,19,44,189,27,30,44,131,26,15,33,279,26,02,23,058,38*78
$GPGSV,3,3,11,24,15,307,18,21,15,043,35,07,13,129,26*4B
$GPRMC,173733.000,A,4535.3803,N,12235.5498,W,0.50,352.64,210324,,,A*73
$GPGGA,173738.000,4535.3784,N,12235.5486,W,1,10,1.0,34.7,M,-19.3,M,,0000*56
$GPGSA,A,3,14,13,30,19,15,22,02,24,17,21,,,1.9,1.0,1.6*35
$GPGSV,3,1,11,22,79,350,18,17,69,148,32,14,64,057,26,13,49,237,33*77
$GPGSV,3,2,11,19,44,189,29,30,44,131,27,15,33,279,30,02,23,058,33*7B
$GPGSV,3,3,11,24,15,307,20,21,15,043,31,07,13,129,*40
$GPRMC,173738.000,A,4535.3784,N,12235.5486,W,0.59,11.22,210324,,,A*48
$GPVTG,11.22,T,,M,0.59,N,1.1,K,A*31
$GPGGA,173743.000,4535.3793,N,12235.5477,W,1,11,0.9,32.3,M,-19.3,M,,0000*59
$GPGSA,A,3,14,13,30,19,15,22,02,24,07,17,21,,1.5,0.9,1.2*32
$GPGSV,3,1,11,22,79,350,24,17,69,148,31,14,64,057,28,13,49,237,23*74
$GPGSV,3,2,11,19,44,189,24,30,44,131,28,15,33,279,25,02,23,058,38*76
$GPGSV,3,3,11,24,15,307,22,21,15,043,24,07,13,129,19*4E
$GPRMC,173743.000,A,4535.3793,N,12235.5477,W,0.23,22.07,210324,,,A*46
$GPVTG,22.07,T,,M,0.23,N,0.4,K,A*3F
$GPGGA,173748.000,4535.3797,N,12235.5462,W,1,11,0.9,28.3,M,-19.3,M,,0000*59
$GPGSA,A,3,14,13,30,19,15,22,02,24,07,17,21,,1.5,0.9,1.2*32
$GPGSV,3,1,11,22,79,350,24,17,69,148,26,14,64,057,29,13,49,237,27*77
$GPGSV,3,2,11,19,44,189,22,30,44,131,25,15,33,279,22,02,23,058,35*77
$GPGSV,3,3,11,24,15,307,20,21,15,043,34,07,13,129,20*47
$GPRMC,173748.000,A,4535.3797,N,12235.5462,W,0.31,259.52,210324,,,A*70
$GPVTG,259.52,T,,M,0.31,N,0.6,K,A*00
$GPGGA,173753.000,4535.3769,N,12235.5486,W,1,11,0.9,21.1,M,-19.3,M,,0000*53
$GPGSA,A,3,14,13,30,19,15,22,02,24,07,17,21,,1.5,0.9,1.2*32
$GPGSV,3,1,11,22,79,350,26,17,69,148,27,14,64,057,28,13,49,237,33*70
$GPGSV,3,2,11,19,44,189,33,30,44,131,27,15,33,279,26,02,23,058,34*70
$GPGSV,3,3,11,24,15,307,20,21,15,043,28,07,13,129,21*4B
$GPRMC,173753.000,A,4535.3769,N,12235.5486,W,1.05,58.48,210324,,,A*4F
$GPVTG,58.48,T,,M,1.05,N,1.9,K,A*30
$GPGGA,173758.000,4535.3750,N,12235.5513,W,1,11,0.9,20.1,M,-19.3,M,,0000*5E
$GPGSA,A,3,14,13,30,19,15,22,02,24,07,17,21,,1.5,0.9,1.2*32
$GPGSV,3,1,11,22,79,350,27,17,69,148,28,14,64,057,29,13,49,237,24*79
$GPGSV,3,2,11,19,44,189,25,30,44,131,28,15,33,279,26,02,23,058,35*79
$GPRMC,173758.000,A,4535.3750,N,12235.5513,W,1.49,211.98,210324,,,A*79
$GPVTG,211.98,T,,M,1.49,N,2.8,K,A*08
$GPGGA,173803.000,4535.3734,N,12235.5540,W,1,11,0.9,16.2,M,-19.3,M,,0000*5D
$GPGSA,A,3,14,13,30,19,15,22,02,24,07,17,21,,1.5,0.9,1.2*32
$GPGSV,3,1,11,22,79,350,20,17,69,148,22,14,64,057,23,13,49,237,23*79
$GPGSV,3,2,11,19,44,189,25,30,44,131,24,15,33,279,23,02,23,058,35*70
$GPGSV,3,3,11,24,15,307,22,21,15,043,34,07,13,129,21*44
$GPRMC,173803.000,A,4535.3734,N,12235.5540,W,2.49,206.38,210324,,,A*73
$GPGGA,173808.000,4535.3691,N,12235.5582,W,1,11,0.9,10.2,M,-19.3,M,,0000*50
$GPGSA,A,3,14,13,30,19,15,22,02,24,07,17,21,,1.5,0.9,1.2*32
$GPGSV,3,1,11,22,79,350,25,17,69,148,32,14,64,057,23,13,49,237,29*77
$GPGSV,3,2,11,19,44,189,28,30,44,131,31,15,33,279,24,02,23,058,29*73
$GPGSV,3,3,11,24,15,307,24,21,15,043,28,07,13,129,25*4B
$GPRMC,173808.000,A,4535.3691,N,12235.5582,W,2.42,211.95,210324,,,A*72
$GPVTG,211.95,T,,M,2.42,N,4.5,K,A*06
$GPGGA,173813.000,4535.3659,N,12235.5591,W,1,11,0.9,12.2,M,-19.3,M,,0000*5E
$GPGSA,A,3,14,13,30,19,15,22,02,24,07,17,21,,1.5,0.9,1.2*32
$GPGSV,3,1,11,22,79,350,25,17,69,148,26,14,64,057,25,13,49,237,28*75
$GPGSV,3,2,11,19,44,189,26,30,44,131,30,15,33,279,25,02,23,058,25*71
$GPGSV,3,3,11,24,15,307,23,21,15,043,22,07,13,129,23*40
$GPRMC,173813.000,A,4535.3659,N,12235.5591,W,1.06,167.44,210324,,,A*73
$GPVTG,167.44,T,,M,1.06,N,2.0,K,A*08
$GPGGA,173818.000,4535.3631,N,12235.5577,W,1,11,0.9,14.3,M,-19.3,M,,0000*54
$GPGSA,A,3,14,13,30,19,15,22,02,24,07,17,21,,1.5,0.9,1.2*32
$GPGSV,3,1,11,22,79,350,26,17,69,148,32,14,64,057,28,13,49,237,28*7E
$GPGSV,3,2,11,19,44,189,28,30,44,131,30,15,33,279,26,02,23,058,27*7E
$GPGSV,3,3,11,24,15,307,24,21,15,043,23,07,13,129,25*40
$GPRMC,173818.000,A,4535.3631,N,12235.5577,W,0.95,170.95,210324,,,A*7F
$GPVTG,170.95,T,,M,0.95,N,1.8,K,A*02
$GPGGA,173823.000,4535.3598,N,12235.5575,W,1,11,0.9,19.5,M,-19.3,M,,0000*55
$GPGSA,A,3,14,13,30,19,15,22,02,24,07,17,21,,1.5,0.9,1.2*32
$GPGSV,3,1,11,22,79,350,29,17,69,148,32,14,64,057,28,13,49,237,28*71
$GPGSV,3,2,11,19,44,189,29,30,44,131,32,15,33,279,27,02,23,058,27*7C
$GPGSV,3,3,11,24,15,307,24,21,15,043,26,07,13,129,24*44
$GPRMC,173823.000,A,4535.3598,N,12235.5575,W,0.64,178.74,210324,,,A*7C
$GPVTG,178.74,T,,M,0.64,N,1.2,K,A*01
$GPGGA,173828.000,4535.3572,N,12235.5613,W,1,11,0.9,19.8,M,-19.3,M,,0000*54
$GPGSA,A,3,14,13,30,19,15,22,02,24,07,17,21,,1.5,0.9,1.2*32
$GPGSV,3,1,11,22,79,350,27,17,69,148,27,14,64,057,28,13,49,237,28*7B
$GPGSV,3,2,11,19,44,189,29,30,44,131,31,15,33,279,27,02,23,058,27*7F
$GPGSV,3,3,11,24,15,307,24,21,15,043,26,07,13,129,24*44
$GPRMC,173828.000,A,4535.3572,N,12235.5613,W,0.69,231.54,210324,,,A*71
$GPVTG,231.54,T,,M,0.69,N,1.3,K,A*01
$GPGGA,173833.000,4535.3538,N,12235.5626,W,1,11,0.9,30.0,M,-19.3,M,,0000*55
$GPGSA,A,3,14,13,30,19,15,22,02,24,07,17,21,,1.5,0.9,1.2*32
$GPGSV,3,1,11,22,79,350,27,17,69,148,26,14,64,057,22,13,49,237,28*70
$GPGSV,3,2,11,19,44,189,31,30,44,131,33,15,33,279,27,02,23,058,28*7B
$GPGSV,3,3,11,24,15,307,23,21,15,043,24,07,13,129,23*46
$GPVTG,106.49,T,,M,0.18,N,0.3,K,A*0D
$GPGGA,173838.000,4535.3530,N,12235.5630,W,1,11,0.9,43.2,M,-19.3,M,,0000*57
$GPGSA,A,3,14,13,30,19,15,22,02,24,07,17,21,,1.5,0.9,1.2*32
$GPGSV,3,1,11,22,79,350,27,17,69,148,25,14,64,057,29,13,49,237,26*76
$GPGSV,3,2,11,19,44,189,28,30,44,131,25,15,33,279,24,02,23,058,28*77
$GPGSV,3,3,11,24,15,307,23,21,15,043,24,07,13,129,21*44
$GPRMC,173838.000,A,4535.3530,N,12235.5630,W,0.32,227.31,210324,,,A*7D
$GPVTG,227.31,T,,M,0.32,N,0.6,K,A*0F
$GPGGA,173843.000,4535.3518,N,12235.5648,W,1,11,0.9,45.1,M,-19.3,M,,0000*5B
$GPGSA,A,3,14,13,30,19,15,22,02,24,07,17,21,,1.5,0.9,1.2*32
$GPGSV,3,1,11,22,79,350,28,17,69,148,29,14,64,057,21,13,49,237,30*7A
$GPGSV,3,2,11,19,44,189,22,30,44,131,28,15,33,279,30,02,23,058,24*79
$GPGSV,3,3,11,24,15,307,22,21,15,043,23,07,13,129,21*42
$GPRMC,173843.000,A,4535.3518,N,12235.5648,W,0.57,18.07,210324,,,A*4C
$GPVTG,18.07,T,,M,0.57,N,1.0,K,A*30
$GPGGA,173848.000,4535.3513,N,12235.5627,W,1,11,0.9,49.2,M,-19.3,M,,0000*5D
$GPGSA,A,3,14,13,30,19,15,22,02,24,07,17,21,,1.5,0.9,1.2*32
$GPGSV,3,1,11,22,79,350,28,17,69,148,23,14,64,057,24,13,49,237,24*70
$GPGSV,3,2,11,19,44,189,28,30,44,131,28,15,33,279,25,02,23,058,22*71
$GPGSV,3,3,11,24,15,307,19,21,15,043,16,07,13,129,20*4D
$GPRMC,173848.000,A,4535.3513,N,12235.5627,W,1.44,58.27,210324,,,A*40
$GPVTG,58.27,T,,M,1.44,N,2.7,K,A*31
$GPGGA,173853.000,4535.3496,N,12235.5638,W,1,11,0.9,56.0,M,-19.3,M,,0000*59
$GPGSA,A,3,14,13,30,19,15,22,02,24,07,17,21,,1.5,0.9,1.2*32
$GPGSV,3,1,11,22,79,350,26,17,69,148,24,14,64,057,25,13,49,237,30*7D
$GPGSV,3,2,11,19,44,189,30,30,44,131,21,15,33,279,20,02,23,058,30*77
$GPGSV,3,3,11,24,15,307,23,21,15,043,20,07,13,129,19*4B
$GPRMC,173853.000,A,4535.3496,N,12235.5638,W,0.20,273.19,210324,,,A*7D
$GPVTG,273.19,T,,M,0.20,N,0.4,K,A*05
$GPGGA,173858.000,4535.3491,N,12235.5666,W,1,11,0.9,49.2,M,-19.3,M,,0000*52
$GPGSA,A,3,14,13,30,19,15,22,02,24,07,17,21,,1.5,0.9,1.2*32
$GPGSV,3,1,11,22,79,350,27,17,69,148,27,14,64,057,29,13,49,237,26*74
$GPGSV,3,2,11,19,44,189,30,30,44,131,31,15,33,279,27,02,23,058,29*79
$GPGSV,3,3,11,24,15,307,25,21,15,043,33,07,13,129,24*41
$GPRMC,173858.000,A,4535.3491,N,12235.5666,W,0.46,59.79,210324,,,A*46
$GPVTG,59.79,T,,M,0.46,N,0.8,K,A*35
$GPGGA,173903.000,4535.3507,N,12235.5681,W,1,11,0.9,53.2,M,-19.3,M,,0000*51
$GPGSA,A,3,14,13,30,19,15,22,02,24,07,17,21,,1.5,0.9,1.2*32
$GPGSV,3,1,11,22,79,350,25,17,69,148,25,14,64,057,36,13,49,237,35*78
$GPGSV,3,2,11,19,44,189,31,30,44,131,26,15,33,279,29,02,23,058,30*78
$GPGSV,3,3,11,24,15,307,24,21,15,043,29,07,13,129,22*4D
$GPVTG,292.28,T,,M,0.31,N,0.6,K,A*0A
$GPGGA,173908.000,4535.3484,N,12235.5674,W,1,11,0.9,51.7,M,-19.3,M,,0000*5D
$GPGSA,A,3,14,13,30,19,15,22,02,24,07,17,21,,1.5,0.9,1.2*32
$GPGSV,3,1,11,22,79,350,28,17,69,148,26,14,64,057,27,13,49,237,28*7A
$GPGSV,3,2,11,19,44,189,27,30,44,131,26,15,33,279,24,02,23,058,27*74
$GPGSV,3,3,11,24,15,307,21,21,15,043,28,07,13,129,22*49
$GPRMC,173908.000,A,4535.3484,N,12235.5674,W,0.45,134.76,210324,,,A*73
$GPVTG,134.76,T,,M,0.45,N,0.8,K,A*03
$GPGGA,173913.000,4535.3457,N,12235.5681,W,1,11,0.9,47.8,M,-19.3,M,,0000*5B
$GPGSA,A,3,14,13,30,19,15,22,02,24,07,17,21,,1.5,0.9,1.2*32
$GPGSV,3,1,11,22,79,350,27,17,69,148,34,14,64,057,26,13,49,237,24*7B
$GPGSV,3,2,11,19,44,189,29,30,44,131,33,15,33,279,25,02,23,058,28*70
$GPGSV,3,3,11,24,15,307,29,21,15,043,25,07,13,129,23*4D
$GPRMC,173913.000,A,4535.3457,N,12235.5681,W,0.12,174.08,210324,,,A*72
$GPVTG,174.08,T,,M,0.12,N,0.2,K,A*06
$GPGGA,173918.000,4535.3455,N,12235.5690,W,1,10,1.0,46.6,M,-19.3,M,,0000*54
$GPGSA,A,3,14,13,30,19,15,22,02,24,17,21,,,1.9,1.0,1.6*35
$GPGSV,3,1,11,22,78,357,27,17,70,145,26,14,62,058,24,13,48,235,31*77
$GPGSV,3,2,11,19,46,189,29,30,42,132,28,15,32,278,25,02,23,057,19*70
$GPGSV,3,3,11,24,17,308,21,21,15,042,20,07,12,129,15*48
$GPRMC,173918.000,A,4535.3455,N,12235.5690,W,0.78,306.69,210324,,,A*77
$GPVTG,306.69,T,,M,0.78,N,1.5,K,A*0C
$GPGGA,173923.000,4535.3444,N,12235.5735,W,1,11,0.9,46.1,M,-19.3,M,,0000*5C
$GPGSA,A,3,14,13,30,19,15,22,02,24,07,17,21,,1.5,0.9,1.2*32
$GPGSV,3,1,11,22,78,357,21,17,70,145,24,14,62,058,24,13,48,235,32*70
$GPGSV,3,2,11,19,46,189,25,30,42,132,25,15,32,278,22,02,23,057,24*78
$GPGSV,3,3,11,24,17,308,22,21,15,042,23,07,12,129,19*44
$GPRMC,173923.000,A,4535.3444,N,12235.5735,W,0.14,113.35,210324,,,A*74
$GPVTG,113.35,T,,M,0.14,N,0.3,K,A*0E
$GPGGA,173928.000,4535.3426,N,12235.5768,W,1,11,0.9,41.8,M,-19.3,M,,0000*55
$GPGSA,A,3,14,13,30,19,15,22,02,24,07,17,21,,1.5,0.9,1.2*32
$GPGSV,3,1,11,22,78,357,31,17,70,145,29,14,62,058,25,13,48,235,34*7B
$GPGSV,3,2,11,19,46,189,28,30,42,132,32,15,32,278,27,02,23,057,23*71
$GPGSV,3,3,11,24,17,308,22,21,15,042,23,07,12,129,19*44
$GPRMC,173928.000,A,4535.3426,N,12235.5768,W,0.52,262.34,210324,,,A*75
$GPVTG,262.34,T,,M,0.52,N,1.0,K,A*0A
$GPGGA,173933.000,4535.3402,N,12235.5784,W,1,11,0.9,37.0,M,-19.3,M,,0000*52
$GPGSA,A,3,14,13,30,19,15,22,02,24,07,17,21,,1.5,0.9,1.2*32
$GPGSV,3,1,11,22,78,357,24,17,70,145,29,14,62,058,28,13,48,235,31*77
$GPGSV,3,2,11,19,46,189,32,30,42,132,27,15,32,278,26,02,23,057,22*7E
$GPGSV,3,3,11,24,17,308,22,21,15,042,23,07,12,129,20*4E
$GPRMC,173933.000,A,4535.3402,N,12235.5784,W,0.19,232.47,210324,,,A*75
$GPVTG,232.47,T,,M,0.19,N,0.3,K,A*06
$GPGGA,173938.000,4535.3397,N,12235.5811,W,1,11,0.9,34.5,M,-19.3,M,,0000*57
$GPGSA,A,3,14,13,30,19,15,22,02,24,07,17,21,,1.5,0.9,1.2*32
$GPGSV,3,1,11,22,78,357,25,17,70,145,28,14,62,058,26,13,48,235,29*70
$GPGSV,3,2,11,19,46,189,32,30,42,132,29,15,32,278,24,02,23,057,26*76
$GPGSV,3,3,11,24,17,308,22,21,15,042,23,07,12,129,20*4E
$GPVTG,329.73,T,,M,0.37,N,0.7,K,A*02
$GPGGA,173943.000,4535.3398,N,12235.5825,W,1,11,0.9,33.1,M,-19.3,M,,0000*50
$GPGSA,A,3,14,13,30,19,15,22,02,24,07,17,21,,1.5,0.9,1.2*32
$GPGSV,3,1,11,22,78,357,27,17,70,145,29,14,62,058,25,13,48,235,26*7F
$GPGSV,3,2,11,19,46,189,29,30,42,132,27,15,32,278,24,02,23,057,26*72
$GPGSV,3,3,11,24,17,308,22,21,15,042,23,07,12,129,21*4F
$GPRMC,173943.000,A,4535.3398,N,12235.5825,W,0.29,250.82,210324,,,A*7C
$GPVTG,250.82,T,,M,0.29,N,0.5,K,A*0E
$GPGGA,173948.000,4535.3403,N,12235.5832,W,1,11,0.9,37.0,M,-19.3,M,,0000*5D
$GPGSA,A,3,14,13,30,19,15,22,02,24,07,17,21,,1.5,0.9,1.2*32
$GPGSV,3,1,11,22,78,357,29,17,70,145,29,14,62,058,30,13,48,235,33*71
$GPGSV,3,2,11,19,46,189,29,30,42,132,28,15,32,278,25,02,23,057,25*7F
$GPGSV,3,3,11,24,17,308,21,21,15,042,23,07,12,129,20*4D
$GPRMC,173948.000,A,4535.3403,N,12235.5832,W,0.61,182.16,210324,,,A*79
$GPVTG,182.16,T,,M,0.61,N,1.1,K,A*06
$GPGGA,173953.000,4535.3397,N,12235.5827,W,1,11,0.9,36.4,M,-19.3,M,,0000*5C
$GPGSA,A,3,14,13,30,19,15,22,02,24,07,17,21,,1.5,0.9,1.2*32
$GPGSV,3,1,11,22,78,357,23,17,70,145,25,14,62,058,24,13,48,235,24*74
$GPGSV,3,2,11,19,46,189,26,30,42,132,21,15,32,278,21,02,23,057,23*7B
$GPGSV,3,3,11,24,17,308,21,21,15,042,23,07,12,129,20*4D
$GPRMC,173953.000,A,4535.3397,N,12235.5827,W,0.92,73.08,210324,,,A*41
$GPVTG,73.08,T,,M,0.92,N,1.7,K,A*3C
$GPGGA,173958.000,4535.3427,N,12235.5794,W,1,11,0.9,34.9,M,-19.3,M,,0000*53
$GPGSA,A,3,14,13,30,19,15,22,02,24,07,17,21,,1.5,0.9,1.2*32
$GPGSV,3,1,11,22,78,357,26,17,70,145,26,14,62,058,30,13,48,235,25*76
$GPGSV,3,2,11,19,46,189,26,30,42,132,32,15,32,278,22,02,23,057,30*78
$GPGSV,3,3,11,24,17,308,21,21,15,042,25,07,12,129,21*4A
$GPRMC,173958.000,A,4535.3427,N,12235.5794,W,0.73,328.34,210324,,,A*7C
$GPVTG,328.34,T,,M,0.73,N,1.4,K,A*02
$GPGGA,174003.000,4535.3429,N,12235.5767,W,1,11,0.9,32.5,M,-19.3,M,,0000*5B
$GPGSA,A,3,14,13,30,19,15,22,02,24,07,17,21,,1.5,0.9,1.2*32
$GPGSV,3,1,11,22,78,357,26,17,70,145,21,14,62,058,29,13,48,235,26*7A
$GPGSV,3,2,11,19,46,189,27,30,42,132,31,15,32,278,26,02,23,057,27*78
$GPGSV,3,3,11,24,17,308,21,21,15,042,25,07,12,129,20*4B
$GPRMC,174003.000,A,4535.3429,N,12235.5767,W,0.39,170.14,210324,,,A*7D
$GPVTG,170.14,T,,M,0.39,N,0.7,K,A*03
$GPGGA,174008.000,4535.3397,N,12235.5759,W,1,10,1.0,33.7,M,-19.3,M,,0000*55
$GPGSA,A,3,14,13,30,19,15,22,02,24,17,21,,,1.9,1.0,1.6*35
$GPGSV,3,1,11,22,78,357,17,17,70,145,24,14,62,058,22,13,48,235,25*75
$GPGSV,3,2,11,19,46,189,21,30,42,132,24,15,32,278,13,02,23,057,19*71
$GPGSV,3,3,11,24,17,308,21,21,15,042,20,07,12,129,11*4C
$GPVTG,217.40,T,,M,0.43,N,0.8,K,A*02
$GPGGA,174013.000,4535.3409,N,12235.5725,W,1,11,0.9,29.9,M,-19.3,M,,0000*58
$GPGSA,A,3,14,13,30,19,15,22,02,24,07,17,21,,1.5,0.9,1.2*32
$GPGSV,3,1,11,22,78,357,18,17,70,145,21,14,62,058,20,13,48,235,24*7C
$GPGSV,3,2,11,19,46,189,20,30,42,132,24,15,32,278,14,02,23,057,20*7D
$GPGSV,3,3,11,24,17,308,21,21,15,042,16,07,12,129,13*4B
$GPRMC,174013.000,A,4535.3409,N,12235.5725,W,0.66,72.85,210324,,,A*49
$GPVTG,72.85,T,,M,0.66,N,1.2,K,A*36
$GPGGA,174018.000,4535.3408,N,12235.5719,W,1,11,0.9,27.0,M,-19.3,M,,0000*5A
$GPGSA,A,3,14,13,30,19,15,22,02,24,07,17,21,,1.5,0.9,1.2*32
$GPGSV,3,1,11,22,78,357,17,17,70,145,22,14,62,058,24,13,48,235,26*76
$GPGSV,3,2,11,19,46,189,29,30,42,132,27,15,32,278,22,02,23,057,25*77
$GPGSV,3,3,11,24,17,308,20,21,15,042,18,07,12,129,22*46
$GPRMC,174018.000,A,4535.3408,N,12235.5719,W,0.41,83.68,210324,,,A*44
$GPVTG,83.68,T,,M,0.41,N,0.8,K,A*35
$GPGGA,174023.000,4535.3426,N,12235.5709,W,1,11,0.9,28.7,M,-19.3,M,,0000*57
$GPGSA,A,3,14,13,30,19,15,22,02,24,07,17,21,,1.5,0.9,1.2*32
$GPGSV,3,1,11,22,78,357,17,17,70,145,22,14,62,058,25,13,48,235,27*76
$GPGSV,3,2,11,19,46,189,30,30,42,132,20,15,32,278,21,02,23,057,24*7A
$GPGSV,3,3,11,24,17,308,20,21,15,042,17,07,12,129,22*49
$GPRMC,174023.000,A,4535.3426,N,12235.5709,W,0.74,247.79,210324,,,A*7D
$GPVTG,247.79,T,,M,0.74,N,1.4,K,A*04
$GPGGA,174028.000,4535.3415,N,12235.5710,W,1,10,0.9,37.0,M,-19.3,M,,0000*5C
$GPGSA,A,3,14,13,30,19,15,02,24,07,17,21,,,1.6,0.9,1.4*37
$GPGSV,3,1,11,22,78,357,,17,70,145,23,14,62,058,26,13,48,235,19*7F
$GPGSV,3,2,11,19,46,189,30,30,42,132,26,15,32,278,21,02,23,057,25*7D
$GPGSV,3,3,11,24,17,308,21,21,15,042,16,07,12,129,19*41
$GPRMC,174028.000,A,4535.3415,N,12235.5710,W,0.55,142.17,210324,,,A*73
$GPVTG,142.17,T,,M,0.55,N,1.0,K,A*0D
$GPGGA,174033.000,4535.3402,N,12235.5697,W,1,09,1.0,38.9,M,-19.3,M,,0000*58
$GPGSA,A,3,14,30,19,22,02,24,07,17,21,,,,1.6,1.0,1.2*3F
$GPGSV,3,1,11,22,78,357,15,17,70,145,23,14,62,058,25,13,48,235,18*79
$GPGSV,3,2,11,19,46,189,25,30,42,132,25,15,32,278,12,02,23,057,24*7B
$GPGSV,3,3,11,24,17,308,20,21,15,042,15,07,12,129,13*49
$GPRMC,174033.000,A,4535.3402,N,12235.5697,W,0.40,234.74,210324,,,A*72
$GPVTG,234.74,T,,M,0.40,N,0.7,K,A*08
$GPGGA,174038.000,4535.3401,N,12235.5702,W,1,11,0.9,37.3,M,-19.3,M,,0000*59
$GPGSA,A,3,14,13,30,19,15,22,02,24,07,17,21,,1.5,0.9,1.2*32
$GPGSV,3,1,11,22,78,357,22,17,70,145,27,14,62,058,25,13,48,235,19*78
$GPGSV,3,2,11,19,46,189,25,30,42,132,26,15,32,278,21,02,23,057,24*78
$GPRMC,174038.000,A,4535.3401,N,12235.5702,W,0.62,26.89,210324,,,A*44
$GPVTG,26.89,T,,M,0.62,N,1.1,K,A*3C
$GPGGA,174043.000,4535.3374,N,12235.5687,W,1,08,1.2,38.4,M,-19.3,M,,0000*56
$GPGSA,A,3,14,13,30,19,15,22,17,21,,,,,2.1,1.2,1.8*36
$GPGSV,3,1,11,22,78,357,15,17,70,145,22,14,62,058,19,13,48,235,22*7E
$GPGSV,3,2,11,19,46,189,25,30,42,132,25,15,32,278,23,02,23,057,13*7D
$GPGSV,3,3,11,24,17,308,15,21,15,042,18,07,12,129,18*49
$GPRMC,174043.000,A,4535.3374,N,12235.5687,W,0.78,203.72,210324,,,A*7B
$GPGGA,174048.000,4535.3372,N,12235.5688,W,1,08,1.1,41.2,M,-19.3,M,,0000*5F
$GPGSA,A,3,13,30,19,15,22,02,24,21,,,,,2.3,1.1,2.1*3A
$GPGSV,3,1,11,22,78,357,15,17,70,145,16,14,62,058,18,13,48,235,22*78
$GPGSV,3,2,11,19,46,189,14,30,42,132,20,15,32,278,22,02,23,057,15*7D
$GPGSV,3,3,11,24,17,308,14,21,15,042,19,07,12,129,18*49
$GPRMC,174048.000,A,4535.3372,N,12235.5688,W,0.39,3.08,210324,,,A*73
$GPVTG,3.08,T,,M,0.39,N,0.7,K,A*0B
$GPGGA,174053.000,4535.3396,N,12235.5669,W,1,07,2.2,42.4,M,-19.3,M,,0000*5A
$GPGSA,A,3,14,30,19,22,02,17,21,,,,,,3.1,2.2,2.2*39
$GPGSV,3,1,11,22,78,357,17,17,70,145,12,14,62,058,17,13,48,235,12*72
$GPGSV,3,2,11,19,46,189,12,30,42,132,19,15,32,278,10,02,23,057,17*72
$GPGSV,3,3,11,24,17,308,,21,15,042,17,07,12,129,18*42
$GPRMC,174053.000,A,4535.3396,N,12235.5669,W,1.67,43.30,210324,,,A*49
$GPVTG,43.30,T,,M,1.67,N,3.1,K,A*3B
$GPGGA,174058.000,4535.3399,N,12235.5648,W,1,11,0.9,48.1,M,-19.3,M,,0000*5C
$GPGSA,A,3,14,13,30,24,15,22,02,19,07,17,21,,1.5,0.9,1.2*32
$GPGSV,3,1,11,22,78,357,20,17,70,145,20,14,62,058,24,13,48,235,23*75
$GPGSV,3,2,11,19,46,189,24,30,42,132,19,15,32,278,25,02,23,057,23*76
$GPGSV,3,3,11,24,17,308,20,21,15,042,18,07,12,129,18*4F
$GPRMC,174058.000,A,4535.3399,N,12235.5648,W,0.20,37.20,210324,,,A*4E
$GPVTG,37.20,T,,M,0.20,N,0.4,K,A*3D
$GPGGA,174103.000,4535.3400,N,12235.5686,W,1,11,0.9,52.4,M,-19.3,M,,0000*58
$GPGSA,A,3,14,13,30,24,15,22,02,19,07,17,21,,1.5,0.9,1.2*32
$GPGSV,3,1,11,22,78,357,20,17,70,145,31,14,62,058,29,13,48,235,23*78
$GPGSV,3,2,11,19,46,189,29,30,42,132,24,15,32,278,23,02,23,057,21*71
$GPGSV,3,3,11,24,17,308,20,21,15,042,24,07,12,129,18*40
$GPRMC,174103.000,A,4535.3400,N,12235.5686,W,1.25,62.93,210324,,,A*48
$GPVTG,62.93,T,,M,1.25,N,2.3,K,A*34
$GPGGA,174108.000,4535.3398,N,12235.5677,W,1,11,0.9,51.5,M,-19.3,M,,0000*59
$GPGSA,A,3,14,13,30,24,15,22,02,19,07,17,21,,1.5,0.9,1.2*32
$GPGSV,3,1,11,22,78,357,21,17,70,145,28,14,62,058,29,13,48,235,30*73
$GPGSV,3,2,11,19,46,189,26,30,42,132,32,15,32,278,24,02,23,057,25*7A
$GPGSV,3,3,11,24,17,308,21,21,15,042,27,07,12,129,24*4D
$GPVTG,9.21,T,,M,0.17,N,0.3,K,A*02
$GPGGA,174113.000,4535.3375,N,12235.5660,W,1,11,0.9,51.8,M,-19.3,M,,0000*5B
$GPGSA,A,3,14,13,30,24,15,22,02,19,07,17,21,,1.5,0.9,1.2*32
$GPGSV,3,1,11,22,78,357,18,17,70,145,20,14,62,058,21,13,48,235,28*70
$GPGSV,3,2,11,19,46,189,28,30,42,132,27,15,32,278,31,02,23,057,22*73
$GPGSV,3,3,11,24,17,308,22,21,15,042,24,07,12,129,25*4C
$GPRMC,174113.000,A,4535.3375,N,12235.5660,W,0.64,190.89,210324,,,A*77
$GPVTG,190.89,T,,M,0.64,N,1.2,K,A*05
$GPGGA,174118.000,4535.3347,N,12235.5693,W,1,11,0.9,53.6,M,-19.3,M,,0000*51
$GPGSA,A,3,14,13,30,24,15,22,02,19,07,17,21,,1.5,0.9,1.2*32
$GPGSV,3,1,11,22,78,357,26,17,70,145,25,14,62,058,20,13,48,235,30*70
$GPGSV,3,2,11,19,46,189,29,30,42,132,31,15,32,278,22,02,23,057,22*77
$GPGSV,3,3,11,24,17,308,19,21,15,042,24,07,12,129,21*40
$GPRMC,174118.000,A,4535.3347,N,12235.5693,W,0.50,256.44,210324,,,A*7E
$GPVTG,256.44,T,,M,0.50,N,0.9,K,A*00
$GPGGA,174123.000,4535.3329,N,12235.5729,W,1,11,0.9,51.2,M,-19.3,M,,0000*57
$GPGSA,A,3,14,13,30,24,15,22,02,19,07,17,21,,1.5,0.9,1.2*32
$GPGSV,3,1,11,22,78,357,26,17,70,145,26,14,62,058,25,13,48,235,32*74
$GPGSV,3,2,11,19,46,189,30,30,42,132,31,15,32,278,23,02,23,057,22*7E
$GPGSV,3,3,11,24,17,308,21,21,15,042,14,07,12,129,20*49
$GPRMC,174123.000,A,4535.3329,N,12235.5729,W,0.52,357.37,210324,,,A*78
$GPVTG,357.37,T,,M,0.52,N,1.0,K,A*0E
$GPGGA,174128.000,4535.3342,N,12235.5747,W,1,11,0.9,52.3,M,-19.3,M,,0000*5B
$GPGSA,A,3,14,13,30,24,15,22,02,19,07,17,21,,1.5,0.9,1.2*32
$GPGSV,3,1,11,22,78,357,18,17,70,145,25,14,62,058,25,13,48,235,32*7A
$GPGSV,3,2,11,19,46,189,29,30,42,132,32,15,32,278,23,02,23,057,22*75
$GPGSV,3,3,11,24,17,308,22,21,15,042,24,07,12,129,19*43
$GPRMC,174128.000,A,4535.3342,N,12235.5747,W,0.58,137.12,210324,,,A*7F
$GPVTG,137.12,T,,M,0.58,N,1.1,K,A*06
$GPGGA,174133.000,4535.3341,N,12235.5741,W,1,11,0.9,52.5,M,-19.3,M,,0000*52
$GPGSA,A,3,14,13,30,24,15,22,02,19,07,17,21,,1.5,0.9,1.2*32
$GPGSV,3,1,11,22,78,357,32,17,70,145,26,14,62,058,31,13,48,235,34*72
$GPGSV,3,2,11,19,46,189,32,30,42,132,17,15,32,278,24,02,23,057,31*7D
$GPGSV,3,3,11,24,17,308,22,21,15,042,18,07,12,129,18*4D
$GPRMC,174133.000,A,4535.3341,N,12235.5741,W,0.06,125.93,210324,,,A*71
$GPVTG,125.93,T,,M,0.06,N,0.1,K,A*06
$GPGGA,174138.000,4535.3331,N,12235.5717,W,1,10,1.0,51.7,M,-19.3,M,,0000*55
$GPGSA,A,3,14,13,30,24,15,22,02,19,17,21,,,1.9,1.0,1.6*35
$GPGSV,3,1,11,22,78,357,28,17,70,145,31,14,62,058,27,13,48,235,34*78
$GPGSV,3,2,11,19,46,189,29,30,42,132,22,15,32,278,29,02,23,057,21*7D
$GPGSV,3,3,11,24,17,308,17,21,15,042,22,07,12,129,19*43
$GPRMC,174138.000,A,4535.3331,N,12235.5717,W,0.22,97.40,210324,,,A*4E
$GPVTG,97.40,T,,M,0.22,N,0.4,K,A*33
$GPGGA,174143.000,4535.3340,N,12235.5706,W,1,10,1.0,52.4,M,-19.3,M,,0000*5F
$GPGSA,A,3,14,13,30,24,15,22,02,19,17,21,,,1.9,1.0,1.6*35
$GPGSV,3,1,11,22,78,357,22,17,70,145,24,14,62,058,26,13,48,235,24*76
$GPGSV,3,2,11,19,46,189,30,30,42,132,26,15,32,278,23,02,23,057,22*78
$GPGSV,3,3,11,24,17,308,19,21,15,042,23,07,12,129,19*4C
$GPVTG,103.09,T,,M,0.62,N,1.1,K,A*02
$GPGGA,174148.000,4535.3350,N,12235.5716,W,1,11,0.9,55.2,M,-19.3,M,,0000*5C
$GPGSA,A,3,14,13,30,24,15,22,02,19,07,17,21,,1.5,0.9,1.2*32
$GPGSV,3,1,11,22,78,357,21,17,70,145,25,14,62,058,26,13,48,235,29*79
$GPGSV,3,2,11,19,46,189,23,30,42,132,21,15,32,278,24,02,23,057,23*7B
$GPGSV,3,3,11,24,17,308,19,21,15,042,22,07,12,129,23*44
$GPRMC,174148.000,A,4535.3350,N,12235.5716,W,0.25,308.58,210324,,,A*74
$GPVTG,308.58,T,,M,0.25,N,0.5,K,A*09
$GPGGA,174153.000,4535.3345,N,12235.5712,W,1,11,0.9,60.1,M,-19.3,M,,0000*53
$GPGSA,A,3,14,13,30,24,15,22,02,19,07,17,21,,1.5,0.9,1.2*32
$GPGSV,3,1,11,22,78,357,21,17,70,145,25,14,62,058,28,13,48,235,24*7A
$GPGSV,3,2,11,19,46,189,30,30,42,132,29,15,32,278,28,02,23,057,26*78
$GPGSV,3,3,11,24,17,308,19,21,15,042,21,07,12,129,23*47
$GPRMC,174153.000,A,4535.3345,N,12235.5712,W,0.78,357.83,210324,,,A*7A
$GPVTG,357.83,T,,M,0.78,N,1.4,K,A*0D
$GPGGA,174158.000,4535.3348,N,12235.5699,W,1,11,0.9,58.8,M,-19.3,M,,0000*55
$GPGSA,A,3,14,13,30,24,15,22,02,19,07,17,21,,1.5,0.9,1.2*32
$GPGSV,3,1,11,22,78,357,18,17,70,145,25,14,62,058,21,13,48,235,24*79
$GPGSV,3,2,11,19,46,189,24,30,42,132,28,15,32,278,20,02,23,057,15*74
$GPGSV,3,3,11,24,17,308,18,21,15,042,20,07,12,129,17*40
$GPRMC,174158.000,A,4535.3348,N,12235.5699,W,0.62,314.96,210324,,,A*76
$GPVTG,314.96,T,,M,0.62,N,1.1,K,A*00
$GPGGA,174203.000,4535.3358,N,12235.5691,W,1,11,0.9,58.5,M,-19.3,M,,0000*5C
$GPGSA,A,3,14,13,30,24,15,22,02,19,07,17,21,,1.5,0.9,1.2*32
$GPGSV,3,1,11,22,78,357,24,17,70,145,29,14,62,058,30,13,48,235,24*7A
$GPGSV,3,2,11,19,46,189,29,30,42,132,26,15,32,278,26,02,23,057,27*70
$GPGSV,3,3,11,24,17,308,24,21,15,042,20,07,12,129,31*4B
$GPRMC,174203.000,A,4535.3358,N,12235.5691,W,0.17,325.00,210324,,,A*7D
$GPVTG,325.00,T,,M,0.17,N,0.3,K,A*0C
$GPGGA,174208.000,4535.3342,N,12235.5700,W,1,11,0.9,60.6,M,-19.3,M,,0000*5D
$GPGSA,A,3,14,13,30,24,15,22,02,19,07,17,21,,1.5,0.9,1.2*32
$GPGSV,3,1,11,22,78,357,23,17,70,145,25,14,62,058,32,13,48,235,31*77
$GPGSV,3,2,11,19,46,189,29,30,42,132,22,15,32,278,25,02,23,057,26*76
$GPGSV,3,3,11,24,17,308,21,21,15,042,20,07,12,129,26*48
$GPRMC,174208.000,A,4535.3342,N,12235.5700,W,1.07,140.39,210324,,,A*7F
$GPVTG,140.39,T,,M,1.07,N,2.0,K,A*06
$GPGGA,174213.000,4535.3345,N,12235.5703,W,1,11,0.9,58.0,M,-19.3,M,,0000*5E
$GPGSA,A,3,14,13,30,24,15,22,02,19,07,17,21,,1.5,0.9,1.2*32
$GPGSV,3,1,11,22,78,357,28,17,70,145,29,14,62,058,28,13,48,235,26*7D
$GPGSV,3,2,11,19,46,189,30,30,42,132,23,15,32,278,27,02,23,057,26*7D
$GPGSV,3,3,11,24,17,308,21,21,15,042,21,07,12,129,27*48
$GPVTG,5.68,T,,M,0.22,N,0.4,K,A*02
$GPGGA,174218.000,4535.3365,N,12235.5724,W,1,11,0.8,54.2,M,-19.3,M,,0000*5D
$GPGSA,A,3,14,13,30,24,15,22,02,19,07,17,21,,1.5,0.8,1.2*33
$GPGSV,3,1,11,22,78,004,29,17,71,142,29,14,61,060,28,13,47,234,25*7A
$GPGSV,3,2,11,19,47,189,31,30,41,133,29,15,32,276,31,02,22,055,22*7B
$GPGSV,3,3,11,24,18,308,17,21,14,040,21,07,10,130,22*4E
$GPRMC,174218.000,A,4535.3365,N,12235.5724,W,0.28,40.44,210324,,,A*4A
$GPVTG,40.44,T,,M,0.28,N,0.5,K,A*36
$GPGGA,174223.000,4535.3366,N,12235.5699,W,1,11,0.8,53.9,M,-19.3,M,,0000*5D
$GPGSA,A,3,14,13,30,24,15,22,02,19,07,17,21,,1.5,0.8,1.2*33
$GPGSV,3,1,11,22,78,004,22,17,71,142,29,14,61,060,30,13,47,234,24*79
$GPGSV,3,2,11,19,47,189,29,30,41,133,28,15,32,276,24,02,22,055,25*70
$GPGSV,3,3,11,24,18,308,22,21,14,040,21,07,10,130,23*49
$GPRMC,174223.000,A,4535.3366,N,12235.5699,W,0.69,175.65,210324,,,A*77
$GPVTG,175.65,T,,M,0.69,N,1.3,K,A*00
$GPGGA,174228.000,4535.3393,N,12235.5675,W,1,11,0.8,51.5,M,-19.3,M,,0000*50
$GPGSA,A,3,14,13,30,24,15,22,02,19,07,17,21,,1.5,0.8,1.2*33
$GPGSV,3,1,11,22,78,004,23,17,71,142,25,14,61,060,25,13,47,234,24*70
$GPGSV,3,2,11,19,47,189,27,30,41,133,25,15,32,276,23,02,22,055,25*74
$GPGSV,3,3,11,24,18,308,21,21,14,040,22,07,10,130,20*4A
$GPRMC,174228.000,A,4535.3393,N,12235.5675,W,0.15,1.66,210324,,,A*7E
$GPVTG,1.66,T,,M,0.15,N,0.3,K,A*0B
$GPGGA,174233.000,4535.3397,N,12235.5657,W,1,04,5.1,52.0,M,-19.3,M,,0000*50
$GPGSA,A,3,13,30,07,17,,,,,,,,,5.2,5.1,1.0*30
$GPGSV,3,1,11,22,78,004,,17,71,142,14,14,61,060,,13,47,234,15*76
$GPGSV,3,2,11,19,47,189,11,30,41,133,16,15,32,276,,02,22,055,*77
$GPGSV,3,3,11,24,18,308,,21,14,040,,07,10,130,15*4F
$GPRMC,174233.000,A,4535.3397,N,12235.5657,W,1.58,86.88,210324,,,A*47
$GPVTG,86.88,T,,M,1.58,N,2.9,K,A*34
$GPGGA,174238.000,4535.3399,N,12235.5585,W,6,00,50.0,51.5,M,-19.3,M,,0000*6D
$GPGSA,A,2,,,,,,,,,,,,,50.0,50.0,50.0*06
$GPGSV,3,1,11,22,78,004,,17,71,142,,14,61,060,,13,47,234,*77
$GPGSV,3,2,11,19,47,189,,30,41,133,,15,32,276,,02,22,055,*70
$GPGSV,3,3,11,24,18,308,,21,14,040,,07,10,130,*4B
$GPRMC,174238.000,A,4535.3399,N,12235.5585,W,3.55,86.05,210324,,,E*40
$GPVTG,86.05,T,,M,3.55,N,6.6,K,N*3A
$GPGGA,174243.000,4535.3402,N,12235.5515,W,6,00,50.0,51.3,M,-19.3,M,,0000*6B
$GPGSA,A,2,,,,,,,,,,,,,50.0,50.0,50.0*06
$GPGSV,3,1,11,22,78,004,,17,71,142,,14,61,060,,13,47,234,*77
$GPGSV,3,2,11,19,47,189,,30,41,133,,15,32,276,,02,22,055,*70
$GPGSV,3,3,11,24,18,308,,21,14,040,,07,10,130,*4B
$GPRMC,174243.000,A,4535.3402,N,12235.5515,W,3.55,86.05,210324,,,E*40
$GPGGA,174248.000,4535.3406,N,12235.5445,W,6,00,50.0,51.0,M,-19.3,M,,0000*63
$GPGSA,A,2,,,,,,,,,,,,,50.0,50.0,50.0*06
$GPGSV,3,1,11,22,78,004,,17,71,142,,14,61,060,,13,47,234,*77
$GPGSV,3,2,11,19,47,189,,30,41,133,,15,32,276,,02,22,055,*70
$GPGSV,3,3,11,24,18,308,,21,14,040,,07,10,130,*4B
$GPRMC,174248.000,A,4535.3406,N,12235.5445,W,3.55,86.05,210324,,,E*4B
$GPVTG,86.05,T,,M,3.55,N,6.6,K,N*3A
$GPGGA,174258.000,4535.3738,N,12235.5740,W,1,04,2.8,48.5,M,-19.3,M,,0000*5B
$GPGSA,A,3,13,15,19,30,,,,,,,,,3.0,2.8,1.0*37
$GPGSV,3,1,11,22,78,004,,17,71,142,,14,61,060,13,13,47,234,24*73
$GPGSV,3,2,11,19,47,189,19,30,41,133,22,15,32,276,15,02,22,055,*7C
$GPGSV,3,3,11,24,18,308,,21,14,040,,07,10,130,*4B
$GPRMC,174258.000,A,4535.3738,N,12235.5740,W,1.13,51.08,210324,,,A*41
$GPVTG,51.08,T,,M,1.13,N,2.1,K,A*31
$GPGGA,174303.000,4535.3556,N,12235.5917,W,1,08,1.2,36.9,M,-19.3,M,,0000*52
$GPGSA,A,3,13,15,19,30,14,17,22,02,,,,,2.3,1.2,1.9*34
$GPGSV,3,1,11,22,78,004,25,17,71,142,19,14,61,060,19,13,47,234,24*76
$GPGSV,3,2,11,19,47,189,19,30,41,133,19,15,32,276,18,02,22,055,19*71
$GPGSV,3,3,11,24,18,308,,21,14,040,,07,10,130,*4B
$GPRMC,174303.000,A,4535.3556,N,12235.5917,W,2.06,292.11,210324,,,A*7A
$GPVTG,292.11,T,,M,2.06,N,3.8,K,A*0B
$GPGGA,174308.000,4535.3546,N,12235.5933,W,1,07,1.3,35.0,M,-19.3,M,,0000*5A
$GPGSA,A,3,13,15,19,30,14,17,02,,,,,,2.7,1.3,2.4*3F
$GPGSV,3,1,11,22,78,004,17,17,71,142,20,14,61,060,20,13,47,234,22*71
$GPGSV,3,2,11,19,47,189,22,30,41,133,18,15,32,276,17,02,22,055,17*79
$GPGSV,3,3,11,24,18,308,,21,14,040,,07,10,130,*4B
$GPRMC,174308.000,A,4535.3546,N,12235.5933,W,0.19,206.97,210324,,,A*79
$GPVTG,206.97,T,,M,0.19,N,0.4,K,A*0B
$GPGGA,174313.000,4535.3538,N,12235.5926,W,1,05,2.3,31.5,M,-19.3,M,,0000*5D
$GPGSA,A,3,13,19,17,22,02,,,,,,,,3.4,2.3,2.5*3D
$GPGSV,3,1,11,22,78,004,20,17,71,142,19,14,61,060,08,13,47,234,20*77
$GPGSV,3,2,11,19,47,189,21,30,41,133,,15,32,276,16,02,22,055,17*72
$GPGSV,3,3,11,24,18,308,,21,14,040,,07,10,130,*4B
$GPRMC,174313.000,A,4535.3538,N,12235.5926,W,1.13,299.87,210324,,,A*72
$GPGGA,174318.000,4535.3503,N,12235.5921,W,1,05,2.3,21.5,M,-19.3,M,,0000*58
$GPGSA,A,3,13,19,17,22,02,,,,,,,,3.4,2.3,2.5*3D
$GPGSV,3,1,11,22,78,004,20,17,71,142,20,14,61,060,,13,47,234,24*71
$GPGSV,3,2,11,19,47,189,21,30,41,133,,15,32,276,15,02,22,055,17*71
$GPGSV,3,3,11,24,18,308,,21,14,040,,07,10,130,*4B
$GPRMC,174318.000,A,4535.3503,N,12235.5921,W,0.85,166.34,210324,,,A*73
$GPVTG,166.34,T,,M,0.85,N,1.6,K,A*01
$GPGGA,174323.000,4535.3481,N,12235.5903,W,1,05,2.3,12.3,M,-19.3,M,,0000*5D
$GPGSA,A,3,13,19,17,22,02,,,,,,,,3.4,2.3,2.5*3D
$GPGSV,3,1,11,22,78,004,21,17,71,142,20,14,61,060,,13,47,234,24*70
$GPGSV,3,2,11,19,47,189,21,30,41,133,,15,32,276,14,02,22,055,18*7F
$GPGSV,3,3,11,24,18,308,,21,14,040,,07,10,130,*4B
$GPRMC,174323.000,A,4535.3481,N,12235.5903,W,0.97,256.44,210324,,,A*74
$GPVTG,256.44,T,,M,0.97,N,1.8,K,A*0B
$GPGGA,174328.000,4535.3436,N,12235.5841,W,1,05,2.3,16.3,M,-19.3,M,,0000*59
$GPGSA,A,3,13,19,17,22,02,,,,,,,,3.4,2.3,2.5*3D
$GPGSV,3,1,11,22,78,004,22,17,71,142,24,14,61,060,,13,47,234,24*77
$GPGSV,3,2,11,19,47,189,20,30,41,133,13,15,32,276,,02,22,055,19*78
$GPGSV,3,3,11,24,18,308,,21,14,040,,07,10,130,*4B
$GPRMC,174328.000,A,4535.3436,N,12235.5841,W,1.09,144.18,210324,,,A*7B
$GPVTG,144.18,T,,M,1.09,N,2.0,K,A*0F
$GPGGA,174333.000,4535.3418,N,12235.5845,W,1,07,1.5,16.7,M,-19.3,M,,0000*58
$GPGSA,A,3,13,14,19,15,17,22,02,,,,,,2.5,1.5,2.0*3C
$GPGSV,3,1,11,22,78,004,19,17,71,142,24,14,61,060,17,13,47,234,19*77
$GPGSV,3,2,11,19,47,189,21,30,41,133,,15,32,276,20,02,22,055,17*77
$GPGSV,3,3,11,24,18,308,,21,14,040,,07,10,130,*4B
$GPRMC,174333.000,A,4535.3418,N,12235.5845,W,0.85,83.58,210324,,,A*42
$GPVTG,83.58,T,,M,0.85,N,1.6,K,A*31
$GPGGA,174338.000,4535.3389,N,12235.5859,W,1,07,1.3,19.9,M,-19.3,M,,0000*56
$GPGSA,A,3,13,19,15,30,17,22,02,,,,,,2.4,1.3,2.1*3C
$GPGSV,3,1,11,22,78,004,19,17,71,142,25,14,61,060,21,13,47,234,23*7A
$GPGSV,3,2,11,19,47,189,22,30,41,133,19,15,32,276,20,02,22,055,16*7D
$GPGSV,3,3,11,24,18,308,,21,14,040,,07,10,130,*4B
$GPVTG,259.42,T,,M,1.19,N,2.2,K,A*0C
$GPGGA,174343.000,4535.3387,N,12235.5819,W,1,03,21.9,23.3,M,-19.3,M,,0000*6F
$GPGSA,A,2,14,19,17,,,,,,,,,,21.9,21.9,1.0*39
$GPGSV,3,1,11,22,78,004,,17,71,142,15,14,61,060,21,13,47,234,18*79
$GPGSV,3,2,11,19,47,189,14,30,41,133,09,15,32,276,11,02,22,055,*7C
$GPGSV,3,3,11,24,18,308,,21,14,040,,07,10,130,*4B
$GPRMC,174343.000,A,4535.3387,N,12235.5819,W,2.20,95.40,210324,,,A*4E
$GPVTG,95.40,T,,M,2.20,N,4.1,K,A*30
$GPGGA,174348.000,4535.3425,N,12235.5785,W,6,00,50.0,25.4,M,-19.3,M,,0000*6B
$GPGSA,A,2,,,,,,,,,,,,,50.0,50.0,50.0*06
$GPGSV,3,1,11,22,78,004,,17,71,142,,14,61,060,10,13,47,234,18*7F
$GPGSV,3,2,11,19,47,189,13,30,41,133,,15,32,276,,02,22,055,*72
$GPGSV,3,3,11,24,18,308,,21,14,040,,07,10,130,*4B
$GPRMC,174348.000,A,4535.3425,N,12235.5785,W,2.04,31.20,210324,,,E*4A
$GPVTG,31.20,T,,M,2.04,N,3.8,K,N*3F
$GPGGA,174353.000,4535.3449,N,12235.5764,W,6,00,50.0,27.1,M,-19.3,M,,0000*63
$GPGSA,A,2,,,,,,,,,,,,,50.0,50.0,50.0*06
$GPGSV,3,1,11,22,78,004,,17,71,142,,14,61,060,12,13,47,234,21*77
$GPGSV,3,2,11,19,47,189,16,30,41,133,,15,32,276,,02,22,055,*77
$GPGSV,3,3,11,24,18,308,,21,14,040,,07,10,130,*4B
$GPRMC,174353.000,A,4535.3449,N,12235.5764,W,2.04,31.20,210324,,,E*45
$GPVTG,31.20,T,,M,2.04,N,3.8,K,N*3F
$GPGGA,174358.000,4535.3423,N,12235.5832,W,1,03,3.1,26.9,M,-19.3,M,,0000*52
$GPGSA,A,2,13,14,19,,,,,,,,,,3.3,3.1,1.0*3F
$GPGSV,3,1,11,22,78,004,,17,71,142,,14,61,060,13,13,47,234,23*74
$GPGSV,3,2,11,19,47,189,23,30,41,133,,15,32,276,,02,22,055,*71
$GPGSV,3,3,11,24,18,308,,21,14,040,,07,10,130,*4B
$GPRMC,174358.000,A,4535.3423,N,12235.5832,W,2.99,185.76,210324,,,A*73
$GPVTG,185.76,T,,M,2.99,N,5.5,K,N*0D
$GPGGA,174403.000,4535.3398,N,12235.5855,W,1,03,3.1,26.7,M,-19.3,M,,0000*53
$GPGSA,A,2,13,14,19,,,,,,,,,,3.3,3.1,1.0*3F
$GPGSV,3,1,11,22,78,004,,17,71,142,,14,61,060,18,13,47,234,23*7F
$GPGSV,3,2,11,19,47,189,23,30,41,133,,15,32,276,,02,22,055,*71
$GPGSV,3,3,11,24,18,308,,21,14,040,,07,10,130,*4B
$GPRMC,174403.000,A,4535.3398,N,12235.5855,W,2.34,255.97,210324,,,A*7A
$GPGGA,174408.000,4535.3448,N,12235.5947,W,1,03,3.1,26.5,M,-19.3,M,,0000*52
$GPGSA,A,2,13,14,19,,,,,,,,,,3.3,3.1,1.0*3F
$GPGSV,3,1,11,22,78,004,,17,71,142,,14,61,060,20,13,47,234,20*77
$GPGSV,3,2,11,19,47,189,20,30,41,133,,15,32,276,,02,22,055,*72
$GPGSV,3,3,11,24,18,308,,21,14,040,,07,10,130,*4B
$GPRMC,174408.000,A,4535.3448,N,12235.5947,W,3.51,330.58,210324,,,A*7A
$GPVTG,330.58,T,,M,3.51,N,6.5,K,N*0B
$GPGGA,174413.000,4535.3499,N,12235.6055,W,1,04,3.4,33.8,M,-19.3,M,,0000*56
$GPGSA,A,3,13,14,19,17,,,,,,,,,9.8,3.4,9.2*36
$GPGSV,3,1,11,22,78,004,,17,71,142,19,14,61,060,20,13,47,234,19*75
$GPGSV,3,2,11,19,47,189,22,30,41,133,16,15,32,276,,02,22,055,*77
$GPGSV,3,3,11,24,18,308,,21,14,040,,07,10,130,*4B
$GPRMC,174413.000,A,4535.3499,N,12235.6055,W,2.58,98.96,210324,,,A*4E
$GPVTG,98.96,T,,M,2.58,N,4.8,K,A*30
$GPGGA,174418.000,4535.3498,N,12235.6047,W,1,06,2.3,42.1,M,-19.3,M,,0000*54
$GPGSA,A,3,13,14,19,22,30,17,,,,,,,6.0,2.3,5.5*3F
$GPGSV,3,1,11,22,78,004,21,17,71,142,20,14,61,060,20,13,47,234,23*75
$GPGSV,3,2,11,19,47,189,22,30,41,133,19,15,32,276,,02,22,055,*78
$GPGSV,3,3,11,24,18,308,,21,14,040,,07,10,130,*4B
$GPRMC,174418.000,A,4535.3498,N,12235.6047,W,0.69,272.68,210324,,,A*70
$GPVTG,272.68,T,,M,0.69,N,1.3,K,A*09
$GPGGA,174423.000,4535.3468,N,12235.6036,W,1,05,2.8,53.9,M,-19.3,M,,0000*55
$GPGSA,A,3,13,14,19,22,17,,,,,,,,7.6,2.8,7.1*36
$GPGSV,3,1,11,22,78,004,13,17,71,142,15,14,61,060,21,13,47,234,21*71
$GPGSV,3,2,11,19,47,189,22,30,41,133,12,15,32,276,,02,22,055,*73
$GPGSV,3,3,11,24,18,308,,21,14,040,,07,10,130,*4B
$GPRMC,174423.000,A,4535.3468,N,12235.6036,W,1.10,180.15,210324,,,A*7A
$GPVTG,180.15,T,,M,1.10,N,2.0,K,A*02
$GPGGA,174428.000,4535.3466,N,12235.6034,W,1,03,2.8,53.4,M,-19.3,M,,0000*59
$GPGSA,A,2,14,19,30,,,,,,,,,,3.0,2.8,1.0*35
$GPGSV,3,1,11,22,78,004,12,17,71,142,16,14,61,060,22,13,47,234,18*7A
$GPGSV,3,2,11,19,47,189,23,30,41,133,12,15,32,276,,02,22,055,*72
$GPGSV,3,3,11,24,18,308,,21,14,040,,07,10,130,*4B
$GPRMC,174428.000,A,4535.3466,N,12235.6034,W,1.47,256.51,210324,,,A*77
$GPGGA,174433.000,4535.3483,N,12235.6073,W,1,03,3.2,47.6,M,-19.3,M,,0000*57
$GPGSA,A,2,13,14,19,,,,,,,,,,3.3,3.2,1.0*3C
$GPGSV,3,1,11,22,78,004,13,17,71,142,15,14,61,060,22,13,47,234,18*78
$GPGSV,3,2,11,19,47,189,23,30,41,133,,15,32,276,,02,22,055,*71
$GPGSV,3,3,11,24,18,308,,21,14,040,,07,10,130,*4B
$GPRMC,174433.000,A,4535.3483,N,12235.6073,W,0.79,253.87,210324,,,A*77
$GPVTG,253.87,T,,M,0.79,N,1.5,K,A*0C
$GPGGA,174438.000,4535.3453,N,12235.5948,W,1,03,3.2,48.1,M,-19.3,M,,0000*5B
$GPGSA,A,2,13,14,19,,,,,,,,,,3.3,3.2,1.0*3C
$GPGSV,3,1,11,22,78,004,13,17,71,142,16,14,61,060,22,13,47,234,17*74
$GPGSV,3,2,11,19,47,189,22,30,41,133,16,15,32,276,,02,22,055,*77
$GPGSV,3,3,11,24,18,308,,21,14,040,,07,10,130,*4B
$GPRMC,174438.000,A,4535.3453,N,12235.5948,W,3.79,103.20,210324,,,A*7B
$GPVTG,103.20,T,,M,3.79,N,7.0,K,A*07
$GPGGA,174443.000,4535.3491,N,12235.5943,W,1,06,2.3,48.1,M,-19.3,M,,0000*57
$GPGSA,A,3,13,14,19,22,30,17,,,,,,,6.0,2.3,5.5*3F
$GPGSV,3,1,11,22,78,004,14,17,71,142,16,14,61,060,21,13,47,234,17*70
$GPGSV,3,2,11,19,47,189,23,30,41,133,16,15,32,276,,02,22,055,*76
$GPGSV,3,3,11,24,18,308,,21,14,040,,07,10,130,*4B
$GPRMC,174443.000,A,4535.3491,N,12235.5943,W,0.49,125.75,210324,,,A*76
$GPVTG,125.75,T,,M,0.49,N,0.9,K,A*0D
$GPGGA,174448.000,4535.3520,N,12235.5997,W,1,05,2.8,37.3,M,-19.3,M,,0000*5C
$GPGSA,A,3,13,14,19,22,17,,,,,,,,7.6,2.8,7.1*36
$GPGSV,3,1,11,22,78,004,15,17,71,142,16,14,61,060,20,13,47,234,17*70
$GPGSV,3,2,11,19,47,189,22,30,41,133,15,15,32,276,,02,22,055,15*70
$GPGSV,3,3,11,24,18,308,,21,14,040,,07,10,130,*4B
$GPRMC,174448.000,A,4535.3520,N,12235.5997,W,2.29,300.00,210324,,,A*7C
$GPVTG,300.00,T,,M,2.29,N,4.2,K,A*01
$GPGGA,174453.000,4535.3509,N,12235.5982,W,1,05,2.9,45.8,M,-19.3,M,,0000*56
$GPGSA,A,3,13,14,19,17,02,,,,,,,,4.0,2.9,2.7*33
$GPGSV,3,1,11,22,78,004,14,17,71,142,15,14,61,060,19,13,47,234,19*76
$GPGSV,3,2,11,19,47,189,22,30,41,133,15,15,32,276,,02,22,055,15*70
$GPGSV,3,3,11,24,18,308,,21,14,040,,07,10,130,*4B
$GPVTG,126.81,T,,M,1.21,N,2.2,K,A*03
$GPGGA,174458.000,4535.3506,N,12235.5945,W,1,05,2.9,52.2,M,-19.3,M,,0000*55
$GPGSA,A,3,13,14,19,17,02,,,,,,,,4.0,2.9,2.7*33
$GPGSV,3,1,11,22,78,004,,17,71,142,14,14,61,060,19,13,47,234,20*78
$GPGSV,3,2,11,19,47,189,22,30,41,133,15,15,32,276,,02,22,055,16*73
$GPGSV,3,3,11,24,18,308,,21,14,040,,07,10,130,*4B
$GPRMC,174458.000,A,4535.3506,N,12235.5945,W,1.18,185.31,210324,,,A*7A
$GPVTG,185.31,T,,M,1.18,N,2.2,K,A*0B
$GPGGA,174503.000,4535.3479,N,12235.5861,W,1,05,2.9,53.3,M,-19.3,M,,0000*54
$GPGSA,A,3,13,14,19,17,02,,,,,,,,4.0,2.9,2.7*33
$GPGSV,3,1,11,22,78,004,,17,71,142,14,14,61,060,19,13,47,234,21*79
$GPGSV,3,2,11,19,47,189,21,30,41,133,14,15,32,276,,02,22,055,15*72
$GPGSV,3,3,11,24,18,308,,21,14,040,,07,10,130,*4B
$GPRMC,174503.000,A,4535.3479,N,12235.5861,W,1.22,80.13,210324,,,A*46
$GPVTG,80.13,T,,M,1.22,N,2.3,K,A*37
$GPGGA,174508.000,4535.3454,N,12235.5812,W,1,03,6.7,51.3,M,-19.3,M,,0000*5A
$GPGSA,A,2,13,14,22,,,,,,,,,,6.8,6.7,1.0*3A
$GPGSV,3,1,11,22,78,004,16,17,71,142,16,14,61,060,19,13,47,234,21*7C
$GPGSV,3,2,11,19,47,189,13,30,41,133,14,15,32,276,,02,22,055,15*73
$GPGSV,3,3,11,24,18,308,,21,14,040,,07,10,130,*4B
$GPRMC,174508.000,A,4535.3454,N,12235.5812,W,2.76,157.11,210324,,,A*7D
$GPVTG,157.11,T,,M,2.76,N,5.1,K,A*09
$GPGGA,174513.000,4535.3448,N,12235.5804,W,1,05,1.8,52.4,M,-19.3,M,,0000*50
$GPGSA,A,3,13,14,19,30,02,,,,,,,,3.7,1.8,3.2*30
$GPGSV,3,1,11,22,78,004,,17,71,142,14,14,61,060,18,13,47,234,20*79
$GPGSV,3,2,11,19,47,189,15,30,41,133,12,15,32,276,,02,22,055,14*72
$GPGSV,3,3,11,24,18,308,,21,14,040,,07,10,130,*4B
$GPRMC,174513.000,A,4535.3448,N,12235.5804,W,0.59,38.34,210324,,,A*4D
$GPVTG,38.34,T,,M,0.59,N,1.1,K,A*3D
$GPGGA,174518.000,4535.3440,N,12235.5819,W,1,03,2.8,47.2,M,-19.3,M,,0000*58
$GPGSA,A,2,13,14,15,,,,,,,,,,2.9,2.8,1.0*30
$GPGSV,3,1,11,22,77,010,,17,72,138,,14,60,061,17,19,49,189,14*71
$GPGSV,3,2,11,13,46,232,19,30,40,133,,15,32,274,15,02,22,054,*76
$GPGSV,3,3,11,24,19,308,,21,14,039,,07,09,130,*4C
$GPVTG,199.15,T,,M,2.47,N,4.6,K,A*0B
$GPGGA,174523.000,4535.3424,N,12235.5848,W,1,04,2.6,45.3,M,-19.3,M,,0000*5C
$GPGSA,A,3,13,19,17,15,,,,,,,,,2.8,2.6,1.0*35
$GPGSV,3,1,11,22,77,010,,17,72,138,18,14,60,061,18,19,49,189,15*76
$GPGSV,3,2,11,13,46,232,20,30,40,133,,15,32,274,15,02,22,054,*7C
$GPGSV,3,3,11,24,19,308,,21,14,039,,07,09,130,*4C
$GPRMC,174523.000,A,4535.3424,N,12235.5848,W,1.08,159.11,210324,,,A*78
$GPVTG,159.11,T,,M,1.08,N,2.0,K,A*0B
$GPGGA,174528.000,4535.3424,N,12235.5894,W,1,04,2.3,42.8,M,-19.3,M,,0000*5F
$GPGSA,A,3,13,14,17,15,,,,,,,,,2.5,2.3,1.0*30
$GPGSV,3,1,11,22,77,010,,17,72,138,16,14,60,061,18,19,49,189,14*79
$GPGSV,3,2,11,13,46,232,19,30,40,133,,15,32,274,15,02,22,054,*76
$GPGSV,3,3,11,24,19,308,,21,14,039,,07,09,130,*4C
$GPRMC,174528.000,A,4535.3424,N,12235.5894,W,1.52,87.56,210324,,,A*4C
$GPVTG,87.56,T,,M,1.52,N,2.8,K,A*3D
$GPGGA,174533.000,4535.3435,N,12235.5862,W,1,03,2.8,43.0,M,-19.3,M,,0000*59
$GPGSA,A,2,13,14,15,,,,,,,,,,2.9,2.8,1.0*30
$GPGSV,3,1,11,22,77,010,,17,72,138,14,14,60,061,18,19,49,189,14*7B
$GPGSV,3,2,11,13,46,232,19,30,40,133,,15,32,274,14,02,22,054,*77
$GPGSV,3,3,11,24,19,308,,21,14,039,,07,09,130,*4C
$GPRMC,174533.000,A,4535.3435,N,12235.5862,W,2.49,5.49,210324,,,A*72
$GPVTG,5.49,T,,M,2.49,N,4.6,K,A*08
$GPGGA,174538.000,4535.3437,N,12235.5898,W,1,03,6.7,41.8,M,-19.3,M,,0000*54
$GPGSA,A,2,13,14,22,,,,,,,,,,6.7,6.7,1.0*35
$GPGSV,3,1,11,22,77,010,16,17,72,138,,14,60,061,17,19,49,189,13*71
$GPGSV,3,2,11,13,46,232,20,30,40,133,,15,32,274,,02,22,054,*78
$GPGSV,3,3,11,24,19,308,,21,14,039,,07,09,130,*4C
$GPRMC,174538.000,A,4535.3437,N,12235.5898,W,3.31,330.74,210324,,,A*7B
$GPVTG,330.74,T,,M,3.31,N,6.1,K,A*08
$GPGGA,174543.000,4535.3424,N,12235.5888,W,1,03,6.6,40.7,M,-19.3,M,,0000*54
$GPGSA,A,2,13,14,22,,,,,,,,,,6.7,6.6,1.0*34
$GPGSV,3,1,11,22,77,010,16,17,72,138,,14,60,061,16,19,49,189,*72
$GPGSV,3,2,11,13,46,232,21,30,40,133,,15,32,274,,02,22,054,*79
$GPGSV,3,3,11,24,19,308,,21,14,039,,07,09,130,*4C
$GPRMC,174543.000,A,4535.3424,N,12235.5888,W,1.25,100.80,210324,,,A*79
$GPGGA,174548.000,4535.3337,N,12235.5774,W,1,03,6.6,37.9,M,-19.3,M,,0000*58
$GPGSA,A,2,13,14,22,,,,,,,,,,6.7,6.6,1.0*34
$GPGSV,3,1,11,22,77,010,15,17,72,138,,14,60,061,15,19,49,189,*72
$GPGSV,3,2,11,13,46,232,21,30,40,133,,15,32,274,,02,22,054,*79
$GPGSV,3,3,11,24,19,308,,21,14,039,,07,09,130,*4C
$GPRMC,174548.000,A,4535.3337,N,12235.5774,W,4.18,131.90,210324,,,A*73
$GPVTG,131.90,T,,M,4.18,N,7.7,K,N*05
$GPGGA,174553.000,4535.3239,N,12235.5720,W,6,00,50.0,37.0,M,-19.3,M,,0000*64
$GPGSA,A,2,,,,,,,,,,,,,50.0,50.0,50.0*06
$GPGSV,3,1,11,22,77,010,,17,72,138,,14,60,061,,19,49,189,16*75
$GPGSV,3,2,11,13,46,232,20,30,40,133,,15,32,274,,02,22,054,*78
$GPGSV,3,3,11,24,19,308,,21,14,039,,07,09,130,*4C
$GPRMC,174553.000,A,4535.3239,N,12235.5720,W,5.41,156.48,210324,,,E*7A
$GPVTG,156.48,T,,M,5.41,N,10.0,K,N*3D
$GPGGA,174558.000,4535.3170,N,12235.5677,W,6,00,50.0,36.5,M,-19.3,M,,0000*66
$GPGSA,A,2,,,,,,,,,,,,,50.0,50.0,50.0*06
$GPGSV,3,1,11,22,77,010,,17,72,138,,14,60,061,,19,49,189,*72
$GPGSV,3,2,11,13,46,232,19,30,40,133,,15,32,274,,02,22,054,*72
$GPGSV,3,3,11,24,19,308,,21,14,039,,07,09,130,*4C
$GPRMC,174558.000,A,4535.3170,N,12235.5677,W,5.41,156.48,210324,,,E*7C
$GPVTG,156.48,T,,M,5.41,N,10.0,K,N*3D
$GPGGA,174603.000,4535.3102,N,12235.5635,W,6,00,50.0,36.0,M,-19.3,M,,0000*6D
$GPGSA,A,2,,,,,,,,,,,,,50.0,50.0,50.0*06
$GPGSV,3,1,11,22,77,010,,17,72,138,,14,60,061,,19,49,189,*72
$GPGSV,3,2,11,13,46,232,10,30,40,133,,15,32,274,,02,22,054,*7B
$GPGSV,3,3,11,24,19,308,,21,14,039,,07,09,130,*4C
$GPVTG,156.48,T,,M,5.41,N,10.0,K,N*3D
$GPGGA,174648.000,4535.3520,N,12235.6072,W,1,03,3.3,34.8,M,-19.3,M,,0000*5B
$GPGSA,A,2,14,13,19,,,,,,,,,,3.4,3.3,1.0*3A
$GPGSV,3,1,11,22,77,010,,17,72,138,,14,60,061,16,19,49,189,17*73
$GPGSV,3,2,11,13,46,232,21,30,40,133,,15,32,274,,02,22,054,*79
$GPGSV,3,3,11,24,19,308,,21,14,039,,07,09,130,*4C
$GPRMC,174648.000,A,4535.3520,N,12235.6072,W,6.75,318.38,210324,,,A*70
$GPVTG,318.38,T,,M,6.75,N,12.5,K,N*31
$GPGGA,174653.000,4535.3527,N,12235.6049,W,6,00,50.0,35.3,M,-19.3,M,,0000*65
$GPGSA,A,2,,,,,,,,,,,,,50.0,50.0,50.0*06
$GPGSV,3,1,11,22,77,010,,17,72,138,,14,60,061,17,19,49,189,18*7D
$GPGSV,3,2,11,13,46,232,20,30,40,133,,15,32,274,,02,22,054,*78
$GPGSV,3,3,11,24,19,308,,21,14,039,,07,09,130,*4C
$GPRMC,174653.000,A,4535.3527,N,12235.6049,W,4.30,345.03,210324,,,E*72
$GPVTG,345.03,T,,M,4.30,N,8.0,K,N*0C
$GPGGA,174658.000,4535.3488,N,12235.5979,W,1,03,3.3,36.2,M,-19.3,M,,0000*50
$GPGSA,A,2,14,13,19,,,,,,,,,,3.5,3.3,1.0*3B
$GPGSV,3,1,11,22,77,010,,17,72,138,,14,60,061,17,19,49,189,19*7C
$GPGSV,3,2,11,13,46,232,19,30,40,133,,15,32,274,,02,22,054,*72
$GPGSV,3,3,11,24,19,308,,21,14,039,,07,09,130,*4C
$GPRMC,174658.000,A,4535.3488,N,12235.5979,W,0.89,333.02,210324,,,A*76
$GPVTG,333.02,T,,M,0.89,N,1.6,K,N*05
$GPGGA,174703.000,4535.3465,N,12235.5878,W,6,00,50.0,37.8,M,-19.3,M,,0000*66
$GPGSA,A,2,,,,,,,,,,,,,50.0,50.0,50.0*06
$GPGSV,3,1,11,22,77,010,,17,72,138,,14,60,061,18,19,49,189,20*79
$GPGSV,3,2,11,13,46,232,19,30,40,133,,15,32,274,,02,22,054,*72
$GPGSV,3,3,11,24,19,308,,21,14,039,,07,09,130,*4C
$GPRMC,174703.000,A,4535.3465,N,12235.5878,W,2.44,107.62,210324,,,E*7E
$GPVTG,107.62,T,,M,2.44,N,4.5,K,N*03
$GPGGA,174708.000,4535.3491,N,12235.5852,W,1,03,3.3,39.1,M,-19.3,M,,0000*58
$GPGSA,A,2,14,13,19,,,,,,,,,,3.5,3.3,1.0*3B
$GPGSV,3,1,11,22,77,010,,17,72,138,,14,60,061,18,19,49,189,19*73
$GPGSV,3,2,11,13,46,232,15,30,40,133,,15,32,274,,02,22,054,*7E
$GPGSV,3,3,11,24,19,308,,21,14,039,,07,09,130,*4C
$GPRMC,174708.000,A,4535.3491,N,12235.5852,W,3.84,28.00,210324,,,A*47
$GPGGA,174713.000,4535.3538,N,12235.5816,W,6,00,50.0,39.5,M,-19.3,M,,0000*65
$GPGSA,A,2,,,,,,,,,,,,,50.0,50.0,50.0*06
$GPGSV,3,1,11,22,77,010,,17,72,138,,14,60,061,17,19,49,189,18*7D
$GPGSV,3,2,11,13,46,232,,30,40,133,,15,32,274,,02,22,054,*7A
$GPGSV,3,3,11,24,19,308,,21,14,039,,07,09,130,*4C
$GPRMC,174713.000,A,4535.3538,N,12235.5816,W,3.84,28.00,210324,,,E*4B
$GPVTG,28.00,T,,M,3.84,N,7.1,K,N*31
$GPGGA,174718.000,4535.3558,N,12235.5936,W,1,03,3.3,38.5,M,-19.3,M,,0000*5B
$GPGSA,A,2,14,13,19,,,,,,,,,,3.5,3.3,1.0*3B
$GPGSV,3,1,11,22,77,010,,17,72,138,,14,60,061,18,19,49,189,19*73
$GPGSV,3,2,11,13,46,232,22,30,40,133,,15,32,274,,02,22,054,*7A
$GPGSV,3,3,11,24,19,308,,21,14,039,,07,09,130,*4C
$GPRMC,174718.000,A,4535.3558,N,12235.5936,W,1.78,257.11,210324,,,A*7A
$GPVTG,257.11,T,,M,1.78,N,3.3,K,N*0C
$GPGGA,174723.000,4535.3450,N,12235.5907,W,1,03,3.3,39.7,M,-19.3,M,,0000*5B
$GPGSA,A,2,14,13,19,,,,,,,,,,3.5,3.3,1.0*3B
$GPGSV,3,1,11,22,77,010,,17,72,138,,14,60,061,18,19,49,189,20*79
$GPGSV,3,2,11,13,46,232,21,30,40,133,,15,32,274,,02,22,054,*79
$GPGSV,3,3,11,24,19,308,,21,14,039,,07,09,130,*4C
$GPRMC,174723.000,A,4535.3450,N,12235.5907,W,0.46,359.07,210324,,,A*7D
$GPVTG,359.07,T,,M,0.46,N,0.9,K,N*01
$GPGGA,174728.000,4535.3428,N,12235.5919,W,1,04,3.7,53.7,M,-19.3,M,,0000*5F
$GPGSA,A,3,14,13,19,17,,,,,,,,,10.0,3.7,9.3*04
$GPGSV,3,1,11,22,77,010,,17,72,138,15,14,60,061,18,19,49,189,20*7D
$GPGSV,3,2,11,13,46,232,21,30,40,133,,15,32,274,,02,22,054,*79
$GPGSV,3,3,11,24,19,308,,21,14,039,,07,09,130,*4C
$GPVTG,346.84,T,,M,1.60,N,3.0,K,A*04
$GPGGA,174733.000,4535.3438,N,12235.5866,W,6,00,50.0,57.1,M,-19.3,M,,0000*6D
$GPGSA,A,2,,,,,,,,,,,,,50.0,50.0,50.0*06
$GPGSV,3,1,11,22,77,010,,17,72,138,13,14,60,061,18,19,49,189,19*71
$GPGSV,3,2,11,13,46,232,18,30,40,133,,15,32,274,,02,22,054,*73
$GPGSV,3,3,11,24,19,308,,21,14,039,,07,09,130,*4C
$GPRMC,174733.000,A,4535.3438,N,12235.5866,W,1.76,34.74,210324,,,E*4E
$GPVTG,34.74,T,,M,1.76,N,3.3,K,N*36
$GPGGA,174738.000,4535.3489,N,12235.5950,W,1,03,3.3,68.6,M,-19.3,M,,0000*52
$GPGSA,A,2,14,13,19,,,,,,,,,,3.5,3.3,1.0*3B
$GPGSV,3,1,11,22,77,010,,17,72,138,,14,60,061,17,19,49,189,18*7D
$GPGSV,3,2,11,13,46,232,18,30,40,133,,15,32,274,,02,22,054,*73
$GPGSV,3,3,11,24,19,308,,21,14,039,,07,09,130,*4C
$GPRMC,174738.000,A,4535.3489,N,12235.5950,W,1.92,338.38,210324,,,A*72
$GPVTG,338.38,T,,M,1.92,N,3.5,K,N*0D
$GPGGA,174743.000,4535.3560,N,12235.6085,W,1,03,3.4,70.4,M,-19.3,M,,0000*56
$GPGSA,A,2,14,13,19,,,,,,,,,,3.5,3.4,1.0*3C
$GPGSV,3,1,11,22,77,010,15,17,72,138,,14,60,061,15,19,49,189,16*75
$GPGSV,3,2,11,13,46,232,22,30,40,133,,15,32,274,,02,22,054,*7A
$GPGSV,3,3,11,24,19,308,,21,14,039,,07,09,130,*4C
$GPRMC,174743.000,A,4535.3560,N,12235.6085,W,5.75,321.62,210324,,,A*70
$GPVTG,321.62,T,,M,5.75,N,10.7,K,A*38
$GPGGA,174748.000,4535.3595,N,12235.6084,W,6,00,50.0,62.3,M,-19.3,M,,0000*64
$GPGSA,A,2,,,,,,,,,,,,,50.0,50.0,50.0*06
$GPGSV,3,1,11,22,77,010,14,17,72,138,,14,60,061,,19,49,189,*77
$GPGSV,3,2,11,13,46,232,13,30,40,133,,15,32,274,,02,22,054,*78
$GPGSV,3,3,11,24,19,308,,21,14,039,,07,09,130,*4C
$GPRMC,174748.000,A,4535.3595,N,12235.6084,W,3.87,340.13,210324,,,E*7E
$GPVTG,340.13,T,,M,3.87,N,7.2,K,N*0E
$GPGGA,174753.000,4535.3645,N,12235.6110,W,6,00,50.0,62.3,M,-19.3,M,,0000*6C
$GPGSA,A,2,,,,,,,,,,,,,50.0,50.0,50.0*06
$GPGSV,3,1,11,22,77,010,,17,72,138,,14,60,061,,19,49,189,*72
$GPGSV,3,2,11,13,46,232,16,30,40,133,,15,32,274,,02,22,054,*7D
$GPGSV,3,3,11,24,19,308,,21,14,039,,07,09,130,*4C
$GPRMC,174753.000,A,4535.3645,N,12235.6110,W,3.87,340.13,210324,,,E*76
$GPGGA,174758.000,4535.3696,N,12235.6136,W,6,00,50.0,62.3,M,-19.3,M,,0000*6D
$GPGSA,A,2,,,,,,,,,,,,,50.0,50.0,50.0*06
$GPGSV,3,1,11,22,77,010,,17,72,138,,14,60,061,,19,49,189,*72
$GPGSV,3,2,11,13,46,232,15,30,40,133,,15,32,274,,02,22,054,*7E
$GPGSV,3,3,11,24,19,308,,21,14,039,,07,09,130,*4C
$GPRMC,174758.000,A,4535.3696,N,12235.6136,W,3.87,340.13,210324,,,E*77
$GPVTG,340.13,T,,M,3.87,N,7.2,K,N*0E
$GPGGA,174948.000,4535.3581,N,12235.5932,W,1,03,4.4,57.6,M,-19.3,M,,0000*5A
$GPGSA,A,2,19,13,17,,,,,,,,,,4.5,4.4,1.0*3F
$GPGSV,3,1,11,22,77,016,,17,73,134,14,14,59,062,,19,50,189,19*75
$GPGSV,3,2,11,13,45,230,20,30,38,134,,15,32,273,,02,22,053,*71
$GPGSV,3,3,11,24,20,308,,21,13,038,,07,08,131,*40
$GPRMC,174948.000,A,4535.3581,N,12235.5932,W,10.52,193.53,210324,,,A*44
$GPVTG,193.53,T,,M,10.52,N,19.5,K,N*04
$GPGGA,174953.000,4535.3439,N,12235.5980,W,6,00,50.0,57.3,M,-19.3,M,,0000*6F
$GPGSA,A,2,,,,,,,,,,,,,50.0,50.0,50.0*06
$GPGSV,3,1,11,22,77,016,,17,73,134,,14,59,062,,19,50,189,19*70
$GPGSV,3,2,11,13,45,230,20,30,38,134,,15,32,273,,02,22,053,*71
$GPGSV,3,3,11,24,20,308,,21,13,038,,07,08,131,*40
$GPRMC,174953.000,A,4535.3439,N,12235.5980,W,10.52,193.53,210324,,,E*41
$GPVTG,193.53,T,,M,10.52,N,19.5,K,N*04
$GPGGA,174958.000,4535.3297,N,12235.6029,W,6,00,50.0,57.0,M,-19.3,M,,0000*6C
$GPGSA,A,2,,,,,,,,,,,,,50.0,50.0,50.0*06
$GPGSV,3,1,11,22,77,016,,17,73,134,,14,59,062,,19,50,189,19*70
$GPGSV,3,2,11,13,45,230,22,30,38,134,,15,32,273,,02,22,053,*73
$GPGSV,3,3,11,24,20,308,,21,13,038,,07,08,131,*40
$GPRMC,174958.000,A,4535.3297,N,12235.6029,W,10.52,193.53,210324,,,E*41
$GPVTG,193.53,T,,M,10.52,N,19.5,K,N*04
$GPGGA,175013.000,4535.3412,N,12235.5953,W,1,03,4.5,61.0,M,-19.3,M,,0000*52
$GPGSA,A,2,19,13,17,,,,,,,,,,4.6,4.5,1.0*3D
$GPGSV,3,1,11,22,77,016,,17,73,134,16,14,59,062,,19,50,189,21*7C
$GPGSV,3,2,11,13,45,230,18,30,38,134,,15,32,273,,02,22,053,*7A
$GPGSV,3,3,11,24,20,308,,21,13,038,,07,08,131,*40
$GPRMC,175013.000,A,4535.3412,N,12235.5953,W,3.00,343.83,210324,,,A*79
$GPGGA,175018.000,4535.3464,N,12235.5966,W,1,03,4.5,55.5,M,-19.3,M,,0000*5C
$GPGSA,A,2,19,13,17,,,,,,,,,,4.6,4.5,1.0*3D
$GPGSV,3,1,11,22,77,016,,17,73,134,21,14,59,062,,19,50,189,21*78
$GPGSV,3,2,11,13,45,230,19,30,38,134,,15,32,273,,02,22,053,*7B
$GPGSV,3,3,11,24,20,308,,21,13,038,,07,08,131,*40
$GPRMC,175018.000,A,4535.3464,N,12235.5966,W,4.30,318.07,210324,,,A*73
$GPVTG,318.07,T,,M,4.30,N,8.0,K,N*00
$GPGGA,175023.000,4535.3453,N,12235.5955,W,1,03,4.5,54.0,M,-19.3,M,,0000*54
$GPGSA,A,2,19,13,17,,,,,,,,,,4.6,4.5,1.0*3D
$GPGSV,3,1,11,22,77,016,,17,73,134,20,14,59,062,,19,50,189,20*78
$GPGSV,3,2,11,13,45,230,19,30,38,134,,15,32,273,,02,22,053,*7B
$GPGSV,3,3,11,24,20,308,,21,13,038,,07,08,131,*40
$GPRMC,175023.000,A,4535.3453,N,12235.5955,W,1.11,283.06,210324,,,A*7B
$GPVTG,283.06,T,,M,1.11,N,2.1,K,N*0F
$GPGGA,175028.000,4535.3511,N,12235.6055,W,1,03,4.5,52.5,M,-19.3,M,,0000*51
$GPGSA,A,2,19,13,17,,,,,,,,,,4.6,4.5,1.0*3D
$GPGSV,3,1,11,22,77,016,,17,73,134,19,14,59,062,,19,50,189,19*78
$GPGSV,3,2,11,13,45,230,18,30,38,134,,15,32,273,,02,22,053,*7A
$GPGSV,3,3,11,24,20,308,,21,13,038,,07,08,131,*40
$GPRMC,175028.000,A,4535.3511,N,12235.6055,W,4.10,330.93,210324,,,A*7C
$GPVTG,330.93,T,,M,4.10,N,7.6,K,N*0C
$GPGGA,175033.000,4535.3544,N,12235.6115,W,6,00,50.0,52.4,M,-19.3,M,,0000*6F
$GPGSA,A,2,,,,,,,,,,,,,50.0,50.0,50.0*06
$GPGSV,3,1,11,22,77,016,,17,73,134,18,14,59,062,,19,50,189,19*79
$GPGSV,3,2,11,13,45,230,18,30,38,134,,15,32,273,,02,22,053,*7A
$GPGSV,3,3,11,24,20,308,,21,13,038,,07,08,131,*40
$GPVTG,309.13,T,,M,4.44,N,8.2,K,N*04
$GPGGA,175038.000,4535.3579,N,12235.6027,W,1,03,4.5,51.9,M,-19.3,M,,0000*54
$GPGSA,A,2,19,13,17,,,,,,,,,,4.6,4.5,1.0*3D
$GPGSV,3,1,11,22,77,016,,17,73,134,18,14,59,062,,19,50,189,18*78
$GPGSV,3,2,11,13,45,230,17,30,38,134,,15,32,273,,02,22,053,*75
$GPGSV,3,3,11,24,20,308,,21,13,038,,07,08,131,*40
$GPRMC,175038.000,A,4535.3579,N,12235.6027,W,5.10,70.03,210324,,,A*49
$GPVTG,70.03,T,,M,5.10,N,9.4,K,N*3F
$GPGGA,175043.000,4535.3534,N,12235.6036,W,1,04,3.4,51.8,M,-19.3,M,,0000*51
$GPGSA,A,3,19,13,17,14,,,,,,,,,3.6,3.4,1.0*38
$GPGSV,3,1,11,22,77,016,,17,73,134,18,14,59,062,18,19,50,189,16*7F
$GPGSV,3,2,11,13,45,230,17,30,38,134,,15,32,273,,02,22,053,*75
$GPGSV,3,3,11,24,20,308,,21,13,038,,07,08,131,*40
$GPRMC,175043.000,A,4535.3534,N,12235.6036,W,2.50,291.99,210324,,,A*71
$GPVTG,291.99,T,,M,2.50,N,4.6,K,A*02
$GPGGA,175048.000,4535.3524,N,12235.6046,W,6,00,50.0,56.1,M,-19.3,M,,0000*63
$GPGSA,A,2,,,,,,,,,,,,,50.0,50.0,50.0*06
$GPGSV,3,1,11,22,77,016,,17,73,134,18,14,59,062,18,19,50,189,*78
$GPGSV,3,2,11,13,45,230,19,30,38,134,,15,32,273,,02,22,053,*7B
$GPGSV,3,3,11,24,20,308,,21,13,038,,07,08,131,*40
$GPRMC,175048.000,A,4535.3524,N,12235.6046,W,1.18,34.43,210324,,,E*4D
$GPVTG,34.43,T,,M,1.18,N,2.2,K,N*3A
$GPGGA,175053.000,4535.3583,N,12235.6099,W,1,03,6.2,54.8,M,-19.3,M,,0000*58
$GPGSA,A,2,13,17,14,,,,,,,,,,6.3,6.2,1.0*32
$GPGSV,3,1,11,22,77,016,,17,73,134,18,14,59,062,19,19,50,189,*79
$GPGSV,3,2,11,13,45,230,20,30,38,134,,15,32,273,,02,22,053,*71
$GPGSV,3,3,11,24,20,308,,21,13,038,,07,08,131,*40
$GPRMC,175053.000,A,4535.3583,N,12235.6099,W,5.32,320.93,210324,,,A*7B
$GPVTG,320.93,T,,M,5.32,N,9.8,K,N*0C
$GPGGA,175058.000,4535.3586,N,12235.6118,W,1,03,6.3,54.2,M,-19.3,M,,0000*55
$GPGSA,A,2,13,17,14,,,,,,,,,,6.3,6.3,1.0*33
$GPGSV,3,1,11,22,77,016,,17,73,134,18,14,59,062,18,19,50,189,*78
$GPGSV,3,2,11,13,45,230,19,30,38,134,,15,32,273,,02,22,053,*7B
$GPGSV,3,3,11,24,20,308,,21,13,038,,07,08,131,*40
$GPRMC,175058.000,A,4535.3586,N,12235.6118,W,1.92,353.11,210324,,,A*7D
$GPGGA,175103.000,4535.3593,N,12235.5978,W,1,04,3.5,53.8,M,-19.3,M,,0000*5A
$GPGSA,A,3,19,13,17,14,,,,,,,,,3.6,3.5,1.0*39
$GPGSV,3,1,11,22,77,016,,17,73,134,18,14,59,062,19,19,50,189,14*7C
$GPGSV,3,2,11,13,45,230,20,30,38,134,,15,32,273,,02,22,053,*71
$GPGSV,3,3,11,24,20,308,,21,13,038,,07,08,131,*40
$GPRMC,175103.000,A,4535.3593,N,12235.5978,W,5.57,76.89,210324,,,A*43
$GPVTG,76.89,T,,M,5.57,N,10.3,K,A*08
$GPGGA,175108.000,4535.3721,N,12235.6194,W,1,04,3.5,59.1,M,-19.3,M,,0000*50
$GPGSA,A,3,19,13,17,14,,,,,,,,,3.6,3.5,1.0*39
$GPGSV,3,1,11,22,77,016,,17,73,134,17,14,59,062,19,19,50,189,13*74
$GPGSV,3,2,11,13,45,230,19,30,38,134,,15,32,273,,02,22,053,*7B
$GPGSV,3,3,11,24,20,308,,21,13,038,,07,08,131,*40
$GPRMC,175108.000,A,4535.3721,N,12235.6194,W,7.63,313.27,210324,,,A*7B
$GPVTG,313.27,T,,M,7.63,N,14.1,K,A*3F
$GPGGA,175113.000,4535.3685,N,12235.6163,W,6,00,50.0,59.4,M,-19.3,M,,0000*68
$GPGSA,A,2,,,,,,,,,,,,,50.0,50.0,50.0*06
$GPGSV,3,1,11,22,77,016,,17,73,134,17,14,59,062,19,19,50,189,13*74
$GPGSV,3,2,11,13,45,230,18,30,38,134,,15,32,273,,02,22,053,*7A
$GPGSV,3,3,11,24,20,308,,21,13,038,,07,08,131,*40
$GPRMC,175113.000,A,4535.3685,N,12235.6163,W,1.67,324.46,210324,,,E*73
$GPVTG,324.46,T,,M,1.67,N,3.1,K,N*07
$GPGGA,175118.000,4535.3530,N,12235.5964,W,1,04,3.5,52.0,M,-19.3,M,,0000*5D
$GPGSA,A,3,19,13,17,14,,,,,,,,,3.6,3.5,1.0*39
$GPGSV,3,1,12,22,76,021,,17,73,129,16,14,58,064,19,19,52,189,13*7A
$GPGSV,3,2,12,13,44,229,17,30,37,135,,15,31,271,,02,22,051,*72
$GPGSV,3,3,12,24,22,308,,21,13,037,,07,07,131,,06,00,164,*74
$GPRMC,175118.000,A,4535.3530,N,12235.5964,W,2.28,118.80,210324,,,A*72
$GPVTG,118.80,T,,M,2.28,N,4.2,K,A*03
$GPGGA,175123.000,4535.3518,N,12235.5947,W,1,04,3.5,47.1,M,-19.3,M,,0000*5B
$GPGSA,A,3,19,13,17,14,,,,,,,,,3.6,3.5,1.0*39
$GPGSV,3,1,12,22,76,021,,17,73,129,17,14,58,064,19,19,52,189,21*7A
$GPGSV,3,2,12,13,44,229,16,30,37,135,,15,31,271,,02,22,051,*73
$GPGSV,3,3,12,24,22,308,,21,13,037,,07,07,131,,06,00,164,*74
$GPRMC,175123.000,A,4535.3518,N,12235.5947,W,1.02,180.18,210324,,,A*7A
$GPGGA,175128.000,4535.3538,N,12235.5872,W,1,04,3.5,45.9,M,-19.3,M,,0000*5F
$GPGSA,A,3,19,13,17,14,,,,,,,,,3.6,3.5,1.0*39
$GPGSV,3,1,12,22,76,021,,17,73,129,17,14,58,064,19,19,52,189,12*7A
$GPGSV,3,2,12,13,44,229,14,30,37,135,,15,31,271,,02,22,051,*71
$GPGSV,3,3,12,24,22,308,,21,13,037,,07,07,131,,06,00,164,*74
$GPRMC,175128.000,A,4535.3538,N,12235.5872,W,5.39,78.61,210324,,,A*40
$GPVTG,78.61,T,,M,5.39,N,10.0,K,A*0B
$GPGGA,175133.000,4535.3553,N,12235.5759,W,6,00,50.0,44.3,M,-19.3,M,,0000*65
$GPGSA,A,2,,,,,,,,,,,,,50.0,50.0,50.0*06
$GPGSV,3,1,12,22,76,021,,17,73,129,17,14,58,064,18,19,52,189,11*78
$GPGSV,3,2,12,13,44,229,,30,37,135,,15,31,271,,02,22,051,*74
$GPGSV,3,3,12,24,22,308,,21,13,037,,07,07,131,,06,00,164,*74
$GPRMC,175133.000,A,4535.3553,N,12235.5759,W,5.80,74.86,210324,,,E*42
$GPVTG,74.86,T,,M,5.80,N,10.7,K,N*04
$GPGGA,175138.000,4535.3574,N,12235.5649,W,6,00,50.0,44.0,M,-19.3,M,,0000*68
$GPGSA,A,2,,,,,,,,,,,,,50.0,50.0,50.0*06
$GPGSV,3,1,12,22,76,021,,17,73,129,,14,58,064,18,19,52,189,*7E
$GPGSV,3,2,12,13,44,229,,30,37,135,,15,31,271,,02,22,051,*74
$GPGSV,3,3,12,24,22,308,,21,13,037,,07,07,131,,06,00,164,*74
$GPRMC,175138.000,A,4535.3574,N,12235.5649,W,5.80,74.86,210324,,,E*4C
$GPVTG,74.86,T,,M,5.80,N,10.7,K,N*04
$GPGGA,175143.000,4535.3595,N,12235.5538,W,6,00,50.0,43.7,M,-19.3,M,,0000*6E
$GPGSA,A,2,,,,,,,,,,,,,50.0,50.0,50.0*06
$GPGSV,3,1,12,22,76,021,,17,73,129,,14,58,064,17,19,52,189,17*77
$GPGSV,3,2,12,13,44,229,,30,37,135,,15,31,271,,02,22,051,*74
$GPGSV,3,3,12,24,22,308,,21,13,037,,07,07,131,,06,00,164,*74
$GPRMC,175143.000,A,4535.3595,N,12235.5538,W,5.80,74.86,210324,,,E*4A
$GPVTG,74.86,T,,M,5.80,N,10.7,K,N*04
$GPGGA,175228.000,4535.2897,N,12235.4671,W,1,03,50.0,45.5,M,-19.3,M,,0000*61
$GPGSA,A,2,14,17,19,,,,,,,,,,50.0,50.0,1.0*39
$GPGSV,3,1,12,22,76,021,,17,73,129,19,14,58,064,15,19,52,189,19*73
$GPGSV,3,2,12,13,44,229,,30,37,135,,15,31,271,,02,22,051,*74
$GPGSV,3,3,12,24,22,308,,21,13,037,,07,07,131,,06,00,164,*74
$GPVTG,131.63,T,,M,5.43,N,10.1,K,N*36
$GPGGA,175233.000,4535.2930,N,12235.4780,W,6,00,50.0,42.2,M,-19.3,M,,0000*6C
$GPGSA,A,2,,,,,,,,,,,,,50.0,50.0,50.0*06
$GPGSV,3,1,12,22,76,021,,17,73,129,20,14,58,064,,19,52,189,18*7C
$GPGSV,3,2,12,13,44,229,,30,37,135,,15,31,271,,02,22,051,*74
$GPGSV,3,3,12,24,22,308,,21,13,037,,07,07,131,,06,00,164,*74
$GPRMC,175233.000,A,4535.2930,N,12235.4780,W,5.06,142.18,210324,,,E*71
$GPVTG,142.18,T,,M,5.06,N,9.4,K,N*02
$GPGGA,175238.000,4535.2874,N,12235.4718,W,6,00,50.0,42.2,M,-19.3,M,,0000*67
$GPGSA,A,2,,,,,,,,,,,,,50.0,50.0,50.0*06
$GPGSV,3,1,12,22,76,021,,17,73,129,20,14,58,064,,19,52,189,18*7C
$GPGSV,3,2,12,13,44,229,,30,37,135,,15,31,271,,02,22,051,*74
$GPGSV,3,3,12,24,22,308,,21,13,037,,07,07,131,,06,00,164,*74
$GPRMC,175238.000,A,4535.2874,N,12235.4718,W,5.06,142.18,210324,,,E*7A
$GPVTG,142.18,T,,M,5.06,N,9.4,K,N*02
$GPGGA,175243.000,4535.2819,N,12235.4657,W,6,00,50.0,42.2,M,-19.3,M,,0000*6A
$GPGSA,A,2,,,,,,,,,,,,,50.0,50.0,50.0*06
$GPGSV,3,1,12,22,76,021,,17,73,129,20,14,58,064,,19,52,189,17*73
$GPGSV,3,2,12,13,44,229,,30,37,135,,15,31,271,,02,22,051,*74
$GPGSV,3,3,12,24,22,308,,21,13,037,,07,07,131,,06,00,164,*74
$GPRMC,175243.000,A,4535.2819,N,12235.4657,W,5.06,142.18,210324,,,E*77
$GPVTG,142.18,T,,M,5.06,N,9.4,K,N*02
$GPGGA,175253.000,4535.3617,N,12235.6193,W,1,03,50.0,27.1,M,-19.3,M,,0000*63
$GPGSA,A,2,14,17,19,,,,,,,,,,50.0,50.0,1.0*39
$GPGSV,3,1,12,22,76,021,,17,73,129,20,14,58,064,14,19,52,189,18*79
$GPGSV,3,2,12,13,44,229,,30,37,135,,15,31,271,,02,22,051,*74
$GPGSV,3,3,12,24,22,308,,21,13,037,,07,07,131,,06,00,164,*74
$GPRMC,175253.000,A,4535.3617,N,12235.6193,W,10.03,316.18,210324,,,A*4C
$GPVTG,316.18,T,,M,10.03,N,18.6,K,N*02
$GPGGA,175258.000,4535.4082,N,12235.7116,W,1,03,50.0,29.4,M,-19.3,M,,0000*62
$GPGSA,A,2,14,17,19,,,,,,,,,,50.0,50.0,1.0*39
$GPGSV,3,1,12,22,76,021,,17,73,129,21,14,58,064,13,19,52,189,19*7E
$GPGSV,3,2,12,13,44,229,,30,37,135,,15,31,271,,02,22,051,*74
$GPGSV,3,3,12,24,22,308,,21,13,037,,07,07,131,,06,00,164,*74
$GPVTG,310.59,T,,M,16.87,N,31.2,K,N*04
$GPGGA,175303.000,4535.4206,N,12235.7366,W,1,03,50.0,32.9,M,-19.3,M,,0000*61
$GPGSA,A,2,14,17,19,,,,,,,,,,50.0,50.0,1.0*39
$GPGSV,3,1,12,22,76,021,,17,73,129,21,14,58,064,13,19,52,189,19*7E
$GPGSV,3,2,12,13,44,229,,30,37,135,,15,31,271,,02,22,051,*74
$GPGSV,3,3,12,24,22,308,,21,13,037,,07,07,131,,06,00,164,*74
$GPRMC,175303.000,A,4535.4206,N,12235.7366,W,16.50,309.76,210324,,,A*44
$GPVTG,309.76,T,,M,16.50,N,30.6,K,N*0E
$GPGGA,175308.000,4535.4692,N,12235.8408,W,1,03,50.0,28.4,M,-19.3,M,,0000*65
$GPGSA,A,2,14,17,19,,,,,,,,,,50.0,50.0,1.0*39
$GPGSV,3,1,12,22,76,021,,17,73,129,21,14,58,064,20,19,52,189,23*77
$GPGSV,3,2,12,13,44,229,21,30,37,135,,15,31,271,,02,22,051,*77
$GPGSV,3,3,12,24,22,308,,21,13,037,,07,07,131,,06,00,164,*74
$GPRMC,175308.000,A,4535.4692,N,12235.8408,W,19.80,301.95,210324,,,A*41
$GPVTG,301.95,T,,M,19.80,N,36.7,K,N*0E
$GPGGA,175313.000,4535.3433,N,12235.5841,W,1,06,2.1,-7.1,M,-19.3,M,,0000*4B
$GPGSA,A,3,14,17,19,13,02,15,,,,,,,3.6,2.1,2.9*30
$GPGSV,3,1,12,22,76,021,,17,73,129,20,14,58,064,19,19,52,189,18*74
$GPGSV,3,2,12,13,44,229,21,30,37,135,,15,31,271,17,02,22,051,21*72
$GPGSV,3,3,12,24,22,308,,21,13,037,,07,07,131,,06,00,164,*74
$GPRMC,175313.000,A,4535.3433,N,12235.5841,W,2.53,289.64,210324,,,A*72
$GPVTG,289.64,T,,M,2.53,N,4.7,K,A*0B
$GPGGA,175318.000,4535.3468,N,12235.5889,W,1,07,1.7,3.0,M,-19.3,M,,0000*66
$GPGSA,A,3,14,17,19,13,02,15,22,,,,,,2.7,1.7,2.1*3D
$GPGSV,3,1,12,22,76,021,14,17,73,129,19,14,58,064,19,19,52,189,18*7B
$GPGSV,3,2,12,13,44,229,21,30,37,135,,15,31,271,18,02,22,051,18*77
$GPGSV,3,3,12,24,22,308,,21,13,037,,07,07,131,,06,00,164,*74
$GPRMC,175318.000,A,4535.3468,N,12235.5889,W,2.41,350.54,210324,,,A*76
$GPVTG,350.54,T,,M,2.41,N,4.5,K,A*0C
$GPGGA,175323.000,4535.3528,N,12235.5924,W,1,06,1.7,12.5,M,-19.3,M,,0000*59
$GPGSA,A,3,17,19,13,02,15,22,,,,,,,2.8,1.7,2.2*34
$GPGSV,3,1,12,22,76,021,14,17,73,129,18,14,58,064,18,19,52,189,16*75
$GPGSV,3,2,12,13,44,229,20,30,37,135,,15,31,271,17,02,22,051,12*73
$GPRMC,175323.000,A,4535.3528,N,12235.5924,W,2.03,2.60,210324,,,A*78
$GPVTG,2.60,T,,M,2.03,N,3.8,K,A*03
$GPGGA,175328.000,4535.3551,N,12235.5949,W,1,05,3.7,23.8,M,-19.3,M,,0000*59
$GPGSA,A,3,14,17,13,02,22,,,,,,,,4.4,3.7,2.2*35
$GPGSV,3,1,12,22,76,021,14,17,73,129,17,14,58,064,17,19,52,189,*72
$GPGSV,3,2,12,13,44,229,20,30,37,135,16,15,31,271,17,02,22,051,15*73
$GPGSV,3,3,12,24,22,308,,21,13,037,,07,07,131,,06,00,164,*74
$GPRMC,175328.000,A,4535.3551,N,12235.5949,W,0.47,242.98,210324,,,A*75
$GPVTG,242.98,T,,M,0.47,N,0.9,K,A*02
$GPGGA,175333.000,4535.3629,N,12235.5999,W,1,05,3.1,32.9,M,-19.3,M,,0000*55
$GPGSA,A,3,14,17,13,02,15,,,,,,,,4.6,3.1,3.4*32
$GPGSV,3,1,12,22,76,021,14,17,73,129,17,14,58,064,16,19,52,189,*73
$GPGSV,3,2,12,13,44,229,19,30,37,135,16,15,31,271,17,02,22,051,15*79
$GPGSV,3,3,12,24,22,308,,21,13,037,,07,07,131,,06,00,164,*74
$GPRMC,175333.000,A,4535.3629,N,12235.5999,W,5.35,342.98,210324,,,A*7F
$GPVTG,342.98,T,,M,5.35,N,9.9,K,A*0A
$GPGGA,175338.000,4535.3682,N,12235.6020,W,1,05,3.8,27.4,M,-19.3,M,,0000*57
$GPGSA,A,3,14,17,13,02,22,,,,,,,,4.4,3.8,2.2*3A
$GPGSV,3,1,12,22,76,021,13,17,73,129,16,14,58,064,16,19,52,189,12*76
$GPGSV,3,2,12,13,44,229,18,30,37,135,16,15,31,271,16,02,22,051,13*7F
$GPGSV,3,3,12,24,22,308,,21,13,037,,07,07,131,,06,00,164,*74
$GPRMC,175338.000,A,4535.3682,N,12235.6020,W,3.55,334.34,210324,,,A*7A
$GPVTG,334.34,T,,M,3.55,N,6.6,K,A*0D
$GPGGA,175343.000,4535.3679,N,12235.6056,W,1,04,4.9,19.2,M,-19.3,M,,0000*52
$GPGSA,A,3,14,17,19,30,,,,,,,,,9.8,4.9,8.4*3A
$GPGSV,3,1,12,22,76,021,,17,73,129,15,14,58,064,16,19,52,189,13*76
$GPGSV,3,2,12,13,44,229,,30,37,135,15,15,31,271,14,02,22,051,*75
$GPGSV,3,3,12,24,22,308,,21,13,037,,07,07,131,,06,00,164,*74
$GPRMC,175343.000,A,4535.3679,N,12235.6056,W,5.92,304.49,210324,,,A*77
$GPVTG,304.49,T,,M,5.92,N,11.0,K,A*39
$GPGGA,175348.000,4535.3738,N,12235.6152,W,6,00,50.0,18.8,M,-19.3,M,,0000*68
$GPGSA,A,2,,,,,,,,,,,,,50.0,50.0,50.0*06
$GPGSV,3,1,12,22,76,021,,17,73,129,,14,58,064,,19,52,189,14*72
$GPGSV,3,2,12,13,44,229,,30,37,135,,15,31,271,,02,22,051,*74
$GPGSV,3,3,12,24,22,308,,21,13,037,,07,07,131,,06,00,164,*74
$GPRMC,175348.000,A,4535.3738,N,12235.6152,W,6.49,312.51,210324,,,E*72
$GPVTG,312.51,T,,M,6.49,N,12.0,K,N*3E
$GPGGA,175353.000,4535.3799,N,12235.6247,W,6,00,50.0,18.0,M,-19.3,M,,0000*66
$GPGSA,A,2,,,,,,,,,,,,,50.0,50.0,50.0*06
$GPGSV,3,1,12,22,76,021,,17,73,129,,14,58,064,,19,52,189,13*75
$GPGSV,3,2,12,13,44,229,19,30,37,135,,15,31,271,,02,22,051,*7C
$GPGSV,3,3,12,24,22,308,,21,13,037,,07,07,131,,06,00,164,*74
$GPVTG,312.51,T,,M,6.49,N,12.0,K,N*3E
$GPGGA,175358.000,4535.3860,N,12235.6341,W,6,00,50.0,17.2,M,-19.3,M,,0000*6E
$GPGSA,A,2,,,,,,,,,,,,,50.0,50.0,50.0*06
$GPGSV,3,1,12,22,76,021,,17,73,129,,14,58,064,,19,52,189,*77
$GPGSV,3,2,12,13,44,229,19,30,37,135,,15,31,271,,02,22,051,*7C
$GPGSV,3,3,12,24,22,308,,21,13,037,,07,07,131,,06,00,164,*74
$GPRMC,175358.000,A,4535.3860,N,12235.6341,W,6.49,312.51,210324,,,E*71
$GPVTG,312.51,T,,M,6.49,N,12.0,K,N*3E
$GPGGA,175428.000,4535.3349,N,12235.5964,W,1,03,2.7,13.0,M,-19.3,M,,0000*52
$GPGSA,A,2,22,30,19,,,,,,,,,,2.9,2.7,1.0*37
$GPGSV,3,1,12,22,75,025,16,17,74,124,,14,57,065,,19,53,189,15*76
$GPGSV,3,2,12,13,43,228,,30,36,135,16,15,31,270,,24,23,308,*7F
$GPGSV,3,3,12,02,21,050,,21,12,036,,07,06,132,,06,01,163,*79
$GPRMC,175428.000,A,4535.3349,N,12235.5964,W,6.48,153.84,210324,,,A*75
$GPVTG,153.84,T,,M,6.48,N,12.0,K,N*30
$GPGGA,175433.000,4535.3356,N,12235.6055,W,6,00,50.0,14.8,M,-19.3,M,,0000*65
$GPGSA,A,2,,,,,,,,,,,,,50.0,50.0,50.0*06
$GPGSV,3,1,12,22,75,025,15,17,74,124,,14,57,065,,19,53,189,16*76
$GPGSV,3,2,12,13,43,228,,30,36,135,16,15,31,270,,24,23,308,*7F
$GPGSV,3,3,12,02,21,050,,21,12,036,,07,06,132,,06,01,163,*79
$GPRMC,175433.000,A,4535.3356,N,12235.6055,W,2.86,231.73,210324,,,E*74
$GPVTG,231.73,T,,M,2.86,N,5.3,K,N*0C
$GPGGA,175438.000,4535.3454,N,12235.5956,W,1,04,2.3,4.6,M,-19.3,M,,0000*6A
$GPGSA,A,3,22,30,15,19,,,,,,,,,4.2,2.3,3.6*3F
$GPGSV,3,1,12,22,75,025,15,17,74,124,,14,57,065,,19,53,189,15*75
$GPGSV,3,2,12,13,43,228,,30,36,135,16,15,31,270,16,24,23,308,*78
$GPGSV,3,3,12,02,21,050,,21,12,036,,07,06,132,,06,01,163,*79
$GPRMC,175438.000,A,4535.3454,N,12235.5956,W,5.28,26.14,210324,,,A*41
$GPVTG,26.14,T,,M,5.28,N,9.8,K,A*32
$GPGGA,175443.000,4535.3422,N,12235.5889,W,1,03,3.9,22.7,M,-19.3,M,,0000*5D
$GPGSA,A,2,30,15,13,,,,,,,,,,4.0,3.9,1.0*39
$GPGSV,3,1,12,22,75,025,,17,74,124,,14,57,065,,19,53,189,*75
$GPGSV,3,2,12,13,43,228,20,30,36,135,17,15,31,270,18,24,23,308,*75
$GPGSV,3,3,12,02,21,050,,21,12,036,,07,06,132,,06,01,163,*79
$GPVTG,39.38,T,,M,2.12,N,3.9,K,N*38
$GPGGA,175448.000,4535.3408,N,12235.5896,W,6,00,50.0,23.9,M,-19.3,M,,0000*64
$GPGSA,A,2,,,,,,,,,,,,,50.0,50.0,50.0*06
$GPGSV,3,1,12,22,75,025,,17,74,124,,14,57,065,,19,53,189,*75
$GPGSV,3,2,12,13,43,228,20,30,36,135,18,15,31,270,,24,23,308,*73
$GPGSV,3,3,12,02,21,050,,21,12,036,,07,06,132,,06,01,163,*79
$GPRMC,175448.000,A,4535.3408,N,12235.5896,W,0.50,238.65,210324,,,E*77
$GPVTG,238.65,T,,M,0.50,N,0.9,K,N*04
$GPGGA,175453.000,4535.3404,N,12235.5904,W,6,00,50.0,24.6,M,-19.3,M,,0000*60
$GPGSA,A,2,,,,,,,,,,,,,50.0,50.0,50.0*06
$GPGSV,3,1,12,22,75,025,,17,74,124,,14,57,065,,19,53,189,*75
$GPGSV,3,2,12,13,43,228,14,30,36,135,19,15,31,270,,24,23,308,*75
$GPGSV,3,3,12,02,21,050,,21,12,036,,07,06,132,,06,01,163,*79
$GPRMC,175453.000,A,4535.3404,N,12235.5904,W,0.50,238.65,210324,,,E*7B
$GPVTG,238.65,T,,M,0.50,N,0.9,K,N*04
$GPGGA,175458.000,4535.3400,N,12235.5912,W,6,00,50.0,25.2,M,-19.3,M,,0000*6D
$GPGSA,A,2,,,,,,,,,,,,,50.0,50.0,50.0*06
$GPGSV,3,1,12,22,75,025,,17,74,124,,14,57,065,,19,53,189,*75
$GPGSV,3,2,12,13,43,228,13,30,36,135,18,15,31,270,,24,23,308,*73
$GPGSV,3,3,12,02,21,050,,21,12,036,,07,06,132,,06,01,163,*79
$GPRMC,175458.000,A,4535.3400,N,12235.5912,W,0.50,238.65,210324,,,E*73
$GPVTG,238.65,T,,M,0.50,N,0.9,K,N*04
$GPGGA,175518.000,4535.3757,N,12235.6087,W,1,03,3.5,29.7,M,-19.3,M,,0000*51
$GPGSA,A,2,17,13,30,,,,,,,,,,3.6,3.5,1.0*36
$GPGSV,3,1,12,22,75,025,,17,74,124,14,14,57,065,,19,53,189,*70
$GPGSV,3,2,12,13,43,228,18,30,36,135,17,15,31,270,,24,23,308,*77
$GPGSV,3,3,12,02,21,050,,21,12,036,,07,06,132,,06,01,163,*79
$GPRMC,175518.000,A,4535.3757,N,12235.6087,W,1.26,353.89,210324,,,A*7B
$GPVTG,353.89,T,,M,1.26,N,2.3,K,N*02
$GPGGA,175523.000,4535.3774,N,12235.6090,W,6,00,50.0,30.1,M,-19.3,M,,0000*67
$GPGSA,A,2,,,,,,,,,,,,,50.0,50.0,50.0*06
$GPGSV,3,1,12,22,75,025,,17,74,124,15,14,57,065,,19,53,189,*71
$GPGSV,3,2,12,13,43,228,17,30,36,135,17,15,31,270,,24,23,308,*78
$GPGSV,3,3,12,02,21,050,13,21,12,036,,07,06,132,,06,01,163,*7B
$GPVTG,353.89,T,,M,1.26,N,2.3,K,N*02
$GPGGA,175528.000,4535.3656,N,12235.6013,W,6,00,50.0,32.2,M,-19.3,M,,0000*67
$GPGSA,A,2,,,,,,,,,,,,,50.0,50.0,50.0*06
$GPGSV,3,1,12,22,75,025,,17,74,124,15,14,57,065,,19,53,189,*71
$GPGSV,3,2,12,13,43,228,16,30,36,135,17,15,31,270,,24,23,308,*79
$GPGSV,3,3,12,02,21,050,12,21,12,036,,07,06,132,,06,01,163,*7A
$GPRMC,175528.000,A,4535.3656,N,12235.6013,W,2.50,81.52,210324,,,E*49
$GPVTG,81.52,T,,M,2.50,N,4.6,K,N*39
$GPGGA,175533.000,4535.3606,N,12235.6139,W,1,03,3.5,22.9,M,-19.3,M,,0000*5C
$GPGSA,A,2,17,13,30,,,,,,,,,,3.6,3.5,1.0*36
$GPGSV,3,1,12,22,75,025,,17,74,124,13,14,57,065,,19,53,189,*77
$GPGSV,3,2,12,13,43,228,17,30,36,135,16,15,31,270,,24,23,308,*79
$GPGSV,3,3,12,02,21,050,10,21,12,036,,07,06,132,,06,01,163,*78
$GPRMC,175533.000,A,4535.3606,N,12235.6139,W,2.18,259.02,210324,,,A*75
$GPVTG,259.02,T,,M,2.18,N,4.0,K,N*01
$GPGGA,175538.000,4535.3601,N,12235.6128,W,1,03,5.5,20.9,M,-19.3,M,,0000*54
$GPGSA,A,2,17,13,02,,,,,,,,,,5.6,5.5,1.0*37
$GPGSV,3,1,12,22,75,025,,17,74,124,14,14,57,065,,19,53,189,*70
$GPGSV,3,2,12,13,43,228,19,30,36,135,13,15,31,270,,24,23,308,*72
$GPGSV,3,3,12,02,21,050,13,21,12,036,,07,06,132,,06,01,163,*7B
$GPRMC,175538.000,A,4535.3601,N,12235.6128,W,2.37,91.25,210324,,,A*47
$GPVTG,91.25,T,,M,2.37,N,4.4,K,N*3B
$GPGGA,175543.000,4535.3572,N,12235.6061,W,6,00,50.0,17.0,M,-19.3,M,,0000*6F
$GPGSA,A,2,,,,,,,,,,,,,50.0,50.0,50.0*06
$GPGSV,3,1,12,22,75,025,,17,74,124,14,14,57,065,,19,53,189,*70
$GPGSV,3,2,12,13,43,228,18,30,36,135,,15,31,270,,24,23,308,*71
$GPGSV,3,3,12,02,21,050,,21,12,036,,07,06,132,,06,01,163,*79
$GPRMC,175543.000,A,4535.3572,N,12235.6061,W,4.03,119.95,210324,,,E*7F
$GPVTG,119.95,T,,M,4.03,N,7.5,K,N*02
$GPGGA,175548.000,4535.3544,N,12235.5992,W,6,00,50.0,15.8,M,-19.3,M,,0000*6D
$GPGSA,A,2,,,,,,,,,,,,,50.0,50.0,50.0*06
$GPGSV,3,1,12,22,75,025,,17,74,124,13,14,57,065,,19,53,189,*77
$GPGSV,3,2,12,13,43,228,17,30,36,135,,15,31,270,,24,23,308,*7E
$GPGSV,3,3,12,02,21,050,,21,12,036,,07,06,132,,06,01,163,*79
$GPRMC,175548.000,A,4535.3544,N,12235.5992,W,4.03,119.95,210324,,,E*77
$GPGGA,175553.000,4535.3516,N,12235.5923,W,6,00,50.0,14.5,M,-19.3,M,,0000*66
$GPGSA,A,2,,,,,,,,,,,,,50.0,50.0,50.0*06
$GPGSV,3,1,12,22,75,025,,17,74,124,,14,57,065,,19,53,189,*75
$GPGSV,3,2,12,13,43,228,16,30,36,135,,15,31,270,,24,23,308,*7F
$GPGSV,3,3,12,02,21,050,,21,12,036,,07,06,132,,06,01,163,*79
$GPRMC,175553.000,A,4535.3516,N,12235.5923,W,4.03,119.95,210324,,,E*70
$GPVTG,119.95,T,,M,4.03,N,7.5,K,N*02
$GPGGA,175703.000,4535.3420,N,12235.5806,W,1,03,6.0,4.9,M,-19.3,M,,0000*69
$GPGSA,A,2,13,22,14,,,,,,,,,,6.1,6.0,1.0*34
$GPGSV,3,1,12,22,75,025,16,17,74,124,,14,57,065,14,19,53,189,*77
$GPGSV,3,2,12,13,43,228,17,30,36,135,,15,31,270,,24,23,308,*7E
$GPGSV,3,3,12,02,21,050,,21,12,036,,07,06,132,,06,01,163,*79
$GPRMC,175703.000,A,4535.3420,N,12235.5806,W,7.08,311.17,210324,,,A*79
$GPVTG,311.17,T,,M,7.08,N,13.1,K,N*3B
$GPGGA,175708.000,4535.3580,N,12235.5989,W,6,00,50.0,3.2,M,-19.3,M,,0000*54
$GPGSA,A,2,,,,,,,,,,,,,50.0,50.0,50.0*06
$GPGSV,3,1,12,22,75,025,16,17,74,124,,14,57,065,,19,53,189,*72
$GPGSV,3,2,12,13,43,228,18,30,36,135,,15,31,270,,24,23,308,*71
$GPGSV,3,3,12,02,21,050,,21,12,036,,07,06,132,,06,01,163,*79
$GPRMC,175708.000,A,4535.3580,N,12235.5989,W,10.31,319.90,210324,,,E*40
$GPVTG,319.90,T,,M,10.31,N,19.1,K,N*0A
$GPGGA,175713.000,4535.3683,N,12235.6214,W,1,03,3.7,-1.9,M,-19.3,M,,0000*43
$GPGSA,A,2,13,19,22,,,,,,,,,,3.9,3.7,1.0*36
$GPGSV,3,1,12,22,75,025,16,17,74,124,,14,57,065,,19,53,189,15*76
$GPGSV,3,2,12,13,43,228,20,30,36,135,,15,31,270,,24,23,308,*7A
$GPGSV,3,3,12,02,21,050,,21,12,036,,07,06,132,,06,01,163,*79
$GPRMC,175713.000,A,4535.3683,N,12235.6214,W,11.21,312.71,210324,,,A*46
$GPVTG,312.71,T,,M,11.21,N,20.8,K,N*0D
$GPGGA,175718.000,4535.3853,N,12235.6408,W,6,00,50.0,-6.7,M,-19.3,M,,0000*7C
$GPGSA,A,2,,,,,,,,,,,,,50.0,50.0,50.0*06
$GPGSV,3,1,12,22,75,030,15,17,74,119,,14,55,066,,19,55,189,*7C
$GPGSV,3,2,12,13,42,226,20,30,34,136,,15,30,268,,24,24,308,*7B
$GPGSV,3,3,12,02,21,049,,21,11,035,,07,04,133,,06,02,163,*71
$GPVTG,315.20,T,,M,9.30,N,17.2,K,N*39
$GPGGA,175723.000,4535.3945,N,12235.6537,W,6,00,50.0,-7.0,M,-19.3,M,,0000*79
$GPGSA,A,2,,,,,,,,,,,,,50.0,50.0,50.0*06
$GPGSV,3,1,12,22,75,030,15,17,74,119,,14,55,066,,19,55,189,*7C
$GPGSV,3,2,12,13,42,226,13,30,34,136,,15,30,268,19,24,24,308,*73
$GPGSV,3,3,12,02,21,049,,21,11,035,,07,04,133,,06,02,163,*71
$GPRMC,175723.000,A,4535.3945,N,12235.6537,W,9.30,315.20,210324,,,E*78
$GPVTG,315.20,T,,M,9.30,N,17.2,K,N*39
$GPGGA,175728.000,4535.3782,N,12235.6467,W,6,00,50.0,-4.0,M,-19.3,M,,0000*70
$GPGSA,A,2,,,,,,,,,,,,,50.0,50.0,50.0*06
$GPGSV,3,1,12,22,75,030,15,17,74,119,,14,55,066,17,19,55,189,*7A
$GPGSV,3,2,12,13,42,226,14,30,34,136,,15,30,268,17,24,24,308,*7A
$GPGSV,3,3,12,02,21,049,,21,11,035,,07,04,133,,06,02,163,*71
$GPRMC,175728.000,A,4535.3782,N,12235.6467,W,6.63,164.59,210324,,,E*71
$GPVTG,164.59,T,,M,6.63,N,12.3,K,N*3E
$GPGGA,175733.000,4535.3693,N,12235.6432,W,6,00,50.0,-4.2,M,-19.3,M,,0000*79
$GPGSA,A,2,,,,,,,,,,,,,50.0,50.0,50.0*06
$GPGSV,3,1,12,22,75,030,15,17,74,119,,14,55,066,16,19,55,189,*7B
$GPGSV,3,2,12,13,42,226,14,30,34,136,,15,30,268,16,24,24,308,*7B
$GPGSV,3,3,12,02,21,049,,21,11,035,,07,04,133,,06,02,163,*71
$GPRMC,175733.000,A,4535.3693,N,12235.6432,W,6.63,164.59,210324,,,E*7A
$GPVTG,164.59,T,,M,6.63,N,12.3,K,N*3E
$GPGGA,175738.000,4535.3604,N,12235.6397,W,6,00,50.0,-4.3,M,-19.3,M,,0000*75
$GPGSA,A,2,,,,,,,,,,,,,50.0,50.0,50.0*06
$GPGSV,3,1,12,22,75,030,15,17,74,119,,14,55,066,,19,55,189,*7C
$GPGSV,3,2,12,13,42,226,13,30,34,136,,15,30,268,,24,24,308,*7B
$GPGSV,3,3,12,02,21,049,,21,11,035,,07,04,133,,06,02,163,*71
$GPRMC,175738.000,A,4535.3604,N,12235.6397,W,6.63,164.59,210324,,,E*77
$GPVTG,164.59,T,,M,6.63,N,12.3,K,N*3E
$GPGGA,175803.000,4535.3434,N,12235.5878,W,1,03,2.1,-1.9,M,-19.3,M,,0000*47
$GPGSA,A,2,15,14,19,,,,,,,,,,2.3,2.1,1.0*39
$GPGSV,3,1,12,22,75,030,,17,74,119,,14,55,066,16,19,55,189,16*78
$GPGSV,3,2,12,13,42,226,,30,34,136,,15,30,268,17,24,24,308,*7F
$GPGSV,3,3,12,02,21,049,,21,11,035,,07,04,133,,06,02,163,*71
$GPVTG,226.19,T,,M,4.53,N,8.4,K,N*02
$GPGGA,175808.000,4535.3326,N,12235.6033,W,1,03,2.1,-0.0,M,-19.3,M,,0000*44
$GPGSA,A,2,15,14,19,,,,,,,,,,2.3,2.1,1.0*39
$GPGSV,3,1,12,22,75,030,,17,74,119,,14,55,066,15,19,55,189,15*78
$GPGSV,3,2,12,13,42,226,,30,34,136,,15,30,268,17,24,24,308,*7F
$GPGSV,3,3,12,02,21,049,,21,11,035,,07,04,133,,06,02,163,*71
$GPRMC,175808.000,A,4535.3326,N,12235.6033,W,7.75,215.03,210324,,,A*7B
$GPVTG,215.03,T,,M,7.75,N,14.4,K,N*33
$GPGGA,175813.000,4535.3248,N,12235.6118,W,6,00,50.0,0.9,M,-19.3,M,,0000*59
$GPGSA,A,2,,,,,,,,,,,,,50.0,50.0,50.0*06
$GPGSV,3,1,12,22,75,030,,17,74,119,,14,55,066,15,19,55,189,15*78
$GPGSV,3,2,12,13,42,226,,30,34,136,,15,30,268,17,24,24,308,*7F
$GPGSV,3,3,12,02,21,049,,21,11,035,,07,04,133,,06,02,163,*71
$GPRMC,175813.000,A,4535.3248,N,12235.6118,W,6.58,205.48,210324,,,E*74
$GPVTG,205.48,T,,M,6.58,N,12.2,K,N*33
$GPGGA,175818.000,4535.3166,N,12235.6174,W,6,00,50.0,1.1,M,-19.3,M,,0000*5E
$GPGSA,A,2,,,,,,,,,,,,,50.0,50.0,50.0*06
$GPGSV,3,1,12,22,75,030,,17,74,119,,14,55,066,14,19,55,189,14*78
$GPGSV,3,2,12,13,42,226,,30,34,136,,15,30,268,16,24,24,308,*7E
$GPGSV,3,3,12,02,21,049,,21,11,035,,07,04,133,,06,02,163,*71
$GPRMC,175818.000,A,4535.3166,N,12235.6174,W,6.58,205.48,210324,,,E*7A
$GPVTG,205.48,T,,M,6.58,N,12.2,K,N*33
$GPGGA,175823.000,4535.3083,N,12235.6230,W,6,00,50.0,1.3,M,-19.3,M,,0000*5D
$GPGSA,A,2,,,,,,,,,,,,,50.0,50.0,50.0*06
$GPGSV,3,1,12,22,75,030,,17,74,119,,14,55,066,13,19,55,189,14*7F
$GPGSV,3,2,12,13,42,226,,30,34,136,,15,30,268,16,24,24,308,*7E
$GPGSV,3,3,12,02,21,049,,21,11,035,,07,04,133,,06,02,163,*71
$GPRMC,175823.000,A,4535.3083,N,12235.6230,W,6.58,205.48,210324,,,E*7B
$GPVTG,205.48,T,,M,6.58,N,12.2,K,N*33
$GPGGA,175853.000,4535.2924,N,12235.6198,W,6,00,50.0,-2.0,M,-19.3,M,,0000*73
$GPGSA,A,2,,,,,,,,,,,,,50.0,50.0,50.0*06
$GPGSV,3,1,12,22,75,030,,17,74,119,,14,55,066,,19,55,189,*78
$GPGSV,3,2,12,13,42,226,,30,34,136,16,15,30,268,21,24,24,308,*7D
$GPGSV,3,3,12,02,21,049,,21,11,035,,07,04,133,,06,02,163,*71
$GPVTG,141.60,T,,M,2.15,N,4.0,K,N*02
$GPGGA,175858.000,4535.2901,N,12235.6171,W,6,00,50.0,-2.1,M,-19.3,M,,0000*79
$GPGSA,A,2,,,,,,,,,,,,,50.0,50.0,50.0*06
$GPGSV,3,1,12,22,75,030,,17,74,119,,14,55,066,,19,55,189,*78
$GPGSV,3,2,12,13,42,226,,30,34,136,16,15,30,268,20,24,24,308,*7C
$GPGSV,3,3,12,02,21,049,,21,11,035,,07,04,133,,06,02,163,*71
$GPRMC,175858.000,A,4535.2901,N,12235.6171,W,2.15,141.60,210324,,,E*77
$GPVTG,141.60,T,,M,2.15,N,4.0,K,N*02
$GPGGA,175903.000,4535.3414,N,12235.5964,W,6,00,50.0,-1.1,M,-19.3,M,,0000*72
$GPGSA,A,2,,,,,,,,,,,,,50.0,50.0,50.0*06
$GPGSV,3,1,12,22,75,030,,17,74,119,,14,55,066,,19,55,189,17*7E
$GPGSV,3,2,12,13,42,226,,30,34,136,,15,30,268,20,24,24,308,*7B
$GPGSV,3,3,12,02,21,049,,21,11,035,,07,04,133,,06,02,163,*71
$GPRMC,175903.000,A,4535.3414,N,12235.5964,W,8.14,31.63,210324,,,E*41
$GPVTG,31.63,T,,M,8.14,N,15.1,K,N*0D
$GPGGA,175908.000,4535.3510,N,12235.5879,W,6,00,50.0,-1.2,M,-19.3,M,,0000*72
$GPGSA,A,2,,,,,,,,,,,,,50.0,50.0,50.0*06
$GPGSV,3,1,12,22,75,030,,17,74,119,,14,55,066,,19,55,189,16*7F
$GPGSV,3,2,12,13,42,226,,30,34,136,,15,30,268,20,24,24,308,*7B
$GPGSV,3,3,12,02,21,049,,21,11,035,,07,04,133,,06,02,163,*71
$GPRMC,175908.000,A,4535.3510,N,12235.5879,W,8.14,31.63,210324,,,E*42
$GPVTG,31.63,T,,M,8.14,N,15.1,K,N*0D
$GPGGA,175913.000,4535.3606,N,12235.5795,W,6,00,50.0,-1.3,M,-19.3,M,,0000*70
$GPGSA,A,2,,,,,,,,,,,,,50.0,50.0,50.0*06
$GPGSV,3,1,12,22,75,030,,17,74,119,,14,55,066,,19,55,189,14*7D
$GPGSV,3,2,12,13,42,226,,30,34,136,,15,30,268,19,24,24,308,*71
$GPGSV,3,3,12,02,21,049,,21,11,035,,07,04,133,,06,02,163,*71
$GPRMC,175913.000,A,4535.3606,N,12235.5795,W,8.14,31.63,210324,,,E*41
$GPVTG,31.63,T,,M,8.14,N,15.1,K,N*0D
$GPGGA,175958.000,4535.4011,N,12235.5566,W,6,00,50.0,2.6,M,-19.3,M,,0000*5D
$GPGSA,A,2,,,,,,,,,,,,,50.0,50.0,50.0*06
$GPGSV,3,1,12,22,75,030,,17,74,119,,14,55,066,,19,55,189,17*7E
$GPGSV,3,2,12,13,42,226,,30,34,136,14,15,30,268,17,24,24,308,*7A
$GPGSV,3,3,12,02,21,049,,21,11,035,,07,04,133,,06,02,163,*71
$GPRMC,175958.000,A,4535.4011,N,12235.5566,W,2.99,335.84,210324,,,E*76
$GPGGA,180003.000,4535.4023,N,12235.5629,W,6,00,50.0,5.1,M,-19.3,M,,0000*59
$GPGSA,A,2,,,,,,,,,,,,,50.0,50.0,50.0*06
$GPGSV,3,1,12,22,75,030,,17,74,119,,14,55,066,,19,55,189,19*70
$GPGSV,3,2,12,13,42,226,,30,34,136,,15,30,268,19,24,24,308,*71
$GPGSV,3,3,12,02,21,049,,21,11,035,,07,04,133,,06,02,163,*71
$GPRMC,180003.000,A,4535.4023,N,12235.5629,W,1.83,329.15,210324,,,E*7F
$GPVTG,329.15,T,,M,1.83,N,3.4,K,N*03
$GPGGA,180008.000,4535.3537,N,12235.5882,W,1,03,2.2,-46.1,M,-19.3,M,,0000*71
$GPGSA,A,2,15,14,19,,,,,,,,,,2.4,2.2,1.0*3D
$GPGSV,3,1,12,22,75,030,,17,74,119,,14,55,066,18,19,55,189,20*73
$GPGSV,3,2,12,13,42,226,,30,34,136,,15,30,268,18,24,24,308,*70
$GPGSV,3,3,12,02,21,049,,21,11,035,,07,04,133,,06,02,163,*71
$GPRMC,180008.000,A,4535.3537,N,12235.5882,W,2.54,192.90,210324,,,A*7E
$GPVTG,192.90,T,,M,2.54,N,4.7,K,N*01
$GPGGA,180013.000,4535.3496,N,12235.5918,W,1,03,2.2,-45.0,M,-19.3,M,,0000*71
$GPGSA,A,2,15,14,19,,,,,,,,,,2.4,2.2,1.0*3D
$GPGSV,3,1,12,22,75,030,,17,74,119,,14,55,066,18,19,55,189,19*79
$GPGSV,3,2,12,13,42,226,,30,34,136,,15,30,268,18,24,24,308,*70
$GPGSV,3,3,12,02,21,049,,21,11,035,,07,04,133,,06,02,163,*71
$GPRMC,180013.000,A,4535.3496,N,12235.5918,W,1.38,285.32,210324,,,A*78
$GPVTG,285.32,T,,M,1.38,N,2.5,K,N*01
$GPGGA,180018.000,4535.3524,N,12235.5940,W,6,00,50.0,-42.1,M,-19.3,M,,0000*48
$GPGSA,A,2,,,,,,,,,,,,,50.0,50.0,50.0*06
$GPGSV,3,1,12,17,75,113,,22,74,033,,19,56,189,16,14,54,067,16*72
$GPGSV,3,2,12,13,41,225,20,30,33,137,,15,30,267,17,24,25,308,16*72
$GPGSV,3,3,12,02,20,048,,21,11,035,,06,03,162,,07,03,133,*76
$GPRMC,180018.000,A,4535.3524,N,12235.5940,W,2.14,294.73,210324,,,E*7A
$GPVTG,294.73,T,,M,2.14,N,4.0,K,N*0A
$GPGGA,180023.000,4535.3508,N,12235.6004,W,1,03,4.8,-43.0,M,-19.3,M,,0000*79
$GPGSA,A,2,14,19,13,,,,,,,,,,4.9,4.8,1.0*3C
$GPGSV,3,1,12,17,75,113,,22,74,033,,19,56,189,16,14,54,067,16*72
$GPGSV,3,2,12,13,41,225,20,30,33,137,,15,30,267,17,24,25,308,15*71
$GPGSV,3,3,12,02,20,048,,21,11,035,,06,03,162,,07,03,133,*76
$GPVTG,331.30,T,,M,2.38,N,4.4,K,A*06
$GPGGA,180028.000,4535.3505,N,12235.5968,W,1,03,4.8,-42.9,M,-19.3,M,,0000*77
$GPGSA,A,2,14,19,13,,,,,,,,,,4.9,4.8,1.0*3C
$GPGSV,3,1,12,17,75,113,,22,74,033,,19,56,189,14,14,54,067,15*73
$GPGSV,3,2,12,13,41,225,20,30,33,137,,15,30,267,17,24,25,308,14*70
$GPGSV,3,3,12,02,20,048,,21,11,035,,06,03,162,,07,03,133,*76
$GPRMC,180028.000,A,4535.3505,N,12235.5968,W,3.29,356.69,210324,,,A*7F
$GPVTG,356.69,T,,M,3.29,N,6.1,K,A*0D
$GPGGA,180033.000,4535.3532,N,12235.5999,W,6,00,50.0,-40.3,M,-19.3,M,,0000*42
$GPGSA,A,2,,,,,,,,,,,,,50.0,50.0,50.0*06
$GPGSV,3,1,12,17,75,113,,22,74,033,,19,56,189,,14,54,067,14*77
$GPGSV,3,2,12,13,41,225,14,30,33,137,,15,30,267,17,24,25,308,14*77
$GPGSV,3,3,12,02,20,048,,21,11,035,,06,03,162,,07,03,133,*76
$GPRMC,180033.000,A,4535.3532,N,12235.5999,W,2.81,325.16,210324,,,E*74
$GPVTG,325.16,T,,M,2.81,N,5.2,K,N*0D
$GPGGA,180038.000,4535.3498,N,12235.5911,W,1,03,5.2,-40.2,M,-19.3,M,,0000*7F
$GPGSA,A,2,15,13,24,,,,,,,,,,5.3,5.2,1.0*33
$GPGSV,3,1,12,17,75,113,,22,74,033,,19,56,189,,14,54,067,*72
$GPGSV,3,2,12,13,41,225,17,30,33,137,,15,30,267,17,24,25,308,14*74
$GPGSV,3,3,12,02,20,048,,21,11,035,,06,03,162,,07,03,133,*76
$GPRMC,180038.000,A,4535.3498,N,12235.5911,W,2.07,163.35,210324,,,A*75
$GPVTG,163.35,T,,M,2.07,N,3.8,K,N*0E
$GPGGA,180043.000,4535.3472,N,12235.5907,W,6,00,50.0,-38.4,M,-19.3,M,,0000*4F
$GPGSA,A,2,,,,,,,,,,,,,50.0,50.0,50.0*06
$GPGSV,3,1,12,17,75,113,,22,74,033,,19,56,189,,14,54,067,*72
$GPGSV,3,2,12,13,41,225,18,30,33,137,,15,30,267,17,24,25,308,15*7A
$GPGSV,3,3,12,02,20,048,,21,11,035,,06,03,162,,07,03,133,*76
$GPRMC,180043.000,A,4535.3472,N,12235.5907,W,1.00,183.39,210324,,,E*78
$GPVTG,183.39,T,,M,1.00,N,1.9,K,N*0B
$GPGGA,180048.000,4535.3396,N,12235.5969,W,6,00,50.0,-37.4,M,-19.3,M,,0000*4E
$GPGSA,A,2,,,,,,,,,,,,,50.0,50.0,50.0*06
$GPGSV,3,1,12,17,75,113,,22,74,033,,19,56,189,,14,54,067,*72
$GPGSV,3,2,12,13,41,225,17,30,33,137,,15,30,267,15,24,25,308,15*77
$GPGSV,3,3,12,02,20,048,,21,11,035,,06,03,162,,07,03,133,*76
$GPVTG,219.77,T,,M,4.51,N,8.3,K,N*03
$GPGGA,180053.000,4535.3348,N,12235.6027,W,6,00,50.0,-37.1,M,-19.3,M,,0000*42
$GPGSA,A,2,,,,,,,,,,,,,50.0,50.0,50.0*06
$GPGSV,3,1,12,17,75,113,,22,74,033,,19,56,189,,14,54,067,*72
$GPGSV,3,2,12,13,41,225,,30,33,137,,15,30,267,,24,25,308,14*74
$GPGSV,3,3,12,02,20,048,,21,11,035,,06,03,162,,07,03,133,*76
$GPRMC,180053.000,A,4535.3348,N,12235.6027,W,4.51,219.77,210324,,,E*74
$GPVTG,219.77,T,,M,4.51,N,8.3,K,N*03
$GPGGA,180058.000,4535.3300,N,12235.6084,W,6,00,50.0,-36.9,M,-19.3,M,,0000*45
$GPGSA,A,2,,,,,,,,,,,,,50.0,50.0,50.0*06
$GPGSV,3,1,12,17,75,113,,22,74,033,,19,56,189,,14,54,067,*72
$GPGSV,3,2,12,13,41,225,,30,33,137,,15,30,267,16,24,25,308,*76
$GPGSV,3,3,12,02,20,048,,21,11,035,,06,03,162,,07,03,133,*76
$GPRMC,180058.000,A,4535.3300,N,12235.6084,W,4.51,219.77,210324,,,E*7A
$GPVTG,219.77,T,,M,4.51,N,8.3,K,N*03
$GPGGA,180138.000,4535.3282,N,12235.5734,W,6,00,50.0,-26.5,M,-19.3,M,,0000*4B
$GPGSA,A,2,,,,,,,,,,,,,50.0,50.0,50.0*06
$GPGSV,3,1,12,17,75,113,13,22,74,033,,19,56,189,,14,54,067,*70
$GPGSV,3,2,12,13,41,225,,30,33,137,,15,30,267,21,24,25,308,17*74
$GPGSV,3,3,12,02,20,048,,21,11,035,,06,03,162,,07,03,133,*76
$GPRMC,180138.000,A,4535.3282,N,12235.5734,W,0.72,269.66,210324,,,E*7B
$GPVTG,269.66,T,,M,0.72,N,1.3,K,N*08
$GPGGA,180143.000,4535.3304,N,12235.5857,W,1,03,2.6,-21.8,M,-19.3,M,,0000*7D
$GPGSA,A,2,24,17,15,,,,,,,,,,2.8,2.6,1.0*38
$GPGSV,3,1,12,17,75,113,14,22,74,033,,19,56,189,,14,54,067,*77
$GPGSV,3,2,12,13,41,225,,30,33,137,,15,30,267,21,24,25,308,18*7B
$GPGSV,3,3,12,02,20,048,,21,11,035,,06,03,162,,07,03,133,*76
$GPRMC,180143.000,A,4535.3304,N,12235.5857,W,0.54,284.73,210324,,,A*75
$GPVTG,284.73,T,,M,0.54,N,1.0,K,N*08
$GPGGA,180148.000,4535.3308,N,12235.5935,W,1,03,2.6,-18.3,M,-19.3,M,,0000*7E
$GPGSA,A,2,24,17,15,,,,,,,,,,2.8,2.6,1.0*38
$GPGSV,3,1,12,17,75,113,15,22,74,033,,19,56,189,,14,54,067,*76
$GPGSV,3,2,12,13,41,225,,30,33,137,,15,30,267,21,24,25,308,17*74
$GPGSV,3,3,12,02,20,048,,21,11,035,,06,03,162,,07,03,133,*76
$GPVTG,258.23,T,,M,2.28,N,4.2,K,N*02
$GPGGA,180153.000,4535.3404,N,12235.5940,W,1,03,2.6,-14.2,M,-19.3,M,,0000*70
$GPGSA,A,2,24,17,15,,,,,,,,,,2.8,2.6,1.0*38
$GPGSV,3,1,12,17,75,113,14,22,74,033,,19,56,189,,14,54,067,*77
$GPGSV,3,2,12,13,41,225,,30,33,137,,15,30,267,20,24,25,308,17*75
$GPGSV,3,3,12,02,20,048,,21,11,035,,06,03,162,,07,03,133,*76
$GPRMC,180153.000,A,4535.3404,N,12235.5940,W,2.60,329.81,210324,,,A*7A
$GPVTG,329.81,T,,M,2.60,N,4.8,K,N*0B
$GPGGA,180158.000,4535.3341,N,12235.5992,W,6,00,50.0,-12.8,M,-19.3,M,,0000*4B
$GPGSA,A,2,,,,,,,,,,,,,50.0,50.0,50.0*06
$GPGSV,3,1,12,17,75,113,,22,74,033,,19,56,189,,14,54,067,*72
$GPGSV,3,2,12,13,41,225,,30,33,137,,15,30,267,14,24,25,308,16*73
$GPGSV,3,3,12,02,20,048,,21,11,035,,06,03,162,,07,03,133,*76
$GPRMC,180158.000,A,4535.3341,N,12235.5992,W,4.12,211.29,210324,,,E*77
$GPVTG,211.29,T,,M,4.12,N,7.6,K,N*0D
$GPGGA,180203.000,4535.3292,N,12235.6034,W,6,00,50.0,-12.4,M,-19.3,M,,0000*43
$GPGSA,A,2,,,,,,,,,,,,,50.0,50.0,50.0*06
$GPGSV,3,1,12,17,75,113,,22,74,033,,19,56,189,,14,54,067,*72
$GPGSV,3,2,12,13,41,225,,30,33,137,,15,30,267,14,24,25,308,17*72
$GPGSV,3,3,12,02,20,048,,21,11,035,,06,03,162,,07,03,133,*76
$GPRMC,180203.000,A,4535.3292,N,12235.6034,W,4.12,211.29,210324,,,E*73
$GPVTG,211.29,T,,M,4.12,N,7.6,K,N*0D
$GPGGA,180208.000,4535.3244,N,12235.6076,W,6,00,50.0,-12.1,M,-19.3,M,,0000*40
$GPGSA,A,2,,,,,,,,,,,,,50.0,50.0,50.0*06
$GPGSV,3,1,12,17,75,113,,22,74,033,,19,56,189,,14,54,067,*72
$GPGSV,3,2,12,13,41,225,,30,33,137,,15,30,267,16,24,25,308,18*7F
$GPGSV,3,3,12,02,20,048,,21,11,035,,06,03,162,,07,03,133,*76
$GPRMC,180208.000,A,4535.3244,N,12235.6076,W,4.12,211.29,210324,,,E*75
$GPVTG,211.29,T,,M,4.12,N,7.6,K,N*0D
$GPGGA,180213.000,4535.3328,N,12235.5948,W,1,04,2.8,-37.2,M,-19.3,M,,0000*7E
$GPGSA,A,3,24,15,30,19,,,,,,,,,5.5,2.8,4.7*32
$GPGSV,3,1,12,17,75,113,,22,74,033,,19,56,189,18,14,54,067,*7B
$GPGSV,3,2,12,13,41,225,,30,33,137,18,15,30,267,16,24,25,308,19*77
$GPGSV,3,3,12,02,20,048,,21,11,035,,06,03,162,,07,03,133,*76
$GPVTG,111.37,T,,M,2.22,N,4.1,K,A*0F
$GPGGA,180218.000,4535.3324,N,12235.5945,W,6,00,50.0,-54.0,M,-19.3,M,,0000*4F
$GPGSA,A,2,,,,,,,,,,,,,50.0,50.0,50.0*06
$GPGSV,3,1,12,17,75,113,,22,74,033,,19,56,189,16,14,54,067,*75
$GPGSV,3,2,12,13,41,225,,30,33,137,18,15,30,267,13,24,25,308,11*7A
$GPGSV,3,3,12,02,20,048,,21,11,035,,06,03,162,,07,03,133,*76
$GPRMC,180218.000,A,4535.3324,N,12235.5945,W,1.25,104.70,210324,,,E*73
$GPVTG,104.70,T,,M,1.25,N,2.3,K,N*07
$GPGGA,180223.000,4535.3319,N,12235.6029,W,6,00,50.0,-51.6,M,-19.3,M,,0000*4A
$GPGSA,A,2,,,,,,,,,,,,,50.0,50.0,50.0*06
$GPGSV,3,1,12,17,75,113,,22,74,033,,19,56,189,16,14,54,067,*75
$GPGSV,3,2,12,13,41,225,,30,33,137,21,15,30,267,,24,25,308,14*77
$GPGSV,3,3,12,02,20,048,,21,11,035,,06,03,162,,07,03,133,*76
$GPRMC,180223.000,A,4535.3319,N,12235.6029,W,2.64,227.41,210324,,,E*73
$GPVTG,227.41,T,,M,2.64,N,4.9,K,N*0D
$GPGGA,180228.000,4535.3303,N,12235.6113,W,1,04,2.6,-28.6,M,-19.3,M,,0000*7E
$GPGSA,A,3,24,17,30,19,,,,,,,,,3.7,2.6,2.6*3D
$GPGSV,3,1,12,17,75,113,20,22,74,033,,19,56,189,17,14,54,067,*76
$GPGSV,3,2,12,13,41,225,,30,33,137,21,15,30,267,,24,25,308,16*75
$GPGSV,3,3,12,02,20,048,,21,11,035,,06,03,162,,07,03,133,*76
$GPRMC,180228.000,A,4535.3303,N,12235.6113,W,1.89,256.09,210324,,,A*75
$GPVTG,256.09,T,,M,1.89,N,3.5,K,A*03
$GPGGA,180233.000,4535.3215,N,12235.6185,W,1,04,2.6,-31.9,M,-19.3,M,,0000*7A
$GPGSA,A,3,24,17,30,19,,,,,,,,,3.7,2.6,2.6*3D
$GPGSV,3,1,12,17,75,113,19,22,74,033,,19,56,189,16,14,54,067,*7D
$GPGSV,3,2,12,13,41,225,,30,33,137,21,15,30,267,,24,25,308,17*74
$GPGSV,3,3,12,02,20,048,,21,11,035,,06,03,162,,07,03,133,*76
$GPRMC,180233.000,A,4535.3215,N,12235.6185,W,4.39,218.17,210324,,,A*7D
$GPVTG,218.17,T,,M,4.39,N,8.1,K,A*07
$GPGGA,180238.000,4535.3148,N,12235.6249,W,1,04,2.6,-25.3,M,-19.3,M,,0000*76
$GPGSA,A,3,24,17,30,19,,,,,,,,,3.7,2.6,2.6*3D
$GPGSV,3,1,12,17,75,113,13,22,74,033,,19,56,189,15,14,54,067,*74
$GPGSV,3,2,12,13,41,225,,30,33,137,20,15,30,267,,24,25,308,17*75
$GPGSV,3,3,12,02,20,048,,21,11,035,,06,03,162,,07,03,133,*76
$GPVTG,218.28,T,,M,8.20,N,15.2,K,A*30
$GPGGA,180243.000,4535.3065,N,12235.6347,W,6,00,50.0,-20.5,M,-19.3,M,,0000*4A
$GPGSA,A,2,,,,,,,,,,,,,50.0,50.0,50.0*06
$GPGSV,3,1,12,17,75,113,12,22,74,033,,19,56,189,,14,54,067,*71
$GPGSV,3,2,12,13,41,225,,30,33,137,20,15,30,267,,24,25,308,18*7A
$GPGSV,3,3,12,02,20,048,,21,11,035,,06,03,162,,07,03,133,*76
$GPRMC,180243.000,A,4535.3065,N,12235.6347,W,7.77,216.58,210324,,,E*7B
$GPVTG,216.58,T,,M,7.77,N,14.4,K,N*3C
$GPGGA,180248.000,4535.2979,N,12235.6438,W,6,00,50.0,-18.6,M,-19.3,M,,0000*43
$GPGSA,A,2,,,,,,,,,,,,,50.0,50.0,50.0*06
$GPGSV,3,1,12,17,75,113,,22,74,033,,19,56,189,,14,54,067,*72
$GPGSV,3,2,12,13,41,225,,30,33,137,21,15,30,267,,24,25,308,19*7A
$GPGSV,3,3,12,02,20,048,,21,11,035,,06,03,162,,07,03,133,*76
$GPRMC,180248.000,A,4535.2979,N,12235.6438,W,7.77,216.58,210324,,,E*7A
$GPVTG,216.58,T,,M,7.77,N,14.4,K,N*3C
$GPGGA,180253.000,4535.2892,N,12235.6530,W,6,00,50.0,-16.7,M,-19.3,M,,0000*4B
$GPGSA,A,2,,,,,,,,,,,,,50.0,50.0,50.0*06
$GPGSV,3,1,12,17,75,113,,22,74,033,,19,56,189,,14,54,067,*72
$GPGSV,3,2,12,13,41,225,,30,33,137,21,15,30,267,,24,25,308,20*70
$GPGSV,3,3,12,02,20,048,,21,11,035,,06,03,162,,07,03,133,*76
$GPRMC,180253.000,A,4535.2892,N,12235.6530,W,7.77,216.58,210324,,,E*7D
$GPVTG,216.58,T,,M,7.77,N,14.4,K,N*3C
$GPGGA,180308.000,4535.3363,N,12235.6040,W,1,03,2.5,-11.3,M,-19.3,M,,0000*77
$GPGSA,A,2,24,30,15,,,,,,,,,,2.7,2.5,1.0*31
$GPGSV,3,1,12,17,75,113,,22,74,033,,19,56,189,,14,54,067,*72
$GPGSV,3,2,12,13,41,225,,30,33,137,21,15,30,267,19,24,25,308,19*72
$GPGSV,3,3,12,02,20,048,,21,11,035,,06,03,162,,07,03,133,*76
$GPRMC,180308.000,A,4535.3363,N,12235.6040,W,7.90,46.75,210324,,,A*41
$GPVTG,46.75,T,,M,7.90,N,14.6,K,N*0F
$GPGGA,180313.000,4535.3465,N,12235.5986,W,1,03,2.5,-11.8,M,-19.3,M,,0000*77
$GPGSA,A,2,24,30,15,,,,,,,,,,2.7,2.5,1.0*31
$GPGSV,3,1,12,17,75,113,,22,74,033,,19,56,189,,14,54,067,*72
$GPGSV,3,2,12,13,41,225,,30,33,137,20,15,30,267,19,24,25,308,18*72
$GPGSV,3,3,12,02,20,048,,21,11,035,,06,03,162,,07,03,133,*76
$GPVTG,64.69,T,,M,1.79,N,3.3,K,N*30
$GPGGA,180318.000,4535.3462,N,12235.5957,W,6,00,50.0,-10.9,M,-19.3,M,,0000*41
$GPGSA,A,2,,,,,,,,,,,,,50.0,50.0,50.0*06
$GPGSV,3,1,12,17,75,108,,22,73,037,,19,58,189,,14,53,069,11*7C
$GPGSV,3,2,12,13,40,224,,30,32,137,19,15,30,265,,24,27,308,19*70
$GPGSV,3,3,12,02,20,047,,21,10,034,,06,04,162,,07,02,134,*78
$GPRMC,180318.000,A,4535.3462,N,12235.5957,W,0.86,129.83,210324,,,E*7F
$GPVTG,129.83,T,,M,0.86,N,1.6,K,N*0A
$GPGGA,180323.000,4535.3454,N,12235.5944,W,6,00,50.0,-10.2,M,-19.3,M,,0000*45
$GPGSA,A,2,,,,,,,,,,,,,50.0,50.0,50.0*06
$GPGSV,3,1,12,17,75,108,,22,73,037,,19,58,189,,14,53,069,*7C
$GPGSV,3,2,12,13,40,224,,30,32,137,18,15,30,265,,24,27,308,18*70
$GPGSV,3,3,12,02,20,047,,21,10,034,,06,04,162,,07,02,134,*78
$GPRMC,180323.000,A,4535.3454,N,12235.5944,W,0.86,129.83,210324,,,E*70
$GPVTG,129.83,T,,M,0.86,N,1.6,K,N*0A
$GPGGA,180328.000,4535.3354,N,12235.5991,W,1,03,2.5,-9.2,M,-19.3,M,,0000*4F
$GPGSA,A,2,24,15,30,,,,,,,,,,2.7,2.5,1.0*31
$GPGSV,3,1,12,17,75,108,,22,73,037,,19,58,189,,14,53,069,*7C
$GPGSV,3,2,12,13,40,224,,30,32,137,18,15,30,265,16,24,27,308,18*77
$GPGSV,3,3,12,02,20,047,,21,10,034,,06,04,162,,07,02,134,*78
$GPRMC,180328.000,A,4535.3354,N,12235.5991,W,4.39,172.24,210324,,,A*73
$GPVTG,172.24,T,,M,4.39,N,8.1,K,N*07
$GPGGA,180333.000,4535.3362,N,12235.5960,W,6,00,50.0,-8.8,M,-19.3,M,,0000*73
$GPGSA,A,2,,,,,,,,,,,,,50.0,50.0,50.0*06
$GPGSV,3,1,12,17,75,108,,22,73,037,,19,58,189,,14,53,069,*7C
$GPGSV,3,2,12,13,40,224,,30,32,137,17,15,30,265,17,24,27,308,18*79
$GPGSV,3,3,12,02,20,047,,21,10,034,,06,04,162,,07,02,134,*78
$GPRMC,180333.000,A,4535.3362,N,12235.5960,W,1.95,84.43,210324,,,E*4C
$GPVTG,84.43,T,,M,1.95,N,3.6,K,N*31
$GPGGA,180338.000,4535.3320,N,12235.6029,W,6,00,50.0,-8.4,M,-19.3,M,,0000*75
$GPGSA,A,2,,,,,,,,,,,,,50.0,50.0,50.0*06
$GPGSV,3,1,12,17,75,108,,22,73,037,,19,58,189,,14,53,069,*7C
$GPGSV,3,2,12,13,40,224,,30,32,137,,15,30,265,17,24,27,308,18*7F
$GPGSV,3,3,12,02,20,047,,21,10,034,,06,04,162,,07,02,134,*78
$GPVTG,226.10,T,,M,3.65,N,6.8,K,N*0B
$GPGGA,180343.000,4535.3285,N,12235.6081,W,6,00,50.0,-8.1,M,-19.3,M,,0000*70
$GPGSA,A,2,,,,,,,,,,,,,50.0,50.0,50.0*06
$GPGSV,3,1,12,17,75,108,,22,73,037,,19,58,189,,14,53,069,*7C
$GPGSV,3,2,12,13,40,224,,30,32,137,,15,30,265,15,24,27,308,17*72
$GPGSV,3,3,12,02,20,047,,21,10,034,,06,04,162,,07,02,134,*78
$GPRMC,180343.000,A,4535.3285,N,12235.6081,W,3.65,226.10,210324,,,E*77
$GPVTG,226.10,T,,M,3.65,N,6.8,K,N*0B
$GPGGA,180348.000,4535.3532,N,12235.5769,W,6,00,50.0,-6.9,M,-19.3,M,,0000*74
$GPGSA,A,2,,,,,,,,,,,,,50.0,50.0,50.0*06
$GPGSV,3,1,12,17,75,108,,22,73,037,,19,58,189,,14,53,069,*7C
$GPGSV,3,2,12,13,40,224,,30,32,137,14,15,30,265,,24,27,308,19*7D
$GPGSV,3,3,12,02,20,047,,21,10,034,,06,04,162,,07,02,134,*78
$GPRMC,180348.000,A,4535.3532,N,12235.5769,W,12.49,59.27,210324,,,E*75
$GPVTG,59.27,T,,M,12.49,N,23.1,K,N*35
$GPGGA,180353.000,4535.3620,N,12235.5557,W,6,00,50.0,-6.6,M,-19.3,M,,0000*7E
$GPGSA,A,2,,,,,,,,,,,,,50.0,50.0,50.0*06
$GPGSV,3,1,12,17,75,108,,22,73,037,,19,58,189,,14,53,069,*7C
$GPGSV,3,2,12,13,40,224,,30,32,137,,15,30,265,,24,27,308,19*78
$GPGSV,3,3,12,02,20,047,,21,10,034,,06,04,162,,07,02,134,*78
$GPRMC,180353.000,A,4535.3620,N,12235.5557,W,12.49,59.27,210324,,,E*70
$GPVTG,59.27,T,,M,12.49,N,23.1,K,N*35
$GPGGA,180358.000,4535.3709,N,12235.5344,W,6,00,50.0,-6.2,M,-19.3,M,,0000*7F
$GPGSA,A,2,,,,,,,,,,,,,50.0,50.0,50.0*06
$GPGSV,3,1,12,17,75,108,,22,73,037,,19,58,189,,14,53,069,17*7A
$GPGSV,3,2,12,13,40,224,,30,32,137,,15,30,265,,24,27,308,20*72
$GPGSV,3,3,12,02,20,047,,21,10,034,,06,04,162,,07,02,134,*78
$GPRMC,180358.000,A,4535.3709,N,12235.5344,W,12.49,59.27,210324,,,E*75
$GPVTG,59.27,T,,M,12.49,N,23.1,K,N*35
$GPGGA,180418.000,4535.3401,N,12235.5748,W,6,00,50.0,-7.7,M,-19.3,M,,0000*7B
$GPGSA,A,2,,,,,,,,,,,,,50.0,50.0,50.0*06
$GPGSV,3,1,12,17,75,108,,22,73,037,,19,58,189,,14,53,069,17*7A
$GPGSV,3,2,12,13,40,224,,30,32,137,,15,30,265,13,24,27,308,17*74
$GPGSV,3,3,12,02,20,047,,21,10,034,,06,04,162,,07,02,134,*78
$GPVTG,198.98,T,,M,5.82,N,10.8,K,N*35
$GPGGA,180423.000,4535.3410,N,12235.5817,W,1,03,2.5,-6.1,M,-19.3,M,,0000*47
$GPGSA,A,2,24,15,14,,,,,,,,,,2.7,2.5,1.0*37
$GPGSV,3,1,12,17,75,108,,22,73,037,,19,58,189,,14,53,069,16*7B
$GPGSV,3,2,12,13,40,224,,30,32,137,,15,30,265,14,24,27,308,17*73
$GPGSV,3,3,12,02,20,047,,21,10,034,,06,04,162,,07,02,134,*78
$GPRMC,180423.000,A,4535.3410,N,12235.5817,W,3.30,224.76,210324,,,A*7E
$GPVTG,224.76,T,,M,3.30,N,6.1,K,N*00
$GPGGA,180428.000,4535.3412,N,12235.5854,W,6,00,50.0,-5.3,M,-19.3,M,,0000*7E
$GPGSA,A,2,,,,,,,,,,,,,50.0,50.0,50.0*06
$GPGSV,3,1,12,17,75,108,,22,73,037,,19,58,189,,14,53,069,16*7B
$GPGSV,3,2,12,13,40,224,,30,32,137,,15,30,265,14,24,27,308,18*7C
$GPGSV,3,3,12,02,20,047,,21,10,034,,06,04,162,,07,02,134,*78
$GPRMC,180428.000,A,4535.3412,N,12235.5854,W,1.96,248.39,210324,,,E*7B
$GPVTG,248.39,T,,M,1.96,N,3.6,K,N*0D
$GPGGA,180433.000,4535.3385,N,12235.5807,W,1,03,2.5,-2.0,M,-19.3,M,,0000*49
$GPGSA,A,2,24,15,14,,,,,,,,,,2.7,2.5,1.0*37
$GPGSV,3,1,12,17,75,108,,22,73,037,,19,58,189,,14,53,069,15*78
$GPGSV,3,2,12,13,40,224,,30,32,137,,15,30,265,14,24,27,308,18*7C
$GPGSV,3,3,12,02,20,047,,21,10,034,,06,04,162,,07,02,134,*78
$GPRMC,180433.000,A,4535.3385,N,12235.5807,W,4.76,185.80,210324,,,A*71
$GPVTG,185.80,T,,M,4.76,N,8.8,K,N*03
$GPGGA,180438.000,4535.3408,N,12235.5860,W,1,03,4.4,-3.8,M,-19.3,M,,0000*4F
$GPGSA,A,2,14,17,30,,,,,,,,,,4.5,4.4,1.0*33
$GPGSV,3,1,12,17,75,108,17,22,73,037,,19,58,189,,14,53,069,14*7F
$GPGSV,3,2,12,13,40,224,,30,32,137,19,15,30,265,13,24,27,308,18*73
$GPGSV,3,3,12,02,20,047,,21,10,034,,06,04,162,,07,02,134,*78
$GPRMC,180438.000,A,4535.3408,N,12235.5860,W,4.48,268.32,210324,,,A*7D
$GPVTG,268.32,T,,M,4.48,N,8.3,K,A*03
$GPGGA,180443.000,4535.3416,N,12235.5957,W,1,03,2.0,-13.7,M,-19.3,M,,0000*75
$GPGSA,A,2,24,17,13,,,,,,,,,,2.2,2.0,1.0*32
$GPGSV,3,1,12,17,75,108,17,22,73,037,,19,58,189,,14,53,069,*7A
$GPGSV,3,2,12,13,40,224,13,30,32,137,,15,30,265,,24,27,308,18*7B
$GPGSV,3,3,12,02,20,047,,21,10,034,,06,04,162,,07,02,134,*78
$GPVTG,201.57,T,,M,0.93,N,1.7,K,N*0F
$GPGGA,180448.000,4535.3458,N,12235.5955,W,1,03,7.2,-1.6,M,-19.3,M,,0000*43
$GPGSA,A,2,24,30,17,,,,,,,,,,7.3,7.2,1.0*30
$GPGSV,3,1,12,17,75,108,17,22,73,037,,19,58,189,,14,53,069,15*7E
$GPGSV,3,2,12,13,40,224,,30,32,137,20,15,30,265,,24,27,308,18*7B
$GPGSV,3,3,12,02,20,047,,21,10,034,,06,04,162,,07,02,134,*78
$GPRMC,180448.000,A,4535.3458,N,12235.5955,W,2.84,51.80,210324,,,A*4F
$GPVTG,51.80,T,,M,2.84,N,5.3,K,A*39
$GPGGA,180453.000,4535.3572,N,12235.5783,W,1,04,2.6,2.1,M,-19.3,M,,0000*6A
$GPGSA,A,3,24,30,14,17,,,,,,,,,4.1,2.6,3.1*37
$GPGSV,3,1,12,17,75,108,16,22,73,037,,19,58,189,,14,53,069,15*7F
$GPGSV,3,2,12,13,40,224,,30,32,137,21,15,30,265,,24,27,308,19*7B
$GPGSV,3,3,12,02,20,047,,21,10,034,,06,04,162,,07,02,134,*78
$GPRMC,180453.000,A,4535.3572,N,12235.5783,W,10.01,61.77,210324,,,A*7C
$GPVTG,61.77,T,,M,10.01,N,18.5,K,N*39
$GPGGA,180458.000,4535.3770,N,12235.5401,W,1,04,2.6,-4.5,M,-19.3,M,,0000*47
$GPGSA,A,3,24,30,14,17,,,,,,,,,4.1,2.6,3.1*37
$GPGSV,3,1,12,17,75,108,16,22,73,037,,19,58,189,,14,53,069,14*7E
$GPGSV,3,2,12,13,40,224,,30,32,137,20,15,30,265,,24,27,308,19*7A
$GPGSV,3,3,12,02,20,047,,21,10,034,,06,04,162,,07,02,134,*78
$GPRMC,180458.000,A,4535.3770,N,12235.5401,W,16.27,58.30,210324,,,A*75
$GPVTG,58.30,T,,M,16.27,N,30.1,K,A*33
$GPGGA,180503.000,4535.3784,N,12235.5465,W,1,03,7.1,-12.2,M,-19.3,M,,0000*74
$GPGSA,A,2,24,30,17,,,,,,,,,,7.2,7.1,1.0*32
$GPGSV,3,1,12,17,75,108,16,22,73,037,,19,58,189,,14,53,069,14*7E
$GPGSV,3,2,12,13,40,224,,30,32,137,20,15,30,265,,24,27,308,20*70
$GPGSV,3,3,12,02,20,047,,21,10,034,,06,04,162,,07,02,134,*78
$GPRMC,180503.000,A,4535.3784,N,12235.5465,W,4.12,33.52,210324,,,A*4F
$GPVTG,33.52,T,,M,4.12,N,7.6,K,A*3C
$GPGGA,180508.000,4535.3773,N,12235.5509,W,6,00,50.0,-14.7,M,-19.3,M,,0000*48
$GPGSA,A,2,,,,,,,,,,,,,50.0,50.0,50.0*06
$GPGSV,3,1,12,17,75,108,16,22,73,037,,19,58,189,,14,53,069,15*7F
$GPGSV,3,2,12,13,40,224,,30,32,137,19,15,30,265,,24,27,308,20*7A
$GPGSV,3,3,12,02,20,047,,21,10,034,,06,04,162,,07,02,134,*78
$GPVTG,279.22,T,,M,0.68,N,1.3,K,N*02
$GPGGA,180513.000,4535.3719,N,12235.5550,W,1,03,2.3,-15.6,M,-19.3,M,,0000*72
$GPGSA,A,2,24,30,14,,,,,,,,,,2.5,2.3,1.0*34
$GPGSV,3,1,12,17,75,108,,22,73,037,,19,58,189,,14,53,069,15*78
$GPGSV,3,2,12,13,40,224,,30,32,137,18,15,30,265,,24,27,308,14*7C
$GPGSV,3,3,12,02,20,047,,21,10,034,,06,04,162,,07,02,134,*78
$GPRMC,180513.000,A,4535.3719,N,12235.5550,W,2.54,207.17,210324,,,A*7D
$GPVTG,207.17,T,,M,2.54,N,4.7,K,N*01
$GPGGA,180518.000,4535.3688,N,12235.5573,W,6,00,50.0,-16.9,M,-19.3,M,,0000*4D
$GPGSA,A,2,,,,,,,,,,,,,50.0,50.0,50.0*06
$GPGSV,3,1,12,17,75,108,,22,73,037,,19,58,189,,14,53,069,14*79
$GPGSV,3,2,12,13,40,224,,30,32,137,17,15,30,265,,24,27,308,18*7F
$GPGSV,3,3,12,02,20,047,,21,10,034,,06,04,162,,07,02,134,*78
$GPRMC,180518.000,A,4535.3688,N,12235.5573,W,2.54,207.17,210324,,,E*7A
$GPVTG,207.17,T,,M,2.54,N,4.7,K,N*01
$GPGGA,180523.000,4535.3748,N,12235.5567,W,1,03,2.3,-17.6,M,-19.3,M,,0000*73
$GPGSA,A,2,24,30,14,,,,,,,,,,2.5,2.3,1.0*34
$GPGSV,3,1,12,17,75,108,,22,73,037,,19,58,189,,14,53,069,14*79
$GPGSV,3,2,12,13,40,224,,30,32,137,17,15,30,265,,24,27,308,22*76
$GPGSV,3,3,12,02,20,047,,21,10,034,,06,04,162,,07,02,134,*78
$GPRMC,180523.000,A,4535.3748,N,12235.5567,W,3.01,37.76,210324,,,A*49
$GPVTG,37.76,T,,M,3.01,N,5.6,K,N*36
$GPGGA,180528.000,4535.3792,N,12235.5479,W,6,00,50.0,-17.4,M,-19.3,M,,0000*43
$GPGSA,A,2,,,,,,,,,,,,,50.0,50.0,50.0*06
$GPGSV,3,1,12,17,75,108,,22,73,037,,19,58,189,,14,53,069,15*78
$GPGSV,3,2,12,13,40,224,,30,32,137,17,15,30,265,,24,27,308,22*76
$GPGSV,3,3,12,02,20,047,,21,10,034,,06,04,162,,07,02,134,*78
$GPRMC,180528.000,A,4535.3792,N,12235.5479,W,5.49,42.96,210324,,,E*49
$GPVTG,42.96,T,,M,5.49,N,10.2,K,N*00
$GPGGA,180533.000,4535.3848,N,12235.5405,W,6,00,50.0,-18.0,M,-19.3,M,,0000*41
$GPGSA,A,2,,,,,,,,,,,,,50.0,50.0,50.0*06
$GPGSV,3,1,12,17,75,108,,22,73,037,,19,58,189,,14,53,069,15*78
$GPGSV,3,2,12,13,40,224,,30,32,137,16,15,30,265,,24,27,308,21*74
$GPGSV,3,3,12,02,20,047,,21,10,034,,06,04,162,,07,02,134,*78
$GPVTG,42.96,T,,M,5.49,N,10.2,K,N*00
$GPGGA,180538.000,4535.3904,N,12235.5331,W,6,00,50.0,-18.7,M,-19.3,M,,0000*44
$GPGSA,A,2,,,,,,,,,,,,,50.0,50.0,50.0*06
$GPGSV,3,1,12,17,75,108,,22,73,037,,19,58,189,,14,53,069,17*7A
$GPGSV,3,2,12,13,40,224,,30,32,137,16,15,30,265,,24,27,308,21*74
$GPGSV,3,3,12,02,20,047,,21,10,034,,06,04,162,,07,02,134,*78
$GPRMC,180538.000,A,4535.3904,N,12235.5331,W,5.49,42.96,210324,,,E*42
$GPVTG,42.96,T,,M,5.49,N,10.2,K,N*00
$GPGGA,180548.000,4535.3399,N,12235.5867,W,1,03,1.8,-12.7,M,-19.3,M,,0000*77
$GPGSA,A,2,24,14,19,,,,,,,,,,2.1,1.8,1.0*33
$GPGSV,3,1,12,17,75,108,,22,73,037,,19,58,189,16,14,53,069,20*79
$GPGSV,3,2,12,13,40,224,,30,32,137,,15,30,265,,24,27,308,21*73
$GPGSV,3,3,12,02,20,047,,21,10,034,,06,04,162,,07,02,134,*78
$GPRMC,180548.000,A,4535.3399,N,12235.5867,W,9.28,217.64,210324,,,A*73
$GPVTG,217.64,T,,M,9.28,N,17.2,K,N*33
$GPGGA,180553.000,4535.3416,N,12235.5935,W,6,00,50.0,-11.5,M,-19.3,M,,0000*42
$GPGSA,A,2,,,,,,,,,,,,,50.0,50.0,50.0*06
$GPGSV,3,1,12,17,75,108,,22,73,037,,19,58,189,17,14,53,069,20*78
$GPGSV,3,2,12,13,40,224,,30,32,137,,15,30,265,,24,27,308,21*73
$GPGSV,3,3,12,02,20,047,,21,10,034,,06,04,162,,07,02,134,*78
$GPRMC,180553.000,A,4535.3416,N,12235.5935,W,2.96,249.42,210324,,,E*7A
$GPVTG,249.42,T,,M,2.96,N,5.5,K,N*06
$GPGGA,180558.000,4535.3486,N,12235.5938,W,1,03,1.8,-10.2,M,-19.3,M,,0000*73
$GPGSA,A,2,24,14,19,,,,,,,,,,2.1,1.8,1.0*33
$GPGSV,3,1,12,17,75,108,,22,73,037,,19,58,189,18,14,53,069,20*77
$GPGSV,3,2,12,13,40,224,,30,32,137,,15,30,265,,24,27,308,20*72
$GPGSV,3,3,12,02,20,047,,21,10,034,,06,04,162,,07,02,134,*78
$GPRMC,180558.000,A,4535.3486,N,12235.5938,W,0.46,301.13,210324,,,A*77
$GPVTG,301.13,T,,M,0.46,N,0.8,K,N*08
$GPGGA,180603.000,4535.3467,N,12235.5951,W,1,04,1.7,1.0,M,-19.3,M,,0000*69
$GPGSA,A,3,24,14,19,30,,,,,,,,,3.6,1.7,3.2*38
$GPGSV,3,1,12,17,75,108,17,22,73,037,,19,58,189,18,14,53,069,21*70
$GPGSV,3,2,12,13,40,224,,30,32,137,17,15,30,265,,24,27,308,20*74
$GPGSV,3,3,12,02,20,047,,21,10,034,,06,04,162,,07,02,134,*78
$GPVTG,194.00,T,,M,0.76,N,1.4,K,A*05
$GPGGA,180608.000,4535.3483,N,12235.5989,W,1,05,1.7,12.2,M,-19.3,M,,0000*5C
$GPGSA,A,3,24,17,14,19,30,,,,,,,,3.0,1.7,2.4*3F
$GPGSV,3,1,12,17,75,108,17,22,73,037,,19,58,189,18,14,53,069,21*70
$GPGSV,3,2,12,13,40,224,,30,32,137,17,15,30,265,,24,27,308,21*75
$GPGSV,3,3,12,02,20,047,,21,10,034,,06,04,162,,07,02,134,*78
$GPRMC,180608.000,A,4535.3483,N,12235.5989,W,0.73,326.18,210324,,,A*76
$GPVTG,326.18,T,,M,0.73,N,1.4,K,A*02
$GPGGA,180613.000,4535.3493,N,12235.5971,W,1,04,3.2,9.7,M,-19.3,M,,0000*69
$GPGSA,A,3,24,17,14,19,,,,,,,,,8.2,3.2,7.6*35
$GPGSV,3,1,12,17,75,108,18,22,73,037,,19,58,189,18,14,53,069,22*7C
$GPGSV,3,2,12,13,40,224,,30,32,137,17,15,30,265,,24,27,308,21*75
$GPGSV,3,3,12,02,20,047,,21,10,034,,06,04,162,,07,02,134,*78
$GPRMC,180613.000,A,4535.3493,N,12235.5971,W,1.82,16.66,210324,,,A*4C
$GPVTG,16.66,T,,M,1.82,N,3.4,K,A*36
$GPGGA,180618.000,4535.3469,N,12235.5964,W,1,05,2.5,15.0,M,-19.3,M,,0000*5E
$GPGSA,A,3,24,17,14,19,13,,,,,,,,6.3,2.5,5.8*32
$GPGSV,3,1,12,17,74,102,18,22,72,040,,19,59,189,18,14,52,070,22*7E
$GPGSV,3,2,12,13,38,223,19,30,30,138,16,15,29,264,,24,28,308,21*7F
$GPGSV,3,3,12,02,20,046,,21,09,033,,06,06,161,,07,01,134,*74
$GPRMC,180618.000,A,4535.3469,N,12235.5964,W,0.96,80.18,210324,,,A*44
$GPVTG,80.18,T,,M,0.96,N,1.8,K,A*3A
$GPGGA,180623.000,4535.3469,N,12235.5976,W,1,06,2.4,18.3,M,-19.3,M,,0000*59
$GPGSA,A,3,24,17,14,19,13,15,,,,,,,6.3,2.4,5.8*37
$GPGSV,3,1,12,17,74,102,18,22,72,040,,19,59,189,18,14,52,070,22*7E
$GPGSV,3,2,12,13,38,223,20,30,30,138,,15,29,264,20,24,28,308,21*70
$GPGSV,3,3,12,02,20,046,,21,09,033,,06,06,161,,07,01,134,*74
$GPRMC,180623.000,A,4535.3469,N,12235.5976,W,1.32,71.37,210324,,,A*43
$GPVTG,71.37,T,,M,1.32,N,2.5,K,A*38
$GPGGA,180628.000,4535.3461,N,12235.5969,W,1,08,1.4,22.5,M,-19.3,M,,0000*56
$GPGSA,A,3,24,17,14,19,13,22,15,02,,,,,2.5,1.4,2.1*3A
$GPGSV,3,1,12,17,74,102,17,22,72,040,15,19,59,189,18,14,52,070,21*76
$GPGSV,3,2,12,13,38,223,20,30,30,138,,15,29,264,20,24,28,308,20*71
$GPRMC,180628.000,A,4535.3461,N,12235.5969,W,1.35,331.58,210324,,,A*77
$GPVTG,331.58,T,,M,1.35,N,2.5,K,A*01
$GPGGA,180633.000,4535.3447,N,12235.6013,W,1,08,1.0,24.3,M,-19.3,M,,0000*5B
$GPGSA,A,3,24,14,19,13,22,15,02,30,,,,,2.1,1.0,1.8*35
$GPGSV,3,1,12,17,74,102,17,22,72,040,14,19,59,189,18,14,52,070,21*77
$GPGSV,3,2,12,13,38,223,20,30,30,138,16,15,29,264,20,24,28,308,20*76
$GPGSV,3,3,12,02,20,046,16,21,09,033,,06,06,161,,07,01,134,*73
$GPRMC,180633.000,A,4535.3447,N,12235.6013,W,0.97,287.21,210324,,,A*75
$GPGGA,180638.000,4535.3453,N,12235.6020,W,1,08,1.0,29.8,M,-19.3,M,,0000*53
$GPGSA,A,3,24,17,14,19,13,15,02,30,,,,,2.2,1.0,1.9*31
$GPGSV,3,1,12,17,74,102,17,22,72,040,,19,59,189,17,14,52,070,21*7D
$GPGSV,3,2,12,13,38,223,19,30,30,138,16,15,29,264,19,24,28,308,20*76
$GPGSV,3,3,12,02,20,046,16,21,09,033,,06,06,161,,07,01,134,*73
$GPRMC,180638.000,A,4535.3453,N,12235.6020,W,1.35,11.28,210324,,,A*46
$GPVTG,11.28,T,,M,1.35,N,2.5,K,A*37
$GPGGA,180643.000,4535.3447,N,12235.6030,W,1,04,2.6,32.2,M,-19.3,M,,0000*52
$GPGSA,A,3,24,14,15,02,,,,,,,,,4.8,2.6,4.0*3B
$GPGSV,3,1,12,17,74,102,16,22,72,040,,19,59,189,16,14,52,070,21*7D
$GPGSV,3,2,12,13,38,223,18,30,30,138,16,15,29,264,19,24,28,308,19*7D
$GPGSV,3,3,12,02,20,046,16,21,09,033,,06,06,161,,07,01,134,*73
$GPRMC,180643.000,A,4535.3447,N,12235.6030,W,0.37,187.60,210324,,,A*7F
$GPVTG,187.60,T,,M,0.37,N,0.7,K,A*06
$GPGGA,180648.000,4535.3450,N,12235.6029,W,1,04,2.6,35.4,M,-19.3,M,,0000*56
$GPGSA,A,3,24,14,15,02,,,,,,,,,4.8,2.6,4.0*3B
$GPGSV,3,1,12,17,74,102,15,22,72,040,,19,59,189,14,14,52,070,20*7D
$GPGSV,3,2,12,13,38,223,17,30,30,138,,15,29,264,18,24,28,308,19*74
$GPGSV,3,3,12,02,20,046,16,21,09,033,,06,06,161,,07,01,134,*73
$GPRMC,180648.000,A,4535.3450,N,12235.6029,W,2.80,2.75,210324,,,A*7C
$GPVTG,2.75,T,,M,2.80,N,5.2,K,A*00
$GPGGA,180653.000,4535.3450,N,12235.6014,W,1,04,1.6,47.0,M,-19.3,M,,0000*50
$GPGSA,A,3,24,14,13,15,,,,,,,,,1.9,1.6,1.0*39
$GPGSV,3,1,12,17,74,102,13,22,72,040,,19,59,189,,14,52,070,19*74
$GPGSV,3,2,12,13,38,223,15,30,30,138,,15,29,264,18,24,28,308,19*76
$GPGSV,3,3,12,02,20,046,16,21,09,033,,06,06,161,,07,01,134,*73
$GPRMC,180653.000,A,4535.3450,N,12235.6014,W,1.56,252.25,210324,,,A*72
$GPVTG,252.25,T,,M,1.56,N,2.9,K,A*06
$GPGGA,180658.000,4535.3439,N,12235.6033,W,1,04,1.6,50.9,M,-19.3,M,,0000*5E
$GPGSA,A,3,24,14,13,15,,,,,,,,,1.9,1.6,1.0*39
$GPGSV,3,1,12,17,74,102,,22,72,040,,19,59,189,,14,52,070,18*77
$GPGSV,3,2,12,13,38,223,15,30,30,138,,15,29,264,17,24,28,308,19*79
$GPGSV,3,3,12,02,20,046,,21,09,033,,06,06,161,,07,01,134,*74
$GPVTG,240.10,T,,M,1.13,N,2.1,K,A*0A
$GPGGA,180703.000,4535.3382,N,12235.6035,W,1,03,4.9,50.3,M,-19.3,M,,0000*57
$GPGSA,A,2,24,13,15,,,,,,,,,,5.0,4.9,1.0*3A
$GPGSV,3,1,12,17,74,102,,22,72,040,,19,59,189,,14,52,070,11*7E
$GPGSV,3,2,12,13,38,223,14,30,30,138,,15,29,264,15,24,28,308,15*76
$GPGSV,3,3,12,02,20,046,,21,09,033,,06,06,161,,07,01,134,*74
$GPRMC,180703.000,A,4535.3382,N,12235.6035,W,1.89,253.12,210324,,,A*7A
$GPVTG,253.12,T,,M,1.89,N,3.5,K,N*03
$GPGGA,180708.000,4535.3375,N,12235.6071,W,6,00,50.0,53.1,M,-19.3,M,,0000*69
$GPGSA,A,2,,,,,,,,,,,,,50.0,50.0,50.0*06
$GPGSV,3,1,12,17,74,102,,22,72,040,,19,59,189,,14,52,070,*7E
$GPGSV,3,2,12,13,38,223,,30,30,138,,15,29,264,,24,28,308,14*76
$GPGSV,3,3,12,02,20,046,,21,09,033,,06,06,161,,07,01,134,*74
$GPRMC,180708.000,A,4535.3375,N,12235.6071,W,1.89,253.12,210324,,,E*7D
$GPVTG,253.12,T,,M,1.89,N,3.5,K,N*03
$GPGGA,180713.000,4535.3367,N,12235.6106,W,6,00,50.0,56.0,M,-19.3,M,,0000*65
$GPGSA,A,2,,,,,,,,,,,,,50.0,50.0,50.0*06
$GPGSV,3,1,12,17,74,102,,22,72,040,,19,59,189,,14,52,070,*7E
$GPGSV,3,2,12,13,38,223,,30,30,138,22,15,29,264,,24,28,308,15*77
$GPGSV,3,3,12,02,20,046,,21,09,033,,06,06,161,,07,01,134,*74
$GPRMC,180713.000,A,4535.3367,N,12235.6106,W,1.89,253.12,210324,,,E*75
$GPVTG,253.12,T,,M,1.89,N,3.5,K,N*03
$GPGGA,180723.000,4535.3429,N,12235.5969,W,6,00,50.0,60.7,M,-19.3,M,,0000*6B
$GPGSA,A,2,,,,,,,,,,,,,50.0,50.0,50.0*06
$GPGSV,3,1,12,17,74,102,,22,72,040,,19,59,189,,14,52,070,*7E
$GPGSV,3,2,12,13,38,223,,30,30,138,,15,29,264,,24,28,308,14*76
$GPGSV,3,3,12,02,20,046,,21,09,033,,06,06,161,,07,01,134,*74
$GPRMC,180723.000,A,4535.3429,N,12235.5969,W,3.14,4.68,210324,,,E*72
$GPVTG,4.68,T,,M,3.14,N,5.8,K,N*03
$GPGGA,180728.000,4535.3472,N,12235.5964,W,6,00,50.0,63.1,M,-19.3,M,,0000*66
$GPGSA,A,2,,,,,,,,,,,,,50.0,50.0,50.0*06
$GPGSV,3,1,12,17,74,102,,22,72,040,,19,59,189,,14,52,070,*7E
$GPGSV,3,2,12,13,38,223,,30,30,138,,15,29,264,,24,28,308,13*71
$GPGSV,3,3,12,02,20,046,,21,09,033,,06,06,161,,07,01,134,*74
$GPRMC,180728.000,A,4535.3472,N,12235.5964,W,3.14,4.68,210324,,,E*7A
$GPGGA,180733.000,4535.3516,N,12235.5959,W,6,00,50.0,65.6,M,-19.3,M,,0000*60
$GPGSA,A,2,,,,,,,,,,,,,50.0,50.0,50.0*06
$GPGSV,3,1,12,17,74,102,,22,72,040,,19,59,189,,14,52,070,*7E
$GPGSV,3,2,12,13,38,223,,30,30,138,,15,29,264,,24,28,308,*73
$GPGSV,3,3,12,02,20,046,,21,09,033,,06,06,161,,07,01,134,*74
$GPRMC,180733.000,A,4535.3516,N,12235.5959,W,3.14,4.68,210324,,,E*7D
$GPVTG,4.68,T,,M,3.14,N,5.8,K,N*03
$GPGGA,180803.000,4535.3019,N,12235.6324,W,1,03,2.9,69.2,M,-19.3,M,,0000*57
$GPGSA,A,2,15,13,17,,,,,,,,,,3.1,2.9,1.0*3B
$GPGSV,3,1,12,17,74,102,20,22,72,040,,19,59,189,,14,52,070,*7C
$GPGSV,3,2,12,13,38,223,19,30,30,138,,15,29,264,14,24,28,308,*7E
$GPGSV,3,3,12,02,20,046,,21,09,033,,06,06,161,,07,01,134,*74
$GPRMC,180803.000,A,4535.3019,N,12235.6324,W,1.74,280.60,210324,,,A*7E
$GPVTG,280.60,T,,M,1.74,N,3.2,K,N*0D
$GPGGA,180808.000,4535.3135,N,12235.6287,W,1,04,2.1,53.4,M,-19.3,M,,0000*5B
$GPGSA,A,3,15,13,22,19,,,,,,,,,2.4,2.1,1.0*38
$GPGSV,3,1,12,17,74,102,18,22,72,040,16,19,59,189,18,14,52,070,16*7E
$GPGSV,3,2,12,13,38,223,22,30,30,138,,15,29,264,18,24,28,308,*7A
$GPGSV,3,3,12,02,20,046,,21,09,033,,06,06,161,,07,01,134,*74
$GPRMC,180808.000,A,4535.3135,N,12235.6287,W,1.53,350.05,210324,,,A*78
$GPVTG,350.05,T,,M,1.53,N,2.8,K,A*03
$GPGGA,180813.000,4535.3147,N,12235.6181,W,1,07,1.2,19.0,M,-19.3,M,,0000*58
$GPGSA,A,3,15,13,17,14,19,30,24,,,,,,2.7,1.2,2.4*3A
$GPGSV,3,1,12,17,74,102,18,22,72,040,,19,59,189,15,14,52,070,15*77
$GPGSV,3,2,12,13,38,223,13,30,30,138,14,15,29,264,17,24,28,308,15*76
$GPGSV,3,3,12,02,20,046,,21,09,033,,06,06,161,,07,01,134,*74
$GPRMC,180813.000,A,4535.3147,N,12235.6181,W,2.59,219.72,210324,,,A*77
$GPVTG,219.72,T,,M,2.59,N,4.8,K,A*00
$GPGGA,180818.000,4535.3083,N,12235.6211,W,6,00,50.0,14.4,M,-19.3,M,,0000*6F
$GPGSA,A,2,,,,,,,,,,,,,50.0,50.0,50.0*06
$GPGSV,3,1,12,17,74,102,,22,72,040,,19,59,189,,14,52,070,*7E
$GPGSV,3,2,12,13,38,223,13,30,30,138,13,15,29,264,16,24,28,308,14*71
$GPGSV,3,3,12,02,20,046,,21,09,033,,06,06,161,,07,01,134,*74
$GPVTG,204.61,T,,M,4.84,N,9.0,K,N*02
$GPGGA,180823.000,4535.3133,N,12235.6269,W,1,03,4.8,12.4,M,-19.3,M,,0000*59
$GPGSA,A,2,15,13,24,,,,,,,,,,4.9,4.8,1.0*33
$GPGSV,3,1,12,17,74,102,,22,72,040,,19,59,189,,14,52,070,*7E
$GPGSV,3,2,12,13,38,223,13,30,30,138,,15,29,264,15,24,28,308,13*77
$GPGSV,3,3,12,02,20,046,,21,09,033,,06,06,161,,07,01,134,*74
$GPRMC,180823.000,A,4535.3133,N,12235.6269,W,2.61,291.37,210324,,,A*78
$GPVTG,291.37,T,,M,2.61,N,4.8,K,N*05
$GPGGA,180828.000,4535.3181,N,12235.6222,W,6,00,50.0,11.1,M,-19.3,M,,0000*6F
$GPGSA,A,2,,,,,,,,,,,,,50.0,50.0,50.0*06
$GPGSV,3,1,12,17,74,102,,22,72,040,,19,59,189,,14,52,070,*7E
$GPGSV,3,2,12,13,38,223,13,30,30,138,,15,29,264,14,24,28,308,*74
$GPGSV,3,3,12,02,20,046,,21,09,033,,06,06,161,,07,01,134,*74
$GPRMC,180828.000,A,4535.3181,N,12235.6222,W,2.96,35.04,210324,,,E*45
$GPVTG,35.04,T,,M,2.96,N,5.5,K,N*3D
$GPGGA,180833.000,4535.3215,N,12235.6189,W,6,00,50.0,9.8,M,-19.3,M,,0000*59
$GPGSA,A,2,,,,,,,,,,,,,50.0,50.0,50.0*06
$GPGSV,3,1,12,17,74,102,,22,72,040,,19,59,189,,14,52,070,*7E
$GPGSV,3,2,12,13,38,223,,30,30,138,,15,29,264,13,24,28,308,*71
$GPGSV,3,3,12,02,20,046,,21,09,033,,06,06,161,,07,01,134,*74
$GPRMC,180833.000,A,4535.3215,N,12235.6189,W,2.96,35.04,210324,,,E*43
$GPVTG,35.04,T,,M,2.96,N,5.5,K,N*3D
$GPGGA,180838.000,4535.3248,N,12235.6155,W,6,00,50.0,8.4,M,-19.3,M,,0000*56
$GPGSA,A,2,,,,,,,,,,,,,50.0,50.0,50.0*06
$GPGSV,3,1,12,17,74,102,,22,72,040,,19,59,189,,14,52,070,*7E
$GPGSV,3,2,12,13,38,223,,30,30,138,,15,29,264,,24,28,308,*73
$GPGSV,3,3,12,02,20,046,,21,09,033,,06,06,161,,07,01,134,*74
$GPRMC,180838.000,A,4535.3248,N,12235.6155,W,2.96,35.04,210324,,,E*41
$GPVTG,35.04,T,,M,2.96,N,5.5,K,N*3D
$GPGGA,180918.000,4535.3737,N,12235.6938,W,1,03,5.6,2.3,M,-19.3,M,,0000*64
$GPGSA,A,2,22,14,13,,,,,,,,,,5.7,5.6,1.0*34
$GPGSV,3,1,12,17,74,097,,22,71,043,17,19,61,189,19,14,51,071,16*73
$GPGSV,3,2,12,13,37,222,20,30,29,138,,24,29,307,,15,28,262,*7E
$GPGSV,3,3,12,02,19,044,,21,09,032,,06,07,161,,07,00,134,*7D
$GPVTG,321.87,T,,M,4.39,N,8.1,K,N*0A
$GPGGA,180923.000,4535.3353,N,12235.6760,W,1,04,4.6,46.6,M,-19.3,M,,0000*5A
$GPGSA,A,3,22,14,13,02,,,,,,,,,5.2,4.6,2.4*34
$GPGSV,3,1,12,17,74,097,,22,71,043,15,19,61,189,18,14,51,071,16*70
$GPGSV,3,2,12,13,37,222,19,30,29,138,14,24,29,307,17,15,28,262,16*70
$GPGSV,3,3,12,02,19,044,17,21,09,032,,06,07,161,,07,00,134,*7B
$GPRMC,180923.000,A,4535.3353,N,12235.6760,W,2.72,197.23,210324,,,A*73
$GPVTG,197.23,T,,M,2.72,N,5.0,K,A*01
$GPGGA,180928.000,4535.3202,N,12235.6640,W,1,03,7.0,51.9,M,-19.3,M,,0000*5C
$GPGSA,A,2,14,19,02,,,,,,,,,,7.0,7.0,1.0*3D
$GPGSV,3,1,12,17,74,097,,22,71,043,,19,61,189,17,14,51,071,15*78
$GPGSV,3,2,12,13,37,222,,30,29,138,15,24,29,307,,15,28,262,*78
$GPGSV,3,3,12,02,19,044,16,21,09,032,,06,07,161,,07,00,134,*7A
$GPRMC,180928.000,A,4535.3202,N,12235.6640,W,2.04,184.02,210324,,,A*7E
$GPVTG,184.02,T,,M,2.04,N,3.8,K,A*0F
$GPGGA,180933.000,4535.3162,N,12235.6659,W,6,00,50.0,53.0,M,-19.3,M,,0000*66
$GPGSA,A,2,,,,,,,,,,,,,50.0,50.0,50.0*06
$GPGSV,3,1,12,17,74,097,,22,71,043,,19,61,189,,14,51,071,*7A
$GPGSV,3,2,12,13,37,222,,30,29,138,,24,29,307,,15,28,262,*7C
$GPGSV,3,3,12,02,19,044,,21,09,032,,06,07,161,,07,00,134,*7D
$GPRMC,180933.000,A,4535.3162,N,12235.6659,W,2.67,195.20,210324,,,E*78
$GPVTG,195.20,T,,M,2.67,N,4.9,K,N*03
$GPGGA,180938.000,4535.3126,N,12235.6673,W,6,00,50.0,53.5,M,-19.3,M,,0000*60
$GPGSA,A,2,,,,,,,,,,,,,50.0,50.0,50.0*06
$GPGSV,3,1,12,17,74,097,,22,71,043,,19,61,189,,14,51,071,*7A
$GPGSV,3,2,12,13,37,222,,30,29,138,,24,29,307,,15,28,262,*7C
$GPGSV,3,3,12,02,19,044,,21,09,032,,06,07,161,,07,00,134,*7D
$GPRMC,180938.000,A,4535.3126,N,12235.6673,W,2.67,195.20,210324,,,E*7B
$GPVTG,195.20,T,,M,2.67,N,4.9,K,N*03
$GPGGA,180943.000,4535.3090,N,12235.6687,W,6,00,50.0,54.0,M,-19.3,M,,0000*69
$GPGSA,A,2,,,,,,,,,,,,,50.0,50.0,50.0*06
$GPGSV,3,1,12,17,74,097,,22,71,043,,19,61,189,,14,51,071,*7A
$GPGSV,3,2,12,13,37,222,,30,29,138,,24,29,307,,15,28,262,*7C
$GPGSV,3,3,12,02,19,044,,21,09,032,,06,07,161,,07,00,134,*7D
$GPVTG,195.20,T,,M,2.67,N,4.9,K,N*03
$GPGGA,180953.000,4535.3383,N,12235.6915,W,1,04,4.1,53.4,M,-19.3,M,,0000*5D
$GPGSA,A,3,19,13,02,14,,,,,,,,,4.2,4.1,1.0*3D
$GPGSV,3,1,12,17,74,097,,22,71,043,,19,61,189,14,14,51,071,15*7B
$GPGSV,3,2,12,13,37,222,14,30,29,138,,24,29,307,,15,28,262,*79
$GPGSV,3,3,12,02,19,044,13,21,09,032,,06,07,161,,07,00,134,*7F
$GPRMC,180953.000,A,4535.3383,N,12235.6915,W,7.92,311.03,210324,,,A*70
$GPVTG,311.03,T,,M,7.92,N,14.7,K,A*33
$GPGGA,180958.000,4535.3378,N,12235.6879,W,1,03,5.1,52.8,M,-19.3,M,,0000*52
$GPGSA,A,2,13,02,14,,,,,,,,,,5.2,5.1,1.0*34
$GPGSV,3,1,12,17,74,097,,22,71,043,,19,61,189,,14,51,071,14*7F
$GPGSV,3,2,12,13,37,222,14,30,29,138,,24,29,307,,15,28,262,*79
$GPGSV,3,3,12,02,19,044,13,21,09,032,,06,07,161,,07,00,134,*7F
$GPRMC,180958.000,A,4535.3378,N,12235.6879,W,1.21,280.70,210324,,,A*77
$GPVTG,280.70,T,,M,1.21,N,2.2,K,N*0D
$GPGGA,181003.000,4535.3266,N,12235.6726,W,6,00,50.0,52.8,M,-19.3,M,,0000*6A
$GPGSA,A,2,,,,,,,,,,,,,50.0,50.0,50.0*06
$GPGSV,3,1,12,17,74,097,,22,71,043,,19,61,189,,14,51,071,13*78
$GPGSV,3,2,12,13,37,222,15,30,29,138,,24,29,307,,15,28,262,*78
$GPGSV,3,3,12,02,19,044,,21,09,032,,06,07,161,,07,00,134,*7D
$GPRMC,181003.000,A,4535.3266,N,12235.6726,W,4.25,131.69,210324,,,E*7E
$GPVTG,131.69,T,,M,4.25,N,7.9,K,N*03
$GPGGA,181008.000,4535.3227,N,12235.6663,W,6,00,50.0,52.9,M,-19.3,M,,0000*65
$GPGSA,A,2,,,,,,,,,,,,,50.0,50.0,50.0*06
$GPGSV,3,1,12,17,74,097,,22,71,043,,19,61,189,,14,51,071,*7A
$GPGSV,3,2,12,13,37,222,15,30,29,138,,24,29,307,,15,28,262,*78
$GPGSV,3,3,12,02,19,044,,21,09,032,,06,07,161,,07,00,134,*7D
$GPRMC,181008.000,A,4535.3227,N,12235.6663,W,4.25,131.69,210324,,,E*70
$GPVTG,131.69,T,,M,4.25,N,7.9,K,N*03
$GPGGA,181013.000,4535.3187,N,12235.6600,W,6,00,50.0,53.0,M,-19.3,M,,0000*6B
$GPGSA,A,2,,,,,,,,,,,,,50.0,50.0,50.0*06
$GPGSV,3,1,12,17,74,097,,22,71,043,13,19,61,189,,14,51,071,*78
$GPGSV,3,2,12,13,37,222,15,30,29,138,,24,29,307,,15,28,262,*78
$GPGSV,3,3,12,02,19,044,,21,09,032,,06,07,161,,07,00,134,*7D
$GPRMC,181013.000,A,4535.3187,N,12235.6600,W,4.25,131.69,210324,,,E*76
$GPGGA,181018.000,4535.3199,N,12235.6658,W,1,04,3.6,43.1,M,-19.3,M,,0000*51
$GPGSA,A,3,13,15,02,19,,,,,,,,,6.9,3.6,5.9*38
$GPGSV,3,1,12,17,74,097,,22,71,043,,19,61,189,15,14,51,071,*7E
$GPGSV,3,2,12,13,37,222,14,30,29,138,,24,29,307,,15,28,262,14*7C
$GPGSV,3,3,12,02,19,044,12,21,09,032,,06,07,161,,07,00,134,*7E
$GPRMC,181018.000,A,4535.3199,N,12235.6658,W,3.67,203.81,210324,,,A*7E
$GPVTG,203.81,T,,M,3.67,N,6.8,K,A*09
$GPGGA,181023.000,4535.3155,N,12235.6681,W,6,00,50.0,48.5,M,-19.3,M,,0000*61
$GPGSA,A,2,,,,,,,,,,,,,50.0,50.0,50.0*06
$GPGSV,3,1,12,17,74,097,,22,71,043,,19,61,189,,14,51,071,*7A
$GPGSV,3,2,12,13,37,222,,30,29,138,,24,29,307,,15,28,262,13*7E
$GPGSV,3,3,12,02,19,044,,21,09,032,,06,07,161,,07,00,134,*7D
$GPRMC,181023.000,A,4535.3155,N,12235.6681,W,4.69,191.78,210324,,,E*71
$GPVTG,191.78,T,,M,4.69,N,8.7,K,N*00
$GPGGA,181028.000,4535.3091,N,12235.6700,W,6,00,50.0,48.1,M,-19.3,M,,0000*6F
$GPGSA,A,2,,,,,,,,,,,,,50.0,50.0,50.0*06
$GPGSV,3,1,12,17,74,097,,22,71,043,,19,61,189,,14,51,071,*7A
$GPGSV,3,2,12,13,37,222,,30,29,138,,24,29,307,,15,28,262,*7C
$GPGSV,3,3,12,02,19,044,,21,09,032,,06,07,161,,07,00,134,*7D
$GPRMC,181028.000,A,4535.3091,N,12235.6700,W,4.69,191.78,210324,,,E*7B
$GPVTG,191.78,T,,M,4.69,N,8.7,K,N*00
$GPGGA,181033.000,4535.3027,N,12235.6719,W,6,00,50.0,47.7,M,-19.3,M,,0000*69
$GPGSA,A,2,,,,,,,,,,,,,50.0,50.0,50.0*06
$GPGSV,3,1,12,17,74,097,,22,71,043,,19,61,189,,14,51,071,*7A
$GPGSV,3,2,12,13,37,222,,30,29,138,,24,29,307,,15,28,262,*7C
$GPGSV,3,3,12,02,19,044,,21,09,032,,06,07,161,,07,00,134,*7D
$GPRMC,181033.000,A,4535.3027,N,12235.6719,W,4.69,191.78,210324,,,E*74
$GPVTG,191.78,T,,M,4.69,N,8.7,K,N*00
$GPGGA,181143.000,4535.2925,N,12235.6723,W,1,03,1.5,45.9,M,-19.3,M,,0000*55
$GPGSA,A,2,24,02,30,,,,,,,,,,1.8,1.5,1.0*38
$GPGSV,3,1,12,17,74,097,,22,71,043,,19,61,189,,14,51,071,*7A
$GPGSV,3,2,12,13,37,222,,30,29,138,17,24,29,307,14,15,28,262,*7F
$GPGSV,3,3,12,02,19,044,17,21,09,032,,06,07,161,,07,00,134,*7B
$GPVTG,329.45,T,,M,1.41,N,2.6,K,N*0B
$GPGGA,181148.000,4535.2947,N,12235.6717,W,1,03,50.0,41.3,M,-19.3,M,,0000*62
$GPGSA,A,2,02,30,14,,,,,,,,,,50.0,50.0,1.0*36
$GPGSV,3,1,12,17,74,097,,22,71,043,,19,61,189,,14,51,071,15*7E
$GPGSV,3,2,12,13,37,222,12,30,29,138,16,24,29,307,14,15,28,262,*7D
$GPGSV,3,3,12,02,19,044,16,21,09,032,,06,07,161,,07,00,134,*7A
$GPRMC,181148.000,A,4535.2947,N,12235.6717,W,0.28,262.33,210324,,,A*7C
$GPVTG,262.33,T,,M,0.28,N,0.5,K,A*04
$GPGGA,181153.000,4535.2946,N,12235.6722,W,6,00,50.0,41.0,M,-19.3,M,,0000*68
$GPGSA,A,2,,,,,,,,,,,,,50.0,50.0,50.0*06
$GPGSV,3,1,12,17,74,097,,22,71,043,,19,61,189,,14,51,071,*7A
$GPGSV,3,2,12,13,37,222,15,30,29,138,,24,29,307,11,15,28,262,17*7E
$GPGSV,3,3,12,02,19,044,16,21,09,032,,06,07,161,,07,00,134,*7A
$GPRMC,181153.000,A,4535.2946,N,12235.6722,W,0.28,262.33,210324,,,E*75
$GPVTG,262.33,T,,M,0.28,N,0.5,K,N*0B
$GPGGA,181158.000,4535.2946,N,12235.6728,W,6,00,50.0,40.8,M,-19.3,M,,0000*60
$GPGSA,A,2,,,,,,,,,,,,,50.0,50.0,50.0*06
$GPGSV,3,1,12,17,74,097,,22,71,043,,19,61,189,,14,51,071,*7A
$GPGSV,3,2,12,13,37,222,15,30,29,138,,24,29,307,,15,28,262,15*7C
$GPGSV,3,3,12,02,19,044,15,21,09,032,,06,07,161,,07,00,134,*79
$GPRMC,181158.000,A,4535.2946,N,12235.6728,W,0.28,262.33,210324,,,E*74
$GPVTG,262.33,T,,M,0.28,N,0.5,K,N*0B
$GPGGA,181203.000,4535.2893,N,12235.6291,W,1,03,7.0,48.2,M,-19.3,M,,0000*57
$GPGSA,A,2,17,22,13,,,,,,,,,,7.1,7.0,1.0*37
$GPGSV,3,1,12,17,74,097,17,22,71,043,16,19,61,189,,14,51,071,*7B
$GPGSV,3,2,12,13,37,222,14,30,29,138,15,24,29,307,,15,28,262,*7D
$GPGSV,3,3,12,02,19,044,,21,09,032,,06,07,161,,07,00,134,*7D
$GPRMC,181203.000,A,4535.2893,N,12235.6291,W,7.00,110.47,210324,,,A*7B
$GPVTG,110.47,T,,M,7.00,N,13.0,K,A*3B
$GPGGA,181208.000,4535.2833,N,12235.6188,W,6,00,50.0,48.2,M,-19.3,M,,0000*6B
$GPGSA,A,2,,,,,,,,,,,,,50.0,50.0,50.0*06
$GPGSV,3,1,12,17,74,097,16,22,71,043,,19,61,189,,14,51,071,*7D
$GPGSV,3,2,12,13,37,222,14,30,29,138,,24,29,307,,15,28,262,*79
$GPGSV,3,3,12,02,19,044,,21,09,032,,06,07,161,,07,00,134,*7D
$GPVTG,120.56,T,,M,6.52,N,12.1,K,N*31
$GPGGA,181213.000,4535.2787,N,12235.6077,W,6,00,50.0,48.7,M,-19.3,M,,0000*65
$GPGSA,A,2,,,,,,,,,,,,,50.0,50.0,50.0*06
$GPGSV,3,1,12,17,74,097,,22,71,043,,19,61,189,,14,51,071,*7A
$GPGSV,3,2,12,13,37,222,,30,29,138,,24,29,307,,15,28,262,*7C
$GPGSV,3,3,12,02,19,044,,21,09,032,,06,07,161,,07,00,134,*7D
$GPRMC,181213.000,A,4535.2787,N,12235.6077,W,6.52,120.56,210324,,,E*7B
$GPVTG,120.56,T,,M,6.52,N,12.1,K,N*31
$GPGGA,181218.000,4535.2741,N,12235.5966,W,6,00,50.0,49.1,M,-19.3,M,,0000*69
$GPGSA,A,2,,,,,,,,,,,,,50.0,50.0,50.0*06
$GPGSV,3,1,11,17,74,091,,22,70,046,,19,62,188,,14,50,072,*7B
$GPGSV,3,2,11,13,36,221,,24,30,307,,30,28,139,,15,28,261,*76
$GPGSV,3,3,11,02,18,043,,21,08,031,,06,08,160,*45
$GPRMC,181218.000,A,4535.2741,N,12235.5966,W,6.52,120.56,210324,,,E*70
$GPVTG,120.56,T,,M,6.52,N,12.1,K,N*31
$GPGGA,181303.000,4535.3568,N,12235.6091,W,1,03,4.3,55.2,M,-19.3,M,,0000*50
$GPGSA,A,2,13,15,19,,,,,,,,,,4.5,4.3,1.0*3A
$GPGSV,3,1,11,17,74,091,,22,70,046,,19,62,188,16,14,50,072,*7C
$GPGSV,3,2,11,13,36,221,16,24,30,307,,30,28,139,,15,28,261,17*77
$GPGSV,3,3,11,02,18,043,,21,08,031,,06,08,160,*45
$GPRMC,181303.000,A,4535.3568,N,12235.6091,W,2.04,20.45,210324,,,A*41
$GPVTG,20.45,T,,M,2.04,N,3.8,K,N*3C
$GPGGA,181308.000,4535.3589,N,12235.6045,W,6,00,50.0,54.9,M,-19.3,M,,0000*61
$GPGSA,A,2,,,,,,,,,,,,,50.0,50.0,50.0*06
$GPGSV,3,1,11,17,74,091,,22,70,046,,19,62,188,16,14,50,072,*7C
$GPGSV,3,2,11,13,36,221,16,24,30,307,,30,28,139,,15,28,261,17*77
$GPGSV,3,3,11,02,18,043,,21,08,031,,06,08,160,*45
$GPRMC,181308.000,A,4535.3589,N,12235.6045,W,1.34,3.92,210324,,,E*73
$GPVTG,3.92,T,,M,1.34,N,2.5,K,N*0B
$GPGGA,181313.000,4535.3541,N,12235.6066,W,6,00,50.0,54.7,M,-19.3,M,,0000*60
$GPGSA,A,2,,,,,,,,,,,,,50.0,50.0,50.0*06
$GPGSV,3,1,11,17,74,091,,22,70,046,,19,62,188,16,14,50,072,*7C
$GPGSV,3,2,11,13,36,221,16,24,30,307,,30,28,139,,15,28,261,16*76
$GPGSV,3,3,11,02,18,043,,21,08,031,,06,08,160,*45
$GPRMC,181313.000,A,4535.3541,N,12235.6066,W,0.83,260.13,210324,,,E*7F
$GPGGA,181318.000,4535.3539,N,12235.6083,W,6,00,50.0,54.6,M,-19.3,M,,0000*6E
$GPGSA,A,2,,,,,,,,,,,,,50.0,50.0,50.0*06
$GPGSV,3,1,11,17,74,091,,22,70,046,,19,62,188,17,14,50,072,*7D
$GPGSV,3,2,11,13,36,221,15,24,30,307,,30,28,139,15,15,28,261,*76
$GPGSV,3,3,11,02,18,043,,21,08,031,,06,08,160,*45
$GPRMC,181318.000,A,4535.3539,N,12235.6083,W,0.83,260.13,210324,,,E*70
$GPVTG,260.13,T,,M,0.83,N,1.5,K,N*0B
$GPGGA,181323.000,4535.3537,N,12235.6099,W,6,00,50.0,54.5,M,-19.3,M,,0000*60
$GPGSA,A,2,,,,,,,,,,,,,50.0,50.0,50.0*06
$GPGSV,3,1,11,17,74,091,,22,70,046,,19,62,188,18,14,50,072,*72
$GPGSV,3,2,11,13,36,221,14,24,30,307,,30,28,139,,15,28,261,*73
$GPGSV,3,3,11,02,18,043,,21,08,031,,06,08,160,*45
$GPRMC,181323.000,A,4535.3537,N,12235.6099,W,0.83,260.13,210324,,,E*7D
$GPVTG,260.13,T,,M,0.83,N,1.5,K,N*0B
$GPGGA,181338.000,4535.3025,N,12235.6790,W,1,04,2.0,81.7,M,-19.3,M,,0000*5C
$GPGSA,A,3,13,24,17,14,,,,,,,,,5.4,2.0,5.0*33
$GPGSV,3,1,11,17,74,091,17,22,70,046,,19,62,188,,14,50,072,13*7F
$GPGSV,3,2,11,13,36,221,14,24,30,307,16,30,28,139,17,15,28,261,*72
$GPGSV,3,3,11,02,18,043,,21,08,031,,06,08,160,*45
$GPRMC,181338.000,A,4535.3025,N,12235.6790,W,3.12,200.66,210324,,,A*74
$GPVTG,200.66,T,,M,3.12,N,5.8,K,A*02
$GPGGA,181343.000,4535.3039,N,12235.6777,W,6,00,50.0,90.3,M,-19.3,M,,0000*64
$GPGSA,A,2,,,,,,,,,,,,,50.0,50.0,50.0*06
$GPGSV,3,1,11,17,74,091,18,22,70,046,20,19,62,188,,14,50,072,*70
$GPGSV,3,2,11,13,36,221,,24,30,307,17,30,28,139,15,15,28,261,17*72
$GPGSV,3,3,11,02,18,043,,21,08,031,,06,08,160,*45
$GPVTG,1.14,T,,M,2.29,N,4.2,K,N*09
$GPGGA,181348.000,4535.3087,N,12235.6781,W,1,03,4.9,96.7,M,-19.3,M,,0000*5D
$GPGSA,A,2,24,30,17,,,,,,,,,,5.0,4.9,1.0*39
$GPGSV,3,1,11,17,74,091,17,22,70,046,19,19,62,188,,14,50,072,*75
$GPGSV,3,2,11,13,36,221,,24,30,307,18,30,28,139,16,15,28,261,18*71
$GPGSV,3,3,11,02,18,043,,21,08,031,,06,08,160,*45
$GPRMC,181348.000,A,4535.3087,N,12235.6781,W,0.57,65.60,210324,,,A*4E
$GPVTG,65.60,T,,M,0.57,N,1.1,K,A*3A
$GPGGA,181353.000,4535.3122,N,12235.6769,W,1,04,2.4,101.5,M,-19.3,M,,0000*6E
$GPGSA,A,3,24,30,17,15,,,,,,,,,4.1,2.4,3.3*36
$GPGSV,3,1,11,17,74,091,16,22,70,046,,19,62,188,,14,50,072,*7C
$GPGSV,3,2,11,13,36,221,,24,30,307,17,30,28,139,18,15,28,261,17*7F
$GPGSV,3,3,11,02,18,043,,21,08,031,,06,08,160,*45
$GPRMC,181353.000,A,4535.3122,N,12235.6769,W,1.72,49.54,210324,,,A*43
$GPVTG,49.54,T,,M,1.72,N,3.2,K,A*34
$GPGGA,181358.000,4535.3138,N,12235.6743,W,6,00,50.0,103.4,M,-19.3,M,,0000*55
$GPGSA,A,2,,,,,,,,,,,,,50.0,50.0,50.0*06
$GPGSV,3,1,11,17,74,091,,22,70,046,,19,62,188,,14,50,072,*7B
$GPGSV,3,2,11,13,36,221,21,24,30,307,17,30,28,139,17,15,28,261,*75
$GPGSV,3,3,11,02,18,043,,21,08,031,,06,08,160,*45
$GPRMC,181358.000,A,4535.3138,N,12235.6743,W,1.72,49.54,210324,,,E*4F
$GPVTG,49.54,T,,M,1.72,N,3.2,K,N*3B
$GPGGA,181403.000,4535.3153,N,12235.6717,W,6,00,50.0,105.4,M,-19.3,M,,0000*56
$GPGSA,A,2,,,,,,,,,,,,,50.0,50.0,50.0*06
$GPGSV,3,1,11,17,74,091,,22,70,046,,19,62,188,,14,50,072,*7B
$GPGSV,3,2,11,13,36,221,07,24,30,307,16,30,28,139,16,15,28,261,*71
$GPGSV,3,3,11,02,18,043,,21,08,031,,06,08,160,*45
$GPRMC,181403.000,A,4535.3153,N,12235.6717,W,1.72,49.54,210324,,,E*4A
$GPVTG,49.54,T,,M,1.72,N,3.2,K,N*3B
$GPGGA,181413.000,4535.3239,N,12235.6545,W,1,03,4.0,102.5,M,-19.3,M,,0000*6E
$GPGSA,A,2,15,30,13,,,,,,,,,,4.1,4.0,1.0*36
$GPGSV,3,1,11,17,74,091,,22,70,046,,19,62,188,15,14,50,072,*7F
$GPGSV,3,2,11,13,36,221,20,24,30,307,15,30,28,139,16,15,28,261,16*70
$GPGSV,3,3,11,02,18,043,,21,08,031,,06,08,160,*45
$GPRMC,181413.000,A,4535.3239,N,12235.6545,W,3.36,157.32,210324,,,A*79
$GPGGA,181418.000,4535.3131,N,12235.6527,W,6,00,50.0,104.0,M,-19.3,M,,0000*5C
$GPGSA,A,2,,,,,,,,,,,,,50.0,50.0,50.0*06
$GPGSV,3,1,11,17,74,091,,22,70,046,,19,62,188,14,14,50,072,14*7B
$GPGSV,3,2,11,13,36,221,20,24,30,307,,30,28,139,,15,28,261,*74
$GPGSV,3,3,11,02,18,043,,21,08,031,,06,08,160,*45
$GPRMC,181418.000,A,4535.3131,N,12235.6527,W,3.69,122.50,210324,,,E*75
$GPVTG,122.50,T,,M,3.69,N,6.8,K,N*04
$GPGGA,181423.000,4535.3104,N,12235.6465,W,6,00,50.0,104.7,M,-19.3,M,,0000*52
$GPGSA,A,2,,,,,,,,,,,,,50.0,50.0,50.0*06
$GPGSV,3,1,11,17,74,091,,22,70,046,,19,62,188,,14,50,072,*7B
$GPGSV,3,2,11,13,36,221,,24,30,307,,30,28,139,,15,28,261,*76
$GPGSV,3,3,11,02,18,043,,21,08,031,,06,08,160,*45
$GPRMC,181423.000,A,4535.3104,N,12235.6465,W,3.69,122.50,210324,,,E*7C
$GPVTG,122.50,T,,M,3.69,N,6.8,K,N*04
$GPGGA,181428.000,4535.3076,N,12235.6404,W,6,00,50.0,105.5,M,-19.3,M,,0000*59
$GPGSA,A,2,,,,,,,,,,,,,50.0,50.0,50.0*06
$GPGSV,3,1,11,17,74,091,,22,70,046,,19,62,188,,14,50,072,*7B
$GPGSV,3,2,11,13,36,221,,24,30,307,,30,28,139,,15,28,261,*76
$GPGSV,3,3,11,02,18,043,,21,08,031,,06,08,160,*45
$GPRMC,181428.000,A,4535.3076,N,12235.6404,W,3.69,122.50,210324,,,E*74
$GPVTG,122.50,T,,M,3.69,N,6.8,K,N*04
        